     0	     0	         0	         0	         0	         0	         0	         0	         0	         0	         0	         0	         0	         0	         0	         0	         0	         0	0.00162413	0.00324136	0.00497329	0.00685992	 0.0163816	 0.0314666	 0.0534136	 0.0816536	  0.113524	  0.156132	  0.210236	  0.289756	  0.341387	   0.37707	  0.409441	  0.447817	  0.494321	  0.529895	  0.556401	  0.586493	  0.617736	  0.645401	   0.67303	  0.696795	  0.718139	  0.736025	  0.751043	  0.763731	  0.770006	  0.774555	  0.777994	  0.780693	  0.782892	  0.784742	  0.786348	  0.787783	  0.789086	  0.790272	  0.791342	  0.792293	  0.793126	  0.793837	  0.794427	  0.794897	  0.795246	  0.795479	  0.795606	  0.795633	  0.795568	  0.795417	  0.795188	  0.794891	  0.794534	  0.794126	  0.793676
     1	     0	         0	         0	         0	         0	         0	         0	         0	         0	         0	         0	         0	         0	         0	         0	         0	         0	0.00161843	0.00324391	 0.0049987	0.00692384	 0.0166088	 0.0320256	 0.0545509	 0.0836477	  0.116609	   0.16073	  0.216842	  0.299463	  0.353355	   0.39111	  0.425181	  0.465357	  0.513967	  0.551558	  0.579898	  0.612191	  0.642374	   0.66717	  0.691275	  0.711579	  0.729685	  0.744758	  0.757414	  0.768161	  0.773741	  0.777921	  0.781184	  0.783823	  0.786034	   0.78794	  0.789628	  0.791158	  0.792563	  0.793854	   0.79503	   0.79609	  0.797034	  0.797859	  0.798565	  0.799154	  0.799625	  0.799985	  0.800241	    0.8004	   0.80047	  0.800455	  0.800364	  0.800206	  0.799988	  0.799719	  0.799407
     2	     0	         0	         0	         0	         0	         0	         0	         0	         0	         0	         0	         0	         0	         0	         0	         0	         0	0.00154866	0.00311859	0.00482336	0.00670077	  0.016091	 0.0310553	 0.0529274	 0.0811874	  0.113206	  0.156076	  0.210593	  0.290868	  0.343326	  0.379801	  0.413071	  0.452425	  0.500105	  0.536866	  0.564567	  0.596055	  0.627486	  0.654457	  0.680966	  0.703464	  0.723511	  0.740215	  0.754212	  0.766053	  0.771922	   0.77623	  0.779539	   0.78218	  0.784368	  0.786238	   0.78788	   0.78936	  0.790711	  0.791944	  0.793059	  0.794053	  0.794926	  0.795676	  0.796304	  0.796809	  0.797195	  0.797466	  0.797632	    0.7977	  0.797679	  0.797574	  0.797396	  0.797152	  0.796852	  0.796505	   0.79612
     3	     0	         0	         0	         0	         0	         0	         0	         0	         0	         0	         0	         0	         0	         0	         0	         0	         0	0.00163163	0.00325215	0.00498778	0.00688119	 0.0164743	 0.0317124	 0.0539539	 0.0826636	  0.115177	  0.158758	  0.214268	  0.296099	  0.349569	  0.387044	  0.420953	  0.460981	  0.509386	  0.546808	   0.57505	  0.607173	  0.637932	  0.663591	  0.688603	  0.709668	  0.728397	  0.743967	  0.757003	  0.768033	  0.773604	  0.777727	  0.780912	  0.783469	  0.785599	   0.78743	   0.78905	  0.790523	  0.791881	  0.793136	  0.794284	  0.795324	  0.796252	  0.797064	   0.79776	  0.798339	  0.798799	  0.799146	  0.799388	  0.799531	  0.799582	  0.799546	  0.799433	  0.799249	  0.799004	  0.798705	  0.798362
     4	     0	         0	         0	         0	         0	         0	         0	         0	         0	         0	         0	         0	         0	         0	         0	         0	         0	0.00157525	0.00315074	0.00484734	0.00670611	 0.0160821	 0.0310072	 0.0528184	 0.0809998	  0.112934	   0.15575	  0.210274	  0.290624	  0.343125	  0.379621	  0.412776	   0.45194	  0.499279	  0.535595	  0.562742	  0.593513	  0.624561	  0.651537	  0.678324	   0.70121	  0.721718	  0.738899	  0.753344	  0.765576	  0.771706	  0.776197	  0.779627	  0.782346	  0.784582	  0.786481	  0.788143	  0.789637	  0.791003	  0.792254	  0.793392	  0.794418	   0.79533	  0.796125	  0.796804	  0.797366	  0.797811	  0.798144	  0.798372	  0.798501	  0.798538	  0.798486	  0.798356	  0.798153	  0.797885	  0.797561	  0.797189
     5	     0	         0	         0	         0	         0	         0	         0	         0	         0	         0	         0	         0	         0	         0	         0	         0	         0	0.00161947	0.00326226	0.00504745	0.00701469	 0.0168626	 0.0325667	 0.0555419	 0.0852501	  0.118932	  0.163974	  0.221188	  0.305462	  0.360372	  0.399066	  0.433878	  0.474871	  0.524575	  0.563427	  0.593085	  0.627086	  0.657003	  0.680286	  0.702415	  0.720659	  0.736731	  0.749933	  0.760919	  0.770204	  0.775117	  0.778839	   0.78178	  0.784188	  0.786225	  0.787997	  0.789574	  0.791008	  0.792325	  0.793532	  0.794626	  0.795605	  0.796466	  0.797206	  0.797827	  0.798328	   0.79871	   0.79898	  0.799146	  0.799216	  0.799198	  0.799097	  0.798925	  0.798688	  0.798395	  0.798056	  0.797679
     6	     0	         0	         0	         0	         0	         0	         0	         0	         0	         0	         0	         0	         0	         0	         0	         0	         0	0.00159409	0.00318293	0.00489146	0.00676238	 0.0162184	 0.0312769	  0.053288	 0.0817325	  0.113966	  0.157173	  0.212166	  0.293141	   0.34604	   0.38292	  0.416352	  0.455816	  0.503523	   0.54024	  0.567771	  0.599061	   0.62989	  0.656229	  0.682149	  0.704231	  0.723995	    0.7405	  0.754369	  0.766133	  0.772114	   0.77655	  0.779983	  0.782742	  0.785042	  0.787019	  0.788767	  0.790351	  0.791809	  0.793152	  0.794383	  0.795504	  0.796513	  0.797408	  0.798191	  0.798862	   0.79942	  0.799871	  0.800221	  0.800477	  0.800644	  0.800728	  0.800735	  0.800672	  0.800546	  0.800366	  0.800137
     7	     0	         0	         0	         0	         0	         0	         0	         0	         0	         0	         0	         0	         0	         0	         0	         0	         0	0.00159409	0.00318293	0.00489146	0.00676238	 0.0162184	 0.0312769	  0.053288	 0.0817325	  0.113966	  0.157173	  0.212166	  0.293141	   0.34604	   0.38292	  0.416352	  0.455816	  0.503523	   0.54024	  0.567771	  0.599061	   0.62989	  0.656229	  0.682149	  0.704231	  0.723995	    0.7405	  0.754369	  0.766133	  0.772114	   0.77655	  0.779983	  0.782742	  0.785042	  0.787019	  0.788767	  0.790351	  0.791809	  0.793152	  0.794383	  0.795504	  0.796513	  0.797408	  0.798191	  0.798862	   0.79942	  0.799871	  0.800221	  0.800477	  0.800644	  0.800728	  0.800735	  0.800672	  0.800546	  0.800366	  0.800137
     8	     0	         0	         0	         0	         0	         0	         0	         0	         0	         0	         0	         0	         0	         0	         0	         0	         0	0.00157023	0.00315081	0.00485897	0.00673408	 0.0161603	 0.0311686	 0.0531059	 0.0814536	  0.113582	  0.156633	  0.211425	  0.292194	  0.344931	  0.381647	  0.415011	  0.454415	  0.502086	  0.538762	  0.566281	  0.597503	  0.628566	   0.65524	  0.681601	  0.703973	  0.723944	  0.740641	  0.754661	   0.76653	  0.772459	   0.77681	  0.780142	  0.782792	  0.784979	  0.786842	  0.788475	  0.789946	  0.791292	  0.792523	   0.79364	  0.794641	  0.795524	  0.796286	  0.796928	  0.797449	  0.797851	  0.798137	  0.798316	  0.798395	  0.798382	  0.798282	  0.798103	  0.797855	  0.797544	  0.797181	  0.796774
     9	     0	         0	         0	         0	         0	         0	         0	         0	         0	         0	         0	         0	         0	         0	         0	         0	         0	0.00155197	0.00312337	0.00483361	0.00672408	 0.0161908	 0.0313365	 0.0535433	 0.0823064	  0.114949	  0.158639	  0.214119	  0.295742	  0.348921	  0.385925	  0.419383	  0.458766	  0.506371	  0.542961	  0.570284	  0.601341	  0.631661	  0.657472	  0.682995	  0.704727	  0.724226	  0.740577	  0.754374	  0.766123	  0.772204	   0.77675	  0.780289	  0.783148	   0.78554	  0.787602	  0.789426	  0.791076	   0.79259	  0.793983	  0.795259	   0.79642	  0.797467	  0.798402	  0.799226	   0.79994	  0.800545	  0.801046	   0.80145	  0.801764	  0.801991	  0.802136	  0.802206	  0.802207	  0.802144	  0.802025	  0.801855
    10	     0	         0	         0	         0	         0	         0	         0	         0	         0	         0	         0	         0	         0	         0	         0	         0	         0	0.00159148	0.00320145	0.00495132	0.00688262	 0.0165532	 0.0319999	  0.054616	 0.0838731	   0.11704	  0.161394	   0.21772	  0.300548	  0.354496	  0.392162	  0.426052	  0.465924	  0.514113	  0.551188	  0.578912	  0.610463	  0.640108	  0.664691	   0.68884	  0.709332	  0.727743	  0.743191	  0.756247	   0.76739	  0.773301	   0.77776	  0.781252	  0.784084	  0.786458	  0.788505	  0.790316	  0.791954	  0.793456	  0.794836	  0.796096	   0.79724	  0.798267	  0.799178	  0.799974	  0.800657	  0.801229	  0.801694	   0.80206	  0.802334	  0.802521	  0.802626	  0.802657	  0.802621	  0.802524	  0.802374	  0.802178
    11	     0	         0	         0	         0	         0	         0	         0	         0	         0	         0	         0	         0	         0	         0	         0	         0	         0	0.00156349	 0.0031405	0.00484923	0.00672983	 0.0161612	 0.0312016	 0.0531992	 0.0816334	  0.113853	  0.156974	   0.21176	   0.29237	  0.344918	  0.381441	  0.414594	  0.453719	  0.501045	  0.537407	  0.564624	  0.595524	  0.626511	  0.653295	  0.679834	  0.702462	   0.72272	  0.739684	  0.753957	  0.766066	  0.772177	  0.776693	  0.780176	  0.782968	  0.785289	  0.787281	  0.789039	  0.790629	  0.792088	   0.79343	  0.794656	  0.795766	   0.79676	  0.797636	  0.798395	  0.799038	  0.799566	  0.799983	  0.800297	  0.800515	  0.800643	  0.800686	  0.800652	  0.800548	  0.800381	  0.800159	  0.799889
    12	     0	         0	         0	         0	         0	         0	         0	         0	         0	         0	         0	         0	         0	         0	         0	         0	         0	0.00165392	0.00331662	0.00511343	0.00708642	  0.017013	 0.0328239	 0.0559396	 0.0858099	   0.11965	  0.164897	   0.22237	  0.306927	  0.361904	  0.400543	  0.435041	  0.475594	  0.524644	  0.562639	  0.591218	  0.623856	  0.652841	   0.67585	  0.698136	  0.716797	   0.73347	  0.747358	  0.759041	  0.768986	  0.774416	  0.778547	  0.781807	  0.784464	  0.786701	  0.788637	  0.790355	  0.791914	  0.793346	  0.794663	  0.795864	  0.796951	  0.797922	  0.798776	  0.799514	  0.800137	  0.800644	  0.801042	  0.801338	  0.801538	   0.80165	  0.801677	  0.801629	  0.801512	  0.801334	  0.801102	  0.800825
    13	     0	         0	         0	         0	         0	         0	         0	         0	         0	         0	         0	         0	         0	         0	         0	         0	         0	0.00151958	 0.0030798	 0.0047932	0.00669857	 0.0161695	 0.0313536	 0.0536482	  0.082565	   0.11543	  0.159426	  0.215334	  0.297668	  0.351511	  0.389146	  0.423311	  0.463534	  0.512221	  0.549939	  0.578457	  0.610975	  0.641505	  0.666589	  0.690938	   0.71136	   0.72951	  0.744597	  0.757256	  0.768012	  0.773552	  0.777712	  0.780974	  0.783628	  0.785864	  0.787801	  0.789522	  0.791083	  0.792516	  0.793829	  0.795025	  0.796102	   0.79706	  0.797899	  0.798619	  0.799222	  0.799709	  0.800085	   0.80036	  0.800539	  0.800629	  0.800636	  0.800568	  0.800432	  0.800235	  0.799986	  0.799691
    14	     0	         0	         0	         0	         0	         0	         0	         0	         0	         0	         0	         0	         0	         0	         0	         0	         0	0.00159409	0.00318293	0.00489146	0.00676238	 0.0162184	 0.0312769	  0.053288	 0.0817325	  0.113966	  0.157173	  0.212166	  0.293141	   0.34604	   0.38292	  0.416352	  0.455816	  0.503523	   0.54024	  0.567771	  0.599061	   0.62989	  0.656229	  0.682149	  0.704231	  0.723995	    0.7405	  0.754369	  0.766133	  0.772114	   0.77655	  0.779983	  0.782742	  0.785042	  0.787019	  0.788767	  0.790351	  0.791809	  0.793152	  0.794383	  0.795504	  0.796513	  0.797408	  0.798191	  0.798862	   0.79942	  0.799871	  0.800221	  0.800477	  0.800644	  0.800728	  0.800735	  0.800672	  0.800546	  0.800366	  0.800137
    15	     0	         0	         0	         0	         0	         0	         0	         0	         0	         0	         0	         0	         0	         0	         0	         0	         0	0.00157793	0.00316641	0.00488811	0.00678556	 0.0163179	 0.0315476	 0.0538603	  0.082748	  0.115532	  0.159448	  0.215303	  0.297549	  0.351266	  0.388837	  0.422787	  0.462739	  0.511002	  0.548223	  0.576172	  0.607957	  0.638171	  0.663339	  0.687984	  0.708833	  0.727483	  0.743078	  0.756223	  0.767421	  0.773263	  0.777658	  0.781102	    0.7839	  0.786251	  0.788286	  0.790091	  0.791729	  0.793235	  0.794621	   0.79589	  0.797044	  0.798082	  0.799006	  0.799816	  0.800514	    0.8011	   0.80158	  0.801961	  0.802251	  0.802454	  0.802575	  0.802622	  0.802602	   0.80252	  0.802385	  0.802204
    16	     0	         0	         0	         0	         0	         0	         0	         0	         0	         0	         0	         0	         0	         0	         0	         0	         0	0.00163469	0.00326236	0.00500923	0.00691771	 0.0165495	 0.0318469	 0.0541472	 0.0828838	  0.115347	  0.158723	  0.213754	  0.294561	  0.346957	  0.383299	  0.416049	  0.454721	  0.501479	   0.53719	  0.563667	  0.593702	   0.62403	  0.650525	  0.677021	  0.699839	   0.72044	  0.737813	  0.752509	  0.765022	  0.771473	  0.776259	  0.779953	  0.782909	   0.78536	  0.787454	  0.789296	  0.790955	  0.792473	  0.793866	  0.795137	   0.79629	  0.797325	  0.798242	  0.799044	   0.79973	  0.800303	  0.800767	  0.801131	  0.801401	  0.801583	  0.801682	  0.801705	  0.801659	  0.801552	  0.801391	  0.801183
    17	     0	         0	         0	         0	         0	         0	         0	         0	         0	         0	         0	         0	         0	         0	         0	         0	         0	0.00156363	0.00312723	0.00481335	0.00666432	 0.0159865	 0.0308465	 0.0525745	 0.0806524	  0.112458	  0.155045	  0.209161	  0.288728	  0.340575	  0.376467	   0.40906	  0.447515	  0.493941	  0.529337	  0.555564	  0.585213	  0.616204	  0.643831	  0.671621	    0.6956	  0.717228	  0.735484	  0.750925	  0.764065	  0.770748	  0.775686	  0.779491	  0.782534	  0.785059	  0.787221	  0.789125	  0.790842	  0.792416	  0.793863	  0.795187	  0.796393	  0.797482	  0.798453	  0.799311	  0.800055	  0.800688	  0.801214	  0.801641	  0.801975	  0.802221	  0.802384	  0.802471	  0.802488	   0.80244	  0.802336	  0.802181
    18	     0	         0	         0	         0	         0	         0	         0	         0	         0	         0	         0	         0	         0	         0	         0	         0	         0	0.00153178	0.00308908	0.00478882	0.00667167	 0.0160719	 0.0311221	 0.0531956	 0.0817943	  0.114261	  0.157714	  0.212903	  0.294074	  0.347058	   0.38394	  0.417412	  0.456825	  0.504457	  0.541083	  0.568508	  0.599657	  0.630316	  0.656486	  0.682328	  0.704321	  0.724031	  0.740558	  0.754505	   0.76639	  0.772506	  0.777083	  0.780658	  0.783554	  0.785985	  0.788087	  0.789949	  0.791636	  0.793184	  0.794606	  0.795907	  0.797089	  0.798154	  0.799102	  0.799935	  0.800656	  0.801265	  0.801769	  0.802174	  0.802487	  0.802714	   0.80286	  0.802931	  0.802933	  0.802872	  0.802757	  0.802593
    19	     0	         0	         0	         0	         0	         0	         0	         0	         0	         0	         0	         0	         0	         0	         0	         0	         0	0.00158035	0.00316376	 0.0048699	0.00673888	 0.0161362	 0.0310762	 0.0528684	 0.0809664	   0.11273	  0.155206	  0.209141	  0.288405	   0.33999	    0.3757	  0.408184	  0.446619	  0.493132	  0.528732	  0.555302	  0.585411	  0.616882	  0.644825	   0.67276	   0.69678	  0.718351	  0.736467	  0.751719	  0.764645	  0.771093	   0.77582	  0.779436	  0.782312	  0.784685	  0.786706	   0.78848	  0.790077	  0.791538	  0.792877	  0.794095	  0.795195	  0.796176	  0.797037	   0.79778	  0.798405	  0.798914	  0.799313	   0.79961	  0.799812	  0.799926	  0.799959	  0.799918	  0.799811	  0.799647	  0.799433	  0.799177
    20	     0	         0	         0	         0	         0	         0	         0	         0	         0	         0	         0	         0	         0	         0	         0	         0	         0	0.00161321	0.00322081	0.00494859	0.00683932	 0.0163759	 0.0315448	  0.053683	 0.0822436	  0.114547	  0.157744	  0.212576	  0.293127	  0.345522	  0.381987	   0.41501	  0.453998	  0.501148	  0.537369	  0.564469	  0.595263	  0.626178	  0.652914	  0.679357	  0.701965	  0.722236	  0.739215	  0.753517	  0.765679	  0.771872	  0.776484	  0.780072	  0.782971	    0.7854	  0.787498	  0.789359	  0.791048	  0.792603	  0.794035	  0.795348	  0.796545	  0.797625	  0.798588	  0.799437	  0.800172	  0.800795	  0.801311	  0.801728	  0.802053	  0.802291	  0.802448	   0.80253	  0.802544	  0.802497	  0.802396	  0.802248
    21	     0	         0	         0	         0	         0	         0	         0	         0	         0	         0	         0	         0	         0	         0	         0	         0	         0	0.00159409	0.00318293	0.00489146	0.00676238	 0.0162184	 0.0312769	  0.053288	 0.0817325	  0.113966	  0.157173	  0.212166	  0.293141	   0.34604	   0.38292	  0.416352	  0.455816	  0.503523	   0.54024	  0.567771	  0.599061	   0.62989	  0.656229	  0.682149	  0.704231	  0.723995	    0.7405	  0.754369	  0.766133	  0.772114	   0.77655	  0.779983	  0.782742	  0.785042	  0.787019	  0.788767	  0.790351	  0.791809	  0.793152	  0.794383	  0.795504	  0.796513	  0.797408	  0.798191	  0.798862	   0.79942	  0.799871	  0.800221	  0.800477	  0.800644	  0.800728	  0.800735	  0.800672	  0.800546	  0.800366	  0.800137
    22	     0	         0	         0	         0	         0	         0	         0	         0	         0	         0	         0	         0	         0	         0	         0	         0	         0	0.00156786	0.00315718	0.00488842	0.00680326	 0.0163852	 0.0317161	 0.0541944	 0.0833075	  0.116342	  0.160535	  0.216646	  0.299173	  0.352904	  0.390334	  0.424028	  0.463635	  0.511477	  0.548196	  0.575534	  0.606601	  0.636258	  0.661193	  0.685867	  0.706876	  0.725789	  0.741705	  0.755182	  0.766694	  0.772793	  0.777387	  0.780984	  0.783897	  0.786339	  0.788446	   0.79031	  0.791996	  0.793543	  0.794964	  0.796266	  0.797451	  0.798521	  0.799477	   0.80032	  0.801054	  0.801678	  0.802199	  0.802622	  0.802954	    0.8032	  0.803365	  0.803454	  0.803475	  0.803432	  0.803332	  0.803183
    23	     0	         0	         0	         0	         0	         0	         0	         0	         0	         0	         0	         0	         0	         0	         0	         0	         0	0.00165655	0.00331581	0.00510338	0.00706135	 0.0169248	 0.0326123	 0.0555151	 0.0850772	  0.118536	  0.163279	   0.22012	  0.303751	  0.358134	  0.396269	  0.430447	  0.470718	  0.519481	  0.557258	  0.585737	  0.618276	  0.647874	  0.671721	  0.694797	  0.714144	  0.731381	  0.745688	  0.757677	  0.767844	  0.773198	  0.777214	  0.780347	  0.782877	  0.784989	  0.786804	  0.788404	   0.78985	  0.791172	  0.792382	  0.793479	  0.794462	  0.795328	  0.796076	  0.796706	  0.797219	  0.797614	  0.797897	  0.798076	  0.798157	  0.798149	  0.798056	  0.797888	  0.797652	  0.797357	   0.79701	  0.796622
    24	     0	         0	         0	         0	         0	         0	         0	         0	         0	         0	         0	         0	         0	         0	         0	         0	         0	0.00149916	0.00303242	0.00470959	0.00656803	 0.0158334	 0.0306601	 0.0524087	 0.0806084	  0.112673	  0.155705	  0.210554	  0.291512	  0.344731	  0.381907	  0.415932	   0.45611	  0.504765	   0.54251	  0.571189	  0.603848	  0.635425	  0.661813	   0.68739	  0.708823	  0.727758	  0.743404	  0.756439	  0.767429	  0.772826	  0.776793	   0.77985	  0.782305	  0.784351	  0.786111	  0.787665	  0.789071	  0.790358	  0.791534	  0.792596	  0.793541	  0.794367	  0.795071	  0.795652	  0.796109	  0.796444	  0.796662	  0.796771	  0.796778	   0.79669	  0.796514	  0.796259	  0.795932	  0.795544	  0.795102	  0.794615
    25	     0	         0	         0	         0	         0	         0	         0	         0	         0	         0	         0	         0	         0	         0	         0	         0	         0	0.00159471	0.00318974	0.00490757	0.00678963	 0.0162664	 0.0313454	 0.0533597	 0.0817744	  0.113934	  0.156974	  0.211668	  0.292088	  0.344544	  0.381078	  0.414269	  0.453483	  0.500918	  0.537428	  0.564846	  0.596012	  0.627187	  0.654034	  0.680471	  0.703019	  0.723182	  0.740015	  0.754155	  0.766148	  0.772194	  0.776678	  0.780156	   0.78296	  0.785308	  0.787333	   0.78913	  0.790762	  0.792264	  0.793649	  0.794919	  0.796073	   0.79711	  0.798031	  0.798835	  0.799524	  0.800099	  0.800564	  0.800927	  0.801195	  0.801374	  0.801468	  0.801487	  0.801437	  0.801324	  0.801157	  0.800943
    26	     0	         0	         0	         0	         0	         0	         0	         0	         0	         0	         0	         0	         0	         0	         0	         0	         0	 0.0015583	0.00312877	0.00482748	0.00669332	 0.0160524	 0.0309535	 0.0527176	 0.0808195	  0.112635	  0.155221	  0.209335	  0.288956	  0.340872	  0.376856	  0.409642	  0.448423	  0.495373	  0.531426	  0.558431	  0.589081	  0.620614	  0.648295	  0.675797	   0.69931	  0.720336	  0.737911	  0.752652	  0.765112	  0.771267	  0.775759	  0.779187	  0.781908	  0.784151	  0.786061	  0.787737	  0.789246	  0.790627	   0.79189	  0.793038	  0.794069	  0.794981	  0.795774	  0.796447	  0.797001	  0.797435	  0.797756	   0.79797	  0.798084	  0.798106	  0.798039	  0.797894	  0.797677	  0.797395	  0.797059	  0.796674
    27	     0	         0	         0	         0	         0	         0	         0	         0	         0	         0	         0	         0	         0	         0	         0	         0	         0	0.00159495	0.00318179	0.00488339	0.00674126	  0.016135	 0.0310587	 0.0528321	 0.0809244	  0.112715	  0.155311	  0.209516	  0.289315	  0.341389	  0.377531	  0.410383	  0.449235	  0.496209	  0.532195	  0.559057	  0.589498	  0.620765	  0.648236	  0.675585	  0.699022	  0.720033	  0.737638	  0.752431	  0.764949	  0.771181	  0.775734	  0.779208	  0.781961	  0.784228	  0.786158	  0.787852	  0.789381	  0.790784	  0.792075	  0.793254	  0.794321	  0.795273	  0.796108	  0.796826	  0.797427	   0.79791	  0.798279	  0.798543	  0.798708	   0.79878	  0.798765	   0.79867	  0.798504	  0.798273	  0.797986	  0.797652
    28	     0	         0	         0	         0	         0	         0	         0	         0	         0	         0	         0	         0	         0	         0	         0	         0	         0	0.00155121	0.00311994	0.00482198	0.00669648	 0.0160849	 0.0310567	 0.0529541	 0.0812611	  0.113343	  0.156297	    0.2109	   0.29128	  0.343715	  0.380114	  0.413202	  0.452271	  0.499531	  0.535795	  0.562905	  0.593651	  0.624672	  0.651613	  0.678376	  0.701231	   0.72171	  0.738881	  0.753332	   0.76559	  0.771754	  0.776289	  0.779769	  0.782542	  0.784833	  0.786786	  0.788498	  0.790039	  0.791445	   0.79273	  0.793895	  0.794942	  0.795869	  0.796675	  0.797361	  0.797928	  0.798377	  0.798713	  0.798943	  0.799075	  0.799115	  0.799069	  0.798944	  0.798748	  0.798489	  0.798175	  0.797814
    29	     0	         0	         0	         0	         0	         0	         0	         0	         0	         0	         0	         0	         0	         0	         0	         0	         0	0.00160009	0.00320672	0.00494061	 0.0068423	 0.0163937	 0.0315882	 0.0537641	 0.0823744	  0.114738	  0.158003	  0.212928	  0.293658	  0.346197	  0.382769	  0.415934	  0.455116	  0.502542	  0.539028	  0.566405	   0.59752	  0.628482	  0.655051	  0.681244	  0.703544	  0.723489	  0.740169	  0.754202	   0.76612	  0.772144	  0.776614	  0.780078	  0.782866	  0.785193	  0.787195	  0.788965	  0.790567	  0.792036	  0.793385	  0.794613	  0.795721	  0.796708	  0.797573	  0.798318	  0.798943	  0.799451	  0.799847	   0.80014	  0.800338	  0.800447	  0.800474	  0.800428	  0.800316	  0.800146	  0.799926	  0.799665
    30	     0	         0	         0	         0	         0	         0	         0	         0	         0	         0	         0	         0	         0	         0	         0	         0	         0	0.00178342	0.00352469	0.00536513	0.00735146	 0.0175189	  0.033574	 0.0569043	 0.0868896	  0.120702	  0.165876	  0.223254	  0.307489	  0.362003	  0.400345	  0.434275	  0.474286	   0.52272	   0.56016	  0.588234	  0.620302	  0.649295	  0.672679	  0.695442	  0.714624	  0.731803	  0.746122	   0.75815	  0.768354	  0.773832	  0.777946	  0.781147	   0.78372	  0.785858	  0.787689	  0.789301	  0.790759	  0.792099	  0.793333	  0.794461	  0.795482	  0.796394	  0.797194	  0.797882	  0.798456	  0.798917	  0.799269	  0.799519	  0.799674	   0.79974	  0.799723	  0.799631	  0.799473	  0.799255	  0.798988	  0.798679
    31	     0	         0	         0	         0	         0	         0	         0	         0	         0	         0	         0	         0	         0	         0	         0	         0	         0	0.00160468	0.00321902	0.00496461	0.00688249	 0.0165089	 0.0318418	 0.0542411	 0.0831607	   0.11589	  0.159632	  0.215132	  0.296699	  0.349704	  0.386639	  0.419999	  0.459359	  0.507002	  0.543699	  0.571221	   0.60255	  0.633054	   0.65889	  0.684304	  0.705895	  0.725216	  0.741368	  0.754962	  0.766516	  0.772438	  0.776852	  0.780283	  0.783048	  0.785358	  0.787346	  0.789102	  0.790689	  0.792143	  0.793475	  0.794689	  0.795785	  0.796762	   0.79762	  0.798361	  0.798985	  0.799495	  0.799895	  0.800193	  0.800397	  0.800513	  0.800546	  0.800505	  0.800396	  0.800226	  0.800005	  0.799738
    32	     0	         0	         0	         0	         0	         0	         0	         0	         0	         0	         0	         0	         0	         0	         0	         0	         0	0.00159409	0.00318293	0.00489146	0.00676238	 0.0162184	 0.0312769	  0.053288	 0.0817325	  0.113966	  0.157173	  0.212166	  0.293141	   0.34604	   0.38292	  0.416352	  0.455816	  0.503523	   0.54024	  0.567771	  0.599061	   0.62989	  0.656229	  0.682149	  0.704231	  0.723995	    0.7405	  0.754369	  0.766133	  0.772114	   0.77655	  0.779983	  0.782742	  0.785042	  0.787019	  0.788767	  0.790351	  0.791809	  0.793152	  0.794383	  0.795504	  0.796513	  0.797408	  0.798191	  0.798862	   0.79942	  0.799871	  0.800221	  0.800477	  0.800644	  0.800728	  0.800735	  0.800672	  0.800546	  0.800366	  0.800137
    33	     0	         0	         0	         0	         0	         0	         0	         0	         0	         0	         0	         0	         0	         0	         0	         0	         0	0.00163899	0.00326301	0.00499817	 0.0068866	 0.0164556	 0.0316259	 0.0537232	 0.0821898	   0.11436	  0.157426	    0.2122	  0.292803	  0.345277	  0.381808	  0.414874	   0.45399	  0.501315	  0.537667	  0.564881	  0.595784	  0.626726	  0.653466	  0.679924	  0.702537	    0.7228	  0.739752	  0.753992	  0.766048	  0.772109	   0.77656	  0.779967	  0.782675	  0.784907	  0.786807	  0.788473	  0.789973	  0.791348	  0.792608	  0.793756	  0.794791	  0.795712	  0.796516	  0.797203	  0.797773	  0.798226	  0.798567	  0.798803	  0.798942	  0.798989	   0.79895	  0.798833	  0.798646	  0.798397	  0.798095	  0.797748
    34	     0	         0	         0	         0	         0	         0	         0	         0	         0	         0	         0	         0	         0	         0	         0	         0	         0	0.00154036	0.00311492	0.00483527	0.00673868	 0.0162091	  0.031332	 0.0534583	 0.0820662	  0.114488	  0.157828	  0.212823	  0.293698	  0.346429	  0.383148	  0.416601	  0.456122	  0.504036	    0.5411	  0.569119	  0.601048	   0.63234	  0.658791	  0.684618	  0.706395	  0.725726	  0.741775	  0.755201	  0.766564	  0.772206	  0.776374	    0.7796	  0.782198	  0.784367	  0.786234	  0.787882	   0.78937	  0.790729	  0.791967	  0.793082	  0.794074	  0.794942	  0.795682	  0.796297	  0.796788	  0.797156	  0.797406	  0.797548	   0.79759	  0.797539	    0.7974	  0.797184	  0.796897	  0.796549	  0.796148	  0.795702
    35	     0	         0	         0	         0	         0	         0	         0	         0	         0	         0	         0	         0	         0	         0	         0	         0	         0	0.00173732	0.00343084	0.00521525	0.00713452	  0.016969	 0.0324552	 0.0549113	 0.0837165	  0.116138	  0.159468	  0.214504	  0.295388	  0.347587	  0.383689	   0.41601	  0.454331	  0.500751	  0.536073	   0.56213	  0.591697	  0.621835	  0.648384	  0.675115	  0.698133	  0.718911	  0.736428	   0.75119	  0.763671	  0.769937	  0.774454	   0.77783	  0.780439	  0.782525	  0.784248	  0.785719	  0.787018	  0.788191	  0.789254	  0.790209	  0.791055	  0.791788	  0.792407	  0.792909	  0.793295	  0.793563	  0.793717	  0.793765	  0.793715	  0.793574	  0.793347	  0.793046	  0.792677	  0.792251	  0.791778	  0.791265
    36	     0	         0	         0	         0	         0	         0	         0	         0	         0	         0	         0	         0	         0	         0	         0	         0	         0	0.00165392	0.00331662	0.00511343	0.00708642	  0.017013	 0.0328239	 0.0559396	 0.0858099	   0.11965	  0.164897	   0.22237	  0.306927	  0.361904	  0.400543	  0.435041	  0.475594	  0.524644	  0.562639	  0.591218	  0.623856	  0.652841	   0.67585	  0.698136	  0.716797	   0.73347	  0.747358	  0.759041	  0.768986	  0.774416	  0.778547	  0.781807	  0.784464	  0.786701	  0.788637	  0.790355	  0.791914	  0.793346	  0.794663	  0.795864	  0.796951	  0.797922	  0.798776	  0.799514	  0.800137	  0.800644	  0.801042	  0.801338	  0.801538	   0.80165	  0.801677	  0.801629	  0.801512	  0.801334	  0.801102	  0.800825
    37	     0	         0	         0	         0	         0	         0	         0	         0	         0	         0	         0	         0	         0	         0	         0	         0	         0	0.00151352	0.00305811	0.00474678	0.00661835	 0.0159454	 0.0308733	 0.0527624	 0.0811167	  0.113302	   0.15638	  0.211095	  0.291595	  0.344163	  0.380676	  0.413929	  0.453146	    0.5006	    0.5371	  0.564468	  0.595543	  0.626658	  0.653489	  0.680032	  0.702617	  0.722814	  0.739726	  0.753964	   0.76606	  0.772174	   0.77671	  0.780226	  0.783058	  0.785423	  0.787459	   0.78926	   0.79089	  0.792386	  0.793758	  0.795011	  0.796145	   0.79716	  0.798056	  0.798835	  0.799498	  0.800046	  0.800486	  0.800825	   0.80107	  0.801228	  0.801303	  0.801304	  0.801237	   0.80111	  0.800929	  0.800703
    38	     0	         0	         0	         0	         0	         0	         0	         0	         0	         0	         0	         0	         0	         0	         0	         0	         0	0.00157794	0.00317271	0.00490555	0.00681809	 0.0164064	 0.0317327	  0.054189	 0.0832573	  0.116225	  0.160317	  0.216258	  0.298512	  0.352025	  0.389342	  0.423003	  0.462628	  0.510574	  0.547564	  0.575287	  0.606901	  0.637051	  0.662256	  0.686952	  0.707859	  0.726555	  0.742158	  0.755287	   0.76646	   0.77228	  0.776653	  0.780081	  0.782868	  0.785215	  0.787249	  0.789057	  0.790699	  0.792211	  0.793604	  0.794883	  0.796049	  0.797104	  0.798047	   0.79888	  0.799605	  0.800223	  0.800738	  0.801157	  0.801486	  0.801731	  0.801895	  0.801985	  0.802006	  0.801965	  0.801867	  0.801718
    39	     0	         0	         0	         0	         0	         0	         0	         0	         0	         0	         0	         0	         0	         0	         0	         0	         0	0.00158664	0.00318148	0.00490394	0.00679414	 0.0162974	 0.0314258	  0.053527	 0.0820685	  0.114385	  0.157638	  0.212608	  0.293515	  0.346174	  0.382714	  0.415784	   0.45484	  0.502101	  0.538326	  0.565329	  0.595982	  0.626588	  0.653047	  0.679346	  0.701813	  0.721977	  0.738894	  0.753137	  0.765216	  0.771328	  0.775819	  0.779255	  0.781982	  0.784224	  0.786128	  0.787792	  0.789285	  0.790647	  0.791891	  0.793019	   0.79403	  0.794924	  0.795698	  0.796354	  0.796891	  0.797311	  0.797617	  0.797819	  0.797923	  0.797935	  0.797861	  0.797709	  0.797488	  0.797204	  0.796867	  0.796484
    40	     0	         0	         0	         0	         0	         0	         0	         0	         0	         0	         0	         0	         0	         0	         0	         0	         0	0.00159409	0.00318293	0.00489146	0.00676238	 0.0162184	 0.0312769	  0.053288	 0.0817325	  0.113966	  0.157173	  0.212166	  0.293141	   0.34604	   0.38292	  0.416352	  0.455816	  0.503523	   0.54024	  0.567771	  0.599061	   0.62989	  0.656229	  0.682149	  0.704231	  0.723995	    0.7405	  0.754369	  0.766133	  0.772114	   0.77655	  0.779983	  0.782742	  0.785042	  0.787019	  0.788767	  0.790351	  0.791809	  0.793152	  0.794383	  0.795504	  0.796513	  0.797408	  0.798191	  0.798862	   0.79942	  0.799871	  0.800221	  0.800477	  0.800644	  0.800728	  0.800735	  0.800672	  0.800546	  0.800366	  0.800137
    41	     0	         0	         0	         0	         0	         0	         0	         0	         0	         0	         0	         0	         0	         0	         0	         0	         0	0.00158901	0.00318956	0.00492312	0.00683095	 0.0163964	 0.0316462	 0.0539321	 0.0827056	  0.115253	  0.158723	  0.213825	  0.294706	  0.347145	  0.383404	  0.416079	  0.454618	  0.501223	  0.536753	  0.563019	  0.592818	  0.622975	  0.649398	  0.675928	  0.698805	  0.719497	  0.736981	  0.751793	  0.764415	  0.770943	  0.775783	  0.779514	  0.782493	  0.784956	  0.787057	  0.788898	  0.790553	  0.792064	  0.793447	  0.794708	   0.79585	  0.796875	  0.797784	  0.798579	  0.799262	  0.799833	  0.800299	  0.800666	  0.800941	   0.80113	  0.801238	  0.801272	  0.801238	  0.801144	  0.800995	  0.800801
    42	     0	         0	         0	         0	         0	         0	         0	         0	         0	         0	         0	         0	         0	         0	         0	         0	         0	0.00156485	0.00315484	0.00488963	0.00681054	 0.0164086	 0.0317719	  0.054299	 0.0834735	  0.116571	  0.160818	  0.216946	  0.299438	  0.353125	  0.390554	  0.424301	  0.464012	  0.512063	  0.549125	  0.576914	  0.608612	  0.638606	  0.663552	  0.687985	  0.708685	  0.727228	  0.742723	  0.755781	  0.766907	  0.772753	  0.777161	  0.780622	  0.783439	   0.78581	  0.787864	  0.789687	   0.79134	  0.792859	  0.794256	  0.795537	  0.796703	  0.797755	  0.798696	  0.799526	  0.800248	  0.800862	  0.801374	  0.801791	  0.802119	  0.802363	  0.802528	   0.80262	  0.802646	   0.80261	  0.802521	  0.802383
    43	     0	         0	         0	         0	         0	         0	         0	         0	         0	         0	         0	         0	         0	         0	         0	         0	         0	0.00163899	0.00326301	0.00499817	 0.0068866	 0.0164556	 0.0316259	 0.0537232	 0.0821898	   0.11436	  0.157426	    0.2122	  0.292803	  0.345277	  0.381808	  0.414874	   0.45399	  0.501315	  0.537667	  0.564881	  0.595784	  0.626726	  0.653466	  0.679924	  0.702537	    0.7228	  0.739752	  0.753992	  0.766048	  0.772109	   0.77656	  0.779967	  0.782675	  0.784907	  0.786807	  0.788473	  0.789973	  0.791348	  0.792608	  0.793756	  0.794791	  0.795712	  0.796516	  0.797203	  0.797773	  0.798226	  0.798567	  0.798803	  0.798942	  0.798989	   0.79895	  0.798833	  0.798646	  0.798397	  0.798095	  0.797748
    44	     0	         0	         0	         0	         0	         0	         0	         0	         0	         0	         0	         0	         0	         0	         0	         0	         0	0.00155443	0.00311825	0.00480704	0.00665953	 0.0159614	 0.0307599	 0.0523628	 0.0802502	  0.111824	  0.154124	  0.207945	  0.287191	  0.338955	  0.374769	  0.407452	  0.446145	   0.49298	  0.528855	  0.555664	  0.586042	  0.617599	  0.645477	  0.673253	  0.697039	  0.718333	  0.736152	  0.751099	  0.763724	  0.769912	  0.774392	  0.777779	  0.780441	  0.782612	  0.784442	  0.786032	  0.787452	  0.788741	  0.789912	  0.790964	  0.791895	  0.792705	   0.79339	  0.793951	  0.794388	  0.794701	  0.794896	   0.79498	  0.794962	  0.794848	  0.794644	   0.79436	  0.794004	  0.793585	  0.793112	  0.792594
    45	     0	         0	         0	         0	         0	         0	         0	         0	         0	         0	         0	         0	         0	         0	         0	         0	         0	0.00159152	0.00319029	0.00491638	0.00681019	 0.0163253	 0.0314705	 0.0535862	 0.0821376	  0.114457	  0.157696	  0.212617	  0.293394	  0.346026	  0.382675	  0.415949	  0.455271	  0.502893	  0.539628	  0.567277	   0.59876	  0.629893	  0.656458	  0.682512	  0.704614	   0.72431	  0.740696	  0.754419	  0.766032	  0.771833	  0.776114	  0.779419	  0.782073	  0.784285	  0.786186	  0.787866	  0.789387	  0.790784	  0.792065	  0.793231	  0.794282	  0.795214	  0.796027	   0.79672	  0.797295	  0.797752	  0.798096	  0.798336	  0.798478	  0.798528	  0.798494	  0.798384	  0.798203	  0.797961	  0.797667	  0.797327
    46	     0	         0	         0	         0	         0	         0	         0	         0	         0	         0	         0	         0	         0	         0	         0	         0	         0	0.00163469	0.00326236	0.00500923	0.00691771	 0.0165495	 0.0318469	 0.0541472	 0.0828838	  0.115347	  0.158723	  0.213754	  0.294561	  0.346957	  0.383299	  0.416049	  0.454721	  0.501479	   0.53719	  0.563667	  0.593702	   0.62403	  0.650525	  0.677021	  0.699839	   0.72044	  0.737813	  0.752509	  0.765022	  0.771473	  0.776259	  0.779953	  0.782909	   0.78536	  0.787454	  0.789296	  0.790955	  0.792473	  0.793866	  0.795137	   0.79629	  0.797325	  0.798242	  0.799044	   0.79973	  0.800303	  0.800767	  0.801131	  0.801401	  0.801583	  0.801682	  0.801705	  0.801659	  0.801552	  0.801391	  0.801183
    47	     0	         0	         0	         0	         0	         0	         0	         0	         0	         0	         0	         0	         0	         0	         0	         0	         0	0.00168211	0.00334783	0.00512668	 0.0070618	 0.0168781	 0.0324405	 0.0551156	 0.0843357	  0.117368	  0.161557	  0.217714	  0.300328	  0.354031	  0.391685	   0.42553	   0.46549	  0.513886	  0.551374	  0.579661	  0.611958	   0.64224	  0.667157	  0.691333	  0.711671	  0.729761	  0.744761	  0.757307	  0.767922	  0.773375	  0.777439	  0.780598	  0.783147	   0.78528	  0.787119	  0.788749	   0.79023	  0.791596	  0.792855	  0.794005	  0.795046	  0.795973	  0.796785	  0.797479	  0.798058	  0.798519	  0.798868	  0.799113	  0.799261	  0.799317	  0.799289	  0.799184	   0.79901	  0.798774	  0.798487	  0.798155
    48	     0	         0	         0	         0	         0	         0	         0	         0	         0	         0	         0	         0	         0	         0	         0	         0	         0	0.00150538	0.00304512	0.00473348	 0.0066103	 0.0159507	 0.0309326	 0.0529295	 0.0814496	  0.113834	  0.157146	  0.212072	   0.29277	  0.345383	  0.381892	   0.41509	  0.454208	  0.501552	   0.53799	  0.565291	  0.596369	  0.627318	  0.653922	   0.68018	  0.702548	  0.722564	    0.7393	  0.753387	  0.765368	  0.771472	  0.776029	  0.779585	  0.782469	  0.784893	  0.786992	  0.788855	  0.790545	  0.792097	  0.793526	  0.794836	   0.79603	  0.797111	  0.798079	  0.798937	  0.799687	  0.800331	  0.800873	   0.80132	  0.801679	  0.801953	  0.802148	  0.802268	   0.80232	  0.802308	  0.802239	  0.802119
    49	     0	         0	         0	         0	         0	         0	         0	         0	         0	         0	         0	         0	         0	         0	         0	         0	         0	0.00154993	 0.0031182	0.00481889	0.00668999	 0.0160573	 0.0309783	 0.0527787	 0.0809329	  0.112812	  0.155474	  0.209681	  0.289453	  0.341429	  0.377397	  0.410144	  0.448877	  0.495788	  0.531747	  0.558608	  0.589071	  0.620361	  0.647841	  0.675231	  0.698664	   0.71966	  0.737259	  0.752051	   0.76457	  0.770785	  0.775317	  0.778764	  0.781488	  0.783719	  0.785606	  0.787249	  0.788718	  0.790053	  0.791265	  0.792356	  0.793327	  0.794176	  0.794902	  0.795506	  0.795988	   0.79635	  0.796597	  0.796738	   0.79678	  0.796731	  0.796595	  0.796384	  0.796103	  0.795762	   0.79537	  0.794936
    50	     0	         0	         0	         0	         0	         0	         0	         0	         0	         0	         0	         0	         0	         0	         0	         0	         0	0.00154632	0.00311766	0.00483093	0.00672647	 0.0162035	 0.0313663	 0.0536033	 0.0824171	  0.115142	  0.158971	  0.214696	  0.296784	  0.350393	  0.387838	  0.421766	   0.46172	  0.510049	  0.547383	  0.575487	   0.60747	  0.637903	   0.66322	  0.687958	  0.708814	  0.727413	  0.742925	   0.75597	  0.767062	  0.772775	  0.777049	  0.780381	  0.783076	  0.785331	  0.787273	  0.788989	  0.790539	  0.791957	  0.793254	  0.794433	  0.795493	  0.796435	  0.797259	  0.797965	  0.798556	  0.799032	  0.799399	  0.799666	  0.799839	  0.799925	   0.79993	  0.799861	  0.799726	  0.799531	  0.799286	  0.798998
    51	     0	         0	         0	         0	         0	         0	         0	         0	         0	         0	         0	         0	         0	         0	         0	         0	         0	0.00158325	0.00318286	0.00491659	0.00682396	 0.0163785	 0.0316034	 0.0538524	 0.0825944	  0.115148	  0.158691	  0.213988	   0.29534	  0.348361	  0.385345	  0.418903	  0.458531	  0.506536	  0.543662	  0.571688	  0.603644	  0.634642	  0.660707	  0.686129	  0.707576	  0.726634	  0.742446	  0.755668	  0.766849	  0.772444	  0.776581	  0.779783	   0.78236	  0.784513	  0.786367	  0.788007	  0.789493	  0.790857	  0.792108	  0.793243	  0.794263	  0.795164	  0.795944	  0.796603	  0.797142	  0.797561	  0.797865	  0.798062	   0.79816	  0.798164	  0.798081	  0.797919	  0.797685	  0.797388	  0.797035	  0.796636
    52	     0	         0	         0	         0	         0	         0	         0	         0	         0	         0	         0	         0	         0	         0	         0	         0	         0	 0.0015813	0.00318207	0.00492349	0.00684731	 0.0164784	  0.031875	 0.0544343	 0.0836354	  0.116755	  0.161047	  0.217271	  0.299941	  0.353746	  0.391298	  0.425104	  0.464859	  0.512902	  0.549868	   0.57749	  0.608919	  0.638644	  0.663414	  0.687788	  0.708481	   0.72707	  0.742673	  0.755869	  0.767139	  0.773117	  0.777633	   0.78118	  0.784065	   0.78649	  0.788587	  0.790446	  0.792129	  0.793673	  0.795091	  0.796388	  0.797567	  0.798629	  0.799576	  0.800409	  0.801131	  0.801743	   0.80225	  0.802659	  0.802978	   0.80321	  0.803361	  0.803438	  0.803447	  0.803393	  0.803284	  0.803127
    53	     0	         0	         0	         0	         0	         0	         0	         0	         0	         0	         0	         0	         0	         0	         0	         0	         0	0.00160005	0.00321881	0.00497527	 0.0069091	 0.0165754	 0.0319728	 0.0544507	 0.0834448	  0.116216	   0.15993	  0.215272	  0.296461	  0.349064	  0.385596	  0.418605	  0.457594	  0.504855	  0.541219	  0.568461	  0.599504	  0.630103	  0.656223	  0.681973	  0.703892	  0.723517	  0.739925	  0.753729	  0.765459	  0.771423	  0.775851	  0.779282	  0.782041	  0.784338	  0.786309	  0.788045	  0.789609	  0.791037	   0.79234	   0.79352	  0.794577	  0.795513	  0.796326	  0.797019	  0.797592	  0.798049	  0.798394	  0.798636	  0.798784	  0.798842	  0.798818	   0.79872	  0.798555	   0.79833	  0.798055	  0.797735
    54	     0	         0	         0	         0	         0	         0	         0	         0	         0	         0	         0	         0	         0	         0	         0	         0	         0	0.00156972	0.00316274	0.00489629	0.00680996	 0.0163691	 0.0316275	 0.0539465	 0.0827887	  0.115446	  0.159066	  0.214356	  0.295575	  0.348314	  0.384924	  0.418036	  0.457107	  0.504432	  0.540814	  0.568022	  0.598987	  0.629538	  0.655686	  0.681542	  0.703574	  0.723321	  0.739856	   0.75378	  0.765611	  0.771647	  0.776124	  0.779586	  0.782363	  0.784671	  0.786648	  0.788387	  0.789953	  0.791384	  0.792691	  0.793879	  0.794947	  0.795898	   0.79673	  0.797444	  0.798044	  0.798528	  0.798904	  0.799179	   0.79936	  0.799453	  0.799463	  0.799399	  0.799266	  0.799073	  0.798827	  0.798536
    55	     0	         0	         0	         0	         0	         0	         0	         0	         0	         0	         0	         0	         0	         0	         0	         0	         0	0.00161042	0.00321408	0.00493651	0.00682043	 0.0163426	 0.0314913	 0.0536165	 0.0821866	  0.114539	  0.157872	   0.21299	  0.294121	   0.34703	  0.383926	  0.417316	  0.456727	  0.504378	  0.541048	  0.568536	  0.599777	  0.630535	  0.656796	  0.682666	  0.704684	  0.724385	  0.740846	   0.75468	  0.766414	  0.772377	  0.776796	  0.780213	  0.782956	  0.785242	  0.787206	  0.788942	  0.790516	  0.791965	    0.7933	  0.794523	  0.795635	  0.796635	   0.79752	  0.798292	  0.798949	  0.799493	  0.799928	  0.800261	  0.800498	  0.800647	   0.80071	  0.800697	  0.800614	  0.800468	  0.800267	  0.800018
    56	     0	         0	         0	         0	         0	         0	         0	         0	         0	         0	         0	         0	         0	         0	         0	         0	         0	0.00157294	0.00315139	0.00485541	0.00672577	 0.0161523	 0.0311755	 0.0531551	 0.0815872	  0.113845	  0.157125	  0.212285	  0.293641	  0.346927	  0.384141	  0.417943	  0.457842	  0.506091	  0.543324	  0.571354	  0.603222	  0.634097	  0.660123	  0.685596	  0.707151	  0.726363	  0.742356	  0.755755	   0.76709	  0.772806	  0.777024	   0.78027	  0.782866	   0.78502	  0.786865	   0.78849	   0.78996	  0.791311	  0.792554	  0.793687	  0.794712	  0.795624	  0.796421	  0.797102	  0.797668	  0.798117	  0.798453	  0.798684	  0.798816	  0.798856	  0.798807	  0.798679	  0.798479	  0.798214	  0.797893	  0.797524
    57	     0	         0	         0	         0	         0	         0	         0	         0	         0	         0	         0	         0	         0	         0	         0	         0	         0	0.00160181	0.00321798	 0.0049684	0.00689329	 0.0165549	 0.0319521	 0.0544671	 0.0835686	  0.116549	  0.160686	   0.21679	  0.299405	  0.353242	  0.390885	  0.424839	  0.464862	  0.513302	  0.550733	  0.578898	  0.610994	  0.641133	  0.666014	  0.690292	   0.71076	  0.729022	  0.744239	  0.757017	  0.767859	  0.773475	  0.777666	  0.780925	   0.78355	  0.785741	  0.787624	  0.789286	   0.79079	  0.792169	  0.793434	  0.794585	  0.795622	  0.796542	  0.797345	   0.79803	  0.798597	  0.799048	  0.799386	   0.79962	  0.799757	  0.799803	  0.799764	  0.799648	  0.799462	  0.799214	  0.798913	  0.798567
    58	     0	         0	         0	         0	         0	         0	         0	         0	         0	         0	         0	         0	         0	         0	         0	         0	         0	0.00173721	 0.0034444	0.00525566	0.00721493	 0.0171748	 0.0328991	 0.0557168	 0.0850053	  0.117983	  0.161992	  0.217812	  0.299708	  0.352684	   0.38965	  0.422757	  0.461949	   0.50945	   0.54601	    0.5734	  0.604637	  0.634796	  0.660229	  0.685192	  0.706466	  0.725549	  0.741488	  0.754884	  0.766248	  0.772084	  0.776411	   0.77975	  0.782421	  0.784633	  0.786521	   0.78818	  0.789675	  0.791043	  0.792298	  0.793438	  0.794464	  0.795373	  0.796164	  0.796838	  0.797395	  0.797835	  0.798164	  0.798391	  0.798524	  0.798568	  0.798531	  0.798422	  0.798249	  0.798021	  0.797747	  0.797436
    59	     0	         0	         0	         0	         0	         0	         0	         0	         0	         0	         0	         0	         0	         0	         0	         0	         0	0.00158028	0.00314863	0.00482509	0.00664961	 0.0158832	 0.0305156	 0.0518167	 0.0792454	  0.110232	  0.151758	  0.204618	  0.282424	  0.333234	  0.368312	  0.400416	   0.43853	  0.484679	  0.519972	  0.546352	  0.576201	  0.608477	  0.637675	  0.666944	  0.692164	   0.71476	  0.733672	  0.749511	  0.762848	  0.769295	  0.773921	  0.777389	  0.780095	  0.782289	  0.784129	  0.785723	  0.787146	  0.788442	  0.789623	  0.790689	   0.79164	  0.792473	  0.793187	  0.793779	  0.794252	  0.794604	  0.794842	  0.794973	  0.795007	  0.794949	  0.794806	  0.794588	  0.794304	  0.793963	  0.793574	  0.793145
    60	     0	         0	         0	         0	         0	         0	         0	         0	         0	         0	         0	         0	         0	         0	         0	         0	         0	0.00160848	0.00321163	0.00493277	0.00681333	 0.0163194	 0.0314268	 0.0534788	 0.0819392	  0.114154	  0.157302	  0.212183	  0.292984	  0.345611	   0.38221	  0.415343	  0.454487	  0.501833	  0.538176	  0.565318	  0.596132	  0.626902	  0.653489	  0.679851	  0.702374	  0.722569	  0.739483	  0.753707	  0.765759	  0.771854	  0.776338	  0.779777	  0.782514	  0.784775	  0.786701	  0.788392	  0.789917	  0.791314	  0.792596	  0.793765	  0.794821	  0.795762	  0.796587	  0.797296	  0.797889	  0.798366	   0.79873	   0.79899	  0.799152	  0.799221	  0.799204	  0.799107	  0.798937	  0.798703	  0.798413	  0.798074
    61	     0	         0	         0	         0	         0	         0	         0	         0	         0	         0	         0	         0	         0	         0	         0	         0	         0	0.00162663	0.00325124	0.00499708	0.00690533	 0.0165476	 0.0318714	 0.0542452	 0.0831325	  0.115851	  0.159689	  0.215499	  0.297768	  0.351443	  0.389009	  0.422935	   0.46298	  0.511444	  0.548902	  0.577125	  0.609261	  0.639692	  0.664927	  0.689535	   0.71025	   0.72869	  0.744026	   0.75687	  0.767738	  0.773268	  0.777359	  0.780513	  0.783036	  0.785129	  0.786919	  0.788495	   0.78992	  0.791228	  0.792428	   0.79352	  0.794502	  0.795369	  0.796119	   0.79675	  0.797263	  0.797658	  0.797937	  0.798111	  0.798185	  0.798167	  0.798062	   0.79788	  0.797628	  0.797316	  0.796951	  0.796544
    62	     0	         0	         0	         0	         0	         0	         0	         0	         0	         0	         0	         0	         0	         0	         0	         0	         0	0.00163911	0.00326346	0.00500223	0.00689938	 0.0165278	 0.0318338	  0.054189	 0.0830605	  0.115766	  0.159608	   0.21544	  0.297706	  0.351399	   0.38898	  0.422834	  0.462737	  0.510945	  0.548089	  0.575925	  0.607569	  0.637727	  0.662949	  0.687694	  0.708653	  0.727401	   0.74306	  0.756222	  0.767388	  0.773154	  0.777442	   0.78076	  0.783422	  0.785636	  0.787536	  0.789215	  0.790736	  0.792138	  0.793433	  0.794622	  0.795703	  0.796676	  0.797538	  0.798287	  0.798923	  0.799445	  0.799856	  0.800165	  0.800376	  0.800495	  0.800526	  0.800477	  0.800354	  0.800165	  0.799917	  0.799618
    63	     0	         0	         0	         0	         0	         0	         0	         0	         0	         0	         0	         0	         0	         0	         0	         0	         0	0.00154036	0.00311492	0.00483527	0.00673868	 0.0162091	  0.031332	 0.0534583	 0.0820662	  0.114488	  0.157828	  0.212823	  0.293698	  0.346429	  0.383148	  0.416601	  0.456122	  0.504036	    0.5411	  0.569119	  0.601048	   0.63234	  0.658791	  0.684618	  0.706395	  0.725726	  0.741775	  0.755201	  0.766564	  0.772206	  0.776374	    0.7796	  0.782198	  0.784367	  0.786234	  0.787882	   0.78937	  0.790729	  0.791967	  0.793082	  0.794074	  0.794942	  0.795682	  0.796297	  0.796788	  0.797156	  0.797406	  0.797548	   0.79759	  0.797539	    0.7974	  0.797184	  0.796897	  0.796549	  0.796148	  0.795702
    64	     0	         0	         0	         0	         0	         0	         0	         0	         0	         0	         0	         0	         0	         0	         0	         0	         0	0.00158269	0.00317828	0.00490506	0.00680267	 0.0163152	 0.0314628	 0.0535849	 0.0821424	  0.114462	  0.157673	  0.212519	  0.293146	   0.34562	  0.382118	  0.415259	  0.454428	  0.501876	  0.538442	  0.565931	  0.597216	  0.628347	  0.655046	  0.681316	  0.703654	  0.723594	  0.740221	  0.754169	  0.765986	  0.771911	  0.776288	  0.779669	  0.782383	  0.784643	  0.786583	  0.788295	  0.789842	  0.791259	  0.792556	  0.793734	  0.794795	  0.795735	  0.796556	  0.797256	  0.797838	  0.798303	  0.798655	  0.798904	  0.799056	  0.799119	  0.799097	     0.799	  0.798834	  0.798608	  0.798329	  0.798006
    65	     0	         0	         0	         0	         0	         0	         0	         0	         0	         0	         0	         0	         0	         0	         0	         0	         0	0.00158035	0.00316376	 0.0048699	0.00673888	 0.0161362	 0.0310762	 0.0528684	 0.0809664	   0.11273	  0.155206	  0.209141	  0.288405	   0.33999	    0.3757	  0.408184	  0.446619	  0.493132	  0.528732	  0.555302	  0.585411	  0.616882	  0.644825	   0.67276	   0.69678	  0.718351	  0.736467	  0.751719	  0.764645	  0.771093	   0.77582	  0.779436	  0.782312	  0.784685	  0.786706	   0.78848	  0.790077	  0.791538	  0.792877	  0.794095	  0.795195	  0.796176	  0.797037	   0.79778	  0.798405	  0.798914	  0.799313	   0.79961	  0.799812	  0.799926	  0.799959	  0.799918	  0.799811	  0.799647	  0.799433	  0.799177
    66	     0	         0	         0	         0	         0	         0	         0	         0	         0	         0	         0	         0	         0	         0	         0	         0	         0	0.00163124	 0.0032747	0.00505589	 0.0070178	 0.0168709	 0.0325984	 0.0556242	 0.0854149	    0.1192	  0.164393	  0.221823	  0.306322	  0.361386	  0.400093	  0.434717	  0.475371	   0.52448	  0.562466	  0.591012	  0.623573	  0.652506	   0.67548	  0.697747	  0.716421	  0.733138	  0.747099	   0.75888	  0.768941	  0.774475	   0.77871	  0.782068	  0.784818	  0.787143	  0.789161	  0.790954	  0.792582	  0.794077	  0.795452	  0.796708	  0.797848	  0.798871	  0.799777	  0.800569	  0.801247	  0.801812	  0.802271	   0.80263	  0.802897	  0.803077	  0.803176	  0.803201	  0.803158	  0.803055	  0.802898	  0.802697
    67	     0	         0	         0	         0	         0	         0	         0	         0	         0	         0	         0	         0	         0	         0	         0	         0	         0	0.00164958	0.00327467	0.00500174	0.00687241	 0.0163875	 0.0314282	 0.0532878	 0.0813905	  0.113088	   0.15551	  0.209448	  0.288777	  0.340282	  0.375866	  0.408115	  0.446382	  0.492738	  0.528125	   0.55442	  0.584237	   0.61545	  0.643282	  0.671186	  0.695267	  0.716942	   0.73514	  0.750432	  0.763345	  0.769736	  0.774351	  0.777819	  0.780522	  0.782708	  0.784533	  0.786106	  0.787505	  0.788773	  0.789926	  0.790964	  0.791888	  0.792696	  0.793386	  0.793959	  0.794413	  0.794749	  0.794971	  0.795089	  0.795108	  0.795037	   0.79488	  0.794648	  0.794349	  0.793991	  0.793584	  0.793137
    68	     0	         0	         0	         0	         0	         0	         0	         0	         0	         0	         0	         0	         0	         0	         0	         0	         0	0.00157094	 0.0031617	0.00488987	0.00679514	 0.0163185	 0.0315084	 0.0537104	 0.0823835	  0.114832	  0.158166	  0.213083	  0.293719	  0.346078	  0.382386	  0.415289	  0.454146	  0.501213	  0.537375	  0.564424	  0.595195	   0.62606	  0.652727	  0.679129	  0.701653	  0.721823	  0.738701	  0.752899	  0.764952	  0.771027	  0.775516	  0.778977	   0.78175	  0.784052	  0.786023	  0.787756	  0.789317	  0.790742	  0.792044	  0.793224	  0.794284	  0.795224	  0.796044	  0.796744	  0.797327	  0.797793	  0.798149	  0.798402	   0.79856	   0.79863	  0.798615	  0.798526	  0.798368	  0.798149	  0.797876	  0.797558
    69	     0	         0	         0	         0	         0	         0	         0	         0	         0	         0	         0	         0	         0	         0	         0	         0	         0	0.00160353	 0.0031992	0.00490954	0.00677547	 0.0161912	 0.0311311	 0.0528906	 0.0809106	  0.112549	  0.154841	  0.208498	  0.287304	  0.338481	  0.373884	    0.4061	  0.444264	  0.490485	  0.525901	  0.552359	  0.582379	  0.614151	  0.642558	   0.67095	  0.695386	  0.717295	   0.73564	  0.751038	  0.764053	  0.770476	   0.77516	  0.778733	  0.781569	  0.783906	  0.785897	  0.787644	  0.789218	   0.79066	  0.791982	  0.793187	  0.794275	  0.795246	  0.796099	  0.796834	  0.797454	  0.797958	  0.798351	  0.798642	  0.798838	  0.798945	  0.798968	  0.798916	  0.798796	  0.798614	   0.79838	  0.798101
    70	     0	         0	         0	         0	         0	         0	         0	         0	         0	         0	         0	         0	         0	         0	         0	         0	         0	0.00151342	0.00306075	0.00475463	0.00663367	 0.0159873	 0.0309613	 0.0529162	 0.0813474	  0.113602	  0.156736	  0.211464	  0.291928	  0.344343	  0.380636	   0.41362	  0.452528	  0.499635	  0.535772	  0.562748	  0.593373	  0.624261	  0.651091	  0.677785	  0.700583	  0.721032	  0.738199	  0.752671	   0.76497	  0.771197	  0.775797	  0.779341	  0.782174	  0.784522	  0.786527	  0.788288	  0.789872	  0.791317	  0.792637	  0.793836	  0.794915	  0.795875	  0.796716	  0.797441	  0.798051	  0.798547	  0.798935	  0.799224	   0.79942	  0.799529	  0.799557	  0.799512	    0.7994	  0.799229	  0.799006	  0.798739
    71	     0	         0	         0	         0	         0	         0	         0	         0	         0	         0	         0	         0	         0	         0	         0	         0	         0	0.00158035	0.00316376	 0.0048699	0.00673888	 0.0161362	 0.0310762	 0.0528684	 0.0809664	   0.11273	  0.155206	  0.209141	  0.288405	   0.33999	    0.3757	  0.408184	  0.446619	  0.493132	  0.528732	  0.555302	  0.585411	  0.616882	  0.644825	   0.67276	   0.69678	  0.718351	  0.736467	  0.751719	  0.764645	  0.771093	   0.77582	  0.779436	  0.782312	  0.784685	  0.786706	   0.78848	  0.790077	  0.791538	  0.792877	  0.794095	  0.795195	  0.796176	  0.797037	   0.79778	  0.798405	  0.798914	  0.799313	   0.79961	  0.799812	  0.799926	  0.799959	  0.799918	  0.799811	  0.799647	  0.799433	  0.799177
    72	     0	         0	         0	         0	         0	         0	         0	         0	         0	         0	         0	         0	         0	         0	         0	         0	         0	0.00159495	0.00318179	0.00488339	0.00674126	  0.016135	 0.0310587	 0.0528321	 0.0809244	  0.112715	  0.155311	  0.209516	  0.289315	  0.341389	  0.377531	  0.410383	  0.449235	  0.496209	  0.532195	  0.559057	  0.589498	  0.620765	  0.648236	  0.675585	  0.699022	  0.720033	  0.737638	  0.752431	  0.764949	  0.771181	  0.775734	  0.779208	  0.781961	  0.784228	  0.786158	  0.787852	  0.789381	  0.790784	  0.792075	  0.793254	  0.794321	  0.795273	  0.796108	  0.796826	  0.797427	   0.79791	  0.798279	  0.798543	  0.798708	   0.79878	  0.798765	   0.79867	  0.798504	  0.798273	  0.797986	  0.797652
    73	     0	         0	         0	         0	         0	         0	         0	         0	         0	         0	         0	         0	         0	         0	         0	         0	         0	0.00146043	0.00295788	0.00460198	0.00643119	 0.0155332	 0.0301436	 0.0516212	 0.0795191	  0.111282	  0.153923	  0.208259	  0.288378	  0.341115	  0.377849	  0.411534	  0.451254	  0.499267	  0.536334	  0.564324	  0.596099	  0.627795	  0.654928	  0.681525	  0.704018	  0.724008	   0.74064	  0.754573	  0.766371	  0.772221	  0.776546	  0.779897	    0.7826	  0.784865	  0.786821	  0.788557	  0.790132	  0.791579	  0.792909	  0.794122	  0.795218	  0.796196	  0.797054	  0.797795	  0.798417	  0.798923	  0.799316	  0.799606	  0.799798	  0.799899	  0.799914	   0.79985	  0.799714	  0.799514	  0.799258	  0.798952
    74	     0	         0	         0	         0	         0	         0	         0	         0	         0	         0	         0	         0	         0	         0	         0	         0	         0	0.00178342	0.00352469	0.00536513	0.00735146	 0.0175189	  0.033574	 0.0569043	 0.0868896	  0.120702	  0.165876	  0.223254	  0.307489	  0.362003	  0.400345	  0.434275	  0.474286	   0.52272	   0.56016	  0.588234	  0.620302	  0.649295	  0.672679	  0.695442	  0.714624	  0.731803	  0.746122	   0.75815	  0.768354	  0.773832	  0.777946	  0.781147	   0.78372	  0.785858	  0.787689	  0.789301	  0.790759	  0.792099	  0.793333	  0.794461	  0.795482	  0.796394	  0.797194	  0.797882	  0.798456	  0.798917	  0.799269	  0.799519	  0.799674	   0.79974	  0.799723	  0.799631	  0.799473	  0.799255	  0.798988	  0.798679
    75	     0	         0	         0	         0	         0	         0	         0	         0	         0	         0	         0	         0	         0	         0	         0	         0	         0	0.00160065	0.00320769	0.00494246	0.00684589	 0.0164192	 0.0316601	 0.0539263	 0.0826809	  0.115237	  0.158795	  0.214138	  0.295571	  0.348551	  0.385389	  0.418641	  0.457862	  0.505284	  0.541644	  0.568738	  0.599496	  0.629821	  0.655837	  0.681669	  0.703715	  0.723514	  0.740139	  0.754156	  0.766063	  0.772159	  0.776668	   0.78014	  0.782911	  0.785205	  0.787163	  0.788884	  0.790435	  0.791857	  0.793162	  0.794351	  0.795425	  0.796383	  0.797224	  0.797947	  0.798554	  0.799045	  0.799423	  0.799697	  0.799874	  0.799958	  0.799956	  0.799875	  0.799722	  0.799504	  0.799231	  0.798909
    76	     0	         0	         0	         0	         0	         0	         0	         0	         0	         0	         0	         0	         0	         0	         0	         0	         0	0.00162431	 0.0032502	0.00499905	0.00691088	 0.0165389	 0.0318235	 0.0541009	 0.0828068	  0.115241	  0.158591	  0.213615	  0.294504	  0.346986	  0.383389	  0.416264	  0.455142	  0.502232	  0.538323	  0.565223	  0.595788	   0.62636	  0.652827	   0.67914	  0.701662	  0.721894	  0.738871	  0.753167	   0.76529	  0.771435	  0.775951	  0.779408	  0.782153	  0.784411	  0.786327	  0.788001	  0.789504	  0.790875	  0.792127	   0.79326	  0.794276	  0.795172	  0.795949	  0.796606	  0.797144	  0.797564	  0.797871	  0.798074	   0.79818	  0.798195	  0.798127	  0.797983	  0.797771	    0.7975	  0.797179	  0.796816
    77	     0	         0	         0	         0	         0	         0	         0	         0	         0	         0	         0	         0	         0	         0	         0	         0	         0	 0.0014625	0.00295184	0.00457917	0.00638321	 0.0153947	 0.0298352	 0.0510365	 0.0785416	  0.109819	  0.151816	  0.205343	  0.284231	  0.336109	  0.372043	  0.405003	  0.443922	  0.490947	  0.527011	  0.554016	  0.584575	  0.616462	  0.644703	  0.672837	  0.696946	  0.718528	  0.736604	   0.75179	  0.764642	  0.771005	  0.775663	  0.779227	  0.782065	  0.784413	  0.786418	  0.788183	  0.789775	  0.791235	  0.792577	  0.793803	  0.794915	  0.795913	  0.796795	  0.797563	  0.798217	  0.798757	  0.799188	  0.799517	  0.799751	  0.799894	  0.799953	  0.799934	  0.799845	  0.799691	  0.799481	  0.799222
    78	     0	         0	         0	         0	         0	         0	         0	         0	         0	         0	         0	         0	         0	         0	         0	         0	         0	0.00165979	0.00331375	0.00509004	 0.0070317	 0.0168261	 0.0323848	 0.0550678	 0.0843027	  0.117339	  0.161485	   0.21754	  0.299899	  0.353436	  0.390856	  0.424476	  0.464131	  0.512077	  0.548946	  0.576545	  0.607942	  0.637812	  0.662765	  0.687268	  0.708117	  0.726854	  0.742569	  0.755842	  0.767157	  0.773094	  0.777549	  0.781023	  0.783826	  0.786165	  0.788175	  0.789948	  0.791549	  0.793016	  0.794362	   0.79559	  0.796701	  0.797694	  0.798569	  0.799328	  0.799972	  0.800502	  0.800923	  0.801245	  0.801474	  0.801616	  0.801678	  0.801668	  0.801592	  0.801461	  0.801281	   0.80106
    79	     0	         0	         0	         0	         0	         0	         0	         0	         0	         0	         0	         0	         0	         0	         0	         0	         0	0.00155246	0.00312446	 0.0048311	0.00671095	 0.0161056	 0.0310775	 0.0529489	 0.0811861	   0.11314	  0.155852	  0.210049	  0.289681	   0.34154	  0.377441	  0.410136	  0.448804	  0.495638	  0.531566	  0.558452	   0.58897	  0.620373	  0.647923	  0.675306	  0.698729	  0.719702	  0.737269	   0.75204	  0.764561	  0.770788	  0.775359	  0.778867	  0.781665	  0.783981	   0.78596	  0.787699	  0.789265	  0.790697	  0.792006	  0.793193	  0.794258	  0.795201	   0.79602	  0.796718	  0.797295	  0.797753	  0.798099	  0.798341	  0.798487	  0.798544	  0.798518	  0.798419	  0.798255	  0.798033	  0.797762	   0.79745
    80	     0	         0	         0	         0	         0	         0	         0	         0	         0	         0	         0	         0	         0	         0	         0	         0	         0	0.00157327	0.00317532	0.00492702	0.00687031	  0.016569	 0.0321097	  0.054912	 0.0844523	   0.11796	  0.162708	  0.219389	  0.302612	  0.356606	  0.394183	  0.427864	  0.467423	  0.515267	  0.552031	  0.579384	  0.610569	  0.639782	  0.664047	  0.687989	  0.708348	  0.726694	  0.742118	  0.755185	  0.766364	  0.772388	  0.776957	  0.780555	  0.783486	  0.785952	  0.788084	  0.789973	  0.791682	  0.793248	  0.794687	  0.796005	  0.797207	  0.798296	  0.799274	  0.800143	  0.800907	  0.801567	  0.802128	  0.802598	   0.80298	  0.803282	  0.803505	  0.803657	  0.803743	  0.803767	  0.803736	  0.803655
    81	     0	         0	         0	         0	         0	         0	         0	         0	         0	         0	         0	         0	         0	         0	         0	         0	         0	0.00164293	0.00326199	0.00498539	0.00685595	 0.0163673	 0.0314316	 0.0533593	 0.0815896	  0.113471	  0.156153	  0.210413	  0.290212	  0.342116	  0.378157	  0.410834	   0.44954	  0.496406	   0.53239	  0.559317	  0.589918	  0.621285	   0.64879	  0.676075	  0.699461	  0.720401	  0.737886	  0.752536	  0.764904	  0.771031	  0.775497	  0.778898	  0.781591	  0.783805	  0.785688	  0.787338	  0.788827	  0.790195	  0.791453	  0.792602	  0.793643	  0.794572	  0.795388	  0.796091	  0.796678	  0.797151	  0.797513	  0.797773	  0.797935	  0.798008	  0.797995	  0.797905	  0.797745	  0.797524	  0.797249	  0.796929
    82	     0	         0	         0	         0	         0	         0	         0	         0	         0	         0	         0	         0	         0	         0	         0	         0	         0	0.00163555	 0.0032568	0.00498731	0.00686781	 0.0163927	 0.0314703	 0.0534054	  0.081632	  0.113498	  0.156137	  0.210329	  0.290052	  0.341867	  0.377789	  0.410397	  0.449049	  0.495879	  0.531801	  0.558667	  0.589171	  0.620548	  0.648113	  0.675513	  0.698974	  0.719976	  0.737535	  0.752255	  0.764683	  0.770807	  0.775254	  0.778624	  0.781279	   0.78345	  0.785285	  0.786884	  0.788317	  0.789625	  0.790818	  0.791898	  0.792861	  0.793706	  0.794431	  0.795034	  0.795517	  0.795879	  0.796126	  0.796265	  0.796306	  0.796254	  0.796116	  0.795902	   0.79562	  0.795279	  0.794888	  0.794457
    83	     0	         0	         0	         0	         0	         0	         0	         0	         0	         0	         0	         0	         0	         0	         0	         0	         0	0.00153178	0.00308908	0.00478882	0.00667167	 0.0160719	 0.0311221	 0.0531956	 0.0817943	  0.114261	  0.157714	  0.212903	  0.294074	  0.347058	   0.38394	  0.417412	  0.456825	  0.504457	  0.541083	  0.568508	  0.599657	  0.630316	  0.656486	  0.682328	  0.704321	  0.724031	  0.740558	  0.754505	   0.76639	  0.772506	  0.777083	  0.780658	  0.783554	  0.785985	  0.788087	  0.789949	  0.791636	  0.793184	  0.794606	  0.795907	  0.797089	  0.798154	  0.799102	  0.799935	  0.800656	  0.801265	  0.801769	  0.802174	  0.802487	  0.802714	   0.80286	  0.802931	  0.802933	  0.802872	  0.802757	  0.802593
    84	     0	         0	         0	         0	         0	         0	         0	         0	         0	         0	         0	         0	         0	         0	         0	         0	         0	0.00158379	0.00315614	0.00483805	0.00667002	 0.0159352	 0.0306249	 0.0520142	 0.0795584	  0.110667	  0.152322	  0.205294	  0.283179	  0.333899	   0.36875	  0.400506	  0.438162	  0.483701	  0.518251	   0.54376	  0.572561	  0.604212	  0.633296	  0.662846	  0.688523	  0.711702	  0.731256	  0.747718	  0.761619	  0.768459	  0.773372	  0.777047	  0.779901	  0.782202	  0.784123	   0.78578	  0.787257	    0.7886	  0.789824	  0.790933	  0.791925	    0.7928	  0.793556	  0.794193	   0.79471	  0.795108	   0.79539	  0.795565	  0.795641	  0.795622	  0.795516	  0.795331	  0.795075	  0.794757	  0.794385	  0.793968
    85	     0	         0	         0	         0	         0	         0	         0	         0	         0	         0	         0	         0	         0	         0	         0	         0	         0	0.00163174	0.00324636	0.00497304	0.00685574	 0.0164062	 0.0315773	 0.0537116	 0.0822626	  0.114555	  0.157794	  0.212776	  0.293654	  0.346259	  0.382774	  0.415675	  0.454494	  0.501362	  0.537099	  0.563527	  0.593449	  0.623687	  0.650163	  0.676716	  0.699586	  0.720243	  0.737679	  0.752426	  0.764969	  0.771422	  0.776188	  0.779846	  0.782754	  0.785152	  0.787194	  0.788984	  0.790597	  0.792076	  0.793437	  0.794685	   0.79582	  0.796843	  0.797753	  0.798551	  0.799236	  0.799808	  0.800272	  0.800634	    0.8009	  0.801076	  0.801165	  0.801176	  0.801113	  0.800985	  0.800798	   0.80056
    86	     0	         0	         0	         0	         0	         0	         0	         0	         0	         0	         0	         0	         0	         0	         0	         0	         0	0.00157596	0.00316079	0.00487259	0.00675099	 0.0161837	 0.0311949	 0.0531133	  0.081406	  0.113429	   0.15628	  0.210723	  0.290813	  0.342964	  0.379121	  0.411962	  0.450781	  0.497756	  0.533763	  0.560645	  0.591139	  0.622234	  0.649435	   0.67651	  0.699689	  0.720474	  0.737898	  0.752552	  0.764969	  0.771181	  0.775734	  0.779216	   0.78198	  0.784258	  0.786195	  0.787891	  0.789414	  0.790804	  0.792073	  0.793224	  0.794255	  0.795167	  0.795958	  0.796628	  0.797178	   0.79761	  0.797927	  0.798138	   0.79825	  0.798269	    0.7982	  0.798053	  0.797833	   0.79755	  0.797212	  0.796826
    87	     0	         0	         0	         0	         0	         0	         0	         0	         0	         0	         0	         0	         0	         0	         0	         0	         0	0.00154164	0.00310008	0.00479539	0.00666973	 0.0160634	 0.0310999	 0.0531624	 0.0817662	  0.114272	  0.157856	  0.213347	  0.295107	  0.348659	  0.386056	  0.419951	  0.459795	  0.507828	  0.544678	  0.572174	  0.603302	  0.633458	  0.658998	  0.684266	  0.705778	  0.725119	  0.741411	  0.755219	  0.767026	  0.773219	  0.777883	  0.781536	  0.784498	  0.786984	  0.789131	  0.791032	  0.792753	  0.794331	  0.795781	  0.797107	  0.798315	  0.799403	  0.800375	  0.801232	  0.801977	   0.80261	  0.803137	  0.803566	  0.803902	  0.804152	  0.804318	  0.804409	   0.80443	  0.804387	  0.804287	  0.804137
    88	     0	         0	         0	         0	         0	         0	         0	         0	         0	         0	         0	         0	         0	         0	         0	         0	         0	0.00165029	0.00328657	0.00503275	0.00692931	 0.0165376	 0.0317398	 0.0538481	 0.0822846	  0.114371	  0.157276	   0.21177	  0.291917	  0.343918	  0.379988	  0.412652	  0.451375	  0.498329	  0.534395	  0.561395	  0.592099	  0.623331	  0.650572	  0.677588	   0.70067	  0.721314	  0.738553	  0.752993	  0.765178	   0.77119	  0.775556	  0.778864	  0.781469	  0.783598	  0.785397	  0.786964	   0.78837	  0.789653	  0.790826	  0.791887	  0.792835	  0.793667	  0.794381	  0.794975	   0.79545	  0.795807	  0.796049	  0.796186	  0.796226	  0.796175	   0.79604	  0.795831	  0.795556	  0.795224	  0.794844	  0.794426
    89	     0	         0	         0	         0	         0	         0	         0	         0	         0	         0	         0	         0	         0	         0	         0	         0	         0	0.00160088	0.00320168	0.00492702	0.00681984	 0.0163697	 0.0315923	 0.0538672	 0.0826871	  0.115395	  0.159264	  0.215169	  0.297618	  0.351666	  0.389682	  0.424129	  0.464703	  0.513719	  0.551724	  0.580513	  0.613279	  0.643853	  0.668822	  0.692949	  0.713142	  0.731053	  0.745918	  0.758375	  0.768949	  0.774395	   0.77849	  0.781705	  0.784325	  0.786539	  0.788465	  0.790185	  0.791755	  0.793208	  0.794551	  0.795784	  0.796905	  0.797911	    0.7988	  0.799571	  0.800226	  0.800764	  0.801191	  0.801515	  0.801741	  0.801878	   0.80193	  0.801905	  0.801811	  0.801656	  0.801448	  0.801194
    90	     0	         0	         0	         0	         0	         0	         0	         0	         0	         0	         0	         0	         0	         0	         0	         0	         0	0.00178342	0.00352469	0.00536513	0.00735146	 0.0175189	  0.033574	 0.0569043	 0.0868896	  0.120702	  0.165876	  0.223254	  0.307489	  0.362003	  0.400345	  0.434275	  0.474286	   0.52272	   0.56016	  0.588234	  0.620302	  0.649295	  0.672679	  0.695442	  0.714624	  0.731803	  0.746122	   0.75815	  0.768354	  0.773832	  0.777946	  0.781147	   0.78372	  0.785858	  0.787689	  0.789301	  0.790759	  0.792099	  0.793333	  0.794461	  0.795482	  0.796394	  0.797194	  0.797882	  0.798456	  0.798917	  0.799269	  0.799519	  0.799674	   0.79974	  0.799723	  0.799631	  0.799473	  0.799255	  0.798988	  0.798679
    91	     0	         0	         0	         0	         0	         0	         0	         0	         0	         0	         0	         0	         0	         0	         0	         0	         0	0.00156485	0.00315484	0.00488963	0.00681054	 0.0164086	 0.0317719	  0.054299	 0.0834735	  0.116571	  0.160818	  0.216946	  0.299438	  0.353125	  0.390554	  0.424301	  0.464012	  0.512063	  0.549125	  0.576914	  0.608612	  0.638606	  0.663552	  0.687985	  0.708685	  0.727228	  0.742723	  0.755781	  0.766907	  0.772753	  0.777161	  0.780622	  0.783439	   0.78581	  0.787864	  0.789687	   0.79134	  0.792859	  0.794256	  0.795537	  0.796703	  0.797755	  0.798696	  0.799526	  0.800248	  0.800862	  0.801374	  0.801791	  0.802119	  0.802363	  0.802528	   0.80262	  0.802646	   0.80261	  0.802521	  0.802383
    92	     0	         0	         0	         0	         0	         0	         0	         0	         0	         0	         0	         0	         0	         0	         0	         0	         0	0.00164415	0.00327375	  0.005016	0.00691365	  0.016511	 0.0317283	 0.0538846	 0.0824121	  0.114627	    0.1577	  0.212411	  0.292815	   0.34509	  0.381451	   0.41434	  0.453221	  0.500225	   0.53623	  0.563102	  0.593568	  0.624418	  0.651273	  0.677962	  0.700828	  0.721367	  0.738617	   0.75316	  0.765514	  0.771764	  0.776378	   0.77993	  0.782767	  0.785117	  0.787125	  0.788893	  0.790488	  0.791949	  0.793291	  0.794515	  0.795621	  0.796608	  0.797474	  0.798222	  0.798851	  0.799363	  0.799763	  0.800059	  0.800259	  0.800369	  0.800396	  0.800347	  0.800231	  0.800055	  0.799828	  0.799558
    93	     0	         0	         0	         0	         0	         0	         0	         0	         0	         0	         0	         0	         0	         0	         0	         0	         0	 0.0015875	0.00319132	0.00493148	0.00684874	 0.0164589	 0.0317927	 0.0542306	 0.0832477	  0.116144	  0.160164	  0.216111	  0.298456	  0.352177	   0.38975	  0.423708	  0.463725	  0.512136	  0.549533	  0.577699	  0.609776	  0.640066	  0.665129	  0.689569	  0.710184	  0.728584	  0.743933	  0.756844	  0.767827	  0.773525	  0.777803	   0.78115	  0.783865	  0.786145	  0.788116	  0.789864	  0.791449	  0.792906	  0.794245	  0.795467	  0.796573	   0.79756	  0.798429	   0.79918	  0.799814	  0.800334	  0.800743	  0.801052	  0.801267	  0.801395	  0.801441	  0.801414	  0.801322	  0.801172	  0.800973	  0.800733
    94	     0	         0	         0	         0	         0	         0	         0	         0	         0	         0	         0	         0	         0	         0	         0	         0	         0	 0.0016502	0.00330105	0.00507894	0.00702632	  0.016836	 0.0324371	 0.0552078	 0.0845826	  0.117802	  0.162185	  0.218512	  0.301282	  0.354997	  0.392509	  0.426125	  0.465731	  0.513626	  0.550456	  0.577961	  0.609268	  0.638897	  0.663621	  0.687975	  0.708682	  0.727296	  0.742916	  0.756109	   0.76735	  0.773285	  0.777741	  0.781216	   0.78402	  0.786362	  0.788375	  0.790153	  0.791761	  0.793236	  0.794592	   0.79583	  0.796953	  0.797961	  0.798852	  0.799628	   0.80029	  0.800838	  0.801278	  0.801618	  0.801864	  0.802023	  0.802098	    0.8021	  0.802033	  0.801905	  0.801725	    0.8015
    95	     0	         0	         0	         0	         0	         0	         0	         0	         0	         0	         0	         0	         0	         0	         0	         0	         0	0.00159409	0.00318293	0.00489146	0.00676238	 0.0162184	 0.0312769	  0.053288	 0.0817325	  0.113966	  0.157173	  0.212166	  0.293141	   0.34604	   0.38292	  0.416352	  0.455816	  0.503523	   0.54024	  0.567771	  0.599061	   0.62989	  0.656229	  0.682149	  0.704231	  0.723995	    0.7405	  0.754369	  0.766133	  0.772114	   0.77655	  0.779983	  0.782742	  0.785042	  0.787019	  0.788767	  0.790351	  0.791809	  0.793152	  0.794383	  0.795504	  0.796513	  0.797408	  0.798191	  0.798862	   0.79942	  0.799871	  0.800221	  0.800477	  0.800644	  0.800728	  0.800735	  0.800672	  0.800546	  0.800366	  0.800137
    96	     0	         0	         0	         0	         0	         0	         0	         0	         0	         0	         0	         0	         0	         0	         0	         0	         0	0.00168121	 0.0033408	 0.0051053	0.00701581	 0.0167239	 0.0320545	 0.0543204	  0.082924	   0.11516	  0.158251	  0.212989	  0.293481	  0.345558	  0.381538	  0.413918	  0.452303	  0.498809	  0.534236	  0.560435	  0.590155	   0.62058	  0.647424	  0.674415	  0.697661	  0.718631	    0.7363	  0.751187	   0.76378	  0.770093	  0.774656	  0.778079	  0.780736	  0.782872	  0.784645	  0.786164	  0.787507	   0.78872	  0.789818	  0.790803	  0.791672	  0.792426	  0.793061	  0.793577	  0.793975	  0.794253	  0.794417	  0.794475	  0.794435	  0.794304	  0.794088	  0.793796	  0.793439	  0.793025	  0.792563	  0.792064
    97	     0	         0	         0	         0	         0	         0	         0	         0	         0	         0	         0	         0	         0	         0	         0	         0	         0	0.00156385	0.00314352	0.00485821	0.00674867	 0.0162196	 0.0313411	 0.0534724	 0.0820914	  0.114522	  0.157889	  0.212909	  0.293772	   0.34638	  0.382912	  0.416009	  0.455042	  0.502267	  0.538537	  0.565626	  0.596418	  0.627131	  0.653617	  0.679856	  0.702253	  0.722337	  0.739168	  0.753353	  0.765415	  0.771571	   0.77615	  0.779704	  0.782569	  0.784963	  0.787026	   0.78885	  0.790502	  0.792019	  0.793413	   0.79469	  0.795849	  0.796893	  0.797821	  0.798634	  0.799336	  0.799926	  0.800409	  0.800794	  0.801086	  0.801292	  0.801415	  0.801464	  0.801443	   0.80136	  0.801222	  0.801034
    98	     0	         0	         0	         0	         0	         0	         0	         0	         0	         0	         0	         0	         0	         0	         0	         0	         0	0.00159409	0.00318293	0.00489146	0.00676238	 0.0162184	 0.0312769	  0.053288	 0.0817325	  0.113966	  0.157173	  0.212166	  0.293141	   0.34604	   0.38292	  0.416352	  0.455816	  0.503523	   0.54024	  0.567771	  0.599061	   0.62989	  0.656229	  0.682149	  0.704231	  0.723995	    0.7405	  0.754369	  0.766133	  0.772114	   0.77655	  0.779983	  0.782742	  0.785042	  0.787019	  0.788767	  0.790351	  0.791809	  0.793152	  0.794383	  0.795504	  0.796513	  0.797408	  0.798191	  0.798862	   0.79942	  0.799871	  0.800221	  0.800477	  0.800644	  0.800728	  0.800735	  0.800672	  0.800546	  0.800366	  0.800137
    99	     0	         0	         0	         0	         0	         0	         0	         0	         0	         0	         0	         0	         0	         0	         0	         0	         0	0.00153843	 0.0031047	 0.0048136	0.00670437	 0.0161593	 0.0312861	 0.0534778	 0.0822482	  0.114948	  0.158791	    0.2146	  0.296931	  0.350804	  0.388468	   0.42263	  0.462868	  0.511552	  0.549233	   0.57766	  0.610035	  0.640512	  0.665661	  0.690144	  0.710701	  0.728977	  0.744169	  0.756901	   0.76769	  0.773216	  0.777329	  0.780521	  0.783092	  0.785236	  0.787079	  0.788705	  0.790174	  0.791519	   0.79275	  0.793867	   0.79487	  0.795757	  0.796526	  0.797177	   0.79771	  0.798126	   0.79843	  0.798629	   0.79873	  0.798738	   0.79866	  0.798504	  0.798275	  0.797984	  0.797636	  0.797241
   100	     0	         0	         0	         0	         0	         0	         0	         0	         0	         0	         0	         0	         0	         0	         0	         0	         0	0.00152226	0.00307379	0.00476796	0.00664347	 0.0159968	  0.030955	 0.0528721	 0.0812479	  0.113445	   0.15655	   0.21133	  0.291945	  0.344623	  0.381213	  0.414533	  0.453868	  0.501495	  0.538175	  0.565737	   0.59708	  0.628197	  0.654842	  0.681067	  0.703344	  0.723234	  0.739828	  0.753758	  0.765566	  0.771484	  0.775852	  0.779221	   0.78192	  0.784163	  0.786084	  0.787776	  0.789301	  0.790695	   0.79197	  0.793126	  0.794163	  0.795082	  0.795881	  0.796561	  0.797123	  0.797568	  0.797902	  0.798133	  0.798269	  0.798315	  0.798278	  0.798166	  0.797986	  0.797747	  0.797456	  0.797121
   101	     0	         0	         0	         0	         0	         0	         0	         0	         0	         0	         0	         0	         0	         0	         0	         0	         0	 0.0015875	0.00319132	0.00493148	0.00684874	 0.0164589	 0.0317927	 0.0542306	 0.0832477	  0.116144	  0.160164	  0.216111	  0.298456	  0.352177	   0.38975	  0.423708	  0.463725	  0.512136	  0.549533	  0.577699	  0.609776	  0.640066	  0.665129	  0.689569	  0.710184	  0.728584	  0.743933	  0.756844	  0.767827	  0.773525	  0.777803	   0.78115	  0.783865	  0.786145	  0.788116	  0.789864	  0.791449	  0.792906	  0.794245	  0.795467	  0.796573	   0.79756	  0.798429	   0.79918	  0.799814	  0.800334	  0.800743	  0.801052	  0.801267	  0.801395	  0.801441	  0.801414	  0.801322	  0.801172	  0.800973	  0.800733
   102	     0	         0	         0	         0	         0	         0	         0	         0	         0	         0	         0	         0	         0	         0	         0	         0	         0	0.00163899	0.00326301	0.00499817	 0.0068866	 0.0164556	 0.0316259	 0.0537232	 0.0821898	   0.11436	  0.157426	    0.2122	  0.292803	  0.345277	  0.381808	  0.414874	   0.45399	  0.501315	  0.537667	  0.564881	  0.595784	  0.626726	  0.653466	  0.679924	  0.702537	    0.7228	  0.739752	  0.753992	  0.766048	  0.772109	   0.77656	  0.779967	  0.782675	  0.784907	  0.786807	  0.788473	  0.789973	  0.791348	  0.792608	  0.793756	  0.794791	  0.795712	  0.796516	  0.797203	  0.797773	  0.798226	  0.798567	  0.798803	  0.798942	  0.798989	   0.79895	  0.798833	  0.798646	  0.798397	  0.798095	  0.797748
   103	     0	         0	         0	         0	         0	         0	         0	         0	         0	         0	         0	         0	         0	         0	         0	         0	         0	0.00156349	 0.0031405	0.00484923	0.00672983	 0.0161612	 0.0312016	 0.0531992	 0.0816334	  0.113853	  0.156974	   0.21176	   0.29237	  0.344918	  0.381441	  0.414594	  0.453719	  0.501045	  0.537407	  0.564624	  0.595524	  0.626511	  0.653295	  0.679834	  0.702462	   0.72272	  0.739684	  0.753957	  0.766066	  0.772177	  0.776693	  0.780176	  0.782968	  0.785289	  0.787281	  0.789039	  0.790629	  0.792088	   0.79343	  0.794656	  0.795766	   0.79676	  0.797636	  0.798395	  0.799038	  0.799566	  0.799983	  0.800297	  0.800515	  0.800643	  0.800686	  0.800652	  0.800548	  0.800381	  0.800159	  0.799889
   104	     0	         0	         0	         0	         0	         0	         0	         0	         0	         0	         0	         0	         0	         0	         0	         0	         0	0.00156592	0.00314333	0.00485106	0.00672973	 0.0161687	 0.0312277	 0.0532715	 0.0818002	   0.11418	  0.157597	  0.212876	  0.294376	  0.347723	  0.385036	  0.418954	  0.458965	  0.507365	  0.544836	  0.573162	   0.60542	  0.636449	  0.662386	  0.687624	  0.708866	  0.727718	  0.743349	  0.756414	  0.767462	  0.773009	  0.777119	  0.780305	  0.782872	   0.78502	  0.786872	  0.788513	  0.790003	  0.791372	  0.792631	  0.793779	  0.794815	  0.795735	  0.796538	  0.797223	   0.79779	  0.798239	  0.798574	  0.798803	  0.798932	  0.798967	  0.798914	  0.798781	  0.798573	    0.7983	  0.797969	  0.797587
   105	     0	         0	         0	         0	         0	         0	         0	         0	         0	         0	         0	         0	         0	         0	         0	         0	         0	0.00157525	 0.0031629	0.00488204	0.00677303	 0.0162619	 0.0313892	 0.0535109	 0.0821053	  0.114512	  0.157895	  0.213046	  0.294225	  0.347205	  0.384148	  0.417668	  0.457222	   0.50507	  0.541941	  0.569653	  0.601153	  0.632006	  0.658204	  0.683947	  0.705787	  0.725291	  0.741581	  0.755274	  0.766898	  0.772798	  0.777182	  0.780583	  0.783323	  0.785612	  0.787584	  0.789328	  0.790909	  0.792361	  0.793696	  0.794914	  0.796015	  0.796998	  0.797863	  0.798609	  0.799238	   0.79975	  0.800151	  0.800449	  0.800651	  0.800764	  0.800793	  0.800746	   0.80063	  0.800454	  0.800226	  0.799953
   106	     0	         0	         0	         0	         0	         0	         0	         0	         0	         0	         0	         0	         0	         0	         0	         0	         0	0.00158894	0.00317291	0.00487465	0.00673574	 0.0161381	 0.0310917	 0.0529266	 0.0811155	  0.113029	  0.155784	  0.210166	  0.290208	  0.342402	   0.37863	  0.411528	  0.450412	  0.497436	  0.533483	  0.560387	  0.590904	  0.622032	  0.649277	  0.676372	  0.699586	  0.720407	  0.737851	  0.752519	  0.764944	  0.771174	  0.775747	   0.77925	  0.782038	  0.784342	  0.786308	  0.788036	  0.789597	  0.791029	  0.792346	  0.793549	  0.794639	  0.795615	  0.796475	   0.79722	  0.797848	  0.798362	  0.798764	  0.799064	  0.799266	  0.799378	  0.799404	  0.799352	  0.799229	  0.799042	    0.7988	   0.79851
   107	     0	         0	         0	         0	         0	         0	         0	         0	         0	         0	         0	         0	         0	         0	         0	         0	         0	 0.0015698	0.00315667	0.00488123	0.00678508	 0.0163307	  0.031591	 0.0539571	 0.0829204	   0.11579	  0.159794	  0.215713	  0.298015	  0.351682	   0.38912	  0.422907	  0.462665	  0.510718	  0.547714	  0.575393	  0.606883	  0.636915	  0.662062	  0.686786	  0.707759	   0.72656	  0.742304	  0.755583	  0.766896	  0.772814	  0.777259	  0.780734	  0.783549	   0.78591	   0.78795	  0.789757	  0.791396	  0.792901	  0.794287	  0.795557	  0.796712	  0.797754	  0.798681	  0.799496	    0.8002	  0.800793	  0.801281	   0.80167	  0.801967	  0.802177	  0.802304	  0.802356	  0.802339	  0.802258	  0.802122	  0.801936
   108	     0	         0	         0	         0	         0	         0	         0	         0	         0	         0	         0	         0	         0	         0	         0	         0	         0	0.00159409	0.00318293	0.00489146	0.00676238	 0.0162184	 0.0312769	  0.053288	 0.0817325	  0.113966	  0.157173	  0.212166	  0.293141	   0.34604	   0.38292	  0.416352	  0.455816	  0.503523	   0.54024	  0.567771	  0.599061	   0.62989	  0.656229	  0.682149	  0.704231	  0.723995	    0.7405	  0.754369	  0.766133	  0.772114	   0.77655	  0.779983	  0.782742	  0.785042	  0.787019	  0.788767	  0.790351	  0.791809	  0.793152	  0.794383	  0.795504	  0.796513	  0.797408	  0.798191	  0.798862	   0.79942	  0.799871	  0.800221	  0.800477	  0.800644	  0.800728	  0.800735	  0.800672	  0.800546	  0.800366	  0.800137
   109	     0	         0	         0	         0	         0	         0	         0	         0	         0	         0	         0	         0	         0	         0	         0	         0	         0	0.00159023	 0.0031949	0.00493347	0.00684631	 0.0164446	 0.0317464	 0.0541296	 0.0830711	  0.115886	  0.159827	  0.215728	  0.298093	  0.351888	  0.389561	   0.42364	  0.463804	  0.512378	  0.549916	  0.578219	  0.610416	  0.640771	  0.665839	  0.690273	  0.710837	  0.729163	  0.744446	  0.757292	  0.768208	  0.773841	  0.778055	   0.78134	  0.783996	  0.786219	  0.788135	  0.789831	  0.791367	  0.792778	  0.794073	  0.795252	  0.796314	  0.797258	  0.798081	  0.798785	   0.79937	  0.799837	  0.800191	  0.800442	  0.800596	   0.80066	  0.800642	  0.800548	  0.800387	  0.800169	    0.7999	   0.79959
   110	     0	         0	         0	         0	         0	         0	         0	         0	         0	         0	         0	         0	         0	         0	         0	         0	         0	0.00163124	 0.0032747	0.00505589	 0.0070178	 0.0168709	 0.0325984	 0.0556242	 0.0854149	    0.1192	  0.164393	  0.221823	  0.306322	  0.361386	  0.400093	  0.434717	  0.475371	   0.52448	  0.562466	  0.591012	  0.623573	  0.652506	   0.67548	  0.697747	  0.716421	  0.733138	  0.747099	   0.75888	  0.768941	  0.774475	   0.77871	  0.782068	  0.784818	  0.787143	  0.789161	  0.790954	  0.792582	  0.794077	  0.795452	  0.796708	  0.797848	  0.798871	  0.799777	  0.800569	  0.801247	  0.801812	  0.802271	   0.80263	  0.802897	  0.803077	  0.803176	  0.803201	  0.803158	  0.803055	  0.802898	  0.802697
   111	     0	         0	         0	         0	         0	         0	         0	         0	         0	         0	         0	         0	         0	         0	         0	         0	         0	0.00154866	0.00311859	0.00482336	0.00670077	  0.016091	 0.0310553	 0.0529274	 0.0811874	  0.113206	  0.156076	  0.210593	  0.290868	  0.343326	  0.379801	  0.413071	  0.452425	  0.500105	  0.536866	  0.564567	  0.596055	  0.627486	  0.654457	  0.680966	  0.703464	  0.723511	  0.740215	  0.754212	  0.766053	  0.771922	   0.77623	  0.779539	   0.78218	  0.784368	  0.786238	   0.78788	   0.78936	  0.790711	  0.791944	  0.793059	  0.794053	  0.794926	  0.795676	  0.796304	  0.796809	  0.797195	  0.797466	  0.797632	    0.7977	  0.797679	  0.797574	  0.797396	  0.797152	  0.796852	  0.796505	   0.79612
   112	     0	         0	         0	         0	         0	         0	         0	         0	         0	         0	         0	         0	         0	         0	         0	         0	         0	0.00159113	0.00318089	0.00489058	0.00676113	 0.0161931	  0.031189	 0.0530776	  0.081329	  0.113312	  0.156154	  0.210663	  0.290927	  0.343322	  0.379803	  0.412978	  0.452196	  0.499641	   0.53615	  0.563575	  0.594706	  0.626026	   0.65309	  0.679801	  0.702543	  0.722849	  0.739803	  0.754026	  0.766063	  0.772056	  0.776458	  0.779838	  0.782535	  0.784769	  0.786679	  0.788361	   0.78988	  0.791272	   0.79255	  0.793713	  0.794761	  0.795691	  0.796503	  0.797194	  0.797767	  0.798222	  0.798563	  0.798799	  0.798937	  0.798983	  0.798944	  0.798827	  0.798641	  0.798394	  0.798094	   0.79775
   113	     0	         0	         0	         0	         0	         0	         0	         0	         0	         0	         0	         0	         0	         0	         0	         0	         0	0.00158856	0.00316452	0.00485322	0.00669765	  0.016033	 0.0308765	 0.0525464	 0.0805172	  0.112179	  0.154608	  0.208587	  0.288018	  0.339847	  0.375805	  0.408491	  0.447101	  0.493718	  0.529342	  0.555838	  0.585803	  0.617072	  0.644869	  0.672715	  0.696688	  0.718248	  0.736382	   0.75167	  0.764642	  0.771167	  0.775965	  0.779647	  0.782584	  0.785017	  0.787098	  0.788932	  0.790591	  0.792116	  0.793521	  0.794811	  0.795986	  0.797047	  0.797993	  0.798824	   0.79954	  0.800143	  0.800636	  0.801027	  0.801322	  0.801525	  0.801642	   0.80168	  0.801645	  0.801544	  0.801384	  0.801171
   114	     0	         0	         0	         0	         0	         0	         0	         0	         0	         0	         0	         0	         0	         0	         0	         0	         0	0.00156897	0.00314961	0.00486021	0.00674086	 0.0161846	 0.0312375	 0.0532537	 0.0817166	  0.113982	  0.157189	  0.212115	  0.292987	  0.345749	   0.38251	  0.415918	  0.455356	   0.50308	  0.539861	  0.567499	  0.598906	   0.62995	  0.656462	  0.682543	   0.70466	  0.724386	  0.740851	  0.754679	  0.766408	  0.772316	  0.776694	  0.780083	  0.782811	  0.785088	  0.787048	  0.788781	  0.790352	  0.791793	  0.793117	  0.794323	  0.795412	   0.79638	  0.797229	  0.797957	  0.798566	  0.799057	  0.799436	  0.799711	   0.79989	  0.799978	  0.799981	  0.799909	  0.799768	  0.799566	  0.799311	  0.799012
   115	     0	         0	         0	         0	         0	         0	         0	         0	         0	         0	         0	         0	         0	         0	         0	         0	         0	0.00167128	0.00333384	0.00511501	0.00705716	 0.0168608	 0.0324064	  0.055039	 0.0841799	  0.117087	  0.161059	  0.216904	  0.298969	  0.352303	  0.389553	   0.42306	   0.46263	  0.510498	  0.547324	  0.574913	  0.606308	  0.636409	  0.661669	  0.686464	  0.707548	  0.726454	  0.742266	  0.755573	  0.766875	  0.772702	  0.777032	  0.780379	  0.783061	  0.785286	  0.787189	  0.788863	  0.790373	  0.791755	  0.793022	  0.794173	   0.79521	  0.796129	  0.796929	  0.797611	  0.798174	   0.79862	  0.798952	  0.799179	  0.799308	  0.799345	  0.799296	   0.79917	  0.798974	  0.798716	  0.798406	  0.798051
   116	     0	         0	         0	         0	         0	         0	         0	         0	         0	         0	         0	         0	         0	         0	         0	         0	         0	0.00156349	 0.0031405	0.00484923	0.00672983	 0.0161612	 0.0312016	 0.0531992	 0.0816334	  0.113853	  0.156974	   0.21176	   0.29237	  0.344918	  0.381441	  0.414594	  0.453719	  0.501045	  0.537407	  0.564624	  0.595524	  0.626511	  0.653295	  0.679834	  0.702462	   0.72272	  0.739684	  0.753957	  0.766066	  0.772177	  0.776693	  0.780176	  0.782968	  0.785289	  0.787281	  0.789039	  0.790629	  0.792088	   0.79343	  0.794656	  0.795766	   0.79676	  0.797636	  0.798395	  0.799038	  0.799566	  0.799983	  0.800297	  0.800515	  0.800643	  0.800686	  0.800652	  0.800548	  0.800381	  0.800159	  0.799889
   117	     0	         0	         0	         0	         0	         0	         0	         0	         0	         0	         0	         0	         0	         0	         0	         0	         0	0.00157525	0.00315074	0.00484734	0.00670611	 0.0160821	 0.0310072	 0.0528184	 0.0809998	  0.112934	   0.15575	  0.210274	  0.290624	  0.343125	  0.379621	  0.412776	   0.45194	  0.499279	  0.535595	  0.562742	  0.593513	  0.624561	  0.651537	  0.678324	   0.70121	  0.721718	  0.738899	  0.753344	  0.765576	  0.771706	  0.776197	  0.779627	  0.782346	  0.784582	  0.786481	  0.788143	  0.789637	  0.791003	  0.792254	  0.793392	  0.794418	   0.79533	  0.796125	  0.796804	  0.797366	  0.797811	  0.798144	  0.798372	  0.798501	  0.798538	  0.798486	  0.798356	  0.798153	  0.797885	  0.797561	  0.797189
   118	     0	         0	         0	         0	         0	         0	         0	         0	         0	         0	         0	         0	         0	         0	         0	         0	         0	 0.0016759	 0.0033335	0.00510393	 0.0070312	 0.0168062	 0.0323096	 0.0548971	 0.0839913	  0.116851	   0.16077	  0.216529	  0.298454	  0.351547	  0.388505	  0.421612	  0.460672	  0.507897	  0.544048	  0.570889	  0.601382	  0.631234	    0.6568	  0.682239	  0.704025	  0.723664	  0.740194	   0.75416	  0.766041	  0.772217	  0.776804	  0.780344	  0.783171	  0.785511	  0.787509	  0.789264	  0.790848	  0.792301	  0.793637	   0.79486	  0.795971	  0.796969	  0.797853	  0.798623	  0.799281	  0.799825	  0.800261	  0.800596	  0.800836	  0.800988	  0.801056	  0.801049	  0.800971	  0.800833	   0.80064	  0.800402
   119	     0	         0	         0	         0	         0	         0	         0	         0	         0	         0	         0	         0	         0	         0	         0	         0	         0	0.00178342	0.00352469	0.00536513	0.00735146	 0.0175189	  0.033574	 0.0569043	 0.0868896	  0.120702	  0.165876	  0.223254	  0.307489	  0.362003	  0.400345	  0.434275	  0.474286	   0.52272	   0.56016	  0.588234	  0.620302	  0.649295	  0.672679	  0.695442	  0.714624	  0.731803	  0.746122	   0.75815	  0.768354	  0.773832	  0.777946	  0.781147	   0.78372	  0.785858	  0.787689	  0.789301	  0.790759	  0.792099	  0.793333	  0.794461	  0.795482	  0.796394	  0.797194	  0.797882	  0.798456	  0.798917	  0.799269	  0.799519	  0.799674	   0.79974	  0.799723	  0.799631	  0.799473	  0.799255	  0.798988	  0.798679
   120	     0	         0	         0	         0	         0	         0	         0	         0	         0	         0	         0	         0	         0	         0	         0	         0	         0	0.00158035	0.00316376	 0.0048699	0.00673888	 0.0161362	 0.0310762	 0.0528684	 0.0809664	   0.11273	  0.155206	  0.209141	  0.288405	   0.33999	    0.3757	  0.408184	  0.446619	  0.493132	  0.528732	  0.555302	  0.585411	  0.616882	  0.644825	   0.67276	   0.69678	  0.718351	  0.736467	  0.751719	  0.764645	  0.771093	   0.77582	  0.779436	  0.782312	  0.784685	  0.786706	   0.78848	  0.790077	  0.791538	  0.792877	  0.794095	  0.795195	  0.796176	  0.797037	   0.79778	  0.798405	  0.798914	  0.799313	   0.79961	  0.799812	  0.799926	  0.799959	  0.799918	  0.799811	  0.799647	  0.799433	  0.799177
   121	     0	         0	         0	         0	         0	         0	         0	         0	         0	         0	         0	         0	         0	         0	         0	         0	         0	0.00159192	0.00318561	0.00489955	0.00677303	 0.0162119	 0.0311996	 0.0530543	 0.0812387	  0.113125	  0.155833	  0.210173	  0.290221	  0.342478	  0.378826	  0.411949	  0.451176	  0.498711	  0.535359	  0.562984	  0.594381	  0.626002	  0.653262	  0.680063	  0.702782	  0.722983	   0.73978	  0.753817	  0.765656	   0.77143	  0.775632	  0.778832	  0.781369	   0.78346	  0.785238	  0.786798	  0.788203	  0.789488	  0.790663	  0.791724	  0.792669	  0.793495	  0.794198	  0.794778	  0.795235	  0.795569	  0.795787	  0.795897	  0.795908	  0.795827	  0.795662	  0.795423	  0.795118	  0.794757	   0.79435	  0.793906
   122	     0	         0	         0	         0	         0	         0	         0	         0	         0	         0	         0	         0	         0	         0	         0	         0	         0	0.00156972	0.00316274	0.00489629	0.00680996	 0.0163691	 0.0316275	 0.0539465	 0.0827887	  0.115446	  0.159066	  0.214356	  0.295575	  0.348314	  0.384924	  0.418036	  0.457107	  0.504432	  0.540814	  0.568022	  0.598987	  0.629538	  0.655686	  0.681542	  0.703574	  0.723321	  0.739856	   0.75378	  0.765611	  0.771647	  0.776124	  0.779586	  0.782363	  0.784671	  0.786648	  0.788387	  0.789953	  0.791384	  0.792691	  0.793879	  0.794947	  0.795898	   0.79673	  0.797444	  0.798044	  0.798528	  0.798904	  0.799179	   0.79936	  0.799453	  0.799463	  0.799399	  0.799266	  0.799073	  0.798827	  0.798536
   123	     0	         0	         0	         0	         0	         0	         0	         0	         0	         0	         0	         0	         0	         0	         0	         0	         0	0.00160055	0.00319931	0.00491798	0.00679722	  0.016271	 0.0313223	 0.0532738	 0.0815779	   0.11358	  0.156398	  0.210799	  0.290791	  0.342837	  0.378928	  0.411663	  0.450378	  0.497214	  0.533071	  0.559798	  0.590108	  0.621149	  0.648421	   0.67562	  0.698995	  0.720009	  0.737657	  0.752522	  0.765129	  0.771484	  0.776156	  0.779737	  0.782587	  0.784939	  0.786944	  0.788702	  0.790286	  0.791736	  0.793064	  0.794275	  0.795369	  0.796346	  0.797204	  0.797945	  0.798569	  0.799077	  0.799474	  0.799769	  0.799966	  0.800074	  0.800097	  0.800043	  0.799919	  0.799734	  0.799495	   0.79921
   124	     0	         0	         0	         0	         0	         0	         0	         0	         0	         0	         0	         0	         0	         0	         0	         0	         0	0.00174341	 0.0034466	0.00524346	0.00717735	 0.0170598	 0.0326205	  0.055169	 0.0840776	    0.1166	  0.160033	  0.215159	  0.296114	   0.34841	  0.384753	  0.417382	  0.456106	  0.503093	  0.539177	  0.566145	   0.59687	  0.627516	  0.653958	  0.680121	  0.702495	  0.722557	  0.739319	  0.753371	  0.765237	  0.771169	  0.775484	  0.778754	  0.781323	  0.783416	  0.785176	  0.786703	  0.788067	  0.789311	  0.790445	  0.791471	  0.792385	  0.793186	   0.79387	  0.794438	   0.79489	  0.795224	  0.795447	  0.795567	  0.795591	  0.795527	  0.795383	  0.795167	  0.794888	  0.794556	  0.794181	  0.793771
   125	     0	         0	         0	         0	         0	         0	         0	         0	         0	         0	         0	         0	         0	         0	         0	         0	         0	0.00154036	0.00311492	0.00483527	0.00673868	 0.0162091	  0.031332	 0.0534583	 0.0820662	  0.114488	  0.157828	  0.212823	  0.293698	  0.346429	  0.383148	  0.416601	  0.456122	  0.504036	    0.5411	  0.569119	  0.601048	   0.63234	  0.658791	  0.684618	  0.706395	  0.725726	  0.741775	  0.755201	  0.766564	  0.772206	  0.776374	    0.7796	  0.782198	  0.784367	  0.786234	  0.787882	   0.78937	  0.790729	  0.791967	  0.793082	  0.794074	  0.794942	  0.795682	  0.796297	  0.796788	  0.797156	  0.797406	  0.797548	   0.79759	  0.797539	    0.7974	  0.797184	  0.796897	  0.796549	  0.796148	  0.795702
   126	     0	         0	         0	         0	         0	         0	         0	         0	         0	         0	         0	         0	         0	         0	         0	         0	         0	0.00152292	0.00306282	0.00473545	0.00658042	 0.0158216	 0.0305805	 0.0521879	 0.0801401	  0.111833	  0.154282	  0.208245	   0.28764	  0.339482	  0.375349	  0.408032	  0.446634	  0.493309	   0.52902	  0.555635	  0.585774	  0.617145	   0.64497	  0.672821	  0.696772	  0.718298	   0.73639	  0.751635	  0.764563	  0.771048	  0.775808	  0.779453	  0.782354	  0.784748	  0.786787	  0.788577	  0.790188	  0.791661	  0.793011	  0.794243	  0.795359	  0.796358	  0.797242	  0.798011	  0.798666	  0.799209	  0.799643	  0.799978	  0.800218	  0.800371	   0.80044	  0.800435	   0.80036	  0.800224	  0.800034	  0.799797
   127	     0	         0	         0	         0	         0	         0	         0	         0	         0	         0	         0	         0	         0	         0	         0	         0	         0	0.00167724	0.00332415	0.00507066	0.00695977	 0.0165897	 0.0318071	 0.0539287	 0.0823756	  0.114477	  0.157438	  0.212059	  0.292422	  0.344608	  0.380934	  0.413788	  0.452712	  0.499851	  0.536088	  0.563241	  0.594097	  0.625267	  0.652326	    0.6791	  0.701953	  0.722383	   0.73944	  0.753735	  0.765806	  0.771797	  0.776167	  0.779495	  0.782129	  0.784293	  0.786129	  0.787737	  0.789184	  0.790509	  0.791725	   0.79283	  0.793824	  0.794703	  0.795464	  0.796107	  0.796632	  0.797038	   0.79733	  0.797516	  0.797603	  0.797599	  0.797508	  0.797341	  0.797104	  0.796808	   0.79646	   0.79607
   128	     0	         0	         0	         0	         0	         0	         0	         0	         0	         0	         0	         0	         0	         0	         0	         0	         0	0.00146043	0.00295788	0.00460198	0.00643119	 0.0155332	 0.0301436	 0.0516212	 0.0795191	  0.111282	  0.153923	  0.208259	  0.288378	  0.341115	  0.377849	  0.411534	  0.451254	  0.499267	  0.536334	  0.564324	  0.596099	  0.627795	  0.654928	  0.681525	  0.704018	  0.724008	   0.74064	  0.754573	  0.766371	  0.772221	  0.776546	  0.779897	    0.7826	  0.784865	  0.786821	  0.788557	  0.790132	  0.791579	  0.792909	  0.794122	  0.795218	  0.796196	  0.797054	  0.797795	  0.798417	  0.798923	  0.799316	  0.799606	  0.799798	  0.799899	  0.799914	   0.79985	  0.799714	  0.799514	  0.799258	  0.798952
   129	     0	         0	         0	         0	         0	         0	         0	         0	         0	         0	         0	         0	         0	         0	         0	         0	         0	0.00160055	0.00319931	0.00491798	0.00679722	  0.016271	 0.0313223	 0.0532738	 0.0815779	   0.11358	  0.156398	  0.210799	  0.290791	  0.342837	  0.378928	  0.411663	  0.450378	  0.497214	  0.533071	  0.559798	  0.590108	  0.621149	  0.648421	   0.67562	  0.698995	  0.720009	  0.737657	  0.752522	  0.765129	  0.771484	  0.776156	  0.779737	  0.782587	  0.784939	  0.786944	  0.788702	  0.790286	  0.791736	  0.793064	  0.794275	  0.795369	  0.796346	  0.797204	  0.797945	  0.798569	  0.799077	  0.799474	  0.799769	  0.799966	  0.800074	  0.800097	  0.800043	  0.799919	  0.799734	  0.799495	   0.79921
   130	     0	         0	         0	         0	         0	         0	         0	         0	         0	         0	         0	         0	         0	         0	         0	         0	         0	0.00167128	0.00333384	0.00511501	0.00705716	 0.0168608	 0.0324064	  0.055039	 0.0841799	  0.117087	  0.161059	  0.216904	  0.298969	  0.352303	  0.389553	   0.42306	   0.46263	  0.510498	  0.547324	  0.574913	  0.606308	  0.636409	  0.661669	  0.686464	  0.707548	  0.726454	  0.742266	  0.755573	  0.766875	  0.772702	  0.777032	  0.780379	  0.783061	  0.785286	  0.787189	  0.788863	  0.790373	  0.791755	  0.793022	  0.794173	   0.79521	  0.796129	  0.796929	  0.797611	  0.798174	   0.79862	  0.798952	  0.799179	  0.799308	  0.799345	  0.799296	   0.79917	  0.798974	  0.798716	  0.798406	  0.798051
   131	     0	         0	         0	         0	         0	         0	         0	         0	         0	         0	         0	         0	         0	         0	         0	         0	         0	0.00155335	0.00312763	0.00484074	0.00673307	 0.0162076	 0.0313544	 0.0535525	 0.0822954	   0.11491	  0.158566	  0.214011	  0.295606	   0.34879	  0.385815	  0.419348	  0.458869	  0.506693	  0.543546	  0.571171	  0.602617	  0.633139	  0.658955	  0.684334	   0.70586	  0.725105	  0.741176	  0.754691	  0.766173	  0.772058	  0.776444	  0.779852	  0.782602	  0.784901	  0.786881	  0.788632	  0.790217	  0.791672	   0.79301	  0.794231	  0.795339	  0.796332	   0.79721	  0.797975	  0.798628	  0.799168	  0.799603	  0.799938	   0.80018	  0.800335	  0.800408	  0.800405	  0.800334	    0.8002	  0.800012	  0.799775
   132	     0	         0	         0	         0	         0	         0	         0	         0	         0	         0	         0	         0	         0	         0	         0	         0	         0	0.00156646	0.00316287	0.00490775	0.00684164	 0.0164813	 0.0319072	 0.0545094	 0.0837501	  0.116873	  0.161067	  0.216994	  0.299046	  0.352207	  0.389071	  0.422249	  0.461333	  0.508686	  0.545055	  0.572152	  0.603051	  0.632938	  0.658269	   0.68333	  0.704719	  0.723966	   0.74012	  0.753765	  0.765397	  0.771484	  0.776042	  0.779592	  0.782457	  0.784848	  0.786902	  0.788712	  0.790344	  0.791836	  0.793203	  0.794449	   0.79558	  0.796596	  0.797499	  0.798292	  0.798977	  0.799555	  0.800031	  0.800413	  0.800707	  0.800918	  0.801052	  0.801114	   0.80111	  0.801048	  0.800932	  0.800771
   133	     0	         0	         0	         0	         0	         0	         0	         0	         0	         0	         0	         0	         0	         0	         0	         0	         0	0.00155838	0.00311702	0.00479422	 0.0066298	 0.0158668	 0.0305471	 0.0519539	 0.0795519	  0.110747	  0.152497	   0.20554	  0.283492	   0.33426	  0.369192	  0.401057	  0.438802	  0.484458	  0.519203	  0.544961	  0.574076	  0.605888	  0.634972	  0.664414	  0.689944	  0.712948	  0.732318	  0.748615	  0.762385	   0.76917	  0.774072	  0.777767	  0.780661	  0.783015	  0.784996	  0.786716	  0.788253	  0.789652	  0.790929	  0.792087	  0.793128	   0.79405	  0.794853	  0.795537	  0.796104	  0.796552	  0.796888	  0.797119	  0.797251	  0.797291	  0.797244	  0.797118	  0.796921	   0.79666	  0.796345	  0.795981
   134	     0	         0	         0	         0	         0	         0	         0	         0	         0	         0	         0	         0	         0	         0	         0	         0	         0	0.00165741	0.00330591	0.00507125	0.00699502	  0.016721	 0.0321419	 0.0546039	 0.0835341	  0.116217	  0.159914	  0.215427	  0.297092	  0.350179	  0.387292	   0.42078	  0.460361	  0.508299	  0.545327	  0.573237	  0.605026	  0.635786	  0.661656	  0.686968	   0.70837	  0.727441	  0.743325	   0.75664	  0.767914	  0.773614	  0.777834	  0.781096	  0.783715	  0.785897	  0.787771	  0.789428	  0.790932	  0.792317	  0.793594	  0.794761	  0.795816	  0.796756	   0.79758	  0.798287	  0.798877	   0.79935	  0.799711	   0.79997	  0.800134	   0.80021	  0.800203	  0.800124	   0.79998	   0.79978	  0.799534	  0.799248
   135	     0	         0	         0	         0	         0	         0	         0	         0	         0	         0	         0	         0	         0	         0	         0	         0	         0	0.00160088	0.00320168	0.00492702	0.00681984	 0.0163697	 0.0315923	 0.0538672	 0.0826871	  0.115395	  0.159264	  0.215169	  0.297618	  0.351666	  0.389682	  0.424129	  0.464703	  0.513719	  0.551724	  0.580513	  0.613279	  0.643853	  0.668822	  0.692949	  0.713142	  0.731053	  0.745918	  0.758375	  0.768949	  0.774395	   0.77849	  0.781705	  0.784325	  0.786539	  0.788465	  0.790185	  0.791755	  0.793208	  0.794551	  0.795784	  0.796905	  0.797911	    0.7988	  0.799571	  0.800226	  0.800764	  0.801191	  0.801515	  0.801741	  0.801878	   0.80193	  0.801905	  0.801811	  0.801656	  0.801448	  0.801194
   136	     0	         0	         0	         0	         0	         0	         0	         0	         0	         0	         0	         0	         0	         0	         0	         0	         0	0.00155477	0.00312194	0.00482057	0.00669145	 0.0160681	 0.0310288	 0.0529085	  0.081186	  0.113217	  0.156075	   0.21051	  0.290514	  0.342681	  0.378844	  0.411703	  0.450496	  0.497394	  0.533301	  0.560083	  0.590452	  0.621478	  0.648653	  0.675718	  0.698953	  0.719842	  0.737395	  0.752202	  0.764789	  0.771165	  0.775881	  0.779519	  0.782432	  0.784852	  0.786923	  0.788747	  0.790392	  0.791896	  0.793276	  0.794535	  0.795674	  0.796696	  0.797599	  0.798386	  0.799059	  0.799618	   0.80007	  0.800421	  0.800679	   0.80085	  0.800938	  0.800953	  0.800899	  0.800786	   0.80062	  0.800408
   137	     0	         0	         0	         0	         0	         0	         0	         0	         0	         0	         0	         0	         0	         0	         0	         0	         0	0.00160206	0.00321565	 0.0049607	 0.0068774	 0.0165027	 0.0318283	 0.0542214	 0.0831463	  0.115909	   0.15976	  0.215527	  0.297647	  0.351206	  0.388613	  0.422414	  0.462286	  0.510517	  0.547673	  0.575566	  0.607277	  0.637511	  0.662756	  0.687505	  0.708451	  0.727188	  0.742857	  0.756047	  0.767258	  0.773036	  0.777338	  0.780672	  0.783349	  0.785574	  0.787479	  0.789157	  0.790671	  0.792056	  0.793324	  0.794475	  0.795508	  0.796423	  0.797217	  0.797891	  0.798446	  0.798883	  0.799207	  0.799427	   0.79955	  0.799584	  0.799533	  0.799408	  0.799216	  0.798966	  0.798667	  0.798327
   138	     0	         0	         0	         0	         0	         0	         0	         0	         0	         0	         0	         0	         0	         0	         0	         0	         0	0.00159234	 0.0032019	 0.0049503	0.00687917	 0.0165398	 0.0319689	 0.0545556	 0.0837707	  0.116888	  0.161168	  0.217377	  0.300015	  0.353856	  0.391544	  0.425556	  0.465617	  0.514109	  0.551667	  0.580036	  0.612433	  0.642684	   0.66747	  0.691497	  0.711709	  0.729715	   0.74468	  0.757246	  0.767933	  0.773507	  0.777717	  0.781032	   0.78374	  0.786029	  0.788019	   0.78979	    0.7914	  0.792882	  0.794246	  0.795492	  0.796623	  0.797638	  0.798537	  0.799321	  0.799992	  0.800552	  0.801005	   0.80136	  0.801624	  0.801803	  0.801902	   0.80193	  0.801893	  0.801799	  0.801655	  0.801468
   139	     0	         0	         0	         0	         0	         0	         0	         0	         0	         0	         0	         0	         0	         0	         0	         0	         0	0.00157107	0.00314651	0.00484586	0.00670956	 0.0160986	 0.0310503	 0.0529054	 0.0811528	  0.113174	  0.156121	  0.210839	  0.291505	   0.34431	  0.381082	  0.414527	  0.454046	  0.501841	  0.538614	  0.566222	  0.597564	  0.628632	  0.655251	  0.681469	  0.703767	  0.723687	  0.740313	  0.754256	  0.766052	  0.771946	  0.776268	  0.779573	  0.782199	  0.784363	  0.786205	   0.78782	  0.789275	  0.790608	  0.791829	   0.79294	   0.79394	  0.794825	  0.795594	  0.796245	   0.79678	  0.797196	  0.797499	  0.797697	  0.797795	  0.797801	   0.79772	   0.79756	  0.797328	  0.797034	  0.796686	  0.796293
   140	     0	         0	         0	         0	         0	         0	         0	         0	         0	         0	         0	         0	         0	         0	         0	         0	         0	0.00159409	0.00318293	0.00489146	0.00676238	 0.0162184	 0.0312769	  0.053288	 0.0817325	  0.113966	  0.157173	  0.212166	  0.293141	   0.34604	   0.38292	  0.416352	  0.455816	  0.503523	   0.54024	  0.567771	  0.599061	   0.62989	  0.656229	  0.682149	  0.704231	  0.723995	    0.7405	  0.754369	  0.766133	  0.772114	   0.77655	  0.779983	  0.782742	  0.785042	  0.787019	  0.788767	  0.790351	  0.791809	  0.793152	  0.794383	  0.795504	  0.796513	  0.797408	  0.798191	  0.798862	   0.79942	  0.799871	  0.800221	  0.800477	  0.800644	  0.800728	  0.800735	  0.800672	  0.800546	  0.800366	  0.800137
   141	     0	         0	         0	         0	         0	         0	         0	         0	         0	         0	         0	         0	         0	         0	         0	         0	         0	0.00154036	0.00311492	0.00483527	0.00673868	 0.0162091	  0.031332	 0.0534583	 0.0820662	  0.114488	  0.157828	  0.212823	  0.293698	  0.346429	  0.383148	  0.416601	  0.456122	  0.504036	    0.5411	  0.569119	  0.601048	   0.63234	  0.658791	  0.684618	  0.706395	  0.725726	  0.741775	  0.755201	  0.766564	  0.772206	  0.776374	    0.7796	  0.782198	  0.784367	  0.786234	  0.787882	   0.78937	  0.790729	  0.791967	  0.793082	  0.794074	  0.794942	  0.795682	  0.796297	  0.796788	  0.797156	  0.797406	  0.797548	   0.79759	  0.797539	    0.7974	  0.797184	  0.796897	  0.796549	  0.796148	  0.795702
   142	     0	         0	         0	         0	         0	         0	         0	         0	         0	         0	         0	         0	         0	         0	         0	         0	         0	0.00157094	 0.0031617	0.00488987	0.00679514	 0.0163185	 0.0315084	 0.0537104	 0.0823835	  0.114832	  0.158166	  0.213083	  0.293719	  0.346078	  0.382386	  0.415289	  0.454146	  0.501213	  0.537375	  0.564424	  0.595195	   0.62606	  0.652727	  0.679129	  0.701653	  0.721823	  0.738701	  0.752899	  0.764952	  0.771027	  0.775516	  0.778977	   0.78175	  0.784052	  0.786023	  0.787756	  0.789317	  0.790742	  0.792044	  0.793224	  0.794284	  0.795224	  0.796044	  0.796744	  0.797327	  0.797793	  0.798149	  0.798402	   0.79856	   0.79863	  0.798615	  0.798526	  0.798368	  0.798149	  0.797876	  0.797558
   143	     0	         0	         0	         0	         0	         0	         0	         0	         0	         0	         0	         0	         0	         0	         0	         0	         0	0.00159712	0.00320792	0.00495274	0.00687204	  0.016495	 0.0318283	 0.0542329	 0.0831619	  0.115898	  0.159641	  0.215136	  0.296682	   0.34962	  0.386347	   0.41945	  0.458508	  0.505785	     0.542	  0.568941	  0.599564	  0.629656	   0.65544	  0.681053	  0.702964	  0.722692	  0.739281	  0.753293	   0.76522	   0.77138	  0.775953	  0.779482	  0.782302	  0.784635	  0.786624	  0.788367	  0.789932	   0.79136	  0.792664	  0.793847	  0.794911	  0.795856	  0.796682	  0.797391	  0.797984	  0.798462	  0.798831	  0.799099	  0.799273	   0.79936	  0.799365	  0.799296	  0.799162	  0.798968	  0.798725	  0.798439
   144	     0	         0	         0	         0	         0	         0	         0	         0	         0	         0	         0	         0	         0	         0	         0	         0	         0	0.00165392	0.00331662	0.00511343	0.00708642	  0.017013	 0.0328239	 0.0559396	 0.0858099	   0.11965	  0.164897	   0.22237	  0.306927	  0.361904	  0.400543	  0.435041	  0.475594	  0.524644	  0.562639	  0.591218	  0.623856	  0.652841	   0.67585	  0.698136	  0.716797	   0.73347	  0.747358	  0.759041	  0.768986	  0.774416	  0.778547	  0.781807	  0.784464	  0.786701	  0.788637	  0.790355	  0.791914	  0.793346	  0.794663	  0.795864	  0.796951	  0.797922	  0.798776	  0.799514	  0.800137	  0.800644	  0.801042	  0.801338	  0.801538	   0.80165	  0.801677	  0.801629	  0.801512	  0.801334	  0.801102	  0.800825
   145	     0	         0	         0	         0	         0	         0	         0	         0	         0	         0	         0	         0	         0	         0	         0	         0	         0	0.00164613	0.00329155	0.00506193	 0.0069994	 0.0167712	 0.0323078	 0.0549867	  0.084251	  0.117362	  0.161638	  0.217874	  0.300583	  0.354349	  0.391974	  0.425787	  0.465656	  0.513908	  0.551175	  0.579185	  0.611119	  0.641123	  0.665926	  0.690144	  0.710609	    0.7289	  0.744155	  0.756979	  0.767873	  0.773558	  0.777819	  0.781143	   0.78383	   0.78608	  0.788019	  0.789737	  0.791294	  0.792727	  0.794045	   0.79525	  0.796341	  0.797318	  0.798179	  0.798925	  0.799555	  0.800071	  0.800477	  0.800782	  0.800992	  0.801114	  0.801153	  0.801118	  0.801015	  0.800852	  0.800637	  0.800379
   146	     0	         0	         0	         0	         0	         0	         0	         0	         0	         0	         0	         0	         0	         0	         0	         0	         0	0.00162893	0.00325782	0.00501188	0.00693333	 0.0166057	  0.031989	  0.054434	 0.0833802	  0.116103	  0.159821	  0.215278	  0.296712	  0.349564	  0.386313	  0.419417	  0.458481	  0.505731	  0.541961	  0.568958	  0.599653	   0.62987	  0.655762	  0.681419	  0.703382	  0.723148	   0.73975	  0.753768	  0.765704	  0.771878	  0.776479	  0.780049	   0.78292	  0.785311	  0.787363	  0.789172	  0.790805	    0.7923	  0.793673	  0.794925	   0.79606	  0.797077	  0.797977	  0.798761	   0.79943	  0.799987	  0.800435	  0.800783	  0.801037	  0.801203	  0.801287	  0.801296	  0.801236	  0.801115	  0.800941	   0.80072
   147	     0	         0	         0	         0	         0	         0	         0	         0	         0	         0	         0	         0	         0	         0	         0	         0	         0	  0.001656	0.00330877	0.00508489	0.00702656	 0.0168249	 0.0323916	 0.0550964	 0.0843704	  0.117462	  0.161688	   0.21783	  0.300336	  0.353869	  0.391215	  0.424708	  0.464217	  0.512029	  0.548799	  0.576263	  0.607541	  0.637306	   0.66225	  0.686815	  0.707738	  0.726547	  0.742311	  0.755605	  0.766914	  0.772847	  0.777283	  0.780727	  0.783496	    0.7858	  0.787773	  0.789511	  0.791079	  0.792514	  0.793831	  0.795032	  0.796118	  0.797089	  0.797945	  0.798685	  0.799311	  0.799824	  0.800228	  0.800531	   0.80074	  0.800861	  0.800899	  0.800862	  0.800757	  0.800591	  0.800374	  0.800112
   148	     0	         0	         0	         0	         0	         0	         0	         0	         0	         0	         0	         0	         0	         0	         0	         0	         0	0.00155437	0.00312933	0.00484163	  0.006731	 0.0161902	  0.031298	 0.0534244	 0.0820631	  0.114558	  0.158071	  0.213381	  0.294823	  0.348019	  0.385156	  0.418894	  0.458686	  0.506848	  0.544086	  0.572175	  0.604167	  0.635102	   0.66109	  0.686466	   0.70789	  0.726953	  0.742812	  0.756108	  0.767383	  0.773104	  0.777368	  0.780692	  0.783386	  0.785649	  0.787609	  0.789351	  0.790934	  0.792393	  0.793737	  0.794966	   0.79608	  0.797078	  0.797959	  0.798723	  0.799371	  0.799904	  0.800327	  0.800648	  0.800874	  0.801011	  0.801064	  0.801041	  0.800949	  0.800795	  0.800587	  0.800332
   149	     0	         0	         0	         0	         0	         0	         0	         0	         0	         0	         0	         0	         0	         0	         0	         0	         0	0.00156349	 0.0031405	0.00484923	0.00672983	 0.0161612	 0.0312016	 0.0531992	 0.0816334	  0.113853	  0.156974	   0.21176	   0.29237	  0.344918	  0.381441	  0.414594	  0.453719	  0.501045	  0.537407	  0.564624	  0.595524	  0.626511	  0.653295	  0.679834	  0.702462	   0.72272	  0.739684	  0.753957	  0.766066	  0.772177	  0.776693	  0.780176	  0.782968	  0.785289	  0.787281	  0.789039	  0.790629	  0.792088	   0.79343	  0.794656	  0.795766	   0.79676	  0.797636	  0.798395	  0.799038	  0.799566	  0.799983	  0.800297	  0.800515	  0.800643	  0.800686	  0.800652	  0.800548	  0.800381	  0.800159	  0.799889
   150	     0	         0	         0	         0	         0	         0	         0	         0	         0	         0	         0	         0	         0	         0	         0	         0	         0	0.00154036	0.00311492	0.00483527	0.00673868	 0.0162091	  0.031332	 0.0534583	 0.0820662	  0.114488	  0.157828	  0.212823	  0.293698	  0.346429	  0.383148	  0.416601	  0.456122	  0.504036	    0.5411	  0.569119	  0.601048	   0.63234	  0.658791	  0.684618	  0.706395	  0.725726	  0.741775	  0.755201	  0.766564	  0.772206	  0.776374	    0.7796	  0.782198	  0.784367	  0.786234	  0.787882	   0.78937	  0.790729	  0.791967	  0.793082	  0.794074	  0.794942	  0.795682	  0.796297	  0.796788	  0.797156	  0.797406	  0.797548	   0.79759	  0.797539	    0.7974	  0.797184	  0.796897	  0.796549	  0.796148	  0.795702
   151	     0	         0	         0	         0	         0	         0	         0	         0	         0	         0	         0	         0	         0	         0	         0	         0	         0	0.00145596	0.00295438	0.00460557	0.00644866	 0.0155949	 0.0303027	 0.0519422	 0.0800524	   0.11203	  0.154845	  0.209192	  0.289094	  0.341334	  0.377498	  0.410529	  0.449443	  0.496516	  0.532669	  0.559706	  0.590397	  0.621695	  0.649015	  0.676151	  0.699311	  0.720044	  0.737419	  0.752058	  0.764507	  0.770785	  0.775443	  0.779058	  0.781974	  0.784414	  0.786517	  0.788377	  0.790059	  0.791601	  0.793016	   0.79431	  0.795487	  0.796548	  0.797495	  0.798331	  0.799058	  0.799678	  0.800196	  0.800618	  0.800952	  0.801202	  0.801373	   0.80147	    0.8015	  0.801467	  0.801379	   0.80124
   152	     0	         0	         0	         0	         0	         0	         0	         0	         0	         0	         0	         0	         0	         0	         0	         0	         0	0.00161795	0.00324085	0.00498894	0.00690195	  0.016529	 0.0318222	 0.0541272	  0.082894	  0.115435	  0.158973	  0.214313	  0.295776	  0.348817	  0.385794	  0.419268	  0.458848	  0.506808	  0.543807	  0.571649	  0.603351	  0.634072	  0.659955	  0.685293	  0.706735	  0.725856	   0.74178	  0.755129	  0.766431	  0.772124	  0.776323	  0.779553	  0.782134	   0.78427	  0.786092	  0.787692	  0.789132	  0.790446	  0.791645	  0.792727	  0.793691	  0.794535	  0.795256	  0.795855	  0.796332	  0.796688	   0.79693	  0.797065	  0.797102	  0.797049	  0.796912	  0.796701	  0.796424	   0.79609	   0.79571	  0.795292
   153	     0	         0	         0	         0	         0	         0	         0	         0	         0	         0	         0	         0	         0	         0	         0	         0	         0	0.00155335	0.00312763	0.00484074	0.00673307	 0.0162076	 0.0313544	 0.0535525	 0.0822954	   0.11491	  0.158566	  0.214011	  0.295606	   0.34879	  0.385815	  0.419348	  0.458869	  0.506693	  0.543546	  0.571171	  0.602617	  0.633139	  0.658955	  0.684334	   0.70586	  0.725105	  0.741176	  0.754691	  0.766173	  0.772058	  0.776444	  0.779852	  0.782602	  0.784901	  0.786881	  0.788632	  0.790217	  0.791672	   0.79301	  0.794231	  0.795339	  0.796332	   0.79721	  0.797975	  0.798628	  0.799168	  0.799603	  0.799938	   0.80018	  0.800335	  0.800408	  0.800405	  0.800334	    0.8002	  0.800012	  0.799775
   154	     0	         0	         0	         0	         0	         0	         0	         0	         0	         0	         0	         0	         0	         0	         0	         0	         0	0.00150963	0.00305596	0.00475272	0.00663944	 0.0160171	 0.0310523	 0.0531152	 0.0817062	  0.114157	  0.157543	  0.212575	  0.293417	  0.346108	  0.382631	  0.415786	  0.454848	  0.502099	  0.538343	  0.565401	  0.596145	  0.626785	  0.653191	  0.679384	  0.701761	   0.72186	  0.738737	  0.752986	  0.765124	  0.771341	  0.775969	  0.779563	  0.782458	  0.784873	  0.786948	  0.788777	  0.790425	   0.79193	  0.793307	   0.79456	  0.795692	  0.796704	  0.797599	  0.798379	  0.799045	  0.799599	  0.800047	  0.800396	  0.800653	  0.800823	  0.800911	  0.800924	  0.800868	  0.800751	  0.800578	  0.800356
   155	     0	         0	         0	         0	         0	         0	         0	         0	         0	         0	         0	         0	         0	         0	         0	         0	         0	0.00158571	 0.0031847	0.00491393	0.00681228	 0.0163434	 0.0315126	 0.0536738	 0.0823011	  0.114737	  0.158179	  0.213446	  0.294894	  0.348067	  0.385183	  0.418884	    0.4587	  0.506924	  0.544196	   0.57232	  0.604334	   0.63528	  0.661264	   0.68664	  0.708031	  0.727045	  0.742847	  0.756069	  0.767248	  0.772841	  0.776961	  0.780133	   0.78267	  0.784776	  0.786579	  0.788166	  0.789599	  0.790912	  0.792113	  0.793199	   0.79417	  0.795021	   0.79575	  0.796356	   0.79684	  0.797202	  0.797448	  0.797585	  0.797622	  0.797565	  0.797421	  0.797199	  0.796908	  0.796557	  0.796154	  0.795709
   156	     0	         0	         0	         0	         0	         0	         0	         0	         0	         0	         0	         0	         0	         0	         0	         0	         0	0.00156349	 0.0031405	0.00484923	0.00672983	 0.0161612	 0.0312016	 0.0531992	 0.0816334	  0.113853	  0.156974	   0.21176	   0.29237	  0.344918	  0.381441	  0.414594	  0.453719	  0.501045	  0.537407	  0.564624	  0.595524	  0.626511	  0.653295	  0.679834	  0.702462	   0.72272	  0.739684	  0.753957	  0.766066	  0.772177	  0.776693	  0.780176	  0.782968	  0.785289	  0.787281	  0.789039	  0.790629	  0.792088	   0.79343	  0.794656	  0.795766	   0.79676	  0.797636	  0.798395	  0.799038	  0.799566	  0.799983	  0.800297	  0.800515	  0.800643	  0.800686	  0.800652	  0.800548	  0.800381	  0.800159	  0.799889
   157	     0	         0	         0	         0	         0	         0	         0	         0	         0	         0	         0	         0	         0	         0	         0	         0	         0	0.00162426	0.00325844	 0.0050273	0.00697314	 0.0167364	 0.0322991	 0.0550403	  0.084397	  0.117597	  0.161898	  0.217999	  0.300297	  0.353565	  0.390587	  0.423782	   0.46289	  0.510221	  0.546514	  0.573498	  0.604229	  0.633868	  0.658966	  0.683832	  0.705083	  0.724243	  0.740364	   0.75401	  0.765661	  0.771805	  0.776421	  0.780023	  0.782932	  0.785362	  0.787452	  0.789294	  0.790957	  0.792478	  0.793872	  0.795144	  0.796297	  0.797333	  0.798253	   0.79906	  0.799755	   0.80034	  0.800821	  0.801206	  0.801502	  0.801714	  0.801847	   0.80191	  0.801907	  0.801847	  0.801736	  0.801581
   158	     0	         0	         0	         0	         0	         0	         0	         0	         0	         0	         0	         0	         0	         0	         0	         0	         0	 0.0015764	0.00316173	0.00487598	0.00675985	 0.0162296	  0.031324	 0.0533959	 0.0819229	  0.114246	  0.157528	  0.212557	  0.293564	  0.346391	  0.383134	  0.416427	  0.455727	  0.503276	  0.539841	  0.567229	   0.59836	  0.629157	  0.655551	  0.681618	   0.70382	  0.723693	   0.74031	  0.754273	  0.766107	  0.772093	  0.776508	  0.779905	  0.782618	  0.784865	  0.786786	  0.788476	  0.790001	  0.791399	  0.792683	  0.793855	  0.794914	   0.79586	  0.796691	  0.797407	  0.798009	  0.798497	  0.798875	  0.799151	  0.799332	  0.799423	  0.799429	   0.79936	  0.799221	   0.79902	  0.798766	  0.798465
   159	     0	         0	         0	         0	         0	         0	         0	         0	         0	         0	         0	         0	         0	         0	         0	         0	         0	0.00161084	0.00322745	0.00497288	0.00688874	 0.0165214	 0.0318595	 0.0542644	 0.0831904	  0.115927	  0.159701	   0.21529	  0.297011	  0.350169	  0.387175	  0.420541	  0.459892	   0.50748	  0.544006	  0.571269	  0.602258	  0.632429	  0.658075	  0.683427	  0.705059	  0.724503	  0.740824	  0.754599	  0.766323	  0.772396	  0.776922	  0.780433	  0.783255	  0.785603	  0.787618	  0.789394	  0.790999	   0.79247	   0.79382	  0.795053	   0.79617	   0.79717	  0.798053	  0.798821	  0.799474	  0.800012	  0.800442	  0.800771	  0.801006	  0.801153	  0.801218	  0.801208	   0.80113	  0.800992	  0.800803	  0.800568
   160	     0	         0	         0	         0	         0	         0	         0	         0	         0	         0	         0	         0	         0	         0	         0	         0	         0	0.00159409	0.00318293	0.00489146	0.00676238	 0.0162184	 0.0312769	  0.053288	 0.0817325	  0.113966	  0.157173	  0.212166	  0.293141	   0.34604	   0.38292	  0.416352	  0.455816	  0.503523	   0.54024	  0.567771	  0.599061	   0.62989	  0.656229	  0.682149	  0.704231	  0.723995	    0.7405	  0.754369	  0.766133	  0.772114	   0.77655	  0.779983	  0.782742	  0.785042	  0.787019	  0.788767	  0.790351	  0.791809	  0.793152	  0.794383	  0.795504	  0.796513	  0.797408	  0.798191	  0.798862	   0.79942	  0.799871	  0.800221	  0.800477	  0.800644	  0.800728	  0.800735	  0.800672	  0.800546	  0.800366	  0.800137
   161	     0	         0	         0	         0	         0	         0	         0	         0	         0	         0	         0	         0	         0	         0	         0	         0	         0	0.00159495	0.00318179	0.00488339	0.00674126	  0.016135	 0.0310587	 0.0528321	 0.0809244	  0.112715	  0.155311	  0.209516	  0.289315	  0.341389	  0.377531	  0.410383	  0.449235	  0.496209	  0.532195	  0.559057	  0.589498	  0.620765	  0.648236	  0.675585	  0.699022	  0.720033	  0.737638	  0.752431	  0.764949	  0.771181	  0.775734	  0.779208	  0.781961	  0.784228	  0.786158	  0.787852	  0.789381	  0.790784	  0.792075	  0.793254	  0.794321	  0.795273	  0.796108	  0.796826	  0.797427	   0.79791	  0.798279	  0.798543	  0.798708	   0.79878	  0.798765	   0.79867	  0.798504	  0.798273	  0.797986	  0.797652
   162	     0	         0	         0	         0	         0	         0	         0	         0	         0	         0	         0	         0	         0	         0	         0	         0	         0	0.00155477	0.00312194	0.00482057	0.00669145	 0.0160681	 0.0310288	 0.0529085	  0.081186	  0.113217	  0.156075	   0.21051	  0.290514	  0.342681	  0.378844	  0.411703	  0.450496	  0.497394	  0.533301	  0.560083	  0.590452	  0.621478	  0.648653	  0.675718	  0.698953	  0.719842	  0.737395	  0.752202	  0.764789	  0.771165	  0.775881	  0.779519	  0.782432	  0.784852	  0.786923	  0.788747	  0.790392	  0.791896	  0.793276	  0.794535	  0.795674	  0.796696	  0.797599	  0.798386	  0.799059	  0.799618	   0.80007	  0.800421	  0.800679	   0.80085	  0.800938	  0.800953	  0.800899	  0.800786	   0.80062	  0.800408
   163	     0	         0	         0	         0	         0	         0	         0	         0	         0	         0	         0	         0	         0	         0	         0	         0	         0	0.00148296	0.00300436	0.00467373	0.00652901	 0.0157628	 0.0305691	 0.0523219	 0.0805639	  0.112709	  0.155847	  0.210797	  0.291872	  0.345135	  0.382317	  0.416317	  0.456393	  0.504867	  0.542386	  0.570768	  0.603042	  0.634351	  0.660642	  0.686261	  0.707791	  0.726873	  0.742709	  0.755955	  0.767166	  0.772754	  0.776891	  0.780099	  0.782686	  0.784852	  0.786721	  0.788376	  0.789875	  0.791249	  0.792507	  0.793648	  0.794671	  0.795574	  0.796356	  0.797015	  0.797553	  0.797971	  0.798273	  0.798466	  0.798558	  0.798555	  0.798462	  0.798287	  0.798036	  0.797719	  0.797342	  0.796913
   164	     0	         0	         0	         0	         0	         0	         0	         0	         0	         0	         0	         0	         0	         0	         0	         0	         0	0.00168545	0.00336176	0.00515659	0.00711211	 0.0170011	 0.0326794	 0.0555186	 0.0849408	  0.118188	  0.162628	  0.219072	  0.302083	  0.355992	  0.393815	   0.42775	  0.467795	  0.516287	  0.553836	  0.582159	  0.614483	  0.644501	  0.669049	  0.692885	  0.712933	  0.730792	  0.745637	  0.758081	  0.768631	  0.774116	  0.778222	  0.781422	   0.78401	  0.786175	  0.788042	  0.789696	  0.791197	  0.792578	  0.793848	  0.795007	  0.796053	  0.796983	  0.797795	  0.798489	  0.799064	  0.799522	  0.799866	  0.800106	  0.800249	  0.800301	  0.800269	   0.80016	  0.799984	  0.799748	  0.799461	  0.799132
   165	     0	         0	         0	         0	         0	         0	         0	         0	         0	         0	         0	         0	         0	         0	         0	         0	         0	0.00146043	0.00295788	0.00460198	0.00643119	 0.0155332	 0.0301436	 0.0516212	 0.0795191	  0.111282	  0.153923	  0.208259	  0.288378	  0.341115	  0.377849	  0.411534	  0.451254	  0.499267	  0.536334	  0.564324	  0.596099	  0.627795	  0.654928	  0.681525	  0.704018	  0.724008	   0.74064	  0.754573	  0.766371	  0.772221	  0.776546	  0.779897	    0.7826	  0.784865	  0.786821	  0.788557	  0.790132	  0.791579	  0.792909	  0.794122	  0.795218	  0.796196	  0.797054	  0.797795	  0.798417	  0.798923	  0.799316	  0.799606	  0.799798	  0.799899	  0.799914	   0.79985	  0.799714	  0.799514	  0.799258	  0.798952
   166	     0	         0	         0	         0	         0	         0	         0	         0	         0	         0	         0	         0	         0	         0	         0	         0	         0	0.00155246	0.00312446	 0.0048311	0.00671095	 0.0161056	 0.0310775	 0.0529489	 0.0811861	   0.11314	  0.155852	  0.210049	  0.289681	   0.34154	  0.377441	  0.410136	  0.448804	  0.495638	  0.531566	  0.558452	   0.58897	  0.620373	  0.647923	  0.675306	  0.698729	  0.719702	  0.737269	   0.75204	  0.764561	  0.770788	  0.775359	  0.778867	  0.781665	  0.783981	   0.78596	  0.787699	  0.789265	  0.790697	  0.792006	  0.793193	  0.794258	  0.795201	   0.79602	  0.796718	  0.797295	  0.797753	  0.798099	  0.798341	  0.798487	  0.798544	  0.798518	  0.798419	  0.798255	  0.798033	  0.797762	   0.79745
   167	     0	         0	         0	         0	         0	         0	         0	         0	         0	         0	         0	         0	         0	         0	         0	         0	         0	0.00161875	0.00323866	0.00498169	 0.0068884	 0.0164867	 0.0317341	 0.0539624	  0.082614	  0.114995	  0.158283	  0.213235	  0.294005	  0.346486	  0.382923	  0.415881	  0.454859	  0.502073	  0.538344	  0.565478	  0.596352	  0.627153	  0.653706	  0.679962	  0.702388	  0.722483	  0.739279	  0.753383	  0.765326	  0.771332	  0.775743	  0.779122	   0.78181	  0.784027	  0.785915	  0.787569	  0.789057	  0.790417	  0.791662	  0.792791	  0.793804	  0.794701	  0.795479	  0.796139	  0.796682	  0.797106	  0.797418	  0.797626	  0.797736	  0.797755	  0.797689	  0.797546	  0.797333	   0.79706	  0.796734	  0.796364
   168	     0	         0	         0	         0	         0	         0	         0	         0	         0	         0	         0	         0	         0	         0	         0	         0	         0	0.00162782	0.00324871	0.00498981	0.00689435	 0.0165209	 0.0318351	 0.0541993	 0.0830725	  0.115756	  0.159517	  0.215173	   0.29707	  0.350399	   0.38754	  0.420959	  0.460358	  0.507958	  0.544433	  0.571572	  0.602389	   0.63232	  0.657797	  0.683053	  0.704655	  0.724114	  0.740467	  0.754273	  0.766017	  0.772122	  0.776656	  0.780155	  0.782949	  0.785259	  0.787228	  0.788956	  0.790511	  0.791934	   0.79324	  0.794432	  0.795512	   0.79648	  0.797335	  0.798077	  0.798707	  0.799224	  0.799633	   0.79994	  0.800152	  0.800274	  0.800311	   0.80027	  0.800157	  0.799979	  0.799746	  0.799463
   169	     0	         0	         0	         0	         0	         0	         0	         0	         0	         0	         0	         0	         0	         0	         0	         0	         0	 0.0016984	0.00335579	0.00510554	0.00699164	 0.0166367	 0.0318493	  0.053924	 0.0822584	  0.114165	  0.156821	  0.210986	  0.290539	     0.342	  0.377579	  0.409659	  0.447713	  0.493792	  0.528919	  0.554941	  0.584455	   0.61544	  0.643164	  0.671046	  0.695166	  0.716919	  0.735217	  0.750615	  0.763632	  0.770129	  0.774841	  0.778396	   0.78118	   0.78344	  0.785338	  0.786984	  0.788455	  0.789797	  0.791026	  0.792143	  0.793149	  0.794042	  0.794819	  0.795482	  0.796029	  0.796461	  0.796781	  0.796998	  0.797117	  0.797146	   0.79709	  0.796958	  0.796757	  0.796495	  0.796181	  0.795825
   170	     0	         0	         0	         0	         0	         0	         0	         0	         0	         0	         0	         0	         0	         0	         0	         0	         0	0.00159495	0.00318179	0.00488339	0.00674126	  0.016135	 0.0310587	 0.0528321	 0.0809244	  0.112715	  0.155311	  0.209516	  0.289315	  0.341389	  0.377531	  0.410383	  0.449235	  0.496209	  0.532195	  0.559057	  0.589498	  0.620765	  0.648236	  0.675585	  0.699022	  0.720033	  0.737638	  0.752431	  0.764949	  0.771181	  0.775734	  0.779208	  0.781961	  0.784228	  0.786158	  0.787852	  0.789381	  0.790784	  0.792075	  0.793254	  0.794321	  0.795273	  0.796108	  0.796826	  0.797427	   0.79791	  0.798279	  0.798543	  0.798708	   0.79878	  0.798765	   0.79867	  0.798504	  0.798273	  0.797986	  0.797652
   171	     0	         0	         0	         0	         0	         0	         0	         0	         0	         0	         0	         0	         0	         0	         0	         0	         0	0.00162715	0.00326494	0.00503491	0.00697756	 0.0167401	 0.0322786	 0.0549795	  0.084298	  0.117503	  0.161919	  0.218361	  0.301447	  0.355554	  0.393486	  0.427651	  0.467931	  0.516708	  0.554509	  0.583061	   0.61565	  0.645688	  0.670089	  0.693717	  0.713531	  0.731159	  0.745801	  0.758075	  0.768491	  0.773922	     0.778	   0.78119	  0.783775	  0.785945	  0.787819	  0.789479	  0.790985	  0.792369	  0.793639	  0.794795	  0.795835	  0.796757	  0.797559	  0.798242	  0.798806	  0.799251	  0.799585	  0.799814	  0.799947	   0.79999	   0.79995	  0.799836	  0.799655	  0.799416	  0.799128	  0.798799
   172	     0	         0	         0	         0	         0	         0	         0	         0	         0	         0	         0	         0	         0	         0	         0	         0	         0	0.00157669	0.00314993	0.00484032	0.00668851	 0.0159918	 0.0307673	 0.0522977	 0.0800343	  0.111365	  0.153262	  0.206465	  0.284599	  0.335473	  0.370606	  0.402647	  0.440579	  0.486428	  0.521376	   0.54736	  0.576713	  0.608532	   0.63743	  0.666581	  0.691811	  0.714531	  0.733675	  0.749815	  0.763492	  0.770287	  0.775248	   0.77903	  0.782025	  0.784488	   0.78658	  0.788412	  0.790058	  0.791561	  0.792937	  0.794189	   0.79532	  0.796329	  0.797217	  0.797984	  0.798634	  0.799166	  0.799587	  0.799905	  0.800127	   0.80026	  0.800309	  0.800283	  0.800189	  0.800036	   0.79983	  0.799581
   173	     0	         0	         0	         0	         0	         0	         0	         0	         0	         0	         0	         0	         0	         0	         0	         0	         0	0.00152292	0.00306282	0.00473545	0.00658042	 0.0158216	 0.0305805	 0.0521879	 0.0801401	  0.111833	  0.154282	  0.208245	   0.28764	  0.339482	  0.375349	  0.408032	  0.446634	  0.493309	   0.52902	  0.555635	  0.585774	  0.617145	   0.64497	  0.672821	  0.696772	  0.718298	   0.73639	  0.751635	  0.764563	  0.771048	  0.775808	  0.779453	  0.782354	  0.784748	  0.786787	  0.788577	  0.790188	  0.791661	  0.793011	  0.794243	  0.795359	  0.796358	  0.797242	  0.798011	  0.798666	  0.799209	  0.799643	  0.799978	  0.800218	  0.800371	   0.80044	  0.800435	   0.80036	  0.800224	  0.800034	  0.799797
   174	     0	         0	         0	         0	         0	         0	         0	         0	         0	         0	         0	         0	         0	         0	         0	         0	         0	 0.0015698	0.00315667	0.00488123	0.00678508	 0.0163307	  0.031591	 0.0539571	 0.0829204	   0.11579	  0.159794	  0.215713	  0.298015	  0.351682	   0.38912	  0.422907	  0.462665	  0.510718	  0.547714	  0.575393	  0.606883	  0.636915	  0.662062	  0.686786	  0.707759	   0.72656	  0.742304	  0.755583	  0.766896	  0.772814	  0.777259	  0.780734	  0.783549	   0.78591	   0.78795	  0.789757	  0.791396	  0.792901	  0.794287	  0.795557	  0.796712	  0.797754	  0.798681	  0.799496	    0.8002	  0.800793	  0.801281	   0.80167	  0.801967	  0.802177	  0.802304	  0.802356	  0.802339	  0.802258	  0.802122	  0.801936
   175	     0	         0	         0	         0	         0	         0	         0	         0	         0	         0	         0	         0	         0	         0	         0	         0	         0	0.00153178	0.00308908	0.00478882	0.00667167	 0.0160719	 0.0311221	 0.0531956	 0.0817943	  0.114261	  0.157714	  0.212903	  0.294074	  0.347058	   0.38394	  0.417412	  0.456825	  0.504457	  0.541083	  0.568508	  0.599657	  0.630316	  0.656486	  0.682328	  0.704321	  0.724031	  0.740558	  0.754505	   0.76639	  0.772506	  0.777083	  0.780658	  0.783554	  0.785985	  0.788087	  0.789949	  0.791636	  0.793184	  0.794606	  0.795907	  0.797089	  0.798154	  0.799102	  0.799935	  0.800656	  0.801265	  0.801769	  0.802174	  0.802487	  0.802714	   0.80286	  0.802931	  0.802933	  0.802872	  0.802757	  0.802593
   176	     0	         0	         0	         0	         0	         0	         0	         0	         0	         0	         0	         0	         0	         0	         0	         0	         0	0.00150963	0.00305596	0.00475272	0.00663944	 0.0160171	 0.0310523	 0.0531152	 0.0817062	  0.114157	  0.157543	  0.212575	  0.293417	  0.346108	  0.382631	  0.415786	  0.454848	  0.502099	  0.538343	  0.565401	  0.596145	  0.626785	  0.653191	  0.679384	  0.701761	   0.72186	  0.738737	  0.752986	  0.765124	  0.771341	  0.775969	  0.779563	  0.782458	  0.784873	  0.786948	  0.788777	  0.790425	   0.79193	  0.793307	   0.79456	  0.795692	  0.796704	  0.797599	  0.798379	  0.799045	  0.799599	  0.800047	  0.800396	  0.800653	  0.800823	  0.800911	  0.800924	  0.800868	  0.800751	  0.800578	  0.800356
   177	     0	         0	         0	         0	         0	         0	         0	         0	         0	         0	         0	         0	         0	         0	         0	         0	         0	0.00159409	0.00318293	0.00489146	0.00676238	 0.0162184	 0.0312769	  0.053288	 0.0817325	  0.113966	  0.157173	  0.212166	  0.293141	   0.34604	   0.38292	  0.416352	  0.455816	  0.503523	   0.54024	  0.567771	  0.599061	   0.62989	  0.656229	  0.682149	  0.704231	  0.723995	    0.7405	  0.754369	  0.766133	  0.772114	   0.77655	  0.779983	  0.782742	  0.785042	  0.787019	  0.788767	  0.790351	  0.791809	  0.793152	  0.794383	  0.795504	  0.796513	  0.797408	  0.798191	  0.798862	   0.79942	  0.799871	  0.800221	  0.800477	  0.800644	  0.800728	  0.800735	  0.800672	  0.800546	  0.800366	  0.800137
   178	     0	         0	         0	         0	         0	         0	         0	         0	         0	         0	         0	         0	         0	         0	         0	         0	         0	0.00150962	0.00303686	0.00469698	0.00652975	 0.0157017	 0.0303584	 0.0518229	 0.0796008	  0.111109	  0.153324	  0.207009	  0.285974	  0.337628	  0.373355	  0.405983	  0.444509	  0.491052	  0.526619	  0.553105	   0.58306	  0.614589	  0.642737	  0.670962	  0.695281	  0.717153	  0.735553	  0.751068	  0.764233	  0.770832	  0.775681	  0.779401	  0.782367	  0.784822	   0.78692	  0.788765	  0.790428	   0.79195	  0.793348	  0.794625	  0.795784	  0.796826	   0.79775	   0.79856	  0.799254	  0.799836	  0.800309	  0.800681	  0.800959	  0.801147	  0.801251	  0.801278	  0.801234	  0.801127	  0.800963	  0.800749
   179	     0	         0	         0	         0	         0	         0	         0	         0	         0	         0	         0	         0	         0	         0	         0	         0	         0	0.00154036	0.00311492	0.00483527	0.00673868	 0.0162091	  0.031332	 0.0534583	 0.0820662	  0.114488	  0.157828	  0.212823	  0.293698	  0.346429	  0.383148	  0.416601	  0.456122	  0.504036	    0.5411	  0.569119	  0.601048	   0.63234	  0.658791	  0.684618	  0.706395	  0.725726	  0.741775	  0.755201	  0.766564	  0.772206	  0.776374	    0.7796	  0.782198	  0.784367	  0.786234	  0.787882	   0.78937	  0.790729	  0.791967	  0.793082	  0.794074	  0.794942	  0.795682	  0.796297	  0.796788	  0.797156	  0.797406	  0.797548	   0.79759	  0.797539	    0.7974	  0.797184	  0.796897	  0.796549	  0.796148	  0.795702
   180	     0	         0	         0	         0	         0	         0	         0	         0	         0	         0	         0	         0	         0	         0	         0	         0	         0	0.00160561	0.00323202	 0.0050002	0.00695125	 0.0167238	 0.0323316	 0.0551903	 0.0847743	  0.118335	  0.163229	  0.220255	  0.304203	  0.358887	  0.397281	  0.431773	  0.472337	  0.521432	  0.559548	  0.588354	  0.621277	   0.65085	  0.674419	  0.697143	  0.716113	  0.732982	  0.746974	  0.758707	  0.768676	  0.773997	  0.778028	  0.781205	  0.783796	  0.785981	  0.787873	  0.789552	  0.791074	   0.79247	   0.79375	  0.794915	  0.795964	  0.796897	  0.797712	   0.79841	  0.798992	  0.799459	  0.799817	  0.800073	  0.800234	  0.800306	  0.800295	  0.800209	  0.800055	  0.799841	  0.799574	  0.799261
   181	     0	         0	         0	         0	         0	         0	         0	         0	         0	         0	         0	         0	         0	         0	         0	         0	         0	0.00165655	0.00331581	0.00510338	0.00706135	 0.0169248	 0.0326123	 0.0555151	 0.0850772	  0.118536	  0.163279	   0.22012	  0.303751	  0.358134	  0.396269	  0.430447	  0.470718	  0.519481	  0.557258	  0.585737	  0.618276	  0.647874	  0.671721	  0.694797	  0.714144	  0.731381	  0.745688	  0.757677	  0.767844	  0.773198	  0.777214	  0.780347	  0.782877	  0.784989	  0.786804	  0.788404	   0.78985	  0.791172	  0.792382	  0.793479	  0.794462	  0.795328	  0.796076	  0.796706	  0.797219	  0.797614	  0.797897	  0.798076	  0.798157	  0.798149	  0.798056	  0.797888	  0.797652	  0.797357	   0.79701	  0.796622
   182	     0	         0	         0	         0	         0	         0	         0	         0	         0	         0	         0	         0	         0	         0	         0	         0	         0	0.00158571	 0.0031847	0.00491393	0.00681228	 0.0163434	 0.0315126	 0.0536738	 0.0823011	  0.114737	  0.158179	  0.213446	  0.294894	  0.348067	  0.385183	  0.418884	    0.4587	  0.506924	  0.544196	   0.57232	  0.604334	   0.63528	  0.661264	   0.68664	  0.708031	  0.727045	  0.742847	  0.756069	  0.767248	  0.772841	  0.776961	  0.780133	   0.78267	  0.784776	  0.786579	  0.788166	  0.789599	  0.790912	  0.792113	  0.793199	   0.79417	  0.795021	   0.79575	  0.796356	   0.79684	  0.797202	  0.797448	  0.797585	  0.797622	  0.797565	  0.797421	  0.797199	  0.796908	  0.796557	  0.796154	  0.795709
   183	     0	         0	         0	         0	         0	         0	         0	         0	         0	         0	         0	         0	         0	         0	         0	         0	         0	0.00159409	0.00318293	0.00489146	0.00676238	 0.0162184	 0.0312769	  0.053288	 0.0817325	  0.113966	  0.157173	  0.212166	  0.293141	   0.34604	   0.38292	  0.416352	  0.455816	  0.503523	   0.54024	  0.567771	  0.599061	   0.62989	  0.656229	  0.682149	  0.704231	  0.723995	    0.7405	  0.754369	  0.766133	  0.772114	   0.77655	  0.779983	  0.782742	  0.785042	  0.787019	  0.788767	  0.790351	  0.791809	  0.793152	  0.794383	  0.795504	  0.796513	  0.797408	  0.798191	  0.798862	   0.79942	  0.799871	  0.800221	  0.800477	  0.800644	  0.800728	  0.800735	  0.800672	  0.800546	  0.800366	  0.800137
   184	     0	         0	         0	         0	         0	         0	         0	         0	         0	         0	         0	         0	         0	         0	         0	         0	         0	0.00157144	0.00315962	0.00488506	0.00678914	 0.0163259	 0.0315611	 0.0538671	 0.0827222	  0.115432	  0.159192	  0.214774	  0.296505	  0.349788	  0.386907	  0.420448	   0.45996	  0.507717	  0.544428	  0.571891	  0.603116	  0.633388	  0.659024	   0.68431	  0.705866	   0.72523	  0.741474	  0.755186	  0.766868	  0.772946	  0.777498	  0.781049	  0.783919	   0.78632	   0.78839	  0.790221	  0.791878	  0.793398	  0.794796	  0.796076	  0.797241	  0.798291	  0.799226	   0.80005	  0.800762	  0.801363	   0.80186	  0.802258	  0.802565	  0.802785	  0.802924	  0.802988	  0.802985	  0.802919	    0.8028	  0.802633
   185	     0	         0	         0	         0	         0	         0	         0	         0	         0	         0	         0	         0	         0	         0	         0	         0	         0	0.00146718	0.00297236	 0.0046256	0.00646553	 0.0156182	 0.0303114	 0.0519151	 0.0799771	  0.111925	  0.154786	  0.209359	  0.289803	  0.342653	  0.379482	  0.413191	  0.452901	   0.50089	  0.537918	  0.565824	  0.597487	  0.628932	  0.655812	  0.682226	  0.704574	  0.724468	  0.741068	  0.755014	  0.766855	    0.7728	  0.777223	  0.780666	  0.783455	  0.785798	  0.787827	   0.78963	  0.791268	  0.792773	  0.794158	  0.795423	  0.796571	    0.7976	   0.79851	  0.799302	  0.799978	  0.800538	  0.800989	  0.801337	   0.80159	  0.801752	   0.80183	  0.801829	  0.801757	  0.801621	  0.801428	  0.801184
   186	     0	         0	         0	         0	         0	         0	         0	         0	         0	         0	         0	         0	         0	         0	         0	         0	         0	0.00159401	0.00319992	0.00494041	0.00685747	 0.0164731	  0.031816	 0.0542581	 0.0832572	  0.116086	  0.159943	   0.21555	  0.297209	  0.350163	  0.386861	  0.419849	  0.458698	  0.505655	  0.541493	  0.567992	  0.598065	  0.627843	  0.653575	  0.679333	  0.701457	  0.721458	   0.73836	  0.752693	  0.764928	  0.771327	    0.7761	  0.779798	  0.782763	  0.785224	  0.787328	  0.789177	  0.790841	  0.792362	  0.793756	  0.795027	   0.79618	  0.797215	  0.798135	  0.798941	  0.799635	  0.800219	  0.800698	  0.801079	  0.801368	  0.801573	  0.801697	  0.801747	   0.80173	  0.801653	  0.801523	  0.801346
   187	     0	         0	         0	         0	         0	         0	         0	         0	         0	         0	         0	         0	         0	         0	         0	         0	         0	0.00154036	0.00311492	0.00483527	0.00673868	 0.0162091	  0.031332	 0.0534583	 0.0820662	  0.114488	  0.157828	  0.212823	  0.293698	  0.346429	  0.383148	  0.416601	  0.456122	  0.504036	    0.5411	  0.569119	  0.601048	   0.63234	  0.658791	  0.684618	  0.706395	  0.725726	  0.741775	  0.755201	  0.766564	  0.772206	  0.776374	    0.7796	  0.782198	  0.784367	  0.786234	  0.787882	   0.78937	  0.790729	  0.791967	  0.793082	  0.794074	  0.794942	  0.795682	  0.796297	  0.796788	  0.797156	  0.797406	  0.797548	   0.79759	  0.797539	    0.7974	  0.797184	  0.796897	  0.796549	  0.796148	  0.795702
   188	     0	         0	         0	         0	         0	         0	         0	         0	         0	         0	         0	         0	         0	         0	         0	         0	         0	0.00146043	0.00295788	0.00460198	0.00643119	 0.0155332	 0.0301436	 0.0516212	 0.0795191	  0.111282	  0.153923	  0.208259	  0.288378	  0.341115	  0.377849	  0.411534	  0.451254	  0.499267	  0.536334	  0.564324	  0.596099	  0.627795	  0.654928	  0.681525	  0.704018	  0.724008	   0.74064	  0.754573	  0.766371	  0.772221	  0.776546	  0.779897	    0.7826	  0.784865	  0.786821	  0.788557	  0.790132	  0.791579	  0.792909	  0.794122	  0.795218	  0.796196	  0.797054	  0.797795	  0.798417	  0.798923	  0.799316	  0.799606	  0.799798	  0.799899	  0.799914	   0.79985	  0.799714	  0.799514	  0.799258	  0.798952
   189	     0	         0	         0	         0	         0	         0	         0	         0	         0	         0	         0	         0	         0	         0	         0	         0	         0	0.00151372	0.00305954	0.00474857	 0.0066185	 0.0159368	 0.0308332	 0.0526584	 0.0809152	  0.112983	   0.15593	  0.210539	  0.290967	  0.343514	  0.379949	  0.413113	  0.452238	  0.499553	  0.535815	   0.56288	  0.593541	  0.624473	  0.651355	  0.678129	  0.700972	  0.721449	  0.738647	  0.753136	  0.765431	  0.771614	  0.776155	  0.779633	  0.782396	  0.784673	  0.786609	  0.788302	  0.789822	  0.791205	  0.792466	  0.793604	  0.794622	  0.795519	  0.796292	  0.796944	  0.797474	  0.797883	  0.798177	  0.798363	  0.798449	   0.79844	  0.798342	  0.798163	  0.797911	  0.797593	  0.797218	  0.796794
   190	     0	         0	         0	         0	         0	         0	         0	         0	         0	         0	         0	         0	         0	         0	         0	         0	         0	 0.0018062	0.00356151	0.00540872	 0.0073947	 0.0175918	 0.0336576	  0.056967	 0.0868875	  0.120591	   0.16562	  0.222838	  0.306834	  0.361158	  0.399282	  0.432991	  0.472796	  0.520987	  0.558109	  0.585826	  0.617445	  0.646357	  0.669931	  0.693019	  0.712553	  0.730093	  0.744751	  0.757069	  0.767504	  0.773043	  0.777154	   0.78031	  0.782811	   0.78486	   0.78659	  0.788098	   0.78945	  0.790687	  0.791821	  0.792852	  0.793779	  0.794599	  0.795307	  0.795903	  0.796386	  0.796753	  0.797009	  0.797161	  0.797216	   0.79718	  0.797059	  0.796861	  0.796596	   0.79627	  0.795895	  0.795479
   191	     0	         0	         0	         0	         0	         0	         0	         0	         0	         0	         0	         0	         0	         0	         0	         0	         0	0.00158381	0.00316788	0.00487199	0.00673637	  0.016138	 0.0310829	 0.0529014	 0.0810685	  0.112972	  0.155742	  0.210228	  0.290562	  0.343129	  0.379829	  0.413276	  0.452824	  0.500658	  0.537541	   0.56536	  0.596911	  0.628402	  0.655406	  0.681949	  0.704446	  0.724477	  0.741178	  0.755177	  0.767017	   0.77288	  0.777183	  0.780484	  0.783117	  0.785296	  0.787158	  0.788795	  0.790273	  0.791627	  0.792868	  0.793996	  0.795008	  0.795902	  0.796676	  0.797329	  0.797863	  0.798276	  0.798576	  0.798769	  0.798865	  0.798869	  0.798788	  0.798632	  0.798408	  0.798125	  0.797793	  0.797421
   192	     0	         0	         0	         0	         0	         0	         0	         0	         0	         0	         0	         0	         0	         0	         0	         0	         0	0.00155246	0.00312446	 0.0048311	0.00671095	 0.0161056	 0.0310775	 0.0529489	 0.0811861	   0.11314	  0.155852	  0.210049	  0.289681	   0.34154	  0.377441	  0.410136	  0.448804	  0.495638	  0.531566	  0.558452	   0.58897	  0.620373	  0.647923	  0.675306	  0.698729	  0.719702	  0.737269	   0.75204	  0.764561	  0.770788	  0.775359	  0.778867	  0.781665	  0.783981	   0.78596	  0.787699	  0.789265	  0.790697	  0.792006	  0.793193	  0.794258	  0.795201	   0.79602	  0.796718	  0.797295	  0.797753	  0.798099	  0.798341	  0.798487	  0.798544	  0.798518	  0.798419	  0.798255	  0.798033	  0.797762	   0.79745
   193	     0	         0	         0	         0	         0	         0	         0	         0	         0	         0	         0	         0	         0	         0	         0	         0	         0	0.00158325	0.00318286	0.00491659	0.00682396	 0.0163785	 0.0316034	 0.0538524	 0.0825944	  0.115148	  0.158691	  0.213988	   0.29534	  0.348361	  0.385345	  0.418903	  0.458531	  0.506536	  0.543662	  0.571688	  0.603644	  0.634642	  0.660707	  0.686129	  0.707576	  0.726634	  0.742446	  0.755668	  0.766849	  0.772444	  0.776581	  0.779783	   0.78236	  0.784513	  0.786367	  0.788007	  0.789493	  0.790857	  0.792108	  0.793243	  0.794263	  0.795164	  0.795944	  0.796603	  0.797142	  0.797561	  0.797865	  0.798062	   0.79816	  0.798164	  0.798081	  0.797919	  0.797685	  0.797388	  0.797035	  0.796636
   194	     0	         0	         0	         0	         0	         0	         0	         0	         0	         0	         0	         0	         0	         0	         0	         0	         0	0.00166408	0.00330932	0.00506473	 0.0069734	 0.0166524	 0.0319902	 0.0543217	 0.0830748	  0.115547	  0.158966	  0.214099	  0.295132	  0.347741	  0.384415	  0.417517	  0.456654	  0.504035	  0.540501	  0.567832	  0.598927	  0.629706	  0.656065	  0.682035	  0.704152	  0.723936	   0.74046	  0.754341	  0.766111	  0.772069	  0.776479	  0.779887	  0.782622	    0.7849	  0.786857	  0.788585	  0.790152	  0.791592	  0.792917	  0.794128	  0.795224	  0.796203	  0.797064	  0.797807	  0.798432	  0.798941	  0.799338	  0.799633	  0.799832	  0.799941	  0.799967	  0.799918	  0.799801	  0.799625	  0.799398	  0.799128
   195	     0	         0	         0	         0	         0	         0	         0	         0	         0	         0	         0	         0	         0	         0	         0	         0	         0	0.00160005	0.00321881	0.00497527	 0.0069091	 0.0165754	 0.0319728	 0.0544507	 0.0834448	  0.116216	   0.15993	  0.215272	  0.296461	  0.349064	  0.385596	  0.418605	  0.457594	  0.504855	  0.541219	  0.568461	  0.599504	  0.630103	  0.656223	  0.681973	  0.703892	  0.723517	  0.739925	  0.753729	  0.765459	  0.771423	  0.775851	  0.779282	  0.782041	  0.784338	  0.786309	  0.788045	  0.789609	  0.791037	   0.79234	   0.79352	  0.794577	  0.795513	  0.796326	  0.797019	  0.797592	  0.798049	  0.798394	  0.798636	  0.798784	  0.798842	  0.798818	   0.79872	  0.798555	   0.79833	  0.798055	  0.797735
   196	     0	         0	         0	         0	         0	         0	         0	         0	         0	         0	         0	         0	         0	         0	         0	         0	         0	0.00163124	 0.0032747	0.00505589	 0.0070178	 0.0168709	 0.0325984	 0.0556242	 0.0854149	    0.1192	  0.164393	  0.221823	  0.306322	  0.361386	  0.400093	  0.434717	  0.475371	   0.52448	  0.562466	  0.591012	  0.623573	  0.652506	   0.67548	  0.697747	  0.716421	  0.733138	  0.747099	   0.75888	  0.768941	  0.774475	   0.77871	  0.782068	  0.784818	  0.787143	  0.789161	  0.790954	  0.792582	  0.794077	  0.795452	  0.796708	  0.797848	  0.798871	  0.799777	  0.800569	  0.801247	  0.801812	  0.802271	   0.80263	  0.802897	  0.803077	  0.803176	  0.803201	  0.803158	  0.803055	  0.802898	  0.802697
   197	     0	         0	         0	         0	         0	         0	         0	         0	         0	         0	         0	         0	         0	         0	         0	         0	         0	0.00159409	0.00318293	0.00489146	0.00676238	 0.0162184	 0.0312769	  0.053288	 0.0817325	  0.113966	  0.157173	  0.212166	  0.293141	   0.34604	   0.38292	  0.416352	  0.455816	  0.503523	   0.54024	  0.567771	  0.599061	   0.62989	  0.656229	  0.682149	  0.704231	  0.723995	    0.7405	  0.754369	  0.766133	  0.772114	   0.77655	  0.779983	  0.782742	  0.785042	  0.787019	  0.788767	  0.790351	  0.791809	  0.793152	  0.794383	  0.795504	  0.796513	  0.797408	  0.798191	  0.798862	   0.79942	  0.799871	  0.800221	  0.800477	  0.800644	  0.800728	  0.800735	  0.800672	  0.800546	  0.800366	  0.800137
   198	     0	         0	         0	         0	         0	         0	         0	         0	         0	         0	         0	         0	         0	         0	         0	         0	         0	0.00156349	 0.0031405	0.00484923	0.00672983	 0.0161612	 0.0312016	 0.0531992	 0.0816334	  0.113853	  0.156974	   0.21176	   0.29237	  0.344918	  0.381441	  0.414594	  0.453719	  0.501045	  0.537407	  0.564624	  0.595524	  0.626511	  0.653295	  0.679834	  0.702462	   0.72272	  0.739684	  0.753957	  0.766066	  0.772177	  0.776693	  0.780176	  0.782968	  0.785289	  0.787281	  0.789039	  0.790629	  0.792088	   0.79343	  0.794656	  0.795766	   0.79676	  0.797636	  0.798395	  0.799038	  0.799566	  0.799983	  0.800297	  0.800515	  0.800643	  0.800686	  0.800652	  0.800548	  0.800381	  0.800159	  0.799889
   199	     0	         0	         0	         0	         0	         0	         0	         0	         0	         0	         0	         0	         0	         0	         0	         0	         0	0.00151372	0.00305954	0.00474857	 0.0066185	 0.0159368	 0.0308332	 0.0526584	 0.0809152	  0.112983	   0.15593	  0.210539	  0.290967	  0.343514	  0.379949	  0.413113	  0.452238	  0.499553	  0.535815	   0.56288	  0.593541	  0.624473	  0.651355	  0.678129	  0.700972	  0.721449	  0.738647	  0.753136	  0.765431	  0.771614	  0.776155	  0.779633	  0.782396	  0.784673	  0.786609	  0.788302	  0.789822	  0.791205	  0.792466	  0.793604	  0.794622	  0.795519	  0.796292	  0.796944	  0.797474	  0.797883	  0.798177	  0.798363	  0.798449	   0.79844	  0.798342	  0.798163	  0.797911	  0.797593	  0.797218	  0.796794
   200	     0	         0	         0	         0	         0	         0	         0	         0	         0	         0	         0	         0	         0	         0	         0	         0	         0	0.00159471	0.00318974	0.00490757	0.00678963	 0.0162664	 0.0313454	 0.0533597	 0.0817744	  0.113934	  0.156974	  0.211668	  0.292088	  0.344544	  0.381078	  0.414269	  0.453483	  0.500918	  0.537428	  0.564846	  0.596012	  0.627187	  0.654034	  0.680471	  0.703019	  0.723182	  0.740015	  0.754155	  0.766148	  0.772194	  0.776678	  0.780156	   0.78296	  0.785308	  0.787333	   0.78913	  0.790762	  0.792264	  0.793649	  0.794919	  0.796073	   0.79711	  0.798031	  0.798835	  0.799524	  0.800099	  0.800564	  0.800927	  0.801195	  0.801374	  0.801468	  0.801487	  0.801437	  0.801324	  0.801157	  0.800943
   201	     0	         0	         0	         0	         0	         0	         0	         0	         0	         0	         0	         0	         0	         0	         0	         0	         0	0.00153178	0.00308908	0.00478882	0.00667167	 0.0160719	 0.0311221	 0.0531956	 0.0817943	  0.114261	  0.157714	  0.212903	  0.294074	  0.347058	   0.38394	  0.417412	  0.456825	  0.504457	  0.541083	  0.568508	  0.599657	  0.630316	  0.656486	  0.682328	  0.704321	  0.724031	  0.740558	  0.754505	   0.76639	  0.772506	  0.777083	  0.780658	  0.783554	  0.785985	  0.788087	  0.789949	  0.791636	  0.793184	  0.794606	  0.795907	  0.797089	  0.798154	  0.799102	  0.799935	  0.800656	  0.801265	  0.801769	  0.802174	  0.802487	  0.802714	   0.80286	  0.802931	  0.802933	  0.802872	  0.802757	  0.802593
   202	     0	         0	         0	         0	         0	         0	         0	         0	         0	         0	         0	         0	         0	         0	         0	         0	         0	0.00162431	 0.0032502	0.00499905	0.00691088	 0.0165389	 0.0318235	 0.0541009	 0.0828068	  0.115241	  0.158591	  0.213615	  0.294504	  0.346986	  0.383389	  0.416264	  0.455142	  0.502232	  0.538323	  0.565223	  0.595788	   0.62636	  0.652827	   0.67914	  0.701662	  0.721894	  0.738871	  0.753167	   0.76529	  0.771435	  0.775951	  0.779408	  0.782153	  0.784411	  0.786327	  0.788001	  0.789504	  0.790875	  0.792127	   0.79326	  0.794276	  0.795172	  0.795949	  0.796606	  0.797144	  0.797564	  0.797871	  0.798074	   0.79818	  0.798195	  0.798127	  0.797983	  0.797771	    0.7975	  0.797179	  0.796816
   203	     0	         0	         0	         0	         0	         0	         0	         0	         0	         0	         0	         0	         0	         0	         0	         0	         0	0.00154036	0.00311492	0.00483527	0.00673868	 0.0162091	  0.031332	 0.0534583	 0.0820662	  0.114488	  0.157828	  0.212823	  0.293698	  0.346429	  0.383148	  0.416601	  0.456122	  0.504036	    0.5411	  0.569119	  0.601048	   0.63234	  0.658791	  0.684618	  0.706395	  0.725726	  0.741775	  0.755201	  0.766564	  0.772206	  0.776374	    0.7796	  0.782198	  0.784367	  0.786234	  0.787882	   0.78937	  0.790729	  0.791967	  0.793082	  0.794074	  0.794942	  0.795682	  0.796297	  0.796788	  0.797156	  0.797406	  0.797548	   0.79759	  0.797539	    0.7974	  0.797184	  0.796897	  0.796549	  0.796148	  0.795702
   204	     0	         0	         0	         0	         0	         0	         0	         0	         0	         0	         0	         0	         0	         0	         0	         0	         0	0.00152292	0.00306282	0.00473545	0.00658042	 0.0158216	 0.0305805	 0.0521879	 0.0801401	  0.111833	  0.154282	  0.208245	   0.28764	  0.339482	  0.375349	  0.408032	  0.446634	  0.493309	   0.52902	  0.555635	  0.585774	  0.617145	   0.64497	  0.672821	  0.696772	  0.718298	   0.73639	  0.751635	  0.764563	  0.771048	  0.775808	  0.779453	  0.782354	  0.784748	  0.786787	  0.788577	  0.790188	  0.791661	  0.793011	  0.794243	  0.795359	  0.796358	  0.797242	  0.798011	  0.798666	  0.799209	  0.799643	  0.799978	  0.800218	  0.800371	   0.80044	  0.800435	   0.80036	  0.800224	  0.800034	  0.799797
   205	     0	         0	         0	         0	         0	         0	         0	         0	         0	         0	         0	         0	         0	         0	         0	         0	         0	0.00156592	0.00314333	0.00485106	0.00672973	 0.0161687	 0.0312277	 0.0532715	 0.0818002	   0.11418	  0.157597	  0.212876	  0.294376	  0.347723	  0.385036	  0.418954	  0.458965	  0.507365	  0.544836	  0.573162	   0.60542	  0.636449	  0.662386	  0.687624	  0.708866	  0.727718	  0.743349	  0.756414	  0.767462	  0.773009	  0.777119	  0.780305	  0.782872	   0.78502	  0.786872	  0.788513	  0.790003	  0.791372	  0.792631	  0.793779	  0.794815	  0.795735	  0.796538	  0.797223	   0.79779	  0.798239	  0.798574	  0.798803	  0.798932	  0.798967	  0.798914	  0.798781	  0.798573	    0.7983	  0.797969	  0.797587
   206	     0	         0	         0	         0	         0	         0	         0	         0	         0	         0	         0	         0	         0	         0	         0	         0	         0	0.00158035	0.00316376	 0.0048699	0.00673888	 0.0161362	 0.0310762	 0.0528684	 0.0809664	   0.11273	  0.155206	  0.209141	  0.288405	   0.33999	    0.3757	  0.408184	  0.446619	  0.493132	  0.528732	  0.555302	  0.585411	  0.616882	  0.644825	   0.67276	   0.69678	  0.718351	  0.736467	  0.751719	  0.764645	  0.771093	   0.77582	  0.779436	  0.782312	  0.784685	  0.786706	   0.78848	  0.790077	  0.791538	  0.792877	  0.794095	  0.795195	  0.796176	  0.797037	   0.79778	  0.798405	  0.798914	  0.799313	   0.79961	  0.799812	  0.799926	  0.799959	  0.799918	  0.799811	  0.799647	  0.799433	  0.799177
   207	     0	         0	         0	         0	         0	         0	         0	         0	         0	         0	         0	         0	         0	         0	         0	         0	         0	0.00150963	0.00305596	0.00475272	0.00663944	 0.0160171	 0.0310523	 0.0531152	 0.0817062	  0.114157	  0.157543	  0.212575	  0.293417	  0.346108	  0.382631	  0.415786	  0.454848	  0.502099	  0.538343	  0.565401	  0.596145	  0.626785	  0.653191	  0.679384	  0.701761	   0.72186	  0.738737	  0.752986	  0.765124	  0.771341	  0.775969	  0.779563	  0.782458	  0.784873	  0.786948	  0.788777	  0.790425	   0.79193	  0.793307	   0.79456	  0.795692	  0.796704	  0.797599	  0.798379	  0.799045	  0.799599	  0.800047	  0.800396	  0.800653	  0.800823	  0.800911	  0.800924	  0.800868	  0.800751	  0.800578	  0.800356
   208	     0	         0	         0	         0	         0	         0	         0	         0	         0	         0	         0	         0	         0	         0	         0	         0	         0	0.00159152	0.00319029	0.00491638	0.00681019	 0.0163253	 0.0314705	 0.0535862	 0.0821376	  0.114457	  0.157696	  0.212617	  0.293394	  0.346026	  0.382675	  0.415949	  0.455271	  0.502893	  0.539628	  0.567277	   0.59876	  0.629893	  0.656458	  0.682512	  0.704614	   0.72431	  0.740696	  0.754419	  0.766032	  0.771833	  0.776114	  0.779419	  0.782073	  0.784285	  0.786186	  0.787866	  0.789387	  0.790784	  0.792065	  0.793231	  0.794282	  0.795214	  0.796027	   0.79672	  0.797295	  0.797752	  0.798096	  0.798336	  0.798478	  0.798528	  0.798494	  0.798384	  0.798203	  0.797961	  0.797667	  0.797327
   209	     0	         0	         0	         0	         0	         0	         0	         0	         0	         0	         0	         0	         0	         0	         0	         0	         0	0.00172106	0.00341934	0.00522675	0.00718658	 0.0171316	 0.0328524	  0.055693	 0.0850448	  0.118132	  0.162317	  0.218413	  0.300797	  0.354211	  0.391551	  0.424999	   0.46454	    0.5124	    0.5492	  0.576736	  0.608076	  0.637917	   0.66287	  0.687368	  0.708206	  0.726918	  0.742588	  0.755793	  0.767019	  0.772854	  0.777197	  0.780557	  0.783246	  0.785475	  0.787378	  0.789051	  0.790561	  0.791944	  0.793214	  0.794369	  0.795409	  0.796333	  0.797138	  0.797825	  0.798394	  0.798846	  0.799187	  0.799424	  0.799566	   0.79962	  0.799592	  0.799492	  0.799327	  0.799108	  0.798842	   0.79854
   210	     0	         0	         0	         0	         0	         0	         0	         0	         0	         0	         0	         0	         0	         0	         0	         0	         0	0.00163524	 0.0032581	0.00499355	0.00688323	 0.0164493	 0.0316181	 0.0537158	 0.0821861	  0.114361	  0.157417	  0.212124	  0.292603	  0.344931	  0.381334	  0.414322	  0.453364	  0.500658	   0.53707	  0.564396	  0.595486	  0.626653	  0.653547	  0.680066	  0.702649	   0.72281	  0.739609	  0.753677	  0.765564	  0.771471	  0.775796	  0.779105	  0.781738	  0.783912	  0.785766	  0.787394	  0.788862	  0.790207	   0.79144	  0.792561	  0.793568	   0.79446	  0.795233	  0.795887	  0.796423	   0.79684	  0.797144	  0.797343	  0.797444	  0.797453	  0.797377	  0.797223	     0.797	  0.796716	   0.79638	  0.795999
   211	     0	         0	         0	         0	         0	         0	         0	         0	         0	         0	         0	         0	         0	         0	         0	         0	         0	0.00155783	0.00312805	0.00483085	0.00670761	 0.0161308	 0.0311829	 0.0532283	 0.0817554	  0.114106	  0.157417	  0.212447	   0.29342	  0.346165	  0.382771	  0.415897	  0.454946	  0.502159	  0.538343	  0.565289	   0.59587	  0.626398	    0.6528	  0.679069	  0.701534	  0.721724	  0.738684	  0.752991	  0.765152	  0.771369	   0.77597	  0.779516	   0.78235	  0.784697	  0.786701	  0.788463	   0.79005	  0.791502	  0.792835	  0.794051	  0.795154	  0.796143	   0.79702	  0.797784	  0.798437	   0.79898	  0.799417	  0.799757	  0.800005	  0.800167	  0.800248	  0.800256	  0.800196	  0.800075	  0.799902	  0.799683
   212	     0	         0	         0	         0	         0	         0	         0	         0	         0	         0	         0	         0	         0	         0	         0	         0	         0	0.00154632	0.00311766	0.00483093	0.00672647	 0.0162035	 0.0313663	 0.0536033	 0.0824171	  0.115142	  0.158971	  0.214696	  0.296784	  0.350393	  0.387838	  0.421766	   0.46172	  0.510049	  0.547383	  0.575487	   0.60747	  0.637903	   0.66322	  0.687958	  0.708814	  0.727413	  0.742925	   0.75597	  0.767062	  0.772775	  0.777049	  0.780381	  0.783076	  0.785331	  0.787273	  0.788989	  0.790539	  0.791957	  0.793254	  0.794433	  0.795493	  0.796435	  0.797259	  0.797965	  0.798556	  0.799032	  0.799399	  0.799666	  0.799839	  0.799925	   0.79993	  0.799861	  0.799726	  0.799531	  0.799286	  0.798998
   213	     0	         0	         0	         0	         0	         0	         0	         0	         0	         0	         0	         0	         0	         0	         0	         0	         0	0.00161847	0.00323272	0.00496834	0.00686807	 0.0164529	 0.0317022	 0.0539708	 0.0827209	   0.11527	  0.158832	  0.214191	  0.295616	  0.348699	  0.385826	  0.419429	  0.459064	  0.506981	  0.543953	  0.571765	  0.603404	  0.634163	  0.660134	  0.685564	   0.70712	  0.726362	  0.742416	  0.755913	  0.767386	  0.773263	  0.777666	  0.781111	  0.783913	  0.786276	  0.788329	  0.790158	  0.791826	  0.793366	  0.794789	  0.796097	  0.797289	  0.798366	  0.799325	  0.800169	  0.800898	  0.801514	   0.80202	  0.802426	  0.802737	  0.802959	  0.803098	  0.803161	  0.803155	  0.803086	  0.802962	  0.802791
   214	     0	         0	         0	         0	         0	         0	         0	         0	         0	         0	         0	         0	         0	         0	         0	         0	         0	0.00163524	 0.0032581	0.00499355	0.00688323	 0.0164493	 0.0316181	 0.0537158	 0.0821861	  0.114361	  0.157417	  0.212124	  0.292603	  0.344931	  0.381334	  0.414322	  0.453364	  0.500658	   0.53707	  0.564396	  0.595486	  0.626653	  0.653547	  0.680066	  0.702649	   0.72281	  0.739609	  0.753677	  0.765564	  0.771471	  0.775796	  0.779105	  0.781738	  0.783912	  0.785766	  0.787394	  0.788862	  0.790207	   0.79144	  0.792561	  0.793568	   0.79446	  0.795233	  0.795887	  0.796423	   0.79684	  0.797144	  0.797343	  0.797444	  0.797453	  0.797377	  0.797223	     0.797	  0.796716	   0.79638	  0.795999
   215	     0	         0	         0	         0	         0	         0	         0	         0	         0	         0	         0	         0	         0	         0	         0	         0	         0	 0.0015764	0.00316173	0.00487598	0.00675985	 0.0162296	  0.031324	 0.0533959	 0.0819229	  0.114246	  0.157528	  0.212557	  0.293564	  0.346391	  0.383134	  0.416427	  0.455727	  0.503276	  0.539841	  0.567229	   0.59836	  0.629157	  0.655551	  0.681618	   0.70382	  0.723693	   0.74031	  0.754273	  0.766107	  0.772093	  0.776508	  0.779905	  0.782618	  0.784865	  0.786786	  0.788476	  0.790001	  0.791399	  0.792683	  0.793855	  0.794914	   0.79586	  0.796691	  0.797407	  0.798009	  0.798497	  0.798875	  0.799151	  0.799332	  0.799423	  0.799429	   0.79936	  0.799221	   0.79902	  0.798766	  0.798465
   216	     0	         0	         0	         0	         0	         0	         0	         0	         0	         0	         0	         0	         0	         0	         0	         0	         0	0.00156349	 0.0031405	0.00484923	0.00672983	 0.0161612	 0.0312016	 0.0531992	 0.0816334	  0.113853	  0.156974	   0.21176	   0.29237	  0.344918	  0.381441	  0.414594	  0.453719	  0.501045	  0.537407	  0.564624	  0.595524	  0.626511	  0.653295	  0.679834	  0.702462	   0.72272	  0.739684	  0.753957	  0.766066	  0.772177	  0.776693	  0.780176	  0.782968	  0.785289	  0.787281	  0.789039	  0.790629	  0.792088	   0.79343	  0.794656	  0.795766	   0.79676	  0.797636	  0.798395	  0.799038	  0.799566	  0.799983	  0.800297	  0.800515	  0.800643	  0.800686	  0.800652	  0.800548	  0.800381	  0.800159	  0.799889
   217	     0	         0	         0	         0	         0	         0	         0	         0	         0	         0	         0	         0	         0	         0	         0	         0	         0	0.00158612	0.00319571	0.00494754	 0.0068819	 0.0165569	 0.0320093	 0.0546378	 0.0839202	  0.117136	  0.161575	  0.218045	   0.30118	   0.35541	  0.393409	  0.427681	  0.468028	  0.516847	  0.554647	  0.583173	  0.615708	   0.64566	  0.669982	  0.693571	  0.713367	  0.731008	  0.745694	  0.758038	  0.768538	   0.77406	  0.778227	  0.781499	  0.784162	  0.786404	  0.788344	  0.790065	  0.791627	  0.793062	  0.794379	  0.795579	  0.796662	  0.797627	  0.798474	  0.799202	  0.799814	   0.80031	  0.800696	   0.80098	   0.80117	  0.801272	  0.801291	  0.801236	  0.801115	  0.800935	  0.800705	  0.800432
   218	     0	         0	         0	         0	         0	         0	         0	         0	         0	         0	         0	         0	         0	         0	         0	         0	         0	0.00158035	0.00316376	 0.0048699	0.00673888	 0.0161362	 0.0310762	 0.0528684	 0.0809664	   0.11273	  0.155206	  0.209141	  0.288405	   0.33999	    0.3757	  0.408184	  0.446619	  0.493132	  0.528732	  0.555302	  0.585411	  0.616882	  0.644825	   0.67276	   0.69678	  0.718351	  0.736467	  0.751719	  0.764645	  0.771093	   0.77582	  0.779436	  0.782312	  0.784685	  0.786706	   0.78848	  0.790077	  0.791538	  0.792877	  0.794095	  0.795195	  0.796176	  0.797037	   0.79778	  0.798405	  0.798914	  0.799313	   0.79961	  0.799812	  0.799926	  0.799959	  0.799918	  0.799811	  0.799647	  0.799433	  0.799177
   219	     0	         0	         0	         0	         0	         0	         0	         0	         0	         0	         0	         0	         0	         0	         0	         0	         0	  0.001656	0.00330877	0.00508489	0.00702656	 0.0168249	 0.0323916	 0.0550964	 0.0843704	  0.117462	  0.161688	   0.21783	  0.300336	  0.353869	  0.391215	  0.424708	  0.464217	  0.512029	  0.548799	  0.576263	  0.607541	  0.637306	   0.66225	  0.686815	  0.707738	  0.726547	  0.742311	  0.755605	  0.766914	  0.772847	  0.777283	  0.780727	  0.783496	    0.7858	  0.787773	  0.789511	  0.791079	  0.792514	  0.793831	  0.795032	  0.796118	  0.797089	  0.797945	  0.798685	  0.799311	  0.799824	  0.800228	  0.800531	   0.80074	  0.800861	  0.800899	  0.800862	  0.800757	  0.800591	  0.800374	  0.800112
   220	     0	         0	         0	         0	         0	         0	         0	         0	         0	         0	         0	         0	         0	         0	         0	         0	         0	  0.001656	0.00330877	0.00508489	0.00702656	 0.0168249	 0.0323916	 0.0550964	 0.0843704	  0.117462	  0.161688	   0.21783	  0.300336	  0.353869	  0.391215	  0.424708	  0.464217	  0.512029	  0.548799	  0.576263	  0.607541	  0.637306	   0.66225	  0.686815	  0.707738	  0.726547	  0.742311	  0.755605	  0.766914	  0.772847	  0.777283	  0.780727	  0.783496	    0.7858	  0.787773	  0.789511	  0.791079	  0.792514	  0.793831	  0.795032	  0.796118	  0.797089	  0.797945	  0.798685	  0.799311	  0.799824	  0.800228	  0.800531	   0.80074	  0.800861	  0.800899	  0.800862	  0.800757	  0.800591	  0.800374	  0.800112
   221	     0	         0	         0	         0	         0	         0	         0	         0	         0	         0	         0	         0	         0	         0	         0	         0	         0	0.00155246	0.00312446	 0.0048311	0.00671095	 0.0161056	 0.0310775	 0.0529489	 0.0811861	   0.11314	  0.155852	  0.210049	  0.289681	   0.34154	  0.377441	  0.410136	  0.448804	  0.495638	  0.531566	  0.558452	   0.58897	  0.620373	  0.647923	  0.675306	  0.698729	  0.719702	  0.737269	   0.75204	  0.764561	  0.770788	  0.775359	  0.778867	  0.781665	  0.783981	   0.78596	  0.787699	  0.789265	  0.790697	  0.792006	  0.793193	  0.794258	  0.795201	   0.79602	  0.796718	  0.797295	  0.797753	  0.798099	  0.798341	  0.798487	  0.798544	  0.798518	  0.798419	  0.798255	  0.798033	  0.797762	   0.79745
   222	     0	         0	         0	         0	         0	         0	         0	         0	         0	         0	         0	         0	         0	         0	         0	         0	         0	0.00151352	0.00305811	0.00474678	0.00661835	 0.0159454	 0.0308733	 0.0527624	 0.0811167	  0.113302	   0.15638	  0.211095	  0.291595	  0.344163	  0.380676	  0.413929	  0.453146	    0.5006	    0.5371	  0.564468	  0.595543	  0.626658	  0.653489	  0.680032	  0.702617	  0.722814	  0.739726	  0.753964	   0.76606	  0.772174	   0.77671	  0.780226	  0.783058	  0.785423	  0.787459	   0.78926	   0.79089	  0.792386	  0.793758	  0.795011	  0.796145	   0.79716	  0.798056	  0.798835	  0.799498	  0.800046	  0.800486	  0.800825	   0.80107	  0.801228	  0.801303	  0.801304	  0.801237	   0.80111	  0.800929	  0.800703
   223	     0	         0	         0	         0	         0	         0	         0	         0	         0	         0	         0	         0	         0	         0	         0	         0	         0	0.00159409	0.00318293	0.00489146	0.00676238	 0.0162184	 0.0312769	  0.053288	 0.0817325	  0.113966	  0.157173	  0.212166	  0.293141	   0.34604	   0.38292	  0.416352	  0.455816	  0.503523	   0.54024	  0.567771	  0.599061	   0.62989	  0.656229	  0.682149	  0.704231	  0.723995	    0.7405	  0.754369	  0.766133	  0.772114	   0.77655	  0.779983	  0.782742	  0.785042	  0.787019	  0.788767	  0.790351	  0.791809	  0.793152	  0.794383	  0.795504	  0.796513	  0.797408	  0.798191	  0.798862	   0.79942	  0.799871	  0.800221	  0.800477	  0.800644	  0.800728	  0.800735	  0.800672	  0.800546	  0.800366	  0.800137
   224	     0	         0	         0	         0	         0	         0	         0	         0	         0	         0	         0	         0	         0	         0	         0	         0	         0	0.00174341	 0.0034466	0.00524346	0.00717735	 0.0170598	 0.0326205	  0.055169	 0.0840776	    0.1166	  0.160033	  0.215159	  0.296114	   0.34841	  0.384753	  0.417382	  0.456106	  0.503093	  0.539177	  0.566145	   0.59687	  0.627516	  0.653958	  0.680121	  0.702495	  0.722557	  0.739319	  0.753371	  0.765237	  0.771169	  0.775484	  0.778754	  0.781323	  0.783416	  0.785176	  0.786703	  0.788067	  0.789311	  0.790445	  0.791471	  0.792385	  0.793186	   0.79387	  0.794438	   0.79489	  0.795224	  0.795447	  0.795567	  0.795591	  0.795527	  0.795383	  0.795167	  0.794888	  0.794556	  0.794181	  0.793771
   225	     0	         0	         0	         0	         0	         0	         0	         0	         0	         0	         0	         0	         0	         0	         0	         0	         0	0.00146043	0.00295788	0.00460198	0.00643119	 0.0155332	 0.0301436	 0.0516212	 0.0795191	  0.111282	  0.153923	  0.208259	  0.288378	  0.341115	  0.377849	  0.411534	  0.451254	  0.499267	  0.536334	  0.564324	  0.596099	  0.627795	  0.654928	  0.681525	  0.704018	  0.724008	   0.74064	  0.754573	  0.766371	  0.772221	  0.776546	  0.779897	    0.7826	  0.784865	  0.786821	  0.788557	  0.790132	  0.791579	  0.792909	  0.794122	  0.795218	  0.796196	  0.797054	  0.797795	  0.798417	  0.798923	  0.799316	  0.799606	  0.799798	  0.799899	  0.799914	   0.79985	  0.799714	  0.799514	  0.799258	  0.798952
   226	     0	         0	         0	         0	         0	         0	         0	         0	         0	         0	         0	         0	         0	         0	         0	         0	         0	0.00164958	0.00327467	0.00500174	0.00687241	 0.0163875	 0.0314282	 0.0532878	 0.0813905	  0.113088	   0.15551	  0.209448	  0.288777	  0.340282	  0.375866	  0.408115	  0.446382	  0.492738	  0.528125	   0.55442	  0.584237	   0.61545	  0.643282	  0.671186	  0.695267	  0.716942	   0.73514	  0.750432	  0.763345	  0.769736	  0.774351	  0.777819	  0.780522	  0.782708	  0.784533	  0.786106	  0.787505	  0.788773	  0.789926	  0.790964	  0.791888	  0.792696	  0.793386	  0.793959	  0.794413	  0.794749	  0.794971	  0.795089	  0.795108	  0.795037	   0.79488	  0.794648	  0.794349	  0.793991	  0.793584	  0.793137
   227	     0	         0	         0	         0	         0	         0	         0	         0	         0	         0	         0	         0	         0	         0	         0	         0	         0	0.00157327	0.00317532	0.00492702	0.00687031	  0.016569	 0.0321097	  0.054912	 0.0844523	   0.11796	  0.162708	  0.219389	  0.302612	  0.356606	  0.394183	  0.427864	  0.467423	  0.515267	  0.552031	  0.579384	  0.610569	  0.639782	  0.664047	  0.687989	  0.708348	  0.726694	  0.742118	  0.755185	  0.766364	  0.772388	  0.776957	  0.780555	  0.783486	  0.785952	  0.788084	  0.789973	  0.791682	  0.793248	  0.794687	  0.796005	  0.797207	  0.798296	  0.799274	  0.800143	  0.800907	  0.801567	  0.802128	  0.802598	   0.80298	  0.803282	  0.803505	  0.803657	  0.803743	  0.803767	  0.803736	  0.803655
   228	     0	         0	         0	         0	         0	         0	         0	         0	         0	         0	         0	         0	         0	         0	         0	         0	         0	0.00157672	0.00314676	0.00483018	0.00666719	 0.0159502	 0.0306878	 0.0521765	 0.0798836	   0.11122	  0.153202	    0.2066	  0.285192	  0.336466	  0.371968	  0.404396	  0.442824	  0.489345	  0.525031	  0.551762	  0.582063	  0.614143	  0.642792	  0.671367	  0.695885	  0.717803	  0.736115	  0.751444	  0.764366	  0.770662	   0.77522	  0.778675	  0.781402	  0.783641	  0.785541	  0.787206	  0.788707	  0.790083	  0.791347	  0.792499	  0.793537	  0.794461	  0.795266	  0.795954	  0.796524	  0.796975	  0.797314	  0.797547	  0.797682	  0.797725	  0.797683	  0.797562	  0.797372	  0.797121	  0.796816	  0.796466
   229	     0	         0	         0	         0	         0	         0	         0	         0	         0	         0	         0	         0	         0	         0	         0	         0	         0	0.00162243	 0.0032503	0.00500785	0.00693712	 0.0166496	  0.032122	 0.0547409	 0.0839689	  0.117083	  0.161403	  0.217754	  0.300698	  0.354781	  0.392689	  0.426808	  0.466999	  0.515603	  0.553184	  0.581483	  0.613743	  0.643704	  0.668247	  0.692129	  0.712268	  0.730258	  0.745252	  0.757856	   0.76857	  0.774201	  0.778439	  0.781758	  0.784451	  0.786711	  0.788666	    0.7904	  0.791975	  0.793426	  0.794763	  0.795988	  0.797101	  0.798101	  0.798986	  0.799758	  0.800417	  0.800963	    0.8014	  0.801737	   0.80198	  0.802134	  0.802205	  0.802201	  0.802128	  0.801994	  0.801807	  0.801574
   230	     0	         0	         0	         0	         0	         0	         0	         0	         0	         0	         0	         0	         0	         0	         0	         0	         0	0.00155981	0.00314055	0.00485952	0.00675672	  0.016264	 0.0314534	 0.0537141	 0.0825447	  0.115281	   0.15915	  0.214976	  0.297282	  0.351048	  0.388602	   0.42257	  0.462564	   0.51091	  0.548181	   0.57614	  0.607916	  0.638112	  0.663296	  0.688021	  0.708909	  0.727579	  0.743193	  0.756337	  0.767509	  0.773291	  0.777604	  0.780953	  0.783647	  0.785891	  0.787817	  0.789516	   0.79105	  0.792456	  0.793745	  0.794918	  0.795975	  0.796917	   0.79774	  0.798446	  0.799035	  0.799508	  0.799868	  0.800125	  0.800284	  0.800352	  0.800333	  0.800236	  0.800067	  0.799834	  0.799545	  0.799207
   231	     0	         0	         0	         0	         0	         0	         0	         0	         0	         0	         0	         0	         0	         0	         0	         0	         0	0.00167181	0.00331672	0.00506809	0.00697114	 0.0166629	 0.0320341	 0.0544412	 0.0833279	  0.115993	  0.159748	   0.21544	  0.297407	  0.350771	  0.387999	  0.421427	  0.460861	  0.508482	  0.544949	  0.572051	  0.602797	  0.632648	  0.658063	  0.683276	  0.704833	   0.72425	  0.740574	  0.754352	  0.766062	  0.772141	  0.776643	  0.780105	  0.782859	  0.785128	  0.787058	  0.788749	  0.790271	  0.791667	   0.79295	  0.794123	  0.795188	  0.796143	  0.796985	  0.797714	  0.798331	  0.798834	  0.799226	  0.799516	  0.799708	  0.799807	  0.799819	  0.799751	   0.79961	  0.799402	  0.799136	   0.79882
   232	     0	         0	         0	         0	         0	         0	         0	         0	         0	         0	         0	         0	         0	         0	         0	         0	         0	0.00158407	0.00319073	0.00493951	 0.0068712	 0.0165379	 0.0319866	  0.054622	 0.0839256	  0.117174	   0.16165	  0.218126	  0.301235	  0.355389	  0.393322	  0.427528	  0.467786	  0.516514	  0.554276	  0.582773	  0.615309	    0.6453	  0.669676	  0.693296	  0.713111	  0.730754	  0.745422	  0.757742	  0.768221	   0.77374	  0.777914	  0.781205	  0.783892	  0.786164	  0.788137	  0.789893	  0.791489	  0.792957	  0.794307	   0.79554	  0.796658	  0.797658	  0.798542	  0.799311	  0.799965	  0.800506	  0.800939	  0.801273	  0.801514	  0.801669	  0.801742	  0.801741	  0.801673	  0.801545	  0.801365	   0.80114
   233	     0	         0	         0	         0	         0	         0	         0	         0	         0	         0	         0	         0	         0	         0	         0	         0	         0	0.00157596	0.00316079	0.00487259	0.00675099	 0.0161837	 0.0311949	 0.0531133	  0.081406	  0.113429	   0.15628	  0.210723	  0.290813	  0.342964	  0.379121	  0.411962	  0.450781	  0.497756	  0.533763	  0.560645	  0.591139	  0.622234	  0.649435	   0.67651	  0.699689	  0.720474	  0.737898	  0.752552	  0.764969	  0.771181	  0.775734	  0.779216	   0.78198	  0.784258	  0.786195	  0.787891	  0.789414	  0.790804	  0.792073	  0.793224	  0.794255	  0.795167	  0.795958	  0.796628	  0.797178	   0.79761	  0.797927	  0.798138	   0.79825	  0.798269	    0.7982	  0.798053	  0.797833	   0.79755	  0.797212	  0.796826
   234	     0	         0	         0	         0	         0	         0	         0	         0	         0	         0	         0	         0	         0	         0	         0	         0	         0	0.00147964	0.00299377	0.00465518	0.00650378	 0.0157107	 0.0304975	  0.052247	 0.0805026	  0.112667	  0.155786	  0.210609	  0.291352	  0.344262	  0.381153	  0.414845	  0.454492	  0.502404	  0.539392	  0.567238	  0.598871	   0.63011	   0.65672	  0.682848	  0.704943	  0.724622	  0.741046	  0.754865	  0.766624	  0.772598	  0.777078	  0.780595	  0.783468	  0.785899	  0.788018	  0.789909	   0.79163	  0.793216	  0.794677	  0.796019	  0.797243	  0.798351	  0.799343	  0.800222	   0.80099	  0.801649	  0.802204	  0.802662	  0.803029	   0.80331	  0.803509	  0.803633	  0.803686	  0.803675	  0.803606	  0.803483
   235	     0	         0	         0	         0	         0	         0	         0	         0	         0	         0	         0	         0	         0	         0	         0	         0	         0	0.00155246	0.00312446	 0.0048311	0.00671095	 0.0161056	 0.0310775	 0.0529489	 0.0811861	   0.11314	  0.155852	  0.210049	  0.289681	   0.34154	  0.377441	  0.410136	  0.448804	  0.495638	  0.531566	  0.558452	   0.58897	  0.620373	  0.647923	  0.675306	  0.698729	  0.719702	  0.737269	   0.75204	  0.764561	  0.770788	  0.775359	  0.778867	  0.781665	  0.783981	   0.78596	  0.787699	  0.789265	  0.790697	  0.792006	  0.793193	  0.794258	  0.795201	   0.79602	  0.796718	  0.797295	  0.797753	  0.798099	  0.798341	  0.798487	  0.798544	  0.798518	  0.798419	  0.798255	  0.798033	  0.797762	   0.79745
   236	     0	         0	         0	         0	         0	         0	         0	         0	         0	         0	         0	         0	         0	         0	         0	         0	         0	0.00178342	0.00352469	0.00536513	0.00735146	 0.0175189	  0.033574	 0.0569043	 0.0868896	  0.120702	  0.165876	  0.223254	  0.307489	  0.362003	  0.400345	  0.434275	  0.474286	   0.52272	   0.56016	  0.588234	  0.620302	  0.649295	  0.672679	  0.695442	  0.714624	  0.731803	  0.746122	   0.75815	  0.768354	  0.773832	  0.777946	  0.781147	   0.78372	  0.785858	  0.787689	  0.789301	  0.790759	  0.792099	  0.793333	  0.794461	  0.795482	  0.796394	  0.797194	  0.797882	  0.798456	  0.798917	  0.799269	  0.799519	  0.799674	   0.79974	  0.799723	  0.799631	  0.799473	  0.799255	  0.798988	  0.798679
   237	     0	         0	         0	         0	         0	         0	         0	         0	         0	         0	         0	         0	         0	         0	         0	         0	         0	0.00154036	0.00311492	0.00483527	0.00673868	 0.0162091	  0.031332	 0.0534583	 0.0820662	  0.114488	  0.157828	  0.212823	  0.293698	  0.346429	  0.383148	  0.416601	  0.456122	  0.504036	    0.5411	  0.569119	  0.601048	   0.63234	  0.658791	  0.684618	  0.706395	  0.725726	  0.741775	  0.755201	  0.766564	  0.772206	  0.776374	    0.7796	  0.782198	  0.784367	  0.786234	  0.787882	   0.78937	  0.790729	  0.791967	  0.793082	  0.794074	  0.794942	  0.795682	  0.796297	  0.796788	  0.797156	  0.797406	  0.797548	   0.79759	  0.797539	    0.7974	  0.797184	  0.796897	  0.796549	  0.796148	  0.795702
   238	     0	         0	         0	         0	         0	         0	         0	         0	         0	         0	         0	         0	         0	         0	         0	         0	         0	0.00151372	0.00305954	0.00474857	 0.0066185	 0.0159368	 0.0308332	 0.0526584	 0.0809152	  0.112983	   0.15593	  0.210539	  0.290967	  0.343514	  0.379949	  0.413113	  0.452238	  0.499553	  0.535815	   0.56288	  0.593541	  0.624473	  0.651355	  0.678129	  0.700972	  0.721449	  0.738647	  0.753136	  0.765431	  0.771614	  0.776155	  0.779633	  0.782396	  0.784673	  0.786609	  0.788302	  0.789822	  0.791205	  0.792466	  0.793604	  0.794622	  0.795519	  0.796292	  0.796944	  0.797474	  0.797883	  0.798177	  0.798363	  0.798449	   0.79844	  0.798342	  0.798163	  0.797911	  0.797593	  0.797218	  0.796794
   239	     0	         0	         0	         0	         0	         0	         0	         0	         0	         0	         0	         0	         0	         0	         0	         0	         0	0.00151661	0.00306921	0.00477189	 0.0066643	 0.0160843	   0.03119	 0.0533717	 0.0821412	  0.114829	  0.158577	  0.214127	   0.29586	  0.349222	  0.386366	  0.420063	  0.459734	  0.507733	  0.544734	  0.572504	   0.60412	  0.634619	  0.660274	  0.685451	   0.70676	    0.7258	  0.741706	  0.755095	  0.766488	  0.772353	  0.776743	  0.780172	  0.782951	  0.785286	  0.787305	  0.789095	  0.790717	  0.792207	  0.793575	  0.794826	   0.79596	  0.796977	  0.797878	  0.798665	  0.799338	    0.7999	  0.800355	  0.800712	  0.800976	  0.801153	  0.801248	  0.801268	   0.80122	   0.80111	  0.800945	  0.800732
   240	     0	         0	         0	         0	         0	         0	         0	         0	         0	         0	         0	         0	         0	         0	         0	         0	         0	0.00151372	0.00305954	0.00474857	 0.0066185	 0.0159368	 0.0308332	 0.0526584	 0.0809152	  0.112983	   0.15593	  0.210539	  0.290967	  0.343514	  0.379949	  0.413113	  0.452238	  0.499553	  0.535815	   0.56288	  0.593541	  0.624473	  0.651355	  0.678129	  0.700972	  0.721449	  0.738647	  0.753136	  0.765431	  0.771614	  0.776155	  0.779633	  0.782396	  0.784673	  0.786609	  0.788302	  0.789822	  0.791205	  0.792466	  0.793604	  0.794622	  0.795519	  0.796292	  0.796944	  0.797474	  0.797883	  0.798177	  0.798363	  0.798449	   0.79844	  0.798342	  0.798163	  0.797911	  0.797593	  0.797218	  0.796794
   241	     0	         0	         0	         0	         0	         0	         0	         0	         0	         0	         0	         0	         0	         0	         0	         0	         0	0.00155335	0.00312763	0.00484074	0.00673307	 0.0162076	 0.0313544	 0.0535525	 0.0822954	   0.11491	  0.158566	  0.214011	  0.295606	   0.34879	  0.385815	  0.419348	  0.458869	  0.506693	  0.543546	  0.571171	  0.602617	  0.633139	  0.658955	  0.684334	   0.70586	  0.725105	  0.741176	  0.754691	  0.766173	  0.772058	  0.776444	  0.779852	  0.782602	  0.784901	  0.786881	  0.788632	  0.790217	  0.791672	   0.79301	  0.794231	  0.795339	  0.796332	   0.79721	  0.797975	  0.798628	  0.799168	  0.799603	  0.799938	   0.80018	  0.800335	  0.800408	  0.800405	  0.800334	    0.8002	  0.800012	  0.799775
   242	     0	         0	         0	         0	         0	         0	         0	         0	         0	         0	         0	         0	         0	         0	         0	         0	         0	0.00165392	0.00331662	0.00511343	0.00708642	  0.017013	 0.0328239	 0.0559396	 0.0858099	   0.11965	  0.164897	   0.22237	  0.306927	  0.361904	  0.400543	  0.435041	  0.475594	  0.524644	  0.562639	  0.591218	  0.623856	  0.652841	   0.67585	  0.698136	  0.716797	   0.73347	  0.747358	  0.759041	  0.768986	  0.774416	  0.778547	  0.781807	  0.784464	  0.786701	  0.788637	  0.790355	  0.791914	  0.793346	  0.794663	  0.795864	  0.796951	  0.797922	  0.798776	  0.799514	  0.800137	  0.800644	  0.801042	  0.801338	  0.801538	   0.80165	  0.801677	  0.801629	  0.801512	  0.801334	  0.801102	  0.800825
   243	     0	         0	         0	         0	         0	         0	         0	         0	         0	         0	         0	         0	         0	         0	         0	         0	         0	0.00159409	0.00318293	0.00489146	0.00676238	 0.0162184	 0.0312769	  0.053288	 0.0817325	  0.113966	  0.157173	  0.212166	  0.293141	   0.34604	   0.38292	  0.416352	  0.455816	  0.503523	   0.54024	  0.567771	  0.599061	   0.62989	  0.656229	  0.682149	  0.704231	  0.723995	    0.7405	  0.754369	  0.766133	  0.772114	   0.77655	  0.779983	  0.782742	  0.785042	  0.787019	  0.788767	  0.790351	  0.791809	  0.793152	  0.794383	  0.795504	  0.796513	  0.797408	  0.798191	  0.798862	   0.79942	  0.799871	  0.800221	  0.800477	  0.800644	  0.800728	  0.800735	  0.800672	  0.800546	  0.800366	  0.800137
   244	     0	         0	         0	         0	         0	         0	         0	         0	         0	         0	         0	         0	         0	         0	         0	         0	         0	0.00149996	0.00303063	0.00470621	 0.0065667	 0.0158425	  0.030718	 0.0525664	 0.0809126	  0.113135	  0.156299	  0.211144	  0.291859	  0.344671	  0.381439	   0.41496	  0.454448	  0.502203	  0.539044	  0.566763	  0.598287	  0.629497	  0.656136	  0.682302	  0.704465	  0.724214	  0.740685	  0.754524	  0.766281	  0.772224	  0.776661	  0.780128	  0.782947	  0.785324	  0.787388	  0.789227	  0.790901	  0.792443	  0.793865	   0.79517	  0.796359	  0.797433	  0.798391	  0.799237	   0.79997	  0.800594	  0.801111	  0.801532	  0.801861	  0.802104	  0.802266	  0.802353	  0.802371	  0.802327	  0.802228	  0.802079
   245	     0	         0	         0	         0	         0	         0	         0	         0	         0	         0	         0	         0	         0	         0	         0	         0	         0	0.00163524	 0.0032581	0.00499355	0.00688323	 0.0164493	 0.0316181	 0.0537158	 0.0821861	  0.114361	  0.157417	  0.212124	  0.292603	  0.344931	  0.381334	  0.414322	  0.453364	  0.500658	   0.53707	  0.564396	  0.595486	  0.626653	  0.653547	  0.680066	  0.702649	   0.72281	  0.739609	  0.753677	  0.765564	  0.771471	  0.775796	  0.779105	  0.781738	  0.783912	  0.785766	  0.787394	  0.788862	  0.790207	   0.79144	  0.792561	  0.793568	   0.79446	  0.795233	  0.795887	  0.796423	   0.79684	  0.797144	  0.797343	  0.797444	  0.797453	  0.797377	  0.797223	     0.797	  0.796716	   0.79638	  0.795999
   246	     0	         0	         0	         0	         0	         0	         0	         0	         0	         0	         0	         0	         0	         0	         0	         0	         0	0.00161797	0.00324008	0.00499228	0.00691767	 0.0166182	  0.032091	 0.0547345	 0.0840208	  0.117226	  0.161684	  0.218221	  0.301455	  0.355743	  0.393804	  0.428001	  0.468227	  0.516835	  0.554392	  0.582616	  0.614779	  0.644497	  0.668789	  0.692465	  0.712434	  0.730297	  0.745206	  0.757757	   0.76844	  0.774111	  0.778394	  0.781756	  0.784489	  0.786788	  0.788777	  0.790545	  0.792151	  0.793632	  0.794999	  0.796255	    0.7974	  0.798435	  0.799358	   0.80017	  0.800872	  0.801463	  0.801949	  0.802336	  0.802631	  0.802839	  0.802964	  0.803014	  0.802995	  0.802915	  0.802779	  0.802596
   247	     0	         0	         0	         0	         0	         0	         0	         0	         0	         0	         0	         0	         0	         0	         0	         0	         0	 0.0015704	0.00315725	0.00488167	0.00678549	 0.0163222	 0.0315654	 0.0538928	  0.082786	  0.115547	  0.159363	  0.214976	  0.296715	  0.349926	  0.386949	  0.420376	  0.459728	   0.50729	  0.543808	  0.571048	  0.602019	   0.63217	  0.657801	  0.683141	   0.70476	  0.724194	  0.740511	  0.754299	  0.766058	  0.772191	  0.776792	  0.780386	  0.783298	   0.78574	  0.787848	  0.789715	  0.791405	  0.792956	  0.794382	  0.795688	  0.796878	  0.797952	  0.798912	  0.799761	  0.800499	  0.801128	  0.801653	  0.802081	  0.802419	  0.802671	  0.802842	  0.802938	  0.802966	   0.80293	  0.802839	  0.802697
   248	     0	         0	         0	         0	         0	         0	         0	         0	         0	         0	         0	         0	         0	         0	         0	         0	         0	0.00161625	0.00323814	0.00498766	0.00690585	 0.0165529	 0.0319028	 0.0543185	 0.0832587	  0.116024	  0.159856	  0.215543	  0.297492	  0.350846	  0.388132	  0.421813	  0.461542	   0.50961	  0.546713	  0.574621	   0.60639	  0.636884	  0.662416	  0.687405	  0.708519	  0.727348	  0.743042	  0.756219	  0.767397	  0.773106	  0.777354	  0.780652	  0.783312	  0.785534	  0.787448	  0.789142	  0.790677	  0.792087	  0.793382	  0.794561	  0.795625	  0.796571	  0.797397	  0.798103	   0.79869	  0.799158	  0.799513	  0.799761	  0.799911	  0.799967	  0.799937	  0.799829	  0.799648	  0.799405	  0.799106	  0.798759
   249	     0	         0	         0	         0	         0	         0	         0	         0	         0	         0	         0	         0	         0	         0	         0	         0	         0	0.00154214	0.00309325	0.00476752	0.00660293	 0.0158342	 0.0305184	 0.0519634	 0.0796595	   0.11104	  0.153135	  0.206778	  0.285883	  0.337711	  0.373675	  0.406617	  0.445651	   0.49293	  0.529329	  0.556749	  0.587855	  0.619961	  0.648107	   0.67594	  0.699633	  0.720719	   0.73827	  0.752924	  0.765256	  0.771206	  0.775498	  0.778737	  0.781284	  0.783366	  0.785124	  0.786656	   0.78803	  0.789284	  0.790427	  0.791457	  0.792374	  0.793174	  0.793854	  0.794412	  0.794849	  0.795165	  0.795364	  0.795455	  0.795446	  0.795343	  0.795153	  0.794886	  0.794551	  0.794155	   0.79371	  0.793224
   250	     0	         0	         0	         0	         0	         0	         0	         0	         0	         0	         0	         0	         0	         0	         0	         0	         0	0.00173933	0.00345457	0.00527935	0.00725758	 0.0173171	 0.0332269	  0.056367	 0.0861321	  0.119717	  0.164572	  0.221495	  0.305099	   0.35917	  0.397054	  0.430752	  0.470511	  0.518663	  0.555818	  0.583626	  0.615368	  0.644657	  0.668649	  0.692112	  0.711944	  0.729711	  0.744543	  0.757012	  0.767597	  0.773203	  0.777398	  0.780657	  0.783275	  0.785451	  0.787314	  0.788955	  0.790437	  0.791796	  0.793044	   0.79418	  0.795204	  0.796114	  0.796906	  0.797581	   0.79814	  0.798581	   0.79891	  0.799135	  0.799263	  0.799299	  0.799251	  0.799127	  0.798934	  0.798681	  0.798376	  0.798028
   251	     0	         0	         0	         0	         0	         0	         0	         0	         0	         0	         0	         0	         0	         0	         0	         0	         0	0.00157103	0.00315567	 0.0048723	0.00676099	 0.0162465	 0.0313735	 0.0535102	 0.0821431	  0.114616	  0.158118	  0.213458	  0.294998	  0.348209	  0.385283	  0.418862	  0.458462	  0.506353	  0.543196	  0.570786	   0.60212	  0.632647	  0.658549	  0.684096	   0.70577	  0.725158	  0.741384	  0.755038	  0.766628	   0.77254	  0.776919	  0.780299	  0.783006	  0.785252	  0.787175	  0.788869	  0.790397	  0.791799	  0.793084	  0.794254	  0.795309	  0.796247	  0.797066	  0.797767	  0.798351	  0.798817	   0.79917	  0.799419	  0.799571	  0.799631	  0.799605	  0.799501	  0.799328	  0.799092	  0.798802	  0.798466
   252	     0	         0	         0	         0	         0	         0	         0	         0	         0	         0	         0	         0	         0	         0	         0	         0	         0	0.00157327	0.00317532	0.00492702	0.00687031	  0.016569	 0.0321097	  0.054912	 0.0844523	   0.11796	  0.162708	  0.219389	  0.302612	  0.356606	  0.394183	  0.427864	  0.467423	  0.515267	  0.552031	  0.579384	  0.610569	  0.639782	  0.664047	  0.687989	  0.708348	  0.726694	  0.742118	  0.755185	  0.766364	  0.772388	  0.776957	  0.780555	  0.783486	  0.785952	  0.788084	  0.789973	  0.791682	  0.793248	  0.794687	  0.796005	  0.797207	  0.798296	  0.799274	  0.800143	  0.800907	  0.801567	  0.802128	  0.802598	   0.80298	  0.803282	  0.803505	  0.803657	  0.803743	  0.803767	  0.803736	  0.803655
   253	     0	         0	         0	         0	         0	         0	         0	         0	         0	         0	         0	         0	         0	         0	         0	         0	         0	0.00158085	0.00318031	0.00491743	0.00683259	 0.0164203	 0.0317196	 0.0541038	  0.083041	  0.115827	  0.159662	  0.215306	  0.297133	  0.350379	  0.387473	   0.42098	  0.460473	  0.508256	   0.54502	  0.572547	  0.603852	  0.634147	   0.65974	  0.684967	  0.706399	  0.725608	  0.741711	  0.755293	  0.766856	  0.772839	  0.777311	  0.780792	  0.783601	  0.785948	  0.787967	  0.789752	  0.791365	  0.792843	    0.7942	  0.795437	  0.796555	  0.797555	  0.798437	  0.799201	   0.79985	  0.800385	  0.800811	  0.801136	  0.801368	  0.801513	  0.801577	  0.801567	   0.80149	  0.801355	  0.801168	  0.800938
   254	     0	         0	         0	         0	         0	         0	         0	         0	         0	         0	         0	         0	         0	         0	         0	         0	         0	0.00159495	0.00318179	0.00488339	0.00674126	  0.016135	 0.0310587	 0.0528321	 0.0809244	  0.112715	  0.155311	  0.209516	  0.289315	  0.341389	  0.377531	  0.410383	  0.449235	  0.496209	  0.532195	  0.559057	  0.589498	  0.620765	  0.648236	  0.675585	  0.699022	  0.720033	  0.737638	  0.752431	  0.764949	  0.771181	  0.775734	  0.779208	  0.781961	  0.784228	  0.786158	  0.787852	  0.789381	  0.790784	  0.792075	  0.793254	  0.794321	  0.795273	  0.796108	  0.796826	  0.797427	   0.79791	  0.798279	  0.798543	  0.798708	   0.79878	  0.798765	   0.79867	  0.798504	  0.798273	  0.797986	  0.797652
   255	     0	         0	         0	         0	         0	         0	         0	         0	         0	         0	         0	         0	         0	         0	         0	         0	         0	0.00150962	0.00303686	0.00469698	0.00652975	 0.0157017	 0.0303584	 0.0518229	 0.0796008	  0.111109	  0.153324	  0.207009	  0.285974	  0.337628	  0.373355	  0.405983	  0.444509	  0.491052	  0.526619	  0.553105	   0.58306	  0.614589	  0.642737	  0.670962	  0.695281	  0.717153	  0.735553	  0.751068	  0.764233	  0.770832	  0.775681	  0.779401	  0.782367	  0.784822	   0.78692	  0.788765	  0.790428	   0.79195	  0.793348	  0.794625	  0.795784	  0.796826	   0.79775	   0.79856	  0.799254	  0.799836	  0.800309	  0.800681	  0.800959	  0.801147	  0.801251	  0.801278	  0.801234	  0.801127	  0.800963	  0.800749
   256	     0	         0	         0	         0	         0	         0	         0	         0	         0	         0	         0	         0	         0	         0	         0	         0	         0	0.00155954	0.00313943	 0.0048586	0.00675811	 0.0162765	 0.0315003	 0.0538262	 0.0827622	   0.11564	  0.159723	  0.215867	  0.298657	  0.352895	  0.390909	  0.425307	  0.465784	  0.514698	  0.552539	  0.581085	  0.613585	   0.64373	  0.668345	  0.692241	   0.71231	  0.730192	  0.745079	  0.757587	  0.768218	  0.773767	  0.777938	  0.781203	  0.783852	  0.786076	  0.787998	  0.789703	  0.791249	   0.79267	  0.793976	  0.795169	  0.796248	  0.797213	  0.798062	  0.798794	  0.799412	  0.799916	  0.800309	  0.800601	  0.800797	  0.800904	  0.800927	  0.800874	  0.800752	  0.800568	  0.800331	  0.800048
   257	     0	         0	         0	         0	         0	         0	         0	         0	         0	         0	         0	         0	         0	         0	         0	         0	         0	0.00159193	0.00317663	 0.0048769	0.00673412	 0.0161354	 0.0310791	 0.0528983	  0.081068	  0.112969	  0.155749	  0.210242	  0.290552	  0.343015	  0.379501	  0.412645	   0.45184	  0.499253	  0.535682	  0.562973	  0.593946	  0.625128	  0.652152	  0.678902	  0.701728	  0.722149	  0.739213	  0.753527	  0.765624	  0.771648	  0.776046	  0.779395	  0.782044	  0.784218	  0.786061	  0.787672	  0.789121	  0.790448	  0.791664	  0.792771	  0.793769	  0.794655	  0.795427	  0.796084	  0.796626	  0.797052	  0.797367	  0.797578	  0.797691	  0.797713	  0.797649	  0.797508	  0.797296	  0.797022	  0.796695	  0.796322
   258	     0	         0	         0	         0	         0	         0	         0	         0	         0	         0	         0	         0	         0	         0	         0	         0	         0	0.00159152	0.00319029	0.00491638	0.00681019	 0.0163253	 0.0314705	 0.0535862	 0.0821376	  0.114457	  0.157696	  0.212617	  0.293394	  0.346026	  0.382675	  0.415949	  0.455271	  0.502893	  0.539628	  0.567277	   0.59876	  0.629893	  0.656458	  0.682512	  0.704614	   0.72431	  0.740696	  0.754419	  0.766032	  0.771833	  0.776114	  0.779419	  0.782073	  0.784285	  0.786186	  0.787866	  0.789387	  0.790784	  0.792065	  0.793231	  0.794282	  0.795214	  0.796027	   0.79672	  0.797295	  0.797752	  0.798096	  0.798336	  0.798478	  0.798528	  0.798494	  0.798384	  0.798203	  0.797961	  0.797667	  0.797327
   259	     0	         0	         0	         0	         0	         0	         0	         0	         0	         0	         0	         0	         0	         0	         0	         0	         0	0.00156349	 0.0031405	0.00484923	0.00672983	 0.0161612	 0.0312016	 0.0531992	 0.0816334	  0.113853	  0.156974	   0.21176	   0.29237	  0.344918	  0.381441	  0.414594	  0.453719	  0.501045	  0.537407	  0.564624	  0.595524	  0.626511	  0.653295	  0.679834	  0.702462	   0.72272	  0.739684	  0.753957	  0.766066	  0.772177	  0.776693	  0.780176	  0.782968	  0.785289	  0.787281	  0.789039	  0.790629	  0.792088	   0.79343	  0.794656	  0.795766	   0.79676	  0.797636	  0.798395	  0.799038	  0.799566	  0.799983	  0.800297	  0.800515	  0.800643	  0.800686	  0.800652	  0.800548	  0.800381	  0.800159	  0.799889
   260	     0	         0	         0	         0	         0	         0	         0	         0	         0	         0	         0	         0	         0	         0	         0	         0	         0	0.00162216	0.00324683	0.00499745	0.00691551	 0.0165759	 0.0319435	 0.0543819	  0.083347	  0.116134	   0.16001	  0.215797	  0.297904	  0.351414	  0.388786	  0.422492	  0.462255	  0.510346	  0.547379	  0.575156	   0.60675	  0.636964	  0.662261	   0.68708	  0.708121	  0.726956	  0.742702	  0.755951	  0.767203	  0.773003	  0.777318	   0.78066	  0.783342	  0.785572	  0.787484	   0.78917	  0.790694	  0.792093	  0.793379	  0.794551	  0.795609	  0.796553	  0.797379	  0.798088	  0.798681	  0.799158	  0.799523	  0.799785	   0.79995	  0.800026	  0.800017	  0.799933	  0.799781	  0.799568	  0.799304	  0.798997
   261	     0	         0	         0	         0	         0	         0	         0	         0	         0	         0	         0	         0	         0	         0	         0	         0	         0	0.00158035	0.00316376	 0.0048699	0.00673888	 0.0161362	 0.0310762	 0.0528684	 0.0809664	   0.11273	  0.155206	  0.209141	  0.288405	   0.33999	    0.3757	  0.408184	  0.446619	  0.493132	  0.528732	  0.555302	  0.585411	  0.616882	  0.644825	   0.67276	   0.69678	  0.718351	  0.736467	  0.751719	  0.764645	  0.771093	   0.77582	  0.779436	  0.782312	  0.784685	  0.786706	   0.78848	  0.790077	  0.791538	  0.792877	  0.794095	  0.795195	  0.796176	  0.797037	   0.79778	  0.798405	  0.798914	  0.799313	   0.79961	  0.799812	  0.799926	  0.799959	  0.799918	  0.799811	  0.799647	  0.799433	  0.799177
   262	     0	         0	         0	         0	         0	         0	         0	         0	         0	         0	         0	         0	         0	         0	         0	         0	         0	 0.0015764	0.00316173	0.00487598	0.00675985	 0.0162296	  0.031324	 0.0533959	 0.0819229	  0.114246	  0.157528	  0.212557	  0.293564	  0.346391	  0.383134	  0.416427	  0.455727	  0.503276	  0.539841	  0.567229	   0.59836	  0.629157	  0.655551	  0.681618	   0.70382	  0.723693	   0.74031	  0.754273	  0.766107	  0.772093	  0.776508	  0.779905	  0.782618	  0.784865	  0.786786	  0.788476	  0.790001	  0.791399	  0.792683	  0.793855	  0.794914	   0.79586	  0.796691	  0.797407	  0.798009	  0.798497	  0.798875	  0.799151	  0.799332	  0.799423	  0.799429	   0.79936	  0.799221	   0.79902	  0.798766	  0.798465
   263	     0	         0	         0	         0	         0	         0	         0	         0	         0	         0	         0	         0	         0	         0	         0	         0	         0	0.00159725	0.00319763	0.00491979	0.00680291	 0.0162721	 0.0313029	 0.0532015	 0.0814134	  0.113288	  0.155911	  0.210042	  0.289628	  0.341409	  0.377288	  0.409921	  0.448573	  0.495396	  0.531324	  0.558224	  0.588763	  0.620234	  0.647886	  0.675365	  0.698891	  0.719949	  0.737559	  0.752334	  0.764822	  0.770986	  0.775477	  0.778897	  0.781604	  0.783829	  0.785718	  0.787369	  0.788852	  0.790206	  0.791441	  0.792559	  0.793557	  0.794435	   0.79519	  0.795823	  0.796335	  0.796725	  0.797001	  0.797169	  0.797239	  0.797216	  0.797107	  0.796922	  0.796668	  0.796354	   0.79599	  0.795583
   264	     0	         0	         0	         0	         0	         0	         0	         0	         0	         0	         0	         0	         0	         0	         0	         0	         0	0.00158921	  0.003176	0.00488055	  0.006743	 0.0161489	 0.0310925	 0.0528991	 0.0810406	  0.112899	  0.155598	  0.209948	  0.290027	  0.342329	  0.378718	  0.411867	   0.45111	  0.498641	  0.535283	  0.562876	  0.594243	  0.625832	  0.653106	  0.679939	  0.702723	  0.722999	   0.73986	  0.753949	   0.76583	  0.771652	  0.775894	  0.779129	  0.781696	  0.783814	  0.785619	  0.787205	  0.788638	  0.789952	  0.791159	  0.792256	  0.793241	  0.794111	  0.794863	  0.795495	  0.796008	  0.796401	   0.79668	  0.796853	  0.796927	  0.796909	  0.796806	  0.796627	  0.796379	  0.796073	  0.795715	  0.795317
   265	     0	         0	         0	         0	         0	         0	         0	         0	         0	         0	         0	         0	         0	         0	         0	         0	         0	0.00159409	0.00318293	0.00489146	0.00676238	 0.0162184	 0.0312769	  0.053288	 0.0817325	  0.113966	  0.157173	  0.212166	  0.293141	   0.34604	   0.38292	  0.416352	  0.455816	  0.503523	   0.54024	  0.567771	  0.599061	   0.62989	  0.656229	  0.682149	  0.704231	  0.723995	    0.7405	  0.754369	  0.766133	  0.772114	   0.77655	  0.779983	  0.782742	  0.785042	  0.787019	  0.788767	  0.790351	  0.791809	  0.793152	  0.794383	  0.795504	  0.796513	  0.797408	  0.798191	  0.798862	   0.79942	  0.799871	  0.800221	  0.800477	  0.800644	  0.800728	  0.800735	  0.800672	  0.800546	  0.800366	  0.800137
   266	     0	         0	         0	         0	         0	         0	         0	         0	         0	         0	         0	         0	         0	         0	         0	         0	         0	 0.0015574	0.00313475	0.00484974	0.00674256	 0.0162129	 0.0313392	 0.0534842	 0.0821301	  0.114603	  0.158034	   0.21315	  0.294181	  0.346959	  0.383665	  0.416972	  0.456265	  0.503837	  0.540485	  0.567986	  0.599289	  0.630141	  0.656459	  0.682354	  0.704347	  0.723996	  0.740403	  0.754196	  0.765912	  0.771862	   0.77629	  0.779733	  0.782515	  0.784845	  0.786855	  0.788637	  0.790251	  0.791735	  0.793099	  0.794344	  0.795473	  0.796485	  0.797379	  0.798158	  0.798822	  0.799373	  0.799817	   0.80016	  0.800412	  0.800576	  0.800659	  0.800669	  0.800611	  0.800493	  0.800323	  0.800107
   267	     0	         0	         0	         0	         0	         0	         0	         0	         0	         0	         0	         0	         0	         0	         0	         0	         0	0.00155335	0.00312763	0.00484074	0.00673307	 0.0162076	 0.0313544	 0.0535525	 0.0822954	   0.11491	  0.158566	  0.214011	  0.295606	   0.34879	  0.385815	  0.419348	  0.458869	  0.506693	  0.543546	  0.571171	  0.602617	  0.633139	  0.658955	  0.684334	   0.70586	  0.725105	  0.741176	  0.754691	  0.766173	  0.772058	  0.776444	  0.779852	  0.782602	  0.784901	  0.786881	  0.788632	  0.790217	  0.791672	   0.79301	  0.794231	  0.795339	  0.796332	   0.79721	  0.797975	  0.798628	  0.799168	  0.799603	  0.799938	   0.80018	  0.800335	  0.800408	  0.800405	  0.800334	    0.8002	  0.800012	  0.799775
   268	     0	         0	         0	         0	         0	         0	         0	         0	         0	         0	         0	         0	         0	         0	         0	         0	         0	0.00159166	0.00319043	0.00491688	0.00681161	 0.0163291	 0.0314791	 0.0536034	 0.0821567	  0.114459	  0.157626	  0.212369	    0.2928	   0.34503	  0.381295	  0.414166	  0.452993	  0.500001	  0.536097	  0.563076	  0.593725	  0.624697	  0.651607	  0.678309	  0.701119	  0.721557	  0.738688	  0.753116	  0.765374	  0.771576	  0.776171	  0.779727	  0.782585	  0.784968	  0.787017	  0.788827	  0.790464	  0.791967	  0.793347	  0.794606	  0.795746	  0.796767	  0.797668	  0.798451	  0.799117	  0.799669	  0.800111	  0.800452	    0.8007	  0.800861	   0.80094	  0.800945	  0.800883	  0.800761	  0.800588	   0.80037
   269	     0	         0	         0	         0	         0	         0	         0	         0	         0	         0	         0	         0	         0	         0	         0	         0	         0	0.00159409	0.00318293	0.00489146	0.00676238	 0.0162184	 0.0312769	  0.053288	 0.0817325	  0.113966	  0.157173	  0.212166	  0.293141	   0.34604	   0.38292	  0.416352	  0.455816	  0.503523	   0.54024	  0.567771	  0.599061	   0.62989	  0.656229	  0.682149	  0.704231	  0.723995	    0.7405	  0.754369	  0.766133	  0.772114	   0.77655	  0.779983	  0.782742	  0.785042	  0.787019	  0.788767	  0.790351	  0.791809	  0.793152	  0.794383	  0.795504	  0.796513	  0.797408	  0.798191	  0.798862	   0.79942	  0.799871	  0.800221	  0.800477	  0.800644	  0.800728	  0.800735	  0.800672	  0.800546	  0.800366	  0.800137
   270	     0	         0	         0	         0	         0	         0	         0	         0	         0	         0	         0	         0	         0	         0	         0	         0	         0	0.00162282	0.00324157	0.00498183	  0.006886	 0.0164941	 0.0317731	 0.0540718	 0.0828374	  0.115368	  0.158872	  0.214113	  0.295306	  0.348049	  0.384701	  0.417737	  0.456729	  0.503885	  0.540019	  0.566921	  0.597483	  0.627832	  0.654018	  0.680048	  0.702367	  0.722463	  0.739348	  0.753594	  0.765705	  0.771936	  0.776557	  0.780123	  0.782975	  0.785339	   0.78736	  0.789137	  0.790739	  0.792206	  0.793554	  0.794785	  0.795903	  0.796907	  0.797797	  0.798574	  0.799239	  0.799791	  0.800237	  0.800582	  0.800834	  0.800998	  0.801079	  0.801084	   0.80102	  0.800893	  0.800713	  0.800484
   271	     0	         0	         0	         0	         0	         0	         0	         0	         0	         0	         0	         0	         0	         0	         0	         0	         0	0.00147929	0.00298933	0.00464004	0.00646912	 0.0155821	 0.0301651	 0.0515451	 0.0792402	  0.110683	  0.152809	  0.206362	  0.285171	  0.336742	  0.372413	   0.40509	  0.443691	  0.490386	  0.526196	  0.552989	  0.583325	  0.615226	  0.643615	  0.671977	   0.69628	  0.718031	  0.736259	  0.751576	   0.76454	  0.770944	  0.775627	   0.77921	  0.782063	  0.784421	  0.786435	  0.788205	  0.789799	  0.791256	  0.792589	  0.793802	  0.794896	   0.79587	  0.796725	  0.797461	   0.79808	  0.798582	  0.798973	   0.79926	   0.79945	  0.799548	  0.799561	  0.799495	  0.799357	  0.799155	  0.798895	  0.798585
   272	     0	         0	         0	         0	         0	         0	         0	         0	         0	         0	         0	         0	         0	         0	         0	         0	         0	0.00155335	0.00312763	0.00484074	0.00673307	 0.0162076	 0.0313544	 0.0535525	 0.0822954	   0.11491	  0.158566	  0.214011	  0.295606	   0.34879	  0.385815	  0.419348	  0.458869	  0.506693	  0.543546	  0.571171	  0.602617	  0.633139	  0.658955	  0.684334	   0.70586	  0.725105	  0.741176	  0.754691	  0.766173	  0.772058	  0.776444	  0.779852	  0.782602	  0.784901	  0.786881	  0.788632	  0.790217	  0.791672	   0.79301	  0.794231	  0.795339	  0.796332	   0.79721	  0.797975	  0.798628	  0.799168	  0.799603	  0.799938	   0.80018	  0.800335	  0.800408	  0.800405	  0.800334	    0.8002	  0.800012	  0.799775
   273	     0	         0	         0	         0	         0	         0	         0	         0	         0	         0	         0	         0	         0	         0	         0	         0	         0	0.00160191	0.00320624	0.00493342	 0.0068236	 0.0163488	 0.0314887	 0.0535851	 0.0820985	  0.114367	  0.157564	  0.212478	  0.293312	  0.345944	  0.382531	  0.415687	  0.454884	  0.502342	  0.538814	   0.56611	  0.597127	  0.627962	  0.654482	  0.680698	  0.703039	  0.723035	  0.739757	  0.753806	  0.765706	  0.771696	  0.776101	  0.779478	  0.782166	  0.784385	  0.786275	  0.787933	  0.789425	  0.790789	  0.792038	   0.79317	  0.794186	  0.795084	  0.795862	  0.796521	   0.79706	   0.79748	  0.797786	  0.797987	   0.79809	  0.798102	  0.798028	  0.797877	  0.797658	  0.797378	  0.797046	   0.79667
   274	     0	         0	         0	         0	         0	         0	         0	         0	         0	         0	         0	         0	         0	         0	         0	         0	         0	0.00159621	0.00319061	  0.004908	0.00679119	 0.0162901	 0.0314232	  0.053547	 0.0821379	  0.114534	  0.157932	  0.213147	  0.294428	  0.347483	  0.384471	  0.417924	  0.457359	  0.504976	  0.541514	  0.568794	  0.599732	  0.630185	  0.656249	  0.682051	  0.704081	  0.723869	  0.740486	  0.754513	   0.76645	    0.7726	  0.777182	  0.780734	  0.783591	  0.785971	  0.788015	  0.789821	  0.791455	  0.792956	  0.794338	  0.795604	  0.796756	  0.797794	  0.798717	  0.799525	  0.800221	  0.800803	  0.801278	  0.801652	  0.801932	  0.802122	  0.802229	  0.802259	  0.802218	  0.802115	  0.801955	  0.801748
   275	     0	         0	         0	         0	         0	         0	         0	         0	         0	         0	         0	         0	         0	         0	         0	         0	         0	 0.0014651	0.00296114	0.00459747	0.00641178	 0.0154436	 0.0299017	 0.0510967	 0.0785485	  0.109706	  0.151442	  0.204482	  0.282456	  0.333489	  0.368666	  0.400936	  0.439077	  0.485199	  0.520453	  0.546735	  0.576454	  0.608553	  0.637617	  0.666856	  0.692065	  0.714691	  0.733692	  0.749668	  0.763185	  0.769846	  0.774697	  0.778394	  0.781326	  0.783742	    0.7858	  0.787603	  0.789225	  0.790705	   0.79206	  0.793292	  0.794404	  0.795396	   0.79627	  0.797025	  0.797665	  0.798188	  0.798601	  0.798911	  0.799124	  0.799245	  0.799279	  0.799235	  0.799117	  0.798932	  0.798689	  0.798393
   276	     0	         0	         0	         0	         0	         0	         0	         0	         0	         0	         0	         0	         0	         0	         0	         0	         0	 0.0016149	0.00323374	0.00497717	0.00688531	   0.01649	  0.031753	 0.0540217	 0.0827528	  0.115266	  0.158777	  0.214084	  0.295498	  0.348549	  0.385587	  0.419153	  0.458821	  0.506864	  0.543975	  0.571951	  0.603809	  0.634689	  0.660676	  0.686065	  0.707517	  0.726611	  0.742489	  0.755784	  0.767037	  0.772696	   0.77688	  0.780113	   0.78271	  0.784873	  0.786732	  0.788374	   0.78986	  0.791225	  0.792476	  0.793613	  0.794633	  0.795534	  0.796314	  0.796972	  0.797508	  0.797924	  0.798224	  0.798418	  0.798512	  0.798514	  0.798431	  0.798271	  0.798041	  0.797753	  0.797413	   0.79703
   277	     0	         0	         0	         0	         0	         0	         0	         0	         0	         0	         0	         0	         0	         0	         0	         0	         0	0.00154036	0.00311492	0.00483527	0.00673868	 0.0162091	  0.031332	 0.0534583	 0.0820662	  0.114488	  0.157828	  0.212823	  0.293698	  0.346429	  0.383148	  0.416601	  0.456122	  0.504036	    0.5411	  0.569119	  0.601048	   0.63234	  0.658791	  0.684618	  0.706395	  0.725726	  0.741775	  0.755201	  0.766564	  0.772206	  0.776374	    0.7796	  0.782198	  0.784367	  0.786234	  0.787882	   0.78937	  0.790729	  0.791967	  0.793082	  0.794074	  0.794942	  0.795682	  0.796297	  0.796788	  0.797156	  0.797406	  0.797548	   0.79759	  0.797539	    0.7974	  0.797184	  0.796897	  0.796549	  0.796148	  0.795702
   278	     0	         0	         0	         0	         0	         0	         0	         0	         0	         0	         0	         0	         0	         0	         0	         0	         0	0.00150962	0.00303686	0.00469698	0.00652975	 0.0157017	 0.0303584	 0.0518229	 0.0796008	  0.111109	  0.153324	  0.207009	  0.285974	  0.337628	  0.373355	  0.405983	  0.444509	  0.491052	  0.526619	  0.553105	   0.58306	  0.614589	  0.642737	  0.670962	  0.695281	  0.717153	  0.735553	  0.751068	  0.764233	  0.770832	  0.775681	  0.779401	  0.782367	  0.784822	   0.78692	  0.788765	  0.790428	   0.79195	  0.793348	  0.794625	  0.795784	  0.796826	   0.79775	   0.79856	  0.799254	  0.799836	  0.800309	  0.800681	  0.800959	  0.801147	  0.801251	  0.801278	  0.801234	  0.801127	  0.800963	  0.800749
   279	     0	         0	         0	         0	         0	         0	         0	         0	         0	         0	         0	         0	         0	         0	         0	         0	         0	0.00152591	0.00307846	0.00477508	0.00665689	 0.0160487	 0.0310996	  0.053188	 0.0818198	  0.114332	  0.157847	  0.213111	  0.294371	  0.347409	  0.384268	  0.417671	  0.456981	  0.504468	  0.540893	  0.568064	  0.598911	  0.629322	  0.655372	  0.681193	  0.703242	  0.723065	  0.739733	  0.753829	  0.765856	  0.772093	  0.776765	  0.780411	  0.783362	  0.785835	  0.787968	  0.789856	  0.791564	   0.79313	  0.794569	  0.795886	  0.797086	  0.798169	  0.799137	  0.799993	  0.800738	  0.801376	  0.801909	  0.802347	  0.802694	  0.802957	   0.80314	   0.80325	  0.803292	  0.803272	  0.803198	  0.803076
   280	     0	         0	         0	         0	         0	         0	         0	         0	         0	         0	         0	         0	         0	         0	         0	         0	         0	0.00156233	0.00312816	0.00481834	0.00667432	 0.0160199	 0.0309185	 0.0527096	  0.080883	   0.11282	  0.155623	  0.210084	  0.290271	  0.342635	  0.379007	  0.412066	  0.451094	  0.498265	  0.534439	  0.561456	  0.592083	  0.623141	  0.650216	  0.677123	  0.700156	   0.72082	  0.738148	  0.752737	  0.765116	  0.771359	  0.775961	  0.779498	  0.782322	  0.784659	  0.786656	   0.78841	  0.789992	  0.791439	  0.792766	  0.793976	  0.795071	  0.796049	  0.796912	  0.797659	  0.798291	   0.79881	  0.799218	  0.799526	  0.799737	   0.79986	  0.799897	  0.799858	  0.799749	  0.799576	  0.799349	  0.799073
   281	     0	         0	         0	         0	         0	         0	         0	         0	         0	         0	         0	         0	         0	         0	         0	         0	         0	0.00154164	0.00310008	0.00479539	0.00666973	 0.0160634	 0.0310999	 0.0531624	 0.0817662	  0.114272	  0.157856	  0.213347	  0.295107	  0.348659	  0.386056	  0.419951	  0.459795	  0.507828	  0.544678	  0.572174	  0.603302	  0.633458	  0.658998	  0.684266	  0.705778	  0.725119	  0.741411	  0.755219	  0.767026	  0.773219	  0.777883	  0.781536	  0.784498	  0.786984	  0.789131	  0.791032	  0.792753	  0.794331	  0.795781	  0.797107	  0.798315	  0.799403	  0.800375	  0.801232	  0.801977	   0.80261	  0.803137	  0.803566	  0.803902	  0.804152	  0.804318	  0.804409	   0.80443	  0.804387	  0.804287	  0.804137
   282	     0	         0	         0	         0	         0	         0	         0	         0	         0	         0	         0	         0	         0	         0	         0	         0	         0	0.00162849	0.00322326	0.00491602	0.00675153	  0.016137	  0.031015	 0.0527047	 0.0806677	  0.112296	  0.154733	  0.208807	  0.288455	  0.340398	  0.376415	  0.409062	  0.447678	   0.49432	  0.529899	  0.556271	  0.586098	  0.617073	  0.644605	  0.672238	  0.696066	  0.717531	  0.735589	  0.750797	   0.76367	  0.770124	  0.774821	  0.778377	  0.781169	  0.783444	  0.785359	  0.787024	  0.788516	  0.789878	  0.791127	  0.792267	  0.793299	   0.79422	  0.795029	  0.795725	  0.796308	  0.796775	  0.797131	  0.797382	  0.797533	  0.797591	  0.797558	  0.797444	  0.797253	  0.796994	  0.796674	  0.796302
   283	     0	         0	         0	         0	         0	         0	         0	         0	         0	         0	         0	         0	         0	         0	         0	         0	         0	0.00151372	0.00305954	0.00474857	 0.0066185	 0.0159368	 0.0308332	 0.0526584	 0.0809152	  0.112983	   0.15593	  0.210539	  0.290967	  0.343514	  0.379949	  0.413113	  0.452238	  0.499553	  0.535815	   0.56288	  0.593541	  0.624473	  0.651355	  0.678129	  0.700972	  0.721449	  0.738647	  0.753136	  0.765431	  0.771614	  0.776155	  0.779633	  0.782396	  0.784673	  0.786609	  0.788302	  0.789822	  0.791205	  0.792466	  0.793604	  0.794622	  0.795519	  0.796292	  0.796944	  0.797474	  0.797883	  0.798177	  0.798363	  0.798449	   0.79844	  0.798342	  0.798163	  0.797911	  0.797593	  0.797218	  0.796794
   284	     0	         0	         0	         0	         0	         0	         0	         0	         0	         0	         0	         0	         0	         0	         0	         0	         0	0.00159495	0.00318179	0.00488339	0.00674126	  0.016135	 0.0310587	 0.0528321	 0.0809244	  0.112715	  0.155311	  0.209516	  0.289315	  0.341389	  0.377531	  0.410383	  0.449235	  0.496209	  0.532195	  0.559057	  0.589498	  0.620765	  0.648236	  0.675585	  0.699022	  0.720033	  0.737638	  0.752431	  0.764949	  0.771181	  0.775734	  0.779208	  0.781961	  0.784228	  0.786158	  0.787852	  0.789381	  0.790784	  0.792075	  0.793254	  0.794321	  0.795273	  0.796108	  0.796826	  0.797427	   0.79791	  0.798279	  0.798543	  0.798708	   0.79878	  0.798765	   0.79867	  0.798504	  0.798273	  0.797986	  0.797652
   285	     0	         0	         0	         0	         0	         0	         0	         0	         0	         0	         0	         0	         0	         0	         0	         0	         0	0.00158192	0.00317245	0.00489097	0.00677796	 0.0162668	 0.0313839	 0.0534914	 0.0820793	  0.114511	  0.157995	  0.213396	  0.295116	  0.348694	  0.386339	  0.420607	  0.461043	  0.509955	  0.547953	  0.576867	  0.609789	  0.641036	  0.666787	   0.69164	   0.71241	  0.730757	  0.745927	  0.758586	  0.769289	  0.774646	  0.778633	  0.781742	  0.784266	  0.786393	  0.788241	  0.789889	  0.791395	  0.792786	  0.794071	  0.795246	  0.796309	  0.797255	  0.798081	  0.798787	  0.799372	  0.799838	  0.800188	  0.800433	  0.800578	  0.800631	  0.800598	  0.800489	   0.80031	  0.800071	  0.799781	  0.799447
   286	     0	         0	         0	         0	         0	         0	         0	         0	         0	         0	         0	         0	         0	         0	         0	         0	         0	0.00162782	0.00324871	0.00498981	0.00689435	 0.0165209	 0.0318351	 0.0541993	 0.0830725	  0.115756	  0.159517	  0.215173	   0.29707	  0.350399	   0.38754	  0.420959	  0.460358	  0.507958	  0.544433	  0.571572	  0.602389	   0.63232	  0.657797	  0.683053	  0.704655	  0.724114	  0.740467	  0.754273	  0.766017	  0.772122	  0.776656	  0.780155	  0.782949	  0.785259	  0.787228	  0.788956	  0.790511	  0.791934	   0.79324	  0.794432	  0.795512	   0.79648	  0.797335	  0.798077	  0.798707	  0.799224	  0.799633	   0.79994	  0.800152	  0.800274	  0.800311	   0.80027	  0.800157	  0.799979	  0.799746	  0.799463
   287	     0	         0	         0	         0	         0	         0	         0	         0	         0	         0	         0	         0	         0	         0	         0	         0	         0	0.00174341	 0.0034466	0.00524346	0.00717735	 0.0170598	 0.0326205	  0.055169	 0.0840776	    0.1166	  0.160033	  0.215159	  0.296114	   0.34841	  0.384753	  0.417382	  0.456106	  0.503093	  0.539177	  0.566145	   0.59687	  0.627516	  0.653958	  0.680121	  0.702495	  0.722557	  0.739319	  0.753371	  0.765237	  0.771169	  0.775484	  0.778754	  0.781323	  0.783416	  0.785176	  0.786703	  0.788067	  0.789311	  0.790445	  0.791471	  0.792385	  0.793186	   0.79387	  0.794438	   0.79489	  0.795224	  0.795447	  0.795567	  0.795591	  0.795527	  0.795383	  0.795167	  0.794888	  0.794556	  0.794181	  0.793771
   288	     0	         0	         0	         0	         0	         0	         0	         0	         0	         0	         0	         0	         0	         0	         0	         0	         0	0.00149387	0.00302248	0.00469564	 0.0065507	 0.0157789	 0.0305434	 0.0521832	 0.0802042	  0.112002	   0.15456	  0.208602	  0.288095	  0.340036	  0.376034	  0.408976	  0.447903	  0.495061	  0.531362	  0.558647	  0.589624	  0.621368	  0.649089	  0.676531	  0.699897	  0.720739	  0.738145	  0.752754	  0.765128	  0.771249	   0.77575	  0.779213	  0.781987	  0.784292	  0.786268	  0.788009	  0.789579	  0.791014	  0.792326	  0.793516	  0.794584	   0.79553	  0.796355	  0.797059	  0.797644	  0.798111	  0.798468	  0.798722	  0.798882	  0.798953	  0.798941	  0.798856	  0.798704	  0.798494	  0.798232	  0.797928
   289	     0	         0	         0	         0	         0	         0	         0	         0	         0	         0	         0	         0	         0	         0	         0	         0	         0	0.00165741	0.00330591	0.00507125	0.00699502	  0.016721	 0.0321419	 0.0546039	 0.0835341	  0.116217	  0.159914	  0.215427	  0.297092	  0.350179	  0.387292	   0.42078	  0.460361	  0.508299	  0.545327	  0.573237	  0.605026	  0.635786	  0.661656	  0.686968	   0.70837	  0.727441	  0.743325	   0.75664	  0.767914	  0.773614	  0.777834	  0.781096	  0.783715	  0.785897	  0.787771	  0.789428	  0.790932	  0.792317	  0.793594	  0.794761	  0.795816	  0.796756	   0.79758	  0.798287	  0.798877	   0.79935	  0.799711	   0.79997	  0.800134	   0.80021	  0.800203	  0.800124	   0.79998	   0.79978	  0.799534	  0.799248
   290	     0	         0	         0	         0	         0	         0	         0	         0	         0	         0	         0	         0	         0	         0	         0	         0	         0	0.00157679	0.00316098	0.00487411	0.00675786	 0.0162269	 0.0313291	 0.0534231	 0.0819916	  0.114379	  0.157762	  0.212953	  0.294219	  0.347316	  0.384381	  0.417977	   0.45758	  0.505423	  0.542236	  0.569851	  0.601194	  0.631889	  0.657995	  0.683722	  0.705605	  0.725202	  0.741617	  0.755449	  0.767211	   0.77324	  0.777734	  0.781226	  0.784041	  0.786392	  0.788416	  0.790207	  0.791829	  0.793319	   0.79469	  0.795945	  0.797086	  0.798111	   0.79902	  0.799814	  0.800494	  0.801061	  0.801519	  0.801876	  0.802138	  0.802312	  0.802402	  0.802416	  0.802361	  0.802244	  0.802072	  0.801853
   291	     0	         0	         0	         0	         0	         0	         0	         0	         0	         0	         0	         0	         0	         0	         0	         0	         0	0.00154345	0.00311016	0.00481478	 0.0066961	 0.0161113	 0.0311464	 0.0531671	 0.0816725	  0.114024	  0.157375	  0.212533	  0.293822	  0.346958	  0.383969	    0.4176	  0.457276	  0.505282	   0.54227	  0.570046	  0.601608	  0.632396	  0.658499	  0.684173	  0.705928	  0.725352	  0.741577	  0.755208	  0.766768	  0.772625	  0.776959	  0.780305	  0.782986	  0.785213	  0.787121	  0.788802	  0.790319	  0.791709	  0.792982	  0.794139	   0.79518	  0.796102	  0.796906	   0.79759	  0.798155	  0.798603	  0.798937	  0.799167	  0.799298	  0.799338	  0.799292	  0.799168	  0.798973	  0.798717	  0.798407	  0.798051
   292	     0	         0	         0	         0	         0	         0	         0	         0	         0	         0	         0	         0	         0	         0	         0	         0	         0	0.00155957	 0.0031378	0.00485093	0.00673817	 0.0161838	 0.0312465	 0.0532735	 0.0817452	  0.114013	  0.157206	  0.212117	   0.29294	  0.345732	  0.382516	  0.415981	  0.455503	   0.50334	  0.540227	  0.568005	  0.599585	  0.630694	  0.657166	  0.683144	  0.705173	  0.724822	   0.74121	  0.754969	  0.766638	  0.772505	  0.776851	  0.780214	  0.782918	  0.785173	  0.787112	  0.788823	  0.790371	  0.791789	  0.793088	  0.794268	  0.795329	  0.796269	  0.797088	  0.797787	  0.798365	  0.798825	  0.799173	  0.799416	  0.799563	   0.79962	  0.799594	  0.799492	  0.799324	  0.799097	  0.798821	  0.798502
   293	     0	         0	         0	         0	         0	         0	         0	         0	         0	         0	         0	         0	         0	         0	         0	         0	         0	 0.0015873	0.00318582	0.00491633	0.00681979	 0.0163838	 0.0316361	 0.0539505	 0.0828042	  0.115512	  0.159304	  0.214983	  0.296963	  0.350424	  0.387721	  0.421416	  0.461136	  0.509175	  0.546178	  0.573921	  0.605478	   0.63579	  0.661257	  0.686278	  0.707493	  0.726477	   0.74235	  0.755709	  0.767058	   0.77291	  0.777269	  0.780652	  0.783374	  0.785643	  0.787593	  0.789315	  0.790873	  0.792304	  0.793619	  0.794821	  0.795909	  0.796883	  0.797741	  0.798483	  0.799111	  0.799624	  0.800027	   0.80033	  0.800537	  0.800655	   0.80069	  0.800649	   0.80054	   0.80037	  0.800148	   0.79988
   294	     0	         0	         0	         0	         0	         0	         0	         0	         0	         0	         0	         0	         0	         0	         0	         0	         0	0.00158035	0.00316376	 0.0048699	0.00673888	 0.0161362	 0.0310762	 0.0528684	 0.0809664	   0.11273	  0.155206	  0.209141	  0.288405	   0.33999	    0.3757	  0.408184	  0.446619	  0.493132	  0.528732	  0.555302	  0.585411	  0.616882	  0.644825	   0.67276	   0.69678	  0.718351	  0.736467	  0.751719	  0.764645	  0.771093	   0.77582	  0.779436	  0.782312	  0.784685	  0.786706	   0.78848	  0.790077	  0.791538	  0.792877	  0.794095	  0.795195	  0.796176	  0.797037	   0.79778	  0.798405	  0.798914	  0.799313	   0.79961	  0.799812	  0.799926	  0.799959	  0.799918	  0.799811	  0.799647	  0.799433	  0.799177
   295	     0	         0	         0	         0	         0	         0	         0	         0	         0	         0	         0	         0	         0	         0	         0	         0	         0	0.00152226	0.00307379	0.00476796	0.00664347	 0.0159968	  0.030955	 0.0528721	 0.0812479	  0.113445	   0.15655	   0.21133	  0.291945	  0.344623	  0.381213	  0.414533	  0.453868	  0.501495	  0.538175	  0.565737	   0.59708	  0.628197	  0.654842	  0.681067	  0.703344	  0.723234	  0.739828	  0.753758	  0.765566	  0.771484	  0.775852	  0.779221	   0.78192	  0.784163	  0.786084	  0.787776	  0.789301	  0.790695	   0.79197	  0.793126	  0.794163	  0.795082	  0.795881	  0.796561	  0.797123	  0.797568	  0.797902	  0.798133	  0.798269	  0.798315	  0.798278	  0.798166	  0.797986	  0.797747	  0.797456	  0.797121
   296	     0	         0	         0	         0	         0	         0	         0	         0	         0	         0	         0	         0	         0	         0	         0	         0	         0	 0.0015872	0.00319033	0.00492838	0.00684159	 0.0164422	 0.0317551	 0.0541664	 0.0831599	  0.116051	  0.160103	  0.216139	  0.298715	  0.352632	    0.3904	  0.424553	  0.464797	  0.513487	  0.551181	  0.579629	  0.612041	  0.642373	  0.667291	  0.691508	  0.711845	  0.729937	  0.744982	  0.757602	  0.768311	  0.773841	  0.777982	  0.781214	  0.783833	  0.786029	  0.787926	  0.789609	  0.791137	  0.792541	  0.793831	  0.795007	  0.796068	  0.797012	  0.797837	  0.798542	   0.79913	  0.799599	  0.799956	  0.800208	  0.800362	  0.800425	  0.800402	  0.800302	  0.800132	    0.7999	  0.799614	  0.799282
   297	     0	         0	         0	         0	         0	         0	         0	         0	         0	         0	         0	         0	         0	         0	         0	         0	         0	0.00155954	0.00313943	 0.0048586	0.00675811	 0.0162765	 0.0315003	 0.0538262	 0.0827622	   0.11564	  0.159723	  0.215867	  0.298657	  0.352895	  0.390909	  0.425307	  0.465784	  0.514698	  0.552539	  0.581085	  0.613585	   0.64373	  0.668345	  0.692241	   0.71231	  0.730192	  0.745079	  0.757587	  0.768218	  0.773767	  0.777938	  0.781203	  0.783852	  0.786076	  0.787998	  0.789703	  0.791249	   0.79267	  0.793976	  0.795169	  0.796248	  0.797213	  0.798062	  0.798794	  0.799412	  0.799916	  0.800309	  0.800601	  0.800797	  0.800904	  0.800927	  0.800874	  0.800752	  0.800568	  0.800331	  0.800048
   298	     0	         0	         0	         0	         0	         0	         0	         0	         0	         0	         0	         0	         0	         0	         0	         0	         0	0.00161647	0.00324456	 0.0050078	0.00694821	 0.0167025	  0.032266	 0.0550493	 0.0845249	  0.117955	  0.162699	  0.219578	  0.303326	  0.357908	  0.396212	  0.430602	  0.471055	  0.519985	  0.557894	  0.586462	  0.619074	  0.648633	  0.672411	  0.695441	  0.714751	  0.731972	  0.746296	  0.758327	  0.768556	  0.774017	  0.778149	  0.781399	  0.784043	  0.786269	  0.788196	  0.789906	  0.791458	  0.792885	  0.794198	  0.795397	  0.796484	  0.797457	  0.798315	  0.799059	  0.799689	  0.800206	  0.800615	  0.800924	  0.801139	  0.801266	  0.801311	  0.801281	  0.801182	  0.801024	  0.800812	  0.800556
   299	     0	         0	         0	         0	         0	         0	         0	         0	         0	         0	         0	         0	         0	         0	         0	         0	         0	0.00161342	0.00323076	0.00497368	 0.0068828	  0.016501	 0.0317985	 0.0541366	 0.0829747	  0.115622	  0.159321	  0.214873	  0.296649	  0.349892	  0.387014	  0.420541	  0.460124	  0.508036	  0.544938	  0.572602	  0.604081	  0.634488	  0.660143	  0.685359	  0.706766	  0.725919	  0.741918	  0.755363	  0.766765	    0.7726	  0.776924	  0.780262	  0.782935	  0.785153	  0.787051	  0.788721	  0.790229	   0.79161	  0.792877	   0.79403	  0.795068	  0.795991	  0.796796	  0.797483	  0.798053	  0.798507	  0.798848	  0.799085	  0.799225	  0.799273	  0.799237	  0.799124	  0.798941	  0.798697	    0.7984	  0.798059
   300	     0	         0	         0	         0	         0	         0	         0	         0	         0	         0	         0	         0	         0	         0	         0	         0	         0	0.00151372	0.00305954	0.00474857	 0.0066185	 0.0159368	 0.0308332	 0.0526584	 0.0809152	  0.112983	   0.15593	  0.210539	  0.290967	  0.343514	  0.379949	  0.413113	  0.452238	  0.499553	  0.535815	   0.56288	  0.593541	  0.624473	  0.651355	  0.678129	  0.700972	  0.721449	  0.738647	  0.753136	  0.765431	  0.771614	  0.776155	  0.779633	  0.782396	  0.784673	  0.786609	  0.788302	  0.789822	  0.791205	  0.792466	  0.793604	  0.794622	  0.795519	  0.796292	  0.796944	  0.797474	  0.797883	  0.798177	  0.798363	  0.798449	   0.79844	  0.798342	  0.798163	  0.797911	  0.797593	  0.797218	  0.796794
   301	     0	         0	         0	         0	         0	         0	         0	         0	         0	         0	         0	         0	         0	         0	         0	         0	         0	0.00155246	0.00312446	 0.0048311	0.00671095	 0.0161056	 0.0310775	 0.0529489	 0.0811861	   0.11314	  0.155852	  0.210049	  0.289681	   0.34154	  0.377441	  0.410136	  0.448804	  0.495638	  0.531566	  0.558452	   0.58897	  0.620373	  0.647923	  0.675306	  0.698729	  0.719702	  0.737269	   0.75204	  0.764561	  0.770788	  0.775359	  0.778867	  0.781665	  0.783981	   0.78596	  0.787699	  0.789265	  0.790697	  0.792006	  0.793193	  0.794258	  0.795201	   0.79602	  0.796718	  0.797295	  0.797753	  0.798099	  0.798341	  0.798487	  0.798544	  0.798518	  0.798419	  0.798255	  0.798033	  0.797762	   0.79745
   302	     0	         0	         0	         0	         0	         0	         0	         0	         0	         0	         0	         0	         0	         0	         0	         0	         0	0.00161787	0.00322867	0.00495633	 0.0068425	 0.0163829	 0.0315383	 0.0536554	  0.082199	  0.114515	  0.157816	  0.212929	   0.29413	  0.347114	  0.384111	  0.417646	  0.457276	  0.505238	  0.542246	  0.570106	   0.60179	  0.632741	   0.65895	  0.684625	  0.706351	  0.725703	  0.741813	  0.755306	  0.766722	  0.772444	   0.77666	  0.779905	    0.7825	  0.784653	  0.786497	  0.788121	   0.78959	  0.790939	  0.792178	  0.793305	   0.79432	  0.795218	  0.795998	  0.796659	    0.7972	  0.797623	  0.797932	  0.798135	   0.79824	  0.798253	   0.79818	  0.798031	  0.797813	  0.797536	  0.797206	  0.796835
   303	     0	         0	         0	         0	         0	         0	         0	         0	         0	         0	         0	         0	         0	         0	         0	         0	         0	0.00163524	 0.0032581	0.00499355	0.00688323	 0.0164493	 0.0316181	 0.0537158	 0.0821861	  0.114361	  0.157417	  0.212124	  0.292603	  0.344931	  0.381334	  0.414322	  0.453364	  0.500658	   0.53707	  0.564396	  0.595486	  0.626653	  0.653547	  0.680066	  0.702649	   0.72281	  0.739609	  0.753677	  0.765564	  0.771471	  0.775796	  0.779105	  0.781738	  0.783912	  0.785766	  0.787394	  0.788862	  0.790207	   0.79144	  0.792561	  0.793568	   0.79446	  0.795233	  0.795887	  0.796423	   0.79684	  0.797144	  0.797343	  0.797444	  0.797453	  0.797377	  0.797223	     0.797	  0.796716	   0.79638	  0.795999
   304	     0	         0	         0	         0	         0	         0	         0	         0	         0	         0	         0	         0	         0	         0	         0	         0	         0	0.00160005	0.00321881	0.00497527	 0.0069091	 0.0165754	 0.0319728	 0.0544507	 0.0834448	  0.116216	   0.15993	  0.215272	  0.296461	  0.349064	  0.385596	  0.418605	  0.457594	  0.504855	  0.541219	  0.568461	  0.599504	  0.630103	  0.656223	  0.681973	  0.703892	  0.723517	  0.739925	  0.753729	  0.765459	  0.771423	  0.775851	  0.779282	  0.782041	  0.784338	  0.786309	  0.788045	  0.789609	  0.791037	   0.79234	   0.79352	  0.794577	  0.795513	  0.796326	  0.797019	  0.797592	  0.798049	  0.798394	  0.798636	  0.798784	  0.798842	  0.798818	   0.79872	  0.798555	   0.79833	  0.798055	  0.797735
   305	     0	         0	         0	         0	         0	         0	         0	         0	         0	         0	         0	         0	         0	         0	         0	         0	         0	0.00162849	0.00322326	0.00491602	0.00675153	  0.016137	  0.031015	 0.0527047	 0.0806677	  0.112296	  0.154733	  0.208807	  0.288455	  0.340398	  0.376415	  0.409062	  0.447678	   0.49432	  0.529899	  0.556271	  0.586098	  0.617073	  0.644605	  0.672238	  0.696066	  0.717531	  0.735589	  0.750797	   0.76367	  0.770124	  0.774821	  0.778377	  0.781169	  0.783444	  0.785359	  0.787024	  0.788516	  0.789878	  0.791127	  0.792267	  0.793299	   0.79422	  0.795029	  0.795725	  0.796308	  0.796775	  0.797131	  0.797382	  0.797533	  0.797591	  0.797558	  0.797444	  0.797253	  0.796994	  0.796674	  0.796302
   306	     0	         0	         0	         0	         0	         0	         0	         0	         0	         0	         0	         0	         0	         0	         0	         0	         0	0.00163343	0.00327666	0.00505051	0.00699494	 0.0167771	  0.032333	 0.0550502	 0.0843829	  0.117604	  0.162068	  0.218625	  0.301977	  0.356279	   0.39436	  0.428631	  0.469048	  0.518006	  0.555953	  0.584619	  0.617326	  0.647225	   0.67136	  0.694717	  0.714243	  0.731598	  0.746004	  0.758069	  0.768289	    0.7736	  0.777562	  0.780638	  0.783112	  0.785169	   0.78693	  0.788479	  0.789875	  0.791151	  0.792314	  0.793364	  0.794298	  0.795112	  0.795806	  0.796378	  0.796828	  0.797158	  0.797373	  0.797482	  0.797493	  0.797413	   0.79725	  0.797012	  0.796709	  0.796351	  0.795945	  0.795503
   307	     0	         0	         0	         0	         0	         0	         0	         0	         0	         0	         0	         0	         0	         0	         0	         0	         0	0.00159409	0.00318293	0.00489146	0.00676238	 0.0162184	 0.0312769	  0.053288	 0.0817325	  0.113966	  0.157173	  0.212166	  0.293141	   0.34604	   0.38292	  0.416352	  0.455816	  0.503523	   0.54024	  0.567771	  0.599061	   0.62989	  0.656229	  0.682149	  0.704231	  0.723995	    0.7405	  0.754369	  0.766133	  0.772114	   0.77655	  0.779983	  0.782742	  0.785042	  0.787019	  0.788767	  0.790351	  0.791809	  0.793152	  0.794383	  0.795504	  0.796513	  0.797408	  0.798191	  0.798862	   0.79942	  0.799871	  0.800221	  0.800477	  0.800644	  0.800728	  0.800735	  0.800672	  0.800546	  0.800366	  0.800137
   308	     0	         0	         0	         0	         0	         0	         0	         0	         0	         0	         0	         0	         0	         0	         0	         0	         0	0.00169327	0.00333629	0.00506794	0.00693514	 0.0165203	 0.0316662	 0.0536819	 0.0819905	  0.113929	  0.156712	  0.211153	  0.291207	  0.343278	  0.379514	  0.412232	  0.450965	  0.497789	   0.53364	  0.560356	  0.590654	  0.621631	  0.648819	  0.675879	  0.699151	  0.720072	  0.737611	  0.752359	  0.764842	  0.771116	  0.775708	  0.779211	  0.781984	  0.784262	  0.786197	  0.787892	  0.789421	  0.790825	  0.792121	   0.79331	  0.794393	  0.795368	  0.796232	  0.796987	  0.797629	  0.798159	  0.798581	  0.798901	  0.799125	  0.799259	  0.799307	  0.799277	  0.799176	   0.79901	  0.798789	   0.79852
   309	     0	         0	         0	         0	         0	         0	         0	         0	         0	         0	         0	         0	         0	         0	         0	         0	         0	0.00153478	0.00309583	0.00479653	0.00667527	 0.0160629	 0.0310576	 0.0530191	 0.0814467	  0.113707	   0.15692	  0.211876	  0.292839	  0.345718	  0.382474	  0.415896	  0.455334	  0.503058	  0.539761	   0.56726	   0.59848	  0.629313	  0.655691	  0.681745	  0.703872	  0.723653	  0.740202	  0.754119	  0.765924	  0.771881	  0.776275	  0.779655	  0.782354	  0.784588	  0.786494	  0.788167	  0.789671	  0.791044	  0.792295	  0.793427	   0.79444	  0.795331	    0.7961	  0.796747	  0.797274	  0.797681	  0.797973	  0.798159	  0.798246	   0.79824	  0.798147	  0.797976	  0.797734	  0.797428	  0.797069	  0.796662
   310	     0	         0	         0	         0	         0	         0	         0	         0	         0	         0	         0	         0	         0	         0	         0	         0	         0	0.00155659	 0.0031197	0.00480625	0.00665545	 0.0159419	 0.0307104	 0.0522558	 0.0800418	  0.111458	  0.153491	   0.20689	  0.285377	  0.336472	  0.371643	  0.403666	  0.441574	  0.487421	   0.52229	  0.548099	  0.577272	   0.60874	  0.637334	  0.666283	   0.69137	  0.714003	  0.733093	  0.749183	  0.762798	  0.769559	  0.774458	  0.778156	  0.781055	  0.783412	  0.785393	  0.787112	  0.788646	   0.79004	  0.791311	   0.79246	  0.793491	  0.794402	  0.795194	  0.795866	   0.79642	  0.796855	  0.797177	  0.797394	  0.797512	  0.797537	  0.797476	  0.797336	  0.797124	   0.79685	   0.79652	  0.796143
   311	     0	         0	         0	         0	         0	         0	         0	         0	         0	         0	         0	         0	         0	         0	         0	         0	         0	0.00157908	0.00318407	0.00493385	0.00686914	 0.0165502	 0.0320347	 0.0547425	 0.0841681	  0.117592	  0.162354	  0.219288	  0.303195	  0.358022	  0.396539	  0.431239	  0.472037	  0.521393	  0.559725	  0.588739	  0.621877	  0.651552	  0.675115	  0.697787	  0.716674	  0.733453	  0.747367	  0.759034	  0.768949	  0.774237	  0.778248	  0.781411	  0.783994	  0.786174	  0.788064	  0.789743	  0.791267	  0.792666	  0.793949	  0.795117	  0.796171	  0.797107	  0.797925	  0.798626	  0.799211	  0.799681	  0.800041	    0.8003	  0.800464	  0.800541	  0.800535	  0.800455	  0.800308	  0.800103	  0.799848	  0.799549
   312	     0	         0	         0	         0	         0	         0	         0	         0	         0	         0	         0	         0	         0	         0	         0	         0	         0	 0.0015813	0.00318207	0.00492349	0.00684731	 0.0164784	  0.031875	 0.0544343	 0.0836354	  0.116755	  0.161047	  0.217271	  0.299941	  0.353746	  0.391298	  0.425104	  0.464859	  0.512902	  0.549868	   0.57749	  0.608919	  0.638644	  0.663414	  0.687788	  0.708481	   0.72707	  0.742673	  0.755869	  0.767139	  0.773117	  0.777633	   0.78118	  0.784065	   0.78649	  0.788587	  0.790446	  0.792129	  0.793673	  0.795091	  0.796388	  0.797567	  0.798629	  0.799576	  0.800409	  0.801131	  0.801743	   0.80225	  0.802659	  0.802978	   0.80321	  0.803361	  0.803438	  0.803447	  0.803393	  0.803284	  0.803127
   313	     0	         0	         0	         0	         0	         0	         0	         0	         0	         0	         0	         0	         0	         0	         0	         0	         0	0.00157327	0.00317532	0.00492702	0.00687031	  0.016569	 0.0321097	  0.054912	 0.0844523	   0.11796	  0.162708	  0.219389	  0.302612	  0.356606	  0.394183	  0.427864	  0.467423	  0.515267	  0.552031	  0.579384	  0.610569	  0.639782	  0.664047	  0.687989	  0.708348	  0.726694	  0.742118	  0.755185	  0.766364	  0.772388	  0.776957	  0.780555	  0.783486	  0.785952	  0.788084	  0.789973	  0.791682	  0.793248	  0.794687	  0.796005	  0.797207	  0.798296	  0.799274	  0.800143	  0.800907	  0.801567	  0.802128	  0.802598	   0.80298	  0.803282	  0.803505	  0.803657	  0.803743	  0.803767	  0.803736	  0.803655
   314	     0	         0	         0	         0	         0	         0	         0	         0	         0	         0	         0	         0	         0	         0	         0	         0	         0	0.00159409	0.00318293	0.00489146	0.00676238	 0.0162184	 0.0312769	  0.053288	 0.0817325	  0.113966	  0.157173	  0.212166	  0.293141	   0.34604	   0.38292	  0.416352	  0.455816	  0.503523	   0.54024	  0.567771	  0.599061	   0.62989	  0.656229	  0.682149	  0.704231	  0.723995	    0.7405	  0.754369	  0.766133	  0.772114	   0.77655	  0.779983	  0.782742	  0.785042	  0.787019	  0.788767	  0.790351	  0.791809	  0.793152	  0.794383	  0.795504	  0.796513	  0.797408	  0.798191	  0.798862	   0.79942	  0.799871	  0.800221	  0.800477	  0.800644	  0.800728	  0.800735	  0.800672	  0.800546	  0.800366	  0.800137
   315	     0	         0	         0	         0	         0	         0	         0	         0	         0	         0	         0	         0	         0	         0	         0	         0	         0	 0.0015561	0.00311644	 0.0047975	0.00663808	 0.0159048	 0.0306359	  0.052135	 0.0798766	  0.111273	  0.153339	  0.206865	  0.285684	  0.337148	  0.372758	   0.40528	  0.443798	  0.490419	  0.526138	  0.552852	  0.583107	  0.614992	  0.643427	  0.671852	  0.696249	  0.718095	  0.736391	  0.751736	  0.764685	  0.771029	  0.775623	    0.7791	  0.781836	  0.784073	  0.785964	  0.787614	  0.789094	  0.790447	  0.791684	  0.792808	  0.793816	  0.794709	  0.795483	  0.796138	  0.796675	  0.797094	  0.797399	  0.797598	    0.7977	  0.797709	  0.797633	  0.797479	  0.797256	  0.796973	  0.796637	  0.796257
   316	     0	         0	         0	         0	         0	         0	         0	         0	         0	         0	         0	         0	         0	         0	         0	         0	         0	0.00155954	0.00313943	 0.0048586	0.00675811	 0.0162765	 0.0315003	 0.0538262	 0.0827622	   0.11564	  0.159723	  0.215867	  0.298657	  0.352895	  0.390909	  0.425307	  0.465784	  0.514698	  0.552539	  0.581085	  0.613585	   0.64373	  0.668345	  0.692241	   0.71231	  0.730192	  0.745079	  0.757587	  0.768218	  0.773767	  0.777938	  0.781203	  0.783852	  0.786076	  0.787998	  0.789703	  0.791249	   0.79267	  0.793976	  0.795169	  0.796248	  0.797213	  0.798062	  0.798794	  0.799412	  0.799916	  0.800309	  0.800601	  0.800797	  0.800904	  0.800927	  0.800874	  0.800752	  0.800568	  0.800331	  0.800048
   317	     0	         0	         0	         0	         0	         0	         0	         0	         0	         0	         0	         0	         0	         0	         0	         0	         0	0.00160925	0.00321165	0.00493256	0.00681456	 0.0163158	 0.0314226	  0.053466	 0.0819028	  0.114068	  0.157121	  0.211861	  0.292361	  0.344825	  0.381282	  0.414277	  0.453241	  0.500315	  0.536329	  0.563149	  0.593546	  0.624238	  0.650978	   0.67761	  0.700497	  0.721112	  0.738452	  0.753089	   0.76553	  0.771879	  0.776573	  0.780184	  0.783066	   0.78545	  0.787484	  0.789271	  0.790882	  0.792357	  0.793713	  0.794953	  0.796079	   0.79709	  0.797987	  0.798769	  0.799438	  0.799994	  0.800442	  0.800789	  0.801041	  0.801205	  0.801284	  0.801288	  0.801222	  0.801094	  0.800911	  0.800682
   318	     0	         0	         0	         0	         0	         0	         0	         0	         0	         0	         0	         0	         0	         0	         0	         0	         0	0.00157717	0.00316915	0.00489585	0.00679815	 0.0163416	 0.0315747	 0.0538753	 0.0827213	  0.115423	  0.159171	  0.214708	  0.296408	   0.34954	  0.386524	  0.419922	  0.459267	  0.506852	  0.543428	  0.570728	  0.601759	  0.632021	  0.657777	  0.683254	  0.704943	  0.724399	  0.740716	  0.754481	  0.766198	  0.772263	  0.776791	  0.780312	  0.783153	  0.785526	   0.78757	  0.789377	  0.791011	  0.792511	  0.793889	  0.795148	  0.796292	   0.79732	  0.798233	  0.799031	  0.799717	   0.80029	  0.800757	  0.801123	  0.801396	   0.80158	  0.801681	  0.801705	  0.801658	  0.801546	  0.801377	  0.801156
   319	     0	         0	         0	         0	         0	         0	         0	         0	         0	         0	         0	         0	         0	         0	         0	         0	         0	0.00161092	0.00323195	0.00498515	0.00691158	 0.0165772	   0.03197	 0.0544498	  0.083463	  0.116281	   0.16012	  0.215716	  0.297365	  0.350372	  0.387227	   0.42045	  0.459648	  0.507091	  0.543521	  0.570716	  0.601667	   0.63186	   0.65755	  0.682931	  0.704595	  0.724063	  0.740389	  0.754162	  0.765885	  0.771948	   0.77647	  0.779981	  0.782806	  0.785162	  0.787184	  0.788967	  0.790577	  0.792051	  0.793402	  0.794633	  0.795746	  0.796741	  0.797618	  0.798378	  0.799023	  0.799553	  0.799975	  0.800296	  0.800524	  0.800663	  0.800721	  0.800704	  0.800619	  0.800475	  0.800278	  0.800036
   320	     0	         0	         0	         0	         0	         0	         0	         0	         0	         0	         0	         0	         0	         0	         0	         0	         0	0.00152857	0.00309152	0.00480519	0.00671021	 0.0162019	 0.0314298	 0.0537998	 0.0828182	  0.115787	  0.159894	  0.215878	  0.298229	  0.351889	  0.389228	  0.422938	   0.46257	  0.510491	  0.547347	  0.574871	  0.606189	   0.63609	  0.661173	  0.685912	  0.706917	  0.725778	  0.741604	  0.754977	  0.766387	  0.772383	   0.77689	  0.780415	  0.783269	   0.78566	  0.787721	  0.789543	  0.791188	  0.792696	  0.794078	  0.795341	  0.796488	   0.79752	  0.798439	  0.799247	  0.799945	  0.800536	  0.801023	  0.801415	  0.801718	  0.801936	  0.802075	   0.80214	  0.802139	  0.802076	  0.801959	  0.801795
   321	     0	         0	         0	         0	         0	         0	         0	         0	         0	         0	         0	         0	         0	         0	         0	         0	         0	0.00167381	0.00331826	0.00506244	0.00694884	 0.0165584	 0.0317385	  0.053792	 0.0821335	   0.11409	  0.156835	  0.211148	  0.291001	  0.342812	  0.378753	  0.411278	  0.449854	    0.4966	  0.532448	  0.559238	  0.589678	  0.620953	  0.648425	   0.67573	  0.699133	  0.720098	  0.737624	  0.752315	  0.764714	  0.770836	  0.775281	  0.778649	  0.781301	   0.78347	  0.785304	  0.786904	  0.788342	   0.78966	  0.790868	  0.791967	  0.792954	  0.793828	  0.794585	  0.795225	  0.795747	  0.796151	  0.796442	  0.796629	  0.796719	  0.796718	  0.796634	  0.796475	  0.796249	  0.795966	  0.795635	  0.795264
   322	     0	         0	         0	         0	         0	         0	         0	         0	         0	         0	         0	         0	         0	         0	         0	         0	         0	0.00159495	0.00318179	0.00488339	0.00674126	  0.016135	 0.0310587	 0.0528321	 0.0809244	  0.112715	  0.155311	  0.209516	  0.289315	  0.341389	  0.377531	  0.410383	  0.449235	  0.496209	  0.532195	  0.559057	  0.589498	  0.620765	  0.648236	  0.675585	  0.699022	  0.720033	  0.737638	  0.752431	  0.764949	  0.771181	  0.775734	  0.779208	  0.781961	  0.784228	  0.786158	  0.787852	  0.789381	  0.790784	  0.792075	  0.793254	  0.794321	  0.795273	  0.796108	  0.796826	  0.797427	   0.79791	  0.798279	  0.798543	  0.798708	   0.79878	  0.798765	   0.79867	  0.798504	  0.798273	  0.797986	  0.797652
   323	     0	         0	         0	         0	         0	         0	         0	         0	         0	         0	         0	         0	         0	         0	         0	         0	         0	0.00149437	0.00301142	0.00466414	0.00649153	 0.0156132	 0.0301952	 0.0515523	 0.0791922	  0.110544	  0.152537	  0.205921	  0.284411	  0.335791	  0.371325	   0.40386	  0.442286	   0.48871	  0.524197	  0.550671	  0.580585	  0.612427	  0.640993	  0.669654	   0.69433	  0.716494	  0.735141	   0.75086	  0.764199	  0.770845	  0.775727	  0.779474	  0.782465	  0.784943	  0.787063	  0.788929	  0.790612	  0.792152	  0.793563	  0.794851	  0.796017	  0.797062	  0.797987	  0.798793	  0.799483	  0.800057	  0.800521	  0.800884	  0.801152	  0.801331	  0.801427	  0.801447	  0.801398	  0.801287	  0.801122	   0.80091
   324	     0	         0	         0	         0	         0	         0	         0	         0	         0	         0	         0	         0	         0	         0	         0	         0	         0	0.00142812	0.00291639	0.00457046	  0.006428	 0.0155923	 0.0303694	 0.0521595	  0.080527	  0.112871	  0.156217	  0.211318	  0.292468	  0.345763	  0.382891	  0.416866	   0.45684	  0.505213	  0.542636	  0.570924	  0.603113	  0.634306	  0.660473	  0.686013	  0.707476	  0.726534	  0.742405	  0.755737	  0.767076	  0.772819	  0.777123	    0.7805	  0.783254	  0.785581	  0.787604	  0.789405	  0.791039	   0.79254	  0.793916	   0.79517	  0.796304	  0.797318	  0.798212	  0.798989	   0.79965	  0.800198	  0.800637	  0.800977	  0.801224	  0.801383	  0.801461	  0.801463	  0.801398	  0.801271	  0.801089	  0.800859
   325	     0	         0	         0	         0	         0	         0	         0	         0	         0	         0	         0	         0	         0	         0	         0	         0	         0	0.00159495	0.00318179	0.00488339	0.00674126	  0.016135	 0.0310587	 0.0528321	 0.0809244	  0.112715	  0.155311	  0.209516	  0.289315	  0.341389	  0.377531	  0.410383	  0.449235	  0.496209	  0.532195	  0.559057	  0.589498	  0.620765	  0.648236	  0.675585	  0.699022	  0.720033	  0.737638	  0.752431	  0.764949	  0.771181	  0.775734	  0.779208	  0.781961	  0.784228	  0.786158	  0.787852	  0.789381	  0.790784	  0.792075	  0.793254	  0.794321	  0.795273	  0.796108	  0.796826	  0.797427	   0.79791	  0.798279	  0.798543	  0.798708	   0.79878	  0.798765	   0.79867	  0.798504	  0.798273	  0.797986	  0.797652
   326	     0	         0	         0	         0	         0	         0	         0	         0	         0	         0	         0	         0	         0	         0	         0	         0	         0	0.00154896	0.00310689	0.00479238	0.00664602	 0.0159581	 0.0308082	 0.0525297	 0.0806132	  0.112447	  0.155107	  0.209398	  0.289339	  0.341587	  0.377824	  0.410778	   0.44968	  0.496671	  0.532597	   0.55935	  0.589617	   0.62064	  0.647905	  0.675149	   0.69854	  0.719576	  0.737278	  0.752211	  0.764891	  0.771289	  0.775992	  0.779594	  0.782455	  0.784812	  0.786817	  0.788572	  0.790149	   0.79159	  0.792909	   0.79411	  0.795194	  0.796161	  0.797011	  0.797743	   0.79836	  0.798861	  0.799252	   0.79954	  0.799731	  0.799832	  0.799848	  0.799786	  0.799654	  0.799459	   0.79921	  0.798914
   327	     0	         0	         0	         0	         0	         0	         0	         0	         0	         0	         0	         0	         0	         0	         0	         0	         0	0.00159495	0.00318179	0.00488339	0.00674126	  0.016135	 0.0310587	 0.0528321	 0.0809244	  0.112715	  0.155311	  0.209516	  0.289315	  0.341389	  0.377531	  0.410383	  0.449235	  0.496209	  0.532195	  0.559057	  0.589498	  0.620765	  0.648236	  0.675585	  0.699022	  0.720033	  0.737638	  0.752431	  0.764949	  0.771181	  0.775734	  0.779208	  0.781961	  0.784228	  0.786158	  0.787852	  0.789381	  0.790784	  0.792075	  0.793254	  0.794321	  0.795273	  0.796108	  0.796826	  0.797427	   0.79791	  0.798279	  0.798543	  0.798708	   0.79878	  0.798765	   0.79867	  0.798504	  0.798273	  0.797986	  0.797652
   328	     0	         0	         0	         0	         0	         0	         0	         0	         0	         0	         0	         0	         0	         0	         0	         0	         0	0.00161797	0.00324008	0.00499228	0.00691767	 0.0166182	  0.032091	 0.0547345	 0.0840208	  0.117226	  0.161684	  0.218221	  0.301455	  0.355743	  0.393804	  0.428001	  0.468227	  0.516835	  0.554392	  0.582616	  0.614779	  0.644497	  0.668789	  0.692465	  0.712434	  0.730297	  0.745206	  0.757757	   0.76844	  0.774111	  0.778394	  0.781756	  0.784489	  0.786788	  0.788777	  0.790545	  0.792151	  0.793632	  0.794999	  0.796255	    0.7974	  0.798435	  0.799358	   0.80017	  0.800872	  0.801463	  0.801949	  0.802336	  0.802631	  0.802839	  0.802964	  0.803014	  0.802995	  0.802915	  0.802779	  0.802596
   329	     0	         0	         0	         0	         0	         0	         0	         0	         0	         0	         0	         0	         0	         0	         0	         0	         0	0.00157025	0.00316284	0.00489492	  0.006806	  0.016354	 0.0315891	 0.0538706	 0.0826643	  0.115274	  0.158857	  0.214157	  0.295436	  0.348353	  0.385191	  0.418577	  0.457978	  0.505689	  0.542456	  0.570085	  0.601536	  0.632274	  0.658341	   0.68396	  0.705714	  0.725164	  0.741419	  0.755094	  0.766715	  0.772644	  0.777061	  0.780495	  0.783267	  0.785585	  0.787581	  0.789347	  0.790944	  0.792409	  0.793752	  0.794975	  0.796079	  0.797064	  0.797929	  0.798675	  0.799305	   0.79982	  0.800225	  0.800529	  0.800739	  0.800861	  0.800903	  0.800871	  0.800773	  0.800618	  0.800412	  0.800164
   330	     0	         0	         0	         0	         0	         0	         0	         0	         0	         0	         0	         0	         0	         0	         0	         0	         0	0.00158894	0.00317291	0.00487465	0.00673574	 0.0161381	 0.0310917	 0.0529266	 0.0811155	  0.113029	  0.155784	  0.210166	  0.290208	  0.342402	   0.37863	  0.411528	  0.450412	  0.497436	  0.533483	  0.560387	  0.590904	  0.622032	  0.649277	  0.676372	  0.699586	  0.720407	  0.737851	  0.752519	  0.764944	  0.771174	  0.775747	   0.77925	  0.782038	  0.784342	  0.786308	  0.788036	  0.789597	  0.791029	  0.792346	  0.793549	  0.794639	  0.795615	  0.796475	   0.79722	  0.797848	  0.798362	  0.798764	  0.799064	  0.799266	  0.799378	  0.799404	  0.799352	  0.799229	  0.799042	    0.7988	   0.79851
   331	     0	         0	         0	         0	         0	         0	         0	         0	         0	         0	         0	         0	         0	         0	         0	         0	         0	  0.001622	0.00325691	0.00502636	0.00697086	 0.0167151	  0.032224	 0.0548557	 0.0840392	  0.117016	  0.161021	  0.216785	  0.298627	  0.351647	   0.38844	  0.421514	  0.460561	  0.507863	  0.544131	  0.571145	  0.601908	  0.631835	  0.657296	  0.682514	  0.704085	  0.723517	  0.739841	  0.753623	  0.765354	  0.771442	  0.775969	  0.779466	  0.782263	  0.784577	  0.786549	  0.788276	  0.789825	  0.791236	  0.792522	  0.793687	  0.794732	  0.795659	  0.796466	  0.797156	  0.797731	   0.79819	  0.798541	  0.798791	  0.798948	  0.799018	  0.799007	  0.798924	  0.798775	   0.79857	  0.798316	  0.798021
   332	     0	         0	         0	         0	         0	         0	         0	         0	         0	         0	         0	         0	         0	         0	         0	         0	         0	0.00151347	0.00306707	0.00477365	0.00667241	 0.0161133	  0.031259	 0.0535119	 0.0823959	  0.115252	  0.159272	  0.215267	  0.297783	  0.351887	  0.389811	  0.424295	  0.464877	  0.513977	  0.552109	  0.581064	  0.614099	  0.644747	  0.669635	  0.693624	  0.713651	  0.731394	  0.746095	  0.758411	  0.768873	  0.774271	  0.778346	  0.781561	  0.784194	  0.786428	  0.788375	  0.790114	  0.791697	  0.793156	  0.794497	  0.795721	  0.796828	  0.797817	  0.798686	  0.799438	  0.800072	  0.800591	     0.801	  0.801308	  0.801521	  0.801646	  0.801688	  0.801657	  0.801558	  0.801399	  0.801188	  0.800934
   333	     0	         0	         0	         0	         0	         0	         0	         0	         0	         0	         0	         0	         0	         0	         0	         0	         0	0.00157327	0.00317532	0.00492702	0.00687031	  0.016569	 0.0321097	  0.054912	 0.0844523	   0.11796	  0.162708	  0.219389	  0.302612	  0.356606	  0.394183	  0.427864	  0.467423	  0.515267	  0.552031	  0.579384	  0.610569	  0.639782	  0.664047	  0.687989	  0.708348	  0.726694	  0.742118	  0.755185	  0.766364	  0.772388	  0.776957	  0.780555	  0.783486	  0.785952	  0.788084	  0.789973	  0.791682	  0.793248	  0.794687	  0.796005	  0.797207	  0.798296	  0.799274	  0.800143	  0.800907	  0.801567	  0.802128	  0.802598	   0.80298	  0.803282	  0.803505	  0.803657	  0.803743	  0.803767	  0.803736	  0.803655
   334	     0	         0	         0	         0	         0	         0	         0	         0	         0	         0	         0	         0	         0	         0	         0	         0	         0	0.00157669	0.00314993	0.00484032	0.00668851	 0.0159918	 0.0307673	 0.0522977	 0.0800343	  0.111365	  0.153262	  0.206465	  0.284599	  0.335473	  0.370606	  0.402647	  0.440579	  0.486428	  0.521376	   0.54736	  0.576713	  0.608532	   0.63743	  0.666581	  0.691811	  0.714531	  0.733675	  0.749815	  0.763492	  0.770287	  0.775248	   0.77903	  0.782025	  0.784488	   0.78658	  0.788412	  0.790058	  0.791561	  0.792937	  0.794189	   0.79532	  0.796329	  0.797217	  0.797984	  0.798634	  0.799166	  0.799587	  0.799905	  0.800127	   0.80026	  0.800309	  0.800283	  0.800189	  0.800036	   0.79983	  0.799581
   335	     0	         0	         0	         0	         0	         0	         0	         0	         0	         0	         0	         0	         0	         0	         0	         0	         0	0.00162715	0.00326494	0.00503491	0.00697756	 0.0167401	 0.0322786	 0.0549795	  0.084298	  0.117503	  0.161919	  0.218361	  0.301447	  0.355554	  0.393486	  0.427651	  0.467931	  0.516708	  0.554509	  0.583061	   0.61565	  0.645688	  0.670089	  0.693717	  0.713531	  0.731159	  0.745801	  0.758075	  0.768491	  0.773922	     0.778	   0.78119	  0.783775	  0.785945	  0.787819	  0.789479	  0.790985	  0.792369	  0.793639	  0.794795	  0.795835	  0.796757	  0.797559	  0.798242	  0.798806	  0.799251	  0.799585	  0.799814	  0.799947	   0.79999	   0.79995	  0.799836	  0.799655	  0.799416	  0.799128	  0.798799
   336	     0	         0	         0	         0	         0	         0	         0	         0	         0	         0	         0	         0	         0	         0	         0	         0	         0	0.00155281	0.00312741	0.00483697	0.00671903	 0.0161229	 0.0311001	 0.0529768	 0.0812227	  0.113201	  0.155971	  0.210291	  0.290207	  0.342313	  0.378494	  0.411495	  0.450529	  0.497823	  0.534233	  0.561616	  0.592709	  0.624256	   0.65162	  0.678658	  0.701644	  0.722138	  0.739249	  0.753603	  0.765752	  0.771753	  0.776155	  0.779532	  0.782227	  0.784459	  0.786366	  0.788042	   0.78955	  0.790927	  0.792182	  0.793315	  0.794325	   0.79521	  0.795969	  0.796603	  0.797113	    0.7975	  0.797772	  0.797937	  0.798004	  0.797979	   0.79787	  0.797686	  0.797435	  0.797126	  0.796769	  0.796372
   337	     0	         0	         0	         0	         0	         0	         0	         0	         0	         0	         0	         0	         0	         0	         0	         0	         0	 0.0014625	0.00295184	0.00457917	0.00638321	 0.0153947	 0.0298352	 0.0510365	 0.0785416	  0.109819	  0.151816	  0.205343	  0.284231	  0.336109	  0.372043	  0.405003	  0.443922	  0.490947	  0.527011	  0.554016	  0.584575	  0.616462	  0.644703	  0.672837	  0.696946	  0.718528	  0.736604	   0.75179	  0.764642	  0.771005	  0.775663	  0.779227	  0.782065	  0.784413	  0.786418	  0.788183	  0.789775	  0.791235	  0.792577	  0.793803	  0.794915	  0.795913	  0.796795	  0.797563	  0.798217	  0.798757	  0.799188	  0.799517	  0.799751	  0.799894	  0.799953	  0.799934	  0.799845	  0.799691	  0.799481	  0.799222
   338	     0	         0	         0	         0	         0	         0	         0	         0	         0	         0	         0	         0	         0	         0	         0	         0	         0	0.00155064	0.00311065	0.00479911	0.00665676	 0.0159807	 0.0308507	 0.0525925	 0.0806816	  0.112481	  0.155019	  0.209015	   0.28835	  0.339933	  0.375469	  0.407693	   0.44574	  0.491717	  0.526659	  0.552429	  0.581574	  0.612478	  0.640351	  0.668592	  0.693072	  0.715213	  0.733934	  0.749766	  0.763211	  0.770022	  0.775013	  0.778819	  0.781833	  0.784307	  0.786406	  0.788241	  0.789888	  0.791393	  0.792773	  0.794033	  0.795178	  0.796207	  0.797122	  0.797924	  0.798615	  0.799193	  0.799665	  0.800038	  0.800316	  0.800506	  0.800611	  0.800639	  0.800596	  0.800489	  0.800323	  0.800107
   339	     0	         0	         0	         0	         0	         0	         0	         0	         0	         0	         0	         0	         0	         0	         0	         0	         0	0.00160181	0.00321798	 0.0049684	0.00689329	 0.0165549	 0.0319521	 0.0544671	 0.0835686	  0.116549	  0.160686	   0.21679	  0.299405	  0.353242	  0.390885	  0.424839	  0.464862	  0.513302	  0.550733	  0.578898	  0.610994	  0.641133	  0.666014	  0.690292	   0.71076	  0.729022	  0.744239	  0.757017	  0.767859	  0.773475	  0.777666	  0.780925	   0.78355	  0.785741	  0.787624	  0.789286	   0.79079	  0.792169	  0.793434	  0.794585	  0.795622	  0.796542	  0.797345	   0.79803	  0.798597	  0.799048	  0.799386	   0.79962	  0.799757	  0.799803	  0.799764	  0.799648	  0.799462	  0.799214	  0.798913	  0.798567
   340	     0	         0	         0	         0	         0	         0	         0	         0	         0	         0	         0	         0	         0	         0	         0	         0	         0	0.00146043	0.00295788	0.00460198	0.00643119	 0.0155332	 0.0301436	 0.0516212	 0.0795191	  0.111282	  0.153923	  0.208259	  0.288378	  0.341115	  0.377849	  0.411534	  0.451254	  0.499267	  0.536334	  0.564324	  0.596099	  0.627795	  0.654928	  0.681525	  0.704018	  0.724008	   0.74064	  0.754573	  0.766371	  0.772221	  0.776546	  0.779897	    0.7826	  0.784865	  0.786821	  0.788557	  0.790132	  0.791579	  0.792909	  0.794122	  0.795218	  0.796196	  0.797054	  0.797795	  0.798417	  0.798923	  0.799316	  0.799606	  0.799798	  0.799899	  0.799914	   0.79985	  0.799714	  0.799514	  0.799258	  0.798952
   341	     0	         0	         0	         0	         0	         0	         0	         0	         0	         0	         0	         0	         0	         0	         0	         0	         0	0.00163524	 0.0032581	0.00499355	0.00688323	 0.0164493	 0.0316181	 0.0537158	 0.0821861	  0.114361	  0.157417	  0.212124	  0.292603	  0.344931	  0.381334	  0.414322	  0.453364	  0.500658	   0.53707	  0.564396	  0.595486	  0.626653	  0.653547	  0.680066	  0.702649	   0.72281	  0.739609	  0.753677	  0.765564	  0.771471	  0.775796	  0.779105	  0.781738	  0.783912	  0.785766	  0.787394	  0.788862	  0.790207	   0.79144	  0.792561	  0.793568	   0.79446	  0.795233	  0.795887	  0.796423	   0.79684	  0.797144	  0.797343	  0.797444	  0.797453	  0.797377	  0.797223	     0.797	  0.796716	   0.79638	  0.795999
   342	     0	         0	         0	         0	         0	         0	         0	         0	         0	         0	         0	         0	         0	         0	         0	         0	         0	0.00151046	0.00306101	 0.0047631	  0.006655	  0.016061	 0.0311355	 0.0532629	 0.0819528	  0.114546	  0.158171	  0.213587	  0.295189	  0.348459	  0.385513	   0.41915	  0.458772	  0.506728	  0.543675	  0.571391	  0.602902	  0.633464	   0.65927	  0.684677	  0.706163	  0.725352	  0.741398	  0.754903	  0.766378	  0.772229	  0.776575	  0.779939	  0.782642	   0.78489	  0.786816	  0.788512	   0.79004	  0.791435	  0.792708	  0.793861	  0.794894	  0.795808	  0.796602	  0.797276	  0.797832	  0.798272	    0.7986	  0.798824	  0.798953	  0.798991	  0.798945	  0.798822	   0.79863	  0.798376	  0.798069	  0.797715
   343	     0	         0	         0	         0	         0	         0	         0	         0	         0	         0	         0	         0	         0	         0	         0	         0	         0	0.00159409	0.00318293	0.00489146	0.00676238	 0.0162184	 0.0312769	  0.053288	 0.0817325	  0.113966	  0.157173	  0.212166	  0.293141	   0.34604	   0.38292	  0.416352	  0.455816	  0.503523	   0.54024	  0.567771	  0.599061	   0.62989	  0.656229	  0.682149	  0.704231	  0.723995	    0.7405	  0.754369	  0.766133	  0.772114	   0.77655	  0.779983	  0.782742	  0.785042	  0.787019	  0.788767	  0.790351	  0.791809	  0.793152	  0.794383	  0.795504	  0.796513	  0.797408	  0.798191	  0.798862	   0.79942	  0.799871	  0.800221	  0.800477	  0.800644	  0.800728	  0.800735	  0.800672	  0.800546	  0.800366	  0.800137
   344	     0	         0	         0	         0	         0	         0	         0	         0	         0	         0	         0	         0	         0	         0	         0	         0	         0	0.00166507	0.00331711	0.00508363	0.00700705	 0.0167597	 0.0322286	 0.0547798	 0.0838586	  0.116756	   0.16081	  0.216862	  0.299404	  0.353192	  0.390915	  0.424912	  0.465067	  0.513694	  0.551368	   0.57983	  0.612308	  0.642673	  0.667588	  0.691713	  0.711982	  0.729994	   0.74492	  0.757395	  0.767946	  0.773348	  0.777365	  0.780483	  0.782994	  0.785091	  0.786896	  0.788493	  0.789943	  0.791278	  0.792507	  0.793627	  0.794636	  0.795531	  0.796308	  0.796968	  0.797508	   0.79793	  0.798238	  0.798441	  0.798545	  0.798558	  0.798485	  0.798335	  0.798117	   0.79784	  0.797511	  0.797141
   345	     0	         0	         0	         0	         0	         0	         0	         0	         0	         0	         0	         0	         0	         0	         0	         0	         0	0.00164827	0.00327051	0.00499452	0.00686296	 0.0163565	 0.0313705	 0.0531931	 0.0812524	  0.112904	  0.155258	  0.209099	  0.288265	  0.339744	  0.375394	  0.407747	  0.446101	  0.492517	     0.528	  0.554451	  0.584423	  0.615887	  0.643901	  0.671912	  0.696013	   0.71765	  0.735792	  0.751026	  0.763893	   0.77023	  0.774819	  0.778287	   0.78101	   0.78323	  0.785103	  0.786733	  0.788197	  0.789535	   0.79076	  0.791874	  0.792875	  0.793761	  0.794528	  0.795178	  0.795709	  0.796121	   0.79642	  0.796613	  0.796707	   0.79671	  0.796627	  0.796468	   0.79624	  0.795953	  0.795616	  0.795236
   346	     0	         0	         0	         0	         0	         0	         0	         0	         0	         0	         0	         0	         0	         0	         0	         0	         0	0.00170891	0.00338549	0.00516338	0.00708684	 0.0168924	 0.0323889	  0.054912	 0.0838677	  0.116527	  0.160202	  0.215717	  0.297322	  0.350269	  0.387209	   0.42037	  0.459583	   0.50701	  0.543381	    0.5705	  0.601298	  0.631472	  0.657264	  0.682807	   0.70466	  0.724315	  0.740814	  0.754719	   0.76652	  0.772586	  0.777067	  0.780508	  0.783243	  0.785496	   0.78741	  0.789086	  0.790594	  0.791976	  0.793243	  0.794399	  0.795443	  0.796373	  0.797188	  0.797887	  0.798471	  0.798939	  0.799295	  0.799548	  0.799704	  0.799769	  0.799749	  0.799652	  0.799485	  0.799258	  0.798979	  0.798656
   347	     0	         0	         0	         0	         0	         0	         0	         0	         0	         0	         0	         0	         0	         0	         0	         0	         0	0.00164958	0.00327467	0.00500174	0.00687241	 0.0163875	 0.0314282	 0.0532878	 0.0813905	  0.113088	   0.15551	  0.209448	  0.288777	  0.340282	  0.375866	  0.408115	  0.446382	  0.492738	  0.528125	   0.55442	  0.584237	   0.61545	  0.643282	  0.671186	  0.695267	  0.716942	   0.73514	  0.750432	  0.763345	  0.769736	  0.774351	  0.777819	  0.780522	  0.782708	  0.784533	  0.786106	  0.787505	  0.788773	  0.789926	  0.790964	  0.791888	  0.792696	  0.793386	  0.793959	  0.794413	  0.794749	  0.794971	  0.795089	  0.795108	  0.795037	   0.79488	  0.794648	  0.794349	  0.793991	  0.793584	  0.793137
   348	     0	         0	         0	         0	         0	         0	         0	         0	         0	         0	         0	         0	         0	         0	         0	         0	         0	0.00164313	0.00328287	0.00504532	  0.006973	 0.0167009	 0.0321654	 0.0547382	 0.0838697	  0.116844	  0.160969	  0.217075	  0.299663	  0.353496	  0.391267	  0.425303	  0.465428	  0.513948	  0.551472	  0.579772	  0.611999	  0.642244	  0.667145	  0.691373	  0.711775	  0.729961	  0.745109	  0.757832	  0.768639	  0.774243	  0.778444	  0.781728	  0.784389	  0.786622	  0.788554	  0.790269	  0.791829	  0.793266	  0.794592	  0.795805	  0.796905	   0.79789	  0.798757	  0.799508	  0.800141	  0.800659	  0.801065	  0.801368	  0.801575	  0.801693	  0.801726	  0.801684	  0.801573	  0.801403	   0.80118	  0.800914
   349	     0	         0	         0	         0	         0	         0	         0	         0	         0	         0	         0	         0	         0	         0	         0	         0	         0	0.00167133	0.00331117	0.00505078	0.00693394	 0.0165259	 0.0316904	 0.0537321	 0.0820635	  0.114003	  0.156698	   0.21089	  0.290484	  0.341973	  0.377545	  0.409619	  0.447599	  0.493542	  0.528495	  0.554306	  0.583535	   0.61437	  0.642079	  0.670075	   0.69432	  0.716221	  0.734701	  0.750294	  0.763507	  0.770157	  0.775003	  0.778679	   0.78157	  0.783929	  0.785918	  0.787648	  0.789199	  0.790613	  0.791908	  0.793088	  0.794153	  0.795102	  0.795934	  0.796651	  0.797251	  0.797736	  0.798109	  0.798379	  0.798552	  0.798634	  0.798631	   0.79855	  0.798398	  0.798184	  0.797916	    0.7976
   350	     0	         0	         0	         0	         0	         0	         0	         0	         0	         0	         0	         0	         0	         0	         0	         0	         0	0.00158325	0.00318286	0.00491659	0.00682396	 0.0163785	 0.0316034	 0.0538524	 0.0825944	  0.115148	  0.158691	  0.213988	   0.29534	  0.348361	  0.385345	  0.418903	  0.458531	  0.506536	  0.543662	  0.571688	  0.603644	  0.634642	  0.660707	  0.686129	  0.707576	  0.726634	  0.742446	  0.755668	  0.766849	  0.772444	  0.776581	  0.779783	   0.78236	  0.784513	  0.786367	  0.788007	  0.789493	  0.790857	  0.792108	  0.793243	  0.794263	  0.795164	  0.795944	  0.796603	  0.797142	  0.797561	  0.797865	  0.798062	   0.79816	  0.798164	  0.798081	  0.797919	  0.797685	  0.797388	  0.797035	  0.796636
   351	     0	         0	         0	         0	         0	         0	         0	         0	         0	         0	         0	         0	         0	         0	         0	         0	         0	0.00156636	0.00314522	0.00485521	0.00673662	 0.0161757	 0.0312266	 0.0532382	 0.0816915	  0.113938	  0.157112	     0.212	  0.292786	   0.34552	  0.382243	  0.415602	  0.454976	  0.502602	   0.53926	  0.566783	  0.598044	   0.62905	  0.655611	  0.681793	  0.704062	  0.723969	  0.740611	  0.754604	  0.766479	   0.77248	  0.776926	  0.780366	  0.783131	  0.785435	  0.787415	  0.789165	  0.790747	    0.7922	  0.793534	  0.794752	  0.795852	  0.796835	  0.797699	  0.798445	  0.799075	  0.799588	   0.79999	   0.80029	  0.800495	   0.80061	  0.800641	  0.800597	  0.800484	  0.800311	  0.800085	  0.799814
   352	     0	         0	         0	         0	         0	         0	         0	         0	         0	         0	         0	         0	         0	         0	         0	         0	         0	0.00159754	0.00319719	0.00492039	0.00680803	  0.016322	 0.0314577	 0.0535632	 0.0821086	  0.114434	  0.157735	  0.212839	   0.29399	  0.346939	  0.383758	  0.417075	  0.456411	  0.503954	  0.540376	   0.56752	  0.598298	  0.628743	  0.654914	  0.680885	  0.703072	  0.723003	  0.739736	  0.753837	  0.765804	  0.771896	  0.776381	  0.779816	  0.782544	  0.784789	  0.786698	   0.78837	  0.789874	  0.791252	  0.792515	  0.793665	  0.794703	  0.795625	  0.796429	  0.797117	  0.797687	   0.79814	   0.79848	  0.798714	   0.79885	  0.798893	  0.798849	  0.798726	  0.798532	  0.798274	  0.797962	  0.797604
   353	     0	         0	         0	         0	         0	         0	         0	         0	         0	         0	         0	         0	         0	         0	         0	         0	         0	0.00157327	0.00317532	0.00492702	0.00687031	  0.016569	 0.0321097	  0.054912	 0.0844523	   0.11796	  0.162708	  0.219389	  0.302612	  0.356606	  0.394183	  0.427864	  0.467423	  0.515267	  0.552031	  0.579384	  0.610569	  0.639782	  0.664047	  0.687989	  0.708348	  0.726694	  0.742118	  0.755185	  0.766364	  0.772388	  0.776957	  0.780555	  0.783486	  0.785952	  0.788084	  0.789973	  0.791682	  0.793248	  0.794687	  0.796005	  0.797207	  0.798296	  0.799274	  0.800143	  0.800907	  0.801567	  0.802128	  0.802598	   0.80298	  0.803282	  0.803505	  0.803657	  0.803743	  0.803767	  0.803736	  0.803655
   354	     0	         0	         0	         0	         0	         0	         0	         0	         0	         0	         0	         0	         0	         0	         0	         0	         0	0.00154036	0.00311492	0.00483527	0.00673868	 0.0162091	  0.031332	 0.0534583	 0.0820662	  0.114488	  0.157828	  0.212823	  0.293698	  0.346429	  0.383148	  0.416601	  0.456122	  0.504036	    0.5411	  0.569119	  0.601048	   0.63234	  0.658791	  0.684618	  0.706395	  0.725726	  0.741775	  0.755201	  0.766564	  0.772206	  0.776374	    0.7796	  0.782198	  0.784367	  0.786234	  0.787882	   0.78937	  0.790729	  0.791967	  0.793082	  0.794074	  0.794942	  0.795682	  0.796297	  0.796788	  0.797156	  0.797406	  0.797548	   0.79759	  0.797539	    0.7974	  0.797184	  0.796897	  0.796549	  0.796148	  0.795702
   355	     0	         0	         0	         0	         0	         0	         0	         0	         0	         0	         0	         0	         0	         0	         0	         0	         0	0.00159152	0.00319029	0.00491638	0.00681019	 0.0163253	 0.0314705	 0.0535862	 0.0821376	  0.114457	  0.157696	  0.212617	  0.293394	  0.346026	  0.382675	  0.415949	  0.455271	  0.502893	  0.539628	  0.567277	   0.59876	  0.629893	  0.656458	  0.682512	  0.704614	   0.72431	  0.740696	  0.754419	  0.766032	  0.771833	  0.776114	  0.779419	  0.782073	  0.784285	  0.786186	  0.787866	  0.789387	  0.790784	  0.792065	  0.793231	  0.794282	  0.795214	  0.796027	   0.79672	  0.797295	  0.797752	  0.798096	  0.798336	  0.798478	  0.798528	  0.798494	  0.798384	  0.798203	  0.797961	  0.797667	  0.797327
   356	     0	         0	         0	         0	         0	         0	         0	         0	         0	         0	         0	         0	         0	         0	         0	         0	         0	0.00159495	0.00318179	0.00488339	0.00674126	  0.016135	 0.0310587	 0.0528321	 0.0809244	  0.112715	  0.155311	  0.209516	  0.289315	  0.341389	  0.377531	  0.410383	  0.449235	  0.496209	  0.532195	  0.559057	  0.589498	  0.620765	  0.648236	  0.675585	  0.699022	  0.720033	  0.737638	  0.752431	  0.764949	  0.771181	  0.775734	  0.779208	  0.781961	  0.784228	  0.786158	  0.787852	  0.789381	  0.790784	  0.792075	  0.793254	  0.794321	  0.795273	  0.796108	  0.796826	  0.797427	   0.79791	  0.798279	  0.798543	  0.798708	   0.79878	  0.798765	   0.79867	  0.798504	  0.798273	  0.797986	  0.797652
   357	     0	         0	         0	         0	         0	         0	         0	         0	         0	         0	         0	         0	         0	         0	         0	         0	         0	0.00164822	 0.0032695	0.00499267	0.00686061	 0.0163762	 0.0314365	 0.0533509	 0.0815546	  0.113398	  0.156044	  0.210298	  0.290109	  0.342003	  0.377954	   0.41049	  0.449041	  0.495692	  0.531342	  0.557847	  0.587906	  0.618905	  0.646306	  0.673698	  0.697311	   0.71857	  0.736416	  0.751423	  0.764112	  0.770458	  0.775073	  0.778564	  0.781304	  0.783535	  0.785411	  0.787039	  0.788495	  0.789823	  0.791037	  0.792139	  0.793131	   0.79401	  0.794776	  0.795426	  0.795962	  0.796382	   0.79669	  0.796895	  0.797003	  0.797019	  0.796948	    0.7968	  0.796582	  0.796301	  0.795967	  0.795588
   358	     0	         0	         0	         0	         0	         0	         0	         0	         0	         0	         0	         0	         0	         0	         0	         0	         0	0.00153139	0.00308147	0.00476634	0.00662594	 0.0159326	 0.0308018	 0.0525777	 0.0807655	  0.112752	  0.155615	   0.21014	  0.290412	  0.342959	  0.379519	  0.412849	  0.452171	  0.499693	  0.536245	  0.563679	  0.594809	  0.626086	  0.653101	  0.679774	  0.702494	  0.722799	  0.739765	  0.754019	  0.766106	  0.772169	  0.776651	  0.780116	  0.782902	  0.785228	  0.787231	  0.789005	  0.790612	   0.79209	   0.79345	  0.794694	  0.795822	  0.796833	  0.797727	  0.798504	  0.799165	  0.799709	  0.800143	  0.800473	  0.800704	  0.800844	  0.800896	  0.800868	  0.800767	  0.800598	  0.800371	  0.800091
   359	     0	         0	         0	         0	         0	         0	         0	         0	         0	         0	         0	         0	         0	         0	         0	         0	         0	0.00156646	0.00316287	0.00490775	0.00684164	 0.0164813	 0.0319072	 0.0545094	 0.0837501	  0.116873	  0.161067	  0.216994	  0.299046	  0.352207	  0.389071	  0.422249	  0.461333	  0.508686	  0.545055	  0.572152	  0.603051	  0.632938	  0.658269	   0.68333	  0.704719	  0.723966	   0.74012	  0.753765	  0.765397	  0.771484	  0.776042	  0.779592	  0.782457	  0.784848	  0.786902	  0.788712	  0.790344	  0.791836	  0.793203	  0.794449	   0.79558	  0.796596	  0.797499	  0.798292	  0.798977	  0.799555	  0.800031	  0.800413	  0.800707	  0.800918	  0.801052	  0.801114	   0.80111	  0.801048	  0.800932	  0.800771
   360	     0	         0	         0	         0	         0	         0	         0	         0	         0	         0	         0	         0	         0	         0	         0	         0	         0	0.00166408	0.00330932	0.00506473	 0.0069734	 0.0166524	 0.0319902	 0.0543217	 0.0830748	  0.115547	  0.158966	  0.214099	  0.295132	  0.347741	  0.384415	  0.417517	  0.456654	  0.504035	  0.540501	  0.567832	  0.598927	  0.629706	  0.656065	  0.682035	  0.704152	  0.723936	   0.74046	  0.754341	  0.766111	  0.772069	  0.776479	  0.779887	  0.782622	    0.7849	  0.786857	  0.788585	  0.790152	  0.791592	  0.792917	  0.794128	  0.795224	  0.796203	  0.797064	  0.797807	  0.798432	  0.798941	  0.799338	  0.799633	  0.799832	  0.799941	  0.799967	  0.799918	  0.799801	  0.799625	  0.799398	  0.799128
   361	     0	         0	         0	         0	         0	         0	         0	         0	         0	         0	         0	         0	         0	         0	         0	         0	         0	0.00163911	0.00326346	0.00500223	0.00689938	 0.0165278	 0.0318338	  0.054189	 0.0830605	  0.115766	  0.159608	   0.21544	  0.297706	  0.351399	   0.38898	  0.422834	  0.462737	  0.510945	  0.548089	  0.575925	  0.607569	  0.637727	  0.662949	  0.687694	  0.708653	  0.727401	   0.74306	  0.756222	  0.767388	  0.773154	  0.777442	   0.78076	  0.783422	  0.785636	  0.787536	  0.789215	  0.790736	  0.792138	  0.793433	  0.794622	  0.795703	  0.796676	  0.797538	  0.798287	  0.798923	  0.799445	  0.799856	  0.800165	  0.800376	  0.800495	  0.800526	  0.800477	  0.800354	  0.800165	  0.799917	  0.799618
   362	     0	         0	         0	         0	         0	         0	         0	         0	         0	         0	         0	         0	         0	         0	         0	         0	         0	0.00160005	0.00321881	0.00497527	 0.0069091	 0.0165754	 0.0319728	 0.0544507	 0.0834448	  0.116216	   0.15993	  0.215272	  0.296461	  0.349064	  0.385596	  0.418605	  0.457594	  0.504855	  0.541219	  0.568461	  0.599504	  0.630103	  0.656223	  0.681973	  0.703892	  0.723517	  0.739925	  0.753729	  0.765459	  0.771423	  0.775851	  0.779282	  0.782041	  0.784338	  0.786309	  0.788045	  0.789609	  0.791037	   0.79234	   0.79352	  0.794577	  0.795513	  0.796326	  0.797019	  0.797592	  0.798049	  0.798394	  0.798636	  0.798784	  0.798842	  0.798818	   0.79872	  0.798555	   0.79833	  0.798055	  0.797735
   363	     0	         0	         0	         0	         0	         0	         0	         0	         0	         0	         0	         0	         0	         0	         0	         0	         0	0.00162015	0.00323302	 0.0049618	 0.0068475	 0.0163821	 0.0315121	 0.0535659	 0.0819947	  0.114139	  0.157184	  0.211957	  0.292596	  0.345135	  0.381613	  0.414631	  0.453689	  0.500943	  0.537119	   0.56408	  0.594658	  0.625336	  0.651943	  0.678391	  0.701039	  0.721389	  0.738465	  0.752838	  0.765014	  0.771144	  0.775625	  0.779033	  0.781719	  0.783913	  0.785764	  0.787375	  0.788817	  0.790132	  0.791332	  0.792418	  0.793391	  0.794248	  0.794987	  0.795607	   0.79611	  0.796494	  0.796765	   0.79693	  0.796997	  0.796972	  0.796862	  0.796674	  0.796418	  0.796103	  0.795736	  0.795328
   364	     0	         0	         0	         0	         0	         0	         0	         0	         0	         0	         0	         0	         0	         0	         0	         0	         0	0.00162419	0.00323917	0.00497199	0.00686579	 0.0164417	  0.031668	 0.0538932	 0.0825722	  0.115018	  0.158438	  0.213599	  0.294705	  0.347439	  0.384109	  0.417194	  0.456245	  0.503467	  0.539685	  0.566678	  0.597349	  0.627808	  0.654062	  0.680101	  0.702392	  0.722426	  0.739227	  0.753382	  0.765406	  0.771563	  0.776126	  0.779646	  0.782465	  0.784804	  0.786806	   0.78857	  0.790162	  0.791622	  0.792965	  0.794194	   0.79531	  0.796313	  0.797203	   0.79798	  0.798645	  0.799198	  0.799644	   0.79999	  0.800242	  0.800405	  0.800484	  0.800486	  0.800419	  0.800288	  0.800101	  0.799865
   365	     0	         0	         0	         0	         0	         0	         0	         0	         0	         0	         0	         0	         0	         0	         0	         0	         0	0.00166833	0.00331855	0.00507778	 0.0069878	 0.0166845	 0.0320325	 0.0543645	 0.0831056	  0.115557	  0.158975	  0.214167	  0.295363	  0.348128	  0.384902	    0.4181	  0.457405	  0.505038	   0.54174	  0.569303	  0.600697	  0.631497	  0.657718	  0.683476	  0.705378	  0.724942	  0.741241	  0.754889	   0.76642	  0.772205	  0.776447	  0.779691	  0.782268	  0.784392	  0.786199	  0.787783	  0.789211	  0.790521	  0.791723	  0.792816	    0.7938	   0.79467	  0.795425	  0.796063	  0.796584	  0.796988	  0.797279	  0.797467	  0.797558	  0.797558	  0.797475	  0.797318	  0.797093	  0.796811	  0.796481	   0.79611
   366	     0	         0	         0	         0	         0	         0	         0	         0	         0	         0	         0	         0	         0	         0	         0	         0	         0	0.00172106	0.00341934	0.00522675	0.00718658	 0.0171316	 0.0328524	  0.055693	 0.0850448	  0.118132	  0.162317	  0.218413	  0.300797	  0.354211	  0.391551	  0.424999	   0.46454	    0.5124	    0.5492	  0.576736	  0.608076	  0.637917	   0.66287	  0.687368	  0.708206	  0.726918	  0.742588	  0.755793	  0.767019	  0.772854	  0.777197	  0.780557	  0.783246	  0.785475	  0.787378	  0.789051	  0.790561	  0.791944	  0.793214	  0.794369	  0.795409	  0.796333	  0.797138	  0.797825	  0.798394	  0.798846	  0.799187	  0.799424	  0.799566	   0.79962	  0.799592	  0.799492	  0.799327	  0.799108	  0.798842	   0.79854
   367	     0	         0	         0	         0	         0	         0	         0	         0	         0	         0	         0	         0	         0	         0	         0	         0	         0	0.00158884	0.00317477	0.00487955	 0.0067444	 0.0161466	 0.0310937	  0.052904	 0.0810464	  0.112894	   0.15555	  0.209814	  0.289675	  0.341811	  0.378037	  0.410991	  0.449958	  0.497077	  0.533227	  0.560287	  0.590966	  0.622279	  0.649627	  0.676753	  0.699955	  0.720734	  0.738127	  0.752743	  0.765123	   0.77129	  0.775813	  0.779276	  0.782032	  0.784309	   0.78625	  0.787956	  0.789494	  0.790903	  0.792194	   0.79337	  0.794429	   0.79537	  0.796192	  0.796894	  0.797478	  0.797943	  0.798295	  0.798542	   0.79869	  0.798747	  0.798719	  0.798613	  0.798437	  0.798199	  0.797909	  0.797573
   368	     0	         0	         0	         0	         0	         0	         0	         0	         0	         0	         0	         0	         0	         0	         0	         0	         0	0.00153368	0.00308421	0.00476942	0.00663009	 0.0159512	 0.0308527	 0.0526877	 0.0809575	  0.113035	  0.156002	  0.210625	  0.291011	  0.343526	  0.380014	  0.413192	  0.452313	  0.499597	   0.53591	  0.563079	  0.593906	  0.624975	  0.651922	  0.678648	  0.701475	  0.721932	  0.739076	  0.753513	  0.765775	  0.771983	  0.776582	   0.78014	     0.783	  0.785383	  0.787433	  0.789244	  0.790883	  0.792388	  0.793774	  0.795042	  0.796197	  0.797237	  0.798162	  0.798975	  0.799675	  0.800264	  0.800746	   0.80113	   0.80142	  0.801623	  0.801743	  0.801787	  0.801761	  0.801673	  0.801529	  0.801336
   369	     0	         0	         0	         0	         0	         0	         0	         0	         0	         0	         0	         0	         0	         0	         0	         0	         0	0.00159495	0.00318179	0.00488339	0.00674126	  0.016135	 0.0310587	 0.0528321	 0.0809244	  0.112715	  0.155311	  0.209516	  0.289315	  0.341389	  0.377531	  0.410383	  0.449235	  0.496209	  0.532195	  0.559057	  0.589498	  0.620765	  0.648236	  0.675585	  0.699022	  0.720033	  0.737638	  0.752431	  0.764949	  0.771181	  0.775734	  0.779208	  0.781961	  0.784228	  0.786158	  0.787852	  0.789381	  0.790784	  0.792075	  0.793254	  0.794321	  0.795273	  0.796108	  0.796826	  0.797427	   0.79791	  0.798279	  0.798543	  0.798708	   0.79878	  0.798765	   0.79867	  0.798504	  0.798273	  0.797986	  0.797652
   370	     0	         0	         0	         0	         0	         0	         0	         0	         0	         0	         0	         0	         0	         0	         0	         0	         0	0.00154896	0.00310689	0.00479238	0.00664602	 0.0159581	 0.0308082	 0.0525297	 0.0806132	  0.112447	  0.155107	  0.209398	  0.289339	  0.341587	  0.377824	  0.410778	   0.44968	  0.496671	  0.532597	   0.55935	  0.589617	   0.62064	  0.647905	  0.675149	   0.69854	  0.719576	  0.737278	  0.752211	  0.764891	  0.771289	  0.775992	  0.779594	  0.782455	  0.784812	  0.786817	  0.788572	  0.790149	   0.79159	  0.792909	   0.79411	  0.795194	  0.796161	  0.797011	  0.797743	   0.79836	  0.798861	  0.799252	   0.79954	  0.799731	  0.799832	  0.799848	  0.799786	  0.799654	  0.799459	   0.79921	  0.798914
   371	     0	         0	         0	         0	         0	         0	         0	         0	         0	         0	         0	         0	         0	         0	         0	         0	         0	0.00151931	0.00305482	0.00472045	0.00655487	 0.0157375	 0.0303816	  0.051792	 0.0794611	  0.110808	  0.152789	  0.206156	  0.284642	   0.33592	  0.371308	   0.40366	  0.441929	  0.488212	  0.523571	  0.549911	  0.579711	  0.611509	  0.640111	  0.668833	  0.693583	  0.715808	   0.73447	  0.750162	  0.763433	   0.76998	  0.774739	  0.778355	  0.781211	  0.783555	  0.785544	  0.787282	  0.788844	  0.790269	  0.791572	  0.792756	  0.793821	  0.794766	  0.795591	  0.796296	  0.796882	   0.79735	  0.797704	  0.797953	  0.798103	   0.79816	   0.79813	  0.798021	  0.797839	  0.797593	  0.797291	   0.79694
   372	     0	         0	         0	         0	         0	         0	         0	         0	         0	         0	         0	         0	         0	         0	         0	         0	         0	0.00159409	0.00318293	0.00489146	0.00676238	 0.0162184	 0.0312769	  0.053288	 0.0817325	  0.113966	  0.157173	  0.212166	  0.293141	   0.34604	   0.38292	  0.416352	  0.455816	  0.503523	   0.54024	  0.567771	  0.599061	   0.62989	  0.656229	  0.682149	  0.704231	  0.723995	    0.7405	  0.754369	  0.766133	  0.772114	   0.77655	  0.779983	  0.782742	  0.785042	  0.787019	  0.788767	  0.790351	  0.791809	  0.793152	  0.794383	  0.795504	  0.796513	  0.797408	  0.798191	  0.798862	   0.79942	  0.799871	  0.800221	  0.800477	  0.800644	  0.800728	  0.800735	  0.800672	  0.800546	  0.800366	  0.800137
   373	     0	         0	         0	         0	         0	         0	         0	         0	         0	         0	         0	         0	         0	         0	         0	         0	         0	0.00163524	 0.0032581	0.00499355	0.00688323	 0.0164493	 0.0316181	 0.0537158	 0.0821861	  0.114361	  0.157417	  0.212124	  0.292603	  0.344931	  0.381334	  0.414322	  0.453364	  0.500658	   0.53707	  0.564396	  0.595486	  0.626653	  0.653547	  0.680066	  0.702649	   0.72281	  0.739609	  0.753677	  0.765564	  0.771471	  0.775796	  0.779105	  0.781738	  0.783912	  0.785766	  0.787394	  0.788862	  0.790207	   0.79144	  0.792561	  0.793568	   0.79446	  0.795233	  0.795887	  0.796423	   0.79684	  0.797144	  0.797343	  0.797444	  0.797453	  0.797377	  0.797223	     0.797	  0.796716	   0.79638	  0.795999
   374	     0	         0	         0	         0	         0	         0	         0	         0	         0	         0	         0	         0	         0	         0	         0	         0	         0	0.00160353	 0.0031992	0.00490954	0.00677547	 0.0161912	 0.0311311	 0.0528906	 0.0809106	  0.112549	  0.154841	  0.208498	  0.287304	  0.338481	  0.373884	    0.4061	  0.444264	  0.490485	  0.525901	  0.552359	  0.582379	  0.614151	  0.642558	   0.67095	  0.695386	  0.717295	   0.73564	  0.751038	  0.764053	  0.770476	   0.77516	  0.778733	  0.781569	  0.783906	  0.785897	  0.787644	  0.789218	   0.79066	  0.791982	  0.793187	  0.794275	  0.795246	  0.796099	  0.796834	  0.797454	  0.797958	  0.798351	  0.798642	  0.798838	  0.798945	  0.798968	  0.798916	  0.798796	  0.798614	   0.79838	  0.798101
   375	     0	         0	         0	         0	         0	         0	         0	         0	         0	         0	         0	         0	         0	         0	         0	         0	         0	0.00163469	0.00326236	0.00500923	0.00691771	 0.0165495	 0.0318469	 0.0541472	 0.0828838	  0.115347	  0.158723	  0.213754	  0.294561	  0.346957	  0.383299	  0.416049	  0.454721	  0.501479	   0.53719	  0.563667	  0.593702	   0.62403	  0.650525	  0.677021	  0.699839	   0.72044	  0.737813	  0.752509	  0.765022	  0.771473	  0.776259	  0.779953	  0.782909	   0.78536	  0.787454	  0.789296	  0.790955	  0.792473	  0.793866	  0.795137	   0.79629	  0.797325	  0.798242	  0.799044	   0.79973	  0.800303	  0.800767	  0.801131	  0.801401	  0.801583	  0.801682	  0.801705	  0.801659	  0.801552	  0.801391	  0.801183
   376	     0	         0	         0	         0	         0	         0	         0	         0	         0	         0	         0	         0	         0	         0	         0	         0	         0	0.00159409	0.00318293	0.00489146	0.00676238	 0.0162184	 0.0312769	  0.053288	 0.0817325	  0.113966	  0.157173	  0.212166	  0.293141	   0.34604	   0.38292	  0.416352	  0.455816	  0.503523	   0.54024	  0.567771	  0.599061	   0.62989	  0.656229	  0.682149	  0.704231	  0.723995	    0.7405	  0.754369	  0.766133	  0.772114	   0.77655	  0.779983	  0.782742	  0.785042	  0.787019	  0.788767	  0.790351	  0.791809	  0.793152	  0.794383	  0.795504	  0.796513	  0.797408	  0.798191	  0.798862	   0.79942	  0.799871	  0.800221	  0.800477	  0.800644	  0.800728	  0.800735	  0.800672	  0.800546	  0.800366	  0.800137
   377	     0	         0	         0	         0	         0	         0	         0	         0	         0	         0	         0	         0	         0	         0	         0	         0	         0	 0.0015764	0.00316173	0.00487598	0.00675985	 0.0162296	  0.031324	 0.0533959	 0.0819229	  0.114246	  0.157528	  0.212557	  0.293564	  0.346391	  0.383134	  0.416427	  0.455727	  0.503276	  0.539841	  0.567229	   0.59836	  0.629157	  0.655551	  0.681618	   0.70382	  0.723693	   0.74031	  0.754273	  0.766107	  0.772093	  0.776508	  0.779905	  0.782618	  0.784865	  0.786786	  0.788476	  0.790001	  0.791399	  0.792683	  0.793855	  0.794914	   0.79586	  0.796691	  0.797407	  0.798009	  0.798497	  0.798875	  0.799151	  0.799332	  0.799423	  0.799429	   0.79936	  0.799221	   0.79902	  0.798766	  0.798465
   378	     0	         0	         0	         0	         0	         0	         0	         0	         0	         0	         0	         0	         0	         0	         0	         0	         0	0.00158664	0.00318148	0.00490394	0.00679414	 0.0162974	 0.0314258	  0.053527	 0.0820685	  0.114385	  0.157638	  0.212608	  0.293515	  0.346174	  0.382714	  0.415784	   0.45484	  0.502101	  0.538326	  0.565329	  0.595982	  0.626588	  0.653047	  0.679346	  0.701813	  0.721977	  0.738894	  0.753137	  0.765216	  0.771328	  0.775819	  0.779255	  0.781982	  0.784224	  0.786128	  0.787792	  0.789285	  0.790647	  0.791891	  0.793019	   0.79403	  0.794924	  0.795698	  0.796354	  0.796891	  0.797311	  0.797617	  0.797819	  0.797923	  0.797935	  0.797861	  0.797709	  0.797488	  0.797204	  0.796867	  0.796484
   379	     0	         0	         0	         0	         0	         0	         0	         0	         0	         0	         0	         0	         0	         0	         0	         0	         0	0.00170995	0.00337583	0.00513245	0.00702456	 0.0166892	 0.0319249	 0.0540113	 0.0823422	  0.114225	  0.156828	  0.210897	  0.290252	  0.341598	  0.377098	  0.409144	  0.447177	  0.493251	  0.528428	  0.554555	  0.584224	   0.61536	  0.643153	  0.670989	  0.695052	  0.716722	  0.734897	  0.750162	  0.763057	  0.769451	  0.774082	  0.777576	  0.780315	  0.782541	  0.784413	  0.786037	   0.78749	  0.788815	  0.790026	  0.791124	   0.79211	  0.792981	  0.793737	  0.794375	  0.794897	  0.795301	  0.795593	   0.79578	   0.79587	  0.795867	  0.795779	  0.795614	  0.795379	  0.795084	  0.794736	  0.794345
   380	     0	         0	         0	         0	         0	         0	         0	         0	         0	         0	         0	         0	         0	         0	         0	         0	         0	0.00149996	0.00303063	0.00470621	 0.0065667	 0.0158425	  0.030718	 0.0525664	 0.0809126	  0.113135	  0.156299	  0.211144	  0.291859	  0.344671	  0.381439	   0.41496	  0.454448	  0.502203	  0.539044	  0.566763	  0.598287	  0.629497	  0.656136	  0.682302	  0.704465	  0.724214	  0.740685	  0.754524	  0.766281	  0.772224	  0.776661	  0.780128	  0.782947	  0.785324	  0.787388	  0.789227	  0.790901	  0.792443	  0.793865	   0.79517	  0.796359	  0.797433	  0.798391	  0.799237	   0.79997	  0.800594	  0.801111	  0.801532	  0.801861	  0.802104	  0.802266	  0.802353	  0.802371	  0.802327	  0.802228	  0.802079
   381	     0	         0	         0	         0	         0	         0	         0	         0	         0	         0	         0	         0	         0	         0	         0	         0	         0	0.00155246	0.00312446	 0.0048311	0.00671095	 0.0161056	 0.0310775	 0.0529489	 0.0811861	   0.11314	  0.155852	  0.210049	  0.289681	   0.34154	  0.377441	  0.410136	  0.448804	  0.495638	  0.531566	  0.558452	   0.58897	  0.620373	  0.647923	  0.675306	  0.698729	  0.719702	  0.737269	   0.75204	  0.764561	  0.770788	  0.775359	  0.778867	  0.781665	  0.783981	   0.78596	  0.787699	  0.789265	  0.790697	  0.792006	  0.793193	  0.794258	  0.795201	   0.79602	  0.796718	  0.797295	  0.797753	  0.798099	  0.798341	  0.798487	  0.798544	  0.798518	  0.798419	  0.798255	  0.798033	  0.797762	   0.79745
   382	     0	         0	         0	         0	         0	         0	         0	         0	         0	         0	         0	         0	         0	         0	         0	         0	         0	0.00159495	0.00318179	0.00488339	0.00674126	  0.016135	 0.0310587	 0.0528321	 0.0809244	  0.112715	  0.155311	  0.209516	  0.289315	  0.341389	  0.377531	  0.410383	  0.449235	  0.496209	  0.532195	  0.559057	  0.589498	  0.620765	  0.648236	  0.675585	  0.699022	  0.720033	  0.737638	  0.752431	  0.764949	  0.771181	  0.775734	  0.779208	  0.781961	  0.784228	  0.786158	  0.787852	  0.789381	  0.790784	  0.792075	  0.793254	  0.794321	  0.795273	  0.796108	  0.796826	  0.797427	   0.79791	  0.798279	  0.798543	  0.798708	   0.79878	  0.798765	   0.79867	  0.798504	  0.798273	  0.797986	  0.797652
   383	     0	         0	         0	         0	         0	         0	         0	         0	         0	         0	         0	         0	         0	         0	         0	         0	         0	0.00163524	 0.0032581	0.00499355	0.00688323	 0.0164493	 0.0316181	 0.0537158	 0.0821861	  0.114361	  0.157417	  0.212124	  0.292603	  0.344931	  0.381334	  0.414322	  0.453364	  0.500658	   0.53707	  0.564396	  0.595486	  0.626653	  0.653547	  0.680066	  0.702649	   0.72281	  0.739609	  0.753677	  0.765564	  0.771471	  0.775796	  0.779105	  0.781738	  0.783912	  0.785766	  0.787394	  0.788862	  0.790207	   0.79144	  0.792561	  0.793568	   0.79446	  0.795233	  0.795887	  0.796423	   0.79684	  0.797144	  0.797343	  0.797444	  0.797453	  0.797377	  0.797223	     0.797	  0.796716	   0.79638	  0.795999
   384	     0	         0	         0	         0	         0	         0	         0	         0	         0	         0	         0	         0	         0	         0	         0	         0	         0	0.00158085	0.00318031	0.00491743	0.00683259	 0.0164203	 0.0317196	 0.0541038	  0.083041	  0.115827	  0.159662	  0.215306	  0.297133	  0.350379	  0.387473	   0.42098	  0.460473	  0.508256	   0.54502	  0.572547	  0.603852	  0.634147	   0.65974	  0.684967	  0.706399	  0.725608	  0.741711	  0.755293	  0.766856	  0.772839	  0.777311	  0.780792	  0.783601	  0.785948	  0.787967	  0.789752	  0.791365	  0.792843	    0.7942	  0.795437	  0.796555	  0.797555	  0.798437	  0.799201	   0.79985	  0.800385	  0.800811	  0.801136	  0.801368	  0.801513	  0.801577	  0.801567	   0.80149	  0.801355	  0.801168	  0.800938
   385	     0	         0	         0	         0	         0	         0	         0	         0	         0	         0	         0	         0	         0	         0	         0	         0	         0	0.00160598	0.00322647	0.00498351	0.00691851	 0.0166124	 0.0320712	  0.054671	 0.0838659	   0.11692	  0.161086	  0.217131	  0.299486	  0.353064	  0.390491	  0.424219	  0.463956	   0.51202	  0.549065	  0.576876	  0.608548	  0.638618	   0.66365	   0.68817	  0.708954	  0.727576	  0.743162	  0.756309	  0.767515	  0.773377	  0.777789	  0.781244	  0.784048	  0.786402	  0.788435	  0.790236	  0.791867	  0.793363	  0.794736	  0.795989	  0.797123	  0.798139	  0.799037	  0.799818	  0.800485	  0.801037	  0.801482	  0.801827	  0.802079	  0.802245	   0.80233	  0.802342	  0.802288	  0.802176	  0.802013	  0.801807
   386	     0	         0	         0	         0	         0	         0	         0	         0	         0	         0	         0	         0	         0	         0	         0	         0	         0	0.00160005	0.00321881	0.00497527	 0.0069091	 0.0165754	 0.0319728	 0.0544507	 0.0834448	  0.116216	   0.15993	  0.215272	  0.296461	  0.349064	  0.385596	  0.418605	  0.457594	  0.504855	  0.541219	  0.568461	  0.599504	  0.630103	  0.656223	  0.681973	  0.703892	  0.723517	  0.739925	  0.753729	  0.765459	  0.771423	  0.775851	  0.779282	  0.782041	  0.784338	  0.786309	  0.788045	  0.789609	  0.791037	   0.79234	   0.79352	  0.794577	  0.795513	  0.796326	  0.797019	  0.797592	  0.798049	  0.798394	  0.798636	  0.798784	  0.798842	  0.798818	   0.79872	  0.798555	   0.79833	  0.798055	  0.797735
   387	     0	         0	         0	         0	         0	         0	         0	         0	         0	         0	         0	         0	         0	         0	         0	         0	         0	0.00164726	0.00329038	0.00505719	0.00699098	 0.0167486	 0.0322703	 0.0549324	 0.0841778	  0.117264	  0.161485	  0.217594	  0.300036	  0.353563	  0.390989	  0.424617	  0.464237	  0.512159	   0.54911	  0.576798	  0.608348	   0.63835	  0.663384	  0.687919	  0.708713	  0.727332	  0.742898	  0.756014	  0.767188	  0.773043	  0.777453	  0.780914	  0.783731	  0.786104	  0.788162	  0.789993	  0.791657	  0.793191	  0.794605	  0.795903	  0.797086	  0.798153	  0.799105	  0.799943	  0.800667	   0.80128	  0.801786	  0.802193	  0.802508	  0.802736	  0.802883	  0.802954	  0.802957	  0.802899	  0.802786	  0.802625
   388	     0	         0	         0	         0	         0	         0	         0	         0	         0	         0	         0	         0	         0	         0	         0	         0	         0	0.00160353	 0.0031992	0.00490954	0.00677547	 0.0161912	 0.0311311	 0.0528906	 0.0809106	  0.112549	  0.154841	  0.208498	  0.287304	  0.338481	  0.373884	    0.4061	  0.444264	  0.490485	  0.525901	  0.552359	  0.582379	  0.614151	  0.642558	   0.67095	  0.695386	  0.717295	   0.73564	  0.751038	  0.764053	  0.770476	   0.77516	  0.778733	  0.781569	  0.783906	  0.785897	  0.787644	  0.789218	   0.79066	  0.791982	  0.793187	  0.794275	  0.795246	  0.796099	  0.796834	  0.797454	  0.797958	  0.798351	  0.798642	  0.798838	  0.798945	  0.798968	  0.798916	  0.798796	  0.798614	   0.79838	  0.798101
   389	     0	         0	         0	         0	         0	         0	         0	         0	         0	         0	         0	         0	         0	         0	         0	         0	         0	 0.0015585	0.00312043	0.00480502	0.00665279	 0.0159416	 0.0307268	 0.0523146	 0.0801753	  0.111698	  0.153883	  0.207478	  0.286256	  0.337569	  0.373009	  0.405269	  0.443404	  0.489483	  0.524594	  0.550639	  0.580069	  0.611512	   0.63989	  0.668532	  0.693297	  0.715618	  0.734444	  0.750329	  0.763801	  0.770545	  0.775477	   0.77924	   0.78222	  0.784671	  0.786752	  0.788574	  0.790211	  0.791705	  0.793074	  0.794322	   0.79545	   0.79646	  0.797351	  0.798124	  0.798781	  0.799322	  0.799753	  0.800081	  0.800313	  0.800454	   0.80051	  0.800488	  0.800395	  0.800239	  0.800026	  0.799765
   390	     0	         0	         0	         0	         0	         0	         0	         0	         0	         0	         0	         0	         0	         0	         0	         0	         0	0.00159409	0.00318293	0.00489146	0.00676238	 0.0162184	 0.0312769	  0.053288	 0.0817325	  0.113966	  0.157173	  0.212166	  0.293141	   0.34604	   0.38292	  0.416352	  0.455816	  0.503523	   0.54024	  0.567771	  0.599061	   0.62989	  0.656229	  0.682149	  0.704231	  0.723995	    0.7405	  0.754369	  0.766133	  0.772114	   0.77655	  0.779983	  0.782742	  0.785042	  0.787019	  0.788767	  0.790351	  0.791809	  0.793152	  0.794383	  0.795504	  0.796513	  0.797408	  0.798191	  0.798862	   0.79942	  0.799871	  0.800221	  0.800477	  0.800644	  0.800728	  0.800735	  0.800672	  0.800546	  0.800366	  0.800137
   391	     0	         0	         0	         0	         0	         0	         0	         0	         0	         0	         0	         0	         0	         0	         0	         0	         0	0.00158035	0.00316376	 0.0048699	0.00673888	 0.0161362	 0.0310762	 0.0528684	 0.0809664	   0.11273	  0.155206	  0.209141	  0.288405	   0.33999	    0.3757	  0.408184	  0.446619	  0.493132	  0.528732	  0.555302	  0.585411	  0.616882	  0.644825	   0.67276	   0.69678	  0.718351	  0.736467	  0.751719	  0.764645	  0.771093	   0.77582	  0.779436	  0.782312	  0.784685	  0.786706	   0.78848	  0.790077	  0.791538	  0.792877	  0.794095	  0.795195	  0.796176	  0.797037	   0.79778	  0.798405	  0.798914	  0.799313	   0.79961	  0.799812	  0.799926	  0.799959	  0.799918	  0.799811	  0.799647	  0.799433	  0.799177
   392	     0	         0	         0	         0	         0	         0	         0	         0	         0	         0	         0	         0	         0	         0	         0	         0	         0	0.00156349	 0.0031405	0.00484923	0.00672983	 0.0161612	 0.0312016	 0.0531992	 0.0816334	  0.113853	  0.156974	   0.21176	   0.29237	  0.344918	  0.381441	  0.414594	  0.453719	  0.501045	  0.537407	  0.564624	  0.595524	  0.626511	  0.653295	  0.679834	  0.702462	   0.72272	  0.739684	  0.753957	  0.766066	  0.772177	  0.776693	  0.780176	  0.782968	  0.785289	  0.787281	  0.789039	  0.790629	  0.792088	   0.79343	  0.794656	  0.795766	   0.79676	  0.797636	  0.798395	  0.799038	  0.799566	  0.799983	  0.800297	  0.800515	  0.800643	  0.800686	  0.800652	  0.800548	  0.800381	  0.800159	  0.799889
   393	     0	         0	         0	         0	         0	         0	         0	         0	         0	         0	         0	         0	         0	         0	         0	         0	         0	0.00164544	0.00328212	0.00503555	0.00694763	 0.0166118	 0.0319457	 0.0542901	 0.0830853	  0.115632	  0.159167	  0.214481	  0.295845	  0.348755	  0.385619	  0.418905	  0.458252	  0.505903	  0.542597	  0.570127	  0.601468	  0.632127	  0.658158	  0.683735	  0.705444	  0.724834	  0.740999	  0.754554	  0.766028	  0.771805	  0.776058	  0.779325	  0.781932	  0.784089	  0.785932	  0.787553	  0.789017	   0.79036	  0.791593	  0.792714	  0.793723	  0.794615	  0.795389	  0.796044	   0.79658	  0.796997	  0.797301	  0.797499	    0.7976	   0.79761	  0.797534	  0.797383	  0.797164	  0.796886	  0.796558	  0.796188
   394	     0	         0	         0	         0	         0	         0	         0	         0	         0	         0	         0	         0	         0	         0	         0	         0	         0	0.00159409	0.00318293	0.00489146	0.00676238	 0.0162184	 0.0312769	  0.053288	 0.0817325	  0.113966	  0.157173	  0.212166	  0.293141	   0.34604	   0.38292	  0.416352	  0.455816	  0.503523	   0.54024	  0.567771	  0.599061	   0.62989	  0.656229	  0.682149	  0.704231	  0.723995	    0.7405	  0.754369	  0.766133	  0.772114	   0.77655	  0.779983	  0.782742	  0.785042	  0.787019	  0.788767	  0.790351	  0.791809	  0.793152	  0.794383	  0.795504	  0.796513	  0.797408	  0.798191	  0.798862	   0.79942	  0.799871	  0.800221	  0.800477	  0.800644	  0.800728	  0.800735	  0.800672	  0.800546	  0.800366	  0.800137
   395	     0	         0	         0	         0	         0	         0	         0	         0	         0	         0	         0	         0	         0	         0	         0	         0	         0	0.00153061	0.00307803	0.00475879	0.00661289	 0.0159109	 0.0307666	  0.052533	 0.0807196	  0.112721	  0.155642	   0.21031	  0.290885	   0.34367	  0.380395	  0.413828	  0.453268	  0.500922	  0.537519	  0.564917	  0.595972	  0.626949	   0.65365	  0.680081	   0.70263	  0.722837	  0.739773	  0.754035	  0.766142	  0.772276	  0.776811	  0.780306	  0.783102	   0.78542	  0.787405	  0.789151	  0.790727	   0.79217	  0.793495	  0.794703	  0.795797	  0.796775	  0.797637	  0.798383	  0.799013	  0.799529	  0.799935	  0.800238	  0.800445	  0.800562	  0.800594	  0.800548	  0.800431	  0.800251	  0.800016	  0.799733
   396	     0	         0	         0	         0	         0	         0	         0	         0	         0	         0	         0	         0	         0	         0	         0	         0	         0	0.00165655	0.00331581	0.00510338	0.00706135	 0.0169248	 0.0326123	 0.0555151	 0.0850772	  0.118536	  0.163279	   0.22012	  0.303751	  0.358134	  0.396269	  0.430447	  0.470718	  0.519481	  0.557258	  0.585737	  0.618276	  0.647874	  0.671721	  0.694797	  0.714144	  0.731381	  0.745688	  0.757677	  0.767844	  0.773198	  0.777214	  0.780347	  0.782877	  0.784989	  0.786804	  0.788404	   0.78985	  0.791172	  0.792382	  0.793479	  0.794462	  0.795328	  0.796076	  0.796706	  0.797219	  0.797614	  0.797897	  0.798076	  0.798157	  0.798149	  0.798056	  0.797888	  0.797652	  0.797357	   0.79701	  0.796622
   397	     0	         0	         0	         0	         0	         0	         0	         0	         0	         0	         0	         0	         0	         0	         0	         0	         0	0.00159409	0.00318293	0.00489146	0.00676238	 0.0162184	 0.0312769	  0.053288	 0.0817325	  0.113966	  0.157173	  0.212166	  0.293141	   0.34604	   0.38292	  0.416352	  0.455816	  0.503523	   0.54024	  0.567771	  0.599061	   0.62989	  0.656229	  0.682149	  0.704231	  0.723995	    0.7405	  0.754369	  0.766133	  0.772114	   0.77655	  0.779983	  0.782742	  0.785042	  0.787019	  0.788767	  0.790351	  0.791809	  0.793152	  0.794383	  0.795504	  0.796513	  0.797408	  0.798191	  0.798862	   0.79942	  0.799871	  0.800221	  0.800477	  0.800644	  0.800728	  0.800735	  0.800672	  0.800546	  0.800366	  0.800137
   398	     0	         0	         0	         0	         0	         0	         0	         0	         0	         0	         0	         0	         0	         0	         0	         0	         0	 0.0015769	0.00315728	0.00486104	0.00672876	 0.0161267	 0.0310819	 0.0529213	 0.0811179	  0.113043	  0.155794	  0.210162	   0.29018	  0.342401	  0.378689	  0.411698	   0.45071	  0.497889	  0.534102	  0.561215	  0.591956	  0.623219	  0.650465	   0.67749	  0.700583	   0.72126	  0.738578	  0.753141	  0.765485	  0.771659	  0.776199	  0.779685	  0.782466	  0.784769	  0.786736	  0.788467	  0.790028	  0.791458	  0.792769	  0.793963	  0.795038	  0.795995	  0.796832	  0.797549	  0.798147	  0.798628	  0.798996	  0.799259	  0.799426	  0.799501	  0.799492	  0.799407	  0.799252	  0.799037	   0.79877	  0.798459
   399	     0	         0	         0	         0	         0	         0	         0	         0	         0	         0	         0	         0	         0	         0	         0	         0	         0	0.00154632	0.00311766	0.00483093	0.00672647	 0.0162035	 0.0313663	 0.0536033	 0.0824171	  0.115142	  0.158971	  0.214696	  0.296784	  0.350393	  0.387838	  0.421766	   0.46172	  0.510049	  0.547383	  0.575487	   0.60747	  0.637903	   0.66322	  0.687958	  0.708814	  0.727413	  0.742925	   0.75597	  0.767062	  0.772775	  0.777049	  0.780381	  0.783076	  0.785331	  0.787273	  0.788989	  0.790539	  0.791957	  0.793254	  0.794433	  0.795493	  0.796435	  0.797259	  0.797965	  0.798556	  0.799032	  0.799399	  0.799666	  0.799839	  0.799925	   0.79993	  0.799861	  0.799726	  0.799531	  0.799286	  0.798998
   400	     0	         0	         0	         0	         0	         0	         0	         0	         0	         0	         0	         0	         0	         0	         0	         0	         0	 0.0015444	0.00312184	0.00484814	0.00676312	 0.0163015	 0.0315744	 0.0539718	 0.0829842	  0.115908	  0.159926	  0.215771	  0.297873	  0.351374	  0.388667	  0.422428	  0.462194	  0.510343	   0.54753	  0.575511	   0.60742	  0.637796	  0.663074	  0.687759	    0.7086	  0.727199	  0.742705	  0.755745	   0.76684	  0.772575	   0.77688	  0.780252	  0.782992	  0.785296	   0.78729	  0.789059	  0.790661	  0.792131	  0.793479	  0.794708	  0.795818	   0.79681	  0.797684	  0.798442	  0.799086	  0.799617	   0.80004	  0.800364	  0.800596	  0.800742	  0.800807	  0.800798	  0.800723	  0.800589	  0.800402	  0.800171
   401	     0	         0	         0	         0	         0	         0	         0	         0	         0	         0	         0	         0	         0	         0	         0	         0	         0	0.00158035	0.00316376	 0.0048699	0.00673888	 0.0161362	 0.0310762	 0.0528684	 0.0809664	   0.11273	  0.155206	  0.209141	  0.288405	   0.33999	    0.3757	  0.408184	  0.446619	  0.493132	  0.528732	  0.555302	  0.585411	  0.616882	  0.644825	   0.67276	   0.69678	  0.718351	  0.736467	  0.751719	  0.764645	  0.771093	   0.77582	  0.779436	  0.782312	  0.784685	  0.786706	   0.78848	  0.790077	  0.791538	  0.792877	  0.794095	  0.795195	  0.796176	  0.797037	   0.79778	  0.798405	  0.798914	  0.799313	   0.79961	  0.799812	  0.799926	  0.799959	  0.799918	  0.799811	  0.799647	  0.799433	  0.799177
   402	     0	         0	         0	         0	         0	         0	         0	         0	         0	         0	         0	         0	         0	         0	         0	         0	         0	0.00155335	0.00312763	0.00484074	0.00673307	 0.0162076	 0.0313544	 0.0535525	 0.0822954	   0.11491	  0.158566	  0.214011	  0.295606	   0.34879	  0.385815	  0.419348	  0.458869	  0.506693	  0.543546	  0.571171	  0.602617	  0.633139	  0.658955	  0.684334	   0.70586	  0.725105	  0.741176	  0.754691	  0.766173	  0.772058	  0.776444	  0.779852	  0.782602	  0.784901	  0.786881	  0.788632	  0.790217	  0.791672	   0.79301	  0.794231	  0.795339	  0.796332	   0.79721	  0.797975	  0.798628	  0.799168	  0.799603	  0.799938	   0.80018	  0.800335	  0.800408	  0.800405	  0.800334	    0.8002	  0.800012	  0.799775
   403	     0	         0	         0	         0	         0	         0	         0	         0	         0	         0	         0	         0	         0	         0	         0	         0	         0	0.00165469	0.00328907	0.00502982	0.00691889	 0.0165118	 0.0316925	 0.0537758	 0.0821918	  0.114269	  0.157197	  0.211771	  0.292061	  0.344228	  0.380402	  0.413122	  0.451887	   0.49884	  0.534804	  0.561624	  0.592078	  0.623005	  0.649996	  0.676827	  0.699793	  0.720386	  0.737629	  0.752106	  0.764343	  0.770423	  0.774841	  0.778186	  0.780816	   0.78296	  0.784767	  0.786338	  0.787746	   0.78903	  0.790204	  0.791265	  0.792214	  0.793047	   0.79376	  0.794354	  0.794829	  0.795183	  0.795423	  0.795557	  0.795592	  0.795536	  0.795395	  0.795179	  0.794896	  0.794555	  0.794167	  0.793739
   404	     0	         0	         0	         0	         0	         0	         0	         0	         0	         0	         0	         0	         0	         0	         0	         0	         0	0.00157327	0.00317532	0.00492702	0.00687031	  0.016569	 0.0321097	  0.054912	 0.0844523	   0.11796	  0.162708	  0.219389	  0.302612	  0.356606	  0.394183	  0.427864	  0.467423	  0.515267	  0.552031	  0.579384	  0.610569	  0.639782	  0.664047	  0.687989	  0.708348	  0.726694	  0.742118	  0.755185	  0.766364	  0.772388	  0.776957	  0.780555	  0.783486	  0.785952	  0.788084	  0.789973	  0.791682	  0.793248	  0.794687	  0.796005	  0.797207	  0.798296	  0.799274	  0.800143	  0.800907	  0.801567	  0.802128	  0.802598	   0.80298	  0.803282	  0.803505	  0.803657	  0.803743	  0.803767	  0.803736	  0.803655
   405	     0	         0	         0	         0	         0	         0	         0	         0	         0	         0	         0	         0	         0	         0	         0	         0	         0	0.00156411	0.00314513	0.00486162	0.00675389	 0.0162332	 0.0313631	 0.0535014	 0.0821253	  0.114559	  0.157951	  0.213064	  0.294114	  0.346906	  0.383535	  0.416683	  0.455782	  0.503072	  0.539305	  0.566301	  0.596953	  0.627419	  0.653689	  0.679794	  0.702132	  0.722221	  0.739104	  0.753353	  0.765471	  0.771683	  0.776288	  0.779842	  0.782686	  0.785044	   0.78706	  0.788833	  0.790432	  0.791894	  0.793236	   0.79446	  0.795567	  0.796558	  0.797432	  0.798191	  0.798836	  0.799368	  0.799792	  0.800115	  0.800344	  0.800486	  0.800545	  0.800529	  0.800446	  0.800302	  0.800106	  0.799865
   406	     0	         0	         0	         0	         0	         0	         0	         0	         0	         0	         0	         0	         0	         0	         0	         0	         0	0.00154036	0.00311492	0.00483527	0.00673868	 0.0162091	  0.031332	 0.0534583	 0.0820662	  0.114488	  0.157828	  0.212823	  0.293698	  0.346429	  0.383148	  0.416601	  0.456122	  0.504036	    0.5411	  0.569119	  0.601048	   0.63234	  0.658791	  0.684618	  0.706395	  0.725726	  0.741775	  0.755201	  0.766564	  0.772206	  0.776374	    0.7796	  0.782198	  0.784367	  0.786234	  0.787882	   0.78937	  0.790729	  0.791967	  0.793082	  0.794074	  0.794942	  0.795682	  0.796297	  0.796788	  0.797156	  0.797406	  0.797548	   0.79759	  0.797539	    0.7974	  0.797184	  0.796897	  0.796549	  0.796148	  0.795702
   407	     0	         0	         0	         0	         0	         0	         0	         0	         0	         0	         0	         0	         0	         0	         0	         0	         0	0.00160191	0.00320624	0.00493342	 0.0068236	 0.0163488	 0.0314887	 0.0535851	 0.0820985	  0.114367	  0.157564	  0.212478	  0.293312	  0.345944	  0.382531	  0.415687	  0.454884	  0.502342	  0.538814	   0.56611	  0.597127	  0.627962	  0.654482	  0.680698	  0.703039	  0.723035	  0.739757	  0.753806	  0.765706	  0.771696	  0.776101	  0.779478	  0.782166	  0.784385	  0.786275	  0.787933	  0.789425	  0.790789	  0.792038	   0.79317	  0.794186	  0.795084	  0.795862	  0.796521	   0.79706	   0.79748	  0.797786	  0.797987	   0.79809	  0.798102	  0.798028	  0.797877	  0.797658	  0.797378	  0.797046	   0.79667
   408	     0	         0	         0	         0	         0	         0	         0	         0	         0	         0	         0	         0	         0	         0	         0	         0	         0	0.00152909	 0.0030559	0.00469868	0.00649813	 0.0155618	 0.0299888	  0.051059	 0.0782718	    0.1091	  0.150447	    0.2031	  0.280604	  0.331431	  0.366633	   0.39897	  0.437246	  0.483489	  0.518926	  0.545501	   0.57552	  0.608185	  0.637762	  0.667365	  0.692787	  0.715487	  0.734464	  0.750353	  0.763747	  0.770215	  0.774897	  0.778451	  0.781266	  0.783586	  0.785566	  0.787309	  0.788885	  0.790335	  0.791669	  0.792888	  0.793992	  0.794978	  0.795844	  0.796589	  0.797215	   0.79772	  0.798111	  0.798395	  0.798578	  0.798668	   0.79867	  0.798591	  0.798439	  0.798223	  0.797949	  0.797626
   409	     0	         0	         0	         0	         0	         0	         0	         0	         0	         0	         0	         0	         0	         0	         0	         0	         0	0.00158493	0.00317942	0.00490438	0.00680096	 0.0163254	 0.0315086	 0.0537088	 0.0823979	  0.114897	  0.158379	  0.213606	  0.294832	  0.347728	  0.384528	  0.417832	  0.457118	  0.504638	  0.541152	  0.568458	  0.599488	  0.630055	  0.656178	  0.681979	  0.703948	  0.723633	  0.740122	  0.754013	  0.765823	  0.771857	  0.776341	  0.779816	   0.78261	   0.78494	  0.786941	  0.788708	  0.790305	   0.79177	  0.793115	  0.794341	  0.795451	  0.796441	  0.797314	  0.798068	  0.798707	   0.79923	  0.799643	  0.799955	  0.800172	  0.800301	  0.800347	  0.800318	  0.800221	  0.800065	  0.799856	  0.799603
   410	     0	         0	         0	         0	         0	         0	         0	         0	         0	         0	         0	         0	         0	         0	         0	         0	         0	0.00153139	0.00308147	0.00476634	0.00662594	 0.0159326	 0.0308018	 0.0525777	 0.0807655	  0.112752	  0.155615	   0.21014	  0.290412	  0.342959	  0.379519	  0.412849	  0.452171	  0.499693	  0.536245	  0.563679	  0.594809	  0.626086	  0.653101	  0.679774	  0.702494	  0.722799	  0.739765	  0.754019	  0.766106	  0.772169	  0.776651	  0.780116	  0.782902	  0.785228	  0.787231	  0.789005	  0.790612	   0.79209	   0.79345	  0.794694	  0.795822	  0.796833	  0.797727	  0.798504	  0.799165	  0.799709	  0.800143	  0.800473	  0.800704	  0.800844	  0.800896	  0.800868	  0.800767	  0.800598	  0.800371	  0.800091
   411	     0	         0	         0	         0	         0	         0	         0	         0	         0	         0	         0	         0	         0	         0	         0	         0	         0	0.00150963	0.00305596	0.00475272	0.00663944	 0.0160171	 0.0310523	 0.0531152	 0.0817062	  0.114157	  0.157543	  0.212575	  0.293417	  0.346108	  0.382631	  0.415786	  0.454848	  0.502099	  0.538343	  0.565401	  0.596145	  0.626785	  0.653191	  0.679384	  0.701761	   0.72186	  0.738737	  0.752986	  0.765124	  0.771341	  0.775969	  0.779563	  0.782458	  0.784873	  0.786948	  0.788777	  0.790425	   0.79193	  0.793307	   0.79456	  0.795692	  0.796704	  0.797599	  0.798379	  0.799045	  0.799599	  0.800047	  0.800396	  0.800653	  0.800823	  0.800911	  0.800924	  0.800868	  0.800751	  0.800578	  0.800356
   412	     0	         0	         0	         0	         0	         0	         0	         0	         0	         0	         0	         0	         0	         0	         0	         0	         0	0.00159495	0.00318179	0.00488339	0.00674126	  0.016135	 0.0310587	 0.0528321	 0.0809244	  0.112715	  0.155311	  0.209516	  0.289315	  0.341389	  0.377531	  0.410383	  0.449235	  0.496209	  0.532195	  0.559057	  0.589498	  0.620765	  0.648236	  0.675585	  0.699022	  0.720033	  0.737638	  0.752431	  0.764949	  0.771181	  0.775734	  0.779208	  0.781961	  0.784228	  0.786158	  0.787852	  0.789381	  0.790784	  0.792075	  0.793254	  0.794321	  0.795273	  0.796108	  0.796826	  0.797427	   0.79791	  0.798279	  0.798543	  0.798708	   0.79878	  0.798765	   0.79867	  0.798504	  0.798273	  0.797986	  0.797652
   413	     0	         0	         0	         0	         0	         0	         0	         0	         0	         0	         0	         0	         0	         0	         0	         0	         0	0.00156279	0.00315237	0.00488647	0.00680535	 0.0163826	 0.0316974	 0.0541338	 0.0831671	   0.11608	  0.160054	  0.215795	  0.297693	  0.350935	  0.387994	  0.421492	  0.460965	  0.508772	  0.545631	  0.573281	  0.604798	  0.635142	  0.660637	  0.685659	  0.706853	  0.725805	  0.741642	  0.754978	   0.76633	  0.772196	  0.776591	  0.780026	   0.78281	  0.785146	  0.787164	  0.788951	   0.79057	  0.792054	  0.793416	  0.794659	  0.795784	  0.796791	   0.79768	  0.798455	  0.799117	  0.799666	   0.80011	  0.800456	  0.800712	  0.800883	  0.800975	  0.800995	  0.800951	  0.800848	  0.800695	  0.800499
   414	     0	         0	         0	         0	         0	         0	         0	         0	         0	         0	         0	         0	         0	         0	         0	         0	         0	 0.0016291	0.00324729	0.00497873	 0.0068647	 0.0164138	 0.0315582	 0.0536262	  0.082069	  0.114231	  0.157313	  0.212148	  0.292912	  0.345627	  0.382405	  0.415784	  0.455292	  0.503135	  0.540049	  0.567877	  0.599536	  0.630773	  0.657376	   0.68343	   0.70551	  0.725166	  0.741505	  0.755164	   0.76669	  0.772395	  0.776568	  0.779759	  0.782298	  0.784396	  0.786187	  0.787764	  0.789191	  0.790504	  0.791714	  0.792816	   0.79381	  0.794691	  0.795456	  0.796104	  0.796634	  0.797046	  0.797345	  0.797538	  0.797634	  0.797639	  0.797559	  0.797405	  0.797183	  0.796904	  0.796576	  0.796208
   415	     0	         0	         0	         0	         0	         0	         0	         0	         0	         0	         0	         0	         0	         0	         0	         0	         0	0.00159471	0.00318974	0.00490757	0.00678963	 0.0162664	 0.0313454	 0.0533597	 0.0817744	  0.113934	  0.156974	  0.211668	  0.292088	  0.344544	  0.381078	  0.414269	  0.453483	  0.500918	  0.537428	  0.564846	  0.596012	  0.627187	  0.654034	  0.680471	  0.703019	  0.723182	  0.740015	  0.754155	  0.766148	  0.772194	  0.776678	  0.780156	   0.78296	  0.785308	  0.787333	   0.78913	  0.790762	  0.792264	  0.793649	  0.794919	  0.796073	   0.79711	  0.798031	  0.798835	  0.799524	  0.800099	  0.800564	  0.800927	  0.801195	  0.801374	  0.801468	  0.801487	  0.801437	  0.801324	  0.801157	  0.800943
   416	     0	         0	         0	         0	         0	         0	         0	         0	         0	         0	         0	         0	         0	         0	         0	         0	         0	0.00164067	0.00327593	0.00503084	0.00694715	 0.0166228	 0.0319861	  0.054387	 0.0832639	  0.115908	  0.159555	  0.214972	  0.296462	  0.349373	  0.386265	  0.419538	   0.45884	  0.506428	  0.543095	    0.5706	  0.601917	  0.632512	  0.658509	  0.684097	  0.705856	  0.725318	  0.741568	  0.755213	  0.766779	  0.772665	  0.777023	  0.780388	  0.783083	  0.785322	  0.787238	  0.788926	  0.790451	  0.791848	  0.793131	  0.794299	  0.795354	  0.796294	  0.797118	  0.797826	  0.798418	  0.798895	  0.799261	  0.799524	  0.799691	  0.799769	  0.799761	  0.799677	  0.799524	  0.799308	  0.799039	  0.798724
   417	     0	         0	         0	         0	         0	         0	         0	         0	         0	         0	         0	         0	         0	         0	         0	         0	         0	0.00154036	0.00311492	0.00483527	0.00673868	 0.0162091	  0.031332	 0.0534583	 0.0820662	  0.114488	  0.157828	  0.212823	  0.293698	  0.346429	  0.383148	  0.416601	  0.456122	  0.504036	    0.5411	  0.569119	  0.601048	   0.63234	  0.658791	  0.684618	  0.706395	  0.725726	  0.741775	  0.755201	  0.766564	  0.772206	  0.776374	    0.7796	  0.782198	  0.784367	  0.786234	  0.787882	   0.78937	  0.790729	  0.791967	  0.793082	  0.794074	  0.794942	  0.795682	  0.796297	  0.796788	  0.797156	  0.797406	  0.797548	   0.79759	  0.797539	    0.7974	  0.797184	  0.796897	  0.796549	  0.796148	  0.795702
   418	     0	         0	         0	         0	         0	         0	         0	         0	         0	         0	         0	         0	         0	         0	         0	         0	         0	0.00165655	0.00331581	0.00510338	0.00706135	 0.0169248	 0.0326123	 0.0555151	 0.0850772	  0.118536	  0.163279	   0.22012	  0.303751	  0.358134	  0.396269	  0.430447	  0.470718	  0.519481	  0.557258	  0.585737	  0.618276	  0.647874	  0.671721	  0.694797	  0.714144	  0.731381	  0.745688	  0.757677	  0.767844	  0.773198	  0.777214	  0.780347	  0.782877	  0.784989	  0.786804	  0.788404	   0.78985	  0.791172	  0.792382	  0.793479	  0.794462	  0.795328	  0.796076	  0.796706	  0.797219	  0.797614	  0.797897	  0.798076	  0.798157	  0.798149	  0.798056	  0.797888	  0.797652	  0.797357	   0.79701	  0.796622
   419	     0	         0	         0	         0	         0	         0	         0	         0	         0	         0	         0	         0	         0	         0	         0	         0	         0	0.00158035	0.00316376	 0.0048699	0.00673888	 0.0161362	 0.0310762	 0.0528684	 0.0809664	   0.11273	  0.155206	  0.209141	  0.288405	   0.33999	    0.3757	  0.408184	  0.446619	  0.493132	  0.528732	  0.555302	  0.585411	  0.616882	  0.644825	   0.67276	   0.69678	  0.718351	  0.736467	  0.751719	  0.764645	  0.771093	   0.77582	  0.779436	  0.782312	  0.784685	  0.786706	   0.78848	  0.790077	  0.791538	  0.792877	  0.794095	  0.795195	  0.796176	  0.797037	   0.79778	  0.798405	  0.798914	  0.799313	   0.79961	  0.799812	  0.799926	  0.799959	  0.799918	  0.799811	  0.799647	  0.799433	  0.799177
   420	     0	         0	         0	         0	         0	         0	         0	         0	         0	         0	         0	         0	         0	         0	         0	         0	         0	0.00156349	 0.0031405	0.00484923	0.00672983	 0.0161612	 0.0312016	 0.0531992	 0.0816334	  0.113853	  0.156974	   0.21176	   0.29237	  0.344918	  0.381441	  0.414594	  0.453719	  0.501045	  0.537407	  0.564624	  0.595524	  0.626511	  0.653295	  0.679834	  0.702462	   0.72272	  0.739684	  0.753957	  0.766066	  0.772177	  0.776693	  0.780176	  0.782968	  0.785289	  0.787281	  0.789039	  0.790629	  0.792088	   0.79343	  0.794656	  0.795766	   0.79676	  0.797636	  0.798395	  0.799038	  0.799566	  0.799983	  0.800297	  0.800515	  0.800643	  0.800686	  0.800652	  0.800548	  0.800381	  0.800159	  0.799889
   421	     0	         0	         0	         0	         0	         0	         0	         0	         0	         0	         0	         0	         0	         0	         0	         0	         0	0.00148296	0.00300436	0.00467373	0.00652901	 0.0157628	 0.0305691	 0.0523219	 0.0805639	  0.112709	  0.155847	  0.210797	  0.291872	  0.345135	  0.382317	  0.416317	  0.456393	  0.504867	  0.542386	  0.570768	  0.603042	  0.634351	  0.660642	  0.686261	  0.707791	  0.726873	  0.742709	  0.755955	  0.767166	  0.772754	  0.776891	  0.780099	  0.782686	  0.784852	  0.786721	  0.788376	  0.789875	  0.791249	  0.792507	  0.793648	  0.794671	  0.795574	  0.796356	  0.797015	  0.797553	  0.797971	  0.798273	  0.798466	  0.798558	  0.798555	  0.798462	  0.798287	  0.798036	  0.797719	  0.797342	  0.796913
   422	     0	         0	         0	         0	         0	         0	         0	         0	         0	         0	         0	         0	         0	         0	         0	         0	         0	0.00169327	0.00333629	0.00506794	0.00693514	 0.0165203	 0.0316662	 0.0536819	 0.0819905	  0.113929	  0.156712	  0.211153	  0.291207	  0.343278	  0.379514	  0.412232	  0.450965	  0.497789	   0.53364	  0.560356	  0.590654	  0.621631	  0.648819	  0.675879	  0.699151	  0.720072	  0.737611	  0.752359	  0.764842	  0.771116	  0.775708	  0.779211	  0.781984	  0.784262	  0.786197	  0.787892	  0.789421	  0.790825	  0.792121	   0.79331	  0.794393	  0.795368	  0.796232	  0.796987	  0.797629	  0.798159	  0.798581	  0.798901	  0.799125	  0.799259	  0.799307	  0.799277	  0.799176	   0.79901	  0.798789	   0.79852
   423	     0	         0	         0	         0	         0	         0	         0	         0	         0	         0	         0	         0	         0	         0	         0	         0	         0	 0.0015764	0.00316173	0.00487598	0.00675985	 0.0162296	  0.031324	 0.0533959	 0.0819229	  0.114246	  0.157528	  0.212557	  0.293564	  0.346391	  0.383134	  0.416427	  0.455727	  0.503276	  0.539841	  0.567229	   0.59836	  0.629157	  0.655551	  0.681618	   0.70382	  0.723693	   0.74031	  0.754273	  0.766107	  0.772093	  0.776508	  0.779905	  0.782618	  0.784865	  0.786786	  0.788476	  0.790001	  0.791399	  0.792683	  0.793855	  0.794914	   0.79586	  0.796691	  0.797407	  0.798009	  0.798497	  0.798875	  0.799151	  0.799332	  0.799423	  0.799429	   0.79936	  0.799221	   0.79902	  0.798766	  0.798465
   424	     0	         0	         0	         0	         0	         0	         0	         0	         0	         0	         0	         0	         0	         0	         0	         0	         0	0.00156592	0.00314333	0.00485106	0.00672973	 0.0161687	 0.0312277	 0.0532715	 0.0818002	   0.11418	  0.157597	  0.212876	  0.294376	  0.347723	  0.385036	  0.418954	  0.458965	  0.507365	  0.544836	  0.573162	   0.60542	  0.636449	  0.662386	  0.687624	  0.708866	  0.727718	  0.743349	  0.756414	  0.767462	  0.773009	  0.777119	  0.780305	  0.782872	   0.78502	  0.786872	  0.788513	  0.790003	  0.791372	  0.792631	  0.793779	  0.794815	  0.795735	  0.796538	  0.797223	   0.79779	  0.798239	  0.798574	  0.798803	  0.798932	  0.798967	  0.798914	  0.798781	  0.798573	    0.7983	  0.797969	  0.797587
   425	     0	         0	         0	         0	         0	         0	         0	         0	         0	         0	         0	         0	         0	         0	         0	         0	         0	0.00154164	0.00310008	0.00479539	0.00666973	 0.0160634	 0.0310999	 0.0531624	 0.0817662	  0.114272	  0.157856	  0.213347	  0.295107	  0.348659	  0.386056	  0.419951	  0.459795	  0.507828	  0.544678	  0.572174	  0.603302	  0.633458	  0.658998	  0.684266	  0.705778	  0.725119	  0.741411	  0.755219	  0.767026	  0.773219	  0.777883	  0.781536	  0.784498	  0.786984	  0.789131	  0.791032	  0.792753	  0.794331	  0.795781	  0.797107	  0.798315	  0.799403	  0.800375	  0.801232	  0.801977	   0.80261	  0.803137	  0.803566	  0.803902	  0.804152	  0.804318	  0.804409	   0.80443	  0.804387	  0.804287	  0.804137
   426	     0	         0	         0	         0	         0	         0	         0	         0	         0	         0	         0	         0	         0	         0	         0	         0	         0	0.00159495	0.00318179	0.00488339	0.00674126	  0.016135	 0.0310587	 0.0528321	 0.0809244	  0.112715	  0.155311	  0.209516	  0.289315	  0.341389	  0.377531	  0.410383	  0.449235	  0.496209	  0.532195	  0.559057	  0.589498	  0.620765	  0.648236	  0.675585	  0.699022	  0.720033	  0.737638	  0.752431	  0.764949	  0.771181	  0.775734	  0.779208	  0.781961	  0.784228	  0.786158	  0.787852	  0.789381	  0.790784	  0.792075	  0.793254	  0.794321	  0.795273	  0.796108	  0.796826	  0.797427	   0.79791	  0.798279	  0.798543	  0.798708	   0.79878	  0.798765	   0.79867	  0.798504	  0.798273	  0.797986	  0.797652
   427	     0	         0	         0	         0	         0	         0	         0	         0	         0	         0	         0	         0	         0	         0	         0	         0	         0	0.00152594	0.00306195	0.00472339	0.00654949	 0.0157315	 0.0303713	  0.051793	 0.0795057	   0.11095	   0.15315	  0.206923	  0.286202	   0.33816	  0.374211	  0.407192	  0.446194	  0.493358	  0.529576	  0.556724	  0.587474	   0.61924	  0.647188	  0.674948	  0.698665	  0.719851	  0.737557	  0.752402	  0.764943	  0.771112	  0.775605	  0.779028	   0.78174	  0.783972	  0.785871	  0.787535	  0.789034	  0.790406	  0.791662	  0.792804	  0.793831	  0.794741	  0.795532	  0.796203	  0.796755	  0.797187	  0.797505	  0.797716	  0.797827	  0.797843	  0.797771	  0.797619	  0.797394	  0.797105	  0.796759	  0.796364
   428	     0	         0	         0	         0	         0	         0	         0	         0	         0	         0	         0	         0	         0	         0	         0	         0	         0	0.00158325	0.00318286	0.00491659	0.00682396	 0.0163785	 0.0316034	 0.0538524	 0.0825944	  0.115148	  0.158691	  0.213988	   0.29534	  0.348361	  0.385345	  0.418903	  0.458531	  0.506536	  0.543662	  0.571688	  0.603644	  0.634642	  0.660707	  0.686129	  0.707576	  0.726634	  0.742446	  0.755668	  0.766849	  0.772444	  0.776581	  0.779783	   0.78236	  0.784513	  0.786367	  0.788007	  0.789493	  0.790857	  0.792108	  0.793243	  0.794263	  0.795164	  0.795944	  0.796603	  0.797142	  0.797561	  0.797865	  0.798062	   0.79816	  0.798164	  0.798081	  0.797919	  0.797685	  0.797388	  0.797035	  0.796636
   429	     0	         0	         0	         0	         0	         0	         0	         0	         0	         0	         0	         0	         0	         0	         0	         0	         0	0.00161947	0.00326226	0.00504745	0.00701469	 0.0168626	 0.0325667	 0.0555419	 0.0852501	  0.118932	  0.163974	  0.221188	  0.305462	  0.360372	  0.399066	  0.433878	  0.474871	  0.524575	  0.563427	  0.593085	  0.627086	  0.657003	  0.680286	  0.702415	  0.720659	  0.736731	  0.749933	  0.760919	  0.770204	  0.775117	  0.778839	   0.78178	  0.784188	  0.786225	  0.787997	  0.789574	  0.791008	  0.792325	  0.793532	  0.794626	  0.795605	  0.796466	  0.797206	  0.797827	  0.798328	   0.79871	   0.79898	  0.799146	  0.799216	  0.799198	  0.799097	  0.798925	  0.798688	  0.798395	  0.798056	  0.797679
   430	     0	         0	         0	         0	         0	         0	         0	         0	         0	         0	         0	         0	         0	         0	         0	         0	         0	0.00154036	0.00311492	0.00483527	0.00673868	 0.0162091	  0.031332	 0.0534583	 0.0820662	  0.114488	  0.157828	  0.212823	  0.293698	  0.346429	  0.383148	  0.416601	  0.456122	  0.504036	    0.5411	  0.569119	  0.601048	   0.63234	  0.658791	  0.684618	  0.706395	  0.725726	  0.741775	  0.755201	  0.766564	  0.772206	  0.776374	    0.7796	  0.782198	  0.784367	  0.786234	  0.787882	   0.78937	  0.790729	  0.791967	  0.793082	  0.794074	  0.794942	  0.795682	  0.796297	  0.796788	  0.797156	  0.797406	  0.797548	   0.79759	  0.797539	    0.7974	  0.797184	  0.796897	  0.796549	  0.796148	  0.795702
   431	     0	         0	         0	         0	         0	         0	         0	         0	         0	         0	         0	         0	         0	         0	         0	         0	         0	0.00158622	0.00316658	0.00486148	 0.0067111	 0.0160575	 0.0308937	 0.0525272	 0.0804196	  0.111962	  0.154204	  0.207918	  0.286972	  0.338451	  0.374061	  0.406477	  0.444858	  0.491297	  0.526804	  0.553252	  0.583196	  0.614779	  0.643013	  0.671327	  0.695671	  0.717512	  0.735844	  0.751248	  0.764264	  0.770688	  0.775352	  0.778888	  0.781673	  0.783953	  0.785882	  0.787567	  0.789081	  0.790466	  0.791735	  0.792889	  0.793928	  0.794849	  0.795652	  0.796336	  0.796901	  0.797347	  0.797679	  0.797904	  0.798031	  0.798065	  0.798012	  0.797881	  0.797678	  0.797413	  0.797094	  0.796728
   432	     0	         0	         0	         0	         0	         0	         0	         0	         0	         0	         0	         0	         0	         0	         0	         0	         0	0.00158325	0.00318286	0.00491659	0.00682396	 0.0163785	 0.0316034	 0.0538524	 0.0825944	  0.115148	  0.158691	  0.213988	   0.29534	  0.348361	  0.385345	  0.418903	  0.458531	  0.506536	  0.543662	  0.571688	  0.603644	  0.634642	  0.660707	  0.686129	  0.707576	  0.726634	  0.742446	  0.755668	  0.766849	  0.772444	  0.776581	  0.779783	   0.78236	  0.784513	  0.786367	  0.788007	  0.789493	  0.790857	  0.792108	  0.793243	  0.794263	  0.795164	  0.795944	  0.796603	  0.797142	  0.797561	  0.797865	  0.798062	   0.79816	  0.798164	  0.798081	  0.797919	  0.797685	  0.797388	  0.797035	  0.796636
   433	     0	         0	         0	         0	         0	         0	         0	         0	         0	         0	         0	         0	         0	         0	         0	         0	         0	0.00164242	0.00326568	0.00499547	0.00687338	 0.0163959	 0.0314629	 0.0533705	 0.0815434	  0.113323	  0.155822	  0.209815	  0.289174	  0.340709	  0.376346	   0.40864	  0.446909	   0.49322	  0.528546	  0.554781	  0.584492	  0.615695	  0.643552	  0.671518	  0.695633	  0.717337	  0.735592	  0.750958	   0.76396	  0.770423	  0.775119	  0.778674	   0.78147	  0.783752	  0.785678	  0.787357	  0.788864	  0.790243	  0.791507	  0.792657	  0.793693	  0.794612	  0.795412	  0.796094	  0.796657	  0.797102	  0.797434	   0.79766	  0.797789	  0.797826	  0.797779	  0.797657	  0.797467	  0.797218	  0.796919	  0.796579
   434	     0	         0	         0	         0	         0	         0	         0	         0	         0	         0	         0	         0	         0	         0	         0	         0	         0	0.00155246	0.00312446	 0.0048311	0.00671095	 0.0161056	 0.0310775	 0.0529489	 0.0811861	   0.11314	  0.155852	  0.210049	  0.289681	   0.34154	  0.377441	  0.410136	  0.448804	  0.495638	  0.531566	  0.558452	   0.58897	  0.620373	  0.647923	  0.675306	  0.698729	  0.719702	  0.737269	   0.75204	  0.764561	  0.770788	  0.775359	  0.778867	  0.781665	  0.783981	   0.78596	  0.787699	  0.789265	  0.790697	  0.792006	  0.793193	  0.794258	  0.795201	   0.79602	  0.796718	  0.797295	  0.797753	  0.798099	  0.798341	  0.798487	  0.798544	  0.798518	  0.798419	  0.798255	  0.798033	  0.797762	   0.79745
   435	     0	         0	         0	         0	         0	         0	         0	         0	         0	         0	         0	         0	         0	         0	         0	         0	         0	0.00161787	0.00322867	0.00495633	 0.0068425	 0.0163829	 0.0315383	 0.0536554	  0.082199	  0.114515	  0.157816	  0.212929	   0.29413	  0.347114	  0.384111	  0.417646	  0.457276	  0.505238	  0.542246	  0.570106	   0.60179	  0.632741	   0.65895	  0.684625	  0.706351	  0.725703	  0.741813	  0.755306	  0.766722	  0.772444	   0.77666	  0.779905	    0.7825	  0.784653	  0.786497	  0.788121	   0.78959	  0.790939	  0.792178	  0.793305	   0.79432	  0.795218	  0.795998	  0.796659	    0.7972	  0.797623	  0.797932	  0.798135	   0.79824	  0.798253	   0.79818	  0.798031	  0.797813	  0.797536	  0.797206	  0.796835
   436	     0	         0	         0	         0	         0	         0	         0	         0	         0	         0	         0	         0	         0	         0	         0	         0	         0	0.00158035	0.00316376	 0.0048699	0.00673888	 0.0161362	 0.0310762	 0.0528684	 0.0809664	   0.11273	  0.155206	  0.209141	  0.288405	   0.33999	    0.3757	  0.408184	  0.446619	  0.493132	  0.528732	  0.555302	  0.585411	  0.616882	  0.644825	   0.67276	   0.69678	  0.718351	  0.736467	  0.751719	  0.764645	  0.771093	   0.77582	  0.779436	  0.782312	  0.784685	  0.786706	   0.78848	  0.790077	  0.791538	  0.792877	  0.794095	  0.795195	  0.796176	  0.797037	   0.79778	  0.798405	  0.798914	  0.799313	   0.79961	  0.799812	  0.799926	  0.799959	  0.799918	  0.799811	  0.799647	  0.799433	  0.799177
   437	     0	         0	         0	         0	         0	         0	         0	         0	         0	         0	         0	         0	         0	         0	         0	         0	         0	0.00156485	0.00315484	0.00488963	0.00681054	 0.0164086	 0.0317719	  0.054299	 0.0834735	  0.116571	  0.160818	  0.216946	  0.299438	  0.353125	  0.390554	  0.424301	  0.464012	  0.512063	  0.549125	  0.576914	  0.608612	  0.638606	  0.663552	  0.687985	  0.708685	  0.727228	  0.742723	  0.755781	  0.766907	  0.772753	  0.777161	  0.780622	  0.783439	   0.78581	  0.787864	  0.789687	   0.79134	  0.792859	  0.794256	  0.795537	  0.796703	  0.797755	  0.798696	  0.799526	  0.800248	  0.800862	  0.801374	  0.801791	  0.802119	  0.802363	  0.802528	   0.80262	  0.802646	   0.80261	  0.802521	  0.802383
   438	     0	         0	         0	         0	         0	         0	         0	         0	         0	         0	         0	         0	         0	         0	         0	         0	         0	0.00178342	0.00352469	0.00536513	0.00735146	 0.0175189	  0.033574	 0.0569043	 0.0868896	  0.120702	  0.165876	  0.223254	  0.307489	  0.362003	  0.400345	  0.434275	  0.474286	   0.52272	   0.56016	  0.588234	  0.620302	  0.649295	  0.672679	  0.695442	  0.714624	  0.731803	  0.746122	   0.75815	  0.768354	  0.773832	  0.777946	  0.781147	   0.78372	  0.785858	  0.787689	  0.789301	  0.790759	  0.792099	  0.793333	  0.794461	  0.795482	  0.796394	  0.797194	  0.797882	  0.798456	  0.798917	  0.799269	  0.799519	  0.799674	   0.79974	  0.799723	  0.799631	  0.799473	  0.799255	  0.798988	  0.798679
   439	     0	         0	         0	         0	         0	         0	         0	         0	         0	         0	         0	         0	         0	         0	         0	         0	         0	 0.0016356	0.00326079	0.00500053	0.00689652	 0.0164783	 0.0316727	 0.0538004	 0.0822985	  0.114489	  0.157546	  0.212263	  0.292732	  0.345081	  0.381461	  0.414381	  0.453315	  0.500417	  0.536517	  0.563479	   0.59407	  0.624963	  0.651804	  0.678455	  0.701248	  0.721691	   0.73883	  0.753247	  0.765464	  0.771591	  0.776084	  0.779519	  0.782245	  0.784489	  0.786398	  0.788073	  0.789581	  0.790964	  0.792233	  0.793388	  0.794428	  0.795353	  0.796158	  0.796845	  0.797413	  0.797862	  0.798198	  0.798429	  0.798562	  0.798604	  0.798561	  0.798442	  0.798254	  0.798007	  0.797708	  0.797368
   440	     0	         0	         0	         0	         0	         0	         0	         0	         0	         0	         0	         0	         0	         0	         0	         0	         0	0.00153847	0.00310784	0.00482454	0.00672882	 0.0162261	 0.0314405	 0.0537649	 0.0826973	  0.115545	  0.159489	   0.21527	  0.297321	  0.350789	  0.387994	  0.421632	   0.46123	  0.509139	   0.54602	  0.573625	  0.605048	  0.635208	  0.660551	  0.685486	   0.70664	  0.725595	  0.741465	  0.754847	  0.766243	  0.772165	  0.776598	  0.780055	  0.782847	  0.785183	  0.787193	  0.788969	  0.790572	   0.79204	  0.793386	  0.794612	  0.795721	  0.796715	  0.797593	  0.798357	   0.79901	  0.799551	  0.799987	  0.800326	  0.800573	  0.800735	  0.800816	  0.800824	  0.800765	  0.800647	  0.800475	  0.800258
   441	     0	         0	         0	         0	         0	         0	         0	         0	         0	         0	         0	         0	         0	         0	         0	         0	         0	0.00155273	0.00311681	0.00481155	0.00667803	 0.0160501	 0.0310129	 0.0529219	 0.0812742	  0.113439	  0.156535	  0.211343	  0.292027	  0.344722	   0.38136	  0.414635	  0.453869	  0.501272	   0.53764	  0.564793	  0.595582	  0.626377	  0.652989	  0.679383	  0.701925	  0.722148	  0.739116	  0.753425	  0.765594	  0.771798	  0.776405	  0.779974	  0.782844	  0.785238	  0.787296	  0.789114	  0.790759	  0.792268	  0.793656	  0.794924	  0.796076	   0.79711	  0.798027	  0.798827	  0.799513	  0.800085	  0.800548	   0.80091	  0.801176	  0.801353	  0.801445	  0.801459	  0.801403	  0.801282	  0.801104	  0.800876
   442	     0	         0	         0	         0	         0	         0	         0	         0	         0	         0	         0	         0	         0	         0	         0	         0	         0	0.00155785	0.00312578	0.00482354	0.00669222	 0.0160782	 0.0310564	 0.0529775	 0.0813292	  0.113473	  0.156521	  0.211251	  0.291801	  0.344367	   0.38091	   0.41408	  0.453207	  0.500497	  0.536794	  0.563923	  0.594697	  0.625632	  0.652443	  0.679057	  0.701799	  0.722196	  0.739305	  0.753721	  0.765967	  0.772184	   0.77679	  0.780349	  0.783205	  0.785582	  0.787623	  0.789426	  0.791056	  0.792554	  0.793932	  0.795194	  0.796342	  0.797375	  0.798293	  0.799097	  0.799788	  0.800366	  0.800837	  0.801207	  0.801483	  0.801672	  0.801777	  0.801806	  0.801766	  0.801663	  0.801506	    0.8013
   443	     0	         0	         0	         0	         0	         0	         0	         0	         0	         0	         0	         0	         0	         0	         0	         0	         0	0.00159409	0.00318293	0.00489146	0.00676238	 0.0162184	 0.0312769	  0.053288	 0.0817325	  0.113966	  0.157173	  0.212166	  0.293141	   0.34604	   0.38292	  0.416352	  0.455816	  0.503523	   0.54024	  0.567771	  0.599061	   0.62989	  0.656229	  0.682149	  0.704231	  0.723995	    0.7405	  0.754369	  0.766133	  0.772114	   0.77655	  0.779983	  0.782742	  0.785042	  0.787019	  0.788767	  0.790351	  0.791809	  0.793152	  0.794383	  0.795504	  0.796513	  0.797408	  0.798191	  0.798862	   0.79942	  0.799871	  0.800221	  0.800477	  0.800644	  0.800728	  0.800735	  0.800672	  0.800546	  0.800366	  0.800137
   444	     0	         0	         0	         0	         0	         0	         0	         0	         0	         0	         0	         0	         0	         0	         0	         0	         0	0.00158145	0.00318578	0.00493166	0.00685948	  0.016516	 0.0319449	 0.0545577	 0.0838495	  0.117121	  0.161722	  0.218559	  0.302426	  0.357396	  0.396093	  0.430997	  0.472039	  0.521609	   0.56003	  0.589067	  0.622121	  0.651704	  0.675253	  0.698008	  0.717041	  0.734012	  0.748148	  0.760034	  0.770143	  0.775565	  0.779666	  0.782884	  0.785493	   0.78768	  0.789566	  0.791233	  0.792742	  0.794127	  0.795397	  0.796555	  0.797601	  0.798533	  0.799349	   0.80005	  0.800636	  0.801108	  0.801469	  0.801727	  0.801888	  0.801959	  0.801944	  0.801851	  0.801688	  0.801462	  0.801182	  0.800854
   445	     0	         0	         0	         0	         0	         0	         0	         0	         0	         0	         0	         0	         0	         0	         0	         0	         0	0.00159023	 0.0031949	0.00493347	0.00684631	 0.0164446	 0.0317464	 0.0541296	 0.0830711	  0.115886	  0.159827	  0.215728	  0.298093	  0.351888	  0.389561	   0.42364	  0.463804	  0.512378	  0.549916	  0.578219	  0.610416	  0.640771	  0.665839	  0.690273	  0.710837	  0.729163	  0.744446	  0.757292	  0.768208	  0.773841	  0.778055	   0.78134	  0.783996	  0.786219	  0.788135	  0.789831	  0.791367	  0.792778	  0.794073	  0.795252	  0.796314	  0.797258	  0.798081	  0.798785	   0.79937	  0.799837	  0.800191	  0.800442	  0.800596	   0.80066	  0.800642	  0.800548	  0.800387	  0.800169	    0.7999	   0.79959
   446	     0	         0	         0	         0	         0	         0	         0	         0	         0	         0	         0	         0	         0	         0	         0	         0	         0	0.00166128	0.00330037	0.00504582	0.00694034	 0.0165643	  0.031799	  0.053965	 0.0824856	  0.114672	  0.157714	  0.212381	  0.292731	  0.344808	  0.380878	  0.413393	  0.451872	  0.498439	  0.533995	  0.560364	  0.590281	  0.620927	  0.647936	  0.674995	  0.698299	  0.719296	  0.736956	  0.751833	  0.764434	   0.77079	  0.775432	  0.778959	  0.781739	   0.78401	  0.785928	  0.787599	  0.789096	  0.790464	  0.791717	  0.792857	  0.793884	  0.794797	  0.795594	  0.796275	   0.79684	  0.797288	  0.797625	  0.797858	  0.797993	  0.798037	  0.797994	  0.797873	  0.797682	  0.797428	   0.79712	  0.796766
   447	     0	         0	         0	         0	         0	         0	         0	         0	         0	         0	         0	         0	         0	         0	         0	         0	         0	0.00163585	0.00326243	0.00500775	0.00691531	 0.0165724	 0.0319335	 0.0543741	 0.0833578	  0.116186	  0.160153	  0.216072	  0.298388	  0.351996	  0.389468	  0.423184	   0.46291	  0.510917	   0.54787	  0.575494	   0.60691	  0.636885	  0.662022	  0.686739	  0.707734	  0.726558	  0.742312	  0.755583	   0.76687	  0.772763	  0.777172	  0.780604	  0.783374	  0.785688	  0.787682	  0.789446	  0.791044	  0.792514	  0.793868	  0.795109	  0.796238	  0.797254	  0.798156	  0.798945	   0.79962	  0.800183	  0.800637	  0.800989	  0.801245	  0.801411	   0.80149	   0.80149	  0.801417	  0.801277	  0.801079	  0.800828
   448	     0	         0	         0	         0	         0	         0	         0	         0	         0	         0	         0	         0	         0	         0	         0	         0	         0	0.00156625	0.00314481	0.00485484	 0.0067371	 0.0161817	 0.0312473	  0.053288	  0.081793	  0.114116	  0.157426	  0.212558	   0.29376	  0.346882	  0.383893	  0.417467	  0.457055	  0.504861	  0.541539	  0.568951	   0.60002	  0.630528	  0.656578	  0.682336	  0.704302	   0.72402	  0.740568	  0.754525	  0.766391	  0.772465	  0.776967	   0.78044	  0.783219	  0.785521	   0.78749	  0.789221	   0.79078	  0.792208	  0.793516	  0.794708	  0.795784	  0.796743	  0.797584	  0.798308	  0.798915	  0.799405	  0.799784	  0.800059	  0.800235	   0.80032	  0.800317	  0.800236	  0.800081	  0.799863	  0.799588	  0.799263
   449	     0	         0	         0	         0	         0	         0	         0	         0	         0	         0	         0	         0	         0	         0	         0	         0	         0	0.00151362	0.00305178	0.00472739	0.00657908	 0.0158354	 0.0306296	 0.0523092	 0.0803874	  0.112272	  0.155024	  0.209456	  0.289687	  0.342241	  0.378784	  0.412133	  0.451492	  0.499079	  0.535677	  0.563145	  0.594283	  0.625605	  0.652688	  0.679481	  0.702272	  0.722629	  0.739655	  0.753961	  0.766084	  0.772137	  0.776589	  0.780009	   0.78274	  0.785002	  0.786935	  0.788635	  0.790167	  0.791568	   0.79285	  0.794014	   0.79506	  0.795987	  0.796793	   0.79748	  0.798047	  0.798496	  0.798831	   0.79906	   0.79919	  0.799228	  0.799177	  0.799048	  0.798847	  0.798581	   0.79826	  0.797891
   450	     0	         0	         0	         0	         0	         0	         0	         0	         0	         0	         0	         0	         0	         0	         0	         0	         0	  0.001656	0.00330877	0.00508489	0.00702656	 0.0168249	 0.0323916	 0.0550964	 0.0843704	  0.117462	  0.161688	   0.21783	  0.300336	  0.353869	  0.391215	  0.424708	  0.464217	  0.512029	  0.548799	  0.576263	  0.607541	  0.637306	   0.66225	  0.686815	  0.707738	  0.726547	  0.742311	  0.755605	  0.766914	  0.772847	  0.777283	  0.780727	  0.783496	    0.7858	  0.787773	  0.789511	  0.791079	  0.792514	  0.793831	  0.795032	  0.796118	  0.797089	  0.797945	  0.798685	  0.799311	  0.799824	  0.800228	  0.800531	   0.80074	  0.800861	  0.800899	  0.800862	  0.800757	  0.800591	  0.800374	  0.800112
   451	     0	         0	         0	         0	         0	         0	         0	         0	         0	         0	         0	         0	         0	         0	         0	         0	         0	0.00156233	0.00312816	0.00481834	0.00667432	 0.0160199	 0.0309185	 0.0527096	  0.080883	   0.11282	  0.155623	  0.210084	  0.290271	  0.342635	  0.379007	  0.412066	  0.451094	  0.498265	  0.534439	  0.561456	  0.592083	  0.623141	  0.650216	  0.677123	  0.700156	   0.72082	  0.738148	  0.752737	  0.765116	  0.771359	  0.775961	  0.779498	  0.782322	  0.784659	  0.786656	   0.78841	  0.789992	  0.791439	  0.792766	  0.793976	  0.795071	  0.796049	  0.796912	  0.797659	  0.798291	   0.79881	  0.799218	  0.799526	  0.799737	   0.79986	  0.799897	  0.799858	  0.799749	  0.799576	  0.799349	  0.799073
   452	     0	         0	         0	         0	         0	         0	         0	         0	         0	         0	         0	         0	         0	         0	         0	         0	         0	0.00160624	0.00321596	0.00494858	0.00684345	 0.0163887	 0.0315501	 0.0536623	 0.0821806	   0.11444	  0.157619	  0.212507	  0.293307	  0.345929	   0.38253	  0.415747	   0.45507	  0.502748	  0.539527	  0.567203	  0.598732	  0.629844	  0.656395	   0.68245	  0.704569	  0.724285	  0.740678	  0.754383	  0.765951	  0.771696	  0.775897	  0.779105	  0.781651	  0.783748	   0.78553	  0.787089	   0.78849	  0.789769	  0.790937	  0.791992	  0.792932	  0.793756	  0.794461	  0.795046	  0.795512	  0.795859	  0.796092	  0.796219	  0.796248	  0.796185	  0.796037	  0.795814	  0.795523	  0.795172	  0.794773	  0.794332
   453	     0	         0	         0	         0	         0	         0	         0	         0	         0	         0	         0	         0	         0	         0	         0	         0	         0	0.00155246	0.00312446	 0.0048311	0.00671095	 0.0161056	 0.0310775	 0.0529489	 0.0811861	   0.11314	  0.155852	  0.210049	  0.289681	   0.34154	  0.377441	  0.410136	  0.448804	  0.495638	  0.531566	  0.558452	   0.58897	  0.620373	  0.647923	  0.675306	  0.698729	  0.719702	  0.737269	   0.75204	  0.764561	  0.770788	  0.775359	  0.778867	  0.781665	  0.783981	   0.78596	  0.787699	  0.789265	  0.790697	  0.792006	  0.793193	  0.794258	  0.795201	   0.79602	  0.796718	  0.797295	  0.797753	  0.798099	  0.798341	  0.798487	  0.798544	  0.798518	  0.798419	  0.798255	  0.798033	  0.797762	   0.79745
   454	     0	         0	         0	         0	         0	         0	         0	         0	         0	         0	         0	         0	         0	         0	         0	         0	         0	0.00159409	0.00318293	0.00489146	0.00676238	 0.0162184	 0.0312769	  0.053288	 0.0817325	  0.113966	  0.157173	  0.212166	  0.293141	   0.34604	   0.38292	  0.416352	  0.455816	  0.503523	   0.54024	  0.567771	  0.599061	   0.62989	  0.656229	  0.682149	  0.704231	  0.723995	    0.7405	  0.754369	  0.766133	  0.772114	   0.77655	  0.779983	  0.782742	  0.785042	  0.787019	  0.788767	  0.790351	  0.791809	  0.793152	  0.794383	  0.795504	  0.796513	  0.797408	  0.798191	  0.798862	   0.79942	  0.799871	  0.800221	  0.800477	  0.800644	  0.800728	  0.800735	  0.800672	  0.800546	  0.800366	  0.800137
   455	     0	         0	         0	         0	         0	         0	         0	         0	         0	         0	         0	         0	         0	         0	         0	         0	         0	 0.0014625	0.00295184	0.00457917	0.00638321	 0.0153947	 0.0298352	 0.0510365	 0.0785416	  0.109819	  0.151816	  0.205343	  0.284231	  0.336109	  0.372043	  0.405003	  0.443922	  0.490947	  0.527011	  0.554016	  0.584575	  0.616462	  0.644703	  0.672837	  0.696946	  0.718528	  0.736604	   0.75179	  0.764642	  0.771005	  0.775663	  0.779227	  0.782065	  0.784413	  0.786418	  0.788183	  0.789775	  0.791235	  0.792577	  0.793803	  0.794915	  0.795913	  0.796795	  0.797563	  0.798217	  0.798757	  0.799188	  0.799517	  0.799751	  0.799894	  0.799953	  0.799934	  0.799845	  0.799691	  0.799481	  0.799222
   456	     0	         0	         0	         0	         0	         0	         0	         0	         0	         0	         0	         0	         0	         0	         0	         0	         0	0.00153285	0.00308327	0.00476867	0.00662956	 0.0159539	 0.0308598	 0.0527033	 0.0809887	  0.113092	  0.156115	  0.210855	  0.291463	   0.34418	  0.380809	  0.414096	  0.453343	  0.500763	  0.537133	  0.564301	  0.595103	   0.62596	  0.652653	  0.679148	  0.701786	  0.722102	  0.739155	  0.753534	  0.765753	  0.771968	   0.77657	  0.780123	   0.78297	  0.785335	  0.787361	  0.789148	  0.790761	  0.792241	  0.793601	  0.794844	  0.795973	  0.796987	  0.797885	  0.798669	   0.79934	  0.799898	  0.800347	  0.800697	  0.800953	   0.80112	  0.801204	  0.801213	  0.801152	   0.80103	  0.800853	   0.80063
   457	     0	         0	         0	         0	         0	         0	         0	         0	         0	         0	         0	         0	         0	         0	         0	         0	         0	0.00162504	0.00325885	0.00502506	0.00696536	 0.0167106	  0.032232	 0.0549076	 0.0841823	  0.117308	  0.161561	  0.217698	  0.300172	  0.353709	  0.391048	  0.424599	  0.464137	  0.511976	  0.548778	  0.576287	  0.607612	  0.637432	  0.662387	  0.686947	  0.707826	  0.726579	  0.742305	  0.755582	    0.7669	  0.772847	  0.777315	  0.780804	  0.783626	  0.785986	  0.788019	  0.789815	  0.791439	  0.792928	  0.794294	   0.79554	  0.796669	  0.797679	  0.798572	   0.79935	  0.800012	  0.800562	  0.801003	  0.801346	  0.801595	  0.801758	   0.80184	  0.801848	   0.80179	  0.801672	  0.801504	  0.801291
   458	     0	         0	         0	         0	         0	         0	         0	         0	         0	         0	         0	         0	         0	         0	         0	         0	         0	0.00165909	  0.003295	0.00503593	0.00692447	 0.0165345	 0.0317475	  0.053893	 0.0824062	  0.114616	  0.157744	  0.212603	  0.293355	  0.345844	  0.382346	  0.415322	  0.454361	  0.501637	  0.537952	  0.565113	   0.59599	  0.626859	  0.653522	  0.679913	  0.702432	  0.722588	  0.739425	   0.75354	  0.765461	  0.771405	  0.775733	  0.779018	  0.781605	  0.783719	  0.785504	  0.787058	  0.788451	  0.789724	  0.790889	  0.791946	  0.792894	  0.793729	   0.79445	  0.795054	  0.795542	  0.795913	   0.79617	  0.796323	  0.796377	  0.796339	  0.796215	  0.796014	  0.795744	  0.795412	  0.795029	  0.794603
   459	     0	         0	         0	         0	         0	         0	         0	         0	         0	         0	         0	         0	         0	         0	         0	         0	         0	0.00159409	0.00318293	0.00489146	0.00676238	 0.0162184	 0.0312769	  0.053288	 0.0817325	  0.113966	  0.157173	  0.212166	  0.293141	   0.34604	   0.38292	  0.416352	  0.455816	  0.503523	   0.54024	  0.567771	  0.599061	   0.62989	  0.656229	  0.682149	  0.704231	  0.723995	    0.7405	  0.754369	  0.766133	  0.772114	   0.77655	  0.779983	  0.782742	  0.785042	  0.787019	  0.788767	  0.790351	  0.791809	  0.793152	  0.794383	  0.795504	  0.796513	  0.797408	  0.798191	  0.798862	   0.79942	  0.799871	  0.800221	  0.800477	  0.800644	  0.800728	  0.800735	  0.800672	  0.800546	  0.800366	  0.800137
   460	     0	         0	         0	         0	         0	         0	         0	         0	         0	         0	         0	         0	         0	         0	         0	         0	         0	0.00149996	0.00303063	0.00470621	 0.0065667	 0.0158425	  0.030718	 0.0525664	 0.0809126	  0.113135	  0.156299	  0.211144	  0.291859	  0.344671	  0.381439	   0.41496	  0.454448	  0.502203	  0.539044	  0.566763	  0.598287	  0.629497	  0.656136	  0.682302	  0.704465	  0.724214	  0.740685	  0.754524	  0.766281	  0.772224	  0.776661	  0.780128	  0.782947	  0.785324	  0.787388	  0.789227	  0.790901	  0.792443	  0.793865	   0.79517	  0.796359	  0.797433	  0.798391	  0.799237	   0.79997	  0.800594	  0.801111	  0.801532	  0.801861	  0.802104	  0.802266	  0.802353	  0.802371	  0.802327	  0.802228	  0.802079
   461	     0	         0	         0	         0	         0	         0	         0	         0	         0	         0	         0	         0	         0	         0	         0	         0	         0	0.00160407	0.00320684	0.00492791	0.00680673	  0.016273	 0.0312875	 0.0531548	 0.0813171	  0.113126	  0.155664	  0.209684	   0.28911	  0.340702	  0.376352	  0.408734	  0.447095	  0.493559	  0.529075	  0.555509	  0.585475	  0.616742	  0.644516	  0.672326	  0.696235	   0.71771	  0.735741	  0.750904	  0.763732	  0.770091	  0.774712	  0.778215	  0.780971	  0.783221	  0.785118	  0.786766	  0.788239	  0.789577	  0.790794	  0.791889	  0.792864	  0.793716	  0.794444	   0.79505	  0.795532	  0.795894	  0.796139	  0.796277	  0.796316	  0.796262	  0.796123	  0.795907	  0.795623	  0.795279	  0.794885	   0.79445
   462	     0	         0	         0	         0	         0	         0	         0	         0	         0	         0	         0	         0	         0	         0	         0	         0	         0	0.00154857	0.00312435	0.00484103	0.00673674	 0.0161845	 0.0312573	 0.0532915	 0.0817553	  0.113985	  0.157054	    0.2117	  0.292009	  0.344346	  0.380737	  0.413885	  0.453056	  0.500515	  0.537108	  0.564685	  0.596045	  0.627426	  0.654357	  0.680839	  0.703303	  0.723323	   0.74002	  0.754035	   0.76592	  0.771836	  0.776206	  0.779586	  0.782302	  0.784566	  0.786511	  0.788225	  0.789771	  0.791182	  0.792468	   0.79363	  0.794668	   0.79558	  0.796366	  0.797028	  0.797567	  0.797986	   0.79829	   0.79849	  0.798593	  0.798606	  0.798537	  0.798394	  0.798185	  0.797919	  0.797604	  0.797249
   463	     0	         0	         0	         0	         0	         0	         0	         0	         0	         0	         0	         0	         0	         0	         0	         0	         0	0.00149944	0.00302814	0.00469832	0.00654869	 0.0157856	  0.030573	 0.0522703	  0.080402	  0.112375	  0.155252	  0.209846	  0.290334	  0.343096	  0.379787	  0.413255	  0.452713	  0.500401	  0.537066	  0.564562	  0.595725	  0.626909	  0.653788	  0.680389	  0.702986	  0.723169	  0.740066	  0.754276	  0.766329	  0.772377	  0.776839	  0.780275	  0.783027	  0.785312	  0.787272	  0.789001	  0.790565	     0.792	  0.793318	  0.794521	  0.795607	  0.796577	  0.797428	  0.798162	  0.798777	  0.799276	  0.799662	  0.799943	  0.800127	  0.800219	  0.800225	  0.800151	  0.800007	  0.799798	  0.799533	   0.79922
   464	     0	         0	         0	         0	         0	         0	         0	         0	         0	         0	         0	         0	         0	         0	         0	         0	         0	0.00150963	0.00305596	0.00475272	0.00663944	 0.0160171	 0.0310523	 0.0531152	 0.0817062	  0.114157	  0.157543	  0.212575	  0.293417	  0.346108	  0.382631	  0.415786	  0.454848	  0.502099	  0.538343	  0.565401	  0.596145	  0.626785	  0.653191	  0.679384	  0.701761	   0.72186	  0.738737	  0.752986	  0.765124	  0.771341	  0.775969	  0.779563	  0.782458	  0.784873	  0.786948	  0.788777	  0.790425	   0.79193	  0.793307	   0.79456	  0.795692	  0.796704	  0.797599	  0.798379	  0.799045	  0.799599	  0.800047	  0.800396	  0.800653	  0.800823	  0.800911	  0.800924	  0.800868	  0.800751	  0.800578	  0.800356
   465	     0	         0	         0	         0	         0	         0	         0	         0	         0	         0	         0	         0	         0	         0	         0	         0	         0	0.00157794	0.00317271	0.00490555	0.00681809	 0.0164064	 0.0317327	  0.054189	 0.0832573	  0.116225	  0.160317	  0.216258	  0.298512	  0.352025	  0.389342	  0.423003	  0.462628	  0.510574	  0.547564	  0.575287	  0.606901	  0.637051	  0.662256	  0.686952	  0.707859	  0.726555	  0.742158	  0.755287	   0.76646	   0.77228	  0.776653	  0.780081	  0.782868	  0.785215	  0.787249	  0.789057	  0.790699	  0.792211	  0.793604	  0.794883	  0.796049	  0.797104	  0.798047	   0.79888	  0.799605	  0.800223	  0.800738	  0.801157	  0.801486	  0.801731	  0.801895	  0.801985	  0.802006	  0.801965	  0.801867	  0.801718
   466	     0	         0	         0	         0	         0	         0	         0	         0	         0	         0	         0	         0	         0	         0	         0	         0	         0	0.00151566	0.00305099	 0.0047192	0.00655898	 0.0157766	 0.0304971	 0.0520631	 0.0799953	  0.111725	   0.15431	  0.208582	  0.288651	  0.341191	  0.377771	  0.411229	  0.450739	  0.498514	  0.535332	  0.563054	  0.594489	   0.62611	  0.653382	  0.680251	  0.703014	  0.723259	  0.740128	  0.754253	  0.766189	  0.772063	  0.776363	  0.779657	  0.782284	   0.78446	  0.786323	  0.787963	  0.789445	  0.790805	   0.79205	  0.793181	  0.794196	  0.795092	  0.795867	   0.79652	   0.79705	  0.797459	   0.79775	  0.797932	  0.798012	  0.797996	  0.797889	    0.7977	  0.797437	  0.797108	   0.79672	  0.796284
   467	     0	         0	         0	         0	         0	         0	         0	         0	         0	         0	         0	         0	         0	         0	         0	         0	         0	0.00163524	 0.0032581	0.00499355	0.00688323	 0.0164493	 0.0316181	 0.0537158	 0.0821861	  0.114361	  0.157417	  0.212124	  0.292603	  0.344931	  0.381334	  0.414322	  0.453364	  0.500658	   0.53707	  0.564396	  0.595486	  0.626653	  0.653547	  0.680066	  0.702649	   0.72281	  0.739609	  0.753677	  0.765564	  0.771471	  0.775796	  0.779105	  0.781738	  0.783912	  0.785766	  0.787394	  0.788862	  0.790207	   0.79144	  0.792561	  0.793568	   0.79446	  0.795233	  0.795887	  0.796423	   0.79684	  0.797144	  0.797343	  0.797444	  0.797453	  0.797377	  0.797223	     0.797	  0.796716	   0.79638	  0.795999
   468	     0	         0	         0	         0	         0	         0	         0	         0	         0	         0	         0	         0	         0	         0	         0	         0	         0	0.00156699	0.00313493	0.00482302	0.00667152	 0.0159738	  0.030766	 0.0523481	 0.0801901	  0.111685	  0.153846	  0.207428	  0.286211	   0.33756	  0.373036	   0.40537	   0.44364	  0.489932	  0.525303	  0.551642	  0.581464	  0.613079	  0.641414	  0.669828	  0.694314	  0.716311	  0.734772	  0.750293	  0.763419	  0.769907	  0.774626	  0.778209	  0.781038	  0.783357	  0.785323	  0.787039	   0.78858	  0.789985	   0.79127	  0.792435	  0.793483	  0.794411	   0.79522	  0.795909	  0.796479	   0.79693	  0.797268	  0.797499	  0.797633	  0.797673	  0.797626	    0.7975	  0.797302	   0.79704	  0.796722	  0.796357
   469	     0	         0	         0	         0	         0	         0	         0	         0	         0	         0	         0	         0	         0	         0	         0	         0	         0	0.00162802	0.00326637	0.00503525	0.00697435	 0.0167138	 0.0321974	  0.054793	 0.0839489	  0.116944	  0.161066	  0.217115	  0.299613	   0.35332	   0.39092	  0.424876	  0.464964	  0.513545	  0.551194	  0.579668	  0.612166	   0.64261	  0.667577	  0.691763	  0.712038	  0.730033	  0.744951	  0.757429	  0.767993	  0.773379	   0.77739	  0.780508	  0.783026	  0.785133	  0.786948	  0.788556	  0.790013	  0.791351	  0.792576	  0.793688	  0.794682	  0.795555	  0.796306	  0.796934	   0.79744	  0.797823	  0.798091	  0.798252	  0.798314	  0.798284	  0.798169	  0.797979	  0.797723	  0.797409	  0.797046	  0.796644
   470	     0	         0	         0	         0	         0	         0	         0	         0	         0	         0	         0	         0	         0	         0	         0	         0	         0	0.00159166	0.00319043	0.00491688	0.00681161	 0.0163291	 0.0314791	 0.0536034	 0.0821567	  0.114459	  0.157626	  0.212369	    0.2928	   0.34503	  0.381295	  0.414166	  0.452993	  0.500001	  0.536097	  0.563076	  0.593725	  0.624697	  0.651607	  0.678309	  0.701119	  0.721557	  0.738688	  0.753116	  0.765374	  0.771576	  0.776171	  0.779727	  0.782585	  0.784968	  0.787017	  0.788827	  0.790464	  0.791967	  0.793347	  0.794606	  0.795746	  0.796767	  0.797668	  0.798451	  0.799117	  0.799669	  0.800111	  0.800452	    0.8007	  0.800861	   0.80094	  0.800945	  0.800883	  0.800761	  0.800588	   0.80037
   471	     0	         0	         0	         0	         0	         0	         0	         0	         0	         0	         0	         0	         0	         0	         0	         0	         0	0.00155335	0.00312763	0.00484074	0.00673307	 0.0162076	 0.0313544	 0.0535525	 0.0822954	   0.11491	  0.158566	  0.214011	  0.295606	   0.34879	  0.385815	  0.419348	  0.458869	  0.506693	  0.543546	  0.571171	  0.602617	  0.633139	  0.658955	  0.684334	   0.70586	  0.725105	  0.741176	  0.754691	  0.766173	  0.772058	  0.776444	  0.779852	  0.782602	  0.784901	  0.786881	  0.788632	  0.790217	  0.791672	   0.79301	  0.794231	  0.795339	  0.796332	   0.79721	  0.797975	  0.798628	  0.799168	  0.799603	  0.799938	   0.80018	  0.800335	  0.800408	  0.800405	  0.800334	    0.8002	  0.800012	  0.799775
   472	     0	         0	         0	         0	         0	         0	         0	         0	         0	         0	         0	         0	         0	         0	         0	         0	         0	0.00166408	0.00330932	0.00506473	 0.0069734	 0.0166524	 0.0319902	 0.0543217	 0.0830748	  0.115547	  0.158966	  0.214099	  0.295132	  0.347741	  0.384415	  0.417517	  0.456654	  0.504035	  0.540501	  0.567832	  0.598927	  0.629706	  0.656065	  0.682035	  0.704152	  0.723936	   0.74046	  0.754341	  0.766111	  0.772069	  0.776479	  0.779887	  0.782622	    0.7849	  0.786857	  0.788585	  0.790152	  0.791592	  0.792917	  0.794128	  0.795224	  0.796203	  0.797064	  0.797807	  0.798432	  0.798941	  0.799338	  0.799633	  0.799832	  0.799941	  0.799967	  0.799918	  0.799801	  0.799625	  0.799398	  0.799128
   473	     0	         0	         0	         0	         0	         0	         0	         0	         0	         0	         0	         0	         0	         0	         0	         0	         0	0.00154632	0.00311766	0.00483093	0.00672647	 0.0162035	 0.0313663	 0.0536033	 0.0824171	  0.115142	  0.158971	  0.214696	  0.296784	  0.350393	  0.387838	  0.421766	   0.46172	  0.510049	  0.547383	  0.575487	   0.60747	  0.637903	   0.66322	  0.687958	  0.708814	  0.727413	  0.742925	   0.75597	  0.767062	  0.772775	  0.777049	  0.780381	  0.783076	  0.785331	  0.787273	  0.788989	  0.790539	  0.791957	  0.793254	  0.794433	  0.795493	  0.796435	  0.797259	  0.797965	  0.798556	  0.799032	  0.799399	  0.799666	  0.799839	  0.799925	   0.79993	  0.799861	  0.799726	  0.799531	  0.799286	  0.798998
   474	     0	         0	         0	         0	         0	         0	         0	         0	         0	         0	         0	         0	         0	         0	         0	         0	         0	0.00161382	0.00321251	0.00491947	0.00677584	 0.0161671	 0.0310415	 0.0526788	 0.0805175	  0.111933	  0.153956	  0.207338	  0.285786	  0.336776	  0.371959	  0.403967	  0.441912	  0.487832	  0.522859	  0.548897	  0.578372	   0.61008	  0.638765	  0.667644	  0.692598	  0.715035	   0.73388	  0.749712	  0.763079	  0.769644	  0.774387	  0.777963	  0.780767	  0.783049	  0.784972	  0.786645	  0.788143	  0.789509	  0.790757	   0.79189	  0.792906	  0.793804	  0.794583	  0.795242	  0.795781	    0.7962	  0.796505	  0.796703	  0.796802	  0.796807	  0.796725	  0.796564	  0.796332	  0.796038	   0.79569	  0.795296
   475	     0	         0	         0	         0	         0	         0	         0	         0	         0	         0	         0	         0	         0	         0	         0	         0	         0	 0.0014959	 0.0030216	0.00468823	0.00653383	 0.0157352	 0.0304569	 0.0520375	 0.0799952	  0.111745	  0.154296	  0.208415	  0.288109	  0.340365	  0.376741	  0.410092	  0.449499	  0.497222	  0.534157	  0.562149	  0.594007	  0.626143	  0.653792	  0.680842	  0.703703	  0.723949	  0.740715	  0.754694	  0.766481	  0.772216	  0.776427	  0.779676	  0.782293	  0.784484	  0.786378	   0.78806	  0.789589	  0.790997	  0.792292	  0.793474	   0.79454	  0.795489	   0.79632	  0.797031	  0.797624	  0.798099	  0.798461	  0.798718	  0.798877	  0.798945	  0.798926	  0.798829	  0.798661	   0.79843	  0.798143	  0.797808
   476	     0	         0	         0	         0	         0	         0	         0	         0	         0	         0	         0	         0	         0	         0	         0	         0	         0	0.00162094	0.00323882	0.00497979	0.00688696	 0.0165163	 0.0318488	 0.0542605	 0.0832247	  0.116052	  0.160042	   0.21605	  0.298569	  0.352485	  0.390262	  0.424324	  0.464445	  0.512901	  0.550258	  0.578299	  0.610173	  0.640205	  0.665095	  0.689443	  0.710037	  0.728465	  0.743868	  0.756836	  0.767863	  0.773616	  0.777924	  0.781278	  0.783983	  0.786242	  0.788187	  0.789906	  0.791464	  0.792895	  0.794213	  0.795419	  0.796514	  0.797495	  0.798362	  0.799114	  0.799751	  0.800274	  0.800687	  0.800997	  0.801211	  0.801334	  0.801371	  0.801329	  0.801216	  0.801039	  0.800806	  0.800524
   477	     0	         0	         0	         0	         0	         0	         0	         0	         0	         0	         0	         0	         0	         0	         0	         0	         0	0.00160005	0.00321881	0.00497527	 0.0069091	 0.0165754	 0.0319728	 0.0544507	 0.0834448	  0.116216	   0.15993	  0.215272	  0.296461	  0.349064	  0.385596	  0.418605	  0.457594	  0.504855	  0.541219	  0.568461	  0.599504	  0.630103	  0.656223	  0.681973	  0.703892	  0.723517	  0.739925	  0.753729	  0.765459	  0.771423	  0.775851	  0.779282	  0.782041	  0.784338	  0.786309	  0.788045	  0.789609	  0.791037	   0.79234	   0.79352	  0.794577	  0.795513	  0.796326	  0.797019	  0.797592	  0.798049	  0.798394	  0.798636	  0.798784	  0.798842	  0.798818	   0.79872	  0.798555	   0.79833	  0.798055	  0.797735
   478	     0	         0	         0	         0	         0	         0	         0	         0	         0	         0	         0	         0	         0	         0	         0	         0	         0	0.00159409	0.00318293	0.00489146	0.00676238	 0.0162184	 0.0312769	  0.053288	 0.0817325	  0.113966	  0.157173	  0.212166	  0.293141	   0.34604	   0.38292	  0.416352	  0.455816	  0.503523	   0.54024	  0.567771	  0.599061	   0.62989	  0.656229	  0.682149	  0.704231	  0.723995	    0.7405	  0.754369	  0.766133	  0.772114	   0.77655	  0.779983	  0.782742	  0.785042	  0.787019	  0.788767	  0.790351	  0.791809	  0.793152	  0.794383	  0.795504	  0.796513	  0.797408	  0.798191	  0.798862	   0.79942	  0.799871	  0.800221	  0.800477	  0.800644	  0.800728	  0.800735	  0.800672	  0.800546	  0.800366	  0.800137
   479	     0	         0	         0	         0	         0	         0	         0	         0	         0	         0	         0	         0	         0	         0	         0	         0	         0	0.00159409	0.00318293	0.00489146	0.00676238	 0.0162184	 0.0312769	  0.053288	 0.0817325	  0.113966	  0.157173	  0.212166	  0.293141	   0.34604	   0.38292	  0.416352	  0.455816	  0.503523	   0.54024	  0.567771	  0.599061	   0.62989	  0.656229	  0.682149	  0.704231	  0.723995	    0.7405	  0.754369	  0.766133	  0.772114	   0.77655	  0.779983	  0.782742	  0.785042	  0.787019	  0.788767	  0.790351	  0.791809	  0.793152	  0.794383	  0.795504	  0.796513	  0.797408	  0.798191	  0.798862	   0.79942	  0.799871	  0.800221	  0.800477	  0.800644	  0.800728	  0.800735	  0.800672	  0.800546	  0.800366	  0.800137
   480	     0	         0	         0	         0	         0	         0	         0	         0	         0	         0	         0	         0	         0	         0	         0	         0	         0	0.00153139	0.00308147	0.00476634	0.00662594	 0.0159326	 0.0308018	 0.0525777	 0.0807655	  0.112752	  0.155615	   0.21014	  0.290412	  0.342959	  0.379519	  0.412849	  0.452171	  0.499693	  0.536245	  0.563679	  0.594809	  0.626086	  0.653101	  0.679774	  0.702494	  0.722799	  0.739765	  0.754019	  0.766106	  0.772169	  0.776651	  0.780116	  0.782902	  0.785228	  0.787231	  0.789005	  0.790612	   0.79209	   0.79345	  0.794694	  0.795822	  0.796833	  0.797727	  0.798504	  0.799165	  0.799709	  0.800143	  0.800473	  0.800704	  0.800844	  0.800896	  0.800868	  0.800767	  0.800598	  0.800371	  0.800091
   481	     0	         0	         0	         0	         0	         0	         0	         0	         0	         0	         0	         0	         0	         0	         0	         0	         0	0.00159409	0.00318293	0.00489146	0.00676238	 0.0162184	 0.0312769	  0.053288	 0.0817325	  0.113966	  0.157173	  0.212166	  0.293141	   0.34604	   0.38292	  0.416352	  0.455816	  0.503523	   0.54024	  0.567771	  0.599061	   0.62989	  0.656229	  0.682149	  0.704231	  0.723995	    0.7405	  0.754369	  0.766133	  0.772114	   0.77655	  0.779983	  0.782742	  0.785042	  0.787019	  0.788767	  0.790351	  0.791809	  0.793152	  0.794383	  0.795504	  0.796513	  0.797408	  0.798191	  0.798862	   0.79942	  0.799871	  0.800221	  0.800477	  0.800644	  0.800728	  0.800735	  0.800672	  0.800546	  0.800366	  0.800137
   482	     0	         0	         0	         0	         0	         0	         0	         0	         0	         0	         0	         0	         0	         0	         0	         0	         0	0.00156646	0.00316287	0.00490775	0.00684164	 0.0164813	 0.0319072	 0.0545094	 0.0837501	  0.116873	  0.161067	  0.216994	  0.299046	  0.352207	  0.389071	  0.422249	  0.461333	  0.508686	  0.545055	  0.572152	  0.603051	  0.632938	  0.658269	   0.68333	  0.704719	  0.723966	   0.74012	  0.753765	  0.765397	  0.771484	  0.776042	  0.779592	  0.782457	  0.784848	  0.786902	  0.788712	  0.790344	  0.791836	  0.793203	  0.794449	   0.79558	  0.796596	  0.797499	  0.798292	  0.798977	  0.799555	  0.800031	  0.800413	  0.800707	  0.800918	  0.801052	  0.801114	   0.80111	  0.801048	  0.800932	  0.800771
   483	     0	         0	         0	         0	         0	         0	         0	         0	         0	         0	         0	         0	         0	         0	         0	         0	         0	0.00160506	0.00320419	0.00492203	0.00680093	 0.0162879	 0.0313741	  0.053395	 0.0818134	  0.113972	  0.157032	  0.211794	  0.292367	  0.344893	   0.38139	  0.414429	  0.453438	  0.500563	  0.536611	  0.563443	   0.59384	   0.62451	  0.651209	  0.677807	  0.700619	  0.721142	  0.738404	  0.752972	  0.765351	  0.771649	  0.776298	  0.779871	  0.782718	  0.785072	  0.787079	  0.788843	  0.790433	  0.791891	  0.793231	  0.794455	  0.795564	  0.796558	  0.797435	  0.798196	  0.798842	  0.799373	  0.799793	   0.80011	  0.800332	  0.800464	  0.800511	  0.800482	  0.800383	  0.800222	  0.800007	  0.799746
   484	     0	         0	         0	         0	         0	         0	         0	         0	         0	         0	         0	         0	         0	         0	         0	         0	         0	0.00150963	0.00305596	0.00475272	0.00663944	 0.0160171	 0.0310523	 0.0531152	 0.0817062	  0.114157	  0.157543	  0.212575	  0.293417	  0.346108	  0.382631	  0.415786	  0.454848	  0.502099	  0.538343	  0.565401	  0.596145	  0.626785	  0.653191	  0.679384	  0.701761	   0.72186	  0.738737	  0.752986	  0.765124	  0.771341	  0.775969	  0.779563	  0.782458	  0.784873	  0.786948	  0.788777	  0.790425	   0.79193	  0.793307	   0.79456	  0.795692	  0.796704	  0.797599	  0.798379	  0.799045	  0.799599	  0.800047	  0.800396	  0.800653	  0.800823	  0.800911	  0.800924	  0.800868	  0.800751	  0.800578	  0.800356
   485	     0	         0	         0	         0	         0	         0	         0	         0	         0	         0	         0	         0	         0	         0	         0	         0	         0	0.00151372	0.00305954	0.00474857	 0.0066185	 0.0159368	 0.0308332	 0.0526584	 0.0809152	  0.112983	   0.15593	  0.210539	  0.290967	  0.343514	  0.379949	  0.413113	  0.452238	  0.499553	  0.535815	   0.56288	  0.593541	  0.624473	  0.651355	  0.678129	  0.700972	  0.721449	  0.738647	  0.753136	  0.765431	  0.771614	  0.776155	  0.779633	  0.782396	  0.784673	  0.786609	  0.788302	  0.789822	  0.791205	  0.792466	  0.793604	  0.794622	  0.795519	  0.796292	  0.796944	  0.797474	  0.797883	  0.798177	  0.798363	  0.798449	   0.79844	  0.798342	  0.798163	  0.797911	  0.797593	  0.797218	  0.796794
   486	     0	         0	         0	         0	         0	         0	         0	         0	         0	         0	         0	         0	         0	         0	         0	         0	         0	0.00162431	 0.0032502	0.00499905	0.00691088	 0.0165389	 0.0318235	 0.0541009	 0.0828068	  0.115241	  0.158591	  0.213615	  0.294504	  0.346986	  0.383389	  0.416264	  0.455142	  0.502232	  0.538323	  0.565223	  0.595788	   0.62636	  0.652827	   0.67914	  0.701662	  0.721894	  0.738871	  0.753167	   0.76529	  0.771435	  0.775951	  0.779408	  0.782153	  0.784411	  0.786327	  0.788001	  0.789504	  0.790875	  0.792127	   0.79326	  0.794276	  0.795172	  0.795949	  0.796606	  0.797144	  0.797564	  0.797871	  0.798074	   0.79818	  0.798195	  0.798127	  0.797983	  0.797771	    0.7975	  0.797179	  0.796816
   487	     0	         0	         0	         0	         0	         0	         0	         0	         0	         0	         0	         0	         0	         0	         0	         0	         0	0.00166733	0.00330278	0.00503522	0.00690718	 0.0164392	 0.0314843	  0.053322	 0.0813592	  0.112939	  0.155146	  0.208721	  0.287412	   0.33836	  0.373535	   0.40541	   0.44323	  0.489019	  0.523921	  0.549818	  0.579144	  0.610676	   0.63923	  0.668025	  0.692929	  0.715342	  0.734192	  0.750043	  0.763432	   0.77004	  0.774822	  0.778432	  0.781265	  0.783573	  0.785518	  0.787212	  0.788731	  0.790119	  0.791392	  0.792549	   0.79359	  0.794515	   0.79532	  0.796006	  0.796573	  0.797021	  0.797355	  0.797584	  0.797715	  0.797755	   0.79771	  0.797588	  0.797397	  0.797147	  0.796846	  0.796502
   488	     0	         0	         0	         0	         0	         0	         0	         0	         0	         0	         0	         0	         0	         0	         0	         0	         0	0.00170045	0.00337194	 0.0051487	0.00707565	 0.0168887	  0.032425	 0.0550357	 0.0841349	   0.11698	  0.160897	  0.216685	  0.298669	  0.351807	  0.388834	  0.421973	  0.461103	  0.508427	  0.544692	  0.571661	  0.602317	   0.63221	  0.657716	  0.683026	  0.704667	  0.724147	  0.740508	  0.754305	   0.76602	  0.772073	   0.77655	  0.779989	  0.782724	  0.784977	  0.786893	  0.788572	  0.790084	  0.791471	  0.792746	  0.793912	  0.794969	  0.795915	  0.796748	  0.797468	  0.798075	  0.798568	  0.798952	  0.799235	  0.799422	  0.799519	  0.799533	   0.79947	  0.799338	  0.799145	  0.798899	  0.798608
   489	     0	         0	         0	         0	         0	         0	         0	         0	         0	         0	         0	         0	         0	         0	         0	         0	         0	0.00155595	0.00313606	0.00485465	0.00674995	 0.0162148	 0.0313088	 0.0533753	 0.0818867	  0.114181	  0.157365	  0.212186	  0.292815	  0.345356	  0.381888	  0.415128	  0.454415	  0.502029	   0.53876	  0.566423	  0.597906	  0.629126	  0.655797	   0.68199	  0.704193	  0.723973	  0.740448	  0.754258	  0.765953	  0.771782	   0.77608	  0.779393	  0.782049	  0.784256	  0.786147	  0.787811	  0.789311	   0.79068	  0.791929	  0.793057	  0.794064	  0.794948	  0.795709	  0.796347	  0.796864	   0.79726	  0.797542	   0.79772	    0.7978	  0.797789	  0.797695	  0.797526	  0.797289	  0.796995	   0.79665	  0.796264
   490	     0	         0	         0	         0	         0	         0	         0	         0	         0	         0	         0	         0	         0	         0	         0	         0	         0	0.00152226	0.00307379	0.00476796	0.00664347	 0.0159968	  0.030955	 0.0528721	 0.0812479	  0.113445	   0.15655	   0.21133	  0.291945	  0.344623	  0.381213	  0.414533	  0.453868	  0.501495	  0.538175	  0.565737	   0.59708	  0.628197	  0.654842	  0.681067	  0.703344	  0.723234	  0.739828	  0.753758	  0.765566	  0.771484	  0.775852	  0.779221	   0.78192	  0.784163	  0.786084	  0.787776	  0.789301	  0.790695	   0.79197	  0.793126	  0.794163	  0.795082	  0.795881	  0.796561	  0.797123	  0.797568	  0.797902	  0.798133	  0.798269	  0.798315	  0.798278	  0.798166	  0.797986	  0.797747	  0.797456	  0.797121
   491	     0	         0	         0	         0	         0	         0	         0	         0	         0	         0	         0	         0	         0	         0	         0	         0	         0	0.00163124	 0.0032747	0.00505589	 0.0070178	 0.0168709	 0.0325984	 0.0556242	 0.0854149	    0.1192	  0.164393	  0.221823	  0.306322	  0.361386	  0.400093	  0.434717	  0.475371	   0.52448	  0.562466	  0.591012	  0.623573	  0.652506	   0.67548	  0.697747	  0.716421	  0.733138	  0.747099	   0.75888	  0.768941	  0.774475	   0.77871	  0.782068	  0.784818	  0.787143	  0.789161	  0.790954	  0.792582	  0.794077	  0.795452	  0.796708	  0.797848	  0.798871	  0.799777	  0.800569	  0.801247	  0.801812	  0.802271	   0.80263	  0.802897	  0.803077	  0.803176	  0.803201	  0.803158	  0.803055	  0.802898	  0.802697
   492	     0	         0	         0	         0	         0	         0	         0	         0	         0	         0	         0	         0	         0	         0	         0	         0	         0	0.00151372	0.00305954	0.00474857	 0.0066185	 0.0159368	 0.0308332	 0.0526584	 0.0809152	  0.112983	   0.15593	  0.210539	  0.290967	  0.343514	  0.379949	  0.413113	  0.452238	  0.499553	  0.535815	   0.56288	  0.593541	  0.624473	  0.651355	  0.678129	  0.700972	  0.721449	  0.738647	  0.753136	  0.765431	  0.771614	  0.776155	  0.779633	  0.782396	  0.784673	  0.786609	  0.788302	  0.789822	  0.791205	  0.792466	  0.793604	  0.794622	  0.795519	  0.796292	  0.796944	  0.797474	  0.797883	  0.798177	  0.798363	  0.798449	   0.79844	  0.798342	  0.798163	  0.797911	  0.797593	  0.797218	  0.796794
   493	     0	         0	         0	         0	         0	         0	         0	         0	         0	         0	         0	         0	         0	         0	         0	         0	         0	0.00159495	0.00318179	0.00488339	0.00674126	  0.016135	 0.0310587	 0.0528321	 0.0809244	  0.112715	  0.155311	  0.209516	  0.289315	  0.341389	  0.377531	  0.410383	  0.449235	  0.496209	  0.532195	  0.559057	  0.589498	  0.620765	  0.648236	  0.675585	  0.699022	  0.720033	  0.737638	  0.752431	  0.764949	  0.771181	  0.775734	  0.779208	  0.781961	  0.784228	  0.786158	  0.787852	  0.789381	  0.790784	  0.792075	  0.793254	  0.794321	  0.795273	  0.796108	  0.796826	  0.797427	   0.79791	  0.798279	  0.798543	  0.798708	   0.79878	  0.798765	   0.79867	  0.798504	  0.798273	  0.797986	  0.797652
   494	     0	         0	         0	         0	         0	         0	         0	         0	         0	         0	         0	         0	         0	         0	         0	         0	         0	0.00158179	0.00317616	0.00490176	0.00679848	 0.0163068	 0.0314509	 0.0535709	 0.0821294	  0.114453	  0.157673	  0.212542	  0.293212	  0.345736	  0.382267	  0.415421	   0.45459	  0.502017	  0.538537	  0.565969	   0.59717	  0.628248	  0.654924	  0.681209	  0.703562	  0.723526	   0.74019	   0.75418	  0.766037	  0.771985	  0.776378	  0.779768	  0.782488	  0.784751	  0.786693	  0.788407	  0.789956	  0.791376	  0.792677	   0.79386	  0.794926	  0.795872	  0.796698	  0.797405	  0.797993	  0.798463	  0.798821	  0.799075	  0.799233	  0.799301	  0.799284	  0.799191	   0.79903	  0.798809	  0.798536	  0.798218
   495	     0	         0	         0	         0	         0	         0	         0	         0	         0	         0	         0	         0	         0	         0	         0	         0	         0	0.00159409	0.00318293	0.00489146	0.00676238	 0.0162184	 0.0312769	  0.053288	 0.0817325	  0.113966	  0.157173	  0.212166	  0.293141	   0.34604	   0.38292	  0.416352	  0.455816	  0.503523	   0.54024	  0.567771	  0.599061	   0.62989	  0.656229	  0.682149	  0.704231	  0.723995	    0.7405	  0.754369	  0.766133	  0.772114	   0.77655	  0.779983	  0.782742	  0.785042	  0.787019	  0.788767	  0.790351	  0.791809	  0.793152	  0.794383	  0.795504	  0.796513	  0.797408	  0.798191	  0.798862	   0.79942	  0.799871	  0.800221	  0.800477	  0.800644	  0.800728	  0.800735	  0.800672	  0.800546	  0.800366	  0.800137
   496	     0	         0	         0	         0	         0	         0	         0	         0	         0	         0	         0	         0	         0	         0	         0	         0	         0	0.00159409	0.00318293	0.00489146	0.00676238	 0.0162184	 0.0312769	  0.053288	 0.0817325	  0.113966	  0.157173	  0.212166	  0.293141	   0.34604	   0.38292	  0.416352	  0.455816	  0.503523	   0.54024	  0.567771	  0.599061	   0.62989	  0.656229	  0.682149	  0.704231	  0.723995	    0.7405	  0.754369	  0.766133	  0.772114	   0.77655	  0.779983	  0.782742	  0.785042	  0.787019	  0.788767	  0.790351	  0.791809	  0.793152	  0.794383	  0.795504	  0.796513	  0.797408	  0.798191	  0.798862	   0.79942	  0.799871	  0.800221	  0.800477	  0.800644	  0.800728	  0.800735	  0.800672	  0.800546	  0.800366	  0.800137
   497	     0	         0	         0	         0	         0	         0	         0	         0	         0	         0	         0	         0	         0	         0	         0	         0	         0	0.00156233	0.00312816	0.00481834	0.00667432	 0.0160199	 0.0309185	 0.0527096	  0.080883	   0.11282	  0.155623	  0.210084	  0.290271	  0.342635	  0.379007	  0.412066	  0.451094	  0.498265	  0.534439	  0.561456	  0.592083	  0.623141	  0.650216	  0.677123	  0.700156	   0.72082	  0.738148	  0.752737	  0.765116	  0.771359	  0.775961	  0.779498	  0.782322	  0.784659	  0.786656	   0.78841	  0.789992	  0.791439	  0.792766	  0.793976	  0.795071	  0.796049	  0.796912	  0.797659	  0.798291	   0.79881	  0.799218	  0.799526	  0.799737	   0.79986	  0.799897	  0.799858	  0.799749	  0.799576	  0.799349	  0.799073
   498	     0	         0	         0	         0	         0	         0	         0	         0	         0	         0	         0	         0	         0	         0	         0	         0	         0	0.00155335	0.00312763	0.00484074	0.00673307	 0.0162076	 0.0313544	 0.0535525	 0.0822954	   0.11491	  0.158566	  0.214011	  0.295606	   0.34879	  0.385815	  0.419348	  0.458869	  0.506693	  0.543546	  0.571171	  0.602617	  0.633139	  0.658955	  0.684334	   0.70586	  0.725105	  0.741176	  0.754691	  0.766173	  0.772058	  0.776444	  0.779852	  0.782602	  0.784901	  0.786881	  0.788632	  0.790217	  0.791672	   0.79301	  0.794231	  0.795339	  0.796332	   0.79721	  0.797975	  0.798628	  0.799168	  0.799603	  0.799938	   0.80018	  0.800335	  0.800408	  0.800405	  0.800334	    0.8002	  0.800012	  0.799775
   499	     0	         0	         0	         0	         0	         0	         0	         0	         0	         0	         0	         0	         0	         0	         0	         0	         0	0.00152226	0.00307379	0.00476796	0.00664347	 0.0159968	  0.030955	 0.0528721	 0.0812479	  0.113445	   0.15655	   0.21133	  0.291945	  0.344623	  0.381213	  0.414533	  0.453868	  0.501495	  0.538175	  0.565737	   0.59708	  0.628197	  0.654842	  0.681067	  0.703344	  0.723234	  0.739828	  0.753758	  0.765566	  0.771484	  0.775852	  0.779221	   0.78192	  0.784163	  0.786084	  0.787776	  0.789301	  0.790695	   0.79197	  0.793126	  0.794163	  0.795082	  0.795881	  0.796561	  0.797123	  0.797568	  0.797902	  0.798133	  0.798269	  0.798315	  0.798278	  0.798166	  0.797986	  0.797747	  0.797456	  0.797121
   500	     0	         0	         0	         0	         0	         0	         0	         0	         0	         0	         0	         0	         0	         0	         0	         0	         0	0.00151566	0.00305099	 0.0047192	0.00655898	 0.0157766	 0.0304971	 0.0520631	 0.0799953	  0.111725	   0.15431	  0.208582	  0.288651	  0.341191	  0.377771	  0.411229	  0.450739	  0.498514	  0.535332	  0.563054	  0.594489	   0.62611	  0.653382	  0.680251	  0.703014	  0.723259	  0.740128	  0.754253	  0.766189	  0.772063	  0.776363	  0.779657	  0.782284	   0.78446	  0.786323	  0.787963	  0.789445	  0.790805	   0.79205	  0.793181	  0.794196	  0.795092	  0.795867	   0.79652	   0.79705	  0.797459	   0.79775	  0.797932	  0.798012	  0.797996	  0.797889	    0.7977	  0.797437	  0.797108	   0.79672	  0.796284
   501	     0	         0	         0	         0	         0	         0	         0	         0	         0	         0	         0	         0	         0	         0	         0	         0	         0	 0.0015875	0.00319132	0.00493148	0.00684874	 0.0164589	 0.0317927	 0.0542306	 0.0832477	  0.116144	  0.160164	  0.216111	  0.298456	  0.352177	   0.38975	  0.423708	  0.463725	  0.512136	  0.549533	  0.577699	  0.609776	  0.640066	  0.665129	  0.689569	  0.710184	  0.728584	  0.743933	  0.756844	  0.767827	  0.773525	  0.777803	   0.78115	  0.783865	  0.786145	  0.788116	  0.789864	  0.791449	  0.792906	  0.794245	  0.795467	  0.796573	   0.79756	  0.798429	   0.79918	  0.799814	  0.800334	  0.800743	  0.801052	  0.801267	  0.801395	  0.801441	  0.801414	  0.801322	  0.801172	  0.800973	  0.800733
   502	     0	         0	         0	         0	         0	         0	         0	         0	         0	         0	         0	         0	         0	         0	         0	         0	         0	0.00160065	0.00320769	0.00494246	0.00684589	 0.0164192	 0.0316601	 0.0539263	 0.0826809	  0.115237	  0.158795	  0.214138	  0.295571	  0.348551	  0.385389	  0.418641	  0.457862	  0.505284	  0.541644	  0.568738	  0.599496	  0.629821	  0.655837	  0.681669	  0.703715	  0.723514	  0.740139	  0.754156	  0.766063	  0.772159	  0.776668	   0.78014	  0.782911	  0.785205	  0.787163	  0.788884	  0.790435	  0.791857	  0.793162	  0.794351	  0.795425	  0.796383	  0.797224	  0.797947	  0.798554	  0.799045	  0.799423	  0.799697	  0.799874	  0.799958	  0.799956	  0.799875	  0.799722	  0.799504	  0.799231	  0.798909
   503	     0	         0	         0	         0	         0	         0	         0	         0	         0	         0	         0	         0	         0	         0	         0	         0	         0	0.00158622	0.00316658	0.00486148	 0.0067111	 0.0160575	 0.0308937	 0.0525272	 0.0804196	  0.111962	  0.154204	  0.207918	  0.286972	  0.338451	  0.374061	  0.406477	  0.444858	  0.491297	  0.526804	  0.553252	  0.583196	  0.614779	  0.643013	  0.671327	  0.695671	  0.717512	  0.735844	  0.751248	  0.764264	  0.770688	  0.775352	  0.778888	  0.781673	  0.783953	  0.785882	  0.787567	  0.789081	  0.790466	  0.791735	  0.792889	  0.793928	  0.794849	  0.795652	  0.796336	  0.796901	  0.797347	  0.797679	  0.797904	  0.798031	  0.798065	  0.798012	  0.797881	  0.797678	  0.797413	  0.797094	  0.796728
   504	     0	         0	         0	         0	         0	         0	         0	         0	         0	         0	         0	         0	         0	         0	         0	         0	         0	0.00157025	0.00316284	0.00489492	  0.006806	  0.016354	 0.0315891	 0.0538706	 0.0826643	  0.115274	  0.158857	  0.214157	  0.295436	  0.348353	  0.385191	  0.418577	  0.457978	  0.505689	  0.542456	  0.570085	  0.601536	  0.632274	  0.658341	   0.68396	  0.705714	  0.725164	  0.741419	  0.755094	  0.766715	  0.772644	  0.777061	  0.780495	  0.783267	  0.785585	  0.787581	  0.789347	  0.790944	  0.792409	  0.793752	  0.794975	  0.796079	  0.797064	  0.797929	  0.798675	  0.799305	   0.79982	  0.800225	  0.800529	  0.800739	  0.800861	  0.800903	  0.800871	  0.800773	  0.800618	  0.800412	  0.800164
   505	     0	         0	         0	         0	         0	         0	         0	         0	         0	         0	         0	         0	         0	         0	         0	         0	         0	0.00151372	0.00305954	0.00474857	 0.0066185	 0.0159368	 0.0308332	 0.0526584	 0.0809152	  0.112983	   0.15593	  0.210539	  0.290967	  0.343514	  0.379949	  0.413113	  0.452238	  0.499553	  0.535815	   0.56288	  0.593541	  0.624473	  0.651355	  0.678129	  0.700972	  0.721449	  0.738647	  0.753136	  0.765431	  0.771614	  0.776155	  0.779633	  0.782396	  0.784673	  0.786609	  0.788302	  0.789822	  0.791205	  0.792466	  0.793604	  0.794622	  0.795519	  0.796292	  0.796944	  0.797474	  0.797883	  0.798177	  0.798363	  0.798449	   0.79844	  0.798342	  0.798163	  0.797911	  0.797593	  0.797218	  0.796794
   506	     0	         0	         0	         0	         0	         0	         0	         0	         0	         0	         0	         0	         0	         0	         0	         0	         0	0.00163174	0.00324636	0.00497304	0.00685574	 0.0164062	 0.0315773	 0.0537116	 0.0822626	  0.114555	  0.157794	  0.212776	  0.293654	  0.346259	  0.382774	  0.415675	  0.454494	  0.501362	  0.537099	  0.563527	  0.593449	  0.623687	  0.650163	  0.676716	  0.699586	  0.720243	  0.737679	  0.752426	  0.764969	  0.771422	  0.776188	  0.779846	  0.782754	  0.785152	  0.787194	  0.788984	  0.790597	  0.792076	  0.793437	  0.794685	   0.79582	  0.796843	  0.797753	  0.798551	  0.799236	  0.799808	  0.800272	  0.800634	    0.8009	  0.801076	  0.801165	  0.801176	  0.801113	  0.800985	  0.800798	   0.80056
   507	     0	         0	         0	         0	         0	         0	         0	         0	         0	         0	         0	         0	         0	         0	         0	         0	         0	0.00159554	0.00320631	0.00495394	0.00687983	 0.0165292	 0.0319279	 0.0544517	 0.0835592	  0.116518	  0.160547	  0.216361	  0.298342	   0.35156	  0.388613	     0.422	  0.461344	  0.508968	  0.545634	  0.573074	  0.604342	  0.634516	  0.659965	  0.685015	  0.706309	  0.725397	  0.741367	  0.754821	   0.76627	  0.772205	  0.776643	  0.780102	  0.782896	  0.785233	  0.787246	  0.789025	  0.790633	  0.792106	  0.793458	  0.794691	  0.795809	  0.796811	  0.797698	  0.798471	  0.799132	  0.799682	  0.800127	  0.800472	  0.800727	  0.800894	  0.800981	  0.800993	  0.800937	  0.800821	   0.80065	  0.800432
   508	     0	         0	         0	         0	         0	         0	         0	         0	         0	         0	         0	         0	         0	         0	         0	         0	         0	0.00158493	0.00317942	0.00490438	0.00680096	 0.0163254	 0.0315086	 0.0537088	 0.0823979	  0.114897	  0.158379	  0.213606	  0.294832	  0.347728	  0.384528	  0.417832	  0.457118	  0.504638	  0.541152	  0.568458	  0.599488	  0.630055	  0.656178	  0.681979	  0.703948	  0.723633	  0.740122	  0.754013	  0.765823	  0.771857	  0.776341	  0.779816	   0.78261	   0.78494	  0.786941	  0.788708	  0.790305	   0.79177	  0.793115	  0.794341	  0.795451	  0.796441	  0.797314	  0.798068	  0.798707	   0.79923	  0.799643	  0.799955	  0.800172	  0.800301	  0.800347	  0.800318	  0.800221	  0.800065	  0.799856	  0.799603
   509	     0	         0	         0	         0	         0	         0	         0	         0	         0	         0	         0	         0	         0	         0	         0	         0	         0	0.00155246	0.00312446	 0.0048311	0.00671095	 0.0161056	 0.0310775	 0.0529489	 0.0811861	   0.11314	  0.155852	  0.210049	  0.289681	   0.34154	  0.377441	  0.410136	  0.448804	  0.495638	  0.531566	  0.558452	   0.58897	  0.620373	  0.647923	  0.675306	  0.698729	  0.719702	  0.737269	   0.75204	  0.764561	  0.770788	  0.775359	  0.778867	  0.781665	  0.783981	   0.78596	  0.787699	  0.789265	  0.790697	  0.792006	  0.793193	  0.794258	  0.795201	   0.79602	  0.796718	  0.797295	  0.797753	  0.798099	  0.798341	  0.798487	  0.798544	  0.798518	  0.798419	  0.798255	  0.798033	  0.797762	   0.79745
   510	     0	         0	         0	         0	         0	         0	         0	         0	         0	         0	         0	         0	         0	         0	         0	         0	         0	0.00168296	0.00335794	0.00515504	0.00711804	  0.017048	 0.0328288	 0.0558664	 0.0856005	  0.119258	  0.164272	  0.221458	  0.305568	  0.360261	  0.398803	  0.433261	  0.473802	  0.522837	  0.560925	  0.589695	  0.622575	  0.652038	  0.675498	  0.698103	  0.716996	  0.733809	  0.747759	  0.759462	  0.769414	  0.774781	  0.778872	  0.782115	  0.784776	  0.787035	  0.789005	  0.790765	  0.792371	  0.793855	  0.795226	  0.796484	  0.797629	   0.79866	  0.799576	  0.800376	  0.801062	  0.801635	  0.802098	  0.802459	  0.802726	  0.802904	  0.802997	  0.803014	   0.80296	  0.802843	   0.80267	  0.802449
   511	     0	         0	         0	         0	         0	         0	         0	         0	         0	         0	         0	         0	         0	         0	         0	         0	         0	0.00152155	0.00306348	0.00473945	 0.0065882	 0.0158391	 0.0306097	 0.0522371	 0.0802276	  0.111991	   0.15456	  0.208709	   0.28846	  0.340643	  0.376923	    0.4101	  0.449294	  0.496717	  0.533253	  0.560746	  0.591943	  0.623656	  0.651197	  0.678381	  0.701483	  0.722061	  0.739222	   0.75361	  0.765787	  0.771807	  0.776234	  0.779645	  0.782379	  0.784656	  0.786612	   0.78834	  0.789903	  0.791335	  0.792649	  0.793843	  0.794918	  0.795872	  0.796705	  0.797416	  0.798007	  0.798478	  0.798836	  0.799089	  0.799243	  0.799305	  0.799281	   0.79918	  0.799007	  0.798771	  0.798481	  0.798143
   512	     0	         0	         0	         0	         0	         0	         0	         0	         0	         0	         0	         0	         0	         0	         0	         0	         0	0.00157634	0.00314996	0.00484346	0.00669866	 0.0160831	 0.0310327	 0.0529027	  0.081189	  0.113275	  0.156341	  0.211238	  0.292199	  0.345159	  0.381992	  0.415387	  0.454804	  0.502428	   0.53893	  0.566135	  0.596974	  0.627546	  0.653874	  0.679994	    0.7023	  0.722323	  0.739113	  0.753245	  0.765226	  0.771307	  0.775773	  0.779186	   0.78189	  0.784111	  0.785994	   0.78764	  0.789119	  0.790471	  0.791711	   0.79284	  0.793858	  0.794765	  0.795558	  0.796235	  0.796798	  0.797245	   0.79758	   0.79781	  0.797942	  0.797979	  0.797928	  0.797797	  0.797591	  0.797319	  0.796989	  0.796608
   513	     0	         0	         0	         0	         0	         0	         0	         0	         0	         0	         0	         0	         0	         0	         0	         0	         0	0.00153452	0.00308179	0.00475817	0.00660326	 0.0158584	 0.0306204	 0.0522123	  0.080125	  0.111757	  0.154125	  0.207989	  0.287243	  0.338985	  0.374788	  0.407435	  0.446023	  0.492695	  0.528427	   0.55509	  0.585294	  0.616804	  0.644761	  0.672703	  0.696702	  0.718236	  0.736306	  0.751508	  0.764382	  0.770792	  0.775482	  0.779066	  0.781913	   0.78426	  0.786258	  0.788011	  0.789589	  0.791032	  0.792355	   0.79356	  0.794649	   0.79562	  0.796474	  0.797211	  0.797833	  0.798339	  0.798734	  0.799028	  0.799226	  0.799334	  0.799359	  0.799307	  0.799185	  0.799002	  0.798764	  0.798481
   514	     0	         0	         0	         0	         0	         0	         0	         0	         0	         0	         0	         0	         0	         0	         0	         0	         0	0.00150705	 0.0030403	0.00471324	0.00656517	 0.0158243	 0.0306461	  0.052399	 0.0806148	  0.112706	  0.155785	  0.210714	  0.291787	  0.345068	  0.382283	  0.416235	   0.45624	  0.504561	  0.541829	  0.569899	  0.601729	  0.632799	  0.659087	  0.684884	  0.706676	  0.726088	  0.742292	  0.755902	  0.767448	  0.773269	  0.777584	  0.780923	  0.783607	  0.785845	   0.78777	  0.789473	  0.791015	  0.792432	  0.793734	  0.794921	  0.795995	  0.796951	   0.79779	   0.79851	  0.799112	  0.799596	  0.799967	  0.800233	  0.800399	  0.800472	  0.800458	  0.800363	  0.800195	  0.799962	  0.799672	  0.799332
   515	     0	         0	         0	         0	         0	         0	         0	         0	         0	         0	         0	         0	         0	         0	         0	         0	         0	0.00158035	0.00316376	 0.0048699	0.00673888	 0.0161362	 0.0310762	 0.0528684	 0.0809664	   0.11273	  0.155206	  0.209141	  0.288405	   0.33999	    0.3757	  0.408184	  0.446619	  0.493132	  0.528732	  0.555302	  0.585411	  0.616882	  0.644825	   0.67276	   0.69678	  0.718351	  0.736467	  0.751719	  0.764645	  0.771093	   0.77582	  0.779436	  0.782312	  0.784685	  0.786706	   0.78848	  0.790077	  0.791538	  0.792877	  0.794095	  0.795195	  0.796176	  0.797037	   0.79778	  0.798405	  0.798914	  0.799313	   0.79961	  0.799812	  0.799926	  0.799959	  0.799918	  0.799811	  0.799647	  0.799433	  0.799177
   516	     0	         0	         0	         0	         0	         0	         0	         0	         0	         0	         0	         0	         0	         0	         0	         0	         0	 0.0015528	0.00314042	0.00487738	0.00680251	 0.0163811	 0.0316981	 0.0541346	 0.0831688	  0.116093	  0.160095	  0.215933	  0.298034	  0.351543	  0.388862	  0.422658	  0.462485	  0.510708	  0.547933	  0.575957	  0.607882	   0.63824	  0.663471	  0.688122	  0.708928	  0.727503	  0.743011	  0.756064	  0.767175	   0.77291	  0.777209	  0.780569	  0.783291	  0.785574	  0.787544	  0.789285	   0.79086	  0.792299	  0.793615	  0.794809	   0.79588	  0.796829	  0.797655	   0.79836	  0.798946	  0.799414	  0.799771	  0.800025	  0.800185	  0.800255	  0.800244	  0.800159	  0.800008	  0.799798	  0.799539	  0.799238
   517	     0	         0	         0	         0	         0	         0	         0	         0	         0	         0	         0	         0	         0	         0	         0	         0	         0	0.00163124	 0.0032747	0.00505589	 0.0070178	 0.0168709	 0.0325984	 0.0556242	 0.0854149	    0.1192	  0.164393	  0.221823	  0.306322	  0.361386	  0.400093	  0.434717	  0.475371	   0.52448	  0.562466	  0.591012	  0.623573	  0.652506	   0.67548	  0.697747	  0.716421	  0.733138	  0.747099	   0.75888	  0.768941	  0.774475	   0.77871	  0.782068	  0.784818	  0.787143	  0.789161	  0.790954	  0.792582	  0.794077	  0.795452	  0.796708	  0.797848	  0.798871	  0.799777	  0.800569	  0.801247	  0.801812	  0.802271	   0.80263	  0.802897	  0.803077	  0.803176	  0.803201	  0.803158	  0.803055	  0.802898	  0.802697
   518	     0	         0	         0	         0	         0	         0	         0	         0	         0	         0	         0	         0	         0	         0	         0	         0	         0	 0.0015394	0.00310796	0.00482168	0.00672068	 0.0161964	 0.0313675	 0.0536252	 0.0824761	  0.115251	   0.15913	  0.214888	  0.296974	  0.350618	  0.388118	  0.422144	  0.462194	  0.510631	   0.54808	  0.576314	  0.608463	  0.639002	  0.664334	  0.689019	  0.709788	   0.72828	  0.743691	  0.756651	  0.767683	  0.773379	  0.777668	   0.78104	  0.783793	   0.78612	  0.788144	  0.789948	  0.791589	    0.7931	  0.794491	  0.795762	  0.796915	  0.797949	  0.798864	  0.799661	  0.800342	  0.800908	  0.801366	  0.801722	  0.801985	  0.802161	  0.802254	  0.802272	  0.802222	  0.802112	  0.801948	  0.801738
   519	     0	         0	         0	         0	         0	         0	         0	         0	         0	         0	         0	         0	         0	         0	         0	         0	         0	0.00159125	 0.0031867	0.00490955	0.00680204	 0.0163333	 0.0315305	 0.0537649	 0.0825166	  0.115112	  0.158768	  0.214287	   0.29603	  0.349327	   0.38647	  0.420007	  0.459517	  0.507252	    0.5439	  0.571247	  0.602289	  0.632499	   0.65817	   0.68356	  0.705176	   0.72458	  0.740866	   0.75461	  0.766308	  0.772357	  0.776864	   0.78036	  0.783169	  0.785508	  0.787516	  0.789288	  0.790889	  0.792358	  0.793709	  0.794944	  0.796064	  0.797069	  0.797958	  0.798731	  0.799391	  0.799936	  0.800373	  0.800708	  0.800949	    0.8011	  0.801168	  0.801159	   0.80108	  0.800938	  0.800742	  0.800498
   520	     0	         0	         0	         0	         0	         0	         0	         0	         0	         0	         0	         0	         0	         0	         0	         0	         0	0.00157525	0.00315074	0.00484734	0.00670611	 0.0160821	 0.0310072	 0.0528184	 0.0809998	  0.112934	   0.15575	  0.210274	  0.290624	  0.343125	  0.379621	  0.412776	   0.45194	  0.499279	  0.535595	  0.562742	  0.593513	  0.624561	  0.651537	  0.678324	   0.70121	  0.721718	  0.738899	  0.753344	  0.765576	  0.771706	  0.776197	  0.779627	  0.782346	  0.784582	  0.786481	  0.788143	  0.789637	  0.791003	  0.792254	  0.793392	  0.794418	   0.79533	  0.796125	  0.796804	  0.797366	  0.797811	  0.798144	  0.798372	  0.798501	  0.798538	  0.798486	  0.798356	  0.798153	  0.797885	  0.797561	  0.797189
   521	     0	         0	         0	         0	         0	         0	         0	         0	         0	         0	         0	         0	         0	         0	         0	         0	         0	0.00157025	0.00316284	0.00489492	  0.006806	  0.016354	 0.0315891	 0.0538706	 0.0826643	  0.115274	  0.158857	  0.214157	  0.295436	  0.348353	  0.385191	  0.418577	  0.457978	  0.505689	  0.542456	  0.570085	  0.601536	  0.632274	  0.658341	   0.68396	  0.705714	  0.725164	  0.741419	  0.755094	  0.766715	  0.772644	  0.777061	  0.780495	  0.783267	  0.785585	  0.787581	  0.789347	  0.790944	  0.792409	  0.793752	  0.794975	  0.796079	  0.797064	  0.797929	  0.798675	  0.799305	   0.79982	  0.800225	  0.800529	  0.800739	  0.800861	  0.800903	  0.800871	  0.800773	  0.800618	  0.800412	  0.800164
   522	     0	         0	         0	         0	         0	         0	         0	         0	         0	         0	         0	         0	         0	         0	         0	         0	         0	0.00163524	 0.0032581	0.00499355	0.00688323	 0.0164493	 0.0316181	 0.0537158	 0.0821861	  0.114361	  0.157417	  0.212124	  0.292603	  0.344931	  0.381334	  0.414322	  0.453364	  0.500658	   0.53707	  0.564396	  0.595486	  0.626653	  0.653547	  0.680066	  0.702649	   0.72281	  0.739609	  0.753677	  0.765564	  0.771471	  0.775796	  0.779105	  0.781738	  0.783912	  0.785766	  0.787394	  0.788862	  0.790207	   0.79144	  0.792561	  0.793568	   0.79446	  0.795233	  0.795887	  0.796423	   0.79684	  0.797144	  0.797343	  0.797444	  0.797453	  0.797377	  0.797223	     0.797	  0.796716	   0.79638	  0.795999
   523	     0	         0	         0	         0	         0	         0	         0	         0	         0	         0	         0	         0	         0	         0	         0	         0	         0	0.00157327	0.00317532	0.00492702	0.00687031	  0.016569	 0.0321097	  0.054912	 0.0844523	   0.11796	  0.162708	  0.219389	  0.302612	  0.356606	  0.394183	  0.427864	  0.467423	  0.515267	  0.552031	  0.579384	  0.610569	  0.639782	  0.664047	  0.687989	  0.708348	  0.726694	  0.742118	  0.755185	  0.766364	  0.772388	  0.776957	  0.780555	  0.783486	  0.785952	  0.788084	  0.789973	  0.791682	  0.793248	  0.794687	  0.796005	  0.797207	  0.798296	  0.799274	  0.800143	  0.800907	  0.801567	  0.802128	  0.802598	   0.80298	  0.803282	  0.803505	  0.803657	  0.803743	  0.803767	  0.803736	  0.803655
   524	     0	         0	         0	         0	         0	         0	         0	         0	         0	         0	         0	         0	         0	         0	         0	         0	         0	0.00155246	0.00312446	 0.0048311	0.00671095	 0.0161056	 0.0310775	 0.0529489	 0.0811861	   0.11314	  0.155852	  0.210049	  0.289681	   0.34154	  0.377441	  0.410136	  0.448804	  0.495638	  0.531566	  0.558452	   0.58897	  0.620373	  0.647923	  0.675306	  0.698729	  0.719702	  0.737269	   0.75204	  0.764561	  0.770788	  0.775359	  0.778867	  0.781665	  0.783981	   0.78596	  0.787699	  0.789265	  0.790697	  0.792006	  0.793193	  0.794258	  0.795201	   0.79602	  0.796718	  0.797295	  0.797753	  0.798099	  0.798341	  0.798487	  0.798544	  0.798518	  0.798419	  0.798255	  0.798033	  0.797762	   0.79745
   525	     0	         0	         0	         0	         0	         0	         0	         0	         0	         0	         0	         0	         0	         0	         0	         0	         0	0.00165147	0.00329356	0.00505099	0.00696512	 0.0166521	 0.0320101	   0.05439	 0.0832338	  0.115852	  0.159513	  0.215045	  0.296843	  0.350108	  0.387395	  0.421103	  0.460942	   0.50919	  0.546516	  0.574707	  0.606812	  0.637633	  0.663367	  0.688445	  0.709548	  0.728289	  0.743853	  0.756871	  0.767876	  0.773398	  0.777475	   0.78062	  0.783142	  0.785239	  0.787039	  0.788628	  0.790069	  0.791393	   0.79261	  0.793717	  0.794711	  0.795588	  0.796344	   0.79698	  0.797495	  0.797888	  0.798166	  0.798338	   0.79841	  0.798391	  0.798286	  0.798106	  0.797859	  0.797554	  0.797201	  0.796808
   526	     0	         0	         0	         0	         0	         0	         0	         0	         0	         0	         0	         0	         0	         0	         0	         0	         0	0.00157381	0.00316738	0.00489823	0.00680621	 0.0163631	  0.031615	 0.0539429	 0.0828357	   0.11562	  0.159528	  0.215382	  0.297691	  0.351485	  0.389159	  0.423303	  0.463543	  0.512231	  0.549936	  0.578436	  0.610898	  0.641453	  0.666603	  0.691021	  0.711501	  0.729689	  0.744803	  0.757473	  0.768223	  0.773725	  0.777839	  0.781051	  0.783653	  0.785839	   0.78773	  0.789408	  0.790932	  0.792333	  0.793621	  0.794792	  0.795847	  0.796783	  0.797598	  0.798292	  0.798866	   0.79932	  0.799661	  0.799896	  0.800033	  0.800079	   0.80004	  0.799925	   0.79974	  0.799495	  0.799199	  0.798858
   527	     0	         0	         0	         0	         0	         0	         0	         0	         0	         0	         0	         0	         0	         0	         0	         0	         0	0.00155335	0.00312763	0.00484074	0.00673307	 0.0162076	 0.0313544	 0.0535525	 0.0822954	   0.11491	  0.158566	  0.214011	  0.295606	   0.34879	  0.385815	  0.419348	  0.458869	  0.506693	  0.543546	  0.571171	  0.602617	  0.633139	  0.658955	  0.684334	   0.70586	  0.725105	  0.741176	  0.754691	  0.766173	  0.772058	  0.776444	  0.779852	  0.782602	  0.784901	  0.786881	  0.788632	  0.790217	  0.791672	   0.79301	  0.794231	  0.795339	  0.796332	   0.79721	  0.797975	  0.798628	  0.799168	  0.799603	  0.799938	   0.80018	  0.800335	  0.800408	  0.800405	  0.800334	    0.8002	  0.800012	  0.799775
   528	     0	         0	         0	         0	         0	         0	         0	         0	         0	         0	         0	         0	         0	         0	         0	         0	         0	0.00158619	0.00319052	0.00493153	0.00684915	  0.016448	 0.0317516	 0.0541243	 0.0830307	   0.11577	  0.159547	  0.215134	  0.296882	  0.350119	  0.387223	  0.420783	  0.460374	  0.508293	  0.545202	  0.572901	  0.604423	  0.634832	  0.660423	  0.685546	  0.706863	  0.725939	  0.741889	  0.755317	  0.766733	  0.772603	   0.77698	  0.780382	  0.783124	  0.785412	  0.787379	  0.789115	  0.790682	  0.792117	   0.79343	  0.794623	  0.795697	  0.796651	  0.797484	  0.798197	  0.798792	  0.799271	  0.799637	  0.799901	   0.80007	  0.800149	  0.800145	  0.800066	   0.79992	  0.799715	  0.799459	  0.799159
   529	     0	         0	         0	         0	         0	         0	         0	         0	         0	         0	         0	         0	         0	         0	         0	         0	         0	0.00159152	0.00319029	0.00491638	0.00681019	 0.0163253	 0.0314705	 0.0535862	 0.0821376	  0.114457	  0.157696	  0.212617	  0.293394	  0.346026	  0.382675	  0.415949	  0.455271	  0.502893	  0.539628	  0.567277	   0.59876	  0.629893	  0.656458	  0.682512	  0.704614	   0.72431	  0.740696	  0.754419	  0.766032	  0.771833	  0.776114	  0.779419	  0.782073	  0.784285	  0.786186	  0.787866	  0.789387	  0.790784	  0.792065	  0.793231	  0.794282	  0.795214	  0.796027	   0.79672	  0.797295	  0.797752	  0.798096	  0.798336	  0.798478	  0.798528	  0.798494	  0.798384	  0.798203	  0.797961	  0.797667	  0.797327
   530	     0	         0	         0	         0	         0	         0	         0	         0	         0	         0	         0	         0	         0	         0	         0	         0	         0	0.00156368	0.00314578	0.00486302	0.00675474	 0.0162369	 0.0313629	  0.053498	 0.0821268	   0.11459	  0.158064	  0.213351	  0.294794	  0.347931	  0.384924	  0.418446	  0.457994	  0.505842	  0.542655	  0.570236	  0.601571	  0.632153	  0.658133	  0.683762	  0.705524	  0.724996	  0.741291	     0.755	  0.766633	  0.772557	   0.77694	   0.78032	  0.783022	  0.785261	  0.787175	  0.788857	  0.790373	  0.791761	  0.793032	  0.794187	  0.795227	  0.796149	  0.796953	  0.797638	  0.798206	  0.798657	  0.798996	   0.79923	  0.799368	  0.799414	  0.799376	   0.79926	  0.799075	  0.798828	  0.798528	  0.798183
   531	     0	         0	         0	         0	         0	         0	         0	         0	         0	         0	         0	         0	         0	         0	         0	         0	         0	0.00154036	0.00311492	0.00483527	0.00673868	 0.0162091	  0.031332	 0.0534583	 0.0820662	  0.114488	  0.157828	  0.212823	  0.293698	  0.346429	  0.383148	  0.416601	  0.456122	  0.504036	    0.5411	  0.569119	  0.601048	   0.63234	  0.658791	  0.684618	  0.706395	  0.725726	  0.741775	  0.755201	  0.766564	  0.772206	  0.776374	    0.7796	  0.782198	  0.784367	  0.786234	  0.787882	   0.78937	  0.790729	  0.791967	  0.793082	  0.794074	  0.794942	  0.795682	  0.796297	  0.796788	  0.797156	  0.797406	  0.797548	   0.79759	  0.797539	    0.7974	  0.797184	  0.796897	  0.796549	  0.796148	  0.795702
   532	     0	         0	         0	         0	         0	         0	         0	         0	         0	         0	         0	         0	         0	         0	         0	         0	         0	0.00161797	0.00324008	0.00499228	0.00691767	 0.0166182	  0.032091	 0.0547345	 0.0840208	  0.117226	  0.161684	  0.218221	  0.301455	  0.355743	  0.393804	  0.428001	  0.468227	  0.516835	  0.554392	  0.582616	  0.614779	  0.644497	  0.668789	  0.692465	  0.712434	  0.730297	  0.745206	  0.757757	   0.76844	  0.774111	  0.778394	  0.781756	  0.784489	  0.786788	  0.788777	  0.790545	  0.792151	  0.793632	  0.794999	  0.796255	    0.7974	  0.798435	  0.799358	   0.80017	  0.800872	  0.801463	  0.801949	  0.802336	  0.802631	  0.802839	  0.802964	  0.803014	  0.802995	  0.802915	  0.802779	  0.802596
   533	     0	         0	         0	         0	         0	         0	         0	         0	         0	         0	         0	         0	         0	         0	         0	         0	         0	 0.0014625	0.00295184	0.00457917	0.00638321	 0.0153947	 0.0298352	 0.0510365	 0.0785416	  0.109819	  0.151816	  0.205343	  0.284231	  0.336109	  0.372043	  0.405003	  0.443922	  0.490947	  0.527011	  0.554016	  0.584575	  0.616462	  0.644703	  0.672837	  0.696946	  0.718528	  0.736604	   0.75179	  0.764642	  0.771005	  0.775663	  0.779227	  0.782065	  0.784413	  0.786418	  0.788183	  0.789775	  0.791235	  0.792577	  0.793803	  0.794915	  0.795913	  0.796795	  0.797563	  0.798217	  0.798757	  0.799188	  0.799517	  0.799751	  0.799894	  0.799953	  0.799934	  0.799845	  0.799691	  0.799481	  0.799222
   534	     0	         0	         0	         0	         0	         0	         0	         0	         0	         0	         0	         0	         0	         0	         0	         0	         0	0.00158894	0.00317291	0.00487465	0.00673574	 0.0161381	 0.0310917	 0.0529266	 0.0811155	  0.113029	  0.155784	  0.210166	  0.290208	  0.342402	   0.37863	  0.411528	  0.450412	  0.497436	  0.533483	  0.560387	  0.590904	  0.622032	  0.649277	  0.676372	  0.699586	  0.720407	  0.737851	  0.752519	  0.764944	  0.771174	  0.775747	   0.77925	  0.782038	  0.784342	  0.786308	  0.788036	  0.789597	  0.791029	  0.792346	  0.793549	  0.794639	  0.795615	  0.796475	   0.79722	  0.797848	  0.798362	  0.798764	  0.799064	  0.799266	  0.799378	  0.799404	  0.799352	  0.799229	  0.799042	    0.7988	   0.79851
   535	     0	         0	         0	         0	         0	         0	         0	         0	         0	         0	         0	         0	         0	         0	         0	         0	         0	0.00157675	0.00316141	0.00487347	0.00675328	 0.0161979	 0.0312381	 0.0532096	 0.0815804	  0.113697	  0.156674	   0.21128	  0.291597	  0.343911	  0.380199	  0.413121	  0.452018	   0.49908	  0.535153	  0.562081	  0.592636	  0.623586	  0.650551	  0.677363	   0.70032	  0.720926	  0.738213	   0.75277	   0.76512	  0.771348	  0.775932	  0.779451	  0.782255	  0.784572	  0.786548	  0.788282	  0.789844	  0.791272	   0.79258	   0.79377	  0.794843	  0.795798	  0.796634	  0.797354	  0.797956	  0.798442	  0.798818	  0.799092	  0.799269	  0.799358	  0.799363	  0.799293	  0.799156	  0.798958	  0.798708	  0.798414
   536	     0	         0	         0	         0	         0	         0	         0	         0	         0	         0	         0	         0	         0	         0	         0	         0	         0	 0.0015259	0.00305811	0.00471249	 0.0065285	 0.0156507	 0.0301797	  0.051404	 0.0788219	  0.109885	  0.151541	  0.204581	  0.282647	  0.333839	  0.369279	  0.401806	  0.440327	  0.486913	  0.522654	  0.549477	  0.579853	  0.612213	  0.641176	  0.670016	  0.694787	  0.716925	  0.735398	  0.750851	  0.763873	  0.770187	  0.774757	  0.778224	  0.780964	  0.783217	  0.785134	  0.786816	  0.788332	   0.78972	  0.790993	  0.792151	  0.793194	   0.79412	  0.794927	  0.795615	  0.796184	  0.796634	  0.796968	  0.797196	  0.797323	  0.797355	  0.797298	  0.797161	  0.796949	  0.796671	  0.796336	  0.795951
   537	     0	         0	         0	         0	         0	         0	         0	         0	         0	         0	         0	         0	         0	         0	         0	         0	         0	0.00149116	 0.0030212	0.00470089	0.00656854	  0.015845	 0.0307143	 0.0525347	 0.0808167	  0.112933	  0.155906	  0.210466	  0.290704	  0.343117	  0.379476	  0.412635	  0.451741	  0.499073	  0.535469	  0.562769	  0.593758	  0.624985	  0.651987	  0.678712	  0.701448	  0.721771	  0.738789	  0.753116	  0.765291	  0.771406	  0.775933	  0.779433	  0.782245	  0.784586	  0.786595	  0.788365	   0.78996	  0.791416	  0.792745	   0.79395	  0.795033	  0.795994	  0.796834	  0.797554	  0.798157	  0.798644	  0.799021	  0.799297	   0.79948	  0.799575	  0.799589	  0.799529	  0.799403	  0.799218	  0.798982	  0.798702
   538	     0	         0	         0	         0	         0	         0	         0	         0	         0	         0	         0	         0	         0	         0	         0	         0	         0	0.00151384	0.00305462	0.00473492	0.00659321	 0.0158727	 0.0307095	 0.0524579	 0.0806282	  0.112616	  0.155468	  0.209947	   0.29019	   0.34267	  0.379203	   0.41257	  0.451946	  0.499594	  0.536358	  0.564051	    0.5955	  0.627056	  0.654221	  0.680975	  0.703634	  0.723794	  0.740603	  0.754701	  0.766646	   0.77259	  0.776984	  0.780386	  0.783128	  0.785423	  0.787404	   0.78916	  0.790755	  0.792222	  0.793571	  0.794803	  0.795917	  0.796913	  0.797788	  0.798544	  0.799182	  0.799702	  0.800111	  0.800415	  0.800624	  0.800741	  0.800774	  0.800729	  0.800614	  0.800436	  0.800203	  0.799922
   539	     0	         0	         0	         0	         0	         0	         0	         0	         0	         0	         0	         0	         0	         0	         0	         0	         0	0.00158479	 0.0031733	0.00488476	 0.0067591	  0.016202	 0.0312186	 0.0531463	 0.0814572	  0.113518	  0.156476	  0.211155	  0.291722	  0.344307	  0.380878	  0.414093	  0.453354	  0.500852	  0.537336	  0.564656	  0.595647	  0.626659	  0.653429	  0.679935	  0.702522	  0.722732	  0.739648	  0.753862	  0.765897	  0.771922	  0.776337	  0.779711	  0.782387	  0.784588	  0.786457	  0.788092	  0.789561	  0.790902	  0.792127	  0.793237	  0.794232	  0.795108	  0.795865	  0.796501	  0.797018	  0.797416	  0.797699	  0.797877	  0.797955	  0.797941	   0.79784	  0.797662	  0.797415	  0.797106	  0.796746	  0.796342
   540	     0	         0	         0	         0	         0	         0	         0	         0	         0	         0	         0	         0	         0	         0	         0	         0	         0	 0.0015442	0.00309767	0.00477594	0.00661772	 0.0158576	 0.0305599	 0.0520181	 0.0797019	  0.111014	  0.152906	  0.206097	  0.284267	  0.335164	  0.370251	  0.402303	  0.440262	  0.486212	  0.521313	   0.54745	  0.577032	  0.608967	  0.637905	  0.667042	  0.692204	  0.714809	  0.733794	   0.74975	  0.763235	  0.769874	  0.774691	  0.778342	  0.781221	  0.783578	  0.785572	   0.78731	  0.788868	  0.790286	   0.79158	  0.792752	  0.793805	  0.794737	  0.795548	   0.79624	  0.796813	  0.797269	  0.797612	   0.79785	  0.797991	   0.79804	  0.798003	  0.797889	  0.797703	  0.797454	   0.79715	  0.796798
   541	     0	         0	         0	         0	         0	         0	         0	         0	         0	         0	         0	         0	         0	         0	         0	         0	         0	0.00159495	0.00318179	0.00488339	0.00674126	  0.016135	 0.0310587	 0.0528321	 0.0809244	  0.112715	  0.155311	  0.209516	  0.289315	  0.341389	  0.377531	  0.410383	  0.449235	  0.496209	  0.532195	  0.559057	  0.589498	  0.620765	  0.648236	  0.675585	  0.699022	  0.720033	  0.737638	  0.752431	  0.764949	  0.771181	  0.775734	  0.779208	  0.781961	  0.784228	  0.786158	  0.787852	  0.789381	  0.790784	  0.792075	  0.793254	  0.794321	  0.795273	  0.796108	  0.796826	  0.797427	   0.79791	  0.798279	  0.798543	  0.798708	   0.79878	  0.798765	   0.79867	  0.798504	  0.798273	  0.797986	  0.797652
   542	     0	         0	         0	         0	         0	         0	         0	         0	         0	         0	         0	         0	         0	         0	         0	         0	         0	0.00158035	0.00316376	 0.0048699	0.00673888	 0.0161362	 0.0310762	 0.0528684	 0.0809664	   0.11273	  0.155206	  0.209141	  0.288405	   0.33999	    0.3757	  0.408184	  0.446619	  0.493132	  0.528732	  0.555302	  0.585411	  0.616882	  0.644825	   0.67276	   0.69678	  0.718351	  0.736467	  0.751719	  0.764645	  0.771093	   0.77582	  0.779436	  0.782312	  0.784685	  0.786706	   0.78848	  0.790077	  0.791538	  0.792877	  0.794095	  0.795195	  0.796176	  0.797037	   0.79778	  0.798405	  0.798914	  0.799313	   0.79961	  0.799812	  0.799926	  0.799959	  0.799918	  0.799811	  0.799647	  0.799433	  0.799177
   543	     0	         0	         0	         0	         0	         0	         0	         0	         0	         0	         0	         0	         0	         0	         0	         0	         0	0.00171026	0.00337458	0.00513137	0.00702709	 0.0167482	 0.0321085	 0.0544415	 0.0831608	  0.115565	  0.158945	  0.214133	  0.295296	  0.347979	  0.384678	  0.417622	  0.456576	  0.503662	  0.539689	  0.566461	  0.596834	  0.627121	  0.653351	  0.679478	  0.701895	  0.722082	  0.739047	  0.753341	  0.765459	  0.771636	  0.776168	  0.779621	  0.782345	  0.784572	  0.786453	  0.788091	   0.78956	  0.790904	  0.792138	  0.793264	  0.794284	  0.795196	  0.795997	  0.796686	  0.797263	  0.797726	   0.79808	  0.798332	  0.798486	  0.798549	  0.798526	  0.798425	  0.798252	  0.798016	  0.797724	  0.797384
   544	     0	         0	         0	         0	         0	         0	         0	         0	         0	         0	         0	         0	         0	         0	         0	         0	         0	 0.0015764	0.00316173	0.00487598	0.00675985	 0.0162296	  0.031324	 0.0533959	 0.0819229	  0.114246	  0.157528	  0.212557	  0.293564	  0.346391	  0.383134	  0.416427	  0.455727	  0.503276	  0.539841	  0.567229	   0.59836	  0.629157	  0.655551	  0.681618	   0.70382	  0.723693	   0.74031	  0.754273	  0.766107	  0.772093	  0.776508	  0.779905	  0.782618	  0.784865	  0.786786	  0.788476	  0.790001	  0.791399	  0.792683	  0.793855	  0.794914	   0.79586	  0.796691	  0.797407	  0.798009	  0.798497	  0.798875	  0.799151	  0.799332	  0.799423	  0.799429	   0.79936	  0.799221	   0.79902	  0.798766	  0.798465
   545	     0	         0	         0	         0	         0	         0	         0	         0	         0	         0	         0	         0	         0	         0	         0	         0	         0	0.00155335	0.00312763	0.00484074	0.00673307	 0.0162076	 0.0313544	 0.0535525	 0.0822954	   0.11491	  0.158566	  0.214011	  0.295606	   0.34879	  0.385815	  0.419348	  0.458869	  0.506693	  0.543546	  0.571171	  0.602617	  0.633139	  0.658955	  0.684334	   0.70586	  0.725105	  0.741176	  0.754691	  0.766173	  0.772058	  0.776444	  0.779852	  0.782602	  0.784901	  0.786881	  0.788632	  0.790217	  0.791672	   0.79301	  0.794231	  0.795339	  0.796332	   0.79721	  0.797975	  0.798628	  0.799168	  0.799603	  0.799938	   0.80018	  0.800335	  0.800408	  0.800405	  0.800334	    0.8002	  0.800012	  0.799775
   546	     0	         0	         0	         0	         0	         0	         0	         0	         0	         0	         0	         0	         0	         0	         0	         0	         0	0.00165655	0.00331581	0.00510338	0.00706135	 0.0169248	 0.0326123	 0.0555151	 0.0850772	  0.118536	  0.163279	   0.22012	  0.303751	  0.358134	  0.396269	  0.430447	  0.470718	  0.519481	  0.557258	  0.585737	  0.618276	  0.647874	  0.671721	  0.694797	  0.714144	  0.731381	  0.745688	  0.757677	  0.767844	  0.773198	  0.777214	  0.780347	  0.782877	  0.784989	  0.786804	  0.788404	   0.78985	  0.791172	  0.792382	  0.793479	  0.794462	  0.795328	  0.796076	  0.796706	  0.797219	  0.797614	  0.797897	  0.798076	  0.798157	  0.798149	  0.798056	  0.797888	  0.797652	  0.797357	   0.79701	  0.796622
   547	     0	         0	         0	         0	         0	         0	         0	         0	         0	         0	         0	         0	         0	         0	         0	         0	         0	0.00152307	0.00306523	 0.0047407	0.00658833	 0.0158494	 0.0306393	 0.0523049	  0.080356	  0.112201	  0.154907	  0.209275	   0.28943	  0.341886	  0.378344	  0.411607	   0.45089	  0.498418	  0.535012	    0.5625	    0.5937	  0.625151	   0.65238	  0.679294	  0.702174	  0.722579	  0.739606	  0.753878	  0.765944	  0.771924	  0.776303	  0.779654	  0.782319	   0.78452	  0.786397	  0.788045	  0.789529	  0.790888	  0.792132	  0.793262	  0.794279	   0.79518	  0.795964	   0.79663	  0.797179	  0.797611	   0.79793	  0.798144	   0.79826	  0.798284	   0.79822	  0.798078	  0.797863	  0.797585	   0.79725	  0.796867
   548	     0	         0	         0	         0	         0	         0	         0	         0	         0	         0	         0	         0	         0	         0	         0	         0	         0	0.00159463	0.00320982	0.00496369	 0.0068957	 0.0165539	 0.0319453	 0.0544307	 0.0834603	  0.116309	  0.160181	  0.215816	  0.297563	  0.350679	  0.387667	  0.421089	  0.460538	  0.508331	  0.545171	  0.572838	  0.604363	  0.634801	  0.660403	  0.685517	  0.706799	  0.725823	  0.741707	  0.755064	  0.766412	  0.772215	  0.776534	  0.779886	  0.782585	  0.784834	  0.786765	  0.788467	  0.790001	  0.791403	  0.792683	  0.793842	   0.79488	  0.795796	  0.796589	  0.797261	  0.797814	  0.798248	  0.798569	  0.798787	  0.798908	   0.79894	  0.798889	  0.798764	  0.798572	  0.798321	  0.798021	  0.797679
   549	     0	         0	         0	         0	         0	         0	         0	         0	         0	         0	         0	         0	         0	         0	         0	         0	         0	0.00160181	0.00321798	 0.0049684	0.00689329	 0.0165549	 0.0319521	 0.0544671	 0.0835686	  0.116549	  0.160686	   0.21679	  0.299405	  0.353242	  0.390885	  0.424839	  0.464862	  0.513302	  0.550733	  0.578898	  0.610994	  0.641133	  0.666014	  0.690292	   0.71076	  0.729022	  0.744239	  0.757017	  0.767859	  0.773475	  0.777666	  0.780925	   0.78355	  0.785741	  0.787624	  0.789286	   0.79079	  0.792169	  0.793434	  0.794585	  0.795622	  0.796542	  0.797345	   0.79803	  0.798597	  0.799048	  0.799386	   0.79962	  0.799757	  0.799803	  0.799764	  0.799648	  0.799462	  0.799214	  0.798913	  0.798567
   550	     0	         0	         0	         0	         0	         0	         0	         0	         0	         0	         0	         0	         0	         0	         0	         0	         0	0.00162282	0.00324157	0.00498183	  0.006886	 0.0164941	 0.0317731	 0.0540718	 0.0828374	  0.115368	  0.158872	  0.214113	  0.295306	  0.348049	  0.384701	  0.417737	  0.456729	  0.503885	  0.540019	  0.566921	  0.597483	  0.627832	  0.654018	  0.680048	  0.702367	  0.722463	  0.739348	  0.753594	  0.765705	  0.771936	  0.776557	  0.780123	  0.782975	  0.785339	   0.78736	  0.789137	  0.790739	  0.792206	  0.793554	  0.794785	  0.795903	  0.796907	  0.797797	  0.798574	  0.799239	  0.799791	  0.800237	  0.800582	  0.800834	  0.800998	  0.801079	  0.801084	   0.80102	  0.800893	  0.800713	  0.800484
   551	     0	         0	         0	         0	         0	         0	         0	         0	         0	         0	         0	         0	         0	         0	         0	         0	         0	0.00154164	0.00310008	0.00479539	0.00666973	 0.0160634	 0.0310999	 0.0531624	 0.0817662	  0.114272	  0.157856	  0.213347	  0.295107	  0.348659	  0.386056	  0.419951	  0.459795	  0.507828	  0.544678	  0.572174	  0.603302	  0.633458	  0.658998	  0.684266	  0.705778	  0.725119	  0.741411	  0.755219	  0.767026	  0.773219	  0.777883	  0.781536	  0.784498	  0.786984	  0.789131	  0.791032	  0.792753	  0.794331	  0.795781	  0.797107	  0.798315	  0.799403	  0.800375	  0.801232	  0.801977	   0.80261	  0.803137	  0.803566	  0.803902	  0.804152	  0.804318	  0.804409	   0.80443	  0.804387	  0.804287	  0.804137
   552	     0	         0	         0	         0	         0	         0	         0	         0	         0	         0	         0	         0	         0	         0	         0	         0	         0	0.00159409	0.00318293	0.00489146	0.00676238	 0.0162184	 0.0312769	  0.053288	 0.0817325	  0.113966	  0.157173	  0.212166	  0.293141	   0.34604	   0.38292	  0.416352	  0.455816	  0.503523	   0.54024	  0.567771	  0.599061	   0.62989	  0.656229	  0.682149	  0.704231	  0.723995	    0.7405	  0.754369	  0.766133	  0.772114	   0.77655	  0.779983	  0.782742	  0.785042	  0.787019	  0.788767	  0.790351	  0.791809	  0.793152	  0.794383	  0.795504	  0.796513	  0.797408	  0.798191	  0.798862	   0.79942	  0.799871	  0.800221	  0.800477	  0.800644	  0.800728	  0.800735	  0.800672	  0.800546	  0.800366	  0.800137
   553	     0	         0	         0	         0	         0	         0	         0	         0	         0	         0	         0	         0	         0	         0	         0	         0	         0	0.00164242	0.00326568	0.00499547	0.00687338	 0.0163959	 0.0314629	 0.0533705	 0.0815434	  0.113323	  0.155822	  0.209815	  0.289174	  0.340709	  0.376346	   0.40864	  0.446909	   0.49322	  0.528546	  0.554781	  0.584492	  0.615695	  0.643552	  0.671518	  0.695633	  0.717337	  0.735592	  0.750958	   0.76396	  0.770423	  0.775119	  0.778674	   0.78147	  0.783752	  0.785678	  0.787357	  0.788864	  0.790243	  0.791507	  0.792657	  0.793693	  0.794612	  0.795412	  0.796094	  0.796657	  0.797102	  0.797434	   0.79766	  0.797789	  0.797826	  0.797779	  0.797657	  0.797467	  0.797218	  0.796919	  0.796579
   554	     0	         0	         0	         0	         0	         0	         0	         0	         0	         0	         0	         0	         0	         0	         0	         0	         0	0.00159409	0.00318293	0.00489146	0.00676238	 0.0162184	 0.0312769	  0.053288	 0.0817325	  0.113966	  0.157173	  0.212166	  0.293141	   0.34604	   0.38292	  0.416352	  0.455816	  0.503523	   0.54024	  0.567771	  0.599061	   0.62989	  0.656229	  0.682149	  0.704231	  0.723995	    0.7405	  0.754369	  0.766133	  0.772114	   0.77655	  0.779983	  0.782742	  0.785042	  0.787019	  0.788767	  0.790351	  0.791809	  0.793152	  0.794383	  0.795504	  0.796513	  0.797408	  0.798191	  0.798862	   0.79942	  0.799871	  0.800221	  0.800477	  0.800644	  0.800728	  0.800735	  0.800672	  0.800546	  0.800366	  0.800137
   555	     0	         0	         0	         0	         0	         0	         0	         0	         0	         0	         0	         0	         0	         0	         0	         0	         0	0.00164267	0.00329094	0.00506876	0.00701754	  0.016835	 0.0324557	 0.0552776	 0.0847502	  0.118126	  0.162774	  0.219522	  0.303067	  0.357381	   0.39543	  0.429512	  0.469641	  0.518182	  0.555656	  0.583758	  0.615776	  0.645221	  0.669263	  0.692776	  0.712609	  0.730366	  0.745209	  0.757706	  0.768328	   0.77397	  0.778204	  0.781501	  0.784156	  0.786367	  0.788262	  0.789931	  0.791436	  0.792814	  0.794076	  0.795225	   0.79626	  0.797179	  0.797982	  0.798669	   0.79924	  0.799695	  0.800039	  0.800279	  0.800423	  0.800476	  0.800444	  0.800335	  0.800155	  0.799914	  0.799619	  0.799278
   556	     0	         0	         0	         0	         0	         0	         0	         0	         0	         0	         0	         0	         0	         0	         0	         0	         0	0.00155783	0.00312805	0.00483085	0.00670761	 0.0161308	 0.0311829	 0.0532283	 0.0817554	  0.114106	  0.157417	  0.212447	   0.29342	  0.346165	  0.382771	  0.415897	  0.454946	  0.502159	  0.538343	  0.565289	   0.59587	  0.626398	    0.6528	  0.679069	  0.701534	  0.721724	  0.738684	  0.752991	  0.765152	  0.771369	   0.77597	  0.779516	   0.78235	  0.784697	  0.786701	  0.788463	   0.79005	  0.791502	  0.792835	  0.794051	  0.795154	  0.796143	   0.79702	  0.797784	  0.798437	   0.79898	  0.799417	  0.799757	  0.800005	  0.800167	  0.800248	  0.800256	  0.800196	  0.800075	  0.799902	  0.799683
   557	     0	         0	         0	         0	         0	         0	         0	         0	         0	         0	         0	         0	         0	         0	         0	         0	         0	0.00157327	0.00317532	0.00492702	0.00687031	  0.016569	 0.0321097	  0.054912	 0.0844523	   0.11796	  0.162708	  0.219389	  0.302612	  0.356606	  0.394183	  0.427864	  0.467423	  0.515267	  0.552031	  0.579384	  0.610569	  0.639782	  0.664047	  0.687989	  0.708348	  0.726694	  0.742118	  0.755185	  0.766364	  0.772388	  0.776957	  0.780555	  0.783486	  0.785952	  0.788084	  0.789973	  0.791682	  0.793248	  0.794687	  0.796005	  0.797207	  0.798296	  0.799274	  0.800143	  0.800907	  0.801567	  0.802128	  0.802598	   0.80298	  0.803282	  0.803505	  0.803657	  0.803743	  0.803767	  0.803736	  0.803655
   558	     0	         0	         0	         0	         0	         0	         0	         0	         0	         0	         0	         0	         0	         0	         0	         0	         0	0.00159409	0.00318293	0.00489146	0.00676238	 0.0162184	 0.0312769	  0.053288	 0.0817325	  0.113966	  0.157173	  0.212166	  0.293141	   0.34604	   0.38292	  0.416352	  0.455816	  0.503523	   0.54024	  0.567771	  0.599061	   0.62989	  0.656229	  0.682149	  0.704231	  0.723995	    0.7405	  0.754369	  0.766133	  0.772114	   0.77655	  0.779983	  0.782742	  0.785042	  0.787019	  0.788767	  0.790351	  0.791809	  0.793152	  0.794383	  0.795504	  0.796513	  0.797408	  0.798191	  0.798862	   0.79942	  0.799871	  0.800221	  0.800477	  0.800644	  0.800728	  0.800735	  0.800672	  0.800546	  0.800366	  0.800137
   559	     0	         0	         0	         0	         0	         0	         0	         0	         0	         0	         0	         0	         0	         0	         0	         0	         0	0.00158035	0.00316376	 0.0048699	0.00673888	 0.0161362	 0.0310762	 0.0528684	 0.0809664	   0.11273	  0.155206	  0.209141	  0.288405	   0.33999	    0.3757	  0.408184	  0.446619	  0.493132	  0.528732	  0.555302	  0.585411	  0.616882	  0.644825	   0.67276	   0.69678	  0.718351	  0.736467	  0.751719	  0.764645	  0.771093	   0.77582	  0.779436	  0.782312	  0.784685	  0.786706	   0.78848	  0.790077	  0.791538	  0.792877	  0.794095	  0.795195	  0.796176	  0.797037	   0.79778	  0.798405	  0.798914	  0.799313	   0.79961	  0.799812	  0.799926	  0.799959	  0.799918	  0.799811	  0.799647	  0.799433	  0.799177
   560	     0	         0	         0	         0	         0	         0	         0	         0	         0	         0	         0	         0	         0	         0	         0	         0	         0	0.00154886	0.00313233	0.00486428	0.00678341	 0.0163501	 0.0316562	 0.0541058	 0.0832027	  0.116264	  0.160538	  0.216834	  0.299814	  0.354068	  0.392125	  0.426622	  0.467236	  0.516405	   0.55461	  0.583588	  0.616659	  0.647007	  0.671492	  0.695091	  0.714761	  0.732185	   0.74662	  0.758708	  0.768968	  0.774295	   0.77831	  0.781469	  0.784046	  0.786223	  0.788114	  0.789795	  0.791322	  0.792725	   0.79401	  0.795178	  0.796228	  0.797157	  0.797964	   0.79865	  0.799216	  0.799663	  0.799996	  0.800225	  0.800357	  0.800398	  0.800354	  0.800233	  0.800044	  0.799793	   0.79949	  0.799142
   561	     0	         0	         0	         0	         0	         0	         0	         0	         0	         0	         0	         0	         0	         0	         0	         0	         0	0.00158035	0.00316376	 0.0048699	0.00673888	 0.0161362	 0.0310762	 0.0528684	 0.0809664	   0.11273	  0.155206	  0.209141	  0.288405	   0.33999	    0.3757	  0.408184	  0.446619	  0.493132	  0.528732	  0.555302	  0.585411	  0.616882	  0.644825	   0.67276	   0.69678	  0.718351	  0.736467	  0.751719	  0.764645	  0.771093	   0.77582	  0.779436	  0.782312	  0.784685	  0.786706	   0.78848	  0.790077	  0.791538	  0.792877	  0.794095	  0.795195	  0.796176	  0.797037	   0.79778	  0.798405	  0.798914	  0.799313	   0.79961	  0.799812	  0.799926	  0.799959	  0.799918	  0.799811	  0.799647	  0.799433	  0.799177
   562	     0	         0	         0	         0	         0	         0	         0	         0	         0	         0	         0	         0	         0	         0	         0	         0	         0	0.00155335	0.00312763	0.00484074	0.00673307	 0.0162076	 0.0313544	 0.0535525	 0.0822954	   0.11491	  0.158566	  0.214011	  0.295606	   0.34879	  0.385815	  0.419348	  0.458869	  0.506693	  0.543546	  0.571171	  0.602617	  0.633139	  0.658955	  0.684334	   0.70586	  0.725105	  0.741176	  0.754691	  0.766173	  0.772058	  0.776444	  0.779852	  0.782602	  0.784901	  0.786881	  0.788632	  0.790217	  0.791672	   0.79301	  0.794231	  0.795339	  0.796332	   0.79721	  0.797975	  0.798628	  0.799168	  0.799603	  0.799938	   0.80018	  0.800335	  0.800408	  0.800405	  0.800334	    0.8002	  0.800012	  0.799775
   563	     0	         0	         0	         0	         0	         0	         0	         0	         0	         0	         0	         0	         0	         0	         0	         0	         0	0.00151995	0.00308025	0.00479413	0.00670062	 0.0161779	  0.031375	 0.0536883	 0.0826195	  0.115474	  0.159411	  0.215161	   0.29716	  0.350567	  0.387645	  0.421171	  0.460633	  0.508389	   0.54507	  0.572431	  0.603549	  0.633579	  0.658971	  0.684094	  0.705458	  0.724645	  0.740761	  0.754375	  0.765979	  0.772022	  0.776538	  0.780049	  0.782875	  0.785231	  0.787251	  0.789031	  0.790635	    0.7921	   0.79344	   0.79466	  0.795762	  0.796746	  0.797613	  0.798366	  0.799005	  0.799533	  0.799954	  0.800276	  0.800506	   0.80065	  0.800712	    0.8007	  0.800619	  0.800479	  0.800284	  0.800043
   564	     0	         0	         0	         0	         0	         0	         0	         0	         0	         0	         0	         0	         0	         0	         0	         0	         0	0.00154632	0.00311766	0.00483093	0.00672647	 0.0162035	 0.0313663	 0.0536033	 0.0824171	  0.115142	  0.158971	  0.214696	  0.296784	  0.350393	  0.387838	  0.421766	   0.46172	  0.510049	  0.547383	  0.575487	   0.60747	  0.637903	   0.66322	  0.687958	  0.708814	  0.727413	  0.742925	   0.75597	  0.767062	  0.772775	  0.777049	  0.780381	  0.783076	  0.785331	  0.787273	  0.788989	  0.790539	  0.791957	  0.793254	  0.794433	  0.795493	  0.796435	  0.797259	  0.797965	  0.798556	  0.799032	  0.799399	  0.799666	  0.799839	  0.799925	   0.79993	  0.799861	  0.799726	  0.799531	  0.799286	  0.798998
   565	     0	         0	         0	         0	         0	         0	         0	         0	         0	         0	         0	         0	         0	         0	         0	         0	         0	0.00155246	0.00312446	 0.0048311	0.00671095	 0.0161056	 0.0310775	 0.0529489	 0.0811861	   0.11314	  0.155852	  0.210049	  0.289681	   0.34154	  0.377441	  0.410136	  0.448804	  0.495638	  0.531566	  0.558452	   0.58897	  0.620373	  0.647923	  0.675306	  0.698729	  0.719702	  0.737269	   0.75204	  0.764561	  0.770788	  0.775359	  0.778867	  0.781665	  0.783981	   0.78596	  0.787699	  0.789265	  0.790697	  0.792006	  0.793193	  0.794258	  0.795201	   0.79602	  0.796718	  0.797295	  0.797753	  0.798099	  0.798341	  0.798487	  0.798544	  0.798518	  0.798419	  0.798255	  0.798033	  0.797762	   0.79745
   566	     0	         0	         0	         0	         0	         0	         0	         0	         0	         0	         0	         0	         0	         0	         0	         0	         0	0.00164479	0.00328834	0.00505401	0.00698263	 0.0167046	 0.0321344	 0.0546208	 0.0835988	   0.11635	  0.160133	  0.215736	  0.297515	  0.350643	  0.387675	  0.421065	  0.460523	  0.508321	  0.545146	  0.572775	  0.604242	  0.634661	  0.660297	  0.685463	    0.7068	  0.725867	  0.741774	  0.755126	  0.766439	  0.772185	  0.776429	  0.779697	  0.782307	  0.784467	  0.786311	   0.78793	   0.78939	  0.790724	  0.791945	  0.793051	   0.79404	  0.794911	  0.795662	  0.796292	  0.796801	  0.797191	  0.797466	  0.797635	  0.797706	  0.797685	   0.79758	  0.797399	  0.797149	  0.796841	  0.796483	  0.796084
   567	     0	         0	         0	         0	         0	         0	         0	         0	         0	         0	         0	         0	         0	         0	         0	         0	         0	0.00158646	 0.0031883	0.00492767	0.00684645	 0.0164573	 0.0318055	 0.0542643	  0.083294	  0.116163	  0.160065	  0.215708	  0.297383	  0.350362	  0.387091	   0.42013	  0.459044	  0.506096	  0.542071	  0.568732	  0.599036	  0.628878	  0.654553	  0.680157	   0.70215	  0.722026	  0.738788	  0.752989	  0.765111	  0.771466	  0.776219	  0.779914	  0.782887	  0.785364	  0.787489	  0.789359	  0.791045	  0.792586	  0.793999	   0.79529	  0.796463	  0.797521	  0.798466	  0.799299	  0.800023	   0.80064	  0.801153	  0.801571	  0.801899	  0.802142	  0.802305	  0.802395	  0.802417	  0.802377	  0.802282	  0.802138
   568	     0	         0	         0	         0	         0	         0	         0	         0	         0	         0	         0	         0	         0	         0	         0	         0	         0	0.00156972	0.00316274	0.00489629	0.00680996	 0.0163691	 0.0316275	 0.0539465	 0.0827887	  0.115446	  0.159066	  0.214356	  0.295575	  0.348314	  0.384924	  0.418036	  0.457107	  0.504432	  0.540814	  0.568022	  0.598987	  0.629538	  0.655686	  0.681542	  0.703574	  0.723321	  0.739856	   0.75378	  0.765611	  0.771647	  0.776124	  0.779586	  0.782363	  0.784671	  0.786648	  0.788387	  0.789953	  0.791384	  0.792691	  0.793879	  0.794947	  0.795898	   0.79673	  0.797444	  0.798044	  0.798528	  0.798904	  0.799179	   0.79936	  0.799453	  0.799463	  0.799399	  0.799266	  0.799073	  0.798827	  0.798536
   569	     0	         0	         0	         0	         0	         0	         0	         0	         0	         0	         0	         0	         0	         0	         0	         0	         0	0.00158035	0.00316376	 0.0048699	0.00673888	 0.0161362	 0.0310762	 0.0528684	 0.0809664	   0.11273	  0.155206	  0.209141	  0.288405	   0.33999	    0.3757	  0.408184	  0.446619	  0.493132	  0.528732	  0.555302	  0.585411	  0.616882	  0.644825	   0.67276	   0.69678	  0.718351	  0.736467	  0.751719	  0.764645	  0.771093	   0.77582	  0.779436	  0.782312	  0.784685	  0.786706	   0.78848	  0.790077	  0.791538	  0.792877	  0.794095	  0.795195	  0.796176	  0.797037	   0.79778	  0.798405	  0.798914	  0.799313	   0.79961	  0.799812	  0.799926	  0.799959	  0.799918	  0.799811	  0.799647	  0.799433	  0.799177
   570	     0	         0	         0	         0	         0	         0	         0	         0	         0	         0	         0	         0	         0	         0	         0	         0	         0	0.00156349	 0.0031405	0.00484923	0.00672983	 0.0161612	 0.0312016	 0.0531992	 0.0816334	  0.113853	  0.156974	   0.21176	   0.29237	  0.344918	  0.381441	  0.414594	  0.453719	  0.501045	  0.537407	  0.564624	  0.595524	  0.626511	  0.653295	  0.679834	  0.702462	   0.72272	  0.739684	  0.753957	  0.766066	  0.772177	  0.776693	  0.780176	  0.782968	  0.785289	  0.787281	  0.789039	  0.790629	  0.792088	   0.79343	  0.794656	  0.795766	   0.79676	  0.797636	  0.798395	  0.799038	  0.799566	  0.799983	  0.800297	  0.800515	  0.800643	  0.800686	  0.800652	  0.800548	  0.800381	  0.800159	  0.799889
   571	     0	         0	         0	         0	         0	         0	         0	         0	         0	         0	         0	         0	         0	         0	         0	         0	         0	0.00162782	0.00324871	0.00498981	0.00689435	 0.0165209	 0.0318351	 0.0541993	 0.0830725	  0.115756	  0.159517	  0.215173	   0.29707	  0.350399	   0.38754	  0.420959	  0.460358	  0.507958	  0.544433	  0.571572	  0.602389	   0.63232	  0.657797	  0.683053	  0.704655	  0.724114	  0.740467	  0.754273	  0.766017	  0.772122	  0.776656	  0.780155	  0.782949	  0.785259	  0.787228	  0.788956	  0.790511	  0.791934	   0.79324	  0.794432	  0.795512	   0.79648	  0.797335	  0.798077	  0.798707	  0.799224	  0.799633	   0.79994	  0.800152	  0.800274	  0.800311	   0.80027	  0.800157	  0.799979	  0.799746	  0.799463
   572	     0	         0	         0	         0	         0	         0	         0	         0	         0	         0	         0	         0	         0	         0	         0	         0	         0	0.00164696	0.00327501	0.00501625	0.00691579	  0.016556	 0.0318804	 0.0542455	 0.0830992	  0.115734	  0.159411	  0.214914	  0.296503	  0.349541	  0.386467	  0.419645	   0.45876	  0.506013	  0.542209	  0.569106	   0.59966	  0.629718	  0.655534	  0.681183	  0.703184	   0.72302	  0.739694	  0.753777	  0.765761	  0.771996	   0.77664	  0.780237	  0.783125	  0.785528	  0.787589	  0.789408	  0.791053	  0.792567	  0.793964	  0.795249	  0.796426	  0.797495	  0.798455	  0.799307	  0.800052	   0.80069	  0.801226	  0.801664	  0.802012	  0.802273	  0.802452	  0.802555	  0.802588	  0.802557	   0.80247	  0.802331
   573	     0	         0	         0	         0	         0	         0	         0	         0	         0	         0	         0	         0	         0	         0	         0	         0	         0	0.00162282	0.00324157	0.00498183	  0.006886	 0.0164941	 0.0317731	 0.0540718	 0.0828374	  0.115368	  0.158872	  0.214113	  0.295306	  0.348049	  0.384701	  0.417737	  0.456729	  0.503885	  0.540019	  0.566921	  0.597483	  0.627832	  0.654018	  0.680048	  0.702367	  0.722463	  0.739348	  0.753594	  0.765705	  0.771936	  0.776557	  0.780123	  0.782975	  0.785339	   0.78736	  0.789137	  0.790739	  0.792206	  0.793554	  0.794785	  0.795903	  0.796907	  0.797797	  0.798574	  0.799239	  0.799791	  0.800237	  0.800582	  0.800834	  0.800998	  0.801079	  0.801084	   0.80102	  0.800893	  0.800713	  0.800484
   574	     0	         0	         0	         0	         0	         0	         0	         0	         0	         0	         0	         0	         0	         0	         0	         0	         0	0.00160598	0.00322647	0.00498351	0.00691851	 0.0166124	 0.0320712	  0.054671	 0.0838659	   0.11692	  0.161086	  0.217131	  0.299486	  0.353064	  0.390491	  0.424219	  0.463956	   0.51202	  0.549065	  0.576876	  0.608548	  0.638618	   0.66365	   0.68817	  0.708954	  0.727576	  0.743162	  0.756309	  0.767515	  0.773377	  0.777789	  0.781244	  0.784048	  0.786402	  0.788435	  0.790236	  0.791867	  0.793363	  0.794736	  0.795989	  0.797123	  0.798139	  0.799037	  0.799818	  0.800485	  0.801037	  0.801482	  0.801827	  0.802079	  0.802245	   0.80233	  0.802342	  0.802288	  0.802176	  0.802013	  0.801807
   575	     0	         0	         0	         0	         0	         0	         0	         0	         0	         0	         0	         0	         0	         0	         0	         0	         0	0.00155954	0.00313943	 0.0048586	0.00675811	 0.0162765	 0.0315003	 0.0538262	 0.0827622	   0.11564	  0.159723	  0.215867	  0.298657	  0.352895	  0.390909	  0.425307	  0.465784	  0.514698	  0.552539	  0.581085	  0.613585	   0.64373	  0.668345	  0.692241	   0.71231	  0.730192	  0.745079	  0.757587	  0.768218	  0.773767	  0.777938	  0.781203	  0.783852	  0.786076	  0.787998	  0.789703	  0.791249	   0.79267	  0.793976	  0.795169	  0.796248	  0.797213	  0.798062	  0.798794	  0.799412	  0.799916	  0.800309	  0.800601	  0.800797	  0.800904	  0.800927	  0.800874	  0.800752	  0.800568	  0.800331	  0.800048
   576	     0	         0	         0	         0	         0	         0	         0	         0	         0	         0	         0	         0	         0	         0	         0	         0	         0	0.00160191	0.00320624	0.00493342	 0.0068236	 0.0163488	 0.0314887	 0.0535851	 0.0820985	  0.114367	  0.157564	  0.212478	  0.293312	  0.345944	  0.382531	  0.415687	  0.454884	  0.502342	  0.538814	   0.56611	  0.597127	  0.627962	  0.654482	  0.680698	  0.703039	  0.723035	  0.739757	  0.753806	  0.765706	  0.771696	  0.776101	  0.779478	  0.782166	  0.784385	  0.786275	  0.787933	  0.789425	  0.790789	  0.792038	   0.79317	  0.794186	  0.795084	  0.795862	  0.796521	   0.79706	   0.79748	  0.797786	  0.797987	   0.79809	  0.798102	  0.798028	  0.797877	  0.797658	  0.797378	  0.797046	   0.79667
   577	     0	         0	         0	         0	         0	         0	         0	         0	         0	         0	         0	         0	         0	         0	         0	         0	         0	0.00153606	0.00308549	0.00476542	0.00661598	  0.015889	 0.0306862	 0.0523336	 0.0803188	   0.11203	  0.154476	  0.208394	   0.28766	  0.339382	  0.375218	  0.407903	   0.44651	  0.493194	  0.528967	  0.555695	  0.585973	  0.617518	  0.645446	  0.673316	  0.697236	  0.718694	  0.736704	  0.751875	   0.76475	  0.771197	   0.77595	  0.779612	  0.782546	  0.784986	  0.787079	  0.788925	  0.790594	  0.792124	  0.793528	  0.794812	  0.795976	  0.797022	  0.797948	  0.798758	  0.799453	  0.800034	  0.800506	  0.800878	  0.801157	  0.801348	  0.801457	  0.801492	  0.801458	  0.801364	  0.801216	  0.801022
   578	     0	         0	         0	         0	         0	         0	         0	         0	         0	         0	         0	         0	         0	         0	         0	         0	         0	0.00155246	0.00312446	 0.0048311	0.00671095	 0.0161056	 0.0310775	 0.0529489	 0.0811861	   0.11314	  0.155852	  0.210049	  0.289681	   0.34154	  0.377441	  0.410136	  0.448804	  0.495638	  0.531566	  0.558452	   0.58897	  0.620373	  0.647923	  0.675306	  0.698729	  0.719702	  0.737269	   0.75204	  0.764561	  0.770788	  0.775359	  0.778867	  0.781665	  0.783981	   0.78596	  0.787699	  0.789265	  0.790697	  0.792006	  0.793193	  0.794258	  0.795201	   0.79602	  0.796718	  0.797295	  0.797753	  0.798099	  0.798341	  0.798487	  0.798544	  0.798518	  0.798419	  0.798255	  0.798033	  0.797762	   0.79745
   579	     0	         0	         0	         0	         0	         0	         0	         0	         0	         0	         0	         0	         0	         0	         0	         0	         0	0.00155246	0.00312446	 0.0048311	0.00671095	 0.0161056	 0.0310775	 0.0529489	 0.0811861	   0.11314	  0.155852	  0.210049	  0.289681	   0.34154	  0.377441	  0.410136	  0.448804	  0.495638	  0.531566	  0.558452	   0.58897	  0.620373	  0.647923	  0.675306	  0.698729	  0.719702	  0.737269	   0.75204	  0.764561	  0.770788	  0.775359	  0.778867	  0.781665	  0.783981	   0.78596	  0.787699	  0.789265	  0.790697	  0.792006	  0.793193	  0.794258	  0.795201	   0.79602	  0.796718	  0.797295	  0.797753	  0.798099	  0.798341	  0.798487	  0.798544	  0.798518	  0.798419	  0.798255	  0.798033	  0.797762	   0.79745
   580	     0	         0	         0	         0	         0	         0	         0	         0	         0	         0	         0	         0	         0	         0	         0	         0	         0	0.00159409	0.00318293	0.00489146	0.00676238	 0.0162184	 0.0312769	  0.053288	 0.0817325	  0.113966	  0.157173	  0.212166	  0.293141	   0.34604	   0.38292	  0.416352	  0.455816	  0.503523	   0.54024	  0.567771	  0.599061	   0.62989	  0.656229	  0.682149	  0.704231	  0.723995	    0.7405	  0.754369	  0.766133	  0.772114	   0.77655	  0.779983	  0.782742	  0.785042	  0.787019	  0.788767	  0.790351	  0.791809	  0.793152	  0.794383	  0.795504	  0.796513	  0.797408	  0.798191	  0.798862	   0.79942	  0.799871	  0.800221	  0.800477	  0.800644	  0.800728	  0.800735	  0.800672	  0.800546	  0.800366	  0.800137
   581	     0	         0	         0	         0	         0	         0	         0	         0	         0	         0	         0	         0	         0	         0	         0	         0	         0	0.00160005	0.00321881	0.00497527	 0.0069091	 0.0165754	 0.0319728	 0.0544507	 0.0834448	  0.116216	   0.15993	  0.215272	  0.296461	  0.349064	  0.385596	  0.418605	  0.457594	  0.504855	  0.541219	  0.568461	  0.599504	  0.630103	  0.656223	  0.681973	  0.703892	  0.723517	  0.739925	  0.753729	  0.765459	  0.771423	  0.775851	  0.779282	  0.782041	  0.784338	  0.786309	  0.788045	  0.789609	  0.791037	   0.79234	   0.79352	  0.794577	  0.795513	  0.796326	  0.797019	  0.797592	  0.798049	  0.798394	  0.798636	  0.798784	  0.798842	  0.798818	   0.79872	  0.798555	   0.79833	  0.798055	  0.797735
   582	     0	         0	         0	         0	         0	         0	         0	         0	         0	         0	         0	         0	         0	         0	         0	         0	         0	0.00159471	0.00318974	0.00490757	0.00678963	 0.0162664	 0.0313454	 0.0533597	 0.0817744	  0.113934	  0.156974	  0.211668	  0.292088	  0.344544	  0.381078	  0.414269	  0.453483	  0.500918	  0.537428	  0.564846	  0.596012	  0.627187	  0.654034	  0.680471	  0.703019	  0.723182	  0.740015	  0.754155	  0.766148	  0.772194	  0.776678	  0.780156	   0.78296	  0.785308	  0.787333	   0.78913	  0.790762	  0.792264	  0.793649	  0.794919	  0.796073	   0.79711	  0.798031	  0.798835	  0.799524	  0.800099	  0.800564	  0.800927	  0.801195	  0.801374	  0.801468	  0.801487	  0.801437	  0.801324	  0.801157	  0.800943
   583	     0	         0	         0	         0	         0	         0	         0	         0	         0	         0	         0	         0	         0	         0	         0	         0	         0	0.00151483	0.00305472	0.00473255	0.00658677	 0.0158351	 0.0306065	 0.0522227	 0.0801726	  0.111846	  0.154219	  0.208024	  0.287111	  0.338714	  0.374407	  0.406986	  0.445474	  0.492027	  0.527666	  0.554278	  0.584407	  0.616009	  0.644105	  0.672225	  0.696365	  0.718021	  0.736215	  0.751538	  0.764532	  0.770999	   0.77574	  0.779373	  0.782264	  0.784653	   0.78669	  0.788477	  0.790083	  0.791548	  0.792887	  0.794101	  0.795194	  0.796165	  0.797015	  0.797744	  0.798355	  0.798849	  0.799231	   0.79951	  0.799692	  0.799784	  0.799791	  0.799721	  0.799581	  0.799379	  0.799123	   0.79882
   584	     0	         0	         0	         0	         0	         0	         0	         0	         0	         0	         0	         0	         0	         0	         0	         0	         0	0.00152511	0.00305707	0.00471266	0.00653189	 0.0156898	 0.0302953	 0.0516719	 0.0793337	  0.110728	   0.15288	  0.206625	  0.285881	  0.337909	  0.374046	  0.407118	  0.446208	  0.493447	  0.529711	  0.556901	  0.587675	  0.619469	  0.647427	  0.675184	  0.698883	   0.72005	  0.737745	  0.752585	  0.765128	  0.771297	  0.775797	  0.779228	  0.781952	  0.784198	  0.786115	    0.7878	  0.789323	  0.790723	   0.79201	  0.793186	   0.79425	  0.795198	  0.796029	  0.796742	  0.797337	  0.797814	  0.798177	  0.798433	   0.79859	  0.798654	   0.79863	  0.798527	  0.798351	  0.798111	  0.797816	  0.797472
   585	     0	         0	         0	         0	         0	         0	         0	         0	         0	         0	         0	         0	         0	         0	         0	         0	         0	0.00158085	0.00318031	0.00491743	0.00683259	 0.0164203	 0.0317196	 0.0541038	  0.083041	  0.115827	  0.159662	  0.215306	  0.297133	  0.350379	  0.387473	   0.42098	  0.460473	  0.508256	   0.54502	  0.572547	  0.603852	  0.634147	   0.65974	  0.684967	  0.706399	  0.725608	  0.741711	  0.755293	  0.766856	  0.772839	  0.777311	  0.780792	  0.783601	  0.785948	  0.787967	  0.789752	  0.791365	  0.792843	    0.7942	  0.795437	  0.796555	  0.797555	  0.798437	  0.799201	   0.79985	  0.800385	  0.800811	  0.801136	  0.801368	  0.801513	  0.801577	  0.801567	   0.80149	  0.801355	  0.801168	  0.800938
   586	     0	         0	         0	         0	         0	         0	         0	         0	         0	         0	         0	         0	         0	         0	         0	         0	         0	0.00160065	0.00320769	0.00494246	0.00684589	 0.0164192	 0.0316601	 0.0539263	 0.0826809	  0.115237	  0.158795	  0.214138	  0.295571	  0.348551	  0.385389	  0.418641	  0.457862	  0.505284	  0.541644	  0.568738	  0.599496	  0.629821	  0.655837	  0.681669	  0.703715	  0.723514	  0.740139	  0.754156	  0.766063	  0.772159	  0.776668	   0.78014	  0.782911	  0.785205	  0.787163	  0.788884	  0.790435	  0.791857	  0.793162	  0.794351	  0.795425	  0.796383	  0.797224	  0.797947	  0.798554	  0.799045	  0.799423	  0.799697	  0.799874	  0.799958	  0.799956	  0.799875	  0.799722	  0.799504	  0.799231	  0.798909
   587	     0	         0	         0	         0	         0	         0	         0	         0	         0	         0	         0	         0	         0	         0	         0	         0	         0	0.00158894	0.00317291	0.00487465	0.00673574	 0.0161381	 0.0310917	 0.0529266	 0.0811155	  0.113029	  0.155784	  0.210166	  0.290208	  0.342402	   0.37863	  0.411528	  0.450412	  0.497436	  0.533483	  0.560387	  0.590904	  0.622032	  0.649277	  0.676372	  0.699586	  0.720407	  0.737851	  0.752519	  0.764944	  0.771174	  0.775747	   0.77925	  0.782038	  0.784342	  0.786308	  0.788036	  0.789597	  0.791029	  0.792346	  0.793549	  0.794639	  0.795615	  0.796475	   0.79722	  0.797848	  0.798362	  0.798764	  0.799064	  0.799266	  0.799378	  0.799404	  0.799352	  0.799229	  0.799042	    0.7988	   0.79851
   588	     0	         0	         0	         0	         0	         0	         0	         0	         0	         0	         0	         0	         0	         0	         0	         0	         0	0.00158866	0.00317726	0.00488501	0.00675139	 0.0161656	 0.0311165	 0.0529206	 0.0810369	  0.112835	  0.155413	  0.209559	  0.289267	  0.341198	  0.377179	  0.409897	  0.448641	  0.495567	  0.531563	  0.558487	  0.589047	  0.620467	  0.648079	  0.675555	  0.699086	  0.720161	  0.737792	  0.752579	  0.765064	  0.771233	  0.775715	  0.779113	  0.781791	  0.783981	  0.785832	  0.787447	  0.788896	  0.790221	  0.791433	  0.792533	  0.793521	  0.794394	   0.79515	   0.79579	  0.796313	  0.796718	  0.797011	    0.7972	  0.797292	  0.797292	  0.797208	  0.797048	  0.796819	  0.796531	  0.796192	   0.79581
   589	     0	         0	         0	         0	         0	         0	         0	         0	         0	         0	         0	         0	         0	         0	         0	         0	         0	0.00165655	0.00331581	0.00510338	0.00706135	 0.0169248	 0.0326123	 0.0555151	 0.0850772	  0.118536	  0.163279	   0.22012	  0.303751	  0.358134	  0.396269	  0.430447	  0.470718	  0.519481	  0.557258	  0.585737	  0.618276	  0.647874	  0.671721	  0.694797	  0.714144	  0.731381	  0.745688	  0.757677	  0.767844	  0.773198	  0.777214	  0.780347	  0.782877	  0.784989	  0.786804	  0.788404	   0.78985	  0.791172	  0.792382	  0.793479	  0.794462	  0.795328	  0.796076	  0.796706	  0.797219	  0.797614	  0.797897	  0.798076	  0.798157	  0.798149	  0.798056	  0.797888	  0.797652	  0.797357	   0.79701	  0.796622
   590	     0	         0	         0	         0	         0	         0	         0	         0	         0	         0	         0	         0	         0	         0	         0	         0	         0	0.00165655	0.00331581	0.00510338	0.00706135	 0.0169248	 0.0326123	 0.0555151	 0.0850772	  0.118536	  0.163279	   0.22012	  0.303751	  0.358134	  0.396269	  0.430447	  0.470718	  0.519481	  0.557258	  0.585737	  0.618276	  0.647874	  0.671721	  0.694797	  0.714144	  0.731381	  0.745688	  0.757677	  0.767844	  0.773198	  0.777214	  0.780347	  0.782877	  0.784989	  0.786804	  0.788404	   0.78985	  0.791172	  0.792382	  0.793479	  0.794462	  0.795328	  0.796076	  0.796706	  0.797219	  0.797614	  0.797897	  0.798076	  0.798157	  0.798149	  0.798056	  0.797888	  0.797652	  0.797357	   0.79701	  0.796622
   591	     0	         0	         0	         0	         0	         0	         0	         0	         0	         0	         0	         0	         0	         0	         0	         0	         0	0.00173721	 0.0034444	0.00525566	0.00721493	 0.0171748	 0.0328991	 0.0557168	 0.0850053	  0.117983	  0.161992	  0.217812	  0.299708	  0.352684	   0.38965	  0.422757	  0.461949	   0.50945	   0.54601	    0.5734	  0.604637	  0.634796	  0.660229	  0.685192	  0.706466	  0.725549	  0.741488	  0.754884	  0.766248	  0.772084	  0.776411	   0.77975	  0.782421	  0.784633	  0.786521	   0.78818	  0.789675	  0.791043	  0.792298	  0.793438	  0.794464	  0.795373	  0.796164	  0.796838	  0.797395	  0.797835	  0.798164	  0.798391	  0.798524	  0.798568	  0.798531	  0.798422	  0.798249	  0.798021	  0.797747	  0.797436
   592	     0	         0	         0	         0	         0	         0	         0	         0	         0	         0	         0	         0	         0	         0	         0	         0	         0	 0.0016759	 0.0033335	0.00510393	 0.0070312	 0.0168062	 0.0323096	 0.0548971	 0.0839913	  0.116851	   0.16077	  0.216529	  0.298454	  0.351547	  0.388505	  0.421612	  0.460672	  0.507897	  0.544048	  0.570889	  0.601382	  0.631234	    0.6568	  0.682239	  0.704025	  0.723664	  0.740194	   0.75416	  0.766041	  0.772217	  0.776804	  0.780344	  0.783171	  0.785511	  0.787509	  0.789264	  0.790848	  0.792301	  0.793637	   0.79486	  0.795971	  0.796969	  0.797853	  0.798623	  0.799281	  0.799825	  0.800261	  0.800596	  0.800836	  0.800988	  0.801056	  0.801049	  0.800971	  0.800833	   0.80064	  0.800402
   593	     0	         0	         0	         0	         0	         0	         0	         0	         0	         0	         0	         0	         0	         0	         0	         0	         0	0.00165831	0.00329339	0.00503355	0.00692142	 0.0165008	 0.0316541	 0.0536797	 0.0819938	  0.113921	    0.1566	  0.210802	  0.290436	  0.342108	  0.377913	  0.410306	  0.448673	  0.495089	  0.530533	  0.556891	  0.586753	  0.617831	  0.645416	  0.673047	  0.696871	  0.718325	  0.736374	  0.751583	  0.764472	  0.770935	   0.77566	  0.779259	  0.782105	  0.784437	  0.786412	  0.788137	  0.789685	  0.791099	  0.792394	  0.793572	  0.794633	  0.795577	  0.796402	  0.797109	  0.797698	   0.79817	  0.798531	  0.798787	  0.798948	  0.799018	  0.799005	  0.798917	  0.798761	  0.798546	  0.798281	  0.797975
   594	     0	         0	         0	         0	         0	         0	         0	         0	         0	         0	         0	         0	         0	         0	         0	         0	         0	0.00151384	0.00305462	0.00473492	0.00659321	 0.0158727	 0.0307095	 0.0524579	 0.0806282	  0.112616	  0.155468	  0.209947	   0.29019	   0.34267	  0.379203	   0.41257	  0.451946	  0.499594	  0.536358	  0.564051	    0.5955	  0.627056	  0.654221	  0.680975	  0.703634	  0.723794	  0.740603	  0.754701	  0.766646	   0.77259	  0.776984	  0.780386	  0.783128	  0.785423	  0.787404	   0.78916	  0.790755	  0.792222	  0.793571	  0.794803	  0.795917	  0.796913	  0.797788	  0.798544	  0.799182	  0.799702	  0.800111	  0.800415	  0.800624	  0.800741	  0.800774	  0.800729	  0.800614	  0.800436	  0.800203	  0.799922
   595	     0	         0	         0	         0	         0	         0	         0	         0	         0	         0	         0	         0	         0	         0	         0	         0	         0	 0.0014625	0.00295184	0.00457917	0.00638321	 0.0153947	 0.0298352	 0.0510365	 0.0785416	  0.109819	  0.151816	  0.205343	  0.284231	  0.336109	  0.372043	  0.405003	  0.443922	  0.490947	  0.527011	  0.554016	  0.584575	  0.616462	  0.644703	  0.672837	  0.696946	  0.718528	  0.736604	   0.75179	  0.764642	  0.771005	  0.775663	  0.779227	  0.782065	  0.784413	  0.786418	  0.788183	  0.789775	  0.791235	  0.792577	  0.793803	  0.794915	  0.795913	  0.796795	  0.797563	  0.798217	  0.798757	  0.799188	  0.799517	  0.799751	  0.799894	  0.799953	  0.799934	  0.799845	  0.799691	  0.799481	  0.799222
   596	     0	         0	         0	         0	         0	         0	         0	         0	         0	         0	         0	         0	         0	         0	         0	         0	         0	0.00159471	0.00318974	0.00490757	0.00678963	 0.0162664	 0.0313454	 0.0533597	 0.0817744	  0.113934	  0.156974	  0.211668	  0.292088	  0.344544	  0.381078	  0.414269	  0.453483	  0.500918	  0.537428	  0.564846	  0.596012	  0.627187	  0.654034	  0.680471	  0.703019	  0.723182	  0.740015	  0.754155	  0.766148	  0.772194	  0.776678	  0.780156	   0.78296	  0.785308	  0.787333	   0.78913	  0.790762	  0.792264	  0.793649	  0.794919	  0.796073	   0.79711	  0.798031	  0.798835	  0.799524	  0.800099	  0.800564	  0.800927	  0.801195	  0.801374	  0.801468	  0.801487	  0.801437	  0.801324	  0.801157	  0.800943
   597	     0	         0	         0	         0	         0	         0	         0	         0	         0	         0	         0	         0	         0	         0	         0	         0	         0	0.00154971	  0.003105	0.00478539	0.00663187	 0.0159102	 0.0307004	  0.052324	 0.0802692	  0.111935	  0.154361	  0.208341	  0.287769	  0.339742	  0.375873	  0.408835	  0.447751	   0.49473	  0.530724	  0.557631	  0.588059	  0.619536	  0.647295	  0.674966	  0.698729	  0.720064	  0.737992	  0.753109	  0.765948	  0.772416	  0.777196	  0.780886	  0.783846	   0.78631	  0.788427	  0.790298	  0.791991	  0.793546	  0.794977	  0.796289	  0.797484	  0.798562	  0.799523	  0.800368	  0.801098	  0.801715	  0.802223	  0.802629	  0.802941	  0.803162	    0.8033	   0.80336	  0.803348	  0.803273	  0.803141	   0.80296
   598	     0	         0	         0	         0	         0	         0	         0	         0	         0	         0	         0	         0	         0	         0	         0	         0	         0	0.00167067	0.00333746	0.00512795	0.00708485	 0.0169626	 0.0326539	  0.055545	 0.0850663	  0.118447	  0.163046	  0.219638	   0.30281	  0.356719	  0.394401	  0.428098	  0.467786	  0.515789	   0.55272	  0.580276	  0.611647	  0.641055	  0.665431	  0.689413	  0.709732	  0.727969	  0.743264	  0.756176	  0.767179	  0.773008	  0.777389	   0.78081	  0.783573	  0.785883	  0.787872	  0.789631	  0.791223	  0.792684	  0.794027	  0.795253	  0.796361	  0.797352	  0.798222	  0.798975	   0.79961	  0.800128	  0.800535	  0.800838	  0.801046	  0.801163	  0.801196	  0.801153	  0.801041	  0.800866	  0.800639	  0.800365
   599	     0	         0	         0	         0	         0	         0	         0	         0	         0	         0	         0	         0	         0	         0	         0	         0	         0	0.00156385	0.00314352	0.00485821	0.00674867	 0.0162196	 0.0313411	 0.0534724	 0.0820914	  0.114522	  0.157889	  0.212909	  0.293772	   0.34638	  0.382912	  0.416009	  0.455042	  0.502267	  0.538537	  0.565626	  0.596418	  0.627131	  0.653617	  0.679856	  0.702253	  0.722337	  0.739168	  0.753353	  0.765415	  0.771571	   0.77615	  0.779704	  0.782569	  0.784963	  0.787026	   0.78885	  0.790502	  0.792019	  0.793413	   0.79469	  0.795849	  0.796893	  0.797821	  0.798634	  0.799336	  0.799926	  0.800409	  0.800794	  0.801086	  0.801292	  0.801415	  0.801464	  0.801443	   0.80136	  0.801222	  0.801034
   600	     0	         0	         0	         0	         0	         0	         0	         0	         0	         0	         0	         0	         0	         0	         0	         0	         0	0.00152546	0.00308559	0.00479432	0.00669079	 0.0161304	 0.0312473	 0.0534192	 0.0821412	  0.114736	  0.158322	  0.213627	  0.294937	  0.347913	  0.384681	  0.418012	  0.457285	  0.504811	  0.541305	  0.568559	  0.599532	  0.629976	   0.65599	   0.68175	  0.703697	  0.723396	  0.739935	    0.7539	  0.765797	  0.771926	  0.776499	  0.780052	  0.782916	  0.785307	  0.787362	  0.789175	  0.790812	   0.79231	  0.793682	  0.794932	  0.796063	  0.797074	  0.797967	  0.798744	  0.799407	  0.799956	  0.800399	  0.800742	  0.800993	  0.801157	   0.80124	   0.80125	  0.801192	  0.801075	  0.800905	   0.80069
   601	     0	         0	         0	         0	         0	         0	         0	         0	         0	         0	         0	         0	         0	         0	         0	         0	         0	0.00159409	0.00318293	0.00489146	0.00676238	 0.0162184	 0.0312769	  0.053288	 0.0817325	  0.113966	  0.157173	  0.212166	  0.293141	   0.34604	   0.38292	  0.416352	  0.455816	  0.503523	   0.54024	  0.567771	  0.599061	   0.62989	  0.656229	  0.682149	  0.704231	  0.723995	    0.7405	  0.754369	  0.766133	  0.772114	   0.77655	  0.779983	  0.782742	  0.785042	  0.787019	  0.788767	  0.790351	  0.791809	  0.793152	  0.794383	  0.795504	  0.796513	  0.797408	  0.798191	  0.798862	   0.79942	  0.799871	  0.800221	  0.800477	  0.800644	  0.800728	  0.800735	  0.800672	  0.800546	  0.800366	  0.800137
   602	     0	         0	         0	         0	         0	         0	         0	         0	         0	         0	         0	         0	         0	         0	         0	         0	         0	0.00156349	 0.0031405	0.00484923	0.00672983	 0.0161612	 0.0312016	 0.0531992	 0.0816334	  0.113853	  0.156974	   0.21176	   0.29237	  0.344918	  0.381441	  0.414594	  0.453719	  0.501045	  0.537407	  0.564624	  0.595524	  0.626511	  0.653295	  0.679834	  0.702462	   0.72272	  0.739684	  0.753957	  0.766066	  0.772177	  0.776693	  0.780176	  0.782968	  0.785289	  0.787281	  0.789039	  0.790629	  0.792088	   0.79343	  0.794656	  0.795766	   0.79676	  0.797636	  0.798395	  0.799038	  0.799566	  0.799983	  0.800297	  0.800515	  0.800643	  0.800686	  0.800652	  0.800548	  0.800381	  0.800159	  0.799889
   603	     0	         0	         0	         0	         0	         0	         0	         0	         0	         0	         0	         0	         0	         0	         0	         0	         0	0.00159409	0.00318293	0.00489146	0.00676238	 0.0162184	 0.0312769	  0.053288	 0.0817325	  0.113966	  0.157173	  0.212166	  0.293141	   0.34604	   0.38292	  0.416352	  0.455816	  0.503523	   0.54024	  0.567771	  0.599061	   0.62989	  0.656229	  0.682149	  0.704231	  0.723995	    0.7405	  0.754369	  0.766133	  0.772114	   0.77655	  0.779983	  0.782742	  0.785042	  0.787019	  0.788767	  0.790351	  0.791809	  0.793152	  0.794383	  0.795504	  0.796513	  0.797408	  0.798191	  0.798862	   0.79942	  0.799871	  0.800221	  0.800477	  0.800644	  0.800728	  0.800735	  0.800672	  0.800546	  0.800366	  0.800137
   604	     0	         0	         0	         0	         0	         0	         0	         0	         0	         0	         0	         0	         0	         0	         0	         0	         0	0.00156233	0.00312816	0.00481834	0.00667432	 0.0160199	 0.0309185	 0.0527096	  0.080883	   0.11282	  0.155623	  0.210084	  0.290271	  0.342635	  0.379007	  0.412066	  0.451094	  0.498265	  0.534439	  0.561456	  0.592083	  0.623141	  0.650216	  0.677123	  0.700156	   0.72082	  0.738148	  0.752737	  0.765116	  0.771359	  0.775961	  0.779498	  0.782322	  0.784659	  0.786656	   0.78841	  0.789992	  0.791439	  0.792766	  0.793976	  0.795071	  0.796049	  0.796912	  0.797659	  0.798291	   0.79881	  0.799218	  0.799526	  0.799737	   0.79986	  0.799897	  0.799858	  0.799749	  0.799576	  0.799349	  0.799073
   605	     0	         0	         0	         0	         0	         0	         0	         0	         0	         0	         0	         0	         0	         0	         0	         0	         0	0.00159405	0.00318872	0.00490617	0.00678776	  0.016262	 0.0313354	 0.0533404	 0.0817382	  0.113869	  0.156859	  0.211465	  0.291758	  0.344012	  0.380285	  0.413161	  0.451995	  0.498961	  0.534958	  0.561819	  0.592296	  0.623252	  0.650278	  0.677168	  0.700212	    0.7209	  0.738256	  0.752871	   0.76527	  0.771529	  0.776141	  0.779687	  0.782519	  0.784863	  0.786868	  0.788631	  0.790222	  0.791679	  0.793017	  0.794238	  0.795343	  0.796331	  0.797202	  0.797957	  0.798596	   0.79912	  0.799533	  0.799844	  0.800059	  0.800183	  0.800223	  0.800185	  0.800076	  0.799904	  0.799677	  0.799402
   606	     0	         0	         0	         0	         0	         0	         0	         0	         0	         0	         0	         0	         0	         0	         0	         0	         0	0.00158425	0.00318325	0.00491499	0.00681908	 0.0163724	 0.0315919	  0.053841	 0.0825928	  0.115174	  0.158796	  0.214288	  0.296051	  0.349393	  0.386578	  0.420219	    0.4599	  0.507891	  0.544795	  0.572437	  0.603818	  0.634187	  0.659822	  0.685093	  0.706505	  0.725662	  0.741711	  0.755225	  0.766701	  0.772558	   0.77689	  0.780227	   0.78289	  0.785091	  0.786966	  0.788611	  0.790091	  0.791442	  0.792677	  0.793795	  0.794795	  0.795676	  0.796436	  0.797075	  0.797594	  0.797994	  0.798279	  0.798458	  0.798539	  0.798528	  0.798433	  0.798261	  0.798021	  0.797721	  0.797372	   0.79698
   607	     0	         0	         0	         0	         0	         0	         0	         0	         0	         0	         0	         0	         0	         0	         0	         0	         0	0.00153712	0.00308748	0.00476847	0.00662035	 0.0159085	 0.0307368	 0.0524405	 0.0805192	  0.112364	  0.155038	   0.20932	  0.289222	  0.341479	  0.377766	  0.410845	  0.449913	  0.497164	  0.533496	   0.56075	  0.591701	  0.623142	  0.650509	  0.677578	  0.700698	   0.72137	  0.738626	  0.753101	  0.765348	  0.771446	  0.775927	  0.779369	   0.78212	  0.784402	  0.786358	  0.788083	  0.789641	  0.791071	  0.792386	  0.793587	  0.794675	   0.79565	   0.79651	  0.797256	  0.797888	  0.798406	  0.798814	   0.79912	   0.79933	  0.799449	  0.799482	  0.799436	  0.799318	  0.799135	  0.798895	  0.798603
   608	     0	         0	         0	         0	         0	         0	         0	         0	         0	         0	         0	         0	         0	         0	         0	         0	         0	0.00157025	0.00316284	0.00489492	  0.006806	  0.016354	 0.0315891	 0.0538706	 0.0826643	  0.115274	  0.158857	  0.214157	  0.295436	  0.348353	  0.385191	  0.418577	  0.457978	  0.505689	  0.542456	  0.570085	  0.601536	  0.632274	  0.658341	   0.68396	  0.705714	  0.725164	  0.741419	  0.755094	  0.766715	  0.772644	  0.777061	  0.780495	  0.783267	  0.785585	  0.787581	  0.789347	  0.790944	  0.792409	  0.793752	  0.794975	  0.796079	  0.797064	  0.797929	  0.798675	  0.799305	   0.79982	  0.800225	  0.800529	  0.800739	  0.800861	  0.800903	  0.800871	  0.800773	  0.800618	  0.800412	  0.800164
   609	     0	         0	         0	         0	         0	         0	         0	         0	         0	         0	         0	         0	         0	         0	         0	         0	         0	0.00163524	 0.0032581	0.00499355	0.00688323	 0.0164493	 0.0316181	 0.0537158	 0.0821861	  0.114361	  0.157417	  0.212124	  0.292603	  0.344931	  0.381334	  0.414322	  0.453364	  0.500658	   0.53707	  0.564396	  0.595486	  0.626653	  0.653547	  0.680066	  0.702649	   0.72281	  0.739609	  0.753677	  0.765564	  0.771471	  0.775796	  0.779105	  0.781738	  0.783912	  0.785766	  0.787394	  0.788862	  0.790207	   0.79144	  0.792561	  0.793568	   0.79446	  0.795233	  0.795887	  0.796423	   0.79684	  0.797144	  0.797343	  0.797444	  0.797453	  0.797377	  0.797223	     0.797	  0.796716	   0.79638	  0.795999
   610	     0	         0	         0	         0	         0	         0	         0	         0	         0	         0	         0	         0	         0	         0	         0	         0	         0	0.00167261	0.00332828	0.00509853	0.00702768	 0.0168091	 0.0323373	 0.0549786	 0.0841638	  0.117151	  0.161253	  0.217243	  0.299512	  0.352886	  0.390169	  0.423593	  0.463002	  0.510659	  0.547318	   0.57469	  0.605852	  0.635769	  0.660984	  0.685832	  0.707006	  0.726029	  0.741967	  0.755406	  0.766845	  0.772836	  0.777325	  0.780825	  0.783654	   0.78602	  0.788061	  0.789867	  0.791506	  0.793013	  0.794403	  0.795679	  0.796844	  0.797895	  0.798834	  0.799662	  0.800378	  0.800983	  0.801483	  0.801883	   0.80219	   0.80241	  0.802546	  0.802607	  0.802597	  0.802524	  0.802395	  0.802217
   611	     0	         0	         0	         0	         0	         0	         0	         0	         0	         0	         0	         0	         0	         0	         0	         0	         0	0.00160065	0.00320769	0.00494246	0.00684589	 0.0164192	 0.0316601	 0.0539263	 0.0826809	  0.115237	  0.158795	  0.214138	  0.295571	  0.348551	  0.385389	  0.418641	  0.457862	  0.505284	  0.541644	  0.568738	  0.599496	  0.629821	  0.655837	  0.681669	  0.703715	  0.723514	  0.740139	  0.754156	  0.766063	  0.772159	  0.776668	   0.78014	  0.782911	  0.785205	  0.787163	  0.788884	  0.790435	  0.791857	  0.793162	  0.794351	  0.795425	  0.796383	  0.797224	  0.797947	  0.798554	  0.799045	  0.799423	  0.799697	  0.799874	  0.799958	  0.799956	  0.799875	  0.799722	  0.799504	  0.799231	  0.798909
   612	     0	         0	         0	         0	         0	         0	         0	         0	         0	         0	         0	         0	         0	         0	         0	         0	         0	0.00154632	0.00311766	0.00483093	0.00672647	 0.0162035	 0.0313663	 0.0536033	 0.0824171	  0.115142	  0.158971	  0.214696	  0.296784	  0.350393	  0.387838	  0.421766	   0.46172	  0.510049	  0.547383	  0.575487	   0.60747	  0.637903	   0.66322	  0.687958	  0.708814	  0.727413	  0.742925	   0.75597	  0.767062	  0.772775	  0.777049	  0.780381	  0.783076	  0.785331	  0.787273	  0.788989	  0.790539	  0.791957	  0.793254	  0.794433	  0.795493	  0.796435	  0.797259	  0.797965	  0.798556	  0.799032	  0.799399	  0.799666	  0.799839	  0.799925	   0.79993	  0.799861	  0.799726	  0.799531	  0.799286	  0.798998
   613	     0	         0	         0	         0	         0	         0	         0	         0	         0	         0	         0	         0	         0	         0	         0	         0	         0	 0.0015867	0.00318441	0.00491072	0.00680472	 0.0163129	  0.031437	 0.0535132	 0.0820033	  0.114245	  0.157391	  0.212238	  0.292979	  0.345607	  0.382175	  0.415354	  0.454577	  0.502068	  0.538559	  0.565898	  0.596946	  0.627867	  0.654445	  0.680715	  0.703061	  0.723042	  0.739755	  0.753797	  0.765689	  0.771637	  0.775998	  0.779334	  0.781984	  0.784167	  0.786024	   0.78765	  0.789113	  0.790449	   0.79167	  0.792775	  0.793763	  0.794631	  0.795377	  0.796002	  0.796505	  0.796888	  0.797156	  0.797317	  0.797381	  0.797353	  0.797241	  0.797053	  0.796799	  0.796487	  0.796127	  0.795728
   614	     0	         0	         0	         0	         0	         0	         0	         0	         0	         0	         0	         0	         0	         0	         0	         0	         0	0.00161947	0.00326226	0.00504745	0.00701469	 0.0168626	 0.0325667	 0.0555419	 0.0852501	  0.118932	  0.163974	  0.221188	  0.305462	  0.360372	  0.399066	  0.433878	  0.474871	  0.524575	  0.563427	  0.593085	  0.627086	  0.657003	  0.680286	  0.702415	  0.720659	  0.736731	  0.749933	  0.760919	  0.770204	  0.775117	  0.778839	   0.78178	  0.784188	  0.786225	  0.787997	  0.789574	  0.791008	  0.792325	  0.793532	  0.794626	  0.795605	  0.796466	  0.797206	  0.797827	  0.798328	   0.79871	   0.79898	  0.799146	  0.799216	  0.799198	  0.799097	  0.798925	  0.798688	  0.798395	  0.798056	  0.797679
   615	     0	         0	         0	         0	         0	         0	         0	         0	         0	         0	         0	         0	         0	         0	         0	         0	         0	0.00146043	0.00295788	0.00460198	0.00643119	 0.0155332	 0.0301436	 0.0516212	 0.0795191	  0.111282	  0.153923	  0.208259	  0.288378	  0.341115	  0.377849	  0.411534	  0.451254	  0.499267	  0.536334	  0.564324	  0.596099	  0.627795	  0.654928	  0.681525	  0.704018	  0.724008	   0.74064	  0.754573	  0.766371	  0.772221	  0.776546	  0.779897	    0.7826	  0.784865	  0.786821	  0.788557	  0.790132	  0.791579	  0.792909	  0.794122	  0.795218	  0.796196	  0.797054	  0.797795	  0.798417	  0.798923	  0.799316	  0.799606	  0.799798	  0.799899	  0.799914	   0.79985	  0.799714	  0.799514	  0.799258	  0.798952
   616	     0	         0	         0	         0	         0	         0	         0	         0	         0	         0	         0	         0	         0	         0	         0	         0	         0	0.00163174	0.00324636	0.00497304	0.00685574	 0.0164062	 0.0315773	 0.0537116	 0.0822626	  0.114555	  0.157794	  0.212776	  0.293654	  0.346259	  0.382774	  0.415675	  0.454494	  0.501362	  0.537099	  0.563527	  0.593449	  0.623687	  0.650163	  0.676716	  0.699586	  0.720243	  0.737679	  0.752426	  0.764969	  0.771422	  0.776188	  0.779846	  0.782754	  0.785152	  0.787194	  0.788984	  0.790597	  0.792076	  0.793437	  0.794685	   0.79582	  0.796843	  0.797753	  0.798551	  0.799236	  0.799808	  0.800272	  0.800634	    0.8009	  0.801076	  0.801165	  0.801176	  0.801113	  0.800985	  0.800798	   0.80056
   617	     0	         0	         0	         0	         0	         0	         0	         0	         0	         0	         0	         0	         0	         0	         0	         0	         0	0.00157812	  0.003159	0.00486171	0.00672633	 0.0161048	 0.0310151	 0.0527677	 0.0808299	  0.112579	  0.155086	  0.209135	  0.288667	  0.340569	  0.376583	  0.409386	  0.448192	  0.495135	  0.531152	  0.558131	  0.588718	  0.620264	  0.647977	  0.675512	  0.699061	  0.720125	   0.73774	  0.752518	  0.765011	  0.771168	  0.775656	  0.779075	  0.781786	  0.784017	  0.785915	  0.787579	  0.789078	  0.790449	  0.791704	  0.792843	  0.793867	  0.794771	  0.795555	  0.796218	   0.79676	  0.797182	  0.797488	  0.797686	  0.797784	  0.797788	  0.797703	  0.797539	  0.797302	  0.797002	  0.796646	  0.796244
   618	     0	         0	         0	         0	         0	         0	         0	         0	         0	         0	         0	         0	         0	         0	         0	         0	         0	0.00164696	0.00327501	0.00501625	0.00691579	  0.016556	 0.0318804	 0.0542455	 0.0830992	  0.115734	  0.159411	  0.214914	  0.296503	  0.349541	  0.386467	  0.419645	   0.45876	  0.506013	  0.542209	  0.569106	   0.59966	  0.629718	  0.655534	  0.681183	  0.703184	   0.72302	  0.739694	  0.753777	  0.765761	  0.771996	   0.77664	  0.780237	  0.783125	  0.785528	  0.787589	  0.789408	  0.791053	  0.792567	  0.793964	  0.795249	  0.796426	  0.797495	  0.798455	  0.799307	  0.800052	   0.80069	  0.801226	  0.801664	  0.802012	  0.802273	  0.802452	  0.802555	  0.802588	  0.802557	   0.80247	  0.802331
   619	     0	         0	         0	         0	         0	         0	         0	         0	         0	         0	         0	         0	         0	         0	         0	         0	         0	0.00161847	0.00324352	0.00500096	0.00693381	 0.0166503	 0.0321489	 0.0548146	 0.0840997	   0.11725	  0.161529	  0.217646	  0.300029	   0.35344	   0.39061	  0.423962	  0.463232	  0.510741	  0.547234	  0.574408	  0.605374	  0.635082	  0.660128	  0.684856	  0.705941	  0.724914	  0.740833	  0.754282	  0.765755	  0.771803	  0.776352	   0.77991	  0.782793	  0.785211	  0.787298	  0.789145	  0.790817	  0.792352	  0.793764	  0.795059	  0.796239	  0.797306	  0.798262	  0.799107	  0.799845	  0.800476	  0.801005	   0.80144	  0.801786	  0.802049	  0.802233	  0.802344	  0.802388	  0.802371	    0.8023	   0.80218
   620	     0	         0	         0	         0	         0	         0	         0	         0	         0	         0	         0	         0	         0	         0	         0	         0	         0	0.00159463	0.00320982	0.00496369	 0.0068957	 0.0165539	 0.0319453	 0.0544307	 0.0834603	  0.116309	  0.160181	  0.215816	  0.297563	  0.350679	  0.387667	  0.421089	  0.460538	  0.508331	  0.545171	  0.572838	  0.604363	  0.634801	  0.660403	  0.685517	  0.706799	  0.725823	  0.741707	  0.755064	  0.766412	  0.772215	  0.776534	  0.779886	  0.782585	  0.784834	  0.786765	  0.788467	  0.790001	  0.791403	  0.792683	  0.793842	   0.79488	  0.795796	  0.796589	  0.797261	  0.797814	  0.798248	  0.798569	  0.798787	  0.798908	   0.79894	  0.798889	  0.798764	  0.798572	  0.798321	  0.798021	  0.797679
   621	     0	         0	         0	         0	         0	         0	         0	         0	         0	         0	         0	         0	         0	         0	         0	         0	         0	0.00160797	0.00321854	0.00495398	0.00685547	 0.0164414	 0.0316967	 0.0539864	 0.0827815	  0.115406	  0.159106	  0.214707	  0.296611	  0.350045	  0.387368	  0.421112	  0.460932	  0.509107	  0.546267	  0.574191	  0.605967	  0.636433	  0.661959	  0.686949	  0.708092	  0.726966	  0.742702	   0.75591	  0.767108	   0.77283	  0.777075	   0.78036	  0.782996	  0.785189	   0.78707	   0.78873	  0.790232	   0.79161	  0.792877	  0.794031	  0.795073	  0.795998	  0.796807	  0.797498	  0.798072	  0.798528	  0.798871	   0.79911	  0.799251	  0.799301	  0.799264	   0.79915	  0.798966	   0.79872	   0.79842	  0.798075
   622	     0	         0	         0	         0	         0	         0	         0	         0	         0	         0	         0	         0	         0	         0	         0	         0	         0	0.00158035	0.00316376	 0.0048699	0.00673888	 0.0161362	 0.0310762	 0.0528684	 0.0809664	   0.11273	  0.155206	  0.209141	  0.288405	   0.33999	    0.3757	  0.408184	  0.446619	  0.493132	  0.528732	  0.555302	  0.585411	  0.616882	  0.644825	   0.67276	   0.69678	  0.718351	  0.736467	  0.751719	  0.764645	  0.771093	   0.77582	  0.779436	  0.782312	  0.784685	  0.786706	   0.78848	  0.790077	  0.791538	  0.792877	  0.794095	  0.795195	  0.796176	  0.797037	   0.79778	  0.798405	  0.798914	  0.799313	   0.79961	  0.799812	  0.799926	  0.799959	  0.799918	  0.799811	  0.799647	  0.799433	  0.799177
   623	     0	         0	         0	         0	         0	         0	         0	         0	         0	         0	         0	         0	         0	         0	         0	         0	         0	0.00158035	0.00316376	 0.0048699	0.00673888	 0.0161362	 0.0310762	 0.0528684	 0.0809664	   0.11273	  0.155206	  0.209141	  0.288405	   0.33999	    0.3757	  0.408184	  0.446619	  0.493132	  0.528732	  0.555302	  0.585411	  0.616882	  0.644825	   0.67276	   0.69678	  0.718351	  0.736467	  0.751719	  0.764645	  0.771093	   0.77582	  0.779436	  0.782312	  0.784685	  0.786706	   0.78848	  0.790077	  0.791538	  0.792877	  0.794095	  0.795195	  0.796176	  0.797037	   0.79778	  0.798405	  0.798914	  0.799313	   0.79961	  0.799812	  0.799926	  0.799959	  0.799918	  0.799811	  0.799647	  0.799433	  0.799177
   624	     0	         0	         0	         0	         0	         0	         0	         0	         0	         0	         0	         0	         0	         0	         0	         0	         0	0.00159495	0.00318179	0.00488339	0.00674126	  0.016135	 0.0310587	 0.0528321	 0.0809244	  0.112715	  0.155311	  0.209516	  0.289315	  0.341389	  0.377531	  0.410383	  0.449235	  0.496209	  0.532195	  0.559057	  0.589498	  0.620765	  0.648236	  0.675585	  0.699022	  0.720033	  0.737638	  0.752431	  0.764949	  0.771181	  0.775734	  0.779208	  0.781961	  0.784228	  0.786158	  0.787852	  0.789381	  0.790784	  0.792075	  0.793254	  0.794321	  0.795273	  0.796108	  0.796826	  0.797427	   0.79791	  0.798279	  0.798543	  0.798708	   0.79878	  0.798765	   0.79867	  0.798504	  0.798273	  0.797986	  0.797652
   625	     0	         0	         0	         0	         0	         0	         0	         0	         0	         0	         0	         0	         0	         0	         0	         0	         0	0.00162715	0.00326494	0.00503491	0.00697756	 0.0167401	 0.0322786	 0.0549795	  0.084298	  0.117503	  0.161919	  0.218361	  0.301447	  0.355554	  0.393486	  0.427651	  0.467931	  0.516708	  0.554509	  0.583061	   0.61565	  0.645688	  0.670089	  0.693717	  0.713531	  0.731159	  0.745801	  0.758075	  0.768491	  0.773922	     0.778	   0.78119	  0.783775	  0.785945	  0.787819	  0.789479	  0.790985	  0.792369	  0.793639	  0.794795	  0.795835	  0.796757	  0.797559	  0.798242	  0.798806	  0.799251	  0.799585	  0.799814	  0.799947	   0.79999	   0.79995	  0.799836	  0.799655	  0.799416	  0.799128	  0.798799
   626	     0	         0	         0	         0	         0	         0	         0	         0	         0	         0	         0	         0	         0	         0	         0	         0	         0	0.00155064	0.00311065	0.00479911	0.00665676	 0.0159807	 0.0308507	 0.0525925	 0.0806816	  0.112481	  0.155019	  0.209015	   0.28835	  0.339933	  0.375469	  0.407693	   0.44574	  0.491717	  0.526659	  0.552429	  0.581574	  0.612478	  0.640351	  0.668592	  0.693072	  0.715213	  0.733934	  0.749766	  0.763211	  0.770022	  0.775013	  0.778819	  0.781833	  0.784307	  0.786406	  0.788241	  0.789888	  0.791393	  0.792773	  0.794033	  0.795178	  0.796207	  0.797122	  0.797924	  0.798615	  0.799193	  0.799665	  0.800038	  0.800316	  0.800506	  0.800611	  0.800639	  0.800596	  0.800489	  0.800323	  0.800107
   627	     0	         0	         0	         0	         0	         0	         0	         0	         0	         0	         0	         0	         0	         0	         0	         0	         0	0.00151384	0.00305462	0.00473492	0.00659321	 0.0158727	 0.0307095	 0.0524579	 0.0806282	  0.112616	  0.155468	  0.209947	   0.29019	   0.34267	  0.379203	   0.41257	  0.451946	  0.499594	  0.536358	  0.564051	    0.5955	  0.627056	  0.654221	  0.680975	  0.703634	  0.723794	  0.740603	  0.754701	  0.766646	   0.77259	  0.776984	  0.780386	  0.783128	  0.785423	  0.787404	   0.78916	  0.790755	  0.792222	  0.793571	  0.794803	  0.795917	  0.796913	  0.797788	  0.798544	  0.799182	  0.799702	  0.800111	  0.800415	  0.800624	  0.800741	  0.800774	  0.800729	  0.800614	  0.800436	  0.800203	  0.799922
   628	     0	         0	         0	         0	         0	         0	         0	         0	         0	         0	         0	         0	         0	         0	         0	         0	         0	0.00161042	0.00321408	0.00493651	0.00682043	 0.0163426	 0.0314913	 0.0536165	 0.0821866	  0.114539	  0.157872	   0.21299	  0.294121	   0.34703	  0.383926	  0.417316	  0.456727	  0.504378	  0.541048	  0.568536	  0.599777	  0.630535	  0.656796	  0.682666	  0.704684	  0.724385	  0.740846	   0.75468	  0.766414	  0.772377	  0.776796	  0.780213	  0.782956	  0.785242	  0.787206	  0.788942	  0.790516	  0.791965	    0.7933	  0.794523	  0.795635	  0.796635	   0.79752	  0.798292	  0.798949	  0.799493	  0.799928	  0.800261	  0.800498	  0.800647	   0.80071	  0.800697	  0.800614	  0.800468	  0.800267	  0.800018
   629	     0	         0	         0	         0	         0	         0	         0	         0	         0	         0	         0	         0	         0	         0	         0	         0	         0	0.00158297	0.00319359	0.00495054	0.00689432	 0.0165997	  0.032117	 0.0548515	 0.0842794	  0.117659	  0.162284	  0.218918	  0.302217	  0.356464	   0.39445	  0.428676	  0.468959	  0.517738	  0.555557	  0.584124	  0.616771	   0.64666	  0.670808	  0.694157	  0.713717	  0.731127	  0.745583	  0.757715	  0.768029	  0.773461	  0.777567	  0.780799	  0.783435	  0.785658	  0.787584	  0.789294	  0.790843	  0.792263	  0.793564	  0.794747	  0.795813	   0.79676	  0.797589	  0.798301	  0.798897	  0.799379	  0.799752	  0.800024	  0.800203	  0.800294	  0.800303	  0.800239	  0.800108	  0.799918	  0.799676	   0.79939
   630	     0	         0	         0	         0	         0	         0	         0	         0	         0	         0	         0	         0	         0	         0	         0	         0	         0	0.00151995	0.00308025	0.00479413	0.00670062	 0.0161779	  0.031375	 0.0536883	 0.0826195	  0.115474	  0.159411	  0.215161	   0.29716	  0.350567	  0.387645	  0.421171	  0.460633	  0.508389	   0.54507	  0.572431	  0.603549	  0.633579	  0.658971	  0.684094	  0.705458	  0.724645	  0.740761	  0.754375	  0.765979	  0.772022	  0.776538	  0.780049	  0.782875	  0.785231	  0.787251	  0.789031	  0.790635	    0.7921	   0.79344	   0.79466	  0.795762	  0.796746	  0.797613	  0.798366	  0.799005	  0.799533	  0.799954	  0.800276	  0.800506	   0.80065	  0.800712	    0.8007	  0.800619	  0.800479	  0.800284	  0.800043
   631	     0	         0	         0	         0	         0	         0	         0	         0	         0	         0	         0	         0	         0	         0	         0	         0	         0	0.00151336	0.00306216	0.00475893	0.00664245	 0.0160297	 0.0310726	  0.053163	 0.0818237	  0.114414	  0.158092	   0.21365	  0.295548	  0.349145	  0.386546	  0.420541	  0.460571	  0.508997	  0.546414	  0.574588	  0.606645	  0.637267	  0.662806	  0.687765	  0.708777	  0.727481	  0.743068	  0.756159	  0.767277	  0.772965	   0.77721	  0.780518	  0.783194	  0.785438	  0.787375	  0.789093	  0.790649	  0.792079	  0.793391	  0.794586	  0.795664	  0.796625	  0.797467	  0.798191	  0.798797	  0.799287	  0.799665	   0.79994	  0.800119	  0.800207	   0.80021	  0.800135	  0.799989	  0.799781	  0.799516	  0.799204
   632	     0	         0	         0	         0	         0	         0	         0	         0	         0	         0	         0	         0	         0	         0	         0	         0	         0	0.00161947	0.00326226	0.00504745	0.00701469	 0.0168626	 0.0325667	 0.0555419	 0.0852501	  0.118932	  0.163974	  0.221188	  0.305462	  0.360372	  0.399066	  0.433878	  0.474871	  0.524575	  0.563427	  0.593085	  0.627086	  0.657003	  0.680286	  0.702415	  0.720659	  0.736731	  0.749933	  0.760919	  0.770204	  0.775117	  0.778839	   0.78178	  0.784188	  0.786225	  0.787997	  0.789574	  0.791008	  0.792325	  0.793532	  0.794626	  0.795605	  0.796466	  0.797206	  0.797827	  0.798328	   0.79871	   0.79898	  0.799146	  0.799216	  0.799198	  0.799097	  0.798925	  0.798688	  0.798395	  0.798056	  0.797679
   633	     0	         0	         0	         0	         0	         0	         0	         0	         0	         0	         0	         0	         0	         0	         0	         0	         0	0.00156233	0.00312816	0.00481834	0.00667432	 0.0160199	 0.0309185	 0.0527096	  0.080883	   0.11282	  0.155623	  0.210084	  0.290271	  0.342635	  0.379007	  0.412066	  0.451094	  0.498265	  0.534439	  0.561456	  0.592083	  0.623141	  0.650216	  0.677123	  0.700156	   0.72082	  0.738148	  0.752737	  0.765116	  0.771359	  0.775961	  0.779498	  0.782322	  0.784659	  0.786656	   0.78841	  0.789992	  0.791439	  0.792766	  0.793976	  0.795071	  0.796049	  0.796912	  0.797659	  0.798291	   0.79881	  0.799218	  0.799526	  0.799737	   0.79986	  0.799897	  0.799858	  0.799749	  0.799576	  0.799349	  0.799073
   634	     0	         0	         0	         0	         0	         0	         0	         0	         0	         0	         0	         0	         0	         0	         0	         0	         0	0.00157094	 0.0031617	0.00488987	0.00679514	 0.0163185	 0.0315084	 0.0537104	 0.0823835	  0.114832	  0.158166	  0.213083	  0.293719	  0.346078	  0.382386	  0.415289	  0.454146	  0.501213	  0.537375	  0.564424	  0.595195	   0.62606	  0.652727	  0.679129	  0.701653	  0.721823	  0.738701	  0.752899	  0.764952	  0.771027	  0.775516	  0.778977	   0.78175	  0.784052	  0.786023	  0.787756	  0.789317	  0.790742	  0.792044	  0.793224	  0.794284	  0.795224	  0.796044	  0.796744	  0.797327	  0.797793	  0.798149	  0.798402	   0.79856	   0.79863	  0.798615	  0.798526	  0.798368	  0.798149	  0.797876	  0.797558
   635	     0	         0	         0	         0	         0	         0	         0	         0	         0	         0	         0	         0	         0	         0	         0	         0	         0	 0.0015875	0.00319132	0.00493148	0.00684874	 0.0164589	 0.0317927	 0.0542306	 0.0832477	  0.116144	  0.160164	  0.216111	  0.298456	  0.352177	   0.38975	  0.423708	  0.463725	  0.512136	  0.549533	  0.577699	  0.609776	  0.640066	  0.665129	  0.689569	  0.710184	  0.728584	  0.743933	  0.756844	  0.767827	  0.773525	  0.777803	   0.78115	  0.783865	  0.786145	  0.788116	  0.789864	  0.791449	  0.792906	  0.794245	  0.795467	  0.796573	   0.79756	  0.798429	   0.79918	  0.799814	  0.800334	  0.800743	  0.801052	  0.801267	  0.801395	  0.801441	  0.801414	  0.801322	  0.801172	  0.800973	  0.800733
   636	     0	         0	         0	         0	         0	         0	         0	         0	         0	         0	         0	         0	         0	         0	         0	         0	         0	0.00163524	 0.0032581	0.00499355	0.00688323	 0.0164493	 0.0316181	 0.0537158	 0.0821861	  0.114361	  0.157417	  0.212124	  0.292603	  0.344931	  0.381334	  0.414322	  0.453364	  0.500658	   0.53707	  0.564396	  0.595486	  0.626653	  0.653547	  0.680066	  0.702649	   0.72281	  0.739609	  0.753677	  0.765564	  0.771471	  0.775796	  0.779105	  0.781738	  0.783912	  0.785766	  0.787394	  0.788862	  0.790207	   0.79144	  0.792561	  0.793568	   0.79446	  0.795233	  0.795887	  0.796423	   0.79684	  0.797144	  0.797343	  0.797444	  0.797453	  0.797377	  0.797223	     0.797	  0.796716	   0.79638	  0.795999
   637	     0	         0	         0	         0	         0	         0	         0	         0	         0	         0	         0	         0	         0	         0	         0	         0	         0	 0.0015159	0.00305004	0.00472025	0.00656779	 0.0158197	 0.0306336	  0.052366	 0.0805308	  0.112511	  0.155352	  0.209787	  0.289857	   0.34213	  0.378326	  0.411231	  0.449998	  0.496823	  0.532631	  0.559233	  0.589373	  0.620263	  0.647439	  0.674612	  0.697953	  0.718957	  0.736634	  0.751566	  0.764275	  0.770757	  0.775564	  0.779285	  0.782276	   0.78477	  0.786914	  0.788808	  0.790522	  0.792094	  0.793542	  0.794871	  0.796084	  0.797184	  0.798171	  0.799049	  0.799819	  0.800482	  0.801042	  0.801506	  0.801881	   0.80217	  0.802377	   0.80251	  0.802572	  0.802569	  0.802509	  0.802395
   638	     0	         0	         0	         0	         0	         0	         0	         0	         0	         0	         0	         0	         0	         0	         0	         0	         0	0.00164242	0.00326568	0.00499547	0.00687338	 0.0163959	 0.0314629	 0.0533705	 0.0815434	  0.113323	  0.155822	  0.209815	  0.289174	  0.340709	  0.376346	   0.40864	  0.446909	   0.49322	  0.528546	  0.554781	  0.584492	  0.615695	  0.643552	  0.671518	  0.695633	  0.717337	  0.735592	  0.750958	   0.76396	  0.770423	  0.775119	  0.778674	   0.78147	  0.783752	  0.785678	  0.787357	  0.788864	  0.790243	  0.791507	  0.792657	  0.793693	  0.794612	  0.795412	  0.796094	  0.796657	  0.797102	  0.797434	   0.79766	  0.797789	  0.797826	  0.797779	  0.797657	  0.797467	  0.797218	  0.796919	  0.796579
   639	     0	         0	         0	         0	         0	         0	         0	         0	         0	         0	         0	         0	         0	         0	         0	         0	         0	0.00166459	0.00331736	 0.0050857	  0.007012	  0.016769	 0.0322459	  0.054805	 0.0838842	  0.116764	  0.160753	  0.216654	  0.298891	  0.352346	   0.38974	  0.423401	   0.46315	  0.511278	   0.54845	  0.576394	  0.608249	  0.638536	  0.663765	  0.688397	  0.709222	  0.727807	  0.743277	  0.756253	  0.767253	  0.772909	  0.777121	  0.780391	  0.783025	  0.785224	  0.787117	  0.788791	  0.790309	  0.791706	   0.79299	  0.794163	  0.795222	  0.796166	  0.796992	  0.797701	  0.798291	  0.798764	  0.799125	  0.799381	   0.79954	  0.799608	   0.79959	  0.799495	   0.79933	  0.799104	  0.798825	  0.798501
   640	     0	         0	         0	         0	         0	         0	         0	         0	         0	         0	         0	         0	         0	         0	         0	         0	         0	0.00159471	0.00318974	0.00490757	0.00678963	 0.0162664	 0.0313454	 0.0533597	 0.0817744	  0.113934	  0.156974	  0.211668	  0.292088	  0.344544	  0.381078	  0.414269	  0.453483	  0.500918	  0.537428	  0.564846	  0.596012	  0.627187	  0.654034	  0.680471	  0.703019	  0.723182	  0.740015	  0.754155	  0.766148	  0.772194	  0.776678	  0.780156	   0.78296	  0.785308	  0.787333	   0.78913	  0.790762	  0.792264	  0.793649	  0.794919	  0.796073	   0.79711	  0.798031	  0.798835	  0.799524	  0.800099	  0.800564	  0.800927	  0.801195	  0.801374	  0.801468	  0.801487	  0.801437	  0.801324	  0.801157	  0.800943
   641	     0	         0	         0	         0	         0	         0	         0	         0	         0	         0	         0	         0	         0	         0	         0	         0	         0	0.00150963	0.00305596	0.00475272	0.00663944	 0.0160171	 0.0310523	 0.0531152	 0.0817062	  0.114157	  0.157543	  0.212575	  0.293417	  0.346108	  0.382631	  0.415786	  0.454848	  0.502099	  0.538343	  0.565401	  0.596145	  0.626785	  0.653191	  0.679384	  0.701761	   0.72186	  0.738737	  0.752986	  0.765124	  0.771341	  0.775969	  0.779563	  0.782458	  0.784873	  0.786948	  0.788777	  0.790425	   0.79193	  0.793307	   0.79456	  0.795692	  0.796704	  0.797599	  0.798379	  0.799045	  0.799599	  0.800047	  0.800396	  0.800653	  0.800823	  0.800911	  0.800924	  0.800868	  0.800751	  0.800578	  0.800356
   642	     0	         0	         0	         0	         0	         0	         0	         0	         0	         0	         0	         0	         0	         0	         0	         0	         0	0.00156349	 0.0031405	0.00484923	0.00672983	 0.0161612	 0.0312016	 0.0531992	 0.0816334	  0.113853	  0.156974	   0.21176	   0.29237	  0.344918	  0.381441	  0.414594	  0.453719	  0.501045	  0.537407	  0.564624	  0.595524	  0.626511	  0.653295	  0.679834	  0.702462	   0.72272	  0.739684	  0.753957	  0.766066	  0.772177	  0.776693	  0.780176	  0.782968	  0.785289	  0.787281	  0.789039	  0.790629	  0.792088	   0.79343	  0.794656	  0.795766	   0.79676	  0.797636	  0.798395	  0.799038	  0.799566	  0.799983	  0.800297	  0.800515	  0.800643	  0.800686	  0.800652	  0.800548	  0.800381	  0.800159	  0.799889
   643	     0	         0	         0	         0	         0	         0	         0	         0	         0	         0	         0	         0	         0	         0	         0	         0	         0	0.00159166	0.00319043	0.00491688	0.00681161	 0.0163291	 0.0314791	 0.0536034	 0.0821567	  0.114459	  0.157626	  0.212369	    0.2928	   0.34503	  0.381295	  0.414166	  0.452993	  0.500001	  0.536097	  0.563076	  0.593725	  0.624697	  0.651607	  0.678309	  0.701119	  0.721557	  0.738688	  0.753116	  0.765374	  0.771576	  0.776171	  0.779727	  0.782585	  0.784968	  0.787017	  0.788827	  0.790464	  0.791967	  0.793347	  0.794606	  0.795746	  0.796767	  0.797668	  0.798451	  0.799117	  0.799669	  0.800111	  0.800452	    0.8007	  0.800861	   0.80094	  0.800945	  0.800883	  0.800761	  0.800588	   0.80037
   644	     0	         0	         0	         0	         0	         0	         0	         0	         0	         0	         0	         0	         0	         0	         0	         0	         0	0.00160011	0.00320177	0.00492706	0.00681717	 0.0163413	 0.0314952	 0.0536275	 0.0822078	  0.114575	  0.157931	  0.213099	  0.294337	  0.347373	  0.384358	  0.417871	  0.457445	  0.505305	  0.542143	  0.569786	  0.601196	  0.631905	  0.657986	  0.683632	  0.705433	  0.724934	  0.741228	  0.754921	  0.766534	   0.77243	  0.776792	  0.780157	   0.78285	  0.785085	  0.786998	  0.788682	  0.790202	  0.791596	  0.792874	  0.794038	  0.795088	  0.796021	  0.796837	  0.797534	  0.798114	  0.798578	  0.798929	  0.799175	  0.799325	  0.799383	  0.799356	  0.799252	  0.799079	  0.798844	  0.798556	  0.798223
   645	     0	         0	         0	         0	         0	         0	         0	         0	         0	         0	         0	         0	         0	         0	         0	         0	         0	 0.0014625	0.00295184	0.00457917	0.00638321	 0.0153947	 0.0298352	 0.0510365	 0.0785416	  0.109819	  0.151816	  0.205343	  0.284231	  0.336109	  0.372043	  0.405003	  0.443922	  0.490947	  0.527011	  0.554016	  0.584575	  0.616462	  0.644703	  0.672837	  0.696946	  0.718528	  0.736604	   0.75179	  0.764642	  0.771005	  0.775663	  0.779227	  0.782065	  0.784413	  0.786418	  0.788183	  0.789775	  0.791235	  0.792577	  0.793803	  0.794915	  0.795913	  0.796795	  0.797563	  0.798217	  0.798757	  0.799188	  0.799517	  0.799751	  0.799894	  0.799953	  0.799934	  0.799845	  0.799691	  0.799481	  0.799222
   646	     0	         0	         0	         0	         0	         0	         0	         0	         0	         0	         0	         0	         0	         0	         0	         0	         0	0.00154036	0.00311492	0.00483527	0.00673868	 0.0162091	  0.031332	 0.0534583	 0.0820662	  0.114488	  0.157828	  0.212823	  0.293698	  0.346429	  0.383148	  0.416601	  0.456122	  0.504036	    0.5411	  0.569119	  0.601048	   0.63234	  0.658791	  0.684618	  0.706395	  0.725726	  0.741775	  0.755201	  0.766564	  0.772206	  0.776374	    0.7796	  0.782198	  0.784367	  0.786234	  0.787882	   0.78937	  0.790729	  0.791967	  0.793082	  0.794074	  0.794942	  0.795682	  0.796297	  0.796788	  0.797156	  0.797406	  0.797548	   0.79759	  0.797539	    0.7974	  0.797184	  0.796897	  0.796549	  0.796148	  0.795702
   647	     0	         0	         0	         0	         0	         0	         0	         0	         0	         0	         0	         0	         0	         0	         0	         0	         0	0.00159875	0.00320244	0.00492941	0.00681866	 0.0163155	 0.0313946	 0.0533702	 0.0816908	  0.113701	  0.156509	  0.210876	  0.290832	  0.342878	  0.379024	  0.411918	  0.450878	  0.498105	  0.534484	  0.561853	  0.592988	  0.624521	  0.651853	  0.678793	  0.701728	  0.722172	  0.739192	  0.753431	  0.765451	  0.771359	  0.775673	  0.778969	   0.78159	  0.783755	  0.785601	  0.787221	   0.78868	  0.790014	  0.791232	  0.792334	  0.793317	   0.79418	   0.79492	  0.795537	  0.796032	  0.796406	  0.796663	  0.796814	  0.796865	  0.796823	  0.796696	  0.796493	  0.796221	   0.79589	  0.795509	  0.795087
   648	     0	         0	         0	         0	         0	         0	         0	         0	         0	         0	         0	         0	         0	         0	         0	         0	         0	0.00159471	0.00318974	0.00490757	0.00678963	 0.0162664	 0.0313454	 0.0533597	 0.0817744	  0.113934	  0.156974	  0.211668	  0.292088	  0.344544	  0.381078	  0.414269	  0.453483	  0.500918	  0.537428	  0.564846	  0.596012	  0.627187	  0.654034	  0.680471	  0.703019	  0.723182	  0.740015	  0.754155	  0.766148	  0.772194	  0.776678	  0.780156	   0.78296	  0.785308	  0.787333	   0.78913	  0.790762	  0.792264	  0.793649	  0.794919	  0.796073	   0.79711	  0.798031	  0.798835	  0.799524	  0.800099	  0.800564	  0.800927	  0.801195	  0.801374	  0.801468	  0.801487	  0.801437	  0.801324	  0.801157	  0.800943
   649	     0	         0	         0	         0	         0	         0	         0	         0	         0	         0	         0	         0	         0	         0	         0	         0	         0	0.00154632	0.00311766	0.00483093	0.00672647	 0.0162035	 0.0313663	 0.0536033	 0.0824171	  0.115142	  0.158971	  0.214696	  0.296784	  0.350393	  0.387838	  0.421766	   0.46172	  0.510049	  0.547383	  0.575487	   0.60747	  0.637903	   0.66322	  0.687958	  0.708814	  0.727413	  0.742925	   0.75597	  0.767062	  0.772775	  0.777049	  0.780381	  0.783076	  0.785331	  0.787273	  0.788989	  0.790539	  0.791957	  0.793254	  0.794433	  0.795493	  0.796435	  0.797259	  0.797965	  0.798556	  0.799032	  0.799399	  0.799666	  0.799839	  0.799925	   0.79993	  0.799861	  0.799726	  0.799531	  0.799286	  0.798998
   650	     0	         0	         0	         0	         0	         0	         0	         0	         0	         0	         0	         0	         0	         0	         0	         0	         0	0.00156366	0.00314824	0.00486934	0.00676582	 0.0162739	 0.0314451	 0.0536612	 0.0824209	  0.115076	  0.158865	  0.214648	  0.296985	  0.350889	  0.388667	  0.422962	  0.463409	  0.512373	  0.550368	  0.579171	  0.611993	  0.642712	  0.667873	  0.692228	   0.71259	  0.730624	  0.745564	  0.758047	  0.768601	  0.773951	  0.777923	     0.781	  0.783477	  0.785543	  0.787318	  0.788884	  0.790301	  0.791599	  0.792786	  0.793861	  0.794822	  0.795665	  0.796389	  0.796991	  0.797473	  0.797834	   0.79808	  0.798218	  0.798257	  0.798203	  0.798062	  0.797843	  0.797553	  0.797204	  0.796802	  0.796357
   651	     0	         0	         0	         0	         0	         0	         0	         0	         0	         0	         0	         0	         0	         0	         0	         0	         0	 0.0015159	0.00305004	0.00472025	0.00656779	 0.0158197	 0.0306336	  0.052366	 0.0805308	  0.112511	  0.155352	  0.209787	  0.289857	   0.34213	  0.378326	  0.411231	  0.449998	  0.496823	  0.532631	  0.559233	  0.589373	  0.620263	  0.647439	  0.674612	  0.697953	  0.718957	  0.736634	  0.751566	  0.764275	  0.770757	  0.775564	  0.779285	  0.782276	   0.78477	  0.786914	  0.788808	  0.790522	  0.792094	  0.793542	  0.794871	  0.796084	  0.797184	  0.798171	  0.799049	  0.799819	  0.800482	  0.801042	  0.801506	  0.801881	   0.80217	  0.802377	   0.80251	  0.802572	  0.802569	  0.802509	  0.802395
   652	     0	         0	         0	         0	         0	         0	         0	         0	         0	         0	         0	         0	         0	         0	         0	         0	         0	0.00155277	0.00312582	0.00483442	0.00671746	  0.016145	  0.031185	 0.0531943	 0.0816631	  0.113952	    0.1572	  0.212208	  0.293244	  0.346179	  0.383053	  0.416575	  0.456137	  0.504002	  0.540875	  0.568576	  0.600038	  0.630978	   0.65733	  0.683272	  0.705262	  0.724887	   0.74128	  0.755052	  0.766731	  0.772618	   0.77697	  0.780329	  0.783021	   0.78526	  0.787179	  0.788871	  0.790399	  0.791799	  0.793081	  0.794245	  0.795292	  0.796218	  0.797023	  0.797708	  0.798271	  0.798716	  0.799046	   0.79927	  0.799395	  0.799428	  0.799374	  0.799243	  0.799041	  0.798777	  0.798459	  0.798095
   653	     0	         0	         0	         0	         0	         0	         0	         0	         0	         0	         0	         0	         0	         0	         0	         0	         0	0.00160065	0.00320769	0.00494246	0.00684589	 0.0164192	 0.0316601	 0.0539263	 0.0826809	  0.115237	  0.158795	  0.214138	  0.295571	  0.348551	  0.385389	  0.418641	  0.457862	  0.505284	  0.541644	  0.568738	  0.599496	  0.629821	  0.655837	  0.681669	  0.703715	  0.723514	  0.740139	  0.754156	  0.766063	  0.772159	  0.776668	   0.78014	  0.782911	  0.785205	  0.787163	  0.788884	  0.790435	  0.791857	  0.793162	  0.794351	  0.795425	  0.796383	  0.797224	  0.797947	  0.798554	  0.799045	  0.799423	  0.799697	  0.799874	  0.799958	  0.799956	  0.799875	  0.799722	  0.799504	  0.799231	  0.798909
   654	     0	         0	         0	         0	         0	         0	         0	         0	         0	         0	         0	         0	         0	         0	         0	         0	         0	0.00159409	0.00318293	0.00489146	0.00676238	 0.0162184	 0.0312769	  0.053288	 0.0817325	  0.113966	  0.157173	  0.212166	  0.293141	   0.34604	   0.38292	  0.416352	  0.455816	  0.503523	   0.54024	  0.567771	  0.599061	   0.62989	  0.656229	  0.682149	  0.704231	  0.723995	    0.7405	  0.754369	  0.766133	  0.772114	   0.77655	  0.779983	  0.782742	  0.785042	  0.787019	  0.788767	  0.790351	  0.791809	  0.793152	  0.794383	  0.795504	  0.796513	  0.797408	  0.798191	  0.798862	   0.79942	  0.799871	  0.800221	  0.800477	  0.800644	  0.800728	  0.800735	  0.800672	  0.800546	  0.800366	  0.800137
   655	     0	         0	         0	         0	         0	         0	         0	         0	         0	         0	         0	         0	         0	         0	         0	         0	         0	0.00159409	0.00318293	0.00489146	0.00676238	 0.0162184	 0.0312769	  0.053288	 0.0817325	  0.113966	  0.157173	  0.212166	  0.293141	   0.34604	   0.38292	  0.416352	  0.455816	  0.503523	   0.54024	  0.567771	  0.599061	   0.62989	  0.656229	  0.682149	  0.704231	  0.723995	    0.7405	  0.754369	  0.766133	  0.772114	   0.77655	  0.779983	  0.782742	  0.785042	  0.787019	  0.788767	  0.790351	  0.791809	  0.793152	  0.794383	  0.795504	  0.796513	  0.797408	  0.798191	  0.798862	   0.79942	  0.799871	  0.800221	  0.800477	  0.800644	  0.800728	  0.800735	  0.800672	  0.800546	  0.800366	  0.800137
   656	     0	         0	         0	         0	         0	         0	         0	         0	         0	         0	         0	         0	         0	         0	         0	         0	         0	0.00151372	0.00305954	0.00474857	 0.0066185	 0.0159368	 0.0308332	 0.0526584	 0.0809152	  0.112983	   0.15593	  0.210539	  0.290967	  0.343514	  0.379949	  0.413113	  0.452238	  0.499553	  0.535815	   0.56288	  0.593541	  0.624473	  0.651355	  0.678129	  0.700972	  0.721449	  0.738647	  0.753136	  0.765431	  0.771614	  0.776155	  0.779633	  0.782396	  0.784673	  0.786609	  0.788302	  0.789822	  0.791205	  0.792466	  0.793604	  0.794622	  0.795519	  0.796292	  0.796944	  0.797474	  0.797883	  0.798177	  0.798363	  0.798449	   0.79844	  0.798342	  0.798163	  0.797911	  0.797593	  0.797218	  0.796794
   657	     0	         0	         0	         0	         0	         0	         0	         0	         0	         0	         0	         0	         0	         0	         0	         0	         0	0.00156233	0.00312816	0.00481834	0.00667432	 0.0160199	 0.0309185	 0.0527096	  0.080883	   0.11282	  0.155623	  0.210084	  0.290271	  0.342635	  0.379007	  0.412066	  0.451094	  0.498265	  0.534439	  0.561456	  0.592083	  0.623141	  0.650216	  0.677123	  0.700156	   0.72082	  0.738148	  0.752737	  0.765116	  0.771359	  0.775961	  0.779498	  0.782322	  0.784659	  0.786656	   0.78841	  0.789992	  0.791439	  0.792766	  0.793976	  0.795071	  0.796049	  0.796912	  0.797659	  0.798291	   0.79881	  0.799218	  0.799526	  0.799737	   0.79986	  0.799897	  0.799858	  0.799749	  0.799576	  0.799349	  0.799073
   658	     0	         0	         0	         0	         0	         0	         0	         0	         0	         0	         0	         0	         0	         0	         0	         0	         0	0.00159409	0.00318293	0.00489146	0.00676238	 0.0162184	 0.0312769	  0.053288	 0.0817325	  0.113966	  0.157173	  0.212166	  0.293141	   0.34604	   0.38292	  0.416352	  0.455816	  0.503523	   0.54024	  0.567771	  0.599061	   0.62989	  0.656229	  0.682149	  0.704231	  0.723995	    0.7405	  0.754369	  0.766133	  0.772114	   0.77655	  0.779983	  0.782742	  0.785042	  0.787019	  0.788767	  0.790351	  0.791809	  0.793152	  0.794383	  0.795504	  0.796513	  0.797408	  0.798191	  0.798862	   0.79942	  0.799871	  0.800221	  0.800477	  0.800644	  0.800728	  0.800735	  0.800672	  0.800546	  0.800366	  0.800137
   659	     0	         0	         0	         0	         0	         0	         0	         0	         0	         0	         0	         0	         0	         0	         0	         0	         0	0.00160353	 0.0031992	0.00490954	0.00677547	 0.0161912	 0.0311311	 0.0528906	 0.0809106	  0.112549	  0.154841	  0.208498	  0.287304	  0.338481	  0.373884	    0.4061	  0.444264	  0.490485	  0.525901	  0.552359	  0.582379	  0.614151	  0.642558	   0.67095	  0.695386	  0.717295	   0.73564	  0.751038	  0.764053	  0.770476	   0.77516	  0.778733	  0.781569	  0.783906	  0.785897	  0.787644	  0.789218	   0.79066	  0.791982	  0.793187	  0.794275	  0.795246	  0.796099	  0.796834	  0.797454	  0.797958	  0.798351	  0.798642	  0.798838	  0.798945	  0.798968	  0.798916	  0.798796	  0.798614	   0.79838	  0.798101
   660	     0	         0	         0	         0	         0	         0	         0	         0	         0	         0	         0	         0	         0	         0	         0	         0	         0	 0.0015569	0.00312078	0.00481226	0.00667298	 0.0160443	  0.031007	 0.0529291	 0.0813207	  0.113566	  0.156841	  0.211993	  0.293351	  0.346657	  0.383894	  0.417724	  0.457603	  0.505796	  0.542977	  0.570949	  0.602729	  0.633581	  0.659619	  0.685138	  0.706723	  0.725964	     0.742	  0.755454	  0.766856	  0.772631	   0.77691	  0.780219	  0.782877	  0.785091	  0.786993	  0.788673	  0.790194	  0.791592	  0.792879	  0.794054	  0.795119	  0.796072	   0.79691	  0.797634	  0.798243	  0.798737	  0.799122	  0.799403	  0.799588	  0.799682	   0.79969	  0.799619	  0.799477	  0.799271	  0.799008	  0.798696
   661	     0	         0	         0	         0	         0	         0	         0	         0	         0	         0	         0	         0	         0	         0	         0	         0	         0	0.00158903	0.00318657	0.00491144	0.00680323	 0.0163003	 0.0314037	 0.0534393	 0.0818554	  0.113979	   0.15691	  0.211384	   0.29144	  0.343411	  0.379342	  0.411885	  0.450361	  0.496941	  0.532531	  0.558976	  0.588964	  0.619833	  0.647064	  0.674347	  0.697796	  0.718896	  0.736651	  0.751621	  0.764319	  0.770707	  0.775385	  0.778953	  0.781777	  0.784094	  0.786056	  0.787767	  0.789301	  0.790698	  0.791971	  0.793124	  0.794158	  0.795071	  0.795864	  0.796537	  0.797091	  0.797527	  0.797851	  0.798071	  0.798195	  0.798228	  0.798178	  0.798051	  0.797857	  0.797603	  0.797297	  0.796948
   662	     0	         0	         0	         0	         0	         0	         0	         0	         0	         0	         0	         0	         0	         0	         0	         0	         0	0.00160756	0.00321176	0.00493586	0.00682148	 0.0163218	 0.0314191	 0.0534338	 0.0818163	  0.113901	  0.156809	  0.211293	  0.291365	  0.343449	  0.379618	  0.412417	  0.451189	  0.498093	  0.534077	  0.560982	  0.591524	  0.622671	  0.649883	  0.676907	  0.700053	  0.720805	  0.738184	  0.752798	  0.765185	  0.771394	  0.775961	   0.77947	   0.78227	   0.78459	  0.786573	  0.788317	   0.78989	  0.791331	  0.792651	  0.793855	  0.794941	   0.79591	   0.79676	  0.797492	  0.798107	  0.798605	  0.798992	  0.799275	  0.799461	  0.799556	  0.799566	  0.799498	   0.79936	  0.799158	  0.798902	  0.798599
   663	     0	         0	         0	         0	         0	         0	         0	         0	         0	         0	         0	         0	         0	         0	         0	         0	         0	0.00163174	0.00324636	0.00497304	0.00685574	 0.0164062	 0.0315773	 0.0537116	 0.0822626	  0.114555	  0.157794	  0.212776	  0.293654	  0.346259	  0.382774	  0.415675	  0.454494	  0.501362	  0.537099	  0.563527	  0.593449	  0.623687	  0.650163	  0.676716	  0.699586	  0.720243	  0.737679	  0.752426	  0.764969	  0.771422	  0.776188	  0.779846	  0.782754	  0.785152	  0.787194	  0.788984	  0.790597	  0.792076	  0.793437	  0.794685	   0.79582	  0.796843	  0.797753	  0.798551	  0.799236	  0.799808	  0.800272	  0.800634	    0.8009	  0.801076	  0.801165	  0.801176	  0.801113	  0.800985	  0.800798	   0.80056
   664	     0	         0	         0	         0	         0	         0	         0	         0	         0	         0	         0	         0	         0	         0	         0	         0	         0	0.00146043	0.00295788	0.00460198	0.00643119	 0.0155332	 0.0301436	 0.0516212	 0.0795191	  0.111282	  0.153923	  0.208259	  0.288378	  0.341115	  0.377849	  0.411534	  0.451254	  0.499267	  0.536334	  0.564324	  0.596099	  0.627795	  0.654928	  0.681525	  0.704018	  0.724008	   0.74064	  0.754573	  0.766371	  0.772221	  0.776546	  0.779897	    0.7826	  0.784865	  0.786821	  0.788557	  0.790132	  0.791579	  0.792909	  0.794122	  0.795218	  0.796196	  0.797054	  0.797795	  0.798417	  0.798923	  0.799316	  0.799606	  0.799798	  0.799899	  0.799914	   0.79985	  0.799714	  0.799514	  0.799258	  0.798952
   665	     0	         0	         0	         0	         0	         0	         0	         0	         0	         0	         0	         0	         0	         0	         0	         0	         0	 0.0015875	0.00319132	0.00493148	0.00684874	 0.0164589	 0.0317927	 0.0542306	 0.0832477	  0.116144	  0.160164	  0.216111	  0.298456	  0.352177	   0.38975	  0.423708	  0.463725	  0.512136	  0.549533	  0.577699	  0.609776	  0.640066	  0.665129	  0.689569	  0.710184	  0.728584	  0.743933	  0.756844	  0.767827	  0.773525	  0.777803	   0.78115	  0.783865	  0.786145	  0.788116	  0.789864	  0.791449	  0.792906	  0.794245	  0.795467	  0.796573	   0.79756	  0.798429	   0.79918	  0.799814	  0.800334	  0.800743	  0.801052	  0.801267	  0.801395	  0.801441	  0.801414	  0.801322	  0.801172	  0.800973	  0.800733
   666	     0	         0	         0	         0	         0	         0	         0	         0	         0	         0	         0	         0	         0	         0	         0	         0	         0	0.00160988	0.00322945	0.00497956	0.00690066	 0.0165498	 0.0319099	 0.0543426	 0.0833044	  0.116087	  0.159926	   0.21559	  0.297466	  0.350717	  0.387849	  0.421386	  0.460979	  0.508938	  0.545956	  0.573784	   0.60551	  0.635967	  0.661496	  0.686475	   0.70762	  0.726497	  0.742215	  0.755398	  0.766571	   0.77227	  0.776498	  0.779768	  0.782392	  0.784574	  0.786443	  0.788088	   0.78957	  0.790926	  0.792164	  0.793287	  0.794293	  0.795182	  0.795952	  0.796603	  0.797136	  0.797552	  0.797855	  0.798055	  0.798157	  0.798169	  0.798095	  0.797945	  0.797725	  0.797443	  0.797109	   0.79673
   667	     0	         0	         0	         0	         0	         0	         0	         0	         0	         0	         0	         0	         0	         0	         0	         0	         0	0.00159409	0.00318293	0.00489146	0.00676238	 0.0162184	 0.0312769	  0.053288	 0.0817325	  0.113966	  0.157173	  0.212166	  0.293141	   0.34604	   0.38292	  0.416352	  0.455816	  0.503523	   0.54024	  0.567771	  0.599061	   0.62989	  0.656229	  0.682149	  0.704231	  0.723995	    0.7405	  0.754369	  0.766133	  0.772114	   0.77655	  0.779983	  0.782742	  0.785042	  0.787019	  0.788767	  0.790351	  0.791809	  0.793152	  0.794383	  0.795504	  0.796513	  0.797408	  0.798191	  0.798862	   0.79942	  0.799871	  0.800221	  0.800477	  0.800644	  0.800728	  0.800735	  0.800672	  0.800546	  0.800366	  0.800137
   668	     0	         0	         0	         0	         0	         0	         0	         0	         0	         0	         0	         0	         0	         0	         0	         0	         0	0.00151372	0.00305954	0.00474857	 0.0066185	 0.0159368	 0.0308332	 0.0526584	 0.0809152	  0.112983	   0.15593	  0.210539	  0.290967	  0.343514	  0.379949	  0.413113	  0.452238	  0.499553	  0.535815	   0.56288	  0.593541	  0.624473	  0.651355	  0.678129	  0.700972	  0.721449	  0.738647	  0.753136	  0.765431	  0.771614	  0.776155	  0.779633	  0.782396	  0.784673	  0.786609	  0.788302	  0.789822	  0.791205	  0.792466	  0.793604	  0.794622	  0.795519	  0.796292	  0.796944	  0.797474	  0.797883	  0.798177	  0.798363	  0.798449	   0.79844	  0.798342	  0.798163	  0.797911	  0.797593	  0.797218	  0.796794
   669	     0	         0	         0	         0	         0	         0	         0	         0	         0	         0	         0	         0	         0	         0	         0	         0	         0	0.00157525	0.00315074	0.00484734	0.00670611	 0.0160821	 0.0310072	 0.0528184	 0.0809998	  0.112934	   0.15575	  0.210274	  0.290624	  0.343125	  0.379621	  0.412776	   0.45194	  0.499279	  0.535595	  0.562742	  0.593513	  0.624561	  0.651537	  0.678324	   0.70121	  0.721718	  0.738899	  0.753344	  0.765576	  0.771706	  0.776197	  0.779627	  0.782346	  0.784582	  0.786481	  0.788143	  0.789637	  0.791003	  0.792254	  0.793392	  0.794418	   0.79533	  0.796125	  0.796804	  0.797366	  0.797811	  0.798144	  0.798372	  0.798501	  0.798538	  0.798486	  0.798356	  0.798153	  0.797885	  0.797561	  0.797189
   670	     0	         0	         0	         0	         0	         0	         0	         0	         0	         0	         0	         0	         0	         0	         0	         0	         0	0.00152151	0.00307829	0.00478199	0.00667054	 0.0160692	 0.0311043	 0.0531379	 0.0816723	  0.114063	  0.157426	  0.212542	  0.293685	  0.346766	  0.383768	  0.417491	  0.457288	  0.505486	  0.542766	  0.570952	  0.603058	  0.634221	  0.660405	  0.685925	  0.707428	  0.726522	  0.742374	  0.755637	  0.766865	  0.772475	  0.776628	  0.779847	  0.782442	  0.784613	  0.786482	  0.788136	  0.789632	  0.791002	  0.792253	  0.793387	    0.7944	  0.795292	  0.796061	  0.796708	  0.797233	  0.797637	  0.797925	  0.798107	  0.798189	  0.798178	   0.79808	  0.797903	  0.797655	  0.797344	  0.796979	  0.796568
   671	     0	         0	         0	         0	         0	         0	         0	         0	         0	         0	         0	         0	         0	         0	         0	         0	         0	0.00170136	 0.0033869	0.00518921	0.00715272	 0.0171126	 0.0329195	 0.0559691	 0.0856905	  0.119303	  0.164264	  0.221426	  0.305494	  0.360185	  0.398644	  0.432956	  0.473359	  0.522218	  0.560037	  0.588491	  0.620976	  0.650251	  0.673732	   0.69648	  0.715585	  0.732652	   0.74685	  0.758771	  0.768893	   0.77432	  0.778414	  0.781621	  0.784218	  0.786395	  0.788273	  0.789939	  0.791453	   0.79285	   0.79414	  0.795325	  0.796401	  0.797368	  0.798223	  0.798966	  0.799595	   0.80011	  0.800516	  0.800821	   0.80103	   0.80115	  0.801185	  0.801144	  0.801034	  0.800863	  0.800639	  0.800369
   672	     0	         0	         0	         0	         0	         0	         0	         0	         0	         0	         0	         0	         0	         0	         0	         0	         0	  0.001638	0.00327079	0.00502507	0.00694353	 0.0166122	 0.0319736	  0.054365	 0.0832125	  0.115788	  0.159283	  0.214427	  0.295345	  0.347765	  0.384109	  0.416818	  0.455436	  0.502135	  0.537785	  0.564213	  0.594204	  0.624424	  0.650774	  0.677123	  0.699814	  0.720313	   0.73761	  0.752253	  0.764732	  0.771176	  0.775962	  0.779657	  0.782613	   0.78506	  0.787149	  0.788983	  0.790632	  0.792138	  0.793516	  0.794771	  0.795907	  0.796923	  0.797821	  0.798603	   0.79927	  0.799824	   0.80027	  0.800616	  0.800871	  0.801038	  0.801125	  0.801139	  0.801086	  0.800974	  0.800812	  0.800605
   673	     0	         0	         0	         0	         0	         0	         0	         0	         0	         0	         0	         0	         0	         0	         0	         0	         0	0.00151019	0.00303923	0.00470128	0.00653557	 0.0157139	 0.0303746	 0.0518436	 0.0796254	   0.11114	  0.153365	  0.207063	  0.286088	   0.33773	  0.373449	  0.406057	  0.444555	  0.491062	  0.526581	  0.553001	  0.582849	   0.61433	   0.64249	  0.670804	  0.695178	  0.717096	  0.735557	  0.751132	  0.764348	  0.770967	  0.775821	  0.779538	  0.782492	   0.78493	  0.787008	   0.78883	  0.790468	  0.791964	  0.793333	  0.794579	  0.795705	  0.796712	  0.797598	  0.798367	  0.799018	  0.799554	  0.799978	  0.800299	  0.800524	  0.800657	  0.800704	  0.800672	  0.800568	  0.800398	  0.800171	  0.799894
   674	     0	         0	         0	         0	         0	         0	         0	         0	         0	         0	         0	         0	         0	         0	         0	         0	         0	0.00151384	0.00305462	0.00473492	0.00659321	 0.0158727	 0.0307095	 0.0524579	 0.0806282	  0.112616	  0.155468	  0.209947	   0.29019	   0.34267	  0.379203	   0.41257	  0.451946	  0.499594	  0.536358	  0.564051	    0.5955	  0.627056	  0.654221	  0.680975	  0.703634	  0.723794	  0.740603	  0.754701	  0.766646	   0.77259	  0.776984	  0.780386	  0.783128	  0.785423	  0.787404	   0.78916	  0.790755	  0.792222	  0.793571	  0.794803	  0.795917	  0.796913	  0.797788	  0.798544	  0.799182	  0.799702	  0.800111	  0.800415	  0.800624	  0.800741	  0.800774	  0.800729	  0.800614	  0.800436	  0.800203	  0.799922
   675	     0	         0	         0	         0	         0	         0	         0	         0	         0	         0	         0	         0	         0	         0	         0	         0	         0	0.00155783	0.00312805	0.00483085	0.00670761	 0.0161308	 0.0311829	 0.0532283	 0.0817554	  0.114106	  0.157417	  0.212447	   0.29342	  0.346165	  0.382771	  0.415897	  0.454946	  0.502159	  0.538343	  0.565289	   0.59587	  0.626398	    0.6528	  0.679069	  0.701534	  0.721724	  0.738684	  0.752991	  0.765152	  0.771369	   0.77597	  0.779516	   0.78235	  0.784697	  0.786701	  0.788463	   0.79005	  0.791502	  0.792835	  0.794051	  0.795154	  0.796143	   0.79702	  0.797784	  0.798437	   0.79898	  0.799417	  0.799757	  0.800005	  0.800167	  0.800248	  0.800256	  0.800196	  0.800075	  0.799902	  0.799683
   676	     0	         0	         0	         0	         0	         0	         0	         0	         0	         0	         0	         0	         0	         0	         0	         0	         0	0.00151347	0.00306707	0.00477365	0.00667241	 0.0161133	  0.031259	 0.0535119	 0.0823959	  0.115252	  0.159272	  0.215267	  0.297783	  0.351887	  0.389811	  0.424295	  0.464877	  0.513977	  0.552109	  0.581064	  0.614099	  0.644747	  0.669635	  0.693624	  0.713651	  0.731394	  0.746095	  0.758411	  0.768873	  0.774271	  0.778346	  0.781561	  0.784194	  0.786428	  0.788375	  0.790114	  0.791697	  0.793156	  0.794497	  0.795721	  0.796828	  0.797817	  0.798686	  0.799438	  0.800072	  0.800591	     0.801	  0.801308	  0.801521	  0.801646	  0.801688	  0.801657	  0.801558	  0.801399	  0.801188	  0.800934
   677	     0	         0	         0	         0	         0	         0	         0	         0	         0	         0	         0	         0	         0	         0	         0	         0	         0	0.00158622	0.00316658	0.00486148	 0.0067111	 0.0160575	 0.0308937	 0.0525272	 0.0804196	  0.111962	  0.154204	  0.207918	  0.286972	  0.338451	  0.374061	  0.406477	  0.444858	  0.491297	  0.526804	  0.553252	  0.583196	  0.614779	  0.643013	  0.671327	  0.695671	  0.717512	  0.735844	  0.751248	  0.764264	  0.770688	  0.775352	  0.778888	  0.781673	  0.783953	  0.785882	  0.787567	  0.789081	  0.790466	  0.791735	  0.792889	  0.793928	  0.794849	  0.795652	  0.796336	  0.796901	  0.797347	  0.797679	  0.797904	  0.798031	  0.798065	  0.798012	  0.797881	  0.797678	  0.797413	  0.797094	  0.796728
   678	     0	         0	         0	         0	         0	         0	         0	         0	         0	         0	         0	         0	         0	         0	         0	         0	         0	0.00164841	0.00328427	0.00503396	 0.0069396	 0.0165896	 0.0318935	 0.0541925	 0.0829213	  0.115381	  0.158786	    0.2139	  0.294944	  0.347522	   0.38408	  0.417046	   0.45601	  0.503181	  0.539397	  0.566433	  0.597167	  0.627813	  0.654256	  0.680478	  0.702855	  0.722907	  0.739694	  0.753804	  0.765756	  0.771792	  0.776229	  0.779631	  0.782338	  0.784572	  0.786478	  0.788151	  0.789663	   0.79105	  0.792325	  0.793489	  0.794541	  0.795478	    0.7963	  0.797005	  0.797593	  0.798065	  0.798425	  0.798681	  0.798841	  0.798909	  0.798892	  0.798799	  0.798635	   0.79841	  0.798132	  0.797808
   679	     0	         0	         0	         0	         0	         0	         0	         0	         0	         0	         0	         0	         0	         0	         0	         0	         0	0.00153356	0.00309915	0.00481011	0.00670487	 0.0161417	  0.031229	  0.053327	 0.0819175	  0.114327	  0.157645	  0.212587	  0.293348	  0.345899	  0.382333	  0.415402	  0.454421	  0.501675	  0.537967	  0.565095	  0.595919	  0.626709	  0.653281	  0.679648	  0.702135	  0.722294	  0.739203	  0.753453	  0.765563	  0.771713	  0.776267	  0.779783	  0.782601	   0.78494	  0.786942	  0.788703	  0.790289	  0.791737	   0.79306	  0.794262	  0.795344	  0.796305	  0.797147	  0.797871	  0.798479	  0.798971	  0.799354	  0.799636	  0.799824	  0.799924	  0.799941	  0.799884	  0.799759	  0.799574	  0.799337	  0.799054
   680	     0	         0	         0	         0	         0	         0	         0	         0	         0	         0	         0	         0	         0	         0	         0	         0	         0	0.00156532	 0.0031389	0.00484171	 0.0067153	 0.0161305	  0.031153	 0.0531351	  0.081561	  0.113783	  0.156939	  0.211822	  0.292598	  0.345322	  0.381982	  0.415208	  0.454384	  0.501706	  0.537967	  0.565013	  0.595666	  0.626336	  0.652876	  0.679264	  0.701852	   0.72216	  0.739237	  0.753658	  0.765927	  0.772209	  0.776872	  0.780476	  0.783364	  0.785764	  0.787819	  0.789629	  0.791263	   0.79276	  0.794136	  0.795393	  0.796536	  0.797563	  0.798474	  0.799272	  0.799956	  0.800528	  0.800993	  0.801358	   0.80163	  0.801814	  0.801915	  0.801941	  0.801899	  0.801795	  0.801636	  0.801432
   681	     0	         0	         0	         0	         0	         0	         0	         0	         0	         0	         0	         0	         0	         0	         0	         0	         0	0.00156349	 0.0031405	0.00484923	0.00672983	 0.0161612	 0.0312016	 0.0531992	 0.0816334	  0.113853	  0.156974	   0.21176	   0.29237	  0.344918	  0.381441	  0.414594	  0.453719	  0.501045	  0.537407	  0.564624	  0.595524	  0.626511	  0.653295	  0.679834	  0.702462	   0.72272	  0.739684	  0.753957	  0.766066	  0.772177	  0.776693	  0.780176	  0.782968	  0.785289	  0.787281	  0.789039	  0.790629	  0.792088	   0.79343	  0.794656	  0.795766	   0.79676	  0.797636	  0.798395	  0.799038	  0.799566	  0.799983	  0.800297	  0.800515	  0.800643	  0.800686	  0.800652	  0.800548	  0.800381	  0.800159	  0.799889
   682	     0	         0	         0	         0	         0	         0	         0	         0	         0	         0	         0	         0	         0	         0	         0	         0	         0	0.00178342	0.00352469	0.00536513	0.00735146	 0.0175189	  0.033574	 0.0569043	 0.0868896	  0.120702	  0.165876	  0.223254	  0.307489	  0.362003	  0.400345	  0.434275	  0.474286	   0.52272	   0.56016	  0.588234	  0.620302	  0.649295	  0.672679	  0.695442	  0.714624	  0.731803	  0.746122	   0.75815	  0.768354	  0.773832	  0.777946	  0.781147	   0.78372	  0.785858	  0.787689	  0.789301	  0.790759	  0.792099	  0.793333	  0.794461	  0.795482	  0.796394	  0.797194	  0.797882	  0.798456	  0.798917	  0.799269	  0.799519	  0.799674	   0.79974	  0.799723	  0.799631	  0.799473	  0.799255	  0.798988	  0.798679
   683	     0	         0	         0	         0	         0	         0	         0	         0	         0	         0	         0	         0	         0	         0	         0	         0	         0	0.00151495	0.00305485	0.00473294	0.00658791	 0.0158468	 0.0306416	 0.0523074	 0.0803394	  0.112126	  0.154664	  0.208686	  0.288125	  0.339949	  0.375815	   0.40853	  0.447162	  0.493894	  0.529681	  0.556386	  0.586626	  0.618033	  0.645806	   0.67357	  0.697372	  0.718727	  0.736677	  0.751808	  0.764657	  0.771095	  0.775835	  0.779479	  0.782389	    0.7848	  0.786861	  0.788673	  0.790304	  0.791795	  0.793159	  0.794398	  0.795516	  0.796513	  0.797388	  0.798144	  0.798783	  0.799306	  0.799719	   0.80003	  0.800247	  0.800375	  0.800421	  0.800392	  0.800295	  0.800138	  0.799929	  0.799675
   684	     0	         0	         0	         0	         0	         0	         0	         0	         0	         0	         0	         0	         0	         0	         0	         0	         0	0.00157389	0.00316924	0.00490376	0.00681747	 0.0164037	 0.0317123	 0.0541383	 0.0831731	  0.116132	   0.16028	   0.21645	  0.299262	  0.353363	  0.391255	  0.425499	   0.46581	  0.514561	  0.552272	    0.5807	  0.613061	  0.643228	  0.667951	  0.692025	  0.712215	  0.730184	  0.745153	  0.757725	    0.7684	  0.773931	  0.778072	    0.7813	   0.78391	  0.786096	   0.78798	   0.78965	  0.791163	  0.792555	  0.793833	  0.794997	  0.796047	  0.796979	  0.797793	  0.798487	  0.799063	  0.799521	  0.799866	  0.800105	  0.800247	  0.800298	  0.800263	  0.800151	  0.799969	  0.799725	  0.799429	  0.799087
   685	     0	         0	         0	         0	         0	         0	         0	         0	         0	         0	         0	         0	         0	         0	         0	         0	         0	0.00171889	0.00340846	0.00520139	0.00714123	 0.0170224	 0.0326321	 0.0553125	 0.0844586	  0.117315	  0.161217	  0.216959	  0.298848	  0.351811	  0.388653	  0.421606	  0.460582	  0.507771	  0.543891	  0.570711	  0.601206	  0.631054	  0.656617	   0.68203	  0.703798	  0.723411	  0.739896	  0.753795	  0.765589	  0.771664	  0.776137	  0.779556	  0.782261	  0.784476	  0.786348	  0.787978	  0.789439	  0.790773	  0.791992	  0.793098	  0.794092	  0.794971	  0.795733	  0.796378	  0.796907	  0.797318	  0.797617	  0.797812	   0.79791	  0.797918	  0.797841	  0.797688	  0.797467	  0.797188	  0.796858	  0.796487
   686	     0	         0	         0	         0	         0	         0	         0	         0	         0	         0	         0	         0	         0	         0	         0	         0	         0	0.00155437	0.00312933	0.00484163	  0.006731	 0.0161902	  0.031298	 0.0534244	 0.0820631	  0.114558	  0.158071	  0.213381	  0.294823	  0.348019	  0.385156	  0.418894	  0.458686	  0.506848	  0.544086	  0.572175	  0.604167	  0.635102	   0.66109	  0.686466	   0.70789	  0.726953	  0.742812	  0.756108	  0.767383	  0.773104	  0.777368	  0.780692	  0.783386	  0.785649	  0.787609	  0.789351	  0.790934	  0.792393	  0.793737	  0.794966	   0.79608	  0.797078	  0.797959	  0.798723	  0.799371	  0.799904	  0.800327	  0.800648	  0.800874	  0.801011	  0.801064	  0.801041	  0.800949	  0.800795	  0.800587	  0.800332
   687	     0	         0	         0	         0	         0	         0	         0	         0	         0	         0	         0	         0	         0	         0	         0	         0	         0	0.00162802	0.00326637	0.00503525	0.00697435	 0.0167138	 0.0321974	  0.054793	 0.0839489	  0.116944	  0.161066	  0.217115	  0.299613	   0.35332	   0.39092	  0.424876	  0.464964	  0.513545	  0.551194	  0.579668	  0.612166	   0.64261	  0.667577	  0.691763	  0.712038	  0.730033	  0.744951	  0.757429	  0.767993	  0.773379	   0.77739	  0.780508	  0.783026	  0.785133	  0.786948	  0.788556	  0.790013	  0.791351	  0.792576	  0.793688	  0.794682	  0.795555	  0.796306	  0.796934	   0.79744	  0.797823	  0.798091	  0.798252	  0.798314	  0.798284	  0.798169	  0.797979	  0.797723	  0.797409	  0.797046	  0.796644
   688	     0	         0	         0	         0	         0	         0	         0	         0	         0	         0	         0	         0	         0	         0	         0	         0	         0	0.00165392	0.00331662	0.00511343	0.00708642	  0.017013	 0.0328239	 0.0559396	 0.0858099	   0.11965	  0.164897	   0.22237	  0.306927	  0.361904	  0.400543	  0.435041	  0.475594	  0.524644	  0.562639	  0.591218	  0.623856	  0.652841	   0.67585	  0.698136	  0.716797	   0.73347	  0.747358	  0.759041	  0.768986	  0.774416	  0.778547	  0.781807	  0.784464	  0.786701	  0.788637	  0.790355	  0.791914	  0.793346	  0.794663	  0.795864	  0.796951	  0.797922	  0.798776	  0.799514	  0.800137	  0.800644	  0.801042	  0.801338	  0.801538	   0.80165	  0.801677	  0.801629	  0.801512	  0.801334	  0.801102	  0.800825
   689	     0	         0	         0	         0	         0	         0	         0	         0	         0	         0	         0	         0	         0	         0	         0	         0	         0	0.00158035	0.00316376	 0.0048699	0.00673888	 0.0161362	 0.0310762	 0.0528684	 0.0809664	   0.11273	  0.155206	  0.209141	  0.288405	   0.33999	    0.3757	  0.408184	  0.446619	  0.493132	  0.528732	  0.555302	  0.585411	  0.616882	  0.644825	   0.67276	   0.69678	  0.718351	  0.736467	  0.751719	  0.764645	  0.771093	   0.77582	  0.779436	  0.782312	  0.784685	  0.786706	   0.78848	  0.790077	  0.791538	  0.792877	  0.794095	  0.795195	  0.796176	  0.797037	   0.79778	  0.798405	  0.798914	  0.799313	   0.79961	  0.799812	  0.799926	  0.799959	  0.799918	  0.799811	  0.799647	  0.799433	  0.799177
   690	     0	         0	         0	         0	         0	         0	         0	         0	         0	         0	         0	         0	         0	         0	         0	         0	         0	0.00156729	0.00315044	0.00486946	0.00676564	 0.0162631	 0.0314313	 0.0536374	 0.0823661	  0.114945	  0.158554	  0.213987	  0.295542	  0.348827	   0.38604	  0.419776	  0.459528	  0.507566	  0.544569	  0.572376	  0.603975	  0.634546	  0.660287	  0.685534	  0.706956	  0.726127	  0.742171	  0.755699	  0.767225	  0.773174	  0.777637	  0.781128	  0.783959	  0.786338	  0.788395	  0.790219	  0.791872	  0.793391	  0.794787	  0.796062	  0.797219	  0.798257	  0.799177	   0.79998	  0.800669	  0.801243	   0.80171	  0.802077	  0.802351	  0.802538	  0.802645	  0.802678	  0.802644	  0.802552	  0.802408	   0.80222
   691	     0	         0	         0	         0	         0	         0	         0	         0	         0	         0	         0	         0	         0	         0	         0	         0	         0	0.00149034	0.00301887	0.00469594	0.00655967	 0.0158262	 0.0306781	  0.052481	 0.0807588	  0.112903	  0.155977	  0.210771	  0.291492	  0.344398	  0.381257	  0.414914	  0.454591	  0.502582	  0.539613	  0.567531	  0.599234	  0.630497	  0.657096	  0.683214	  0.705306	  0.724983	  0.741404	  0.755199	  0.766908	  0.772794	  0.777162	  0.780553	  0.783287	  0.785574	  0.787544	  0.789287	  0.790863	  0.792307	  0.793628	  0.794829	   0.79591	   0.79687	  0.797708	  0.798427	  0.799026	  0.799508	  0.799878	  0.800144	  0.800313	  0.800392	  0.800387	  0.800305	  0.800153	   0.79994	  0.799673	   0.79936
   692	     0	         0	         0	         0	         0	         0	         0	         0	         0	         0	         0	         0	         0	         0	         0	         0	         0	0.00160653	0.00322658	0.00497852	0.00690158	 0.0165568	 0.0319211	 0.0543644	 0.0833502	  0.116183	  0.160122	  0.215976	   0.29826	  0.351879	  0.389386	  0.423318	  0.463378	  0.511923	  0.549537	  0.577973	  0.610404	  0.640987	  0.666198	  0.690673	  0.711195	  0.729404	  0.744504	   0.75713	   0.76781	   0.77322	  0.777232	  0.780337	  0.782834	  0.784915	    0.7867	  0.788276	  0.789699	  0.791003	  0.792194	  0.793271	  0.794232	  0.795072	   0.79579	  0.796385	  0.796857	  0.797208	  0.797442	  0.797569	  0.797597	  0.797532	  0.797382	  0.797156	  0.796863	   0.79651	  0.796109	  0.795667
   693	     0	         0	         0	         0	         0	         0	         0	         0	         0	         0	         0	         0	         0	         0	         0	         0	         0	0.00158085	0.00318031	0.00491743	0.00683259	 0.0164203	 0.0317196	 0.0541038	  0.083041	  0.115827	  0.159662	  0.215306	  0.297133	  0.350379	  0.387473	   0.42098	  0.460473	  0.508256	   0.54502	  0.572547	  0.603852	  0.634147	   0.65974	  0.684967	  0.706399	  0.725608	  0.741711	  0.755293	  0.766856	  0.772839	  0.777311	  0.780792	  0.783601	  0.785948	  0.787967	  0.789752	  0.791365	  0.792843	    0.7942	  0.795437	  0.796555	  0.797555	  0.798437	  0.799201	   0.79985	  0.800385	  0.800811	  0.801136	  0.801368	  0.801513	  0.801577	  0.801567	   0.80149	  0.801355	  0.801168	  0.800938
   694	     0	         0	         0	         0	         0	         0	         0	         0	         0	         0	         0	         0	         0	         0	         0	         0	         0	0.00160197	0.00321765	 0.0049709	 0.0069043	 0.0165942	 0.0320665	 0.0547068	 0.0839741	   0.11712	  0.161406	  0.217579	  0.300067	  0.353655	  0.390942	  0.424414	  0.463791	  0.511361	  0.547785	  0.574836	  0.605586	  0.635062	  0.659947	   0.68463	  0.705743	  0.724816	  0.740901	  0.754544	   0.76621	  0.772416	  0.777092	  0.780747	  0.783703	  0.786173	  0.788298	  0.790172	  0.791863	   0.79341	  0.794829	  0.796125	  0.797303	  0.798364	   0.79931	  0.800144	  0.800867	  0.801482	  0.801992	  0.802406	   0.80273	   0.80297	  0.803129	  0.803215	  0.803234	  0.803193	  0.803097	  0.802955
   695	     0	         0	         0	         0	         0	         0	         0	         0	         0	         0	         0	         0	         0	         0	         0	         0	         0	0.00157327	0.00317532	0.00492702	0.00687031	  0.016569	 0.0321097	  0.054912	 0.0844523	   0.11796	  0.162708	  0.219389	  0.302612	  0.356606	  0.394183	  0.427864	  0.467423	  0.515267	  0.552031	  0.579384	  0.610569	  0.639782	  0.664047	  0.687989	  0.708348	  0.726694	  0.742118	  0.755185	  0.766364	  0.772388	  0.776957	  0.780555	  0.783486	  0.785952	  0.788084	  0.789973	  0.791682	  0.793248	  0.794687	  0.796005	  0.797207	  0.798296	  0.799274	  0.800143	  0.800907	  0.801567	  0.802128	  0.802598	   0.80298	  0.803282	  0.803505	  0.803657	  0.803743	  0.803767	  0.803736	  0.803655
   696	     0	         0	         0	         0	         0	         0	         0	         0	         0	         0	         0	         0	         0	         0	         0	         0	         0	0.00160162	0.00321203	0.00495199	0.00686221	 0.0164623	 0.0317479	 0.0540843	 0.0829342	  0.115604	  0.159307	   0.21482	  0.296505	  0.349626	  0.386602	  0.419964	  0.459294	  0.506844	   0.54332	  0.570505	   0.60136	  0.631568	  0.657356	  0.682939	   0.70473	   0.72429	  0.740726	  0.754596	  0.766395	   0.77247	  0.776983	  0.780472	  0.783268	  0.785591	   0.78758	  0.789333	  0.790915	  0.792365	  0.793696	  0.794909	  0.796004	   0.79698	  0.797836	  0.798574	  0.799193	  0.799694	  0.800083	  0.800367	  0.800553	  0.800648	  0.800656	  0.800585	  0.800443	  0.800238	  0.799977	  0.799668
   697	     0	         0	         0	         0	         0	         0	         0	         0	         0	         0	         0	         0	         0	         0	         0	         0	         0	0.00159409	0.00318293	0.00489146	0.00676238	 0.0162184	 0.0312769	  0.053288	 0.0817325	  0.113966	  0.157173	  0.212166	  0.293141	   0.34604	   0.38292	  0.416352	  0.455816	  0.503523	   0.54024	  0.567771	  0.599061	   0.62989	  0.656229	  0.682149	  0.704231	  0.723995	    0.7405	  0.754369	  0.766133	  0.772114	   0.77655	  0.779983	  0.782742	  0.785042	  0.787019	  0.788767	  0.790351	  0.791809	  0.793152	  0.794383	  0.795504	  0.796513	  0.797408	  0.798191	  0.798862	   0.79942	  0.799871	  0.800221	  0.800477	  0.800644	  0.800728	  0.800735	  0.800672	  0.800546	  0.800366	  0.800137
   698	     0	         0	         0	         0	         0	         0	         0	         0	         0	         0	         0	         0	         0	         0	         0	         0	         0	0.00157327	0.00317532	0.00492702	0.00687031	  0.016569	 0.0321097	  0.054912	 0.0844523	   0.11796	  0.162708	  0.219389	  0.302612	  0.356606	  0.394183	  0.427864	  0.467423	  0.515267	  0.552031	  0.579384	  0.610569	  0.639782	  0.664047	  0.687989	  0.708348	  0.726694	  0.742118	  0.755185	  0.766364	  0.772388	  0.776957	  0.780555	  0.783486	  0.785952	  0.788084	  0.789973	  0.791682	  0.793248	  0.794687	  0.796005	  0.797207	  0.798296	  0.799274	  0.800143	  0.800907	  0.801567	  0.802128	  0.802598	   0.80298	  0.803282	  0.803505	  0.803657	  0.803743	  0.803767	  0.803736	  0.803655
   699	     0	         0	         0	         0	         0	         0	         0	         0	         0	         0	         0	         0	         0	         0	         0	         0	         0	0.00163524	 0.0032581	0.00499355	0.00688323	 0.0164493	 0.0316181	 0.0537158	 0.0821861	  0.114361	  0.157417	  0.212124	  0.292603	  0.344931	  0.381334	  0.414322	  0.453364	  0.500658	   0.53707	  0.564396	  0.595486	  0.626653	  0.653547	  0.680066	  0.702649	   0.72281	  0.739609	  0.753677	  0.765564	  0.771471	  0.775796	  0.779105	  0.781738	  0.783912	  0.785766	  0.787394	  0.788862	  0.790207	   0.79144	  0.792561	  0.793568	   0.79446	  0.795233	  0.795887	  0.796423	   0.79684	  0.797144	  0.797343	  0.797444	  0.797453	  0.797377	  0.797223	     0.797	  0.796716	   0.79638	  0.795999
   700	     0	         0	         0	         0	         0	         0	         0	         0	         0	         0	         0	         0	         0	         0	         0	         0	         0	0.00164827	0.00327051	0.00499452	0.00686296	 0.0163565	 0.0313705	 0.0531931	 0.0812524	  0.112904	  0.155258	  0.209099	  0.288265	  0.339744	  0.375394	  0.407747	  0.446101	  0.492517	     0.528	  0.554451	  0.584423	  0.615887	  0.643901	  0.671912	  0.696013	   0.71765	  0.735792	  0.751026	  0.763893	   0.77023	  0.774819	  0.778287	   0.78101	   0.78323	  0.785103	  0.786733	  0.788197	  0.789535	   0.79076	  0.791874	  0.792875	  0.793761	  0.794528	  0.795178	  0.795709	  0.796121	   0.79642	  0.796613	  0.796707	   0.79671	  0.796627	  0.796468	   0.79624	  0.795953	  0.795616	  0.795236
   701	     0	         0	         0	         0	         0	         0	         0	         0	         0	         0	         0	         0	         0	         0	         0	         0	         0	0.00153132	0.00308121	0.00476355	0.00661673	 0.0158838	 0.0306566	 0.0522448	 0.0801277	  0.111695	  0.153933	  0.207585	  0.286454	  0.337873	  0.373328	  0.405653	  0.443886	  0.490141	  0.525426	  0.551644	  0.581311	  0.612765	  0.640995	  0.669397	  0.693893	  0.715936	  0.734487	  0.750115	   0.76335	  0.769928	  0.774715	  0.778351	  0.781219	  0.783566	  0.785551	   0.78728	  0.788828	  0.790237	   0.79152	  0.792681	  0.793722	  0.794641	  0.795438	  0.796115	  0.796673	  0.797111	  0.797436	  0.797655	  0.797776	  0.797805	  0.797747	  0.797611	  0.797404	  0.797135	  0.796811	   0.79644
   702	     0	         0	         0	         0	         0	         0	         0	         0	         0	         0	         0	         0	         0	         0	         0	         0	         0	0.00150823	0.00304057	0.00470829	0.00654908	 0.0157357	 0.0303968	 0.0518437	  0.079571	  0.110996	   0.15306	    0.2065	   0.28509	  0.336415	  0.371889	  0.404354	  0.442737	  0.489169	  0.524717	  0.551273	  0.581315	  0.613244	  0.641842	  0.670501	   0.69509	  0.717106	  0.735575	  0.751098	  0.764231	  0.770689	  0.775396	  0.778986	  0.781835	  0.784184	  0.786186	  0.787942	  0.789522	  0.790966	  0.792285	  0.793482	  0.794556	  0.795508	  0.796335	  0.797039	  0.797622	  0.798084	   0.79843	  0.798669	  0.798808	  0.798853	   0.79881	  0.798687	   0.79849	  0.798228	  0.797909	   0.79754
   703	     0	         0	         0	         0	         0	         0	         0	         0	         0	         0	         0	         0	         0	         0	         0	         0	         0	0.00178342	0.00352469	0.00536513	0.00735146	 0.0175189	  0.033574	 0.0569043	 0.0868896	  0.120702	  0.165876	  0.223254	  0.307489	  0.362003	  0.400345	  0.434275	  0.474286	   0.52272	   0.56016	  0.588234	  0.620302	  0.649295	  0.672679	  0.695442	  0.714624	  0.731803	  0.746122	   0.75815	  0.768354	  0.773832	  0.777946	  0.781147	   0.78372	  0.785858	  0.787689	  0.789301	  0.790759	  0.792099	  0.793333	  0.794461	  0.795482	  0.796394	  0.797194	  0.797882	  0.798456	  0.798917	  0.799269	  0.799519	  0.799674	   0.79974	  0.799723	  0.799631	  0.799473	  0.799255	  0.798988	  0.798679
   704	     0	         0	         0	         0	         0	         0	         0	         0	         0	         0	         0	         0	         0	         0	         0	         0	         0	0.00169323	0.00336018	0.00513179	0.00705142	 0.0168025	 0.0322162	 0.0546108	 0.0833932	  0.115848	  0.159233	  0.214367	  0.295406	  0.348053	  0.384757	  0.417844	  0.457003	  0.504373	  0.540698	  0.567843	  0.598649	  0.629161	  0.655348	  0.681243	  0.703383	   0.72327	  0.739952	  0.754005	  0.765935	  0.771996	  0.776463	  0.779888	   0.78261	   0.78485	  0.786754	  0.788419	  0.789918	  0.791287	  0.792542	  0.793681	  0.794705	  0.795612	    0.7964	   0.79707	   0.79762	  0.798053	  0.798373	  0.798589	  0.798708	  0.798737	  0.798683	  0.798554	   0.79836	  0.798108	  0.797809	   0.79747
   705	     0	         0	         0	         0	         0	         0	         0	         0	         0	         0	         0	         0	         0	         0	         0	         0	         0	0.00154903	0.00312305	0.00483836	0.00673479	 0.0162104	 0.0313592	 0.0535589	  0.082306	  0.114937	   0.15862	  0.214134	  0.295859	  0.349259	  0.386594	  0.420512	  0.460486	   0.50886	  0.546307	  0.574609	  0.606853	  0.637703	  0.663394	  0.688397	  0.709448	  0.728165	   0.74373	   0.75679	  0.767882	  0.773548	  0.777797	  0.781128	  0.783841	   0.78613	  0.788119	   0.78989	  0.791501	  0.792985	  0.794349	  0.795596	  0.796726	  0.797738	   0.79863	  0.799405	  0.800063	  0.800606	  0.801039	  0.801372	  0.801609	  0.801759	  0.801825	  0.801818	  0.801742	  0.801605	  0.801416	  0.801182
   706	     0	         0	         0	         0	         0	         0	         0	         0	         0	         0	         0	         0	         0	         0	         0	         0	         0	0.00159495	0.00318179	0.00488339	0.00674126	  0.016135	 0.0310587	 0.0528321	 0.0809244	  0.112715	  0.155311	  0.209516	  0.289315	  0.341389	  0.377531	  0.410383	  0.449235	  0.496209	  0.532195	  0.559057	  0.589498	  0.620765	  0.648236	  0.675585	  0.699022	  0.720033	  0.737638	  0.752431	  0.764949	  0.771181	  0.775734	  0.779208	  0.781961	  0.784228	  0.786158	  0.787852	  0.789381	  0.790784	  0.792075	  0.793254	  0.794321	  0.795273	  0.796108	  0.796826	  0.797427	   0.79791	  0.798279	  0.798543	  0.798708	   0.79878	  0.798765	   0.79867	  0.798504	  0.798273	  0.797986	  0.797652
   707	     0	         0	         0	         0	         0	         0	         0	         0	         0	         0	         0	         0	         0	         0	         0	         0	         0	0.00154164	0.00310008	0.00479539	0.00666973	 0.0160634	 0.0310999	 0.0531624	 0.0817662	  0.114272	  0.157856	  0.213347	  0.295107	  0.348659	  0.386056	  0.419951	  0.459795	  0.507828	  0.544678	  0.572174	  0.603302	  0.633458	  0.658998	  0.684266	  0.705778	  0.725119	  0.741411	  0.755219	  0.767026	  0.773219	  0.777883	  0.781536	  0.784498	  0.786984	  0.789131	  0.791032	  0.792753	  0.794331	  0.795781	  0.797107	  0.798315	  0.799403	  0.800375	  0.801232	  0.801977	   0.80261	  0.803137	  0.803566	  0.803902	  0.804152	  0.804318	  0.804409	   0.80443	  0.804387	  0.804287	  0.804137
   708	     0	         0	         0	         0	         0	         0	         0	         0	         0	         0	         0	         0	         0	         0	         0	         0	         0	0.00162431	 0.0032502	0.00499905	0.00691088	 0.0165389	 0.0318235	 0.0541009	 0.0828068	  0.115241	  0.158591	  0.213615	  0.294504	  0.346986	  0.383389	  0.416264	  0.455142	  0.502232	  0.538323	  0.565223	  0.595788	   0.62636	  0.652827	   0.67914	  0.701662	  0.721894	  0.738871	  0.753167	   0.76529	  0.771435	  0.775951	  0.779408	  0.782153	  0.784411	  0.786327	  0.788001	  0.789504	  0.790875	  0.792127	   0.79326	  0.794276	  0.795172	  0.795949	  0.796606	  0.797144	  0.797564	  0.797871	  0.798074	   0.79818	  0.798195	  0.798127	  0.797983	  0.797771	    0.7975	  0.797179	  0.796816
   709	     0	         0	         0	         0	         0	         0	         0	         0	         0	         0	         0	         0	         0	         0	         0	         0	         0	0.00159409	0.00318293	0.00489146	0.00676238	 0.0162184	 0.0312769	  0.053288	 0.0817325	  0.113966	  0.157173	  0.212166	  0.293141	   0.34604	   0.38292	  0.416352	  0.455816	  0.503523	   0.54024	  0.567771	  0.599061	   0.62989	  0.656229	  0.682149	  0.704231	  0.723995	    0.7405	  0.754369	  0.766133	  0.772114	   0.77655	  0.779983	  0.782742	  0.785042	  0.787019	  0.788767	  0.790351	  0.791809	  0.793152	  0.794383	  0.795504	  0.796513	  0.797408	  0.798191	  0.798862	   0.79942	  0.799871	  0.800221	  0.800477	  0.800644	  0.800728	  0.800735	  0.800672	  0.800546	  0.800366	  0.800137
   710	     0	         0	         0	         0	         0	         0	         0	         0	         0	         0	         0	         0	         0	         0	         0	         0	         0	0.00150963	0.00305596	0.00475272	0.00663944	 0.0160171	 0.0310523	 0.0531152	 0.0817062	  0.114157	  0.157543	  0.212575	  0.293417	  0.346108	  0.382631	  0.415786	  0.454848	  0.502099	  0.538343	  0.565401	  0.596145	  0.626785	  0.653191	  0.679384	  0.701761	   0.72186	  0.738737	  0.752986	  0.765124	  0.771341	  0.775969	  0.779563	  0.782458	  0.784873	  0.786948	  0.788777	  0.790425	   0.79193	  0.793307	   0.79456	  0.795692	  0.796704	  0.797599	  0.798379	  0.799045	  0.799599	  0.800047	  0.800396	  0.800653	  0.800823	  0.800911	  0.800924	  0.800868	  0.800751	  0.800578	  0.800356
   711	     0	         0	         0	         0	         0	         0	         0	         0	         0	         0	         0	         0	         0	         0	         0	         0	         0	0.00166582	0.00331601	 0.0050813	0.00700588	 0.0167737	  0.032288	 0.0549305	  0.084149	  0.117217	  0.161501	  0.217857	  0.300822	  0.354816	  0.392562	  0.426345	  0.466131	  0.514167	  0.551017	  0.578417	   0.60953	  0.638872	  0.663397	  0.687655	  0.708318	  0.726933	  0.742583	  0.755805	  0.767057	  0.773016	  0.777463	  0.780902	  0.783651	  0.785925	  0.787863	  0.789564	  0.791095	  0.792497	  0.793784	  0.794961	  0.796027	  0.796982	  0.797824	  0.798553	  0.799169	  0.799672	  0.800064	  0.800352	  0.800543	  0.800641	  0.800651	   0.80058	  0.800435	  0.800222	  0.799949	  0.799624
   712	     0	         0	         0	         0	         0	         0	         0	         0	         0	         0	         0	         0	         0	         0	         0	         0	         0	0.00154675	0.00311074	0.00480704	0.00667457	 0.0160331	 0.0309559	 0.0527854	 0.0810182	  0.113041	  0.155967	  0.210618	  0.291163	  0.343883	  0.380577	  0.414015	  0.453509	  0.501275	  0.538026	  0.565623	   0.59693	  0.628083	  0.654812	  0.681159	  0.703529	  0.723492	  0.740167	  0.754164	   0.76602	  0.771935	  0.776281	  0.779617	  0.782277	  0.784478	  0.786358	   0.78801	  0.789498	   0.79086	  0.792104	   0.79323	  0.794238	  0.795126	   0.79589	  0.796532	  0.797051	  0.797449	  0.797729	  0.797902	  0.797973	  0.797951	   0.79784	  0.797649	  0.797387	  0.797062	  0.796683	  0.796258
   713	     0	         0	         0	         0	         0	         0	         0	         0	         0	         0	         0	         0	         0	         0	         0	         0	         0	0.00156349	 0.0031405	0.00484923	0.00672983	 0.0161612	 0.0312016	 0.0531992	 0.0816334	  0.113853	  0.156974	   0.21176	   0.29237	  0.344918	  0.381441	  0.414594	  0.453719	  0.501045	  0.537407	  0.564624	  0.595524	  0.626511	  0.653295	  0.679834	  0.702462	   0.72272	  0.739684	  0.753957	  0.766066	  0.772177	  0.776693	  0.780176	  0.782968	  0.785289	  0.787281	  0.789039	  0.790629	  0.792088	   0.79343	  0.794656	  0.795766	   0.79676	  0.797636	  0.798395	  0.799038	  0.799566	  0.799983	  0.800297	  0.800515	  0.800643	  0.800686	  0.800652	  0.800548	  0.800381	  0.800159	  0.799889
   714	     0	         0	         0	         0	         0	         0	         0	         0	         0	         0	         0	         0	         0	         0	         0	         0	         0	0.00169392	0.00335674	0.00511895	0.00702329	 0.0167269	 0.0320472	 0.0542911	 0.0828627	   0.11506	  0.158099	   0.21275	  0.293044	   0.34509	  0.381248	  0.413901	  0.452632	  0.499598	  0.535697	  0.562734	  0.593521	  0.624655	  0.651705	  0.678441	  0.701299	  0.721746	  0.738793	  0.753062	  0.765102	  0.771064	  0.775405	  0.778707	  0.781318	  0.783462	  0.785282	  0.786877	  0.788315	  0.789637	  0.790852	  0.791959	  0.792958	  0.793843	  0.794614	  0.795268	  0.795806	  0.796226	  0.796535	   0.79674	  0.796849	  0.796868	  0.796804	  0.796667	  0.796463	  0.796203	  0.795895	  0.795549
   715	     0	         0	         0	         0	         0	         0	         0	         0	         0	         0	         0	         0	         0	         0	         0	         0	         0	0.00152418	0.00307373	  0.004763	0.00663117	 0.0159563	 0.0308624	 0.0526941	 0.0809436	  0.112975	   0.15583	  0.210237	  0.290231	  0.342351	  0.378406	  0.411184	  0.449863	  0.496645	  0.532434	  0.559067	  0.589251	  0.620231	  0.647485	  0.674743	  0.698136	  0.719166	  0.736856	   0.75178	  0.764459	  0.770862	  0.775578	    0.7792	  0.782086	  0.784471	  0.786504	  0.788286	  0.789887	  0.791347	   0.79268	  0.793891	  0.794982	  0.795954	  0.796806	  0.797542	  0.798161	  0.798665	   0.79906	  0.799353	   0.79955	  0.799658	  0.799682	  0.799628	  0.799503	  0.799316	  0.799072	  0.798779
   716	     0	         0	         0	         0	         0	         0	         0	         0	         0	         0	         0	         0	         0	         0	         0	         0	         0	0.00151773	0.00306267	0.00474983	0.00661889	  0.015942	 0.0308633	 0.0527363	 0.0810572	  0.113182	  0.156158	   0.21071	  0.290888	  0.343151	  0.379319	   0.41218	  0.450931	  0.497792	  0.533646	   0.56033	  0.590588	  0.621456	   0.64852	  0.675561	  0.698784	  0.719689	  0.737286	  0.752152	  0.764801	  0.771249	  0.776026	  0.779715	   0.78267	  0.785125	  0.787227	  0.789077	  0.790744	  0.792269	  0.793667	  0.794942	  0.796099	  0.797139	  0.798063	  0.798874	  0.799572	  0.800159	  0.800641	  0.801025	  0.801317	  0.801523	  0.801648	  0.801699	  0.801682	  0.801604	  0.801472	  0.801292
   717	     0	         0	         0	         0	         0	         0	         0	         0	         0	         0	         0	         0	         0	         0	         0	         0	         0	0.00167984	0.00335786	0.00516076	0.00713045	 0.0170707	 0.0328529	 0.0558678	 0.0855435	  0.119102	   0.16396	   0.22094	   0.30475	  0.359191	  0.397406	  0.431597	  0.471902	  0.520717	   0.55854	  0.587054	  0.619633	  0.649125	   0.67282	  0.695747	  0.714975	  0.732119	  0.746363	   0.75831	  0.768447	  0.773826	  0.777872	  0.781036	  0.783594	  0.785734	  0.787575	  0.789201	  0.790671	  0.792019	  0.793255	  0.794376	  0.795383	  0.796274	  0.797045	  0.797698	  0.798233	   0.79865	  0.798954	  0.799155	   0.79926	  0.799275	  0.799206	  0.799064	  0.798855	  0.798588	  0.798273	  0.797918
   718	     0	         0	         0	         0	         0	         0	         0	         0	         0	         0	         0	         0	         0	         0	         0	         0	         0	0.00178342	0.00352469	0.00536513	0.00735146	 0.0175189	  0.033574	 0.0569043	 0.0868896	  0.120702	  0.165876	  0.223254	  0.307489	  0.362003	  0.400345	  0.434275	  0.474286	   0.52272	   0.56016	  0.588234	  0.620302	  0.649295	  0.672679	  0.695442	  0.714624	  0.731803	  0.746122	   0.75815	  0.768354	  0.773832	  0.777946	  0.781147	   0.78372	  0.785858	  0.787689	  0.789301	  0.790759	  0.792099	  0.793333	  0.794461	  0.795482	  0.796394	  0.797194	  0.797882	  0.798456	  0.798917	  0.799269	  0.799519	  0.799674	   0.79974	  0.799723	  0.799631	  0.799473	  0.799255	  0.798988	  0.798679
   719	     0	         0	         0	         0	         0	         0	         0	         0	         0	         0	         0	         0	         0	         0	         0	         0	         0	0.00156411	0.00314513	0.00486162	0.00675389	 0.0162332	 0.0313631	 0.0535014	 0.0821253	  0.114559	  0.157951	  0.213064	  0.294114	  0.346906	  0.383535	  0.416683	  0.455782	  0.503072	  0.539305	  0.566301	  0.596953	  0.627419	  0.653689	  0.679794	  0.702132	  0.722221	  0.739104	  0.753353	  0.765471	  0.771683	  0.776288	  0.779842	  0.782686	  0.785044	   0.78706	  0.788833	  0.790432	  0.791894	  0.793236	   0.79446	  0.795567	  0.796558	  0.797432	  0.798191	  0.798836	  0.799368	  0.799792	  0.800115	  0.800344	  0.800486	  0.800545	  0.800529	  0.800446	  0.800302	  0.800106	  0.799865
   720	     0	         0	         0	         0	         0	         0	         0	         0	         0	         0	         0	         0	         0	         0	         0	         0	         0	0.00159495	0.00318179	0.00488339	0.00674126	  0.016135	 0.0310587	 0.0528321	 0.0809244	  0.112715	  0.155311	  0.209516	  0.289315	  0.341389	  0.377531	  0.410383	  0.449235	  0.496209	  0.532195	  0.559057	  0.589498	  0.620765	  0.648236	  0.675585	  0.699022	  0.720033	  0.737638	  0.752431	  0.764949	  0.771181	  0.775734	  0.779208	  0.781961	  0.784228	  0.786158	  0.787852	  0.789381	  0.790784	  0.792075	  0.793254	  0.794321	  0.795273	  0.796108	  0.796826	  0.797427	   0.79791	  0.798279	  0.798543	  0.798708	   0.79878	  0.798765	   0.79867	  0.798504	  0.798273	  0.797986	  0.797652
   721	     0	         0	         0	         0	         0	         0	         0	         0	         0	         0	         0	         0	         0	         0	         0	         0	         0	0.00158325	0.00318286	0.00491659	0.00682396	 0.0163785	 0.0316034	 0.0538524	 0.0825944	  0.115148	  0.158691	  0.213988	   0.29534	  0.348361	  0.385345	  0.418903	  0.458531	  0.506536	  0.543662	  0.571688	  0.603644	  0.634642	  0.660707	  0.686129	  0.707576	  0.726634	  0.742446	  0.755668	  0.766849	  0.772444	  0.776581	  0.779783	   0.78236	  0.784513	  0.786367	  0.788007	  0.789493	  0.790857	  0.792108	  0.793243	  0.794263	  0.795164	  0.795944	  0.796603	  0.797142	  0.797561	  0.797865	  0.798062	   0.79816	  0.798164	  0.798081	  0.797919	  0.797685	  0.797388	  0.797035	  0.796636
   722	     0	         0	         0	         0	         0	         0	         0	         0	         0	         0	         0	         0	         0	         0	         0	         0	         0	0.00157812	  0.003159	0.00486171	0.00672633	 0.0161048	 0.0310151	 0.0527677	 0.0808299	  0.112579	  0.155086	  0.209135	  0.288667	  0.340569	  0.376583	  0.409386	  0.448192	  0.495135	  0.531152	  0.558131	  0.588718	  0.620264	  0.647977	  0.675512	  0.699061	  0.720125	   0.73774	  0.752518	  0.765011	  0.771168	  0.775656	  0.779075	  0.781786	  0.784017	  0.785915	  0.787579	  0.789078	  0.790449	  0.791704	  0.792843	  0.793867	  0.794771	  0.795555	  0.796218	   0.79676	  0.797182	  0.797488	  0.797686	  0.797784	  0.797788	  0.797703	  0.797539	  0.797302	  0.797002	  0.796646	  0.796244
   723	     0	         0	         0	         0	         0	         0	         0	         0	         0	         0	         0	         0	         0	         0	         0	         0	         0	0.00157793	0.00316641	0.00488811	0.00678556	 0.0163179	 0.0315476	 0.0538603	  0.082748	  0.115532	  0.159448	  0.215303	  0.297549	  0.351266	  0.388837	  0.422787	  0.462739	  0.511002	  0.548223	  0.576172	  0.607957	  0.638171	  0.663339	  0.687984	  0.708833	  0.727483	  0.743078	  0.756223	  0.767421	  0.773263	  0.777658	  0.781102	    0.7839	  0.786251	  0.788286	  0.790091	  0.791729	  0.793235	  0.794621	   0.79589	  0.797044	  0.798082	  0.799006	  0.799816	  0.800514	    0.8011	   0.80158	  0.801961	  0.802251	  0.802454	  0.802575	  0.802622	  0.802602	   0.80252	  0.802385	  0.802204
   724	     0	         0	         0	         0	         0	         0	         0	         0	         0	         0	         0	         0	         0	         0	         0	         0	         0	0.00160981	0.00321558	 0.0049405	0.00682599	 0.0163474	 0.0314785	  0.053558	 0.0820449	  0.114277	  0.157437	  0.212339	  0.293164	   0.34583	  0.382447	  0.415582	   0.45473	  0.502074	  0.538377	   0.56548	  0.596229	  0.626942	   0.65347	  0.679796	  0.702285	  0.722463	  0.739386	  0.753629	  0.765706	  0.771806	  0.776289	  0.779719	  0.782442	  0.784683	  0.786587	  0.788254	  0.789754	  0.791127	  0.792386	  0.793532	  0.794565	  0.795484	  0.796285	   0.79697	  0.797538	  0.797989	  0.798329	  0.798565	  0.798704	  0.798752	  0.798715	  0.798602	   0.79842	  0.798178	  0.797883	  0.797545
   725	     0	         0	         0	         0	         0	         0	         0	         0	         0	         0	         0	         0	         0	         0	         0	         0	         0	0.00159632	0.00318981	0.00490159	0.00677236	 0.0161998	 0.0311719	 0.0529993	 0.0811376	  0.112951	  0.155519	  0.209611	  0.289173	  0.340985	  0.376914	   0.40958	  0.448224	  0.494975	  0.530798	   0.55757	  0.587911	  0.619345	  0.647061	  0.674681	  0.698327	  0.719502	  0.737244	   0.75215	  0.764764	  0.771004	   0.77556	  0.779035	   0.78179	   0.78406	  0.785991	  0.787684	   0.78921	  0.790606	  0.791886	  0.793048	  0.794092	  0.795018	  0.795821	  0.796503	  0.797065	  0.797506	  0.797832	  0.798052	  0.798172	    0.7982	  0.798141	  0.798005	  0.797799	  0.797531	  0.797211	  0.796846
   726	     0	         0	         0	         0	         0	         0	         0	         0	         0	         0	         0	         0	         0	         0	         0	         0	         0	0.00151372	0.00305954	0.00474857	 0.0066185	 0.0159368	 0.0308332	 0.0526584	 0.0809152	  0.112983	   0.15593	  0.210539	  0.290967	  0.343514	  0.379949	  0.413113	  0.452238	  0.499553	  0.535815	   0.56288	  0.593541	  0.624473	  0.651355	  0.678129	  0.700972	  0.721449	  0.738647	  0.753136	  0.765431	  0.771614	  0.776155	  0.779633	  0.782396	  0.784673	  0.786609	  0.788302	  0.789822	  0.791205	  0.792466	  0.793604	  0.794622	  0.795519	  0.796292	  0.796944	  0.797474	  0.797883	  0.798177	  0.798363	  0.798449	   0.79844	  0.798342	  0.798163	  0.797911	  0.797593	  0.797218	  0.796794
   727	     0	         0	         0	         0	         0	         0	         0	         0	         0	         0	         0	         0	         0	         0	         0	         0	         0	0.00152353	0.00307183	0.00475857	0.00662245	  0.015928	 0.0307942	 0.0525613	 0.0807199	  0.112644	  0.155353	   0.20957	  0.289288	   0.34124	  0.377213	  0.409989	   0.44869	  0.495521	   0.53142	   0.55822	    0.5886	  0.619893	  0.647434	  0.674916	  0.698457	  0.719571	  0.737301	  0.752241	  0.764925	  0.771299	  0.775997	  0.779615	  0.782508	  0.784908	  0.786962	   0.78877	    0.7904	   0.79189	  0.793254	  0.794495	  0.795616	  0.796617	  0.797498	  0.798261	  0.798907	  0.799438	   0.79986	   0.80018	  0.800406	  0.800543	  0.800596	  0.800574	  0.800482	  0.800329	  0.800121	  0.799866
   728	     0	         0	         0	         0	         0	         0	         0	         0	         0	         0	         0	         0	         0	         0	         0	         0	         0	0.00161818	0.00323599	0.00497894	0.00688989	  0.016522	 0.0318598	 0.0542742	 0.0832304	  0.116031	  0.159943	   0.21579	  0.297986	  0.351598	  0.389104	  0.422927	  0.462768	  0.510877	  0.547882	  0.575583	  0.607035	  0.637087	  0.662268	  0.687031	  0.708065	   0.72694	  0.742775	  0.756149	  0.767552	   0.77352	  0.778002	  0.781503	  0.784334	  0.786704	  0.788748	  0.790556	  0.792194	  0.793698	  0.795081	  0.796346	  0.797495	  0.798526	  0.799441	  0.800239	  0.800922	  0.801492	  0.801952	  0.802311	  0.802576	  0.802752	  0.802845	  0.802861	  0.802809	  0.802694	  0.802526	   0.80231
   729	     0	         0	         0	         0	         0	         0	         0	         0	         0	         0	         0	         0	         0	         0	         0	         0	         0	0.00146043	0.00295788	0.00460198	0.00643119	 0.0155332	 0.0301436	 0.0516212	 0.0795191	  0.111282	  0.153923	  0.208259	  0.288378	  0.341115	  0.377849	  0.411534	  0.451254	  0.499267	  0.536334	  0.564324	  0.596099	  0.627795	  0.654928	  0.681525	  0.704018	  0.724008	   0.74064	  0.754573	  0.766371	  0.772221	  0.776546	  0.779897	    0.7826	  0.784865	  0.786821	  0.788557	  0.790132	  0.791579	  0.792909	  0.794122	  0.795218	  0.796196	  0.797054	  0.797795	  0.798417	  0.798923	  0.799316	  0.799606	  0.799798	  0.799899	  0.799914	   0.79985	  0.799714	  0.799514	  0.799258	  0.798952
   730	     0	         0	         0	         0	         0	         0	         0	         0	         0	         0	         0	         0	         0	         0	         0	         0	         0	0.00152443	0.00308024	0.00478006	0.00666226	 0.0160416	 0.0310411	 0.0530184	 0.0814753	  0.113773	  0.157012	  0.211959	  0.292835	  0.345713	  0.382552	  0.416137	  0.455774	  0.503768	  0.540869	   0.56889	  0.600799	  0.632073	  0.658535	  0.684382	  0.706201	  0.725583	  0.741678	  0.755145	  0.766542	  0.772219	  0.776418	   0.77967	  0.782291	  0.784484	  0.786374	  0.788047	  0.789562	  0.790949	  0.792219	   0.79337	  0.794403	  0.795315	  0.796105	  0.796774	  0.797321	  0.797749	  0.798062	  0.798269	  0.798376	   0.79839	  0.798316	  0.798163	  0.797937	  0.797647	    0.7973	  0.796905
   731	     0	         0	         0	         0	         0	         0	         0	         0	         0	         0	         0	         0	         0	         0	         0	         0	         0	0.00168428	0.00334513	0.00511441	0.00703629	 0.0167891	 0.0322338	 0.0547035	 0.0836086	  0.116218	  0.159785	  0.215076	  0.296271	  0.348866	  0.385467	  0.418351	  0.457204	   0.50419	  0.540162	  0.566925	  0.597312	   0.62759	  0.653769	  0.679821	  0.702181	  0.722328	  0.739278	  0.753593	   0.76577	  0.772039	  0.776689	  0.780277	  0.783145	   0.78552	  0.787547	  0.789328	  0.790932	    0.7924	  0.793748	  0.794977	  0.796089	  0.797085	  0.797964	  0.798727	  0.799375	  0.799909	  0.800333	  0.800656	  0.800884	  0.801024	  0.801081	  0.801063	  0.800977	  0.800831	  0.800632	  0.800389
   732	     0	         0	         0	         0	         0	         0	         0	         0	         0	         0	         0	         0	         0	         0	         0	         0	         0	0.00154154	0.00310459	0.00480568	0.00668484	 0.0160806	 0.0310955	 0.0530898	 0.0815569	  0.113851	  0.157077	  0.211999	  0.292805	  0.345544	  0.382242	  0.415587	  0.454897	  0.502419	  0.538943	  0.566294	  0.597328	  0.628196	  0.654723	  0.680968	   0.70332	  0.723342	  0.740134	  0.754297	  0.766351	    0.7725	   0.77708	  0.780641	  0.783514	  0.785916	  0.787987	  0.789819	  0.791476	  0.792996	  0.794392	  0.795666	   0.79682	  0.797854	  0.798769	  0.799565	  0.800246	  0.800813	   0.80127	  0.801626	  0.801888	  0.802063	  0.802155	  0.802171	   0.80212	  0.802007	  0.801841	  0.801629
   733	     0	         0	         0	         0	         0	         0	         0	         0	         0	         0	         0	         0	         0	         0	         0	         0	         0	0.00163774	0.00326519	0.00500548	0.00689897	 0.0164815	 0.0316604	 0.0537536	 0.0821972	  0.114325	  0.157324	  0.212005	  0.292489	  0.344906	   0.38142	  0.414566	  0.453851	  0.501483	  0.538251	  0.565987	  0.597576	  0.628978	  0.655854	  0.682196	  0.704557	  0.724465	  0.741001	   0.75481	  0.766451	  0.772186	   0.77637	  0.779564	  0.782101	  0.784193	  0.785975	  0.787538	  0.788949	  0.790243	  0.791429	  0.792506	  0.793472	  0.794323	  0.795056	  0.795672	  0.796168	  0.796547	  0.796813	  0.796974	  0.797038	  0.797014	  0.796906	  0.796725	   0.79648	  0.796179	  0.795833	   0.79545
   734	     0	         0	         0	         0	         0	         0	         0	         0	         0	         0	         0	         0	         0	         0	         0	         0	         0	0.00162585	0.00325845	0.00501972	0.00695019	 0.0166543	 0.0320843	 0.0546002	 0.0836437	   0.11649	  0.160387	  0.216104	  0.298014	  0.351222	  0.388312	  0.421758	  0.461247	  0.509073	  0.545915	  0.573543	  0.605008	  0.635306	  0.660795	  0.685826	  0.707072	  0.726088	  0.741983	  0.755355	  0.766716	  0.772561	  0.776912	  0.780287	  0.783001	  0.785261	    0.7872	  0.788909	  0.790452	  0.791865	  0.793158	  0.794334	  0.795391	  0.796329	  0.797147	  0.797846	  0.798427	   0.79889	  0.799242	  0.799491	  0.799646	  0.799711	  0.799694	  0.799604	  0.799448	  0.799234	  0.798972	  0.798668
   735	     0	         0	         0	         0	         0	         0	         0	         0	         0	         0	         0	         0	         0	         0	         0	         0	         0	0.00155666	0.00313016	0.00483719	 0.0067174	 0.0161434	 0.0311823	 0.0531943	 0.0816709	  0.113972	  0.157238	  0.212255	  0.293302	  0.346207	  0.383064	  0.416545	  0.456041	  0.503813	  0.540603	  0.568213	  0.599563	  0.630479	  0.656867	  0.682881	  0.704934	  0.724618	   0.74107	    0.7549	  0.766633	  0.772557	  0.776943	  0.780333	  0.783055	  0.785322	  0.787269	  0.788989	  0.790544	  0.791971	  0.793281	  0.794473	  0.795547	  0.796503	  0.797338	  0.798053	  0.798649	  0.799126	   0.79949	  0.799748	  0.799909	  0.799977	   0.79996	  0.799864	  0.799697	  0.799468	  0.799183	  0.798852
   736	     0	         0	         0	         0	         0	         0	         0	         0	         0	         0	         0	         0	         0	         0	         0	         0	         0	0.00161782	0.00322496	0.00494774	0.00682883	 0.0163391	 0.0314472	 0.0534779	 0.0818792	  0.113982	  0.156936	  0.211518	  0.291742	  0.343947	  0.380171	  0.412943	  0.451673	  0.498487	  0.534284	  0.560915	  0.591113	   0.62191	  0.648929	  0.675893	  0.699115	  0.720043	  0.737645	  0.752496	   0.76511	  0.771529	  0.776266	  0.779906	  0.782809	  0.785208	  0.787256	  0.789054	  0.790677	  0.792164	  0.793532	  0.794784	  0.795922	  0.796947	  0.797858	  0.798655	   0.79934	  0.799912	  0.800377	  0.800742	  0.801013	  0.801196	  0.801296	  0.801321	  0.801276	   0.80117	   0.80101	  0.800803
   737	     0	         0	         0	         0	         0	         0	         0	         0	         0	         0	         0	         0	         0	         0	         0	         0	         0	0.00151372	0.00305954	0.00474857	 0.0066185	 0.0159368	 0.0308332	 0.0526584	 0.0809152	  0.112983	   0.15593	  0.210539	  0.290967	  0.343514	  0.379949	  0.413113	  0.452238	  0.499553	  0.535815	   0.56288	  0.593541	  0.624473	  0.651355	  0.678129	  0.700972	  0.721449	  0.738647	  0.753136	  0.765431	  0.771614	  0.776155	  0.779633	  0.782396	  0.784673	  0.786609	  0.788302	  0.789822	  0.791205	  0.792466	  0.793604	  0.794622	  0.795519	  0.796292	  0.796944	  0.797474	  0.797883	  0.798177	  0.798363	  0.798449	   0.79844	  0.798342	  0.798163	  0.797911	  0.797593	  0.797218	  0.796794
   738	     0	         0	         0	         0	         0	         0	         0	         0	         0	         0	         0	         0	         0	         0	         0	         0	         0	0.00167984	0.00335786	0.00516076	0.00713045	 0.0170707	 0.0328529	 0.0558678	 0.0855435	  0.119102	   0.16396	   0.22094	   0.30475	  0.359191	  0.397406	  0.431597	  0.471902	  0.520717	   0.55854	  0.587054	  0.619633	  0.649125	   0.67282	  0.695747	  0.714975	  0.732119	  0.746363	   0.75831	  0.768447	  0.773826	  0.777872	  0.781036	  0.783594	  0.785734	  0.787575	  0.789201	  0.790671	  0.792019	  0.793255	  0.794376	  0.795383	  0.796274	  0.797045	  0.797698	  0.798233	   0.79865	  0.798954	  0.799155	   0.79926	  0.799275	  0.799206	  0.799064	  0.798855	  0.798588	  0.798273	  0.797918
   739	     0	         0	         0	         0	         0	         0	         0	         0	         0	         0	         0	         0	         0	         0	         0	         0	         0	0.00173201	0.00346892	0.00533234	0.00735984	 0.0175556	 0.0336563	 0.0570207	 0.0870153	  0.120803	  0.165855	  0.223014	  0.307075	  0.361503	  0.399699	  0.433821	  0.474188	   0.52324	  0.561348	  0.590225	  0.623292	  0.652765	  0.676035	  0.698381	  0.716956	  0.733436	  0.747057	  0.758419	  0.768011	  0.772989	  0.776675	  0.779513	  0.781774	  0.783636	  0.785212	   0.78658	    0.7878	  0.788902	  0.789892	  0.790765	  0.791519	  0.792148	  0.792649	  0.793022	  0.793267	  0.793386	  0.793383	  0.793271	  0.793057	  0.792752	  0.792365	  0.791906	  0.791386	  0.790818	  0.790211	  0.789575
   740	     0	         0	         0	         0	         0	         0	         0	         0	         0	         0	         0	         0	         0	         0	         0	         0	         0	0.00161205	0.00321641	 0.0049367	0.00681427	 0.0163038	 0.0313704	 0.0533368	 0.0816549	  0.113674	  0.156539	  0.211056	  0.291289	  0.343623	  0.380077	  0.413185	  0.452354	   0.49976	  0.536261	  0.563716	  0.594909	  0.626323	  0.653475	   0.68025	  0.703062	   0.72343	  0.740423	  0.754666	  0.766707	  0.772693	  0.777087	  0.780458	  0.783149	   0.78538	   0.78729	  0.788977	  0.790506	  0.791916	  0.793217	   0.79441	  0.795494	  0.796465	  0.797322	  0.798065	  0.798692	  0.799205	  0.799608	  0.799909	  0.800114	  0.800231	  0.800266	  0.800226	  0.800119	  0.799955	   0.79974	  0.799485
   741	     0	         0	         0	         0	         0	         0	         0	         0	         0	         0	         0	         0	         0	         0	         0	         0	         0	0.00174341	 0.0034466	0.00524346	0.00717735	 0.0170598	 0.0326205	  0.055169	 0.0840776	    0.1166	  0.160033	  0.215159	  0.296114	   0.34841	  0.384753	  0.417382	  0.456106	  0.503093	  0.539177	  0.566145	   0.59687	  0.627516	  0.653958	  0.680121	  0.702495	  0.722557	  0.739319	  0.753371	  0.765237	  0.771169	  0.775484	  0.778754	  0.781323	  0.783416	  0.785176	  0.786703	  0.788067	  0.789311	  0.790445	  0.791471	  0.792385	  0.793186	   0.79387	  0.794438	   0.79489	  0.795224	  0.795447	  0.795567	  0.795591	  0.795527	  0.795383	  0.795167	  0.794888	  0.794556	  0.794181	  0.793771
   742	     0	         0	         0	         0	         0	         0	         0	         0	         0	         0	         0	         0	         0	         0	         0	         0	         0	 0.0015764	0.00316173	0.00487598	0.00675985	 0.0162296	  0.031324	 0.0533959	 0.0819229	  0.114246	  0.157528	  0.212557	  0.293564	  0.346391	  0.383134	  0.416427	  0.455727	  0.503276	  0.539841	  0.567229	   0.59836	  0.629157	  0.655551	  0.681618	   0.70382	  0.723693	   0.74031	  0.754273	  0.766107	  0.772093	  0.776508	  0.779905	  0.782618	  0.784865	  0.786786	  0.788476	  0.790001	  0.791399	  0.792683	  0.793855	  0.794914	   0.79586	  0.796691	  0.797407	  0.798009	  0.798497	  0.798875	  0.799151	  0.799332	  0.799423	  0.799429	   0.79936	  0.799221	   0.79902	  0.798766	  0.798465
   743	     0	         0	         0	         0	         0	         0	         0	         0	         0	         0	         0	         0	         0	         0	         0	         0	         0	0.00160325	0.00321025	0.00494446	 0.0068479	 0.0164234	 0.0316746	 0.0539589	   0.08274	  0.115329	  0.158936	  0.214353	  0.295852	  0.348969	   0.38601	  0.419489	  0.458968	  0.506674	  0.543311	  0.570704	  0.601807	   0.63215	  0.657942	  0.683395	  0.705106	  0.724609	  0.740981	  0.754809	  0.766593	  0.772698	  0.777264	  0.780819	  0.783688	  0.786084	  0.788146	  0.789967	  0.791613	  0.793123	  0.794508	  0.795773	   0.79692	  0.797948	  0.798858	   0.79965	  0.800328	  0.800891	  0.801346	  0.801701	  0.801962	  0.802135	  0.802226	  0.802242	  0.802191	  0.802081	  0.801918	   0.80171
   744	     0	         0	         0	         0	         0	         0	         0	         0	         0	         0	         0	         0	         0	         0	         0	         0	         0	0.00164431	0.00326934	 0.0050001	0.00687784	 0.0164117	 0.0314946	 0.0534346	 0.0816618	  0.113524	  0.156161	  0.210352	  0.290105	  0.341872	  0.377735	  0.410241	  0.448771	  0.495455	  0.531235	  0.557954	  0.588286	  0.619639	   0.64729	  0.674869	   0.69848	  0.719617	  0.737302	  0.752125	  0.764626	   0.77076	  0.775189	  0.778524	  0.781132	  0.783249	  0.785025	  0.786562	  0.787934	  0.789182	  0.790317	  0.791342	  0.792253	  0.793049	  0.793727	  0.794286	  0.794725	  0.795045	   0.79525	  0.795348	  0.795348	  0.795256	  0.795078	  0.794824	  0.794501	   0.79412	  0.793689	  0.793217
   745	     0	         0	         0	         0	         0	         0	         0	         0	         0	         0	         0	         0	         0	         0	         0	         0	         0	0.00160055	0.00319931	0.00491798	0.00679722	  0.016271	 0.0313223	 0.0532738	 0.0815779	   0.11358	  0.156398	  0.210799	  0.290791	  0.342837	  0.378928	  0.411663	  0.450378	  0.497214	  0.533071	  0.559798	  0.590108	  0.621149	  0.648421	   0.67562	  0.698995	  0.720009	  0.737657	  0.752522	  0.765129	  0.771484	  0.776156	  0.779737	  0.782587	  0.784939	  0.786944	  0.788702	  0.790286	  0.791736	  0.793064	  0.794275	  0.795369	  0.796346	  0.797204	  0.797945	  0.798569	  0.799077	  0.799474	  0.799769	  0.799966	  0.800074	  0.800097	  0.800043	  0.799919	  0.799734	  0.799495	   0.79921
   746	     0	         0	         0	         0	         0	         0	         0	         0	         0	         0	         0	         0	         0	         0	         0	         0	         0	0.00165655	0.00331581	0.00510338	0.00706135	 0.0169248	 0.0326123	 0.0555151	 0.0850772	  0.118536	  0.163279	   0.22012	  0.303751	  0.358134	  0.396269	  0.430447	  0.470718	  0.519481	  0.557258	  0.585737	  0.618276	  0.647874	  0.671721	  0.694797	  0.714144	  0.731381	  0.745688	  0.757677	  0.767844	  0.773198	  0.777214	  0.780347	  0.782877	  0.784989	  0.786804	  0.788404	   0.78985	  0.791172	  0.792382	  0.793479	  0.794462	  0.795328	  0.796076	  0.796706	  0.797219	  0.797614	  0.797897	  0.798076	  0.798157	  0.798149	  0.798056	  0.797888	  0.797652	  0.797357	   0.79701	  0.796622
   747	     0	         0	         0	         0	         0	         0	         0	         0	         0	         0	         0	         0	         0	         0	         0	         0	         0	0.00162721	0.00325225	0.00499728	0.00690273	 0.0165122	 0.0317617	 0.0539852	 0.0826205	  0.114977	  0.158232	  0.213147	  0.293902	  0.346313	  0.382686	  0.415553	  0.454416	  0.501477	  0.537563	  0.564482	  0.595058	  0.625807	  0.652487	  0.679012	  0.701671	  0.721987	  0.739017	  0.753341	  0.765475	  0.771575	  0.776047	  0.779465	  0.782178	   0.78441	  0.786307	  0.787968	  0.789464	  0.790832	  0.792086	  0.793225	  0.794248	  0.795153	  0.795939	  0.796605	  0.797151	  0.797579	  0.797893	  0.798101	  0.798212	   0.79823	  0.798164	  0.798021	   0.79781	  0.797538	  0.797216	   0.79685
   748	     0	         0	         0	         0	         0	         0	         0	         0	         0	         0	         0	         0	         0	         0	         0	         0	         0	0.00155246	0.00312446	 0.0048311	0.00671095	 0.0161056	 0.0310775	 0.0529489	 0.0811861	   0.11314	  0.155852	  0.210049	  0.289681	   0.34154	  0.377441	  0.410136	  0.448804	  0.495638	  0.531566	  0.558452	   0.58897	  0.620373	  0.647923	  0.675306	  0.698729	  0.719702	  0.737269	   0.75204	  0.764561	  0.770788	  0.775359	  0.778867	  0.781665	  0.783981	   0.78596	  0.787699	  0.789265	  0.790697	  0.792006	  0.793193	  0.794258	  0.795201	   0.79602	  0.796718	  0.797295	  0.797753	  0.798099	  0.798341	  0.798487	  0.798544	  0.798518	  0.798419	  0.798255	  0.798033	  0.797762	   0.79745
   749	     0	         0	         0	         0	         0	         0	         0	         0	         0	         0	         0	         0	         0	         0	         0	         0	         0	0.00162431	 0.0032502	0.00499905	0.00691088	 0.0165389	 0.0318235	 0.0541009	 0.0828068	  0.115241	  0.158591	  0.213615	  0.294504	  0.346986	  0.383389	  0.416264	  0.455142	  0.502232	  0.538323	  0.565223	  0.595788	   0.62636	  0.652827	   0.67914	  0.701662	  0.721894	  0.738871	  0.753167	   0.76529	  0.771435	  0.775951	  0.779408	  0.782153	  0.784411	  0.786327	  0.788001	  0.789504	  0.790875	  0.792127	   0.79326	  0.794276	  0.795172	  0.795949	  0.796606	  0.797144	  0.797564	  0.797871	  0.798074	   0.79818	  0.798195	  0.798127	  0.797983	  0.797771	    0.7975	  0.797179	  0.796816
   750	     0	         0	         0	         0	         0	         0	         0	         0	         0	         0	         0	         0	         0	         0	         0	         0	         0	0.00158085	0.00318031	0.00491743	0.00683259	 0.0164203	 0.0317196	 0.0541038	  0.083041	  0.115827	  0.159662	  0.215306	  0.297133	  0.350379	  0.387473	   0.42098	  0.460473	  0.508256	   0.54502	  0.572547	  0.603852	  0.634147	   0.65974	  0.684967	  0.706399	  0.725608	  0.741711	  0.755293	  0.766856	  0.772839	  0.777311	  0.780792	  0.783601	  0.785948	  0.787967	  0.789752	  0.791365	  0.792843	    0.7942	  0.795437	  0.796555	  0.797555	  0.798437	  0.799201	   0.79985	  0.800385	  0.800811	  0.801136	  0.801368	  0.801513	  0.801577	  0.801567	   0.80149	  0.801355	  0.801168	  0.800938
   751	     0	         0	         0	         0	         0	         0	         0	         0	         0	         0	         0	         0	         0	         0	         0	         0	         0	0.00165655	0.00331581	0.00510338	0.00706135	 0.0169248	 0.0326123	 0.0555151	 0.0850772	  0.118536	  0.163279	   0.22012	  0.303751	  0.358134	  0.396269	  0.430447	  0.470718	  0.519481	  0.557258	  0.585737	  0.618276	  0.647874	  0.671721	  0.694797	  0.714144	  0.731381	  0.745688	  0.757677	  0.767844	  0.773198	  0.777214	  0.780347	  0.782877	  0.784989	  0.786804	  0.788404	   0.78985	  0.791172	  0.792382	  0.793479	  0.794462	  0.795328	  0.796076	  0.796706	  0.797219	  0.797614	  0.797897	  0.798076	  0.798157	  0.798149	  0.798056	  0.797888	  0.797652	  0.797357	   0.79701	  0.796622
   752	     0	         0	         0	         0	         0	         0	         0	         0	         0	         0	         0	         0	         0	         0	         0	         0	         0	0.00164301	0.00328435	0.00504966	 0.0069811	 0.0167126	 0.0321779	 0.0547314	 0.0838058	  0.116663	  0.160561	   0.21626	  0.298085	  0.351162	  0.388098	  0.421301	  0.460488	   0.50791	  0.544312	  0.571468	  0.602367	  0.632443	  0.658014	  0.683301	   0.70489	  0.724298	  0.740577	  0.754305	  0.765977	  0.772008	  0.776489	  0.779953	  0.782726	  0.785025	  0.786989	  0.788714	  0.790267	  0.791688	  0.792988	  0.794171	  0.795238	  0.796189	  0.797022	  0.797739	  0.798341	  0.798828	  0.799206	  0.799482	  0.799663	  0.799756	  0.799766	    0.7997	  0.799567	  0.799373	  0.799128	  0.798839
   753	     0	         0	         0	         0	         0	         0	         0	         0	         0	         0	         0	         0	         0	         0	         0	         0	         0	0.00151384	0.00305462	0.00473492	0.00659321	 0.0158727	 0.0307095	 0.0524579	 0.0806282	  0.112616	  0.155468	  0.209947	   0.29019	   0.34267	  0.379203	   0.41257	  0.451946	  0.499594	  0.536358	  0.564051	    0.5955	  0.627056	  0.654221	  0.680975	  0.703634	  0.723794	  0.740603	  0.754701	  0.766646	   0.77259	  0.776984	  0.780386	  0.783128	  0.785423	  0.787404	   0.78916	  0.790755	  0.792222	  0.793571	  0.794803	  0.795917	  0.796913	  0.797788	  0.798544	  0.799182	  0.799702	  0.800111	  0.800415	  0.800624	  0.800741	  0.800774	  0.800729	  0.800614	  0.800436	  0.800203	  0.799922
   754	     0	         0	         0	         0	         0	         0	         0	         0	         0	         0	         0	         0	         0	         0	         0	         0	         0	0.00156349	 0.0031405	0.00484923	0.00672983	 0.0161612	 0.0312016	 0.0531992	 0.0816334	  0.113853	  0.156974	   0.21176	   0.29237	  0.344918	  0.381441	  0.414594	  0.453719	  0.501045	  0.537407	  0.564624	  0.595524	  0.626511	  0.653295	  0.679834	  0.702462	   0.72272	  0.739684	  0.753957	  0.766066	  0.772177	  0.776693	  0.780176	  0.782968	  0.785289	  0.787281	  0.789039	  0.790629	  0.792088	   0.79343	  0.794656	  0.795766	   0.79676	  0.797636	  0.798395	  0.799038	  0.799566	  0.799983	  0.800297	  0.800515	  0.800643	  0.800686	  0.800652	  0.800548	  0.800381	  0.800159	  0.799889
   755	     0	         0	         0	         0	         0	         0	         0	         0	         0	         0	         0	         0	         0	         0	         0	         0	         0	0.00157525	0.00315074	0.00484734	0.00670611	 0.0160821	 0.0310072	 0.0528184	 0.0809998	  0.112934	   0.15575	  0.210274	  0.290624	  0.343125	  0.379621	  0.412776	   0.45194	  0.499279	  0.535595	  0.562742	  0.593513	  0.624561	  0.651537	  0.678324	   0.70121	  0.721718	  0.738899	  0.753344	  0.765576	  0.771706	  0.776197	  0.779627	  0.782346	  0.784582	  0.786481	  0.788143	  0.789637	  0.791003	  0.792254	  0.793392	  0.794418	   0.79533	  0.796125	  0.796804	  0.797366	  0.797811	  0.798144	  0.798372	  0.798501	  0.798538	  0.798486	  0.798356	  0.798153	  0.797885	  0.797561	  0.797189
   756	     0	         0	         0	         0	         0	         0	         0	         0	         0	         0	         0	         0	         0	         0	         0	         0	         0	0.00157294	0.00315139	0.00485541	0.00672577	 0.0161523	 0.0311755	 0.0531551	 0.0815872	  0.113845	  0.157125	  0.212285	  0.293641	  0.346927	  0.384141	  0.417943	  0.457842	  0.506091	  0.543324	  0.571354	  0.603222	  0.634097	  0.660123	  0.685596	  0.707151	  0.726363	  0.742356	  0.755755	   0.76709	  0.772806	  0.777024	   0.78027	  0.782866	   0.78502	  0.786865	   0.78849	   0.78996	  0.791311	  0.792554	  0.793687	  0.794712	  0.795624	  0.796421	  0.797102	  0.797668	  0.798117	  0.798453	  0.798684	  0.798816	  0.798856	  0.798807	  0.798679	  0.798479	  0.798214	  0.797893	  0.797524
   757	     0	         0	         0	         0	         0	         0	         0	         0	         0	         0	         0	         0	         0	         0	         0	         0	         0	 0.0015583	0.00312877	0.00482748	0.00669332	 0.0160524	 0.0309535	 0.0527176	 0.0808195	  0.112635	  0.155221	  0.209335	  0.288956	  0.340872	  0.376856	  0.409642	  0.448423	  0.495373	  0.531426	  0.558431	  0.589081	  0.620614	  0.648295	  0.675797	   0.69931	  0.720336	  0.737911	  0.752652	  0.765112	  0.771267	  0.775759	  0.779187	  0.781908	  0.784151	  0.786061	  0.787737	  0.789246	  0.790627	   0.79189	  0.793038	  0.794069	  0.794981	  0.795774	  0.796447	  0.797001	  0.797435	  0.797756	   0.79797	  0.798084	  0.798106	  0.798039	  0.797894	  0.797677	  0.797395	  0.797059	  0.796674
   758	     0	         0	         0	         0	         0	         0	         0	         0	         0	         0	         0	         0	         0	         0	         0	         0	         0	0.00154036	0.00311492	0.00483527	0.00673868	 0.0162091	  0.031332	 0.0534583	 0.0820662	  0.114488	  0.157828	  0.212823	  0.293698	  0.346429	  0.383148	  0.416601	  0.456122	  0.504036	    0.5411	  0.569119	  0.601048	   0.63234	  0.658791	  0.684618	  0.706395	  0.725726	  0.741775	  0.755201	  0.766564	  0.772206	  0.776374	    0.7796	  0.782198	  0.784367	  0.786234	  0.787882	   0.78937	  0.790729	  0.791967	  0.793082	  0.794074	  0.794942	  0.795682	  0.796297	  0.796788	  0.797156	  0.797406	  0.797548	   0.79759	  0.797539	    0.7974	  0.797184	  0.796897	  0.796549	  0.796148	  0.795702
   759	     0	         0	         0	         0	         0	         0	         0	         0	         0	         0	         0	         0	         0	         0	         0	         0	         0	0.00166882	0.00332051	0.00508517	0.00700659	 0.0167455	 0.0321932	 0.0547026	 0.0837063	  0.116485	   0.16033	  0.216054	  0.298009	  0.351314	  0.388602	  0.422157	  0.461758	  0.509645	  0.546537	  0.574217	  0.605704	  0.636042	  0.661563	  0.686617	  0.707878	  0.726901	    0.7428	  0.756172	  0.767525	  0.773363	   0.77771	  0.781081	  0.783794	  0.786057	  0.788003	  0.789725	  0.791288	  0.792728	  0.794057	  0.795275	  0.796382	  0.797376	  0.798255	  0.799018	  0.799667	    0.8002	  0.800624	  0.800944	   0.80117	  0.801305	  0.801356	  0.801332	  0.801239	  0.801085	  0.800878	  0.800627
   760	     0	         0	         0	         0	         0	         0	         0	         0	         0	         0	         0	         0	         0	         0	         0	         0	         0	0.00156416	 0.0031189	0.00478576	0.00660605	 0.0158205	 0.0304681	 0.0518518	 0.0794577	  0.110717	  0.152649	  0.206059	   0.28473	  0.336181	  0.371782	  0.404287	  0.442766	  0.489289	   0.52487	  0.551411	  0.581442	  0.613272	   0.64177	  0.670296	  0.694811	  0.716779	  0.735183	  0.750622	   0.76365	  0.770028	  0.774641	  0.778126	  0.780866	  0.783105	  0.784999	  0.786654	  0.788144	  0.789511	  0.790767	  0.791915	  0.792952	  0.793877	  0.794687	   0.79538	  0.795956	  0.796414	   0.79676	     0.797	  0.797141	  0.797189	  0.797149	  0.797031	  0.796841	  0.796587	  0.796278	  0.795922
   761	     0	         0	         0	         0	         0	         0	         0	         0	         0	         0	         0	         0	         0	         0	         0	         0	         0	0.00159471	0.00318974	0.00490757	0.00678963	 0.0162664	 0.0313454	 0.0533597	 0.0817744	  0.113934	  0.156974	  0.211668	  0.292088	  0.344544	  0.381078	  0.414269	  0.453483	  0.500918	  0.537428	  0.564846	  0.596012	  0.627187	  0.654034	  0.680471	  0.703019	  0.723182	  0.740015	  0.754155	  0.766148	  0.772194	  0.776678	  0.780156	   0.78296	  0.785308	  0.787333	   0.78913	  0.790762	  0.792264	  0.793649	  0.794919	  0.796073	   0.79711	  0.798031	  0.798835	  0.799524	  0.800099	  0.800564	  0.800927	  0.801195	  0.801374	  0.801468	  0.801487	  0.801437	  0.801324	  0.801157	  0.800943
   762	     0	         0	         0	         0	         0	         0	         0	         0	         0	         0	         0	         0	         0	         0	         0	         0	         0	0.00151525	0.00304287	0.00469727	0.00651744	 0.0156548	 0.0302292	 0.0515546	 0.0791403	  0.110433	  0.152411	  0.205873	  0.284642	  0.336288	  0.372103	  0.404927	   0.44375	  0.490701	  0.526772	  0.553855	  0.584533	  0.616667	  0.645139	  0.673442	  0.697632	  0.719215	  0.737234	  0.752322	  0.765055	  0.771269	  0.775791	  0.779238	  0.781975	  0.784238	  0.786171	  0.787874	  0.789415	  0.790833	  0.792138	   0.79333	   0.79441	  0.795374	   0.79622	  0.796948	  0.797558	   0.79805	  0.798428	  0.798701	  0.798874	  0.798955	  0.798948	  0.798863	  0.798704	  0.798482	  0.798204	  0.797878
   763	     0	         0	         0	         0	         0	         0	         0	         0	         0	         0	         0	         0	         0	         0	         0	         0	         0	0.00146043	0.00295788	0.00460198	0.00643119	 0.0155332	 0.0301436	 0.0516212	 0.0795191	  0.111282	  0.153923	  0.208259	  0.288378	  0.341115	  0.377849	  0.411534	  0.451254	  0.499267	  0.536334	  0.564324	  0.596099	  0.627795	  0.654928	  0.681525	  0.704018	  0.724008	   0.74064	  0.754573	  0.766371	  0.772221	  0.776546	  0.779897	    0.7826	  0.784865	  0.786821	  0.788557	  0.790132	  0.791579	  0.792909	  0.794122	  0.795218	  0.796196	  0.797054	  0.797795	  0.798417	  0.798923	  0.799316	  0.799606	  0.799798	  0.799899	  0.799914	   0.79985	  0.799714	  0.799514	  0.799258	  0.798952
   764	     0	         0	         0	         0	         0	         0	         0	         0	         0	         0	         0	         0	         0	         0	         0	         0	         0	0.00156349	 0.0031405	0.00484923	0.00672983	 0.0161612	 0.0312016	 0.0531992	 0.0816334	  0.113853	  0.156974	   0.21176	   0.29237	  0.344918	  0.381441	  0.414594	  0.453719	  0.501045	  0.537407	  0.564624	  0.595524	  0.626511	  0.653295	  0.679834	  0.702462	   0.72272	  0.739684	  0.753957	  0.766066	  0.772177	  0.776693	  0.780176	  0.782968	  0.785289	  0.787281	  0.789039	  0.790629	  0.792088	   0.79343	  0.794656	  0.795766	   0.79676	  0.797636	  0.798395	  0.799038	  0.799566	  0.799983	  0.800297	  0.800515	  0.800643	  0.800686	  0.800652	  0.800548	  0.800381	  0.800159	  0.799889
   765	     0	         0	         0	         0	         0	         0	         0	         0	         0	         0	         0	         0	         0	         0	         0	         0	         0	0.00157094	 0.0031617	0.00488987	0.00679514	 0.0163185	 0.0315084	 0.0537104	 0.0823835	  0.114832	  0.158166	  0.213083	  0.293719	  0.346078	  0.382386	  0.415289	  0.454146	  0.501213	  0.537375	  0.564424	  0.595195	   0.62606	  0.652727	  0.679129	  0.701653	  0.721823	  0.738701	  0.752899	  0.764952	  0.771027	  0.775516	  0.778977	   0.78175	  0.784052	  0.786023	  0.787756	  0.789317	  0.790742	  0.792044	  0.793224	  0.794284	  0.795224	  0.796044	  0.796744	  0.797327	  0.797793	  0.798149	  0.798402	   0.79856	   0.79863	  0.798615	  0.798526	  0.798368	  0.798149	  0.797876	  0.797558
   766	     0	         0	         0	         0	         0	         0	         0	         0	         0	         0	         0	         0	         0	         0	         0	         0	         0	0.00161444	0.00323227	0.00498022	0.00690198	 0.0165794	 0.0320201	 0.0546167	 0.0838357	  0.116947	  0.161244	  0.217509	   0.30025	  0.354056	  0.391599	  0.425271	  0.464862	  0.512664	  0.549335	  0.576607	  0.607593	   0.63706	  0.661798	   0.68629	  0.707167	  0.725986	  0.741834	   0.75526	  0.766731	  0.772842	  0.777447	   0.78105	  0.783966	  0.786406	  0.788507	  0.790365	  0.792045	  0.793585	  0.795001	  0.796299	  0.797481	  0.798549	  0.799504	  0.800348	  0.801083	  0.801708	   0.80223	  0.802656	   0.80299	   0.80324	  0.803409	  0.803504	   0.80353	  0.803495	  0.803405	  0.803266
   767	     0	         0	         0	         0	         0	         0	         0	         0	         0	         0	         0	         0	         0	         0	         0	         0	         0	0.00162802	0.00326637	0.00503525	0.00697435	 0.0167138	 0.0321974	  0.054793	 0.0839489	  0.116944	  0.161066	  0.217115	  0.299613	   0.35332	   0.39092	  0.424876	  0.464964	  0.513545	  0.551194	  0.579668	  0.612166	   0.64261	  0.667577	  0.691763	  0.712038	  0.730033	  0.744951	  0.757429	  0.767993	  0.773379	   0.77739	  0.780508	  0.783026	  0.785133	  0.786948	  0.788556	  0.790013	  0.791351	  0.792576	  0.793688	  0.794682	  0.795555	  0.796306	  0.796934	   0.79744	  0.797823	  0.798091	  0.798252	  0.798314	  0.798284	  0.798169	  0.797979	  0.797723	  0.797409	  0.797046	  0.796644
   768	     0	         0	         0	         0	         0	         0	         0	         0	         0	         0	         0	         0	         0	         0	         0	         0	         0	0.00153178	0.00308908	0.00478882	0.00667167	 0.0160719	 0.0311221	 0.0531956	 0.0817943	  0.114261	  0.157714	  0.212903	  0.294074	  0.347058	   0.38394	  0.417412	  0.456825	  0.504457	  0.541083	  0.568508	  0.599657	  0.630316	  0.656486	  0.682328	  0.704321	  0.724031	  0.740558	  0.754505	   0.76639	  0.772506	  0.777083	  0.780658	  0.783554	  0.785985	  0.788087	  0.789949	  0.791636	  0.793184	  0.794606	  0.795907	  0.797089	  0.798154	  0.799102	  0.799935	  0.800656	  0.801265	  0.801769	  0.802174	  0.802487	  0.802714	   0.80286	  0.802931	  0.802933	  0.802872	  0.802757	  0.802593
   769	     0	         0	         0	         0	         0	         0	         0	         0	         0	         0	         0	         0	         0	         0	         0	         0	         0	0.00159461	0.00319346	 0.0049175	0.00680749	 0.0163196	 0.0314567	 0.0535672	 0.0821176	  0.114449	  0.157732	  0.212765	  0.293787	  0.346641	  0.383563	  0.417074	  0.456644	  0.504518	   0.54148	  0.569344	  0.601024	  0.632147	  0.658588	  0.684525	  0.706502	  0.726089	  0.742419	  0.756121	  0.767735	  0.773591	  0.777936	  0.781306	  0.784023	  0.786294	  0.788253	  0.789989	  0.791564	  0.793014	   0.79435	  0.795571	  0.796678	  0.797668	   0.79854	  0.799295	  0.799933	  0.800454	  0.800864	  0.801172	  0.801383	  0.801505	  0.801542	  0.801504	  0.801397	   0.80123	   0.80101	  0.800746
   770	     0	         0	         0	         0	         0	         0	         0	         0	         0	         0	         0	         0	         0	         0	         0	         0	         0	0.00164696	0.00327501	0.00501625	0.00691579	  0.016556	 0.0318804	 0.0542455	 0.0830992	  0.115734	  0.159411	  0.214914	  0.296503	  0.349541	  0.386467	  0.419645	   0.45876	  0.506013	  0.542209	  0.569106	   0.59966	  0.629718	  0.655534	  0.681183	  0.703184	   0.72302	  0.739694	  0.753777	  0.765761	  0.771996	   0.77664	  0.780237	  0.783125	  0.785528	  0.787589	  0.789408	  0.791053	  0.792567	  0.793964	  0.795249	  0.796426	  0.797495	  0.798455	  0.799307	  0.800052	   0.80069	  0.801226	  0.801664	  0.802012	  0.802273	  0.802452	  0.802555	  0.802588	  0.802557	   0.80247	  0.802331
   771	     0	         0	         0	         0	         0	         0	         0	         0	         0	         0	         0	         0	         0	         0	         0	         0	         0	0.00160295	0.00321038	0.00494355	0.00684324	 0.0164077	 0.0316275	 0.0538566	 0.0825651	  0.115082	  0.158637	  0.214062	  0.295703	   0.34902	  0.386252	  0.419981	   0.45982	  0.508052	  0.545301	  0.573379	  0.605357	  0.636075	  0.661776	  0.686843	  0.708016	  0.726875	  0.742553	  0.755682	  0.766791	    0.7724	  0.776544	   0.77974	  0.782299	  0.784424	  0.786243	  0.787846	  0.789293	   0.79062	  0.791835	  0.792939	   0.79393	  0.794804	   0.79556	  0.796197	  0.796715	  0.797116	  0.797402	  0.797584	  0.797668	   0.79766	  0.797568	    0.7974	  0.797164	  0.796869	  0.796524	  0.796137
   772	     0	         0	         0	         0	         0	         0	         0	         0	         0	         0	         0	         0	         0	         0	         0	         0	         0	0.00158856	0.00316452	0.00485322	0.00669765	  0.016033	 0.0308765	 0.0525464	 0.0805172	  0.112179	  0.154608	  0.208587	  0.288018	  0.339847	  0.375805	  0.408491	  0.447101	  0.493718	  0.529342	  0.555838	  0.585803	  0.617072	  0.644869	  0.672715	  0.696688	  0.718248	  0.736382	   0.75167	  0.764642	  0.771167	  0.775965	  0.779647	  0.782584	  0.785017	  0.787098	  0.788932	  0.790591	  0.792116	  0.793521	  0.794811	  0.795986	  0.797047	  0.797993	  0.798824	   0.79954	  0.800143	  0.800636	  0.801027	  0.801322	  0.801525	  0.801642	   0.80168	  0.801645	  0.801544	  0.801384	  0.801171
   773	     0	         0	         0	         0	         0	         0	         0	         0	         0	         0	         0	         0	         0	         0	         0	         0	         0	0.00167812	0.00333614	0.00510241	0.00701924	 0.0167484	 0.0321421	  0.054531	 0.0833303	  0.115827	  0.159269	  0.214441	  0.295549	  0.348136	  0.384724	  0.417674	   0.45666	   0.50387	  0.540114	  0.567187	  0.597971	  0.628565	  0.654913	  0.681015	  0.703312	   0.72331	  0.740052	  0.754123	  0.766037	  0.772056	  0.776476	  0.779856	  0.782539	  0.784746	  0.786622	  0.788265	  0.789744	  0.791098	  0.792341	  0.793472	  0.794491	  0.795395	  0.796182	  0.796852	  0.797405	  0.797841	  0.798164	  0.798383	  0.798504	  0.798534	   0.79848	  0.798349	  0.798149	   0.79789	   0.79758	  0.797228
   774	     0	         0	         0	         0	         0	         0	         0	         0	         0	         0	         0	         0	         0	         0	         0	         0	         0	0.00154036	0.00311492	0.00483527	0.00673868	 0.0162091	  0.031332	 0.0534583	 0.0820662	  0.114488	  0.157828	  0.212823	  0.293698	  0.346429	  0.383148	  0.416601	  0.456122	  0.504036	    0.5411	  0.569119	  0.601048	   0.63234	  0.658791	  0.684618	  0.706395	  0.725726	  0.741775	  0.755201	  0.766564	  0.772206	  0.776374	    0.7796	  0.782198	  0.784367	  0.786234	  0.787882	   0.78937	  0.790729	  0.791967	  0.793082	  0.794074	  0.794942	  0.795682	  0.796297	  0.796788	  0.797156	  0.797406	  0.797548	   0.79759	  0.797539	    0.7974	  0.797184	  0.796897	  0.796549	  0.796148	  0.795702
   775	     0	         0	         0	         0	         0	         0	         0	         0	         0	         0	         0	         0	         0	         0	         0	         0	         0	0.00161664	0.00323406	0.00497455	0.00687908	 0.0164877	 0.0317641	  0.054071	 0.0828695	  0.115479	  0.159147	    0.2147	   0.29656	  0.349904	  0.387158	   0.42081	  0.460525	   0.50858	  0.545632	  0.573471	  0.605126	  0.635666	  0.661354	  0.686581	  0.707899	  0.726916	  0.742786	  0.756105	  0.767385	  0.773103	  0.777323	   0.78057	  0.783161	  0.785306	  0.787138	  0.788749	  0.790203	  0.791538	  0.792763	  0.793878	  0.794881	   0.79577	  0.796542	  0.797195	  0.797731	  0.798149	  0.798453	  0.798652	  0.798753	  0.798762	  0.798685	  0.798532	  0.798309	  0.798026	  0.797692	  0.797314
   776	     0	         0	         0	         0	         0	         0	         0	         0	         0	         0	         0	         0	         0	         0	         0	         0	         0	0.00162802	0.00326637	0.00503525	0.00697435	 0.0167138	 0.0321974	  0.054793	 0.0839489	  0.116944	  0.161066	  0.217115	  0.299613	   0.35332	   0.39092	  0.424876	  0.464964	  0.513545	  0.551194	  0.579668	  0.612166	   0.64261	  0.667577	  0.691763	  0.712038	  0.730033	  0.744951	  0.757429	  0.767993	  0.773379	   0.77739	  0.780508	  0.783026	  0.785133	  0.786948	  0.788556	  0.790013	  0.791351	  0.792576	  0.793688	  0.794682	  0.795555	  0.796306	  0.796934	   0.79744	  0.797823	  0.798091	  0.798252	  0.798314	  0.798284	  0.798169	  0.797979	  0.797723	  0.797409	  0.797046	  0.796644
   777	     0	         0	         0	         0	         0	         0	         0	         0	         0	         0	         0	         0	         0	         0	         0	         0	         0	0.00157525	0.00315074	0.00484734	0.00670611	 0.0160821	 0.0310072	 0.0528184	 0.0809998	  0.112934	   0.15575	  0.210274	  0.290624	  0.343125	  0.379621	  0.412776	   0.45194	  0.499279	  0.535595	  0.562742	  0.593513	  0.624561	  0.651537	  0.678324	   0.70121	  0.721718	  0.738899	  0.753344	  0.765576	  0.771706	  0.776197	  0.779627	  0.782346	  0.784582	  0.786481	  0.788143	  0.789637	  0.791003	  0.792254	  0.793392	  0.794418	   0.79533	  0.796125	  0.796804	  0.797366	  0.797811	  0.798144	  0.798372	  0.798501	  0.798538	  0.798486	  0.798356	  0.798153	  0.797885	  0.797561	  0.797189
   778	     0	         0	         0	         0	         0	         0	         0	         0	         0	         0	         0	         0	         0	         0	         0	         0	         0	0.00157794	0.00317271	0.00490555	0.00681809	 0.0164064	 0.0317327	  0.054189	 0.0832573	  0.116225	  0.160317	  0.216258	  0.298512	  0.352025	  0.389342	  0.423003	  0.462628	  0.510574	  0.547564	  0.575287	  0.606901	  0.637051	  0.662256	  0.686952	  0.707859	  0.726555	  0.742158	  0.755287	   0.76646	   0.77228	  0.776653	  0.780081	  0.782868	  0.785215	  0.787249	  0.789057	  0.790699	  0.792211	  0.793604	  0.794883	  0.796049	  0.797104	  0.798047	   0.79888	  0.799605	  0.800223	  0.800738	  0.801157	  0.801486	  0.801731	  0.801895	  0.801985	  0.802006	  0.801965	  0.801867	  0.801718
   779	     0	         0	         0	         0	         0	         0	         0	         0	         0	         0	         0	         0	         0	         0	         0	         0	         0	0.00167984	0.00335786	0.00516076	0.00713045	 0.0170707	 0.0328529	 0.0558678	 0.0855435	  0.119102	   0.16396	   0.22094	   0.30475	  0.359191	  0.397406	  0.431597	  0.471902	  0.520717	   0.55854	  0.587054	  0.619633	  0.649125	   0.67282	  0.695747	  0.714975	  0.732119	  0.746363	   0.75831	  0.768447	  0.773826	  0.777872	  0.781036	  0.783594	  0.785734	  0.787575	  0.789201	  0.790671	  0.792019	  0.793255	  0.794376	  0.795383	  0.796274	  0.797045	  0.797698	  0.798233	   0.79865	  0.798954	  0.799155	   0.79926	  0.799275	  0.799206	  0.799064	  0.798855	  0.798588	  0.798273	  0.797918
   780	     0	         0	         0	         0	         0	         0	         0	         0	         0	         0	         0	         0	         0	         0	         0	         0	         0	0.00156764	0.00315371	0.00487622	0.00677531	 0.0162824	 0.0314567	 0.0536619	 0.0823773	  0.114928	  0.158476	  0.213778	  0.295138	  0.348183	  0.385201	  0.418796	   0.45843	  0.506417	  0.543518	  0.571512	  0.603405	  0.634368	  0.660433	    0.6859	  0.707407	  0.726547	  0.742469	  0.755818	  0.767139	  0.772866	  0.777129	  0.780449	  0.783135	  0.785389	  0.787337	  0.789064	  0.790631	  0.792071	  0.793393	  0.794599	  0.795688	   0.79666	  0.797513	  0.798248	  0.798867	   0.79937	  0.799763	  0.800055	  0.800252	   0.80036	  0.800386	  0.800337	  0.800221	  0.800044	  0.799816	  0.799543
   781	     0	         0	         0	         0	         0	         0	         0	         0	         0	         0	         0	         0	         0	         0	         0	         0	         0	0.00151372	0.00305954	0.00474857	 0.0066185	 0.0159368	 0.0308332	 0.0526584	 0.0809152	  0.112983	   0.15593	  0.210539	  0.290967	  0.343514	  0.379949	  0.413113	  0.452238	  0.499553	  0.535815	   0.56288	  0.593541	  0.624473	  0.651355	  0.678129	  0.700972	  0.721449	  0.738647	  0.753136	  0.765431	  0.771614	  0.776155	  0.779633	  0.782396	  0.784673	  0.786609	  0.788302	  0.789822	  0.791205	  0.792466	  0.793604	  0.794622	  0.795519	  0.796292	  0.796944	  0.797474	  0.797883	  0.798177	  0.798363	  0.798449	   0.79844	  0.798342	  0.798163	  0.797911	  0.797593	  0.797218	  0.796794
   782	     0	         0	         0	         0	         0	         0	         0	         0	         0	         0	         0	         0	         0	         0	         0	         0	         0	0.00153954	0.00309641	0.00478854	0.00665658	 0.0160133	  0.030967	 0.0528719	 0.0812244	  0.113386	   0.15646	   0.21123	   0.29183	  0.344479	  0.381034	  0.414208	  0.453309	  0.500532	  0.536684	   0.56361	  0.594118	  0.624831	  0.651545	  0.678174	   0.70101	  0.721562	   0.73886	  0.753472	  0.765904	  0.772273	  0.776998	  0.780651	   0.78358	  0.786016	  0.788104	  0.789946	   0.79161	  0.793137	  0.794542	   0.79583	  0.797002	   0.79806	  0.799005	  0.799836	  0.800556	  0.801164	  0.801666	  0.802068	  0.802377	  0.802597	  0.802733	  0.802793	  0.802781	  0.802705	  0.802572	  0.802389
   783	     0	         0	         0	         0	         0	         0	         0	         0	         0	         0	         0	         0	         0	         0	         0	         0	         0	0.00160005	0.00321881	0.00497527	 0.0069091	 0.0165754	 0.0319728	 0.0544507	 0.0834448	  0.116216	   0.15993	  0.215272	  0.296461	  0.349064	  0.385596	  0.418605	  0.457594	  0.504855	  0.541219	  0.568461	  0.599504	  0.630103	  0.656223	  0.681973	  0.703892	  0.723517	  0.739925	  0.753729	  0.765459	  0.771423	  0.775851	  0.779282	  0.782041	  0.784338	  0.786309	  0.788045	  0.789609	  0.791037	   0.79234	   0.79352	  0.794577	  0.795513	  0.796326	  0.797019	  0.797592	  0.798049	  0.798394	  0.798636	  0.798784	  0.798842	  0.798818	   0.79872	  0.798555	   0.79833	  0.798055	  0.797735
   784	     0	         0	         0	         0	         0	         0	         0	         0	         0	         0	         0	         0	         0	         0	         0	         0	         0	0.00155829	0.00312593	 0.0048217	0.00668603	 0.0160637	  0.031018	 0.0529002	 0.0812025	  0.113297	  0.156321	  0.211091	  0.291787	  0.344494	  0.381069	  0.414242	  0.453386	  0.500687	  0.536878	  0.563803	  0.594303	  0.624937	  0.651557	  0.678097	  0.700818	  0.721244	  0.738418	    0.7529	  0.765192	  0.771431	  0.776019	  0.779529	  0.782314	  0.784605	  0.786551	  0.788253	  0.789783	  0.791181	  0.792462	  0.793628	  0.794681	  0.795618	  0.796439	  0.797143	  0.797732	  0.798205	  0.798566	  0.798822	  0.798982	  0.799049	  0.799029	  0.798931	   0.79876	  0.798525	  0.798234	  0.797895
   785	     0	         0	         0	         0	         0	         0	         0	         0	         0	         0	         0	         0	         0	         0	         0	         0	         0	0.00154562	0.00312379	0.00485176	 0.0067702	 0.0163262	 0.0316388	 0.0541036	 0.0832061	  0.116222	  0.160325	  0.216201	  0.298259	  0.351567	  0.388602	  0.422025	  0.461358	  0.508965	  0.545569	  0.572898	  0.604028	  0.634044	  0.659368	  0.684349	  0.705584	  0.724643	  0.740625	  0.754123	  0.765638	  0.771648	   0.77616	  0.779687	  0.782544	  0.784938	  0.787001	  0.788825	  0.790472	  0.791978	  0.793358	  0.794616	  0.795755	  0.796778	  0.797685	   0.79848	  0.799164	  0.799739	  0.800211	  0.800588	  0.800875	  0.801079	  0.801203	  0.801255	   0.80124	  0.801165	  0.801036	  0.800859
   786	     0	         0	         0	         0	         0	         0	         0	         0	         0	         0	         0	         0	         0	         0	         0	         0	         0	0.00154112	 0.0030955	 0.0047815	0.00663996	 0.0159774	 0.0308978	  0.052768	 0.0811006	  0.113282	  0.156453	   0.21144	  0.292524	  0.345609	  0.382603	  0.416221	  0.455846	  0.503726	  0.540573	  0.568198	  0.599547	  0.630393	  0.656712	  0.682666	  0.704695	  0.724379	  0.740835	   0.75467	  0.766406	  0.772351	  0.776751	  0.780148	  0.782871	  0.785135	  0.787078	  0.788793	  0.790345	   0.79177	  0.793081	   0.79428	  0.795367	   0.79634	  0.797198	  0.797942	   0.79857	  0.799084	  0.799488	  0.799788	  0.799992	  0.800106	  0.800133	  0.800081	  0.799958	   0.79977	  0.799525	  0.799231
   787	     0	         0	         0	         0	         0	         0	         0	         0	         0	         0	         0	         0	         0	         0	         0	         0	         0	0.00155335	0.00312763	0.00484074	0.00673307	 0.0162076	 0.0313544	 0.0535525	 0.0822954	   0.11491	  0.158566	  0.214011	  0.295606	   0.34879	  0.385815	  0.419348	  0.458869	  0.506693	  0.543546	  0.571171	  0.602617	  0.633139	  0.658955	  0.684334	   0.70586	  0.725105	  0.741176	  0.754691	  0.766173	  0.772058	  0.776444	  0.779852	  0.782602	  0.784901	  0.786881	  0.788632	  0.790217	  0.791672	   0.79301	  0.794231	  0.795339	  0.796332	   0.79721	  0.797975	  0.798628	  0.799168	  0.799603	  0.799938	   0.80018	  0.800335	  0.800408	  0.800405	  0.800334	    0.8002	  0.800012	  0.799775
   788	     0	         0	         0	         0	         0	         0	         0	         0	         0	         0	         0	         0	         0	         0	         0	         0	         0	0.00155281	0.00312741	0.00483697	0.00671903	 0.0161229	 0.0311001	 0.0529768	 0.0812227	  0.113201	  0.155971	  0.210291	  0.290207	  0.342313	  0.378494	  0.411495	  0.450529	  0.497823	  0.534233	  0.561616	  0.592709	  0.624256	   0.65162	  0.678658	  0.701644	  0.722138	  0.739249	  0.753603	  0.765752	  0.771753	  0.776155	  0.779532	  0.782227	  0.784459	  0.786366	  0.788042	   0.78955	  0.790927	  0.792182	  0.793315	  0.794325	   0.79521	  0.795969	  0.796603	  0.797113	    0.7975	  0.797772	  0.797937	  0.798004	  0.797979	   0.79787	  0.797686	  0.797435	  0.797126	  0.796769	  0.796372
   789	     0	         0	         0	         0	         0	         0	         0	         0	         0	         0	         0	         0	         0	         0	         0	         0	         0	  0.001656	0.00330877	0.00508489	0.00702656	 0.0168249	 0.0323916	 0.0550964	 0.0843704	  0.117462	  0.161688	   0.21783	  0.300336	  0.353869	  0.391215	  0.424708	  0.464217	  0.512029	  0.548799	  0.576263	  0.607541	  0.637306	   0.66225	  0.686815	  0.707738	  0.726547	  0.742311	  0.755605	  0.766914	  0.772847	  0.777283	  0.780727	  0.783496	    0.7858	  0.787773	  0.789511	  0.791079	  0.792514	  0.793831	  0.795032	  0.796118	  0.797089	  0.797945	  0.798685	  0.799311	  0.799824	  0.800228	  0.800531	   0.80074	  0.800861	  0.800899	  0.800862	  0.800757	  0.800591	  0.800374	  0.800112
   790	     0	         0	         0	         0	         0	         0	         0	         0	         0	         0	         0	         0	         0	         0	         0	         0	         0	0.00154036	0.00311492	0.00483527	0.00673868	 0.0162091	  0.031332	 0.0534583	 0.0820662	  0.114488	  0.157828	  0.212823	  0.293698	  0.346429	  0.383148	  0.416601	  0.456122	  0.504036	    0.5411	  0.569119	  0.601048	   0.63234	  0.658791	  0.684618	  0.706395	  0.725726	  0.741775	  0.755201	  0.766564	  0.772206	  0.776374	    0.7796	  0.782198	  0.784367	  0.786234	  0.787882	   0.78937	  0.790729	  0.791967	  0.793082	  0.794074	  0.794942	  0.795682	  0.796297	  0.796788	  0.797156	  0.797406	  0.797548	   0.79759	  0.797539	    0.7974	  0.797184	  0.796897	  0.796549	  0.796148	  0.795702
   791	     0	         0	         0	         0	         0	         0	         0	         0	         0	         0	         0	         0	         0	         0	         0	         0	         0	 0.0014625	0.00295184	0.00457917	0.00638321	 0.0153947	 0.0298352	 0.0510365	 0.0785416	  0.109819	  0.151816	  0.205343	  0.284231	  0.336109	  0.372043	  0.405003	  0.443922	  0.490947	  0.527011	  0.554016	  0.584575	  0.616462	  0.644703	  0.672837	  0.696946	  0.718528	  0.736604	   0.75179	  0.764642	  0.771005	  0.775663	  0.779227	  0.782065	  0.784413	  0.786418	  0.788183	  0.789775	  0.791235	  0.792577	  0.793803	  0.794915	  0.795913	  0.796795	  0.797563	  0.798217	  0.798757	  0.799188	  0.799517	  0.799751	  0.799894	  0.799953	  0.799934	  0.799845	  0.799691	  0.799481	  0.799222
   792	     0	         0	         0	         0	         0	         0	         0	         0	         0	         0	         0	         0	         0	         0	         0	         0	         0	0.00158035	0.00316376	 0.0048699	0.00673888	 0.0161362	 0.0310762	 0.0528684	 0.0809664	   0.11273	  0.155206	  0.209141	  0.288405	   0.33999	    0.3757	  0.408184	  0.446619	  0.493132	  0.528732	  0.555302	  0.585411	  0.616882	  0.644825	   0.67276	   0.69678	  0.718351	  0.736467	  0.751719	  0.764645	  0.771093	   0.77582	  0.779436	  0.782312	  0.784685	  0.786706	   0.78848	  0.790077	  0.791538	  0.792877	  0.794095	  0.795195	  0.796176	  0.797037	   0.79778	  0.798405	  0.798914	  0.799313	   0.79961	  0.799812	  0.799926	  0.799959	  0.799918	  0.799811	  0.799647	  0.799433	  0.799177
   793	     0	         0	         0	         0	         0	         0	         0	         0	         0	         0	         0	         0	         0	         0	         0	         0	         0	0.00156349	 0.0031405	0.00484923	0.00672983	 0.0161612	 0.0312016	 0.0531992	 0.0816334	  0.113853	  0.156974	   0.21176	   0.29237	  0.344918	  0.381441	  0.414594	  0.453719	  0.501045	  0.537407	  0.564624	  0.595524	  0.626511	  0.653295	  0.679834	  0.702462	   0.72272	  0.739684	  0.753957	  0.766066	  0.772177	  0.776693	  0.780176	  0.782968	  0.785289	  0.787281	  0.789039	  0.790629	  0.792088	   0.79343	  0.794656	  0.795766	   0.79676	  0.797636	  0.798395	  0.799038	  0.799566	  0.799983	  0.800297	  0.800515	  0.800643	  0.800686	  0.800652	  0.800548	  0.800381	  0.800159	  0.799889
   794	     0	         0	         0	         0	         0	         0	         0	         0	         0	         0	         0	         0	         0	         0	         0	         0	         0	0.00151372	0.00305954	0.00474857	 0.0066185	 0.0159368	 0.0308332	 0.0526584	 0.0809152	  0.112983	   0.15593	  0.210539	  0.290967	  0.343514	  0.379949	  0.413113	  0.452238	  0.499553	  0.535815	   0.56288	  0.593541	  0.624473	  0.651355	  0.678129	  0.700972	  0.721449	  0.738647	  0.753136	  0.765431	  0.771614	  0.776155	  0.779633	  0.782396	  0.784673	  0.786609	  0.788302	  0.789822	  0.791205	  0.792466	  0.793604	  0.794622	  0.795519	  0.796292	  0.796944	  0.797474	  0.797883	  0.798177	  0.798363	  0.798449	   0.79844	  0.798342	  0.798163	  0.797911	  0.797593	  0.797218	  0.796794
   795	     0	         0	         0	         0	         0	         0	         0	         0	         0	         0	         0	         0	         0	         0	         0	         0	         0	0.00149996	0.00303063	0.00470621	 0.0065667	 0.0158425	  0.030718	 0.0525664	 0.0809126	  0.113135	  0.156299	  0.211144	  0.291859	  0.344671	  0.381439	   0.41496	  0.454448	  0.502203	  0.539044	  0.566763	  0.598287	  0.629497	  0.656136	  0.682302	  0.704465	  0.724214	  0.740685	  0.754524	  0.766281	  0.772224	  0.776661	  0.780128	  0.782947	  0.785324	  0.787388	  0.789227	  0.790901	  0.792443	  0.793865	   0.79517	  0.796359	  0.797433	  0.798391	  0.799237	   0.79997	  0.800594	  0.801111	  0.801532	  0.801861	  0.802104	  0.802266	  0.802353	  0.802371	  0.802327	  0.802228	  0.802079
   796	     0	         0	         0	         0	         0	         0	         0	         0	         0	         0	         0	         0	         0	         0	         0	         0	         0	 0.0015875	0.00319132	0.00493148	0.00684874	 0.0164589	 0.0317927	 0.0542306	 0.0832477	  0.116144	  0.160164	  0.216111	  0.298456	  0.352177	   0.38975	  0.423708	  0.463725	  0.512136	  0.549533	  0.577699	  0.609776	  0.640066	  0.665129	  0.689569	  0.710184	  0.728584	  0.743933	  0.756844	  0.767827	  0.773525	  0.777803	   0.78115	  0.783865	  0.786145	  0.788116	  0.789864	  0.791449	  0.792906	  0.794245	  0.795467	  0.796573	   0.79756	  0.798429	   0.79918	  0.799814	  0.800334	  0.800743	  0.801052	  0.801267	  0.801395	  0.801441	  0.801414	  0.801322	  0.801172	  0.800973	  0.800733
   797	     0	         0	         0	         0	         0	         0	         0	         0	         0	         0	         0	         0	         0	         0	         0	         0	         0	0.00158622	0.00316658	0.00486148	 0.0067111	 0.0160575	 0.0308937	 0.0525272	 0.0804196	  0.111962	  0.154204	  0.207918	  0.286972	  0.338451	  0.374061	  0.406477	  0.444858	  0.491297	  0.526804	  0.553252	  0.583196	  0.614779	  0.643013	  0.671327	  0.695671	  0.717512	  0.735844	  0.751248	  0.764264	  0.770688	  0.775352	  0.778888	  0.781673	  0.783953	  0.785882	  0.787567	  0.789081	  0.790466	  0.791735	  0.792889	  0.793928	  0.794849	  0.795652	  0.796336	  0.796901	  0.797347	  0.797679	  0.797904	  0.798031	  0.798065	  0.798012	  0.797881	  0.797678	  0.797413	  0.797094	  0.796728
   798	     0	         0	         0	         0	         0	         0	         0	         0	         0	         0	         0	         0	         0	         0	         0	         0	         0	0.00165797	0.00331273	  0.005089	0.00702807	 0.0168274	 0.0323838	 0.0550739	 0.0843417	  0.117456	  0.161774	  0.218124	    0.3011	  0.355077	  0.392838	  0.426771	  0.466828	  0.515353	  0.552864	  0.581078	  0.613268	  0.643176	  0.667684	  0.691528	  0.711585	  0.729461	  0.744319	  0.756763	  0.767295	  0.772734	  0.776768	  0.779883	  0.782373	  0.784436	  0.786196	  0.787743	  0.789136	  0.790412	  0.791579	  0.792636	  0.793581	  0.794409	  0.795119	   0.79571	  0.796181	  0.796532	  0.796768	  0.796898	  0.796929	  0.796867	   0.79672	  0.796497	  0.796205	  0.795855	  0.795454	  0.795013
   799	     0	         0	         0	         0	         0	         0	         0	         0	         0	         0	         0	         0	         0	         0	         0	         0	         0	0.00172579	 0.0034195	 0.0052149	0.00715612	 0.0170574	 0.0327001	 0.0554358	 0.0846685	  0.117649	  0.161748	  0.217787	  0.300188	  0.353628	  0.391025	  0.424535	   0.46416	  0.512168	  0.549234	  0.577091	  0.608864	  0.639065	  0.664215	  0.688788	  0.709552	  0.728076	  0.743485	  0.756385	  0.767289	  0.772842	  0.776938	  0.780083	  0.782589	   0.78466	  0.786426	  0.787978	   0.78938	   0.79067	  0.791857	   0.79294	  0.793915	  0.794779	  0.795529	  0.796163	   0.79668	   0.79708	  0.797368	   0.79755	  0.797636	   0.79763	   0.79754	  0.797375	  0.797143	  0.796852	  0.796513	  0.796133
   800	     0	         0	         0	         0	         0	         0	         0	         0	         0	         0	         0	         0	         0	         0	         0	         0	         0	0.00154992	0.00310554	 0.0047868	0.00663491	  0.015945	 0.0308005	 0.0525517	  0.080704	  0.112655	  0.155528	  0.210162	  0.290718	  0.343495	  0.380241	  0.413669	  0.453111	  0.500764	  0.537383	  0.564817	  0.595924	  0.626996	  0.653783	  0.680271	  0.702832	  0.723014	  0.739897	  0.754085	  0.766107	  0.772152	  0.776602	  0.780022	  0.782751	  0.785011	  0.786944	  0.788648	  0.790189	  0.791605	  0.792911	  0.794106	  0.795192	  0.796167	  0.797028	  0.797776	  0.798409	  0.798928	  0.799338	  0.799644	  0.799854	  0.799973	  0.800005	   0.79996	  0.799842	   0.79966	  0.799421	  0.799134
   801	     0	         0	         0	         0	         0	         0	         0	         0	         0	         0	         0	         0	         0	         0	         0	         0	         0	0.00156633	0.00314734	0.00486204	0.00675112	 0.0162237	 0.0313412	 0.0534683	 0.0820881	  0.114539	  0.157979	  0.213189	  0.294454	  0.347448	  0.384376	  0.417836	  0.457276	   0.50495	  0.541604	  0.569049	  0.600198	  0.630824	  0.656965	  0.682802	  0.704782	  0.724474	  0.740991	  0.754921	  0.766774	  0.772853	  0.777383	  0.780902	  0.783737	  0.786103	  0.788139	  0.789938	  0.791564	  0.793056	  0.794425	  0.795674	  0.796806	  0.797819	  0.798713	   0.79949	  0.800152	  0.800698	  0.801135	  0.801471	  0.801712	  0.801865	  0.801935	  0.801929	  0.801854	  0.801719	   0.80153	  0.801295
   802	     0	         0	         0	         0	         0	         0	         0	         0	         0	         0	         0	         0	         0	         0	         0	         0	         0	0.00153584	0.00307885	0.00474472	0.00657252	 0.0157668	 0.0304071	 0.0518029	 0.0794498	  0.110782	  0.152798	  0.206295	  0.285114	  0.336696	   0.37242	  0.405109	  0.443798	  0.490609	  0.526521	  0.553427	  0.583899	  0.615895	  0.644313	  0.672629	  0.696853	  0.718487	   0.73657	  0.751718	  0.764496	  0.770723	  0.775235	  0.778655	  0.781354	  0.783569	  0.785449	  0.787095	  0.788577	  0.789935	   0.79118	  0.792312	  0.793329	   0.79423	  0.795011	  0.795671	  0.796212	  0.796633	  0.796939	  0.797138	  0.797238	  0.797243	  0.797162	  0.797002	  0.796771	  0.796478	  0.796132	  0.795739
   803	     0	         0	         0	         0	         0	         0	         0	         0	         0	         0	         0	         0	         0	         0	         0	         0	         0	0.00159409	0.00318293	0.00489146	0.00676238	 0.0162184	 0.0312769	  0.053288	 0.0817325	  0.113966	  0.157173	  0.212166	  0.293141	   0.34604	   0.38292	  0.416352	  0.455816	  0.503523	   0.54024	  0.567771	  0.599061	   0.62989	  0.656229	  0.682149	  0.704231	  0.723995	    0.7405	  0.754369	  0.766133	  0.772114	   0.77655	  0.779983	  0.782742	  0.785042	  0.787019	  0.788767	  0.790351	  0.791809	  0.793152	  0.794383	  0.795504	  0.796513	  0.797408	  0.798191	  0.798862	   0.79942	  0.799871	  0.800221	  0.800477	  0.800644	  0.800728	  0.800735	  0.800672	  0.800546	  0.800366	  0.800137
   804	     0	         0	         0	         0	         0	         0	         0	         0	         0	         0	         0	         0	         0	         0	         0	         0	         0	0.00156349	 0.0031405	0.00484923	0.00672983	 0.0161612	 0.0312016	 0.0531992	 0.0816334	  0.113853	  0.156974	   0.21176	   0.29237	  0.344918	  0.381441	  0.414594	  0.453719	  0.501045	  0.537407	  0.564624	  0.595524	  0.626511	  0.653295	  0.679834	  0.702462	   0.72272	  0.739684	  0.753957	  0.766066	  0.772177	  0.776693	  0.780176	  0.782968	  0.785289	  0.787281	  0.789039	  0.790629	  0.792088	   0.79343	  0.794656	  0.795766	   0.79676	  0.797636	  0.798395	  0.799038	  0.799566	  0.799983	  0.800297	  0.800515	  0.800643	  0.800686	  0.800652	  0.800548	  0.800381	  0.800159	  0.799889
   805	     0	         0	         0	         0	         0	         0	         0	         0	         0	         0	         0	         0	         0	         0	         0	         0	         0	0.00157669	0.00314993	0.00484032	0.00668851	 0.0159918	 0.0307673	 0.0522977	 0.0800343	  0.111365	  0.153262	  0.206465	  0.284599	  0.335473	  0.370606	  0.402647	  0.440579	  0.486428	  0.521376	   0.54736	  0.576713	  0.608532	   0.63743	  0.666581	  0.691811	  0.714531	  0.733675	  0.749815	  0.763492	  0.770287	  0.775248	   0.77903	  0.782025	  0.784488	   0.78658	  0.788412	  0.790058	  0.791561	  0.792937	  0.794189	   0.79532	  0.796329	  0.797217	  0.797984	  0.798634	  0.799166	  0.799587	  0.799905	  0.800127	   0.80026	  0.800309	  0.800283	  0.800189	  0.800036	   0.79983	  0.799581
   806	     0	         0	         0	         0	         0	         0	         0	         0	         0	         0	         0	         0	         0	         0	         0	         0	         0	0.00163343	0.00327666	0.00505051	0.00699494	 0.0167771	  0.032333	 0.0550502	 0.0843829	  0.117604	  0.162068	  0.218625	  0.301977	  0.356279	   0.39436	  0.428631	  0.469048	  0.518006	  0.555953	  0.584619	  0.617326	  0.647225	   0.67136	  0.694717	  0.714243	  0.731598	  0.746004	  0.758069	  0.768289	    0.7736	  0.777562	  0.780638	  0.783112	  0.785169	   0.78693	  0.788479	  0.789875	  0.791151	  0.792314	  0.793364	  0.794298	  0.795112	  0.795806	  0.796378	  0.796828	  0.797158	  0.797373	  0.797482	  0.797493	  0.797413	   0.79725	  0.797012	  0.796709	  0.796351	  0.795945	  0.795503
   807	     0	         0	         0	         0	         0	         0	         0	         0	         0	         0	         0	         0	         0	         0	         0	         0	         0	0.00161625	0.00323814	0.00498766	0.00690585	 0.0165529	 0.0319028	 0.0543185	 0.0832587	  0.116024	  0.159856	  0.215543	  0.297492	  0.350846	  0.388132	  0.421813	  0.461542	   0.50961	  0.546713	  0.574621	   0.60639	  0.636884	  0.662416	  0.687405	  0.708519	  0.727348	  0.743042	  0.756219	  0.767397	  0.773106	  0.777354	  0.780652	  0.783312	  0.785534	  0.787448	  0.789142	  0.790677	  0.792087	  0.793382	  0.794561	  0.795625	  0.796571	  0.797397	  0.798103	   0.79869	  0.799158	  0.799513	  0.799761	  0.799911	  0.799967	  0.799937	  0.799829	  0.799648	  0.799405	  0.799106	  0.798759
   808	     0	         0	         0	         0	         0	         0	         0	         0	         0	         0	         0	         0	         0	         0	         0	         0	         0	0.00157359	0.00316369	0.00488936	0.00679116	 0.0163198	  0.031527	 0.0537796	 0.0825579	  0.115182	  0.158845	  0.214326	  0.295968	  0.349219	  0.386359	  0.419996	  0.459662	  0.507656	  0.544675	  0.572507	  0.604189	  0.634786	  0.660522	  0.685734	  0.707088	  0.726158	  0.742064	   0.75543	  0.766778	  0.772577	  0.776896	  0.780252	  0.782959	  0.785221	  0.787169	  0.788891	  0.790448	  0.791876	  0.793185	  0.794377	  0.795453	  0.796412	  0.797252	  0.797976	  0.798583	  0.799074	  0.799455	  0.799734	  0.799917	   0.80001	   0.80002	  0.799954	  0.799818	  0.799622	  0.799371	  0.799075
   809	     0	         0	         0	         0	         0	         0	         0	         0	         0	         0	         0	         0	         0	         0	         0	         0	         0	0.00149996	0.00303063	0.00470621	 0.0065667	 0.0158425	  0.030718	 0.0525664	 0.0809126	  0.113135	  0.156299	  0.211144	  0.291859	  0.344671	  0.381439	   0.41496	  0.454448	  0.502203	  0.539044	  0.566763	  0.598287	  0.629497	  0.656136	  0.682302	  0.704465	  0.724214	  0.740685	  0.754524	  0.766281	  0.772224	  0.776661	  0.780128	  0.782947	  0.785324	  0.787388	  0.789227	  0.790901	  0.792443	  0.793865	   0.79517	  0.796359	  0.797433	  0.798391	  0.799237	   0.79997	  0.800594	  0.801111	  0.801532	  0.801861	  0.802104	  0.802266	  0.802353	  0.802371	  0.802327	  0.802228	  0.802079
   810	     0	         0	         0	         0	         0	         0	         0	         0	         0	         0	         0	         0	         0	         0	         0	         0	         0	0.00151372	0.00305954	0.00474857	 0.0066185	 0.0159368	 0.0308332	 0.0526584	 0.0809152	  0.112983	   0.15593	  0.210539	  0.290967	  0.343514	  0.379949	  0.413113	  0.452238	  0.499553	  0.535815	   0.56288	  0.593541	  0.624473	  0.651355	  0.678129	  0.700972	  0.721449	  0.738647	  0.753136	  0.765431	  0.771614	  0.776155	  0.779633	  0.782396	  0.784673	  0.786609	  0.788302	  0.789822	  0.791205	  0.792466	  0.793604	  0.794622	  0.795519	  0.796292	  0.796944	  0.797474	  0.797883	  0.798177	  0.798363	  0.798449	   0.79844	  0.798342	  0.798163	  0.797911	  0.797593	  0.797218	  0.796794
   811	     0	         0	         0	         0	         0	         0	         0	         0	         0	         0	         0	         0	         0	         0	         0	         0	         0	0.00156409	0.00313408	0.00482916	0.00668981	 0.0160527	 0.0309681	 0.0527717	 0.0809479	  0.112875	  0.155656	  0.210086	  0.290238	  0.342554	  0.378834	  0.411801	  0.450747	  0.497841	  0.533911	  0.560809	  0.591297	  0.622313	  0.649425	  0.676424	  0.699541	  0.720285	   0.73769	  0.752338	  0.764754	  0.770983	  0.775549	  0.779038	  0.781805	  0.784081	  0.786014	  0.787706	  0.789226	  0.790615	  0.791885	  0.793039	  0.794078	     0.795	  0.795803	  0.796488	  0.797056	  0.797507	  0.797846	   0.79808	  0.798217	  0.798262	  0.798222	  0.798104	  0.797915	  0.797664	  0.797359	  0.797007
   812	     0	         0	         0	         0	         0	         0	         0	         0	         0	         0	         0	         0	         0	         0	         0	         0	         0	0.00162302	0.00324632	0.00499236	0.00690194	  0.016527	   0.03182	 0.0541295	 0.0829065	   0.11546	  0.159016	  0.214363	  0.295807	  0.348807	  0.385751	  0.419156	   0.45863	  0.506439	  0.543296	  0.570988	  0.602517	    0.6332	  0.659156	  0.684622	  0.706217	  0.725495	  0.741562	  0.755037	  0.766448	  0.772216	  0.776474	  0.779755	   0.78238	  0.784556	  0.786417	  0.788055	  0.789533	  0.790886	  0.792126	  0.793251	  0.794261	  0.795154	  0.795928	  0.796582	  0.797117	  0.797534	  0.797837	  0.798035	  0.798136	  0.798146	  0.798071	   0.79792	    0.7977	  0.797421	  0.797091	  0.796719
   813	     0	         0	         0	         0	         0	         0	         0	         0	         0	         0	         0	         0	         0	         0	         0	         0	         0	0.00152353	0.00307183	0.00475857	0.00662245	  0.015928	 0.0307942	 0.0525613	 0.0807199	  0.112644	  0.155353	   0.20957	  0.289288	   0.34124	  0.377213	  0.409989	   0.44869	  0.495521	   0.53142	   0.55822	    0.5886	  0.619893	  0.647434	  0.674916	  0.698457	  0.719571	  0.737301	  0.752241	  0.764925	  0.771299	  0.775997	  0.779615	  0.782508	  0.784908	  0.786962	   0.78877	    0.7904	   0.79189	  0.793254	  0.794495	  0.795616	  0.796617	  0.797498	  0.798261	  0.798907	  0.799438	   0.79986	   0.80018	  0.800406	  0.800543	  0.800596	  0.800574	  0.800482	  0.800329	  0.800121	  0.799866
   814	     0	         0	         0	         0	         0	         0	         0	         0	         0	         0	         0	         0	         0	         0	         0	         0	         0	0.00158633	0.00319031	0.00493227	0.00685336	  0.016475	  0.031838	 0.0543271	 0.0834214	  0.116416	  0.160565	  0.216654	   0.29919	  0.353056	  0.390817	  0.424969	  0.465199	   0.51388	  0.551642	  0.580239	  0.612886	  0.643364	  0.668282	  0.692371	  0.712572	  0.730511	  0.745383	  0.757842	  0.768417	  0.773879	  0.777991	  0.781226	  0.783868	  0.786102	  0.788046	  0.789779	  0.791357	  0.792809	  0.794146	  0.795368	  0.796475	  0.797465	  0.798337	  0.799092	  0.799732	  0.800257	  0.800671	  0.800985	  0.801203	  0.801332	  0.801378	  0.801349	   0.80125	  0.801091	  0.800877	  0.800617
   815	     0	         0	         0	         0	         0	         0	         0	         0	         0	         0	         0	         0	         0	         0	         0	         0	         0	0.00164999	0.00328475	0.00503318	0.00693881	 0.0166035	 0.0319478	 0.0543336	 0.0832081	  0.115876	   0.15961	  0.215225	  0.297094	  0.350346	   0.38756	  0.421068	  0.460597	  0.508385	  0.545157	  0.572682	  0.603956	   0.63427	   0.65992	  0.685208	  0.706686	  0.725919	  0.742021	  0.755576	  0.767088	  0.773005	  0.777403	  0.780805	  0.783534	  0.785802	  0.787746	  0.789461	  0.791012	  0.792436	  0.793747	  0.794945	  0.796031	  0.797003	  0.797859	    0.7986	  0.799225	  0.799734	  0.800133	  0.800429	  0.800629	  0.800739	  0.800763	  0.800711	  0.800589	  0.800405	  0.800166	  0.799882
   816	     0	         0	         0	         0	         0	         0	         0	         0	         0	         0	         0	         0	         0	         0	         0	         0	         0	 0.0015698	0.00315667	0.00488123	0.00678508	 0.0163307	  0.031591	 0.0539571	 0.0829204	   0.11579	  0.159794	  0.215713	  0.298015	  0.351682	   0.38912	  0.422907	  0.462665	  0.510718	  0.547714	  0.575393	  0.606883	  0.636915	  0.662062	  0.686786	  0.707759	   0.72656	  0.742304	  0.755583	  0.766896	  0.772814	  0.777259	  0.780734	  0.783549	   0.78591	   0.78795	  0.789757	  0.791396	  0.792901	  0.794287	  0.795557	  0.796712	  0.797754	  0.798681	  0.799496	    0.8002	  0.800793	  0.801281	   0.80167	  0.801967	  0.802177	  0.802304	  0.802356	  0.802339	  0.802258	  0.802122	  0.801936
   817	     0	         0	         0	         0	         0	         0	         0	         0	         0	         0	         0	         0	         0	         0	         0	         0	         0	0.00160233	0.00320994	 0.0049425	0.00683984	 0.0163963	 0.0315919	 0.0537796	 0.0824262	  0.114868	  0.158315	  0.213581	   0.29502	  0.348144	   0.38524	  0.418894	  0.458673	  0.506874	  0.544173	  0.572356	   0.60447	  0.635518	  0.661562	   0.68695	  0.708318	  0.727279	  0.743006	  0.756142	  0.767232	  0.772751	   0.77681	  0.779932	  0.782428	  0.784501	  0.786276	   0.78784	  0.789255	  0.790554	  0.791745	  0.792825	  0.793793	  0.794644	  0.795375	  0.795986	  0.796477	  0.796848	  0.797104	  0.797254	  0.797307	  0.797267	  0.797144	  0.796946	  0.796681	  0.796358	  0.795988	  0.795577
   818	     0	         0	         0	         0	         0	         0	         0	         0	         0	         0	         0	         0	         0	         0	         0	         0	         0	0.00166381	0.00333192	0.00512869	0.00709518	 0.0169877	 0.0327011	 0.0556136	 0.0851529	  0.118551	  0.163169	  0.219814	  0.303095	  0.357231	  0.395236	  0.429384	  0.469666	  0.518463	  0.556318	   0.58496	  0.617689	  0.647639	  0.671805	  0.695124	  0.714662	   0.73204	  0.746455	  0.758536	  0.768788	  0.774158	  0.778201	  0.781374	  0.783953	  0.786123	     0.788	  0.789666	  0.791178	  0.792568	  0.793843	  0.795002	  0.796045	  0.796969	  0.797771	  0.798454	  0.799016	  0.799461	  0.799792	   0.80002	  0.800151	  0.800194	  0.800154	  0.800041	  0.799863	  0.799628	  0.799347	  0.799026
   819	     0	         0	         0	         0	         0	         0	         0	         0	         0	         0	         0	         0	         0	         0	         0	         0	         0	0.00173933	0.00345457	0.00527935	0.00725758	 0.0173171	 0.0332269	  0.056367	 0.0861321	  0.119717	  0.164572	  0.221495	  0.305099	   0.35917	  0.397054	  0.430752	  0.470511	  0.518663	  0.555818	  0.583626	  0.615368	  0.644657	  0.668649	  0.692112	  0.711944	  0.729711	  0.744543	  0.757012	  0.767597	  0.773203	  0.777398	  0.780657	  0.783275	  0.785451	  0.787314	  0.788955	  0.790437	  0.791796	  0.793044	   0.79418	  0.795204	  0.796114	  0.796906	  0.797581	   0.79814	  0.798581	   0.79891	  0.799135	  0.799263	  0.799299	  0.799251	  0.799127	  0.798934	  0.798681	  0.798376	  0.798028
   820	     0	         0	         0	         0	         0	         0	         0	         0	         0	         0	         0	         0	         0	         0	         0	         0	         0	0.00157884	0.00316495	0.00487834	0.00675961	 0.0162325	 0.0313283	 0.0534076	 0.0819569	  0.114329	  0.157725	  0.212971	  0.294394	  0.347607	   0.38473	  0.418405	  0.458166	  0.506289	  0.543429	  0.571383	  0.603198	  0.634005	  0.659966	  0.685374	   0.70688	  0.726054	  0.742015	   0.75539	  0.766709	  0.772428	  0.776653	  0.779909	  0.782515	  0.784678	  0.786529	  0.788159	  0.789631	  0.790981	  0.792219	  0.793347	  0.794362	  0.795264	  0.796049	  0.796719	  0.797272	   0.79771	  0.798036	  0.798259	  0.798385	  0.798422	  0.798373	  0.798249	  0.798055	  0.797801	  0.797495	  0.797145
   821	     0	         0	         0	         0	         0	         0	         0	         0	         0	         0	         0	         0	         0	         0	         0	         0	         0	0.00158829	0.00317945	0.00489252	0.00676713	 0.0161958	 0.0311743	 0.0530118	 0.0811625	  0.112986	  0.155556	  0.209634	   0.28915	  0.340913	  0.376772	  0.409394	  0.448012	   0.49477	  0.530617	  0.557421	  0.587833	  0.619276	  0.646985	  0.674571	  0.698224	   0.71942	  0.737167	  0.752071	  0.764677	  0.770923	  0.775482	  0.778957	  0.781711	  0.783976	    0.7859	  0.787584	  0.789097	  0.790479	  0.791741	  0.792885	   0.79391	  0.794816	  0.795601	  0.796264	  0.796808	  0.797233	  0.797543	  0.797747	  0.797853	  0.797867	  0.797795	  0.797647	  0.797428	  0.797149	  0.796818	  0.796442
   822	     0	         0	         0	         0	         0	         0	         0	         0	         0	         0	         0	         0	         0	         0	         0	         0	         0	0.00162059	0.00322501	0.00494004	0.00680857	 0.0162727	 0.0312902	 0.0531719	 0.0813632	  0.113213	  0.155833	  0.209995	  0.289612	  0.341373	  0.377192	  0.409623	  0.447983	  0.494356	  0.529724	  0.555962	  0.585673	  0.616667	  0.644258	  0.671964	  0.695885	  0.717454	  0.735617	  0.750933	   0.76392	  0.770454	  0.775234	  0.778875	  0.781752	   0.78411	  0.786108	  0.787852	  0.789417	  0.790848	  0.792159	  0.793354	  0.794436	  0.795402	  0.796253	  0.796989	   0.79761	  0.798117	  0.798515	   0.79881	   0.79901	   0.79912	  0.799147	  0.799096	  0.798977	  0.798796	  0.798561	   0.79828
   823	     0	         0	         0	         0	         0	         0	         0	         0	         0	         0	         0	         0	         0	         0	         0	         0	         0	0.00160065	0.00320769	0.00494246	0.00684589	 0.0164192	 0.0316601	 0.0539263	 0.0826809	  0.115237	  0.158795	  0.214138	  0.295571	  0.348551	  0.385389	  0.418641	  0.457862	  0.505284	  0.541644	  0.568738	  0.599496	  0.629821	  0.655837	  0.681669	  0.703715	  0.723514	  0.740139	  0.754156	  0.766063	  0.772159	  0.776668	   0.78014	  0.782911	  0.785205	  0.787163	  0.788884	  0.790435	  0.791857	  0.793162	  0.794351	  0.795425	  0.796383	  0.797224	  0.797947	  0.798554	  0.799045	  0.799423	  0.799697	  0.799874	  0.799958	  0.799956	  0.799875	  0.799722	  0.799504	  0.799231	  0.798909
   824	     0	         0	         0	         0	         0	         0	         0	         0	         0	         0	         0	         0	         0	         0	         0	         0	         0	0.00158035	0.00316376	 0.0048699	0.00673888	 0.0161362	 0.0310762	 0.0528684	 0.0809664	   0.11273	  0.155206	  0.209141	  0.288405	   0.33999	    0.3757	  0.408184	  0.446619	  0.493132	  0.528732	  0.555302	  0.585411	  0.616882	  0.644825	   0.67276	   0.69678	  0.718351	  0.736467	  0.751719	  0.764645	  0.771093	   0.77582	  0.779436	  0.782312	  0.784685	  0.786706	   0.78848	  0.790077	  0.791538	  0.792877	  0.794095	  0.795195	  0.796176	  0.797037	   0.79778	  0.798405	  0.798914	  0.799313	   0.79961	  0.799812	  0.799926	  0.799959	  0.799918	  0.799811	  0.799647	  0.799433	  0.799177
   825	     0	         0	         0	         0	         0	         0	         0	         0	         0	         0	         0	         0	         0	         0	         0	         0	         0	0.00159183	0.00316977	0.00485533	0.00668904	 0.0159687	 0.0306718	 0.0520714	 0.0796208	  0.110735	  0.152403	  0.205398	  0.283348	  0.334179	  0.369308	  0.401419	  0.439514	  0.485626	  0.520912	  0.547294	  0.577161	  0.609416	  0.638579	  0.667805	  0.692989	  0.715547	  0.734423	   0.75023	  0.763545	  0.770005	   0.77466	  0.778168	  0.780922	  0.783169	  0.785068	  0.786723	   0.78821	   0.78957	  0.790816	  0.791948	  0.792965	  0.793864	  0.794645	  0.795306	  0.795847	  0.796268	  0.796575	  0.796775	  0.796876	  0.796884	  0.796806	  0.796649	  0.796423	  0.796135	  0.795795	  0.795411
   826	     0	         0	         0	         0	         0	         0	         0	         0	         0	         0	         0	         0	         0	         0	         0	         0	         0	0.00157294	0.00315139	0.00485541	0.00672577	 0.0161523	 0.0311755	 0.0531551	 0.0815872	  0.113845	  0.157125	  0.212285	  0.293641	  0.346927	  0.384141	  0.417943	  0.457842	  0.506091	  0.543324	  0.571354	  0.603222	  0.634097	  0.660123	  0.685596	  0.707151	  0.726363	  0.742356	  0.755755	   0.76709	  0.772806	  0.777024	   0.78027	  0.782866	   0.78502	  0.786865	   0.78849	   0.78996	  0.791311	  0.792554	  0.793687	  0.794712	  0.795624	  0.796421	  0.797102	  0.797668	  0.798117	  0.798453	  0.798684	  0.798816	  0.798856	  0.798807	  0.798679	  0.798479	  0.798214	  0.797893	  0.797524
   827	     0	         0	         0	         0	         0	         0	         0	         0	         0	         0	         0	         0	         0	         0	         0	         0	         0	0.00158571	 0.0031847	0.00491393	0.00681228	 0.0163434	 0.0315126	 0.0536738	 0.0823011	  0.114737	  0.158179	  0.213446	  0.294894	  0.348067	  0.385183	  0.418884	    0.4587	  0.506924	  0.544196	   0.57232	  0.604334	   0.63528	  0.661264	   0.68664	  0.708031	  0.727045	  0.742847	  0.756069	  0.767248	  0.772841	  0.776961	  0.780133	   0.78267	  0.784776	  0.786579	  0.788166	  0.789599	  0.790912	  0.792113	  0.793199	   0.79417	  0.795021	   0.79575	  0.796356	   0.79684	  0.797202	  0.797448	  0.797585	  0.797622	  0.797565	  0.797421	  0.797199	  0.796908	  0.796557	  0.796154	  0.795709
   828	     0	         0	         0	         0	         0	         0	         0	         0	         0	         0	         0	         0	         0	         0	         0	         0	         0	0.00164067	0.00327593	0.00503084	0.00694715	 0.0166228	 0.0319861	  0.054387	 0.0832639	  0.115908	  0.159555	  0.214972	  0.296462	  0.349373	  0.386265	  0.419538	   0.45884	  0.506428	  0.543095	    0.5706	  0.601917	  0.632512	  0.658509	  0.684097	  0.705856	  0.725318	  0.741568	  0.755213	  0.766779	  0.772665	  0.777023	  0.780388	  0.783083	  0.785322	  0.787238	  0.788926	  0.790451	  0.791848	  0.793131	  0.794299	  0.795354	  0.796294	  0.797118	  0.797826	  0.798418	  0.798895	  0.799261	  0.799524	  0.799691	  0.799769	  0.799761	  0.799677	  0.799524	  0.799308	  0.799039	  0.798724
   829	     0	         0	         0	         0	         0	         0	         0	         0	         0	         0	         0	         0	         0	         0	         0	         0	         0	0.00163469	0.00326236	0.00500923	0.00691771	 0.0165495	 0.0318469	 0.0541472	 0.0828838	  0.115347	  0.158723	  0.213754	  0.294561	  0.346957	  0.383299	  0.416049	  0.454721	  0.501479	   0.53719	  0.563667	  0.593702	   0.62403	  0.650525	  0.677021	  0.699839	   0.72044	  0.737813	  0.752509	  0.765022	  0.771473	  0.776259	  0.779953	  0.782909	   0.78536	  0.787454	  0.789296	  0.790955	  0.792473	  0.793866	  0.795137	   0.79629	  0.797325	  0.798242	  0.799044	   0.79973	  0.800303	  0.800767	  0.801131	  0.801401	  0.801583	  0.801682	  0.801705	  0.801659	  0.801552	  0.801391	  0.801183
   830	     0	         0	         0	         0	         0	         0	         0	         0	         0	         0	         0	         0	         0	         0	         0	         0	         0	0.00162715	0.00326494	0.00503491	0.00697756	 0.0167401	 0.0322786	 0.0549795	  0.084298	  0.117503	  0.161919	  0.218361	  0.301447	  0.355554	  0.393486	  0.427651	  0.467931	  0.516708	  0.554509	  0.583061	   0.61565	  0.645688	  0.670089	  0.693717	  0.713531	  0.731159	  0.745801	  0.758075	  0.768491	  0.773922	     0.778	   0.78119	  0.783775	  0.785945	  0.787819	  0.789479	  0.790985	  0.792369	  0.793639	  0.794795	  0.795835	  0.796757	  0.797559	  0.798242	  0.798806	  0.799251	  0.799585	  0.799814	  0.799947	   0.79999	   0.79995	  0.799836	  0.799655	  0.799416	  0.799128	  0.798799
   831	     0	         0	         0	         0	         0	         0	         0	         0	         0	         0	         0	         0	         0	         0	         0	         0	         0	  0.001556	0.00312695	 0.0048283	0.00669873	 0.0160703	 0.0309959	 0.0527989	 0.0809542	  0.112834	  0.155501	  0.209717	  0.289491	  0.341516	  0.377609	  0.410506	  0.449417	  0.496538	  0.532768	  0.559959	  0.590831	   0.62235	  0.649847	  0.677084	  0.700318	  0.721072	  0.738405	  0.752943	  0.765238	  0.771315	   0.77576	  0.779159	  0.781862	  0.784093	  0.785993	  0.787659	  0.789157	  0.790524	  0.791771	  0.792898	  0.793907	  0.794794	   0.79556	  0.796203	  0.796726	  0.797129	  0.797418	    0.7976	  0.797684	  0.797676	  0.797582	  0.797411	   0.79717	  0.796869	  0.796515	  0.796117
   832	     0	         0	         0	         0	         0	         0	         0	         0	         0	         0	         0	         0	         0	         0	         0	         0	         0	 0.0017436	0.00346215	0.00529015	0.00727199	  0.017348	 0.0332868	 0.0564692	 0.0862912	  0.119946	  0.164895	  0.221939	  0.305727	      0.36	  0.398196	  0.432241	  0.472411	  0.521096	  0.558928	  0.587536	   0.62029	  0.649982	  0.673805	  0.696761	  0.715967	  0.733033	  0.747149	  0.758944	  0.768925	  0.774182	  0.778134	  0.781228	  0.783738	  0.785846	  0.787669	  0.789287	  0.790758	  0.792115	  0.793365	  0.794507	   0.79554	  0.796459	  0.797263	  0.797951	  0.798523	  0.798978	  0.799323	  0.799564	  0.799709	  0.799765	  0.799738	  0.799636	  0.799468	   0.79924	  0.798963	  0.798645
   833	     0	         0	         0	         0	         0	         0	         0	         0	         0	         0	         0	         0	         0	         0	         0	         0	         0	0.00158189	0.00316865	  0.004882	0.00676346	 0.0162468	 0.0313664	 0.0534937	   0.08212	  0.114597	  0.158147	  0.213615	  0.295386	  0.348847	  0.386174	  0.419965	  0.459802	  0.507945	  0.545015	  0.572805	  0.604371	  0.634797	  0.660426	  0.685615	  0.706975	  0.726082	  0.742055	  0.755491	  0.766897	  0.772752	  0.777101	  0.780466	  0.783165	  0.785409	  0.787333	   0.78903	  0.790563	   0.79197	  0.793263	  0.794444	  0.795512	  0.796467	  0.797306	  0.798029	  0.798637	  0.799129	  0.799511	  0.799789	   0.79997	  0.800059	  0.800062	  0.799987	   0.79984	  0.799629	  0.799362	  0.799047
   834	     0	         0	         0	         0	         0	         0	         0	         0	         0	         0	         0	         0	         0	         0	         0	         0	         0	0.00162056	0.00322972	0.00495327	0.00683369	 0.0163371	  0.031424	 0.0534107	 0.0817412	  0.113751	  0.156566	  0.210947	  0.290865	  0.342797	  0.378786	  0.411361	  0.449873	  0.496437	  0.532019	  0.558472	  0.588454	  0.619384	  0.646708	  0.674052	  0.697613	  0.718836	  0.736687	  0.751738	  0.764508	  0.770957	  0.775695	   0.77932	  0.782199	   0.78457	  0.786585	   0.78835	  0.789935	  0.791383	   0.79271	  0.793918	   0.79501	  0.795985	  0.796843	  0.797586	  0.798213	  0.798726	  0.799128	  0.799428	  0.799632	  0.799746	  0.799775	  0.799726	  0.799607	  0.799425	  0.799188	  0.798903
   835	     0	         0	         0	         0	         0	         0	         0	         0	         0	         0	         0	         0	         0	         0	         0	         0	         0	0.00153212	 0.0030854	0.00477647	0.00664571	 0.0160129	 0.0310033	 0.0530017	 0.0815333	  0.113978	  0.157518	  0.212983	  0.294823	  0.348486	  0.386038	  0.420192	   0.46042	  0.509055	  0.546719	  0.575181	  0.607582	  0.638422	  0.664029	  0.688926	  0.709846	  0.728419	  0.743835	  0.756741	  0.767675	  0.773231	  0.777372	  0.780597	  0.783207	  0.785397	  0.787291	  0.788972	  0.790498	  0.791901	  0.793193	  0.794372	  0.795439	  0.796392	  0.797229	  0.797951	  0.798557	  0.799048	  0.799428	  0.799705	  0.799885	  0.799973	  0.799974	  0.799896	  0.799745	  0.799529	  0.799255	   0.79893
   836	     0	         0	         0	         0	         0	         0	         0	         0	         0	         0	         0	         0	         0	         0	         0	         0	         0	0.00168335	0.00336138	0.00516505	0.00713832	 0.0170892	 0.0329049	 0.0559663	 0.0856813	  0.119233	  0.163981	  0.220647	  0.303713	  0.357408	  0.394845	  0.428213	  0.467517	  0.515071	  0.551575	  0.578723	  0.609682	  0.638874	  0.663249	   0.68731	  0.707867	  0.726429	  0.742039	  0.755257	  0.766552	  0.772619	  0.777205	  0.780802	  0.783719	  0.786163	   0.78827	  0.790132	  0.791816	  0.793359	  0.794777	  0.796075	  0.797256	  0.798322	  0.799273	  0.800113	  0.800843	  0.801465	  0.801983	  0.802405	  0.802738	  0.802987	  0.803157	  0.803255	  0.803287	   0.80326	  0.803181	  0.803056
   837	     0	         0	         0	         0	         0	         0	         0	         0	         0	         0	         0	         0	         0	         0	         0	         0	         0	0.00151372	0.00305954	0.00474857	 0.0066185	 0.0159368	 0.0308332	 0.0526584	 0.0809152	  0.112983	   0.15593	  0.210539	  0.290967	  0.343514	  0.379949	  0.413113	  0.452238	  0.499553	  0.535815	   0.56288	  0.593541	  0.624473	  0.651355	  0.678129	  0.700972	  0.721449	  0.738647	  0.753136	  0.765431	  0.771614	  0.776155	  0.779633	  0.782396	  0.784673	  0.786609	  0.788302	  0.789822	  0.791205	  0.792466	  0.793604	  0.794622	  0.795519	  0.796292	  0.796944	  0.797474	  0.797883	  0.798177	  0.798363	  0.798449	   0.79844	  0.798342	  0.798163	  0.797911	  0.797593	  0.797218	  0.796794
   838	     0	         0	         0	         0	         0	         0	         0	         0	         0	         0	         0	         0	         0	         0	         0	         0	         0	0.00165655	0.00331581	0.00510338	0.00706135	 0.0169248	 0.0326123	 0.0555151	 0.0850772	  0.118536	  0.163279	   0.22012	  0.303751	  0.358134	  0.396269	  0.430447	  0.470718	  0.519481	  0.557258	  0.585737	  0.618276	  0.647874	  0.671721	  0.694797	  0.714144	  0.731381	  0.745688	  0.757677	  0.767844	  0.773198	  0.777214	  0.780347	  0.782877	  0.784989	  0.786804	  0.788404	   0.78985	  0.791172	  0.792382	  0.793479	  0.794462	  0.795328	  0.796076	  0.796706	  0.797219	  0.797614	  0.797897	  0.798076	  0.798157	  0.798149	  0.798056	  0.797888	  0.797652	  0.797357	   0.79701	  0.796622
   839	     0	         0	         0	         0	         0	         0	         0	         0	         0	         0	         0	         0	         0	         0	         0	         0	         0	0.00158035	0.00316376	 0.0048699	0.00673888	 0.0161362	 0.0310762	 0.0528684	 0.0809664	   0.11273	  0.155206	  0.209141	  0.288405	   0.33999	    0.3757	  0.408184	  0.446619	  0.493132	  0.528732	  0.555302	  0.585411	  0.616882	  0.644825	   0.67276	   0.69678	  0.718351	  0.736467	  0.751719	  0.764645	  0.771093	   0.77582	  0.779436	  0.782312	  0.784685	  0.786706	   0.78848	  0.790077	  0.791538	  0.792877	  0.794095	  0.795195	  0.796176	  0.797037	   0.79778	  0.798405	  0.798914	  0.799313	   0.79961	  0.799812	  0.799926	  0.799959	  0.799918	  0.799811	  0.799647	  0.799433	  0.799177
   840	     0	         0	         0	         0	         0	         0	         0	         0	         0	         0	         0	         0	         0	         0	         0	         0	         0	 0.0015875	0.00319132	0.00493148	0.00684874	 0.0164589	 0.0317927	 0.0542306	 0.0832477	  0.116144	  0.160164	  0.216111	  0.298456	  0.352177	   0.38975	  0.423708	  0.463725	  0.512136	  0.549533	  0.577699	  0.609776	  0.640066	  0.665129	  0.689569	  0.710184	  0.728584	  0.743933	  0.756844	  0.767827	  0.773525	  0.777803	   0.78115	  0.783865	  0.786145	  0.788116	  0.789864	  0.791449	  0.792906	  0.794245	  0.795467	  0.796573	   0.79756	  0.798429	   0.79918	  0.799814	  0.800334	  0.800743	  0.801052	  0.801267	  0.801395	  0.801441	  0.801414	  0.801322	  0.801172	  0.800973	  0.800733
   841	     0	         0	         0	         0	         0	         0	         0	         0	         0	         0	         0	         0	         0	         0	         0	         0	         0	0.00159471	0.00318974	0.00490757	0.00678963	 0.0162664	 0.0313454	 0.0533597	 0.0817744	  0.113934	  0.156974	  0.211668	  0.292088	  0.344544	  0.381078	  0.414269	  0.453483	  0.500918	  0.537428	  0.564846	  0.596012	  0.627187	  0.654034	  0.680471	  0.703019	  0.723182	  0.740015	  0.754155	  0.766148	  0.772194	  0.776678	  0.780156	   0.78296	  0.785308	  0.787333	   0.78913	  0.790762	  0.792264	  0.793649	  0.794919	  0.796073	   0.79711	  0.798031	  0.798835	  0.799524	  0.800099	  0.800564	  0.800927	  0.801195	  0.801374	  0.801468	  0.801487	  0.801437	  0.801324	  0.801157	  0.800943
   842	     0	         0	         0	         0	         0	         0	         0	         0	         0	         0	         0	         0	         0	         0	         0	         0	         0	0.00159495	0.00318179	0.00488339	0.00674126	  0.016135	 0.0310587	 0.0528321	 0.0809244	  0.112715	  0.155311	  0.209516	  0.289315	  0.341389	  0.377531	  0.410383	  0.449235	  0.496209	  0.532195	  0.559057	  0.589498	  0.620765	  0.648236	  0.675585	  0.699022	  0.720033	  0.737638	  0.752431	  0.764949	  0.771181	  0.775734	  0.779208	  0.781961	  0.784228	  0.786158	  0.787852	  0.789381	  0.790784	  0.792075	  0.793254	  0.794321	  0.795273	  0.796108	  0.796826	  0.797427	   0.79791	  0.798279	  0.798543	  0.798708	   0.79878	  0.798765	   0.79867	  0.798504	  0.798273	  0.797986	  0.797652
   843	     0	         0	         0	         0	         0	         0	         0	         0	         0	         0	         0	         0	         0	         0	         0	         0	         0	0.00155954	0.00313943	 0.0048586	0.00675811	 0.0162765	 0.0315003	 0.0538262	 0.0827622	   0.11564	  0.159723	  0.215867	  0.298657	  0.352895	  0.390909	  0.425307	  0.465784	  0.514698	  0.552539	  0.581085	  0.613585	   0.64373	  0.668345	  0.692241	   0.71231	  0.730192	  0.745079	  0.757587	  0.768218	  0.773767	  0.777938	  0.781203	  0.783852	  0.786076	  0.787998	  0.789703	  0.791249	   0.79267	  0.793976	  0.795169	  0.796248	  0.797213	  0.798062	  0.798794	  0.799412	  0.799916	  0.800309	  0.800601	  0.800797	  0.800904	  0.800927	  0.800874	  0.800752	  0.800568	  0.800331	  0.800048
   844	     0	         0	         0	         0	         0	         0	         0	         0	         0	         0	         0	         0	         0	         0	         0	         0	         0	0.00161787	0.00322867	0.00495633	 0.0068425	 0.0163829	 0.0315383	 0.0536554	  0.082199	  0.114515	  0.157816	  0.212929	   0.29413	  0.347114	  0.384111	  0.417646	  0.457276	  0.505238	  0.542246	  0.570106	   0.60179	  0.632741	   0.65895	  0.684625	  0.706351	  0.725703	  0.741813	  0.755306	  0.766722	  0.772444	   0.77666	  0.779905	    0.7825	  0.784653	  0.786497	  0.788121	   0.78959	  0.790939	  0.792178	  0.793305	   0.79432	  0.795218	  0.795998	  0.796659	    0.7972	  0.797623	  0.797932	  0.798135	   0.79824	  0.798253	   0.79818	  0.798031	  0.797813	  0.797536	  0.797206	  0.796835
   845	     0	         0	         0	         0	         0	         0	         0	         0	         0	         0	         0	         0	         0	         0	         0	         0	         0	0.00152857	0.00309152	0.00480519	0.00671021	 0.0162019	 0.0314298	 0.0537998	 0.0828182	  0.115787	  0.159894	  0.215878	  0.298229	  0.351889	  0.389228	  0.422938	   0.46257	  0.510491	  0.547347	  0.574871	  0.606189	   0.63609	  0.661173	  0.685912	  0.706917	  0.725778	  0.741604	  0.754977	  0.766387	  0.772383	   0.77689	  0.780415	  0.783269	   0.78566	  0.787721	  0.789543	  0.791188	  0.792696	  0.794078	  0.795341	  0.796488	   0.79752	  0.798439	  0.799247	  0.799945	  0.800536	  0.801023	  0.801415	  0.801718	  0.801936	  0.802075	   0.80214	  0.802139	  0.802076	  0.801959	  0.801795
   846	     0	         0	         0	         0	         0	         0	         0	         0	         0	         0	         0	         0	         0	         0	         0	         0	         0	 0.0016149	0.00323374	0.00497717	0.00688531	   0.01649	  0.031753	 0.0540217	 0.0827528	  0.115266	  0.158777	  0.214084	  0.295498	  0.348549	  0.385587	  0.419153	  0.458821	  0.506864	  0.543975	  0.571951	  0.603809	  0.634689	  0.660676	  0.686065	  0.707517	  0.726611	  0.742489	  0.755784	  0.767037	  0.772696	   0.77688	  0.780113	   0.78271	  0.784873	  0.786732	  0.788374	   0.78986	  0.791225	  0.792476	  0.793613	  0.794633	  0.795534	  0.796314	  0.796972	  0.797508	  0.797924	  0.798224	  0.798418	  0.798512	  0.798514	  0.798431	  0.798271	  0.798041	  0.797753	  0.797413	   0.79703
   847	     0	         0	         0	         0	         0	         0	         0	         0	         0	         0	         0	         0	         0	         0	         0	         0	         0	0.00178342	0.00352469	0.00536513	0.00735146	 0.0175189	  0.033574	 0.0569043	 0.0868896	  0.120702	  0.165876	  0.223254	  0.307489	  0.362003	  0.400345	  0.434275	  0.474286	   0.52272	   0.56016	  0.588234	  0.620302	  0.649295	  0.672679	  0.695442	  0.714624	  0.731803	  0.746122	   0.75815	  0.768354	  0.773832	  0.777946	  0.781147	   0.78372	  0.785858	  0.787689	  0.789301	  0.790759	  0.792099	  0.793333	  0.794461	  0.795482	  0.796394	  0.797194	  0.797882	  0.798456	  0.798917	  0.799269	  0.799519	  0.799674	   0.79974	  0.799723	  0.799631	  0.799473	  0.799255	  0.798988	  0.798679
   848	     0	         0	         0	         0	         0	         0	         0	         0	         0	         0	         0	         0	         0	         0	         0	         0	         0	0.00157793	0.00316641	0.00488811	0.00678556	 0.0163179	 0.0315476	 0.0538603	  0.082748	  0.115532	  0.159448	  0.215303	  0.297549	  0.351266	  0.388837	  0.422787	  0.462739	  0.511002	  0.548223	  0.576172	  0.607957	  0.638171	  0.663339	  0.687984	  0.708833	  0.727483	  0.743078	  0.756223	  0.767421	  0.773263	  0.777658	  0.781102	    0.7839	  0.786251	  0.788286	  0.790091	  0.791729	  0.793235	  0.794621	   0.79589	  0.797044	  0.798082	  0.799006	  0.799816	  0.800514	    0.8011	   0.80158	  0.801961	  0.802251	  0.802454	  0.802575	  0.802622	  0.802602	   0.80252	  0.802385	  0.802204
   849	     0	         0	         0	         0	         0	         0	         0	         0	         0	         0	         0	         0	         0	         0	         0	         0	         0	0.00156609	0.00313373	0.00482392	 0.0066779	 0.0160366	 0.0309522	 0.0527752	 0.0810048	  0.113032	   0.15602	  0.210828	  0.291669	  0.344652	  0.381608	  0.415219	  0.454908	  0.502889	  0.539858	  0.567652	  0.599216	  0.630291	  0.656785	  0.682819	  0.704923	  0.724651	  0.741099	  0.754887	  0.766551	  0.772402	  0.776707	  0.780011	  0.782645	  0.784825	  0.786687	  0.788326	  0.789807	  0.791167	  0.792419	  0.793563	  0.794598	  0.795523	  0.796335	  0.797033	  0.797617	  0.798086	  0.798444	  0.798699	  0.798857	  0.798923	  0.798903	  0.798805	  0.798635	  0.798402	  0.798113	  0.797778
   850	     0	         0	         0	         0	         0	         0	         0	         0	         0	         0	         0	         0	         0	         0	         0	         0	         0	0.00160598	0.00322647	0.00498351	0.00691851	 0.0166124	 0.0320712	  0.054671	 0.0838659	   0.11692	  0.161086	  0.217131	  0.299486	  0.353064	  0.390491	  0.424219	  0.463956	   0.51202	  0.549065	  0.576876	  0.608548	  0.638618	   0.66365	   0.68817	  0.708954	  0.727576	  0.743162	  0.756309	  0.767515	  0.773377	  0.777789	  0.781244	  0.784048	  0.786402	  0.788435	  0.790236	  0.791867	  0.793363	  0.794736	  0.795989	  0.797123	  0.798139	  0.799037	  0.799818	  0.800485	  0.801037	  0.801482	  0.801827	  0.802079	  0.802245	   0.80233	  0.802342	  0.802288	  0.802176	  0.802013	  0.801807
   851	     0	         0	         0	         0	         0	         0	         0	         0	         0	         0	         0	         0	         0	         0	         0	         0	         0	0.00151384	0.00305462	0.00473492	0.00659321	 0.0158727	 0.0307095	 0.0524579	 0.0806282	  0.112616	  0.155468	  0.209947	   0.29019	   0.34267	  0.379203	   0.41257	  0.451946	  0.499594	  0.536358	  0.564051	    0.5955	  0.627056	  0.654221	  0.680975	  0.703634	  0.723794	  0.740603	  0.754701	  0.766646	   0.77259	  0.776984	  0.780386	  0.783128	  0.785423	  0.787404	   0.78916	  0.790755	  0.792222	  0.793571	  0.794803	  0.795917	  0.796913	  0.797788	  0.798544	  0.799182	  0.799702	  0.800111	  0.800415	  0.800624	  0.800741	  0.800774	  0.800729	  0.800614	  0.800436	  0.800203	  0.799922
   852	     0	         0	         0	         0	         0	         0	         0	         0	         0	         0	         0	         0	         0	         0	         0	         0	         0	0.00153606	0.00308549	0.00476542	0.00661598	  0.015889	 0.0306862	 0.0523336	 0.0803188	   0.11203	  0.154476	  0.208394	   0.28766	  0.339382	  0.375218	  0.407903	   0.44651	  0.493194	  0.528967	  0.555695	  0.585973	  0.617518	  0.645446	  0.673316	  0.697236	  0.718694	  0.736704	  0.751875	   0.76475	  0.771197	   0.77595	  0.779612	  0.782546	  0.784986	  0.787079	  0.788925	  0.790594	  0.792124	  0.793528	  0.794812	  0.795976	  0.797022	  0.797948	  0.798758	  0.799453	  0.800034	  0.800506	  0.800878	  0.801157	  0.801348	  0.801457	  0.801492	  0.801458	  0.801364	  0.801216	  0.801022
   853	     0	         0	         0	         0	         0	         0	         0	         0	         0	         0	         0	         0	         0	         0	         0	         0	         0	  0.001638	0.00327079	0.00502507	0.00694353	 0.0166122	 0.0319736	  0.054365	 0.0832125	  0.115788	  0.159283	  0.214427	  0.295345	  0.347765	  0.384109	  0.416818	  0.455436	  0.502135	  0.537785	  0.564213	  0.594204	  0.624424	  0.650774	  0.677123	  0.699814	  0.720313	   0.73761	  0.752253	  0.764732	  0.771176	  0.775962	  0.779657	  0.782613	   0.78506	  0.787149	  0.788983	  0.790632	  0.792138	  0.793516	  0.794771	  0.795907	  0.796923	  0.797821	  0.798603	   0.79927	  0.799824	   0.80027	  0.800616	  0.800871	  0.801038	  0.801125	  0.801139	  0.801086	  0.800974	  0.800812	  0.800605
   854	     0	         0	         0	         0	         0	         0	         0	         0	         0	         0	         0	         0	         0	         0	         0	         0	         0	0.00156485	0.00315484	0.00488963	0.00681054	 0.0164086	 0.0317719	  0.054299	 0.0834735	  0.116571	  0.160818	  0.216946	  0.299438	  0.353125	  0.390554	  0.424301	  0.464012	  0.512063	  0.549125	  0.576914	  0.608612	  0.638606	  0.663552	  0.687985	  0.708685	  0.727228	  0.742723	  0.755781	  0.766907	  0.772753	  0.777161	  0.780622	  0.783439	   0.78581	  0.787864	  0.789687	   0.79134	  0.792859	  0.794256	  0.795537	  0.796703	  0.797755	  0.798696	  0.799526	  0.800248	  0.800862	  0.801374	  0.801791	  0.802119	  0.802363	  0.802528	   0.80262	  0.802646	   0.80261	  0.802521	  0.802383
   855	     0	         0	         0	         0	         0	         0	         0	         0	         0	         0	         0	         0	         0	         0	         0	         0	         0	0.00160005	0.00321881	0.00497527	 0.0069091	 0.0165754	 0.0319728	 0.0544507	 0.0834448	  0.116216	   0.15993	  0.215272	  0.296461	  0.349064	  0.385596	  0.418605	  0.457594	  0.504855	  0.541219	  0.568461	  0.599504	  0.630103	  0.656223	  0.681973	  0.703892	  0.723517	  0.739925	  0.753729	  0.765459	  0.771423	  0.775851	  0.779282	  0.782041	  0.784338	  0.786309	  0.788045	  0.789609	  0.791037	   0.79234	   0.79352	  0.794577	  0.795513	  0.796326	  0.797019	  0.797592	  0.798049	  0.798394	  0.798636	  0.798784	  0.798842	  0.798818	   0.79872	  0.798555	   0.79833	  0.798055	  0.797735
   856	     0	         0	         0	         0	         0	         0	         0	         0	         0	         0	         0	         0	         0	         0	         0	         0	         0	0.00168066	0.00334465	0.00512094	 0.0070524	 0.0168419	 0.0323486	 0.0549221	  0.083981	   0.11679	  0.160639	  0.216311	  0.298141	  0.351159	  0.388063	  0.421175	  0.460276	  0.507578	  0.543809	  0.570746	  0.601342	  0.631322	  0.656967	  0.682445	  0.704205	  0.723776	  0.740225	  0.754103	  0.765896	  0.771967	  0.776458	  0.779912	  0.782662	  0.784932	  0.786865	   0.78856	  0.790086	  0.791484	  0.792764	   0.79393	  0.794979	  0.795911	  0.796723	  0.797416	  0.797991	  0.798446	  0.798788	  0.799025	  0.799163	   0.79921	   0.79917	  0.799054	  0.798868	  0.798621	  0.798321	  0.797977
   857	     0	         0	         0	         0	         0	         0	         0	         0	         0	         0	         0	         0	         0	         0	         0	         0	         0	0.00169875	0.00337076	0.00514908	0.00707806	 0.0168902	  0.032421	 0.0550167	 0.0840941	   0.11692	  0.160832	  0.216673	   0.29878	  0.352183	  0.389543	    0.4231	  0.462746	  0.510677	  0.547525	  0.575095	   0.60643	  0.636449	  0.661671	   0.68646	  0.707575	  0.726537	  0.742422	  0.755806	  0.767181	  0.773083	  0.777475	  0.780869	  0.783585	  0.785835	  0.787757	  0.789447	  0.790974	  0.792374	  0.793662	  0.794838	  0.795902	  0.796853	  0.797689	   0.79841	  0.799015	  0.799506	  0.799886	  0.800163	  0.800345	  0.800437	  0.800445	  0.800377	  0.800242	  0.800047	  0.799801	  0.799512
   858	     0	         0	         0	         0	         0	         0	         0	         0	         0	         0	         0	         0	         0	         0	         0	         0	         0	0.00156349	 0.0031405	0.00484923	0.00672983	 0.0161612	 0.0312016	 0.0531992	 0.0816334	  0.113853	  0.156974	   0.21176	   0.29237	  0.344918	  0.381441	  0.414594	  0.453719	  0.501045	  0.537407	  0.564624	  0.595524	  0.626511	  0.653295	  0.679834	  0.702462	   0.72272	  0.739684	  0.753957	  0.766066	  0.772177	  0.776693	  0.780176	  0.782968	  0.785289	  0.787281	  0.789039	  0.790629	  0.792088	   0.79343	  0.794656	  0.795766	   0.79676	  0.797636	  0.798395	  0.799038	  0.799566	  0.799983	  0.800297	  0.800515	  0.800643	  0.800686	  0.800652	  0.800548	  0.800381	  0.800159	  0.799889
   859	     0	         0	         0	         0	         0	         0	         0	         0	         0	         0	         0	         0	         0	         0	         0	         0	         0	0.00158493	0.00317942	0.00490438	0.00680096	 0.0163254	 0.0315086	 0.0537088	 0.0823979	  0.114897	  0.158379	  0.213606	  0.294832	  0.347728	  0.384528	  0.417832	  0.457118	  0.504638	  0.541152	  0.568458	  0.599488	  0.630055	  0.656178	  0.681979	  0.703948	  0.723633	  0.740122	  0.754013	  0.765823	  0.771857	  0.776341	  0.779816	   0.78261	   0.78494	  0.786941	  0.788708	  0.790305	   0.79177	  0.793115	  0.794341	  0.795451	  0.796441	  0.797314	  0.798068	  0.798707	   0.79923	  0.799643	  0.799955	  0.800172	  0.800301	  0.800347	  0.800318	  0.800221	  0.800065	  0.799856	  0.799603
   860	     0	         0	         0	         0	         0	         0	         0	         0	         0	         0	         0	         0	         0	         0	         0	         0	         0	0.00154632	0.00311766	0.00483093	0.00672647	 0.0162035	 0.0313663	 0.0536033	 0.0824171	  0.115142	  0.158971	  0.214696	  0.296784	  0.350393	  0.387838	  0.421766	   0.46172	  0.510049	  0.547383	  0.575487	   0.60747	  0.637903	   0.66322	  0.687958	  0.708814	  0.727413	  0.742925	   0.75597	  0.767062	  0.772775	  0.777049	  0.780381	  0.783076	  0.785331	  0.787273	  0.788989	  0.790539	  0.791957	  0.793254	  0.794433	  0.795493	  0.796435	  0.797259	  0.797965	  0.798556	  0.799032	  0.799399	  0.799666	  0.799839	  0.799925	   0.79993	  0.799861	  0.799726	  0.799531	  0.799286	  0.798998
   861	     0	         0	         0	         0	         0	         0	         0	         0	         0	         0	         0	         0	         0	         0	         0	         0	         0	0.00159409	0.00318293	0.00489146	0.00676238	 0.0162184	 0.0312769	  0.053288	 0.0817325	  0.113966	  0.157173	  0.212166	  0.293141	   0.34604	   0.38292	  0.416352	  0.455816	  0.503523	   0.54024	  0.567771	  0.599061	   0.62989	  0.656229	  0.682149	  0.704231	  0.723995	    0.7405	  0.754369	  0.766133	  0.772114	   0.77655	  0.779983	  0.782742	  0.785042	  0.787019	  0.788767	  0.790351	  0.791809	  0.793152	  0.794383	  0.795504	  0.796513	  0.797408	  0.798191	  0.798862	   0.79942	  0.799871	  0.800221	  0.800477	  0.800644	  0.800728	  0.800735	  0.800672	  0.800546	  0.800366	  0.800137
   862	     0	         0	         0	         0	         0	         0	         0	         0	         0	         0	         0	         0	         0	         0	         0	         0	         0	0.00161797	0.00324008	0.00499228	0.00691767	 0.0166182	  0.032091	 0.0547345	 0.0840208	  0.117226	  0.161684	  0.218221	  0.301455	  0.355743	  0.393804	  0.428001	  0.468227	  0.516835	  0.554392	  0.582616	  0.614779	  0.644497	  0.668789	  0.692465	  0.712434	  0.730297	  0.745206	  0.757757	   0.76844	  0.774111	  0.778394	  0.781756	  0.784489	  0.786788	  0.788777	  0.790545	  0.792151	  0.793632	  0.794999	  0.796255	    0.7974	  0.798435	  0.799358	   0.80017	  0.800872	  0.801463	  0.801949	  0.802336	  0.802631	  0.802839	  0.802964	  0.803014	  0.802995	  0.802915	  0.802779	  0.802596
   863	     0	         0	         0	         0	         0	         0	         0	         0	         0	         0	         0	         0	         0	         0	         0	         0	         0	0.00156646	0.00316287	0.00490775	0.00684164	 0.0164813	 0.0319072	 0.0545094	 0.0837501	  0.116873	  0.161067	  0.216994	  0.299046	  0.352207	  0.389071	  0.422249	  0.461333	  0.508686	  0.545055	  0.572152	  0.603051	  0.632938	  0.658269	   0.68333	  0.704719	  0.723966	   0.74012	  0.753765	  0.765397	  0.771484	  0.776042	  0.779592	  0.782457	  0.784848	  0.786902	  0.788712	  0.790344	  0.791836	  0.793203	  0.794449	   0.79558	  0.796596	  0.797499	  0.798292	  0.798977	  0.799555	  0.800031	  0.800413	  0.800707	  0.800918	  0.801052	  0.801114	   0.80111	  0.801048	  0.800932	  0.800771
   864	     0	         0	         0	         0	         0	         0	         0	         0	         0	         0	         0	         0	         0	         0	         0	         0	         0	0.00157005	  0.003143	0.00483795	0.00669502	 0.0160299	 0.0308745	 0.0525285	 0.0804538	  0.112027	  0.154259	  0.207888	  0.286688	  0.337983	  0.373394	  0.405633	  0.443784	  0.489936	   0.52517	  0.551376	   0.58105	  0.612603	  0.640948	  0.669426	  0.693992	   0.71608	   0.73464	  0.750255	  0.763469	  0.770014	  0.774779	    0.7784	   0.78126	  0.783607	  0.785598	  0.787338	  0.788901	  0.790329	  0.791636	  0.792824	  0.793894	  0.794846	  0.795678	  0.796391	  0.796986	  0.797464	  0.797828	  0.798088	   0.79825	  0.798319	  0.798303	  0.798208	  0.798042	  0.797812	  0.797528	  0.797196
   865	     0	         0	         0	         0	         0	         0	         0	         0	         0	         0	         0	         0	         0	         0	         0	         0	         0	0.00158035	0.00316376	 0.0048699	0.00673888	 0.0161362	 0.0310762	 0.0528684	 0.0809664	   0.11273	  0.155206	  0.209141	  0.288405	   0.33999	    0.3757	  0.408184	  0.446619	  0.493132	  0.528732	  0.555302	  0.585411	  0.616882	  0.644825	   0.67276	   0.69678	  0.718351	  0.736467	  0.751719	  0.764645	  0.771093	   0.77582	  0.779436	  0.782312	  0.784685	  0.786706	   0.78848	  0.790077	  0.791538	  0.792877	  0.794095	  0.795195	  0.796176	  0.797037	   0.79778	  0.798405	  0.798914	  0.799313	   0.79961	  0.799812	  0.799926	  0.799959	  0.799918	  0.799811	  0.799647	  0.799433	  0.799177
   866	     0	         0	         0	         0	         0	         0	         0	         0	         0	         0	         0	         0	         0	         0	         0	         0	         0	0.00149996	0.00303063	0.00470621	 0.0065667	 0.0158425	  0.030718	 0.0525664	 0.0809126	  0.113135	  0.156299	  0.211144	  0.291859	  0.344671	  0.381439	   0.41496	  0.454448	  0.502203	  0.539044	  0.566763	  0.598287	  0.629497	  0.656136	  0.682302	  0.704465	  0.724214	  0.740685	  0.754524	  0.766281	  0.772224	  0.776661	  0.780128	  0.782947	  0.785324	  0.787388	  0.789227	  0.790901	  0.792443	  0.793865	   0.79517	  0.796359	  0.797433	  0.798391	  0.799237	   0.79997	  0.800594	  0.801111	  0.801532	  0.801861	  0.802104	  0.802266	  0.802353	  0.802371	  0.802327	  0.802228	  0.802079
   867	     0	         0	         0	         0	         0	         0	         0	         0	         0	         0	         0	         0	         0	         0	         0	         0	         0	0.00149996	0.00303063	0.00470621	 0.0065667	 0.0158425	  0.030718	 0.0525664	 0.0809126	  0.113135	  0.156299	  0.211144	  0.291859	  0.344671	  0.381439	   0.41496	  0.454448	  0.502203	  0.539044	  0.566763	  0.598287	  0.629497	  0.656136	  0.682302	  0.704465	  0.724214	  0.740685	  0.754524	  0.766281	  0.772224	  0.776661	  0.780128	  0.782947	  0.785324	  0.787388	  0.789227	  0.790901	  0.792443	  0.793865	   0.79517	  0.796359	  0.797433	  0.798391	  0.799237	   0.79997	  0.800594	  0.801111	  0.801532	  0.801861	  0.802104	  0.802266	  0.802353	  0.802371	  0.802327	  0.802228	  0.802079
   868	     0	         0	         0	         0	         0	         0	         0	         0	         0	         0	         0	         0	         0	         0	         0	         0	         0	0.00165161	0.00330481	0.00508332	0.00702813	 0.0168333	 0.0324078	 0.0551281	 0.0844371	  0.117599	  0.161968	  0.218385	  0.301454	  0.355524	  0.393381	  0.427406	   0.46755	  0.516157	  0.553718	  0.581979	  0.614199	  0.644024	   0.66839	  0.692096	   0.71204	  0.729835	  0.744651	  0.757084	  0.767626	  0.773107	   0.77719	  0.780352	  0.782888	  0.784993	  0.786793	  0.788374	  0.789799	  0.791102	  0.792292	   0.79337	  0.794333	  0.795178	  0.795903	  0.796508	  0.796992	  0.797358	  0.797609	  0.797754	  0.797801	  0.797757	  0.797628	  0.797424	  0.797153	  0.796824	  0.796447	  0.796031
   869	     0	         0	         0	         0	         0	         0	         0	         0	         0	         0	         0	         0	         0	         0	         0	         0	         0	0.00149333	0.00302467	0.00470631	0.00657743	 0.0158906	 0.0308397	 0.0528153	 0.0813513	  0.113819	  0.157336	  0.212675	  0.294197	  0.347593	  0.384809	   0.41869	  0.458577	  0.506817	   0.54407	  0.572107	  0.604022	  0.634795	  0.660639	  0.685917	  0.707278	  0.726322	  0.742193	  0.755528	  0.766861	  0.772667	  0.777014	  0.780414	  0.783178	  0.785505	  0.787523	  0.789316	  0.790945	  0.792443	  0.793821	  0.795082	  0.796229	   0.79726	  0.798176	  0.798979	  0.799669	  0.800249	  0.800721	  0.801095	  0.801374	  0.801566	  0.801674	  0.801705	  0.801664	  0.801559	  0.801395	   0.80118
   870	     0	         0	         0	         0	         0	         0	         0	         0	         0	         0	         0	         0	         0	         0	         0	         0	         0	0.00162042	 0.0032274	0.00494565	0.00681698	 0.0162956	   0.03133	  0.053238	 0.0814709	  0.113385	  0.156119	  0.210468	  0.290453	  0.342514	  0.378617	  0.411347	  0.450078	  0.496941	   0.53282	  0.559571	  0.589907	  0.621003	  0.648312	  0.675532	  0.698871	  0.719812	  0.737366	  0.752119	  0.764598	  0.770813	  0.775341	  0.778781	  0.781494	  0.783715	  0.785593	  0.787232	  0.788703	  0.790046	  0.791276	  0.792392	  0.793396	  0.794283	  0.795053	  0.795705	  0.796239	  0.796655	  0.796957	  0.797153	  0.797251	  0.797257	  0.797176	  0.797018	  0.796789	  0.796499	  0.796155	  0.795767
   871	     0	         0	         0	         0	         0	         0	         0	         0	         0	         0	         0	         0	         0	         0	         0	         0	         0	0.00154632	0.00311766	0.00483093	0.00672647	 0.0162035	 0.0313663	 0.0536033	 0.0824171	  0.115142	  0.158971	  0.214696	  0.296784	  0.350393	  0.387838	  0.421766	   0.46172	  0.510049	  0.547383	  0.575487	   0.60747	  0.637903	   0.66322	  0.687958	  0.708814	  0.727413	  0.742925	   0.75597	  0.767062	  0.772775	  0.777049	  0.780381	  0.783076	  0.785331	  0.787273	  0.788989	  0.790539	  0.791957	  0.793254	  0.794433	  0.795493	  0.796435	  0.797259	  0.797965	  0.798556	  0.799032	  0.799399	  0.799666	  0.799839	  0.799925	   0.79993	  0.799861	  0.799726	  0.799531	  0.799286	  0.798998
   872	     0	         0	         0	         0	         0	         0	         0	         0	         0	         0	         0	         0	         0	         0	         0	         0	         0	0.00154632	0.00311766	0.00483093	0.00672647	 0.0162035	 0.0313663	 0.0536033	 0.0824171	  0.115142	  0.158971	  0.214696	  0.296784	  0.350393	  0.387838	  0.421766	   0.46172	  0.510049	  0.547383	  0.575487	   0.60747	  0.637903	   0.66322	  0.687958	  0.708814	  0.727413	  0.742925	   0.75597	  0.767062	  0.772775	  0.777049	  0.780381	  0.783076	  0.785331	  0.787273	  0.788989	  0.790539	  0.791957	  0.793254	  0.794433	  0.795493	  0.796435	  0.797259	  0.797965	  0.798556	  0.799032	  0.799399	  0.799666	  0.799839	  0.799925	   0.79993	  0.799861	  0.799726	  0.799531	  0.799286	  0.798998
   873	     0	         0	         0	         0	         0	         0	         0	         0	         0	         0	         0	         0	         0	         0	         0	         0	         0	0.00155246	0.00312446	 0.0048311	0.00671095	 0.0161056	 0.0310775	 0.0529489	 0.0811861	   0.11314	  0.155852	  0.210049	  0.289681	   0.34154	  0.377441	  0.410136	  0.448804	  0.495638	  0.531566	  0.558452	   0.58897	  0.620373	  0.647923	  0.675306	  0.698729	  0.719702	  0.737269	   0.75204	  0.764561	  0.770788	  0.775359	  0.778867	  0.781665	  0.783981	   0.78596	  0.787699	  0.789265	  0.790697	  0.792006	  0.793193	  0.794258	  0.795201	   0.79602	  0.796718	  0.797295	  0.797753	  0.798099	  0.798341	  0.798487	  0.798544	  0.798518	  0.798419	  0.798255	  0.798033	  0.797762	   0.79745
   874	     0	         0	         0	         0	         0	         0	         0	         0	         0	         0	         0	         0	         0	         0	         0	         0	         0	0.00163524	 0.0032581	0.00499355	0.00688323	 0.0164493	 0.0316181	 0.0537158	 0.0821861	  0.114361	  0.157417	  0.212124	  0.292603	  0.344931	  0.381334	  0.414322	  0.453364	  0.500658	   0.53707	  0.564396	  0.595486	  0.626653	  0.653547	  0.680066	  0.702649	   0.72281	  0.739609	  0.753677	  0.765564	  0.771471	  0.775796	  0.779105	  0.781738	  0.783912	  0.785766	  0.787394	  0.788862	  0.790207	   0.79144	  0.792561	  0.793568	   0.79446	  0.795233	  0.795887	  0.796423	   0.79684	  0.797144	  0.797343	  0.797444	  0.797453	  0.797377	  0.797223	     0.797	  0.796716	   0.79638	  0.795999
   875	     0	         0	         0	         0	         0	         0	         0	         0	         0	         0	         0	         0	         0	         0	         0	         0	         0	0.00156349	 0.0031405	0.00484923	0.00672983	 0.0161612	 0.0312016	 0.0531992	 0.0816334	  0.113853	  0.156974	   0.21176	   0.29237	  0.344918	  0.381441	  0.414594	  0.453719	  0.501045	  0.537407	  0.564624	  0.595524	  0.626511	  0.653295	  0.679834	  0.702462	   0.72272	  0.739684	  0.753957	  0.766066	  0.772177	  0.776693	  0.780176	  0.782968	  0.785289	  0.787281	  0.789039	  0.790629	  0.792088	   0.79343	  0.794656	  0.795766	   0.79676	  0.797636	  0.798395	  0.799038	  0.799566	  0.799983	  0.800297	  0.800515	  0.800643	  0.800686	  0.800652	  0.800548	  0.800381	  0.800159	  0.799889
   876	     0	         0	         0	         0	         0	         0	         0	         0	         0	         0	         0	         0	         0	         0	         0	         0	         0	0.00162272	0.00324333	0.00498947	0.00690498	 0.0165649	 0.0319582	 0.0544623	   0.08354	  0.116477	  0.160556	   0.21658	  0.298981	  0.352673	  0.390229	  0.424028	   0.46382	  0.511882	  0.548879	  0.576577	  0.608078	  0.638014	  0.663012	   0.68756	  0.708418	  0.727145	  0.742844	  0.756104	  0.767415	  0.773376	   0.77787	  0.781394	  0.784254	  0.786657	  0.788734	  0.790576	  0.792246	  0.793781	  0.795194	  0.796491	  0.797673	   0.79874	  0.799693	  0.800534	  0.801264	  0.801884	  0.802399	  0.802816	  0.803143	  0.803383	  0.803543	  0.803629	  0.803648	  0.803606	   0.80351	  0.803368
   877	     0	         0	         0	         0	         0	         0	         0	         0	         0	         0	         0	         0	         0	         0	         0	         0	         0	0.00160831	0.00321546	0.00494685	0.00684537	 0.0164216	 0.0316759	 0.0539761	 0.0827891	  0.115426	  0.159116	  0.214652	  0.296373	  0.349573	  0.386643	  0.420048	  0.459399	  0.506924	  0.543355	  0.570477	  0.601245	  0.631345	  0.657065	  0.682604	  0.704423	  0.724059	  0.740581	  0.754548	  0.766448	  0.772639	   0.77726	  0.780846	   0.78373	  0.786131	  0.788193	  0.790011	  0.791655	  0.793163	   0.79455	   0.79582	  0.796976	  0.798017	  0.798944	  0.799756	  0.800457	  0.801045	  0.801526	  0.801907	  0.802194	  0.802392	  0.802507	  0.802545	  0.802513	  0.802417	  0.802265	  0.802063
   878	     0	         0	         0	         0	         0	         0	         0	         0	         0	         0	         0	         0	         0	         0	         0	         0	         0	0.00159152	0.00319029	0.00491638	0.00681019	 0.0163253	 0.0314705	 0.0535862	 0.0821376	  0.114457	  0.157696	  0.212617	  0.293394	  0.346026	  0.382675	  0.415949	  0.455271	  0.502893	  0.539628	  0.567277	   0.59876	  0.629893	  0.656458	  0.682512	  0.704614	   0.72431	  0.740696	  0.754419	  0.766032	  0.771833	  0.776114	  0.779419	  0.782073	  0.784285	  0.786186	  0.787866	  0.789387	  0.790784	  0.792065	  0.793231	  0.794282	  0.795214	  0.796027	   0.79672	  0.797295	  0.797752	  0.798096	  0.798336	  0.798478	  0.798528	  0.798494	  0.798384	  0.798203	  0.797961	  0.797667	  0.797327
   879	     0	         0	         0	         0	         0	         0	         0	         0	         0	         0	         0	         0	         0	         0	         0	         0	         0	0.00165392	0.00331662	0.00511343	0.00708642	  0.017013	 0.0328239	 0.0559396	 0.0858099	   0.11965	  0.164897	   0.22237	  0.306927	  0.361904	  0.400543	  0.435041	  0.475594	  0.524644	  0.562639	  0.591218	  0.623856	  0.652841	   0.67585	  0.698136	  0.716797	   0.73347	  0.747358	  0.759041	  0.768986	  0.774416	  0.778547	  0.781807	  0.784464	  0.786701	  0.788637	  0.790355	  0.791914	  0.793346	  0.794663	  0.795864	  0.796951	  0.797922	  0.798776	  0.799514	  0.800137	  0.800644	  0.801042	  0.801338	  0.801538	   0.80165	  0.801677	  0.801629	  0.801512	  0.801334	  0.801102	  0.800825
   880	     0	         0	         0	         0	         0	         0	         0	         0	         0	         0	         0	         0	         0	         0	         0	         0	         0	0.00151372	0.00305954	0.00474857	 0.0066185	 0.0159368	 0.0308332	 0.0526584	 0.0809152	  0.112983	   0.15593	  0.210539	  0.290967	  0.343514	  0.379949	  0.413113	  0.452238	  0.499553	  0.535815	   0.56288	  0.593541	  0.624473	  0.651355	  0.678129	  0.700972	  0.721449	  0.738647	  0.753136	  0.765431	  0.771614	  0.776155	  0.779633	  0.782396	  0.784673	  0.786609	  0.788302	  0.789822	  0.791205	  0.792466	  0.793604	  0.794622	  0.795519	  0.796292	  0.796944	  0.797474	  0.797883	  0.798177	  0.798363	  0.798449	   0.79844	  0.798342	  0.798163	  0.797911	  0.797593	  0.797218	  0.796794
   881	     0	         0	         0	         0	         0	         0	         0	         0	         0	         0	         0	         0	         0	         0	         0	         0	         0	0.00161787	0.00322867	0.00495633	 0.0068425	 0.0163829	 0.0315383	 0.0536554	  0.082199	  0.114515	  0.157816	  0.212929	   0.29413	  0.347114	  0.384111	  0.417646	  0.457276	  0.505238	  0.542246	  0.570106	   0.60179	  0.632741	   0.65895	  0.684625	  0.706351	  0.725703	  0.741813	  0.755306	  0.766722	  0.772444	   0.77666	  0.779905	    0.7825	  0.784653	  0.786497	  0.788121	   0.78959	  0.790939	  0.792178	  0.793305	   0.79432	  0.795218	  0.795998	  0.796659	    0.7972	  0.797623	  0.797932	  0.798135	   0.79824	  0.798253	   0.79818	  0.798031	  0.797813	  0.797536	  0.797206	  0.796835
   882	     0	         0	         0	         0	         0	         0	         0	         0	         0	         0	         0	         0	         0	         0	         0	         0	         0	0.00151372	0.00305954	0.00474857	 0.0066185	 0.0159368	 0.0308332	 0.0526584	 0.0809152	  0.112983	   0.15593	  0.210539	  0.290967	  0.343514	  0.379949	  0.413113	  0.452238	  0.499553	  0.535815	   0.56288	  0.593541	  0.624473	  0.651355	  0.678129	  0.700972	  0.721449	  0.738647	  0.753136	  0.765431	  0.771614	  0.776155	  0.779633	  0.782396	  0.784673	  0.786609	  0.788302	  0.789822	  0.791205	  0.792466	  0.793604	  0.794622	  0.795519	  0.796292	  0.796944	  0.797474	  0.797883	  0.798177	  0.798363	  0.798449	   0.79844	  0.798342	  0.798163	  0.797911	  0.797593	  0.797218	  0.796794
   883	     0	         0	         0	         0	         0	         0	         0	         0	         0	         0	         0	         0	         0	         0	         0	         0	         0	0.00156485	0.00315484	0.00488963	0.00681054	 0.0164086	 0.0317719	  0.054299	 0.0834735	  0.116571	  0.160818	  0.216946	  0.299438	  0.353125	  0.390554	  0.424301	  0.464012	  0.512063	  0.549125	  0.576914	  0.608612	  0.638606	  0.663552	  0.687985	  0.708685	  0.727228	  0.742723	  0.755781	  0.766907	  0.772753	  0.777161	  0.780622	  0.783439	   0.78581	  0.787864	  0.789687	   0.79134	  0.792859	  0.794256	  0.795537	  0.796703	  0.797755	  0.798696	  0.799526	  0.800248	  0.800862	  0.801374	  0.801791	  0.802119	  0.802363	  0.802528	   0.80262	  0.802646	   0.80261	  0.802521	  0.802383
   884	     0	         0	         0	         0	         0	         0	         0	         0	         0	         0	         0	         0	         0	         0	         0	         0	         0	 0.0015875	0.00319132	0.00493148	0.00684874	 0.0164589	 0.0317927	 0.0542306	 0.0832477	  0.116144	  0.160164	  0.216111	  0.298456	  0.352177	   0.38975	  0.423708	  0.463725	  0.512136	  0.549533	  0.577699	  0.609776	  0.640066	  0.665129	  0.689569	  0.710184	  0.728584	  0.743933	  0.756844	  0.767827	  0.773525	  0.777803	   0.78115	  0.783865	  0.786145	  0.788116	  0.789864	  0.791449	  0.792906	  0.794245	  0.795467	  0.796573	   0.79756	  0.798429	   0.79918	  0.799814	  0.800334	  0.800743	  0.801052	  0.801267	  0.801395	  0.801441	  0.801414	  0.801322	  0.801172	  0.800973	  0.800733
   885	     0	         0	         0	         0	         0	         0	         0	         0	         0	         0	         0	         0	         0	         0	         0	         0	         0	0.00154492	0.00309427	0.00476789	0.00660704	 0.0158596	 0.0306152	 0.0521995	 0.0801062	  0.111737	  0.154123	  0.208033	  0.287354	  0.339161	  0.375028	  0.407687	  0.446245	  0.492807	  0.528356	  0.554766	  0.584627	  0.615887	  0.643742	  0.671698	  0.695788	  0.717473	  0.735735	  0.751147	  0.764235	  0.770831	  0.775684	  0.779411	  0.782383	  0.784843	  0.786947	  0.788798	  0.790469	  0.792001	   0.79341	    0.7947	  0.795873	   0.79693	  0.797871	  0.798696	  0.799408	  0.800006	  0.800495	  0.800884	  0.801177	  0.801381	  0.801499	  0.801541	   0.80151	  0.801415	  0.801263	   0.80106
   886	     0	         0	         0	         0	         0	         0	         0	         0	         0	         0	         0	         0	         0	         0	         0	         0	         0	0.00162431	 0.0032502	0.00499905	0.00691088	 0.0165389	 0.0318235	 0.0541009	 0.0828068	  0.115241	  0.158591	  0.213615	  0.294504	  0.346986	  0.383389	  0.416264	  0.455142	  0.502232	  0.538323	  0.565223	  0.595788	   0.62636	  0.652827	   0.67914	  0.701662	  0.721894	  0.738871	  0.753167	   0.76529	  0.771435	  0.775951	  0.779408	  0.782153	  0.784411	  0.786327	  0.788001	  0.789504	  0.790875	  0.792127	   0.79326	  0.794276	  0.795172	  0.795949	  0.796606	  0.797144	  0.797564	  0.797871	  0.798074	   0.79818	  0.798195	  0.798127	  0.797983	  0.797771	    0.7975	  0.797179	  0.796816
   887	     0	         0	         0	         0	         0	         0	         0	         0	         0	         0	         0	         0	         0	         0	         0	         0	         0	0.00160781	0.00320952	0.00492911	0.00680849	 0.0162945	 0.0313682	 0.0533571	 0.0817167	  0.113791	  0.156713	  0.211261	  0.291483	  0.343715	  0.380006	  0.412895	  0.451749	  0.498709	  0.534672	  0.561489	  0.591879	  0.622848	  0.649948	   0.67695	  0.700106	  0.720908	  0.738382	   0.75311	  0.765612	  0.771931	  0.776592	  0.780177	   0.78304	  0.785413	  0.787444	  0.789233	  0.790849	  0.792333	  0.793699	  0.794947	  0.796081	  0.797097	  0.797996	  0.798779	  0.799445	  0.799995	  0.800435	  0.800771	  0.801011	   0.80116	  0.801225	  0.801212	  0.801128	  0.800981	   0.80078	  0.800531
   888	     0	         0	         0	         0	         0	         0	         0	         0	         0	         0	         0	         0	         0	         0	         0	         0	         0	0.00150963	0.00305596	0.00475272	0.00663944	 0.0160171	 0.0310523	 0.0531152	 0.0817062	  0.114157	  0.157543	  0.212575	  0.293417	  0.346108	  0.382631	  0.415786	  0.454848	  0.502099	  0.538343	  0.565401	  0.596145	  0.626785	  0.653191	  0.679384	  0.701761	   0.72186	  0.738737	  0.752986	  0.765124	  0.771341	  0.775969	  0.779563	  0.782458	  0.784873	  0.786948	  0.788777	  0.790425	   0.79193	  0.793307	   0.79456	  0.795692	  0.796704	  0.797599	  0.798379	  0.799045	  0.799599	  0.800047	  0.800396	  0.800653	  0.800823	  0.800911	  0.800924	  0.800868	  0.800751	  0.800578	  0.800356
   889	     0	         0	         0	         0	         0	         0	         0	         0	         0	         0	         0	         0	         0	         0	         0	         0	         0	0.00159409	0.00318293	0.00489146	0.00676238	 0.0162184	 0.0312769	  0.053288	 0.0817325	  0.113966	  0.157173	  0.212166	  0.293141	   0.34604	   0.38292	  0.416352	  0.455816	  0.503523	   0.54024	  0.567771	  0.599061	   0.62989	  0.656229	  0.682149	  0.704231	  0.723995	    0.7405	  0.754369	  0.766133	  0.772114	   0.77655	  0.779983	  0.782742	  0.785042	  0.787019	  0.788767	  0.790351	  0.791809	  0.793152	  0.794383	  0.795504	  0.796513	  0.797408	  0.798191	  0.798862	   0.79942	  0.799871	  0.800221	  0.800477	  0.800644	  0.800728	  0.800735	  0.800672	  0.800546	  0.800366	  0.800137
   890	     0	         0	         0	         0	         0	         0	         0	         0	         0	         0	         0	         0	         0	         0	         0	         0	         0	0.00155246	0.00312446	 0.0048311	0.00671095	 0.0161056	 0.0310775	 0.0529489	 0.0811861	   0.11314	  0.155852	  0.210049	  0.289681	   0.34154	  0.377441	  0.410136	  0.448804	  0.495638	  0.531566	  0.558452	   0.58897	  0.620373	  0.647923	  0.675306	  0.698729	  0.719702	  0.737269	   0.75204	  0.764561	  0.770788	  0.775359	  0.778867	  0.781665	  0.783981	   0.78596	  0.787699	  0.789265	  0.790697	  0.792006	  0.793193	  0.794258	  0.795201	   0.79602	  0.796718	  0.797295	  0.797753	  0.798099	  0.798341	  0.798487	  0.798544	  0.798518	  0.798419	  0.798255	  0.798033	  0.797762	   0.79745
   891	     0	         0	         0	         0	         0	         0	         0	         0	         0	         0	         0	         0	         0	         0	         0	         0	         0	0.00166222	0.00332172	0.00510508	 0.0070546	 0.0168752	 0.0324703	 0.0551974	 0.0844844	  0.117581	  0.161803	  0.217943	   0.30043	  0.354079	  0.391686	  0.425557	  0.465541	  0.513951	  0.551429	  0.579753	   0.61209	  0.642371	  0.667211	  0.691255	  0.711504	   0.72954	  0.744513	  0.757065	  0.767721	  0.773223	  0.777352	  0.780582	  0.783205	  0.785409	  0.787316	  0.789007	   0.79054	  0.791946	  0.793236	  0.794409	  0.795463	  0.796399	  0.797213	  0.797908	  0.798483	  0.798939	  0.799284	  0.799524	  0.799668	  0.799722	  0.799693	  0.799589	  0.799417	  0.799188	  0.798908	  0.798586
   892	     0	         0	         0	         0	         0	         0	         0	         0	         0	         0	         0	         0	         0	         0	         0	         0	         0	0.00178342	0.00352469	0.00536513	0.00735146	 0.0175189	  0.033574	 0.0569043	 0.0868896	  0.120702	  0.165876	  0.223254	  0.307489	  0.362003	  0.400345	  0.434275	  0.474286	   0.52272	   0.56016	  0.588234	  0.620302	  0.649295	  0.672679	  0.695442	  0.714624	  0.731803	  0.746122	   0.75815	  0.768354	  0.773832	  0.777946	  0.781147	   0.78372	  0.785858	  0.787689	  0.789301	  0.790759	  0.792099	  0.793333	  0.794461	  0.795482	  0.796394	  0.797194	  0.797882	  0.798456	  0.798917	  0.799269	  0.799519	  0.799674	   0.79974	  0.799723	  0.799631	  0.799473	  0.799255	  0.798988	  0.798679
   893	     0	         0	         0	         0	         0	         0	         0	         0	         0	         0	         0	         0	         0	         0	         0	         0	         0	0.00164415	0.00327375	  0.005016	0.00691365	  0.016511	 0.0317283	 0.0538846	 0.0824121	  0.114627	    0.1577	  0.212411	  0.292815	   0.34509	  0.381451	   0.41434	  0.453221	  0.500225	   0.53623	  0.563102	  0.593568	  0.624418	  0.651273	  0.677962	  0.700828	  0.721367	  0.738617	   0.75316	  0.765514	  0.771764	  0.776378	   0.77993	  0.782767	  0.785117	  0.787125	  0.788893	  0.790488	  0.791949	  0.793291	  0.794515	  0.795621	  0.796608	  0.797474	  0.798222	  0.798851	  0.799363	  0.799763	  0.800059	  0.800259	  0.800369	  0.800396	  0.800347	  0.800231	  0.800055	  0.799828	  0.799558
   894	     0	         0	         0	         0	         0	         0	         0	         0	         0	         0	         0	         0	         0	         0	         0	         0	         0	0.00159409	0.00318293	0.00489146	0.00676238	 0.0162184	 0.0312769	  0.053288	 0.0817325	  0.113966	  0.157173	  0.212166	  0.293141	   0.34604	   0.38292	  0.416352	  0.455816	  0.503523	   0.54024	  0.567771	  0.599061	   0.62989	  0.656229	  0.682149	  0.704231	  0.723995	    0.7405	  0.754369	  0.766133	  0.772114	   0.77655	  0.779983	  0.782742	  0.785042	  0.787019	  0.788767	  0.790351	  0.791809	  0.793152	  0.794383	  0.795504	  0.796513	  0.797408	  0.798191	  0.798862	   0.79942	  0.799871	  0.800221	  0.800477	  0.800644	  0.800728	  0.800735	  0.800672	  0.800546	  0.800366	  0.800137
   895	     0	         0	         0	         0	         0	         0	         0	         0	         0	         0	         0	         0	         0	         0	         0	         0	         0	0.00159821	0.00319666	0.00491823	0.00680458	 0.0163203	 0.0314693	 0.0536103	 0.0822186	  0.114635	  0.158065	  0.213319	  0.294695	  0.347801	  0.384874	  0.418452	  0.458072	  0.505983	  0.542907	  0.570634	  0.602154	  0.632885	  0.658933	  0.684521	  0.706237	  0.725637	  0.741833	  0.755439	   0.76698	  0.772857	  0.777222	  0.780604	  0.783325	  0.785596	  0.787551	  0.789281	  0.790849	  0.792292	  0.793622	  0.794838	  0.795942	  0.796932	  0.797806	  0.798564	  0.799206	  0.799733	   0.80015	  0.800463	  0.800681	  0.800807	  0.800849	  0.800813	  0.800706	  0.800536	  0.800311	  0.800038
   896	     0	         0	         0	         0	         0	         0	         0	         0	         0	         0	         0	         0	         0	         0	         0	         0	         0	0.00164415	0.00327375	  0.005016	0.00691365	  0.016511	 0.0317283	 0.0538846	 0.0824121	  0.114627	    0.1577	  0.212411	  0.292815	   0.34509	  0.381451	   0.41434	  0.453221	  0.500225	   0.53623	  0.563102	  0.593568	  0.624418	  0.651273	  0.677962	  0.700828	  0.721367	  0.738617	   0.75316	  0.765514	  0.771764	  0.776378	   0.77993	  0.782767	  0.785117	  0.787125	  0.788893	  0.790488	  0.791949	  0.793291	  0.794515	  0.795621	  0.796608	  0.797474	  0.798222	  0.798851	  0.799363	  0.799763	  0.800059	  0.800259	  0.800369	  0.800396	  0.800347	  0.800231	  0.800055	  0.799828	  0.799558
   897	     0	         0	         0	         0	         0	         0	         0	         0	         0	         0	         0	         0	         0	         0	         0	         0	         0	0.00159409	0.00318293	0.00489146	0.00676238	 0.0162184	 0.0312769	  0.053288	 0.0817325	  0.113966	  0.157173	  0.212166	  0.293141	   0.34604	   0.38292	  0.416352	  0.455816	  0.503523	   0.54024	  0.567771	  0.599061	   0.62989	  0.656229	  0.682149	  0.704231	  0.723995	    0.7405	  0.754369	  0.766133	  0.772114	   0.77655	  0.779983	  0.782742	  0.785042	  0.787019	  0.788767	  0.790351	  0.791809	  0.793152	  0.794383	  0.795504	  0.796513	  0.797408	  0.798191	  0.798862	   0.79942	  0.799871	  0.800221	  0.800477	  0.800644	  0.800728	  0.800735	  0.800672	  0.800546	  0.800366	  0.800137
   898	     0	         0	         0	         0	         0	         0	         0	         0	         0	         0	         0	         0	         0	         0	         0	         0	         0	0.00164848	 0.0032942	0.00506232	0.00699469	 0.0167534	 0.0322579	 0.0548864	 0.0840896	  0.117147	  0.161395	  0.217671	  0.300544	    0.3545	  0.392288	  0.426264	   0.46632	  0.514768	  0.552156	  0.580229	  0.612184	  0.642069	  0.666699	  0.690765	  0.711059	  0.729188	  0.744317	  0.757035	  0.767832	  0.773451	  0.777644	  0.780898	  0.783515	  0.785693	  0.787561	  0.789209	  0.790698	  0.792065	  0.793319	   0.79446	  0.795487	  0.796397	  0.797188	   0.79786	  0.798412	  0.798846	  0.799166	  0.799379	  0.799494	  0.799516	  0.799451	  0.799309	  0.799096	  0.798821	  0.798494	  0.798121
   899	     0	         0	         0	         0	         0	         0	         0	         0	         0	         0	         0	         0	         0	         0	         0	         0	         0	0.00154866	0.00311859	0.00482336	0.00670077	  0.016091	 0.0310553	 0.0529274	 0.0811874	  0.113206	  0.156076	  0.210593	  0.290868	  0.343326	  0.379801	  0.413071	  0.452425	  0.500105	  0.536866	  0.564567	  0.596055	  0.627486	  0.654457	  0.680966	  0.703464	  0.723511	  0.740215	  0.754212	  0.766053	  0.771922	   0.77623	  0.779539	   0.78218	  0.784368	  0.786238	   0.78788	   0.78936	  0.790711	  0.791944	  0.793059	  0.794053	  0.794926	  0.795676	  0.796304	  0.796809	  0.797195	  0.797466	  0.797632	    0.7977	  0.797679	  0.797574	  0.797396	  0.797152	  0.796852	  0.796505	   0.79612
   900	     0	         0	         0	         0	         0	         0	         0	         0	         0	         0	         0	         0	         0	         0	         0	         0	         0	0.00155335	0.00312763	0.00484074	0.00673307	 0.0162076	 0.0313544	 0.0535525	 0.0822954	   0.11491	  0.158566	  0.214011	  0.295606	   0.34879	  0.385815	  0.419348	  0.458869	  0.506693	  0.543546	  0.571171	  0.602617	  0.633139	  0.658955	  0.684334	   0.70586	  0.725105	  0.741176	  0.754691	  0.766173	  0.772058	  0.776444	  0.779852	  0.782602	  0.784901	  0.786881	  0.788632	  0.790217	  0.791672	   0.79301	  0.794231	  0.795339	  0.796332	   0.79721	  0.797975	  0.798628	  0.799168	  0.799603	  0.799938	   0.80018	  0.800335	  0.800408	  0.800405	  0.800334	    0.8002	  0.800012	  0.799775
   901	     0	         0	         0	         0	         0	         0	         0	         0	         0	         0	         0	         0	         0	         0	         0	         0	         0	0.00157094	 0.0031617	0.00488987	0.00679514	 0.0163185	 0.0315084	 0.0537104	 0.0823835	  0.114832	  0.158166	  0.213083	  0.293719	  0.346078	  0.382386	  0.415289	  0.454146	  0.501213	  0.537375	  0.564424	  0.595195	   0.62606	  0.652727	  0.679129	  0.701653	  0.721823	  0.738701	  0.752899	  0.764952	  0.771027	  0.775516	  0.778977	   0.78175	  0.784052	  0.786023	  0.787756	  0.789317	  0.790742	  0.792044	  0.793224	  0.794284	  0.795224	  0.796044	  0.796744	  0.797327	  0.797793	  0.798149	  0.798402	   0.79856	   0.79863	  0.798615	  0.798526	  0.798368	  0.798149	  0.797876	  0.797558
   902	     0	         0	         0	         0	         0	         0	         0	         0	         0	         0	         0	         0	         0	         0	         0	         0	         0	0.00158642	 0.0031594	0.00484188	0.00667536	 0.0159728	  0.030732	 0.0522579	 0.0800231	  0.111439	  0.153572	  0.207247	  0.286324	  0.337975	  0.373691	   0.40621	  0.444721	  0.491292	   0.52684	  0.553276	  0.583181	  0.614615	  0.642665	  0.670789	  0.694977	    0.7167	  0.734938	  0.750261	  0.763202	  0.769567	  0.774158	  0.777608	  0.780299	  0.782478	  0.784304	  0.785885	  0.787297	  0.788583	  0.789759	  0.790825	   0.79178	  0.792621	  0.793346	  0.793954	  0.794444	  0.794815	  0.795073	  0.795223	  0.795275	  0.795233	  0.795105	  0.794899	  0.794622	  0.794283	  0.793893	  0.793458
   903	     0	         0	         0	         0	         0	         0	         0	         0	         0	         0	         0	         0	         0	         0	         0	         0	         0	0.00149437	0.00301142	0.00466414	0.00649153	 0.0156132	 0.0301952	 0.0515523	 0.0791922	  0.110544	  0.152537	  0.205921	  0.284411	  0.335791	  0.371325	   0.40386	  0.442286	   0.48871	  0.524197	  0.550671	  0.580585	  0.612427	  0.640993	  0.669654	   0.69433	  0.716494	  0.735141	   0.75086	  0.764199	  0.770845	  0.775727	  0.779474	  0.782465	  0.784943	  0.787063	  0.788929	  0.790612	  0.792152	  0.793563	  0.794851	  0.796017	  0.797062	  0.797987	  0.798793	  0.799483	  0.800057	  0.800521	  0.800884	  0.801152	  0.801331	  0.801427	  0.801447	  0.801398	  0.801287	  0.801122	   0.80091
   904	     0	         0	         0	         0	         0	         0	         0	         0	         0	         0	         0	         0	         0	         0	         0	         0	         0	0.00151384	0.00305462	0.00473492	0.00659321	 0.0158727	 0.0307095	 0.0524579	 0.0806282	  0.112616	  0.155468	  0.209947	   0.29019	   0.34267	  0.379203	   0.41257	  0.451946	  0.499594	  0.536358	  0.564051	    0.5955	  0.627056	  0.654221	  0.680975	  0.703634	  0.723794	  0.740603	  0.754701	  0.766646	   0.77259	  0.776984	  0.780386	  0.783128	  0.785423	  0.787404	   0.78916	  0.790755	  0.792222	  0.793571	  0.794803	  0.795917	  0.796913	  0.797788	  0.798544	  0.799182	  0.799702	  0.800111	  0.800415	  0.800624	  0.800741	  0.800774	  0.800729	  0.800614	  0.800436	  0.800203	  0.799922
   905	     0	         0	         0	         0	         0	         0	         0	         0	         0	         0	         0	         0	         0	         0	         0	         0	         0	0.00154632	0.00311766	0.00483093	0.00672647	 0.0162035	 0.0313663	 0.0536033	 0.0824171	  0.115142	  0.158971	  0.214696	  0.296784	  0.350393	  0.387838	  0.421766	   0.46172	  0.510049	  0.547383	  0.575487	   0.60747	  0.637903	   0.66322	  0.687958	  0.708814	  0.727413	  0.742925	   0.75597	  0.767062	  0.772775	  0.777049	  0.780381	  0.783076	  0.785331	  0.787273	  0.788989	  0.790539	  0.791957	  0.793254	  0.794433	  0.795493	  0.796435	  0.797259	  0.797965	  0.798556	  0.799032	  0.799399	  0.799666	  0.799839	  0.799925	   0.79993	  0.799861	  0.799726	  0.799531	  0.799286	  0.798998
   906	     0	         0	         0	         0	         0	         0	         0	         0	         0	         0	         0	         0	         0	         0	         0	         0	         0	0.00155335	0.00312763	0.00484074	0.00673307	 0.0162076	 0.0313544	 0.0535525	 0.0822954	   0.11491	  0.158566	  0.214011	  0.295606	   0.34879	  0.385815	  0.419348	  0.458869	  0.506693	  0.543546	  0.571171	  0.602617	  0.633139	  0.658955	  0.684334	   0.70586	  0.725105	  0.741176	  0.754691	  0.766173	  0.772058	  0.776444	  0.779852	  0.782602	  0.784901	  0.786881	  0.788632	  0.790217	  0.791672	   0.79301	  0.794231	  0.795339	  0.796332	   0.79721	  0.797975	  0.798628	  0.799168	  0.799603	  0.799938	   0.80018	  0.800335	  0.800408	  0.800405	  0.800334	    0.8002	  0.800012	  0.799775
   907	     0	         0	         0	         0	         0	         0	         0	         0	         0	         0	         0	         0	         0	         0	         0	         0	         0	0.00154112	 0.0030955	 0.0047815	0.00663996	 0.0159774	 0.0308978	  0.052768	 0.0811006	  0.113282	  0.156453	   0.21144	  0.292524	  0.345609	  0.382603	  0.416221	  0.455846	  0.503726	  0.540573	  0.568198	  0.599547	  0.630393	  0.656712	  0.682666	  0.704695	  0.724379	  0.740835	   0.75467	  0.766406	  0.772351	  0.776751	  0.780148	  0.782871	  0.785135	  0.787078	  0.788793	  0.790345	   0.79177	  0.793081	   0.79428	  0.795367	   0.79634	  0.797198	  0.797942	   0.79857	  0.799084	  0.799488	  0.799788	  0.799992	  0.800106	  0.800133	  0.800081	  0.799958	   0.79977	  0.799525	  0.799231
   908	     0	         0	         0	         0	         0	         0	         0	         0	         0	         0	         0	         0	         0	         0	         0	         0	         0	0.00159409	0.00318293	0.00489146	0.00676238	 0.0162184	 0.0312769	  0.053288	 0.0817325	  0.113966	  0.157173	  0.212166	  0.293141	   0.34604	   0.38292	  0.416352	  0.455816	  0.503523	   0.54024	  0.567771	  0.599061	   0.62989	  0.656229	  0.682149	  0.704231	  0.723995	    0.7405	  0.754369	  0.766133	  0.772114	   0.77655	  0.779983	  0.782742	  0.785042	  0.787019	  0.788767	  0.790351	  0.791809	  0.793152	  0.794383	  0.795504	  0.796513	  0.797408	  0.798191	  0.798862	   0.79942	  0.799871	  0.800221	  0.800477	  0.800644	  0.800728	  0.800735	  0.800672	  0.800546	  0.800366	  0.800137
   909	     0	         0	         0	         0	         0	         0	         0	         0	         0	         0	         0	         0	         0	         0	         0	         0	         0	0.00162127	0.00323523	0.00496698	0.00685881	  0.016418	 0.0316071	 0.0537685	 0.0823605	  0.114713	  0.158038	  0.213161	  0.294308	  0.347234	  0.384115	   0.41746	  0.456827	  0.504392	  0.540879	  0.568131	   0.59904	  0.629589	  0.655797	  0.681748	  0.703901	  0.723782	  0.740455	  0.754498	  0.766415	   0.77248	  0.776957	  0.780396	  0.783137	  0.785403	  0.787336	  0.789035	  0.790569	  0.791978	  0.793273	  0.794458	   0.79553	  0.796489	  0.797332	   0.79806	  0.798672	  0.799168	  0.799552	  0.799831	  0.800013	  0.800102	  0.800104	  0.800027	  0.799878	  0.799665	  0.799396	  0.799079
   910	     0	         0	         0	         0	         0	         0	         0	         0	         0	         0	         0	         0	         0	         0	         0	         0	         0	 0.0015503	0.00311987	0.00482532	 0.0067065	 0.0161296	 0.0311779	 0.0532207	 0.0817657	  0.114187	  0.157677	  0.213108	   0.29487	    0.3486	  0.386329	  0.420728	  0.461295	  0.510327	  0.548346	  0.577211	  0.610037	  0.641051	  0.666578	  0.691242	  0.711925	  0.730264	   0.74548	  0.758226	   0.76904	  0.774537	  0.778652	  0.781872	  0.784489	  0.786695	   0.78861	  0.790315	  0.791867	  0.793297	  0.794613	  0.795816	  0.796902	   0.79787	  0.798718	  0.799446	  0.800055	  0.800546	  0.800924	  0.801198	  0.801375	  0.801462	  0.801464	  0.801391	  0.801251	  0.801051	    0.8008	  0.800507
   911	     0	         0	         0	         0	         0	         0	         0	         0	         0	         0	         0	         0	         0	         0	         0	         0	         0	 0.0015578	0.00314769	0.00488599	0.00681249	 0.0164165	 0.0317847	 0.0543167	 0.0835014	  0.116626	  0.160938	  0.217223	   0.30006	  0.354108	  0.391876	  0.425987	  0.466134	  0.514712	  0.552238	  0.580479	  0.612664	   0.64263	  0.667192	  0.691125	  0.711271	  0.729262	  0.744279	  0.756925	  0.767694	  0.773342	  0.777596	  0.780931	  0.783639	  0.785914	  0.787878	  0.789618	  0.791193	  0.792637	  0.793959	  0.795163	  0.796248	  0.797214	  0.798061	  0.798789	  0.799401	  0.799898	  0.800286	  0.800573	  0.800766	  0.800872	  0.800897	  0.800848	  0.800734	  0.800562	  0.800341	  0.800077
   912	     0	         0	         0	         0	         0	         0	         0	         0	         0	         0	         0	         0	         0	         0	         0	         0	         0	0.00152779	 0.0030616	0.00472044	 0.0065455	 0.0157264	 0.0303814	 0.0518349	 0.0795918	  0.111073	   0.15329	  0.207032	  0.286149	  0.337916	  0.373719	  0.406348	  0.444868	  0.491367	  0.526821	  0.553131	  0.582852	  0.614165	  0.642195	  0.670394	  0.694729	  0.716653	  0.735132	  0.750727	   0.76396	  0.770614	  0.775493	  0.779222	  0.782183	  0.784624	  0.786703	  0.788527	  0.790171	  0.791678	  0.793065	  0.794335	  0.795492	  0.796535	  0.797463	  0.798279	  0.798982	  0.799573	  0.800056	  0.800438	  0.800726	  0.800924	  0.801037	  0.801073	  0.801037	  0.800937	  0.800779	  0.800571
   913	     0	         0	         0	         0	         0	         0	         0	         0	         0	         0	         0	         0	         0	         0	         0	         0	         0	0.00157708	0.00317077	0.00490167	0.00681116	 0.0163829	 0.0316752	 0.0540741	 0.0830623	  0.115939	  0.159923	  0.215761	  0.297892	  0.351373	  0.388681	  0.422375	  0.462055	  0.510059	  0.547084	  0.574855	  0.606493	  0.636737	  0.662043	  0.686843	  0.707837	  0.726607	  0.742281	  0.755474	    0.7667	  0.772527	    0.7769	  0.780322	  0.783099	  0.785433	  0.787453	  0.789246	  0.790872	  0.792367	  0.793743	  0.795002	  0.796146	  0.797175	  0.798089	   0.79889	  0.799579	  0.800157	  0.800628	  0.801002	  0.801284	  0.801479	  0.801592	  0.801631	  0.801601	   0.80151	  0.801363	  0.801169
   914	     0	         0	         0	         0	         0	         0	         0	         0	         0	         0	         0	         0	         0	         0	         0	         0	         0	0.00147091	0.00296837	0.00460225	0.00641031	 0.0154271	 0.0298462	 0.0509729	  0.078329	  0.109381	  0.151012	  0.203993	  0.281953	  0.333098	  0.368424	  0.400872	  0.439232	  0.485597	  0.521062	  0.547561	  0.577496	   0.60971	  0.638774	   0.66794	  0.693035	  0.715526	    0.7344	  0.750263	   0.76368	  0.770267	  0.775061	  0.778713	  0.781608	  0.783993	  0.786024	  0.787805	  0.789408	  0.790872	  0.792212	  0.793429	  0.794526	  0.795503	  0.796357	  0.797091	  0.797706	  0.798202	  0.798586	  0.798864	  0.799043	   0.79913	  0.799131	  0.799052	  0.798901	  0.798686	  0.798415	  0.798094
   915	     0	         0	         0	         0	         0	         0	         0	         0	         0	         0	         0	         0	         0	         0	         0	         0	         0	0.00146745	0.00295158	0.00456182	0.00633535	   0.01522	  0.029396	 0.0501378	 0.0769712	  0.107416	  0.148292	  0.200385	  0.277121	  0.327588	  0.362403	  0.394556	  0.432681	  0.478829	  0.514254	  0.540893	   0.57103	  0.604249	  0.634541	   0.66486	  0.690889	   0.71407	  0.733371	  0.749454	   0.76294	  0.769324	  0.773882	  0.777297	  0.779971	  0.782151	  0.783994	  0.785603	  0.787049	  0.788372	  0.789584	  0.790682	  0.791667	  0.792535	  0.793283	   0.79391	  0.794417	  0.794802	  0.795071	  0.795231	  0.795289	  0.795252	  0.795125	  0.794917	  0.794635	  0.794289	  0.793886	  0.793435
   916	     0	         0	         0	         0	         0	         0	         0	         0	         0	         0	         0	         0	         0	         0	         0	         0	         0	0.00155954	0.00313943	 0.0048586	0.00675811	 0.0162765	 0.0315003	 0.0538262	 0.0827622	   0.11564	  0.159723	  0.215867	  0.298657	  0.352895	  0.390909	  0.425307	  0.465784	  0.514698	  0.552539	  0.581085	  0.613585	   0.64373	  0.668345	  0.692241	   0.71231	  0.730192	  0.745079	  0.757587	  0.768218	  0.773767	  0.777938	  0.781203	  0.783852	  0.786076	  0.787998	  0.789703	  0.791249	   0.79267	  0.793976	  0.795169	  0.796248	  0.797213	  0.798062	  0.798794	  0.799412	  0.799916	  0.800309	  0.800601	  0.800797	  0.800904	  0.800927	  0.800874	  0.800752	  0.800568	  0.800331	  0.800048
   917	     0	         0	         0	         0	         0	         0	         0	         0	         0	         0	         0	         0	         0	         0	         0	         0	         0	0.00163124	 0.0032747	0.00505589	 0.0070178	 0.0168709	 0.0325984	 0.0556242	 0.0854149	    0.1192	  0.164393	  0.221823	  0.306322	  0.361386	  0.400093	  0.434717	  0.475371	   0.52448	  0.562466	  0.591012	  0.623573	  0.652506	   0.67548	  0.697747	  0.716421	  0.733138	  0.747099	   0.75888	  0.768941	  0.774475	   0.77871	  0.782068	  0.784818	  0.787143	  0.789161	  0.790954	  0.792582	  0.794077	  0.795452	  0.796708	  0.797848	  0.798871	  0.799777	  0.800569	  0.801247	  0.801812	  0.802271	   0.80263	  0.802897	  0.803077	  0.803176	  0.803201	  0.803158	  0.803055	  0.802898	  0.802697
   918	     0	         0	         0	         0	         0	         0	         0	         0	         0	         0	         0	         0	         0	         0	         0	         0	         0	0.00158035	0.00316376	 0.0048699	0.00673888	 0.0161362	 0.0310762	 0.0528684	 0.0809664	   0.11273	  0.155206	  0.209141	  0.288405	   0.33999	    0.3757	  0.408184	  0.446619	  0.493132	  0.528732	  0.555302	  0.585411	  0.616882	  0.644825	   0.67276	   0.69678	  0.718351	  0.736467	  0.751719	  0.764645	  0.771093	   0.77582	  0.779436	  0.782312	  0.784685	  0.786706	   0.78848	  0.790077	  0.791538	  0.792877	  0.794095	  0.795195	  0.796176	  0.797037	   0.79778	  0.798405	  0.798914	  0.799313	   0.79961	  0.799812	  0.799926	  0.799959	  0.799918	  0.799811	  0.799647	  0.799433	  0.799177
   919	     0	         0	         0	         0	         0	         0	         0	         0	         0	         0	         0	         0	         0	         0	         0	         0	         0	0.00151483	0.00305472	0.00473255	0.00658677	 0.0158351	 0.0306065	 0.0522227	 0.0801726	  0.111846	  0.154219	  0.208024	  0.287111	  0.338714	  0.374407	  0.406986	  0.445474	  0.492027	  0.527666	  0.554278	  0.584407	  0.616009	  0.644105	  0.672225	  0.696365	  0.718021	  0.736215	  0.751538	  0.764532	  0.770999	   0.77574	  0.779373	  0.782264	  0.784653	   0.78669	  0.788477	  0.790083	  0.791548	  0.792887	  0.794101	  0.795194	  0.796165	  0.797015	  0.797744	  0.798355	  0.798849	  0.799231	   0.79951	  0.799692	  0.799784	  0.799791	  0.799721	  0.799581	  0.799379	  0.799123	   0.79882
   920	     0	         0	         0	         0	         0	         0	         0	         0	         0	         0	         0	         0	         0	         0	         0	         0	         0	0.00157327	0.00317532	0.00492702	0.00687031	  0.016569	 0.0321097	  0.054912	 0.0844523	   0.11796	  0.162708	  0.219389	  0.302612	  0.356606	  0.394183	  0.427864	  0.467423	  0.515267	  0.552031	  0.579384	  0.610569	  0.639782	  0.664047	  0.687989	  0.708348	  0.726694	  0.742118	  0.755185	  0.766364	  0.772388	  0.776957	  0.780555	  0.783486	  0.785952	  0.788084	  0.789973	  0.791682	  0.793248	  0.794687	  0.796005	  0.797207	  0.798296	  0.799274	  0.800143	  0.800907	  0.801567	  0.802128	  0.802598	   0.80298	  0.803282	  0.803505	  0.803657	  0.803743	  0.803767	  0.803736	  0.803655
   921	     0	         0	         0	         0	         0	         0	         0	         0	         0	         0	         0	         0	         0	         0	         0	         0	         0	0.00160353	 0.0031992	0.00490954	0.00677547	 0.0161912	 0.0311311	 0.0528906	 0.0809106	  0.112549	  0.154841	  0.208498	  0.287304	  0.338481	  0.373884	    0.4061	  0.444264	  0.490485	  0.525901	  0.552359	  0.582379	  0.614151	  0.642558	   0.67095	  0.695386	  0.717295	   0.73564	  0.751038	  0.764053	  0.770476	   0.77516	  0.778733	  0.781569	  0.783906	  0.785897	  0.787644	  0.789218	   0.79066	  0.791982	  0.793187	  0.794275	  0.795246	  0.796099	  0.796834	  0.797454	  0.797958	  0.798351	  0.798642	  0.798838	  0.798945	  0.798968	  0.798916	  0.798796	  0.798614	   0.79838	  0.798101
   922	     0	         0	         0	         0	         0	         0	         0	         0	         0	         0	         0	         0	         0	         0	         0	         0	         0	0.00158325	0.00318286	0.00491659	0.00682396	 0.0163785	 0.0316034	 0.0538524	 0.0825944	  0.115148	  0.158691	  0.213988	   0.29534	  0.348361	  0.385345	  0.418903	  0.458531	  0.506536	  0.543662	  0.571688	  0.603644	  0.634642	  0.660707	  0.686129	  0.707576	  0.726634	  0.742446	  0.755668	  0.766849	  0.772444	  0.776581	  0.779783	   0.78236	  0.784513	  0.786367	  0.788007	  0.789493	  0.790857	  0.792108	  0.793243	  0.794263	  0.795164	  0.795944	  0.796603	  0.797142	  0.797561	  0.797865	  0.798062	   0.79816	  0.798164	  0.798081	  0.797919	  0.797685	  0.797388	  0.797035	  0.796636
   923	     0	         0	         0	         0	         0	         0	         0	         0	         0	         0	         0	         0	         0	         0	         0	         0	         0	0.00159495	0.00318179	0.00488339	0.00674126	  0.016135	 0.0310587	 0.0528321	 0.0809244	  0.112715	  0.155311	  0.209516	  0.289315	  0.341389	  0.377531	  0.410383	  0.449235	  0.496209	  0.532195	  0.559057	  0.589498	  0.620765	  0.648236	  0.675585	  0.699022	  0.720033	  0.737638	  0.752431	  0.764949	  0.771181	  0.775734	  0.779208	  0.781961	  0.784228	  0.786158	  0.787852	  0.789381	  0.790784	  0.792075	  0.793254	  0.794321	  0.795273	  0.796108	  0.796826	  0.797427	   0.79791	  0.798279	  0.798543	  0.798708	   0.79878	  0.798765	   0.79867	  0.798504	  0.798273	  0.797986	  0.797652
   924	     0	         0	         0	         0	         0	         0	         0	         0	         0	         0	         0	         0	         0	         0	         0	         0	         0	0.00162431	 0.0032502	0.00499905	0.00691088	 0.0165389	 0.0318235	 0.0541009	 0.0828068	  0.115241	  0.158591	  0.213615	  0.294504	  0.346986	  0.383389	  0.416264	  0.455142	  0.502232	  0.538323	  0.565223	  0.595788	   0.62636	  0.652827	   0.67914	  0.701662	  0.721894	  0.738871	  0.753167	   0.76529	  0.771435	  0.775951	  0.779408	  0.782153	  0.784411	  0.786327	  0.788001	  0.789504	  0.790875	  0.792127	   0.79326	  0.794276	  0.795172	  0.795949	  0.796606	  0.797144	  0.797564	  0.797871	  0.798074	   0.79818	  0.798195	  0.798127	  0.797983	  0.797771	    0.7975	  0.797179	  0.796816
   925	     0	         0	         0	         0	         0	         0	         0	         0	         0	         0	         0	         0	         0	         0	         0	         0	         0	   0.00162	0.00323731	0.00497348	0.00686876	 0.0164261	 0.0315901	 0.0536845	 0.0821522	  0.114324	  0.157359	  0.212037	  0.292474	  0.344785	  0.381132	  0.414082	  0.453075	  0.500304	  0.536603	  0.563803	  0.594713	  0.625801	  0.652704	  0.679319	  0.702023	  0.722331	  0.739301	  0.753541	  0.765587	   0.77159	  0.775985	  0.779344	  0.782009	  0.784204	  0.786069	  0.787702	   0.78917	   0.79051	  0.791734	  0.792842	  0.793834	  0.794706	  0.795457	  0.796088	  0.796598	  0.796988	  0.797264	  0.797434	  0.797504	  0.797483	  0.797376	  0.797193	  0.796942	   0.79663	  0.796268	  0.795864
   926	     0	         0	         0	         0	         0	         0	         0	         0	         0	         0	         0	         0	         0	         0	         0	         0	         0	0.00159409	0.00318293	0.00489146	0.00676238	 0.0162184	 0.0312769	  0.053288	 0.0817325	  0.113966	  0.157173	  0.212166	  0.293141	   0.34604	   0.38292	  0.416352	  0.455816	  0.503523	   0.54024	  0.567771	  0.599061	   0.62989	  0.656229	  0.682149	  0.704231	  0.723995	    0.7405	  0.754369	  0.766133	  0.772114	   0.77655	  0.779983	  0.782742	  0.785042	  0.787019	  0.788767	  0.790351	  0.791809	  0.793152	  0.794383	  0.795504	  0.796513	  0.797408	  0.798191	  0.798862	   0.79942	  0.799871	  0.800221	  0.800477	  0.800644	  0.800728	  0.800735	  0.800672	  0.800546	  0.800366	  0.800137
   927	     0	         0	         0	         0	         0	         0	         0	         0	         0	         0	         0	         0	         0	         0	         0	         0	         0	0.00161555	0.00321962	0.00493965	0.00681919	 0.0163423	 0.0314933	 0.0536294	 0.0822254	  0.114624	  0.158058	  0.213359	  0.294817	  0.348007	  0.385132	  0.418692	  0.458283	  0.506127	  0.542938	  0.570502	  0.601824	  0.632346	  0.658262	  0.683771	  0.705476	  0.724912	  0.741156	  0.754812	  0.766395	  0.772319	  0.776711	  0.780103	  0.782823	  0.785083	  0.787021	   0.78873	  0.790278	  0.791701	  0.793012	  0.794214	  0.795308	   0.79629	   0.79716	  0.797919	  0.798564	  0.799097	  0.799521	  0.799843	   0.80007	  0.800205	  0.800255	  0.800227	  0.800127	  0.799962	   0.79974	  0.799468
   928	     0	         0	         0	         0	         0	         0	         0	         0	         0	         0	         0	         0	         0	         0	         0	         0	         0	0.00151372	0.00305954	0.00474857	 0.0066185	 0.0159368	 0.0308332	 0.0526584	 0.0809152	  0.112983	   0.15593	  0.210539	  0.290967	  0.343514	  0.379949	  0.413113	  0.452238	  0.499553	  0.535815	   0.56288	  0.593541	  0.624473	  0.651355	  0.678129	  0.700972	  0.721449	  0.738647	  0.753136	  0.765431	  0.771614	  0.776155	  0.779633	  0.782396	  0.784673	  0.786609	  0.788302	  0.789822	  0.791205	  0.792466	  0.793604	  0.794622	  0.795519	  0.796292	  0.796944	  0.797474	  0.797883	  0.798177	  0.798363	  0.798449	   0.79844	  0.798342	  0.798163	  0.797911	  0.797593	  0.797218	  0.796794
   929	     0	         0	         0	         0	         0	         0	         0	         0	         0	         0	         0	         0	         0	         0	         0	         0	         0	0.00160065	0.00320769	0.00494246	0.00684589	 0.0164192	 0.0316601	 0.0539263	 0.0826809	  0.115237	  0.158795	  0.214138	  0.295571	  0.348551	  0.385389	  0.418641	  0.457862	  0.505284	  0.541644	  0.568738	  0.599496	  0.629821	  0.655837	  0.681669	  0.703715	  0.723514	  0.740139	  0.754156	  0.766063	  0.772159	  0.776668	   0.78014	  0.782911	  0.785205	  0.787163	  0.788884	  0.790435	  0.791857	  0.793162	  0.794351	  0.795425	  0.796383	  0.797224	  0.797947	  0.798554	  0.799045	  0.799423	  0.799697	  0.799874	  0.799958	  0.799956	  0.799875	  0.799722	  0.799504	  0.799231	  0.798909
   930	     0	         0	         0	         0	         0	         0	         0	         0	         0	         0	         0	         0	         0	         0	         0	         0	         0	0.00178342	0.00352469	0.00536513	0.00735146	 0.0175189	  0.033574	 0.0569043	 0.0868896	  0.120702	  0.165876	  0.223254	  0.307489	  0.362003	  0.400345	  0.434275	  0.474286	   0.52272	   0.56016	  0.588234	  0.620302	  0.649295	  0.672679	  0.695442	  0.714624	  0.731803	  0.746122	   0.75815	  0.768354	  0.773832	  0.777946	  0.781147	   0.78372	  0.785858	  0.787689	  0.789301	  0.790759	  0.792099	  0.793333	  0.794461	  0.795482	  0.796394	  0.797194	  0.797882	  0.798456	  0.798917	  0.799269	  0.799519	  0.799674	   0.79974	  0.799723	  0.799631	  0.799473	  0.799255	  0.798988	  0.798679
   931	     0	         0	         0	         0	         0	         0	         0	         0	         0	         0	         0	         0	         0	         0	         0	         0	         0	0.00154036	0.00311492	0.00483527	0.00673868	 0.0162091	  0.031332	 0.0534583	 0.0820662	  0.114488	  0.157828	  0.212823	  0.293698	  0.346429	  0.383148	  0.416601	  0.456122	  0.504036	    0.5411	  0.569119	  0.601048	   0.63234	  0.658791	  0.684618	  0.706395	  0.725726	  0.741775	  0.755201	  0.766564	  0.772206	  0.776374	    0.7796	  0.782198	  0.784367	  0.786234	  0.787882	   0.78937	  0.790729	  0.791967	  0.793082	  0.794074	  0.794942	  0.795682	  0.796297	  0.796788	  0.797156	  0.797406	  0.797548	   0.79759	  0.797539	    0.7974	  0.797184	  0.796897	  0.796549	  0.796148	  0.795702
   932	     0	         0	         0	         0	         0	         0	         0	         0	         0	         0	         0	         0	         0	         0	         0	         0	         0	0.00159409	0.00318293	0.00489146	0.00676238	 0.0162184	 0.0312769	  0.053288	 0.0817325	  0.113966	  0.157173	  0.212166	  0.293141	   0.34604	   0.38292	  0.416352	  0.455816	  0.503523	   0.54024	  0.567771	  0.599061	   0.62989	  0.656229	  0.682149	  0.704231	  0.723995	    0.7405	  0.754369	  0.766133	  0.772114	   0.77655	  0.779983	  0.782742	  0.785042	  0.787019	  0.788767	  0.790351	  0.791809	  0.793152	  0.794383	  0.795504	  0.796513	  0.797408	  0.798191	  0.798862	   0.79942	  0.799871	  0.800221	  0.800477	  0.800644	  0.800728	  0.800735	  0.800672	  0.800546	  0.800366	  0.800137
   933	     0	         0	         0	         0	         0	         0	         0	         0	         0	         0	         0	         0	         0	         0	         0	         0	         0	0.00162912	0.00326615	0.00503516	0.00697823	 0.0167566	 0.0323402	 0.0551384	  0.084625	  0.118075	  0.162882	  0.219916	  0.303972	  0.358926	  0.397717	  0.432636	  0.473717	  0.523383	  0.562046	  0.591421	  0.624967	  0.654723	  0.678123	  0.700501	  0.719096	   0.73558	  0.749216	  0.760636	  0.770338	  0.775543	  0.779511	  0.782659	  0.785243	  0.787437	   0.78935	  0.791058	  0.792615	  0.794051	  0.795372	  0.796581	  0.797674	  0.798651	  0.799509	  0.800249	  0.800872	  0.801378	  0.801773	  0.802065	   0.80226	  0.802366	  0.802387	  0.802333	  0.802209	  0.802025	  0.801788	  0.801507
   934	     0	         0	         0	         0	         0	         0	         0	         0	         0	         0	         0	         0	         0	         0	         0	         0	         0	0.00160353	 0.0031992	0.00490954	0.00677547	 0.0161912	 0.0311311	 0.0528906	 0.0809106	  0.112549	  0.154841	  0.208498	  0.287304	  0.338481	  0.373884	    0.4061	  0.444264	  0.490485	  0.525901	  0.552359	  0.582379	  0.614151	  0.642558	   0.67095	  0.695386	  0.717295	   0.73564	  0.751038	  0.764053	  0.770476	   0.77516	  0.778733	  0.781569	  0.783906	  0.785897	  0.787644	  0.789218	   0.79066	  0.791982	  0.793187	  0.794275	  0.795246	  0.796099	  0.796834	  0.797454	  0.797958	  0.798351	  0.798642	  0.798838	  0.798945	  0.798968	  0.798916	  0.798796	  0.798614	   0.79838	  0.798101
   935	     0	         0	         0	         0	         0	         0	         0	         0	         0	         0	         0	         0	         0	         0	         0	         0	         0	0.00163478	0.00327687	0.00505019	0.00699641	 0.0167781	 0.0323493	 0.0550948	  0.084463	  0.117708	  0.162143	  0.218548	  0.301478	  0.355403	  0.393177	  0.427153	  0.467177	    0.5156	  0.553018	  0.581164	  0.613248	  0.643146	  0.667676	  0.691567	    0.7117	  0.729681	  0.744685	  0.757316	  0.768074	  0.773733	  0.778005	  0.781363	  0.784097	  0.786402	  0.788399	  0.790175	  0.791789	  0.793273	  0.794638	  0.795884	  0.797013	  0.798022	  0.798912	  0.799682	  0.800335	  0.800872	  0.801299	  0.801624	  0.801854	  0.801995	  0.802055	   0.80204	  0.801958	  0.801817	  0.801624	  0.801389
   936	     0	         0	         0	         0	         0	         0	         0	         0	         0	         0	         0	         0	         0	         0	         0	         0	         0	0.00157717	0.00316915	0.00489585	0.00679815	 0.0163416	 0.0315747	 0.0538753	 0.0827213	  0.115423	  0.159171	  0.214708	  0.296408	   0.34954	  0.386524	  0.419922	  0.459267	  0.506852	  0.543428	  0.570728	  0.601759	  0.632021	  0.657777	  0.683254	  0.704943	  0.724399	  0.740716	  0.754481	  0.766198	  0.772263	  0.776791	  0.780312	  0.783153	  0.785526	   0.78757	  0.789377	  0.791011	  0.792511	  0.793889	  0.795148	  0.796292	   0.79732	  0.798233	  0.799031	  0.799717	   0.80029	  0.800757	  0.801123	  0.801396	   0.80158	  0.801681	  0.801705	  0.801658	  0.801546	  0.801377	  0.801156
   937	     0	         0	         0	         0	         0	         0	         0	         0	         0	         0	         0	         0	         0	         0	         0	         0	         0	0.00160325	0.00321025	0.00494446	 0.0068479	 0.0164234	 0.0316746	 0.0539589	   0.08274	  0.115329	  0.158936	  0.214353	  0.295852	  0.348969	   0.38601	  0.419489	  0.458968	  0.506674	  0.543311	  0.570704	  0.601807	   0.63215	  0.657942	  0.683395	  0.705106	  0.724609	  0.740981	  0.754809	  0.766593	  0.772698	  0.777264	  0.780819	  0.783688	  0.786084	  0.788146	  0.789967	  0.791613	  0.793123	  0.794508	  0.795773	   0.79692	  0.797948	  0.798858	   0.79965	  0.800328	  0.800891	  0.801346	  0.801701	  0.801962	  0.802135	  0.802226	  0.802242	  0.802191	  0.802081	  0.801918	   0.80171
   938	     0	         0	         0	         0	         0	         0	         0	         0	         0	         0	         0	         0	         0	         0	         0	         0	         0	0.00160005	0.00321881	0.00497527	 0.0069091	 0.0165754	 0.0319728	 0.0544507	 0.0834448	  0.116216	   0.15993	  0.215272	  0.296461	  0.349064	  0.385596	  0.418605	  0.457594	  0.504855	  0.541219	  0.568461	  0.599504	  0.630103	  0.656223	  0.681973	  0.703892	  0.723517	  0.739925	  0.753729	  0.765459	  0.771423	  0.775851	  0.779282	  0.782041	  0.784338	  0.786309	  0.788045	  0.789609	  0.791037	   0.79234	   0.79352	  0.794577	  0.795513	  0.796326	  0.797019	  0.797592	  0.798049	  0.798394	  0.798636	  0.798784	  0.798842	  0.798818	   0.79872	  0.798555	   0.79833	  0.798055	  0.797735
   939	     0	         0	         0	         0	         0	         0	         0	         0	         0	         0	         0	         0	         0	         0	         0	         0	         0	0.00151372	0.00305954	0.00474857	 0.0066185	 0.0159368	 0.0308332	 0.0526584	 0.0809152	  0.112983	   0.15593	  0.210539	  0.290967	  0.343514	  0.379949	  0.413113	  0.452238	  0.499553	  0.535815	   0.56288	  0.593541	  0.624473	  0.651355	  0.678129	  0.700972	  0.721449	  0.738647	  0.753136	  0.765431	  0.771614	  0.776155	  0.779633	  0.782396	  0.784673	  0.786609	  0.788302	  0.789822	  0.791205	  0.792466	  0.793604	  0.794622	  0.795519	  0.796292	  0.796944	  0.797474	  0.797883	  0.798177	  0.798363	  0.798449	   0.79844	  0.798342	  0.798163	  0.797911	  0.797593	  0.797218	  0.796794
   940	     0	         0	         0	         0	         0	         0	         0	         0	         0	         0	         0	         0	         0	         0	         0	         0	         0	0.00153712	0.00308748	0.00476847	0.00662035	 0.0159085	 0.0307368	 0.0524405	 0.0805192	  0.112364	  0.155038	   0.20932	  0.289222	  0.341479	  0.377766	  0.410845	  0.449913	  0.497164	  0.533496	   0.56075	  0.591701	  0.623142	  0.650509	  0.677578	  0.700698	   0.72137	  0.738626	  0.753101	  0.765348	  0.771446	  0.775927	  0.779369	   0.78212	  0.784402	  0.786358	  0.788083	  0.789641	  0.791071	  0.792386	  0.793587	  0.794675	   0.79565	   0.79651	  0.797256	  0.797888	  0.798406	  0.798814	   0.79912	   0.79933	  0.799449	  0.799482	  0.799436	  0.799318	  0.799135	  0.798895	  0.798603
   941	     0	         0	         0	         0	         0	         0	         0	         0	         0	         0	         0	         0	         0	         0	         0	         0	         0	0.00163976	0.00327664	0.00503636	0.00696126	 0.0166933	 0.0321726	 0.0547914	  0.084015	  0.117137	  0.161523	  0.218055	  0.301404	  0.355837	  0.394118	  0.428563	  0.469142	  0.518209	  0.556248	  0.584989	  0.617749	  0.647688	  0.671877	  0.695285	  0.714893	  0.732337	  0.746824	  0.758964	  0.769254	  0.774645	  0.778687	   0.78184	  0.784386	  0.786516	  0.788351	  0.789975	  0.791448	  0.792804	  0.794052	  0.795192	  0.796223	  0.797142	  0.797947	  0.798636	  0.799209	  0.799666	  0.800011	  0.800252	  0.800395	  0.800446	  0.800411	  0.800298	  0.800114	  0.799867	  0.799565	  0.799218
   942	     0	         0	         0	         0	         0	         0	         0	         0	         0	         0	         0	         0	         0	         0	         0	         0	         0	0.00165275	0.00328444	0.00502416	0.00691515	 0.0165018	  0.031688	 0.0537827	 0.0822089	  0.114281	  0.157153	  0.211584	  0.291524	  0.343402	  0.379366	  0.411859	  0.450301	  0.496786	  0.532286	   0.55866	  0.588557	  0.619432	  0.646732	  0.674061	  0.697636	   0.71889	  0.736777	  0.751866	  0.764672	  0.771151	  0.775914	  0.779561	  0.782458	  0.784846	  0.786878	  0.788659	  0.790263	  0.791733	  0.793082	  0.794315	  0.795433	  0.796434	   0.79732	   0.79809	  0.798745	  0.799285	  0.799716	  0.800044	  0.800278	  0.800422	  0.800482	  0.800467	  0.800382	  0.800237	  0.800038	  0.799794
   943	     0	         0	         0	         0	         0	         0	         0	         0	         0	         0	         0	         0	         0	         0	         0	         0	         0	0.00158035	0.00316376	 0.0048699	0.00673888	 0.0161362	 0.0310762	 0.0528684	 0.0809664	   0.11273	  0.155206	  0.209141	  0.288405	   0.33999	    0.3757	  0.408184	  0.446619	  0.493132	  0.528732	  0.555302	  0.585411	  0.616882	  0.644825	   0.67276	   0.69678	  0.718351	  0.736467	  0.751719	  0.764645	  0.771093	   0.77582	  0.779436	  0.782312	  0.784685	  0.786706	   0.78848	  0.790077	  0.791538	  0.792877	  0.794095	  0.795195	  0.796176	  0.797037	   0.79778	  0.798405	  0.798914	  0.799313	   0.79961	  0.799812	  0.799926	  0.799959	  0.799918	  0.799811	  0.799647	  0.799433	  0.799177
   944	     0	         0	         0	         0	         0	         0	         0	         0	         0	         0	         0	         0	         0	         0	         0	         0	         0	 0.0016149	0.00323374	0.00497717	0.00688531	   0.01649	  0.031753	 0.0540217	 0.0827528	  0.115266	  0.158777	  0.214084	  0.295498	  0.348549	  0.385587	  0.419153	  0.458821	  0.506864	  0.543975	  0.571951	  0.603809	  0.634689	  0.660676	  0.686065	  0.707517	  0.726611	  0.742489	  0.755784	  0.767037	  0.772696	   0.77688	  0.780113	   0.78271	  0.784873	  0.786732	  0.788374	   0.78986	  0.791225	  0.792476	  0.793613	  0.794633	  0.795534	  0.796314	  0.796972	  0.797508	  0.797924	  0.798224	  0.798418	  0.798512	  0.798514	  0.798431	  0.798271	  0.798041	  0.797753	  0.797413	   0.79703
   945	     0	         0	         0	         0	         0	         0	         0	         0	         0	         0	         0	         0	         0	         0	         0	         0	         0	0.00165106	0.00330661	0.00509209	0.00704958	 0.0169156	 0.0326209	 0.0555743	  0.085232	  0.118837	  0.163816	  0.221022	   0.30527	  0.360201	  0.398886	   0.43356	  0.474374	  0.523771	  0.562198	  0.591325	  0.624642	  0.654203	   0.67751	  0.699863	  0.718467	  0.734976	  0.748625	  0.760032	  0.769694	  0.774859	  0.778764	  0.781837	  0.784338	  0.786444	  0.788269	  0.789891	  0.791365	  0.792725	  0.793977	  0.795121	  0.796156	  0.797078	  0.797886	  0.798578	  0.799155	  0.799617	  0.799969	  0.800217	   0.80037	  0.800433	  0.800412	  0.800316	  0.800152	  0.799927	  0.799651	  0.799332
   946	     0	         0	         0	         0	         0	         0	         0	         0	         0	         0	         0	         0	         0	         0	         0	         0	         0	0.00160181	0.00321798	 0.0049684	0.00689329	 0.0165549	 0.0319521	 0.0544671	 0.0835686	  0.116549	  0.160686	   0.21679	  0.299405	  0.353242	  0.390885	  0.424839	  0.464862	  0.513302	  0.550733	  0.578898	  0.610994	  0.641133	  0.666014	  0.690292	   0.71076	  0.729022	  0.744239	  0.757017	  0.767859	  0.773475	  0.777666	  0.780925	   0.78355	  0.785741	  0.787624	  0.789286	   0.79079	  0.792169	  0.793434	  0.794585	  0.795622	  0.796542	  0.797345	   0.79803	  0.798597	  0.799048	  0.799386	   0.79962	  0.799757	  0.799803	  0.799764	  0.799648	  0.799462	  0.799214	  0.798913	  0.798567
   947	     0	         0	         0	         0	         0	         0	         0	         0	         0	         0	         0	         0	         0	         0	         0	         0	         0	0.00158542	0.00318215	 0.0049083	0.00680346	 0.0163267	 0.0314923	 0.0536587	   0.08231	  0.114795	  0.158335	  0.213771	  0.295508	  0.349011	  0.386495	  0.420582	  0.460857	  0.509654	  0.547579	  0.576427	  0.609364	  0.640577	  0.666289	  0.691067	  0.711781	  0.730064	  0.745127	  0.757651	  0.768199	  0.773426	  0.777284	  0.780267	  0.782671	  0.784682	  0.786417	  0.787957	  0.789355	  0.790644	  0.791827	  0.792903	  0.793867	  0.794715	  0.795443	  0.796052	  0.796539	  0.796905	  0.797155	  0.797297	  0.797339	  0.797287	  0.797147	   0.79693	  0.796644	  0.796296	  0.795897	  0.795455
   948	     0	         0	         0	         0	         0	         0	         0	         0	         0	         0	         0	         0	         0	         0	         0	         0	         0	0.00159409	0.00318293	0.00489146	0.00676238	 0.0162184	 0.0312769	  0.053288	 0.0817325	  0.113966	  0.157173	  0.212166	  0.293141	   0.34604	   0.38292	  0.416352	  0.455816	  0.503523	   0.54024	  0.567771	  0.599061	   0.62989	  0.656229	  0.682149	  0.704231	  0.723995	    0.7405	  0.754369	  0.766133	  0.772114	   0.77655	  0.779983	  0.782742	  0.785042	  0.787019	  0.788767	  0.790351	  0.791809	  0.793152	  0.794383	  0.795504	  0.796513	  0.797408	  0.798191	  0.798862	   0.79942	  0.799871	  0.800221	  0.800477	  0.800644	  0.800728	  0.800735	  0.800672	  0.800546	  0.800366	  0.800137
   949	     0	         0	         0	         0	         0	         0	         0	         0	         0	         0	         0	         0	         0	         0	         0	         0	         0	0.00158431	0.00317663	0.00490049	0.00679853	 0.0163354	 0.0315619	 0.0538516	  0.082686	   0.11538	  0.159144	  0.214756	  0.296548	  0.349913	  0.387176	  0.420864	  0.460529	  0.508445	  0.545334	  0.572973	  0.604404	  0.634733	  0.660293	  0.685409	   0.70677	  0.725925	  0.741968	  0.755507	  0.767052	  0.773075	  0.777612	  0.781174	  0.784073	  0.786517	  0.788637	  0.790522	  0.792235	   0.79381	  0.795264	  0.796598	  0.797816	   0.79892	   0.79991	  0.800788	  0.801555	  0.802214	  0.802768	  0.803226	  0.803593	  0.803874	  0.804075	  0.804201	  0.804258	  0.804252	  0.804191	  0.804081
   950	     0	         0	         0	         0	         0	         0	         0	         0	         0	         0	         0	         0	         0	         0	         0	         0	         0	0.00165323	0.00330575	0.00508271	0.00702592	 0.0168351	 0.0324252	 0.0551866	 0.0845715	  0.117849	  0.162392	  0.219044	  0.302491	  0.356867	  0.395103	  0.429489	   0.47002	  0.519083	  0.557178	  0.586017	  0.618942	  0.648914	  0.672996	  0.696205	  0.715577	  0.732766	  0.747004	  0.758919	  0.769017	  0.774295	  0.778263	   0.78137	  0.783894	  0.786015	   0.78785	  0.789479	   0.79096	  0.792323	  0.793577	  0.794719	  0.795748	  0.796659	  0.797451	  0.798124	  0.798676	  0.799109	  0.799429	  0.799643	   0.79976	  0.799786	  0.799727	  0.799593	  0.799391	  0.799131	   0.79882	  0.798469
   951	     0	         0	         0	         0	         0	         0	         0	         0	         0	         0	         0	         0	         0	         0	         0	         0	         0	0.00154112	 0.0030955	 0.0047815	0.00663996	 0.0159774	 0.0308978	  0.052768	 0.0811006	  0.113282	  0.156453	   0.21144	  0.292524	  0.345609	  0.382603	  0.416221	  0.455846	  0.503726	  0.540573	  0.568198	  0.599547	  0.630393	  0.656712	  0.682666	  0.704695	  0.724379	  0.740835	   0.75467	  0.766406	  0.772351	  0.776751	  0.780148	  0.782871	  0.785135	  0.787078	  0.788793	  0.790345	   0.79177	  0.793081	   0.79428	  0.795367	   0.79634	  0.797198	  0.797942	   0.79857	  0.799084	  0.799488	  0.799788	  0.799992	  0.800106	  0.800133	  0.800081	  0.799958	   0.79977	  0.799525	  0.799231
   952	     0	         0	         0	         0	         0	         0	         0	         0	         0	         0	         0	         0	         0	         0	         0	         0	         0	0.00152226	0.00307379	0.00476796	0.00664347	 0.0159968	  0.030955	 0.0528721	 0.0812479	  0.113445	   0.15655	   0.21133	  0.291945	  0.344623	  0.381213	  0.414533	  0.453868	  0.501495	  0.538175	  0.565737	   0.59708	  0.628197	  0.654842	  0.681067	  0.703344	  0.723234	  0.739828	  0.753758	  0.765566	  0.771484	  0.775852	  0.779221	   0.78192	  0.784163	  0.786084	  0.787776	  0.789301	  0.790695	   0.79197	  0.793126	  0.794163	  0.795082	  0.795881	  0.796561	  0.797123	  0.797568	  0.797902	  0.798133	  0.798269	  0.798315	  0.798278	  0.798166	  0.797986	  0.797747	  0.797456	  0.797121
   953	     0	         0	         0	         0	         0	         0	         0	         0	         0	         0	         0	         0	         0	         0	         0	         0	         0	0.00156691	0.00314603	0.00485565	0.00673593	 0.0161716	 0.0312146	 0.0532128	 0.0816511	  0.113885	  0.157055	  0.211944	  0.292749	  0.345495	    0.3822	  0.415542	  0.454903	  0.502519	  0.539164	  0.566654	  0.597894	  0.628859	  0.655389	  0.681534	   0.70377	   0.72364	  0.740227	  0.754153	  0.765953	  0.771889	  0.776269	  0.779645	  0.782348	  0.784594	  0.786519	  0.788216	  0.789749	  0.791153	   0.79244	  0.793612	  0.794667	  0.795606	  0.796425	  0.797126	  0.797709	  0.798173	  0.798525	  0.798772	  0.798919	  0.798974	  0.798941	  0.798828	  0.798642	  0.798391	  0.798082	  0.797724
   954	     0	         0	         0	         0	         0	         0	         0	         0	         0	         0	         0	         0	         0	         0	         0	         0	         0	0.00151372	0.00305954	0.00474857	 0.0066185	 0.0159368	 0.0308332	 0.0526584	 0.0809152	  0.112983	   0.15593	  0.210539	  0.290967	  0.343514	  0.379949	  0.413113	  0.452238	  0.499553	  0.535815	   0.56288	  0.593541	  0.624473	  0.651355	  0.678129	  0.700972	  0.721449	  0.738647	  0.753136	  0.765431	  0.771614	  0.776155	  0.779633	  0.782396	  0.784673	  0.786609	  0.788302	  0.789822	  0.791205	  0.792466	  0.793604	  0.794622	  0.795519	  0.796292	  0.796944	  0.797474	  0.797883	  0.798177	  0.798363	  0.798449	   0.79844	  0.798342	  0.798163	  0.797911	  0.797593	  0.797218	  0.796794
   955	     0	         0	         0	         0	         0	         0	         0	         0	         0	         0	         0	         0	         0	         0	         0	         0	         0	0.00159554	0.00320631	0.00495394	0.00687983	 0.0165292	 0.0319279	 0.0544517	 0.0835592	  0.116518	  0.160547	  0.216361	  0.298342	   0.35156	  0.388613	     0.422	  0.461344	  0.508968	  0.545634	  0.573074	  0.604342	  0.634516	  0.659965	  0.685015	  0.706309	  0.725397	  0.741367	  0.754821	   0.76627	  0.772205	  0.776643	  0.780102	  0.782896	  0.785233	  0.787246	  0.789025	  0.790633	  0.792106	  0.793458	  0.794691	  0.795809	  0.796811	  0.797698	  0.798471	  0.799132	  0.799682	  0.800127	  0.800472	  0.800727	  0.800894	  0.800981	  0.800993	  0.800937	  0.800821	   0.80065	  0.800432
   956	     0	         0	         0	         0	         0	         0	         0	         0	         0	         0	         0	         0	         0	         0	         0	         0	         0	0.00151372	0.00305954	0.00474857	 0.0066185	 0.0159368	 0.0308332	 0.0526584	 0.0809152	  0.112983	   0.15593	  0.210539	  0.290967	  0.343514	  0.379949	  0.413113	  0.452238	  0.499553	  0.535815	   0.56288	  0.593541	  0.624473	  0.651355	  0.678129	  0.700972	  0.721449	  0.738647	  0.753136	  0.765431	  0.771614	  0.776155	  0.779633	  0.782396	  0.784673	  0.786609	  0.788302	  0.789822	  0.791205	  0.792466	  0.793604	  0.794622	  0.795519	  0.796292	  0.796944	  0.797474	  0.797883	  0.798177	  0.798363	  0.798449	   0.79844	  0.798342	  0.798163	  0.797911	  0.797593	  0.797218	  0.796794
   957	     0	         0	         0	         0	         0	         0	         0	         0	         0	         0	         0	         0	         0	         0	         0	         0	         0	0.00159409	0.00318293	0.00489146	0.00676238	 0.0162184	 0.0312769	  0.053288	 0.0817325	  0.113966	  0.157173	  0.212166	  0.293141	   0.34604	   0.38292	  0.416352	  0.455816	  0.503523	   0.54024	  0.567771	  0.599061	   0.62989	  0.656229	  0.682149	  0.704231	  0.723995	    0.7405	  0.754369	  0.766133	  0.772114	   0.77655	  0.779983	  0.782742	  0.785042	  0.787019	  0.788767	  0.790351	  0.791809	  0.793152	  0.794383	  0.795504	  0.796513	  0.797408	  0.798191	  0.798862	   0.79942	  0.799871	  0.800221	  0.800477	  0.800644	  0.800728	  0.800735	  0.800672	  0.800546	  0.800366	  0.800137
   958	     0	         0	         0	         0	         0	         0	         0	         0	         0	         0	         0	         0	         0	         0	         0	         0	         0	0.00165655	0.00331581	0.00510338	0.00706135	 0.0169248	 0.0326123	 0.0555151	 0.0850772	  0.118536	  0.163279	   0.22012	  0.303751	  0.358134	  0.396269	  0.430447	  0.470718	  0.519481	  0.557258	  0.585737	  0.618276	  0.647874	  0.671721	  0.694797	  0.714144	  0.731381	  0.745688	  0.757677	  0.767844	  0.773198	  0.777214	  0.780347	  0.782877	  0.784989	  0.786804	  0.788404	   0.78985	  0.791172	  0.792382	  0.793479	  0.794462	  0.795328	  0.796076	  0.796706	  0.797219	  0.797614	  0.797897	  0.798076	  0.798157	  0.798149	  0.798056	  0.797888	  0.797652	  0.797357	   0.79701	  0.796622
   959	     0	         0	         0	         0	         0	         0	         0	         0	         0	         0	         0	         0	         0	         0	         0	         0	         0	0.00156349	 0.0031405	0.00484923	0.00672983	 0.0161612	 0.0312016	 0.0531992	 0.0816334	  0.113853	  0.156974	   0.21176	   0.29237	  0.344918	  0.381441	  0.414594	  0.453719	  0.501045	  0.537407	  0.564624	  0.595524	  0.626511	  0.653295	  0.679834	  0.702462	   0.72272	  0.739684	  0.753957	  0.766066	  0.772177	  0.776693	  0.780176	  0.782968	  0.785289	  0.787281	  0.789039	  0.790629	  0.792088	   0.79343	  0.794656	  0.795766	   0.79676	  0.797636	  0.798395	  0.799038	  0.799566	  0.799983	  0.800297	  0.800515	  0.800643	  0.800686	  0.800652	  0.800548	  0.800381	  0.800159	  0.799889
   960	     0	         0	         0	         0	         0	         0	         0	         0	         0	         0	         0	         0	         0	         0	         0	         0	         0	0.00164415	0.00327375	  0.005016	0.00691365	  0.016511	 0.0317283	 0.0538846	 0.0824121	  0.114627	    0.1577	  0.212411	  0.292815	   0.34509	  0.381451	   0.41434	  0.453221	  0.500225	   0.53623	  0.563102	  0.593568	  0.624418	  0.651273	  0.677962	  0.700828	  0.721367	  0.738617	   0.75316	  0.765514	  0.771764	  0.776378	   0.77993	  0.782767	  0.785117	  0.787125	  0.788893	  0.790488	  0.791949	  0.793291	  0.794515	  0.795621	  0.796608	  0.797474	  0.798222	  0.798851	  0.799363	  0.799763	  0.800059	  0.800259	  0.800369	  0.800396	  0.800347	  0.800231	  0.800055	  0.799828	  0.799558
   961	     0	         0	         0	         0	         0	         0	         0	         0	         0	         0	         0	         0	         0	         0	         0	         0	         0	0.00149387	0.00302248	0.00469564	 0.0065507	 0.0157789	 0.0305434	 0.0521832	 0.0802042	  0.112002	   0.15456	  0.208602	  0.288095	  0.340036	  0.376034	  0.408976	  0.447903	  0.495061	  0.531362	  0.558647	  0.589624	  0.621368	  0.649089	  0.676531	  0.699897	  0.720739	  0.738145	  0.752754	  0.765128	  0.771249	   0.77575	  0.779213	  0.781987	  0.784292	  0.786268	  0.788009	  0.789579	  0.791014	  0.792326	  0.793516	  0.794584	   0.79553	  0.796355	  0.797059	  0.797644	  0.798111	  0.798468	  0.798722	  0.798882	  0.798953	  0.798941	  0.798856	  0.798704	  0.798494	  0.798232	  0.797928
   962	     0	         0	         0	         0	         0	         0	         0	         0	         0	         0	         0	         0	         0	         0	         0	         0	         0	0.00160383	 0.0032234	0.00497801	 0.0069075	 0.0165826	 0.0319958	 0.0545217	 0.0836211	   0.11658	  0.160662	  0.216659	  0.299077	  0.352741	  0.390253	  0.424126	  0.464091	   0.51251	  0.549987	  0.578269	  0.610539	  0.640898	  0.665934	  0.690279	   0.71077	  0.729013	  0.744172	  0.756873	  0.767636	  0.773161	  0.777278	  0.780476	  0.783052	  0.785202	  0.787049	  0.788679	   0.79015	  0.791497	  0.792729	  0.793845	  0.794845	  0.795727	  0.796489	  0.797133	  0.797658	  0.798065	   0.79836	  0.798551	  0.798645	  0.798649	   0.79857	  0.798415	  0.798193	  0.797912	  0.797581	  0.797208
   963	     0	         0	         0	         0	         0	         0	         0	         0	         0	         0	         0	         0	         0	         0	         0	         0	         0	0.00158035	0.00316376	 0.0048699	0.00673888	 0.0161362	 0.0310762	 0.0528684	 0.0809664	   0.11273	  0.155206	  0.209141	  0.288405	   0.33999	    0.3757	  0.408184	  0.446619	  0.493132	  0.528732	  0.555302	  0.585411	  0.616882	  0.644825	   0.67276	   0.69678	  0.718351	  0.736467	  0.751719	  0.764645	  0.771093	   0.77582	  0.779436	  0.782312	  0.784685	  0.786706	   0.78848	  0.790077	  0.791538	  0.792877	  0.794095	  0.795195	  0.796176	  0.797037	   0.79778	  0.798405	  0.798914	  0.799313	   0.79961	  0.799812	  0.799926	  0.799959	  0.799918	  0.799811	  0.799647	  0.799433	  0.799177
   964	     0	         0	         0	         0	         0	         0	         0	         0	         0	         0	         0	         0	         0	         0	         0	         0	         0	  0.001578	0.00315234	0.00484283	0.00668962	 0.0160068	 0.0308044	 0.0523845	 0.0802136	  0.111692	  0.153855	   0.20748	  0.286394	  0.337864	  0.373527	  0.406061	  0.444583	  0.491185	  0.526889	  0.553581	   0.58381	  0.615589	   0.64389	  0.672154	  0.696436	  0.718194	  0.736423	  0.751728	  0.764664	  0.771045	  0.775694	  0.779234	  0.782038	  0.784344	  0.786305	  0.788022	  0.789568	  0.790982	  0.792277	  0.793455	  0.794516	  0.795458	   0.79628	  0.796982	  0.797565	  0.798029	   0.79838	  0.798624	   0.79877	  0.798822	  0.798788	  0.798676	  0.798492	  0.798245	  0.797943	  0.797595
   965	     0	         0	         0	         0	         0	         0	         0	         0	         0	         0	         0	         0	         0	         0	         0	         0	         0	0.00155437	0.00312933	0.00484163	  0.006731	 0.0161902	  0.031298	 0.0534244	 0.0820631	  0.114558	  0.158071	  0.213381	  0.294823	  0.348019	  0.385156	  0.418894	  0.458686	  0.506848	  0.544086	  0.572175	  0.604167	  0.635102	   0.66109	  0.686466	   0.70789	  0.726953	  0.742812	  0.756108	  0.767383	  0.773104	  0.777368	  0.780692	  0.783386	  0.785649	  0.787609	  0.789351	  0.790934	  0.792393	  0.793737	  0.794966	   0.79608	  0.797078	  0.797959	  0.798723	  0.799371	  0.799904	  0.800327	  0.800648	  0.800874	  0.801011	  0.801064	  0.801041	  0.800949	  0.800795	  0.800587	  0.800332
   966	     0	         0	         0	         0	         0	         0	         0	         0	         0	         0	         0	         0	         0	         0	         0	         0	         0	0.00164415	0.00327375	  0.005016	0.00691365	  0.016511	 0.0317283	 0.0538846	 0.0824121	  0.114627	    0.1577	  0.212411	  0.292815	   0.34509	  0.381451	   0.41434	  0.453221	  0.500225	   0.53623	  0.563102	  0.593568	  0.624418	  0.651273	  0.677962	  0.700828	  0.721367	  0.738617	   0.75316	  0.765514	  0.771764	  0.776378	   0.77993	  0.782767	  0.785117	  0.787125	  0.788893	  0.790488	  0.791949	  0.793291	  0.794515	  0.795621	  0.796608	  0.797474	  0.798222	  0.798851	  0.799363	  0.799763	  0.800059	  0.800259	  0.800369	  0.800396	  0.800347	  0.800231	  0.800055	  0.799828	  0.799558
   967	     0	         0	         0	         0	         0	         0	         0	         0	         0	         0	         0	         0	         0	         0	         0	         0	         0	0.00156233	0.00312816	0.00481834	0.00667432	 0.0160199	 0.0309185	 0.0527096	  0.080883	   0.11282	  0.155623	  0.210084	  0.290271	  0.342635	  0.379007	  0.412066	  0.451094	  0.498265	  0.534439	  0.561456	  0.592083	  0.623141	  0.650216	  0.677123	  0.700156	   0.72082	  0.738148	  0.752737	  0.765116	  0.771359	  0.775961	  0.779498	  0.782322	  0.784659	  0.786656	   0.78841	  0.789992	  0.791439	  0.792766	  0.793976	  0.795071	  0.796049	  0.796912	  0.797659	  0.798291	   0.79881	  0.799218	  0.799526	  0.799737	   0.79986	  0.799897	  0.799858	  0.799749	  0.799576	  0.799349	  0.799073
   968	     0	         0	         0	         0	         0	         0	         0	         0	         0	         0	         0	         0	         0	         0	         0	         0	         0	0.00165797	0.00331273	  0.005089	0.00702807	 0.0168274	 0.0323838	 0.0550739	 0.0843417	  0.117456	  0.161774	  0.218124	    0.3011	  0.355077	  0.392838	  0.426771	  0.466828	  0.515353	  0.552864	  0.581078	  0.613268	  0.643176	  0.667684	  0.691528	  0.711585	  0.729461	  0.744319	  0.756763	  0.767295	  0.772734	  0.776768	  0.779883	  0.782373	  0.784436	  0.786196	  0.787743	  0.789136	  0.790412	  0.791579	  0.792636	  0.793581	  0.794409	  0.795119	   0.79571	  0.796181	  0.796532	  0.796768	  0.796898	  0.796929	  0.796867	   0.79672	  0.796497	  0.796205	  0.795855	  0.795454	  0.795013
   969	     0	         0	         0	         0	         0	         0	         0	         0	         0	         0	         0	         0	         0	         0	         0	         0	         0	0.00158107	0.00316322	0.00486887	0.00673984	 0.0161594	 0.0311608	  0.053077	 0.0813772	  0.113412	  0.156287	  0.210765	  0.290868	  0.343011	   0.37911	    0.4118	  0.450387	  0.497005	  0.532562	  0.558914	  0.588746	  0.619453	  0.646588	  0.673824	  0.697303	  0.718488	  0.736355	  0.751455	  0.764291	  0.770823	  0.775635	  0.779325	  0.782259	  0.784677	  0.786734	  0.788536	  0.790155	  0.791634	  0.792989	  0.794224	  0.795342	  0.796344	  0.797229	     0.798	  0.798656	  0.799198	  0.799632	  0.799964	  0.800202	   0.80035	  0.800414	  0.800401	  0.800317	   0.80017	  0.799966	  0.799714
   970	     0	         0	         0	         0	         0	         0	         0	         0	         0	         0	         0	         0	         0	         0	         0	         0	         0	0.00163386	0.00326053	0.00500422	0.00690639	 0.0165162	 0.0317658	 0.0539924	 0.0826426	  0.115038	  0.158389	  0.213506	  0.294625	  0.347468	  0.384343	  0.417731	    0.4572	  0.504976	  0.541809	  0.569521	  0.601039	  0.631991	  0.658287	  0.684088	   0.70595	  0.725439	  0.741677	  0.755288	  0.766806	  0.772576	  0.776827	  0.780101	  0.782721	  0.784898	  0.786764	  0.788412	  0.789905	  0.791279	  0.792543	  0.793696	  0.794735	  0.795657	   0.79646	  0.797144	  0.797708	  0.798152	  0.798482	  0.798707	  0.798833	  0.798869	  0.798819	  0.798693	    0.7985	  0.798248	  0.797946	  0.797602
   971	     0	         0	         0	         0	         0	         0	         0	         0	         0	         0	         0	         0	         0	         0	         0	         0	         0	0.00156416	 0.0031189	0.00478576	0.00660605	 0.0158205	 0.0304681	 0.0518518	 0.0794577	  0.110717	  0.152649	  0.206059	   0.28473	  0.336181	  0.371782	  0.404287	  0.442766	  0.489289	   0.52487	  0.551411	  0.581442	  0.613272	   0.64177	  0.670296	  0.694811	  0.716779	  0.735183	  0.750622	   0.76365	  0.770028	  0.774641	  0.778126	  0.780866	  0.783105	  0.784999	  0.786654	  0.788144	  0.789511	  0.790767	  0.791915	  0.792952	  0.793877	  0.794687	   0.79538	  0.795956	  0.796414	   0.79676	     0.797	  0.797141	  0.797189	  0.797149	  0.797031	  0.796841	  0.796587	  0.796278	  0.795922
   972	     0	         0	         0	         0	         0	         0	         0	         0	         0	         0	         0	         0	         0	         0	         0	         0	         0	0.00159409	0.00318293	0.00489146	0.00676238	 0.0162184	 0.0312769	  0.053288	 0.0817325	  0.113966	  0.157173	  0.212166	  0.293141	   0.34604	   0.38292	  0.416352	  0.455816	  0.503523	   0.54024	  0.567771	  0.599061	   0.62989	  0.656229	  0.682149	  0.704231	  0.723995	    0.7405	  0.754369	  0.766133	  0.772114	   0.77655	  0.779983	  0.782742	  0.785042	  0.787019	  0.788767	  0.790351	  0.791809	  0.793152	  0.794383	  0.795504	  0.796513	  0.797408	  0.798191	  0.798862	   0.79942	  0.799871	  0.800221	  0.800477	  0.800644	  0.800728	  0.800735	  0.800672	  0.800546	  0.800366	  0.800137
   973	     0	         0	         0	         0	         0	         0	         0	         0	         0	         0	         0	         0	         0	         0	         0	         0	         0	0.00157807	0.00317469	0.00490848	0.00681962	 0.0163909	  0.031664	 0.0540107	 0.0829036	  0.115644	  0.159432	  0.215027	  0.296808	  0.350021	   0.38703	  0.420454	  0.459863	  0.507557	  0.544219	  0.571621	  0.602787	  0.633041	   0.65867	  0.683966	  0.705459	   0.72472	  0.740854	  0.754446	     0.766	  0.771937	  0.776348	   0.77976	  0.782496	  0.784769	  0.786715	  0.788428	  0.789972	  0.791384	  0.792677	  0.793852	   0.79491	  0.795851	  0.796672	  0.797376	  0.797963	  0.798434	  0.798794	  0.799053	  0.799216	   0.79929	  0.799282	  0.799198	  0.799046	  0.798835	  0.798571	  0.798263
   974	     0	         0	         0	         0	         0	         0	         0	         0	         0	         0	         0	         0	         0	         0	         0	         0	         0	0.00155246	0.00312446	 0.0048311	0.00671095	 0.0161056	 0.0310775	 0.0529489	 0.0811861	   0.11314	  0.155852	  0.210049	  0.289681	   0.34154	  0.377441	  0.410136	  0.448804	  0.495638	  0.531566	  0.558452	   0.58897	  0.620373	  0.647923	  0.675306	  0.698729	  0.719702	  0.737269	   0.75204	  0.764561	  0.770788	  0.775359	  0.778867	  0.781665	  0.783981	   0.78596	  0.787699	  0.789265	  0.790697	  0.792006	  0.793193	  0.794258	  0.795201	   0.79602	  0.796718	  0.797295	  0.797753	  0.798099	  0.798341	  0.798487	  0.798544	  0.798518	  0.798419	  0.798255	  0.798033	  0.797762	   0.79745
   975	     0	         0	         0	         0	         0	         0	         0	         0	         0	         0	         0	         0	         0	         0	         0	         0	         0	0.00155783	0.00312805	0.00483085	0.00670761	 0.0161308	 0.0311829	 0.0532283	 0.0817554	  0.114106	  0.157417	  0.212447	   0.29342	  0.346165	  0.382771	  0.415897	  0.454946	  0.502159	  0.538343	  0.565289	   0.59587	  0.626398	    0.6528	  0.679069	  0.701534	  0.721724	  0.738684	  0.752991	  0.765152	  0.771369	   0.77597	  0.779516	   0.78235	  0.784697	  0.786701	  0.788463	   0.79005	  0.791502	  0.792835	  0.794051	  0.795154	  0.796143	   0.79702	  0.797784	  0.798437	   0.79898	  0.799417	  0.799757	  0.800005	  0.800167	  0.800248	  0.800256	  0.800196	  0.800075	  0.799902	  0.799683
   976	     0	         0	         0	         0	         0	         0	         0	         0	         0	         0	         0	         0	         0	         0	         0	         0	         0	0.00156349	 0.0031405	0.00484923	0.00672983	 0.0161612	 0.0312016	 0.0531992	 0.0816334	  0.113853	  0.156974	   0.21176	   0.29237	  0.344918	  0.381441	  0.414594	  0.453719	  0.501045	  0.537407	  0.564624	  0.595524	  0.626511	  0.653295	  0.679834	  0.702462	   0.72272	  0.739684	  0.753957	  0.766066	  0.772177	  0.776693	  0.780176	  0.782968	  0.785289	  0.787281	  0.789039	  0.790629	  0.792088	   0.79343	  0.794656	  0.795766	   0.79676	  0.797636	  0.798395	  0.799038	  0.799566	  0.799983	  0.800297	  0.800515	  0.800643	  0.800686	  0.800652	  0.800548	  0.800381	  0.800159	  0.799889
   977	     0	         0	         0	         0	         0	         0	         0	         0	         0	         0	         0	         0	         0	         0	         0	         0	         0	0.00160181	0.00321798	 0.0049684	0.00689329	 0.0165549	 0.0319521	 0.0544671	 0.0835686	  0.116549	  0.160686	   0.21679	  0.299405	  0.353242	  0.390885	  0.424839	  0.464862	  0.513302	  0.550733	  0.578898	  0.610994	  0.641133	  0.666014	  0.690292	   0.71076	  0.729022	  0.744239	  0.757017	  0.767859	  0.773475	  0.777666	  0.780925	   0.78355	  0.785741	  0.787624	  0.789286	   0.79079	  0.792169	  0.793434	  0.794585	  0.795622	  0.796542	  0.797345	   0.79803	  0.798597	  0.799048	  0.799386	   0.79962	  0.799757	  0.799803	  0.799764	  0.799648	  0.799462	  0.799214	  0.798913	  0.798567
   978	     0	         0	         0	         0	         0	         0	         0	         0	         0	         0	         0	         0	         0	         0	         0	         0	         0	0.00163899	0.00326301	0.00499817	 0.0068866	 0.0164556	 0.0316259	 0.0537232	 0.0821898	   0.11436	  0.157426	    0.2122	  0.292803	  0.345277	  0.381808	  0.414874	   0.45399	  0.501315	  0.537667	  0.564881	  0.595784	  0.626726	  0.653466	  0.679924	  0.702537	    0.7228	  0.739752	  0.753992	  0.766048	  0.772109	   0.77656	  0.779967	  0.782675	  0.784907	  0.786807	  0.788473	  0.789973	  0.791348	  0.792608	  0.793756	  0.794791	  0.795712	  0.796516	  0.797203	  0.797773	  0.798226	  0.798567	  0.798803	  0.798942	  0.798989	   0.79895	  0.798833	  0.798646	  0.798397	  0.798095	  0.797748
   979	     0	         0	         0	         0	         0	         0	         0	         0	         0	         0	         0	         0	         0	         0	         0	         0	         0	0.00155906	0.00312587	0.00481903	0.00667879	 0.0160391	 0.0309594	 0.0527877	 0.0810216	  0.113051	  0.156016	  0.210755	  0.291464	   0.34434	  0.381229	  0.414829	  0.454511	  0.502501	  0.539519	  0.567406	  0.599085	   0.63035	  0.657004	  0.683154	  0.705318	  0.725061	  0.741503	  0.755277	  0.766928	  0.772748	  0.777036	  0.780338	  0.782983	  0.785183	  0.787071	  0.788739	  0.790251	  0.791643	  0.792925	  0.794096	  0.795156	  0.796102	  0.796932	  0.797645	  0.798241	  0.798719	  0.799086	  0.799347	  0.799511	  0.799582	  0.799567	  0.799474	  0.799309	  0.799082	    0.7988	  0.798472
   980	     0	         0	         0	         0	         0	         0	         0	         0	         0	         0	         0	         0	         0	         0	         0	         0	         0	0.00156349	 0.0031405	0.00484923	0.00672983	 0.0161612	 0.0312016	 0.0531992	 0.0816334	  0.113853	  0.156974	   0.21176	   0.29237	  0.344918	  0.381441	  0.414594	  0.453719	  0.501045	  0.537407	  0.564624	  0.595524	  0.626511	  0.653295	  0.679834	  0.702462	   0.72272	  0.739684	  0.753957	  0.766066	  0.772177	  0.776693	  0.780176	  0.782968	  0.785289	  0.787281	  0.789039	  0.790629	  0.792088	   0.79343	  0.794656	  0.795766	   0.79676	  0.797636	  0.798395	  0.799038	  0.799566	  0.799983	  0.800297	  0.800515	  0.800643	  0.800686	  0.800652	  0.800548	  0.800381	  0.800159	  0.799889
   981	     0	         0	         0	         0	         0	         0	         0	         0	         0	         0	         0	         0	         0	         0	         0	         0	         0	0.00151372	0.00305954	0.00474857	 0.0066185	 0.0159368	 0.0308332	 0.0526584	 0.0809152	  0.112983	   0.15593	  0.210539	  0.290967	  0.343514	  0.379949	  0.413113	  0.452238	  0.499553	  0.535815	   0.56288	  0.593541	  0.624473	  0.651355	  0.678129	  0.700972	  0.721449	  0.738647	  0.753136	  0.765431	  0.771614	  0.776155	  0.779633	  0.782396	  0.784673	  0.786609	  0.788302	  0.789822	  0.791205	  0.792466	  0.793604	  0.794622	  0.795519	  0.796292	  0.796944	  0.797474	  0.797883	  0.798177	  0.798363	  0.798449	   0.79844	  0.798342	  0.798163	  0.797911	  0.797593	  0.797218	  0.796794
   982	     0	         0	         0	         0	         0	         0	         0	         0	         0	         0	         0	         0	         0	         0	         0	         0	         0	0.00163124	 0.0032747	0.00505589	 0.0070178	 0.0168709	 0.0325984	 0.0556242	 0.0854149	    0.1192	  0.164393	  0.221823	  0.306322	  0.361386	  0.400093	  0.434717	  0.475371	   0.52448	  0.562466	  0.591012	  0.623573	  0.652506	   0.67548	  0.697747	  0.716421	  0.733138	  0.747099	   0.75888	  0.768941	  0.774475	   0.77871	  0.782068	  0.784818	  0.787143	  0.789161	  0.790954	  0.792582	  0.794077	  0.795452	  0.796708	  0.797848	  0.798871	  0.799777	  0.800569	  0.801247	  0.801812	  0.802271	   0.80263	  0.802897	  0.803077	  0.803176	  0.803201	  0.803158	  0.803055	  0.802898	  0.802697
   983	     0	         0	         0	         0	         0	         0	         0	         0	         0	         0	         0	         0	         0	         0	         0	         0	         0	0.00150865	0.00303097	0.00468044	0.00649552	   0.01559	 0.0300889	  0.051283	 0.0786663	  0.109683	  0.151229	  0.204041	  0.281693	  0.332435	  0.367403	  0.399458	  0.437415	  0.483339	  0.518431	  0.544596	  0.574185	  0.606447	  0.635826	  0.665411	   0.69097	  0.713913	  0.733165	   0.74933	  0.762979	  0.769666	  0.774512	  0.778184	  0.781081	  0.783456	   0.78547	   0.78723	   0.78881	  0.790253	  0.791574	  0.792774	  0.793857	  0.794821	  0.795667	  0.796394	  0.797004	  0.797498	   0.79788	  0.798159	  0.798341	  0.798432	  0.798438	  0.798366	  0.798223	  0.798016	  0.797755	  0.797445
   984	     0	         0	         0	         0	         0	         0	         0	         0	         0	         0	         0	         0	         0	         0	         0	         0	         0	0.00149996	0.00303063	0.00470621	 0.0065667	 0.0158425	  0.030718	 0.0525664	 0.0809126	  0.113135	  0.156299	  0.211144	  0.291859	  0.344671	  0.381439	   0.41496	  0.454448	  0.502203	  0.539044	  0.566763	  0.598287	  0.629497	  0.656136	  0.682302	  0.704465	  0.724214	  0.740685	  0.754524	  0.766281	  0.772224	  0.776661	  0.780128	  0.782947	  0.785324	  0.787388	  0.789227	  0.790901	  0.792443	  0.793865	   0.79517	  0.796359	  0.797433	  0.798391	  0.799237	   0.79997	  0.800594	  0.801111	  0.801532	  0.801861	  0.802104	  0.802266	  0.802353	  0.802371	  0.802327	  0.802228	  0.802079
   985	     0	         0	         0	         0	         0	         0	         0	         0	         0	         0	         0	         0	         0	         0	         0	         0	         0	0.00158035	0.00316376	 0.0048699	0.00673888	 0.0161362	 0.0310762	 0.0528684	 0.0809664	   0.11273	  0.155206	  0.209141	  0.288405	   0.33999	    0.3757	  0.408184	  0.446619	  0.493132	  0.528732	  0.555302	  0.585411	  0.616882	  0.644825	   0.67276	   0.69678	  0.718351	  0.736467	  0.751719	  0.764645	  0.771093	   0.77582	  0.779436	  0.782312	  0.784685	  0.786706	   0.78848	  0.790077	  0.791538	  0.792877	  0.794095	  0.795195	  0.796176	  0.797037	   0.79778	  0.798405	  0.798914	  0.799313	   0.79961	  0.799812	  0.799926	  0.799959	  0.799918	  0.799811	  0.799647	  0.799433	  0.799177
   986	     0	         0	         0	         0	         0	         0	         0	         0	         0	         0	         0	         0	         0	         0	         0	         0	         0	0.00155669	 0.0031198	0.00480706	0.00665835	 0.0159741	 0.0308087	 0.0524916	 0.0805133	  0.112276	  0.154864	  0.209103	  0.289045	  0.341383	  0.377801	   0.41103	  0.450311	  0.497823	   0.53438	  0.561863	  0.593026	  0.624599	  0.651971	  0.678999	  0.701969	  0.722443	   0.73953	  0.753853	  0.765963	  0.771933	  0.776301	  0.779644	  0.782306	  0.784509	  0.786391	   0.78805	  0.789551	  0.790931	  0.792199	  0.793355	  0.794398	  0.795323	  0.796129	  0.796815	  0.797381	  0.797828	   0.79816	  0.798387	  0.798515	  0.798551	  0.798501	  0.798376	  0.798181	  0.797927	  0.797621	  0.797274
   987	     0	         0	         0	         0	         0	         0	         0	         0	         0	         0	         0	         0	         0	         0	         0	         0	         0	0.00163174	0.00324636	0.00497304	0.00685574	 0.0164062	 0.0315773	 0.0537116	 0.0822626	  0.114555	  0.157794	  0.212776	  0.293654	  0.346259	  0.382774	  0.415675	  0.454494	  0.501362	  0.537099	  0.563527	  0.593449	  0.623687	  0.650163	  0.676716	  0.699586	  0.720243	  0.737679	  0.752426	  0.764969	  0.771422	  0.776188	  0.779846	  0.782754	  0.785152	  0.787194	  0.788984	  0.790597	  0.792076	  0.793437	  0.794685	   0.79582	  0.796843	  0.797753	  0.798551	  0.799236	  0.799808	  0.800272	  0.800634	    0.8009	  0.801076	  0.801165	  0.801176	  0.801113	  0.800985	  0.800798	   0.80056
   988	     0	         0	         0	         0	         0	         0	         0	         0	         0	         0	         0	         0	         0	         0	         0	         0	         0	0.00158633	0.00319031	0.00493227	0.00685336	  0.016475	  0.031838	 0.0543271	 0.0834214	  0.116416	  0.160565	  0.216654	   0.29919	  0.353056	  0.390817	  0.424969	  0.465199	   0.51388	  0.551642	  0.580239	  0.612886	  0.643364	  0.668282	  0.692371	  0.712572	  0.730511	  0.745383	  0.757842	  0.768417	  0.773879	  0.777991	  0.781226	  0.783868	  0.786102	  0.788046	  0.789779	  0.791357	  0.792809	  0.794146	  0.795368	  0.796475	  0.797465	  0.798337	  0.799092	  0.799732	  0.800257	  0.800671	  0.800985	  0.801203	  0.801332	  0.801378	  0.801349	   0.80125	  0.801091	  0.800877	  0.800617
   989	     0	         0	         0	         0	         0	         0	         0	         0	         0	         0	         0	         0	         0	         0	         0	         0	         0	0.00161205	0.00321641	 0.0049367	0.00681427	 0.0163038	 0.0313704	 0.0533368	 0.0816549	  0.113674	  0.156539	  0.211056	  0.291289	  0.343623	  0.380077	  0.413185	  0.452354	   0.49976	  0.536261	  0.563716	  0.594909	  0.626323	  0.653475	   0.68025	  0.703062	   0.72343	  0.740423	  0.754666	  0.766707	  0.772693	  0.777087	  0.780458	  0.783149	   0.78538	   0.78729	  0.788977	  0.790506	  0.791916	  0.793217	   0.79441	  0.795494	  0.796465	  0.797322	  0.798065	  0.798692	  0.799205	  0.799608	  0.799909	  0.800114	  0.800231	  0.800266	  0.800226	  0.800119	  0.799955	   0.79974	  0.799485
   990	     0	         0	         0	         0	         0	         0	         0	         0	         0	         0	         0	         0	         0	         0	         0	         0	         0	0.00156186	0.00312975	 0.0048214	0.00667651	  0.016015	 0.0308822	 0.0526082	 0.0806837	  0.112506	  0.155184	   0.20954	   0.28966	  0.342086	  0.378542	  0.411781	  0.451099	   0.49869	  0.535346	  0.562916	   0.59424	  0.625711	  0.652879	  0.679638	  0.702398	  0.722689	  0.739579	  0.753705	  0.765624	  0.771495	  0.775774	  0.779034	  0.781617	  0.783742	  0.785549	   0.78713	  0.788553	  0.789853	  0.791042	   0.79212	  0.793084	  0.793933	  0.794663	  0.795275	  0.795767	   0.79614	  0.796398	  0.796548	  0.796598	  0.796553	  0.796419	  0.796206	  0.795919	  0.795569	  0.795163	   0.79471
   991	     0	         0	         0	         0	         0	         0	         0	         0	         0	         0	         0	         0	         0	         0	         0	         0	         0	0.00159409	0.00318293	0.00489146	0.00676238	 0.0162184	 0.0312769	  0.053288	 0.0817325	  0.113966	  0.157173	  0.212166	  0.293141	   0.34604	   0.38292	  0.416352	  0.455816	  0.503523	   0.54024	  0.567771	  0.599061	   0.62989	  0.656229	  0.682149	  0.704231	  0.723995	    0.7405	  0.754369	  0.766133	  0.772114	   0.77655	  0.779983	  0.782742	  0.785042	  0.787019	  0.788767	  0.790351	  0.791809	  0.793152	  0.794383	  0.795504	  0.796513	  0.797408	  0.798191	  0.798862	   0.79942	  0.799871	  0.800221	  0.800477	  0.800644	  0.800728	  0.800735	  0.800672	  0.800546	  0.800366	  0.800137
   992	     0	         0	         0	         0	         0	         0	         0	         0	         0	         0	         0	         0	         0	         0	         0	         0	         0	0.00153095	0.00308515	0.00477927	0.00665367	  0.016027	 0.0310284	 0.0530291	  0.081539	  0.113916	  0.157287	  0.212414	  0.293552	  0.346597	  0.383535	  0.417116	  0.456694	  0.504562	  0.541466	  0.569189	  0.600741	  0.631604	  0.657796	  0.683492	  0.705297	  0.724768	  0.741006	   0.75465	  0.766238	  0.772144	  0.776552	  0.779991	  0.782779	  0.785123	  0.787153	  0.788957	  0.790595	  0.792103	  0.793493	  0.794767	  0.795927	  0.796972	  0.797904	  0.798722	  0.799429	  0.800024	  0.800514	  0.800904	  0.801202	  0.801412	  0.801539	   0.80159	   0.80157	  0.801487	  0.801346	  0.801155
   993	     0	         0	         0	         0	         0	         0	         0	         0	         0	         0	         0	         0	         0	         0	         0	         0	         0	0.00164415	0.00327375	  0.005016	0.00691365	  0.016511	 0.0317283	 0.0538846	 0.0824121	  0.114627	    0.1577	  0.212411	  0.292815	   0.34509	  0.381451	   0.41434	  0.453221	  0.500225	   0.53623	  0.563102	  0.593568	  0.624418	  0.651273	  0.677962	  0.700828	  0.721367	  0.738617	   0.75316	  0.765514	  0.771764	  0.776378	   0.77993	  0.782767	  0.785117	  0.787125	  0.788893	  0.790488	  0.791949	  0.793291	  0.794515	  0.795621	  0.796608	  0.797474	  0.798222	  0.798851	  0.799363	  0.799763	  0.800059	  0.800259	  0.800369	  0.800396	  0.800347	  0.800231	  0.800055	  0.799828	  0.799558
   994	     0	         0	         0	         0	         0	         0	         0	         0	         0	         0	         0	         0	         0	         0	         0	         0	         0	0.00156349	 0.0031405	0.00484923	0.00672983	 0.0161612	 0.0312016	 0.0531992	 0.0816334	  0.113853	  0.156974	   0.21176	   0.29237	  0.344918	  0.381441	  0.414594	  0.453719	  0.501045	  0.537407	  0.564624	  0.595524	  0.626511	  0.653295	  0.679834	  0.702462	   0.72272	  0.739684	  0.753957	  0.766066	  0.772177	  0.776693	  0.780176	  0.782968	  0.785289	  0.787281	  0.789039	  0.790629	  0.792088	   0.79343	  0.794656	  0.795766	   0.79676	  0.797636	  0.798395	  0.799038	  0.799566	  0.799983	  0.800297	  0.800515	  0.800643	  0.800686	  0.800652	  0.800548	  0.800381	  0.800159	  0.799889
   995	     0	         0	         0	         0	         0	         0	         0	         0	         0	         0	         0	         0	         0	         0	         0	         0	         0	0.00161856	0.00323072	0.00495996	0.00684755	 0.0163801	 0.0315128	 0.0535723	 0.0820056	  0.114145	  0.157143	  0.211774	  0.292114	  0.344337	  0.380553	  0.413323	   0.45207	  0.498946	   0.53482	  0.561527	  0.591826	   0.62265	  0.649637	  0.676555	  0.699666	  0.720444	  0.737891	  0.752582	  0.765033	  0.771312	  0.775917	  0.779436	  0.782227	  0.784523	  0.786474	  0.788181	  0.789717	  0.791121	  0.792408	   0.79358	  0.794636	  0.795577	  0.796399	  0.797105	  0.797693	  0.798165	  0.798524	  0.798779	  0.798936	  0.799001	  0.798979	  0.798879	  0.798708	  0.798473	  0.798183	  0.797846
   996	     0	         0	         0	         0	         0	         0	         0	         0	         0	         0	         0	         0	         0	         0	         0	         0	         0	0.00165655	0.00331581	0.00510338	0.00706135	 0.0169248	 0.0326123	 0.0555151	 0.0850772	  0.118536	  0.163279	   0.22012	  0.303751	  0.358134	  0.396269	  0.430447	  0.470718	  0.519481	  0.557258	  0.585737	  0.618276	  0.647874	  0.671721	  0.694797	  0.714144	  0.731381	  0.745688	  0.757677	  0.767844	  0.773198	  0.777214	  0.780347	  0.782877	  0.784989	  0.786804	  0.788404	   0.78985	  0.791172	  0.792382	  0.793479	  0.794462	  0.795328	  0.796076	  0.796706	  0.797219	  0.797614	  0.797897	  0.798076	  0.798157	  0.798149	  0.798056	  0.797888	  0.797652	  0.797357	   0.79701	  0.796622
   997	     0	         0	         0	         0	         0	         0	         0	         0	         0	         0	         0	         0	         0	         0	         0	         0	         0	0.00158189	0.00316865	  0.004882	0.00676346	 0.0162468	 0.0313664	 0.0534937	   0.08212	  0.114597	  0.158147	  0.213615	  0.295386	  0.348847	  0.386174	  0.419965	  0.459802	  0.507945	  0.545015	  0.572805	  0.604371	  0.634797	  0.660426	  0.685615	  0.706975	  0.726082	  0.742055	  0.755491	  0.766897	  0.772752	  0.777101	  0.780466	  0.783165	  0.785409	  0.787333	   0.78903	  0.790563	   0.79197	  0.793263	  0.794444	  0.795512	  0.796467	  0.797306	  0.798029	  0.798637	  0.799129	  0.799511	  0.799789	   0.79997	  0.800059	  0.800062	  0.799987	   0.79984	  0.799629	  0.799362	  0.799047
   998	     0	         0	         0	         0	         0	         0	         0	         0	         0	         0	         0	         0	         0	         0	         0	         0	         0	0.00160637	0.00321375	0.00494378	0.00683711	 0.0163726	 0.0315267	 0.0536321	 0.0821382	  0.114371	  0.157486	  0.212263	  0.292825	  0.345224	  0.381597	  0.414515	  0.453422	  0.500496	  0.536562	  0.563464	  0.593989	  0.624768	  0.651534	  0.678168	  0.700989	  0.721496	  0.738716	  0.753224	  0.765534	  0.771763	  0.776347	  0.779861	  0.782655	  0.784957	  0.786915	  0.788629	   0.79017	  0.791579	  0.792867	  0.794039	  0.795094	  0.796032	  0.796851	  0.797553	  0.798138	  0.798607	  0.798964	  0.799218	  0.799377	  0.799445	   0.79943	  0.799339	   0.79918	  0.798962	  0.798692	  0.798379
   999	     0	         0	         0	         0	         0	         0	         0	         0	         0	         0	         0	         0	         0	         0	         0	         0	         0	0.00155335	0.00312763	0.00484074	0.00673307	 0.0162076	 0.0313544	 0.0535525	 0.0822954	   0.11491	  0.158566	  0.214011	  0.295606	   0.34879	  0.385815	  0.419348	  0.458869	  0.506693	  0.543546	  0.571171	  0.602617	  0.633139	  0.658955	  0.684334	   0.70586	  0.725105	  0.741176	  0.754691	  0.766173	  0.772058	  0.776444	  0.779852	  0.782602	  0.784901	  0.786881	  0.788632	  0.790217	  0.791672	   0.79301	  0.794231	  0.795339	  0.796332	   0.79721	  0.797975	  0.798628	  0.799168	  0.799603	  0.799938	   0.80018	  0.800335	  0.800408	  0.800405	  0.800334	    0.8002	  0.800012	  0.799775
