  0.596508	   1.67691	   3.28924	   7.00122	   15.4573	    33.206	   65.8488	   116.273	   181.439	   255.515	   332.344	   405.498	   468.012	   531.546	     553.3	   580.873	   601.902	   691.592	   730.521	   730.126	   721.332	   696.999	     616.8	    508.35	   367.925	   259.221	   204.258	   178.594	   159.788	   133.919	   110.495	   95.2857	   82.8191	   76.0204	    65.838	   61.5795	   67.1809	    63.168	   57.3927	   52.2718	   47.8706	   44.0063	   40.5339	   37.4763	    34.823	   32.4085	   30.1664	   28.0758	   26.1149	   24.2675	   22.5189	   20.8593	   19.2889	   17.8098	   16.4205	   15.1178	   13.8987	   12.7614	   11.7039	   10.7251	   9.82313	   8.99568	   8.23928	   7.54985	   6.92298	   6.35421	   5.83865	   5.37129	   4.94766	   4.56377	   4.21581	
 0.0445598	  0.218411	  0.514277	   1.06129	   2.27962	   4.82884	   9.48388	   16.6699	   25.7455	   35.2061	   43.5217	   49.2946	   53.6339	   64.3364	   69.3075	   79.2072	   86.3423	   83.4152	   85.0719	   87.4677	   86.4798	   86.1948	   83.9889	   79.4325	   71.6789	   59.4725	   47.2443	   40.3891	   37.8373	    36.034	   32.1163	   28.0681	   25.1947	   22.6224	    18.937	   17.1503	    19.187	    18.337	   16.7675	   15.3356	   14.1182	   13.0737	   12.1453	   11.2904	   10.5205	   9.83528	    9.2013	   8.60706	   8.04912	    7.5225	   7.02183	   6.54411	     6.089	   5.65798	    5.2516	   4.86926	   4.50999	   4.17304	   3.85798	   3.56433	    3.2916	   3.03929	   2.80672	   2.59301	   2.39715	   2.21805	   2.05459	   1.90554	   1.76959	   1.64557	   1.53242	
0.00674921	 0.0358584	  0.115047	  0.269071	  0.590695	   1.30841	   2.76795	   5.36808	   9.26649	   14.2606	   19.7978	   25.2557	   30.6206	   36.6412	   40.9867	   45.7395	   50.1644	   49.8749	    51.631	   53.7427	   52.0491	   52.1179	   53.5852	   51.6622	    48.466	   44.2263	   37.4325	   30.1249	   25.9613	   24.3314	    22.989	   20.3878	   17.7144	   15.7269	   12.6752	    11.499	   12.8488	   12.5166	   11.2182	   10.2143	   9.31731	   8.55243	   7.88949	   7.29355	   6.74336	    6.2453	   5.79836	   5.38502	   4.99925	   4.63854	   4.29966	   3.97942	   3.67642	   3.39068	   3.12274	   2.87246	   2.63917	   2.42202	   2.22034	   2.03358	   1.86114	   1.70243	   1.55685	   1.42373	   1.30234	    1.1919	    1.0916	   1.00066	  0.918258	  0.843561	  0.775823	
0.000467099	0.00454295	  0.019939	 0.0623862	  0.152275	     0.352	  0.809521	   1.77087	   3.52262	   6.25557	   9.95504	   14.3594	   19.4237	   23.3332	     27.22	   31.6154	   34.4282	   35.0757	   37.2395	   39.3063	   38.9697	   38.3263	   39.7263	   39.2371	   36.6122	   33.3743	   29.6141	   24.2664	   18.8417	   15.6088	   13.9904	   12.5981	   10.6158	   8.72772	   6.96911	   6.17682	   6.78467	   6.84085	   6.15366	   5.51733	   5.03193	   4.59825	   4.22731	    3.9039	   3.61165	   3.34098	    3.0955	   2.87491	   2.67092	   2.48047	   2.30231	   2.13485	   1.97656	   1.82681	    1.6856	    1.5532	   1.42952	   1.31421	   1.20687	   1.10717	   1.01482	  0.929532	  0.851013	   0.77896	  0.713051	  0.652922	   0.59819	  0.548463	  0.503353	  0.462457	  0.425365	
         	0.000301762	0.00298862	 0.0133571	 0.0422623	  0.104983	  0.247261	  0.579927	   1.28676	   2.59081	   4.64756	   7.46194	   11.0182	   13.6341	    16.518	   19.9938	   22.9105	   23.6625	   25.6681	   27.5428	   27.7864	   27.9198	   28.3569	    28.064	   27.5338	   25.5615	    23.192	   20.4168	   16.5314	   12.6563	   10.3137	   9.07457	    7.9966	   6.56612	   5.10802	   4.48508	   4.64623	   4.55389	   4.12652	   3.71522	   3.33763	   3.05127	   2.79483	    2.5746	   2.38173	   2.20676	    2.0443	   1.89679	   1.76424	   1.64154	   1.52682	   1.41935	   1.31819	   1.22239	    1.1316	   1.04584	  0.965283	  0.889908	  0.819516	  0.753879	  0.692804	   0.63614	  0.583724	  0.535387	  0.490961	   0.45026	  0.413073	  0.379174	  0.348332	  0.320315	   0.29488	
         	         	0.000241027	0.00236899	 0.0105187	 0.0329307	 0.0813935	  0.191421	  0.447228	  0.987513	   1.97693	   3.52274	   5.69856	    7.3506	   9.53598	   11.8452	   14.3003	   15.8239	   17.2883	   18.6637	   19.2565	   19.6416	   20.2966	   19.7316	   19.5502	   19.2222	   17.8887	   16.2477	   14.2791	   11.5332	    8.8047	   7.15145	   6.26236	   5.48312	    4.4328	   3.81488	   3.81114	   3.49326	   3.16423	   2.89132	    2.6275	   2.38385	   2.20105	   2.03553	   1.89252	    1.7665	   1.65121	   1.54306	   1.44427	   1.35508	   1.27181	   1.19318	   1.11876	   1.04795	  0.980098	   0.91502	  0.852831	  0.793771	  0.737916	  0.685204	   0.63554	  0.588856	  0.545112	  0.504258	   0.46623	  0.430966	  0.398381	  0.368362	  0.340779	  0.315491	   0.29235	
         	         	         	0.000203499	0.00196507	0.00858542	 0.0263709	 0.0643499	  0.149565	  0.345248	   0.75284	   1.48777	   2.65103	   3.62711	   5.14029	   6.71154	    8.4143	   9.95523	   11.5717	   12.3597	   12.9262	    13.502	   14.0518	   14.0564	   13.7597	   13.7451	   13.6324	   12.7847	   11.6864	   10.3383	   8.41243	    6.4794	   5.31254	   4.69687	    4.1843	   3.69977	   3.42303	   2.96112	   2.58561	   2.34299	   2.14368	   1.95183	   1.77467	   1.64181	    1.5208	   1.41586	   1.32317	   1.23821	   1.15843	    1.0855	   1.01964	  0.958079	  0.899882	  0.844736	  0.792182	  0.741752	  0.693305	  0.646938	   0.60284	  0.561074	  0.521603	  0.484363	  0.449309	  0.416419	  0.385661	  0.356997	  0.330382	  0.305762	  0.283055	   0.26217	  0.243003	
         	         	         	         	0.000166296	0.00158374	0.00683074	 0.0206494	 0.0498613	  0.114726	   0.26204	  0.565006	   1.11659	   1.64897	   2.59755	   3.63173	   4.84778	   5.98165	   7.39406	   8.28335	   8.62041	    9.2177	   9.67101	   9.96783	   10.1188	   10.0652	   10.2268	   10.3054	   9.81777	    9.1265	   8.22385	   6.83185	    5.3829	   4.52111	   4.00709	   3.77414	   3.53997	   2.99086	   2.61072	   2.28113	   2.07037	    1.8984	   1.73283	   1.57934	   1.46417	    1.3587	   1.26698	   1.18583	   1.11135	   1.04126	  0.977127	  0.919165	  0.864913	  0.813537	  0.764767	    0.7182	  0.673422	  0.630314	  0.588972	  0.549577	  0.512196	  0.476804	  0.443353	  0.411811	  0.382166	  0.354397	  0.328477	  0.304376	  0.282048	  0.261429	  0.242438	
         	         	         	         	         	0.000138784	0.00130504	0.00555599	 0.0165609	 0.0395789	 0.0901395	  0.203659	  0.438829	  0.716129	   1.25265	   1.92116	    2.7824	   3.60155	   4.64149	   5.51401	   6.01566	   6.55165	   6.85187	    7.3213	   7.65794	   7.89696	   7.98131	   8.22108	   8.39877	    8.1149	   7.65955	   7.01835	   5.93468	   4.76286	   3.87395	   3.74749	   3.74512	    3.2331	   2.76251	   2.41012	   2.10615	   1.91313	   1.75627	   1.60495	   1.46414	   1.35827	   1.26105	   1.17637	   1.10141	   1.03256	  0.967739	  0.908404	  0.854781	   0.80458	  0.757026	   0.71187	  0.668739	  0.627248	  0.587288	  0.548949	    0.5124	  0.477707	  0.444847	  0.413777	  0.384469	  0.356913	  0.331092	  0.306982	  0.284557	  0.263775	  0.244577	
         	         	         	         	         	         	0.000115922	0.00108772	0.00462788	 0.0137588	 0.0329028	 0.0749636	  0.171136	  0.312874	  0.598057	   1.02304	   1.63997	   2.22517	   3.03553	    3.8101	   4.36023	    5.1506	   5.29649	   5.76618	   6.19072	   6.50943	   6.74542	   6.82449	    7.0384	   7.19635	   6.96135	   6.58456	   6.04646	   5.12304	   3.89981	   3.72343	    3.7931	   3.37829	   2.95123	   2.52015	   2.19917	   1.92309	   1.74877	    1.6072	   1.47013	   1.34216	   1.24586	   1.15725	   1.08003	   1.01161	  0.948718	  0.889473	  0.835234	  0.786216	  0.740315	  0.696819	  0.655501	  0.616019	  0.578022	  0.541408	  0.506262	  0.472741	  0.440907	  0.410742	  0.382207	  0.355277	  0.329947	  0.306202	  0.284021	  0.263381	  0.244247	
1.10565e-09	2.67789e-09	5.68569e-09	1.24181e-08	2.7773e-08	6.06998e-08	1.23841e-07	2.24001e-07	0.000216051	0.00179655	0.00672177	 0.0187089	 0.0425935	  0.089081	  0.189769	  0.391428	  0.753484	   1.15753	   1.76642	   2.49717	   3.05643	   3.96295	   4.49666	   4.82769	   5.16411	   5.55578	   5.75091	   5.89395	   5.83726	   5.68313	   5.80601	   5.51002	    5.0334	   4.53366	   4.05239	   3.83269	   3.62097	   3.11681	   2.96948	   2.74805	   2.27556	   2.04181	   1.75426	   1.59029	   1.47621	    1.3631	   1.25342	   1.16416	   1.08642	   1.01855	  0.959358	  0.905703	  0.855056	  0.806687	  0.764014	   0.72424	   0.68631	  0.650027	  0.615235	  0.581489	  0.548633	   0.51667	  0.485807	  0.456203	  0.427888	  0.400858	  0.375097	  0.350632	  0.327483	  0.305659	   0.28517	
8.49109e-08	3.31774e-07	7.28386e-07	1.62296e-06	3.64765e-06	7.87916e-06	1.56909e-05	2.77206e-05	4.3707e-05	0.000284565	 0.0019262	0.00698328	 0.0193981	 0.0407666	 0.0888441	  0.196822	  0.420769	  0.726145	   1.22615	   1.88706	   2.47734	   3.37626	   3.94096	   4.63527	   4.96903	    5.2995	   5.68826	   5.83091	   5.90137	   5.74856	   5.48496	   5.47782	   5.06941	   4.50182	   4.21272	   4.42661	   4.20294	   3.16037	    2.9069	   2.76912	   2.56253	   2.12151	   1.90498	   1.63799	    1.4864	   1.38101	   1.27623	   1.17435	    1.0914	   1.01903	  0.955772	  0.900546	   0.85045	  0.803127	  0.757907	  0.718018	  0.680831	  0.645359	  0.611416	  0.578857	  0.547264	  0.516491	   0.48654	  0.457609	  0.429846	  0.403282	  0.377913	  0.353726	  0.330747	  0.308997	  0.288486	
2.34607e-06	7.6285e-06	1.72247e-05	3.8386e-05	8.57678e-05	0.000183994	0.000363827	0.000639878	0.00100797	0.00144005	0.00211813	0.00422551	0.00991456	 0.0219292	 0.0447701	 0.0980188	  0.221372	  0.432404	  0.814638	   1.37071	   1.98648	   2.82657	   3.51814	   4.22432	   5.01071	   5.41146	   5.81916	   6.26831	   6.43722	   6.51027	    6.3258	   6.01608	   5.98436	   5.51608	   4.97157	   5.30475	   5.72018	   4.23987	   3.49309	   3.21485	    3.0646	   2.83822	   2.35115	   2.11408	   1.81998	   1.65364	   1.53824	   1.42319	   1.31106	   1.21971	    1.1399	   1.07006	   1.00906	  0.953681	  0.901306	  0.851203	   0.80702	  0.765813	  0.726472	  0.688796	  0.652621	  0.617483	  0.583217	  0.549828	  0.517538	  0.486521	  0.456812	  0.428411	  0.401307	  0.375532	  0.351113	
2.80832e-05	8.7869e-05	0.000199594	0.000441796	0.000981187	0.00210228	0.00417368	0.00735936	 0.0116253	 0.0166645	 0.0219218	 0.0268563	 0.0324042	 0.0382602	 0.0521726	 0.0753229	  0.134698	  0.257395	  0.512207	  0.923277	   1.50075	    2.2667	   3.02866	    3.8446	    4.6826	   5.62946	   6.16897	   6.69434	   7.28764	   7.54891	   7.69569	   7.54184	   7.24018	   7.27927	   6.60098	   6.88643	   7.81014	   6.70613	   5.41584	   4.46654	   4.11356	   3.92429	   3.63742	    3.0152	   2.71418	   2.33851	   2.12659	   1.97984	   1.83339	   1.69033	   1.57372	   1.47171	   1.38238	    1.3043	   1.23339	   1.16626	     1.102	   1.04534	  0.992486	  0.942002	  0.893626	  0.847152	  0.801977	   0.75789	  0.714896	  0.673286	  0.633288	  0.594949	  0.558272	  0.523245	  0.489914	
0.00019303	0.000621796	0.00142723	0.00316473	0.00702924	 0.0151305	 0.0302451	 0.0536338	 0.0847679	  0.121619	  0.160612	  0.196968	  0.227922	  0.236757	  0.256663	  0.258955	  0.272718	   0.31557	  0.441806	  0.683083	   1.12998	   1.77321	   2.55343	   3.41783	   4.38359	   5.40645	   6.59394	   7.28525	   7.99683	   8.80126	   9.21249	   9.49838	   9.42345	   9.17149	   9.02724	   9.47296	   10.6342	    9.9636	   9.03792	   7.30647	   6.03438	   5.56184	   5.30985	   4.92598	   4.08689	   3.68197	   3.17456	   2.88856	   2.69089	   2.49347	   2.30032	   2.14277	   2.00482	    1.8839	   1.77816	   1.68206	   1.59104	   1.50386	     1.427	   1.35529	   1.28678	   1.22111	   1.15801	   1.09664	   1.03673	  0.978267	  0.921663	  0.867222	  0.815015	  0.765046	  0.717303	
0.00113528	0.00287871	0.00675452	 0.0151029	 0.0338252	 0.0735301	  0.148806	   0.26714	  0.424587	  0.609164	  0.806411	  0.996346	   1.16999	   1.22681	    1.3487	   1.29265	   1.25184	   1.18496	   1.13637	   1.12325	   1.35151	   1.76459	   2.43983	   3.27822	   4.26708	   5.40926	   6.66618	     8.109	   8.99182	   9.92059	   10.9809	   11.5768	   12.0371	   12.0624	   11.5132	   12.9428	   14.6903	   14.0332	   13.4375	    12.196	   9.87534	   8.16967	   7.53154	   7.18996	   6.67181	   5.54188	   4.99426	   4.30866	   3.92022	   3.65121	   3.38308	   3.12093	   2.90686	   2.71936	   2.55483	   2.41085	   2.27999	    2.1561	   2.03751	   1.93292	   1.83538	   1.74227	   1.65311	   1.56748	   1.48428	   1.40311	   1.32395	   1.24733	   1.17365	   1.10301	    1.0354	
0.00419887	 0.0100808	   0.02228	 0.0504063	   0.11406	  0.251438	  0.516759	  0.946917	   1.52617	    2.2031	   2.92024	   3.62592	   4.30219	    4.5898	   5.13734	   4.98436	   4.78103	   4.58253	   4.14168	   3.54822	   3.39787	   3.36328	   3.72138	   4.32865	   5.18929	   6.26222	    7.5596	   9.22348	   10.9645	   12.0403	    13.214	   14.5767	    15.386	   16.0514	   15.6783	    16.496	   19.7565	   19.6077	   19.0417	   18.2249	   16.5506	   13.4451	   11.1503	   10.2752	   9.79683	   9.08694	   7.56843	   6.82226	   5.88851	   5.35246	   4.97736	   4.60607	   4.24518	   3.94991	   3.69131	   3.46415	   3.26527	   3.08477	   2.91432	   2.75162	   2.60804	    2.4744	   2.34719	   2.22569	   2.10931	    1.9965	    1.8867	   1.77985	   1.67656	   1.57735	   1.48231	
 0.0115455	 0.0257655	 0.0557319	  0.124052	  0.283574	  0.633662	   1.32554	   2.48951	     4.105	   6.01683	   8.03306	   10.0085	   11.9453	   12.9065	   14.4627	   14.3098	   13.9306	    13.471	   12.3841	   10.5237	   9.63131	   8.68626	   8.45124	    8.4304	    8.8214	    9.5319	   10.5385	   12.0415	   13.9203	    15.855	   16.9803	   18.3075	   19.9088	   20.8852	   20.6598	   21.4777	   24.7062	   26.2596	   26.1875	   25.4223	   24.3145	   22.0924	   18.0366	   15.0168	   13.8299	   13.1579	   12.1967	   10.2093	   9.19829	   7.95466	   7.22508	   6.70719	   6.19927	   5.70982	   5.30869	   4.95758	   4.64855	    4.3777	   4.13217	   3.90091	   3.68087	   3.48638	   3.30571	   3.13431	   2.97112	   2.81523	   2.66456	   2.51827	   2.37618	   2.23901	   2.10733	
  0.028004	 0.0563691	  0.119846	  0.263642	  0.601982	   1.36026	   2.88581	   5.53297	   9.30676	   13.8713	   18.6866	   23.3266	   27.7748	   30.1343	   33.2766	   33.4537	   33.2341	   32.7051	   30.4152	   26.7289	   24.4441	   21.7282	   20.4184	   19.1282	   18.3387	   18.0443	   18.1571	    18.888	   20.1918	   21.9744	   23.6911	   24.4064	    25.495	   27.0154	   26.4203	     27.78	   32.3727	   32.9423	   34.7402	   34.5918	   33.5595	   32.0621	   29.1498	   23.9711	   20.0705	    18.471	    17.522	   16.2297	   13.6746	   12.3207	   10.6915	   9.70536	   8.99198	   8.30154	   7.64379	   7.10351	   6.63118	   6.21447	   5.84844	   5.51689	   5.20548	   4.91016	   4.64832	   4.40558	   4.17615	   3.95852	   3.75129	   3.55163	   3.35831	   3.17094	   2.99023	
 0.0507629	 0.0973925	  0.203227	  0.442567	    1.0024	   2.26777	   4.86393	   9.55847	    16.551	   25.3839	   35.0156	   44.3362	   52.8542	   57.3919	   62.1077	   62.9919	   63.7295	   64.1616	   60.9904	   55.0665	   51.4202	   46.0727	   43.0623	   39.4928	   36.6699	   34.3859	   32.7049	   31.8251	   31.6785	   32.3378	   33.4826	   34.3341	   34.0269	   34.3932	   33.7335	   35.3664	   41.6609	   42.6731	   42.9162	   44.9525	   44.6994	    43.328	   41.3395	   37.6311	   31.2149	   26.3052	   24.1967	   22.8856	   21.1691	    17.973	   16.2022	   14.1191	   12.8142	   11.8514	   10.9331	   10.0684	   9.35601	   8.73403	   8.18434	   7.70008	   7.26151	   6.85057	   6.46193	     6.116	   5.79575	    5.4941	   5.20893	   4.93816	   4.67806	   4.42686	   4.18382	
 0.0835237	   0.14364	  0.297633	  0.646095	   1.45292	   3.26036	   6.96111	   13.7856	   24.2957	   38.1956	   54.0956	   70.0598	   84.2446	   91.8877	   97.5713	   99.1509	   101.415	   104.266	   101.793	   94.7841	   89.6748	   82.2897	   77.3006	   70.4888	     64.68	   59.6426	   55.1966	   51.8082	   49.3755	        48	    47.563	   47.4817	   46.9379	   45.2689	   42.7922	   44.9582	   51.8146	   53.3427	   53.8276	   53.9755	   56.2294	   55.8756	   54.1359	   51.6264	   47.1122	   39.4441	   33.4766	   30.8119	   29.0733	   26.8861	   23.0041	   20.7697	   18.1881	   16.5234	   15.2748	   14.0976	    12.999	   12.0909	   11.2987	   10.5978	   9.97838	   9.41694	   8.89145	   8.39512	   7.95153	   7.54098	   7.15501	   6.79076	   6.44538	   6.11408	   5.79444	
  0.124813	  0.201278	  0.402851	  0.879508	    1.9736	   4.38041	    9.2157	   18.0929	   31.9102	   50.7596	   73.3377	   97.1187	   118.388	   130.699	   137.404	   139.329	   143.195	   149.606	   149.451	   143.084	   137.836	   128.557	   122.739	   112.502	   103.041	   94.4951	   86.7642	   80.0414	   74.5006	   70.2663	   67.3454	   65.2636	   63.4385	   61.2666	   56.0322	   56.1603	   63.6935	   64.7441	     65.66	   65.9872	   66.0064	   68.4362	   67.9446	    65.799	   62.7419	   57.4079	   48.4823	   41.4232	   38.1345	   35.9194	   33.2175	    28.617	   25.8815	   22.7703	   20.7132	    19.149	   17.6873	   16.3329	   15.2096	   14.2301	   13.3625	   12.5935	   11.8955	   11.2425	   10.6262	   10.0732	   9.56118	   9.08037	    8.6271	   8.19764	   7.78608	
  0.170698	  0.267679	  0.524809	   1.14318	   2.57695	   5.67058	   11.7019	   22.5534	   39.2518	   62.2768	   90.7547	   122.188	   150.971	   169.902	   178.973	   181.387	   186.645	   197.342	   200.106	   195.065	   191.399	   182.179	   175.448	   163.619	   150.644	   138.161	     126.5	   116.013	   106.743	   98.9031	   92.5289	   87.5125	   83.1933	   79.3459	   73.3675	   71.8645	   78.3701	   78.6649	   78.3777	   78.9668	   79.0576	   78.8619	   81.3669	   80.6606	   78.0429	   74.3764	   68.1879	   58.0022	   49.8001	   45.8368	   43.0896	   39.8293	   34.4996	   31.2385	   27.5852	   25.1144	    23.213	   21.4493	   19.8251	   18.4736	   17.2949	   16.2497	   15.3208	   14.4762	   13.6866	   12.9421	   12.2716	   11.6506	   11.0679	   10.5193	   9.99994	
  0.216547	  0.337916	  0.659559	   1.44115	   3.26246	   7.15537	   14.5067	   27.3068	   46.5152	   72.7607	   105.703	   143.346	    178.91	   205.821	   219.388	   223.347	   230.413	   245.825	   250.987	   246.186	   244.761	   237.771	   231.907	   218.904	    204.88	   188.967	   173.273	   158.343	   145.088	   133.295	    122.94	   113.946	   106.319	   99.6213	   91.9391	   93.1525	   98.6016	   94.8945	   93.7449	   92.7992	   93.0344	   92.8502	   92.3872	   94.9333	   93.9937	   90.8757	   86.5769	    79.527	   68.0496	   58.6859	   54.0112	    50.693	   46.8449	   40.7728	   36.9657	   32.7542	   29.8492	   27.5917	   25.5095	   23.6008	   22.0073	   20.6172	    19.383	    18.283	    17.281	   16.3444	   15.4619	   14.6644	   13.9251	    13.232	   12.5796	
  0.258295	  0.406938	   0.80012	   1.76552	   4.02375	   8.82464	   17.6785	   32.5119	   53.9721	   82.6772	   118.585	   160.447	   201.072	   236.185	   255.824	     262.9	   273.067	   293.913	   300.529	   293.894	   293.881	   290.141	   286.665	   275.747	   261.114	   245.029	   226.273	   207.096	   189.348	   173.535	    159.17	   145.966	   133.978	   123.799	   112.563	   115.948	   124.767	   116.195	   111.382	   109.264	   107.662	   107.536	   107.047	   106.309	   108.898	   107.721	     104.1	   99.1754	    91.243	   78.5007	   67.9746	   62.5675	   58.6586	   54.2116	   47.3986	   43.0359	   38.2584	   34.9055	   32.2798	   29.8682	   27.6643	   25.8187	    24.208	   22.7758	   21.4958	   20.3277	   19.2354	   18.2064	   17.2735	   16.4079	   15.5963	
  0.292395	  0.469184	  0.936639	   2.09632	    4.8292	   10.6205	   21.1527	   38.2026	   61.8929	   92.5322	   130.342	   174.574	   218.441	   260.341	    286.66	   297.694	   312.699	    339.29	   348.001	   337.569	   337.743	   336.512	    335.97	   329.863	   318.344	    302.41	     284.6	   262.497	   240.721	   220.411	   202.057	   184.844	   168.453	    153.63	   137.971	    142.17	   152.416	   142.197	    132.51	   126.327	   123.298	   121.064	   120.552	   119.752	   118.751	   121.324	   119.912	   115.839	   110.326	   101.652	   87.8725	   76.3611	   70.3002	   65.8555	   60.8796	    53.448	   48.5984	   43.3334	   39.5804	    36.623	   33.9156	   31.4461	   29.3721	   27.5613	   25.9486	   24.5032	   23.1816	   21.9453	   20.7806	   19.7213	   18.7375	
  0.315385	  0.520191	   1.06036	   2.41155	    5.6264	    12.463	    24.782	   44.2479	   70.3797	   102.894	   141.938	   187.385	   232.969	   279.233	   311.269	   326.336	   347.007	   378.708	   391.878	   377.906	   377.424	   377.087	   378.867	   378.301	   372.317	   360.413	   343.383	   323.016	   298.537	   274.151	   251.181	   229.896	   209.333	   189.876	       170	   173.644	   182.609	    168.03	     157.9	   146.599	   139.267	   135.462	   132.668	   131.832	   130.779	   129.563	   132.113	   130.514	   126.034	   120.049	   110.787	   96.1962	    83.891	    77.282	   72.3798	   66.9578	   59.0237	   53.7596	   48.0828	   43.9801	   40.7317	   37.7637	    35.059	   32.7816	   30.7924	   29.0175	   27.4224	   25.9609	   24.5925	   23.3028	   22.1264	
  0.327289	  0.558693	   1.17001	   2.70731	   6.38999	   14.2772	    28.484	     50.47	   79.3389	   114.048	   154.295	   200.148	   246.439	   294.057	   330.073	   347.885	   374.369	   408.669	   429.966	   414.582	    414.87	   413.506	   416.727	   419.612	   419.061	   412.907	   400.312	   380.703	   358.433	   331.051	   303.576	   277.366	   252.423	    228.51	   207.101	   210.124	   216.627	   196.398	   184.027	   172.401	   159.619	   151.207	    146.63	   143.276	   142.096	   140.741	   139.261	    141.71	   139.831	   134.937	   128.491	     118.7	   103.443	   90.4778	   83.3816	   78.0609	   72.2418	    63.897	   58.2727	   52.2486	   47.8376	   44.3302	   41.1307	   38.2169	   35.7569	   33.6072	   31.6857	   29.9543	   28.3649	   26.8759	   25.4722	
  0.331571	  0.585712	   1.26419	   2.98444	   7.12115	   16.0153	   32.1035	   56.7414	   88.4417	    125.73	    167.57	   213.726	   259.711	   306.066	   343.954	   362.661	   393.654	   427.318	   459.653	   446.079	   450.058	   447.507	   451.132	   454.267	   456.542	   455.573	   448.769	   433.785	   411.881	   386.824	   355.903	   324.754	    294.57	   266.038	   245.901	   250.914	   256.187	   231.959	   215.686	   201.673	   188.585	   174.268	   164.716	   159.362	   155.434	   153.889	   152.193	   150.412	   152.721	   150.522	   145.147	   138.167	   127.756	   111.706	    97.973	    90.327	   84.5384	   78.2691	   69.4408	   63.4046	   56.9778	   52.2143	   48.4129	   44.9491	    41.795	   39.1255	   36.7917	   34.7018	   32.8138	   31.0776	     29.45	
  0.329347	  0.603354	   1.34067	   3.23056	   7.80756	   17.6571	   35.4865	   62.7079	   97.3808	   137.269	   181.139	   228.019	   273.597	   316.494	   354.574	   372.029	   405.568	   435.246	    479.74	   470.452	   481.096	   478.464	   483.074	   483.278	   485.229	   486.796	   485.218	   476.373	   459.182	   434.107	   405.716	   370.937	   335.638	   301.814	   282.289	   293.308	   303.059	   276.335	   255.546	   237.374	   221.817	   207.303	   191.368	   180.666	   174.571	   170.072	   168.191	    166.17	   164.058	   166.319	    163.81	   157.916	   150.346	   139.207	   122.144	   107.449	   99.1528	   92.8234	   86.0172	   76.5647	   70.0201	     63.08	   57.8796	   53.7183	   49.9281	   46.4749	   43.5458	   40.9841	   38.6857	   36.6041	   34.6862	
  0.320799	   0.60743	   1.38875	   3.40863	   8.34363	   19.0249	   38.3352	   67.7369	   105.105	   147.639	   193.368	   241.389	    287.02	   326.179	   362.494	   377.414	    411.02	   435.593	    489.15	   486.259	   503.852	   503.227	   510.177	   507.214	   506.188	   507.637	   509.057	   506.203	   495.799	    475.98	   447.764	   416.262	   377.702	   339.077	   315.757	   333.056	   348.416	   320.698	   294.068	   271.668	   252.162	   235.501	   219.921	   202.782	    191.19	   184.444	   179.399	   177.122	   174.668	   172.183	   174.212	   171.367	   165.068	   157.102	   145.568	   128.062	   112.904	    104.22	   97.5457	    90.424	    80.684	   73.8558	   66.6501	   61.1927	   56.8141	   52.8285	   49.1957	   46.1073	   43.4051	   40.9767	   38.7724	
  0.307494	  0.600749	   1.40754	   3.51288	   8.69066	   19.9753	   40.4611	   71.5444	    110.89	   155.594	   203.148	   251.923	   297.983	   334.592	   368.454	   379.715	   411.632	    432.16	   489.073	   492.383	   515.131	   517.611	   528.543	   524.269	   520.592	   519.644	   521.728	   522.779	   519.383	   507.355	   485.385	   454.835	   420.717	   379.621	   351.535	   371.062	   391.356	   360.683	   330.208	   302.579	   279.381	   259.202	   241.945	   225.802	   207.989	   195.828	   188.602	   183.114	   180.416	   177.553	   174.726	   176.422	   173.293	   166.761	   158.631	   147.046	   129.635	   114.493	   105.696	   98.8869	    91.676	   81.9608	   75.0691	   67.8316	   62.2949	   57.8422	   53.7912	   50.0973	   46.9502	   44.1957	   41.7164	
  0.292645	  0.587826	   1.40652	   3.55471	   8.86906	   20.5056	   41.7437	   74.0803	   114.754	   160.715	   209.544	   259.073	   305.056	   340.871	   372.374	   380.613	   409.058	   428.831	   482.303	   490.589	   513.565	   519.943	   534.845	   532.372	   528.127	   525.325	    525.85	   528.461	   529.947	   525.974	   512.902	   489.788	   457.656	    422.26	   390.754	   412.794	   434.004	   398.107	   365.497	   334.694	   306.797	   283.365	   262.946	   245.496	   229.154	   210.975	   198.477	   190.943	   185.113	    182.11	    178.95	   175.891	   177.345	   174.044	   167.411	   159.244	   147.733	   130.541	   115.527	   106.707	   99.8417	   92.6097	   82.9747	   76.0695	   68.8413	   63.2629	   58.7689	   54.6805	   50.9495	    47.765	    44.977	
  0.277337	  0.571676	   1.39131	   3.54805	    8.8969	   20.6538	    42.185	   75.1282	    116.67	   163.187	   212.279	   262.048	   308.089	   344.019	   373.347	   380.142	   405.187	   427.203	   472.151	   483.502	   501.423	   510.239	   528.841	   529.737	   527.807	   525.012	   524.295	   525.917	   529.526	   531.007	    526.65	   513.232	   489.464	   456.859	   431.167	   459.252	   475.979	   430.854	   397.507	   365.185	   334.698	   307.054	   283.776	   263.489	    246.16	    229.87	   211.585	   198.944	   191.203	   185.147	   181.924	    178.55	   175.341	   176.606	   173.215	   166.584	   158.489	    147.17	    130.34	   115.588	   106.837	   99.9956	   92.8173	   83.3389	    76.484	   69.3253	   63.7567	   59.2649	   55.1777	   51.4442	   48.2525	
  0.261507	  0.552546	   1.36569	   3.50366	   8.80628	   20.4761	   41.9189	   74.8497	   116.592	   163.443	   212.322	   261.516	   307.296	   344.653	   371.286	   378.263	   400.951	   428.103	   461.251	    474.44	   483.538	   492.709	   512.904	   518.186	   519.787	   519.542	   519.133	   519.755	   522.577	   526.342	   527.592	    523.12	   509.414	   485.614	     467.4	   509.987	   521.717	   464.839	   430.664	   397.656	   365.681	   335.503	   308.055	   284.921	   264.757	   247.504	   231.223	   212.791	   199.949	   192.004	   185.725	   182.292	   178.713	   175.367	   176.474	   172.998	   166.355	   158.306	   147.127	   130.573	   116.014	   107.303	   100.465	   93.3152	   83.9482	   77.1178	   69.9987	   64.4213	   59.9175	   55.8186	   52.0706	
   0.24506	  0.531244	   1.33256	   3.43828	   8.64608	   20.1003	   41.1789	   73.6871	   115.102	   161.887	   210.835	   259.426	   304.346	   342.991	   367.867	   375.552	   396.927	    430.11	   452.457	   465.587	   465.998	    473.19	   492.784	   501.173	   507.185	   510.501	   512.744	   513.729	   515.655	   518.667	   522.191	   523.295	   518.545	   504.814	   500.293	    556.26	   571.883	   501.564	   467.124	   433.223	   400.485	   368.725	   338.674	   311.295	   288.203	   268.036	    250.75	   234.379	   215.654	    202.55	    194.38	   187.863	   184.232	   180.458	   176.982	   177.985	   174.422	   167.731	   159.669	   148.532	   132.082	   117.571	   108.825	   101.936	   94.7505	   85.3971	   78.5269	    71.376	   65.7381	   61.1819	   57.0337	
  0.228126	  0.508059	   1.29513	   3.36216	   8.46509	   19.6548	   40.2503	   72.0943	   112.934	   159.387	   208.391	   257.223	   301.567	    340.03	     363.8	   373.611	   393.598	   430.815	   446.291	    458.95	   452.829	   457.057	   473.978	    483.64	   492.841	   500.598	   506.457	   510.138	   512.512	   514.677	   517.458	   520.824	   521.626	   516.756	   522.685	   597.953	   614.813	   538.101	   505.626	   471.352	   437.626	   405.016	   373.287	   343.231	   315.809	    292.63	    272.35	    254.94	   238.369	   219.278	   205.864	   197.442	   190.669	    186.83	   182.854	   179.238	   180.147	   176.483	   169.713	   161.601	   150.448	   134.019	    119.49	   110.672	   103.704	   96.4547	   87.0726	   80.1355	   72.9242	    67.206	   62.5818	
  0.210458	  0.482121	   1.25105	   3.27568	    8.2681	   19.2019	   39.2873	   70.3918	   110.497	   156.548	    205.57	    254.94	   299.941	   337.118	   359.914	   372.402	   391.935	    428.47	   441.679	   454.162	   446.402	   446.609	    460.19	   468.678	   479.062	   489.822	   499.904	   507.009	    511.81	   514.073	    515.59	   517.738	   520.308	   520.412	   536.587	   623.388	   648.551	   567.095	   545.885	    513.48	   479.261	   445.539	   412.833	   380.953	   350.718	   323.057	   299.629	   279.098	   261.417	   244.544	    224.96	   211.159	   202.454	   195.407	   191.372	     187.2	   183.451	   184.323	   180.557	   173.668	   165.443	   154.165	   137.572	   122.861	   113.883	    106.77	   99.3815	   89.8598	   82.7793	   75.4235	   69.5615	
  0.192924	  0.452972	   1.19805	   3.17104	   8.04832	   18.7259	    38.345	   68.7024	    108.01	   153.505	   202.527	   252.449	   298.503	   334.337	   356.915	   371.734	   390.921	   423.501	   437.203	   449.656	   445.488	   442.465	   451.842	   457.939	   467.182	   479.084	   492.095	   503.523	   511.611	   516.095	   517.425	   517.978	   518.983	   520.461	    539.15	   637.482	   672.468	   593.488	   576.703	    555.73	    523.33	   489.041	   455.154	   422.235	   390.092	   359.539	   331.519	   307.746	   286.856	   268.845	   251.613	   231.477	   217.252	   208.247	   200.915	   196.686	   192.318	   188.435	   189.289	   185.418	   178.388	   170.019	   158.567	   141.729	    126.77	   117.594	    110.31	   102.752	   93.0451	   85.7911	    78.258	
  0.175681	  0.422422	   1.13531	   3.04249	   7.78328	   18.1972	   37.3483	   67.0084	    105.45	   150.215	   198.924	   249.237	   296.218	   330.336	   354.238	   371.405	   389.658	   415.943	   432.825	   444.184	   446.848	   442.281	   448.308	   451.067	   458.448	   469.725	   484.432	   499.704	   512.793	   521.217	   525.394	   526.363	   526.421	   527.028	   535.496	   638.522	   686.386	   609.106	   603.313	   586.756	   566.026	   533.588	   499.144	   465.053	   431.888	   399.423	   368.506	   340.093	   315.923	   294.661	    276.31	   258.715	   238.026	   223.381	   214.082	   206.474	   202.057	     197.5	   193.489	   194.332	   190.357	   183.184	   174.665	   163.029	   145.931	    130.71	   121.332	   113.873	   106.141	    96.242	   88.8111	
  0.160067	   0.39089	   1.06625	   2.88574	   7.45267	   17.5478	   36.1991	   65.1029	   102.658	   146.445	   194.427	   244.528	   292.055	   324.509	   350.091	   370.148	   387.817	   407.019	   427.483	   438.193	   447.014	   442.469	   446.685	   447.116	   451.746	   461.733	    476.41	    494.41	   512.154	   526.461	   535.448	    540.14	   541.485	   542.046	   539.076	   633.666	   685.045	   615.626	   621.508	   616.103	   599.757	   579.177	   546.514	   511.757	   477.306	   443.714	   410.757	   379.319	   350.348	   325.672	   303.944	   285.174	    267.14	   245.814	   230.693	   221.073	   213.167	   208.559	   203.809	   199.664	   200.521	   196.433	   189.086	   180.375	    168.49	   151.026	   135.452	   125.819	   118.144	   110.196	   100.042	
   0.14768	  0.361503	  0.992609	   2.70998	   7.04815	   16.7369	   34.7714	   62.8388	   99.3588	   142.039	   188.823	   238.024	   285.231	   316.681	   343.689	   365.804	   384.447	   398.594	   421.003	   431.058	    444.46	   440.078	   443.682	   443.379	   445.948	   453.373	   466.897	   485.302	   505.974	   525.207	   540.402	   550.216	   555.602	    557.71	   552.214	   639.423	   679.377	   612.957	   628.439	   634.892	   629.882	   613.692	   593.162	   560.202	   525.062	   490.158	   456.058	   422.542	     390.5	   360.929	   335.715	   313.495	   294.282	   275.791	   253.813	   238.207	   228.263	    220.06	   215.263	   210.321	   206.044	   206.918	   202.715	   195.185	   186.272	    174.12	   156.267	   140.318	   130.419	   122.521	   114.346	
  0.138751	  0.337423	  0.921712	   2.51878	   6.59086	   15.7477	   32.9963	   60.0422	   95.4194	   136.779	   182.176	   229.862	   275.894	   306.878	   335.018	   357.869	   378.007	   391.009	   414.131	   422.894	   437.771	   434.778	   437.458	   438.115	   440.547	   446.485	   457.987	   476.045	    497.79	   520.773	   541.858	    558.96	   570.596	   577.901	   573.142	   663.369	   687.588	   610.405	   631.458	    647.85	   655.007	   650.364	   634.147	   613.472	   579.891	   543.991	   508.263	   473.301	   438.854	   405.885	   375.418	   349.414	   326.481	   306.638	   287.509	   264.659	    248.42	   238.063	   229.494	   224.478	   219.313	   214.875	   215.798	   211.451	   203.666	   194.456	   181.903	   163.448	   146.938	    136.66	   128.449	
  0.132189	   0.31958	   0.86122	   2.33079	   6.09142	   14.6356	   30.8653	   56.6586	   90.6981	   130.689	   174.525	   220.573	   264.827	    295.73	   324.426	   346.951	   368.563	   382.891	   406.841	   414.575	   427.573	   426.282	   428.829	   430.773	   434.824	   441.306	   452.013	   468.868	   491.098	   516.133	   542.148	   566.507	   586.965	   602.093	   600.855	   693.398	   708.429	   618.019	   641.535	   664.108	   681.853	   689.914	   685.538	    668.97	   647.722	   612.771	   575.314	   537.973	   501.353	   465.219	   430.598	   398.562	   371.197	   347.048	    326.14	   305.952	   281.722	   264.492	   253.502	   244.387	   239.056	   233.566	   228.883	   229.897	   225.319	   217.107	   207.394	   194.148	   174.655	   157.188	   146.289	
  0.126978	  0.306112	  0.815467	   2.16883	   5.60501	   13.4481	   28.5371	   52.7651	   85.2597	   123.788	   166.187	   210.581	   253.153	   284.035	   312.698	   333.951	   356.864	   373.545	   397.889	   405.996	   415.736	   415.538	   418.095	   421.813	   426.872	    434.66	   445.553	   461.135	   481.591	   506.468	   533.832	   562.429	   589.499	   612.859	   623.214	   722.614	   733.241	   636.332	   659.208	   684.804	   709.464	   729.006	   738.201	   734.119	   716.986	   694.827	   657.895	   618.215	   578.567	   539.628	   501.146	    464.23	   430.027	   400.789	   374.972	   352.608	   330.976	    304.89	   286.336	    274.51	   264.685	   258.955	   253.051	   248.051	    249.21	   244.327	    235.53	   225.119	   210.904	   189.948	   171.142	
  0.121624	   0.29547	   0.78163	   2.04877	    5.1966	   12.3301	   26.1481	    48.701	   79.3202	   116.292	   157.335	   200.425	   241.533	    272.49	    300.53	   320.119	   343.652	   362.566	   386.983	   395.806	    403.16	    404.22	   406.458	   411.967	   418.898	   427.806	    440.13	   455.949	   475.241	   498.431	   525.771	   555.898	   587.514	   617.908	   638.011	   754.934	   763.982	   656.711	   678.709	   703.526	   731.299	   758.098	   779.436	   789.753	   785.895	   768.047	   744.819	   705.701	    663.57	   621.421	   579.978	    538.97	   499.592	   463.072	   431.832	   404.232	    380.31	    357.14	    329.09	   309.132	   296.413	   285.828	   279.662	   273.311	   267.963	   269.252	   264.034	   254.612	   243.461	   228.229	    205.75	
   0.11579	  0.284568	  0.754985	   1.96119	   4.89835	   11.4089	   23.9473	   44.6296	   73.2778	   108.342	   148.045	   190.066	   230.293	   261.038	   288.391	    306.43	   329.868	   349.719	   374.262	     383.7	   389.416	   392.906	   395.576	   402.283	   411.274	   422.358	    436.15	   453.712	   473.689	   496.154	   522.265	   552.943	   586.798	   622.652	   644.244	   776.867	   793.018	   679.846	   702.976	   726.967	   754.017	   784.252	   813.446	   836.827	   848.417	   844.783	   826.102	   801.645	   760.013	   715.098	   670.108	   625.819	   581.941	   539.769	   500.618	   467.109	   437.488	   411.801	   386.889	   356.618	   335.075	   321.353	   309.918	   303.271	   296.423	   290.689	   292.137	   286.544	   276.415	   264.419	   248.026	
    0.1083	  0.271464	  0.726589	   1.88933	   4.67538	   10.7277	   22.1255	   40.8631	   67.2041	   100.231	   138.176	   179.204	   218.942	   249.423	   275.971	    293.26	   316.046	   335.457	   360.005	   369.919	   374.653	   380.648	   385.584	   393.181	   403.052	   415.857	   431.479	   449.975	   471.307	   493.964	   518.707	   547.366	   580.946	   618.165	   644.521	   781.797	   807.423	   701.688	   729.352	   754.573	   780.748	   810.206	    843.08	   874.873	   900.458	   913.371	   909.908	   890.242	   864.351	     819.9	    771.87	   723.709	   676.252	   629.185	   583.912	   541.845	   505.821	   473.962	    446.32	   419.481	   386.765	   363.478	   348.648	   336.275	   329.096	   321.698	   315.535	   317.148	   311.137	   300.224	   287.298	
 0.0999157	  0.254125	   0.69125	   1.81181	   4.48687	   10.2061	    20.756	   37.6913	    61.497	   91.9351	   127.894	   167.373	   206.715	   236.816	   262.868	   280.078	    302.33	    320.35	   344.834	    354.75	    359.01	   367.126	   375.034	   384.055	   394.279	   407.375	   424.081	   443.522	   465.018	   488.177	   512.102	   538.172	   568.305	   603.681	   640.982	   783.034	   807.699	   709.753	   742.917	   772.624	   799.768	   827.915	   859.525	   894.791	    928.95	   956.539	   970.694	   967.472	   947.014	   919.956	     873.1	   822.396	     771.5	   721.298	   671.458	    623.48	   578.863	   540.637	   506.815	   477.457	   448.918	   414.029	   389.192	   373.382	   360.182	   352.541	   344.667	   338.138	   339.921	   333.553	    321.95	
 0.0914824	  0.234187	  0.644815	   1.71542	   4.28204	   9.75064	   19.6721	   35.2207	   56.5538	   83.9253	   117.054	   154.583	   192.767	    222.43	   248.371	    266.46	   288.305	   305.067	   329.179	   338.799	   342.674	   352.506	   363.334	   373.893	   385.502	    398.91	   415.854	   436.147	    458.57	   481.851	   506.242	   531.393	   558.763	   590.463	   633.361	   784.012	   809.273	   707.594	   747.854	   783.288	   815.107	   844.216	   874.361	   908.191	   945.921	   982.507	   1012.18	   1027.68	   1024.81	   1003.68	   975.578	   926.428	   873.146	   819.596	   766.721	   714.165	   663.527	   616.396	   575.997	   540.238	   509.184	   478.961	   441.897	   415.516	   398.741	   384.729	    376.65	   368.322	   361.449	   363.439	   356.733	
 0.0248972	  0.213462	  0.590252	    1.5883	   4.02331	    9.2383	   18.6692	     33.14	    52.499	   76.7108	   106.234	   140.657	   177.073	   205.739	   232.061	   251.721	   273.642	   289.743	   313.281	    322.49	   326.211	    337.08	    350.31	   362.356	   375.626	   390.567	   407.987	   428.542	   452.071	   476.578	   501.388	   527.338	    554.11	    583.33	   623.949	   775.988	   805.658	   704.641	    751.18	   794.474	   832.679	   867.037	   898.493	   931.075	   967.612	   1008.33	   1047.87	   1080.09	   1097.24	    1094.8	   1072.87	   1043.49	   991.538	   935.105	   878.313	   822.168	   766.292	   712.403	   662.201	   619.152	   581.029	   547.909	   515.634	   475.927	   447.675	   429.738	   414.752	   406.154	   397.287	   390.007	   392.262	
 0.0226105	  0.131269	  0.532448	   1.43787	   3.68444	   8.58915	   17.5154	   31.1243	   48.9135	   70.5447	   96.2283	   126.527	   159.762	   187.302	   213.813	   235.384	   257.638	   274.329	   296.801	   306.067	    309.95	   321.333	   335.824	   349.304	    364.16	    380.89	   400.016	   421.137	   445.171	   471.087	   497.484	   524.196	   552.158	   581.159	   619.653	   764.772	   792.621	   698.731	   748.807	     798.8	   845.383	   886.549	   923.598	   957.575	   992.776	    1032.2	   1076.13	   1118.85	   1153.83	   1172.76	   1170.78	   1147.98	   1117.19	   1062.19	   1002.32	       942	   882.297	   822.808	   765.383	    711.84	   665.909	   625.215	   589.847	    555.34	   512.766	   482.483	   463.281	   447.238	   438.076	   428.623	   420.897	
 0.0204684	  0.118115	  0.412934	   1.28069	   3.29372	   7.77217	   16.1038	   28.8693	   45.4415	   65.0421	   87.6003	   113.487	   142.369	   167.758	   194.482	   217.324	   239.952	   258.233	   279.474	   289.227	   293.977	   305.579	   320.223	    334.93	   351.491	   370.129	   391.438	   414.726	   439.923	   467.002	   495.557	   524.719	   554.328	     585.5	    620.63	   761.157	   778.698	   684.041	   733.117	   786.178	   839.193	    888.63	   932.354	   971.771	   1007.97	   1045.47	   1087.44	   1134.21	   1179.79	   1217.28	   1237.89	   1236.47	   1213.05	   1181.21	   1123.69	   1060.97	   997.693	   934.993	   872.445	   812.011	   755.616	   707.221	   664.326	   627.031	   590.603	   545.532	   513.485	   493.195	   476.246	   466.617	   456.678	
 0.0184558	  0.106048	  0.367642	   1.07007	   2.89777	   6.86721	   14.4159	   26.2618	   41.7271	   59.8418	   80.0107	   102.373	   126.613	   148.843	   174.637	   198.256	   220.505	   240.878	   260.759	   271.724	   277.841	   289.922	   303.866	   319.498	   337.365	   357.815	   381.197	   406.924	   434.662	    463.31	   493.454	   525.267	    557.92	    591.31	    626.57	   764.741	   771.279	    666.47	   712.602	   764.262	   820.095	   875.889	   927.936	   974.044	   1015.67	   1053.94	   1093.59	   1137.96	   1187.44	   1235.75	   1275.65	   1297.94	   1297.16	   1273.29	   1240.59	   1180.86	   1115.59	   1049.66	   984.248	   918.921	   855.743	    796.74	   746.091	   701.178	   662.116	   623.918	   576.526	   542.845	   521.557	   503.779	   493.738	
 0.0165453	 0.0949615	  0.327085	  0.942704	   2.47667	   5.97712	    12.613	   23.2851	     37.62	   54.4821	    73.004	   92.7512	   113.397	   132.099	   155.582	   178.392	   199.826	   221.593	   240.393	   252.951	   261.141	   273.742	   286.959	   302.945	   321.421	   342.832	   367.667	   395.143	   425.034	   455.962	   487.346	    520.35	   555.256	   591.302	   635.295	   776.091	   770.078	   654.846	   696.544	    745.18	   799.646	   858.457	   917.208	   972.056	   1020.69	   1064.63	   1105.05	   1146.94	   1193.87	   1246.23	   1297.43	   1339.87	   1363.85	   1363.64	   1339.15	   1305.38	    1243.1	   1174.94	      1106	   1037.55	    969.12	   902.889	    840.99	   787.838	   740.687	   699.664	   659.508	    609.58	   574.105	   551.705	   533.001	
  0.014688	 0.0847426	  0.290989	  0.831952	    2.1629	   5.13399	   10.8904	   20.2079	   33.1073	   48.7693	   66.0008	   84.0426	   102.158	   118.193	   138.504	   158.921	   178.158	    200.61	   218.471	   232.634	   243.304	   256.477	   269.256	   285.393	   303.758	   325.243	   350.443	   378.701	    409.73	   442.194	   475.214	   508.702	   543.944	   581.333	   635.943	   787.731	   776.853	    650.51	   689.174	   733.402	   784.963	   842.672	   904.917	   967.111	    1025.2	   1076.71	   1123.27	   1166.13	   1210.61	   1260.47	   1316.12	   1370.61	   1415.92	   1441.76	   1442.05	   1416.68	   1381.48	   1316.06	   1244.36	   1171.78	   1099.65	   1027.49	   957.595	   892.237	   836.095	   786.274	   742.909	   700.425	    647.52	   609.928	   586.199	
 0.0128856	 0.0750542	  0.258653	  0.736063	   1.89679	    4.4549	   9.35122	   17.3316	   28.5584	   42.6737	   58.7448	   75.5435	   92.1709	   106.368	   123.959	   141.208	   156.979	   178.303	   195.921	   210.857	   224.067	   237.547	   250.681	   266.934	   285.185	    306.25	   331.165	   359.313	   390.798	   424.117	   458.408	   493.261	   528.661	   566.007	   625.618	   789.371	   784.155	   652.907	   691.359	    732.73	   780.012	   835.079	   896.669	   963.072	   1029.42	   1091.36	   1146.29	   1195.95	   1241.73	   1289.28	    1342.6	   1402.14	   1460.51	   1509.15	   1537.09	    1537.8	   1511.14	   1474.02	   1404.59	   1328.42	   1251.27	   1174.55	   1097.73	    1023.3	   953.668	   893.832	   840.712	   794.455	   749.108	   692.583	   652.406	
 0.0111077	 0.0656936	  0.228268	  0.651074	   1.66877	   3.88436	   8.07042	   14.8217	   24.3489	   36.6098	    51.131	   66.8796	   82.5518	   95.7712	   111.211	    126.03	   137.894	   156.379	   173.384	   188.523	   203.543	   216.898	   231.025	   247.702	   265.853	   286.553	   310.752	   338.218	   369.323	   402.885	   437.849	   473.799	   510.404	   547.701	   610.288	   776.805	   779.246	   656.377	   696.291	   737.631	    782.08	   832.809	   891.826	   957.841	   1028.99	   1100.06	   1166.42	   1225.28	   1278.58	   1327.77	    1378.9	   1436.25	   1500.34	   1563.24	   1615.78	   1646.21	    1647.5	   1619.47	   1580.21	   1506.27	   1425.05	    1342.7	   1260.75	   1178.64	   1099.04	   1024.52	   960.474	   903.589	   854.033	   805.418	   744.742	
0.00941721	 0.0564778	  0.199053	  0.571799	   1.46807	   3.39845	   6.99976	   12.7081	   20.7246	   31.0443	   43.6409	   57.9179	   72.8358	   85.4963	   99.5373	   112.809	    121.76	   136.652	   152.296	   166.262	   182.549	   194.922	   210.328	   227.702	   246.212	   266.748	   290.508	   317.181	   347.622	   380.921	   416.327	     453.2	    491.21	   530.073	   593.914	   755.928	   761.048	   653.348	   693.138	   735.695	   779.773	    827.11	   881.056	   943.806	   1014.01	   1089.63	   1165.17	   1235.74	   1298.47	   1355.33	   1407.89	   1462.57	   1523.93	   1592.52	   1659.94	   1716.44	    1749.5	   1751.62	   1722.55	   1681.54	   1603.53	    1517.7	   1430.58	   1343.81	   1256.79	   1172.35	   1093.26	   1025.26	   964.839	   912.184	   860.481	
0.00787434	  0.047802	  0.170644	  0.496693	   1.28367	   2.97627	   6.09772	   10.9648	   17.6847	   26.3254	   36.8563	   49.2391	   62.9001	   75.1577	   88.2537	   100.896	    108.04	   120.146	   133.868	   145.464	   161.455	   172.735	   188.752	   206.916	   226.083	   246.957	   270.546	   296.863	   326.627	   359.482	   394.933	   432.638	   472.039	   512.853	   577.667	   732.805	   737.027	   640.593	   680.863	   722.773	   767.577	   813.954	   863.699	   920.364	   986.266	   1059.98	   1139.36	   1218.69	   1292.94	   1359.02	   1419.01	   1474.57	    1532.4	   1597.32	   1669.92	   1741.39	   1801.49	   1837.05	   1840.14	   1810.46	    1768.2	   1686.95	   1597.39	   1506.37	   1415.62	   1324.51	   1236.04	   1153.11	   1081.78	   1018.39	   963.116	
0.00656851	 0.0399396	  0.144145	  0.424547	   1.11129	   2.59341	   5.32267	   9.52076	   15.2142	   22.4051	   31.1911	   41.4911	   53.3675	   64.6896	   77.1593	   89.5523	   96.0713	   106.386	   118.478	   127.316	   141.296	   151.086	    167.01	   185.188	   204.814	   225.991	    249.53	   275.425	    304.45	   336.253	   370.881	   408.228	   448.047	   489.821	   556.715	   706.831	   710.053	   621.359	   661.803	    703.85	   747.588	   794.299	    842.61	   894.421	   953.415	   1021.99	   1098.69	   1181.29	   1263.97	   1341.41	   1410.44	    1473.2	    1531.4	   1592.05	   1660.15	   1736.34	   1811.45	   1874.81	   1912.69	    1916.8	   1886.75	   1843.58	   1759.66	   1666.98	   1572.68	   1478.56	   1383.97	   1292.04	   1205.81	   1131.63	   1065.66	
0.00553854	 0.0332981	  0.120206	  0.357619	  0.946873	    2.2381	   4.62456	   8.29431	   13.1886	   19.2482	   26.5153	   35.0868	   44.8998	   54.7302	   66.2464	   78.4421	   85.0478	   94.6759	   105.313	   112.272	   123.182	   131.236	   145.639	   163.258	   182.506	   203.685	   227.018	   252.518	   280.588	   311.113	   344.102	   379.973	    418.72	   460.142	   530.174	   678.035	   682.297	   598.705	    638.31	   680.241	   723.826	   769.113	   817.421	   867.387	   920.959	   981.908	   1052.74	   1131.99	   1217.43	   1302.99	    1383.2	   1454.77	   1519.92	   1580.43	   1643.53	    1714.4	   1793.72	   1872.02	   1938.26	   1978.21	   1983.25	   1952.93	   1909.02	   1822.83	   1727.47	   1630.36	   1533.33	   1435.73	   1340.82	   1251.72	   1175.05	
0.00479354	 0.0280507	 0.0999822	  0.297266	  0.794815	   1.90054	   3.97894	   7.19526	    11.476	   16.6708	   22.7648	   29.8153	   37.9197	   45.9296	   56.0819	   67.4259	   74.4836	   84.0838	   93.6055	   99.6314	    107.71	   114.185	   125.831	    142.02	   160.649	    181.39	   204.667	    230.11	   257.892	   287.676	   319.676	   354.249	   391.926	    432.76	   501.476	    647.27	   655.195	   576.564	   615.951	   657.086	   700.616	   745.829	   792.748	    842.79	   894.552	   950.006	   1013.07	   1086.36	    1168.5	   1257.06	    1345.8	   1429.05	   1503.42	   1571.22	   1634.27	   1700.07	      1774	   1856.77	   1938.59	      2008	   2050.23	    2056.3	    2025.7	   1980.98	   1892.28	   1793.99	   1693.78	   1593.56	   1492.65	   1394.45	   1302.21	
0.00425091	 0.0242422	 0.0839881	  0.246328	  0.658022	   1.58922	   3.36735	   6.17911	   9.94088	   14.4893	    19.699	    25.582	   32.1718	   38.6914	   47.1946	   57.0318	   64.1056	   73.9745	   82.5964	    88.643	    94.446	   100.233	   108.648	   122.601	    139.74	    159.76	   182.492	   207.867	   235.625	   265.257	   296.706	   330.513	   367.147	   407.218	   471.625	   612.219	   623.666	   552.681	    593.43	   634.359	   677.086	   722.256	   769.128	    817.76	   869.618	    923.23	   980.638	   1045.92	   1121.91	    1207.1	   1298.97	   1391.08	   1477.58	   1554.94	   1625.54	    1691.3	   1759.98	   1837.16	   1923.61	   2009.17	   2081.96	   2126.62	   2133.81	   2102.91	   2057.34	   1966.01	   1864.61	   1761.11	   1657.52	    1553.1	   1451.41	
0.00381318	  0.021452	 0.0723408	  0.206023	  0.542693	   1.30968	   2.80417	   5.21466	    8.5167	   12.5252	   17.0896	   22.1005	   27.5426	   32.7293	   39.8928	    47.841	   54.3282	   63.9496	   71.9438	   78.4599	   82.8951	   88.6405	   94.5052	   105.758	   120.385	   138.512	   160.005	   184.234	   211.325	   240.329	   270.971	   303.473	   338.476	   376.505	   440.036	    573.25	   585.066	   522.751	   564.083	   606.071	   648.247	   692.233	   738.682	   786.887	   836.891	   890.172	    945.24	    1004.2	   1071.36	   1149.55	   1237.25	   1331.85	   1426.75	   1515.95	   1595.82	   1668.83	   1736.91	   1808.08	   1888.08	   1977.72	   2066.54	   2142.33	   2189.24	   2197.58	   2166.68	   2120.65	   2027.34	   1923.56	   1817.49	   1711.23	   1604.01	
0.00340428	 0.0191858	 0.0637622	   0.17659	  0.451464	   1.07439	   2.29961	   4.32428	   7.16053	   10.6936	   14.7242	   19.1114	   23.7227	   27.9352	   33.8334	   40.2439	   45.6664	   54.3559	   61.5649	   68.6001	   72.4667	   78.6341	   82.8418	   91.9989	   103.869	   119.351	    138.73	   161.403	   187.126	   215.308	    245.19	   276.738	   310.259	   346.449	   407.881	   535.954	   546.135	   488.384	   529.293	   571.539	    614.46	   657.552	   702.443	   749.847	   799.047	    850.04	   904.352	    960.49	   1020.71	    1089.3	   1169.19	   1258.83	   1355.55	   1452.64	   1543.98	   1625.87	   1700.83	   1770.85	   1844.09	   1926.44	   2018.74	   2110.32	   2188.68	   2237.61	   2247.14	   2216.52	   2170.39	   2075.77	   1970.32	   1862.43	   1754.21	
0.00298055	 0.0170637	 0.0567602	  0.154804	  0.384689	  0.888458	   1.87593	   3.52691	   5.90872	   8.94984	   12.5158	    16.395	   20.4425	   24.0035	   28.9023	   33.9494	   38.4807	   45.7019	   51.9427	   58.8511	   62.7933	   69.4141	   72.9831	   80.7919	   90.6323	   103.417	   120.175	   140.703	    164.98	   192.028	   221.423	   252.608	   285.624	   320.826	   377.686	    497.38	    507.87	   454.367	   494.797	   536.612	   579.794	   623.645	   667.635	    713.46	   761.844	    812.03	   864.012	   919.373	   976.719	   1038.24	   1108.32	   1189.97	   1281.62	   1380.53	   1479.89	   1573.44	   1657.42	   1734.38	   1806.37	   1881.72	   1966.47	   2061.49	   2155.89	   2236.88	   2287.84	   2298.54	   2268.15	   2221.88	   2125.85	   2018.63	    1908.8	
0.00252855	  0.014864	 0.0501813	  0.136901	  0.334932	  0.751879	   1.54124	   2.85846	   4.79139	   7.34647	   10.4235	   13.8697	   17.4731	    20.657	   24.8044	   28.8603	   32.5014	   38.3953	   43.5268	   49.6141	   53.6079	   60.5197	   64.1459	   71.1971	   79.5229	   90.0687	   103.835	   121.324	   143.005	   168.152	   195.923	   226.074	   258.101	   292.079	   348.312	    458.21	   466.735	   419.806	   459.023	    500.25	   542.898	   586.923	   631.604	   676.441	   723.147	   772.427	   823.528	    876.45	   932.935	   991.471	   1054.29	   1125.84	   1209.23	   1302.88	   1403.98	   1505.61	   1601.41	   1687.52	   1766.56	   1840.61	   1918.18	   2005.46	   2103.33	   2200.69	   2284.47	   2337.65	   2349.74	   2319.79	   2273.56	   2176.31	   2067.48	
0.00213795	 0.0125453	 0.0434394	  0.120207	  0.294147	  0.650167	   1.29586	   2.33353	   3.86173	   5.92842	   8.51866	    11.504	   14.7357	   17.6599	   21.2896	   24.6781	   27.6558	   32.2415	   36.5771	     41.37	   45.1266	   51.7623	    55.819	   62.4289	   69.7936	   78.5916	    89.813	   103.959	   122.117	   144.143	   169.431	   197.285	    227.51	   259.622	   316.374	   421.387	   427.842	   382.628	   419.209	   458.784	   500.402	   543.452	   587.872	   632.983	   678.272	   725.422	   775.158	   826.744	   880.299	   937.477	   996.766	   1060.41	   1132.92	   1217.44	   1312.41	   1414.98	   1518.19	   1615.61	   1703.35	   1784.05	   1859.79	   1939.22	   2028.58	   2128.82	    2228.7	   2314.96	   2370.31	   2384.01	   2355.05	   2309.53	   2212.02	
 0.0017914	 0.0105773	 0.0365083	  0.103538	  0.256967	  0.568184	   1.11534	   1.95306	   3.14056	   4.76357	    6.8573	   9.38103	   12.2065	   14.9316	   18.1559	   21.1497	   23.6903	   27.2425	   30.8285	   34.4913	   37.6838	   43.5327	   47.7804	   54.2036	   61.0684	   68.8509	    78.263	   89.8872	   104.643	   123.135	   145.338	   170.775	   198.788	   229.202	   282.549	   382.936	   391.883	   346.602	    381.65	   419.561	   460.693	   504.097	   549.151	   595.847	   643.495	   691.541	   741.714	   794.794	   850.183	   907.893	   969.663	   1033.96	   1103.15	   1181.97	   1273.83	    1377.2	   1489.15	   1602.38	   1710.11	   1808.15	   1899.23	   1985.53	   2076.28	   2178.23	    2292.5	   2407.05	    2507.5	   2574.91	    2597.3	   2573.13	   2530.65	
0.00144803	0.00884494	 0.0306737	 0.0866325	  0.220359	  0.494376	  0.971236	   1.67584	   2.62232	   3.86869	    5.5072	   7.55241	   9.96302	   12.4324	   15.3322	   18.0532	   20.3681	   23.1786	   26.2104	   28.8073	   31.5245	   36.2762	   40.3037	   46.3296	   52.9454	   60.1681	   68.5016	   78.3727	   90.5683	   105.655	    124.36	   146.778	   172.471	   200.791	   250.347	   344.144	   355.424	   313.159	   347.335	   383.639	   423.011	   465.816	   511.098	   558.277	   607.347	   657.576	   708.404	   761.623	   818.197	   877.408	   939.271	   1005.62	   1074.89	   1149.57	   1234.65	   1333.79	    1445.5	   1566.72	   1689.84	   1807.68	   1915.76	    2016.9	   2113.41	   2215.08	   2329.23	   2457.11	   2585.87	   2700.01	   2778.98	   2809.54	   2789.69	
0.00116375	0.00713979	 0.0255677	 0.0724858	  0.183597	  0.422412	  0.842608	   1.45637	   2.24701	   3.22892	   4.47613	   6.07613	    8.0423	   10.2148	   12.7664	   15.2828	   17.4609	   19.8132	   22.4633	   24.2646	   26.4338	   30.2712	   33.7097	    39.015	    45.154	    52.022	   59.6777	   68.4459	   78.7764	   91.2014	   106.393	   125.192	   147.732	   173.584	   219.528	   306.069	   318.346	   281.195	   313.076	   347.438	    383.94	   423.506	   466.488	   511.963	   559.342	   608.583	   658.958	   709.912	    763.39	   820.234	    879.73	    941.88	   1008.54	   1078.15	   1153.19	   1238.71	   1338.39	   1450.75	    1572.7	    1696.6	   1815.23	   1924.08	   2026.02	   2123.35	   2225.96	    2341.2	   2470.37	   2600.52	   2716.07	   2796.31	   2827.86	
0.000926697	0.00573918	 0.0206048	 0.0602482	  0.153145	  0.351033	  0.718705	   1.26277	   1.95263	   2.76833	   3.74174	    4.9523	   6.49388	   8.30559	   10.5002	   12.7671	   14.8559	   16.9121	   19.3473	    20.621	   22.3504	   25.3354	   28.2261	   32.5658	   37.9295	   44.2309	   51.4158	    59.447	   68.5688	   79.0361	   91.4679	   106.635	   125.413	   147.947	   189.754	       268	   281.239	   249.912	   279.844	   311.773	   346.188	   382.735	   422.323	   465.339	   510.856	   558.253	   607.489	   657.848	    708.92	   762.519	   819.494	   879.133	    941.43	   1008.25	   1078.05	   1153.31	   1239.08	    1339.1	   1451.89	   1574.33	   1698.76	   1817.98	   1927.45	   2030.06	   2128.11	   2231.55	   2347.76	   2478.07	   2609.51	    2726.4	   2807.91	
0.000729926	0.00457074	 0.0165393	 0.0484154	  0.126888	  0.292009	  0.596188	   1.07643	   1.69286	   2.40618	   3.21054	   4.14736	   5.30905	      6.75	   8.54711	   10.5319	   12.4711	   14.3404	    16.632	   17.6273	   19.0546	   21.3881	   23.6836	   27.1913	   31.5618	   37.0249	   43.5465	   51.0092	   59.2993	   68.4835	   78.8852	   91.2057	   106.242	    124.88	   161.641	   231.209	   244.476	   218.959	   247.496	   277.347	   309.192	   343.506	   379.927	   419.396	   462.291	   507.662	   554.892	   603.951	   654.276	   705.321	   758.895	   815.848	   875.477	   937.766	   1004.59	   1074.41	   1149.71	   1235.55	   1335.67	   1448.63	   1571.28	   1696.01	   1815.58	   1925.48	   2028.59	   2127.24	   2231.36	   2348.39	   2479.68	   2612.23	   2730.36	
0.000492398	0.00359419	 0.0131375	 0.0387051	  0.101477	  0.240866	   0.49416	  0.890567	    1.4399	   2.08172	   2.78494	   3.55294	   4.44496	   5.53614	   6.93785	   8.57808	   10.3131	   11.9822	   14.1665	   15.0221	    16.297	    18.169	   19.9856	   22.6935	   26.2108	   30.6421	   36.2513	   42.9351	   50.5708	   58.8641	   67.9344	   78.1728	   90.2998	   105.118	    136.31	   196.477	   209.252	   188.652	   215.688	   244.003	    273.63	   305.227	   339.256	   375.395	    414.57	   457.131	   502.139	   548.992	   597.814	   647.908	   698.729	   752.074	   808.791	   868.188	   930.239	   996.823	   1066.42	   1141.48	   1227.07	   1326.94	   1439.66	   1562.09	   1686.66	   1806.18	   1916.14	   2019.41	   2118.33	   2222.81	   2340.28	   2472.13	   2605.38	
0.000320088	0.00242066	 0.0102735	 0.0305373	 0.0805064	  0.191175	  0.404876	  0.733238	   1.18467	   1.76092	   2.39558	   3.06383	   3.79072	   4.62869	   5.66329	   6.94369	   8.39365	   9.83638	   11.8472	    12.653	   13.8458	   15.4325	   16.9061	   18.9853	   21.6931	   25.2425	   29.7701	   35.4323	   42.2146	   49.8048	   57.9532	   66.8354	   76.8572	   88.7418	   114.587	   165.198	   176.289	   159.933	   184.745	   211.418	   239.361	   268.594	   299.755	   333.331	   369.002	   407.661	   449.654	   494.065	   540.457	   588.809	   638.435	   688.793	   741.658	   797.874	   856.761	   918.284	   984.313	   1053.35	   1127.83	   1212.78	   1311.92	   1423.88	   1545.52	   1669.34	   1788.24	   1897.74	    2000.7	   2099.42	   2203.78	   2321.14	   2452.92	
0.000200811	0.00156731	0.00687389	 0.0236591	  0.062877	  0.150133	  0.318418	  0.594787	  0.966941	   1.43788	   2.01059	   2.61375	   3.24643	   3.93009	   4.69985	   5.63951	   6.77541	   7.93438	   9.71135	     10.45	   11.6009	   12.9939	   14.2652	   15.8936	   17.9668	   20.6928	   24.3029	   28.8013	   34.5048	   41.2037	    48.626	    56.573	   65.2333	   75.0149	    96.575	    138.39	   146.834	   133.352	   155.606	   179.928	   206.083	   233.482	   262.131	   292.682	   325.611	   360.587	   398.488	   439.664	   483.376	    529.05	   576.666	   625.547	   675.161	   727.249	   782.648	   840.691	   901.337	   966.434	   1034.52	   1107.99	   1191.79	   1289.64	   1400.19	   1520.32	   1642.68	   1760.26	   1868.65	   1970.66	   2068.58	   2172.16	    2288.7	
0.000121114	  0.000978	0.00442015	 0.0156735	 0.0481784	  0.115964	  0.247562	  0.462566	  0.776666	   1.16379	   1.62996	   2.17691	   2.75339	   3.35215	   3.96082	   4.65588	   5.48885	   6.35277	   7.82596	   8.46954	   9.53749	   10.7964	    11.937	   13.2838	   14.9006	   16.9843	   19.7528	   23.2738	   27.7787	   33.3756	   39.8914	   47.0995	   54.8187	    63.241	   81.4734	   116.178	   121.759	   109.837	   128.814	   150.482	   174.175	   199.657	   226.339	   254.251	   284.026	   316.111	   350.188	   387.123	    427.42	   470.215	   514.946	   561.592	   609.493	   658.123	   709.187	   763.505	    820.43	   879.912	   943.772	   1010.58	    1082.7	   1164.97	   1261.07	   1369.68	   1487.75	   1608.08	   1723.79	   1830.57	   1931.18	   2027.86	   2130.19	
7.00626e-05	0.000586714	0.00274226	0.00998985	 0.0315845	 0.0879226	  0.189415	  0.355853	  0.599265	  0.928634	   1.31259	    1.7581	    2.2886	   2.83978	   3.36127	   3.91015	   4.52666	   5.11738	   6.27388	   6.76904	   7.71502	   8.82561	   9.88042	   11.0398	   12.3651	   13.9852	   16.1001	   18.7451	   22.2515	   26.6432	   32.0534	   38.3468	   45.3146	   52.7868	   68.5202	   97.5768	   101.104	   89.9939	   105.261	     123.6	   144.557	   167.478	   192.126	   217.946	   244.967	   273.784	   304.835	   337.821	   373.749	   412.964	   454.629	   498.197	   543.646	   590.334	   637.747	   687.542	   740.521	   796.058	   854.096	   916.418	   981.646	   1052.07	   1132.42	   1226.32	   1332.49	   1447.94	   1565.67	   1678.99	   1783.67	   1882.41	   1977.41	
3.8913e-05	0.000338705	0.00164197	0.00616578	 0.0199913	  0.057237	  0.142611	  0.270465	  0.459267	  0.715851	   1.04726	   1.41751	   1.85458	    2.3677	   2.84369	   3.31625	   3.80532	   4.20993	   5.07507	   5.40302	    6.1759	   7.12441	   8.07392	   9.10763	   10.2347	   11.5528	   13.1941	   15.1624	    17.784	   21.1777	   25.3912	   30.5808	    36.625	   43.3276	   57.0235	   81.6511	   83.9246	   73.7792	    85.491	     100.1	   117.671	   137.761	    159.73	   183.365	    208.13	   234.034	    261.65	   291.412	   323.195	   357.829	   395.646	   435.838	   477.877	    521.74	   566.806	   612.577	   660.652	   711.803	   765.431	   821.471	   881.654	   944.655	   1012.68	   1090.33	   1181.08	   1283.74	    1395.4	   1509.32	   1619.03	   1720.45	    1816.2	
2.08017e-05	0.000188844	0.000951785	0.00369679	 0.0123404	 0.0362543	  0.093124	  0.204601	  0.351996	  0.555381	  0.820158	   1.15018	   1.52067	   1.95231	   2.40218	   2.84214	   3.26951	   3.58076	   4.24262	   4.41622	   5.00444	   5.77132	   6.60004	   7.50695	   8.49857	   9.60719	   10.9337	   12.4074	   14.3453	   16.8577	   20.0786	   24.0743	   29.0011	   34.7449	   46.6303	   67.5559	     69.34	   60.4132	   69.4285	   80.5159	   94.3744	   111.064	   130.153	   151.042	   173.526	   197.074	   221.695	   247.944	     276.4	   306.806	   339.957	    376.17	   414.673	   454.956	   496.998	   540.202	   584.089	   630.187	   679.241	   730.677	   784.424	    842.15	   902.593	   967.869	   1042.38	   1129.51	   1228.12	    1335.4	    1444.9	   1550.41	   1648.03	
1.07231e-05	0.000101793	0.000534171	0.00215067	0.00741528	 0.0224354	  0.059258	  0.135318	  0.269361	  0.432117	  0.648157	  0.920124	   1.25403	   1.62456	   2.00874	   2.43137	   2.83357	   3.11453	   3.65588	   3.73346	   4.14436	   4.72944	   5.40549	   6.17949	   7.03938	   8.00194	   9.10609	   10.2442	   11.6817	   13.5154	   15.8666	   18.8795	   22.6198	   27.2385	   37.2142	   54.8632	   56.5745	   49.1869	   56.2754	   64.7101	   75.1044	   88.1255	   103.828	   121.813	   141.508	   162.704	   184.897	   208.098	   232.996	   260.006	   288.887	   320.396	   354.834	   391.467	   429.808	   469.836	   510.982	   552.787	   596.706	   643.446	   692.465	   743.688	   798.709	   856.336	   918.581	   989.652	   1072.78	   1166.91	   1269.34	   1373.95	   1474.82	
5.37108e-06	5.40742e-05	0.00029131	0.00121556	0.00433071	 0.0135128	 0.0367642	 0.0874336	  0.180923	  0.333484	  0.509419	  0.735363	   1.00753	   1.34027	   1.67263	   2.03451	   2.42058	   2.70013	   3.17758	    3.2135	   3.49942	   3.90918	   4.42014	   5.03537	   5.75981	   6.58329	    7.5294	   8.42933	    9.5291	   10.8723	   12.5642	   14.7333	   17.5191	   20.9847	   28.9961	   43.4201	   45.2334	    39.491	   45.3132	   51.8634	   59.6672	    69.305	     81.41	   96.0467	   112.837	   131.227	   151.022	   171.746	   193.569	   217.007	   242.453	   269.686	   299.422	   331.943	   366.557	   402.805	   440.661	   479.591	   519.158	   560.734	    604.99	   651.417	   699.934	   752.059	   806.669	    865.67	   933.053	    1011.9	   1101.22	   1198.45	   1297.81	
2.60694e-06	2.76755e-05	0.000157268	0.000664254	0.00244547	0.00787441	 0.0221034	  0.055296	  0.118978	  0.227801	   0.39574	  0.582824	  0.805857	   1.07818	   1.37992	   1.69414	   2.02492	   2.30941	   2.75364	   2.78943	   3.00689	   3.29272	   3.64463	   4.09617	   4.66509	   5.34983	   6.14841	   6.87875	   7.73903	   8.75347	   9.97385	   11.5103	   13.4859	    16.033	   22.1682	   33.4887	   35.1664	   31.0111	   35.9308	   41.2427	   47.2145	   54.3378	   63.1581	   74.2841	   87.7783	   103.276	   120.256	    138.54	   157.834	   178.168	   200.026	   223.781	    249.23	   277.043	   307.485	   339.906	   373.875	   409.367	    445.88	   483.005	   522.025	   563.569	   607.162	   652.723	    701.68	   752.988	   808.434	   871.771	   945.912	   1029.94	   1121.46	
1.2195e-06	1.3743e-05	8.08448e-05	 0.0003604	0.00132641	0.00440871	 0.0127818	 0.0340179	  0.076618	  0.152288	  0.274569	   0.45437	   0.63703	  0.861672	   1.11078	   1.39669	   1.68447	   1.93573	   2.35475	   2.41348	   2.60386	   2.81951	   3.05921	   3.35745	   3.76983	   4.30139	   4.95672	   5.53524	   6.22494	   7.00794	    7.9156	   9.00506	   10.3804	   12.1571	   16.7815	   25.2887	   26.5687	   23.6155	   27.8098	   32.2396	   37.0103	   42.3665	   48.7642	   56.7218	   66.8116	   79.0853	   93.2018	   108.678	   125.497	    143.26	   161.998	    182.16	   204.098	   227.625	   253.364	   281.557	   311.603	   343.099	   376.021	   409.903	   444.363	   480.593	   519.174	   559.668	    601.99	   647.474	   695.155	   746.693	   805.581	   874.541	   952.743	
5.55374e-07	6.73483e-06	4.09735e-05	0.000186925	0.000724608	0.00237805	 0.0071151	 0.0203506	 0.0482185	 0.0998476	  0.186558	  0.319996	  0.494113	  0.679262	  0.886636	     1.124	   1.38629	   1.61111	   1.97329	   2.05981	    2.2458	   2.43032	   2.60622	   2.79698	   3.06525	   3.44642	   3.94952	   4.38864	   4.92787	   5.54727	   6.23719	   7.03381	   7.99055	   9.20382	   12.5841	   18.8654	   19.5862	   17.4144	   20.8108	    24.537	   28.4569	   32.6627	   37.3756	   43.0227	   50.0859	   59.0925	   70.0905	   82.7648	   96.8137	   112.102	   128.264	    145.33	   163.717	    183.75	   205.259	   228.817	   254.643	   282.184	    311.07	   341.277	   372.375	   404.016	   437.291	   472.735	   509.941	    548.83	   590.627	   634.455	   681.838	   735.995	   799.442	
2.51231e-07	3.33348e-06	2.11436e-05	9.73674e-05	0.000379916	0.00130956	0.00382573	  0.011854	 0.0296016	 0.0639613	    0.1241	  0.220358	  0.349379	  0.524833	  0.697379	  0.896041	   1.11457	   1.32411	   1.63883	   1.72148	   1.90898	   2.08389	   2.23076	   2.35981	   2.52738	   2.77254	   3.12992	   3.43039	   3.83419	    4.3112	   4.84901	    5.4443	   6.13066	   6.95659	   9.40388	   13.9024	   14.2098	   12.4736	   15.0169	   17.9841	   21.2312	   24.6276	   28.2524	   32.3098	   37.1908	   43.3342	   51.2268	   60.9133	    72.244	   84.8253	   98.5378	    113.05	   128.392	   144.946	   163.009	   182.429	   203.724	   227.091	   252.027	   278.195	   305.571	   333.766	   362.463	   392.652	   424.814	   458.582	   493.876	   531.812	     571.6	   614.627	   663.818	
1.17265e-07	1.73326e-06	1.16791e-05	5.34119e-05	0.000204226	0.000696904	0.00213402	0.00675414	 0.0177384	 0.0399422	 0.0804926	  0.148174	  0.241587	  0.373236	  0.537548	  0.703756	  0.887466	    1.0616	   1.34072	   1.42251	   1.58688	   1.75856	   1.89519	   1.99528	   2.10428	   2.25446	   2.48231	   2.65959	   2.93167	   3.28271	   3.68989	   4.14647	   4.64954	   5.22923	   6.99993	   10.1787	   10.1346	   8.74586	   10.4651	   12.6362	   15.1712	   17.9342	   20.8007	   23.8422	   27.2404	   31.3457	   36.5578	   43.3225	   51.8145	   61.7848	   72.8778	   84.9894	   97.8229	    111.41	   126.094	   142.142	   159.422	   178.394	   199.232	   221.486	   244.851	   269.304	   294.497	   320.146	   347.136	   375.895	   406.091	   437.648	   471.568	   507.149	   545.635	
5.89081e-08	9.80975e-07	7.21732e-06	3.23781e-05	0.000118134	0.000386487	0.00115904	 0.0039131	 0.0103875	 0.0242936	 0.0507638	 0.0968654	  0.163322	  0.259889	  0.384986	  0.542156	  0.696801	  0.839409	   1.06694	   1.15415	   1.30043	   1.44791	    1.5795	   1.66893	   1.74923	   1.84313	   1.98021	   2.05824	   2.21523	   2.44582	   2.73937	   3.07844	   3.45717	   3.87255	   5.16608	   7.39558	   7.14083	   5.98414	   7.08574	   8.50069	   10.3026	   12.4076	   14.6879	   17.0293	   19.4916	   22.2313	   25.5618	   29.8438	    35.609	    42.908	    51.515	   61.1124	   71.6111	   82.7499	   94.5595	   107.344	   121.343	   136.436	   153.031	   171.277	   190.774	   211.251	   232.688	   254.776	   277.266	   300.935	   326.156	   352.631	   380.291	   410.019	   441.201	
3.20586e-08	5.8966e-07	4.81031e-06	2.13358e-05	7.39949e-05	0.000228224	0.000654081	0.00217299	0.00602692	 0.0143182	 0.0309918	 0.0612634	  0.107574	  0.177164	  0.270384	  0.391309	   0.53742	  0.650258	  0.831967	  0.905832	   1.04115	   1.16976	   1.28036	   1.36142	   1.43001	   1.49493	   1.57696	   1.59898	   1.66417	   1.79109	   1.97757	   2.21619	     2.491	   2.79685	   3.73756	   5.29933	   4.95542	   4.00641	   4.62798	   5.48699	   6.60507	    8.0457	   9.72879	   11.5374	   13.3645	    15.257	   17.3494	   19.9188	   23.4068	   28.1907	   34.3114	   41.5657	   49.6733	   58.5599	    67.999	   78.0197	   88.8871	   100.808	    113.68	   127.851	   143.446	   160.116	   177.625	   195.953	   214.833	   234.049	   254.268	   275.807	   298.404	   321.994	   347.337	
4.27936e-08	1.32809e-06	9.88437e-06	4.36885e-05	0.000144041	0.000409852	0.00107892	0.00298686	0.00823369	 0.0207726	  0.047592	  0.100599	  0.196756	  0.355167	  0.588998	   0.91721	    1.3471	   1.81708	   2.44095	    2.8023	   3.33061	    3.8828	   4.36402	   4.73069	   5.04538	   5.31618	   5.57116	   5.86346	   6.12014	    6.3932	   6.74723	   7.23331	   7.87941	   8.69056	   11.1511	   14.9542	   13.7679	   11.3066	   12.6197	   14.2737	   16.4411	   19.2678	   22.9222	   27.4386	   32.7125	   38.5492	   44.8656	    51.758	   59.6064	   69.1704	   81.4064	   97.0414	   116.371	   139.303	   165.686	   195.164	   227.518	   262.882	   301.574	   343.717	   389.776	   440.211	    494.97	   553.767	   616.369	    682.32	   751.062	   822.899	   898.373	   977.587	   1060.55	
         	         	         	         	         	         	         	         	         	         	         	         	         	         	         	         	         	         	         	         	         	         	         	         	         	         	         	         	         	         	         	         	         	         	         	         	         	         	         	         	         	         	         	         	         	         	         	         	         	         	         	         	         	         	         	         	         	         	         	         	         	         	         	         	         	         	         	         	         	         	         	
         	         	         	         	         	         	         	         	         	         	         	         	         	         	         	         	         	         	         	         	         	         	         	         	         	         	         	         	         	         	         	         	         	         	         	         	         	         	         	         	         	         	         	         	         	         	         	         	         	         	         	         	         	         	         	         	         	         	         	         	         	         	         	         	         	         	         	         	         	         	         	
  0.512602	   1.44959	   2.86099	    6.1222	   13.5936	   29.3801	   58.6984	   104.391	   164.118	   232.949	   305.569	   376.255	   438.359	   497.531	   535.664	   547.521	   553.904	   585.006	   631.413	   651.101	   643.024	   605.949	   538.654	    443.29	   320.371	   225.382	   177.322	   154.741	   138.224	   115.659	     95.27	   82.0174	   71.1626	   65.2039	    56.304	   51.7462	   55.8315	   52.5283	    47.714	   43.4452	   39.7767	   36.5563	   33.6631	   31.1158	   28.9054	   26.8945	   25.0276	   23.2874	   21.6559	   20.1193	   18.6653	   17.2859	   15.9809	   14.7522	   13.5985	   12.5169	   11.5052	   10.5615	   9.68434	   8.87259	   8.12483	     7.439	   6.81219	     6.241	   5.72176	   5.25073	   4.82387	   4.43697	   4.08635	   3.76868	   3.48079	
 0.0426087	  0.209404	  0.495616	   1.02538	   2.20391	   4.67277	   9.21967	   16.2716	   25.1946	   34.5448	   42.8285	   48.7002	    53.164	   61.6856	   66.7389	     73.54	   80.1223	   82.5451	   82.0511	   81.4739	    82.358	   82.4213	   79.7447	   74.2959	   66.0336	   53.9751	   42.2462	   35.5464	   32.7969	    30.786	   27.0486	   23.3055	   20.6266	   18.2631	   15.8272	   14.9766	   16.2558	   15.1417	    13.833	   12.6348	   11.6162	   10.7426	   9.96694	   9.25373	    8.6122	    8.0417	   7.51463	   7.02144	   6.55936	   6.12407	   5.71092	   5.31738	    4.9431	   4.58919	   4.25599	   3.94294	   3.64919	   3.37405	   3.11711	   2.87791	   2.65601	   2.45093	   2.26209	   2.08873	   1.92999	   1.78496	    1.6527	   1.53219	   1.42236	   1.32223	   1.23095	
0.00541958	 0.0289596	 0.0939431	  0.222532	  0.493929	   1.10444	    2.3682	   4.66116	   8.15888	   12.7182	   17.8882	    23.121	   28.3761	   33.7919	   38.0107	   41.3495	   45.1509	   47.4866	    47.805	    48.517	   48.3095	   48.3368	   49.1719	   46.9203	   43.5416	   39.2838	   32.8706	   26.1198	   22.2183	   20.5611	   19.1911	   16.8096	   14.4219	   12.6402	   10.2675	   9.74871	   10.8384	   10.2247	   9.14508	   8.30469	   7.55218	   6.91071	   6.35533	   5.85717	    5.3987	   4.98466	   4.61382	   4.27191	   3.95402	   3.65791	   3.38078	   3.11987	   2.87395	   2.64292	   2.42706	   2.22614	   2.03949	   1.86636	    1.7061	   1.55819	   1.42206	   1.29717	   1.18295	   1.07882	  0.984136	  0.898225	  0.820417	  0.750052	  0.686455	   0.62895	   0.57693	
0.000342012	0.00338507	 0.0150978	 0.0481526	  0.119816	  0.281612	  0.658822	   1.46574	   2.96369	   5.33843	   8.59772	   12.5345	   17.0878	   20.8626	   24.5294	    27.989	   30.2996	   32.4428	   33.5049	   34.6395	   35.4458	   34.7351	   35.4987	    34.823	    32.289	   29.2191	   25.7117	   20.8623	   16.0201	   13.1089	   11.5975	   10.2993	    8.5433	   6.89887	   5.39541	   4.94981	   5.59586	   5.48742	    4.9284	   4.41358	   4.01821	   3.66391	    3.3609	   3.09695	   2.85883	   2.63881	   2.43961	   2.26087	   2.09601	   1.94251	   1.79933	   1.66511	   1.53858	   1.41918	   1.30689	   1.20186	   1.10399	   1.01296	  0.928427	  0.850084	  0.777687	  0.710978	  0.649693	  0.593574	  0.542344	  0.495698	  0.453319	  0.414887	  0.380085	  0.348589	  0.320072	
         	0.000200294	 0.0020436	0.00937353	 0.0304551	 0.0775503	  0.187229	  0.448322	   1.01455	   2.08056	   3.79133	   6.16726	   9.20037	   11.8618	   14.4225	   17.2476	   19.5432	   21.0131	   22.1384	    23.538	   24.5794	   24.5687	    24.618	   24.2524	   23.6934	   21.9173	   19.7973	   17.3288	   13.9373	   10.5873	   8.55103	   7.45205	   6.49888	   5.27083	   4.04266	   3.50404	   3.69069	   3.66338	   3.30815	   2.97015	   2.66195	   2.42638	   2.21498	   2.03351	    1.8748	    1.7312	   1.59836	   1.47805	   1.37022	   1.27075	   1.17813	   1.09173	   1.01072	  0.934328	  0.862226	  0.794397	  0.730935	  0.671777	  0.616737	  0.565604	    0.5182	  0.474377	  0.433981	  0.396855	  0.362845	  0.331785	  0.303494	  0.277781	  0.254454	  0.233323	  0.214192	
         	         	0.000164888	0.00164902	 0.0074347	 0.0236681	 0.0596381	  0.142638	  0.338021	  0.756758	   1.53477	   2.76479	   4.50874	   6.23551	   8.03697	   9.91781	   11.7179	   13.3463	   14.1481	   15.3465	   16.4885	   16.6872	   17.0528	   16.5366	   16.3153	   15.9793	   14.8227	   13.4082	   11.7206	   9.40681	   7.12797	    5.7401	   4.98012	   4.31629	   3.38311	   2.83754	   2.89652	   2.70361	   2.42757	   2.19916	   1.98271	    1.7854	   1.63525	   1.49954	   1.38243	   1.27953	     1.186	   1.09908	    1.0202	  0.949333	  0.883732	  0.822395	  0.764929	  0.710808	  0.659522	  0.610875	  0.564891	  0.521668	  0.481195	  0.443372	   0.40808	   0.37522	  0.344714	  0.316479	  0.290425	  0.266467	  0.244506	  0.224431	  0.206122	  0.189457	  0.174311	
         	         	         	0.000138418	0.00135002	0.00595179	 0.0185421	 0.0458444	  0.107924	  0.251804	  0.555002	   1.10807	    1.9901	   3.00624	   4.17133	   5.43745	    6.5861	   7.93429	   8.94784	   9.75384	    10.688	   11.0493	   11.4243	   11.3981	   11.1193	   11.0501	   10.9058	   10.1867	   9.26234	   8.13924	   6.57157	   5.01606	   4.07079	   3.55947	   2.95668	   2.63397	    2.5321	   2.22657	   1.92675	   1.72999	   1.56859	   1.41632	   1.27759	   1.17195	   1.07597	  0.992837	  0.919634	  0.852997	  0.791047	  0.734793	  0.684238	  0.637406	  0.593582	  0.552491	  0.513759	   0.47702	  0.442139	  0.409137	  0.378088	   0.34899	  0.321774	  0.296358	  0.272674	  0.250669	  0.230286	  0.211465	  0.194144	  0.178257	  0.163724	  0.150462	  0.138383	
         	         	         	         	0.000111045	0.00106483	0.00463674	 0.0141605	 0.0345562	 0.0803845	  0.185281	  0.403247	  0.803368	   1.34198	    2.0402	    2.8514	   3.62932	    4.5531	     5.463	   6.31674	   6.94306	   7.27552	   7.67146	   7.81179	   7.83795	   7.69496	   7.69816	   7.63814	   7.16111	   6.53639	   5.76893	   4.68304	   3.59618	   2.93554	    2.4487	   2.51111	   2.50685	   2.09167	   1.80704	   1.56245	   1.40305	   1.27306	   1.15066	    1.0389	  0.953572	  0.875738	  0.808168	   0.74858	  0.694338	  0.643883	  0.598057	  0.556867	  0.518703	  0.482987	  0.449494	   0.41792	   0.38797	  0.359535	   0.33263	  0.307318	  0.283596	  0.261409	  0.240691	  0.221386	  0.203452	  0.186842	  0.171505	  0.157394	  0.144452	  0.132616	  0.121816	
         	         	         	         	         	9.22759e-05	0.000875407	0.00375469	 0.0112941	 0.0272503	 0.0627166	  0.142959	  0.310477	  0.576742	  0.970632	   1.48127	   2.02338	    2.7056	   3.39647	    4.1532	    4.8216	   5.05187	   5.38506	    5.6468	   5.78615	   5.84581	   5.77845	   5.80817	   5.78541	    5.4451	   4.99323	   4.43215	   3.62063	    2.7987	   2.33604	   2.46969	    2.5767	   2.20342	    1.8638	   1.60968	   1.39228	   1.25154	   1.13716	   1.02924	  0.930341	  0.854685	  0.785483	  0.725313	  0.672238	  0.623878	  0.578858	  0.537952	  0.501177	  0.467089	   0.43517	   0.40522	  0.376969	  0.350153	  0.324674	  0.300551	   0.27784	  0.256541	  0.236608	  0.217983	  0.200617	  0.184473	  0.169512	  0.155691	  0.142966	  0.131289	  0.120605	
         	         	         	         	         	         	7.91185e-05	0.000748548	 0.0032105	0.00963356	 0.0232574	 0.0535667	  0.123228	   0.25086	  0.468552	  0.791119	   1.19273	   1.72347	   2.30551	   2.92269	   3.56316	   3.95193	   4.19894	   4.45212	   4.65225	   4.74942	   4.77519	   4.67579	   4.65149	   4.57814	   4.25332	   3.84744	   3.36258	   2.69798	   2.25328	   2.28595	   2.48952	     2.256	   1.95433	   1.65489	   1.43195	   1.24145	   1.11904	    1.0196	  0.925247	  0.838346	  0.771896	    0.7109	  0.657819	  0.610923	  0.568104	  0.528149	  0.491791	  0.459071	  0.428685	  0.400171	  0.373356	  0.348001	  0.323871	  0.300884	  0.279063	  0.258469	   0.23911	  0.220949	  0.203939	  0.188044	  0.173235	   0.15948	  0.146747	     0.135	    0.1242	
3.89358e-08	9.88563e-08	2.32482e-07	5.65465e-07	1.3684e-06	3.08712e-06	6.23758e-06	1.08978e-05	0.000173557	0.00133962	 0.0049996	 0.0139629	 0.0320933	 0.0702836	   0.15063	   0.30446	  0.559039	  0.947023	   1.43402	    1.9881	   2.55947	   3.05114	   3.59374	   3.79651	    3.9914	   4.21675	   4.27432	   4.27615	   4.13565	   3.91257	   3.86854	   3.53742	   3.09362	   2.64193	   2.46162	   2.48008	    2.5238	   2.34349	   2.21463	   2.03284	   1.66955	   1.48568	   1.26577	   1.13756	   1.04691	  0.958824	  0.875129	  0.806741	  0.746677	  0.694227	  0.648476	  0.607165	  0.568507	  0.531963	   0.49972	  0.469864	  0.441663	  0.414955	  0.389607	  0.365296	  0.341905	  0.319417	  0.297943	  0.277559	   0.25826	  0.240021	  0.222813	  0.206628	  0.191458	  0.177287	  0.164097	
4.9516e-06	1.41683e-05	3.67165e-05	9.22442e-05	0.000214251	0.000431784	0.000740324	0.00111644	0.00153836	0.00215654	0.00382477	0.00805748	 0.0178367	 0.0347123	  0.072043	  0.152611	  0.310795	  0.587353	  0.990986	   1.49624	     2.036	   2.57968	    3.0989	   3.61908	   3.84686	   4.06365	   4.31413	   4.36004	   4.35152	    4.1889	   3.93717	   3.86306	   3.50131	   3.03068	   2.94908	    3.4665	   3.41992	   2.64889	   2.41291	   2.27936	   2.09154	   1.71691	   1.52826	   1.30249	   1.17122	   1.07843	  0.988143	  0.902213	  0.831973	  0.770185	  0.716168	   0.66901	  0.626402	  0.586515	    0.5488	  0.515524	  0.484712	  0.455608	  0.428045	  0.401886	  0.376797	  0.352659	  0.329453	  0.307293	  0.286257	  0.266342	  0.247521	  0.229763	  0.213062	  0.197408	  0.182785	
8.1793e-05	0.000243897	0.000634333	0.00159375	0.00371399	0.00753602	 0.0130057	 0.0196633	 0.0271131	 0.0350618	 0.0432146	 0.0518821	 0.0624489	 0.0727164	 0.0886868	  0.124677	  0.205712	  0.372239	  0.663752	   1.08553	   1.58022	   2.12909	   2.69278	    3.2187	   3.81031	   4.10695	   4.40351	   4.71902	   4.82798	   4.87688	   4.75518	   4.53572	   4.52687	   4.19101	   3.83557	   4.62038	   5.10764	   3.75122	   3.06068	   2.78814	   2.63375	   2.41718	   1.98525	   1.76863	   1.50882	   1.35784	   1.25112	   1.14718	   1.04816	  0.967118	  0.895712	  0.833237	  0.778646	  0.729293	  0.683074	  0.639363	  0.600791	  0.565068	  0.531318	  0.499346	  0.468996	   0.43988	  0.411857	  0.384908	  0.359163	  0.334715	  0.311559	  0.289667	  0.269003	  0.249561	   0.23133	
0.000492205	0.00153246	 0.0038999	0.00966784	 0.0227054	 0.0476729	 0.0869558	  0.139194	  0.201281	  0.269592	  0.339028	  0.403698	   0.46162	  0.480896	  0.490258	   0.49636	  0.511945	  0.573054	   0.73183	   1.01989	   1.40465	   1.90636	   2.44618	   3.02374	   3.61696	   4.30318	   4.69291	   5.06733	   5.50069	   5.70634	   5.85282	   5.80421	   5.64653	   5.76296	   5.26895	   6.19701	   7.13503	   6.01659	   4.82641	   3.95095	   3.59927	   3.39787	   3.11891	   2.56904	   2.29166	   1.95975	   1.76548	   1.62761	   1.49355	   1.36579	   1.26081	   1.16815	   1.08709	   1.01617	  0.952025	  0.892014	  0.835327	  0.785252	  0.738871	   0.69506	  0.653562	  0.614169	  0.576381	  0.540013	  0.505036	  0.471613	   0.43986	  0.409769	  0.381303	   0.35442	  0.329109	
0.00195494	 0.0062324	 0.0155497	 0.0378375	 0.0891154	  0.192513	  0.369026	  0.622743	  0.942089	   1.30482	   1.68271	   2.04078	   2.35892	   2.47364	   2.51306	   2.50284	   2.40707	   2.30477	   2.29732	   2.35996	   2.50194	   2.81684	    3.2106	   3.72003	   4.31753	   4.96235	   5.76072	   6.20755	   6.70114	    7.2993	   7.64364	   7.93352	   7.97675	   7.91901	   7.60719	   8.75963	   9.85677	   9.23155	     8.317	   6.74018	   5.56533	   5.06387	   4.76368	   4.36864	   3.62602	   3.23859	   2.78403	   2.50999	   2.31255	   2.12178	   1.94048	   1.79003	   1.65702	   1.54112	   1.43952	   1.34763	   1.26217	   1.18192	   1.11086	    1.0451	   0.98313	  0.924547	  0.869032	  0.815887	  0.764841	  0.715827	  0.669033	   0.62459	  0.582471	  0.542623	  0.504977	
 0.0126973	 0.0187683	 0.0465212	  0.111672	  0.262548	  0.576892	   1.14156	   1.99727	   3.11674	    4.4195	   5.80304	    7.1486	   8.37347	   8.93339	   9.26123	   9.27595	   8.95967	   8.50411	   8.23018	    7.8833	    7.3731	   7.27902	   7.16511	   7.38479	   7.75663	   8.25543	   8.85237	   9.66078	    10.109	   10.6804	   11.4566	   11.9094	   12.3142	   12.4131	   11.5239	    13.105	   14.4147	   13.9894	   13.2744	   12.0259	   9.93446	    8.3282	   7.55644	    7.0628	   6.46263	   5.43666	   4.86171	   4.21475	   3.80081	   3.49378	   3.20044	   2.92365	   2.69064	   2.48468	   2.30672	   2.15028	   2.00898	   1.87907	    1.7586	   1.65152	    1.5527	   1.46003	   1.37281	    1.2905	   1.21206	   1.13703	   1.06525	  0.996872	   0.93199	  0.870516	  0.812353	
 0.0329737	 0.0507141	  0.106149	  0.253899	  0.597027	   1.32591	   2.67941	   4.81157	   7.68368	   11.0904	    14.754	   18.3933	   21.7856	   23.6601	   25.1373	   25.6768	   24.7716	   23.9871	   23.3361	   22.2554	   20.4328	    19.208	   18.0884	   17.5168	   17.2359	   17.1163	   17.1828	   17.8069	   18.5032	   18.6902	   19.1366	   19.9141	   20.2234	   20.5932	   19.1629	   19.4731	   21.7521	   21.5157	    20.702	   19.6614	   17.9328	   15.1457	   12.9061	   11.6811	   10.8409	   9.89195	   8.44697	   7.56274	   6.60833	   5.95256	   5.44912	   4.97505	   4.53331	   4.15679	   3.82461	   3.54006	   3.28946	    3.0638	   2.85917	   2.67215	   2.50542	   2.35217	    2.2094	    2.0759	   1.95065	   1.83203	   1.71927	   1.61194	   1.51005	   1.41356	   1.32223	
 0.0592572	 0.0960356	  0.195241	  0.447067	   1.05813	   2.37742	   4.89354	   9.00011	   14.7087	    21.646	   29.2256	   36.8592	   44.1005	   48.5675	   52.7743	   55.1176	   54.1079	   52.8164	   52.3155	   50.3488	   46.4307	   43.1609	   39.7388	   37.8758	    36.048	   34.5032	   33.1617	   32.6985	   32.6497	   32.7502	    32.031	   31.7189	   31.8918	   31.5733	   29.4734	   28.4097	    29.867	    30.763	   29.9648	    28.841	   27.4354	   25.1692	   21.6306	   18.6833	   16.8942	   15.6001	   14.2109	   12.2847	   11.0016	   9.67266	   8.70358	     7.942	   7.23405	   6.58124	   6.02052	   5.52665	   5.10551	   4.73397	    4.4001	   4.10011	   3.82864	   3.58588	   3.36334	   3.15704	   2.96503	    2.7857	   2.61667	   2.45672	   2.30508	   2.16147	   2.02565	
 0.0843844	  0.144656	  0.292707	  0.660322	   1.55099	    3.5271	   7.37686	   13.8449	   23.1221	   34.7652	   47.7905	   61.1149	   73.7245	   81.9435	   90.5169	   96.4302	   96.7211	   96.8822	    96.023	   94.5385	   88.3818	    81.891	   75.2214	    70.213	   66.1801	   61.9251	   58.0234	   55.2454	   53.1597	   51.7412	   50.4847	   47.9021	   45.9224	   44.8441	   40.8972	   40.1184	   41.3162	   39.9892	   40.4204	   39.2747	   37.8342	   36.0453	   33.1985	   28.8864	   25.2078	   22.8024	   20.9994	   19.1186	   16.6566	   14.9229	   13.1726	   11.8425	   10.7845	   9.81077	   8.91921	   8.14997	   7.47331	   6.89718	   6.38821	   5.93124	   5.52255	   5.15462	   4.82477	   4.52277	   4.24363	   3.98459	   3.74338	    3.5167	   3.30284	    3.1006	   2.90937	
  0.105066	  0.185377	  0.379648	  0.851192	   1.99202	   4.54412	   9.63121	   18.3479	   31.1947	   47.8622	   67.1778	   87.4131	   106.494	   119.054	   132.989	   143.677	   147.031	   151.535	   152.884	   151.297	   145.287	   135.069	   124.432	   115.235	   106.824	   99.4345	   91.6737	   85.4143	   79.9569	   75.5844	   72.0724	   68.5999	   63.2756	   59.0733	   53.9129	   54.5407	   56.0297	   51.3695	   49.6724	   50.0075	   48.5507	   46.8142	   44.6483	   41.2502	   36.2197	   31.8534	   28.8555	   26.5485	   24.1553	   21.1581	   18.9626	    16.782	   15.0818	   13.7214	   12.4774	    11.343	   10.3617	   9.49952	   8.76547	   8.11616	   7.53312	   7.01257	   6.54501	   6.12492	   5.74047	   5.38565	   5.05693	   4.75133	   4.46462	    4.1946	   3.93962	
  0.120603	  0.214327	  0.442583	  0.995939	   2.32411	   5.30082	   11.2986	   21.7196	   37.3446	   58.2252	   83.3098	   110.601	   136.509	   153.894	   173.243	   188.936	   196.272	   207.549	       214	   216.389	   209.105	   197.859	   183.832	   169.828	   156.539	   143.968	   132.525	   121.821	   112.122	   103.616	   96.4874	   90.2544	   83.9268	   75.6294	   68.4772	   71.9843	   71.7566	     63.85	   60.6481	   58.5485	   58.8207	   57.0978	   55.0921	   52.5972	   48.7229	   43.0664	   38.1039	   34.5779	   31.7865	   28.9148	   25.4192	   22.7869	   20.2054	   18.1601	   16.5173	   15.0204	   13.6586	   12.4789	   11.4434	   10.5613	   9.77987	   9.07766	   8.45091	   7.88842	   7.38212	   6.91871	   6.49136	   6.09579	   5.72833	   5.38393	   5.05988	
  0.130542	  0.231212	  0.478356	     1.081	   2.52565	   5.74516	   12.2502	   23.5805	   40.7536	    64.131	   93.1685	   125.985	    157.99	   180.563	   205.411	   225.405	   236.765	   255.236	   268.924	   278.289	   274.468	   259.439	   246.469	   228.748	   210.754	   193.307	   176.587	   162.361	   148.008	   134.989	   123.412	   113.323	   104.101	   94.9879	      87.7	   90.5012	   88.0214	   75.4988	   72.3431	   68.5879	   66.1806	   66.4124	   64.4681	   62.2495	   59.4963	   55.2287	   49.0639	   43.6164	   39.6207	    36.408	   33.1129	   29.1817	   26.1681	   23.2415	   20.8964	   19.0068	   17.2887	   15.7282	   14.3753	   13.1887	   12.1766	   11.2787	    10.471	   9.74991	    9.1028	   8.51942	   7.98533	   7.49293	   7.03731	   6.61426	   6.21797	
  0.134855	  0.236695	  0.488649	    1.1076	   2.59318	   5.89248	   12.5193	   24.0099	   41.4211	    65.396	   95.8319	   131.533	   167.411	     195.1	   225.498	   249.654	   264.412	   289.042	   310.093	   327.466	   329.239	   316.305	   301.234	   285.005	   263.973	   242.346	   221.187	   202.045	   184.454	    166.89	   150.842	   136.314	   123.281	   111.368	   108.882	   111.839	    104.87	   89.7526	   84.7085	   81.0046	    76.746	   74.0538	   74.2581	   72.1033	   69.6788	   66.6561	   61.9783	   55.2753	    49.291	    44.814	   41.1656	   37.4308	   33.0478	   29.6482	   26.3691	    23.718	   21.5764	   19.6326	   17.8691	   16.3394	   14.9983	   13.8527	   12.8349	   11.9185	   11.0999	    10.365	   9.70169	   9.09416	   8.53407	   8.01591	    7.5349	
  0.134456	  0.232456	   0.47781	   1.08463	   2.54685	    5.7877	    12.255	   23.3501	   40.0278	   62.9901	   92.5718	   128.169	   165.184	   196.674	   232.308	   260.798	   279.386	   308.388	   335.831	   359.588	   366.674	   358.503	   348.157	   329.667	   311.783	   288.358	   264.115	    241.38	   219.627	   199.457	   179.385	   160.858	   143.813	   128.495	   126.476	   135.353	   126.369	   104.882	   99.4673	    93.722	   89.5343	   84.8159	   81.8543	   82.0488	   79.7023	   77.0713	   73.7794	   68.6922	   61.4144	   54.8935	   49.9347	    45.851	   41.6842	   36.8591	   33.0838	    29.458	    26.506	   24.1174	   21.9521	   19.9895	   18.2862	   16.7931	   15.5158	   14.3796	   13.3557	   12.4403	   11.6183	   10.8754	   10.1948	   9.56723	   8.98671	
  0.131225	  0.221559	  0.451337	   1.02541	    2.4143	   5.49869	   11.6177	   22.0112	   37.4102	   58.4368	   85.5885	   118.882	   154.385	   187.863	   227.135	   259.977	   283.119	   316.059	   348.165	    375.93	   385.952	   383.032	   379.701	   366.902	   348.002	    329.58	   305.084	   280.498	   256.278	   232.915	   211.068	   189.283	   168.934	   150.218	   144.305	   155.453	   151.687	   122.968	   113.948	   107.923	   101.609	   97.0264	   91.9229	    88.744	   88.9451	   86.4349	   83.6247	   80.0973	   74.6168	   66.8349	     59.84	    54.452	    49.985	   45.4434	   40.2358	   36.1325	    32.203	   28.9865	   26.3809	   24.0215	   21.8837	   20.0276	   18.4006	   17.0068	   15.7656	   14.6461	   13.6447	   12.7449	   11.9309	   11.1847	   10.4968	
  0.126111	  0.207154	   0.41528	  0.941336	   2.22445	   5.08309	   10.7525	    20.301	   34.2833	   53.0756	   77.1998	   106.963	   139.432	   172.775	   213.772	   249.744	   277.757	   314.481	   350.891	   380.296	   391.419	   392.199	   395.663	   391.401	   379.765	    361.72	   344.042	    320.66	   295.863	   271.089	       247	   224.288	   201.439	   180.075	   170.726	   179.946	   175.129	    144.38	   131.578	   121.823	   115.306	   108.523	   103.606	   98.1839	   94.8312	   95.0402	   92.3882	   89.4198	   85.6481	   79.8202	   71.5925	   64.1799	   58.4171	    53.619	   48.7537	    43.215	   38.8259	   34.6315	   31.1835	   28.3884	   25.8589	   23.5676	   21.5773	   19.8328	   18.3364	   17.0025	   15.7986	   14.7209	   13.7519	   12.8747	   12.0702	
  0.121494	  0.197297	  0.391968	  0.887442	   2.10418	   4.81981	   10.1626	   19.0443	   31.8434	   48.7544	   70.0853	   96.3075	   125.217	   156.994	    197.57	   235.212	   266.761	    306.92	   347.403	   378.507	   389.745	   392.789	   400.641	   404.484	   401.939	    391.88	   375.149	   359.559	   336.579	   311.662	   286.498	    261.86	   238.358	   214.721	   209.211	   218.149	   203.625	   163.064	   152.751	   139.113	   128.741	   121.806	   114.613	   109.412	   103.726	   100.224	    100.44	   97.6632	   94.5165	   90.5273	   84.3911	   75.7738	   68.0009	   61.9141	   56.8286	   51.6821	    45.857	   41.2184	   36.7926	   33.1411	   30.1791	      27.5	   25.0732	   22.9646	   21.1164	   19.5292	   18.1129	   16.8339	   15.6881	   14.6573	   13.7233	
  0.115809	  0.190605	  0.380124	  0.862402	   2.05115	   4.71498	   9.94586	    18.509	   30.6368	   46.2934	   65.6131	   88.9002	   114.574	   143.908	   182.715	   220.184	   253.613	   295.592	   339.709	   373.322	   386.445	   390.456	   400.407	    408.91	   413.983	   412.653	   403.652	   388.721	   373.388	   349.913	   324.192	   298.082	   272.307	   247.707	   250.728	   265.026	   239.409	   186.106	   174.868	   163.723	   149.055	   137.911	   130.451	   122.742	   117.185	   111.142	   107.439	   107.675	   104.691	   101.317	   97.0453	   90.4962	   81.3414	   73.0784	   66.5667	    61.109	   55.5932	   49.3799	   44.4097	   39.6732	   35.7517	   32.5693	   29.6915	   27.0845	   24.8184	   22.8323	   21.1246	   19.5993	   18.2208	   16.9849	   15.8723	
   0.10976	  0.183026	  0.371034	    0.8476	   2.02073	    4.6548	   9.84348	   18.3072	   30.1316	   45.1297	   63.1685	   84.3871	   107.349	   134.047	   170.134	   206.144	   239.338	   281.485	   327.588	   364.608	   381.926	   387.974	   397.935	   408.335	   418.031	   424.426	   424.381	   417.654	   403.017	   387.468	   363.217	   336.524	   309.218	   282.312	   292.269	   310.276	   279.963	   216.852	   203.428	   191.064	   178.838	    162.79	   150.601	   142.444	   134.038	   127.989	   121.441	   117.445	    117.67	   114.406	   110.723	   106.062	   98.9382	   89.0198	   80.0637	    72.966	   67.0004	   60.9772	   54.2191	   48.7909	   43.6222	   39.3292	   35.8438	   32.6926	   29.8372	   27.3545	   25.1785	   23.3053	   21.6306	    20.116	   18.7568	
  0.103679	  0.175011	  0.360491	  0.833708	   1.99766	   4.60558	   9.74879	   18.1614	   29.9158	   44.6423	   62.0743	    82.034	    103.17	   127.381	   160.487	   193.975	    225.44	   265.733	   312.378	   352.127	   375.403	   384.986	   395.279	    405.14	   416.711	   427.831	   435.772	   438.526	   432.525	    417.84	   401.965	   376.948	   349.192	   320.851	   327.497	   351.268	   324.336	   254.385	    237.81	   223.019	   209.421	   195.999	   178.399	   165.044	   156.115	   146.922	   140.316	    133.19	   128.819	   129.042	   125.465	   121.432	   116.334	   108.559	   97.7708	   88.0263	   80.2649	   73.7248	   67.1264	   59.7473	   53.7981	   48.1365	     43.42	   39.5895	   36.1266	   32.9878	   30.2579	   27.8653	   25.8032	   23.9579	   22.2878	
 0.0976256	  0.166446	   0.34781	  0.813681	    1.9635	   4.54189	   9.61487	   17.9338	   29.6316	   44.3372	   61.5573	   80.9997	   101.169	   123.621	   153.782	   184.384	   212.931	   250.206	   295.522	   336.886	   365.452	   379.873	   391.402	   400.856	   411.608	   424.402	   436.966	    447.74	   451.409	   445.609	   430.638	   414.363	   388.463	    359.81	   361.872	   391.547	   369.314	    291.15	   272.085	   254.327	   238.489	   223.944	   209.596	   190.795	   176.547	   167.026	   157.225	   150.191	   142.585	   137.931	    138.16	   134.344	   130.045	   124.609	   116.332	   104.875	   94.5229	   86.2403	   79.2451	   72.1902	   64.3211	   57.9549	   51.8981	   46.8381	   42.7277	   39.0115	    35.642	   32.7106	   30.1413	   27.9244	   25.9389	
 0.0918555	  0.157631	  0.333254	  0.787762	   1.91347	   4.44369	   9.42708	   17.5938	   29.1274	   43.7715	   61.0298	   80.3239	   100.296	   121.774	    149.68	   177.353	   202.657	   236.183	   279.029	   319.645	   351.855	   370.587	   384.361	    394.74	   405.023	    416.97	   431.268	   446.674	   458.735	   463.123	   457.638	   442.707	   426.265	   399.987	   398.256	   435.701	   411.516	   324.757	   303.951	   284.053	   265.525	   249.001	   233.829	   218.881	   199.296	   184.461	   174.553	   164.349	   156.995	   149.073	   144.239	   144.478	   140.509	   136.038	   130.385	    121.78	   109.891	   99.1463	   90.5147	   83.2098	   75.8439	   67.6451	   60.9909	   54.6606	   49.3583	   45.0504	   41.1553	   37.6221	   34.5475	   31.8527	    29.525	
 0.0864658	  0.148975	  0.317559	  0.757122	   1.85059	   4.31401	   9.17307	   17.1651	   28.4464	   42.8623	   60.0762	   79.4904	   99.6116	   120.864	   147.262	   172.843	    194.95	   224.978	   264.451	   302.252	   334.957	   357.124	   372.575	   385.756	   397.101	   408.764	   422.448	   439.691	   456.903	   470.405	   475.991	   471.517	   457.209	   441.448	   438.759	   486.759	   456.501	   354.395	   333.849	   312.347	   291.799	   272.673	   255.609	   239.964	    224.58	    204.45	   189.199	   178.999	   168.463	   160.861	   152.709	   147.728	   147.919	   143.819	   139.215	   133.411	   124.615	   112.507	   101.566	   92.7443	   85.2661	    77.732	   69.3701	   62.5643	   56.0932	   50.6609	   46.2471	   42.2571	   38.6377	   35.4881	   32.7281	
 0.0815725	  0.140608	  0.301406	  0.723005	   1.77667	   4.15865	   8.86496	   16.6303	   27.6494	   41.7295	   58.6816	    78.109	   98.6725	   119.969	   145.574	   170.035	   189.968	   217.082	   253.176	   286.247	    316.79	   340.203	   356.685	   373.025	    387.32	   400.222	   413.832	   430.474	   449.911	   469.115	   484.574	   492.098	   489.255	   476.398	   479.441	   539.772	   504.379	    386.05	   364.321	   342.991	   320.747	   299.502	   279.728	   262.097	    245.96	   230.111	   209.411	   193.723	   183.171	   172.289	   164.425	   156.032	   150.889	   151.008	   146.765	   142.017	   136.058	   127.075	   114.763	   103.643	   94.6472	   87.0101	   79.3243	   70.8196	   63.8799	    57.286	   51.7399	   47.2335	   43.1613	   39.4678	    36.254	
 0.0771617	  0.132652	  0.285093	  0.686809	   1.69425	   3.98097	   8.51438	   16.0197	    26.723	   40.4965	   57.0803	   76.2751	   97.1346	   118.781	     143.8	   168.065	   187.028	   212.677	   245.617	    273.37	   299.553	   322.295	   338.206	   357.753	   375.288	   391.219	   406.146	   422.548	   441.498	   463.143	    484.66	   502.611	   512.488	   511.888	   516.206	   591.836	   551.242	   419.224	   397.374	   375.165	   353.342	    330.59	   308.833	   288.582	   270.534	   254.017	   237.784	   216.515	   200.367	   189.518	   178.319	   170.241	   161.631	   156.388	   156.575	    152.25	   147.403	   141.301	   132.071	   119.407	   107.964	   98.6804	    90.787	   82.8371	   74.0421	   66.8476	   60.0071	   54.2414	   49.5569	   45.3222	   41.4786	
 0.0730104	  0.125319	  0.269203	  0.650171	   1.60838	    3.7902	   8.13398	   15.3641	   25.7305	   39.1598	   55.4665	   74.3354	     95.16	   117.017	   141.785	   166.107	   185.335	   210.792	   241.801	   264.463	   285.684	   305.844	   320.233	   341.543	   362.399	   381.641	   399.645	   417.147	   435.845	   456.986	   481.019	   505.233	   525.937	   538.602	   553.658	   635.143	    597.79	   451.668	   430.866	    408.63	   386.022	   363.773	   340.555	   318.341	   297.664	    279.23	   262.357	   245.758	   223.887	   207.291	    196.16	   184.653	   176.372	   167.554	   162.223	   162.503	   158.109	   153.173	   146.933	    137.45	   124.413	   112.628	   103.041	   94.8784	   86.6485	   77.5414	   70.0744	   62.9688	   56.9675	   52.0922	   47.6829	
 0.0692767	  0.118449	  0.254385	  0.614589	    1.5234	   3.59796	   7.74158	    14.683	   24.7122	   37.7947	   53.8031	   72.5006	   93.1461	   114.893	   139.248	   163.968	    184.01	   210.121	   240.394	   259.897	   276.388	   293.221	   305.306	   327.018	   349.898	   372.711	   394.238	   414.829	   434.749	   455.706	   479.297	   506.215	   533.535	   557.598	   579.897	    675.56	   639.232	   488.858	   471.139	    449.64	   426.649	   403.255	   380.189	    356.12	   333.084	   311.627	   292.492	   274.973	   257.689	   234.852	    217.53	   205.927	   193.918	   185.295	    176.12	   170.609	   170.979	    166.44	    161.33	   154.847	   144.957	    131.34	   119.025	   108.982	   100.419	   91.7794	   82.2175	    74.361	   66.8793	   60.5489	   55.4068	
 0.0657151	  0.111901	  0.239966	  0.580293	   1.43943	   3.40673	   7.34646	   13.9832	   23.6593	    36.404	   52.1222	   70.6344	   91.3019	   112.859	   136.396	   161.177	   182.742	   209.279	   239.727	   258.394	   272.019	   285.228	    295.31	   315.478	   338.682	   363.416	   388.375	   412.146	    434.82	   456.485	    479.22	   504.905	   534.189	   564.235	   599.319	   705.861	   684.381	   525.705	   518.979	   500.319	   477.663	   453.419	   428.726	   404.359	   378.942	   354.594	   331.902	   311.659	   293.089	   274.761	   250.488	   232.082	   219.768	    207.01	   197.865	   188.144	   182.339	   182.803	   178.024	   172.636	   165.781	   155.289	   140.826	   127.741	   117.046	   107.917	   98.6983	   88.4962	   80.0976	   72.0945	   65.3119	
  0.062315	  0.105422	  0.225593	  0.546206	   1.35721	   3.21605	   6.95103	   13.2737	   22.5655	   34.9419	   50.3725	   68.6955	   89.3504	   111.015	   133.585	   157.785	   180.774	   207.684	   238.185	   258.146	   270.992	   281.861	   290.423	   308.108	   329.645	   354.614	   381.409	   408.492	    434.16	   458.271	    481.21	   505.374	   532.646	   563.947	   610.704	   732.438	    722.39	   567.543	   561.706	   554.626	   534.824	   510.762	   484.987	   458.736	   432.817	   405.773	   379.849	   355.676	    334.07	   314.252	   294.685	   268.718	   249.036	    235.88	   222.238	   212.476	    202.11	   195.954	   196.518	   191.454	   185.735	   178.442	   167.244	    151.79	   137.805	   126.349	   116.561	   106.671	   95.7254	   86.6988	   78.0922	
 0.0590515	 0.0991617	  0.211048	  0.511542	   1.27478	   3.02741	    6.5517	   12.5493	   21.4227	   33.3551	   48.4153	    66.498	   87.0674	   108.768	   130.768	   154.126	   177.837	   204.514	   235.324	   257.298	   271.254	   281.429	   290.124	   305.126	   324.411	   348.031	   375.524	   405.063	   434.742	   462.509	   488.507	   513.363	   539.538	   569.293	   616.512	    749.92	   753.061	   601.405	   606.984	   601.038	   593.797	   572.945	   547.506	   520.218	   492.404	   464.892	    436.15	   408.566	   382.786	   359.738	   338.594	   317.699	    289.86	   268.773	   254.711	   240.103	   229.682	   218.613	   212.096	   212.837	   207.484	    201.42	   193.646	   181.641	   165.023	   149.976	   137.626	   127.064	   116.379	   104.542	   94.7648	
 0.0563596	 0.0930759	  0.196709	  0.475761	   1.18935	   2.83494	   6.14784	   11.7955	    20.209	   31.6086	   46.1399	   63.8032	   84.1447	   105.729	   127.316	   150.251	   174.044	   199.847	   230.598	   255.129	    270.81	   281.883	   292.142	   305.744	   322.245	   343.545	   369.669	   400.058	   432.406	   464.455	   494.303	   522.324	   549.097	    577.51	   621.824	   756.424	   770.062	   627.726	    645.95	    652.13	   645.986	   638.475	   616.326	   589.247	   560.175	   530.508	   501.117	   470.386	   440.827	   413.187	    388.47	   365.794	   343.366	   313.397	   290.708	   275.602	   259.889	   248.704	   236.829	   229.884	   230.791	   225.094	   218.624	   210.298	   197.383	    179.47	   163.244	   149.901	    138.48	   126.915	   114.098	
 0.0549504	 0.0878817	  0.182625	  0.440151	   1.10044	   2.63357	   5.73138	   11.0206	   18.9182	   29.7005	   43.5456	   60.5341	    80.367	   101.625	    123.03	   145.633	    169.37	   194.364	   224.464	   250.723	   268.886	   281.241	    293.89	   307.646	   322.461	   340.583	   363.977	   392.616	   425.488	   459.926	   493.801	   525.308	   554.755	   583.026	   632.049	   763.726	   772.811	   638.607	   667.121	   686.644	   693.446	   687.191	   679.488	   656.225	   627.719	   597.061	   565.738	   534.661	   502.099	   470.754	   441.428	   415.198	    391.13	   367.307	   335.375	   311.213	   295.154	   278.427	   266.549	   253.939	   246.616	   247.701	     241.7	   234.869	   226.043	    212.29	   193.174	   175.851	   161.582	   149.356	   136.966	
 0.0551764	 0.0844782	   0.17002	  0.404589	   1.01086	   2.42206	   5.29266	   10.2156	   17.5798	   27.6551	   40.6918	   56.7931	   75.7828	   96.4092	   117.875	   140.292	   163.366	    188.46	   217.913	   244.395	   264.592	   278.903	   293.238	   308.917	    323.98	   340.429	   360.585	   386.497	   417.683	   452.869	   489.484	   525.469	   558.801	   590.083	   642.368	   779.076	   771.248	   630.413	   663.325	   693.101	   713.634	   721.018	   714.854	   707.218	   683.403	   654.107	   622.536	   590.236	   558.101	   524.399	   491.927	   461.529	   434.334	   409.375	   384.647	   351.378	   326.223	   309.544	   292.141	    279.82	   266.735	   259.204	   260.495	   254.337	   247.301	   238.161	   223.833	   203.858	   185.746	   170.802	   157.989	
 0.0565487	 0.0832407	  0.160422	  0.371795	  0.920633	     2.208	    4.8328	   9.37199	   16.1991	   25.5542	   37.6772	   52.7627	   70.6748	   90.3559	   111.929	   134.294	   156.302	   181.795	    211.39	   237.204	   258.332	   274.113	   289.865	   307.703	     324.7	   341.334	   359.643	   382.032	   410.219	   443.481	    480.73	   519.432	   557.287	   592.418	   648.857	   793.189	   773.012	   619.539	    652.36	   686.586	    717.67	   739.273	   747.314	   741.368	   733.925	   709.684	   679.724	   647.362	   614.165	   581.084	   546.346	   512.842	   481.454	   453.368	   427.586	   402.012	   367.453	   341.348	   324.088	   306.045	   293.316	   279.788	   272.081	   273.623	   267.339	   260.128	     250.7	   235.809	    214.97	   196.062	   180.439	
 0.0585014	 0.0834696	  0.154505	  0.345329	  0.837185	   1.99443	   4.37362	   8.50429	   14.7838	   23.4408	    34.669	   48.6523	    65.388	   83.9322	   105.377	    127.62	   148.538	   174.504	   204.203	   229.672	   251.128	   267.285	   283.484	   303.679	   322.486	   340.668	   358.651	   378.469	    402.26	    431.56	   465.843	   504.135	   543.646	   582.213	   652.207	   806.123	   780.191	    620.55	   649.814	   684.273	   720.294	   753.104	   776.034	   784.804	   778.938	   771.511	   746.419	   715.292	   681.572	   646.943	    612.39	    576.07	   541.011	   508.146	   478.732	   451.727	   424.913	   388.552	   361.106	   342.999	   324.041	   310.705	   296.527	   288.518	   290.304	   283.789	   276.285	   266.423	   250.758	   228.773	   208.814	
 0.0603627	 0.0842894	  0.150935	  0.326401	  0.768459	   1.79824	   3.92236	   7.65376	   13.3598	   21.3304	   31.7346	   44.6952	    60.212	   77.5465	   98.4682	   120.342	   140.382	   166.595	   196.101	   221.249	   243.402	   259.487	    275.15	   296.976	   318.181	   338.189	   357.736	   377.101	   398.136	   422.754	    452.81	    487.91	   526.896	   567.063	   650.813	   822.609	   791.509	   626.667	   652.852	   683.604	   719.898	   757.913	   792.619	   817.016	   826.582	   820.762	    813.31	    787.23	   754.732	   719.474	   683.228	   647.016	   608.918	   572.112	    537.59	   506.688	    478.31	   450.108	   411.744	   382.804	   363.749	   343.771	   329.752	   314.846	    306.49	   308.528	   301.743	   293.904	   283.554	    267.03	   243.783	
 0.0613189	  0.084758	  0.148222	  0.312347	  0.717142	   1.63693	   3.51322	   6.83145	   11.9873	   19.2465	   28.8685	   40.9349	   55.3756	   71.4356	   91.4053	   112.674	    132.14	   158.002	   186.858	   211.989	   234.542	   251.256	    266.48	   288.854	   312.085	   334.974	   356.856	   378.285	   399.384	   421.705	   447.534	   479.014	   515.612	    556.31	   639.953	   828.138	   801.491	   633.859	   659.255	   686.701	   719.017	   757.231	   797.317	   834.011	   859.947	   870.324	   864.532	   857.036	   829.871	   795.927	   759.049	   721.103	   683.145	   643.178	   604.537	   568.276	   535.808	   505.988	   476.328	   435.867	   405.361	    385.31	   364.262	   349.525	   333.853	   325.129	    327.42	   320.348	   312.153	    301.29	   283.872	
 0.0611575	 0.0841273	  0.144936	  0.300556	   0.67805	   1.51697	   3.18195	   6.09862	   10.6797	   17.2648	   26.0739	   37.3102	   50.8463	   65.7491	   84.3205	   104.809	   124.065	   148.864	   176.427	   201.941	   224.733	   242.116	   258.252	   280.481	   304.303	   329.338	   354.279	   378.133	    401.47	    423.91	   447.354	   474.413	   507.258	   545.513	   630.719	   817.565	   801.044	   645.154	   673.562	   700.395	   729.463	   763.763	   804.381	   847.073	   886.254	   914.069	     925.4	    919.57	   911.912	   883.323	   847.506	    808.54	   768.409	   728.221	   685.872	   644.897	   606.426	   571.974	   540.324	   508.821	   465.733	   433.263	   411.954	    389.56	   373.915	   357.274	   348.071	   350.652	   343.203	   334.549	   323.036	
 0.0602257	 0.0821498	   0.14017	  0.287869	  0.644912	   1.42545	   2.93686	   5.50932	   9.51812	   15.3745	   23.4066	   33.7521	   46.4473	   60.3467	   77.3988	    96.887	    116.18	   139.447	   165.117	   191.092	    214.08	   232.242	   249.763	   272.039	   295.323	   320.524	   347.204	   373.624	   398.887	   422.993	   445.786	   469.452	   496.638	    529.78	   624.283	   810.907	   790.659	   647.156	   679.693	   709.512	   737.717	   768.328	   804.503	   847.421	   892.619	   934.196	   963.868	    976.22	   970.471	   962.811	   933.046	   895.623	   854.841	   812.789	   770.622	   726.139	   683.062	   642.594	   606.345	   573.036	   539.851	   494.319	   460.029	   437.572	   413.939	   397.471	   379.945	   370.331	   373.243	   365.479	   356.429	
  0.058848	  0.079249	  0.133325	  0.272593	  0.609611	   1.34616	   2.74646	   5.06704	   8.57144	    13.667	   20.8077	   30.2702	   42.0035	   54.9691	   70.6021	   89.1109	   108.298	   129.859	   153.419	   179.501	   202.442	   221.517	   240.612	   262.748	   285.997	   310.532	   337.273	    365.34	   393.196	   419.217	   443.637	    466.48	   489.965	   517.033	   611.437	   808.692	   786.122	   637.703	   675.352	   709.179	   740.194	   769.562	    801.48	   839.278	   884.198	   931.569	   975.243	   1006.57	   1019.84	   1014.23	   1006.65	   975.946	   937.211	   894.926	   851.276	    807.45	   761.167	   716.311	   674.146	   636.369	   601.649	   567.025	   519.381	   483.521	    460.08	   435.381	   418.212	   399.932	   389.981	   393.212	   385.194	
0.00254222	  0.075858	  0.125054	  0.253259	  0.568529	   1.26018	   2.57575	   4.71088	   7.84021	   12.2399	   18.3996	   26.7812	   37.5195	   49.4593	   63.8183	   81.4285	   100.321	    120.08	   141.708	   167.334	   189.794	   209.639	   230.153	   252.284	   275.501	   300.143	   326.365	   354.689	   384.572	   413.671	   440.496	   465.474	   488.575	   512.312	    597.45	   799.488	   783.063	   630.609	   672.286	    711.81	   747.305	   779.848	   810.675	    844.25	    884.09	    931.49	   981.542	   1027.78	   1061.04	   1075.33	   1069.76	   1062.12	   1030.08	   989.534	   945.215	    899.42	   853.392	   804.741	   757.556	    713.18	   673.413	   636.857	   600.375	   550.059	   512.205	   487.495	   461.432	   443.348	   424.092	   413.671	   417.226	
0.00224065	 0.0142867	  0.116216	  0.231276	  0.518686	   1.16092	   2.38823	   4.38178	   7.23427	   11.1114	   16.3508	   23.5008	   32.9661	   43.9374	   57.0389	   73.7072	   92.0305	   110.288	   130.212	   154.788	   176.421	   196.656	   217.921	   240.156	   263.359	   287.972	   314.328	   342.138	   372.372	   403.729	   433.949	   461.636	   487.195	    510.78	   595.431	   793.042	   773.365	   623.712	   666.978	   710.873	   752.471	   789.798	   824.002	   856.437	   891.831	   933.887	   983.987	   1036.96	   1085.94	    1121.3	   1136.66	   1131.06	   1123.28	   1089.69	   1047.09	   1000.47	    952.26	   903.755	   852.451	   802.663	   755.819	    713.83	   675.223	   636.672	    583.41	   543.351	   517.226	   489.651	   470.546	   450.202	   439.244	
0.00199225	 0.0125883	 0.0473239	  0.208953	  0.464171	   1.04443	   2.17601	   4.02327	   6.67175	   10.1683	    14.718	   20.7015	    28.687	   38.4342	   50.4591	   65.9219	   83.2794	   100.426	   119.188	   142.051	   162.614	   182.913	   204.057	   226.344	   249.751	    274.48	   300.981	   329.137	   359.132	   391.237	    424.28	   456.047	   485.027	   511.823	   599.872	   799.698	    766.38	   612.444	   652.917	   698.121	   743.967	   787.394	   826.339	   862.053	   895.964	   933.013	   977.089	   1029.65	   1085.29	   1136.84	   1174.21	    1190.7	   1185.26	   1177.56	   1142.78	   1098.53	   1050.02	   999.801	   949.216	   895.657	    843.64	   794.671	   750.768	   710.392	    670.04	   614.155	   572.142	   544.785	   515.881	   495.896	   474.607	
0.00178187	 0.0111615	 0.0415876	  0.127222	  0.410967	  0.921629	    1.9364	   3.63158	   6.07734	   9.31111	   13.3738	    18.497	   25.0817	   33.3894	   44.0983	   58.3249	   74.2011	   90.4041	   108.511	   129.533	   148.689	   168.826	   189.233	   211.425	   235.139	   260.399	   287.423	    316.18	    347.15	   379.744	   414.451	   450.193	   484.583	   516.189	   609.325	   813.454	   773.099	   604.923	   640.936	   683.254	   730.509	   778.418	   823.777	    864.47	   901.819	    937.31	   976.132	   1022.37	   1077.56	   1136.05	   1190.37	   1229.92	   1247.67	   1242.47	   1234.92	   1198.95	   1153.01	   1102.56	   1050.26	   997.514	   941.603	   887.258	   836.067	   790.161	   747.931	    705.69	    647.03	   602.955	   574.306	   544.002	   523.098	
0.00159921	 0.0099508	 0.0367857	  0.111494	  0.303376	  0.806271	   1.69371	     3.209	   5.45727	   8.44789	   12.2065	   16.7539	   22.3376	   29.2871	   38.4248	   50.9874	   65.3218	   80.3909	   97.9794	   117.386	   135.318	   154.899	    174.27	   196.091	   219.736	   245.352	   272.982	   302.301	   334.004	   367.767	   403.159	   440.856	   479.687	   517.287	   622.098	   833.009	   787.081	   608.014	   638.883	   676.857	   721.469	   771.269	   821.728	     869.5	   912.362	   951.699	   989.101	   1030.07	   1078.91	   1137.28	   1199.22	   1256.84	   1298.95	   1318.09	   1313.02	   1305.48	   1267.88	    1219.7	   1166.72	   1111.73	   1056.22	   997.324	   940.034	   886.042	   837.613	   793.051	   748.444	   686.374	   639.754	   609.488	   577.447	
0.00143315	0.00890781	 0.0327527	 0.0985323	  0.265612	  0.648846	   1.47339	   2.79684	   4.81442	   7.58793	   11.0915	   15.3272	   20.2862	   26.3031	   33.9144	    44.458	   56.8858	   70.8944	   87.5803	   105.623	   122.795	   141.791	   159.849	   181.106	   204.331	   229.816	   257.743	   287.546	    319.74	    354.17	   390.673	   428.938	   469.659	   511.766	   626.544	   854.406	   806.052	    616.03	   644.158	   676.792	   716.932	   764.076	   816.677	   869.973	   920.424	    965.66	   1007.17	   1046.66	   1089.95	   1141.65	    1203.5	   1269.21	   1330.44	   1375.33	   1395.96	   1390.96	   1383.37	    1343.9	    1293.2	   1237.36	   1179.36	   1120.75	   1058.51	   997.937	   940.822	    889.58	   842.418	    795.18	   729.343	   679.906	    647.84	
0.00127747	0.00796317	 0.0293066	  0.087769	  0.234939	  0.568513	   1.23265	   2.43116	    4.1999	   6.71388	   10.0109	   14.0133	   18.6913	   24.1459	   30.6705	   39.2551	   49.5358	   62.0073	   77.6241	   94.2663	   110.996	   129.512	   146.496	    166.97	   189.702	   214.844	   242.741	   272.926	   305.774	   340.899	   378.309	   417.967	   459.517	   503.876	   619.782	   866.134	   826.565	   628.978	   658.564	   688.846	   723.952	   767.091	   817.719	   874.221	   931.501	    985.74	   1034.41	   1079.13	   1121.72	   1168.48	   1224.33	   1291.19	   1362.32	   1428.76	   1477.76	   1500.76	   1496.24	   1488.93	   1447.27	   1393.43	   1333.99	   1272.13	   1209.52	   1142.92	   1078.02	   1016.78	   961.818	   911.209	   860.457	   789.499	   736.246	
0.00112808	0.00707581	 0.0261916	 0.0786232	  0.209646	  0.503851	   1.08188	   2.07449	   3.65776	   5.87828	   8.90771	   12.7421	   17.2388	   22.4638	   28.2966	   35.4762	   43.7944	   54.2677	    68.072	   83.5484	   99.6929	   117.659	   133.974	   153.743	    175.59	    200.11	   227.498	   257.444	   290.465	   326.018	   363.845	   404.078	   446.648	   491.336	   607.495	   857.773	   829.915	   639.733	    674.64	   706.662	   739.442	   777.411	   824.008	   878.693	   939.737	   1001.63	   1060.28	   1112.97	   1161.45	   1207.72	   1258.55	    1319.3	   1392.04	   1469.52	    1542.1	   1595.98	   1621.86	   1618.02	   1611.17	    1567.1	   1509.76	   1446.25	   1380.03	   1312.87	   1241.29	   1171.45	    1105.5	   1046.27	   991.716	   936.931	   860.046	
0.000988718	0.00621809	 0.0232523	 0.0703319	   0.18811	  0.450452	  0.960441	   1.82414	   3.15441	    5.1311	   7.82865	   11.3996	    15.784	   20.8289	   26.3529	   32.6413	   39.6877	    48.173	   59.5211	   73.2991	    88.913	   105.864	   121.673	   140.979	   162.027	   185.521	   212.123	   241.385	   273.955	   309.472	   347.493	   387.857	   430.667	       476	   593.043	   837.668	    814.04	   640.958	   681.085	   718.468	    752.79	   787.926	   828.587	   878.483	    937.04	   1002.38	   1068.65	   1131.47	   1187.97	   1240.02	   1289.78	   1344.51	   1409.94	   1488.32	   1571.93	   1650.44	   1709.05	   1737.78	    1734.7	   1728.39	   1682.11	   1621.52	   1554.21	   1483.88	   1412.44	   1336.15	   1261.63	   1191.19	   1127.93	   1069.62	      1011	
0.000862998	0.00541415	 0.0203828	 0.0624254	  0.168335	  0.404336	  0.858662	   1.61927	   2.77191	   4.44346	   6.83149	   10.0254	   14.1429	   19.0479	   24.3393	   30.2471	   36.6132	    43.748	   52.6249	   64.0927	   78.3287	   94.1891	    109.18	   128.094	   148.674	   171.339	   196.869	   225.356	   257.237	   292.345	   330.423	   371.104	   414.181	    459.91	   575.741	   811.996	   791.938	   633.886	   680.312	   723.082	   762.951	   799.572	   837.051	   880.434	   933.662	   996.095	   1065.75	    1136.4	    1203.4	    1263.7	   1319.32	   1372.57	   1431.18	   1501.31	   1585.35	   1675.12	   1759.59	   1822.98	   1854.57	   1852.25	   1846.49	   1797.98	   1734.11	   1662.95	   1588.49	   1512.72	   1431.68	   1352.43	   1277.47	   1210.13	   1148.04	
0.000755182	0.00468734	 0.0176697	 0.0546084	  0.149171	  0.361121	  0.768783	   1.44329	   2.45086	   3.88627	   5.90335	   8.70422	   12.3723	   16.9345	   22.0863	   27.7547	   33.9611	   40.3468	   47.5319	   56.6153	   68.5024	   82.4699	   96.6829	   114.659	   134.705	   156.715	   181.166	   208.309	   239.085	   273.151	   310.442	   350.777	   393.733	   439.218	   554.548	   778.885	   764.632	   622.203	   673.777	   723.264	   768.871	   811.395	   850.457	   890.461	   936.774	   993.557	   1060.13	    1134.4	   1209.74	   1281.21	   1345.56	   1404.96	    1461.9	   1524.65	   1599.76	   1689.83	   1786.14	   1876.95	   1945.39	   1979.98	   1978.39	   1973.15	   1922.16	    1854.7	   1779.36	    1700.4	   1619.93	   1533.74	   1449.38	   1369.54	   1297.78	
0.000665982	0.00406789	 0.0152084	 0.0471706	  0.130058	  0.318739	  0.683309	   1.28525	   2.17043	   3.41032	   5.11936	   7.46698	     10.63	   14.6439	   19.4638	    25.028	   31.1129	   37.3245	   43.6159	   51.0247	   60.2262	   71.5324	    84.187	   101.047	   119.961	    141.22	   164.747	   190.506	   219.542	   252.091	   287.884	   326.934	   369.013	   413.787	   528.425	    741.21	   732.272	   604.671	    657.85	   712.446	   764.832	   813.111	   858.115	   899.482	   941.869	   990.916	   1051.03	    1121.5	    1200.1	   1279.83	   1355.47	   1423.59	    1486.5	   1546.86	   1613.43	   1693.19	   1788.92	   1891.37	   1988.13	   2061.31	   2098.69	   2097.77	   2092.97	   2039.61	   1968.71	   1889.39	   1806.14	    1721.2	   1630.11	   1540.89	    1456.4	
0.000594771	0.00356348	 0.0131209	 0.0404351	  0.111915	  0.276578	  0.599636	   1.13527	   1.91942	    2.9962	   4.45202	    6.4105	   9.02113	   12.4404	   16.7214	   21.9635	   27.9567	   34.0596	   40.2339	   46.6843	   53.8119	   62.3928	   72.6994	   87.6519	    105.49	   125.695	   148.618	   173.711	   201.643	   232.841	   267.655	   305.891	   347.542	   392.489	   501.652	    708.73	   704.811	   586.676	   639.699	   696.027	   753.854	   809.338	   860.462	   908.151	   952.019	   996.955	   1048.94	   1112.63	    1187.3	   1270.58	   1355.06	    1435.2	    1507.4	   1574.12	   1638.19	   1708.93	   1793.76	   1895.62	   2004.76	   2108.01	   2186.38	   2226.87	   2226.74	   2222.52	   2166.69	   2092.16	   2008.61	    1920.8	   1831.09	   1734.77	   1640.35	
0.000535885	0.00316976	 0.0114375	 0.0347522	 0.0955926	  0.236917	  0.517282	  0.990277	   1.68479	   2.63194	   3.88198	   5.52781	   7.66399	   10.4816	   14.1704	   18.8402	   24.4129	   30.4695	    36.701	   42.9168	   48.6803	   55.4025	   63.2599	   75.5065	    91.392	   110.527	    132.43	   157.088	    184.52	   214.845	   248.614	   286.295	   327.675	   372.875	   475.635	   675.687	    679.19	   568.386	   622.746	   679.062	   738.878	   800.276	   859.168	   913.458	   964.129	   1010.73	   1058.46	   1113.66	   1181.32	   1260.62	   1349.07	   1438.78	   1523.89	   1600.58	   1671.48	   1739.62	   1814.94	   1905.32	   2013.94	   2130.44	   2240.82	   2324.89	   2368.76	   2369.46	   2365.83	   2307.23	   2228.65	   2140.38	    2047.5	    1952.5	   1850.37	
0.000485339	0.00284836	 0.0101374	 0.0301896	 0.0818878	  0.201516	  0.440595	  0.848993	   1.46081	   2.29691	   3.39005	   4.78905	   6.55783	   8.86565	   11.9545	   15.9585	   20.7985	   26.4572	    32.837	   38.9436	   44.1459	   49.8672	   56.0931	   65.4442	   78.3521	   95.2199	     115.7	   139.001	   165.542	   194.845	   227.109	   262.986	   302.955	   346.897	   447.525	   636.875	   643.446	   543.807	   598.558	   655.803	   715.091	   778.047	   842.644	    904.62	   961.771	    1015.1	   1064.12	   1114.33	   1172.42	   1243.62	   1327.06	   1420.13	   1514.51	   1604.04	   1684.71	   1759.31	   1831.06	   1910.45	    2005.8	   2120.48	    2243.6	   2360.42	   2449.63	   2496.58	   2498.08	   2495.02	   2433.96	   2351.76	   2259.28	   2161.85	   2062.09	
0.000439799	0.00257344	0.00908358	 0.0266807	 0.0709295	  0.171983	  0.372762	  0.718526	   1.24454	   1.98096	   2.94464	   4.16323	     5.655	   7.57636	   10.1312	   13.4525	   17.4676	   22.3775	   28.4707	   34.5704	   39.4663	   45.0136	   50.4002	   57.7618	   67.6334	    81.353	   99.4004	   121.253	   146.336	   174.721	   205.967	   240.345	   278.534	   321.147	   416.985	   597.917	    605.18	   513.547	   567.827	    624.98	   684.716	   746.562	   812.207	   879.579	   944.231	   1003.83	   1059.41	   1110.51	   1162.84	    1223.4	   1297.62	   1384.62	   1481.65	   1580.02	   1673.32	   1757.37	   1835.12	   1909.95	   1992.82	   2092.45	   2212.37	   2341.23	   2463.66	    2557.4	    2607.1	   2609.38	   2606.92	   2543.81	   2458.57	   2362.51	   2261.21	
0.00039607	 0.0023246	0.00818288	 0.0238413	 0.0625198	  0.148493	  0.316618	  0.603965	   1.04637	   1.67833	   2.52931	   3.60498	   4.90666	   6.53786	   8.67116	   11.3703	   14.6006	     18.65	   23.9972	   29.6874	   34.5545	   40.0812	   45.3947	   51.6906	   59.5152	   70.0917	   84.8668	   104.298	    127.95	   154.976	   185.513	   219.156	    256.19	   297.443	    384.37	    552.76	   566.042	   484.895	    539.46	   596.434	   656.398	   719.046	   783.868	   852.684	   923.318	   991.064	   1053.48	   1111.67	   1165.15	   1219.92	   1283.31	   1361.03	   1452.11	   1553.69	   1656.64	   1754.25	   1842.14	   1923.44	   2001.71	   2088.48	   2192.92	   2318.73	   2454.03	   2582.72	   2681.43	   2734.05	   2736.96	   2734.93	   2669.24	   2580.28	   2479.91	
0.000353152	 0.0020811	0.00736115	 0.0213957	  0.055678	  0.130437	  0.272079	  0.509388	  0.872728	   1.40142	    2.1318	   3.08601	   4.24375	   5.67517	   7.47674	   9.68797	   12.2432	   15.4808	   19.8956	   24.7685	    29.341	   34.9702	   40.3068	   46.3288	   52.9462	   61.2569	   72.5548	   88.3463	   109.093	    134.19	   162.796	   195.097	   230.655	   269.852	   352.491	   505.398	   520.108	   453.963	   508.633	   566.026	   625.958	    689.04	    754.94	   823.168	    895.64	   970.036	   1041.42	   1107.22	   1168.63	   1225.12	   1282.99	   1349.94	      1432	   1528.16	   1635.38	   1744.09	    1847.2	   1940.12	   2026.15	   2109.09	    2201.1	   2311.88	   2445.38	    2589.1	   2726.04	   2831.52	   2888.43	   2892.88	   2892.12	   2823.99	   2731.13	
0.000314384	0.00184213	0.00656031	 0.0191801	 0.0498075	  0.115824	  0.238129	  0.435035	  0.730455	   1.15989	   1.76889	   2.58938	   3.62643	   4.90252	    6.4677	   8.30588	   10.3685	   12.9098	   16.4232	    20.344	   24.2882	   29.6158	   35.0707	   40.9414	   47.1938	    54.154	    62.964	   74.9781	   91.6659	   113.409	   139.617	   169.443	   203.061	   240.075	   318.814	   461.654	   474.779	   417.127	   469.941	   526.796	   586.508	   648.887	   714.561	    783.23	   854.389	       930	   1007.66	   1082.25	   1151.12	   1215.49	   1274.78	   1335.57	   1405.87	   1491.96	   1592.82	   1705.29	   1819.39	   1927.73	   2025.52	   2116.22	   2203.81	   2301.05	   2418.11	   2559.18	   2711.22	   2856.43	   2968.91	   3030.62	   3037.35	   3038.63	   2969.04	
0.000281905	0.00163256	0.00578866	 0.0170677	 0.0446038	   0.10352	  0.211216	  0.379724	  0.620874	  0.965047	   1.45587	   2.13993	   3.03772	   4.18233	   5.56329	   7.15128	   8.86711	   10.9111	   13.6436	   16.6885	   19.8862	   24.5116	   29.6773	   35.5913	   41.7199	   48.3437	   55.8111	   65.3258	   78.1915	   95.8825	   118.856	   146.534	   178.024	   213.574	   283.736	   416.784	   435.104	   382.853	   435.063	   491.669	   552.836	   617.347	   685.015	    756.57	   831.721	   909.919	   993.286	    1079.3	   1162.49	   1239.95	   1312.95	   1380.83	   1450.66	   1531.19	   1629.36	   1744.16	   1872.26	   2002.74	   2127.47	    2241.1	    2347.4	   2450.76	    2565.4	    2702.8	   2867.84	   3046.06	   3217.51	   3352.85	   3431.33	    3447.7	   3457.84	
0.000250719	0.00146004	0.00511474	 0.0150354	 0.0396625	 0.0926784	  0.188739	  0.336719	  0.541224	  0.817688	   1.20677	   1.75626	     2.508	   3.49802	   4.72848	     6.136	   7.64666	   9.35096	   11.5257	   13.8301	   16.3399	    20.131	   24.6178	   30.2045	   36.3876	    42.891	    50.018	   58.1465	    68.425	   82.1621	   100.964	   125.359	   154.743	   188.231	   250.901	   372.295	    395.45	   349.872	   401.494	   457.513	   518.443	   584.486	   654.373	   727.967	   806.068	   888.353	   974.263	    1066.1	   1161.21	   1253.69	   1340.38	   1422.59	   1499.57	   1578.97	   1670.34	   1781.33	   1910.97	   2055.67	   2203.52	   2345.55	    2475.8	   2598.41	   2718.22	   2851.03	   3009.74	   3199.96	   3405.69	   3604.66	   3763.85	   3859.66	   3885.73	
0.000222868	0.00129482	0.00457213	 0.0132835	 0.0349621	 0.0824964	  0.169195	  0.301463	  0.480743	  0.713183	   1.02134	   1.45369	   2.05652	    2.8823	   3.94036	   5.20985	   6.58757	   8.10269	   9.89826	   11.6879	   13.6003	   16.6274	   20.3066	   25.1554	   30.9754	   37.4883	   44.4252	   52.1098	   60.8381	   71.7398	   86.2262	   106.012	   131.646	   162.532	   219.141	   329.268	   354.268	   316.342	   364.636	   418.512	   476.974	   540.558	   609.469	   682.417	    759.26	   840.803	   926.714	   1016.42	   1112.35	   1211.71	   1308.36	   1398.99	   1484.97	    1565.5	   1648.59	    1744.2	   1860.33	   1995.94	    2147.3	   2301.98	   2450.58	    2586.9	    2715.3	   2840.86	   2980.14	   3146.67	   3346.35	    3562.5	    3771.8	   3939.69	   4041.37	
0.000198693	0.00115027	0.00405776	 0.0119027	 0.0309687	 0.0729055	  0.150977	  0.271232	  0.431945	  0.635448	   0.89239	   1.23038	   1.70007	   2.35548	   3.23207	   4.33507	   5.61531	   7.01672	   8.60194	   10.0501	   11.5495	   13.9165	   16.8543	   20.8253	   25.8788	   31.9975	   38.9126	   46.3432	   54.5602	    63.788	   75.2395	   90.4153	   111.104	   137.904	   188.469	   286.381	   313.053	    283.53	   328.704	   378.984	   435.077	   495.946	   562.147	   633.927	   709.946	   790.028	   875.017	   964.576	   1058.13	   1158.21	   1261.91	   1362.81	   1457.48	   1547.35	   1631.59	   1718.52	   1818.55	   1939.99	   2081.81	   2240.09	   2401.87	   2557.35	   2700.07	   2834.59	   2966.25	   3112.41	   3287.22	   3496.92	   3724.09	   3944.39	   4121.61	
0.000177797	0.00102606	0.00360992	 0.0105927	 0.0278408	 0.0647678	    0.1337	  0.242693	  0.389825	  0.572541	  0.796801	   1.07573	   1.43601	   1.93686	   2.62359	   3.54245	   4.67856	   5.99973	   7.45932	   8.73227	   9.96146	   11.8654	   14.1531	   17.3077	   21.4449	   26.7498	   33.2228	   40.5708	   48.4759	   57.1238	   66.7693	   78.6981	   94.4698	   115.971	   159.234	   245.197	   271.949	   250.579	   293.661	    340.56	   392.765	   451.013	   514.223	   583.007	   657.628	   736.668	   819.948	   908.355	   1001.57	   1098.98	   1203.21	   1311.26	   1416.47	   1515.25	   1609.09	   1697.13	   1788.01	   1892.57	   2019.48	   2167.64	   2333.03	   2502.11	   2664.68	   2814.03	   2954.94	      3093	   3246.34	    3429.8	   3649.95	   3888.64	   4120.47	
0.000156447	0.00091806	0.00322305	0.00944075	 0.0248299	 0.0583367	  0.118853	  0.214796	  0.348607	  0.516597	  0.717395	  0.958938	    1.2514	   1.62337	   2.13592	   2.85333	   3.81136	   4.99293	   6.36333	   7.54441	   8.65013	   10.2396	   12.0662	   14.4979	   17.7781	   22.1106	   27.7031	   34.5272	   42.2981	    50.579	   59.5772	   69.5701	    81.891	   98.1797	   133.307	   206.174	   232.473	   217.627	   259.263	   304.709	   354.365	   409.817	   471.874	   539.483	   613.334	   693.724	   779.201	   869.621	   965.991	   1067.99	   1175.01	    1289.9	   1409.51	   1526.66	   1637.48	   1743.52	   1843.78	   1947.65	   2066.98	   2211.37	   2379.81	   2568.02	   2761.22	   2948.14	   3121.31	   3285.94	   3448.25	   3628.53	   3843.58	   4101.05	   4380.85	
0.000137982	0.00079919	0.00287263	0.00840526	 0.0220743	 0.0518855	  0.106716	  0.189815	  0.306358	  0.459004	  0.643569	  0.858076	   1.10946	    1.4016	   1.76787	   2.29635	   3.04645	   4.04355	   5.25969	   6.38587	   7.43792	   8.86117	   10.3714	   12.2826	   14.8022	   18.2254	   22.7749	   28.6224	   35.7964	   43.8969	   52.4781	   61.7641	   72.0366	   84.6955	    112.32	   171.728	   195.089	   185.919	    224.83	   268.556	   316.445	   368.936	   427.713	   493.692	   565.817	    644.83	   731.089	   823.111	   920.801	   1025.25	   1136.14	   1252.88	   1378.55	   1509.81	   1639.01	   1761.94	   1880.24	   1992.78	   2109.69	   2243.84	   2405.79	   2594.58	   2805.71	   3023.11	   3234.44	   3431.44	   3619.82	    3806.4	   4013.65	   4260.36	   4555.31	
0.000121581	0.000695357	0.00247615	0.00744734	 0.0195467	 0.0458656	 0.0943093	  0.168956	    0.2679	  0.398831	  0.565998	  0.762596	  0.985623	   1.23014	   1.50667	   1.87561	   2.42606	   3.20179	   4.21659	    5.2205	   6.24631	   7.57057	   8.91395	   10.4656	   12.4371	   15.0571	   18.6375	   23.3543	    29.467	   36.9063	   45.2663	   54.0927	   63.6113	   74.1294	   96.4101	   143.914	   162.106	   155.855	   191.244	     231.3	   276.302	   325.574	   379.564	   440.029	   507.914	   582.109	    663.38	   752.102	   846.772	   947.274	   1054.73	   1168.82	   1288.93	   1418.23	    1553.3	   1686.26	   1812.79	   1934.57	   2050.44	   2170.81	   2308.94	   2475.69	   2670.07	   2887.43	   3111.24	    3328.8	   3531.62	   3725.61	   3917.85	   4131.52	   4386.01	
0.000107037	0.000605291	0.00213689	0.00638234	 0.0172355	 0.0404068	  0.082865	  0.147791	  0.236136	  0.344654	  0.485652	  0.663094	  0.869504	   1.08215	   1.30679	   1.57951	     1.961	   2.52287	   3.30048	   4.13433	   5.06001	   6.30975	   7.55613	   8.91246	   10.5052	   12.5477	   15.2799	   18.9637	   23.8697	   30.1756	   37.8182	   46.3864	   55.4086	   65.1315	   83.9378	   122.826	   135.468	   129.308	   159.586	   195.884	   236.969	   283.126	   333.658	   389.044	   451.094	   520.761	    596.91	   680.336	   771.453	   868.701	   971.964	    1082.4	   1199.68	   1323.19	   1456.19	   1595.16	   1732.02	   1862.34	   1987.84	   2107.32	   2231.47	   2373.95	   2545.91	   2746.35	   2970.51	   3201.35	   3425.84	   3635.24	   3835.66	   4034.45	   4255.52	
9.42063e-05	0.000527649	0.00184877	0.00548424	 0.0147198	 0.0354836	 0.0726457	  0.128642	  0.204518	  0.301034	  0.415018	  0.562308	  0.750301	  0.946185	   1.13774	   1.35667	   1.63797	   2.01951	   2.57178	    3.1979	   3.97206	   5.07406	   6.25117	   7.49227	   8.87567	   10.5192	   12.6433	   15.4373	   19.2527	    24.289	    30.736	   38.5352	   47.2627	   56.4498	   73.3371	   106.293	   115.242	   107.845	   131.757	    162.68	   199.758	   241.733	   288.895	   340.548	   397.191	   460.659	   531.934	   609.864	   695.295	   788.639	   888.304	   994.176	   1107.45	    1227.8	   1354.59	   1491.19	   1633.99	   1774.73	   1908.86	   2038.13	   2161.32	   2289.39	   2436.34	   2613.67	   2820.35	   3051.49	   3289.64	   3521.38	   3737.74	   3945.05	   4150.87	
8.30599e-05	0.000461452	0.00160757	0.00473507	 0.0126322	 0.0302418	 0.0636001	  0.112105	  0.176804	  0.258776	  0.360125	  0.476431	  0.631179	  0.809324	  0.985899	   1.17176	   1.39846	   1.67474	   2.03955	   2.46619	   3.04904	   3.95833	   4.99564	   6.15619	    7.4126	   8.83149	   10.5348	   12.6951	   15.5795	    19.478	   24.6015	   31.1483	   39.0562	   47.9056	   63.1821	   92.2736	   99.3572	   91.5163	   109.297	    133.58	   164.988	    202.65	   245.289	   293.214	   345.722	   403.308	    467.84	   540.327	   619.626	   706.584	   801.627	   903.138	   1011.01	   1126.46	   1249.17	   1378.49	   1517.87	   1663.64	   1807.39	   1944.49	   2076.71	   2202.81	   2333.97	   2484.45	   2665.99	   2877.56	   3114.21	   3358.09	   3595.53	   3817.39	   4030.14	
7.35843e-05	0.000406024	0.00140743	0.00412243	 0.0109213	 0.0259744	 0.0541406	 0.0981145	  0.153849	  0.223187	  0.308643	  0.412607	  0.531577	  0.675683	  0.838049	   1.01171	   1.20581	   1.42748	   1.68552	   1.94713	   2.34541	   3.03279	   3.88923	   4.90592	   6.07298	   7.35282	   8.81538	   10.5367	    12.759	   15.6923	   19.6364	   24.8082	   31.4054	   39.3724	   53.2743	   78.9486	   85.8821	    78.663	   92.1988	   110.138	   134.641	   166.333	   204.336	   247.373	   295.757	   348.766	   406.899	   472.052	   545.268	   625.378	   713.245	   809.302	   911.918	   1020.99	   1137.75	   1261.88	   1392.74	   1533.81	    1681.4	      1827	   1965.92	   2099.99	   2227.91	      2361	   2513.69	   2697.87	   2912.51	   3152.59	   3400.06	   3641.07	   3866.38	
6.56798e-05	0.000359929	0.00124074	0.00361657	0.00952953	 0.0224862	 0.0464934	  0.083707	  0.134854	  0.194252	  0.265995	  0.353077	  0.457448	   0.56435	  0.694287	   0.85557	   1.03753	   1.22817	    1.4328	   1.60407	   1.84656	   2.32627	    2.9718	   3.80691	   4.82311	   6.00226	   7.31131	   8.77561	   10.5379	   12.7851	   15.7337	    19.688	   24.8631	   31.4621	   43.4806	   66.0739	   73.1161	   67.7458	   78.7409	   92.3106	   110.296	   134.863	   166.642	   204.762	   247.946	   296.496	   349.687	   408.024	   473.435	   546.956	   627.418	   715.693	   812.223	   915.372	   1025.04	   1142.47	   1267.35	   1399.03	   1541.03	   1689.65	   1836.33	   1976.37	   2111.59	   2240.69	   2375.04	   2529.19	   2715.09	   2931.71	   3174.01	   3423.83	   3667.22	
5.94439e-05	0.000327137	0.00110603	0.00320649	0.00840358	 0.0196969	 0.0403104	 0.0725494	  0.115319	  0.170498	  0.231393	  0.303657	  0.386997	  0.480811	  0.573585	   0.70126	  0.869248	   1.05014	   1.22486	    1.3548	   1.51095	   1.81858	   2.26456	   2.88922	   3.71797	   4.73569	   5.92942	   7.22425	   8.71253	   10.4831	   12.7267	   15.6621	   19.5912	   24.7325	   34.4857	   53.4961	   60.8472	    57.425	    67.345	   78.2952	    91.809	   109.722	   134.195	   165.866	   203.876	    246.94	   295.361	   348.416	   406.636	   471.931	   545.342	   625.711	   713.916	   810.402	   913.542	   1023.24	   1140.74	   1265.74	   1397.61	   1539.86	    1688.8	   1835.89	   1976.43	   2112.22	   2241.97	   2377.05	   2532.01	   2718.86	   2936.57	    3180.1	   3431.27	
5.4311e-05	0.000297814	0.00100891	0.00285844	0.00745389	 0.0173629	 0.0352489	 0.0636897	  0.100257	  0.145474	    0.2026	  0.263192	  0.328325	  0.401892	  0.483785	  0.573055	  0.704842	  0.873911	   1.04081	   1.15103	    1.2684	    1.4785	   1.75945	   2.18709	   2.80357	   3.62703	   4.64765	   5.81252	   7.11648	   8.60054	   10.3554	   12.5723	   15.4667	   19.3413	   26.8922	   42.0639	   48.9477	   47.5447	   56.6521	   66.4525	   77.2677	   90.6147	   108.309	   132.496	   163.812	     201.4	   243.988	   291.879	   344.375	   401.987	   466.614	   539.293	   618.882	   706.256	   801.861	   904.087	   1012.84	   1129.37	   1253.38	   1384.24	   1525.44	   1673.34	   1819.48	   1959.18	   2094.25	   2223.39	   2357.88	   2512.17	   2698.15	   2914.84	   3157.25	
4.97648e-05	0.000272698	0.000911431	0.00260244	 0.0066194	 0.0153367	  0.030919	 0.0566222	  0.088267	  0.126046	   0.17167	  0.229004	  0.280391	  0.336735	  0.399692	  0.478632	  0.569881	  0.703359	  0.860423	  0.972124	    1.0712	    1.2336	   1.42393	   1.68817	   2.10873	   2.71757	   3.53633	    4.5179	   5.67827	   6.96727	   8.42665	   10.1469	   12.3151	   15.1464	   20.8501	   32.4978	   38.2075	   38.0177	   46.5138	    55.435	   65.0313	   75.6174	   88.6808	   106.009	    129.71	   160.402	   197.244	   238.991	   285.952	   337.431	   393.932	   457.323	   528.629	   606.732	   692.498	   786.365	   886.758	   993.587	   1108.08	   1229.96	    1358.6	   1497.45	   1642.94	   1786.75	    1924.3	   2057.36	   2184.65	   2317.24	   2469.35	   2652.68	   2866.26	
4.57429e-05	0.000252427	   0.00083	0.00234857	0.00603295	 0.0135914	 0.0272329	 0.0508494	  0.078816	  0.110497	   0.14744	  0.191833	  0.239761	  0.283416	  0.330313	  0.390346	  0.470561	   0.56399	  0.686713	  0.797238	  0.897803	   1.03404	   1.18231	   1.35578	   1.61633	   2.03037	   2.63165	   3.40677	   4.37333	    5.5081	   6.76377	   8.18194	   9.85027	   11.9533	   16.1757	   24.9428	   29.2735	    29.465	   36.8431	   45.0843	   53.7345	   63.0356	   73.2937	   85.9595	   102.771	   125.769	   155.552	   191.304	   231.829	   277.413	   327.384	   382.236	    443.79	   513.042	   588.909	   672.236	   763.449	   861.019	   964.865	   1076.19	   1194.71	   1319.83	   1454.92	   1596.51	   1736.51	   1870.48	   2000.12	   2124.19	   2253.47	   2401.76	   2580.48	
4.19881e-05	0.000235705	0.000763447	0.00213319	0.00543453	  0.012377	 0.0239601	  0.046154	 0.0710346	 0.0979396	  0.127731	  0.162354	  0.196297	  0.238477	  0.273809	  0.317922	  0.378477	  0.460547	  0.545511	  0.630296	  0.729366	  0.858263	  0.985102	    1.1148	   1.28633	   1.54383	   1.95134	   2.51094	    3.2656	   4.19985	    5.2927	   6.50022	   7.86238	   9.46606	   12.6338	   19.1374	   22.2558	   22.3887	   28.2545	   35.3327	   43.2357	   51.5287	   60.4443	   70.2841	    82.443	   98.5843	   120.664	   149.256	   183.587	   222.495	   266.262	   314.246	   366.931	   426.066	   492.606	   565.515	   645.602	    733.28	   827.081	   926.931	   1033.99	   1147.99	   1268.37	   1398.37	   1534.65	   1669.44	   1798.47	   1923.38	   2042.97	    2167.6	   2310.56	
3.8328e-05	 0.0002256	0.000719545	0.00196616	0.00493862	 0.0111344	 0.0218119	 0.0421762	 0.0645686	 0.0873447	  0.111521	  0.138306	  0.162506	  0.191775	   0.22718	   0.26001	  0.304231	  0.366146	  0.440252	  0.495864	  0.571188	   0.69038	  0.812644	    0.9186	   1.04627	   1.21611	   1.47011	   1.84262	   2.38203	    3.1031	   3.99235	   5.03112	   6.17837	   7.47431	   9.89234	    14.767	   16.8935	   16.8596	   21.2208	   26.7817	   33.4888	   40.9756	   48.8312	   57.2825	   66.6188	   78.1588	   93.4773	   114.427	   141.563	   174.139	   211.056	   252.587	   298.135	   348.158	   404.315	   467.515	   536.772	   612.853	   696.152	   785.281	   880.171	   981.926	   1090.31	   1204.78	   1328.41	   1458.05	    1586.3	   1709.11	   1828.04	   1941.94	   2060.67	
3.48203e-05	0.000226907	0.000716175	0.00186494	0.00456331	 0.0101256	 0.0196063	 0.0384425	 0.0589245	 0.0781947	   0.09764	  0.118391	  0.135687	  0.156093	  0.179849	  0.213097	  0.245848	  0.290685	  0.345646	  0.395271	  0.444894	  0.535246	  0.650367	  0.748252	  0.851342	   0.97684	   1.14424	   1.37259	   1.72862	   2.23824	   2.91643	   3.75148	   4.72659	   5.80547	   7.71575	   11.4111	   12.8787	   12.6581	    15.776	   19.8578	    25.059	   31.3307	   38.3311	   45.6811	   53.5955	   62.3429	   73.1549	   87.5031	   107.133	   132.552	   163.064	   197.644	   236.558	   279.249	   326.144	     378.8	   438.066	   503.016	   574.369	   652.501	   736.108	   825.134	   920.618	   1022.34	   1129.79	   1245.87	    1367.6	   1488.07	   1603.45	   1715.22	    1822.3	
3.15874e-05	0.000231656	0.000753764	0.00181583	0.00426356	0.00927031	 0.0177012	 0.0345941	 0.0524035	 0.0697689	 0.0853407	   0.10123	  0.114063	  0.128306	  0.144216	   0.16636	  0.199288	  0.231639	  0.270572	  0.306126	  0.350056	  0.412314	  0.502465	  0.590558	  0.683348	  0.783105	  0.905443	   1.05529	   1.27224	   1.60491	   2.07839	    2.7073	   3.48131	   4.38669	   5.91485	   8.77443	    9.8181	   9.53015	   11.6775	   14.5546	   18.3185	   23.1129	    28.894	   35.3502	   42.1341	    49.442	   57.5198	   67.5018	   80.7549	   98.8812	   122.352	   150.527	   182.465	   218.415	   257.864	   301.207	   349.881	   404.667	   464.709	   530.675	   602.911	   680.218	   762.547	    850.86	   944.954	   1044.37	   1151.77	   1264.43	   1375.93	   1482.76	   1586.27	
0.000101633	0.00226022	 0.0083757	 0.0193376	 0.0368144	 0.0667758	  0.116722	  0.193587	  0.278682	  0.359928	  0.434965	  0.502101	  0.554166	  0.601078	  0.642004	  0.692979	  0.765689	  0.860918	  0.967491	   1.05869	   1.17635	   1.37056	   1.58228	   1.85056	   2.17565	   2.55564	   2.99349	   3.51209	   4.12739	   4.89444	    5.9205	   7.32298	   9.21354	   11.6767	    15.826	   23.0403	   26.2671	   26.4923	    32.071	   38.9831	   47.7955	   59.1352	   73.6612	   91.8446	   113.685	   138.766	   166.997	   198.596	    235.08	   279.245	    335.17	   406.578	   495.582	   602.687	   728.587	   873.204	   1036.95	   1221.86	   1430.45	   1663.61	   1922.84	   2209.73	   2524.04	   2865.56	   3235.29	   3633.75	    4060.8	   4519.57	   5009.18	   5521.25	   6045.12	
         	         	         	         	         	         	         	         	         	         	         	         	         	         	         	         	         	         	         	         	         	         	         	         	         	         	         	         	         	         	         	         	         	         	         	         	         	         	         	         	         	         	         	         	         	         	         	         	         	         	         	         	         	         	         	         	         	         	         	         	         	         	         	         	         	         	         	         	         	         	         	
         	         	         	         	         	         	         	         	         	         	         	         	         	         	         	         	         	         	         	         	         	         	         	         	         	         	         	         	         	         	         	         	         	         	         	         	         	         	         	         	         	         	         	         	         	         	         	         	         	         	         	         	         	         	         	         	         	         	         	         	         	         	         	         	         	         	         	         	         	         	         	
   30401.8	   29468.5	   28530.8	   27535.1	   26500.7	   25427.6	   24504.1	   23648.8	   22696.9	   21654.1	   20534.4	   19307.8	     18017	   17229.2	   15607.9	     14700	   14063.5	   15360.7	   16021.3	   16335.7	   16867.5	   17622.9	   17573.4	   17648.3	   17419.4	   17317.7	   17376.3	   17476.7	   17571.1	   17567.2	   17470.7	   17278.5	   16992.7	   16816.7	   15576.5	   15667.8	   18485.9	   18781.1	   18431.5	   18078.4	   17718.4	   17352.9	   16984.4	   16616.1	   16251.5	   15894.8	   15549.2	   15216.6	   14892.9	   14575.1	   14261.5	   13949.6	   13636.9	   13322.8	   13007.9	   12693.1	     12379	   12066.5	   11756.2	     11449	   11146.2	   10849.4	   10559.6	   10277.9	   10005.1	   9741.82	   9488.14	   9243.82	   9008.85	   8783.08	   8566.08	
   7296.79	   6846.98	   6452.75	   6074.61	   5679.53	   5274.62	   4861.23	   4478.62	    4101.7	   3711.61	   3304.14	   2870.23	   2514.54	   2533.75	   2375.13	   2430.74	   2433.38	   2214.62	   2189.61	   2271.34	    2308.1	   2376.92	   2472.22	   2581.45	   2665.97	   2703.74	   2736.32	    2792.9	   2863.64	   2941.21	   3007.96	   3057.61	    3091.2	   3107.31	   2798.34	   2713.43	   3272.87	   3378.77	   3333.63	    3284.6	   3235.47	   3184.88	   3133.02	   3080.29	   3027.24	   2974.44	   2922.68	   2872.59	   2824.73	   2778.59	   2733.34	   2688.73	   2644.32	   2599.58	   2554.28	   2508.48	   2462.31	   2415.91	   2369.41	   2322.92	   2276.58	   2230.63	   2185.36	   2141.02	   2097.82	   2055.96	   2015.57	   1976.73	   1939.41	   1903.62	   1869.36	
   2528.74	   2501.14	   2410.47	   2336.69	   2267.01	   2190.33	   2108.38	   2034.28	   1957.67	   1882.84	   1801.36	   1707.55	   1629.08	   1604.64	   1536.25	   1515.33	   1506.84	   1390.53	   1370.17	   1396.19	   1369.89	   1407.32	   1493.88	   1540.73	   1586.87	   1616.51	   1617.21	   1612.26	   1623.19	   1641.69	   1663.67	   1679.06	   1684.49	   1680.88	   1510.89	    1474.6	   1768.97	   1860.64	    1800.7	   1766.17	   1729.63	   1693.12	   1655.94	   1618.21	   1580.18	   1542.13	   1504.39	   1467.35	   1431.41	   1396.76	   1363.13	   1330.13	   1297.62	    1265.4	   1233.24	   1201.03	   1168.83	   1136.72	   1104.77	   1073.06	   1041.65	   1010.62	   980.085	   950.171	   920.987	   892.625	   865.155	   838.633	    813.07	   788.445	   764.745	
   1076.25	   1128.63	   1170.44	   1183.51	   1203.54	   1224.67	   1241.45	   1261.54	   1278.11	   1291.67	   1305.35	   1313.27	   1332.52	   1269.45	   1227.16	   1226.64	   1185.28	   1098.06	   1085.15	   1092.93	   1059.23	   1050.09	   1111.78	   1131.26	   1125.53	   1116.65	   1093.91	   1050.13	   1002.95	   965.256	   931.078	   897.591	   859.308	   815.131	   731.188	   722.445	   854.561	   926.294	   900.486	   871.585	   855.001	   837.458	   819.935	   802.095	   784.003	   765.766	   747.532	   729.453	   711.754	   694.588	   678.051	   662.016	   646.284	   630.796	    615.45	   600.132	   584.792	   569.455	   554.158	    538.94	   523.836	   508.874	   494.092	   479.547	   465.299	   451.403	   437.902	   424.831	   412.218	   400.068	   388.371	
    650.21	   706.046	   758.094	   803.949	   830.159	   860.547	   891.005	   921.001	   950.169	   976.115	   998.817	   1020.95	   1054.04	   980.569	   944.094	   948.678	   936.537	   858.735	   847.517	   846.836	   813.263	    794.51	     809.1	   814.837	   820.908	    807.91	   792.063	   766.226	   724.953	   681.314	   644.027	   608.808	   573.651	   535.041	   480.274	   473.809	   547.587	   578.538	   564.171	   549.156	   532.222	   522.785	   512.745	   502.699	   492.438	   482.002	   471.455	   460.888	   450.414	    440.15	   430.193	   420.602	     411.3	   402.165	    393.16	   384.222	   375.279	   366.299	   357.299	     348.3	   339.326	   330.401	    321.54	   312.768	   304.121	   295.639	   287.354	   279.297	    271.49	   263.952	   256.687	
   490.364	   532.868	   576.005	   615.966	   650.786	   669.662	   691.526	   714.254	   735.358	   755.464	   772.667	   786.724	   811.737	   733.446	   716.574	   708.403	   710.538	   677.553	   657.356	   645.668	    618.77	   597.711	   597.331	   579.943	    582.79	   585.727	   574.898	   562.331	   542.126	   510.933	   478.065	   449.637	   422.593	    395.51	   363.226	   360.776	   405.185	   414.731	   405.363	   398.846	   391.706	   383.017	   379.577	   375.595	   371.497	   367.126	   362.507	   357.682	   352.734	   347.732	   342.765	   337.915	   333.232	   328.662	    324.11	   319.548	   314.926	   310.185	   305.298	   300.275	   295.135	   289.896	   284.578	   279.196	    273.77	   268.333	   262.924	   257.573	   252.312	   247.166	   242.155	
   412.229	   439.285	   469.279	   499.276	   526.043	   548.093	   556.644	   568.072	   579.387	   589.286	   598.186	   604.606	    616.49	   538.864	   535.784	    527.55	   526.721	   517.821	   518.758	   491.955	   466.846	   450.536	   441.598	   425.366	   414.409	   418.037	   421.909	   416.182	   409.133	   396.631	   376.133	   354.406	   335.992	   318.677	    303.43	   304.843	    325.71	   317.014	   309.464	   302.796	   298.248	   293.225	   287.031	   284.762	   282.084	   279.313	    276.33	   273.155	   269.829	   266.403	   262.927	   259.471	   256.095	   252.838	   249.659	   246.487	     243.3	    240.06	   236.721	   233.263	   229.694	   226.026	   222.274	   218.453	   214.573	   210.651	   206.712	   202.784	   198.893	   195.062	   191.311	
   346.014	    360.78	    379.52	   400.432	   420.985	   438.509	   451.889	   454.055	   458.943	    463.04	   465.941	   467.912	   473.402	   400.576	   403.712	   396.521	   399.379	   392.469	    403.12	   389.106	   358.483	   345.879	   333.329	   322.063	   313.632	   309.159	    315.84	   323.094	    323.44	   323.089	   318.716	   308.051	   296.388	   287.554	   273.344	   275.172	    293.42	   286.542	   281.705	   275.405	   269.871	   266.212	   262.114	   256.954	   255.297	   253.266	   251.143	   248.821	   246.326	   243.686	   240.943	   238.145	   235.353	   232.623	   229.991	    227.42	   224.844	   222.246	   219.588	   216.831	   213.953	   210.963	   207.871	   204.691	   201.436	   198.116	   194.745	   191.348	   187.949	   184.574	   181.244	
   306.737	   312.958	   322.624	     335.6	   350.218	   364.237	   375.392	   382.474	   380.724	   381.188	   380.416	   378.625	   380.132	   317.858	   318.949	   313.327	   318.942	   311.505	   319.695	   315.449	   295.578	   283.308	    265.72	   259.513	   253.429	   249.567	   248.911	   257.205	   266.556	   270.509	   274.134	   274.562	   269.665	   263.904	   247.764	   257.035	   274.637	   269.753	   266.704	   262.262	   256.454	   251.359	   248.011	   244.253	   239.504	    238.02	   236.188	   234.269	   232.176	   229.919	   227.525	   225.035	   222.491	   219.952	    217.47	   215.078	   212.742	     210.4	   208.036	   205.616	   203.101	   200.472	   197.736	   194.904	   191.987	   188.999	   185.948	   182.848	   179.721	   176.592	   173.482	
   261.681	   265.624	   271.259	   279.873	   291.373	   304.319	   316.762	   326.357	   332.785	    331.82	    332.68	   331.928	   333.776	   284.436	   278.807	   273.842	   281.275	   268.211	   276.036	   275.763	    261.21	   263.374	   236.832	   230.041	    224.78	   219.625	   216.396	   215.584	    222.91	   231.167	   234.749	   238.058	   238.594	   234.502	   217.421	   239.472	   261.668	   249.301	   248.041	   245.305	   241.287	   236.009	   231.385	    228.37	   224.977	   220.668	   219.369	   217.749	   216.059	   214.206	   212.201	   210.069	   207.846	   205.572	   203.302	   201.083	   198.946	    196.86	   194.768	   192.654	   190.487	    188.23	   185.867	   183.403	   180.849	   178.214	   175.512	   172.749	    169.94	   167.103	   164.263	
   241.244	   247.338	   252.468	   258.548	   267.139	   279.233	   293.563	   307.903	   320.801	   330.488	   336.182	    338.11	   343.128	   311.395	   294.042	   289.539	   296.506	   273.008	   278.331	    286.37	   270.534	   282.214	   265.775	   244.139	   228.475	   219.385	   206.482	   197.573	   187.859	    184.18	   187.693	   183.378	    178.58	   172.641	   170.942	    197.14	   225.909	   211.696	   213.184	    214.19	   213.844	   212.314	   209.669	   205.828	   204.529	   203.116	   201.145	   199.975	   199.821	   199.683	   199.372	   198.897	   198.267	   197.515	   196.668	   195.773	    194.88	   194.031	   193.248	   192.442	     191.6	   190.698	   189.696	    188.56	   187.288	   185.888	    184.37	   182.742	   181.015	   179.195	     177.3	
     266.4	   274.709	   281.252	   286.696	   293.212	   302.564	   315.864	   330.366	   346.136	    360.25	   370.722	   376.685	   383.692	   360.053	    340.78	   334.857	   341.788	   313.643	   317.327	   326.251	    310.81	   324.353	   301.474	   291.224	   264.633	   244.721	   231.915	   214.507	   201.946	   188.556	    181.12	   180.341	   171.553	   161.975	   162.452	   188.904	   218.592	   199.334	   199.666	   201.122	   202.123	   201.847	   200.452	   198.003	   194.421	   193.242	   191.954	   190.139	    189.09	   189.001	   188.927	   188.689	   188.295	   187.754	   187.097	   186.349	   185.555	   184.762	   184.011	   183.321	   182.609	   181.862	   181.058	   180.159	   179.132	   177.974	   176.695	   175.301	   173.804	    172.21	   170.528	
   324.471	   335.549	   343.486	   349.165	   353.427	   358.956	   367.878	   379.306	   394.165	   410.356	    424.39	   433.976	   442.904	   425.599	   413.011	   405.013	   410.902	   384.847	   386.024	   389.352	   375.984	   385.318	   363.388	   343.515	   331.339	   300.622	   277.519	   261.594	   241.396	   226.668	    211.01	   202.004	   200.347	   189.692	   181.361	   207.141	   247.043	   223.128	   222.862	   223.391	   225.181	   226.464	   226.316	    224.91	   222.318	   218.449	    217.28	   215.987	   214.108	    213.09	   213.155	   213.237	   213.133	   212.852	   212.405	   211.825	   211.141	   210.404	   209.668	   208.977	   208.356	   207.708	   207.021	   206.267	   205.403	   204.392	   203.231	   201.929	   200.494	   198.938	    197.27	
   412.418	   425.385	   435.827	   442.066	   445.264	   446.562	   449.375	   453.225	   463.069	   476.859	   491.947	   504.121	   516.645	   498.747	    507.91	   496.298	   501.746	   483.266	   483.704	   473.075	   463.328	   464.506	   443.178	   421.692	   400.201	   387.661	   353.438	   326.597	   309.644	   287.589	    272.03	   255.356	   246.809	   247.528	   230.429	   254.526	   308.745	   293.135	   288.392	    288.18	   288.998	    291.45	   293.249	   293.193	   291.507	    288.28	   283.393	    282.01	   280.479	   278.183	   277.006	   277.238	   277.491	   277.504	   277.286	    276.85	   276.242	   275.498	   274.683	   273.869	   273.115	   272.451	   271.751	   270.999	    270.16	   269.176	   267.999	   266.623	   265.062	   263.325	   261.427	
   508.643	   522.491	   535.926	   546.129	    550.91	   551.793	   550.244	   547.111	   548.575	     557.2	   570.389	   584.886	   602.799	   586.309	   615.418	   608.995	   613.406	   607.863	   606.654	   578.924	   572.311	   562.492	   544.188	   520.206	    498.02	   475.773	    464.14	   424.053	   395.166	   378.145	   354.817	   339.454	   322.698	   316.363	   310.735	   334.584	   397.193	   397.849	   398.892	   392.578	   392.436	   393.697	   397.187	   399.787	   399.853	   397.693	   393.426	   386.886	   385.149	   383.206	   380.214	    378.75	    379.21	     379.7	   379.857	   379.698	   379.239	    378.54	   377.653	   376.668	   375.681	   374.774	    373.99	   373.154	   372.245	   371.214	   369.982	   368.482	   366.707	   364.674	   362.398	
   606.268	   618.495	   634.374	   649.901	   661.441	   666.349	   666.477	   661.368	   656.576	   657.288	   666.576	   681.297	   705.748	   690.851	   745.417	   729.942	    748.07	    755.81	   753.403	   707.059	   706.042	   683.152	   670.095	   645.375	   620.622	   597.925	   575.092	   562.461	   517.899	   486.641	   469.839	   445.135	   430.318	   413.748	   398.019	   446.779	   520.337	   525.286	   537.447	   538.819	   530.277	   530.052	    531.71	   536.368	   539.823	   539.862	     536.9	   531.098	   522.187	   519.749	   517.037	   512.912	   510.847	   511.376	   511.944	   512.066	   511.763	   511.057	    510.03	   508.751	    507.34	   505.928	   504.625	   503.486	    502.28	   500.976	   499.508	   497.772	   495.675	    493.21	   490.398	
   713.042	   721.629	   736.839	   756.735	   776.254	   791.012	   797.782	   799.509	   794.089	   789.012	    790.58	   802.568	   829.988	   816.631	   887.022	   874.539	   883.187	   924.161	   919.155	   859.893	   862.558	   831.973	   823.841	   800.078	    774.69	   749.174	   726.032	   716.367	   704.964	   654.447	   619.877	   603.048	   576.289	   561.861	    527.99	    560.43	    670.88	   683.559	   701.091	   716.765	   718.429	   707.237	   706.845	    708.85	   714.742	    719.07	   718.975	   714.958	   706.487	    694.01	   689.987	   685.647	   679.511	   676.086	   676.065	   676.128	   675.641	   674.631	   673.124	   671.228	   669.029	   666.682	   664.358	   662.195	   660.266	   658.269	   656.162	   653.861	   651.228	   648.142	   644.593	
    831.68	   833.496	   845.832	   866.419	   892.645	   918.496	   938.657	   954.921	    959.22	   954.908	    951.06	   955.389	    981.02	   963.944	   1033.31	   1024.14	   1040.27	   1079.06	   1098.93	   1034.26	    1041.3	   1006.17	   1007.98	   984.085	   959.991	   933.891	   907.541	   896.479	   888.816	   879.169	   821.683	   783.338	   766.717	   737.662	   687.827	   690.925	   802.568	   854.723	    875.75	   897.637	   917.225	   919.314	   905.349	    904.88	    907.34	   914.646	   919.993	   919.816	   913.827	    902.31	   885.804	   879.929	   873.697	   865.251	   860.235	   859.519	   858.941	   857.706	   855.844	    853.39	   850.474	   847.206	   843.775	   840.396	   837.241	   834.401	   831.494	   828.469	   825.217	   821.566	   817.364	
   958.415	   956.018	   961.834	   980.342	   1008.51	   1043.27	   1077.39	    1116.7	   1138.81	   1146.67	   1144.46	   1143.17	   1158.68	   1129.87	   1176.34	   1165.99	   1189.19	   1242.64	   1251.64	   1223.14	   1233.68	    1200.9	   1212.71	   1191.14	   1164.51	   1137.63	   1108.35	   1089.58	   1077.57	   1069.55	   1059.33	   992.519	   948.173	   929.457	   848.595	   851.116	   963.298	   991.818	   1053.05	   1078.36	   1104.78	   1128.47	   1131.09	   1114.38	   1113.93	   1116.92	   1125.73	   1132.17	   1130.98	    1122.8	   1107.99	   1087.18	   1079.25	   1070.93	   1059.96	   1053.17	   1051.61	   1050.25	   1048.13	   1045.28	   1041.74	   1037.67	    1033.2	   1028.56	   1024.01	   1019.74	   1015.88	   1011.96	   1007.92	   1003.62	   998.855	
   1087.19	   1086.85	   1088.36	   1099.74	   1125.58	   1162.33	    1206.2	   1268.47	   1316.33	   1343.91	   1355.08	   1355.06	   1358.78	   1307.14	   1313.95	   1291.01	   1316.31	   1382.21	   1407.07	      1379	   1428.53	    1401.2	   1425.69	   1402.61	   1376.62	   1344.84	   1312.77	   1286.85	   1263.58	   1247.86	    1236.7	   1223.19	   1145.38	      1093	   1018.68	   1015.02	   1153.61	   1154.29	   1178.57	   1250.03	   1279.58	   1310.53	   1338.36	   1341.68	   1322.49	   1322.26	   1325.91	   1336.32	   1342.92	   1340.69	   1330.31	   1312.23	   1287.16	   1277.17	   1266.75	   1253.26	   1244.69	   1242.26	   1240.09	   1237.06	    1233.2	   1228.57	   1223.35	   1217.68	   1211.84	   1206.12	   1200.76	   1195.89	   1190.97	   1185.93	    1180.6	
   1210.79	   1218.21	   1221.26	   1226.85	   1243.32	   1275.67	   1319.57	   1397.86	   1468.86	   1522.99	   1554.17	   1567.42	   1562.79	   1489.31	   1445.28	   1399.83	   1416.47	   1491.12	   1532.69	    1532.7	   1571.15	   1591.83	   1625.61	   1604.87	   1578.62	   1549.14	   1513.19	   1483.92	   1453.94	   1426.67	   1407.77	   1394.11	   1377.92	   1290.05	    1178.8	   1201.83	   1334.31	   1338.15	   1326.88	   1355.47	   1437.52	   1472.18	    1508.6	   1541.62	   1546.84	   1526.53	   1527.78	    1533.3	   1545.43	   1553.28	    1551.1	   1539.63	   1519.36	   1491.06	   1480.03	    1468.5	   1453.47	   1444.08	   1441.76	   1439.77	    1436.8	   1432.91	   1428.14	    1422.7	   1416.76	   1410.62	   1404.64	   1399.08	    1394.1	   1389.07	   1383.89	
   1320.96	   1336.14	   1346.34	   1352.11	    1360.3	    1379.8	   1415.76	    1497.1	   1581.63	   1657.37	   1714.47	   1746.96	   1744.29	   1659.87	   1572.39	   1494.32	    1494.3	   1569.67	   1622.87	   1643.82	   1700.16	   1712.14	   1795.81	      1779	   1758.36	   1731.83	   1701.79	   1669.65	   1639.27	   1607.79	   1579.12	   1559.84	   1546.47	   1530.16	   1383.81	   1364.49	   1524.97	   1509.08	   1503.65	   1492.41	   1525.37	   1617.72	   1657.52	   1699.46	   1737.72	    1745.1	   1724.06	   1727.08	   1733.63	    1747.6	   1756.83	   1754.91	   1742.58	    1720.4	   1689.17	   1677.31	    1664.9	   1648.53	   1638.51	   1636.46	    1634.8	   1632.06	   1628.29	   1623.54	   1618.05	   1611.99	   1605.73	   1599.64	   1594.05	   1589.11	   1584.12	
   1405.13	   1431.39	   1448.51	   1460.58	   1467.32	   1475.69	   1494.87	   1570.33	    1653.8	   1739.91	   1816.53	   1873.91	   1878.48	   1803.82	   1691.03	   1584.01	   1559.24	   1630.41	   1681.62	    1707.8	   1776.25	   1811.78	   1876.88	   1913.75	   1897.14	   1876.75	   1850.21	   1821.99	   1788.79	   1757.21	   1724.38	   1694.59	      1675	   1661.49	    1599.4	   1570.14	   1705.92	   1707.69	   1671.21	   1665.53	   1653.35	   1689.51	   1790.64	   1834.25	   1880.31	    1922.4	   1930.72	      1908	   1910.56	    1916.9	   1931.38	   1940.72	   1937.89	   1923.69	   1898.71	   1863.85	   1850.21	   1835.98	   1817.44	   1805.86	   1803.04	   1800.67	   1797.13	   1792.48	   1786.79	    1780.3	   1773.23	   1765.94	   1758.86	   1752.34	   1746.55	
   1460.55	   1496.82	   1524.47	   1542.63	   1554.74	   1559.94	   1565.19	   1625.13	   1698.82	   1780.24	   1864.46	   1939.53	   1958.81	   1908.47	   1795.32	   1670.24	   1626.05	   1687.01	   1724.08	   1733.51	   1802.14	   1855.73	   1934.66	   1956.92	   1995.33	   1978.47	   1957.93	   1929.39	   1900.04	   1865.18	   1832.03	   1797.73	   1766.64	   1745.88	   1697.15	   1810.57	   1938.97	   1877.28	   1867.73	   1828.57	   1822.54	   1809.34	    1848.5	   1957.92	   2005.03	   2054.91	   2100.54	   2109.64	   2084.14	    2086.1	   2092.08	   2106.88	   2116.14	   2112.28	   2096.11	   2068.31	   2029.83	   2014.33	    1998.2	   1977.42	   1964.19	   1960.46	   1957.22	   1952.75	    1947.1	   1940.34	   1932.74	   1924.52	   1916.09	   1907.91	   1900.35	
   1494.26	   1534.71	   1571.98	   1600.31	   1617.83	   1627.53	   1628.06	   1673.55	   1728.71	   1797.72	   1874.86	    1955.8	   1985.97	   1972.73	   1874.76	   1748.38	   1695.94	   1751.71	    1763.5	   1740.89	   1793.18	   1853.94	   1939.37	   1987.98	      2011	   2051.11	   2034.96	   2010.31	   1981.77	   1951.95	   1916.46	   1883.06	   1848.67	    1817.1	   1758.55	   1925.38	      2198	   2086.16	   2028.03	    2018.6	   1977.12	   1970.92	   1956.95	   1999.07	   2116.39	   2166.96	   2220.62	   2269.77	   2278.74	   2250.78	   2252.34	   2258.15	    2273.4	   2282.74	   2278.05	   2260.17	   2229.84	   2188.06	   2170.92	   2153.13	   2130.35	   2115.69	   2111.21	   2107.29	   2102.06	   2095.59	   2087.94	    2079.4	   2070.23	   2060.83	   2051.72	
    1505.9	    1549.4	   1591.08	   1629.52	   1657.68	   1672.89	   1677.84	   1716.42	   1756.16	    1805.8	   1870.08	   1943.68	   1978.73	   1997.12	   1928.02	   1808.54	    1763.6	   1818.46	   1812.97	   1747.21	   1774.67	      1826	   1908.91	   1980.12	   2030.63	   2055.72	    2098.8	   2078.19	   2055.15	   2027.81	   1999.06	   1964.87	   1933.19	   1900.11	   1826.48	   2016.51	   2311.44	   2300.48	   2198.44	   2138.45	   2129.12	   2085.94	   2079.53	   2064.88	   2108.91	   2231.56	   2284.36	   2340.51	   2390.98	   2399.48	    2369.5	   2370.49	   2375.85	   2391.09	   2400.15	   2394.56	   2375.19	   2342.82	   2298.48	   2279.92	   2260.68	   2236.25	   2220.31	   2215.03	   2210.35	   2204.32	      2197	   2188.48	   2179.04	   2168.95	   2158.65	
   1490.05	   1542.27	   1588.15	   1632.18	   1671.78	   1698.84	    1710.2	   1749.88	   1783.54	   1818.82	   1864.95	   1927.16	   1958.86	   1994.91	   1952.32	   1848.37	    1817.6	    1875.2	   1868.92	    1768.8	   1766.19	   1797.17	   1865.83	      1948	   2020.65	   2072.78	   2099.62	   2138.24	   2118.67	   2096.43	   2069.68	   2041.85	   2008.91	   1978.19	   1917.34	    2106.2	    2383.6	   2354.79	   2371.66	   2268.68	   2208.43	   2199.85	   2156.27	   2150.26	   2135.68	   2181.36	   2307.77	   2362.46	   2419.82	   2471.45	   2480.03	   2449.17	   2450.25	   2455.72	   2471.36	   2480.65	   2474.89	   2454.95	   2421.62	   2375.96	   2356.85	   2337.02	   2311.84	   2295.41	   2289.98	   2285.17	   2278.98	   2271.47	   2262.73	   2253.06	   2242.71	
   1457.15	   1518.91	   1574.59	   1623.76	   1669.83	   1709.14	   1732.99	   1773.84	   1809.49	   1839.92	   1873.01	   1918.42	   1944.12	   1978.26	   1954.49	   1862.29	   1853.25	   1906.05	   1922.41	   1803.73	   1783.74	   1784.24	   1833.31	   1905.75	   1986.01	   2056.63	   2106.58	   2124.89	   2160.63	   2137.46	    2111.5	    2081.2	   2050.24	   2013.74	   1987.12	   2190.24	   2436.16	   2384.47	   2406.99	   2424.84	   2320.53	   2259.41	   2250.65	   2206.06	    2199.5	   2184.19	   2230.12	   2357.97	   2412.11	   2469.09	    2520.3	   2527.88	   2495.54	   2495.71	   2500.25	   2515.07	   2523.47	   2516.64	   2495.44	   2460.71	   2413.51	    2393.2	   2372.19	   2345.79	   2328.25	   2321.85	   2316.09	   2308.95	    2300.5	   2290.82	   2280.22	
   1420.24	   1489.41	   1555.05	   1614.34	    1665.6	   1711.21	   1747.07	   1794.62	   1831.44	   1864.33	   1893.17	   1926.07	   1939.46	   1959.24	   1942.95	   1855.44	   1863.91	   1906.28	   1959.84	   1843.02	   1823.04	   1799.03	   1822.85	   1870.27	   1937.14	   2011.39	   2075.44	   2113.44	   2123.57	   2150.51	   2118.55	   2083.99	   2045.39	    2005.6	   2015.19	   2244.08	   2494.64	   2442.39	    2458.3	   2481.97	   2500.62	    2393.7	    2330.9	   2321.64	   2275.38	   2268.03	   2251.67	   2298.11	   2427.61	    2481.6	   2538.61	   2589.77	   2596.27	   2562.05	   2561.16	   2564.66	   2578.67	   2586.11	      2578	   2555.22	   2518.66	   2469.39	   2447.58	   2425.08	   2397.09	   2378.16	    2370.6	    2363.7	   2355.42	   2345.81	   2334.97	
   1381.97	   1456.54	   1529.52	   1598.71	   1659.88	   1710.06	    1751.4	   1806.18	   1849.34	   1883.34	   1914.89	   1943.72	   1948.91	   1942.79	   1928.21	   1835.38	   1853.93	   1875.36	   1975.67	   1872.52	   1870.41	   1832.41	   1839.58	   1849.25	   1889.07	   1947.75	   2013.02	   2063.74	   2090.64	   2089.21	   2103.53	   2060.12	   2014.42	   1964.04	   1996.67	   2258.89	   2550.56	   2535.75	   2540.39	   2558.61	   2584.57	   2605.17	   2495.33	      2431	   2422.02	   2374.44	   2367.14	   2350.45	   2398.29	   2532.43	   2588.18	   2647.25	   2700.28	   2706.95	   2671.36	    2670.5	   2674.13	   2688.67	   2696.39	   2687.95	   2664.24	   2626.18	    2574.9	   2552.19	   2528.74	   2499.58	   2479.84	   2471.94	   2464.73	   2456.08	   2446.06	
   1340.86	   1417.31	   1495.28	   1571.48	   1642.16	   1701.68	    1746.7	   1804.31	   1854.29	   1894.61	   1927.38	   1959.15	   1964.42	   1936.81	   1914.28	   1813.03	   1830.84	   1829.81	   1964.11	   1887.11	   1905.57	   1868.37	      1870	   1848.58	   1851.46	   1883.93	   1934.45	   1987.94	   2028.33	    2044.4	   2032.06	   2034.54	   1981.31	   1925.16	   1944.72	   2231.87	   2544.22	   2560.81	   2563.24	   2568.03	   2586.21	   2611.92	   2632.12	   2520.93	   2455.39	   2445.42	    2396.5	   2388.01	    2369.4	   2415.64	   2548.37	   2602.46	   2659.92	   2711.33	   2716.29	   2679.06	   2676.69	   2678.72	   2691.65	   2697.74	   2687.72	   2662.48	   2622.97	   2570.32	   2546.17	   2521.32	   2490.81	   2469.71	   2460.39	   2451.79	   2441.76	
   1300.02	   1374.96	   1453.83	   1534.14	    1610.9	   1678.92	   1732.16	   1792.16	   1844.07	    1890.7	    1929.5	   1962.19	   1973.74	   1937.53	    1907.8	   1793.35	    1805.7	   1787.64	   1933.58	   1881.12	    1917.8	   1887.64	   1896.63	   1857.56	   1832.02	   1830.27	   1857.29	   1898.94	   1944.91	   1977.39	   1985.51	   1965.81	   1960.43	   1900.72	    1905.3	   2182.77	   2505.68	   2516.91	   2520.89	   2522.69	   2526.48	   2543.19	   2567.09	   2585.48	   2475.18	   2409.54	   2398.17	   2348.65	   2337.98	    2317.5	   2360.27	   2487.16	    2537.4	   2590.94	   2638.55	   2641.03	   2602.69	   2598.25	   2598.01	    2608.3	   2611.98	   2600.09	   2573.53	   2533.27	    2480.4	   2455.06	   2429.08	   2397.71	   2375.42	   2364.49	   2354.26	
   1266.92	   1337.32	   1413.12	   1492.84	   1572.19	   1644.67	   1704.73	   1771.57	    1824.3	   1871.51	   1915.46	   1953.08	   1967.74	   1936.27	   1903.69	   1782.54	   1782.53	   1763.65	   1894.49	    1861.2	   1897.88	   1881.89	   1900.73	      1862	   1822.01	   1795.19	   1791.42	   1812.91	   1850.44	   1891.89	   1919.86	   1924.16	    1901.8	   1892.68	   1881.87	    2152.7	   2456.42	   2452.02	   2453.72	   2458.01	   2459.96	    2463.6	    2479.7	   2502.61	   2520.09	   2412.49	   2348.21	   2336.57	   2287.28	   2275.69	   2254.61	   2294.96	   2416.81	   2464.32	   2515.09	   2560.09	   2561.39	   2523.24	   2517.99	   2516.74	   2525.67	    2528.2	    2515.7	   2489.04	   2449.16	   2397.15	   2371.74	   2345.72	   2314.53	   2292.11	   2280.66	
   1242.35	   1308.42	    1378.1	   1453.25	   1530.48	   1604.01	   1666.97	   1738.88	   1796.99	   1843.65	   1886.88	    1928.4	   1949.59	   1927.23	   1894.34	   1776.86	   1768.33	   1761.41	   1859.74	   1837.25	   1854.38	   1846.92	   1878.94	   1848.29	   1810.56	    1771.6	   1745.29	   1738.65	    1758.4	   1793.65	   1832.56	   1858.54	   1862.06	   1839.49	   1871.61	   2142.35	   2403.95	   2360.66	   2369.47	   2371.83	   2376.51	   2378.78	   2382.55	   2398.23	   2420.35	    2437.2	   2333.41	   2271.32	   2259.49	   2211.27	   2199.41	   2178.42	   2216.69	   2333.47	   2378.61	   2426.96	   2469.76	   2470.46	   2433.22	   2427.75	   2426.07	   2434.19	   2436.15	   2423.65	   2397.53	   2358.71	   2308.23	   2283.34	   2257.89	   2227.46	   2205.48	
   1223.55	   1286.02	    1350.5	   1418.66	   1490.49	   1561.16	   1624.56	   1698.46	   1761.11	   1812.65	   1854.81	   1895.07	   1921.33	   1916.05	   1878.17	   1772.66	    1762.9	   1783.27	   1836.33	   1821.75	   1804.22	    1797.2	    1834.6	    1819.2	   1790.05	   1754.08	   1716.82	   1688.95	   1682.21	   1700.99	   1734.69	   1772.09	   1797.47	   1800.91	   1834.05	   2157.01	   2370.89	   2285.83	   2296.34	   2305.47	   2308.17	   2313.02	   2315.47	   2319.24	   2334.49	   2355.92	   2372.25	   2271.42	   2210.63	    2198.6	    2151.2	   2139.07	   2118.12	   2154.71	   2267.45	   2310.68	   2357.07	   2398.08	   2398.25	   2361.71	   2356.02	   2353.97	   2361.41	   2362.87	   2350.34	   2324.62	    2286.6	    2237.3	    2212.8	   2187.76	   2157.91	
   1207.48	   1269.94	   1330.86	   1393.85	   1458.73	   1524.21	   1585.16	   1659.37	   1724.56	   1781.14	   1828.62	   1868.17	   1893.97	   1903.46	   1864.86	   1771.03	   1765.14	    1819.9	   1833.96	   1820.22	   1769.16	   1752.72	   1787.05	   1781.61	   1767.29	   1739.73	   1705.45	   1666.81	    1639.7	   1633.12	   1651.23	   1683.94	   1720.66	   1745.51	   1817.62	   2138.38	   2368.54	   2230.71	   2246.82	   2257.85	   2267.37	   2270.49	    2275.7	   2278.48	   2282.44	   2297.65	   2318.89	   2335.12	   2235.92	   2176.01	   2163.97	   2117.13	   2104.92	   2084.06	   2119.76	   2230.25	   2272.47	   2317.84	   2357.94	   2357.93	    2321.9	   2316.22	   2314.08	   2321.26	   2322.57	   2310.13	   2284.74	   2247.28	   2198.74	   2174.56	   2149.84	
   1192.87	   1258.74	   1320.52	    1380.7	    1441.2	   1500.64	   1557.54	   1629.74	   1696.64	    1757.1	   1810.86	   1856.84	   1882.45	   1895.21	   1857.12	   1780.56	   1775.58	   1857.88	   1850.93	   1839.42	   1761.79	   1732.97	   1755.28	   1752.26	   1747.57	   1734.32	   1708.03	   1671.81	   1633.99	   1607.53	   1601.12	   1618.99	   1651.52	   1687.77	   1778.48	   2137.84	   2325.24	   2190.91	   2209.45	   2225.86	   2237.08	   2246.73	   2250.03	   2255.35	   2258.21	   2262.18	   2277.27	   2298.29	   2314.06	   2215.66	    2156.1	   2143.87	   2097.18	   2084.73	   2063.74	   2098.71	   2207.63	   2249.03	   2293.59	   2332.94	   2332.63	   2296.76	   2290.95	    2288.6	   2295.45	    2296.5	   2283.97	   2258.64	    2221.4	   2173.22	   2149.11	
   1176.15	   1248.55	   1315.22	   1377.64	   1436.67	   1493.16	   1545.58	   1614.81	   1681.65	   1745.74	   1805.25	   1859.32	   1892.22	   1899.71	   1859.49	   1800.63	   1799.88	   1887.64	   1879.67	   1874.59	   1791.38	   1745.15	   1753.51	   1742.31	      1739	   1734.13	   1720.65	   1690.91	   1653.95	   1615.47	   1588.13	   1580.59	   1597.14	   1627.74	   1731.06	   2095.28	   2289.96	   2116.99	   2192.19	    2211.5	   2228.56	   2240.35	   2250.57	   2254.39	   2260.19	   2263.53	   2267.95	   2283.49	   2304.69	   2320.65	   2222.29	   2162.79	   2150.66	   2103.95	   2091.54	   2070.56	   2105.72	   2214.99	   2256.61	   2301.45	   2341.07	   2340.94	   2305.16	   2299.57	   2297.42	    2304.5	   2305.76	    2293.4	   2268.19	   2231.01	   2182.84	
   1158.57	   1235.97	    1310.8	   1379.68	   1442.48	   1498.98	      1550	   1615.93	   1681.59	   1747.43	   1812.44	   1874.11	   1916.03	   1917.28	   1876.99	   1831.26	    1833.3	   1911.49	   1912.67	   1916.04	   1851.68	   1792.73	   1782.87	   1759.21	   1747.01	   1742.77	   1736.77	   1719.27	   1687.55	   1648.69	   1608.23	   1578.85	   1569.23	   1583.02	   1670.84	   2037.89	   2239.37	   2075.14	   2130.72	   2206.99	   2227.03	   2244.75	   2257.15	   2267.93	   2272.25	   2278.57	   2282.42	   2287.34	   2303.21	   2324.78	   2341.12	   2242.26	   2182.51	   2170.48	   2123.55	   2111.18	   2090.18	   2125.82	   2236.24	   2278.43	   2323.93	   2364.18	    2364.3	   2328.47	   2323.16	   2321.29	   2328.74	   2330.32	   2318.13	   2292.96	   2255.68	
    1140.4	   1222.97	   1303.96	   1382.35	   1452.92	   1514.43	   1566.59	   1631.74	   1695.18	   1760.96	   1828.88	   1897.32	   1947.27	   1939.05	    1907.1	   1873.37	   1872.67	   1928.26	   1950.98	   1956.54	   1927.69	   1865.26	    1842.3	   1801.45	   1777.88	      1766	      1762	   1754.32	   1736.13	   1703.73	   1664.08	   1622.89	   1593.06	   1582.85	   1617.82	    1965.9	   2179.72	   2014.11	   2093.59	   2150.16	   2227.53	   2248.21	   2266.55	   2279.48	   2290.75	   2295.51	   2302.31	   2306.64	   2311.81	   2328.05	   2350.04	   2366.78	   2267.17	   2207.03	   2195.08	   2147.81	   2135.46	   2114.38	    2150.6	   2262.43	   2305.29	   2351.54	   2392.51	   2392.88	   2356.91	   2351.85	   2350.24	   2358.07	   2359.95	    2347.9	    2322.7	
   1129.52	   1209.18	   1295.97	   1381.18	   1462.16	   1532.27	   1590.14	   1656.24	   1719.25	   1782.98	   1851.04	   1922.68	   1979.16	   1961.08	   1939.36	   1921.34	   1918.32	   1943.65	    1989.3	   1998.86	   2003.26	   1945.64	   1918.54	   1866.45	   1827.11	   1805.45	   1795.57	   1793.03	   1786.75	   1770.02	   1738.87	   1700.49	    1660.8	   1632.52	   1611.42	   1905.89	   2099.73	   1945.62	   2044.33	   2125.55	    2183.5	   2262.51	   2284.06	   2303.22	   2316.84	   2328.79	   2334.16	   2341.61	   2346.37	   2351.98	   2368.86	   2391.58	   2409.01	   2308.09	   2247.26	   2235.44	   2187.64	   2175.35	   2154.19	   2191.39	   2305.63	   2349.64	   2397.14	   2439.28	   2440.06	    2403.8	   2399.08	   2397.87	   2406.27	   2408.61	   2396.73	
   1137.55	   1203.14	    1286.6	    1377.7	   1465.66	   1546.59	   1613.34	   1684.43	   1748.03	   1810.77	   1876.03	   1947.06	   2005.65	   1981.88	   1969.12	   1962.85	   1966.11	    1968.2	   2027.44	   2039.37	   2072.03	   2018.75	   1994.52	   1940.91	   1890.72	   1853.61	   1834.34	   1827.46	   1826.89	    1822.8	    1808.2	   1779.09	   1742.87	   1705.12	   1658.01	   1906.07	   2037.81	   1873.15	   1979.43	    2080.3	   2163.37	   2222.76	    2303.6	      2326	   2345.95	   2360.28	   2372.92	   2378.87	    2386.8	      2392	   2398.06	   2415.62	   2439.15	    2457.3	   2354.79	   2293.11	   2281.39	   2232.93	   2220.68	   2199.38	   2237.65	   2354.59	   2399.86	   2448.75	   2492.17	   2493.35	   2456.69	    2452.3	   2451.46	   2460.45	   2463.25	
   1173.07	   1215.87	    1283.8	   1370.82	   1464.54	   1552.43	   1630.19	   1709.48	   1777.61	   1840.07	   1903.26	   1970.26	    2026.4	   2000.78	   1995.79	   1994.22	   2006.73	   2004.59	   2070.87	   2079.15	   2125.37	   2082.81	   2058.75	   2013.51	   1963.92	   1917.98	   1885.19	   1871.91	   1869.24	   1873.45	   1874.35	   1864.85	   1840.86	   1809.44	   1749.21	   1988.89	   2046.91	   1828.11	   1926.14	   2035.98	   2140.26	   2226.25	   2287.92	   2371.68	   2395.33	   2416.49	   2431.86	   2445.53	   2452.18	   2460.89	    2466.8	   2473.61	   2492.29	   2517.12	   2536.44	   2431.25	   2368.15	   2356.58	   2307.04	   2294.88	   2273.35	   2313.42	   2434.83	   2482.19	   2533.34	   2578.86	   2580.69	   2543.37	   2539.47	   2539.22	   2549.17	
   1231.75	   1255.47	   1298.56	   1368.53	   1457.51	   1551.26	   1636.21	   1726.46	   1802.71	   1869.24	   1931.33	   1995.27	   2045.41	    2021.1	   2020.66	   2017.62	    2039.5	   2045.37	    2120.3	   2124.53	   2165.26	   2134.23	   2114.38	   2078.49	   2040.08	   1997.48	   1958.44	   1934.69	    1928.4	   1933.56	   1946.32	   1956.31	   1956.16	   1941.01	   1880.04	    2115.5	   2123.53	   1839.14	   1920.18	   2023.83	   2139.89	   2250.13	   2341.22	   2406.79	   2495.59	   2521.26	   2544.32	   2561.33	   2576.42	   2584.15	   2594.07	   2601.06	      2609	   2629.47	   2656.44	   2677.62	   2567.37	   2501.49	      2490	   2438.35	   2426.18	    2404.1	   2447.16	   2576.31	   2627.17	   2682.09	    2731.1	   2733.84	   2695.13	   2691.83	   2692.39	
      1307	   1318.59	   1341.02	   1384.26	   1454.99	   1543.83	   1635.26	   1733.26	   1821.05	   1895.87	   1961.87	   2024.26	      2070	    2047.7	   2048.05	      2037	   2067.64	   2087.04	   2168.17	   2175.99	   2201.96	   2177.07	   2160.83	    2137.9	   2107.41	   2074.63	   2037.44	   2005.66	   1986.85	   1986.33	    1997.9	   2017.82	   2035.51	   2042.84	    2009.6	   2262.31	   2238.63	   1908.53	   1962.48	   2049.94	   2161.53	   2286.43	   2405.21	   2503.61	   2574.76	   2670.84	   2699.45	   2725.33	   2744.61	   2761.87	   2771.25	   2783.01	   2791.65	   2801.29	    2824.4	    2854.5	   2878.41	   2761.04	   2691.26	   2679.95	   2625.36	   2613.23	   2590.42	   2637.81	   2778.07	   2833.97	   2894.31	   2948.31	   2952.39	   2911.69	   2909.25	
   1389.38	   1401.65	   1410.94	   1432.04	   1474.38	   1544.18	   1631.03	   1736.76	   1833.12	   1920.21	    1994.9	   2061.27	   2104.73	   2085.68	    2082.3	   2059.27	   2094.65	   2127.42	   2212.41	   2225.11	   2240.34	    2221.6	   2204.22	    2193.9	   2176.87	   2152.46	    2125.6	   2095.71	   2068.97	   2055.88	   2061.94	   2081.01	   2109.41	   2135.73	   2128.89	   2437.62	   2395.35	   2007.71	   2038.06	   2096.47	   2190.62	   2310.56	   2444.79	   2572.55	   2678.54	   2755.47	   2859.12	   2890.65	   2919.16	   2940.64	   2959.97	   2970.88	   2984.35	   2994.49	    3005.7	   3031.36	   3064.54	    3091.1	   2965.91	   2891.79	   2880.42	   2822.51	   2810.21	   2786.42	   2838.15	   2989.85	   3050.82	   3116.62	   3175.62	   3180.86	   3137.85	
   1469.55	   1494.18	   1504.13	   1511.18	   1530.01	   1569.96	   1637.35	   1739.51	   1844.81	   1941.45	   2029.35	   2105.02	   2152.62	   2134.81	   2127.02	   2090.82	   2126.13	   2164.67	   2253.43	    2269.6	   2276.34	   2271.88	   2256.05	   2252.87	   2249.95	   2240.56	   2223.54	    2205.1	   2181.55	   2161.52	    2155.9	   2170.78	   2199.98	   2239.35	   2230.58	   2597.44	   2566.05	   2135.87	   2153.17	   2186.65	   2250.16	   2352.04	   2481.66	   2626.69	   2764.82	   2879.66	   2963.34	   3075.82	   3110.72	   3142.41	   3166.53	   3188.37	   3201.15	    3216.7	   3228.66	   3241.78	   3270.49	   3307.33	   3337.05	    3202.9	   3123.81	   3112.48	    3050.8	   3038.38	   3013.51	   3070.35	   3235.41	   3302.33	   3374.53	   3439.41	   3446.07	
   1533.23	   1582.66	   1606.11	   1614.15	   1618.23	   1633.53	   1669.87	   1752.53	   1855.09	   1962.04	    2060.7	   2150.87	   2209.13	   2193.29	      2180	   2135.15	   2165.94	   2201.11	   2292.36	   2310.42	   2310.37	   2321.19	   2319.02	   2320.41	   2322.82	   2325.93	   2322.34	   2311.16	   2297.36	   2278.46	   2263.32	   2263.52	   2285.64	   2322.92	   2323.38	   2713.87	   2706.91	   2276.41	   2296.99	   2316.46	   2353.26	   2422.36	   2532.78	   2673.11	   2830.08	   2979.71	   3104.32	   3195.42	   3317.57	   3356.11	   3391.21	   3418.17	   3442.68	   3457.42	   3475.16	   3489.03	   3504.15	   3536.13	   3576.91	      3610	   3465.79	   3381.07	   3369.66	   3303.69	   3291.04	   3264.89	   3327.28	   3507.01	   3580.42	    3659.6	   3730.87	
   1581.31	   1652.43	   1702.76	   1725.55	   1730.93	   1730.74	   1741.21	   1791.05	   1873.66	   1978.38	   2088.51	   2190.49	   2265.35	   2252.87	   2237.74	   2188.98	   2215.95	   2240.11	   2333.04	   2348.75	   2343.25	   2367.22	   2383.91	   2394.81	   2398.52	   2403.66	   2409.47	    2407.5	   2397.61	   2385.22	   2367.58	      2354	   2356.61	   2381.89	   2415.53	   2831.48	   2812.79	   2386.82	   2417.25	   2440.03	   2461.58	   2501.49	   2575.76	   2693.99	   2844.07	   3011.94	    3172.1	   3305.73	    3403.7	   3534.82	   3576.92	   3615.39	   3645.19	    3672.4	    3689.2	   3709.21	   3725.11	   3742.33	   3777.58	   3822.23	    3858.7	   3705.59	   3616.01	   3604.81	   3535.18	   3522.58	   3495.52	   3563.29	    3756.8	   3836.46	   3922.38	
   1625.13	   1704.91	   1778.34	   1829.88	   1850.93	   1851.98	    1845.8	    1867.1	   1914.85	   1998.38	   2106.01	   2219.89	   2308.17	   2302.95	   2292.17	   2249.05	   2273.25	    2286.4	   2378.56	   2388.53	   2376.09	   2410.86	   2446.95	   2468.51	   2481.71	   2487.83	   2495.38	    2501.6	   2500.91	    2492.2	   2480.94	   2464.39	   2452.26	    2456.8	   2507.36	   2965.13	   2937.11	    2472.9	   2523.46	   2556.85	   2582.09	   2605.97	   2649.32	   2729.06	   2855.41	   3015.63	   3194.85	   3366.03	   3509.14	   3614.48	   3755.13	   3801.29	   3843.61	   3876.74	   3907.13	   3926.46	   3949.22	   3967.61	    3987.4	   4026.42	   4075.49	   4115.85	   3953.91	   3859.67	   3849.05	   3775.97	   3763.78	   3736.11	   3809.83	    4018.1	   4104.68	
    1680.7	   1748.64	   1830.67	   1906.49	   1957.91	   1975.33	   1970.13	   1971.91	   1988.91	   2034.93	   2119.43	   2229.79	   2330.92	   2331.86	   2335.36	   2307.92	   2334.83	   2340.77	   2431.09	   2433.01	   2413.35	   2453.83	   2506.95	   2538.89	   2564.07	   2580.99	   2590.54	   2598.44	   2607.31	   2609.24	   2602.87	   2594.04	   2579.84	   2570.08	   2606.05	   3084.39	   3059.49	   2567.48	   2635.19	   2690.54	   2727.53	   2755.81	   2782.65	   2830.27	   2916.78	   3053.21	      3226	   3419.28	   3604.09	   3758.98	   3873.54	   4026.05	   4077.34	   4124.54	    4161.9	   4196.34	   4218.92	   4245.19	   4266.76	   4289.84	   4333.62	   4388.25	   4433.53	   4260.79	   4160.88	   4151.07	   4073.83	   4062.24	    4033.9	   4115.08	   4341.74	
   1740.24	   1798.36	   1866.77	   1951.05	   2027.79	   2077.18	   2089.16	   2090.05	   2086.04	   2099.11	   2143.35	   2228.38	   2325.72	   2337.95	   2359.67	   2357.65	   2392.39	   2402.81	   2487.37	   2484.54	   2458.38	   2500.21	   2562.35	   2604.66	    2641.7	   2672.21	   2694.18	   2704.35	    2716.2	    2729.4	   2735.43	      2733	   2728.19	   2717.55	   2741.64	   3208.38	   3164.68	   2664.89	   2739.73	   2813.44	   2873.95	   2914.83	   2946.41	   2976.43	   3028.67	   3122.59	   3270.06	   3456.62	   3665.29	   3865.04	   4032.85	   4157.49	   4322.98	   4379.85	   4432.36	   4474.32	   4513.16	   4539.24	   4569.31	   4594.32	   4620.96	   4669.92	   4730.58	    4781.2	   4596.57	   4490.42	   4481.44	    4399.6	   4388.61	   4359.51	    4448.8	
   1810.72	   1848.24	   1905.36	   1974.45	   2059.54	   2135.34	   2180.95	    2198.4	   2193.36	   2184.19	   2193.53	    2235.8	   2306.53	   2319.57	   2367.71	   2391.16	   2438.39	   2465.92	   2543.84	   2540.04	   2513.18	   2553.27	    2615.5	   2666.53	   2717.06	   2762.76	   2801.85	   2827.34	    2844.6	   2864.04	   2885.13	   2898.96	   2904.12	   2906.64	   2915.36	   3383.65	   3282.53	   2743.91	   2808.48	   2888.82	   2967.98	   3033.21	   3077.76	   3112.46	   3145.51	   3202.07	   3302.78	   3460.26	   3659.27	   3881.86	   4095.18	   4274.79	   4408.75	   4586.18	   4648.43	   4706.11	    4752.6	   4795.81	   4825.47	   4859.39	   4887.94	   4918.22	   4972.29	   5038.86	   5094.76	   4899.86	    4788.5	   4780.74	   4695.16	   4685.16	   4655.79	
    1889.7	   1908.55	   1943.35	   2000.12	   2068.79	   2153.07	   2226.33	   2277.89	   2290.23	   2280.04	   2266.23	   2272.07	   2298.78	   2294.16	   2358.84	   2410.18	   2465.42	   2521.35	   2591.95	   2596.12	   2573.86	   2615.06	   2669.06	   2726.48	   2787.69	   2849.16	   2905.91	   2950.86	   2986.03	   3012.96	   3042.51	   3074.24	   3098.59	   3113.66	   3125.81	   3610.41	    3446.1	   2823.37	   2872.12	   2941.18	    3026.8	    3111.2	   3181.06	   3229.22	   3267.04	   3303.15	      3364	   3471.32	   3638.48	   3849.47	   4085.47	   4311.88	   4502.96	   4646.08	   4835.15	   4902.85	   4965.78	   5016.94	   5064.67	   5098.11	   5136.05	   5168.35	   5202.49	   5261.83	   5334.43	   5395.79	   5191.38	   5075.37	   5069.13	   4980.29	   4971.61	
   1971.57	   1977.65	   1992.78	   2026.06	   2081.71	    2148.8	   2230.99	   2310.06	   2358.01	   2366.06	   2351.44	   2333.55	   2324.03	    2285.8	   2346.27	    2409.7	   2472.31	   2555.86	   2623.28	   2643.29	    2635.9	    2679.5	   2724.64	   2783.55	   2849.95	   2921.02	   2992.67	   3054.22	   3108.18	   3152.27	   3187.91	   3226.73	   3268.23	   3301.84	   3362.75	   3892.46	   3655.13	    2941.1	   2965.61	   3018.03	   3091.77	   3182.94	   3272.91	   3347.56	   3399.37	   3440.32	   3479.48	   3544.75	   3659.13	    3836.7	   4060.63	   4311.07	   4551.56	   4754.86	   4907.59	      5109	    5182.2	    5250.4	   5306.17	   5358.33	   5395.39	   5437.24	   5473.12	   5510.95	    5575.5	   5654.14	    5720.9	   5505.74	   5384.25	    5379.2	   5286.42	
   2044.93	   2052.54	   2054.54	   2067.31	   2098.49	   2152.09	   2216.58	   2302.78	   2379.24	   2424.09	   2428.34	   2409.74	   2378.46	    2313.2	   2348.93	    2400.4	   2452.65	   2564.07	    2630.7	   2672.64	   2689.92	   2739.23	   2777.95	   2837.88	   2902.94	   2976.37	   3054.85	   3127.87	   3195.86	   3256.26	   3306.49	   3348.16	   3393.46	    3441.5	   3570.68	   4193.05	   3918.25	    3104.4	   3111.48	   3138.41	   3194.84	   3273.83	   3371.35	    3467.6	   3547.62	   3603.43	   3647.74	   3690.16	   3760.41	   3882.82	   4072.37	   4311.25	    4578.4	   4835.07	   5052.32	    5215.9	   5431.32	   5510.45	   5584.28	   5644.92	   5701.72	   5742.46	   5788.31	    5827.8	   5869.37	   5939.43	   6024.51	   6096.96	   5868.82	   5740.48	   5736.27	
   2102.36	   2122.46	   2126.32	   2125.35	    2135.2	   2163.44	   2214.06	   2278.95	   2362.75	    2436.8	   2478.68	    2479.3	   2450.82	   2369.92	   2382.49	   2402.62	   2420.01	   2539.22	   2617.81	   2676.61	   2727.15	   2782.52	   2825.44	   2887.38	   2952.42	   3023.31	   3103.04	   3180.55	   3259.27	   3333.08	   3399.12	   3454.82	   3501.82	   3552.53	   3725.12	   4458.09	   4198.46	   3311.72	   3317.26	   3325.52	   3354.97	   3415.95	   3501.06	   3606.02	    3709.6	   3795.81	   3856.13	   3904.14	   3950.25	   4026.16	   4157.97	   4361.76	   4618.46	   4905.52	    5181.4	   5415.08	   5591.24	   5823.05	   5908.71	   5988.71	   6054.55	   6116.29	   6160.79	   6210.76	   6253.91	   6299.29	   6375.25	   6467.35	   6545.89	   6301.58	   6164.41	
   2128.77	   2175.98	   2193.25	   2194.18	   2189.82	    2196.1	   2220.73	   2267.52	   2329.55	   2411.13	   2482.84	   2521.82	    2517.5	   2442.17	   2438.52	   2435.03	   2398.62	   2497.29	   2584.53	   2658.82	   2740.68	   2800.42	   2859.19	   2930.21	   2996.78	   3067.03	   3143.47	   3220.14	   3302.87	   3387.19	   3466.54	   3538.09	    3599.1	   3650.93	    3853.5	   4653.45	   4427.49	   3534.79	   3551.56	   3558.44	    3568.2	   3600.67	   3667.03	   3759.29	    3872.9	   3985.07	    4078.6	   4144.31	   4196.93	   4247.52	   4330.17	   4473.02	    4693.4	   4970.83	   5281.05	   5579.33	   5832.22	   6023.21	   6274.25	   6367.81	   6455.28	   6527.51	   6595.32	   6644.53	   6699.66	   6747.43	    6797.6	   6880.79	   6981.42	   7067.43	   6804.71	
   2125.23	   2196.96	   2242.72	   2257.51	   2255.17	   2246.95	   2249.17	   2265.38	   2309.03	   2368.44	   2447.85	   2517.21	   2556.45	   2505.35	    2503.3	   2491.93	   2409.82	    2466.3	   2549.08	   2619.13	   2734.18	   2787.37	   2872.38	   2960.76	   3038.01	   3111.17	   3188.35	   3262.09	   3345.52	   3435.63	   3527.62	   3614.83	   3694.19	   3762.51	   3983.61	   4802.95	   4587.39	   3734.29	   3754.12	   3773.36	   3782.01	   3793.69	   3829.56	   3901.49	      4001	   4123.33	    4244.2	   4345.26	   4416.88	   4474.55	   4530.04	    4619.8	   4773.87	   5010.85	   5308.91	   5642.18	   5962.86	   6235.15	   6441.36	   6711.95	    6814.1	   6909.77	   6989.14	   7063.82	   7118.58	    7179.7	   7232.95	   7288.78	   7380.05	   7490.06	   7584.42	
   2097.13	   2189.27	   2260.55	   2304.61	    2316.5	   2310.37	   2297.79	   2288.13	   2300.61	   2341.29	   2398.08	   2475.18	   2548.25	   2539.07	   2555.57	   2561.84	   2450.02	   2472.03	   2536.24	   2576.24	   2704.12	   2750.66	   2857.91	   2971.77	   3069.02	   3155.39	   3237.81	   3314.38	   3397.18	   3490.54	   3591.23	   3694.41	      3793	   3883.45	    4126.7	   4946.72	   4712.58	   3884.83	   3914.21	    3936.7	   3958.51	   3969.15	   3982.97	    4022.2	   4099.34	   4205.53	   4335.85	   4464.71	   4572.99	   4650.28	    4712.9	   4773.24	   4869.74	   5034.15	   5286.17	   5602.85	    5956.9	   6297.86	   6587.88	   6808.19	   7096.74	   7207.22	    7310.9	   7397.37	   7478.91	   7539.37	   7606.59	   7665.47	   7727.11	   7826.36	   7945.54	
   2070.28	   2158.54	   2250.86	   2321.12	   2363.02	   2371.45	   2361.02	   2335.44	   2321.55	   2330.46	   2368.15	   2422.18	   2503.45	   2525.77	   2580.06	   2623.14	   2509.59	   2513.43	   2563.83	   2556.06	   2663.63	   2693.08	   2818.69	   2951.43	   3073.53	   3179.05	   3273.57	   3354.92	   3438.96	   3529.84	   3631.97	   3742.18	   3855.35	   3963.78	   4243.51	   5082.62	   4824.12	   3997.54	   4037.19	   4069.45	    4094.5	   4118.81	   4131.46	    4147.4	   4189.82	    4271.8	   4384.15	   4521.79	   4658.23	   4773.24	   4855.89	   4923.23	   4988.19	      5091	   5264.94	    5530.7	   5864.32	   6237.29	   6596.75	   6903.01	   7136.35	    7441.4	   7559.76	   7671.05	   7764.31	   7852.42	   7918.43	   7991.54	   8055.92	   8123.19	   8230.05	
    2073.1	   2129.54	   2217.74	   2309.68	   2378.53	   2417.81	   2422.37	   2400.28	   2370.19	   2352.27	   2357.67	   2392.32	   2448.36	   2476.71	   2563.16	   2657.44	   2567.87	   2582.09	   2622.31	   2579.31	   2636.06	   2635.77	   2753.85	   2902.72	   3041.46	   3169.67	   3280.94	   3373.48	    3459.3	   3548.15	   3644.19	   3752.15	   3868.69	   3988.24	   4319.45	   5203.01	   4938.52	   4093.08	   4131.13	   4173.61	   4208.41	   4235.71	   4262.25	   4276.66	   4294.43	   4339.69	   4426.03	   4543.91	   4688.41	   4831.72	    4952.8	   5040.29	   5111.87	      5181	    5289.5	   5472.01	   5750.12	   6098.98	   6488.96	   6865.04	   7185.89	    7430.9	   7750.76	   7876.16	   7994.24	   8093.56	   8187.54	   8258.47	   8336.83	   8406.09	   8478.37	
   2139.93	   2129.94	   2185.28	   2273.15	   2364.46	    2431.6	   2467.99	   2463.89	   2437.55	   2403.29	   2381.57	    2383.6	   2417.02	   2417.97	   2516.98	   2645.98	   2604.95	   2655.59	   2696.28	   2639.19	   2642.23	   2606.63	   2683.38	   2831.26	   2988.89	   3136.72	   3274.05	   3388.18	   3488.47	   3582.13	   3679.14	   3783.99	   3901.57	   4028.17	   4376.62	   5309.59	   5061.43	    4199.7	   4236.36	   4277.35	   4322.92	   4360.47	   4390.27	   4419.24	   4435.56	   4455.38	    4503.8	   4594.95	   4719.27	   4871.35	   5022.24	   5150.03	   5242.88	   5319.18	   5392.92	   5507.71	   5699.68	   5991.44	    6357.1	   6765.84	   7160.27	   7497.22	   7755.13	   8091.35	   8224.58	    8350.2	   8456.25	   8556.75	   8633.17	   8717.38	   8792.07	
   2271.31	   2194.46	   2181.56	   2235.96	   2323.36	   2413.82	   2479.08	   2510.32	   2502.66	   2472.52	   2434.46	   2409.21	   2406.85	   2382.71	   2465.67	   2597.88	   2599.61	   2710.14	   2760.17	    2721.9	   2676.72	   2627.24	   2636.52	   2758.72	   2917.03	   3086.19	   3245.78	    3389.3	   3514.18	    3625.1	    3729.4	   3837.59	   3954.36	   4084.61	    4420.9	   5380.33	   5150.72	   4296.92	   4348.85	   4388.46	   4432.55	   4481.38	    4521.9	   4554.34	   4585.88	   4604.27	    4626.3	   4678.12	   4774.82	   4906.05	   5066.25	   5225.27	   5360.26	   5458.87	   5540.23	   5618.94	   5740.47	    5942.6	   6248.94	    6632.6	   7061.41	   7475.48	   7829.67	   8101.42	   8455.16	   8596.78	   8730.51	    8843.8	   8951.32	   9033.65	   9124.16	
   2442.72	   2322.58	   2241.36	   2226.18	   2279.57	   2366.31	   2455.71	   2518.69	    2547.4	   2536.61	   2503.08	   2461.58	   2429.89	    2367.7	   2439.53	   2538.06	   2558.73	   2719.01	   2792.78	   2800.07	   2728.84	   2689.36	    2637.2	   2710.73	   2838.53	   3003.92	   3180.73	   3341.29	   3491.38	   3622.44	   3739.14	   3849.21	   3963.48	   4086.56	   4445.42	   5411.43	   5177.03	   4345.26	   4412.48	   4467.62	   4510.06	    4557.1	   4609.07	   4652.44	   4687.45	   4721.56	   4742.08	    4766.4	   4821.92	   4923.79	   5061.35	   5228.91	   5395.29	    5536.9	   5640.89	   5727.07	    5810.5	    5938.3	   6149.61	   6468.98	   6868.62	   7315.27	   7746.85	   8116.53	   8400.85	   8770.41	   8919.95	   9061.34	   9181.57	   9295.82	   9383.95	
   2615.34	   2488.53	   2363.62	   2279.11	   2261.79	   2314.02	    2399.8	   2487.93	   2549.14	   2575.55	   2561.96	   2525.39	   2477.74	   2385.34	   2432.24	   2500.31	   2505.82	   2685.34	   2775.84	   2847.76	   2777.46	   2776.49	   2680.56	   2715.34	    2792.3	   2925.49	   3097.62	   3273.08	   3439.89	   3596.03	   3732.56	   3854.41	   3969.52	   4088.86	   4459.31	   5453.06	   5191.21	   4349.74	   4426.78	   4497.23	   4555.33	   4600.44	   4650.29	   4705.17	   4751.23	   4788.75	   4825.37	   4848.08	   4875.18	   4934.24	   5040.83	   5184.04	    5358.1	   5531.03	   5678.56	   5787.51	   5878.16	   5966.02	   6099.49	   6318.91	    6649.6	   7063.04	   7525.09	   7971.84	   8355.07	   8650.55	   9034.03	   9190.87	   9339.39	   9466.13	   9586.75	
   2743.76	   2652.04	   2521.23	   2392.99	   2305.71	   2286.42	   2337.33	   2420.82	   2507.63	   2567.13	   2591.43	   2575.36	   2535.13	   2428.62	   2454.45	   2481.11	   2473.86	   2631.17	   2722.21	   2839.76	   2803.22	   2858.46	   2753.28	   2769.41	   2809.01	   2892.49	   3034.49	   3206.22	   3392.18	   3569.52	   3735.99	   3882.31	   4013.54	   4137.71	   4490.42	   5477.03	   5203.44	   4347.26	   4434.15	   4514.59	    4588.3	   4649.37	   4697.18	   4749.83	   4807.62	   4856.38	   4896.43	   4935.57	      4961	   4990.89	   5053.56	      5165	   5314.05	   5494.83	    5674.5	   5828.14	   5942.14	   6037.34	   6129.68	   6268.97	   6496.73	   6839.12	   7266.87	   7744.85	   8207.29	   8604.48	   8911.39	   9309.17	    9473.4	   9629.11	   9762.38	
   2784.06	   2765.34	   2671.31	   2538.27	   2407.83	   2318.62	   2297.76	   2344.74	    2427.1	   2512.66	   2570.67	   2593.24	   2576.96	   2483.15	    2497.8	   2493.35	   2459.15	   2590.74	   2658.79	   2783.51	   2783.78	    2906.5	   2826.77	   2850.01	   2866.52	   2907.44	   2993.79	   3127.84	   3305.06	   3497.06	   3680.04	   3851.81	   4002.72	   4137.82	   4525.81	   5487.55	   5175.76	   4329.47	   4419.04	   4509.61	   4593.64	    4670.8	    4735.1	   4785.84	   4841.54	   4902.54	   4954.33	   4997.24	   5039.86	   5068.41	   5101.49	   5168.15	   5284.79	   5440.02	   5627.88	   5814.69	   5974.84	   6094.35	    6194.6	   6291.93	   6437.54	   6674.18	   7028.86	   7471.56	   7966.23	   8445.18	    8857.2	   9176.45	   9589.54	   9762.08	   9925.91	
   2818.64	   2787.88	   2768.34	   2673.56	   2539.63	   2408.23	   2318.04	   2292.31	   2338.42	   2419.84	   2504.36	   2561.23	   2586.57	   2525.11	   2548.33	   2529.74	   2475.19	   2561.54	    2619.3	   2705.43	   2725.22	   2893.65	   2872.17	    2923.4	   2942.18	   2954.14	   2991.31	   3062.02	   3194.25	   3370.49	   3561.38	   3742.65	    3912.1	   4059.79	   4516.01	   5515.69	   5160.21	   4271.08	    4350.1	   4442.91	   4536.77	   4624.07	   4704.52	   4771.99	   4825.76	   4884.61	   4948.88	   5003.88	   5050.61	   5097.02	   5129.13	   5165.82	   5236.61	   5358.18	   5519.01	   5713.14	   5906.33	   6072.52	   6197.43	   6302.79	   6405.22	   6556.93	   6801.61	   7166.92	    7622.4	   8131.33	   8624.62	   9049.88	    9380.6	   9807.62	   9988.73	
   2831.06	   2810.27	   2779.21	   2759.62	   2664.84	   2530.87	   2399.34	   2303.97	   2277.87	   2323.38	   2404.02	   2487.65	   2549.55	   2540.11	   2584.92	   2577.92	   2517.11	   2561.52	   2600.24	   2644.79	   2652.73	   2830.74	   2863.58	   2966.89	   3015.36	   3030.33	   3038.29	   3060.48	    3128.5	   3259.62	   3435.56	   3626.19	   3806.62	   3974.49	   4452.27	   5506.86	   5166.11	   4208.05	   4286.55	   4379.45	   4486.79	   4595.75	   4698.59	   4794.92	   4878.38	   4948.16	   5023.53	   5104.88	   5177.75	    5242.3	   5306.77	   5356.48	   5411.16	   5501.93	    5646.7	   5833.71	   6057.04	   6280.49	   6476.22	    6628.7	   6760.88	   6890.49	   7073.91	   7358.87	   7776.27	   8294.01	   8872.79	   9437.45	   9930.31	   10321.6	   10821.1	
   2739.76	   2812.08	   2791.46	    2761.2	   2742.25	   2648.35	   2515.32	   2379.49	   2284.82	   2259.06	   2304.55	   2384.99	   2475.32	   2513.86	    2595.3	   2616.67	   2573.71	   2588.33	   2617.43	   2602.37	   2602.37	   2749.57	   2810.16	   2955.33	   3058.63	   3105.13	   3116.97	   3112.77	   3131.75	   3197.93	   3328.87	   3505.66	   3697.24	   3877.92	   4374.94	    5463.7	   5147.97	   4155.69	   4243.05	   4334.23	   4440.43	   4561.81	   4685.36	   4803.12	   4914.62	   5013.29	    5098.2	   5189.22	   5287.64	   5377.53	   5459.01	   5540.61	   5606.93	   5678.62	   5788.53	   5955.86	   6168.52	   6420.57	   6673.72	   6898.28	   7077.41	   7235.41	   7391.16	   7605.31	   7929.75	   8398.57	   8977.91	    9625.8	   10260.9	   10820.1	   11270.4	
   2646.13	   2711.43	   2783.57	   2764.72	   2736.21	   2718.82	   2626.88	   2491.24	   2357.43	   2264.43	   2239.92	   2286.29	   2374.76	   2452.41	   2564.72	      2631	   2622.41	    2631.3	   2664.84	   2596.02	   2571.17	   2690.81	   2739.56	   2895.81	   3041.46	   3143.54	   3186.78	   3188.77	    3179.5	   3194.16	   3257.27	   3386.67	   3562.73	   3753.41	   4273.15	    5389.4	   5090.71	   4099.88	   4180.21	   4269.16	   4361.99	   4470.01	   4593.42	   4719.03	   4838.77	   4952.21	   5052.69	   5139.27	   5233.01	   5334.22	   5426.76	   5510.76	   5594.85	   5663.44	   5737.44	   5850.13	   6020.97	   6237.73	   6494.42	   6752.24	   6981.09	   7163.91	    7325.3	   7484.41	   7702.75	   8032.94	   8509.59	   9098.41	   9756.88	   10402.4	   10971.2	
    2545.5	      2613	   2677.98	   2751.68	   2735.29	   2709.23	   2694.11	   2601.33	   2468.58	   2337.46	   2246.77	   2224.16	   2279.19	   2363.79	   2498.84	    2603.6	   2646.69	   2667.73	   2729.18	   2621.21	   2575.24	   2653.84	   2690.33	   2817.21	   2973.12	   3117.65	   3216.86	   3252.37	   3248.16	   3232.56	   3241.56	   3300.12	   3426.15	   3599.26	   4135.65	   5256.64	   4988.25	   4022.99	   4105.27	   4187.03	   4277.51	    4371.9	   4481.66	   4606.94	   4734.45	   4856.08	    4971.4	   5073.69	   5163.03	   5259.58	   5363.65	   5458.95	   5545.61	   5632.36	   5703.41	   5779.91	   5895.49	   6069.81	   6290.51	   6551.63	   6813.94	      7047	   7233.55	   7398.46	   7561.08	   7783.63	   8119.39	   8603.47	    9201.2	   9869.61	   10525.1	
   2438.65	   2508.27	   2575.04	   2641.97	   2717.65	   2704.21	   2681.11	   2666.21	   2576.78	   2447.45	   2319.47	   2231.53	   2218.23	   2276.24	   2403.59	   2537.18	   2625.97	   2679.22	   2784.24	   2663.63	   2608.66	   2654.33	   2660.31	    2758.9	    2883.4	    3037.4	   3179.15	   3271.31	   3300.42	   3288.98	   3266.06	   3268.38	   3321.09	   3441.95	   3963.89	   5078.03	   4830.28	   3909.48	   4008.53	   4092.14	   4175.26	   4267.15	   4363.02	   4474.35	   4601.29	   4730.52	   4853.91	   4971.02	   5076.21	   5168.37	   5267.76	   5374.72	   5472.83	   5562.26	   5651.77	   5725.45	   5804.61	   5923.13	   6100.82	   6325.27	   6590.53	   6857.06	   7094.17	   7284.44	   7452.91	   7619.12	   7845.84	   8186.92	   8677.84	   9283.74	   9961.26	
   1970.81	   2394.44	   2462.96	   2531.48	   2600.29	   2677.84	   2667.47	   2644.52	   2632.66	   2546.91	   2421.38	   2296.94	   2219.84	   2214.99	   2302.99	   2432.87	    2557.1	   2639.08	   2803.95	   2691.14	    2651.4	   2679.31	   2660.17	   2713.78	   2808.69	   2929.83	   3080.69	   3213.82	   3300.46	    3322.8	   3304.04	   3273.85	   3269.36	   3315.67	   3787.28	    4855.5	   4629.44	   3752.09	   3874.59	   3974.65	   4059.32	   4143.53	   4236.57	    4333.6	   4446.12	   4574.32	   4704.87	   4829.65	   4949.43	   5057.27	   5152.04	   5254.06	   5363.66	   5464.39	   5556.41	   5648.51	   5724.73	   5806.43	   5927.62	    6108.2	   6335.74	   6604.34	    6874.3	    7114.8	    7308.3	   7479.95	   7649.36	   7879.68	   8225.08	   8721.37	   9333.57	
   1538.88	   1921.76	   2335.99	   2405.58	   2475.29	    2545.4	    2624.2	   2611.05	    2591.3	   2582.43	   2500.72	   2379.59	   2269.72	   2206.69	   2221.32	    2314.4	   2439.94	   2542.04	   2756.66	   2674.99	   2667.74	   2703.55	   2674.08	   2690.78	    2740.1	   2831.27	   2948.78	   3087.57	   3216.21	   3297.59	   3313.99	    3289.1	   3252.91	    3242.6	   3643.82	    4625.6	   4388.44	   3561.69	   3696.64	   3819.49	   3920.07	   4005.39	   4090.31	   4184.04	   4281.77	   4394.96	   4523.82	   4655.11	   4782.04	   4903.98	   5014.01	   5110.99	   5215.21	   5326.97	   5429.88	   5524.12	   5618.42	   5696.85	   5780.76	    5904.1	   6086.77	   6316.39	   6587.12	   6859.31	   7102.13	   7298.01	   7472.08	   7643.96	   7876.84	   8225.02	   8724.44	
   1164.81	   1485.56	   1857.29	   2260.57	   2330.46	   2400.59	    2471.2	   2540.05	   2530.02	   2513.51	   2507.57	   2430.46	   2329.13	   2239.72	   2188.11	   2210.62	   2303.37	   2393.09	   2641.38	   2589.55	   2632.68	   2693.11	   2679.75	   2677.14	   2690.31	    2736.3	   2824.26	   2925.38	   3060.44	   3185.06	   3262.15	   3274.24	   3245.18	   3204.93	   3558.12	   4435.18	   4141.36	   3341.31	   3486.05	   3620.44	   3742.92	   3843.41	   3928.86	   4013.93	   4107.75	   4205.57	   4318.75	   4447.51	   4580.19	   4708.54	   4831.91	   4943.46	   5042.06	   5147.82	   5261.06	    5365.5	   5461.34	   5557.23	   5637.35	   5722.89	    5847.6	   6031.24	   6261.55	   6532.81	   6805.58	   7049.22	   7246.24	   7421.62	   7594.84	   7828.82	   8177.64	
   851.567	    1111.1	   1420.88	   1778.55	   2167.27	   2236.87	   2306.82	   2360.57	   2429.82	   2423.16	   2410.22	   2407.45	   2356.02	   2281.02	   2196.06	   2156.47	   2183.05	   2229.12	   2472.38	   2443.68	   2529.48	   2630.68	   2650.55	    2656.9	   2652.13	   2663.11	   2706.77	   2773.73	   2871.84	   3003.53	   3124.67	   3198.52	   3207.86	   3176.43	   3510.33	   4314.26	   3930.59	    3117.9	   3246.56	   3389.83	   3522.97	   3644.46	   3744.38	   3829.53	   3914.34	   4007.81	   4105.27	   4217.91	   4347.55	   4481.02	    4610.2	   4734.46	   4847.03	   4946.83	   5053.68	    5167.9	   5273.44	   5370.49	   5467.58	   5549.08	   5635.93	   5761.48	   5945.29	   6175.26	   6445.79	   6717.92	    6961.3	   7158.62	   7334.57	   7508.43	   7742.51	
   599.792	   802.346	   1052.44	   1347.24	   1688.29	   2059.82	   2128.96	   2176.05	   2230.78	   2300.49	    2297.8	   2289.08	   2315.52	   2293.62	   2215.56	   2147.09	   2116.48	   2089.01	   2293.37	    2257.5	   2373.08	   2506.15	   2574.98	   2608.11	   2613.14	   2607.18	   2616.79	    2634.7	   2699.29	   2794.56	   2922.85	   3040.64	   3111.74	   3119.22	   3471.26	   4237.96	   3781.99	   2923.74	   3005.18	   3131.88	   3272.92	   3404.13	   3524.02	   3622.87	    3707.3	   3791.44	   3884.12	   3980.75	   4094.04	   4223.95	   4357.58	   4486.99	   4611.56	   4724.66	   4825.21	   4932.68	   5047.39	   5153.57	   5251.42	   5349.31	   5431.88	   5519.69	   5645.55	   5828.69	   6057.25	   6325.82	   6596.04	   6838.07	   7034.83	   7210.61	   7384.38	
   407.197	   559.748	   755.282	   991.327	   1270.24	   1593.71	   1947.07	   1991.55	   2039.99	   2095.86	   2166.18	   2167.83	   2190.41	   2245.59	   2212.12	   2153.77	   2098.54	   2009.19	    2145.8	   2073.57	   2185.42	   2337.86	   2446.17	   2521.95	   2553.44	   2557.29	   2550.34	    2528.3	   2544.48	   2606.44	   2698.42	   2822.69	   2936.58	   3004.61	   3398.95	   4170.19	   3671.92	   2777.39	   2793.06	    2872.7	   2996.29	   3133.84	    3261.9	      3379	   3475.67	   3558.38	   3640.85	   3731.63	   3828.17	   3940.82	   4069.56	   4201.86	      4330	    4453.4	    4565.6	   4665.56	   4772.22	    4885.9	   4991.25	   5088.48	   5185.72	   5268.01	   5355.38	   5479.78	   5659.97	   5884.39	   6147.81	   6412.89	   6650.53	   6844.07	   7017.17	
   266.961	   378.364	   526.549	   711.079	   934.676	    1199.9	    1508.7	   1828.17	   1875.88	   1927.67	   1986.93	   2060.44	      2090	   2140.69	   2177.22	   2164.34	    2120.3	   2004.37	   2085.16	   1949.11	    2027.2	   2169.36	   2303.54	   2411.72	    2482.7	   2509.87	   2509.79	   2461.04	   2435.33	   2447.16	   2503.74	    2589.5	   2706.53	   2813.11	   3261.86	   4059.78	   3567.71	   2659.98	   2628.07	   2643.77	   2721.13	   2840.88	   2974.15	    3098.3	    3211.9	   3305.85	   3386.36	   3466.67	   3557.08	   3652.95	   3764.29	    3891.1	    4021.3	   4147.43	   4268.93	   4379.57	   4478.36	   4583.59	   4695.57	   4799.48	   4895.51	   4991.54	   5073.08	   5159.52	   5281.75	   5457.92	   5676.89	   5933.64	   6192.04	    6423.9	    6613.1	
   169.216	   247.715	   356.164	   496.243	   671.462	   884.768	   1138.98	   1427.68	    1737.5	   1789.45	   1845.76	   1909.74	   1998.81	   2051.48	   2082.91	   2139.01	   2139.51	   2037.31	   2094.99	   1904.33	   1920.06	   2025.48	   2153.15	   2281.17	   2382.22	   2446.14	    2466.7	    2413.4	   2359.38	   2328.15	   2333.63	   2382.59	   2459.62	   2566.53	      3039	   3869.12	   3425.05	   2546.74	   2491.31	   2461.47	   2477.16	   2551.86	   2667.15	   2795.41	   2914.99	   3024.53	    3115.3	   3193.24	   3273.24	   3362.81	   3457.53	   3567.01	   3691.26	   3818.69	   3942.19	    4061.2	   4169.77	   4266.92	   4370.23	   4480.01	   4582.01	   4676.43	   4770.84	    4851.3	   4936.44	   5055.96	   5227.31	    5439.8	   5688.67	   5939.16	   6164.19	
   104.378	   160.375	   233.998	    336.64	   469.595	   636.396	   840.053	   1088.49	   1365.86	   1664.69	   1718.16	   1776.08	   1838.18	   1941.47	   1975.43	   2025.36	   2092.69	   2041.03	   2113.84	   1899.63	   1863.26	   1905.36	      1998	   2115.12	   2235.34	   2328.73	   2385.58	   2343.33	   2286.04	   2228.34	    2192.9	   2192.98	   2234.81	   2303.35	   2755.11	   3574.22	   3213.32	   2405.66	   2358.76	   2306.98	   2279.45	   2295.13	   2366.83	   2477.09	   2599.72	   2714.17	   2819.14	   2906.34	   2983.79	    3063.1	   3151.43	   3244.59	   3351.71	   3472.83	   3596.94	   3717.27	   3833.29	   3939.35	    4034.5	   4135.51	   4242.66	   4342.38	   4434.88	   4527.35	   4606.49	   4690.08	   4806.49	   4972.38	   5177.57	   5417.59	   5659.22	
   62.3384	   99.5696	    152.64	   220.023	   317.081	    443.02	   601.274	    813.68	   1050.02	   1314.46	   1599.97	   1652.78	      1692	   1764.96	   1848.27	   1899.24	   1959.28	   1980.66	   2100.46	   1901.38	   1844.63	   1835.15	   1867.11	   1946.29	   2055.42	   2167.11	   2252.51	   2235.97	    2190.6	   2131.04	   2071.34	   2033.12	   2028.83	   2064.18	   2453.08	   3206.67	   2915.29	   2216.26	   2200.21	   2156.89	   2108.97	   2083.85	   2099.36	   2167.59	   2272.14	   2388.39	      2497	   2596.75	   2682.41	   2758.78	   2836.82	   2923.27	   3014.19	   3118.21	   3235.37	   3355.31	   3471.64	   3583.89	   3686.68	   3779.15	   3877.13	    3980.9	   4077.63	   4167.53	   4257.38	   4334.61	   4416.03	    4528.5	    4687.8	   4884.33	   5113.91	
   35.6537	   59.5151	    93.449	   143.047	   204.177	   295.168	    413.39	   592.105	   791.771	   1014.38	   1263.91	   1533.85	    1555.3	   1604.51	   1659.68	   1755.52	   1815.14	   1838.17	   2019.57	   1871.97	   1830.07	    1800.9	   1784.31	   1801.96	   1874.25	   1974.83	   2077.46	   2079.31	   2059.65	   2012.78	   1952.69	   1892.71	   1853.15	   1845.62	   2177.67	   2819.21	   2561.18	   1968.89	   1997.39	   1983.07	   1943.37	   1899.39	   1876.65	   1891.77	   1955.99	    2054.1	   2163.16	   2265.17	   2361.76	    2445.1	   2519.68	   2595.71	   2679.49	   2767.36	   2867.37	   2979.59	   3094.36	   3205.69	   3313.17	   3411.77	   3500.69	   3594.72	   3694.15	   3786.96	   3873.37	    3959.7	    4034.2	   4112.61	   4220.07	   4371.39	   4557.59	
   19.4683	     34.48	   55.3287	    86.683	   132.567	   187.359	   271.761	   417.837	   583.635	   769.214	   976.478	   1209.19	   1424.16	   1455.41	   1489.05	   1555.95	   1656.19	   1685.51	   1854.52	   1780.62	   1782.98	    1767.9	   1733.85	   1702.98	   1716.92	   1782.23	   1873.91	   1884.55	   1883.24	   1861.81	   1815.05	   1756.11	   1697.47	   1657.99	    1925.2	   2465.59	   2197.24	    1687.5	   1743.01	   1769.78	   1757.14	   1721.13	    1681.2	   1660.83	   1675.35	   1735.17	   1826.28	   1927.53	   2025.34	   2118.05	   2198.41	   2270.58	   2343.98	   2424.44	   2508.57	   2603.83	    2710.3	   2819.06	   2924.59	    3026.5	   3120.16	   3204.82	   3294.17	   3388.48	   3476.63	   3558.83	   3640.95	   3712.07	   3786.78	   3888.38	   4030.62	
   10.0769	   19.3794	   32.1981	   51.1581	   79.7174	   121.583	    169.85	   284.482	   417.952	   569.805	    740.16	   930.828	   1106.24	   1314.43	   1332.29	   1377.09	   1448.03	   1518.78	   1678.82	   1614.39	   1674.84	   1700.52	   1680.79	   1631.87	   1601.04	   1611.89	   1670.33	   1665.86	   1673.59	   1670.26	   1648.37	   1603.21	   1546.96	   1491.12	   1706.83	    2141.4	   1867.95	   1405.76	   1460.96	   1511.91	   1536.71	   1525.66	   1493.35	   1457.46	   1439.41	   1453.17	   1508.23	   1591.83	   1687.99	   1780.88	   1868.99	   1945.73	   2014.87	   2085.01	   2161.49	   2241.21	   2331.01	   2430.95	    2532.9	   2631.85	   2727.42	    2815.4	   2895.11	   2979.05	   3067.48	   3150.25	   3227.54	   3304.73	   3371.81	   3442.15	   3537.07	
   4.91448	   10.6399	   18.9531	   30.3833	   47.3327	   72.9263	   110.519	   185.757	   288.734	   409.039	   546.352	   700.871	   838.415	   1005.75	   1186.04	    1214.6	   1263.32	   1307.09	   1488.45	   1438.18	   1495.19	   1572.46	    1590.7	   1554.03	    1507.7	      1478	   1486.44	   1450.57	   1445.26	   1451.08	    1446.8	   1425.64	   1383.37	   1331.12	   1511.41	   1859.41	   1569.23	    1154.1	   1183.08	   1232.96	   1279.05	   1301.66	   1292.06	   1263.36	   1231.46	   1215.63	   1228.43	    1278.4	   1357.59	   1447.93	   1535.19	      1618	   1690.43	    1755.9	   1822.14	   1893.96	   1968.59	   2052.18	   2144.81	   2239.16	   2330.72	   2419.17	    2500.7	    2574.7	   2652.45	    2734.2	   2810.79	    2882.4	   2953.87	   3016.17	   3081.37	
    2.2555	   5.75419	   11.6796	   18.9433	   28.9676	   43.8811	    66.458	   123.842	   190.288	   281.578	   388.638	   511.287	   621.253	   750.154	   893.278	   1064.97	    1097.4	   1115.92	   1253.74	   1248.35	    1305.1	   1375.64	   1439.44	   1437.05	   1403.15	   1360.57	      1333	   1256.79	   1224.11	   1218.92	    1223.7	   1219.41	   1199.98	   1161.64	   1324.05	   1606.33	   1310.31	   929.149	   936.821	   962.592	   1006.91	   1047.86	   1068.03	   1059.67	   1034.41	   1006.35	    992.55	   1004.16	    1052.5	   1126.55	    1210.3	   1291.14	   1367.87	   1435.25	   1496.29	   1557.88	   1624.26	   1692.98	   1769.51	   1853.93	   1939.75	   2022.98	   2103.35	   2177.49	   2244.86	   2315.48	   2389.56	   2458.98	   2523.93	   2588.68	   2645.25	
  0.975841	   2.89618	   7.15894	   12.2409	   18.4976	   27.1637	   40.0951	   74.3588	   124.188	   182.131	   262.006	    356.03	   445.504	   546.272	   654.912	   788.574	   946.407	   939.543	   1037.76	   1020.29	   1100.99	   1167.55	   1225.05	   1259.57	   1257.32	   1227.16	    1189.3	   1093.57	   1026.42	   997.784	   993.458	   997.944	   994.388	   977.442	   1127.64	   1364.99	   1079.94	    736.12	   718.679	   725.249	   747.621	    786.17	   821.783	   839.273	   831.914	   809.869	   785.435	    773.47	   787.708	   833.702	   901.835	   978.172	   1051.76	   1121.57	   1183.06	   1238.85	   1294.92	   1354.97	   1416.88	   1485.39	   1560.57	   1636.81	   1710.64	   1781.85	   1847.51	   1907.19	   1969.56	    2034.8	    2095.9	   2153.03	   2209.89	
  0.496013	   5.42067	    11.274	   19.9359	   31.5228	   46.5314	   66.6354	   100.954	   162.668	   261.322	   396.095	   581.656	   816.997	   1093.51	   1398.31	   1756.32	   2178.36	   2608.76	      3119	   3235.37	   3547.84	   3913.28	    4227.4	   4461.72	   4682.01	   4851.88	   4953.85	   5004.94	    4945.6	   4835.81	   4731.28	   4657.68	   4616.91	   4591.47	   5264.93	   6249.57	   5030.51	   3570.03	   3413.15	   3279.68	   3189.43	   3147.97	   3159.78	   3207.38	   3261.48	   3293.31	   3292.87	   3266.19	   3233.81	   3225.67	   3269.77	   3376.18	   3537.15	   3735.17	   3956.26	   4185.27	   4413.94	   4642.69	   4875.84	   5114.26	   5363.74	    5628.6	   5905.96	   6189.95	   6476.02	   6757.68	   7029.67	   7297.54	   7565.57	   7829.36	    8085.8	
         	         	         	         	         	         	         	         	         	         	         	         	         	         	         	         	         	         	         	         	         	         	         	         	         	         	         	         	         	         	         	         	         	         	         	         	         	         	         	         	         	         	         	         	         	         	         	         	         	         	         	         	         	         	         	         	         	         	         	         	         	         	         	         	         	         	         	         	         	         	         	
         	         	         	         	         	         	         	         	         	         	         	         	         	         	         	         	         	         	         	         	         	         	         	         	         	         	         	         	         	         	         	         	         	         	         	         	         	         	         	         	         	         	         	         	         	         	         	         	         	         	         	         	         	         	         	         	         	         	         	         	         	         	         	         	         	         	         	         	         	         	         	
   26132.7	   25480.6	   24822.4	   24083.9	   23310.7	   22502.2	   21846.7	   21234.9	   20532.3	   19743.3	   18881.3	   17916.5	   16876.3	   16127.3	   15110.8	   13856.3	   12942.5	   12994.4	   13849.2	   14568.9	   15037.5	   15321.9	   15347.8	   15390.2	   15167.8	   15056.3	   15083.6	   15141.1	   15198.3	     15170	   15061.3	   14870.2	   14598.6	   14421.6	   13318.8	   13163.8	   15359.9	   15614.2	   15319.9	   15022.5	   14719.6	   14412.2	   14102.6	   13793.3	   13487.3	     13188	   12898.1	   12619.2	   12347.9	   12081.6	     11819	     11558	   11296.4	   11033.9	   10770.8	   10507.9	   10245.7	   9985.06	    9726.3	   9470.23	   9218.01	   8970.77	   8729.51	   8495.06	    8268.1	   8049.12	   7838.16	   7635.04	   7439.74	   7252.14	   7071.85	
   6975.66	   6564.46	   6218.73	   5869.16	   5491.01	   5104.22	   4725.87	   4371.65	   4013.96	   3641.92	   3251.53	   2835.64	   2492.52	   2429.35	   2287.11	   2256.82	   2258.08	    2191.5	   2111.85	   2115.71	    2198.1	   2272.86	   2347.29	   2414.52	   2456.01	   2453.81	   2446.83	      2458	   2482.15	   2512.83	    2533.3	   2538.75	   2530.67	   2508.47	   2338.75	   2369.49	   2772.86	   2789.99	   2750.14	   2706.07	   2662.01	   2616.94	   2571.02	   2524.58	   2478.07	   2431.96	   2386.88	   2343.34	   2301.87	      2262	   2223.01	   2184.67	   2146.64	   2108.48	   2069.99	   2031.23	   1992.31	   1953.32	   1914.37	   1875.54	   1836.95	   1798.79	   1761.28	   1724.62	   1688.97	   1654.49	   1621.29	   1589.41	   1558.84	   1529.56	   1501.58	
   2030.66	   2019.41	   1968.22	   1932.64	   1895.74	   1848.98	   1803.97	   1766.46	   1723.73	   1679.23	   1627.64	   1563.24	   1509.69	   1479.87	   1424.71	    1369.9	   1356.25	   1323.94	   1268.63	   1260.43	   1271.48	   1305.23	   1370.84	   1399.31	   1425.64	   1435.85	   1420.12	    1397.9	   1389.16	   1387.29	   1388.82	   1384.38	    1371.4	   1350.96	   1223.88	   1250.13	   1492.18	   1519.94	   1467.93	   1435.97	   1401.95	    1368.1	   1333.92	   1299.52	   1265.07	   1230.84	   1197.06	   1164.04	   1132.13	   1101.47	   1071.81	   1042.82	   1014.38	   986.335	   958.497	   930.786	   903.242	   875.926	   848.896	   822.207	   795.903	   770.039	   744.702	   719.982	   695.956	   672.688	   650.226	   628.601	   607.819	   587.854	    568.69	
   787.964	    840.98	   885.893	   913.415	   947.061	   979.844	   1010.41	   1044.23	   1075.37	   1102.34	    1127.4	    1146.4	    1172.3	   1135.06	   1105.87	   1085.95	   1043.15	   1015.64	    976.32	   963.161	   963.442	   951.702	   993.475	   1003.99	   992.624	   977.628	   949.765	   902.815	   852.751	   810.663	   771.826	   733.803	   691.545	   644.324	   566.076	   578.931	   704.823	   743.031	   721.192	   697.223	   682.753	    667.29	   651.884	   636.298	   620.583	   604.825	   589.143	   573.653	   558.549	   543.947	   529.918	   516.349	   503.073	   490.041	   477.174	   464.381	   451.624	   438.922	   426.304	   413.798	   401.432	   389.226	   377.207	   365.418	   353.904	   342.704	    331.85	   321.365	   311.268	   301.562	   292.236	
   417.018	   468.585	    518.38	   563.946	   598.177	   635.724	   674.727	   712.041	   749.203	   783.914	   814.835	   843.836	   880.162	   853.123	   824.337	   818.384	   798.892	    762.59	   730.974	   723.702	   719.391	   699.145	   702.422	   704.173	    706.41	   692.731	    676.13	   650.339	   611.195	   569.934	    533.96	   499.953	   466.209	   429.494	   380.105	   370.171	    434.97	   465.404	   452.285	   439.027	   424.478	    415.72	   406.364	   397.048	   387.626	    378.13	   368.611	   359.141	   349.817	   340.729	   331.947	   323.515	   315.364	   307.393	    299.57	   291.847	    284.17	   276.513	   268.889	   261.315	   253.808	   246.383	   239.055	   231.839	   224.761	   217.849	   211.126	   204.612	   198.322	   192.267	   186.449	
   321.641	   357.407	   393.995	   428.759	   459.785	   481.257	   506.723	   532.265	   555.828	   578.965	   599.879	   617.476	   642.272	   622.198	   603.944	   593.145	    582.23	   571.467	    537.96	   530.911	   529.826	   507.801	   501.862	   486.039	    486.36	   486.911	   476.363	   464.057	    444.99	   416.731	   387.024	     360.9	   336.065	   311.344	   277.214	   268.348	   307.946	   320.981	   310.991	   303.366	   295.583	   286.863	   282.003	   276.694	   271.366	   265.919	   260.375	   254.767	   249.163	   243.611	   238.175	   232.907	    227.84	   222.927	   218.098	   213.333	   208.598	   203.854	   199.084	   194.297	   189.506	   184.722	   179.959	   175.227	   170.537	   165.911	   161.369	   156.931	   152.612	   148.426	   144.383	
   270.404	   292.035	   315.699	   339.552	   361.389	   379.799	   391.354	   404.733	   418.103	   429.816	   441.013	   450.324	   462.809	   446.637	   434.797	    427.41	   412.285	   412.706	   401.132	   388.238	   386.014	   368.692	   359.021	   344.918	    334.89	   336.074	   337.524	   331.609	    324.27	   312.264	   293.826	   274.366	   257.457	   241.506	   214.408	   217.027	   240.936	   238.373	   230.607	   223.574	   218.236	   212.776	   206.635	   203.268	   199.574	    195.86	   192.056	   188.175	   184.255	   180.332	    176.44	   172.625	   168.926	   165.366	   161.913	   158.515	   155.159	   151.818	   148.466	   145.091	   141.697	   138.294	   134.892	   131.501	   128.126	   124.778	   121.471	   118.221	   115.043	   111.948	   108.946	
   223.403	   235.279	   249.622	   265.413	   281.072	   294.826	   306.611	    311.34	   318.088	   324.455	   329.474	   333.967	   340.619	   326.012	   317.097	    311.33	   299.003	   298.743	   297.842	   296.727	   288.733	   273.003	   264.411	   252.398	   242.935	   236.358	   237.748	   239.471	   235.918	   231.396	   223.576	    211.16	   198.009	   186.707	   167.038	   183.084	   207.788	   200.394	   194.986	   188.636	   182.885	    178.52	   174.053	   169.027	   166.268	   163.241	   160.195	   157.073	   153.897	   150.687	   147.471	   144.277	   141.145	   138.105	   135.178	   132.336	   129.537	    126.77	   124.015	    121.25	   118.463	   115.661	   112.851	    110.04	   107.238	   104.448	   101.681	   98.9466	   96.2591	   93.6298	   91.0684	
   196.846	   202.627	   210.511	   220.435	   231.441	   242.137	   251.801	    258.36	   259.617	   262.465	   264.698	   265.791	   268.961	   256.001	    247.15	    241.59	   231.942	   234.017	   233.945	     237.6	   236.909	   218.456	   208.837	   200.158	   191.483	   184.744	   180.212	   181.716	   183.614	   181.511	   178.707	   173.389	   164.517	   155.072	   149.405	   169.392	   188.954	   183.842	   179.939	    175.16	    169.53	   164.435	   160.584	   156.638	   152.185	   149.773	   147.117	   144.442	   141.706	   138.918	   136.095	   133.264	   130.451	   127.691	   125.011	   122.429	   119.923	   117.453	    115.01	   112.575	   110.128	   107.659	   105.173	   102.678	   100.179	   97.6854	   95.2012	   92.7339	   90.2947	   87.8955	   85.5468	
   169.523	    173.82	   179.235	   186.512	   195.613	   205.696	   216.156	   224.585	   230.761	   232.307	   235.167	   237.199	   240.352	    228.07	   218.442	   211.771	   204.574	   207.743	   209.655	   211.538	   213.461	   202.082	   187.757	   177.617	   168.919	   160.241	   153.189	   147.708	   147.316	   147.063	   143.429	     139.1	   132.688	   123.497	   125.624	   147.021	    171.74	   166.481	   164.255	   161.083	    157.11	   152.356	   148.063	   144.877	   141.592	   137.834	   135.914	   133.763	   131.596	   129.361	   127.069	   124.734	   122.381	   120.033	   117.724	   115.478	   113.314	    111.21	    109.13	   107.066	       105	   102.914	   100.798	   98.6572	   96.4979	   94.3266	   92.1501	   89.9735	   87.8037	   85.6514	   83.5281	
   161.008	   166.969	   172.451	   178.655	   186.528	   196.699	   208.979	   221.219	   232.556	   241.631	   247.858	   251.111	   257.629	   245.006	   232.835	   224.694	   219.441	   222.747	   225.275	   227.257	    225.67	   216.279	   211.297	   190.964	   175.685	   165.751	   152.953	   142.944	   132.776	   126.492	   124.753	    117.47	   109.557	   100.436	   103.674	   127.375	   157.219	   158.924	   158.736	   158.188	   156.643	    154.25	   151.068	   147.035	   144.865	   142.698	   140.268	   138.412	   137.169	   135.937	   134.604	   133.177	   131.666	   130.094	   128.481	    126.86	   125.262	   123.715	   122.232	    120.75	   119.262	   117.754	   116.202	   114.586	   112.907	   111.172	   109.388	   107.563	   105.702	   103.812	   101.904	
   172.396	   180.346	    187.25	   193.604	   200.773	   209.822	   222.065	   235.046	   249.039	   262.025	   272.469	     279.7	   286.878	   275.287	   262.005	   252.599	   248.294	    250.48	   253.549	   255.799	   252.438	   244.489	   233.433	   223.651	   201.532	   184.783	   173.658	   158.858	   147.708	   136.392	   129.046	   126.239	   117.689	   108.414	   113.116	   147.178	   176.986	   166.233	   164.886	   164.688	   164.115	   162.506	   160.017	   156.707	   152.515	   150.257	   148.002	   145.473	   143.551	   142.264	   140.988	   139.606	   138.126	   136.558	   134.927	   133.252	   131.568	   129.909	   128.301	    126.76	   125.219	   123.672	   122.104	   120.489	   118.809	   117.063	   115.259	   113.403	   111.505	    109.57	   107.604	
   191.062	   201.508	   210.257	   217.749	   224.591	   232.365	    242.98	   255.036	   269.423	   284.937	   299.259	   310.644	    321.04	   310.362	   298.334	    288.89	   283.667	   284.712	   288.496	   291.422	   286.461	   279.482	   268.213	   252.524	   243.397	   220.832	   204.018	    192.36	   177.642	   166.978	   156.132	   149.907	   149.217	   142.029	   138.073	   178.148	   217.847	   194.872	   192.657	    191.14	   190.958	   190.339	   188.518	   185.673	   181.874	   177.046	   174.467	   171.891	   169.006	   166.825	   165.381	    163.95	   162.394	   160.724	    158.95	   157.101	   155.201	   153.289	   151.404	    149.58	   147.831	   146.082	   144.326	   142.544	   140.707	   138.792	   136.799	   134.738	   132.615	   130.441	   128.224	
   213.492	   225.849	   237.061	   246.202	   253.833	   260.671	   269.406	   278.561	   291.261	   306.562	   323.073	   338.161	   353.063	    344.02	   336.058	   328.885	   322.357	   320.682	   326.772	     330.3	    323.75	   318.675	   306.426	   292.191	   277.711	   270.412	   248.137	   230.685	   220.443	   206.616	   197.456	    188.09	   184.421	   188.016	    176.71	    220.41	   271.564	   253.036	    246.41	   243.693	    241.86	   241.717	   241.021	   238.797	   235.273	   230.536	   224.491	   221.297	    218.12	   214.547	   211.866	   210.122	   208.392	   206.502	   204.465	   202.294	   200.026	   197.693	   195.341	   193.024	   190.782	   188.635	   186.488	   184.329	   182.136	   179.872	   177.506	    175.04	   172.484	   169.848	   167.144	
   237.417	   250.972	   264.327	   276.241	   285.664	   293.254	   300.956	   307.577	   316.649	    329.69	   345.615	   362.853	   381.839	   377.963	   372.645	   372.049	   364.965	   361.138	   368.879	   374.299	   365.703	   362.729	   350.167	   338.184	   326.704	   314.835	   311.061	   287.914	   272.085	   264.619	   252.725	   246.473	   239.988	   240.958	   232.285	   275.461	   328.265	   328.744	   326.347	   317.858	    314.43	   312.141	   312.029	   311.197	   308.386	   303.886	   297.811	   290.039	    285.97	   281.919	   277.352	   273.938	   271.732	   269.543	   267.143	   264.551	   261.783	   258.888	   255.905	   252.898	   249.934	   247.066	    244.32	   241.572	   238.808	   235.999	   233.097	   230.062	   226.896	   223.612	   220.224	
   270.823	   283.968	   298.794	   313.246	   325.833	   335.284	   343.795	   349.223	    354.72	   362.922	   375.625	   391.621	   412.286	   413.324	   416.449	   416.597	   414.755	   411.196	   421.229	   427.499	   418.437	   416.134	   403.475	   395.625	   387.151	    379.13	   370.521	   368.284	   345.819	   331.735	   327.711	   318.071	   315.491	    312.63	   295.692	   341.104	   388.074	   398.607	   404.132	   401.325	   391.013	   386.966	   384.316	   384.329	   383.438	   380.094	   374.648	   367.241	   357.743	   352.813	   347.897	   342.336	   338.193	    335.54	   332.898	    329.99	   326.839	   323.467	   319.932	   316.287	   312.608	   308.979	   305.468	   302.105	   298.738	   295.351	   291.905	   288.343	   284.615	   280.723	   276.685	
    315.66	   327.079	   341.853	   358.527	   374.523	   387.933	   399.034	   406.278	   409.759	   413.081	   419.529	   431.348	   449.576	   452.886	   464.374	   472.513	   465.619	   473.188	   486.774	   495.066	   484.933	   483.169	   469.515	   465.033	   459.141	   452.486	   446.277	   449.527	   449.845	   425.834	   411.616	   409.473	   400.487	   400.034	   372.342	   389.844	   447.231	   460.117	   468.535	   474.961	    471.87	   460.224	   455.808	   452.943	   453.085	   452.176	   448.447	   442.253	   433.255	   421.855	   415.738	   409.662	   402.864	   397.723	    394.32	   390.945	   387.282	   383.358	   379.194	   374.858	   370.411	   365.941	   361.545	   357.298	   353.237	   349.185	    345.12	       341	   336.756	    332.33	   327.723	
   364.821	   373.469	   387.223	   404.919	   424.647	   443.123	   460.503	   473.086	   478.989	    480.07	   480.959	   485.834	    498.55	   498.517	   515.148	   530.684	   529.113	   535.841	   562.778	   575.701	   566.812	   562.038	   549.039	   543.581	   537.505	   529.864	    521.36	   522.676	   525.247	   524.309	   495.537	   478.088	   474.454	   462.973	   431.196	   422.603	   462.034	    493.47	   502.302	   511.476	    518.55	   515.504	   503.384	   499.043	   496.304	   496.725	   495.996	   492.233	   485.245	   475.245	   462.655	   455.756	   448.914	   441.304	   435.492	   431.565	   427.676	   423.488	    419.03	   414.324	   409.445	   404.456	   399.456	   394.548	   389.812	   385.288	   380.783	   376.275	   371.717	   367.033	    362.16	
   417.766	   425.262	   436.535	   453.781	   475.393	    498.84	   523.798	   545.758	   557.954	   561.793	   559.983	   558.426	   561.455	   552.286	   567.542	   586.546	   590.211	   608.566	   631.481	   662.047	   658.376	    650.26	   635.549	   628.444	    618.02	   607.217	   594.678	   589.261	   586.248	   584.318	   578.383	   542.456	   519.158	   510.551	   465.697	   462.164	   489.519	   495.646	   522.873	   532.261	   541.968	   549.529	   546.636	   534.356	   530.224	   527.711	   528.434	    527.93	   523.754	    516.18	   505.451	   491.996	   484.496	    477.06	   468.824	   462.477	   458.116	   453.794	   449.167	   444.267	   439.113	   433.786	   428.354	    422.92	   417.593	   412.456	   407.551	   402.676	   397.807	   392.892	   387.854	
   471.204	   480.394	   490.522	    504.99	   526.026	   551.437	   583.437	   615.222	   637.816	   648.505	   649.522	   644.583	   637.537	   613.208	   621.127	   636.355	   641.582	   671.298	   702.713	   731.008	   747.855	   738.437	   723.143	   710.536	   697.671	   681.165	   664.446	    652.68	   641.137	   631.789	   623.316	   610.562	   566.882	   536.476	   498.899	   510.687	   536.011	   508.983	   516.853	   544.957	   554.785	   564.925	   572.919	   570.245	   557.981	   554.136	    551.91	   552.965	   552.276	   547.831	   539.856	   528.617	    514.54	     506.6	   498.725	   490.023	   483.277	   478.586	   473.935	   468.973	   463.734	   458.238	   452.569	   446.799	   441.034	   435.387	   429.946	   424.752	   419.597	   414.455	   409.272	
   519.643	    533.52	    545.04	   557.574	   574.606	   598.288	    633.27	   672.381	   704.894	   726.406	   734.425	   732.119	   717.777	   678.462	   673.668	   679.121	   679.088	   715.438	   754.482	   794.693	   807.987	   813.353	   800.599	   783.866	    765.55	   747.125	    724.73	   708.145	   690.086	   671.841	   655.571	   640.056	   620.114	   569.151	   527.081	   569.776	    579.55	   530.224	   524.051	   532.312	   560.963	   571.099	   581.557	   589.876	   587.409	   575.255	   571.694	   569.748	   570.678	   569.855	   565.231	   556.983	   545.389	   530.873	   522.609	    514.41	   505.364	   498.317	   493.372	   488.465	   483.244	   477.745	   471.988	   466.058	   460.031	   454.016	   448.128	   442.458	   437.047	   431.682	   426.337	
   558.994	   577.884	   593.507	   606.429	   619.998	   637.665	   670.934	   711.257	   750.004	   780.952	   799.747	   804.285	   788.997	   740.117	    724.25	   715.025	   704.798	   739.517	   782.055	   831.255	    855.11	   849.761	   856.776	   840.058	   818.777	   796.023	   773.174	   751.279	    729.49	   705.765	   681.569	   659.223	   637.512	   611.018	   578.646	   615.212	   619.432	   545.158	   539.445	   533.575	   542.071	   570.948	   581.263	   591.894	   600.406	   598.133	   586.159	   582.864	   580.779	   581.598	   580.677	   575.948	   567.534	   555.724	   540.941	   532.461	   524.045	   514.772	   507.517	    502.39	   497.298	   491.892	    486.21	    480.27	   474.159	   467.956	   461.771	   455.721	   449.896	    444.34	   438.836	
   585.476	   610.206	   629.888	   645.884	   658.452	   670.813	   697.281	   733.579	   771.639	   807.569	   835.084	   850.064	   838.292	   789.902	   769.333	   747.933	   723.972	   751.229	   790.584	   841.931	   871.028	   872.379	   871.775	   872.882	   852.333	   827.327	   800.844	   778.514	   751.974	   725.224	   696.266	   666.717	   638.842	   611.113	   630.556	   668.278	   649.179	    577.69	   561.636	   556.105	   550.354	   559.138	   588.614	   599.198	   610.096	   618.875	   616.711	   604.692	   601.188	   598.932	   599.655	   598.626	   593.719	   585.014	   572.821	    557.57	   548.756	   540.006	   530.378	   522.814	   517.429	   512.078	   506.409	   500.461	   494.253	   487.874	   481.404	   474.958	   468.656	   462.589	   456.803	
    599.92	   628.258	   652.862	   671.878	   686.466	   696.527	   716.652	   744.413	    776.69	   810.493	   841.977	   864.983	   860.919	   820.926	   805.331	   778.367	   744.417	   760.205	   792.501	   836.908	   862.606	    867.66	   876.852	   868.985	   867.627	   844.924	   817.832	   792.555	   767.323	   737.609	   707.512	   675.166	   642.186	    610.42	   638.383	   723.994	   700.653	    604.64	   598.053	   581.904	   576.417	   570.663	   579.741	   609.961	   620.826	   632.022	   641.081	   638.962	   626.427	   622.678	   620.227	   620.851	    619.69	   614.548	    605.48	   592.814	   576.989	   567.777	   558.628	   548.574	   540.644	   534.956	   529.302	   523.324	   517.063	   510.538	    503.84	   497.053	   490.296	   483.692	   477.334	
   607.168	   635.086	   662.511	   685.745	   702.595	   713.958	   730.751	   751.029	    773.64	   800.745	   829.351	   855.723	   857.991	   833.067	   828.757	   805.381	   768.306	   775.789	   798.088	   830.106	   842.987	   845.665	   860.927	   863.435	   855.072	   853.234	   830.543	   806.085	   780.306	    754.38	   723.921	   693.114	   660.141	   626.298	   641.532	    736.58	   764.134	   644.071	    622.15	   615.747	   599.487	   594.012	   588.238	   597.533	   628.338	    639.42	   650.851	   660.135	   657.738	   644.763	   640.803	   638.185	   638.714	   637.428	   632.078	   622.695	   609.625	   593.314	   583.758	   574.265	   563.846	     555.6	   549.648	   543.732	   537.486	   530.955	   524.156	   517.184	   510.125	   503.101	   496.238	
   609.634	   635.183	   661.859	   687.758	   708.788	   722.394	   740.014	   756.297	    771.35	   788.817	   810.879	   834.552	   840.296	     830.1	   841.787	   827.468	   795.478	   799.993	    815.74	   831.646	   827.518	   820.397	   835.113	   846.101	   849.837	   843.255	   843.227	   824.947	   802.402	   778.526	   754.524	    726.12	   697.567	   666.744	   675.443	    760.56	   790.835	   694.554	   659.562	   637.639	   631.354	   614.973	   609.491	   603.676	   613.129	   644.408	   655.661	   667.282	    676.46	   673.818	   660.467	   656.323	   653.554	   653.989	   652.583	   647.047	   637.389	   623.968	   607.236	    597.38	   587.588	   576.852	   568.329	   562.147	       556	   549.521	   542.754	   535.717	   528.506	   521.211	   513.956	
   605.425	    630.45	   655.111	   680.721	   705.041	   723.555	   743.625	   760.374	    772.19	    782.95	   796.341	   814.513	   819.365	   820.294	   846.176	   845.235	   822.219	   830.247	   844.562	    848.22	   825.425	   804.846	    810.92	   823.806	   836.163	   841.777	   837.416	   841.756	   825.644	   805.356	   783.806	   762.313	   736.618	   710.736	   741.125	   826.877	   825.666	   707.485	   707.043	   672.038	   650.117	   643.911	   627.435	   621.925	   616.049	   625.589	    657.18	    668.53	   679.999	   689.044	    686.18	   672.523	   668.212	   665.299	   665.633	    664.11	    658.41	    648.52	   634.812	   617.742	   607.634	   597.591	   586.591	   577.835	   571.452	   565.106	   558.425	   551.456	   544.217	   536.804	    529.31	
   597.693	   622.522	   647.283	   671.511	   696.263	   718.903	   744.226	   762.912	   776.023	   784.412	   792.037	   802.582	   804.142	   809.658	   845.556	   856.515	   845.279	   859.567	   878.818	   877.064	   842.075	   805.474	   798.234	   803.188	   816.092	    828.72	   834.768	   833.234	   837.636	   821.843	   801.918	   780.848	   760.005	   734.852	   797.211	   902.826	   873.605	   727.256	   732.077	   732.061	   696.393	   674.076	   667.854	   650.997	   645.372	   639.353	   649.183	   681.702	   693.145	   704.744	   713.893	   710.822	   696.664	   692.163	   689.108	   689.404	   687.793	   681.875	   671.623	   657.423	   639.744	   629.245	    618.81	   607.387	   598.281	   591.624	   585.004	    578.04	   570.781	   563.245	   555.531	
   589.537	   614.615	    639.64	   664.469	    688.33	   711.966	   741.687	   765.064	   780.743	   791.058	   796.933	   802.357	   798.175	   803.627	   843.082	    862.48	   860.453	   883.053	   910.199	   912.134	   874.366	   826.165	   801.865	   793.457	   798.469	   811.555	   824.413	   833.223	   831.635	   835.954	   820.242	   800.539	   779.883	   759.324	   836.115	   952.169	   921.313	   765.102	   769.468	   775.024	   775.398	   738.145	   714.864	   708.457	    690.78	   684.898	   678.586	   688.959	   722.991	   734.843	   746.894	   756.406	   753.075	   738.084	     733.3	   730.048	   730.337	   728.619	   722.359	   711.508	   696.479	   677.767	   666.632	   655.563	   643.448	    633.78	     626.7	   619.659	   612.256	   604.541	   596.535	
   581.172	   607.124	   632.736	   658.195	   683.053	   706.181	   737.081	   764.561	   785.489	   798.873	   807.142	   811.236	   803.683	   804.848	   843.231	   865.062	   868.158	   896.119	   933.937	   944.838	   915.104	   862.255	   823.834	   797.839	    789.85	   795.346	   808.888	   824.804	   833.728	   832.387	   836.938	   821.686	    802.68	   782.622	   852.234	   973.103	   964.548	   811.878	   814.491	   819.648	   825.977	   826.736	    787.52	   763.028	   756.361	   737.685	   731.491	   724.829	   735.629	   771.544	    783.95	   796.598	    806.59	   802.984	   787.019	   781.919	   778.452	   778.753	   776.926	   770.272	   758.723	   742.721	   722.791	   710.915	   699.106	    686.18	   675.857	   668.287	   660.756	    652.84	   644.594	
   573.154	   600.103	   626.817	    653.11	   678.865	   703.285	   733.641	   762.459	    787.93	   806.979	   818.646	   825.413	   818.233	   816.143	   848.908	   868.921	   871.069	   900.843	   946.989	   970.461	   954.236	   905.628	   858.517	   817.594	   792.246	   784.832	   790.753	   807.081	   822.921	   831.918	   830.748	   835.547	   820.921	   802.471	   856.704	   989.585	   994.439	   842.126	   845.249	   848.566	   854.435	   861.446	   862.619	   822.203	   796.986	   790.226	   770.946	   764.604	   757.547	   768.643	   805.857	   818.661	   831.749	   842.113	   838.364	   821.777	   816.518	   812.965	    813.34	   811.503	   804.639	   792.659	   776.027	   755.285	   742.933	   730.646	    717.19	   706.444	   698.569	   690.732	   682.492	
    566.71	   594.192	   621.989	   649.496	   676.195	   701.637	   733.042	   761.737	    788.75	   812.583	   830.117	   840.384	    837.55	   835.065	   862.806	   876.975	   874.523	   901.524	    952.63	   984.997	   984.875	   945.636	   897.413	   847.968	   808.559	   784.559	   778.196	   787.085	   803.833	   820.268	   830.011	   829.849	   835.933	   822.675	   864.731	   1004.84	   1013.79	   852.928	    858.07	   861.862	    865.77	   872.205	    879.75	   881.298	   840.464	   815.025	   808.319	    788.83	   782.285	   775.015	   786.231	    824.06	   837.056	    850.37	   860.944	   857.165	   840.315	   835.035	   831.502	    831.98	   830.208	   823.303	   811.159	   794.254	   773.136	   760.583	   748.089	   734.394	   723.466	   715.472	   707.512	
   562.295	   590.085	   618.425	    647.07	   675.043	   701.493	   733.634	   763.802	   790.771	   816.244	    838.69	   854.909	   857.219	   857.681	   882.528	   892.434	   882.117	   904.793	   955.733	   990.643	   1001.33	   975.655	   930.435	   882.011	   835.401	   798.624	   776.877	   774.143	   784.526	   802.964	    821.32	   833.343	   835.915	   844.909	   880.991	    1032.4	      1029	   853.729	   857.952	   863.301	   867.225	   871.206	   877.676	   885.201	   886.655	   845.605	   819.956	   813.045	   793.133	   786.183	   778.517	   789.354	   826.805	   839.433	   852.399	   862.652	   858.591	   841.498	   835.993	   832.245	   832.515	   830.547	   823.461	   811.144	   794.077	   772.809	   760.097	   747.451	   733.614	   722.545	   714.409	
   559.825	   587.957	   616.641	   645.901	   675.117	   702.972	    735.94	    767.07	   795.689	   821.218	   845.417	   866.694	    876.62	   880.187	   904.694	   913.705	   897.775	   915.135	   963.255	   991.991	   1005.94	   991.382	   952.724	   911.747	   867.214	   824.383	   790.987	   773.535	   773.288	   786.343	   807.724	   829.478	   845.484	   852.234	   898.036	   1061.27	   1048.09	   852.934	   860.672	   864.903	   870.207	   874.027	   877.869	   884.157	   891.449	   892.613	   851.124	   825.078	   817.637	   797.174	   789.701	   781.529	   791.874	   828.824	   840.964	   853.457	   863.263	   858.804	   841.369	    835.53	   831.463	   831.416	    829.15	   821.795	   809.232	   791.948	   770.494	   757.572	   744.729	   730.715	   719.468	
   559.491	   587.561	   616.733	   646.509	   676.548	   705.911	    740.31	   772.561	   802.459	   829.942	   854.417	   877.687	   894.158	   902.948	   926.615	   938.391	    920.95	   936.876	   979.551	   996.905	   1005.04	   996.784	    962.79	   934.633	   897.927	   857.665	   818.805	    789.88	   775.474	   778.387	   794.848	   820.134	   846.484	   867.417	   905.758	   1087.84	   1064.13	   855.669	   862.769	   871.345	   876.328	   882.362	   886.872	   891.364	    898.29	   906.206	   907.891	   866.282	   840.124	   832.817	   812.266	   804.892	   796.806	   807.549	   845.378	   858.002	   871.018	   881.332	   877.137	   859.721	    854.14	   850.373	   850.716	   848.798	   841.676	   829.212	   811.897	   790.289	   777.404	   764.588	   750.557	
   561.116	   589.891	   619.222	   649.757	   680.611	   711.149	   747.225	   781.301	   812.765	   841.938	   868.763	   892.612	   912.071	   925.017	   949.582	   964.134	   950.063	   968.726	   1008.42	   1011.24	    1008.6	   999.205	   967.175	   950.603	   926.494	   893.949	   857.634	   822.881	   797.059	   785.835	   792.151	   812.518	   842.487	   873.995	   921.993	   1095.78	   1080.87	   858.039	   865.817	   873.831	   883.296	   889.097	   895.952	    901.23	   906.451	   914.122	   922.781	   925.096	   883.232	   857.019	   849.948	   829.371	   822.192	   814.281	   825.568	   864.513	   877.779	   891.478	   902.451	   898.615	   881.257	   876.017	   872.636	   873.474	   871.996	   865.175	   852.849	   835.519	   813.747	   800.926	   788.159	
   564.291	   595.159	   625.507	   656.486	   688.447	   720.193	   757.646	   793.865	   827.677	    858.88	    887.82	   914.428	   934.956	   948.808	   972.771	   991.891	   982.884	   1007.13	   1047.32	    1040.2	   1023.82	   1008.44	   974.255	   965.695	   952.965	   932.796	   904.005	   871.269	   839.422	   816.559	   808.504	   818.577	   843.596	    878.93	   926.299	   1108.01	   1086.73	   871.298	   882.621	   891.353	    900.29	   910.696	   917.322	    925.01	   931.041	   936.997	   945.464	   954.937	   957.716	   914.832	    888.07	   881.064	   860.066	   852.913	   844.995	    856.96	   897.605	   911.673	   926.216	   937.962	    934.36	   916.719	   911.672	   908.562	   909.843	   908.718	   902.027	   889.586	    871.91	   849.578	   836.564	
   567.803	    601.52	   634.426	   666.823	    699.63	   732.974	   771.946	   810.122	   846.736	   880.916	   912.452	   941.711	   965.569	   978.931	   998.252	   1019.75	   1019.83	   1047.52	   1091.28	   1081.96	   1055.95	   1030.24	   992.755	   984.879	   979.062	   969.167	   951.669	   925.124	   894.169	   864.049	   842.985	    837.15	   850.284	    879.04	   931.257	   1112.13	   1107.75	   882.321	    913.49	   925.963	   935.694	   945.621	   957.087	   964.565	   973.134	   979.952	   986.682	    996.04	   1006.32	   1009.56	    964.73	   936.825	   929.694	   907.808	   900.493	   892.366	   905.205	   948.313	   963.417	   979.051	   991.763	   988.288	   969.986	   965.005	   962.078	   963.803	   962.988	   956.278	   943.466	   925.088	   901.756	
   572.272	   607.958	   644.214	    679.65	   714.308	   748.937	   789.813	   830.105	   869.304	   906.926	   942.043	   974.443	   1001.52	   1017.16	    1029.5	   1048.49	   1057.71	    1088.6	    1134.7	   1131.54	   1102.33	   1068.39	   1026.64	   1014.34	   1008.23	   1004.35	   996.275	   980.102	    954.41	   924.172	   894.649	   874.423	   870.091	   885.398	    939.01	      1124	    1124.7	   908.096	   932.269	   965.669	   979.335	   990.095	   1001.07	   1013.65	   1021.99	   1031.48	   1039.12	   1046.67	   1056.87	   1068.04	   1071.75	   1024.49	   995.143	   987.801	   964.791	   957.229	   948.804	   962.642	   1008.65	   1024.94	   1041.83	   1055.64	   1052.27	   1033.13	   1028.17	   1025.42	   1027.62	   1027.13	   1020.36	   1007.07	   987.832	
   576.608	   615.496	   653.995	    693.14	   731.184	   767.948	   810.143	   852.669	   894.347	   934.903	   973.819	   1010.11	   1040.69	   1058.55	   1066.84	   1080.84	    1095.3	   1126.38	   1176.49	   1182.73	   1157.26	   1119.73	   1077.92	   1057.73	   1047.55	   1043.86	   1042.45	   1036.49	   1021.86	   997.354	   967.961	   939.232	   920.317	   917.984	   956.172	   1139.97	   1143.24	   926.665	   961.516	   987.906	   1024.06	   1039.35	   1051.58	   1064.02	   1078.15	    1087.8	   1098.67	   1107.58	   1116.26	   1127.78	   1140.35	   1144.94	   1095.13	   1064.36	   1057.07	      1033	   1025.42	   1016.91	   1032.24	   1082.05	   1100.08	   1118.77	    1134.2	    1131.2	   1111.27	   1106.58	   1104.26	   1107.28	   1107.41	   1100.76	   1087.06	
   585.295	   622.787	   664.613	   706.008	   747.865	   788.091	   832.132	    875.81	   919.683	   962.638	   1004.38	   1044.36	   1078.94	   1099.17	   1105.24	   1117.44	   1133.42	   1160.93	   1213.82	   1233.22	   1214.03	   1178.49	   1141.27	   1115.68	   1097.19	   1089.13	   1087.75	   1088.65	   1084.42	   1071.23	   1047.62	   1018.83	   990.805	   972.946	   991.211	   1160.79	   1159.08	   944.045	   986.365	   1024.07	   1052.79	   1091.92	   1108.87	   1122.55	   1136.45	   1152.17	   1163.09	   1175.35	   1185.39	    1195.2	   1208.04	   1221.99	   1227.41	   1174.54	   1142.02	   1134.61	    1109.2	   1101.46	    1092.7	   1109.53	   1163.42	    1183.2	   1203.74	   1220.79	   1218.04	   1197.08	   1192.53	   1190.52	   1194.29	   1194.93	   1188.27	
   607.134	   634.905	   674.865	   719.435	   763.257	   807.108	   854.081	   899.063	   943.578	   988.216	   1031.78	   1073.95	      1112	   1134.98	   1142.56	   1154.28	   1171.64	   1195.92	   1248.51	   1278.46	   1270.04	   1237.91	   1208.61	   1182.37	    1157.5	   1140.04	    1133.3	   1133.46	   1135.49	    1132.3	   1119.71	   1096.26	   1067.52	   1039.45	   1053.16	   1205.32	   1175.14	   952.988	    995.14	   1040.34	    1080.7	   1111.62	   1153.55	    1172.1	   1187.19	   1202.53	   1219.81	   1232.03	   1245.56	   1256.76	   1267.72	   1281.88	   1297.23	   1303.52	   1247.93	   1213.88	   1206.48	   1179.91	    1172.1	    1163.2	   1181.51	    1239.3	   1260.81	   1283.15	   1301.82	   1299.41	   1277.57	   1273.24	   1271.64	    1276.2	   1277.42	
   648.744	   660.455	   689.401	   731.425	   778.117	   823.489	   873.483	   920.768	    965.94	   1010.45	   1054.92	   1098.07	    1137.8	    1163.2	   1177.41	   1191.09	   1206.08	   1233.64	   1285.94	   1319.18	   1320.83	   1295.91	   1271.99	   1252.01	   1226.81	   1203.08	   1186.92	   1181.89	   1183.46	   1187.09	   1185.23	    1173.6	   1150.75	   1122.23	   1133.08	   1285.82	   1206.77	   951.017	   982.535	   1026.62	   1073.88	    1116.2	   1148.84	   1192.87	   1212.78	   1229.15	   1245.79	   1264.47	   1277.83	   1292.57	   1304.91	      1317	   1332.42	   1349.08	   1356.33	   1299.21	   1264.44	   1257.35	   1230.29	   1222.74	   1214.05	   1233.74	   1294.66	   1317.78	   1341.79	   1362.01	   1360.21	   1338.08	   1334.29	   1333.35	   1338.88	
   708.612	   705.958	   717.023	   746.638	   790.093	   838.063	   888.989	   938.827	    985.85	   1030.39	   1073.99	   1117.31	   1157.47	   1184.04	      1209	   1227.67	   1237.56	   1271.71	   1329.04	   1360.59	   1367.51	   1348.54	   1329.72	   1317.73	   1298.73	   1274.42	   1251.51	   1236.41	   1232.28	   1235.11	   1240.04	    1239.3	   1228.55	   1205.98	   1221.18	   1386.26	    1265.4	   962.189	   977.388	   1010.48	   1056.51	   1105.86	   1150.21	   1184.64	   1230.85	   1252.25	   1270.02	   1288.12	   1308.26	   1322.94	   1339.06	   1352.71	   1366.12	      1383	   1401.16	   1409.57	   1351.09	   1315.75	   1309.17	   1281.77	   1274.66	   1266.34	   1287.62	   1351.96	   1376.91	   1402.85	   1424.86	   1423.88	   1401.63	   1398.56	    1398.5	
   782.316	   770.029	   765.201	    775.16	    804.93	   849.149	   902.484	   953.038	   1002.48	   1048.63	   1091.86	   1133.85	   1173.82	    1200.7	   1237.32	   1262.83	   1267.72	   1310.75	   1373.82	   1405.62	   1414.97	   1396.84	   1379.34	   1377.71	    1365.2	   1345.57	   1320.36	   1296.47	   1280.18	   1275.31	   1277.55	   1281.98	   1280.74	   1269.09	   1314.17	   1503.57	   1352.79	   1008.64	   1002.75	   1019.17	   1054.22	   1102.79	   1154.89	   1201.82	   1238.42	   1287.38	   1310.47	    1329.8	   1349.42	    1371.2	   1387.28	    1404.9	   1419.93	   1434.72	   1453.15	   1472.95	    1482.5	    1421.7	   1385.18	   1378.88	   1350.64	   1343.74	   1335.56	   1358.58	   1427.06	   1454.03	   1482.08	   1506.03	    1505.7	   1482.89	   1480.38	
   858.811	   847.398	   832.114	   824.921	   833.531	   863.101	   912.444	   965.878	   1016.23	   1065.07	   1110.13	   1151.84	   1190.47	   1216.89	   1263.22	   1295.64	   1298.16	   1350.34	   1418.39	   1450.95	   1465.51	   1445.77	   1424.58	   1431.44	   1429.27	   1415.96	    1395.2	   1368.32	   1342.56	   1324.73	   1318.64	    1319.9	   1323.59	   1321.34	   1404.51	   1643.01	   1464.98	   1079.18	   1054.69	   1049.11	   1066.81	   1103.99	   1155.37	   1210.48	   1260.22	    1299.2	   1351.18	   1376.07	      1397	   1418.24	   1441.79	   1459.36	   1478.56	   1495.05	   1511.29	   1531.38	   1552.91	   1563.64	   1500.17	   1462.25	   1456.18	   1426.93	   1420.18	   1412.08	   1436.95	   1509.92	   1539.04	   1569.33	   1595.32	   1595.63	   1572.12	
   930.617	   926.524	   912.419	   894.275	    884.75	   891.952	   925.926	   975.863	   1029.79	   1080.13	   1128.58	   1172.76	   1211.56	   1235.51	   1287.26	   1326.48	   1330.76	    1389.1	   1460.17	   1496.58	   1515.39	   1498.24	   1473.31	   1483.92	   1491.81	   1490.46	   1477.43	   1455.99	   1428.16	   1401.54	   1383.14	   1376.99	   1378.68	   1382.83	   1476.82	   1771.96	   1588.86	   1165.42	   1128.66	   1103.62	   1098.29	   1117.28	   1156.68	   1210.97	    1269.2	   1321.86	    1363.3	   1418.42	   1445.12	   1467.68	    1490.6	   1515.95	   1535.04	   1555.87	   1573.85	   1591.57	   1613.35	   1636.64	   1648.57	   1582.25	   1542.82	   1536.94	   1506.59	   1499.97	    1491.9	   1518.66	   1596.28	   1627.59	   1660.17	   1688.24	   1689.16	
   988.311	   1001.56	   995.541	   979.008	   958.067	   946.196	   956.549	   991.036	   1041.84	   1096.61	   1147.28	   1195.69	   1237.62	   1259.26	   1309.77	   1355.65	   1367.49	   1426.75	   1497.04	   1542.16	   1565.25	   1551.57	   1530.47	   1541.08	   1552.73	   1561.69	   1560.94	   1546.98	   1524.55	    1495.5	   1467.66	   1448.44	   1442.19	   1444.07	    1553.3	   1871.15	   1701.53	   1270.68	   1231.38	   1193.13	   1167.17	   1161.99	   1182.52	   1224.65	   1282.53	   1344.66	   1400.95	    1445.4	   1504.35	   1533.21	   1557.71	   1582.62	   1610.14	   1631.02	   1653.76	   1673.48	   1692.94	   1716.71	    1742.1	    1755.4	   1685.38	   1643.93	   1638.19	   1606.35	   1599.79	   1591.66	   1620.69	   1704.01	   1737.95	   1773.29	   1803.84	
   1033.85	   1062.76	   1075.47	   1067.84	   1048.83	   1024.94	   1014.95	   1024.95	   1059.72	   1111.65	   1167.53	    1218.8	   1265.66	   1286.75	   1332.34	   1383.37	   1408.21	   1464.22	   1529.05	   1586.55	   1615.08	   1606.68	   1593.08	   1604.53	   1614.05	   1624.76	   1632.54	   1628.72	   1611.87	    1586.3	   1553.82	   1522.69	   1500.68	      1492	   1638.05	    1981.3	   1796.89	   1366.02	    1331.3	   1290.85	    1251.4	   1224.78	   1219.91	   1241.99	   1286.75	   1348.11	      1414	   1473.84	   1521.24	   1583.94	   1615.05	   1641.59	    1668.6	   1698.39	    1721.2	   1745.98	   1767.61	   1788.96	   1814.89	   1842.53	   1857.39	   1784.08	   1740.94	   1735.58	   1702.54	   1696.26	   1688.31	   1719.77	   1808.88	   1845.64	   1883.92	
   1075.47	   1110.72	   1140.22	   1152.72	   1143.27	   1121.48	   1098.42	    1086.9	   1095.67	    1130.7	   1183.75	   1240.71	   1290.93	    1313.2	   1354.07	   1411.15	   1450.34	    1500.9	   1558.16	   1628.36	   1662.59	   1662.25	   1659.15	   1670.34	   1680.29	   1688.33	   1697.46	   1701.64	   1694.85	   1674.56	   1645.17	   1608.73	   1573.88	   1548.42	   1707.62	   2105.99	   1907.83	   1440.46	   1417.84	    1382.5	   1341.13	   1300.76	   1273.65	    1269.1	   1292.56	   1339.64	   1404.06	   1473.25	   1536.17	    1586.2	   1652.24	   1685.38	    1713.8	   1742.74	    1774.6	    1799.2	   1825.89	   1849.29	   1872.41	   1900.34	   1930.07	   1946.43	   1870.36	   1825.86	   1820.94	   1786.96	   1781.04	   1773.35	   1807.06	   1901.37	   1940.73	
   1118.54	    1152.5	   1188.65	   1218.95	    1230.9	   1219.23	   1198.02	   1172.14	   1157.89	   1165.16	   1200.12	   1253.89	   1310.34	    1333.9	   1372.46	   1437.86	    1491.4	   1534.91	   1585.86	   1666.74	   1705.25	    1714.8	   1723.79	   1736.22	    1746.9	   1756.43	   1763.86	   1770.26	   1772.91	   1764.18	   1741.32	   1709.08	   1669.68	    1631.9	   1775.15	   2216.89	   2026.13	   1521.43	   1510.58	   1487.45	   1450.94	   1408.04	   1366.15	   1338.12	   1333.75	   1358.79	   1408.68	   1476.85	   1550.05	   1616.72	   1669.87	   1739.93	   1775.39	   1805.92	   1837.02	   1871.22	   1897.78	   1926.56	   1951.88	   1976.92	   2007.04	   2039.07	   2056.97	   1977.18	    1930.7	   1926.04	   1890.62	   1884.86	   1877.23	   1913.41	   2013.79	
   1166.59	   1192.61	   1227.26	   1264.35	   1295.04	      1306	    1295.2	   1270.53	      1241	    1223.8	   1229.22	   1263.63	   1316.97	   1348.02	   1386.14	   1460.75	   1526.96	   1566.44	   1613.29	   1700.81	   1742.59	   1762.13	   1781.55	   1797.54	   1810.06	   1820.91	    1830.5	   1835.52	   1841.15	   1842.91	   1832.76	      1808	   1773.64	   1731.79	    1882.5	   2340.32	   2131.26	   1604.67	   1600.92	      1590	   1566.12	   1528.12	   1483.38	   1439.63	   1410.43	   1406.14	   1432.86	   1485.79	      1558	   1635.57	    1706.3	   1762.81	   1837.21	   1875.12	   1907.85	    1941.2	   1977.84	   2006.43	   2037.37	   2064.67	   2091.67	   2124.04	   2158.44	   2177.89	   2093.88	   2045.11	   2040.59	   2003.47	   1997.76	   1990.05	   2028.79	
    1223.9	   1235.79	   1261.94	   1297.11	   1334.69	   1365.25	   1378.04	   1363.39	   1335.18	   1301.91	   1281.56	   1284.82	   1318.16	   1350.69	   1396.58	   1477.87	   1552.35	   1593.54	   1642.59	   1730.04	   1774.09	   1804.17	   1829.81	   1851.54	   1869.14	   1883.35	   1895.82	   1904.34	   1910.17	   1916.71	   1919.18	   1909.33	   1884.39	   1849.37	   2019.41	   2511.96	   2248.31	   1678.54	    1671.4	   1668.14	    1657.4	   1633.12	   1594.09	   1547.98	   1502.84	   1472.85	   1468.86	   1497.25	   1553.02	      1629	   1710.66	   1785.21	   1844.97	    1923.5	   1963.89	   1998.89	   2034.56	   2073.72	   2104.45	   2137.67	   2167.09	    2196.2	   2230.98	   2267.89	   2289.09	   2201.54	   2150.96	   2146.89	   2108.51	   2103.15	   2095.68	
      1289	    1288.5	   1299.79	   1325.78	   1361.07	   1398.64	   1431.73	   1440.94	   1423.28	   1391.48	   1354.43	   1330.83	   1332.07	    1351.7	   1400.03	   1491.03	    1566.4	   1613.39	   1672.58	   1756.88	   1800.26	   1841.64	   1870.29	   1899.37	   1925.48	   1947.62	   1966.34	   1980.24	    1992.7	   2002.53	   2013.14	   2019.65	   2013.41	   1991.22	   2186.76	   2721.48	   2414.65	   1765.23	   1748.05	   1741.33	   1738.63	   1728.11	   1703.47	   1663.41	   1615.88	   1569.34	   1538.59	   1534.97	   1565.17	   1624.03	   1704.07	   1790.13	   1868.85	   1932.13	   2015.14	   2058.26	   2095.76	      2134	   2175.93	   2209.05	   2244.81	   2276.59	   2308.08	   2345.52	   2385.23	   2408.43	   2317.17	   2264.76	   2261.28	   2221.64	   2216.75	
   1359.82	   1351.01	   1349.61	   1360.07	    1385.8	   1421.05	   1461.52	   1491.63	   1499.07	    1478.5	   1443.23	   1402.56	   1376.42	   1372.21	   1407.45	   1497.35	   1574.52	   1626.82	   1700.62	   1782.91	    1826.9	   1877.65	    1907.3	   1943.99	   1978.29	   2009.87	   2037.47	   2057.89	   2076.64	   2094.11	   2108.89	   2124.71	   2136.46	   2134.75	   2384.23	   2971.81	   2618.88	   1889.27	   1855.44	      1838	   1831.52	   1829.24	   1818.74	   1793.34	   1751.67	   1702.11	   1653.56	   1621.63	   1618.24	   1650.51	   1713.04	   1797.96	   1889.29	   1972.93	   2040.34	   2128.62	   2174.82	   2215.12	   2256.23	   2301.27	      2337	   2375.55	    2409.9	   2443.95	   2484.31	   2527.08	   2552.37	   2456.32	   2401.39	   2398.32	   2356.87	
   1426.81	   1421.98	   1412.51	   1410.21	   1420.23	   1446.05	   1484.71	   1523.46	   1553.36	   1559.55	   1536.54	   1498.24	   1455.01	   1431.11	    1439.7	    1508.7	   1577.54	   1640.36	   1725.97	   1808.81	   1858.89	   1919.05	   1946.51	   1990.51	   2032.24	   2071.82	   2108.71	   2137.01	   2161.99	   2185.44	    2207.6	   2227.11	   2247.98	   2264.59	   2569.57	   3255.93	   2860.53	   2039.53	   1992.27	   1957.16	   1939.29	   1932.95	   1931.04	   1920.41	   1894.04	   1850.46	   1798.54	   1747.66	   1714.29	   1711.08	   1745.59	   1812.11	   1902.37	   1999.47	   2088.48	   2160.36	   2254.39	   2303.88	   2347.16	   2391.31	   2439.65	   2478.14	   2519.62	   2556.66	   2593.39	   2636.83	   2682.82	   2710.26	   2608.81	   2550.99	   2548.22	
   1480.21	   1490.94	   1486.55	   1476.67	   1474.24	    1484.6	   1514.49	   1553.37	   1593.49	   1624.29	   1630.24	   1605.65	   1565.69	    1529.9	   1513.36	   1546.11	      1590	   1653.24	   1751.64	   1835.49	   1897.11	   1968.03	   1994.29	   2044.24	   2093.97	   2141.68	   2187.32	   2224.86	   2258.46	   2288.77	   2317.54	   2345.17	   2370.25	   2396.83	   2726.22	   3532.76	   3133.89	   2221.35	   2170.47	   2121.61	   2085.57	   2067.82	   2062.34	   2061.55	   2051.41	   2024.42	      1979	    1924.6	   1871.21	   1836.51	   1834.09	    1872.1	    1944.5	   2042.45	   2147.86	   2244.68	   2323.18	   2425.58	   2480.15	   2528.05	   2576.94	   2630.37	    2673.2	   2719.29	   2760.59	   2801.56	    2849.8	   2900.79	   2931.72	   2823.17	   2761.72	
   1507.04	   1547.01	   1559.98	   1556.47	   1547.17	   1545.61	    1560.6	   1592.74	   1634.44	   1677.46	   1710.69	   1717.77	   1693.38	   1662.75	   1626.89	   1625.81	   1633.95	   1677.49	   1772.89	   1865.56	   1940.17	   2021.38	   2050.28	    2106.7	   2161.29	   2215.92	   2268.51	   2312.89	   2354.47	   2392.05	   2426.16	   2458.79	   2490.42	   2519.35	   2873.19	   3753.24	   3368.52	   2414.19	   2372.12	   2319.51	   2268.92	   2231.96	   2214.51	   2210.16	   2210.77	   2201.35	   2173.82	   2126.45	   2069.35	   2013.24	   1977.17	   1975.82	   2018.02	   2097.37	   2204.39	   2319.59	   2425.66	   2512.03	   2624.36	   2685.02	   2738.53	   2793.14	   2852.73	   2900.86	   2952.55	   2999.08	   3045.27	   3099.36	   3156.49	   3191.79	   3075.14	
   1508.35	   1575.87	   1620.44	   1636.07	   1634.42	   1626.65	   1630.23	   1648.85	   1684.68	   1730.71	   1778.22	   1815.44	   1825.81	   1808.84	   1770.74	   1744.25	    1724.9	   1733.56	   1800.32	   1892.17	   1987.43	    2073.9	   2107.93	    2174.2	   2234.42	   2292.89	   2351.43	   2401.28	   2448.58	   2493.02	   2533.18	   2569.78	   2604.96	   2639.03	   3024.16	    3941.8	   3545.14	   2589.79	   2559.23	   2516.19	   2461.87	   2409.61	   2371.76	   2354.58	   2351.26	   2353.23	   2344.52	   2316.51	   2267.32	   2207.67	   2149.03	   2111.71	   2111.44	   2157.73	   2243.82	   2359.63	   2484.32	   2599.37	   2693.42	   2815.43	   2882.11	   2941.16	   3001.47	   3067.17	    3120.6	    3177.9	   3229.68	   3281.13	   3341.13	   3404.42	    3444.2	
   1486.37	   1577.88	   1651.69	   1700.87	   1719.78	   1720.52	   1718.16	   1726.23	   1748.32	   1788.71	      1840	   1892.99	   1935.63	   1949.56	   1919.87	   1889.98	      1857	   1836.19	   1856.04	   1924.85	   2027.57	   2122.58	   2159.83	   2239.03	   2309.93	   2374.62	   2437.48	   2493.68	   2547.09	   2597.89	   2645.63	   2688.94	   2728.61	   2766.75	   3175.18	    4120.6	   3709.73	   2748.47	   2737.37	   2706.54	   2662.43	   2606.31	   2552.31	   2513.48	   2496.48	   2494.18	   2497.48	   2489.47	   2460.94	   2409.87	   2347.63	   2286.39	   2247.79	   2248.58	      2299	   2391.88	   2516.55	   2650.82	   2774.92	   2876.71	   3008.48	    3081.2	   3145.84	   3211.86	   3283.71	   3342.46	    3405.4	   3462.45	   3519.17	   3585.09	   3654.57	
   1461.28	   1554.74	   1653.18	   1732.61	   1786.37	   1808.39	   1814.85	    1817.1	   1827.69	   1853.12	   1897.96	   1954.41	   2012.09	   2053.76	   2055.07	   2037.24	   2015.49	   1978.12	   1957.88	   1985.96	   2066.65	   2155.82	   2203.36	   2291.41	   2374.62	   2449.16	    2517.1	   2576.03	   2634.56	   2690.18	   2742.94	   2792.52	    2837.5	   2878.57	   3319.22	   4275.49	   3863.31	   2902.26	   2909.63	   2899.24	    2867.9	   2822.42	   2764.16	   2708.07	   2667.98	   2651.04	   2649.69	   2654.32	   2646.91	   2617.69	   2564.45	   2499.27	   2435.11	   2394.99	   2396.83	   2451.59	   2551.69	   2685.79	   2830.26	   2963.98	   3073.97	   3216.09	   3295.17	   3365.65	   3437.66	   3515.95	   3580.24	   3649.06	   3711.59	   3773.79	   3845.87	
   1458.23	    1527.7	   1626.97	   1731.07	   1815.38	   1872.82	   1900.74	   1911.78	   1915.16	   1927.31	   1955.04	   2003.18	   2061.04	   2114.64	   2149.03	   2169.14	   2170.78	   2142.98	    2100.9	   2093.39	   2125.93	    2183.2	   2229.07	   2329.44	   2420.44	   2506.33	   2582.98	   2645.19	   2704.86	   2764.07	   2820.06	   2873.02	   2922.65	   2967.31	   3446.47	   4416.65	   4002.74	   3042.55	   3056.48	   3065.34	   3055.46	   3023.45	   2976.51	   2916.01	   2857.71	   2816.28	   2799.27	   2798.72	    2804.5	   2797.56	   2767.56	   2712.15	   2644.08	   2577.02	   2535.37	   2538.13	   2596.94	   2703.83	   2846.84	   3000.93	   3143.71	   3261.41	   3413.27	   3498.29	   3574.23	   3651.82	   3736.13	   3805.59	   3879.88	   3947.52	   4014.81	
   1508.17	   1523.67	   1596.42	   1700.04	   1808.66	   1896.53	   1960.14	   1992.96	   2004.09	    2007.2	   2019.42	   2047.86	   2092.57	    2146.9	   2202.66	   2262.09	   2305.54	   2301.14	   2271.73	   2242.53	   2225.07	   2231.92	   2251.15	   2351.01	   2458.17	   2555.74	   2648.08	   2723.31	   2790.68	   2855.53	   2919.95	   2981.13	   3039.31	      3094	   3580.79	   4602.69	   4182.81	   3194.14	   3206.53	   3222.33	   3232.77	   3223.41	   3190.71	   3142.17	   3079.25	   3018.62	   2975.78	   2958.73	   2959.11	   2966.18	   2959.82	   2929.05	   2871.36	   2800.23	   2730.13	    2686.9	   2690.73	   2753.99	   2868.31	   3021.05	   3185.65	   3338.37	   3464.53	   3627.09	    3718.7	   3800.71	   3884.53	   3975.54	   4050.79	   4131.23	    4204.6	
   1612.35	   1574.88	      1590	   1664.82	   1771.69	   1883.58	   1977.53	   2047.12	   2079.56	   2089.38	   2090.81	   2101.63	   2121.86	    2167.5	   2235.89	    2319.5	   2396.08	   2435.97	   2441.06	   2419.25	   2359.92	   2325.14	   2299.64	   2372.02	   2480.95	   2598.04	   2705.41	   2800.41	    2884.6	   2960.82	   3034.59	   3108.23	   3178.78	   3246.32	   3732.94	   4803.36	   4393.77	   3360.22	   3377.97	   3392.03	   3409.69	   3421.67	   3412.69	   3378.95	   3328.38	   3262.55	   3199.12	   3154.54	   3137.31	   3138.57	   3146.94	   3141.08	   3109.32	   3048.97	   2974.31	   2900.69	   2855.61	   2860.52	   2928.65	   3051.15	    3214.6	   3390.79	   3554.44	   3689.91	   3864.25	   3963.08	   4051.73	   4142.38	   4240.74	   4322.34	   4409.52	
   1750.56	   1681.57	   1640.63	   1654.68	   1730.76	   1839.94	   1957.84	   2058.59	   2128.19	   2159.14	   2166.58	   2165.28	   2164.87	   2193.06	   2264.16	   2358.59	   2444.78	   2521.14	   2587.55	   2588.96	   2514.45	   2456.98	    2395.8	   2417.08	   2494.35	   2610.15	   2734.66	   2842.77	   2944.09	   3034.22	   3116.02	   3195.41	   3274.83	   3351.03	   3879.91	   4978.96	   4557.21	   3504.94	    3525.9	   3545.28	   3560.79	   3580.07	   3593.39	   3584.67	   3549.89	   3497.42	    3428.9	   3362.89	    3316.7	   3299.29	   3301.32	   3310.86	   3305.43	   3272.75	   3209.97	    3132.1	    3055.3	   3008.52	   3014.41	   3086.96	   3216.86	   3390.04	   3576.75	   3750.32	   3894.24	   4079.29	   4184.68	   4279.39	   4376.24	    4481.3	   4568.68	
    1892.2	   1821.92	   1748.03	   1703.53	   1716.15	   1792.99	   1907.58	   2032.68	   2134.08	   2203.02	   2231.89	   2236.42	   2223.35	   2238.74	   2300.25	   2390.88	    2470.1	    2558.5	   2678.03	    2726.2	    2654.2	   2608.93	   2530.42	   2509.73	   2534.46	   2617.97	   2742.05	    2870.8	   2987.05	   3096.43	   3194.21	   3283.47	   3370.43	   3457.56	   4012.04	   5164.61	   4714.43	   3624.25	   3647.05	   3669.49	   3690.28	   3707.04	   3727.74	    3742.2	   3733.67	   3697.99	   3643.88	   3573.05	   3504.85	    3457.3	   3439.75	   3442.49	   3453.08	   3448.07	   3414.65	   3349.81	   3269.19	   3189.68	   3141.48	   3148.29	   3224.73	   3361.16	   3542.87	   3738.83	   3921.13	   4072.52	      4267	   4378.23	   4478.32	   4580.72	   4691.75	
   2002.62	   1963.28	    1888.7	   1810.34	   1762.49	   1773.78	   1854.97	   1976.15	   2102.91	   2204.91	    2273.2	   2300.08	   2294.86	   2304.18	   2355.95	   2427.55	   2487.44	    2570.4	   2713.05	   2798.69	   2760.05	   2746.15	   2684.03	   2643.05	    2626.6	   2657.71	   2750.63	   2883.86	   3024.99	   3153.49	   3275.16	   3385.05	   3486.35	   3585.56	   4122.57	   5299.73	   4872.79	   3764.46	   3794.35	   3818.64	   3842.53	   3864.69	   3882.63	   3904.67	   3920.15	   3911.54	   3874.48	   3818.11	   3744.25	   3673.15	   3623.68	   3605.67	   3608.94	   3620.45	   3615.63	   3581.02	   3513.45	   3429.32	   3346.33	   3296.19	   3303.76	   3384.43	    3528.1	   3719.35	   3925.63	   4117.63	   4277.21	   4482.12	   4599.61	   4705.44	   4813.72	
   2049.17	   2067.99	   2026.76	   1948.63	   1866.64	   1816.17	   1830.17	   1916.14	   2039.46	   2168.31	   2271.47	   2339.81	   2360.85	   2382.29	   2426.44	   2479.48	   2510.66	    2575.2	   2716.65	   2811.23	   2805.67	   2849.12	   2820.32	   2792.53	   2752.47	   2737.93	   2772.95	   2871.84	   3013.55	   3163.79	   3301.02	   3431.36	   3549.62	   3659.05	   4233.83	   5402.56	   4970.65	   3895.13	   3935.98	   3968.99	   3996.14	   4022.88	   4047.83	   4068.34	   4093.12	   4111.02	   4103.67	   4066.45	   4008.96	   3933.05	   3859.96	   3809.58	   3792.24	   3797.28	   3811.01	   3807.55	   3772.71	    3703.1	   3615.98	   3529.98	   3478.56	   3488.03	   3574.72	   3728.05	   3931.83	   4151.66	   4356.57	   4527.33	   4746.22	   4872.67	   4986.86	
   2097.32	   2106.44	   2126.34	   2083.54	   2002.77	   1918.04	   1869.15	   1885.13	   1972.86	   2098.89	   2230.46	   2335.55	   2402.39	   2451.34	   2503.11	   2542.75	   2553.17	    2589.9	   2711.47	    2793.9	   2800.74	   2892.46	   2921.24	    2923.2	   2894.62	   2853.33	   2838.49	   2875.65	    2978.3	    3125.4	   3281.32	   3423.77	   3559.15	   3681.99	   4308.13	   5527.43	   5059.73	   3973.93	   4019.68	   4064.46	   4101.16	   4131.84	   4162.12	   4190.55	   4214.38	   4242.66	   4263.83	   4258.82	   4222.83	   4165.72	   4089.37	   4015.88	   3965.92	   3950.34	   3958.07	   3974.88	   3973.78	    3939.9	   3869.65	   3780.99	   3693.38	   3641.87	   3654.08	   3747.26	   3910.46	   4126.81	   4360.29	   4578.37	   4760.79	   4994.09	   5130.32	
   2150.11	   2151.34	   2161.98	   2182.61	   2138.86	   2056.08	   1972.56	   1923.52	   1939.97	   2030.12	   2159.57	   2294.71	   2401.73	   2495.25	   2568.26	   2614.04	   2615.46	   2632.82	   2721.65	   2776.08	   2779.55	   2891.24	   2966.89	   3028.02	   3033.55	   3007.33	   2967.77	   2956.82	   2998.75	   3109.14	    3266.2	   3432.81	   3585.68	   3731.39	   4337.45	   5615.03	   5194.36	   4067.76	   4132.38	   4193.53	   4253.91	   4306.04	   4352.02	   4397.71	   4441.55	   4480.63	   4524.55	   4561.01	    4569.5	   4544.54	   4496.48	   4427.16	   4360.38	   4318.71	    4314.2	   4335.07	   4365.88	   4377.01	   4351.84	    4286.1	   4199.39	   4113.24	   4066.79	   4091.29	   4206.68	   4401.34	   4656.85	   4932.87	   5192.65	   5412.99	   5692.21	
   2114.04	   2200.44	   2203.72	    2215.9	   2238.35	   2194.73	   2114.26	   2030.81	    1981.5	   1999.55	   2093.48	      2228	   2367.73	   2498.36	   2609.56	   2679.06	   2696.38	    2706.6	      2770	   2784.82	   2771.18	    2882.9	    2976.3	   3087.41	   3155.25	   3165.18	   3141.88	   3105.78	   3098.11	   3145.89	   3265.68	   3434.82	   3614.41	   3779.86	   4370.07	   5674.99	   5312.83	   4164.76	    4253.5	   4333.67	   4410.43	   4486.62	   4554.33	   4615.68	   4676.83	   4736.14	    4790.5	   4850.16	   4901.99	   4923.76	   4909.28	   4869.52	   4806.29	   4745.34	   4711.31	   4717.58	   4751.54	   4796.43	   4819.66	   4802.78	   4740.76	   4655.06	   4569.43	   4527.46	   4564.32	   4702.78	   4930.47	    5227.2	   5548.01	   5851.57	   6111.58	
   2054.25	   2161.52	   2252.39	   2258.14	   2273.04	   2298.56	   2259.36	   2181.23	   2097.58	      2049	   2069.92	    2169.4	    2309.2	   2468.17	    2610.7	   2724.27	   2778.31	   2807.19	    2857.6	   2840.09	   2797.01	   2893.91	   2984.97	   3113.14	   3229.88	   3301.35	   3312.16	   3289.21	   3251.64	   3243.86	   3294.14	   3419.87	   3597.36	   3785.78	   4387.88	   5719.57	   5385.93	    4238.2	   4328.43	   4422.03	   4506.74	   4587.94	   4668.57	   4740.39	   4805.59	   4870.61	   4933.76	   4991.79	   5055.46	      5111	    5135.2	   5121.58	   5081.57	   5017.02	   4954.83	   4920.72	   4928.72	   4965.66	   5014.06	   5039.84	   5023.69	    4960.3	   4872.08	   4783.88	   4741.35	   4781.37	   4927.89	   5168.02	    5480.7	   5818.81	   6139.01	
   1993.47	    2103.3	   2215.34	   2311.68	   2320.74	   2339.29	   2371.95	   2339.24	    2261.7	   2178.24	   2130.98	    2155.8	   2258.28	   2411.18	   2577.29	    2728.7	   2841.22	   2911.34	   2976.17	    2937.8	   2870.97	   2941.95	   3015.34	   3137.33	   3270.17	   3390.86	   3463.89	   3473.32	   3447.09	   3405.59	   3395.33	   3445.89	   3575.35	   3758.73	   4378.14	   5719.79	    5424.3	      4299	   4392.01	   4487.24	   4585.99	   4675.57	   4761.56	   4846.99	   4923.27	   4992.72	   5062.04	   5129.46	    5191.7	   5259.86	   5319.58	   5346.69	   5334.44	   5294.65	   5229.25	   5166.26	   5132.54	   5142.73	   5183.16	   5235.58	   5264.43	   5249.48	   5185.13	   5094.77	   5004.36	   4961.68	   5005.38	   5160.66	   5414.12	   5743.79	   6100.36	
   1928.74	   2045.59	   2159.77	   2278.23	   2380.86	   2393.71	   2419.41	   2463.44	   2433.16	   2356.25	   2272.99	   2227.21	   2250.42	   2358.04	   2512.67	   2693.13	   2856.65	   2991.46	    3094.9	   3063.03	   2983.07	   3036.41	   3079.96	   3177.33	   3302.06	   3437.95	    3560.8	   3631.87	   3637.54	    3605.9	   3558.37	   3543.61	   3592.37	   3723.24	   4329.38	   5682.64	   5418.79	   4330.73	   4441.07	   4539.17	   4639.62	   4743.78	   4838.52	   4929.57	   5020.07	   5101.15	   5175.22	    5249.2	    5321.4	   5388.26	   5461.31	   5525.65	   5556.13	   5545.69	    5506.6	   5440.83	    5377.5	   5344.61	   5357.44	   5401.82	   5458.74	   5491.12	   5477.82	   5412.94	   5320.84	    5228.6	   5186.17	   5234.04	   5398.67	    5666.2	   6013.75	
    1616.7	   1981.76	   2102.66	   2223.06	   2348.22	   2457.36	   2476.78	   2513.78	   2562.78	   2534.75	   2458.15	   2374.76	    2323.9	   2342.44	   2445.15	   2616.71	   2819.89	   3011.07	   3177.72	   3177.64	   3112.32	   3160.89	   3182.79	   3241.32	   3339.13	   3465.43	   3603.08	   3722.96	   3792.08	   3792.81	   3754.66	   3700.11	    3679.8	   3725.47	   4270.11	   5593.63	      5376	   4325.89	   4469.66	   4597.15	   4712.57	   4831.03	   4953.99	   5067.66	      5178	    5288.3	   5389.19	   5483.14	   5577.58	   5670.55	   5758.26	   5852.99	   5938.79	   5988.48	   5994.09	   5968.57	   5913.78	   5861.27	   5841.63	   5871.91	   5936.94	   6016.06	    6068.4	    6070.3	   6014.79	   5928.53	   5841.53	   5809.76	   5879.15	   6080.31	   6398.64	
   1320.31	   1653.86	   2028.99	   2155.63	    2282.1	    2413.8	   2532.11	    2559.6	   2601.15	   2655.25	   2629.74	   2553.83	   2467.44	    2403.1	   2409.12	   2528.96	   2729.74	   2963.63	   3183.76	   3242.29	   3217.53	   3290.42	   3303.94	   3332.22	   3389.22	    3487.1	   3614.41	   3746.68	   3866.62	   3933.59	   3929.47	   3885.11	   3823.94	   3798.28	   4253.15	   5490.08	   5282.24	   4289.63	   4458.46	   4619.23	   4763.84	   4896.55	      5033	    5174.7	   5307.23	   5436.78	   5566.82	   5687.45	   5801.34	   5916.16	   6029.84	   6138.31	   6254.68	   6361.88	   6430.65	   6452.13	   6439.96	   6395.92	   6353.99	   6347.44	   6395.11	   6480.79	   6582.14	   6654.44	   6671.49	   6625.22	   6544.65	   6462.75	    6441.6	   6532.61	   6770.62	
   1048.65	    1339.5	   1681.03	   2065.16	   2197.04	   2329.13	   2469.51	   2592.29	   2624.07	   2670.39	   2729.77	   2707.39	   2635.84	   2528.95	   2445.91	   2468.81	   2621.56	   2852.22	   3110.35	   3219.31	   3261.94	   3383.83	    3419.4	   3432.29	   3458.62	   3514.66	   3612.87	   3731.84	   3865.13	   3985.48	   4051.01	   4043.23	   3994.07	   3927.69	   4315.21	   5439.74	   5172.89	   4210.94	   4402.56	   4576.66	   4742.51	   4891.82	   5028.94	   5169.91	   5316.29	   5453.28	   5587.25	   5721.76	   5846.79	   5964.91	   6084.03	   6202.02	   6314.69	   6435.53	   6546.97	   6618.89	   6642.14	   6630.74	   6586.52	   6544.47	   6538.89	   6589.19	    6678.7	   6784.42	   6860.25	   6879.14	   6832.74	   6750.96	   6667.78	   6647.26	   6742.51	
   808.737	   1055.51	   1353.41	   1700.16	   2090.92	   2227.29	   2366.69	   2502.14	   2630.44	   2666.44	   2717.38	   2781.82	   2774.54	   2676.41	   2546.46	   2482.56	   2541.84	   2720.43	   2968.47	   3114.38	   3215.12	   3408.97	   3492.45	   3522.67	   3534.29	   3559.71	    3615.6	   3702.83	   3823.08	   3957.88	   4079.29	   4144.45	   4134.51	   4082.25	   4439.15	   5488.39	   5111.74	   4118.07	   4302.58	   4499.91	   4679.42	   4850.59	   5004.92	   5146.86	    5292.8	   5444.36	   5586.38	   5725.39	   5865.19	   5995.35	    6118.5	   6242.76	   6365.93	   6483.73	   6609.99	   6726.68	    6802.8	   6828.93	   6819.44	   6776.19	   6735.15	   6731.64	   6785.71	   6880.25	   6991.57	   7072.16	    7094.1	   7048.72	   6966.79	   6883.37	   6864.61	
   604.873	   808.326	   1062.04	   1362.24	   1712.27	   2107.48	   2249.95	   2375.21	   2515.13	   2648.18	   2688.17	   2743.43	   2832.37	   2792.83	   2668.15	   2561.86	   2540.35	   2620.43	   2809.03	   2945.34	   3089.39	    3340.4	   3495.95	   3570.88	   3601.11	   3612.38	    3637.7	    3680.7	   3768.94	   3890.78	   4027.39	   4150.31	   4215.92	   4205.04	   4588.35	   5612.47	   5141.18	   4061.75	   4187.61	   4377.26	   4580.11	   4764.96	   4941.46	   5100.93	   5247.84	   5398.97	   5555.94	   5703.31	   5847.89	   5993.39	   6129.15	   6257.84	   6387.77	    6516.7	   6640.24	   6772.56	   6895.18	    6976.3	    7006.2	   6999.54	   6958.22	   6919.14	   6918.63	   6977.34	   7077.75	   7195.56	   7281.85	   7307.81	   7264.41	    7183.3	   7100.58	
   438.699	   601.629	   812.146	   1066.38	   1367.66	    1719.5	   2119.88	   2244.11	   2372.51	   2515.94	    2652.8	   2696.21	   2777.61	   2829.02	   2759.57	   2663.45	   2607.61	   2604.51	   2687.86	   2766.05	   2906.08	   3194.92	      3408	   3552.75	   3628.59	   3659.12	   3670.43	    3681.5	   3724.92	   3814.17	   3937.44	   4075.67	   4200.02	   4266.28	   4698.39	    5764.2	   5238.08	   4075.33	   4108.51	   4237.52	   4431.24	   4638.47	   4827.59	   5008.36	   5171.95	   5322.91	   5478.25	   5639.64	   5791.57	   5940.76	   6090.99	   6231.39	   6364.71	   6499.38	   6633.14	    6761.5	   6898.91	   7026.54	   7111.94	   7145.14	   7141.09	   7101.64	   7064.46	   7066.67	   7129.42	   7234.88	   7358.22	   7449.43	   7478.98	   7437.54	   7357.45	
   308.782	   435.811	   605.299	   815.751	   1070.23	   1372.17	    1727.8	   2114.94	   2241.38	   2372.24	   2518.43	    2658.3	   2720.09	   2760.59	   2781.33	   2745.49	    2707.3	   2670.63	   2666.25	   2641.12	   2728.51	   3004.96	   3256.78	    3456.4	   3601.62	   3677.12	   3706.82	   3700.99	   3710.98	    3753.6	   3842.41	   3965.48	   4103.54	   4227.51	   4736.54	   5862.15	   5356.83	   4139.77	    4098.1	   4132.67	   4263.77	   4460.15	   4670.23	   4862.14	   5045.72	   5212.07	   5365.77	   5523.97	   5688.57	    5843.7	   5996.12	   6149.65	   6293.33	   6429.93	   6567.97	   6705.16	   6836.98	   6978.03	   7109.26	   7197.81	   7233.56	   7231.59	   7193.77	   7158.25	   7162.63	   7228.44	   7337.62	   7465.03	   7559.92	   7592.29	    7552.6	
   210.796	   306.635	   438.594	   607.802	   818.046	   1072.46	   1377.19	   1732.23	   2120.14	    2247.7	   2379.82	   2527.43	   2668.59	   2687.91	   2700.18	   2756.27	   2781.98	   2767.61	   2727.78	   2614.86	   2602.84	   2818.21	   3058.52	   3294.75	   3493.86	   3637.99	   3711.83	   3720.88	   3712.84	   3720.69	   3761.27	   3848.12	    3969.2	   4105.15	    4661.4	   5866.32	   5421.17	   4218.28	   4136.36	   4095.94	   4131.81	   4264.36	   4462.36	   4674.18	    4867.9	   5053.37	   5221.66	   5377.37	   5537.91	   5704.96	   5862.57	   6017.53	   6173.69	   6320.03	   6459.32	   6600.16	   6740.22	   6874.97	   7019.08	   7153.39	   7244.82	   7283.12	   7283.45	   7247.66	   7214.16	    7220.9	    7289.6	   7402.12	   7533.14	   7631.43	   7666.65	
   140.011	   215.065	   309.007	   440.814	   609.693	    819.37	   1075.62	   1396.52	    1749.7	   2135.19	   2260.92	   2391.02	   2515.27	   2613.06	    2605.8	   2652.75	    2768.9	   2825.78	   2808.48	   2658.22	   2561.49	   2672.65	   2852.48	   3075.02	   3309.57	    3506.8	   3648.92	   3698.58	    3705.7	   3695.78	   3701.69	   3740.18	    3824.7	   3943.17	   4493.11	    5727.5	   5394.59	   4250.41	   4185.68	   4105.83	   4067.19	   4104.39	   4237.82	   4436.46	      4649	   4843.63	   5030.17	   5199.73	   5357.11	    5519.4	   5688.28	   5847.83	   6004.82	    6163.1	   6311.67	    6453.3	   6596.56	   6739.15	   6876.51	   7023.34	   7160.47	   7254.73	   7295.82	   7298.87	    7265.7	   7234.82	   7244.29	   7315.99	   7431.75	   7566.18	   7667.84	
   89.7485	   143.828	   219.171	   307.999	   438.944	   606.445	     816.8	    1106.5	   1423.09	   1770.78	   2149.47	   2270.67	   2353.95	   2438.53	   2508.82	   2535.94	   2640.12	   2794.02	   2848.05	   2718.46	   2587.25	   2613.79	   2689.75	   2849.71	   3069.12	   3300.24	   3494.19	   3607.02	    3654.6	   3660.06	   3648.65	    3652.9	   3689.33	   3771.17	   4281.56	   5473.48	   5233.19	   4207.81	   4185.33	   4122.82	   4045.35	   4008.49	    4046.5	   4179.54	   4377.07	   4588.44	   4782.22	   4968.11	    5137.6	   5295.11	   5457.57	   5626.62	    5786.5	   5943.93	   6102.71	   6251.95	   6394.38	   6538.52	   6682.08	   6820.53	   6968.47	   7106.85	   7202.75	   7245.88	   7251.23	   7220.58	   7192.19	   7203.92	   7277.58	   7395.16	   7531.42	
   54.9339	   92.6411	   144.838	     219.1	   301.892	   430.541	   597.493	   855.016	   1137.97	   1446.44	   1784.43	   2151.69	    2208.3	   2258.21	   2317.38	   2417.45	   2499.17	   2645.98	   2795.84	   2736.79	   2627.25	   2621.82	   2617.54	   2668.91	   2825.19	   3039.78	   3265.72	   3424.31	   3533.87	   3579.33	   3583.43	   3570.99	    3573.9	   3608.32	   4059.76	   5167.58	   4964.67	   4057.24	   4108.41	   4087.59	   4027.57	   3952.88	    3917.9	   3956.19	   4087.58	   4282.22	    4490.5	   4681.64	   4865.44	   5033.23	   5189.36	   5350.39	   5517.94	   5676.57	   5832.86	   5990.52	   6138.89	   6280.65	   6424.14	   6567.14	    6705.2	   6852.66	   6990.79	   7087.18	   7131.66	   7138.95	   7110.79	   7084.84	   7098.44	   7173.11	   7291.13	
   31.9806	   57.7715	   92.6804	    143.58	   215.871	   291.729	   419.108	    640.61	   889.705	   1162.24	   1458.57	   1782.44	   2065.95	   2095.74	   2123.46	   2210.11	   2358.47	   2486.12	   2627.56	   2665.58	   2624.42	    2641.6	   2612.17	   2576.94	   2626.28	   2777.72	   2985.82	   3170.44	   3323.92	   3429.63	   3472.96	   3476.06	   3463.08	   3465.01	   3848.64	   4850.99	   4648.61	   3821.98	    3924.4	   3974.92	   3955.66	   3898.39	   3826.84	   3793.78	   3831.78	   3960.14	   4149.95	   4353.07	   4539.95	   4719.76	   4884.08	   5037.11	   5194.95	   5359.19	   5514.79	   5668.16	   5822.93	   5968.71	   6108.11	   6249.26	   6389.99	   6525.96	   6671.15	   6807.31	   6902.86	   6947.86	   6956.63	   6930.84	   6907.21	   6922.15	   6996.67	
    17.552	   34.6425	   57.8975	   91.4126	   140.222	   209.466	   278.458	   462.795	   674.168	   910.972	   1169.53	   1450.08	   1687.59	   1939.35	   1949.71	   2004.02	   2133.85	   2326.49	   2447.78	   2483.87	   2534.21	   2615.59	   2617.43	   2547.74	   2513.36	   2560.48	   2705.96	   2869.18	   3046.61	   3193.98	   3295.31	   3336.54	   3339.02	   3326.01	   3659.04	   4549.15	   4323.36	    3549.6	   3658.67	    3757.7	   3806.97	   3789.26	   3735.05	   3667.09	   3636.06	   3673.26	   3797.29	    3980.4	   4176.71	   4357.47	   4531.48	   4690.64	   4838.97	   4991.97	   5151.15	   5302.07	   5450.87	   5601.07	   5742.65	   5878.15	   6015.38	   6152.25	   6284.59	   6425.85	   6558.47	   6651.98	   6696.79	   6706.68	   6683.24	   6661.88	   6677.73	
   9.01019	   20.2751	   36.0294	   57.9103	   89.4418	    135.36	    201.26	   318.415	   491.575	   689.585	    911.27	   1153.12	   1353.57	   1565.88	   1784.82	   1820.64	   1914.47	   2085.29	   2267.93	   2291.26	   2338.93	   2500.71	   2576.44	   2524.67	   2458.09	   2425.17	   2469.94	   2571.47	   2726.96	   2895.99	   3036.35	   3132.82	   3171.99	   3174.24	   3474.54	   4274.64	   4012.15	   3270.48	   3359.22	   3463.35	   3557.99	   3605.42	   3589.28	   3538.45	   3474.54	   3445.67	   3481.61	   3600.05	   3775.05	   3962.63	   4135.46	   4301.93	   4454.29	   4596.39	   4742.95	   4895.42	   5040.05	   5182.71	   5326.74	   5462.61	   5592.72	   5724.52	   5856.02	   5983.25	   6119.01	   6246.58	   6336.93	   6380.88	   6391.56	   6370.47	   6351.34	
   4.31746	   11.6304	   23.1009	   37.6117	   57.7892	   86.8967	    129.89	   231.959	   340.194	   499.897	   682.618	   887.264	   1061.71	   1241.36	   1424.63	   1648.65	    1720.5	   1849.85	   2009.59	   2098.07	   2133.12	   2281.89	    2448.4	   2452.68	   2404.07	    2341.5	   2310.62	   2319.02	   2414.92	   2561.68	   2721.22	   2853.76	   2944.94	   2982.12	   3277.41	   4007.87	   3726.09	   3002.78	   3056.16	   3139.86	   3238.01	   3327.28	   3372.32	   3357.73	    3310.6	   3251.16	   3224.57	   3258.79	   3370.85	   3536.01	   3713.01	    3876.2	   4033.43	   4177.43	   4311.82	   4450.41	   4594.57	    4731.4	    4866.4	   5002.72	    5131.4	    5254.7	   5379.62	   5504.28	   5624.96	   5753.71	   5874.78	   5960.86	    6003.3	   6014.43	   5995.64	
   1.93477	    6.2633	   14.6932	   25.0493	   38.1759	   56.4605	   83.1732	   150.065	   242.823	   341.016	   486.142	   652.354	   806.071	   962.237	   1116.16	   1300.65	   1540.19	   1638.44	   1757.15	   1832.86	   1925.89	   2052.22	   2220.72	   2294.12	   2298.56	   2253.81	   2196.04	   2141.38	    2149.7	   2239.47	   2376.63	   2525.74	   2649.76	    2735.3	   3040.11	   3728.67	   3447.95	   2754.98	   2767.05	    2816.8	    2894.6	   2985.79	   3068.79	   3110.87	    3097.8	   3054.58	   2999.96	   2975.73	    3008.2	   3112.72	   3266.42	    3431.1	      3583	   3729.39	   3863.54	   3988.79	   4117.94	   4252.27	   4379.83	   4505.71	   4632.83	   4752.89	   4867.99	    4984.6	      5101	   5213.73	   5333.96	   5447.11	   5527.81	   5568.04	   5579.22	
   1.03032	   12.7092	   26.9346	   47.0532	   73.9034	   109.165	   159.015	    245.47	   389.878	   608.299	   890.785	   1279.21	   1746.26	   2287.81	   2875.95	    3560.3	   4395.37	    5368.2	   6237.12	   6846.94	   7472.76	   8385.97	      9135	   9855.07	   10516.4	     11048	   11417.9	   11651.9	   11777.2	   11895.7	   12109.9	   12458.8	   12928.8	   13463.9	   15008.8	   18053.1	   17052.4	   14259.6	   14294.4	   14337.9	   14433.3	   14602.3	   14844.3	   15132.8	     15408	   15606.8	   15710.3	   15726.7	   15712.3	   15742.3	   15893.2	   16196.6	     16631	   17151.3	   17731.3	   18342.9	   18968.3	   19609.2	   20268.5	     20934	   21602.5	     22275	   22942.2	   23599.5	   24251.3	   24898.7	   25538.6	   26181.9	   26819.5	   27413.8	   27925.8	
         	         	         	         	         	         	         	         	         	         	         	         	         	         	         	         	         	         	         	         	         	         	         	         	         	         	         	         	         	         	         	         	         	         	         	         	         	         	         	         	         	         	         	         	         	         	         	         	         	         	         	         	         	         	         	         	         	         	         	         	         	         	         	         	         	         	         	         	         	         	         	
         	         	         	         	         	         	         	         	         	         	         	         	         	         	         	         	         	         	         	         	         	         	         	         	         	         	         	         	         	         	         	         	         	         	         	         	         	         	         	         	         	         	         	         	         	         	         	         	         	         	         	         	         	         	         	         	         	         	         	         	         	         	         	         	         	         	         	         	         	         	         	
-0.00692148	 0.0135917	-0.0721519	 -0.442956	  -1.80702	  -5.80709	  -13.1718	  -31.0211	  -63.9055	   -127.11	   -334.19	   -81.446	  -98.1098	  -114.138	  -128.662	  -140.921	  -14.3551	  -14.8572	  -14.7107	  -14.2973	   -13.509	   39.3072	   34.0221	   26.3171	    18.261	   13.5222	   -6.3281	  -5.65042	  -5.02104	  -3.93788	  -3.50439	   -2.9901	  -2.75332	  -2.57566	  -2.40846	  -2.22749	  -2.06036	    -1.909	   -1.7667	  -1.64714	  -1.54335	  -1.45186	  -1.36727	  -1.29731	  -1.23444	  -1.17489	  -1.11782	  -1.01501	 -0.920957	 -0.834747	  -0.75551	 -0.682857	 -0.616613	 -0.556335	 -0.501538	 -0.451733	 -0.406531	 -0.365584	 -0.328587	 -0.295243	 -0.265266	 -0.238369	 -0.214271	 -0.192702	 -0.173416	 -0.156183	 -0.140785	  -0.12702	 -0.114712	 -0.103707	-0.0938629	
-0.00237916	0.00834409	-0.0491711	 -0.265944	  -1.06304	  -3.62754	  -3.95588	  -14.2874	  -32.8519	  -65.7173	  -127.744	  -8.87981	  -9.63289	  -11.2071	  -12.6542	  -13.9035	  -31.0192	  -32.4304	  -32.9434	   -31.874	  -31.2535	   15.7219	   14.3937	   12.9004	   11.0388	   8.63997	  -8.88787	  -7.95392	  -7.45296	  -6.84631	  -5.63489	   -5.1119	  -4.43964	  -4.09963	   -3.8418	  -3.57873	  -3.30712	  -3.07013	   -2.8425	  -2.64784	  -2.48491	  -2.34481	  -2.21721	  -2.09716	  -1.99423	  -1.89921	  -1.80835	  -1.64333	  -1.49206	  -1.35324	  -1.22555	  -1.10808	  -1.00068	 -0.903092	 -0.814577	 -0.734327	 -0.661587	 -0.595745	 -0.536253	  -0.48261	 -0.434328	 -0.390945	 -0.352013	 -0.317109	 -0.285837	 -0.257834	 -0.232769	 -0.210326	 -0.190218	 -0.172193	 -0.156029	
 -0.001197	-0.0101832	-0.0333486	 -0.170861	 -0.625938	  -2.09418	  0.546974	  -2.63412	  -13.2929	  -32.0419	  -65.4168	   33.1084	   53.9883	    65.353	   74.7508	   83.2177	  -42.2249	  -44.8898	  -46.4721	  -46.7807	   -45.311	 -0.468731	 -0.414193	  -0.37967	 -0.345521	 -0.306107	  -11.9204	  -9.70035	  -8.85575	   -8.3592	  -7.70703	  -6.43403	  -5.83283	  -5.09372	  -4.71283	  -4.40801	  -4.09201	  -3.78452	  -3.51351	  -3.26425	  -3.05132	  -2.87272	  -2.71639	  -2.57231	  -2.43631	  -2.31783	  -2.20767	  -2.00749	  -1.82415	  -1.65591	  -1.50131	  -1.35901	  -1.22828	  -1.10895	  -1.00066	 -0.902526	 -0.813638	 -0.733149	 -0.660368	 -0.594665	  -0.53546	 -0.482192	 -0.434333	 -0.391379	 -0.352858	  -0.31833	 -0.287394	 -0.259683	 -0.234851	 -0.212582	 -0.192601	
-0.000210703	-0.00278179	-0.0104355	 -0.032524	  -0.18007	 -0.671098	 -0.297465	   -2.2389	  -8.06392	  -22.4656	    -45.57	   13.1915	   12.3399	   27.8605	    34.129	   38.8528	  -41.6021	  -45.1153	  -47.8333	  -49.4198	  -49.9886	  -25.5215	  -25.0713	  -23.9895	  -22.1182	  -20.3542	  -14.6424	    -11.92	  -9.76619	  -8.94855	   -8.4612	  -7.81675	   -6.5348	  -5.92393	  -5.17944	  -4.79043	  -4.47314	  -4.14857	  -3.83371	  -3.56414	  -3.31669	  -3.10526	  -2.92675	  -2.76927	   -2.6233	  -2.48515	  -2.36444	  -2.15075	   -1.9557	  -1.77702	  -1.61302	  -1.46228	  -1.32357	  -1.19617	  -1.07992	  -0.97445	 -0.878891	 -0.792345	 -0.713991	 -0.643153	 -0.579214	 -0.521603	 -0.469771	 -0.423203	 -0.381405	 -0.343918	 -0.310314	 -0.280202	 -0.253226	 -0.229048	 -0.207362	
         	-0.000290439	-0.00238855	-0.00892262	-0.0277213	 -0.165739	  -0.16952	  -1.00155	  -3.66056	  -10.5967	  -26.3215	   10.1011	   5.27886	   2.32127	   14.9361	   18.8681	  -34.4859	  -38.2728	  -41.4851	  -43.9807	  -45.6576	  -34.7245	  -33.8238	  -33.4456	  -32.1216	  -29.8419	  -16.0484	  -14.4054	  -11.7547	  -9.64456	  -8.84984	  -8.38279	  -7.74882	  -6.47634	   -5.8718	  -5.13111	  -4.74103	  -4.42284	   -4.0972	  -3.78767	  -3.52478	   -3.2838	  -3.07703	  -2.90158	  -2.74596	  -2.60132	  -2.46431	  -2.23909	  -2.03672	    -1.852	   -1.6828	  -1.52748	  -1.38474	  -1.25338	  -1.13273	  -1.02266	 -0.922776	 -0.832284	 -0.750327	 -0.676127	 -0.609045	 -0.548495	 -0.493938	 -0.444853	 -0.400753	 -0.361171	 -0.325671	 -0.293849	 -0.265333	 -0.239788	 -0.216892	
         	         	-0.000247774	-0.00202953	-0.00756134	-0.0235316	-0.0469907	 -0.289039	     -1.25	  -4.12598	  -11.3301	   11.0309	   8.56245	   3.50058	  0.214326	   11.8192	  -25.2229	  -28.7015	  -31.8485	  -34.5334	  -36.7804	   -31.416	  -31.9695	  -31.3515	  -31.1093	  -30.0383	  -17.0547	  -15.8208	  -14.2227	  -11.6196	  -9.55135	  -8.77676	  -8.31812	  -7.68963	   -6.4251	  -5.82429	  -5.08448	  -4.69381	   -4.3737	  -4.05181	  -3.74867	  -3.49248	  -3.25674	   -3.0534	     -2.88	  -2.72577	  -2.58223	  -2.33611	  -2.12259	  -1.93074	  -1.75563	  -1.59523	  -1.44799	  -1.31267	  -1.18815	  -1.07379	 -0.969438	 -0.874756	 -0.788972	  -0.71128	 -0.640941	 -0.577348	 -0.519948	 -0.468229	 -0.421697	 -0.379891	 -0.342367	 -0.308714	 -0.278547	 -0.251515	 -0.227298	
         	         	         	-0.000211273	-0.00172505	-0.00641407	 0.0122658	 -0.050284	 -0.290052	   -1.2303	  -4.02664	   8.31395	   11.5748	   9.68135	   5.37201	   2.80471	  -16.0931	  -18.9734	  -21.5905	  -23.9703	  -26.1162	  -21.2421	   -22.137	  -22.7073	  -22.3439	  -22.2826	  -17.9936	  -16.8176	  -15.6189	  -14.0524	  -11.4994	  -9.47131	  -8.70924	  -8.25566	  -7.63216	  -6.37363	   -5.7739	   -5.0352	  -4.64288	  -4.32569	  -4.00965	  -3.71377	  -3.46355	    -3.232	  -3.03122	   -2.8595	  -2.70649	  -2.44858	  -2.21518	  -2.01269	  -1.83076	  -1.66472	  -1.51262	    -1.373	  -1.24469	  -1.12662	  -1.01818	 -0.919236	 -0.829458	 -0.748116	 -0.674446	 -0.607749	 -0.547448	 -0.493019	 -0.443977	 -0.399853	 -0.360211	 -0.324629	 -0.292717	 -0.264111	 -0.238479	
         	         	         	         	-0.000183295	-0.00149257	-0.0166193	 0.0173525	-0.0357312	 -0.249658	  -1.11606	    5.0099	   8.99561	   12.7928	   11.8162	   8.64059	  -8.79224	  -10.7713	  -12.7008	  -14.4625	  -16.1381	  -9.35019	  -9.91228	  -10.4401	  -10.7488	  -10.6266	  -18.2838	  -17.7379	  -16.5938	  -15.4206	  -13.8928	  -11.3913	   -9.3959	   -8.6429	  -8.19378	   -7.5735	  -6.31834	  -5.71974	  -4.98111	  -4.59207	  -4.28015	  -3.97138	  -3.68218	  -3.43682	  -3.20846	   -3.0098	  -2.83956	  -2.56675	  -2.32215	  -2.10076	  -1.90871	  -1.73618	  -1.57871	  -1.43446	  -1.30206	  -1.18038	  -1.06841	 -0.965571	 -0.871742	 -0.786603	 -0.709464	   -0.6396	 -0.576348	 -0.519161	 -0.467543	 -0.421033	 -0.379187	 -0.341592	 -0.307847	 -0.277583	 -0.250455	
         	         	         	         	         	-0.000165377	-0.00417466	-0.0154372	 0.0180528	-0.0308452	 -0.231171	   2.82332	   5.31365	   9.57679	   13.8453	    13.712	  -3.90193	  -5.01927	  -6.15059	  -7.25839	  -8.30991	  0.376602	  0.585399	   0.63309	  0.669475	  0.692642	  -17.9895	  -18.0238	  -17.4927	  -16.3713	  -15.2328	  -13.7475	  -11.2898	  -9.32234	  -8.57735	   -8.1309	  -7.51114	  -6.25927	  -5.66052	  -4.92716	  -4.54386	  -4.23882	  -3.93692	  -3.65319	  -3.41151	  -3.18578	  -2.98899	   -2.6932	   -2.4345	  -2.20248	  -1.99247	  -1.81031	  -1.64666	   -1.4973	  -1.36049	  -1.23492	  -1.11951	  -1.01331	 -0.915783	 -0.826794	 -0.746045	 -0.672884	 -0.606621	  -0.54663	 -0.492391	 -0.443432	 -0.399319	  -0.35963	 -0.323971	 -0.291965	 -0.263261	
         	         	         	         	         	         	-0.000623272	-0.00505301	-0.0186511	 0.0063651	-0.0536246	   1.35597	   2.84089	   5.37601	   9.70491	   14.1483	  -1.13945	  -1.56127	  -2.00897	   -2.4642	  -2.92469	   6.29284	   7.29264	   8.07462	   8.76941	   9.32055	  -17.8631	  -17.7338	  -17.7748	  -17.2487	  -16.1619	  -15.0614	  -13.6103	  -11.1911	  -9.24992	  -8.51107	  -8.06471	  -7.44518	  -6.19512	  -5.60162	  -4.87607	  -4.50016	  -4.20166	  -3.90546	  -3.62592	  -3.38725	   -3.1638	  -2.83512	   -2.5547	  -2.30933	  -2.08921	  -1.88997	  -1.71717	  -1.56193	  -1.42025	  -1.29048	  -1.17137	   -1.0619	 -0.961168	 -0.868657	 -0.784248	 -0.707655	 -0.638259	 -0.575406	   -0.5185	 -0.467051	 -0.420611	 -0.378766	 -0.341118	 -0.307293	 -0.276933	
         	         	         	         	         	         	         	-0.000920498	-0.00744912	-0.0274474	-0.0207787	  0.599892	   1.28725	    2.6966	   5.09998	   9.20122	  0.156198	  0.233277	  0.319751	  0.411882	  0.508266	   8.61449	    10.179	   11.5527	   12.8475	    14.026	  -16.9507	  -17.6129	  -17.4896	  -17.5276	  -17.0209	  -15.9735	  -14.8995	   -13.477	  -11.0942	  -9.17702	  -8.44192	  -7.99532	  -7.37423	  -6.13141	  -5.54587	  -4.82978	  -4.46091	  -4.16781	  -3.87599	  -3.59989	  -3.36382	  -3.00103	  -2.68951	  -2.42359	  -2.19082	  -1.98198	  -1.79294	  -1.62899	  -1.48171	  -1.34731	   -1.2242	   -1.1112	  -1.00736	 -0.911802	 -0.824044	 -0.743972	 -0.671313	 -0.605481	 -0.545855	 -0.491871	 -0.443063	 -0.399007	  -0.35931	 -0.323594	 -0.291504	
-2.17155e-09	-5.35022e-09	-1.11209e-08	-2.37039e-08	-5.12956e-08	-1.07255e-07	-1.68967e-06	-2.9139e-06	-0.00129503	-0.0104237	-0.0382936	  0.252663	  0.523073	   1.11939	    2.3362	   4.39121	  0.599879	  0.999397	   1.49304	   2.04669	   2.65422	   8.68716	   10.6607	    12.487	   14.2979	   16.0574	  -15.4377	  -16.5407	  -17.2293	  -17.1173	  -17.1631	  -16.7048	  -15.7196	  -14.6843	  -13.2957	  -10.9539	  -9.06144	  -8.33266	  -7.88731	  -7.27089	  -6.04163	  -5.46658	  -4.76304	  -4.40321	  -4.11686	  -3.83101	  -3.55983	  -3.17781	  -2.83569	  -2.54165	  -2.29048	  -2.07055	  -1.87316	  -1.69447	   -1.5395	  -1.40031	  -1.27328	  -1.15693	  -1.05014	 -0.951999	 -0.861693	 -0.778758	 -0.703084	 -0.634417	 -0.572201	  -0.51585	 -0.464831	 -0.418703	 -0.377066	 -0.339548	 -0.305793	
-1.47712e-07	-6.54596e-07	-1.40194e-06	-3.06309e-06	-6.72856e-06	-1.40797e-05	-0.000267612	-0.000451731	-0.000679293	-0.0025246	-0.0140319	 0.0454734	  0.219554	  0.450176	  0.956522	   1.98316	  0.626546	   1.17742	   1.96263	   2.93249	    4.0457	   8.69457	   11.0808	   13.5252	   15.9839	   18.4656	  -13.6162	  -15.0893	  -16.2116	  -16.8986	   -16.789	  -16.8422	  -16.4036	  -15.4734	  -14.4724	  -13.1156	  -10.8064	  -8.94141	  -8.21992	  -7.77881	  -7.17022	  -5.95614	  -5.39242	   -4.7011	  -4.34875	  -4.06819	  -3.78755	  -3.36239	  -3.00243	  -2.67966	  -2.40204	  -2.16478	  -1.95694	  -1.77038	  -1.60147	  -1.45499	  -1.32343	  -1.20337	   -1.0934	  -0.99247	 -0.899718	  -0.81437	 -0.735989	 -0.664471	 -0.599573	 -0.540772	 -0.487515	 -0.439296	 -0.395699	 -0.356346	 -0.320887	
-3.23683e-06	-1.32551e-05	-2.89139e-05	-6.33723e-05	-0.000139838	-0.000294937	-0.0059561	-0.0101274	-0.0152992	 -0.020927	-0.0279817	 0.0349805	 0.0656538	  0.243424	  0.443591	  0.886243	  0.486537	   1.00923	   1.89067	   3.14759	   4.72912	   9.27334	   12.3611	   15.7509	   19.4106	   23.1446	  -11.6528	  -13.3174	  -14.8052	   -15.922	  -16.6003	  -16.4963	  -16.5385	  -16.1183	  -15.2341	  -14.2653	  -12.9298	  -10.6549	  -8.81897	  -8.10766	  -7.67391	  -7.07509	  -5.87731	  -5.32485	  -4.64401	  -4.29793	   -4.0223	  -3.57773	  -3.17716	  -2.83769	  -2.53298	  -2.27073	  -2.04652	  -1.85006	  -1.67367	  -1.51396	  -1.37548	  -1.25109	  -1.13759	  -1.03363	  -0.93821	 -0.850527	 -0.769846	  -0.69575	 -0.628142	 -0.566793	 -0.511206	 -0.460859	 -0.415275	 -0.374061	 -0.336858	
-2.94498e-05	-0.000125654	-0.000274262	-0.000597939	-0.0013178	-0.00280891	-0.0493005	-0.0856925	 -0.131653	 -0.182171	 -0.231003	  0.272781	  0.310984	  0.354221	  0.724089	   0.86307	  0.435098	   0.79044	   1.50571	   2.72327	   4.49288	   9.79436	    13.784	   18.4395	   23.7175	   29.4844	  -9.72216	  -11.4123	  -13.0879	  -14.5664	  -15.6703	  -16.3419	  -16.2297	  -16.2662	  -15.8605	  -15.0157	  -14.0657	  -12.7524	  -10.5118	   -8.7068	  -8.00748	  -7.58198	   -6.9936	  -5.81147	  -5.26807	  -4.59586	  -4.25469	  -3.80379	  -3.38445	  -3.00632	   -2.6856	  -2.39747	  -2.14938	  -1.93718	  -1.75122	  -1.58423	  -1.43302	  -1.30192	  -1.18417	  -1.07673	 -0.978321	 -0.888008	 -0.805019	  -0.72866	 -0.658536	 -0.594551	 -0.536488	 -0.483879	 -0.436228	 -0.393085	 -0.354077	
-0.00015553	-0.000723842	-0.00158779	-0.00345016	-0.00759538	-0.0162763	 -0.168917	 -0.298492	   -0.4657	 -0.651439	 -0.832998	   2.14559	   2.39062	   2.52754	   2.56753	   3.94113	   1.42926	   1.51655	      1.87	   2.70667	   4.23253	   10.3317	   15.1642	   21.0995	   28.1821	   36.3333	   15.2297	   18.3777	   21.5923	   24.7578	    27.537	   29.6125	   30.8534	   30.6302	    30.686	   29.9337	    28.358	   26.5774	   24.1064	   19.8897	   16.4958	   15.1771	   14.3753	   13.2664	   11.0313	   10.0039	   8.73089	   7.72036	   6.90312	   6.14337	   5.45805	   4.87634	    4.3535	   3.90304	   3.51763	   3.17983	   2.87649	   2.60184	   2.36369	   2.14985	   1.95475	   1.77609	   1.61215	   1.46153	   1.32296	   1.19571	    1.0796	  0.974234	  0.878763	  0.792287	  0.713987	
-0.000725767	-0.00281857	-0.00627464	-0.0136702	-0.0300911	-0.0647093	 0.0217892	 0.0390181	 0.0616858	 0.0872216	  0.112374	    11.285	   12.6669	    13.448	   13.5836	   13.1756	    6.9592	   6.41851	   5.99451	   5.96434	   6.60374	    14.199	   18.7079	   24.9889	    32.904	   42.5264	   163.939	   201.773	   241.137	   281.296	    320.59	   355.091	    380.53	   395.819	   392.669	   393.082	   383.268	   363.323	   340.678	   309.256	   255.728	   212.542	   195.587	   185.215	   170.961	   142.422	   129.202	   107.792	   95.3169	   85.2125	   75.8338	   67.3805	   60.2007	   53.7478	   48.1839	   43.4214	   39.2473	      35.5	   32.1083	   29.1666	    26.526	   24.1181	   21.9144	    19.893	   18.0365	    16.329	   14.7614	   13.3311	    12.033	   10.8566	   9.79094	
-0.00236967	-0.00877406	-0.0187022	-0.0410845	-0.0907035	 -0.195395	   2.19356	   3.93782	   6.25648	   8.90556	    11.569	   39.1743	   44.3627	   47.5555	   48.5167	   47.3276	   23.7422	   21.6078	   19.5402	   17.7709	   16.6956	   31.7717	   33.7631	   38.2549	   44.9842	   53.8259	   143.166	   172.604	   204.086	   237.898	   272.414	    305.75	   335.192	   356.868	   369.875	   366.533	    366.49	   357.154	   338.772	   317.713	   288.644	   239.573	   199.729	   183.733	   173.755	   160.346	   134.106	   116.229	   97.1705	    85.915	   76.7572	   68.2875	   60.6768	   54.2095	    48.401	   43.3864	   39.0909	   35.3268	   31.9498	   28.8958	    26.245	   23.8667	   21.7005	   19.7198	   17.9045	   16.2385	   14.7071	   13.3016	   12.0192	   10.8551	   9.79985	
-0.00628892	-0.0215855	-0.0454087	-0.0989209	 -0.219717	 -0.474703	   8.61113	   15.5218	   24.7901	   35.5389	   46.5259	    91.348	   104.454	   113.266	   117.018	   115.687	   53.8802	   50.0196	   45.0565	   40.7168	   37.0539	    74.413	   71.4749	   71.5312	   74.3608	   79.6581	   155.264	   173.806	   196.736	   220.753	   248.103	    276.15	   302.547	   326.798	    344.42	   355.252	   351.784	   350.505	   341.273	   323.727	   303.485	   275.854	   230.221	   192.848	   177.319	   167.315	   154.325	   124.021	    107.55	   90.2133	   79.7609	   71.1865	   63.3022	   56.2564	   50.2648	   44.8865	   40.2349	   36.2457	   32.7506	   29.6177	    26.788	   24.3283	   22.1231	   20.1174	   18.2861	   16.6093	   15.0719	   13.6598	   12.3643	   11.1823	   10.1087	
-0.0155721	-0.0471874	-0.0988551	 -0.214513	 -0.477423	  -1.03684	   22.4322	   40.3548	   64.4351	   92.3386	   121.001	   163.278	    187.89	   205.521	   215.086	    215.96	    95.218	   89.3991	   82.5477	   74.4403	   67.8262	   158.031	   147.257	   140.056	   135.891	   134.399	   206.251	   212.854	   224.145	   239.432	    253.84	   273.151	    293.06	   311.888	   330.356	   343.721	   352.696	   348.219	    345.02	   335.636	   318.337	   298.209	   271.309	   228.293	   192.466	   176.861	   166.382	   146.479	   118.736	   103.076	   86.8708	   76.8063	   68.4522	   60.8439	   54.0962	   48.3482	   43.1935	   38.7268	   34.8882	   31.5247	   28.5128	   25.7956	   23.4277	   21.3062	   19.3801	   17.6242	   16.0185	    14.548	   13.1986	   11.9612	   10.8317	
-0.0278515	-0.0762984	 -0.159349	  -0.34658	  -0.77069	  -1.67521	   38.3538	   69.2565	   111.226	   160.983	    212.96	   197.152	    228.99	   253.555	   268.883	   274.484	   120.727	   115.423	   107.917	   99.8105	   90.5143	   265.146	   244.886	   229.072	   216.494	   206.696	   271.575	   266.564	   266.655	   271.511	   278.336	   282.993	   294.585	   307.662	   319.662	   333.301	   343.453	   350.283	   344.632	   339.607	   330.087	   312.874	   292.763	    266.78	   226.398	   192.105	   176.483	   158.148	    139.18	   113.737	   98.8588	   83.7083	   74.0385	    65.918	   58.5881	    52.131	   46.6161	   41.6723	   37.3825	   33.6875	   30.4477	   27.5484	   24.9349	   22.6511	   20.6054	   18.7503	   17.0611	   15.5176	   14.1053	   12.8102	    11.623	
-0.0446878	 -0.106428	 -0.222399	 -0.486591	  -1.08652	  -2.35604	   54.2385	   97.4559	   156.434	   227.341	   303.593	   172.927	    202.98	   227.238	   244.341	   253.069	   126.342	   122.927	   116.855	   109.293	   101.507	   388.591	   360.094	   334.662	   313.094	   294.178	   343.657	    327.62	   317.017	   311.926	    309.78	   307.937	   303.812	   309.626	   316.974	   323.608	    333.73	   340.758	   345.635	   339.019	   332.473	    322.79	    305.65	   285.803	   260.934	   223.229	   190.591	   167.226	   149.552	   131.596	    108.31	   94.2709	   80.1796	    70.971	   63.1557	   56.1507	   50.0134	   44.7558	   40.0418	   35.9466	   32.4107	    29.307	   26.5302	   24.0283	   21.8358	   19.8714	   18.0913	   16.4714	    14.992	    13.639	   12.3988	
-0.0652568	 -0.140872	 -0.288183	 -0.635656	  -1.42671	  -3.09124	   71.4947	   127.059	   202.172	   292.963	   392.076	   111.898	   132.416	   149.729	   162.837	   171.106	   124.409	   123.084	   118.894	   112.803	   105.759	   545.232	   501.007	   467.118	   435.245	   406.515	   416.864	   392.349	   371.902	   356.928	   346.613	   337.128	   327.196	   316.985	   318.147	   320.965	   323.592	   330.508	   334.943	    338.26	    330.94	   323.172	   313.338	   296.509	   277.156	   253.554	   218.528	    179.21	   157.292	   140.454	   123.593	   102.362	   89.2291	   76.2103	   67.5282	   60.0904	   53.4588	   47.6727	   42.7006	   38.2397	   34.3591	   31.0006	   28.0485	    25.407	   23.0273	   20.9363	   19.0617	   17.3635	   15.8184	   14.4074	   13.1175	
 -0.087219	 -0.177467	 -0.359049	 -0.791933	  -1.78575	  -3.85977	   89.8292	   157.202	   246.888	   354.512	   472.803	   43.7092	   52.0364	   59.2423	   65.0325	   69.1196	   138.473	   139.014	   136.406	   131.265	   124.573	   729.648	   684.522	   632.343	   591.472	   551.475	   486.472	   454.812	   427.667	   404.087	   384.862	     368.9	   352.622	    337.45	   322.798	   320.445	   320.065	    319.28	   323.603	   326.104	   328.223	   320.404	   311.716	   301.953	   285.611	   266.941	   244.713	   202.773	   167.166	   146.796	   130.934	   115.237	   95.9755	   83.8003	   71.8551	   63.7477	    56.746	   50.5271	   45.1171	   40.4538	   36.2658	   32.6169	   29.4516	   26.6649	   24.1705	   21.9229	   19.9429	   18.1665	    16.557	   15.0926	   13.7551	
 -0.108554	 -0.214279	 -0.432713	 -0.958325	  -2.16382	  -4.65773	   104.265	    179.68	    277.61	    393.96	   521.343	  -27.2411	   -32.381	  -36.9771	   -40.769	  -43.6647	   170.411	   173.545	   172.695	   168.597	    162.01	    915.05	   864.313	   814.117	   754.771	   707.265	   548.933	   512.142	   479.252	   450.513	   423.982	   400.191	    378.98	   358.746	   339.931	    322.34	    317.69	   314.585	   311.234	    313.67	   314.786	   315.943	   307.802	   298.637	   289.076	   273.359	   255.521	   224.168	   186.878	   154.799	    136.01	   121.213	   106.724	   89.3377	   78.1409	   67.2481	   59.7405	   53.2117	   47.4284	   42.4076	   38.0665	   34.1629	   30.7563	   27.7943	   25.1823	   22.8428	   20.7341	    18.872	   17.1997	   15.6841	   14.3048	
 -0.129555	 -0.253634	 -0.515682	  -1.14931	  -2.60377	   -5.5776	   111.381	   188.814	   287.072	   401.608	   526.553	  -85.0767	   -100.89	  -115.202	  -127.484	  -137.193	   207.791	     213.9	   215.822	   213.493	   207.876	   1051.87	   1002.79	   950.273	   897.794	   834.855	   601.671	   561.912	   525.114	   491.769	   461.556	   431.776	   403.847	   380.073	   357.285	   336.248	   317.195	   310.577	   305.482	   300.434	   301.554	    301.64	   302.015	   293.854	    284.49	   275.232	    260.24	    232.39	   204.296	    171.24	   142.443	   125.226	   111.547	   98.2752	     82.65	   72.4199	   62.5377	   55.6328	   49.5923	   44.2521	   39.6212	    35.605	    31.989	    28.828	   26.0733	   23.6399	   21.4588	    19.492	   17.7511	   16.1861	   14.7671	
   -0.1488	 -0.292997	 -0.604567	  -1.35947	  -3.09096	  -6.60408	   110.858	   184.899	   276.428	   381.334	    494.34	   -123.42	  -145.662	   -165.91	  -183.466	  -197.974	   234.021	   242.709	   247.426	   247.996	   244.475	   1109.89	   1069.04	   1021.48	    970.78	    919.91	   640.505	   602.053	   563.438	   527.103	   493.476	     461.4	   428.729	   399.331	   374.114	   350.015	   328.172	   308.129	    300.16	    293.84	   287.793	   287.949	   287.261	   287.137	   279.104	   269.751	   260.858	   235.557	   210.449	   185.363	    156.11	   130.352	   114.678	   102.134	   90.0538	   76.0632	   66.7666	   57.8401	   51.5258	   45.9739	   41.0714	   36.8222	   33.1263	   29.7944	   26.8766	   24.3281	   22.0731	   20.0502	    18.225	    16.606	    15.149	
 -0.161273	 -0.321448	 -0.675504	  -1.53685	  -3.50991	  -7.48489	   102.986	   169.313	   249.002	   338.428	   433.833	  -157.199	  -184.539	  -209.417	  -231.112	   -249.21	   245.885	   255.949	   262.762	   265.935	   265.452	   1093.89	   1065.88	   1028.07	     984.8	   939.055	   673.089	   629.377	   592.908	   555.461	   519.994	   485.667	   451.792	   418.811	   388.895	   363.095	   338.791	   316.598	   296.212	   287.529	   280.576	    273.94	   273.381	   272.231	   271.736	   263.928	   254.723	   235.157	   212.372	   189.825	   167.477	   141.649	   118.699	   104.518	   93.0924	    82.154	   69.6691	   61.2608	   53.2295	    47.485	   42.4112	   37.9335	   34.0525	   30.6677	   27.6122	   24.9316	   22.5852	   20.5056	   18.6384	   16.9526	   15.4542	
 -0.164031	 -0.334231	 -0.715874	   -1.6486	  -3.78675	  -8.06933	   92.2641	    150.07	   217.536	   291.346	   368.938	  -180.072	  -210.055	  -237.454	  -261.354	  -281.408	   238.644	   248.959	   256.443	   261.227	   263.159	   1024.14	   1009.07	   983.934	    951.05	   914.114	   682.983	   650.733	   610.244	   575.429	   539.588	   504.516	    469.44	   436.159	   403.599	   373.909	   348.517	   324.393	   302.416	   282.339	   273.449	   266.201	   259.272	    258.29	   256.825	    256.05	   248.519	   228.787	   211.146	   190.702	    170.52	   150.677	   127.943	   107.577	   94.8175	   84.4712	   74.6167	   63.5128	   55.9434	   48.7461	   43.5452	   38.9326	    34.863	   31.3345	    28.249	   25.4601	    23.009	    20.859	   18.9504	   17.2352	   15.6857	
  -0.15842	 -0.335088	 -0.732551	  -1.70582	  -3.94021	  -8.40171	   83.4422	   134.557	   192.949	   255.068	   319.027	  -171.039	  -198.291	  -223.115	  -244.925	  -263.249	   224.214	   233.834	   241.351	   246.589	   249.924	    924.79	   921.466	   908.229	   887.177	   860.385	   679.039	   651.348	   622.021	   584.149	   551.379	   516.668	     481.8	   448.141	   415.949	   384.393	   355.831	   331.135	   307.694	   286.497	   267.229	   258.396	    251.09	   244.177	   242.905	   241.227	    240.23	    222.53	   204.652	   188.807	   170.527	   152.539	   134.991	   115.046	   97.0426	   85.6186	   76.3029	   67.4686	   57.6275	   50.8446	   44.4198	   39.7329	   35.5612	   31.8803	   28.6869	   25.8874	   23.3539	   21.1234	    19.163	     17.42	   15.8523	
 -0.146726	 -0.329834	 -0.735669	  -1.73176	  -4.01824	  -8.57512	   81.8422	   131.117	   186.362	   243.935	   301.698	  -125.058	  -143.901	  -161.194	  -176.358	  -189.213	   215.778	   224.924	   232.103	   237.555	   241.415	   837.697	   841.346	    838.46	    827.62	   811.001	   662.445	   640.518	   615.672	   588.362	   553.372	    522.09	   488.186	   455.358	   423.361	   392.642	    362.83	   335.582	    311.97	    289.68	    269.66	   251.419	   242.816	     235.7	   228.938	   227.467	   225.641	   214.368	   198.455	   182.342	    168.16	    151.88	    135.92	   120.462	   103.015	   87.1557	    76.975	   68.6304	    60.747	   52.0546	   46.0021	   40.2878	   36.0825	   32.3273	   29.0129	   26.1352	   23.6066	   21.3155	    19.295	   17.5158	   15.9317	
 -0.132766	 -0.322129	 -0.732891	  -1.74261	  -4.06087	   -8.6714	   86.0727	   137.356	   194.027	   252.019	   309.148	  -55.2159	  -63.0099	  -70.1988	  -76.5876	  -81.9786	   219.873	   229.126	   236.423	   241.953	     246.3	   772.943	   780.238	    783.95	   782.222	   774.517	   633.464	   617.963	   598.612	   575.673	   550.658	   518.041	   487.945	   456.502	   425.818	   395.775	   367.181	   339.248	   313.657	   291.534	    270.75	   252.078	   235.012	   226.847	   220.029	   213.518	   211.915	   200.549	   190.341	    176.11	   161.678	    149.05	   134.632	   120.545	   106.988	   91.7795	   77.8669	   68.8426	   61.4122	   54.4146	   46.7675	   41.3934	   36.3334	   32.5795	   29.2178	   26.2495	   23.6699	   21.3982	   19.3378	   17.5177	   15.9122	
 -0.120299	 -0.317909	 -0.736532	  -1.76787	  -4.13545	  -8.83597	   90.9596	   144.752	   203.688	   263.126	    320.67	   16.1292	   18.2744	   20.2349	   21.9616	   23.4789	   233.676	   243.571	   251.377	   257.299	   261.925	   710.719	   719.093	   726.405	   730.657	   731.253	   593.969	   585.454	   572.055	   554.271	   533.438	   510.221	   479.562	   451.989	   422.947	   394.526	   366.923	   340.481	   314.636	   290.989	   270.606	   251.426	   234.176	    218.43	   210.768	   204.311	   198.112	   187.593	   177.368	    168.18	   155.523	   142.676	   131.494	   118.791	    106.42	   94.5791	   81.3676	   69.2131	   61.2548	    54.675	   48.4949	   41.7943	   37.0452	   32.5841	   29.2501	   26.2568	   23.6124	    21.312	   19.2821	   17.4391	   15.8087	
 -0.111983	  -0.31856	 -0.750883	   -1.8175	  -4.26662	  -9.12226	   91.9658	   146.018	   204.942	   263.885	   320.131	   66.5727	   75.0076	   82.5084	   89.1766	   95.0036	   254.974	   265.656	   274.375	   280.983	   286.149	   645.415	   654.325	   662.636	   670.066	   676.026	   546.626	   544.413	   537.364	   525.067	   509.014	   489.846	   468.038	   440.365	   415.142	   388.519	   362.705	   337.489	   313.309	   289.723	   268.178	   249.565	   232.013	   216.271	   201.852	   194.725	   188.667	   174.598	   165.183	   156.046	   147.833	    136.64	    125.28	   115.435	   104.304	   93.4928	   83.1952	   71.7623	   61.1901	   54.2086	   48.4148	    42.985	   37.1387	   32.9631	   29.0483	    26.103	   23.4528	     21.11	   19.0699	   17.2665	   15.6275	
 -0.106564	 -0.318967	  -0.76389	  -1.86343	  -4.38838	  -9.39039	   91.1666	   144.551	   202.492	   260.213	   314.878	   92.4591	   103.717	    113.58	   122.124	   129.588	   277.129	   288.586	   298.078	   305.587	   311.466	   591.485	   600.363	    609.04	   617.445	   626.295	   493.974	    497.26	   495.864	   489.341	   478.288	   463.598	   445.735	   426.183	     401.2	   378.274	   354.304	   330.977	   308.166	   286.323	   265.059	   245.576	   228.705	    212.82	    198.55	   185.428	    178.85	   165.423	   153.005	   144.639	   136.534	   129.243	   119.408	    109.43	   100.814	   91.1114	   81.7117	   72.7976	   62.9442	   53.7907	   47.6992	   42.6268	   37.8819	   32.8042	   29.1522	    25.734	   23.1468	    20.814	   18.7507	   16.9522	   15.3595	
 -0.101262	 -0.311303	 -0.756281	  -1.85799	  -4.38886	  -9.40068	   87.5696	   138.791	   194.254	   249.292	   301.253	   87.4154	   97.7676	   106.673	   114.268	   120.713	   294.447	   306.026	   316.061	   324.159	    330.87	   546.261	   555.569	   563.899	   572.725	   582.504	   439.683	   446.248	   449.714	   448.284	   442.423	   432.328	   418.693	   402.807	   385.229	   362.786	   342.308	   320.834	   299.935	    279.52	   260.003	   240.956	   223.453	   208.314	   194.027	   181.165	   169.296	   155.922	    144.17	   133.287	    125.91	   118.772	   112.349	   103.764	   95.0573	   87.5613	   79.1522	   71.0236	   63.3446	   54.8901	   47.0037	   41.7184	   37.3039	   33.1808	   28.7924	   25.6163	   22.6477	   20.3885	   18.3478	   16.5418	   14.9661	
 -0.094072	 -0.292862	 -0.720761	  -1.78186	  -4.22116	  -9.05256	   81.7473	   129.624	    181.46	   232.804	   281.103	   60.1515	   67.1777	   73.1122	    78.066	   82.1975	   299.648	   310.438	    320.12	   328.394	   335.461	   498.776	   508.588	   516.806	   525.275	   535.309	   386.572	    394.57	   400.886	   403.792	    402.47	   397.072	    387.69	   375.652	   361.462	    345.73	    325.87	   307.668	   288.584	    270.04	   251.948	   234.609	   217.646	   202.062	   188.555	   175.775	   164.247	   146.666	   135.069	   124.855	   115.386	   108.931	   102.693	   97.0782	   89.6356	    82.089	   75.6083	   68.3628	    61.373	   54.7923	   47.5729	   40.8136	   36.2548	   32.4365	    28.875	   25.1024	   22.3566	   19.7932	   17.8329	   16.0594	   14.4889	
-0.0854819	  -0.26876	 -0.669106	   -1.6635	  -3.95116	  -8.48573	   75.4949	   119.866	   167.991	   215.688	   260.481	   31.0048	   34.5929	   37.5988	   40.0496	   42.0398	   289.518	   298.873	   307.304	   314.845	   321.809	   439.663	   449.825	   457.901	   466.043	   475.399	   336.597	   344.628	   352.138	   357.571	   360.073	   358.742	   353.635	   345.414	   334.716	   322.095	   308.257	   290.766	   274.712	   257.899	   241.592	   225.641	   210.319	   195.337	   181.538	   169.552	   158.184	   141.257	   126.206	    116.22	   107.408	   99.2303	    93.627	    88.219	   83.3501	   76.9423	   70.4468	   64.8805	   58.6764	   52.7017	   47.0939	   40.9615	   35.2009	   31.2931	   28.0119	    24.955	   21.7305	   19.3717	   17.1719	   15.4823	   13.9516	
  -0.07524	 -0.240458	 -0.604858	  -1.51122	  -3.59841	   -7.7402	   69.4774	   110.533	   155.226	   199.635	   241.372	   8.27495	     9.198	   9.96665	   10.5856	   11.0707	   261.902	   269.642	   276.312	   282.334	   288.316	   364.308	   373.866	   381.516	   389.085	   397.537	   290.396	   298.043	   305.509	   311.989	   316.699	   318.756	   317.313	   312.881	   305.604	   296.139	   285.112	   273.003	   257.707	   243.667	   228.982	   214.711	   200.722	   187.291	   174.129	   161.976	     151.4	    134.99	   120.621	   107.822	   99.2876	   91.7426	   84.7346	   79.9117	   75.2616	   71.0742	   65.5978	   60.0478	   55.3002	   50.0231	   44.9491	   40.1995	   35.0205	   30.1412	   26.8139	    24.014	    21.408	   18.6691	   16.6567	   14.7816	   13.3359	
-0.0644316	 -0.209302	 -0.531361	  -1.33341	  -3.18229	  -6.85701	   62.7426	   100.078	   140.932	   181.714	    220.15	  -11.1326	  -12.4904	  -13.6329	  -14.5598	  -15.2833	   222.167	   228.166	   233.208	   237.515	   241.973	   280.901	   289.246	   295.748	   302.441	   309.715	   248.377	   255.286	   262.337	   268.769	   274.373	    278.37	   279.943	   278.727	   274.807	   268.394	   260.182	   250.605	   240.094	    226.82	   214.647	   201.885	   189.463	   177.291	   165.583	   154.084	   143.446	   128.135	    114.32	   102.209	   91.4047	   84.1677	   77.7603	   71.8044	   67.6897	   63.7256	   60.1554	   55.5119	   50.8065	   46.7878	   42.3317	   38.0528	   34.0573	    29.712	   25.6072	   22.7948	   20.4235	   18.2183	   15.9083	   14.2042	   12.6176	
-0.0541683	 -0.178871	 -0.457719	  -1.15308	  -2.75774	    -5.953	    55.335	   88.5197	   125.075	   161.793	    196.57	  -26.0115	  -29.1599	  -31.7949	  -33.9195	   -35.575	   180.366	   184.919	   188.543	   191.543	   194.548	   200.539	   207.188	   212.229	   217.529	    223.43	   210.324	   216.628	   222.957	    229.01	   234.544	   239.313	   242.604	   244.002	   242.901	   239.448	   233.929	   226.854	   218.607	    209.56	   198.139	   187.641	   176.615	   165.891	   155.364	    145.22	    135.24	   120.323	   107.547	   96.0048	   85.8766	   76.8296	   70.7462	   65.3529	   60.3363	   56.8585	   53.5105	   50.4949	   46.5913	   42.6359	   39.2623	   35.5295	   31.9496	    28.614	   24.9949	   21.5681	   19.2102	   17.2186	   15.3679	   13.4347	   12.0038	
-0.0453738	  -0.15185	 -0.391267	 -0.989003	  -2.37003	  -5.12571	   47.9336	   76.9271	   109.095	   141.661	   172.712	  -36.8263	   -41.347	  -45.1257	  -48.1616	  -50.5104	   146.168	   149.777	    152.45	   154.497	   156.555	   134.084	   139.124	    142.56	   146.434	   150.795	   176.036	   181.811	   187.533	   192.939	   198.112	   202.806	   206.773	   209.633	   210.795	     209.8	    206.86	    202.15	   196.112	   189.077	   181.365	   171.599	   162.606	   153.165	   143.971	    134.93	   126.206	    112.32	   99.9934	   89.4236	    79.866	   71.4712	   63.9643	   58.9001	   54.4048	   50.2208	   47.3116	   44.5126	   41.9915	   38.7414	   35.4479	   32.6422	   29.5438	   26.5752	   23.8149	   20.8264	   17.9907	    16.032	   14.3749	   12.8361	   11.2328	
-0.0381767	 -0.128106	 -0.332161	 -0.841952	   -2.0214	  -4.38024	   41.2654	    66.449	   94.6118	    123.36	   151.005	  -47.3161	  -53.2534	  -58.2214	  -62.2069	  -65.2735	   119.215	   122.163	   124.274	   125.723	   127.103	   83.3115	   87.0516	   89.0972	   91.5834	   94.5424	   145.315	   150.603	   155.786	    160.64	   165.222	   169.579	   173.477	   176.884	   179.288	   180.236	    179.41	   176.935	    172.96	   167.863	   161.926	     155.4	   147.116	   139.491	   131.473	   123.657	   115.961	   103.643	   92.2944	   82.2096	   73.5539	   65.7205	   58.8346	   52.6712	   48.5019	   44.7969	   41.3462	   38.9408	   36.6278	   34.5443	    31.868	   29.1555	   26.8472	   24.3023	   21.8665	   19.6056	   17.1627	   14.8402	   13.2303	   11.8666	   10.6008	
-0.0326335	 -0.108837	 -0.283736	 -0.721083	  -1.73385	  -3.76469	   35.7636	   57.7931	   82.6267	   108.207	   133.025	  -55.4518	  -62.6073	  -68.6177	  -73.4444	  -77.1507	   105.492	   108.098	   109.968	   111.186	   112.221	   52.0297	   54.8982	   56.0779	   57.5953	   59.5177	   118.111	   122.787	   127.467	   131.822	   135.892	   139.715	   143.309	   146.617	   149.462	   151.453	   152.267	   151.595	    149.54	   146.229	    141.98	   137.015	   131.547	   124.603	   118.205	   111.467	   104.893	   93.9865	   84.0455	   74.8804	   66.7294	   59.7275	   53.3863	   47.8083	   42.8114	   39.4234	   36.4097	   33.6012	   31.6392	   29.7533	   28.0547	   25.8793	    23.674	   21.7992	   19.7352	   17.7614	   15.9324	   13.9597	   12.0811	   10.7747	   9.66672	
-0.0283043	-0.0941487	 -0.246707	 -0.628546	  -1.51367	  -3.29249	   31.2341	   50.6579	   72.7356	   95.6839	   118.166	  -58.1456	  -65.8952	  -72.4468	  -77.7317	  -81.7948	   106.826	   109.514	   111.397	   112.629	   113.626	   37.1278	   39.3808	   40.1713	   41.1904	   42.5435	   94.2561	   98.2781	    102.35	   106.232	   109.836	   113.189	   116.306	   119.312	   122.038	   124.373	   126.039	   126.733	   126.198	    124.52	   121.805	   118.305	   114.205	   109.691	   103.948	   98.6497	   93.0659	   83.6723	   75.0044	      67.1	   59.8086	   53.3195	   47.7413	   42.6862	   38.2368	   34.2483	   31.5387	   29.1262	   26.8768	   25.3025	   23.7897	   22.4273	    20.687	   18.9221	   17.4232	   15.7752	   14.2003	   12.7433	   11.1745	    9.6781	    8.6345	
-0.0246712	-0.0829483	 -0.218194	 -0.557289	  -1.34439	  -2.92976	   27.5285	   44.8223	   64.6382	   85.4262	   105.987	  -54.6206	  -62.1536	  -68.5827	  -73.8078	  -77.8474	   116.524	   119.583	   121.682	   123.007	   124.106	   29.9388	   31.6949	   32.2837	   33.0666	   34.1065	   73.6314	   76.8935	   80.3273	    83.647	   86.8017	   89.7182	   92.4091	   94.9676	   97.4013	   99.6017	   101.514	   102.885	   103.469	   103.053	   101.711	   99.5191	   96.6831	   93.3628	   89.7013	   85.0348	   80.7274	   72.7566	   65.4366	   58.6792	   52.5145	   46.8253	   41.7592	   37.4015	   33.4504	   29.9708	   26.8497	   24.7261	   22.8338	   21.0684	   19.8309	   18.6421	   17.5715	   16.2072	    14.823	   13.6483	   12.3584	   11.1266	   9.98868	   8.76525	   7.59664	
-0.0213076	 -0.073584	 -0.194005	 -0.496383	  -1.19964	  -2.61996	   24.0952	   39.3856	   57.0611	   75.7677	   94.4494	  -47.1441	  -53.8828	   -59.691	  -64.4639	  -68.1881	   128.217	   131.796	   134.237	   135.734	   136.931	   25.8192	   27.2122	   27.6935	   28.3311	   29.1981	   56.0112	   58.4929	   61.2087	   63.9409	    66.572	   69.0642	   71.3513	   73.5032	   75.5233	     77.44	   79.1953	   80.7249	   81.8272	   82.3052	   81.9935	   80.9412	   79.2111	   76.9732	    74.348	   71.4498	   67.7523	   61.4427	   55.3924	   49.8346	   44.7022	   40.0183	   35.6941	   31.8417	   28.5262	   25.5187	   22.8687	   20.4905	   18.8703	   17.4255	   16.0769	   15.1303	   14.2211	   13.4025	   12.3612	   11.3044	   10.4082	   9.42518	   8.48697	   7.62149	   6.69229	
-0.0182562	-0.0648227	 -0.171229	  -0.43851	  -1.06118	   -2.3228	   20.5186	   33.6799	   49.0204	   65.4155	   81.9365	  -37.9018	  -43.5171	  -48.4131	  -52.4815	  -55.6995	   143.586	    147.93	   150.898	   152.712	   154.102	   27.7701	   29.0242	   29.5472	   30.2088	   31.1036	   41.0628	   42.8438	   44.8388	   46.9241	   49.0126	    51.018	   52.9058	   54.6679	   56.3064	   57.8406	   59.3134	   60.6649	   61.8451	   62.6992	   63.0776	   62.8478	   62.0493	   60.7346	   59.0295	   57.0268	   54.8143	   49.6504	   45.0369	   40.6121	   36.5467	   32.7913	   29.3632	   26.1974	   23.3759	   20.9465	   18.7417	   16.7983	   15.0534	   13.8634	   12.8015	   11.8098	   11.1129	   10.4438	   9.84138	   9.07635	   8.29949	   7.64128	   6.91993	   6.23186	   5.59797	
-0.0153803	-0.0562589	 -0.148644	 -0.380865	 -0.922405	  -2.02273	   16.6356	   27.4275	   40.1169	   53.8003	   67.7308	  -29.7845	  -34.3582	  -38.3921	  -41.7886	  -44.5109	   155.759	   160.931	   164.519	   166.733	   168.398	   32.5902	   33.9029	   34.5435	   35.3381	   36.3708	   28.4069	   29.6277	    30.983	    32.431	   33.9367	   35.4411	   36.8779	   38.2506	    39.518	   40.6936	   41.8063	   42.8761	   43.8592	   44.7188	   45.3441	   45.6229	   45.4609	   44.8897	   43.9443	   42.7161	   41.2726	    37.892	   34.3289	    31.145	   28.0909	   25.2844	   22.6913	   20.3236	   18.1366	   16.1868	   14.5072	   12.9824	   11.6378	     10.43	   9.60573	   8.86963	   8.18189	   7.69816	   7.23375	   6.81573	   6.28562	   5.74704	   5.29105	   4.79173	   4.31571	
-0.0127852	 -0.048519	 -0.128228	 -0.328462	 -0.795842	  -1.74765	   12.7885	   21.1782	   31.1376	   41.9805	   53.1191	   -24.249	  -28.1079	  -31.5512	  -34.4885	  -36.8802	   158.269	   164.079	   168.207	    170.83	   172.782	   36.5045	    37.973	   38.7103	   39.6451	   40.8378	   17.7448	   18.4972	    19.338	   20.2274	   21.1721	   22.1526	   23.1277	   24.0713	   24.9636	   25.7856	   26.5554	   27.2852	   27.9873	    28.633	   29.1988	   29.6099	    29.794	   29.6914	   29.3209	   28.7057	    27.906	   25.7525	   23.6461	   21.4261	   19.4419	   17.5385	   15.7891	   14.1725	   12.6961	   11.3322	   10.1157	    9.0675	   8.11557	   7.27583	   6.52134	   6.00603	   5.54559	    5.1152	   4.81225	   4.52144	   4.25973	   3.92825	   3.59128	    3.3062	   2.99426	
-0.0105208	-0.0417599	 -0.110336	 -0.282524	 -0.684528	  -1.50477	   9.28274	   15.4305	   22.8047	   30.9192	   39.3375	  -21.9485	  -25.5702	  -28.8364	  -31.6594	  -33.9943	   149.167	   155.196	   159.633	   162.566	   164.776	   38.0688	   39.7145	   40.5188	   41.5275	   42.8348	   8.80134	    9.1745	   9.58714	   10.0261	   10.4873	   10.9764	   11.4821	   11.9909	   12.4786	   12.9389	   13.3665	   13.7676	    14.148	   14.5141	   14.8512	   15.1459	     15.36	   15.4567	   15.4044	   15.2129	   14.8945	   13.8289	   12.7629	   11.7202	   10.6212	   9.63898	   8.69658	   7.83035	   7.02973	   6.29846	   5.62276	   5.01997	   4.50039	   4.02839	   3.61188	   3.23755	   2.98175	   2.75306	   2.53921	   2.38859	   2.24401	   2.11393	   1.94934	   1.78194	   1.64041	
-0.00396306	-0.0359635	-0.0950559	 -0.243286	 -0.589364	   -1.2965	   6.40927	   10.6868	   15.8641	   21.6305	   27.6814	  -21.3957	  -25.0472	  -28.3849	  -31.3026	  -33.7529	   131.815	   137.667	   142.103	   145.194	   147.577	   36.7936	   38.5249	   39.3582	   40.3789	   41.6884	   1.35081	   1.40981	   1.47334	    1.5402	   1.61079	   1.68485	   1.76314	   1.84497	   1.92657	   2.00462	   2.07885	    2.1479	   2.21269	   2.27414	   2.33334	   2.38771	    2.4352	   2.46979	   2.48545	   2.47709	   2.44636	   2.28746	   2.12393	   1.96034	   1.80035	   1.63171	   1.48098	   1.33635	   1.20341	   1.08051	  0.968244	  0.864493	  0.771919	  0.692099	  0.619571	   0.55555	  0.497996	  0.458653	  0.423461	  0.390538	  0.367336	   0.34507	   0.32504	  0.299719	  0.273951	
-0.00326929	-0.0241794	-0.0830263	 -0.212518	 -0.514774	  -1.13303	   4.33403	   7.24428	   10.7931	   14.7872	   19.0361	   -20.981	   -24.691	  -28.1131	  -31.1495	  -33.7308	   109.935	   115.252	   119.415	   122.439	   124.869	    31.966	   33.6169	   34.4076	   35.3537	   36.5433	  -4.77993	  -4.99773	  -5.22993	  -5.46788	  -5.71668	  -5.97877	  -6.25284	  -6.54588	  -6.84936	  -7.15104	  -7.44158	   -7.7188	  -7.97647	   -8.2182	  -8.44768	  -8.66815	  -8.87042	  -9.04742	  -9.17618	  -9.23443	  -9.20341	   -8.6803	  -8.11671	  -7.53677	  -6.95671	  -6.38943	  -5.79149	  -5.25701	  -4.74414	  -4.27265	  -3.83675	  -3.43852	  -3.07044	  -2.74195	  -2.45864	  -2.20115	   -1.9738	  -1.76937	  -1.62959	  -1.50449	  -1.38741	  -1.30487	  -1.22566	  -1.15442	  -1.06444	
-0.00273521	-0.0210762	-0.0656569	 -0.185993	 -0.450691	 -0.992625	   2.92804	   4.90441	   7.32837	   10.0799	   13.0415	  -19.4805	  -23.0603	   -26.393	  -29.3772	  -31.9575	   88.6263	   93.2679	   96.9975	   99.8272	   102.169	   25.1825	   26.5631	   27.2576	    28.063	   29.0559	  -9.74793	  -10.2058	  -10.7011	  -11.2039	   -11.715	  -12.2492	  -12.8098	  -13.4023	  -14.0302	  -14.6785	  -15.3267	  -15.9525	  -16.5502	  -17.1051	   -17.626	  -18.1193	  -18.5926	  -19.0275	  -19.4075	  -19.6837	  -19.8084	  -18.8535	   -17.782	  -16.6278	  -15.4403	  -14.2528	  -13.0914	  -11.8672	   -10.773	  -9.72287	  -8.75742	  -7.86475	  -7.04915	  -6.29521	  -5.62223	   -5.0417	  -4.51393	  -4.04784	  -3.62865	  -3.34195	  -3.08525	  -2.84493	  -2.67543	   -2.5128	  -2.36658	
-0.00231101	 -0.017794	-0.0555772	 -0.151354	 -0.382577	 -0.843505	    1.8126	   3.04145	     4.556	   6.28601	   8.16586	  -17.0112	  -20.2596	   -23.325	  -26.0957	  -28.5135	   71.0405	   75.0481	    78.342	   80.9241	   83.1381	   19.0537	   20.0796	    20.671	   21.3394	   22.1415	  -13.6972	  -14.3619	  -15.0809	  -15.8229	  -16.5692	   -17.327	  -18.1173	  -18.9545	  -19.8309	  -20.7576	  -21.7198	  -22.6832	  -23.6137	  -24.5028	  -25.3281	  -26.1009	  -26.8319	  -27.5342	  -28.1785	  -28.7411	  -29.1496	  -28.0139	  -26.6632	  -25.1481	  -23.5163	  -21.8376	   -20.159	  -18.5174	  -16.7871	  -15.2403	  -13.7558	   -12.391	  -11.1288	   -9.9756	   -8.9094	  -7.95756	   -7.1363	  -6.38953	  -5.72989	   -5.1365	  -4.73059	  -4.36701	  -4.02649	  -3.78627	   -3.5558	
-0.00196229	-0.0142548	-0.0446665	 -0.121808	 -0.302859	 -0.680793	  0.799273	   1.34318	   2.01578	   2.78797	   3.63254	  -13.5963	  -16.2753	  -18.8535	  -21.2191	  -23.3031	   60.5705	   64.2657	   67.3382	    69.814	   71.9899	   16.8262	   17.5722	   18.1595	   18.8099	   19.5723	  -16.7519	  -17.5993	  -18.5093	  -19.4504	  -20.4126	  -21.3789	  -22.3577	  -23.3888	  -24.4697	   -25.598	  -26.7988	  -28.0472	  -29.2966	  -30.5032	  -31.6572	  -32.7253	  -33.7244	  -34.6705	  -35.5781	  -36.4101	  -37.1362	  -35.9684	  -34.5667	     -32.9	  -31.0307	  -29.0178	  -26.9473	   -24.877	  -22.8525	  -20.7183	  -18.8106	  -16.9795	  -15.2959	  -13.7389	   -12.316	  -11.0004	   -9.8258	  -8.81213	  -7.89022	  -7.07569	  -6.34284	  -5.84147	   -5.3922	  -4.97131	  -4.67431	
-0.00165344	-0.0108203	-0.0340016	-0.0929024	 -0.231185	 -0.516127	-0.0912182	  -0.15555	 -0.236308	 -0.330037	 -0.433087	   -10.001	  -12.0209	  -13.9964	  -15.8515	  -17.5135	   54.7494	   58.3386	   61.3911	   63.8818	   66.1161	   17.2373	   17.8543	    18.525	   19.2655	   20.1167	  -19.0211	  -20.0312	  -21.1099	  -22.2193	  -23.3564	  -24.5181	  -25.6818	  -26.8709	  -28.1116	  -29.4075	  -30.7688	    -32.22	  -33.7277	  -35.2355	  -36.6924	  -38.0838	  -39.3694	   -40.573	  -41.7112	  -42.8022	  -43.8018	  -42.6639	  -41.3218	  -39.7112	  -37.7965	  -35.6493	  -33.3374	  -30.9596	  -28.5823	  -26.2577	  -23.8067	  -21.6159	   -19.513	  -17.5792	  -15.7907	  -14.1562	  -12.6448	  -11.2951	  -10.1302	  -9.07053	  -8.13411	  -7.29146	  -6.71492	   -6.1981	  -5.71377	
-0.00136887	-0.00776492	-0.0244526	-0.0669192	 -0.166755	 -0.372608	 -0.836021	   -1.4221	  -2.15081	  -2.99531	  -3.92707	  -6.80967	  -8.21096	  -9.59877	  -10.9266	  -12.1498	   49.1623	   52.6595	   55.6494	   58.1546	   60.4087	   17.1714	   17.7357	   18.4804	   19.2992	   20.2359	   -20.596	  -21.7574	  -22.9857	  -24.2444	  -25.5273	  -26.8423	  -28.1835	  -29.5374	  -30.9066	  -32.3311	  -33.8279	  -35.4025	  -37.0803	   -38.822	  -40.5635	  -42.2433	  -43.8469	  -45.3289	  -46.7145	  -48.0236	  -49.2779	  -48.1581	  -46.9061	  -45.4302	  -43.6594	  -41.5544	  -39.1943	  -36.6532	  -34.0399	  -31.4274	  -28.8727	  -26.1789	   -23.771	  -21.4596	  -19.3339	  -17.3678	  -15.5708	   -13.909	  -12.4249	  -11.1437	  -9.97811	  -8.94786	  -8.02064	   -7.3862	  -6.81728	
-0.00110316	-0.00537348	-0.0169485	 -0.046432	 -0.115829	 -0.259178	  -1.31844	  -2.24178	  -3.40993	  -4.76381	  -6.26287	  -4.52848	  -5.47512	  -6.41956	  -7.33625	  -8.19944	     41.76	   45.0211	   47.8292	   50.1914	   52.3612	   14.9853	   15.5087	    16.226	     17.02	   17.9231	  -21.5581	  -22.8603	  -24.2282	  -25.6194	  -27.0323	  -28.4729	  -29.9482	  -31.4642	  -32.9784	  -34.5042	  -36.1027	  -37.7838	  -39.5509	  -41.4328	  -43.3857	  -45.3343	  -47.2125	  -49.0077	  -50.6639	  -52.2108	  -53.6716	  -52.5933	  -51.3968	    -50.06	  -48.4846	  -46.5948	  -44.3487	  -41.8304	  -39.1193	  -36.3313	  -33.5441	  -30.8187	  -27.9446	  -25.3755	  -22.9091	  -20.6409	  -18.5426	  -16.6248	  -14.8511	  -13.2668	   -11.899	  -10.6544	  -9.55412	  -8.56373	  -7.88604	
-0.000868774	-0.00373686	-0.0117981	-0.0323434	-0.0807341	 -0.180846	  -1.44308	  -2.45932	  -3.74612	  -5.26257	  -6.94305	  -3.19302	  -3.86984	  -4.54843	  -5.21223	   -5.8479	   33.2704	   36.1234	   38.6345	   40.7599	   42.7003	    10.824	   11.2552	    11.823	    12.454	   13.1751	  -21.9811	  -23.4136	  -24.9109	   -26.427	  -27.9555	  -29.5089	  -31.0918	   -32.725	  -34.3861	  -36.0387	  -37.7148	  -39.4733	  -41.3206	  -43.2604	  -45.3261	  -47.4655	  -49.5976	  -51.6547	  -53.6194	  -55.4294	  -57.1189	  -56.0723	   -54.944	   -53.693	   -52.296	  -50.6503	  -48.6764	  -46.3304	  -43.7002	  -40.8688	  -37.9572	  -35.0466	  -32.2005	  -29.1987	  -26.5155	  -23.9393	  -21.5699	   -19.378	  -17.3744	  -15.5212	  -13.8658	  -12.4363	  -11.1354	  -9.98515	  -8.94965	
-0.000674626	-0.00281748	-0.00890314	-0.0244117	-0.0609538	 -0.136626	  -1.24098	  -2.11972	  -3.23807	  -4.55974	  -6.04839	  -2.71338	  -3.29786	  -3.88377	  -4.45965	  -5.01592	   23.7418	   25.9187	   27.9271	   29.6689	   31.2517	   4.58036	   4.79464	   5.05607	   5.34795	   5.68245	  -21.9457	  -23.4842	  -25.1005	  -26.7329	  -28.3719	  -30.0258	  -31.7062	  -33.4307	  -35.1927	  -36.9782	  -38.7654	    -40.58	  -42.4825	  -44.4782	  -46.5733	  -48.8003	  -51.1043	  -53.4017	  -55.6161	  -57.7301	  -59.6755	  -58.7243	  -57.6459	  -56.4844	  -55.1974	  -53.7611	  -52.0695	  -50.0408	  -47.6296	  -44.9265	  -42.0165	  -39.0243	  -36.0332	  -33.1083	   -30.023	  -27.2651	  -24.6171	  -22.1814	   -19.928	  -17.8681	  -15.9626	  -14.2603	  -12.7903	  -11.4522	  -10.2689	
-0.000524571	-0.00234668	-0.00742014	-0.0203481	-0.0508027	 -0.113913	 -0.891874	  -1.52619	  -2.33765	  -3.30236	  -4.39359	  -2.64951	  -3.23186	   -3.8153	   -4.3873	  -4.94229	   15.0796	   16.5213	   17.9023	   19.1678	   20.3376	   -1.5402	  -1.61701	  -1.71306	  -1.81917	  -1.94121	  -21.5251	  -23.1475	  -24.8575	  -26.5969	  -28.3397	  -30.0912	  -31.8586	  -33.6667	  -35.5045	  -37.3756	  -39.2837	  -41.1952	   -43.134	  -45.1647	  -47.2936	  -49.5237	  -51.8925	  -54.3445	  -56.7865	  -59.1388	   -61.384	  -60.5938	   -59.625	  -58.5279	  -57.3472	    -56.04	  -54.5818	  -52.8648	  -50.8058	  -48.3585	  -45.6148	  -42.6612	  -39.6243	  -36.5885	  -33.6199	  -30.4879	  -27.6884	  -25.0001	  -22.5273	  -20.2393	  -18.1477	  -16.2128	   -14.484	  -12.9909	  -11.6315	
-0.000411941	-0.00205495	-0.00650115	-0.0178267	 -0.044502	-0.0997876	 -0.551618	 -0.945169	  -1.45081	   -2.0556	  -2.74414	  -2.65615	  -3.25658	  -3.85786	  -4.44542	  -5.01229	   8.85745	   9.71963	   10.5697	   11.3834	   12.1783	  -5.45806	  -5.77767	  -6.14799	  -6.55974	  -7.02849	  -20.7988	  -22.4716	  -24.2527	  -26.0737	   -27.912	   -29.756	  -31.6097	  -33.4925	  -35.4005	  -37.3332	  -39.3136	   -41.335	  -43.3575	  -45.4063	  -47.5518	  -49.7955	  -52.1435	  -54.6398	  -57.2208	  -59.7888	  -62.2613	  -61.7141	  -60.9163	  -59.9396	  -58.8349	  -57.6469	  -56.3324	  -54.8669	  -53.1415	  -51.0725	  -48.6132	   -45.856	  -42.8878	  -39.8359	  -36.7852	   -33.802	  -30.6541	  -27.8403	  -25.1381	  -22.6523	  -20.3522	  -18.2493	  -16.3038	  -14.5654	  -13.0638	
-0.000330468	-0.00179688	-0.00569276	-0.0156065	-0.0389477	-0.0873337	 -0.309877	 -0.531512	 -0.817137	  -1.16048	  -1.55406	  -2.49159	  -3.06497	  -3.64976	  -4.21995	  -4.76635	   5.47555	   6.01148	   6.54586	   7.07496	   7.61583	  -6.40538	  -6.85214	  -7.33519	  -7.86181	  -8.46464	  -19.8383	  -21.5316	  -23.3492	  -25.2294	  -27.1381	  -29.0676	  -31.0038	  -32.9623	  -34.9333	   -36.924	  -38.9534	  -41.0349	  -43.1571	  -45.2775	  -47.4246	  -49.6682	  -52.0114	  -54.4653	  -57.0719	  -59.7645	  -62.4418	  -62.0938	  -61.5453	  -60.7465	    -59.77	  -58.6667	  -57.4812	  -56.1704	  -54.7095	  -52.9899	  -50.9276	  -48.4763	  -45.7278	  -42.7689	  -39.7267	  -36.6857	  -33.7118	  -30.5733	  -27.7679	  -25.0735	  -22.5948	  -20.3009	  -18.2037	  -16.2633	  -14.5293	
-0.000269541	-0.00154898	-0.00492049	 -0.013497	-0.0336665	-0.0754797	  -0.16855	 -0.289319	 -0.445373	 -0.633581	 -0.850535	  -2.13333	  -2.63347	  -3.14727	  -3.65834	   -4.1458	   3.93403	    4.3178	   4.70192	   5.08728	   5.49624	  -5.52777	  -5.99166	  -6.46769	  -6.97487	  -7.54442	  -18.7089	  -20.3942	  -22.2181	  -24.1229	  -26.0802	  -28.0701	  -30.0827	  -32.1143	  -34.1513	  -36.1943	  -38.2709	  -40.3899	  -42.5607	  -44.7714	  -46.9791	  -49.2092	  -51.5373	    -53.97	  -56.5145	  -59.2157	  -62.0046	   -61.862	  -61.5132	  -60.9671	  -60.1729	  -59.2034	   -58.109	  -56.9341	  -55.6358	  -54.1894	  -52.4871	  -50.4455	  -48.0183	  -45.2969	   -42.367	  -39.3546	  -36.3433	  -33.3985	    -30.29	  -27.5116	  -24.8428	  -22.3875	  -20.1151	  -18.0374	  -16.1149	
-0.000220932	-0.00127639	-0.00406442	-0.0111678	-0.0278613	-0.0624399	 -0.124614	 -0.214076	 -0.329871	 -0.469925	 -0.631906	  -1.60341	  -1.98589	  -2.38204	  -2.77955	  -3.16734	   3.53792	    3.8864	   4.22855	   4.57331	   4.94514	  -3.71232	  -4.07766	  -4.44488	  -4.83504	   -5.2631	  -17.4504	  -19.1203	  -20.9223	   -22.822	  -24.7933	  -26.8221	  -28.8861	  -30.9855	  -33.0871	   -35.187	  -37.3065	  -39.4628	  -41.6603	  -43.9093	  -46.1987	  -48.4794	  -50.7801	  -53.1843	  -55.6927	  -58.3141	  -61.0962	  -61.0899	  -60.9445	  -60.5969	  -60.0565	  -59.2713	  -58.3143	  -57.2351	  -56.0775	  -54.7989	   -53.375	  -51.6994	  -49.6895	  -47.2998	  -44.6201	  -41.7352	  -38.7689	  -35.8038	   -32.904	  -29.8424	   -27.106	  -24.4772	  -22.0586	    -19.82	   -17.773	
-0.00017947	-0.00100723	-0.00321136	-0.00883751	-0.0220746	-0.0494806	  -0.12911	 -0.221953	  -0.34239	  -0.48828	 -0.657489	  -1.05615	  -1.31123	  -1.57807	  -1.84826	  -2.11476	    3.3393	   3.67881	   4.00446	   4.32468	   4.67256	  -2.18852	  -2.43713	  -2.67621	  -2.94105	  -3.23019	   -16.116	  -17.7446	  -19.5185	  -21.3854	  -23.3415	  -25.3748	  -27.4691	  -29.6115	  -31.7732	    -33.93	  -36.0982	  -38.2886	  -40.5143	    -42.78	  -45.0982	   -47.453	  -49.7952	  -52.1598	  -54.6276	  -57.1994	  -59.8855	   -59.914	  -59.9028	  -59.7555	  -59.4109	  -58.8788	  -58.1066	  -57.1666	  -56.1075	  -54.9724	  -53.7194	  -52.3245	   -50.683	  -48.7138	  -46.3722	  -43.7462	  -40.9189	  -38.0119	   -35.106	  -32.2639	  -29.2628	  -26.5804	  -24.0033	  -21.6321	  -19.4371	
-0.000143885	-0.000769573	-0.00245365	-0.00675591	-0.0169025	-0.0379312	 -0.135325	 -0.232811	 -0.359519	 -0.513365	 -0.691969	 -0.619789	  -0.77055	 -0.929487	  -1.09228	  -1.25434	   2.85115	   3.15867	   3.44768	   3.72333	    4.0147	  -1.43354	  -1.61207	  -1.77781	   -1.9689	  -2.18562	  -14.7202	  -16.3166	  -18.0369	  -19.8663	  -21.7803	  -23.7893	  -25.8795	  -28.0439	  -30.2411	  -32.4512	  -34.6694	   -36.901	  -39.1525	   -41.438	  -43.7641	   -46.139	  -48.5485	  -50.9465	  -53.3634	  -55.8838	  -58.5083	   -58.493	  -58.5157	  -58.4999	  -58.3516	  -58.0117	    -57.49	  -56.7337	  -55.8143	  -54.7794	   -53.671	  -52.4481	  -51.0873	  -49.4858	  -47.5645	  -45.2793	  -42.7164	  -39.9568	  -37.1193	   -34.283	  -31.5088	  -28.5788	    -25.96	  -23.4437	  -21.1282	
-0.000113039	-0.000585466	-0.00186447	-0.00513056	-0.0128428	-0.0288509	  -0.12678	 -0.218417	 -0.337724	  -0.48286	 -0.651713	  -0.33517	 -0.417117	  -0.50371	 -0.593194	 -0.683471	   1.89717	   2.11119	   2.31768	   2.50938	   2.70448	  -1.68084	   -1.8706	  -2.06428	  -2.29653	  -2.57006	  -13.2675	  -14.8466	  -16.5241	  -18.2911	  -20.1596	  -22.1181	  -24.1759	  -26.3279	  -28.5401	   -30.779	  -33.0442	  -35.3194	  -37.6049	  -39.9088	   -42.247	  -44.6216	  -47.0436	  -49.5027	  -51.9459	  -54.4053	  -56.9687	  -56.9536	  -56.9325	  -56.9495	  -56.9296	   -56.781	  -56.4469	  -55.9374	  -55.1994	  -54.3034	  -53.2959	  -52.2175	  -51.0284	  -49.7054	  -48.1487	  -46.2806	  -44.0583	  -41.5657	  -38.8816	  -36.1218	   -33.363	  -30.6645	  -27.8139	   -25.266	  -22.8176	
-8.69291e-05	-0.000457525	-0.00145354	-0.00399265	-0.00998454	-0.0224356	 -0.112666	 -0.194539	 -0.301416	 -0.431691	 -0.583455	 -0.156682	 -0.195099	  -0.23576	 -0.277851	 -0.320751	   0.82613	  0.923812	   1.01882	   1.10965	   1.19875	   -2.4638	  -2.70526	  -2.98053	  -3.31815	  -3.73119	  -11.7821	  -13.3352	  -14.9862	  -16.7033	  -18.5023	  -20.4082	  -22.4078	  -24.5194	  -26.7122	  -28.9599	  -31.2476	   -33.564	  -35.8873	  -38.2188	  -40.5684	  -42.9484	  -45.3627	  -47.8274	  -50.3264	  -52.8056	   -55.299	  -55.2924	  -55.2711	  -55.2446	  -55.2562	  -55.2326	  -55.0844	  -54.7572	  -54.2612	  -53.5435	  -52.6731	  -51.6952	  -50.6494	  -49.4966	  -48.2146	  -46.7059	  -44.8952	  -42.7407	  -40.3238	  -37.7211	  -35.0449	  -32.3697	  -29.7528	  -26.9877	  -24.5164	
-6.6365e-05	-0.000381463	-0.00121245	-0.00331989	-0.00828309	-0.0185997	-0.0924661	  -0.15994	  -0.24855	 -0.356916	 -0.483386	-0.0676587	-0.0843386	 -0.101933	 -0.120163	 -0.138761	 -0.141264	 -0.158484	 -0.175663	 -0.192223	 -0.208922	   -3.3953	  -3.70357	   -4.0665	  -4.51912	  -5.08558	  -10.3387	  -11.8044	  -13.4207	  -15.1056	  -16.8489	  -18.6787	  -20.6193	  -22.6652	  -24.8111	  -27.0335	  -29.3244	  -31.6573	  -34.0163	  -36.3802	  -38.7517	   -41.137	  -43.5505	  -46.0011	  -48.4994	  -51.0297	   -53.537	  -53.5351	  -53.5223	  -53.4953	  -53.4638	  -53.4703	  -53.4434	  -53.2962	  -52.9769	  -52.4954	  -51.7992	  -50.9561	  -50.0097	  -48.9982	  -47.8838	  -46.6447	  -45.1866	  -43.4362	   -41.353	  -39.0158	  -36.4987	  -33.9106	  -31.3232	  -28.7921	  -26.1172	
-5.04877e-05	-0.000332724	-0.00105641	-0.00289101	-0.0071878	-0.0161125	-0.0713546	 -0.123492	  -0.19236	 -0.277289	 -0.376758	-0.0295669	 -0.036902	-0.0446358	 -0.052602	-0.0607286	 -0.772534	 -0.867936	  -0.96512	  -1.06156	  -1.15931	  -3.98526	  -4.34623	  -4.76423	  -5.27471	   -5.9249	  -8.99782	  -10.3279	  -11.8474	  -13.4925	  -15.1994	  -16.9682	  -18.8267	   -20.807	  -22.8812	   -25.051	  -27.3112	  -29.6421	   -32.012	  -34.4067	  -36.8059	  -39.2078	  -41.6212	  -44.0655	  -46.5439	  -49.0681	  -51.6223	  -51.7149	  -51.7062	  -51.6877	  -51.6553	  -51.6193	  -51.6212	  -51.5912	  -51.4457	  -51.1347	  -50.6685	   -49.995	  -49.1802	  -48.2664	  -47.2905	  -46.2158	  -45.0212	  -43.6153	  -41.9271	  -39.9176	  -37.6628	  -35.2342	   -32.737	  -30.2404	  -27.7981	
-3.77017e-05	-0.000299038	-0.000948792	-0.00259114	-0.00643607	-0.0143853	-0.0516489	-0.0893479	   -0.1393	 -0.201419	 -0.274982	-0.0113191	-0.0140096	-0.0169628	-0.0199984	 -0.023067	  -1.01949	  -1.14461	   -1.2742	  -1.40596	  -1.54353	  -4.05422	  -4.44531	  -4.88157	  -5.39401	  -6.03484	  -7.80226	  -8.96457	  -10.3393	  -11.8823	  -13.5455	  -15.2737	  -17.0665	  -18.9586	  -20.9621	  -23.0551	  -25.2572	  -27.5524	  -29.9155	  -32.3161	  -34.7418	  -37.1674	  -39.5928	  -42.0321	  -44.4994	  -46.9984	  -49.5417	  -49.7693	   -49.852	  -49.8368	  -49.8129	  -49.7758	  -49.7357	  -49.7333	  -49.7008	  -49.5572	  -49.2551	  -48.8047	  -48.1546	  -47.3689	  -46.4885	  -45.5489	  -44.5146	  -43.3653	  -42.0125	  -40.3879	  -38.4534	  -36.2825	  -33.9442	  -31.5396	  -29.1356	
-2.74865e-05	-0.000257378	-0.000819618	-0.00223381	-0.00553585	-0.0123687	-0.0374781	-0.0647598	 -0.100941	 -0.146143	 -0.200301	0.00478053	0.00622401	0.00771795	0.00910517	 0.0105014	 -0.934789	  -1.04796	  -1.16513	  -1.28662	  -1.41683	  -3.57854	  -3.94218	   -4.3568	  -4.82198	  -5.38301	   -6.7624	  -7.75541	  -8.95411	   -10.347	  -11.9039	  -13.5849	  -15.3331	  -17.1546	  -19.0653	  -21.0834	  -23.2035	  -25.4356	  -27.7585	  -30.1482	  -32.5753	  -35.0236	  -37.4691	  -39.9163	  -42.3743	   -44.858	  -47.3716	  -47.6823	  -47.8954	  -47.9686	  -47.9474	  -47.9186	  -47.8771	  -47.8334	  -47.8271	  -47.7923	  -47.6511	  -47.3583	   -46.924	  -46.2975	  -45.5413	  -44.6946	  -43.7917	  -42.7983	  -41.6946	  -40.3954	  -38.8347	  -36.9759	  -34.8897	  -32.6423	  -30.3312	
-1.95152e-05	-0.00019681	-0.000630316	-0.00172181	-0.00425755	-0.00949474	-0.0303948	-0.0524258	 -0.081635	 -0.118174	 -0.162251	 0.0203019	 0.0258879	 0.0318125	 0.0377968	 0.0436012	 -0.720657	  -0.80598	 -0.894114	 -0.985464	  -1.08564	  -2.83752	  -3.14356	  -3.49131	  -3.88906	  -4.34808	  -5.87429	  -6.70862	  -7.73097	  -8.94298	  -10.3457	  -11.9165	  -13.6142	  -15.3872	  -17.2236	  -19.1451	   -21.186	  -23.3314	  -25.5867	  -27.9323	  -30.3447	  -32.7906	  -35.2556	  -37.7197	  -40.1821	  -42.6526	  -45.1471	  -45.5255	  -45.8184	  -46.0175	  -46.0814	  -46.0547	  -46.0215	  -45.9761	  -45.9292	  -45.9193	  -45.8826	   -45.744	  -45.4607	  -45.0426	  -44.4399	  -43.7133	  -42.9005	  -42.0343	  -41.0817	  -40.0235	  -38.7779	  -37.2811	   -35.498	  -33.4963	  -31.3399	
-1.3706e-05	-0.000121976	-0.000393666	-0.00108017	-0.00267649	-0.00595991	-0.0291835	-0.0504236	-0.0783892	 -0.113347	 -0.155596	 0.0377376	 0.0481794	 0.0594593	 0.0709458	 0.0822158	 -0.522355	 -0.583376	 -0.645051	 -0.708827	 -0.778831	  -2.09435	  -2.32765	  -2.59948	  -2.90996	  -3.27466	  -5.10704	  -5.81831	  -6.67624	  -7.70797	  -8.92632	  -10.3392	  -11.9231	  -13.6418	   -15.427	  -17.2714	  -19.2119	  -21.2742	  -23.4386	  -25.7125	  -28.0774	  -30.5055	  -32.9647	  -35.4455	   -37.922	  -40.3938	  -42.8717	  -43.3312	  -43.6886	   -43.964	  -44.1494	  -44.2047	  -44.1729	  -44.1356	  -44.0869	  -44.0371	   -44.024	  -43.9857	  -43.8499	  -43.5761	  -43.1743	  -42.5954	  -41.8982	  -41.1191	  -40.2893	  -39.3771	  -38.3642	  -37.1716	  -35.7382	  -34.0302	  -32.1124	
-9.38503e-06	-5.46006e-05	-0.000172827	-0.000477463	-0.00118865	-0.00265504	-0.0298821	-0.0516898	-0.0805959	 -0.116324	 -0.159439	 0.0525266	 0.0670966	 0.0832248	  0.100074	  0.116619	 -0.383123	  -0.42741	 -0.471537	 -0.515976	 -0.564725	  -1.48472	   -1.6499	  -1.84757	  -2.07982	  -2.35216	  -4.42788	  -5.05184	  -5.78234	  -6.64662	  -7.68191	  -8.90707	  -10.3296	  -11.9306	  -13.6592	  -15.4506	   -17.311	  -19.2692	  -21.3469	  -23.5262	   -25.816	  -28.1937	  -30.6326	  -33.1046	  -35.5954	  -38.0791	  -40.5555	  -41.1005	  -41.5351	   -41.872	  -42.1305	  -42.3026	  -42.3497	  -42.3134	  -42.2725	  -42.2207	  -42.1685	  -42.1525	  -42.1127	  -41.9799	  -41.7158	    -41.33	  -40.7747	  -40.1067	  -39.3607	  -38.5669	  -37.6947	  -36.7263	  -35.5861	  -34.2152	  -32.5811	
-6.3657e-06	-9.0988e-07	-2.89094e-06	-7.80913e-06	-2.1049e-05	-5.1665e-05	-0.0316311	-0.0546904	-0.0855023	 -0.123915	 -0.169433	 0.0654733	 0.0834964	  0.103734	   0.12557	  0.147674	 -0.273255	 -0.305434	 -0.336321	 -0.366867	 -0.399401	  -1.01139	  -1.11919	  -1.25232	  -1.41342	  -1.60756	  -3.80908	   -4.3752	  -5.01505	  -5.74981	  -6.61564	  -7.65516	  -8.88695	  -10.3229	  -11.9313	  -13.6646	  -15.4697	   -17.345	  -19.3154	   -21.405	  -23.5969	  -25.8966	  -28.2828	  -30.7323	  -33.2118	  -35.7077	   -38.194	  -38.8416	  -39.3576	  -39.7681	  -40.0849	   -40.327	  -40.4865	  -40.5259	  -40.4855	  -40.4413	  -40.3869	  -40.3326	  -40.3139	  -40.2729	  -40.1433	  -39.8887	  -39.5188	  -38.9866	  -38.3472	  -37.6339	  -36.8754	  -36.0424	  -35.1177	  -34.0288	  -32.7192	
-4.3787e-06	3.00083e-05	9.59763e-05	0.000259515	0.000634358	0.00142572	-0.0305209	-0.0530694	-0.0830016	 -0.120778	 -0.166001	 0.0706226	  0.089746	  0.111299	  0.135026	  0.160033	 -0.187367	 -0.210612	  -0.23223	 -0.252617	 -0.273865	 -0.668145	  -0.73427	 -0.817682	 -0.921853	  -1.05114	  -3.25645	  -3.75983	  -4.33924	  -4.98201	  -5.71707	  -6.58525	  -7.62904	   -8.8709	  -10.3119	  -11.9234	  -13.6685	  -15.4865	  -17.3715	   -19.351	  -21.4506	  -23.6497	  -25.9555	  -28.3503	  -30.8054	   -33.288	  -35.7849	  -36.5488	  -37.1625	  -37.6504	  -38.0373	  -38.3349	  -38.5612	  -38.7086	  -38.7407	  -38.6966	  -38.6496	  -38.5929	  -38.5368	  -38.5156	  -38.4736	  -38.3472	   -38.102	  -37.7476	  -37.2382	  -36.6269	  -35.9455	  -35.2215	  -34.4267	  -33.5447	  -32.5059	
-3.06098e-06	3.91591e-05	0.000126169	0.000342461	0.000837289	0.00184422	 -0.024446	-0.0428195	-0.0675075	-0.0982929	 -0.135824	 0.0641876	  0.081201	  0.100273	  0.121383	  0.144163	 -0.110036	 -0.125016	 -0.138587	 -0.150868	 -0.162926	 -0.398645	 -0.433494	 -0.479512	 -0.537688	 -0.612264	  -2.76484	  -3.21116	  -3.72561	  -4.30711	  -4.94951	  -5.68574	  -6.55644	  -7.60765	  -8.85247	  -10.2949	  -11.9162	  -13.6727	  -15.4987	  -17.3908	  -19.3779	  -21.4826	  -23.6855	  -25.9977	  -28.3967	  -30.8535	  -33.3354	  -34.2183	  -34.9432	   -35.524	  -35.9845	  -36.3487	  -36.6277	  -36.8388	  -36.9747	  -37.0001	  -36.9527	  -36.9031	  -36.8444	  -36.7867	  -36.7633	  -36.7205	  -36.5973	  -36.3614	  -36.0221	  -35.5349	  -34.9509	  -34.3006	  -33.6102	  -32.8526	  -32.0121	
-1.78225e-06	3.31363e-05	0.000107558	0.00029329	0.000719242	0.00158477	-0.0143353	-0.0253547	-0.0403914	-0.0594538	-0.0821832	 0.0477018	 0.0607393	 0.0745074	 0.0896933	  0.106268	-0.0377655	 -0.043296	-0.0485164	 -0.053079	-0.0573139	 -0.179158	 -0.194224	 -0.212988	 -0.237046	 -0.268338	    -2.339	  -2.72376	  -3.17927	  -3.69515	    -4.276	  -4.91892	  -5.65657	  -6.53271	  -7.58526	  -8.83013	  -10.2804	  -11.9112	  -13.6745	  -15.5064	  -17.4043	  -19.3946	  -21.5014	  -23.7089	  -26.0236	   -28.423	  -30.8782	  -31.8559	  -32.6945	  -33.3815	  -33.9303	  -34.3643	  -34.7067	  -34.9678	  -35.1645	  -35.2895	  -35.3086	  -35.2582	  -35.2064	  -35.1459	  -35.0868	  -35.0614	  -35.0179	  -34.8979	   -34.671	  -34.3465	  -33.8808	  -33.3234	  -32.7033	  -32.0454	  -31.3239	
-1.24322e-06	1.85251e-05	6.05635e-05	0.000165898	0.000408616	0.000903047	-0.00439208	-0.00759439	-0.0122522	 -0.018278	-0.0256056	 0.0279506	 0.0358378	 0.0442575	 0.0528213	 0.0621478	 0.0227556	 0.0261547	 0.0295733	 0.0327026	 0.0354626	-0.00900322	-0.00979525	-0.0106602	-0.0117511	-0.0131945	  -1.98002	  -2.30219	   -2.6945	  -3.15099	  -3.66604	  -4.24711	  -4.89081	  -5.63259	  -6.50891	   -7.5605	  -8.81138	  -10.2692	  -11.9057	  -13.6741	  -15.5109	  -17.4107	  -19.4016	  -21.5113	  -23.7197	  -26.0337	  -28.4306	  -29.4923	   -30.421	  -31.2165	  -31.8668	  -32.3848	  -32.7934	  -33.1147	  -33.3587	  -33.5416	  -33.6562	  -33.6694	  -33.6164	  -33.5626	  -33.5005	  -33.4404	  -33.4131	   -33.369	  -33.2522	  -33.0342	  -32.7239	  -32.2791	  -31.7473	  -31.1564	  -30.5301	
1.75012e-06	6.58749e-06	2.16857e-05	5.9634e-05	0.000147884	0.000327953	0.00339944	0.00591567	0.00929824	 0.0140936	 0.0200682	 0.0109768	 0.0140553	 0.0174827	 0.0210063	 0.0244534	 0.0664187	 0.0760343	 0.0861484	 0.0961024	  0.105278	  0.113256	   0.12167	   0.13145	  0.143669	  0.159656	  -1.68561	  -1.94743	  -2.27578	  -2.66867	  -3.12424	  -3.63929	  -4.22086	  -4.86788	   -5.6092	  -6.48387	  -7.54002	   -8.7968	  -10.2589	  -11.8995	  -13.6723	  -15.5105	  -17.4101	  -19.4025	  -21.5121	  -23.7185	   -26.029	  -27.1427	  -28.1517	  -29.0329	  -29.7866	  -30.4014	  -30.8897	  -31.2738	   -31.575	  -31.8027	  -31.9725	  -32.0772	   -32.085	  -32.0295	  -31.9739	  -31.9106	  -31.8495	  -31.8206	  -31.7759	  -31.6623	  -31.4528	  -31.1564	  -30.7317	  -30.2248	  -29.6621	
1.20466e-06	7.6661e-06	-3.92435e-06	-1.08213e-05	-2.59165e-05	-5.76291e-05	0.00799912	 0.0140485	 0.0222988	 0.0327375	 0.0475167	-0.000665694	-0.000867438	-0.00107608	-0.00130233	-0.00152595	 0.0923381	  0.104678	  0.118009	  0.131825	  0.145577	  0.187712	  0.202282	  0.217845	  0.236142	  0.259984	  -1.44703	  -1.65707	  -1.92393	  -2.25252	  -2.64443	  -3.09988	   -3.6152	  -4.19963	  -4.84598	  -5.58537	  -6.46352	  -7.52415	  -8.78379	   -10.249	  -11.8932	  -13.6676	  -15.5053	  -17.4057	  -19.3969	  -21.5038	  -23.7059	  -24.8409	  -25.8995	  -26.8573	  -27.6924	  -28.4059	  -28.9866	  -29.4464	  -29.8071	  -30.0892	  -30.3013	  -30.4586	  -30.5539	  -30.5566	   -30.499	  -30.4419	  -30.3775	  -30.3156	  -30.2852	  -30.2401	  -30.1296	  -29.9284	  -29.6452	  -29.2401	  -28.7571	
8.78646e-07	2.21597e-06	7.40158e-06	-3.76529e-05	-9.22472e-05	-0.000205276	 0.0095976	 0.0170022	 0.0273326	 0.0406415	 0.0566954	-0.00664844	-0.00884872	-0.0111878	 -0.013484	 -0.015911	  0.102033	   0.11401	  0.127096	  0.141116	  0.155882	  0.215867	  0.234692	  0.253113	  0.273265	   0.29816	  -1.25593	  -1.42223	  -1.63642	  -1.90325	   -2.2308	  -2.62247	  -3.07809	  -3.59587	  -4.17975	  -4.82423	  -5.56649	  -6.44797	  -7.51028	  -8.77186	  -10.2398	  -11.8854	  -13.6597	  -15.4983	  -17.3972	   -19.385	   -21.487	  -22.6175	  -23.6961	  -24.7013	  -25.6095	  -26.4003	  -27.0751	   -27.623	  -28.0557	  -28.3941	  -28.6579	  -28.8552	  -29.0005	   -29.087	  -29.0849	  -29.0255	  -28.9671	  -28.9019	  -28.8393	  -28.8075	  -28.7622	  -28.6547	  -28.4615	  -28.1912	  -27.8049	
7.2687e-07	1.19872e-06	4.04839e-06	1.11756e-05	-7.9234e-05	-0.000175793	0.00907578	 0.0161766	  0.026306	 0.0397376	 0.0562697	-0.00855495	-0.0116707	-0.0150977	-0.0185662	-0.0217838	 0.0954822	  0.107305	  0.117705	  0.129055	  0.141499	  0.204376	  0.223619	   0.24296	  0.262465	  0.285023	   -1.1013	   -1.2345	  -1.40428	  -1.61825	  -1.88398	  -2.21117	  -2.60291	   -3.0607	  -3.57806	  -4.16048	  -4.80764	  -5.55254	  -6.43468	  -7.49785	  -8.76116	    -10.23	  -11.8756	  -13.6515	  -15.4892	  -17.3846	   -19.367	   -20.497	  -21.5707	  -22.5945	  -23.5479	  -24.4084	  -25.1566	  -25.7944	  -26.3112	  -26.7179	  -27.0351	  -27.2813	  -27.4646	  -27.5986	  -27.6767	  -27.6702	  -27.6093	  -27.5498	  -27.4838	  -27.4208	  -27.3878	  -27.3422	  -27.2378	  -27.0525	  -26.7946	
5.88721e-07	1.79463e-06	6.14228e-06	1.69057e-05	4.15559e-05	-9.21808e-05	0.00743586	 0.0132732	 0.0217606	 0.0333281	 0.0480654	-0.00793193	-0.0102204	-0.0135778	-0.0171043	-0.0204892	 0.0751195	 0.0849464	 0.0936603	  0.100897	  0.109067	  0.163113	  0.178137	  0.194481	  0.211449	  0.229596	 -0.975546	  -1.08289	  -1.21909	  -1.38851	  -1.60136	  -1.86661	  -2.19375	  -2.58739	  -3.04498	  -3.56129	  -4.14657	  -4.79614	  -5.54109	  -6.42317	   -7.4871	  -8.75053	  -10.2193	  -11.8669	  -13.6431	  -15.4783	  -17.3684	  -18.4737	  -19.5465	   -20.565	  -21.5357	  -22.4394	  -23.2542	  -23.9618	  -24.5642	  -25.0513	  -25.4333	  -25.7301	  -25.9597	  -26.1295	  -26.2527	  -26.3229	  -26.3125	  -26.2502	  -26.1898	  -26.1234	  -26.0601	  -26.0259	  -25.9803	   -25.879	  -25.7012	
4.62508e-07	2.73015e-06	9.4291e-06	2.57217e-05	6.19857e-05	0.000134885	0.00545322	0.00967302	 0.0159027	 0.0245887	 0.0360243	-0.00612826	-0.0080434	-0.0100025	-0.0129562	-0.0159078	 0.0439952	 0.0493156	 0.0546788	 0.0591686	 0.0627391	 0.0997023	   0.10779	  0.117268	  0.127965	  0.139709	 -0.869513	 -0.959937	  -1.06994	  -1.20572	  -1.37402	   -1.5863	  -1.85136	   -2.1801	   -2.5737	  -3.03076	  -3.55011	  -4.13809	  -4.78761	  -5.53204	  -6.41402	   -7.4774	  -8.74037	   -10.211	  -11.8597	  -13.6352	  -15.4665	  -16.5696	  -17.6183	  -18.6356	  -19.6008	  -20.5206	  -21.3765	  -22.1477	  -22.8164	  -23.3852	  -23.8438	  -24.2022	  -24.4795	  -24.6932	  -24.8502	  -24.9632	  -25.0261	   -25.012	  -24.9486	  -24.8874	  -24.8206	   -24.757	   -24.722	  -24.6764	  -24.5781	
3.5807e-07	3.39142e-06	 1.162e-05	3.10304e-05	7.29147e-05	0.000155242	0.00344337	0.00622748	 0.0101849	 0.0158004	 0.0233999	-0.00414273	-0.00556245	-0.00704954	-0.00847391	-0.0107039	0.00223125	0.00255262	0.00280161	0.00304691	0.00324147	 0.0173373	  0.018381	 0.0197641	 0.0214611	 0.0234859	 -0.776837	 -0.856719	 -0.949518	   -1.0591	  -1.19381	  -1.36149	  -1.57344	  -1.83977	  -2.16854	  -2.56202	  -3.02251	  -3.54492	  -4.13346	  -4.78262	  -5.52662	  -6.40744	  -7.46989	  -8.73429	  -10.2065	   -11.856	  -13.6301	  -14.7613	  -15.8082	  -16.8022	   -17.766	  -18.6798	  -19.5507	  -20.3609	  -21.0903	  -21.7219	  -22.2584	  -22.6898	  -23.0255	  -23.2843	  -23.4827	  -23.6274	  -23.7308	  -23.7867	  -23.7692	  -23.7048	  -23.6429	  -23.5757	  -23.5119	  -23.4761	  -23.4307	
2.3863e-07	3.10721e-06	1.01718e-05	2.62041e-05	5.96775e-05	0.000123873	0.00184361	0.00320565	0.00537385	0.00829134	 0.0123276	-0.00272535	  -0.00373	-0.0048399	-0.0059255	-0.00689153	-0.0470956	-0.0551995	-0.0617804	-0.0664508	-0.0709721	-0.0627923	-0.0901468	 -0.095117	 -0.101909	 -0.110798	 -0.693007	 -0.767152	 -0.849117	 -0.941548	  -1.05017	  -1.18423	  -1.35142	  -1.56434	  -1.83064	   -2.1596	   -2.5569	  -3.02119	  -3.54496	  -4.13424	  -4.78341	  -5.52621	  -6.40558	  -7.46894	  -8.73475	  -10.2088	  -11.8592	  -13.0189	  -14.0947	  -15.0875	  -16.0287	  -16.9408	   -17.805	  -18.6288	  -19.3951	  -20.0844	  -20.6803	  -21.1859	  -21.5911	  -21.9049	  -22.1458	  -22.3296	  -22.4626	  -22.5567	  -22.6059	   -22.585	  -22.5195	  -22.4569	  -22.3893	  -22.3253	  -22.2888	
1.35477e-06	5.8612e-06	1.89838e-05	4.45153e-05	9.23461e-05	0.000177971	0.000773362	0.00137456	0.00225911	0.00351711	0.00521008	0.00466064	0.00642714	0.00852386	 0.0108027	 0.0130313	 0.0110079	 0.0125582	 0.0140551	 0.0153929	 0.0164369	-0.00617825	-0.0320859	-0.0328218	-0.0334893	-0.0344104	         	         	         	         	         	         	         	         	         	         	         	         	         	         	         	         	         	         	         	         	         	         	         	         	         	         	         	         	         	         	         	         	         	         	         	         	         	         	         	         	         	         	         	         	         	
         	         	         	         	         	         	         	         	         	         	         	         	         	         	         	         	         	         	         	         	         	         	         	         	         	         	         	         	         	         	         	         	         	         	         	         	         	         	         	         	         	         	         	         	         	         	         	         	         	         	         	         	         	         	         	         	         	         	         	         	         	         	         	         	         	         	         	         	         	         	         	
         	         	         	         	         	         	         	         	         	         	         	         	         	         	         	         	         	         	         	         	         	         	         	         	         	         	         	         	         	         	         	         	         	         	         	         	         	         	         	         	         	         	         	         	         	         	         	         	         	         	         	         	         	         	         	         	         	         	         	         	         	         	         	         	         	         	         	         	         	         	         	
-0.0202594	  0.121608	  0.130198	-0.0339539	 -0.960453	  -1.16535	  -2.91709	   -13.181	  -38.5784	  -94.5398	  -293.888	  -61.7174	  -74.3456	  -86.4916	  -97.5005	  -106.788	  -12.3065	  -12.7362	  -12.6107	  -12.2566	  -11.5809	   47.1462	   40.9251	   31.6577	    21.968	   16.2677	  -11.1976	  -9.99845	  -8.88488	  -6.96839	  -6.20141	  -5.29139	  -4.87236	  -4.55796	  -4.26204	  -3.94187	  -3.64627	  -3.37842	  -3.12656	  -2.91496	  -2.73126	  -2.56935	  -2.41964	  -2.29582	  -2.18455	  -2.07916	  -1.97815	  -1.79621	  -1.62976	  -1.47719	  -1.33697	  -1.20839	  -1.09116	 -0.984491	  -0.88752	 -0.799382	 -0.719391	  -0.64693	 -0.581458	 -0.522452	 -0.469406	 -0.421808	 -0.379163	 -0.340996	 -0.306867	 -0.276373	 -0.249125	 -0.224766	 -0.202986	 -0.183512	 -0.166093	
0.000782336	 0.0397701	0.00177733	 -0.188411	  -0.95979	  -1.41253	   1.06855	    -5.516	  -18.8461	  -48.1528	   -107.87	  -8.43659	  -4.74354	  -5.51872	   -6.2313	  -6.84656	  -24.9944	  -26.1318	  -26.5447	  -25.6829	  -25.1831	   22.8054	   20.8049	   18.6465	   15.9556	   12.4884	  -15.3429	  -13.7307	  -12.8659	  -11.8187	  -9.72745	  -8.82465	  -7.66416	   -7.0772	   -6.6321	  -6.17785	  -5.70895	  -5.29997	  -4.90703	  -4.57098	  -4.28971	  -4.04785	  -3.82758	  -3.62034	  -3.44264	  -3.27861	  -3.12175	  -2.83688	  -2.57573	   -2.3361	  -2.11566	  -1.91288	  -1.72747	    -1.559	   -1.4062	  -1.26766	  -1.14209	  -1.02843	  -0.92573	 -0.833125	 -0.749776	 -0.674885	 -0.607677	 -0.547423	 -0.493438	 -0.445096	 -0.401826	 -0.363084	 -0.328371	 -0.297255	 -0.269351	
0.000186576	-0.00493002	-0.0600402	 -0.251004	 -0.864801	  -1.36198	   2.46333	  0.529175	  -8.36465	  -24.5919	  -58.0917	   24.6453	   41.4711	    55.233	   63.1757	   70.3311	  -34.5817	  -36.7641	  -38.0605	  -38.3127	  -37.1088	   4.14653	   3.82162	   3.50307	     3.188	   2.82434	  -20.0761	  -16.3372	  -14.9147	  -14.0784	  -12.9801	  -10.8361	  -9.82358	  -8.57879	  -7.93732	  -7.42394	  -6.89167	  -6.37378	  -5.91743	  -5.49763	  -5.13901	  -4.83821	  -4.57492	  -4.33226	  -4.10321	  -3.90366	  -3.71814	  -3.38099	  -3.07222	  -2.78886	  -2.52848	  -2.28884	  -2.06865	  -1.86768	  -1.68529	  -1.52002	  -1.37032	  -1.23476	  -1.11218	  -1.00153	 -0.901815	 -0.812101	 -0.731498	 -0.659156	 -0.594278	 -0.536126	 -0.484024	 -0.437354	 -0.395533	 -0.358028	 -0.324376	
1.2592e-05	-0.00109604	-0.00412088	-0.0608249	 -0.266783	 -0.261003	  0.596514	 -0.653676	  -5.63589	  -18.8853	  -40.2566	   11.8515	   10.6053	   23.7344	    33.954	   38.6538	  -41.5884	  -45.1012	  -47.8181	  -49.4052	  -49.9725	  -26.7944	  -26.4799	  -25.3374	  -23.3608	  -21.4978	  -24.0586	  -19.5855	  -16.0466	  -14.7032	  -13.9024	  -12.8435	  -10.7372	  -9.73349	  -8.51024	  -7.87107	  -7.34972	  -6.81641	  -6.29906	  -5.85616	  -5.44958	  -5.10219	  -4.80888	  -4.55014	  -4.31029	   -4.0833	  -3.88497	  -3.53385	  -3.21337	  -2.91979	  -2.65031	  -2.40264	  -2.17472	  -1.96539	   -1.7744	   -1.6011	  -1.44409	  -1.30188	  -1.17314	  -1.05675	 -0.951694	 -0.857034	  -0.77187	 -0.695355	 -0.626678	 -0.565083	 -0.509869	 -0.460394	  -0.41607	 -0.376344	 -0.340712	
         	-8.90668e-05	-0.000732386	-0.00274603	-0.0549039	 0.0312435	  0.169788	 -0.311782	  -2.49635	  -8.94849	  -24.0383	   9.70517	   5.79968	   2.98955	   13.8565	   22.1057	   -39.789	  -44.1578	  -47.8648	  -50.7441	  -52.6798	  -42.9459	  -41.9278	  -41.4593	  -39.8183	  -36.9922	  -25.7244	  -23.0908	  -18.8419	  -15.4595	  -14.1856	   -13.437	  -12.4208	  -10.3811	  -9.41207	  -8.22479	  -7.59954	  -7.08951	   -6.5675	  -6.07134	  -5.64997	   -5.2637	  -4.93226	  -4.65101	  -4.40157	  -4.16973	  -3.95011	  -3.58909	  -3.26471	  -2.96863	   -2.6974	  -2.44844	  -2.21963	  -2.00907	  -1.81569	  -1.63924	  -1.47914	  -1.33409	  -1.20272	  -1.08378	 -0.976254	 -0.879197	 -0.791746	 -0.713067	 -0.642378	 -0.578931	 -0.522027	 -0.471018	  -0.42531	 -0.384362	 -0.347662	
         	         	-5.46922e-05	-0.000447926	-0.00167988	 0.0699015	 0.0848709	-0.0229491	 -0.722903	  -3.29468	  -10.2929	   10.8892	   7.93016	   3.65348	  0.408051	    10.241	  -33.0512	  -37.6097	   -41.733	  -45.2519	  -48.1961	  -45.3558	  -46.1776	  -45.2846	  -44.9352	  -43.3884	  -26.6685	  -24.7391	  -22.2402	  -18.1697	  -14.9355	  -13.7243	  -13.0071	  -12.0243	   -10.047	  -9.10749	  -7.95064	  -7.33976	   -6.8392	  -6.33583	   -5.8618	  -5.46121	  -5.09259	  -4.77463	  -4.50348	  -4.26231	  -4.03785	    -3.653	  -3.31911	  -3.01911	  -2.74529	  -2.49447	  -2.26423	  -2.05264	  -1.85792	  -1.67909	  -1.51592	  -1.36786	  -1.23372	  -1.11223	  -1.00224	 -0.902803	 -0.813047	 -0.732172	 -0.659411	 -0.594038	 -0.535362	 -0.482738	 -0.435565	 -0.393296	 -0.355428	
         	         	         	-2.93127e-05	-0.000239305	 0.0387594	 0.0655011	 0.0557014	 -0.081915	   -0.8313	  -3.45464	   7.87845	    10.704	   7.97589	   4.01088	   1.05124	  -23.7667	  -28.0206	  -31.8858	  -35.3999	  -38.5697	  -37.9228	  -39.5094	  -40.5263	  -39.8776	  -39.7684	  -27.4474	  -25.6535	   -23.825	  -21.4355	  -17.5411	  -14.4475	   -13.285	  -12.5932	  -11.6421	  -9.72231	  -8.80749	  -7.68069	  -7.08224	   -6.5984	  -6.11629	  -5.66495	  -5.28329	  -4.93009	  -4.62382	  -4.36187	  -4.12848	  -3.73507	  -3.37902	  -3.07015	  -2.79264	  -2.53936	  -2.30734	  -2.09438	  -1.89865	  -1.71854	  -1.55313	   -1.4022	  -1.26525	  -1.14117	   -1.0288	 -0.927059	 -0.835076	  -0.75205	 -0.677241	 -0.609935	 -0.549464	 -0.495188	  -0.44651	 -0.402875	 -0.363775	
         	         	         	         	-1.22628e-05	  0.009816	 0.0105781	 0.0614498	 0.0504877	-0.0854337	  -0.81331	   4.62117	   8.07211	   11.1151	   8.92459	   5.61292	  -14.3902	  -17.6294	  -20.7876	  -23.6711	  -26.4132	  -24.9202	  -26.5091	  -27.9212	  -28.7462	  -28.4192	  -27.2058	  -26.3936	  -24.6912	  -22.9454	  -20.6721	    -16.95	  -13.9809	  -12.8604	  -12.1921	  -11.2692	  -9.40154	  -8.51083	  -7.41177	   -6.8329	  -6.36877	   -5.9093	  -5.47898	  -5.11391	  -4.77412	  -4.47852	  -4.22519	  -3.81926	   -3.4553	  -3.12588	  -2.84012	  -2.58339	  -2.34908	  -2.13444	  -1.93743	  -1.75638	  -1.58976	  -1.43675	  -1.29713	  -1.17045	  -1.05567	 -0.951709	 -0.857592	 -0.772499	 -0.695693	 -0.626486	 -0.564222	  -0.50828	 -0.458069	 -0.413037	  -0.37267	
         	         	         	         	         	 0.0011022	0.00246328	 0.0090823	 0.0556584	 0.0414946	-0.0973045	   2.53806	    4.7487	    8.3314	   11.6394	   10.0527	  -6.59426	  -8.48261	  -10.3946	  -12.2669	   -14.044	  -10.5404	  -11.2933	  -12.2133	  -12.9154	   -13.362	  -26.1101	  -26.1602	  -25.3894	  -23.7617	  -22.1092	  -19.9534	  -16.3862	  -13.5306	  -12.4493	  -11.8014	  -10.9018	  -9.08484	  -8.21581	   -7.1514	  -6.59507	  -6.15232	  -5.71411	   -5.3023	  -4.95155	  -4.62392	  -4.33828	  -3.90898	  -3.53349	  -3.19674	  -2.89192	  -2.62752	     -2.39	  -2.17322	  -1.97465	  -1.79239	  -1.62489	  -1.47075	  -1.32919	  -1.20003	  -1.08283	 -0.976638	 -0.880464	  -0.79339	 -0.714667	 -0.643608	  -0.57958	 -0.521975	 -0.470219	 -0.423765	 -0.382102	
         	         	         	         	         	         	0.00013946	0.00113046	0.00415222	 0.0403225	 0.0111822	   1.24497	   2.54925	   4.79641	   8.44176	   11.9211	  -1.32986	  -1.82217	   -2.3447	  -2.87601	  -3.41349	   1.96994	   2.51155	    2.7809	   3.02018	   3.21005	   -25.289	  -25.1058	   -25.164	  -24.4194	  -22.8805	  -21.3227	  -19.2684	  -15.8434	  -13.0953	  -12.0493	  -11.4173	  -10.5403	  -8.77053	   -7.9303	  -6.90314	  -6.37096	  -5.94837	    -5.529	  -5.13325	  -4.79539	  -4.47905	  -4.01373	  -3.61673	  -3.26935	  -2.95774	  -2.67567	  -2.43102	  -2.21125	  -2.01067	  -1.82695	  -1.65832	  -1.50335	  -1.36074	  -1.22977	  -1.11027	  -1.00184	 -0.903594	 -0.814611	 -0.734049	 -0.661212	 -0.595466	 -0.536225	 -0.482926	 -0.435039	 -0.392058	
         	         	         	         	         	         	         	-0.000175446	-0.00141957	-0.0052471	 0.0127205	   0.57398	   1.21299	   2.48986	   4.69688	   8.27879	   1.28174	   1.91426	   2.62387	    3.3799	   4.17085	   10.6161	   12.5468	   14.2399	   15.8362	   17.2888	  -23.4066	  -24.3205	  -24.1501	  -24.2028	  -23.5031	  -22.0568	  -20.5738	  -18.6095	  -15.3192	   -12.672	  -11.6569	  -11.0402	  -10.1826	  -8.46649	  -7.65795	  -6.66915	  -6.15981	  -5.75508	   -5.3521	  -4.97085	  -4.64489	  -4.14395	  -3.71379	  -3.34659	  -3.02518	   -2.7368	  -2.47576	  -2.24937	  -2.04601	  -1.86042	  -1.69042	  -1.53439	    -1.391	  -1.25905	  -1.13787	  -1.02731	 -0.926975	 -0.836071	 -0.753738	 -0.679195	 -0.611799	 -0.550965	 -0.496149	 -0.446831	 -0.402521	
-1.07566e-08	1.83313e-08	4.17396e-08	9.79971e-08	2.2714e-07	3.73461e-05	-5.12122e-05	-8.45228e-05	-0.000679602	-0.00465044	-0.0166972	  0.258631	   0.52876	   1.11669	   2.29125	   4.32072	    1.8043	   3.00744	    4.4954	   6.16494	    8.0053	   14.5766	   17.8175	   20.8732	    23.888	   26.7945	  -20.9283	  -22.3981	  -23.3139	   -23.163	   -23.226	   -22.594	   -21.247	  -19.8412	  -17.9621	  -14.7959	  -12.2403	  -11.2568	  -10.6563	  -9.82385	  -8.16274	  -7.38469	  -6.43308	  -5.94589	  -5.55858	  -5.17222	  -4.80591	   -4.2901	   -3.8282	  -3.43122	  -3.09214	  -2.79522	  -2.52875	  -2.28752	  -2.07832	   -1.8904	  -1.71891	  -1.56184	  -1.41767	  -1.28518	  -1.16327	   -1.0513	 -0.949147	 -0.856447	 -0.772456	 -0.696384	 -0.627509	 -0.565238	 -0.509028	  -0.45838	 -0.412812	
-4.75768e-07	4.47697e-06	1.11748e-05	2.71586e-05	6.08193e-05	 0.0049903	-0.00945138	-0.0134446	-0.0174548	-0.0223149	-0.0322636	   0.10433	  0.344207	  0.587859	   1.11744	   2.17646	   1.36781	   2.54864	   4.23429	   6.31969	   8.72497	    15.083	   19.2116	   23.4705	   27.7226	   31.9743	  -18.1724	  -20.0636	  -21.5152	  -22.4095	  -22.2678	  -22.3365	  -21.7382	  -20.4811	  -19.1464	  -17.3461	  -14.2913	  -11.8264	  -10.8734	  -10.2906	  -9.48505	  -7.87902	  -7.13114	  -6.21508	  -5.74748	  -5.37568	  -5.00426	  -4.44225	  -3.96653	  -3.54003	  -3.17323	  -2.85976	  -2.58519	  -2.33873	  -2.11559	  -1.92209	  -1.74829	  -1.58969	  -1.44441	  -1.31108	  -1.18856	  -1.07581	 -0.972275	 -0.877802	 -0.792076	 -0.714403	 -0.644052	 -0.580357	 -0.522768	 -0.470784	 -0.423942	
1.52508e-05	0.000115768	0.000287905	0.000697924	0.00157357	 0.0849085	 -0.169188	 -0.242499	 -0.315232	 -0.384273	 -0.448836	  0.869624	  0.979948	   1.94782	   2.06762	    2.4175	    1.2554	   2.05047	   3.41942	   5.38186	   7.87824	   14.1282	   18.7837	   23.8515	   29.2832	   34.7886	   -15.486	  -17.5799	  -19.4422	  -20.8552	  -21.7198	  -21.5811	  -21.6259	  -21.0564	  -19.8733	  -18.5969	  -16.8569	  -13.9055	  -11.5211	  -10.5914	   -10.021	  -9.23702	  -7.67936	  -6.95599	  -6.06859	  -5.61544	  -5.25423	  -4.67321	  -4.15018	   -3.7067	   -3.3086	  -2.96607	  -2.67317	  -2.41651	  -2.18617	  -1.97768	  -1.79683	  -1.63439	  -1.48616	  -1.35041	  -1.22582	  -1.11134	  -1.00601	 -0.909289	 -0.821039	 -0.740957	 -0.668393	 -0.602666	 -0.543154	 -0.489342	 -0.440762	
0.000244707	0.000919834	0.00220933	0.00525634	 0.0119109	  0.527591	 -0.707325	  -1.08775	  -1.49774	  -1.90061	  -2.26156	    6.4237	   6.99728	   7.42565	   12.9577	   12.0718	   4.56102	   4.77944	   5.40963	   6.73324	   8.74438	   15.7838	   20.6424	   26.2541	   32.6049	   39.4384	   -13.619	  -15.7313	  -17.7792	  -19.5928	  -20.9576	  -21.7598	  -21.5694	  -21.5712	  -20.9985	  -19.8474	  -18.5877	  -16.8764	  -13.9957	  -11.6497	  -10.7049	  -10.1121	  -9.31713	  -7.77877	  -7.05369	  -6.17297	  -5.71671	  -5.10835	  -4.54483	  -4.03794	   -3.6062	  -3.21815	  -2.88455	  -2.59902	  -2.34882	  -2.12466	  -1.92214	  -1.74627	  -1.58834	  -1.44433	  -1.31251	  -1.19158	  -1.08053	 -0.978424	 -0.884703	 -0.799209	 -0.721629	 -0.651325	 -0.587634	 -0.529955	 -0.477784	
0.00144637	0.00399493	0.00931321	 0.0215999	 0.0489092	   2.05625	-0.0260684	 -0.042613	-0.0620582	-0.0819421	 -0.100106	   32.5622	   35.5141	   37.3863	   38.2674	   60.7589	   22.7464	   21.7706	   20.8478	   20.4071	    21.074	   33.6559	   37.9141	    43.337	   49.9534	   57.6131	  -14.1405	  -16.1739	  -18.2055	  -20.1261	  -21.8653	   -23.085	  -23.6768	   -23.374	  -23.2215	  -22.5361	  -21.3302	  -19.9943	  -18.2262	  -15.3311	  -12.9116	  -11.8402	  -11.1249	  -10.2347	  -8.63319	  -7.83787	   -6.9059	  -6.11111	  -5.45297	  -4.84755	  -4.30489	  -3.83863	  -3.41979	   -3.0615	  -2.75459	  -2.48592	  -2.24665	   -2.0318	  -1.84489	  -1.67727	  -1.52479	  -1.38551	  -1.25798	   -1.1411	  -1.03384	 -0.935544	 -0.845957	 -0.764685	  -0.69103	 -0.624289	 -0.563824	
0.00820359	 0.0115374	 0.0266414	 0.0608596	  0.136865	   5.81797	   9.30036	   15.7357	    23.731	   32.3386	   40.4159	   110.879	   121.915	   128.537	   131.181	   130.382	    80.716	   76.9429	   72.4663	   68.1362	   64.5997	   102.111	   102.267	   104.506	   108.546	   113.989	   442.378	   471.577	   513.844	   554.588	   591.578	    624.16	   642.491	   648.576	   634.466	   622.124	    600.94	   569.039	   533.998	   489.953	    421.46	   361.098	   329.995	   307.841	   282.403	   241.893	   219.849	   186.723	   165.203	   146.958	   130.335	   115.537	   102.708	     91.22	   81.4711	   73.1126	   65.8124	   59.3729	   53.6478	   48.6575	   44.1936	   40.1498	   36.4699	   33.1118	   30.0449	   27.2395	   24.6756	   22.3423	   20.2268	   18.3095	   16.5716	
 0.0227944	 0.0273997	 0.0572053	  0.130517	  0.292734	    13.041	   37.6965	   64.6704	   99.3475	   138.197	   176.378	   258.133	     287.9	   306.149	   313.933	   312.666	   194.665	   185.073	   175.032	   164.478	   154.547	   255.605	   248.938	    241.79	   237.908	   235.747	   650.347	   655.444	   667.902	   699.959	   729.026	   749.615	   766.983	   775.004	   769.166	   743.904	    722.01	   693.827	   657.375	   618.036	   570.958	   501.312	   436.097	   397.909	   368.829	   337.554	   293.313	    254.85	   218.248	    192.99	   171.142	   151.427	   134.025	   118.847	   105.299	   93.8638	   84.0492	   75.4928	   68.0067	   61.4072	    55.642	    50.496	   45.8516	   41.6397	   37.8081	   34.3199	   31.1386	   28.2382	    25.602	   23.2127	   21.0467	
 0.0441545	 0.0508651	  0.104446	  0.232615	  0.524082	   24.0531	   82.7148	   142.684	   221.058	   311.734	   404.648	    426.44	   483.868	   522.396	   541.834	   544.512	   332.309	    320.06	   302.851	    286.33	   269.871	   487.664	   465.321	   448.693	   431.154	   416.392	    907.59	   885.048	    871.62	   867.104	   886.268	    897.63	   898.238	   904.042	   900.228	   880.783	   846.744	   815.611	   781.407	   741.326	   698.604	    648.63	   577.677	   508.697	   463.957	    428.45	   391.761	   328.597	   285.883	   246.276	   217.676	   192.665	   170.289	   150.649	   133.453	   118.126	   105.216	   94.1192	   84.4527	   76.0327	    68.644	   62.1748	   56.4058	   51.2104	   46.5088	     42.24	   38.3614	   34.8305	   31.6159	   28.6961	   26.0496	
 0.0664895	  0.081544	   0.16799	  0.372643	  0.837571	   37.5373	   130.744	   225.221	   350.158	   497.678	   654.665	   532.325	   615.744	   676.695	   713.533	    727.08	   440.039	   427.725	   410.442	   388.703	   368.659	   747.437	    713.24	   678.324	   652.008	   621.883	   1158.27	   1111.87	   1074.14	   1045.89	   1025.93	   1028.07	   1020.67	   1008.33	    1002.8	   986.941	   958.543	   917.739	   880.502	   842.896	   801.022	   756.262	   704.479	   634.032	   563.327	   514.404	   474.356	    414.25	   350.066	   304.929	   263.684	   233.012	   206.075	   182.112	   161.153	    142.75	   126.363	   112.561	   100.681	   90.3298	   81.3265	   73.4403	   66.5214	   60.3518	   54.8011	    49.783	   45.2312	   41.0992	    37.341	   33.9216	   30.8162	
 0.0876674	  0.120536	  0.251582	   0.56104	   1.26558	   51.5284	   166.109	   285.373	   442.966	   632.532	   839.983	   515.054	   606.484	   679.665	    729.86	   756.693	   473.367	   466.061	   451.549	   433.363	   411.651	   969.863	   928.321	   884.121	   841.604	    806.11	   1367.78	    1302.9	   1246.58	   1198.85	   1159.24	   1123.77	   1109.79	    1091.7	   1069.04	    1053.1	   1029.78	   995.253	   951.019	   911.008	   872.281	   830.032	   784.599	    733.13	   664.746	   594.682	   544.004	   478.971	   418.519	   355.523	   309.957	   268.739	   237.547	   210.084	   185.729	   164.456	   145.745	   129.091	   115.052	   102.951	   92.3958	   83.2157	    75.178	   68.1131	   61.8108	   56.1421	   51.0192	   46.3737	    42.158	   38.3249	   34.8381	
  0.103213	  0.155879	  0.327487	   0.73731	   1.67736	   62.7681	     183.9	   315.374	   487.924	   696.511	   930.682	   391.966	   468.719	   534.826	   585.556	   618.279	   439.027	   438.811	   430.474	   416.826	   400.739	   1130.35	   1087.12	   1038.63	   991.018	    942.94	   1525.72	   1447.62	   1378.07	   1316.55	    1262.4	   1212.03	   1164.08	   1141.76	    1115.8	   1084.86	   1062.83	   1034.63	   997.218	   952.441	   912.075	   873.681	   832.188	   787.895	   737.958	   672.818	   605.129	   529.629	   466.478	   407.862	   347.707	   303.364	   263.598	   233.145	   206.272	   182.471	   161.697	   143.402	   127.122	   113.382	   101.516	   91.1542	   82.1367	   74.2392	   67.2862	   61.0802	   55.4975	   50.4521	   45.8767	   41.7246	   37.9495	
  0.106639	  0.170684	  0.357957	  0.810268	    1.8596	    68.063	   189.045	   324.344	   500.535	   713.022	   954.238	   236.616	   286.292	   331.807	   369.794	   397.926	    376.18	   382.432	   380.613	   372.807	   361.326	   1266.07	   1218.23	   1169.05	    1119.3	   1068.69	   1617.98	    1546.1	   1467.93	   1397.25	   1333.58	   1273.52	    1215.1	    1162.5	   1134.47	   1102.44	   1067.52	   1041.74	   1011.35	   973.629	   930.183	   890.858	   853.758	   814.293	   771.977	   724.444	   663.293	    572.12	   501.592	   441.975	   386.599	   330.432	   288.538	   251.192	   222.336	    196.81	   174.223	   154.517	   137.147	   121.688	   108.619	   97.3144	   87.4304	   78.8214	   71.2774	   64.6262	   58.6858	   53.3404	   48.5083	   44.1255	   40.1477	
 0.0961472	  0.157391	  0.328629	  0.744173	   1.71586	    65.983	   183.989	   316.423	    488.22	   694.374	   929.035	   99.5344	   121.467	   142.489	   161.262	   176.554	   328.979	   340.306	   344.217	   341.733	   334.767	   1390.25	   1350.84	   1296.86	   1247.18	   1195.65	   1668.82	   1589.57	   1520.11	   1444.07	   1374.57	   1308.93	   1244.89	   1184.93	   1130.34	   1098.09	   1063.57	   1026.95	   999.684	   969.181	   932.751	   891.597	   854.144	   819.292	   782.297	    742.48	   697.867	   612.215	   529.819	   465.135	   409.953	   358.709	   307.255	   268.547	   234.171	   207.414	   183.707	   162.742	   144.455	   128.322	   113.958	   101.795	   91.2583	   82.0351	   73.9941	    66.943	   60.7189	   55.1561	   50.1487	   45.6207	   41.5127	
 0.0770118	  0.126266	  0.261624	  0.591932	   1.36592	      58.9	   166.058	   287.105	   443.693	   631.303	   844.569	  -17.2311	  -21.1235	  -25.0037	  -28.6396	  -31.8264	   294.887	    310.47	   319.293	   321.872	   319.377	   1460.23	   1428.78	   1384.46	   1332.21	    1283.3	    1673.9	   1601.95	      1528	   1461.83	   1389.46	      1321	   1254.57	    1191.6	   1132.04	   1076.79	   1043.25	   1008.12	   971.675	   944.601	   915.242	   880.886	   842.504	   807.652	   775.313	   741.007	   703.956	   632.689	   556.449	   482.775	   424.231	   373.973	   327.377	   280.938	   245.766	   214.596	     190.2	   168.559	   149.429	   132.743	    118.01	   104.885	   93.7549	   84.1005	   75.6403	    68.258	   61.7798	   56.0551	   50.9355	   46.3252	   42.1549	
 0.0553979	 0.0878587	   0.18034	   0.40664	  0.938438	   50.2741	   139.563	    242.47	   376.378	   536.559	   718.913	  -97.6803	  -120.055	  -142.863	  -165.136	  -185.674	    258.53	    276.59	   289.288	   296.262	   298.333	    1432.2	   1415.48	   1380.85	   1340.71	    1292.8	   1642.01	   1579.17	   1513.47	    1444.7	    1382.7	   1313.56	   1246.69	   1183.24	   1122.54	   1064.22	   1010.69	   977.363	   943.058	   908.115	   882.234	     854.6	   822.673	   787.449	   755.353	   725.614	   694.046	   630.154	   566.928	    499.56	   434.219	   381.836	   336.703	   294.908	   253.473	   221.917	   193.994	   172.043	   152.556	   135.333	   120.307	    107.03	   95.1961	   85.1469	     76.42	   68.7657	   62.0808	   56.2102	   51.0177	   46.3714	   42.1856	
  0.037478	 0.0546626	  0.110955	  0.249029	  0.573561	   42.3655	   111.175	   193.668	   301.929	   432.323	   580.804	  -139.688	  -172.071	  -205.471	  -238.861	  -270.993	   212.351	   230.347	   244.643	   254.605	   260.354	   1304.99	   1306.15	   1286.46	   1257.44	   1223.41	   1581.15	   1528.77	   1472.39	   1412.11	   1348.86	   1290.44	   1224.59	   1162.11	    1102.3	   1044.84	    989.61	   938.962	   906.829	    874.25	   841.481	   817.177	    791.48	   762.227	   730.112	   700.764	   673.574	   615.667	   559.336	   503.604	   444.393	   386.835	   340.398	   300.274	   263.143	   226.475	   198.425	   173.629	   154.069	   136.692	   121.334	   107.932	   96.0813	    85.515	   76.5306	   68.7205	   61.8646	   55.8722	   50.6061	   45.9444	   41.7709	
 0.0262216	  0.034349	 0.0697032	  0.156677	  0.360293	   37.8679	   90.1674	   155.609	   240.842	   343.578	   460.877	  -163.633	  -201.475	  -240.538	  -280.004	   -318.84	   166.918	   182.811	   196.547	   207.422	   215.358	   1119.75	   1137.16	   1133.54	   1118.48	   1095.55	   1512.15	   1464.49	   1417.99	   1366.59	   1311.51	   1252.66	   1197.15	   1136.21	    1077.9	   1021.81	   968.177	   916.407	   868.888	   838.388	   807.833	   777.316	   754.628	   730.971	   704.266	   675.067	   648.301	   595.435	    544.56	   495.008	   445.983	   394.057	   343.502	   302.484	   266.947	   234.075	   201.723	   176.871	   154.921	   137.548	   122.104	   108.453	   96.5368	   85.9928	   76.5875	   68.5801	   61.6122	   55.4906	   50.1354	   45.4259	   41.2536	
 0.0219597	 0.0272961	 0.0556893	  0.125711	  0.289512	   35.2529	   74.9057	   128.107	   196.115	   277.216	   369.673	  -166.712	  -204.621	  -243.806	  -283.376	  -322.681	   126.083	    138.86	   150.518	   160.581	   168.904	   921.819	   949.773	    959.96	    958.41	   947.575	   1426.72	    1393.9	   1352.01	   1309.84	   1263.12	   1212.15	   1156.93	   1105.74	   1049.34	   995.091	   943.088	   893.156	   844.927	   800.762	     772.2	   743.771	   715.519	   694.584	   672.914	   648.615	   622.126	   570.873	   524.583	   480.008	   436.542	    393.55	   348.147	   303.888	   267.797	   236.448	   207.459	    179.01	   157.075	   137.712	    122.34	   108.666	   96.5785	   86.0216	   76.6748	   68.3338	   61.2238	   55.0306	   49.5851	   44.8174	   40.6216	
 0.0224191	 0.0276141	 0.0571748	  0.129735	  0.299618	   33.3854	   64.6599	   109.881	   166.899	   233.685	   309.036	  -139.475	  -170.499	  -202.399	  -234.615	  -266.546	   100.097	   110.384	   120.178	   129.104	   137.143	   753.595	   786.866	   806.598	   816.269	   816.417	   1331.79	    1309.8	   1281.32	   1243.57	   1205.41	   1162.36	   1114.72	   1064.25	      1017	    964.89	   914.903	   866.797	   820.519	   775.951	   735.251	   708.717	   682.425	   656.512	   637.306	   617.532	   595.477	   545.779	   501.056	   460.634	   421.683	   383.671	   346.088	   306.507	   267.877	   236.233	   208.684	   183.212	   158.276	   138.984	   121.962	    108.41	   96.3475	   85.6823	   76.3635	   68.1079	   60.7378	   54.4476	   48.9635	   44.1376	   39.9091	
 0.0236321	 0.0285381	 0.0599369	  0.137246	  0.317738	   31.3279	   59.0704	   100.005	   151.112	   210.286	   275.985	  -84.9629	  -103.315	  -122.154	  -141.049	  -159.747	   90.8188	   100.014	   108.942	   117.426	   125.487	   644.401	   679.475	   706.025	   724.324	   734.078	   1228.27	   1218.84	   1200.04	   1174.36	   1140.37	   1105.27	    1065.1	   1021.72	   975.475	   931.855	   884.086	    838.09	   793.732	   751.131	   710.237	   672.915	   648.404	   624.304	   600.646	   583.098	   565.106	   520.601	   477.409	    438.48	   403.268	   369.321	   336.169	   303.409	   268.992	   235.367	   207.709	   183.578	   161.268	   139.476	   122.562	   107.644	   95.7359	   85.1296	   75.7503	   67.5514	    60.284	   53.7933	   48.2475	    43.408	   39.1462	
 0.0232363	 0.0262865	 0.0558625	  0.128975	  0.299755	   28.6167	   55.6514	   94.1577	   141.967	   196.925	   257.405	  -17.8466	  -21.5771	  -25.3847	   -29.182	  -32.8959	   95.2646	   104.634	   113.782	   122.633	     131.4	   583.332	   618.987	   650.382	   676.039	   694.328	   1116.97	   1120.63	   1112.99	   1096.05	   1072.96	   1041.87	   1009.16	   972.718	   933.097	   890.709	   850.795	   807.084	   764.897	   724.261	   685.316	    647.97	   613.893	   591.457	   569.477	   547.961	   531.982	   492.452	   453.829	   416.381	    382.58	   351.985	   322.476	   293.645	   265.171	    235.32	   206.129	   182.028	   160.961	   141.483	   122.493	   107.712	   94.6764	   84.2471	   74.9525	   66.7312	   59.5416	   53.1654	   47.4687	    42.596	   38.3403	
  0.022172	 0.0225569	 0.0484086	  0.112554	  0.262597	   25.7932	   52.0487	   88.1279	    132.93	   184.246	   240.435	   44.0162	   53.0584	   62.2645	   71.4762	   80.5172	   108.259	   118.575	   128.604	   138.345	   148.164	   540.635	   575.752	   609.802	   640.663	   666.403	   1000.49	   1016.42	   1020.34	   1013.38	   998.173	   976.975	   948.155	    918.56	   885.376	   849.158	   810.599	   774.139	    734.25	   695.781	   658.785	   623.333	   589.361	    558.44	   538.006	   518.037	   498.528	   462.242	   427.965	   394.528	   362.133	   332.856	   306.339	   280.754	   255.749	   231.065	   205.238	   179.961	    159.02	   140.683	   123.729	   107.226	   94.3478	   82.9909	   73.8849	   65.7656	   58.5823	   52.2978	   46.7217	   41.7381	   37.4711	
 0.0200022	 0.0173867	 0.0376132	 0.0879968	  0.206003	   22.9992	   46.8651	   79.4262	   119.996	   166.545	   217.402	   87.1209	   104.881	   122.748	   140.474	   157.795	   125.616	   137.206	   148.425	   159.255	   170.211	   499.853	   533.492	   567.529	    600.77	   631.367	   883.046	   908.474	   923.163	   926.484	   920.199	   906.163	   886.363	   860.403	   833.503	   803.233	    770.37	   735.347	    702.13	   665.914	   631.028	   597.472	   565.315	   534.584	   506.629	   488.088	   470.001	   432.005	   400.589	   370.942	    342.06	     314.1	   288.801	   265.874	   243.748	   222.116	   200.773	   178.479	   156.643	   138.499	   122.584	   107.869	   93.5657	   82.3768	   72.5102	   64.5834	   57.5124	   51.2552	   45.7788	   40.9177	   36.5717	
 0.0172168	  0.012486	 0.0271873	 0.0639641	   0.15027	   20.3088	   41.3636	   70.2212	   106.291	   147.879	   193.439	   110.499	   133.068	   155.677	   177.872	   199.392	   144.479	   157.503	   169.967	   181.927	    193.95	   467.273	   499.109	   531.733	   565.172	   598.256	   768.768	   800.408	   823.385	   836.242	   839.096	    833.09	   819.839	       802	   778.496	   753.989	   726.582	   696.808	   665.065	   634.956	   602.237	   570.704	   540.365	   511.349	   483.642	    458.44	   441.668	   406.192	   373.403	   346.271	    320.69	     295.8	    271.72	    249.91	   230.135	   211.046	    192.38	    173.97	    154.77	   135.952	   120.271	   106.497	   93.7598	   81.3942	   71.7001	   63.1516	   56.2713	   50.1314	   44.6971	   39.9391	   35.7142	
 0.0146915	0.00976172	 0.0213207	 0.0504019	  0.118864	   17.7363	   35.8592	     61.01	   92.5971	   129.185	   169.496	   112.017	   135.115	   158.213	   180.811	   202.506	   162.396	   176.779	   190.461	   203.417	   216.366	   437.995	   467.939	   498.029	   530.029	    563.22	   661.896	   695.798	   724.134	   744.297	   755.595	   757.763	   751.777	   739.834	   723.651	   702.311	   680.158	   655.384	   628.464	   599.821	   572.666	   543.191	    514.77	   487.473	   461.371	   436.456	   413.792	   380.723	   350.167	    321.94	   298.566	   276.545	   255.142	    234.45	   215.693	   198.676	   182.247	   166.178	   150.337	   133.839	   117.659	   104.141	   92.2517	   81.2559	   70.5924	   62.2161	   54.8294	   48.8743	   43.5583	   38.8523	   34.7307	
 0.0126706	0.00901571	 0.0196821	 0.0466149	  0.110276	   15.2899	   30.6683	   52.3115	   79.6536	   111.521	   146.818	    98.851	   119.581	   140.296	   160.536	   179.911	   174.295	   189.565	   204.013	   217.591	   230.982	   406.085	   433.717	   460.665	   489.772	   521.066	   565.338	   598.294	   628.505	   653.364	   671.104	   680.789	   682.149	   676.702	   665.837	   651.099	   631.871	   611.883	   589.533	     565.3	   539.568	   515.146	   488.662	   463.164	   438.672	   415.251	   392.898	   355.799	   327.374	    301.12	   276.877	   256.789	   237.877	   219.516	   201.774	   185.679	   171.071	   156.964	   143.165	   129.567	   115.423	   101.542	   89.9184	   79.6822	   70.2144	   61.0417	   53.8233	   47.4574	   42.3176	   37.7279	   33.6644	
 0.0107436	0.00830593	 0.0180903	 0.0428335	  0.101449	   13.0056	   25.9562	   44.3933	    67.844	   95.3767	   126.081	   83.5535	   101.441	   119.377	    136.89	   153.634	   177.069	   192.588	   207.152	   220.748	   234.051	   367.981	   392.752	   416.237	   441.683	   469.465	   480.533	   510.374	    539.65	   566.124	    587.98	   603.378	   611.462	    612.55	   607.502	   597.564	   584.269	   566.978	   548.978	   528.903	   507.185	   484.128	    462.22	   438.527	   415.709	   393.787	    372.82	   336.937	   305.174	   280.799	   258.296	   237.526	   220.303	     204.1	   188.383	   173.206	   159.427	   146.916	   134.833	   123.012	   111.367	   99.2682	   87.3878	   77.4179	    68.628	   60.4971	   52.6265	   46.4225	   40.9509	   36.5271	   32.5758	
0.00889567	0.00722915	 0.0156599	 0.0370167	 0.0876608	   10.9027	   21.7803	   37.3541	   57.3038	   80.9217	    107.47	   70.8571	   86.3677	   102.013	   117.339	   131.981	   168.088	   183.021	   196.912	   209.766	   222.253	   322.143	   343.264	   363.127	   384.546	   408.015	    407.41	   433.224	   459.684	   485.304	   508.549	   527.582	   540.761	   547.805	   548.578	   543.851	    534.87	   522.907	   507.386	   491.251	   473.301	   453.885	   433.274	    413.71	   392.565	   372.194	   352.617	   318.865	   288.221	   261.091	   240.242	   221.001	   203.248	   188.519	   174.669	   161.249	   148.295	   136.527	   125.839	   115.514	   105.412	   95.4649	   85.1391	   74.9946	   66.4647	   58.9366	   51.9722	    45.236	   39.9183	    35.228	   31.4312	
 0.0071465	0.00621638	 0.0133687	 0.0314932	 0.0744786	    9.0205	   17.9463	   30.8588	    47.523	   67.4207	   89.9889	    59.637	   73.0237	   86.5982	   99.9707	   112.786	   149.165	   162.692	   175.247	   186.757	   197.841	   271.531	   288.714	   304.981	   322.444	   341.505	   345.102	   366.715	   389.582	   412.706	   435.169	   455.421	   471.831	    483.37	   489.423	   489.884	   485.555	   477.465	   466.723	   452.854	   438.458	   422.447	   405.132	   386.785	   369.359	   350.532	   332.387	   300.773	   272.019	   245.913	   222.796	   205.008	   188.598	   173.461	   160.896	   149.089	   137.656	   126.626	   116.602	   107.493	   98.6932	   90.0825	    81.606	    72.815	    64.174	    56.895	   50.4649	   44.5157	   38.7655	     34.22	   30.2106	
0.00554163	0.00524436	 0.0111915	 0.0262485	 0.0619402	   7.35193	   14.4128	   24.8447	   38.4009	   54.7318	   73.4254	   50.7767	   62.4863	   74.4398	   86.2745	   97.6763	   126.538	   138.318	   149.242	    159.23	   168.761	   224.415	   238.046	   251.272	   265.329	   280.618	    292.16	   310.033	   329.176	   349.138	   369.385	    388.94	   406.438	   420.807	   430.827	    435.97	   436.249	   432.307	   425.038	   415.442	   403.106	   390.294	    376.05	   360.675	   344.385	     328.9	   312.177	   282.731	    255.87	   231.436	   209.251	   189.604	   174.468	   160.508	   147.636	   136.945	   126.905	   117.191	   107.823	   99.3056	   91.5635	   84.0831	   76.7628	   69.5588	   62.0933	   54.7519	   48.5571	   43.0801	   38.0124	   33.1173	   29.2429	
0.00409866	0.00427025	0.00902731	 0.0210812	 0.0496134	   5.92062	   11.3284	   19.5769	   30.3661	   43.4702	   58.6135	   43.7401	   54.1134	   64.7853	   75.4194	    85.713	   105.963	   116.154	   125.593	   134.213	   142.411	   185.971	   196.887	   207.777	   219.273	   231.671	   247.102	   261.864	     277.7	   294.396	   311.851	   329.456	    346.35	   361.653	   374.155	   382.799	   387.216	   387.359	   383.782	   377.289	   368.763	   357.819	   346.448	   333.834	   320.217	   305.788	   292.064	   264.771	   239.823	   217.061	   196.353	   177.551	   160.897	   148.054	   136.211	   125.295	   116.225	   107.711	   99.4786	   91.5446	   84.3269	   77.7645	   71.4233	   65.2174	   59.1117	   52.7891	   46.5688	   41.3117	   36.6601	   32.3558	   28.2007	
0.00281296	0.00375565	0.00786611	 0.0182823	 0.0429538	   4.76242	   8.81815	   15.2822	   23.7886	   34.2007	   46.3378	   37.1093	   46.1572	   55.5502	   64.9809	   74.1663	   87.3943	   96.1062	   104.192	   111.565	   118.563	   153.845	   162.661	   171.701	   181.184	   191.352	    208.62	   220.873	   233.958	    247.76	   262.344	   277.498	   292.689	   307.438	   320.743	   331.564	   339.057	   342.849	   342.887	   339.671	   333.909	   326.356	   316.673	    306.63	    295.49	   283.463	   270.718	    246.95	   223.897	    202.82	   183.587	   166.087	   150.198	   136.122	   125.256	    115.24	   106.009	   98.3366	   91.1381	   84.1828	   77.4821	    71.384	   65.8381	   60.4786	   55.2331	   50.0736	   44.7343	   39.4793	   35.0315	   31.0932	   27.4488	
0.00168612	0.00315212	0.00653409	 0.0151236	 0.0354651	    3.8463	   6.93198	   12.0523	   18.8343	   27.1938	   37.0191	   30.9531	   38.7061	   46.8304	   55.0607	   63.1363	   74.3102	   82.0055	   89.1731	   95.7183	   101.915	   129.761	   137.198	   144.941	   153.006	   161.606	   175.677	   185.886	   196.747	   208.143	   220.186	   232.828	   245.882	   259.116	   271.917	    283.43	   292.819	   299.308	   302.555	   302.528	   299.664	   294.566	   287.896	   279.374	    270.53	    260.72	   250.128	   228.153	   208.136	   188.723	   170.972	   154.772	   140.029	   126.644	   114.784	   105.621	    97.176	   89.3955	   82.9266	   76.8598	   71.0017	   65.3605	   60.2249	    55.553	   51.0376	   46.6182	   42.2723	   37.7777	   33.3521	   29.6014	   26.2782	
0.000706776	0.00160751	0.00329292	0.00759178	 0.0177749	   3.09602	   5.56124	   9.70517	   15.2337	   22.0979	   30.2235	   25.6226	   32.2047	   39.1705	   46.2933	   53.3448	   67.7845	   75.0988	   81.9356	    88.196	   94.1245	   113.607	   120.286	   127.242	   134.447	   142.083	     147.4	   155.965	   165.009	   174.458	   184.389	   194.811	    205.68	   217.027	   228.487	   239.543	   249.518	   257.651	   263.254	   266.039	   265.978	   263.438	   258.944	   253.088	   245.612	    237.85	   229.239	   210.045	   191.606	   174.806	   158.515	   143.616	   130.016	   117.639	   106.402	   96.4445	   88.7442	   81.6491	   75.1142	   69.6791	   64.5841	   59.6673	   54.9344	   50.6245	   46.7026	   42.9119	   39.2015	   35.5538	   31.7833	   28.0693	   24.9177	
-0.000103023	-0.000885547	-0.00177976	-0.00407201	-0.00955968	   2.46452	   4.57789	   8.01766	   12.6485	    18.445	   25.3571	   21.1263	   26.6871	   32.6243	   38.7561	   44.8837	   66.0467	   73.4853	   80.4762	   86.8972	   92.9837	   102.174	   108.325	   114.775	   121.445	    128.48	   123.111	    130.32	   137.896	   145.755	   153.974	   162.552	   171.492	   180.917	   190.717	   200.587	   210.142	   218.765	   225.787	    230.62	   233.014	   232.929	   230.686	   226.753	   221.632	   215.097	   208.309	   191.744	     175.7	   160.287	    146.24	   132.621	   120.163	   108.791	   98.4401	   89.0422	   80.7137	   74.2682	   68.3306	   62.8631	   58.3145	   54.0524	   49.9416	    45.986	   42.3829	   39.1035	   35.9336	   32.8307	   29.7809	     26.63	   23.5253	
-0.00079022	-0.00365382	-0.00722101	-0.0164193	-0.0385065	   1.92104	   3.80477	   6.67698	   10.5848	   15.5286	   21.4728	    17.346	   22.0204	   27.0538	   32.2985	    37.593	   66.3099	   74.1116	   81.4926	   88.3071	   94.7755	   93.0225	   98.7857	   104.868	    111.15	   117.767	   102.249	   108.333	   114.696	   121.265	   128.084	   135.166	   142.506	   150.238	   158.353	   166.765	   175.268	   183.502	   190.929	   196.978	   201.141	    203.19	   203.092	   201.131	   197.704	   193.244	   187.554	    173.47	   159.683	    146.33	   133.502	   121.808	   110.471	   100.099	   90.6302	   82.0111	   74.1854	   67.2496	   61.8781	   56.9308	   52.3764	   48.5864	   45.0365	   41.6144	   38.3227	   35.3236	   32.5934	    29.954	   27.3705	   24.8318	   22.2101	
-0.0014171	-0.00637469	-0.0122998	  -0.02768	-0.0648202	   1.44966	   3.17513	    5.5813	   8.87756	   13.1004	   18.2361	   14.2737	   18.2182	   22.4924	   26.9842	   31.5595	   67.5182	   75.8066	   83.7179	   91.0693	   98.0727	   86.7961	   92.5647	   98.4858	   104.591	   111.017	   84.3473	   89.4906	   94.8444	   100.346	   106.027	   111.884	   117.926	   124.254	   130.888	   137.828	   145.047	   152.345	   159.409	   165.785	   170.981	   174.552	     176.3	   176.204	   174.499	   171.527	   167.661	   155.409	   143.744	   132.326	   121.267	   110.642	   100.954	   91.5634	   82.9707	    75.125	    67.983	   61.4985	   55.7508	   51.2965	   47.1949	   43.4197	   40.2775	   37.3354	   34.5006	   31.7748	   29.2907	   27.0289	   24.8422	   22.7018	   20.5991	
-0.00200685	-0.00826277	-0.0155774	-0.0345282	-0.0805558	   1.05262	   2.56196	   4.51807	   7.20603	   10.6812	    14.966	   11.6593	   14.9745	   18.5871	   22.4062	     26.33	   67.5425	   76.1786	   84.4978	   92.2976	   99.7652	   81.4908	   87.5629	   93.4013	   99.4196	   105.745	   69.0281	    73.367	   77.8743	   82.4872	    87.225	   92.0846	   97.0627	    102.25	   107.657	   113.305	   119.234	   125.402	   131.633	   137.668	   143.119	   147.561	   150.608	   152.101	   152.009	   150.536	   147.972	   138.131	   128.043	   118.436	   109.033	   99.9254	   91.1753	   83.1949	   75.4596	   68.3809	   61.9168	   56.0322	   50.6892	   45.9529	   42.2804	   38.8991	   35.7876	   33.1973	   30.7728	   28.4377	   26.1931	   24.1473	   22.2841	   20.4829	   18.7197	
-0.00252873	-0.00884246	-0.0162336	-0.0354164	 -0.082022	   0.74554	   1.92433	   3.40927	   5.45817	    8.1197	    11.437	   9.19115	   11.8899	   14.8513	   17.9975	   21.2481	   65.7034	   74.4285	   82.9179	   90.9514	   98.7022	   75.4294	   81.8468	   87.5606	   93.4437	   99.6247	   55.9735	   59.6139	   63.3953	   67.2608	    71.212	   75.2443	   79.3548	   83.6072	   88.0158	   92.5941	   97.3945	   102.433	   107.668	   112.961	    118.09	   122.723	   126.496	   129.089	   130.356	    130.27	   129.005	   121.103	   113.052	   104.799	   96.9399	   89.2472	   81.7958	   74.6367	    68.106	   61.7762	    55.983	   50.6922	   45.8754	   41.5019	   37.6247	   34.6167	   31.8478	   29.3002	   27.1789	   25.1941	   23.2833	   21.4472	   19.7732	   18.2487	   16.7747	
-0.00296697	-0.00805198	-0.0143781	-0.0307819	-0.0706844	  0.530326	   1.29116	   2.29717	    3.6951	   5.51978	   7.80807	   6.83167	   8.90124	   11.1995	   13.6568	   16.2068	   61.0696	   69.4851	    77.737	   85.6254	   93.2986	   67.0379	   73.6348	   79.0394	   84.6023	    90.439	   44.9065	   47.9374	   51.0882	   54.3111	   57.6001	   60.9416	   64.3316	   67.8198	   71.4098	   75.1187	   78.9848	    83.037	   87.2846	   91.6998	   96.1655	   100.493	   104.402	    107.59	    109.78	   110.847	   110.769	   104.756	   98.3397	   91.8039	   85.1058	   78.7264	   72.4819	   66.4329	    60.621	   55.3182	   50.1787	   45.4743	   41.1775	   37.2653	   33.7132	    30.564	   28.1196	   25.8697	   23.8001	   22.0765	   20.4643	   18.9128	   17.4224	   16.0635	   14.8257	
-0.000276688	-0.00643628	 -0.011207	-0.0235147	-0.0534071	   0.39028	  0.758367	   1.35351	   2.18687	   3.28187	   4.66264	   4.77912	   6.26553	    7.9408	   9.75375	   11.6461	   55.0499	   62.9121	   70.6842	    78.171	   85.5211	   58.0308	   64.5326	   69.5245	   74.6721	   80.0702	   35.5794	   38.0798	   40.6806	   43.3444	   46.0634	   48.8226	     51.61	   54.4629	   57.3834	   60.3787	   63.4853	   66.7221	   70.1097	   73.6607	   77.3533	   81.0873	   84.7061	   87.9794	   90.6493	   92.4822	    93.373	   89.1048	   84.2666	   79.1065	   73.8507	   68.4652	   63.3354	   58.3138	   53.4493	   48.7751	   44.5096	   40.3755	    36.591	   33.1341	   29.9863	   27.1283	   24.5942	   22.6265	   20.8156	     19.15	   17.7627	   16.4655	   15.2175	   14.0191	   12.9262	
-0.000258268	-0.00132525	-0.00786767	 -0.016198	-0.0363593	  0.299701	  0.358362	  0.640243	   1.03821	   1.56486	   2.23303	   2.97271	    3.9169	   4.99596	   6.18116	    7.4334	   49.8354	   57.2418	   64.5877	   71.7221	    78.773	   51.2517	    57.438	   62.1272	   66.9783	    72.074	   27.7719	   29.8102	   31.9322	   34.1082	   36.3316	   38.5889	   40.8674	   43.1886	    45.552	   47.9631	   50.4461	     53.02	   55.6975	   58.4992	   61.4365	   64.4899	   67.5774	    70.574	   73.2844	    75.495	    77.012	   74.2493	   70.8527	   67.0051	   62.9028	    58.725	   54.4446	    50.367	   46.3753	   42.5082	   38.7921	   35.4003	   32.1132	   29.1036	   26.3543	   23.8507	   21.5775	   19.5619	   17.9961	   16.5553	   15.2303	   14.1265	   13.0948	   12.1025	   11.1499	
-0.000227632	-0.000827656	-0.00278441	-0.0103854	-0.0230595	   0.24119	  0.129451	  0.230984	   0.37513	  0.567432	  0.813074	   1.71989	   2.27614	   2.91833	   3.63412	   4.40152	   45.8563	   52.9995	   60.0969	   67.0092	   73.8916	    47.432	   53.1402	   57.7125	   62.4722	   67.4869	   21.2839	   22.9228	   24.6284	   26.3798	   28.1711	    29.992	   31.8313	   33.7029	   35.5998	   37.5246	   39.4965	   41.5261	   43.6263	   45.8104	   48.0959	   50.4908	   52.9798	   55.5001	   57.9459	   60.1583	   61.9628	   60.3567	   58.1875	   55.5239	   52.5085	   49.2944	   46.0216	   42.6686	   39.4742	    36.347	   33.3172	   30.4055	   27.7475	   25.1715	   22.8128	   20.6578	   18.6954	   16.9135	   15.3334	   14.1055	   12.9758	    11.937	   11.0716	   10.2628	   9.48524	
-0.000192558	-0.000478822	-0.00161515	-0.0046429	-0.0135418	  0.201375	 0.0509739	 0.0905302	  0.146827	  0.222321	  0.319497	   1.24263	   1.65057	   2.12543	   2.66127	   3.24511	   41.9881	   48.8953	   55.7841	   62.4998	   69.1956	   44.9542	    50.084	   54.6165	   59.3676	   64.4034	   15.9389	   17.2319	   18.5781	   19.9605	   21.3761	   22.8169	   24.2744	   25.7579	     27.26	   28.7773	   30.3234	   31.9065	    33.533	   35.2153	   36.9648	   38.7943	   40.7108	   42.7049	   44.7237	   46.6831	   48.4556	   47.6559	   46.4158	   44.7449	   42.6954	   40.3765	   37.9056	   35.3898	   32.8125	    30.357	   27.9529	   25.6235	   23.3849	   21.3409	     19.36	    17.546	   15.8886	   14.3791	   13.0086	   11.7931	   10.8483	   9.97907	   9.17992	   8.51413	   7.89208	
-0.000161222	-0.000302249	-0.00102153	-0.00294217	-0.00762147	   0.16693	  0.081932	  0.145382	   0.23607	  0.358485	   0.51684	   1.44336	    1.9233	   2.48442	   3.12384	   3.83116	   38.0337	   44.6283	   51.2988	   57.8226	   64.3214	   43.0601	   47.6634	   52.1852	   56.9639	   62.0632	    11.582	   12.5741	   13.6097	    14.674	   15.7638	   16.8745	   17.9997	   19.1463	   20.3077	   21.4798	   22.6688	   23.8798	   25.1174	   26.3883	   27.7027	   29.0686	   30.4963	   31.9935	    33.551	   35.1275	   36.6578	   36.3305	   35.7259	    34.793	   33.5386	   32.0016	   30.2634	   28.4118	   26.5267	   24.5957	   22.7557	   20.9542	   19.2086	   17.5308	   15.9987	   14.5139	    13.154	   11.9114	   10.7797	   9.75214	   8.84081	   8.13217	    7.4803	   6.88106	   6.38179	
-0.000135002	-0.000230474	-0.000779254	-0.00224866	-0.00583151	  0.127612	  0.152206	  0.269654	  0.437764	  0.666122	  0.963689	   1.89815	    2.5378	   3.28712	   4.14387	   5.10196	   33.6985	   39.8164	   46.1165	   52.3699	   58.6072	   40.5294	   44.6752	   49.1164	   53.8352	    58.911	   8.07525	   8.80673	     9.573	   10.3629	   11.1723	   11.9974	   12.8345	   13.6884	   14.5544	   15.4288	   16.3152	   17.2139	   18.1273	   19.0603	   20.0183	   21.0084	   22.0366	   23.1126	   24.2404	   25.4133	   26.6007	   26.5044	   26.2631	   25.8227	   25.1462	   24.2383	    23.127	   21.8709	    20.533	   19.1711	   17.7761	   16.4467	   15.1451	   13.8837	   12.6713	    11.564	   10.4909	   9.50797	   8.60977	   7.79165	   7.04883	      6.39	   5.87755	    5.4062	   4.97296	
-0.000111001	-0.000164175	-0.00055371	-0.00159874	-0.0041528	  0.104808	   0.20603	   0.37556	  0.608831	  0.926671	   1.34395	    2.3672	   3.17787	   4.12921	   5.21727	   6.43687	   28.8593	   34.2766	   39.9786	   45.7444	   51.5764	   36.4796	   40.1663	   44.3435	   48.8115	   53.6425	   5.29623	   5.80279	   6.33689	   6.88974	   7.45791	   8.03765	   8.62594	   9.22679	   9.83688	   10.4537	   11.0793	    11.713	   12.3542	   13.0056	   13.6709	   14.3535	   15.0585	   15.7915	    16.558	   17.3612	   18.1964	    18.185	   18.1155	   17.9476	   17.6445	   17.1808	   16.5598	   15.8002	    14.942	   14.0282	    13.098	   12.1453	   11.2373	   10.3482	   9.48656	   8.65831	   7.90176	   7.16853	   6.49689	   5.88309	   5.32399	   4.81635	   4.36608	   4.01576	   3.69357	
-8.95818e-05	-9.65554e-05	-0.000324023	-0.00093374	-0.00242649	 0.0873959	  0.230908	  0.413291	  0.680258	   1.03469	   1.50235	   2.53809	   3.42061	   4.46342	   5.65589	   6.99073	   23.8367	   28.4029	   33.3008	   38.3719	   43.5946	    30.999	   34.2335	   37.9817	   41.9886	   46.3492	   3.13378	   3.44962	   3.78498	   4.13453	   4.49525	   4.86449	    5.2396	   5.62264	   6.01208	   6.40634	   6.80669	   7.21246	   7.62273	   8.03761	     8.459	   8.88902	   9.32996	   9.78587	   10.2596	   10.7548	   11.2735	   11.2813	   11.2716	   11.2263	   11.1206	   10.9315	   10.6435	   10.2583	   9.78761	   9.25601	   8.69006	   8.11402	   7.52401	   6.96168	   6.41102	   5.87732	   5.36428	   4.89558	   4.44133	   4.02519	   3.64487	   3.29843	   2.98387	   2.70485	   2.48771	
-7.13544e-05	-6.56864e-05	-0.000218561	-0.0006273	-0.00162701	 0.0719956	  0.232219	    0.4153	  0.675261	   1.03608	   1.50458	   2.30321	   3.11623	   4.08333	   5.19635	   6.43942	   19.2794	   22.9988	   27.0473	   31.3282	   35.8464	    25.293	   28.1166	   31.3935	   34.8831	   38.6779	   1.48772	   1.64519	   1.81377	   1.99079	   2.17475	   2.36388	   2.55665	   2.75366	   2.95393	   3.15698	   3.36341	   3.57292	   3.78484	   3.99897	   4.21549	   4.43521	   4.65929	   4.88933	   5.12702	   5.37387	   5.63182	   5.63638	   5.63892	    5.6329	   5.60924	   5.55559	   5.46056	   5.31632	   5.12373	   4.88856	   4.62305	   4.34044	   4.05281	   3.75821	   3.47741	   3.20242	   2.93588	   2.67964	   2.44552	   2.21861	   2.01073	   1.82072	   1.64763	   1.49047	   1.35106	
-5.51776e-05	-6.02925e-05	-0.000198599	-0.000566099	-0.00146266	 0.0591503	  0.214769	  0.383796	  0.623127	    0.9479	   1.38374	    1.7126	   2.32356	   3.05837	     3.909	   4.86461	   15.6853	   18.7298	   22.0436	   25.6057	   29.4526	   20.6132	   23.0862	    25.982	   29.0587	   32.3907	  0.267888	  0.297655	  0.329694	  0.363627	  0.399153	  0.435942	  0.473611	  0.512224	  0.551514	  0.591345	  0.631897	  0.673103	  0.714836	  0.757023	  0.799646	  0.842706	  0.886376	  0.930964	  0.976708	   1.02395	   1.07299	   1.07363	   1.07425	   1.07449	   1.07313	   1.06844	   1.05808	   1.03988	   1.01234	  0.975635	  0.930844	  0.880291	   0.82649	  0.771736	  0.715657	    0.6622	  0.609846	  0.559097	  0.510306	  0.465722	   0.42251	  0.382918	  0.346729	   0.31376	  0.283825	
-4.24402e-05	-7.33736e-05	-0.000238498	-0.000674393	-0.00173123	 0.0480666	   0.18849	  0.336417	  0.545477	  0.828246	   1.20148	   1.03021	   1.39951	   1.84824	   2.37387	   2.96722	   12.8279	   15.3498	   18.0765	   21.0056	   24.2284	   16.8178	   18.9604	   21.5129	   24.2569	   27.2207	 -0.604635	 -0.675042	 -0.751335	 -0.832603	 -0.918417	  -1.00796	  -1.10034	  -1.19543	   -1.2925	    -1.391	  -1.49128	  -1.59331	  -1.69677	  -1.80148	  -1.90732	  -2.01416	  -2.12204	  -2.23156	  -2.34332	  -2.45791	   -2.5762	  -2.57752	  -2.57848	  -2.57939	  -2.57943	  -2.57567	  -2.56399	  -2.53881	  -2.49491	  -2.42871	  -2.34057	  -2.23309	  -2.11182	  -1.98278	  -1.85146	  -1.71696	  -1.58875	  -1.46317	  -1.34143	  -1.22438	  -1.11741	  -1.01373	 -0.918728	 -0.831887	 -0.752769	
-3.47816e-05	-0.00011051	-0.000356015	-0.000995753	-0.00253693	 0.0370326	  0.164428	  0.292681	  0.473808	  0.718198	    1.0396	  0.438721	  0.596934	  0.789472	   1.01753	   1.27807	   10.2102	   12.2703	   14.4759	   16.8254	   19.4093	   13.2267	   14.9795	   17.1288	   19.4758	   22.0391	  -1.19763	  -1.34465	  -1.50394	  -1.67481	  -1.85628	  -2.04729	   -2.2459	  -2.45182	  -2.66295	  -2.87793	  -3.09698	  -3.31981	  -3.54607	  -3.77535	  -4.00736	  -4.24167	  -4.47808	  -4.71702	  -4.95947	  -5.20673	  -5.46017	  -5.46425	  -5.46587	  -5.46674	  -5.46751	   -5.4665	  -5.45755	  -5.43198	  -5.37799	  -5.28455	  -5.14406	  -4.95723	  -4.72955	  -4.47274	   -4.1995	  -3.92145	  -3.63666	  -3.36516	  -3.09921	  -2.84139	  -2.59349	   -2.3669	  -2.14728	  -1.94603	  -1.76205	
-3.15425e-05	-0.00015114	-0.000487505	-0.00135431	-0.00341465	 0.0267863	  0.142601	  0.252762	  0.408155	  0.617564	  0.892128	 0.0646003	 0.0874863	  0.115462	  0.148488	  0.186296	   7.76867	   9.38181	   11.1151	   12.9386	   14.9247	   9.69591	   10.9898	   12.6402	   14.4882	   16.5369	  -1.56706	  -1.77197	  -1.99329	  -2.23076	  -2.48471	   -2.7536	  -3.03568	  -3.33038	  -3.63478	  -3.94615	  -4.26444	  -4.58855	  -4.91756	  -5.25139	   -5.5896	  -5.93157	  -6.27673	  -6.62535	  -6.97749	  -7.33463	  -7.69871	  -7.70857	  -7.71276	  -7.71348	  -7.71315	   -7.7127	  -7.70982	   -7.6959	  -7.65876	  -7.58179	  -7.44948	  -7.25108	  -6.98755	  -6.66657	  -6.30462	  -5.91956	  -5.52772	   -5.1264	  -4.74377	  -4.36895	  -4.00555	   -3.6561	  -3.33668	  -3.02706	  -2.74332	
-3.00599e-05	-0.00016718	-0.000548498	-0.00152804	-0.00382827	 0.0187969	   0.11756	  0.206961	  0.332981	  0.502709	   0.72477	 -0.104796	 -0.141711	 -0.187273	 -0.242788	 -0.308367	   5.63813	   6.85145	   8.15725	   9.53477	   11.0126	   6.39139	   7.21497	   8.32376	   9.59877	   11.0475	  -1.75919	  -2.00679	  -2.27379	  -2.55951	  -2.86513	  -3.19102	  -3.53494	  -3.89739	  -4.27471	  -4.66358	  -5.06288	  -5.47084	  -5.88536	  -6.30584	  -6.73235	  -7.16413	  -7.60043	  -8.04127	  -8.48628	  -8.93557	  -9.39105	   -9.4118	  -9.42204	  -9.42535	  -9.42442	  -9.42221	   -9.4199	   -9.4147	   -9.3962	  -9.34961	  -9.25468	  -9.09252	  -8.84996	  -8.52814	  -8.13635	  -7.69465	   -7.2248	   -6.7467	  -6.25701	   -5.7901	  -5.33269	  -4.88919	  -4.46268	  -4.07277	  -3.69483	
-2.87489e-05	-0.000151306	-0.000506697	-0.00143651	-0.00360985	  0.013678	  0.091078	   0.15887	   0.25411	  0.382543	  0.550489	-0.0985113	  -0.13286	 -0.174895	 -0.225734	 -0.286418	   3.85596	   4.71058	   5.64478	   6.63056	   7.68955	   3.40881	   3.80462	   4.38937	   5.07805	   5.88159	   -1.8159	  -2.09032	  -2.38966	  -2.70965	    -3.051	  -3.41511	  -3.80213	  -4.21235	   -4.6432	   -5.0908	  -5.55387	  -6.02909	   -6.5136	  -7.00554	  -7.50436	  -8.00994	  -8.52145	  -9.03884	  -9.56132	  -10.0885	  -10.6206	  -10.6576	  -10.6792	  -10.6889	  -10.6907	  -10.6877	  -10.6833	  -10.6788	  -10.6711	  -10.6485	  -10.5944	  -10.4858	  -10.3014	  -10.0262	  -9.66137	  -9.21748	  -8.71716	    -8.185	   -7.6435	  -7.08887	  -6.56001	  -6.04186	  -5.53944	  -5.05623	  -4.61445	
-2.64173e-05	-0.000117346	-0.000396313	-0.00114692	-0.00293275	 0.0108076	 0.0668616	  0.115075	  0.182486	   0.27348	  0.392749	-0.0164456	-0.0221269	-0.0290407	-0.0373286	-0.0472965	   2.51465	   3.08152	   3.71327	   4.39091	    5.1175	    1.1038	   1.17909	   1.35998	   1.57351	   1.82874	  -1.77451	  -2.06067	   -2.3775	  -2.72026	  -3.08556	  -3.47419	  -3.88743	  -4.32851	  -4.79448	  -5.28294	  -5.79234	  -6.31906	  -6.85849	  -7.40805	  -7.96584	  -8.53095	  -9.10337	  -9.68306	  -10.2691	  -10.8606	  -11.4573	  -11.5166	  -11.5548	  -11.5761	  -11.5847	  -11.5846	  -11.5794	  -11.5726	  -11.5658	  -11.5556	  -11.5295	  -11.4696	   -11.351	  -11.1507	  -10.8524	  -10.4573	  -9.97687	  -9.43541	  -8.85954	  -8.27357	  -7.67337	  -7.10103	  -6.54025	  -5.99643	  -5.47338	
-2.30741e-05	-7.6817e-05	-0.000258024	-0.000753075	-0.00196781	0.00931376	 0.0455113	 0.0774772	  0.121244	  0.180359	  0.258225	 0.0639603	 0.0859402	    0.1125	  0.144132	  0.181354	   1.63594	   2.00403	    2.4229	   2.88175	   3.38174	 -0.348859	 -0.463156	 -0.534835	 -0.618687	 -0.719207	  -1.66944	  -1.95179	    -2.272	  -2.62377	  -3.00323	  -3.40661	  -3.83444	  -4.29113	  -4.77702	  -5.28939	  -5.82853	  -6.39054	  -6.97049	  -7.56398	  -8.16841	  -8.78137	  -9.40198	  -10.0312	   -10.668	  -11.3115	  -11.9608	  -12.0479	  -12.1083	  -12.1463	  -12.1668	  -12.1738	  -12.1718	  -12.1644	  -12.1553	  -12.1461	  -12.1336	  -12.1046	  -12.0403	  -11.9148	  -11.7039	  -11.3904	  -10.9756	  -10.4713	  -9.90314	  -9.29887	    -8.684	  -8.05419	  -7.45357	  -6.86504	  -6.29427	
-1.89212e-05	-4.3149e-05	-0.000142986	-0.000414987	-0.00109511	0.00823447	 0.0292957	 0.0497628	 0.0769598	  0.113068	  0.160915	  0.102565	  0.137737	  0.180097	  0.230091	  0.288479	   1.13072	   1.38181	    1.6699	   1.99312	   2.35314	 -0.964046	  -1.14212	  -1.32452	  -1.53407	  -1.78314	  -1.52969	  -1.79514	  -2.10403	  -2.45172	  -2.83262	  -3.24254	    -3.677	  -4.13946	  -4.63155	  -5.15422	  -5.70741	  -6.28928	  -6.89468	  -7.51894	  -8.15754	  -8.80739	  -9.46598	  -10.1333	  -10.8095	  -11.4936	  -12.1846	  -12.3021	  -12.3896	  -12.4496	  -12.4868	  -12.5059	  -12.5112	  -12.5072	  -12.4977	  -12.4864	  -12.4752	  -12.4605	  -12.4292	  -12.3618	   -12.232	  -12.0148	  -11.6927	  -11.2668	  -10.7491	  -10.1659	  -9.54578	  -8.91475	  -8.26837	   -7.6519	   -7.0478	
-1.43598e-05	-2.4707e-05	-8.00739e-05	-0.000229371	-0.000601922	0.00685071	 0.0191957	 0.0329965	 0.0508254	 0.0737812	  0.103828	  0.108443	  0.145582	  0.190373	  0.242984	  0.303734	  0.832095	   1.01258	   1.22086	   1.45647	   1.72598	  -1.04332	  -1.20844	  -1.40891	  -1.63897	  -1.90762	  -1.37715	  -1.61689	   -1.9024	  -2.23219	  -2.60241	  -3.00711	  -3.44143	  -3.90329	  -4.39339	  -4.91404	  -5.46905	  -6.05625	  -6.67274	  -7.31374	  -7.97448	  -8.64986	   -9.3367	  -10.0333	  -10.7388	  -11.4532	  -12.1758	  -12.3247	  -12.4415	   -12.528	  -12.5867	  -12.6224	  -12.6399	  -12.6434	  -12.6376	  -12.6261	  -12.6129	  -12.5998	  -12.5833	  -12.5501	  -12.4809	   -12.349	  -12.1291	  -11.8036	  -11.3735	   -10.851	  -10.2624	  -9.63649	  -8.99964	  -8.34726	  -7.72503	
-1.04616e-05	-2.34427e-05	-7.60354e-05	-0.000213291	-0.000551605	0.00496865	 0.0146781	 0.0256632	 0.0398993	 0.0576091	 0.0801209	 0.0844815	  0.113055	  0.147965	  0.188984	  0.236038	  0.602361	  0.730031	  0.876298	   1.04306	   1.23554	 -0.918769	  -1.04155	  -1.22358	  -1.43118	  -1.67331	  -1.22313	  -1.43623	  -1.69072	  -1.99154	  -2.33808	  -2.72635	  -3.14968	  -3.60542	  -4.08862	  -4.60053	  -5.14626	   -5.7278	  -6.34195	  -6.98632	   -7.6561	    -8.346	  -9.05073	  -9.76797	   -10.495	  -11.2308	  -11.9758	  -12.1562	  -12.3029	  -12.4174	  -12.5019	  -12.5587	  -12.5925	  -12.6082	    -12.61	  -12.6025	  -12.5894	  -12.5745	  -12.5597	  -12.5417	  -12.5072	  -12.4371	  -12.3048	  -12.0851	  -11.7605	  -11.3319	  -10.8113	   -10.225	  -9.60157	  -8.96719	  -8.31731	
-7.82903e-06	-3.13996e-05	-0.000101068	-0.000283938	-0.000718613	0.00307305	 0.0130437	 0.0229684	 0.0362562	 0.0527091	 0.0728392	 0.0512783	  0.068031	   0.08887	   0.11373	  0.142216	  0.417982	  0.504872	  0.603412	  0.714927	  0.845059	 -0.729333	 -0.807372	 -0.955061	  -1.12586	  -1.32376	  -1.07298	  -1.26189	  -1.48574	  -1.75105	  -2.06379	   -2.4234	  -2.82537	  -3.26494	  -3.73686	  -4.23642	  -4.76744	  -5.33334	   -5.9353	  -6.57059	  -7.23696	  -7.92915	  -8.64169	  -9.37006	  -10.1109	  -10.8615	  -11.6209	   -11.832	  -12.0083	  -12.1512	  -12.2625	  -12.3441	  -12.3985	  -12.4303	  -12.4442	  -12.4444	  -12.4354	  -12.4208	  -12.4046	  -12.3884	  -12.3691	  -12.3338	  -12.2636	  -12.1324	  -11.9153	   -11.595	  -11.1724	  -10.6592	  -10.0813	  -9.46674	  -8.84143	
-5.89688e-06	-4.4107e-05	-0.000137539	-0.000383289	-0.000971267	0.00141184	 0.0131883	 0.0230719	 0.0366475	 0.0539972	 0.0749642	 0.0228788	 0.0300293	 0.0389396	 0.0497985	 0.0624558	  0.312168	  0.376827	  0.448773	  0.529295	  0.622694	 -0.466286	 -0.496891	 -0.590487	 -0.701088	 -0.830958	 -0.928489	   -1.0972	  -1.29392	  -1.52526	  -1.79866	  -2.12037	  -2.48949	  -2.90327	  -3.35461	  -3.83847	  -4.35231	  -4.89829	  -5.47909	  -6.09651	  -6.74792	  -7.43077	   -8.1397	  -8.86996	    -9.616	  -10.3745	  -11.1426	  -11.3832	   -11.588	  -11.7588	   -11.897	  -12.0042	  -12.0825	  -12.1342	  -12.1638	   -12.176	  -12.1747	  -12.1645	  -12.1487	  -12.1313	   -12.114	  -12.0938	  -12.0581	  -11.9885	  -11.8595	   -11.647	  -11.3337	  -10.9205	   -10.419	  -9.85417	  -9.25364	
-4.62847e-06	-5.18435e-05	-0.000159878	-0.000432187	-0.00108617	0.000333846	 0.0126779	 0.0218917	 0.0345328	 0.0511573	 0.0718595	0.00818384	 0.0106703	 0.0136972	 0.0174094	 0.0218435	  0.263066	  0.318192	  0.378721	  0.445003	  0.521082	 -0.199014	 -0.192834	 -0.229194	 -0.273442	 -0.326499	 -0.792771	 -0.942384	  -1.11678	  -1.31861	  -1.55526	  -1.83442	  -2.16223	  -2.53943	  -2.96127	  -3.42081	  -3.91501	  -4.43961	  -4.99602	  -5.58752	  -6.21614	  -6.87893	  -7.57337	  -8.29484	  -9.03759	  -9.79606	  -10.5669	  -10.8366	  -11.0688	  -11.2662	  -11.4305	  -11.5632	  -11.6658	  -11.7404	  -11.7893	  -11.8166	  -11.8271	  -11.8246	  -11.8133	  -11.7966	  -11.7784	  -11.7603	  -11.7394	  -11.7036	  -11.6352	  -11.5094	  -11.3027	  -10.9986	  -10.5976	   -10.111	    -9.563	
-3.82117e-06	-4.75384e-05	-0.000145858	-0.00039037	-0.000952153	 9.031e-06	 0.0102299	 0.0172867	 0.0269276	 0.0396023	 0.0558864	0.00534566	0.00697782	0.00889683	 0.0112017	 0.0139845	  0.236812	  0.287766	  0.343298	  0.403152	  0.470258	 0.0237272	 0.0542392	   0.06437	 0.0768261	 0.0921998	 -0.666994	 -0.799527	 -0.953193	  -1.13102	   -1.3362	  -1.57633	  -1.85899	  -2.19187	  -2.57406	  -3.00102	  -3.46755	   -3.9691	  -4.50057	  -5.06385	  -5.66247	  -6.29825	  -6.96825	  -7.67072	  -8.40017	  -9.15083	  -9.91706	  -10.2143	  -10.4733	   -10.696	  -10.8851	  -11.0423	   -11.169	  -11.2667	  -11.3374	  -11.3833	  -11.4085	  -11.4174	  -11.4137	  -11.4016	  -11.3843	  -11.3655	  -11.3468	  -11.3255	    -11.29	  -11.2232	  -11.1013	  -10.9017	  -10.6082	  -10.2215	  -9.75222	
-3.54429e-06	-2.87179e-05	-8.75242e-05	-0.000233275	-0.000563834	0.000413522	0.00557455	0.00940341	 0.0143416	 0.0208438	 0.0291938	 0.0124536	 0.0163782	 0.0208419	 0.0260301	 0.0322125	  0.221629	   0.26994	   0.32374	  0.381157	  0.444381	  0.187727	  0.232522	  0.274714	  0.327449	  0.393205	 -0.553766	 -0.668971	  -0.80432	 -0.960173	     -1.14	  -1.34709	  -1.58891	  -1.87437	  -2.20985	  -2.59466	  -3.02585	  -3.49689	  -4.00245	  -4.53777	   -5.1049	  -5.70722	  -6.34663	  -7.02085	  -7.72744	  -8.46089	   -9.2154	  -9.53602	  -9.82025	  -10.0677	  -10.2802	  -10.4605	  -10.6101	  -10.7304	   -10.823	  -10.8898	  -10.9327	  -10.9558	  -10.9632	  -10.9587	   -10.946	  -10.9283	  -10.9091	    -10.89	  -10.8686	  -10.8336	  -10.7688	  -10.6514	  -10.4596	  -10.1779	  -9.80695	
-3.27955e-06	-3.27655e-06	-8.85758e-06	-2.34706e-05	-5.68056e-05	0.00116133	0.000575812	0.000956517	0.00145478	0.00207325	0.00287413	 0.0219603	  0.028965	  0.037112	  0.046219	 0.0567058	  0.202604	  0.246032	  0.295974	  0.350509	  0.409808	  0.279517	  0.330289	  0.388433	  0.460975	   0.55294	  -0.45505	  -0.55272	 -0.669791	 -0.806422	 -0.963305	  -1.14398	  -1.35157	  -1.59463	  -1.88094	  -2.21713	  -2.60398	  -3.03737	  -3.51009	  -4.01711	  -4.55373	  -5.12183	  -5.72487	  -6.36543	  -7.04055	  -7.74783	  -8.48178	  -8.82098	  -9.12642	  -9.39699	  -9.63237	  -9.83423	  -10.0053	  -10.1471	   -10.261	  -10.3484	  -10.4112	  -10.4512	  -10.4722	  -10.4784	  -10.4731	    -10.46	  -10.4421	  -10.4227	  -10.4036	  -10.3821	  -10.3479	  -10.2855	  -10.1729	  -9.98952	  -9.72044	
-3.23306e-06	2.97232e-05	7.78928e-05	0.000183629	0.000439183	0.00197313	-0.00437583	-0.00707153	-0.0106003	-0.0150407	-0.0204376	 0.0303647	 0.0397235	  0.051021	 0.0639065	 0.0780903	  0.169345	  0.204108	  0.245009	   0.29123	  0.342683	  0.296045	  0.345324	  0.404592	  0.477995	   0.57093	 -0.371981	 -0.452241	 -0.551076	 -0.668765	 -0.805742	  -0.96274	  -1.14313	  -1.35094	  -1.59369	   -1.8794	  -2.21599	  -2.60324	  -3.03649	  -3.50874	  -4.01507	  -4.55055	  -5.11713	  -5.71885	  -6.35774	  -7.03084	  -7.73581	  -8.08622	  -8.40827	  -8.69809	  -8.95464	  -9.17762	  -9.36867	  -9.53043	  -9.66437	  -9.77173	  -9.85395	  -9.91274	  -9.94991	  -9.96909	  -9.97412	   -9.9682	  -9.95485	  -9.93696	  -9.91766	  -9.89854	  -9.87735	  -9.84412	  -9.78413	  -9.67672	  -9.50212	
-3.50269e-06	6.20732e-05	0.000157962	0.000361897	0.000770918	0.00250707	 -0.007458	-0.0119103	-0.0173232	-0.0241741	-0.0327078	 0.0334262	 0.0433242	  0.055185	 0.0692553	 0.0850167	   0.12827	    0.1532	  0.182626	  0.216759	  0.256162	  0.261639	  0.305708	  0.358144	  0.421565	   0.50132	 -0.303153	 -0.368277	 -0.449214	  -0.54821	 -0.665768	 -0.802365	 -0.958579	  -1.13852	   -1.3453	  -1.58665	  -1.87164	  -2.20735	   -2.5931	  -3.02444	  -3.49445	  -3.99802	  -4.53026	  -5.09364	  -5.69169	  -6.32644	    -6.995	  -7.34881	  -7.68047	  -7.98515	  -8.25916	  -8.50156	  -8.71208	  -8.89228	  -9.04472	   -9.1708	   -9.2717	  -9.34881	  -9.40374	   -9.4382	  -9.45562	  -9.45964	  -9.45328	  -9.43986	  -9.42212	  -9.40305	  -9.38414	  -9.36332	  -9.33121	  -9.27389	   -9.1718	
-4.11769e-06	8.62204e-05	0.000212603	0.000474099	0.000982777	0.00261969	-0.00717617	-0.0113899	-0.0163584	-0.0221675	-0.0294339	  0.030259	 0.0385754	  0.048726	 0.0606321	 0.0745307	 0.0939713	  0.111542	  0.131752	  0.155364	  0.183466	  0.215817	   0.25499	  0.299798	  0.352895	  0.418154	  -0.24721	 -0.299115	 -0.364595	 -0.445408	 -0.543973	 -0.660832	 -0.796332	 -0.951657	  -1.13015	  -1.33507	  -1.57502	  -1.85833	  -2.19166	   -2.5745	  -3.00247	  -3.46851	  -3.96756	  -4.49519	  -5.05339	   -5.6457	  -6.27419	  -6.62391	  -6.95783	  -7.27073	  -7.55803	  -7.81628	  -8.04459	  -8.24273	  -8.41218	  -8.55541	  -8.67374	  -8.76831	  -8.84043	  -8.89164	  -8.92352	  -8.93932	  -8.94246	   -8.9358	  -8.92245	  -8.90501	  -8.88629	  -8.86774	  -8.84744	  -8.81656	  -8.76201	
-3.78263e-06	9.48601e-05	0.000226418	0.000489936	0.000990195	 0.0025856	-0.00320803	-0.00505217	-0.00720713	-0.00963985	 -0.012445	 0.0219894	 0.0278891	  0.034701	 0.0428643	 0.0522434	 0.0725895	 0.0863918	  0.101321	   0.11838	  0.138961	  0.185438	  0.218808	  0.259219	  0.306265	  0.362947	  -0.20183	 -0.243181	 -0.295245	 -0.360443	 -0.440671	 -0.538365	 -0.653963	 -0.788309	 -0.941956	  -1.11835	   -1.3215	  -1.55934	   -1.8398	  -2.16965	  -2.54841	  -2.97161	  -3.43222	  -3.92561	  -4.44696	  -4.99826	  -5.58307	  -5.92434	  -6.25349	  -6.56769	  -6.86202	  -7.13216	  -7.37484	  -7.58927	  -7.77523	  -7.93415	  -8.06836	  -8.17914	  -8.26756	  -8.33486	  -8.38248	  -8.41193	  -8.42624	  -8.42864	  -8.42179	  -8.40864	  -8.39161	  -8.37337	  -8.35529	  -8.33561	  -8.30606	
-5.09987e-06	7.66496e-05	0.000176973	0.00037116	0.000729098	0.00209963	0.00283096	0.00396289	0.00560497	0.00744367	 0.0094829	 0.0112597	 0.0139741	 0.0172967	 0.0210762	 0.0255238	 0.0619267	 0.0737669	 0.0866726	  0.100471	  0.116866	  0.165646	  0.197577	   0.23539	  0.280288	  0.333443	 -0.164889	 -0.197993	 -0.239379	 -0.291087	 -0.355639	 -0.434943	 -0.531329	 -0.645637	 -0.778198	 -0.929658	  -1.10408	  -1.30492	  -1.53971	  -1.81647	  -2.14192	  -2.51549	  -2.93272	  -3.38698	  -3.87333	  -4.38698	  -4.92991	  -5.25795	  -5.57835	  -5.88729	  -6.18213	  -6.45826	  -6.71159	  -6.93906	  -7.13995	  -7.31406	  -7.46273	   -7.5882	  -7.69167	  -7.77416	  -7.83684	  -7.88106	  -7.90823	  -7.92119	  -7.92296	  -7.91605	  -7.90319	  -7.88667	  -7.86901	  -7.85151	  -7.83254	
2.68749e-05	4.27563e-05	9.53654e-05	0.000193618	0.000369996	0.00147763	 0.0103904	 0.0140364	 0.0176696	 0.0232555	 0.0294122	 0.0019258	0.00233144	0.00282059	0.00341901	0.00408995	 0.0575819	 0.0680095	 0.0799667	  0.092797	  0.107036	  0.154778	   0.18393	  0.219291	  0.262633	   0.31492	 -0.134339	 -0.161358	 -0.194425	 -0.235435	 -0.286503	 -0.350152	   -0.4282	 -0.523278	 -0.635804	  -0.76619	 -0.915619	  -1.08766	  -1.28544	  -1.51655	  -1.78891	  -2.10912	  -2.47654	  -2.88708	  -3.33386	  -3.81198	  -4.31669	  -4.63175	  -4.93902	  -5.23906	   -5.5283	   -5.8043	  -6.06272	  -6.29972	  -6.51244	  -6.70021	  -6.86284	  -7.00162	  -7.11866	  -7.21511	  -7.29191	  -7.35018	  -7.39119	  -7.41622	  -7.42796	  -7.42921	  -7.42233	  -7.40985	  -7.39393	  -7.37693	  -7.36009	
3.15461e-05	0.000102847	-1.85009e-05	-3.63004e-05	-6.44906e-05	0.000777813	 0.0183795	 0.0239876	 0.0290711	 0.0341638	 0.0428166	-0.00462093	-0.00552537	-0.00653262	-0.00773091	-0.00920006	   0.05519	 0.0648762	 0.0756331	 0.0878152	  0.101339	   0.14805	  0.171306	  0.203309	  0.243708	  0.293938	 -0.108779	 -0.131177	  -0.15811	  -0.19081	 -0.231222	 -0.281457	 -0.343953	 -0.420765	 -0.514156	 -0.624608	 -0.752987	 -0.900076	  -1.06915	  -1.26338	  -1.49029	  -1.75762	  -2.07184	  -2.43259	  -2.83552	  -3.27386	  -3.74272	  -4.04678	  -4.34129	  -4.62841	  -4.90872	  -5.17889	  -5.43666	  -5.67797	   -5.8992	  -6.09768	  -6.27281	   -6.4244	  -6.55368	  -6.66264	  -6.75237	  -6.82375	  -6.87783	  -6.91581	  -6.93887	  -6.94949	  -6.95033	  -6.94354	  -6.93152	  -6.91626	  -6.89998	
4.00237e-05	7.34153e-05	0.000151364	-0.000254421	-0.00044939	0.000218054	 0.0260579	 0.0326098	 0.0380781	 0.0430514	 0.0483976	-0.00796699	-0.00946571	-0.0110608	-0.0128128	-0.0148708	 0.0523518	 0.0609454	 0.0707622	 0.0814562	 0.0940298	  0.158801	  0.155744	   0.18326	  0.218703	  0.264018	-0.0872246	 -0.106019	 -0.128293	 -0.154875	 -0.187034	 -0.226702	 -0.275917	 -0.337292	 -0.412581	 -0.504072	 -0.612624	  -0.73877	 -0.883057	  -1.04879	   -1.2391	  -1.46132	  -1.72307	  -2.03093	  -2.38428	  -2.77884	   -3.2079	  -3.50166	  -3.78539	  -4.06005	  -4.32774	  -4.58905	  -4.84086	   -5.0811	  -5.30595	  -5.51203	  -5.69685	  -5.85985	  -6.00087	  -6.12106	  -6.22232	  -6.30565	  -6.37189	  -6.42201	  -6.45714	  -6.47836	  -6.48799	  -6.48848	  -6.48186	  -6.47034	  -6.45579	
5.71966e-05	7.44734e-05	0.000147984	0.000270193	-0.000660157	-7.03851e-06	 0.0327466	 0.0394176	 0.0439688	 0.0478791	 0.0517905	-0.00859449	-0.0101269	-0.0117642	-0.0134745	-0.0153308	 0.0478089	 0.0553881	 0.0637599	 0.0731367	  0.083695	  0.164828	  0.136255	  0.158885	  0.187995	  0.225941	-0.0694413	-0.0848802	  -0.10352	 -0.125459	 -0.151554	 -0.183059	 -0.221841	 -0.270075	 -0.330113	 -0.403731	 -0.493497	 -0.599992	 -0.723548	 -0.864754	  -1.02687	  -1.21288	  -1.43001	  -1.68592	  -1.98687	  -2.33224	  -2.71778	  -2.99572	  -3.26942	  -3.53359	  -3.78919	  -4.03824	  -4.28133	  -4.51556	  -4.73899	  -4.94809	  -5.13968	  -5.31143	  -5.46285	  -5.59379	  -5.70534	  -5.79927	  -5.87653	  -5.93791	   -5.9843	  -6.01675	  -6.03627	    -6.045	  -6.04523	  -6.03883	  -6.02786	
7.96481e-05	 0.0001147	0.000219135	0.000387809	0.000647609	-0.000621105	 0.0386302	 0.0441408	 0.0468064	 0.0486736	 0.0506934	-0.00808015	-0.00862248	-0.00994251	 -0.011328	-0.0127518	 0.0423326	 0.0478804	 0.0548431	 0.0623781	 0.0711316	   0.16329	  0.112358	  0.130997	  0.153707	  0.183216	-0.0551742	-0.0674755	-0.0827241	 -0.101007	 -0.122476	 -0.147978	 -0.178726	 -0.216679	 -0.263797	 -0.322408	 -0.394513	 -0.482385	 -0.586443	 -0.707067	  -0.84488	  -1.00301	  -1.18444	   -1.3964	   -1.6462	  -1.93988	  -2.27676	  -2.53326	  -2.79173	  -3.04609	  -3.29149	   -3.5289	  -3.76024	    -3.986	  -4.20353	  -4.41101	  -4.60512	  -4.78292	  -4.94226	  -5.08268	  -5.20407	  -5.30745	  -5.39447	  -5.46603	  -5.52283	  -5.56574	   -5.5957	  -5.61366	  -5.62159	  -5.62163	   -5.6155	
0.000118266	0.000242265	0.000438336	0.000753737	0.00122222	0.00222565	 0.0432366	 0.0465856	 0.0466454	 0.0461075	 0.0458917	-0.0064452	-0.00663221	-0.00694932	-0.00786294	-0.00880764	  0.035572	 0.0395021	 0.0442582	 0.0500835	 0.0566344	  0.155223	 0.0856857	 0.0999228	  0.117245	  0.138669	-0.0439941	-0.0535558	-0.0656696	-0.0805718	-0.0983949	 -0.119312	 -0.144144	 -0.174183	 -0.211204	 -0.257142	 -0.314463	 -0.384927	  -0.47061	 -0.571969	 -0.689423	 -0.823567	 -0.977499	  -1.15431	   -1.3609	  -1.60433	  -1.89035	   -2.1184	  -2.35651	  -2.59627	  -2.83214	   -3.0597	  -3.27989	  -3.49443	   -3.7038	   -3.9055	  -4.09784	  -4.27772	  -4.44245	  -4.59004	  -4.72006	  -4.83244	  -4.92813	  -5.00865	  -5.07484	  -5.12737	  -5.16701	  -5.19466	  -5.21119	  -5.21843	  -5.21834	
0.000170915	0.00046858	0.000783083	0.00129976	0.00206719	0.00337359	 0.0406061	 0.0462521	 0.0433126	 0.0404782	 0.0383318	-0.00417416	-0.0041411	-0.00418953	-0.00431989	-0.00480676	 0.0273748	 0.0300946	 0.0331201	 0.0367335	 0.0413274	  0.141011	 0.0585062	 0.0677036	 0.0794481	 0.0939725	-0.0353296	-0.0426691	-0.0520704	-0.0638746	-0.0783534	 -0.095659	  -0.11597	 -0.140174	 -0.169425	 -0.205466	 -0.250337	 -0.306271	 -0.374866	 -0.458161	 -0.556646	 -0.670727	 -0.801054	 -0.950775	  -1.12283	  -1.32386	  -1.56061	  -1.75583	  -1.96719	  -2.18769	  -2.40965	    -2.628	  -2.83872	  -3.04262	   -3.2413	  -3.43517	  -3.62189	  -3.79989	  -3.96633	  -4.11871	  -4.25519	  -4.37543	  -4.47933	  -4.56779	  -4.64221	  -4.70337	  -4.75189	  -4.78849	  -4.81401	  -4.82923	  -4.83585	
0.000210135	0.000709536	0.00103561	0.00162711	0.00254567	0.00390061	 0.0362554	 0.0370397	 0.0364741	 0.0319498	 0.0286575	-0.00181619	-0.00172501	-0.00168387	 -0.001678	-0.00170613	 0.0178394	 0.0195162	 0.0212659	 0.0231795	 0.0256106	  0.122699	 0.0315101	 0.0362938	 0.0422587	 0.0499769	-0.0285529	-0.0342418	-0.0414568	-0.0506002	 -0.062038	-0.0760533	-0.0928056	 -0.112549	 -0.136065	 -0.164494	 -0.199651	 -0.243381	 -0.297749	 -0.364324	 -0.445107	 -0.540578	 -0.651193	  -0.77771	  -0.92313	  -1.09028	  -1.28552	  -1.44709	  -1.62777	  -1.82321	  -2.02701	  -2.23216	  -2.43403	  -2.62886	  -2.81742	  -3.00113	  -3.18035	  -3.35293	   -3.5174	  -3.67116	   -3.8119	  -3.93795	  -4.04898	  -4.14493	  -4.22659	   -4.2953	  -4.35175	  -4.39651	  -4.43028	  -4.45382	  -4.46784	
0.00302483	0.00785032	 0.0116179	 0.0149006	 0.0183535	 0.0278821	 0.0807911	  0.081235	 0.0700872	 0.0592861	 0.0485479	-0.000608366	-0.000508432	-0.00043526	-0.000381795	-0.000342932	0.000538882	0.000521168	0.000520118	0.000529184	0.000548563	-0.00290851	-0.00527344	-0.00579977	-0.00646755	-0.00731243	         	         	         	         	         	         	         	         	         	         	         	         	         	         	         	         	         	         	         	         	         	         	         	         	         	         	         	         	         	         	         	         	         	         	         	         	         	         	         	         	         	         	         	         	         	
         	         	         	         	         	         	         	         	         	         	         	         	         	         	         	         	         	         	         	         	         	         	         	         	         	         	         	         	         	         	         	         	         	         	         	         	         	         	         	         	         	         	         	         	         	         	         	         	         	         	         	         	         	         	         	         	         	         	         	         	         	         	         	         	         	         	         	         	         	         	         	
         	         	         	         	         	         	         	         	         	         	         	         	         	         	         	         	         	         	         	         	         	         	         	         	         	         	         	         	         	         	         	         	         	         	         	         	         	         	         	         	         	         	         	         	         	         	         	         	         	         	         	         	         	         	         	         	         	         	         	         	         	         	         	         	         	         	         	         	         	         	         	
  -176.378	   182.272	  -462.482	  -1256.47	  -2219.57	  -3229.42	  -3681.34	  -4956.22	  -6564.35	  -9162.12	  -18057.1	  -3464.42	  -3447.75	  -3431.72	   -3417.2	  -3404.94	  -324.657	  -324.154	  -324.301	  -324.714	  -325.503	   1045.22	   1043.55	   1051.25	   1059.31	   1064.05	  -585.757	  -586.434	  -587.064	  -588.147	   -588.58	  -589.094	  -589.331	  -589.509	  -589.676	  -589.857	  -590.024	  -590.176	  -590.318	  -590.437	  -590.541	  -590.633	  -590.717	  -590.787	   -590.85	   -590.91	  -590.967	  -564.426	  -539.075	  -514.861	  -491.734	  -469.645	  -448.546	  -428.394	  -409.146	  -390.762	  -373.203	  -356.431	  -340.412	  -325.112	  -310.499	  -296.541	   -283.21	  -270.478	  -258.317	  -246.702	  -235.609	  -225.014	  -214.895	  -205.231	      -196	
  -194.796	   161.755	  -456.069	  -1100.69	  -1894.26	  -2856.16	   -1502.5	  -2967.77	  -4241.94	  -5850.09	  -8449.04	  -461.532	  -411.135	  -409.561	  -408.114	  -406.865	  -842.949	  -841.538	  -841.025	  -842.094	  -842.714	   443.595	   442.764	   444.257	   446.119	   448.518	   -581.84	  -582.773	  -583.274	  -583.881	  -585.093	  -585.616	  -586.288	  -586.628	  -586.886	  -587.149	   -587.42	  -587.657	  -587.885	   -588.08	  -588.242	  -588.383	   -588.51	   -588.63	  -588.733	  -588.828	  -588.919	  -562.501	  -537.266	  -513.161	  -490.135	  -468.142	  -447.133	  -427.064	  -407.894	  -389.583	  -372.091	  -355.383	  -339.424	  -324.179	  -309.618	  -295.709	  -282.423	  -269.733	  -257.612	  -246.035	  -234.977	  -224.415	  -214.327	  -204.691	  -195.489	
   -224.24	  -436.379	  -462.396	  -1080.14	  -1724.52	  -2517.42	   304.835	  -755.852	   -2220.8	  -3494.78	  -5102.42	   1974.25	   2591.51	   2630.24	   2620.84	   2612.37	  -1215.68	  -1213.02	  -1211.43	  -1211.12	  -1212.59	  -12.7715	  -11.8204	  -11.8549	  -11.8891	  -11.9285	  -577.454	  -579.674	  -580.519	  -581.016	  -581.668	  -582.941	  -583.542	  -584.281	  -584.662	  -584.967	  -585.283	   -585.59	  -585.861	  -586.111	  -586.323	  -586.502	  -586.658	  -586.802	  -586.938	  -587.057	  -587.167	  -560.845	    -535.7	   -511.68	  -488.735	  -466.816	  -445.879	  -425.879	  -406.772	  -388.521	  -371.086	  -354.431	  -338.521	  -323.324	  -308.806	  -294.939	  -281.693	   -269.04	  -256.955	   -245.41	  -234.383	  -223.851	  -213.791	  -204.182	  -195.004	
  -242.742	  -387.307	  -388.098	  -414.116	  -1031.85	   -1676.2	  -329.079	  -1175.81	  -2233.86	  -3695.06	  -4964.69	   1038.94	   749.452	   1372.08	   1418.09	   1413.37	  -1359.07	  -1355.55	  -1352.84	  -1351.25	  -1350.68	  -709.153	  -706.694	  -707.776	  -709.647	  -711.411	  -573.384	  -576.107	  -578.261	  -579.078	  -579.566	   -580.21	  -581.492	  -582.103	  -582.847	  -583.236	  -583.554	  -583.878	  -584.193	  -584.463	   -584.71	  -584.921	    -585.1	  -585.257	  -585.403	  -585.542	  -585.662	  -559.415	  -534.339	  -510.385	  -487.501	  -465.642	  -444.761	  -424.815	   -405.76	  -387.558	   -370.17	  -353.559	  -337.692	  -322.534	  -308.055	  -294.224	  -281.012	  -268.392	  -256.337	  -244.823	  -233.824	  -223.318	  -213.283	  -203.698	  -194.543	
  -251.972	  -339.777	  -339.775	  -340.568	  -366.589	  -984.332	  -438.413	   -1147.5	  -1993.52	  -3050.45	  -4510.33	   1149.49	    435.32	   147.941	    773.47	   825.778	  -1322.07	  -1318.28	  -1315.07	  -1312.58	   -1310.9	  -979.399	  -976.376	  -976.754	  -978.078	  -980.357	  -570.635	  -572.278	  -574.928	  -577.039	  -577.833	    -578.3	  -578.934	  -580.207	  -580.811	  -581.552	  -581.942	   -582.26	  -582.586	  -582.895	  -583.158	  -583.399	  -583.606	  -583.782	  -583.937	  -584.082	  -584.219	  -558.043	  -533.033	   -509.14	  -486.314	   -464.51	  -443.681	  -423.784	  -404.778	  -386.622	  -369.278	  -352.709	  -336.882	  -321.763	   -307.32	  -293.524	  -280.345	  -267.756	  -255.731	  -244.245	  -233.273	  -222.793	  -212.783	  -203.221	  -194.088	
  -254.468	  -296.065	  -296.065	  -296.063	  -296.857	  -322.881	  -289.125	  -773.862	  -1482.82	  -2328.62	  -3385.28	   1965.63	   1015.27	   301.333	   14.2826	   640.822	  -1156.15	  -1152.67	  -1149.53	  -1146.84	   -1144.6	  -935.217	   -930.22	  -930.838	   -931.08	  -932.151	  -568.289	  -569.523	  -571.121	  -573.724	  -575.793	  -576.567	  -577.026	  -577.654	  -578.919	   -579.52	   -580.26	   -580.65	   -580.97	  -581.292	  -581.595	  -581.852	  -582.087	  -582.291	  -582.464	  -582.618	  -582.762	  -556.667	  -531.726	  -507.894	  -485.127	  -463.378	  -442.602	  -422.755	  -403.796	  -385.686	  -368.386	   -351.86	  -336.073	  -320.992	  -306.585	  -292.824	  -279.678	  -267.121	  -255.126	  -243.668	  -232.723	  -222.269	  -212.283	  -202.745	  -193.634	
  -252.702	  -259.175	  -259.175	  -259.175	  -259.173	  -259.968	   175.029	   -321.34	  -806.079	  -1515.06	  -2360.94	   2584.07	   2149.01	   1198.07	   483.384	   195.615	  -913.379	  -910.498	  -907.881	  -905.501	  -903.356	  -684.525	  -678.789	  -678.218	  -678.582	  -678.643	  -566.016	  -567.192	   -568.39	  -569.957	   -572.51	  -574.538	    -575.3	  -575.754	  -576.377	  -577.636	  -578.236	  -578.974	  -579.367	  -579.684	      -580	  -580.296	  -580.546	  -580.777	  -580.978	   -581.15	  -581.303	   -555.28	  -530.416	   -506.65	  -483.942	  -462.248	  -441.524	  -421.727	  -402.816	  -384.752	  -367.495	  -351.011	  -335.264	  -320.221	  -305.851	  -292.124	  -279.012	  -266.486	  -254.521	  -243.092	  -232.174	  -221.746	  -211.784	   -202.27	  -193.181	
  -248.934	  -232.009	   -232.01	   -232.01	  -232.009	  -232.008	  -698.322	   258.384	  -237.994	  -722.759	  -1431.81	   3062.27	   2918.12	   2482.51	   1530.66	   814.838	  -642.747	  -640.768	  -638.838	  -637.077	  -635.401	  -335.045	  -329.048	   -328.52	  -328.212	  -328.334	  -564.395	  -564.941	  -566.085	  -567.259	  -568.786	  -571.288	  -573.283	  -574.036	  -574.485	  -575.106	  -576.361	  -576.959	  -577.698	  -578.087	  -578.399	  -578.708	  -578.997	  -579.242	  -579.471	  -579.669	   -579.84	  -553.892	  -529.096	  -505.403	  -482.758	   -461.12	  -440.449	  -420.702	  -401.838	  -383.819	  -366.606	  -350.163	  -334.456	  -319.452	  -305.118	  -291.426	  -278.346	  -265.852	  -253.917	  -242.516	  -231.626	  -221.223	  -211.286	  -201.795	  -192.729	
  -245.142	  -217.015	  -217.015	  -217.015	  -217.015	  -217.015	  -674.321	  -675.228	   281.478	  -214.904	  -699.683	   3787.15	   3397.99	   3253.56	   2817.48	   1864.79	  -386.333	  -385.216	  -384.085	  -382.977	  -381.925	   15.3721	   21.6185	   21.5708	   21.5344	   21.5113	  -563.364	   -563.33	  -563.861	  -564.982	  -566.121	  -567.606	  -570.064	  -572.031	  -572.776	  -573.223	  -573.842	  -575.094	  -575.693	  -576.426	   -576.81	  -577.115	  -577.417	    -577.7	  -577.942	  -578.168	  -578.365	  -552.499	  -527.774	  -504.147	  -481.571	  -459.993	  -439.376	  -419.679	  -400.863	  -382.888	  -365.718	  -349.317	  -333.649	  -318.683	  -304.386	  -290.728	  -277.681	  -265.218	  -253.313	  -241.941	  -231.078	  -220.701	  -210.789	  -201.321	  -192.277	
  -242.218	  -215.337	  -215.274	  -215.274	  -215.274	  -215.274	  -851.555	  -851.551	  -852.456	   104.259	  -392.113	   4305.37	   3997.85	   3608.65	   3464.15	    3027.9	  -162.962	   -162.54	  -162.093	  -161.637	  -161.177	   300.051	   306.915	   306.133	   305.438	   304.887	  -562.169	  -562.298	  -562.257	  -562.783	   -563.87	  -564.971	  -566.422	  -568.841	  -570.782	  -571.521	  -571.967	  -572.587	  -573.837	  -574.431	  -575.156	  -575.532	  -575.831	  -576.127	  -576.406	  -576.645	  -576.868	  -551.096	  -526.449	  -502.889	  -480.376	  -458.864	  -438.303	  -418.657	  -399.889	   -381.96	  -364.833	  -348.472	  -332.844	  -317.915	  -303.654	  -290.031	  -277.017	  -264.585	   -252.71	  -241.366	   -230.53	  -220.179	  -210.292	  -200.847	  -191.826	
  -239.868	  -226.429	  -226.283	  -226.219	  -226.219	  -226.219	  -1314.44	  -1314.44	  -1314.44	  -1315.33	    -358.6	   4617.67	   4300.74	    3993.3	   3604.23	   3459.96	   35.2066	   35.1295	    35.043	   34.9509	   34.8545	   492.831	   500.601	   499.228	   497.933	   496.754	  -561.765	  -561.102	  -561.226	  -561.188	  -561.694	  -562.742	  -563.816	  -565.238	  -567.621	  -569.538	  -570.273	   -570.72	  -571.341	  -572.584	  -573.169	  -573.886	  -574.254	  -574.547	  -574.839	  -575.115	  -575.351	  -549.672	  -525.113	  -501.628	  -479.179	  -457.726	  -437.228	  -417.636	  -398.916	  -381.033	  -363.949	  -347.629	   -332.04	  -317.148	  -302.923	  -289.335	  -276.354	  -263.953	  -252.108	  -240.792	  -229.983	  -219.658	  -209.795	  -200.374	  -191.375	
  -236.911	  -247.082	  -246.908	  -246.761	  -246.698	  -246.698	  -2002.66	  -2002.66	  -2002.66	  -2002.65	  -2002.62	   4792.13	   4419.48	   4102.64	   3795.38	   3406.66	   247.513	   247.114	    246.62	   246.066	   245.459	   643.268	   651.587	    649.76	   647.949	    646.19	  -561.965	  -560.862	  -560.174	  -560.286	   -560.24	  -560.698	  -561.683	  -562.719	  -564.107	  -566.449	  -568.341	   -569.07	  -569.516	  -570.132	  -571.361	  -571.936	   -572.64	      -573	  -573.286	  -573.572	  -573.843	  -548.242	   -523.77	  -500.367	  -477.987	  -456.595	  -436.152	   -416.62	  -397.951	  -380.113	  -363.072	  -346.792	  -331.242	  -316.387	  -302.197	  -288.642	  -275.694	  -263.324	  -251.509	  -240.221	  -229.439	   -219.14	  -209.301	  -199.903	  -190.926	
  -231.715	  -272.035	  -271.802	  -271.628	  -271.481	  -271.418	   -2705.4	   -2705.4	   -2705.4	   -2705.4	  -2705.39	    2532.5	   4537.28	   4164.67	   3847.92	   3540.85	   533.977	   533.426	   532.641	   531.671	   530.558	   868.837	   876.502	   874.057	   871.599	   869.117	  -562.479	  -561.005	  -559.883	  -559.196	  -559.306	  -559.253	  -559.691	  -560.621	  -561.622	  -562.979	  -565.288	  -567.153	  -567.875	  -568.316	  -568.925	  -570.139	  -570.702	  -571.394	  -571.746	  -572.027	  -572.307	  -546.808	   -522.41	   -499.09	  -476.788	  -455.461	  -435.076	  -415.596	  -396.984	  -379.194	  -362.196	  -345.958	  -330.445	  -315.627	  -301.472	  -287.951	  -275.035	  -262.696	   -250.91	  -239.651	  -228.896	  -218.622	  -208.807	  -199.433	  -190.478	
  -223.834	  -295.667	  -295.379	  -295.146	  -294.972	  -294.825	  -3092.31	   -3092.3	   -3092.3	  -3092.29	  -3092.29	   2448.44	   2448.41	   4453.18	    4080.6	   3763.92	    940.23	   939.707	   938.826	   937.569	   935.987	   1315.81	   1320.96	   1317.57	   1313.91	   1310.18	  -563.138	  -561.474	  -559.986	  -558.869	  -558.191	  -558.295	  -558.253	  -558.673	  -559.557	  -560.526	  -561.861	  -564.136	  -565.972	  -566.683	  -567.117	  -567.716	  -568.914	  -569.466	  -570.147	  -570.493	  -570.769	  -545.348	  -521.047	  -497.796	  -475.572	   -454.32	  -433.997	  -414.572	  -396.009	  -378.273	  -361.321	  -345.124	  -329.651	  -314.869	  -300.749	  -287.261	  -274.377	  -262.069	  -250.312	  -239.081	  -228.353	  -218.104	  -208.314	  -198.963	   -190.03	
  -216.244	  -315.186	  -314.845	  -314.557	  -314.323	  -314.148	  -2805.11	  -2805.01	  -2804.96	  -2804.91	  -2804.86	    2797.7	   2797.66	   2797.62	    4802.2	   4429.68	   1443.25	   1442.89	   1442.18	   1440.96	   1439.19	   2080.25	   2081.61	   2076.96	   2071.68	   2065.91	   -563.77	  -562.079	  -560.404	  -558.925	  -557.821	   -557.15	  -557.262	  -557.226	  -557.631	  -558.476	  -559.426	  -560.739	   -562.98	  -564.785	  -565.484	   -565.91	  -566.498	   -567.68	  -568.224	  -568.896	  -569.237	  -543.881	  -519.654	  -496.496	  -474.339	  -453.161	  -432.909	  -413.543	  -395.033	  -377.344	  -360.444	  -344.291	  -328.857	  -314.112	  -300.027	  -286.572	  -273.719	  -261.442	  -249.715	  -238.512	   -227.81	  -217.587	  -207.822	  -198.493	  -189.582	
  -204.914	  -322.577	  -322.228	  -321.884	  -321.593	  -321.351	  -1672.51	  -1672.23	     -1672	  -1671.81	  -1671.63	   3628.61	   3628.37	   3628.23	   3628.19	   5631.77	   2058.02	   2057.94	   2057.58	   2056.75	   2055.22	   3245.06	   3242.15	   3236.21	   3229.13	   3220.98	   1076.81	   1073.66	   1070.44	   1067.28	    1064.5	   1062.42	   1061.18	   1061.41	   1061.35	    1062.1	   1063.68	   1065.46	   1067.93	   1072.15	   1075.54	   1076.86	   1077.66	   1078.77	   1081.01	   1082.03	   1083.31	   1035.17	   989.062	   945.003	   902.887	   862.593	    824.08	   787.251	   752.034	   718.372	   686.206	   655.472	   626.096	    598.03	   571.217	   545.603	   521.134	   497.762	   475.435	   454.108	   433.736	   414.274	   395.684	   377.925	   360.961	
  -200.631	  -329.666	  -329.355	      -329	  -328.642	  -328.319	   55.0293	   55.1861	     55.31	   55.3479	   55.3227	   4647.09	   4645.71	   4644.93	   4644.79	    4645.2	   2627.15	   2627.69	   2628.11	   2628.14	    2627.5	   4569.05	   4563.52	   4557.24	   4549.32	    4539.7	     13771	   13733.2	   13693.8	   13653.7	   13614.4	   13579.9	   13554.4	   13539.1	   13542.3	   13541.9	   13551.7	   13571.6	   13594.3	   13625.7	   13679.2	   13722.4	   13739.4	   13749.7	     13764	   13792.5	   13805.8	   13200.1	   12613.7	   12051.9	   11515.1	     11002	     10511	   10041.8	   9593.05	   9163.96	    8753.8	   8361.86	   7987.37	   7629.44	   7287.44	   6960.72	   6648.61	   6350.45	   6065.65	   5793.59	   5533.71	   5285.46	   5048.31	   4821.77	   4605.37	
  -219.641	  -360.751	  -360.171	  -359.842	  -359.444	  -358.998	   1996.32	   1994.81	   1992.66	   1990.16	   1987.56	   5582.82	   5577.64	   5574.44	   5573.48	   5574.67	   2966.43	   2968.56	   2970.63	    2972.4	   2973.47	   5697.26	   5692.58	   5688.09	   5681.36	   5672.52	   12492.2	   12462.7	   12431.2	   12397.4	   12362.9	   12329.6	   12300.1	   12278.5	   12265.4	   12268.8	   12268.8	   12278.2	   12296.5	   12317.6	   12346.7	   12395.7	   12435.6	   12451.6	   12461.6	     12475	   12501.2	   11950.5	   11426.6	   10919.2	   10433.2	   9968.69	   9524.64	   9099.77	   8693.65	   8305.27	   7933.88	   7578.86	    7239.6	   6915.43	   6605.59	   6309.53	    6026.7	    5756.5	   5498.38	   5251.82	   5016.29	    4791.3	   4576.37	   4371.06	   4174.93	
  -269.456	  -422.938	  -422.557	  -421.934	  -421.506	  -420.903	   3774.22	   3767.59	   3758.56	   3747.98	   3737.14	   6019.95	   6006.84	   5998.03	   5994.28	   5995.61	   2937.72	   2941.58	   2946.54	   2950.88	   2954.55	   6376.72	   6377.15	    6377.1	   6374.27	   6368.97	   11295.3	   11276.7	   11253.8	   11229.8	   11202.4	   11174.4	     11148	   11123.7	   11106.1	   11095.3	   11098.7	     11100	   11109.3	   11126.8	     11147	   11174.7	   11220.3	   11257.7	   11273.2	   11283.2	   11296.2	   10811.2	   10335.6	   9883.01	   9444.67	   9024.64	   8623.22	   8239.37	   7872.06	   7520.93	   7185.12	   6863.97	   6556.95	   6263.55	   5983.19	    5715.2	   5459.13	   5214.47	   4980.75	   4757.47	   4544.17	   4340.42	   4145.78	   3959.85	   3782.22	
  -340.873	  -498.874	  -498.821	  -498.348	  -497.516	  -496.649	   5298.07	   5280.49	    5256.7	   5229.03	   5200.54	   5731.69	   5707.14	   5689.51	   5679.94	   5679.07	   2591.23	   2597.05	    2603.9	      2612	   2618.62	   6666.15	   6675.95	   6683.15	   6687.31	   6688.81	     10166	   10159.4	   10148.1	   10132.8	   10118.4	   10099.1	   10079.2	   10060.4	   10041.9	   10028.5	   10019.6	     10024	   10027.2	   10036.6	   10053.9	   10074.1	     10101	     10144	   10179.8	   10195.4	   10205.9	   9759.03	   9341.03	      8931	   8540.67	    8162.5	   7800.08	   7453.61	    7122.2	   6805.02	   6501.77	   6211.71	   5934.28	   5669.03	   5415.52	   5173.26	   4941.67	   4720.36	   4508.91	   4306.89	    4113.9	   3929.52	   3753.39	   3585.13	   3424.39	
  -418.711	  -571.348	  -571.381	  -571.192	  -570.411	  -568.937	   6408.58	   6378.02	    6336.4	   6286.93	   6235.18	   4655.62	   4623.92	   4599.42	   4584.09	   4578.49	   2045.76	   2051.06	   2058.57	   2066.67	   2075.97	   6635.93	   6657.08	   6672.89	   6685.47	   6695.27	   9119.39	    9124.4	   9124.31	   9119.45	   9112.63	   9107.97	   9096.38	    9083.3	    9071.3	   9057.66	   9047.51	   9040.68	   9046.33	   9051.35	   9060.87	   9078.09	    9098.2	   9124.18	   9164.56	   9198.86	   9214.48	   8810.22	   8425.61	   8065.64	   7712.45	   7376.09	   7050.07	    6737.6	   6438.77	   6152.85	   5879.14	   5617.42	   5367.06	   5127.55	   4898.53	   4679.63	   4470.42	   4270.41	   4079.27	   3896.63	   3722.13	   3555.41	   3396.13	   3243.96	    3098.6	
  -488.115	  -628.604	  -628.417	  -628.269	  -627.667	  -626.041	   7120.72	   7077.81	   7019.18	   6948.62	   6872.65	   3118.16	   3088.29	   3064.17	   3047.13	   3038.41	   1513.03	   1516.44	   1522.51	   1530.07	   1537.86	    6485.6	   6516.47	    6541.9	   6563.47	   6582.39	   8154.25	   8170.29	   8180.89	   8185.98	   8188.13	   8189.97	    8194.1	   8188.28	   8180.94	    8174.3	   8164.18	   8157.15	   8152.28	   8158.89	   8165.44	   8175.12	   8192.26	   8212.11	   8236.98	   8274.68	   8307.32	   7948.28	   7600.75	   7269.95	   6960.16	   6656.12	   6366.44	   6085.56	   5816.33	   5558.76	   5312.22	   5076.18	   4850.45	   4634.47	   4427.84	   4230.23	   4041.33	   3860.78	   3688.15	   3523.17	   3365.51	   3214.87	   3070.94	   2933.43	   2802.05	
  -545.819	  -671.659	    -671.5	  -671.081	  -670.406	   -668.74	   7712.15	   7657.16	   7582.35	   7491.91	   7393.14	   1663.54	   1643.25	   1626.11	   1613.15	   1604.95	   1144.93	   1146.25	   1150.44	   1156.53	   1163.58	   6465.96	    6513.8	   6547.69	   6579.56	    6608.3	   7268.32	   7292.83	   7313.28	   7328.25	   7338.57	   7348.06	   7357.99	    7368.2	   7367.04	   7364.22	   7361.59	   7354.67	   7350.24	   7346.92	   7354.24	   7362.01	   7371.85	   7388.67	   7408.03	   7431.63	   7466.65	   7160.14	   6851.79	   6553.22	   6268.86	   6002.43	   5740.85	   5491.52	   5249.65	   5017.81	   4795.94	    4583.5	   4380.07	   4185.51	   3999.32	   3821.16	   3650.77	   3487.86	   3332.15	   3183.25	   3040.94	   2904.94	   2774.98	    2650.8	   2532.16	
  -585.128	  -697.417	  -697.283	  -696.839	  -695.774	  -693.816	   8126.29	   8059.27	   7970.15	   7862.84	   7744.89	   562.801	   554.761	   547.788	   542.172	   538.231	    1040.3	   1039.76	   1042.37	   1047.51	    1054.2	   6609.87	   6659.38	   6711.56	   6752.43	   6792.43	   6459.09	   6490.75	    6517.9	   6541.48	    6560.7	   6576.66	   6592.94	   6608.11	   6622.77	   6625.12	    6625.5	   6626.29	   6621.96	   6619.46	   6617.34	   6625.16	   6633.85	   6643.61	   6659.95	   6678.62	   6700.85	   6430.24	   6167.36	   5902.68	   5646.31	   5402.04	   5173.02	   4948.09	    4733.6	   4525.46	   4325.95	   4134.95	   3952.01	    3776.8	   3609.21	   3448.82	   3295.32	   3148.49	    3008.1	    2873.9	   2745.57	   2622.89	   2505.66	   2393.62	   2286.57	
  -608.401	  -708.447	  -708.325	  -707.847	   -706.63	  -704.065	   8019.74	   7944.33	   7846.75	   7730.97	    7603.9	  -312.806	  -307.325	  -302.441	  -298.417	  -295.347	   1097.29	   1094.15	   1095.01	    1099.1	   1105.69	   6617.85	   6673.35	   6723.54	   6782.89	    6830.4	   5723.56	   5760.35	   5793.24	   5821.98	   5848.51	    5872.3	   5893.51	   5913.74	   5932.56	   5950.15	    5954.8	    5957.9	   5961.25	   5958.82	    5957.7	   5956.55	   5964.69	   5973.85	   5983.41	   5999.13	   6016.97	   5766.06	   5533.79	   5308.44	   5081.38	    4861.4	   4651.67	   4454.93	   4261.63	   4077.23	   3898.24	   3726.66	   3562.35	   3404.93	   3254.14	   3109.89	   2971.82	   2839.66	   2713.24	   2592.35	   2476.78	   2366.25	   2260.59	   2159.61	    2063.1	
  -630.069	  -720.749	  -720.629	  -720.093	  -718.686	    -715.7	   7357.79	   7280.24	   7181.98	    7067.8	   6943.43	  -887.524	  -871.362	  -856.709	   -844.14	  -834.197	   1190.81	    1184.7	   1182.78	   1185.11	   1190.72	   6311.61	   6366.01	   6418.53	   6471.01	   6533.94	   5058.31	   5098.07	   5134.86	   5168.21	   5198.42	    5228.2	   5256.13	    5279.9	   5302.69	   5323.73	   5342.78	    5349.4	   5354.49	   5359.54	   5358.42	   5358.34	   5357.96	   5366.12	   5375.49	   5384.74	   5399.74	   5172.89	   4957.74	   4758.51	   4565.47	   4370.83	   4182.18	   4002.24	   3833.34	   3667.35	   3508.94	   3355.13	   3207.69	   3066.45	    2931.1	   2801.43	   2677.38	   2558.62	   2444.94	   2336.18	   2232.17	   2132.72	   2037.61	   1946.69	   1859.78	
  -648.305	  -732.435	  -732.304	  -731.692	  -730.057	  -726.592	   6346.56	   6272.59	   6180.94	   6076.04	   5963.39	   -1184.8	  -1162.25	  -1141.65	  -1123.75	  -1108.96	   1228.76	   1220.07	   1215.36	   1214.79	   1218.31	   5716.12	    5762.9	   5810.46	   5861.16	   5912.03	   4462.08	   4500.54	   4539.15	   4575.49	   4609.11	   4641.19	   4673.86	   4703.26	   4728.48	   4752.57	   4774.42	   4794.46	   4802.43	   4808.75	    4814.8	   4814.64	   4815.33	   4815.45	   4823.49	   4832.84	   4841.73	   4637.42	   4443.24	   4258.91	   4088.17	   3922.94	   3756.21	   3594.57	    3440.3	   3295.42	      3153	   3017.04	   2884.98	   2758.39	    2637.1	   2520.83	   2409.43	   2302.85	    2200.8	    2103.1	   2009.62	   1920.22	   1834.73	   1752.97	   1674.79	
  -646.096	  -722.225	  -722.109	  -721.428	  -719.597	   -715.72	   5162.04	   5095.72	    5016.1	   4926.56	   4831.16	  -1404.04	  -1376.13	  -1350.95	  -1328.91	  -1310.47	   1207.76	   1197.69	   1190.88	   1187.71	   1188.19	   4991.89	   5025.66	   5063.47	   5106.73	   5152.48	   3922.29	      3966	   4002.47	   4039.91	   4075.38	   4109.71	   4143.58	   4176.56	   4206.48	   4232.28	   4256.58	   4278.78	   4299.16	   4307.85	    4314.8	   4321.44	   4321.99	   4323.14	   4323.64	   4331.45	   4340.65	   4153.43	   3978.73	   3812.67	   3654.91	   3508.73	   3367.41	   3224.72	   3086.33	   2954.19	   2830.04	   2707.96	   2591.38	   2478.12	   2369.54	   2265.48	   2165.71	    2070.1	   1978.62	   1891.02	   1807.15	   1726.89	   1650.13	   1576.72	    1506.5	
   -618.79	  -687.624	  -687.545	  -686.851	  -684.893	  -680.753	   4103.13	   4045.28	   3977.82	   3904.08	   3826.37	  -1509.93	  -1479.59	  -1451.62	  -1427.41	  -1407.01	   1114.62	   1104.31	   1096.82	   1092.04	   1090.11	   4263.08	   4282.76	    4307.9	   4340.78	   4377.72	   3450.84	   3483.09	   3523.58	    3558.4	   3594.24	   3629.31	   3664.39	   3697.67	   3730.23	   3759.92	   3785.31	   3809.43	   3831.41	   3851.49	   3860.38	   3867.63	   3874.55	   3875.54	      3877	   3877.78	   3885.31	   3719.02	   3559.01	   3409.79	   3267.95	   3133.07	   3008.03	   2887.28	   2765.27	   2646.91	   2533.85	   2427.58	   2323.05	   2223.19	   2126.15	   2033.13	   1943.96	   1858.44	   1776.48	   1698.06	   1622.95	   1551.03	   1482.21	   1416.37	   1353.41	
  -573.384	  -642.607	  -642.553	  -641.883	  -639.887	  -635.605	   3339.99	   3288.78	   3230.34	   3168.24	   3104.35	  -1358.45	  -1331.19	  -1306.01	  -1283.63	     -1265	   1007.13	    997.51	   989.993	   984.755	    981.42	   3609.58	   3615.73	   3628.96	   3650.02	   3676.81	    3034.8	   3062.49	   3091.82	   3129.69	   3162.46	   3197.17	   3232.04	    3265.7	   3297.89	   3329.45	   3358.01	   3382.71	   3406.15	   3427.35	   3446.61	   3455.45	   3462.75	   3469.67	   3470.94	   3472.62	   3473.61	   3324.19	   3182.46	   3045.89	   2918.61	   2797.59	   2682.38	   2575.54	   2472.47	   2368.26	   2267.15	   2170.53	   2079.66	   1990.27	   1904.84	   1821.81	   1742.22	    1665.9	   1592.69	   1522.53	   1455.38	   1391.07	   1329.48	   1270.54	   1214.15	
  -517.544	   -597.28	  -597.205	  -596.553	  -594.569	  -590.251	   2986.49	   2937.07	   2881.73	   2824.11	   2766.36	  -945.624	  -926.897	  -909.602	  -894.081	  -880.656	   939.643	   930.497	   923.318	   917.865	   914.005	   3129.62	   3126.61	    3129.5	   3140.34	   3156.96	   2669.24	   2691.17	   2716.02	   2743.33	   2778.32	    2809.6	    2843.5	   2876.33	   2908.33	   2939.05	   2968.86	   2996.11	   3019.72	   3042.01	   3062.03	   3080.27	   3088.87	   3095.99	   3102.75	   3104.22	   3106.05	   2967.39	   2840.13	    2719.5	    2603.1	   2494.68	   2391.54	   2293.26	   2202.09	   2114.22	   2025.34	   1939.08	   1856.62	   1779.03	   1702.68	   1629.71	   1558.76	   1490.75	   1425.52	   1362.95	   1302.97	   1245.56	   1190.57	   1137.91	    1087.5	
   -464.44	  -561.493	   -561.36	  -560.681	  -558.706	  -554.399	   2920.06	    2868.6	   2811.78	   2753.69	   2696.52	   -400.88	  -393.015	  -385.942	  -379.551	  -373.804	   938.319	   929.066	   921.769	   916.238	   911.892	   2814.46	   2806.06	   2802.35	   2804.07	   2811.78	    2350.5	      2366	   2385.35	   2408.29	   2433.31	   2465.92	   2496.02	   2527.46	   2558.15	   2588.19	   2616.78	   2644.72	   2670.31	   2692.43	   2713.21	   2731.89	   2748.95	   2757.12	   2763.94	   2770.45	   2772.05	   2649.14	   2531.11	   2422.87	   2320.35	   2221.29	   2129.04	   2041.26	   1957.54	   1879.84	   1805.03	   1729.33	   1655.84	   1585.56	   1519.41	   1454.31	   1392.06	   1331.54	   1273.51	   1217.86	   1164.45	   1113.26	   1064.26	   1017.32	   972.356	
  -423.058	  -540.638	    -540.4	  -539.646	  -537.609	  -533.252	   2915.82	   2861.79	   2802.67	   2743.09	   2685.45	     113.2	   111.066	   109.177	   107.335	   105.819	   986.932	   977.036	    969.23	   963.309	   958.683	   2552.92	   2542.89	   2535.57	   2531.32	   2530.73	   2073.61	   2082.13	   2095.53	   2113.31	   2134.14	   2157.36	   2188.02	   2215.59	   2244.63	   2273.05	   2300.66	    2327.1	   2352.94	   2376.59	   2396.97	   2416.15	   2433.41	   2449.15	   2456.81	   2463.27	   2469.47	   2359.95	   2255.53	   2155.24	   2063.34	   1976.34	   1892.17	   1813.81	   1739.21	      1668	   1601.89	    1538.3	   1473.92	   1411.42	   1351.62	   1295.32	    1239.9	    1186.9	   1135.35	   1085.94	   1038.54	   993.039	   949.423	   907.675	   867.675	
  -400.634	  -535.571	  -535.211	  -534.325	  -532.153	  -527.628	   2827.21	   2772.85	   2713.69	   2654.57	   2598.18	   455.306	   446.824	   439.334	   432.737	   426.794	   1074.88	    1064.2	   1055.48	   1048.87	    1043.7	    2309.8	   2300.35	   2292.04	   2284.61	   2278.65	   1833.09	   1835.31	   1842.36	   1854.65	   1870.71	   1889.87	   1911.68	   1939.36	   1964.58	    1991.2	   2017.02	   2042.23	   2066.41	      2090	   2111.54	   2130.16	   2147.71	   2163.45	   2177.87	      2185	   2191.05	   2098.04	   2005.18	   1916.65	   1831.59	   1753.71	   1680.01	   1608.61	   1542.16	   1478.88	   1418.42	   1362.28	   1308.32	   1253.68	   1200.62	   1149.84	   1102.01	   1054.92	   1009.88	   966.076	   924.078	   883.782	   845.102	   808.018	   772.519	
  -391.852	  -536.644	   -536.17	  -535.141	  -532.797	  -528.073	   2725.33	    2671.6	   2613.36	    2555.4	   2500.55	   621.083	   609.728	   599.817	   591.285	   583.892	   1175.39	   1163.93	   1154.44	   1146.93	   1141.05	   2124.43	   2117.34	   2108.66	   2100.26	   2091.41	   1623.85	   1620.56	   1621.96	   1628.48	   1639.53	   1654.22	   1672.09	   1691.64	   1716.62	   1739.55	   1763.52	   1786.84	   1809.66	    1831.5	   1852.76	   1872.25	   1889.12	      1905	   1919.27	   1932.39	   1938.97	    1857.1	    1778.5	   1699.95	   1625.05	   1553.07	    1487.2	   1424.88	   1364.45	   1308.22	   1254.65	   1203.43	   1155.85	   1110.16	   1063.87	   1018.92	   975.897	   935.355	    895.44	   857.251	   820.104	    784.49	   750.315	   717.506	   686.048	
  -386.305	   -529.96	  -529.435	  -528.304	  -525.845	  -521.014	   2579.19	   2527.64	   2471.83	   2416.49	   2364.29	   581.411	   570.916	   561.914	   554.271	   547.837	    1263.6	   1252.02	   1241.98	   1233.88	   1227.17	   1983.54	   1978.68	   1970.35	   1961.52	   1951.74	   1439.87	    1433.3	   1429.84	   1431.27	   1437.13	   1447.22	   1460.86	   1476.74	   1494.32	   1516.77	   1537.24	   1558.72	   1579.62	   1600.03	   1619.55	   1638.59	    1656.1	   1671.24	   1685.52	   1698.39	   1710.26	   1639.05	   1570.03	   1503.77	   1437.48	   1374.27	    1313.5	   1257.92	   1205.36	   1154.33	   1106.86	   1061.61	   1018.33	   978.104	   939.506	   900.398	   862.418	   826.053	   791.776	   758.027	   725.731	   694.314	   664.193	   635.284	   607.528	
  -375.425	  -509.709	  -509.195	  -508.054	  -505.585	  -500.825	   2401.65	   2353.49	   2301.33	   2249.64	   2201.04	   399.496	   392.289	   386.212	   381.161	   376.983	   1305.84	   1295.05	   1285.37	    1277.1	   1270.03	   1844.72	   1841.63	   1833.42	   1824.95	   1814.91	   1276.22	   1268.22	    1261.9	      1259	   1260.32	   1265.72	    1275.1	   1287.14	   1301.33	   1317.06	   1336.92	   1355.12	    1374.2	   1392.75	   1410.84	   1428.18	   1445.14	   1460.73	   1474.23	   1487.01	   1498.54	    1441.3	   1381.43	   1323.41	    1267.7	   1211.92	   1158.72	   1107.57	    1060.8	   1016.58	   973.621	   933.651	   895.551	    859.07	   825.165	   792.651	   759.704	   727.704	   697.059	   668.165	   639.714	   612.484	   585.992	   560.593	   536.214	
  -359.665	  -482.753	  -482.302	  -481.221	  -478.854	   -474.29	   2238.24	   2193.69	   2145.29	   2097.26	   2052.12	   207.294	   203.467	   200.282	   197.688	   195.601	   1284.64	   1275.28	   1266.85	   1259.31	   1252.35	   1669.19	   1667.68	    1659.6	   1651.46	    1642.1	      1129	   1120.97	   1113.46	   1108.03	   1105.52	   1106.86	   1111.96	   1120.18	   1130.88	    1143.5	   1157.34	   1174.83	   1190.89	    1207.7	   1224.01	   1239.96	   1255.28	   1270.26	   1284.06	   1296.05	   1307.41	   1258.39	   1210.46	   1160.29	   1111.66	   1064.98	   1018.19	   973.571	   930.659	   891.436	   854.355	   818.305	   784.766	   752.786	   722.146	   693.663	   666.366	   638.703	   611.834	   586.098	   561.825	   537.924	   515.045	   492.785	   471.444	
  -336.175	  -449.739	  -449.371	  -448.414	   -446.24	  -442.019	   2101.55	   2060.43	   2015.55	   1970.87	    1928.8	   56.0998	   54.8735	   53.8665	   53.0675	   52.4397	   1186.99	   1179.25	   1172.59	   1166.56	   1160.58	   1429.14	   1429.54	   1421.89	   1414.32	   1405.87	   995.828	   988.181	   980.715	   974.235	   969.525	   967.468	   968.912	   973.343	    980.62	   990.085	   1001.11	   1013.22	   1028.52	   1042.56	   1057.24	   1071.51	    1085.5	   1098.93	    1112.1	   1124.25	   1134.82	   1093.35	   1052.45	   1012.46	    970.58	   929.981	   891.012	   851.926	   814.643	   778.785	   746.018	   715.045	   684.913	   656.881	   630.144	   604.515	   580.682	   557.854	   534.722	   512.253	   490.727	   470.419	   450.423	   431.279	   412.652	
  -307.528	  -411.029	   -410.76	  -409.955	  -408.055	  -404.294	   1956.39	   1919.08	   1878.16	   1837.19	   1798.48	  -77.0686	  -76.0547	  -75.2155	  -74.5269	  -73.9835	   1031.38	   1025.39	   1020.34	   1016.04	   1011.58	   1145.37	   1147.76	   1141.26	   1134.57	   1127.29	   874.689	   867.779	   860.729	   854.297	   848.693	   844.695	   843.122	   844.339	   848.259	   854.671	   862.884	    872.46	   882.972	   896.245	   908.418	   921.181	   933.602	   945.774	   957.483	   968.981	   979.619	   944.392	   909.944	   875.963	    842.75	    807.95	   774.212	   741.829	    709.33	   678.328	   648.506	    621.26	    595.51	   570.445	   547.126	   524.879	   503.542	   483.696	   464.697	   445.446	   426.746	   408.829	   391.922	   375.273	   359.334	
  -277.897	  -371.615	  -371.414	  -370.771	  -369.163	  -365.917	    1795.7	    1762.6	   1726.07	   1689.28	   1654.32	  -185.158	   -182.34	  -180.049	  -178.227	   -176.81	   860.416	   855.863	   852.239	    849.24	   846.234	   853.056	   857.964	   852.923	   847.623	   841.721	   764.341	   758.037	   751.708	   745.656	   740.121	   735.352	   732.061	   730.663	   731.764	   735.217	   740.736	   747.811	   756.058	   765.105	   776.526	   787.024	    798.05	   808.774	   819.301	   829.446	   839.425	   810.482	   781.372	   752.913	    724.84	   697.404	   668.647	   640.768	   614.009	   587.141	   561.509	   536.849	   514.322	   493.036	   472.305	   453.017	   434.612	   416.953	   400.521	     384.8	   368.871	   353.399	   338.572	   324.578	   310.798	
   -251.73	  -336.211	  -336.029	  -335.508	   -334.18	  -331.421	   1633.43	   1604.52	   1572.44	    1539.9	   1508.78	  -271.402	  -267.159	  -263.711	  -261.019	  -258.973	   719.419	    715.81	   713.138	    711.09	   709.033	   595.953	   603.256	    599.82	   595.946	   591.585	   663.661	   657.887	   652.164	   646.758	   641.585	   636.891	   632.924	   630.064	   628.902	   629.897	   632.838	   637.547	   643.585	    650.62	   658.332	   668.098	   677.091	   686.532	   695.727	   704.767	   713.491	    689.59	   665.831	   641.939	   618.585	    595.55	   573.041	    549.44	    526.56	     504.6	   482.543	   461.498	   441.249	   422.753	   405.279	   388.252	   372.411	   357.291	   342.777	   329.269	   316.351	   303.264	   290.553	    278.37	   266.869	
  -230.191	  -304.496	  -304.301	  -303.848	  -302.746	   -300.44	   1489.01	   1463.88	   1435.81	   1407.14	   1379.52	  -363.535	  -357.778	  -353.088	  -349.433	   -346.71	   607.984	   605.036	   602.925	   601.476	   600.096	   387.043	   395.748	   393.702	   391.216	   388.257	    571.64	   566.352	   561.169	   556.315	   551.733	   547.375	   543.478	    540.07	   537.667	   536.718	   537.545	    540.02	   543.994	   549.092	   555.029	   561.554	   569.839	   577.464	   585.481	   593.298	   600.994	   581.048	   561.586	   542.246	   522.802	   503.799	   485.057	   466.745	    447.54	   428.924	   411.057	   393.104	   375.975	   359.491	   344.436	   330.215	   316.352	   303.452	   291.139	   279.315	   268.307	   257.783	   247.125	   236.772	   226.849	
  -215.152	  -279.639	   -279.44	  -279.011	  -278.055	  -276.102	   1377.31	   1355.28	    1330.5	      1305	   1280.26	  -447.241	  -440.157	  -434.327	  -429.778	  -426.402	   559.572	   556.966	   555.097	   553.879	   552.843	    252.88	   261.692	   260.513	   258.995	   257.073	   487.228	   482.553	   477.873	   473.518	   469.447	   465.624	    462.03	   458.722	   455.878	   453.887	   453.072	   453.745	     455.8	   459.111	   463.359	   468.324	   473.793	   480.736	   487.135	   493.872	   500.446	   484.113	   468.039	   452.361	   436.786	   421.129	   405.832	   390.745	   376.007	   360.548	   345.563	   331.183	    316.73	   302.939	   289.667	   277.544	   266.096	   254.931	   244.542	   234.623	   225.095	   216.221	   207.742	   199.156	   190.817	
   -205.03	  -263.393	  -263.192	  -262.786	   -261.91	  -260.188	   1293.46	   1273.99	   1251.91	   1229.01	   1206.62	  -495.729	   -487.95	   -481.47	  -476.366	  -472.581	   591.698	    589.01	   587.127	   585.895	   584.899	   188.902	   196.964	   196.173	   195.154	   193.801	   409.596	   405.574	   401.501	   397.619	   394.016	   390.663	   387.546	    384.54	   381.813	   379.479	   377.813	   377.119	   377.654	   379.332	   382.046	   385.547	   389.647	    394.16	   399.904	   405.202	   410.786	   397.506	   384.521	   371.747	    359.29	    346.92	   334.487	   322.342	   310.365	   298.666	   286.395	     274.5	   263.087	   251.613	   240.664	   230.126	   220.502	   211.413	   202.547	   194.296	   186.418	   178.847	   171.794	   165.057	   158.238	
  -196.955	  -254.232	  -254.048	  -253.661	  -252.849	  -251.272	   1234.79	   1217.42	   1197.55	   1176.76	   1156.25	  -495.579	  -487.966	  -481.508	  -476.354	  -472.495	   676.839	    673.78	   671.681	   670.356	   669.257	    159.64	   166.388	   165.799	   165.016	   163.977	    337.95	   334.687	   331.254	   327.934	   324.779	   321.863	   319.172	   316.613	    314.18	   311.979	   310.067	   308.696	   308.112	   308.528	    309.87	   312.062	   314.898	   318.218	    321.88	   326.546	   330.854	   320.303	   309.936	   299.801	   289.834	   280.118	   270.471	   260.779	   251.312	   241.977	   232.861	   223.297	   214.028	   205.135	   196.193	   187.661	   179.448	   171.946	   164.864	   157.952	    151.52	   145.378	   139.473	   133.971	   128.716	
  -188.356	  -248.298	  -248.157	  -247.806	  -247.054	   -245.61	   1178.71	   1163.36	   1145.61	   1126.85	   1108.17	  -458.245	  -451.419	  -445.532	  -440.729	  -437.077	   784.602	   781.023	   778.582	   777.085	   775.888	   144.625	   150.081	     149.6	   148.962	   148.095	   271.688	   269.207	   266.491	   263.759	   261.127	   258.635	   256.348	   254.196	   252.176	    250.26	   248.504	   246.975	   245.872	   245.394	   245.706	   246.758	   248.488	   250.726	   253.351	    256.25	   259.947	    251.51	   243.478	   235.586	   227.875	   220.293	   212.903	   205.568	   198.201	   191.005	   183.912	   176.985	   169.719	   162.677	   155.921	   149.128	   142.645	   136.405	   130.705	   125.324	   120.072	   115.183	   110.514	   106.024	   101.839	
  -179.026	  -242.066	  -241.982	  -241.693	  -241.022	  -239.712	   1102.22	   1089.05	   1073.65	   1057.18	   1040.61	  -397.213	  -391.547	  -386.565	  -382.416	  -379.169	   930.313	   925.969	       923	   921.187	   919.796	   163.866	   168.538	   168.015	   167.353	   166.459	    210.39	   208.609	   206.614	   204.529	   202.441	   200.435	   198.547	   196.785	   195.147	   193.613	    192.14	   190.788	   189.608	   188.754	   188.376	   188.605	   189.404	   190.719	   192.424	   194.426	   196.639	   190.487	   184.295	     178.4	   172.609	   166.953	   161.392	   155.974	   150.598	   145.199	   139.927	    134.73	   129.656	   124.334	   119.177	    114.23	   109.255	   104.508	   99.9373	   95.7623	   91.8214	   87.9741	   84.3928	   80.9718	   77.6815	
  -167.995	  -233.359	  -233.329	  -233.119	  -232.556	  -231.407	   988.145	   977.377	   964.679	   950.939	   936.931	  -338.652	  -334.075	   -329.99	  -326.507	  -323.705	   1074.32	   1069.14	   1065.56	   1063.34	   1061.68	   203.053	    207.83	    207.19	   206.395	   205.362	   153.749	   152.528	   151.173	   149.725	   148.219	   146.715	   145.278	   143.905	   142.638	   141.463	    140.35	    139.28	   138.297	   137.437	   136.812	   136.533	   136.695	   137.266	   138.212	    139.44	   140.883	   136.067	   131.802	    127.51	   123.425	   119.413	   115.495	   111.644	   107.892	   104.171	   100.434	   96.7869	   93.1919	   89.6823	   86.0015	   82.4353	   79.0143	   75.5742	   72.2914	   69.1308	   66.2433	   63.5181	   60.8571	   58.3798	   56.0131	
  -156.011	   -224.59	  -224.611	  -224.473	  -224.028	  -223.055	   845.778	   837.436	   827.501	    816.65	   805.454	  -300.951	  -297.145	  -293.698	   -290.71	  -288.232	    1168.8	   1162.99	   1158.86	   1156.24	   1154.28	   240.759	   246.271	   245.534	   244.599	   243.406	   101.439	   100.686	   99.8455	   98.9561	   98.0114	   97.0309	   96.0558	   95.1122	   94.2199	   93.3979	   92.6281	   91.8983	   91.1962	   90.5505	   89.9847	   89.5736	   89.3895	   89.4921	   89.8626	   90.4778	   91.2775	   88.0678	   85.0522	   82.3809	   79.6937	    77.136	    74.625	    72.173	   69.7638	   67.4171	   65.0898	   62.7538	   60.4738	    58.227	   56.0338	   53.7342	   51.5063	   49.3694	   47.2205	   45.1698	   43.1954	   41.3914	    39.689	   38.0265	   36.4785	
  -144.087	  -216.624	  -216.685	  -216.613	  -216.274	  -215.476	   687.781	   681.682	   674.356	   666.266	   657.839	  -299.185	  -295.641	  -292.427	  -289.601	  -287.215	   1186.27	   1180.24	    1175.8	   1172.87	   1170.66	   266.576	    273.14	   272.336	   271.327	    270.02	   53.1658	   52.7926	     52.38	    51.941	   51.4798	   50.9907	    50.485	   49.9762	   49.4885	   49.0282	   48.6006	   48.1995	   47.8191	    47.453	   47.1159	   46.8212	   46.6071	   46.5104	   46.5627	   46.7542	   47.0726	   45.3497	   43.7527	   42.2521	   40.9223	   39.5851	   38.3125	   37.0633	   35.8437	   34.6457	   33.4789	   32.3221	   31.1613	   30.0285	   28.9124	   27.8232	   26.6813	   25.5751	   24.5142	   23.4474	   22.4294	   21.4491	   20.5534	   19.7082	   18.8826	
  -133.762	  -210.148	  -210.252	  -210.233	  -209.988	  -209.343	   534.936	    530.68	   525.551	   519.833	   513.806	  -322.248	  -318.653	  -315.393	  -312.529	  -310.075	   1135.48	   1129.63	   1125.19	    1122.1	   1119.72	   274.492	   281.786	   280.952	   279.932	   278.622	   8.63869	   8.57969	   8.51616	    8.4493	   8.37871	   8.30465	   8.22636	   8.14453	   8.06293	   7.98488	   7.91065	    7.8416	   7.77681	   7.71536	   7.65616	   7.60179	    7.5543	   7.51971	   7.50405	   7.51241	   7.54314	   7.25251	   6.98675	   6.74035	   6.50881	   6.30354	   6.09718	   5.90079	   5.70807	   5.51995	   5.33519	   5.15529	   4.97697	   4.79809	   4.62356	   4.45164	   4.28387	   4.10803	   3.93772	   3.77439	   3.61017	   3.45345	   3.30255	   3.16463	    3.0345	
   -125.81	  -207.792	  -207.909	  -207.943	  -207.771	  -207.253	   409.472	    406.54	   403.012	   399.067	   394.866	  -351.378	  -347.676	  -344.311	  -341.352	  -338.824	   1031.57	   1026.26	   1022.09	   1019.07	   1016.64	   255.105	   262.364	   261.574	   260.628	   259.438	  -32.4402	  -32.2224	  -31.9902	  -31.7522	  -31.5034	  -31.2413	  -30.9673	  -30.6742	  -30.3707	  -30.0691	  -29.7785	  -29.5013	  -29.2436	  -29.0019	  -28.7724	   -28.552	  -28.3497	  -28.1727	  -28.0439	  -27.9857	  -28.0167	  -26.8649	  -25.8289	  -24.8813	  -24.0026	  -23.1767	  -22.4442	   -21.708	  -21.0075	  -20.3201	  -19.6494	  -18.9907	  -18.3495	  -17.7141	  -17.0769	  -16.4553	  -15.8431	  -15.2457	  -14.6198	  -14.0137	  -13.4325	  -12.8481	  -12.2905	  -11.7535	  -11.2626	
  -120.983	  -206.972	  -207.053	  -207.108	  -207.007	  -206.595	   314.563	   312.524	   310.078	   307.347	   304.434	  -365.281	  -361.677	  -358.353	  -355.425	  -352.923	    910.87	   906.229	   902.499	   899.669	   897.327	   215.984	   222.082	   221.387	   220.582	   219.589	  -70.3425	  -69.8846	  -69.3893	  -68.8865	  -68.3754	  -67.8412	  -67.2806	  -66.6881	  -66.0602	  -65.4119	  -64.7637	  -64.1379	  -63.5402	  -62.9853	  -62.4644	  -61.9711	  -61.4978	  -61.0629	  -60.6829	  -60.4067	   -60.282	  -57.6329	  -55.2625	  -53.1296	   -51.178	  -49.3678	  -47.6662	  -46.1563	  -44.6395	   -43.196	  -41.7801	  -40.3986	  -39.0424	  -37.7222	  -36.4144	  -35.1033	  -33.8245	  -32.5654	   -31.337	  -30.0502	  -28.8043	  -27.6096	  -26.4086	  -25.2625	  -24.1588	
  -118.312	   -201.01	  -200.972	  -201.001	  -200.946	  -200.648	   222.366	   221.037	    219.46	   217.708	   215.849	  -359.703	  -356.407	  -353.317	  -350.555	  -348.194	   803.962	   799.955	   796.661	   794.079	   791.865	   176.542	   180.656	   180.065	   179.396	   178.594	  -105.314	  -104.649	   -103.93	  -103.189	  -102.442	  -101.684	  -100.894	  -100.057	  -99.1805	  -98.2538	  -97.2916	  -96.3282	  -95.3977	  -94.5086	  -93.6833	  -92.9105	  -92.1795	  -91.4772	  -90.8329	  -90.2703	  -89.8618	   -85.642	  -81.8782	  -78.5089	  -75.4762	  -72.7002	  -70.1246	  -67.7034	  -65.5538	  -63.3953	  -61.3411	  -59.3266	  -57.3614	  -55.4326	  -53.5555	  -51.6964	  -49.8332	  -48.0164	  -46.2277	   -44.483	  -42.6561	  -40.8872	  -39.1913	  -37.4867	  -35.8599	
  -116.914	  -186.329	  -186.298	  -186.221	  -186.165	  -185.963	   112.456	   111.782	   111.009	   110.175	   109.308	  -326.243	  -323.515	  -320.888	  -318.499	  -316.423	    759.09	   755.394	   752.322	   749.846	    747.67	   169.306	   171.005	   170.418	   169.768	   169.005	  -137.586	  -136.739	  -135.829	  -134.888	  -133.926	  -132.959	  -131.981	  -130.949	  -129.869	   -128.74	  -127.539	  -126.291	  -125.042	  -123.835	  -122.681	  -121.613	  -120.614	  -119.668	   -118.76	  -117.928	  -117.202	  -111.425	  -106.194	  -101.526	  -97.3462	  -93.5822	  -90.1358	  -86.9373	  -83.9301	  -81.2591	  -78.5779	  -76.0264	  -73.5248	  -71.0849	  -68.6907	  -66.3609	  -64.0543	  -61.7434	  -59.4903	  -57.2727	  -55.1099	  -52.8459	  -50.6542	   -48.553	  -46.4414	
  -115.099	  -164.465	  -164.442	  -164.383	  -164.245	  -164.085	  -14.7874	  -14.8862	  -14.9354	  -14.9422	  -14.9014	   -273.77	  -271.729	  -269.705	  -267.802	  -266.116	   764.009	    760.42	   757.367	   754.876	   752.642	    189.37	   188.911	   188.241	     187.5	   186.649	  -167.373	  -166.363	  -165.284	  -164.175	  -163.038	  -161.876	  -160.712	  -159.523	  -158.282	  -156.987	  -155.625	  -154.174	  -152.666	  -151.159	  -149.702	   -148.31	  -147.025	  -145.821	  -144.683	  -143.592	  -142.592	  -135.342	  -128.674	  -122.635	  -117.244	  -112.415	  -108.064	  -104.078	  -100.379	  -96.9003	  -93.8091	  -90.7073	  -87.7557	  -84.8623	   -82.041	   -79.273	  -76.5801	  -73.9147	  -71.2452	  -68.6429	  -66.0822	  -63.5852	  -60.9722	  -58.4431	  -56.0186	
  -111.669	  -137.776	  -137.759	  -137.716	  -137.617	  -137.411	  -157.621	  -157.211	  -156.645	   -155.93	  -155.099	  -213.578	  -212.199	   -210.79	  -209.414	  -208.142	   768.796	   765.299	   762.309	   759.804	    757.55	    207.03	   205.125	   204.381	   203.562	   202.625	  -194.877	  -193.716	  -192.487	  -191.229	  -189.946	  -188.631	  -187.289	  -185.936	  -184.566	  -183.142	  -181.645	  -180.071	  -178.393	  -176.651	   -174.91	   -173.23	  -171.626	  -170.144	  -168.759	  -167.449	  -166.195	  -157.619	  -149.611	  -142.243	  -135.569	  -129.608	  -124.266	  -119.452	   -115.04	  -110.944	  -107.092	  -103.667	  -100.232	  -96.9636	  -93.7602	  -90.6371	  -87.5739	  -84.5941	  -81.6456	  -78.6936	  -75.8166	   -72.986	  -70.2262	  -67.3396	  -64.5458	
  -105.709	  -111.662	   -111.65	  -111.621	  -111.551	  -111.408	  -289.234	  -288.436	  -287.444	  -286.253	  -284.884	  -163.325	   -162.44	  -161.518	   -160.58	  -159.668	   737.476	   734.215	   731.406	   729.044	   726.874	   199.267	   197.065	   196.347	   195.553	    194.65	  -220.285	  -218.982	  -217.615	  -216.223	   -214.81	   -213.37	  -211.894	  -210.379	  -208.864	  -207.339	   -205.74	  -204.059	  -202.292	   -200.41	  -198.457	  -196.508	   -194.63	  -192.835	  -191.179	  -189.632	  -188.171	  -178.367	   -169.17	  -160.581	  -152.678	  -145.515	  -139.116	  -133.379	  -128.205	  -123.464	   -119.06	  -114.918	  -111.234	   -107.54	  -104.026	  -100.582	  -97.2249	  -93.9332	  -90.7318	  -87.5648	  -84.3952	  -81.3066	  -78.2687	   -75.307	  -72.2105	
  -98.0301	  -91.1896	  -91.1815	   -91.161	  -91.1126	  -91.0125	  -370.099	  -369.082	   -367.92	   -366.58	  -365.063	  -132.831	  -132.255	  -131.639	  -130.997	  -130.341	    669.19	   666.337	   663.826	     661.7	    659.76	   159.502	   157.899	   157.331	     156.7	   155.979	  -243.766	  -242.333	  -240.836	   -239.32	  -237.791	  -236.238	  -234.655	  -233.022	  -231.361	  -229.708	  -228.032	  -226.274	  -224.426	  -222.487	  -220.421	  -218.281	  -216.149	  -214.092	  -212.128	  -210.318	  -208.628	  -197.716	  -187.424	  -177.768	  -168.749	  -160.448	  -152.923	  -146.197	  -140.163	  -134.721	  -129.731	  -125.095	  -120.735	  -116.855	  -112.966	  -109.265	   -105.64	  -102.108	  -98.6445	  -95.2769	  -91.9464	  -88.6143	   -85.368	  -82.1755	  -79.0638	
  -89.8341	  -80.9448	  -80.9387	  -80.9232	  -80.8866	   -80.811	  -373.637	  -372.758	   -371.64	  -370.443	  -369.131	  -130.633	  -130.179	  -129.693	   -129.18	  -128.646	   547.765	   545.588	    543.58	   541.838	   540.255	    75.203	   74.6116	   74.3501	   74.0582	   73.7238	  -265.462	  -263.923	  -262.307	  -260.674	  -259.035	  -257.382	  -255.701	  -253.977	  -252.215	  -250.429	  -248.642	  -246.827	  -244.925	  -242.929	  -240.834	  -238.607	  -236.303	  -234.006	  -231.791	  -229.677	  -227.732	   -215.75	  -204.477	  -193.843	  -183.865	  -174.544	  -165.961	  -158.179	   -151.22	  -144.975	  -139.339	  -134.171	  -129.368	   -124.85	  -120.827	  -116.797	  -112.962	  -109.206	  -105.547	  -101.961	  -98.4741	  -95.0267	  -91.5789	  -88.2204	  -84.9184	
  -82.6676	  -79.5572	  -79.5521	  -79.5392	  -79.5087	  -79.4456	  -316.407	  -315.773	  -314.962	  -313.997	  -313.031	  -148.213	  -147.794	  -147.341	  -146.869	  -146.376	   401.215	   399.773	   398.392	   397.127	   395.957	  -28.3204	  -28.0615	  -27.9654	  -27.8593	  -27.7373	  -285.501	  -283.878	  -282.168	  -280.429	  -278.686	  -276.935	  -275.167	  -273.359	  -271.521	   -269.65	  -267.742	  -265.831	  -263.892	  -261.861	  -259.732	  -257.502	  -255.133	  -252.681	  -250.239	  -247.887	  -245.642	  -232.616	   -220.39	  -208.887	  -198.034	  -187.849	  -178.332	  -169.568	  -161.617	  -154.506	   -148.12	  -142.356	  -137.067	  -132.152	  -127.527	  -123.407	  -119.282	  -115.356	  -111.513	  -107.769	    -104.1	  -100.534	  -97.0094	  -93.4853	  -90.0532	
  -77.0956	   -82.438	  -82.3882	  -82.3769	  -82.3502	  -82.2949	  -231.304	   -230.91	  -230.405	    -229.8	  -229.111	  -173.615	  -173.191	  -172.752	  -172.295	  -171.828	    272.66	   271.798	   270.948	   270.134	    269.34	  -113.139	  -112.382	  -112.012	    -111.6	  -111.132	  -303.987	  -302.315	  -300.534	  -298.713	  -296.874	   -295.03	  -293.177	  -291.294	  -289.386	  -287.453	  -285.473	  -283.451	  -281.429	   -279.38	  -277.234	  -274.991	  -272.643	  -270.146	  -267.566	  -264.998	  -262.525	  -248.457	  -235.297	  -222.944	  -211.319	   -200.35	  -190.055	  -180.433	   -171.57	  -163.527	  -156.329	  -149.864	  -144.025	  -138.665	  -133.684	  -128.996	  -124.818	  -120.635	  -116.656	  -112.761	  -108.968	  -105.251	  -101.639	  -98.0701	  -94.5031	
  -73.7635	  -85.5812	  -85.5041	  -85.4488	  -85.4255	  -85.3771	  -153.999	  -153.777	  -153.492	  -153.148	  -152.755	  -191.056	  -190.608	  -190.199	  -189.792	  -189.376	   195.392	   194.856	   194.321	   193.792	   193.251	  -151.011	  -150.383	    -149.9	  -149.373	   -148.77	  -321.017	  -319.324	  -317.507	  -315.626	  -313.718	  -311.788	  -309.852	  -307.894	  -305.922	  -303.932	  -301.902	  -299.821	  -297.699	  -295.578	  -293.431	  -291.188	  -288.844	   -286.39	  -283.784	  -281.091	  -278.414	  -263.424	  -249.324	  -236.133	   -223.75	  -212.095	  -201.096	  -190.771	   -181.12	  -172.227	  -164.155	  -156.927	  -150.433	  -144.564	  -139.176	  -134.167	  -129.452	  -125.248	  -121.042	   -117.04	  -113.123	   -109.31	  -105.575	  -101.945	  -98.3597	
  -72.0093	  -87.9405	  -87.8621	  -87.7803	  -87.7148	   -87.673	  -99.5026	  -99.3818	  -99.2257	  -99.0375	  -98.8206	  -192.812	  -192.312	  -191.923	  -191.588	  -191.263	   162.856	   162.473	   162.088	   161.703	   161.294	  -149.759	  -149.719	  -149.243	  -148.736	  -148.166	  -336.678	  -334.992	  -333.168	  -331.264	  -329.306	  -327.316	  -325.304	  -323.272	  -321.235	  -319.192	  -317.116	  -314.997	  -312.826	  -310.615	  -308.407	  -306.177	  -303.849	  -301.416	  -298.872	  -296.171	  -293.382	  -277.532	  -262.608	  -248.569	  -235.434	  -223.101	  -211.492	  -200.535	  -190.247	  -180.629	  -171.764	  -163.714	  -156.504	  -150.022	  -144.163	  -138.781	  -133.776	  -129.066	  -124.863	   -120.66	  -116.661	  -112.749	   -108.94	   -105.21	  -101.587	
  -70.7645	  -86.6555	  -86.5927	  -86.5106	  -86.4207	  -86.3408	  -87.5692	  -87.4797	  -87.3639	  -87.2239	  -87.0619	  -171.484	  -171.102	  -170.705	  -170.433	  -170.221	   170.144	   169.795	   169.453	   169.109	   168.737	  -116.528	  -117.258	   -116.89	    -116.5	  -116.072	  -351.067	  -349.397	  -347.595	  -345.695	  -343.724	  -341.695	  -339.631	  -337.531	   -335.43	   -333.33	  -331.211	  -329.054	  -326.857	  -324.608	  -322.318	  -320.038	  -317.737	  -315.333	  -312.824	  -310.203	  -307.421	  -290.844	  -275.152	  -260.375	  -246.472	  -233.463	  -221.247	  -209.746	   -198.89	  -188.695	  -179.162	  -170.373	   -162.39	  -155.236	  -148.801	  -142.982	  -137.636	  -132.663	  -127.982	  -123.804	  -119.626	  -115.652	  -111.765	  -107.981	  -104.277	
  -68.9388	  -81.9066	  -81.8728	  -81.8072	  -81.7189	  -81.6183	  -108.184	  -108.091	   -107.97	  -107.825	  -107.655	  -134.065	   -133.81	  -133.544	  -133.273	  -133.132	   187.133	   186.793	   186.468	   186.148	     185.8	  -80.0259	  -81.3344	  -81.0953	  -80.8305	  -80.5413	  -364.257	  -362.629	  -360.855	  -358.988	  -357.032	  -354.999	  -352.904	  -350.762	    -348.6	  -346.443	  -344.275	  -342.085	  -339.859	  -337.593	  -335.275	   -332.92	  -330.578	  -328.214	  -325.746	  -323.174	  -320.488	  -303.343	  -287.007	  -271.544	   -256.98	  -243.274	   -230.45	  -218.405	  -207.063	  -196.355	  -186.299	  -176.893	  -168.219	  -160.338	  -153.272	  -146.914	  -141.162	  -135.875	  -130.956	  -126.325	   -122.19	  -118.057	  -114.125	  -110.281	   -106.54	
  -66.2273	  -74.9704	  -74.9692	  -74.9333	  -74.9021	   -74.806	  -135.457	  -135.314	  -135.187	  -135.033	  -134.855	  -93.5496	  -93.3988	  -93.2399	  -93.0771	  -92.9151	   187.234	   186.927	   186.638	   186.362	   186.071	  -61.1888	  -62.7802	  -62.6145	  -62.4234	  -62.2067	   -376.35	  -374.754	  -373.033	  -371.204	   -369.29	  -367.281	  -365.191	  -363.027	  -360.829	  -358.619	  -356.401	  -354.169	  -351.918	  -349.632	  -347.306	  -344.931	  -342.522	  -340.124	  -337.707	  -335.187	  -332.562	  -314.979	   -298.15	  -282.116	  -266.937	  -252.639	  -239.181	  -226.587	  -214.757	  -203.616	  -193.097	  -183.215	  -173.971	  -165.445	  -157.694	  -150.743	  -144.485	   -138.82	  -133.613	  -128.766	  -124.203	  -120.126	  -116.053	  -112.179	  -108.391	
  -62.2308	   -68.255	  -68.2815	  -68.2788	   -68.295	  -68.2189	  -151.921	  -151.756	  -151.592	  -151.446	  -151.278	  -60.2186	  -60.1367	  -60.0501	  -59.9606	  -59.8703	   146.668	   146.454	   146.247	   146.056	   145.861	  -83.7263	  -85.1647	   -84.971	  -84.7388	  -84.4652	  -387.445	  -385.866	  -384.188	  -382.421	  -380.553	  -378.594	  -376.537	  -374.385	  -372.172	  -369.934	  -367.668	  -365.393	  -363.108	  -360.804	  -358.465	  -356.091	  -353.669	   -351.21	  -348.767	  -346.307	  -343.744	  -325.727	  -308.527	  -292.065	  -276.379	  -261.529	  -247.539	  -234.369	  -222.043	  -210.463	  -199.556	  -189.256	  -179.579	  -170.525	  -162.171	  -154.575	  -147.759	  -141.619	   -136.06	  -130.948	  -126.188	  -121.707	  -117.701	  -113.701	  -109.895	
  -57.3028	  -63.6917	  -63.7366	   -63.762	  -63.7958	  -63.7519	  -162.067	   -161.91	  -161.729	  -161.554	  -161.402	  -33.5123	  -33.4739	  -33.4332	  -33.3911	  -33.3482	     75.57	   75.4723	   75.3773	   75.2865	   75.1973	  -142.907	  -143.897	  -143.622	  -143.284	  -142.871	  -397.613	  -396.059	  -394.408	  -392.691	  -390.892	  -388.987	  -386.987	  -384.875	  -382.682	  -380.435	  -378.147	  -375.831	  -373.507	  -371.176	  -368.826	  -366.446	  -364.032	  -361.567	  -359.068	  -356.589	  -354.096	   -335.68	  -318.107	  -301.332	  -285.274	  -269.974	  -255.488	  -241.839	  -228.988	   -216.96	  -205.658	  -195.011	  -184.955	  -175.505	  -166.662	  -158.501	  -151.078	  -144.414	  -138.408	  -132.968	  -127.963	  -123.303	  -118.915	   -114.99	  -111.072	
  -52.4404	  -63.4649	  -63.5156	  -63.5593	  -63.5977	  -63.5879	  -160.027	    -159.9	  -159.736	  -159.555	  -159.383	  -17.2277	  -17.2111	  -17.1935	  -17.1752	  -17.1566	  -15.3444	  -15.3272	    -15.31	  -15.2935	  -15.2768	  -229.102	  -229.528	  -229.165	  -228.712	  -228.146	  -406.865	  -405.399	  -403.783	  -402.098	  -400.355	  -398.525	  -396.584	  -394.538	  -392.393	   -390.17	  -387.879	  -385.546	  -383.187	  -380.823	  -378.452	  -376.067	  -373.653	  -371.203	  -368.704	  -366.174	  -363.667	  -344.894	  -326.978	  -309.882	  -293.562	  -277.939	  -263.053	  -248.958	  -235.676	  -223.168	  -211.459	  -200.455	  -190.088	  -180.295	  -171.092	  -162.477	  -154.524	  -147.288	  -140.788	  -134.929	  -129.619	  -124.732	   -120.18	  -115.894	  -112.058	
  -47.7629	  -66.2118	   -66.165	  -66.2147	  -66.2574	  -66.2763	  -148.727	  -148.643	  -148.514	  -148.354	  -148.182	  -8.95823	   -8.9509	  -8.94316	   -8.9352	  -8.92707	  -99.8022	  -99.7068	  -99.6096	  -99.5131	  -99.4154	  -313.446	  -313.397	  -312.979	  -312.469	  -311.819	   -415.22	   -413.89	  -412.371	  -410.725	  -409.019	   -407.25	  -405.391	  -403.411	  -401.337	  -399.167	  -396.907	  -394.576	  -392.206	  -389.811	  -387.412	   -385.01	  -382.597	  -380.152	  -377.674	   -375.15	  -372.596	  -353.413	  -335.191	  -317.799	  -301.205	  -285.362	  -270.196	  -255.744	   -242.06	  -229.163	  -217.016	  -205.643	  -194.954	  -184.882	  -175.366	  -166.422	  -158.048	  -150.315	  -143.277	  -136.952	  -131.248	  -126.075	  -121.314	  -116.878	    -112.7	
  -42.8629	  -71.0406	  -71.0957	   -71.048	  -71.0873	  -71.1252	  -129.631	  -129.594	  -129.512	   -129.39	  -129.242	  -4.08218	  -4.03419	  -4.03124	   -4.0282	  -4.02513	  -156.498	  -156.373	  -156.243	  -156.111	  -155.974	  -373.976	  -373.609	  -373.173	   -372.66	   -372.02	  -422.707	  -421.545	   -420.17	  -418.627	  -416.964	  -415.236	  -413.443	  -411.551	  -409.547	  -407.454	  -405.252	  -402.957	  -400.594	  -398.193	  -395.768	  -393.342	  -390.917	  -388.477	   -386.01	  -383.511	  -380.968	  -361.367	  -342.783	   -325.13	   -308.28	  -292.203	  -276.854	   -262.16	  -248.158	  -234.897	  -222.399	  -210.625	  -199.601	  -189.238	  -179.471	  -170.242	  -161.566	  -153.442	  -145.938	  -139.105	  -132.962	  -127.419	  -122.391	  -117.761	  -113.446	
  -37.7507	    -73.26	  -73.3178	   -73.372	  -73.3149	  -73.3595	  -113.127	  -113.127	  -113.091	  -113.015	    -112.9	   2.05562	   2.12738	   2.17118	   2.16979	    2.1684	  -170.096	  -169.983	  -169.865	  -169.744	  -169.614	   -389.01	  -388.594	   -388.18	  -387.715	  -387.154	  -429.381	  -428.388	  -427.189	  -425.796	  -424.239	  -422.559	   -420.81	  -418.989	  -417.078	   -415.06	   -412.94	  -410.708	  -408.385	  -405.995	  -403.568	   -401.12	  -398.674	  -396.227	  -393.769	  -391.285	  -388.772	  -368.835	  -349.878	  -331.905	  -314.832	  -298.536	  -282.987	  -268.142	  -253.929	  -240.385	  -227.558	  -215.467	  -204.074	  -193.405	  -183.375	   -173.92	  -164.986	  -156.584	  -148.716	  -141.446	  -134.824	  -128.868	  -123.491	  -118.612	  -114.116	
  -32.5998	  -67.4831	  -67.5388	   -67.596	  -67.6485	  -67.5973	  -110.073	  -110.096	  -110.095	  -110.059	  -109.983	    10.449	   10.5184	   10.5857	    10.625	   10.6192	  -154.794	  -154.709	   -154.62	  -154.529	  -154.429	  -365.486	  -365.201	  -364.854	  -364.456	  -363.997	  -435.305	   -434.47	  -433.448	  -432.236	  -430.833	  -429.262	  -427.565	  -425.792	  -423.955	  -422.034	  -419.993	  -417.847	  -415.592	  -413.247	  -410.834	  -408.388	  -405.923	  -403.459	  -400.997	  -398.526	  -396.032	    -375.8	  -356.548	  -338.242	  -320.887	    -304.4	  -288.663	  -273.647	  -259.311	  -245.585	  -232.504	  -220.115	  -208.435	  -197.428	  -187.119	  -177.426	  -168.287	   -159.65	  -151.527	  -143.918	  -136.886	  -130.478	  -124.712	  -119.504	  -114.775	
   -27.429	  -50.7495	  -50.7846	    -50.84	  -50.9042	  -50.9565	  -126.855	  -126.886	  -126.904	  -126.896	  -126.855	   23.3176	   23.3671	   23.4308	   23.4926	   23.5266	  -131.889	  -131.828	  -131.767	  -131.703	  -131.633	  -320.557	  -320.465	  -320.193	  -319.883	  -319.518	  -440.563	  -439.852	  -438.994	  -437.962	  -436.744	  -435.331	  -433.747	  -432.029	  -430.243	  -428.399	  -426.458	  -424.396	  -422.232	  -419.958	  -417.593	  -415.165	  -412.706	  -410.225	  -407.748	  -405.276	  -402.799	  -382.284	  -362.774	  -344.208	  -326.555	  -309.818	  -293.918	  -278.742	  -264.261	  -250.435	  -237.197	   -224.58	   -212.63	  -201.363	  -190.742	  -180.795	  -171.439	  -162.618	   -154.28	  -146.437	  -139.088	  -132.295	  -126.103	  -120.528	   -115.49	
  -22.5601	  -27.0364	  -27.0363	  -27.0714	  -27.1371	  -27.1938	   -155.95	  -155.882	  -155.905	  -155.915	  -155.899	   38.9506	   38.9675	   39.0114	   39.0696	   39.1263	  -113.157	  -113.113	  -113.069	  -113.025	  -112.976	  -269.925	   -269.95	  -269.752	   -269.52	  -269.248	  -445.239	  -444.615	  -443.884	   -443.02	  -441.985	   -440.76	  -439.337	  -437.736	  -436.007	  -434.216	  -432.356	  -430.397	   -428.32	   -426.14	  -423.851	  -421.473	  -419.034	  -416.562	  -414.071	  -411.588	  -409.111	  -388.331	  -368.572	   -349.78	  -331.898	  -314.894	  -298.773	  -283.459	   -268.84	  -254.892	  -241.574	  -228.822	  -216.668	  -205.155	  -194.298	  -184.063	  -174.476	  -165.458	  -156.953	  -148.913	  -141.349	   -134.26	  -127.706	  -121.729	  -116.345	
  -18.4622	 -0.537099	 -0.537097	 -0.537092	 -0.579479	 -0.635648	  -197.607	  -197.639	  -197.562	  -197.575	  -197.576	   58.0363	   58.0179	   58.0292	   58.0673	   58.1203	  -94.1433	  -94.1112	  -94.0803	  -94.0497	  -94.0172	  -217.429	  -217.454	  -217.321	   -217.16	  -216.966	  -449.404	  -448.837	  -448.198	  -447.463	  -446.597	  -445.557	  -444.326	   -442.89	  -441.281	  -439.548	  -437.743	  -435.868	  -433.897	  -431.808	  -429.616	  -427.316	   -424.93	   -422.48	  -420.001	  -417.505	  -415.019	  -393.976	  -373.984	  -354.973	  -336.893	  -319.687	  -303.326	  -287.815	  -273.081	  -259.014	  -245.593	  -232.778	  -220.507	  -208.811	  -197.732	  -187.282	  -177.429	  -168.199	  -159.515	  -151.324	   -143.58	  -136.292	  -129.462	  -123.145	  -117.382	
  -15.3936	    21.198	   21.1979	   21.1977	   21.2015	   21.1654	  -228.867	  -228.903	  -228.928	  -228.845	  -228.851	   74.2668	   74.2199	   74.1978	   74.2057	   74.2407	  -75.3128	  -75.2896	   -75.268	  -75.2476	  -75.2263	  -168.713	  -168.564	  -168.481	  -168.377	  -168.247	  -453.093	  -452.589	   -452.01	  -451.367	  -450.632	  -449.764	   -448.72	  -447.478	  -446.037	  -444.426	  -442.681	  -440.863	  -438.978	  -436.998	  -434.899	  -432.699	  -430.394	  -427.999	  -425.544	  -423.061	  -420.564	  -399.265	  -379.039	  -359.822	  -341.549	   -324.17	  -307.631	  -291.905	  -276.995	  -262.831	   -249.31	  -236.408	  -224.089	  -212.292	  -201.048	  -190.396	  -180.348	  -170.872	  -161.993	  -153.639	  -145.759	  -138.306	  -131.292	  -124.717	  -118.634	
  -13.1022	   33.2408	   33.2407	   33.2405	   33.2607	   33.2597	  -221.068	  -221.049	  -221.025	  -220.994	  -220.956	   79.1741	   79.1571	    79.138	   79.1169	   79.0941	  -51.8552	  -51.8402	  -51.8266	  -51.8143	  -51.8023	   -117.15	  -116.711	  -116.665	  -116.607	  -116.532	  -456.348	  -455.902	  -455.388	  -454.806	  -454.164	  -453.428	  -452.557	  -451.506	  -450.261	  -448.818	  -447.197	  -445.441	  -443.615	  -441.722	  -439.735	  -437.631	  -435.428	  -433.116	  -430.717	   -428.26	  -425.778	  -404.235	   -383.78	  -364.356	  -345.901	  -328.352	  -311.662	  -295.777	  -280.674	  -266.354	  -252.751	  -239.764	  -227.372	   -215.54	  -204.209	  -193.408	  -183.175	  -173.522	  -164.416	  -155.884	  -147.854	  -140.278	  -133.112	  -126.367	  -120.043	
    -9.325	   33.9309	   33.9308	   33.9306	   33.9683	   33.9674	  -157.463	  -157.452	  -157.437	  -157.417	  -157.395	   68.8272	   68.8142	   68.8004	   68.7852	   68.7686	  -20.9343	  -20.9288	  -20.9236	   -20.919	  -20.9148	  -60.7346	  -60.7208	   -60.702	   -60.678	  -60.6467	    -459.2	  -458.815	  -458.359	  -457.844	  -457.263	   -456.62	  -455.882	  -455.006	  -453.953	  -452.709	  -451.258	  -449.628	  -447.864	  -446.032	  -444.134	  -442.144	  -440.037	   -437.83	  -435.515	  -433.116	  -430.661	  -408.914	   -388.24	  -368.611	  -349.973	  -332.263	  -315.422	  -299.406	  -284.162	  -269.667	  -255.925	   -242.87	  -230.406	  -218.514	  -207.158	  -196.283	  -185.916	  -176.094	  -166.826	  -158.083	   -149.89	  -142.177	    -134.9	  -128.016	  -121.534	
   -7.9775	    22.953	   22.9529	   22.9528	   23.0051	   23.0046	  -57.1927	  -57.1895	  -57.1848	  -57.1788	  -57.1715	   47.0311	   47.0233	   47.0148	   47.0063	    46.997	   14.7884	    14.785	   14.7816	   14.7785	   14.7757	   -3.4889	   -3.5226	  -3.52174	  -3.52065	  -3.51921	  -461.676	  -461.354	  -460.962	  -460.505	   -459.99	  -459.409	  -458.765	  -458.024	  -457.147	  -456.096	  -454.845	  -453.387	  -451.751	  -449.982	  -448.145	  -446.245	  -444.255	  -442.145	  -439.936	  -437.623	  -435.226	  -413.299	  -392.445	  -372.621	  -353.798	  -335.925	  -318.942	  -302.793	  -287.433	  -272.814	  -258.914	  -245.735	  -233.215	  -221.261	  -209.856	  -198.965	  -188.534	  -178.591	  -169.169	  -160.278	   -151.89	  -144.027	  -136.625	  -129.639	   -123.03	
   13.8089	   9.89089	   9.89088	   9.89084	   9.95235	   9.95217	   52.4605	    52.458	   52.4546	   52.4498	   52.4438	   21.2834	   21.2803	   21.2769	   21.2734	   21.2699	   50.0726	    50.063	   50.0529	   50.0429	   50.0337	   49.8926	   49.8522	   49.8424	   49.8302	   49.8142	  -463.808	  -463.546	  -463.218	  -462.825	  -462.369	  -461.854	  -461.273	  -460.626	  -459.884	   -459.01	  -457.954	  -456.697	  -455.235	  -453.594	  -451.821	  -449.983	  -448.084	  -446.091	  -443.982	  -441.775	  -439.465	  -417.404	   -396.39	  -376.405	  -357.406	  -339.368	   -322.24	  -305.965	  -290.488	  -275.767	  -261.757	  -248.434	  -235.804	  -223.804	  -212.347	  -201.416	  -190.977	  -180.979	  -171.448	  -162.416	  -153.892	  -145.848	  -138.308	  -131.208	  -124.506	
   11.7053	   13.9992	   -2.1517	  -2.15169	  -2.08747	  -2.08744	    146.57	   146.564	   146.555	   146.545	    146.53	  -1.49453	  -1.49433	  -1.49412	   -1.4939	  -1.49367	    79.348	   79.3356	   79.3223	   79.3085	   79.2947	   93.8894	   93.8806	   93.8651	   93.8468	   93.8229	   -465.63	   -465.42	  -465.153	  -464.824	  -464.432	  -463.977	  -463.461	  -462.877	  -462.231	  -461.491	  -460.613	  -459.553	  -458.293	  -456.828	  -455.183	  -453.409	  -451.571	  -449.671	   -447.68	  -445.573	  -443.371	  -421.217	  -400.086	  -379.959	  -360.817	  -342.621	  -325.344	  -308.939	  -293.351	  -278.527	  -264.427	  -251.007	  -238.246	  -226.147	  -214.653	  -203.678	  -193.207	  -183.208	   -173.63	  -164.499	  -155.846	  -147.678	  -139.969	  -132.742	  -125.935	
   10.5053	    4.8919	   4.89189	  -8.93476	  -8.87361	  -8.87349	   209.032	   209.025	   209.014	   209.001	   208.985	  -17.4506	  -17.4484	   -17.446	  -17.4437	  -17.4413	   97.6004	   97.5884	   97.5753	   97.5613	   97.5465	   123.166	   123.209	    123.19	    123.17	   123.145	  -467.172	  -467.006	  -466.792	  -466.525	  -466.197	  -465.806	   -465.35	  -464.832	  -464.249	  -463.604	  -462.862	   -461.98	  -460.918	  -459.656	  -458.188	  -456.543	  -454.769	   -452.93	  -451.031	  -449.043	  -446.941	  -424.732	  -403.522	  -383.292	  -364.024	    -345.7	  -328.281	  -311.742	  -296.038	  -281.115	  -266.923	  -253.425	  -240.577	  -228.359	  -216.776	  -205.772	  -195.265	  -185.239	  -175.666	  -166.495	  -157.751	  -149.466	  -141.644	  -134.259	  -127.335	
   10.6255	    3.1696	    3.1696	   3.16959	  -9.02582	  -9.02572	   234.483	   234.476	   234.465	   234.452	   234.435	  -26.6369	  -26.6338	  -26.6304	  -26.6269	  -26.6237	   101.171	   101.159	   101.149	   101.137	   101.125	   133.296	    133.39	   133.371	   133.352	   133.329	  -468.468	  -468.335	  -468.165	  -467.951	  -467.686	  -467.358	  -466.967	  -466.509	  -465.991	  -465.409	  -464.762	  -464.017	  -463.135	  -462.072	  -460.808	   -459.34	  -457.694	  -455.918	   -454.08	  -452.185	  -450.202	  -427.942	  -406.688	  -386.393	  -367.035	  -348.598	  -331.065	  -314.397	  -298.572	  -283.545	  -269.266	  -255.686	   -242.77	  -230.475	  -218.784	  -207.699	  -197.169	  -187.113	  -177.519	  -168.357	   -159.58	  -151.212	  -143.282	  -135.794	  -128.723	
   10.3186	    5.5692	   5.56919	   5.56918	   5.61106	  -5.55091	    226.11	   226.104	   226.096	   226.084	   226.069	  -27.4222	  -27.4199	  -27.4165	   -27.413	  -27.4096	    87.768	   87.7582	   87.7494	   87.7422	    87.734	   120.808	   120.929	   120.912	   120.895	   120.877	  -469.544	  -469.437	  -469.301	  -469.131	  -468.918	  -468.653	  -468.326	  -467.932	  -467.475	  -466.958	  -466.373	  -465.724	  -464.979	  -464.097	  -463.033	  -461.769	    -460.3	  -458.653	  -456.877	  -455.041	  -453.151	  -430.873	  -409.579	   -389.25	  -369.838	  -351.322	  -333.688	  -316.918	  -300.976	   -285.84	  -271.468	   -257.81	  -244.821	  -232.466	  -220.706	  -209.523	   -198.92	  -188.847	  -179.228	  -170.051	  -161.286	   -152.89	  -144.884	  -137.297	  -130.132	
    9.2756	    9.5138	   9.51379	   9.51377	   9.54214	   9.54207	   191.732	   191.727	   191.721	   191.713	   191.701	   -23.493	  -23.4911	  -23.4891	  -23.4861	  -23.4832	   55.5549	   55.5496	   55.5442	   55.5397	   55.5362	   82.5508	    82.643	   82.6335	   82.6228	   82.6111	  -470.427	  -470.336	  -470.226	   -470.09	  -469.922	   -469.71	  -469.445	  -469.116	  -468.723	  -468.265	  -467.746	  -467.158	  -466.509	  -465.764	  -464.882	  -463.819	  -462.556	  -461.085	  -459.436	  -457.661	   -455.83	  -433.518	  -412.216	  -391.856	  -372.418	  -353.858	  -336.155	  -319.295	  -303.261	  -288.019	  -273.547	  -259.806	  -246.748	  -234.329	  -222.516	  -211.272	  -200.578	   -190.44	  -180.808	   -171.61	  -162.835	  -154.454	  -146.425	  -138.769	  -131.512	
    7.5032	   12.2904	   12.2904	   12.2904	   12.3047	   12.3046	   140.646	   140.643	    140.64	   140.634	   140.626	  -17.6353	  -17.6338	  -17.6324	  -17.6309	  -17.6287	   3.06667	   3.06635	    3.0661	   3.06585	   3.06566	    15.661	   15.6419	   15.6405	   15.6388	   15.6368	  -471.138	  -471.058	  -470.965	  -470.856	  -470.721	  -470.554	  -470.342	  -470.075	  -469.746	  -469.353	  -468.892	   -468.37	  -467.782	  -467.132	  -466.388	  -465.508	  -464.445	  -463.181	  -461.708	  -460.059	  -458.285	  -435.918	   -414.59	  -394.228	  -374.768	   -356.19	   -338.45	   -321.53	  -305.415	  -290.091	  -275.523	  -261.691	  -248.559	  -236.078	  -224.209	  -212.918	   -202.17	  -191.949	  -182.258	  -173.051	  -164.259	  -155.871	  -147.859	  -140.183	  -132.864	
    4.5684	   10.5962	   10.5962	   10.5962	    10.597	    10.597	   82.8077	   82.8063	   82.8041	   82.8012	   82.7972	  -12.8245	  -12.8235	  -12.8224	  -12.8213	  -12.8203	   -71.062	  -71.0539	  -71.0473	  -71.0426	  -71.0381	  -59.9294	  -82.8851	  -82.8801	  -82.8733	  -82.8644	  -471.697	  -471.623	  -471.541	  -471.449	   -471.34	  -471.206	  -471.039	  -470.826	   -470.56	  -470.231	  -469.834	  -469.369	  -468.846	  -468.256	  -467.607	  -466.864	  -465.985	  -464.922	  -463.656	  -462.182	  -460.531	  -438.114	  -416.737	  -396.357	  -376.901	  -358.307	  -340.557	  -323.607	   -307.44	  -292.043	  -277.401	  -263.482	  -250.267	  -237.719	  -225.795	  -214.454	  -203.666	  -193.396	  -183.629	  -174.369	  -165.572	   -157.17	  -149.155	  -141.499	  -134.164	
   14.2436	   15.4842	   15.4842	   15.4842	   15.5304	   15.5303	   36.9399	   36.9393	   36.9384	   36.9372	   36.9355	   23.2337	    23.232	   23.2299	   23.2276	   23.2254	   17.0008	   16.9992	   16.9977	   16.9964	   16.9954	  -6.09362	  -30.5977	   -30.597	  -30.5963	  -30.5954	         	         	         	         	         	         	         	         	         	         	         	         	         	         	         	         	         	         	         	         	         	         	         	         	         	         	         	         	         	         	         	         	         	         	         	         	         	         	         	         	         	         	         	         	         	
         	         	         	         	         	         	         	         	         	         	         	         	         	         	         	         	         	         	         	         	         	         	         	         	         	         	         	         	         	         	         	         	         	         	         	         	         	         	         	         	         	         	         	         	         	         	         	         	         	         	         	         	         	         	         	         	         	         	         	         	         	         	         	         	         	         	         	         	         	         	         	
         	         	         	         	         	         	         	         	         	         	         	         	         	         	         	         	         	         	         	         	         	         	         	         	         	         	         	         	         	         	         	         	         	         	         	         	         	         	         	         	         	         	         	         	         	         	         	         	         	         	         	         	         	         	         	         	         	         	         	         	         	         	         	         	         	         	         	         	         	         	         	
  -516.405	   1631.25	   834.757	   -96.335	  -1179.98	  -648.189	  -815.407	  -2106.16	  -3963.13	  -6814.96	  -15880.5	  -2625.37	  -2612.75	   -2600.6	  -2589.59	   -2580.3	  -278.338	  -277.908	  -278.033	  -278.387	  -279.063	   1253.75	   1255.34	   1264.61	    1274.3	      1280	   -1036.4	   -1037.6	  -1038.71	  -1040.63	   -1041.4	  -1042.31	  -1042.73	  -1043.04	  -1043.34	  -1043.66	  -1043.95	  -1044.22	  -1044.47	  -1044.68	  -1044.87	  -1045.03	  -1045.18	   -1045.3	  -1045.41	  -1045.52	  -1045.62	  -998.661	  -953.807	  -910.964	  -870.045	  -830.961	  -793.631	  -757.975	  -723.919	  -691.391	  -660.322	  -630.648	  -602.305	  -575.234	  -549.378	  -524.682	  -501.095	  -478.567	  -457.051	    -436.5	  -416.872	  -398.126	  -380.222	  -363.122	  -346.791	
   64.0394	   770.981	   16.4853	  -779.809	  -1710.29	  -1112.18	   405.855	  -1145.79	  -2433.48	  -4286.54	  -7134.62	  -438.497	  -202.456	  -201.681	  -200.969	  -200.353	  -679.223	  -678.085	  -677.672	  -678.534	  -679.034	   643.454	    639.98	   642.138	   644.829	   648.296	  -1004.41	  -1006.02	  -1006.88	  -1007.93	  -1010.02	  -1010.92	  -1012.09	  -1012.67	  -1013.12	  -1013.57	  -1014.04	  -1014.45	  -1014.84	  -1015.18	  -1015.46	   -1015.7	  -1015.92	  -1016.13	  -1016.31	  -1016.47	  -1016.63	  -971.024	  -927.461	  -885.849	  -846.101	  -808.134	  -771.868	  -737.224	  -704.132	  -672.521	  -642.326	  -613.484	  -585.934	  -559.617	  -534.481	   -510.47	  -487.536	   -465.63	  -444.706	   -424.72	  -405.631	  -387.398	  -369.984	  -353.351	  -337.464	
   34.9539	  -211.193	  -832.534	  -1586.88	  -2382.75	  -1637.33	    1372.9	    151.85	  -1397.49	  -2682.28	  -4531.14	   1469.61	   1990.69	   2222.95	   2215.01	   2207.85	  -995.626	  -993.443	  -992.147	  -991.895	  -993.099	    112.98	   109.063	   109.381	   109.696	    110.06	  -972.537	  -976.276	  -977.699	  -978.535	  -979.634	  -981.777	   -982.79	  -984.035	  -984.676	   -985.19	  -985.722	   -986.24	  -986.696	  -987.116	  -987.475	  -987.775	  -988.039	  -988.281	   -988.51	   -988.71	  -988.895	  -944.565	  -902.216	  -861.762	  -823.117	  -786.203	  -750.941	  -717.256	  -685.078	  -654.339	  -624.975	  -596.925	  -570.131	  -544.535	  -520.086	  -496.731	  -474.422	  -453.113	  -432.758	  -413.315	  -394.744	  -377.005	  -360.062	  -343.879	  -328.422	
   14.5054	  -152.604	  -153.176	  -774.516	  -1528.84	  -651.951	   659.954	  -343.314	  -1561.32	   -3106.3	  -4385.95	   933.422	   644.114	   1168.89	   1410.84	   1406.14	  -1358.64	  -1355.12	  -1352.41	  -1350.82	  -1350.25	  -744.532	  -746.399	  -747.541	  -749.518	  -751.381	  -942.114	  -946.587	  -950.126	   -951.47	  -952.271	  -953.329	  -955.436	  -956.439	  -957.663	  -958.302	  -958.823	  -959.356	  -959.874	  -960.317	  -960.723	  -961.071	  -961.364	  -961.623	  -961.863	   -962.09	  -962.288	  -919.161	   -877.96	  -838.601	  -801.002	  -765.086	  -730.777	  -698.003	  -666.695	  -636.788	  -608.217	  -580.925	  -554.853	  -529.948	  -506.158	  -483.433	  -461.725	  -440.989	  -421.182	  -402.262	   -384.19	  -366.928	   -350.44	  -334.691	  -319.649	
    1.2114	  -104.185	  -104.185	  -104.758	  -726.102	   185.569	   439.136	  -357.237	  -1359.57	  -2576.11	  -4119.25	   1104.47	    478.28	   190.536	   717.572	   967.481	  -1525.38	  -1521.01	   -1517.3	  -1514.42	  -1512.49	  -1211.29	  -1210.32	  -1210.79	  -1212.43	  -1215.26	  -914.685	  -917.319	  -921.568	   -924.95	  -926.224	  -926.973	  -927.989	  -930.028	  -930.997	  -932.185	   -932.81	   -933.32	  -933.842	  -934.338	   -934.76	  -935.146	  -935.477	  -935.758	  -936.008	   -936.24	  -936.459	  -894.502	  -854.412	  -816.113	  -779.525	  -744.574	  -711.187	  -679.294	  -648.829	  -619.727	  -591.925	  -565.367	  -539.997	  -515.762	  -492.611	  -470.497	  -449.372	  -429.194	  -409.919	  -391.507	   -373.92	  -357.121	  -341.075	  -325.748	  -311.109	
   -7.0893	  -65.3428	  -65.3427	  -65.3424	  -65.9163	   959.187	   522.229	  -61.4471	  -857.602	  -1859.55	  -3075.54	   1940.45	   940.322	   314.501	   27.1927	   555.263	     -1515	  -1510.44	  -1506.31	  -1502.79	  -1499.85	  -1350.17	  -1343.64	  -1344.53	  -1344.88	  -1346.43	  -888.638	  -890.567	  -893.066	  -897.136	  -900.371	  -901.582	  -902.299	  -903.282	  -905.259	  -906.199	  -907.355	  -907.966	  -908.467	   -908.97	  -909.444	  -909.845	  -910.214	  -910.531	  -910.803	  -911.044	  -911.268	  -870.464	  -831.463	  -794.198	  -758.597	  -724.587	  -692.099	  -661.064	  -631.419	    -603.1	  -576.048	  -550.206	  -525.519	  -501.937	  -479.409	   -457.89	  -437.334	  -417.699	  -398.942	  -381.025	  -363.911	  -347.564	  -331.949	  -317.034	  -302.787	
  -12.4545	  -35.9535	  -35.9535	  -35.9535	  -35.9533	    1570.1	    934.74	   355.982	  -227.663	  -1023.77	  -2025.66	   2448.82	   1987.41	   987.046	   360.914	     73.32	  -1348.92	  -1344.67	   -1340.8	  -1337.29	  -1334.12	  -1222.06	  -1211.46	  -1210.44	  -1211.09	   -1211.2	  -863.398	  -865.192	  -867.021	   -869.41	  -873.305	  -876.398	  -877.561	  -878.253	  -879.204	  -881.123	  -882.038	  -883.165	  -883.764	  -884.247	   -884.73	  -885.181	  -885.563	  -885.916	  -886.222	  -886.484	  -886.717	  -847.023	  -809.095	  -772.842	  -738.204	  -705.112	    -673.5	  -643.301	  -614.454	  -586.899	  -560.576	  -535.431	  -511.411	  -488.464	  -466.545	  -445.605	  -425.603	  -406.497	  -388.245	  -370.811	  -354.158	   -338.25	  -323.055	  -308.541	  -294.678	
  -16.6299	  -15.5195	  -15.5195	  -15.5195	  -15.5195	    1525.8	   444.238	   915.059	   336.303	  -247.345	  -1043.47	   2824.81	   2618.65	   2157.01	   1156.11	   529.329	     -1052	  -1048.76	   -1045.6	  -1042.72	  -1039.98	  -892.962	  -879.995	  -878.582	  -877.757	  -878.084	  -839.806	  -840.618	  -842.321	  -844.067	   -846.34	  -850.062	  -853.031	  -854.152	   -854.82	  -855.743	  -857.611	  -858.501	    -859.6	  -860.179	  -860.643	  -861.103	  -861.533	  -861.898	  -862.238	  -862.534	  -862.787	  -824.177	  -787.281	  -752.028	  -718.332	  -686.136	  -655.377	  -625.994	  -597.926	  -571.113	    -545.5	  -521.034	  -497.663	  -475.336	  -454.008	  -433.634	  -414.172	  -395.581	  -377.822	  -360.858	  -344.653	  -329.174	  -314.389	  -300.266	  -286.776	
  -20.8412	   -3.0847	   -3.0847	   -3.0847	   -3.0847	   1446.11	   397.881	   397.045	    867.87	   289.117	  -294.528	    3404.7	   3036.86	   2830.57	   2368.67	   1367.17	  -652.917	  -651.028	  -649.116	  -647.244	  -645.467	  -430.244	  -417.053	  -416.133	  -415.431	  -414.984	  -817.679	  -817.629	    -818.4	  -820.027	   -821.68	  -823.836	  -827.403	  -830.258	   -831.34	  -831.988	  -832.887	  -834.704	  -835.573	  -836.638	  -837.194	  -837.637	  -838.075	  -838.487	  -838.837	  -839.165	  -839.451	   -801.91	  -766.023	   -731.73	  -698.963	  -667.644	  -637.719	  -609.131	  -581.821	  -555.732	  -530.811	  -507.006	  -484.266	  -462.543	  -441.792	  -421.969	  -403.033	  -384.944	  -367.664	  -351.158	  -335.391	   -320.33	  -305.943	  -292.201	  -279.075	
  -24.7545	    3.6815	    3.6815	    3.6815	    3.6815	   1344.14	   190.507	   190.506	   189.673	   660.508	   81.7707	   3953.14	   3587.61	   3219.74	   3013.39	   2551.32	  -190.198	  -189.706	  -189.184	  -188.652	  -188.115	   93.9294	   105.701	   105.432	   105.193	   105.003	  -795.872	  -796.055	  -795.997	  -796.741	   -798.28	  -799.838	  -801.892	  -805.317	  -808.066	  -809.112	  -809.743	  -810.621	   -812.39	   -813.23	  -814.258	   -814.79	  -815.212	  -815.632	  -816.028	  -816.365	  -816.682	  -780.195	  -745.302	  -711.948	  -680.075	  -649.621	  -620.512	  -592.699	  -566.129	  -540.747	  -516.499	  -493.337	  -471.212	  -450.077	  -429.888	  -410.601	  -392.177	  -374.578	  -357.766	  -341.706	  -326.365	  -311.711	  -297.713	  -284.343	  -271.571	
  -26.3721	    8.4648	    8.4648	    8.4648	    8.4648	   1246.16	  -250.486	  -250.486	  -250.484	   -251.31	   219.544	   4418.44	   4052.84	   3687.33	   3319.51	   3113.21	    288.91	   288.277	   287.568	   286.812	   286.021	   607.349	   617.052	   615.359	   613.763	    612.31	  -775.706	  -774.792	  -774.962	  -774.909	  -775.609	  -777.055	  -778.539	  -780.503	  -783.793	   -786.44	  -787.455	  -788.072	   -788.93	  -790.646	  -791.454	  -792.443	  -792.952	  -793.357	   -793.76	  -794.141	  -794.467	  -759.008	  -725.097	  -692.667	  -661.668	  -632.045	  -603.741	  -576.688	  -550.839	  -526.145	  -502.554	   -480.02	  -458.493	   -437.93	  -418.288	  -399.524	    -381.6	  -364.477	   -348.12	  -332.495	   -317.57	  -303.313	  -289.694	  -276.684	  -264.258	
  -22.2404	   15.4808	   15.4808	   15.4808	   15.4808	   1189.77	  -857.887	  -857.887	  -857.886	  -857.882	   -857.87	    4855.2	    4434.4	   4068.84	   3703.44	   3335.79	   740.554	   739.351	   737.863	   736.193	   734.353	   1069.06	    1077.3	   1074.25	   1071.23	   1068.32	    -756.7	   -755.23	  -754.315	  -754.466	  -754.403	  -755.035	  -756.382	  -757.787	  -759.666	  -762.833	  -765.388	  -766.372	  -766.972	  -767.805	  -769.466	  -770.244	  -771.196	  -771.683	   -772.07	  -772.456	  -772.823	  -738.345	  -705.389	  -673.871	  -643.731	  -614.921	   -587.39	  -561.085	  -535.943	   -511.92	   -488.97	  -467.046	  -446.103	  -426.097	  -406.986	  -388.732	  -371.294	  -354.635	  -338.722	  -323.521	      -309	  -295.129	  -281.879	  -269.222	  -257.132	
   -8.2822	   28.5814	   28.5814	   28.5814	   28.5813	   1216.84	   -1424.2	   -1424.2	  -1424.19	  -1424.19	  -1424.18	   2734.59	   4842.36	   4421.58	   4056.09	    3690.8	   1131.94	   1130.76	   1129.08	   1126.99	   1124.59	   1478.23	   1487.22	   1482.96	   1478.71	   1474.46	  -738.523	  -736.632	   -735.18	  -734.286	  -734.427	  -734.359	  -734.957	  -736.214	  -737.549	  -739.349	  -742.404	  -744.869	  -745.822	  -746.405	   -747.21	  -748.816	  -749.564	   -750.48	  -750.948	   -751.32	  -751.691	  -718.202	  -686.159	  -655.529	  -626.238	  -598.228	  -571.454	  -545.868	  -521.422	  -498.056	  -475.731	  -454.403	  -434.029	  -414.566	  -395.974	  -378.214	   -361.25	  -345.044	  -329.564	  -314.775	  -300.649	  -287.154	  -274.264	   -261.95	  -250.188	
   17.8124	   48.9863	   48.9861	   48.9857	   48.9848	    1353.4	  -1643.31	  -1643.24	  -1643.17	   -1643.1	  -1643.03	   2792.47	   2792.36	   4899.41	   4478.76	   4113.44	   1458.46	   1457.66	   1456.29	   1454.33	   1451.83	   1889.01	   1901.62	   1896.56	   1891.12	   1885.62	  -720.812	  -718.718	  -716.856	  -715.443	  -714.578	  -714.717	  -714.672	  -715.242	  -716.425	  -717.701	  -719.441	  -722.393	  -724.777	  -725.707	  -726.277	  -727.061	  -728.619	  -729.342	   -730.23	  -730.683	  -731.044	  -698.492	  -667.372	  -637.597	  -609.137	  -581.919	  -555.892	  -531.013	  -507.239	  -484.524	  -462.812	  -442.067	  -422.249	  -403.316	  -385.231	  -367.955	  -351.452	  -335.688	   -320.63	  -306.245	  -292.503	  -279.376	  -266.836	  -254.858	  -243.416	
   53.0703	   72.3453	    72.344	   72.3409	   72.3343	   1581.07	  -1213.39	  -1213.01	   -1212.6	  -1212.19	  -1211.83	   3035.59	   3035.02	   3034.59	   5137.07	   4717.42	   1760.62	    1760.4	   1759.77	   1758.45	   1756.44	   2413.54	   2431.76	   2426.14	   2419.79	   2412.96	  -702.805	  -700.692	  -698.644	  -696.831	  -695.466	  -694.664	  -694.854	  -694.853	  -695.425	  -696.576	  -697.836	  -699.547	  -702.428	  -704.774	  -705.719	  -706.312	  -707.107	  -708.645	   -709.37	  -710.251	  -710.707	  -679.076	  -648.851	  -619.956	  -592.308	   -565.88	  -540.604	  -516.432	  -493.326	  -471.245	  -450.146	  -429.979	  -410.709	    -392.3	  -374.713	  -357.913	  -341.864	  -326.534	  -311.889	    -297.9	  -284.536	   -271.77	  -259.575	  -247.925	  -236.797	
   87.8257	   88.6662	   88.7442	   88.7319	   88.7046	   1789.98	  -12.2949	  -12.2784	  -12.2589	  -12.2391	  -12.2209	   3460.16	   3457.21	   3455.34	   3454.46	   5539.97	   2132.94	   2133.92	   2134.84	   2135.28	   2134.61	    3184.3	   3209.53	   3204.11	   3197.49	   3189.83	  -682.918	  -680.884	  -678.853	  -676.932	  -675.193	  -673.973	  -673.381	  -673.684	  -673.837	  -674.522	  -675.728	  -677.064	  -678.832	  -681.727	  -684.147	  -685.218	  -685.933	  -686.824	  -688.425	   -689.22	  -690.152	   -659.58	  -630.282	  -602.279	  -575.501	  -549.876	  -525.378	   -501.94	  -479.522	  -458.088	  -437.602	  -418.023	  -399.308	  -381.423	  -364.336	  -348.012	  -332.417	  -317.518	  -303.286	   -289.69	  -276.701	  -264.293	  -252.439	  -241.115	  -230.297	
   121.599	   99.6996	   100.019	   100.068	   99.9924	   2011.34	   1690.47	   1684.03	   1676.04	   1667.43	   1659.35	   3887.86	   3876.83	    3870.2	   3867.56	   3868.36	   2486.37	   2490.14	   2494.62	   2498.95	   2502.48	   4047.51	   4082.21	   4079.97	   4075.93	   4070.49	   14849.2	     14820	   14777.8	     14737	     14700	   14667.5	   14649.1	     14643	   14657.2	   14669.5	   14690.7	   14722.6	   14757.6	   14801.7	   14870.2	   14930.5	   14961.6	   14983.8	   15009.2	   15049.7	   15071.8	   14416.8	   13781.1	   13171.8	   12589.1	   12031.5	   11497.7	   10987.2	   10498.4	   10030.7	    9583.3	   9155.53	   8746.58	   8355.56	   7981.84	   7624.71	   7283.47	   6957.43	   6645.92	   6348.31	   6063.98	   5792.32	   5532.78	   5284.81	    5047.9	
   162.019	   112.917	   113.194	   113.455	   113.377	   2381.73	   3567.66	   3540.69	   3506.01	   3467.16	   3428.98	   4191.06	    4161.3	   4143.05	   4135.26	   4136.53	   2650.39	   2659.98	   2670.02	   2680.58	   2690.51	   4726.54	   4771.34	   4778.49	   4782.37	   4784.53	   13212.9	   13207.8	   13195.3	   13163.3	   13134.2	   13113.6	   13096.3	   13088.2	   13094.1	   13119.3	   13141.2	   13169.4	   13205.9	   13245.2	   13292.3	   13361.9	   13427.2	   13465.3	   13494.4	   13525.7	   13569.9	   12984.6	   12425.4	   11881.7	   11360.2	     10861	   10382.8	   9924.74	   9486.32	   9066.13	   8663.75	   8278.65	    7910.2	   7557.78	   7220.69	    6898.4	   6590.34	   6295.92	   6014.57	    5745.7	   5488.78	   5243.28	    5008.7	   4784.55	   4570.36	
   210.042	   136.139	   136.371	    136.55	   136.593	    2946.3	   5224.98	   5165.01	   5086.63	   4995.96	   4903.04	   4203.01	   4145.58	   4107.05	   4087.61	   4084.93	   2550.47	   2562.72	   2579.93	   2596.45	   2612.91	   5034.36	   5095.15	   5111.78	   5129.32	   5144.08	   11585.5	     11608	   11621.4	   11625.9	   11606.8	   11595.4	   11594.8	     11589	   11592.8	   11612.3	   11646.3	   11677.4	   11711.6	   11751.7	   11794.4	   11844.4	   11915.4	   11984.3	   12029.1	   12064.6	   12101.3	   11602.3	   11108.1	     10635	   10173.9	    9731.3	   9307.09	   8900.25	   8510.16	   8136.52	   7777.97	   7434.33	   7105.21	    6790.1	   6488.51	   6199.91	   5923.88	   5659.96	   5407.66	   5166.49	   4935.98	   4715.67	   4505.11	   4303.88	   4111.56	
   260.563	    173.45	   173.616	   173.697	   173.539	   3635.46	   6513.44	   6418.96	   6294.02	    6146.5	   5989.52	    3865.1	   3781.69	   3720.73	    3683.9	   3670.35	   2243.38	    2255.7	   2272.98	   2294.72	   2314.76	   4998.32	   5069.04	   5103.95	   5130.27	   5160.39	   10096.8	   10143.2	   10180.9	   10209.2	   10229.1	     10227	   10234.4	   10246.7	   10252.2	   10268.1	   10296.5	   10337.3	   10374.5	   10412.2	     10454	   10498.8	   10550.6	     10621	   10691.7	   10740.6	   10780.7	   10334.3	   9914.82	   9498.04	   9098.15	   8707.54	   8332.15	   7971.89	   7625.92	   7293.91	   6975.64	   6669.86	   6376.53	    6095.4	   5826.05	    5568.1	   5321.15	   5084.88	   4858.89	   4642.79	   4436.18	   4238.65	   4049.82	   3869.32	   3696.78	
   317.216	   233.313	   233.381	   233.323	   232.905	   4412.47	   7296.25	   7177.07	   7019.47	   6829.91	   6622.46	   3155.92	   3064.49	   2991.31	   2941.11	   2914.28	   1807.42	   1814.73	   1829.24	   1847.43	   1869.14	   4673.04	   4748.32	   4792.52	   4835.04	   4870.53	   8768.82	   8833.71	   8890.03	   8937.75	   8977.37	   9012.84	   9026.82	    9044.9	   9067.57	   9083.51	   9106.83	   9141.35	   9185.59	    9225.6	   9264.32	   9306.57	   9352.01	   9403.48	   9471.86	   9541.92	    9592.6	   9201.49	   8826.32	    8473.3	   8121.57	   7783.37	   7452.21	   7133.64	   6827.52	    6533.2	   6250.52	   5979.34	    5718.5	   5468.09	   5227.95	   4997.71	   4777.11	   4565.82	    4363.6	   4170.12	   3985.06	   3808.08	   3638.85	   3477.04	   3322.33	
    364.58	   295.723	   295.677	   295.466	   294.778	   5099.14	   7636.68	   7505.54	   7333.07	   7124.49	   6890.32	    2222.4	   2145.65	   2079.54	   2028.81	   1996.09	   1372.81	   1373.02	   1381.36	   1395.01	   1411.09	   4230.67	   4305.15	   4353.63	   4401.25	   4449.33	   7600.53	   7678.63	   7748.19	    7809.7	   7863.85	   7914.23	   7962.17	   7984.49	   8010.46	   8041.39	   8063.43	   8091.63	   8129.04	   8173.81	   8214.18	   8252.57	   8294.07	   8338.36	    8388.3	   8453.44	   8521.13	   8185.94	    7856.9	   7540.96	   7243.42	   6946.16	    6659.7	    6378.6	   6107.95	   5847.61	   5597.03	   5356.18	   5124.98	   4902.37	   4688.53	   4483.34	   4286.51	   4097.81	   3917.03	   3743.94	   3578.29	   3419.82	   3268.23	   3123.25	    2984.6	
   379.954	    330.06	   329.911	   329.584	   328.734	   5510.66	   7786.75	   7651.76	    7475.9	    7263.5	   7022.28	   1321.46	   1271.78	   1226.27	   1188.28	   1160.15	   1035.74	   1029.49	   1031.31	   1039.11	   1050.59	   3867.63	   3944.52	    3993.7	   4043.45	   4094.06	   6595.65	   6667.53	    6745.7	   6816.38	   6880.06	   6940.12	   6998.54	   7051.14	   7079.17	    7111.2	   7146.12	    7171.9	   7202.28	   7240.01	   7283.45	   7322.78	   7359.88	   7399.34	   7441.66	   7489.19	   7550.34	    7271.9	   6989.45	   6711.97	   6445.42	   6194.14	   5942.43	   5699.38	   5460.46	   5230.26	   5008.63	   4795.11	   4589.75	    4392.5	   4202.43	   4019.73	   3844.35	   3676.03	   3514.61	   3359.89	   3211.73	   3069.91	   2934.19	   2804.35	   2680.15	
   352.303	   317.868	   317.655	   317.278	   316.431	   5530.43	   7789.43	   7657.28	   7485.79	   7279.97	   7045.39	   571.302	    549.37	   528.347	   509.574	   494.282	   847.405	   836.078	   832.166	   834.651	   841.616	   3641.66	   3708.61	    3762.6	   3812.28	   3863.81	   5720.55	   5799.81	   5869.26	   5945.31	    6014.8	   6080.44	   6144.48	   6204.44	   6259.04	   6291.28	    6325.8	   6362.42	   6389.69	   6420.19	   6456.62	   6497.77	   6535.23	   6570.08	   6607.08	   6646.89	   6691.51	   6444.64	   6209.47	   5970.89	   5736.45	   5511.11	   5298.42	   5084.87	   4878.34	   4675.04	   4479.03	   4290.18	   4108.08	   3932.85	   3764.46	    3602.1	   3445.96	   3296.01	   3152.03	   3013.91	    2881.5	   2754.66	   2633.23	      2517	   2405.79	
   293.965	   270.313	   270.074	   269.702	   268.966	   5252.89	   7438.79	   7317.99	   7161.69	   6974.39	   6761.46	  -104.447	  -100.554	  -96.6742	  -93.0383	  -89.8515	   748.554	    732.97	   724.148	   721.569	   724.063	   3404.13	   3462.04	   3506.36	   3558.61	   3607.52	   4971.09	   5043.04	   5116.99	   5183.17	   5255.54	      5324	   5390.43	    5453.4	   5512.95	    5568.2	   5601.75	   5636.88	   5673.32	   5700.39	   5729.75	   5764.11	   5802.49	   5837.34	   5869.68	   5903.99	   5941.04	   5713.28	   5503.95	   5304.91	   5103.01	   4904.54	    4713.6	    4533.2	   4351.73	   4176.02	   4002.83	   3835.79	   3674.72	   3519.32	   3369.71	   3225.89	   3087.13	   2953.65	   2825.41	   2702.25	   2584.05	   2470.71	   2362.13	   2258.15	   2158.62	
   222.241	   201.619	   201.388	   201.059	   200.485	   4862.68	   6765.86	   6663.15	    6529.5	    6369.6	   6187.56	  -637.153	  -614.695	  -591.887	  -569.613	  -549.076	   674.791	   656.731	   644.034	   637.059	   634.989	      3080	   3122.33	   3156.96	    3197.1	      3245	   4330.83	   4393.66	   4459.37	   4528.14	   4590.14	   4659.28	   4726.14	    4789.6	    4850.3	   4908.62	   4962.15	   4995.47	   5029.78	   5064.72	    5090.6	   5118.24	   5150.17	   5185.39	   5217.48	   5247.22	   5278.79	   5073.91	   4880.45	   4702.69	   4533.93	   4362.74	   4194.37	   4032.27	   3878.98	   3724.57	    3574.9	   3427.25	   3284.77	   3147.32	   3014.62	   2886.83	   2763.94	   2645.33	   2531.18	   2421.49	   2316.12	   2214.97	   2117.96	      2025	   1935.98	
   159.131	   135.636	   135.444	   135.168	    134.74	   4505.43	   5927.27	    5844.9	   5736.84	    5606.7	    5458.5	  -994.784	  -962.067	  -928.583	  -895.193	  -863.061	   589.187	   571.191	   556.895	   546.933	   541.185	   2682.85	   2705.93	   2725.62	   2754.64	   2788.67	   3784.82	   3837.21	   3893.58	   3953.86	   4017.11	   4075.53	   4141.38	   4203.86	   4263.68	   4321.13	   4376.36	   4427.01	   4459.14	   4491.72	   4524.49	   4548.79	   4574.49	   4603.75	   4635.86	   4665.21	    4692.4	   4508.84	   4334.56	   4170.07	   4018.97	   3875.67	    3730.3	   3587.24	   3449.43	   3319.03	   3187.54	   3059.96	   2934.01	   2812.43	   2695.07	   2581.74	   2472.55	   2367.53	   2266.13	   2168.52	    2074.7	   1984.55	   1897.99	   1814.97	    1735.4	
   114.561	   87.9867	   87.8192	   87.5957	   87.2545	   4171.67	   5018.88	   4953.48	   4868.37	   4765.83	   4648.79	  -1255.42	  -1217.27	  -1177.87	  -1138.32	  -1099.49	   498.094	   482.201	   468.464	   457.589	   449.653	   2261.73	   2266.13	   2269.75	   2284.81	   2307.73	   3305.98	   3353.64	   3400.14	   3451.54	   3506.62	   3565.47	   3620.98	   3681.92	   3740.23	   3796.32	   3849.95	   3901.72	   3949.24	   3979.74	    4010.3	   4040.81	    4063.5	   4087.16	   4113.86	   4143.06	   4169.83	   4005.88	   3849.69	    3701.5	   3561.69	   3433.27	   3311.59	   3188.13	   3066.59	   2949.45	   2838.55	   2726.59	   2617.88	   2510.48	   2406.76	   2306.61	   2209.85	   2116.61	    2026.9	   1940.25	   1856.82	   1776.61	   1699.52	    1625.5	   1554.48	
   99.2337	   71.1784	    71.013	    70.811	   70.5107	   3917.09	   4234.97	   4181.72	   4113.75	   4032.78	   3940.52	   -1359.2	     -1321	  -1281.51	  -1241.61	  -1202.22	   406.332	   393.554	   381.896	   371.834	    363.51	   1878.73	   1868.72	   1858.53	   1860.08	   1870.92	   2896.92	   2929.74	   2971.63	   3013.81	   3060.52	   3111.49	   3166.71	    3217.9	    3274.3	   3328.55	   3380.55	   3430.49	   3478.71	   3522.88	   3551.44	   3579.87	   3608.12	   3629.06	   3650.73	   3675.03	   3701.52	    3558.2	   3418.69	   3285.81	   3159.82	   3040.97	   2931.82	   2828.48	   2723.62	   2620.35	   2520.79	   2426.46	   2331.15	   2238.55	   2146.99	   2058.54	    1973.1	   1890.52	   1810.93	   1734.33	   1660.32	   1589.04	    1520.5	   1454.62	   1391.34	
   105.335	   73.7758	   73.6103	   73.4008	   73.0988	   3716.99	   3677.99	   3632.67	   3575.61	   3508.86	   3433.63	  -1194.32	  -1163.05	  -1130.86	  -1098.34	  -1066.07	   347.431	   337.144	    327.35	   318.424	   310.385	   1587.64	   1567.59	   1547.86	   1538.19	   1538.04	   2545.59	   2567.58	   2596.06	   2633.82	   2671.97	   2715.02	   2762.67	   2813.13	   2860.38	   2912.49	   2962.48	   3010.59	   3056.87	   3101.43	   3142.13	   3168.67	   3194.96	   3220.87	   3240.08	   3259.85	   3281.91	   3157.12	   3035.22	   2916.51	   2803.48	   2696.36	   2595.35	   2502.56	   2414.78	   2325.71	   2237.97	   2153.34	   2073.13	   1992.01	   1913.14	   1835.11	   1759.72	   1686.86	   1616.41	   1548.49	   1483.12	   1419.93	   1359.07	   1300.53	   1244.25	
   115.765	   78.4662	   78.3236	   78.1103	   77.7928	   3497.74	   3374.18	    3333.1	   3281.89	   3222.68	   3157.02	  -755.369	  -736.818	  -717.727	  -698.546	  -679.541	   336.957	   327.763	   318.835	    310.35	   302.289	   1428.11	   1400.86	   1374.31	   1356.01	   1346.26	   2246.46	   2255.89	   2274.69	   2300.37	   2334.36	   2369.46	   2409.62	      2453	   2499.25	   2542.87	   2590.64	   2636.63	   2680.99	   2723.59	   2764.49	   2801.81	   2826.32	   2850.42	   2874.08	   2891.63	   2909.62	   2797.76	   2691.63	   2587.95	   2486.97	   2390.86	    2299.8	   2213.94	   2135.08	   2060.52	   1984.86	   1910.33	   1838.41	   1770.22	    1701.2	   1634.05	   1567.58	   1503.34	   1441.23	   1381.17	   1323.24	   1267.48	   1213.56	   1161.62	   1111.66	
   119.259	   74.9765	   74.8688	   74.6845	   74.3777	   3236.05	   3218.85	   3180.21	   3132.26	    3077.2	   3016.68	  -163.633	  -159.777	   -155.77	  -151.721	  -147.721	   375.057	   365.688	   356.539	   347.688	   338.922	   1376.12	   1343.62	   1312.23	   1286.57	   1268.28	    1994.5	   1990.84	   1998.48	   2015.42	   2038.51	    2069.6	   2102.31	   2138.75	   2178.37	   2220.76	   2260.67	   2304.38	   2346.57	   2387.21	   2426.15	    2463.5	   2497.57	   2520.01	   2541.99	   2563.51	   2579.48	      2479	   2383.91	   2293.66	   2205.51	   2119.64	   2037.92	   1960.54	   1887.57	   1820.55	   1757.23	   1692.98	   1629.67	   1568.57	   1510.61	    1451.9	   1394.75	   1338.16	   1283.44	   1230.54	   1179.35	   1129.97	   1082.43	   1036.46	   992.155	
   119.685	   67.1849	   67.1365	   66.9941	   66.7329	   2982.87	   3078.05	   3041.84	    2996.9	   2945.45	   2889.16	   415.113	   406.109	   397.028	   388.016	   379.227	     449.3	   438.985	   428.955	   419.215	   409.395	    1364.6	   1330.28	   1296.23	   1265.37	   1239.63	   1783.33	    1767.4	   1763.49	   1770.44	   1785.65	   1806.85	   1835.67	   1865.27	   1898.45	   1934.67	   1973.23	   2009.69	   2049.58	   2088.04	   2125.04	   2160.49	   2194.46	   2225.39	   2245.82	   2265.79	    2285.3	   2196.31	   2110.95	   2030.14	   1953.42	    1878.5	   1805.51	   1736.06	   1670.31	   1608.32	   1551.37	    1497.6	   1443.05	    1389.3	    1337.4	   1288.15	   1238.24	   1189.63	   1141.47	    1094.9	   1049.85	   1006.26	   964.197	   923.689	   884.512	
   113.952	   54.3876	   54.4084	   54.3353	   54.1392	    2746.4	    2859.4	    2826.7	      2786	   2739.31	   2688.32	   846.445	   828.643	   810.814	   793.213	   776.092	   546.529	   534.939	   523.719	    512.89	   501.934	   1350.02	      1318	   1283.96	   1250.72	   1220.12	   1605.33	    1579.9	   1565.21	   1561.89	   1568.17	   1582.21	   1602.01	   1627.97	   1654.87	   1685.14	      1718	   1753.02	   1786.24	   1822.46	   1857.34	    1890.9	   1923.06	   1953.79	   1981.74	   2000.28	   2018.37	   1944.39	   1868.87	   1796.39	   1727.74	   1662.56	   1598.91	   1536.89	   1477.89	   1422.05	   1369.41	   1321.04	    1275.4	    1229.1	   1183.47	   1139.42	   1097.59	   1055.18	   1013.86	   972.896	    933.28	   894.952	   857.849	   822.047	   787.559	
   103.701	   41.2392	   41.3213	   41.3256	   41.2166	   2527.38	   2627.23	   2598.24	   2562.03	   2520.31	   2474.61	   1110.07	    1087.4	   1064.75	   1042.59	    1021.2	   656.667	   643.642	   631.178	   619.219	   607.195	   1345.46	   1318.29	   1285.67	   1252.23	   1219.14	   1453.24	    1421.6	   1398.62	   1385.76	   1382.91	   1388.92	   1402.17	   1420.01	   1443.51	   1468.02	   1495.43	    1525.2	   1556.94	   1587.05	   1619.77	    1651.3	   1681.64	   1710.66	   1738.36	   1763.57	   1780.34	   1715.82	   1653.12	   1589.06	   1527.55	   1469.27	   1413.92	   1359.88	   1307.21	   1257.12	   1209.72	   1165.04	   1123.98	   1085.26	   1045.98	   1007.27	   969.892	   934.393	   898.377	   863.272	   828.463	    794.79	   762.203	    730.65	   700.199	
   93.7211	   34.1894	   34.2882	    34.356	   34.3285	   2321.17	   2392.08	   2366.82	    2335.1	   2298.37	   2257.93	   1169.42	   1146.18	   1122.98	   1100.34	   1078.68	   769.515	   755.132	    741.45	   728.493	   715.545	    1338.1	   1316.88	   1286.79	   1254.79	    1221.6	   1320.03	   1286.13	    1257.8	   1237.63	   1226.33	   1224.17	   1230.15	   1242.09	   1258.28	   1279.62	   1301.77	   1326.55	   1353.46	   1382.11	   1409.26	   1438.74	   1467.16	   1494.46	   1520.56	   1545.47	   1568.14	   1512.02	    1457.4	   1404.29	   1349.98	   1297.82	   1248.37	   1201.41	   1155.55	   1110.86	   1068.36	   1028.15	    990.25	   955.422	   922.585	   889.292	   856.477	    824.78	   794.672	   764.111	   734.313	   704.757	    676.16	   648.478	    621.67	
   85.9076	   33.6236	   33.7015	   33.7849	   33.8181	   2122.47	   2167.19	   2145.47	   2118.02	   2086.01	   2050.58	    1078.9	   1058.03	   1037.18	   1016.83	   997.418	   860.583	   845.312	   830.865	   817.286	   803.896	   1310.54	   1294.88	   1267.93	   1238.83	   1207.53	   1200.27	   1167.31	    1137.1	   1112.24	    1094.5	   1084.82	   1083.46	    1088.9	   1099.77	    1114.5	   1133.73	   1153.72	   1176.07	    1200.3	   1226.04	   1250.46	   1276.94	   1302.44	   1326.93	   1350.35	   1372.71	   1330.35	    1282.9	   1236.69	   1191.73	   1145.73	   1101.53	   1059.62	    1019.8	   980.926	   943.037	   907.008	   872.929	   840.803	    811.28	   783.459	   755.258	   727.461	   700.607	   675.093	   649.186	   623.916	   598.844	   574.581	   551.091	
   77.4649	   33.1501	   33.1765	   33.2404	   33.2921	   1930.52	   1958.92	   1940.46	   1916.93	   1889.29	   1858.45	   959.409	   941.389	   923.317	   905.666	   888.819	   912.015	   896.497	   881.933	   868.336	   855.033	   1250.52	   1239.18	    1215.7	   1190.25	   1162.47	   1090.21	   1060.37	   1031.09	   1004.62	   982.762	   967.363	    959.28	   958.191	    963.24	   973.178	   986.472	   1003.76	   1021.76	   1041.84	   1063.56	   1086.61	   1108.52	   1132.21	   1155.03	   1176.95	   1197.92	   1163.12	   1127.38	   1087.29	   1048.23	   1010.21	   971.282	   933.864	   898.372	   864.645	   831.721	    799.63	   769.118	   740.262	   713.059	   688.059	    664.51	   640.644	   617.121	   594.394	   572.794	   550.854	   529.448	   508.204	   487.642	
   68.3048	   30.9765	   30.9509	   30.9658	   31.0037	   1743.45	   1768.99	   1753.45	   1733.48	   1709.79	   1683.13	   861.248	     845.6	   829.823	    814.36	   799.581	   905.587	   890.653	   876.763	   863.909	   851.421	   1150.41	   1141.49	   1121.63	   1100.21	   1076.74	   987.859	   962.045	   935.586	   909.966	    886.72	   867.688	   854.509	   847.465	   846.692	   851.419	   860.399	   872.363	   887.884	   904.019	   921.969	   941.385	   961.996	    981.56	    1002.7	   1023.08	   1042.65	   1013.62	     984.3	   954.167	   920.328	   887.344	   855.222	    822.32	   790.681	   760.661	   732.129	   704.278	    677.13	   651.321	   626.915	   603.908	   582.762	   562.851	   542.678	   522.794	   503.581	   485.317	    466.76	    448.65	   430.672	
   58.5735	    28.703	   28.6255	   28.5903	   28.5835	   1564.65	   1579.61	   1566.79	   1550.17	   1530.25	    1507.6	   772.182	   758.659	   744.948	   731.443	   718.492	   843.526	   829.999	   817.445	   805.934	   794.851	   1018.36	   1010.24	    993.97	   976.507	   957.446	   892.213	     870.6	   847.734	   824.609	   802.146	   781.894	   765.484	   753.945	   747.892	   747.432	    751.76	    759.85	   770.592	   784.461	   798.858	   814.868	   832.183	    850.53	   867.956	   886.783	   904.928	   880.863	   856.443	   831.769	    806.39	   777.864	   750.046	   722.944	    695.17	   668.455	   643.098	   618.994	   595.465	   572.531	    550.73	   530.116	   510.684	   492.822	   476.009	    458.98	   442.196	   425.975	   410.553	   394.879	   379.579	
   48.5133	   26.1942	    26.096	   26.0107	   25.9579	   1391.79	    1383.2	   1372.88	   1359.42	   1343.13	   1324.42	   704.736	   692.915	   680.825	   668.854	    657.32	   754.007	   742.227	   731.304	   721.315	   711.785	   884.206	   876.128	   862.901	   848.844	   833.555	   803.025	   785.152	   766.009	   746.047	     725.8	   706.245	   688.746	   674.378	   664.358	   659.215	   658.936	   662.878	   670.147	   679.743	   692.079	   704.891	   719.135	    734.51	     750.8	   766.285	   783.008	    763.17	   742.966	   722.452	   701.712	   680.366	   656.353	   632.926	   610.094	   586.687	   564.164	    542.78	   522.448	   502.604	    483.26	   464.874	   447.491	   431.103	   416.039	   401.864	   387.512	   373.365	   359.693	   346.691	   333.474	
   38.3481	   23.1231	   23.0432	   22.9389	   22.8402	   1230.59	   1192.12	   1183.96	   1173.29	   1160.28	   1145.18	   654.671	    644.22	   633.436	   622.666	   612.236	   668.216	   658.025	   648.586	   639.967	   631.768	   770.659	   762.578	   751.688	   740.192	   727.795	   720.246	   705.483	   689.648	   672.952	   655.496	   637.892	   620.997	   605.695	   593.193	   584.549	   580.132	   579.989	   583.566	   590.059	   598.584	   609.529	     620.9	   633.514	   647.131	   661.559	   675.284	   659.047	   642.422	   625.483	   608.277	    590.87	   572.945	   552.766	   533.072	    513.87	   494.178	   475.224	   457.224	   440.106	     423.4	   407.114	   391.636	   377.004	    363.21	   350.528	   338.599	   326.524	   314.623	   303.119	   292.178	
   28.1541	   22.0977	    22.061	   21.9754	   21.8585	   1093.26	   1023.32	   1016.89	   1008.47	   998.171	    986.13	   602.389	   593.318	   583.847	   574.305	   564.984	   585.874	   577.162	   569.076	   561.704	   554.706	   671.844	   663.808	   654.768	   645.285	   635.117	   643.799	   631.546	   618.461	    604.66	   590.075	   574.921	    559.73	   544.982	   531.676	   520.856	   513.362	    509.57	   509.532	   512.748	   518.511	   526.064	   535.746	   545.789	    556.93	   568.957	   581.702	    567.11	   553.531	   539.624	   525.447	    511.04	   496.458	   481.435	    464.51	   447.988	   431.873	   415.341	   399.424	   384.304	   369.923	   355.887	   342.206	   329.204	   316.914	   305.326	   294.673	   284.654	   274.516	   264.525	   254.866	
   18.0694	   20.2179	   20.2109	   20.1697	   20.0741	   981.381	    892.35	   887.212	   880.466	   872.196	   862.481	    547.86	   540.148	   532.001	   523.692	   515.505	   532.004	   524.309	   517.141	   510.596	   504.399	   598.749	   591.105	   583.362	   575.297	   566.697	   573.472	   563.262	   552.402	   541.005	   528.963	    516.32	   503.266	   490.033	   477.231	   465.719	   456.329	   449.841	   446.593	    446.62	   449.485	   454.583	   461.253	   469.775	   478.618	   488.428	    499.02	   487.284	   475.106	   463.773	   452.162	   440.321	   428.285	   416.096	   403.532	   389.371	   375.541	    362.05	   348.204	   334.869	     322.2	   310.147	   298.385	   286.919	   276.023	   265.725	   256.015	   247.087	   238.694	   230.202	   221.834	
   8.12519	   11.2799	   11.2938	   11.2858	    11.243	   883.544	   799.263	   795.049	   789.504	   782.676	   774.639	   496.919	   490.434	   483.509	   476.364	   469.234	   520.761	   513.447	    506.61	    500.35	   494.421	   555.529	    548.55	   541.594	   534.389	   526.753	   509.003	   500.439	   491.395	   481.945	   472.014	   461.592	   450.723	   439.376	   427.916	   416.861	   406.885	   398.752	    393.15	   390.364	   390.425	   392.966	    397.46	   403.315	   410.791	   418.553	   427.164	   416.821	   407.051	   396.911	   387.475	   377.804	    367.94	   357.909	   347.746	   337.267	   325.451	   313.907	   302.642	   291.078	   279.939	   269.352	   259.279	   249.449	   239.868	   230.763	   222.158	   214.044	   206.583	   199.571	   192.478	
   -1.2724	  -6.82181	  -6.81052	  -6.79273	  -6.79084	   790.492	   739.329	   735.797	   731.096	   725.282	   718.406	   451.091	    445.64	     439.8	   433.709	   427.559	   547.237	   539.799	   532.808	   526.387	     520.3	   531.194	   524.421	   517.971	   511.302	   504.266	    450.05	   442.841	   435.265	   427.407	   419.187	   410.609	   401.669	   392.244	   382.445	   372.574	   363.019	   354.396	   347.374	   342.541	   340.147	   340.232	   342.475	   346.408	   351.529	   358.065	   364.852	   355.625	   347.038	   338.927	   330.509	   322.675	   314.644	    306.45	   298.115	   289.668	   280.955	   271.125	    261.52	   252.144	   242.517	   233.242	   224.425	   216.034	   207.846	   199.865	   192.281	   185.115	   178.357	   172.142	   166.302	
  -10.4559	  -30.9725	  -30.9957	  -30.9762	  -30.9386	   695.998	   693.972	   691.025	   687.025	   682.011	    676.05	   409.716	    405.13	   400.207	   395.059	   389.806	   595.599	   587.798	   580.417	   573.602	   567.134	   516.018	   509.306	   503.223	   496.941	   490.325	   396.249	   390.165	   383.802	   377.233	   370.414	   363.331	   355.992	   348.259	   340.144	   331.732	   323.229	   314.995	   307.569	   301.519	   297.357	   295.307	   295.406	   297.366	   300.794	   305.254	   310.943	   302.596	   294.959	   287.853	   281.143	   274.178	   267.696	    261.05	   254.267	   247.366	    240.37	    233.15	   225.004	   217.042	   209.267	   201.283	   193.589	   186.273	    179.31	   172.515	   165.893	     159.6	   153.654	   148.046	   142.889	
   -20.135	   -59.364	   -59.438	  -59.4493	  -59.4019	   597.422	   657.296	   654.857	   651.486	   647.171	   641.965	   374.945	   371.037	   366.851	    362.47	   357.991	   660.775	   652.486	   644.575	   637.224	    630.22	   515.697	   510.019	   504.098	   497.993	   491.567	   347.229	   342.085	   336.732	    331.23	   325.549	   319.692	    313.65	   307.322	   300.688	   293.748	   286.529	   279.231	   272.167	   265.791	   260.595	   257.024	   255.276	   255.372	   257.077	   260.049	   263.915	   256.746	   249.864	    243.57	   237.714	   232.184	   226.445	   221.103	   215.626	   210.034	   204.344	   198.574	   192.618	   185.896	   179.324	   172.906	   166.314	   159.959	   153.916	   148.163	    142.55	   137.079	    131.88	   126.968	   122.336	
  -30.5606	  -84.6479	   -84.757	   -84.818	  -84.7986	   497.511	   605.937	   603.977	   601.257	   597.706	   593.329	   342.736	   339.403	   335.827	   332.097	   328.283	   723.806	    715.17	   706.851	   699.051	   691.584	   520.726	   517.534	   511.696	   505.677	   499.352	   302.614	   298.275	   293.767	   289.155	   284.417	   279.557	   274.579	   269.391	   263.985	   258.337	   252.408	    246.24	   240.009	   233.974	   228.523	   224.081	   221.033	   219.541	   219.633	   221.106	    223.67	   216.787	   210.904	   205.258	   200.095	   195.292	   190.757	    186.05	    181.67	   177.178	   172.591	   167.923	   163.188	     158.3	   152.781	   147.385	   142.113	   136.698	   131.477	   126.511	   121.783	    117.17	   112.674	   108.402	   104.365	
  -41.1622	  -99.4323	  -99.5588	   -99.656	  -99.6893	   406.965	   523.963	   522.493	   520.441	   517.746	   514.354	   304.588	   301.819	   298.841	   295.731	   292.569	   774.634	   765.908	   757.419	   749.386	   741.635	   520.708	   521.033	    515.32	   509.437	   503.256	   262.038	   258.397	   254.616	   250.751	   246.799	   242.767	   238.656	   234.404	   229.995	   225.417	   220.617	   215.579	   210.343	    205.05	   199.921	   195.288	   191.515	   188.922	   187.656	   187.741	   189.006	   182.598	   176.983	   172.184	   167.579	   163.368	   159.452	   155.755	   151.918	   148.346	   144.684	   140.945	   137.138	   133.276	   129.288	   124.785	   120.381	   116.078	   111.657	   107.395	   103.339	   99.4771	   95.7094	   92.0373	   88.5484	
  -51.7053	  -99.0824	  -99.2063	  -99.3238	  -99.4004	   336.032	   407.342	   406.346	   404.964	   403.136	   400.815	   257.122	    254.96	   252.591	   250.117	   247.603	   795.877	   787.461	   779.209	   771.321	   763.648	   502.318	    507.12	   501.715	   496.152	   490.316	   225.161	    222.13	   218.979	   215.756	   212.467	   209.126	   205.736	   202.248	   198.658	   194.949	   191.083	   187.031	   182.783	   178.368	   173.902	   169.574	   165.666	   162.477	   160.287	   159.221	   159.298	   153.159	   147.969	   143.421	   139.534	   135.804	   132.395	   129.224	   126.232	   123.126	   120.236	   117.271	   114.245	   111.163	   108.036	   104.806	   101.159	   97.5912	   94.1051	    90.523	   87.0682	   83.7807	   80.6499	   77.5956	   74.6187	
  -60.8692	  -86.6742	  -86.7758	  -86.8937	  -86.9977	   287.757	   278.558	   277.936	   277.113	   276.033	   274.649	   205.604	   204.043	   202.275	   200.392	   198.483	   796.758	   788.896	   781.124	   773.637	   766.287	   474.308	   483.058	   478.066	   472.918	    467.52	   191.673	   189.173	   186.572	   183.908	   181.189	    178.43	   175.643	    172.79	   169.869	   166.874	   163.767	   160.531	   157.143	   153.592	   149.899	   146.165	   142.546	   139.273	   136.603	    134.77	    133.88	   127.921	   122.993	   118.827	   115.176	   112.055	   109.061	   106.325	   103.781	    101.38	   98.8882	   96.5694	   94.1914	   91.7631	   89.2905	   86.7811	   84.1892	   81.2617	   78.3977	   75.5987	   72.7222	   69.9476	    67.307	   64.7918	   62.3382	
  -67.2333	  -68.2652	  -68.3353	  -68.4335	  -68.5435	   257.455	   153.671	    153.31	   152.885	   152.369	   151.716	   146.982	   146.006	   144.851	   143.574	   142.251	   805.382	   797.976	    790.63	   783.495	   776.445	   459.184	   469.604	   464.914	   460.063	   454.968	    161.29	   159.252	    157.13	   154.954	   152.731	   150.473	   148.195	   145.874	    143.51	   141.099	   138.616	   136.042	   133.365	   130.563	   127.626	   124.572	   121.485	   118.488	   115.778	   113.567	    112.05	   106.305	   101.577	   97.6651	   94.3573	   91.4583	   88.9805	    86.604	    84.432	   82.4128	   80.5074	   78.5307	    76.691	   74.8044	   72.8778	    70.916	   68.9246	   66.8677	   64.5441	   62.2706	   60.0485	   57.7647	   55.5613	   53.4641	   51.4662	
  -69.9202	  -50.0649	  -50.0891	  -50.1583	   -50.252	   241.265	   64.9079	     64.69	    64.466	    64.247	   64.0116	   98.2195	   97.6597	   96.9848	   96.1938	   95.3342	   832.999	   825.855	   818.758	   811.846	   804.963	   468.094	   476.855	   472.283	   467.523	   462.508	   133.757	   132.118	   130.412	   128.661	    126.87	   125.049	   123.209	   121.338	   119.441	   117.516	   115.544	   113.515	   111.414	    109.23	   106.945	    104.55	   102.061	   99.5407	   97.0949	   94.8825	    93.078	   87.7072	   83.2136	   79.5141	   76.4529	   73.8637	   71.5944	   69.6546	   67.7945	   66.0946	   64.5145	   63.0238	   61.4774	   60.0383	   58.5626	   57.0557	   55.5211	   53.9632	   52.3538	   50.5358	   48.7567	   47.0175	     45.23	   43.5052	   41.8632	
   -69.648	   -34.033	  -34.0319	  -34.0551	   -34.123	   234.403	   29.8872	   29.7137	    29.541	   29.3856	   29.2617	   82.2988	   81.9063	   81.4279	   80.8593	   80.2003	   864.312	   857.405	   850.516	   843.801	   837.105	   490.961	   495.668	   491.136	   486.385	   481.349	   108.838	   107.545	   106.199	   104.816	   103.401	    101.96	   100.502	   99.0187	   97.5166	   95.9993	   94.4532	   92.8701	   91.2436	   89.5613	   87.8118	   85.9823	   84.0658	   82.0717	   80.0529	   78.0935	    76.321	   71.5058	   67.3835	   63.9335	   61.0924	   58.7409	   56.7515	   55.0078	   53.5172	   52.0879	   50.7819	   49.5682	   48.4232	   47.2358	   46.1308	   44.9977	   43.8407	   42.6623	    41.466	   40.2301	   38.8339	   37.4674	   36.1315	   34.7582	    33.433	
   -68.544	  -25.2584	  -25.2577	  -25.2558	  -25.2773	   226.204	    56.163	   55.9693	   55.7446	   55.5058	   55.2676	   111.247	   110.777	   110.232	   109.589	   108.849	   894.538	   887.943	   881.273	   874.749	    868.25	    522.92	    522.67	   518.149	    513.37	   508.271	   86.3155	   85.3234	   84.2878	   83.2235	   82.1337	    81.023	   79.8978	   78.7512	   77.5898	   76.4177	   75.2287	   74.0177	   72.7801	   71.5092	   70.1948	   68.8289	   67.4012	    65.904	   64.3465	     62.77	   61.2397	   57.1616	   53.5591	   50.4742	   47.8916	   45.7642	   44.0029	   42.5125	    41.206	   40.0891	   39.0182	   38.0399	   37.1308	   36.2733	   35.3842	   34.5568	   33.7085	   32.8423	   31.9601	   31.0644	   30.1389	   29.0935	   28.0702	   27.0697	   26.0412	
  -67.2024	  -22.6473	  -22.6467	  -22.6453	  -22.6417	   214.137	   122.065	   121.841	   121.542	    121.18	   120.766	   170.843	   170.177	   169.438	   168.596	   167.635	   912.553	   906.435	   900.135	   893.882	   887.645	   549.898	   545.413	   540.972	   536.253	   531.177	    65.992	   65.2606	   64.4943	   63.7044	    62.895	   62.0699	   61.2328	   60.3789	   59.5129	   58.6385	   57.7521	   56.8534	     55.94	    55.007	    54.049	   53.0589	   52.0307	   50.9547	   49.8269	    48.654	   47.4666	   44.2299	   41.2881	   38.6888	   36.4622	   34.5977	   33.0614	    31.789	   30.7122	   29.7681	   28.9608	   28.1871	   27.4802	   26.8234	    26.204	   25.5619	   24.9643	   24.3518	   23.7263	   23.0893	   22.4425	   21.7742	   21.0193	   20.2803	   19.5576	
  -64.3086	   -18.929	  -18.9286	  -18.9276	   -18.925	   206.171	   199.646	     199.4	    199.06	   198.612	   198.061	   249.795	   248.904	   247.926	   246.849	   245.644	   905.289	   899.871	   894.169	   888.403	   882.571	   556.069	   548.526	   544.349	   539.881	    535.05	   47.6861	   47.1795	   46.6454	   46.0926	   45.5244	   44.9446	   44.3564	   43.7555	   43.1454	   42.5286	    41.903	   41.2693	   40.6281	   39.9767	   39.3114	   38.6288	   37.9238	   37.1908	   36.4243	   35.6211	   34.7859	    32.413	   30.2057	   28.1991	   26.4257	   24.9061	   23.6333	   22.5841	    21.715	   20.9793	   20.3341	   19.7824	   19.2537	   18.7707	    18.322	   17.8988	   17.4603	   17.0522	    16.634	   16.2069	   15.7719	   15.3302	   14.8739	   14.3584	   13.8538	
  -59.8375	  -13.0099	  -13.0097	  -13.0091	  -13.0076	   202.042	    262.93	   262.721	   262.377	   261.917	   261.319	   315.249	    314.25	   313.127	   311.908	   310.583	   869.797	   865.231	   860.333	   855.262	   850.039	   534.593	   525.876	   522.128	   518.121	   513.761	   31.2344	   30.9186	   30.5832	   30.2337	   29.8729	   29.5037	   29.1286	   28.7456	   28.3561	   27.9619	   27.5615	   27.1557	   26.7455	   26.3306	   25.9092	   25.4792	   25.0382	   24.5823	   24.1086	   23.6134	   23.0947	   21.5404	    20.073	   18.7078	   17.4665	   16.3692	   15.4287	   14.6406	   13.9909	   13.4524	   12.9965	   12.5966	   12.2547	    11.927	   11.6276	   11.3496	   11.0874	   10.8158	    10.563	    10.304	   10.0395	   9.77013	    9.4966	     9.214	   8.89479	
  -54.4276	  -10.2722	  -10.2721	  -10.2717	  -10.2707	   196.007	    311.38	   311.197	   310.911	   310.473	   309.898	   338.208	   337.261	   336.178	   334.985	   333.715	   819.991	   816.272	   812.223	   807.942	   803.424	   497.745	   489.256	   485.979	    482.49	   478.695	   16.4895	    16.332	   16.1634	   15.9864	   15.8024	   15.6133	   15.4206	   15.2235	   15.0233	   14.8202	   14.6138	   14.4043	   14.1924	   13.9782	   13.7617	    13.542	   13.3179	   13.0879	   12.8502	   12.6033	   12.3454	   11.5319	   10.7567	   10.0249	   9.34401	   8.72476	   8.17717	   7.70772	   7.31423	   6.98969	   6.72067	   6.49282	   6.29295	   6.12199	   5.95818	   5.80857	   5.66962	   5.53861	   5.40291	   5.27664	   5.14724	   5.01513	   4.88061	     4.744	   4.60286	
   -47.517	  -10.8604	  -10.8603	  -10.8599	   -10.859	   189.819	   339.698	   339.529	    339.29	   338.939	   338.426	   298.488	   297.747	   296.878	   295.911	   294.875	   778.873	   775.828	   772.514	   768.952	   765.105	   466.988	   459.019	   456.123	   453.046	   449.714	   3.31741	   3.28765	   3.25561	   3.22167	   3.18615	   3.14936	   3.11169	   3.07308	   3.03379	   2.99395	    2.9534	    2.9122	   2.87046	   2.82828	   2.78565	   2.74259	   2.69892	   2.65434	   2.60859	   2.56135	   2.51231	   2.35033	   2.19563	   2.04825	   1.90908	   1.77958	   1.66178	   1.55758	   1.46823	   1.39331	    1.3315	   1.28025	   1.23683	   1.19873	   1.16614	   1.13492	    1.1064	   1.07992	   1.05495	    1.0291	   1.00504	  0.980397	  0.955237	  0.929618	    0.9036	
  -41.0611	   -15.071	  -15.0709	  -15.0704	  -15.0694	   181.591	   351.907	   351.759	    351.55	   351.267	   350.868	   213.787	   213.312	   212.733	   212.073	   211.363	   745.612	    743.09	   740.363	   737.434	   734.211	   442.331	   434.598	   432.045	   429.301	   426.337	  -8.40496	  -8.33456	  -8.25827	    -8.177	  -8.09118	  -8.00164	  -7.90926	  -7.81417	   -7.7171	   -7.6186	  -7.51832	  -7.41629	  -7.31283	  -7.20812	  -7.10228	  -6.99544	  -6.88756	  -6.77804	  -6.66628	  -6.55169	   -6.4334	  -6.02665	   -5.6385	  -5.26783	  -4.91466	  -4.58119	  -4.27081	  -3.98843	   -3.7386	  -3.52429	  -3.34455	   -3.1962	  -3.07315	  -2.96886	  -2.87736	  -2.79906	  -2.72405	  -2.65556	  -2.59195	    -2.532	  -2.46993	  -2.41218	  -2.35302	  -2.29263	  -2.23115	
  -38.0788	  -25.7483	   -25.748	  -25.7474	  -25.7459	    164.22	   361.925	   361.796	   361.615	   361.371	    361.05	   108.835	     108.6	   108.301	   107.942	   107.548	   697.998	   695.938	   693.733	   691.383	   688.799	   406.521	    399.22	    397.07	   394.723	    392.16	  -18.7924	  -18.6454	  -18.4861	  -18.3152	  -18.1337	  -17.9427	  -17.7441	  -17.5382	   -17.327	  -17.1121	   -16.893	  -16.6702	  -16.4439	  -16.2146	  -15.9826	  -15.7483	  -15.5119	   -15.273	  -15.0305	  -14.7833	  -14.5298	  -13.6262	  -12.7655	  -11.9442	    -11.16	  -10.4127	  -9.70713	  -9.05028	  -8.45257	  -7.92363	  -7.46976	  -7.08896	  -6.77456	  -6.51369	  -6.29254	  -6.09845	  -5.93234	  -5.77324	  -5.62796	  -5.49305	  -5.36591	  -5.23432	  -5.11189	  -4.98648	  -4.85849	
  -39.9914	   -40.153	  -40.1369	   -40.136	   -40.134	   138.692	   369.109	   368.999	   368.844	   368.634	    368.36	   19.1042	   19.0551	   18.9503	   18.8109	   18.6429	   628.078	   626.464	   624.731	   622.908	   620.922	   349.581	   342.807	   341.156	   339.309	    337.26	  -27.9537	  -27.7488	  -27.5275	    -27.29	  -27.0361	  -26.7672	  -26.4851	  -26.1904	   -25.886	  -25.5746	  -25.2564	  -24.9323	  -24.6032	  -24.2694	  -23.9312	  -23.5892	  -23.2441	  -22.8954	  -22.5433	  -22.1862	  -21.8221	  -20.4838	  -19.2109	  -17.9987	  -16.8419	  -15.7374	   -14.685	  -13.6912	  -12.7659	  -11.9238	  -11.1783	  -10.5385	  -10.0015	  -9.55795	   -9.1898	  -8.87761	  -8.60357	  -8.36899	  -8.14433	  -7.93918	  -7.74872	  -7.56922	  -7.38351	  -7.21072	  -7.03376	
  -45.2216	  -51.6518	  -51.6347	  -51.6179	  -51.6156	   112.906	   356.203	   356.114	   355.988	   355.818	   355.596	  -36.9165	  -36.8796	  -36.8602	  -36.8815	  -36.9223	   542.902	   541.689	   540.383	   539.006	   537.528	   270.562	   264.418	   263.309	   262.034	   260.585	  -35.9916	   -35.744	   -35.477	  -35.1913	  -34.8857	  -34.5598	  -34.2159	  -33.8534	  -33.4761	  -33.0872	  -32.6879	    -32.28	  -31.8654	   -31.445	  -31.0184	  -30.5867	  -30.1504	  -29.7095	  -29.2645	  -28.8152	  -28.3598	  -26.6402	  -25.0076	   -23.455	  -21.9763	  -20.5655	  -19.2183	  -17.9348	  -16.7226	  -15.5938	  -14.5663	  -13.6565	  -12.8754	  -12.2196	  -11.6777	  -11.2278	  -10.8461	   -10.511	  -10.2241	  -9.94937	  -9.69851	  -9.46561	  -9.24615	  -9.01916	  -8.80796	
  -51.8469	  -55.5654	  -55.5513	  -55.5336	  -55.5157	   94.4094	    321.14	   321.072	   320.977	   320.848	   320.681	  -41.2978	  -41.2634	  -41.2214	  -41.1968	  -41.2129	   445.089	   444.234	     443.3	   442.314	   441.255	   169.527	   163.938	   163.353	   162.664	   161.861	  -42.9984	   -42.724	  -42.4246	  -42.1047	  -41.7633	  -41.3992	  -41.0122	  -40.6019	  -40.1711	  -39.7235	  -39.2604	  -38.7852	  -38.3007	  -37.8088	  -37.3099	  -36.8044	  -36.2929	  -35.7755	   -35.253	  -34.7258	  -34.1937	    -32.14	  -30.1925	  -28.3436	  -26.5854	  -24.9109	  -23.3134	  -21.7881	  -20.3348	  -18.9621	  -17.6837	  -16.5198	   -15.489	  -14.6036	  -13.8601	  -13.2455	   -12.735	  -12.3018	  -11.9214	  -11.5956	  -11.2837	  -10.9988	  -10.7344	  -10.4853	  -10.2277	
  -56.8291	  -51.6834	  -51.6712	  -51.6567	  -51.6381	   85.2224	   271.853	   271.805	   271.737	   271.646	   271.527	  -8.19595	  -8.19027	  -8.18336	  -8.17507	   -8.1913	   349.553	   348.986	   348.355	   347.677	   346.951	   64.6132	    59.759	   59.5781	   59.3646	   59.1094	   -49.058	  -48.7718	   -48.455	  -48.1122	  -47.7469	  -47.3583	  -46.9451	   -46.504	   -46.038	  -45.5496	  -45.0402	  -44.5134	   -43.974	  -43.4244	  -42.8667	  -42.3015	  -41.7291	  -41.1494	  -40.5634	  -39.9719	  -39.3752	  -37.0284	  -34.8057	  -32.6981	  -30.6973	  -28.7946	  -26.9828	  -25.2542	  -23.6039	  -22.0314	  -20.5461	  -19.1627	  -17.9028	  -16.7867	  -15.8278	  -15.0222	  -14.3561	  -13.8026	  -13.3328	  -12.9201	  -12.5666	  -12.2281	  -11.9191	  -11.6322	   -11.362	
   -58.334	  -40.3615	  -40.3501	  -40.3378	  -40.3717	   84.1821	   212.115	   212.083	    212.04	   211.981	   211.903	   37.8857	   37.8638	   37.8372	   37.8056	   37.7683	   274.223	   273.855	   273.436	   272.977	   272.477	  -24.1545	  -27.6591	  -27.5875	  -27.5036	  -27.4031	  -54.2454	   -53.963	  -53.6428	   -53.291	  -52.9116	  -52.5082	  -52.0804	  -51.6237	  -51.1378	  -50.6254	  -50.0863	  -49.5243	  -48.9443	  -48.3508	  -47.7464	  -47.1334	  -46.5128	  -45.8836	  -45.2468	  -44.6033	   -43.954	  -41.3507	  -38.8874	  -36.5546	  -34.3425	  -32.2426	  -30.2459	  -28.3445	  -26.5307	   -24.799	   -23.149	  -21.5903	  -20.1383	  -18.8157	  -17.6438	  -16.6366	  -15.7902	    -15.09	   -14.508	  -14.0137	  -13.5795	  -13.2075	  -12.8513	  -12.5261	  -12.2243	
  -54.8953	  -26.6825	  -26.6728	  -26.6612	  -26.7186	   86.7713	   156.922	   156.917	    156.89	   156.854	   156.806	   72.2661	    72.231	   72.1886	   72.1386	   72.0802	   228.363	   228.112	   227.824	     227.5	    227.14	  -79.4204	  -80.7585	  -80.5761	  -80.3665	  -80.1175	  -58.6302	  -58.3648	  -58.0559	  -57.7082	  -57.3273	  -56.9174	  -56.4829	  -56.0204	  -55.5283	  -55.0057	  -54.4525	  -53.8706	  -53.2652	   -52.641	  -52.0024	  -51.3525	  -50.6939	  -50.0266	  -49.3504	  -48.6663	  -47.9753	  -45.1506	  -42.4777	  -39.9487	  -37.5536	  -35.2827	  -33.1269	  -31.0771	  -29.1254	  -27.2636	  -25.4861	  -23.7925	  -22.1925	  -20.7018	  -19.3438	    -18.14	  -17.1052	  -16.2352	  -15.5153	  -14.9166	   -14.408	  -13.9611	  -13.5781	  -13.2115	  -12.8767	
  -47.8986	   -17.593	  -17.5855	  -17.5758	  -17.6137	   85.8625	   120.046	   120.049	   120.047	   120.024	   119.994	   91.0382	    91.001	   90.9562	   90.9036	   90.8429	   201.964	   201.783	   201.575	   201.339	    201.07	  -103.102	  -101.773	  -101.572	  -101.342	  -101.074	  -62.2798	    -62.04	  -61.7545	  -61.4247	  -61.0545	  -60.6498	  -60.2155	  -59.7536	  -59.2635	  -58.7429	  -58.1879	  -57.6007	  -56.9842	  -56.3432	  -55.6824	   -55.007	  -54.3202	  -53.6236	  -52.9181	  -52.2037	  -51.4811	  -48.4676	  -45.6152	  -42.9162	  -40.3624	   -37.944	  -35.6511	  -33.4744	  -31.4049	  -29.4345	   -27.555	  -25.7606	  -24.0508	  -22.4355	  -20.9303	  -19.5588	  -18.3428	  -17.2971	  -16.4176	  -15.6896	  -15.0838	  -14.5691	  -14.1167	  -13.7289	  -13.3577	
  -39.8955	  -19.2482	  -19.2465	  -19.2391	   -19.248	   74.6908	   109.238	   109.241	   109.244	   109.241	   109.219	   84.4955	   84.4669	    84.432	    84.391	    84.344	   175.252	   175.124	   174.978	   174.811	   174.619	  -109.735	  -105.339	  -105.157	   -104.95	  -104.707	  -65.2629	  -65.0498	  -64.7953	  -64.4945	  -64.1479	  -63.7597	  -63.3363	  -62.8806	  -62.3974	  -61.8855	  -61.3397	  -60.7582	  -60.1441	  -59.4997	  -58.8299	    -58.14	  -57.4353	   -56.718	   -55.991	  -55.2552	  -54.5102	  -51.3379	   -48.334	  -45.4908	  -42.8005	  -40.2551	  -37.8446	  -35.5592	  -33.3899	  -31.3274	  -29.3637	  -27.4907	  -25.7026	  -23.9988	  -22.3889	  -20.8887	  -19.5214	  -18.3088	  -17.2657	  -16.3881	  -15.6613	  -15.0564	  -14.5422	  -14.0901	  -13.7024	
  -33.0069	  -29.4882	  -29.5176	  -29.5158	  -29.5085	   55.0744	   116.444	   116.446	   116.446	   116.447	   116.442	   60.8313	   60.8146	   60.7937	   60.7689	   60.7404	   145.468	   145.381	   145.282	   145.171	   145.041	  -105.841	  -98.8117	   -98.664	  -98.4932	  -98.2953	  -67.6465	  -67.4576	  -67.2338	  -66.9685	  -66.6557	  -66.2961	  -65.8941	  -65.4546	  -64.9826	  -64.4831	  -63.9521	  -63.3862	  -62.7842	  -62.1489	  -61.4825	  -60.7904	  -60.0778	  -59.3494	  -58.6086	   -57.858	  -57.0986	  -53.7951	  -50.6656	  -47.7024	  -44.8977	  -42.2438	   -39.733	  -37.3553	   -35.101	  -32.9613	   -30.927	  -28.9903	  -27.1431	  -25.3796	  -23.6993	  -22.1115	  -20.6317	  -19.2827	   -18.086	  -17.0562	  -16.1895	  -15.4715	  -14.8735	  -14.3651	   -13.918	
  -27.1768	  -45.9031	  -45.9231	  -45.9523	  -45.9388	   29.7678	   140.339	    140.34	   140.338	   140.335	   140.331	   32.0144	   32.0073	   31.9984	   31.9875	   31.9748	   130.025	   129.961	   129.889	   129.808	   129.715	  -82.3044	  -73.9883	  -73.8947	  -73.7841	  -73.6542	  -69.4943	  -69.3256	  -69.1289	  -68.8975	  -68.6241	  -68.3024	  -67.9333	  -67.5195	  -67.0682	  -66.5843	  -66.0705	  -65.5245	  -64.9437	  -64.3263	  -63.6749	   -62.992	  -62.2831	  -61.5528	  -60.8068	  -60.0483	  -59.2802	  -55.8706	  -52.6393	  -49.5783	  -46.6799	  -43.9368	  -41.3411	  -38.8853	  -36.5599	  -34.3552	  -32.2625	  -30.2731	  -28.3792	  -26.5728	  -24.8484	  -23.2053	  -21.6526	  -20.2052	  -18.8855	  -17.7145	  -16.7065	  -15.8578	  -15.1544	  -14.5684	  -14.0699	
  -23.2185	  -59.1287	  -59.1604	  -59.1802	  -59.1996	   8.10527	   158.723	   158.724	   158.722	   158.718	   158.711	   13.4764	   13.4897	   13.4867	    13.483	   13.4786	   131.566	   131.511	   131.451	   131.384	   131.308	  -42.7014	  -34.9706	  -34.9342	    -34.89	  -34.8369	  -70.8619	  -70.7123	  -70.5379	  -70.3361	  -70.0994	  -69.8203	  -69.4925	  -69.1153	  -68.6934	  -68.2339	  -67.7397	  -67.2151	  -66.6587	  -66.0672	  -65.4386	  -64.7758	  -64.0813	  -63.3599	  -62.6171	  -61.8586	  -61.0878	  -57.5936	  -54.2821	  -51.1439	  -48.1711	  -45.3564	  -42.6924	  -40.1716	  -37.7868	  -35.5285	  -33.3875	  -31.3553	  -29.4235	  -27.5845	  -25.8306	  -24.1563	   -22.561	  -21.0532	  -19.6476	  -18.3657	  -17.2279	  -16.2482	  -15.4231	  -14.7388	  -14.1685	
   -20.726	  -59.1387	  -59.1453	  -59.1768	  -59.1977	  0.252491	   147.544	   147.545	   147.545	   147.543	   147.539	   10.4159	    10.431	   10.4449	   10.4426	   10.4398	   143.091	    143.04	   142.984	   142.924	   142.857	   6.16727	   11.9729	   11.9627	   11.9503	   11.9349	  -71.8011	  -71.6686	  -71.5149	  -71.3371	  -71.1319	  -70.8918	  -70.6091	  -70.2762	   -69.894	  -69.4671	  -69.0005	   -68.499	  -67.9675	  -67.4042	  -66.8056	  -66.1698	  -65.4998	  -64.7974	  -64.0679	  -63.3173	   -62.551	  -58.9927	  -55.6194	  -52.4226	  -49.3931	  -46.5234	  -43.8063	  -41.2347	  -38.8014	  -36.4993	  -34.3194	  -32.2527	  -30.2912	  -28.4266	  -26.6516	  -24.9588	  -23.3429	  -21.8032	  -20.3479	   -18.991	  -17.7532	  -16.6544	  -15.7079	  -14.9103	  -14.2487	
  -18.3131	  -38.6961	   -38.696	  -38.7027	  -38.7482	   13.1716	   92.5911	   92.5888	   92.5913	   92.5944	   92.5973	   29.0416	   29.0515	   29.0639	   29.0745	   29.0683	   162.522	   162.474	    162.42	   162.363	   162.299	   58.8978	   62.2531	   62.2109	   62.1582	   62.0924	  -72.3568	  -72.2416	  -72.1063	  -71.9504	  -71.7706	  -71.5635	  -71.3217	  -71.0362	  -70.7008	  -70.3159	  -69.8847	  -69.4137	  -68.9081	  -68.3728	  -67.8057	  -67.2034	   -66.564	  -65.8897	  -65.1832	  -64.4497	  -63.6952	  -60.0936	   -56.676	  -53.4362	  -50.3661	  -47.4567	  -44.7008	  -42.0915	  -39.6219	  -37.2851	  -35.0744	   -32.981	  -30.9963	  -29.1127	  -27.3222	  -25.6179	  -23.9925	  -22.4409	  -20.9625	  -19.5651	  -18.2619	   -17.073	  -16.0172	  -15.1074	  -14.3405	
  -15.6906	   -4.2392	  -4.23919	  -4.23918	  -4.26524	    40.835	   10.8858	   10.8559	   10.8569	   10.8637	   10.8726	   61.5625	   61.5673	   61.5731	   61.5808	    61.586	   180.271	   180.227	   180.178	   180.123	   180.064	   105.552	   106.852	   106.794	   106.721	   106.629	  -72.5704	  -72.4727	  -72.3556	   -72.219	  -72.0621	  -71.8814	  -71.6738	  -71.4308	  -71.1445	  -70.8083	  -70.4214	   -69.988	  -69.5153	  -69.0083	  -68.4717	  -67.9036	  -67.3005	    -66.66	  -65.9848	  -65.2776	  -64.5436	  -60.9183	  -57.4746	   -54.207	  -51.1094	  -48.1742	  -45.3927	   -42.758	  -40.2634	  -37.9023	  -35.6683	  -33.5547	  -31.5534	  -29.6561	  -27.8554	  -26.1437	  -24.5144	  -22.9607	  -21.4776	  -20.0644	  -18.7285	  -17.4826	  -16.3455	  -15.3356	  -14.4651	
  -13.9427	   35.8447	   35.8446	   35.8445	    35.831	   75.6967	  -91.2778	  -91.2952	  -91.3212	  -91.3152	  -91.3025	   101.554	   101.556	   101.557	   101.558	    101.56	   182.071	   182.036	   181.995	   181.949	   181.897	   134.642	    134.59	   134.531	   134.457	   134.364	  -72.4789	  -72.3987	  -72.2998	  -72.1821	  -72.0452	  -71.8882	  -71.7078	     -71.5	  -71.2572	  -70.9715	  -70.6349	  -70.2477	  -69.8144	  -69.3422	  -68.8358	  -68.3003	  -67.7338	   -67.132	  -66.4932	  -65.8201	  -65.1151	  -61.4864	  -58.0336	  -54.7539	   -51.642	  -48.6921	   -45.897	  -43.2482	  -40.7393	  -38.3637	  -36.1154	   -33.988	  -31.9753	  -30.0695	  -28.2627	   -26.548	  -24.9181	  -23.3667	  -21.8874	  -20.4752	  -19.1296	  -17.8575	   -16.671	  -15.5879	  -14.6256	
  -13.2326	   67.8366	   67.8365	   67.8363	   67.8438	   104.347	  -169.654	  -169.681	  -169.696	  -169.719	  -169.709	   132.177	   132.177	   132.176	   132.174	   132.172	   165.707	   165.682	   165.653	   165.619	   165.579	   143.917	   143.628	   143.576	   143.512	   143.433	  -72.1189	  -72.0538	  -71.9729	  -71.8739	  -71.7563	  -71.6197	  -71.4635	  -71.2836	  -71.0768	  -70.8355	  -70.5505	  -70.2147	   -69.829	  -69.3977	  -68.9277	  -68.4241	  -67.8918	  -67.3285	  -66.7304	  -66.0957	  -65.4271	  -61.8143	  -58.3703	  -55.0933	  -51.9808	  -49.0276	  -46.2283	  -43.5757	  -41.0622	  -38.6814	  -36.4271	  -34.2936	  -32.2747	  -30.3647	  -28.5562	  -26.8416	  -25.2144	  -23.6678	  -22.1957	   -20.792	  -19.4521	  -18.1753	  -16.9682	   -15.842	  -14.8139	
  -13.2193	   82.8377	   82.8376	   82.8373	   82.8758	   117.417	  -176.975	  -176.971	  -176.966	   -176.96	  -176.953	   139.312	   139.304	   139.294	   139.282	   139.268	    145.39	   145.372	   145.352	   145.328	     145.3	   144.748	   145.018	   144.973	    144.92	   144.855	  -71.5229	   -71.471	  -71.4055	  -71.3247	  -71.2261	  -71.1093	  -70.9738	  -70.8184	    -70.64	   -70.435	  -70.1951	  -69.9118	  -69.5784	  -69.1956	  -68.7676	  -68.3016	  -67.8025	  -67.2749	  -66.7167	  -66.1244	  -65.4959	  -61.9165	  -58.4983	  -55.2399	  -52.1396	   -49.195	  -46.4011	  -43.7529	  -41.2437	  -38.8659	  -36.6136	  -34.4811	  -32.4628	  -30.5529	  -28.7461	  -27.0351	  -25.4131	  -23.8738	  -22.4107	  -21.0182	  -19.6903	  -18.4229	  -17.2152	  -16.0732	  -15.0077	
   -9.9894	   77.5941	    77.594	   77.5937	   77.6651	   110.891	  -85.1101	  -85.1082	  -85.1061	  -85.1037	  -85.1009	   117.546	    117.54	   117.533	   117.525	   117.515	   135.065	   135.051	   135.036	   135.019	   134.998	   152.592	   151.867	   151.827	    151.78	   151.723	  -70.7212	  -70.6798	  -70.6278	  -70.5626	  -70.4823	  -70.3846	   -70.269	  -70.1347	   -69.981	  -69.8046	  -69.6015	  -69.3637	  -69.0832	  -68.7534	  -68.3746	  -67.9514	  -67.4908	  -66.9974	   -66.476	  -65.9247	  -65.3399	  -61.8071	  -58.4301	  -55.2051	   -52.131	  -49.2062	  -46.4283	  -43.7927	  -41.2945	  -38.9275	  -36.6845	  -34.5598	  -32.5482	  -30.6442	  -28.8425	  -27.1379	  -25.5239	  -23.9937	  -22.5415	  -21.1613	  -19.8477	  -18.5952	  -17.3997	  -16.2604	  -15.1831	
  -10.7003	   51.6283	   51.6282	    51.628	   51.7269	   83.6193	   71.9365	   71.9353	   71.9337	   71.9319	   71.9298	   68.5766	   68.5739	   68.5706	   68.5668	   68.5624	    138.78	   138.768	   138.755	   138.741	   138.725	   167.456	   168.413	   168.375	    168.33	   168.277	  -69.7412	  -69.7081	  -69.6667	   -69.615	  -69.5505	  -69.4712	  -69.3748	  -69.2605	  -69.1279	  -68.9764	   -68.802	  -68.6012	  -68.3664	  -68.0896	  -67.7642	  -67.3906	  -66.9734	  -66.5191	  -66.0328	  -65.5191	  -64.9762	  -61.5024	  -58.1778	  -54.9998	   -51.965	  -49.0723	  -46.3201	  -43.7062	  -41.2263	  -38.8757	  -36.6485	   -34.538	  -32.5388	   -30.646	  -28.8544	  -27.1591	  -25.5551	  -24.0363	  -22.5964	    -21.23	  -19.9313	  -18.6952	  -17.5167	  -16.3918	  -15.3199	
   43.1268	   22.8522	   22.8521	    22.852	    22.968	   53.0776	   244.998	   244.994	   244.991	   244.985	   244.979	   13.0509	   13.0505	     13.05	   13.0494	   13.0487	   154.118	   154.108	   154.096	   154.083	   154.069	   191.446	   192.774	   192.739	   192.696	   192.643	  -68.6077	  -68.5806	  -68.5476	  -68.5066	  -68.4555	  -68.3918	  -68.3138	  -68.2187	  -68.1062	  -67.9758	  -67.8264	  -67.6543	  -67.4566	  -67.2255	  -66.9531	  -66.6329	  -66.2655	  -65.8549	  -65.4081	    -64.93	  -64.4253	  -61.0169	  -57.7554	  -54.6341	  -51.6506	  -48.8015	  -46.0859	  -43.5022	  -41.0484	  -38.7204	  -36.5138	  -34.4231	  -32.4419	  -30.5652	  -28.7883	  -27.1064	  -25.5149	  -24.0091	  -22.5832	  -21.2315	  -19.9486	  -18.7294	   -17.569	  -16.4627	  -15.4068	
    37.151	   42.5157	  -3.49888	  -3.49886	  -3.37754	   24.3302	   390.107	   390.101	   390.096	   390.091	   390.082	  -34.5006	  -34.4997	  -34.4987	  -34.4975	   -34.496	   175.524	   175.515	   175.504	   175.492	   175.478	   222.242	   219.811	   219.779	   219.738	   219.688	  -67.3423	  -67.3199	   -67.293	  -67.2603	  -67.2199	  -67.1696	  -67.1071	  -67.0303	  -66.9369	  -66.8265	  -66.6981	   -66.551	  -66.3819	  -66.1877	  -65.9608	  -65.6935	  -65.3793	  -65.0185	  -64.6156	  -64.1772	  -63.7084	   -60.369	  -57.1758	  -54.1204	  -51.1964	  -48.4015	  -45.7326	  -43.1887	  -40.7685	  -38.4699	  -36.2893	  -34.2224	   -32.264	  -30.4082	  -28.6503	  -26.9858	  -25.4103	  -23.9194	  -22.5087	   -21.173	  -19.9066	  -18.7048	  -17.5627	  -16.4757	  -15.4393	
   33.0694	   22.3003	   22.3002	  -19.1672	  -19.0517	   5.71308	   479.526	   479.519	   479.514	   479.509	   479.503	  -65.2733	  -65.2718	  -65.2702	  -65.2685	  -65.2664	   195.892	   195.884	   195.874	   195.863	   195.851	   286.742	   242.549	   242.521	   242.486	   242.441	  -65.9644	  -65.9456	  -65.9233	  -65.8967	  -65.8646	  -65.8249	  -65.7757	  -65.7143	   -65.639	  -65.5475	   -65.439	  -65.3128	  -65.1685	  -65.0028	  -64.8125	  -64.5903	  -64.3285	  -64.0207	  -63.6673	  -63.2728	  -62.8437	  -59.5776	  -56.4553	  -53.4698	  -50.6133	  -47.8796	  -45.2667	  -42.7717	  -40.3934	  -38.1309	  -35.9821	  -33.9436	  -32.0114	  -30.1807	  -28.4458	  -26.8024	  -25.2463	  -23.7734	  -22.3795	  -21.0606	  -19.8117	  -18.6277	  -17.5041	  -16.4363	    -15.42	
   31.5687	   15.9236	   15.9236	   15.9234	  -21.5884	 -0.147693	   501.258	   504.665	   504.661	   504.657	   504.653	  -76.7867	  -76.7852	  -76.7835	  -76.7818	    -76.78	   209.496	   209.488	    209.48	    209.47	    209.46	   357.605	   255.069	   255.047	   255.017	   254.979	  -64.4903	  -64.4748	  -64.4562	  -64.4342	  -64.4081	  -64.3766	  -64.3379	  -64.2896	  -64.2296	   -64.156	  -64.0662	  -63.9597	  -63.8362	  -63.6949	  -63.5328	  -63.3468	  -63.1297	  -62.8738	  -62.5728	  -62.2275	  -61.8419	  -58.6588	  -55.6106	  -52.6969	  -49.9109	  -47.2453	  -44.6945	  -42.2564	  -39.9282	  -37.7091	  -35.5979	   -33.593	  -31.6908	   -29.888	  -28.1798	   -26.561	  -25.0275	  -23.5755	   -22.201	  -20.9002	  -19.6694	  -18.5039	   -17.399	  -16.3504	  -15.3539	
   27.8424	   16.5584	   16.5583	   16.5581	    16.637	  -9.92188	   469.379	   472.474	   472.472	    472.47	   472.468	  -71.7462	  -71.7457	  -71.7444	   -71.743	  -71.7415	   212.333	   212.328	   212.321	   212.313	   212.305	   425.991	   252.877	   252.858	   252.836	   252.806	   -62.935	  -62.9227	  -62.9075	  -62.8892	  -62.8677	  -62.8422	  -62.8115	  -62.7735	  -62.7264	  -62.6678	  -62.5957	  -62.5078	  -62.4038	  -62.2831	  -62.1453	  -61.9872	  -61.8058	  -61.5938	   -61.344	  -61.0503	  -60.7134	  -57.6224	  -54.6569	  -51.8174	  -49.1031	  -46.5079	  -44.0249	  -41.6488	  -39.3777	  -37.2091	  -35.1421	  -33.1757	  -31.3082	  -29.5365	  -27.8572	  -26.2661	  -24.7583	  -23.3299	  -21.9772	  -20.6968	   -19.485	  -18.3385	  -17.2527	  -16.2233	  -15.2464	
   24.7189	   22.5421	   22.5419	   22.5415	   22.5949	   28.0835	   394.881	   397.631	   397.631	   397.632	   397.632	  -55.2618	  -55.2616	  -55.2613	  -55.2603	  -55.2594	   200.983	   200.979	   200.974	   200.968	   200.962	   483.218	   231.952	   231.937	    231.92	   231.899	  -61.3121	  -61.3025	  -61.2904	  -61.2755	  -61.2577	  -61.2368	   -61.212	  -61.1819	  -61.1449	   -61.099	  -61.0416	  -60.9712	  -60.8855	  -60.7841	  -60.6667	  -60.5325	  -60.3786	  -60.2018	  -59.9952	  -59.7518	  -59.4658	  -56.4767	  -53.6018	  -50.8439	  -48.2032	  -45.6791	  -43.2656	  -40.9566	  -38.7469	  -36.6349	  -34.6183	  -32.6961	  -30.8676	  -29.1311	  -27.4836	   -25.922	  -24.4424	  -23.0402	  -21.7118	  -20.4539	  -19.2631	  -18.1361	  -17.0697	  -16.0598	  -15.1024	
   20.0893	   26.8227	   26.8224	   26.8219	   26.8482	   30.5511	   295.309	    297.59	   297.593	   297.596	   297.598	  -33.5355	  -33.5356	  -33.5355	  -33.5354	  -33.5349	   172.781	   172.778	   172.775	   172.772	   172.767	   521.618	   188.971	   188.962	    188.95	   188.936	  -59.6338	  -59.6264	   -59.617	  -59.6052	  -59.5907	  -59.5734	  -59.5531	  -59.5289	  -59.4997	  -59.4636	  -59.4188	  -59.3628	  -59.2942	  -59.2109	  -59.1125	  -58.9984	   -58.868	  -58.7183	  -58.5463	  -58.3452	  -58.1085	  -55.2282	  -52.4525	  -49.7831	  -47.2225	  -44.7707	   -42.427	  -40.1862	  -38.0422	  -35.9906	  -34.0297	  -32.1574	  -30.3729	  -28.6752	   -27.063	  -25.5334	  -24.0836	  -22.7099	  -21.4079	  -20.1745	  -19.0065	  -17.9008	  -16.8542	  -15.8639	  -14.9261	
   13.0275	   23.2542	   23.2539	   23.2533	    23.254	   24.9947	   189.354	   190.968	   190.968	   190.973	   190.976	  -13.1548	  -13.1549	  -13.1549	  -13.1549	  -13.1549	   125.232	    125.23	   125.228	   125.226	   125.224	   533.666	   120.763	   120.758	   120.752	   120.744	  -57.9109	  -57.9053	   -57.898	  -57.8889	  -57.8775	  -57.8634	  -57.8467	   -57.827	  -57.8034	   -57.775	  -57.7398	  -57.6961	  -57.6418	  -57.5752	  -57.4944	  -57.3989	  -57.2883	  -57.1618	  -57.0164	  -56.8492	   -56.654	  -53.8851	  -51.2145	  -48.6412	  -46.1665	  -43.7926	  -41.5196	  -39.3469	  -37.2694	  -35.2818	  -33.3798	  -31.5621	  -29.8264	  -28.1722	  -26.5985	   -25.104	   -23.686	   -22.342	  -21.0684	  -19.8615	   -18.718	  -17.6351	  -16.6099	  -15.6395	  -14.7213	
   38.6854	   41.6667	    41.663	   41.6597	   41.7435	   50.5462	   124.549	   128.938	   128.949	    128.96	   128.971	  -1.97379	  -1.97389	  -1.97396	  -1.97402	  -1.97406	   3.36336	   3.36338	   3.36338	   3.36337	   3.36335	  -16.8801	  -28.2985	   -28.298	  -28.2973	  -28.2965	         	         	         	         	         	         	         	         	         	         	         	         	         	         	         	         	         	         	         	         	         	         	         	         	         	         	         	         	         	         	         	         	         	         	         	         	         	         	         	         	         	         	         	         	         	
         	         	         	         	         	         	         	         	         	         	         	         	         	         	         	         	         	         	         	         	         	         	         	         	         	         	         	         	         	         	         	         	         	         	         	         	         	         	         	         	         	         	         	         	         	         	         	         	         	         	         	         	         	         	         	         	         	         	         	         	         	         	         	         	         	         	         	         	         	         	         	
         	         	         	         	         	         	         	         	         	         	         	         	         	         	         	         	         	         	         	         	         	         	         	         	         	         	         	         	         	         	         	         	         	         	         	         	         	         	         	         	         	         	         	         	         	         	         	         	         	         	         	         	         	         	         	         	         	         	         	         	         	         	         	         	         	         	         	         	         	         	         	
3.61845e-06	8.66089e-06	1.81749e-05	3.92392e-05	8.67607e-05	0.00018749	0.00037827	0.000676687	0.00107147	0.00151577	0.00194162	0.00228402	0.00256181	 0.0027065	0.00272445	0.00263874	0.00249109	0.00230816	 0.0021538	0.00203838	0.00196495	0.00192493	0.00196996	0.00190115	0.00186348	0.00185436	0.00182407	0.00184975	0.00189992	0.00197059	0.00216388	0.00221161	0.00213522	0.00208013	 0.0018748	0.00156187	0.00135377	0.00120484	0.00108844	0.000986408	0.000884878	0.00078485	0.000690401	0.00061187	0.000555415	0.000506348	0.000462494	0.000426716	0.000397815	0.000371472	0.000347968	0.000327125	0.000308142	0.000290619	0.000274793	0.000260449	0.000247397	0.000235496	0.000224604	0.000214423	0.000204815	0.000195663	0.000186879	0.000178399	0.000170232	0.000162376	0.000154826	0.000147584	0.000140649	0.000134012	0.00012767	
0.000246332	0.000945158	0.00205185	0.00452664	 0.0100725	 0.0215321	  0.042419	 0.0741018	  0.115521	  0.162363	  0.207595	  0.244251	  0.270901	  0.285257	   0.28471	  0.272104	  0.252099	  0.228913	  0.208292	  0.192622	  0.181668	  0.175111	  0.171163	  0.174137	  0.165531	  0.159179	  0.156442	  0.149873	   0.14909	  0.151256	  0.154246	  0.166616	  0.168088	  0.163564	  0.155627	  0.144513	   0.12922	  0.108356	 0.0962148	  0.086929	 0.0791357	 0.0712595	  0.063523	 0.0567841	  0.050851	 0.0465148	 0.0426942	 0.0392352	 0.0364125	 0.0341213	 0.0319878	 0.0300733	 0.0283791	 0.0268255	 0.0253786	 0.0240608	 0.0228603	 0.0217639	 0.0207618	 0.0198419	 0.0189794	 0.0181635	 0.0173845	 0.0166345	 0.0159079	  0.015206	 0.0145286	 0.0138753	 0.0132466	  0.012643	 0.0120638	
0.00541458	 0.0170556	 0.0375955	 0.0835995	  0.186262	   0.39748	  0.780021	   1.35846	   2.11788	   2.99572	   3.87081	   4.60264	   5.13578	   5.41091	   5.40859	    5.1493	   4.73031	    4.2438	   3.80172	   3.45366	   3.20213	     3.032	   2.92388	   2.85179	   2.85197	   2.66048	   2.51331	   2.40934	    2.2745	   2.24515	   2.23498	   2.24416	   2.37521	    2.3892	   2.28579	   2.22326	   2.16907	   1.86885	   1.57241	    1.3964	   1.26629	   1.15353	   1.04091	   0.93829	  0.844322	   0.75946	  0.697012	  0.641571	  0.591321	  0.550176	  0.516597	  0.485193	  0.457112	  0.432223	  0.409269	  0.387742	  0.368058	  0.350085	  0.333664	  0.318637	  0.304822	  0.291857	  0.279584	  0.267856	  0.256546	   0.24557	  0.234944	  0.224664	  0.214728	  0.205149	  0.195933	
 0.0490814	  0.143652	  0.318372	    0.7088	   1.58435	   3.40243	   6.74229	   11.8138	   18.5226	   26.3715	   34.4851	   41.6298	   47.1864	   49.9909	   50.4063	   48.1573	   44.1636	    39.374	   34.9964	   31.4147	   28.7644	   26.8876	   25.5638	   24.6396	   23.7676	   23.2387	   21.2876	   19.6206	   18.5732	   17.5269	   17.0023	   16.6211	    16.493	   17.3091	   17.0424	   16.6498	   16.8014	   15.7756	    13.574	    11.518	   10.2829	   9.33646	   8.50313	   7.73971	   7.01122	   6.32964	   5.71314	   5.25043	   4.83847	   4.46462	   4.15584	   3.90167	   3.66674	   3.45708	   3.27064	   3.09827	   2.93707	   2.78967	   2.65523	   2.53244	   2.42009	   2.31675	   2.21981	   2.12805	   2.04033	   1.95568	   1.87347	   1.79376	    1.7165	    1.6417	   1.56944	
   0.26292	  0.758338	   1.69006	   3.78712	   8.52122	   18.4686	    36.919	   64.9294	   101.519	   144.234	    188.98	   230.395	   265.223	   285.349	   288.576	   279.776	   257.615	   229.426	    202.91	   181.339	   164.518	   152.456	   143.589	   136.865	   130.438	    124.06	   118.341	     105.5	   96.5721	   91.3498	   84.9367	   80.9094	   77.9253	   77.6577	    79.665	   79.4086	   80.1583	   78.3096	   72.5334	   62.6087	    53.812	   48.2686	   43.9081	   40.2893	   36.8672	   33.5048	   30.3316	   27.4738	   25.2902	   23.3281	   21.5485	   20.0781	   18.8663	   17.7524	   16.7575	   15.8677	   15.0439	   14.2752	   13.5728	   12.9319	   12.3461	   11.8101	   11.3163	   10.8527	   10.4136	    9.9933	   9.58716	   9.19216	    8.8084	   8.43575	   8.07425	
   1.16836	   2.69341	   6.03338	    13.636	   31.0198	   67.9077	   136.931	   241.563	    375.53	   527.512	   685.968	   835.539	   970.802	   1060.58	   1089.29	   1059.14	   995.496	   890.466	   787.567	   701.486	   635.088	   583.897	   546.652	   517.185	   488.028	   458.726	   428.709	    394.39	   349.678	   321.911	   298.377	   272.909	   255.806	   247.068	    244.24	    250.48	   254.987	   250.614	   241.388	   221.672	   193.255	   168.366	   151.897	   139.447	   128.618	   118.109	   107.641	   97.7208	   88.8765	   81.9366	   75.6485	   70.0011	   65.3674	   61.5213	   57.9895	   54.8208	   51.9718	   49.3303	   46.8711	   44.6213	   42.5651	   40.6843	   38.9614	   37.3702	   35.8742	   34.4548	   33.0939	   31.7757	   30.4912	   29.2408	   28.0242	
   3.19995	   6.91618	   14.9568	   34.0562	   78.2702	   173.193	   351.764	   623.754	   965.536	   1339.42	   1714.59	   2067.55	   2397.17	   2642.34	    2757.7	   2723.09	   2573.17	   2356.77	   2097.17	   1870.58	   1690.88	   1554.06	   1447.02	   1363.77	   1279.55	   1192.45	   1107.01	   1036.56	   945.753	   842.931	   768.193	   696.781	   627.457	   591.202	   567.677	   562.174	   577.836	   576.667	   561.487	   536.556	   491.989	   433.356	   381.185	   347.563	   320.852	   296.582	   272.904	    249.23	   226.687	   206.786	   190.667	    176.09	   163.256	   152.745	   143.905	   135.783	   128.482	   121.893	   115.787	   110.113	   104.914	   100.156	   95.8004	   91.8027	   88.0985	   84.6109	   81.2958	   78.1109	   75.0207	   72.0072	    69.071	
   6.09915	   13.1077	   27.6887	   62.7389	   145.256	    323.81	   661.372	   1177.98	   1821.92	   2504.52	   3155.87	   3742.05	   4289.76	   4722.18	    4978.8	   5002.08	   4799.97	   4444.79	   4049.12	   3638.15	   3297.04	   3030.77	   2827.33	   2655.19	   2485.42	   2304.73	   2125.85	   1991.25	   1855.87	   1691.18	    1493.7	    1337.7	   1191.59	   1083.31	   1015.77	   979.977	   981.272	   986.156	   974.779	   945.381	   898.195	   821.771	   730.147	   651.133	   598.358	   554.045	   512.908	   472.691	   432.121	   393.803	   360.183	   332.302	   307.361	   285.734	   267.961	   252.751	   238.795	   226.235	   214.862	    204.31	   194.509	    185.51	   177.261	   169.691	   162.723	    156.24	    150.12	   144.288	    138.67	   133.209	   127.882	
   10.5755	   22.9048	   47.7448	   107.145	   248.169	   555.904	   1140.57	   2042.46	   3162.95	   4328.35	   5380.14	   6250.39	   7012.51	   7635.51	   8074.28	   8252.43	   8123.11	   7688.71	   7135.53	    6576.1	   6017.27	   5537.96	   5166.85	   4854.44	   4522.35	   4174.63	   3830.72	   3554.15	    3322.5	   3103.53	   2788.56	   2422.07	   2119.47	   1896.08	   1717.65	   1612.03	   1572.23	    1545.1	   1540.03	    1527.6	    1483.9	   1411.66	   1301.12	   1171.93	   1050.59	    967.93	   897.765	   833.206	   769.782	   705.626	   644.344	   589.619	   543.673	   503.781	   469.369	   440.738	   416.326	   394.182	   374.094	   355.856	   338.916	   323.081	   308.436	   294.966	   282.574	   271.138	   260.482	   250.419	    240.81	    231.54	   222.518	
   12.7056	   28.1258	   59.0102	   131.994	   303.841	   674.843	   1370.57	   2439.26	   3765.61	    5143.1	   6363.24	   7309.87	   8032.23	   8576.46	   8969.51	   9175.69	   9156.67	   8856.62	   8406.57	   7889.94	   7380.98	   6868.39	   6435.62	   6058.22	   5650.73	   5205.27	   4763.25	   4392.15	   4084.18	   3832.97	   3503.98	   3084.85	   2649.26	   2338.56	   2088.18	   1906.77	   1816.36	   1746.03	   1700.96	   1688.61	   1672.77	    1617.5	   1531.75	   1426.31	   1301.93	   1176.28	   1087.45	   1010.62	   938.708	   868.535	   798.064	   731.244	    671.26	   620.198	   576.343	   538.606	   506.786	    479.52	   455.048	   432.747	   412.352	   393.387	   375.617	   359.079	   343.792	   329.671	   316.573	   304.319	   292.714	   281.604	   270.864	
   14.3781	   32.8234	   70.2296	   157.877	   360.982	    789.93	   1571.58	   2750.11	   4199.76	   5712.42	   7052.46	   8065.08	   8729.36	   9153.54	   9417.27	   9552.46	    9554.1	   9366.62	   9068.14	    8690.8	    8257.6	   7830.51	   7416.41	   7016.97	   6558.74	   6050.85	   5528.89	   5071.09	   4696.91	   4394.62	   4037.58	   3596.48	   3117.79	   2715.75	   2399.04	   2161.43	   2006.38	   1888.34	      1808	    1760.7	    1744.7	   1720.31	   1655.04	   1573.23	   1475.77	   1359.96	   1238.36	   1148.61	   1069.01	   994.054	   920.926	    848.41	   780.521	   719.258	   666.724	   621.535	   582.629	   549.533	   521.064	   495.591	   472.287	   450.809	   430.779	   411.964	   394.365	   378.012	    362.83	   348.678	   335.377	   322.741	   310.612	
   15.8168	   37.5089	   82.5571	   187.947	   428.095	   919.849	   1780.53	   3035.05	   4547.02	   6126.29	   7541.71	   8607.79	   9226.08	    9539.4	   9658.15	   9660.93	   9602.94	   9456.63	   9274.81	   9044.96	   8752.61	   8402.41	   8108.92	   7745.99	   7282.72	   6741.59	   6193.69	   5706.85	   5285.61	   4913.86	   4536.15	   4055.84	   3530.82	   3114.13	   2717.19	   2408.48	   2192.11	   2016.13	   1895.71	   1820.21	   1773.09	    1752.3	   1718.63	   1658.74	   1582.64	   1493.27	    1386.3	    1270.2	   1180.97	    1100.8	   1024.72	   950.977	   879.167	     812.3	    751.48	   699.137	   653.908	   614.797	   581.364	    552.49	   526.582	   502.784	   480.703	    460.02	   440.539	   422.241	   405.147	   389.193	   374.246	   360.145	   346.704	
   17.1151	   42.3911	   96.3092	    223.15	   508.698	   1074.75	   2016.13	    3327.7	   4853.78	   6438.11	   7875.64	   8977.14	   9556.88	   9790.47	   9783.86	   9647.07	   9475.05	   9305.82	   9172.56	   9049.25	   8889.01	   8672.12	    8459.7	   8235.44	   7812.97	   7285.55	   6711.12	   6203.84	   5781.45	   5378.34	   4937.94	   4433.73	   3869.48	   3429.43	   3035.07	   2656.32	    2380.3	   2146.69	    1973.4	   1866.95	   1798.05	   1749.51	   1724.07	   1696.25	   1640.64	   1570.29	   1489.04	   1390.24	   1279.74	   1192.57	   1113.01	   1037.78	   965.981	   896.609	   831.854	   772.371	   721.242	   676.816	   638.153	   604.954	   576.162	     550.2	   526.236	   503.865	   482.809	   462.917	   444.157	    426.54	   410.013	   394.464	   379.746	
   18.2987	   47.4106	   111.301	    262.67	   601.849	   1256.53	   2288.54	   3643.54	   5148.02	   6678.82	   8080.05	   9177.28	   9726.61	   9903.56	   9814.59	   9563.15	   9273.75	   9032.31	   8887.32	    8804.2	   8734.39	      8637	   8562.39	   8411.85	   8145.41	   7674.79	   7116.53	   6583.78	   6165.26	   5769.97	   5308.45	   4741.38	   4152.47	   3696.98	   3286.24	    2923.5	   2587.17	   2294.02	   2070.16	   1917.16	   1825.59	   1759.27	   1708.56	   1694.06	   1669.08	   1617.55	   1553.78	   1480.19	   1387.64	   1281.75	   1195.57	   1117.34	   1044.79	   976.005	   909.459	   846.851	   788.832	   739.149	   695.725	   657.634	   624.754	   596.147	   570.226	   546.186	   523.607	   502.265	    482.04	   462.886	   444.807	   427.776	   411.697	
    19.383	   52.4071	   126.821	   304.983	   703.088	   1458.74	   2595.77	   3991.29	   5443.17	   6876.04	   8179.12	    9220.1	   9723.84	   9870.68	   9732.49	   9416.88	   9037.81	   8723.22	   8517.56	   8418.22	   8375.67	   8357.93	   8400.45	   8387.53	   8194.11	   7908.48	   7401.19	   6879.64	   6454.25	   6067.13	   5626.34	   5038.28	   4389.51	   3932.44	   3510.09	   3135.37	   2830.84	   2475.52	      2196	   2000.63	   1868.38	   1785.32	   1719.48	   1681.27	      1673	   1650.71	   1603.49	   1546.04	   1478.12	   1388.45	   1283.38	   1198.43	   1123.18	   1053.96	   988.055	   923.714	   862.777	   805.838	   757.376	    714.83	   677.072	   644.319	   615.806	   589.859	   565.639	    542.79	   521.115	   500.496	   480.884	   462.308	   444.747	
   20.3602	   57.2551	   142.057	    347.41	   807.364	   1668.64	   2921.82	   4361.89	   5748.53	   7044.52	   8204.83	   9129.54	   9560.69	   9674.58	   9525.33	   9183.37	   8767.67	   8405.34	   8139.51	    7977.3	    7909.9	   7910.68	   8024.25	   8124.74	   8077.69	   7874.38	    7548.2	    7064.1	   6660.55	   6267.27	   5856.04	   5288.16	   4618.94	    4131.3	    3708.1	   3324.25	      3017	   2697.61	   2359.61	   2114.49	   1948.89	   1828.79	   1751.25	   1699.54	   1666.78	   1664.12	    1643.5	   1599.93	   1546.79	   1480.41	   1389.15	   1285.96	   1204.48	    1132.9	   1066.72	   1002.85	   940.194	   880.483	   824.338	   776.987	   735.022	   697.344	   664.588	   636.074	   609.954	   585.461	   562.264	   540.166	   519.066	   498.945	   479.829	
   21.1692	   61.7778	   156.482	   387.415	   907.107	   1874.26	   3241.32	   4727.79	   6050.78	   7198.48	   8177.42	   8946.78	   9267.76	   9331.27	   9174.96	   8849.49	   8434.29	   8071.04	   7770.44	   7549.24	   7413.45	    7383.3	    7501.7	   7666.78	   7740.82	   7697.25	   7445.35	   7156.29	   6800.53	   6414.85	    6044.3	   5507.82	   4842.28	   4365.09	   3913.89	   3511.64	   3182.69	    2868.1	   2568.17	   2268.52	   2056.36	    1908.1	   1795.85	   1736.06	   1689.01	   1659.79	   1660.28	   1640.73	   1598.93	   1546.44	   1478.39	   1387.86	      1289	   1211.68	   1143.45	   1079.49	   1017.41	    956.24	   897.702	   842.384	   795.906	   754.356	   716.704	   683.891	   655.284	   628.958	   604.161	   580.576	   558.025	   536.446	   515.821	
   21.7593	   65.6305	   169.496	   423.654	   996.158	   2059.23	    3534.4	   5052.99	    6316.6	   7325.52	    8120.2	   8701.18	   8893.81	   8876.43	   8701.12	   8397.76	   8024.29	   7688.42	   7397.88	   7144.36	   6947.44	   6845.27	   6917.95	   7080.51	   7224.45	   7309.69	   7197.56	   6958.19	   6792.28	   6447.12	   6113.13	    5621.1	   4984.73	   4536.68	   4096.57	   3669.95	   3331.21	   2997.65	   2706.73	   2453.02	   2192.46	   2000.58	   1865.92	   1773.95	   1721.24	   1676.91	   1648.37	   1650.95	   1630.87	   1588.01	   1534.05	   1467.37	      1381	   1287.35	   1213.96	    1148.5	   1086.98	   1026.91	   967.547	   910.477	   855.982	   810.411	   769.398	   731.874	   699.084	    670.49	   644.053	   619.041	   595.166	   572.284	   550.341	
   22.1061	   68.5717	   180.068	   454.693	   1072.14	   2212.28	   3775.36	   5318.47	   6511.65	   7397.38	   8029.56	   8430.03	   8475.43	    8365.8	   8145.07	   7852.93	   7523.89	   7245.98	   6990.03	   6747.72	   6517.41	   6352.78	   6340.56	   6452.16	   6598.63	   6757.98	   6756.57	   6637.57	   6503.58	   6337.34	   6067.18	   5617.35	   5022.65	   4623.69	   4210.09	   3795.65	    3443.6	   3103.55	   2799.83	   2560.34	   2354.29	   2117.77	   1942.17	   1833.27	   1749.66	   1701.41	      1657	   1628.56	    1631.7	   1609.23	   1564.49	   1512.12	   1450.02	   1368.47	   1279.74	   1209.67	   1147.33	   1088.55	   1030.88	   973.626	   918.047	   864.497	   819.961	   779.598	   742.359	   709.745	   681.294	   654.881	   629.798	   605.793	   582.731	
   22.3295	    70.857	   188.474	   480.137	    1137.5	      2342	   3969.35	   5528.95	   6668.49	    7441.8	    7950.5	   8214.11	   8141.36	   7932.32	   7663.99	   7362.21	    7067.5	   6842.14	   6647.64	    6438.1	   6214.57	   6012.67	   5926.01	   5949.97	   6050.91	   6214.77	   6271.06	   6241.14	   6203.58	   6048.67	   5964.39	   5572.81	   5010.59	   4658.65	   4283.49	   3888.43	   3552.13	   3199.97	    2891.5	   2642.54	   2452.01	   2273.71	    2055.2	   1907.18	   1809.81	   1731.09	   1684.22	   1639.07	   1609.58	   1611.78	   1586.49	   1542.13	   1493.69	   1435.94	   1358.09	   1273.08	   1206.13	   1146.68	   1090.53	   1035.07	   979.541	   925.207	   872.454	   828.769	   788.985	   751.996	   719.531	   691.215	   664.845	   639.726	   615.626	
   22.0348	   71.3447	   191.881	   492.342	   1171.98	   2414.44	   4063.16	   5591.64	   6653.52	   7315.39	   7688.94	      7832	   7664.38	   7365.52	   7025.91	    6698.9	   6408.74	   6213.82	   6069.75	   5917.72	   5725.35	   5530.88	   5401.72	    5354.1	   5377.91	   5502.85	   5562.26	   5585.18	   5624.61	   5561.23	   5504.38	   5305.95	   4812.97	   4511.82	   4186.49	   3835.62	   3531.36	   3205.52	   2897.95	   2654.58	    2463.3	   2305.56	   2152.84	   1969.22	    1836.8	   1749.27	   1674.52	   1629.36	    1583.6	   1553.43	   1555.09	   1529.82	   1489.51	   1446.46	   1393.67	   1320.37	   1240.99	    1178.6	   1123.41	   1071.02	    1018.7	   965.883	   913.776	   862.769	    820.79	   782.344	   746.318	   714.658	   687.067	   661.297	   636.671	
   21.6478	   71.0628	   192.454	   496.366	   1185.46	   2445.45	   4103.36	   5593.16	    6573.6	   7144.81	   7423.79	   7466.79	   7244.13	   6894.66	   6504.98	   6138.69	    5842.3	   5649.25	   5533.73	   5426.01	   5282.89	   5111.49	   4976.88	   4885.53	   4846.07	   4900.77	   4924.08	   4944.29	   5017.32	   5017.95	   5049.43	   4880.29	   4563.98	   4321.83	   4037.58	   3727.77	   3464.66	   3169.42	   2887.53	   2647.56	   2462.29	   2304.12	   2171.03	   2055.52	   1889.77	   1768.54	   1688.22	    1616.9	   1572.63	   1526.38	   1495.94	   1498.07	   1474.73	   1438.41	    1399.7	   1350.73	   1281.77	   1207.66	   1149.55	   1098.19	   1049.11	   999.648	   949.342	   899.341	   850.125	   809.799	   772.686	   737.703	   706.938	    680.15	   655.062	
   21.0827	   69.9077	   190.086	   491.584	   1176.76	   2429.08	   4069.64	   5520.44	   6422.56	   6903.23	   7106.99	   7085.02	   6817.58	   6447.73	   6037.68	   5646.56	   5328.11	   5126.28	   5012.29	   4928.97	   4823.78	   4693.47	   4569.86	   4470.34	   4393.39	   4391.42	   4352.74	    4338.4	   4397.19	   4424.79	   4514.95	   4435.87	   4151.71	   4060.07	   3825.22	   3551.53	   3326.39	   3072.16	   2820.52	   2606.62	   2427.23	   2275.53	   2143.22	   2047.55	   1951.25	   1799.64	   1688.06	    1614.4	   1546.11	   1502.96	   1457.04	   1427.57	   1431.47	   1410.44	   1377.79	   1342.86	   1297.82	   1233.44	   1164.85	   1111.05	   1063.49	   1017.77	     971.3	   923.696	    876.13	   829.041	   790.605	     755.1	   721.467	   691.876	   666.128	
   20.3439	    68.047	   185.328	   479.528	   1148.39	   2371.16	   3966.54	   5364.59	   6209.28	   6614.72	   6748.83	   6682.12	   6398.65	   6014.54	   5607.39	   5214.48	   4884.49	   4661.32	   4538.83	   4455.92	   4370.95	   4271.32	   4175.39	   4082.21	   3999.19	   3963.97	   3878.05	   3808.56	   3827.42	   3840.73	   3951.73	   3935.94	   3740.38	   3662.66	   3559.62	   3327.98	   3134.48	   2917.33	   2703.87	   2517.92	   2363.24	   2218.09	   2092.22	   1998.16	   1920.97	   1838.58	   1699.78	   1597.37	   1529.56	   1464.67	    1423.1	   1378.63	   1351.52	   1357.12	   1338.23	   1308.85	   1277.62	   1236.45	   1176.82	   1113.74	   1064.18	   1020.38	   978.016	   934.612	   889.928	   845.036	   800.363	    764.04	   730.386	   698.373	   670.192	
   19.4372	   65.5216	   178.737	   461.906	   1104.79	   2278.63	   3806.89	   5136.55	    5927.7	   6290.01	    6373.2	   6266.98	   5979.57	   5603.78	   5201.29	   4823.64	    4499.8	   4266.18	   4123.96	   4033.26	   3947.76	   3863.54	    3786.9	   3714.82	   3637.47	   3596.54	   3485.66	   3375.85	   3339.52	   3317.79	   3410.85	   3424.44	   3294.96	    3279.3	   3185.15	   3067.96	   2908.81	    2722.7	   2542.44	   2389.85	   2259.67	   2136.93	   2017.76	   1929.66	   1854.24	   1789.89	   1718.96	   1592.36	    1498.4	   1436.27	   1375.16	   1335.81	   1294.11	   1269.67	   1276.48	   1259.49	   1233.34	   1205.59	   1168.17	   1113.27	   1055.59	   1010.18	   970.015	   930.973	   890.736	   849.101	   807.065	   765.063	   731.033	   699.428	   669.249	
   18.3486	   62.3924	   170.519	   440.374	   1050.56	   2161.74	   3604.14	   4854.43	   5590.67	   5921.89	   5987.34	   5858.11	   5564.64	   5204.73	   4823.44	    4459.9	   4154.71	   3927.36	   3774.93	   3667.07	   3574.62	   3488.18	   3418.73	   3360.21	   3300.77	   3263.42	    3152.7	   3023.03	   2947.18	   2878.54	   2935.31	   2943.47	   2851.17	   2875.54	   2834.87	   2723.56	   2660.01	   2505.98	   2353.02	   2227.86	    2125.8	   2024.08	   1924.92	   1842.98	   1772.73	   1710.17	   1656.09	   1594.87	   1479.64	   1393.91	   1337.27	    1280.4	   1244.13	   1205.64	   1183.79	   1191.33	   1176.24	   1153.13	    1128.6	   1094.72	   1044.44	       992	   950.556	   913.901	   878.144	   841.087	   802.567	   763.526	   724.382	    692.77	   663.345	
   17.0824	   58.6423	     160.9	   415.562	   989.732	   2029.99	   3374.95	   4535.33	   5216.91	   5521.25	   5581.16	    5457.9	   5167.36	   4818.53	   4462.35	    4124.8	   3835.58	   3625.55	   3477.31	   3361.04	   3253.94	   3160.43	   3084.14	   3028.88	      2980	    2956.2	      2854	   2726.97	   2631.08	   2530.26	   2541.14	   2526.94	   2441.68	      2481	   2475.32	   2410.14	   2345.87	   2276.68	   2150.77	   2047.28	   1967.01	   1888.96	   1807.67	   1742.86	   1678.08	   1619.95	   1567.61	   1521.89	   1468.73	   1364.41	   1286.58	   1235.33	   1183.35	   1150.38	    1115.2	   1095.75	   1103.77	    1090.5	   1070.19	   1048.55	   1017.96	   972.152	   924.679	   887.023	   853.741	   821.167	   787.246	   751.859	   715.881	    679.71	   650.573	
   15.6609	   54.3117	    149.87	    388.07	   923.719	   1890.94	   3133.36	   4199.35	   4823.09	   5104.16	   5162.15	   5053.96	   4788.17	   4455.45	   4118.06	   3807.86	   3543.28	   3347.41	   3212.66	   3100.58	      2987	   2880.15	   2794.13	   2730.34	   2682.76	   2665.33	   2580.52	   2463.79	   2368.32	   2252.72	    2231.5	   2185.37	    2091.8	   2121.87	   2130.15	   2095.86	   2066.51	   1997.82	   1943.45	   1860.52	   1796.71	   1736.21	    1674.8	   1624.31	   1574.18	   1520.89	   1472.29	   1428.16	   1389.09	   1342.85	   1248.84	   1178.67	   1132.94	   1085.94	   1056.21	    1024.3	    1007.2	   1015.43	   1003.82	   986.026	    966.94	   939.372	     897.8	   855.018	   820.969	   790.884	   761.351	   730.489	   698.201	   665.297	   632.137	
   14.1649	   49.4987	   137.573	   357.913	   853.813	   1746.86	   2889.83	   3861.83	    4427.6	    4683.6	   4742.02	   4650.04	   4414.23	      4114	   3797.81	   3508.14	   3268.23	   3092.59	   2968.48	   2868.45	   2759.69	   2647.07	   2546.79	    2472.6	   2416.06	   2396.57	    2322.8	   2224.46	   2136.49	   2024.03	   1986.33	   1919.01	   1807.63	   1817.88	    1819.8	      1799	   1791.74	   1754.45	   1699.18	   1674.27	   1625.45	   1577.89	   1530.66	   1495.94	   1457.47	   1416.74	   1372.37	   1331.34	   1293.72	   1260.14	   1219.76	    1135.6	   1073.01	   1032.53	   990.351	   963.701	   935.067	   920.175	   928.364	    918.24	   902.656	   885.779	   860.937	    823.37	   784.989	    754.32	   727.215	   700.555	   672.626	   643.348	   613.454	
   12.6501	   44.4938	   124.312	   325.521	   780.114	   1600.05	   2646.98	   3533.29	   4043.46	   4274.15	   4329.89	   4254.23	   4047.27	   3782.03	    3499.3	   3230.96	   3009.22	   2852.87	   2744.53	   2653.68	    2556.6	   2448.35	   2341.28	   2253.22	    2186.3	   2155.77	    2085.4	   2000.13	   1926.93	   1823.81	   1785.19	    1709.2	   1587.62	   1572.63	   1559.33	   1535.13	   1535.67	    1518.7	   1489.11	   1460.22	   1458.47	   1422.37	    1385.4	   1361.18	   1335.56	    1304.4	   1270.74	   1233.36	   1198.28	   1165.97	   1136.86	   1101.63	   1026.94	    971.51	   935.849	   898.205	   874.534	   849.066	   836.196	   844.126	   835.284	   821.597	   806.604	   784.239	   750.434	   716.123	   688.576	   664.229	   640.249	   615.095	   588.686	
   11.2297	   39.4722	   110.808	   291.543	   703.298	   1449.87	   2406.43	   3213.96	   3677.82	   3884.34	   3935.49	   3871.54	   3692.06	   3459.31	   3210.97	   2973.18	   2769.79	   2626.79	   2533.33	    2455.9	    2367.9	   2270.13	   2165.77	   2070.85	   1990.71	   1948.14	    1872.9	   1794.03	   1731.19	   1643.72	   1609.37	   1537.47	   1415.08	   1383.47	   1350.25	    1315.3	    1310.1	   1301.16	   1288.01	   1278.26	   1270.12	   1273.37	    1245.3	   1228.28	   1210.81	   1190.25	   1164.41	   1136.09	   1104.13	   1073.87	   1045.85	   1020.54	   990.016	   924.143	   875.283	   843.956	   810.607	   789.733	   767.258	    756.18	   763.662	     755.9	   743.817	   730.449	   710.342	    680.03	   649.438	   624.757	   602.939	   581.443	   558.879	
   10.0027	   34.8004	   97.4912	   257.664	   624.666	   1297.15	    2166.1	   2904.29	   3328.99	   3518.91	   3564.82	   3509.24	   3351.91	   3149.22	   2932.23	      2725	   2547.13	   2417.56	   2333.82	   2268.85	   2193.54	      2104	   2008.11	   1914.99	   1828.01	   1771.19	   1689.69	   1609.72	   1551.69	   1476.06	   1451.23	   1387.38	   1274.18	   1235.35	   1189.46	   1139.63	   1123.26	   1110.79	   1103.91	   1105.71	   1111.59	   1108.03	   1113.14	   1102.14	   1090.11	   1076.03	   1058.94	   1036.97	   1012.66	   985.046	   958.673	   934.284	   912.395	   886.003	   828.149	   785.216	   757.821	   728.452	   710.164	   690.438	   680.918	   687.813	   680.942	   670.232	   658.278	   640.211	     613.1	   585.884	   563.815	   544.304	   525.079	
   9.00673	   30.7887	   85.2575	   224.829	    547.72	   1143.96	   1926.41	   2600.74	   2995.98	    3174.8	    3220.9	   3171.66	   3031.94	   2853.88	    2665.4	   2485.64	   2332.92	   2222.79	   2148.78	    2091.7	   2028.13	    1950.1	      1861	   1774.94	    1688.9	   1623.76	    1533.5	   1450.78	    1391.3	   1322.64	    1303.9	   1252.28	   1151.14	   1114.37	   1063.74	   1004.88	   974.433	   953.722	   943.596	   948.711	   962.382	   970.058	   968.521	   984.724	   977.183	   967.386	    955.46	   940.711	   921.568	   900.384	   876.231	   853.137	   831.982	   813.054	   790.215	   739.552	   701.978	   678.101	   652.373	   636.414	   619.174	   610.992	   617.205	   611.085	   601.559	   590.828	   574.589	   550.394	   526.219	   506.517	   489.086	
   8.17539	   27.5418	   74.8366	   195.043	   474.298	   996.358	    1689.7	   2302.89	   2674.04	   2849.93	   2899.95	   2860.64	   2735.44	   2577.38	   2412.21	   2257.12	   2126.67	   2035.73	   1976.37	   1927.18	   1871.25	   1803.97	   1724.74	   1644.36	   1564.02	   1497.67	   1403.31	   1315.15	   1252.94	   1185.66	   1168.88	   1126.19	   1040.31	    1008.5	   960.998	   899.625	   860.436	   828.819	   811.668	   812.435	   827.183	   840.942	   848.667	    857.59	   873.214	   866.934	   858.419	   847.821	   834.647	   817.649	   798.894	   777.648	   757.475	   739.107	   722.681	   702.859	   658.641	    625.86	   605.108	    582.65	   568.763	   553.745	   546.695	   552.193	   546.718	   538.208	   528.531	    513.93	   492.371	    470.92	   453.342	
   7.43982	   24.8392	   66.4491	   169.913	   408.533	   857.478	   1464.56	   2012.89	   2362.04	   2539.16	   2599.57	   2572.55	   2464.13	   2322.72	   2176.43	    2041.3	   1930.48	   1856.35	   1811.13	   1773.98	    1725.6	   1665.53	   1595.55	   1523.65	   1447.89	    1384.7	   1292.04	   1201.94	   1134.78	   1067.54	   1048.16	   1010.42	    936.74	   912.825	   870.922	   813.601	   771.451	    733.22	   706.865	   700.443	   710.036	    724.29	   736.982	   752.779	   761.594	   775.295	   769.594	   761.755	   751.941	   739.884	   724.521	   707.783	   689.113	   671.463	   655.452	   641.119	   623.897	   585.406	   556.881	   538.865	   519.311	   507.253	   494.196	   488.111	   492.904	   487.977	   480.336	   471.576	   458.437	   439.251	   420.221	
   6.72491	   22.4523	   59.4934	   149.772	   353.449	   734.205	   1254.66	   1739.49	   2060.67	   2239.96	   2313.75	   2303.99	   2213.95	   2090.53	   1959.93	   1840.83	   1745.59	   1685.97	    1652.7	   1627.04	   1589.78	   1536.93	    1473.1	    1409.2	   1340.62	   1279.82	   1192.42	      1105	   1035.96	    966.59	   943.822	   906.679	   841.486	   823.117	    789.32	   738.064	   698.632	    658.53	   626.584	   611.413	   613.707	   623.223	   636.177	   655.275	   669.854	    677.47	   689.081	   683.544	       676	   666.683	   655.424	   641.426	   626.495	   610.051	   594.549	   580.516	   567.976	   552.991	   519.559	   494.771	   479.136	   462.145	   451.682	   440.355	   435.096	    439.21	   434.751	   427.859	   419.896	   408.065	   390.991	
   5.99312	   20.1464	   53.3865	   133.143	   309.481	   631.554	   1069.55	   1486.13	   1777.83	   1952.13	   2039.44	   2049.08	   1981.49	   1877.01	   1762.89	   1657.05	   1574.06	   1525.49	   1502.15	      1486	   1459.28	   1416.81	    1359.2	   1300.65	   1238.93	   1182.97	   1099.97	   1018.03	   951.095	   881.968	    854.36	   816.702	   755.877	   740.246	     712.5	   669.429	   634.451	   597.203	   563.697	   543.036	   536.931	   539.941	   548.704	   567.159	   584.486	   597.129	    603.39	   612.908	   607.296	    599.88	   590.889	   580.304	    567.58	   554.229	    539.69	   526.013	   513.685	   502.683	   489.628	   460.624	     439.1	   425.528	   410.778	   401.716	   391.909	   387.348	   390.828	   386.767	    380.52	   373.253	   362.571	
   5.22987	    17.811	   47.5518	    118.64	   273.332	   549.879	   915.998	   1263.26	   1516.35	   1682.39	   1775.96	   1804.72	   1761.36	   1678.94	   1581.96	   1489.91	   1416.85	   1376.67	   1360.36	   1351.88	   1333.88	   1301.27	   1252.72	   1199.62	   1142.52	   1091.28	   1014.59	   937.166	   874.688	   809.007	   778.976	   739.182	   681.317	   665.355	   641.159	   604.536	   575.836	   542.834	   511.763	   489.169	   477.642	    473.24	   476.305	   490.369	   507.055	   522.139	   532.837	   537.711	   545.237	    539.49	   532.143	   523.455	   513.585	   502.018	   490.046	   477.142	   465.062	   454.207	   444.538	   433.136	   407.991	   389.306	   377.513	   364.746	   356.906	   348.418	   344.455	   347.346	   343.622	   337.925	   331.244	
   4.47493	   15.4034	    41.717	   104.924	   241.982	   482.932	   793.985	   1078.14	   1286.16	   1432.91	    1528.8	   1569.89	    1550.4	   1491.44	   1414.13	   1336.41	   1273.77	   1240.16	   1228.79	   1225.45	   1214.49	   1190.12	   1150.33	   1105.18	   1052.82	   1004.43	   933.788	   862.365	   803.478	   743.123	   713.687	   673.553	   616.871	   599.841	   576.446	   544.064	   520.222	   492.971	   465.502	   444.454	   430.692	   421.493	   418.084	   426.566	   439.345	   453.915	   466.818	   475.647	   479.197	   484.956	   479.109	    471.86	   463.607	   454.442	   443.924	   433.165	   421.725	   411.053	   401.503	   392.998	   383.028	   361.245	   345.033	   334.832	   323.794	   317.003	   309.673	   306.208	   308.553	   305.101	   299.835	
   3.78173	   13.0687	   35.8085	   91.4181	   212.677	   425.254	   694.318	    930.84	   1094.85	    1213.4	   1300.57	   1349.97	   1348.07	   1312.08	    1255.5	   1194.09	   1142.27	   1115.52	    1107.7	   1107.67	   1101.49	   1083.84	   1051.58	   1014.11	   968.726	   923.424	   857.066	   791.377	   737.327	   681.468	   654.388	    616.31	    561.97	   542.793	   519.417	   488.789	   467.945	   445.228	   422.643	   404.185	    391.25	   380.043	   372.433	   374.764	   382.584	   393.762	   406.295	   417.168	    424.31	   426.748	   431.045	   425.175	   418.224	   410.454	   401.963	   392.389	   382.739	   372.583	   363.158	   354.741	   347.237	   338.494	   319.623	   305.623	   296.786	   287.221	   281.353	   275.006	   271.942	   273.781	   270.504	
    3.1895	   10.9608	   30.1567	   77.9312	   184.157	   371.768	   608.754	   810.408	   942.181	   1030.63	   1099.67	   1147.04	   1158.47	    1140.1	   1103.76	   1059.46	   1020.09	   1000.44	   996.577	   998.752	   995.718	   982.778	   956.953	   926.112	   887.505	   847.315	   785.306	   723.897	   674.446	   624.066	   598.731	     564.1	   513.886	   493.888	   469.471	   439.824	   419.895	   400.078	   381.387	   366.632	   355.463	   344.931	   335.558	   333.831	   336.193	   343.036	   352.668	   363.348	   372.451	   378.213	   379.806	   382.899	   377.239	   370.647	   363.358	   355.489	   346.792	   338.114	   329.092	   320.747	   313.297	   306.643	    298.95	   282.681	   270.561	   262.855	   254.582	   249.481	   243.957	   241.211	   242.535	
   2.67984	   9.18914	   25.1121	   65.1817	   156.016	   320.207	   529.895	   707.305	   817.286	    884.42	   932.168	   968.452	   983.542	    978.96	   958.387	   930.743	   904.457	   893.125	   893.559	   898.358	   897.486	   887.823	   866.841	   841.694	   809.052	   773.958	   719.308	   664.441	   619.065	   572.921	   551.985	   520.275	    474.31	   456.045	   432.047	   400.639	   378.445	   361.212	   344.924	   332.996	   324.457	   315.324	   306.433	   302.799	   301.513	   303.554	   309.452	   317.737	   326.882	   334.586	   339.288	   340.191	   342.433	   336.949	   330.618	   323.679	   316.282	   308.218	   300.242	   292.027	   284.451	   277.675	   271.623	   264.782	   250.544	   239.864	   233.058	    225.81	    221.32	   216.455	   213.875	
   2.25519	   7.68818	   20.9152	   53.9151	   129.688	   269.846	   454.456	   613.028	   710.718	   764.845	    797.97	   819.488	   829.582	   830.482	   822.335	   807.618	   793.987	   791.362	   797.184	   804.982	   806.634	   799.376	   782.075	   761.272	   733.777	   703.185	   654.454	   606.415	   566.327	   524.913	   505.633	   478.897	   437.418	   420.474	   398.495	   368.218	   344.369	   325.296	   311.237	    300.98	   294.496	   287.662	   280.019	   276.604	   273.635	    272.48	    274.19	   279.288	   286.479	   294.414	   301.027	   304.859	   305.339	   306.907	    301.61	   295.522	   288.915	    281.94	   274.441	   267.069	   259.538	   252.615	   246.423	   240.977	   234.815	   222.264	   212.843	   206.776	   200.405	   196.422	   192.056	
   1.89961	    6.4548	   17.3955	   44.6207	   106.626	   223.142	   381.383	   523.689	   613.934	   663.127	   688.259	   699.967	   701.078	   699.904	   697.207	   692.545	   688.522	   694.169	   705.733	    717.51	   722.007	   717.462	   703.086	   685.664	   662.222	   635.618	   592.334	   549.955	   515.395	   479.602	   462.504	   438.293	   402.905	   387.633	   367.273	    339.44	    316.41	   296.023	     280.4	    271.69	   266.273	   261.238	   255.639	   253.144	   250.404	   247.811	   246.751	   248.226	   252.719	   259.075	   266.061	   271.766	   274.977	   275.137	   276.146	   271.019	   265.149	   258.842	   252.236	   245.211	    238.34	   231.381	   225.017	   219.388	     214.4	   208.758	   197.662	   189.287	   183.865	    178.23	   174.621	
   1.59814	   5.43219	   14.5301	   36.8944	   87.7406	   182.536	   314.106	   437.861	   522.833	   571.184	   595.066	   602.158	   597.812	   590.827	   587.223	   586.896	   590.091	   601.562	   618.499	   634.574	   642.756	     641.2	    629.98	   615.326	   595.178	   571.824	   533.569	   496.409	   466.389	   436.248	   422.196	   400.883	   369.333	   357.239	   338.782	   312.986	   291.886	   272.282	   255.556	   245.144	    240.72	   236.613	   232.619	   231.748	   229.875	   227.554	   225.282	   224.361	   225.707	   229.759	    235.46	   241.649	    246.66	   249.369	   249.265	   249.804	   244.817	   239.158	   233.107	   226.807	   220.172	   213.717	   207.244	   201.391	   196.187	   191.537	   186.348	   176.465	   169.006	   164.127	    159.07	
     1.335	    4.5694	   12.1736	   30.6527	   72.1581	   149.479	   255.947	   359.267	   435.838	   485.083	   511.132	   519.116	   513.336	    503.01	    495.24	   494.071	   499.885	   515.349	   535.635	   555.674	   567.801	   569.953	   562.063	   550.397	   533.075	   512.511	   478.639	   446.223	    420.35	    394.83	   383.961	   366.207	    338.61	   327.931	   312.681	   289.091	   269.556	   251.676	   235.632	   223.967	   217.724	    214.48	   211.317	   211.669	   211.295	   209.816	   207.852	   205.898	   205.145	   206.428	   210.133	   215.278	   220.833	   225.269	   227.555	   227.231	   227.365	   222.527	   217.048	   211.214	   205.167	    198.86	   192.759	   186.716	   181.258	   176.378	   172.021	   167.206	   158.388	   151.701	   147.245	
   1.10253	   3.81658	   10.1985	    25.555	   59.6478	    122.36	   208.791	   291.569	   356.527	   403.336	   432.948	   444.627	   441.782	   431.148	   420.978	   416.307	   420.645	   436.524	   458.663	    480.92	   496.685	   502.757	   498.766	   490.243	   475.977	   457.954	    428.01	   399.658	   377.501	   356.072	   347.639	   333.464	   310.188	   301.249	   287.643	    267.35	   249.503	   233.002	    218.44	   207.104	    199.49	   194.604	    192.21	   193.083	   193.841	   193.764	    192.61	   190.975	   189.318	   188.728	   189.965	    193.37	   198.061	   203.084	   207.032	   208.961	    208.44	   208.262	   203.557	   198.237	   192.593	   186.768	   180.746	   174.956	   169.256	   164.113	   159.513	   155.407	   150.951	    143.03	   136.969	
  0.894801	   3.15036	   8.48452	   21.3084	   49.4882	    100.69	    170.26	    236.78	   288.393	   329.112	    359.16	   375.654	   377.895	   370.395	    360.15	   353.321	   354.133	   367.244	   388.367	   411.535	   429.423	   439.129	   439.201	   434.298	   423.237	   408.054	   381.729	   356.951	   337.908	   320.023	   313.717	   302.373	   283.257	   276.558	   264.862	    246.51	   231.284	   216.236	    202.84	   192.553	   185.002	   178.867	   174.992	   176.331	    177.57	    178.55	   178.701	    177.83	   176.481	   175.079	   174.624	   175.815	   178.969	   183.273	   187.841	   191.374	   192.989	    192.33	   191.896	   187.318	   182.148	    176.68	    171.06	   165.292	   159.764	   154.353	   149.486	   145.135	   141.283	   137.134	   129.952	
  0.714341	   2.55402	   6.97508	   17.6449	   41.0699	   83.1683	   139.567	   192.187	   233.367	   265.562	   292.508	   311.046	   319.033	   316.396	     308.8	   301.656	   300.057	   308.884	   326.517	    348.17	   367.022	   379.034	   382.908	   381.739	   374.285	   362.134	   339.563	   318.026	   301.659	   286.659	   282.144	    273.27	   257.522	   253.057	   243.695	   227.491	   213.752	   200.955	   188.765	   179.277	    172.45	   166.339	   161.329	   161.101	   162.764	   164.193	   165.325	   165.662	   165.024	   163.911	   162.718	   162.372	   163.521	   166.459	    170.43	   174.605	   177.772	   179.142	   178.374	    177.74	    173.29	   168.271	   162.978	   157.549	   152.011	   146.718	   141.568	   136.953	   132.851	    129.22	   125.323	
  0.561875	   2.03641	   5.63222	   14.4413	   33.8576	   68.7331	    114.86	   156.899	   188.842	   214.448	   235.754	   253.129	   264.207	   266.962	   263.421	   258.141	    255.65	   261.217	   274.281	   292.371	   310.078	    323.35	   329.853	   332.161	   328.385	   319.631	   300.858	   282.618	   268.633	   256.032	   252.865	   246.081	   233.259	   230.465	   223.408	   209.711	   197.667	   186.149	   175.845	   167.226	   160.922	   155.421	   150.411	   148.958	   149.164	   150.984	    152.53	   153.772	   154.249	   153.796	   152.874	   151.856	     151.6	   152.711	   155.458	   159.135	   162.963	   165.832	       167	   166.154	   165.368	   161.054	   156.193	    151.07	   145.829	   140.509	   135.436	   130.532	   126.165	   122.284	    118.84	
  0.439921	   1.59927	   4.47172	   11.6067	   27.5832	   56.4201	   94.5645	   128.692	   153.788	   173.275	   190.245	   204.032	   215.134	   221.131	   222.108	   219.862	   218.275	   221.928	   231.404	     245.1	   259.887	    272.57	   280.751	   285.501	   285.143	   279.848	    265.07	   250.132	   238.565	   228.031	   225.904	   220.748	   210.417	   209.026	   203.756	   192.533	   182.507	   172.461	   163.208	   156.076	   150.385	   145.314	   140.825	   139.197	   138.256	   138.717	   140.621	   142.242	   143.555	   144.135	   143.828	   143.065	   142.193	   142.013	   143.088	   145.664	   149.079	   152.615	    155.23	   156.236	   155.341	   154.448	   150.279	    145.58	   140.632	   135.579	    130.47	   125.612	   120.947	   116.805	   113.117	
  0.347264	   1.25006	   3.49601	   9.17019	   22.0628	   45.7608	   77.3205	   105.669	   125.899	    140.96	   153.688	   164.718	   173.511	   180.199	   184.023	   185.228	   185.554	   188.875	   195.983	   206.179	   217.308	   227.847	   236.057	   242.403	   244.537	   242.461	    231.63	   220.112	   210.965	   202.471	   201.196	   197.333	   189.006	   188.739	   185.001	   175.785	   167.743	   159.452	   151.435	   145.074	    140.56	   136.006	   131.877	   130.554	   129.431	   128.817	   129.449	   131.396	   133.057	   134.412	   135.067	    134.88	    134.25	   133.503	   133.387	   134.425	   136.845	   140.036	    143.32	   145.723	   146.601	   145.684	   144.725	   140.707	   136.177	    131.41	   126.545	   121.645	       117	   112.558	   108.616	
  0.280747	  0.985151	   2.72003	    7.1329	   17.3447	   36.4356	   62.4631	   86.2048	   103.213	     115.3	   125.012	   133.153	   140.095	   145.468	   150.104	   153.496	   156.142	   160.108	   166.236	   174.025	   182.217	   189.943	   196.778	   203.291	   207.138	   207.472	   200.294	   192.092	   185.461	   178.967	   178.599	   175.809	   169.122	   169.648	   167.176	   159.723	   153.256	   146.683	   140.159	   134.752	   130.789	   127.262	   123.578	   122.417	   121.555	   120.759	   120.381	   121.134	   123.094	   124.769	   126.146	   126.856	   126.768	   126.252	   125.612	   125.548	   126.551	   128.837	   131.833	     134.9	   137.127	   137.909	   136.994	   135.999	   132.142	   127.788	   123.205	   118.532	   113.839	   109.397	   105.159	
  0.232181	  0.795217	   2.13382	   5.52109	   13.4226	   28.5111	   49.5368	   69.4865	   84.0774	   94.4435	   102.231	   108.349	   113.241	   117.513	   121.321	   125.323	   129.377	   134.473	   140.504	   147.112	   153.269	   158.748	   163.557	   169.023	   173.316	    175.36	   171.063	    165.86	   161.657	   157.213	   157.781	   156.061	   150.755	   151.843	   150.323	   144.391	   139.291	   134.073	   129.012	   124.793	   121.558	   118.496	   115.719	   114.811	   114.078	   113.509	   112.951	   112.754	   113.593	   115.543	   117.216	     118.6	   119.352	   119.346	   118.927	   118.381	   118.363	   119.337	   121.505	    124.33	   127.212	   129.295	   130.009	   129.115	   128.113	   124.424	    120.25	   115.855	   111.373	    106.88	    102.63	
  0.194078	  0.656785	    1.7153	   4.31016	   10.3387	    21.966	   38.6193	   54.9965	   67.6894	   76.8895	    83.726	   88.6302	   92.1355	   95.0348	   98.0972	   101.416	   105.703	   111.341	   117.747	   123.975	    129.12	   133.078	    136.26	   140.108	   143.769	   146.418	   144.317	   141.426	   139.389	   136.898	   138.491	   137.824	   133.839	   135.342	   134.549	   129.847	   125.914	   121.868	   117.948	   114.891	   112.598	   110.165	   107.789	   107.557	   107.043	   106.581	   106.224	   105.851	   105.795	    106.69	   108.617	   110.275	   111.657	   112.439	   112.503	   112.169	   111.707	   111.732	   112.682	   114.747	   117.425	   120.148	   122.114	   122.782	   121.925	   120.939	   117.421	   113.432	   109.224	    104.93	    100.63	
  0.161453	  0.548218	   1.41108	   3.44864	   8.03209	    16.844	   29.6462	   42.7748	   53.5039	   61.8638	   68.1517	     72.59	   75.3734	   77.3503	   79.3972	   82.0678	   85.6143	   90.9729	   97.3619	   103.653	   108.466	    111.74	   113.847	   116.389	   118.889	   121.204	   120.282	   119.108	   118.678	   117.904	    120.48	   120.909	   118.186	   120.119	   119.904	   116.196	   113.188	   110.143	   107.205	   105.029	   103.652	   102.042	   100.217	   100.199	   100.299	   100.032	   99.7648	    99.571	   99.3441	    99.398	    100.33	   102.223	   103.859	   105.231	   106.035	   106.158	   105.901	   105.516	   105.583	   106.513	    108.49	   111.038	   113.627	   115.496	   116.137	   115.331	   114.376	   111.032	   107.227	   103.205	   99.0956	
  0.131816	  0.455383	   1.17319	   2.82428	   6.39654	   13.0286	   22.6529	   32.7508	   41.5584	   48.8828	   54.8394	   59.1059	   61.7736	   63.3141	   64.6615	   66.4617	   69.3088	   73.6946	   79.4808	   85.5571	   90.4262	   93.5688	   95.2638	   96.9421	   98.4952	   100.001	   99.3793	   99.0867	   99.7836	    100.25	   103.644	   105.102	   103.637	   106.007	   106.364	   103.495	   101.207	   98.9556	   96.8595	   95.4279	   94.7187	   93.9034	   92.8032	   93.1431	    93.428	   93.7246	    93.634	    93.517	   93.4514	   93.3401	   93.4802	   94.4359	   96.2877	   97.8948	   99.2511	   100.071	   100.247	   100.059	   99.7464	   99.8535	    100.77	   102.667	   105.103	   107.574	   109.365	   109.991	   109.244	   108.333	   105.163	   101.541	   97.7007	
  0.104501	  0.371268	  0.970569	   2.33766	   5.21466	   10.3306	   17.4599	   24.9588	   31.7884	   37.9784	   43.3751	   47.6146	   50.3818	   51.9506	   52.9667	   54.1422	   56.1351	    59.627	   64.3204	    69.732	   74.4449	   77.7655	   79.4909	   80.8445	   81.7854	   82.6237	   81.8079	   81.6948	   82.8536	    84.151	   87.9983	    90.315	   90.0143	   92.8646	   93.7823	   91.7273	   90.0398	   88.3968	   86.9646	   86.1595	   85.9986	   85.7512	   85.3465	   86.2019	   86.8058	   87.2672	   87.6965	   87.7407	   87.7414	   87.7758	   87.7571	   87.9664	   88.9341	   90.7397	   92.3133	   93.6497	   94.4802	   94.7028	   94.5793	   94.3344	   94.4803	   95.3846	   97.2119	   99.5457	   101.913	   103.636	   104.258	   103.574	   102.716	   99.7172	   96.2744	
 0.0827783	  0.294028	  0.787921	   1.92503	   4.29663	   8.38566	   13.7938	   19.1879	   24.2116	   29.0839	   33.7692	   37.7541	   40.7007	   42.4642	    43.516	   44.3667	   45.7179	   48.2335	   51.9494	   56.3183	   60.5128	   63.8212	   65.8225	   67.2104	   67.9638	   68.3856	    67.402	   67.0942	   68.1711	   69.7487	   73.7499	   76.5849	   77.2708	   80.5625	   82.0648	   80.7783	   79.6786	   78.5425	   77.6115	   77.2808	   77.5656	   77.7772	   77.8601	   79.1978	   80.2649	   81.0157	   81.5932	   82.1186	   82.2671	   82.3588	   82.4719	   82.5285	   82.7923	    83.763	   85.5181	   87.0541	   88.3668	   89.2036	   89.4678	   89.4033	   89.2213	   89.4031	   90.2967	   92.0581	   94.2978	   96.5697	   98.2342	   98.8554	   98.2374	   97.4359	   94.6057	
 0.0650061	  0.232715	  0.621146	   1.55504	   3.52158	   6.87947	   11.1543	   15.1156	   18.6026	   22.1886	   25.9421	   29.5014	   32.4086	   34.4246	   35.6538	   36.4859	   37.4557	   39.2061	   41.9217	   45.3598	   48.7242	   51.7043	    53.813	   55.4329	   56.2814	   56.6181	   55.6005	   55.1376	    55.862	   57.2773	   61.0249	   64.0947	   65.4475	   69.0656	   71.1044	   70.5815	   70.0264	   69.3847	   68.8774	   68.8842	   69.4833	   70.0601	     70.53	   72.1577	    73.652	   74.8238	   75.6656	   76.3247	   76.9193	   77.1467	   77.3092	   77.4849	   77.6018	   77.9083	   78.8743	   80.5752	   82.0698	   83.3553	   84.1942	   84.4944	   84.4831	   84.3581	   84.5722	   85.4536	   87.1516	   89.3016	   91.4832	   93.0924	   93.7154	   93.1627	   92.4199	
 0.0492361	  0.182631	  0.489285	   1.21917	   2.83029	   5.61332	   9.11539	   12.1875	   14.6396	   17.0787	   19.8691	   22.7775	   25.4625	   27.5469	   29.0073	   29.9537	   30.8102	   32.0487	   33.9727	   36.4778	   39.0991	   41.4754	   43.4169	   45.1276	   46.2226	   46.6923	    45.854	   45.3537	   45.7879	   46.8277	   50.0147	    52.947	   54.6915	   58.4022	   60.8606	   61.0494	     61.04	   60.8429	   60.7533	   61.0347	   61.8308	   62.6529	   63.4217	   65.2472	   66.9853	   68.5378	   69.7614	     70.66	   71.3734	   72.0123	   72.2971	   72.5124	   72.7343	   72.8972	   73.2342	   74.1862	   75.8262	   77.2731	   78.5252	   79.3594	   79.6885	   79.7231	   79.6488	   79.8899	   80.7563	     82.39	   84.4504	   86.5421	   88.0964	   88.7206	    88.232	
 0.0370638	   0.13832	  0.382077	  0.954768	   2.20659	    4.4904	   7.40932	   9.93288	   11.7871	   13.4545	   15.3544	   17.5464	   19.7884	   21.7757	   23.3264	   24.4464	   25.3218	   26.3109	   27.6824	   29.4438	   31.3132	   33.1399	   34.6717	   36.2464	   37.4634	   38.1787	   37.6551	   37.2862	   37.5521	    38.278	   40.7936	   43.3067	   45.0961	   48.7067	   51.3638	   52.1442	   52.6469	    52.892	   53.1702	   53.7268	   54.6706	   55.6341	   56.5937	   58.5397	   60.4344	   62.1944	   63.7582	   65.0035	   65.9343	   66.6787	   67.3428	   67.6682	   67.9211	    68.176	   68.3732	   68.7303	   69.6602	   71.2337	   72.6271	     73.84	   74.6635	   75.0146	   75.0887	   75.0588	   75.3222	   76.1704	   77.7381	    79.708	   81.7097	   83.2085	   83.8327	
 0.0275914	  0.104105	  0.287858	  0.740943	   1.71767	   3.48371	   5.90557	   8.05694	   9.59565	   10.8377	   12.1333	   13.6384	   15.3518	   17.0448	   18.5498	   19.7439	   20.7084	   21.5991	   22.6613	   23.8943	   25.1631	   26.4185	    27.569	   28.8081	   29.9533	   30.8053	   30.6548	   30.5166	   30.7724	   31.2957	   33.2525	    35.237	   36.8045	   40.0692	   42.7392	   43.8977	   44.8179	   45.4753	   46.1119	   46.9074	   48.0066	   49.0703	   50.1294	   52.1047	   54.0846	   55.9712	   57.7138	   59.2649	   60.5128	   61.4567	   62.2165	   62.8932	   63.2472	   63.5278	   63.8073	   64.0307	   64.4011	   65.3048	   66.8099	   68.1479	   69.3191	   70.1281	   70.4964	   70.6045	   70.6138	   70.8955	   71.7231	   73.2243	   75.1044	   77.0167	   78.4597	
 0.0202701	 0.0774349	  0.215509	  0.554466	   1.32442	    2.6976	   4.56678	   6.41312	   7.78048	   8.82699	   9.79365	   10.8267	   12.0148	   13.3239	   14.6196	   15.7828	   16.7751	   17.6619	   18.5635	    19.487	   20.3309	   21.1289	   21.8675	   22.7927	   23.6955	     24.52	   24.6283	   24.7549	   25.0975	   25.5573	   27.1002	   28.6403	    29.868	    32.616	   35.0691	   36.4224	   37.5875	   38.5715	    39.534	   40.5647	   41.7929	   42.9649	   44.0876	   46.0175	   47.9981	   49.9439	   51.7882	   53.4928	   55.0156	   56.2494	   57.1921	   57.9552	   58.6341	   59.0074	   59.3077	   59.6047	   59.8478	   60.2261	   61.1002	   62.5357	   63.8163	   64.9432	   65.7341	   66.1148	   66.2518	   66.2956	    66.592	   67.3968	   68.8309	   70.6209	   72.4432	
 0.0127359	 0.0567759	  0.159479	  0.412346	  0.984412	   2.06884	   3.52515	   4.95783	   6.19943	   7.16784	   7.99262	   8.76826	   9.59303	   10.5049	   11.5103	   12.5122	   13.4588	    14.319	   15.1583	   15.9112	   16.5118	   16.9903	   17.4007	   17.9871	   18.6569	   19.3095	   19.5202	   19.8129	   20.2827	   20.7664	   22.0522	   23.2637	   24.2004	   26.3885	   28.4624	   29.7903	   31.0545	   32.2151	   33.4222	   34.6628	   36.0213	   37.2798	   38.4744	   40.3353	    42.249	   44.1756	   46.0578	   47.8428	   49.4967	   50.9772	   52.1841	   53.1142	   53.8708	   54.5439	    54.929	   55.2425	   55.5511	   55.8084	   56.1902	   57.0323	   58.3969	   59.6183	   60.6983	   61.4672	   61.8556	   62.0171	   62.0912	   62.3988	   63.1785	   64.5439	    66.242	
0.00772012	  0.035778	  0.116351	  0.303177	  0.727162	   1.52959	   2.69548	   3.82413	   4.80712	   5.73073	   6.51037	   7.17855	   7.80882	   8.44218	   9.13938	   9.91226	   10.7151	   11.5052	   12.2798	    12.957	   13.4309	   13.7356	   13.9238	   14.2401	   14.6509	   15.1326	   15.3069	   15.6398	   16.1694	    16.716	   17.8493	   18.8603	   19.5871	   21.3065	   22.9518	   24.0922	   25.2816	   26.4933	   27.8107	   29.1935	   30.6634	   32.0101	   33.2583	   35.0663	   36.8926	   38.7385	    40.586	   42.3907	   44.1061	   45.6974	   47.1243	   48.2941	   49.2023	   49.9447	   50.6056	   50.9965	   51.3175	   51.6328	      51.9	   52.2816	   53.0891	   54.3815	   55.5414	   56.5715	   57.3148	   57.7071	   57.8891	   57.9894	   58.3044	   59.0556	   60.3492	
0.00453379	 0.0217712	 0.0730147	  0.219856	  0.531175	   1.12396	   1.98891	   2.92156	   3.71998	   4.47344	   5.23505	   5.87464	   6.43006	   6.91393	   7.39301	   7.91986	    8.5275	   9.17762	   9.86373	   10.4731	   10.9007	   11.1254	   11.2054	   11.3386	   11.5416	   11.8272	   11.9436	   12.2102	   12.7102	   13.2708	    14.309	   15.2048	   15.8167	   17.1775	   18.4626	   19.3511	   20.3422	     21.46	   22.7764	   24.1894	   25.7146	   27.1326	   28.4361	   30.1832	   31.9378	   33.6852	    35.442	   37.1992	   38.9183	   40.5539	   42.0724	   43.4367	   44.5607	     45.44	    46.162	   46.8056	   47.1969	   47.5209	   47.8389	    48.112	   48.4897	   49.2598	   50.4783	   51.5741	   52.5516	   53.2665	   53.6592	   53.8576	   53.9793	   54.2971	   55.0155	
0.00257409	 0.0128426	 0.0443053	  0.137126	   0.38286	  0.816852	   1.45868	   2.15652	   2.85265	    3.4871	   4.12598	   4.75967	   5.30355	   5.73199	   6.09355	   6.44583	   6.84641	   7.32131	   7.86915	   8.39754	    8.7856	    8.9954	   9.03922	   9.08307	   9.14585	   9.27279	   9.29378	   9.48156	   9.87808	   10.3857	   11.3109	    12.137	   12.6963	   13.8113	   14.8233	   15.4979	   16.2483	   17.1732	   18.3657	    19.718	   21.2053	   22.6445	   23.9879	   25.6832	   27.3603	   29.0244	   30.6753	    32.334	   33.9943	   35.6191	   37.1658	   38.6034	   39.8977	   40.9701	   41.8145	   42.5113	   43.1329	   43.5201	   43.8431	   44.1602	   44.4352	   44.8052	    45.535	   46.6775	   47.7073	   48.6303	   49.3145	    49.704	   49.9141	   50.0521	   50.3674	
0.00141045	 0.0073287	 0.0260986	 0.0827874	  0.237386	  0.585731	   1.05768	   1.58189	   2.12029	   2.69745	   3.25118	   3.79609	   4.34346	    4.7672	   5.08649	   5.34512	   5.59945	   5.89461	   6.28038	   6.68975	   7.02654	   7.22524	   7.28238	    7.2965	   7.29303	   7.31316	   7.25398	    7.3401	   7.63249	   8.03278	   8.81075	   9.55014	   10.0874	   11.0342	   11.8641	   12.3825	   12.9331	   13.6356	   14.6247	   15.8185	   17.1943	   18.5736	   19.9124	   21.5487	   23.1572	   24.7339	   26.2934	   27.8406	   29.3957	   30.9514	   32.4739	   33.9248	   35.2755	    36.495	   37.5108	    38.316	   38.9829	   39.5787	   39.9578	   40.2763	   40.5884	   40.8615	   41.2199	   41.9065	   42.9716	   43.9344	   44.8017	   45.4526	    45.835	   46.0522	   46.2012	
0.000744746	0.00403959	 0.0148905	  0.048567	  0.142562	  0.361953	  0.755899	   1.14778	   1.56714	   2.03198	   2.54721	   3.03132	   3.51179	   3.94353	   4.26199	    4.4886	   4.66506	   4.83752	   5.06101	   5.33286	   5.58414	    5.7602	   5.83021	   5.85578	   5.83334	   5.80452	   5.69524	   5.69752	    5.8767	    6.1731	   6.77894	   7.40143	   7.89686	   8.72112	   9.43066	   9.85678	   10.2629	   10.7822	   11.5497	   12.5261	   13.7135	     14.97	   16.2335	   17.7783	   19.3121	     20.81	   22.2756	   23.7249	   25.1632	   26.6072	   28.0515	   29.4665	   30.8173	   32.0776	    33.219	   34.1748	   34.9364	   35.5694	   36.1358	    36.503	   36.8128	   37.1169	   37.3842	   37.7274	   38.3687	   39.3564	   40.2513	   41.0618	   41.6774	   42.0493	   42.2691	
0.000378372	0.00214874	0.00821112	 0.0276072	 0.0832039	  0.216642	  0.467793	  0.821561	    1.1464	   1.52317	   1.95254	   2.41069	   2.83897	   3.22439	   3.55331	   3.78236	   3.93328	   4.04632	   4.15955	   4.29366	   4.44081	   4.56309	   4.63329	    4.6707	   4.66221	   4.62158	   4.49984	   4.44664	   4.53436	   4.72403	   5.17763	   5.66115	   6.08456	    6.7873	   7.41133	   7.78717	   8.10677	   8.49301	   9.07761	    9.8305	   10.7882	   11.8583	   12.9932	   14.3924	   15.8231	   17.2369	   18.6166	   19.9661	   21.2998	   22.6213	   23.9487	   25.2787	   26.5843	    27.833	   29.0015	   30.0627	   30.9545	   31.6685	   32.2643	   32.7977	   33.1489	   33.4479	   33.7409	   33.9987	   34.3242	     34.92	   35.8296	    36.657	    37.411	   37.9905	   38.3487	
0.000184678	0.00110107	0.00436656	 0.0151547	  0.047006	  0.125861	  0.280095	  0.515636	  0.826405	   1.12884	   1.48779	   1.88094	   2.27968	   2.62906	   2.92643	   3.16788	   3.32261	   3.42489	   3.48476	   3.52608	   3.56544	    3.6156	   3.65702	   3.69671	   3.70255	   3.67619	   3.56565	   3.48993	   3.51475	   3.61892	   3.93333	   4.29295	   4.62167	   5.19398	   5.73048	   6.07678	   6.34806	   6.65152	   7.10005	   7.66998	   8.40215	    9.2548	   10.2093	    11.426	   12.7072	   14.0116	   15.2998	   16.5559	   17.7832	   18.9927	   20.1936	   21.4044	    22.621	   23.8167	   24.9641	   26.0398	   27.0172	   27.8411	   28.5045	   29.0586	   29.5551	   29.8894	   30.1755	   30.4538	      30.7	   31.0074	    31.555	   32.3882	   33.1515	   33.8513	   34.3929	
8.64788e-05	0.000549214	0.00223689	0.00801741	 0.0256202	  0.070693	  0.162533	   0.31472	  0.531196	  0.822216	   1.11813	   1.45566	   1.79373	   2.12293	   2.39659	   2.61669	   2.78389	    2.9023	    2.9524	   2.95034	   2.91829	   2.89033	   2.88488	   2.90366	    2.9163	    2.9045	   2.82152	   2.74431	   2.73668	   2.78129	   2.98641	   3.23281	    3.4749	   3.91302	   4.35191	   4.66026	   4.90264	   5.15581	   5.51332	   5.94603	   6.49529	   7.13921	   7.89115	   8.89184	   9.99328	    11.148	   12.3219	   13.4788	   14.6048	   15.7009	   16.7852	   17.8692	   18.9674	   20.0711	   21.1601	   22.2062	   23.1855	   24.0754	   24.8295	   25.4371	   25.9457	   26.4069	   26.7231	    26.992	   27.2543	    27.489	   27.7728	   28.2744	   29.0387	   29.7429	   30.3874	
3.88362e-05	0.000262364	 0.0011253	0.00408313	 0.0134428	 0.0382598	 0.0910555	  0.187242	  0.333124	   0.54362	  0.823209	   1.10815	   1.39445	   1.67769	    1.9391	   2.14433	   2.29569	   2.43673	   2.50149	   2.49394	   2.43182	   2.35437	   2.29437	   2.27756	   2.27829	   2.27502	    2.2167	   2.15269	   2.13226	   2.14386	   2.27066	   2.42851	   2.58989	   2.91306	   3.24909	   3.50525	    3.7143	   3.93355	    4.2291	   4.56725	   4.97919	   5.45549	   6.01727	   6.79499	   7.69114	    8.6715	   9.69616	   10.7335	   11.7539	   12.7427	   13.7109	   14.6782	   15.6525	   16.6393	   17.6357	   18.6188	   19.5599	   20.4393	    21.242	   21.9211	   22.4699	   22.9374	   23.3636	   23.6568	   23.9082	   24.1554	   24.3705	   24.6338	      25.1	   25.8024	   26.4461	
1.67704e-05	0.000121803	0.000542906	0.00206357	0.00679637	 0.0199408	 0.0491628	  0.108367	  0.204178	  0.350874	  0.558773	  0.823991	   1.06377	   1.30696	   1.53442	   1.73387	    1.8757	   2.01095	   2.09733	   2.10596	   2.04576	   1.95207	   1.85909	   1.79992	   1.77651	   1.76668	   1.72573	   1.67481	   1.65529	   1.65134	   1.72865	   1.82357	   1.92203	   2.14608	   2.39329	   2.58786	   2.75439	   2.93753	   3.18651	   3.45859	   3.77465	   4.12621	   4.53689	   5.11379	   5.80307	    6.5901	   7.44635	   8.33631	   9.23636	    10.118	   10.9786	   11.8317	   12.6921	   13.5587	   14.4415	   15.3322	    16.206	   17.0403	   17.8233	   18.5351	   19.1388	   19.6369	    20.065	   20.4516	   20.7223	   20.9579	     21.18	   21.3803	    21.636	   22.0736	   22.7119	
7.03334e-06	5.60092e-05	0.000260292	0.00100621	0.00345751	 0.0100562	 0.0256538	 0.0610621	  0.122214	   0.22133	   0.37003	  0.571926	  0.792479	  0.999153	     1.197	   1.37215	    1.5133	   1.64389	   1.72752	   1.75956	   1.71983	   1.63501	   1.53484	   1.45002	   1.39605	   1.36946	   1.33192	   1.29076	   1.27394	   1.26671	   1.31413	   1.36977	   1.42419	   1.57229	   1.74258	   1.88246	   2.00117	   2.14314	   2.34668	   2.56945	   2.81815	   3.08341	   3.38251	   3.80139	   4.30716	   4.90397	   5.58006	   6.31113	   7.07239	   7.84013	   8.59787	   9.34692	   10.0972	   10.8542	   11.6219	   12.4034	   13.1867	   13.9528	   14.6873	   15.3736	   15.9983	   16.5387	   16.9896	   17.3746	   17.7243	   17.9755	   18.1849	   18.3889	    18.589	   18.8422	   19.2461	
2.9345e-06	2.62987e-05	0.000128905	0.000498421	0.00170985	0.00517721	 0.0130475	 0.0336546	 0.0715917	  0.136461	   0.23937	  0.387053	  0.557515	  0.747873	  0.918871	   1.07353	   1.19881	   1.32807	   1.41178	   1.44639	   1.43375	   1.37166	   1.28347	   1.19292	    1.1204	   1.07117	    1.0271	  0.987249	  0.972205	  0.964431	  0.995952	   1.02831	   1.05607	   1.15009	   1.26148	   1.35293	   1.43081	   1.53019	   1.68779	   1.86629	    2.0656	   2.27144	   2.49367	   2.79555	   3.15781	   3.58905	   4.09342	   4.66224	   5.28139	   5.92645	   6.58117	   7.23373	   7.88483	   8.53804	   9.20153	   9.87475	   10.5564	   11.2378	   11.9067	   12.5459	    13.144	   13.6969	   14.1802	   14.5828	   14.9292	   15.2469	     15.47	   15.6618	   15.8627	   16.0658	   16.3084	
1.26923e-06	1.31515e-05	6.91468e-05	0.00026238	0.000874311	0.00261157	 0.0068645	 0.0182831	 0.0412456	 0.0824632	  0.151442	  0.255797	  0.384036	  0.534016	  0.693835	  0.830477	  0.944235	   1.05473	   1.14314	    1.1842	   1.18023	   1.14523	   1.07922	  0.997642	  0.921155	  0.857822	  0.800742	  0.756381	  0.738152	   0.73021	  0.751456	   0.77182	  0.784462	  0.843184	  0.912721	  0.967358	   1.01065	    1.0751	   1.18919	   1.32655	    1.4842	   1.64792	    1.8177	   2.03767	   2.29388	   2.59729	   2.95611	   3.37604	   3.85606	   4.38128	   4.93061	   5.49033	   6.05133	   6.61283	   7.17919	   7.75555	   8.33955	   8.93039	   9.52264	   10.1035	   10.6596	   11.1854	   11.6751	   12.1039	   12.4643	   12.7776	   13.0596	   13.2635	   13.4501	   13.6491	   13.8462	
5.92977e-07	7.17913e-06	4.11071e-05	0.00015121	0.000478531	0.00137167	 0.0035627	 0.0101294	 0.0234818	 0.0490192	 0.0939269	  0.165241	  0.259488	  0.374942	  0.503449	  0.635031	  0.739794	  0.833823	  0.910732	  0.963507	  0.971794	  0.946759	  0.905775	   0.84129	  0.771519	  0.704938	  0.639956	  0.587251	  0.562688	  0.551661	  0.565737	   0.57878	   0.58436	  0.620656	  0.662956	  0.692059	   0.71034	  0.746505	  0.825725	  0.926319	    1.0475	   1.17724	   1.31045	   1.47358	    1.6553	   1.86508	   2.11351	   2.41048	   2.76608	   3.17711	   3.62649	    4.0945	     4.571	   5.05062	   5.53174	   6.01885	   6.51646	   7.02205	   7.53444	   8.04939	   8.55562	   9.04203	   9.50423	   9.93641	   10.3172	   10.6399	   10.9203	   11.1747	   11.3664	   11.5454	   11.7338	
3.00333e-07	4.14413e-06	2.5935e-05	9.30872e-05	0.000279079	0.000757717	0.00190953	0.00549039	 0.0134226	 0.0286824	 0.0571511	  0.104337	  0.171799	  0.258677	  0.359755	  0.467624	  0.574766	    0.6544	  0.721073	  0.769922	  0.795417	  0.782905	  0.751562	  0.706869	  0.649779	  0.588237	  0.523134	  0.466666	  0.434053	  0.418248	  0.425178	  0.433529	  0.435277	  0.458291	  0.483363	  0.496683	  0.498741	  0.515017	  0.566589	  0.638332	  0.728126	  0.828924	  0.933418	   1.05647	   1.18615	   1.33019	   1.49845	   1.70315	   1.95683	   2.26626	   2.62119	   3.00342	   3.39799	   3.80138	   4.20618	   4.61424	   5.03166	   5.46096	   5.89738	   6.34303	   6.79223	   7.23151	   7.65433	   8.05904	   8.43812	   8.77291	    9.0613	    9.3122	   9.53846	    9.7107	   9.87282	
2.99556e-07	5.75753e-06	4.00888e-05	0.000139944	0.000395281	0.00100082	0.00240575	0.00672853	 0.0171878	 0.0389509	 0.0825047	  0.160399	  0.293702	  0.487256	  0.740871	   1.04405	   1.39418	   1.65733	   1.89856	   2.12181	   2.30582	   2.38305	   2.36805	   2.25494	   2.06585	   1.83999	   1.59739	   1.38724	   1.24688	   1.15841	   1.13756	   1.12692	   1.09998	   1.11909	   1.13557	   1.11279	   1.04593	   1.01989	   1.09042	   1.22206	   1.41271	   1.65141	   1.90978	   2.19569	   2.46145	     2.722	   3.01186	   3.38086	    3.8818	   4.56343	    5.4202	   6.40795	   7.47682	   8.61332	   9.77645	   10.9627	   12.2029	   13.5167	   14.8879	   16.3393	   17.8633	   19.3873	   20.8805	   22.3578	   23.7908	   25.1447	   26.4699	   27.6938	   28.7013	   29.4779	   30.0809	
         	         	         	         	         	         	         	         	         	         	         	         	         	         	         	         	         	         	         	         	         	         	         	         	         	         	         	         	         	         	         	         	         	         	         	         	         	         	         	         	         	         	         	         	         	         	         	         	         	         	         	         	         	         	         	         	         	         	         	         	         	         	         	         	         	         	         	         	         	         	         	
         	         	         	         	         	         	         	         	         	         	         	         	         	         	         	         	         	         	         	         	         	         	         	         	         	         	         	         	         	         	         	         	         	         	         	         	         	         	         	         	         	         	         	         	         	         	         	         	         	         	         	         	         	         	         	         	         	         	         	         	         	         	         	         	         	         	         	         	         	         	         	
0.000194123	0.000480812	0.00110373	0.00262198	0.00620045	 0.0136765	 0.0270312	  0.046219	 0.0700247	 0.0968686	  0.125167	  0.152215	  0.178093	  0.196233	  0.204749	   0.20318	  0.198271	  0.184783	  0.172891	  0.163519	  0.156905	  0.152706	  0.152445	  0.152131	  0.151876	  0.151603	   0.15154	  0.156249	   0.15684	  0.159143	   0.16905	  0.171793	   0.16888	  0.165752	  0.155597	  0.140839	  0.125843	  0.111326	 0.0991867	 0.0878255	 0.0768232	 0.0672229	 0.0587985	 0.0521929	 0.0469483	 0.0422976	 0.0381309	 0.0344248	 0.0311365	 0.0285192	 0.0262297	 0.0242051	 0.0225112	 0.0210974	 0.0198521	 0.0187354	  0.017725	 0.0168028	 0.0159556	  0.015167	  0.014427	 0.0137281	 0.0130648	 0.0124334	  0.011829	 0.0112502	  0.010695	 0.0101615	0.00964821	0.00915479	0.00868155	
  0.022624	 0.0626485	  0.158219	  0.387736	   0.87843	   1.72619	   2.88437	   4.23761	    5.6901	    7.1916	   8.65855	   9.99564	    11.136	   11.9867	   12.3366	     12.18	   11.6086	   10.9626	   10.1257	   9.44759	   8.93404	   8.57583	   8.35644	   8.29667	   8.15379	   8.01343	   7.98469	   8.07852	   8.23759	   8.13643	   8.28664	   8.56116	   8.48733	   8.53126	   8.32853	   7.90519	   7.39433	   6.74013	   6.12374	   5.61124	    5.1476	    4.6851	   4.27279	   3.93847	   3.64669	   3.40321	   3.18026	   2.97528	   2.78806	   2.61772	   2.47321	   2.34204	   2.22251	   2.11679	    2.0227	   1.93565	   1.85428	   1.77772	    1.7053	   1.63646	   1.57047	   1.50692	   1.44552	   1.38611	   1.32856	   1.27272	   1.21861	   1.16622	   1.11555	   1.06662	   1.01944	
  0.327507	  0.907726	   2.29424	   5.62219	   12.7512	   25.0834	   41.8553	    61.309	   82.0861	   103.332	   123.617	    141.26	   155.641	   165.316	   169.854	   167.641	   160.085	   148.911	   139.119	   128.492	   120.225	   114.048	   110.063	   107.116	   105.066	   101.808	   99.3458	   99.6941	   100.068	   100.245	   99.3814	   98.6506	   99.7672	     100.5	   99.6019	    96.785	   92.9825	    86.608	   79.5346	   72.8889	   67.5675	   62.4948	   57.4124	   53.2813	   49.5524	   46.2663	   43.4806	   40.9089	   38.5166	   36.3108	   34.2793	   32.5295	   30.9379	   29.4764	   28.1642	   26.9757	   25.8656	   24.8191	   23.8277	   22.8838	   21.9809	   21.1111	   20.2704	   19.4567	   18.6678	   17.9026	   17.1601	   16.4406	   15.7444	   15.0717	   14.4221	
    1.7003	   4.53412	   11.0878	    26.772	    60.999	   123.268	   215.761	   334.324	   470.503	   615.725	   756.637	   879.223	   977.114	   1041.43	   1070.92	   1063.37	   1019.16	   948.857	   873.517	   813.336	   751.624	    703.92	   670.417	   644.513	   616.765	   595.711	    567.45	   552.174	   548.299	    540.25	   539.532	   518.902	   506.206	   520.966	    516.09	   506.291	   495.367	   470.522	   436.235	   398.192	    363.71	   334.927	   307.374	   282.013	   259.513	     239.5	   221.863	   207.062	   193.374	   180.628	   168.884	   158.188	   149.191	   141.103	   133.736	   127.191	   121.352	   115.961	   110.938	   106.231	   101.791	   97.5795	   93.5535	   89.6919	   85.9763	   82.3929	   78.9338	    75.588	   72.3552	   69.2341	    66.221	
   5.83409	   14.9081	     35.25	   83.7279	   191.733	   398.492	   731.192	   1189.51	   1739.83	   2338.89	   2930.65	   3454.29	   3875.03	   4151.41	   4264.17	   4246.48	   4090.48	   3818.03	   3521.25	   3240.54	   3025.22	   2808.92	   2651.28	   2521.36	   2386.98	    2247.8	   2142.87	   2025.94	   1948.98	   1905.25	   1861.48	   1804.39	   1699.41	   1680.14	   1704.08	   1663.85	   1643.45	   1593.16	   1510.26	    1396.1	   1273.81	    1158.7	    1062.1	   976.527	   890.622	   814.798	   746.951	   687.038	   636.945	    590.47	   547.011	   507.396	   471.962	   442.534	   416.248	   392.392	   371.433	   352.975	   336.134	   320.604	   306.185	    292.71	   280.053	   268.052	   256.621	   245.688	   235.198	   225.109	   215.374	   205.984	   196.924	
   14.0636	   35.1468	    81.529	   192.157	   441.839	   934.745	   1760.07	   2928.49	   4341.68	    5874.5	   7391.28	   8754.65	   9870.33	   10643.1	   10991.2	   10912.8	   10605.4	   9964.07	   9233.09	    8533.2	   7906.27	   7428.19	   6980.69	   6603.09	   6204.36	   5795.34	   5396.97	   5123.65	   4802.15	   4560.04	   4419.61	   4191.15	   3977.79	   3795.53	   3698.86	   3698.04	   3631.04	   3558.09	   3449.98	   3274.49	   3034.49	   2769.57	   2518.37	   2322.72	   2135.12	   1945.97	   1777.44	   1625.44	   1490.01	   1376.77	   1270.98	   1172.64	   1084.55	   1006.39	   941.524	   883.449	   830.884	   784.851	   744.535	   707.907	   674.246	   643.125	   614.188	   587.148	   561.613	   537.377	   514.267	   492.131	   470.863	   450.353	   430.566	
   24.0883	   59.8483	   137.879	   325.212	   751.568	   1603.52	    3047.1	      5093	   7531.61	     10113	   12603.7	   14834.3	   16663.1	   18026.4	   18762.1	   18789.5	   18203.8	   17399.8	   16271.8	   15141.6	   14109.5	   13200.7	     12555	   11857.7	     11115	   10319.6	   9568.63	   9029.73	   8588.69	    7974.7	   7505.69	   7089.53	    6583.9	   6334.84	   5981.79	   5748.46	   5783.64	   5644.51	    5531.9	   5381.43	   5124.57	   4746.46	   4334.08	   3968.83	   3665.25	   3374.38	    3080.3	   2815.39	   2572.22	   2353.07	   2169.24	   1999.14	   1843.47	   1705.27	   1583.16	   1480.91	   1389.35	   1306.51	   1233.94	   1170.24	   1112.28	   1059.01	    1009.8	   964.113	   921.493	   881.291	   843.172	   806.839	   772.038	   738.596	   706.327	
   31.3218	   77.4536	    178.59	   423.201	   984.518	   2109.04	   4008.54	   6668.84	   9773.38	   12949.2	   15876.9	   18381.7	   20376.9	   21934.1	   22940.5	   23237.8	   22812.5	     21822	   20871.8	   19647.9	   18460.5	   17383.7	   16521.3	   15785.9	   14813.6	     13742	   12703.6	     11935	   11348.1	     10781	   9916.35	   9102.05	   8438.11	   7943.56	   7566.11	   7054.23	   6830.64	   6848.21	   6697.85	   6592.25	    6442.1	   6138.04	   5683.41	   5232.79	   4806.01	   4451.04	   4110.54	   3764.98	   3446.73	   3150.28	   2879.03	   2653.93	   2449.38	   2262.79	   2097.69	   1951.68	   1828.58	   1718.07	   1618.09	   1530.03	   1452.17	   1381.08	    1315.6	   1255.01	   1198.71	   1146.16	   1096.56	   1049.47	   1004.54	   961.466	   920.008	
   34.6737	   85.2365	   197.348	   469.827	   1098.14	   2356.11	   4456.04	   7339.37	     10626	   13901.6	   16774.4	   19059.2	   20680.6	   21949.4	   22857.1	   23321.2	   23241.3	   22630.7	   21731.7	   21007.1	   20000.3	   18999.8	     18183	   17401.3	   16495.1	   15328.5	   14177.5	   13259.7	   12579.1	   11984.8	   11325.1	   10156.8	   9144.46	   8601.61	   8018.43	   7522.48	   7071.97	    6830.8	   6874.67	   6765.45	   6688.48	    6545.1	   6236.45	   5819.23	   5392.32	   4991.08	   4644.86	   4303.96	   3950.47	   3620.41	   3307.58	   3022.08	   2789.62	    2579.5	   2388.21	   2219.13	   2070.35	   1943.99	   1830.55	   1727.61	   1636.13	    1554.6	   1479.93	   1410.95	   1346.99	   1287.48	   1231.87	   1179.28	   1129.27	   1081.49	   1035.59	
   34.7048	   85.3278	   199.252	    476.37	   1114.64	    2385.7	   4478.14	   7271.18	   10389.5	   13443.9	   16056.4	   17983.2	     19110	   19849.9	   20388.2	   20724.4	     20824	   20611.9	   20168.2	     19569	   19136.7	   18412.4	   17777.9	   17135.9	   16307.4	   15302.3	   14208.3	   13294.1	   12585.8	   11981.3	   11379.4	   10527.5	   9273.94	   8486.12	   7931.13	   7286.53	   6873.23	   6446.52	   6252.28	   6330.83	   6259.99	   6194.22	   6058.13	   5811.64	   5448.74	   5088.18	   4740.84	   4431.61	   4116.38	   3784.69	   3468.48	      3171	   2903.75	   2687.09	   2491.08	   2311.56	   2153.47	   2014.72	    1896.5	   1789.91	   1692.55	   1605.41	   1527.26	   1455.39	   1388.79	    1326.9	   1269.19	   1215.15	   1163.92	   1115.14	   1068.46	
   32.9269	   81.6294	   192.843	   463.597	   1083.87	   2307.41	   4291.56	   6861.61	   9661.96	   12392.6	   14707.7	   16361.8	   17132.6	   17446.3	   17550.8	   17610.1	   17638.5	   17613.9	   17507.7	   17289.8	   16923.8	   16704.3	   16312.5	   15852.2	   15186.3	   14328.7	   13426.5	   12608.7	   11961.4	   11368.3	     10805	   10049.6	   9151.17	   8205.33	   7467.38	   6887.85	   6361.98	   5980.52	   5634.44	   5504.38	   5604.94	   5553.95	   5498.08	   5414.82	   5207.56	   4904.15	   4608.69	    4317.5	   4048.91	   3765.55	   3461.47	   3173.72	   2910.01	   2672.56	   2479.68	    2303.8	   2142.92	   2001.51	   1877.94	   1771.96	   1675.72	   1587.38	    1507.8	   1436.02	   1369.77	   1308.21	   1250.87	   1197.26	   1146.94	   1099.18	   1053.62	
   30.0422	   75.6874	   181.656	   439.885	   1028.95	   2175.97	   4002.77	   6291.53	   8724.32	     11084	     13120	   14571.8	   15171.1	     15247	   15052.7	   14801.3	   14639.5	   14582.2	   14611.2	   14632.2	   14548.2	   14334.4	   14348.1	   14089.9	   13601.1	   12919.6	     12183	   11528.7	   10988.1	   10462.7	   9943.31	   9259.18	   8473.17	   7873.89	    7027.3	   6308.41	   5857.49	   5392.74	   5087.92	   4832.67	   4753.99	   4854.72	   4817.31	   4803.36	   4740.56	   4572.18	   4323.25	   4083.03	   3838.72	   3604.16	   3348.56	   3079.29	   2831.93	   2605.38	   2399.21	   2230.44	   2076.95	   1936.45	    1813.5	   1706.03	   1612.99	   1528.08	    1449.8	   1378.87	   1314.57	   1255.06	   1199.61	   1147.82	   1099.28	   1053.66	   1010.28	
    26.562	   68.5206	   167.407	   409.576	   960.564	   2022.97	    3678.2	   5680.36	   7741.88	   9732.62	   11484.9	   12791.6	   13318.7	   13336.5	   13010.7	   12562.9	   12179.2	   11989.4	   11972.5	   12064.3	   12135.5	   12122.9	   12090.2	   12166.7	   11861.4	   11354.2	   10770.9	   10254.7	   9842.04	   9409.08	   8972.98	   8357.65	   7652.33	   7154.82	   6625.99	   5828.01	   5267.14	   4882.28	   4511.96	   4290.07	   4108.43	   4058.72	    4153.4	   4153.87	   4150.39	   4104.83	   3968.77	   3763.92	   3565.17	   3355.13	   3145.42	   2921.95	   2695.89	   2487.97	    2295.6	   2117.66	   1972.78	   1841.09	   1720.78	   1615.45	   1523.11	    1442.6	   1368.82	   1300.52	   1238.33	   1181.72	   1129.16	   1080.05	   1034.05	   990.878	   950.241	
   22.9492	   60.7415	   151.363	   374.583	   883.812	   1859.83	   3353.02	    5092.7	   6816.96	    8454.9	   9930.03	   11085.4	   11602.1	   11645.8	   11336.9	   10824.9	   10307.4	   9954.44	   9816.64	   9841.01	   9937.46	   10024.1	   10123.8	   10139.7	   10131.1	   9795.16	   9354.14	   8944.17	    8638.2	   8299.49	   7959.86	   7440.93	   6808.96	    6375.8	   5938.84	    5417.8	   4797.02	   4331.13	   4030.38	   3755.11	   3598.94	   3464.44	   3433.45	   3542.37	   3551.88	   3555.77	   3522.56	   3411.07	   3238.22	   3068.06	   2882.59	   2701.55	   2517.29	   2331.14	   2157.77	   1994.75	   1843.56	   1720.96	    1609.9	   1508.06	   1418.64	   1340.22	   1271.45	   1208.14	   1149.35	    1095.6	   1046.44	   1000.65	   957.742	   917.488	   879.648	
   19.4818	   52.8357	    134.05	   336.062	   798.871	   1686.94	   3028.01	   4544.53	   5977.76	   7303.09	   8502.88	   9493.57	   9987.35	   10103.9	   9876.45	   9419.09	   8872.23	   8425.53	   8146.65	   8053.37	   8073.17	   8159.74	   8311.36	   8425.24	   8374.67	   8303.77	   8000.01	   7687.41	   7450.33	   7196.41	   6943.16	   6527.62	   5988.52	   5609.98	   5228.87	   4789.15	   4400.56	   3894.82	   3530.55	    3312.9	   3112.11	   2996.14	   2894.81	   2893.77	   2994.05	   3008.69	   3015.62	   2990.18	   2896.03	   2745.99	   2597.31	   2440.15	   2293.37	   2144.16	   1991.97	   1847.72	    1711.7	   1584.95	   1482.85	   1390.17	   1304.66	   1229.56	   1163.75	   1105.68	   1052.03	   1002.08	   956.196	   914.037	   874.639	   837.656	   802.892	
   16.3342	   45.3256	    116.62	   295.594	   709.202	   1505.55	   2704.32	   4031.62	   5237.04	   6300.26	   7254.65	   8063.14	   8511.12	   8677.74	   8565.14	   8210.56	   7728.42	   7267.43	   6907.01	   6685.99	   6596.61	   6606.55	   6732.66	   6878.77	    6919.9	   6827.04	   6738.93	   6522.83	   6347.69	   6142.54	    5969.8	      5642	   5199.19	   4896.27	   4568.64	   4245.39	   3932.29	   3626.87	   3219.79	   2941.25	   2782.18	   2623.35	   2531.38	   2467.13	   2474.32	    2566.3	   2582.45	   2589.81	   2567.93	   2484.36	    2350.8	   2223.96	   2094.96	   1974.83	   1851.58	    1724.2	   1602.79	   1487.69	   1380.06	   1293.62	   1214.85	    1141.9	   1077.87	   1021.82	   972.102	   926.049	   883.043	    843.37	   806.762	   772.484	   740.242	
   15.5604	   44.2518	   115.094	   293.736	   709.643	   1516.41	    2729.8	   4062.33	   5239.14	   6233.45	   7088.69	   7819.25	   8244.24	   8455.02	   8426.85	    8167.7	   7733.63	    7273.8	   6844.94	   6507.25	      6277	   6177.47	   6227.67	   6361.79	   6450.19	   6443.58	   6320.34	   6263.77	   6135.97	   5953.75	   5806.03	   5527.99	   5112.81	   4842.33	   4536.26	   4213.66	   3941.24	   3662.69	   3388.67	   3032.06	   2792.03	   2651.73	   2505.92	   2437.73	   2384.03	   2396.59	   2489.05	   2506.36	   2512.96	   2490.14	   2406.59	   2277.54	   2159.84	   2040.33	   1928.48	   1812.41	   1691.89	   1576.21	   1466.05	   1362.37	   1279.24	   1203.29	    1132.7	   1070.76	   1016.59	   968.339	   923.498	     881.5	   842.608	   806.607	   772.818	
   14.6712	   42.7318	   112.405	   288.002	   697.822	   1497.51	   2705.64	   4023.39	   5176.41	   6120.83	    6898.3	   7533.69	   7909.53	   8119.09	    8153.7	   7990.66	   7657.35	   7251.42	   6826.67	   6422.67	   6077.62	   5840.31	   5775.91	   5833.42	   5913.45	   5956.94	   5910.32	   5817.99	   5834.52	   5692.11	   5575.44	   5325.35	   4958.34	    4718.1	   4441.58	   4133.08	   3858.87	   3585.35	   3332.68	   3104.36	   2801.41	   2590.88	   2467.88	   2352.61	   2296.88	   2251.87	   2266.87	   2355.77	   2372.12	   2377.39	   2354.79	   2276.89	   2158.57	    2052.2	   1943.69	   1841.48	   1734.74	   1623.29	   1515.62	   1412.48	   1314.81	    1236.6	   1164.95	   1098.15	   1039.54	   988.322	   942.514	   899.809	   859.708	   822.458	   787.867	
   13.7025	   40.8528	   108.563	   279.518	   677.551	   1454.86	    2634.3	   3923.58	   5043.76	   5956.94	    6685.1	   7250.64	   7560.39	   7741.29	   7792.06	   7702.58	   7468.97	   7162.51	   6790.13	   6388.18	   5976.78	   5628.34	   5425.93	   5373.26	   5385.03	   5426.27	   5423.17	   5400.04	   5377.51	   5366.17	   5293.93	   5078.03	   4738.33	   4545.97	   4295.09	   4012.13	   3751.04	   3479.04	   3228.62	   3021.08	   2838.92	    2573.5	   2387.73	    2295.9	   2197.73	   2151.02	   2112.41	   2128.43	   2212.05	   2227.18	   2231.62	   2211.02	    2140.5	   2033.03	   1937.27	   1839.01	   1746.11	    1648.5	   1545.98	    1446.3	   1350.26	   1258.77	   1185.58	   1118.38	   1055.57	   1000.48	   952.369	   909.184	   868.821	   830.841	   795.458	
   12.7392	   38.8567	   104.257	   269.569	   654.661	   1403.75	   2539.61	   3787.13	   4880.61	   5769.42	   6482.13	    7017.3	   7293.76	   7431.17	   7473.69	   7414.95	   7261.42	   7050.49	    6774.2	   6420.06	   6006.32	   5591.49	   5277.76	   5094.64	   5007.09	   4989.66	   4981.46	   4994.58	   5027.86	   4974.41	   5026.34	   4852.85	   4540.91	    4369.5	   4157.35	   3890.73	      3649	   3388.32	   3137.64	   2930.15	   2765.52	   2610.43	   2373.97	   2224.27	   2148.33	   2062.01	   2021.47	   1987.46	   2003.21	   2081.84	   2095.79	    2099.9	   2081.68	   2017.69	   1919.35	   1832.31	   1742.63	   1657.63	   1567.84	   1473.07	   1380.37	   1290.55	   1204.48	   1135.76	   1072.58	    1013.4	    961.52	   916.263	   875.521	   837.369	   801.403	
    11.655	   36.3197	   98.3871	   255.459	   621.352	   1332.76	   2404.27	   3579.69	   4621.85	   5484.55	   6176.49	   6703.45	    6974.5	   7087.29	   7093.09	   7029.91	   6906.28	   6760.76	   6571.21	   6303.54	   5931.08	   5512.75	   5135.07	   4850.12	   4646.42	   4543.72	   4483.64	   4493.31	   4557.23	   4557.17	   4577.36	   4529.65	   4265.27	   4123.89	   3934.44	   3706.68	   3483.36	   3247.21	   3012.02	   2808.67	   2647.13	   2510.56	   2378.73	   2186.12	   2058.63	   1994.79	   1918.51	   1883.26	   1852.93	   1868.21	   1941.58	   1954.65	   1959.07	   1943.57	   1886.13	   1796.75	   1718.22	   1637.02	    1559.9	   1478.02	   1391.17	   1305.59	   1222.15	   1141.83	   1077.83	   1018.92	   963.635	   915.201	   873.009	   834.931	   799.205	
   10.5736	   33.5769	   91.7586	   239.338	   583.166	   1251.23	   2255.71	   3349.74	   4323.11	    5148.9	   5831.78	   6354.49	   6650.85	   6772.18	   6763.72	   6672.01	   6548.16	   6421.07	    6291.2	    6101.6	   5806.37	   5423.45	   5039.51	   4696.25	    4402.6	   4198.38	   4062.02	   4023.28	   4078.61	   4106.18	   4177.04	   4109.31	   3963.48	   3861.76	   3699.28	   3491.18	   3302.44	   3085.02	   2872.99	   2684.15	   2526.46	   2392.43	   2277.59	   2181.81	   2015.63	   1904.57	   1849.76	   1781.65	   1750.23	   1722.97	   1737.58	      1806	   1818.57	   1823.48	   1810.51	   1758.89	   1677.55	   1606.65	   1533.12	   1463.17	   1388.57	   1308.96	   1229.94	   1152.52	    1077.7	   1018.23	   963.436	   911.918	   866.835	   827.638	   792.178	
   9.52246	   30.7455	   84.6288	    221.69	   541.475	   1162.67	   2095.17	   3111.99	   4011.65	   4784.58	   5449.13	      5981	   6305.11	   6464.57	   6472.94	   6372.68	   6224.53	   6088.22	   5973.74	   5836.91	   5611.58	   5297.43	   4942.98	   4594.58	   4250.68	    3968.7	   3741.89	   3633.82	   3640.94	   3661.23	    3756.9	   3743.62	   3587.29	    3585.2	   3458.45	   3273.91	   3101.51	   2917.31	   2722.22	   2553.81	   2408.55	   2277.19	   2164.09	   2083.34	   2006.32	   1859.88	   1761.58	   1713.77	   1652.09	    1623.8	   1599.12	   1613.02	   1676.95	   1689.21	   1694.61	    1683.8	   1637.33	   1563.24	   1499.15	    1432.5	   1369.03	   1300.95	   1227.84	   1154.86	    1083.1	   1013.51	   958.314	   907.418	   859.508	   817.648	   781.323	
    8.5161	   27.9058	   77.2689	   203.064	   497.166	   1069.27	   1927.51	   2864.69	   3699.82	   4415.61	   5044.31	   5575.17	   5937.62	   6136.21	   6189.22	    6109.2	   5954.59	   5789.02	    5663.9	    5538.6	   5360.19	   5108.37	   4813.55	   4492.61	   4146.87	   3822.95	    3527.3	   3338.65	   3280.41	   3258.51	      3346	   3363.79	   3263.08	   3244.59	   3208.28	   3055.67	   2903.15	   2735.49	   2570.34	   2416.23	   2288.36	   2167.19	   2055.79	   1975.78	   1911.75	   1847.44	   1716.63	   1628.67	    1586.1	   1529.91	   1504.22	   1481.79	   1495.11	   1554.92	   1566.92	   1572.68	   1563.72	   1521.88	   1454.33	   1396.32	   1335.84	   1278.08	   1215.74	   1148.54	   1081.15	   1014.67	       950	   898.804	   851.585	   807.112	   768.314	
   7.56808	   25.1079	   69.8795	   184.094	   451.432	    972.62	   1755.93	   2613.46	   3383.45	   4053.21	   4640.38	   5150.37	      5536	   5783.28	   5881.13	   5847.65	   5713.47	   5538.57	   5384.03	    5246.4	   5077.34	   4867.32	   4626.37	   4360.24	   4042.24	   3720.01	   3387.79	    3138.9	    3006.9	      2928	   2975.34	   2993.97	   2928.87	   2952.15	    2902.7	   2831.54	   2706.46	   2558.29	   2408.14	    2279.9	   2163.69	   2057.07	   1954.09	   1874.74	   1810.33	   1757.36	   1702.22	   1584.27	   1504.64	   1466.35	   1414.92	   1391.48	   1371.17	   1383.97	   1439.94	   1451.64	   1457.65	   1450.31	   1412.59	   1350.96	   1298.36	    1243.3	   1190.51	   1133.35	   1071.55	   1009.34	   947.767	   887.719	    840.28	   796.536	   755.316	
   6.67728	   22.4196	   62.6331	   165.357	   405.901	   875.487	   1583.42	   2363.09	   3069.72	   3692.91	   4249.77	   4731.59	   5114.68	   5394.85	   5546.57	   5559.79	   5470.93	   5315.61	   5150.21	   4982.96	   4801.67	   4599.53	   4393.81	   4176.81	   3911.14	   3616.86	    3287.1	   3007.39	   2821.12	   2677.92	   2672.13	   2661.76	   2605.62	   2651.87	   2641.71	   2560.66	   2506.78	   2384.67	   2252.08	   2136.26	   2041.98	   1944.74	   1854.02	   1781.32	   1716.42	    1662.3	    1617.1	   1568.88	   1461.57	   1389.04	   1354.31	    1307.1	   1285.75	    1267.4	   1279.71	   1332.03	   1343.38	   1349.59	   1343.62	   1309.58	   1253.26	   1205.39	   1155.06	   1106.72	   1054.25	    997.39	   939.924	    882.92	   827.211	   783.298	   742.813	
   5.83711	   19.8538	   55.7086	   147.252	   361.814	   780.935	   1414.05	   2117.01	   2763.16	   3341.23	   3866.11	   4330.17	   4698.96	   4985.49	   5175.52	   5244.38	   5201.21	   5091.01	   4941.88	   4762.57	   4553.19	   4339.69	   4138.79	   3953.79	   3735.11	    3490.4	   3186.64	   2911.24	   2697.66	   2507.62	   2442.93	   2390.53	   2316.34	   2361.81	   2374.54	   2330.33	   2267.18	   2209.65	   2100.35	   1999.21	   1914.84	   1836.24	   1753.13	   1690.51	   1630.62	   1575.28	   1528.44	   1488.98	   1445.96	   1347.86	   1281.47	   1249.78	   1206.44	      1187	   1170.43	   1182.22	   1231.09	    1242.1	    1248.4	   1243.59	   1212.78	   1161.17	   1117.42	   1071.32	      1027	   978.777	   926.413	   873.327	   820.566	   768.934	   728.311	
   5.04971	   17.4011	     49.13	   130.152	   319.872	   690.959	   1252.18	   1879.85	   2466.45	   3001.71	   3494.99	   3938.41	   4301.34	   4581.55	    4783.7	    4893.7	   4905.12	   4840.16	   4731.33	   4565.63	   4344.46	   4105.29	   3892.37	   3711.88	   3524.59	   3324.23	   3065.94	   2815.96	   2606.48	   2393.58	   2286.53	    2185.5	   2080.55	    2102.1	   2116.58	   2095.19	   2064.09	   2000.03	   1947.89	   1866.43	   1793.99	   1723.37	   1656.31	   1599.59	   1547.89	   1496.43	   1447.92	    1406.5	    1371.3	   1332.45	   1242.42	   1181.46	    1152.5	   1112.69	   1094.97	      1080	   1091.25	   1136.87	   1147.51	   1153.83	   1149.95	   1121.96	   1074.54	   1034.49	    992.19	   951.471	   907.094	   858.835	   809.783	   760.971	   713.147	
   4.33062	   15.0763	   42.8747	   114.084	   280.801	   606.658	   1100.57	   1656.45	   2183.72	   2675.88	   3138.84	   3560.91	   3914.08	   4195.79	   4397.27	   4523.34	   4576.08	   4563.49	   4495.33	   4366.05	   4157.03	   3907.14	   3669.81	   3478.84	   3298.19	   3127.85	    2910.7	   2703.43	   2516.47	    2308.7	    2181.3	   2045.36	   1902.37	   1890.16	   1885.47	   1868.28	   1856.93	   1822.53	   1765.01	   1732.96	   1676.93	   1616.28	    1555.8	   1512.62	    1465.4	   1420.79	   1375.36	   1332.04	   1294.73	    1262.9	   1227.49	   1144.67	   1088.62	    1062.1	   1025.51	   1009.33	   995.787	   1006.51	   1049.07	   1059.29	   1065.53	   1062.38	   1036.85	   993.232	   956.483	   917.613	   880.141	   839.256	   794.755	   749.439	   704.292	
   3.68143	   12.9448	   37.0093	   99.0469	   244.738	   529.586	   961.206	   1450.74	   1921.31	   2369.35	   2800.92	   3202.46	   3544.73	   3823.88	   4032.23	   4162.13	   4232.72	   4259.23	   4238.66	   4146.46	   3970.79	   3731.87	   3483.83	   3271.12	   3083.41	   2920.57	   2731.94	   2563.21	   2413.37	   2226.98	   2104.07	   1952.12	   1781.75	   1730.95	   1697.75	   1665.96	   1657.91	   1642.21	   1611.05	   1573.13	   1559.85	   1513.27	    1461.2	   1422.98	   1387.29	    1346.2	   1306.61	   1265.75	    1226.4	   1192.38	   1163.27	   1130.78	   1054.46	   1002.84	   978.482	   944.793	    929.99	   917.736	   927.931	    967.58	   977.352	   983.435	   980.838	   957.487	   917.292	   883.503	   847.701	   813.154	   775.434	   734.382	     692.5	
   3.12224	   11.0064	   31.6538	   85.0607	   211.309	    459.13	   835.038	   1262.91	   1680.62	   2085.23	   2482.85	   2861.78	   3193.41	   3468.36	   3679.38	   3820.21	   3897.07	   3940.17	   3955.22	   3907.13	   3766.03	   3557.65	   3318.95	   3096.83	   2891.81	    2724.1	   2544.25	   2402.56	   2285.66	    2133.8	   2029.35	   1883.45	   1701.51	   1623.09	   1556.48	   1501.42	   1480.13	   1468.42	   1454.03	    1438.4	   1418.57	   1409.82	   1369.99	   1338.49	   1306.62	   1275.59	   1238.82	   1203.03	   1165.73	   1129.63	   1098.32	   1071.53	   1041.58	   971.175	   923.574	   901.147	   870.104	    856.55	   845.457	   855.118	    892.03	   901.324	   907.183	       905	    883.57	   846.468	   815.315	   782.276	   750.363	   715.544	   677.645	
   2.66874	   9.33071	   26.8073	   72.3879	    180.49	    394.37	    720.62	   1093.79	   1461.49	   1824.77	   2187.72	   2540.44	    2858.7	   3129.34	   3341.27	   3488.89	   3578.76	   3627.63	   3657.57	   3642.99	   3543.63	    3367.3	   3155.92	   2942.34	    2730.7	   2548.76	   2366.73	    2234.3	   2139.84	   2018.98	   1943.86	   1816.61	    1642.3	   1551.24	   1460.59	   1377.31	   1335.27	   1312.67	   1302.02	   1300.21	   1299.09	   1283.96	   1277.93	   1256.65	   1230.33	   1202.39	   1174.58	   1141.12	   1108.31	   1073.95	   1040.61	   1011.68	   986.919	   959.256	   894.245	     850.3	   829.625	   801.013	   788.596	   778.546	   787.685	   822.016	   830.819	   836.383	   834.503	    814.77	   780.437	   751.649	   721.095	   691.597	   659.417	
   2.31304	   7.97253	   22.6394	   61.0125	   152.802	   335.141	   616.188	   941.207	    1264.7	   1587.68	   1916.85	   2241.74	   2541.92	   2805.27	   3017.86	   3170.49	    3269.5	   3330.75	   3365.72	   3365.72	    3299.1	   3161.78	    2979.4	   2790.32	   2587.78	   2400.76	   2208.07	   2075.08	   1987.25	   1888.25	   1838.32	   1739.71	   1584.37	   1497.93	   1396.46	   1292.72	   1225.65	   1185.34	    1165.2	    1165.7	   1175.75	   1177.12	      1165	   1173.51	   1156.08	   1132.92	   1107.69	   1082.33	    1051.5	    1021.2	   989.392	   958.534	   931.713	   908.791	   883.191	   823.131	   782.545	    763.48	   737.105	   725.713	   716.611	   725.232	   757.132	   765.393	   770.618	   768.948	   750.683	   718.849	   692.179	   663.919	   636.609	
   2.02231	   6.91307	   19.2747	   51.2939	   128.141	   282.283	   521.212	   802.567	   1087.55	   1374.87	   1670.06	   1967.19	   2246.53	    2497.6	   2707.85	   2865.17	   2971.65	   3042.31	   3088.59	    3094.2	   3043.42	   2937.49	   2790.54	   2627.33	   2447.71	   2269.12	   2073.47	   1932.28	   1842.59	   1751.53	   1717.82	   1644.32	   1517.25	   1445.13	    1348.4	   1235.71	   1150.53	   1088.56	   1052.87	   1044.01	   1054.96	   1066.13	   1068.74	   1070.71	   1080.27	   1065.04	   1044.04	   1020.92	    997.49	   968.929	   940.825	   911.368	   882.741	   857.861	   836.608	   812.884	   757.395	   719.918	   702.326	   677.995	   667.537	   659.279	   667.387	   696.925	   704.625	   709.479	   707.893	   690.932	   661.352	   636.658	   610.476	
   1.76806	   6.05399	   16.6556	   43.4758	   107.191	    235.46	   436.817	   676.776	   926.556	   1182.96	   1447.93	   1716.19	   1973.73	   2209.35	    2412.2	   2571.26	   2684.91	   2764.04	   2818.98	   2836.14	   2793.23	   2703.78	   2585.58	   2453.89	   2298.15	   2139.74	   1952.81	   1809.99	   1712.01	   1621.45	   1591.14	   1534.73	   1433.34	   1383.08	   1299.99	   1192.24	   1099.28	   1021.65	   966.868	   943.406	    944.87	   956.619	   967.964	   982.507	    985.79	   995.276	   981.511	   962.229	   940.841	    919.11	   892.591	   866.575	   839.248	     812.7	   789.597	   769.866	    747.86	    696.62	    662.01	   645.745	   623.302	   613.679	   606.168	   613.672	   640.943	   648.064	   652.456	   650.897	   635.088	   607.663	   584.769	
   1.52631	   5.31187	   14.5427	   37.4125	   90.4325	   195.947	   362.441	   565.394	   780.561	   1008.43	   1247.41	   1489.99	    1723.8	   1942.65	   2134.83	   2290.74	   2408.82	   2496.59	   2559.41	   2585.76	   2556.25	   2476.27	   2373.51	   2267.38	   2140.22	   2002.39	   1834.36	   1699.98	   1599.79	   1504.08	    1470.5	   1419.54	   1337.05	   1305.48	   1243.04	    1148.2	   1059.82	   975.629	   907.044	       866	   853.431	   856.405	   868.161	   889.801	   904.488	   908.147	   917.153	    904.58	   886.769	   866.956	   846.786	   822.269	   798.142	   772.812	   748.171	   726.689	   708.339	   687.907	   640.591	   608.596	   593.538	   572.813	   563.933	   556.953	   563.821	    588.91	    595.36	   599.287	   597.691	   583.037	   557.625	
   1.29357	   4.61422	    12.731	   32.5424	   77.4945	    164.54	    300.02	   467.435	   651.229	   849.807	   1064.57	   1285.32	   1498.09	   1697.85	   1877.83	   2027.35	   2145.29	   2239.29	   2310.29	   2345.23	   2327.05	   2261.59	   2168.01	   2075.66	   1971.71	   1858.28	   1709.55	   1592.27	   1498.88	   1403.42	   1361.74	   1310.08	   1236.21	    1216.7	   1172.19	   1096.69	   1019.83	   940.068	   865.782	   812.052	   783.002	   773.157	   776.872	   798.039	   819.131	   833.294	   837.006	   845.491	   833.975	   817.551	   799.222	    780.62	   757.931	    735.57	   712.058	    689.15	   669.127	    652.02	   632.979	   589.238	   559.633	   545.637	   526.474	   518.128	   511.566	   517.778	   540.686	   546.481	   549.928	   548.382	   534.792	
   1.06884	   3.94864	   11.0437	   28.3914	   67.1504	   140.445	   250.727	    385.45	   537.344	   708.947	   897.858	   1098.12	    1293.4	   1476.38	   1641.61	   1783.16	   1897.86	   1993.88	   2071.01	    2114.9	   2107.52	   2054.83	   1974.93	    1890.9	   1799.78	   1705.98	   1580.06	   1479.84	   1400.83	   1313.55	   1268.88	   1211.98	   1141.06	   1124.38	   1091.88	   1033.56	   973.759	   904.448	   834.195	   775.106	   734.199	   709.417	   701.491	   714.593	   735.154	   755.216	   768.669	   772.405	   780.387	     769.9	   754.802	   737.974	   720.763	   699.792	   679.011	   657.128	   635.758	   617.032	   600.989	   583.126	   542.639	   515.174	   502.111	   484.237	   476.348	   470.113	   475.583	   496.447	    501.59	   504.707	    503.17	
  0.865373	   3.30664	   9.44879	    24.558	   58.3823	   121.294	   213.201	   320.987	   441.979	   584.467	   749.248	   926.749	   1105.64	   1275.11	   1427.58	   1558.51	   1668.41	   1763.43	   1842.95	   1894.02	   1897.79	   1857.46	   1789.88	   1718.13	   1635.15	   1552.14	   1445.26	   1364.76	   1299.99	   1227.42	   1186.97	   1129.24	   1056.89	   1038.35	   1009.53	    963.15	   918.431	   864.327	   803.259	   747.455	   701.391	   665.921	   644.505	   646.455	   659.552	   679.126	    698.05	   710.826	    714.56	   722.112	   712.604	   698.828	   683.304	   667.363	   647.922	   628.525	   608.064	   588.047	   570.424	   555.253	   538.409	   500.823	   475.267	   462.905	   446.191	   438.713	   432.666	    437.46	   456.428	   461.083	   463.876	
   0.69495	    2.7214	   7.92295	   20.9699	   50.3506	   105.172	    183.64	   272.288	   367.242	   480.126	   617.553	   773.619	   933.532	   1090.36	    1233.1	   1355.19	   1457.68	   1550.05	   1629.31	   1684.22	   1697.55	   1669.96	    1614.5	   1553.86	   1482.56	   1406.62	    1311.5	   1247.12	   1198.76	    1140.5	   1110.12	   1057.87	   987.419	   963.739	   934.306	    892.33	   857.896	   817.265	   769.482	   721.424	   677.934	   637.803	   606.731	   596.018	   598.832	    611.55	   630.053	   647.901	   660.002	   663.715	   670.867	   662.295	   649.611	   635.229	   620.363	   602.239	    584.02	   564.785	   545.912	   529.201	   514.773	   498.788	    463.77	   439.806	   428.069	   412.409	    405.25	     399.4	   403.588	    420.96	   425.152	
  0.560165	   2.22221	   6.53588	   17.5619	   42.8804	   90.4603	   158.885	    234.13	   311.038	   398.352	   506.813	   637.344	    779.22	   920.484	   1054.14	    1170.1	   1266.71	   1353.62	   1431.17	   1487.52	   1507.39	   1491.17	   1448.39	   1398.73	   1338.24	    1272.8	   1186.43	   1131.66	   1096.41	   1053.99	   1033.46	   991.842	   928.368	   903.158	   870.011	   828.597	   797.631	   766.193	    730.28	   693.542	   656.592	   618.715	   583.378	   563.587	    554.69	   557.916	   570.118	   587.604	   604.409	   615.848	   619.472	   626.269	   618.401	    606.62	   593.169	   579.191	   562.171	   544.954	   526.755	   508.846	    492.93	    479.14	    463.91	   431.083	   408.546	    397.39	   382.644	   375.826	   370.177	   373.929	   389.887	
  0.455854	   1.81612	    5.3511	   14.4787	   35.8269	   76.8248	   136.338	   202.292	   267.228	   337.071	   420.019	   522.518	   641.525	   767.849	    889.29	   999.551	   1092.72	   1175.31	   1248.56	   1305.01	   1329.22	   1321.69	   1290.56	   1252.35	   1202.61	   1147.17	   1072.43	   1024.36	   996.421	   966.505	    957.39	   926.152	   873.838	   852.068	   818.297	    774.59	    743.74	    715.35	   687.547	   660.916	   633.735	   601.679	   568.293	   544.368	   526.977	   519.308	   522.703	   534.368	   550.862	    566.67	   577.441	    580.93	   587.292	    579.95	   568.871	   556.167	   542.916	   526.825	   510.463	   493.154	   476.102	   460.894	   447.688	     433.1	   402.236	   380.996	   370.364	   356.478	   349.996	   344.613	   347.992	
  0.375943	   1.49154	   4.38232	   11.8507	   29.4756	   63.9882	   115.461	   173.289	   230.807	   289.517	   355.168	   432.564	   525.341	   631.433	   740.995	   842.272	     932.3	   1012.86	   1082.86	   1136.96	   1164.23	   1163.34	   1141.53	   1113.82	    1075.2	    1029.8	   966.099	   926.688	   903.383	   880.478	   880.007	   860.463	   818.877	   804.593	   774.595	   731.097	   697.938	   669.651	   644.431	   624.646	   606.219	   582.951	   554.776	    532.42	   511.058	   495.386	   488.578	   492.018	   503.105	   518.652	   533.507	   543.626	   546.876	   552.774	   545.801	   535.267	   523.169	   510.532	   495.235	   479.626	   463.123	   446.852	   432.307	   419.634	   405.677	   376.591	   356.523	   346.412	    333.32	   327.192	   322.062	
  0.313204	    1.2358	   3.60292	   9.70158	   24.0797	    52.467	   95.8098	    146.42	   197.606	   250.124	   305.066	   365.578	   434.411	   516.342	   608.453	   700.803	   784.426	   863.249	    932.08	   984.722	    1012.7	   1017.17	   1002.82	   983.511	   955.055	   919.951	    867.03	   835.297	   818.217	   799.654	   803.121	   792.686	   762.838	   755.851	   733.319	   693.892	   660.627	   630.334	   605.104	   587.268	   574.708	   559.367	    539.17	    521.39	   501.377	    481.89	    467.51	   461.346	   464.718	   475.217	   489.858	   503.816	   513.274	   516.241	   521.658	   514.948	   504.853	   493.272	   481.171	   466.577	   451.663	    435.91	   420.375	   406.456	   394.318	   380.983	   353.517	   334.544	    324.94	   312.592	   306.787	
  0.262544	   1.03081	   2.98572	   7.97212	     19.68	   42.7216	   78.2176	   121.099	   166.813	   214.223	    263.75	   314.106	   367.022	   426.566	   496.911	   574.666	   651.788	   725.662	   793.579	   846.609	   875.926	   883.484	   875.401	   862.784	   842.501	    816.73	   774.503	   749.918	   738.119	   725.097	    730.31	   724.591	   704.081	   705.364	   690.167	    658.18	   628.285	   597.916	    570.86	    552.67	   541.546	   531.513	   518.555	   507.899	   492.098	   473.806	   455.775	   442.438	   436.746	   439.985	   449.901	   463.687	   476.785	   485.603	   488.266	    493.21	   486.703	   476.985	   465.861	   454.249	     440.3	   426.041	   410.995	   396.158	   382.849	    371.24	    358.51	   332.546	   314.595	   305.481	   293.814	
  0.219949	   0.86301	   2.48886	   6.60055	   16.1442	   34.8026	    63.382	   98.4183	   137.656	   180.809	   226.025	   271.742	   315.448	   360.274	   410.107	   468.693	    533.73	   602.358	   666.352	   719.928	   752.071	   763.062	   759.166	   752.138	   738.386	   720.098	   687.488	   669.822	   662.825	   654.414	   662.604	   659.483	   644.298	   651.692	   644.768	     620.1	   596.614	   569.355	   542.231	   522.091	   510.329	   501.531	   493.419	   489.166	   480.024	   465.664	    448.73	   431.922	    419.44	   414.117	   417.193	   426.545	   439.519	   451.807	   460.016	   462.381	   466.874	   460.543	    451.17	   440.472	   429.321	   415.981	   402.346	   387.976	    373.81	   361.094	   350.001	   337.862	   313.299	   296.308	   287.656	
  0.183258	  0.720393	    2.0812	   5.49563	   13.3439	   28.4617	   51.3794	   79.3319	   111.467	   148.996	   190.778	   232.968	    273.08	   309.689	    346.18	   386.378	   434.702	   492.668	   552.413	   603.684	   638.622	   654.162	   654.651	   651.366	   643.064	   630.733	   605.964	   594.302	   591.925	   587.656	    598.09	   598.585	   586.741	   596.671	   596.076	   579.657	   562.335	   540.975	   516.736	   496.285	   482.461	   472.986	   465.953	   465.826	   462.688	     454.6	   441.374	     425.6	   409.835	   398.089	   393.074	   395.975	   404.786	   416.997	   428.524	    436.16	   438.242	   442.317	   436.153	   427.109	   416.818	   406.111	   393.353	   380.316	   366.595	   353.075	   340.933	   330.344	   318.775	   295.525	   279.432	
  0.151197	  0.596504	   1.73439	    4.5894	   11.0913	   23.4588	   41.8219	   63.9532	   89.4307	   120.318	    157.04	   196.598	    234.23	   268.176	   297.499	   325.883	   357.905	   400.626	   451.066	   499.598	   534.563	    554.45	   560.211	   560.807	   556.257	   548.871	   530.475	   523.453	   524.932	    524.62	   536.958	   540.325	   532.664	   543.453	    545.89	   536.087	   525.709	   509.941	   491.159	   473.107	    458.76	   447.299	   439.579	   440.045	   440.765	   438.342	   431.051	   418.794	    404.02	   389.176	   378.087	   373.339	   376.064	   384.362	   395.852	   406.665	   413.764	   415.586	   419.277	   413.278	   404.553	   394.659	   384.382	   372.185	   359.725	   346.629	   333.732	   322.144	   312.044	   301.025	   279.009	
  0.123772	  0.487452	   1.43303	   3.81906	   9.24638	   19.4489	   34.3304	   51.7744	   71.7228	   96.1709	   126.531	   161.638	    197.64	   229.991	   257.517	    279.83	   301.489	   329.157	   365.992	   407.025	   441.391	   462.998	   473.775	   478.986	   478.222	    474.27	   461.254	   457.851	   462.051	   465.003	    479.16	   485.018	   480.821	   493.348	   497.242	   491.034	   486.219	   476.736	   463.025	   449.715	    437.35	   425.337	   415.721	   415.154	   416.397	   417.608	   415.679	   409.052	   397.625	    383.74	   369.731	    359.24	   354.732	   357.286	   365.097	   375.908	   386.048	   392.646	   394.229	   397.567	   391.736	   383.326	   373.819	   363.962	   352.306	   340.405	   327.912	   315.615	   304.565	   294.938	   284.449	
  0.100893	  0.394158	   1.16777	   3.15063	   7.68107	   16.1759	   28.3627	   42.3062	   57.7772	   76.8187	   100.847	   129.986	   162.313	     193.9	   220.645	   241.966	   258.512	   276.617	   299.944	   329.399	   358.662	   381.236	   394.643	   404.216	   407.785	   407.244	   398.195	   397.767	   403.874	   409.076	   424.505	    432.71	   431.579	   445.287	   451.412	   447.297	    445.37	   440.985	   432.905	   423.971	   415.732	   405.487	   395.309	    392.62	   392.854	   394.541	   396.048	   394.507	   388.429	   377.733	   364.651	   351.408	   341.467	   337.177	   339.565	   346.915	   357.084	   366.592	   372.723	   374.087	   377.103	   371.441	   363.338	   354.208	    344.76	   333.626	   322.263	    310.35	   298.632	   288.101	   278.931	
 0.0824608	  0.316788	  0.941099	   2.56313	   6.32495	   13.4042	   23.5146	   34.8204	   47.0161	   61.6411	   80.3043	   103.351	   130.213	   158.917	    185.68	   206.944	   223.077	   236.574	    251.36	   269.155	   289.392	   308.799	   324.033	   335.878	    343.48	   346.763	   341.536	   343.044	   350.584	   357.305	   373.181	   383.163	   384.908	   399.529	   407.336	   406.012	   405.633	     403.9	   400.403	   396.345	    391.88	   385.389	   376.806	   373.285	   371.488	   372.204	   374.156	   375.871	   374.626	   369.018	   358.979	   346.635	   334.099	    324.67	    320.58	   322.806	   329.718	    339.28	   348.191	   353.881	   355.043	   357.761	   352.265	   344.462	   335.697	   326.643	   316.012	   305.167	   293.813	   282.652	   272.623	
 0.0679126	  0.255369	   0.75351	   2.06203	   5.13513	    11.006	   19.4182	   28.7759	   38.5678	   49.9996	   64.2456	   82.0882	    103.18	   127.098	   151.765	   173.714	   190.288	   203.599	   214.339	   224.843	   235.689	   248.305	   261.661	   275.042	   284.813	    291.62	   290.457	   293.927	   302.091	   309.922	   325.701	   336.642	   340.693	   356.153	   365.358	    366.26	   368.117	   367.773	   366.611	   366.465	   366.219	   363.152	   358.006	   355.686	   353.079	    351.86	   352.886	   355.021	   356.869	   355.858	   350.664	   341.226	   329.566	   317.692	   308.741	   304.836	   306.905	     313.4	   322.385	   330.732	   336.008	   336.983	   339.425	   334.093	   326.582	   318.172	   309.501	   299.354	    289.01	   278.195	   267.572	
 0.0565882	  0.207946	   0.60509	    1.6481	   4.12251	   8.90413	   15.8757	     23.68	   31.7841	   40.9109	   51.9845	   65.5123	    81.636	   100.341	   120.966	   141.542	   159.244	   173.184	   183.896	   191.094	   196.192	   201.491	   209.716	   221.458	   232.693	   241.393	   243.946	   249.712	   258.627	   266.866	   282.308	   293.653	   299.213	   315.094	   325.595	   328.396	   331.954	   333.646	   333.671	   335.383	   338.452	   339.213	   337.191	   337.776	    336.28	   334.281	   333.468	   334.722	   336.969	   338.899	   338.081	   333.258	   324.376	   313.354	   302.103	   293.601	   289.869	   291.788	   297.887	   306.328	   314.143	   319.032	   319.837	   322.026	   316.861	   309.636	   301.572	   293.274	   283.597	   273.737	   263.442	
 0.0474937	  0.172067	  0.491045	   1.32113	     3.288	   7.11946	   12.7699	   19.2693	   26.0702	   33.6398	   42.4471	   52.8958	    64.906	   79.0935	   95.1582	   112.431	   129.323	   144.518	   155.938	   163.414	   166.141	   167.112	   169.606	   176.957	   186.895	   196.832	   201.613	   209.463	   219.492	   228.253	   242.847	   254.311	   260.805	   276.481	   287.833	   292.485	   297.378	   300.617	   302.503	   305.036	   309.526	   313.276	   314.748	   317.915	   319.135	   318.174	   316.615	   316.124	   317.537	   319.849	   321.829	   321.172	   316.689	   308.325	   297.906	   287.241	   279.163	   275.595	   277.372	   283.097	   291.023	   298.338	   302.865	   303.517	   305.475	   300.477	   293.535	    285.81	   277.876	   268.653	   259.262	
 0.0400075	  0.143847	    0.4053	   1.07041	   2.63046	   5.65407	   10.1396	   15.3927	   21.1156	   27.5172	   34.8372	   43.1092	   52.2479	    62.679	   74.7627	   88.1504	   102.394	   117.042	   129.745	    138.15	   141.591	   141.039	   140.212	   142.686	   148.963	   157.766	   164.114	   172.872	   183.893	   193.501	   207.468	    218.53	   225.639	   240.701	   252.275	    258.35	   264.582	       269	   272.312	   276.294	   281.264	   286.246	   290.429	   296.495	   300.119	   301.709	   301.127	   299.927	   299.687	   301.212	   303.559	   305.567	   305.052	   300.882	   293.007	   283.155	   273.047	   265.374	   261.962	   263.607	   268.978	    276.42	   283.264	   287.454	   287.968	   289.715	   284.886	   278.223	    270.83	    263.25	   254.467	
 0.0336872	  0.120888	  0.338197	  0.882173	   2.12742	   4.50463	   7.98963	   12.1101	   16.7436	   22.1934	   28.4233	   35.3075	   42.4867	   50.3293	    59.085	   69.0512	   80.0407	   92.4084	   104.768	   114.611	   119.304	   119.817	   117.956	   117.601	   119.794	    125.47	   131.299	   140.513	   151.579	   161.939	   175.685	   186.512	   193.721	   208.023	   219.407	   226.182	   233.415	   239.079	   243.422	   248.468	   254.509	   259.858	    265.12	   273.328	   279.649	   283.489	    285.31	   285.029	   284.118	   284.078	   285.682	   288.041	   290.061	   289.669	   285.789	    278.37	   269.054	   259.471	   252.179	   248.914	   250.428	   255.458	   262.432	   268.823	   272.688	   273.068	   274.614	   269.946	   263.551	   256.476	   249.237	
 0.0281917	  0.101581	  0.283734	   0.73505	   1.75049	   3.63026	   6.31618	   9.43732	    13.042	   17.4805	   22.8362	   28.7306	     34.74	   40.8511	   47.3449	   54.4335	   62.5344	   72.0249	    82.471	   92.2862	   98.6624	   100.658	   99.8963	   98.6436	   98.4686	   100.665	   104.208	   112.235	   123.026	   133.304	   146.836	   157.757	   165.164	   178.374	   189.394	   196.469	   204.003	   210.626	   216.116	   221.875	   228.641	   234.904	   240.444	   249.264	    257.56	   263.919	    267.85	   269.834	   269.789	   269.113	   269.236	   270.895	    273.25	   275.268	   274.982	   271.369	   264.378	   255.566	    246.48	   239.548	   236.417	   237.802	     242.5	   249.021	   254.973	   258.522	   258.771	   260.122	   255.608	   249.469	     242.7	
 0.0234047	 0.0846743	  0.238045	  0.615695	   1.45638	   2.97935	   5.05695	   7.37624	   10.0405	   13.4921	   17.8815	   22.9987	   28.2182	   33.3496	   38.3637	   43.5259	   49.1813	   56.1072	   64.0859	   72.4445	   79.2043	   83.0101	   83.6726	   83.3081	   82.3778	   82.5435	   83.4181	   88.9129	   98.0905	   108.005	   120.659	    131.64	   139.493	   151.822	   162.129	   169.368	   176.912	   183.761	   190.115	   196.696	   203.872	   210.729	   217.052	   225.747	   234.569	   242.758	   249.046	   253.011	   255.102	   255.246	   254.768	   255.026	   256.722	   259.065	   261.072	   260.882	   257.518	   250.933	   242.603	   233.993	   227.407	   224.408	   225.671	   230.055	   236.146	   241.682	   244.936	   245.066	   246.241	   241.882	   235.996	
 0.0194392	 0.0698356	   0.19806	   0.51575	   1.21791	   2.47392	   4.13225	   5.84858	   7.74959	   10.2718	   13.6954	   17.9172	   22.5296	    27.036	   31.2661	   35.2003	   39.2413	   43.9966	   49.7697	    56.136	   61.9909	   66.4567	   68.8036	   69.5909	    69.397	   68.8948	   68.2509	    71.048	    77.572	   85.9647	   97.5896	   108.001	   116.236	   128.026	   137.792	   144.748	   152.252	   159.103	   165.579	    172.73	   180.422	   187.579	   194.388	   203.442	   212.091	   220.735	   228.721	   234.889	   238.837	   240.993	   241.289	   240.979	   241.351	   243.071	   245.389	   247.378	   247.271	   244.143	   237.946	   230.077	   221.926	   215.673	   212.803	    213.95	   218.034	   223.714	   228.856	   231.832	   231.857	   232.869	   228.666	
 0.0162603	 0.0576563	  0.162972	  0.428455	   1.01854	   2.06503	   3.42141	   4.74965	   6.07894	   7.83613	   10.3293	   13.6344	   17.4815	   21.5276	   25.2958	   28.6325	   31.6702	   35.0027	   38.9047	   43.4687	   47.8916	   51.8696	   54.9243	    57.073	   57.8279	   57.9086	   56.8445	   58.0361	   61.8848	   67.8703	   77.5447	   87.2182	   95.2371	   106.533	   116.049	   122.825	   129.827	   136.672	   143.135	   150.196	    158.18	   165.734	   172.755	   181.903	   190.834	   199.273	   207.652	   215.393	   221.399	   225.293	    227.48	   227.897	   227.729	   228.195	   229.924	   232.208	   234.169	   234.134	   231.225	   225.397	   217.969	   210.257	   204.326	   201.578	   202.614	   206.409	   211.697	   216.462	   219.174	   219.101	   219.963	
 0.0134941	 0.0480912	  0.134239	     0.352	  0.844696	   1.72379	   2.84908	   3.91887	   4.90392	   6.08509	   7.80276	   10.2046	   13.2276	   16.6358	   20.0846	   23.1099	    25.703	   28.1644	   30.8498	   33.8718	   36.9656	   39.9516	   42.7379	    45.433	   47.3012	   48.1344	   47.6648	   48.2499	   50.4574	   54.0374	   61.0942	   69.1606	   76.7641	   87.1107	   96.3852	   103.293	   109.916	   116.234	   122.717	   129.566	   137.239	   144.968	   152.274	   161.258	   170.201	   178.843	   186.974	   195.033	   202.475	    208.27	   212.066	   214.244	   214.746	   214.689	   215.221	   216.935	   219.163	   221.077	   221.097	   218.392	   212.917	    205.92	   198.638	   193.023	   190.397	   191.327	   194.842	    199.75	   204.152	   206.617	    206.46	
 0.0111832	 0.0396855	  0.111769	  0.289481	  0.692762	   1.42632	    2.3728	   3.25593	   4.03111	   4.87754	   6.00632	   7.64503	   9.82746	   12.5179	   15.4574	   18.2917	   20.6888	    22.786	   24.7377	   26.7687	   28.7051	   30.7358	   32.8107	   35.2466	   37.5461	   39.2638	   39.5119	   40.3745	   41.8606	   43.9591	   48.5225	   54.3512	   60.7223	   70.0342	   78.6202	   85.6226	   92.2135	    98.124	   104.121	   110.805	   118.074	   125.429	   132.814	   141.717	    150.43	    159.02	   167.284	   175.057	   182.747	   189.847	   195.394	   199.056	   201.195	   201.753	   201.779	   202.353	   204.032	   206.186	   208.037	   208.098	   205.585	   200.455	   193.879	   187.023	   181.721	    179.22	    180.05	   183.297	   187.838	   191.893	   194.125	
0.00926623	 0.0326918	 0.0920157	  0.240624	  0.568715	   1.16649	   1.95682	   2.70625	   3.34098	   3.99509	   4.78711	   5.84109	   7.30072	   9.23464	   11.5686	   14.0185	   16.3191	   18.2806	   19.9443	   21.3917	   22.6054	   23.7855	   25.1563	   26.9729	   29.0394	   31.0754	   32.1388	     33.39	   34.9472	   36.3825	   39.3729	   43.0531	   47.5951	   55.2478	   63.0448	   69.6684	   76.2124	   82.0808	   87.6802	   93.7759	   100.717	   107.631	    114.61	   123.275	   131.852	   140.179	   148.355	   156.216	   163.604	   170.906	    177.65	   182.933	   186.449	   188.533	   189.133	   189.229	   189.833	   191.468	   193.544	   195.328	   195.424	   193.094	   188.295	   182.129	   175.686	   170.693	   168.316	   169.052	   172.042	   176.231	   179.956	
0.00767361	 0.0269305	 0.0756078	  0.197783	  0.471894	  0.955034	   1.59292	   2.22328	   2.76993	   3.30193	   3.90654	   4.63014	   5.53291	   6.80611	   8.47815	   10.4373	   12.4537	   14.3685	   15.9433	   17.1864	        18	   18.6656	   19.3994	   20.6105	    22.151	   23.9604	   25.3597	   27.0835	   28.8222	   30.2916	   32.4966	   34.8365	   37.5937	   43.1745	   49.5914	   55.7106	   61.8033	   67.6169	   73.1453	   78.7514	   84.9982	   91.5483	   98.0652	   106.066	    114.36	   122.511	     130.4	    138.14	   145.575	   152.561	   159.461	   165.838	   170.849	   174.207	   176.226	   176.853	   177.006	    177.63	   179.214	   181.205	   182.918	   183.043	   180.887	    176.41	    170.64	   164.602	   159.909	   157.657	   158.305	   161.048	   164.899	
0.00622407	 0.0221709	 0.0621366	   0.16226	  0.387243	  0.790792	   1.29851	   1.79787	   2.26393	   2.72859	   3.21708	    3.7617	   4.35912	   5.11932	   6.20384	   7.60368	   9.22799	   10.9213	   12.4829	   13.6875	   14.4076	   14.8087	   15.1688	    15.837	   16.8679	   18.2166	   19.4911	   21.3022	    23.305	   24.9057	    26.975	   28.6681	   30.3294	   33.9951	    38.636	   43.6895	   49.2388	   54.6364	   60.0797	   65.5034	   71.1669	   77.0276	   83.1574	   90.4699	   98.0882	   105.927	   113.609	   121.042	   128.326	   135.321	   141.894	   148.386	   154.389	   159.121	   162.312	   164.254	   164.897	   165.095	   165.729	   167.255	   169.157	   170.794	   170.941	   168.951	   164.783	   159.399	   153.756	    149.36	    147.23	   147.795	     150.3	
0.00506586	 0.0177209	 0.0510436	  0.133166	  0.317207	  0.647396	   1.07229	   1.45508	   1.81465	   2.21612	   2.64616	   3.08204	   3.52633	   4.01038	   4.63532	   5.52992	   6.68886	   8.05647	   9.44769	   10.6732	   11.4289	   11.8072	   11.9891	   12.3362	   12.9134	   13.8227	   14.7678	   16.3136	   18.2646	   20.0682	   22.1037	   23.7216	    24.882	   27.3374	   30.3234	    33.926	   38.4576	   43.3571	   48.3901	   53.6239	   58.9894	   64.2602	   69.7038	   76.4125	   83.3243	   90.4737	   97.8056	   104.988	   111.929	   118.727	   125.253	   131.385	   137.442	   143.047	   147.472	    150.47	   152.309	   152.942	   153.159	   153.779	   155.225	   157.016	   158.556	   158.706	   156.865	   152.995	    147.99	   142.736	   138.631	   136.619	   137.094	
0.00413919	 0.0142334	 0.0406772	  0.109269	  0.260012	  0.529135	  0.874586	   1.19536	   1.45572	   1.75942	    2.1343	   2.52084	   2.87981	   3.23164	   3.61389	   4.11005	   4.84209	   5.81317	   6.94032	   8.04561	   8.87778	   9.33061	   9.52398	   9.71366	   10.0219	   10.5442	   11.1669	   12.3151	   13.9352	   15.6695	   17.7461	   19.3718	   20.5231	   22.3536	   24.3044	   26.5341	   29.7336	   33.7191	   38.2672	   43.0346	   48.1102	   53.0574	   57.9146	   63.7764	   70.0678	   76.5071	   83.1458	   89.9468	   96.5987	   103.023	   109.311	   115.345	   121.015	   126.615	   131.799	   135.896	   138.677	    140.39	   140.989	   141.205	   141.791	   143.136	   144.796	   146.219	   146.356	   144.651	    141.07	   136.437	   131.568	   127.751	   125.852	
0.00339364	  0.011494	 0.0325978	 0.0870664	  0.213137	  0.432919	   0.71221	   0.96751	   1.18876	   1.39801	   1.67798	   2.01785	   2.34853	   2.63151	   2.90325	   3.19313	   3.58569	   4.18961	   4.98817	   5.88863	   6.66923	   7.22238	   7.50017	   7.68837	   7.86277	    8.1539	    8.4886	   9.27963	   10.4809	     11.91	   13.8038	   15.4969	   16.7032	   18.3754	    19.807	   21.1916	   23.1493	   25.9522	   29.6512	    33.906	   38.4649	   43.1096	   47.6366	   52.7829	    58.251	   64.0801	   70.0281	   76.1534	   82.4151	   88.5352	    94.443	   100.224	    105.77	   110.982	    116.13	   120.898	   124.668	   127.231	   128.814	   129.375	   129.583	   130.131	   131.373	   132.901	   134.208	    134.33	   132.756	   129.457	   125.186	   120.694	   117.159	
0.00279051	 0.0093338	 0.0262731	 0.0697743	  0.169805	  0.354256	  0.580796	   0.78186	  0.953675	   1.13378	   1.32071	    1.5715	   1.87185	   2.13982	   2.35801	   2.55878	   2.77811	   3.08941	   3.58126	    4.2175	   4.86606	   5.40812	   5.78604	   6.03236	   6.19973	   6.37283	   6.53981	   7.02959	   7.86885	   8.92323	   10.4501	   12.0073	   13.3141	   14.9018	   16.2262	   17.2081	   18.4027	   20.1113	   22.7346	   26.1704	   30.1867	     34.33	   38.5503	   43.2373	   48.0098	   53.0485	   58.4026	   63.8597	   69.4643	   75.1883	   80.7799	   86.1757	   91.4546	   96.5196	   101.279	   105.982	   110.337	   113.782	   116.126	   117.576	   118.093	   118.289	   118.793	   119.931	   121.326	   122.517	   122.621	   121.174	   118.148	   114.231	   110.105	
0.00230002	0.00761631	 0.0213117	 0.0562238	   0.13608	   0.28156	  0.473798	  0.633384	  0.764486	  0.901562	   1.06427	    1.2271	   1.44849	   1.69833	   1.91204	    2.0732	   2.22088	   2.38548	   2.63193	   3.01881	   3.47672	   3.93628	   4.32091	   4.63859	   4.84671	   5.00586	   5.09223	   5.39729	   5.93951	   6.67393	   7.79775	   9.05266	   10.2762	   11.8333	   13.1115	   14.0459	   14.8743	   15.9142	   17.5521	   19.9879	    23.207	   26.8324	   30.5722	   34.8415	   39.1587	   43.5305	   48.1319	   53.0146	   57.9747	   63.0622	   68.2542	   73.3241	   78.2155	   83.0005	   87.5916	   91.9058	   96.1681	   100.116	    103.24	   105.365	    106.68	   107.149	   107.327	   107.784	   108.814	   110.077	   111.151	   111.236	   109.912	    107.15	   103.575	
0.00189878	0.00623667	 0.0173638	 0.0455772	  0.109563	  0.225017	  0.373661	  0.512314	  0.612658	  0.714178	  0.835883	  0.978768	   1.11719	   1.29897	   1.50229	   1.66562	   1.78354	   1.89578	   2.01961	   2.20561	    2.4759	   2.80026	   3.13025	   3.44362	   3.70291	   3.88727	   3.97271	   4.17447	   4.52743	   4.99703	   5.78166	   6.69568	   7.68195	   9.05632	   10.3262	   11.2548	   12.0264	   12.7388	   13.7625	   15.2838	   17.5525	    20.425	   23.6678	   27.3831	   31.2911	   35.2167	   39.1722	   43.3163	   47.6877	   52.1224	   56.6859	   61.3585	   65.9302	   70.3398	   74.6547	   78.7901	   82.6737	   86.5079	   90.0589	   92.8657	   94.7773	   95.9638	   96.3959	     96.57	   96.9985	   97.9392	   99.0813	   100.046	    100.12	     98.92	   96.4258	
 0.0015699	0.00512251	 0.0141966	 0.0371094	 0.0887835	  0.180782	  0.296989	  0.400421	  0.492797	  0.568876	  0.658296	  0.765073	  0.886595	  0.995526	   1.14268	   1.30397	    1.4292	   1.52093	   1.60218	   1.68948	   1.80702	   1.99298	   2.22566	   2.49153	   2.74294	   2.96058	   3.07394	   3.24458	   3.48791	   3.79329	   4.31002	   4.94175	   5.65619	   6.73964	    7.8703	   8.82978	   9.59235	   10.2549	   10.9766	   11.9366	   13.3639	   15.3796	   17.9363	   21.1048	   24.4841	   28.0156	   31.5452	   35.0843	    38.769	    42.654	   46.6078	   50.6883	   54.8719	   58.9616	   62.9061	   66.7609	   70.4531	   73.9171	   77.3374	   80.5033	   83.0083	   84.7158	   85.7814	   86.1749	   86.3385	    86.725	   87.5646	   88.5817	   89.4422	   89.5022	   88.4238	
0.00129923	0.00423432	 0.0116388	 0.0303155	 0.0722397	  0.146231	  0.237332	  0.316112	   0.38055	  0.455274	  0.522024	  0.600256	  0.687972	   0.78585	  0.870301	  0.986348	    1.1143	   1.21769	   1.28422	    1.3383	   1.38269	   1.45408	   1.58478	   1.77103	   1.98184	   2.18785	   2.33386	   2.50012	   2.69945	   2.90942	   3.25663	   3.66573	   4.15451	   4.93824	    5.8304	    6.7012	   7.48915	   8.14318	   8.80732	   9.48663	   10.3953	   11.6577	   13.4434	   15.9195	   18.7844	   21.8215	   24.9794	   28.1179	   31.2397	   34.4877	   37.9258	    41.435	   45.0604	    48.773	   52.3998	   55.8924	   59.3026	    62.566	   65.6267	   68.6482	   71.4487	   73.6664	   75.1816	     76.13	   76.4812	   76.6231	    76.958	   77.6951	   78.5938	   79.3533	   79.4022	
0.00107578	0.00349615	0.00959528	 0.0248233	  0.058963	  0.118789	  0.191208	  0.251585	  0.297152	  0.347353	  0.416373	  0.474803	  0.536013	  0.605812	  0.683377	  0.747038	  0.838678	  0.949267	   1.02803	   1.07267	   1.09497	   1.11286	   1.15821	   1.26274	    1.4091	    1.5793	   1.72176	   1.89005	   2.07115	   2.24208	   2.48657	   2.75645	   3.06672	   3.60917	    4.2513	   4.94144	   5.65504	   6.33076	   6.97392	   7.59115	   8.23587	   9.03433	   10.1463	   11.8766	   14.1036	   16.6654	    19.368	   22.1625	   24.9111	   27.6368	   30.4826	   33.5065	   36.5963	   39.7841	   43.0457	   46.2253	   49.2832	   52.2663	   55.1201	   57.7944	   60.4392	   62.8937	   64.8407	   66.1718	   67.0047	   67.3065	   67.4191	    67.702	   68.3441	   69.1296	   69.7941	
0.000890916	  0.002893	0.00789964	 0.0204548	 0.0483082	 0.0969467	  0.154965	  0.202645	    0.2341	  0.268357	  0.314581	  0.378111	  0.421688	  0.469265	  0.523498	  0.583782	  0.632384	  0.715201	  0.802338	  0.859542	  0.878618	  0.882106	  0.889036	   0.92532	   1.00687	   1.12402	   1.24299	   1.38817	     1.559	   1.71326	   1.90862	   2.09567	    2.2959	    2.6516	   3.09249	   3.58635	   4.14934	   4.76222	   5.41263	   6.00313	   6.58236	   7.14458	   7.84175	    8.9314	   10.4796	    12.461	   14.7315	   17.1147	   19.5503	   21.9309	   24.2919	    26.765	   29.3984	   32.0856	   34.8557	   37.6843	   40.4372	   43.0812	   45.6601	   48.1258	   50.4387	   52.7303	   54.8613	   56.5524	   57.7073	   58.4244	   58.6739	    58.759	   58.9972	   59.5502	   60.2304	
0.000737714	0.00240286	0.00651876	 0.0168533	 0.0398099	 0.0794449	  0.126278	  0.164268	  0.185413	  0.207707	  0.237768	  0.278954	  0.323892	  0.356059	   0.39074	  0.431067	  0.474628	  0.531209	  0.592333	  0.650275	  0.677164	  0.683666	  0.683846	  0.691753	  0.727528	  0.797458	  0.878773	  0.986765	   1.11704	   1.24211	   1.39325	   1.53265	   1.67164	   1.91692	   2.21575	   2.55608	   2.94993	   3.39819	   3.92008	   4.43108	   4.91779	   5.37815	   5.87665	   6.61626	   7.65117	   9.05206	     10.78	   12.6925	   14.6459	   16.6088	   18.5712	   20.5895	   22.7531	   25.0505	   27.4139	   29.8329	   32.2694	   34.6242	   36.8942	   39.0952	   41.2065	   43.2176	   45.2202	   47.0765	   48.5583	   49.5781	   50.1994	   50.4277	   50.5334	   50.7713	   51.2712	
0.000610726	0.00200745	0.00539414	 0.0139175	  0.032816	 0.0654468	  0.103451	  0.134781	  0.148135	   0.16263	  0.182442	  0.209138	  0.238025	  0.273065	  0.295816	  0.321051	  0.350309	  0.398062	  0.439582	  0.480245	  0.513106	   0.52747	  0.531546	  0.531383	  0.542516	  0.574152	  0.620764	  0.692121	  0.786583	  0.880953	  0.999223	   1.10604	   1.20869	   1.37993	   1.58411	   1.81022	   2.07309	    2.3809	   2.76064	   3.16615	   3.58095	   3.96412	   4.36613	   4.89618	   5.60021	   6.53139	   7.73765	   9.17302	   10.7211	    12.275	   13.8742	   15.5323	   17.2785	   19.1447	   21.1405	   23.1793	   25.2369	   27.2948	    29.291	   31.2043	   33.0662	   34.8804	   36.6184	   38.3415	   39.9439	   41.2282	   42.1001	   42.6427	   42.8683	    42.989	   43.2121	
0.000505404	0.00171595	0.00450071	 0.0115359	 0.0271154	  0.053957	 0.0851029	  0.112041	  0.119182	  0.128615	  0.141879	  0.159416	  0.178288	  0.200207	  0.226869	  0.243112	  0.261333	  0.293307	  0.329395	  0.357008	  0.380376	  0.400958	  0.412281	   0.41302	  0.415707	  0.426502	  0.445133	  0.485596	  0.546993	   0.61442	  0.701491	  0.784579	  0.862751	  0.986701	    1.1276	   1.27855	   1.44629	   1.64718	   1.90673	   2.19733	   2.52202	   2.84659	   3.17604	   3.59187	   4.09345	   4.72158	   5.51176	   6.49587	   7.63984	     8.857	   10.1097	   11.4476	   12.8669	   14.3566	   15.9588	   17.6581	   19.3705	   21.0869	   22.8099	   24.4723	   26.0722	   27.6535	   29.2018	   30.6792	   32.1469	   33.5134	    34.596	   35.3409	   35.8241	   36.0391	   36.1557	
0.000418047	0.00155658	0.00386907	0.00963685	 0.0224744	 0.0445577	 0.0701016	  0.092492	  0.096207	  0.102528	  0.111711	  0.123479	  0.136012	  0.149719	  0.165937	  0.186763	  0.198545	  0.218408	  0.242884	  0.268315	  0.284319	  0.298902	  0.316064	  0.320852	  0.322606	  0.325601	  0.329427	  0.346573	  0.381436	  0.424325	  0.485651	  0.546354	  0.607063	  0.698267	  0.798864	  0.900298	   1.00686	   1.13173	   1.30112	    1.4968	   1.72741	   1.98094	   2.25607	   2.58541	   2.97066	    3.4119	   3.93605	   4.56721	   5.33702	   6.22634	   7.20158	   8.24339	   9.37887	   10.5777	   11.8422	   13.1896	   14.5996	   16.0117	   17.4326	   18.8522	   20.2276	   21.5707	   22.9028	    24.201	    25.442	   26.6744	   27.8089	   28.7149	   29.3518	    29.769	   29.9542	
0.00034561	 0.0014498	0.00345939	0.00807181	 0.0186257	  0.036792	 0.0577801	 0.0762257	 0.0782438	 0.0823994	 0.0891467	 0.0971251	  0.105442	  0.114052	   0.12383	  0.136405	  0.153171	  0.165524	  0.180912	  0.198517	  0.215007	  0.224846	  0.238319	  0.246671	  0.250441	  0.251939	  0.250698	  0.256006	  0.271632	  0.295305	  0.334778	  0.377344	  0.421792	  0.489853	  0.562939	  0.633619	  0.701024	  0.778291	  0.884959	   1.01168	   1.16714	   1.34834	    1.5622	   1.82692	   2.12428	    2.4563	   2.81821	   3.22891	   3.71377	   4.30711	   5.01961	    5.8297	   6.70964	   7.66133	   8.66799	   9.71949	   10.8256	   11.9772	    13.135	    14.295	   15.4583	    16.599	   17.7147	   18.8151	   19.8878	    20.912	   21.9182	   22.8484	    23.598	    24.124	   24.4626	
0.000798396	 0.0101438	  0.027411	 0.0539968	 0.0932863	  0.170592	  0.270314	  0.342479	  0.377873	   0.40147	  0.422129	  0.440044	  0.449608	  0.454732	  0.459013	  0.467246	  0.485378	  0.521267	  0.565318	  0.613353	  0.660872	  0.706039	  0.743941	  0.784712	  0.823413	  0.860837	   0.88587	  0.926147	  0.977168	   1.02652	   1.11319	   1.20208	   1.30796	   1.50261	   1.73519	   1.97306	   2.18702	   2.41715	   2.73459	   3.08387	   3.49709	   3.97975	   4.57528	   5.38375	   6.39114	    7.5829	   8.92779	   10.3694	   11.8777	   13.4754	   15.2834	    17.417	   19.9166	   22.7441	    25.892	   29.3128	   32.9457	   36.7627	   40.7525	    44.846	   49.0041	   53.2186	   57.4318	   61.5784	   65.6335	   69.5666	   73.3147	   76.8968	   80.3005	   83.4189	    86.118	
         	         	         	         	         	         	         	         	         	         	         	         	         	         	         	         	         	         	         	         	         	         	         	         	         	         	         	         	         	         	         	         	         	         	         	         	         	         	         	         	         	         	         	         	         	         	         	         	         	         	         	         	         	         	         	         	         	         	         	         	         	         	         	         	         	         	         	         	         	         	         	
         	         	         	         	         	         	         	         	         	         	         	         	         	         	         	         	         	         	         	         	         	         	         	         	         	         	         	         	         	         	         	         	         	         	         	         	         	         	         	         	         	         	         	         	         	         	         	         	         	         	         	         	         	         	         	         	         	         	         	         	         	         	         	         	         	         	         	         	         	         	         	
