     0	     0	0.00015133	0.000240145	0.000545999	 0.0014141	0.00378919	0.00992798	  0.023827	 0.0488257	 0.0829128	  0.121441	   0.16134	  0.200789	  0.238035	  0.271799	  0.301071	  0.325351	  0.344527	  0.359198	  0.369747	  0.376871	  0.381083	  0.383448	  0.384592	  0.385455	  0.386423	   0.38749	  0.389057	  0.390822	  0.392684	  0.394167	  0.394842	  0.394781	  0.393795	  0.391697	   0.38904	  0.385664	  0.381423	  0.376593	  0.371193	  0.365074	  0.358356	  0.351206	  0.343725	     0.336	  0.328141	  0.320159	   0.31205	  0.303815	  0.295519	  0.287193	   0.27887	  0.270575	  0.262312	  0.254077	  0.245861	  0.237663	  0.229477	  0.221303	  0.213148	  0.205026	   0.19696	   0.18897	  0.181081	  0.173317	  0.165701	  0.158255	  0.150999	  0.143953	  0.137135	  0.130561	  0.124242
     1	     0	0.000401982	0.000615729	0.00127661	0.00294197	0.00691783	 0.0156678	 0.0322649	 0.0580142	 0.0906691	   0.12723	  0.165519	  0.203823	  0.240334	  0.273753	  0.303025	  0.327585	  0.347238	  0.362476	  0.373623	  0.381323	  0.386049	  0.388825	  0.390296	  0.391364	  0.392429	  0.393506	  0.395011	  0.396661	  0.398375	  0.399681	  0.400136	  0.399803	  0.398506	    0.3961	  0.393153	    0.3895	  0.384984	  0.379899	  0.374272	  0.367951	  0.361032	  0.353672	  0.345966	     0.338	   0.32989	  0.321654	   0.31329	  0.304798	  0.296239	  0.287643	  0.279042	  0.270463	  0.261916	  0.253399	  0.244907	  0.236436	  0.227984	  0.219553	  0.211152	  0.202798	  0.194515	  0.186329	  0.178266	   0.17035	  0.162606	  0.155056	   0.14772	  0.140616	  0.133759	  0.127163	  0.120837
     2	     0	0.000419924	0.000651473	0.00142036	0.00348749	0.00868125	 0.0203117	 0.0415601	 0.0719818	  0.107707	  0.145754	  0.184345	  0.221996	  0.257054	  0.288446	   0.31532	  0.337282	  0.354276	  0.366927	  0.375599	  0.380975	  0.383576	  0.384472	  0.384281	  0.383941	   0.38384	  0.383959	  0.384677	  0.385716	  0.386985	  0.387988	  0.388278	  0.387898	  0.386662	  0.384377	  0.381558	  0.378049	   0.37372	  0.368834	  0.363398	  0.357259	  0.350537	  0.343395	  0.335933	  0.328238	  0.320409	  0.312459	  0.304381	  0.296181	  0.287922	  0.279636	  0.271356	  0.263104	  0.254887	    0.2467	  0.238535	  0.230391	  0.222265	  0.214156	  0.206071	  0.198025	  0.190038	  0.182131	  0.174328	  0.166651	  0.159123	  0.151766	  0.144601	  0.137646	  0.130919	  0.124437	   0.11821
     3	     0	0.000323676	0.000497989	0.00105876	0.00252822	0.00618409	 0.0145742	 0.0310609	 0.0570921	 0.0900621	  0.126616	  0.164522	  0.202142	  0.237753	  0.270124	  0.298262	  0.321652	  0.340147	  0.354296	  0.364438	   0.37123	  0.375166	  0.377293	  0.378219	  0.378868	   0.37962	  0.380456	  0.381755	  0.383259	  0.384886	  0.386178	  0.386715	   0.38654	  0.385476	   0.38336	  0.380713	  0.377382	  0.373217	  0.368478	  0.363173	  0.357149	  0.350515	  0.343432	     0.336	   0.32831	  0.320469	  0.312496	  0.304389	  0.296151	  0.287846	  0.279503	  0.271157	  0.262831	  0.254535	  0.246265	  0.238017	  0.229789	  0.221577	  0.213384	  0.205217	  0.197095	  0.189039	  0.181073	  0.173221	  0.165509	  0.157958	  0.150592	  0.143429	  0.136489	  0.129787	  0.123337	  0.117151
     4	     0	0.000348285	0.000527165	0.00107996	0.00246881	0.00578907	 0.0131825	 0.0275882	 0.0507616	 0.0810504	   0.11555	  0.152024	  0.188775	  0.224036	  0.256505	  0.285101	  0.309219	  0.328625	  0.343763	  0.354939	  0.362764	  0.367692	   0.37074	   0.37256	  0.374008	  0.375461	  0.376913	   0.37876	  0.380736	  0.382744	  0.384336	  0.385112	  0.385134	  0.384224	  0.382217	  0.379653	  0.376382	  0.372272	   0.36758	   0.36232	  0.356347	  0.349763	  0.342729	  0.335341	  0.327685	   0.31987	  0.311913	  0.303814	  0.295577	  0.287263	  0.278904	  0.270533	  0.262175	  0.253842	  0.245532	  0.237241	  0.228966	  0.220708	  0.212467	  0.204254	  0.196087	   0.18799	  0.179987	  0.172105	  0.164367	  0.156798	   0.14942	  0.142252	  0.135313	  0.128618	   0.12218	  0.116009
     5	     0	0.000196299	0.000311372	0.00066754	0.00158173	0.00385235	0.00926517	 0.0210688	 0.0430396	 0.0757078	  0.115621	  0.158682	   0.20188	  0.242647	  0.279331	  0.310724	   0.33632	  0.356112	  0.370947	  0.381315	  0.388054	  0.391807	  0.393725	  0.394398	  0.394875	  0.395571	  0.396485	  0.398019	  0.399823	   0.40183	  0.403556	  0.404566	  0.404951	  0.404485	    0.4029	  0.400734	  0.397812	  0.393927	  0.389322	  0.384021	  0.377917	   0.37118	  0.363999	   0.35649	  0.348752	  0.340886	  0.332895	  0.324779	  0.316547	  0.308275	  0.300002	  0.291761	  0.283567	  0.275417	  0.267295	  0.259193	  0.251103	  0.243013	  0.234916	  0.226814	  0.218718	  0.210643	  0.202603	  0.194616	  0.186703	  0.178883	  0.171176	  0.163606	  0.156193	  0.148959	  0.141926	  0.135114
     6	     0	0.00029401	0.000471418	0.00109328	0.00288057	0.00771799	 0.0194188	 0.0421443	 0.0753938	  0.113929	  0.153989	  0.193757	  0.231914	  0.266994	   0.29801	  0.324193	  0.345224	  0.361123	  0.372624	  0.380125	  0.384355	  0.385874	  0.385777	  0.384627	  0.383459	  0.382658	  0.382211	    0.3825	  0.383206	  0.384201	  0.384955	  0.385009	  0.384419	  0.382985	  0.380492	  0.377472	  0.373754	  0.369232	  0.364219	  0.358735	  0.352611	  0.345957	  0.338926	  0.331605	  0.324071	  0.316414	  0.308639	  0.300739	  0.292718	   0.28464	  0.276535	  0.268436	  0.260365	  0.252327	  0.244316	  0.236325	  0.228351	  0.220391	  0.212443	  0.204516	  0.196624	  0.188787	  0.181027	  0.173365	  0.165825	   0.15843	    0.1512	  0.144155	  0.137314	  0.130695	  0.124312	  0.118178
     7	     0	0.000226731	0.00034922	0.000716852	0.00162694	0.00380508	0.00881837	 0.0194616	 0.0390841	 0.0685434	  0.105205	  0.145407	  0.186258	  0.225307	  0.260874	  0.291705	  0.317196	  0.337229	  0.352498	  0.363447	  0.370846	   0.37527	  0.377832	  0.379148	  0.380214	  0.381419	  0.382767	  0.384663	  0.386774	  0.388978	  0.390803	  0.391846	  0.392201	  0.391657	  0.389977	  0.387707	  0.384686	  0.380755	  0.376181	  0.370984	  0.365032	  0.358464	  0.351458	  0.344115	  0.336528	  0.328799	  0.320936	  0.312937	  0.304809	  0.296623	  0.288412	  0.280211	   0.27204	  0.263899	  0.255781	  0.247676	  0.239579	  0.231482	  0.223382	  0.215284	  0.207204	  0.199159	   0.19117	   0.18326	  0.175451	  0.167765	  0.160226	  0.152854	  0.145671	  0.138696	  0.131948	  0.125443
     8	     0	0.000332201	0.000513228	  0.001134	0.00285625	0.00733285	 0.0177106	 0.0371908	 0.0653581	 0.0983406	  0.133343	  0.168894	  0.203801	  0.236677	  0.266489	   0.29238	  0.313888	  0.330859	  0.343779	  0.352948	  0.358968	  0.362284	  0.363916	  0.364477	  0.364859	  0.365417	  0.366128	  0.367367	  0.368863	  0.370464	  0.371697	  0.372155	  0.371888	  0.370704	  0.368429	  0.365607	  0.362095	  0.357805	  0.353015	  0.347738	  0.341811	  0.335318	  0.328401	  0.321151	  0.313647	  0.305985	  0.298185	  0.290247	  0.282172	   0.27402	  0.265818	  0.257599	  0.249389	  0.241204	  0.233046	  0.224914	  0.216811	   0.20874	  0.200707	  0.192725	  0.184812	   0.17699	  0.169285	  0.161721	  0.154322	  0.147109	  0.140103	  0.133321	  0.126778	  0.120486	  0.114456	  0.108693
     9	     0	0.000119657	0.000186868	0.000424689	0.00111352	0.00303757	0.00812423	 0.0199154	 0.0415215	 0.0712447	  0.105013	   0.14031	  0.175733	  0.209839	  0.241446	   0.26953	  0.293482	  0.313024	   0.32853	  0.340252	  0.348747	  0.354409	  0.358222	  0.360812	  0.363013	  0.365178	  0.367294	  0.369755	  0.372302	  0.374828	  0.376918	  0.378174	  0.378658	  0.378192	  0.376635	  0.374535	  0.371753	  0.368117	  0.363851	  0.358966	  0.353322	  0.347021	  0.340224	  0.333035	  0.325546	  0.317879	  0.310059	   0.30209	  0.293976	  0.285777	  0.277522	  0.269245	  0.260973	   0.25272	   0.24449	   0.23628	  0.228089	  0.219917	  0.211769	  0.203654	  0.195593	   0.18761	  0.179732	  0.171984	  0.164392	   0.15698	  0.149768	  0.142775	  0.136019	  0.129511	  0.123265	  0.117286
    10	     0	0.000320602	0.000472566	0.000912492	0.00194841	0.00429177	  0.009358	 0.0194245	 0.0369197	 0.0622382	  0.093486	  0.128121	  0.163976	  0.199007	   0.23168	  0.260739	  0.285452	  0.305511	   0.32133	  0.333215	   0.34178	  0.347471	  0.351311	  0.353952	  0.356237	  0.358513	  0.360765	  0.363374	   0.36606	   0.36869	  0.370847	  0.372179	  0.372772	  0.372438	  0.370979	  0.368926	  0.366144	    0.3625	  0.358228	  0.353338	  0.347696	  0.341421	  0.334679	  0.327574	  0.320194	  0.312645	  0.304943	  0.297089	   0.28909	   0.28101	  0.272882	  0.264739	  0.256607	  0.248493	  0.240394	  0.232307	  0.224231	  0.216164	  0.208108	  0.200074	  0.192078	  0.184141	  0.176289	  0.168545	  0.160934	   0.15348	  0.146203	  0.139126	  0.132266	  0.125641	  0.119266	  0.113151
    11	     0	0.00015133	0.000240145	0.000545999	 0.0014141	0.00378919	0.00992798	  0.023827	 0.0488257	 0.0829128	  0.121441	   0.16134	  0.200789	  0.238035	  0.271799	  0.301071	  0.325351	  0.344527	  0.359198	  0.369747	  0.376871	  0.381083	  0.383448	  0.384592	  0.385455	  0.386423	   0.38749	  0.389057	  0.390822	  0.392684	  0.394167	  0.394842	  0.394781	  0.393795	  0.391697	   0.38904	  0.385664	  0.381423	  0.376593	  0.371193	  0.365074	  0.358356	  0.351206	  0.343725	     0.336	  0.328141	  0.320159	   0.31205	  0.303815	  0.295519	  0.287193	   0.27887	  0.270575	  0.262312	  0.254077	  0.245861	  0.237663	  0.229477	  0.221303	  0.213148	  0.205026	   0.19696	   0.18897	  0.181081	  0.173317	  0.165701	  0.158255	  0.150999	  0.143953	  0.137135	  0.130561	  0.124242
    12	     0	0.000217863	0.00033928	0.000738301	0.00181378	0.00459688	 0.0113804	 0.0259175	 0.0511211	 0.0850908	  0.123471	  0.163101	  0.202007	  0.238383	  0.270981	  0.298839	  0.321522	  0.338995	  0.351951	  0.360825	   0.36636	  0.369114	  0.370202	  0.370265	  0.370268	  0.370583	  0.371202	  0.372519	  0.374195	  0.376073	  0.377646	  0.378495	  0.378699	  0.378043	  0.376283	  0.373943	  0.370876	  0.366965	  0.362472	  0.357407	  0.351637	  0.345292	  0.338537	  0.331463	  0.324155	  0.316701	  0.309107	  0.301371	    0.2935	  0.285563	  0.277592	  0.269622	  0.261674	   0.25375	  0.245844	  0.237949	  0.230062	  0.222178	  0.214296	  0.206422	  0.198571	  0.190761	  0.183012	  0.175347	  0.167787	  0.160355	  0.153073	  0.145961	   0.13904	  0.132328	  0.125843	    0.1196
    13	     0	0.000233434	0.000356358	0.000744847	0.00174736	0.00423381	 0.0100889	 0.0224688	  0.044346	 0.0750687	  0.111143	  0.149371	  0.187557	  0.223716	  0.256473	  0.284756	  0.308043	  0.326234	  0.339982	  0.349691	  0.356079	   0.35969	  0.361619	  0.362481	  0.363232	  0.364239	  0.365492	  0.367381	  0.369579	   0.37195	  0.374027	  0.375389	  0.376121	  0.376009	  0.374812	  0.373046	  0.370566	  0.367188	  0.363122	  0.358373	  0.352821	  0.346619	  0.339949	  0.332922	  0.325632	  0.318186	  0.310593	  0.302857	  0.294987	  0.287054	   0.27909	   0.27113	  0.263196	  0.255287	  0.247397	   0.23952	  0.231651	  0.223785	  0.215918	  0.208058	  0.200216	  0.192411	  0.184663	  0.176991	  0.169419	  0.161968	   0.15466	  0.147515	  0.140555	  0.133799	  0.127266	   0.12097
    14	     0	0.000283468	0.000426729	0.000852923	0.00188968	0.00431644	0.00974482	 0.0208533	 0.0404837	 0.0688746	  0.103429	  0.141016	  0.179204	   0.21585	  0.249424	  0.278732	  0.303148	  0.322492	  0.337333	  0.348065	  0.355389	  0.359833	  0.362483	  0.363996	  0.365284	  0.366713	  0.368279	  0.370373	  0.372689	  0.375117	  0.377198	   0.37852	  0.379157	   0.37892	  0.377606	  0.375735	   0.37316	  0.369697	  0.365562	  0.360768	  0.355196	  0.348984	  0.342306	  0.335263	  0.327944	   0.32046	  0.312823	  0.305034	    0.2971	   0.28909	  0.281038	  0.272978	  0.264934	  0.256909	  0.248897	  0.240892	  0.232889	  0.224883	  0.216872	  0.208863	  0.200872	  0.192917	  0.185022	  0.177208	    0.1695	  0.161919	  0.154489	   0.14723	  0.140165	  0.133311	  0.126686	  0.120307
    15	     0	0.000189108	0.000297213	0.00064248	0.00155179	0.00386116	0.00944277	 0.0215568	 0.0434231	 0.0745015	  0.111247	  0.150497	  0.190099	  0.228014	  0.262802	  0.293295	  0.318881	  0.339367	  0.355301	  0.367049	  0.375298	  0.380543	  0.383838	  0.385852	  0.387476	  0.389106	   0.39076	  0.392871	  0.395086	  0.397274	  0.398951	  0.399745	   0.39978	  0.398844	  0.396687	  0.393883	   0.39027	  0.385768	  0.380695	  0.375077	  0.368777	  0.361925	  0.354688	  0.347161	  0.339426	  0.331569	  0.323592	  0.315486	  0.307255	  0.298968	  0.290659	  0.282359	  0.274092	   0.26586	  0.257652	  0.249461	  0.241283	   0.23311	   0.22494	   0.21678	  0.208645	  0.200554	  0.192528	  0.184591	  0.176765	  0.169073	  0.161538	  0.154181	  0.147022	  0.140082	  0.133378	  0.126924
    16	     0	0.000230819	0.00035666	0.000742804	0.00171828	0.00409411	0.00961942	 0.0212929	 0.0422483	 0.0724476	  0.108723	   0.14773	  0.187084	  0.224689	  0.259051	  0.288993	  0.313908	  0.333632	  0.348764	    0.3597	   0.36716	   0.37168	  0.374346	  0.375811	  0.377002	    0.3783	  0.379697	  0.381585	  0.383659	  0.385818	  0.387595	  0.388582	  0.388853	   0.38822	  0.386486	  0.384182	  0.381151	  0.377237	  0.372699	  0.367554	  0.361676	   0.35519	  0.348264	  0.340994	   0.33347	  0.325794	  0.317979	  0.310018	  0.301918	  0.293748	  0.285539	  0.277326	  0.269133	  0.260963	  0.252809	  0.244664	  0.236525	  0.228387	  0.220247	  0.212114	  0.204001	   0.19593	  0.187923	  0.180003	  0.172194	  0.164519	     0.157	  0.149661	   0.14252	  0.135597	  0.128909	  0.122471
    17	     0	0.000356524	0.00055031	0.00114475	0.00263878	0.00622269	  0.014263	  0.030127	 0.0560204	 0.0901705	  0.128973	  0.169492	   0.20957	  0.247147	  0.280863	  0.309686	  0.333164	  0.351263	  0.364717	  0.373963	  0.379768	  0.382712	  0.383912	  0.383996	  0.383951	  0.384173	  0.384661	  0.385813	  0.387291	  0.388969	  0.390336	  0.390964	  0.390936	  0.390037	  0.388014	  0.385402	  0.382038	  0.377804	  0.372977	  0.367576	  0.361463	  0.354777	  0.347685	  0.340286	  0.332667	  0.324917	  0.317041	  0.309034	  0.300903	  0.292718	  0.284512	  0.276318	  0.268158	  0.260031	  0.251929	  0.243844	  0.235771	  0.227704	   0.21964	  0.211585	  0.203552	  0.195558	  0.187624	  0.179771	  0.172021	  0.164397	  0.156919	  0.149611	  0.142492	  0.135582	  0.128901	  0.122463
    18	     0	0.000169538	0.00026567	0.000573584	0.00138613	0.00345778	 0.0085101	 0.0196775	 0.0403917	 0.0706061	  0.106818	  0.145614	  0.184734	  0.222153	  0.256446	  0.286454	  0.311568	  0.331603	  0.347137	  0.358534	  0.366483	  0.371499	  0.374648	  0.376565	   0.37817	  0.379854	  0.381623	  0.383896	  0.386344	  0.388879	  0.391045	  0.392421	  0.393102	  0.392889	  0.391561	  0.389659	  0.387018	  0.383442	  0.379155	  0.374174	  0.368387	  0.361948	  0.355042	  0.347778	  0.340253	  0.332581	   0.32477	  0.316818	  0.308733	  0.300587	  0.292413	  0.284247	  0.276109	  0.268001	  0.259913	  0.251836	  0.243764	  0.235688	  0.227603	  0.219516	  0.211441	  0.203397	  0.195404	  0.187484	  0.179661	  0.171956	  0.164393	  0.156993	  0.149776	  0.142765	  0.135976	  0.129427
    19	     0	0.000326296	0.000521477	0.00123078	0.00332553	0.00904096	 0.0223928	 0.0461593	 0.0778228	  0.112862	   0.14917	  0.185698	  0.221398	  0.254938	  0.285346	  0.311802	  0.333859	  0.351354	  0.364729	  0.374265	  0.380542	  0.383996	  0.385624	  0.386079	  0.386216	  0.386416	  0.386672	  0.387372	  0.388274	  0.389269	   0.38986	  0.389633	   0.38862	  0.386642	  0.383561	  0.379943	   0.37564	  0.370598	   0.36515	  0.359318	  0.352932	   0.34605	  0.338787	  0.331219	  0.323413	  0.315456	  0.307366	   0.29914	  0.290777	  0.282333	  0.273836	  0.265317	  0.256807	  0.248323	  0.239871	  0.231453	   0.22307	  0.214727	  0.206431	  0.198195	  0.190037	  0.181984	   0.17406	  0.166291	  0.158702	  0.151313	  0.144144	  0.137213	  0.130532	  0.124112	  0.117962	  0.112087
    20	     0	0.000422557	0.000648406	0.00125781	0.00262174	0.00556426	 0.0116545	 0.0233525	 0.0433947	 0.0726404	  0.109427	  0.150766	  0.193633	  0.235072	  0.273081	  0.306169	  0.333622	  0.355291	  0.371886	  0.383885	  0.392107	  0.397169	  0.400205	  0.401911	  0.403253	  0.404664	  0.406173	  0.408223	  0.410434	  0.412719	  0.414584	  0.415606	  0.415904	  0.415257	  0.413403	   0.41092	  0.407628	  0.403358	  0.398395	  0.392773	  0.386394	  0.379415	  0.372018	  0.364309	  0.356379	  0.348327	  0.340152	  0.331848	  0.323421	  0.314948	  0.306466	   0.29801	  0.289596	  0.281222	  0.272872	  0.264539	  0.256214	  0.247884	  0.239545	  0.231198	  0.222855	   0.21453	  0.206242	  0.198008	  0.189851	  0.181791	   0.17385	  0.166052	  0.158418	  0.150972	  0.143735	  0.136728
    21	     0	0.000353892	0.00053415	0.00105045	0.00226318	0.00499942	 0.0108835	 0.0224526	 0.0422455	 0.0704137	  0.104715	  0.142347	  0.180937	  0.218224	  0.252596	   0.28277	   0.30806	  0.328241	  0.343867	  0.355309	  0.363268	  0.368263	   0.37137	  0.373251	   0.37482	  0.376463	  0.378191	   0.38042	  0.382823	  0.385284	  0.387341	  0.388591	  0.389127	  0.388752	  0.387243	  0.385142	  0.382293	  0.378535	  0.374114	  0.369046	  0.363213	  0.356751	  0.349834	  0.342565	  0.335034	  0.327348	  0.319516	  0.311537	  0.303418	  0.295229	  0.287004	  0.278777	  0.270571	  0.262389	  0.254222	  0.246064	  0.237909	  0.229751	  0.221586	  0.213423	  0.205278	  0.197171	  0.189125	  0.181163	   0.17331	  0.165587	   0.15802	  0.150628	  0.143433	  0.136455	  0.129712	  0.123218
    22	     0	0.000419924	0.000651473	0.00142036	0.00348749	0.00868125	 0.0203117	 0.0415601	 0.0719818	  0.107707	  0.145754	  0.184345	  0.221996	  0.257054	  0.288446	   0.31532	  0.337282	  0.354276	  0.366927	  0.375599	  0.380975	  0.383576	  0.384472	  0.384281	  0.383941	   0.38384	  0.383959	  0.384677	  0.385716	  0.386985	  0.387988	  0.388278	  0.387898	  0.386662	  0.384377	  0.381558	  0.378049	   0.37372	  0.368834	  0.363398	  0.357259	  0.350537	  0.343395	  0.335933	  0.328238	  0.320409	  0.312459	  0.304381	  0.296181	  0.287922	  0.279636	  0.271356	  0.263104	  0.254887	    0.2467	  0.238535	  0.230391	  0.222265	  0.214156	  0.206071	  0.198025	  0.190038	  0.182131	  0.174328	  0.166651	  0.159123	  0.151766	  0.144601	  0.137646	  0.130919	  0.124437	   0.11821
    23	     0	0.000169538	0.00026567	0.000573584	0.00138613	0.00345778	 0.0085101	 0.0196775	 0.0403917	 0.0706061	  0.106818	  0.145614	  0.184734	  0.222153	  0.256446	  0.286454	  0.311568	  0.331603	  0.347137	  0.358534	  0.366483	  0.371499	  0.374648	  0.376565	   0.37817	  0.379854	  0.381623	  0.383896	  0.386344	  0.388879	  0.391045	  0.392421	  0.393102	  0.392889	  0.391561	  0.389659	  0.387018	  0.383442	  0.379155	  0.374174	  0.368387	  0.361948	  0.355042	  0.347778	  0.340253	  0.332581	   0.32477	  0.316818	  0.308733	  0.300587	  0.292413	  0.284247	  0.276109	  0.268001	  0.259913	  0.251836	  0.243764	  0.235688	  0.227603	  0.219516	  0.211441	  0.203397	  0.195404	  0.187484	  0.179661	  0.171956	  0.164393	  0.156993	  0.149776	  0.142765	  0.135976	  0.129427
    24	     0	0.000333499	0.000508636	0.00104669	0.00239664	0.00563042	 0.0128902	  0.027276	 0.0509333	 0.0823827	  0.118386	  0.156309	  0.194242	  0.230319	  0.263205	  0.291829	  0.315632	  0.334457	  0.348866	  0.359223	  0.366208	  0.370331	  0.372655	  0.373812	  0.374719	   0.37575	  0.376891	  0.378526	  0.380364	  0.382308	   0.38389	  0.384692	   0.38478	  0.383973	  0.382082	  0.379636	   0.37648	  0.372462	  0.367837	  0.362621	  0.356677	  0.350127	  0.343138	  0.335809	   0.32823	  0.320505	  0.312646	   0.30465	   0.29652	  0.288323	  0.280091	  0.271856	  0.263642	  0.255455	  0.247289	  0.239138	  0.231001	  0.222875	  0.214758	  0.206659	  0.198591	  0.190576	  0.182636	  0.174793	  0.167071	  0.159494	  0.152083	   0.14486	  0.137844	  0.131053	  0.124504	   0.11821
    25	     0	0.000410138	0.000616758	0.00118461	0.00246846	0.00526278	 0.0110936	 0.0223721	 0.0417951	 0.0701992	  0.105942	  0.146109	  0.187776	  0.228098	  0.265148	  0.297491	  0.324434	  0.345814	  0.362289	  0.374303	   0.38263	  0.387851	  0.391071	  0.392951	  0.394448	  0.395977	  0.397549	  0.399577	  0.401739	  0.403947	  0.405736	  0.406698	   0.40693	  0.406223	  0.404343	  0.401842	  0.398554	  0.394325	  0.389424	  0.383875	  0.377551	  0.370598	  0.363201	  0.355472	  0.347508	  0.339416	  0.331202	  0.322862	  0.314401	   0.30589	  0.297365	  0.288858	  0.280392	  0.271964	  0.263566	  0.255187	  0.246821	  0.238462	  0.230103	   0.22175	  0.213416	  0.205119	  0.196879	  0.188717	  0.180657	  0.172722	  0.164935	  0.157317	  0.149892	  0.142679	  0.135698	  0.128967
    26	     0	0.000218295	0.000345883	0.000781191	0.00200199	0.00527915	 0.0134672	 0.0309735	 0.0602323	 0.0977394	  0.138534	  0.179667	  0.219369	  0.255953	  0.288295	  0.315549	  0.337384	  0.353851	  0.365738	  0.373505	  0.377927	  0.379606	   0.37968	   0.37876	  0.377873	  0.377404	  0.377345	   0.37808	  0.379284	  0.380832	  0.382197	  0.382909	  0.383013	  0.382305	  0.380565	  0.378305	  0.375362	  0.371568	  0.367166	  0.362164	  0.356429	  0.350096	   0.34333	  0.336227	  0.328875	  0.321375	  0.313737	  0.305958	  0.298046	   0.29007	  0.282061	  0.274054	  0.266071	  0.258114	  0.250176	  0.242249	  0.234329	  0.226409	  0.218485	  0.210565	  0.202662	  0.194796	  0.186987	  0.179258	   0.17163	  0.164127	  0.156769	  0.149577	  0.142573	  0.135775	    0.1292	  0.122864
    27	     0	0.00015133	0.000240145	0.000545999	 0.0014141	0.00378919	0.00992798	  0.023827	 0.0488257	 0.0829128	  0.121441	   0.16134	  0.200789	  0.238035	  0.271799	  0.301071	  0.325351	  0.344527	  0.359198	  0.369747	  0.376871	  0.381083	  0.383448	  0.384592	  0.385455	  0.386423	   0.38749	  0.389057	  0.390822	  0.392684	  0.394167	  0.394842	  0.394781	  0.393795	  0.391697	   0.38904	  0.385664	  0.381423	  0.376593	  0.371193	  0.365074	  0.358356	  0.351206	  0.343725	     0.336	  0.328141	  0.320159	   0.31205	  0.303815	  0.295519	  0.287193	   0.27887	  0.270575	  0.262312	  0.254077	  0.245861	  0.237663	  0.229477	  0.221303	  0.213148	  0.205026	   0.19696	   0.18897	  0.181081	  0.173317	  0.165701	  0.158255	  0.150999	  0.143953	  0.137135	  0.130561	  0.124242
    28	     0	0.00015133	0.000240145	0.000545999	 0.0014141	0.00378919	0.00992798	  0.023827	 0.0488257	 0.0829128	  0.121441	   0.16134	  0.200789	  0.238035	  0.271799	  0.301071	  0.325351	  0.344527	  0.359198	  0.369747	  0.376871	  0.381083	  0.383448	  0.384592	  0.385455	  0.386423	   0.38749	  0.389057	  0.390822	  0.392684	  0.394167	  0.394842	  0.394781	  0.393795	  0.391697	   0.38904	  0.385664	  0.381423	  0.376593	  0.371193	  0.365074	  0.358356	  0.351206	  0.343725	     0.336	  0.328141	  0.320159	   0.31205	  0.303815	  0.295519	  0.287193	   0.27887	  0.270575	  0.262312	  0.254077	  0.245861	  0.237663	  0.229477	  0.221303	  0.213148	  0.205026	   0.19696	   0.18897	  0.181081	  0.173317	  0.165701	  0.158255	  0.150999	  0.143953	  0.137135	  0.130561	  0.124242
    29	     0	0.000423866	0.000659556	0.00142939	0.00347459	0.00857681	 0.0200345	 0.0413124	 0.0724438	  0.109479	  0.148965	  0.188817	  0.227437	  0.263143	  0.294847	  0.321716	  0.343401	  0.359906	  0.371944	  0.379926	  0.384581	  0.386473	  0.386701	  0.385878	  0.384996	  0.384444	  0.384214	  0.384693	   0.38557	  0.386724	  0.387628	   0.38783	  0.387383	  0.386086	  0.383719	  0.380804	  0.377182	  0.372744	  0.367778	  0.362297	  0.356143	  0.349437	  0.342337	  0.334934	  0.327312	  0.319559	  0.311684	  0.303682	  0.295556	  0.287374	  0.279165	  0.270964	  0.262792	  0.254653	  0.246542	  0.238451	  0.230376	  0.222314	  0.214263	  0.206231	  0.198232	  0.190285	  0.182412	  0.174636	  0.166979	  0.159463	  0.152112	  0.144945	  0.137981	  0.131239	  0.124736	  0.118483
    30	     0	0.000310263	0.000493914	0.00111604	0.00284304	 0.0073669	 0.0180552	 0.0387673	  0.069768	  0.106895	  0.146642	   0.18704	  0.226553	  0.263473	  0.296654	  0.325189	   0.34866	  0.366997	  0.380825	   0.39051	  0.396744	  0.400053	  0.401495	  0.401671	  0.401554	  0.401556	   0.40168	   0.40232	  0.403207	  0.404275	  0.405032	  0.405021	  0.404282	  0.402635	  0.399919	  0.396682	  0.392751	  0.387989	  0.382704	  0.376914	  0.370454	  0.363422	  0.355975	  0.348208	  0.340206	  0.332077	  0.323834	  0.315474	  0.306994	  0.298459	  0.289898	  0.281343	  0.272819	  0.264334	  0.255883	   0.24746	  0.239058	  0.230674	  0.222307	  0.213966	  0.205666	  0.197432	  0.189287	  0.181255	  0.173363	  0.165633	  0.158087	  0.150745	  0.143627	  0.136748	  0.130123	  0.123762
    31	     0	0.000169538	0.00026567	0.000573584	0.00138613	0.00345778	 0.0085101	 0.0196775	 0.0403917	 0.0706061	  0.106818	  0.145614	  0.184734	  0.222153	  0.256446	  0.286454	  0.311568	  0.331603	  0.347137	  0.358534	  0.366483	  0.371499	  0.374648	  0.376565	   0.37817	  0.379854	  0.381623	  0.383896	  0.386344	  0.388879	  0.391045	  0.392421	  0.393102	  0.392889	  0.391561	  0.389659	  0.387018	  0.383442	  0.379155	  0.374174	  0.368387	  0.361948	  0.355042	  0.347778	  0.340253	  0.332581	   0.32477	  0.316818	  0.308733	  0.300587	  0.292413	  0.284247	  0.276109	  0.268001	  0.259913	  0.251836	  0.243764	  0.235688	  0.227603	  0.219516	  0.211441	  0.203397	  0.195404	  0.187484	  0.179661	  0.171956	  0.164393	  0.156993	  0.149776	  0.142765	  0.135976	  0.129427
    32	     0	0.000367131	0.000561639	0.00116228	0.00267559	0.00630212	 0.0143782	 0.0300467	 0.0550273	 0.0873244	  0.123706	  0.161737	   0.19961	  0.235492	  0.268095	  0.296383	   0.31983	  0.338295	  0.352355	  0.362377	  0.369041	  0.372853	  0.374875	  0.375745	   0.37639	  0.377192	  0.378152	  0.379673	  0.381435	  0.383295	  0.384764	  0.385434	  0.385387	  0.384421	  0.382322	  0.379634	  0.376202	  0.371924	  0.367088	  0.361713	  0.355651	  0.349016	  0.341969	  0.334604	  0.327003	  0.319262	  0.311389	  0.303382	  0.295243	  0.287038	  0.278798	  0.270555	  0.262334	   0.25414	  0.245969	  0.237814	  0.229673	  0.221544	  0.213426	  0.205329	  0.197268	  0.189265	  0.181345	  0.173529	  0.165844	  0.158311	  0.150953	   0.14379	  0.136842	  0.130126	  0.123656	  0.117445
    33	     0	0.000249657	0.000389458	0.000845187	0.00206134	0.00516233	  0.012536	 0.0277379	 0.0529715	 0.0860627	  0.123374	  0.162368	  0.201231	  0.238073	  0.271598	  0.300766	  0.325052	  0.344317	  0.359138	  0.369869	  0.377184	  0.381583	  0.384114	  0.385398	  0.386365	  0.387413	  0.388551	  0.390199	  0.392038	  0.393962	  0.395494	  0.396214	  0.396213	   0.39529	  0.393226	  0.390574	  0.387171	  0.382886	  0.377999	  0.372528	  0.366326	  0.359524	  0.352295	  0.344743	   0.33696	  0.329047	  0.321016	   0.31286	  0.304585	  0.296256	  0.287905	  0.279566	  0.271261	  0.262995	  0.254758	  0.246543	  0.238346	   0.23016	  0.221983	  0.213822	  0.205693	  0.197616	  0.189613	  0.181708	  0.173924	  0.166285	  0.158812	  0.151528	  0.144451	    0.1376	  0.130991	  0.124638
    34	     0	0.000188318	0.000293871	0.000622369	0.00146518	0.00355314	0.00850224	 0.0191786	  0.038754	 0.0674845	  0.102589	  0.141048	  0.180625	  0.219175	  0.255125	  0.287168	  0.314557	  0.336979	  0.354855	  0.368489	  0.378517	  0.385398	  0.390145	  0.393424	  0.396091	  0.398552	  0.400822	  0.403324	  0.405778	  0.408151	   0.41002	  0.410978	  0.411114	  0.410259	  0.408257	  0.405674	  0.402337	  0.398068	  0.393141	  0.387585	  0.381268	  0.374312	  0.366893	  0.359121	   0.35109	  0.342922	  0.334632	  0.326213	  0.317668	  0.309063	   0.30043	  0.291802	  0.283205	  0.274644	  0.266112	    0.2576	  0.249103	  0.240613	  0.232128	  0.223656	  0.215211	  0.206816	  0.198496	  0.190275	  0.182178	  0.174229	  0.166452	  0.158869	  0.151499	  0.144361	  0.137472	  0.130846
    35	     0	0.000394868	0.000612885	0.00132128	 0.0031937	0.00784484	 0.0182651	 0.0376332	 0.0660768	  0.100075	  0.136537	  0.173647	  0.210023	  0.244131	  0.274891	  0.301411	  0.323239	  0.340264	  0.353078	   0.36201	  0.367719	  0.370698	  0.371993	  0.372168	    0.3722	  0.372462	   0.37294	  0.374021	  0.375398	  0.376932	  0.378131	  0.378572	  0.378321	  0.377183	  0.374956	  0.372175	   0.36868	  0.364362	  0.359519	  0.354169	  0.348147	  0.341559	  0.334559	  0.327241	  0.319689	  0.311998	  0.304182	  0.296235	  0.288162	  0.280024	  0.271852	  0.263676	  0.255522	  0.247398	  0.239299	  0.231223	  0.223166	  0.215129	  0.207114	   0.19913	  0.191193	  0.183327	  0.175555	    0.1679	  0.160387	  0.153038	  0.145874	  0.138914	  0.132177	  0.125676	  0.119426	  0.113436
    36	     0	0.000186287	0.000289349	0.000607563	0.00141924	0.00342403	0.00819434	 0.0186598	 0.0384436	 0.0684117	  0.105425	  0.145421	  0.185513	  0.223457	  0.257733	  0.287204	  0.311336	  0.330058	  0.344096	  0.353911	  0.360286	  0.363806	  0.365602	  0.366281	  0.366845	  0.367659	  0.368706	  0.370367	  0.372308	  0.374387	  0.376122	  0.377124	  0.377483	  0.376987	  0.375386	  0.373207	  0.370295	   0.36651	  0.362119	  0.357143	  0.351454	  0.345189	  0.338511	  0.331513	  0.324278	  0.316895	   0.30937	  0.301699	  0.293893	  0.286022	  0.278121	  0.270223	  0.262349	  0.254498	  0.246662	  0.238836	  0.231014	  0.223192	  0.215367	  0.207543	  0.199735	  0.191958	  0.184231	  0.176574	  0.169009	  0.161556	  0.154239	  0.147077	  0.140091	  0.133302	  0.126727	  0.120384
    37	     0	0.000423866	0.000659556	0.00142939	0.00347459	0.00857681	 0.0200345	 0.0413124	 0.0724438	  0.109479	  0.148965	  0.188817	  0.227437	  0.263143	  0.294847	  0.321716	  0.343401	  0.359906	  0.371944	  0.379926	  0.384581	  0.386473	  0.386701	  0.385878	  0.384996	  0.384444	  0.384214	  0.384693	   0.38557	  0.386724	  0.387628	   0.38783	  0.387383	  0.386086	  0.383719	  0.380804	  0.377182	  0.372744	  0.367778	  0.362297	  0.356143	  0.349437	  0.342337	  0.334934	  0.327312	  0.319559	  0.311684	  0.303682	  0.295556	  0.287374	  0.279165	  0.270964	  0.262792	  0.254653	  0.246542	  0.238451	  0.230376	  0.222314	  0.214263	  0.206231	  0.198232	  0.190285	  0.182412	  0.174636	  0.166979	  0.159463	  0.152112	  0.144945	  0.137981	  0.131239	  0.124736	  0.118483
    38	     0	0.000152441	0.000239967	0.000520781	0.00126606	0.00318281	0.00792522	 0.0186629	 0.0392377	  0.070126	  0.107541	  0.147372	  0.187021	  0.224465	  0.258306	  0.287463	  0.311412	  0.330067	  0.344129	  0.354032	   0.36053	  0.364191	  0.366128	  0.366942	  0.367623	  0.368538	  0.369674	  0.371423	  0.373445	  0.375613	   0.37745	  0.378553	  0.379014	  0.378623	  0.377138	  0.375085	  0.372309	  0.368647	  0.364355	  0.359455	  0.353822	  0.347596	  0.340945	  0.333965	   0.32674	  0.319366	  0.311847	  0.304184	  0.296384	   0.28852	  0.280625	  0.272735	  0.264868	  0.257025	  0.249196	  0.241377	  0.233561	  0.225741	  0.217915	  0.210087	  0.202272	  0.194486	  0.186748	   0.17908	  0.171501	  0.164034	    0.1567	   0.14952	  0.142516	  0.135706	   0.12911	  0.122743
    39	     0	0.000327501	0.000515932	0.00110697	0.00263447	0.00640543	 0.0150905	 0.0325241	 0.0610067	 0.0980823	  0.139453	  0.181936	  0.223368	  0.261752	  0.295801	  0.324568	  0.347683	  0.365198	  0.377945	  0.386399	  0.391373	  0.393493	  0.393906	   0.39321	   0.39246	  0.392064	   0.39202	  0.392726	  0.393837	   0.39526	  0.396467	  0.396981	  0.396866	  0.395916	  0.393901	  0.391349	  0.388085	  0.383926	  0.379147	  0.373771	  0.367667	  0.360977	  0.353874	  0.346456	  0.338811	  0.331041	  0.323148	  0.315127	  0.306986	  0.298796	  0.290589	    0.2824	  0.274249	  0.266133	  0.258042	  0.249967	  0.241903	  0.233841	  0.225775	   0.21771	  0.209657	  0.201633	  0.193657	  0.185748	  0.177927	  0.170218	  0.162641	  0.155218	  0.147971	   0.14092	  0.134084	  0.127482
    40	     0	0.00027408	0.000418613	0.000858124	0.00195416	0.00458258	 0.0105805	 0.0229663	 0.0446746	 0.0753797	   0.11186	   0.15082	  0.189881	  0.226964	   0.26061	  0.289697	  0.313671	   0.33242	   0.34659	  0.356602	  0.363192	  0.366915	  0.368877	   0.36972	  0.370397	   0.37128	   0.37236	   0.37402	  0.375954	  0.378043	  0.379808	  0.380833	  0.381184	  0.380666	  0.379072	  0.376921	   0.37406	  0.370329	  0.365971	  0.360999	  0.355286	   0.34896	  0.342189	   0.33507	   0.32769	  0.320153	   0.31247	  0.304639	  0.296667	  0.288622	  0.280537	  0.272446	  0.264373	  0.256321	  0.248283	  0.240253	  0.232229	  0.224204	  0.216178	  0.208156	  0.200156	  0.192196	  0.184299	  0.176487	  0.168784	  0.161213	  0.153795	  0.146553	  0.139506	  0.132674	  0.126074	   0.11972
    41	     0	0.00021736	0.000348913	0.000780512	0.00195395	0.00501932	 0.0125395	 0.0286369	 0.0562357	 0.0928505	  0.133667	  0.175401	   0.21606	  0.253813	  0.287425	  0.315952	     0.339	  0.356581	  0.369492	  0.378186	  0.383453	   0.38589	  0.386625	  0.386241	  0.385782	   0.38564	  0.385809	  0.386686	  0.387908	  0.389335	  0.390439	    0.3908	  0.390509	  0.389349	  0.387054	   0.38417	  0.380523	  0.376018	  0.370986	  0.365453	  0.359273	  0.352574	  0.345514	  0.338183	  0.330657	  0.323015	  0.315255	  0.307369	  0.299362	  0.291303	  0.283227	  0.275165	  0.267138	  0.259143	  0.251172	  0.243218	  0.235275	  0.227337	  0.219401	  0.211471	  0.203562	  0.195688	  0.187871	  0.180129	  0.172484	  0.164958	  0.157573	  0.150349	  0.143308	  0.136469	   0.12985	  0.123468
    42	     0	0.000287754	0.000455564	0.000954775	0.00218816	0.00512474	 0.0117854	 0.0254847	 0.0494893	 0.0835659	  0.124169	  0.167455	  0.210548	  0.250953	  0.287073	  0.317753	  0.342528	  0.361432	  0.375366	  0.384837	  0.390709	  0.393646	  0.394816	  0.394803	  0.394704	  0.394937	   0.39552	  0.396873	  0.398596	  0.400593	  0.402344	  0.403383	  0.403815	  0.403397	  0.401848	  0.399726	  0.396846	  0.392985	  0.388406	  0.383142	   0.37709	  0.370422	  0.363323	  0.355902	  0.348252	  0.340477	  0.332575	  0.324546	  0.316399	  0.308213	  0.300024	  0.291867	  0.283755	  0.275683	  0.267636	  0.259607	  0.251585	  0.243559	   0.23552	  0.227473	  0.219426	  0.211393	   0.20339	  0.195432	  0.187539	   0.17973	  0.172025	  0.164446	  0.157016	  0.149755	  0.142686	  0.135829
    43	     0	0.000202478	0.000320267	0.000688993	0.00164341	 0.0040288	0.00972466	 0.0220511	 0.0445328	 0.0770675	  0.115985	  0.157551	  0.199163	  0.238519	  0.274092	  0.304714	  0.329848	  0.349426	  0.364186	  0.374585	   0.38141	  0.385272	  0.387306	   0.38817	  0.388822	  0.389666	  0.390695	  0.392305	  0.394174	  0.396242	  0.398032	   0.39911	  0.399552	   0.39915	  0.397661	  0.395604	  0.392816	  0.389093	  0.384656	   0.37952	  0.373592	  0.367039	   0.36004	  0.352706	  0.345129	   0.33741	  0.329552	  0.321553	  0.313424	  0.305241	   0.29704	  0.288858	  0.280712	  0.272599	  0.264507	  0.256429	  0.248357	  0.240282	  0.232197	  0.224106	  0.216021	  0.207954	  0.199924	  0.191948	  0.184046	  0.176239	  0.168547	  0.160993	  0.153598	  0.146384	  0.139372	  0.132581
    44	     0	0.00015133	0.000240145	0.000545999	 0.0014141	0.00378919	0.00992798	  0.023827	 0.0488257	 0.0829128	  0.121441	   0.16134	  0.200789	  0.238035	  0.271799	  0.301071	  0.325351	  0.344527	  0.359198	  0.369747	  0.376871	  0.381083	  0.383448	  0.384592	  0.385455	  0.386423	   0.38749	  0.389057	  0.390822	  0.392684	  0.394167	  0.394842	  0.394781	  0.393795	  0.391697	   0.38904	  0.385664	  0.381423	  0.376593	  0.371193	  0.365074	  0.358356	  0.351206	  0.343725	     0.336	  0.328141	  0.320159	   0.31205	  0.303815	  0.295519	  0.287193	   0.27887	  0.270575	  0.262312	  0.254077	  0.245861	  0.237663	  0.229477	  0.221303	  0.213148	  0.205026	   0.19696	   0.18897	  0.181081	  0.173317	  0.165701	  0.158255	  0.150999	  0.143953	  0.137135	  0.130561	  0.124242
    45	     0	0.000357223	0.000558462	0.00121515	0.00296599	0.00738742	 0.0176098	 0.0375533	 0.0683041	  0.106052	  0.146596	  0.187363	  0.226608	   0.26261	  0.294275	  0.320787	  0.341845	  0.357524	  0.368655	    0.3757	  0.379447	  0.380511	  0.380042	  0.378634	  0.377338	  0.376542	  0.376235	  0.376809	  0.377903	  0.379381	    0.3807	  0.381378	   0.38148	  0.380785	   0.37904	   0.37676	  0.373783	  0.369939	  0.365478	  0.360411	   0.35461	  0.348223	   0.34142	    0.3343	  0.326949	  0.319461	  0.311842	  0.304089	  0.296211	  0.288279	  0.280327	  0.272387	  0.264479	  0.256603	  0.248748	  0.240908	  0.233079	  0.225255	   0.21743	  0.209609	  0.201805	  0.194031	  0.186306	   0.17865	  0.171082	  0.163624	  0.156298	  0.149123	  0.142121	  0.135312	  0.128715	  0.122347
    46	     0	0.000313472	  0.000484	0.00102378	0.00242181	 0.0058776	 0.0138477	 0.0298744	 0.0561141	 0.0903622	  0.128762	  0.168485	  0.207586	  0.244216	    0.2771	  0.305258	  0.328241	  0.345998	  0.359212	  0.368301	  0.373999	   0.37687	  0.378017	  0.378058	  0.377968	  0.378128	   0.37852	  0.379516	  0.380833	  0.382368	  0.383631	  0.384192	  0.384092	  0.383144	  0.381152	  0.378623	  0.375403	  0.371347	  0.366714	  0.361513	  0.355598	   0.34909	   0.34215	  0.334874	   0.32735	  0.319677	  0.311868	  0.303919	  0.295837	  0.287688	  0.279504	  0.271318	  0.263154	  0.255017	  0.246901	    0.2388	   0.23071	  0.222628	  0.214552	  0.206489	  0.198457	  0.190474	  0.182563	  0.174748	  0.167051	  0.159496	  0.152106	    0.1449	  0.137898	  0.131119	  0.124578	  0.118289
    47	     0	0.000381189	0.000597208	0.00134093	 0.0034164	0.00880348	 0.0210687	 0.0432356	 0.0739988	  0.109139	  0.146056	  0.183362	  0.219841	   0.25405	  0.284959	  0.311722	  0.333898	  0.351355	  0.364591	   0.37392	  0.379959	  0.383178	    0.3846	  0.384875	  0.384885	  0.385013	  0.385252	  0.385988	  0.386974	  0.388125	  0.388949	  0.389001	   0.38831	  0.386702	  0.384044	  0.380877	  0.377049	  0.372445	  0.367355	  0.361795	  0.355607	  0.348867	  0.341713	  0.334227	  0.326489	  0.318597	  0.310571	  0.302408	  0.294108	  0.285731	  0.277306	  0.268864	  0.260434	  0.252029	  0.243652	  0.235301	  0.226974	  0.218674	  0.210405	  0.202177	  0.194009	  0.185924	  0.177948	  0.170107	  0.162425	  0.154924	  0.147626	  0.140548	  0.133708	  0.127119	  0.120791	  0.114733
    48	     0	0.00015133	0.000240145	0.000545999	 0.0014141	0.00378919	0.00992798	  0.023827	 0.0488257	 0.0829128	  0.121441	   0.16134	  0.200789	  0.238035	  0.271799	  0.301071	  0.325351	  0.344527	  0.359198	  0.369747	  0.376871	  0.381083	  0.383448	  0.384592	  0.385455	  0.386423	   0.38749	  0.389057	  0.390822	  0.392684	  0.394167	  0.394842	  0.394781	  0.393795	  0.391697	   0.38904	  0.385664	  0.381423	  0.376593	  0.371193	  0.365074	  0.358356	  0.351206	  0.343725	     0.336	  0.328141	  0.320159	   0.31205	  0.303815	  0.295519	  0.287193	   0.27887	  0.270575	  0.262312	  0.254077	  0.245861	  0.237663	  0.229477	  0.221303	  0.213148	  0.205026	   0.19696	   0.18897	  0.181081	  0.173317	  0.165701	  0.158255	  0.150999	  0.143953	  0.137135	  0.130561	  0.124242
    49	     0	0.000177511	0.000282493	0.000649095	0.00170229	0.00460291	 0.0120418	  0.028302	 0.0557994	 0.0911505	  0.129765	   0.16909	  0.207565	  0.243558	  0.275916	   0.30372	  0.326538	  0.344301	  0.357651	  0.366977	   0.37298	  0.376184	  0.377665	  0.378047	  0.378278	  0.378735	  0.379408	   0.38069	  0.382254	  0.383957	  0.385297	  0.385862	  0.385731	  0.384698	  0.382535	  0.379785	  0.376292	  0.371964	  0.367095	    0.3617	  0.355629	  0.349001	  0.341977	  0.334653	   0.32711	  0.319438	  0.311642	  0.303716	  0.295666	  0.287554	  0.279414	  0.271276	  0.263166	  0.255086	  0.247031	  0.238994	  0.230973	  0.222966	  0.214971	  0.206997	  0.199056	  0.191171	   0.18336	  0.175649	  0.168058	  0.160612	  0.153331	  0.146236	  0.139347	  0.132681	  0.126254	  0.120078
    50	     0	0.000302186	0.000459906	 0.0009512	0.00219917	0.00523115	 0.0121582	 0.0261779	 0.0497106	 0.0814154	  0.117878	  0.156265	  0.194555	  0.230829	   0.26374	  0.292228	  0.315766	  0.334236	  0.348237	   0.35816	  0.364707	  0.368411	  0.370355	  0.371187	   0.37182	  0.372625	   0.37358	  0.375058	  0.376786	  0.378673	  0.380256	  0.381118	  0.381312	  0.380653	  0.378948	  0.376699	  0.373759	   0.36997	  0.365557	  0.360525	  0.354743	   0.34834	  0.341487	  0.334284	  0.326823	  0.319207	  0.311448	  0.303545	  0.295506	  0.287397	  0.279252	  0.271104	  0.262977	  0.254876	  0.246794	  0.238725	  0.230666	  0.222615	  0.214569	  0.206535	  0.198528	  0.190567	  0.182674	  0.174872	  0.167182	   0.15963	  0.152235	   0.14502	  0.138005	  0.131209	  0.124647	  0.118335
    51	     0	0.000333499	0.000508636	0.00104669	0.00239664	0.00563042	 0.0128902	  0.027276	 0.0509333	 0.0823827	  0.118386	  0.156309	  0.194242	  0.230319	  0.263205	  0.291829	  0.315632	  0.334457	  0.348866	  0.359223	  0.366208	  0.370331	  0.372655	  0.373812	  0.374719	   0.37575	  0.376891	  0.378526	  0.380364	  0.382308	   0.38389	  0.384692	   0.38478	  0.383973	  0.382082	  0.379636	   0.37648	  0.372462	  0.367837	  0.362621	  0.356677	  0.350127	  0.343138	  0.335809	   0.32823	  0.320505	  0.312646	   0.30465	   0.29652	  0.288323	  0.280091	  0.271856	  0.263642	  0.255455	  0.247289	  0.239138	  0.231001	  0.222875	  0.214758	  0.206659	  0.198591	  0.190576	  0.182636	  0.174793	  0.167071	  0.159494	  0.152083	   0.14486	  0.137844	  0.131053	  0.124504	   0.11821
    52	     0	0.000272874	0.000415886	0.000856311	0.00196555	0.00464653	 0.0107836	 0.0233867	 0.0451504	 0.0754309	  0.111145	  0.149403	   0.18808	  0.225172	  0.259224	  0.289078	  0.314115	  0.334138	  0.349674	  0.361077	  0.369019	  0.374003	  0.377081	  0.378882	  0.380319	  0.381773	  0.383236	  0.385092	  0.387083	   0.38915	  0.390852	  0.391767	  0.391945	  0.391217	  0.389431	  0.387111	    0.3841	  0.380205	  0.375664	   0.37049	  0.364545	  0.357949	  0.350874	  0.343428	  0.335705	  0.327826	  0.319811	  0.311657	  0.303369	  0.295012	  0.286617	  0.278218	  0.269841	  0.261492	  0.253167	  0.244859	  0.236565	   0.22828	  0.220003	  0.211743	  0.203515	  0.195341	  0.187246	  0.179253	  0.171388	  0.163675	  0.156135	   0.14879	   0.14166	  0.134761	   0.12811	   0.12172
    53	     0	0.000334723	0.000506923	0.00104362	0.00240407	0.00568782	 0.0130751	 0.0276072	 0.0511229	 0.0818824	  0.116812	  0.153582	  0.190479	  0.225768	  0.258158	  0.286595	  0.310495	  0.329648	  0.344527	  0.355444	  0.363024	  0.367727	  0.370577	  0.372187	  0.373452	  0.374745	  0.376056	  0.377769	  0.379631	  0.381552	  0.383091	  0.383833	  0.383833	  0.382918	  0.380937	  0.378426	  0.375233	  0.371195	  0.366568	  0.361364	  0.355433	  0.348878	  0.341861	   0.33448	  0.326826	  0.319012	  0.311059	  0.302967	   0.29474	  0.286439	  0.278095	  0.269741	  0.261403	  0.253091	  0.244805	  0.236539	  0.228292	  0.220063	  0.211853	  0.203673	  0.195539	  0.187475	  0.179507	  0.171658	  0.163954	  0.156418	  0.149072	  0.141936	  0.135027	  0.128361	   0.12195	  0.115806
    54	     0	0.00012619	0.00019514	0.000419093	0.00101651	0.00256322	0.00643906	 0.0154412	 0.0334502	 0.0619154	 0.0978965	  0.137285	  0.177197	  0.215347	  0.250155	  0.280421	  0.305556	  0.325431	  0.340694	  0.351767	  0.359387	  0.364095	  0.366989	  0.368687	  0.370143	  0.371733	  0.373449	  0.375689	  0.378133	  0.380662	  0.382827	  0.384229	  0.384962	  0.384813	  0.383544	  0.381689	    0.3791	  0.375598	  0.371405	  0.366529	  0.360844	  0.354502	  0.347689	  0.340518	  0.333086	  0.325501	  0.317776	  0.309912	  0.301917	  0.293862	  0.285781	  0.277707	  0.269663	  0.261649	  0.253657	   0.24568	  0.237713	  0.229748	  0.221783	  0.213823	  0.205882	  0.197978	   0.19013	  0.182361	  0.174692	  0.167146	  0.159744	  0.152509	   0.14546	  0.138617	  0.131999	   0.12562
    55	     0	0.000260917	0.000412265	0.00091043	0.00225917	0.00574937	 0.0141533	 0.0315758	 0.0602933	 0.0972686	  0.137946	  0.179361	  0.219607	   0.25686	  0.289918	  0.317879	  0.340378	   0.35745	  0.369886	  0.378138	  0.382984	   0.38503	  0.385409	  0.384708	  0.383952	   0.38353	  0.383418	  0.383978	  0.384915	  0.386136	  0.387135	  0.387478	   0.38721	  0.386131	  0.384017	  0.381366	  0.378018	  0.373833	  0.369079	  0.363767	   0.35775	  0.351161	  0.344164	  0.336856	  0.329322	  0.321654	  0.313859	  0.305933	  0.297882	  0.289777	   0.28165	  0.273535	  0.265453	  0.257405	  0.249382	  0.241377	  0.233384	  0.225399	  0.217418	  0.209445	  0.201495	  0.193585	  0.185734	  0.177963	  0.170294	  0.162749	  0.155349	  0.148116	   0.14107	   0.13423	  0.127615	   0.12124
    56	     0	0.000331173	0.000503682	 0.0010341	0.00236389	 0.0055438	 0.0126575	 0.0266765	   0.04963	 0.0801765	  0.115438	  0.153027	  0.191079	  0.227681	  0.261429	  0.291182	  0.316315	  0.336591	  0.352467	  0.364262	   0.37261	   0.37797	  0.381361	  0.383429	  0.385066	  0.386664	  0.388225	  0.390157	  0.392184	  0.394191	  0.395724	  0.396381	  0.396232	  0.395085	  0.392779	   0.38989	  0.386262	  0.381773	  0.376714	  0.371107	  0.364799	  0.357881	   0.35051	  0.342786	  0.334802	  0.326667	  0.318405	  0.310015	  0.301496	  0.292909	  0.284283	  0.275649	  0.267035	  0.258454	  0.249904	  0.241383	   0.23289	  0.224424	  0.215989	  0.207596	  0.199263	  0.191013	  0.182873	  0.174867	  0.167022	  0.159361	  0.151905	  0.144673	  0.137684	   0.13095	  0.124484	  0.118295
    57	     0	0.00015133	0.000240145	0.000545999	 0.0014141	0.00378919	0.00992798	  0.023827	 0.0488257	 0.0829128	  0.121441	   0.16134	  0.200789	  0.238035	  0.271799	  0.301071	  0.325351	  0.344527	  0.359198	  0.369747	  0.376871	  0.381083	  0.383448	  0.384592	  0.385455	  0.386423	   0.38749	  0.389057	  0.390822	  0.392684	  0.394167	  0.394842	  0.394781	  0.393795	  0.391697	   0.38904	  0.385664	  0.381423	  0.376593	  0.371193	  0.365074	  0.358356	  0.351206	  0.343725	     0.336	  0.328141	  0.320159	   0.31205	  0.303815	  0.295519	  0.287193	   0.27887	  0.270575	  0.262312	  0.254077	  0.245861	  0.237663	  0.229477	  0.221303	  0.213148	  0.205026	   0.19696	   0.18897	  0.181081	  0.173317	  0.165701	  0.158255	  0.150999	  0.143953	  0.137135	  0.130561	  0.124242
    58	     0	 0.0001306	0.000204431	0.000461091	0.00119318	0.00320817	0.00846882	 0.0205875	 0.0428815	 0.0738398	  0.109165	  0.145979	  0.182677	  0.217722	  0.249902	  0.278205	  0.302061	  0.321256	  0.336257	  0.347368	  0.355199	  0.360194	  0.363367	  0.365324	  0.366957	  0.368625	  0.370319	   0.37243	  0.374686	  0.376985	  0.378892	  0.379998	  0.380364	  0.379813	  0.378191	  0.376037	  0.373204	   0.36951	  0.365195	   0.36027	   0.35459	  0.348265	  0.341461	   0.33428	  0.326813	  0.319179	    0.3114	  0.303476	  0.295412	  0.287271	  0.279083	  0.270881	  0.262691	  0.254524	  0.246379	  0.238251	  0.230137	  0.222035	  0.213947	  0.205882	  0.197858	  0.189899	   0.18203	  0.174278	  0.166666	  0.159218	  0.151956	    0.1449	  0.138067	  0.131472	  0.125128	  0.119045
    59	     0	0.000379872	0.000580447	0.00121698	0.00285738	0.00684838	 0.0157214	 0.0324609	 0.0579115	 0.0894947	  0.124415	  0.160842	  0.197322	  0.232235	  0.264374	  0.292725	  0.316713	  0.336094	  0.351278	   0.36254	  0.370466	  0.375479	   0.37857	  0.380379	  0.381761	  0.383097	   0.38439	   0.38605	  0.387803	  0.389544	  0.390815	  0.391209	  0.390798	  0.389403	  0.386871	  0.383779	  0.379971	  0.375341	  0.370189	  0.364541	  0.358239	  0.351368	  0.344073	  0.336444	  0.328564	  0.320536	  0.312381	  0.304095	  0.295678	  0.287191	  0.278661	  0.270119	  0.261595	    0.2531	  0.244637	  0.236203	  0.227797	  0.219421	   0.21108	  0.202785	  0.194553	  0.186408	  0.178376	  0.170482	  0.162751	  0.155207	  0.147869	  0.140757	  0.133886	  0.127272	  0.120924	   0.11485
    60	     0	0.000376457	0.000573226	0.00118888	0.00275468	0.00652843	  0.014915	 0.0309545	 0.0559209	 0.0875093	  0.122713	  0.159451	  0.196153	   0.23115	  0.263209	  0.291308	  0.314885	  0.333732	   0.34831	  0.358933	  0.366223	  0.370644	  0.373219	  0.374616	  0.375686	  0.376799	  0.377938	  0.379485	  0.381182	   0.38293	  0.384266	  0.384786	  0.384541	  0.383358	  0.381081	   0.37825	  0.374715	  0.370368	  0.365482	  0.360076	  0.354002	  0.347352	  0.340275	  0.332861	  0.325192	  0.317369	  0.309406	  0.301302	  0.293058	  0.284735	  0.276363	  0.267975	  0.259597	  0.251241	  0.242907	  0.234593	  0.226298	  0.218023	  0.209773	  0.201558	  0.193394	  0.185306	  0.177318	  0.169455	  0.161742	  0.154201	  0.146855	  0.139723	  0.132822	  0.126168	  0.119774	  0.113649
    61	     0	0.000335443	0.000509065	0.00104315	0.00238388	 0.0055997	 0.0128404	 0.0272673	 0.0511633	 0.0831208	  0.119797	  0.158395	  0.196891	   0.23338	  0.266509	  0.295228	   0.31901	  0.337728	  0.351959	  0.362086	  0.368796	  0.372604	  0.374581	  0.375362	  0.375875	  0.376503	  0.377244	  0.378483	  0.379959	  0.381558	  0.382811	  0.383325	  0.383143	  0.382077	  0.379944	  0.377264	  0.373891	  0.369714	  0.365007	  0.359776	  0.353862	  0.347365	  0.340434	  0.333159	  0.325621	  0.317917	  0.310065	  0.302065	  0.293925	  0.285708	  0.277445	  0.269172	  0.260913	  0.252678	  0.244464	  0.236265	  0.228078	  0.219897	  0.211725	  0.203571	  0.195456	  0.187404	  0.179441	  0.171593	  0.163885	  0.156341	  0.148982	  0.141828	  0.134897	  0.128206	  0.121767	   0.11559
    62	     0	0.000301099	0.000457389	0.000964564	0.00229914	 0.0056349	 0.0133427	 0.0286322	     0.053	 0.0840445	  0.118564	  0.154457	  0.190216	   0.22425	  0.255366	  0.282584	  0.305365	  0.323518	  0.337523	  0.347686	   0.35462	  0.358779	  0.361188	  0.362462	  0.363486	  0.364619	  0.365838	  0.367517	  0.369397	  0.371354	  0.372941	  0.373761	  0.373863	  0.373062	  0.371191	  0.368774	  0.365673	  0.361755	  0.357265	   0.35221	  0.346436	  0.340046	  0.333195	  0.325984	    0.3185	   0.31085	  0.303055	  0.295117	  0.287039	  0.278885	  0.270681	  0.262462	  0.254255	   0.24607	  0.237909	  0.229768	  0.221648	  0.213551	  0.205479	  0.197443	  0.189461	  0.181557	  0.173756	  0.166081	  0.158558	   0.15121	  0.144056	  0.137117	  0.130409	  0.123946	   0.11774	  0.111799
    63	     0	0.000188318	0.000293871	0.000622369	0.00146518	0.00355314	0.00850224	 0.0191786	  0.038754	 0.0674845	  0.102589	  0.141048	  0.180625	  0.219175	  0.255125	  0.287168	  0.314557	  0.336979	  0.354855	  0.368489	  0.378517	  0.385398	  0.390145	  0.393424	  0.396091	  0.398552	  0.400822	  0.403324	  0.405778	  0.408151	   0.41002	  0.410978	  0.411114	  0.410259	  0.408257	  0.405674	  0.402337	  0.398068	  0.393141	  0.387585	  0.381268	  0.374312	  0.366893	  0.359121	   0.35109	  0.342922	  0.334632	  0.326213	  0.317668	  0.309063	   0.30043	  0.291802	  0.283205	  0.274644	  0.266112	    0.2576	  0.249103	  0.240613	  0.232128	  0.223656	  0.215211	  0.206816	  0.198496	  0.190275	  0.182178	  0.174229	  0.166452	  0.158869	  0.151499	  0.144361	  0.137472	  0.130846
    64	     0	0.000189108	0.000297213	0.00064248	0.00155179	0.00386116	0.00944277	 0.0215568	 0.0434231	 0.0745015	  0.111247	  0.150497	  0.190099	  0.228014	  0.262802	  0.293295	  0.318881	  0.339367	  0.355301	  0.367049	  0.375298	  0.380543	  0.383838	  0.385852	  0.387476	  0.389106	   0.39076	  0.392871	  0.395086	  0.397274	  0.398951	  0.399745	   0.39978	  0.398844	  0.396687	  0.393883	   0.39027	  0.385768	  0.380695	  0.375077	  0.368777	  0.361925	  0.354688	  0.347161	  0.339426	  0.331569	  0.323592	  0.315486	  0.307255	  0.298968	  0.290659	  0.282359	  0.274092	   0.26586	  0.257652	  0.249461	  0.241283	   0.23311	   0.22494	   0.21678	  0.208645	  0.200554	  0.192528	  0.184591	  0.176765	  0.169073	  0.161538	  0.154181	  0.147022	  0.140082	  0.133378	  0.126924
    65	     0	0.000215107	0.000339009	0.000773319	0.00201815	0.00541305	 0.0138982	 0.0315429	 0.0595829	 0.0940835	  0.131172	  0.168874	  0.205837	  0.240539	  0.271884	  0.298978	  0.321371	  0.338948	  0.352269	  0.361678	  0.367826	  0.371199	  0.372846	  0.373406	   0.37378	   0.37434	  0.375077	  0.376383	  0.377963	  0.379688	  0.381074	  0.381698	  0.381622	  0.380654	  0.378598	  0.375985	  0.372668	  0.368532	  0.363845	  0.358616	  0.352697	  0.346198	  0.339278	  0.332031	  0.324541	  0.316903	  0.309132	  0.301222	  0.293179	  0.285066	  0.276914	  0.268755	  0.260614	    0.2525	  0.244409	  0.236335	  0.228276	  0.220232	  0.212202	  0.204195	  0.196229	  0.188325	  0.180505	  0.172795	  0.165217	  0.157795	  0.150551	  0.143503	  0.136671	  0.130072	  0.123718	  0.117622
    66	     0	0.000413685	0.00061929	0.00123089	0.00270975	0.00611627	 0.0134693	 0.0275655	 0.0503465	 0.0806369	   0.11562	  0.152778	  0.190138	  0.225764	  0.258283	  0.286602	  0.310154	  0.328773	  0.343017	  0.353245	  0.360131	  0.364179	  0.366451	  0.367566	  0.368441	  0.369446	  0.370563	  0.372171	  0.373987	  0.375887	  0.377415	   0.37818	  0.378253	  0.377441	  0.375536	  0.373056	  0.369856	  0.365817	  0.361196	  0.356006	  0.350098	  0.343592	  0.336652	  0.329378	  0.321857	  0.314185	  0.306375	  0.298428	  0.290347	    0.2822	  0.274018	  0.265834	  0.257671	  0.249536	  0.241423	  0.233328	  0.225249	  0.217182	   0.20913	    0.2011	  0.193107	  0.185174	  0.177321	  0.169573	  0.161953	  0.154484	  0.147187	  0.140084	  0.133194	  0.126534	  0.120118	  0.113961
    67	     0	0.00029693	0.000457164	0.000990408	0.00243284	0.00612231	 0.0147238	 0.0315043	 0.0572234	   0.08879	  0.123208	  0.158778	  0.194232	  0.228134	  0.259354	  0.286934	   0.31031	  0.329234	  0.344087	  0.355121	  0.362892	  0.367804	  0.370834	  0.372587	  0.373921	  0.375201	  0.376419	  0.377961	  0.379598	   0.38124	  0.382452	  0.382835	  0.382434	  0.381082	  0.378655	  0.375708	  0.372099	  0.367702	    0.3628	  0.357411	  0.351372	  0.344753	  0.337691	  0.330272	  0.322575	  0.314709	  0.306699	  0.298545	  0.290252	  0.281877	  0.273448	  0.264998	  0.256555	  0.248138	   0.23975	  0.231392	  0.223065	  0.214769	  0.206512	  0.198305	  0.190167	  0.182125	  0.174205	  0.166432	  0.158832	  0.151427	  0.144237	   0.13728	  0.130569	  0.124116	  0.117931	  0.112018
    68	     0	0.000351354	0.000541576	0.00111093	0.00250912	0.00579693	 0.0130914	 0.0275739	 0.0518862	 0.0852213	  0.124399	  0.166256	  0.208248	  0.247945	  0.283792	  0.314635	  0.339969	  0.359745	  0.374699	  0.385277	  0.392258	   0.39624	  0.398337	  0.399176	  0.399743	  0.400458	   0.40132	  0.402733	  0.404381	  0.406213	  0.407745	  0.408523	  0.408619	  0.407833	  0.405944	  0.403486	  0.400285	  0.396146	  0.391316	   0.38581	  0.379508	  0.372564	   0.36517	  0.357439	  0.349475	  0.341387	  0.333183	  0.324859	  0.316421	   0.30794	   0.29945	  0.290987	  0.282569	  0.274195	  0.265853	  0.257535	  0.249232	  0.240936	  0.232641	   0.22435	  0.216075	  0.207832	   0.19964	   0.19152	  0.183493	  0.175583	  0.167812	  0.160202	  0.152774	  0.145551	  0.138551	  0.131793
    69	     0	0.000333499	0.000508636	0.00104669	0.00239664	0.00563042	 0.0128902	  0.027276	 0.0509333	 0.0823827	  0.118386	  0.156309	  0.194242	  0.230319	  0.263205	  0.291829	  0.315632	  0.334457	  0.348866	  0.359223	  0.366208	  0.370331	  0.372655	  0.373812	  0.374719	   0.37575	  0.376891	  0.378526	  0.380364	  0.382308	   0.38389	  0.384692	   0.38478	  0.383973	  0.382082	  0.379636	   0.37648	  0.372462	  0.367837	  0.362621	  0.356677	  0.350127	  0.343138	  0.335809	   0.32823	  0.320505	  0.312646	   0.30465	   0.29652	  0.288323	  0.280091	  0.271856	  0.263642	  0.255455	  0.247289	  0.239138	  0.231001	  0.222875	  0.214758	  0.206659	  0.198591	  0.190576	  0.182636	  0.174793	  0.167071	  0.159494	  0.152083	   0.14486	  0.137844	  0.131053	  0.124504	   0.11821
    70	     0	0.000278132	0.000448502	0.00108541	0.00302578	0.00850739	 0.0217856	 0.0460742	 0.0787262	  0.114764	  0.151948	   0.18923	  0.225554	  0.259577	  0.290329	  0.317005	   0.33918	  0.356715	  0.370083	  0.379577	  0.385791	  0.389178	  0.390741	  0.391112	  0.391182	  0.391341	  0.391588	  0.392319	  0.393286	  0.394417	  0.395222	  0.395231	   0.39447	  0.392773	  0.390026	  0.386793	   0.38291	  0.378234	  0.373057	  0.367404	  0.361115	  0.354265	  0.346991	  0.339379	  0.331507	  0.323487	  0.315341	  0.307065	  0.298659	   0.29018	  0.281655	  0.273117	  0.264593	  0.256099	  0.247638	  0.239209	  0.230811	  0.222446	  0.214118	  0.205837	  0.197622	  0.189495	  0.181483	  0.173611	  0.165903	  0.158382	  0.151069	  0.143981	  0.137134	  0.130541	  0.124212	  0.118154
    71	     0	0.000206934	0.000324726	0.00072638	0.00184766	0.00484163	 0.0122818	 0.0281222	 0.0545782	 0.0886378	  0.126034	  0.164242	  0.201676	  0.236707	  0.268197	  0.295234	   0.31738	  0.334567	   0.34745	  0.356404	  0.362122	  0.365125	   0.36649	   0.36681	  0.367053	  0.367588	   0.36841	  0.369917	  0.371764	  0.373799	  0.375532	  0.376537	  0.376903	  0.376413	   0.37482	  0.372654	  0.369762	  0.366004	  0.361629	  0.356649	  0.350924	  0.344594	  0.337832	  0.330739	  0.323406	   0.31593	  0.308319	  0.300572	  0.292697	  0.284762	  0.276799	  0.268842	  0.260912	  0.253011	  0.245132	  0.237269	  0.229418	  0.221573	  0.213734	  0.205906	  0.198105	  0.190349	  0.182659	  0.175055	  0.167562	    0.1602	  0.152992	  0.145957	  0.139117	  0.132488	  0.126089	  0.119933
    72	     0	0.00015133	0.000240145	0.000545999	 0.0014141	0.00378919	0.00992798	  0.023827	 0.0488257	 0.0829128	  0.121441	   0.16134	  0.200789	  0.238035	  0.271799	  0.301071	  0.325351	  0.344527	  0.359198	  0.369747	  0.376871	  0.381083	  0.383448	  0.384592	  0.385455	  0.386423	   0.38749	  0.389057	  0.390822	  0.392684	  0.394167	  0.394842	  0.394781	  0.393795	  0.391697	   0.38904	  0.385664	  0.381423	  0.376593	  0.371193	  0.365074	  0.358356	  0.351206	  0.343725	     0.336	  0.328141	  0.320159	   0.31205	  0.303815	  0.295519	  0.287193	   0.27887	  0.270575	  0.262312	  0.254077	  0.245861	  0.237663	  0.229477	  0.221303	  0.213148	  0.205026	   0.19696	   0.18897	  0.181081	  0.173317	  0.165701	  0.158255	  0.150999	  0.143953	  0.137135	  0.130561	  0.124242
    73	     0	0.00015133	0.000240145	0.000545999	 0.0014141	0.00378919	0.00992798	  0.023827	 0.0488257	 0.0829128	  0.121441	   0.16134	  0.200789	  0.238035	  0.271799	  0.301071	  0.325351	  0.344527	  0.359198	  0.369747	  0.376871	  0.381083	  0.383448	  0.384592	  0.385455	  0.386423	   0.38749	  0.389057	  0.390822	  0.392684	  0.394167	  0.394842	  0.394781	  0.393795	  0.391697	   0.38904	  0.385664	  0.381423	  0.376593	  0.371193	  0.365074	  0.358356	  0.351206	  0.343725	     0.336	  0.328141	  0.320159	   0.31205	  0.303815	  0.295519	  0.287193	   0.27887	  0.270575	  0.262312	  0.254077	  0.245861	  0.237663	  0.229477	  0.221303	  0.213148	  0.205026	   0.19696	   0.18897	  0.181081	  0.173317	  0.165701	  0.158255	  0.150999	  0.143953	  0.137135	  0.130561	  0.124242
    74	     0	0.000420283	0.000657005	0.00143973	 0.0035392	  0.008795	 0.0204859	 0.0416551	 0.0718095	  0.107323	   0.14548	  0.184585	  0.223119	  0.259336	  0.292099	  0.320489	  0.344054	  0.362676	  0.376889	  0.387032	  0.393757	  0.397554	  0.399457	  0.400136	  0.400482	  0.400906	  0.401418	  0.402431	  0.403664	  0.405044	  0.406075	  0.406289	  0.405734	   0.40423	  0.401618	  0.398463	  0.394594	  0.389876	  0.384597	  0.378778	  0.372269	  0.365173	  0.357649	  0.349796	  0.341704	  0.333481	  0.325146	   0.31669	  0.308114	  0.299478	  0.290813	   0.28215	  0.273515	  0.264917	  0.256354	   0.24782	  0.239311	  0.230826	  0.222365	  0.213938	  0.205559	  0.197251	  0.189039	  0.180947	     0.173	  0.165222	  0.157634	  0.150258	  0.143112	  0.136211	  0.129571	  0.123202
    75	     0	0.000218295	0.000345883	0.000781191	0.00200199	0.00527915	 0.0134672	 0.0309735	 0.0602323	 0.0977394	  0.138534	  0.179667	  0.219369	  0.255953	  0.288295	  0.315549	  0.337384	  0.353851	  0.365738	  0.373505	  0.377927	  0.379606	   0.37968	   0.37876	  0.377873	  0.377404	  0.377345	   0.37808	  0.379284	  0.380832	  0.382197	  0.382909	  0.383013	  0.382305	  0.380565	  0.378305	  0.375362	  0.371568	  0.367166	  0.362164	  0.356429	  0.350096	   0.34333	  0.336227	  0.328875	  0.321375	  0.313737	  0.305958	  0.298046	   0.29007	  0.282061	  0.274054	  0.266071	  0.258114	  0.250176	  0.242249	  0.234329	  0.226409	  0.218485	  0.210565	  0.202662	  0.194796	  0.186987	  0.179258	   0.17163	  0.164127	  0.156769	  0.149577	  0.142573	  0.135775	    0.1292	  0.122864
    76	     0	0.00015133	0.000240145	0.000545999	 0.0014141	0.00378919	0.00992798	  0.023827	 0.0488257	 0.0829128	  0.121441	   0.16134	  0.200789	  0.238035	  0.271799	  0.301071	  0.325351	  0.344527	  0.359198	  0.369747	  0.376871	  0.381083	  0.383448	  0.384592	  0.385455	  0.386423	   0.38749	  0.389057	  0.390822	  0.392684	  0.394167	  0.394842	  0.394781	  0.393795	  0.391697	   0.38904	  0.385664	  0.381423	  0.376593	  0.371193	  0.365074	  0.358356	  0.351206	  0.343725	     0.336	  0.328141	  0.320159	   0.31205	  0.303815	  0.295519	  0.287193	   0.27887	  0.270575	  0.262312	  0.254077	  0.245861	  0.237663	  0.229477	  0.221303	  0.213148	  0.205026	   0.19696	   0.18897	  0.181081	  0.173317	  0.165701	  0.158255	  0.150999	  0.143953	  0.137135	  0.130561	  0.124242
    77	     0	0.000401982	0.000615729	0.00127661	0.00294197	0.00691783	 0.0156678	 0.0322649	 0.0580142	 0.0906691	   0.12723	  0.165519	  0.203823	  0.240334	  0.273753	  0.303025	  0.327585	  0.347238	  0.362476	  0.373623	  0.381323	  0.386049	  0.388825	  0.390296	  0.391364	  0.392429	  0.393506	  0.395011	  0.396661	  0.398375	  0.399681	  0.400136	  0.399803	  0.398506	    0.3961	  0.393153	    0.3895	  0.384984	  0.379899	  0.374272	  0.367951	  0.361032	  0.353672	  0.345966	     0.338	   0.32989	  0.321654	   0.31329	  0.304798	  0.296239	  0.287643	  0.279042	  0.270463	  0.261916	  0.253399	  0.244907	  0.236436	  0.227984	  0.219553	  0.211152	  0.202798	  0.194515	  0.186329	  0.178266	   0.17035	  0.162606	  0.155056	   0.14772	  0.140616	  0.133759	  0.127163	  0.120837
    78	     0	0.000424747	0.000630295	 0.0012385	 0.0026967	0.00602043	 0.0131017	 0.0264782	 0.0478358	 0.0761077	  0.108916	  0.144138	  0.180035	  0.214798	  0.247076	  0.275741	  0.300133	  0.319964	  0.335632	  0.347404	  0.355866	  0.361436	  0.365106	  0.367484	  0.369442	  0.371348	  0.373197	  0.375393	  0.377654	  0.379856	  0.381569	   0.38241	  0.382468	  0.381557	    0.3795	  0.376862	  0.373494	  0.369271	  0.364466	  0.359102	  0.353021	  0.346326	  0.339178	   0.33168	  0.323921	   0.31601	  0.307969	  0.299796	  0.291494	  0.283123	  0.274714	  0.266298	  0.257901	  0.249535	  0.241198	  0.232889	  0.224606	   0.21635	  0.208126	  0.199943	  0.191819	  0.183777	  0.175842	  0.168038	   0.16039	  0.152921	  0.145653	  0.138603	   0.13179	  0.125228	  0.118929	  0.112901
    79	     0	0.000344891	0.000523857	0.00106942	 0.0024248	0.00563565	 0.0127545	 0.0266874	 0.0494269	 0.0796781	  0.114592	   0.15177	  0.189342	  0.225383	  0.258525	  0.287642	  0.312127	  0.331763	  0.347045	  0.358298	  0.366163	  0.371112	  0.374174	  0.375987	  0.377448	  0.378941	  0.380472	  0.382454	  0.384579	  0.386718	  0.388411	  0.389263	  0.389367	  0.388522	  0.386519	  0.383915	  0.380553	  0.376321	  0.371497	    0.3661	  0.359983	  0.353262	  0.346106	  0.338614	  0.330879	     0.323	  0.314992	  0.306852	  0.298583	   0.29025	  0.281884	  0.273517	  0.265174	  0.256862	  0.248576	   0.24031	  0.232062	  0.223829	  0.215611	  0.207417	  0.199264	  0.191176	  0.183175	  0.175286	  0.167533	  0.159941	  0.152531	  0.145324	  0.138339	  0.131592	  0.125099	   0.11887
    80	     0	0.000309308	0.000471319	0.000965279	0.00219786	0.00514607	 0.0118119	 0.0253032	 0.0482396	 0.0797006	  0.116314	  0.154997	  0.193556	  0.230016	  0.262996	  0.291424	  0.314781	  0.332971	  0.346655	  0.356244	   0.36247	  0.365887	  0.367595	  0.368203	  0.368684	  0.369401	  0.370332	   0.37185	  0.373649	  0.375607	  0.377249	  0.378154	  0.378392	  0.377768	   0.37607	  0.373816	  0.370852	  0.367022	  0.362575	  0.357525	  0.351738	  0.345346	  0.338517	  0.331352	  0.323939	  0.316381	  0.308685	   0.30085	  0.292882	  0.284848	  0.276781	  0.268714	   0.26067	  0.252651	  0.244651	  0.236663	  0.228688	   0.22072	  0.212758	  0.204809	  0.196886	  0.189007	  0.181192	  0.173465	  0.165846	  0.158358	  0.151024	  0.143865	  0.136901	   0.13015	   0.12363	  0.117355
    81	     0	0.000310108	0.000460713	0.000887311	0.00187716	0.00409461	  0.008887	 0.0185668	 0.0360328	 0.0625837	 0.0966741	  0.135136	  0.174938	   0.21341	  0.248707	  0.279484	  0.305074	  0.325314	  0.340833	  0.352068	  0.359767	  0.364488	  0.367339	  0.368965	  0.370319	   0.37178	  0.373341	   0.37539	  0.377635	  0.379945	  0.381869	   0.38303	    0.3835	  0.383076	  0.381539	  0.379415	  0.376557	  0.372822	   0.36845	  0.363449	  0.357683	  0.351282	  0.344417	   0.33719	  0.329694	  0.322032	  0.314221	  0.306261	  0.298161	  0.289988	  0.281777	  0.273562	  0.265366	  0.257194	  0.249039	  0.240896	  0.232758	  0.224621	  0.216485	  0.208356	  0.200251	  0.192193	  0.184203	  0.176306	  0.168525	  0.160884	  0.153406	  0.146112	  0.139023	  0.132156	  0.125528	  0.119154
    82	     0	0.00015133	0.000240145	0.000545999	 0.0014141	0.00378919	0.00992798	  0.023827	 0.0488257	 0.0829128	  0.121441	   0.16134	  0.200789	  0.238035	  0.271799	  0.301071	  0.325351	  0.344527	  0.359198	  0.369747	  0.376871	  0.381083	  0.383448	  0.384592	  0.385455	  0.386423	   0.38749	  0.389057	  0.390822	  0.392684	  0.394167	  0.394842	  0.394781	  0.393795	  0.391697	   0.38904	  0.385664	  0.381423	  0.376593	  0.371193	  0.365074	  0.358356	  0.351206	  0.343725	     0.336	  0.328141	  0.320159	   0.31205	  0.303815	  0.295519	  0.287193	   0.27887	  0.270575	  0.262312	  0.254077	  0.245861	  0.237663	  0.229477	  0.221303	  0.213148	  0.205026	   0.19696	   0.18897	  0.181081	  0.173317	  0.165701	  0.158255	  0.150999	  0.143953	  0.137135	  0.130561	  0.124242
    83	     0	0.000317149	0.000478157	0.00093008	0.00197328	0.00429578	0.00926769	 0.0191611	 0.0366577	 0.0627297	 0.0958042	  0.133079	  0.171897	  0.209729	  0.244786	  0.275653	  0.301574	    0.3223	  0.338415	  0.350294	  0.358661	  0.364055	  0.367565	  0.369821	  0.371757	   0.37376	  0.375824	  0.378351	  0.381017	  0.383725	  0.386042	  0.387577	  0.388435	  0.388406	  0.387247	  0.385489	  0.382974	   0.37951	   0.37531	   0.37039	  0.364647	  0.358242	  0.351361	   0.34412	  0.336617	  0.328959	  0.321156	  0.313208	  0.305126	  0.296982	  0.288812	  0.280652	  0.272521	  0.264418	  0.256332	  0.248258	  0.240189	  0.232118	   0.22404	  0.215961	  0.207894	  0.199856	  0.191866	  0.183944	  0.176112	  0.168392	  0.160807	  0.153378	  0.146127	  0.139075	  0.132242	  0.125645
    84	     0	0.000377957	0.000569145	0.00112083	0.00242516	0.00538305	 0.0117572	 0.0242465	 0.0453654	  0.074892	  0.110142	  0.148089	  0.186341	  0.222749	  0.255812	  0.284377	  0.307873	  0.326179	  0.339961	  0.349638	  0.355952	  0.359458	  0.361266	  0.361984	  0.362594	   0.36346	  0.364576	  0.366337	  0.368392	  0.370585	  0.372434	  0.373538	  0.373998	  0.373597	  0.372081	  0.369979	  0.367139	  0.363421	  0.359081	   0.35414	  0.348471	  0.342213	  0.335534	  0.328528	  0.321281	  0.313885	  0.306344	  0.298659	  0.290838	  0.282953	  0.275037	  0.267124	  0.259233	  0.251366	  0.243514	  0.235672	  0.227837	  0.220002	  0.212167	  0.204336	  0.196523	  0.188746	  0.181023	  0.173376	  0.165826	  0.158394	  0.151102	  0.143972	  0.137025	  0.130279	  0.123753	  0.117463
    85	     0	0.000344591	0.000554991	0.00136264	0.00386485	 0.0108909	 0.0270412	 0.0539233	 0.0872837	  0.122874	  0.159241	  0.195521	  0.230703	  0.263505	  0.293033	  0.318543	  0.339649	  0.356223	  0.368738	  0.377471	  0.383006	  0.385786	  0.386813	  0.386717	  0.386384	  0.386198	  0.386155	  0.386645	  0.387427	  0.388412	  0.389105	  0.389035	  0.388225	  0.386498	  0.383734	  0.380487	  0.376605	   0.37196	  0.366837	  0.361247	   0.35503	  0.348257	  0.341062	  0.333528	  0.325736	  0.317792	  0.309717	  0.301512	  0.293175	  0.284764	  0.276306	  0.267832	  0.259372	  0.250942	  0.242547	  0.234186	   0.22586	  0.217573	  0.209329	  0.201141	  0.193025	  0.185005	  0.177108	  0.169356	  0.161776	  0.154387	  0.147211	  0.140265	  0.133562	  0.127115	  0.120934	  0.115024
    86	     0	0.000311607	0.000484079	0.00102812	0.00243558	0.00591614	 0.0139719	 0.0303071	 0.0573593	 0.0929673	  0.132927	  0.174052	  0.214206	  0.251439	  0.284485	  0.312402	  0.334816	  0.351764	  0.364051	  0.372151	  0.376861	  0.378795	  0.379102	  0.378402	  0.377722	  0.377447	  0.377572	  0.378491	  0.379851	  0.381514	  0.382953	  0.383715	  0.383872	  0.383204	  0.381453	  0.379143	  0.376113	  0.372213	  0.367697	  0.362579	  0.356735	   0.35031	  0.343471	  0.336316	   0.32893	  0.321406	  0.313746	  0.305949	  0.298023	   0.29004	  0.282034	  0.274038	  0.266073	  0.258137	   0.25022	  0.242318	  0.234424	  0.226532	  0.218639	  0.210749	  0.202874	  0.195029	  0.187234	  0.179508	  0.171872	  0.164346	  0.156954	  0.149715	  0.142651	  0.135782	  0.129127	  0.122703
    87	     0	0.000342389	0.000505402	0.000966789	0.00203225	0.00439837	0.00943279	 0.0193378	 0.0365665	 0.0617838	 0.0933846	  0.128847	  0.165838	  0.202111	  0.236002	  0.266167	  0.291836	  0.312692	  0.329168	  0.341579	  0.350557	  0.356566	  0.360633	  0.363395	  0.365719	  0.367975	  0.370159	  0.372667	  0.375223	  0.377721	  0.379753	  0.380961	  0.381435	  0.380989	  0.379423	  0.377269	  0.374384	   0.37062	   0.36622	  0.361196	  0.355407	   0.34898	  0.342084	  0.334824	  0.327291	  0.319594	  0.311748	  0.303755	  0.295623	   0.28742	  0.279176	  0.270927	  0.262698	  0.254493	  0.246309	  0.238138	  0.229978	  0.221823	  0.213674	   0.20554	  0.197437	   0.18939	  0.181421	  0.173555	  0.165817	  0.158231	  0.150818	    0.1436	  0.136597	  0.129825	    0.1233	  0.117035
    88	     0	0.000385584	0.00059759	0.00135972	0.00355786	 0.0093855	 0.0225918	 0.0455529	 0.0758093	  0.109161	  0.143585	  0.178039	  0.211523	  0.242806	  0.270984	  0.295302	  0.315358	   0.33102	  0.342759	  0.350866	  0.355917	  0.358351	  0.359184	  0.359051	   0.35881	  0.358809	  0.359023	  0.359817	  0.360945	  0.362258	  0.363275	  0.363579	  0.363202	  0.361956	  0.359679	  0.356887	  0.353449	  0.349286	   0.34466	  0.339572	  0.333859	    0.3276	  0.320925	  0.313918	  0.306653	  0.299216	  0.291629	  0.283893	  0.276014	  0.268047	  0.260023	  0.251973	  0.243927	  0.235898	  0.227892	   0.21991	  0.211953	  0.204026	  0.196135	  0.188294	   0.18052	  0.172839	  0.165273	  0.157849	  0.150588	  0.143513	  0.136644	  0.129996	  0.123585	  0.117421	  0.111515	  0.105873
    89	     0	0.000367838	0.000574921	0.00125968	0.00310279	0.00776593	  0.018386	 0.0383201	 0.0676131	  0.102494	  0.139818	  0.177815	  0.215115	  0.250155	  0.281848	  0.309291	  0.332023	  0.349914	  0.363517	   0.37316	  0.379494	  0.383018	   0.38477	  0.385379	  0.385759	  0.386291	   0.38696	  0.388151	   0.38958	  0.391192	  0.392504	  0.393032	  0.392827	  0.391727	  0.389588	   0.38694	  0.383613	  0.379412	  0.374593	  0.369181	  0.363042	  0.356295	  0.349111	  0.341591	  0.333824	  0.325929	  0.317917	  0.309779	  0.301516	  0.293191	  0.284834	  0.276478	  0.268146	  0.259846	  0.251571	  0.243317	  0.235081	  0.226862	  0.218661	  0.210481	  0.202337	  0.194248	  0.186236	  0.178323	  0.170533	   0.16289	  0.155414	  0.148128	  0.141051	  0.134201	  0.127594	  0.121244
    90	     0	0.000368194	0.000564809	0.00121257	0.00294154	0.00728325	 0.0171409	 0.0357363	  0.063372	 0.0966391	  0.132483	  0.169118	  0.205182	  0.239176	      0.27	  0.296754	  0.318963	   0.33648	  0.349824	  0.359308	  0.365557	  0.369042	  0.370789	  0.371384	  0.371758	  0.372278	  0.372928	  0.374085	  0.375493	  0.377053	  0.378297	  0.378791	  0.378573	  0.377468	  0.375329	  0.372685	  0.369383	  0.365269	  0.360603	  0.355397	   0.34949	  0.342979	  0.336018	  0.328702	  0.321117	  0.313374	  0.305496	  0.297481	  0.289333	  0.281111	  0.272846	  0.264569	  0.256307	  0.248071	  0.239863	  0.231679	  0.223517	   0.21538	  0.207269	  0.199195	  0.191176	  0.183234	  0.175394	  0.167681	   0.16012	  0.152732	  0.145539	   0.13856	   0.13181	  0.125305	  0.119056	  0.113071
    91	     0	0.000381839	0.000585722	 0.0012025	0.00273033	 0.0063395	  0.014311	  0.029823	 0.0549133	   0.08789	  0.125353	  0.164524	  0.203376	  0.239969	  0.272967	  0.301332	  0.324567	  0.342592	  0.356081	  0.365443	  0.371412	  0.374547	  0.375947	  0.376227	  0.376361	   0.37673	  0.377323	  0.378528	  0.380027	  0.381698	  0.383045	  0.383652	  0.383594	  0.382672	  0.380655	  0.378068	  0.374751	  0.370584	  0.365845	  0.360552	  0.354563	  0.348007	  0.341045	  0.333771	  0.326269	  0.318629	  0.310856	  0.302948	   0.29491	   0.28681	  0.278682	  0.270558	   0.26246	  0.254391	  0.246343	   0.23831	  0.230288	  0.222272	  0.214261	  0.206261	  0.198286	  0.190356	  0.182491	  0.174712	  0.167043	  0.159506	  0.152122	  0.144914	  0.137902	  0.131103	  0.124536	  0.118216
    92	     0	0.000343533	0.000531028	0.00112746	0.00267568	0.00649134	 0.0151702	  0.032113	 0.0588189	 0.0927199	  0.130404	  0.169516	  0.208292	  0.244892	  0.278052	  0.306765	  0.330535	  0.349245	  0.363493	  0.373643	  0.380385	  0.384238	  0.386264	  0.387085	  0.387644	  0.388332	  0.389144	  0.390474	  0.392031	  0.393736	  0.395109	    0.3957	  0.395568	  0.394532	  0.392413	  0.389751	  0.386379	  0.382132	  0.377275	  0.371823	  0.365634	  0.358831	  0.351584	     0.344	   0.33617	  0.328208	  0.320125	  0.311916	  0.303584	  0.295195	  0.286777	  0.278365	  0.269983	  0.261635	  0.253316	  0.245019	   0.23674	  0.228476	  0.220227	  0.211998	  0.203804	  0.195665	  0.187604	  0.179644	  0.171809	  0.164122	  0.156606	  0.149281	  0.142167	  0.135283	  0.128644	  0.122264
    93	     0	0.000275391	0.000435521	  0.001023	0.00277255	0.00764418	 0.0195521	 0.0422363	 0.0741986	  0.110289	  0.147571	  0.184689	  0.220487	  0.253582	   0.28303	  0.308076	  0.328374	  0.343889	  0.355234	   0.36277	  0.367159	   0.36891	  0.369097	  0.368346	  0.367581	  0.367165	  0.367067	  0.367643	  0.368628	  0.369884	  0.370909	  0.371279	  0.371018	  0.369932	   0.36782	  0.365178	  0.361867	  0.357796	  0.353218	   0.34813	  0.342373	  0.336052	  0.329314	  0.322253	  0.314947	  0.307485	  0.299881	  0.292135	  0.284252	  0.276294	  0.268292	   0.26028	  0.252281	  0.244307	  0.236354	  0.228419	  0.220502	  0.212602	  0.204721	   0.19687	  0.189065	  0.181328	  0.173681	  0.166149	  0.158755	  0.151521	  0.144467	  0.137614	  0.130977	  0.124574	  0.118415	  0.112513
    94	     0	0.000401982	0.000615729	0.00127661	0.00294197	0.00691783	 0.0156678	 0.0322649	 0.0580142	 0.0906691	   0.12723	  0.165519	  0.203823	  0.240334	  0.273753	  0.303025	  0.327585	  0.347238	  0.362476	  0.373623	  0.381323	  0.386049	  0.388825	  0.390296	  0.391364	  0.392429	  0.393506	  0.395011	  0.396661	  0.398375	  0.399681	  0.400136	  0.399803	  0.398506	    0.3961	  0.393153	    0.3895	  0.384984	  0.379899	  0.374272	  0.367951	  0.361032	  0.353672	  0.345966	     0.338	   0.32989	  0.321654	   0.31329	  0.304798	  0.296239	  0.287643	  0.279042	  0.270463	  0.261916	  0.253399	  0.244907	  0.236436	  0.227984	  0.219553	  0.211152	  0.202798	  0.194515	  0.186329	  0.178266	   0.17035	  0.162606	  0.155056	   0.14772	  0.140616	  0.133759	  0.127163	  0.120837
    95	     0	0.00022451	0.000350892	0.000727813	0.00165945	0.00388877	   0.00903	 0.0200065	 0.0404405	 0.0714586	  0.110283	  0.152764	  0.195588	   0.23605	  0.272411	  0.303434	  0.328599	  0.347915	  0.362248	  0.372121	  0.378398	  0.381739	  0.383321	  0.383747	  0.384087	   0.38474	  0.385709	  0.387397	  0.389433	  0.391722	  0.393767	  0.395114	  0.395858	  0.395764	  0.394566	  0.392802	  0.390301	  0.386821	  0.382585	  0.377618	  0.371827	  0.365387	  0.358486	  0.351238	  0.343742	  0.336104	  0.328327	  0.320413	  0.312372	  0.304283	  0.296183	  0.288105	  0.280067	  0.272062	  0.264077	  0.256108	  0.248145	  0.240179	  0.232202	  0.224218	  0.216236	  0.208267	  0.200328	  0.192434	  0.184605	   0.17686	  0.169219	  0.161704	  0.154336	  0.147139	  0.140132	  0.133338
    96	     0	0.000332201	0.000513228	  0.001134	0.00285625	0.00733285	 0.0177106	 0.0371908	 0.0653581	 0.0983406	  0.133343	  0.168894	  0.203801	  0.236677	  0.266489	   0.29238	  0.313888	  0.330859	  0.343779	  0.352948	  0.358968	  0.362284	  0.363916	  0.364477	  0.364859	  0.365417	  0.366128	  0.367367	  0.368863	  0.370464	  0.371697	  0.372155	  0.371888	  0.370704	  0.368429	  0.365607	  0.362095	  0.357805	  0.353015	  0.347738	  0.341811	  0.335318	  0.328401	  0.321151	  0.313647	  0.305985	  0.298185	  0.290247	  0.282172	   0.27402	  0.265818	  0.257599	  0.249389	  0.241204	  0.233046	  0.224914	  0.216811	   0.20874	  0.200707	  0.192725	  0.184812	   0.17699	  0.169285	  0.161721	  0.154322	  0.147109	  0.140103	  0.133321	  0.126778	  0.120486	  0.114456	  0.108693
    97	     0	0.000375287	0.000567861	0.00114664	0.00256555	0.00588663	 0.0131888	 0.0274652	 0.0509012	 0.0822715	  0.118418	  0.156556	  0.194614	  0.230633	  0.263251	  0.291398	  0.314549	  0.332596	  0.346183	  0.355704	  0.361876	  0.365243	  0.366899	  0.367459	  0.367886	  0.368554	  0.369457	  0.370985	  0.372826	  0.374858	  0.376603	  0.377634	   0.37802	  0.377563	  0.376043	  0.373972	  0.371198	  0.367552	  0.363265	  0.358347	   0.35267	  0.346369	  0.339616	  0.332513	   0.32515	  0.317629	  0.309963	  0.302153	  0.294206	  0.286192	  0.278143	  0.270093	  0.262065	  0.254062	  0.246076	  0.238102	  0.230134	  0.222168	    0.2142	  0.206239	    0.1983	  0.190402	  0.182566	  0.174815	  0.167172	   0.15966	    0.1523	  0.145114	  0.138121	  0.131342	  0.124793	  0.118489
    98	     0	0.000290711	0.000440298	0.000893322	0.00201432	0.00467581	 0.0106689	 0.0228335	 0.0437717	 0.0730195	  0.107687	  0.144914	  0.182574	  0.218677	   0.25179	  0.280763	  0.304983	  0.324258	   0.33914	  0.349984	  0.357466	  0.362088	  0.364907	  0.366543	  0.367923	  0.369421	  0.371034	  0.373163	  0.375492	  0.377904	  0.379946	  0.381203	  0.381761	  0.381426	   0.37999	  0.377988	  0.375267	  0.371646	  0.367359	  0.362419	  0.356696	  0.350328	  0.343492	  0.336294	  0.328828	  0.321207	  0.313445	   0.30554	  0.297501	  0.289394	  0.281251	  0.273106	  0.264983	  0.256886	  0.248807	  0.240742	  0.232685	  0.224632	  0.216582	  0.208541	  0.200526	  0.192556	  0.184654	  0.176844	  0.169149	  0.161592	  0.154195	   0.14698	  0.139966	  0.133173	  0.126617	  0.120311
    99	     0	0.000119657	0.000186868	0.000424689	0.00111352	0.00303757	0.00812423	 0.0199154	 0.0415215	 0.0712447	  0.105013	   0.14031	  0.175733	  0.209839	  0.241446	   0.26953	  0.293482	  0.313024	   0.32853	  0.340252	  0.348747	  0.354409	  0.358222	  0.360812	  0.363013	  0.365178	  0.367294	  0.369755	  0.372302	  0.374828	  0.376918	  0.378174	  0.378658	  0.378192	  0.376635	  0.374535	  0.371753	  0.368117	  0.363851	  0.358966	  0.353322	  0.347021	  0.340224	  0.333035	  0.325546	  0.317879	  0.310059	   0.30209	  0.293976	  0.285777	  0.277522	  0.269245	  0.260973	   0.25272	   0.24449	   0.23628	  0.228089	  0.219917	  0.211769	  0.203654	  0.195593	   0.18761	  0.179732	  0.171984	  0.164392	   0.15698	  0.149768	  0.142775	  0.136019	  0.129511	  0.123265	  0.117286
   100	     0	0.000242948	0.000377155	0.000787287	0.00182069	0.00433215	 0.0101683	 0.0225251	  0.044818	 0.0771012	  0.115804	  0.156978	   0.19783	  0.236077	  0.270231	  0.299206	  0.322549	  0.340279	  0.353247	  0.361948	  0.367214	   0.36969	  0.370546	  0.370362	  0.370201	  0.370438	  0.371055	  0.372428	   0.37421	  0.376291	  0.378177	  0.379422	  0.380104	  0.379993	  0.378829	  0.377119	  0.374703	  0.371357	   0.36729	  0.362522	  0.356952	  0.350746	  0.344086	  0.337082	  0.329827	  0.322422	  0.314871	  0.307178	  0.299354	  0.291477	  0.283582	  0.275703	  0.267857	   0.26004	  0.252241	  0.244455	  0.236678	  0.228901	  0.221119	  0.213335	  0.205558	  0.197801	  0.190078	  0.182407	  0.174805	  0.167293	   0.15989	  0.152616	  0.145495	  0.138546	   0.13179	  0.125248
   101	     0	0.000275391	0.000435521	  0.001023	0.00277255	0.00764418	 0.0195521	 0.0422363	 0.0741986	  0.110289	  0.147571	  0.184689	  0.220487	  0.253582	   0.28303	  0.308076	  0.328374	  0.343889	  0.355234	   0.36277	  0.367159	   0.36891	  0.369097	  0.368346	  0.367581	  0.367165	  0.367067	  0.367643	  0.368628	  0.369884	  0.370909	  0.371279	  0.371018	  0.369932	   0.36782	  0.365178	  0.361867	  0.357796	  0.353218	   0.34813	  0.342373	  0.336052	  0.329314	  0.322253	  0.314947	  0.307485	  0.299881	  0.292135	  0.284252	  0.276294	  0.268292	   0.26028	  0.252281	  0.244307	  0.236354	  0.228419	  0.220502	  0.212602	  0.204721	   0.19687	  0.189065	  0.181328	  0.173681	  0.166149	  0.158755	  0.151521	  0.144467	  0.137614	  0.130977	  0.124574	  0.118415	  0.112513
   102	     0	0.000249657	0.000389458	0.000845187	0.00206134	0.00516233	  0.012536	 0.0277379	 0.0529715	 0.0860627	  0.123374	  0.162368	  0.201231	  0.238073	  0.271598	  0.300766	  0.325052	  0.344317	  0.359138	  0.369869	  0.377184	  0.381583	  0.384114	  0.385398	  0.386365	  0.387413	  0.388551	  0.390199	  0.392038	  0.393962	  0.395494	  0.396214	  0.396213	   0.39529	  0.393226	  0.390574	  0.387171	  0.382886	  0.377999	  0.372528	  0.366326	  0.359524	  0.352295	  0.344743	   0.33696	  0.329047	  0.321016	   0.31286	  0.304585	  0.296256	  0.287905	  0.279566	  0.271261	  0.262995	  0.254758	  0.246543	  0.238346	   0.23016	  0.221983	  0.213822	  0.205693	  0.197616	  0.189613	  0.181708	  0.173924	  0.166285	  0.158812	  0.151528	  0.144451	    0.1376	  0.130991	  0.124638
   103	     0	0.00015133	0.000240145	0.000545999	 0.0014141	0.00378919	0.00992798	  0.023827	 0.0488257	 0.0829128	  0.121441	   0.16134	  0.200789	  0.238035	  0.271799	  0.301071	  0.325351	  0.344527	  0.359198	  0.369747	  0.376871	  0.381083	  0.383448	  0.384592	  0.385455	  0.386423	   0.38749	  0.389057	  0.390822	  0.392684	  0.394167	  0.394842	  0.394781	  0.393795	  0.391697	   0.38904	  0.385664	  0.381423	  0.376593	  0.371193	  0.365074	  0.358356	  0.351206	  0.343725	     0.336	  0.328141	  0.320159	   0.31205	  0.303815	  0.295519	  0.287193	   0.27887	  0.270575	  0.262312	  0.254077	  0.245861	  0.237663	  0.229477	  0.221303	  0.213148	  0.205026	   0.19696	   0.18897	  0.181081	  0.173317	  0.165701	  0.158255	  0.150999	  0.143953	  0.137135	  0.130561	  0.124242
   104	     0	0.000247077	0.000395437	0.000868119	 0.0021158	0.00528038	 0.0128437	  0.028786	 0.0561952	 0.0931527	   0.13497	  0.178018	  0.219969	  0.258753	  0.293059	  0.321923	  0.344987	  0.362332	  0.374867	  0.383092	  0.387854	  0.389804	  0.390109	  0.389354	  0.388629	  0.388339	  0.388485	  0.389478	   0.39091	  0.392645	  0.394141	  0.394937	  0.395136	  0.394492	  0.392708	  0.390338	  0.387204	  0.383143	  0.378438	  0.373119	  0.367071	  0.360452	  0.353439	  0.346132	  0.338618	  0.330984	  0.323226	  0.315343	  0.307341	  0.299298	  0.291248	  0.283224	  0.275243	  0.267298	  0.259378	  0.251476	  0.243585	  0.235695	  0.227801	  0.219905	  0.212017	  0.204149	  0.196317	  0.188538	  0.180829	  0.173212	  0.165707	  0.158334	  0.151116	  0.144074	  0.137229	    0.1306
   105	     0	0.000365197	0.000568294	0.00122381	0.00295159	0.00726597	 0.0171434	 0.0363133	 0.0659591	  0.102713	  0.142698	  0.183408	  0.223047	  0.259813	  0.292528	  0.320301	   0.34276	  0.359912	  0.372488	  0.380917	  0.385949	  0.388167	  0.388681	  0.388111	  0.387454	  0.387104	   0.38705	   0.38767	  0.388672	  0.389967	  0.391041	  0.391431	  0.391172	  0.390072	  0.387937	  0.385281	   0.38194	  0.377756	  0.372991	  0.367652	  0.361595	  0.354941	  0.347857	  0.340441	  0.332781	  0.324981	  0.317053	  0.308993	  0.300805	  0.292556	  0.284278	  0.276005	  0.267758	  0.259544	  0.251354	  0.243181	  0.235022	  0.226872	  0.218727	  0.210595	  0.202491	  0.194435	  0.186449	  0.178554	  0.170776	  0.163137	  0.155659	  0.148363	  0.141269	  0.134396	   0.12776	  0.121375
   106	     0	0.00012619	0.00019514	0.000419093	0.00101651	0.00256322	0.00643906	 0.0154412	 0.0334502	 0.0619154	 0.0978965	  0.137285	  0.177197	  0.215347	  0.250155	  0.280421	  0.305556	  0.325431	  0.340694	  0.351767	  0.359387	  0.364095	  0.366989	  0.368687	  0.370143	  0.371733	  0.373449	  0.375689	  0.378133	  0.380662	  0.382827	  0.384229	  0.384962	  0.384813	  0.383544	  0.381689	    0.3791	  0.375598	  0.371405	  0.366529	  0.360844	  0.354502	  0.347689	  0.340518	  0.333086	  0.325501	  0.317776	  0.309912	  0.301917	  0.293862	  0.285781	  0.277707	  0.269663	  0.261649	  0.253657	   0.24568	  0.237713	  0.229748	  0.221783	  0.213823	  0.205882	  0.197978	   0.19013	  0.182361	  0.174692	  0.167146	  0.159744	  0.152509	   0.14546	  0.138617	  0.131999	   0.12562
   107	     0	0.000385671	0.000579628	0.00113748	 0.0024495	 0.0054057	 0.0117236	 0.0239797	  0.044542	 0.0732572	  0.107849	  0.145688	  0.184516	  0.222101	  0.256846	  0.287474	  0.313293	  0.334057	  0.350267	  0.362273	  0.370749	    0.3762	  0.379677	  0.381839	  0.383559	  0.385225	  0.386816	  0.388701	  0.390633	   0.39256	  0.394056	  0.394742	  0.394675	  0.393688	  0.391612	  0.388966	  0.385596	  0.381362	  0.376517	  0.371078	  0.364902	  0.358108	  0.350864	  0.343276	  0.335435	  0.327447	  0.319328	  0.311073	  0.302687	  0.294236	  0.285753	  0.277271	  0.268814	  0.260389	  0.251989	  0.243609	  0.235244	  0.226893	  0.218555	  0.210237	  0.201954	  0.193727	  0.185579	  0.177534	  0.169617	  0.161851	  0.154258	   0.14686	  0.139677	  0.132728	  0.126028	   0.11959
   108	     0	0.000339706	0.000518177	0.00105631	0.00238555	0.00552821	 0.0125308	 0.0264513	 0.0496966	  0.081205	  0.117756	  0.156462	  0.195212	  0.232055	   0.26559	   0.29472	  0.318887	  0.337945	  0.352486	  0.362894	  0.369872	  0.373943	   0.37618	  0.377205	  0.377972	  0.378864	  0.379882	  0.381424	  0.383191	  0.385075	  0.386602	  0.387343	  0.387363	  0.386481	  0.384519	  0.382015	  0.378808	  0.374738	   0.37008	  0.364855	  0.358921	  0.352387	  0.345415	  0.338097	  0.330519	  0.322788	   0.31492	   0.30691	  0.298764	  0.290547	   0.28229	  0.274027	  0.265782	  0.257561	  0.249361	  0.241173	  0.232995	  0.224821	  0.216651	  0.208494	  0.200366	   0.19229	   0.18429	  0.176391	  0.168616	   0.16099	  0.153536	  0.146273	   0.13922	  0.132397	  0.125817	  0.119493
   109	     0	0.000404095	0.000657436	 0.0016147	0.00453729	 0.0125829	 0.0305911	  0.059806	 0.0955412	  0.133395	  0.171812	  0.209821	  0.246333	  0.279983	  0.309914	  0.335423	  0.356187	  0.372156	  0.383909	  0.391774	  0.396394	  0.398269	  0.398439	  0.397551	  0.396524	  0.395755	  0.395233	  0.395349	  0.395824	   0.39658	  0.397086	   0.39685	  0.395896	  0.394047	  0.391156	  0.387768	  0.383714	  0.378877	  0.373556	  0.367769	  0.361356	  0.354407	  0.347067	  0.339424	  0.331556	  0.323564	   0.31546	  0.307236	   0.29889	  0.290481	  0.282038	  0.273592	  0.265169	   0.25678	  0.248423	  0.240095	  0.231794	  0.223521	  0.215279	  0.207076	  0.198928	  0.190856	  0.182883	  0.175033	   0.16733	  0.159797	  0.152454	  0.145322	  0.138417	  0.131754	  0.125347	  0.119206
   110	     0	 0.0003737	0.000575514	0.00122692	0.00293626	0.00717506	 0.0167793	 0.0351671	 0.0632452	 0.0978338	  0.135488	  0.174005	  0.211746	  0.246991	  0.278588	  0.305628	  0.327692	  0.344726	  0.357388	  0.366064	  0.371456	  0.374101	   0.37508	  0.374995	  0.374807	  0.374889	  0.375217	  0.376163	  0.377426	  0.378877	  0.380019	  0.380439	  0.380202	  0.379106	   0.37692	  0.374163	  0.370681	  0.366377	  0.361532	  0.356157	  0.350095	   0.34347	  0.336445	  0.329117	   0.32157	  0.313892	   0.30609	  0.298159	  0.290107	  0.281997	  0.273862	  0.265734	  0.257635	  0.249569	   0.24153	  0.233513	  0.225515	  0.217535	  0.209571	  0.201631	  0.193729	  0.185882	  0.178113	  0.170442	  0.162893	  0.155487	  0.148246	  0.141191	  0.134341	  0.127713	  0.121324	  0.115187
   111	     0	0.000419924	0.000651473	0.00142036	0.00348749	0.00868125	 0.0203117	 0.0415601	 0.0719818	  0.107707	  0.145754	  0.184345	  0.221996	  0.257054	  0.288446	   0.31532	  0.337282	  0.354276	  0.366927	  0.375599	  0.380975	  0.383576	  0.384472	  0.384281	  0.383941	   0.38384	  0.383959	  0.384677	  0.385716	  0.386985	  0.387988	  0.388278	  0.387898	  0.386662	  0.384377	  0.381558	  0.378049	   0.37372	  0.368834	  0.363398	  0.357259	  0.350537	  0.343395	  0.335933	  0.328238	  0.320409	  0.312459	  0.304381	  0.296181	  0.287922	  0.279636	  0.271356	  0.263104	  0.254887	    0.2467	  0.238535	  0.230391	  0.222265	  0.214156	  0.206071	  0.198025	  0.190038	  0.182131	  0.174328	  0.166651	  0.159123	  0.151766	  0.144601	  0.137646	  0.130919	  0.124437	   0.11821
   112	     0	0.00015133	0.000240145	0.000545999	 0.0014141	0.00378919	0.00992798	  0.023827	 0.0488257	 0.0829128	  0.121441	   0.16134	  0.200789	  0.238035	  0.271799	  0.301071	  0.325351	  0.344527	  0.359198	  0.369747	  0.376871	  0.381083	  0.383448	  0.384592	  0.385455	  0.386423	   0.38749	  0.389057	  0.390822	  0.392684	  0.394167	  0.394842	  0.394781	  0.393795	  0.391697	   0.38904	  0.385664	  0.381423	  0.376593	  0.371193	  0.365074	  0.358356	  0.351206	  0.343725	     0.336	  0.328141	  0.320159	   0.31205	  0.303815	  0.295519	  0.287193	   0.27887	  0.270575	  0.262312	  0.254077	  0.245861	  0.237663	  0.229477	  0.221303	  0.213148	  0.205026	   0.19696	   0.18897	  0.181081	  0.173317	  0.165701	  0.158255	  0.150999	  0.143953	  0.137135	  0.130561	  0.124242
   113	     0	0.000227892	0.000348395	0.000738181	0.00176553	0.00436498	 0.0105855	 0.0238276	 0.0470797	 0.0792807	  0.116696	  0.156152	  0.195439	  0.232511	  0.265983	  0.294814	  0.318527	  0.337055	   0.35106	  0.360959	  0.367475	  0.371153	  0.373088	  0.373903	  0.374556	  0.375429	  0.376511	  0.378191	   0.38017	  0.382333	  0.384208	  0.385361	  0.385855	  0.385483	   0.38403	  0.382018	  0.379298	  0.375686	  0.371396	  0.366427	  0.360648	  0.354204	   0.34728	   0.33999	  0.332435	  0.324728	  0.316885	  0.308906	  0.300799	  0.292631	  0.284434	  0.276242	  0.268079	  0.259947	   0.25184	  0.243752	  0.235677	  0.227611	  0.219552	  0.211506	  0.203488	  0.195515	   0.18761	  0.179796	  0.172095	   0.16453	  0.157123	  0.149896	  0.142868	  0.136058	  0.129484	   0.12316
   114	     0	0.000322469	0.000495194	0.00100721	0.00225453	0.00517189	 0.0116483	 0.0246435	 0.0468852	 0.0779737	  0.114889	   0.15447	  0.194283	  0.232082	  0.266348	  0.295908	  0.320201	  0.339131	  0.353409	  0.363458	  0.370039	  0.373736	  0.375668	  0.376438	  0.377032	  0.377839	  0.378848	  0.380444	  0.382311	  0.384361	  0.386128	  0.387189	  0.387626	   0.38723	  0.385759	  0.383725	  0.380966	  0.377293	  0.372932	  0.367896	  0.362072	  0.355617	  0.348711	  0.341462	  0.333966	  0.326323	  0.318541	   0.31062	   0.30257	  0.294465	  0.286341	  0.278231	  0.270154	  0.262109	  0.254086	  0.246077	  0.238076	  0.230076	  0.222071	  0.214067	  0.206076	  0.198113	  0.190198	  0.182349	  0.174588	  0.166936	  0.159414	  0.152045	  0.144849	  0.137848	  0.131061	  0.124506
   115	     0	0.000401982	0.000615729	0.00127661	0.00294197	0.00691783	 0.0156678	 0.0322649	 0.0580142	 0.0906691	   0.12723	  0.165519	  0.203823	  0.240334	  0.273753	  0.303025	  0.327585	  0.347238	  0.362476	  0.373623	  0.381323	  0.386049	  0.388825	  0.390296	  0.391364	  0.392429	  0.393506	  0.395011	  0.396661	  0.398375	  0.399681	  0.400136	  0.399803	  0.398506	    0.3961	  0.393153	    0.3895	  0.384984	  0.379899	  0.374272	  0.367951	  0.361032	  0.353672	  0.345966	     0.338	   0.32989	  0.321654	   0.31329	  0.304798	  0.296239	  0.287643	  0.279042	  0.270463	  0.261916	  0.253399	  0.244907	  0.236436	  0.227984	  0.219553	  0.211152	  0.202798	  0.194515	  0.186329	  0.178266	   0.17035	  0.162606	  0.155056	   0.14772	  0.140616	  0.133759	  0.127163	  0.120837
   116	     0	0.00015133	0.000240145	0.000545999	 0.0014141	0.00378919	0.00992798	  0.023827	 0.0488257	 0.0829128	  0.121441	   0.16134	  0.200789	  0.238035	  0.271799	  0.301071	  0.325351	  0.344527	  0.359198	  0.369747	  0.376871	  0.381083	  0.383448	  0.384592	  0.385455	  0.386423	   0.38749	  0.389057	  0.390822	  0.392684	  0.394167	  0.394842	  0.394781	  0.393795	  0.391697	   0.38904	  0.385664	  0.381423	  0.376593	  0.371193	  0.365074	  0.358356	  0.351206	  0.343725	     0.336	  0.328141	  0.320159	   0.31205	  0.303815	  0.295519	  0.287193	   0.27887	  0.270575	  0.262312	  0.254077	  0.245861	  0.237663	  0.229477	  0.221303	  0.213148	  0.205026	   0.19696	   0.18897	  0.181081	  0.173317	  0.165701	  0.158255	  0.150999	  0.143953	  0.137135	  0.130561	  0.124242
   117	     0	0.000302518	0.00045803	0.00095568	0.00224771	0.00543312	 0.0126966	  0.026959	 0.0496102	  0.078575	  0.111063	  0.145244	  0.179783	  0.213217	  0.244366	  0.272204	  0.296095	  0.315717	  0.331373	  0.343282	  0.351961	  0.357779	  0.361688	  0.364322	   0.36648	  0.368515	  0.370416	   0.37257	  0.374742	  0.376824	  0.378399	  0.379095	  0.378972	   0.37786	  0.375631	   0.37285	  0.369381	  0.365108	  0.360305	  0.354993	  0.349019	  0.342456	   0.33544	   0.32806	  0.320398	  0.312559	   0.30457	  0.296434	  0.288152	  0.279784	  0.271355	    0.2629	  0.254448	  0.246016	  0.237612	  0.229237	  0.220892	  0.212581	  0.204311	  0.196096	  0.187955	  0.179914	  0.171999	  0.164235	  0.156649	  0.149262	  0.142094	  0.135163	  0.128483	  0.122065	  0.115917	  0.110045
   118	     0	0.000401982	0.000615729	0.00127661	0.00294197	0.00691783	 0.0156678	 0.0322649	 0.0580142	 0.0906691	   0.12723	  0.165519	  0.203823	  0.240334	  0.273753	  0.303025	  0.327585	  0.347238	  0.362476	  0.373623	  0.381323	  0.386049	  0.388825	  0.390296	  0.391364	  0.392429	  0.393506	  0.395011	  0.396661	  0.398375	  0.399681	  0.400136	  0.399803	  0.398506	    0.3961	  0.393153	    0.3895	  0.384984	  0.379899	  0.374272	  0.367951	  0.361032	  0.353672	  0.345966	     0.338	   0.32989	  0.321654	   0.31329	  0.304798	  0.296239	  0.287643	  0.279042	  0.270463	  0.261916	  0.253399	  0.244907	  0.236436	  0.227984	  0.219553	  0.211152	  0.202798	  0.194515	  0.186329	  0.178266	   0.17035	  0.162606	  0.155056	   0.14772	  0.140616	  0.133759	  0.127163	  0.120837
   119	     0	0.000420283	0.000657005	0.00143973	 0.0035392	  0.008795	 0.0204859	 0.0416551	 0.0718095	  0.107323	   0.14548	  0.184585	  0.223119	  0.259336	  0.292099	  0.320489	  0.344054	  0.362676	  0.376889	  0.387032	  0.393757	  0.397554	  0.399457	  0.400136	  0.400482	  0.400906	  0.401418	  0.402431	  0.403664	  0.405044	  0.406075	  0.406289	  0.405734	   0.40423	  0.401618	  0.398463	  0.394594	  0.389876	  0.384597	  0.378778	  0.372269	  0.365173	  0.357649	  0.349796	  0.341704	  0.333481	  0.325146	   0.31669	  0.308114	  0.299478	  0.290813	   0.28215	  0.273515	  0.264917	  0.256354	   0.24782	  0.239311	  0.230826	  0.222365	  0.213938	  0.205559	  0.197251	  0.189039	  0.180947	     0.173	  0.165222	  0.157634	  0.150258	  0.143112	  0.136211	  0.129571	  0.123202
   120	     0	0.000196439	0.000301017	0.000651022	 0.0016046	0.00408894	 0.0101347	 0.0228813	  0.044356	 0.0726592	  0.104674	  0.138448	  0.172691	  0.205995	  0.237181	  0.265207	  0.289411	  0.309441	  0.325573	  0.337998	  0.347217	  0.353577	  0.358018	  0.361156	  0.363794	  0.366283	  0.368612	  0.371168	  0.373719	  0.376161	  0.378097	  0.379146	  0.379367	   0.37859	  0.376696	  0.374254	  0.371129	  0.367166	  0.362611	  0.357485	  0.351641	   0.34516	  0.338185	  0.330815	  0.323139	  0.315277	  0.307262	  0.299098	  0.290789	  0.282393	  0.273935	   0.26545	  0.256968	  0.248507	  0.240076	  0.231676	  0.223309	  0.214979	  0.206693	  0.198464	  0.190312	  0.182261	   0.17434	  0.166574	  0.158988	  0.151606	  0.144446	  0.137526	  0.130859	  0.124457	  0.118327	  0.112473
   121	     0	0.000379872	0.000580447	0.00121698	0.00285738	0.00684838	 0.0157214	 0.0324609	 0.0579115	 0.0894947	  0.124415	  0.160842	  0.197322	  0.232235	  0.264374	  0.292725	  0.316713	  0.336094	  0.351278	   0.36254	  0.370466	  0.375479	   0.37857	  0.380379	  0.381761	  0.383097	   0.38439	   0.38605	  0.387803	  0.389544	  0.390815	  0.391209	  0.390798	  0.389403	  0.386871	  0.383779	  0.379971	  0.375341	  0.370189	  0.364541	  0.358239	  0.351368	  0.344073	  0.336444	  0.328564	  0.320536	  0.312381	  0.304095	  0.295678	  0.287191	  0.278661	  0.270119	  0.261595	    0.2531	  0.244637	  0.236203	  0.227797	  0.219421	   0.21108	  0.202785	  0.194553	  0.186408	  0.178376	  0.170482	  0.162751	  0.155207	  0.147869	  0.140757	  0.133886	  0.127272	  0.120924	   0.11485
   122	     0	0.00012619	0.00019514	0.000419093	0.00101651	0.00256322	0.00643906	 0.0154412	 0.0334502	 0.0619154	 0.0978965	  0.137285	  0.177197	  0.215347	  0.250155	  0.280421	  0.305556	  0.325431	  0.340694	  0.351767	  0.359387	  0.364095	  0.366989	  0.368687	  0.370143	  0.371733	  0.373449	  0.375689	  0.378133	  0.380662	  0.382827	  0.384229	  0.384962	  0.384813	  0.383544	  0.381689	    0.3791	  0.375598	  0.371405	  0.366529	  0.360844	  0.354502	  0.347689	  0.340518	  0.333086	  0.325501	  0.317776	  0.309912	  0.301917	  0.293862	  0.285781	  0.277707	  0.269663	  0.261649	  0.253657	   0.24568	  0.237713	  0.229748	  0.221783	  0.213823	  0.205882	  0.197978	   0.19013	  0.182361	  0.174692	  0.167146	  0.159744	  0.152509	   0.14546	  0.138617	  0.131999	   0.12562
   123	     0	0.000248984	0.000386836	0.000819942	0.00193847	0.00471389	 0.0112301	 0.0248725	 0.0485605	 0.0811866	  0.118939	  0.158572	  0.197906	  0.234969	  0.268401	  0.297143	  0.320695	  0.338983	  0.352693	  0.362251	  0.368402	   0.37171	  0.373285	  0.373764	  0.374114	   0.37472	  0.375581	  0.377099	  0.378934	   0.38095	  0.382652	  0.383616	  0.383929	  0.383378	   0.38172	  0.379486	  0.376519	  0.372676	  0.368216	  0.363152	  0.357359	  0.350974	  0.344165	  0.337027	  0.329647	   0.32212	  0.314452	   0.30664	  0.298693	   0.29068	  0.282636	  0.274595	  0.266578	  0.258585	  0.250609	  0.242644	  0.234683	   0.22672	  0.218752	  0.210787	  0.202838	  0.194924	  0.187067	  0.179287	  0.171607	   0.16405	  0.156637	   0.14939	  0.142329	  0.135475	  0.128845	  0.122455
   124	     0	0.000385584	0.00059759	0.00135972	0.00355786	 0.0093855	 0.0225918	 0.0455529	 0.0758093	  0.109161	  0.143585	  0.178039	  0.211523	  0.242806	  0.270984	  0.295302	  0.315358	   0.33102	  0.342759	  0.350866	  0.355917	  0.358351	  0.359184	  0.359051	   0.35881	  0.358809	  0.359023	  0.359817	  0.360945	  0.362258	  0.363275	  0.363579	  0.363202	  0.361956	  0.359679	  0.356887	  0.353449	  0.349286	   0.34466	  0.339572	  0.333859	    0.3276	  0.320925	  0.313918	  0.306653	  0.299216	  0.291629	  0.283893	  0.276014	  0.268047	  0.260023	  0.251973	  0.243927	  0.235898	  0.227892	   0.21991	  0.211953	  0.204026	  0.196135	  0.188294	   0.18052	  0.172839	  0.165273	  0.157849	  0.150588	  0.143513	  0.136644	  0.129996	  0.123585	  0.117421	  0.111515	  0.105873
   125	     0	0.000177492	0.000272924	0.000567412	 0.0013146	0.00314893	0.00748702	  0.016958	 0.0348527	 0.0621206	 0.0962538	  0.133852	  0.172367	  0.209612	   0.24402	  0.274331	  0.299856	  0.320359	  0.336389	  0.348294	  0.356758	  0.362283	   0.36593	  0.368302	  0.370335	  0.372404	  0.374508	  0.377048	  0.379715	   0.38242	  0.384736	  0.386256	  0.387073	  0.386995	  0.385817	   0.38407	  0.381597	  0.378185	  0.374051	   0.36921	  0.363542	  0.357196	   0.35036	  0.343149	  0.335661	  0.328017	  0.320232	  0.312303	   0.30424	  0.296113	  0.287954	  0.279799	  0.271669	  0.263567	  0.255484	  0.247413	  0.239348	  0.231281	  0.223209	  0.215139	  0.207086	  0.199068	  0.191109	   0.18323	  0.175455	  0.167808	   0.16031	  0.152983	  0.145848	  0.138925	  0.132231	  0.125782
   126	     0	0.000265159	0.000400311	0.000821063	0.00188707	0.00447545	 0.0104175	 0.0226171	 0.0435985	 0.0726187	    0.1067	   0.14315	  0.179997	  0.215342	  0.247809	  0.276287	  0.300175	   0.31927	  0.334097	  0.344983	  0.352577	  0.357349	  0.360336	  0.362131	  0.363652	  0.365264	  0.366954	  0.369119	  0.371448	  0.373802	  0.375742	  0.376881	  0.377318	  0.376847	  0.375246	  0.373053	  0.370122	  0.366312	  0.361872	  0.356816	  0.350996	  0.344545	   0.33764	  0.330389	  0.322887	  0.315237	  0.307456	  0.299541	    0.2915	  0.283397	  0.275265	  0.267136	  0.259033	  0.250961	  0.242915	  0.234889	  0.226881	  0.218888	  0.210911	  0.202957	  0.195041	  0.187184	  0.179406	  0.171731	  0.164183	  0.156783	  0.149554	  0.142516	  0.135688	  0.129088	   0.12273	  0.116628
   127	     0	0.000302159	0.000449531	0.000892539	0.00197557	0.00451396	 0.0101594	 0.0215113	 0.0409912	 0.0683135	  0.100977	  0.136395	  0.172573	  0.207633	  0.240152	  0.268969	  0.293419	  0.313228	  0.328821	  0.340493	  0.348851	  0.354326	  0.357929	   0.36026	  0.362208	  0.364131	  0.366022	  0.368274	  0.370615	  0.372902	  0.374715	  0.375693	  0.375918	  0.375197	   0.37335	  0.370928	  0.367792	  0.363819	  0.359274	  0.354171	  0.348352	  0.341917	   0.33502	  0.327761	  0.320227	  0.312524	  0.304674	   0.29668	  0.288549	   0.28034	  0.272084	  0.263815	  0.255558	  0.247325	  0.239117	   0.23093	  0.222763	  0.214615	  0.206489	  0.198397	  0.190359	  0.182398	   0.17454	  0.166812	  0.159238	  0.151841	  0.144642	  0.137661	  0.130914	  0.124415	  0.118175	  0.112203
   128	     0	0.00015133	0.000240145	0.000545999	 0.0014141	0.00378919	0.00992798	  0.023827	 0.0488257	 0.0829128	  0.121441	   0.16134	  0.200789	  0.238035	  0.271799	  0.301071	  0.325351	  0.344527	  0.359198	  0.369747	  0.376871	  0.381083	  0.383448	  0.384592	  0.385455	  0.386423	   0.38749	  0.389057	  0.390822	  0.392684	  0.394167	  0.394842	  0.394781	  0.393795	  0.391697	   0.38904	  0.385664	  0.381423	  0.376593	  0.371193	  0.365074	  0.358356	  0.351206	  0.343725	     0.336	  0.328141	  0.320159	   0.31205	  0.303815	  0.295519	  0.287193	   0.27887	  0.270575	  0.262312	  0.254077	  0.245861	  0.237663	  0.229477	  0.221303	  0.213148	  0.205026	   0.19696	   0.18897	  0.181081	  0.173317	  0.165701	  0.158255	  0.150999	  0.143953	  0.137135	  0.130561	  0.124242
   129	     0	0.000248984	0.000386836	0.000819942	0.00193847	0.00471389	 0.0112301	 0.0248725	 0.0485605	 0.0811866	  0.118939	  0.158572	  0.197906	  0.234969	  0.268401	  0.297143	  0.320695	  0.338983	  0.352693	  0.362251	  0.368402	   0.37171	  0.373285	  0.373764	  0.374114	   0.37472	  0.375581	  0.377099	  0.378934	   0.38095	  0.382652	  0.383616	  0.383929	  0.383378	   0.38172	  0.379486	  0.376519	  0.372676	  0.368216	  0.363152	  0.357359	  0.350974	  0.344165	  0.337027	  0.329647	   0.32212	  0.314452	   0.30664	  0.298693	   0.29068	  0.282636	  0.274595	  0.266578	  0.258585	  0.250609	  0.242644	  0.234683	   0.22672	  0.218752	  0.210787	  0.202838	  0.194924	  0.187067	  0.179287	  0.171607	   0.16405	  0.156637	   0.14939	  0.142329	  0.135475	  0.128845	  0.122455
   130	     0	0.000401982	0.000615729	0.00127661	0.00294197	0.00691783	 0.0156678	 0.0322649	 0.0580142	 0.0906691	   0.12723	  0.165519	  0.203823	  0.240334	  0.273753	  0.303025	  0.327585	  0.347238	  0.362476	  0.373623	  0.381323	  0.386049	  0.388825	  0.390296	  0.391364	  0.392429	  0.393506	  0.395011	  0.396661	  0.398375	  0.399681	  0.400136	  0.399803	  0.398506	    0.3961	  0.393153	    0.3895	  0.384984	  0.379899	  0.374272	  0.367951	  0.361032	  0.353672	  0.345966	     0.338	   0.32989	  0.321654	   0.31329	  0.304798	  0.296239	  0.287643	  0.279042	  0.270463	  0.261916	  0.253399	  0.244907	  0.236436	  0.227984	  0.219553	  0.211152	  0.202798	  0.194515	  0.186329	  0.178266	   0.17035	  0.162606	  0.155056	   0.14772	  0.140616	  0.133759	  0.127163	  0.120837
   131	     0	0.000265626	0.000412386	0.000856069	0.00196344	0.00462801	 0.0107509	 0.0235523	 0.0463739	 0.0791626	  0.118374	  0.160103	  0.201538	  0.240363	   0.27506	  0.304536	  0.328334	  0.346472	  0.359777	  0.368754	  0.374231	  0.376848	  0.377766	  0.377594	  0.377378	  0.377503	  0.377957	   0.37912	  0.380653	  0.382432	   0.38395	   0.38478	  0.384996	  0.384381	  0.382678	  0.380408	  0.377408	  0.373523	  0.369013	  0.363899	  0.358056	  0.351628	  0.344784	  0.337621	  0.330226	  0.322688	  0.315013	  0.307197	  0.299251	  0.291247	   0.28322	  0.275203	  0.267215	  0.259256	  0.251314	  0.243385	  0.235463	  0.227541	  0.219616	  0.211691	  0.203779	  0.195895	  0.188057	  0.180285	  0.172598	  0.165019	  0.157569	  0.150269	  0.143141	  0.136204	   0.12948	  0.122984
   132	     0	0.000152441	0.000239967	0.000520781	0.00126606	0.00318281	0.00792522	 0.0186629	 0.0392377	  0.070126	  0.107541	  0.147372	  0.187021	  0.224465	  0.258306	  0.287463	  0.311412	  0.330067	  0.344129	  0.354032	   0.36053	  0.364191	  0.366128	  0.366942	  0.367623	  0.368538	  0.369674	  0.371423	  0.373445	  0.375613	   0.37745	  0.378553	  0.379014	  0.378623	  0.377138	  0.375085	  0.372309	  0.368647	  0.364355	  0.359455	  0.353822	  0.347596	  0.340945	  0.333965	   0.32674	  0.319366	  0.311847	  0.304184	  0.296384	   0.28852	  0.280625	  0.272735	  0.264868	  0.257025	  0.249196	  0.241377	  0.233561	  0.225741	  0.217915	  0.210087	  0.202272	  0.194486	  0.186748	   0.17908	  0.171501	  0.164034	    0.1567	   0.14952	  0.142516	  0.135706	   0.12911	  0.122743
   133	     0	0.00015133	0.000240145	0.000545999	 0.0014141	0.00378919	0.00992798	  0.023827	 0.0488257	 0.0829128	  0.121441	   0.16134	  0.200789	  0.238035	  0.271799	  0.301071	  0.325351	  0.344527	  0.359198	  0.369747	  0.376871	  0.381083	  0.383448	  0.384592	  0.385455	  0.386423	   0.38749	  0.389057	  0.390822	  0.392684	  0.394167	  0.394842	  0.394781	  0.393795	  0.391697	   0.38904	  0.385664	  0.381423	  0.376593	  0.371193	  0.365074	  0.358356	  0.351206	  0.343725	     0.336	  0.328141	  0.320159	   0.31205	  0.303815	  0.295519	  0.287193	   0.27887	  0.270575	  0.262312	  0.254077	  0.245861	  0.237663	  0.229477	  0.221303	  0.213148	  0.205026	   0.19696	   0.18897	  0.181081	  0.173317	  0.165701	  0.158255	  0.150999	  0.143953	  0.137135	  0.130561	  0.124242
   134	     0	0.000394868	0.000612885	0.00132128	 0.0031937	0.00784484	 0.0182651	 0.0376332	 0.0660768	  0.100075	  0.136537	  0.173647	  0.210023	  0.244131	  0.274891	  0.301411	  0.323239	  0.340264	  0.353078	   0.36201	  0.367719	  0.370698	  0.371993	  0.372168	    0.3722	  0.372462	   0.37294	  0.374021	  0.375398	  0.376932	  0.378131	  0.378572	  0.378321	  0.377183	  0.374956	  0.372175	   0.36868	  0.364362	  0.359519	  0.354169	  0.348147	  0.341559	  0.334559	  0.327241	  0.319689	  0.311998	  0.304182	  0.296235	  0.288162	  0.280024	  0.271852	  0.263676	  0.255522	  0.247398	  0.239299	  0.231223	  0.223166	  0.215129	  0.207114	   0.19913	  0.191193	  0.183327	  0.175555	    0.1679	  0.160387	  0.153038	  0.145874	  0.138914	  0.132177	  0.125676	  0.119426	  0.113436
   135	     0	0.000367838	0.000574921	0.00125968	0.00310279	0.00776593	  0.018386	 0.0383201	 0.0676131	  0.102494	  0.139818	  0.177815	  0.215115	  0.250155	  0.281848	  0.309291	  0.332023	  0.349914	  0.363517	   0.37316	  0.379494	  0.383018	   0.38477	  0.385379	  0.385759	  0.386291	   0.38696	  0.388151	   0.38958	  0.391192	  0.392504	  0.393032	  0.392827	  0.391727	  0.389588	   0.38694	  0.383613	  0.379412	  0.374593	  0.369181	  0.363042	  0.356295	  0.349111	  0.341591	  0.333824	  0.325929	  0.317917	  0.309779	  0.301516	  0.293191	  0.284834	  0.276478	  0.268146	  0.259846	  0.251571	  0.243317	  0.235081	  0.226862	  0.218661	  0.210481	  0.202337	  0.194248	  0.186236	  0.178323	  0.170533	   0.16289	  0.155414	  0.148128	  0.141051	  0.134201	  0.127594	  0.121244
   136	     0	0.000314488	0.000481052	0.000960989	0.00209974	0.00470118	 0.0103828	 0.0217703	 0.0416705	  0.070523	  0.106091	  0.145367	  0.185748	  0.224761	  0.260692	  0.292201	  0.318592	  0.339659	  0.356002	  0.368012	   0.37642	  0.381773	  0.385156	  0.387216	  0.388883	  0.390567	   0.39228	  0.394445	  0.396735	  0.399087	  0.401048	  0.402196	  0.402634	  0.402164	  0.400562	  0.398373	  0.395429	  0.391533	   0.38693	  0.381644	  0.375563	  0.368841	  0.361666	  0.354146	  0.346379	  0.338474	  0.330438	  0.322269	  0.313974	  0.305626	  0.297261	  0.288914	  0.280604	  0.272331	  0.264082	   0.25585	  0.247627	  0.239402	   0.23117	  0.222936	  0.214713	  0.206518	  0.198371	  0.190292	  0.182304	  0.174429	  0.166689	  0.159107	  0.151704	  0.144501	  0.137518	  0.130773
   137	     0	0.000404095	0.000657436	 0.0016147	0.00453729	 0.0125829	 0.0305911	  0.059806	 0.0955412	  0.133395	  0.171812	  0.209821	  0.246333	  0.279983	  0.309914	  0.335423	  0.356187	  0.372156	  0.383909	  0.391774	  0.396394	  0.398269	  0.398439	  0.397551	  0.396524	  0.395755	  0.395233	  0.395349	  0.395824	   0.39658	  0.397086	   0.39685	  0.395896	  0.394047	  0.391156	  0.387768	  0.383714	  0.378877	  0.373556	  0.367769	  0.361356	  0.354407	  0.347067	  0.339424	  0.331556	  0.323564	   0.31546	  0.307236	   0.29889	  0.290481	  0.282038	  0.273592	  0.265169	   0.25678	  0.248423	  0.240095	  0.231794	  0.223521	  0.215279	  0.207076	  0.198928	  0.190856	  0.182883	  0.175033	   0.16733	  0.159797	  0.152454	  0.145322	  0.138417	  0.131754	  0.125347	  0.119206
   138	     0	0.000324871	0.000510643	0.00111314	0.00271393	0.00674604	 0.0160518	 0.0342112	 0.0623795	  0.097451	  0.135974	  0.175763	  0.215158	  0.252362	  0.286133	   0.31547	  0.339872	  0.359203	  0.374033	  0.384709	  0.391905	  0.396129	  0.398425	   0.39941	  0.400021	  0.400665	  0.401342	  0.402457	  0.403732	  0.405127	  0.406166	  0.406393	  0.405864	   0.40441	  0.401879	   0.39882	   0.39506	  0.390431	  0.385228	  0.379478	  0.373027	  0.365984	  0.358514	  0.350717	  0.342682	  0.334522	  0.326252	  0.317862	  0.309355	  0.300793	  0.292207	  0.283629	  0.275084	  0.266578	  0.258105	  0.249658	  0.241232	  0.232822	  0.224428	  0.216056	  0.207722	  0.199446	  0.191252	  0.183165	  0.175208	  0.167406	   0.15978	  0.152352	   0.14514	  0.138164	  0.131437	  0.124973
   139	     0	0.000329474	0.000501271	0.00104382	0.00243606	0.00583471	  0.013545	 0.0287452	 0.0532139	 0.0849475	   0.12073	  0.158197	  0.195586	  0.231081	    0.2634	  0.291512	  0.314885	  0.333368	  0.347504	  0.357646	  0.364455	  0.368427	  0.370619	   0.37168	  0.372507	  0.373475	  0.374576	  0.376198	  0.378059	  0.380039	  0.381672	  0.382542	  0.382709	  0.381978	  0.380158	  0.377773	  0.374675	  0.370733	  0.366187	  0.361044	  0.355164	  0.348665	  0.341711	  0.334407	  0.326841	  0.319117	  0.311254	  0.303248	  0.295106	  0.286892	  0.278636	  0.270374	  0.262128	  0.253908	   0.24571	  0.237528	  0.229361	  0.221206	  0.213064	  0.204945	  0.196865	  0.188846	  0.180912	  0.173088	  0.165398	  0.157865	  0.150511	  0.143357	  0.136422	  0.129722	  0.123272	  0.117084
   140	     0	0.000297167	0.000444704	0.000893421	0.00200364	0.00463742	  0.010563	  0.022584	 0.0432623	 0.0721113	  0.106222	  0.142726	  0.179518	   0.21468	   0.24682	  0.274836	  0.298147	  0.316581	  0.330683	  0.340825	  0.347681	   0.35175	  0.354101	  0.355385	  0.356498	  0.357792	   0.35925	  0.361254	  0.363498	  0.365823	  0.367769	  0.368954	  0.369454	  0.369069	  0.367581	  0.365511	  0.362723	  0.359092	  0.354853	  0.350013	  0.344438	  0.338254	  0.331623	  0.324644	  0.317402	  0.309995	  0.302436	  0.294726	  0.286872	  0.278941	  0.270962	  0.262972	  0.254993	  0.247032	  0.239084	  0.231146	  0.223216	  0.215293	  0.207377	  0.199477	  0.191609	  0.183795	  0.176056	  0.168417	    0.1609	  0.153528	  0.146325	  0.139309	  0.132501	  0.125917	  0.119574	  0.113483
   141	     0	0.000188318	0.000293871	0.000622369	0.00146518	0.00355314	0.00850224	 0.0191786	  0.038754	 0.0674845	  0.102589	  0.141048	  0.180625	  0.219175	  0.255125	  0.287168	  0.314557	  0.336979	  0.354855	  0.368489	  0.378517	  0.385398	  0.390145	  0.393424	  0.396091	  0.398552	  0.400822	  0.403324	  0.405778	  0.408151	   0.41002	  0.410978	  0.411114	  0.410259	  0.408257	  0.405674	  0.402337	  0.398068	  0.393141	  0.387585	  0.381268	  0.374312	  0.366893	  0.359121	   0.35109	  0.342922	  0.334632	  0.326213	  0.317668	  0.309063	   0.30043	  0.291802	  0.283205	  0.274644	  0.266112	    0.2576	  0.249103	  0.240613	  0.232128	  0.223656	  0.215211	  0.206816	  0.198496	  0.190275	  0.182178	  0.174229	  0.166452	  0.158869	  0.151499	  0.144361	  0.137472	  0.130846
   142	     0	0.000326252	0.000501181	0.00105031	0.00245655	 0.0058875	 0.0136839	 0.0291312	 0.0541938	 0.0869407	  0.124023	  0.162896	  0.201655	  0.238361	  0.271693	  0.300601	  0.324567	  0.343466	  0.357896	  0.368226	  0.375148	  0.379175	  0.381375	  0.382379	  0.383122	  0.384003	  0.385032	  0.386628	   0.38847	  0.390454	  0.392098	   0.39296	  0.393124	   0.39239	  0.390545	  0.388134	  0.384995	  0.380967	  0.376305	  0.371023	  0.364983	  0.358322	  0.351214	  0.343764	  0.336065	  0.328226	  0.320258	  0.312159	  0.303935	  0.295651	  0.287342	  0.279039	  0.270767	  0.262529	  0.254317	  0.246124	  0.237943	  0.229769	    0.2216	  0.213441	   0.20531	  0.197226	  0.189212	  0.181291	  0.173487	  0.165823	  0.158322	  0.151005	  0.143892	  0.137001	   0.13035	  0.123953
   143	     0	0.000338773	0.000511319	0.00101839	0.00223774	0.00505482	  0.011256	 0.0237007	 0.0452547	 0.0759594	  0.113012	   0.15306	  0.193394	  0.231605	  0.266096	  0.295693	  0.319874	   0.33859	  0.352592	   0.36234	  0.368619	  0.372033	  0.373716	  0.374272	  0.374711	  0.375419	   0.37638	  0.377973	  0.379888	   0.38202	  0.383897	  0.385084	  0.385649	  0.385381	  0.384045	  0.382151	  0.379543	  0.376017	  0.371783	  0.366847	  0.361091	  0.354674	   0.34778	  0.340525	   0.33301	  0.325343	  0.317537	  0.309592	  0.301518	  0.293386	  0.285232	  0.277089	  0.268977	  0.260897	  0.252838	  0.244795	  0.236762	  0.228732	  0.220702	  0.212675	  0.204665	  0.196688	  0.188762	  0.180909	   0.17315	  0.165507	  0.158001	  0.150655	   0.14349	  0.136526	  0.129783	  0.123277
   144	     0	0.000232651	0.000358931	0.000750012	0.00174628	0.00419344	0.00993468	 0.0221671	 0.0442461	 0.0760572	  0.113977	   0.15421	  0.194135	  0.231597	  0.265154	  0.293744	  0.316901	  0.334615	  0.347676	  0.356555	  0.362049	   0.36476	  0.365833	  0.365851	  0.365852	  0.366206	  0.366899	  0.368312	  0.370097	  0.372098	  0.373819	  0.374852	  0.375285	  0.374889	  0.373394	  0.371317	  0.368506	  0.364816	    0.3605	  0.355574	  0.349907	  0.343647	  0.336963	  0.329954	  0.322709	  0.315317	  0.307783	  0.300109	  0.292304	  0.284441	  0.276554	  0.268676	  0.260826	  0.253004	    0.2452	  0.237409	  0.229626	  0.221846	  0.214065	  0.206289	  0.198529	  0.190803	  0.183127	  0.175522	  0.168008	  0.160606	  0.153337	  0.146222	  0.139283	  0.132538	  0.126007	  0.119706
   145	     0	0.00023236	0.000365292	0.000776784	0.00183043	0.00443483	 0.0105842	  0.023756	 0.0476092	 0.0820185	  0.123043	  0.166523	  0.209536	  0.249665	   0.28538	  0.315607	  0.339936	  0.358433	  0.371975	  0.381093	  0.386642	  0.389274	  0.390163	   0.38994	  0.389655	  0.389715	  0.390121	  0.391276	   0.39281	  0.394587	   0.39608	  0.396854	  0.396998	  0.396276	  0.394409	  0.391943	  0.388708	  0.384569	  0.379806	  0.374439	  0.368346	  0.361678	  0.354606	   0.34723	  0.339638	  0.331918	  0.324071	  0.316092	  0.307989	  0.299835	  0.291666	  0.283516	  0.275402	  0.267322	  0.259265	  0.251222	  0.243189	  0.235155	  0.227117	  0.219078	   0.21105	  0.203048	   0.19509	  0.187195	  0.179383	  0.171676	  0.164095	  0.156663	  0.149401	  0.142329	  0.135469	  0.128839
   146	     0	0.000152441	0.000239967	0.000520781	0.00126606	0.00318281	0.00792522	 0.0186629	 0.0392377	  0.070126	  0.107541	  0.147372	  0.187021	  0.224465	  0.258306	  0.287463	  0.311412	  0.330067	  0.344129	  0.354032	   0.36053	  0.364191	  0.366128	  0.366942	  0.367623	  0.368538	  0.369674	  0.371423	  0.373445	  0.375613	   0.37745	  0.378553	  0.379014	  0.378623	  0.377138	  0.375085	  0.372309	  0.368647	  0.364355	  0.359455	  0.353822	  0.347596	  0.340945	  0.333965	   0.32674	  0.319366	  0.311847	  0.304184	  0.296384	   0.28852	  0.280625	  0.272735	  0.264868	  0.257025	  0.249196	  0.241377	  0.233561	  0.225741	  0.217915	  0.210087	  0.202272	  0.194486	  0.186748	   0.17908	  0.171501	  0.164034	    0.1567	   0.14952	  0.142516	  0.135706	   0.12911	  0.122743
   147	     0	0.000339706	0.000518177	0.00105631	0.00238555	0.00552821	 0.0125308	 0.0264513	 0.0496966	  0.081205	  0.117756	  0.156462	  0.195212	  0.232055	   0.26559	   0.29472	  0.318887	  0.337945	  0.352486	  0.362894	  0.369872	  0.373943	   0.37618	  0.377205	  0.377972	  0.378864	  0.379882	  0.381424	  0.383191	  0.385075	  0.386602	  0.387343	  0.387363	  0.386481	  0.384519	  0.382015	  0.378808	  0.374738	   0.37008	  0.364855	  0.358921	  0.352387	  0.345415	  0.338097	  0.330519	  0.322788	   0.31492	   0.30691	  0.298764	  0.290547	   0.28229	  0.274027	  0.265782	  0.257561	  0.249361	  0.241173	  0.232995	  0.224821	  0.216651	  0.208494	  0.200366	   0.19229	   0.18429	  0.176391	  0.168616	   0.16099	  0.153536	  0.146273	   0.13922	  0.132397	  0.125817	  0.119493
   148	     0	0.000259745	0.000405982	0.00089322	0.00222214	 0.0056773	 0.0139891	  0.031041	  0.058655	 0.0937316	  0.132262	   0.17177	  0.210567	  0.246927	  0.279648	  0.307791	  0.330914	  0.348944	  0.362503	  0.371986	  0.378094	   0.38135	  0.382831	  0.383181	   0.38334	  0.383695	  0.384243	  0.385385	  0.386809	  0.388385	  0.389607	   0.39005	  0.389779	  0.388595	  0.386295	  0.383428	  0.379836	  0.375418	  0.370464	  0.364992	  0.358848	  0.352142	   0.34503	  0.337605	  0.329949	  0.322156	  0.314237	  0.306186	  0.298007	  0.289763	  0.281485	  0.273207	  0.264951	  0.256725	  0.248525	  0.240343	  0.232178	  0.224026	  0.215888	  0.207772	  0.199694	  0.191676	   0.18374	   0.17591	  0.168211	  0.160664	  0.153294	  0.146119	  0.139158	  0.132429	  0.125946	  0.119721
   149	     0	0.00015133	0.000240145	0.000545999	 0.0014141	0.00378919	0.00992798	  0.023827	 0.0488257	 0.0829128	  0.121441	   0.16134	  0.200789	  0.238035	  0.271799	  0.301071	  0.325351	  0.344527	  0.359198	  0.369747	  0.376871	  0.381083	  0.383448	  0.384592	  0.385455	  0.386423	   0.38749	  0.389057	  0.390822	  0.392684	  0.394167	  0.394842	  0.394781	  0.393795	  0.391697	   0.38904	  0.385664	  0.381423	  0.376593	  0.371193	  0.365074	  0.358356	  0.351206	  0.343725	     0.336	  0.328141	  0.320159	   0.31205	  0.303815	  0.295519	  0.287193	   0.27887	  0.270575	  0.262312	  0.254077	  0.245861	  0.237663	  0.229477	  0.221303	  0.213148	  0.205026	   0.19696	   0.18897	  0.181081	  0.173317	  0.165701	  0.158255	  0.150999	  0.143953	  0.137135	  0.130561	  0.124242
   150	     0	0.000119657	0.000186868	0.000424689	0.00111352	0.00303757	0.00812423	 0.0199154	 0.0415215	 0.0712447	  0.105013	   0.14031	  0.175733	  0.209839	  0.241446	   0.26953	  0.293482	  0.313024	   0.32853	  0.340252	  0.348747	  0.354409	  0.358222	  0.360812	  0.363013	  0.365178	  0.367294	  0.369755	  0.372302	  0.374828	  0.376918	  0.378174	  0.378658	  0.378192	  0.376635	  0.374535	  0.371753	  0.368117	  0.363851	  0.358966	  0.353322	  0.347021	  0.340224	  0.333035	  0.325546	  0.317879	  0.310059	   0.30209	  0.293976	  0.285777	  0.277522	  0.269245	  0.260973	   0.25272	   0.24449	   0.23628	  0.228089	  0.219917	  0.211769	  0.203654	  0.195593	   0.18761	  0.179732	  0.171984	  0.164392	   0.15698	  0.149768	  0.142775	  0.136019	  0.129511	  0.123265	  0.117286
   151	     0	0.000354125	0.000548195	0.00117663	0.00283701	0.00699946	 0.0166001	 0.0354539	  0.064971	  0.101819	  0.141924	  0.182644	  0.222156	  0.258698	  0.291114	  0.318548	  0.340655	   0.35746	  0.369707	  0.377839	  0.382612	  0.384608	  0.384946	  0.384237	  0.383493	  0.383101	  0.383048	  0.383717	  0.384796	  0.386172	  0.387323	  0.387781	   0.38759	  0.386553	  0.384469	  0.381862	  0.378569	  0.374432	  0.369712	  0.364421	  0.358412	  0.351812	  0.344787	  0.337435	  0.329843	  0.322115	  0.314262	  0.306279	   0.29817	  0.290003	  0.281807	  0.273616	  0.265453	  0.257322	  0.249215	  0.241126	  0.233053	  0.224989	  0.216935	  0.208895	  0.200883	  0.192918	  0.185021	  0.177214	   0.16952	  0.161961	   0.15456	  0.147337	  0.140312	  0.133504	   0.12693	  0.120603
   152	     0	0.000320643	0.000502873	0.00109219	0.00265492	0.00660054	 0.0158174	 0.0342775	 0.0638477	  0.101437	  0.142791	  0.185028	  0.226143	  0.264201	  0.297973	  0.326556	  0.349601	  0.367155	  0.379999	  0.388593	  0.393719	  0.395985	  0.396516	  0.395933	  0.395251	  0.394874	  0.394795	  0.395398	  0.396378	  0.397656	  0.398713	   0.39908	  0.398799	  0.397673	  0.395496	  0.392786	  0.389377	  0.385104	  0.380231	  0.374769	  0.368578	   0.36179	  0.354577	  0.347041	  0.339271	  0.331372	  0.323353	  0.315208	  0.306941	  0.298622	  0.290283	  0.281959	  0.273669	  0.265417	  0.257192	  0.248987	  0.240797	  0.232613	  0.224433	  0.216261	  0.208111	  0.200001	  0.191951	  0.183983	   0.17612	  0.168385	  0.160798	  0.153383	  0.146161	  0.139149	  0.132368	  0.125832
   153	     0	0.000361782	0.000555723	0.00114464	0.00260906	0.00608533	 0.0138154	 0.0289957	 0.0538144	 0.0867672	  0.124539	  0.164353	  0.204133	  0.241858	  0.276126	  0.305839	  0.330455	  0.349846	  0.364615	  0.375162	  0.382203	  0.386281	  0.388479	  0.389468	  0.390171	  0.390988	  0.391922	  0.393376	  0.395055	  0.396892	  0.398403	  0.399126	   0.39912	  0.398208	  0.396225	  0.393705	  0.390481	  0.386364	  0.381611	  0.376244	  0.370136	  0.363411	   0.35624	  0.348723	  0.340949	  0.333034	  0.324989	  0.316808	  0.308494	  0.300116	  0.291704	  0.283293	  0.274907	  0.266549	  0.258214	  0.249894	  0.241583	  0.233277	  0.224972	  0.216676	  0.208402	  0.200171	  0.192005	  0.183928	  0.175964	  0.168137	  0.160468	  0.152981	  0.145696	  0.138632	  0.131806	  0.125234
   154	     0	0.000353413	0.00051925	0.000999905	0.00213177	0.00468786	 0.0101863	 0.0209977	 0.0394716	 0.0656847	 0.0974653	  0.132185	    0.1677	  0.202041	  0.233751	  0.261657	  0.285105	  0.303854	  0.318385	  0.329031	   0.33643	  0.341048	   0.34393	  0.345693	  0.347212	  0.348822	   0.35049	  0.352574	  0.354798	  0.357001	   0.35876	  0.359755	  0.360068	  0.359502	  0.357835	  0.355568	  0.352577	  0.348781	  0.344436	  0.339551	  0.333977	  0.327825	  0.321248	  0.314338	  0.307177	  0.299848	  0.292366	  0.284732	  0.276955	    0.2691	  0.261199	  0.253285	  0.245383	  0.237498	   0.22963	  0.221773	  0.213929	  0.206096	  0.198278	  0.190483	  0.182731	  0.175041	  0.167437	  0.159942	   0.15258	  0.145374	  0.138344	  0.131511	  0.124892	  0.118505	  0.112361	  0.106474
   155	     0	0.000247077	0.000395437	0.000868119	 0.0021158	0.00528038	 0.0128437	  0.028786	 0.0561952	 0.0931527	   0.13497	  0.178018	  0.219969	  0.258753	  0.293059	  0.321923	  0.344987	  0.362332	  0.374867	  0.383092	  0.387854	  0.389804	  0.390109	  0.389354	  0.388629	  0.388339	  0.388485	  0.389478	   0.39091	  0.392645	  0.394141	  0.394937	  0.395136	  0.394492	  0.392708	  0.390338	  0.387204	  0.383143	  0.378438	  0.373119	  0.367071	  0.360452	  0.353439	  0.346132	  0.338618	  0.330984	  0.323226	  0.315343	  0.307341	  0.299298	  0.291248	  0.283224	  0.275243	  0.267298	  0.259378	  0.251476	  0.243585	  0.235695	  0.227801	  0.219905	  0.212017	  0.204149	  0.196317	  0.188538	  0.180829	  0.173212	  0.165707	  0.158334	  0.151116	  0.144074	  0.137229	    0.1306
   156	     0	0.00015133	0.000240145	0.000545999	 0.0014141	0.00378919	0.00992798	  0.023827	 0.0488257	 0.0829128	  0.121441	   0.16134	  0.200789	  0.238035	  0.271799	  0.301071	  0.325351	  0.344527	  0.359198	  0.369747	  0.376871	  0.381083	  0.383448	  0.384592	  0.385455	  0.386423	   0.38749	  0.389057	  0.390822	  0.392684	  0.394167	  0.394842	  0.394781	  0.393795	  0.391697	   0.38904	  0.385664	  0.381423	  0.376593	  0.371193	  0.365074	  0.358356	  0.351206	  0.343725	     0.336	  0.328141	  0.320159	   0.31205	  0.303815	  0.295519	  0.287193	   0.27887	  0.270575	  0.262312	  0.254077	  0.245861	  0.237663	  0.229477	  0.221303	  0.213148	  0.205026	   0.19696	   0.18897	  0.181081	  0.173317	  0.165701	  0.158255	  0.150999	  0.143953	  0.137135	  0.130561	  0.124242
   157	     0	0.00015133	0.000240145	0.000545999	 0.0014141	0.00378919	0.00992798	  0.023827	 0.0488257	 0.0829128	  0.121441	   0.16134	  0.200789	  0.238035	  0.271799	  0.301071	  0.325351	  0.344527	  0.359198	  0.369747	  0.376871	  0.381083	  0.383448	  0.384592	  0.385455	  0.386423	   0.38749	  0.389057	  0.390822	  0.392684	  0.394167	  0.394842	  0.394781	  0.393795	  0.391697	   0.38904	  0.385664	  0.381423	  0.376593	  0.371193	  0.365074	  0.358356	  0.351206	  0.343725	     0.336	  0.328141	  0.320159	   0.31205	  0.303815	  0.295519	  0.287193	   0.27887	  0.270575	  0.262312	  0.254077	  0.245861	  0.237663	  0.229477	  0.221303	  0.213148	  0.205026	   0.19696	   0.18897	  0.181081	  0.173317	  0.165701	  0.158255	  0.150999	  0.143953	  0.137135	  0.130561	  0.124242
   158	     0	0.000228388	0.000348714	0.000755269	0.00186935	0.00477613	 0.0117943	   0.02625	 0.0497479	 0.0797278	  0.112931	  0.147432	  0.181913	   0.21493	  0.245343	  0.272187	  0.294897	  0.313233	  0.327598	  0.338254	  0.345761	  0.350525	  0.353534	  0.355398	  0.356972	  0.358603	  0.360272	   0.36236	  0.364601	  0.366852	  0.368684	  0.369708	  0.369985	  0.369327	  0.367572	  0.365267	  0.362276	  0.358462	  0.354067	    0.3491	  0.343408	  0.337089	  0.330295	  0.323128	  0.315678	  0.308053	  0.300281	  0.292365	  0.284308	   0.27617	  0.267979	  0.259767	  0.251563	  0.243381	  0.235225	  0.227093	  0.218987	   0.21091	  0.202867	  0.194871	   0.18694	  0.179098	  0.171371	  0.163782	  0.156358	   0.14912	  0.142087	   0.13528	  0.128711	  0.122395	   0.11634	  0.110554
   159	     0	0.00028793	0.000442699	0.000909648	0.00206651	0.00482135	 0.0110559	 0.0238115	 0.0460106	 0.0773803	   0.11488	  0.155291	  0.196105	  0.234991	  0.270368	  0.301034	  0.326411	  0.346387	  0.361625	   0.37255	  0.379911	  0.384276	  0.386748	  0.387967	  0.388889	  0.389917	  0.391048	  0.392677	   0.39451	  0.396476	  0.398108	  0.398981	  0.399162	  0.398457	  0.396658	   0.39429	   0.39119	  0.387185	   0.38252	  0.377209	  0.371123	  0.364401	  0.357224	    0.3497	  0.341925	  0.334009	  0.325962	  0.317781	  0.309473	  0.301108	  0.292719	   0.28434	  0.275995	  0.267683	  0.259397	  0.251128	  0.242869	  0.234613	  0.226356	  0.218104	  0.209872	  0.201678	  0.193545	  0.185494	  0.177549	  0.169734	   0.16207	   0.15458	  0.147285	  0.140205	  0.133359	  0.126761
   160	     0	0.000275355	0.000426972	0.000908563	0.00216216	0.00528684	 0.0126014	 0.0276712	 0.0530985	 0.0871311	  0.125845	  0.166177	  0.206012	  0.243352	  0.276865	  0.305537	  0.328918	  0.346972	  0.360405	  0.369663	  0.375502	   0.37849	  0.379744	  0.379936	  0.380019	  0.380384	  0.381036	  0.382386	  0.384076	  0.385949	  0.387483	   0.38826	  0.388368	  0.387586	  0.385652	   0.38311	  0.379805	  0.375639	   0.37089	  0.365573	  0.359559	  0.352981	  0.346006	  0.338726	  0.331227	  0.323591	  0.315823	  0.307918	  0.299884	  0.291788	  0.283665	  0.275547	  0.267457	  0.259395	  0.251354	  0.243326	  0.235308	  0.227293	  0.219279	  0.211273	  0.203288	  0.195343	  0.187459	  0.179656	  0.171957	  0.164384	  0.156959	  0.149705	  0.142641	  0.135787	  0.129161	  0.122779
   161	     0	0.00015133	0.000240145	0.000545999	 0.0014141	0.00378919	0.00992798	  0.023827	 0.0488257	 0.0829128	  0.121441	   0.16134	  0.200789	  0.238035	  0.271799	  0.301071	  0.325351	  0.344527	  0.359198	  0.369747	  0.376871	  0.381083	  0.383448	  0.384592	  0.385455	  0.386423	   0.38749	  0.389057	  0.390822	  0.392684	  0.394167	  0.394842	  0.394781	  0.393795	  0.391697	   0.38904	  0.385664	  0.381423	  0.376593	  0.371193	  0.365074	  0.358356	  0.351206	  0.343725	     0.336	  0.328141	  0.320159	   0.31205	  0.303815	  0.295519	  0.287193	   0.27887	  0.270575	  0.262312	  0.254077	  0.245861	  0.237663	  0.229477	  0.221303	  0.213148	  0.205026	   0.19696	   0.18897	  0.181081	  0.173317	  0.165701	  0.158255	  0.150999	  0.143953	  0.137135	  0.130561	  0.124242
   162	     0	0.000318906	0.000482267	0.000984055	0.00223825	0.00523365	 0.0119609	 0.0253835	 0.0477748	 0.0780501	  0.113213	   0.15065	  0.188383	  0.224453	  0.257477	  0.286342	  0.310463	  0.329658	  0.344466	  0.355237	  0.362635	  0.367159	  0.369864	  0.371393	  0.372645	  0.373999	  0.375452	  0.377405	  0.379566	  0.381838	  0.383767	  0.384928	  0.385392	   0.38497	  0.383467	  0.381407	  0.378639	   0.37498	  0.370647	   0.36565	   0.35986	  0.353415	  0.346495	  0.339209	  0.331653	  0.323941	  0.316088	  0.308094	  0.299965	  0.291768	  0.283537	  0.275304	  0.267094	  0.258911	   0.25075	  0.242604	  0.234468	  0.226338	  0.218214	    0.2101	  0.202015	  0.193977	  0.186009	  0.178135	  0.170378	  0.162762	   0.15531	  0.148042	  0.140979	  0.134139	  0.127538	  0.121191
   163	     0	0.000333499	0.000508636	0.00104669	0.00239664	0.00563042	 0.0128902	  0.027276	 0.0509333	 0.0823827	  0.118386	  0.156309	  0.194242	  0.230319	  0.263205	  0.291829	  0.315632	  0.334457	  0.348866	  0.359223	  0.366208	  0.370331	  0.372655	  0.373812	  0.374719	   0.37575	  0.376891	  0.378526	  0.380364	  0.382308	   0.38389	  0.384692	   0.38478	  0.383973	  0.382082	  0.379636	   0.37648	  0.372462	  0.367837	  0.362621	  0.356677	  0.350127	  0.343138	  0.335809	   0.32823	  0.320505	  0.312646	   0.30465	   0.29652	  0.288323	  0.280091	  0.271856	  0.263642	  0.255455	  0.247289	  0.239138	  0.231001	  0.222875	  0.214758	  0.206659	  0.198591	  0.190576	  0.182636	  0.174793	  0.167071	  0.159494	  0.152083	   0.14486	  0.137844	  0.131053	  0.124504	   0.11821
   164	     0	0.000467091	0.000722948	0.00158454	0.00391995	0.00975839	 0.0224358	 0.0442828	 0.0737443	  0.107189	  0.142472	  0.178342	  0.213621	  0.246883	  0.277111	  0.303445	  0.325413	  0.342844	  0.356183	  0.365712	  0.372019	  0.375545	  0.377294	   0.37792	  0.378273	  0.378728	  0.379263	  0.380256	  0.381462	  0.382771	  0.383702	  0.383834	    0.3832	  0.381621	  0.378953	  0.375744	  0.371849	  0.367181	  0.362033	  0.356421	  0.350186	  0.343402	  0.336204	  0.328677	  0.320901	  0.312973	  0.304911	  0.296715	  0.288384	  0.279975	  0.271515	  0.263037	  0.254569	  0.246128	  0.237717	  0.229336	  0.220989	  0.212681	  0.204418	  0.196212	  0.188081	  0.180049	  0.172141	  0.164382	  0.156795	  0.149403	  0.142225	  0.135279	  0.128581	  0.122142	  0.115971	  0.110076
   165	     0	0.00015133	0.000240145	0.000545999	 0.0014141	0.00378919	0.00992798	  0.023827	 0.0488257	 0.0829128	  0.121441	   0.16134	  0.200789	  0.238035	  0.271799	  0.301071	  0.325351	  0.344527	  0.359198	  0.369747	  0.376871	  0.381083	  0.383448	  0.384592	  0.385455	  0.386423	   0.38749	  0.389057	  0.390822	  0.392684	  0.394167	  0.394842	  0.394781	  0.393795	  0.391697	   0.38904	  0.385664	  0.381423	  0.376593	  0.371193	  0.365074	  0.358356	  0.351206	  0.343725	     0.336	  0.328141	  0.320159	   0.31205	  0.303815	  0.295519	  0.287193	   0.27887	  0.270575	  0.262312	  0.254077	  0.245861	  0.237663	  0.229477	  0.221303	  0.213148	  0.205026	   0.19696	   0.18897	  0.181081	  0.173317	  0.165701	  0.158255	  0.150999	  0.143953	  0.137135	  0.130561	  0.124242
   166	     0	0.000283171	 0.0004366	0.000909905	0.00210657	0.00500619	 0.0116336	 0.0251225	 0.0480347	 0.0793505	  0.115822	  0.154599	  0.193589	   0.23075	  0.264667	  0.294208	  0.318795	  0.338274	  0.353242	  0.364072	  0.371463	  0.375938	  0.378567	  0.379985	   0.38113	  0.382396	   0.38379	  0.385729	  0.387879	   0.39013	   0.39201	   0.39309	  0.393463	  0.392926	  0.391257	  0.389002	  0.385999	  0.382083	  0.377506	  0.372286	  0.366296	  0.359675	  0.352605	  0.345192	  0.337531	   0.32973	  0.321798	  0.313733	   0.30554	  0.297287	  0.289007	  0.280735	  0.272492	   0.26428	  0.256092	  0.247919	  0.239757	  0.231598	   0.22344	   0.21529	  0.207162	  0.199076	  0.191053	  0.183116	  0.175289	  0.167595	  0.160056	  0.152695	   0.14553	  0.138583	  0.131871	  0.125409
   167	     0	0.000332538	0.00051996	0.00110105	0.00258304	0.00619375	 0.0144196	 0.0308462	 0.0577438	 0.0929698	  0.132471	  0.173166	  0.212981	  0.249999	  0.282949	  0.310868	  0.333345	  0.350392	  0.362806	  0.371044	    0.3759	  0.377986	  0.378444	  0.377879	  0.377324	  0.377167	  0.377401	  0.378426	  0.379871	  0.381609	  0.383115	  0.383929	  0.384138	  0.383522	  0.381819	   0.37956	  0.376577	  0.372702	  0.368199	   0.36309	  0.357258	  0.350851	  0.344038	  0.336915	  0.329566	  0.322082	  0.314465	  0.306711	  0.298829	  0.290892	  0.282936	  0.274992	  0.267079	  0.259196	  0.251331	  0.243479	  0.235635	  0.227792	  0.219944	  0.212097	  0.204261	   0.19645	  0.188681	  0.180974	  0.173347	  0.165821	  0.158419	   0.15116	  0.144066	  0.137159	  0.130457	  0.123979
   168	     0	0.000401982	0.000615729	0.00127661	0.00294197	0.00691783	 0.0156678	 0.0322649	 0.0580142	 0.0906691	   0.12723	  0.165519	  0.203823	  0.240334	  0.273753	  0.303025	  0.327585	  0.347238	  0.362476	  0.373623	  0.381323	  0.386049	  0.388825	  0.390296	  0.391364	  0.392429	  0.393506	  0.395011	  0.396661	  0.398375	  0.399681	  0.400136	  0.399803	  0.398506	    0.3961	  0.393153	    0.3895	  0.384984	  0.379899	  0.374272	  0.367951	  0.361032	  0.353672	  0.345966	     0.338	   0.32989	  0.321654	   0.31329	  0.304798	  0.296239	  0.287643	  0.279042	  0.270463	  0.261916	  0.253399	  0.244907	  0.236436	  0.227984	  0.219553	  0.211152	  0.202798	  0.194515	  0.186329	  0.178266	   0.17035	  0.162606	  0.155056	   0.14772	  0.140616	  0.133759	  0.127163	  0.120837
   169	     0	0.000332201	0.000513228	  0.001134	0.00285625	0.00733285	 0.0177106	 0.0371908	 0.0653581	 0.0983406	  0.133343	  0.168894	  0.203801	  0.236677	  0.266489	   0.29238	  0.313888	  0.330859	  0.343779	  0.352948	  0.358968	  0.362284	  0.363916	  0.364477	  0.364859	  0.365417	  0.366128	  0.367367	  0.368863	  0.370464	  0.371697	  0.372155	  0.371888	  0.370704	  0.368429	  0.365607	  0.362095	  0.357805	  0.353015	  0.347738	  0.341811	  0.335318	  0.328401	  0.321151	  0.313647	  0.305985	  0.298185	  0.290247	  0.282172	   0.27402	  0.265818	  0.257599	  0.249389	  0.241204	  0.233046	  0.224914	  0.216811	   0.20874	  0.200707	  0.192725	  0.184812	   0.17699	  0.169285	  0.161721	  0.154322	  0.147109	  0.140103	  0.133321	  0.126778	  0.120486	  0.114456	  0.108693
   170	     0	0.00015133	0.000240145	0.000545999	 0.0014141	0.00378919	0.00992798	  0.023827	 0.0488257	 0.0829128	  0.121441	   0.16134	  0.200789	  0.238035	  0.271799	  0.301071	  0.325351	  0.344527	  0.359198	  0.369747	  0.376871	  0.381083	  0.383448	  0.384592	  0.385455	  0.386423	   0.38749	  0.389057	  0.390822	  0.392684	  0.394167	  0.394842	  0.394781	  0.393795	  0.391697	   0.38904	  0.385664	  0.381423	  0.376593	  0.371193	  0.365074	  0.358356	  0.351206	  0.343725	     0.336	  0.328141	  0.320159	   0.31205	  0.303815	  0.295519	  0.287193	   0.27887	  0.270575	  0.262312	  0.254077	  0.245861	  0.237663	  0.229477	  0.221303	  0.213148	  0.205026	   0.19696	   0.18897	  0.181081	  0.173317	  0.165701	  0.158255	  0.150999	  0.143953	  0.137135	  0.130561	  0.124242
   171	     0	0.000400625	0.000606028	0.00118482	0.00252446	0.00549925	 0.0117816	 0.0238917	   0.04424	  0.072865	  0.107589	  0.145706	  0.184853	  0.222721	  0.257671	  0.288393	  0.314186	  0.334818	  0.350843	  0.362631	  0.370886	  0.376134	  0.379445	  0.381472	  0.383141	  0.384848	  0.386604	  0.388822	   0.39118	  0.393586	  0.395582	  0.396746	  0.397172	  0.396667	  0.395028	  0.392804	  0.389827	  0.385914	   0.38132	  0.376068	   0.37004	  0.363372	  0.356245	  0.348767	  0.341032	  0.333153	   0.32514	   0.31699	  0.308708	  0.300363	  0.291988	  0.283618	  0.275276	  0.266962	  0.258669	  0.250389	  0.242117	  0.233845	  0.225571	  0.217301	   0.20905	  0.200837	  0.192684	  0.184614	  0.176651	  0.168818	  0.161139	  0.153635	  0.146328	  0.139237	  0.132382	  0.125778
   172	     0	0.00017046	0.000265873	0.000568961	0.00136254	0.00337354	0.00827072	 0.0191841	  0.039856	 0.0708263	  0.108629	  0.149321	  0.190186	  0.228973	  0.264142	  0.294524	  0.319568	  0.339183	  0.354057	   0.36464	  0.371697	  0.375807	  0.378089	  0.379196	  0.380082	  0.381135	  0.382344	  0.384097	  0.386092	  0.388237	  0.390062	   0.39115	  0.391566	  0.391114	  0.389576	  0.387472	  0.384648	  0.380925	  0.376534	  0.371485	   0.36566	  0.359203	   0.35229	  0.345028	  0.337509	   0.32984	   0.32203	  0.314077	  0.305989	  0.297836	  0.289654	  0.281476	  0.273325	  0.265202	  0.257097	  0.249003	  0.240916	  0.232827	  0.224734	  0.216641	  0.208562	  0.200516	  0.192522	  0.184602	   0.17678	  0.169077	  0.161515	  0.154117	  0.146903	  0.139894	  0.133109	  0.126564
   173	     0	0.000269781	0.000416264	0.000909468	0.00225871	0.00575967	 0.0140887	 0.0307725	 0.0570064	 0.0897177	   0.12559	  0.162666	  0.199489	   0.23445	  0.266365	  0.294266	  0.317635	  0.336292	   0.35072	  0.361228	  0.368433	  0.372793	  0.375328	  0.376664	  0.377699	  0.378813	  0.380003	  0.381669	  0.383543	  0.385535	  0.387185	  0.388042	  0.388153	  0.387339	   0.38546	  0.383065	  0.379997	  0.376066	  0.371504	  0.366325	  0.360384	  0.353791	   0.34671	   0.33925	  0.331504	  0.323599	  0.315559	  0.307384	  0.299077	  0.290699	  0.282277	  0.273845	   0.26543	  0.257043	  0.248686	  0.240353	  0.232043	  0.223756	  0.215493	  0.207265	  0.199089	  0.190987	  0.182986	  0.175109	  0.167383	   0.15983	  0.152472	  0.145329	  0.138418	  0.131753	  0.125347	  0.119211
   174	     0	0.000385671	0.000579628	0.00113748	 0.0024495	 0.0054057	 0.0117236	 0.0239797	  0.044542	 0.0732572	  0.107849	  0.145688	  0.184516	  0.222101	  0.256846	  0.287474	  0.313293	  0.334057	  0.350267	  0.362273	  0.370749	    0.3762	  0.379677	  0.381839	  0.383559	  0.385225	  0.386816	  0.388701	  0.390633	   0.39256	  0.394056	  0.394742	  0.394675	  0.393688	  0.391612	  0.388966	  0.385596	  0.381362	  0.376517	  0.371078	  0.364902	  0.358108	  0.350864	  0.343276	  0.335435	  0.327447	  0.319328	  0.311073	  0.302687	  0.294236	  0.285753	  0.277271	  0.268814	  0.260389	  0.251989	  0.243609	  0.235244	  0.226893	  0.218555	  0.210237	  0.201954	  0.193727	  0.185579	  0.177534	  0.169617	  0.161851	  0.154258	   0.14686	  0.139677	  0.132728	  0.126028	   0.11959
   175	     0	0.000169538	0.00026567	0.000573584	0.00138613	0.00345778	 0.0085101	 0.0196775	 0.0403917	 0.0706061	  0.106818	  0.145614	  0.184734	  0.222153	  0.256446	  0.286454	  0.311568	  0.331603	  0.347137	  0.358534	  0.366483	  0.371499	  0.374648	  0.376565	   0.37817	  0.379854	  0.381623	  0.383896	  0.386344	  0.388879	  0.391045	  0.392421	  0.393102	  0.392889	  0.391561	  0.389659	  0.387018	  0.383442	  0.379155	  0.374174	  0.368387	  0.361948	  0.355042	  0.347778	  0.340253	  0.332581	   0.32477	  0.316818	  0.308733	  0.300587	  0.292413	  0.284247	  0.276109	  0.268001	  0.259913	  0.251836	  0.243764	  0.235688	  0.227603	  0.219516	  0.211441	  0.203397	  0.195404	  0.187484	  0.179661	  0.171956	  0.164393	  0.156993	  0.149776	  0.142765	  0.135976	  0.129427
   176	     0	0.000352927	0.00052318	0.00101131	0.00215344	0.00472134	 0.0102387	 0.0211355	 0.0399772	 0.0671509	  0.100584	  0.137457	  0.175343	  0.212009	  0.245842	  0.275583	   0.30055	  0.320518	  0.336001	  0.347368	  0.355298	  0.360295	  0.363422	  0.365333	  0.366916	  0.368539	  0.370188	  0.372243	  0.374432	  0.376642	  0.378436	  0.379442	   0.37973	  0.379114	    0.3774	   0.37511	  0.372103	  0.368245	  0.363781	  0.358722	  0.352928	  0.346518	  0.339655	  0.332439	  0.324957	   0.31731	  0.309514	  0.301568	  0.293482	  0.285319	  0.277113	  0.268899	  0.260699	  0.252522	  0.244362	  0.236214	  0.228076	  0.219945	   0.21182	  0.203711	  0.195635	  0.187613	  0.179669	  0.171826	  0.164109	  0.156542	  0.149147	  0.141944	  0.134953	  0.128193	  0.121677	   0.11542
   177	     0	0.000226731	0.00034922	0.000716852	0.00162694	0.00380508	0.00881837	 0.0194616	 0.0390841	 0.0685434	  0.105205	  0.145407	  0.186258	  0.225307	  0.260874	  0.291705	  0.317196	  0.337229	  0.352498	  0.363447	  0.370846	   0.37527	  0.377832	  0.379148	  0.380214	  0.381419	  0.382767	  0.384663	  0.386774	  0.388978	  0.390803	  0.391846	  0.392201	  0.391657	  0.389977	  0.387707	  0.384686	  0.380755	  0.376181	  0.370984	  0.365032	  0.358464	  0.351458	  0.344115	  0.336528	  0.328799	  0.320936	  0.312937	  0.304809	  0.296623	  0.288412	  0.280211	   0.27204	  0.263899	  0.255781	  0.247676	  0.239579	  0.231482	  0.223382	  0.215284	  0.207204	  0.199159	   0.19117	   0.18326	  0.175451	  0.167765	  0.160226	  0.152854	  0.145671	  0.138696	  0.131948	  0.125443
   178	     0	0.000331173	0.000503682	 0.0010341	0.00236389	 0.0055438	 0.0126575	 0.0266765	   0.04963	 0.0801765	  0.115438	  0.153027	  0.191079	  0.227681	  0.261429	  0.291182	  0.316315	  0.336591	  0.352467	  0.364262	   0.37261	   0.37797	  0.381361	  0.383429	  0.385066	  0.386664	  0.388225	  0.390157	  0.392184	  0.394191	  0.395724	  0.396381	  0.396232	  0.395085	  0.392779	   0.38989	  0.386262	  0.381773	  0.376714	  0.371107	  0.364799	  0.357881	   0.35051	  0.342786	  0.334802	  0.326667	  0.318405	  0.310015	  0.301496	  0.292909	  0.284283	  0.275649	  0.267035	  0.258454	  0.249904	  0.241383	   0.23289	  0.224424	  0.215989	  0.207596	  0.199263	  0.191013	  0.182873	  0.174867	  0.167022	  0.159361	  0.151905	  0.144673	  0.137684	   0.13095	  0.124484	  0.118295
   179	     0	0.000307199	0.000464251	0.000961724	0.00223967	0.00535558	 0.0123839	 0.0260745	 0.0477941	 0.0757437	  0.107417	    0.1411	  0.175475	  0.209056	  0.240633	  0.269131	  0.293857	  0.314431	  0.331096	  0.344019	  0.353684	  0.360425	  0.365161	  0.368481	  0.371202	  0.373687	  0.375932	  0.378336	  0.380674	   0.38286	  0.384501	  0.385223	  0.385095	  0.383948	  0.381669	   0.37884	  0.375323	  0.370972	   0.36606	  0.360616	  0.354479	  0.347723	  0.340488	   0.33287	  0.324959	  0.316873	  0.308646	  0.300281	  0.291782	  0.283205	  0.274576	  0.265928	  0.257291	  0.248685	  0.240116	  0.231589	  0.223104	  0.214665	  0.206281	  0.197962	  0.189729	  0.181607	  0.173623	  0.165802	   0.15817	  0.150748	  0.143555	  0.136608	  0.129921	  0.123502	   0.11736	  0.111499
   180	     0	0.000279558	0.000431816	0.000881913	0.00197975	0.00455913	 0.0103439	  0.022173	 0.0429706	 0.0728271	  0.108948	  0.148114	  0.187837	   0.22587	  0.260637	  0.290906	  0.316045	  0.335894	  0.351091	  0.362037	  0.369471	  0.373945	  0.376556	  0.377927	  0.379021	  0.380225	  0.381541	  0.383369	  0.385388	  0.387494	  0.389221	  0.390173	   0.39044	   0.38982	  0.388083	   0.38576	   0.38269	  0.378724	  0.374129	  0.368927	  0.362991	  0.356455	   0.34949	  0.342194	  0.334656	  0.326971	  0.319149	  0.311184	  0.303087	  0.294926	  0.286736	  0.278553	  0.270396	  0.262266	  0.254155	  0.246055	   0.23796	  0.229861	  0.221756	  0.213652	  0.205563	   0.19751	  0.189513	  0.181595	  0.173778	  0.166085	  0.158538	   0.15116	  0.143971	  0.136991	  0.130238	  0.123729
   181	     0	0.000169538	0.00026567	0.000573584	0.00138613	0.00345778	 0.0085101	 0.0196775	 0.0403917	 0.0706061	  0.106818	  0.145614	  0.184734	  0.222153	  0.256446	  0.286454	  0.311568	  0.331603	  0.347137	  0.358534	  0.366483	  0.371499	  0.374648	  0.376565	   0.37817	  0.379854	  0.381623	  0.383896	  0.386344	  0.388879	  0.391045	  0.392421	  0.393102	  0.392889	  0.391561	  0.389659	  0.387018	  0.383442	  0.379155	  0.374174	  0.368387	  0.361948	  0.355042	  0.347778	  0.340253	  0.332581	   0.32477	  0.316818	  0.308733	  0.300587	  0.292413	  0.284247	  0.276109	  0.268001	  0.259913	  0.251836	  0.243764	  0.235688	  0.227603	  0.219516	  0.211441	  0.203397	  0.195404	  0.187484	  0.179661	  0.171956	  0.164393	  0.156993	  0.149776	  0.142765	  0.135976	  0.129427
   182	     0	0.000247077	0.000395437	0.000868119	 0.0021158	0.00528038	 0.0128437	  0.028786	 0.0561952	 0.0931527	   0.13497	  0.178018	  0.219969	  0.258753	  0.293059	  0.321923	  0.344987	  0.362332	  0.374867	  0.383092	  0.387854	  0.389804	  0.390109	  0.389354	  0.388629	  0.388339	  0.388485	  0.389478	   0.39091	  0.392645	  0.394141	  0.394937	  0.395136	  0.394492	  0.392708	  0.390338	  0.387204	  0.383143	  0.378438	  0.373119	  0.367071	  0.360452	  0.353439	  0.346132	  0.338618	  0.330984	  0.323226	  0.315343	  0.307341	  0.299298	  0.291248	  0.283224	  0.275243	  0.267298	  0.259378	  0.251476	  0.243585	  0.235695	  0.227801	  0.219905	  0.212017	  0.204149	  0.196317	  0.188538	  0.180829	  0.173212	  0.165707	  0.158334	  0.151116	  0.144074	  0.137229	    0.1306
   183	     0	0.000268967	0.000425345	0.000908312	0.00214333	 0.0051819	 0.0122673	 0.0270536	 0.0527868	 0.0884406	  0.129824	  0.173126	  0.215739	  0.255424	  0.290739	  0.320645	  0.344731	  0.363049	  0.376464	  0.385478	  0.390931	   0.39347	  0.394258	  0.393887	  0.393429	  0.393294	  0.393487	  0.394407	  0.395706	  0.397304	  0.398683	  0.399375	   0.39945	  0.398696	  0.396871	  0.394507	  0.391423	  0.387419	  0.382758	  0.377464	  0.371417	  0.364767	   0.35769	  0.350288	  0.342652	  0.334886	  0.326992	  0.318969	  0.310823	   0.30263	  0.294423	  0.286238	  0.278092	  0.269982	  0.261896	  0.253827	  0.245764	  0.237699	  0.229625	  0.221546	  0.213473	  0.205422	  0.197412	  0.189461	   0.18159	  0.173821	  0.166174	  0.158673	  0.151337	  0.144189	  0.137249	  0.130536
   184	     0	0.00035572	0.00054763	0.00117308	0.00282983	 0.0069752	 0.0164326	 0.0345778	 0.0621956	 0.0960638	  0.132881	  0.170625	  0.207787	  0.242758	  0.274386	  0.301744	  0.324365	  0.342126	  0.355585	  0.365089	  0.371292	   0.37469	   0.37633	  0.376829	  0.377119	  0.377579	  0.378201	  0.379376	  0.380824	  0.382433	   0.38372	  0.384244	  0.384054	  0.382967	  0.380815	  0.378137	  0.374776	  0.370589	  0.365843	  0.360552	  0.354563	  0.347978	  0.340955	  0.333587	  0.325962	  0.318185	  0.310274	  0.302228	  0.294049	  0.285799	  0.277508	  0.269209	  0.260928	  0.252673	  0.244444	  0.236235	  0.228045	  0.219872	  0.211718	  0.203593	  0.195514	  0.187503	  0.179586	  0.171785	  0.164127	  0.156634	  0.149328	  0.142228	  0.135352	  0.128716	  0.122332	  0.116211
   185	     0	0.000339706	0.000518177	0.00105631	0.00238555	0.00552821	 0.0125308	 0.0264513	 0.0496966	  0.081205	  0.117756	  0.156462	  0.195212	  0.232055	   0.26559	   0.29472	  0.318887	  0.337945	  0.352486	  0.362894	  0.369872	  0.373943	   0.37618	  0.377205	  0.377972	  0.378864	  0.379882	  0.381424	  0.383191	  0.385075	  0.386602	  0.387343	  0.387363	  0.386481	  0.384519	  0.382015	  0.378808	  0.374738	   0.37008	  0.364855	  0.358921	  0.352387	  0.345415	  0.338097	  0.330519	  0.322788	   0.31492	   0.30691	  0.298764	  0.290547	   0.28229	  0.274027	  0.265782	  0.257561	  0.249361	  0.241173	  0.232995	  0.224821	  0.216651	  0.208494	  0.200366	   0.19229	   0.18429	  0.176391	  0.168616	   0.16099	  0.153536	  0.146273	   0.13922	  0.132397	  0.125817	  0.119493
   186	     0	0.000170386	0.000273171	0.000610852	0.00153134	0.00395684	 0.0100474	 0.0237385	 0.0489649	 0.0847258	  0.126057	  0.168836	  0.210629	  0.249444	   0.28396	  0.313198	  0.336763	  0.354697	  0.367839	  0.376679	  0.382037	  0.384541	  0.385344	  0.385035	  0.384682	  0.384678	  0.385026	  0.386124	  0.387616	  0.389395	  0.390944	  0.391797	  0.392028	  0.391424	   0.38975	  0.387538	  0.384613	  0.380779	    0.3763	  0.371199	  0.365352	  0.358904	  0.352029	  0.344824	  0.337379	  0.329798	  0.322085	  0.314236	   0.30626	  0.298228	  0.290175	  0.282134	  0.274126	  0.266148	  0.258189	  0.250243	  0.242301	  0.234354	  0.226398	  0.218437	  0.210484	  0.202555	  0.194669	  0.186846	  0.179107	  0.171475	   0.16397	  0.156614	  0.149428	  0.142433	  0.135648	  0.129091
   187	     0	0.000188318	0.000293871	0.000622369	0.00146518	0.00355314	0.00850224	 0.0191786	  0.038754	 0.0674845	  0.102589	  0.141048	  0.180625	  0.219175	  0.255125	  0.287168	  0.314557	  0.336979	  0.354855	  0.368489	  0.378517	  0.385398	  0.390145	  0.393424	  0.396091	  0.398552	  0.400822	  0.403324	  0.405778	  0.408151	   0.41002	  0.410978	  0.411114	  0.410259	  0.408257	  0.405674	  0.402337	  0.398068	  0.393141	  0.387585	  0.381268	  0.374312	  0.366893	  0.359121	   0.35109	  0.342922	  0.334632	  0.326213	  0.317668	  0.309063	   0.30043	  0.291802	  0.283205	  0.274644	  0.266112	    0.2576	  0.249103	  0.240613	  0.232128	  0.223656	  0.215211	  0.206816	  0.198496	  0.190275	  0.182178	  0.174229	  0.166452	  0.158869	  0.151499	  0.144361	  0.137472	  0.130846
   188	     0	0.00015133	0.000240145	0.000545999	 0.0014141	0.00378919	0.00992798	  0.023827	 0.0488257	 0.0829128	  0.121441	   0.16134	  0.200789	  0.238035	  0.271799	  0.301071	  0.325351	  0.344527	  0.359198	  0.369747	  0.376871	  0.381083	  0.383448	  0.384592	  0.385455	  0.386423	   0.38749	  0.389057	  0.390822	  0.392684	  0.394167	  0.394842	  0.394781	  0.393795	  0.391697	   0.38904	  0.385664	  0.381423	  0.376593	  0.371193	  0.365074	  0.358356	  0.351206	  0.343725	     0.336	  0.328141	  0.320159	   0.31205	  0.303815	  0.295519	  0.287193	   0.27887	  0.270575	  0.262312	  0.254077	  0.245861	  0.237663	  0.229477	  0.221303	  0.213148	  0.205026	   0.19696	   0.18897	  0.181081	  0.173317	  0.165701	  0.158255	  0.150999	  0.143953	  0.137135	  0.130561	  0.124242
   189	     0	0.00015133	0.000240145	0.000545999	 0.0014141	0.00378919	0.00992798	  0.023827	 0.0488257	 0.0829128	  0.121441	   0.16134	  0.200789	  0.238035	  0.271799	  0.301071	  0.325351	  0.344527	  0.359198	  0.369747	  0.376871	  0.381083	  0.383448	  0.384592	  0.385455	  0.386423	   0.38749	  0.389057	  0.390822	  0.392684	  0.394167	  0.394842	  0.394781	  0.393795	  0.391697	   0.38904	  0.385664	  0.381423	  0.376593	  0.371193	  0.365074	  0.358356	  0.351206	  0.343725	     0.336	  0.328141	  0.320159	   0.31205	  0.303815	  0.295519	  0.287193	   0.27887	  0.270575	  0.262312	  0.254077	  0.245861	  0.237663	  0.229477	  0.221303	  0.213148	  0.205026	   0.19696	   0.18897	  0.181081	  0.173317	  0.165701	  0.158255	  0.150999	  0.143953	  0.137135	  0.130561	  0.124242
   190	     0	0.000295557	0.000444782	0.000908918	0.00208273	0.00491824	 0.0113476	  0.024237	 0.0456675	 0.0743748	  0.107414	  0.142429	  0.177747	  0.211728	  0.243109	  0.270834	  0.294291	  0.313226	  0.328075	  0.339112	   0.34693	   0.35195	  0.355172	  0.357166	  0.358835	  0.360529	  0.362237	  0.364346	  0.366577	  0.368794	  0.370569	  0.371526	  0.371744	  0.371037	   0.36923	  0.366868	  0.363806	  0.359906	   0.35543	  0.350397	  0.344645	  0.338278	  0.331453	  0.324269	  0.316814	  0.309195	  0.301434	  0.293531	  0.285494	  0.277381	  0.269224	  0.261054	  0.252898	  0.244766	  0.236659	  0.228573	  0.220507	  0.212461	  0.204439	  0.196451	  0.188516	  0.180658	  0.172901	  0.165271	  0.157792	  0.150486	  0.143375	  0.136478	  0.129811	  0.123388	   0.11722	  0.111317
   191	     0	0.000375349	0.00057027	0.00119438	 0.0028134	 0.0067858	  0.015729	 0.0328823	 0.0593331	 0.0922872	   0.12846	  0.165685	  0.202362	   0.23683	  0.267921	  0.294705	  0.316721	  0.333871	  0.346742	  0.355696	  0.361404	  0.364374	  0.365674	  0.365918	  0.366035	  0.366386	  0.366945	  0.368074	  0.369505	  0.371106	  0.372403	  0.372991	  0.372913	  0.371979	  0.369989	   0.36745	  0.364221	  0.360192	  0.355616	  0.350497	  0.344679	  0.338274	  0.331435	   0.32426	  0.316835	  0.309252	  0.301529	  0.293665	  0.285666	  0.277594	  0.269481	   0.26136	  0.253256	  0.245176	  0.237119	   0.22908	  0.221058	  0.213054	  0.205068	  0.197112	    0.1892	  0.181356	  0.173602	  0.165962	  0.158459	  0.151117	  0.143956	  0.136996	  0.130256	   0.12375	  0.117493	  0.111495
   192	     0	0.000391279	0.000579856	0.00109881	0.00226816	0.00480134	 0.0100567	 0.0201534	 0.0374127	 0.0624896	 0.0939508	  0.129412	  0.166551	  0.203047	  0.237201	  0.267623	  0.293515	  0.314546	  0.331177	  0.343717	  0.352813	  0.358936	  0.363124	  0.365992	  0.368451	  0.370881	  0.373293	  0.376106	  0.378994	  0.381838	  0.384215	  0.385744	  0.386541	  0.386405	   0.38511	  0.383207	  0.380539	  0.376931	  0.372619	  0.367623	  0.361817	  0.355346	  0.348394	  0.341075	  0.333489	  0.325747	  0.317865	  0.309841	  0.301684	  0.293463	  0.285211	  0.276962	  0.268739	  0.260543	  0.252368	  0.244206	  0.236052	    0.2279	  0.219748	  0.211604	  0.203483	  0.195406	  0.187395	  0.179475	  0.171667	  0.163998	  0.156488	   0.14916	  0.142034	  0.135129	  0.128464	  0.122052
   193	     0	0.000333499	0.000508636	0.00104669	0.00239664	0.00563042	 0.0128902	  0.027276	 0.0509333	 0.0823827	  0.118386	  0.156309	  0.194242	  0.230319	  0.263205	  0.291829	  0.315632	  0.334457	  0.348866	  0.359223	  0.366208	  0.370331	  0.372655	  0.373812	  0.374719	   0.37575	  0.376891	  0.378526	  0.380364	  0.382308	   0.38389	  0.384692	   0.38478	  0.383973	  0.382082	  0.379636	   0.37648	  0.372462	  0.367837	  0.362621	  0.356677	  0.350127	  0.343138	  0.335809	   0.32823	  0.320505	  0.312646	   0.30465	   0.29652	  0.288323	  0.280091	  0.271856	  0.263642	  0.255455	  0.247289	  0.239138	  0.231001	  0.222875	  0.214758	  0.206659	  0.198591	  0.190576	  0.182636	  0.174793	  0.167071	  0.159494	  0.152083	   0.14486	  0.137844	  0.131053	  0.124504	   0.11821
   194	     0	0.000323136	0.000489381	0.000972794	0.00212569	0.00476992	 0.0105583	 0.0221515	 0.0423185	 0.0713473	  0.106892	  0.145944	   0.18594	  0.224469	  0.259851	  0.290791	   0.31663	  0.337186	  0.353058	  0.364645	  0.372674	  0.377685	  0.380762	  0.382551	  0.383989	  0.385473	  0.387006	  0.388988	  0.391121	  0.393313	  0.395108	  0.396101	  0.396372	  0.395726	  0.393953	  0.391591	   0.38848	  0.384464	  0.379795	  0.374489	  0.368415	  0.361705	  0.354539	  0.347023	  0.339254	  0.331339	  0.323292	  0.315111	  0.306799	  0.298427	  0.290027	  0.281633	  0.273269	  0.264937	  0.256629	  0.248337	  0.240056	   0.23178	  0.223507	  0.215243	  0.207003	  0.198807	  0.190679	  0.182641	  0.174717	  0.166931	  0.159305	  0.151862	  0.144622	  0.137604	  0.130826	  0.124303
   195	     0	0.000315069	0.00048599	0.00107259	0.00270315	0.00696987	 0.0170277	 0.0364472	 0.0653257	 0.0996187	  0.136035	   0.17283	  0.208706	  0.242222	  0.272341	  0.298228	  0.319471	  0.335976	  0.348305	  0.356804	  0.362114	  0.364728	  0.365699	  0.365643	  0.365476	  0.365556	  0.365858	  0.366748	  0.367972	  0.369409	  0.370581	  0.371065	  0.370889	  0.369871	  0.367839	  0.365298	  0.362106	  0.358141	  0.353647	  0.348624	  0.342915	  0.336621	  0.329889	  0.322813	  0.315474	  0.307971	  0.300322	  0.292529	  0.284595	  0.276584	  0.268526	  0.260453	  0.252391	  0.244352	  0.236334	  0.228334	  0.220351	  0.212385	   0.20444	  0.196524	  0.188655	  0.180857	  0.173152	  0.165566	  0.158121	   0.15084	  0.143745	  0.136854	  0.130185	  0.123751	  0.117566	  0.111639
   196	     0	0.000325038	0.000483808	0.000940014	0.00201049	0.00442788	0.00966006	 0.0201193	 0.0385266	    0.0656	 0.0994571	  0.137194	  0.176175	  0.213927	  0.248718	   0.27922	  0.304747	  0.325099	  0.340852	  0.352401	  0.360458	  0.365553	  0.368768	   0.37074	  0.372394	  0.374111	  0.375879	  0.378088	  0.380446	  0.382846	  0.384852	  0.386076	  0.386601	  0.386227	  0.384734	  0.382645	  0.379814	   0.37608	  0.371672	  0.366599	  0.360731	  0.354211	   0.34722	  0.339869	  0.332258	  0.324493	  0.316588	  0.308544	  0.300368	  0.292129	  0.283861	  0.275597	   0.26736	  0.259154	   0.25097	  0.242802	  0.234646	  0.226498	  0.218355	  0.210224	  0.202119	   0.19406	  0.186068	  0.178166	  0.170377	  0.162724	   0.15523	  0.147916	  0.140803	   0.13391	  0.127254	   0.12085
   197	     0	0.000206522	0.000328125	0.000736583	 0.0018672	0.00487103	 0.0123504	 0.0285046	 0.0561822	 0.0926427	  0.133056	  0.174291	  0.214452	  0.251745	  0.284961	  0.313177	  0.336003	  0.353448	  0.366266	  0.374906	  0.380137	  0.382551	  0.383275	  0.382935	  0.382527	  0.382441	  0.382665	  0.383585	  0.384884	  0.386456	  0.387788	   0.38843	  0.388438	  0.387609	  0.385724	  0.383296	  0.380165	  0.376176	  0.371586	  0.366406	  0.360504	  0.354016	  0.347107	  0.339874	  0.332403	  0.324793	  0.317049	  0.309167	  0.301155	  0.293082	   0.28498	  0.276884	  0.268816	  0.260777	  0.252757	  0.244751	  0.236754	  0.228757	   0.22076	  0.212766	   0.20479	   0.19685	  0.188965	  0.181159	  0.173452	  0.165866	  0.158425	  0.151149	  0.144058	  0.137173	  0.130511	  0.124089
   198	     0	0.00015133	0.000240145	0.000545999	 0.0014141	0.00378919	0.00992798	  0.023827	 0.0488257	 0.0829128	  0.121441	   0.16134	  0.200789	  0.238035	  0.271799	  0.301071	  0.325351	  0.344527	  0.359198	  0.369747	  0.376871	  0.381083	  0.383448	  0.384592	  0.385455	  0.386423	   0.38749	  0.389057	  0.390822	  0.392684	  0.394167	  0.394842	  0.394781	  0.393795	  0.391697	   0.38904	  0.385664	  0.381423	  0.376593	  0.371193	  0.365074	  0.358356	  0.351206	  0.343725	     0.336	  0.328141	  0.320159	   0.31205	  0.303815	  0.295519	  0.287193	   0.27887	  0.270575	  0.262312	  0.254077	  0.245861	  0.237663	  0.229477	  0.221303	  0.213148	  0.205026	   0.19696	   0.18897	  0.181081	  0.173317	  0.165701	  0.158255	  0.150999	  0.143953	  0.137135	  0.130561	  0.124242
   199	     0	0.00015133	0.000240145	0.000545999	 0.0014141	0.00378919	0.00992798	  0.023827	 0.0488257	 0.0829128	  0.121441	   0.16134	  0.200789	  0.238035	  0.271799	  0.301071	  0.325351	  0.344527	  0.359198	  0.369747	  0.376871	  0.381083	  0.383448	  0.384592	  0.385455	  0.386423	   0.38749	  0.389057	  0.390822	  0.392684	  0.394167	  0.394842	  0.394781	  0.393795	  0.391697	   0.38904	  0.385664	  0.381423	  0.376593	  0.371193	  0.365074	  0.358356	  0.351206	  0.343725	     0.336	  0.328141	  0.320159	   0.31205	  0.303815	  0.295519	  0.287193	   0.27887	  0.270575	  0.262312	  0.254077	  0.245861	  0.237663	  0.229477	  0.221303	  0.213148	  0.205026	   0.19696	   0.18897	  0.181081	  0.173317	  0.165701	  0.158255	  0.150999	  0.143953	  0.137135	  0.130561	  0.124242
   200	     0	0.000345079	0.000530547	0.00111932	0.00264367	0.00639986	 0.0149907	 0.0320027	 0.0593582	 0.0946323	  0.134043	  0.174796	  0.214846	  0.252221	  0.285642	  0.314165	  0.337393	  0.355317	  0.368642	  0.377803	  0.383543	  0.386428	  0.387561	   0.38757	  0.387432	  0.387539	  0.387874	  0.388816	  0.390067	  0.391498	  0.392601	   0.39296	  0.392628	  0.391395	  0.389038	  0.386092	  0.382401	  0.377878	  0.372813	  0.367218	  0.360935	  0.354081	  0.346819	  0.339249	   0.33146	  0.323541	  0.315503	  0.307341	  0.299057	  0.290718	  0.282352	  0.273995	  0.265668	  0.257377	  0.249115	  0.240876	  0.232658	  0.224457	  0.216273	  0.208114	  0.199994	  0.191932	  0.183952	  0.176076	  0.168327	  0.160729	  0.153303	   0.14607	  0.139049	  0.132259	  0.125715	   0.11943
   201	     0	0.000169538	0.00026567	0.000573584	0.00138613	0.00345778	 0.0085101	 0.0196775	 0.0403917	 0.0706061	  0.106818	  0.145614	  0.184734	  0.222153	  0.256446	  0.286454	  0.311568	  0.331603	  0.347137	  0.358534	  0.366483	  0.371499	  0.374648	  0.376565	   0.37817	  0.379854	  0.381623	  0.383896	  0.386344	  0.388879	  0.391045	  0.392421	  0.393102	  0.392889	  0.391561	  0.389659	  0.387018	  0.383442	  0.379155	  0.374174	  0.368387	  0.361948	  0.355042	  0.347778	  0.340253	  0.332581	   0.32477	  0.316818	  0.308733	  0.300587	  0.292413	  0.284247	  0.276109	  0.268001	  0.259913	  0.251836	  0.243764	  0.235688	  0.227603	  0.219516	  0.211441	  0.203397	  0.195404	  0.187484	  0.179661	  0.171956	  0.164393	  0.156993	  0.149776	  0.142765	  0.135976	  0.129427
   202	     0	0.00015133	0.000240145	0.000545999	 0.0014141	0.00378919	0.00992798	  0.023827	 0.0488257	 0.0829128	  0.121441	   0.16134	  0.200789	  0.238035	  0.271799	  0.301071	  0.325351	  0.344527	  0.359198	  0.369747	  0.376871	  0.381083	  0.383448	  0.384592	  0.385455	  0.386423	   0.38749	  0.389057	  0.390822	  0.392684	  0.394167	  0.394842	  0.394781	  0.393795	  0.391697	   0.38904	  0.385664	  0.381423	  0.376593	  0.371193	  0.365074	  0.358356	  0.351206	  0.343725	     0.336	  0.328141	  0.320159	   0.31205	  0.303815	  0.295519	  0.287193	   0.27887	  0.270575	  0.262312	  0.254077	  0.245861	  0.237663	  0.229477	  0.221303	  0.213148	  0.205026	   0.19696	   0.18897	  0.181081	  0.173317	  0.165701	  0.158255	  0.150999	  0.143953	  0.137135	  0.130561	  0.124242
   203	     0	0.000258137	0.000386767	0.000770174	0.00170307	0.00388742	0.00877763	 0.0188053	 0.0366094	 0.0625596	 0.0945227	  0.129854	   0.16643	  0.202251	  0.235798	  0.265806	  0.291517	  0.312591	  0.329408	  0.342238	  0.351675	  0.358144	  0.362645	  0.365795	  0.368457	  0.370998	  0.373417	  0.376115	  0.378826	   0.38147	  0.383646	  0.384966	  0.385514	  0.385118	  0.383619	  0.381562	  0.378795	  0.375127	  0.370791	  0.365802	  0.360024	  0.353576	  0.346632	  0.339301	   0.33168	   0.32389	  0.315955	  0.307875	  0.299656	  0.291362	  0.283025	  0.274678	  0.266347	  0.258042	  0.249758	   0.24149	  0.233235	  0.224989	  0.216751	  0.208532	  0.200349	  0.192226	  0.184189	  0.176262	  0.168472	  0.160842	  0.153395	  0.146151	   0.13913	  0.132346	  0.125816	   0.11955
   204	     0	0.000265159	0.000400311	0.000821063	0.00188707	0.00447545	 0.0104175	 0.0226171	 0.0435985	 0.0726187	    0.1067	   0.14315	  0.179997	  0.215342	  0.247809	  0.276287	  0.300175	   0.31927	  0.334097	  0.344983	  0.352577	  0.357349	  0.360336	  0.362131	  0.363652	  0.365264	  0.366954	  0.369119	  0.371448	  0.373802	  0.375742	  0.376881	  0.377318	  0.376847	  0.375246	  0.373053	  0.370122	  0.366312	  0.361872	  0.356816	  0.350996	  0.344545	   0.33764	  0.330389	  0.322887	  0.315237	  0.307456	  0.299541	    0.2915	  0.283397	  0.275265	  0.267136	  0.259033	  0.250961	  0.242915	  0.234889	  0.226881	  0.218888	  0.210911	  0.202957	  0.195041	  0.187184	  0.179406	  0.171731	  0.164183	  0.156783	  0.149554	  0.142516	  0.135688	  0.129088	   0.12273	  0.116628
   205	     0	0.000247077	0.000395437	0.000868119	 0.0021158	0.00528038	 0.0128437	  0.028786	 0.0561952	 0.0931527	   0.13497	  0.178018	  0.219969	  0.258753	  0.293059	  0.321923	  0.344987	  0.362332	  0.374867	  0.383092	  0.387854	  0.389804	  0.390109	  0.389354	  0.388629	  0.388339	  0.388485	  0.389478	   0.39091	  0.392645	  0.394141	  0.394937	  0.395136	  0.394492	  0.392708	  0.390338	  0.387204	  0.383143	  0.378438	  0.373119	  0.367071	  0.360452	  0.353439	  0.346132	  0.338618	  0.330984	  0.323226	  0.315343	  0.307341	  0.299298	  0.291248	  0.283224	  0.275243	  0.267298	  0.259378	  0.251476	  0.243585	  0.235695	  0.227801	  0.219905	  0.212017	  0.204149	  0.196317	  0.188538	  0.180829	  0.173212	  0.165707	  0.158334	  0.151116	  0.144074	  0.137229	    0.1306
   206	     0	0.000196439	0.000301017	0.000651022	 0.0016046	0.00408894	 0.0101347	 0.0228813	  0.044356	 0.0726592	  0.104674	  0.138448	  0.172691	  0.205995	  0.237181	  0.265207	  0.289411	  0.309441	  0.325573	  0.337998	  0.347217	  0.353577	  0.358018	  0.361156	  0.363794	  0.366283	  0.368612	  0.371168	  0.373719	  0.376161	  0.378097	  0.379146	  0.379367	   0.37859	  0.376696	  0.374254	  0.371129	  0.367166	  0.362611	  0.357485	  0.351641	   0.34516	  0.338185	  0.330815	  0.323139	  0.315277	  0.307262	  0.299098	  0.290789	  0.282393	  0.273935	   0.26545	  0.256968	  0.248507	  0.240076	  0.231676	  0.223309	  0.214979	  0.206693	  0.198464	  0.190312	  0.182261	   0.17434	  0.166574	  0.158988	  0.151606	  0.144446	  0.137526	  0.130859	  0.124457	  0.118327	  0.112473
   207	     0	0.000330726	0.000505947	0.00108081	0.00261189	0.00647567	 0.0154255	 0.0329959	 0.0603583	 0.0943237	  0.131263	  0.168939	  0.205793	  0.240235	  0.271143	  0.297635	  0.319293	  0.336047	  0.348508	  0.357059	  0.362385	  0.365001	  0.365981	  0.365955	  0.365857	  0.366046	  0.366501	  0.367601	  0.369038	  0.370659	  0.371965	  0.372536	  0.372438	   0.37147	  0.369419	  0.366811	  0.363502	  0.359392	   0.35475	  0.349584	  0.343743	  0.337339	  0.330527	  0.323399	  0.316035	  0.308525	  0.300882	    0.2931	  0.285187	  0.277205	  0.269184	  0.261157	  0.253148	  0.245164	  0.237201	  0.229256	  0.221327	  0.213414	  0.205519	  0.197649	  0.189821	  0.182054	   0.17437	  0.166791	  0.159342	  0.152043	  0.144917	  0.137983	   0.13126	  0.124764	   0.11851	  0.112509
   208	     0	0.000326953	0.000505049	0.00107336	0.00255422	0.00622677	 0.0146744	 0.0314526	 0.0583604	 0.0927934	  0.130931	  0.170141	  0.208605	   0.24453	  0.276703	  0.304181	  0.326538	  0.343732	  0.356466	  0.365151	   0.37052	  0.373132	   0.37409	  0.374006	  0.373867	  0.374054	  0.374563	  0.375793	  0.377402	  0.379256	   0.38085	  0.381729	  0.381971	  0.381367	  0.379684	  0.377449	  0.374504	  0.370684	  0.366236	  0.361175	  0.355367	  0.348954	  0.342108	  0.334931	  0.327511	  0.319949	  0.312254	  0.304423	  0.296463	  0.288444	  0.280397	  0.272357	  0.264344	  0.256361	  0.248398	   0.24045	  0.232513	   0.22458	  0.216649	  0.208726	  0.200824	  0.192961	  0.185158	  0.177435	  0.169815	   0.16232	  0.154971	  0.147791	  0.140799	  0.134015	  0.127456	  0.121137
   209	     0	0.000401982	0.000615729	0.00127661	0.00294197	0.00691783	 0.0156678	 0.0322649	 0.0580142	 0.0906691	   0.12723	  0.165519	  0.203823	  0.240334	  0.273753	  0.303025	  0.327585	  0.347238	  0.362476	  0.373623	  0.381323	  0.386049	  0.388825	  0.390296	  0.391364	  0.392429	  0.393506	  0.395011	  0.396661	  0.398375	  0.399681	  0.400136	  0.399803	  0.398506	    0.3961	  0.393153	    0.3895	  0.384984	  0.379899	  0.374272	  0.367951	  0.361032	  0.353672	  0.345966	     0.338	   0.32989	  0.321654	   0.31329	  0.304798	  0.296239	  0.287643	  0.279042	  0.270463	  0.261916	  0.253399	  0.244907	  0.236436	  0.227984	  0.219553	  0.211152	  0.202798	  0.194515	  0.186329	  0.178266	   0.17035	  0.162606	  0.155056	   0.14772	  0.140616	  0.133759	  0.127163	  0.120837
   210	     0	0.00015133	0.000240145	0.000545999	 0.0014141	0.00378919	0.00992798	  0.023827	 0.0488257	 0.0829128	  0.121441	   0.16134	  0.200789	  0.238035	  0.271799	  0.301071	  0.325351	  0.344527	  0.359198	  0.369747	  0.376871	  0.381083	  0.383448	  0.384592	  0.385455	  0.386423	   0.38749	  0.389057	  0.390822	  0.392684	  0.394167	  0.394842	  0.394781	  0.393795	  0.391697	   0.38904	  0.385664	  0.381423	  0.376593	  0.371193	  0.365074	  0.358356	  0.351206	  0.343725	     0.336	  0.328141	  0.320159	   0.31205	  0.303815	  0.295519	  0.287193	   0.27887	  0.270575	  0.262312	  0.254077	  0.245861	  0.237663	  0.229477	  0.221303	  0.213148	  0.205026	   0.19696	   0.18897	  0.181081	  0.173317	  0.165701	  0.158255	  0.150999	  0.143953	  0.137135	  0.130561	  0.124242
   211	     0	0.000388367	0.000581944	  0.001146	0.00248817	0.00554437	  0.012127	 0.0249208	 0.0462266	 0.0755434	  0.110263	  0.147672	  0.185607	  0.222019	  0.255436	  0.284689	  0.309155	  0.328637	  0.343676	   0.35463	  0.362177	  0.366817	  0.369608	  0.371165	  0.372413	  0.373725	  0.375096	   0.37692	  0.378901	   0.38093	  0.382551	  0.383368	  0.383464	  0.382653	  0.380735	   0.37825	  0.375044	  0.370976	  0.366315	   0.36108	  0.355125	  0.348568	  0.341576	  0.334245	  0.326663	  0.318932	  0.311065	  0.303061	  0.294925	  0.286722	  0.278485	  0.270246	   0.26203	  0.253842	  0.245676	  0.237526	   0.22939	  0.221264	  0.213147	  0.205047	   0.19698	  0.188968	  0.181032	  0.173197	  0.165486	  0.157923	   0.15053	  0.143327	  0.136334	  0.129569	  0.123047	  0.116781
   212	     0	0.000423866	0.000659556	0.00142939	0.00347459	0.00857681	 0.0200345	 0.0413124	 0.0724438	  0.109479	  0.148965	  0.188817	  0.227437	  0.263143	  0.294847	  0.321716	  0.343401	  0.359906	  0.371944	  0.379926	  0.384581	  0.386473	  0.386701	  0.385878	  0.384996	  0.384444	  0.384214	  0.384693	   0.38557	  0.386724	  0.387628	   0.38783	  0.387383	  0.386086	  0.383719	  0.380804	  0.377182	  0.372744	  0.367778	  0.362297	  0.356143	  0.349437	  0.342337	  0.334934	  0.327312	  0.319559	  0.311684	  0.303682	  0.295556	  0.287374	  0.279165	  0.270964	  0.262792	  0.254653	  0.246542	  0.238451	  0.230376	  0.222314	  0.214263	  0.206231	  0.198232	  0.190285	  0.182412	  0.174636	  0.166979	  0.159463	  0.152112	  0.144945	  0.137981	  0.131239	  0.124736	  0.118483
   213	     0	0.000283954	 0.0004402	0.000924244	0.00215651	  0.005168	 0.0121276	 0.0264896	 0.0511969	 0.0851453	  0.124421	  0.165523	  0.206018	  0.243757	  0.277351	  0.305782	  0.328639	  0.345958	   0.35858	  0.366989	  0.371999	  0.374232	  0.374843	  0.374424	  0.374025	  0.374034	  0.374444	  0.375653	  0.377284	  0.379168	  0.380784	  0.381713	  0.382053	  0.381558	  0.379923	  0.377681	  0.374671	  0.370772	   0.36625	  0.361123	  0.355267	  0.348833	  0.341993	  0.334848	  0.327485	  0.319985	   0.31235	  0.304579	  0.296685	  0.288739	  0.280777	  0.272832	  0.264922	  0.257044	  0.249188	  0.241347	  0.233517	   0.22569	  0.217861	  0.210037	  0.202228	   0.19445	  0.186719	  0.179055	  0.171477	  0.164006	  0.156663	  0.149468	  0.142444	   0.13561	  0.128987	  0.122591
   214	     0	0.00015133	0.000240145	0.000545999	 0.0014141	0.00378919	0.00992798	  0.023827	 0.0488257	 0.0829128	  0.121441	   0.16134	  0.200789	  0.238035	  0.271799	  0.301071	  0.325351	  0.344527	  0.359198	  0.369747	  0.376871	  0.381083	  0.383448	  0.384592	  0.385455	  0.386423	   0.38749	  0.389057	  0.390822	  0.392684	  0.394167	  0.394842	  0.394781	  0.393795	  0.391697	   0.38904	  0.385664	  0.381423	  0.376593	  0.371193	  0.365074	  0.358356	  0.351206	  0.343725	     0.336	  0.328141	  0.320159	   0.31205	  0.303815	  0.295519	  0.287193	   0.27887	  0.270575	  0.262312	  0.254077	  0.245861	  0.237663	  0.229477	  0.221303	  0.213148	  0.205026	   0.19696	   0.18897	  0.181081	  0.173317	  0.165701	  0.158255	  0.150999	  0.143953	  0.137135	  0.130561	  0.124242
   215	     0	0.000228388	0.000348714	0.000755269	0.00186935	0.00477613	 0.0117943	   0.02625	 0.0497479	 0.0797278	  0.112931	  0.147432	  0.181913	   0.21493	  0.245343	  0.272187	  0.294897	  0.313233	  0.327598	  0.338254	  0.345761	  0.350525	  0.353534	  0.355398	  0.356972	  0.358603	  0.360272	   0.36236	  0.364601	  0.366852	  0.368684	  0.369708	  0.369985	  0.369327	  0.367572	  0.365267	  0.362276	  0.358462	  0.354067	    0.3491	  0.343408	  0.337089	  0.330295	  0.323128	  0.315678	  0.308053	  0.300281	  0.292365	  0.284308	   0.27617	  0.267979	  0.259767	  0.251563	  0.243381	  0.235225	  0.227093	  0.218987	   0.21091	  0.202867	  0.194871	   0.18694	  0.179098	  0.171371	  0.163782	  0.156358	   0.14912	  0.142087	   0.13528	  0.128711	  0.122395	   0.11634	  0.110554
   216	     0	0.00015133	0.000240145	0.000545999	 0.0014141	0.00378919	0.00992798	  0.023827	 0.0488257	 0.0829128	  0.121441	   0.16134	  0.200789	  0.238035	  0.271799	  0.301071	  0.325351	  0.344527	  0.359198	  0.369747	  0.376871	  0.381083	  0.383448	  0.384592	  0.385455	  0.386423	   0.38749	  0.389057	  0.390822	  0.392684	  0.394167	  0.394842	  0.394781	  0.393795	  0.391697	   0.38904	  0.385664	  0.381423	  0.376593	  0.371193	  0.365074	  0.358356	  0.351206	  0.343725	     0.336	  0.328141	  0.320159	   0.31205	  0.303815	  0.295519	  0.287193	   0.27887	  0.270575	  0.262312	  0.254077	  0.245861	  0.237663	  0.229477	  0.221303	  0.213148	  0.205026	   0.19696	   0.18897	  0.181081	  0.173317	  0.165701	  0.158255	  0.150999	  0.143953	  0.137135	  0.130561	  0.124242
   217	     0	0.000419924	0.000651473	0.00142036	0.00348749	0.00868125	 0.0203117	 0.0415601	 0.0719818	  0.107707	  0.145754	  0.184345	  0.221996	  0.257054	  0.288446	   0.31532	  0.337282	  0.354276	  0.366927	  0.375599	  0.380975	  0.383576	  0.384472	  0.384281	  0.383941	   0.38384	  0.383959	  0.384677	  0.385716	  0.386985	  0.387988	  0.388278	  0.387898	  0.386662	  0.384377	  0.381558	  0.378049	   0.37372	  0.368834	  0.363398	  0.357259	  0.350537	  0.343395	  0.335933	  0.328238	  0.320409	  0.312459	  0.304381	  0.296181	  0.287922	  0.279636	  0.271356	  0.263104	  0.254887	    0.2467	  0.238535	  0.230391	  0.222265	  0.214156	  0.206071	  0.198025	  0.190038	  0.182131	  0.174328	  0.166651	  0.159123	  0.151766	  0.144601	  0.137646	  0.130919	  0.124437	   0.11821
   218	     0	0.000206934	0.000324726	0.00072638	0.00184766	0.00484163	 0.0122818	 0.0281222	 0.0545782	 0.0886378	  0.126034	  0.164242	  0.201676	  0.236707	  0.268197	  0.295234	   0.31738	  0.334567	   0.34745	  0.356404	  0.362122	  0.365125	   0.36649	   0.36681	  0.367053	  0.367588	   0.36841	  0.369917	  0.371764	  0.373799	  0.375532	  0.376537	  0.376903	  0.376413	   0.37482	  0.372654	  0.369762	  0.366004	  0.361629	  0.356649	  0.350924	  0.344594	  0.337832	  0.330739	  0.323406	   0.31593	  0.308319	  0.300572	  0.292697	  0.284762	  0.276799	  0.268842	  0.260912	  0.253011	  0.245132	  0.237269	  0.229418	  0.221573	  0.213734	  0.205906	  0.198105	  0.190349	  0.182659	  0.175055	  0.167562	    0.1602	  0.152992	  0.145957	  0.139117	  0.132488	  0.126089	  0.119933
   219	     0	0.000330369	0.000510964	0.00108056	 0.0025489	0.00615477	  0.014389	 0.0307254	 0.0571617	 0.0915619	  0.130378	  0.170914	  0.211133	  0.248994	  0.283152	  0.312579	  0.336809	  0.355772	  0.370127	   0.38028	  0.386959	  0.390705	  0.392598	  0.393275	  0.393699	  0.394281	  0.395034	  0.396377	  0.397978	  0.399728	  0.401124	  0.401721	  0.401598	  0.400549	  0.398357	  0.395585	  0.392063	  0.387654	  0.382643	  0.377047	  0.370723	  0.363797	  0.356446	  0.348772	  0.340868	  0.332839	  0.324696	  0.316432	  0.308052	   0.29962	  0.291169	  0.282731	  0.274329	  0.265967	  0.257636	  0.249328	  0.241038	  0.232761	  0.224493	  0.216241	   0.20802	   0.19985	  0.191754	  0.183755	  0.175875	   0.16814	  0.160571	   0.15319	  0.146016	  0.139069	  0.132365	  0.125918
   220	     0	0.000339706	0.000518177	0.00105631	0.00238555	0.00552821	 0.0125308	 0.0264513	 0.0496966	  0.081205	  0.117756	  0.156462	  0.195212	  0.232055	   0.26559	   0.29472	  0.318887	  0.337945	  0.352486	  0.362894	  0.369872	  0.373943	   0.37618	  0.377205	  0.377972	  0.378864	  0.379882	  0.381424	  0.383191	  0.385075	  0.386602	  0.387343	  0.387363	  0.386481	  0.384519	  0.382015	  0.378808	  0.374738	   0.37008	  0.364855	  0.358921	  0.352387	  0.345415	  0.338097	  0.330519	  0.322788	   0.31492	   0.30691	  0.298764	  0.290547	   0.28229	  0.274027	  0.265782	  0.257561	  0.249361	  0.241173	  0.232995	  0.224821	  0.216651	  0.208494	  0.200366	   0.19229	   0.18429	  0.176391	  0.168616	   0.16099	  0.153536	  0.146273	   0.13922	  0.132397	  0.125817	  0.119493
   221	     0	0.000283171	 0.0004366	0.000909905	0.00210657	0.00500619	 0.0116336	 0.0251225	 0.0480347	 0.0793505	  0.115822	  0.154599	  0.193589	   0.23075	  0.264667	  0.294208	  0.318795	  0.338274	  0.353242	  0.364072	  0.371463	  0.375938	  0.378567	  0.379985	   0.38113	  0.382396	   0.38379	  0.385729	  0.387879	   0.39013	   0.39201	   0.39309	  0.393463	  0.392926	  0.391257	  0.389002	  0.385999	  0.382083	  0.377506	  0.372286	  0.366296	  0.359675	  0.352605	  0.345192	  0.337531	   0.32973	  0.321798	  0.313733	   0.30554	  0.297287	  0.289007	  0.280735	  0.272492	   0.26428	  0.256092	  0.247919	  0.239757	  0.231598	   0.22344	   0.21529	  0.207162	  0.199076	  0.191053	  0.183116	  0.175289	  0.167595	  0.160056	  0.152695	   0.14553	  0.138583	  0.131871	  0.125409
   222	     0	0.000423866	0.000659556	0.00142939	0.00347459	0.00857681	 0.0200345	 0.0413124	 0.0724438	  0.109479	  0.148965	  0.188817	  0.227437	  0.263143	  0.294847	  0.321716	  0.343401	  0.359906	  0.371944	  0.379926	  0.384581	  0.386473	  0.386701	  0.385878	  0.384996	  0.384444	  0.384214	  0.384693	   0.38557	  0.386724	  0.387628	   0.38783	  0.387383	  0.386086	  0.383719	  0.380804	  0.377182	  0.372744	  0.367778	  0.362297	  0.356143	  0.349437	  0.342337	  0.334934	  0.327312	  0.319559	  0.311684	  0.303682	  0.295556	  0.287374	  0.279165	  0.270964	  0.262792	  0.254653	  0.246542	  0.238451	  0.230376	  0.222314	  0.214263	  0.206231	  0.198232	  0.190285	  0.182412	  0.174636	  0.166979	  0.159463	  0.152112	  0.144945	  0.137981	  0.131239	  0.124736	  0.118483
   223	     0	0.000290711	0.000440298	0.000893322	0.00201432	0.00467581	 0.0106689	 0.0228335	 0.0437717	 0.0730195	  0.107687	  0.144914	  0.182574	  0.218677	   0.25179	  0.280763	  0.304983	  0.324258	   0.33914	  0.349984	  0.357466	  0.362088	  0.364907	  0.366543	  0.367923	  0.369421	  0.371034	  0.373163	  0.375492	  0.377904	  0.379946	  0.381203	  0.381761	  0.381426	   0.37999	  0.377988	  0.375267	  0.371646	  0.367359	  0.362419	  0.356696	  0.350328	  0.343492	  0.336294	  0.328828	  0.321207	  0.313445	   0.30554	  0.297501	  0.289394	  0.281251	  0.273106	  0.264983	  0.256886	  0.248807	  0.240742	  0.232685	  0.224632	  0.216582	  0.208541	  0.200526	  0.192556	  0.184654	  0.176844	  0.169149	  0.161592	  0.154195	   0.14698	  0.139966	  0.133173	  0.126617	  0.120311
   224	     0	0.000467091	0.000722948	0.00158454	0.00391995	0.00975839	 0.0224358	 0.0442828	 0.0737443	  0.107189	  0.142472	  0.178342	  0.213621	  0.246883	  0.277111	  0.303445	  0.325413	  0.342844	  0.356183	  0.365712	  0.372019	  0.375545	  0.377294	   0.37792	  0.378273	  0.378728	  0.379263	  0.380256	  0.381462	  0.382771	  0.383702	  0.383834	    0.3832	  0.381621	  0.378953	  0.375744	  0.371849	  0.367181	  0.362033	  0.356421	  0.350186	  0.343402	  0.336204	  0.328677	  0.320901	  0.312973	  0.304911	  0.296715	  0.288384	  0.279975	  0.271515	  0.263037	  0.254569	  0.246128	  0.237717	  0.229336	  0.220989	  0.212681	  0.204418	  0.196212	  0.188081	  0.180049	  0.172141	  0.164382	  0.156795	  0.149403	  0.142225	  0.135279	  0.128581	  0.122142	  0.115971	  0.110076
   225	     0	0.00015133	0.000240145	0.000545999	 0.0014141	0.00378919	0.00992798	  0.023827	 0.0488257	 0.0829128	  0.121441	   0.16134	  0.200789	  0.238035	  0.271799	  0.301071	  0.325351	  0.344527	  0.359198	  0.369747	  0.376871	  0.381083	  0.383448	  0.384592	  0.385455	  0.386423	   0.38749	  0.389057	  0.390822	  0.392684	  0.394167	  0.394842	  0.394781	  0.393795	  0.391697	   0.38904	  0.385664	  0.381423	  0.376593	  0.371193	  0.365074	  0.358356	  0.351206	  0.343725	     0.336	  0.328141	  0.320159	   0.31205	  0.303815	  0.295519	  0.287193	   0.27887	  0.270575	  0.262312	  0.254077	  0.245861	  0.237663	  0.229477	  0.221303	  0.213148	  0.205026	   0.19696	   0.18897	  0.181081	  0.173317	  0.165701	  0.158255	  0.150999	  0.143953	  0.137135	  0.130561	  0.124242
   226	     0	0.00029693	0.000457164	0.000990408	0.00243284	0.00612231	 0.0147238	 0.0315043	 0.0572234	   0.08879	  0.123208	  0.158778	  0.194232	  0.228134	  0.259354	  0.286934	   0.31031	  0.329234	  0.344087	  0.355121	  0.362892	  0.367804	  0.370834	  0.372587	  0.373921	  0.375201	  0.376419	  0.377961	  0.379598	   0.38124	  0.382452	  0.382835	  0.382434	  0.381082	  0.378655	  0.375708	  0.372099	  0.367702	    0.3628	  0.357411	  0.351372	  0.344753	  0.337691	  0.330272	  0.322575	  0.314709	  0.306699	  0.298545	  0.290252	  0.281877	  0.273448	  0.264998	  0.256555	  0.248138	   0.23975	  0.231392	  0.223065	  0.214769	  0.206512	  0.198305	  0.190167	  0.182125	  0.174205	  0.166432	  0.158832	  0.151427	  0.144237	   0.13728	  0.130569	  0.124116	  0.117931	  0.112018
   227	     0	0.000402988	0.000616455	0.00126234	0.00286048	0.00662647	 0.0149052	 0.0308907	 0.0564972	 0.0898668	  0.127559	  0.166817	  0.205633	  0.242095	  0.274892	  0.303007	  0.325967	  0.343705	  0.356898	  0.365965	  0.371646	  0.374503	   0.37564	  0.375691	  0.375625	  0.375823	  0.376277	  0.377375	  0.378799	  0.380418	  0.381727	  0.382302	  0.382212	  0.381258	  0.379216	  0.376608	  0.373279	  0.369111	  0.364385	  0.359118	  0.353168	  0.346658	  0.339744	  0.332517	  0.325058	  0.317457	   0.30972	  0.301843	  0.293832	  0.285755	  0.277644	  0.269533	  0.261443	  0.253379	  0.245333	    0.2373	  0.229276	  0.221258	  0.213243	  0.205239	  0.197262	  0.189331	  0.181466	  0.173692	   0.16603	  0.158503	  0.151134	  0.143943	  0.136951	  0.130176	  0.123635	  0.117342
   228	     0	0.000310108	0.000460713	0.000887311	0.00187716	0.00409461	  0.008887	 0.0185668	 0.0360328	 0.0625837	 0.0966741	  0.135136	  0.174938	   0.21341	  0.248707	  0.279484	  0.305074	  0.325314	  0.340833	  0.352068	  0.359767	  0.364488	  0.367339	  0.368965	  0.370319	   0.37178	  0.373341	   0.37539	  0.377635	  0.379945	  0.381869	   0.38303	    0.3835	  0.383076	  0.381539	  0.379415	  0.376557	  0.372822	   0.36845	  0.363449	  0.357683	  0.351282	  0.344417	   0.33719	  0.329694	  0.322032	  0.314221	  0.306261	  0.298161	  0.289988	  0.281777	  0.273562	  0.265366	  0.257194	  0.249039	  0.240896	  0.232758	  0.224621	  0.216485	  0.208356	  0.200251	  0.192193	  0.184203	  0.176306	  0.168525	  0.160884	  0.153406	  0.146112	  0.139023	  0.132156	  0.125528	  0.119154
   229	     0	0.000215748	0.000338953	0.000768462	0.00199267	0.00531694	 0.0136219	 0.0310087	 0.0589869	 0.0937807	  0.131356	  0.169575	  0.207015	   0.24213	  0.273803	  0.301136	  0.323684	  0.341346	  0.354701	  0.364103	  0.370216	  0.373538	  0.375126	  0.375604	  0.375899	  0.376383	   0.37705	   0.37829	  0.379818	   0.38153	  0.382942	  0.383611	  0.383587	  0.382686	  0.380733	  0.378256	  0.375103	  0.371118	  0.366552	  0.361411	   0.35555	  0.349083	  0.342171	  0.334912	  0.327393	  0.319723	  0.311917	  0.303972	  0.295894	  0.287747	  0.279559	  0.271365	   0.26319	  0.255041	  0.246916	  0.238808	  0.230715	  0.222635	  0.214566	  0.206518	  0.198507	  0.190555	  0.182686	  0.174924	  0.167292	  0.159814	  0.152512	  0.145406	  0.138514	  0.131853	  0.125437	  0.119277
   230	     0	0.000273575	0.000415513	0.000869192	0.00204981	0.00498395	 0.0118054	 0.0256827	 0.0486972	 0.0790436	  0.113355	  0.149215	  0.185003	  0.219134	  0.250395	  0.277787	  0.300752	  0.319087	  0.333263	  0.343588	  0.350677	  0.354975	  0.357507	  0.358887	  0.359993	  0.361176	  0.362419	  0.364099	  0.365951	  0.367841	  0.369321	  0.370023	  0.370009	  0.369096	  0.367105	  0.364563	   0.36133	  0.357308	  0.352765	  0.347712	   0.34199	  0.335696	  0.328972	  0.321909	  0.314584	   0.30709	  0.299446	  0.291653	  0.283716	  0.275698	  0.267627	  0.259538	  0.251457	  0.243396	  0.235353	  0.227326	  0.219313	  0.211315	  0.203335	  0.195384	  0.187481	   0.17965	  0.171917	  0.164307	  0.156843	  0.149549	  0.142445	  0.135552	  0.128885	  0.122458	  0.116284	  0.110372
   231	     0	0.000255069	0.000391367	0.000829989	0.00198243	 0.0048786	 0.0116981	 0.0257631	 0.0493818	 0.0807961	  0.116495	  0.153902	  0.191256	  0.226813	  0.259292	  0.287657	   0.31136	  0.330223	  0.344782	  0.355368	  0.362631	  0.367044	  0.369645	  0.371027	  0.372125	  0.373314	  0.374595	  0.376373	  0.378344	  0.380385	  0.382036	  0.382885	  0.383013	  0.382226	  0.380334	  0.377887	   0.37473	  0.370714	  0.366107	  0.360924	  0.355011	  0.348482	  0.341504	  0.334176	   0.32659	  0.318853	  0.310982	  0.302978	  0.294845	  0.286645	   0.27841	  0.270172	  0.261955	  0.253769	  0.245608	  0.237468	  0.229345	  0.221236	  0.213141	   0.20507	  0.197039	  0.189073	  0.181193	  0.173426	  0.165796	  0.158325	  0.151036	  0.143948	  0.137079	  0.130446	  0.124062	  0.117939
   232	     0	0.000149712	0.000237722	0.000540563	0.00139939	0.00374973	0.00984665	 0.0237898	 0.0492536	 0.0843757	  0.124077	   0.16486	  0.204759	   0.24201	  0.275378	   0.30391	  0.327176	  0.345148	  0.358531	   0.36776	  0.373583	  0.376576	  0.377855	  0.378055	  0.378139	  0.378488	  0.379081	  0.380288	  0.381828	  0.383621	   0.38518	  0.386058	  0.386294	  0.385703	  0.384096	   0.38197	  0.379171	  0.375506	  0.371195	  0.366243	  0.360527	  0.354184	  0.347386	  0.340236	  0.332824	   0.32526	  0.317555	  0.309707	  0.301722	   0.29367	  0.285584	  0.277497	  0.269433	  0.261395	  0.253375	  0.245366	  0.237363	  0.229361	  0.221356	  0.213354	  0.205369	  0.197419	  0.189525	   0.18171	  0.173995	  0.166403	  0.158956	  0.151677	  0.144584	  0.137698	  0.131036	  0.124615
   233	     0	0.000311607	0.000484079	0.00102812	0.00243558	0.00591614	 0.0139719	 0.0303071	 0.0573593	 0.0929673	  0.132927	  0.174052	  0.214206	  0.251439	  0.284485	  0.312402	  0.334816	  0.351764	  0.364051	  0.372151	  0.376861	  0.378795	  0.379102	  0.378402	  0.377722	  0.377447	  0.377572	  0.378491	  0.379851	  0.381514	  0.382953	  0.383715	  0.383872	  0.383204	  0.381453	  0.379143	  0.376113	  0.372213	  0.367697	  0.362579	  0.356735	   0.35031	  0.343471	  0.336316	   0.32893	  0.321406	  0.313746	  0.305949	  0.298023	   0.29004	  0.282034	  0.274038	  0.266073	  0.258137	   0.25022	  0.242318	  0.234424	  0.226532	  0.218639	  0.210749	  0.202874	  0.195029	  0.187234	  0.179508	  0.171872	  0.164346	  0.156954	  0.149715	  0.142651	  0.135782	  0.129127	  0.122703
   234	     0	0.000322469	0.000495194	0.00100721	0.00225453	0.00517189	 0.0116483	 0.0246435	 0.0468852	 0.0779737	  0.114889	   0.15447	  0.194283	  0.232082	  0.266348	  0.295908	  0.320201	  0.339131	  0.353409	  0.363458	  0.370039	  0.373736	  0.375668	  0.376438	  0.377032	  0.377839	  0.378848	  0.380444	  0.382311	  0.384361	  0.386128	  0.387189	  0.387626	   0.38723	  0.385759	  0.383725	  0.380966	  0.377293	  0.372932	  0.367896	  0.362072	  0.355617	  0.348711	  0.341462	  0.333966	  0.326323	  0.318541	   0.31062	   0.30257	  0.294465	  0.286341	  0.278231	  0.270154	  0.262109	  0.254086	  0.246077	  0.238076	  0.230076	  0.222071	  0.214067	  0.206076	  0.198113	  0.190198	  0.182349	  0.174588	  0.166936	  0.159414	  0.152045	  0.144849	  0.137848	  0.131061	  0.124506
   235	     0	0.000298175	0.000449811	0.000902128	0.00200267	0.00457188	  0.010271	 0.0217334	 0.0415128	 0.0695383	   0.10344	  0.140572	  0.178743	  0.215772	  0.250105	  0.280481	  0.306203	   0.32701	  0.343369	  0.355609	  0.364377	  0.370152	  0.373969	  0.376502	  0.378614	  0.380699	  0.382763	  0.385223	  0.387785	  0.390361	  0.392514	  0.393835	  0.394406	  0.394039	   0.39254	  0.390453	   0.38762	  0.383867	  0.379419	  0.374288	  0.368351	  0.361744	  0.354652	  0.347188	  0.339451	   0.33156	   0.32353	   0.31536	  0.307056	  0.298684	  0.290277	   0.28187	  0.273486	  0.265131	  0.256798	  0.248482	  0.240177	  0.231878	  0.223584	  0.215302	  0.207049	  0.198846	  0.190716	  0.182684	  0.174775	  0.167012	  0.159418	  0.152015	  0.144824	  0.137862	  0.131146	  0.124691
   236	     0	0.000420283	0.000657005	0.00143973	 0.0035392	  0.008795	 0.0204859	 0.0416551	 0.0718095	  0.107323	   0.14548	  0.184585	  0.223119	  0.259336	  0.292099	  0.320489	  0.344054	  0.362676	  0.376889	  0.387032	  0.393757	  0.397554	  0.399457	  0.400136	  0.400482	  0.400906	  0.401418	  0.402431	  0.403664	  0.405044	  0.406075	  0.406289	  0.405734	   0.40423	  0.401618	  0.398463	  0.394594	  0.389876	  0.384597	  0.378778	  0.372269	  0.365173	  0.357649	  0.349796	  0.341704	  0.333481	  0.325146	   0.31669	  0.308114	  0.299478	  0.290813	   0.28215	  0.273515	  0.264917	  0.256354	   0.24782	  0.239311	  0.230826	  0.222365	  0.213938	  0.205559	  0.197251	  0.189039	  0.180947	     0.173	  0.165222	  0.157634	  0.150258	  0.143112	  0.136211	  0.129571	  0.123202
   237	     0	0.000342939	0.000518091	0.00104455	0.00233528	0.00535928	  0.012026	 0.0251291	 0.0468185	 0.0761399	  0.110309	  0.146829	  0.183797	  0.219334	  0.252062	   0.28085	  0.305071	  0.324493	  0.339606	  0.350728	  0.358499	   0.36339	  0.366434	  0.368256	  0.369747	  0.371274	  0.372827	  0.374794	   0.37689	  0.378999	  0.380678	  0.381545	  0.381678	  0.380893	  0.378993	  0.376513	  0.373303	  0.369239	  0.364588	  0.359366	  0.353426	  0.346884	  0.339904	  0.332584	  0.325013	  0.317289	  0.309429	  0.301429	  0.293294	  0.285088	  0.276844	  0.268594	  0.260364	  0.252159	  0.243975	  0.235809	  0.227656	  0.219517	  0.211391	  0.203288	  0.195224	  0.187221	  0.179302	  0.171493	  0.163816	  0.156296	  0.148954	  0.141811	  0.134886	  0.128195	  0.121754	  0.115573
   238	     0	0.00015133	0.000240145	0.000545999	 0.0014141	0.00378919	0.00992798	  0.023827	 0.0488257	 0.0829128	  0.121441	   0.16134	  0.200789	  0.238035	  0.271799	  0.301071	  0.325351	  0.344527	  0.359198	  0.369747	  0.376871	  0.381083	  0.383448	  0.384592	  0.385455	  0.386423	   0.38749	  0.389057	  0.390822	  0.392684	  0.394167	  0.394842	  0.394781	  0.393795	  0.391697	   0.38904	  0.385664	  0.381423	  0.376593	  0.371193	  0.365074	  0.358356	  0.351206	  0.343725	     0.336	  0.328141	  0.320159	   0.31205	  0.303815	  0.295519	  0.287193	   0.27887	  0.270575	  0.262312	  0.254077	  0.245861	  0.237663	  0.229477	  0.221303	  0.213148	  0.205026	   0.19696	   0.18897	  0.181081	  0.173317	  0.165701	  0.158255	  0.150999	  0.143953	  0.137135	  0.130561	  0.124242
   239	     0	0.000381839	0.000585722	 0.0012025	0.00273033	 0.0063395	  0.014311	  0.029823	 0.0549133	   0.08789	  0.125353	  0.164524	  0.203376	  0.239969	  0.272967	  0.301332	  0.324567	  0.342592	  0.356081	  0.365443	  0.371412	  0.374547	  0.375947	  0.376227	  0.376361	   0.37673	  0.377323	  0.378528	  0.380027	  0.381698	  0.383045	  0.383652	  0.383594	  0.382672	  0.380655	  0.378068	  0.374751	  0.370584	  0.365845	  0.360552	  0.354563	  0.348007	  0.341045	  0.333771	  0.326269	  0.318629	  0.310856	  0.302948	   0.29491	   0.28681	  0.278682	  0.270558	   0.26246	  0.254391	  0.246343	   0.23831	  0.230288	  0.222272	  0.214261	  0.206261	  0.198286	  0.190356	  0.182491	  0.174712	  0.167043	  0.159506	  0.152122	  0.144914	  0.137902	  0.131103	  0.124536	  0.118216
   240	     0	0.00015133	0.000240145	0.000545999	 0.0014141	0.00378919	0.00992798	  0.023827	 0.0488257	 0.0829128	  0.121441	   0.16134	  0.200789	  0.238035	  0.271799	  0.301071	  0.325351	  0.344527	  0.359198	  0.369747	  0.376871	  0.381083	  0.383448	  0.384592	  0.385455	  0.386423	   0.38749	  0.389057	  0.390822	  0.392684	  0.394167	  0.394842	  0.394781	  0.393795	  0.391697	   0.38904	  0.385664	  0.381423	  0.376593	  0.371193	  0.365074	  0.358356	  0.351206	  0.343725	     0.336	  0.328141	  0.320159	   0.31205	  0.303815	  0.295519	  0.287193	   0.27887	  0.270575	  0.262312	  0.254077	  0.245861	  0.237663	  0.229477	  0.221303	  0.213148	  0.205026	   0.19696	   0.18897	  0.181081	  0.173317	  0.165701	  0.158255	  0.150999	  0.143953	  0.137135	  0.130561	  0.124242
   241	     0	0.000223853	0.000353949	0.000783775	0.00195233	0.00499742	  0.012425	 0.0281629	 0.0548417	 0.0900565	  0.129501	  0.170242	  0.210352	  0.247942	  0.281726	  0.310709	  0.334441	  0.352875	   0.36671	  0.376363	  0.382573	  0.385902	  0.387446	  0.387822	  0.388024	  0.388454	  0.389121	  0.390436	  0.392066	  0.393906	  0.395454	  0.396255	  0.396377	  0.395618	  0.393762	   0.39135	  0.388214	  0.384183	  0.379521	   0.37424	  0.368206	  0.361554	  0.354458	  0.347024	  0.339343	  0.331526	  0.323582	  0.315507	  0.307307	   0.29905	  0.290768	  0.282495	  0.274252	  0.266043	  0.257859	  0.249692	  0.241534	  0.233378	  0.225222	  0.217071	  0.208941	  0.200853	  0.192828	   0.18489	  0.177063	   0.16937	  0.161832	  0.154473	  0.147312	  0.140367	  0.133658	  0.127197
   242	     0	0.000316624	0.000478269	0.000980532	0.00224964	0.00531105	 0.0122358	 0.0260652	 0.0489562	 0.0795064	  0.114554	  0.151536	  0.188596	   0.22392	  0.256193	  0.284355	  0.307845	  0.326488	  0.340819	  0.351181	  0.358232	  0.362458	  0.364909	  0.366209	  0.367274	  0.368472	  0.369799	  0.371648	  0.373727	  0.375917	  0.377761	  0.378834	  0.379204	  0.378682	  0.377084	  0.374941	  0.372103	  0.368399	  0.364062	    0.3591	  0.353375	   0.34701	  0.340173	  0.332969	   0.32549	  0.317849	  0.310064	  0.302136	   0.29407	  0.285931	  0.277749	  0.269559	  0.261385	  0.253236	  0.245106	  0.236991	  0.228889	  0.220796	  0.212712	  0.204648	  0.196618	  0.188647	  0.180757	  0.172973	   0.16532	  0.157821	  0.150498	  0.143371	  0.136459	  0.129779	  0.123346	  0.117171
   243	     0	0.000339706	0.000518177	0.00105631	0.00238555	0.00552821	 0.0125308	 0.0264513	 0.0496966	  0.081205	  0.117756	  0.156462	  0.195212	  0.232055	   0.26559	   0.29472	  0.318887	  0.337945	  0.352486	  0.362894	  0.369872	  0.373943	   0.37618	  0.377205	  0.377972	  0.378864	  0.379882	  0.381424	  0.383191	  0.385075	  0.386602	  0.387343	  0.387363	  0.386481	  0.384519	  0.382015	  0.378808	  0.374738	   0.37008	  0.364855	  0.358921	  0.352387	  0.345415	  0.338097	  0.330519	  0.322788	   0.31492	   0.30691	  0.298764	  0.290547	   0.28229	  0.274027	  0.265782	  0.257561	  0.249361	  0.241173	  0.232995	  0.224821	  0.216651	  0.208494	  0.200366	   0.19229	   0.18429	  0.176391	  0.168616	   0.16099	  0.153536	  0.146273	   0.13922	  0.132397	  0.125817	  0.119493
   244	     0	0.000300574	0.000454963	0.000931433	 0.0021303	0.00501921	 0.0115903	   0.02493	 0.0475803	 0.0785294	  0.114455	  0.152414	  0.190316	  0.226238	   0.25882	  0.287001	   0.31025	  0.328451	  0.342215	  0.351936	  0.358316	  0.361887	  0.363737	  0.364493	  0.365095	  0.365909	  0.366922	  0.368514	  0.370393	  0.372435	  0.374171	  0.375188	  0.375547	  0.375052	  0.373499	  0.371396	  0.368598	  0.364951	  0.360683	    0.3558	  0.350166	  0.343909	  0.337195	  0.330126	  0.322789	  0.315288	  0.307638	   0.29984	  0.291901	  0.283889	  0.275836	  0.267775	  0.259731	  0.251708	  0.243702	  0.235708	   0.22772	  0.219737	  0.211756	  0.203786	  0.195844	   0.18795	  0.180127	  0.172399	  0.164788	  0.157318	  0.150011	  0.142888	  0.135968	  0.129269	  0.122808	  0.116597
   245	     0	0.00015133	0.000240145	0.000545999	 0.0014141	0.00378919	0.00992798	  0.023827	 0.0488257	 0.0829128	  0.121441	   0.16134	  0.200789	  0.238035	  0.271799	  0.301071	  0.325351	  0.344527	  0.359198	  0.369747	  0.376871	  0.381083	  0.383448	  0.384592	  0.385455	  0.386423	   0.38749	  0.389057	  0.390822	  0.392684	  0.394167	  0.394842	  0.394781	  0.393795	  0.391697	   0.38904	  0.385664	  0.381423	  0.376593	  0.371193	  0.365074	  0.358356	  0.351206	  0.343725	     0.336	  0.328141	  0.320159	   0.31205	  0.303815	  0.295519	  0.287193	   0.27887	  0.270575	  0.262312	  0.254077	  0.245861	  0.237663	  0.229477	  0.221303	  0.213148	  0.205026	   0.19696	   0.18897	  0.181081	  0.173317	  0.165701	  0.158255	  0.150999	  0.143953	  0.137135	  0.130561	  0.124242
   246	     0	0.000424791	0.000635872	0.00128863	0.00291823	0.00675653	 0.0150529	 0.0304587	 0.0539157	 0.0833746	  0.116358	  0.151117	  0.186235	  0.220135	  0.251602	  0.279596	  0.303491	  0.322992	   0.33843	  0.350047	  0.358388	  0.363848	    0.3674	  0.369703	  0.371563	  0.373345	  0.375042	  0.377047	  0.379123	  0.381179	  0.382783	  0.383528	  0.383464	  0.382422	  0.380282	    0.3776	  0.374237	  0.370046	  0.365282	  0.359965	  0.353951	  0.347321	  0.340221	  0.332746	  0.324982	  0.317043	  0.308956	  0.300724	  0.292349	  0.283888	   0.27537	  0.266828	  0.258291	  0.249776	  0.241288	  0.232827	  0.224396	  0.215997	  0.207636	  0.199326	  0.191086	  0.182941	  0.174916	  0.167038	  0.159332	  0.151821	  0.144525	  0.137463	  0.130649	  0.124097	  0.117816	  0.111813
   247	     0	0.000184629	0.000291234	0.000659512	0.00170427	 0.0045463	  0.011765	 0.0275069	 0.0543252	 0.0891951	  0.127573	  0.166787	  0.205204	  0.241188	  0.273566	  0.301416	  0.324298	  0.342142	  0.355586	  0.365019	  0.371142	  0.374476	  0.376095	  0.376601	  0.376956	  0.377529	  0.378298	   0.37965	  0.381263	  0.383005	  0.384386	  0.384981	  0.384871	  0.383857	  0.381725	  0.379024	  0.375598	  0.371325	   0.36649	   0.36111	  0.355034	  0.348382	  0.341322	  0.333952	  0.326359	  0.318641	  0.310806	  0.302847	  0.294767	   0.28663	  0.278467	  0.270311	  0.262183	  0.254088	  0.246021	  0.237975	   0.22995	  0.221943	  0.213956	  0.205992	  0.198066	  0.190196	  0.182403	  0.174709	  0.167137	  0.159709	  0.152446	  0.145369	  0.138497	  0.131848	  0.125438	   0.11928
   248	     0	0.000198896	0.000307625	0.000661441	0.00160536	 0.0040306	0.00995192	 0.0228842	  0.046168	  0.078835	  0.116649	  0.156046	  0.194823	  0.231109	  0.263619	  0.291372	  0.313927	  0.331255	  0.344081	  0.352844	  0.358297	  0.361008	  0.362099	  0.362165	  0.362209	  0.362596	  0.363315	  0.364754	  0.366577	  0.368638	  0.370445	  0.371575	  0.372103	  0.371813	   0.37046	  0.368556	  0.365953	  0.362484	  0.358378	  0.353643	  0.348148	  0.342038	  0.335481	  0.328578	  0.321419	    0.3141	  0.306634	  0.299022	  0.291275	  0.283461	  0.275617	  0.267774	  0.259954	  0.252159	   0.24438	  0.236612	  0.228849	  0.221086	  0.213319	  0.205556	   0.19781	  0.190099	  0.182443	  0.174864	  0.167383	  0.160021	    0.1528	  0.145742	  0.138865	  0.132189	  0.125732	  0.119509
   249	     0	0.000385584	0.00059759	0.00135972	0.00355786	 0.0093855	 0.0225918	 0.0455529	 0.0758093	  0.109161	  0.143585	  0.178039	  0.211523	  0.242806	  0.270984	  0.295302	  0.315358	   0.33102	  0.342759	  0.350866	  0.355917	  0.358351	  0.359184	  0.359051	   0.35881	  0.358809	  0.359023	  0.359817	  0.360945	  0.362258	  0.363275	  0.363579	  0.363202	  0.361956	  0.359679	  0.356887	  0.353449	  0.349286	   0.34466	  0.339572	  0.333859	    0.3276	  0.320925	  0.313918	  0.306653	  0.299216	  0.291629	  0.283893	  0.276014	  0.268047	  0.260023	  0.251973	  0.243927	  0.235898	  0.227892	   0.21991	  0.211953	  0.204026	  0.196135	  0.188294	   0.18052	  0.172839	  0.165273	  0.157849	  0.150588	  0.143513	  0.136644	  0.129996	  0.123585	  0.117421	  0.111515	  0.105873
   250	     0	0.000467091	0.000722948	0.00158454	0.00391995	0.00975839	 0.0224358	 0.0442828	 0.0737443	  0.107189	  0.142472	  0.178342	  0.213621	  0.246883	  0.277111	  0.303445	  0.325413	  0.342844	  0.356183	  0.365712	  0.372019	  0.375545	  0.377294	   0.37792	  0.378273	  0.378728	  0.379263	  0.380256	  0.381462	  0.382771	  0.383702	  0.383834	    0.3832	  0.381621	  0.378953	  0.375744	  0.371849	  0.367181	  0.362033	  0.356421	  0.350186	  0.343402	  0.336204	  0.328677	  0.320901	  0.312973	  0.304911	  0.296715	  0.288384	  0.279975	  0.271515	  0.263037	  0.254569	  0.246128	  0.237717	  0.229336	  0.220989	  0.212681	  0.204418	  0.196212	  0.188081	  0.180049	  0.172141	  0.164382	  0.156795	  0.149403	  0.142225	  0.135279	  0.128581	  0.122142	  0.115971	  0.110076
   251	     0	0.000302464	0.000469994	0.000958208	0.00213473	0.00486737	 0.0109341	 0.0232595	 0.0449359	 0.0762667	  0.114467	   0.15602	  0.198047	  0.237958	  0.274045	  0.305041	  0.330382	  0.350015	  0.364731	  0.375015	  0.381692	  0.385394	  0.387271	  0.387971	  0.388498	  0.389255	  0.390242	  0.391856	  0.393743	  0.395791	  0.397502	  0.398464	  0.398772	  0.398198	  0.396468	  0.394121	  0.390989	  0.386931	  0.382209	  0.376847	  0.370737	  0.364034	  0.356915	  0.349484	  0.341833	   0.33405	  0.326136	  0.318087	   0.30991	  0.301682	  0.293438	  0.285212	  0.277023	  0.268866	  0.260731	  0.252609	  0.244497	  0.236383	  0.228265	  0.220146	  0.212036	  0.203951	  0.195908	  0.187927	  0.180026	  0.172229	  0.164556	  0.157029	  0.149672	  0.142505	  0.135549	  0.128823
   252	     0	0.000324015	0.000490922	0.000988231	0.00219998	0.00503117	 0.0113015	 0.0238348	 0.0452016	 0.0750302	   0.11062	  0.149158	  0.188398	  0.226175	  0.260945	  0.291486	   0.31715	  0.337724	  0.353723	  0.365517	  0.373788	  0.379041	  0.382331	  0.384348	  0.385973	  0.387601	  0.389238	  0.391301	  0.393492	  0.395725	  0.397539	  0.398506	  0.398701	  0.397942	  0.396057	    0.3936	   0.39041	  0.386321	  0.381588	   0.37623	  0.370119	  0.363377	  0.356176	   0.34862	  0.340801	  0.332835	  0.324735	  0.316498	  0.308127	  0.299688	  0.291213	  0.282735	  0.274279	  0.265852	  0.257448	   0.24906	  0.240684	  0.232316	  0.223955	  0.215609	  0.207292	  0.199027	  0.190836	  0.182745	  0.174777	  0.166958	  0.159309	  0.151852	  0.144608	  0.137595	   0.13083	  0.124325
   253	     0	0.000264967	0.000406889	0.00086287	0.00205827	0.00505378	 0.0120791	 0.0264922	 0.0505798	 0.0825599	  0.118957	  0.157187	  0.195411	   0.23178	  0.264965	  0.293908	   0.31806	  0.337261	  0.352045	  0.362772	  0.370107	  0.374546	  0.377137	  0.378539	  0.379648	  0.380844	  0.382117	  0.383861	  0.385789	  0.387788	  0.389389	  0.390175	  0.390209	  0.389302	  0.387273	  0.384673	  0.381349	  0.377167	   0.37239	   0.36703	  0.360946	  0.354247	  0.347101	  0.339609	  0.331862	  0.323968	  0.315945	  0.307789	  0.299501	  0.291144	   0.28275	   0.27435	   0.26597	  0.257619	  0.249293	  0.240988	  0.232702	  0.224435	  0.216188	   0.20797	  0.199795	  0.191687	  0.183669	  0.175764	  0.167998	  0.160394	  0.152973	  0.145757	  0.138764	   0.13201	  0.125509	  0.119274
   254	     0	0.00015133	0.000240145	0.000545999	 0.0014141	0.00378919	0.00992798	  0.023827	 0.0488257	 0.0829128	  0.121441	   0.16134	  0.200789	  0.238035	  0.271799	  0.301071	  0.325351	  0.344527	  0.359198	  0.369747	  0.376871	  0.381083	  0.383448	  0.384592	  0.385455	  0.386423	   0.38749	  0.389057	  0.390822	  0.392684	  0.394167	  0.394842	  0.394781	  0.393795	  0.391697	   0.38904	  0.385664	  0.381423	  0.376593	  0.371193	  0.365074	  0.358356	  0.351206	  0.343725	     0.336	  0.328141	  0.320159	   0.31205	  0.303815	  0.295519	  0.287193	   0.27887	  0.270575	  0.262312	  0.254077	  0.245861	  0.237663	  0.229477	  0.221303	  0.213148	  0.205026	   0.19696	   0.18897	  0.181081	  0.173317	  0.165701	  0.158255	  0.150999	  0.143953	  0.137135	  0.130561	  0.124242
   255	     0	0.000331173	0.000503682	 0.0010341	0.00236389	 0.0055438	 0.0126575	 0.0266765	   0.04963	 0.0801765	  0.115438	  0.153027	  0.191079	  0.227681	  0.261429	  0.291182	  0.316315	  0.336591	  0.352467	  0.364262	   0.37261	   0.37797	  0.381361	  0.383429	  0.385066	  0.386664	  0.388225	  0.390157	  0.392184	  0.394191	  0.395724	  0.396381	  0.396232	  0.395085	  0.392779	   0.38989	  0.386262	  0.381773	  0.376714	  0.371107	  0.364799	  0.357881	   0.35051	  0.342786	  0.334802	  0.326667	  0.318405	  0.310015	  0.301496	  0.292909	  0.284283	  0.275649	  0.267035	  0.258454	  0.249904	  0.241383	   0.23289	  0.224424	  0.215989	  0.207596	  0.199263	  0.191013	  0.182873	  0.174867	  0.167022	  0.159361	  0.151905	  0.144673	  0.137684	   0.13095	  0.124484	  0.118295
   256	     0	0.000387289	0.000597567	0.00122858	0.00278296	0.00644016	 0.0145106	 0.0302886	 0.0560929	 0.0904623	  0.129898	   0.17132	  0.212403	  0.250961	  0.285567	  0.315151	  0.339251	  0.357845	  0.371686	  0.381225	  0.387246	  0.390353	  0.391668	   0.39181	  0.391786	  0.391999	  0.392442	  0.393505	  0.394872	  0.396462	  0.397777	  0.398362	  0.398283	   0.39734	  0.395317	  0.392739	  0.389438	   0.38524	  0.380412	  0.374971	  0.368786	  0.361996	  0.354778	  0.347236	  0.339462	  0.331559	  0.323535	  0.315383	  0.307109	  0.298785	  0.290443	  0.282116	  0.273826	  0.265573	  0.257346	  0.249138	  0.240944	  0.232755	  0.224569	  0.216389	  0.208228	  0.200103	  0.192033	   0.18404	  0.176145	  0.168372	  0.160742	  0.153278	     0.146	   0.13893	  0.132086	  0.125485
   257	     0	0.000304395	0.000472911	 0.0010114	0.00242043	0.00593667	 0.0140985	 0.0305107	 0.0571943	  0.091729	  0.130298	  0.170216	  0.209606	  0.246613	  0.279956	  0.308635	  0.332182	  0.350521	  0.364298	  0.373918	  0.380099	  0.383395	  0.384897	  0.385237	  0.385366	  0.385671	  0.386135	  0.387128	  0.388387	   0.38984	  0.391009	  0.391459	  0.391223	  0.390124	  0.387991	   0.38533	  0.381983	    0.3778	  0.373038	  0.367706	  0.361659	  0.355014	  0.347931	  0.340509	  0.332835	  0.325014	   0.31706	  0.308969	  0.300745	  0.292454	  0.284128	  0.275801	  0.267496	   0.25922	  0.250967	  0.242731	  0.234507	  0.226291	  0.218084	  0.209891	   0.20173	  0.193621	  0.185587	  0.177651	  0.169839	  0.162173	  0.154675	  0.147367	  0.140268	  0.133396	  0.126767	  0.120394
   258	     0	0.000357223	0.000558462	0.00121515	0.00296599	0.00738742	 0.0176098	 0.0375533	 0.0683041	  0.106052	  0.146596	  0.187363	  0.226608	   0.26261	  0.294275	  0.320787	  0.341845	  0.357524	  0.368655	    0.3757	  0.379447	  0.380511	  0.380042	  0.378634	  0.377338	  0.376542	  0.376235	  0.376809	  0.377903	  0.379381	    0.3807	  0.381378	   0.38148	  0.380785	   0.37904	   0.37676	  0.373783	  0.369939	  0.365478	  0.360411	   0.35461	  0.348223	   0.34142	    0.3343	  0.326949	  0.319461	  0.311842	  0.304089	  0.296211	  0.288279	  0.280327	  0.272387	  0.264479	  0.256603	  0.248748	  0.240908	  0.233079	  0.225255	   0.21743	  0.209609	  0.201805	  0.194031	  0.186306	   0.17865	  0.171082	  0.163624	  0.156298	  0.149123	  0.142121	  0.135312	  0.128715	  0.122347
   259	     0	0.00015133	0.000240145	0.000545999	 0.0014141	0.00378919	0.00992798	  0.023827	 0.0488257	 0.0829128	  0.121441	   0.16134	  0.200789	  0.238035	  0.271799	  0.301071	  0.325351	  0.344527	  0.359198	  0.369747	  0.376871	  0.381083	  0.383448	  0.384592	  0.385455	  0.386423	   0.38749	  0.389057	  0.390822	  0.392684	  0.394167	  0.394842	  0.394781	  0.393795	  0.391697	   0.38904	  0.385664	  0.381423	  0.376593	  0.371193	  0.365074	  0.358356	  0.351206	  0.343725	     0.336	  0.328141	  0.320159	   0.31205	  0.303815	  0.295519	  0.287193	   0.27887	  0.270575	  0.262312	  0.254077	  0.245861	  0.237663	  0.229477	  0.221303	  0.213148	  0.205026	   0.19696	   0.18897	  0.181081	  0.173317	  0.165701	  0.158255	  0.150999	  0.143953	  0.137135	  0.130561	  0.124242
   260	     0	0.000388863	0.000592508	0.00124106	0.00291709	0.00700976	 0.0161592	 0.0335444	 0.0601125	 0.0930405	  0.129137	  0.166309	  0.202991	  0.237548	  0.268816	  0.295859	  0.318205	   0.33573	  0.349005	  0.358373	  0.364493	  0.367852	  0.369495	  0.370012	  0.370352	  0.370882	  0.371592	  0.372873	  0.374415	  0.376068	  0.377349	  0.377846	  0.377637	  0.376523	  0.374296	  0.371503	  0.367992	  0.363661	  0.358805	  0.353439	  0.347401	  0.340795	  0.333779	  0.326445	  0.318879	  0.311173	  0.303342	  0.295381	  0.287296	  0.279147	  0.270964	   0.26278	  0.254617	  0.246486	  0.238382	  0.230301	  0.222243	  0.214207	  0.206195	  0.198216	  0.190287	   0.18243	  0.174666	  0.167021	  0.159517	  0.152177	  0.145022	  0.138071	  0.131342	  0.124851	   0.11861	  0.112631
   261	     0	0.000215107	0.000339009	0.000773319	0.00201815	0.00541305	 0.0138982	 0.0315429	 0.0595829	 0.0940835	  0.131172	  0.168874	  0.205837	  0.240539	  0.271884	  0.298978	  0.321371	  0.338948	  0.352269	  0.361678	  0.367826	  0.371199	  0.372846	  0.373406	   0.37378	   0.37434	  0.375077	  0.376383	  0.377963	  0.379688	  0.381074	  0.381698	  0.381622	  0.380654	  0.378598	  0.375985	  0.372668	  0.368532	  0.363845	  0.358616	  0.352697	  0.346198	  0.339278	  0.332031	  0.324541	  0.316903	  0.309132	  0.301222	  0.293179	  0.285066	  0.276914	  0.268755	  0.260614	    0.2525	  0.244409	  0.236335	  0.228276	  0.220232	  0.212202	  0.204195	  0.196229	  0.188325	  0.180505	  0.172795	  0.165217	  0.157795	  0.150551	  0.143503	  0.136671	  0.130072	  0.123718	  0.117622
   262	     0	0.000119657	0.000186868	0.000424689	0.00111352	0.00303757	0.00812423	 0.0199154	 0.0415215	 0.0712447	  0.105013	   0.14031	  0.175733	  0.209839	  0.241446	   0.26953	  0.293482	  0.313024	   0.32853	  0.340252	  0.348747	  0.354409	  0.358222	  0.360812	  0.363013	  0.365178	  0.367294	  0.369755	  0.372302	  0.374828	  0.376918	  0.378174	  0.378658	  0.378192	  0.376635	  0.374535	  0.371753	  0.368117	  0.363851	  0.358966	  0.353322	  0.347021	  0.340224	  0.333035	  0.325546	  0.317879	  0.310059	   0.30209	  0.293976	  0.285777	  0.277522	  0.269245	  0.260973	   0.25272	   0.24449	   0.23628	  0.228089	  0.219917	  0.211769	  0.203654	  0.195593	   0.18761	  0.179732	  0.171984	  0.164392	   0.15698	  0.149768	  0.142775	  0.136019	  0.129511	  0.123265	  0.117286
   263	     0	0.000333499	0.000508636	0.00104669	0.00239664	0.00563042	 0.0128902	  0.027276	 0.0509333	 0.0823827	  0.118386	  0.156309	  0.194242	  0.230319	  0.263205	  0.291829	  0.315632	  0.334457	  0.348866	  0.359223	  0.366208	  0.370331	  0.372655	  0.373812	  0.374719	   0.37575	  0.376891	  0.378526	  0.380364	  0.382308	   0.38389	  0.384692	   0.38478	  0.383973	  0.382082	  0.379636	   0.37648	  0.372462	  0.367837	  0.362621	  0.356677	  0.350127	  0.343138	  0.335809	   0.32823	  0.320505	  0.312646	   0.30465	   0.29652	  0.288323	  0.280091	  0.271856	  0.263642	  0.255455	  0.247289	  0.239138	  0.231001	  0.222875	  0.214758	  0.206659	  0.198591	  0.190576	  0.182636	  0.174793	  0.167071	  0.159494	  0.152083	   0.14486	  0.137844	  0.131053	  0.124504	   0.11821
   264	     0	0.000467091	0.000722948	0.00158454	0.00391995	0.00975839	 0.0224358	 0.0442828	 0.0737443	  0.107189	  0.142472	  0.178342	  0.213621	  0.246883	  0.277111	  0.303445	  0.325413	  0.342844	  0.356183	  0.365712	  0.372019	  0.375545	  0.377294	   0.37792	  0.378273	  0.378728	  0.379263	  0.380256	  0.381462	  0.382771	  0.383702	  0.383834	    0.3832	  0.381621	  0.378953	  0.375744	  0.371849	  0.367181	  0.362033	  0.356421	  0.350186	  0.343402	  0.336204	  0.328677	  0.320901	  0.312973	  0.304911	  0.296715	  0.288384	  0.279975	  0.271515	  0.263037	  0.254569	  0.246128	  0.237717	  0.229336	  0.220989	  0.212681	  0.204418	  0.196212	  0.188081	  0.180049	  0.172141	  0.164382	  0.156795	  0.149403	  0.142225	  0.135279	  0.128581	  0.122142	  0.115971	  0.110076
   265	     0	0.000226731	0.00034922	0.000716852	0.00162694	0.00380508	0.00881837	 0.0194616	 0.0390841	 0.0685434	  0.105205	  0.145407	  0.186258	  0.225307	  0.260874	  0.291705	  0.317196	  0.337229	  0.352498	  0.363447	  0.370846	   0.37527	  0.377832	  0.379148	  0.380214	  0.381419	  0.382767	  0.384663	  0.386774	  0.388978	  0.390803	  0.391846	  0.392201	  0.391657	  0.389977	  0.387707	  0.384686	  0.380755	  0.376181	  0.370984	  0.365032	  0.358464	  0.351458	  0.344115	  0.336528	  0.328799	  0.320936	  0.312937	  0.304809	  0.296623	  0.288412	  0.280211	   0.27204	  0.263899	  0.255781	  0.247676	  0.239579	  0.231482	  0.223382	  0.215284	  0.207204	  0.199159	   0.19117	   0.18326	  0.175451	  0.167765	  0.160226	  0.152854	  0.145671	  0.138696	  0.131948	  0.125443
   266	     0	0.00015133	0.000240145	0.000545999	 0.0014141	0.00378919	0.00992798	  0.023827	 0.0488257	 0.0829128	  0.121441	   0.16134	  0.200789	  0.238035	  0.271799	  0.301071	  0.325351	  0.344527	  0.359198	  0.369747	  0.376871	  0.381083	  0.383448	  0.384592	  0.385455	  0.386423	   0.38749	  0.389057	  0.390822	  0.392684	  0.394167	  0.394842	  0.394781	  0.393795	  0.391697	   0.38904	  0.385664	  0.381423	  0.376593	  0.371193	  0.365074	  0.358356	  0.351206	  0.343725	     0.336	  0.328141	  0.320159	   0.31205	  0.303815	  0.295519	  0.287193	   0.27887	  0.270575	  0.262312	  0.254077	  0.245861	  0.237663	  0.229477	  0.221303	  0.213148	  0.205026	   0.19696	   0.18897	  0.181081	  0.173317	  0.165701	  0.158255	  0.150999	  0.143953	  0.137135	  0.130561	  0.124242
   267	     0	0.000305554	0.000475063	0.00100249	0.00235202	 0.0056606	  0.013293	 0.0288711	  0.055117	 0.0903575	   0.13046	  0.172047	  0.212842	  0.250844	  0.284718	  0.313483	  0.336726	  0.354461	  0.367459	  0.376195	  0.381464	  0.383879	   0.38458	  0.384199	  0.383746	  0.383609	  0.383771	   0.38461	  0.385816	  0.387289	  0.388518	  0.389049	   0.38893	   0.38797	   0.38596	  0.383415	  0.380171	  0.376068	  0.371373	  0.366104	  0.360129	  0.353576	  0.346608	   0.33932	  0.331796	  0.324135	  0.316342	  0.308413	  0.300352	  0.292229	  0.284077	   0.27593	  0.267809	  0.259716	  0.251642	  0.243581	   0.23553	  0.227482	  0.219434	  0.211392	  0.203369	  0.195381	  0.187449	  0.179593	  0.171837	  0.164202	   0.15671	  0.149384	  0.142243	  0.135308	  0.128596	  0.122125
   268	     0	0.000300565	0.000471522	0.000988708	 0.0022825	0.00539266	 0.0124725	 0.0269217	 0.0517055	 0.0859436	  0.125919	   0.16812	  0.210016	  0.249355	  0.284651	  0.314802	  0.339337	  0.358241	  0.372309	  0.382014	  0.388168	  0.391384	  0.392799	  0.393019	  0.393086	  0.393407	  0.393992	  0.395255	  0.396824	  0.398593	  0.400047	  0.400736	  0.400758	  0.399897	  0.397902	  0.395329	     0.392	   0.38775	  0.382872	  0.377396	  0.371196	  0.364417	  0.357234	  0.349746	  0.342041	  0.334217	  0.326273	  0.318205	  0.310019	  0.301786	  0.293541	  0.285318	  0.277135	  0.268989	  0.260869	  0.252766	  0.244674	  0.236584	  0.228489	  0.220395	  0.212311	  0.204255	  0.196243	  0.188296	  0.180435	  0.172681	  0.165056	  0.157581	   0.15028	  0.143172	  0.136278	  0.129615
   269	     0	0.000318071	0.000489359	0.00103731	0.00246644	0.00601364	 0.0141808	 0.0304235	 0.0565313	 0.0900652	  0.127416	  0.166076	  0.204264	  0.240182	   0.27259	   0.30051	  0.323469	   0.34138	  0.354873	  0.364331	  0.370452	  0.373768	  0.375358	  0.375829	  0.376136	  0.376655	  0.377374	  0.378674	  0.380261	  0.382033	  0.383512	  0.384261	  0.384342	  0.383564	  0.381724	   0.37934	  0.376257	  0.372312	   0.36775	   0.36258	  0.356661	  0.350128	  0.343152	  0.335837	  0.328275	  0.320572	  0.312738	  0.304772	  0.296678	  0.288524	  0.280342	  0.272165	  0.264015	  0.255896	  0.247802	  0.239726	  0.231666	  0.223616	  0.215575	   0.20755	  0.199554	  0.191608	   0.18373	  0.175945	  0.168275	  0.160743	   0.15337	  0.146178	  0.139186	  0.132414	  0.125877	   0.11959
   270	     0	0.000360871	0.000551822	0.00110787	0.00243988	0.00550284	 0.0121893	 0.0254154	 0.0478848	 0.0793344	  0.116957	  0.157629	   0.19881	  0.238149	  0.274028	  0.305221	  0.331132	  0.351624	  0.367335	  0.378683	  0.386414	  0.391085	  0.393785	  0.395149	  0.396143	  0.397176	  0.398257	  0.399794	  0.401488	  0.403277	  0.404687	  0.405285	  0.405141	  0.404073	  0.401899	  0.399169	   0.39571	  0.391349	  0.386371	  0.380801	  0.374497	  0.367581	  0.360225	  0.352531	   0.34459	  0.336515	  0.328318	  0.319994	  0.311546	  0.303042	  0.294514	  0.285997	  0.277512	  0.269064	  0.260644	  0.252243	  0.243854	  0.235472	  0.227092	  0.218721	  0.210374	   0.20207	  0.193834	  0.185688	  0.177656	  0.169762	   0.16203	  0.154481	  0.147135	  0.140012	  0.133129	  0.126502
   271	     0	0.000218295	0.000345883	0.000781191	0.00200199	0.00527915	 0.0134672	 0.0309735	 0.0602323	 0.0977394	  0.138534	  0.179667	  0.219369	  0.255953	  0.288295	  0.315549	  0.337384	  0.353851	  0.365738	  0.373505	  0.377927	  0.379606	   0.37968	   0.37876	  0.377873	  0.377404	  0.377345	   0.37808	  0.379284	  0.380832	  0.382197	  0.382909	  0.383013	  0.382305	  0.380565	  0.378305	  0.375362	  0.371568	  0.367166	  0.362164	  0.356429	  0.350096	   0.34333	  0.336227	  0.328875	  0.321375	  0.313737	  0.305958	  0.298046	   0.29007	  0.282061	  0.274054	  0.266071	  0.258114	  0.250176	  0.242249	  0.234329	  0.226409	  0.218485	  0.210565	  0.202662	  0.194796	  0.186987	  0.179258	   0.17163	  0.164127	  0.156769	  0.149577	  0.142573	  0.135775	    0.1292	  0.122864
   272	     0	0.000223853	0.000353949	0.000783775	0.00195233	0.00499742	  0.012425	 0.0281629	 0.0548417	 0.0900565	  0.129501	  0.170242	  0.210352	  0.247942	  0.281726	  0.310709	  0.334441	  0.352875	   0.36671	  0.376363	  0.382573	  0.385902	  0.387446	  0.387822	  0.388024	  0.388454	  0.389121	  0.390436	  0.392066	  0.393906	  0.395454	  0.396255	  0.396377	  0.395618	  0.393762	   0.39135	  0.388214	  0.384183	  0.379521	   0.37424	  0.368206	  0.361554	  0.354458	  0.347024	  0.339343	  0.331526	  0.323582	  0.315507	  0.307307	   0.29905	  0.290768	  0.282495	  0.274252	  0.266043	  0.257859	  0.249692	  0.241534	  0.233378	  0.225222	  0.217071	  0.208941	  0.200853	  0.192828	   0.18489	  0.177063	   0.16937	  0.161832	  0.154473	  0.147312	  0.140367	  0.133658	  0.127197
   273	     0	0.00039943	0.000599689	0.00114715	0.00237964	0.00505314	 0.0106237	 0.0214183	 0.0400989	 0.0675892	  0.102311	  0.141348	   0.18181	  0.220948	  0.256862	  0.288127	  0.314039	  0.334441	  0.350026	  0.361236	  0.368855	  0.373482	  0.376245	  0.377759	  0.379013	    0.3804	  0.381906	  0.383911	  0.386109	  0.388427	  0.390417	  0.391669	  0.392263	  0.391997	  0.390641	  0.388708	  0.386037	   0.38242	  0.378074	  0.373014	  0.367131	  0.360584	  0.353562	  0.346179	  0.338539	  0.330749	  0.322821	  0.314753	  0.306555	  0.298302	  0.290029	   0.28177	  0.273545	  0.265352	  0.257181	  0.249025	  0.240879	  0.232733	  0.224585	  0.216437	  0.208303	  0.200196	  0.192138	  0.184146	  0.176244	  0.168452	  0.160792	  0.153288	  0.145961	  0.138833	  0.131922	  0.125248
   274	     0	0.000416035	0.000632616	 0.0012656	0.00278039	 0.0062431	 0.0136915	 0.0280238	 0.0514812	 0.0832093	  0.120407	    0.1603	  0.200605	  0.239082	    0.2742	  0.304776	  0.330225	  0.350397	  0.365892	  0.377102	  0.384745	  0.389356	  0.392008	  0.393351	  0.394317	  0.395318	  0.396362	  0.397863	  0.399523	   0.40126	  0.402599	  0.403121	  0.402899	  0.401745	  0.399462	  0.396599	  0.392991	  0.388503	  0.383425	  0.377779	  0.371418	  0.364462	  0.357081	  0.349374	  0.341429	  0.333352	  0.325153	  0.316826	  0.308376	   0.29987	   0.29134	  0.282818	  0.274329	  0.265876	  0.257453	   0.24905	  0.240662	  0.232284	  0.223912	  0.215554	  0.207227	   0.19895	  0.190748	  0.182643	  0.174661	  0.166825	  0.159158	  0.151681	  0.144414	  0.137377	  0.130586	  0.124055
   275	     0	0.00015133	0.000240145	0.000545999	 0.0014141	0.00378919	0.00992798	  0.023827	 0.0488257	 0.0829128	  0.121441	   0.16134	  0.200789	  0.238035	  0.271799	  0.301071	  0.325351	  0.344527	  0.359198	  0.369747	  0.376871	  0.381083	  0.383448	  0.384592	  0.385455	  0.386423	   0.38749	  0.389057	  0.390822	  0.392684	  0.394167	  0.394842	  0.394781	  0.393795	  0.391697	   0.38904	  0.385664	  0.381423	  0.376593	  0.371193	  0.365074	  0.358356	  0.351206	  0.343725	     0.336	  0.328141	  0.320159	   0.31205	  0.303815	  0.295519	  0.287193	   0.27887	  0.270575	  0.262312	  0.254077	  0.245861	  0.237663	  0.229477	  0.221303	  0.213148	  0.205026	   0.19696	   0.18897	  0.181081	  0.173317	  0.165701	  0.158255	  0.150999	  0.143953	  0.137135	  0.130561	  0.124242
   276	     0	0.000333499	0.000508636	0.00104669	0.00239664	0.00563042	 0.0128902	  0.027276	 0.0509333	 0.0823827	  0.118386	  0.156309	  0.194242	  0.230319	  0.263205	  0.291829	  0.315632	  0.334457	  0.348866	  0.359223	  0.366208	  0.370331	  0.372655	  0.373812	  0.374719	   0.37575	  0.376891	  0.378526	  0.380364	  0.382308	   0.38389	  0.384692	   0.38478	  0.383973	  0.382082	  0.379636	   0.37648	  0.372462	  0.367837	  0.362621	  0.356677	  0.350127	  0.343138	  0.335809	   0.32823	  0.320505	  0.312646	   0.30465	   0.29652	  0.288323	  0.280091	  0.271856	  0.263642	  0.255455	  0.247289	  0.239138	  0.231001	  0.222875	  0.214758	  0.206659	  0.198591	  0.190576	  0.182636	  0.174793	  0.167071	  0.159494	  0.152083	   0.14486	  0.137844	  0.131053	  0.124504	   0.11821
   277	     0	0.000188318	0.000293871	0.000622369	0.00146518	0.00355314	0.00850224	 0.0191786	  0.038754	 0.0674845	  0.102589	  0.141048	  0.180625	  0.219175	  0.255125	  0.287168	  0.314557	  0.336979	  0.354855	  0.368489	  0.378517	  0.385398	  0.390145	  0.393424	  0.396091	  0.398552	  0.400822	  0.403324	  0.405778	  0.408151	   0.41002	  0.410978	  0.411114	  0.410259	  0.408257	  0.405674	  0.402337	  0.398068	  0.393141	  0.387585	  0.381268	  0.374312	  0.366893	  0.359121	   0.35109	  0.342922	  0.334632	  0.326213	  0.317668	  0.309063	   0.30043	  0.291802	  0.283205	  0.274644	  0.266112	    0.2576	  0.249103	  0.240613	  0.232128	  0.223656	  0.215211	  0.206816	  0.198496	  0.190275	  0.182178	  0.174229	  0.166452	  0.158869	  0.151499	  0.144361	  0.137472	  0.130846
   278	     0	0.000331173	0.000503682	 0.0010341	0.00236389	 0.0055438	 0.0126575	 0.0266765	   0.04963	 0.0801765	  0.115438	  0.153027	  0.191079	  0.227681	  0.261429	  0.291182	  0.316315	  0.336591	  0.352467	  0.364262	   0.37261	   0.37797	  0.381361	  0.383429	  0.385066	  0.386664	  0.388225	  0.390157	  0.392184	  0.394191	  0.395724	  0.396381	  0.396232	  0.395085	  0.392779	   0.38989	  0.386262	  0.381773	  0.376714	  0.371107	  0.364799	  0.357881	   0.35051	  0.342786	  0.334802	  0.326667	  0.318405	  0.310015	  0.301496	  0.292909	  0.284283	  0.275649	  0.267035	  0.258454	  0.249904	  0.241383	   0.23289	  0.224424	  0.215989	  0.207596	  0.199263	  0.191013	  0.182873	  0.174867	  0.167022	  0.159361	  0.151905	  0.144673	  0.137684	   0.13095	  0.124484	  0.118295
   279	     0	0.000413095	0.000636151	0.00133634	 0.0031251	0.00744089	 0.0169682	 0.0348749	 0.0621274	 0.0960348	  0.133505	  0.172393	  0.210989	  0.247459	  0.280555	  0.309273	   0.33311	  0.351935	  0.366317	  0.376604	  0.383471	  0.387428	  0.389526	  0.390391	  0.390952	  0.391608	  0.392354	  0.393585	  0.395025	  0.396608	  0.397858	  0.398322	  0.398053	  0.396874	  0.394621	   0.39183	  0.388337	  0.383976	  0.379015	  0.373473	  0.367202	  0.360318	   0.35299	  0.345321	  0.337404	  0.329353	  0.321182	  0.312886	  0.304467	  0.295989	  0.287482	  0.278979	  0.270505	  0.262065	  0.253657	  0.245271	  0.236906	  0.228558	  0.220227	  0.211919	  0.203651	  0.195443	  0.187319	  0.179302	  0.171417	  0.163687	  0.156136	  0.148783	  0.141648	  0.134749	    0.1281	  0.121715
   280	     0	0.000423866	0.000659556	0.00142939	0.00347459	0.00857681	 0.0200345	 0.0413124	 0.0724438	  0.109479	  0.148965	  0.188817	  0.227437	  0.263143	  0.294847	  0.321716	  0.343401	  0.359906	  0.371944	  0.379926	  0.384581	  0.386473	  0.386701	  0.385878	  0.384996	  0.384444	  0.384214	  0.384693	   0.38557	  0.386724	  0.387628	   0.38783	  0.387383	  0.386086	  0.383719	  0.380804	  0.377182	  0.372744	  0.367778	  0.362297	  0.356143	  0.349437	  0.342337	  0.334934	  0.327312	  0.319559	  0.311684	  0.303682	  0.295556	  0.287374	  0.279165	  0.270964	  0.262792	  0.254653	  0.246542	  0.238451	  0.230376	  0.222314	  0.214263	  0.206231	  0.198232	  0.190285	  0.182412	  0.174636	  0.166979	  0.159463	  0.152112	  0.144945	  0.137981	  0.131239	  0.124736	  0.118483
   281	     0	0.000261221	0.000392261	0.000772435	0.00167608	0.00374761	0.00831185	 0.0176279	 0.0343862	 0.0594923	 0.0913192	  0.127235	   0.16488	  0.201995	  0.236891	  0.268173	   0.29502	  0.317065	  0.334692	  0.348191	  0.358181	  0.365105	  0.369974	  0.373437	  0.376345	  0.379081	  0.381644	  0.384443	  0.387202	  0.389841	  0.391955	   0.39318	  0.393609	  0.393063	  0.391368	  0.389078	  0.386039	  0.382092	  0.377492	  0.372257	  0.366252	  0.359597	  0.352466	  0.344967	  0.337196	  0.329267	    0.3212	  0.312993	   0.30465	  0.296237	  0.287786	  0.279331	  0.270898	  0.262493	  0.254111	  0.245746	  0.237395	  0.229052	  0.220719	  0.212402	  0.204121	  0.195896	  0.187754	  0.179718	  0.171815	  0.164068	  0.156499	  0.149131	  0.141983	  0.135072	  0.128413	   0.12202
   282	     0	0.000303523	0.000455613	0.000909173	0.00201323	 0.0045918	 0.0103113	  0.021799	 0.0415375	 0.0693129	  0.102641	  0.138887	  0.175992	   0.21199	  0.245408	  0.275037	  0.300188	  0.320579	   0.33664	  0.348678	  0.357315	  0.362996	   0.36674	   0.36918	  0.371193	  0.373151	  0.375057	  0.377313	  0.379641	  0.381924	  0.383729	  0.384682	  0.384862	  0.384085	  0.382176	  0.379693	  0.376486	  0.372423	  0.367773	  0.362554	  0.356617	  0.350062	  0.343049	  0.335675	  0.328028	  0.320216	   0.31226	   0.30416	  0.295921	  0.287605	  0.279242	  0.270867	  0.262506	  0.254168	  0.245854	  0.237557	  0.229276	  0.221009	  0.212758	  0.204533	  0.196353	  0.188244	   0.18023	  0.172339	  0.164595	  0.157022	  0.149642	  0.142476	   0.13554	   0.12885	  0.122418	  0.116255
   283	     0	0.00015133	0.000240145	0.000545999	 0.0014141	0.00378919	0.00992798	  0.023827	 0.0488257	 0.0829128	  0.121441	   0.16134	  0.200789	  0.238035	  0.271799	  0.301071	  0.325351	  0.344527	  0.359198	  0.369747	  0.376871	  0.381083	  0.383448	  0.384592	  0.385455	  0.386423	   0.38749	  0.389057	  0.390822	  0.392684	  0.394167	  0.394842	  0.394781	  0.393795	  0.391697	   0.38904	  0.385664	  0.381423	  0.376593	  0.371193	  0.365074	  0.358356	  0.351206	  0.343725	     0.336	  0.328141	  0.320159	   0.31205	  0.303815	  0.295519	  0.287193	   0.27887	  0.270575	  0.262312	  0.254077	  0.245861	  0.237663	  0.229477	  0.221303	  0.213148	  0.205026	   0.19696	   0.18897	  0.181081	  0.173317	  0.165701	  0.158255	  0.150999	  0.143953	  0.137135	  0.130561	  0.124242
   284	     0	0.00015133	0.000240145	0.000545999	 0.0014141	0.00378919	0.00992798	  0.023827	 0.0488257	 0.0829128	  0.121441	   0.16134	  0.200789	  0.238035	  0.271799	  0.301071	  0.325351	  0.344527	  0.359198	  0.369747	  0.376871	  0.381083	  0.383448	  0.384592	  0.385455	  0.386423	   0.38749	  0.389057	  0.390822	  0.392684	  0.394167	  0.394842	  0.394781	  0.393795	  0.391697	   0.38904	  0.385664	  0.381423	  0.376593	  0.371193	  0.365074	  0.358356	  0.351206	  0.343725	     0.336	  0.328141	  0.320159	   0.31205	  0.303815	  0.295519	  0.287193	   0.27887	  0.270575	  0.262312	  0.254077	  0.245861	  0.237663	  0.229477	  0.221303	  0.213148	  0.205026	   0.19696	   0.18897	  0.181081	  0.173317	  0.165701	  0.158255	  0.150999	  0.143953	  0.137135	  0.130561	  0.124242
   285	     0	0.000284728	0.000425279	0.000840548	0.00184298	0.00417087	0.00933633	 0.0198293	  0.038292	 0.0650191	 0.0977919	  0.133882	   0.17111	  0.207489	  0.241491	  0.271873	  0.297897	  0.319232	  0.336236	  0.349195	  0.358704	  0.365189	  0.369648	  0.372732	  0.375277	  0.377646	  0.379823	  0.382185	  0.384509	  0.386704	  0.388361	  0.389127	   0.38905	  0.387965	  0.385753	  0.382979	  0.379503	  0.375197	  0.370341	  0.364959	  0.358895	  0.352226	  0.345089	  0.337578	  0.329777	  0.321797	  0.313666	  0.305386	  0.296959	  0.288445	  0.279874	  0.271278	  0.262687	  0.254117	  0.245571	  0.237049	  0.228552	  0.220079	  0.211638	  0.203239	  0.194902	  0.186652	  0.178517	  0.170522	  0.162694	  0.155055	  0.147629	  0.140432	  0.133481	  0.126789	  0.120367	  0.114221
   286	     0	0.000401982	0.000615729	0.00127661	0.00294197	0.00691783	 0.0156678	 0.0322649	 0.0580142	 0.0906691	   0.12723	  0.165519	  0.203823	  0.240334	  0.273753	  0.303025	  0.327585	  0.347238	  0.362476	  0.373623	  0.381323	  0.386049	  0.388825	  0.390296	  0.391364	  0.392429	  0.393506	  0.395011	  0.396661	  0.398375	  0.399681	  0.400136	  0.399803	  0.398506	    0.3961	  0.393153	    0.3895	  0.384984	  0.379899	  0.374272	  0.367951	  0.361032	  0.353672	  0.345966	     0.338	   0.32989	  0.321654	   0.31329	  0.304798	  0.296239	  0.287643	  0.279042	  0.270463	  0.261916	  0.253399	  0.244907	  0.236436	  0.227984	  0.219553	  0.211152	  0.202798	  0.194515	  0.186329	  0.178266	   0.17035	  0.162606	  0.155056	   0.14772	  0.140616	  0.133759	  0.127163	  0.120837
   287	     0	0.000385584	0.00059759	0.00135972	0.00355786	 0.0093855	 0.0225918	 0.0455529	 0.0758093	  0.109161	  0.143585	  0.178039	  0.211523	  0.242806	  0.270984	  0.295302	  0.315358	   0.33102	  0.342759	  0.350866	  0.355917	  0.358351	  0.359184	  0.359051	   0.35881	  0.358809	  0.359023	  0.359817	  0.360945	  0.362258	  0.363275	  0.363579	  0.363202	  0.361956	  0.359679	  0.356887	  0.353449	  0.349286	   0.34466	  0.339572	  0.333859	    0.3276	  0.320925	  0.313918	  0.306653	  0.299216	  0.291629	  0.283893	  0.276014	  0.268047	  0.260023	  0.251973	  0.243927	  0.235898	  0.227892	   0.21991	  0.211953	  0.204026	  0.196135	  0.188294	   0.18052	  0.172839	  0.165273	  0.157849	  0.150588	  0.143513	  0.136644	  0.129996	  0.123585	  0.117421	  0.111515	  0.105873
   288	     0	0.000423866	0.000659556	0.00142939	0.00347459	0.00857681	 0.0200345	 0.0413124	 0.0724438	  0.109479	  0.148965	  0.188817	  0.227437	  0.263143	  0.294847	  0.321716	  0.343401	  0.359906	  0.371944	  0.379926	  0.384581	  0.386473	  0.386701	  0.385878	  0.384996	  0.384444	  0.384214	  0.384693	   0.38557	  0.386724	  0.387628	   0.38783	  0.387383	  0.386086	  0.383719	  0.380804	  0.377182	  0.372744	  0.367778	  0.362297	  0.356143	  0.349437	  0.342337	  0.334934	  0.327312	  0.319559	  0.311684	  0.303682	  0.295556	  0.287374	  0.279165	  0.270964	  0.262792	  0.254653	  0.246542	  0.238451	  0.230376	  0.222314	  0.214263	  0.206231	  0.198232	  0.190285	  0.182412	  0.174636	  0.166979	  0.159463	  0.152112	  0.144945	  0.137981	  0.131239	  0.124736	  0.118483
   289	     0	0.000394868	0.000612885	0.00132128	 0.0031937	0.00784484	 0.0182651	 0.0376332	 0.0660768	  0.100075	  0.136537	  0.173647	  0.210023	  0.244131	  0.274891	  0.301411	  0.323239	  0.340264	  0.353078	   0.36201	  0.367719	  0.370698	  0.371993	  0.372168	    0.3722	  0.372462	   0.37294	  0.374021	  0.375398	  0.376932	  0.378131	  0.378572	  0.378321	  0.377183	  0.374956	  0.372175	   0.36868	  0.364362	  0.359519	  0.354169	  0.348147	  0.341559	  0.334559	  0.327241	  0.319689	  0.311998	  0.304182	  0.296235	  0.288162	  0.280024	  0.271852	  0.263676	  0.255522	  0.247398	  0.239299	  0.231223	  0.223166	  0.215129	  0.207114	   0.19913	  0.191193	  0.183327	  0.175555	    0.1679	  0.160387	  0.153038	  0.145874	  0.138914	  0.132177	  0.125676	  0.119426	  0.113436
   290	     0	0.000197416	0.000308155	0.000698231	0.00181942	0.00489494	 0.0126885	 0.0293175	 0.0565597	 0.0907466	  0.127703	  0.165238	  0.201964	  0.236407	  0.267471	  0.294278	  0.316387	  0.333693	   0.34676	   0.35594	  0.361885	  0.365088	  0.366604	  0.367051	  0.367347	  0.367851	  0.368544	  0.369798	  0.371355	  0.373109	  0.374592	  0.375369	  0.375475	  0.374731	  0.372973	  0.370712	  0.367803	   0.36408	  0.359768	   0.35487	  0.349239	  0.342987	  0.336275	    0.3292	  0.321849	  0.314333	   0.30667	  0.298862	  0.290914	  0.282889	  0.274817	  0.266733	  0.258661	  0.250611	  0.242582	  0.234567	  0.226566	  0.218576	  0.210598	  0.202641	  0.194722	  0.186864	  0.179089	  0.171424	   0.16389	  0.156512	  0.149311	  0.142307	  0.135517	  0.128958	  0.122643	  0.116583
   291	     0	0.000299949	0.000460296	0.000959935	0.00223271	0.00533374	 0.0124303	   0.02678	 0.0507758	 0.0829504	  0.119817	  0.158532	  0.197068	  0.233474	  0.266412	  0.294831	  0.318223	   0.33649	  0.350284	  0.360002	  0.366364	  0.369908	  0.371723	   0.37243	  0.372983	  0.373761	  0.374756	  0.376368	  0.378258	  0.380284	   0.38196	  0.382874	  0.383121	  0.382488	  0.380722	  0.378361	  0.375248	  0.371261	  0.366661	  0.361464	  0.355536	  0.349017	  0.342078	  0.334821	  0.327335	  0.319712	  0.311958	   0.30407	  0.296056	  0.287984	  0.279887	  0.271798	   0.26374	  0.255712	  0.247707	  0.239719	  0.231743	  0.223776	  0.215815	  0.207865	  0.199941	  0.192059	   0.18424	  0.176505	  0.168875	  0.161374	  0.154023	  0.146843	  0.139854	  0.133077	  0.126528	  0.120223
   292	     0	0.000240501	0.000371881	0.000780912	0.00182638	0.00439697	 0.0104033	 0.0230343	 0.0453369	 0.0767733	  0.113862	   0.15329	  0.192724	  0.230047	  0.263828	  0.292952	  0.316892	  0.335562	  0.349666	   0.35962	   0.36617	  0.369885	  0.371871	  0.372722	  0.373427	   0.37437	  0.375544	  0.377348	   0.37944	  0.381704	  0.383667	  0.384906	  0.385517	  0.385279	  0.383934	  0.382011	   0.37935	  0.375765	  0.371482	  0.366515	  0.360748	  0.354344	  0.347485	  0.340286	  0.332841	  0.325253	  0.317529	  0.309669	  0.301684	  0.293645	  0.285589	  0.277548	  0.269542	  0.261569	  0.253619	  0.245685	  0.237761	   0.22984	  0.221916	  0.213995	  0.206089	  0.198212	  0.190384	  0.182622	  0.174949	  0.167384	  0.159951	  0.152669	   0.14556	  0.138645	  0.131944	  0.125473
   293	     0	0.000229565	0.000349165	0.000722623	0.00167453	0.00400769	0.00944875	 0.0209046	 0.0412539	 0.0702152	  0.104792	  0.142041	   0.17984	  0.216206	  0.249692	  0.279129	  0.303878	  0.323722	  0.339171	  0.350565	  0.358562	  0.363656	  0.366898	  0.368932	  0.370646	   0.37241	  0.374213	  0.376437	  0.378818	  0.381284	  0.383403	  0.384755	  0.385397	  0.385153	  0.383855	  0.382014	   0.37948	  0.376042	  0.371898	  0.367053	  0.361386	  0.355035	  0.348183	  0.340943	  0.333415	  0.325721	  0.317881	  0.309893	  0.301766	  0.293565	  0.285322	  0.277073	  0.268841	  0.260633	  0.252443	  0.244265	  0.236097	  0.227932	   0.21977	  0.211618	  0.203492	  0.195413	  0.187404	   0.17949	  0.171694	  0.164041	  0.156552	   0.14925	  0.142154	  0.135284	  0.128654	  0.122279
   294	     0	0.000206934	0.000324726	0.00072638	0.00184766	0.00484163	 0.0122818	 0.0281222	 0.0545782	 0.0886378	  0.126034	  0.164242	  0.201676	  0.236707	  0.268197	  0.295234	   0.31738	  0.334567	   0.34745	  0.356404	  0.362122	  0.365125	   0.36649	   0.36681	  0.367053	  0.367588	   0.36841	  0.369917	  0.371764	  0.373799	  0.375532	  0.376537	  0.376903	  0.376413	   0.37482	  0.372654	  0.369762	  0.366004	  0.361629	  0.356649	  0.350924	  0.344594	  0.337832	  0.330739	  0.323406	   0.31593	  0.308319	  0.300572	  0.292697	  0.284762	  0.276799	  0.268842	  0.260912	  0.253011	  0.245132	  0.237269	  0.229418	  0.221573	  0.213734	  0.205906	  0.198105	  0.190349	  0.182659	  0.175055	  0.167562	    0.1602	  0.152992	  0.145957	  0.139117	  0.132488	  0.126089	  0.119933
   295	     0	0.000242948	0.000377155	0.000787287	0.00182069	0.00433215	 0.0101683	 0.0225251	  0.044818	 0.0771012	  0.115804	  0.156978	   0.19783	  0.236077	  0.270231	  0.299206	  0.322549	  0.340279	  0.353247	  0.361948	  0.367214	   0.36969	  0.370546	  0.370362	  0.370201	  0.370438	  0.371055	  0.372428	   0.37421	  0.376291	  0.378177	  0.379422	  0.380104	  0.379993	  0.378829	  0.377119	  0.374703	  0.371357	   0.36729	  0.362522	  0.356952	  0.350746	  0.344086	  0.337082	  0.329827	  0.322422	  0.314871	  0.307178	  0.299354	  0.291477	  0.283582	  0.275703	  0.267857	   0.26004	  0.252241	  0.244455	  0.236678	  0.228901	  0.221119	  0.213335	  0.205558	  0.197801	  0.190078	  0.182407	  0.174805	  0.167293	   0.15989	  0.152616	  0.145495	  0.138546	   0.13179	  0.125248
   296	     0	0.00012619	0.00019514	0.000419093	0.00101651	0.00256322	0.00643906	 0.0154412	 0.0334502	 0.0619154	 0.0978965	  0.137285	  0.177197	  0.215347	  0.250155	  0.280421	  0.305556	  0.325431	  0.340694	  0.351767	  0.359387	  0.364095	  0.366989	  0.368687	  0.370143	  0.371733	  0.373449	  0.375689	  0.378133	  0.380662	  0.382827	  0.384229	  0.384962	  0.384813	  0.383544	  0.381689	    0.3791	  0.375598	  0.371405	  0.366529	  0.360844	  0.354502	  0.347689	  0.340518	  0.333086	  0.325501	  0.317776	  0.309912	  0.301917	  0.293862	  0.285781	  0.277707	  0.269663	  0.261649	  0.253657	   0.24568	  0.237713	  0.229748	  0.221783	  0.213823	  0.205882	  0.197978	   0.19013	  0.182361	  0.174692	  0.167146	  0.159744	  0.152509	   0.14546	  0.138617	  0.131999	   0.12562
   297	     0	0.000340332	0.000539511	 0.0011735	0.00283452	0.00697837	 0.0165438	  0.035516	 0.0657855	  0.104334	  0.146883	  0.190413	   0.23276	  0.271836	  0.306378	  0.335473	  0.358797	  0.376438	  0.389256	  0.397732	  0.402685	  0.404749	  0.405069	  0.404249	  0.403334	  0.402743	  0.402468	  0.402898	  0.403702	  0.404793	  0.405641	  0.405795	  0.405312	  0.403977	  0.401541	  0.398531	  0.394773	  0.390145	  0.384946	  0.379196	  0.372749	  0.365745	  0.358353	  0.350672	  0.342792	  0.334799	  0.326695	  0.318473	  0.310139	  0.301763	   0.29338	  0.285023	   0.27671	  0.268441	  0.260204	   0.25199	  0.243791	  0.235598	  0.227407	  0.219223	  0.211056	  0.202925	  0.194847	  0.186845	  0.178939	  0.171152	  0.163505	  0.156021	   0.14872	  0.141624	  0.134752	   0.12812
   298	     0	0.000183581	0.000292566	0.000651725	0.00163001	0.00419852	 0.0105861	 0.0246571	 0.0498497	 0.0847437	  0.124885	  0.166831	  0.208377	  0.247471	  0.282721	  0.313059	  0.338001	  0.357491	  0.372227	  0.382645	  0.389505	  0.393379	  0.395374	  0.396137	  0.396629	  0.397259	  0.398031	   0.39935	  0.400904	   0.40262	  0.404007	  0.404626	  0.404546	  0.403571	  0.401491	  0.398845	  0.395464	  0.391192	  0.386301	   0.38081	  0.374587	  0.367768	  0.360526	  0.352961	  0.345165	  0.337241	  0.329195	   0.32102	  0.312722	   0.30437	  0.295997	  0.287638	  0.279315	  0.271029	  0.262769	  0.254527	  0.246296	  0.238067	  0.229836	  0.221608	  0.213398	  0.205224	  0.197106	  0.189068	  0.181131	  0.173319	  0.165653	  0.158157	  0.150851	  0.143755	  0.136887	  0.130264
   299	     0	0.000356476	0.000543175	0.00111896	0.00256505	0.00601984	 0.0136994	  0.028617	 0.0525556	 0.0838554	   0.11961	  0.157515	  0.195746	  0.232384	  0.266061	  0.295667	  0.320598	  0.340641	  0.356276	  0.367824	  0.375922	  0.381043	  0.384212	  0.386069	  0.387507	  0.388925	  0.390326	  0.392121	  0.394037	  0.395995	  0.397543	  0.398251	  0.398184	  0.397163	  0.395028	  0.392335	  0.388924	  0.384633	   0.37973	  0.374233	  0.367996	  0.361129	  0.353798	   0.34611	  0.338159	  0.330063	  0.321841	   0.31349	  0.305013	  0.296471	  0.287896	  0.279319	  0.270767	  0.262248	   0.25376	  0.245297	  0.236856	  0.228434	  0.220032	  0.211659	  0.203332	  0.195074	  0.186908	  0.178862	  0.170959	  0.163224	  0.155678	  0.148343	  0.141237	  0.134376	  0.127774	  0.121442
   300	     0	0.00015133	0.000240145	0.000545999	 0.0014141	0.00378919	0.00992798	  0.023827	 0.0488257	 0.0829128	  0.121441	   0.16134	  0.200789	  0.238035	  0.271799	  0.301071	  0.325351	  0.344527	  0.359198	  0.369747	  0.376871	  0.381083	  0.383448	  0.384592	  0.385455	  0.386423	   0.38749	  0.389057	  0.390822	  0.392684	  0.394167	  0.394842	  0.394781	  0.393795	  0.391697	   0.38904	  0.385664	  0.381423	  0.376593	  0.371193	  0.365074	  0.358356	  0.351206	  0.343725	     0.336	  0.328141	  0.320159	   0.31205	  0.303815	  0.295519	  0.287193	   0.27887	  0.270575	  0.262312	  0.254077	  0.245861	  0.237663	  0.229477	  0.221303	  0.213148	  0.205026	   0.19696	   0.18897	  0.181081	  0.173317	  0.165701	  0.158255	  0.150999	  0.143953	  0.137135	  0.130561	  0.124242
   301	     0	0.000344891	0.000523857	0.00106942	 0.0024248	0.00563565	 0.0127545	 0.0266874	 0.0494269	 0.0796781	  0.114592	   0.15177	  0.189342	  0.225383	  0.258525	  0.287642	  0.312127	  0.331763	  0.347045	  0.358298	  0.366163	  0.371112	  0.374174	  0.375987	  0.377448	  0.378941	  0.380472	  0.382454	  0.384579	  0.386718	  0.388411	  0.389263	  0.389367	  0.388522	  0.386519	  0.383915	  0.380553	  0.376321	  0.371497	    0.3661	  0.359983	  0.353262	  0.346106	  0.338614	  0.330879	     0.323	  0.314992	  0.306852	  0.298583	   0.29025	  0.281884	  0.273517	  0.265174	  0.256862	  0.248576	   0.24031	  0.232062	  0.223829	  0.215611	  0.207417	  0.199264	  0.191176	  0.183175	  0.175286	  0.167533	  0.159941	  0.152531	  0.145324	  0.138339	  0.131592	  0.125099	   0.11887
   302	     0	0.000331173	0.000503682	 0.0010341	0.00236389	 0.0055438	 0.0126575	 0.0266765	   0.04963	 0.0801765	  0.115438	  0.153027	  0.191079	  0.227681	  0.261429	  0.291182	  0.316315	  0.336591	  0.352467	  0.364262	   0.37261	   0.37797	  0.381361	  0.383429	  0.385066	  0.386664	  0.388225	  0.390157	  0.392184	  0.394191	  0.395724	  0.396381	  0.396232	  0.395085	  0.392779	   0.38989	  0.386262	  0.381773	  0.376714	  0.371107	  0.364799	  0.357881	   0.35051	  0.342786	  0.334802	  0.326667	  0.318405	  0.310015	  0.301496	  0.292909	  0.284283	  0.275649	  0.267035	  0.258454	  0.249904	  0.241383	   0.23289	  0.224424	  0.215989	  0.207596	  0.199263	  0.191013	  0.182873	  0.174867	  0.167022	  0.159361	  0.151905	  0.144673	  0.137684	   0.13095	  0.124484	  0.118295
   303	     0	0.00015133	0.000240145	0.000545999	 0.0014141	0.00378919	0.00992798	  0.023827	 0.0488257	 0.0829128	  0.121441	   0.16134	  0.200789	  0.238035	  0.271799	  0.301071	  0.325351	  0.344527	  0.359198	  0.369747	  0.376871	  0.381083	  0.383448	  0.384592	  0.385455	  0.386423	   0.38749	  0.389057	  0.390822	  0.392684	  0.394167	  0.394842	  0.394781	  0.393795	  0.391697	   0.38904	  0.385664	  0.381423	  0.376593	  0.371193	  0.365074	  0.358356	  0.351206	  0.343725	     0.336	  0.328141	  0.320159	   0.31205	  0.303815	  0.295519	  0.287193	   0.27887	  0.270575	  0.262312	  0.254077	  0.245861	  0.237663	  0.229477	  0.221303	  0.213148	  0.205026	   0.19696	   0.18897	  0.181081	  0.173317	  0.165701	  0.158255	  0.150999	  0.143953	  0.137135	  0.130561	  0.124242
   304	     0	0.000310895	0.000479856	0.00102401	0.00245447	 0.0060342	   0.01434	  0.030946	 0.0576564	 0.0918501	  0.129758	  0.168827	  0.207284	  0.243361	  0.275833	  0.303739	  0.326626	  0.344419	  0.357761	  0.367042	   0.37297	  0.376085	  0.377472	  0.377741	  0.377852	  0.378182	  0.378716	  0.379832	  0.381246	  0.382864	  0.384205	  0.384827	   0.38478	  0.383879	  0.381936	  0.379464	  0.376307	  0.372302	  0.367699	  0.362508	  0.356584	  0.350053	  0.343083	  0.335774	  0.328216	  0.320512	  0.312677	  0.304707	  0.296607	  0.288444	  0.280249	  0.272056	  0.263887	  0.255748	  0.247633	  0.239534	   0.23145	  0.223376	  0.215311	  0.207261	  0.199242	  0.191273	  0.183375	  0.175571	  0.167886	  0.160341	  0.152958	  0.145759	  0.138763	  0.131988	   0.12545	  0.119163
   305	     0	0.000303523	0.000455613	0.000909173	0.00201323	 0.0045918	 0.0103113	  0.021799	 0.0415375	 0.0693129	  0.102641	  0.138887	  0.175992	   0.21199	  0.245408	  0.275037	  0.300188	  0.320579	   0.33664	  0.348678	  0.357315	  0.362996	   0.36674	   0.36918	  0.371193	  0.373151	  0.375057	  0.377313	  0.379641	  0.381924	  0.383729	  0.384682	  0.384862	  0.384085	  0.382176	  0.379693	  0.376486	  0.372423	  0.367773	  0.362554	  0.356617	  0.350062	  0.343049	  0.335675	  0.328028	  0.320216	   0.31226	   0.30416	  0.295921	  0.287605	  0.279242	  0.270867	  0.262506	  0.254168	  0.245854	  0.237557	  0.229276	  0.221009	  0.212758	  0.204533	  0.196353	  0.188244	   0.18023	  0.172339	  0.164595	  0.157022	  0.149642	  0.142476	   0.13554	   0.12885	  0.122418	  0.116255
   306	     0	0.00029693	0.000457164	0.000990408	0.00243284	0.00612231	 0.0147238	 0.0315043	 0.0572234	   0.08879	  0.123208	  0.158778	  0.194232	  0.228134	  0.259354	  0.286934	   0.31031	  0.329234	  0.344087	  0.355121	  0.362892	  0.367804	  0.370834	  0.372587	  0.373921	  0.375201	  0.376419	  0.377961	  0.379598	   0.38124	  0.382452	  0.382835	  0.382434	  0.381082	  0.378655	  0.375708	  0.372099	  0.367702	    0.3628	  0.357411	  0.351372	  0.344753	  0.337691	  0.330272	  0.322575	  0.314709	  0.306699	  0.298545	  0.290252	  0.281877	  0.273448	  0.264998	  0.256555	  0.248138	   0.23975	  0.231392	  0.223065	  0.214769	  0.206512	  0.198305	  0.190167	  0.182125	  0.174205	  0.166432	  0.158832	  0.151427	  0.144237	   0.13728	  0.130569	  0.124116	  0.117931	  0.112018
   307	     0	0.000257696	0.000414605	0.00094648	 0.0024349	0.00641173	 0.0162294	 0.0367317	 0.0699567	  0.111449	  0.155757	  0.199725	  0.241463	  0.279237	  0.312001	  0.339028	   0.36013	  0.375496	  0.386095	  0.392447	  0.395408	  0.395652	  0.394365	  0.392123	   0.39005	   0.38855	  0.387615	  0.387631	   0.38823	  0.389278	  0.390205	  0.390522	  0.390279	  0.389247	  0.387159	  0.384537	  0.381206	  0.377019	  0.372262	   0.36695	  0.360944	  0.354385	  0.347435	  0.340188	  0.332727	  0.325141	   0.31743	  0.309592	  0.301632	  0.293624	    0.2856	  0.277594	  0.269625	   0.26169	  0.253779	  0.245885	     0.238	  0.230118	  0.222232	  0.214347	  0.206475	  0.198632	  0.190835	  0.183103	  0.175457	  0.167918	  0.160506	  0.153245	  0.146153	  0.139251	  0.132559	  0.126094
   308	     0	0.00021718	0.000330806	0.000691686	0.00162789	0.00396275	0.00948931	 0.0212171	 0.0419655	 0.0710969	  0.105389	  0.141986	  0.178941	  0.214444	  0.247136	  0.275907	  0.300143	  0.319619	  0.334818	  0.346062	  0.353985	  0.359043	  0.362264	  0.364257	  0.365925	  0.367629	  0.369362	   0.37152	  0.373811	  0.376099	  0.377947	  0.378973	   0.37926	  0.378615	  0.376848	  0.374508	  0.371448	  0.367533	  0.363023	  0.357933	  0.352112	  0.345671	  0.338775	  0.331525	   0.32401	  0.316336	  0.308523	  0.300569	  0.292481	   0.28432	  0.276118	  0.267907	  0.259713	  0.251545	  0.243401	  0.235274	  0.227163	  0.219067	  0.210986	  0.202931	  0.194919	  0.186974	  0.179118	  0.171378	  0.163777	  0.156339	  0.149086	  0.142037	   0.13521	  0.128621	  0.122283	  0.116207
   309	     0	0.000239287	0.000372725	0.000808602	0.00197565	0.00496961	 0.0121766	 0.0273511	 0.0531325	 0.0873245	  0.125587	  0.164864	  0.203252	  0.238991	  0.270879	  0.297987	  0.319906	  0.336626	  0.348905	  0.357167	  0.362169	  0.364485	  0.365234	  0.364988	  0.364774	   0.36496	  0.365533	  0.366879	  0.368641	  0.370667	  0.372456	  0.373564	  0.374076	  0.373769	  0.372386	  0.370446	  0.367794	  0.364254	  0.360063	  0.355232	  0.349635	  0.343424	  0.336774	   0.32979	  0.322563	  0.315191	  0.307681	  0.300033	  0.292258	  0.284425	  0.276569	  0.268722	  0.260904	  0.253114	  0.245344	  0.237587	  0.229841	  0.222099	  0.214358	  0.206622	  0.198903	  0.191219	  0.183586	  0.176024	  0.168555	  0.161199	  0.153978	  0.146911	  0.140021	  0.133326	  0.126845	  0.120594
   310	     0	0.000306102	0.000470024	0.000971155	0.00222781	0.00524909	 0.0121103	 0.0260285	 0.0496697	 0.0820019	  0.119532	  0.159129	  0.198574	   0.23586	  0.269584	  0.298666	  0.322587	   0.34125	  0.355317	  0.365203	  0.371648	  0.375214	  0.377001	  0.377639	  0.378093	  0.378745	  0.379582	  0.380985	  0.382659	  0.384511	  0.386061	  0.386869	  0.386992	  0.386246	  0.384444	  0.382104	  0.379066	  0.375154	  0.370619	  0.365478	  0.359599	   0.35311	  0.346177	  0.338901	  0.331369	  0.323689	  0.315873	  0.307916	  0.299823	  0.291664	  0.283469	  0.275274	    0.2671	  0.258952	  0.250823	  0.242706	  0.234597	  0.226492	  0.218388	  0.210292	  0.202219	  0.194187	  0.186218	  0.178336	  0.170564	  0.162924	  0.155438	  0.148129	  0.141017	  0.134121	  0.127457	  0.121041
   311	     0	0.000177511	0.000282493	0.000649095	0.00170229	0.00460291	 0.0120418	  0.028302	 0.0557994	 0.0911505	  0.129765	   0.16909	  0.207565	  0.243558	  0.275916	   0.30372	  0.326538	  0.344301	  0.357651	  0.366977	   0.37298	  0.376184	  0.377665	  0.378047	  0.378278	  0.378735	  0.379408	   0.38069	  0.382254	  0.383957	  0.385297	  0.385862	  0.385731	  0.384698	  0.382535	  0.379785	  0.376292	  0.371964	  0.367095	    0.3617	  0.355629	  0.349001	  0.341977	  0.334653	   0.32711	  0.319438	  0.311642	  0.303716	  0.295666	  0.287554	  0.279414	  0.271276	  0.263166	  0.255086	  0.247031	  0.238994	  0.230973	  0.222966	  0.214971	  0.206997	  0.199056	  0.191171	   0.18336	  0.175649	  0.168058	  0.160612	  0.153331	  0.146236	  0.139347	  0.132681	  0.126254	  0.120078
   312	     0	0.000385671	0.000579628	0.00113748	 0.0024495	 0.0054057	 0.0117236	 0.0239797	  0.044542	 0.0732572	  0.107849	  0.145688	  0.184516	  0.222101	  0.256846	  0.287474	  0.313293	  0.334057	  0.350267	  0.362273	  0.370749	    0.3762	  0.379677	  0.381839	  0.383559	  0.385225	  0.386816	  0.388701	  0.390633	   0.39256	  0.394056	  0.394742	  0.394675	  0.393688	  0.391612	  0.388966	  0.385596	  0.381362	  0.376517	  0.371078	  0.364902	  0.358108	  0.350864	  0.343276	  0.335435	  0.327447	  0.319328	  0.311073	  0.302687	  0.294236	  0.285753	  0.277271	  0.268814	  0.260389	  0.251989	  0.243609	  0.235244	  0.226893	  0.218555	  0.210237	  0.201954	  0.193727	  0.185579	  0.177534	  0.169617	  0.161851	  0.154258	   0.14686	  0.139677	  0.132728	  0.126028	   0.11959
   313	     0	0.000227419	0.000353275	0.00075702	0.00182135	0.00451888	 0.0109872	 0.0247728	 0.0489272	 0.0821515	  0.120355	  0.160226	  0.199638	  0.236707	  0.270111	  0.298832	  0.322391	  0.340715	  0.354471	  0.364083	  0.370285	  0.373633	  0.375229	  0.375697	  0.375998	  0.376507	  0.377203	  0.378461	  0.379988	  0.381671	  0.383028	  0.383645	  0.383582	  0.382649	  0.380643	  0.378083	  0.374817	  0.370712	   0.36604	  0.360815	  0.354893	  0.348394	  0.341478	  0.334239	  0.326761	  0.319139	  0.311383	  0.303488	  0.295461	  0.287367	  0.279239	  0.271111	  0.263005	  0.254925	  0.246866	   0.23882	  0.230786	  0.222759	  0.214739	  0.206731	  0.198751	  0.190818	  0.182953	  0.175179	  0.167519	  0.159994	  0.152628	  0.145442	  0.138455	  0.131685	  0.125149	  0.118861
   314	     0	0.000269456	0.000421177	0.000927131	0.00230716	0.00588918	 0.0144614	 0.0318631	 0.0596523	 0.0945446	  0.132626	  0.171569	   0.20979	  0.245642	  0.277956	    0.3058	   0.32872	  0.346624	  0.360114	  0.369564	  0.375658	  0.378916	  0.380407	  0.380767	  0.380931	  0.381284	  0.381824	  0.382947	  0.384365	  0.385983	   0.38731	  0.387894	  0.387785	  0.386801	  0.384768	  0.382214	  0.378979	  0.374905	  0.370252	  0.365032	  0.359102	  0.352575	  0.345612	  0.338307	  0.330745	  0.323033	  0.315184	  0.307196	  0.299073	   0.29088	  0.282648	   0.27441	  0.266192	     0.258	   0.24983	  0.241675	   0.23353	  0.225393	  0.217261	  0.209144	  0.201058	  0.193025	  0.185069	  0.177213	  0.169483	  0.161902	  0.154491	  0.147272	  0.140263	  0.133481	  0.126943	   0.12066
   315	     0	0.000467091	0.000722948	0.00158454	0.00391995	0.00975839	 0.0224358	 0.0442828	 0.0737443	  0.107189	  0.142472	  0.178342	  0.213621	  0.246883	  0.277111	  0.303445	  0.325413	  0.342844	  0.356183	  0.365712	  0.372019	  0.375545	  0.377294	   0.37792	  0.378273	  0.378728	  0.379263	  0.380256	  0.381462	  0.382771	  0.383702	  0.383834	    0.3832	  0.381621	  0.378953	  0.375744	  0.371849	  0.367181	  0.362033	  0.356421	  0.350186	  0.343402	  0.336204	  0.328677	  0.320901	  0.312973	  0.304911	  0.296715	  0.288384	  0.279975	  0.271515	  0.263037	  0.254569	  0.246128	  0.237717	  0.229336	  0.220989	  0.212681	  0.204418	  0.196212	  0.188081	  0.180049	  0.172141	  0.164382	  0.156795	  0.149403	  0.142225	  0.135279	  0.128581	  0.122142	  0.115971	  0.110076
   316	     0	0.00040735	0.000617658	0.00122811	0.00268031	0.00598796	 0.0131135	 0.0269615	 0.0500362	 0.0818374	  0.119561	  0.160181	  0.201201	  0.240274	  0.275815	  0.306634	  0.332166	  0.352297	  0.367675	  0.378719	  0.386174	  0.390598	   0.39308	   0.39425	  0.395078	  0.395973	  0.396941	  0.398389	  0.400023	  0.401779	  0.403183	  0.403796	  0.403683	  0.402658	  0.400536	  0.397861	  0.394463	  0.390166	  0.385241	  0.379708	  0.373422	  0.366513	  0.359154	  0.351451	  0.343499	  0.335412	  0.327203	  0.318868	  0.310411	    0.3019	  0.293366	  0.284845	  0.276357	  0.267908	  0.259489	   0.25109	  0.242706	  0.234331	   0.22596	  0.217601	  0.209267	   0.20098	  0.192761	  0.184635	  0.176625	  0.168755	  0.161047	  0.153524	  0.146207	  0.139114	  0.132262	  0.125666
   317	     0	0.000401982	0.000615729	0.00127661	0.00294197	0.00691783	 0.0156678	 0.0322649	 0.0580142	 0.0906691	   0.12723	  0.165519	  0.203823	  0.240334	  0.273753	  0.303025	  0.327585	  0.347238	  0.362476	  0.373623	  0.381323	  0.386049	  0.388825	  0.390296	  0.391364	  0.392429	  0.393506	  0.395011	  0.396661	  0.398375	  0.399681	  0.400136	  0.399803	  0.398506	    0.3961	  0.393153	    0.3895	  0.384984	  0.379899	  0.374272	  0.367951	  0.361032	  0.353672	  0.345966	     0.338	   0.32989	  0.321654	   0.31329	  0.304798	  0.296239	  0.287643	  0.279042	  0.270463	  0.261916	  0.253399	  0.244907	  0.236436	  0.227984	  0.219553	  0.211152	  0.202798	  0.194515	  0.186329	  0.178266	   0.17035	  0.162606	  0.155056	   0.14772	  0.140616	  0.133759	  0.127163	  0.120837
   318	     0	0.00017365	0.000268085	0.000571838	0.00137297	0.00341428	0.00839843	 0.0194737	  0.040228	 0.0708444	  0.107729	  0.147121	  0.186493	  0.223707	  0.257318	  0.286224	  0.309917	  0.328334	  0.342196	  0.351937	  0.358314	  0.361894	  0.363792	  0.364602	  0.365315	  0.366302	  0.367552	  0.369456	  0.371668	   0.37404	  0.376101	  0.377448	  0.378178	   0.37806	  0.376822	   0.37499	  0.372415	  0.368933	  0.364768	   0.35993	  0.354297	  0.348029	  0.341307	  0.334243	  0.326933	  0.319474	  0.311874	  0.304135	  0.296269	  0.288347	  0.280403	  0.272472	  0.264572	  0.256703	  0.248855	  0.241023	  0.233202	  0.225386	   0.21757	   0.20976	  0.201968	   0.19421	  0.186504	   0.17887	  0.171328	  0.163899	  0.156605	  0.149468	  0.142506	  0.135742	  0.129192	  0.122875
   319	     0	0.000420986	0.000645205	0.00133009	 0.0030366	0.00706974	 0.0158858	 0.0326035	 0.0587133	 0.0920932	  0.129596	  0.168799	  0.207806	  0.244673	  0.278082	  0.306994	    0.3309	  0.349684	  0.363966	  0.374115	  0.380833	  0.384648	  0.386625	  0.387373	  0.387853	  0.388461	  0.389195	  0.390454	  0.391937	  0.393549	  0.394807	   0.39528	   0.39504	  0.393894	  0.391639	  0.388819	  0.385267	  0.380849	  0.375852	  0.370293	  0.364021	  0.357155	  0.349866	  0.342253	  0.334408	  0.326433	  0.318339	  0.310121	  0.301783	   0.29339	  0.284972	  0.276564	  0.268188	  0.259848	  0.251538	  0.243251	  0.234982	  0.226728	  0.218487	  0.210267	  0.202082	  0.193954	  0.185905	  0.177958	  0.170137	  0.162466	  0.154966	   0.14766	  0.140566	  0.133702	  0.127084	  0.120726
   320	     0	 0.0001306	0.000204431	0.000461091	0.00119318	0.00320817	0.00846882	 0.0205875	 0.0428815	 0.0738398	  0.109165	  0.145979	  0.182677	  0.217722	  0.249902	  0.278205	  0.302061	  0.321256	  0.336257	  0.347368	  0.355199	  0.360194	  0.363367	  0.365324	  0.366957	  0.368625	  0.370319	   0.37243	  0.374686	  0.376985	  0.378892	  0.379998	  0.380364	  0.379813	  0.378191	  0.376037	  0.373204	   0.36951	  0.365195	   0.36027	   0.35459	  0.348265	  0.341461	   0.33428	  0.326813	  0.319179	    0.3114	  0.303476	  0.295412	  0.287271	  0.279083	  0.270881	  0.262691	  0.254524	  0.246379	  0.238251	  0.230137	  0.222035	  0.213947	  0.205882	  0.197858	  0.189899	   0.18203	  0.174278	  0.166666	  0.159218	  0.151956	    0.1449	  0.138067	  0.131472	  0.125128	  0.119045
   321	     0	0.000192281	0.000301124	 0.0006677	0.00168266	0.00438584	 0.0111727	 0.0261057	 0.0523921	 0.0878624	  0.127712	  0.168623	  0.208615	  0.245926	  0.279327	  0.307901	  0.331243	  0.349323	  0.362808	  0.372135	  0.378035	  0.381059	  0.382307	  0.382424	  0.382364	  0.382509	  0.382844	  0.383746	  0.384939	  0.386287	   0.38729	  0.387553	  0.387119	   0.38579	  0.383364	  0.380373	  0.376671	  0.372183	  0.367213	  0.361769	  0.355687	  0.349066	  0.342051	  0.334729	  0.327175	  0.319476	  0.311643	   0.30367	  0.295563	  0.287386	  0.279169	  0.270946	  0.262741	  0.254564	  0.246409	  0.238271	  0.230146	  0.222032	  0.213931	   0.20585	  0.197807	  0.189823	  0.181923	  0.174129	  0.166467	  0.158959	  0.151627	   0.14449	  0.137568	  0.130877	  0.124431	  0.118241
   322	     0	0.00015133	0.000240145	0.000545999	 0.0014141	0.00378919	0.00992798	  0.023827	 0.0488257	 0.0829128	  0.121441	   0.16134	  0.200789	  0.238035	  0.271799	  0.301071	  0.325351	  0.344527	  0.359198	  0.369747	  0.376871	  0.381083	  0.383448	  0.384592	  0.385455	  0.386423	   0.38749	  0.389057	  0.390822	  0.392684	  0.394167	  0.394842	  0.394781	  0.393795	  0.391697	   0.38904	  0.385664	  0.381423	  0.376593	  0.371193	  0.365074	  0.358356	  0.351206	  0.343725	     0.336	  0.328141	  0.320159	   0.31205	  0.303815	  0.295519	  0.287193	   0.27887	  0.270575	  0.262312	  0.254077	  0.245861	  0.237663	  0.229477	  0.221303	  0.213148	  0.205026	   0.19696	   0.18897	  0.181081	  0.173317	  0.165701	  0.158255	  0.150999	  0.143953	  0.137135	  0.130561	  0.124242
   323	     0	0.000298881	0.000465161	0.000995668	0.00238344	 0.0058505	 0.0139314	 0.0303214	 0.0572654	 0.0924148	  0.131729	  0.172298	   0.21214	  0.249357	  0.282678	  0.311131	  0.334286	  0.352117	   0.36534	  0.374386	  0.380003	  0.382772	  0.383804	  0.383708	  0.383468	   0.38347	  0.383695	  0.384516	  0.385645	  0.387005	  0.388106	  0.388517	   0.38829	  0.387233	  0.385138	  0.382508	  0.379184	   0.37502	  0.370277	  0.364965	   0.35894	  0.352333	  0.345309	  0.337965	  0.330388	  0.322673	  0.314828	  0.306851	  0.298747	  0.290586	  0.282401	  0.274226	  0.266082	  0.257972	  0.249886	  0.241818	  0.233763	  0.225715	  0.217671	  0.209637	  0.201627	  0.193658	  0.185751	  0.177928	  0.170209	  0.162618	  0.155177	  0.147907	  0.140828	  0.133959	  0.127319	  0.120922
   324	     0	0.000227006	0.000356343	0.000810836	 0.0021131	0.00565768	 0.0144759	 0.0326704	 0.0613634	  0.096561	   0.13442	  0.172909	   0.21057	  0.245785	   0.27744	  0.304653	  0.327008	  0.344436	   0.35754	  0.366692	  0.372566	  0.375669	  0.377068	  0.377394	  0.377582	  0.378013	  0.378683	  0.379991	   0.38163	  0.383478	  0.385039	  0.385859	  0.385993	  0.385245	  0.383421	  0.381059	  0.378003	  0.374092	  0.369563	  0.364422	  0.358527	  0.352006	  0.345028	  0.337701	  0.330116	  0.322385	  0.314524	   0.30653	  0.298408	  0.290221	  0.282001	  0.273779	  0.265581	  0.257414	  0.249273	  0.241152	  0.233048	  0.224958	  0.216882	  0.208828	  0.200811	  0.192851	  0.184973	  0.177199	  0.169553	  0.162058	  0.154736	  0.147607	  0.140691	  0.134004	  0.127562	  0.121376
   325	     0	0.00015133	0.000240145	0.000545999	 0.0014141	0.00378919	0.00992798	  0.023827	 0.0488257	 0.0829128	  0.121441	   0.16134	  0.200789	  0.238035	  0.271799	  0.301071	  0.325351	  0.344527	  0.359198	  0.369747	  0.376871	  0.381083	  0.383448	  0.384592	  0.385455	  0.386423	   0.38749	  0.389057	  0.390822	  0.392684	  0.394167	  0.394842	  0.394781	  0.393795	  0.391697	   0.38904	  0.385664	  0.381423	  0.376593	  0.371193	  0.365074	  0.358356	  0.351206	  0.343725	     0.336	  0.328141	  0.320159	   0.31205	  0.303815	  0.295519	  0.287193	   0.27887	  0.270575	  0.262312	  0.254077	  0.245861	  0.237663	  0.229477	  0.221303	  0.213148	  0.205026	   0.19696	   0.18897	  0.181081	  0.173317	  0.165701	  0.158255	  0.150999	  0.143953	  0.137135	  0.130561	  0.124242
   326	     0	0.000278132	0.000448502	0.00108541	0.00302578	0.00850739	 0.0217856	 0.0460742	 0.0787262	  0.114764	  0.151948	   0.18923	  0.225554	  0.259577	  0.290329	  0.317005	   0.33918	  0.356715	  0.370083	  0.379577	  0.385791	  0.389178	  0.390741	  0.391112	  0.391182	  0.391341	  0.391588	  0.392319	  0.393286	  0.394417	  0.395222	  0.395231	   0.39447	  0.392773	  0.390026	  0.386793	   0.38291	  0.378234	  0.373057	  0.367404	  0.361115	  0.354265	  0.346991	  0.339379	  0.331507	  0.323487	  0.315341	  0.307065	  0.298659	   0.29018	  0.281655	  0.273117	  0.264593	  0.256099	  0.247638	  0.239209	  0.230811	  0.222446	  0.214118	  0.205837	  0.197622	  0.189495	  0.181483	  0.173611	  0.165903	  0.158382	  0.151069	  0.143981	  0.137134	  0.130541	  0.124212	  0.118154
   327	     0	0.00015133	0.000240145	0.000545999	 0.0014141	0.00378919	0.00992798	  0.023827	 0.0488257	 0.0829128	  0.121441	   0.16134	  0.200789	  0.238035	  0.271799	  0.301071	  0.325351	  0.344527	  0.359198	  0.369747	  0.376871	  0.381083	  0.383448	  0.384592	  0.385455	  0.386423	   0.38749	  0.389057	  0.390822	  0.392684	  0.394167	  0.394842	  0.394781	  0.393795	  0.391697	   0.38904	  0.385664	  0.381423	  0.376593	  0.371193	  0.365074	  0.358356	  0.351206	  0.343725	     0.336	  0.328141	  0.320159	   0.31205	  0.303815	  0.295519	  0.287193	   0.27887	  0.270575	  0.262312	  0.254077	  0.245861	  0.237663	  0.229477	  0.221303	  0.213148	  0.205026	   0.19696	   0.18897	  0.181081	  0.173317	  0.165701	  0.158255	  0.150999	  0.143953	  0.137135	  0.130561	  0.124242
   328	     0	0.000424791	0.000635872	0.00128863	0.00291823	0.00675653	 0.0150529	 0.0304587	 0.0539157	 0.0833746	  0.116358	  0.151117	  0.186235	  0.220135	  0.251602	  0.279596	  0.303491	  0.322992	   0.33843	  0.350047	  0.358388	  0.363848	    0.3674	  0.369703	  0.371563	  0.373345	  0.375042	  0.377047	  0.379123	  0.381179	  0.382783	  0.383528	  0.383464	  0.382422	  0.380282	    0.3776	  0.374237	  0.370046	  0.365282	  0.359965	  0.353951	  0.347321	  0.340221	  0.332746	  0.324982	  0.317043	  0.308956	  0.300724	  0.292349	  0.283888	   0.27537	  0.266828	  0.258291	  0.249776	  0.241288	  0.232827	  0.224396	  0.215997	  0.207636	  0.199326	  0.191086	  0.182941	  0.174916	  0.167038	  0.159332	  0.151821	  0.144525	  0.137463	  0.130649	  0.124097	  0.117816	  0.111813
   329	     0	0.000169538	0.00026567	0.000573584	0.00138613	0.00345778	 0.0085101	 0.0196775	 0.0403917	 0.0706061	  0.106818	  0.145614	  0.184734	  0.222153	  0.256446	  0.286454	  0.311568	  0.331603	  0.347137	  0.358534	  0.366483	  0.371499	  0.374648	  0.376565	   0.37817	  0.379854	  0.381623	  0.383896	  0.386344	  0.388879	  0.391045	  0.392421	  0.393102	  0.392889	  0.391561	  0.389659	  0.387018	  0.383442	  0.379155	  0.374174	  0.368387	  0.361948	  0.355042	  0.347778	  0.340253	  0.332581	   0.32477	  0.316818	  0.308733	  0.300587	  0.292413	  0.284247	  0.276109	  0.268001	  0.259913	  0.251836	  0.243764	  0.235688	  0.227603	  0.219516	  0.211441	  0.203397	  0.195404	  0.187484	  0.179661	  0.171956	  0.164393	  0.156993	  0.149776	  0.142765	  0.135976	  0.129427
   330	     0	0.000322469	0.000495194	0.00100721	0.00225453	0.00517189	 0.0116483	 0.0246435	 0.0468852	 0.0779737	  0.114889	   0.15447	  0.194283	  0.232082	  0.266348	  0.295908	  0.320201	  0.339131	  0.353409	  0.363458	  0.370039	  0.373736	  0.375668	  0.376438	  0.377032	  0.377839	  0.378848	  0.380444	  0.382311	  0.384361	  0.386128	  0.387189	  0.387626	   0.38723	  0.385759	  0.383725	  0.380966	  0.377293	  0.372932	  0.367896	  0.362072	  0.355617	  0.348711	  0.341462	  0.333966	  0.326323	  0.318541	   0.31062	   0.30257	  0.294465	  0.286341	  0.278231	  0.270154	  0.262109	  0.254086	  0.246077	  0.238076	  0.230076	  0.222071	  0.214067	  0.206076	  0.198113	  0.190198	  0.182349	  0.174588	  0.166936	  0.159414	  0.152045	  0.144849	  0.137848	  0.131061	  0.124506
   331	     0	0.00015133	0.000240145	0.000545999	 0.0014141	0.00378919	0.00992798	  0.023827	 0.0488257	 0.0829128	  0.121441	   0.16134	  0.200789	  0.238035	  0.271799	  0.301071	  0.325351	  0.344527	  0.359198	  0.369747	  0.376871	  0.381083	  0.383448	  0.384592	  0.385455	  0.386423	   0.38749	  0.389057	  0.390822	  0.392684	  0.394167	  0.394842	  0.394781	  0.393795	  0.391697	   0.38904	  0.385664	  0.381423	  0.376593	  0.371193	  0.365074	  0.358356	  0.351206	  0.343725	     0.336	  0.328141	  0.320159	   0.31205	  0.303815	  0.295519	  0.287193	   0.27887	  0.270575	  0.262312	  0.254077	  0.245861	  0.237663	  0.229477	  0.221303	  0.213148	  0.205026	   0.19696	   0.18897	  0.181081	  0.173317	  0.165701	  0.158255	  0.150999	  0.143953	  0.137135	  0.130561	  0.124242
   332	     0	0.000168044	0.00026296	0.00058159	0.00145973	0.00379097	0.00965254	  0.022691	  0.046148	  0.078577	  0.115706	  0.154401	  0.192767	  0.229026	  0.261904	  0.290376	  0.313934	   0.33246	  0.346565	  0.356628	  0.363342	  0.367227	  0.369359	  0.370352	  0.371139	  0.372092	  0.373189	   0.37481	  0.376668	  0.378654	   0.38031	  0.381231	  0.381482	   0.38087	  0.379185	  0.376943	  0.373995	  0.370192	  0.365776	  0.360752	  0.354982	  0.348596	  0.341762	  0.334586	  0.327156	  0.319574	  0.311854	  0.303993	  0.295999	  0.287938	  0.279843	  0.271747	  0.263675	   0.25563	  0.247606	  0.239597	  0.231598	  0.223606	  0.215619	  0.207644	  0.199697	  0.191798	  0.183969	  0.176231	  0.168609	  0.161126	  0.153803	   0.14666	  0.139719	  0.132996	  0.126509	   0.12027
   333	     0	0.000324015	0.000490922	0.000988231	0.00219998	0.00503117	 0.0113015	 0.0238348	 0.0452016	 0.0750302	   0.11062	  0.149158	  0.188398	  0.226175	  0.260945	  0.291486	   0.31715	  0.337724	  0.353723	  0.365517	  0.373788	  0.379041	  0.382331	  0.384348	  0.385973	  0.387601	  0.389238	  0.391301	  0.393492	  0.395725	  0.397539	  0.398506	  0.398701	  0.397942	  0.396057	    0.3936	   0.39041	  0.386321	  0.381588	   0.37623	  0.370119	  0.363377	  0.356176	   0.34862	  0.340801	  0.332835	  0.324735	  0.316498	  0.308127	  0.299688	  0.291213	  0.282735	  0.274279	  0.265852	  0.257448	   0.24906	  0.240684	  0.232316	  0.223955	  0.215609	  0.207292	  0.199027	  0.190836	  0.182745	  0.174777	  0.166958	  0.159309	  0.151852	  0.144608	  0.137595	   0.13083	  0.124325
   334	     0	0.00017046	0.000265873	0.000568961	0.00136254	0.00337354	0.00827072	 0.0191841	  0.039856	 0.0708263	  0.108629	  0.149321	  0.190186	  0.228973	  0.264142	  0.294524	  0.319568	  0.339183	  0.354057	   0.36464	  0.371697	  0.375807	  0.378089	  0.379196	  0.380082	  0.381135	  0.382344	  0.384097	  0.386092	  0.388237	  0.390062	   0.39115	  0.391566	  0.391114	  0.389576	  0.387472	  0.384648	  0.380925	  0.376534	  0.371485	   0.36566	  0.359203	   0.35229	  0.345028	  0.337509	   0.32984	   0.32203	  0.314077	  0.305989	  0.297836	  0.289654	  0.281476	  0.273325	  0.265202	  0.257097	  0.249003	  0.240916	  0.232827	  0.224734	  0.216641	  0.208562	  0.200516	  0.192522	  0.184602	   0.17678	  0.169077	  0.161515	  0.154117	  0.146903	  0.139894	  0.133109	  0.126564
   335	     0	0.000415649	0.000631599	0.00126722	0.00279697	0.00631297	 0.0139145	 0.0285969	 0.0526376	 0.0850359	  0.122744	  0.162826	  0.202953	  0.240904	  0.275196	  0.304704	   0.32891	   0.34774	  0.361894	  0.371802	  0.378226	  0.381748	  0.383484	  0.384067	  0.384473	  0.385098	  0.385934	  0.387368	  0.389094	   0.39103	   0.39269	  0.393623	  0.393889	  0.393292	  0.391625	  0.389406	   0.38647	  0.382623	  0.378094	  0.372895	  0.366905	  0.360272	  0.353178	  0.345733	  0.338034	  0.330195	  0.322224	  0.314119	  0.305886	  0.297595	   0.28928	  0.280974	    0.2727	  0.264457	  0.256238	  0.248034	  0.239842	  0.231656	   0.22347	  0.215291	   0.20713	  0.199006	  0.190939	  0.182951	  0.175063	  0.167298	   0.15968	  0.152231	   0.14497	   0.13792	  0.131099	  0.124522
   336	     0	0.000324871	0.000510643	0.00111314	0.00271393	0.00674604	 0.0160518	 0.0342112	 0.0623795	  0.097451	  0.135974	  0.175763	  0.215158	  0.252362	  0.286133	   0.31547	  0.339872	  0.359203	  0.374033	  0.384709	  0.391905	  0.396129	  0.398425	   0.39941	  0.400021	  0.400665	  0.401342	  0.402457	  0.403732	  0.405127	  0.406166	  0.406393	  0.405864	   0.40441	  0.401879	   0.39882	   0.39506	  0.390431	  0.385228	  0.379478	  0.373027	  0.365984	  0.358514	  0.350717	  0.342682	  0.334522	  0.326252	  0.317862	  0.309355	  0.300793	  0.292207	  0.283629	  0.275084	  0.266578	  0.258105	  0.249658	  0.241232	  0.232822	  0.224428	  0.216056	  0.207722	  0.199446	  0.191252	  0.183165	  0.175208	  0.167406	   0.15978	  0.152352	   0.14514	  0.138164	  0.131437	  0.124973
   337	     0	0.000401982	0.000615729	0.00127661	0.00294197	0.00691783	 0.0156678	 0.0322649	 0.0580142	 0.0906691	   0.12723	  0.165519	  0.203823	  0.240334	  0.273753	  0.303025	  0.327585	  0.347238	  0.362476	  0.373623	  0.381323	  0.386049	  0.388825	  0.390296	  0.391364	  0.392429	  0.393506	  0.395011	  0.396661	  0.398375	  0.399681	  0.400136	  0.399803	  0.398506	    0.3961	  0.393153	    0.3895	  0.384984	  0.379899	  0.374272	  0.367951	  0.361032	  0.353672	  0.345966	     0.338	   0.32989	  0.321654	   0.31329	  0.304798	  0.296239	  0.287643	  0.279042	  0.270463	  0.261916	  0.253399	  0.244907	  0.236436	  0.227984	  0.219553	  0.211152	  0.202798	  0.194515	  0.186329	  0.178266	   0.17035	  0.162606	  0.155056	   0.14772	  0.140616	  0.133759	  0.127163	  0.120837
   338	     0	0.00036202	0.000547043	0.00109857	 0.0024401	0.00555782	 0.0123781	 0.0257024	 0.0477152	 0.0775447	  0.112451	  0.149874	  0.187796	  0.224216	  0.257702	  0.287093	  0.311764	  0.331501	  0.346823	  0.358067	  0.365894	  0.370795	  0.373815	   0.37558	  0.376997	  0.378447	  0.379923	  0.381821	  0.383854	  0.385928	  0.387595	  0.388452	  0.388575	   0.38778	  0.385877	  0.383401	  0.380197	  0.376118	  0.371423	   0.36613	  0.360094	  0.353438	  0.346333	  0.338881	  0.331175	  0.323323	  0.315338	  0.307219	  0.298969	  0.290654	  0.282306	  0.273958	  0.265634	   0.25734	  0.249071	  0.240821	  0.232585	  0.224362	  0.216151	   0.20796	  0.199805	  0.191706	  0.183688	  0.175774	  0.167988	  0.160354	  0.152894	  0.145629	  0.138579	  0.131761	  0.125191	  0.118881
   339	     0	0.00015133	0.000240145	0.000545999	 0.0014141	0.00378919	0.00992798	  0.023827	 0.0488257	 0.0829128	  0.121441	   0.16134	  0.200789	  0.238035	  0.271799	  0.301071	  0.325351	  0.344527	  0.359198	  0.369747	  0.376871	  0.381083	  0.383448	  0.384592	  0.385455	  0.386423	   0.38749	  0.389057	  0.390822	  0.392684	  0.394167	  0.394842	  0.394781	  0.393795	  0.391697	   0.38904	  0.385664	  0.381423	  0.376593	  0.371193	  0.365074	  0.358356	  0.351206	  0.343725	     0.336	  0.328141	  0.320159	   0.31205	  0.303815	  0.295519	  0.287193	   0.27887	  0.270575	  0.262312	  0.254077	  0.245861	  0.237663	  0.229477	  0.221303	  0.213148	  0.205026	   0.19696	   0.18897	  0.181081	  0.173317	  0.165701	  0.158255	  0.150999	  0.143953	  0.137135	  0.130561	  0.124242
   340	     0	0.000200062	0.00030901	0.000654573	0.00155502	0.00381989	0.00926818	 0.0211673	 0.0430713	 0.0749401	  0.113005	  0.153392	  0.193495	  0.231169	  0.264975	  0.293853	  0.317337	   0.33541	  0.348841	  0.358093	  0.363949	  0.367002	  0.368386	  0.368684	  0.368923	  0.369476	  0.370326	  0.371858	  0.373734	  0.375808	  0.377596	  0.378682	  0.379152	  0.378781	  0.377311	  0.375264	  0.372487	  0.368822	  0.364509	  0.359562	  0.353848	  0.347517	  0.340744	  0.333636	  0.326286	   0.31879	  0.311157	  0.303386	  0.295488	  0.287533	  0.279556	  0.271589	  0.263653	  0.255748	  0.247864	  0.239995	  0.232137	  0.224284	  0.216432	  0.208587	  0.200761	  0.192971	  0.185234	  0.177572	  0.170005	  0.162554	  0.155242	  0.148089	  0.141116	  0.134342	  0.127787	  0.121465
   341	     0	0.00015133	0.000240145	0.000545999	 0.0014141	0.00378919	0.00992798	  0.023827	 0.0488257	 0.0829128	  0.121441	   0.16134	  0.200789	  0.238035	  0.271799	  0.301071	  0.325351	  0.344527	  0.359198	  0.369747	  0.376871	  0.381083	  0.383448	  0.384592	  0.385455	  0.386423	   0.38749	  0.389057	  0.390822	  0.392684	  0.394167	  0.394842	  0.394781	  0.393795	  0.391697	   0.38904	  0.385664	  0.381423	  0.376593	  0.371193	  0.365074	  0.358356	  0.351206	  0.343725	     0.336	  0.328141	  0.320159	   0.31205	  0.303815	  0.295519	  0.287193	   0.27887	  0.270575	  0.262312	  0.254077	  0.245861	  0.237663	  0.229477	  0.221303	  0.213148	  0.205026	   0.19696	   0.18897	  0.181081	  0.173317	  0.165701	  0.158255	  0.150999	  0.143953	  0.137135	  0.130561	  0.124242
   342	     0	0.000313887	0.000479485	0.000971392	0.00216926	0.00496932	 0.0111841	 0.0236652	 0.0450874	 0.0751688	  0.111114	  0.149937	  0.189278	  0.226896	  0.261257	  0.291152	  0.315976	  0.335574	  0.350578	  0.361382	  0.368712	  0.373118	  0.375694	  0.377081	  0.378217	  0.379494	  0.380915	  0.382884	  0.385079	  0.387405	  0.389396	  0.390632	    0.3912	  0.390895	  0.389481	  0.387485	  0.384749	  0.381088	  0.376727	  0.371678	   0.36583	  0.359339	  0.352388	  0.345087	  0.337532	  0.329828	  0.321984	     0.314	  0.305883	  0.297707	  0.289506	  0.281315	  0.273153	  0.265022	  0.256912	  0.248814	  0.240723	  0.232631	  0.224533	  0.216436	  0.208353	  0.200301	    0.1923	  0.184372	  0.176537	   0.16882	  0.161241	  0.153822	  0.146586	  0.139553	  0.132742	   0.12617
   343	     0	0.00022299	0.000340369	0.000696467	0.00158338	0.00371627	0.00864113	 0.0190982	 0.0382962	 0.0669099	  0.102322	  0.141118	  0.180649	  0.218613	  0.253395	  0.283752	   0.30905	  0.329122	  0.344575	  0.355818	  0.363576	  0.368387	  0.371338	  0.373067	  0.374516	  0.376065	  0.377713	  0.379863	  0.382196	  0.384598	  0.386611	  0.387831	  0.388352	  0.387971	  0.386465	  0.384374	  0.381544	  0.377806	  0.373402	  0.368346	  0.362513	  0.356044	  0.349119	  0.341844	  0.334312	  0.326631	  0.318812	  0.310852	  0.302759	  0.294603	  0.286417	  0.278235	   0.27008	  0.261953	  0.253847	  0.245753	  0.237669	  0.229585	  0.221502	  0.213423	  0.205364	  0.197343	  0.189382	  0.181502	  0.173727	  0.166079	  0.158581	  0.151255	   0.14412	  0.137198	  0.130505	  0.124057
   344	     0	0.000332201	0.000513228	  0.001134	0.00285625	0.00733285	 0.0177106	 0.0371908	 0.0653581	 0.0983406	  0.133343	  0.168894	  0.203801	  0.236677	  0.266489	   0.29238	  0.313888	  0.330859	  0.343779	  0.352948	  0.358968	  0.362284	  0.363916	  0.364477	  0.364859	  0.365417	  0.366128	  0.367367	  0.368863	  0.370464	  0.371697	  0.372155	  0.371888	  0.370704	  0.368429	  0.365607	  0.362095	  0.357805	  0.353015	  0.347738	  0.341811	  0.335318	  0.328401	  0.321151	  0.313647	  0.305985	  0.298185	  0.290247	  0.282172	   0.27402	  0.265818	  0.257599	  0.249389	  0.241204	  0.233046	  0.224914	  0.216811	   0.20874	  0.200707	  0.192725	  0.184812	   0.17699	  0.169285	  0.161721	  0.154322	  0.147109	  0.140103	  0.133321	  0.126778	  0.120486	  0.114456	  0.108693
   345	     0	0.000395635	0.000593399	0.00117254	0.00255614	0.00571671	 0.0125335	 0.0257596	 0.0476849	 0.0777029	  0.113156	  0.151321	  0.189995	  0.227062	  0.261024	  0.290708	  0.315508	  0.335243	  0.350463	   0.36154	  0.369163	  0.373841	  0.376632	  0.378176	  0.379396	  0.380679	  0.382023	   0.38383	  0.385803	  0.387834	  0.389458	  0.390265	   0.39033	  0.389464	  0.387475	  0.384914	  0.381623	  0.377459	  0.372691	  0.367337	   0.36125	  0.354549	  0.347401	  0.339907	  0.332159	  0.324264	  0.316238	  0.308078	  0.299788	  0.291432	  0.283042	  0.274652	  0.266284	  0.257946	  0.249634	   0.24134	  0.233063	  0.224798	  0.216547	  0.208317	  0.200124	  0.191989	  0.183937	  0.175992	  0.168177	  0.160517	  0.153033	  0.145748	  0.138679	  0.131845	   0.12526	  0.118937
   346	     0	8.43031e-05	0.000138393	0.00036119	0.00111985	0.00360103	 0.0110276	  0.028725	  0.057896	  0.092478	  0.128272	  0.164043	  0.198955	  0.231845	  0.261749	  0.287852	  0.309703	  0.327135	  0.340603	   0.35038	  0.357037	  0.360989	  0.363228	  0.364324	  0.365175	  0.366127	  0.367156	  0.368636	  0.370311	  0.372051	  0.373406	  0.373972	    0.3738	  0.372704	  0.370534	  0.367845	  0.364496	  0.360365	  0.355726	  0.350587	  0.344782	  0.338393	  0.331562	  0.324383	  0.316937	  0.309329	  0.301585	  0.293703	  0.285687	  0.277595	  0.269453	  0.261293	  0.253145	  0.245024	  0.236933	  0.228872	  0.220842	  0.212847	  0.204891	  0.196986	   0.18915	  0.181407	  0.173781	  0.166298	   0.15898	  0.151849	  0.144924	  0.138222	  0.131758	  0.125543	  0.119586	  0.113893
   347	     0	0.00029693	0.000457164	0.000990408	0.00243284	0.00612231	 0.0147238	 0.0315043	 0.0572234	   0.08879	  0.123208	  0.158778	  0.194232	  0.228134	  0.259354	  0.286934	   0.31031	  0.329234	  0.344087	  0.355121	  0.362892	  0.367804	  0.370834	  0.372587	  0.373921	  0.375201	  0.376419	  0.377961	  0.379598	   0.38124	  0.382452	  0.382835	  0.382434	  0.381082	  0.378655	  0.375708	  0.372099	  0.367702	    0.3628	  0.357411	  0.351372	  0.344753	  0.337691	  0.330272	  0.322575	  0.314709	  0.306699	  0.298545	  0.290252	  0.281877	  0.273448	  0.264998	  0.256555	  0.248138	   0.23975	  0.231392	  0.223065	  0.214769	  0.206512	  0.198305	  0.190167	  0.182125	  0.174205	  0.166432	  0.158832	  0.151427	  0.144237	   0.13728	  0.130569	  0.124116	  0.117931	  0.112018
   348	     0	0.000343706	0.000523175	0.00106434	 0.0023995	0.00555101	 0.0125586	  0.026455	 0.0496128	  0.080978	  0.117384	  0.155976	  0.194633	  0.231365	  0.264762	  0.293722	  0.317692	  0.336536	  0.350862	  0.361058	  0.367831	  0.371715	  0.373789	  0.374676	  0.375319	  0.376095	  0.376993	  0.378391	   0.38001	  0.381745	  0.383129	  0.383765	  0.383711	  0.382781	  0.380775	  0.378211	  0.374936	  0.370823	  0.366138	  0.360896	  0.354949	  0.348412	  0.341447	  0.334147	    0.3266	  0.318901	  0.311064	  0.303085	  0.294972	  0.286791	  0.278573	  0.270353	  0.262154	  0.253982	  0.245831	  0.237695	  0.229569	  0.221451	   0.21334	  0.205243	  0.197179	  0.189167	  0.181231	  0.173394	  0.165681	  0.158115	  0.150717	  0.143509	  0.136511	  0.129739	  0.123209	  0.116935
   349	     0	0.000403606	0.000607642	0.00121326	0.00267779	0.00605588	 0.0133715	 0.0274824	 0.0504946	 0.0813926	  0.117372	  0.155802	  0.194566	  0.231574	  0.265378	  0.294842	  0.319389	  0.338858	  0.353819	   0.36464	   0.37201	  0.376442	  0.378998	  0.380306	  0.381291	  0.382343	  0.383458	   0.38503	  0.386777	  0.388601	  0.390042	  0.390696	  0.390633	  0.389662	  0.387583	   0.38493	  0.381548	  0.377307	  0.372478	  0.367072	   0.36094	  0.354202	  0.347025	  0.339511	   0.33175	  0.323846	  0.315811	  0.307645	  0.299352	  0.290997	  0.282612	  0.274231	  0.265878	  0.257558	  0.249265	  0.240993	  0.232738	  0.224495	  0.216265	  0.208056	  0.199883	  0.191769	  0.183735	  0.175807	  0.168008	  0.160362	   0.15289	  0.145615	  0.138555	  0.131728	  0.125149	  0.118831
   350	     0	0.000333499	0.000508636	0.00104669	0.00239664	0.00563042	 0.0128902	  0.027276	 0.0509333	 0.0823827	  0.118386	  0.156309	  0.194242	  0.230319	  0.263205	  0.291829	  0.315632	  0.334457	  0.348866	  0.359223	  0.366208	  0.370331	  0.372655	  0.373812	  0.374719	   0.37575	  0.376891	  0.378526	  0.380364	  0.382308	   0.38389	  0.384692	   0.38478	  0.383973	  0.382082	  0.379636	   0.37648	  0.372462	  0.367837	  0.362621	  0.356677	  0.350127	  0.343138	  0.335809	   0.32823	  0.320505	  0.312646	   0.30465	   0.29652	  0.288323	  0.280091	  0.271856	  0.263642	  0.255455	  0.247289	  0.239138	  0.231001	  0.222875	  0.214758	  0.206659	  0.198591	  0.190576	  0.182636	  0.174793	  0.167071	  0.159494	  0.152083	   0.14486	  0.137844	  0.131053	  0.124504	   0.11821
   351	     0	0.000384658	0.00058088	0.00114222	0.00245985	 0.0054289	 0.0117955	 0.0242497	 0.0454151	 0.0753585	  0.111697	  0.151466	  0.192104	   0.23119	  0.267047	  0.298393	  0.324585	  0.345445	  0.361559	   0.37333	  0.381482	  0.386558	  0.389633	  0.391364	  0.392672	   0.39396	  0.395228	  0.396873	  0.398621	  0.400408	  0.401778	  0.402331	  0.402135	  0.401009	  0.398769	  0.395954	  0.392404	  0.387975	  0.382952	  0.377353	  0.371033	  0.364112	  0.356759	  0.349073	  0.341144	  0.333077	  0.324885	  0.316562	  0.308113	  0.299606	  0.291073	  0.282548	  0.274054	  0.265596	  0.257166	  0.248756	  0.240361	  0.231975	  0.223596	   0.21523	  0.206893	  0.198605	   0.19039	  0.182269	  0.174269	  0.166411	   0.15872	  0.151217	  0.143922	  0.136854	   0.13003	  0.123465
   352	     0	0.000332201	0.000513228	  0.001134	0.00285625	0.00733285	 0.0177106	 0.0371908	 0.0653581	 0.0983406	  0.133343	  0.168894	  0.203801	  0.236677	  0.266489	   0.29238	  0.313888	  0.330859	  0.343779	  0.352948	  0.358968	  0.362284	  0.363916	  0.364477	  0.364859	  0.365417	  0.366128	  0.367367	  0.368863	  0.370464	  0.371697	  0.372155	  0.371888	  0.370704	  0.368429	  0.365607	  0.362095	  0.357805	  0.353015	  0.347738	  0.341811	  0.335318	  0.328401	  0.321151	  0.313647	  0.305985	  0.298185	  0.290247	  0.282172	   0.27402	  0.265818	  0.257599	  0.249389	  0.241204	  0.233046	  0.224914	  0.216811	   0.20874	  0.200707	  0.192725	  0.184812	   0.17699	  0.169285	  0.161721	  0.154322	  0.147109	  0.140103	  0.133321	  0.126778	  0.120486	  0.114456	  0.108693
   353	     0	0.000332563	0.000513607	0.00108685	0.00257058	0.00623157	 0.0146423	 0.0314436	 0.0587353	 0.0941373	  0.133674	  0.174422	  0.214339	   0.25149	  0.284608	  0.312748	  0.335516	  0.352919	  0.365711	  0.374339	  0.379572	  0.382002	  0.382752	  0.382435	  0.382056	  0.382004	  0.382261	  0.383209	  0.384533	  0.386127	  0.387483	  0.388145	  0.388171	  0.387357	  0.385482	  0.383063	  0.379939	  0.375946	  0.371331	  0.366103	  0.360128	  0.353545	  0.346528	  0.339182	  0.331597	  0.323876	  0.316028	  0.308049	  0.299945	  0.291784	  0.283601	  0.275428	  0.267286	  0.259177	  0.251093	  0.243026	  0.234974	   0.22693	  0.218891	  0.210863	  0.202858	  0.194892	  0.186987	  0.179162	   0.17144	  0.163843	  0.156394	  0.149113	  0.142021	  0.135138	  0.128482	  0.122068
   354	     0	0.000342939	0.000518091	0.00104455	0.00233528	0.00535928	  0.012026	 0.0251291	 0.0468185	 0.0761399	  0.110309	  0.146829	  0.183797	  0.219334	  0.252062	   0.28085	  0.305071	  0.324493	  0.339606	  0.350728	  0.358499	   0.36339	  0.366434	  0.368256	  0.369747	  0.371274	  0.372827	  0.374794	   0.37689	  0.378999	  0.380678	  0.381545	  0.381678	  0.380893	  0.378993	  0.376513	  0.373303	  0.369239	  0.364588	  0.359366	  0.353426	  0.346884	  0.339904	  0.332584	  0.325013	  0.317289	  0.309429	  0.301429	  0.293294	  0.285088	  0.276844	  0.268594	  0.260364	  0.252159	  0.243975	  0.235809	  0.227656	  0.219517	  0.211391	  0.203288	  0.195224	  0.187221	  0.179302	  0.171493	  0.163816	  0.156296	  0.148954	  0.141811	  0.134886	  0.128195	  0.121754	  0.115573
   355	     0	0.000312418	0.00047514	0.000957677	0.00213112	0.00487252	  0.010965	 0.0232533	 0.0444727	 0.0743974	  0.110112	  0.148471	  0.187094	  0.223853	  0.257265	   0.28618	  0.310022	  0.328665	  0.342763	  0.352729	  0.359302	  0.363036	  0.365039	  0.365941	  0.366705	  0.367702	   0.36893	  0.370791	   0.37294	  0.375245	  0.377225	  0.378465	  0.379057	   0.37879	  0.377421	  0.375479	   0.37281	  0.369245	  0.365019	  0.360148	  0.354516	   0.34827	  0.341581	  0.334549	  0.327263	  0.319822	  0.312233	  0.304497	  0.296623	  0.288682	  0.280709	  0.272737	  0.264787	   0.25686	  0.248947	  0.241042	  0.233141	  0.225237	  0.217327	  0.209416	   0.20152	  0.193654	  0.185839	  0.178096	  0.170446	  0.162911	  0.155514	  0.148276	  0.141217	  0.134358	  0.127718	  0.121313
   356	     0	0.00015133	0.000240145	0.000545999	 0.0014141	0.00378919	0.00992798	  0.023827	 0.0488257	 0.0829128	  0.121441	   0.16134	  0.200789	  0.238035	  0.271799	  0.301071	  0.325351	  0.344527	  0.359198	  0.369747	  0.376871	  0.381083	  0.383448	  0.384592	  0.385455	  0.386423	   0.38749	  0.389057	  0.390822	  0.392684	  0.394167	  0.394842	  0.394781	  0.393795	  0.391697	   0.38904	  0.385664	  0.381423	  0.376593	  0.371193	  0.365074	  0.358356	  0.351206	  0.343725	     0.336	  0.328141	  0.320159	   0.31205	  0.303815	  0.295519	  0.287193	   0.27887	  0.270575	  0.262312	  0.254077	  0.245861	  0.237663	  0.229477	  0.221303	  0.213148	  0.205026	   0.19696	   0.18897	  0.181081	  0.173317	  0.165701	  0.158255	  0.150999	  0.143953	  0.137135	  0.130561	  0.124242
   357	     0	0.000467091	0.000722948	0.00158454	0.00391995	0.00975839	 0.0224358	 0.0442828	 0.0737443	  0.107189	  0.142472	  0.178342	  0.213621	  0.246883	  0.277111	  0.303445	  0.325413	  0.342844	  0.356183	  0.365712	  0.372019	  0.375545	  0.377294	   0.37792	  0.378273	  0.378728	  0.379263	  0.380256	  0.381462	  0.382771	  0.383702	  0.383834	    0.3832	  0.381621	  0.378953	  0.375744	  0.371849	  0.367181	  0.362033	  0.356421	  0.350186	  0.343402	  0.336204	  0.328677	  0.320901	  0.312973	  0.304911	  0.296715	  0.288384	  0.279975	  0.271515	  0.263037	  0.254569	  0.246128	  0.237717	  0.229336	  0.220989	  0.212681	  0.204418	  0.196212	  0.188081	  0.180049	  0.172141	  0.164382	  0.156795	  0.149403	  0.142225	  0.135279	  0.128581	  0.122142	  0.115971	  0.110076
   358	     0	0.00015133	0.000240145	0.000545999	 0.0014141	0.00378919	0.00992798	  0.023827	 0.0488257	 0.0829128	  0.121441	   0.16134	  0.200789	  0.238035	  0.271799	  0.301071	  0.325351	  0.344527	  0.359198	  0.369747	  0.376871	  0.381083	  0.383448	  0.384592	  0.385455	  0.386423	   0.38749	  0.389057	  0.390822	  0.392684	  0.394167	  0.394842	  0.394781	  0.393795	  0.391697	   0.38904	  0.385664	  0.381423	  0.376593	  0.371193	  0.365074	  0.358356	  0.351206	  0.343725	     0.336	  0.328141	  0.320159	   0.31205	  0.303815	  0.295519	  0.287193	   0.27887	  0.270575	  0.262312	  0.254077	  0.245861	  0.237663	  0.229477	  0.221303	  0.213148	  0.205026	   0.19696	   0.18897	  0.181081	  0.173317	  0.165701	  0.158255	  0.150999	  0.143953	  0.137135	  0.130561	  0.124242
   359	     0	0.000152441	0.000239967	0.000520781	0.00126606	0.00318281	0.00792522	 0.0186629	 0.0392377	  0.070126	  0.107541	  0.147372	  0.187021	  0.224465	  0.258306	  0.287463	  0.311412	  0.330067	  0.344129	  0.354032	   0.36053	  0.364191	  0.366128	  0.366942	  0.367623	  0.368538	  0.369674	  0.371423	  0.373445	  0.375613	   0.37745	  0.378553	  0.379014	  0.378623	  0.377138	  0.375085	  0.372309	  0.368647	  0.364355	  0.359455	  0.353822	  0.347596	  0.340945	  0.333965	   0.32674	  0.319366	  0.311847	  0.304184	  0.296384	   0.28852	  0.280625	  0.272735	  0.264868	  0.257025	  0.249196	  0.241377	  0.233561	  0.225741	  0.217915	  0.210087	  0.202272	  0.194486	  0.186748	   0.17908	  0.171501	  0.164034	    0.1567	   0.14952	  0.142516	  0.135706	   0.12911	  0.122743
   360	     0	0.000366475	0.000581218	0.00120884	0.00273173	0.00627834	 0.0140883	 0.0295325	 0.0554247	 0.0908708	  0.132218	  0.175819	  0.218902	  0.258969	  0.294484	  0.324346	  0.348153	  0.365999	  0.378867	  0.387288	  0.392156	  0.394167	  0.394513	  0.393782	  0.393091	  0.392857	  0.393092	   0.39422	  0.395792	  0.397658	  0.399266	  0.400176	  0.400514	  0.399997	  0.398274	  0.395918	  0.392741	  0.388602	  0.383794	  0.378357	  0.372197	   0.36548	  0.358384	  0.351012	  0.343448	  0.335762	   0.32795	  0.320009	  0.311952	   0.30386	   0.29577	  0.287716	  0.279709	  0.271741	  0.263798	  0.255873	   0.24796	  0.240045	  0.232123	  0.224198	  0.216277	   0.20837	  0.200491	  0.192653	  0.184874	   0.17717	   0.16956	  0.162066	  0.154709	  0.147511	  0.140494	  0.133681
   361	     0	0.000246016	0.00038253	0.000848071	0.00214289	0.00557015	 0.0139259	 0.0311163	  0.058639	 0.0929729	  0.130131	  0.167882	  0.204766	  0.239252	   0.27024	  0.296849	  0.318652	  0.335568	  0.348201	  0.356924	  0.362414	  0.365182	  0.366301	  0.366398	  0.366399	  0.366661	  0.367163	  0.368273	  0.369709	  0.371338	  0.372674	  0.373299	  0.373262	  0.372372	  0.370432	  0.367952	   0.36479	  0.360826	  0.356314	  0.351261	  0.345516	  0.339192	  0.332446	  0.325369	  0.318044	  0.310566	  0.302947	  0.295186	  0.287288	  0.279316	  0.271302	  0.263279	  0.255272	  0.247287	  0.239321	   0.23137	  0.223433	  0.215508	  0.207596	  0.199706	  0.191854	   0.18406	  0.176348	  0.168739	  0.161259	  0.153928	  0.146769	  0.139802	  0.133045	  0.126514	  0.120224	  0.114187
   362	     0	0.000353924	0.000539916	 0.0011187	0.00258653	0.00613074	 0.0141009	 0.0297496	 0.0549653	 0.0877291	   0.12458	  0.162909	  0.200848	  0.236568	  0.268802	  0.296551	  0.319334	  0.337059	  0.350369	   0.35965	  0.365613	  0.368793	  0.370277	  0.370673	  0.370939	  0.371447	   0.37218	  0.373519	  0.375159	  0.376984	   0.37851	   0.37931	  0.379454	  0.378744	  0.376966	  0.374635	  0.371601	  0.367709	  0.363206	  0.358105	  0.352266	  0.345823	  0.338946	  0.331735	   0.32428	  0.316681	  0.308948	  0.301078	  0.293079	  0.285018	  0.276926	  0.268838	  0.260775	  0.252741	  0.244729	  0.236733	   0.22875	  0.220776	   0.21281	  0.204859	  0.196935	  0.189058	  0.181247	  0.173526	  0.165916	   0.15844	   0.15112	  0.143977	   0.13703	  0.130299	    0.1238	  0.117548
   363	     0	0.000342494	0.000530717	0.00116071	0.00287162	0.00724214	 0.0173057	 0.0364112	 0.0647536	 0.0987428	  0.135336	  0.172783	  0.209688	  0.244466	  0.275996	  0.303365	  0.326098	  0.344057	  0.357765	  0.367545	  0.374032	  0.377704	  0.379595	  0.380327	  0.380811	  0.381428	  0.382168	  0.383421	  0.384919	  0.386574	  0.387912	  0.388478	  0.388318	  0.387253	  0.385132	   0.38249	  0.379171	  0.375009	  0.370257	  0.364927	  0.358871	  0.352196	  0.345067	  0.337584	  0.329838	  0.321945	  0.313924	  0.305771	  0.297489	  0.289138	   0.28075	  0.272355	  0.263979	  0.255634	  0.247317	  0.239024	  0.230753	  0.222504	  0.214278	  0.206085	  0.197941	  0.189867	  0.181889	  0.174029	  0.166314	  0.158765	  0.151404	  0.144253	  0.137327	  0.130643	  0.124214	  0.118051
   364	     0	0.000419924	0.000651473	0.00142036	0.00348749	0.00868125	 0.0203117	 0.0415601	 0.0719818	  0.107707	  0.145754	  0.184345	  0.221996	  0.257054	  0.288446	   0.31532	  0.337282	  0.354276	  0.366927	  0.375599	  0.380975	  0.383576	  0.384472	  0.384281	  0.383941	   0.38384	  0.383959	  0.384677	  0.385716	  0.386985	  0.387988	  0.388278	  0.387898	  0.386662	  0.384377	  0.381558	  0.378049	   0.37372	  0.368834	  0.363398	  0.357259	  0.350537	  0.343395	  0.335933	  0.328238	  0.320409	  0.312459	  0.304381	  0.296181	  0.287922	  0.279636	  0.271356	  0.263104	  0.254887	    0.2467	  0.238535	  0.230391	  0.222265	  0.214156	  0.206071	  0.198025	  0.190038	  0.182131	  0.174328	  0.166651	  0.159123	  0.151766	  0.144601	  0.137646	  0.130919	  0.124437	   0.11821
   365	     0	0.000467091	0.000722948	0.00158454	0.00391995	0.00975839	 0.0224358	 0.0442828	 0.0737443	  0.107189	  0.142472	  0.178342	  0.213621	  0.246883	  0.277111	  0.303445	  0.325413	  0.342844	  0.356183	  0.365712	  0.372019	  0.375545	  0.377294	   0.37792	  0.378273	  0.378728	  0.379263	  0.380256	  0.381462	  0.382771	  0.383702	  0.383834	    0.3832	  0.381621	  0.378953	  0.375744	  0.371849	  0.367181	  0.362033	  0.356421	  0.350186	  0.343402	  0.336204	  0.328677	  0.320901	  0.312973	  0.304911	  0.296715	  0.288384	  0.279975	  0.271515	  0.263037	  0.254569	  0.246128	  0.237717	  0.229336	  0.220989	  0.212681	  0.204418	  0.196212	  0.188081	  0.180049	  0.172141	  0.164382	  0.156795	  0.149403	  0.142225	  0.135279	  0.128581	  0.122142	  0.115971	  0.110076
   366	     0	0.000401982	0.000615729	0.00127661	0.00294197	0.00691783	 0.0156678	 0.0322649	 0.0580142	 0.0906691	   0.12723	  0.165519	  0.203823	  0.240334	  0.273753	  0.303025	  0.327585	  0.347238	  0.362476	  0.373623	  0.381323	  0.386049	  0.388825	  0.390296	  0.391364	  0.392429	  0.393506	  0.395011	  0.396661	  0.398375	  0.399681	  0.400136	  0.399803	  0.398506	    0.3961	  0.393153	    0.3895	  0.384984	  0.379899	  0.374272	  0.367951	  0.361032	  0.353672	  0.345966	     0.338	   0.32989	  0.321654	   0.31329	  0.304798	  0.296239	  0.287643	  0.279042	  0.270463	  0.261916	  0.253399	  0.244907	  0.236436	  0.227984	  0.219553	  0.211152	  0.202798	  0.194515	  0.186329	  0.178266	   0.17035	  0.162606	  0.155056	   0.14772	  0.140616	  0.133759	  0.127163	  0.120837
   367	     0	0.00015133	0.000240145	0.000545999	 0.0014141	0.00378919	0.00992798	  0.023827	 0.0488257	 0.0829128	  0.121441	   0.16134	  0.200789	  0.238035	  0.271799	  0.301071	  0.325351	  0.344527	  0.359198	  0.369747	  0.376871	  0.381083	  0.383448	  0.384592	  0.385455	  0.386423	   0.38749	  0.389057	  0.390822	  0.392684	  0.394167	  0.394842	  0.394781	  0.393795	  0.391697	   0.38904	  0.385664	  0.381423	  0.376593	  0.371193	  0.365074	  0.358356	  0.351206	  0.343725	     0.336	  0.328141	  0.320159	   0.31205	  0.303815	  0.295519	  0.287193	   0.27887	  0.270575	  0.262312	  0.254077	  0.245861	  0.237663	  0.229477	  0.221303	  0.213148	  0.205026	   0.19696	   0.18897	  0.181081	  0.173317	  0.165701	  0.158255	  0.150999	  0.143953	  0.137135	  0.130561	  0.124242
   368	     0	0.000305542	0.000478318	0.00103038	0.00247777	0.00609605	 0.0144987	 0.0313651	 0.0586928	 0.0939522	  0.133251	  0.173842	  0.213778	  0.251127	  0.284616	  0.313264	   0.33664	  0.354711	  0.368211	  0.377551	  0.383479	   0.38656	   0.38789	  0.388037	  0.388028	  0.388264	  0.388744	  0.389876	  0.391312	  0.392934	  0.394238	  0.394785	  0.394666	  0.393667	   0.39154	  0.388833	  0.385375	  0.381029	   0.37609	  0.370578	  0.364345	  0.357528	  0.350305	  0.342776	  0.335035	  0.327175	  0.319204	  0.311114	  0.302912	  0.294666	  0.286408	  0.278172	  0.269976	  0.261822	  0.253699	  0.245599	  0.237516	  0.229444	  0.221379	  0.213326	  0.205298	  0.197313	  0.189392	  0.181555	  0.173824	  0.166223	  0.158772	  0.151494	  0.144408	  0.137534	   0.13089	  0.124492
   369	     0	0.00015133	0.000240145	0.000545999	 0.0014141	0.00378919	0.00992798	  0.023827	 0.0488257	 0.0829128	  0.121441	   0.16134	  0.200789	  0.238035	  0.271799	  0.301071	  0.325351	  0.344527	  0.359198	  0.369747	  0.376871	  0.381083	  0.383448	  0.384592	  0.385455	  0.386423	   0.38749	  0.389057	  0.390822	  0.392684	  0.394167	  0.394842	  0.394781	  0.393795	  0.391697	   0.38904	  0.385664	  0.381423	  0.376593	  0.371193	  0.365074	  0.358356	  0.351206	  0.343725	     0.336	  0.328141	  0.320159	   0.31205	  0.303815	  0.295519	  0.287193	   0.27887	  0.270575	  0.262312	  0.254077	  0.245861	  0.237663	  0.229477	  0.221303	  0.213148	  0.205026	   0.19696	   0.18897	  0.181081	  0.173317	  0.165701	  0.158255	  0.150999	  0.143953	  0.137135	  0.130561	  0.124242
   370	     0	0.000278132	0.000448502	0.00108541	0.00302578	0.00850739	 0.0217856	 0.0460742	 0.0787262	  0.114764	  0.151948	   0.18923	  0.225554	  0.259577	  0.290329	  0.317005	   0.33918	  0.356715	  0.370083	  0.379577	  0.385791	  0.389178	  0.390741	  0.391112	  0.391182	  0.391341	  0.391588	  0.392319	  0.393286	  0.394417	  0.395222	  0.395231	   0.39447	  0.392773	  0.390026	  0.386793	   0.38291	  0.378234	  0.373057	  0.367404	  0.361115	  0.354265	  0.346991	  0.339379	  0.331507	  0.323487	  0.315341	  0.307065	  0.298659	   0.29018	  0.281655	  0.273117	  0.264593	  0.256099	  0.247638	  0.239209	  0.230811	  0.222446	  0.214118	  0.205837	  0.197622	  0.189495	  0.181483	  0.173611	  0.165903	  0.158382	  0.151069	  0.143981	  0.137134	  0.130541	  0.124212	  0.118154
   371	     0	0.000242948	0.000377155	0.000787287	0.00182069	0.00433215	 0.0101683	 0.0225251	  0.044818	 0.0771012	  0.115804	  0.156978	   0.19783	  0.236077	  0.270231	  0.299206	  0.322549	  0.340279	  0.353247	  0.361948	  0.367214	   0.36969	  0.370546	  0.370362	  0.370201	  0.370438	  0.371055	  0.372428	   0.37421	  0.376291	  0.378177	  0.379422	  0.380104	  0.379993	  0.378829	  0.377119	  0.374703	  0.371357	   0.36729	  0.362522	  0.356952	  0.350746	  0.344086	  0.337082	  0.329827	  0.322422	  0.314871	  0.307178	  0.299354	  0.291477	  0.283582	  0.275703	  0.267857	   0.26004	  0.252241	  0.244455	  0.236678	  0.228901	  0.221119	  0.213335	  0.205558	  0.197801	  0.190078	  0.182407	  0.174805	  0.167293	   0.15989	  0.152616	  0.145495	  0.138546	   0.13179	  0.125248
   372	     0	0.000318071	0.000489359	0.00103731	0.00246644	0.00601364	 0.0141808	 0.0304235	 0.0565313	 0.0900652	  0.127416	  0.166076	  0.204264	  0.240182	   0.27259	   0.30051	  0.323469	   0.34138	  0.354873	  0.364331	  0.370452	  0.373768	  0.375358	  0.375829	  0.376136	  0.376655	  0.377374	  0.378674	  0.380261	  0.382033	  0.383512	  0.384261	  0.384342	  0.383564	  0.381724	   0.37934	  0.376257	  0.372312	   0.36775	   0.36258	  0.356661	  0.350128	  0.343152	  0.335837	  0.328275	  0.320572	  0.312738	  0.304772	  0.296678	  0.288524	  0.280342	  0.272165	  0.264015	  0.255896	  0.247802	  0.239726	  0.231666	  0.223616	  0.215575	   0.20755	  0.199554	  0.191608	   0.18373	  0.175945	  0.168275	  0.160743	   0.15337	  0.146178	  0.139186	  0.132414	  0.125877	   0.11959
   373	     0	0.00015133	0.000240145	0.000545999	 0.0014141	0.00378919	0.00992798	  0.023827	 0.0488257	 0.0829128	  0.121441	   0.16134	  0.200789	  0.238035	  0.271799	  0.301071	  0.325351	  0.344527	  0.359198	  0.369747	  0.376871	  0.381083	  0.383448	  0.384592	  0.385455	  0.386423	   0.38749	  0.389057	  0.390822	  0.392684	  0.394167	  0.394842	  0.394781	  0.393795	  0.391697	   0.38904	  0.385664	  0.381423	  0.376593	  0.371193	  0.365074	  0.358356	  0.351206	  0.343725	     0.336	  0.328141	  0.320159	   0.31205	  0.303815	  0.295519	  0.287193	   0.27887	  0.270575	  0.262312	  0.254077	  0.245861	  0.237663	  0.229477	  0.221303	  0.213148	  0.205026	   0.19696	   0.18897	  0.181081	  0.173317	  0.165701	  0.158255	  0.150999	  0.143953	  0.137135	  0.130561	  0.124242
   374	     0	0.000333499	0.000508636	0.00104669	0.00239664	0.00563042	 0.0128902	  0.027276	 0.0509333	 0.0823827	  0.118386	  0.156309	  0.194242	  0.230319	  0.263205	  0.291829	  0.315632	  0.334457	  0.348866	  0.359223	  0.366208	  0.370331	  0.372655	  0.373812	  0.374719	   0.37575	  0.376891	  0.378526	  0.380364	  0.382308	   0.38389	  0.384692	   0.38478	  0.383973	  0.382082	  0.379636	   0.37648	  0.372462	  0.367837	  0.362621	  0.356677	  0.350127	  0.343138	  0.335809	   0.32823	  0.320505	  0.312646	   0.30465	   0.29652	  0.288323	  0.280091	  0.271856	  0.263642	  0.255455	  0.247289	  0.239138	  0.231001	  0.222875	  0.214758	  0.206659	  0.198591	  0.190576	  0.182636	  0.174793	  0.167071	  0.159494	  0.152083	   0.14486	  0.137844	  0.131053	  0.124504	   0.11821
   375	     0	0.000313472	  0.000484	0.00102378	0.00242181	 0.0058776	 0.0138477	 0.0298744	 0.0561141	 0.0903622	  0.128762	  0.168485	  0.207586	  0.244216	    0.2771	  0.305258	  0.328241	  0.345998	  0.359212	  0.368301	  0.373999	   0.37687	  0.378017	  0.378058	  0.377968	  0.378128	   0.37852	  0.379516	  0.380833	  0.382368	  0.383631	  0.384192	  0.384092	  0.383144	  0.381152	  0.378623	  0.375403	  0.371347	  0.366714	  0.361513	  0.355598	   0.34909	   0.34215	  0.334874	   0.32735	  0.319677	  0.311868	  0.303919	  0.295837	  0.287688	  0.279504	  0.271318	  0.263154	  0.255017	  0.246901	    0.2388	   0.23071	  0.222628	  0.214552	  0.206489	  0.198457	  0.190474	  0.182563	  0.174748	  0.167051	  0.159496	  0.152106	    0.1449	  0.137898	  0.131119	  0.124578	  0.118289
   376	     0	0.000339706	0.000518177	0.00105631	0.00238555	0.00552821	 0.0125308	 0.0264513	 0.0496966	  0.081205	  0.117756	  0.156462	  0.195212	  0.232055	   0.26559	   0.29472	  0.318887	  0.337945	  0.352486	  0.362894	  0.369872	  0.373943	   0.37618	  0.377205	  0.377972	  0.378864	  0.379882	  0.381424	  0.383191	  0.385075	  0.386602	  0.387343	  0.387363	  0.386481	  0.384519	  0.382015	  0.378808	  0.374738	   0.37008	  0.364855	  0.358921	  0.352387	  0.345415	  0.338097	  0.330519	  0.322788	   0.31492	   0.30691	  0.298764	  0.290547	   0.28229	  0.274027	  0.265782	  0.257561	  0.249361	  0.241173	  0.232995	  0.224821	  0.216651	  0.208494	  0.200366	   0.19229	   0.18429	  0.176391	  0.168616	   0.16099	  0.153536	  0.146273	   0.13922	  0.132397	  0.125817	  0.119493
   377	     0	0.000119657	0.000186868	0.000424689	0.00111352	0.00303757	0.00812423	 0.0199154	 0.0415215	 0.0712447	  0.105013	   0.14031	  0.175733	  0.209839	  0.241446	   0.26953	  0.293482	  0.313024	   0.32853	  0.340252	  0.348747	  0.354409	  0.358222	  0.360812	  0.363013	  0.365178	  0.367294	  0.369755	  0.372302	  0.374828	  0.376918	  0.378174	  0.378658	  0.378192	  0.376635	  0.374535	  0.371753	  0.368117	  0.363851	  0.358966	  0.353322	  0.347021	  0.340224	  0.333035	  0.325546	  0.317879	  0.310059	   0.30209	  0.293976	  0.285777	  0.277522	  0.269245	  0.260973	   0.25272	   0.24449	   0.23628	  0.228089	  0.219917	  0.211769	  0.203654	  0.195593	   0.18761	  0.179732	  0.171984	  0.164392	   0.15698	  0.149768	  0.142775	  0.136019	  0.129511	  0.123265	  0.117286
   378	     0	0.000297266	0.000459046	0.000958471	0.00222368	0.00529585	 0.0123338	 0.0266859	 0.0510354	 0.0840931	  0.122069	  0.161728	  0.200866	  0.237517	   0.27035	  0.298347	  0.321049	  0.338429	  0.351239	  0.359924	  0.365256	  0.367829	  0.368775	  0.368696	  0.368609	  0.368891	  0.369535	  0.370934	  0.372736	   0.37481	  0.376655	  0.377819	  0.378382	  0.378127	  0.376808	   0.37494	  0.372366	   0.36889	  0.364738	  0.359926	  0.354341	  0.348138	   0.34149	    0.3345	  0.327258	  0.319865	  0.312328	  0.304647	  0.296832	  0.288956	  0.281052	  0.273155	  0.265284	  0.257439	  0.249609	  0.241788	  0.233973	  0.226155	   0.21833	  0.210504	  0.202688	  0.194899	  0.187153	  0.179472	  0.171876	  0.164385	  0.157021	  0.149805	  0.142759	  0.135902	  0.129255	  0.122835
   379	     0	0.000379872	0.000580447	0.00121698	0.00285738	0.00684838	 0.0157214	 0.0324609	 0.0579115	 0.0894947	  0.124415	  0.160842	  0.197322	  0.232235	  0.264374	  0.292725	  0.316713	  0.336094	  0.351278	   0.36254	  0.370466	  0.375479	   0.37857	  0.380379	  0.381761	  0.383097	   0.38439	   0.38605	  0.387803	  0.389544	  0.390815	  0.391209	  0.390798	  0.389403	  0.386871	  0.383779	  0.379971	  0.375341	  0.370189	  0.364541	  0.358239	  0.351368	  0.344073	  0.336444	  0.328564	  0.320536	  0.312381	  0.304095	  0.295678	  0.287191	  0.278661	  0.270119	  0.261595	    0.2531	  0.244637	  0.236203	  0.227797	  0.219421	   0.21108	  0.202785	  0.194553	  0.186408	  0.178376	  0.170482	  0.162751	  0.155207	  0.147869	  0.140757	  0.133886	  0.127272	  0.120924	   0.11485
   380	     0	0.000354125	0.000548195	0.00117663	0.00283701	0.00699946	 0.0166001	 0.0354539	  0.064971	  0.101819	  0.141924	  0.182644	  0.222156	  0.258698	  0.291114	  0.318548	  0.340655	   0.35746	  0.369707	  0.377839	  0.382612	  0.384608	  0.384946	  0.384237	  0.383493	  0.383101	  0.383048	  0.383717	  0.384796	  0.386172	  0.387323	  0.387781	   0.38759	  0.386553	  0.384469	  0.381862	  0.378569	  0.374432	  0.369712	  0.364421	  0.358412	  0.351812	  0.344787	  0.337435	  0.329843	  0.322115	  0.314262	  0.306279	   0.29817	  0.290003	  0.281807	  0.273616	  0.265453	  0.257322	  0.249215	  0.241126	  0.233053	  0.224989	  0.216935	  0.208895	  0.200883	  0.192918	  0.185021	  0.177214	   0.16952	  0.161961	   0.15456	  0.147337	  0.140312	  0.133504	   0.12693	  0.120603
   381	     0	0.000283171	 0.0004366	0.000909905	0.00210657	0.00500619	 0.0116336	 0.0251225	 0.0480347	 0.0793505	  0.115822	  0.154599	  0.193589	   0.23075	  0.264667	  0.294208	  0.318795	  0.338274	  0.353242	  0.364072	  0.371463	  0.375938	  0.378567	  0.379985	   0.38113	  0.382396	   0.38379	  0.385729	  0.387879	   0.39013	   0.39201	   0.39309	  0.393463	  0.392926	  0.391257	  0.389002	  0.385999	  0.382083	  0.377506	  0.372286	  0.366296	  0.359675	  0.352605	  0.345192	  0.337531	   0.32973	  0.321798	  0.313733	   0.30554	  0.297287	  0.289007	  0.280735	  0.272492	   0.26428	  0.256092	  0.247919	  0.239757	  0.231598	   0.22344	   0.21529	  0.207162	  0.199076	  0.191053	  0.183116	  0.175289	  0.167595	  0.160056	  0.152695	   0.14553	  0.138583	  0.131871	  0.125409
   382	     0	0.00015133	0.000240145	0.000545999	 0.0014141	0.00378919	0.00992798	  0.023827	 0.0488257	 0.0829128	  0.121441	   0.16134	  0.200789	  0.238035	  0.271799	  0.301071	  0.325351	  0.344527	  0.359198	  0.369747	  0.376871	  0.381083	  0.383448	  0.384592	  0.385455	  0.386423	   0.38749	  0.389057	  0.390822	  0.392684	  0.394167	  0.394842	  0.394781	  0.393795	  0.391697	   0.38904	  0.385664	  0.381423	  0.376593	  0.371193	  0.365074	  0.358356	  0.351206	  0.343725	     0.336	  0.328141	  0.320159	   0.31205	  0.303815	  0.295519	  0.287193	   0.27887	  0.270575	  0.262312	  0.254077	  0.245861	  0.237663	  0.229477	  0.221303	  0.213148	  0.205026	   0.19696	   0.18897	  0.181081	  0.173317	  0.165701	  0.158255	  0.150999	  0.143953	  0.137135	  0.130561	  0.124242
   383	     0	0.00015133	0.000240145	0.000545999	 0.0014141	0.00378919	0.00992798	  0.023827	 0.0488257	 0.0829128	  0.121441	   0.16134	  0.200789	  0.238035	  0.271799	  0.301071	  0.325351	  0.344527	  0.359198	  0.369747	  0.376871	  0.381083	  0.383448	  0.384592	  0.385455	  0.386423	   0.38749	  0.389057	  0.390822	  0.392684	  0.394167	  0.394842	  0.394781	  0.393795	  0.391697	   0.38904	  0.385664	  0.381423	  0.376593	  0.371193	  0.365074	  0.358356	  0.351206	  0.343725	     0.336	  0.328141	  0.320159	   0.31205	  0.303815	  0.295519	  0.287193	   0.27887	  0.270575	  0.262312	  0.254077	  0.245861	  0.237663	  0.229477	  0.221303	  0.213148	  0.205026	   0.19696	   0.18897	  0.181081	  0.173317	  0.165701	  0.158255	  0.150999	  0.143953	  0.137135	  0.130561	  0.124242
   384	     0	0.000264967	0.000406889	0.00086287	0.00205827	0.00505378	 0.0120791	 0.0264922	 0.0505798	 0.0825599	  0.118957	  0.157187	  0.195411	   0.23178	  0.264965	  0.293908	   0.31806	  0.337261	  0.352045	  0.362772	  0.370107	  0.374546	  0.377137	  0.378539	  0.379648	  0.380844	  0.382117	  0.383861	  0.385789	  0.387788	  0.389389	  0.390175	  0.390209	  0.389302	  0.387273	  0.384673	  0.381349	  0.377167	   0.37239	   0.36703	  0.360946	  0.354247	  0.347101	  0.339609	  0.331862	  0.323968	  0.315945	  0.307789	  0.299501	  0.291144	   0.28275	   0.27435	   0.26597	  0.257619	  0.249293	  0.240988	  0.232702	  0.224435	  0.216188	   0.20797	  0.199795	  0.191687	  0.183669	  0.175764	  0.167998	  0.160394	  0.152973	  0.145757	  0.138764	   0.13201	  0.125509	  0.119274
   385	     0	0.000320769	0.000480111	0.000954521	0.00210486	0.00477512	 0.0106392	 0.0222391	 0.0418114	 0.0689542	   0.10134	  0.136627	  0.172939	  0.208393	   0.24155	  0.271198	   0.29661	  0.317449	  0.334074	  0.346743	  0.356035	  0.362361	  0.366707	  0.369702	  0.372196	  0.374562	  0.376801	  0.379318	  0.381845	  0.384282	  0.386213	  0.387258	    0.3875	  0.386761	  0.384883	  0.382429	  0.379249	  0.375192	  0.370519	  0.365252	  0.359243	  0.352596	  0.345475	  0.337982	   0.33021	  0.322276	  0.314203	  0.305991	  0.297644	  0.289222	  0.280756	  0.272278	  0.263816	  0.255381	  0.246973	  0.238587	  0.230222	  0.221877	  0.213556	  0.205269	  0.197033	  0.188874	  0.180816	  0.172887	  0.165111	  0.157511	  0.150111	  0.142929	  0.135982	  0.129287	  0.122854	  0.116694
   386	     0	0.000353924	0.000539916	 0.0011187	0.00258653	0.00613074	 0.0141009	 0.0297496	 0.0549653	 0.0877291	   0.12458	  0.162909	  0.200848	  0.236568	  0.268802	  0.296551	  0.319334	  0.337059	  0.350369	   0.35965	  0.365613	  0.368793	  0.370277	  0.370673	  0.370939	  0.371447	   0.37218	  0.373519	  0.375159	  0.376984	   0.37851	   0.37931	  0.379454	  0.378744	  0.376966	  0.374635	  0.371601	  0.367709	  0.363206	  0.358105	  0.352266	  0.345823	  0.338946	  0.331735	   0.32428	  0.316681	  0.308948	  0.301078	  0.293079	  0.285018	  0.276926	  0.268838	  0.260775	  0.252741	  0.244729	  0.236733	   0.22875	  0.220776	   0.21281	  0.204859	  0.196935	  0.189058	  0.181247	  0.173526	  0.165916	   0.15844	   0.15112	  0.143977	   0.13703	  0.130299	    0.1238	  0.117548
   387	     0	0.000149712	0.000237722	0.000540563	0.00139939	0.00374973	0.00984665	 0.0237898	 0.0492536	 0.0843757	  0.124077	   0.16486	  0.204759	   0.24201	  0.275378	   0.30391	  0.327176	  0.345148	  0.358531	   0.36776	  0.373583	  0.376576	  0.377855	  0.378055	  0.378139	  0.378488	  0.379081	  0.380288	  0.381828	  0.383621	   0.38518	  0.386058	  0.386294	  0.385703	  0.384096	   0.38197	  0.379171	  0.375506	  0.371195	  0.366243	  0.360527	  0.354184	  0.347386	  0.340236	  0.332824	   0.32526	  0.317555	  0.309707	  0.301722	   0.29367	  0.285584	  0.277497	  0.269433	  0.261395	  0.253375	  0.245366	  0.237363	  0.229361	  0.221356	  0.213354	  0.205369	  0.197419	  0.189525	   0.18171	  0.173995	  0.166403	  0.158956	  0.151677	  0.144584	  0.137698	  0.131036	  0.124615
   388	     0	0.000333499	0.000508636	0.00104669	0.00239664	0.00563042	 0.0128902	  0.027276	 0.0509333	 0.0823827	  0.118386	  0.156309	  0.194242	  0.230319	  0.263205	  0.291829	  0.315632	  0.334457	  0.348866	  0.359223	  0.366208	  0.370331	  0.372655	  0.373812	  0.374719	   0.37575	  0.376891	  0.378526	  0.380364	  0.382308	   0.38389	  0.384692	   0.38478	  0.383973	  0.382082	  0.379636	   0.37648	  0.372462	  0.367837	  0.362621	  0.356677	  0.350127	  0.343138	  0.335809	   0.32823	  0.320505	  0.312646	   0.30465	   0.29652	  0.288323	  0.280091	  0.271856	  0.263642	  0.255455	  0.247289	  0.239138	  0.231001	  0.222875	  0.214758	  0.206659	  0.198591	  0.190576	  0.182636	  0.174793	  0.167071	  0.159494	  0.152083	   0.14486	  0.137844	  0.131053	  0.124504	   0.11821
   389	     0	 0.0001306	0.000204431	0.000461091	0.00119318	0.00320817	0.00846882	 0.0205875	 0.0428815	 0.0738398	  0.109165	  0.145979	  0.182677	  0.217722	  0.249902	  0.278205	  0.302061	  0.321256	  0.336257	  0.347368	  0.355199	  0.360194	  0.363367	  0.365324	  0.366957	  0.368625	  0.370319	   0.37243	  0.374686	  0.376985	  0.378892	  0.379998	  0.380364	  0.379813	  0.378191	  0.376037	  0.373204	   0.36951	  0.365195	   0.36027	   0.35459	  0.348265	  0.341461	   0.33428	  0.326813	  0.319179	    0.3114	  0.303476	  0.295412	  0.287271	  0.279083	  0.270881	  0.262691	  0.254524	  0.246379	  0.238251	  0.230137	  0.222035	  0.213947	  0.205882	  0.197858	  0.189899	   0.18203	  0.174278	  0.166666	  0.159218	  0.151956	    0.1449	  0.138067	  0.131472	  0.125128	  0.119045
   390	     0	0.000306872	0.000469805	0.000982881	0.00230183	0.00553954	 0.0129752	 0.0279499	 0.0526715	 0.0853052	  0.122274	   0.16086	  0.199166	  0.235363	  0.268157	  0.296525	  0.319963	  0.338352	  0.352287	  0.362156	  0.368655	  0.372306	  0.374186	  0.374943	  0.375505	  0.376248	  0.377167	  0.378658	  0.380417	  0.382332	  0.383917	  0.384736	  0.384854	  0.384081	   0.38223	  0.379832	  0.376734	  0.372779	   0.36822	   0.36307	  0.357192	  0.350709	  0.343785	  0.336518	  0.328995	  0.321321	   0.31351	  0.305558	   0.29747	  0.289312	  0.281115	  0.272913	   0.26473	  0.256572	  0.248433	  0.240308	  0.232193	  0.224086	  0.215985	  0.207898	  0.199841	  0.191834	    0.1839	  0.176063	  0.168346	  0.160773	  0.153366	  0.146145	  0.139132	  0.132342	  0.125793	  0.119497
   391	     0	0.000215107	0.000339009	0.000773319	0.00201815	0.00541305	 0.0138982	 0.0315429	 0.0595829	 0.0940835	  0.131172	  0.168874	  0.205837	  0.240539	  0.271884	  0.298978	  0.321371	  0.338948	  0.352269	  0.361678	  0.367826	  0.371199	  0.372846	  0.373406	   0.37378	   0.37434	  0.375077	  0.376383	  0.377963	  0.379688	  0.381074	  0.381698	  0.381622	  0.380654	  0.378598	  0.375985	  0.372668	  0.368532	  0.363845	  0.358616	  0.352697	  0.346198	  0.339278	  0.332031	  0.324541	  0.316903	  0.309132	  0.301222	  0.293179	  0.285066	  0.276914	  0.268755	  0.260614	    0.2525	  0.244409	  0.236335	  0.228276	  0.220232	  0.212202	  0.204195	  0.196229	  0.188325	  0.180505	  0.172795	  0.165217	  0.157795	  0.150551	  0.143503	  0.136671	  0.130072	  0.123718	  0.117622
   392	     0	0.00015133	0.000240145	0.000545999	 0.0014141	0.00378919	0.00992798	  0.023827	 0.0488257	 0.0829128	  0.121441	   0.16134	  0.200789	  0.238035	  0.271799	  0.301071	  0.325351	  0.344527	  0.359198	  0.369747	  0.376871	  0.381083	  0.383448	  0.384592	  0.385455	  0.386423	   0.38749	  0.389057	  0.390822	  0.392684	  0.394167	  0.394842	  0.394781	  0.393795	  0.391697	   0.38904	  0.385664	  0.381423	  0.376593	  0.371193	  0.365074	  0.358356	  0.351206	  0.343725	     0.336	  0.328141	  0.320159	   0.31205	  0.303815	  0.295519	  0.287193	   0.27887	  0.270575	  0.262312	  0.254077	  0.245861	  0.237663	  0.229477	  0.221303	  0.213148	  0.205026	   0.19696	   0.18897	  0.181081	  0.173317	  0.165701	  0.158255	  0.150999	  0.143953	  0.137135	  0.130561	  0.124242
   393	     0	0.000413527	0.000652334	0.00145776	0.00366879	0.00933593	 0.0221953	 0.0456842	 0.0788744	    0.1172	  0.157413	  0.197671	   0.23649	  0.272255	  0.303937	  0.330746	  0.352362	  0.368801	  0.380775	  0.388686	   0.39326	  0.395058	  0.395171	  0.394201	  0.393154	  0.392431	  0.392023	  0.392315	  0.393004	  0.393982	  0.394716	  0.394736	  0.394083	  0.392559	   0.38997	  0.386852	  0.383037	  0.378406	  0.373259	   0.36761	  0.361298	  0.354429	  0.347163	  0.339591	  0.331797	  0.323878	  0.315846	  0.307693	   0.29942	  0.291092	  0.282738	   0.27439	  0.266073	  0.257791	   0.24954	  0.241313	  0.233106	  0.224917	  0.216744	  0.208596	  0.200487	  0.192438	  0.184472	  0.176611	   0.16888	  0.161302	  0.153897	  0.146687	   0.13969	  0.132924	  0.126403	   0.12014
   394	     0	0.000318071	0.000489359	0.00103731	0.00246644	0.00601364	 0.0141808	 0.0304235	 0.0565313	 0.0900652	  0.127416	  0.166076	  0.204264	  0.240182	   0.27259	   0.30051	  0.323469	   0.34138	  0.354873	  0.364331	  0.370452	  0.373768	  0.375358	  0.375829	  0.376136	  0.376655	  0.377374	  0.378674	  0.380261	  0.382033	  0.383512	  0.384261	  0.384342	  0.383564	  0.381724	   0.37934	  0.376257	  0.372312	   0.36775	   0.36258	  0.356661	  0.350128	  0.343152	  0.335837	  0.328275	  0.320572	  0.312738	  0.304772	  0.296678	  0.288524	  0.280342	  0.272165	  0.264015	  0.255896	  0.247802	  0.239726	  0.231666	  0.223616	  0.215575	   0.20755	  0.199554	  0.191608	   0.18373	  0.175945	  0.168275	  0.160743	   0.15337	  0.146178	  0.139186	  0.132414	  0.125877	   0.11959
   395	     0	0.000401982	0.000615729	0.00127661	0.00294197	0.00691783	 0.0156678	 0.0322649	 0.0580142	 0.0906691	   0.12723	  0.165519	  0.203823	  0.240334	  0.273753	  0.303025	  0.327585	  0.347238	  0.362476	  0.373623	  0.381323	  0.386049	  0.388825	  0.390296	  0.391364	  0.392429	  0.393506	  0.395011	  0.396661	  0.398375	  0.399681	  0.400136	  0.399803	  0.398506	    0.3961	  0.393153	    0.3895	  0.384984	  0.379899	  0.374272	  0.367951	  0.361032	  0.353672	  0.345966	     0.338	   0.32989	  0.321654	   0.31329	  0.304798	  0.296239	  0.287643	  0.279042	  0.270463	  0.261916	  0.253399	  0.244907	  0.236436	  0.227984	  0.219553	  0.211152	  0.202798	  0.194515	  0.186329	  0.178266	   0.17035	  0.162606	  0.155056	   0.14772	  0.140616	  0.133759	  0.127163	  0.120837
   396	     0	0.000169538	0.00026567	0.000573584	0.00138613	0.00345778	 0.0085101	 0.0196775	 0.0403917	 0.0706061	  0.106818	  0.145614	  0.184734	  0.222153	  0.256446	  0.286454	  0.311568	  0.331603	  0.347137	  0.358534	  0.366483	  0.371499	  0.374648	  0.376565	   0.37817	  0.379854	  0.381623	  0.383896	  0.386344	  0.388879	  0.391045	  0.392421	  0.393102	  0.392889	  0.391561	  0.389659	  0.387018	  0.383442	  0.379155	  0.374174	  0.368387	  0.361948	  0.355042	  0.347778	  0.340253	  0.332581	   0.32477	  0.316818	  0.308733	  0.300587	  0.292413	  0.284247	  0.276109	  0.268001	  0.259913	  0.251836	  0.243764	  0.235688	  0.227603	  0.219516	  0.211441	  0.203397	  0.195404	  0.187484	  0.179661	  0.171956	  0.164393	  0.156993	  0.149776	  0.142765	  0.135976	  0.129427
   397	     0	0.000290711	0.000440298	0.000893322	0.00201432	0.00467581	 0.0106689	 0.0228335	 0.0437717	 0.0730195	  0.107687	  0.144914	  0.182574	  0.218677	   0.25179	  0.280763	  0.304983	  0.324258	   0.33914	  0.349984	  0.357466	  0.362088	  0.364907	  0.366543	  0.367923	  0.369421	  0.371034	  0.373163	  0.375492	  0.377904	  0.379946	  0.381203	  0.381761	  0.381426	   0.37999	  0.377988	  0.375267	  0.371646	  0.367359	  0.362419	  0.356696	  0.350328	  0.343492	  0.336294	  0.328828	  0.321207	  0.313445	   0.30554	  0.297501	  0.289394	  0.281251	  0.273106	  0.264983	  0.256886	  0.248807	  0.240742	  0.232685	  0.224632	  0.216582	  0.208541	  0.200526	  0.192556	  0.184654	  0.176844	  0.169149	  0.161592	  0.154195	   0.14698	  0.139966	  0.133173	  0.126617	  0.120311
   398	     0	0.000269781	0.000416264	0.000909468	0.00225871	0.00575967	 0.0140887	 0.0307725	 0.0570064	 0.0897177	   0.12559	  0.162666	  0.199489	   0.23445	  0.266365	  0.294266	  0.317635	  0.336292	   0.35072	  0.361228	  0.368433	  0.372793	  0.375328	  0.376664	  0.377699	  0.378813	  0.380003	  0.381669	  0.383543	  0.385535	  0.387185	  0.388042	  0.388153	  0.387339	   0.38546	  0.383065	  0.379997	  0.376066	  0.371504	  0.366325	  0.360384	  0.353791	   0.34671	   0.33925	  0.331504	  0.323599	  0.315559	  0.307384	  0.299077	  0.290699	  0.282277	  0.273845	   0.26543	  0.257043	  0.248686	  0.240353	  0.232043	  0.223756	  0.215493	  0.207265	  0.199089	  0.190987	  0.182986	  0.175109	  0.167383	   0.15983	  0.152472	  0.145329	  0.138418	  0.131753	  0.125347	  0.119211
   399	     0	0.000423866	0.000659556	0.00142939	0.00347459	0.00857681	 0.0200345	 0.0413124	 0.0724438	  0.109479	  0.148965	  0.188817	  0.227437	  0.263143	  0.294847	  0.321716	  0.343401	  0.359906	  0.371944	  0.379926	  0.384581	  0.386473	  0.386701	  0.385878	  0.384996	  0.384444	  0.384214	  0.384693	   0.38557	  0.386724	  0.387628	   0.38783	  0.387383	  0.386086	  0.383719	  0.380804	  0.377182	  0.372744	  0.367778	  0.362297	  0.356143	  0.349437	  0.342337	  0.334934	  0.327312	  0.319559	  0.311684	  0.303682	  0.295556	  0.287374	  0.279165	  0.270964	  0.262792	  0.254653	  0.246542	  0.238451	  0.230376	  0.222314	  0.214263	  0.206231	  0.198232	  0.190285	  0.182412	  0.174636	  0.166979	  0.159463	  0.152112	  0.144945	  0.137981	  0.131239	  0.124736	  0.118483
   400	     0	0.000152441	0.000239967	0.000520781	0.00126606	0.00318281	0.00792522	 0.0186629	 0.0392377	  0.070126	  0.107541	  0.147372	  0.187021	  0.224465	  0.258306	  0.287463	  0.311412	  0.330067	  0.344129	  0.354032	   0.36053	  0.364191	  0.366128	  0.366942	  0.367623	  0.368538	  0.369674	  0.371423	  0.373445	  0.375613	   0.37745	  0.378553	  0.379014	  0.378623	  0.377138	  0.375085	  0.372309	  0.368647	  0.364355	  0.359455	  0.353822	  0.347596	  0.340945	  0.333965	   0.32674	  0.319366	  0.311847	  0.304184	  0.296384	   0.28852	  0.280625	  0.272735	  0.264868	  0.257025	  0.249196	  0.241377	  0.233561	  0.225741	  0.217915	  0.210087	  0.202272	  0.194486	  0.186748	   0.17908	  0.171501	  0.164034	    0.1567	   0.14952	  0.142516	  0.135706	   0.12911	  0.122743
   401	     0	0.00028061	0.000416116	0.000820724	0.00180204	 0.0040842	0.00912852	 0.0192495	  0.036701	 0.0614626	 0.0915524	  0.124812	  0.159499	  0.193851	   0.22645	  0.256058	  0.281873	  0.303459	   0.32104	  0.334799	  0.345236	  0.352694	  0.358108	  0.362117	  0.365499	  0.368617	   0.37147	  0.374463	  0.377357	  0.380066	  0.382213	  0.383445	   0.38384	  0.383226	  0.381476	  0.379154	  0.376124	  0.372229	  0.367713	  0.362594	  0.356728	  0.350205	   0.34318	  0.335755	  0.328022	  0.320104	   0.31203	  0.303805	  0.295434	  0.286977	  0.278463	  0.269925	  0.261392	  0.252882	  0.244397	  0.235939	  0.227505	  0.219097	  0.210719	  0.202385	  0.194114	  0.185933	  0.177869	  0.169951	  0.162203	  0.154651	  0.147314	  0.140211	  0.133358	  0.126768	  0.120449	   0.11441
   402	     0	0.000305554	0.000475063	0.00100249	0.00235202	 0.0056606	  0.013293	 0.0288711	  0.055117	 0.0903575	   0.13046	  0.172047	  0.212842	  0.250844	  0.284718	  0.313483	  0.336726	  0.354461	  0.367459	  0.376195	  0.381464	  0.383879	   0.38458	  0.384199	  0.383746	  0.383609	  0.383771	   0.38461	  0.385816	  0.387289	  0.388518	  0.389049	   0.38893	   0.38797	   0.38596	  0.383415	  0.380171	  0.376068	  0.371373	  0.366104	  0.360129	  0.353576	  0.346608	   0.33932	  0.331796	  0.324135	  0.316342	  0.308413	  0.300352	  0.292229	  0.284077	   0.27593	  0.267809	  0.259716	  0.251642	  0.243581	   0.23553	  0.227482	  0.219434	  0.211392	  0.203369	  0.195381	  0.187449	  0.179593	  0.171837	  0.164202	   0.15671	  0.149384	  0.142243	  0.135308	  0.128596	  0.122125
   403	     0	0.000458937	0.000709231	0.00154146	0.00377641	0.00935338	 0.0216218	  0.043385	 0.0735956	  0.108343	   0.14496	  0.181924	   0.21795	  0.251572	  0.281769	  0.307708	  0.328978	  0.345483	  0.357784	  0.366219	  0.371433	   0.37392	  0.374728	  0.374483	  0.374098	  0.373944	  0.373997	  0.374625	  0.375567	  0.376698	  0.377523	   0.37762	  0.377028	  0.375559	  0.373035	  0.369975	  0.366229	  0.361723	  0.356747	   0.35131	  0.345248	   0.33865	  0.331656	  0.324352	  0.316814	  0.309129	  0.301311	  0.293356	  0.285267	  0.277105	  0.268898	  0.260681	  0.252477	  0.244299	  0.236146	  0.228015	  0.219906	  0.211821	  0.203765	  0.195746	  0.187783	  0.179899	  0.172117	  0.164462	  0.156956	  0.149623	  0.142484	  0.135557	  0.128858	  0.122403	  0.116203	  0.110267
   404	     0	0.000405415	0.000623985	0.00126821	0.00283063	0.00645753	 0.0143947	 0.0299332	 0.0556428	 0.0903792	  0.130523	  0.172637	  0.214179	  0.252924	  0.287434	  0.316678	   0.34024	  0.358152	  0.371238	  0.379991	  0.385234	  0.387599	  0.388238	   0.38776	  0.387214	  0.386995	  0.387096	  0.387907	  0.389089	  0.390535	  0.391726	  0.392208	  0.392052	  0.391051	  0.388968	   0.38633	  0.382969	   0.37873	  0.373897	  0.368493	  0.362384	  0.355708	   0.34863	  0.341246	   0.33364	  0.325906	  0.318047	  0.310058	  0.301946	  0.293782	    0.2856	  0.277432	  0.269299	  0.261199	  0.253123	  0.245063	  0.237015	  0.228971	  0.220929	  0.212891	  0.204869	  0.196878	  0.188939	  0.181069	  0.173291	  0.165625	  0.158095	  0.150721	  0.143526	  0.136529	  0.129749	  0.123205
   405	     0	0.000279558	0.000431816	0.000881913	0.00197975	0.00455913	 0.0103439	  0.022173	 0.0429706	 0.0728271	  0.108948	  0.148114	  0.187837	   0.22587	  0.260637	  0.290906	  0.316045	  0.335894	  0.351091	  0.362037	  0.369471	  0.373945	  0.376556	  0.377927	  0.379021	  0.380225	  0.381541	  0.383369	  0.385388	  0.387494	  0.389221	  0.390173	   0.39044	   0.38982	  0.388083	   0.38576	   0.38269	  0.378724	  0.374129	  0.368927	  0.362991	  0.356455	   0.34949	  0.342194	  0.334656	  0.326971	  0.319149	  0.311184	  0.303087	  0.294926	  0.286736	  0.278553	  0.270396	  0.262266	  0.254155	  0.246055	   0.23796	  0.229861	  0.221756	  0.213652	  0.205563	   0.19751	  0.189513	  0.181595	  0.173778	  0.166085	  0.158538	   0.15116	  0.143971	  0.136991	  0.130238	  0.123729
   406	     0	0.000286493	0.00043169	0.000874875	0.00197725	0.00460212	 0.0105012	  0.022354	 0.0423981	 0.0699333	  0.102387	  0.137443	  0.173361	   0.20839	  0.241164	  0.270516	  0.295732	  0.316468	  0.333063	  0.345754	  0.355098	  0.361489	  0.365901	  0.368943	  0.371466	  0.373838	  0.376058	  0.378527	  0.380991	   0.38336	  0.385225	  0.386206	  0.386376	  0.385564	  0.383632	  0.381143	  0.377947	  0.373885	   0.36922	  0.363974	  0.357996	  0.351382	  0.344289	  0.336818	  0.329059	  0.321132	  0.313063	  0.304853	  0.296505	   0.28808	  0.279607	  0.271118	  0.262642	  0.254191	  0.245768	   0.23737	  0.228994	  0.220642	  0.212316	  0.204027	  0.195796	  0.187645	  0.179604	  0.171697	   0.16395	  0.156386	  0.149028	  0.141895	  0.135001	  0.128363	  0.121989	   0.11589
   407	     0	0.000304155	0.000465557	0.000932973	0.00204839	0.00461287	 0.0102549	 0.0216523	 0.0416853	 0.0707532	  0.106371	  0.145292	  0.184862	    0.2227	  0.257168	  0.287008	  0.311601	  0.330817	  0.345354	  0.355644	  0.362458	   0.36638	  0.368536	  0.369551	  0.370399	  0.371455	  0.372704	  0.374527	  0.376594	  0.378775	    0.3806	  0.381691	  0.382141	  0.381732	  0.380197	  0.378054	  0.375152	  0.371356	  0.366916	  0.361851	  0.356045	  0.349647	  0.342825	  0.335683	  0.328307	  0.320783	  0.313115	  0.305302	  0.297354	  0.289345	   0.28131	  0.273282	  0.265282	  0.257307	  0.249348	    0.2414	  0.233459	  0.225518	  0.217574	  0.209633	  0.201706	  0.193811	  0.185964	  0.178187	  0.170499	  0.162922	  0.155477	  0.148187	  0.141073	  0.134155	  0.127453	  0.120984
   408	     0	0.00043475	0.000650902	0.00127976	0.00277029	0.00613809	 0.0132845	 0.0268352	  0.048725	 0.0780919	   0.11245	  0.149404	  0.186974	  0.223163	   0.25653	  0.285903	  0.310639	  0.330501	   0.34597	  0.357372	  0.365354	  0.370389	  0.373508	  0.375359	   0.37682	  0.378274	  0.379714	   0.38154	  0.383469	  0.385381	  0.386822	  0.387424	  0.387267	  0.386162	   0.38391	  0.381058	  0.377455	  0.373015	  0.368032	  0.362526	  0.356341	  0.349582	  0.342406	  0.334907	  0.327168	  0.319283	  0.311266	  0.303113	  0.294828	  0.286475	  0.278084	  0.269688	  0.261313	  0.252967	  0.244646	  0.236346	  0.228063	  0.219798	  0.211551	  0.203333	  0.195161	  0.187057	  0.179047	  0.171154	  0.163404	   0.15582	  0.148423	  0.141235	  0.134273	  0.127554	  0.121092	  0.114897
   409	     0	0.000152441	0.000239967	0.000520781	0.00126606	0.00318281	0.00792522	 0.0186629	 0.0392377	  0.070126	  0.107541	  0.147372	  0.187021	  0.224465	  0.258306	  0.287463	  0.311412	  0.330067	  0.344129	  0.354032	   0.36053	  0.364191	  0.366128	  0.366942	  0.367623	  0.368538	  0.369674	  0.371423	  0.373445	  0.375613	   0.37745	  0.378553	  0.379014	  0.378623	  0.377138	  0.375085	  0.372309	  0.368647	  0.364355	  0.359455	  0.353822	  0.347596	  0.340945	  0.333965	   0.32674	  0.319366	  0.311847	  0.304184	  0.296384	   0.28852	  0.280625	  0.272735	  0.264868	  0.257025	  0.249196	  0.241377	  0.233561	  0.225741	  0.217915	  0.210087	  0.202272	  0.194486	  0.186748	   0.17908	  0.171501	  0.164034	    0.1567	   0.14952	  0.142516	  0.135706	   0.12911	  0.122743
   410	     0	0.00015133	0.000240145	0.000545999	 0.0014141	0.00378919	0.00992798	  0.023827	 0.0488257	 0.0829128	  0.121441	   0.16134	  0.200789	  0.238035	  0.271799	  0.301071	  0.325351	  0.344527	  0.359198	  0.369747	  0.376871	  0.381083	  0.383448	  0.384592	  0.385455	  0.386423	   0.38749	  0.389057	  0.390822	  0.392684	  0.394167	  0.394842	  0.394781	  0.393795	  0.391697	   0.38904	  0.385664	  0.381423	  0.376593	  0.371193	  0.365074	  0.358356	  0.351206	  0.343725	     0.336	  0.328141	  0.320159	   0.31205	  0.303815	  0.295519	  0.287193	   0.27887	  0.270575	  0.262312	  0.254077	  0.245861	  0.237663	  0.229477	  0.221303	  0.213148	  0.205026	   0.19696	   0.18897	  0.181081	  0.173317	  0.165701	  0.158255	  0.150999	  0.143953	  0.137135	  0.130561	  0.124242
   411	     0	0.000330726	0.000505947	0.00108081	0.00261189	0.00647567	 0.0154255	 0.0329959	 0.0603583	 0.0943237	  0.131263	  0.168939	  0.205793	  0.240235	  0.271143	  0.297635	  0.319293	  0.336047	  0.348508	  0.357059	  0.362385	  0.365001	  0.365981	  0.365955	  0.365857	  0.366046	  0.366501	  0.367601	  0.369038	  0.370659	  0.371965	  0.372536	  0.372438	   0.37147	  0.369419	  0.366811	  0.363502	  0.359392	   0.35475	  0.349584	  0.343743	  0.337339	  0.330527	  0.323399	  0.316035	  0.308525	  0.300882	    0.2931	  0.285187	  0.277205	  0.269184	  0.261157	  0.253148	  0.245164	  0.237201	  0.229256	  0.221327	  0.213414	  0.205519	  0.197649	  0.189821	  0.182054	   0.17437	  0.166791	  0.159342	  0.152043	  0.144917	  0.137983	   0.13126	  0.124764	   0.11851	  0.112509
   412	     0	0.00015133	0.000240145	0.000545999	 0.0014141	0.00378919	0.00992798	  0.023827	 0.0488257	 0.0829128	  0.121441	   0.16134	  0.200789	  0.238035	  0.271799	  0.301071	  0.325351	  0.344527	  0.359198	  0.369747	  0.376871	  0.381083	  0.383448	  0.384592	  0.385455	  0.386423	   0.38749	  0.389057	  0.390822	  0.392684	  0.394167	  0.394842	  0.394781	  0.393795	  0.391697	   0.38904	  0.385664	  0.381423	  0.376593	  0.371193	  0.365074	  0.358356	  0.351206	  0.343725	     0.336	  0.328141	  0.320159	   0.31205	  0.303815	  0.295519	  0.287193	   0.27887	  0.270575	  0.262312	  0.254077	  0.245861	  0.237663	  0.229477	  0.221303	  0.213148	  0.205026	   0.19696	   0.18897	  0.181081	  0.173317	  0.165701	  0.158255	  0.150999	  0.143953	  0.137135	  0.130561	  0.124242
   413	     0	0.00015133	0.000240145	0.000545999	 0.0014141	0.00378919	0.00992798	  0.023827	 0.0488257	 0.0829128	  0.121441	   0.16134	  0.200789	  0.238035	  0.271799	  0.301071	  0.325351	  0.344527	  0.359198	  0.369747	  0.376871	  0.381083	  0.383448	  0.384592	  0.385455	  0.386423	   0.38749	  0.389057	  0.390822	  0.392684	  0.394167	  0.394842	  0.394781	  0.393795	  0.391697	   0.38904	  0.385664	  0.381423	  0.376593	  0.371193	  0.365074	  0.358356	  0.351206	  0.343725	     0.336	  0.328141	  0.320159	   0.31205	  0.303815	  0.295519	  0.287193	   0.27887	  0.270575	  0.262312	  0.254077	  0.245861	  0.237663	  0.229477	  0.221303	  0.213148	  0.205026	   0.19696	   0.18897	  0.181081	  0.173317	  0.165701	  0.158255	  0.150999	  0.143953	  0.137135	  0.130561	  0.124242
   414	     0	4.58333e-05	7.33867e-05	0.000176826	0.000497611	0.00147046	0.00434989	 0.0122575	 0.0303749	 0.0606276	 0.0979558	  0.136985	  0.175249	   0.21114	  0.243481	  0.271328	   0.29422	  0.312089	  0.325587	  0.335138	  0.341457	   0.34506	  0.347049	  0.348047	  0.348994	  0.350229	  0.351732	  0.353886	   0.35635	  0.358923	  0.361144	  0.362644	  0.363512	  0.363523	  0.362421	  0.360729	  0.358318	  0.355063	  0.351191	  0.346704	  0.341469	  0.335621	  0.329325	  0.322681	  0.315774	  0.308696	  0.301461	  0.294071	  0.286537	  0.278927	  0.271273	   0.26361	   0.25596	  0.248328	  0.240707	  0.233093	  0.225483	   0.21787	  0.210255	  0.202646	   0.19506	  0.187515	  0.180034	  0.172639	  0.165352	  0.158194	  0.151189	  0.144355	  0.137712	  0.131277	  0.125067	  0.119095
   415	     0	0.000345079	0.000530547	0.00111932	0.00264367	0.00639986	 0.0149907	 0.0320027	 0.0593582	 0.0946323	  0.134043	  0.174796	  0.214846	  0.252221	  0.285642	  0.314165	  0.337393	  0.355317	  0.368642	  0.377803	  0.383543	  0.386428	  0.387561	   0.38757	  0.387432	  0.387539	  0.387874	  0.388816	  0.390067	  0.391498	  0.392601	   0.39296	  0.392628	  0.391395	  0.389038	  0.386092	  0.382401	  0.377878	  0.372813	  0.367218	  0.360935	  0.354081	  0.346819	  0.339249	   0.33146	  0.323541	  0.315503	  0.307341	  0.299057	  0.290718	  0.282352	  0.273995	  0.265668	  0.257377	  0.249115	  0.240876	  0.232658	  0.224457	  0.216273	  0.208114	  0.199994	  0.191932	  0.183952	  0.176076	  0.168327	  0.160729	  0.153303	   0.14607	  0.139049	  0.132259	  0.125715	   0.11943
   416	     0	0.000242948	0.000377155	0.000787287	0.00182069	0.00433215	 0.0101683	 0.0225251	  0.044818	 0.0771012	  0.115804	  0.156978	   0.19783	  0.236077	  0.270231	  0.299206	  0.322549	  0.340279	  0.353247	  0.361948	  0.367214	   0.36969	  0.370546	  0.370362	  0.370201	  0.370438	  0.371055	  0.372428	   0.37421	  0.376291	  0.378177	  0.379422	  0.380104	  0.379993	  0.378829	  0.377119	  0.374703	  0.371357	   0.36729	  0.362522	  0.356952	  0.350746	  0.344086	  0.337082	  0.329827	  0.322422	  0.314871	  0.307178	  0.299354	  0.291477	  0.283582	  0.275703	  0.267857	   0.26004	  0.252241	  0.244455	  0.236678	  0.228901	  0.221119	  0.213335	  0.205558	  0.197801	  0.190078	  0.182407	  0.174805	  0.167293	   0.15989	  0.152616	  0.145495	  0.138546	   0.13179	  0.125248
   417	     0	0.000188318	0.000293871	0.000622369	0.00146518	0.00355314	0.00850224	 0.0191786	  0.038754	 0.0674845	  0.102589	  0.141048	  0.180625	  0.219175	  0.255125	  0.287168	  0.314557	  0.336979	  0.354855	  0.368489	  0.378517	  0.385398	  0.390145	  0.393424	  0.396091	  0.398552	  0.400822	  0.403324	  0.405778	  0.408151	   0.41002	  0.410978	  0.411114	  0.410259	  0.408257	  0.405674	  0.402337	  0.398068	  0.393141	  0.387585	  0.381268	  0.374312	  0.366893	  0.359121	   0.35109	  0.342922	  0.334632	  0.326213	  0.317668	  0.309063	   0.30043	  0.291802	  0.283205	  0.274644	  0.266112	    0.2576	  0.249103	  0.240613	  0.232128	  0.223656	  0.215211	  0.206816	  0.198496	  0.190275	  0.182178	  0.174229	  0.166452	  0.158869	  0.151499	  0.144361	  0.137472	  0.130846
   418	     0	0.000169538	0.00026567	0.000573584	0.00138613	0.00345778	 0.0085101	 0.0196775	 0.0403917	 0.0706061	  0.106818	  0.145614	  0.184734	  0.222153	  0.256446	  0.286454	  0.311568	  0.331603	  0.347137	  0.358534	  0.366483	  0.371499	  0.374648	  0.376565	   0.37817	  0.379854	  0.381623	  0.383896	  0.386344	  0.388879	  0.391045	  0.392421	  0.393102	  0.392889	  0.391561	  0.389659	  0.387018	  0.383442	  0.379155	  0.374174	  0.368387	  0.361948	  0.355042	  0.347778	  0.340253	  0.332581	   0.32477	  0.316818	  0.308733	  0.300587	  0.292413	  0.284247	  0.276109	  0.268001	  0.259913	  0.251836	  0.243764	  0.235688	  0.227603	  0.219516	  0.211441	  0.203397	  0.195404	  0.187484	  0.179661	  0.171956	  0.164393	  0.156993	  0.149776	  0.142765	  0.135976	  0.129427
   419	     0	0.000206934	0.000324726	0.00072638	0.00184766	0.00484163	 0.0122818	 0.0281222	 0.0545782	 0.0886378	  0.126034	  0.164242	  0.201676	  0.236707	  0.268197	  0.295234	   0.31738	  0.334567	   0.34745	  0.356404	  0.362122	  0.365125	   0.36649	   0.36681	  0.367053	  0.367588	   0.36841	  0.369917	  0.371764	  0.373799	  0.375532	  0.376537	  0.376903	  0.376413	   0.37482	  0.372654	  0.369762	  0.366004	  0.361629	  0.356649	  0.350924	  0.344594	  0.337832	  0.330739	  0.323406	   0.31593	  0.308319	  0.300572	  0.292697	  0.284762	  0.276799	  0.268842	  0.260912	  0.253011	  0.245132	  0.237269	  0.229418	  0.221573	  0.213734	  0.205906	  0.198105	  0.190349	  0.182659	  0.175055	  0.167562	    0.1602	  0.152992	  0.145957	  0.139117	  0.132488	  0.126089	  0.119933
   420	     0	0.00015133	0.000240145	0.000545999	 0.0014141	0.00378919	0.00992798	  0.023827	 0.0488257	 0.0829128	  0.121441	   0.16134	  0.200789	  0.238035	  0.271799	  0.301071	  0.325351	  0.344527	  0.359198	  0.369747	  0.376871	  0.381083	  0.383448	  0.384592	  0.385455	  0.386423	   0.38749	  0.389057	  0.390822	  0.392684	  0.394167	  0.394842	  0.394781	  0.393795	  0.391697	   0.38904	  0.385664	  0.381423	  0.376593	  0.371193	  0.365074	  0.358356	  0.351206	  0.343725	     0.336	  0.328141	  0.320159	   0.31205	  0.303815	  0.295519	  0.287193	   0.27887	  0.270575	  0.262312	  0.254077	  0.245861	  0.237663	  0.229477	  0.221303	  0.213148	  0.205026	   0.19696	   0.18897	  0.181081	  0.173317	  0.165701	  0.158255	  0.150999	  0.143953	  0.137135	  0.130561	  0.124242
   421	     0	0.000333499	0.000508636	0.00104669	0.00239664	0.00563042	 0.0128902	  0.027276	 0.0509333	 0.0823827	  0.118386	  0.156309	  0.194242	  0.230319	  0.263205	  0.291829	  0.315632	  0.334457	  0.348866	  0.359223	  0.366208	  0.370331	  0.372655	  0.373812	  0.374719	   0.37575	  0.376891	  0.378526	  0.380364	  0.382308	   0.38389	  0.384692	   0.38478	  0.383973	  0.382082	  0.379636	   0.37648	  0.372462	  0.367837	  0.362621	  0.356677	  0.350127	  0.343138	  0.335809	   0.32823	  0.320505	  0.312646	   0.30465	   0.29652	  0.288323	  0.280091	  0.271856	  0.263642	  0.255455	  0.247289	  0.239138	  0.231001	  0.222875	  0.214758	  0.206659	  0.198591	  0.190576	  0.182636	  0.174793	  0.167071	  0.159494	  0.152083	   0.14486	  0.137844	  0.131053	  0.124504	   0.11821
   422	     0	0.00021718	0.000330806	0.000691686	0.00162789	0.00396275	0.00948931	 0.0212171	 0.0419655	 0.0710969	  0.105389	  0.141986	  0.178941	  0.214444	  0.247136	  0.275907	  0.300143	  0.319619	  0.334818	  0.346062	  0.353985	  0.359043	  0.362264	  0.364257	  0.365925	  0.367629	  0.369362	   0.37152	  0.373811	  0.376099	  0.377947	  0.378973	   0.37926	  0.378615	  0.376848	  0.374508	  0.371448	  0.367533	  0.363023	  0.357933	  0.352112	  0.345671	  0.338775	  0.331525	   0.32401	  0.316336	  0.308523	  0.300569	  0.292481	   0.28432	  0.276118	  0.267907	  0.259713	  0.251545	  0.243401	  0.235274	  0.227163	  0.219067	  0.210986	  0.202931	  0.194919	  0.186974	  0.179118	  0.171378	  0.163777	  0.156339	  0.149086	  0.142037	   0.13521	  0.128621	  0.122283	  0.116207
   423	     0	 0.0001306	0.000204431	0.000461091	0.00119318	0.00320817	0.00846882	 0.0205875	 0.0428815	 0.0738398	  0.109165	  0.145979	  0.182677	  0.217722	  0.249902	  0.278205	  0.302061	  0.321256	  0.336257	  0.347368	  0.355199	  0.360194	  0.363367	  0.365324	  0.366957	  0.368625	  0.370319	   0.37243	  0.374686	  0.376985	  0.378892	  0.379998	  0.380364	  0.379813	  0.378191	  0.376037	  0.373204	   0.36951	  0.365195	   0.36027	   0.35459	  0.348265	  0.341461	   0.33428	  0.326813	  0.319179	    0.3114	  0.303476	  0.295412	  0.287271	  0.279083	  0.270881	  0.262691	  0.254524	  0.246379	  0.238251	  0.230137	  0.222035	  0.213947	  0.205882	  0.197858	  0.189899	   0.18203	  0.174278	  0.166666	  0.159218	  0.151956	    0.1449	  0.138067	  0.131472	  0.125128	  0.119045
   424	     0	0.000247077	0.000395437	0.000868119	 0.0021158	0.00528038	 0.0128437	  0.028786	 0.0561952	 0.0931527	   0.13497	  0.178018	  0.219969	  0.258753	  0.293059	  0.321923	  0.344987	  0.362332	  0.374867	  0.383092	  0.387854	  0.389804	  0.390109	  0.389354	  0.388629	  0.388339	  0.388485	  0.389478	   0.39091	  0.392645	  0.394141	  0.394937	  0.395136	  0.394492	  0.392708	  0.390338	  0.387204	  0.383143	  0.378438	  0.373119	  0.367071	  0.360452	  0.353439	  0.346132	  0.338618	  0.330984	  0.323226	  0.315343	  0.307341	  0.299298	  0.291248	  0.283224	  0.275243	  0.267298	  0.259378	  0.251476	  0.243585	  0.235695	  0.227801	  0.219905	  0.212017	  0.204149	  0.196317	  0.188538	  0.180829	  0.173212	  0.165707	  0.158334	  0.151116	  0.144074	  0.137229	    0.1306
   425	     0	0.000342389	0.000505402	0.000966789	0.00203225	0.00439837	0.00943279	 0.0193378	 0.0365665	 0.0617838	 0.0933846	  0.128847	  0.165838	  0.202111	  0.236002	  0.266167	  0.291836	  0.312692	  0.329168	  0.341579	  0.350557	  0.356566	  0.360633	  0.363395	  0.365719	  0.367975	  0.370159	  0.372667	  0.375223	  0.377721	  0.379753	  0.380961	  0.381435	  0.380989	  0.379423	  0.377269	  0.374384	   0.37062	   0.36622	  0.361196	  0.355407	   0.34898	  0.342084	  0.334824	  0.327291	  0.319594	  0.311748	  0.303755	  0.295623	   0.28742	  0.279176	  0.270927	  0.262698	  0.254493	  0.246309	  0.238138	  0.229978	  0.221823	  0.213674	   0.20554	  0.197437	   0.18939	  0.181421	  0.173555	  0.165817	  0.158231	  0.150818	    0.1436	  0.136597	  0.129825	    0.1233	  0.117035
   426	     0	0.00015133	0.000240145	0.000545999	 0.0014141	0.00378919	0.00992798	  0.023827	 0.0488257	 0.0829128	  0.121441	   0.16134	  0.200789	  0.238035	  0.271799	  0.301071	  0.325351	  0.344527	  0.359198	  0.369747	  0.376871	  0.381083	  0.383448	  0.384592	  0.385455	  0.386423	   0.38749	  0.389057	  0.390822	  0.392684	  0.394167	  0.394842	  0.394781	  0.393795	  0.391697	   0.38904	  0.385664	  0.381423	  0.376593	  0.371193	  0.365074	  0.358356	  0.351206	  0.343725	     0.336	  0.328141	  0.320159	   0.31205	  0.303815	  0.295519	  0.287193	   0.27887	  0.270575	  0.262312	  0.254077	  0.245861	  0.237663	  0.229477	  0.221303	  0.213148	  0.205026	   0.19696	   0.18897	  0.181081	  0.173317	  0.165701	  0.158255	  0.150999	  0.143953	  0.137135	  0.130561	  0.124242
   427	     0	0.000259745	0.000405982	0.00089322	0.00222214	 0.0056773	 0.0139891	  0.031041	  0.058655	 0.0937316	  0.132262	   0.17177	  0.210567	  0.246927	  0.279648	  0.307791	  0.330914	  0.348944	  0.362503	  0.371986	  0.378094	   0.38135	  0.382831	  0.383181	   0.38334	  0.383695	  0.384243	  0.385385	  0.386809	  0.388385	  0.389607	   0.39005	  0.389779	  0.388595	  0.386295	  0.383428	  0.379836	  0.375418	  0.370464	  0.364992	  0.358848	  0.352142	   0.34503	  0.337605	  0.329949	  0.322156	  0.314237	  0.306186	  0.298007	  0.289763	  0.281485	  0.273207	  0.264951	  0.256725	  0.248525	  0.240343	  0.232178	  0.224026	  0.215888	  0.207772	  0.199694	  0.191676	   0.18374	   0.17591	  0.168211	  0.160664	  0.153294	  0.146119	  0.139158	  0.132429	  0.125946	  0.119721
   428	     0	0.000333499	0.000508636	0.00104669	0.00239664	0.00563042	 0.0128902	  0.027276	 0.0509333	 0.0823827	  0.118386	  0.156309	  0.194242	  0.230319	  0.263205	  0.291829	  0.315632	  0.334457	  0.348866	  0.359223	  0.366208	  0.370331	  0.372655	  0.373812	  0.374719	   0.37575	  0.376891	  0.378526	  0.380364	  0.382308	   0.38389	  0.384692	   0.38478	  0.383973	  0.382082	  0.379636	   0.37648	  0.372462	  0.367837	  0.362621	  0.356677	  0.350127	  0.343138	  0.335809	   0.32823	  0.320505	  0.312646	   0.30465	   0.29652	  0.288323	  0.280091	  0.271856	  0.263642	  0.255455	  0.247289	  0.239138	  0.231001	  0.222875	  0.214758	  0.206659	  0.198591	  0.190576	  0.182636	  0.174793	  0.167071	  0.159494	  0.152083	   0.14486	  0.137844	  0.131053	  0.124504	   0.11821
   429	     0	0.000155673	0.000245569	0.00053657	0.00131481	0.00333136	0.00835542	 0.0197925	 0.0417716	 0.0747971	  0.114809	  0.157353	  0.199491	   0.23888	  0.274025	  0.303851	  0.327935	  0.346322	  0.359887	  0.369134	  0.374899	  0.377818	  0.379051	  0.379175	   0.37926	  0.379698	  0.380488	  0.382036	  0.383961	  0.386123	  0.388019	  0.389218	  0.389824	  0.389589	  0.388216	  0.386247	  0.383519	  0.379854	  0.375494	  0.370458	  0.364631	  0.358181	  0.351294	  0.344081	  0.336638	  0.329059	  0.321348	  0.313505	  0.305543	  0.297536	  0.289521	   0.28153	  0.273582	   0.26567	  0.257784	  0.249915	  0.242059	  0.234204	  0.226346	  0.218488	   0.21064	  0.202815	  0.195031	  0.187303	  0.179652	  0.172097	  0.164658	  0.157357	  0.150215	  0.143253	  0.136492	  0.129951
   430	     0	0.000188318	0.000293871	0.000622369	0.00146518	0.00355314	0.00850224	 0.0191786	  0.038754	 0.0674845	  0.102589	  0.141048	  0.180625	  0.219175	  0.255125	  0.287168	  0.314557	  0.336979	  0.354855	  0.368489	  0.378517	  0.385398	  0.390145	  0.393424	  0.396091	  0.398552	  0.400822	  0.403324	  0.405778	  0.408151	   0.41002	  0.410978	  0.411114	  0.410259	  0.408257	  0.405674	  0.402337	  0.398068	  0.393141	  0.387585	  0.381268	  0.374312	  0.366893	  0.359121	   0.35109	  0.342922	  0.334632	  0.326213	  0.317668	  0.309063	   0.30043	  0.291802	  0.283205	  0.274644	  0.266112	    0.2576	  0.249103	  0.240613	  0.232128	  0.223656	  0.215211	  0.206816	  0.198496	  0.190275	  0.182178	  0.174229	  0.166452	  0.158869	  0.151499	  0.144361	  0.137472	  0.130846
   431	     0	0.000298814	0.000447584	0.000875623	0.00188359	0.00416905	0.00913607	 0.0191013	  0.036691	 0.0626296	 0.0952316	  0.131909	  0.170287	  0.208035	  0.243427	  0.275062	  0.302133	  0.324296	  0.341951	   0.35541	  0.365311	  0.372109	  0.376821	  0.380134	  0.382888	  0.385474	  0.387902	  0.390593	  0.393259	  0.395811	  0.397822	  0.398922	  0.399206	   0.39849	  0.396592	  0.394081	  0.390804	   0.38662	    0.3818	  0.376367	  0.370183	  0.363366	  0.356088	  0.348454	  0.340557	  0.332511	  0.324331	  0.316015	  0.307566	  0.299048	  0.290493	  0.281937	  0.273402	  0.264898	  0.256419	   0.24796	  0.239515	  0.231083	  0.222663	  0.214264	  0.205902	    0.1976	  0.189382	  0.181274	    0.1733	  0.165485	  0.157852	  0.150421	  0.143213	  0.136245	  0.129533	  0.123088
   432	     0	0.000333499	0.000508636	0.00104669	0.00239664	0.00563042	 0.0128902	  0.027276	 0.0509333	 0.0823827	  0.118386	  0.156309	  0.194242	  0.230319	  0.263205	  0.291829	  0.315632	  0.334457	  0.348866	  0.359223	  0.366208	  0.370331	  0.372655	  0.373812	  0.374719	   0.37575	  0.376891	  0.378526	  0.380364	  0.382308	   0.38389	  0.384692	   0.38478	  0.383973	  0.382082	  0.379636	   0.37648	  0.372462	  0.367837	  0.362621	  0.356677	  0.350127	  0.343138	  0.335809	   0.32823	  0.320505	  0.312646	   0.30465	   0.29652	  0.288323	  0.280091	  0.271856	  0.263642	  0.255455	  0.247289	  0.239138	  0.231001	  0.222875	  0.214758	  0.206659	  0.198591	  0.190576	  0.182636	  0.174793	  0.167071	  0.159494	  0.152083	   0.14486	  0.137844	  0.131053	  0.124504	   0.11821
   433	     0	0.000128478	0.000199572	0.000461533	0.00124698	0.00349929	0.00947424	 0.0227438	 0.0449786	 0.0731214	  0.103926	  0.135941	  0.168239	  0.199664	  0.229168	   0.25581	  0.278961	  0.298262	  0.313936	  0.326124	  0.335266	  0.341658	  0.346204	  0.349464	  0.352237	  0.354853	  0.357293	  0.359939	  0.362574	   0.36509	  0.367115	  0.368277	   0.36863	  0.367998	  0.366275	  0.364031	  0.361144	   0.35744	  0.353144	  0.348267	  0.342658	  0.336393	  0.329611	  0.322411	  0.314884	  0.307155	  0.299264	  0.291222	  0.283034	  0.274757	  0.266417	  0.258046	  0.249676	   0.24133	   0.23302	  0.224752	   0.21653	  0.208359	  0.200246	  0.192206	  0.184259	  0.176428	  0.168743	  0.161227	  0.153906	  0.146799	  0.139925	  0.133299	  0.126932	  0.120831	  0.115002	  0.109446
   434	     0	0.000264703	0.000400554	0.000799809	0.00176189	0.00399664	0.00897451	 0.0191883	 0.0374746	 0.0644781	 0.0980729	  0.135309	  0.173729	  0.211066	  0.245678	  0.276247	  0.302047	  0.322816	  0.339059	  0.351133	  0.359717	  0.365314	  0.368986	  0.371399	  0.373444	  0.375502	  0.377575	  0.380066	  0.382678	  0.385319	  0.387554	  0.388976	  0.389665	  0.389437	    0.3881	  0.386188	  0.383545	  0.379982	  0.375722	  0.370777	  0.365031	  0.358621	  0.351725	  0.344453	    0.3369	  0.329183	  0.321317	  0.313302	  0.305144	  0.296911	  0.288638	  0.280358	  0.272095	  0.263854	  0.255629	  0.247412	  0.239199	  0.230984	  0.222764	  0.214548	  0.206351	  0.198195	  0.190103	    0.1821	   0.17421	  0.166456	  0.158863	  0.151451	  0.144242	  0.137255	  0.130506	  0.124011
   435	     0	0.000331173	0.000503682	 0.0010341	0.00236389	 0.0055438	 0.0126575	 0.0266765	   0.04963	 0.0801765	  0.115438	  0.153027	  0.191079	  0.227681	  0.261429	  0.291182	  0.316315	  0.336591	  0.352467	  0.364262	   0.37261	   0.37797	  0.381361	  0.383429	  0.385066	  0.386664	  0.388225	  0.390157	  0.392184	  0.394191	  0.395724	  0.396381	  0.396232	  0.395085	  0.392779	   0.38989	  0.386262	  0.381773	  0.376714	  0.371107	  0.364799	  0.357881	   0.35051	  0.342786	  0.334802	  0.326667	  0.318405	  0.310015	  0.301496	  0.292909	  0.284283	  0.275649	  0.267035	  0.258454	  0.249904	  0.241383	   0.23289	  0.224424	  0.215989	  0.207596	  0.199263	  0.191013	  0.182873	  0.174867	  0.167022	  0.159361	  0.151905	  0.144673	  0.137684	   0.13095	  0.124484	  0.118295
   436	     0	0.000196439	0.000301017	0.000651022	 0.0016046	0.00408894	 0.0101347	 0.0228813	  0.044356	 0.0726592	  0.104674	  0.138448	  0.172691	  0.205995	  0.237181	  0.265207	  0.289411	  0.309441	  0.325573	  0.337998	  0.347217	  0.353577	  0.358018	  0.361156	  0.363794	  0.366283	  0.368612	  0.371168	  0.373719	  0.376161	  0.378097	  0.379146	  0.379367	   0.37859	  0.376696	  0.374254	  0.371129	  0.367166	  0.362611	  0.357485	  0.351641	   0.34516	  0.338185	  0.330815	  0.323139	  0.315277	  0.307262	  0.299098	  0.290789	  0.282393	  0.273935	   0.26545	  0.256968	  0.248507	  0.240076	  0.231676	  0.223309	  0.214979	  0.206693	  0.198464	  0.190312	  0.182261	   0.17434	  0.166574	  0.158988	  0.151606	  0.144446	  0.137526	  0.130859	  0.124457	  0.118327	  0.112473
   437	     0	0.000354125	0.000548195	0.00117663	0.00283701	0.00699946	 0.0166001	 0.0354539	  0.064971	  0.101819	  0.141924	  0.182644	  0.222156	  0.258698	  0.291114	  0.318548	  0.340655	   0.35746	  0.369707	  0.377839	  0.382612	  0.384608	  0.384946	  0.384237	  0.383493	  0.383101	  0.383048	  0.383717	  0.384796	  0.386172	  0.387323	  0.387781	   0.38759	  0.386553	  0.384469	  0.381862	  0.378569	  0.374432	  0.369712	  0.364421	  0.358412	  0.351812	  0.344787	  0.337435	  0.329843	  0.322115	  0.314262	  0.306279	   0.29817	  0.290003	  0.281807	  0.273616	  0.265453	  0.257322	  0.249215	  0.241126	  0.233053	  0.224989	  0.216935	  0.208895	  0.200883	  0.192918	  0.185021	  0.177214	   0.16952	  0.161961	   0.15456	  0.147337	  0.140312	  0.133504	   0.12693	  0.120603
   438	     0	0.000420283	0.000657005	0.00143973	 0.0035392	  0.008795	 0.0204859	 0.0416551	 0.0718095	  0.107323	   0.14548	  0.184585	  0.223119	  0.259336	  0.292099	  0.320489	  0.344054	  0.362676	  0.376889	  0.387032	  0.393757	  0.397554	  0.399457	  0.400136	  0.400482	  0.400906	  0.401418	  0.402431	  0.403664	  0.405044	  0.406075	  0.406289	  0.405734	   0.40423	  0.401618	  0.398463	  0.394594	  0.389876	  0.384597	  0.378778	  0.372269	  0.365173	  0.357649	  0.349796	  0.341704	  0.333481	  0.325146	   0.31669	  0.308114	  0.299478	  0.290813	   0.28215	  0.273515	  0.264917	  0.256354	   0.24782	  0.239311	  0.230826	  0.222365	  0.213938	  0.205559	  0.197251	  0.189039	  0.180947	     0.173	  0.165222	  0.157634	  0.150258	  0.143112	  0.136211	  0.129571	  0.123202
   439	     0	0.000395635	0.000593399	0.00117254	0.00255614	0.00571671	 0.0125335	 0.0257596	 0.0476849	 0.0777029	  0.113156	  0.151321	  0.189995	  0.227062	  0.261024	  0.290708	  0.315508	  0.335243	  0.350463	   0.36154	  0.369163	  0.373841	  0.376632	  0.378176	  0.379396	  0.380679	  0.382023	   0.38383	  0.385803	  0.387834	  0.389458	  0.390265	   0.39033	  0.389464	  0.387475	  0.384914	  0.381623	  0.377459	  0.372691	  0.367337	   0.36125	  0.354549	  0.347401	  0.339907	  0.332159	  0.324264	  0.316238	  0.308078	  0.299788	  0.291432	  0.283042	  0.274652	  0.266284	  0.257946	  0.249634	   0.24134	  0.233063	  0.224798	  0.216547	  0.208317	  0.200124	  0.191989	  0.183937	  0.175992	  0.168177	  0.160517	  0.153033	  0.145748	  0.138679	  0.131845	   0.12526	  0.118937
   440	     0	0.00012619	0.00019514	0.000419093	0.00101651	0.00256322	0.00643906	 0.0154412	 0.0334502	 0.0619154	 0.0978965	  0.137285	  0.177197	  0.215347	  0.250155	  0.280421	  0.305556	  0.325431	  0.340694	  0.351767	  0.359387	  0.364095	  0.366989	  0.368687	  0.370143	  0.371733	  0.373449	  0.375689	  0.378133	  0.380662	  0.382827	  0.384229	  0.384962	  0.384813	  0.383544	  0.381689	    0.3791	  0.375598	  0.371405	  0.366529	  0.360844	  0.354502	  0.347689	  0.340518	  0.333086	  0.325501	  0.317776	  0.309912	  0.301917	  0.293862	  0.285781	  0.277707	  0.269663	  0.261649	  0.253657	   0.24568	  0.237713	  0.229748	  0.221783	  0.213823	  0.205882	  0.197978	   0.19013	  0.182361	  0.174692	  0.167146	  0.159744	  0.152509	   0.14546	  0.138617	  0.131999	   0.12562
   441	     0	0.000279575	0.000428592	0.00089266	0.00207633	0.00497227	  0.011665	 0.0254501	 0.0490753	 0.0814188	  0.118841	  0.158188	   0.19728	  0.234153	  0.267441	  0.296096	  0.319623	   0.33794	   0.35171	  0.361352	  0.367599	     0.371	  0.372654	  0.373183	   0.37356	   0.37416	  0.374976	  0.376399	  0.378114	  0.379987	  0.381529	  0.382325	  0.382444	  0.381684	   0.37983	  0.377413	  0.374279	  0.370291	  0.365716	  0.360567	  0.354701	  0.348241	  0.341351	  0.334127	  0.326656	  0.319037	   0.31128	  0.303384	  0.295354	  0.287257	  0.279125	  0.270992	  0.262881	  0.254795	  0.246729	  0.238677	  0.230636	    0.2226	  0.214568	  0.206549	  0.198559	  0.190616	  0.182744	  0.174966	  0.167305	  0.159784	  0.152425	  0.145249	  0.138276	  0.131523	  0.125007	  0.118742
   442	     0	0.000338921	0.000527697	0.00116395	0.00290722	0.00739649	 0.0177795	 0.0374484	 0.0664046	  0.100886	  0.137873	  0.175663	  0.212877	  0.247955	  0.279776	  0.307433	  0.330453	  0.348692	  0.362656	  0.372665	  0.379346	  0.383166	  0.385149	  0.385913	  0.386372	  0.386912	   0.38753	  0.388621	  0.389919	  0.391322	  0.392349	  0.392563	  0.392014	  0.390518	  0.387926	  0.384802	  0.380988	  0.376364	  0.371224	  0.365587	  0.359292	  0.352422	  0.345127	  0.337497	  0.329618	  0.321595	  0.313449	  0.305176	  0.296777	  0.288311	  0.279805	  0.271292	  0.262799	  0.254338	  0.245911	  0.237513	  0.229145	  0.220808	  0.212504	  0.204245	  0.196047	  0.187934	  0.179931	  0.172063	  0.164353	  0.156826	  0.149501	  0.142398	  0.135533	  0.128919	  0.122568	  0.116489
   443	     0	0.000319039	0.000482545	0.000978678	0.00220724	0.00512298	 0.0116723	 0.0248894	 0.0474362	 0.0786398	  0.115344	  0.154477	  0.193743	  0.231038	  0.264904	  0.294225	  0.318459	  0.337491	  0.351946	  0.362234	  0.369077	  0.373023	  0.375165	  0.376146	  0.376912	  0.377847	  0.378949	  0.380607	  0.382537	  0.384653	  0.386484	  0.387582	  0.387999	   0.38755	  0.386057	  0.384034	  0.381325	   0.37772	  0.373434	  0.368474	  0.362714	  0.356294	   0.34939	  0.342112	  0.334554	  0.326837	  0.318977	  0.310974	  0.302834	  0.294624	  0.286379	   0.27813	  0.269904	  0.261703	  0.253522	  0.245353	  0.237193	  0.229034	  0.220874	   0.21272	  0.204588	  0.196497	  0.188471	  0.180532	  0.172705	  0.165013	  0.157478	  0.150123	  0.142967	  0.136029	  0.129328	  0.122876
   444	     0	0.000284728	0.000425279	0.000840548	0.00184298	0.00417087	0.00933633	 0.0198293	  0.038292	 0.0650191	 0.0977919	  0.133882	   0.17111	  0.207489	  0.241491	  0.271873	  0.297897	  0.319232	  0.336236	  0.349195	  0.358704	  0.365189	  0.369648	  0.372732	  0.375277	  0.377646	  0.379823	  0.382185	  0.384509	  0.386704	  0.388361	  0.389127	   0.38905	  0.387965	  0.385753	  0.382979	  0.379503	  0.375197	  0.370341	  0.364959	  0.358895	  0.352226	  0.345089	  0.337578	  0.329777	  0.321797	  0.313666	  0.305386	  0.296959	  0.288445	  0.279874	  0.271278	  0.262687	  0.254117	  0.245571	  0.237049	  0.228552	  0.220079	  0.211638	  0.203239	  0.194902	  0.186652	  0.178517	  0.170522	  0.162694	  0.155055	  0.147629	  0.140432	  0.133481	  0.126789	  0.120367	  0.114221
   445	     0	0.000404095	0.000657436	 0.0016147	0.00453729	 0.0125829	 0.0305911	  0.059806	 0.0955412	  0.133395	  0.171812	  0.209821	  0.246333	  0.279983	  0.309914	  0.335423	  0.356187	  0.372156	  0.383909	  0.391774	  0.396394	  0.398269	  0.398439	  0.397551	  0.396524	  0.395755	  0.395233	  0.395349	  0.395824	   0.39658	  0.397086	   0.39685	  0.395896	  0.394047	  0.391156	  0.387768	  0.383714	  0.378877	  0.373556	  0.367769	  0.361356	  0.354407	  0.347067	  0.339424	  0.331556	  0.323564	   0.31546	  0.307236	   0.29889	  0.290481	  0.282038	  0.273592	  0.265169	   0.25678	  0.248423	  0.240095	  0.231794	  0.223521	  0.215279	  0.207076	  0.198928	  0.190856	  0.182883	  0.175033	   0.16733	  0.159797	  0.152454	  0.145322	  0.138417	  0.131754	  0.125347	  0.119206
   446	     0	0.000242948	0.000377155	0.000787287	0.00182069	0.00433215	 0.0101683	 0.0225251	  0.044818	 0.0771012	  0.115804	  0.156978	   0.19783	  0.236077	  0.270231	  0.299206	  0.322549	  0.340279	  0.353247	  0.361948	  0.367214	   0.36969	  0.370546	  0.370362	  0.370201	  0.370438	  0.371055	  0.372428	   0.37421	  0.376291	  0.378177	  0.379422	  0.380104	  0.379993	  0.378829	  0.377119	  0.374703	  0.371357	   0.36729	  0.362522	  0.356952	  0.350746	  0.344086	  0.337082	  0.329827	  0.322422	  0.314871	  0.307178	  0.299354	  0.291477	  0.283582	  0.275703	  0.267857	   0.26004	  0.252241	  0.244455	  0.236678	  0.228901	  0.221119	  0.213335	  0.205558	  0.197801	  0.190078	  0.182407	  0.174805	  0.167293	   0.15989	  0.152616	  0.145495	  0.138546	   0.13179	  0.125248
   447	     0	0.000198509	0.000304182	0.000646187	0.00154971	0.00384539	0.00938127	  0.021321	 0.0426522	 0.0726631	  0.107939	  0.145535	  0.183434	  0.219709	  0.252971	  0.282106	  0.306525	   0.32604	  0.341173	  0.352276	  0.360006	  0.364844	  0.367839	  0.369645	  0.371141	  0.372703	  0.374331	  0.376435	   0.37871	  0.381037	  0.382963	  0.384091	  0.384509	  0.384016	  0.382397	  0.380191	  0.377252	  0.373443	  0.369004	  0.363942	  0.358121	  0.351673	   0.34477	  0.337517	  0.330005	  0.322339	  0.314532	  0.306584	  0.298502	  0.290352	  0.282166	  0.273979	  0.265814	  0.257677	  0.249562	  0.241463	  0.233375	  0.225295	  0.217221	  0.209161	  0.201132	  0.193155	  0.185253	  0.177449	  0.169767	  0.162231	  0.154862	  0.147681	  0.140709	  0.133963	  0.127458	  0.121209
   448	     0	0.000401982	0.000615729	0.00127661	0.00294197	0.00691783	 0.0156678	 0.0322649	 0.0580142	 0.0906691	   0.12723	  0.165519	  0.203823	  0.240334	  0.273753	  0.303025	  0.327585	  0.347238	  0.362476	  0.373623	  0.381323	  0.386049	  0.388825	  0.390296	  0.391364	  0.392429	  0.393506	  0.395011	  0.396661	  0.398375	  0.399681	  0.400136	  0.399803	  0.398506	    0.3961	  0.393153	    0.3895	  0.384984	  0.379899	  0.374272	  0.367951	  0.361032	  0.353672	  0.345966	     0.338	   0.32989	  0.321654	   0.31329	  0.304798	  0.296239	  0.287643	  0.279042	  0.270463	  0.261916	  0.253399	  0.244907	  0.236436	  0.227984	  0.219553	  0.211152	  0.202798	  0.194515	  0.186329	  0.178266	   0.17035	  0.162606	  0.155056	   0.14772	  0.140616	  0.133759	  0.127163	  0.120837
   449	     0	0.000324871	0.000510643	0.00111314	0.00271393	0.00674604	 0.0160518	 0.0342112	 0.0623795	  0.097451	  0.135974	  0.175763	  0.215158	  0.252362	  0.286133	   0.31547	  0.339872	  0.359203	  0.374033	  0.384709	  0.391905	  0.396129	  0.398425	   0.39941	  0.400021	  0.400665	  0.401342	  0.402457	  0.403732	  0.405127	  0.406166	  0.406393	  0.405864	   0.40441	  0.401879	   0.39882	   0.39506	  0.390431	  0.385228	  0.379478	  0.373027	  0.365984	  0.358514	  0.350717	  0.342682	  0.334522	  0.326252	  0.317862	  0.309355	  0.300793	  0.292207	  0.283629	  0.275084	  0.266578	  0.258105	  0.249658	  0.241232	  0.232822	  0.224428	  0.216056	  0.207722	  0.199446	  0.191252	  0.183165	  0.175208	  0.167406	   0.15978	  0.152352	   0.14514	  0.138164	  0.131437	  0.124973
   450	     0	0.000339706	0.000518177	0.00105631	0.00238555	0.00552821	 0.0125308	 0.0264513	 0.0496966	  0.081205	  0.117756	  0.156462	  0.195212	  0.232055	   0.26559	   0.29472	  0.318887	  0.337945	  0.352486	  0.362894	  0.369872	  0.373943	   0.37618	  0.377205	  0.377972	  0.378864	  0.379882	  0.381424	  0.383191	  0.385075	  0.386602	  0.387343	  0.387363	  0.386481	  0.384519	  0.382015	  0.378808	  0.374738	   0.37008	  0.364855	  0.358921	  0.352387	  0.345415	  0.338097	  0.330519	  0.322788	   0.31492	   0.30691	  0.298764	  0.290547	   0.28229	  0.274027	  0.265782	  0.257561	  0.249361	  0.241173	  0.232995	  0.224821	  0.216651	  0.208494	  0.200366	   0.19229	   0.18429	  0.176391	  0.168616	   0.16099	  0.153536	  0.146273	   0.13922	  0.132397	  0.125817	  0.119493
   451	     0	0.000423866	0.000659556	0.00142939	0.00347459	0.00857681	 0.0200345	 0.0413124	 0.0724438	  0.109479	  0.148965	  0.188817	  0.227437	  0.263143	  0.294847	  0.321716	  0.343401	  0.359906	  0.371944	  0.379926	  0.384581	  0.386473	  0.386701	  0.385878	  0.384996	  0.384444	  0.384214	  0.384693	   0.38557	  0.386724	  0.387628	   0.38783	  0.387383	  0.386086	  0.383719	  0.380804	  0.377182	  0.372744	  0.367778	  0.362297	  0.356143	  0.349437	  0.342337	  0.334934	  0.327312	  0.319559	  0.311684	  0.303682	  0.295556	  0.287374	  0.279165	  0.270964	  0.262792	  0.254653	  0.246542	  0.238451	  0.230376	  0.222314	  0.214263	  0.206231	  0.198232	  0.190285	  0.182412	  0.174636	  0.166979	  0.159463	  0.152112	  0.144945	  0.137981	  0.131239	  0.124736	  0.118483
   452	     0	0.000333499	0.000508636	0.00104669	0.00239664	0.00563042	 0.0128902	  0.027276	 0.0509333	 0.0823827	  0.118386	  0.156309	  0.194242	  0.230319	  0.263205	  0.291829	  0.315632	  0.334457	  0.348866	  0.359223	  0.366208	  0.370331	  0.372655	  0.373812	  0.374719	   0.37575	  0.376891	  0.378526	  0.380364	  0.382308	   0.38389	  0.384692	   0.38478	  0.383973	  0.382082	  0.379636	   0.37648	  0.372462	  0.367837	  0.362621	  0.356677	  0.350127	  0.343138	  0.335809	   0.32823	  0.320505	  0.312646	   0.30465	   0.29652	  0.288323	  0.280091	  0.271856	  0.263642	  0.255455	  0.247289	  0.239138	  0.231001	  0.222875	  0.214758	  0.206659	  0.198591	  0.190576	  0.182636	  0.174793	  0.167071	  0.159494	  0.152083	   0.14486	  0.137844	  0.131053	  0.124504	   0.11821
   453	     0	0.000391279	0.000579856	0.00109881	0.00226816	0.00480134	 0.0100567	 0.0201534	 0.0374127	 0.0624896	 0.0939508	  0.129412	  0.166551	  0.203047	  0.237201	  0.267623	  0.293515	  0.314546	  0.331177	  0.343717	  0.352813	  0.358936	  0.363124	  0.365992	  0.368451	  0.370881	  0.373293	  0.376106	  0.378994	  0.381838	  0.384215	  0.385744	  0.386541	  0.386405	   0.38511	  0.383207	  0.380539	  0.376931	  0.372619	  0.367623	  0.361817	  0.355346	  0.348394	  0.341075	  0.333489	  0.325747	  0.317865	  0.309841	  0.301684	  0.293463	  0.285211	  0.276962	  0.268739	  0.260543	  0.252368	  0.244206	  0.236052	    0.2279	  0.219748	  0.211604	  0.203483	  0.195406	  0.187395	  0.179475	  0.171667	  0.163998	  0.156488	   0.14916	  0.142034	  0.135129	  0.128464	  0.122052
   454	     0	0.000322815	0.000500301	0.00101392	0.00224319	0.00507565	 0.0113015	 0.0237921	   0.04545	 0.0763766	  0.113819	  0.154464	  0.195634	  0.234897	  0.270599	  0.301482	  0.326943	  0.346871	  0.361983	  0.372721	  0.379872	  0.384028	   0.38631	  0.387349	  0.388144	  0.389104	  0.390245	  0.391992	   0.39398	  0.396107	  0.397881	  0.398874	  0.399192	  0.398619	  0.396904	    0.3946	  0.391533	  0.387531	  0.382867	  0.377569	  0.371523	  0.364876	  0.357804	  0.350408	  0.342777	   0.33501	  0.327111	  0.319076	  0.310913	  0.302697	  0.294462	  0.286242	  0.278058	  0.269906	  0.261775	  0.253656	  0.245541	  0.237421	  0.229289	  0.221151	  0.213021	  0.204915	  0.196852	  0.188853	   0.18094	  0.173134	  0.165457	  0.157931	  0.150578	   0.14342	  0.136475	  0.129764
   455	     0	0.000401982	0.000615729	0.00127661	0.00294197	0.00691783	 0.0156678	 0.0322649	 0.0580142	 0.0906691	   0.12723	  0.165519	  0.203823	  0.240334	  0.273753	  0.303025	  0.327585	  0.347238	  0.362476	  0.373623	  0.381323	  0.386049	  0.388825	  0.390296	  0.391364	  0.392429	  0.393506	  0.395011	  0.396661	  0.398375	  0.399681	  0.400136	  0.399803	  0.398506	    0.3961	  0.393153	    0.3895	  0.384984	  0.379899	  0.374272	  0.367951	  0.361032	  0.353672	  0.345966	     0.338	   0.32989	  0.321654	   0.31329	  0.304798	  0.296239	  0.287643	  0.279042	  0.270463	  0.261916	  0.253399	  0.244907	  0.236436	  0.227984	  0.219553	  0.211152	  0.202798	  0.194515	  0.186329	  0.178266	   0.17035	  0.162606	  0.155056	   0.14772	  0.140616	  0.133759	  0.127163	  0.120837
   456	     0	0.000338921	0.000527697	0.00116395	0.00290722	0.00739649	 0.0177795	 0.0374484	 0.0664046	  0.100886	  0.137873	  0.175663	  0.212877	  0.247955	  0.279776	  0.307433	  0.330453	  0.348692	  0.362656	  0.372665	  0.379346	  0.383166	  0.385149	  0.385913	  0.386372	  0.386912	   0.38753	  0.388621	  0.389919	  0.391322	  0.392349	  0.392563	  0.392014	  0.390518	  0.387926	  0.384802	  0.380988	  0.376364	  0.371224	  0.365587	  0.359292	  0.352422	  0.345127	  0.337497	  0.329618	  0.321595	  0.313449	  0.305176	  0.296777	  0.288311	  0.279805	  0.271292	  0.262799	  0.254338	  0.245911	  0.237513	  0.229145	  0.220808	  0.212504	  0.204245	  0.196047	  0.187934	  0.179931	  0.172063	  0.164353	  0.156826	  0.149501	  0.142398	  0.135533	  0.128919	  0.122568	  0.116489
   457	     0	0.000368042	0.000562052	0.00113345	 0.0025134	0.00570715	 0.0127037	 0.0265202	 0.0498084	 0.0820437	  0.120207	  0.161104	  0.202173	  0.241029	  0.276105	  0.306236	  0.330903	  0.350055	  0.364445	  0.374517	  0.381056	  0.384666	  0.386472	  0.387074	  0.387485	  0.388111	  0.388942	  0.390364	  0.392074	  0.394006	  0.395685	  0.396663	     0.397	  0.396496	  0.394933	  0.392822	  0.389996	  0.386238	  0.381769	    0.3766	  0.370609	  0.363955	  0.356827	   0.34934	  0.341598	  0.333715	  0.325702	  0.317558	  0.309292	  0.300975	  0.292642	  0.284327	   0.27605	   0.26781	  0.259597	  0.251402	  0.243218	  0.235037	  0.226853	  0.218671	  0.210504	  0.202369	  0.194285	  0.186274	  0.178357	  0.170557	  0.162897	  0.155398	  0.148082	  0.140969	   0.13408	  0.127431
   458	     0	0.000467091	0.000722948	0.00158454	0.00391995	0.00975839	 0.0224358	 0.0442828	 0.0737443	  0.107189	  0.142472	  0.178342	  0.213621	  0.246883	  0.277111	  0.303445	  0.325413	  0.342844	  0.356183	  0.365712	  0.372019	  0.375545	  0.377294	   0.37792	  0.378273	  0.378728	  0.379263	  0.380256	  0.381462	  0.382771	  0.383702	  0.383834	    0.3832	  0.381621	  0.378953	  0.375744	  0.371849	  0.367181	  0.362033	  0.356421	  0.350186	  0.343402	  0.336204	  0.328677	  0.320901	  0.312973	  0.304911	  0.296715	  0.288384	  0.279975	  0.271515	  0.263037	  0.254569	  0.246128	  0.237717	  0.229336	  0.220989	  0.212681	  0.204418	  0.196212	  0.188081	  0.180049	  0.172141	  0.164382	  0.156795	  0.149403	  0.142225	  0.135279	  0.128581	  0.122142	  0.115971	  0.110076
   459	     0	0.000319729	0.000490205	0.00101423	0.00233332	0.00551092	 0.0127128	  0.027197	 0.0514336	 0.0840675	  0.121546	  0.160852	  0.199853	  0.236583	  0.269685	  0.298114	  0.321379	  0.339412	  0.352907	  0.362281	  0.368277	  0.371458	  0.372929	  0.373282	  0.373522	  0.374027	  0.374786	  0.376186	  0.377906	  0.379826	  0.381457	  0.382362	  0.382608	  0.381996	  0.380311	  0.378076	  0.375131	  0.371306	  0.366852	  0.361783	  0.355961	  0.349521	  0.342634	  0.335403	   0.32792	   0.32029	  0.312526	  0.304625	  0.296593	  0.288498	  0.280372	  0.272249	  0.264151	  0.256081	  0.248031	  0.239996	  0.231971	  0.223951	  0.215934	  0.207928	  0.199946	  0.192008	  0.184136	  0.176351	  0.168677	  0.161136	  0.153751	  0.146543	  0.139531	  0.132735	  0.126171	  0.119855
   460	     0	0.000268588	0.000420479	0.000900504	0.00214857	 0.0052621	 0.0125835	 0.0278235	 0.0539175	 0.0892684	  0.129625	  0.171523	  0.212637	  0.250883	  0.284913	  0.313727	  0.336928	  0.354552	  0.367422	  0.376022	  0.381162	  0.383476	  0.384119	  0.383711	  0.383277	  0.383212	  0.383499	  0.384518	  0.385942	  0.387675	  0.389208	  0.390079	  0.390346	  0.389798	  0.388197	  0.386051	  0.383198	  0.379444	  0.375018	  0.369931	  0.364069	  0.357587	  0.350663	  0.343403	  0.335901	  0.328257	  0.320479	  0.312563	  0.304518	  0.296418	  0.288296	  0.280188	  0.272112	  0.264066	  0.256042	  0.248031	   0.24003	   0.23203	  0.224026	  0.216023	  0.208031	  0.200066	  0.192146	   0.18429	  0.176518	  0.168854	  0.161317	  0.153929	  0.146713	   0.13969	  0.132878	  0.126296
   461	     0	0.000282589	0.000443567	0.000988519	0.00249716	0.00646623	 0.0160518	 0.0355043	  0.066192	  0.104018	  0.144508	  0.185109	  0.224166	  0.260038	  0.291652	  0.318206	  0.339393	  0.355274	  0.366629	  0.373913	  0.377893	  0.379167	  0.378875	  0.377624	  0.376431	  0.375674	  0.375328	  0.375759	  0.376664	  0.377922	  0.379007	  0.379462	  0.379322	  0.378386	  0.376432	  0.373956	  0.370803	  0.366832	  0.362293	  0.357188	  0.351377	  0.344989	  0.338185	  0.331061	    0.3237	  0.316195	  0.308556	  0.300779	  0.292873	  0.284903	  0.276904	  0.268908	  0.260938	  0.252996	  0.245075	  0.237168	  0.229274	  0.221386	  0.213503	  0.205631	  0.197782	  0.189976	   0.18223	  0.174568	   0.16701	  0.159579	  0.152295	  0.145181	  0.138255	  0.131537	  0.125044	  0.118791
   462	     0	0.000423866	0.000659556	0.00142939	0.00347459	0.00857681	 0.0200345	 0.0413124	 0.0724438	  0.109479	  0.148965	  0.188817	  0.227437	  0.263143	  0.294847	  0.321716	  0.343401	  0.359906	  0.371944	  0.379926	  0.384581	  0.386473	  0.386701	  0.385878	  0.384996	  0.384444	  0.384214	  0.384693	   0.38557	  0.386724	  0.387628	   0.38783	  0.387383	  0.386086	  0.383719	  0.380804	  0.377182	  0.372744	  0.367778	  0.362297	  0.356143	  0.349437	  0.342337	  0.334934	  0.327312	  0.319559	  0.311684	  0.303682	  0.295556	  0.287374	  0.279165	  0.270964	  0.262792	  0.254653	  0.246542	  0.238451	  0.230376	  0.222314	  0.214263	  0.206231	  0.198232	  0.190285	  0.182412	  0.174636	  0.166979	  0.159463	  0.152112	  0.144945	  0.137981	  0.131239	  0.124736	  0.118483
   463	     0	0.000405011	0.000645798	0.00143231	0.00353994	0.00885081	 0.0208819	  0.043327	 0.0761671	  0.115171	  0.156718	  0.198644	  0.239287	  0.276881	  0.310299	  0.338678	  0.361666	  0.379274	  0.392232	  0.400957	  0.406199	  0.408537	  0.409064	  0.408386	   0.40752	  0.406885	  0.406483	  0.406709	   0.40726	  0.408069	  0.408609	  0.408404	  0.407493	  0.405693	  0.402824	  0.399434	  0.395337	  0.390402	  0.384959	  0.379032	   0.37246	  0.365346	  0.357847	  0.350052	  0.342043	  0.333921	  0.325693	   0.31735	  0.308892	  0.300384	  0.291856	   0.28334	  0.274859	  0.266418	  0.258009	  0.249624	  0.241257	  0.232903	   0.22456	  0.216233	  0.207939	  0.199698	  0.191532	  0.183465	  0.175522	  0.167725	  0.160096	  0.152658	   0.14543	  0.138429	  0.131672	  0.125173
   464	     0	0.000251622	0.000389193	0.000828238	0.00197686	0.00486044	 0.0116893	 0.0260142	 0.0507065	  0.084294	  0.122746	  0.162823	  0.202374	  0.239458	  0.272749	  0.301239	  0.324475	  0.342416	  0.355768	  0.364969	  0.370768	  0.373738	  0.374996	  0.375161	  0.375211	  0.375521	  0.376076	  0.377252	  0.378748	  0.380453	  0.381879	  0.382604	  0.382688	  0.381932	  0.380112	  0.377737	  0.374655	  0.370725	  0.366196	  0.361077	   0.35523	  0.348788	  0.341918	  0.334719	  0.327277	   0.31969	  0.311964	    0.3041	  0.296104	  0.288045	  0.279956	  0.271873	  0.263815	  0.255786	  0.247778	  0.239784	  0.231801	  0.223822	  0.215847	   0.20788	  0.199937	  0.192035	  0.184194	  0.176437	  0.168785	  0.161261	  0.153887	  0.146684	  0.139671	   0.13287	  0.126296	  0.119964
   465	     0	0.000152441	0.000239967	0.000520781	0.00126606	0.00318281	0.00792522	 0.0186629	 0.0392377	  0.070126	  0.107541	  0.147372	  0.187021	  0.224465	  0.258306	  0.287463	  0.311412	  0.330067	  0.344129	  0.354032	   0.36053	  0.364191	  0.366128	  0.366942	  0.367623	  0.368538	  0.369674	  0.371423	  0.373445	  0.375613	   0.37745	  0.378553	  0.379014	  0.378623	  0.377138	  0.375085	  0.372309	  0.368647	  0.364355	  0.359455	  0.353822	  0.347596	  0.340945	  0.333965	   0.32674	  0.319366	  0.311847	  0.304184	  0.296384	   0.28852	  0.280625	  0.272735	  0.264868	  0.257025	  0.249196	  0.241377	  0.233561	  0.225741	  0.217915	  0.210087	  0.202272	  0.194486	  0.186748	   0.17908	  0.171501	  0.164034	    0.1567	   0.14952	  0.142516	  0.135706	   0.12911	  0.122743
   466	     0	0.000304523	0.000486158	0.00110819	 0.0028555	0.00750014	 0.0186956	 0.0409028	  0.074606	  0.114719	  0.156703	  0.198187	   0.23762	  0.273427	  0.304624	  0.330485	  0.350779	  0.365634	  0.375935	  0.382156	  0.385104	  0.385414	  0.384247	  0.382173	   0.38028	  0.378952	   0.37817	  0.378313	  0.379017	  0.380148	  0.381147	  0.381528	  0.381352	  0.380395	  0.378395	  0.375865	  0.372637	  0.368563	  0.363915	  0.358709	  0.352808	  0.346355	  0.339514	  0.332379	  0.325034	  0.317564	  0.309971	   0.30225	  0.294409	   0.28652	  0.278615	  0.270727	  0.262875	  0.255057	  0.247262	  0.239486	  0.231724	   0.22397	   0.21622	  0.208476	   0.20075	  0.193055	  0.185407	  0.177826	   0.17033	  0.162941	  0.155678	  0.148564	  0.141618	   0.13486	   0.12831	  0.121985
   467	     0	0.00015133	0.000240145	0.000545999	 0.0014141	0.00378919	0.00992798	  0.023827	 0.0488257	 0.0829128	  0.121441	   0.16134	  0.200789	  0.238035	  0.271799	  0.301071	  0.325351	  0.344527	  0.359198	  0.369747	  0.376871	  0.381083	  0.383448	  0.384592	  0.385455	  0.386423	   0.38749	  0.389057	  0.390822	  0.392684	  0.394167	  0.394842	  0.394781	  0.393795	  0.391697	   0.38904	  0.385664	  0.381423	  0.376593	  0.371193	  0.365074	  0.358356	  0.351206	  0.343725	     0.336	  0.328141	  0.320159	   0.31205	  0.303815	  0.295519	  0.287193	   0.27887	  0.270575	  0.262312	  0.254077	  0.245861	  0.237663	  0.229477	  0.221303	  0.213148	  0.205026	   0.19696	   0.18897	  0.181081	  0.173317	  0.165701	  0.158255	  0.150999	  0.143953	  0.137135	  0.130561	  0.124242
   468	     0	0.000332538	0.00051996	0.00110105	0.00258304	0.00619375	 0.0144196	 0.0308462	 0.0577438	 0.0929698	  0.132471	  0.173166	  0.212981	  0.249999	  0.282949	  0.310868	  0.333345	  0.350392	  0.362806	  0.371044	    0.3759	  0.377986	  0.378444	  0.377879	  0.377324	  0.377167	  0.377401	  0.378426	  0.379871	  0.381609	  0.383115	  0.383929	  0.384138	  0.383522	  0.381819	   0.37956	  0.376577	  0.372702	  0.368199	   0.36309	  0.357258	  0.350851	  0.344038	  0.336915	  0.329566	  0.322082	  0.314465	  0.306711	  0.298829	  0.290892	  0.282936	  0.274992	  0.267079	  0.259196	  0.251331	  0.243479	  0.235635	  0.227792	  0.219944	  0.212097	  0.204261	   0.19645	  0.188681	  0.180974	  0.173347	  0.165821	  0.158419	   0.15116	  0.144066	  0.137159	  0.130457	  0.123979
   469	     0	0.000198896	0.000307625	0.000661441	0.00160536	 0.0040306	0.00995192	 0.0228842	  0.046168	  0.078835	  0.116649	  0.156046	  0.194823	  0.231109	  0.263619	  0.291372	  0.313927	  0.331255	  0.344081	  0.352844	  0.358297	  0.361008	  0.362099	  0.362165	  0.362209	  0.362596	  0.363315	  0.364754	  0.366577	  0.368638	  0.370445	  0.371575	  0.372103	  0.371813	   0.37046	  0.368556	  0.365953	  0.362484	  0.358378	  0.353643	  0.348148	  0.342038	  0.335481	  0.328578	  0.321419	    0.3141	  0.306634	  0.299022	  0.291275	  0.283461	  0.275617	  0.267774	  0.259954	  0.252159	   0.24438	  0.236612	  0.228849	  0.221086	  0.213319	  0.205556	   0.19781	  0.190099	  0.182443	  0.174864	  0.167383	  0.160021	    0.1528	  0.145742	  0.138865	  0.132189	  0.125732	  0.119509
   470	     0	0.000300565	0.000471522	0.000988708	 0.0022825	0.00539266	 0.0124725	 0.0269217	 0.0517055	 0.0859436	  0.125919	   0.16812	  0.210016	  0.249355	  0.284651	  0.314802	  0.339337	  0.358241	  0.372309	  0.382014	  0.388168	  0.391384	  0.392799	  0.393019	  0.393086	  0.393407	  0.393992	  0.395255	  0.396824	  0.398593	  0.400047	  0.400736	  0.400758	  0.399897	  0.397902	  0.395329	     0.392	   0.38775	  0.382872	  0.377396	  0.371196	  0.364417	  0.357234	  0.349746	  0.342041	  0.334217	  0.326273	  0.318205	  0.310019	  0.301786	  0.293541	  0.285318	  0.277135	  0.268989	  0.260869	  0.252766	  0.244674	  0.236584	  0.228489	  0.220395	  0.212311	  0.204255	  0.196243	  0.188296	  0.180435	  0.172681	  0.165056	  0.157581	   0.15028	  0.143172	  0.136278	  0.129615
   471	     0	0.000223853	0.000353949	0.000783775	0.00195233	0.00499742	  0.012425	 0.0281629	 0.0548417	 0.0900565	  0.129501	  0.170242	  0.210352	  0.247942	  0.281726	  0.310709	  0.334441	  0.352875	   0.36671	  0.376363	  0.382573	  0.385902	  0.387446	  0.387822	  0.388024	  0.388454	  0.389121	  0.390436	  0.392066	  0.393906	  0.395454	  0.396255	  0.396377	  0.395618	  0.393762	   0.39135	  0.388214	  0.384183	  0.379521	   0.37424	  0.368206	  0.361554	  0.354458	  0.347024	  0.339343	  0.331526	  0.323582	  0.315507	  0.307307	   0.29905	  0.290768	  0.282495	  0.274252	  0.266043	  0.257859	  0.249692	  0.241534	  0.233378	  0.225222	  0.217071	  0.208941	  0.200853	  0.192828	   0.18489	  0.177063	   0.16937	  0.161832	  0.154473	  0.147312	  0.140367	  0.133658	  0.127197
   472	     0	0.000376782	0.000597926	0.00128207	0.00302649	0.00726187	  0.016802	 0.0354246	 0.0650586	  0.103047	  0.145257	  0.188586	  0.230788	  0.269704	  0.304041	  0.332858	  0.355824	  0.373043	  0.385434	  0.393493	  0.398069	  0.399822	  0.399919	  0.398961	  0.398018	  0.397509	  0.397433	  0.398202	   0.39941	  0.400935	  0.402228	  0.402823	  0.402821	  0.401971	  0.399964	  0.397353	  0.393958	  0.389634	  0.384669	  0.379091	  0.372788	  0.365927	  0.358682	   0.35116	  0.343446	  0.335621	  0.327681	   0.31962	  0.311448	  0.303241	  0.295037	  0.286867	  0.278747	   0.27067	  0.262623	  0.254598	   0.24659	  0.238586	  0.230582	  0.222579	  0.214585	  0.206613	  0.198676	  0.190791	  0.182975	  0.175249	  0.167632	  0.160146	  0.152813	  0.145656	  0.138694	   0.13195
   473	     0	0.000423866	0.000659556	0.00142939	0.00347459	0.00857681	 0.0200345	 0.0413124	 0.0724438	  0.109479	  0.148965	  0.188817	  0.227437	  0.263143	  0.294847	  0.321716	  0.343401	  0.359906	  0.371944	  0.379926	  0.384581	  0.386473	  0.386701	  0.385878	  0.384996	  0.384444	  0.384214	  0.384693	   0.38557	  0.386724	  0.387628	   0.38783	  0.387383	  0.386086	  0.383719	  0.380804	  0.377182	  0.372744	  0.367778	  0.362297	  0.356143	  0.349437	  0.342337	  0.334934	  0.327312	  0.319559	  0.311684	  0.303682	  0.295556	  0.287374	  0.279165	  0.270964	  0.262792	  0.254653	  0.246542	  0.238451	  0.230376	  0.222314	  0.214263	  0.206231	  0.198232	  0.190285	  0.182412	  0.174636	  0.166979	  0.159463	  0.152112	  0.144945	  0.137981	  0.131239	  0.124736	  0.118483
   474	     0	0.00015133	0.000240145	0.000545999	 0.0014141	0.00378919	0.00992798	  0.023827	 0.0488257	 0.0829128	  0.121441	   0.16134	  0.200789	  0.238035	  0.271799	  0.301071	  0.325351	  0.344527	  0.359198	  0.369747	  0.376871	  0.381083	  0.383448	  0.384592	  0.385455	  0.386423	   0.38749	  0.389057	  0.390822	  0.392684	  0.394167	  0.394842	  0.394781	  0.393795	  0.391697	   0.38904	  0.385664	  0.381423	  0.376593	  0.371193	  0.365074	  0.358356	  0.351206	  0.343725	     0.336	  0.328141	  0.320159	   0.31205	  0.303815	  0.295519	  0.287193	   0.27887	  0.270575	  0.262312	  0.254077	  0.245861	  0.237663	  0.229477	  0.221303	  0.213148	  0.205026	   0.19696	   0.18897	  0.181081	  0.173317	  0.165701	  0.158255	  0.150999	  0.143953	  0.137135	  0.130561	  0.124242
   475	     0	0.000333499	0.000508636	0.00104669	0.00239664	0.00563042	 0.0128902	  0.027276	 0.0509333	 0.0823827	  0.118386	  0.156309	  0.194242	  0.230319	  0.263205	  0.291829	  0.315632	  0.334457	  0.348866	  0.359223	  0.366208	  0.370331	  0.372655	  0.373812	  0.374719	   0.37575	  0.376891	  0.378526	  0.380364	  0.382308	   0.38389	  0.384692	   0.38478	  0.383973	  0.382082	  0.379636	   0.37648	  0.372462	  0.367837	  0.362621	  0.356677	  0.350127	  0.343138	  0.335809	   0.32823	  0.320505	  0.312646	   0.30465	   0.29652	  0.288323	  0.280091	  0.271856	  0.263642	  0.255455	  0.247289	  0.239138	  0.231001	  0.222875	  0.214758	  0.206659	  0.198591	  0.190576	  0.182636	  0.174793	  0.167071	  0.159494	  0.152083	   0.14486	  0.137844	  0.131053	  0.124504	   0.11821
   476	     0	0.000380104	0.000560848	0.00107121	0.00224546	0.00483762	 0.0102966	 0.0208611	 0.0388546	 0.0646847	 0.0967107	  0.132576	  0.170068	  0.206955	  0.241572	   0.27256	  0.299124	  0.320912	  0.338305	  0.351589	  0.361377	  0.368112	  0.372798	  0.376075	  0.378805	  0.381371	  0.383773	  0.386418	  0.389042	  0.391573	  0.393605	  0.394747	   0.39508	  0.394431	  0.392643	  0.390275	  0.387172	  0.383154	  0.378471	  0.373143	  0.367027	  0.360243	  0.352967	  0.345313	  0.337379	  0.329291	  0.321072	   0.31272	  0.304238	   0.29569	  0.287106	   0.27852	  0.269957	  0.261426	  0.252925	  0.244447	  0.235991	  0.227554	  0.219138	   0.21075	  0.202408	  0.194133	   0.18595	  0.177884	   0.16996	  0.162202	  0.154632	  0.147272	   0.14014	  0.133253	  0.126625	  0.120268
   477	     0	0.000353924	0.000539916	 0.0011187	0.00258653	0.00613074	 0.0141009	 0.0297496	 0.0549653	 0.0877291	   0.12458	  0.162909	  0.200848	  0.236568	  0.268802	  0.296551	  0.319334	  0.337059	  0.350369	   0.35965	  0.365613	  0.368793	  0.370277	  0.370673	  0.370939	  0.371447	   0.37218	  0.373519	  0.375159	  0.376984	   0.37851	   0.37931	  0.379454	  0.378744	  0.376966	  0.374635	  0.371601	  0.367709	  0.363206	  0.358105	  0.352266	  0.345823	  0.338946	  0.331735	   0.32428	  0.316681	  0.308948	  0.301078	  0.293079	  0.285018	  0.276926	  0.268838	  0.260775	  0.252741	  0.244729	  0.236733	   0.22875	  0.220776	   0.21281	  0.204859	  0.196935	  0.189058	  0.181247	  0.173526	  0.165916	   0.15844	   0.15112	  0.143977	   0.13703	  0.130299	    0.1238	  0.117548
   478	     0	0.000306872	0.000469805	0.000982881	0.00230183	0.00553954	 0.0129752	 0.0279499	 0.0526715	 0.0853052	  0.122274	   0.16086	  0.199166	  0.235363	  0.268157	  0.296525	  0.319963	  0.338352	  0.352287	  0.362156	  0.368655	  0.372306	  0.374186	  0.374943	  0.375505	  0.376248	  0.377167	  0.378658	  0.380417	  0.382332	  0.383917	  0.384736	  0.384854	  0.384081	   0.38223	  0.379832	  0.376734	  0.372779	   0.36822	   0.36307	  0.357192	  0.350709	  0.343785	  0.336518	  0.328995	  0.321321	   0.31351	  0.305558	   0.29747	  0.289312	  0.281115	  0.272913	   0.26473	  0.256572	  0.248433	  0.240308	  0.232193	  0.224086	  0.215985	  0.207898	  0.199841	  0.191834	    0.1839	  0.176063	  0.168346	  0.160773	  0.153366	  0.146145	  0.139132	  0.132342	  0.125793	  0.119497
   479	     0	0.000318071	0.000489359	0.00103731	0.00246644	0.00601364	 0.0141808	 0.0304235	 0.0565313	 0.0900652	  0.127416	  0.166076	  0.204264	  0.240182	   0.27259	   0.30051	  0.323469	   0.34138	  0.354873	  0.364331	  0.370452	  0.373768	  0.375358	  0.375829	  0.376136	  0.376655	  0.377374	  0.378674	  0.380261	  0.382033	  0.383512	  0.384261	  0.384342	  0.383564	  0.381724	   0.37934	  0.376257	  0.372312	   0.36775	   0.36258	  0.356661	  0.350128	  0.343152	  0.335837	  0.328275	  0.320572	  0.312738	  0.304772	  0.296678	  0.288524	  0.280342	  0.272165	  0.264015	  0.255896	  0.247802	  0.239726	  0.231666	  0.223616	  0.215575	   0.20755	  0.199554	  0.191608	   0.18373	  0.175945	  0.168275	  0.160743	   0.15337	  0.146178	  0.139186	  0.132414	  0.125877	   0.11959
   480	     0	0.00015133	0.000240145	0.000545999	 0.0014141	0.00378919	0.00992798	  0.023827	 0.0488257	 0.0829128	  0.121441	   0.16134	  0.200789	  0.238035	  0.271799	  0.301071	  0.325351	  0.344527	  0.359198	  0.369747	  0.376871	  0.381083	  0.383448	  0.384592	  0.385455	  0.386423	   0.38749	  0.389057	  0.390822	  0.392684	  0.394167	  0.394842	  0.394781	  0.393795	  0.391697	   0.38904	  0.385664	  0.381423	  0.376593	  0.371193	  0.365074	  0.358356	  0.351206	  0.343725	     0.336	  0.328141	  0.320159	   0.31205	  0.303815	  0.295519	  0.287193	   0.27887	  0.270575	  0.262312	  0.254077	  0.245861	  0.237663	  0.229477	  0.221303	  0.213148	  0.205026	   0.19696	   0.18897	  0.181081	  0.173317	  0.165701	  0.158255	  0.150999	  0.143953	  0.137135	  0.130561	  0.124242
   481	     0	0.000330004	0.000493895	0.000965509	  0.002077	 0.0045973	 0.0100641	 0.0209692	 0.0399851	  0.067536	  0.101423	  0.138673	  0.176786	  0.213515	  0.247254	  0.276753	  0.301358	  0.320876	  0.335888	  0.346781	  0.354265	  0.358862	  0.361651	  0.363249	  0.364601	  0.366073	  0.367654	  0.369734	  0.371999	  0.374308	  0.376208	  0.377322	  0.377738	  0.377257	  0.375656	  0.373465	  0.370538	  0.366736	  0.362315	  0.357295	  0.351535	  0.345164	  0.338351	  0.331195	  0.323784	  0.316217	  0.308507	  0.300654	  0.292663	  0.284603	  0.276506	  0.268406	  0.260326	   0.25227	  0.244231	  0.236204	  0.228186	  0.220172	  0.212163	  0.204165	  0.196195	  0.188272	  0.180418	  0.172658	  0.165013	  0.157507	  0.150163	  0.143001	   0.13604	  0.129301	  0.122798	  0.116546
   482	     0	0.000152441	0.000239967	0.000520781	0.00126606	0.00318281	0.00792522	 0.0186629	 0.0392377	  0.070126	  0.107541	  0.147372	  0.187021	  0.224465	  0.258306	  0.287463	  0.311412	  0.330067	  0.344129	  0.354032	   0.36053	  0.364191	  0.366128	  0.366942	  0.367623	  0.368538	  0.369674	  0.371423	  0.373445	  0.375613	   0.37745	  0.378553	  0.379014	  0.378623	  0.377138	  0.375085	  0.372309	  0.368647	  0.364355	  0.359455	  0.353822	  0.347596	  0.340945	  0.333965	   0.32674	  0.319366	  0.311847	  0.304184	  0.296384	   0.28852	  0.280625	  0.272735	  0.264868	  0.257025	  0.249196	  0.241377	  0.233561	  0.225741	  0.217915	  0.210087	  0.202272	  0.194486	  0.186748	   0.17908	  0.171501	  0.164034	    0.1567	   0.14952	  0.142516	  0.135706	   0.12911	  0.122743
   483	     0	0.000392783	0.000598125	0.00124858	0.00292046	0.00698359	 0.0160423	 0.0332748	 0.0597478	 0.0927726	  0.129169	  0.166793	   0.20402	  0.239152	  0.270986	  0.298559	  0.321382	  0.339325	  0.352942	  0.362584	   0.36891	  0.372417	   0.37416	  0.374765	  0.375148	  0.375683	  0.376353	  0.377535	  0.378966	  0.380538	  0.381776	  0.382263	  0.382044	  0.380936	  0.378763	  0.376049	  0.372646	   0.36843	  0.363667	  0.358365	  0.352369	  0.345785	  0.338766	  0.331408	  0.323797	  0.316034	  0.308134	  0.300097	  0.291926	  0.283684	  0.275401	  0.267109	  0.258835	  0.250588	  0.242365	  0.234163	  0.225979	  0.217813	  0.209668	  0.201551	  0.193482	  0.185481	  0.177573	  0.169782	  0.162133	  0.154648	  0.147348	  0.140255	  0.133385	  0.126754	  0.120377	  0.114263
   484	     0	0.000325164	0.000498331	0.00106207	0.00255453	0.00630287	 0.0149676	 0.0320295	 0.0588289	 0.0924464	  0.129346	   0.16727	   0.20462	  0.239756	  0.271506	  0.298938	  0.321588	  0.339346	  0.352786	  0.362263	  0.368441	   0.37182	  0.373454	   0.37394	  0.374225	   0.37468	  0.375293	  0.376449	  0.377874	  0.379461	  0.380735	  0.381265	    0.3811	  0.380056	  0.377962	  0.375347	   0.37206	  0.367953	  0.363288	  0.358075	  0.352157	  0.345639	  0.338678	  0.331372	  0.323807	  0.316089	  0.308236	  0.300247	  0.292126	  0.283937	  0.275708	  0.267473	  0.259258	  0.251071	  0.242909	  0.234768	  0.226646	   0.21854	  0.210452	  0.202391	  0.194374	  0.186423	  0.178562	  0.170815	  0.163207	  0.155759	  0.148495	  0.141433	  0.134591	  0.127985	  0.121628	  0.115531
   485	     0	0.00015133	0.000240145	0.000545999	 0.0014141	0.00378919	0.00992798	  0.023827	 0.0488257	 0.0829128	  0.121441	   0.16134	  0.200789	  0.238035	  0.271799	  0.301071	  0.325351	  0.344527	  0.359198	  0.369747	  0.376871	  0.381083	  0.383448	  0.384592	  0.385455	  0.386423	   0.38749	  0.389057	  0.390822	  0.392684	  0.394167	  0.394842	  0.394781	  0.393795	  0.391697	   0.38904	  0.385664	  0.381423	  0.376593	  0.371193	  0.365074	  0.358356	  0.351206	  0.343725	     0.336	  0.328141	  0.320159	   0.31205	  0.303815	  0.295519	  0.287193	   0.27887	  0.270575	  0.262312	  0.254077	  0.245861	  0.237663	  0.229477	  0.221303	  0.213148	  0.205026	   0.19696	   0.18897	  0.181081	  0.173317	  0.165701	  0.158255	  0.150999	  0.143953	  0.137135	  0.130561	  0.124242
   486	     0	0.00015133	0.000240145	0.000545999	 0.0014141	0.00378919	0.00992798	  0.023827	 0.0488257	 0.0829128	  0.121441	   0.16134	  0.200789	  0.238035	  0.271799	  0.301071	  0.325351	  0.344527	  0.359198	  0.369747	  0.376871	  0.381083	  0.383448	  0.384592	  0.385455	  0.386423	   0.38749	  0.389057	  0.390822	  0.392684	  0.394167	  0.394842	  0.394781	  0.393795	  0.391697	   0.38904	  0.385664	  0.381423	  0.376593	  0.371193	  0.365074	  0.358356	  0.351206	  0.343725	     0.336	  0.328141	  0.320159	   0.31205	  0.303815	  0.295519	  0.287193	   0.27887	  0.270575	  0.262312	  0.254077	  0.245861	  0.237663	  0.229477	  0.221303	  0.213148	  0.205026	   0.19696	   0.18897	  0.181081	  0.173317	  0.165701	  0.158255	  0.150999	  0.143953	  0.137135	  0.130561	  0.124242
   487	     0	0.000335443	0.000509065	0.00104315	0.00238388	 0.0055997	 0.0128404	 0.0272673	 0.0511633	 0.0831208	  0.119797	  0.158395	  0.196891	   0.23338	  0.266509	  0.295228	   0.31901	  0.337728	  0.351959	  0.362086	  0.368796	  0.372604	  0.374581	  0.375362	  0.375875	  0.376503	  0.377244	  0.378483	  0.379959	  0.381558	  0.382811	  0.383325	  0.383143	  0.382077	  0.379944	  0.377264	  0.373891	  0.369714	  0.365007	  0.359776	  0.353862	  0.347365	  0.340434	  0.333159	  0.325621	  0.317917	  0.310065	  0.302065	  0.293925	  0.285708	  0.277445	  0.269172	  0.260913	  0.252678	  0.244464	  0.236265	  0.228078	  0.219897	  0.211725	  0.203571	  0.195456	  0.187404	  0.179441	  0.171593	  0.163885	  0.156341	  0.148982	  0.141828	  0.134897	  0.128206	  0.121767	   0.11559
   488	     0	0.000401982	0.000615729	0.00127661	0.00294197	0.00691783	 0.0156678	 0.0322649	 0.0580142	 0.0906691	   0.12723	  0.165519	  0.203823	  0.240334	  0.273753	  0.303025	  0.327585	  0.347238	  0.362476	  0.373623	  0.381323	  0.386049	  0.388825	  0.390296	  0.391364	  0.392429	  0.393506	  0.395011	  0.396661	  0.398375	  0.399681	  0.400136	  0.399803	  0.398506	    0.3961	  0.393153	    0.3895	  0.384984	  0.379899	  0.374272	  0.367951	  0.361032	  0.353672	  0.345966	     0.338	   0.32989	  0.321654	   0.31329	  0.304798	  0.296239	  0.287643	  0.279042	  0.270463	  0.261916	  0.253399	  0.244907	  0.236436	  0.227984	  0.219553	  0.211152	  0.202798	  0.194515	  0.186329	  0.178266	   0.17035	  0.162606	  0.155056	   0.14772	  0.140616	  0.133759	  0.127163	  0.120837
   489	     0	0.000324871	0.000510643	0.00111314	0.00271393	0.00674604	 0.0160518	 0.0342112	 0.0623795	  0.097451	  0.135974	  0.175763	  0.215158	  0.252362	  0.286133	   0.31547	  0.339872	  0.359203	  0.374033	  0.384709	  0.391905	  0.396129	  0.398425	   0.39941	  0.400021	  0.400665	  0.401342	  0.402457	  0.403732	  0.405127	  0.406166	  0.406393	  0.405864	   0.40441	  0.401879	   0.39882	   0.39506	  0.390431	  0.385228	  0.379478	  0.373027	  0.365984	  0.358514	  0.350717	  0.342682	  0.334522	  0.326252	  0.317862	  0.309355	  0.300793	  0.292207	  0.283629	  0.275084	  0.266578	  0.258105	  0.249658	  0.241232	  0.232822	  0.224428	  0.216056	  0.207722	  0.199446	  0.191252	  0.183165	  0.175208	  0.167406	   0.15978	  0.152352	   0.14514	  0.138164	  0.131437	  0.124973
   490	     0	0.000242948	0.000377155	0.000787287	0.00182069	0.00433215	 0.0101683	 0.0225251	  0.044818	 0.0771012	  0.115804	  0.156978	   0.19783	  0.236077	  0.270231	  0.299206	  0.322549	  0.340279	  0.353247	  0.361948	  0.367214	   0.36969	  0.370546	  0.370362	  0.370201	  0.370438	  0.371055	  0.372428	   0.37421	  0.376291	  0.378177	  0.379422	  0.380104	  0.379993	  0.378829	  0.377119	  0.374703	  0.371357	   0.36729	  0.362522	  0.356952	  0.350746	  0.344086	  0.337082	  0.329827	  0.322422	  0.314871	  0.307178	  0.299354	  0.291477	  0.283582	  0.275703	  0.267857	   0.26004	  0.252241	  0.244455	  0.236678	  0.228901	  0.221119	  0.213335	  0.205558	  0.197801	  0.190078	  0.182407	  0.174805	  0.167293	   0.15989	  0.152616	  0.145495	  0.138546	   0.13179	  0.125248
   491	     0	0.000325038	0.000483808	0.000940014	0.00201049	0.00442788	0.00966006	 0.0201193	 0.0385266	    0.0656	 0.0994571	  0.137194	  0.176175	  0.213927	  0.248718	   0.27922	  0.304747	  0.325099	  0.340852	  0.352401	  0.360458	  0.365553	  0.368768	   0.37074	  0.372394	  0.374111	  0.375879	  0.378088	  0.380446	  0.382846	  0.384852	  0.386076	  0.386601	  0.386227	  0.384734	  0.382645	  0.379814	   0.37608	  0.371672	  0.366599	  0.360731	  0.354211	   0.34722	  0.339869	  0.332258	  0.324493	  0.316588	  0.308544	  0.300368	  0.292129	  0.283861	  0.275597	   0.26736	  0.259154	   0.25097	  0.242802	  0.234646	  0.226498	  0.218355	  0.210224	  0.202119	   0.19406	  0.186068	  0.178166	  0.170377	  0.162724	   0.15523	  0.147916	  0.140803	   0.13391	  0.127254	   0.12085
   492	     0	0.00015133	0.000240145	0.000545999	 0.0014141	0.00378919	0.00992798	  0.023827	 0.0488257	 0.0829128	  0.121441	   0.16134	  0.200789	  0.238035	  0.271799	  0.301071	  0.325351	  0.344527	  0.359198	  0.369747	  0.376871	  0.381083	  0.383448	  0.384592	  0.385455	  0.386423	   0.38749	  0.389057	  0.390822	  0.392684	  0.394167	  0.394842	  0.394781	  0.393795	  0.391697	   0.38904	  0.385664	  0.381423	  0.376593	  0.371193	  0.365074	  0.358356	  0.351206	  0.343725	     0.336	  0.328141	  0.320159	   0.31205	  0.303815	  0.295519	  0.287193	   0.27887	  0.270575	  0.262312	  0.254077	  0.245861	  0.237663	  0.229477	  0.221303	  0.213148	  0.205026	   0.19696	   0.18897	  0.181081	  0.173317	  0.165701	  0.158255	  0.150999	  0.143953	  0.137135	  0.130561	  0.124242
   493	     0	0.00015133	0.000240145	0.000545999	 0.0014141	0.00378919	0.00992798	  0.023827	 0.0488257	 0.0829128	  0.121441	   0.16134	  0.200789	  0.238035	  0.271799	  0.301071	  0.325351	  0.344527	  0.359198	  0.369747	  0.376871	  0.381083	  0.383448	  0.384592	  0.385455	  0.386423	   0.38749	  0.389057	  0.390822	  0.392684	  0.394167	  0.394842	  0.394781	  0.393795	  0.391697	   0.38904	  0.385664	  0.381423	  0.376593	  0.371193	  0.365074	  0.358356	  0.351206	  0.343725	     0.336	  0.328141	  0.320159	   0.31205	  0.303815	  0.295519	  0.287193	   0.27887	  0.270575	  0.262312	  0.254077	  0.245861	  0.237663	  0.229477	  0.221303	  0.213148	  0.205026	   0.19696	   0.18897	  0.181081	  0.173317	  0.165701	  0.158255	  0.150999	  0.143953	  0.137135	  0.130561	  0.124242
   494	     0	0.000233434	0.000356358	0.000744847	0.00174736	0.00423381	 0.0100889	 0.0224688	  0.044346	 0.0750687	  0.111143	  0.149371	  0.187557	  0.223716	  0.256473	  0.284756	  0.308043	  0.326234	  0.339982	  0.349691	  0.356079	   0.35969	  0.361619	  0.362481	  0.363232	  0.364239	  0.365492	  0.367381	  0.369579	   0.37195	  0.374027	  0.375389	  0.376121	  0.376009	  0.374812	  0.373046	  0.370566	  0.367188	  0.363122	  0.358373	  0.352821	  0.346619	  0.339949	  0.332922	  0.325632	  0.318186	  0.310593	  0.302857	  0.294987	  0.287054	   0.27909	   0.27113	  0.263196	  0.255287	  0.247397	   0.23952	  0.231651	  0.223785	  0.215918	  0.208058	  0.200216	  0.192411	  0.184663	  0.176991	  0.169419	  0.161968	   0.15466	  0.147515	  0.140555	  0.133799	  0.127266	   0.12097
   495	     0	0.00012743	0.000206596	0.00045321	0.00109617	0.00272993	 0.0067698	 0.0161332	 0.0351704	 0.0662396	  0.106578	  0.151016	  0.195611	  0.237526	  0.275008	  0.306837	  0.332528	  0.352129	  0.366572	  0.376424	  0.382589	  0.385761	  0.387144	  0.387354	  0.387477	   0.38792	  0.388687	  0.390185	  0.392036	   0.39413	  0.395962	  0.397106	  0.397659	  0.397376	  0.395969	  0.393984	  0.391244	  0.387549	  0.383157	    0.3781	  0.372288	  0.365881	  0.359051	  0.351901	  0.344517	  0.336988	  0.329316	  0.321501	  0.313555	  0.305557	  0.297546	  0.289556	  0.281603	  0.273679	  0.265772	  0.257875	   0.24998	  0.242073	  0.234151	  0.226216	  0.218278	   0.21035	  0.202447	  0.194585	   0.18678	  0.179053	  0.171422	  0.163909	  0.156534	  0.149321	   0.14229	  0.135462
   496	     0	0.000318071	0.000489359	0.00103731	0.00246644	0.00601364	 0.0141808	 0.0304235	 0.0565313	 0.0900652	  0.127416	  0.166076	  0.204264	  0.240182	   0.27259	   0.30051	  0.323469	   0.34138	  0.354873	  0.364331	  0.370452	  0.373768	  0.375358	  0.375829	  0.376136	  0.376655	  0.377374	  0.378674	  0.380261	  0.382033	  0.383512	  0.384261	  0.384342	  0.383564	  0.381724	   0.37934	  0.376257	  0.372312	   0.36775	   0.36258	  0.356661	  0.350128	  0.343152	  0.335837	  0.328275	  0.320572	  0.312738	  0.304772	  0.296678	  0.288524	  0.280342	  0.272165	  0.264015	  0.255896	  0.247802	  0.239726	  0.231666	  0.223616	  0.215575	   0.20755	  0.199554	  0.191608	   0.18373	  0.175945	  0.168275	  0.160743	   0.15337	  0.146178	  0.139186	  0.132414	  0.125877	   0.11959
   497	     0	0.000423866	0.000659556	0.00142939	0.00347459	0.00857681	 0.0200345	 0.0413124	 0.0724438	  0.109479	  0.148965	  0.188817	  0.227437	  0.263143	  0.294847	  0.321716	  0.343401	  0.359906	  0.371944	  0.379926	  0.384581	  0.386473	  0.386701	  0.385878	  0.384996	  0.384444	  0.384214	  0.384693	   0.38557	  0.386724	  0.387628	   0.38783	  0.387383	  0.386086	  0.383719	  0.380804	  0.377182	  0.372744	  0.367778	  0.362297	  0.356143	  0.349437	  0.342337	  0.334934	  0.327312	  0.319559	  0.311684	  0.303682	  0.295556	  0.287374	  0.279165	  0.270964	  0.262792	  0.254653	  0.246542	  0.238451	  0.230376	  0.222314	  0.214263	  0.206231	  0.198232	  0.190285	  0.182412	  0.174636	  0.166979	  0.159463	  0.152112	  0.144945	  0.137981	  0.131239	  0.124736	  0.118483
   498	     0	0.000172653	0.00027387	0.00060777	0.00151732	0.00390759	0.00987219	 0.0231164	 0.0471189	 0.0807447	  0.119689	   0.16055	  0.201196	  0.239667	   0.27458	  0.304844	  0.329928	   0.34972	  0.364857	  0.375745	  0.383112	  0.387508	  0.390016	  0.391282	  0.392255	  0.393336	  0.394522	  0.396215	  0.398111	  0.400148	   0.40185	  0.402756	   0.40293	  0.402191	  0.400369	  0.398005	  0.394928	  0.390927	  0.386257	  0.380939	  0.374847	  0.368117	  0.360928	  0.353388	  0.345592	  0.337662	  0.329608	  0.321425	  0.313115	  0.304745	  0.296349	  0.287959	  0.279599	  0.271272	   0.26297	  0.254684	  0.246409	  0.238139	   0.22987	  0.221607	  0.213363	  0.205158	  0.197014	  0.188954	  0.181001	  0.173178	  0.165509	  0.158016	  0.150718	  0.143636	  0.136788	  0.130189
   499	     0	0.000242948	0.000377155	0.000787287	0.00182069	0.00433215	 0.0101683	 0.0225251	  0.044818	 0.0771012	  0.115804	  0.156978	   0.19783	  0.236077	  0.270231	  0.299206	  0.322549	  0.340279	  0.353247	  0.361948	  0.367214	   0.36969	  0.370546	  0.370362	  0.370201	  0.370438	  0.371055	  0.372428	   0.37421	  0.376291	  0.378177	  0.379422	  0.380104	  0.379993	  0.378829	  0.377119	  0.374703	  0.371357	   0.36729	  0.362522	  0.356952	  0.350746	  0.344086	  0.337082	  0.329827	  0.322422	  0.314871	  0.307178	  0.299354	  0.291477	  0.283582	  0.275703	  0.267857	   0.26004	  0.252241	  0.244455	  0.236678	  0.228901	  0.221119	  0.213335	  0.205558	  0.197801	  0.190078	  0.182407	  0.174805	  0.167293	   0.15989	  0.152616	  0.145495	  0.138546	   0.13179	  0.125248
   500	     0	0.000318127	 0.0004949	0.00105346	0.00250133	0.00608313	 0.0143416	 0.0309093	 0.0579095	 0.0929617	  0.132077	  0.172382	  0.211924	   0.24885	  0.281899	  0.310109	   0.33305	  0.350692	  0.363748	  0.372652	  0.378161	  0.380847	  0.381821	  0.381716	  0.381516	  0.381606	  0.381978	  0.383024	  0.384405	  0.385995	  0.387275	  0.387805	  0.387661	   0.38664	  0.384515	  0.381824	  0.378402	  0.374128	  0.369287	  0.363902	  0.357833	  0.351209	   0.34419	   0.33687	  0.329331	  0.321663	   0.31387	  0.305945	  0.297894	  0.289784	  0.281647	  0.273517	  0.265414	  0.257341	  0.249289	  0.241253	  0.233229	  0.225213	  0.217202	  0.209203	  0.201227	  0.193293	   0.18542	   0.17763	  0.169946	  0.162389	  0.154981	  0.147745	  0.140699	  0.133865	  0.127258	  0.120895
   501	     0	0.000288046	0.000440062	0.000896258	0.00201817	0.00466799	 0.0106127	 0.0226746	 0.0435566	 0.0730667	  0.108552	  0.147169	  0.186626	   0.22469	  0.259793	  0.290686	  0.316703	  0.337623	  0.353975	  0.366112	  0.374714	  0.380281	  0.383861	  0.386095	  0.387892	  0.389652	  0.391391	  0.393531	  0.395761	  0.398003	  0.399805	   0.40076	  0.400966	  0.400228	  0.398341	  0.395859	  0.392618	   0.38846	  0.383652	  0.378215	  0.372014	  0.365183	  0.357904	  0.350284	  0.342419	   0.33442	  0.326297	  0.318046	  0.309673	  0.301244	  0.292794	  0.284355	   0.27595	  0.267582	  0.259244	  0.250926	  0.242622	  0.234325	  0.226034	  0.217753	  0.209499	  0.201291	  0.193152	  0.185105	  0.177175	  0.169383	  0.161754	  0.154309	  0.147068	  0.140051	  0.133275	  0.126754
   502	     0	0.000218295	0.000345883	0.000781191	0.00200199	0.00527915	 0.0134672	 0.0309735	 0.0602323	 0.0977394	  0.138534	  0.179667	  0.219369	  0.255953	  0.288295	  0.315549	  0.337384	  0.353851	  0.365738	  0.373505	  0.377927	  0.379606	   0.37968	   0.37876	  0.377873	  0.377404	  0.377345	   0.37808	  0.379284	  0.380832	  0.382197	  0.382909	  0.383013	  0.382305	  0.380565	  0.378305	  0.375362	  0.371568	  0.367166	  0.362164	  0.356429	  0.350096	   0.34333	  0.336227	  0.328875	  0.321375	  0.313737	  0.305958	  0.298046	   0.29007	  0.282061	  0.274054	  0.266071	  0.258114	  0.250176	  0.242249	  0.234329	  0.226409	  0.218485	  0.210565	  0.202662	  0.194796	  0.186987	  0.179258	   0.17163	  0.164127	  0.156769	  0.149577	  0.142573	  0.135775	    0.1292	  0.122864
   503	     0	0.000233536	0.000354152	0.000725213	0.00165811	0.00391552	0.00912605	 0.0200511	 0.0395675	 0.0677182	  0.101808	  0.138927	  0.176878	  0.213605	  0.247594	  0.277625	  0.303021	  0.323531	  0.339624	  0.351634	  0.360207	  0.365812	  0.369484	  0.371875	  0.373853	  0.375795	  0.377696	  0.379956	  0.382294	  0.384609	  0.386468	  0.387494	   0.38777	  0.387107	  0.385314	  0.382933	  0.379818	  0.375833	  0.371234	  0.366033	  0.360088	  0.353518	  0.346492	  0.339113	  0.331472	  0.323675	  0.315739	  0.307662	   0.29945	  0.291167	  0.282845	  0.274519	  0.266213	  0.257935	  0.249679	   0.24144	  0.233215	     0.225	  0.216796	   0.20861	  0.200461	  0.192371	  0.184363	  0.176461	  0.168692	  0.161077	   0.15364	  0.146401	  0.139379	  0.132592	  0.126054	  0.119778
   504	     0	0.000169538	0.00026567	0.000573584	0.00138613	0.00345778	 0.0085101	 0.0196775	 0.0403917	 0.0706061	  0.106818	  0.145614	  0.184734	  0.222153	  0.256446	  0.286454	  0.311568	  0.331603	  0.347137	  0.358534	  0.366483	  0.371499	  0.374648	  0.376565	   0.37817	  0.379854	  0.381623	  0.383896	  0.386344	  0.388879	  0.391045	  0.392421	  0.393102	  0.392889	  0.391561	  0.389659	  0.387018	  0.383442	  0.379155	  0.374174	  0.368387	  0.361948	  0.355042	  0.347778	  0.340253	  0.332581	   0.32477	  0.316818	  0.308733	  0.300587	  0.292413	  0.284247	  0.276109	  0.268001	  0.259913	  0.251836	  0.243764	  0.235688	  0.227603	  0.219516	  0.211441	  0.203397	  0.195404	  0.187484	  0.179661	  0.171956	  0.164393	  0.156993	  0.149776	  0.142765	  0.135976	  0.129427
   505	     0	0.00015133	0.000240145	0.000545999	 0.0014141	0.00378919	0.00992798	  0.023827	 0.0488257	 0.0829128	  0.121441	   0.16134	  0.200789	  0.238035	  0.271799	  0.301071	  0.325351	  0.344527	  0.359198	  0.369747	  0.376871	  0.381083	  0.383448	  0.384592	  0.385455	  0.386423	   0.38749	  0.389057	  0.390822	  0.392684	  0.394167	  0.394842	  0.394781	  0.393795	  0.391697	   0.38904	  0.385664	  0.381423	  0.376593	  0.371193	  0.365074	  0.358356	  0.351206	  0.343725	     0.336	  0.328141	  0.320159	   0.31205	  0.303815	  0.295519	  0.287193	   0.27887	  0.270575	  0.262312	  0.254077	  0.245861	  0.237663	  0.229477	  0.221303	  0.213148	  0.205026	   0.19696	   0.18897	  0.181081	  0.173317	  0.165701	  0.158255	  0.150999	  0.143953	  0.137135	  0.130561	  0.124242
   506	     0	0.000344591	0.000554991	0.00136264	0.00386485	 0.0108909	 0.0270412	 0.0539233	 0.0872837	  0.122874	  0.159241	  0.195521	  0.230703	  0.263505	  0.293033	  0.318543	  0.339649	  0.356223	  0.368738	  0.377471	  0.383006	  0.385786	  0.386813	  0.386717	  0.386384	  0.386198	  0.386155	  0.386645	  0.387427	  0.388412	  0.389105	  0.389035	  0.388225	  0.386498	  0.383734	  0.380487	  0.376605	   0.37196	  0.366837	  0.361247	   0.35503	  0.348257	  0.341062	  0.333528	  0.325736	  0.317792	  0.309717	  0.301512	  0.293175	  0.284764	  0.276306	  0.267832	  0.259372	  0.250942	  0.242547	  0.234186	   0.22586	  0.217573	  0.209329	  0.201141	  0.193025	  0.185005	  0.177108	  0.169356	  0.161776	  0.154387	  0.147211	  0.140265	  0.133562	  0.127115	  0.120934	  0.115024
   507	     0	0.000278132	0.000448502	0.00108541	0.00302578	0.00850739	 0.0217856	 0.0460742	 0.0787262	  0.114764	  0.151948	   0.18923	  0.225554	  0.259577	  0.290329	  0.317005	   0.33918	  0.356715	  0.370083	  0.379577	  0.385791	  0.389178	  0.390741	  0.391112	  0.391182	  0.391341	  0.391588	  0.392319	  0.393286	  0.394417	  0.395222	  0.395231	   0.39447	  0.392773	  0.390026	  0.386793	   0.38291	  0.378234	  0.373057	  0.367404	  0.361115	  0.354265	  0.346991	  0.339379	  0.331507	  0.323487	  0.315341	  0.307065	  0.298659	   0.29018	  0.281655	  0.273117	  0.264593	  0.256099	  0.247638	  0.239209	  0.230811	  0.222446	  0.214118	  0.205837	  0.197622	  0.189495	  0.181483	  0.173611	  0.165903	  0.158382	  0.151069	  0.143981	  0.137134	  0.130541	  0.124212	  0.118154
   508	     0	0.000152441	0.000239967	0.000520781	0.00126606	0.00318281	0.00792522	 0.0186629	 0.0392377	  0.070126	  0.107541	  0.147372	  0.187021	  0.224465	  0.258306	  0.287463	  0.311412	  0.330067	  0.344129	  0.354032	   0.36053	  0.364191	  0.366128	  0.366942	  0.367623	  0.368538	  0.369674	  0.371423	  0.373445	  0.375613	   0.37745	  0.378553	  0.379014	  0.378623	  0.377138	  0.375085	  0.372309	  0.368647	  0.364355	  0.359455	  0.353822	  0.347596	  0.340945	  0.333965	   0.32674	  0.319366	  0.311847	  0.304184	  0.296384	   0.28852	  0.280625	  0.272735	  0.264868	  0.257025	  0.249196	  0.241377	  0.233561	  0.225741	  0.217915	  0.210087	  0.202272	  0.194486	  0.186748	   0.17908	  0.171501	  0.164034	    0.1567	   0.14952	  0.142516	  0.135706	   0.12911	  0.122743
   509	     0	0.000391279	0.000579856	0.00109881	0.00226816	0.00480134	 0.0100567	 0.0201534	 0.0374127	 0.0624896	 0.0939508	  0.129412	  0.166551	  0.203047	  0.237201	  0.267623	  0.293515	  0.314546	  0.331177	  0.343717	  0.352813	  0.358936	  0.363124	  0.365992	  0.368451	  0.370881	  0.373293	  0.376106	  0.378994	  0.381838	  0.384215	  0.385744	  0.386541	  0.386405	   0.38511	  0.383207	  0.380539	  0.376931	  0.372619	  0.367623	  0.361817	  0.355346	  0.348394	  0.341075	  0.333489	  0.325747	  0.317865	  0.309841	  0.301684	  0.293463	  0.285211	  0.276962	  0.268739	  0.260543	  0.252368	  0.244206	  0.236052	    0.2279	  0.219748	  0.211604	  0.203483	  0.195406	  0.187395	  0.179475	  0.171667	  0.163998	  0.156488	   0.14916	  0.142034	  0.135129	  0.128464	  0.122052
   510	     0	0.000409615	0.000634986	 0.0012786	 0.0027964	 0.0062271	 0.0135653	 0.0277413	 0.0512746	 0.0836766	  0.122111	  0.163487	  0.205231	  0.244874	  0.280796	  0.311759	  0.337194	   0.35702	  0.371983	  0.382533	  0.389467	  0.393395	  0.395445	  0.396253	  0.396813	  0.397543	  0.398453	  0.399954	  0.401697	  0.403609	  0.405196	   0.40602	  0.406175	  0.405447	  0.403584	  0.401133	  0.397914	  0.393749	  0.388906	  0.383413	  0.377159	  0.370303	  0.363026	  0.355432	  0.347615	  0.339674	  0.331608	  0.323414	  0.315099	   0.30674	  0.298371	  0.290027	  0.281725	  0.273463	  0.265227	  0.257009	  0.248801	  0.240593	  0.232378	   0.22416	  0.215951	  0.207765	  0.199619	  0.191534	  0.183529	  0.175626	  0.167847	  0.160213	  0.152747	  0.145471	  0.138406	  0.131571
   511	     0	0.000310274	0.000480116	0.000991213	0.00225545	0.00525729	 0.0120117	  0.025688	 0.0491501	  0.081855	  0.120592	  0.162094	  0.203806	  0.243325	  0.279081	  0.309895	  0.335235	  0.355031	  0.369996	  0.380585	  0.387579	  0.391573	  0.393689	  0.394603	  0.395264	  0.396086	   0.39708	  0.398659	  0.400492	   0.40251	   0.40422	   0.40517	  0.405442	  0.404831	  0.403103	  0.400795	  0.397741	  0.393751	  0.389064	  0.383699	  0.377549	  0.370774	  0.363557	  0.356009	  0.348223	  0.340306	   0.33226	  0.324083	  0.315781	  0.307429	  0.299062	  0.290715	  0.282407	  0.274137	  0.265893	  0.257667	  0.249451	  0.241236	  0.233016	  0.224795	  0.216583	  0.208397	  0.200254	  0.192175	   0.18418	  0.176291	  0.168531	  0.160921	  0.153483	  0.146239	  0.139209	  0.132414
   512	     0	0.000326515	0.000509034	0.00113846	0.00289907	0.00751885	 0.0183402	 0.0388396	 0.0686242	  0.103506	  0.140436	    0.1778	  0.214288	  0.248388	  0.279056	  0.305442	   0.32713	  0.344028	  0.356693	  0.365473	  0.371016	  0.373815	  0.374921	  0.374989	  0.374909	  0.375054	  0.375407	  0.376346	  0.377596	  0.379036	  0.380169	  0.380566	  0.380272	  0.379098	  0.376855	  0.374066	  0.370586	  0.366316	  0.361521	  0.356208	  0.350225	  0.343673	  0.336707	  0.329418	  0.321888	  0.314209	  0.306396	  0.298446	  0.290362	  0.282206	  0.274007	    0.2658	  0.257609	  0.249444	  0.241303	  0.233181	  0.225078	  0.216994	  0.208932	  0.200901	  0.192917	  0.185001	  0.177178	  0.169472	  0.161905	  0.154501	  0.147281	  0.140264	  0.133469	  0.126912	  0.120605	  0.114559
   513	     0	0.000324871	0.000510643	0.00111314	0.00271393	0.00674604	 0.0160518	 0.0342112	 0.0623795	  0.097451	  0.135974	  0.175763	  0.215158	  0.252362	  0.286133	   0.31547	  0.339872	  0.359203	  0.374033	  0.384709	  0.391905	  0.396129	  0.398425	   0.39941	  0.400021	  0.400665	  0.401342	  0.402457	  0.403732	  0.405127	  0.406166	  0.406393	  0.405864	   0.40441	  0.401879	   0.39882	   0.39506	  0.390431	  0.385228	  0.379478	  0.373027	  0.365984	  0.358514	  0.350717	  0.342682	  0.334522	  0.326252	  0.317862	  0.309355	  0.300793	  0.292207	  0.283629	  0.275084	  0.266578	  0.258105	  0.249658	  0.241232	  0.232822	  0.224428	  0.216056	  0.207722	  0.199446	  0.191252	  0.183165	  0.175208	  0.167406	   0.15978	  0.152352	   0.14514	  0.138164	  0.131437	  0.124973
   514	     0	0.000388863	0.000592508	0.00124106	0.00291709	0.00700976	 0.0161592	 0.0335444	 0.0601125	 0.0930405	  0.129137	  0.166309	  0.202991	  0.237548	  0.268816	  0.295859	  0.318205	   0.33573	  0.349005	  0.358373	  0.364493	  0.367852	  0.369495	  0.370012	  0.370352	  0.370882	  0.371592	  0.372873	  0.374415	  0.376068	  0.377349	  0.377846	  0.377637	  0.376523	  0.374296	  0.371503	  0.367992	  0.363661	  0.358805	  0.353439	  0.347401	  0.340795	  0.333779	  0.326445	  0.318879	  0.311173	  0.303342	  0.295381	  0.287296	  0.279147	  0.270964	   0.26278	  0.254617	  0.246486	  0.238382	  0.230301	  0.222243	  0.214207	  0.206195	  0.198216	  0.190287	   0.18243	  0.174666	  0.167021	  0.159517	  0.152177	  0.145022	  0.138071	  0.131342	  0.124851	   0.11861	  0.112631
   515	     0	0.000161856	0.000253027	0.000567702	0.00145667	0.00386913	 0.0100194	 0.0236408	 0.0474939	 0.0793985	  0.115274	  0.152555	  0.189648	  0.224906	  0.257104	   0.28524	  0.308778	  0.327547	  0.342071	  0.352673	  0.359987	  0.364476	  0.367172	  0.368674	  0.369898	  0.371216	  0.372624	  0.374523	  0.376616	  0.378775	  0.380547	   0.38153	  0.381802	  0.381165	  0.379418	  0.377102	   0.37407	   0.37018	  0.365684	  0.360593	  0.354755	  0.348291	   0.34137	  0.334097	  0.326566	  0.318882	  0.311064	  0.303111	  0.295029	   0.28688	  0.278697	  0.270511	  0.262348	  0.254215	  0.246108	  0.238022	  0.229953	  0.221898	  0.213859	  0.205843	  0.197869	  0.189958	  0.182134	  0.174422	  0.166846	  0.159429	  0.152192	  0.145156	  0.138338	  0.131756	  0.125421	  0.119347
   516	     0	0.000289161	0.000440996	0.000891552	0.00198912	0.00456165	 0.0103132	  0.022034	 0.0425825	 0.0720446	  0.107708	  0.146422	  0.185703	  0.223285	  0.257595	  0.287415	  0.312133	  0.331601	  0.346461	  0.357119	  0.364308	   0.36858	  0.371033	  0.372293	  0.373308	   0.37446	   0.37574	  0.377539	  0.379544	  0.381638	   0.38336	   0.38433	  0.384638	  0.384075	  0.382391	  0.380108	  0.377074	  0.373162	  0.368626	   0.36348	  0.357596	  0.351112	    0.3442	  0.336961	  0.329482	  0.321856	  0.314089	  0.306181	  0.298141	   0.29004	  0.281912	  0.273791	  0.265699	  0.257636	  0.249593	  0.241563	  0.233541	  0.225521	    0.2175	  0.209485	   0.20149	  0.193534	  0.185637	   0.17782	  0.170106	  0.162518	  0.155076	  0.147803	  0.140719	  0.133844	  0.127197	  0.120793
   517	     0	0.000325038	0.000483808	0.000940014	0.00201049	0.00442788	0.00966006	 0.0201193	 0.0385266	    0.0656	 0.0994571	  0.137194	  0.176175	  0.213927	  0.248718	   0.27922	  0.304747	  0.325099	  0.340852	  0.352401	  0.360458	  0.365553	  0.368768	   0.37074	  0.372394	  0.374111	  0.375879	  0.378088	  0.380446	  0.382846	  0.384852	  0.386076	  0.386601	  0.386227	  0.384734	  0.382645	  0.379814	   0.37608	  0.371672	  0.366599	  0.360731	  0.354211	   0.34722	  0.339869	  0.332258	  0.324493	  0.316588	  0.308544	  0.300368	  0.292129	  0.283861	  0.275597	   0.26736	  0.259154	   0.25097	  0.242802	  0.234646	  0.226498	  0.218355	  0.210224	  0.202119	   0.19406	  0.186068	  0.178166	  0.170377	  0.162724	   0.15523	  0.147916	  0.140803	   0.13391	  0.127254	   0.12085
   518	     0	0.000152441	0.000239967	0.000520781	0.00126606	0.00318281	0.00792522	 0.0186629	 0.0392377	  0.070126	  0.107541	  0.147372	  0.187021	  0.224465	  0.258306	  0.287463	  0.311412	  0.330067	  0.344129	  0.354032	   0.36053	  0.364191	  0.366128	  0.366942	  0.367623	  0.368538	  0.369674	  0.371423	  0.373445	  0.375613	   0.37745	  0.378553	  0.379014	  0.378623	  0.377138	  0.375085	  0.372309	  0.368647	  0.364355	  0.359455	  0.353822	  0.347596	  0.340945	  0.333965	   0.32674	  0.319366	  0.311847	  0.304184	  0.296384	   0.28852	  0.280625	  0.272735	  0.264868	  0.257025	  0.249196	  0.241377	  0.233561	  0.225741	  0.217915	  0.210087	  0.202272	  0.194486	  0.186748	   0.17908	  0.171501	  0.164034	    0.1567	   0.14952	  0.142516	  0.135706	   0.12911	  0.122743
   519	     0	0.000419924	0.000651473	0.00142036	0.00348749	0.00868125	 0.0203117	 0.0415601	 0.0719818	  0.107707	  0.145754	  0.184345	  0.221996	  0.257054	  0.288446	   0.31532	  0.337282	  0.354276	  0.366927	  0.375599	  0.380975	  0.383576	  0.384472	  0.384281	  0.383941	   0.38384	  0.383959	  0.384677	  0.385716	  0.386985	  0.387988	  0.388278	  0.387898	  0.386662	  0.384377	  0.381558	  0.378049	   0.37372	  0.368834	  0.363398	  0.357259	  0.350537	  0.343395	  0.335933	  0.328238	  0.320409	  0.312459	  0.304381	  0.296181	  0.287922	  0.279636	  0.271356	  0.263104	  0.254887	    0.2467	  0.238535	  0.230391	  0.222265	  0.214156	  0.206071	  0.198025	  0.190038	  0.182131	  0.174328	  0.166651	  0.159123	  0.151766	  0.144601	  0.137646	  0.130919	  0.124437	   0.11821
   520	     0	0.000295675	0.000450738	0.000935215	0.00216887	0.00516888	 0.0120051	  0.025727	 0.0484894	 0.0789098	  0.113959	  0.151218	  0.188878	  0.225077	   0.25845	  0.287871	  0.312714	  0.332744	  0.348412	  0.360031	  0.368225	  0.373461	  0.376765	  0.378796	  0.380412	  0.381995	  0.383539	  0.385433	  0.387434	  0.389482	  0.391141	  0.391998	  0.392098	  0.391273	  0.389381	  0.386948	  0.383823	  0.379836	  0.375223	  0.369995	  0.364014	  0.357391	  0.350292	  0.342819	  0.335067	  0.327153	  0.319096	  0.310897	   0.30256	  0.294147	  0.285689	  0.277221	  0.268769	  0.260342	  0.251939	  0.243554	  0.235184	  0.226827	  0.218483	  0.210162	  0.201881	  0.193665	  0.185537	  0.177525	  0.169652	  0.161943	  0.154421	  0.147107	  0.140018	  0.133171	   0.12658	  0.120257
   521	     0	0.000169538	0.00026567	0.000573584	0.00138613	0.00345778	 0.0085101	 0.0196775	 0.0403917	 0.0706061	  0.106818	  0.145614	  0.184734	  0.222153	  0.256446	  0.286454	  0.311568	  0.331603	  0.347137	  0.358534	  0.366483	  0.371499	  0.374648	  0.376565	   0.37817	  0.379854	  0.381623	  0.383896	  0.386344	  0.388879	  0.391045	  0.392421	  0.393102	  0.392889	  0.391561	  0.389659	  0.387018	  0.383442	  0.379155	  0.374174	  0.368387	  0.361948	  0.355042	  0.347778	  0.340253	  0.332581	   0.32477	  0.316818	  0.308733	  0.300587	  0.292413	  0.284247	  0.276109	  0.268001	  0.259913	  0.251836	  0.243764	  0.235688	  0.227603	  0.219516	  0.211441	  0.203397	  0.195404	  0.187484	  0.179661	  0.171956	  0.164393	  0.156993	  0.149776	  0.142765	  0.135976	  0.129427
   522	     0	0.00015133	0.000240145	0.000545999	 0.0014141	0.00378919	0.00992798	  0.023827	 0.0488257	 0.0829128	  0.121441	   0.16134	  0.200789	  0.238035	  0.271799	  0.301071	  0.325351	  0.344527	  0.359198	  0.369747	  0.376871	  0.381083	  0.383448	  0.384592	  0.385455	  0.386423	   0.38749	  0.389057	  0.390822	  0.392684	  0.394167	  0.394842	  0.394781	  0.393795	  0.391697	   0.38904	  0.385664	  0.381423	  0.376593	  0.371193	  0.365074	  0.358356	  0.351206	  0.343725	     0.336	  0.328141	  0.320159	   0.31205	  0.303815	  0.295519	  0.287193	   0.27887	  0.270575	  0.262312	  0.254077	  0.245861	  0.237663	  0.229477	  0.221303	  0.213148	  0.205026	   0.19696	   0.18897	  0.181081	  0.173317	  0.165701	  0.158255	  0.150999	  0.143953	  0.137135	  0.130561	  0.124242
   523	     0	0.000324015	0.000490922	0.000988231	0.00219998	0.00503117	 0.0113015	 0.0238348	 0.0452016	 0.0750302	   0.11062	  0.149158	  0.188398	  0.226175	  0.260945	  0.291486	   0.31715	  0.337724	  0.353723	  0.365517	  0.373788	  0.379041	  0.382331	  0.384348	  0.385973	  0.387601	  0.389238	  0.391301	  0.393492	  0.395725	  0.397539	  0.398506	  0.398701	  0.397942	  0.396057	    0.3936	   0.39041	  0.386321	  0.381588	   0.37623	  0.370119	  0.363377	  0.356176	   0.34862	  0.340801	  0.332835	  0.324735	  0.316498	  0.308127	  0.299688	  0.291213	  0.282735	  0.274279	  0.265852	  0.257448	   0.24906	  0.240684	  0.232316	  0.223955	  0.215609	  0.207292	  0.199027	  0.190836	  0.182745	  0.174777	  0.166958	  0.159309	  0.151852	  0.144608	  0.137595	   0.13083	  0.124325
   524	     0	0.000233459	0.000361544	0.000756612	0.00175812	0.00420262	0.00988475	 0.0218272	 0.0430564	 0.0733488	  0.109586	  0.148617	  0.188135	  0.225988	  0.260668	  0.290974	  0.316282	  0.336415	  0.351962	  0.363304	  0.371149	   0.37603	  0.379027	  0.380798	  0.382262	  0.383811	  0.385449	  0.387581	  0.389897	  0.392315	  0.394376	  0.395649	  0.396214	  0.395877	  0.394434	  0.392418	  0.389665	   0.38598	  0.381587	  0.376501	  0.370611	  0.364064	  0.357045	  0.349666	  0.342025	  0.334235	  0.326309	  0.318242	   0.31004	  0.301775	   0.29348	  0.285189	  0.276925	  0.268689	  0.260474	   0.25227	  0.244072	  0.235873	   0.22767	  0.219467	   0.21128	  0.203127	   0.19503	   0.18701	  0.179093	  0.171299	  0.163653	  0.156177	  0.148891	  0.141816	  0.134971	  0.128372
   525	     0	8.43031e-05	0.000138393	0.00036119	0.00111985	0.00360103	 0.0110276	  0.028725	  0.057896	  0.092478	  0.128272	  0.164043	  0.198955	  0.231845	  0.261749	  0.287852	  0.309703	  0.327135	  0.340603	   0.35038	  0.357037	  0.360989	  0.363228	  0.364324	  0.365175	  0.366127	  0.367156	  0.368636	  0.370311	  0.372051	  0.373406	  0.373972	    0.3738	  0.372704	  0.370534	  0.367845	  0.364496	  0.360365	  0.355726	  0.350587	  0.344782	  0.338393	  0.331562	  0.324383	  0.316937	  0.309329	  0.301585	  0.293703	  0.285687	  0.277595	  0.269453	  0.261293	  0.253145	  0.245024	  0.236933	  0.228872	  0.220842	  0.212847	  0.204891	  0.196986	   0.18915	  0.181407	  0.173781	  0.166298	   0.15898	  0.151849	  0.144924	  0.138222	  0.131758	  0.125543	  0.119586	  0.113893
   526	     0	0.00015133	0.000240145	0.000545999	 0.0014141	0.00378919	0.00992798	  0.023827	 0.0488257	 0.0829128	  0.121441	   0.16134	  0.200789	  0.238035	  0.271799	  0.301071	  0.325351	  0.344527	  0.359198	  0.369747	  0.376871	  0.381083	  0.383448	  0.384592	  0.385455	  0.386423	   0.38749	  0.389057	  0.390822	  0.392684	  0.394167	  0.394842	  0.394781	  0.393795	  0.391697	   0.38904	  0.385664	  0.381423	  0.376593	  0.371193	  0.365074	  0.358356	  0.351206	  0.343725	     0.336	  0.328141	  0.320159	   0.31205	  0.303815	  0.295519	  0.287193	   0.27887	  0.270575	  0.262312	  0.254077	  0.245861	  0.237663	  0.229477	  0.221303	  0.213148	  0.205026	   0.19696	   0.18897	  0.181081	  0.173317	  0.165701	  0.158255	  0.150999	  0.143953	  0.137135	  0.130561	  0.124242
   527	     0	0.000153676	0.000241016	0.000523409	0.00127679	0.00322424	0.00806757	 0.0190901	 0.0403144	  0.072319	  0.111247	  0.152813	  0.194204	  0.233185	  0.268262	  0.298328	  0.322896	  0.341935	  0.356202	  0.366172	  0.372641	  0.376208	  0.378011	  0.378682	  0.379222	  0.380018	  0.381066	  0.382763	  0.384775	  0.386993	  0.388929	   0.39014	  0.390703	  0.390408	  0.389024	   0.38708	  0.384417	  0.380835	   0.37656	  0.371604	  0.365852	  0.359458	  0.352604	  0.345398	  0.337936	  0.330327	  0.322579	  0.314691	  0.306671	  0.298591	  0.290485	  0.282388	  0.274321	  0.266283	  0.258263	  0.250256	  0.242256	  0.234253	  0.226243	  0.218232	  0.210232	  0.202258	  0.194332	  0.186473	  0.178702	  0.171043	  0.163516	  0.156145	  0.148949	  0.141949	  0.135165	  0.128614
   528	     0	0.000420986	0.000645205	0.00133009	 0.0030366	0.00706974	 0.0158858	 0.0326035	 0.0587133	 0.0920932	  0.129596	  0.168799	  0.207806	  0.244673	  0.278082	  0.306994	    0.3309	  0.349684	  0.363966	  0.374115	  0.380833	  0.384648	  0.386625	  0.387373	  0.387853	  0.388461	  0.389195	  0.390454	  0.391937	  0.393549	  0.394807	   0.39528	   0.39504	  0.393894	  0.391639	  0.388819	  0.385267	  0.380849	  0.375852	  0.370293	  0.364021	  0.357155	  0.349866	  0.342253	  0.334408	  0.326433	  0.318339	  0.310121	  0.301783	   0.29339	  0.284972	  0.276564	  0.268188	  0.259848	  0.251538	  0.243251	  0.234982	  0.226728	  0.218487	  0.210267	  0.202082	  0.193954	  0.185905	  0.177958	  0.170137	  0.162466	  0.154966	   0.14766	  0.140566	  0.133702	  0.127084	  0.120726
   529	     0	0.000326953	0.000505049	0.00107336	0.00255422	0.00622677	 0.0146744	 0.0314526	 0.0583604	 0.0927934	  0.130931	  0.170141	  0.208605	   0.24453	  0.276703	  0.304181	  0.326538	  0.343732	  0.356466	  0.365151	   0.37052	  0.373132	   0.37409	  0.374006	  0.373867	  0.374054	  0.374563	  0.375793	  0.377402	  0.379256	   0.38085	  0.381729	  0.381971	  0.381367	  0.379684	  0.377449	  0.374504	  0.370684	  0.366236	  0.361175	  0.355367	  0.348954	  0.342108	  0.334931	  0.327511	  0.319949	  0.312254	  0.304423	  0.296463	  0.288444	  0.280397	  0.272357	  0.264344	  0.256361	  0.248398	   0.24045	  0.232513	   0.22458	  0.216649	  0.208726	  0.200824	  0.192961	  0.185158	  0.177435	  0.169815	   0.16232	  0.154971	  0.147791	  0.140799	  0.134015	  0.127456	  0.121137
   530	     0	0.000376782	0.000597926	0.00128207	0.00302649	0.00726187	  0.016802	 0.0354246	 0.0650586	  0.103047	  0.145257	  0.188586	  0.230788	  0.269704	  0.304041	  0.332858	  0.355824	  0.373043	  0.385434	  0.393493	  0.398069	  0.399822	  0.399919	  0.398961	  0.398018	  0.397509	  0.397433	  0.398202	   0.39941	  0.400935	  0.402228	  0.402823	  0.402821	  0.401971	  0.399964	  0.397353	  0.393958	  0.389634	  0.384669	  0.379091	  0.372788	  0.365927	  0.358682	   0.35116	  0.343446	  0.335621	  0.327681	   0.31962	  0.311448	  0.303241	  0.295037	  0.286867	  0.278747	   0.27067	  0.262623	  0.254598	   0.24659	  0.238586	  0.230582	  0.222579	  0.214585	  0.206613	  0.198676	  0.190791	  0.182975	  0.175249	  0.167632	  0.160146	  0.152813	  0.145656	  0.138694	   0.13195
   531	     0	0.000324803	0.000500306	0.00105409	 0.0024807	0.00597037	 0.0138538	 0.0291753	 0.0533339	  0.084192	  0.118911	  0.155557	  0.192635	  0.228482	  0.261812	  0.291528	  0.316972	  0.337831	  0.354444	  0.367053	   0.37622	  0.382346	  0.386397	   0.38903	  0.391072	  0.392921	  0.394592	  0.396504	  0.398411	  0.400245	  0.401566	  0.401968	  0.401512	  0.400031	  0.397411	  0.394241	  0.390365	  0.385647	  0.380396	  0.374645	   0.36824	  0.361253	  0.353819	  0.346027	   0.33796	  0.329732	  0.321368	  0.312867	  0.304231	  0.295517	  0.286754	  0.277974	  0.269207	  0.260468	  0.251763	   0.24309	  0.234447	  0.225835	  0.217257	  0.208726	  0.200261	  0.191889	  0.183637	  0.175532	  0.167601	  0.159867	  0.152351	  0.145072	  0.138045	  0.131282	  0.124794	  0.118587
   532	     0	0.000424791	0.000635872	0.00128863	0.00291823	0.00675653	 0.0150529	 0.0304587	 0.0539157	 0.0833746	  0.116358	  0.151117	  0.186235	  0.220135	  0.251602	  0.279596	  0.303491	  0.322992	   0.33843	  0.350047	  0.358388	  0.363848	    0.3674	  0.369703	  0.371563	  0.373345	  0.375042	  0.377047	  0.379123	  0.381179	  0.382783	  0.383528	  0.383464	  0.382422	  0.380282	    0.3776	  0.374237	  0.370046	  0.365282	  0.359965	  0.353951	  0.347321	  0.340221	  0.332746	  0.324982	  0.317043	  0.308956	  0.300724	  0.292349	  0.283888	   0.27537	  0.266828	  0.258291	  0.249776	  0.241288	  0.232827	  0.224396	  0.215997	  0.207636	  0.199326	  0.191086	  0.182941	  0.174916	  0.167038	  0.159332	  0.151821	  0.144525	  0.137463	  0.130649	  0.124097	  0.117816	  0.111813
   533	     0	0.000401982	0.000615729	0.00127661	0.00294197	0.00691783	 0.0156678	 0.0322649	 0.0580142	 0.0906691	   0.12723	  0.165519	  0.203823	  0.240334	  0.273753	  0.303025	  0.327585	  0.347238	  0.362476	  0.373623	  0.381323	  0.386049	  0.388825	  0.390296	  0.391364	  0.392429	  0.393506	  0.395011	  0.396661	  0.398375	  0.399681	  0.400136	  0.399803	  0.398506	    0.3961	  0.393153	    0.3895	  0.384984	  0.379899	  0.374272	  0.367951	  0.361032	  0.353672	  0.345966	     0.338	   0.32989	  0.321654	   0.31329	  0.304798	  0.296239	  0.287643	  0.279042	  0.270463	  0.261916	  0.253399	  0.244907	  0.236436	  0.227984	  0.219553	  0.211152	  0.202798	  0.194515	  0.186329	  0.178266	   0.17035	  0.162606	  0.155056	   0.14772	  0.140616	  0.133759	  0.127163	  0.120837
   534	     0	0.000322469	0.000495194	0.00100721	0.00225453	0.00517189	 0.0116483	 0.0246435	 0.0468852	 0.0779737	  0.114889	   0.15447	  0.194283	  0.232082	  0.266348	  0.295908	  0.320201	  0.339131	  0.353409	  0.363458	  0.370039	  0.373736	  0.375668	  0.376438	  0.377032	  0.377839	  0.378848	  0.380444	  0.382311	  0.384361	  0.386128	  0.387189	  0.387626	   0.38723	  0.385759	  0.383725	  0.380966	  0.377293	  0.372932	  0.367896	  0.362072	  0.355617	  0.348711	  0.341462	  0.333966	  0.326323	  0.318541	   0.31062	   0.30257	  0.294465	  0.286341	  0.278231	  0.270154	  0.262109	  0.254086	  0.246077	  0.238076	  0.230076	  0.222071	  0.214067	  0.206076	  0.198113	  0.190198	  0.182349	  0.174588	  0.166936	  0.159414	  0.152045	  0.144849	  0.137848	  0.131061	  0.124506
   535	     0	0.000298918	0.000463252	0.000987561	0.00235695	0.00577414	 0.0137433	 0.0299664	 0.0568086	 0.0920305	  0.131518	  0.172227	  0.212088	  0.249162	  0.282178	  0.310187	  0.332797	  0.350023	   0.36263	  0.371075	  0.376132	  0.378397	  0.379004	  0.378574	  0.378106	  0.377984	  0.378193	  0.379112	  0.380422	  0.381994	  0.383318	  0.383962	  0.383988	  0.383182	  0.381297	  0.378845	  0.375671	  0.371648	  0.367032	  0.361832	  0.355911	  0.349408	   0.34249	  0.335255	  0.327791	  0.320187	  0.312448	  0.304574	  0.296571	   0.28851	  0.280425	  0.272348	  0.264301	  0.256284	   0.24829	  0.240311	  0.232344	  0.224383	  0.216426	  0.208477	   0.20055	  0.192662	  0.184833	  0.177083	  0.169435	  0.161909	  0.154529	  0.147314	  0.140286	  0.133465	  0.126868	  0.120511
   536	     0	0.000333499	0.000508636	0.00104669	0.00239664	0.00563042	 0.0128902	  0.027276	 0.0509333	 0.0823827	  0.118386	  0.156309	  0.194242	  0.230319	  0.263205	  0.291829	  0.315632	  0.334457	  0.348866	  0.359223	  0.366208	  0.370331	  0.372655	  0.373812	  0.374719	   0.37575	  0.376891	  0.378526	  0.380364	  0.382308	   0.38389	  0.384692	   0.38478	  0.383973	  0.382082	  0.379636	   0.37648	  0.372462	  0.367837	  0.362621	  0.356677	  0.350127	  0.343138	  0.335809	   0.32823	  0.320505	  0.312646	   0.30465	   0.29652	  0.288323	  0.280091	  0.271856	  0.263642	  0.255455	  0.247289	  0.239138	  0.231001	  0.222875	  0.214758	  0.206659	  0.198591	  0.190576	  0.182636	  0.174793	  0.167071	  0.159494	  0.152083	   0.14486	  0.137844	  0.131053	  0.124504	   0.11821
   537	     0	8.82793e-05	0.000142892	0.000338646	0.000920295	0.00260099	0.00727095	 0.0189601	 0.0425941	 0.0777891	  0.118901	   0.16147	  0.203174	  0.242091	  0.276905	  0.306627	  0.330847	  0.349573	  0.363577	  0.373329	  0.379612	  0.383018	  0.384672	  0.385186	  0.385569	  0.386214	  0.387109	  0.388649	  0.390503	  0.392565	   0.39434	  0.395382	  0.395764	  0.395274	  0.393683	  0.391529	  0.388649	  0.384856	   0.38039	   0.37526	  0.369339	   0.36278	  0.355767	  0.348415	  0.340819	  0.333092	  0.325241	  0.317261	   0.30916	  0.301006	  0.292834	  0.284677	  0.276556	  0.268471	  0.260412	  0.252371	  0.244344	  0.236322	  0.228302	  0.220286	  0.212288	  0.204324	  0.196412	  0.188575	  0.180833	  0.173209	  0.165725	  0.158401	   0.15126	  0.144321	  0.137603	  0.131122
   538	     0	0.000152441	0.000239967	0.000520781	0.00126606	0.00318281	0.00792522	 0.0186629	 0.0392377	  0.070126	  0.107541	  0.147372	  0.187021	  0.224465	  0.258306	  0.287463	  0.311412	  0.330067	  0.344129	  0.354032	   0.36053	  0.364191	  0.366128	  0.366942	  0.367623	  0.368538	  0.369674	  0.371423	  0.373445	  0.375613	   0.37745	  0.378553	  0.379014	  0.378623	  0.377138	  0.375085	  0.372309	  0.368647	  0.364355	  0.359455	  0.353822	  0.347596	  0.340945	  0.333965	   0.32674	  0.319366	  0.311847	  0.304184	  0.296384	   0.28852	  0.280625	  0.272735	  0.264868	  0.257025	  0.249196	  0.241377	  0.233561	  0.225741	  0.217915	  0.210087	  0.202272	  0.194486	  0.186748	   0.17908	  0.171501	  0.164034	    0.1567	   0.14952	  0.142516	  0.135706	   0.12911	  0.122743
   539	     0	0.000385584	0.00059759	0.00135972	0.00355786	 0.0093855	 0.0225918	 0.0455529	 0.0758093	  0.109161	  0.143585	  0.178039	  0.211523	  0.242806	  0.270984	  0.295302	  0.315358	   0.33102	  0.342759	  0.350866	  0.355917	  0.358351	  0.359184	  0.359051	   0.35881	  0.358809	  0.359023	  0.359817	  0.360945	  0.362258	  0.363275	  0.363579	  0.363202	  0.361956	  0.359679	  0.356887	  0.353449	  0.349286	   0.34466	  0.339572	  0.333859	    0.3276	  0.320925	  0.313918	  0.306653	  0.299216	  0.291629	  0.283893	  0.276014	  0.268047	  0.260023	  0.251973	  0.243927	  0.235898	  0.227892	   0.21991	  0.211953	  0.204026	  0.196135	  0.188294	   0.18052	  0.172839	  0.165273	  0.157849	  0.150588	  0.143513	  0.136644	  0.129996	  0.123585	  0.117421	  0.111515	  0.105873
   540	     0	0.00015133	0.000240145	0.000545999	 0.0014141	0.00378919	0.00992798	  0.023827	 0.0488257	 0.0829128	  0.121441	   0.16134	  0.200789	  0.238035	  0.271799	  0.301071	  0.325351	  0.344527	  0.359198	  0.369747	  0.376871	  0.381083	  0.383448	  0.384592	  0.385455	  0.386423	   0.38749	  0.389057	  0.390822	  0.392684	  0.394167	  0.394842	  0.394781	  0.393795	  0.391697	   0.38904	  0.385664	  0.381423	  0.376593	  0.371193	  0.365074	  0.358356	  0.351206	  0.343725	     0.336	  0.328141	  0.320159	   0.31205	  0.303815	  0.295519	  0.287193	   0.27887	  0.270575	  0.262312	  0.254077	  0.245861	  0.237663	  0.229477	  0.221303	  0.213148	  0.205026	   0.19696	   0.18897	  0.181081	  0.173317	  0.165701	  0.158255	  0.150999	  0.143953	  0.137135	  0.130561	  0.124242
   541	     0	0.00015133	0.000240145	0.000545999	 0.0014141	0.00378919	0.00992798	  0.023827	 0.0488257	 0.0829128	  0.121441	   0.16134	  0.200789	  0.238035	  0.271799	  0.301071	  0.325351	  0.344527	  0.359198	  0.369747	  0.376871	  0.381083	  0.383448	  0.384592	  0.385455	  0.386423	   0.38749	  0.389057	  0.390822	  0.392684	  0.394167	  0.394842	  0.394781	  0.393795	  0.391697	   0.38904	  0.385664	  0.381423	  0.376593	  0.371193	  0.365074	  0.358356	  0.351206	  0.343725	     0.336	  0.328141	  0.320159	   0.31205	  0.303815	  0.295519	  0.287193	   0.27887	  0.270575	  0.262312	  0.254077	  0.245861	  0.237663	  0.229477	  0.221303	  0.213148	  0.205026	   0.19696	   0.18897	  0.181081	  0.173317	  0.165701	  0.158255	  0.150999	  0.143953	  0.137135	  0.130561	  0.124242
   542	     0	0.000215107	0.000339009	0.000773319	0.00201815	0.00541305	 0.0138982	 0.0315429	 0.0595829	 0.0940835	  0.131172	  0.168874	  0.205837	  0.240539	  0.271884	  0.298978	  0.321371	  0.338948	  0.352269	  0.361678	  0.367826	  0.371199	  0.372846	  0.373406	   0.37378	   0.37434	  0.375077	  0.376383	  0.377963	  0.379688	  0.381074	  0.381698	  0.381622	  0.380654	  0.378598	  0.375985	  0.372668	  0.368532	  0.363845	  0.358616	  0.352697	  0.346198	  0.339278	  0.332031	  0.324541	  0.316903	  0.309132	  0.301222	  0.293179	  0.285066	  0.276914	  0.268755	  0.260614	    0.2525	  0.244409	  0.236335	  0.228276	  0.220232	  0.212202	  0.204195	  0.196229	  0.188325	  0.180505	  0.172795	  0.165217	  0.157795	  0.150551	  0.143503	  0.136671	  0.130072	  0.123718	  0.117622
   543	     0	0.000375718	0.000572255	0.00118747	0.00275262	0.00652529	 0.0149083	 0.0309351	 0.0558835	 0.0874882	  0.122792	  0.159729	  0.196706	  0.232016	  0.264407	  0.292842	  0.316748	  0.335913	  0.350787	  0.361683	   0.36922	  0.373857	  0.376612	  0.378156	  0.379341	  0.380544	  0.381756	   0.38337	  0.385124	  0.386921	  0.388299	  0.388848	  0.388621	  0.387442	  0.385158	  0.382318	  0.378772	  0.374399	  0.369475	  0.364019	  0.357883	  0.351161	  0.344003	  0.336502	  0.328742	  0.320828	  0.312778	  0.304589	  0.296261	  0.287857	  0.279406	   0.27094	  0.262487	  0.254058	  0.245655	  0.237272	   0.22891	  0.220569	  0.212254	  0.203974	  0.195747	  0.187596	  0.179547	  0.171624	  0.163853	  0.156257	  0.148857	  0.141674	  0.134725	  0.128024	  0.121585	  0.115417
   544	     0	0.000334996	0.000505664	0.00102899	0.00233432	0.00543753	 0.0123369	 0.0258531	 0.0478611	 0.0770017	  0.110491	    0.1461	  0.182149	  0.216905	  0.249069	  0.277545	  0.301698	  0.321259	  0.336637	  0.348113	  0.356279	  0.361565	  0.364972	  0.367139	   0.36891	  0.370647	   0.37234	  0.374377	  0.376492	  0.378574	   0.38019	  0.380967	  0.380981	  0.380053	  0.378007	  0.375383	  0.372038	  0.367862	  0.363125	  0.357842	  0.351865	  0.345294	  0.338285	  0.330934	  0.323327	  0.315562	  0.307659	  0.299614	  0.291431	  0.283173	   0.27487	  0.266555	  0.258253	  0.249977	  0.241723	  0.233488	  0.225272	  0.217075	  0.208899	  0.200755	  0.192661	   0.18464	  0.176717	  0.168917	  0.161263	  0.153781	   0.14649	  0.139411	  0.132562	  0.125958	  0.119611	  0.113532
   545	     0	0.000314499	0.000491932	0.00105286	0.00251026	0.00612708	 0.0145012	 0.0313875	 0.0590549	 0.0951184	  0.135442	  0.176999	  0.217722	  0.255667	  0.289543	   0.31838	  0.341768	  0.359704	   0.37293	    0.3819	  0.387389	  0.389994	  0.390838	  0.390566	  0.390167	  0.390038	  0.390173	  0.390957	  0.392084	  0.393457	  0.394561	  0.394944	  0.394657	  0.393508	  0.391289	  0.388524	  0.385049	  0.380723	  0.375828	   0.37038	  0.364241	  0.357533	  0.350419	  0.342992	  0.335334	  0.327543	  0.319625	  0.311573	  0.303393	  0.295152	  0.286883	   0.27862	  0.270384	  0.262179	  0.253996	  0.245828	  0.237671	  0.229518	  0.221368	  0.213225	  0.205104	  0.197024	  0.189005	   0.18107	  0.173242	  0.165544	  0.157997	  0.150623	  0.143444	  0.136478	  0.129743	  0.123255
   546	     0	0.000169538	0.00026567	0.000573584	0.00138613	0.00345778	 0.0085101	 0.0196775	 0.0403917	 0.0706061	  0.106818	  0.145614	  0.184734	  0.222153	  0.256446	  0.286454	  0.311568	  0.331603	  0.347137	  0.358534	  0.366483	  0.371499	  0.374648	  0.376565	   0.37817	  0.379854	  0.381623	  0.383896	  0.386344	  0.388879	  0.391045	  0.392421	  0.393102	  0.392889	  0.391561	  0.389659	  0.387018	  0.383442	  0.379155	  0.374174	  0.368387	  0.361948	  0.355042	  0.347778	  0.340253	  0.332581	   0.32477	  0.316818	  0.308733	  0.300587	  0.292413	  0.284247	  0.276109	  0.268001	  0.259913	  0.251836	  0.243764	  0.235688	  0.227603	  0.219516	  0.211441	  0.203397	  0.195404	  0.187484	  0.179661	  0.171956	  0.164393	  0.156993	  0.149776	  0.142765	  0.135976	  0.129427
   547	     0	0.000298881	0.000465161	0.000995668	0.00238344	 0.0058505	 0.0139314	 0.0303214	 0.0572654	 0.0924148	  0.131729	  0.172298	   0.21214	  0.249357	  0.282678	  0.311131	  0.334286	  0.352117	   0.36534	  0.374386	  0.380003	  0.382772	  0.383804	  0.383708	  0.383468	   0.38347	  0.383695	  0.384516	  0.385645	  0.387005	  0.388106	  0.388517	   0.38829	  0.387233	  0.385138	  0.382508	  0.379184	   0.37502	  0.370277	  0.364965	   0.35894	  0.352333	  0.345309	  0.337965	  0.330388	  0.322673	  0.314828	  0.306851	  0.298747	  0.290586	  0.282401	  0.274226	  0.266082	  0.257972	  0.249886	  0.241818	  0.233763	  0.225715	  0.217671	  0.209637	  0.201627	  0.193658	  0.185751	  0.177928	  0.170209	  0.162618	  0.155177	  0.147907	  0.140828	  0.133959	  0.127319	  0.120922
   548	     0	0.000281545	0.000440062	0.00096498	0.00238734	0.00605054	 0.0147278	 0.0321295	 0.0596572	 0.0941518	   0.13196	  0.170863	  0.209274	   0.24552	  0.278392	  0.306923	  0.330624	   0.34936	  0.363692	  0.373965	  0.380842	  0.384821	  0.386942	  0.387802	  0.388351	  0.388977	   0.38967	   0.39082	  0.392161	  0.393615	  0.394712	  0.395015	  0.394569	    0.3932	  0.390758	  0.387793	   0.38414	   0.37965	  0.374615	  0.369054	  0.362804	  0.355963	  0.348686	  0.341071	  0.333204	  0.325198	   0.31707	  0.308817	   0.30044	  0.291999	  0.283524	  0.275048	  0.266595	  0.258176	  0.249789	  0.241427	   0.23309	  0.224775	  0.216483	  0.208224	  0.200013	  0.191874	  0.183831	  0.175908	   0.16813	   0.16052	    0.1531	   0.14589	  0.138906	  0.132166	   0.12568	  0.119461
   549	     0	0.00015133	0.000240145	0.000545999	 0.0014141	0.00378919	0.00992798	  0.023827	 0.0488257	 0.0829128	  0.121441	   0.16134	  0.200789	  0.238035	  0.271799	  0.301071	  0.325351	  0.344527	  0.359198	  0.369747	  0.376871	  0.381083	  0.383448	  0.384592	  0.385455	  0.386423	   0.38749	  0.389057	  0.390822	  0.392684	  0.394167	  0.394842	  0.394781	  0.393795	  0.391697	   0.38904	  0.385664	  0.381423	  0.376593	  0.371193	  0.365074	  0.358356	  0.351206	  0.343725	     0.336	  0.328141	  0.320159	   0.31205	  0.303815	  0.295519	  0.287193	   0.27887	  0.270575	  0.262312	  0.254077	  0.245861	  0.237663	  0.229477	  0.221303	  0.213148	  0.205026	   0.19696	   0.18897	  0.181081	  0.173317	  0.165701	  0.158255	  0.150999	  0.143953	  0.137135	  0.130561	  0.124242
   550	     0	0.000372326	0.000556691	0.00109275	0.00236571	0.00526235	  0.011515	 0.0237513	 0.0443713	 0.0731227	  0.107544	  0.144916	  0.183022	  0.219773	  0.253646	  0.283436	  0.308489	  0.328579	    0.3442	  0.355705	  0.363761	  0.368857	   0.37204	  0.373958	  0.375495	   0.37702	   0.37851	   0.38034	   0.38225	  0.384131	  0.385537	  0.386111	  0.385918	  0.384778	  0.382511	  0.379654	  0.376063	  0.371644	  0.366686	  0.361209	  0.355056	  0.348328	   0.34118	  0.333705	  0.325987	  0.318121	  0.310121	  0.301984	  0.293713	   0.28537	  0.276987	  0.268597	  0.260225	   0.25188	  0.243558	  0.235257	  0.226974	   0.21871	  0.210467	  0.202255	  0.194089	  0.185991	  0.177986	  0.170098	   0.16235	  0.154767	  0.147369	  0.140179	  0.133213	  0.126489	   0.12002	  0.113818
   551	     0	0.000342389	0.000505402	0.000966789	0.00203225	0.00439837	0.00943279	 0.0193378	 0.0365665	 0.0617838	 0.0933846	  0.128847	  0.165838	  0.202111	  0.236002	  0.266167	  0.291836	  0.312692	  0.329168	  0.341579	  0.350557	  0.356566	  0.360633	  0.363395	  0.365719	  0.367975	  0.370159	  0.372667	  0.375223	  0.377721	  0.379753	  0.380961	  0.381435	  0.380989	  0.379423	  0.377269	  0.374384	   0.37062	   0.36622	  0.361196	  0.355407	   0.34898	  0.342084	  0.334824	  0.327291	  0.319594	  0.311748	  0.303755	  0.295623	   0.28742	  0.279176	  0.270927	  0.262698	  0.254493	  0.246309	  0.238138	  0.229978	  0.221823	  0.213674	   0.20554	  0.197437	   0.18939	  0.181421	  0.173555	  0.165817	  0.158231	  0.150818	    0.1436	  0.136597	  0.129825	    0.1233	  0.117035
   552	     0	0.000173643	0.000279133	0.000609821	0.00147277	0.00365633	0.00897447	 0.0208578	  0.043492	 0.0776157	  0.119301	  0.163844	  0.207988	   0.24917	  0.285794	  0.316735	  0.341573	  0.360392	  0.374139	  0.383363	  0.388959	  0.391618	  0.392536	  0.392333	  0.392095	   0.39224	  0.392783	  0.394144	   0.39593	  0.398041	  0.399956	  0.401206	  0.401885	   0.40174	  0.400483	   0.39866	  0.396092	  0.392545	  0.388247	  0.383224	  0.377394	  0.370932	  0.364023	  0.356778	   0.34929	   0.34166	  0.333889	  0.325979	  0.317943	  0.309861	  0.301771	  0.293708	  0.285687	  0.277701	  0.269735	  0.261783	  0.253833	  0.245873	  0.237896	  0.229905	  0.221911	  0.213927	  0.205966	  0.198044	   0.19018	  0.182391	  0.174697	  0.167118	  0.159677	  0.152396	  0.145296	  0.138399
   553	     0	0.000372083	0.000590033	0.00132488	0.00334965	0.00858143	 0.0206358	 0.0431297	 0.0754783	  0.113071	  0.152476	  0.191863	  0.229843	  0.264893	  0.295991	  0.322337	  0.343585	  0.359732	  0.371492	  0.379254	  0.383737	  0.385491	  0.385603	  0.384635	  0.383619	   0.38294	  0.382592	  0.382965	   0.38373	  0.384751	  0.385496	  0.385519	  0.384885	  0.383391	  0.380812	  0.377685	   0.37384	   0.36919	  0.364065	  0.358483	  0.352276	   0.34555	  0.338457	  0.331081	  0.323501	  0.315799	   0.30798	  0.300039	  0.291977	  0.283859	  0.275716	  0.267579	  0.259471	  0.251396	  0.243349	  0.235323	  0.227316	  0.219322	  0.211343	  0.203386	  0.195467	  0.187606	  0.179825	  0.172147	  0.164595	  0.157192	  0.149958	  0.142914	  0.136079	  0.129468	  0.123098	  0.116979
   554	     0	0.000339706	0.000518177	0.00105631	0.00238555	0.00552821	 0.0125308	 0.0264513	 0.0496966	  0.081205	  0.117756	  0.156462	  0.195212	  0.232055	   0.26559	   0.29472	  0.318887	  0.337945	  0.352486	  0.362894	  0.369872	  0.373943	   0.37618	  0.377205	  0.377972	  0.378864	  0.379882	  0.381424	  0.383191	  0.385075	  0.386602	  0.387343	  0.387363	  0.386481	  0.384519	  0.382015	  0.378808	  0.374738	   0.37008	  0.364855	  0.358921	  0.352387	  0.345415	  0.338097	  0.330519	  0.322788	   0.31492	   0.30691	  0.298764	  0.290547	   0.28229	  0.274027	  0.265782	  0.257561	  0.249361	  0.241173	  0.232995	  0.224821	  0.216651	  0.208494	  0.200366	   0.19229	   0.18429	  0.176391	  0.168616	   0.16099	  0.153536	  0.146273	   0.13922	  0.132397	  0.125817	  0.119493
   555	     0	0.000252894	0.000396212	0.000910377	0.00240996	0.00653515	 0.0167231	 0.0369939	 0.0672502	  0.102766	  0.140072	  0.177509	  0.213832	   0.24763	   0.27789	  0.303809	  0.325004	  0.341408	  0.353609	  0.361959	  0.367112	  0.369568	  0.370386	  0.370177	  0.369878	  0.369855	   0.37009	  0.370951	   0.37218	  0.373652	   0.37488	  0.375419	  0.375297	  0.374323	  0.372334	  0.369843	  0.366705	  0.362779	  0.358304	   0.35328	  0.347551	   0.34122	  0.334438	  0.327301	  0.319895	  0.312325	  0.304612	  0.296756	  0.288762	  0.280692	  0.272575	  0.264444	  0.256327	  0.248233	  0.240163	  0.232112	  0.224079	  0.216065	   0.20807	  0.200106	  0.192189	  0.184342	   0.17659	  0.168957	  0.161468	  0.154144	  0.147008	  0.140076	  0.133368	  0.126897	  0.120675	  0.114713
   556	     0	0.000388367	0.000581944	  0.001146	0.00248817	0.00554437	  0.012127	 0.0249208	 0.0462266	 0.0755434	  0.110263	  0.147672	  0.185607	  0.222019	  0.255436	  0.284689	  0.309155	  0.328637	  0.343676	   0.35463	  0.362177	  0.366817	  0.369608	  0.371165	  0.372413	  0.373725	  0.375096	   0.37692	  0.378901	   0.38093	  0.382551	  0.383368	  0.383464	  0.382653	  0.380735	   0.37825	  0.375044	  0.370976	  0.366315	   0.36108	  0.355125	  0.348568	  0.341576	  0.334245	  0.326663	  0.318932	  0.311065	  0.303061	  0.294925	  0.286722	  0.278485	  0.270246	   0.26203	  0.253842	  0.245676	  0.237526	   0.22939	  0.221264	  0.213147	  0.205047	   0.19698	  0.188968	  0.181032	  0.173197	  0.165486	  0.157923	   0.15053	  0.143327	  0.136334	  0.129569	  0.123047	  0.116781
   557	     0	0.000402988	0.000616455	0.00126234	0.00286048	0.00662647	 0.0149052	 0.0308907	 0.0564972	 0.0898668	  0.127559	  0.166817	  0.205633	  0.242095	  0.274892	  0.303007	  0.325967	  0.343705	  0.356898	  0.365965	  0.371646	  0.374503	   0.37564	  0.375691	  0.375625	  0.375823	  0.376277	  0.377375	  0.378799	  0.380418	  0.381727	  0.382302	  0.382212	  0.381258	  0.379216	  0.376608	  0.373279	  0.369111	  0.364385	  0.359118	  0.353168	  0.346658	  0.339744	  0.332517	  0.325058	  0.317457	   0.30972	  0.301843	  0.293832	  0.285755	  0.277644	  0.269533	  0.261443	  0.253379	  0.245333	    0.2373	  0.229276	  0.221258	  0.213243	  0.205239	  0.197262	  0.189331	  0.181466	  0.173692	   0.16603	  0.158503	  0.151134	  0.143943	  0.136951	  0.130176	  0.123635	  0.117342
   558	     0	0.000246822	0.000383583	0.000810171	0.00190567	0.00461264	 0.0109631	 0.0243341	 0.0478615	 0.0807798	  0.119283	  0.159881	  0.200196	  0.238159	   0.27235	  0.301699	  0.325711	  0.344333	  0.358289	  0.368017	  0.374286	  0.377675	  0.379301	  0.379767	  0.380083	  0.380635	  0.381422	  0.382842	  0.384565	   0.38649	  0.388127	  0.389033	  0.389281	  0.388672	  0.386986	  0.384755	  0.381811	   0.37797	  0.373483	  0.368371	  0.362501	  0.356014	  0.349086	  0.341817	  0.334299	  0.326638	  0.318844	  0.310914	  0.302855	  0.294737	  0.286593	  0.278458	  0.270352	  0.262276	  0.254222	  0.246181	  0.238148	  0.230115	  0.222078	  0.214044	  0.206026	  0.198041	  0.190111	  0.182256	    0.1745	  0.166865	  0.159372	  0.152044	    0.1449	  0.137962	  0.131246	   0.12477
   559	     0	0.000196439	0.000301017	0.000651022	 0.0016046	0.00408894	 0.0101347	 0.0228813	  0.044356	 0.0726592	  0.104674	  0.138448	  0.172691	  0.205995	  0.237181	  0.265207	  0.289411	  0.309441	  0.325573	  0.337998	  0.347217	  0.353577	  0.358018	  0.361156	  0.363794	  0.366283	  0.368612	  0.371168	  0.373719	  0.376161	  0.378097	  0.379146	  0.379367	   0.37859	  0.376696	  0.374254	  0.371129	  0.367166	  0.362611	  0.357485	  0.351641	   0.34516	  0.338185	  0.330815	  0.323139	  0.315277	  0.307262	  0.299098	  0.290789	  0.282393	  0.273935	   0.26545	  0.256968	  0.248507	  0.240076	  0.231676	  0.223309	  0.214979	  0.206693	  0.198464	  0.190312	  0.182261	   0.17434	  0.166574	  0.158988	  0.151606	  0.144446	  0.137526	  0.130859	  0.124457	  0.118327	  0.112473
   560	     0	0.000339706	0.000518177	0.00105631	0.00238555	0.00552821	 0.0125308	 0.0264513	 0.0496966	  0.081205	  0.117756	  0.156462	  0.195212	  0.232055	   0.26559	   0.29472	  0.318887	  0.337945	  0.352486	  0.362894	  0.369872	  0.373943	   0.37618	  0.377205	  0.377972	  0.378864	  0.379882	  0.381424	  0.383191	  0.385075	  0.386602	  0.387343	  0.387363	  0.386481	  0.384519	  0.382015	  0.378808	  0.374738	   0.37008	  0.364855	  0.358921	  0.352387	  0.345415	  0.338097	  0.330519	  0.322788	   0.31492	   0.30691	  0.298764	  0.290547	   0.28229	  0.274027	  0.265782	  0.257561	  0.249361	  0.241173	  0.232995	  0.224821	  0.216651	  0.208494	  0.200366	   0.19229	   0.18429	  0.176391	  0.168616	   0.16099	  0.153536	  0.146273	   0.13922	  0.132397	  0.125817	  0.119493
   561	     0	0.00028061	0.000416116	0.000820724	0.00180204	 0.0040842	0.00912852	 0.0192495	  0.036701	 0.0614626	 0.0915524	  0.124812	  0.159499	  0.193851	   0.22645	  0.256058	  0.281873	  0.303459	   0.32104	  0.334799	  0.345236	  0.352694	  0.358108	  0.362117	  0.365499	  0.368617	   0.37147	  0.374463	  0.377357	  0.380066	  0.382213	  0.383445	   0.38384	  0.383226	  0.381476	  0.379154	  0.376124	  0.372229	  0.367713	  0.362594	  0.356728	  0.350205	   0.34318	  0.335755	  0.328022	  0.320104	   0.31203	  0.303805	  0.295434	  0.286977	  0.278463	  0.269925	  0.261392	  0.252882	  0.244397	  0.235939	  0.227505	  0.219097	  0.210719	  0.202385	  0.194114	  0.185933	  0.177869	  0.169951	  0.162203	  0.154651	  0.147314	  0.140211	  0.133358	  0.126768	  0.120449	   0.11441
   562	     0	0.000326537	0.00050619	0.00108858	0.00263016	0.00650991	 0.0155299	 0.0334816	 0.0620495	  0.098204	  0.137924	  0.178528	  0.218146	  0.254951	  0.287741	  0.315615	  0.338198	  0.355494	  0.368229	  0.376839	  0.382071	  0.384501	  0.385237	  0.384896	  0.384478	  0.384375	  0.384578	  0.385481	  0.386763	  0.388312	  0.389613	    0.3902	  0.390129	  0.389199	  0.387201	  0.384665	  0.381429	  0.377332	   0.37263	  0.367336	  0.361307	  0.354673	  0.347606	  0.340207	  0.332568	  0.324794	  0.316895	  0.308867	  0.300716	  0.292506	  0.284272	  0.276044	  0.267847	  0.259683	  0.251545	  0.243425	  0.235321	  0.227226	   0.21914	  0.211066	   0.20302	   0.19502	  0.187088	  0.179245	  0.171514	  0.163919	  0.156481	  0.149221	   0.14216	  0.135316	  0.128706	  0.122345
   563	     0	0.000388367	0.000581944	  0.001146	0.00248817	0.00554437	  0.012127	 0.0249208	 0.0462266	 0.0755434	  0.110263	  0.147672	  0.185607	  0.222019	  0.255436	  0.284689	  0.309155	  0.328637	  0.343676	   0.35463	  0.362177	  0.366817	  0.369608	  0.371165	  0.372413	  0.373725	  0.375096	   0.37692	  0.378901	   0.38093	  0.382551	  0.383368	  0.383464	  0.382653	  0.380735	   0.37825	  0.375044	  0.370976	  0.366315	   0.36108	  0.355125	  0.348568	  0.341576	  0.334245	  0.326663	  0.318932	  0.311065	  0.303061	  0.294925	  0.286722	  0.278485	  0.270246	   0.26203	  0.253842	  0.245676	  0.237526	   0.22939	  0.221264	  0.213147	  0.205047	   0.19698	  0.188968	  0.181032	  0.173197	  0.165486	  0.157923	   0.15053	  0.143327	  0.136334	  0.129569	  0.123047	  0.116781
   564	     0	0.000423866	0.000659556	0.00142939	0.00347459	0.00857681	 0.0200345	 0.0413124	 0.0724438	  0.109479	  0.148965	  0.188817	  0.227437	  0.263143	  0.294847	  0.321716	  0.343401	  0.359906	  0.371944	  0.379926	  0.384581	  0.386473	  0.386701	  0.385878	  0.384996	  0.384444	  0.384214	  0.384693	   0.38557	  0.386724	  0.387628	   0.38783	  0.387383	  0.386086	  0.383719	  0.380804	  0.377182	  0.372744	  0.367778	  0.362297	  0.356143	  0.349437	  0.342337	  0.334934	  0.327312	  0.319559	  0.311684	  0.303682	  0.295556	  0.287374	  0.279165	  0.270964	  0.262792	  0.254653	  0.246542	  0.238451	  0.230376	  0.222314	  0.214263	  0.206231	  0.198232	  0.190285	  0.182412	  0.174636	  0.166979	  0.159463	  0.152112	  0.144945	  0.137981	  0.131239	  0.124736	  0.118483
   565	     0	0.000391279	0.000579856	0.00109881	0.00226816	0.00480134	 0.0100567	 0.0201534	 0.0374127	 0.0624896	 0.0939508	  0.129412	  0.166551	  0.203047	  0.237201	  0.267623	  0.293515	  0.314546	  0.331177	  0.343717	  0.352813	  0.358936	  0.363124	  0.365992	  0.368451	  0.370881	  0.373293	  0.376106	  0.378994	  0.381838	  0.384215	  0.385744	  0.386541	  0.386405	   0.38511	  0.383207	  0.380539	  0.376931	  0.372619	  0.367623	  0.361817	  0.355346	  0.348394	  0.341075	  0.333489	  0.325747	  0.317865	  0.309841	  0.301684	  0.293463	  0.285211	  0.276962	  0.268739	  0.260543	  0.252368	  0.244206	  0.236052	    0.2279	  0.219748	  0.211604	  0.203483	  0.195406	  0.187395	  0.179475	  0.171667	  0.163998	  0.156488	   0.14916	  0.142034	  0.135129	  0.128464	  0.122052
   566	     0	0.00015133	0.000240145	0.000545999	 0.0014141	0.00378919	0.00992798	  0.023827	 0.0488257	 0.0829128	  0.121441	   0.16134	  0.200789	  0.238035	  0.271799	  0.301071	  0.325351	  0.344527	  0.359198	  0.369747	  0.376871	  0.381083	  0.383448	  0.384592	  0.385455	  0.386423	   0.38749	  0.389057	  0.390822	  0.392684	  0.394167	  0.394842	  0.394781	  0.393795	  0.391697	   0.38904	  0.385664	  0.381423	  0.376593	  0.371193	  0.365074	  0.358356	  0.351206	  0.343725	     0.336	  0.328141	  0.320159	   0.31205	  0.303815	  0.295519	  0.287193	   0.27887	  0.270575	  0.262312	  0.254077	  0.245861	  0.237663	  0.229477	  0.221303	  0.213148	  0.205026	   0.19696	   0.18897	  0.181081	  0.173317	  0.165701	  0.158255	  0.150999	  0.143953	  0.137135	  0.130561	  0.124242
   567	     0	0.000354125	0.000548195	0.00117663	0.00283701	0.00699946	 0.0166001	 0.0354539	  0.064971	  0.101819	  0.141924	  0.182644	  0.222156	  0.258698	  0.291114	  0.318548	  0.340655	   0.35746	  0.369707	  0.377839	  0.382612	  0.384608	  0.384946	  0.384237	  0.383493	  0.383101	  0.383048	  0.383717	  0.384796	  0.386172	  0.387323	  0.387781	   0.38759	  0.386553	  0.384469	  0.381862	  0.378569	  0.374432	  0.369712	  0.364421	  0.358412	  0.351812	  0.344787	  0.337435	  0.329843	  0.322115	  0.314262	  0.306279	   0.29817	  0.290003	  0.281807	  0.273616	  0.265453	  0.257322	  0.249215	  0.241126	  0.233053	  0.224989	  0.216935	  0.208895	  0.200883	  0.192918	  0.185021	  0.177214	   0.16952	  0.161961	   0.15456	  0.147337	  0.140312	  0.133504	   0.12693	  0.120603
   568	     0	0.000260797	0.000394461	0.00081857	  0.001913	0.00461735	 0.0109145	 0.0239209	 0.0461363	  0.076367	  0.111265	  0.148075	  0.184876	  0.219851	  0.251691	  0.279354	  0.302309	  0.320411	  0.334239	  0.344152	   0.35082	  0.354733	  0.356952	  0.358062	  0.359014	  0.360163	  0.361495	    0.3634	  0.365558	  0.367798	  0.369662	   0.37076	  0.371181	  0.370713	  0.369123	  0.366945	  0.364037	  0.360273	  0.355904	  0.350939	   0.34523	  0.338903	  0.332127	  0.325008	  0.317636	  0.310112	   0.30245	  0.294652	  0.286724	  0.278731	  0.270703	  0.262674	  0.254667	  0.246688	  0.238732	  0.230794	  0.222874	  0.214968	  0.207078	  0.199211	  0.191385	   0.18362	  0.175937	  0.168361	  0.160914	  0.153619	  0.146497	  0.139569	  0.132852	  0.126364	  0.120118	  0.114128
   569	     0	0.000161856	0.000253027	0.000567702	0.00145667	0.00386913	 0.0100194	 0.0236408	 0.0474939	 0.0793985	  0.115274	  0.152555	  0.189648	  0.224906	  0.257104	   0.28524	  0.308778	  0.327547	  0.342071	  0.352673	  0.359987	  0.364476	  0.367172	  0.368674	  0.369898	  0.371216	  0.372624	  0.374523	  0.376616	  0.378775	  0.380547	   0.38153	  0.381802	  0.381165	  0.379418	  0.377102	   0.37407	   0.37018	  0.365684	  0.360593	  0.354755	  0.348291	   0.34137	  0.334097	  0.326566	  0.318882	  0.311064	  0.303111	  0.295029	   0.28688	  0.278697	  0.270511	  0.262348	  0.254215	  0.246108	  0.238022	  0.229953	  0.221898	  0.213859	  0.205843	  0.197869	  0.189958	  0.182134	  0.174422	  0.166846	  0.159429	  0.152192	  0.145156	  0.138338	  0.131756	  0.125421	  0.119347
   570	     0	0.00015133	0.000240145	0.000545999	 0.0014141	0.00378919	0.00992798	  0.023827	 0.0488257	 0.0829128	  0.121441	   0.16134	  0.200789	  0.238035	  0.271799	  0.301071	  0.325351	  0.344527	  0.359198	  0.369747	  0.376871	  0.381083	  0.383448	  0.384592	  0.385455	  0.386423	   0.38749	  0.389057	  0.390822	  0.392684	  0.394167	  0.394842	  0.394781	  0.393795	  0.391697	   0.38904	  0.385664	  0.381423	  0.376593	  0.371193	  0.365074	  0.358356	  0.351206	  0.343725	     0.336	  0.328141	  0.320159	   0.31205	  0.303815	  0.295519	  0.287193	   0.27887	  0.270575	  0.262312	  0.254077	  0.245861	  0.237663	  0.229477	  0.221303	  0.213148	  0.205026	   0.19696	   0.18897	  0.181081	  0.173317	  0.165701	  0.158255	  0.150999	  0.143953	  0.137135	  0.130561	  0.124242
   571	     0	0.000401982	0.000615729	0.00127661	0.00294197	0.00691783	 0.0156678	 0.0322649	 0.0580142	 0.0906691	   0.12723	  0.165519	  0.203823	  0.240334	  0.273753	  0.303025	  0.327585	  0.347238	  0.362476	  0.373623	  0.381323	  0.386049	  0.388825	  0.390296	  0.391364	  0.392429	  0.393506	  0.395011	  0.396661	  0.398375	  0.399681	  0.400136	  0.399803	  0.398506	    0.3961	  0.393153	    0.3895	  0.384984	  0.379899	  0.374272	  0.367951	  0.361032	  0.353672	  0.345966	     0.338	   0.32989	  0.321654	   0.31329	  0.304798	  0.296239	  0.287643	  0.279042	  0.270463	  0.261916	  0.253399	  0.244907	  0.236436	  0.227984	  0.219553	  0.211152	  0.202798	  0.194515	  0.186329	  0.178266	   0.17035	  0.162606	  0.155056	   0.14772	  0.140616	  0.133759	  0.127163	  0.120837
   572	     0	0.000236365	0.000361355	0.000761758	0.00180782	0.00442894	 0.0106293	 0.0236496	 0.0461921	 0.0770754	  0.112769	  0.150405	  0.188035	  0.223802	  0.256379	  0.284702	  0.308223	  0.326796	  0.340992	  0.351178	  0.358033	   0.36207	   0.36436	   0.36554	  0.366512	  0.367642	  0.368903	  0.370666	  0.372661	  0.374792	  0.376611	  0.377712	  0.378145	  0.377726	  0.376262	  0.374251	  0.371552	  0.367993	  0.363783	  0.358922	  0.353282	  0.346996	  0.340238	  0.333115	  0.325722	  0.318166	  0.310464	  0.302614	  0.294625	  0.286563	  0.278462	  0.270354	  0.262265	    0.2542	  0.246152	  0.238117	  0.230091	  0.222072	  0.214058	  0.206056	  0.198083	  0.190158	  0.182303	  0.174541	  0.166897	  0.159392	  0.152049	  0.144889	  0.137931	  0.131195	  0.124696	  0.118447
   573	     0	0.000372326	0.000556691	0.00109275	0.00236571	0.00526235	  0.011515	 0.0237513	 0.0443713	 0.0731227	  0.107544	  0.144916	  0.183022	  0.219773	  0.253646	  0.283436	  0.308489	  0.328579	    0.3442	  0.355705	  0.363761	  0.368857	   0.37204	  0.373958	  0.375495	   0.37702	   0.37851	   0.38034	   0.38225	  0.384131	  0.385537	  0.386111	  0.385918	  0.384778	  0.382511	  0.379654	  0.376063	  0.371644	  0.366686	  0.361209	  0.355056	  0.348328	   0.34118	  0.333705	  0.325987	  0.318121	  0.310121	  0.301984	  0.293713	   0.28537	  0.276987	  0.268597	  0.260225	   0.25188	  0.243558	  0.235257	  0.226974	   0.21871	  0.210467	  0.202255	  0.194089	  0.185991	  0.177986	  0.170098	   0.16235	  0.154767	  0.147369	  0.140179	  0.133213	  0.126489	   0.12002	  0.113818
   574	     0	0.00026867	0.000435445	0.00106738	0.00302099	0.00862461	 0.0223829	 0.0477058	 0.0816057	  0.118638	  0.156405	  0.193829	  0.229861	  0.263179	   0.29288	  0.318227	  0.338875	  0.354767	    0.3665	  0.374405	  0.379126	  0.381151	  0.381528	  0.380853	  0.380083	  0.379596	   0.37939	  0.379856	  0.380697	  0.381771	  0.382559	  0.382616	  0.381992	  0.380487	  0.377907	  0.374793	  0.370986	  0.366409	  0.361372	  0.355887	  0.349781	  0.343146	  0.336124	  0.328801	  0.321253	  0.313567	  0.305754	  0.297812	  0.289742	  0.281606	  0.273431	   0.26525	  0.257089	  0.248958	  0.240856	  0.232778	  0.224723	  0.216691	  0.208682	  0.200709	  0.192789	  0.184945	  0.177202	  0.169583	  0.162112	  0.154812	  0.147704	  0.140805	  0.134133	  0.127702	  0.121522	  0.115604
   575	     0	0.000314585	0.000485849	0.00106241	0.00263887	0.00671428	 0.0163078	 0.0351349	 0.0639504	 0.0989811	  0.136554	  0.174566	  0.211524	  0.245859	  0.276492	  0.302582	  0.323748	  0.339959	  0.351877	  0.359893	  0.364702	  0.366837	  0.367384	   0.36694	  0.366484	  0.366381	  0.366611	  0.367551	  0.368894	  0.370475	  0.371792	  0.372416	  0.372399	  0.371534	  0.369601	  0.367117	  0.363935	  0.359944	  0.355405	  0.350324	  0.344544	   0.33818	  0.331392	  0.324274	  0.316913	  0.309401	  0.301753	  0.293967	  0.286049	  0.278064	  0.270041	  0.262014	  0.254007	  0.246026	  0.238068	  0.230128	  0.222205	  0.214297	  0.206404	  0.198537	  0.190711	  0.182946	  0.175267	  0.167696	  0.160256	   0.15297	  0.145858	  0.138941	  0.132237	  0.125761	  0.119528	  0.113549
   576	     0	0.000410778	0.000633973	0.00130961	0.00298572	0.00694415	 0.0156486	 0.0324093	 0.0591325	 0.0938354	  0.132996	  0.173778	  0.214062	  0.251803	  0.285653	  0.314588	  0.338158	  0.356333	   0.36985	  0.379141	  0.384976	   0.38794	  0.389145	  0.389196	  0.389106	  0.389274	  0.389693	  0.390757	  0.392134	  0.393722	  0.395013	  0.395555	  0.395419	  0.394404	  0.392289	  0.389611	    0.3862	  0.381902	  0.376997	  0.371509	  0.365296	  0.358493	  0.351274	  0.343739	  0.335979	  0.328096	  0.320095	   0.31197	  0.303726	   0.29543	  0.287115	  0.278814	  0.270548	  0.262318	  0.254116	  0.245932	  0.237764	  0.229605	  0.221453	  0.213312	  0.205195	  0.197119	  0.189105	  0.181175	   0.17335	  0.165653	  0.158107	  0.150733	  0.143553	  0.136585	  0.129849	  0.123359
   577	     0	0.000305865	0.00047631	0.00097686	0.00219206	0.00503153	 0.0113518	 0.0241419	 0.0463641	 0.0779686	  0.116019	  0.157165	  0.198736	  0.238277	  0.274154	  0.305125	   0.33061	  0.350519	  0.365592	  0.376274	  0.383356	  0.387443	  0.389659	  0.390619	  0.391308	  0.392132	  0.393085	  0.394559	  0.396225	  0.398016	   0.39946	  0.400156	    0.4002	  0.399378	  0.397431	  0.394892	   0.39159	  0.387372	  0.382509	  0.377027	  0.370807	  0.364004	  0.356792	  0.349276	  0.341545	  0.333689	  0.325707	  0.317596	  0.309367	  0.301093	  0.292813	  0.284559	  0.276349	  0.268179	  0.260037	  0.251916	  0.243807	  0.235702	  0.227595	  0.219491	  0.211398	  0.203333	  0.195311	  0.187351	  0.179474	  0.171698	  0.164047	  0.156541	  0.149202	  0.142051	   0.13511	  0.128398
   578	     0	0.000391279	0.000579856	0.00109881	0.00226816	0.00480134	 0.0100567	 0.0201534	 0.0374127	 0.0624896	 0.0939508	  0.129412	  0.166551	  0.203047	  0.237201	  0.267623	  0.293515	  0.314546	  0.331177	  0.343717	  0.352813	  0.358936	  0.363124	  0.365992	  0.368451	  0.370881	  0.373293	  0.376106	  0.378994	  0.381838	  0.384215	  0.385744	  0.386541	  0.386405	   0.38511	  0.383207	  0.380539	  0.376931	  0.372619	  0.367623	  0.361817	  0.355346	  0.348394	  0.341075	  0.333489	  0.325747	  0.317865	  0.309841	  0.301684	  0.293463	  0.285211	  0.276962	  0.268739	  0.260543	  0.252368	  0.244206	  0.236052	    0.2279	  0.219748	  0.211604	  0.203483	  0.195406	  0.187395	  0.179475	  0.171667	  0.163998	  0.156488	   0.14916	  0.142034	  0.135129	  0.128464	  0.122052
   579	     0	0.000264703	0.000400554	0.000799809	0.00176189	0.00399664	0.00897451	 0.0191883	 0.0374746	 0.0644781	 0.0980729	  0.135309	  0.173729	  0.211066	  0.245678	  0.276247	  0.302047	  0.322816	  0.339059	  0.351133	  0.359717	  0.365314	  0.368986	  0.371399	  0.373444	  0.375502	  0.377575	  0.380066	  0.382678	  0.385319	  0.387554	  0.388976	  0.389665	  0.389437	    0.3881	  0.386188	  0.383545	  0.379982	  0.375722	  0.370777	  0.365031	  0.358621	  0.351725	  0.344453	    0.3369	  0.329183	  0.321317	  0.313302	  0.305144	  0.296911	  0.288638	  0.280358	  0.272095	  0.263854	  0.255629	  0.247412	  0.239199	  0.230984	  0.222764	  0.214548	  0.206351	  0.198195	  0.190103	    0.1821	   0.17421	  0.166456	  0.158863	  0.151451	  0.144242	  0.137255	  0.130506	  0.124011
   580	     0	0.000318071	0.000489359	0.00103731	0.00246644	0.00601364	 0.0141808	 0.0304235	 0.0565313	 0.0900652	  0.127416	  0.166076	  0.204264	  0.240182	   0.27259	   0.30051	  0.323469	   0.34138	  0.354873	  0.364331	  0.370452	  0.373768	  0.375358	  0.375829	  0.376136	  0.376655	  0.377374	  0.378674	  0.380261	  0.382033	  0.383512	  0.384261	  0.384342	  0.383564	  0.381724	   0.37934	  0.376257	  0.372312	   0.36775	   0.36258	  0.356661	  0.350128	  0.343152	  0.335837	  0.328275	  0.320572	  0.312738	  0.304772	  0.296678	  0.288524	  0.280342	  0.272165	  0.264015	  0.255896	  0.247802	  0.239726	  0.231666	  0.223616	  0.215575	   0.20755	  0.199554	  0.191608	   0.18373	  0.175945	  0.168275	  0.160743	   0.15337	  0.146178	  0.139186	  0.132414	  0.125877	   0.11959
   581	     0	0.000353924	0.000539916	 0.0011187	0.00258653	0.00613074	 0.0141009	 0.0297496	 0.0549653	 0.0877291	   0.12458	  0.162909	  0.200848	  0.236568	  0.268802	  0.296551	  0.319334	  0.337059	  0.350369	   0.35965	  0.365613	  0.368793	  0.370277	  0.370673	  0.370939	  0.371447	   0.37218	  0.373519	  0.375159	  0.376984	   0.37851	   0.37931	  0.379454	  0.378744	  0.376966	  0.374635	  0.371601	  0.367709	  0.363206	  0.358105	  0.352266	  0.345823	  0.338946	  0.331735	   0.32428	  0.316681	  0.308948	  0.301078	  0.293079	  0.285018	  0.276926	  0.268838	  0.260775	  0.252741	  0.244729	  0.236733	   0.22875	  0.220776	   0.21281	  0.204859	  0.196935	  0.189058	  0.181247	  0.173526	  0.165916	   0.15844	   0.15112	  0.143977	   0.13703	  0.130299	    0.1238	  0.117548
   582	     0	0.000345079	0.000530547	0.00111932	0.00264367	0.00639986	 0.0149907	 0.0320027	 0.0593582	 0.0946323	  0.134043	  0.174796	  0.214846	  0.252221	  0.285642	  0.314165	  0.337393	  0.355317	  0.368642	  0.377803	  0.383543	  0.386428	  0.387561	   0.38757	  0.387432	  0.387539	  0.387874	  0.388816	  0.390067	  0.391498	  0.392601	   0.39296	  0.392628	  0.391395	  0.389038	  0.386092	  0.382401	  0.377878	  0.372813	  0.367218	  0.360935	  0.354081	  0.346819	  0.339249	   0.33146	  0.323541	  0.315503	  0.307341	  0.299057	  0.290718	  0.282352	  0.273995	  0.265668	  0.257377	  0.249115	  0.240876	  0.232658	  0.224457	  0.216273	  0.208114	  0.199994	  0.191932	  0.183952	  0.176076	  0.168327	  0.160729	  0.153303	   0.14607	  0.139049	  0.132259	  0.125715	   0.11943
   583	     0	0.000169538	0.00026567	0.000573584	0.00138613	0.00345778	 0.0085101	 0.0196775	 0.0403917	 0.0706061	  0.106818	  0.145614	  0.184734	  0.222153	  0.256446	  0.286454	  0.311568	  0.331603	  0.347137	  0.358534	  0.366483	  0.371499	  0.374648	  0.376565	   0.37817	  0.379854	  0.381623	  0.383896	  0.386344	  0.388879	  0.391045	  0.392421	  0.393102	  0.392889	  0.391561	  0.389659	  0.387018	  0.383442	  0.379155	  0.374174	  0.368387	  0.361948	  0.355042	  0.347778	  0.340253	  0.332581	   0.32477	  0.316818	  0.308733	  0.300587	  0.292413	  0.284247	  0.276109	  0.268001	  0.259913	  0.251836	  0.243764	  0.235688	  0.227603	  0.219516	  0.211441	  0.203397	  0.195404	  0.187484	  0.179661	  0.171956	  0.164393	  0.156993	  0.149776	  0.142765	  0.135976	  0.129427
   584	     0	0.000467091	0.000722948	0.00158454	0.00391995	0.00975839	 0.0224358	 0.0442828	 0.0737443	  0.107189	  0.142472	  0.178342	  0.213621	  0.246883	  0.277111	  0.303445	  0.325413	  0.342844	  0.356183	  0.365712	  0.372019	  0.375545	  0.377294	   0.37792	  0.378273	  0.378728	  0.379263	  0.380256	  0.381462	  0.382771	  0.383702	  0.383834	    0.3832	  0.381621	  0.378953	  0.375744	  0.371849	  0.367181	  0.362033	  0.356421	  0.350186	  0.343402	  0.336204	  0.328677	  0.320901	  0.312973	  0.304911	  0.296715	  0.288384	  0.279975	  0.271515	  0.263037	  0.254569	  0.246128	  0.237717	  0.229336	  0.220989	  0.212681	  0.204418	  0.196212	  0.188081	  0.180049	  0.172141	  0.164382	  0.156795	  0.149403	  0.142225	  0.135279	  0.128581	  0.122142	  0.115971	  0.110076
   585	     0	0.000154721	0.000242889	0.000536027	0.00133787	0.00345684	0.00880034	 0.0209037	 0.0434836	 0.0759905	  0.114202	   0.15446	  0.194472	  0.232216	  0.266308	  0.295687	  0.319859	  0.338758	  0.353099	   0.36329	  0.370075	  0.374004	  0.376172	  0.377129	  0.377899	  0.378871	  0.380046	  0.381834	   0.38389	  0.386101	  0.387998	  0.389148	  0.389652	  0.389292	  0.387819	  0.385776	     0.383	  0.379293	  0.374899	  0.369831	  0.363957	  0.357434	  0.350453	  0.343129	  0.335563	  0.327865	  0.320044	  0.312099	  0.304038	  0.295933	  0.287817	  0.279723	  0.271671	  0.263659	  0.255677	  0.247717	  0.239772	  0.231834	  0.223897	  0.215968	  0.208057	  0.200181	  0.192361	  0.184615	  0.176966	  0.169435	  0.162043	  0.154813	  0.147764	  0.140916	  0.134288	  0.127897
   586	     0	0.000218295	0.000345883	0.000781191	0.00200199	0.00527915	 0.0134672	 0.0309735	 0.0602323	 0.0977394	  0.138534	  0.179667	  0.219369	  0.255953	  0.288295	  0.315549	  0.337384	  0.353851	  0.365738	  0.373505	  0.377927	  0.379606	   0.37968	   0.37876	  0.377873	  0.377404	  0.377345	   0.37808	  0.379284	  0.380832	  0.382197	  0.382909	  0.383013	  0.382305	  0.380565	  0.378305	  0.375362	  0.371568	  0.367166	  0.362164	  0.356429	  0.350096	   0.34333	  0.336227	  0.328875	  0.321375	  0.313737	  0.305958	  0.298046	   0.29007	  0.282061	  0.274054	  0.266071	  0.258114	  0.250176	  0.242249	  0.234329	  0.226409	  0.218485	  0.210565	  0.202662	  0.194796	  0.186987	  0.179258	   0.17163	  0.164127	  0.156769	  0.149577	  0.142573	  0.135775	    0.1292	  0.122864
   587	     0	0.000322469	0.000495194	0.00100721	0.00225453	0.00517189	 0.0116483	 0.0246435	 0.0468852	 0.0779737	  0.114889	   0.15447	  0.194283	  0.232082	  0.266348	  0.295908	  0.320201	  0.339131	  0.353409	  0.363458	  0.370039	  0.373736	  0.375668	  0.376438	  0.377032	  0.377839	  0.378848	  0.380444	  0.382311	  0.384361	  0.386128	  0.387189	  0.387626	   0.38723	  0.385759	  0.383725	  0.380966	  0.377293	  0.372932	  0.367896	  0.362072	  0.355617	  0.348711	  0.341462	  0.333966	  0.326323	  0.318541	   0.31062	   0.30257	  0.294465	  0.286341	  0.278231	  0.270154	  0.262109	  0.254086	  0.246077	  0.238076	  0.230076	  0.222071	  0.214067	  0.206076	  0.198113	  0.190198	  0.182349	  0.174588	  0.166936	  0.159414	  0.152045	  0.144849	  0.137848	  0.131061	  0.124506
   588	     0	0.000467091	0.000722948	0.00158454	0.00391995	0.00975839	 0.0224358	 0.0442828	 0.0737443	  0.107189	  0.142472	  0.178342	  0.213621	  0.246883	  0.277111	  0.303445	  0.325413	  0.342844	  0.356183	  0.365712	  0.372019	  0.375545	  0.377294	   0.37792	  0.378273	  0.378728	  0.379263	  0.380256	  0.381462	  0.382771	  0.383702	  0.383834	    0.3832	  0.381621	  0.378953	  0.375744	  0.371849	  0.367181	  0.362033	  0.356421	  0.350186	  0.343402	  0.336204	  0.328677	  0.320901	  0.312973	  0.304911	  0.296715	  0.288384	  0.279975	  0.271515	  0.263037	  0.254569	  0.246128	  0.237717	  0.229336	  0.220989	  0.212681	  0.204418	  0.196212	  0.188081	  0.180049	  0.172141	  0.164382	  0.156795	  0.149403	  0.142225	  0.135279	  0.128581	  0.122142	  0.115971	  0.110076
   589	     0	0.000169538	0.00026567	0.000573584	0.00138613	0.00345778	 0.0085101	 0.0196775	 0.0403917	 0.0706061	  0.106818	  0.145614	  0.184734	  0.222153	  0.256446	  0.286454	  0.311568	  0.331603	  0.347137	  0.358534	  0.366483	  0.371499	  0.374648	  0.376565	   0.37817	  0.379854	  0.381623	  0.383896	  0.386344	  0.388879	  0.391045	  0.392421	  0.393102	  0.392889	  0.391561	  0.389659	  0.387018	  0.383442	  0.379155	  0.374174	  0.368387	  0.361948	  0.355042	  0.347778	  0.340253	  0.332581	   0.32477	  0.316818	  0.308733	  0.300587	  0.292413	  0.284247	  0.276109	  0.268001	  0.259913	  0.251836	  0.243764	  0.235688	  0.227603	  0.219516	  0.211441	  0.203397	  0.195404	  0.187484	  0.179661	  0.171956	  0.164393	  0.156993	  0.149776	  0.142765	  0.135976	  0.129427
   590	     0	0.000169538	0.00026567	0.000573584	0.00138613	0.00345778	 0.0085101	 0.0196775	 0.0403917	 0.0706061	  0.106818	  0.145614	  0.184734	  0.222153	  0.256446	  0.286454	  0.311568	  0.331603	  0.347137	  0.358534	  0.366483	  0.371499	  0.374648	  0.376565	   0.37817	  0.379854	  0.381623	  0.383896	  0.386344	  0.388879	  0.391045	  0.392421	  0.393102	  0.392889	  0.391561	  0.389659	  0.387018	  0.383442	  0.379155	  0.374174	  0.368387	  0.361948	  0.355042	  0.347778	  0.340253	  0.332581	   0.32477	  0.316818	  0.308733	  0.300587	  0.292413	  0.284247	  0.276109	  0.268001	  0.259913	  0.251836	  0.243764	  0.235688	  0.227603	  0.219516	  0.211441	  0.203397	  0.195404	  0.187484	  0.179661	  0.171956	  0.164393	  0.156993	  0.149776	  0.142765	  0.135976	  0.129427
   591	     0	 0.0001306	0.000204431	0.000461091	0.00119318	0.00320817	0.00846882	 0.0205875	 0.0428815	 0.0738398	  0.109165	  0.145979	  0.182677	  0.217722	  0.249902	  0.278205	  0.302061	  0.321256	  0.336257	  0.347368	  0.355199	  0.360194	  0.363367	  0.365324	  0.366957	  0.368625	  0.370319	   0.37243	  0.374686	  0.376985	  0.378892	  0.379998	  0.380364	  0.379813	  0.378191	  0.376037	  0.373204	   0.36951	  0.365195	   0.36027	   0.35459	  0.348265	  0.341461	   0.33428	  0.326813	  0.319179	    0.3114	  0.303476	  0.295412	  0.287271	  0.279083	  0.270881	  0.262691	  0.254524	  0.246379	  0.238251	  0.230137	  0.222035	  0.213947	  0.205882	  0.197858	  0.189899	   0.18203	  0.174278	  0.166666	  0.159218	  0.151956	    0.1449	  0.138067	  0.131472	  0.125128	  0.119045
   592	     0	0.000401982	0.000615729	0.00127661	0.00294197	0.00691783	 0.0156678	 0.0322649	 0.0580142	 0.0906691	   0.12723	  0.165519	  0.203823	  0.240334	  0.273753	  0.303025	  0.327585	  0.347238	  0.362476	  0.373623	  0.381323	  0.386049	  0.388825	  0.390296	  0.391364	  0.392429	  0.393506	  0.395011	  0.396661	  0.398375	  0.399681	  0.400136	  0.399803	  0.398506	    0.3961	  0.393153	    0.3895	  0.384984	  0.379899	  0.374272	  0.367951	  0.361032	  0.353672	  0.345966	     0.338	   0.32989	  0.321654	   0.31329	  0.304798	  0.296239	  0.287643	  0.279042	  0.270463	  0.261916	  0.253399	  0.244907	  0.236436	  0.227984	  0.219553	  0.211152	  0.202798	  0.194515	  0.186329	  0.178266	   0.17035	  0.162606	  0.155056	   0.14772	  0.140616	  0.133759	  0.127163	  0.120837
   593	     0	0.000459669	0.000687841	0.00138574	0.00310847	0.00712022	 0.0157042	 0.0315493	 0.0556963	 0.0861887	  0.120507	  0.156747	  0.193306	  0.228428	  0.260832	  0.289451	  0.313682	  0.333278	  0.348637	  0.360046	  0.368096	   0.37323	  0.376447	  0.378424	  0.379994	  0.381542	  0.383061	  0.384946	  0.386956	  0.389017	  0.390685	  0.391517	  0.391555	   0.39063	   0.38862	  0.386077	  0.382849	  0.378755	  0.374032	  0.368694	  0.362607	  0.355869	   0.34864	  0.341025	  0.333119	  0.325048	  0.316838	  0.308489	  0.300002	  0.291439	  0.282825	  0.274196	  0.265578	  0.256986	  0.248423	  0.239886	  0.231375	  0.222893	  0.214445	  0.206039	  0.197693	  0.189431	  0.181278	   0.17326	  0.165403	  0.157728	   0.15026	  0.143016	  0.136014	  0.129268	   0.12279	   0.11659
   594	     0	0.000152441	0.000239967	0.000520781	0.00126606	0.00318281	0.00792522	 0.0186629	 0.0392377	  0.070126	  0.107541	  0.147372	  0.187021	  0.224465	  0.258306	  0.287463	  0.311412	  0.330067	  0.344129	  0.354032	   0.36053	  0.364191	  0.366128	  0.366942	  0.367623	  0.368538	  0.369674	  0.371423	  0.373445	  0.375613	   0.37745	  0.378553	  0.379014	  0.378623	  0.377138	  0.375085	  0.372309	  0.368647	  0.364355	  0.359455	  0.353822	  0.347596	  0.340945	  0.333965	   0.32674	  0.319366	  0.311847	  0.304184	  0.296384	   0.28852	  0.280625	  0.272735	  0.264868	  0.257025	  0.249196	  0.241377	  0.233561	  0.225741	  0.217915	  0.210087	  0.202272	  0.194486	  0.186748	   0.17908	  0.171501	  0.164034	    0.1567	   0.14952	  0.142516	  0.135706	   0.12911	  0.122743
   595	     0	0.000401982	0.000615729	0.00127661	0.00294197	0.00691783	 0.0156678	 0.0322649	 0.0580142	 0.0906691	   0.12723	  0.165519	  0.203823	  0.240334	  0.273753	  0.303025	  0.327585	  0.347238	  0.362476	  0.373623	  0.381323	  0.386049	  0.388825	  0.390296	  0.391364	  0.392429	  0.393506	  0.395011	  0.396661	  0.398375	  0.399681	  0.400136	  0.399803	  0.398506	    0.3961	  0.393153	    0.3895	  0.384984	  0.379899	  0.374272	  0.367951	  0.361032	  0.353672	  0.345966	     0.338	   0.32989	  0.321654	   0.31329	  0.304798	  0.296239	  0.287643	  0.279042	  0.270463	  0.261916	  0.253399	  0.244907	  0.236436	  0.227984	  0.219553	  0.211152	  0.202798	  0.194515	  0.186329	  0.178266	   0.17035	  0.162606	  0.155056	   0.14772	  0.140616	  0.133759	  0.127163	  0.120837
   596	     0	0.000326799	0.000523048	 0.0011926	0.00306428	 0.0079929	 0.0196477	 0.0420784	 0.0751685	   0.11411	   0.15506	  0.195951	  0.235254	  0.271299	  0.303058	  0.329737	  0.351044	  0.367041	  0.378538	  0.385963	  0.390081	  0.391484	  0.391291	  0.390077	  0.388892	  0.388137	  0.387803	  0.388288	  0.389225	  0.390474	  0.391489	  0.391805	  0.391499	  0.390347	  0.388083	  0.385246	  0.381662	  0.377221	  0.372226	  0.366694	  0.360476	  0.353709	  0.346562	  0.339131	  0.331503	   0.32376	  0.315906	  0.307934	  0.299848	  0.291717	  0.283575	  0.275452	  0.267369	  0.259325	  0.251311	  0.243318	  0.235342	  0.227377	  0.219418	  0.211471	  0.203549	  0.195668	  0.187847	  0.180108	  0.172471	  0.164958	  0.157591	  0.150391	  0.143379	  0.136574	  0.129994	  0.123654
   597	     0	0.000440612	0.000696296	 0.0015103	0.00363316	0.00884869	 0.0204596	 0.0420938	 0.0742452	  0.113214	  0.155351	   0.19824	  0.239983	  0.278625	  0.312971	  0.342129	  0.365754	  0.383874	   0.39723	   0.40627	  0.411761	  0.414298	  0.414986	  0.414488	  0.413776	  0.413278	  0.412992	  0.413316	  0.413943	  0.414813	  0.415396	  0.415212	  0.414311	  0.412502	  0.409595	  0.406138	  0.401952	  0.396913	  0.391342	  0.385266	  0.378534	  0.371262	  0.363614	  0.355683	  0.347551	  0.339317	  0.330984	  0.322539	  0.313982	  0.305381	  0.296767	  0.288172	  0.279618	  0.271109	  0.262634	  0.254184	  0.245754	  0.237338	  0.228933	  0.220543	   0.21218	  0.203863	  0.195613	  0.187451	  0.179401	  0.171486	  0.163728	   0.15615	  0.148772	  0.141614	  0.134695	  0.128029
   598	     0	0.000149712	0.000237722	0.000540563	0.00139939	0.00374973	0.00984665	 0.0237898	 0.0492536	 0.0843757	  0.124077	   0.16486	  0.204759	   0.24201	  0.275378	   0.30391	  0.327176	  0.345148	  0.358531	   0.36776	  0.373583	  0.376576	  0.377855	  0.378055	  0.378139	  0.378488	  0.379081	  0.380288	  0.381828	  0.383621	   0.38518	  0.386058	  0.386294	  0.385703	  0.384096	   0.38197	  0.379171	  0.375506	  0.371195	  0.366243	  0.360527	  0.354184	  0.347386	  0.340236	  0.332824	   0.32526	  0.317555	  0.309707	  0.301722	   0.29367	  0.285584	  0.277497	  0.269433	  0.261395	  0.253375	  0.245366	  0.237363	  0.229361	  0.221356	  0.213354	  0.205369	  0.197419	  0.189525	   0.18171	  0.173995	  0.166403	  0.158956	  0.151677	  0.144584	  0.137698	  0.131036	  0.124615
   599	     0	0.000375287	0.000567861	0.00114664	0.00256555	0.00588663	 0.0131888	 0.0274652	 0.0509012	 0.0822715	  0.118418	  0.156556	  0.194614	  0.230633	  0.263251	  0.291398	  0.314549	  0.332596	  0.346183	  0.355704	  0.361876	  0.365243	  0.366899	  0.367459	  0.367886	  0.368554	  0.369457	  0.370985	  0.372826	  0.374858	  0.376603	  0.377634	   0.37802	  0.377563	  0.376043	  0.373972	  0.371198	  0.367552	  0.363265	  0.358347	   0.35267	  0.346369	  0.339616	  0.332513	   0.32515	  0.317629	  0.309963	  0.302153	  0.294206	  0.286192	  0.278143	  0.270093	  0.262065	  0.254062	  0.246076	  0.238102	  0.230134	  0.222168	    0.2142	  0.206239	    0.1983	  0.190402	  0.182566	  0.174815	  0.167172	   0.15966	    0.1523	  0.145114	  0.138121	  0.131342	  0.124793	  0.118489
   600	     0	0.000375287	0.000567861	0.00114664	0.00256555	0.00588663	 0.0131888	 0.0274652	 0.0509012	 0.0822715	  0.118418	  0.156556	  0.194614	  0.230633	  0.263251	  0.291398	  0.314549	  0.332596	  0.346183	  0.355704	  0.361876	  0.365243	  0.366899	  0.367459	  0.367886	  0.368554	  0.369457	  0.370985	  0.372826	  0.374858	  0.376603	  0.377634	   0.37802	  0.377563	  0.376043	  0.373972	  0.371198	  0.367552	  0.363265	  0.358347	   0.35267	  0.346369	  0.339616	  0.332513	   0.32515	  0.317629	  0.309963	  0.302153	  0.294206	  0.286192	  0.278143	  0.270093	  0.262065	  0.254062	  0.246076	  0.238102	  0.230134	  0.222168	    0.2142	  0.206239	    0.1983	  0.190402	  0.182566	  0.174815	  0.167172	   0.15966	    0.1523	  0.145114	  0.138121	  0.131342	  0.124793	  0.118489
   601	     0	0.000280049	0.000429839	0.000901302	0.00211504	0.00510713	 0.0120465	 0.0262781	 0.0503408	 0.0827438	  0.119812	  0.158603	  0.197115	  0.233482	  0.266386	  0.294796	  0.318205	  0.336507	  0.350332	  0.360075	  0.366446	  0.369983	  0.371772	  0.372438	  0.372935	  0.373635	  0.374534	  0.376019	   0.37779	  0.379743	  0.381399	   0.38232	  0.382568	  0.381954	  0.380285	   0.37808	  0.375183	   0.37142	  0.367029	  0.362022	  0.356265	  0.349888	  0.343058	  0.335877	  0.328433	  0.320835	  0.313095	  0.305213	  0.297194	  0.289106	  0.280981	  0.272853	  0.264745	  0.256662	  0.248597	  0.240544	  0.232499	  0.224458	  0.216417	  0.208386	  0.200378	  0.192415	  0.184518	  0.176711	  0.169018	  0.161461	  0.154062	  0.146843	  0.139824	  0.133023	  0.126456	  0.120137
   602	     0	0.00015133	0.000240145	0.000545999	 0.0014141	0.00378919	0.00992798	  0.023827	 0.0488257	 0.0829128	  0.121441	   0.16134	  0.200789	  0.238035	  0.271799	  0.301071	  0.325351	  0.344527	  0.359198	  0.369747	  0.376871	  0.381083	  0.383448	  0.384592	  0.385455	  0.386423	   0.38749	  0.389057	  0.390822	  0.392684	  0.394167	  0.394842	  0.394781	  0.393795	  0.391697	   0.38904	  0.385664	  0.381423	  0.376593	  0.371193	  0.365074	  0.358356	  0.351206	  0.343725	     0.336	  0.328141	  0.320159	   0.31205	  0.303815	  0.295519	  0.287193	   0.27887	  0.270575	  0.262312	  0.254077	  0.245861	  0.237663	  0.229477	  0.221303	  0.213148	  0.205026	   0.19696	   0.18897	  0.181081	  0.173317	  0.165701	  0.158255	  0.150999	  0.143953	  0.137135	  0.130561	  0.124242
   603	     0	0.000304994	0.000478551	0.00103025	0.00247249	0.00607334	 0.0144539	 0.0313992	 0.0591095	 0.0950044	  0.134811	  0.175518	  0.215144	   0.25184	  0.284383	  0.311849	  0.333863	   0.35046	  0.362457	  0.370313	   0.37482	  0.376586	  0.376753	    0.3759	   0.37508	  0.374678	  0.374681	  0.375476	  0.376707	  0.378217	  0.379477	  0.380059	  0.380041	  0.379195	   0.37725	  0.374727	  0.371461	  0.367343	  0.362664	  0.357442	  0.351536	  0.345081	  0.338237	  0.331098	  0.323746	  0.316259	   0.30864	  0.300887	  0.293008	  0.285072	  0.277114	  0.269166	  0.261247	  0.253358	  0.245489	  0.237634	  0.229788	  0.221947	  0.214105	  0.206271	  0.198457	   0.19068	  0.182958	  0.175314	  0.167766	  0.160338	  0.153051	  0.145925	   0.13898	  0.132238	  0.125714	  0.119427
   604	     0	0.000423866	0.000659556	0.00142939	0.00347459	0.00857681	 0.0200345	 0.0413124	 0.0724438	  0.109479	  0.148965	  0.188817	  0.227437	  0.263143	  0.294847	  0.321716	  0.343401	  0.359906	  0.371944	  0.379926	  0.384581	  0.386473	  0.386701	  0.385878	  0.384996	  0.384444	  0.384214	  0.384693	   0.38557	  0.386724	  0.387628	   0.38783	  0.387383	  0.386086	  0.383719	  0.380804	  0.377182	  0.372744	  0.367778	  0.362297	  0.356143	  0.349437	  0.342337	  0.334934	  0.327312	  0.319559	  0.311684	  0.303682	  0.295556	  0.287374	  0.279165	  0.270964	  0.262792	  0.254653	  0.246542	  0.238451	  0.230376	  0.222314	  0.214263	  0.206231	  0.198232	  0.190285	  0.182412	  0.174636	  0.166979	  0.159463	  0.152112	  0.144945	  0.137981	  0.131239	  0.124736	  0.118483
   605	     0	0.000225668	0.000345905	0.000723718	0.00169603	0.00410259	0.00976027	 0.0217105	 0.0428205	 0.0724624	  0.107279	  0.144243	  0.181326	  0.216694	  0.249016	  0.277213	  0.300708	  0.319328	  0.333643	  0.344004	  0.351081	  0.355368	  0.357924	  0.359341	  0.360555	  0.361923	  0.363432	  0.365473	  0.367723	  0.370036	   0.37196	  0.373111	  0.373586	  0.373181	  0.371662	  0.369559	  0.366723	  0.363019	  0.358698	  0.353776	  0.348113	  0.341843	  0.335135	   0.32809	  0.320795	  0.313348	   0.30576	   0.29803	  0.290165	  0.282233	  0.274267	  0.266301	  0.258355	  0.250434	  0.242532	  0.234641	  0.226761	  0.218885	  0.211014	  0.203155	  0.195323	  0.187537	   0.17982	  0.172193	  0.164679	    0.1573	   0.15008	  0.143037	  0.136192	  0.129564	  0.123167	  0.117017
   606	     0	0.000440612	0.000696296	 0.0015103	0.00363316	0.00884869	 0.0204596	 0.0420938	 0.0742452	  0.113214	  0.155351	   0.19824	  0.239983	  0.278625	  0.312971	  0.342129	  0.365754	  0.383874	   0.39723	   0.40627	  0.411761	  0.414298	  0.414986	  0.414488	  0.413776	  0.413278	  0.412992	  0.413316	  0.413943	  0.414813	  0.415396	  0.415212	  0.414311	  0.412502	  0.409595	  0.406138	  0.401952	  0.396913	  0.391342	  0.385266	  0.378534	  0.371262	  0.363614	  0.355683	  0.347551	  0.339317	  0.330984	  0.322539	  0.313982	  0.305381	  0.296767	  0.288172	  0.279618	  0.271109	  0.262634	  0.254184	  0.245754	  0.237338	  0.228933	  0.220543	   0.21218	  0.203863	  0.195613	  0.187451	  0.179401	  0.171486	  0.163728	   0.15615	  0.148772	  0.141614	  0.134695	  0.128029
   607	     0	0.000242948	0.000377155	0.000787287	0.00182069	0.00433215	 0.0101683	 0.0225251	  0.044818	 0.0771012	  0.115804	  0.156978	   0.19783	  0.236077	  0.270231	  0.299206	  0.322549	  0.340279	  0.353247	  0.361948	  0.367214	   0.36969	  0.370546	  0.370362	  0.370201	  0.370438	  0.371055	  0.372428	   0.37421	  0.376291	  0.378177	  0.379422	  0.380104	  0.379993	  0.378829	  0.377119	  0.374703	  0.371357	   0.36729	  0.362522	  0.356952	  0.350746	  0.344086	  0.337082	  0.329827	  0.322422	  0.314871	  0.307178	  0.299354	  0.291477	  0.283582	  0.275703	  0.267857	   0.26004	  0.252241	  0.244455	  0.236678	  0.228901	  0.221119	  0.213335	  0.205558	  0.197801	  0.190078	  0.182407	  0.174805	  0.167293	   0.15989	  0.152616	  0.145495	  0.138546	   0.13179	  0.125248
   608	     0	0.000169538	0.00026567	0.000573584	0.00138613	0.00345778	 0.0085101	 0.0196775	 0.0403917	 0.0706061	  0.106818	  0.145614	  0.184734	  0.222153	  0.256446	  0.286454	  0.311568	  0.331603	  0.347137	  0.358534	  0.366483	  0.371499	  0.374648	  0.376565	   0.37817	  0.379854	  0.381623	  0.383896	  0.386344	  0.388879	  0.391045	  0.392421	  0.393102	  0.392889	  0.391561	  0.389659	  0.387018	  0.383442	  0.379155	  0.374174	  0.368387	  0.361948	  0.355042	  0.347778	  0.340253	  0.332581	   0.32477	  0.316818	  0.308733	  0.300587	  0.292413	  0.284247	  0.276109	  0.268001	  0.259913	  0.251836	  0.243764	  0.235688	  0.227603	  0.219516	  0.211441	  0.203397	  0.195404	  0.187484	  0.179661	  0.171956	  0.164393	  0.156993	  0.149776	  0.142765	  0.135976	  0.129427
   609	     0	0.00015133	0.000240145	0.000545999	 0.0014141	0.00378919	0.00992798	  0.023827	 0.0488257	 0.0829128	  0.121441	   0.16134	  0.200789	  0.238035	  0.271799	  0.301071	  0.325351	  0.344527	  0.359198	  0.369747	  0.376871	  0.381083	  0.383448	  0.384592	  0.385455	  0.386423	   0.38749	  0.389057	  0.390822	  0.392684	  0.394167	  0.394842	  0.394781	  0.393795	  0.391697	   0.38904	  0.385664	  0.381423	  0.376593	  0.371193	  0.365074	  0.358356	  0.351206	  0.343725	     0.336	  0.328141	  0.320159	   0.31205	  0.303815	  0.295519	  0.287193	   0.27887	  0.270575	  0.262312	  0.254077	  0.245861	  0.237663	  0.229477	  0.221303	  0.213148	  0.205026	   0.19696	   0.18897	  0.181081	  0.173317	  0.165701	  0.158255	  0.150999	  0.143953	  0.137135	  0.130561	  0.124242
   610	     0	0.000427199	0.000652909	0.00131034	 0.0028808	0.00646262	 0.0141392	 0.0288238	 0.0526493	   0.08455	  0.121567	  0.160912	   0.20038	  0.237831	  0.271807	  0.301168	  0.325358	  0.344264	  0.358543	  0.368608	  0.375202	  0.378883	  0.380753	  0.381469	  0.381984	  0.382695	  0.383611	  0.385145	  0.386951	  0.388898	  0.390483	  0.391288	  0.391406	  0.390625	  0.388703	  0.386182	  0.382899	  0.378733	  0.373966	  0.368617	  0.362561	  0.355929	  0.348888	  0.341532	  0.333947	  0.326223	  0.318364	  0.310367	  0.302239	  0.294047	  0.285827	  0.277612	  0.269423	  0.261262	   0.25312	   0.24499	  0.236866	  0.228743	  0.220616	  0.212494	  0.204391	  0.196327	  0.188321	  0.180398	  0.172578	  0.164886	  0.157345	  0.149975	  0.142797	  0.135832	  0.129098	   0.12261
   611	     0	0.000218295	0.000345883	0.000781191	0.00200199	0.00527915	 0.0134672	 0.0309735	 0.0602323	 0.0977394	  0.138534	  0.179667	  0.219369	  0.255953	  0.288295	  0.315549	  0.337384	  0.353851	  0.365738	  0.373505	  0.377927	  0.379606	   0.37968	   0.37876	  0.377873	  0.377404	  0.377345	   0.37808	  0.379284	  0.380832	  0.382197	  0.382909	  0.383013	  0.382305	  0.380565	  0.378305	  0.375362	  0.371568	  0.367166	  0.362164	  0.356429	  0.350096	   0.34333	  0.336227	  0.328875	  0.321375	  0.313737	  0.305958	  0.298046	   0.29007	  0.282061	  0.274054	  0.266071	  0.258114	  0.250176	  0.242249	  0.234329	  0.226409	  0.218485	  0.210565	  0.202662	  0.194796	  0.186987	  0.179258	   0.17163	  0.164127	  0.156769	  0.149577	  0.142573	  0.135775	    0.1292	  0.122864
   612	     0	0.00034917	0.00055162	0.00128872	 0.0034606	0.00938032	  0.023262	 0.0481962	 0.0816202	  0.118459	  0.156147	  0.193421	  0.229165	   0.26207	  0.291237	  0.315956	   0.33591	  0.351074	  0.362085	  0.369294	  0.373364	  0.374808	   0.37469	   0.37357	  0.372444	  0.371677	  0.371245	  0.371514	  0.372212	  0.373211	  0.374001	  0.374128	  0.373617	  0.372277	   0.36993	  0.367093	  0.363612	  0.359368	  0.354633	  0.349412	  0.343531	  0.337086	  0.330225	  0.323038	  0.315605	  0.308025	  0.300313	  0.292469	  0.284497	  0.276458	  0.268379	  0.260294	  0.252228	  0.244191	  0.236182	  0.228197	  0.220237	    0.2123	  0.204389	  0.196515	  0.188693	  0.180946	  0.173297	  0.165769	  0.158385	  0.151168	  0.144138	  0.137313	   0.13071	  0.124342	  0.118222	  0.112359
   613	     0	0.000288959	0.000434367	0.000878583	0.00198356	0.00461662	 0.0105502	 0.0225437	 0.0430023	 0.0713275	  0.104819	  0.140938	  0.177762	  0.213421	  0.246499	   0.27583	  0.300747	   0.32097	  0.336921	  0.348893	  0.357494	  0.363165	  0.366915	   0.36937	  0.371405	   0.37339	  0.375323	  0.377601	  0.379959	  0.382296	  0.384187	  0.385233	  0.385505	  0.384823	  0.383034	  0.380688	  0.377637	  0.373715	  0.369171	  0.364019	  0.358114	  0.351563	   0.34453	   0.33712	  0.329426	  0.321566	  0.313565	  0.305423	  0.297143	  0.288788	  0.280388	  0.271976	  0.263578	  0.255206	  0.246859	  0.238533	  0.230226	  0.221937	  0.213667	  0.205428	  0.197237	  0.189119	  0.181097	    0.1732	   0.16545	  0.157873	   0.15049	  0.143321	  0.136384	  0.129693	  0.123262	  0.117099
   614	     0	0.000194288	0.000301497	0.000676587	0.00174475	0.00464908	 0.0119657	 0.0276014	 0.0535307	 0.0866668	  0.123115	  0.160638	  0.197709	  0.232693	  0.264407	  0.291914	  0.314743	  0.332774	  0.346557	  0.356436	  0.363057	  0.366899	  0.369005	  0.369981	  0.370758	  0.371705	  0.372812	  0.374469	  0.376391	   0.37845	  0.380182	  0.381157	  0.381429	  0.380799	  0.379087	  0.376833	  0.373891	  0.370094	  0.365672	  0.360628	  0.354813	  0.348344	  0.341394	  0.334073	  0.326478	  0.318726	   0.31084	  0.302822	  0.294675	  0.286462	   0.27821	  0.269954	  0.261719	  0.253515	   0.24534	   0.23719	  0.229062	  0.220957	  0.212876	  0.204828	   0.19683	  0.188903	  0.181072	   0.17336	  0.165792	   0.15839	  0.151176	   0.14417	  0.137389	  0.130848	   0.12456	  0.118535
   615	     0	0.00015133	0.000240145	0.000545999	 0.0014141	0.00378919	0.00992798	  0.023827	 0.0488257	 0.0829128	  0.121441	   0.16134	  0.200789	  0.238035	  0.271799	  0.301071	  0.325351	  0.344527	  0.359198	  0.369747	  0.376871	  0.381083	  0.383448	  0.384592	  0.385455	  0.386423	   0.38749	  0.389057	  0.390822	  0.392684	  0.394167	  0.394842	  0.394781	  0.393795	  0.391697	   0.38904	  0.385664	  0.381423	  0.376593	  0.371193	  0.365074	  0.358356	  0.351206	  0.343725	     0.336	  0.328141	  0.320159	   0.31205	  0.303815	  0.295519	  0.287193	   0.27887	  0.270575	  0.262312	  0.254077	  0.245861	  0.237663	  0.229477	  0.221303	  0.213148	  0.205026	   0.19696	   0.18897	  0.181081	  0.173317	  0.165701	  0.158255	  0.150999	  0.143953	  0.137135	  0.130561	  0.124242
   616	     0	0.000344591	0.000554991	0.00136264	0.00386485	 0.0108909	 0.0270412	 0.0539233	 0.0872837	  0.122874	  0.159241	  0.195521	  0.230703	  0.263505	  0.293033	  0.318543	  0.339649	  0.356223	  0.368738	  0.377471	  0.383006	  0.385786	  0.386813	  0.386717	  0.386384	  0.386198	  0.386155	  0.386645	  0.387427	  0.388412	  0.389105	  0.389035	  0.388225	  0.386498	  0.383734	  0.380487	  0.376605	   0.37196	  0.366837	  0.361247	   0.35503	  0.348257	  0.341062	  0.333528	  0.325736	  0.317792	  0.309717	  0.301512	  0.293175	  0.284764	  0.276306	  0.267832	  0.259372	  0.250942	  0.242547	  0.234186	   0.22586	  0.217573	  0.209329	  0.201141	  0.193025	  0.185005	  0.177108	  0.169356	  0.161776	  0.154387	  0.147211	  0.140265	  0.133562	  0.127115	  0.120934	  0.115024
   617	     0	0.000377957	0.000569145	0.00112083	0.00242516	0.00538305	 0.0117572	 0.0242465	 0.0453654	  0.074892	  0.110142	  0.148089	  0.186341	  0.222749	  0.255812	  0.284377	  0.307873	  0.326179	  0.339961	  0.349638	  0.355952	  0.359458	  0.361266	  0.361984	  0.362594	   0.36346	  0.364576	  0.366337	  0.368392	  0.370585	  0.372434	  0.373538	  0.373998	  0.373597	  0.372081	  0.369979	  0.367139	  0.363421	  0.359081	   0.35414	  0.348471	  0.342213	  0.335534	  0.328528	  0.321281	  0.313885	  0.306344	  0.298659	  0.290838	  0.282953	  0.275037	  0.267124	  0.259233	  0.251366	  0.243514	  0.235672	  0.227837	  0.220002	  0.212167	  0.204336	  0.196523	  0.188746	  0.181023	  0.173376	  0.165826	  0.158394	  0.151102	  0.143972	  0.137025	  0.130279	  0.123753	  0.117463
   618	     0	0.000236365	0.000361355	0.000761758	0.00180782	0.00442894	 0.0106293	 0.0236496	 0.0461921	 0.0770754	  0.112769	  0.150405	  0.188035	  0.223802	  0.256379	  0.284702	  0.308223	  0.326796	  0.340992	  0.351178	  0.358033	   0.36207	   0.36436	   0.36554	  0.366512	  0.367642	  0.368903	  0.370666	  0.372661	  0.374792	  0.376611	  0.377712	  0.378145	  0.377726	  0.376262	  0.374251	  0.371552	  0.367993	  0.363783	  0.358922	  0.353282	  0.346996	  0.340238	  0.333115	  0.325722	  0.318166	  0.310464	  0.302614	  0.294625	  0.286563	  0.278462	  0.270354	  0.262265	    0.2542	  0.246152	  0.238117	  0.230091	  0.222072	  0.214058	  0.206056	  0.198083	  0.190158	  0.182303	  0.174541	  0.166897	  0.159392	  0.152049	  0.144889	  0.137931	  0.131195	  0.124696	  0.118447
   619	     0	0.000121262	0.000197999	0.000463789	0.00122975	 0.0033705	 0.0090864	 0.0227009	 0.0487919	 0.0861649	  0.129095	  0.173264	  0.216308	  0.256231	  0.291718	  0.321801	  0.346106	  0.364691	  0.378391	  0.387709	   0.39347	  0.396306	  0.397367	  0.397293	  0.397108	  0.397222	  0.397634	  0.398748	  0.400217	  0.401955	  0.403444	  0.404212	  0.404329	  0.403584	  0.401747	  0.399356	  0.396238	  0.392202	   0.38751	  0.382179	  0.376093	  0.369403	  0.362287	  0.354848	   0.34718	  0.339387	  0.331471	  0.323427	  0.315261	  0.307044	  0.298812	  0.290599	  0.282424	  0.274285	  0.266171	  0.258073	  0.249984	  0.241894	  0.233798	  0.225698	  0.217606	  0.209538	  0.201512	  0.193547	  0.185666	  0.177889	  0.170238	  0.162735	  0.155403	  0.148261	  0.141331	  0.134629
   620	     0	0.000281545	0.000440062	0.00096498	0.00238734	0.00605054	 0.0147278	 0.0321295	 0.0596572	 0.0941518	   0.13196	  0.170863	  0.209274	   0.24552	  0.278392	  0.306923	  0.330624	   0.34936	  0.363692	  0.373965	  0.380842	  0.384821	  0.386942	  0.387802	  0.388351	  0.388977	   0.38967	   0.39082	  0.392161	  0.393615	  0.394712	  0.395015	  0.394569	    0.3932	  0.390758	  0.387793	   0.38414	   0.37965	  0.374615	  0.369054	  0.362804	  0.355963	  0.348686	  0.341071	  0.333204	  0.325198	   0.31707	  0.308817	   0.30044	  0.291999	  0.283524	  0.275048	  0.266595	  0.258176	  0.249789	  0.241427	   0.23309	  0.224775	  0.216483	  0.208224	  0.200013	  0.191874	  0.183831	  0.175908	   0.16813	   0.16052	    0.1531	   0.14589	  0.138906	  0.132166	   0.12568	  0.119461
   621	     0	0.000132219	0.000206695	0.000462038	0.00118052	0.00313361	0.00819094	 0.0198638	 0.0416899	 0.0726785	  0.108545	  0.146074	  0.183428	  0.218921	  0.251292	  0.279514	  0.303048	  0.321732	  0.336117	  0.346559	  0.353722	  0.358084	    0.3607	  0.362202	  0.363491	  0.364922	   0.36648	  0.368554	  0.370827	  0.373137	  0.375025	  0.376111	  0.376487	  0.375945	  0.374261	  0.371977	   0.36895	  0.365075	  0.360611	   0.35557	  0.349809	   0.34345	  0.336657	  0.329531	   0.32216	  0.314639	  0.306979	   0.29918	  0.291245	   0.28324	  0.275195	  0.267145	  0.259112	  0.251104	  0.243115	  0.235141	  0.227181	  0.219232	  0.211297	  0.203383	  0.195506	  0.187688	  0.179949	  0.172315	  0.164807	   0.15745	  0.150264	   0.14327	  0.136488	  0.129932	  0.123619	  0.117561
   622	     0	0.000215107	0.000339009	0.000773319	0.00201815	0.00541305	 0.0138982	 0.0315429	 0.0595829	 0.0940835	  0.131172	  0.168874	  0.205837	  0.240539	  0.271884	  0.298978	  0.321371	  0.338948	  0.352269	  0.361678	  0.367826	  0.371199	  0.372846	  0.373406	   0.37378	   0.37434	  0.375077	  0.376383	  0.377963	  0.379688	  0.381074	  0.381698	  0.381622	  0.380654	  0.378598	  0.375985	  0.372668	  0.368532	  0.363845	  0.358616	  0.352697	  0.346198	  0.339278	  0.332031	  0.324541	  0.316903	  0.309132	  0.301222	  0.293179	  0.285066	  0.276914	  0.268755	  0.260614	    0.2525	  0.244409	  0.236335	  0.228276	  0.220232	  0.212202	  0.204195	  0.196229	  0.188325	  0.180505	  0.172795	  0.165217	  0.157795	  0.150551	  0.143503	  0.136671	  0.130072	  0.123718	  0.117622
   623	     0	0.000274759	0.000415225	0.000838026	0.00187835	0.00433781	0.00987061	 0.0211608	  0.040854	 0.0688446	  0.102541	  0.139157	  0.176545	  0.212679	  0.246083	  0.275556	  0.300433	  0.320464	  0.336153	  0.347817	  0.356105	  0.361487	  0.364996	  0.367224	  0.369087	  0.370955	  0.372824	  0.375091	  0.377456	  0.379805	  0.381708	  0.382788	  0.383143	  0.382582	   0.38089	  0.378611	  0.375592	  0.371685	  0.367148	  0.361999	  0.356093	   0.34956	  0.342574	  0.335243	   0.32766	  0.319931	   0.31207	  0.304074	  0.295951	  0.287767	  0.279554	  0.271344	  0.263162	  0.255011	  0.246885	  0.238778	  0.230686	  0.222605	  0.214534	  0.206481	  0.198461	  0.190495	  0.182606	  0.174815	  0.167148	  0.159627	  0.152274	   0.14511	  0.138154	  0.131425	  0.124937	  0.118706
   624	     0	0.00015133	0.000240145	0.000545999	 0.0014141	0.00378919	0.00992798	  0.023827	 0.0488257	 0.0829128	  0.121441	   0.16134	  0.200789	  0.238035	  0.271799	  0.301071	  0.325351	  0.344527	  0.359198	  0.369747	  0.376871	  0.381083	  0.383448	  0.384592	  0.385455	  0.386423	   0.38749	  0.389057	  0.390822	  0.392684	  0.394167	  0.394842	  0.394781	  0.393795	  0.391697	   0.38904	  0.385664	  0.381423	  0.376593	  0.371193	  0.365074	  0.358356	  0.351206	  0.343725	     0.336	  0.328141	  0.320159	   0.31205	  0.303815	  0.295519	  0.287193	   0.27887	  0.270575	  0.262312	  0.254077	  0.245861	  0.237663	  0.229477	  0.221303	  0.213148	  0.205026	   0.19696	   0.18897	  0.181081	  0.173317	  0.165701	  0.158255	  0.150999	  0.143953	  0.137135	  0.130561	  0.124242
   625	     0	0.000400625	0.000606028	0.00118482	0.00252446	0.00549925	 0.0117816	 0.0238917	   0.04424	  0.072865	  0.107589	  0.145706	  0.184853	  0.222721	  0.257671	  0.288393	  0.314186	  0.334818	  0.350843	  0.362631	  0.370886	  0.376134	  0.379445	  0.381472	  0.383141	  0.384848	  0.386604	  0.388822	   0.39118	  0.393586	  0.395582	  0.396746	  0.397172	  0.396667	  0.395028	  0.392804	  0.389827	  0.385914	   0.38132	  0.376068	   0.37004	  0.363372	  0.356245	  0.348767	  0.341032	  0.333153	   0.32514	   0.31699	  0.308708	  0.300363	  0.291988	  0.283618	  0.275276	  0.266962	  0.258669	  0.250389	  0.242117	  0.233845	  0.225571	  0.217301	   0.20905	  0.200837	  0.192684	  0.184614	  0.176651	  0.168818	  0.161139	  0.153635	  0.146328	  0.139237	  0.132382	  0.125778
   626	     0	0.000208094	0.000319265	0.000646134	0.00143902	  0.003302	0.00753616	 0.0165288	 0.0334583	 0.0598606	 0.0940338	  0.132627	  0.172651	  0.211495	  0.247337	  0.278776	  0.305083	  0.326048	  0.342298	  0.354239	  0.362618	  0.367994	  0.371469	  0.373661	  0.375525	  0.377449	  0.379427	  0.381855	  0.384418	  0.387034	  0.389273	  0.390741	  0.391536	  0.391454	  0.390256	  0.388472	  0.385943	  0.382462	  0.378245	   0.37331	  0.367549	  0.361126	  0.354227	  0.346969	   0.33945	  0.331779	  0.323965	  0.316008	  0.307919	  0.299773	  0.291605	   0.28345	  0.275327	  0.267235	  0.259162	  0.251103	  0.243049	  0.234992	  0.226927	  0.218859	    0.2108	  0.202767	  0.194779	  0.186855	  0.179017	  0.171286	  0.163685	  0.156235	  0.148958	  0.141875	  0.135006	  0.128368
   627	     0	0.000195683	0.000308188	0.000682727	0.00170947	0.00441734	 0.0111585	 0.0259234	 0.0519522	  0.087235	  0.126935	    0.1676	  0.207198	  0.243942	   0.27662	  0.304314	  0.326643	  0.343624	  0.356048	  0.364364	  0.369346	  0.371585	  0.372208	  0.371773	  0.371334	  0.371264	  0.371553	  0.372583	  0.374019	  0.375723	  0.377191	  0.377985	  0.378179	  0.377555	  0.375871	  0.373642	  0.370711	  0.366915	  0.362514	  0.357523	  0.351799	   0.34548	  0.338735	  0.331664	  0.324354	  0.316901	  0.309314	  0.301592	  0.293744	  0.285839	   0.27791	  0.269991	  0.262102	  0.254243	  0.246406	  0.238584	  0.230773	  0.222964	  0.215156	  0.207353	   0.19957	  0.191824	  0.184135	  0.176522	  0.169008	  0.161614	  0.154361	   0.14727	  0.140361	  0.133654	  0.127165	  0.120911
   628	     0	0.000218445	0.000340938	0.000755659	0.00190408	0.00494639	 0.0124594	 0.0284256	  0.055211	 0.0899517	  0.128281	  0.167463	  0.205754	  0.241432	  0.273323	  0.300518	  0.322616	  0.339594	   0.35216	  0.360727	  0.366021	  0.368593	  0.369544	   0.36946	  0.369335	   0.36954	  0.370056	  0.371264	  0.372839	  0.374628	  0.376134	  0.376938	  0.377112	   0.37644	  0.374674	  0.372334	  0.369271	   0.36536	  0.360859	  0.355777	  0.349965	   0.34356	  0.336729	  0.329575	  0.322189	   0.31466	  0.307001	  0.299208	   0.29129	  0.283313	   0.27531	  0.267315	  0.259348	  0.251412	    0.2435	  0.235607	  0.227728	  0.219861	  0.212003	  0.204162	   0.19635	  0.188588	  0.180894	  0.173291	  0.165801	  0.158445	  0.151246	  0.144224	  0.137398	  0.130787	  0.124407	  0.118272
   629	     0	0.000265272	0.000396968	0.000774715	0.00166189	0.00367312	0.00806795	 0.0170212	 0.0332536	 0.0579559	 0.0897357	  0.125867	   0.16375	  0.200915	  0.235589	  0.266362	  0.292446	  0.313545	  0.330157	  0.342629	  0.351637	  0.357671	  0.361788	  0.364636	  0.367108	  0.369581	  0.372063	  0.374976	  0.377979	  0.380944	  0.383441	  0.385103	  0.386053	  0.386077	  0.384921	  0.383135	   0.38057	  0.377064	  0.372841	  0.367919	  0.362183	   0.35579	  0.348925	  0.341703	  0.334222	  0.326586	  0.318807	  0.310883	  0.302824	  0.294702	  0.286551	  0.278406	  0.270288	  0.262197	  0.254125	  0.246065	  0.238012	   0.22996	  0.221905	  0.213854	   0.20582	  0.197823	  0.189883	  0.182021	   0.17426	  0.166622	   0.15913	  0.151806	  0.144671	  0.137745	  0.131047	  0.124593
   630	     0	0.000388367	0.000581944	  0.001146	0.00248817	0.00554437	  0.012127	 0.0249208	 0.0462266	 0.0755434	  0.110263	  0.147672	  0.185607	  0.222019	  0.255436	  0.284689	  0.309155	  0.328637	  0.343676	   0.35463	  0.362177	  0.366817	  0.369608	  0.371165	  0.372413	  0.373725	  0.375096	   0.37692	  0.378901	   0.38093	  0.382551	  0.383368	  0.383464	  0.382653	  0.380735	   0.37825	  0.375044	  0.370976	  0.366315	   0.36108	  0.355125	  0.348568	  0.341576	  0.334245	  0.326663	  0.318932	  0.311065	  0.303061	  0.294925	  0.286722	  0.278485	  0.270246	   0.26203	  0.253842	  0.245676	  0.237526	   0.22939	  0.221264	  0.213147	  0.205047	   0.19698	  0.188968	  0.181032	  0.173197	  0.165486	  0.157923	   0.15053	  0.143327	  0.136334	  0.129569	  0.123047	  0.116781
   631	     0	0.000427199	0.000652909	0.00131034	 0.0028808	0.00646262	 0.0141392	 0.0288238	 0.0526493	   0.08455	  0.121567	  0.160912	   0.20038	  0.237831	  0.271807	  0.301168	  0.325358	  0.344264	  0.358543	  0.368608	  0.375202	  0.378883	  0.380753	  0.381469	  0.381984	  0.382695	  0.383611	  0.385145	  0.386951	  0.388898	  0.390483	  0.391288	  0.391406	  0.390625	  0.388703	  0.386182	  0.382899	  0.378733	  0.373966	  0.368617	  0.362561	  0.355929	  0.348888	  0.341532	  0.333947	  0.326223	  0.318364	  0.310367	  0.302239	  0.294047	  0.285827	  0.277612	  0.269423	  0.261262	   0.25312	   0.24499	  0.236866	  0.228743	  0.220616	  0.212494	  0.204391	  0.196327	  0.188321	  0.180398	  0.172578	  0.164886	  0.157345	  0.149975	  0.142797	  0.135832	  0.129098	   0.12261
   632	     0	0.000177511	0.000282493	0.000649095	0.00170229	0.00460291	 0.0120418	  0.028302	 0.0557994	 0.0911505	  0.129765	   0.16909	  0.207565	  0.243558	  0.275916	   0.30372	  0.326538	  0.344301	  0.357651	  0.366977	   0.37298	  0.376184	  0.377665	  0.378047	  0.378278	  0.378735	  0.379408	   0.38069	  0.382254	  0.383957	  0.385297	  0.385862	  0.385731	  0.384698	  0.382535	  0.379785	  0.376292	  0.371964	  0.367095	    0.3617	  0.355629	  0.349001	  0.341977	  0.334653	   0.32711	  0.319438	  0.311642	  0.303716	  0.295666	  0.287554	  0.279414	  0.271276	  0.263166	  0.255086	  0.247031	  0.238994	  0.230973	  0.222966	  0.214971	  0.206997	  0.199056	  0.191171	   0.18336	  0.175649	  0.168058	  0.160612	  0.153331	  0.146236	  0.139347	  0.132681	  0.126254	  0.120078
   633	     0	0.000423866	0.000659556	0.00142939	0.00347459	0.00857681	 0.0200345	 0.0413124	 0.0724438	  0.109479	  0.148965	  0.188817	  0.227437	  0.263143	  0.294847	  0.321716	  0.343401	  0.359906	  0.371944	  0.379926	  0.384581	  0.386473	  0.386701	  0.385878	  0.384996	  0.384444	  0.384214	  0.384693	   0.38557	  0.386724	  0.387628	   0.38783	  0.387383	  0.386086	  0.383719	  0.380804	  0.377182	  0.372744	  0.367778	  0.362297	  0.356143	  0.349437	  0.342337	  0.334934	  0.327312	  0.319559	  0.311684	  0.303682	  0.295556	  0.287374	  0.279165	  0.270964	  0.262792	  0.254653	  0.246542	  0.238451	  0.230376	  0.222314	  0.214263	  0.206231	  0.198232	  0.190285	  0.182412	  0.174636	  0.166979	  0.159463	  0.152112	  0.144945	  0.137981	  0.131239	  0.124736	  0.118483
   634	     0	0.000225668	0.000345905	0.000723718	0.00169603	0.00410259	0.00976027	 0.0217105	 0.0428205	 0.0724624	  0.107279	  0.144243	  0.181326	  0.216694	  0.249016	  0.277213	  0.300708	  0.319328	  0.333643	  0.344004	  0.351081	  0.355368	  0.357924	  0.359341	  0.360555	  0.361923	  0.363432	  0.365473	  0.367723	  0.370036	   0.37196	  0.373111	  0.373586	  0.373181	  0.371662	  0.369559	  0.366723	  0.363019	  0.358698	  0.353776	  0.348113	  0.341843	  0.335135	   0.32809	  0.320795	  0.313348	   0.30576	   0.29803	  0.290165	  0.282233	  0.274267	  0.266301	  0.258355	  0.250434	  0.242532	  0.234641	  0.226761	  0.218885	  0.211014	  0.203155	  0.195323	  0.187537	   0.17982	  0.172193	  0.164679	    0.1573	   0.15008	  0.143037	  0.136192	  0.129564	  0.123167	  0.117017
   635	     0	0.00030161	0.000449464	0.000864325	0.00181959	0.00394359	0.00850125	 0.0176522	 0.0341122	 0.0591639	 0.0915088	  0.128328	  0.166848	  0.204516	  0.239493	  0.270356	  0.296335	  0.317169	  0.333398	  0.345406	    0.3539	  0.359407	   0.36301	  0.365349	  0.367337	  0.369344	  0.371359	  0.373766	   0.37628	  0.378805	  0.380919	   0.38225	  0.382882	  0.382625	  0.381271	  0.379336	  0.376676	  0.373113	  0.368873	  0.363968	  0.358276	  0.351937	  0.345127	  0.337952	  0.330504	  0.322892	  0.315128	  0.307213	  0.299158	  0.291032	   0.28287	  0.274706	  0.266563	  0.258443	   0.25034	  0.242246	  0.234157	  0.226067	  0.217973	  0.209882	   0.20181	  0.193775	    0.1858	  0.177908	   0.17012	  0.162461	  0.154953	  0.147617	  0.140475	  0.133546	  0.126848	  0.120396
   636	     0	0.00015133	0.000240145	0.000545999	 0.0014141	0.00378919	0.00992798	  0.023827	 0.0488257	 0.0829128	  0.121441	   0.16134	  0.200789	  0.238035	  0.271799	  0.301071	  0.325351	  0.344527	  0.359198	  0.369747	  0.376871	  0.381083	  0.383448	  0.384592	  0.385455	  0.386423	   0.38749	  0.389057	  0.390822	  0.392684	  0.394167	  0.394842	  0.394781	  0.393795	  0.391697	   0.38904	  0.385664	  0.381423	  0.376593	  0.371193	  0.365074	  0.358356	  0.351206	  0.343725	     0.336	  0.328141	  0.320159	   0.31205	  0.303815	  0.295519	  0.287193	   0.27887	  0.270575	  0.262312	  0.254077	  0.245861	  0.237663	  0.229477	  0.221303	  0.213148	  0.205026	   0.19696	   0.18897	  0.181081	  0.173317	  0.165701	  0.158255	  0.150999	  0.143953	  0.137135	  0.130561	  0.124242
   637	     0	0.000174375	0.000270763	0.000585442	 0.0014278	0.00360064	0.00892959	 0.0206268	 0.0418277	 0.0718651	  0.107219	  0.144926	  0.183037	  0.219678	  0.253464	  0.283249	  0.308402	   0.32869	  0.344589	  0.356425	  0.364838	  0.370297	  0.373836	  0.376124	   0.37802	  0.379906	   0.38178	  0.384047	  0.386426	  0.388833	  0.390827	  0.391996	  0.392411	  0.391892	  0.390264	  0.388069	  0.385152	  0.381342	  0.376874	  0.371759	   0.36587	  0.359332	   0.35232	  0.344941	  0.337288	   0.32948	  0.321531	  0.313441	  0.305212	  0.296911	  0.288568	  0.280219	  0.271889	  0.263584	    0.2553	  0.247031	  0.238772	   0.23052	  0.222274	  0.214041	   0.20584	  0.197691	  0.189619	  0.181649	  0.173805	  0.166111	   0.15859	  0.151264	  0.144151	   0.13727	  0.130636	  0.124262
   638	     0	0.000219702	0.000347652	0.000830617	0.00231101	0.00655789	 0.0172264	 0.0378857	 0.0670548	 0.0999596	  0.134134	   0.16855	  0.202275	  0.234114	  0.263119	  0.288485	  0.309751	  0.326726	  0.339839	   0.34933	  0.355745	   0.35949	  0.361543	  0.362447	  0.363113	  0.363889	   0.36475	  0.366067	  0.367605	  0.369257	  0.370582	  0.371146	  0.370983	   0.36992	  0.367834	  0.365266	  0.362071	  0.358082	  0.353546	  0.348472	  0.342698	  0.336307	  0.329446	  0.322211	  0.314692	  0.307005	  0.299179	  0.291217	  0.283122	  0.274952	  0.266731	  0.258493	  0.250266	  0.242067	  0.233902	  0.225771	  0.217676	  0.209622	  0.201615	  0.193667	  0.185794	  0.178021	  0.170372	  0.162872	  0.155544	  0.148409	  0.141486	  0.134792	  0.128339	   0.12214	  0.116202	  0.110531
   639	     0	0.000308422	0.000474632	0.000975609	0.00221585	0.00516348	  0.011804	 0.0252682	 0.0483667	 0.0804709	  0.118257	  0.158438	  0.198574	  0.236448	  0.270578	  0.299843	  0.323733	  0.342195	   0.35597	  0.365511	  0.371596	  0.374818	  0.376306	    0.3767	  0.376991	   0.37757	   0.37844	  0.380009	  0.381917	  0.384024	  0.385825	  0.386896	  0.387328	  0.386896	  0.385334	  0.383179	   0.38027	  0.376459	  0.371998	  0.366901	  0.361051	  0.354599	  0.347717	  0.340508	  0.333061	   0.32547	  0.317741	   0.30987	  0.301868	  0.293806	  0.285719	  0.277642	  0.269593	  0.261573	  0.253571	   0.24558	  0.237596	  0.229609	  0.221617	  0.213626	  0.205648	  0.197701	  0.189804	  0.181977	  0.174241	  0.166619	  0.159133	  0.151804	  0.144654	  0.137702	  0.130969	  0.124471
   640	     0	0.000345079	0.000530547	0.00111932	0.00264367	0.00639986	 0.0149907	 0.0320027	 0.0593582	 0.0946323	  0.134043	  0.174796	  0.214846	  0.252221	  0.285642	  0.314165	  0.337393	  0.355317	  0.368642	  0.377803	  0.383543	  0.386428	  0.387561	   0.38757	  0.387432	  0.387539	  0.387874	  0.388816	  0.390067	  0.391498	  0.392601	   0.39296	  0.392628	  0.391395	  0.389038	  0.386092	  0.382401	  0.377878	  0.372813	  0.367218	  0.360935	  0.354081	  0.346819	  0.339249	   0.33146	  0.323541	  0.315503	  0.307341	  0.299057	  0.290718	  0.282352	  0.273995	  0.265668	  0.257377	  0.249115	  0.240876	  0.232658	  0.224457	  0.216273	  0.208114	  0.199994	  0.191932	  0.183952	  0.176076	  0.168327	  0.160729	  0.153303	   0.14607	  0.139049	  0.132259	  0.125715	   0.11943
   641	     0	0.000251622	0.000389193	0.000828238	0.00197686	0.00486044	 0.0116893	 0.0260142	 0.0507065	  0.084294	  0.122746	  0.162823	  0.202374	  0.239458	  0.272749	  0.301239	  0.324475	  0.342416	  0.355768	  0.364969	  0.370768	  0.373738	  0.374996	  0.375161	  0.375211	  0.375521	  0.376076	  0.377252	  0.378748	  0.380453	  0.381879	  0.382604	  0.382688	  0.381932	  0.380112	  0.377737	  0.374655	  0.370725	  0.366196	  0.361077	   0.35523	  0.348788	  0.341918	  0.334719	  0.327277	   0.31969	  0.311964	    0.3041	  0.296104	  0.288045	  0.279956	  0.271873	  0.263815	  0.255786	  0.247778	  0.239784	  0.231801	  0.223822	  0.215847	   0.20788	  0.199937	  0.192035	  0.184194	  0.176437	  0.168785	  0.161261	  0.153887	  0.146684	  0.139671	   0.13287	  0.126296	  0.119964
   642	     0	0.00015133	0.000240145	0.000545999	 0.0014141	0.00378919	0.00992798	  0.023827	 0.0488257	 0.0829128	  0.121441	   0.16134	  0.200789	  0.238035	  0.271799	  0.301071	  0.325351	  0.344527	  0.359198	  0.369747	  0.376871	  0.381083	  0.383448	  0.384592	  0.385455	  0.386423	   0.38749	  0.389057	  0.390822	  0.392684	  0.394167	  0.394842	  0.394781	  0.393795	  0.391697	   0.38904	  0.385664	  0.381423	  0.376593	  0.371193	  0.365074	  0.358356	  0.351206	  0.343725	     0.336	  0.328141	  0.320159	   0.31205	  0.303815	  0.295519	  0.287193	   0.27887	  0.270575	  0.262312	  0.254077	  0.245861	  0.237663	  0.229477	  0.221303	  0.213148	  0.205026	   0.19696	   0.18897	  0.181081	  0.173317	  0.165701	  0.158255	  0.150999	  0.143953	  0.137135	  0.130561	  0.124242
   643	     0	0.000300565	0.000471522	0.000988708	 0.0022825	0.00539266	 0.0124725	 0.0269217	 0.0517055	 0.0859436	  0.125919	   0.16812	  0.210016	  0.249355	  0.284651	  0.314802	  0.339337	  0.358241	  0.372309	  0.382014	  0.388168	  0.391384	  0.392799	  0.393019	  0.393086	  0.393407	  0.393992	  0.395255	  0.396824	  0.398593	  0.400047	  0.400736	  0.400758	  0.399897	  0.397902	  0.395329	     0.392	   0.38775	  0.382872	  0.377396	  0.371196	  0.364417	  0.357234	  0.349746	  0.342041	  0.334217	  0.326273	  0.318205	  0.310019	  0.301786	  0.293541	  0.285318	  0.277135	  0.268989	  0.260869	  0.252766	  0.244674	  0.236584	  0.228489	  0.220395	  0.212311	  0.204255	  0.196243	  0.188296	  0.180435	  0.172681	  0.165056	  0.157581	   0.15028	  0.143172	  0.136278	  0.129615
   644	     0	0.000413095	0.000636151	0.00133634	 0.0031251	0.00744089	 0.0169682	 0.0348749	 0.0621274	 0.0960348	  0.133505	  0.172393	  0.210989	  0.247459	  0.280555	  0.309273	   0.33311	  0.351935	  0.366317	  0.376604	  0.383471	  0.387428	  0.389526	  0.390391	  0.390952	  0.391608	  0.392354	  0.393585	  0.395025	  0.396608	  0.397858	  0.398322	  0.398053	  0.396874	  0.394621	   0.39183	  0.388337	  0.383976	  0.379015	  0.373473	  0.367202	  0.360318	   0.35299	  0.345321	  0.337404	  0.329353	  0.321182	  0.312886	  0.304467	  0.295989	  0.287482	  0.278979	  0.270505	  0.262065	  0.253657	  0.245271	  0.236906	  0.228558	  0.220227	  0.211919	  0.203651	  0.195443	  0.187319	  0.179302	  0.171417	  0.163687	  0.156136	  0.148783	  0.141648	  0.134749	    0.1281	  0.121715
   645	     0	0.000401982	0.000615729	0.00127661	0.00294197	0.00691783	 0.0156678	 0.0322649	 0.0580142	 0.0906691	   0.12723	  0.165519	  0.203823	  0.240334	  0.273753	  0.303025	  0.327585	  0.347238	  0.362476	  0.373623	  0.381323	  0.386049	  0.388825	  0.390296	  0.391364	  0.392429	  0.393506	  0.395011	  0.396661	  0.398375	  0.399681	  0.400136	  0.399803	  0.398506	    0.3961	  0.393153	    0.3895	  0.384984	  0.379899	  0.374272	  0.367951	  0.361032	  0.353672	  0.345966	     0.338	   0.32989	  0.321654	   0.31329	  0.304798	  0.296239	  0.287643	  0.279042	  0.270463	  0.261916	  0.253399	  0.244907	  0.236436	  0.227984	  0.219553	  0.211152	  0.202798	  0.194515	  0.186329	  0.178266	   0.17035	  0.162606	  0.155056	   0.14772	  0.140616	  0.133759	  0.127163	  0.120837
   646	     0	0.000188318	0.000293871	0.000622369	0.00146518	0.00355314	0.00850224	 0.0191786	  0.038754	 0.0674845	  0.102589	  0.141048	  0.180625	  0.219175	  0.255125	  0.287168	  0.314557	  0.336979	  0.354855	  0.368489	  0.378517	  0.385398	  0.390145	  0.393424	  0.396091	  0.398552	  0.400822	  0.403324	  0.405778	  0.408151	   0.41002	  0.410978	  0.411114	  0.410259	  0.408257	  0.405674	  0.402337	  0.398068	  0.393141	  0.387585	  0.381268	  0.374312	  0.366893	  0.359121	   0.35109	  0.342922	  0.334632	  0.326213	  0.317668	  0.309063	   0.30043	  0.291802	  0.283205	  0.274644	  0.266112	    0.2576	  0.249103	  0.240613	  0.232128	  0.223656	  0.215211	  0.206816	  0.198496	  0.190275	  0.182178	  0.174229	  0.166452	  0.158869	  0.151499	  0.144361	  0.137472	  0.130846
   647	     0	0.00015133	0.000240145	0.000545999	 0.0014141	0.00378919	0.00992798	  0.023827	 0.0488257	 0.0829128	  0.121441	   0.16134	  0.200789	  0.238035	  0.271799	  0.301071	  0.325351	  0.344527	  0.359198	  0.369747	  0.376871	  0.381083	  0.383448	  0.384592	  0.385455	  0.386423	   0.38749	  0.389057	  0.390822	  0.392684	  0.394167	  0.394842	  0.394781	  0.393795	  0.391697	   0.38904	  0.385664	  0.381423	  0.376593	  0.371193	  0.365074	  0.358356	  0.351206	  0.343725	     0.336	  0.328141	  0.320159	   0.31205	  0.303815	  0.295519	  0.287193	   0.27887	  0.270575	  0.262312	  0.254077	  0.245861	  0.237663	  0.229477	  0.221303	  0.213148	  0.205026	   0.19696	   0.18897	  0.181081	  0.173317	  0.165701	  0.158255	  0.150999	  0.143953	  0.137135	  0.130561	  0.124242
   648	     0	0.000345079	0.000530547	0.00111932	0.00264367	0.00639986	 0.0149907	 0.0320027	 0.0593582	 0.0946323	  0.134043	  0.174796	  0.214846	  0.252221	  0.285642	  0.314165	  0.337393	  0.355317	  0.368642	  0.377803	  0.383543	  0.386428	  0.387561	   0.38757	  0.387432	  0.387539	  0.387874	  0.388816	  0.390067	  0.391498	  0.392601	   0.39296	  0.392628	  0.391395	  0.389038	  0.386092	  0.382401	  0.377878	  0.372813	  0.367218	  0.360935	  0.354081	  0.346819	  0.339249	   0.33146	  0.323541	  0.315503	  0.307341	  0.299057	  0.290718	  0.282352	  0.273995	  0.265668	  0.257377	  0.249115	  0.240876	  0.232658	  0.224457	  0.216273	  0.208114	  0.199994	  0.191932	  0.183952	  0.176076	  0.168327	  0.160729	  0.153303	   0.14607	  0.139049	  0.132259	  0.125715	   0.11943
   649	     0	0.000423866	0.000659556	0.00142939	0.00347459	0.00857681	 0.0200345	 0.0413124	 0.0724438	  0.109479	  0.148965	  0.188817	  0.227437	  0.263143	  0.294847	  0.321716	  0.343401	  0.359906	  0.371944	  0.379926	  0.384581	  0.386473	  0.386701	  0.385878	  0.384996	  0.384444	  0.384214	  0.384693	   0.38557	  0.386724	  0.387628	   0.38783	  0.387383	  0.386086	  0.383719	  0.380804	  0.377182	  0.372744	  0.367778	  0.362297	  0.356143	  0.349437	  0.342337	  0.334934	  0.327312	  0.319559	  0.311684	  0.303682	  0.295556	  0.287374	  0.279165	  0.270964	  0.262792	  0.254653	  0.246542	  0.238451	  0.230376	  0.222314	  0.214263	  0.206231	  0.198232	  0.190285	  0.182412	  0.174636	  0.166979	  0.159463	  0.152112	  0.144945	  0.137981	  0.131239	  0.124736	  0.118483
   650	     0	0.000467091	0.000722948	0.00158454	0.00391995	0.00975839	 0.0224358	 0.0442828	 0.0737443	  0.107189	  0.142472	  0.178342	  0.213621	  0.246883	  0.277111	  0.303445	  0.325413	  0.342844	  0.356183	  0.365712	  0.372019	  0.375545	  0.377294	   0.37792	  0.378273	  0.378728	  0.379263	  0.380256	  0.381462	  0.382771	  0.383702	  0.383834	    0.3832	  0.381621	  0.378953	  0.375744	  0.371849	  0.367181	  0.362033	  0.356421	  0.350186	  0.343402	  0.336204	  0.328677	  0.320901	  0.312973	  0.304911	  0.296715	  0.288384	  0.279975	  0.271515	  0.263037	  0.254569	  0.246128	  0.237717	  0.229336	  0.220989	  0.212681	  0.204418	  0.196212	  0.188081	  0.180049	  0.172141	  0.164382	  0.156795	  0.149403	  0.142225	  0.135279	  0.128581	  0.122142	  0.115971	  0.110076
   651	     0	0.000174375	0.000270763	0.000585442	 0.0014278	0.00360064	0.00892959	 0.0206268	 0.0418277	 0.0718651	  0.107219	  0.144926	  0.183037	  0.219678	  0.253464	  0.283249	  0.308402	   0.32869	  0.344589	  0.356425	  0.364838	  0.370297	  0.373836	  0.376124	   0.37802	  0.379906	   0.38178	  0.384047	  0.386426	  0.388833	  0.390827	  0.391996	  0.392411	  0.391892	  0.390264	  0.388069	  0.385152	  0.381342	  0.376874	  0.371759	   0.36587	  0.359332	   0.35232	  0.344941	  0.337288	   0.32948	  0.321531	  0.313441	  0.305212	  0.296911	  0.288568	  0.280219	  0.271889	  0.263584	    0.2553	  0.247031	  0.238772	   0.23052	  0.222274	  0.214041	   0.20584	  0.197691	  0.189619	  0.181649	  0.173805	  0.166111	   0.15859	  0.151264	  0.144151	   0.13727	  0.130636	  0.124262
   652	     0	0.00015133	0.000240145	0.000545999	 0.0014141	0.00378919	0.00992798	  0.023827	 0.0488257	 0.0829128	  0.121441	   0.16134	  0.200789	  0.238035	  0.271799	  0.301071	  0.325351	  0.344527	  0.359198	  0.369747	  0.376871	  0.381083	  0.383448	  0.384592	  0.385455	  0.386423	   0.38749	  0.389057	  0.390822	  0.392684	  0.394167	  0.394842	  0.394781	  0.393795	  0.391697	   0.38904	  0.385664	  0.381423	  0.376593	  0.371193	  0.365074	  0.358356	  0.351206	  0.343725	     0.336	  0.328141	  0.320159	   0.31205	  0.303815	  0.295519	  0.287193	   0.27887	  0.270575	  0.262312	  0.254077	  0.245861	  0.237663	  0.229477	  0.221303	  0.213148	  0.205026	   0.19696	   0.18897	  0.181081	  0.173317	  0.165701	  0.158255	  0.150999	  0.143953	  0.137135	  0.130561	  0.124242
   653	     0	0.000218295	0.000345883	0.000781191	0.00200199	0.00527915	 0.0134672	 0.0309735	 0.0602323	 0.0977394	  0.138534	  0.179667	  0.219369	  0.255953	  0.288295	  0.315549	  0.337384	  0.353851	  0.365738	  0.373505	  0.377927	  0.379606	   0.37968	   0.37876	  0.377873	  0.377404	  0.377345	   0.37808	  0.379284	  0.380832	  0.382197	  0.382909	  0.383013	  0.382305	  0.380565	  0.378305	  0.375362	  0.371568	  0.367166	  0.362164	  0.356429	  0.350096	   0.34333	  0.336227	  0.328875	  0.321375	  0.313737	  0.305958	  0.298046	   0.29007	  0.282061	  0.274054	  0.266071	  0.258114	  0.250176	  0.242249	  0.234329	  0.226409	  0.218485	  0.210565	  0.202662	  0.194796	  0.186987	  0.179258	   0.17163	  0.164127	  0.156769	  0.149577	  0.142573	  0.135775	    0.1292	  0.122864
   654	     0	0.000290711	0.000440298	0.000893322	0.00201432	0.00467581	 0.0106689	 0.0228335	 0.0437717	 0.0730195	  0.107687	  0.144914	  0.182574	  0.218677	   0.25179	  0.280763	  0.304983	  0.324258	   0.33914	  0.349984	  0.357466	  0.362088	  0.364907	  0.366543	  0.367923	  0.369421	  0.371034	  0.373163	  0.375492	  0.377904	  0.379946	  0.381203	  0.381761	  0.381426	   0.37999	  0.377988	  0.375267	  0.371646	  0.367359	  0.362419	  0.356696	  0.350328	  0.343492	  0.336294	  0.328828	  0.321207	  0.313445	   0.30554	  0.297501	  0.289394	  0.281251	  0.273106	  0.264983	  0.256886	  0.248807	  0.240742	  0.232685	  0.224632	  0.216582	  0.208541	  0.200526	  0.192556	  0.184654	  0.176844	  0.169149	  0.161592	  0.154195	   0.14698	  0.139966	  0.133173	  0.126617	  0.120311
   655	     0	0.000173643	0.000279133	0.000609821	0.00147277	0.00365633	0.00897447	 0.0208578	  0.043492	 0.0776157	  0.119301	  0.163844	  0.207988	   0.24917	  0.285794	  0.316735	  0.341573	  0.360392	  0.374139	  0.383363	  0.388959	  0.391618	  0.392536	  0.392333	  0.392095	   0.39224	  0.392783	  0.394144	   0.39593	  0.398041	  0.399956	  0.401206	  0.401885	   0.40174	  0.400483	   0.39866	  0.396092	  0.392545	  0.388247	  0.383224	  0.377394	  0.370932	  0.364023	  0.356778	   0.34929	   0.34166	  0.333889	  0.325979	  0.317943	  0.309861	  0.301771	  0.293708	  0.285687	  0.277701	  0.269735	  0.261783	  0.253833	  0.245873	  0.237896	  0.229905	  0.221911	  0.213927	  0.205966	  0.198044	   0.19018	  0.182391	  0.174697	  0.167118	  0.159677	  0.152396	  0.145296	  0.138399
   656	     0	0.00015133	0.000240145	0.000545999	 0.0014141	0.00378919	0.00992798	  0.023827	 0.0488257	 0.0829128	  0.121441	   0.16134	  0.200789	  0.238035	  0.271799	  0.301071	  0.325351	  0.344527	  0.359198	  0.369747	  0.376871	  0.381083	  0.383448	  0.384592	  0.385455	  0.386423	   0.38749	  0.389057	  0.390822	  0.392684	  0.394167	  0.394842	  0.394781	  0.393795	  0.391697	   0.38904	  0.385664	  0.381423	  0.376593	  0.371193	  0.365074	  0.358356	  0.351206	  0.343725	     0.336	  0.328141	  0.320159	   0.31205	  0.303815	  0.295519	  0.287193	   0.27887	  0.270575	  0.262312	  0.254077	  0.245861	  0.237663	  0.229477	  0.221303	  0.213148	  0.205026	   0.19696	   0.18897	  0.181081	  0.173317	  0.165701	  0.158255	  0.150999	  0.143953	  0.137135	  0.130561	  0.124242
   657	     0	0.000423866	0.000659556	0.00142939	0.00347459	0.00857681	 0.0200345	 0.0413124	 0.0724438	  0.109479	  0.148965	  0.188817	  0.227437	  0.263143	  0.294847	  0.321716	  0.343401	  0.359906	  0.371944	  0.379926	  0.384581	  0.386473	  0.386701	  0.385878	  0.384996	  0.384444	  0.384214	  0.384693	   0.38557	  0.386724	  0.387628	   0.38783	  0.387383	  0.386086	  0.383719	  0.380804	  0.377182	  0.372744	  0.367778	  0.362297	  0.356143	  0.349437	  0.342337	  0.334934	  0.327312	  0.319559	  0.311684	  0.303682	  0.295556	  0.287374	  0.279165	  0.270964	  0.262792	  0.254653	  0.246542	  0.238451	  0.230376	  0.222314	  0.214263	  0.206231	  0.198232	  0.190285	  0.182412	  0.174636	  0.166979	  0.159463	  0.152112	  0.144945	  0.137981	  0.131239	  0.124736	  0.118483
   658	     0	0.000290711	0.000440298	0.000893322	0.00201432	0.00467581	 0.0106689	 0.0228335	 0.0437717	 0.0730195	  0.107687	  0.144914	  0.182574	  0.218677	   0.25179	  0.280763	  0.304983	  0.324258	   0.33914	  0.349984	  0.357466	  0.362088	  0.364907	  0.366543	  0.367923	  0.369421	  0.371034	  0.373163	  0.375492	  0.377904	  0.379946	  0.381203	  0.381761	  0.381426	   0.37999	  0.377988	  0.375267	  0.371646	  0.367359	  0.362419	  0.356696	  0.350328	  0.343492	  0.336294	  0.328828	  0.321207	  0.313445	   0.30554	  0.297501	  0.289394	  0.281251	  0.273106	  0.264983	  0.256886	  0.248807	  0.240742	  0.232685	  0.224632	  0.216582	  0.208541	  0.200526	  0.192556	  0.184654	  0.176844	  0.169149	  0.161592	  0.154195	   0.14698	  0.139966	  0.133173	  0.126617	  0.120311
   659	     0	0.000333499	0.000508636	0.00104669	0.00239664	0.00563042	 0.0128902	  0.027276	 0.0509333	 0.0823827	  0.118386	  0.156309	  0.194242	  0.230319	  0.263205	  0.291829	  0.315632	  0.334457	  0.348866	  0.359223	  0.366208	  0.370331	  0.372655	  0.373812	  0.374719	   0.37575	  0.376891	  0.378526	  0.380364	  0.382308	   0.38389	  0.384692	   0.38478	  0.383973	  0.382082	  0.379636	   0.37648	  0.372462	  0.367837	  0.362621	  0.356677	  0.350127	  0.343138	  0.335809	   0.32823	  0.320505	  0.312646	   0.30465	   0.29652	  0.288323	  0.280091	  0.271856	  0.263642	  0.255455	  0.247289	  0.239138	  0.231001	  0.222875	  0.214758	  0.206659	  0.198591	  0.190576	  0.182636	  0.174793	  0.167071	  0.159494	  0.152083	   0.14486	  0.137844	  0.131053	  0.124504	   0.11821
   660	     0	0.000257119	0.000399068	0.000865038	0.00211546	0.00531252	 0.0128829	 0.0282401	 0.0530548	  0.084775	  0.120015	  0.156673	  0.193288	  0.228284	  0.260458	  0.288791	  0.312707	  0.331973	  0.347025	  0.358147	   0.36594	  0.370843	   0.37386	  0.375625	  0.376998	   0.37835	  0.379668	  0.381333	  0.383097	  0.384868	  0.386199	    0.3867	  0.386423	  0.385197	  0.382874	  0.380001	  0.376428	  0.372042	  0.367127	  0.361702	  0.355612	  0.348943	   0.34184	  0.334396	  0.326692	  0.318831	  0.310832	  0.302693	  0.294416	  0.286061	  0.277657	  0.269237	  0.260828	  0.252444	  0.244085	  0.235748	  0.227434	  0.219142	  0.210877	   0.20265	  0.194479	  0.186389	  0.178405	  0.170553	  0.162858	  0.155342	  0.148028	  0.140933	  0.134075	  0.127468	  0.121123	  0.115048
   661	     0	0.000423866	0.000659556	0.00142939	0.00347459	0.00857681	 0.0200345	 0.0413124	 0.0724438	  0.109479	  0.148965	  0.188817	  0.227437	  0.263143	  0.294847	  0.321716	  0.343401	  0.359906	  0.371944	  0.379926	  0.384581	  0.386473	  0.386701	  0.385878	  0.384996	  0.384444	  0.384214	  0.384693	   0.38557	  0.386724	  0.387628	   0.38783	  0.387383	  0.386086	  0.383719	  0.380804	  0.377182	  0.372744	  0.367778	  0.362297	  0.356143	  0.349437	  0.342337	  0.334934	  0.327312	  0.319559	  0.311684	  0.303682	  0.295556	  0.287374	  0.279165	  0.270964	  0.262792	  0.254653	  0.246542	  0.238451	  0.230376	  0.222314	  0.214263	  0.206231	  0.198232	  0.190285	  0.182412	  0.174636	  0.166979	  0.159463	  0.152112	  0.144945	  0.137981	  0.131239	  0.124736	  0.118483
   662	     0	0.000280329	0.000432842	0.000909578	0.00213173	0.00513434	 0.0120835	 0.0263398	 0.0505187	 0.0832013	  0.120654	  0.159828	  0.198654	  0.235228	  0.268224	  0.296609	  0.319887	  0.337976	  0.351549	  0.361017	  0.367116	  0.370398	  0.371966	  0.372441	  0.372794	  0.373399	  0.374249	  0.375738	  0.377531	  0.379499	  0.381151	  0.382057	  0.382299	  0.381674	  0.379954	  0.377667	  0.374657	  0.370774	  0.366276	  0.361179	  0.355353	  0.348934	  0.342091	  0.334921	   0.32751	  0.319957	  0.312269	  0.304441	  0.296481	  0.288458	  0.280405	  0.272354	  0.264328	  0.256329	  0.248348	  0.240379	   0.23242	  0.224464	  0.216509	  0.208561	  0.200634	  0.192746	  0.184917	  0.177168	  0.169522	  0.162001	  0.154627	  0.147422	  0.140405	  0.133597	  0.127015	  0.120674
   663	     0	0.000344591	0.000554991	0.00136264	0.00386485	 0.0108909	 0.0270412	 0.0539233	 0.0872837	  0.122874	  0.159241	  0.195521	  0.230703	  0.263505	  0.293033	  0.318543	  0.339649	  0.356223	  0.368738	  0.377471	  0.383006	  0.385786	  0.386813	  0.386717	  0.386384	  0.386198	  0.386155	  0.386645	  0.387427	  0.388412	  0.389105	  0.389035	  0.388225	  0.386498	  0.383734	  0.380487	  0.376605	   0.37196	  0.366837	  0.361247	   0.35503	  0.348257	  0.341062	  0.333528	  0.325736	  0.317792	  0.309717	  0.301512	  0.293175	  0.284764	  0.276306	  0.267832	  0.259372	  0.250942	  0.242547	  0.234186	   0.22586	  0.217573	  0.209329	  0.201141	  0.193025	  0.185005	  0.177108	  0.169356	  0.161776	  0.154387	  0.147211	  0.140265	  0.133562	  0.127115	  0.120934	  0.115024
   664	     0	0.00015133	0.000240145	0.000545999	 0.0014141	0.00378919	0.00992798	  0.023827	 0.0488257	 0.0829128	  0.121441	   0.16134	  0.200789	  0.238035	  0.271799	  0.301071	  0.325351	  0.344527	  0.359198	  0.369747	  0.376871	  0.381083	  0.383448	  0.384592	  0.385455	  0.386423	   0.38749	  0.389057	  0.390822	  0.392684	  0.394167	  0.394842	  0.394781	  0.393795	  0.391697	   0.38904	  0.385664	  0.381423	  0.376593	  0.371193	  0.365074	  0.358356	  0.351206	  0.343725	     0.336	  0.328141	  0.320159	   0.31205	  0.303815	  0.295519	  0.287193	   0.27887	  0.270575	  0.262312	  0.254077	  0.245861	  0.237663	  0.229477	  0.221303	  0.213148	  0.205026	   0.19696	   0.18897	  0.181081	  0.173317	  0.165701	  0.158255	  0.150999	  0.143953	  0.137135	  0.130561	  0.124242
   665	     0	0.000396912	0.000606824	0.00124452	0.00282591	0.00655751	 0.0147593	 0.0305642	 0.0558435	 0.0888687	  0.126474	  0.166063	  0.205605	  0.243063	  0.277054	  0.306498	  0.330872	  0.350057	  0.364663	  0.375078	  0.382012	     0.386	  0.388117	  0.389015	  0.389623	  0.390341	  0.391169	  0.392508	  0.394066	   0.39576	  0.397106	   0.39767	  0.397515	  0.396453	   0.39429	  0.391565	  0.388115	  0.383796	  0.378879	  0.373379	  0.367155	  0.360328	  0.353068	  0.345475	  0.337639	  0.329666	  0.321568	  0.313339	  0.304983	  0.296567	  0.288123	  0.279684	  0.271273	  0.262897	  0.254547	  0.246216	  0.237901	  0.229596	    0.2213	   0.21302	  0.204771	  0.196574	  0.188451	  0.180428	  0.172526	   0.16477	  0.157183	  0.149786	  0.142598	  0.135639	  0.128925	   0.12247
   666	     0	0.000324871	0.000510643	0.00111314	0.00271393	0.00674604	 0.0160518	 0.0342112	 0.0623795	  0.097451	  0.135974	  0.175763	  0.215158	  0.252362	  0.286133	   0.31547	  0.339872	  0.359203	  0.374033	  0.384709	  0.391905	  0.396129	  0.398425	   0.39941	  0.400021	  0.400665	  0.401342	  0.402457	  0.403732	  0.405127	  0.406166	  0.406393	  0.405864	   0.40441	  0.401879	   0.39882	   0.39506	  0.390431	  0.385228	  0.379478	  0.373027	  0.365984	  0.358514	  0.350717	  0.342682	  0.334522	  0.326252	  0.317862	  0.309355	  0.300793	  0.292207	  0.283629	  0.275084	  0.266578	  0.258105	  0.249658	  0.241232	  0.232822	  0.224428	  0.216056	  0.207722	  0.199446	  0.191252	  0.183165	  0.175208	  0.167406	   0.15978	  0.152352	   0.14514	  0.138164	  0.131437	  0.124973
   667	     0	0.00022299	0.000340369	0.000696467	0.00158338	0.00371627	0.00864113	 0.0190982	 0.0382962	 0.0669099	  0.102322	  0.141118	  0.180649	  0.218613	  0.253395	  0.283752	   0.30905	  0.329122	  0.344575	  0.355818	  0.363576	  0.368387	  0.371338	  0.373067	  0.374516	  0.376065	  0.377713	  0.379863	  0.382196	  0.384598	  0.386611	  0.387831	  0.388352	  0.387971	  0.386465	  0.384374	  0.381544	  0.377806	  0.373402	  0.368346	  0.362513	  0.356044	  0.349119	  0.341844	  0.334312	  0.326631	  0.318812	  0.310852	  0.302759	  0.294603	  0.286417	  0.278235	   0.27008	  0.261953	  0.253847	  0.245753	  0.237669	  0.229585	  0.221502	  0.213423	  0.205364	  0.197343	  0.189382	  0.181502	  0.173727	  0.166079	  0.158581	  0.151255	   0.14412	  0.137198	  0.130505	  0.124057
   668	     0	0.00015133	0.000240145	0.000545999	 0.0014141	0.00378919	0.00992798	  0.023827	 0.0488257	 0.0829128	  0.121441	   0.16134	  0.200789	  0.238035	  0.271799	  0.301071	  0.325351	  0.344527	  0.359198	  0.369747	  0.376871	  0.381083	  0.383448	  0.384592	  0.385455	  0.386423	   0.38749	  0.389057	  0.390822	  0.392684	  0.394167	  0.394842	  0.394781	  0.393795	  0.391697	   0.38904	  0.385664	  0.381423	  0.376593	  0.371193	  0.365074	  0.358356	  0.351206	  0.343725	     0.336	  0.328141	  0.320159	   0.31205	  0.303815	  0.295519	  0.287193	   0.27887	  0.270575	  0.262312	  0.254077	  0.245861	  0.237663	  0.229477	  0.221303	  0.213148	  0.205026	   0.19696	   0.18897	  0.181081	  0.173317	  0.165701	  0.158255	  0.150999	  0.143953	  0.137135	  0.130561	  0.124242
   669	     0	0.000348285	0.000527165	0.00107996	0.00246881	0.00578907	 0.0131825	 0.0275882	 0.0507616	 0.0810504	   0.11555	  0.152024	  0.188775	  0.224036	  0.256505	  0.285101	  0.309219	  0.328625	  0.343763	  0.354939	  0.362764	  0.367692	   0.37074	   0.37256	  0.374008	  0.375461	  0.376913	   0.37876	  0.380736	  0.382744	  0.384336	  0.385112	  0.385134	  0.384224	  0.382217	  0.379653	  0.376382	  0.372272	   0.36758	   0.36232	  0.356347	  0.349763	  0.342729	  0.335341	  0.327685	   0.31987	  0.311913	  0.303814	  0.295577	  0.287263	  0.278904	  0.270533	  0.262175	  0.253842	  0.245532	  0.237241	  0.228966	  0.220708	  0.212467	  0.204254	  0.196087	   0.18799	  0.179987	  0.172105	  0.164367	  0.156798	   0.14942	  0.142252	  0.135313	  0.128618	   0.12218	  0.116009
   670	     0	0.000297266	0.000459046	0.000958471	0.00222368	0.00529585	 0.0123338	 0.0266859	 0.0510354	 0.0840931	  0.122069	  0.161728	  0.200866	  0.237517	   0.27035	  0.298347	  0.321049	  0.338429	  0.351239	  0.359924	  0.365256	  0.367829	  0.368775	  0.368696	  0.368609	  0.368891	  0.369535	  0.370934	  0.372736	   0.37481	  0.376655	  0.377819	  0.378382	  0.378127	  0.376808	   0.37494	  0.372366	   0.36889	  0.364738	  0.359926	  0.354341	  0.348138	   0.34149	    0.3345	  0.327258	  0.319865	  0.312328	  0.304647	  0.296832	  0.288956	  0.281052	  0.273155	  0.265284	  0.257439	  0.249609	  0.241788	  0.233973	  0.226155	   0.21833	  0.210504	  0.202688	  0.194899	  0.187153	  0.179472	  0.171876	  0.164385	  0.157021	  0.149805	  0.142759	  0.135902	  0.129255	  0.122835
   671	     0	0.000267785	0.000414467	0.000888326	0.00214104	0.00530363	 0.0127455	 0.0279372	 0.0529631	 0.0856266	  0.122322	  0.160543	  0.198545	  0.234564	  0.267325	  0.295808	  0.319489	   0.33822	   0.35256	  0.362862	   0.36979	  0.373836	  0.376048	  0.377034	  0.377721	  0.378488	  0.379321	  0.380603	  0.382058	  0.383553	  0.384617	  0.384893	  0.384446	   0.38308	  0.380584	  0.377495	  0.373662	  0.369033	   0.36393	  0.358365	  0.352167	  0.345432	  0.338307	  0.330881	  0.323234	  0.315446	  0.307529	   0.29948	  0.291302	  0.283059	  0.274779	  0.266496	  0.258235	  0.250005	  0.241802	  0.233622	  0.225462	   0.21732	  0.209199	  0.201109	  0.193069	  0.185101	   0.17723	   0.16948	  0.161876	  0.154441	  0.147196	   0.14016	   0.13335	  0.126783	  0.120471	  0.114423
   672	     0	0.000271983	0.000421232	0.000891344	0.00210602	0.00511464	 0.0121327	 0.0266209	 0.0512805	 0.0846603	  0.122973	  0.163132	  0.203005	  0.240597	  0.274533	  0.303755	  0.327762	  0.346477	  0.360561	  0.370434	  0.376833	  0.380322	  0.382006	  0.382524	   0.38282	  0.383279	  0.383878	  0.384974	  0.386315	  0.387837	  0.389075	  0.389616	  0.389489	  0.388518	  0.386526	  0.384003	  0.380797	  0.376753	  0.372115	  0.366887	  0.360931	  0.354367	  0.347362	  0.340013	  0.332411	  0.324657	  0.316764	   0.30873	  0.300561	  0.292325	  0.284055	  0.275785	  0.267539	   0.25932	  0.251123	  0.242941	  0.234768	  0.226601	  0.218436	  0.210282	  0.202153	  0.194071	  0.186057	  0.178134	  0.170327	  0.162657	  0.155149	  0.147822	  0.140697	  0.133793	  0.127127	  0.120712
   673	     0	0.000339706	0.000518177	0.00105631	0.00238555	0.00552821	 0.0125308	 0.0264513	 0.0496966	  0.081205	  0.117756	  0.156462	  0.195212	  0.232055	   0.26559	   0.29472	  0.318887	  0.337945	  0.352486	  0.362894	  0.369872	  0.373943	   0.37618	  0.377205	  0.377972	  0.378864	  0.379882	  0.381424	  0.383191	  0.385075	  0.386602	  0.387343	  0.387363	  0.386481	  0.384519	  0.382015	  0.378808	  0.374738	   0.37008	  0.364855	  0.358921	  0.352387	  0.345415	  0.338097	  0.330519	  0.322788	   0.31492	   0.30691	  0.298764	  0.290547	   0.28229	  0.274027	  0.265782	  0.257561	  0.249361	  0.241173	  0.232995	  0.224821	  0.216651	  0.208494	  0.200366	   0.19229	   0.18429	  0.176391	  0.168616	   0.16099	  0.153536	  0.146273	   0.13922	  0.132397	  0.125817	  0.119493
   674	     0	0.000152441	0.000239967	0.000520781	0.00126606	0.00318281	0.00792522	 0.0186629	 0.0392377	  0.070126	  0.107541	  0.147372	  0.187021	  0.224465	  0.258306	  0.287463	  0.311412	  0.330067	  0.344129	  0.354032	   0.36053	  0.364191	  0.366128	  0.366942	  0.367623	  0.368538	  0.369674	  0.371423	  0.373445	  0.375613	   0.37745	  0.378553	  0.379014	  0.378623	  0.377138	  0.375085	  0.372309	  0.368647	  0.364355	  0.359455	  0.353822	  0.347596	  0.340945	  0.333965	   0.32674	  0.319366	  0.311847	  0.304184	  0.296384	   0.28852	  0.280625	  0.272735	  0.264868	  0.257025	  0.249196	  0.241377	  0.233561	  0.225741	  0.217915	  0.210087	  0.202272	  0.194486	  0.186748	   0.17908	  0.171501	  0.164034	    0.1567	   0.14952	  0.142516	  0.135706	   0.12911	  0.122743
   675	     0	0.000388367	0.000581944	  0.001146	0.00248817	0.00554437	  0.012127	 0.0249208	 0.0462266	 0.0755434	  0.110263	  0.147672	  0.185607	  0.222019	  0.255436	  0.284689	  0.309155	  0.328637	  0.343676	   0.35463	  0.362177	  0.366817	  0.369608	  0.371165	  0.372413	  0.373725	  0.375096	   0.37692	  0.378901	   0.38093	  0.382551	  0.383368	  0.383464	  0.382653	  0.380735	   0.37825	  0.375044	  0.370976	  0.366315	   0.36108	  0.355125	  0.348568	  0.341576	  0.334245	  0.326663	  0.318932	  0.311065	  0.303061	  0.294925	  0.286722	  0.278485	  0.270246	   0.26203	  0.253842	  0.245676	  0.237526	   0.22939	  0.221264	  0.213147	  0.205047	   0.19698	  0.188968	  0.181032	  0.173197	  0.165486	  0.157923	   0.15053	  0.143327	  0.136334	  0.129569	  0.123047	  0.116781
   676	     0	0.000168044	0.00026296	0.00058159	0.00145973	0.00379097	0.00965254	  0.022691	  0.046148	  0.078577	  0.115706	  0.154401	  0.192767	  0.229026	  0.261904	  0.290376	  0.313934	   0.33246	  0.346565	  0.356628	  0.363342	  0.367227	  0.369359	  0.370352	  0.371139	  0.372092	  0.373189	   0.37481	  0.376668	  0.378654	   0.38031	  0.381231	  0.381482	   0.38087	  0.379185	  0.376943	  0.373995	  0.370192	  0.365776	  0.360752	  0.354982	  0.348596	  0.341762	  0.334586	  0.327156	  0.319574	  0.311854	  0.303993	  0.295999	  0.287938	  0.279843	  0.271747	  0.263675	   0.25563	  0.247606	  0.239597	  0.231598	  0.223606	  0.215619	  0.207644	  0.199697	  0.191798	  0.183969	  0.176231	  0.168609	  0.161126	  0.153803	   0.14666	  0.139719	  0.132996	  0.126509	   0.12027
   677	     0	0.000293278	0.000443735	0.000914727	0.00211189	0.00501868	 0.0116471	 0.0250218	 0.0474447	 0.0777785	  0.113043	   0.15068	  0.188701	  0.225085	  0.258434	  0.287632	    0.3121	  0.331657	  0.346827	  0.357953	  0.365688	  0.370517	  0.373482	  0.375224	  0.376639	  0.378115	  0.379656	  0.381673	  0.383874	  0.386153	  0.388058	  0.389171	  0.389568	  0.389052	   0.38742	  0.385212	  0.382275	  0.378446	  0.373955	  0.368809	  0.362871	  0.356276	  0.349204	  0.341768	  0.334068	  0.326217	  0.318232	  0.310114	  0.301868	   0.29356	  0.285221	  0.276885	  0.268575	  0.260299	   0.25205	  0.243822	  0.235611	  0.227412	  0.219224	  0.211056	  0.202923	  0.194847	  0.186851	  0.178958	  0.171194	   0.16358	  0.156141	  0.148896	  0.141865	  0.135066	  0.128515	  0.122224
   678	     0	0.000310108	0.000460713	0.000887311	0.00187716	0.00409461	  0.008887	 0.0185668	 0.0360328	 0.0625837	 0.0966741	  0.135136	  0.174938	   0.21341	  0.248707	  0.279484	  0.305074	  0.325314	  0.340833	  0.352068	  0.359767	  0.364488	  0.367339	  0.368965	  0.370319	   0.37178	  0.373341	   0.37539	  0.377635	  0.379945	  0.381869	   0.38303	    0.3835	  0.383076	  0.381539	  0.379415	  0.376557	  0.372822	   0.36845	  0.363449	  0.357683	  0.351282	  0.344417	   0.33719	  0.329694	  0.322032	  0.314221	  0.306261	  0.298161	  0.289988	  0.281777	  0.273562	  0.265366	  0.257194	  0.249039	  0.240896	  0.232758	  0.224621	  0.216485	  0.208356	  0.200251	  0.192193	  0.184203	  0.176306	  0.168525	  0.160884	  0.153406	  0.146112	  0.139023	  0.132156	  0.125528	  0.119154
   679	     0	0.00015133	0.000240145	0.000545999	 0.0014141	0.00378919	0.00992798	  0.023827	 0.0488257	 0.0829128	  0.121441	   0.16134	  0.200789	  0.238035	  0.271799	  0.301071	  0.325351	  0.344527	  0.359198	  0.369747	  0.376871	  0.381083	  0.383448	  0.384592	  0.385455	  0.386423	   0.38749	  0.389057	  0.390822	  0.392684	  0.394167	  0.394842	  0.394781	  0.393795	  0.391697	   0.38904	  0.385664	  0.381423	  0.376593	  0.371193	  0.365074	  0.358356	  0.351206	  0.343725	     0.336	  0.328141	  0.320159	   0.31205	  0.303815	  0.295519	  0.287193	   0.27887	  0.270575	  0.262312	  0.254077	  0.245861	  0.237663	  0.229477	  0.221303	  0.213148	  0.205026	   0.19696	   0.18897	  0.181081	  0.173317	  0.165701	  0.158255	  0.150999	  0.143953	  0.137135	  0.130561	  0.124242
   680	     0	0.000401982	0.000615729	0.00127661	0.00294197	0.00691783	 0.0156678	 0.0322649	 0.0580142	 0.0906691	   0.12723	  0.165519	  0.203823	  0.240334	  0.273753	  0.303025	  0.327585	  0.347238	  0.362476	  0.373623	  0.381323	  0.386049	  0.388825	  0.390296	  0.391364	  0.392429	  0.393506	  0.395011	  0.396661	  0.398375	  0.399681	  0.400136	  0.399803	  0.398506	    0.3961	  0.393153	    0.3895	  0.384984	  0.379899	  0.374272	  0.367951	  0.361032	  0.353672	  0.345966	     0.338	   0.32989	  0.321654	   0.31329	  0.304798	  0.296239	  0.287643	  0.279042	  0.270463	  0.261916	  0.253399	  0.244907	  0.236436	  0.227984	  0.219553	  0.211152	  0.202798	  0.194515	  0.186329	  0.178266	   0.17035	  0.162606	  0.155056	   0.14772	  0.140616	  0.133759	  0.127163	  0.120837
   681	     0	0.00015133	0.000240145	0.000545999	 0.0014141	0.00378919	0.00992798	  0.023827	 0.0488257	 0.0829128	  0.121441	   0.16134	  0.200789	  0.238035	  0.271799	  0.301071	  0.325351	  0.344527	  0.359198	  0.369747	  0.376871	  0.381083	  0.383448	  0.384592	  0.385455	  0.386423	   0.38749	  0.389057	  0.390822	  0.392684	  0.394167	  0.394842	  0.394781	  0.393795	  0.391697	   0.38904	  0.385664	  0.381423	  0.376593	  0.371193	  0.365074	  0.358356	  0.351206	  0.343725	     0.336	  0.328141	  0.320159	   0.31205	  0.303815	  0.295519	  0.287193	   0.27887	  0.270575	  0.262312	  0.254077	  0.245861	  0.237663	  0.229477	  0.221303	  0.213148	  0.205026	   0.19696	   0.18897	  0.181081	  0.173317	  0.165701	  0.158255	  0.150999	  0.143953	  0.137135	  0.130561	  0.124242
   682	     0	0.000368194	0.000564809	0.00121257	0.00294154	0.00728325	 0.0171409	 0.0357363	  0.063372	 0.0966391	  0.132483	  0.169118	  0.205182	  0.239176	      0.27	  0.296754	  0.318963	   0.33648	  0.349824	  0.359308	  0.365557	  0.369042	  0.370789	  0.371384	  0.371758	  0.372278	  0.372928	  0.374085	  0.375493	  0.377053	  0.378297	  0.378791	  0.378573	  0.377468	  0.375329	  0.372685	  0.369383	  0.365269	  0.360603	  0.355397	   0.34949	  0.342979	  0.336018	  0.328702	  0.321117	  0.313374	  0.305496	  0.297481	  0.289333	  0.281111	  0.272846	  0.264569	  0.256307	  0.248071	  0.239863	  0.231679	  0.223517	   0.21538	  0.207269	  0.199195	  0.191176	  0.183234	  0.175394	  0.167681	   0.16012	  0.152732	  0.145539	   0.13856	   0.13181	  0.125305	  0.119056	  0.113071
   683	     0	0.000419924	0.000651473	0.00142036	0.00348749	0.00868125	 0.0203117	 0.0415601	 0.0719818	  0.107707	  0.145754	  0.184345	  0.221996	  0.257054	  0.288446	   0.31532	  0.337282	  0.354276	  0.366927	  0.375599	  0.380975	  0.383576	  0.384472	  0.384281	  0.383941	   0.38384	  0.383959	  0.384677	  0.385716	  0.386985	  0.387988	  0.388278	  0.387898	  0.386662	  0.384377	  0.381558	  0.378049	   0.37372	  0.368834	  0.363398	  0.357259	  0.350537	  0.343395	  0.335933	  0.328238	  0.320409	  0.312459	  0.304381	  0.296181	  0.287922	  0.279636	  0.271356	  0.263104	  0.254887	    0.2467	  0.238535	  0.230391	  0.222265	  0.214156	  0.206071	  0.198025	  0.190038	  0.182131	  0.174328	  0.166651	  0.159123	  0.151766	  0.144601	  0.137646	  0.130919	  0.124437	   0.11821
   684	     0	0.000395635	0.000593399	0.00117254	0.00255614	0.00571671	 0.0125335	 0.0257596	 0.0476849	 0.0777029	  0.113156	  0.151321	  0.189995	  0.227062	  0.261024	  0.290708	  0.315508	  0.335243	  0.350463	   0.36154	  0.369163	  0.373841	  0.376632	  0.378176	  0.379396	  0.380679	  0.382023	   0.38383	  0.385803	  0.387834	  0.389458	  0.390265	   0.39033	  0.389464	  0.387475	  0.384914	  0.381623	  0.377459	  0.372691	  0.367337	   0.36125	  0.354549	  0.347401	  0.339907	  0.332159	  0.324264	  0.316238	  0.308078	  0.299788	  0.291432	  0.283042	  0.274652	  0.266284	  0.257946	  0.249634	   0.24134	  0.233063	  0.224798	  0.216547	  0.208317	  0.200124	  0.191989	  0.183937	  0.175992	  0.168177	  0.160517	  0.153033	  0.145748	  0.138679	  0.131845	   0.12526	  0.118937
   685	     0	0.000446466	0.000695772	0.00146944	0.00343214	0.00812472	 0.0183363	 0.0371396	 0.0651414	 0.0994288	  0.136994	  0.175847	  0.214402	  0.250918	  0.284169	  0.313142	  0.337307	  0.356493	  0.371216	  0.381814	  0.388948	  0.393111	  0.395343	  0.396332	  0.396952	  0.397604	  0.398289	  0.399407	  0.400678	  0.402022	  0.402942	  0.403007	  0.402271	  0.400565	  0.397736	  0.394344	  0.390219	  0.385267	  0.379818	  0.373907	  0.367387	  0.360339	  0.352906	   0.34517	  0.337207	  0.329112	  0.320896	   0.31255	  0.304071	  0.295522	  0.286931	  0.278333	  0.269752	  0.261199	  0.252672	  0.244165	  0.235676	  0.227205	  0.218755	  0.210333	  0.201957	  0.193651	  0.185439	  0.177345	  0.169396	  0.161615	  0.154024	  0.146643	  0.139491	  0.132585	  0.125938	   0.11956
   686	     0	0.000259745	0.000405982	0.00089322	0.00222214	 0.0056773	 0.0139891	  0.031041	  0.058655	 0.0937316	  0.132262	   0.17177	  0.210567	  0.246927	  0.279648	  0.307791	  0.330914	  0.348944	  0.362503	  0.371986	  0.378094	   0.38135	  0.382831	  0.383181	   0.38334	  0.383695	  0.384243	  0.385385	  0.386809	  0.388385	  0.389607	   0.39005	  0.389779	  0.388595	  0.386295	  0.383428	  0.379836	  0.375418	  0.370464	  0.364992	  0.358848	  0.352142	   0.34503	  0.337605	  0.329949	  0.322156	  0.314237	  0.306186	  0.298007	  0.289763	  0.281485	  0.273207	  0.264951	  0.256725	  0.248525	  0.240343	  0.232178	  0.224026	  0.215888	  0.207772	  0.199694	  0.191676	   0.18374	   0.17591	  0.168211	  0.160664	  0.153294	  0.146119	  0.139158	  0.132429	  0.125946	  0.119721
   687	     0	0.000198896	0.000307625	0.000661441	0.00160536	 0.0040306	0.00995192	 0.0228842	  0.046168	  0.078835	  0.116649	  0.156046	  0.194823	  0.231109	  0.263619	  0.291372	  0.313927	  0.331255	  0.344081	  0.352844	  0.358297	  0.361008	  0.362099	  0.362165	  0.362209	  0.362596	  0.363315	  0.364754	  0.366577	  0.368638	  0.370445	  0.371575	  0.372103	  0.371813	   0.37046	  0.368556	  0.365953	  0.362484	  0.358378	  0.353643	  0.348148	  0.342038	  0.335481	  0.328578	  0.321419	    0.3141	  0.306634	  0.299022	  0.291275	  0.283461	  0.275617	  0.267774	  0.259954	  0.252159	   0.24438	  0.236612	  0.228849	  0.221086	  0.213319	  0.205556	   0.19781	  0.190099	  0.182443	  0.174864	  0.167383	  0.160021	    0.1528	  0.145742	  0.138865	  0.132189	  0.125732	  0.119509
   688	     0	0.000330369	0.000510964	0.00108056	 0.0025489	0.00615477	  0.014389	 0.0307254	 0.0571617	 0.0915619	  0.130378	  0.170914	  0.211133	  0.248994	  0.283152	  0.312579	  0.336809	  0.355772	  0.370127	   0.38028	  0.386959	  0.390705	  0.392598	  0.393275	  0.393699	  0.394281	  0.395034	  0.396377	  0.397978	  0.399728	  0.401124	  0.401721	  0.401598	  0.400549	  0.398357	  0.395585	  0.392063	  0.387654	  0.382643	  0.377047	  0.370723	  0.363797	  0.356446	  0.348772	  0.340868	  0.332839	  0.324696	  0.316432	  0.308052	   0.29962	  0.291169	  0.282731	  0.274329	  0.265967	  0.257636	  0.249328	  0.241038	  0.232761	  0.224493	  0.216241	   0.20802	   0.19985	  0.191754	  0.183755	  0.175875	   0.16814	  0.160571	   0.15319	  0.146016	  0.139069	  0.132365	  0.125918
   689	     0	0.000196439	0.000301017	0.000651022	 0.0016046	0.00408894	 0.0101347	 0.0228813	  0.044356	 0.0726592	  0.104674	  0.138448	  0.172691	  0.205995	  0.237181	  0.265207	  0.289411	  0.309441	  0.325573	  0.337998	  0.347217	  0.353577	  0.358018	  0.361156	  0.363794	  0.366283	  0.368612	  0.371168	  0.373719	  0.376161	  0.378097	  0.379146	  0.379367	   0.37859	  0.376696	  0.374254	  0.371129	  0.367166	  0.362611	  0.357485	  0.351641	   0.34516	  0.338185	  0.330815	  0.323139	  0.315277	  0.307262	  0.299098	  0.290789	  0.282393	  0.273935	   0.26545	  0.256968	  0.248507	  0.240076	  0.231676	  0.223309	  0.214979	  0.206693	  0.198464	  0.190312	  0.182261	   0.17434	  0.166574	  0.158988	  0.151606	  0.144446	  0.137526	  0.130859	  0.124457	  0.118327	  0.112473
   690	     0	0.000419924	0.000651473	0.00142036	0.00348749	0.00868125	 0.0203117	 0.0415601	 0.0719818	  0.107707	  0.145754	  0.184345	  0.221996	  0.257054	  0.288446	   0.31532	  0.337282	  0.354276	  0.366927	  0.375599	  0.380975	  0.383576	  0.384472	  0.384281	  0.383941	   0.38384	  0.383959	  0.384677	  0.385716	  0.386985	  0.387988	  0.388278	  0.387898	  0.386662	  0.384377	  0.381558	  0.378049	   0.37372	  0.368834	  0.363398	  0.357259	  0.350537	  0.343395	  0.335933	  0.328238	  0.320409	  0.312459	  0.304381	  0.296181	  0.287922	  0.279636	  0.271356	  0.263104	  0.254887	    0.2467	  0.238535	  0.230391	  0.222265	  0.214156	  0.206071	  0.198025	  0.190038	  0.182131	  0.174328	  0.166651	  0.159123	  0.151766	  0.144601	  0.137646	  0.130919	  0.124437	   0.11821
   691	     0	0.000388367	0.000581944	  0.001146	0.00248817	0.00554437	  0.012127	 0.0249208	 0.0462266	 0.0755434	  0.110263	  0.147672	  0.185607	  0.222019	  0.255436	  0.284689	  0.309155	  0.328637	  0.343676	   0.35463	  0.362177	  0.366817	  0.369608	  0.371165	  0.372413	  0.373725	  0.375096	   0.37692	  0.378901	   0.38093	  0.382551	  0.383368	  0.383464	  0.382653	  0.380735	   0.37825	  0.375044	  0.370976	  0.366315	   0.36108	  0.355125	  0.348568	  0.341576	  0.334245	  0.326663	  0.318932	  0.311065	  0.303061	  0.294925	  0.286722	  0.278485	  0.270246	   0.26203	  0.253842	  0.245676	  0.237526	   0.22939	  0.221264	  0.213147	  0.205047	   0.19698	  0.188968	  0.181032	  0.173197	  0.165486	  0.157923	   0.15053	  0.143327	  0.136334	  0.129569	  0.123047	  0.116781
   692	     0	0.000198896	0.000307625	0.000661441	0.00160536	 0.0040306	0.00995192	 0.0228842	  0.046168	  0.078835	  0.116649	  0.156046	  0.194823	  0.231109	  0.263619	  0.291372	  0.313927	  0.331255	  0.344081	  0.352844	  0.358297	  0.361008	  0.362099	  0.362165	  0.362209	  0.362596	  0.363315	  0.364754	  0.366577	  0.368638	  0.370445	  0.371575	  0.372103	  0.371813	   0.37046	  0.368556	  0.365953	  0.362484	  0.358378	  0.353643	  0.348148	  0.342038	  0.335481	  0.328578	  0.321419	    0.3141	  0.306634	  0.299022	  0.291275	  0.283461	  0.275617	  0.267774	  0.259954	  0.252159	   0.24438	  0.236612	  0.228849	  0.221086	  0.213319	  0.205556	   0.19781	  0.190099	  0.182443	  0.174864	  0.167383	  0.160021	    0.1528	  0.145742	  0.138865	  0.132189	  0.125732	  0.119509
   693	     0	0.000264967	0.000406889	0.00086287	0.00205827	0.00505378	 0.0120791	 0.0264922	 0.0505798	 0.0825599	  0.118957	  0.157187	  0.195411	   0.23178	  0.264965	  0.293908	   0.31806	  0.337261	  0.352045	  0.362772	  0.370107	  0.374546	  0.377137	  0.378539	  0.379648	  0.380844	  0.382117	  0.383861	  0.385789	  0.387788	  0.389389	  0.390175	  0.390209	  0.389302	  0.387273	  0.384673	  0.381349	  0.377167	   0.37239	   0.36703	  0.360946	  0.354247	  0.347101	  0.339609	  0.331862	  0.323968	  0.315945	  0.307789	  0.299501	  0.291144	   0.28275	   0.27435	   0.26597	  0.257619	  0.249293	  0.240988	  0.232702	  0.224435	  0.216188	   0.20797	  0.199795	  0.191687	  0.183669	  0.175764	  0.167998	  0.160394	  0.152973	  0.145757	  0.138764	   0.13201	  0.125509	  0.119274
   694	     0	0.00015133	0.000240145	0.000545999	 0.0014141	0.00378919	0.00992798	  0.023827	 0.0488257	 0.0829128	  0.121441	   0.16134	  0.200789	  0.238035	  0.271799	  0.301071	  0.325351	  0.344527	  0.359198	  0.369747	  0.376871	  0.381083	  0.383448	  0.384592	  0.385455	  0.386423	   0.38749	  0.389057	  0.390822	  0.392684	  0.394167	  0.394842	  0.394781	  0.393795	  0.391697	   0.38904	  0.385664	  0.381423	  0.376593	  0.371193	  0.365074	  0.358356	  0.351206	  0.343725	     0.336	  0.328141	  0.320159	   0.31205	  0.303815	  0.295519	  0.287193	   0.27887	  0.270575	  0.262312	  0.254077	  0.245861	  0.237663	  0.229477	  0.221303	  0.213148	  0.205026	   0.19696	   0.18897	  0.181081	  0.173317	  0.165701	  0.158255	  0.150999	  0.143953	  0.137135	  0.130561	  0.124242
   695	     0	0.000324015	0.000490922	0.000988231	0.00219998	0.00503117	 0.0113015	 0.0238348	 0.0452016	 0.0750302	   0.11062	  0.149158	  0.188398	  0.226175	  0.260945	  0.291486	   0.31715	  0.337724	  0.353723	  0.365517	  0.373788	  0.379041	  0.382331	  0.384348	  0.385973	  0.387601	  0.389238	  0.391301	  0.393492	  0.395725	  0.397539	  0.398506	  0.398701	  0.397942	  0.396057	    0.3936	   0.39041	  0.386321	  0.381588	   0.37623	  0.370119	  0.363377	  0.356176	   0.34862	  0.340801	  0.332835	  0.324735	  0.316498	  0.308127	  0.299688	  0.291213	  0.282735	  0.274279	  0.265852	  0.257448	   0.24906	  0.240684	  0.232316	  0.223955	  0.215609	  0.207292	  0.199027	  0.190836	  0.182745	  0.174777	  0.166958	  0.159309	  0.151852	  0.144608	  0.137595	   0.13083	  0.124325
   696	     0	0.000398577	0.000599674	0.00118312	 0.0025641	0.00568794	 0.0123599	 0.0252033	 0.0464688	 0.0758134	  0.111025	  0.149646	   0.18945	  0.228124	  0.264041	  0.295899	  0.322989	  0.345036	  0.362467	  0.375615	  0.385127	  0.391476	  0.395683	  0.398459	  0.400636	  0.402635	  0.404479	  0.406595	  0.408724	  0.410825	  0.412458	  0.413198	  0.413113	   0.41203	  0.409802	  0.406996	  0.403447	   0.39899	  0.393894	  0.388183	   0.38172	  0.374617	  0.367046	  0.359113	  0.350915	  0.342573	  0.334107	  0.325512	   0.31679	  0.308006	   0.29919	  0.290377	  0.281593	  0.272845	  0.264131	  0.255441	  0.246772	  0.238117	  0.229478	   0.22086	  0.212281	  0.203765	  0.195336	   0.18702	  0.178843	  0.170829	  0.163002	  0.155383	  0.147991	  0.140844	  0.133959	  0.127346
   697	     0	0.000306872	0.000469805	0.000982881	0.00230183	0.00553954	 0.0129752	 0.0279499	 0.0526715	 0.0853052	  0.122274	   0.16086	  0.199166	  0.235363	  0.268157	  0.296525	  0.319963	  0.338352	  0.352287	  0.362156	  0.368655	  0.372306	  0.374186	  0.374943	  0.375505	  0.376248	  0.377167	  0.378658	  0.380417	  0.382332	  0.383917	  0.384736	  0.384854	  0.384081	   0.38223	  0.379832	  0.376734	  0.372779	   0.36822	   0.36307	  0.357192	  0.350709	  0.343785	  0.336518	  0.328995	  0.321321	   0.31351	  0.305558	   0.29747	  0.289312	  0.281115	  0.272913	   0.26473	  0.256572	  0.248433	  0.240308	  0.232193	  0.224086	  0.215985	  0.207898	  0.199841	  0.191834	    0.1839	  0.176063	  0.168346	  0.160773	  0.153366	  0.146145	  0.139132	  0.132342	  0.125793	  0.119497
   698	     0	0.000375287	0.000567861	0.00114664	0.00256555	0.00588663	 0.0131888	 0.0274652	 0.0509012	 0.0822715	  0.118418	  0.156556	  0.194614	  0.230633	  0.263251	  0.291398	  0.314549	  0.332596	  0.346183	  0.355704	  0.361876	  0.365243	  0.366899	  0.367459	  0.367886	  0.368554	  0.369457	  0.370985	  0.372826	  0.374858	  0.376603	  0.377634	   0.37802	  0.377563	  0.376043	  0.373972	  0.371198	  0.367552	  0.363265	  0.358347	   0.35267	  0.346369	  0.339616	  0.332513	   0.32515	  0.317629	  0.309963	  0.302153	  0.294206	  0.286192	  0.278143	  0.270093	  0.262065	  0.254062	  0.246076	  0.238102	  0.230134	  0.222168	    0.2142	  0.206239	    0.1983	  0.190402	  0.182566	  0.174815	  0.167172	   0.15966	    0.1523	  0.145114	  0.138121	  0.131342	  0.124793	  0.118489
   699	     0	0.00015133	0.000240145	0.000545999	 0.0014141	0.00378919	0.00992798	  0.023827	 0.0488257	 0.0829128	  0.121441	   0.16134	  0.200789	  0.238035	  0.271799	  0.301071	  0.325351	  0.344527	  0.359198	  0.369747	  0.376871	  0.381083	  0.383448	  0.384592	  0.385455	  0.386423	   0.38749	  0.389057	  0.390822	  0.392684	  0.394167	  0.394842	  0.394781	  0.393795	  0.391697	   0.38904	  0.385664	  0.381423	  0.376593	  0.371193	  0.365074	  0.358356	  0.351206	  0.343725	     0.336	  0.328141	  0.320159	   0.31205	  0.303815	  0.295519	  0.287193	   0.27887	  0.270575	  0.262312	  0.254077	  0.245861	  0.237663	  0.229477	  0.221303	  0.213148	  0.205026	   0.19696	   0.18897	  0.181081	  0.173317	  0.165701	  0.158255	  0.150999	  0.143953	  0.137135	  0.130561	  0.124242
   700	     0	0.000395635	0.000593399	0.00117254	0.00255614	0.00571671	 0.0125335	 0.0257596	 0.0476849	 0.0777029	  0.113156	  0.151321	  0.189995	  0.227062	  0.261024	  0.290708	  0.315508	  0.335243	  0.350463	   0.36154	  0.369163	  0.373841	  0.376632	  0.378176	  0.379396	  0.380679	  0.382023	   0.38383	  0.385803	  0.387834	  0.389458	  0.390265	   0.39033	  0.389464	  0.387475	  0.384914	  0.381623	  0.377459	  0.372691	  0.367337	   0.36125	  0.354549	  0.347401	  0.339907	  0.332159	  0.324264	  0.316238	  0.308078	  0.299788	  0.291432	  0.283042	  0.274652	  0.266284	  0.257946	  0.249634	   0.24134	  0.233063	  0.224798	  0.216547	  0.208317	  0.200124	  0.191989	  0.183937	  0.175992	  0.168177	  0.160517	  0.153033	  0.145748	  0.138679	  0.131845	   0.12526	  0.118937
   701	     0	0.000242948	0.000377155	0.000787287	0.00182069	0.00433215	 0.0101683	 0.0225251	  0.044818	 0.0771012	  0.115804	  0.156978	   0.19783	  0.236077	  0.270231	  0.299206	  0.322549	  0.340279	  0.353247	  0.361948	  0.367214	   0.36969	  0.370546	  0.370362	  0.370201	  0.370438	  0.371055	  0.372428	   0.37421	  0.376291	  0.378177	  0.379422	  0.380104	  0.379993	  0.378829	  0.377119	  0.374703	  0.371357	   0.36729	  0.362522	  0.356952	  0.350746	  0.344086	  0.337082	  0.329827	  0.322422	  0.314871	  0.307178	  0.299354	  0.291477	  0.283582	  0.275703	  0.267857	   0.26004	  0.252241	  0.244455	  0.236678	  0.228901	  0.221119	  0.213335	  0.205558	  0.197801	  0.190078	  0.182407	  0.174805	  0.167293	   0.15989	  0.152616	  0.145495	  0.138546	   0.13179	  0.125248
   702	     0	0.000253496	0.00039222	0.000826078	0.00194152	0.00469997	 0.0111757	 0.0248182	 0.0488105	 0.0822891	  0.121219	  0.161928	   0.20198	  0.239341	  0.272655	  0.300923	  0.323722	  0.341068	  0.353758	  0.362265	  0.367386	  0.369731	  0.370447	  0.370117	  0.369783	  0.369819	  0.370209	  0.371331	  0.372852	  0.374637	  0.376186	  0.377065	  0.377348	  0.376817	  0.375224	  0.373081	  0.370231	  0.366509	  0.362164	  0.357211	  0.351519	  0.345233	  0.338519	  0.331479	  0.324197	   0.31677	  0.309203	  0.301497	  0.293661	  0.285766	  0.277847	  0.269936	  0.262054	    0.2542	  0.246365	  0.238544	  0.230731	   0.22292	  0.215108	    0.2073	  0.199508	  0.191748	  0.184038	  0.176397	  0.168848	   0.16141	  0.154105	  0.146954	  0.139978	  0.133197	  0.126629	  0.120291
   703	     0	0.000368194	0.000564809	0.00121257	0.00294154	0.00728325	 0.0171409	 0.0357363	  0.063372	 0.0966391	  0.132483	  0.169118	  0.205182	  0.239176	      0.27	  0.296754	  0.318963	   0.33648	  0.349824	  0.359308	  0.365557	  0.369042	  0.370789	  0.371384	  0.371758	  0.372278	  0.372928	  0.374085	  0.375493	  0.377053	  0.378297	  0.378791	  0.378573	  0.377468	  0.375329	  0.372685	  0.369383	  0.365269	  0.360603	  0.355397	   0.34949	  0.342979	  0.336018	  0.328702	  0.321117	  0.313374	  0.305496	  0.297481	  0.289333	  0.281111	  0.272846	  0.264569	  0.256307	  0.248071	  0.239863	  0.231679	  0.223517	   0.21538	  0.207269	  0.199195	  0.191176	  0.183234	  0.175394	  0.167681	   0.16012	  0.152732	  0.145539	   0.13856	   0.13181	  0.125305	  0.119056	  0.113071
   704	     0	0.000401982	0.000615729	0.00127661	0.00294197	0.00691783	 0.0156678	 0.0322649	 0.0580142	 0.0906691	   0.12723	  0.165519	  0.203823	  0.240334	  0.273753	  0.303025	  0.327585	  0.347238	  0.362476	  0.373623	  0.381323	  0.386049	  0.388825	  0.390296	  0.391364	  0.392429	  0.393506	  0.395011	  0.396661	  0.398375	  0.399681	  0.400136	  0.399803	  0.398506	    0.3961	  0.393153	    0.3895	  0.384984	  0.379899	  0.374272	  0.367951	  0.361032	  0.353672	  0.345966	     0.338	   0.32989	  0.321654	   0.31329	  0.304798	  0.296239	  0.287643	  0.279042	  0.270463	  0.261916	  0.253399	  0.244907	  0.236436	  0.227984	  0.219553	  0.211152	  0.202798	  0.194515	  0.186329	  0.178266	   0.17035	  0.162606	  0.155056	   0.14772	  0.140616	  0.133759	  0.127163	  0.120837
   705	     0	0.000152441	0.000239967	0.000520781	0.00126606	0.00318281	0.00792522	 0.0186629	 0.0392377	  0.070126	  0.107541	  0.147372	  0.187021	  0.224465	  0.258306	  0.287463	  0.311412	  0.330067	  0.344129	  0.354032	   0.36053	  0.364191	  0.366128	  0.366942	  0.367623	  0.368538	  0.369674	  0.371423	  0.373445	  0.375613	   0.37745	  0.378553	  0.379014	  0.378623	  0.377138	  0.375085	  0.372309	  0.368647	  0.364355	  0.359455	  0.353822	  0.347596	  0.340945	  0.333965	   0.32674	  0.319366	  0.311847	  0.304184	  0.296384	   0.28852	  0.280625	  0.272735	  0.264868	  0.257025	  0.249196	  0.241377	  0.233561	  0.225741	  0.217915	  0.210087	  0.202272	  0.194486	  0.186748	   0.17908	  0.171501	  0.164034	    0.1567	   0.14952	  0.142516	  0.135706	   0.12911	  0.122743
   706	     0	0.00015133	0.000240145	0.000545999	 0.0014141	0.00378919	0.00992798	  0.023827	 0.0488257	 0.0829128	  0.121441	   0.16134	  0.200789	  0.238035	  0.271799	  0.301071	  0.325351	  0.344527	  0.359198	  0.369747	  0.376871	  0.381083	  0.383448	  0.384592	  0.385455	  0.386423	   0.38749	  0.389057	  0.390822	  0.392684	  0.394167	  0.394842	  0.394781	  0.393795	  0.391697	   0.38904	  0.385664	  0.381423	  0.376593	  0.371193	  0.365074	  0.358356	  0.351206	  0.343725	     0.336	  0.328141	  0.320159	   0.31205	  0.303815	  0.295519	  0.287193	   0.27887	  0.270575	  0.262312	  0.254077	  0.245861	  0.237663	  0.229477	  0.221303	  0.213148	  0.205026	   0.19696	   0.18897	  0.181081	  0.173317	  0.165701	  0.158255	  0.150999	  0.143953	  0.137135	  0.130561	  0.124242
   707	     0	0.00032111	0.000489364	 0.0010087	0.00231621	0.00545936	  0.012542	 0.0266322	 0.0499045	 0.0809926	   0.11678	  0.154681	  0.192749	  0.229036	  0.262182	  0.291091	  0.315198	  0.334338	  0.349071	  0.359749	  0.367046	  0.371458	  0.374039	  0.375405	  0.376479	  0.377642	  0.378891	  0.380628	  0.382546	  0.384528	  0.386109	  0.386892	  0.386967	  0.386134	  0.384169	  0.381613	  0.378312	  0.374145	  0.369384	  0.364046	  0.357982	   0.35132	  0.344229	  0.336812	   0.32916	  0.321369	   0.31345	    0.3054	  0.297225	  0.288991	   0.28073	  0.272475	  0.264249	  0.256057	  0.247891	  0.239744	  0.231615	  0.223498	  0.215392	  0.207306	  0.199254	  0.191257	  0.183336	  0.175516	  0.167819	  0.160268	  0.152886	  0.145694	   0.13871	  0.131953	   0.12544	  0.119182
   708	     0	0.00015133	0.000240145	0.000545999	 0.0014141	0.00378919	0.00992798	  0.023827	 0.0488257	 0.0829128	  0.121441	   0.16134	  0.200789	  0.238035	  0.271799	  0.301071	  0.325351	  0.344527	  0.359198	  0.369747	  0.376871	  0.381083	  0.383448	  0.384592	  0.385455	  0.386423	   0.38749	  0.389057	  0.390822	  0.392684	  0.394167	  0.394842	  0.394781	  0.393795	  0.391697	   0.38904	  0.385664	  0.381423	  0.376593	  0.371193	  0.365074	  0.358356	  0.351206	  0.343725	     0.336	  0.328141	  0.320159	   0.31205	  0.303815	  0.295519	  0.287193	   0.27887	  0.270575	  0.262312	  0.254077	  0.245861	  0.237663	  0.229477	  0.221303	  0.213148	  0.205026	   0.19696	   0.18897	  0.181081	  0.173317	  0.165701	  0.158255	  0.150999	  0.143953	  0.137135	  0.130561	  0.124242
   709	     0	0.000313377	0.000473053	0.000976574	0.00226517	0.00540609	 0.0125443	 0.0267176	 0.0497875	 0.0800076	  0.114299	  0.150373	  0.186562	  0.221166	   0.25292	  0.280786	   0.30419	  0.322923	  0.337452	   0.34809	  0.355455	      0.36	  0.362751	  0.364339	  0.365634	  0.366997	  0.368408	  0.370249	  0.372251	  0.374294	  0.375932	  0.376774	  0.376884	  0.376079	  0.374178	  0.371716	  0.368551	  0.364558	  0.359987	   0.35485	  0.348996	  0.342534	  0.335622	   0.32836	  0.320834	   0.31315	  0.305324	  0.297358	  0.289254	  0.281075	  0.272852	  0.264617	  0.256396	  0.248199	  0.240025	   0.23187	  0.223734	  0.215618	  0.207524	  0.199462	  0.191449	  0.183507	  0.175661	  0.167935	  0.160353	  0.152939	  0.145713	  0.138695	  0.131903	  0.125353	  0.119057	  0.113025
   710	     0	0.000374823	0.000571886	0.00117346	0.00267318	0.00623538	 0.0141323	 0.0295066	  0.054306	 0.0868035	  0.123733	  0.162479	  0.201098	  0.237687	  0.270906	    0.2997	  0.323539	  0.342294	  0.356551	  0.366693	  0.373414	  0.377239	  0.379237	  0.380051	  0.380606	  0.381286	  0.382083	  0.383388	  0.384915	  0.386564	  0.387856	  0.388375	  0.388181	   0.38709	  0.384914	  0.382181	  0.378737	  0.374455	  0.369613	  0.364227	  0.358149	   0.35149	  0.344411	  0.337004	  0.329352	  0.321556	  0.313627	  0.305561	  0.297362	  0.289096	  0.280794	  0.272489	  0.264206	  0.255951	  0.247718	  0.239503	  0.231301	  0.223109	  0.214927	  0.206764	  0.198636	  0.190563	  0.182569	  0.174678	  0.166914	    0.1593	  0.151859	  0.144611	  0.137575	   0.13077	   0.12421	  0.117908
   711	     0	0.000301099	0.000457389	0.000964564	0.00229914	 0.0056349	 0.0133427	 0.0286322	     0.053	 0.0840445	  0.118564	  0.154457	  0.190216	   0.22425	  0.255366	  0.282584	  0.305365	  0.323518	  0.337523	  0.347686	   0.35462	  0.358779	  0.361188	  0.362462	  0.363486	  0.364619	  0.365838	  0.367517	  0.369397	  0.371354	  0.372941	  0.373761	  0.373863	  0.373062	  0.371191	  0.368774	  0.365673	  0.361755	  0.357265	   0.35221	  0.346436	  0.340046	  0.333195	  0.325984	    0.3185	   0.31085	  0.303055	  0.295117	  0.287039	  0.278885	  0.270681	  0.262462	  0.254255	   0.24607	  0.237909	  0.229768	  0.221648	  0.213551	  0.205479	  0.197443	  0.189461	  0.181557	  0.173756	  0.166081	  0.158558	   0.15121	  0.144056	  0.137117	  0.130409	  0.123946	   0.11774	  0.111799
   712	     0	0.00015133	0.000240145	0.000545999	 0.0014141	0.00378919	0.00992798	  0.023827	 0.0488257	 0.0829128	  0.121441	   0.16134	  0.200789	  0.238035	  0.271799	  0.301071	  0.325351	  0.344527	  0.359198	  0.369747	  0.376871	  0.381083	  0.383448	  0.384592	  0.385455	  0.386423	   0.38749	  0.389057	  0.390822	  0.392684	  0.394167	  0.394842	  0.394781	  0.393795	  0.391697	   0.38904	  0.385664	  0.381423	  0.376593	  0.371193	  0.365074	  0.358356	  0.351206	  0.343725	     0.336	  0.328141	  0.320159	   0.31205	  0.303815	  0.295519	  0.287193	   0.27887	  0.270575	  0.262312	  0.254077	  0.245861	  0.237663	  0.229477	  0.221303	  0.213148	  0.205026	   0.19696	   0.18897	  0.181081	  0.173317	  0.165701	  0.158255	  0.150999	  0.143953	  0.137135	  0.130561	  0.124242
   713	     0	0.00015133	0.000240145	0.000545999	 0.0014141	0.00378919	0.00992798	  0.023827	 0.0488257	 0.0829128	  0.121441	   0.16134	  0.200789	  0.238035	  0.271799	  0.301071	  0.325351	  0.344527	  0.359198	  0.369747	  0.376871	  0.381083	  0.383448	  0.384592	  0.385455	  0.386423	   0.38749	  0.389057	  0.390822	  0.392684	  0.394167	  0.394842	  0.394781	  0.393795	  0.391697	   0.38904	  0.385664	  0.381423	  0.376593	  0.371193	  0.365074	  0.358356	  0.351206	  0.343725	     0.336	  0.328141	  0.320159	   0.31205	  0.303815	  0.295519	  0.287193	   0.27887	  0.270575	  0.262312	  0.254077	  0.245861	  0.237663	  0.229477	  0.221303	  0.213148	  0.205026	   0.19696	   0.18897	  0.181081	  0.173317	  0.165701	  0.158255	  0.150999	  0.143953	  0.137135	  0.130561	  0.124242
   714	     0	0.00036903	0.000571388	0.00125366	0.00311575	0.00786286	  0.018612	 0.0383155	 0.0663983	 0.0992245	  0.134239	  0.170036	  0.205411	  0.238931	  0.269536	  0.296332	  0.318817	  0.336795	  0.350697	  0.360796	  0.367667	  0.371735	  0.373992	  0.375057	  0.375804	  0.376605	  0.377457	  0.378757	  0.380236	  0.381772	  0.382892	  0.383185	   0.38271	  0.381283	  0.378745	   0.37566	  0.371879	  0.367308	  0.362244	  0.356708	  0.350535	  0.343805	  0.336658	   0.32918	  0.321452	  0.313572	  0.305559	  0.297413	  0.289135	  0.280783	  0.272385	  0.263972	  0.255573	  0.247202	  0.238862	  0.230552	  0.222273	  0.214028	  0.205822	  0.197667	  0.189582	  0.181591	  0.173719	  0.165991	  0.158433	  0.151065	  0.143908	   0.13698	  0.130297	  0.123869	  0.117707	  0.111818
   715	     0	0.000204849	0.000310775	0.000624345	0.00138643	0.00317864	0.00725189	 0.0158921	 0.0321237	 0.0573837	 0.0900977	  0.127201	   0.16593	  0.203772	  0.238952	  0.270067	  0.296356	  0.317553	  0.334195	  0.346642	  0.355588	  0.361535	  0.365545	  0.368248	  0.370554	  0.372845	  0.375123	  0.377802	  0.380551	  0.383233	  0.385419	   0.38677	  0.387411	  0.387123	  0.385637	  0.383503	   0.38057	  0.376723	   0.37222	   0.36708	  0.361176	  0.354653	  0.347691	  0.340398	  0.332868	  0.325193	  0.317381	  0.309432	  0.301353	  0.293215	  0.285054	  0.276903	  0.268783	  0.260695	  0.252629	  0.244577	  0.236536	  0.228498	   0.22046	  0.212429	   0.20442	  0.196452	  0.188545	   0.18072	  0.173001	   0.16541	  0.157969	    0.1507	  0.143623	  0.136758	  0.130123	  0.123735
   716	     0	 0.0001306	0.000204431	0.000461091	0.00119318	0.00320817	0.00846882	 0.0205875	 0.0428815	 0.0738398	  0.109165	  0.145979	  0.182677	  0.217722	  0.249902	  0.278205	  0.302061	  0.321256	  0.336257	  0.347368	  0.355199	  0.360194	  0.363367	  0.365324	  0.366957	  0.368625	  0.370319	   0.37243	  0.374686	  0.376985	  0.378892	  0.379998	  0.380364	  0.379813	  0.378191	  0.376037	  0.373204	   0.36951	  0.365195	   0.36027	   0.35459	  0.348265	  0.341461	   0.33428	  0.326813	  0.319179	    0.3114	  0.303476	  0.295412	  0.287271	  0.279083	  0.270881	  0.262691	  0.254524	  0.246379	  0.238251	  0.230137	  0.222035	  0.213947	  0.205882	  0.197858	  0.189899	   0.18203	  0.174278	  0.166666	  0.159218	  0.151956	    0.1449	  0.138067	  0.131472	  0.125128	  0.119045
   717	     0	0.00015133	0.000240145	0.000545999	 0.0014141	0.00378919	0.00992798	  0.023827	 0.0488257	 0.0829128	  0.121441	   0.16134	  0.200789	  0.238035	  0.271799	  0.301071	  0.325351	  0.344527	  0.359198	  0.369747	  0.376871	  0.381083	  0.383448	  0.384592	  0.385455	  0.386423	   0.38749	  0.389057	  0.390822	  0.392684	  0.394167	  0.394842	  0.394781	  0.393795	  0.391697	   0.38904	  0.385664	  0.381423	  0.376593	  0.371193	  0.365074	  0.358356	  0.351206	  0.343725	     0.336	  0.328141	  0.320159	   0.31205	  0.303815	  0.295519	  0.287193	   0.27887	  0.270575	  0.262312	  0.254077	  0.245861	  0.237663	  0.229477	  0.221303	  0.213148	  0.205026	   0.19696	   0.18897	  0.181081	  0.173317	  0.165701	  0.158255	  0.150999	  0.143953	  0.137135	  0.130561	  0.124242
   718	     0	0.000383092	0.000598127	 0.0013137	0.00324995	0.00815999	 0.0192927	 0.0399115	 0.0697088	  0.104797	  0.142168	  0.180121	   0.21729	  0.252127	   0.28355	  0.310676	  0.333061	  0.350595	  0.363839	  0.373127	  0.379111	  0.382284	  0.383689	  0.383936	   0.38396	  0.384144	  0.384481	  0.385358	  0.386498	    0.3878	  0.388772	  0.388972	  0.388447	  0.387019	  0.384519	  0.381488	  0.377766	  0.373232	  0.368183	  0.362635	  0.356427	  0.349658	  0.342477	  0.334976	  0.327236	  0.319359	  0.311358	  0.303228	  0.294972	  0.286649	  0.278289	  0.269926	  0.261583	  0.253271	  0.244987	  0.236727	   0.22849	  0.220274	  0.212081	  0.203921	  0.195811	  0.187773	  0.179831	  0.172008	   0.16433	   0.15682	  0.149498	  0.142384	  0.135496	  0.128849	  0.122457	  0.116329
   719	     0	0.000279558	0.000431816	0.000881913	0.00197975	0.00455913	 0.0103439	  0.022173	 0.0429706	 0.0728271	  0.108948	  0.148114	  0.187837	   0.22587	  0.260637	  0.290906	  0.316045	  0.335894	  0.351091	  0.362037	  0.369471	  0.373945	  0.376556	  0.377927	  0.379021	  0.380225	  0.381541	  0.383369	  0.385388	  0.387494	  0.389221	  0.390173	   0.39044	   0.38982	  0.388083	   0.38576	   0.38269	  0.378724	  0.374129	  0.368927	  0.362991	  0.356455	   0.34949	  0.342194	  0.334656	  0.326971	  0.319149	  0.311184	  0.303087	  0.294926	  0.286736	  0.278553	  0.270396	  0.262266	  0.254155	  0.246055	   0.23796	  0.229861	  0.221756	  0.213652	  0.205563	   0.19751	  0.189513	  0.181595	  0.173778	  0.166085	  0.158538	   0.15116	  0.143971	  0.136991	  0.130238	  0.123729
   720	     0	0.00015133	0.000240145	0.000545999	 0.0014141	0.00378919	0.00992798	  0.023827	 0.0488257	 0.0829128	  0.121441	   0.16134	  0.200789	  0.238035	  0.271799	  0.301071	  0.325351	  0.344527	  0.359198	  0.369747	  0.376871	  0.381083	  0.383448	  0.384592	  0.385455	  0.386423	   0.38749	  0.389057	  0.390822	  0.392684	  0.394167	  0.394842	  0.394781	  0.393795	  0.391697	   0.38904	  0.385664	  0.381423	  0.376593	  0.371193	  0.365074	  0.358356	  0.351206	  0.343725	     0.336	  0.328141	  0.320159	   0.31205	  0.303815	  0.295519	  0.287193	   0.27887	  0.270575	  0.262312	  0.254077	  0.245861	  0.237663	  0.229477	  0.221303	  0.213148	  0.205026	   0.19696	   0.18897	  0.181081	  0.173317	  0.165701	  0.158255	  0.150999	  0.143953	  0.137135	  0.130561	  0.124242
   721	     0	0.000333499	0.000508636	0.00104669	0.00239664	0.00563042	 0.0128902	  0.027276	 0.0509333	 0.0823827	  0.118386	  0.156309	  0.194242	  0.230319	  0.263205	  0.291829	  0.315632	  0.334457	  0.348866	  0.359223	  0.366208	  0.370331	  0.372655	  0.373812	  0.374719	   0.37575	  0.376891	  0.378526	  0.380364	  0.382308	   0.38389	  0.384692	   0.38478	  0.383973	  0.382082	  0.379636	   0.37648	  0.372462	  0.367837	  0.362621	  0.356677	  0.350127	  0.343138	  0.335809	   0.32823	  0.320505	  0.312646	   0.30465	   0.29652	  0.288323	  0.280091	  0.271856	  0.263642	  0.255455	  0.247289	  0.239138	  0.231001	  0.222875	  0.214758	  0.206659	  0.198591	  0.190576	  0.182636	  0.174793	  0.167071	  0.159494	  0.152083	   0.14486	  0.137844	  0.131053	  0.124504	   0.11821
   722	     0	0.000377957	0.000569145	0.00112083	0.00242516	0.00538305	 0.0117572	 0.0242465	 0.0453654	  0.074892	  0.110142	  0.148089	  0.186341	  0.222749	  0.255812	  0.284377	  0.307873	  0.326179	  0.339961	  0.349638	  0.355952	  0.359458	  0.361266	  0.361984	  0.362594	   0.36346	  0.364576	  0.366337	  0.368392	  0.370585	  0.372434	  0.373538	  0.373998	  0.373597	  0.372081	  0.369979	  0.367139	  0.363421	  0.359081	   0.35414	  0.348471	  0.342213	  0.335534	  0.328528	  0.321281	  0.313885	  0.306344	  0.298659	  0.290838	  0.282953	  0.275037	  0.267124	  0.259233	  0.251366	  0.243514	  0.235672	  0.227837	  0.220002	  0.212167	  0.204336	  0.196523	  0.188746	  0.181023	  0.173376	  0.165826	  0.158394	  0.151102	  0.143972	  0.137025	  0.130279	  0.123753	  0.117463
   723	     0	0.000189108	0.000297213	0.00064248	0.00155179	0.00386116	0.00944277	 0.0215568	 0.0434231	 0.0745015	  0.111247	  0.150497	  0.190099	  0.228014	  0.262802	  0.293295	  0.318881	  0.339367	  0.355301	  0.367049	  0.375298	  0.380543	  0.383838	  0.385852	  0.387476	  0.389106	   0.39076	  0.392871	  0.395086	  0.397274	  0.398951	  0.399745	   0.39978	  0.398844	  0.396687	  0.393883	   0.39027	  0.385768	  0.380695	  0.375077	  0.368777	  0.361925	  0.354688	  0.347161	  0.339426	  0.331569	  0.323592	  0.315486	  0.307255	  0.298968	  0.290659	  0.282359	  0.274092	   0.26586	  0.257652	  0.249461	  0.241283	   0.23311	   0.22494	   0.21678	  0.208645	  0.200554	  0.192528	  0.184591	  0.176765	  0.169073	  0.161538	  0.154181	  0.147022	  0.140082	  0.133378	  0.126924
   724	     0	0.000403691	0.000604619	  0.001211	0.00269531	0.00615163	 0.0136689	    0.0281	 0.0512982	 0.0819145	  0.117137	  0.154554	  0.192253	  0.228308	  0.261342	  0.290251	  0.314453	  0.333756	  0.348668	  0.359531	  0.366998	  0.371562	  0.374268	  0.375763	   0.37694	  0.378178	  0.379465	   0.38118	  0.383079	  0.385087	  0.386757	   0.38766	  0.387833	  0.387104	  0.385326	  0.383019	  0.380031	  0.376175	  0.371676	   0.36654	  0.360629	   0.35406	  0.347001	  0.339563	   0.33184	  0.323953	  0.315926	  0.307757	  0.299451	  0.291072	  0.282649	  0.274217	  0.265802	  0.257412	  0.249047	  0.240701	  0.232371	  0.224056	  0.215758	  0.207484	  0.199252	  0.191084	  0.183005	   0.17504	  0.167212	  0.159548	  0.152068	  0.144793	  0.137742	  0.130931	  0.124376	  0.118086
   725	     0	0.00015133	0.000240145	0.000545999	 0.0014141	0.00378919	0.00992798	  0.023827	 0.0488257	 0.0829128	  0.121441	   0.16134	  0.200789	  0.238035	  0.271799	  0.301071	  0.325351	  0.344527	  0.359198	  0.369747	  0.376871	  0.381083	  0.383448	  0.384592	  0.385455	  0.386423	   0.38749	  0.389057	  0.390822	  0.392684	  0.394167	  0.394842	  0.394781	  0.393795	  0.391697	   0.38904	  0.385664	  0.381423	  0.376593	  0.371193	  0.365074	  0.358356	  0.351206	  0.343725	     0.336	  0.328141	  0.320159	   0.31205	  0.303815	  0.295519	  0.287193	   0.27887	  0.270575	  0.262312	  0.254077	  0.245861	  0.237663	  0.229477	  0.221303	  0.213148	  0.205026	   0.19696	   0.18897	  0.181081	  0.173317	  0.165701	  0.158255	  0.150999	  0.143953	  0.137135	  0.130561	  0.124242
   726	     0	0.00015133	0.000240145	0.000545999	 0.0014141	0.00378919	0.00992798	  0.023827	 0.0488257	 0.0829128	  0.121441	   0.16134	  0.200789	  0.238035	  0.271799	  0.301071	  0.325351	  0.344527	  0.359198	  0.369747	  0.376871	  0.381083	  0.383448	  0.384592	  0.385455	  0.386423	   0.38749	  0.389057	  0.390822	  0.392684	  0.394167	  0.394842	  0.394781	  0.393795	  0.391697	   0.38904	  0.385664	  0.381423	  0.376593	  0.371193	  0.365074	  0.358356	  0.351206	  0.343725	     0.336	  0.328141	  0.320159	   0.31205	  0.303815	  0.295519	  0.287193	   0.27887	  0.270575	  0.262312	  0.254077	  0.245861	  0.237663	  0.229477	  0.221303	  0.213148	  0.205026	   0.19696	   0.18897	  0.181081	  0.173317	  0.165701	  0.158255	  0.150999	  0.143953	  0.137135	  0.130561	  0.124242
   727	     0	0.000404739	0.000613574	0.00122837	0.00270719	0.00610247	 0.0134288	 0.0275418	 0.0506282	 0.0818444	  0.118512	  0.157987	  0.198044	  0.236454	  0.271688	   0.30255	  0.328428	  0.349138	  0.365235	  0.377077	  0.385355	  0.390576	  0.393784	  0.395602	  0.396973	  0.398311	  0.399634	  0.401368	  0.403214	  0.405096	  0.406551	  0.407151	  0.406978	  0.405844	  0.403563	  0.400707	  0.397103	  0.392594	  0.387469	  0.381755	  0.375297	  0.368218	  0.360691	  0.352826	  0.344717	  0.336482	  0.328134	   0.31967	  0.311092	  0.302464	  0.293816	  0.285182	  0.276585	  0.268031	  0.259513	  0.251022	  0.242553	    0.2341	  0.225661	  0.217244	  0.208864	  0.200542	  0.192303	  0.184171	   0.17617	  0.168324	  0.160657	  0.153189	   0.14594	  0.138927	  0.132168	  0.125674
   728	     0	0.000369889	0.000574683	0.00121949	0.00288007	0.00694659	  0.016171	 0.0342484	 0.0630093	 0.0997876	  0.140598	  0.182518	  0.223437	  0.261327	  0.294927	   0.32331	  0.346123	  0.363421	  0.376036	  0.384424	  0.389378	  0.391524	  0.391998	  0.391364	   0.39068	  0.390348	  0.390348	  0.391048	  0.392147	  0.393584	  0.394857	  0.395491	  0.395527	  0.394765	  0.392991	  0.390704	  0.387733	  0.383856	  0.379298	  0.374066	  0.368032	   0.36135	  0.354209	  0.346722	  0.338992	   0.33113	  0.323147	   0.31504	  0.306818	   0.29855	  0.290271	  0.282015	    0.2738	  0.265626	  0.257483	  0.249361	  0.241255	  0.233157	   0.22506	  0.216968	  0.208893	  0.200851	   0.19286	  0.184941	  0.177114	  0.169402	  0.161827	   0.15441	  0.147172	  0.140134	  0.133316	  0.126734
   729	     0	0.00015133	0.000240145	0.000545999	 0.0014141	0.00378919	0.00992798	  0.023827	 0.0488257	 0.0829128	  0.121441	   0.16134	  0.200789	  0.238035	  0.271799	  0.301071	  0.325351	  0.344527	  0.359198	  0.369747	  0.376871	  0.381083	  0.383448	  0.384592	  0.385455	  0.386423	   0.38749	  0.389057	  0.390822	  0.392684	  0.394167	  0.394842	  0.394781	  0.393795	  0.391697	   0.38904	  0.385664	  0.381423	  0.376593	  0.371193	  0.365074	  0.358356	  0.351206	  0.343725	     0.336	  0.328141	  0.320159	   0.31205	  0.303815	  0.295519	  0.287193	   0.27887	  0.270575	  0.262312	  0.254077	  0.245861	  0.237663	  0.229477	  0.221303	  0.213148	  0.205026	   0.19696	   0.18897	  0.181081	  0.173317	  0.165701	  0.158255	  0.150999	  0.143953	  0.137135	  0.130561	  0.124242
   730	     0	0.00015133	0.000240145	0.000545999	 0.0014141	0.00378919	0.00992798	  0.023827	 0.0488257	 0.0829128	  0.121441	   0.16134	  0.200789	  0.238035	  0.271799	  0.301071	  0.325351	  0.344527	  0.359198	  0.369747	  0.376871	  0.381083	  0.383448	  0.384592	  0.385455	  0.386423	   0.38749	  0.389057	  0.390822	  0.392684	  0.394167	  0.394842	  0.394781	  0.393795	  0.391697	   0.38904	  0.385664	  0.381423	  0.376593	  0.371193	  0.365074	  0.358356	  0.351206	  0.343725	     0.336	  0.328141	  0.320159	   0.31205	  0.303815	  0.295519	  0.287193	   0.27887	  0.270575	  0.262312	  0.254077	  0.245861	  0.237663	  0.229477	  0.221303	  0.213148	  0.205026	   0.19696	   0.18897	  0.181081	  0.173317	  0.165701	  0.158255	  0.150999	  0.143953	  0.137135	  0.130561	  0.124242
   731	     0	0.000253719	0.000392747	0.000852057	0.00209019	0.00527334	 0.0128738	 0.0284822	 0.0540414	 0.0869836	  0.123583	  0.161422	  0.198839	  0.234123	  0.266066	  0.293696	  0.316528	  0.334448	  0.348063	  0.357721	  0.364095	  0.367688	   0.36956	  0.370276	  0.370801	  0.371508	  0.372377	  0.373787	  0.375451	  0.377255	  0.378741	  0.379497	  0.379589	  0.378821	  0.376985	  0.374596	  0.371504	  0.367563	  0.363025	  0.357899	  0.352029	  0.345541	  0.338606	  0.331329	  0.323804	  0.316134	  0.308334	  0.300403	  0.292347	  0.284231	  0.276087	  0.267947	  0.259835	  0.251756	  0.243704	  0.235673	   0.22766	  0.219662	  0.211678	  0.203716	  0.195792	  0.187926	   0.18014	  0.172458	  0.164904	  0.157499	  0.150265	  0.143223	  0.136392	  0.129787	  0.123425	  0.117317
   732	     0	0.00027944	0.000439662	0.00097229	0.00242349	0.00618918	  0.015211	 0.0335894	 0.0630969	  0.100292	  0.140843	  0.182051	  0.222092	  0.259153	  0.292059	  0.319927	  0.342402	  0.359515	  0.372039	   0.38041	  0.385391	  0.387574	   0.38808	  0.387487	  0.386824	  0.386482	  0.386443	  0.387079	  0.388094	  0.389403	  0.390505	  0.390943	  0.390759	  0.389757	  0.387724	  0.385167	  0.381922	  0.377823	  0.373124	   0.36783	  0.361796	  0.355156	  0.348083	  0.340681	  0.333042	  0.325268	  0.317371	  0.309346	  0.301201	  0.293003	  0.284784	  0.276579	  0.268408	  0.260275	  0.252169	  0.244083	  0.236013	  0.227951	  0.219895	  0.211849	  0.203828	  0.195849	  0.187933	  0.180101	  0.172377	  0.164782	  0.157338	  0.150066	  0.142987	   0.13612	  0.129482	  0.123089
   733	     0	0.000467091	0.000722948	0.00158454	0.00391995	0.00975839	 0.0224358	 0.0442828	 0.0737443	  0.107189	  0.142472	  0.178342	  0.213621	  0.246883	  0.277111	  0.303445	  0.325413	  0.342844	  0.356183	  0.365712	  0.372019	  0.375545	  0.377294	   0.37792	  0.378273	  0.378728	  0.379263	  0.380256	  0.381462	  0.382771	  0.383702	  0.383834	    0.3832	  0.381621	  0.378953	  0.375744	  0.371849	  0.367181	  0.362033	  0.356421	  0.350186	  0.343402	  0.336204	  0.328677	  0.320901	  0.312973	  0.304911	  0.296715	  0.288384	  0.279975	  0.271515	  0.263037	  0.254569	  0.246128	  0.237717	  0.229336	  0.220989	  0.212681	  0.204418	  0.196212	  0.188081	  0.180049	  0.172141	  0.164382	  0.156795	  0.149403	  0.142225	  0.135279	  0.128581	  0.122142	  0.115971	  0.110076
   734	     0	0.000250942	0.000376065	0.000747361	0.00164713	0.00374861	0.00845922	 0.0181995	 0.0357788	 0.0618906	 0.0944046	  0.130333	  0.167238	   0.20293	  0.235857	  0.264778	   0.28902	  0.308362	  0.323371	  0.334397	  0.342118	  0.347035	  0.350214	  0.352241	  0.354057	  0.356023	  0.358134	  0.360793	  0.363654	  0.366573	  0.369122	  0.370911	  0.372055	  0.372335	  0.371493	  0.370058	  0.367886	  0.364778	  0.360934	  0.356366	   0.35096	  0.344879	  0.338309	  0.331369	  0.324156	  0.316781	  0.309254	  0.301581	  0.293774	  0.285903	  0.278004	   0.27011	  0.262241	  0.254398	  0.246571	  0.238756	  0.230947	  0.223138	  0.215326	  0.207517	  0.199725	  0.191967	  0.184262	  0.176631	  0.169095	  0.161677	  0.154398	  0.147279	  0.140341	  0.133604	  0.127086	  0.120803
   735	     0	0.000259745	0.000405982	0.00089322	0.00222214	 0.0056773	 0.0139891	  0.031041	  0.058655	 0.0937316	  0.132262	   0.17177	  0.210567	  0.246927	  0.279648	  0.307791	  0.330914	  0.348944	  0.362503	  0.371986	  0.378094	   0.38135	  0.382831	  0.383181	   0.38334	  0.383695	  0.384243	  0.385385	  0.386809	  0.388385	  0.389607	   0.39005	  0.389779	  0.388595	  0.386295	  0.383428	  0.379836	  0.375418	  0.370464	  0.364992	  0.358848	  0.352142	   0.34503	  0.337605	  0.329949	  0.322156	  0.314237	  0.306186	  0.298007	  0.289763	  0.281485	  0.273207	  0.264951	  0.256725	  0.248525	  0.240343	  0.232178	  0.224026	  0.215888	  0.207772	  0.199694	  0.191676	   0.18374	   0.17591	  0.168211	  0.160664	  0.153294	  0.146119	  0.139158	  0.132429	  0.125946	  0.119721
   736	     0	0.000293918	0.000473699	 0.0011013	0.00289991	0.00775068	 0.0194203	  0.041934	 0.0747678	  0.112968	   0.15304	   0.19323	  0.232165	  0.268267	  0.300481	  0.327974	  0.350374	  0.367645	  0.380449	  0.389165	  0.394493	  0.396975	  0.397681	  0.397222	   0.39657	  0.396127	  0.395884	  0.396227	  0.396874	  0.397739	  0.398309	  0.398139	   0.39727	  0.395516	  0.392695	  0.389339	  0.385279	  0.380424	  0.375097	  0.369316	  0.362913	  0.355984	  0.348678	   0.34108	  0.333268	  0.325333	  0.317282	  0.309107	  0.300809	  0.292453	  0.284067	  0.275684	  0.267329	  0.259009	  0.250718	   0.24245	  0.234201	  0.225968	   0.21775	  0.209556	  0.201403	  0.193312	  0.185306	  0.177411	  0.169649	  0.162045	  0.154619	  0.147392	  0.140383	  0.133607	   0.12708	  0.120812
   737	     0	0.00015133	0.000240145	0.000545999	 0.0014141	0.00378919	0.00992798	  0.023827	 0.0488257	 0.0829128	  0.121441	   0.16134	  0.200789	  0.238035	  0.271799	  0.301071	  0.325351	  0.344527	  0.359198	  0.369747	  0.376871	  0.381083	  0.383448	  0.384592	  0.385455	  0.386423	   0.38749	  0.389057	  0.390822	  0.392684	  0.394167	  0.394842	  0.394781	  0.393795	  0.391697	   0.38904	  0.385664	  0.381423	  0.376593	  0.371193	  0.365074	  0.358356	  0.351206	  0.343725	     0.336	  0.328141	  0.320159	   0.31205	  0.303815	  0.295519	  0.287193	   0.27887	  0.270575	  0.262312	  0.254077	  0.245861	  0.237663	  0.229477	  0.221303	  0.213148	  0.205026	   0.19696	   0.18897	  0.181081	  0.173317	  0.165701	  0.158255	  0.150999	  0.143953	  0.137135	  0.130561	  0.124242
   738	     0	0.00015133	0.000240145	0.000545999	 0.0014141	0.00378919	0.00992798	  0.023827	 0.0488257	 0.0829128	  0.121441	   0.16134	  0.200789	  0.238035	  0.271799	  0.301071	  0.325351	  0.344527	  0.359198	  0.369747	  0.376871	  0.381083	  0.383448	  0.384592	  0.385455	  0.386423	   0.38749	  0.389057	  0.390822	  0.392684	  0.394167	  0.394842	  0.394781	  0.393795	  0.391697	   0.38904	  0.385664	  0.381423	  0.376593	  0.371193	  0.365074	  0.358356	  0.351206	  0.343725	     0.336	  0.328141	  0.320159	   0.31205	  0.303815	  0.295519	  0.287193	   0.27887	  0.270575	  0.262312	  0.254077	  0.245861	  0.237663	  0.229477	  0.221303	  0.213148	  0.205026	   0.19696	   0.18897	  0.181081	  0.173317	  0.165701	  0.158255	  0.150999	  0.143953	  0.137135	  0.130561	  0.124242
   739	     0	0.000293255	0.00047266	 0.0011675	0.00333895	0.00950051	 0.0238443	 0.0480494	 0.0785689	  0.111779	  0.146465	  0.181804	  0.216733	  0.249861	  0.280202	  0.306912	  0.329505	  0.347759	  0.362024	  0.372524	   0.37978	  0.384183	  0.386696	  0.387948	  0.388772	  0.389555	  0.390275	    0.3913	  0.392443	  0.393633	  0.394431	  0.394426	  0.393619	  0.391831	   0.38896	  0.385566	  0.381518	  0.376715	  0.371429	   0.36567	  0.359269	  0.352288	   0.34485	  0.337046	  0.328966	  0.320719	  0.312339	   0.30383	  0.295193	  0.286481	  0.277719	  0.268941	  0.260177	  0.251449	  0.242769	  0.234141	  0.225569	   0.21706	  0.208622	  0.200269	  0.192018	  0.183893	  0.175918	  0.168119	  0.160517	  0.153135	   0.14599	  0.139098	   0.13247	  0.126116	  0.120041	  0.114248
   740	     0	0.000340411	0.000529885	0.00115761	0.00285267	0.00716924	  0.017126	 0.0361805	 0.0646896	 0.0989013	  0.135443	  0.172446	  0.208577	  0.242386	  0.272825	  0.299033	  0.320575	  0.337349	   0.34996	  0.358734	  0.364326	  0.367224	  0.368469	  0.368587	  0.368578	  0.368808	  0.369264	   0.37034	  0.371712	  0.373245	   0.37445	  0.374896	  0.374664	   0.37356	  0.371382	  0.368669	   0.36526	  0.361026	  0.356266	  0.351002	  0.345066	  0.338567	  0.331661	  0.324441	  0.316989	  0.309403	  0.301695	   0.29386	  0.285903	  0.277886	  0.269838	  0.261792	   0.25377	  0.245779	  0.237816	  0.229875	  0.221953	   0.21405	  0.206166	   0.19831	  0.190498	   0.18275	  0.175089	  0.167539	  0.160122	  0.152861	  0.145777	  0.138889	  0.132213	  0.125767	  0.119564	  0.113614
   741	     0	0.000385584	0.00059759	0.00135972	0.00355786	 0.0093855	 0.0225918	 0.0455529	 0.0758093	  0.109161	  0.143585	  0.178039	  0.211523	  0.242806	  0.270984	  0.295302	  0.315358	   0.33102	  0.342759	  0.350866	  0.355917	  0.358351	  0.359184	  0.359051	   0.35881	  0.358809	  0.359023	  0.359817	  0.360945	  0.362258	  0.363275	  0.363579	  0.363202	  0.361956	  0.359679	  0.356887	  0.353449	  0.349286	   0.34466	  0.339572	  0.333859	    0.3276	  0.320925	  0.313918	  0.306653	  0.299216	  0.291629	  0.283893	  0.276014	  0.268047	  0.260023	  0.251973	  0.243927	  0.235898	  0.227892	   0.21991	  0.211953	  0.204026	  0.196135	  0.188294	   0.18052	  0.172839	  0.165273	  0.157849	  0.150588	  0.143513	  0.136644	  0.129996	  0.123585	  0.117421	  0.111515	  0.105873
   742	     0	0.000228388	0.000348714	0.000755269	0.00186935	0.00477613	 0.0117943	   0.02625	 0.0497479	 0.0797278	  0.112931	  0.147432	  0.181913	   0.21493	  0.245343	  0.272187	  0.294897	  0.313233	  0.327598	  0.338254	  0.345761	  0.350525	  0.353534	  0.355398	  0.356972	  0.358603	  0.360272	   0.36236	  0.364601	  0.366852	  0.368684	  0.369708	  0.369985	  0.369327	  0.367572	  0.365267	  0.362276	  0.358462	  0.354067	    0.3491	  0.343408	  0.337089	  0.330295	  0.323128	  0.315678	  0.308053	  0.300281	  0.292365	  0.284308	   0.27617	  0.267979	  0.259767	  0.251563	  0.243381	  0.235225	  0.227093	  0.218987	   0.21091	  0.202867	  0.194871	   0.18694	  0.179098	  0.171371	  0.163782	  0.156358	   0.14912	  0.142087	   0.13528	  0.128711	  0.122395	   0.11634	  0.110554
   743	     0	0.000350842	0.000544288	0.00116901	0.00281328	 0.0069102	 0.0162608	 0.0343457	 0.0622964	 0.0971349	  0.135479	  0.175095	  0.214249	  0.251092	   0.28438	  0.313134	  0.336884	  0.355536	  0.369681	  0.379701	  0.386285	   0.38996	   0.39179	  0.392438	  0.392822	  0.393342	  0.393995	  0.395172	  0.396597	  0.398186	  0.399451	  0.399935	  0.399682	  0.398508	  0.396246	  0.393438	  0.389921	  0.385543	  0.380571	   0.37502	  0.368745	  0.361861	  0.354534	  0.346867	  0.338951	  0.330898	  0.322723	  0.314421	  0.305993	  0.297502	  0.288978	  0.280455	  0.271958	  0.263495	   0.25506	  0.246647	  0.238254	  0.229877	  0.221518	  0.213183	  0.204888	  0.196654	  0.188505	  0.180465	  0.172557	  0.164807	  0.157236	  0.149865	  0.142714	  0.135799	  0.129137	  0.122739
   744	     0	0.000272875	0.000414335	0.000885836	 0.0021571	0.00540556	 0.0130268	 0.0281578	 0.0519115	  0.081615	  0.114317	   0.14829	  0.182285	  0.214901	  0.245024	  0.271698	  0.294353	  0.312726	  0.327185	  0.337969	  0.345617	  0.350516	   0.35364	  0.355596	  0.357225	  0.358872	  0.360522	  0.362558	  0.364727	  0.366899	  0.368649	  0.369587	   0.36977	  0.369016	  0.367178	  0.364802	  0.361755	  0.357896	  0.353469	  0.348482	  0.342784	  0.336464	  0.329669	  0.322497	  0.315035	  0.307394	  0.299601	  0.291661	  0.283577	  0.275409	  0.267184	  0.258935	  0.250691	  0.242468	   0.23427	  0.226098	  0.217954	   0.20984	  0.201764	  0.193736	  0.185778	  0.177913	  0.170167	  0.162566	  0.155134	  0.147894	  0.140866	  0.134067	  0.127511	  0.121211	  0.115174	  0.109409
   745	     0	0.000331173	0.000503682	 0.0010341	0.00236389	 0.0055438	 0.0126575	 0.0266765	   0.04963	 0.0801765	  0.115438	  0.153027	  0.191079	  0.227681	  0.261429	  0.291182	  0.316315	  0.336591	  0.352467	  0.364262	   0.37261	   0.37797	  0.381361	  0.383429	  0.385066	  0.386664	  0.388225	  0.390157	  0.392184	  0.394191	  0.395724	  0.396381	  0.396232	  0.395085	  0.392779	   0.38989	  0.386262	  0.381773	  0.376714	  0.371107	  0.364799	  0.357881	   0.35051	  0.342786	  0.334802	  0.326667	  0.318405	  0.310015	  0.301496	  0.292909	  0.284283	  0.275649	  0.267035	  0.258454	  0.249904	  0.241383	   0.23289	  0.224424	  0.215989	  0.207596	  0.199263	  0.191013	  0.182873	  0.174867	  0.167022	  0.159361	  0.151905	  0.144673	  0.137684	   0.13095	  0.124484	  0.118295
   746	     0	0.000169538	0.00026567	0.000573584	0.00138613	0.00345778	 0.0085101	 0.0196775	 0.0403917	 0.0706061	  0.106818	  0.145614	  0.184734	  0.222153	  0.256446	  0.286454	  0.311568	  0.331603	  0.347137	  0.358534	  0.366483	  0.371499	  0.374648	  0.376565	   0.37817	  0.379854	  0.381623	  0.383896	  0.386344	  0.388879	  0.391045	  0.392421	  0.393102	  0.392889	  0.391561	  0.389659	  0.387018	  0.383442	  0.379155	  0.374174	  0.368387	  0.361948	  0.355042	  0.347778	  0.340253	  0.332581	   0.32477	  0.316818	  0.308733	  0.300587	  0.292413	  0.284247	  0.276109	  0.268001	  0.259913	  0.251836	  0.243764	  0.235688	  0.227603	  0.219516	  0.211441	  0.203397	  0.195404	  0.187484	  0.179661	  0.171956	  0.164393	  0.156993	  0.149776	  0.142765	  0.135976	  0.129427
   747	     0	0.000467091	0.000722948	0.00158454	0.00391995	0.00975839	 0.0224358	 0.0442828	 0.0737443	  0.107189	  0.142472	  0.178342	  0.213621	  0.246883	  0.277111	  0.303445	  0.325413	  0.342844	  0.356183	  0.365712	  0.372019	  0.375545	  0.377294	   0.37792	  0.378273	  0.378728	  0.379263	  0.380256	  0.381462	  0.382771	  0.383702	  0.383834	    0.3832	  0.381621	  0.378953	  0.375744	  0.371849	  0.367181	  0.362033	  0.356421	  0.350186	  0.343402	  0.336204	  0.328677	  0.320901	  0.312973	  0.304911	  0.296715	  0.288384	  0.279975	  0.271515	  0.263037	  0.254569	  0.246128	  0.237717	  0.229336	  0.220989	  0.212681	  0.204418	  0.196212	  0.188081	  0.180049	  0.172141	  0.164382	  0.156795	  0.149403	  0.142225	  0.135279	  0.128581	  0.122142	  0.115971	  0.110076
   748	     0	0.000217653	0.000337213	0.000740011	0.00184735	0.00475741	 0.0118838	 0.0269146	 0.0520218	 0.0845941	  0.120689	  0.157855	  0.194509	  0.229026	  0.260242	  0.287211	  0.309461	   0.32688	  0.340058	  0.349352	  0.355428	  0.358779	   0.36047	  0.361106	  0.361607	   0.36233	  0.363248	  0.364736	  0.366492	  0.368355	  0.369856	  0.370619	  0.370722	  0.369957	  0.368082	  0.365612	  0.362408	  0.358389	  0.353826	  0.348727	  0.342938	   0.33658	  0.329813	  0.322733	  0.315424	  0.307968	  0.300375	  0.292645	  0.284783	  0.276856	  0.268894	  0.260931	  0.252989	  0.245075	  0.237182	  0.229307	  0.221447	  0.213602	  0.205772	  0.197965	  0.190197	  0.182488	  0.174859	  0.167333	  0.159933	   0.15268	  0.145596	  0.138702	  0.132015	  0.125553	   0.11933	  0.113359
   749	     0	0.00015133	0.000240145	0.000545999	 0.0014141	0.00378919	0.00992798	  0.023827	 0.0488257	 0.0829128	  0.121441	   0.16134	  0.200789	  0.238035	  0.271799	  0.301071	  0.325351	  0.344527	  0.359198	  0.369747	  0.376871	  0.381083	  0.383448	  0.384592	  0.385455	  0.386423	   0.38749	  0.389057	  0.390822	  0.392684	  0.394167	  0.394842	  0.394781	  0.393795	  0.391697	   0.38904	  0.385664	  0.381423	  0.376593	  0.371193	  0.365074	  0.358356	  0.351206	  0.343725	     0.336	  0.328141	  0.320159	   0.31205	  0.303815	  0.295519	  0.287193	   0.27887	  0.270575	  0.262312	  0.254077	  0.245861	  0.237663	  0.229477	  0.221303	  0.213148	  0.205026	   0.19696	   0.18897	  0.181081	  0.173317	  0.165701	  0.158255	  0.150999	  0.143953	  0.137135	  0.130561	  0.124242
   750	     0	0.000154721	0.000242889	0.000536027	0.00133787	0.00345684	0.00880034	 0.0209037	 0.0434836	 0.0759905	  0.114202	   0.15446	  0.194472	  0.232216	  0.266308	  0.295687	  0.319859	  0.338758	  0.353099	   0.36329	  0.370075	  0.374004	  0.376172	  0.377129	  0.377899	  0.378871	  0.380046	  0.381834	   0.38389	  0.386101	  0.387998	  0.389148	  0.389652	  0.389292	  0.387819	  0.385776	     0.383	  0.379293	  0.374899	  0.369831	  0.363957	  0.357434	  0.350453	  0.343129	  0.335563	  0.327865	  0.320044	  0.312099	  0.304038	  0.295933	  0.287817	  0.279723	  0.271671	  0.263659	  0.255677	  0.247717	  0.239772	  0.231834	  0.223897	  0.215968	  0.208057	  0.200181	  0.192361	  0.184615	  0.176966	  0.169435	  0.162043	  0.154813	  0.147764	  0.140916	  0.134288	  0.127897
   751	     0	0.000169538	0.00026567	0.000573584	0.00138613	0.00345778	 0.0085101	 0.0196775	 0.0403917	 0.0706061	  0.106818	  0.145614	  0.184734	  0.222153	  0.256446	  0.286454	  0.311568	  0.331603	  0.347137	  0.358534	  0.366483	  0.371499	  0.374648	  0.376565	   0.37817	  0.379854	  0.381623	  0.383896	  0.386344	  0.388879	  0.391045	  0.392421	  0.393102	  0.392889	  0.391561	  0.389659	  0.387018	  0.383442	  0.379155	  0.374174	  0.368387	  0.361948	  0.355042	  0.347778	  0.340253	  0.332581	   0.32477	  0.316818	  0.308733	  0.300587	  0.292413	  0.284247	  0.276109	  0.268001	  0.259913	  0.251836	  0.243764	  0.235688	  0.227603	  0.219516	  0.211441	  0.203397	  0.195404	  0.187484	  0.179661	  0.171956	  0.164393	  0.156993	  0.149776	  0.142765	  0.135976	  0.129427
   752	     0	0.000119657	0.000186868	0.000424689	0.00111352	0.00303757	0.00812423	 0.0199154	 0.0415215	 0.0712447	  0.105013	   0.14031	  0.175733	  0.209839	  0.241446	   0.26953	  0.293482	  0.313024	   0.32853	  0.340252	  0.348747	  0.354409	  0.358222	  0.360812	  0.363013	  0.365178	  0.367294	  0.369755	  0.372302	  0.374828	  0.376918	  0.378174	  0.378658	  0.378192	  0.376635	  0.374535	  0.371753	  0.368117	  0.363851	  0.358966	  0.353322	  0.347021	  0.340224	  0.333035	  0.325546	  0.317879	  0.310059	   0.30209	  0.293976	  0.285777	  0.277522	  0.269245	  0.260973	   0.25272	   0.24449	   0.23628	  0.228089	  0.219917	  0.211769	  0.203654	  0.195593	   0.18761	  0.179732	  0.171984	  0.164392	   0.15698	  0.149768	  0.142775	  0.136019	  0.129511	  0.123265	  0.117286
   753	     0	0.000195683	0.000308188	0.000682727	0.00170947	0.00441734	 0.0111585	 0.0259234	 0.0519522	  0.087235	  0.126935	    0.1676	  0.207198	  0.243942	   0.27662	  0.304314	  0.326643	  0.343624	  0.356048	  0.364364	  0.369346	  0.371585	  0.372208	  0.371773	  0.371334	  0.371264	  0.371553	  0.372583	  0.374019	  0.375723	  0.377191	  0.377985	  0.378179	  0.377555	  0.375871	  0.373642	  0.370711	  0.366915	  0.362514	  0.357523	  0.351799	   0.34548	  0.338735	  0.331664	  0.324354	  0.316901	  0.309314	  0.301592	  0.293744	  0.285839	   0.27791	  0.269991	  0.262102	  0.254243	  0.246406	  0.238584	  0.230773	  0.222964	  0.215156	  0.207353	   0.19957	  0.191824	  0.184135	  0.176522	  0.169008	  0.161614	  0.154361	   0.14727	  0.140361	  0.133654	  0.127165	  0.120911
   754	     0	0.00015133	0.000240145	0.000545999	 0.0014141	0.00378919	0.00992798	  0.023827	 0.0488257	 0.0829128	  0.121441	   0.16134	  0.200789	  0.238035	  0.271799	  0.301071	  0.325351	  0.344527	  0.359198	  0.369747	  0.376871	  0.381083	  0.383448	  0.384592	  0.385455	  0.386423	   0.38749	  0.389057	  0.390822	  0.392684	  0.394167	  0.394842	  0.394781	  0.393795	  0.391697	   0.38904	  0.385664	  0.381423	  0.376593	  0.371193	  0.365074	  0.358356	  0.351206	  0.343725	     0.336	  0.328141	  0.320159	   0.31205	  0.303815	  0.295519	  0.287193	   0.27887	  0.270575	  0.262312	  0.254077	  0.245861	  0.237663	  0.229477	  0.221303	  0.213148	  0.205026	   0.19696	   0.18897	  0.181081	  0.173317	  0.165701	  0.158255	  0.150999	  0.143953	  0.137135	  0.130561	  0.124242
   755	     0	0.000348285	0.000527165	0.00107996	0.00246881	0.00578907	 0.0131825	 0.0275882	 0.0507616	 0.0810504	   0.11555	  0.152024	  0.188775	  0.224036	  0.256505	  0.285101	  0.309219	  0.328625	  0.343763	  0.354939	  0.362764	  0.367692	   0.37074	   0.37256	  0.374008	  0.375461	  0.376913	   0.37876	  0.380736	  0.382744	  0.384336	  0.385112	  0.385134	  0.384224	  0.382217	  0.379653	  0.376382	  0.372272	   0.36758	   0.36232	  0.356347	  0.349763	  0.342729	  0.335341	  0.327685	   0.31987	  0.311913	  0.303814	  0.295577	  0.287263	  0.278904	  0.270533	  0.262175	  0.253842	  0.245532	  0.237241	  0.228966	  0.220708	  0.212467	  0.204254	  0.196087	   0.18799	  0.179987	  0.172105	  0.164367	  0.156798	   0.14942	  0.142252	  0.135313	  0.128618	   0.12218	  0.116009
   756	     0	0.000331173	0.000503682	 0.0010341	0.00236389	 0.0055438	 0.0126575	 0.0266765	   0.04963	 0.0801765	  0.115438	  0.153027	  0.191079	  0.227681	  0.261429	  0.291182	  0.316315	  0.336591	  0.352467	  0.364262	   0.37261	   0.37797	  0.381361	  0.383429	  0.385066	  0.386664	  0.388225	  0.390157	  0.392184	  0.394191	  0.395724	  0.396381	  0.396232	  0.395085	  0.392779	   0.38989	  0.386262	  0.381773	  0.376714	  0.371107	  0.364799	  0.357881	   0.35051	  0.342786	  0.334802	  0.326667	  0.318405	  0.310015	  0.301496	  0.292909	  0.284283	  0.275649	  0.267035	  0.258454	  0.249904	  0.241383	   0.23289	  0.224424	  0.215989	  0.207596	  0.199263	  0.191013	  0.182873	  0.174867	  0.167022	  0.159361	  0.151905	  0.144673	  0.137684	   0.13095	  0.124484	  0.118295
   757	     0	0.000218295	0.000345883	0.000781191	0.00200199	0.00527915	 0.0134672	 0.0309735	 0.0602323	 0.0977394	  0.138534	  0.179667	  0.219369	  0.255953	  0.288295	  0.315549	  0.337384	  0.353851	  0.365738	  0.373505	  0.377927	  0.379606	   0.37968	   0.37876	  0.377873	  0.377404	  0.377345	   0.37808	  0.379284	  0.380832	  0.382197	  0.382909	  0.383013	  0.382305	  0.380565	  0.378305	  0.375362	  0.371568	  0.367166	  0.362164	  0.356429	  0.350096	   0.34333	  0.336227	  0.328875	  0.321375	  0.313737	  0.305958	  0.298046	   0.29007	  0.282061	  0.274054	  0.266071	  0.258114	  0.250176	  0.242249	  0.234329	  0.226409	  0.218485	  0.210565	  0.202662	  0.194796	  0.186987	  0.179258	   0.17163	  0.164127	  0.156769	  0.149577	  0.142573	  0.135775	    0.1292	  0.122864
   758	     0	0.000218431	  0.000347	0.000796527	0.00208656	0.00560808	 0.0143967	 0.0325706	 0.0612311	 0.0963309	  0.134042	  0.172415	  0.210092	  0.245547	  0.277652	  0.305496	  0.328607	  0.346857	  0.360786	   0.37073	  0.377334	  0.381078	  0.382996	  0.383697	  0.384107	   0.38461	  0.385197	  0.386258	  0.387521	  0.388875	  0.389837	  0.390001	   0.38942	  0.387908	  0.385293	  0.382128	  0.378257	  0.373592	  0.368449	  0.362845	  0.356611	  0.349831	  0.342651	  0.335157	  0.327427	  0.319557	   0.31156	  0.303432	  0.295176	  0.286851	  0.278485	  0.270113	   0.26176	  0.253438	  0.245144	  0.236876	  0.228632	   0.22041	  0.212214	  0.204054	  0.195948	   0.18792	  0.179995	  0.172197	  0.164552	  0.157081	  0.149807	  0.142747	  0.135919	  0.129337	  0.123013	  0.116955
   759	     0	0.000380104	0.000560848	0.00107121	0.00224546	0.00483762	 0.0102966	 0.0208611	 0.0388546	 0.0646847	 0.0967107	  0.132576	  0.170068	  0.206955	  0.241572	   0.27256	  0.299124	  0.320912	  0.338305	  0.351589	  0.361377	  0.368112	  0.372798	  0.376075	  0.378805	  0.381371	  0.383773	  0.386418	  0.389042	  0.391573	  0.393605	  0.394747	   0.39508	  0.394431	  0.392643	  0.390275	  0.387172	  0.383154	  0.378471	  0.373143	  0.367027	  0.360243	  0.352967	  0.345313	  0.337379	  0.329291	  0.321072	   0.31272	  0.304238	   0.29569	  0.287106	   0.27852	  0.269957	  0.261426	  0.252925	  0.244447	  0.235991	  0.227554	  0.219138	   0.21075	  0.202408	  0.194133	   0.18595	  0.177884	   0.16996	  0.162202	  0.154632	  0.147272	   0.14014	  0.133253	  0.126625	  0.120268
   760	     0	0.000442972	0.000699487	0.00157503	0.00399886	 0.0102074	 0.0240278	 0.0482761	 0.0810976	  0.118048	  0.156501	  0.195004	  0.232284	  0.266857	  0.297733	  0.324112	  0.345621	  0.362202	  0.374468	   0.38277	   0.38778	  0.390018	  0.390543	  0.389967	  0.389242	  0.388754	  0.388483	  0.388803	  0.389444	  0.390319	  0.390917	  0.390779	  0.389937	  0.388213	  0.385445	  0.382163	  0.378202	  0.373455	  0.368228	  0.362538	  0.356219	  0.349365	   0.34212	  0.334573	  0.326802	  0.318903	  0.310885	  0.302743	  0.294477	  0.286146	   0.27778	  0.269412	  0.261066	  0.252752	  0.244467	  0.236207	   0.22797	  0.219757	  0.211571	  0.203419	  0.195317	  0.187287	  0.179352	  0.171536	  0.163862	  0.156352	  0.149029	  0.141912	  0.135019	  0.128364	  0.121963	  0.115824
   761	     0	0.000345079	0.000530547	0.00111932	0.00264367	0.00639986	 0.0149907	 0.0320027	 0.0593582	 0.0946323	  0.134043	  0.174796	  0.214846	  0.252221	  0.285642	  0.314165	  0.337393	  0.355317	  0.368642	  0.377803	  0.383543	  0.386428	  0.387561	   0.38757	  0.387432	  0.387539	  0.387874	  0.388816	  0.390067	  0.391498	  0.392601	   0.39296	  0.392628	  0.391395	  0.389038	  0.386092	  0.382401	  0.377878	  0.372813	  0.367218	  0.360935	  0.354081	  0.346819	  0.339249	   0.33146	  0.323541	  0.315503	  0.307341	  0.299057	  0.290718	  0.282352	  0.273995	  0.265668	  0.257377	  0.249115	  0.240876	  0.232658	  0.224457	  0.216273	  0.208114	  0.199994	  0.191932	  0.183952	  0.176076	  0.168327	  0.160729	  0.153303	   0.14607	  0.139049	  0.132259	  0.125715	   0.11943
   762	     0	0.000332201	0.000513228	  0.001134	0.00285625	0.00733285	 0.0177106	 0.0371908	 0.0653581	 0.0983406	  0.133343	  0.168894	  0.203801	  0.236677	  0.266489	   0.29238	  0.313888	  0.330859	  0.343779	  0.352948	  0.358968	  0.362284	  0.363916	  0.364477	  0.364859	  0.365417	  0.366128	  0.367367	  0.368863	  0.370464	  0.371697	  0.372155	  0.371888	  0.370704	  0.368429	  0.365607	  0.362095	  0.357805	  0.353015	  0.347738	  0.341811	  0.335318	  0.328401	  0.321151	  0.313647	  0.305985	  0.298185	  0.290247	  0.282172	   0.27402	  0.265818	  0.257599	  0.249389	  0.241204	  0.233046	  0.224914	  0.216811	   0.20874	  0.200707	  0.192725	  0.184812	   0.17699	  0.169285	  0.161721	  0.154322	  0.147109	  0.140103	  0.133321	  0.126778	  0.120486	  0.114456	  0.108693
   763	     0	0.00015133	0.000240145	0.000545999	 0.0014141	0.00378919	0.00992798	  0.023827	 0.0488257	 0.0829128	  0.121441	   0.16134	  0.200789	  0.238035	  0.271799	  0.301071	  0.325351	  0.344527	  0.359198	  0.369747	  0.376871	  0.381083	  0.383448	  0.384592	  0.385455	  0.386423	   0.38749	  0.389057	  0.390822	  0.392684	  0.394167	  0.394842	  0.394781	  0.393795	  0.391697	   0.38904	  0.385664	  0.381423	  0.376593	  0.371193	  0.365074	  0.358356	  0.351206	  0.343725	     0.336	  0.328141	  0.320159	   0.31205	  0.303815	  0.295519	  0.287193	   0.27887	  0.270575	  0.262312	  0.254077	  0.245861	  0.237663	  0.229477	  0.221303	  0.213148	  0.205026	   0.19696	   0.18897	  0.181081	  0.173317	  0.165701	  0.158255	  0.150999	  0.143953	  0.137135	  0.130561	  0.124242
   764	     0	0.00015133	0.000240145	0.000545999	 0.0014141	0.00378919	0.00992798	  0.023827	 0.0488257	 0.0829128	  0.121441	   0.16134	  0.200789	  0.238035	  0.271799	  0.301071	  0.325351	  0.344527	  0.359198	  0.369747	  0.376871	  0.381083	  0.383448	  0.384592	  0.385455	  0.386423	   0.38749	  0.389057	  0.390822	  0.392684	  0.394167	  0.394842	  0.394781	  0.393795	  0.391697	   0.38904	  0.385664	  0.381423	  0.376593	  0.371193	  0.365074	  0.358356	  0.351206	  0.343725	     0.336	  0.328141	  0.320159	   0.31205	  0.303815	  0.295519	  0.287193	   0.27887	  0.270575	  0.262312	  0.254077	  0.245861	  0.237663	  0.229477	  0.221303	  0.213148	  0.205026	   0.19696	   0.18897	  0.181081	  0.173317	  0.165701	  0.158255	  0.150999	  0.143953	  0.137135	  0.130561	  0.124242
   765	     0	0.000377766	0.00055817	0.00106629	0.00223312	0.00480515	 0.0102187	 0.0207044	 0.0386004	 0.0643425	 0.0962638	  0.131942	  0.169119	  0.205534	  0.239534	  0.269776	  0.295495	  0.316378	  0.332857	  0.345252	  0.354205	  0.360174	  0.364194	  0.366944	  0.369269	  0.371547	  0.373779	  0.376375	   0.37903	  0.381598	  0.383642	  0.384818	  0.385227	  0.384669	  0.382918	  0.380527	  0.377351	  0.373297	  0.368632	  0.363372	  0.357383	  0.350784	  0.343743	  0.336363	  0.328732	  0.320947	   0.31302	  0.304951	  0.296744	  0.288465	  0.280145	   0.27182	  0.263512	   0.25523	  0.246967	   0.23872	  0.230485	   0.22226	  0.214048	  0.205856	  0.197702	  0.189608	  0.181599	  0.173697	  0.165928	  0.158316	  0.150883	   0.14365	  0.136637	  0.129861	  0.123337	  0.117078
   766	     0	0.000165982	0.000264489	0.000632097	0.00175531	0.00502649	 0.0137253	 0.0325812	 0.0626358	 0.0987197	   0.13648	  0.174069	  0.210305	  0.243825	  0.273655	  0.299017	  0.319562	  0.335265	  0.346785	  0.354499	  0.359085	   0.36106	  0.361503	  0.360993	  0.360506	  0.360397	  0.360646	  0.361629	  0.363033	  0.364693	  0.366108	  0.366854	  0.366988	    0.3663	  0.364562	  0.362283	  0.359321	  0.355555	  0.351237	  0.346368	  0.340794	  0.334634	  0.328048	  0.321131	  0.313967	   0.30665	  0.299192	  0.291593	  0.283863	  0.276065	   0.26823	  0.260392	  0.252573	  0.244781	  0.237009	  0.229254	  0.221514	  0.213784	  0.206067	  0.198369	  0.190708	  0.183103	  0.175577	  0.168153	  0.160853	  0.153699	  0.146712	  0.139912	  0.133315	   0.12694	    0.1208	  0.114906
   767	     0	0.000198896	0.000307625	0.000661441	0.00160536	 0.0040306	0.00995192	 0.0228842	  0.046168	  0.078835	  0.116649	  0.156046	  0.194823	  0.231109	  0.263619	  0.291372	  0.313927	  0.331255	  0.344081	  0.352844	  0.358297	  0.361008	  0.362099	  0.362165	  0.362209	  0.362596	  0.363315	  0.364754	  0.366577	  0.368638	  0.370445	  0.371575	  0.372103	  0.371813	   0.37046	  0.368556	  0.365953	  0.362484	  0.358378	  0.353643	  0.348148	  0.342038	  0.335481	  0.328578	  0.321419	    0.3141	  0.306634	  0.299022	  0.291275	  0.283461	  0.275617	  0.267774	  0.259954	  0.252159	   0.24438	  0.236612	  0.228849	  0.221086	  0.213319	  0.205556	   0.19781	  0.190099	  0.182443	  0.174864	  0.167383	  0.160021	    0.1528	  0.145742	  0.138865	  0.132189	  0.125732	  0.119509
   768	     0	0.000169538	0.00026567	0.000573584	0.00138613	0.00345778	 0.0085101	 0.0196775	 0.0403917	 0.0706061	  0.106818	  0.145614	  0.184734	  0.222153	  0.256446	  0.286454	  0.311568	  0.331603	  0.347137	  0.358534	  0.366483	  0.371499	  0.374648	  0.376565	   0.37817	  0.379854	  0.381623	  0.383896	  0.386344	  0.388879	  0.391045	  0.392421	  0.393102	  0.392889	  0.391561	  0.389659	  0.387018	  0.383442	  0.379155	  0.374174	  0.368387	  0.361948	  0.355042	  0.347778	  0.340253	  0.332581	   0.32477	  0.316818	  0.308733	  0.300587	  0.292413	  0.284247	  0.276109	  0.268001	  0.259913	  0.251836	  0.243764	  0.235688	  0.227603	  0.219516	  0.211441	  0.203397	  0.195404	  0.187484	  0.179661	  0.171956	  0.164393	  0.156993	  0.149776	  0.142765	  0.135976	  0.129427
   769	     0	0.000401982	0.000615729	0.00127661	0.00294197	0.00691783	 0.0156678	 0.0322649	 0.0580142	 0.0906691	   0.12723	  0.165519	  0.203823	  0.240334	  0.273753	  0.303025	  0.327585	  0.347238	  0.362476	  0.373623	  0.381323	  0.386049	  0.388825	  0.390296	  0.391364	  0.392429	  0.393506	  0.395011	  0.396661	  0.398375	  0.399681	  0.400136	  0.399803	  0.398506	    0.3961	  0.393153	    0.3895	  0.384984	  0.379899	  0.374272	  0.367951	  0.361032	  0.353672	  0.345966	     0.338	   0.32989	  0.321654	   0.31329	  0.304798	  0.296239	  0.287643	  0.279042	  0.270463	  0.261916	  0.253399	  0.244907	  0.236436	  0.227984	  0.219553	  0.211152	  0.202798	  0.194515	  0.186329	  0.178266	   0.17035	  0.162606	  0.155056	   0.14772	  0.140616	  0.133759	  0.127163	  0.120837
   770	     0	0.000249657	0.000389458	0.000845187	0.00206134	0.00516233	  0.012536	 0.0277379	 0.0529715	 0.0860627	  0.123374	  0.162368	  0.201231	  0.238073	  0.271598	  0.300766	  0.325052	  0.344317	  0.359138	  0.369869	  0.377184	  0.381583	  0.384114	  0.385398	  0.386365	  0.387413	  0.388551	  0.390199	  0.392038	  0.393962	  0.395494	  0.396214	  0.396213	   0.39529	  0.393226	  0.390574	  0.387171	  0.382886	  0.377999	  0.372528	  0.366326	  0.359524	  0.352295	  0.344743	   0.33696	  0.329047	  0.321016	   0.31286	  0.304585	  0.296256	  0.287905	  0.279566	  0.271261	  0.262995	  0.254758	  0.246543	  0.238346	   0.23016	  0.221983	  0.213822	  0.205693	  0.197616	  0.189613	  0.181708	  0.173924	  0.166285	  0.158812	  0.151528	  0.144451	    0.1376	  0.130991	  0.124638
   771	     0	0.000288959	0.000434367	0.000878583	0.00198356	0.00461662	 0.0105502	 0.0225437	 0.0430023	 0.0713275	  0.104819	  0.140938	  0.177762	  0.213421	  0.246499	   0.27583	  0.300747	   0.32097	  0.336921	  0.348893	  0.357494	  0.363165	  0.366915	   0.36937	  0.371405	   0.37339	  0.375323	  0.377601	  0.379959	  0.382296	  0.384187	  0.385233	  0.385505	  0.384823	  0.383034	  0.380688	  0.377637	  0.373715	  0.369171	  0.364019	  0.358114	  0.351563	   0.34453	   0.33712	  0.329426	  0.321566	  0.313565	  0.305423	  0.297143	  0.288788	  0.280388	  0.271976	  0.263578	  0.255206	  0.246859	  0.238533	  0.230226	  0.221937	  0.213667	  0.205428	  0.197237	  0.189119	  0.181097	    0.1732	   0.16545	  0.157873	   0.15049	  0.143321	  0.136384	  0.129693	  0.123262	  0.117099
   772	     0	0.000154237	0.000242187	0.000545434	0.00140336	0.00374153	0.00976535	 0.0233922	 0.0479642	 0.0815963	  0.119663	  0.159023	   0.19781	  0.234261	  0.267126	  0.295427	  0.318703	  0.336883	   0.35062	  0.360311	  0.366664	  0.370212	  0.372037	  0.372732	  0.373269	  0.374023	   0.37498	  0.376528	  0.378364	  0.380373	  0.382083	  0.383068	  0.383392	  0.382855	  0.381246	  0.379086	  0.376225	  0.372491	   0.36812	  0.363117	  0.357339	  0.350925	   0.34405	  0.336824	  0.329342	  0.321713	   0.31395	  0.306054	   0.29803	  0.289945	  0.281832	  0.273724	  0.265644	  0.257595	  0.249572	  0.241566	  0.233574	  0.225591	  0.217615	  0.209653	  0.201718	  0.193831	  0.186014	  0.178288	  0.170677	  0.163203	  0.155889	  0.148754	  0.141819	  0.135102	  0.128619	  0.122384
   773	     0	0.00032731	0.000487943	0.000961653	0.00210027	0.00472342	 0.0104575	 0.0218105	 0.0410974	  0.068075	  0.100401	  0.135584	   0.17166	   0.20674	  0.239391	  0.268424	  0.293141	   0.31324	  0.329121	  0.341071	  0.349691	  0.355407	  0.359221	  0.361767	    0.3639	  0.365978	  0.367993	  0.370345	  0.372746	  0.375048	  0.376819	  0.377719	  0.377842	  0.376996	  0.374991	  0.372384	  0.369033	   0.36485	  0.360119	  0.354864	  0.348928	  0.342409	  0.335459	  0.328171	  0.320627	  0.312921	  0.305072	  0.297079	  0.288946	  0.280735	  0.272477	  0.264203	  0.255941	  0.247702	  0.239483	  0.231283	    0.2231	  0.214935	   0.20679	  0.198678	  0.190617	   0.18263	  0.174745	  0.166985	  0.159375	   0.15194	    0.1447	  0.137675	  0.130882	  0.124336	  0.118048	  0.112029
   774	     0	0.000378809	0.000577699	0.00119709	 0.0027676	0.00654025	 0.0148905	 0.0307887	 0.0554518	 0.0866362	  0.121454	  0.157907	  0.194476	  0.229545	  0.261876	  0.290433	  0.314615	   0.33417	   0.34951	  0.360906	  0.368946	   0.37406	  0.377239	  0.379083	  0.380475	  0.381791	  0.383023	  0.384555	  0.386153	   0.38774	   0.38888	  0.389173	  0.388668	  0.387203	  0.384653	  0.381575	  0.377817	  0.373248	  0.368168	  0.362602	  0.356385	  0.349593	  0.342363	  0.334785	   0.32694	  0.318937	  0.310799	  0.302526	  0.294118	  0.285636	  0.277105	  0.268561	  0.260029	  0.251526	  0.243054	  0.234611	  0.226197	  0.217813	  0.209464	  0.201161	  0.192923	  0.184774	  0.176741	   0.16885	  0.161126	  0.153591	  0.146266	   0.13917	  0.132317	  0.125721	  0.119392	  0.113337
   775	     0	0.000255069	0.000391367	0.000829989	0.00198243	 0.0048786	 0.0116981	 0.0257631	 0.0493818	 0.0807961	  0.116495	  0.153902	  0.191256	  0.226813	  0.259292	  0.287657	   0.31136	  0.330223	  0.344782	  0.355368	  0.362631	  0.367044	  0.369645	  0.371027	  0.372125	  0.373314	  0.374595	  0.376373	  0.378344	  0.380385	  0.382036	  0.382885	  0.383013	  0.382226	  0.380334	  0.377887	   0.37473	  0.370714	  0.366107	  0.360924	  0.355011	  0.348482	  0.341504	  0.334176	   0.32659	  0.318853	  0.310982	  0.302978	  0.294845	  0.286645	   0.27841	  0.270172	  0.261955	  0.253769	  0.245608	  0.237468	  0.229345	  0.221236	  0.213141	   0.20507	  0.197039	  0.189073	  0.181193	  0.173426	  0.165796	  0.158325	  0.151036	  0.143948	  0.137079	  0.130446	  0.124062	  0.117939
   776	     0	0.000198896	0.000307625	0.000661441	0.00160536	 0.0040306	0.00995192	 0.0228842	  0.046168	  0.078835	  0.116649	  0.156046	  0.194823	  0.231109	  0.263619	  0.291372	  0.313927	  0.331255	  0.344081	  0.352844	  0.358297	  0.361008	  0.362099	  0.362165	  0.362209	  0.362596	  0.363315	  0.364754	  0.366577	  0.368638	  0.370445	  0.371575	  0.372103	  0.371813	   0.37046	  0.368556	  0.365953	  0.362484	  0.358378	  0.353643	  0.348148	  0.342038	  0.335481	  0.328578	  0.321419	    0.3141	  0.306634	  0.299022	  0.291275	  0.283461	  0.275617	  0.267774	  0.259954	  0.252159	   0.24438	  0.236612	  0.228849	  0.221086	  0.213319	  0.205556	   0.19781	  0.190099	  0.182443	  0.174864	  0.167383	  0.160021	    0.1528	  0.145742	  0.138865	  0.132189	  0.125732	  0.119509
   777	     0	0.000248689	0.00039536	0.000923335	0.00247507	0.00676644	 0.0173333	 0.0380296	 0.0682929	  0.103425	  0.140341	    0.1776	  0.214031	  0.248227	  0.279154	  0.305959	  0.328198	  0.345737	  0.359099	  0.368585	  0.374814	   0.37825	  0.379912	  0.380375	  0.380581	   0.38091	  0.381349	  0.382284	  0.383461	  0.384791	  0.385801	  0.386053	  0.385583	  0.384213	  0.381799	  0.378883	  0.375307	  0.370933	  0.366041	  0.360644	  0.354573	  0.347916	  0.340821	  0.333379	  0.325678	  0.317824	  0.309841	  0.301726	  0.293482	  0.285168	  0.276813	  0.268449	  0.260102	  0.251786	  0.243502	  0.235246	  0.227018	  0.218818	  0.210647	  0.202518	  0.194448	  0.186461	  0.178582	  0.170837	   0.16325	  0.155843	  0.148636	  0.141649	  0.134897	  0.128393	  0.122147	  0.116169
   778	     0	0.000152441	0.000239967	0.000520781	0.00126606	0.00318281	0.00792522	 0.0186629	 0.0392377	  0.070126	  0.107541	  0.147372	  0.187021	  0.224465	  0.258306	  0.287463	  0.311412	  0.330067	  0.344129	  0.354032	   0.36053	  0.364191	  0.366128	  0.366942	  0.367623	  0.368538	  0.369674	  0.371423	  0.373445	  0.375613	   0.37745	  0.378553	  0.379014	  0.378623	  0.377138	  0.375085	  0.372309	  0.368647	  0.364355	  0.359455	  0.353822	  0.347596	  0.340945	  0.333965	   0.32674	  0.319366	  0.311847	  0.304184	  0.296384	   0.28852	  0.280625	  0.272735	  0.264868	  0.257025	  0.249196	  0.241377	  0.233561	  0.225741	  0.217915	  0.210087	  0.202272	  0.194486	  0.186748	   0.17908	  0.171501	  0.164034	    0.1567	   0.14952	  0.142516	  0.135706	   0.12911	  0.122743
   779	     0	0.00015133	0.000240145	0.000545999	 0.0014141	0.00378919	0.00992798	  0.023827	 0.0488257	 0.0829128	  0.121441	   0.16134	  0.200789	  0.238035	  0.271799	  0.301071	  0.325351	  0.344527	  0.359198	  0.369747	  0.376871	  0.381083	  0.383448	  0.384592	  0.385455	  0.386423	   0.38749	  0.389057	  0.390822	  0.392684	  0.394167	  0.394842	  0.394781	  0.393795	  0.391697	   0.38904	  0.385664	  0.381423	  0.376593	  0.371193	  0.365074	  0.358356	  0.351206	  0.343725	     0.336	  0.328141	  0.320159	   0.31205	  0.303815	  0.295519	  0.287193	   0.27887	  0.270575	  0.262312	  0.254077	  0.245861	  0.237663	  0.229477	  0.221303	  0.213148	  0.205026	   0.19696	   0.18897	  0.181081	  0.173317	  0.165701	  0.158255	  0.150999	  0.143953	  0.137135	  0.130561	  0.124242
   780	     0	0.000324871	0.000510643	0.00111314	0.00271393	0.00674604	 0.0160518	 0.0342112	 0.0623795	  0.097451	  0.135974	  0.175763	  0.215158	  0.252362	  0.286133	   0.31547	  0.339872	  0.359203	  0.374033	  0.384709	  0.391905	  0.396129	  0.398425	   0.39941	  0.400021	  0.400665	  0.401342	  0.402457	  0.403732	  0.405127	  0.406166	  0.406393	  0.405864	   0.40441	  0.401879	   0.39882	   0.39506	  0.390431	  0.385228	  0.379478	  0.373027	  0.365984	  0.358514	  0.350717	  0.342682	  0.334522	  0.326252	  0.317862	  0.309355	  0.300793	  0.292207	  0.283629	  0.275084	  0.266578	  0.258105	  0.249658	  0.241232	  0.232822	  0.224428	  0.216056	  0.207722	  0.199446	  0.191252	  0.183165	  0.175208	  0.167406	   0.15978	  0.152352	   0.14514	  0.138164	  0.131437	  0.124973
   781	     0	0.00015133	0.000240145	0.000545999	 0.0014141	0.00378919	0.00992798	  0.023827	 0.0488257	 0.0829128	  0.121441	   0.16134	  0.200789	  0.238035	  0.271799	  0.301071	  0.325351	  0.344527	  0.359198	  0.369747	  0.376871	  0.381083	  0.383448	  0.384592	  0.385455	  0.386423	   0.38749	  0.389057	  0.390822	  0.392684	  0.394167	  0.394842	  0.394781	  0.393795	  0.391697	   0.38904	  0.385664	  0.381423	  0.376593	  0.371193	  0.365074	  0.358356	  0.351206	  0.343725	     0.336	  0.328141	  0.320159	   0.31205	  0.303815	  0.295519	  0.287193	   0.27887	  0.270575	  0.262312	  0.254077	  0.245861	  0.237663	  0.229477	  0.221303	  0.213148	  0.205026	   0.19696	   0.18897	  0.181081	  0.173317	  0.165701	  0.158255	  0.150999	  0.143953	  0.137135	  0.130561	  0.124242
   782	     0	0.000401982	0.000615729	0.00127661	0.00294197	0.00691783	 0.0156678	 0.0322649	 0.0580142	 0.0906691	   0.12723	  0.165519	  0.203823	  0.240334	  0.273753	  0.303025	  0.327585	  0.347238	  0.362476	  0.373623	  0.381323	  0.386049	  0.388825	  0.390296	  0.391364	  0.392429	  0.393506	  0.395011	  0.396661	  0.398375	  0.399681	  0.400136	  0.399803	  0.398506	    0.3961	  0.393153	    0.3895	  0.384984	  0.379899	  0.374272	  0.367951	  0.361032	  0.353672	  0.345966	     0.338	   0.32989	  0.321654	   0.31329	  0.304798	  0.296239	  0.287643	  0.279042	  0.270463	  0.261916	  0.253399	  0.244907	  0.236436	  0.227984	  0.219553	  0.211152	  0.202798	  0.194515	  0.186329	  0.178266	   0.17035	  0.162606	  0.155056	   0.14772	  0.140616	  0.133759	  0.127163	  0.120837
   783	     0	0.000353924	0.000539916	 0.0011187	0.00258653	0.00613074	 0.0141009	 0.0297496	 0.0549653	 0.0877291	   0.12458	  0.162909	  0.200848	  0.236568	  0.268802	  0.296551	  0.319334	  0.337059	  0.350369	   0.35965	  0.365613	  0.368793	  0.370277	  0.370673	  0.370939	  0.371447	   0.37218	  0.373519	  0.375159	  0.376984	   0.37851	   0.37931	  0.379454	  0.378744	  0.376966	  0.374635	  0.371601	  0.367709	  0.363206	  0.358105	  0.352266	  0.345823	  0.338946	  0.331735	   0.32428	  0.316681	  0.308948	  0.301078	  0.293079	  0.285018	  0.276926	  0.268838	  0.260775	  0.252741	  0.244729	  0.236733	   0.22875	  0.220776	   0.21281	  0.204859	  0.196935	  0.189058	  0.181247	  0.173526	  0.165916	   0.15844	   0.15112	  0.143977	   0.13703	  0.130299	    0.1238	  0.117548
   784	     0	0.000289885	0.000443866	0.000890039	0.00195597	0.00441308	0.00984827	 0.0209407	 0.0407619	 0.0700953	  0.106705	  0.147272	  0.188902	  0.228957	  0.265636	  0.297591	  0.324165	  0.345211	  0.361384	  0.373125	  0.381203	  0.386196	  0.389208	  0.390893	  0.392194	  0.393517	  0.394856	  0.396604	  0.398465	   0.40037	  0.401861	  0.402553	  0.402529	  0.401594	  0.399524	  0.396853	  0.393421	  0.389091	  0.384142	  0.378594	  0.372314	  0.365439	  0.358142	  0.350526	  0.342681	  0.334705	  0.326603	   0.31837	  0.310014	  0.301604	  0.293177	  0.284766	  0.276392	  0.268056	  0.259746	  0.251455	  0.243177	  0.234904	  0.226632	  0.218366	  0.210119	   0.20191	  0.193758	  0.185684	  0.177712	  0.169864	  0.162162	  0.154629	  0.147286	  0.140153	  0.133249	  0.126592
   785	     0	0.000255477	0.000406527	0.000935247	0.00245156	 0.0065703	 0.0167052	 0.0371073	 0.0682646	  0.105508	  0.144902	  0.184458	  0.222766	  0.258268	  0.289906	  0.316849	  0.338733	  0.355535	  0.367933	   0.37632	  0.381406	  0.383731	  0.384377	  0.383954	  0.383446	  0.383236	  0.383315	  0.384074	  0.385195	  0.386546	  0.387608	  0.387929	  0.387568	  0.386326	  0.383996	  0.381119	  0.377533	  0.373123	  0.368185	  0.362733	  0.356611	   0.34993	  0.342848	   0.33546	  0.327847	  0.320104	   0.31224	   0.30425	  0.296136	  0.287961	  0.279757	  0.271555	  0.263379	  0.255235	  0.247118	  0.239021	  0.230942	  0.222879	   0.21483	  0.206804	  0.198816	  0.190886	  0.183036	   0.17529	  0.167672	  0.160202	  0.152904	  0.145798	  0.138902	  0.132233	  0.125807	  0.119635
   786	     0	 0.0003441	0.000529641	0.00106851	0.00235837	0.00532263	 0.0117891	 0.0245678	 0.0462575	  0.076612	  0.112993	  0.152505	  0.192791	  0.231585	  0.267289	  0.298628	  0.324927	  0.345974	  0.362339	  0.374386	  0.382824	  0.388185	  0.391533	  0.393487	   0.39499	  0.396448	  0.397866	  0.399646	  0.401506	  0.403423	  0.404954	  0.405669	  0.405641	  0.404703	  0.402689	  0.400133	  0.396858	  0.392658	  0.387805	  0.382325	  0.376084	  0.369214	  0.361891	  0.354219	  0.346295	  0.338235	  0.330051	  0.321738	  0.313301	  0.304809	  0.296295	  0.287793	  0.279325	  0.270895	  0.262492	  0.254107	  0.245733	  0.237361	  0.228987	  0.220617	  0.212266	  0.203953	  0.195702	  0.187535	  0.179477	  0.171551	   0.16378	  0.156186	   0.14879	  0.141612	   0.13467	   0.12798
   787	     0	0.000326537	0.00050619	0.00108858	0.00263016	0.00650991	 0.0155299	 0.0334816	 0.0620495	  0.098204	  0.137924	  0.178528	  0.218146	  0.254951	  0.287741	  0.315615	  0.338198	  0.355494	  0.368229	  0.376839	  0.382071	  0.384501	  0.385237	  0.384896	  0.384478	  0.384375	  0.384578	  0.385481	  0.386763	  0.388312	  0.389613	    0.3902	  0.390129	  0.389199	  0.387201	  0.384665	  0.381429	  0.377332	   0.37263	  0.367336	  0.361307	  0.354673	  0.347606	  0.340207	  0.332568	  0.324794	  0.316895	  0.308867	  0.300716	  0.292506	  0.284272	  0.276044	  0.267847	  0.259683	  0.251545	  0.243425	  0.235321	  0.227226	   0.21914	  0.211066	   0.20302	   0.19502	  0.187088	  0.179245	  0.171514	  0.163919	  0.156481	  0.149221	   0.14216	  0.135316	  0.128706	  0.122345
   788	     0	0.000324871	0.000510643	0.00111314	0.00271393	0.00674604	 0.0160518	 0.0342112	 0.0623795	  0.097451	  0.135974	  0.175763	  0.215158	  0.252362	  0.286133	   0.31547	  0.339872	  0.359203	  0.374033	  0.384709	  0.391905	  0.396129	  0.398425	   0.39941	  0.400021	  0.400665	  0.401342	  0.402457	  0.403732	  0.405127	  0.406166	  0.406393	  0.405864	   0.40441	  0.401879	   0.39882	   0.39506	  0.390431	  0.385228	  0.379478	  0.373027	  0.365984	  0.358514	  0.350717	  0.342682	  0.334522	  0.326252	  0.317862	  0.309355	  0.300793	  0.292207	  0.283629	  0.275084	  0.266578	  0.258105	  0.249658	  0.241232	  0.232822	  0.224428	  0.216056	  0.207722	  0.199446	  0.191252	  0.183165	  0.175208	  0.167406	   0.15978	  0.152352	   0.14514	  0.138164	  0.131437	  0.124973
   789	     0	0.000330369	0.000510964	0.00108056	 0.0025489	0.00615477	  0.014389	 0.0307254	 0.0571617	 0.0915619	  0.130378	  0.170914	  0.211133	  0.248994	  0.283152	  0.312579	  0.336809	  0.355772	  0.370127	   0.38028	  0.386959	  0.390705	  0.392598	  0.393275	  0.393699	  0.394281	  0.395034	  0.396377	  0.397978	  0.399728	  0.401124	  0.401721	  0.401598	  0.400549	  0.398357	  0.395585	  0.392063	  0.387654	  0.382643	  0.377047	  0.370723	  0.363797	  0.356446	  0.348772	  0.340868	  0.332839	  0.324696	  0.316432	  0.308052	   0.29962	  0.291169	  0.282731	  0.274329	  0.265967	  0.257636	  0.249328	  0.241038	  0.232761	  0.224493	  0.216241	   0.20802	   0.19985	  0.191754	  0.183755	  0.175875	   0.16814	  0.160571	   0.15319	  0.146016	  0.139069	  0.132365	  0.125918
   790	     0	0.000218431	  0.000347	0.000796527	0.00208656	0.00560808	 0.0143967	 0.0325706	 0.0612311	 0.0963309	  0.134042	  0.172415	  0.210092	  0.245547	  0.277652	  0.305496	  0.328607	  0.346857	  0.360786	   0.37073	  0.377334	  0.381078	  0.382996	  0.383697	  0.384107	   0.38461	  0.385197	  0.386258	  0.387521	  0.388875	  0.389837	  0.390001	   0.38942	  0.387908	  0.385293	  0.382128	  0.378257	  0.373592	  0.368449	  0.362845	  0.356611	  0.349831	  0.342651	  0.335157	  0.327427	  0.319557	   0.31156	  0.303432	  0.295176	  0.286851	  0.278485	  0.270113	   0.26176	  0.253438	  0.245144	  0.236876	  0.228632	   0.22041	  0.212214	  0.204054	  0.195948	   0.18792	  0.179995	  0.172197	  0.164552	  0.157081	  0.149807	  0.142747	  0.135919	  0.129337	  0.123013	  0.116955
   791	     0	0.000401982	0.000615729	0.00127661	0.00294197	0.00691783	 0.0156678	 0.0322649	 0.0580142	 0.0906691	   0.12723	  0.165519	  0.203823	  0.240334	  0.273753	  0.303025	  0.327585	  0.347238	  0.362476	  0.373623	  0.381323	  0.386049	  0.388825	  0.390296	  0.391364	  0.392429	  0.393506	  0.395011	  0.396661	  0.398375	  0.399681	  0.400136	  0.399803	  0.398506	    0.3961	  0.393153	    0.3895	  0.384984	  0.379899	  0.374272	  0.367951	  0.361032	  0.353672	  0.345966	     0.338	   0.32989	  0.321654	   0.31329	  0.304798	  0.296239	  0.287643	  0.279042	  0.270463	  0.261916	  0.253399	  0.244907	  0.236436	  0.227984	  0.219553	  0.211152	  0.202798	  0.194515	  0.186329	  0.178266	   0.17035	  0.162606	  0.155056	   0.14772	  0.140616	  0.133759	  0.127163	  0.120837
   792	     0	0.000196439	0.000301017	0.000651022	 0.0016046	0.00408894	 0.0101347	 0.0228813	  0.044356	 0.0726592	  0.104674	  0.138448	  0.172691	  0.205995	  0.237181	  0.265207	  0.289411	  0.309441	  0.325573	  0.337998	  0.347217	  0.353577	  0.358018	  0.361156	  0.363794	  0.366283	  0.368612	  0.371168	  0.373719	  0.376161	  0.378097	  0.379146	  0.379367	   0.37859	  0.376696	  0.374254	  0.371129	  0.367166	  0.362611	  0.357485	  0.351641	   0.34516	  0.338185	  0.330815	  0.323139	  0.315277	  0.307262	  0.299098	  0.290789	  0.282393	  0.273935	   0.26545	  0.256968	  0.248507	  0.240076	  0.231676	  0.223309	  0.214979	  0.206693	  0.198464	  0.190312	  0.182261	   0.17434	  0.166574	  0.158988	  0.151606	  0.144446	  0.137526	  0.130859	  0.124457	  0.118327	  0.112473
   793	     0	0.00015133	0.000240145	0.000545999	 0.0014141	0.00378919	0.00992798	  0.023827	 0.0488257	 0.0829128	  0.121441	   0.16134	  0.200789	  0.238035	  0.271799	  0.301071	  0.325351	  0.344527	  0.359198	  0.369747	  0.376871	  0.381083	  0.383448	  0.384592	  0.385455	  0.386423	   0.38749	  0.389057	  0.390822	  0.392684	  0.394167	  0.394842	  0.394781	  0.393795	  0.391697	   0.38904	  0.385664	  0.381423	  0.376593	  0.371193	  0.365074	  0.358356	  0.351206	  0.343725	     0.336	  0.328141	  0.320159	   0.31205	  0.303815	  0.295519	  0.287193	   0.27887	  0.270575	  0.262312	  0.254077	  0.245861	  0.237663	  0.229477	  0.221303	  0.213148	  0.205026	   0.19696	   0.18897	  0.181081	  0.173317	  0.165701	  0.158255	  0.150999	  0.143953	  0.137135	  0.130561	  0.124242
   794	     0	0.00015133	0.000240145	0.000545999	 0.0014141	0.00378919	0.00992798	  0.023827	 0.0488257	 0.0829128	  0.121441	   0.16134	  0.200789	  0.238035	  0.271799	  0.301071	  0.325351	  0.344527	  0.359198	  0.369747	  0.376871	  0.381083	  0.383448	  0.384592	  0.385455	  0.386423	   0.38749	  0.389057	  0.390822	  0.392684	  0.394167	  0.394842	  0.394781	  0.393795	  0.391697	   0.38904	  0.385664	  0.381423	  0.376593	  0.371193	  0.365074	  0.358356	  0.351206	  0.343725	     0.336	  0.328141	  0.320159	   0.31205	  0.303815	  0.295519	  0.287193	   0.27887	  0.270575	  0.262312	  0.254077	  0.245861	  0.237663	  0.229477	  0.221303	  0.213148	  0.205026	   0.19696	   0.18897	  0.181081	  0.173317	  0.165701	  0.158255	  0.150999	  0.143953	  0.137135	  0.130561	  0.124242
   795	     0	0.000297288	0.000464362	0.00101644	0.00250826	0.00634129	  0.015416	 0.0336618	  0.062636	 0.0989437	  0.138464	  0.178647	  0.217758	  0.254064	  0.286403	  0.313889	  0.336143	  0.353164	  0.365678	  0.374107	  0.379197	  0.381522	  0.382189	  0.381795	  0.381343	  0.381214	  0.381382	  0.382217	  0.383417	   0.38488	  0.386102	  0.386624	  0.386494	  0.385518	  0.383496	  0.380942	  0.377696	  0.373597	  0.368901	  0.363621	  0.357611	  0.351002	  0.343964	    0.3366	     0.329	  0.321268	  0.313413	  0.305431	  0.297325	  0.289162	  0.280974	  0.272792	  0.264641	  0.256522	  0.248429	  0.240355	  0.232298	  0.224254	  0.216223	  0.208208	  0.200223	  0.192285	  0.184416	  0.176636	  0.168968	  0.161434	  0.154057	  0.146857	  0.139855	  0.133068	  0.126515	  0.120209
   796	     0	0.000275391	0.000435521	  0.001023	0.00277255	0.00764418	 0.0195521	 0.0422363	 0.0741986	  0.110289	  0.147571	  0.184689	  0.220487	  0.253582	   0.28303	  0.308076	  0.328374	  0.343889	  0.355234	   0.36277	  0.367159	   0.36891	  0.369097	  0.368346	  0.367581	  0.367165	  0.367067	  0.367643	  0.368628	  0.369884	  0.370909	  0.371279	  0.371018	  0.369932	   0.36782	  0.365178	  0.361867	  0.357796	  0.353218	   0.34813	  0.342373	  0.336052	  0.329314	  0.322253	  0.314947	  0.307485	  0.299881	  0.292135	  0.284252	  0.276294	  0.268292	   0.26028	  0.252281	  0.244307	  0.236354	  0.228419	  0.220502	  0.212602	  0.204721	   0.19687	  0.189065	  0.181328	  0.173681	  0.166149	  0.158755	  0.151521	  0.144467	  0.137614	  0.130977	  0.124574	  0.118415	  0.112513
   797	     0	0.000369423	0.000555655	0.00111824	0.00250133	0.00574396	 0.0128706	 0.0267558	 0.0494423	 0.0797525	   0.11483	  0.152166	  0.189817	  0.225867	  0.258929	  0.287897	  0.312179	  0.331579	  0.346616	  0.357623	  0.365249	  0.369977	  0.372839	  0.374416	  0.375654	  0.376933	  0.378246	  0.379986	  0.381879	   0.38382	  0.385365	  0.386105	  0.386112	  0.385197	  0.383185	   0.38062	  0.377348	  0.373214	  0.368485	  0.363177	   0.35713	  0.350455	  0.343319	  0.335827	  0.328073	  0.320169	  0.312137	  0.303975	  0.295687	  0.287336	  0.278952	  0.270568	  0.262208	  0.253882	  0.245585	  0.237314	  0.229064	  0.220834	  0.212625	  0.204447	  0.196315	  0.188253	  0.180285	  0.172436	   0.16473	   0.15719	  0.149838	  0.142693	  0.135775	  0.129099	  0.122677	  0.116521
   798	     0	0.000335443	0.000509065	0.00104315	0.00238388	 0.0055997	 0.0128404	 0.0272673	 0.0511633	 0.0831208	  0.119797	  0.158395	  0.196891	   0.23338	  0.266509	  0.295228	   0.31901	  0.337728	  0.351959	  0.362086	  0.368796	  0.372604	  0.374581	  0.375362	  0.375875	  0.376503	  0.377244	  0.378483	  0.379959	  0.381558	  0.382811	  0.383325	  0.383143	  0.382077	  0.379944	  0.377264	  0.373891	  0.369714	  0.365007	  0.359776	  0.353862	  0.347365	  0.340434	  0.333159	  0.325621	  0.317917	  0.310065	  0.302065	  0.293925	  0.285708	  0.277445	  0.269172	  0.260913	  0.252678	  0.244464	  0.236265	  0.228078	  0.219897	  0.211725	  0.203571	  0.195456	  0.187404	  0.179441	  0.171593	  0.163885	  0.156341	  0.148982	  0.141828	  0.134897	  0.128206	  0.121767	   0.11559
   799	     0	0.000255051	0.000400214	0.000894979	0.00227385	0.00591607	 0.0146809	 0.0321913	 0.0592386	 0.0922686	  0.128003	  0.164721	  0.201175	  0.235933	  0.267868	  0.296021	   0.31984	  0.339089	  0.354172	  0.365351	  0.373202	  0.378147	  0.381169	  0.382873	   0.38413	  0.385314	  0.386408	  0.387791	  0.389244	  0.390713	  0.391758	  0.391961	  0.391354	  0.389783	  0.387152	  0.384016	  0.380223	  0.375626	  0.370522	  0.364938	  0.358714	  0.351917	  0.344681	  0.337092	  0.329232	  0.321213	  0.313059	  0.304771	  0.296346	  0.287843	  0.279289	  0.270718	  0.262156	  0.253622	   0.24512	  0.236649	  0.228209	  0.219803	  0.211436	  0.203118	  0.194869	  0.186713	  0.178675	  0.170781	  0.163056	  0.155523	  0.148202	  0.141111	  0.134264	  0.127675	  0.121352	  0.115303
   800	     0	0.000235837	0.000355397	0.000726954	0.00166767	0.00395689	0.00925758	 0.0203501	 0.0399695	 0.0678193	  0.100987	  0.136627	  0.172741	  0.207504	  0.239554	  0.267773	  0.291534	    0.3106	  0.325443	  0.336388	  0.344065	  0.348934	  0.352035	  0.354016	  0.355734	  0.357534	  0.359399	  0.361709	  0.364173	  0.366656	  0.368724	  0.370003	  0.370574	  0.370247	  0.368818	  0.366811	  0.364089	  0.360518	  0.356325	   0.35152	  0.345968	  0.339794	  0.333163	  0.326174	  0.318916	   0.31149	  0.303911	  0.296179	  0.288302	  0.280345	  0.272339	  0.264319	   0.25631	  0.248317	  0.240338	  0.232369	  0.224407	  0.216452	  0.208504	  0.200573	  0.192675	  0.184831	  0.177065	    0.1694	   0.16186	  0.154468	  0.147247	  0.140217	  0.133397	  0.126804	  0.120453	  0.114357
   801	     0	0.000322101	0.000489615	0.000973491	0.00212275	0.00475182	 0.0105087	 0.0220989	 0.0424738	 0.0721642	  0.108812	   0.14915	  0.190368	  0.229918	  0.266052	  0.297466	  0.323529	  0.344104	  0.359843	   0.37119	  0.378909	   0.38358	  0.386312	  0.387777	   0.38892	  0.390145	  0.391454	  0.393244	  0.395221	  0.397312	   0.39905	  0.400009	  0.400254	  0.399596	  0.397838	  0.395512	  0.392454	  0.388485	   0.38385	  0.378564	  0.372505	  0.365808	  0.358651	   0.35114	  0.343368	  0.335449	  0.327394	    0.3192	  0.310873	  0.302482	  0.294062	  0.285647	   0.27726	  0.268903	  0.260568	  0.252246	  0.243931	  0.235617	    0.2273	  0.218985	  0.210687	  0.202426	  0.194223	  0.186102	  0.178085	  0.170198	  0.162462	  0.154899	  0.147532	   0.14038	  0.133462	  0.126794
   802	     0	0.000310108	0.000460713	0.000887311	0.00187716	0.00409461	  0.008887	 0.0185668	 0.0360328	 0.0625837	 0.0966741	  0.135136	  0.174938	   0.21341	  0.248707	  0.279484	  0.305074	  0.325314	  0.340833	  0.352068	  0.359767	  0.364488	  0.367339	  0.368965	  0.370319	   0.37178	  0.373341	   0.37539	  0.377635	  0.379945	  0.381869	   0.38303	    0.3835	  0.383076	  0.381539	  0.379415	  0.376557	  0.372822	   0.36845	  0.363449	  0.357683	  0.351282	  0.344417	   0.33719	  0.329694	  0.322032	  0.314221	  0.306261	  0.298161	  0.289988	  0.281777	  0.273562	  0.265366	  0.257194	  0.249039	  0.240896	  0.232758	  0.224621	  0.216485	  0.208356	  0.200251	  0.192193	  0.184203	  0.176306	  0.168525	  0.160884	  0.153406	  0.146112	  0.139023	  0.132156	  0.125528	  0.119154
   803	     0	0.00022299	0.000340369	0.000696467	0.00158338	0.00371627	0.00864113	 0.0190982	 0.0382962	 0.0669099	  0.102322	  0.141118	  0.180649	  0.218613	  0.253395	  0.283752	   0.30905	  0.329122	  0.344575	  0.355818	  0.363576	  0.368387	  0.371338	  0.373067	  0.374516	  0.376065	  0.377713	  0.379863	  0.382196	  0.384598	  0.386611	  0.387831	  0.388352	  0.387971	  0.386465	  0.384374	  0.381544	  0.377806	  0.373402	  0.368346	  0.362513	  0.356044	  0.349119	  0.341844	  0.334312	  0.326631	  0.318812	  0.310852	  0.302759	  0.294603	  0.286417	  0.278235	   0.27008	  0.261953	  0.253847	  0.245753	  0.237669	  0.229585	  0.221502	  0.213423	  0.205364	  0.197343	  0.189382	  0.181502	  0.173727	  0.166079	  0.158581	  0.151255	   0.14412	  0.137198	  0.130505	  0.124057
   804	     0	0.00015133	0.000240145	0.000545999	 0.0014141	0.00378919	0.00992798	  0.023827	 0.0488257	 0.0829128	  0.121441	   0.16134	  0.200789	  0.238035	  0.271799	  0.301071	  0.325351	  0.344527	  0.359198	  0.369747	  0.376871	  0.381083	  0.383448	  0.384592	  0.385455	  0.386423	   0.38749	  0.389057	  0.390822	  0.392684	  0.394167	  0.394842	  0.394781	  0.393795	  0.391697	   0.38904	  0.385664	  0.381423	  0.376593	  0.371193	  0.365074	  0.358356	  0.351206	  0.343725	     0.336	  0.328141	  0.320159	   0.31205	  0.303815	  0.295519	  0.287193	   0.27887	  0.270575	  0.262312	  0.254077	  0.245861	  0.237663	  0.229477	  0.221303	  0.213148	  0.205026	   0.19696	   0.18897	  0.181081	  0.173317	  0.165701	  0.158255	  0.150999	  0.143953	  0.137135	  0.130561	  0.124242
   805	     0	0.00017046	0.000265873	0.000568961	0.00136254	0.00337354	0.00827072	 0.0191841	  0.039856	 0.0708263	  0.108629	  0.149321	  0.190186	  0.228973	  0.264142	  0.294524	  0.319568	  0.339183	  0.354057	   0.36464	  0.371697	  0.375807	  0.378089	  0.379196	  0.380082	  0.381135	  0.382344	  0.384097	  0.386092	  0.388237	  0.390062	   0.39115	  0.391566	  0.391114	  0.389576	  0.387472	  0.384648	  0.380925	  0.376534	  0.371485	   0.36566	  0.359203	   0.35229	  0.345028	  0.337509	   0.32984	   0.32203	  0.314077	  0.305989	  0.297836	  0.289654	  0.281476	  0.273325	  0.265202	  0.257097	  0.249003	  0.240916	  0.232827	  0.224734	  0.216641	  0.208562	  0.200516	  0.192522	  0.184602	   0.17678	  0.169077	  0.161515	  0.154117	  0.146903	  0.139894	  0.133109	  0.126564
   806	     0	0.00029693	0.000457164	0.000990408	0.00243284	0.00612231	 0.0147238	 0.0315043	 0.0572234	   0.08879	  0.123208	  0.158778	  0.194232	  0.228134	  0.259354	  0.286934	   0.31031	  0.329234	  0.344087	  0.355121	  0.362892	  0.367804	  0.370834	  0.372587	  0.373921	  0.375201	  0.376419	  0.377961	  0.379598	   0.38124	  0.382452	  0.382835	  0.382434	  0.381082	  0.378655	  0.375708	  0.372099	  0.367702	    0.3628	  0.357411	  0.351372	  0.344753	  0.337691	  0.330272	  0.322575	  0.314709	  0.306699	  0.298545	  0.290252	  0.281877	  0.273448	  0.264998	  0.256555	  0.248138	   0.23975	  0.231392	  0.223065	  0.214769	  0.206512	  0.198305	  0.190167	  0.182125	  0.174205	  0.166432	  0.158832	  0.151427	  0.144237	   0.13728	  0.130569	  0.124116	  0.117931	  0.112018
   807	     0	0.000198896	0.000307625	0.000661441	0.00160536	 0.0040306	0.00995192	 0.0228842	  0.046168	  0.078835	  0.116649	  0.156046	  0.194823	  0.231109	  0.263619	  0.291372	  0.313927	  0.331255	  0.344081	  0.352844	  0.358297	  0.361008	  0.362099	  0.362165	  0.362209	  0.362596	  0.363315	  0.364754	  0.366577	  0.368638	  0.370445	  0.371575	  0.372103	  0.371813	   0.37046	  0.368556	  0.365953	  0.362484	  0.358378	  0.353643	  0.348148	  0.342038	  0.335481	  0.328578	  0.321419	    0.3141	  0.306634	  0.299022	  0.291275	  0.283461	  0.275617	  0.267774	  0.259954	  0.252159	   0.24438	  0.236612	  0.228849	  0.221086	  0.213319	  0.205556	   0.19781	  0.190099	  0.182443	  0.174864	  0.167383	  0.160021	    0.1528	  0.145742	  0.138865	  0.132189	  0.125732	  0.119509
   808	     0	0.00037979	0.000580945	 0.0012349	0.00295554	0.00721333	 0.0167537	 0.0346089	 0.0611683	 0.0933838	  0.128449	  0.164661	  0.200654	  0.234869	  0.266168	  0.293595	  0.316619	  0.335035	  0.349284	  0.359653	  0.366733	  0.370972	  0.373378	  0.374602	  0.375486	  0.376405	  0.377343	  0.378677	   0.38018	  0.381785	  0.383044	  0.383537	  0.383296	  0.382158	   0.37999	  0.377309	  0.373969	  0.369827	  0.365129	  0.359883	  0.353939	  0.347391	  0.340389	  0.333028	  0.325393	  0.317592	  0.309646	  0.301556	  0.293324	  0.285012	  0.276649	  0.268269	  0.259899	  0.251552	  0.243228	  0.234926	  0.226643	  0.218381	  0.210142	  0.201937	  0.193785	   0.18571	  0.177737	  0.169891	  0.162198	  0.154681	  0.147361	  0.140257	  0.133387	  0.126765	  0.120403	   0.11431
   809	     0	0.000254382	0.000392789	0.000825325	0.00193457	0.00466791	 0.0110496	 0.0243847	 0.0476302	 0.0799189	   0.11762	  0.157479	  0.197239	   0.23485	  0.268898	  0.298293	  0.322512	  0.341461	  0.355795	  0.365939	  0.372631	  0.376427	  0.378429	  0.379289	  0.379958	  0.380821	  0.381881	  0.383544	  0.385477	  0.387575	  0.389349	  0.390356	  0.390679	  0.390119	  0.388458	  0.386234	  0.383289	  0.379445	  0.374948	  0.369814	   0.36392	  0.357409	  0.350458	  0.343166	  0.335627	  0.327944	  0.320128	  0.312173	  0.304087	  0.295939	  0.287763	  0.279592	  0.271448	  0.263334	  0.255239	  0.247158	  0.239084	  0.231013	   0.22294	  0.214871	  0.206819	  0.198802	   0.19084	  0.182955	  0.175169	  0.167505	  0.159985	  0.152631	  0.145464	  0.138504	  0.131769	  0.125275
   810	     0	0.00015133	0.000240145	0.000545999	 0.0014141	0.00378919	0.00992798	  0.023827	 0.0488257	 0.0829128	  0.121441	   0.16134	  0.200789	  0.238035	  0.271799	  0.301071	  0.325351	  0.344527	  0.359198	  0.369747	  0.376871	  0.381083	  0.383448	  0.384592	  0.385455	  0.386423	   0.38749	  0.389057	  0.390822	  0.392684	  0.394167	  0.394842	  0.394781	  0.393795	  0.391697	   0.38904	  0.385664	  0.381423	  0.376593	  0.371193	  0.365074	  0.358356	  0.351206	  0.343725	     0.336	  0.328141	  0.320159	   0.31205	  0.303815	  0.295519	  0.287193	   0.27887	  0.270575	  0.262312	  0.254077	  0.245861	  0.237663	  0.229477	  0.221303	  0.213148	  0.205026	   0.19696	   0.18897	  0.181081	  0.173317	  0.165701	  0.158255	  0.150999	  0.143953	  0.137135	  0.130561	  0.124242
   811	     0	0.000392502	0.000592573	0.00119826	0.00269031	0.00618462	 0.0138042	 0.0283819	 0.0515839	 0.0818471	  0.116375	  0.152924	  0.189756	  0.225083	  0.257591	  0.286194	  0.310288	  0.329642	  0.344726	  0.355842	  0.363612	  0.368493	  0.371502	  0.373241	   0.37461	  0.375981	   0.37734	  0.379077	   0.38092	  0.382767	  0.384173	  0.384749	  0.384569	  0.383452	  0.381224	   0.37843	  0.374919	  0.370571	  0.365669	  0.360235	  0.354107	  0.347389	  0.340237	  0.332748	  0.325011	  0.317127	  0.309115	   0.30097	  0.292698	  0.284358	  0.275981	  0.267599	  0.259238	  0.250908	  0.242605	  0.234327	  0.226072	  0.217839	  0.209631	  0.201459	  0.193338	  0.185291	  0.177343	  0.169519	  0.161842	  0.154335	   0.14702	  0.139918	  0.133045	  0.126416	  0.120045	  0.113942
   812	     0	0.000198896	0.000307625	0.000661441	0.00160536	 0.0040306	0.00995192	 0.0228842	  0.046168	  0.078835	  0.116649	  0.156046	  0.194823	  0.231109	  0.263619	  0.291372	  0.313927	  0.331255	  0.344081	  0.352844	  0.358297	  0.361008	  0.362099	  0.362165	  0.362209	  0.362596	  0.363315	  0.364754	  0.366577	  0.368638	  0.370445	  0.371575	  0.372103	  0.371813	   0.37046	  0.368556	  0.365953	  0.362484	  0.358378	  0.353643	  0.348148	  0.342038	  0.335481	  0.328578	  0.321419	    0.3141	  0.306634	  0.299022	  0.291275	  0.283461	  0.275617	  0.267774	  0.259954	  0.252159	   0.24438	  0.236612	  0.228849	  0.221086	  0.213319	  0.205556	   0.19781	  0.190099	  0.182443	  0.174864	  0.167383	  0.160021	    0.1528	  0.145742	  0.138865	  0.132189	  0.125732	  0.119509
   813	     0	0.000404739	0.000613574	0.00122837	0.00270719	0.00610247	 0.0134288	 0.0275418	 0.0506282	 0.0818444	  0.118512	  0.157987	  0.198044	  0.236454	  0.271688	   0.30255	  0.328428	  0.349138	  0.365235	  0.377077	  0.385355	  0.390576	  0.393784	  0.395602	  0.396973	  0.398311	  0.399634	  0.401368	  0.403214	  0.405096	  0.406551	  0.407151	  0.406978	  0.405844	  0.403563	  0.400707	  0.397103	  0.392594	  0.387469	  0.381755	  0.375297	  0.368218	  0.360691	  0.352826	  0.344717	  0.336482	  0.328134	   0.31967	  0.311092	  0.302464	  0.293816	  0.285182	  0.276585	  0.268031	  0.259513	  0.251022	  0.242553	    0.2341	  0.225661	  0.217244	  0.208864	  0.200542	  0.192303	  0.184171	   0.17617	  0.168324	  0.160657	  0.153189	   0.14594	  0.138927	  0.132168	  0.125674
   814	     0	0.000295777	0.000455833	0.000947635	0.00218683	0.00517842	 0.0119866	 0.0257761	  0.049093	 0.0808659	  0.117806	  0.157015	  0.196353	  0.233752	  0.267786	  0.297333	  0.321834	  0.341157	  0.355926	  0.366528	  0.373678	  0.377904	  0.380283	  0.381444	  0.382337	  0.383357	  0.384512	  0.386217	  0.388137	  0.390145	  0.391756	  0.392565	   0.39267	   0.39186	  0.389896	  0.387329	  0.383997	   0.37978	  0.374963	  0.369565	  0.363445	  0.356737	   0.34961	  0.342165	  0.334491	  0.326683	  0.318749	  0.310684	  0.302494	  0.294247	  0.285976	  0.277714	  0.269483	  0.261286	  0.253113	  0.244958	  0.236815	  0.228678	  0.220545	  0.212422	  0.204325	  0.196274	   0.18829	  0.180397	  0.172617	  0.164975	  0.157491	  0.150188	  0.143085	  0.136202	  0.129556	  0.123162
   815	     0	0.000202198	0.000307061	0.000646061	0.00153848	0.00379705	0.00922301	 0.0208927	 0.0417027	 0.0709205	   0.10513	  0.141409	  0.177836	   0.21264	  0.244512	   0.27239	  0.295699	  0.314255	  0.328573	  0.338996	  0.346169	  0.350562	  0.353226	  0.354792	  0.356148	  0.357647	  0.359275	  0.361422	  0.363787	  0.366222	  0.368284	  0.369584	  0.370202	  0.369937	  0.368578	  0.366647	  0.364009	   0.36052	  0.356401	  0.351658	  0.346153	  0.340014	  0.333408	  0.326438	  0.319195	  0.311782	  0.304216	    0.2965	  0.288641	  0.280706	  0.272725	  0.264732	  0.256752	  0.248793	  0.240849	  0.232917	  0.224994	  0.217077	  0.209167	  0.201273	  0.193412	  0.185606	  0.177879	  0.170254	  0.162755	  0.155405	  0.148226	  0.141239	  0.134461	  0.127911	  0.121602	  0.115547
   816	     0	0.000157467	0.000245583	0.000529271	0.00128113	0.00320897	0.00795201	 0.0185857	 0.0387067	 0.0686588	  0.105095	  0.144482	  0.184415	  0.222772	  0.258022	  0.288948	  0.314909	  0.335708	  0.351888	  0.363828	   0.37222	   0.37758	  0.380973	  0.383066	  0.384746	  0.386404	  0.388031	  0.390016	    0.3921	   0.39423	  0.395973	  0.396929	  0.397153	  0.396471	  0.394712	  0.392398	  0.389373	  0.385468	  0.380918	  0.375734	  0.369783	  0.363192	  0.356132	   0.34871	  0.341019	  0.333171	  0.325183	  0.317052	  0.308785	  0.300448	  0.292074	  0.283699	  0.275347	  0.267023	   0.25872	  0.250432	  0.242151	  0.233872	  0.225591	  0.217317	  0.209067	  0.200861	  0.192724	  0.184681	  0.176755	  0.168971	  0.161351	  0.153917	  0.146689	  0.139686	  0.132925	  0.126419
   817	     0	0.000446466	0.000695772	0.00146944	0.00343214	0.00812472	 0.0183363	 0.0371396	 0.0651414	 0.0994288	  0.136994	  0.175847	  0.214402	  0.250918	  0.284169	  0.313142	  0.337307	  0.356493	  0.371216	  0.381814	  0.388948	  0.393111	  0.395343	  0.396332	  0.396952	  0.397604	  0.398289	  0.399407	  0.400678	  0.402022	  0.402942	  0.403007	  0.402271	  0.400565	  0.397736	  0.394344	  0.390219	  0.385267	  0.379818	  0.373907	  0.367387	  0.360339	  0.352906	   0.34517	  0.337207	  0.329112	  0.320896	   0.31255	  0.304071	  0.295522	  0.286931	  0.278333	  0.269752	  0.261199	  0.252672	  0.244165	  0.235676	  0.227205	  0.218755	  0.210333	  0.201957	  0.193651	  0.185439	  0.177345	  0.169396	  0.161615	  0.154024	  0.146643	  0.139491	  0.132585	  0.125938	   0.11956
   818	     0	0.000419924	0.000651473	0.00142036	0.00348749	0.00868125	 0.0203117	 0.0415601	 0.0719818	  0.107707	  0.145754	  0.184345	  0.221996	  0.257054	  0.288446	   0.31532	  0.337282	  0.354276	  0.366927	  0.375599	  0.380975	  0.383576	  0.384472	  0.384281	  0.383941	   0.38384	  0.383959	  0.384677	  0.385716	  0.386985	  0.387988	  0.388278	  0.387898	  0.386662	  0.384377	  0.381558	  0.378049	   0.37372	  0.368834	  0.363398	  0.357259	  0.350537	  0.343395	  0.335933	  0.328238	  0.320409	  0.312459	  0.304381	  0.296181	  0.287922	  0.279636	  0.271356	  0.263104	  0.254887	    0.2467	  0.238535	  0.230391	  0.222265	  0.214156	  0.206071	  0.198025	  0.190038	  0.182131	  0.174328	  0.166651	  0.159123	  0.151766	  0.144601	  0.137646	  0.130919	  0.124437	   0.11821
   819	     0	0.000467091	0.000722948	0.00158454	0.00391995	0.00975839	 0.0224358	 0.0442828	 0.0737443	  0.107189	  0.142472	  0.178342	  0.213621	  0.246883	  0.277111	  0.303445	  0.325413	  0.342844	  0.356183	  0.365712	  0.372019	  0.375545	  0.377294	   0.37792	  0.378273	  0.378728	  0.379263	  0.380256	  0.381462	  0.382771	  0.383702	  0.383834	    0.3832	  0.381621	  0.378953	  0.375744	  0.371849	  0.367181	  0.362033	  0.356421	  0.350186	  0.343402	  0.336204	  0.328677	  0.320901	  0.312973	  0.304911	  0.296715	  0.288384	  0.279975	  0.271515	  0.263037	  0.254569	  0.246128	  0.237717	  0.229336	  0.220989	  0.212681	  0.204418	  0.196212	  0.188081	  0.180049	  0.172141	  0.164382	  0.156795	  0.149403	  0.142225	  0.135279	  0.128581	  0.122142	  0.115971	  0.110076
   820	     0	0.000419924	0.000651473	0.00142036	0.00348749	0.00868125	 0.0203117	 0.0415601	 0.0719818	  0.107707	  0.145754	  0.184345	  0.221996	  0.257054	  0.288446	   0.31532	  0.337282	  0.354276	  0.366927	  0.375599	  0.380975	  0.383576	  0.384472	  0.384281	  0.383941	   0.38384	  0.383959	  0.384677	  0.385716	  0.386985	  0.387988	  0.388278	  0.387898	  0.386662	  0.384377	  0.381558	  0.378049	   0.37372	  0.368834	  0.363398	  0.357259	  0.350537	  0.343395	  0.335933	  0.328238	  0.320409	  0.312459	  0.304381	  0.296181	  0.287922	  0.279636	  0.271356	  0.263104	  0.254887	    0.2467	  0.238535	  0.230391	  0.222265	  0.214156	  0.206071	  0.198025	  0.190038	  0.182131	  0.174328	  0.166651	  0.159123	  0.151766	  0.144601	  0.137646	  0.130919	  0.124437	   0.11821
   821	     0	0.000333499	0.000508636	0.00104669	0.00239664	0.00563042	 0.0128902	  0.027276	 0.0509333	 0.0823827	  0.118386	  0.156309	  0.194242	  0.230319	  0.263205	  0.291829	  0.315632	  0.334457	  0.348866	  0.359223	  0.366208	  0.370331	  0.372655	  0.373812	  0.374719	   0.37575	  0.376891	  0.378526	  0.380364	  0.382308	   0.38389	  0.384692	   0.38478	  0.383973	  0.382082	  0.379636	   0.37648	  0.372462	  0.367837	  0.362621	  0.356677	  0.350127	  0.343138	  0.335809	   0.32823	  0.320505	  0.312646	   0.30465	   0.29652	  0.288323	  0.280091	  0.271856	  0.263642	  0.255455	  0.247289	  0.239138	  0.231001	  0.222875	  0.214758	  0.206659	  0.198591	  0.190576	  0.182636	  0.174793	  0.167071	  0.159494	  0.152083	   0.14486	  0.137844	  0.131053	  0.124504	   0.11821
   822	     0	0.000194958	0.000301384	0.000631428	0.00147336	0.00354908	0.00846236	 0.0191251	  0.038973	 0.0686421	  0.105235	  0.145181	   0.18579	  0.224692	  0.260259	  0.291243	  0.317029	  0.337472	   0.35322	  0.364682	  0.372599	  0.377521	   0.38054	  0.382268	  0.383668	  0.385139	  0.386681	    0.3887	  0.390886	  0.393158	  0.395066	  0.396196	  0.396639	  0.396191	  0.394629	  0.392488	  0.389608	  0.385798	  0.381299	  0.376126	  0.370151	  0.363526	  0.356438	  0.348999	   0.34131	   0.33348	   0.32552	  0.317429	  0.309214	  0.300946	   0.29266	   0.28439	  0.276157	   0.26796	  0.259791	  0.251639	  0.243498	   0.23536	   0.22722	  0.219083	  0.210963	  0.202878	  0.194848	  0.186895	  0.179042	   0.17131	  0.163723	  0.156302	  0.149068	   0.14204	  0.135239	   0.12868
   823	     0	0.000218295	0.000345883	0.000781191	0.00200199	0.00527915	 0.0134672	 0.0309735	 0.0602323	 0.0977394	  0.138534	  0.179667	  0.219369	  0.255953	  0.288295	  0.315549	  0.337384	  0.353851	  0.365738	  0.373505	  0.377927	  0.379606	   0.37968	   0.37876	  0.377873	  0.377404	  0.377345	   0.37808	  0.379284	  0.380832	  0.382197	  0.382909	  0.383013	  0.382305	  0.380565	  0.378305	  0.375362	  0.371568	  0.367166	  0.362164	  0.356429	  0.350096	   0.34333	  0.336227	  0.328875	  0.321375	  0.313737	  0.305958	  0.298046	   0.29007	  0.282061	  0.274054	  0.266071	  0.258114	  0.250176	  0.242249	  0.234329	  0.226409	  0.218485	  0.210565	  0.202662	  0.194796	  0.186987	  0.179258	   0.17163	  0.164127	  0.156769	  0.149577	  0.142573	  0.135775	    0.1292	  0.122864
   824	     0	0.000171615	0.000269479	0.000600131	0.00151797	0.00396746	 0.0101221	 0.0236426	 0.0473815	 0.0794587	  0.115879	  0.153975	  0.192072	   0.22848	  0.261911	  0.291304	  0.316072	  0.336005	  0.351584	  0.363121	  0.371248	  0.376426	  0.379675	  0.381604	  0.383124	  0.384618	  0.386085	  0.387924	  0.389876	   0.39187	  0.393464	  0.394236	  0.394241	  0.393307	  0.391292	  0.388748	  0.385513	   0.38141	  0.376701	  0.371405	   0.36537	  0.358702	  0.351562	  0.344055	  0.336271	  0.328333	  0.320262	  0.312057	   0.30372	  0.295313	  0.286866	  0.278412	  0.269978	  0.261573	  0.253197	  0.244843	  0.236508	  0.228189	  0.219885	  0.211607	  0.203373	  0.195205	   0.18713	  0.179174	  0.171362	  0.163718	  0.156263	  0.149018	     0.142	  0.135226	  0.128707	  0.122455
   825	     0	0.00015133	0.000240145	0.000545999	 0.0014141	0.00378919	0.00992798	  0.023827	 0.0488257	 0.0829128	  0.121441	   0.16134	  0.200789	  0.238035	  0.271799	  0.301071	  0.325351	  0.344527	  0.359198	  0.369747	  0.376871	  0.381083	  0.383448	  0.384592	  0.385455	  0.386423	   0.38749	  0.389057	  0.390822	  0.392684	  0.394167	  0.394842	  0.394781	  0.393795	  0.391697	   0.38904	  0.385664	  0.381423	  0.376593	  0.371193	  0.365074	  0.358356	  0.351206	  0.343725	     0.336	  0.328141	  0.320159	   0.31205	  0.303815	  0.295519	  0.287193	   0.27887	  0.270575	  0.262312	  0.254077	  0.245861	  0.237663	  0.229477	  0.221303	  0.213148	  0.205026	   0.19696	   0.18897	  0.181081	  0.173317	  0.165701	  0.158255	  0.150999	  0.143953	  0.137135	  0.130561	  0.124242
   826	     0	0.000331173	0.000503682	 0.0010341	0.00236389	 0.0055438	 0.0126575	 0.0266765	   0.04963	 0.0801765	  0.115438	  0.153027	  0.191079	  0.227681	  0.261429	  0.291182	  0.316315	  0.336591	  0.352467	  0.364262	   0.37261	   0.37797	  0.381361	  0.383429	  0.385066	  0.386664	  0.388225	  0.390157	  0.392184	  0.394191	  0.395724	  0.396381	  0.396232	  0.395085	  0.392779	   0.38989	  0.386262	  0.381773	  0.376714	  0.371107	  0.364799	  0.357881	   0.35051	  0.342786	  0.334802	  0.326667	  0.318405	  0.310015	  0.301496	  0.292909	  0.284283	  0.275649	  0.267035	  0.258454	  0.249904	  0.241383	   0.23289	  0.224424	  0.215989	  0.207596	  0.199263	  0.191013	  0.182873	  0.174867	  0.167022	  0.159361	  0.151905	  0.144673	  0.137684	   0.13095	  0.124484	  0.118295
   827	     0	0.000247077	0.000395437	0.000868119	 0.0021158	0.00528038	 0.0128437	  0.028786	 0.0561952	 0.0931527	   0.13497	  0.178018	  0.219969	  0.258753	  0.293059	  0.321923	  0.344987	  0.362332	  0.374867	  0.383092	  0.387854	  0.389804	  0.390109	  0.389354	  0.388629	  0.388339	  0.388485	  0.389478	   0.39091	  0.392645	  0.394141	  0.394937	  0.395136	  0.394492	  0.392708	  0.390338	  0.387204	  0.383143	  0.378438	  0.373119	  0.367071	  0.360452	  0.353439	  0.346132	  0.338618	  0.330984	  0.323226	  0.315343	  0.307341	  0.299298	  0.291248	  0.283224	  0.275243	  0.267298	  0.259378	  0.251476	  0.243585	  0.235695	  0.227801	  0.219905	  0.212017	  0.204149	  0.196317	  0.188538	  0.180829	  0.173212	  0.165707	  0.158334	  0.151116	  0.144074	  0.137229	    0.1306
   828	     0	0.000242948	0.000377155	0.000787287	0.00182069	0.00433215	 0.0101683	 0.0225251	  0.044818	 0.0771012	  0.115804	  0.156978	   0.19783	  0.236077	  0.270231	  0.299206	  0.322549	  0.340279	  0.353247	  0.361948	  0.367214	   0.36969	  0.370546	  0.370362	  0.370201	  0.370438	  0.371055	  0.372428	   0.37421	  0.376291	  0.378177	  0.379422	  0.380104	  0.379993	  0.378829	  0.377119	  0.374703	  0.371357	   0.36729	  0.362522	  0.356952	  0.350746	  0.344086	  0.337082	  0.329827	  0.322422	  0.314871	  0.307178	  0.299354	  0.291477	  0.283582	  0.275703	  0.267857	   0.26004	  0.252241	  0.244455	  0.236678	  0.228901	  0.221119	  0.213335	  0.205558	  0.197801	  0.190078	  0.182407	  0.174805	  0.167293	   0.15989	  0.152616	  0.145495	  0.138546	   0.13179	  0.125248
   829	     0	0.000283458	0.000442836	0.000926104	0.00213748	0.00505984	 0.0117591	 0.0256031	 0.0497445	 0.0835762	  0.123346	  0.165359	  0.207003	  0.246061	  0.281057	   0.31091	  0.335154	   0.35378	  0.367578	  0.377028	  0.382939	  0.385928	  0.387136	  0.387173	  0.387076	  0.387244	  0.387682	   0.38879	  0.390224	  0.391878	  0.393239	  0.393867	   0.39384	  0.392952	   0.39097	  0.388431	  0.385164	  0.381007	  0.376251	  0.370921	  0.364884	  0.358274	  0.351257	  0.343926	  0.336365	   0.32867	  0.320846	  0.312888	  0.304803	  0.296662	  0.288499	  0.280348	  0.272228	   0.26414	  0.256073	  0.248018	  0.239971	  0.231921	  0.223866	   0.21581	  0.207767	  0.199753	  0.191788	  0.183894	  0.176091	  0.168402	   0.16085	  0.153455	  0.146239	  0.139221	  0.132422	  0.125858
   830	     0	0.000408754	0.000631771	0.00128213	0.00284482	 0.0064394	 0.0142386	 0.0294093	 0.0544779	 0.0885063	  0.128164	  0.170151	  0.211897	  0.251056	  0.286109	  0.315944	  0.340099	  0.358583	  0.372226	  0.381505	  0.387245	  0.390077	   0.39115	  0.391055	  0.390854	  0.390959	  0.391372	  0.392497	  0.393981	  0.395726	  0.397221	  0.398006	  0.398159	  0.397462	   0.39567	  0.393315	  0.390222	  0.386201	  0.381516	  0.376189	  0.370097	  0.363392	  0.356252	  0.348785	  0.341083	  0.333251	  0.325294	  0.317208	  0.309002	  0.300747	  0.292479	  0.284232	  0.276023	  0.267851	  0.259704	  0.251574	  0.243452	  0.235331	  0.227204	  0.219075	  0.210957	  0.202867	  0.194823	  0.186844	  0.178953	  0.171171	  0.163521	  0.156024	  0.148702	  0.141576	  0.134666	   0.12799
   831	     0	0.000169538	0.00026567	0.000573584	0.00138613	0.00345778	 0.0085101	 0.0196775	 0.0403917	 0.0706061	  0.106818	  0.145614	  0.184734	  0.222153	  0.256446	  0.286454	  0.311568	  0.331603	  0.347137	  0.358534	  0.366483	  0.371499	  0.374648	  0.376565	   0.37817	  0.379854	  0.381623	  0.383896	  0.386344	  0.388879	  0.391045	  0.392421	  0.393102	  0.392889	  0.391561	  0.389659	  0.387018	  0.383442	  0.379155	  0.374174	  0.368387	  0.361948	  0.355042	  0.347778	  0.340253	  0.332581	   0.32477	  0.316818	  0.308733	  0.300587	  0.292413	  0.284247	  0.276109	  0.268001	  0.259913	  0.251836	  0.243764	  0.235688	  0.227603	  0.219516	  0.211441	  0.203397	  0.195404	  0.187484	  0.179661	  0.171956	  0.164393	  0.156993	  0.149776	  0.142765	  0.135976	  0.129427
   832	     0	0.000247077	0.000395437	0.000868119	 0.0021158	0.00528038	 0.0128437	  0.028786	 0.0561952	 0.0931527	   0.13497	  0.178018	  0.219969	  0.258753	  0.293059	  0.321923	  0.344987	  0.362332	  0.374867	  0.383092	  0.387854	  0.389804	  0.390109	  0.389354	  0.388629	  0.388339	  0.388485	  0.389478	   0.39091	  0.392645	  0.394141	  0.394937	  0.395136	  0.394492	  0.392708	  0.390338	  0.387204	  0.383143	  0.378438	  0.373119	  0.367071	  0.360452	  0.353439	  0.346132	  0.338618	  0.330984	  0.323226	  0.315343	  0.307341	  0.299298	  0.291248	  0.283224	  0.275243	  0.267298	  0.259378	  0.251476	  0.243585	  0.235695	  0.227801	  0.219905	  0.212017	  0.204149	  0.196317	  0.188538	  0.180829	  0.173212	  0.165707	  0.158334	  0.151116	  0.144074	  0.137229	    0.1306
   833	     0	0.000419924	0.000651473	0.00142036	0.00348749	0.00868125	 0.0203117	 0.0415601	 0.0719818	  0.107707	  0.145754	  0.184345	  0.221996	  0.257054	  0.288446	   0.31532	  0.337282	  0.354276	  0.366927	  0.375599	  0.380975	  0.383576	  0.384472	  0.384281	  0.383941	   0.38384	  0.383959	  0.384677	  0.385716	  0.386985	  0.387988	  0.388278	  0.387898	  0.386662	  0.384377	  0.381558	  0.378049	   0.37372	  0.368834	  0.363398	  0.357259	  0.350537	  0.343395	  0.335933	  0.328238	  0.320409	  0.312459	  0.304381	  0.296181	  0.287922	  0.279636	  0.271356	  0.263104	  0.254887	    0.2467	  0.238535	  0.230391	  0.222265	  0.214156	  0.206071	  0.198025	  0.190038	  0.182131	  0.174328	  0.166651	  0.159123	  0.151766	  0.144601	  0.137646	  0.130919	  0.124437	   0.11821
   834	     0	9.00604e-05	0.000146728	0.000368303	0.00108391	0.00331514	0.00982354	 0.0257619	 0.0543306	  0.090928	  0.130029	  0.169303	  0.207471	  0.243052	  0.274964	   0.30235	  0.324818	  0.342316	  0.355481	   0.36469	  0.370627	  0.373803	  0.375287	  0.375676	  0.375931	  0.376428	  0.377153	  0.378495	  0.380159	  0.382025	  0.383609	  0.384471	  0.384664	  0.383986	  0.382243	  0.379967	  0.377005	  0.373193	  0.368769	  0.363736	  0.357945	  0.351521	  0.344638	  0.337403	  0.329909	  0.322268	  0.314496	  0.306593	  0.298563	  0.290471	  0.282346	  0.274223	  0.266125	  0.258059	  0.250021	  0.242004	  0.234004	  0.226017	  0.218043	   0.21009	  0.202172	  0.194312	   0.18653	  0.178852	  0.171301	  0.163898	  0.156667	  0.149626	  0.142795	   0.13619	  0.129826	  0.123715
   835	     0	 0.0003257	0.000505855	  0.001068	0.00250814	0.00603232	 0.0140915	 0.0302265	 0.0567071	 0.0915315	  0.130893	  0.171846	  0.212295	  0.250254	   0.28438	  0.313657	  0.337627	  0.356241	  0.370199	  0.379922	  0.386157	  0.389474	  0.390969	  0.391236	  0.391272	  0.391475	  0.391833	  0.392725	  0.393865	  0.395176	  0.396169	  0.396419	   0.39598	  0.394666	  0.392278	  0.389344	  0.385697	  0.381203	  0.376156	  0.370573	  0.364296	  0.357445	  0.350182	  0.342605	  0.334801	  0.326869	  0.318819	  0.310644	  0.302349	     0.294	   0.28563	  0.277272	  0.268947	  0.260659	  0.252401	  0.244165	  0.235945	  0.227738	  0.219539	  0.211356	  0.203204	  0.195101	   0.18707	  0.179133	  0.171314	  0.163635	  0.156118	  0.148786	  0.141657	   0.13475	  0.128082	  0.121667
   836	     0	0.00015133	0.000240145	0.000545999	 0.0014141	0.00378919	0.00992798	  0.023827	 0.0488257	 0.0829128	  0.121441	   0.16134	  0.200789	  0.238035	  0.271799	  0.301071	  0.325351	  0.344527	  0.359198	  0.369747	  0.376871	  0.381083	  0.383448	  0.384592	  0.385455	  0.386423	   0.38749	  0.389057	  0.390822	  0.392684	  0.394167	  0.394842	  0.394781	  0.393795	  0.391697	   0.38904	  0.385664	  0.381423	  0.376593	  0.371193	  0.365074	  0.358356	  0.351206	  0.343725	     0.336	  0.328141	  0.320159	   0.31205	  0.303815	  0.295519	  0.287193	   0.27887	  0.270575	  0.262312	  0.254077	  0.245861	  0.237663	  0.229477	  0.221303	  0.213148	  0.205026	   0.19696	   0.18897	  0.181081	  0.173317	  0.165701	  0.158255	  0.150999	  0.143953	  0.137135	  0.130561	  0.124242
   837	     0	0.00015133	0.000240145	0.000545999	 0.0014141	0.00378919	0.00992798	  0.023827	 0.0488257	 0.0829128	  0.121441	   0.16134	  0.200789	  0.238035	  0.271799	  0.301071	  0.325351	  0.344527	  0.359198	  0.369747	  0.376871	  0.381083	  0.383448	  0.384592	  0.385455	  0.386423	   0.38749	  0.389057	  0.390822	  0.392684	  0.394167	  0.394842	  0.394781	  0.393795	  0.391697	   0.38904	  0.385664	  0.381423	  0.376593	  0.371193	  0.365074	  0.358356	  0.351206	  0.343725	     0.336	  0.328141	  0.320159	   0.31205	  0.303815	  0.295519	  0.287193	   0.27887	  0.270575	  0.262312	  0.254077	  0.245861	  0.237663	  0.229477	  0.221303	  0.213148	  0.205026	   0.19696	   0.18897	  0.181081	  0.173317	  0.165701	  0.158255	  0.150999	  0.143953	  0.137135	  0.130561	  0.124242
   838	     0	0.000169538	0.00026567	0.000573584	0.00138613	0.00345778	 0.0085101	 0.0196775	 0.0403917	 0.0706061	  0.106818	  0.145614	  0.184734	  0.222153	  0.256446	  0.286454	  0.311568	  0.331603	  0.347137	  0.358534	  0.366483	  0.371499	  0.374648	  0.376565	   0.37817	  0.379854	  0.381623	  0.383896	  0.386344	  0.388879	  0.391045	  0.392421	  0.393102	  0.392889	  0.391561	  0.389659	  0.387018	  0.383442	  0.379155	  0.374174	  0.368387	  0.361948	  0.355042	  0.347778	  0.340253	  0.332581	   0.32477	  0.316818	  0.308733	  0.300587	  0.292413	  0.284247	  0.276109	  0.268001	  0.259913	  0.251836	  0.243764	  0.235688	  0.227603	  0.219516	  0.211441	  0.203397	  0.195404	  0.187484	  0.179661	  0.171956	  0.164393	  0.156993	  0.149776	  0.142765	  0.135976	  0.129427
   839	     0	0.000232153	0.000359656	0.000763651	0.00181403	0.00443468	 0.0106015	 0.0234654	 0.0456159	 0.0759623	  0.111314	  0.149084	  0.187421	  0.224454	  0.258776	  0.289219	  0.315114	  0.336186	   0.35286	  0.365428	  0.374506	  0.380537	  0.384524	  0.387103	   0.38915	   0.39106	  0.392846	  0.394926	  0.397026	  0.399072	  0.400626	  0.401288	  0.401138	  0.399999	  0.397717	  0.394866	  0.391283	  0.386827	   0.38179	  0.376201	  0.369905	  0.363001	  0.355649	  0.347948	  0.339986	  0.331878	  0.323643	  0.315279	  0.306785	  0.298225	  0.289628	  0.281028	   0.27245	  0.263905	  0.255391	  0.246901	  0.238432	   0.22998	  0.221548	  0.213143	  0.204784	  0.196497	  0.188306	  0.180238	  0.172318	   0.16457	  0.157017	  0.149679	  0.142573	  0.135715	  0.129119	  0.122794
   840	     0	0.000266106	0.000411108	0.00083846	0.00187761	0.00431537	0.00979491	 0.0211053	 0.0413684	 0.0711639	  0.107994	  0.148523	  0.189982	   0.22983	   0.26633	   0.29815	  0.324637	  0.345633	  0.361792	  0.373544	  0.381652	  0.386695	  0.389777	  0.391553	  0.392971	  0.394438	  0.395951	  0.397909	  0.400006	  0.402184	  0.403985	  0.404986	   0.40527	  0.404643	  0.402895	  0.400563	  0.397479	  0.393453	  0.388736	  0.383349	  0.377176	  0.370366	  0.363104	  0.355502	  0.347656	  0.339677	  0.331572	  0.323335	  0.314973	  0.306558	  0.298125	  0.289707	  0.281326	  0.272982	  0.264662	   0.25636	  0.248068	  0.239779	  0.231488	  0.223198	  0.214922	  0.206677	  0.198482	  0.190358	  0.182328	  0.174415	   0.16664	  0.159027	  0.151597	  0.144371	  0.137369	   0.13061
   841	     0	0.000345079	0.000530547	0.00111932	0.00264367	0.00639986	 0.0149907	 0.0320027	 0.0593582	 0.0946323	  0.134043	  0.174796	  0.214846	  0.252221	  0.285642	  0.314165	  0.337393	  0.355317	  0.368642	  0.377803	  0.383543	  0.386428	  0.387561	   0.38757	  0.387432	  0.387539	  0.387874	  0.388816	  0.390067	  0.391498	  0.392601	   0.39296	  0.392628	  0.391395	  0.389038	  0.386092	  0.382401	  0.377878	  0.372813	  0.367218	  0.360935	  0.354081	  0.346819	  0.339249	   0.33146	  0.323541	  0.315503	  0.307341	  0.299057	  0.290718	  0.282352	  0.273995	  0.265668	  0.257377	  0.249115	  0.240876	  0.232658	  0.224457	  0.216273	  0.208114	  0.199994	  0.191932	  0.183952	  0.176076	  0.168327	  0.160729	  0.153303	   0.14607	  0.139049	  0.132259	  0.125715	   0.11943
   842	     0	0.00015133	0.000240145	0.000545999	 0.0014141	0.00378919	0.00992798	  0.023827	 0.0488257	 0.0829128	  0.121441	   0.16134	  0.200789	  0.238035	  0.271799	  0.301071	  0.325351	  0.344527	  0.359198	  0.369747	  0.376871	  0.381083	  0.383448	  0.384592	  0.385455	  0.386423	   0.38749	  0.389057	  0.390822	  0.392684	  0.394167	  0.394842	  0.394781	  0.393795	  0.391697	   0.38904	  0.385664	  0.381423	  0.376593	  0.371193	  0.365074	  0.358356	  0.351206	  0.343725	     0.336	  0.328141	  0.320159	   0.31205	  0.303815	  0.295519	  0.287193	   0.27887	  0.270575	  0.262312	  0.254077	  0.245861	  0.237663	  0.229477	  0.221303	  0.213148	  0.205026	   0.19696	   0.18897	  0.181081	  0.173317	  0.165701	  0.158255	  0.150999	  0.143953	  0.137135	  0.130561	  0.124242
   843	     0	0.00040735	0.000617658	0.00122811	0.00268031	0.00598796	 0.0131135	 0.0269615	 0.0500362	 0.0818374	  0.119561	  0.160181	  0.201201	  0.240274	  0.275815	  0.306634	  0.332166	  0.352297	  0.367675	  0.378719	  0.386174	  0.390598	   0.39308	   0.39425	  0.395078	  0.395973	  0.396941	  0.398389	  0.400023	  0.401779	  0.403183	  0.403796	  0.403683	  0.402658	  0.400536	  0.397861	  0.394463	  0.390166	  0.385241	  0.379708	  0.373422	  0.366513	  0.359154	  0.351451	  0.343499	  0.335412	  0.327203	  0.318868	  0.310411	    0.3019	  0.293366	  0.284845	  0.276357	  0.267908	  0.259489	   0.25109	  0.242706	  0.234331	   0.22596	  0.217601	  0.209267	   0.20098	  0.192761	  0.184635	  0.176625	  0.168755	  0.161047	  0.153524	  0.146207	  0.139114	  0.132262	  0.125666
   844	     0	0.000331173	0.000503682	 0.0010341	0.00236389	 0.0055438	 0.0126575	 0.0266765	   0.04963	 0.0801765	  0.115438	  0.153027	  0.191079	  0.227681	  0.261429	  0.291182	  0.316315	  0.336591	  0.352467	  0.364262	   0.37261	   0.37797	  0.381361	  0.383429	  0.385066	  0.386664	  0.388225	  0.390157	  0.392184	  0.394191	  0.395724	  0.396381	  0.396232	  0.395085	  0.392779	   0.38989	  0.386262	  0.381773	  0.376714	  0.371107	  0.364799	  0.357881	   0.35051	  0.342786	  0.334802	  0.326667	  0.318405	  0.310015	  0.301496	  0.292909	  0.284283	  0.275649	  0.267035	  0.258454	  0.249904	  0.241383	   0.23289	  0.224424	  0.215989	  0.207596	  0.199263	  0.191013	  0.182873	  0.174867	  0.167022	  0.159361	  0.151905	  0.144673	  0.137684	   0.13095	  0.124484	  0.118295
   845	     0	 0.0001306	0.000204431	0.000461091	0.00119318	0.00320817	0.00846882	 0.0205875	 0.0428815	 0.0738398	  0.109165	  0.145979	  0.182677	  0.217722	  0.249902	  0.278205	  0.302061	  0.321256	  0.336257	  0.347368	  0.355199	  0.360194	  0.363367	  0.365324	  0.366957	  0.368625	  0.370319	   0.37243	  0.374686	  0.376985	  0.378892	  0.379998	  0.380364	  0.379813	  0.378191	  0.376037	  0.373204	   0.36951	  0.365195	   0.36027	   0.35459	  0.348265	  0.341461	   0.33428	  0.326813	  0.319179	    0.3114	  0.303476	  0.295412	  0.287271	  0.279083	  0.270881	  0.262691	  0.254524	  0.246379	  0.238251	  0.230137	  0.222035	  0.213947	  0.205882	  0.197858	  0.189899	   0.18203	  0.174278	  0.166666	  0.159218	  0.151956	    0.1449	  0.138067	  0.131472	  0.125128	  0.119045
   846	     0	0.000333499	0.000508636	0.00104669	0.00239664	0.00563042	 0.0128902	  0.027276	 0.0509333	 0.0823827	  0.118386	  0.156309	  0.194242	  0.230319	  0.263205	  0.291829	  0.315632	  0.334457	  0.348866	  0.359223	  0.366208	  0.370331	  0.372655	  0.373812	  0.374719	   0.37575	  0.376891	  0.378526	  0.380364	  0.382308	   0.38389	  0.384692	   0.38478	  0.383973	  0.382082	  0.379636	   0.37648	  0.372462	  0.367837	  0.362621	  0.356677	  0.350127	  0.343138	  0.335809	   0.32823	  0.320505	  0.312646	   0.30465	   0.29652	  0.288323	  0.280091	  0.271856	  0.263642	  0.255455	  0.247289	  0.239138	  0.231001	  0.222875	  0.214758	  0.206659	  0.198591	  0.190576	  0.182636	  0.174793	  0.167071	  0.159494	  0.152083	   0.14486	  0.137844	  0.131053	  0.124504	   0.11821
   847	     0	0.000368194	0.000564809	0.00121257	0.00294154	0.00728325	 0.0171409	 0.0357363	  0.063372	 0.0966391	  0.132483	  0.169118	  0.205182	  0.239176	      0.27	  0.296754	  0.318963	   0.33648	  0.349824	  0.359308	  0.365557	  0.369042	  0.370789	  0.371384	  0.371758	  0.372278	  0.372928	  0.374085	  0.375493	  0.377053	  0.378297	  0.378791	  0.378573	  0.377468	  0.375329	  0.372685	  0.369383	  0.365269	  0.360603	  0.355397	   0.34949	  0.342979	  0.336018	  0.328702	  0.321117	  0.313374	  0.305496	  0.297481	  0.289333	  0.281111	  0.272846	  0.264569	  0.256307	  0.248071	  0.239863	  0.231679	  0.223517	   0.21538	  0.207269	  0.199195	  0.191176	  0.183234	  0.175394	  0.167681	   0.16012	  0.152732	  0.145539	   0.13856	   0.13181	  0.125305	  0.119056	  0.113071
   848	     0	0.000189108	0.000297213	0.00064248	0.00155179	0.00386116	0.00944277	 0.0215568	 0.0434231	 0.0745015	  0.111247	  0.150497	  0.190099	  0.228014	  0.262802	  0.293295	  0.318881	  0.339367	  0.355301	  0.367049	  0.375298	  0.380543	  0.383838	  0.385852	  0.387476	  0.389106	   0.39076	  0.392871	  0.395086	  0.397274	  0.398951	  0.399745	   0.39978	  0.398844	  0.396687	  0.393883	   0.39027	  0.385768	  0.380695	  0.375077	  0.368777	  0.361925	  0.354688	  0.347161	  0.339426	  0.331569	  0.323592	  0.315486	  0.307255	  0.298968	  0.290659	  0.282359	  0.274092	   0.26586	  0.257652	  0.249461	  0.241283	   0.23311	   0.22494	   0.21678	  0.208645	  0.200554	  0.192528	  0.184591	  0.176765	  0.169073	  0.161538	  0.154181	  0.147022	  0.140082	  0.133378	  0.126924
   849	     0	0.000326515	0.000509034	0.00113846	0.00289907	0.00751885	 0.0183402	 0.0388396	 0.0686242	  0.103506	  0.140436	    0.1778	  0.214288	  0.248388	  0.279056	  0.305442	   0.32713	  0.344028	  0.356693	  0.365473	  0.371016	  0.373815	  0.374921	  0.374989	  0.374909	  0.375054	  0.375407	  0.376346	  0.377596	  0.379036	  0.380169	  0.380566	  0.380272	  0.379098	  0.376855	  0.374066	  0.370586	  0.366316	  0.361521	  0.356208	  0.350225	  0.343673	  0.336707	  0.329418	  0.321888	  0.314209	  0.306396	  0.298446	  0.290362	  0.282206	  0.274007	    0.2658	  0.257609	  0.249444	  0.241303	  0.233181	  0.225078	  0.216994	  0.208932	  0.200901	  0.192917	  0.185001	  0.177178	  0.169472	  0.161905	  0.154501	  0.147281	  0.140264	  0.133469	  0.126912	  0.120605	  0.114559
   850	     0	0.000184598	0.000288043	0.000638206	0.00160914	0.00419054	 0.0106177	 0.0244897	  0.048273	 0.0797924	  0.115256	  0.152246	  0.189202	  0.224496	  0.256893	  0.285367	   0.30935	  0.328629	  0.343689	  0.354822	  0.362641	  0.367589	  0.370674	  0.372464	  0.373889	  0.375324	  0.376767	   0.37862	  0.380601	  0.382589	  0.384142	   0.38487	  0.384851	  0.383895	  0.381818	   0.37918	  0.375825	  0.371624	  0.366859	  0.361547	  0.355522	  0.348889	  0.341809	  0.334382	    0.3267	   0.31887	  0.310912	  0.302825	  0.294613	  0.286337	  0.278027	  0.269714	  0.261424	  0.253168	  0.244943	  0.236744	  0.228569	  0.220416	  0.212287	  0.204192	  0.196148	   0.18818	  0.180312	   0.17257	  0.164978	  0.157558	  0.150333	   0.14332	  0.136538	      0.13	  0.123719	  0.117703
   851	     0	0.000152441	0.000239967	0.000520781	0.00126606	0.00318281	0.00792522	 0.0186629	 0.0392377	  0.070126	  0.107541	  0.147372	  0.187021	  0.224465	  0.258306	  0.287463	  0.311412	  0.330067	  0.344129	  0.354032	   0.36053	  0.364191	  0.366128	  0.366942	  0.367623	  0.368538	  0.369674	  0.371423	  0.373445	  0.375613	   0.37745	  0.378553	  0.379014	  0.378623	  0.377138	  0.375085	  0.372309	  0.368647	  0.364355	  0.359455	  0.353822	  0.347596	  0.340945	  0.333965	   0.32674	  0.319366	  0.311847	  0.304184	  0.296384	   0.28852	  0.280625	  0.272735	  0.264868	  0.257025	  0.249196	  0.241377	  0.233561	  0.225741	  0.217915	  0.210087	  0.202272	  0.194486	  0.186748	   0.17908	  0.171501	  0.164034	    0.1567	   0.14952	  0.142516	  0.135706	   0.12911	  0.122743
   852	     0	0.000305865	0.00047631	0.00097686	0.00219206	0.00503153	 0.0113518	 0.0241419	 0.0463641	 0.0779686	  0.116019	  0.157165	  0.198736	  0.238277	  0.274154	  0.305125	   0.33061	  0.350519	  0.365592	  0.376274	  0.383356	  0.387443	  0.389659	  0.390619	  0.391308	  0.392132	  0.393085	  0.394559	  0.396225	  0.398016	   0.39946	  0.400156	    0.4002	  0.399378	  0.397431	  0.394892	   0.39159	  0.387372	  0.382509	  0.377027	  0.370807	  0.364004	  0.356792	  0.349276	  0.341545	  0.333689	  0.325707	  0.317596	  0.309367	  0.301093	  0.292813	  0.284559	  0.276349	  0.268179	  0.260037	  0.251916	  0.243807	  0.235702	  0.227595	  0.219491	  0.211398	  0.203333	  0.195311	  0.187351	  0.179474	  0.171698	  0.164047	  0.156541	  0.149202	  0.142051	   0.13511	  0.128398
   853	     0	0.000291287	0.000445482	0.000928758	0.00216491	0.00518601	 0.0121059	 0.0260568	 0.0492341	 0.0801223	  0.115475	  0.152752	  0.190126	  0.225774	  0.258385	   0.28689	  0.310718	  0.329686	  0.344333	   0.35499	  0.362313	  0.366785	  0.369449	  0.370911	  0.372092	  0.373366	  0.374726	  0.376568	  0.378593	  0.380688	    0.3824	   0.38332	  0.383531	  0.382841	  0.381047	  0.378683	  0.375594	  0.371636	  0.367063	   0.36189	  0.355973	  0.349437	  0.342455	   0.33513	  0.327554	  0.319831	  0.311976	  0.303987	  0.295868	  0.287685	   0.27947	  0.271255	  0.263065	  0.254905	  0.246769	  0.238652	  0.230549	  0.222457	  0.214377	  0.206315	  0.198288	  0.190317	  0.182423	  0.174632	  0.166965	  0.159448	    0.1521	  0.144944	  0.137999	  0.131282	  0.124808	   0.11859
   854	     0	0.000381839	0.000585722	 0.0012025	0.00273033	 0.0063395	  0.014311	  0.029823	 0.0549133	   0.08789	  0.125353	  0.164524	  0.203376	  0.239969	  0.272967	  0.301332	  0.324567	  0.342592	  0.356081	  0.365443	  0.371412	  0.374547	  0.375947	  0.376227	  0.376361	   0.37673	  0.377323	  0.378528	  0.380027	  0.381698	  0.383045	  0.383652	  0.383594	  0.382672	  0.380655	  0.378068	  0.374751	  0.370584	  0.365845	  0.360552	  0.354563	  0.348007	  0.341045	  0.333771	  0.326269	  0.318629	  0.310856	  0.302948	   0.29491	   0.28681	  0.278682	  0.270558	   0.26246	  0.254391	  0.246343	   0.23831	  0.230288	  0.222272	  0.214261	  0.206261	  0.198286	  0.190356	  0.182491	  0.174712	  0.167043	  0.159506	  0.152122	  0.144914	  0.137902	  0.131103	  0.124536	  0.118216
   855	     0	0.000353924	0.000539916	 0.0011187	0.00258653	0.00613074	 0.0141009	 0.0297496	 0.0549653	 0.0877291	   0.12458	  0.162909	  0.200848	  0.236568	  0.268802	  0.296551	  0.319334	  0.337059	  0.350369	   0.35965	  0.365613	  0.368793	  0.370277	  0.370673	  0.370939	  0.371447	   0.37218	  0.373519	  0.375159	  0.376984	   0.37851	   0.37931	  0.379454	  0.378744	  0.376966	  0.374635	  0.371601	  0.367709	  0.363206	  0.358105	  0.352266	  0.345823	  0.338946	  0.331735	   0.32428	  0.316681	  0.308948	  0.301078	  0.293079	  0.285018	  0.276926	  0.268838	  0.260775	  0.252741	  0.244729	  0.236733	   0.22875	  0.220776	   0.21281	  0.204859	  0.196935	  0.189058	  0.181247	  0.173526	  0.165916	   0.15844	   0.15112	  0.143977	   0.13703	  0.130299	    0.1238	  0.117548
   856	     0	0.00015133	0.000240145	0.000545999	 0.0014141	0.00378919	0.00992798	  0.023827	 0.0488257	 0.0829128	  0.121441	   0.16134	  0.200789	  0.238035	  0.271799	  0.301071	  0.325351	  0.344527	  0.359198	  0.369747	  0.376871	  0.381083	  0.383448	  0.384592	  0.385455	  0.386423	   0.38749	  0.389057	  0.390822	  0.392684	  0.394167	  0.394842	  0.394781	  0.393795	  0.391697	   0.38904	  0.385664	  0.381423	  0.376593	  0.371193	  0.365074	  0.358356	  0.351206	  0.343725	     0.336	  0.328141	  0.320159	   0.31205	  0.303815	  0.295519	  0.287193	   0.27887	  0.270575	  0.262312	  0.254077	  0.245861	  0.237663	  0.229477	  0.221303	  0.213148	  0.205026	   0.19696	   0.18897	  0.181081	  0.173317	  0.165701	  0.158255	  0.150999	  0.143953	  0.137135	  0.130561	  0.124242
   857	     0	0.000459669	0.000687841	0.00138574	0.00310847	0.00712022	 0.0157042	 0.0315493	 0.0556963	 0.0861887	  0.120507	  0.156747	  0.193306	  0.228428	  0.260832	  0.289451	  0.313682	  0.333278	  0.348637	  0.360046	  0.368096	   0.37323	  0.376447	  0.378424	  0.379994	  0.381542	  0.383061	  0.384946	  0.386956	  0.389017	  0.390685	  0.391517	  0.391555	   0.39063	   0.38862	  0.386077	  0.382849	  0.378755	  0.374032	  0.368694	  0.362607	  0.355869	   0.34864	  0.341025	  0.333119	  0.325048	  0.316838	  0.308489	  0.300002	  0.291439	  0.282825	  0.274196	  0.265578	  0.256986	  0.248423	  0.239886	  0.231375	  0.222893	  0.214445	  0.206039	  0.197693	  0.189431	  0.181278	   0.17326	  0.165403	  0.157728	   0.15026	  0.143016	  0.136014	  0.129268	   0.12279	   0.11659
   858	     0	0.00015133	0.000240145	0.000545999	 0.0014141	0.00378919	0.00992798	  0.023827	 0.0488257	 0.0829128	  0.121441	   0.16134	  0.200789	  0.238035	  0.271799	  0.301071	  0.325351	  0.344527	  0.359198	  0.369747	  0.376871	  0.381083	  0.383448	  0.384592	  0.385455	  0.386423	   0.38749	  0.389057	  0.390822	  0.392684	  0.394167	  0.394842	  0.394781	  0.393795	  0.391697	   0.38904	  0.385664	  0.381423	  0.376593	  0.371193	  0.365074	  0.358356	  0.351206	  0.343725	     0.336	  0.328141	  0.320159	   0.31205	  0.303815	  0.295519	  0.287193	   0.27887	  0.270575	  0.262312	  0.254077	  0.245861	  0.237663	  0.229477	  0.221303	  0.213148	  0.205026	   0.19696	   0.18897	  0.181081	  0.173317	  0.165701	  0.158255	  0.150999	  0.143953	  0.137135	  0.130561	  0.124242
   859	     0	0.000152441	0.000239967	0.000520781	0.00126606	0.00318281	0.00792522	 0.0186629	 0.0392377	  0.070126	  0.107541	  0.147372	  0.187021	  0.224465	  0.258306	  0.287463	  0.311412	  0.330067	  0.344129	  0.354032	   0.36053	  0.364191	  0.366128	  0.366942	  0.367623	  0.368538	  0.369674	  0.371423	  0.373445	  0.375613	   0.37745	  0.378553	  0.379014	  0.378623	  0.377138	  0.375085	  0.372309	  0.368647	  0.364355	  0.359455	  0.353822	  0.347596	  0.340945	  0.333965	   0.32674	  0.319366	  0.311847	  0.304184	  0.296384	   0.28852	  0.280625	  0.272735	  0.264868	  0.257025	  0.249196	  0.241377	  0.233561	  0.225741	  0.217915	  0.210087	  0.202272	  0.194486	  0.186748	   0.17908	  0.171501	  0.164034	    0.1567	   0.14952	  0.142516	  0.135706	   0.12911	  0.122743
   860	     0	0.000302186	0.000459906	 0.0009512	0.00219917	0.00523115	 0.0121582	 0.0261779	 0.0497106	 0.0814154	  0.117878	  0.156265	  0.194555	  0.230829	   0.26374	  0.292228	  0.315766	  0.334236	  0.348237	   0.35816	  0.364707	  0.368411	  0.370355	  0.371187	   0.37182	  0.372625	   0.37358	  0.375058	  0.376786	  0.378673	  0.380256	  0.381118	  0.381312	  0.380653	  0.378948	  0.376699	  0.373759	   0.36997	  0.365557	  0.360525	  0.354743	   0.34834	  0.341487	  0.334284	  0.326823	  0.319207	  0.311448	  0.303545	  0.295506	  0.287397	  0.279252	  0.271104	  0.262977	  0.254876	  0.246794	  0.238725	  0.230666	  0.222615	  0.214569	  0.206535	  0.198528	  0.190567	  0.182674	  0.174872	  0.167182	   0.15963	  0.152235	   0.14502	  0.138005	  0.131209	  0.124647	  0.118335
   861	     0	0.000339706	0.000518177	0.00105631	0.00238555	0.00552821	 0.0125308	 0.0264513	 0.0496966	  0.081205	  0.117756	  0.156462	  0.195212	  0.232055	   0.26559	   0.29472	  0.318887	  0.337945	  0.352486	  0.362894	  0.369872	  0.373943	   0.37618	  0.377205	  0.377972	  0.378864	  0.379882	  0.381424	  0.383191	  0.385075	  0.386602	  0.387343	  0.387363	  0.386481	  0.384519	  0.382015	  0.378808	  0.374738	   0.37008	  0.364855	  0.358921	  0.352387	  0.345415	  0.338097	  0.330519	  0.322788	   0.31492	   0.30691	  0.298764	  0.290547	   0.28229	  0.274027	  0.265782	  0.257561	  0.249361	  0.241173	  0.232995	  0.224821	  0.216651	  0.208494	  0.200366	   0.19229	   0.18429	  0.176391	  0.168616	   0.16099	  0.153536	  0.146273	   0.13922	  0.132397	  0.125817	  0.119493
   862	     0	0.000424791	0.000635872	0.00128863	0.00291823	0.00675653	 0.0150529	 0.0304587	 0.0539157	 0.0833746	  0.116358	  0.151117	  0.186235	  0.220135	  0.251602	  0.279596	  0.303491	  0.322992	   0.33843	  0.350047	  0.358388	  0.363848	    0.3674	  0.369703	  0.371563	  0.373345	  0.375042	  0.377047	  0.379123	  0.381179	  0.382783	  0.383528	  0.383464	  0.382422	  0.380282	    0.3776	  0.374237	  0.370046	  0.365282	  0.359965	  0.353951	  0.347321	  0.340221	  0.332746	  0.324982	  0.317043	  0.308956	  0.300724	  0.292349	  0.283888	   0.27537	  0.266828	  0.258291	  0.249776	  0.241288	  0.232827	  0.224396	  0.215997	  0.207636	  0.199326	  0.191086	  0.182941	  0.174916	  0.167038	  0.159332	  0.151821	  0.144525	  0.137463	  0.130649	  0.124097	  0.117816	  0.111813
   863	     0	0.000152441	0.000239967	0.000520781	0.00126606	0.00318281	0.00792522	 0.0186629	 0.0392377	  0.070126	  0.107541	  0.147372	  0.187021	  0.224465	  0.258306	  0.287463	  0.311412	  0.330067	  0.344129	  0.354032	   0.36053	  0.364191	  0.366128	  0.366942	  0.367623	  0.368538	  0.369674	  0.371423	  0.373445	  0.375613	   0.37745	  0.378553	  0.379014	  0.378623	  0.377138	  0.375085	  0.372309	  0.368647	  0.364355	  0.359455	  0.353822	  0.347596	  0.340945	  0.333965	   0.32674	  0.319366	  0.311847	  0.304184	  0.296384	   0.28852	  0.280625	  0.272735	  0.264868	  0.257025	  0.249196	  0.241377	  0.233561	  0.225741	  0.217915	  0.210087	  0.202272	  0.194486	  0.186748	   0.17908	  0.171501	  0.164034	    0.1567	   0.14952	  0.142516	  0.135706	   0.12911	  0.122743
   864	     0	0.000377957	0.000569145	0.00112083	0.00242516	0.00538305	 0.0117572	 0.0242465	 0.0453654	  0.074892	  0.110142	  0.148089	  0.186341	  0.222749	  0.255812	  0.284377	  0.307873	  0.326179	  0.339961	  0.349638	  0.355952	  0.359458	  0.361266	  0.361984	  0.362594	   0.36346	  0.364576	  0.366337	  0.368392	  0.370585	  0.372434	  0.373538	  0.373998	  0.373597	  0.372081	  0.369979	  0.367139	  0.363421	  0.359081	   0.35414	  0.348471	  0.342213	  0.335534	  0.328528	  0.321281	  0.313885	  0.306344	  0.298659	  0.290838	  0.282953	  0.275037	  0.267124	  0.259233	  0.251366	  0.243514	  0.235672	  0.227837	  0.220002	  0.212167	  0.204336	  0.196523	  0.188746	  0.181023	  0.173376	  0.165826	  0.158394	  0.151102	  0.143972	  0.137025	  0.130279	  0.123753	  0.117463
   865	     0	0.000196439	0.000301017	0.000651022	 0.0016046	0.00408894	 0.0101347	 0.0228813	  0.044356	 0.0726592	  0.104674	  0.138448	  0.172691	  0.205995	  0.237181	  0.265207	  0.289411	  0.309441	  0.325573	  0.337998	  0.347217	  0.353577	  0.358018	  0.361156	  0.363794	  0.366283	  0.368612	  0.371168	  0.373719	  0.376161	  0.378097	  0.379146	  0.379367	   0.37859	  0.376696	  0.374254	  0.371129	  0.367166	  0.362611	  0.357485	  0.351641	   0.34516	  0.338185	  0.330815	  0.323139	  0.315277	  0.307262	  0.299098	  0.290789	  0.282393	  0.273935	   0.26545	  0.256968	  0.248507	  0.240076	  0.231676	  0.223309	  0.214979	  0.206693	  0.198464	  0.190312	  0.182261	   0.17434	  0.166574	  0.158988	  0.151606	  0.144446	  0.137526	  0.130859	  0.124457	  0.118327	  0.112473
   866	     0	0.000247079	0.000385815	0.000822501	0.00195558	0.00478594	 0.0114979	  0.025759	 0.0509599	 0.0861382	  0.126962	  0.169525	  0.211254	   0.25001	  0.284415	  0.313487	  0.336847	  0.354553	  0.367448	  0.376034	  0.381138	  0.383392	  0.383957	  0.383436	  0.382881	   0.38268	  0.382818	  0.383673	   0.38492	  0.386436	  0.387705	  0.388293	   0.38826	  0.387393	  0.385446	  0.382939	   0.37971	  0.375618	  0.370935	  0.365675	  0.359699	  0.353146	  0.346182	  0.338903	  0.331396	  0.323753	   0.31598	  0.308073	  0.300038	  0.291948	  0.283835	  0.275734	  0.267665	  0.259627	   0.25161	   0.24361	  0.235619	  0.227633	  0.219646	  0.211665	  0.203702	  0.195773	  0.187897	  0.180095	  0.172389	  0.164799	  0.157348	  0.150057	  0.142948	  0.136039	  0.129351	  0.122898
   867	     0	0.000254382	0.000392789	0.000825325	0.00193457	0.00466791	 0.0110496	 0.0243847	 0.0476302	 0.0799189	   0.11762	  0.157479	  0.197239	   0.23485	  0.268898	  0.298293	  0.322512	  0.341461	  0.355795	  0.365939	  0.372631	  0.376427	  0.378429	  0.379289	  0.379958	  0.380821	  0.381881	  0.383544	  0.385477	  0.387575	  0.389349	  0.390356	  0.390679	  0.390119	  0.388458	  0.386234	  0.383289	  0.379445	  0.374948	  0.369814	   0.36392	  0.357409	  0.350458	  0.343166	  0.335627	  0.327944	  0.320128	  0.312173	  0.304087	  0.295939	  0.287763	  0.279592	  0.271448	  0.263334	  0.255239	  0.247158	  0.239084	  0.231013	   0.22294	  0.214871	  0.206819	  0.198802	   0.19084	  0.182955	  0.175169	  0.167505	  0.159985	  0.152631	  0.145464	  0.138504	  0.131769	  0.125275
   868	     0	0.000315043	0.000492386	0.00106677	0.00258858	0.00642511	 0.0153696	 0.0332456	 0.0618464	 0.0982372	  0.138399	    0.1796	  0.219888	  0.257315	  0.290647	  0.318951	  0.341851	  0.359366	  0.372258	  0.380972	  0.386274	   0.38876	   0.38955	  0.389264	  0.388899	  0.388854	  0.389116	  0.390069	  0.391393	   0.39299	   0.39435	  0.395009	  0.395026	  0.394194	  0.392286	  0.389822	  0.386638	  0.382567	  0.377855	  0.372512	  0.366409	  0.359692	  0.352543	  0.345069	  0.337364	  0.329532	  0.321579	    0.3135	  0.305301	  0.297052	  0.288786	  0.280537	  0.272324	  0.264149	  0.256002	  0.247875	  0.239763	  0.231661	  0.223565	  0.215478	  0.207412	  0.199383	  0.191412	  0.183517	  0.175722	  0.168048	  0.160517	  0.153151	  0.145971	  0.138998	  0.132249	  0.125742
   869	     0	0.000332467	0.000523289	0.00111765	0.00264266	0.00638034	 0.0149338	  0.032036	 0.0599833	 0.0964942	  0.137434	  0.179678	  0.221062	  0.259559	  0.293849	  0.322945	  0.346443	  0.364359	  0.377484	  0.386289	  0.391574	  0.393963	  0.394601	  0.394133	  0.393562	  0.393295	  0.393329	  0.394055	  0.395152	  0.396548	  0.397723	  0.398206	  0.398051	  0.397061	  0.395022	  0.392448	  0.389168	  0.385007	  0.380228	   0.37485	  0.368753	  0.362076	  0.354986	  0.347579	  0.339941	   0.33217	   0.32427	  0.316236	  0.308074	  0.299856	  0.291616	  0.283388	  0.275193	   0.26703	  0.258888	  0.250761	  0.242641	  0.234521	  0.226396	  0.218269	  0.210154	  0.202066	  0.194025	  0.186052	  0.178167	  0.170393	  0.162751	  0.155264	  0.147954	   0.14084	  0.133943	   0.12728
   870	     0	0.00015133	0.000240145	0.000545999	 0.0014141	0.00378919	0.00992798	  0.023827	 0.0488257	 0.0829128	  0.121441	   0.16134	  0.200789	  0.238035	  0.271799	  0.301071	  0.325351	  0.344527	  0.359198	  0.369747	  0.376871	  0.381083	  0.383448	  0.384592	  0.385455	  0.386423	   0.38749	  0.389057	  0.390822	  0.392684	  0.394167	  0.394842	  0.394781	  0.393795	  0.391697	   0.38904	  0.385664	  0.381423	  0.376593	  0.371193	  0.365074	  0.358356	  0.351206	  0.343725	     0.336	  0.328141	  0.320159	   0.31205	  0.303815	  0.295519	  0.287193	   0.27887	  0.270575	  0.262312	  0.254077	  0.245861	  0.237663	  0.229477	  0.221303	  0.213148	  0.205026	   0.19696	   0.18897	  0.181081	  0.173317	  0.165701	  0.158255	  0.150999	  0.143953	  0.137135	  0.130561	  0.124242
   871	     0	0.000423866	0.000659556	0.00142939	0.00347459	0.00857681	 0.0200345	 0.0413124	 0.0724438	  0.109479	  0.148965	  0.188817	  0.227437	  0.263143	  0.294847	  0.321716	  0.343401	  0.359906	  0.371944	  0.379926	  0.384581	  0.386473	  0.386701	  0.385878	  0.384996	  0.384444	  0.384214	  0.384693	   0.38557	  0.386724	  0.387628	   0.38783	  0.387383	  0.386086	  0.383719	  0.380804	  0.377182	  0.372744	  0.367778	  0.362297	  0.356143	  0.349437	  0.342337	  0.334934	  0.327312	  0.319559	  0.311684	  0.303682	  0.295556	  0.287374	  0.279165	  0.270964	  0.262792	  0.254653	  0.246542	  0.238451	  0.230376	  0.222314	  0.214263	  0.206231	  0.198232	  0.190285	  0.182412	  0.174636	  0.166979	  0.159463	  0.152112	  0.144945	  0.137981	  0.131239	  0.124736	  0.118483
   872	     0	0.000302186	0.000459906	 0.0009512	0.00219917	0.00523115	 0.0121582	 0.0261779	 0.0497106	 0.0814154	  0.117878	  0.156265	  0.194555	  0.230829	   0.26374	  0.292228	  0.315766	  0.334236	  0.348237	   0.35816	  0.364707	  0.368411	  0.370355	  0.371187	   0.37182	  0.372625	   0.37358	  0.375058	  0.376786	  0.378673	  0.380256	  0.381118	  0.381312	  0.380653	  0.378948	  0.376699	  0.373759	   0.36997	  0.365557	  0.360525	  0.354743	   0.34834	  0.341487	  0.334284	  0.326823	  0.319207	  0.311448	  0.303545	  0.295506	  0.287397	  0.279252	  0.271104	  0.262977	  0.254876	  0.246794	  0.238725	  0.230666	  0.222615	  0.214569	  0.206535	  0.198528	  0.190567	  0.182674	  0.174872	  0.167182	   0.15963	  0.152235	   0.14502	  0.138005	  0.131209	  0.124647	  0.118335
   873	     0	0.00023085	0.000347002	0.000693845	0.00154084	0.00353587	 0.0080487	 0.0174651	 0.0345877	 0.0601259	  0.091985	  0.127272	  0.163677	  0.199134	  0.232118	  0.261383	  0.286207	  0.306301	  0.322134	  0.334008	  0.342554	  0.348227	  0.352059	  0.354639	  0.356863	  0.359087	  0.361296	  0.363877	  0.366541	  0.369173	  0.371371	  0.372778	   0.37349	  0.373315	  0.372041	  0.370189	  0.367615	  0.364155	  0.360037	   0.35527	  0.349718	  0.343516	  0.336838	  0.329792	  0.322472	  0.314984	  0.307346	  0.299559	  0.291634	  0.283637	  0.275602	  0.267563	  0.259542	  0.251545	  0.243566	  0.235598	  0.227637	  0.219679	  0.211722	  0.203776	  0.195857	  0.187987	  0.180188	  0.172484	  0.164899	  0.157457	  0.150178	  0.143085	  0.136196	   0.12953	  0.123102	  0.116925
   874	     0	0.00015133	0.000240145	0.000545999	 0.0014141	0.00378919	0.00992798	  0.023827	 0.0488257	 0.0829128	  0.121441	   0.16134	  0.200789	  0.238035	  0.271799	  0.301071	  0.325351	  0.344527	  0.359198	  0.369747	  0.376871	  0.381083	  0.383448	  0.384592	  0.385455	  0.386423	   0.38749	  0.389057	  0.390822	  0.392684	  0.394167	  0.394842	  0.394781	  0.393795	  0.391697	   0.38904	  0.385664	  0.381423	  0.376593	  0.371193	  0.365074	  0.358356	  0.351206	  0.343725	     0.336	  0.328141	  0.320159	   0.31205	  0.303815	  0.295519	  0.287193	   0.27887	  0.270575	  0.262312	  0.254077	  0.245861	  0.237663	  0.229477	  0.221303	  0.213148	  0.205026	   0.19696	   0.18897	  0.181081	  0.173317	  0.165701	  0.158255	  0.150999	  0.143953	  0.137135	  0.130561	  0.124242
   875	     0	0.00015133	0.000240145	0.000545999	 0.0014141	0.00378919	0.00992798	  0.023827	 0.0488257	 0.0829128	  0.121441	   0.16134	  0.200789	  0.238035	  0.271799	  0.301071	  0.325351	  0.344527	  0.359198	  0.369747	  0.376871	  0.381083	  0.383448	  0.384592	  0.385455	  0.386423	   0.38749	  0.389057	  0.390822	  0.392684	  0.394167	  0.394842	  0.394781	  0.393795	  0.391697	   0.38904	  0.385664	  0.381423	  0.376593	  0.371193	  0.365074	  0.358356	  0.351206	  0.343725	     0.336	  0.328141	  0.320159	   0.31205	  0.303815	  0.295519	  0.287193	   0.27887	  0.270575	  0.262312	  0.254077	  0.245861	  0.237663	  0.229477	  0.221303	  0.213148	  0.205026	   0.19696	   0.18897	  0.181081	  0.173317	  0.165701	  0.158255	  0.150999	  0.143953	  0.137135	  0.130561	  0.124242
   876	     0	0.000414425	0.000631697	0.00125772	0.00273879	0.00609384	 0.0132818	 0.0271799	 0.0502541	 0.0820118	  0.119708	  0.160364	  0.201492	  0.240708	  0.276404	   0.30736	  0.332993	  0.353182	  0.368568	  0.379583	  0.386982	  0.391333	  0.393734	  0.394877	  0.395683	  0.396564	   0.39753	  0.398989	  0.400634	  0.402381	  0.403739	   0.40429	  0.404108	  0.403002	  0.400758	  0.397922	  0.394329	  0.389852	  0.384781	  0.379136	  0.372785	  0.365856	  0.358515	   0.35086	  0.342975	   0.33496	  0.326819	  0.318546	  0.310147	  0.301689	  0.293206	  0.284734	  0.276293	  0.267886	  0.259505	   0.25114	  0.242788	  0.234439	  0.226093	  0.217754	  0.209437	  0.201162	  0.192949	  0.184822	  0.176803	  0.168917	  0.161185	  0.153631	  0.146275	  0.139137	  0.132236	  0.125588
   877	     0	0.000242991	0.000374372	0.000778527	0.00179976	0.00428372	 0.0100362	 0.0220826	 0.0434326	 0.0738422	  0.110172	  0.149235	  0.188696	  0.226413	  0.260884	  0.290929	  0.315946	  0.335778	  0.351029	  0.362089	  0.369672	  0.374307	  0.377073	  0.378605	  0.379837	  0.381159	  0.382573	  0.384487	  0.386582	  0.388747	  0.390518	  0.391492	  0.391762	  0.391126	  0.389357	  0.386996	  0.383887	  0.379883	  0.375247	  0.369996	  0.363999	  0.357392	  0.350351	  0.342977	  0.335361	  0.327605	  0.319717	  0.311693	   0.30354	  0.295328	  0.287089	  0.278859	  0.270658	  0.262489	  0.254342	  0.246211	  0.238091	  0.229973	  0.221856	  0.213747	  0.205659	  0.197611	  0.189626	  0.181726	  0.173932	  0.166269	  0.158759	  0.151423	  0.144281	  0.137354	  0.130659	  0.124211
   878	     0	0.000273787	0.000413074	0.000828465	 0.0018427	0.00422667	0.00958283	 0.0205888	 0.0400954	 0.0683376	  0.102702	  0.140066	  0.178031	  0.214487	  0.247919	  0.277139	  0.301518	  0.320869	  0.335761	  0.346573	  0.354003	  0.358564	  0.361332	   0.36293	  0.364286	   0.36576	  0.367337	  0.369402	  0.371648	  0.373948	  0.375852	  0.376972	  0.377393	  0.376921	  0.375345	  0.373192	  0.370316	  0.366569	    0.3622	  0.357223	  0.351503	  0.345171	  0.338395	  0.331272	  0.323893	  0.316359	   0.30868	  0.300857	  0.292895	  0.284863	  0.276793	  0.268719	  0.260663	  0.252631	  0.244615	   0.23661	  0.228614	  0.220623	  0.212636	   0.20466	  0.196711	  0.188807	  0.180972	  0.173227	  0.165596	  0.158102	  0.150766	  0.143611	  0.136655	  0.129917	  0.123415	  0.117161
   879	     0	0.000217863	0.00033928	0.000738301	0.00181378	0.00459688	 0.0113804	 0.0259175	 0.0511211	 0.0850908	  0.123471	  0.163101	  0.202007	  0.238383	  0.270981	  0.298839	  0.321522	  0.338995	  0.351951	  0.360825	   0.36636	  0.369114	  0.370202	  0.370265	  0.370268	  0.370583	  0.371202	  0.372519	  0.374195	  0.376073	  0.377646	  0.378495	  0.378699	  0.378043	  0.376283	  0.373943	  0.370876	  0.366965	  0.362472	  0.357407	  0.351637	  0.345292	  0.338537	  0.331463	  0.324155	  0.316701	  0.309107	  0.301371	    0.2935	  0.285563	  0.277592	  0.269622	  0.261674	   0.25375	  0.245844	  0.237949	  0.230062	  0.222178	  0.214296	  0.206422	  0.198571	  0.190761	  0.183012	  0.175347	  0.167787	  0.160355	  0.153073	  0.145961	   0.13904	  0.132328	  0.125843	    0.1196
   880	     0	0.00015133	0.000240145	0.000545999	 0.0014141	0.00378919	0.00992798	  0.023827	 0.0488257	 0.0829128	  0.121441	   0.16134	  0.200789	  0.238035	  0.271799	  0.301071	  0.325351	  0.344527	  0.359198	  0.369747	  0.376871	  0.381083	  0.383448	  0.384592	  0.385455	  0.386423	   0.38749	  0.389057	  0.390822	  0.392684	  0.394167	  0.394842	  0.394781	  0.393795	  0.391697	   0.38904	  0.385664	  0.381423	  0.376593	  0.371193	  0.365074	  0.358356	  0.351206	  0.343725	     0.336	  0.328141	  0.320159	   0.31205	  0.303815	  0.295519	  0.287193	   0.27887	  0.270575	  0.262312	  0.254077	  0.245861	  0.237663	  0.229477	  0.221303	  0.213148	  0.205026	   0.19696	   0.18897	  0.181081	  0.173317	  0.165701	  0.158255	  0.150999	  0.143953	  0.137135	  0.130561	  0.124242
   881	     0	0.000331173	0.000503682	 0.0010341	0.00236389	 0.0055438	 0.0126575	 0.0266765	   0.04963	 0.0801765	  0.115438	  0.153027	  0.191079	  0.227681	  0.261429	  0.291182	  0.316315	  0.336591	  0.352467	  0.364262	   0.37261	   0.37797	  0.381361	  0.383429	  0.385066	  0.386664	  0.388225	  0.390157	  0.392184	  0.394191	  0.395724	  0.396381	  0.396232	  0.395085	  0.392779	   0.38989	  0.386262	  0.381773	  0.376714	  0.371107	  0.364799	  0.357881	   0.35051	  0.342786	  0.334802	  0.326667	  0.318405	  0.310015	  0.301496	  0.292909	  0.284283	  0.275649	  0.267035	  0.258454	  0.249904	  0.241383	   0.23289	  0.224424	  0.215989	  0.207596	  0.199263	  0.191013	  0.182873	  0.174867	  0.167022	  0.159361	  0.151905	  0.144673	  0.137684	   0.13095	  0.124484	  0.118295
   882	     0	0.00015133	0.000240145	0.000545999	 0.0014141	0.00378919	0.00992798	  0.023827	 0.0488257	 0.0829128	  0.121441	   0.16134	  0.200789	  0.238035	  0.271799	  0.301071	  0.325351	  0.344527	  0.359198	  0.369747	  0.376871	  0.381083	  0.383448	  0.384592	  0.385455	  0.386423	   0.38749	  0.389057	  0.390822	  0.392684	  0.394167	  0.394842	  0.394781	  0.393795	  0.391697	   0.38904	  0.385664	  0.381423	  0.376593	  0.371193	  0.365074	  0.358356	  0.351206	  0.343725	     0.336	  0.328141	  0.320159	   0.31205	  0.303815	  0.295519	  0.287193	   0.27887	  0.270575	  0.262312	  0.254077	  0.245861	  0.237663	  0.229477	  0.221303	  0.213148	  0.205026	   0.19696	   0.18897	  0.181081	  0.173317	  0.165701	  0.158255	  0.150999	  0.143953	  0.137135	  0.130561	  0.124242
   883	     0	0.000354125	0.000548195	0.00117663	0.00283701	0.00699946	 0.0166001	 0.0354539	  0.064971	  0.101819	  0.141924	  0.182644	  0.222156	  0.258698	  0.291114	  0.318548	  0.340655	   0.35746	  0.369707	  0.377839	  0.382612	  0.384608	  0.384946	  0.384237	  0.383493	  0.383101	  0.383048	  0.383717	  0.384796	  0.386172	  0.387323	  0.387781	   0.38759	  0.386553	  0.384469	  0.381862	  0.378569	  0.374432	  0.369712	  0.364421	  0.358412	  0.351812	  0.344787	  0.337435	  0.329843	  0.322115	  0.314262	  0.306279	   0.29817	  0.290003	  0.281807	  0.273616	  0.265453	  0.257322	  0.249215	  0.241126	  0.233053	  0.224989	  0.216935	  0.208895	  0.200883	  0.192918	  0.185021	  0.177214	   0.16952	  0.161961	   0.15456	  0.147337	  0.140312	  0.133504	   0.12693	  0.120603
   884	     0	0.000288046	0.000440062	0.000896258	0.00201817	0.00466799	 0.0106127	 0.0226746	 0.0435566	 0.0730667	  0.108552	  0.147169	  0.186626	   0.22469	  0.259793	  0.290686	  0.316703	  0.337623	  0.353975	  0.366112	  0.374714	  0.380281	  0.383861	  0.386095	  0.387892	  0.389652	  0.391391	  0.393531	  0.395761	  0.398003	  0.399805	   0.40076	  0.400966	  0.400228	  0.398341	  0.395859	  0.392618	   0.38846	  0.383652	  0.378215	  0.372014	  0.365183	  0.357904	  0.350284	  0.342419	   0.33442	  0.326297	  0.318046	  0.309673	  0.301244	  0.292794	  0.284355	   0.27595	  0.267582	  0.259244	  0.250926	  0.242622	  0.234325	  0.226034	  0.217753	  0.209499	  0.201291	  0.193152	  0.185105	  0.177175	  0.169383	  0.161754	  0.154309	  0.147068	  0.140051	  0.133275	  0.126754
   885	     0	0.000395499	0.000607351	0.00121631	0.00265816	0.00593398	 0.0129974	 0.0268119	 0.0501025	  0.082616	    0.1215	  0.163471	  0.205792	  0.245936	  0.282238	  0.313474	  0.339099	  0.359057	  0.374105	  0.384707	  0.391667	    0.3956	  0.397635	  0.398406	   0.39893	  0.399629	   0.40052	  0.402017	  0.403789	  0.405778	  0.407492	  0.408453	   0.40873	  0.408125	  0.406437	  0.404203	  0.401242	  0.397318	  0.392676	  0.387337	  0.381187	  0.374377	  0.367097	  0.359459	  0.351565	  0.343537	  0.335384	  0.327104	  0.318701	  0.310248	  0.301779	  0.293328	  0.284916	  0.276542	  0.268194	  0.259863	  0.251539	  0.243212	  0.234877	  0.226536	  0.218204	  0.209897	  0.201637	  0.193445	  0.185344	  0.177357	  0.169506	  0.161815	  0.154305	  0.146998	  0.139913	  0.133069
   886	     0	0.00015133	0.000240145	0.000545999	 0.0014141	0.00378919	0.00992798	  0.023827	 0.0488257	 0.0829128	  0.121441	   0.16134	  0.200789	  0.238035	  0.271799	  0.301071	  0.325351	  0.344527	  0.359198	  0.369747	  0.376871	  0.381083	  0.383448	  0.384592	  0.385455	  0.386423	   0.38749	  0.389057	  0.390822	  0.392684	  0.394167	  0.394842	  0.394781	  0.393795	  0.391697	   0.38904	  0.385664	  0.381423	  0.376593	  0.371193	  0.365074	  0.358356	  0.351206	  0.343725	     0.336	  0.328141	  0.320159	   0.31205	  0.303815	  0.295519	  0.287193	   0.27887	  0.270575	  0.262312	  0.254077	  0.245861	  0.237663	  0.229477	  0.221303	  0.213148	  0.205026	   0.19696	   0.18897	  0.181081	  0.173317	  0.165701	  0.158255	  0.150999	  0.143953	  0.137135	  0.130561	  0.124242
   887	     0	0.000401982	0.000615729	0.00127661	0.00294197	0.00691783	 0.0156678	 0.0322649	 0.0580142	 0.0906691	   0.12723	  0.165519	  0.203823	  0.240334	  0.273753	  0.303025	  0.327585	  0.347238	  0.362476	  0.373623	  0.381323	  0.386049	  0.388825	  0.390296	  0.391364	  0.392429	  0.393506	  0.395011	  0.396661	  0.398375	  0.399681	  0.400136	  0.399803	  0.398506	    0.3961	  0.393153	    0.3895	  0.384984	  0.379899	  0.374272	  0.367951	  0.361032	  0.353672	  0.345966	     0.338	   0.32989	  0.321654	   0.31329	  0.304798	  0.296239	  0.287643	  0.279042	  0.270463	  0.261916	  0.253399	  0.244907	  0.236436	  0.227984	  0.219553	  0.211152	  0.202798	  0.194515	  0.186329	  0.178266	   0.17035	  0.162606	  0.155056	   0.14772	  0.140616	  0.133759	  0.127163	  0.120837
   888	     0	0.000332264	0.000505748	0.00103212	0.00233825	0.00543652	 0.0123448	 0.0260254	 0.0486882	 0.0791697	   0.11444	  0.151895	  0.189609	  0.225711	  0.258831	  0.287859	  0.312193	  0.331627	   0.34668	  0.357686	  0.365299	  0.370005	  0.372841	  0.374413	  0.375638	  0.376889	  0.378153	  0.379815	    0.3816	  0.383406	  0.384783	  0.385348	  0.385174	  0.384081	  0.381886	  0.379124	  0.375643	  0.371325	  0.366458	  0.361063	  0.354981	   0.34832	  0.341236	  0.333825	  0.326169	  0.318368	  0.310436	   0.30237	  0.294172	  0.285907	  0.277607	  0.269303	   0.26102	  0.252767	  0.244538	  0.236329	  0.228137	  0.219959	  0.211797	   0.20366	  0.195564	  0.187532	  0.179587	  0.171754	  0.164056	  0.156517	  0.149159	  0.142002	  0.135064	  0.128363	  0.121911	  0.115721
   889	     0	0.000370264	0.000569113	0.00116324	 0.0026205	0.00603563	 0.0135487	 0.0282167	 0.0522202	  0.084255	  0.121145	  0.160136	  0.199176	  0.236287	  0.270073	  0.299425	  0.323779	  0.342986	  0.357648	  0.368145	  0.375185	  0.379296	   0.38155	  0.382577	  0.383328	  0.384192	  0.385178	  0.386695	  0.388419	  0.390244	  0.391681	  0.392311	  0.392217	  0.391209	  0.389084	  0.386392	  0.382964	  0.378666	  0.373794	  0.368373	  0.362262	  0.355577	  0.348481	  0.341064	   0.33341	  0.325617	  0.317695	  0.309638	   0.30145	  0.293198	  0.284913	  0.276631	  0.268372	  0.260142	  0.251934	  0.243739	  0.235555	  0.227374	  0.219195	  0.211026	  0.202883	  0.194788	  0.186761	  0.178829	  0.171013	  0.163338	  0.155826	  0.148498	  0.141374	  0.134473	  0.127812	  0.121403
   890	     0	0.000169538	0.00026567	0.000573584	0.00138613	0.00345778	 0.0085101	 0.0196775	 0.0403917	 0.0706061	  0.106818	  0.145614	  0.184734	  0.222153	  0.256446	  0.286454	  0.311568	  0.331603	  0.347137	  0.358534	  0.366483	  0.371499	  0.374648	  0.376565	   0.37817	  0.379854	  0.381623	  0.383896	  0.386344	  0.388879	  0.391045	  0.392421	  0.393102	  0.392889	  0.391561	  0.389659	  0.387018	  0.383442	  0.379155	  0.374174	  0.368387	  0.361948	  0.355042	  0.347778	  0.340253	  0.332581	   0.32477	  0.316818	  0.308733	  0.300587	  0.292413	  0.284247	  0.276109	  0.268001	  0.259913	  0.251836	  0.243764	  0.235688	  0.227603	  0.219516	  0.211441	  0.203397	  0.195404	  0.187484	  0.179661	  0.171956	  0.164393	  0.156993	  0.149776	  0.142765	  0.135976	  0.129427
   891	     0	0.000189108	0.000297213	0.00064248	0.00155179	0.00386116	0.00944277	 0.0215568	 0.0434231	 0.0745015	  0.111247	  0.150497	  0.190099	  0.228014	  0.262802	  0.293295	  0.318881	  0.339367	  0.355301	  0.367049	  0.375298	  0.380543	  0.383838	  0.385852	  0.387476	  0.389106	   0.39076	  0.392871	  0.395086	  0.397274	  0.398951	  0.399745	   0.39978	  0.398844	  0.396687	  0.393883	   0.39027	  0.385768	  0.380695	  0.375077	  0.368777	  0.361925	  0.354688	  0.347161	  0.339426	  0.331569	  0.323592	  0.315486	  0.307255	  0.298968	  0.290659	  0.282359	  0.274092	   0.26586	  0.257652	  0.249461	  0.241283	   0.23311	   0.22494	   0.21678	  0.208645	  0.200554	  0.192528	  0.184591	  0.176765	  0.169073	  0.161538	  0.154181	  0.147022	  0.140082	  0.133378	  0.126924
   892	     0	0.000383092	0.000598127	 0.0013137	0.00324995	0.00815999	 0.0192927	 0.0399115	 0.0697088	  0.104797	  0.142168	  0.180121	   0.21729	  0.252127	   0.28355	  0.310676	  0.333061	  0.350595	  0.363839	  0.373127	  0.379111	  0.382284	  0.383689	  0.383936	   0.38396	  0.384144	  0.384481	  0.385358	  0.386498	    0.3878	  0.388772	  0.388972	  0.388447	  0.387019	  0.384519	  0.381488	  0.377766	  0.373232	  0.368183	  0.362635	  0.356427	  0.349658	  0.342477	  0.334976	  0.327236	  0.319359	  0.311358	  0.303228	  0.294972	  0.286649	  0.278289	  0.269926	  0.261583	  0.253271	  0.244987	  0.236727	   0.22849	  0.220274	  0.212081	  0.203921	  0.195811	  0.187773	  0.179831	  0.172008	   0.16433	   0.15682	  0.149498	  0.142384	  0.135496	  0.128849	  0.122457	  0.116329
   893	     0	0.000398825	0.000605041	0.00123794	0.00281621	0.00655537	 0.0147895	 0.0306339	  0.055852	 0.0886077	  0.125751	  0.164755	   0.20364	  0.240402	  0.273704	  0.302499	  0.326282	  0.344948	  0.359101	  0.369133	  0.375745	  0.379473	  0.381397	  0.382183	   0.38274	  0.383462	  0.384349	  0.385799	  0.387522	  0.389437	  0.391062	  0.391946	  0.392147	  0.391477	  0.389741	  0.387458	  0.384474	  0.380605	  0.376074	   0.37089	  0.364926	  0.358324	  0.351262	  0.343847	  0.336174	  0.328354	    0.3204	  0.312309	  0.304088	  0.295805	  0.287492	  0.279183	  0.270902	  0.262652	  0.254427	  0.246218	  0.238022	  0.229832	  0.221646	  0.213471	   0.20532	  0.197212	  0.189169	  0.181214	  0.173369	  0.165658	  0.158103	  0.150727	  0.143548	  0.136587	  0.129862	  0.123388
   894	     0	0.000339706	0.000518177	0.00105631	0.00238555	0.00552821	 0.0125308	 0.0264513	 0.0496966	  0.081205	  0.117756	  0.156462	  0.195212	  0.232055	   0.26559	   0.29472	  0.318887	  0.337945	  0.352486	  0.362894	  0.369872	  0.373943	   0.37618	  0.377205	  0.377972	  0.378864	  0.379882	  0.381424	  0.383191	  0.385075	  0.386602	  0.387343	  0.387363	  0.386481	  0.384519	  0.382015	  0.378808	  0.374738	   0.37008	  0.364855	  0.358921	  0.352387	  0.345415	  0.338097	  0.330519	  0.322788	   0.31492	   0.30691	  0.298764	  0.290547	   0.28229	  0.274027	  0.265782	  0.257561	  0.249361	  0.241173	  0.232995	  0.224821	  0.216651	  0.208494	  0.200366	   0.19229	   0.18429	  0.176391	  0.168616	   0.16099	  0.153536	  0.146273	   0.13922	  0.132397	  0.125817	  0.119493
   895	     0	0.000313472	  0.000484	0.00102378	0.00242181	 0.0058776	 0.0138477	 0.0298744	 0.0561141	 0.0903622	  0.128762	  0.168485	  0.207586	  0.244216	    0.2771	  0.305258	  0.328241	  0.345998	  0.359212	  0.368301	  0.373999	   0.37687	  0.378017	  0.378058	  0.377968	  0.378128	   0.37852	  0.379516	  0.380833	  0.382368	  0.383631	  0.384192	  0.384092	  0.383144	  0.381152	  0.378623	  0.375403	  0.371347	  0.366714	  0.361513	  0.355598	   0.34909	   0.34215	  0.334874	   0.32735	  0.319677	  0.311868	  0.303919	  0.295837	  0.287688	  0.279504	  0.271318	  0.263154	  0.255017	  0.246901	    0.2388	   0.23071	  0.222628	  0.214552	  0.206489	  0.198457	  0.190474	  0.182563	  0.174748	  0.167051	  0.159496	  0.152106	    0.1449	  0.137898	  0.131119	  0.124578	  0.118289
   896	     0	0.00036145	0.000542134	0.00111796	0.00259735	0.00619102	 0.0142171	 0.0295709	  0.053372	 0.0833659	  0.116782	  0.151741	   0.18678	  0.220292	  0.251089	  0.278174	  0.300982	  0.319291	   0.33352	  0.343953	  0.351174	  0.355613	  0.358281	  0.359834	  0.361103	  0.362443	  0.363839	  0.365668	  0.367683	  0.369768	  0.371484	  0.372434	  0.372665	  0.371993	  0.370256	  0.367972	  0.365008	  0.361232	  0.356866	  0.351912	  0.346226	  0.339911	  0.333123	  0.325961	  0.318514	  0.310889	  0.303109	  0.295178	  0.287101	  0.278939	  0.270722	  0.262484	  0.254251	  0.246038	  0.237845	   0.22967	  0.221515	  0.213379	  0.205268	  0.197193	  0.189173	  0.181231	  0.173393	  0.165686	  0.158133	  0.150757	   0.14358	  0.136621	  0.129896	   0.12342	  0.117203	  0.111256
   897	     0	0.000318071	0.000489359	0.00103731	0.00246644	0.00601364	 0.0141808	 0.0304235	 0.0565313	 0.0900652	  0.127416	  0.166076	  0.204264	  0.240182	   0.27259	   0.30051	  0.323469	   0.34138	  0.354873	  0.364331	  0.370452	  0.373768	  0.375358	  0.375829	  0.376136	  0.376655	  0.377374	  0.378674	  0.380261	  0.382033	  0.383512	  0.384261	  0.384342	  0.383564	  0.381724	   0.37934	  0.376257	  0.372312	   0.36775	   0.36258	  0.356661	  0.350128	  0.343152	  0.335837	  0.328275	  0.320572	  0.312738	  0.304772	  0.296678	  0.288524	  0.280342	  0.272165	  0.264015	  0.255896	  0.247802	  0.239726	  0.231666	  0.223616	  0.215575	   0.20755	  0.199554	  0.191608	   0.18373	  0.175945	  0.168275	  0.160743	   0.15337	  0.146178	  0.139186	  0.132414	  0.125877	   0.11959
   898	     0	0.000385584	0.00059759	0.00135972	0.00355786	 0.0093855	 0.0225918	 0.0455529	 0.0758093	  0.109161	  0.143585	  0.178039	  0.211523	  0.242806	  0.270984	  0.295302	  0.315358	   0.33102	  0.342759	  0.350866	  0.355917	  0.358351	  0.359184	  0.359051	   0.35881	  0.358809	  0.359023	  0.359817	  0.360945	  0.362258	  0.363275	  0.363579	  0.363202	  0.361956	  0.359679	  0.356887	  0.353449	  0.349286	   0.34466	  0.339572	  0.333859	    0.3276	  0.320925	  0.313918	  0.306653	  0.299216	  0.291629	  0.283893	  0.276014	  0.268047	  0.260023	  0.251973	  0.243927	  0.235898	  0.227892	   0.21991	  0.211953	  0.204026	  0.196135	  0.188294	   0.18052	  0.172839	  0.165273	  0.157849	  0.150588	  0.143513	  0.136644	  0.129996	  0.123585	  0.117421	  0.111515	  0.105873
   899	     0	0.000419924	0.000651473	0.00142036	0.00348749	0.00868125	 0.0203117	 0.0415601	 0.0719818	  0.107707	  0.145754	  0.184345	  0.221996	  0.257054	  0.288446	   0.31532	  0.337282	  0.354276	  0.366927	  0.375599	  0.380975	  0.383576	  0.384472	  0.384281	  0.383941	   0.38384	  0.383959	  0.384677	  0.385716	  0.386985	  0.387988	  0.388278	  0.387898	  0.386662	  0.384377	  0.381558	  0.378049	   0.37372	  0.368834	  0.363398	  0.357259	  0.350537	  0.343395	  0.335933	  0.328238	  0.320409	  0.312459	  0.304381	  0.296181	  0.287922	  0.279636	  0.271356	  0.263104	  0.254887	    0.2467	  0.238535	  0.230391	  0.222265	  0.214156	  0.206071	  0.198025	  0.190038	  0.182131	  0.174328	  0.166651	  0.159123	  0.151766	  0.144601	  0.137646	  0.130919	  0.124437	   0.11821
   900	     0	0.000326537	0.00050619	0.00108858	0.00263016	0.00650991	 0.0155299	 0.0334816	 0.0620495	  0.098204	  0.137924	  0.178528	  0.218146	  0.254951	  0.287741	  0.315615	  0.338198	  0.355494	  0.368229	  0.376839	  0.382071	  0.384501	  0.385237	  0.384896	  0.384478	  0.384375	  0.384578	  0.385481	  0.386763	  0.388312	  0.389613	    0.3902	  0.390129	  0.389199	  0.387201	  0.384665	  0.381429	  0.377332	   0.37263	  0.367336	  0.361307	  0.354673	  0.347606	  0.340207	  0.332568	  0.324794	  0.316895	  0.308867	  0.300716	  0.292506	  0.284272	  0.276044	  0.267847	  0.259683	  0.251545	  0.243425	  0.235321	  0.227226	   0.21914	  0.211066	   0.20302	   0.19502	  0.187088	  0.179245	  0.171514	  0.163919	  0.156481	  0.149221	   0.14216	  0.135316	  0.128706	  0.122345
   901	     0	0.000316769	0.000485857	0.000996223	0.00225891	0.00525258	 0.0119574	 0.0254044	 0.0481539	 0.0794373	  0.116204	  0.155551	  0.195248	  0.233143	  0.267744	  0.297878	  0.322955	  0.342822	   0.35808	   0.36912	  0.376655	  0.381222	  0.383897	  0.385328	  0.386453	  0.387671	  0.388991	  0.390823	  0.392853	  0.394993	  0.396771	  0.397751	  0.398009	  0.397355	  0.395587	   0.39325	  0.390176	  0.386187	  0.381535	  0.376238	  0.370168	  0.363462	    0.3563	  0.348788	  0.341023	  0.333117	  0.325082	  0.316914	  0.308617	   0.30026	  0.291876	  0.283499	  0.275151	  0.266835	  0.258544	  0.250268	  0.242003	  0.233742	  0.225482	   0.21723	     0.209	  0.200811	  0.192687	  0.184651	  0.176725	  0.168934	    0.1613	  0.153845	   0.14659	  0.139555	  0.132757	  0.126211
   902	     0	0.000442972	0.000699487	0.00157503	0.00399886	 0.0102074	 0.0240278	 0.0482761	 0.0810976	  0.118048	  0.156501	  0.195004	  0.232284	  0.266857	  0.297733	  0.324112	  0.345621	  0.362202	  0.374468	   0.38277	   0.38778	  0.390018	  0.390543	  0.389967	  0.389242	  0.388754	  0.388483	  0.388803	  0.389444	  0.390319	  0.390917	  0.390779	  0.389937	  0.388213	  0.385445	  0.382163	  0.378202	  0.373455	  0.368228	  0.362538	  0.356219	  0.349365	   0.34212	  0.334573	  0.326802	  0.318903	  0.310885	  0.302743	  0.294477	  0.286146	   0.27778	  0.269412	  0.261066	  0.252752	  0.244467	  0.236207	   0.22797	  0.219757	  0.211571	  0.203419	  0.195317	  0.187287	  0.179352	  0.171536	  0.163862	  0.156352	  0.149029	  0.141912	  0.135019	  0.128364	  0.121963	  0.115824
   903	     0	0.00035011	0.000525057	0.00103779	0.00226556	0.00508549	 0.0112388	 0.0234288	 0.0441991	 0.0733443	  0.108222	  0.145897	  0.184047	  0.220544	  0.253885	    0.2829	   0.30699	  0.325995	  0.340522	  0.350955	  0.358002	  0.362192	  0.364606	   0.36584	  0.366847	  0.367995	  0.369266	  0.371038	  0.373016	  0.375085	  0.376796	  0.377755	  0.378042	  0.377462	  0.375798	  0.373567	  0.370619	  0.366802	  0.362362	  0.357313	  0.351515	  0.345101	  0.338243	  0.331042	   0.32359	  0.315987	  0.308247	  0.300366	  0.292355	  0.284281	  0.276177	  0.268077	  0.260002	  0.251956	  0.243931	  0.235922	  0.227925	  0.219936	  0.211954	  0.203985	  0.196044	  0.188149	  0.180321	  0.172583	  0.164958	  0.157467	  0.150133	  0.142976	  0.136018	  0.129276	  0.122767	  0.116506
   904	     0	  0.000355	0.000536787	0.00106044	0.00229765	0.00510497	 0.0111712	 0.0231326	 0.0435909	 0.0726181	  0.107818	  0.146268	  0.185515	  0.223243	  0.257838	  0.288038	  0.313197	  0.333135	   0.34846	  0.359567	   0.36718	  0.371838	  0.374628	  0.376192	  0.377472	  0.378858	  0.380361	  0.382394	  0.384622	  0.386926	  0.388835	  0.389946	  0.390358	  0.389865	  0.388229	  0.385995	  0.383004	  0.379104	  0.374553	  0.369368	  0.363425	  0.356865	  0.349864	  0.342525	  0.334939	  0.327208	   0.31934	  0.311332	  0.303193	  0.294993	  0.286765	  0.278544	  0.270351	  0.262187	  0.254044	  0.245913	   0.23779	  0.229668	  0.221543	  0.213422	   0.20532	  0.197256	   0.18925	  0.181326	  0.173506	  0.165812	  0.158268	  0.150896	  0.143715	  0.136747	  0.130009	  0.123517
   905	     0	0.000302186	0.000459906	 0.0009512	0.00219917	0.00523115	 0.0121582	 0.0261779	 0.0497106	 0.0814154	  0.117878	  0.156265	  0.194555	  0.230829	   0.26374	  0.292228	  0.315766	  0.334236	  0.348237	   0.35816	  0.364707	  0.368411	  0.370355	  0.371187	   0.37182	  0.372625	   0.37358	  0.375058	  0.376786	  0.378673	  0.380256	  0.381118	  0.381312	  0.380653	  0.378948	  0.376699	  0.373759	   0.36997	  0.365557	  0.360525	  0.354743	   0.34834	  0.341487	  0.334284	  0.326823	  0.319207	  0.311448	  0.303545	  0.295506	  0.287397	  0.279252	  0.271104	  0.262977	  0.254876	  0.246794	  0.238725	  0.230666	  0.222615	  0.214569	  0.206535	  0.198528	  0.190567	  0.182674	  0.174872	  0.167182	   0.15963	  0.152235	   0.14502	  0.138005	  0.131209	  0.124647	  0.118335
   906	     0	0.000223853	0.000353949	0.000783775	0.00195233	0.00499742	  0.012425	 0.0281629	 0.0548417	 0.0900565	  0.129501	  0.170242	  0.210352	  0.247942	  0.281726	  0.310709	  0.334441	  0.352875	   0.36671	  0.376363	  0.382573	  0.385902	  0.387446	  0.387822	  0.388024	  0.388454	  0.389121	  0.390436	  0.392066	  0.393906	  0.395454	  0.396255	  0.396377	  0.395618	  0.393762	   0.39135	  0.388214	  0.384183	  0.379521	   0.37424	  0.368206	  0.361554	  0.354458	  0.347024	  0.339343	  0.331526	  0.323582	  0.315507	  0.307307	   0.29905	  0.290768	  0.282495	  0.274252	  0.266043	  0.257859	  0.249692	  0.241534	  0.233378	  0.225222	  0.217071	  0.208941	  0.200853	  0.192828	   0.18489	  0.177063	   0.16937	  0.161832	  0.154473	  0.147312	  0.140367	  0.133658	  0.127197
   907	     0	0.000291571	0.000442132	0.000903565	0.00205825	0.00482716	 0.0111016	 0.0238226	  0.045494	 0.0753382	  0.110362	  0.147823	  0.185687	  0.222004	  0.255359	  0.284611	  0.309151	  0.328773	   0.34399	  0.355147	  0.362904	  0.367744	  0.370711	  0.372444	   0.37384	  0.375277	  0.376751	  0.378662	  0.380721	   0.38281	  0.384476	  0.385328	  0.385445	  0.384634	  0.382704	  0.380196	  0.376962	  0.372874	  0.368199	  0.362952	  0.356986	  0.350413	  0.343397	  0.336038	  0.328421	  0.320651	  0.312744	  0.304696	  0.296514	  0.288262	  0.279971	  0.271675	  0.263397	  0.255147	  0.246919	  0.238709	  0.230512	  0.222327	  0.214154	  0.206002	  0.197889	  0.189836	  0.181868	   0.17401	  0.166286	  0.158719	  0.151332	  0.144145	  0.137177	  0.130445	  0.123963	  0.117743
   908	     0	0.000339706	0.000518177	0.00105631	0.00238555	0.00552821	 0.0125308	 0.0264513	 0.0496966	  0.081205	  0.117756	  0.156462	  0.195212	  0.232055	   0.26559	   0.29472	  0.318887	  0.337945	  0.352486	  0.362894	  0.369872	  0.373943	   0.37618	  0.377205	  0.377972	  0.378864	  0.379882	  0.381424	  0.383191	  0.385075	  0.386602	  0.387343	  0.387363	  0.386481	  0.384519	  0.382015	  0.378808	  0.374738	   0.37008	  0.364855	  0.358921	  0.352387	  0.345415	  0.338097	  0.330519	  0.322788	   0.31492	   0.30691	  0.298764	  0.290547	   0.28229	  0.274027	  0.265782	  0.257561	  0.249361	  0.241173	  0.232995	  0.224821	  0.216651	  0.208494	  0.200366	   0.19229	   0.18429	  0.176391	  0.168616	   0.16099	  0.153536	  0.146273	   0.13922	  0.132397	  0.125817	  0.119493
   909	     0	0.000246016	0.00038253	0.000848071	0.00214289	0.00557015	 0.0139259	 0.0311163	  0.058639	 0.0929729	  0.130131	  0.167882	  0.204766	  0.239252	   0.27024	  0.296849	  0.318652	  0.335568	  0.348201	  0.356924	  0.362414	  0.365182	  0.366301	  0.366398	  0.366399	  0.366661	  0.367163	  0.368273	  0.369709	  0.371338	  0.372674	  0.373299	  0.373262	  0.372372	  0.370432	  0.367952	   0.36479	  0.360826	  0.356314	  0.351261	  0.345516	  0.339192	  0.332446	  0.325369	  0.318044	  0.310566	  0.302947	  0.295186	  0.287288	  0.279316	  0.271302	  0.263279	  0.255272	  0.247287	  0.239321	   0.23137	  0.223433	  0.215508	  0.207596	  0.199706	  0.191854	   0.18406	  0.176348	  0.168739	  0.161259	  0.153928	  0.146769	  0.139802	  0.133045	  0.126514	  0.120224	  0.114187
   910	     0	0.000404095	0.000657436	 0.0016147	0.00453729	 0.0125829	 0.0305911	  0.059806	 0.0955412	  0.133395	  0.171812	  0.209821	  0.246333	  0.279983	  0.309914	  0.335423	  0.356187	  0.372156	  0.383909	  0.391774	  0.396394	  0.398269	  0.398439	  0.397551	  0.396524	  0.395755	  0.395233	  0.395349	  0.395824	   0.39658	  0.397086	   0.39685	  0.395896	  0.394047	  0.391156	  0.387768	  0.383714	  0.378877	  0.373556	  0.367769	  0.361356	  0.354407	  0.347067	  0.339424	  0.331556	  0.323564	   0.31546	  0.307236	   0.29889	  0.290481	  0.282038	  0.273592	  0.265169	   0.25678	  0.248423	  0.240095	  0.231794	  0.223521	  0.215279	  0.207076	  0.198928	  0.190856	  0.182883	  0.175033	   0.16733	  0.159797	  0.152454	  0.145322	  0.138417	  0.131754	  0.125347	  0.119206
   911	     0	0.000419924	0.000651473	0.00142036	0.00348749	0.00868125	 0.0203117	 0.0415601	 0.0719818	  0.107707	  0.145754	  0.184345	  0.221996	  0.257054	  0.288446	   0.31532	  0.337282	  0.354276	  0.366927	  0.375599	  0.380975	  0.383576	  0.384472	  0.384281	  0.383941	   0.38384	  0.383959	  0.384677	  0.385716	  0.386985	  0.387988	  0.388278	  0.387898	  0.386662	  0.384377	  0.381558	  0.378049	   0.37372	  0.368834	  0.363398	  0.357259	  0.350537	  0.343395	  0.335933	  0.328238	  0.320409	  0.312459	  0.304381	  0.296181	  0.287922	  0.279636	  0.271356	  0.263104	  0.254887	    0.2467	  0.238535	  0.230391	  0.222265	  0.214156	  0.206071	  0.198025	  0.190038	  0.182131	  0.174328	  0.166651	  0.159123	  0.151766	  0.144601	  0.137646	  0.130919	  0.124437	   0.11821
   912	     0	0.00043188	0.000658951	0.00136865	0.00316983	0.00748153	 0.0169125	 0.0344684	 0.0609755	 0.0938031	  0.130018	  0.167613	  0.205004	  0.240487	  0.272841	   0.30107	  0.324646	  0.343395	  0.357817	  0.368235	  0.375287	  0.379449	  0.381747	  0.382811	  0.383544	  0.384331	  0.385165	  0.386436	  0.387885	  0.389419	   0.39057	  0.390912	  0.390493	  0.389138	  0.386696	  0.383715	   0.38004	  0.375542	  0.370506	  0.364953	  0.358725	  0.351912	  0.344666	  0.337081	   0.32924	  0.321252	  0.313134	  0.304885	  0.296506	  0.288056	  0.279565	  0.271066	  0.262585	  0.254134	  0.245712	  0.237316	  0.228943	  0.220596	  0.212276	  0.203993	  0.195766	  0.187616	   0.17957	  0.171653	  0.163888	    0.1563	  0.148909	  0.141736	  0.134797	  0.128107	  0.121678	   0.11552
   913	     0	0.000238841	0.000372304	0.000804053	 0.0019513	 0.0048754	 0.0118834	 0.0266396	 0.0518698	 0.0856742	  0.123888	  0.163448	  0.202395	  0.238924	  0.271765	  0.299934	  0.322969	  0.340808	  0.354136	  0.363365	  0.369227	  0.372277	  0.373612	  0.373834	  0.373932	  0.374281	  0.374869	  0.376079	  0.377603	  0.379311	  0.380712	  0.381386	  0.381396	  0.380544	  0.378616	  0.376133	   0.37294	  0.368905	  0.364302	  0.359144	  0.353283	  0.346839	  0.339974	  0.332782	  0.325346	  0.317764	  0.310046	  0.302188	  0.294198	  0.286141	  0.278049	  0.269956	  0.261884	  0.253839	  0.245814	  0.237802	  0.229801	  0.221804	  0.213813	  0.205834	  0.197884	  0.189982	  0.182151	  0.174415	  0.166797	  0.159319	  0.152003	  0.144871	   0.13794	   0.13123	  0.124756	  0.118532
   914	     0	0.000239287	0.000372725	0.000808602	0.00197565	0.00496961	 0.0121766	 0.0273511	 0.0531325	 0.0873245	  0.125587	  0.164864	  0.203252	  0.238991	  0.270879	  0.297987	  0.319906	  0.336626	  0.348905	  0.357167	  0.362169	  0.364485	  0.365234	  0.364988	  0.364774	   0.36496	  0.365533	  0.366879	  0.368641	  0.370667	  0.372456	  0.373564	  0.374076	  0.373769	  0.372386	  0.370446	  0.367794	  0.364254	  0.360063	  0.355232	  0.349635	  0.343424	  0.336774	   0.32979	  0.322563	  0.315191	  0.307681	  0.300033	  0.292258	  0.284425	  0.276569	  0.268722	  0.260904	  0.253114	  0.245344	  0.237587	  0.229841	  0.222099	  0.214358	  0.206622	  0.198903	  0.191219	  0.183586	  0.176024	  0.168555	  0.161199	  0.153978	  0.146911	  0.140021	  0.133326	  0.126845	  0.120594
   915	     0	0.00015133	0.000240145	0.000545999	 0.0014141	0.00378919	0.00992798	  0.023827	 0.0488257	 0.0829128	  0.121441	   0.16134	  0.200789	  0.238035	  0.271799	  0.301071	  0.325351	  0.344527	  0.359198	  0.369747	  0.376871	  0.381083	  0.383448	  0.384592	  0.385455	  0.386423	   0.38749	  0.389057	  0.390822	  0.392684	  0.394167	  0.394842	  0.394781	  0.393795	  0.391697	   0.38904	  0.385664	  0.381423	  0.376593	  0.371193	  0.365074	  0.358356	  0.351206	  0.343725	     0.336	  0.328141	  0.320159	   0.31205	  0.303815	  0.295519	  0.287193	   0.27887	  0.270575	  0.262312	  0.254077	  0.245861	  0.237663	  0.229477	  0.221303	  0.213148	  0.205026	   0.19696	   0.18897	  0.181081	  0.173317	  0.165701	  0.158255	  0.150999	  0.143953	  0.137135	  0.130561	  0.124242
   916	     0	0.000240566	0.000364195	0.00073628	0.00165356	0.00383352	0.00879682	  0.019162	 0.0378646	 0.0653639	 0.0991701	   0.13617	  0.173949	  0.210357	  0.243856	  0.273221	  0.297799	  0.317385	  0.332547	  0.343647	  0.351374	  0.356233	  0.359293	  0.361143	  0.362721	  0.364386	  0.366113	  0.368279	  0.370584	  0.372897	  0.374786	  0.375896	  0.376321	  0.375859	  0.374274	  0.372088	  0.369157	  0.365353	  0.360928	  0.355897	  0.350117	  0.343723	  0.336887	  0.329713	  0.322295	  0.314726	  0.307019	  0.299172	  0.291195	  0.283155	  0.275084	  0.267017	  0.258976	  0.250962	   0.24297	  0.234993	   0.22703	  0.219076	  0.211131	  0.203201	  0.195301	   0.18745	   0.17967	  0.171982	   0.16441	  0.156975	    0.1497	  0.142605	  0.135711	  0.129035	  0.122594	  0.116403
   917	     0	0.000413685	0.00061929	0.00123089	0.00270975	0.00611627	 0.0134693	 0.0275655	 0.0503465	 0.0806369	   0.11562	  0.152778	  0.190138	  0.225764	  0.258283	  0.286602	  0.310154	  0.328773	  0.343017	  0.353245	  0.360131	  0.364179	  0.366451	  0.367566	  0.368441	  0.369446	  0.370563	  0.372171	  0.373987	  0.375887	  0.377415	   0.37818	  0.378253	  0.377441	  0.375536	  0.373056	  0.369856	  0.365817	  0.361196	  0.356006	  0.350098	  0.343592	  0.336652	  0.329378	  0.321857	  0.314185	  0.306375	  0.298428	  0.290347	    0.2822	  0.274018	  0.265834	  0.257671	  0.249536	  0.241423	  0.233328	  0.225249	  0.217182	   0.20913	    0.2011	  0.193107	  0.185174	  0.177321	  0.169573	  0.161953	  0.154484	  0.147187	  0.140084	  0.133194	  0.126534	  0.120118	  0.113961
   918	     0	0.000228402	0.000358328	0.000770832	0.00184939	0.00455884	 0.0109865	 0.0245129	 0.0479586	  0.080104	  0.117318	  0.156665	  0.196127	  0.233739	  0.268115	  0.298133	  0.323213	  0.343185	  0.358623	  0.369887	  0.377669	   0.38248	  0.385376	  0.386997	  0.388261	  0.389564	  0.390912	  0.392716	  0.394661	  0.396661	  0.398248	  0.399009	  0.399034	  0.398133	  0.396096	  0.393474	  0.390099	  0.385829	  0.380948	  0.375478	  0.369283	  0.362493	   0.35528	  0.347745	  0.339978	  0.332081	  0.324061	  0.315911	  0.307637	  0.299305	  0.290948	  0.282601	  0.274285	  0.266004	  0.257748	   0.24951	  0.241284	  0.233064	  0.224847	   0.21664	  0.208457	  0.200317	  0.192244	  0.184259	  0.176386	  0.168649	  0.161069	  0.153669	  0.146469	  0.139487	  0.132743	   0.12625
   919	     0	0.000169538	0.00026567	0.000573584	0.00138613	0.00345778	 0.0085101	 0.0196775	 0.0403917	 0.0706061	  0.106818	  0.145614	  0.184734	  0.222153	  0.256446	  0.286454	  0.311568	  0.331603	  0.347137	  0.358534	  0.366483	  0.371499	  0.374648	  0.376565	   0.37817	  0.379854	  0.381623	  0.383896	  0.386344	  0.388879	  0.391045	  0.392421	  0.393102	  0.392889	  0.391561	  0.389659	  0.387018	  0.383442	  0.379155	  0.374174	  0.368387	  0.361948	  0.355042	  0.347778	  0.340253	  0.332581	   0.32477	  0.316818	  0.308733	  0.300587	  0.292413	  0.284247	  0.276109	  0.268001	  0.259913	  0.251836	  0.243764	  0.235688	  0.227603	  0.219516	  0.211441	  0.203397	  0.195404	  0.187484	  0.179661	  0.171956	  0.164393	  0.156993	  0.149776	  0.142765	  0.135976	  0.129427
   920	     0	0.000291807	  0.000448	0.000924096	0.00211496	0.00497401	  0.011474	 0.0247318	 0.0474817	 0.0789498	  0.115801	  0.154921	  0.194072	  0.231212	  0.264914	  0.294064	  0.318112	  0.336943	   0.35119	  0.361268	  0.367906	  0.371656	  0.373618	  0.374447	  0.375074	  0.375877	  0.376839	  0.378345	   0.38009	  0.381955	  0.383458	  0.384202	  0.384259	  0.383434	  0.381504	  0.378992	  0.375746	  0.371652	  0.366978	  0.361739	  0.355803	  0.349292	  0.342371	  0.335131	  0.327655	  0.320034	  0.312275	  0.304373	  0.296335	  0.288228	  0.280086	  0.271943	  0.263821	  0.255724	  0.247644	  0.239575	  0.231515	   0.22346	  0.215408	  0.207365	  0.199348	  0.191374	  0.183465	  0.175642	   0.16793	  0.160351	  0.152926	  0.145679	  0.138627	  0.131792	   0.12519	  0.118836
   921	     0	0.000333499	0.000508636	0.00104669	0.00239664	0.00563042	 0.0128902	  0.027276	 0.0509333	 0.0823827	  0.118386	  0.156309	  0.194242	  0.230319	  0.263205	  0.291829	  0.315632	  0.334457	  0.348866	  0.359223	  0.366208	  0.370331	  0.372655	  0.373812	  0.374719	   0.37575	  0.376891	  0.378526	  0.380364	  0.382308	   0.38389	  0.384692	   0.38478	  0.383973	  0.382082	  0.379636	   0.37648	  0.372462	  0.367837	  0.362621	  0.356677	  0.350127	  0.343138	  0.335809	   0.32823	  0.320505	  0.312646	   0.30465	   0.29652	  0.288323	  0.280091	  0.271856	  0.263642	  0.255455	  0.247289	  0.239138	  0.231001	  0.222875	  0.214758	  0.206659	  0.198591	  0.190576	  0.182636	  0.174793	  0.167071	  0.159494	  0.152083	   0.14486	  0.137844	  0.131053	  0.124504	   0.11821
   922	     0	0.000333499	0.000508636	0.00104669	0.00239664	0.00563042	 0.0128902	  0.027276	 0.0509333	 0.0823827	  0.118386	  0.156309	  0.194242	  0.230319	  0.263205	  0.291829	  0.315632	  0.334457	  0.348866	  0.359223	  0.366208	  0.370331	  0.372655	  0.373812	  0.374719	   0.37575	  0.376891	  0.378526	  0.380364	  0.382308	   0.38389	  0.384692	   0.38478	  0.383973	  0.382082	  0.379636	   0.37648	  0.372462	  0.367837	  0.362621	  0.356677	  0.350127	  0.343138	  0.335809	   0.32823	  0.320505	  0.312646	   0.30465	   0.29652	  0.288323	  0.280091	  0.271856	  0.263642	  0.255455	  0.247289	  0.239138	  0.231001	  0.222875	  0.214758	  0.206659	  0.198591	  0.190576	  0.182636	  0.174793	  0.167071	  0.159494	  0.152083	   0.14486	  0.137844	  0.131053	  0.124504	   0.11821
   923	     0	0.00015133	0.000240145	0.000545999	 0.0014141	0.00378919	0.00992798	  0.023827	 0.0488257	 0.0829128	  0.121441	   0.16134	  0.200789	  0.238035	  0.271799	  0.301071	  0.325351	  0.344527	  0.359198	  0.369747	  0.376871	  0.381083	  0.383448	  0.384592	  0.385455	  0.386423	   0.38749	  0.389057	  0.390822	  0.392684	  0.394167	  0.394842	  0.394781	  0.393795	  0.391697	   0.38904	  0.385664	  0.381423	  0.376593	  0.371193	  0.365074	  0.358356	  0.351206	  0.343725	     0.336	  0.328141	  0.320159	   0.31205	  0.303815	  0.295519	  0.287193	   0.27887	  0.270575	  0.262312	  0.254077	  0.245861	  0.237663	  0.229477	  0.221303	  0.213148	  0.205026	   0.19696	   0.18897	  0.181081	  0.173317	  0.165701	  0.158255	  0.150999	  0.143953	  0.137135	  0.130561	  0.124242
   924	     0	0.00015133	0.000240145	0.000545999	 0.0014141	0.00378919	0.00992798	  0.023827	 0.0488257	 0.0829128	  0.121441	   0.16134	  0.200789	  0.238035	  0.271799	  0.301071	  0.325351	  0.344527	  0.359198	  0.369747	  0.376871	  0.381083	  0.383448	  0.384592	  0.385455	  0.386423	   0.38749	  0.389057	  0.390822	  0.392684	  0.394167	  0.394842	  0.394781	  0.393795	  0.391697	   0.38904	  0.385664	  0.381423	  0.376593	  0.371193	  0.365074	  0.358356	  0.351206	  0.343725	     0.336	  0.328141	  0.320159	   0.31205	  0.303815	  0.295519	  0.287193	   0.27887	  0.270575	  0.262312	  0.254077	  0.245861	  0.237663	  0.229477	  0.221303	  0.213148	  0.205026	   0.19696	   0.18897	  0.181081	  0.173317	  0.165701	  0.158255	  0.150999	  0.143953	  0.137135	  0.130561	  0.124242
   925	     0	0.000242948	0.000377155	0.000787287	0.00182069	0.00433215	 0.0101683	 0.0225251	  0.044818	 0.0771012	  0.115804	  0.156978	   0.19783	  0.236077	  0.270231	  0.299206	  0.322549	  0.340279	  0.353247	  0.361948	  0.367214	   0.36969	  0.370546	  0.370362	  0.370201	  0.370438	  0.371055	  0.372428	   0.37421	  0.376291	  0.378177	  0.379422	  0.380104	  0.379993	  0.378829	  0.377119	  0.374703	  0.371357	   0.36729	  0.362522	  0.356952	  0.350746	  0.344086	  0.337082	  0.329827	  0.322422	  0.314871	  0.307178	  0.299354	  0.291477	  0.283582	  0.275703	  0.267857	   0.26004	  0.252241	  0.244455	  0.236678	  0.228901	  0.221119	  0.213335	  0.205558	  0.197801	  0.190078	  0.182407	  0.174805	  0.167293	   0.15989	  0.152616	  0.145495	  0.138546	   0.13179	  0.125248
   926	     0	0.000306547	0.000467353	0.00091836	0.00196429	 0.0043091	0.00938066	 0.0196233	 0.0380648	 0.0659959	  0.101684	  0.141737	   0.18297	  0.222596	  0.258723	  0.289973	  0.315691	  0.335764	  0.350933	  0.361677	  0.368812	  0.372959	  0.375268	  0.376374	  0.377285	  0.378393	  0.379702	  0.381612	  0.383788	  0.386133	  0.388176	  0.389492	  0.390167	   0.38999	  0.388724	  0.386892	  0.384333	  0.380831	  0.376613	  0.371703	  0.365998	  0.359655	  0.352853	  0.345695	  0.338274	  0.330696	  0.322969	  0.315093	   0.30708	  0.299004	  0.290903	  0.282811	  0.274746	  0.266708	  0.258684	  0.250668	  0.242653	  0.234629	   0.22659	  0.218543	  0.210498	  0.202473	  0.194485	  0.186555	  0.178701	  0.170947	  0.163313	  0.155822	  0.148495	  0.141354	  0.134419	  0.127709
   927	     0	0.000297265	0.000459023	0.000956675	0.00221337	0.00525469	  0.012194	 0.0262809	   0.05013	 0.0826311	  0.120403	  0.160483	  0.200696	  0.238963	  0.273828	  0.304153	  0.329371	  0.349338	  0.364648	  0.375693	  0.383187	  0.387671	   0.39022	  0.391495	  0.392412	  0.393372	   0.39437	  0.395795	  0.397383	  0.399085	  0.400439	  0.401011	  0.400849	  0.399783	  0.397652	  0.394983	  0.391612	  0.387367	  0.382512	  0.377063	  0.370883	  0.364091	  0.356853	  0.349269	   0.34143	  0.333447	  0.325334	  0.317086	  0.308707	  0.300264	  0.291788	  0.283314	  0.274866	  0.266449	  0.258057	  0.249682	  0.241319	  0.232962	  0.224609	  0.216268	  0.207953	  0.199685	  0.191488	  0.183385	  0.175402	  0.167561	  0.159886	  0.152398	  0.145118	  0.138063	  0.131252	  0.124698
   928	     0	0.00015133	0.000240145	0.000545999	 0.0014141	0.00378919	0.00992798	  0.023827	 0.0488257	 0.0829128	  0.121441	   0.16134	  0.200789	  0.238035	  0.271799	  0.301071	  0.325351	  0.344527	  0.359198	  0.369747	  0.376871	  0.381083	  0.383448	  0.384592	  0.385455	  0.386423	   0.38749	  0.389057	  0.390822	  0.392684	  0.394167	  0.394842	  0.394781	  0.393795	  0.391697	   0.38904	  0.385664	  0.381423	  0.376593	  0.371193	  0.365074	  0.358356	  0.351206	  0.343725	     0.336	  0.328141	  0.320159	   0.31205	  0.303815	  0.295519	  0.287193	   0.27887	  0.270575	  0.262312	  0.254077	  0.245861	  0.237663	  0.229477	  0.221303	  0.213148	  0.205026	   0.19696	   0.18897	  0.181081	  0.173317	  0.165701	  0.158255	  0.150999	  0.143953	  0.137135	  0.130561	  0.124242
   929	     0	0.000344973	0.000537046	0.00110468	0.00248944	0.00573509	 0.0129564	 0.0274735	 0.0523394	 0.0870613	  0.128107	  0.171712	  0.214991	   0.25542	  0.291424	  0.321892	  0.346403	  0.365024	   0.37864	  0.387784	   0.39332	  0.395922	  0.396769	  0.396504	  0.396179	  0.396213	  0.396613	  0.397788	   0.39937	  0.401276	  0.402982	  0.403998	  0.404398	   0.40396	  0.402433	  0.400353	  0.397543	  0.393768	  0.389261	  0.384041	  0.378016	  0.371355	  0.364247	  0.356801	  0.349115	  0.341297	  0.333349	  0.325269	  0.317065	  0.308815	  0.300554	  0.292317	  0.284121	  0.275961	  0.267825	  0.259704	  0.251592	  0.243478	  0.235354	  0.227223	  0.219093	  0.210978	  0.202894	  0.194858	   0.18689	  0.179009	  0.171238	  0.163598	  0.156111	  0.148799	  0.141686	   0.13479
   930	     0	0.000420283	0.000657005	0.00143973	 0.0035392	  0.008795	 0.0204859	 0.0416551	 0.0718095	  0.107323	   0.14548	  0.184585	  0.223119	  0.259336	  0.292099	  0.320489	  0.344054	  0.362676	  0.376889	  0.387032	  0.393757	  0.397554	  0.399457	  0.400136	  0.400482	  0.400906	  0.401418	  0.402431	  0.403664	  0.405044	  0.406075	  0.406289	  0.405734	   0.40423	  0.401618	  0.398463	  0.394594	  0.389876	  0.384597	  0.378778	  0.372269	  0.365173	  0.357649	  0.349796	  0.341704	  0.333481	  0.325146	   0.31669	  0.308114	  0.299478	  0.290813	   0.28215	  0.273515	  0.264917	  0.256354	   0.24782	  0.239311	  0.230826	  0.222365	  0.213938	  0.205559	  0.197251	  0.189039	  0.180947	     0.173	  0.165222	  0.157634	  0.150258	  0.143112	  0.136211	  0.129571	  0.123202
   931	     0	0.000188318	0.000293871	0.000622369	0.00146518	0.00355314	0.00850224	 0.0191786	  0.038754	 0.0674845	  0.102589	  0.141048	  0.180625	  0.219175	  0.255125	  0.287168	  0.314557	  0.336979	  0.354855	  0.368489	  0.378517	  0.385398	  0.390145	  0.393424	  0.396091	  0.398552	  0.400822	  0.403324	  0.405778	  0.408151	   0.41002	  0.410978	  0.411114	  0.410259	  0.408257	  0.405674	  0.402337	  0.398068	  0.393141	  0.387585	  0.381268	  0.374312	  0.366893	  0.359121	   0.35109	  0.342922	  0.334632	  0.326213	  0.317668	  0.309063	   0.30043	  0.291802	  0.283205	  0.274644	  0.266112	    0.2576	  0.249103	  0.240613	  0.232128	  0.223656	  0.215211	  0.206816	  0.198496	  0.190275	  0.182178	  0.174229	  0.166452	  0.158869	  0.151499	  0.144361	  0.137472	  0.130846
   932	     0	0.000313377	0.000473053	0.000976574	0.00226517	0.00540609	 0.0125443	 0.0267176	 0.0497875	 0.0800076	  0.114299	  0.150373	  0.186562	  0.221166	   0.25292	  0.280786	   0.30419	  0.322923	  0.337452	   0.34809	  0.355455	      0.36	  0.362751	  0.364339	  0.365634	  0.366997	  0.368408	  0.370249	  0.372251	  0.374294	  0.375932	  0.376774	  0.376884	  0.376079	  0.374178	  0.371716	  0.368551	  0.364558	  0.359987	   0.35485	  0.348996	  0.342534	  0.335622	   0.32836	  0.320834	   0.31315	  0.305324	  0.297358	  0.289254	  0.281075	  0.272852	  0.264617	  0.256396	  0.248199	  0.240025	   0.23187	  0.223734	  0.215618	  0.207524	  0.199462	  0.191449	  0.183507	  0.175661	  0.167935	  0.160353	  0.152939	  0.145713	  0.138695	  0.131903	  0.125353	  0.119057	  0.113025
   933	     0	0.000299949	0.000460296	0.000959935	0.00223271	0.00533374	 0.0124303	   0.02678	 0.0507758	 0.0829504	  0.119817	  0.158532	  0.197068	  0.233474	  0.266412	  0.294831	  0.318223	   0.33649	  0.350284	  0.360002	  0.366364	  0.369908	  0.371723	   0.37243	  0.372983	  0.373761	  0.374756	  0.376368	  0.378258	  0.380284	   0.38196	  0.382874	  0.383121	  0.382488	  0.380722	  0.378361	  0.375248	  0.371261	  0.366661	  0.361464	  0.355536	  0.349017	  0.342078	  0.334821	  0.327335	  0.319712	  0.311958	   0.30407	  0.296056	  0.287984	  0.279887	  0.271798	   0.26374	  0.255712	  0.247707	  0.239719	  0.231743	  0.223776	  0.215815	  0.207865	  0.199941	  0.192059	   0.18424	  0.176505	  0.168875	  0.161374	  0.154023	  0.146843	  0.139854	  0.133077	  0.126528	  0.120223
   934	     0	0.000333499	0.000508636	0.00104669	0.00239664	0.00563042	 0.0128902	  0.027276	 0.0509333	 0.0823827	  0.118386	  0.156309	  0.194242	  0.230319	  0.263205	  0.291829	  0.315632	  0.334457	  0.348866	  0.359223	  0.366208	  0.370331	  0.372655	  0.373812	  0.374719	   0.37575	  0.376891	  0.378526	  0.380364	  0.382308	   0.38389	  0.384692	   0.38478	  0.383973	  0.382082	  0.379636	   0.37648	  0.372462	  0.367837	  0.362621	  0.356677	  0.350127	  0.343138	  0.335809	   0.32823	  0.320505	  0.312646	   0.30465	   0.29652	  0.288323	  0.280091	  0.271856	  0.263642	  0.255455	  0.247289	  0.239138	  0.231001	  0.222875	  0.214758	  0.206659	  0.198591	  0.190576	  0.182636	  0.174793	  0.167071	  0.159494	  0.152083	   0.14486	  0.137844	  0.131053	  0.124504	   0.11821
   935	     0	0.000305865	0.00047631	0.00097686	0.00219206	0.00503153	 0.0113518	 0.0241419	 0.0463641	 0.0779686	  0.116019	  0.157165	  0.198736	  0.238277	  0.274154	  0.305125	   0.33061	  0.350519	  0.365592	  0.376274	  0.383356	  0.387443	  0.389659	  0.390619	  0.391308	  0.392132	  0.393085	  0.394559	  0.396225	  0.398016	   0.39946	  0.400156	    0.4002	  0.399378	  0.397431	  0.394892	   0.39159	  0.387372	  0.382509	  0.377027	  0.370807	  0.364004	  0.356792	  0.349276	  0.341545	  0.333689	  0.325707	  0.317596	  0.309367	  0.301093	  0.292813	  0.284559	  0.276349	  0.268179	  0.260037	  0.251916	  0.243807	  0.235702	  0.227595	  0.219491	  0.211398	  0.203333	  0.195311	  0.187351	  0.179474	  0.171698	  0.164047	  0.156541	  0.149202	  0.142051	   0.13511	  0.128398
   936	     0	0.000154558	0.000242946	0.000554357	0.00145243	0.00393981	 0.0103945	 0.0248235	 0.0499809	  0.083207	  0.120177	  0.158355	   0.19616	  0.231917	  0.264409	  0.292655	  0.316158	  0.334783	  0.349073	  0.359385	  0.366378	  0.370536	  0.372911	   0.37417	  0.375195	  0.376362	  0.377664	  0.379502	  0.381576	  0.383769	  0.385609	  0.386662	  0.386995	  0.386413	  0.384727	  0.382479	   0.37952	  0.375694	  0.371232	  0.366142	  0.360289	  0.353801	   0.34685	  0.339543	  0.331972	  0.324251	  0.316394	  0.308399	   0.30027	  0.292072	  0.283835	  0.275592	  0.267369	  0.259174	  0.251001	  0.242846	  0.234706	  0.226579	  0.218465	  0.210372	  0.202316	  0.194317	  0.186398	  0.178585	  0.170899	  0.163366	  0.156006	  0.148841	   0.14189	  0.135169	  0.128694	  0.122478
   937	     0	0.000350842	0.000544288	0.00116901	0.00281328	 0.0069102	 0.0162608	 0.0343457	 0.0622964	 0.0971349	  0.135479	  0.175095	  0.214249	  0.251092	   0.28438	  0.313134	  0.336884	  0.355536	  0.369681	  0.379701	  0.386285	   0.38996	   0.39179	  0.392438	  0.392822	  0.393342	  0.393995	  0.395172	  0.396597	  0.398186	  0.399451	  0.399935	  0.399682	  0.398508	  0.396246	  0.393438	  0.389921	  0.385543	  0.380571	   0.37502	  0.368745	  0.361861	  0.354534	  0.346867	  0.338951	  0.330898	  0.322723	  0.314421	  0.305993	  0.297502	  0.288978	  0.280455	  0.271958	  0.263495	   0.25506	  0.246647	  0.238254	  0.229877	  0.221518	  0.213183	  0.204888	  0.196654	  0.188505	  0.180465	  0.172557	  0.164807	  0.157236	  0.149865	  0.142714	  0.135799	  0.129137	  0.122739
   938	     0	0.000334723	0.000506923	0.00104362	0.00240407	0.00568782	 0.0130751	 0.0276072	 0.0511229	 0.0818824	  0.116812	  0.153582	  0.190479	  0.225768	  0.258158	  0.286595	  0.310495	  0.329648	  0.344527	  0.355444	  0.363024	  0.367727	  0.370577	  0.372187	  0.373452	  0.374745	  0.376056	  0.377769	  0.379631	  0.381552	  0.383091	  0.383833	  0.383833	  0.382918	  0.380937	  0.378426	  0.375233	  0.371195	  0.366568	  0.361364	  0.355433	  0.348878	  0.341861	   0.33448	  0.326826	  0.319012	  0.311059	  0.302967	   0.29474	  0.286439	  0.278095	  0.269741	  0.261403	  0.253091	  0.244805	  0.236539	  0.228292	  0.220063	  0.211853	  0.203673	  0.195539	  0.187475	  0.179507	  0.171658	  0.163954	  0.156418	  0.149072	  0.141936	  0.135027	  0.128361	   0.12195	  0.115806
   939	     0	0.00015133	0.000240145	0.000545999	 0.0014141	0.00378919	0.00992798	  0.023827	 0.0488257	 0.0829128	  0.121441	   0.16134	  0.200789	  0.238035	  0.271799	  0.301071	  0.325351	  0.344527	  0.359198	  0.369747	  0.376871	  0.381083	  0.383448	  0.384592	  0.385455	  0.386423	   0.38749	  0.389057	  0.390822	  0.392684	  0.394167	  0.394842	  0.394781	  0.393795	  0.391697	   0.38904	  0.385664	  0.381423	  0.376593	  0.371193	  0.365074	  0.358356	  0.351206	  0.343725	     0.336	  0.328141	  0.320159	   0.31205	  0.303815	  0.295519	  0.287193	   0.27887	  0.270575	  0.262312	  0.254077	  0.245861	  0.237663	  0.229477	  0.221303	  0.213148	  0.205026	   0.19696	   0.18897	  0.181081	  0.173317	  0.165701	  0.158255	  0.150999	  0.143953	  0.137135	  0.130561	  0.124242
   940	     0	0.000242948	0.000377155	0.000787287	0.00182069	0.00433215	 0.0101683	 0.0225251	  0.044818	 0.0771012	  0.115804	  0.156978	   0.19783	  0.236077	  0.270231	  0.299206	  0.322549	  0.340279	  0.353247	  0.361948	  0.367214	   0.36969	  0.370546	  0.370362	  0.370201	  0.370438	  0.371055	  0.372428	   0.37421	  0.376291	  0.378177	  0.379422	  0.380104	  0.379993	  0.378829	  0.377119	  0.374703	  0.371357	   0.36729	  0.362522	  0.356952	  0.350746	  0.344086	  0.337082	  0.329827	  0.322422	  0.314871	  0.307178	  0.299354	  0.291477	  0.283582	  0.275703	  0.267857	   0.26004	  0.252241	  0.244455	  0.236678	  0.228901	  0.221119	  0.213335	  0.205558	  0.197801	  0.190078	  0.182407	  0.174805	  0.167293	   0.15989	  0.152616	  0.145495	  0.138546	   0.13179	  0.125248
   941	     0	0.000284728	0.000425279	0.000840548	0.00184298	0.00417087	0.00933633	 0.0198293	  0.038292	 0.0650191	 0.0977919	  0.133882	   0.17111	  0.207489	  0.241491	  0.271873	  0.297897	  0.319232	  0.336236	  0.349195	  0.358704	  0.365189	  0.369648	  0.372732	  0.375277	  0.377646	  0.379823	  0.382185	  0.384509	  0.386704	  0.388361	  0.389127	   0.38905	  0.387965	  0.385753	  0.382979	  0.379503	  0.375197	  0.370341	  0.364959	  0.358895	  0.352226	  0.345089	  0.337578	  0.329777	  0.321797	  0.313666	  0.305386	  0.296959	  0.288445	  0.279874	  0.271278	  0.262687	  0.254117	  0.245571	  0.237049	  0.228552	  0.220079	  0.211638	  0.203239	  0.194902	  0.186652	  0.178517	  0.170522	  0.162694	  0.155055	  0.147629	  0.140432	  0.133481	  0.126789	  0.120367	  0.114221
   942	     0	0.00039468	0.000598416	0.00115217	0.00239662	 0.0050934	 0.0107092	   0.02159	 0.0404311	 0.0682009	  0.103379	  0.143096	  0.184467	  0.224712	  0.261879	  0.294483	  0.321767	  0.343516	  0.360358	  0.372717	  0.381361	   0.38687	  0.390347	  0.392439	  0.394108	  0.395766	  0.397424	  0.399492	  0.401663	  0.403894	  0.405735	  0.406761	   0.40706	  0.406445	  0.404719	  0.402423	  0.399381	  0.395381	   0.39068	  0.385304	  0.379137	  0.372324	  0.365049	   0.35742	  0.349535	   0.34151	  0.333354	  0.325064	  0.316647	  0.308175	  0.299684	  0.291208	  0.282768	  0.274364	  0.265984	   0.25762	  0.249262	  0.240902	  0.232534	  0.224163	  0.215801	  0.207468	  0.199183	  0.190968	  0.182847	  0.174843	  0.166977	  0.159274	  0.151754	  0.144439	   0.13735	  0.130503
   943	     0	0.000206934	0.000324726	0.00072638	0.00184766	0.00484163	 0.0122818	 0.0281222	 0.0545782	 0.0886378	  0.126034	  0.164242	  0.201676	  0.236707	  0.268197	  0.295234	   0.31738	  0.334567	   0.34745	  0.356404	  0.362122	  0.365125	   0.36649	   0.36681	  0.367053	  0.367588	   0.36841	  0.369917	  0.371764	  0.373799	  0.375532	  0.376537	  0.376903	  0.376413	   0.37482	  0.372654	  0.369762	  0.366004	  0.361629	  0.356649	  0.350924	  0.344594	  0.337832	  0.330739	  0.323406	   0.31593	  0.308319	  0.300572	  0.292697	  0.284762	  0.276799	  0.268842	  0.260912	  0.253011	  0.245132	  0.237269	  0.229418	  0.221573	  0.213734	  0.205906	  0.198105	  0.190349	  0.182659	  0.175055	  0.167562	    0.1602	  0.152992	  0.145957	  0.139117	  0.132488	  0.126089	  0.119933
   944	     0	0.000333499	0.000508636	0.00104669	0.00239664	0.00563042	 0.0128902	  0.027276	 0.0509333	 0.0823827	  0.118386	  0.156309	  0.194242	  0.230319	  0.263205	  0.291829	  0.315632	  0.334457	  0.348866	  0.359223	  0.366208	  0.370331	  0.372655	  0.373812	  0.374719	   0.37575	  0.376891	  0.378526	  0.380364	  0.382308	   0.38389	  0.384692	   0.38478	  0.383973	  0.382082	  0.379636	   0.37648	  0.372462	  0.367837	  0.362621	  0.356677	  0.350127	  0.343138	  0.335809	   0.32823	  0.320505	  0.312646	   0.30465	   0.29652	  0.288323	  0.280091	  0.271856	  0.263642	  0.255455	  0.247289	  0.239138	  0.231001	  0.222875	  0.214758	  0.206659	  0.198591	  0.190576	  0.182636	  0.174793	  0.167071	  0.159494	  0.152083	   0.14486	  0.137844	  0.131053	  0.124504	   0.11821
   945	     0	0.000401982	0.000615729	0.00127661	0.00294197	0.00691783	 0.0156678	 0.0322649	 0.0580142	 0.0906691	   0.12723	  0.165519	  0.203823	  0.240334	  0.273753	  0.303025	  0.327585	  0.347238	  0.362476	  0.373623	  0.381323	  0.386049	  0.388825	  0.390296	  0.391364	  0.392429	  0.393506	  0.395011	  0.396661	  0.398375	  0.399681	  0.400136	  0.399803	  0.398506	    0.3961	  0.393153	    0.3895	  0.384984	  0.379899	  0.374272	  0.367951	  0.361032	  0.353672	  0.345966	     0.338	   0.32989	  0.321654	   0.31329	  0.304798	  0.296239	  0.287643	  0.279042	  0.270463	  0.261916	  0.253399	  0.244907	  0.236436	  0.227984	  0.219553	  0.211152	  0.202798	  0.194515	  0.186329	  0.178266	   0.17035	  0.162606	  0.155056	   0.14772	  0.140616	  0.133759	  0.127163	  0.120837
   946	     0	0.00015133	0.000240145	0.000545999	 0.0014141	0.00378919	0.00992798	  0.023827	 0.0488257	 0.0829128	  0.121441	   0.16134	  0.200789	  0.238035	  0.271799	  0.301071	  0.325351	  0.344527	  0.359198	  0.369747	  0.376871	  0.381083	  0.383448	  0.384592	  0.385455	  0.386423	   0.38749	  0.389057	  0.390822	  0.392684	  0.394167	  0.394842	  0.394781	  0.393795	  0.391697	   0.38904	  0.385664	  0.381423	  0.376593	  0.371193	  0.365074	  0.358356	  0.351206	  0.343725	     0.336	  0.328141	  0.320159	   0.31205	  0.303815	  0.295519	  0.287193	   0.27887	  0.270575	  0.262312	  0.254077	  0.245861	  0.237663	  0.229477	  0.221303	  0.213148	  0.205026	   0.19696	   0.18897	  0.181081	  0.173317	  0.165701	  0.158255	  0.150999	  0.143953	  0.137135	  0.130561	  0.124242
   947	     0	0.000377957	0.000569145	0.00112083	0.00242516	0.00538305	 0.0117572	 0.0242465	 0.0453654	  0.074892	  0.110142	  0.148089	  0.186341	  0.222749	  0.255812	  0.284377	  0.307873	  0.326179	  0.339961	  0.349638	  0.355952	  0.359458	  0.361266	  0.361984	  0.362594	   0.36346	  0.364576	  0.366337	  0.368392	  0.370585	  0.372434	  0.373538	  0.373998	  0.373597	  0.372081	  0.369979	  0.367139	  0.363421	  0.359081	   0.35414	  0.348471	  0.342213	  0.335534	  0.328528	  0.321281	  0.313885	  0.306344	  0.298659	  0.290838	  0.282953	  0.275037	  0.267124	  0.259233	  0.251366	  0.243514	  0.235672	  0.227837	  0.220002	  0.212167	  0.204336	  0.196523	  0.188746	  0.181023	  0.173376	  0.165826	  0.158394	  0.151102	  0.143972	  0.137025	  0.130279	  0.123753	  0.117463
   948	     0	0.000226731	0.00034922	0.000716852	0.00162694	0.00380508	0.00881837	 0.0194616	 0.0390841	 0.0685434	  0.105205	  0.145407	  0.186258	  0.225307	  0.260874	  0.291705	  0.317196	  0.337229	  0.352498	  0.363447	  0.370846	   0.37527	  0.377832	  0.379148	  0.380214	  0.381419	  0.382767	  0.384663	  0.386774	  0.388978	  0.390803	  0.391846	  0.392201	  0.391657	  0.389977	  0.387707	  0.384686	  0.380755	  0.376181	  0.370984	  0.365032	  0.358464	  0.351458	  0.344115	  0.336528	  0.328799	  0.320936	  0.312937	  0.304809	  0.296623	  0.288412	  0.280211	   0.27204	  0.263899	  0.255781	  0.247676	  0.239579	  0.231482	  0.223382	  0.215284	  0.207204	  0.199159	   0.19117	   0.18326	  0.175451	  0.167765	  0.160226	  0.152854	  0.145671	  0.138696	  0.131948	  0.125443
   949	     0	0.00027944	0.000439662	0.00097229	0.00242349	0.00618918	  0.015211	 0.0335894	 0.0630969	  0.100292	  0.140843	  0.182051	  0.222092	  0.259153	  0.292059	  0.319927	  0.342402	  0.359515	  0.372039	   0.38041	  0.385391	  0.387574	   0.38808	  0.387487	  0.386824	  0.386482	  0.386443	  0.387079	  0.388094	  0.389403	  0.390505	  0.390943	  0.390759	  0.389757	  0.387724	  0.385167	  0.381922	  0.377823	  0.373124	   0.36783	  0.361796	  0.355156	  0.348083	  0.340681	  0.333042	  0.325268	  0.317371	  0.309346	  0.301201	  0.293003	  0.284784	  0.276579	  0.268408	  0.260275	  0.252169	  0.244083	  0.236013	  0.227951	  0.219895	  0.211849	  0.203828	  0.195849	  0.187933	  0.180101	  0.172377	  0.164782	  0.157338	  0.150066	  0.142987	   0.13612	  0.129482	  0.123089
   950	     0	0.000320753	0.000491591	0.00103034	0.00241687	0.00581789	  0.013588	 0.0290481	 0.0541537	 0.0868644	  0.123741	  0.162256	  0.200591	  0.236936	  0.269991	  0.298724	  0.322607	  0.341495	  0.355941	  0.366308	  0.373269	   0.37733	  0.379547	  0.380562	   0.38129	  0.382114	  0.383026	  0.384414	   0.38601	  0.387722	  0.389079	  0.389654	  0.389496	  0.388426	  0.386281	  0.383597	  0.380219	  0.376004	  0.371217	  0.365874	  0.359825	  0.353175	   0.34608	  0.338638	  0.330935	  0.323079	  0.315087	  0.306957	  0.298692	  0.290355	  0.281977	   0.27359	  0.265221	  0.256879	  0.248561	  0.240261	  0.231977	  0.223707	  0.215453	  0.207222	  0.199033	  0.190907	   0.18287	  0.174947	  0.167161	  0.159537	  0.152097	  0.144861	  0.137847	  0.131072	  0.124549	  0.118291
   951	     0	0.000375758	0.000562716	 0.0010878	0.00229768	0.00497951	 0.0106698	  0.021812	 0.0410488	 0.0689514	  0.103562	  0.141947	  0.181444	  0.219575	  0.254602	    0.2852	   0.31069	  0.330888	  0.346399	   0.35764	  0.365348	  0.370076	  0.372922	  0.374546	  0.375873	  0.377288	  0.378787	  0.380768	  0.382918	  0.385127	  0.386935	  0.387954	  0.388277	  0.387702	  0.385996	   0.38369	  0.380634	  0.376687	  0.372102	  0.366897	  0.360948	  0.354395	   0.34741	  0.340092	  0.332531	  0.324823	  0.316974	  0.308984	   0.30086	  0.292673	  0.284457	  0.276247	  0.268064	   0.25991	  0.251775	  0.243653	   0.23554	   0.22743	   0.21932	  0.211215	   0.20313	  0.195082	  0.187092	   0.17918	   0.17137	  0.163683	  0.156142	   0.14877	  0.141586	  0.134611	  0.127865	  0.121362
   952	     0	0.000286017	0.000433539	0.000873319	0.00194832	0.00447685	 0.0101539	 0.0217801	 0.0422363	 0.0715531	  0.106815	  0.144708	  0.182769	  0.218903	  0.251647	   0.27988	  0.303053	  0.321059	  0.334577	  0.344029	  0.350156	  0.353514	  0.355215	  0.355848	  0.356403	  0.357235	  0.358329	  0.360067	  0.362113	  0.364308	   0.36618	  0.367341	   0.36788	  0.367583	  0.366195	  0.364233	  0.361549	  0.357999	  0.353828	  0.349054	  0.343546	  0.337443	  0.330911	  0.324044	  0.316929	  0.309656	  0.302234	  0.294663	  0.286955	   0.27918	  0.271371	  0.263563	  0.255775	  0.248009	  0.240257	  0.232513	  0.224776	  0.217038	  0.209297	  0.201562	  0.193845	  0.186164	  0.178539	  0.170989	  0.163537	  0.156204	  0.149012	  0.141981	  0.135132	  0.128483	  0.122053	  0.115857
   953	     0	0.000333499	0.000508636	0.00104669	0.00239664	0.00563042	 0.0128902	  0.027276	 0.0509333	 0.0823827	  0.118386	  0.156309	  0.194242	  0.230319	  0.263205	  0.291829	  0.315632	  0.334457	  0.348866	  0.359223	  0.366208	  0.370331	  0.372655	  0.373812	  0.374719	   0.37575	  0.376891	  0.378526	  0.380364	  0.382308	   0.38389	  0.384692	   0.38478	  0.383973	  0.382082	  0.379636	   0.37648	  0.372462	  0.367837	  0.362621	  0.356677	  0.350127	  0.343138	  0.335809	   0.32823	  0.320505	  0.312646	   0.30465	   0.29652	  0.288323	  0.280091	  0.271856	  0.263642	  0.255455	  0.247289	  0.239138	  0.231001	  0.222875	  0.214758	  0.206659	  0.198591	  0.190576	  0.182636	  0.174793	  0.167071	  0.159494	  0.152083	   0.14486	  0.137844	  0.131053	  0.124504	   0.11821
   954	     0	0.00015133	0.000240145	0.000545999	 0.0014141	0.00378919	0.00992798	  0.023827	 0.0488257	 0.0829128	  0.121441	   0.16134	  0.200789	  0.238035	  0.271799	  0.301071	  0.325351	  0.344527	  0.359198	  0.369747	  0.376871	  0.381083	  0.383448	  0.384592	  0.385455	  0.386423	   0.38749	  0.389057	  0.390822	  0.392684	  0.394167	  0.394842	  0.394781	  0.393795	  0.391697	   0.38904	  0.385664	  0.381423	  0.376593	  0.371193	  0.365074	  0.358356	  0.351206	  0.343725	     0.336	  0.328141	  0.320159	   0.31205	  0.303815	  0.295519	  0.287193	   0.27887	  0.270575	  0.262312	  0.254077	  0.245861	  0.237663	  0.229477	  0.221303	  0.213148	  0.205026	   0.19696	   0.18897	  0.181081	  0.173317	  0.165701	  0.158255	  0.150999	  0.143953	  0.137135	  0.130561	  0.124242
   955	     0	0.000278132	0.000448502	0.00108541	0.00302578	0.00850739	 0.0217856	 0.0460742	 0.0787262	  0.114764	  0.151948	   0.18923	  0.225554	  0.259577	  0.290329	  0.317005	   0.33918	  0.356715	  0.370083	  0.379577	  0.385791	  0.389178	  0.390741	  0.391112	  0.391182	  0.391341	  0.391588	  0.392319	  0.393286	  0.394417	  0.395222	  0.395231	   0.39447	  0.392773	  0.390026	  0.386793	   0.38291	  0.378234	  0.373057	  0.367404	  0.361115	  0.354265	  0.346991	  0.339379	  0.331507	  0.323487	  0.315341	  0.307065	  0.298659	   0.29018	  0.281655	  0.273117	  0.264593	  0.256099	  0.247638	  0.239209	  0.230811	  0.222446	  0.214118	  0.205837	  0.197622	  0.189495	  0.181483	  0.173611	  0.165903	  0.158382	  0.151069	  0.143981	  0.137134	  0.130541	  0.124212	  0.118154
   956	     0	0.00015133	0.000240145	0.000545999	 0.0014141	0.00378919	0.00992798	  0.023827	 0.0488257	 0.0829128	  0.121441	   0.16134	  0.200789	  0.238035	  0.271799	  0.301071	  0.325351	  0.344527	  0.359198	  0.369747	  0.376871	  0.381083	  0.383448	  0.384592	  0.385455	  0.386423	   0.38749	  0.389057	  0.390822	  0.392684	  0.394167	  0.394842	  0.394781	  0.393795	  0.391697	   0.38904	  0.385664	  0.381423	  0.376593	  0.371193	  0.365074	  0.358356	  0.351206	  0.343725	     0.336	  0.328141	  0.320159	   0.31205	  0.303815	  0.295519	  0.287193	   0.27887	  0.270575	  0.262312	  0.254077	  0.245861	  0.237663	  0.229477	  0.221303	  0.213148	  0.205026	   0.19696	   0.18897	  0.181081	  0.173317	  0.165701	  0.158255	  0.150999	  0.143953	  0.137135	  0.130561	  0.124242
   957	     0	0.000318071	0.000489359	0.00103731	0.00246644	0.00601364	 0.0141808	 0.0304235	 0.0565313	 0.0900652	  0.127416	  0.166076	  0.204264	  0.240182	   0.27259	   0.30051	  0.323469	   0.34138	  0.354873	  0.364331	  0.370452	  0.373768	  0.375358	  0.375829	  0.376136	  0.376655	  0.377374	  0.378674	  0.380261	  0.382033	  0.383512	  0.384261	  0.384342	  0.383564	  0.381724	   0.37934	  0.376257	  0.372312	   0.36775	   0.36258	  0.356661	  0.350128	  0.343152	  0.335837	  0.328275	  0.320572	  0.312738	  0.304772	  0.296678	  0.288524	  0.280342	  0.272165	  0.264015	  0.255896	  0.247802	  0.239726	  0.231666	  0.223616	  0.215575	   0.20755	  0.199554	  0.191608	   0.18373	  0.175945	  0.168275	  0.160743	   0.15337	  0.146178	  0.139186	  0.132414	  0.125877	   0.11959
   958	     0	0.000169538	0.00026567	0.000573584	0.00138613	0.00345778	 0.0085101	 0.0196775	 0.0403917	 0.0706061	  0.106818	  0.145614	  0.184734	  0.222153	  0.256446	  0.286454	  0.311568	  0.331603	  0.347137	  0.358534	  0.366483	  0.371499	  0.374648	  0.376565	   0.37817	  0.379854	  0.381623	  0.383896	  0.386344	  0.388879	  0.391045	  0.392421	  0.393102	  0.392889	  0.391561	  0.389659	  0.387018	  0.383442	  0.379155	  0.374174	  0.368387	  0.361948	  0.355042	  0.347778	  0.340253	  0.332581	   0.32477	  0.316818	  0.308733	  0.300587	  0.292413	  0.284247	  0.276109	  0.268001	  0.259913	  0.251836	  0.243764	  0.235688	  0.227603	  0.219516	  0.211441	  0.203397	  0.195404	  0.187484	  0.179661	  0.171956	  0.164393	  0.156993	  0.149776	  0.142765	  0.135976	  0.129427
   959	     0	0.00015133	0.000240145	0.000545999	 0.0014141	0.00378919	0.00992798	  0.023827	 0.0488257	 0.0829128	  0.121441	   0.16134	  0.200789	  0.238035	  0.271799	  0.301071	  0.325351	  0.344527	  0.359198	  0.369747	  0.376871	  0.381083	  0.383448	  0.384592	  0.385455	  0.386423	   0.38749	  0.389057	  0.390822	  0.392684	  0.394167	  0.394842	  0.394781	  0.393795	  0.391697	   0.38904	  0.385664	  0.381423	  0.376593	  0.371193	  0.365074	  0.358356	  0.351206	  0.343725	     0.336	  0.328141	  0.320159	   0.31205	  0.303815	  0.295519	  0.287193	   0.27887	  0.270575	  0.262312	  0.254077	  0.245861	  0.237663	  0.229477	  0.221303	  0.213148	  0.205026	   0.19696	   0.18897	  0.181081	  0.173317	  0.165701	  0.158255	  0.150999	  0.143953	  0.137135	  0.130561	  0.124242
   960	     0	0.000343533	0.000531028	0.00112746	0.00267568	0.00649134	 0.0151702	  0.032113	 0.0588189	 0.0927199	  0.130404	  0.169516	  0.208292	  0.244892	  0.278052	  0.306765	  0.330535	  0.349245	  0.363493	  0.373643	  0.380385	  0.384238	  0.386264	  0.387085	  0.387644	  0.388332	  0.389144	  0.390474	  0.392031	  0.393736	  0.395109	    0.3957	  0.395568	  0.394532	  0.392413	  0.389751	  0.386379	  0.382132	  0.377275	  0.371823	  0.365634	  0.358831	  0.351584	     0.344	   0.33617	  0.328208	  0.320125	  0.311916	  0.303584	  0.295195	  0.286777	  0.278365	  0.269983	  0.261635	  0.253316	  0.245019	   0.23674	  0.228476	  0.220227	  0.211998	  0.203804	  0.195665	  0.187604	  0.179644	  0.171809	  0.164122	  0.156606	  0.149281	  0.142167	  0.135283	  0.128644	  0.122264
   961	     0	0.000423866	0.000659556	0.00142939	0.00347459	0.00857681	 0.0200345	 0.0413124	 0.0724438	  0.109479	  0.148965	  0.188817	  0.227437	  0.263143	  0.294847	  0.321716	  0.343401	  0.359906	  0.371944	  0.379926	  0.384581	  0.386473	  0.386701	  0.385878	  0.384996	  0.384444	  0.384214	  0.384693	   0.38557	  0.386724	  0.387628	   0.38783	  0.387383	  0.386086	  0.383719	  0.380804	  0.377182	  0.372744	  0.367778	  0.362297	  0.356143	  0.349437	  0.342337	  0.334934	  0.327312	  0.319559	  0.311684	  0.303682	  0.295556	  0.287374	  0.279165	  0.270964	  0.262792	  0.254653	  0.246542	  0.238451	  0.230376	  0.222314	  0.214263	  0.206231	  0.198232	  0.190285	  0.182412	  0.174636	  0.166979	  0.159463	  0.152112	  0.144945	  0.137981	  0.131239	  0.124736	  0.118483
   962	     0	0.000177511	0.000282493	0.000649095	0.00170229	0.00460291	 0.0120418	  0.028302	 0.0557994	 0.0911505	  0.129765	   0.16909	  0.207565	  0.243558	  0.275916	   0.30372	  0.326538	  0.344301	  0.357651	  0.366977	   0.37298	  0.376184	  0.377665	  0.378047	  0.378278	  0.378735	  0.379408	   0.38069	  0.382254	  0.383957	  0.385297	  0.385862	  0.385731	  0.384698	  0.382535	  0.379785	  0.376292	  0.371964	  0.367095	    0.3617	  0.355629	  0.349001	  0.341977	  0.334653	   0.32711	  0.319438	  0.311642	  0.303716	  0.295666	  0.287554	  0.279414	  0.271276	  0.263166	  0.255086	  0.247031	  0.238994	  0.230973	  0.222966	  0.214971	  0.206997	  0.199056	  0.191171	   0.18336	  0.175649	  0.168058	  0.160612	  0.153331	  0.146236	  0.139347	  0.132681	  0.126254	  0.120078
   963	     0	0.000206934	0.000324726	0.00072638	0.00184766	0.00484163	 0.0122818	 0.0281222	 0.0545782	 0.0886378	  0.126034	  0.164242	  0.201676	  0.236707	  0.268197	  0.295234	   0.31738	  0.334567	   0.34745	  0.356404	  0.362122	  0.365125	   0.36649	   0.36681	  0.367053	  0.367588	   0.36841	  0.369917	  0.371764	  0.373799	  0.375532	  0.376537	  0.376903	  0.376413	   0.37482	  0.372654	  0.369762	  0.366004	  0.361629	  0.356649	  0.350924	  0.344594	  0.337832	  0.330739	  0.323406	   0.31593	  0.308319	  0.300572	  0.292697	  0.284762	  0.276799	  0.268842	  0.260912	  0.253011	  0.245132	  0.237269	  0.229418	  0.221573	  0.213734	  0.205906	  0.198105	  0.190349	  0.182659	  0.175055	  0.167562	    0.1602	  0.152992	  0.145957	  0.139117	  0.132488	  0.126089	  0.119933
   964	     0	0.000259745	0.000405982	0.00089322	0.00222214	 0.0056773	 0.0139891	  0.031041	  0.058655	 0.0937316	  0.132262	   0.17177	  0.210567	  0.246927	  0.279648	  0.307791	  0.330914	  0.348944	  0.362503	  0.371986	  0.378094	   0.38135	  0.382831	  0.383181	   0.38334	  0.383695	  0.384243	  0.385385	  0.386809	  0.388385	  0.389607	   0.39005	  0.389779	  0.388595	  0.386295	  0.383428	  0.379836	  0.375418	  0.370464	  0.364992	  0.358848	  0.352142	   0.34503	  0.337605	  0.329949	  0.322156	  0.314237	  0.306186	  0.298007	  0.289763	  0.281485	  0.273207	  0.264951	  0.256725	  0.248525	  0.240343	  0.232178	  0.224026	  0.215888	  0.207772	  0.199694	  0.191676	   0.18374	   0.17591	  0.168211	  0.160664	  0.153294	  0.146119	  0.139158	  0.132429	  0.125946	  0.119721
   965	     0	0.000259745	0.000405982	0.00089322	0.00222214	 0.0056773	 0.0139891	  0.031041	  0.058655	 0.0937316	  0.132262	   0.17177	  0.210567	  0.246927	  0.279648	  0.307791	  0.330914	  0.348944	  0.362503	  0.371986	  0.378094	   0.38135	  0.382831	  0.383181	   0.38334	  0.383695	  0.384243	  0.385385	  0.386809	  0.388385	  0.389607	   0.39005	  0.389779	  0.388595	  0.386295	  0.383428	  0.379836	  0.375418	  0.370464	  0.364992	  0.358848	  0.352142	   0.34503	  0.337605	  0.329949	  0.322156	  0.314237	  0.306186	  0.298007	  0.289763	  0.281485	  0.273207	  0.264951	  0.256725	  0.248525	  0.240343	  0.232178	  0.224026	  0.215888	  0.207772	  0.199694	  0.191676	   0.18374	   0.17591	  0.168211	  0.160664	  0.153294	  0.146119	  0.139158	  0.132429	  0.125946	  0.119721
   966	     0	0.000343533	0.000531028	0.00112746	0.00267568	0.00649134	 0.0151702	  0.032113	 0.0588189	 0.0927199	  0.130404	  0.169516	  0.208292	  0.244892	  0.278052	  0.306765	  0.330535	  0.349245	  0.363493	  0.373643	  0.380385	  0.384238	  0.386264	  0.387085	  0.387644	  0.388332	  0.389144	  0.390474	  0.392031	  0.393736	  0.395109	    0.3957	  0.395568	  0.394532	  0.392413	  0.389751	  0.386379	  0.382132	  0.377275	  0.371823	  0.365634	  0.358831	  0.351584	     0.344	   0.33617	  0.328208	  0.320125	  0.311916	  0.303584	  0.295195	  0.286777	  0.278365	  0.269983	  0.261635	  0.253316	  0.245019	   0.23674	  0.228476	  0.220227	  0.211998	  0.203804	  0.195665	  0.187604	  0.179644	  0.171809	  0.164122	  0.156606	  0.149281	  0.142167	  0.135283	  0.128644	  0.122264
   967	     0	0.000423866	0.000659556	0.00142939	0.00347459	0.00857681	 0.0200345	 0.0413124	 0.0724438	  0.109479	  0.148965	  0.188817	  0.227437	  0.263143	  0.294847	  0.321716	  0.343401	  0.359906	  0.371944	  0.379926	  0.384581	  0.386473	  0.386701	  0.385878	  0.384996	  0.384444	  0.384214	  0.384693	   0.38557	  0.386724	  0.387628	   0.38783	  0.387383	  0.386086	  0.383719	  0.380804	  0.377182	  0.372744	  0.367778	  0.362297	  0.356143	  0.349437	  0.342337	  0.334934	  0.327312	  0.319559	  0.311684	  0.303682	  0.295556	  0.287374	  0.279165	  0.270964	  0.262792	  0.254653	  0.246542	  0.238451	  0.230376	  0.222314	  0.214263	  0.206231	  0.198232	  0.190285	  0.182412	  0.174636	  0.166979	  0.159463	  0.152112	  0.144945	  0.137981	  0.131239	  0.124736	  0.118483
   968	     0	0.000121584	0.000198035	0.000507037	0.00153432	0.00477629	 0.0138902	 0.0335702	 0.0630634	 0.0965724	  0.131117	  0.165782	  0.199758	  0.231925	  0.261341	  0.287197	  0.309015	  0.326584	   0.34029	  0.350363	   0.35733	  0.361575	  0.364061	  0.365356	  0.366326	   0.36732	  0.368311	  0.369665	  0.371166	  0.372706	  0.373849	  0.374199	  0.373787	  0.372439	  0.370037	  0.367136	  0.363601	  0.359314	  0.354552	  0.349327	  0.343468	   0.33704	  0.330168	  0.322939	   0.31543	  0.307747	  0.299918	  0.291946	  0.283834	  0.275638	  0.267384	  0.259105	  0.250831	  0.242582	  0.234367	  0.226188	  0.218049	  0.209953	  0.201909	  0.193929	  0.186032	  0.178243	  0.170587	  0.163089	  0.155773	  0.148659	  0.141765	  0.135107	  0.128697	  0.122545	  0.116657	  0.111036
   969	     0	0.000324871	0.000510643	0.00111314	0.00271393	0.00674604	 0.0160518	 0.0342112	 0.0623795	  0.097451	  0.135974	  0.175763	  0.215158	  0.252362	  0.286133	   0.31547	  0.339872	  0.359203	  0.374033	  0.384709	  0.391905	  0.396129	  0.398425	   0.39941	  0.400021	  0.400665	  0.401342	  0.402457	  0.403732	  0.405127	  0.406166	  0.406393	  0.405864	   0.40441	  0.401879	   0.39882	   0.39506	  0.390431	  0.385228	  0.379478	  0.373027	  0.365984	  0.358514	  0.350717	  0.342682	  0.334522	  0.326252	  0.317862	  0.309355	  0.300793	  0.292207	  0.283629	  0.275084	  0.266578	  0.258105	  0.249658	  0.241232	  0.232822	  0.224428	  0.216056	  0.207722	  0.199446	  0.191252	  0.183165	  0.175208	  0.167406	   0.15978	  0.152352	   0.14514	  0.138164	  0.131437	  0.124973
   970	     0	0.000379872	0.000580447	0.00121698	0.00285738	0.00684838	 0.0157214	 0.0324609	 0.0579115	 0.0894947	  0.124415	  0.160842	  0.197322	  0.232235	  0.264374	  0.292725	  0.316713	  0.336094	  0.351278	   0.36254	  0.370466	  0.375479	   0.37857	  0.380379	  0.381761	  0.383097	   0.38439	   0.38605	  0.387803	  0.389544	  0.390815	  0.391209	  0.390798	  0.389403	  0.386871	  0.383779	  0.379971	  0.375341	  0.370189	  0.364541	  0.358239	  0.351368	  0.344073	  0.336444	  0.328564	  0.320536	  0.312381	  0.304095	  0.295678	  0.287191	  0.278661	  0.270119	  0.261595	    0.2531	  0.244637	  0.236203	  0.227797	  0.219421	   0.21108	  0.202785	  0.194553	  0.186408	  0.178376	  0.170482	  0.162751	  0.155207	  0.147869	  0.140757	  0.133886	  0.127272	  0.120924	   0.11485
   971	     0	0.000481338	0.000731264	0.00149756	0.00340156	0.00784564	 0.0172757	 0.0342827	 0.0593926	 0.0902951	  0.124611	  0.160689	  0.197121	  0.232284	  0.264947	  0.294049	  0.318948	  0.339335	  0.355535	   0.36778	   0.37662	  0.382459	  0.386259	  0.388683	  0.390544	  0.392234	  0.393754	  0.395503	  0.397258	  0.398974	  0.400212	  0.400544	  0.400009	  0.398453	  0.395789	  0.392593	  0.388711	  0.383986	  0.378714	   0.37293	  0.366489	  0.359456	  0.351965	  0.344107	  0.335966	  0.327662	  0.319224	  0.310651	  0.301942	  0.293155	  0.284315	  0.275457	  0.266609	  0.257789	  0.249005	  0.240256	  0.231544	  0.222871	  0.214245	  0.205676	  0.197183	   0.18879	  0.180525	  0.172413	   0.16448	  0.156749	  0.149241	  0.141974	  0.134962	  0.128218	  0.121752	  0.115569
   972	     0	0.000318071	0.000489359	0.00103731	0.00246644	0.00601364	 0.0141808	 0.0304235	 0.0565313	 0.0900652	  0.127416	  0.166076	  0.204264	  0.240182	   0.27259	   0.30051	  0.323469	   0.34138	  0.354873	  0.364331	  0.370452	  0.373768	  0.375358	  0.375829	  0.376136	  0.376655	  0.377374	  0.378674	  0.380261	  0.382033	  0.383512	  0.384261	  0.384342	  0.383564	  0.381724	   0.37934	  0.376257	  0.372312	   0.36775	   0.36258	  0.356661	  0.350128	  0.343152	  0.335837	  0.328275	  0.320572	  0.312738	  0.304772	  0.296678	  0.288524	  0.280342	  0.272165	  0.264015	  0.255896	  0.247802	  0.239726	  0.231666	  0.223616	  0.215575	   0.20755	  0.199554	  0.191608	   0.18373	  0.175945	  0.168275	  0.160743	   0.15337	  0.146178	  0.139186	  0.132414	  0.125877	   0.11959
   973	     0	0.000411249	0.000630217	0.00131702	0.00306874	0.00729189	 0.0166275	 0.0342515	 0.0612259	 0.0949129	   0.13217	  0.170811	   0.20912	  0.245288	  0.278072	  0.306479	  0.330016	  0.348558	   0.36267	  0.372714	  0.379363	  0.383124	  0.385051	   0.38579	  0.386256	  0.386844	  0.387553	  0.388786	  0.390252	  0.391855	  0.393109	  0.393572	  0.393307	  0.392127	  0.389851	  0.387022	  0.383482	  0.379095	   0.37414	  0.368633	  0.362424	  0.355625	  0.348399	  0.340842	  0.333042	  0.325103	  0.317039	  0.308845	  0.300523	  0.292138	  0.283721	  0.275303	   0.26691	  0.258549	  0.250216	  0.241904	   0.23361	  0.225332	   0.21707	  0.208832	  0.200633	  0.192497	  0.184445	  0.176503	  0.168695	  0.161043	  0.153571	  0.146298	  0.139244	  0.132427	  0.125859	  0.119555
   974	     0	0.000391279	0.000579856	0.00109881	0.00226816	0.00480134	 0.0100567	 0.0201534	 0.0374127	 0.0624896	 0.0939508	  0.129412	  0.166551	  0.203047	  0.237201	  0.267623	  0.293515	  0.314546	  0.331177	  0.343717	  0.352813	  0.358936	  0.363124	  0.365992	  0.368451	  0.370881	  0.373293	  0.376106	  0.378994	  0.381838	  0.384215	  0.385744	  0.386541	  0.386405	   0.38511	  0.383207	  0.380539	  0.376931	  0.372619	  0.367623	  0.361817	  0.355346	  0.348394	  0.341075	  0.333489	  0.325747	  0.317865	  0.309841	  0.301684	  0.293463	  0.285211	  0.276962	  0.268739	  0.260543	  0.252368	  0.244206	  0.236052	    0.2279	  0.219748	  0.211604	  0.203483	  0.195406	  0.187395	  0.179475	  0.171667	  0.163998	  0.156488	   0.14916	  0.142034	  0.135129	  0.128464	  0.122052
   975	     0	0.000388367	0.000581944	  0.001146	0.00248817	0.00554437	  0.012127	 0.0249208	 0.0462266	 0.0755434	  0.110263	  0.147672	  0.185607	  0.222019	  0.255436	  0.284689	  0.309155	  0.328637	  0.343676	   0.35463	  0.362177	  0.366817	  0.369608	  0.371165	  0.372413	  0.373725	  0.375096	   0.37692	  0.378901	   0.38093	  0.382551	  0.383368	  0.383464	  0.382653	  0.380735	   0.37825	  0.375044	  0.370976	  0.366315	   0.36108	  0.355125	  0.348568	  0.341576	  0.334245	  0.326663	  0.318932	  0.311065	  0.303061	  0.294925	  0.286722	  0.278485	  0.270246	   0.26203	  0.253842	  0.245676	  0.237526	   0.22939	  0.221264	  0.213147	  0.205047	   0.19698	  0.188968	  0.181032	  0.173197	  0.165486	  0.157923	   0.15053	  0.143327	  0.136334	  0.129569	  0.123047	  0.116781
   976	     0	0.00015133	0.000240145	0.000545999	 0.0014141	0.00378919	0.00992798	  0.023827	 0.0488257	 0.0829128	  0.121441	   0.16134	  0.200789	  0.238035	  0.271799	  0.301071	  0.325351	  0.344527	  0.359198	  0.369747	  0.376871	  0.381083	  0.383448	  0.384592	  0.385455	  0.386423	   0.38749	  0.389057	  0.390822	  0.392684	  0.394167	  0.394842	  0.394781	  0.393795	  0.391697	   0.38904	  0.385664	  0.381423	  0.376593	  0.371193	  0.365074	  0.358356	  0.351206	  0.343725	     0.336	  0.328141	  0.320159	   0.31205	  0.303815	  0.295519	  0.287193	   0.27887	  0.270575	  0.262312	  0.254077	  0.245861	  0.237663	  0.229477	  0.221303	  0.213148	  0.205026	   0.19696	   0.18897	  0.181081	  0.173317	  0.165701	  0.158255	  0.150999	  0.143953	  0.137135	  0.130561	  0.124242
   977	     0	0.00015133	0.000240145	0.000545999	 0.0014141	0.00378919	0.00992798	  0.023827	 0.0488257	 0.0829128	  0.121441	   0.16134	  0.200789	  0.238035	  0.271799	  0.301071	  0.325351	  0.344527	  0.359198	  0.369747	  0.376871	  0.381083	  0.383448	  0.384592	  0.385455	  0.386423	   0.38749	  0.389057	  0.390822	  0.392684	  0.394167	  0.394842	  0.394781	  0.393795	  0.391697	   0.38904	  0.385664	  0.381423	  0.376593	  0.371193	  0.365074	  0.358356	  0.351206	  0.343725	     0.336	  0.328141	  0.320159	   0.31205	  0.303815	  0.295519	  0.287193	   0.27887	  0.270575	  0.262312	  0.254077	  0.245861	  0.237663	  0.229477	  0.221303	  0.213148	  0.205026	   0.19696	   0.18897	  0.181081	  0.173317	  0.165701	  0.158255	  0.150999	  0.143953	  0.137135	  0.130561	  0.124242
   978	     0	0.000249657	0.000389458	0.000845187	0.00206134	0.00516233	  0.012536	 0.0277379	 0.0529715	 0.0860627	  0.123374	  0.162368	  0.201231	  0.238073	  0.271598	  0.300766	  0.325052	  0.344317	  0.359138	  0.369869	  0.377184	  0.381583	  0.384114	  0.385398	  0.386365	  0.387413	  0.388551	  0.390199	  0.392038	  0.393962	  0.395494	  0.396214	  0.396213	   0.39529	  0.393226	  0.390574	  0.387171	  0.382886	  0.377999	  0.372528	  0.366326	  0.359524	  0.352295	  0.344743	   0.33696	  0.329047	  0.321016	   0.31286	  0.304585	  0.296256	  0.287905	  0.279566	  0.271261	  0.262995	  0.254758	  0.246543	  0.238346	   0.23016	  0.221983	  0.213822	  0.205693	  0.197616	  0.189613	  0.181708	  0.173924	  0.166285	  0.158812	  0.151528	  0.144451	    0.1376	  0.130991	  0.124638
   979	     0	0.000467091	0.000722948	0.00158454	0.00391995	0.00975839	 0.0224358	 0.0442828	 0.0737443	  0.107189	  0.142472	  0.178342	  0.213621	  0.246883	  0.277111	  0.303445	  0.325413	  0.342844	  0.356183	  0.365712	  0.372019	  0.375545	  0.377294	   0.37792	  0.378273	  0.378728	  0.379263	  0.380256	  0.381462	  0.382771	  0.383702	  0.383834	    0.3832	  0.381621	  0.378953	  0.375744	  0.371849	  0.367181	  0.362033	  0.356421	  0.350186	  0.343402	  0.336204	  0.328677	  0.320901	  0.312973	  0.304911	  0.296715	  0.288384	  0.279975	  0.271515	  0.263037	  0.254569	  0.246128	  0.237717	  0.229336	  0.220989	  0.212681	  0.204418	  0.196212	  0.188081	  0.180049	  0.172141	  0.164382	  0.156795	  0.149403	  0.142225	  0.135279	  0.128581	  0.122142	  0.115971	  0.110076
   980	     0	0.00015133	0.000240145	0.000545999	 0.0014141	0.00378919	0.00992798	  0.023827	 0.0488257	 0.0829128	  0.121441	   0.16134	  0.200789	  0.238035	  0.271799	  0.301071	  0.325351	  0.344527	  0.359198	  0.369747	  0.376871	  0.381083	  0.383448	  0.384592	  0.385455	  0.386423	   0.38749	  0.389057	  0.390822	  0.392684	  0.394167	  0.394842	  0.394781	  0.393795	  0.391697	   0.38904	  0.385664	  0.381423	  0.376593	  0.371193	  0.365074	  0.358356	  0.351206	  0.343725	     0.336	  0.328141	  0.320159	   0.31205	  0.303815	  0.295519	  0.287193	   0.27887	  0.270575	  0.262312	  0.254077	  0.245861	  0.237663	  0.229477	  0.221303	  0.213148	  0.205026	   0.19696	   0.18897	  0.181081	  0.173317	  0.165701	  0.158255	  0.150999	  0.143953	  0.137135	  0.130561	  0.124242
   981	     0	0.00015133	0.000240145	0.000545999	 0.0014141	0.00378919	0.00992798	  0.023827	 0.0488257	 0.0829128	  0.121441	   0.16134	  0.200789	  0.238035	  0.271799	  0.301071	  0.325351	  0.344527	  0.359198	  0.369747	  0.376871	  0.381083	  0.383448	  0.384592	  0.385455	  0.386423	   0.38749	  0.389057	  0.390822	  0.392684	  0.394167	  0.394842	  0.394781	  0.393795	  0.391697	   0.38904	  0.385664	  0.381423	  0.376593	  0.371193	  0.365074	  0.358356	  0.351206	  0.343725	     0.336	  0.328141	  0.320159	   0.31205	  0.303815	  0.295519	  0.287193	   0.27887	  0.270575	  0.262312	  0.254077	  0.245861	  0.237663	  0.229477	  0.221303	  0.213148	  0.205026	   0.19696	   0.18897	  0.181081	  0.173317	  0.165701	  0.158255	  0.150999	  0.143953	  0.137135	  0.130561	  0.124242
   982	     0	0.000325038	0.000483808	0.000940014	0.00201049	0.00442788	0.00966006	 0.0201193	 0.0385266	    0.0656	 0.0994571	  0.137194	  0.176175	  0.213927	  0.248718	   0.27922	  0.304747	  0.325099	  0.340852	  0.352401	  0.360458	  0.365553	  0.368768	   0.37074	  0.372394	  0.374111	  0.375879	  0.378088	  0.380446	  0.382846	  0.384852	  0.386076	  0.386601	  0.386227	  0.384734	  0.382645	  0.379814	   0.37608	  0.371672	  0.366599	  0.360731	  0.354211	   0.34722	  0.339869	  0.332258	  0.324493	  0.316588	  0.308544	  0.300368	  0.292129	  0.283861	  0.275597	   0.26736	  0.259154	   0.25097	  0.242802	  0.234646	  0.226498	  0.218355	  0.210224	  0.202119	   0.19406	  0.186068	  0.178166	  0.170377	  0.162724	   0.15523	  0.147916	  0.140803	   0.13391	  0.127254	   0.12085
   983	     0	0.000326195	0.000496411	0.00103604	0.00242823	0.00585186	 0.0137064	 0.0294339	 0.0550995	 0.0884782	  0.125698	  0.163945	  0.201351	  0.236187	  0.267265	  0.293672	  0.315002	  0.331233	  0.343076	  0.350959	  0.355621	  0.357628	    0.3581	  0.357645	  0.357245	  0.357253	  0.357641	  0.358779	  0.360336	  0.362149	  0.363718	  0.364617	  0.364917	  0.364406	  0.362836	   0.36071	  0.357885	  0.354229	  0.349978	  0.345144	  0.339592	  0.333461	  0.326913	  0.320043	  0.312935	  0.305678	  0.298278	  0.290735	  0.283059	  0.275318	  0.267545	  0.259772	  0.252021	  0.244293	  0.236581	  0.228882	  0.221194	  0.213513	   0.20584	  0.198178	   0.19054	  0.182942	  0.175404	  0.167944	  0.160585	  0.153346	   0.14625	  0.139317	  0.132567	  0.126019	   0.11969	  0.113596
   984	     0	0.000354125	0.000548195	0.00117663	0.00283701	0.00699946	 0.0166001	 0.0354539	  0.064971	  0.101819	  0.141924	  0.182644	  0.222156	  0.258698	  0.291114	  0.318548	  0.340655	   0.35746	  0.369707	  0.377839	  0.382612	  0.384608	  0.384946	  0.384237	  0.383493	  0.383101	  0.383048	  0.383717	  0.384796	  0.386172	  0.387323	  0.387781	   0.38759	  0.386553	  0.384469	  0.381862	  0.378569	  0.374432	  0.369712	  0.364421	  0.358412	  0.351812	  0.344787	  0.337435	  0.329843	  0.322115	  0.314262	  0.306279	   0.29817	  0.290003	  0.281807	  0.273616	  0.265453	  0.257322	  0.249215	  0.241126	  0.233053	  0.224989	  0.216935	  0.208895	  0.200883	  0.192918	  0.185021	  0.177214	   0.16952	  0.161961	   0.15456	  0.147337	  0.140312	  0.133504	   0.12693	  0.120603
   985	     0	0.000274759	0.000415225	0.000838026	0.00187835	0.00433781	0.00987061	 0.0211608	  0.040854	 0.0688446	  0.102541	  0.139157	  0.176545	  0.212679	  0.246083	  0.275556	  0.300433	  0.320464	  0.336153	  0.347817	  0.356105	  0.361487	  0.364996	  0.367224	  0.369087	  0.370955	  0.372824	  0.375091	  0.377456	  0.379805	  0.381708	  0.382788	  0.383143	  0.382582	   0.38089	  0.378611	  0.375592	  0.371685	  0.367148	  0.361999	  0.356093	   0.34956	  0.342574	  0.335243	   0.32766	  0.319931	   0.31207	  0.304074	  0.295951	  0.287767	  0.279554	  0.271344	  0.263162	  0.255011	  0.246885	  0.238778	  0.230686	  0.222605	  0.214534	  0.206481	  0.198461	  0.190495	  0.182606	  0.174815	  0.167148	  0.159627	  0.152274	   0.14511	  0.138154	  0.131425	  0.124937	  0.118706
   986	     0	0.000459067	0.000688704	0.00139173	0.00313271	0.00719839	 0.0159037	 0.0319183	 0.0561159	 0.0863275	  0.119948	  0.155132	  0.190421	  0.224257	  0.255445	  0.282979	  0.306272	  0.325073	  0.339794	  0.350692	  0.358346	  0.363177	  0.366173	   0.36791	  0.369282	  0.370651	  0.371998	  0.373703	  0.375517	  0.377339	  0.378733	  0.379291	  0.379071	  0.377902	   0.37565	  0.372869	  0.369408	   0.36512	  0.360284	  0.354921	  0.348872	  0.342222	  0.335118	  0.327657	  0.319925	  0.312036	  0.304013	  0.295857	  0.287568	  0.279207	  0.270799	  0.262378	   0.25397	  0.245591	  0.237243	  0.228924	  0.220637	  0.212383	   0.20417	  0.196008	  0.187914	  0.179911	  0.172026	  0.164283	  0.156706	  0.149317	  0.142137	  0.135184	  0.128473	  0.122017	  0.115825	  0.109906
   987	     0	0.000344591	0.000554991	0.00136264	0.00386485	 0.0108909	 0.0270412	 0.0539233	 0.0872837	  0.122874	  0.159241	  0.195521	  0.230703	  0.263505	  0.293033	  0.318543	  0.339649	  0.356223	  0.368738	  0.377471	  0.383006	  0.385786	  0.386813	  0.386717	  0.386384	  0.386198	  0.386155	  0.386645	  0.387427	  0.388412	  0.389105	  0.389035	  0.388225	  0.386498	  0.383734	  0.380487	  0.376605	   0.37196	  0.366837	  0.361247	   0.35503	  0.348257	  0.341062	  0.333528	  0.325736	  0.317792	  0.309717	  0.301512	  0.293175	  0.284764	  0.276306	  0.267832	  0.259372	  0.250942	  0.242547	  0.234186	   0.22586	  0.217573	  0.209329	  0.201141	  0.193025	  0.185005	  0.177108	  0.169356	  0.161776	  0.154387	  0.147211	  0.140265	  0.133562	  0.127115	  0.120934	  0.115024
   988	     0	0.000254526	0.000382678	0.000752042	0.00162491	0.00361672	0.00799799	 0.0169764	 0.0333121	 0.0581744	 0.0900784	  0.126247	  0.164109	  0.201257	  0.235949	  0.266783	  0.292966	  0.314187	   0.33093	  0.343531	   0.35266	  0.358806	  0.363023	  0.365966	  0.368522	   0.37107	  0.373619	  0.376586	  0.379642	  0.382678	  0.385269	  0.387026	   0.38806	  0.388169	  0.387128	  0.385481	  0.383076	  0.379718	  0.375616	  0.370787	  0.365122	  0.358778	  0.351944	  0.344734	   0.33725	  0.329605	  0.321812	  0.313871	  0.305791	  0.297642	  0.289459	  0.281278	  0.273119	  0.264985	  0.256866	  0.248757	  0.240652	  0.232543	  0.224427	  0.216312	   0.20821	  0.200143	   0.19213	  0.184194	  0.176359	  0.168647	  0.161082	  0.153684	  0.146477	  0.139479	   0.13271	  0.126185
   989	     0	0.000394868	0.000612885	0.00132128	 0.0031937	0.00784484	 0.0182651	 0.0376332	 0.0660768	  0.100075	  0.136537	  0.173647	  0.210023	  0.244131	  0.274891	  0.301411	  0.323239	  0.340264	  0.353078	   0.36201	  0.367719	  0.370698	  0.371993	  0.372168	    0.3722	  0.372462	   0.37294	  0.374021	  0.375398	  0.376932	  0.378131	  0.378572	  0.378321	  0.377183	  0.374956	  0.372175	   0.36868	  0.364362	  0.359519	  0.354169	  0.348147	  0.341559	  0.334559	  0.327241	  0.319689	  0.311998	  0.304182	  0.296235	  0.288162	  0.280024	  0.271852	  0.263676	  0.255522	  0.247398	  0.239299	  0.231223	  0.223166	  0.215129	  0.207114	   0.19913	  0.191193	  0.183327	  0.175555	    0.1679	  0.160387	  0.153038	  0.145874	  0.138914	  0.132177	  0.125676	  0.119426	  0.113436
   990	     0	 0.0002551	0.000397516	0.000839688	0.00197066	0.00475309	 0.0112478	 0.0248451	 0.0486439	   0.08183	  0.120599	  0.161466	  0.202036	  0.240198	  0.274527	  0.303943	  0.327957	  0.346526	  0.360388	  0.369996	  0.376129	  0.379381	  0.380881	  0.381252	  0.381492	  0.381992	  0.382744	  0.384143	  0.385856	  0.387779	  0.389415	  0.390323	  0.390578	  0.389977	  0.388288	   0.38604	  0.383069	  0.379196	  0.374673	  0.369518	  0.363611	  0.357098	  0.350153	  0.342878	  0.335362	  0.327708	   0.31992	  0.311996	  0.303943	  0.295832	  0.287697	  0.279572	  0.271478	  0.263414	   0.25537	  0.247339	  0.239316	  0.231294	  0.223269	  0.215245	  0.207235	  0.199254	  0.191322	  0.183459	  0.175687	  0.168028	  0.160503	  0.153135	  0.145944	  0.138952	  0.132176	  0.125636
   991	     0	0.00022299	0.000340369	0.000696467	0.00158338	0.00371627	0.00864113	 0.0190982	 0.0382962	 0.0669099	  0.102322	  0.141118	  0.180649	  0.218613	  0.253395	  0.283752	   0.30905	  0.329122	  0.344575	  0.355818	  0.363576	  0.368387	  0.371338	  0.373067	  0.374516	  0.376065	  0.377713	  0.379863	  0.382196	  0.384598	  0.386611	  0.387831	  0.388352	  0.387971	  0.386465	  0.384374	  0.381544	  0.377806	  0.373402	  0.368346	  0.362513	  0.356044	  0.349119	  0.341844	  0.334312	  0.326631	  0.318812	  0.310852	  0.302759	  0.294603	  0.286417	  0.278235	   0.27008	  0.261953	  0.253847	  0.245753	  0.237669	  0.229585	  0.221502	  0.213423	  0.205364	  0.197343	  0.189382	  0.181502	  0.173727	  0.166079	  0.158581	  0.151255	   0.14412	  0.137198	  0.130505	  0.124057
   992	     0	0.000200606	0.000315937	0.000675375	0.00160294	0.00391835	0.00946399	 0.0216006	 0.0441834	 0.0775532	  0.117827	  0.160622	  0.202935	  0.242413	  0.277549	  0.307271	  0.331159	  0.349271	  0.362502	  0.371369	   0.37673	  0.379242	  0.380082	  0.379824	  0.379564	  0.379698	  0.380227	  0.381551	    0.3833	  0.385362	  0.387229	  0.388437	  0.389069	  0.388893	  0.387645	  0.385852	  0.383345	  0.379889	  0.375712	  0.370838	   0.36516	  0.358845	  0.352074	  0.344958	  0.337591	  0.330078	  0.322425	  0.314634	  0.306716	  0.298748	  0.290765	  0.282802	  0.274875	   0.26698	  0.259106	  0.251244	  0.243388	  0.235526	  0.227652	  0.219771	  0.211893	  0.204031	  0.196203	  0.188425	  0.180717	  0.173099	   0.16559	  0.158213	  0.150988	  0.143937	  0.137082	   0.13044
   993	     0	0.000341282	0.000511156	0.00100863	0.00219712	0.00492099	 0.0108578	  0.022631	 0.0427906	 0.0713188	   0.10583	  0.143531	  0.182095	  0.219294	  0.253544	  0.283597	  0.308794	  0.328925	  0.344519	  0.355948	  0.363898	  0.368881	  0.371964	  0.373828	  0.375357	  0.376935	  0.378564	   0.38064	  0.382881	  0.385186	  0.387101	  0.388226	  0.388627	  0.388113	  0.386493	  0.384295	   0.38137	  0.377565	   0.37311	  0.368014	   0.36215	  0.355642	  0.348664	   0.34132	  0.333703	  0.325923	  0.317996	  0.309922	  0.301707	  0.293417	  0.285086	  0.276748	  0.268426	  0.260129	   0.25185	  0.243584	  0.235325	  0.227071	   0.21882	  0.210581	   0.20237	  0.194211	  0.186126	  0.178141	  0.170281	  0.162568	  0.155026	  0.147677	  0.140541	  0.133634	  0.126975	  0.120575
   994	     0	0.00015133	0.000240145	0.000545999	 0.0014141	0.00378919	0.00992798	  0.023827	 0.0488257	 0.0829128	  0.121441	   0.16134	  0.200789	  0.238035	  0.271799	  0.301071	  0.325351	  0.344527	  0.359198	  0.369747	  0.376871	  0.381083	  0.383448	  0.384592	  0.385455	  0.386423	   0.38749	  0.389057	  0.390822	  0.392684	  0.394167	  0.394842	  0.394781	  0.393795	  0.391697	   0.38904	  0.385664	  0.381423	  0.376593	  0.371193	  0.365074	  0.358356	  0.351206	  0.343725	     0.336	  0.328141	  0.320159	   0.31205	  0.303815	  0.295519	  0.287193	   0.27887	  0.270575	  0.262312	  0.254077	  0.245861	  0.237663	  0.229477	  0.221303	  0.213148	  0.205026	   0.19696	   0.18897	  0.181081	  0.173317	  0.165701	  0.158255	  0.150999	  0.143953	  0.137135	  0.130561	  0.124242
   995	     0	0.000356237	0.000547524	0.00116741	0.00280263	0.00689371	 0.0163134	 0.0347923	 0.0636802	 0.0996156	  0.138496	   0.17771	  0.215531	  0.250314	  0.280968	  0.306678	  0.327128	  0.342369	  0.353196	  0.360055	  0.363711	  0.364754	  0.364319	  0.362971	  0.361758	  0.361044	  0.360803	  0.361407	  0.362514	  0.363945	  0.365173	  0.365764	  0.365785	  0.365012	  0.363179	   0.36079	  0.357695	  0.353785	  0.349331	  0.344343	  0.338669	  0.332439	  0.325811	  0.318877	  0.311719	  0.304417	  0.296979	  0.289405	  0.281704	  0.273943	  0.266155	  0.258372	  0.250615	  0.242886	  0.235178	  0.227486	  0.219807	  0.212139	  0.204479	  0.196833	  0.189216	  0.181645	  0.174138	  0.166716	    0.1594	  0.152212	  0.145172	    0.1383	  0.131616	  0.125138	  0.118882	  0.112862
   996	     0	0.000169538	0.00026567	0.000573584	0.00138613	0.00345778	 0.0085101	 0.0196775	 0.0403917	 0.0706061	  0.106818	  0.145614	  0.184734	  0.222153	  0.256446	  0.286454	  0.311568	  0.331603	  0.347137	  0.358534	  0.366483	  0.371499	  0.374648	  0.376565	   0.37817	  0.379854	  0.381623	  0.383896	  0.386344	  0.388879	  0.391045	  0.392421	  0.393102	  0.392889	  0.391561	  0.389659	  0.387018	  0.383442	  0.379155	  0.374174	  0.368387	  0.361948	  0.355042	  0.347778	  0.340253	  0.332581	   0.32477	  0.316818	  0.308733	  0.300587	  0.292413	  0.284247	  0.276109	  0.268001	  0.259913	  0.251836	  0.243764	  0.235688	  0.227603	  0.219516	  0.211441	  0.203397	  0.195404	  0.187484	  0.179661	  0.171956	  0.164393	  0.156993	  0.149776	  0.142765	  0.135976	  0.129427
   997	     0	0.000419924	0.000651473	0.00142036	0.00348749	0.00868125	 0.0203117	 0.0415601	 0.0719818	  0.107707	  0.145754	  0.184345	  0.221996	  0.257054	  0.288446	   0.31532	  0.337282	  0.354276	  0.366927	  0.375599	  0.380975	  0.383576	  0.384472	  0.384281	  0.383941	   0.38384	  0.383959	  0.384677	  0.385716	  0.386985	  0.387988	  0.388278	  0.387898	  0.386662	  0.384377	  0.381558	  0.378049	   0.37372	  0.368834	  0.363398	  0.357259	  0.350537	  0.343395	  0.335933	  0.328238	  0.320409	  0.312459	  0.304381	  0.296181	  0.287922	  0.279636	  0.271356	  0.263104	  0.254887	    0.2467	  0.238535	  0.230391	  0.222265	  0.214156	  0.206071	  0.198025	  0.190038	  0.182131	  0.174328	  0.166651	  0.159123	  0.151766	  0.144601	  0.137646	  0.130919	  0.124437	   0.11821
   998	     0	0.000423866	0.000659556	0.00142939	0.00347459	0.00857681	 0.0200345	 0.0413124	 0.0724438	  0.109479	  0.148965	  0.188817	  0.227437	  0.263143	  0.294847	  0.321716	  0.343401	  0.359906	  0.371944	  0.379926	  0.384581	  0.386473	  0.386701	  0.385878	  0.384996	  0.384444	  0.384214	  0.384693	   0.38557	  0.386724	  0.387628	   0.38783	  0.387383	  0.386086	  0.383719	  0.380804	  0.377182	  0.372744	  0.367778	  0.362297	  0.356143	  0.349437	  0.342337	  0.334934	  0.327312	  0.319559	  0.311684	  0.303682	  0.295556	  0.287374	  0.279165	  0.270964	  0.262792	  0.254653	  0.246542	  0.238451	  0.230376	  0.222314	  0.214263	  0.206231	  0.198232	  0.190285	  0.182412	  0.174636	  0.166979	  0.159463	  0.152112	  0.144945	  0.137981	  0.131239	  0.124736	  0.118483
   999	     0	0.000315535	0.000486004	0.00103011	0.00244809	 0.0059688	  0.014094	 0.0303365	  0.056609	 0.0904745	  0.128151	  0.166991	  0.205173	  0.240923	  0.273014	  0.300491	  0.322909	  0.340215	  0.353089	  0.361933	   0.36747	  0.370247	  0.371361	  0.371405	  0.371371	  0.371631	  0.372173	   0.37338	  0.374935	  0.376699	  0.378177	  0.378938	  0.379046	  0.378299	  0.376475	  0.374097	  0.371008	  0.367069	  0.362537	  0.357425	  0.351587	  0.345151	  0.338283	  0.331083	   0.32364	  0.316051	   0.30833	  0.300472	  0.292484	  0.284434	  0.276351	   0.26827	  0.260213	  0.252183	  0.244176	  0.236184	  0.228206	  0.220236	  0.212275	  0.204329	  0.196414	  0.188549	  0.180756	  0.173057	  0.165475	  0.158033	  0.150753	  0.143655	   0.13676	  0.130084	  0.123644	  0.117453
