;;1985;1986;1987;1988;1989;1990;1991;1992;1993;1994;1995;1996;1997;1998;1999;2000;2001;2002;2003;2004;2005;2006;2007;2008;2009;2010;2011;2012;2013;2014;2015;2016;2017;2018;2019;2020;2021;2022;2023;2024;2025;2026;2027;2028;2029;2030;2031;2032;2033;2034;2035;2036;2037;2038;2039;2040;2041;2042;2043;2044;2045;2046;2047;2048;2049;2050;2051;2052;2053;2054;2055;;;;;;;;;;;;;;;
;;;;;;;;;;;;;;;;;;;;;;;;;;;;;;;;;;;;;;;;;;;;;;;;;;;;;;;;;;;;;;;;;;;;;;;;;;;;;;;;;;;;;;;
Additional calibration statistics;;;;;;;;;;;;;;;;;;;;;;;;;;;;;;;;;;;;;;;;;;;;;;;;;;;;;;;;;;;;;;;;;;;;;;;;;;;;;;;;;;;;;;;
;;;;;;;;;;;;;;;;;;;;;;;;;;;;;;;;;;;;;;;;;;;;;;;;;;;;;;;;;;;;;;;;;;;;;;;;;;;;;;;;;;;;;;;
Adjusted ANC prevalence, 15-19;Mean;         ;         ;         ;         ;         ;         ;0.0182827;0.0335046;0.0549987;0.0812331;0.109315;0.13672;0.167474;0.183791;0.194263;0.199355;0.199314;0.194995;0.187793;0.179113;0.169711;0.160434;0.152301;0.145253;0.13772;0.130732;0.125671;0.121638;0.119232;0.117865;0.116972;0.107523;0.107197;0.105925;0.103813;0.101573;0.0979422;0.0941174;0.0902548;0.0865785;0.0823419;0.0774558;0.0718784;0.0655967;0.0590525;0.0531976;0.0483151;0.0438172;0.0394719;0.0353938;0.0321149;0.0291888;0.0267368;0.0245178;0.0224818;0.0206446;0.0190117;0.0175738;0.0163318;0.0152381;0.014269;0.0134089;0.0126376;0.0119368;0.0112893;0.0106852;0.0101183;0.00958404;0.00907882;0.00860035;0.00814726;         ;         ;         ;         ;         ;         ;         ;         ;         ;         ;         ;         ;         ;         ;         
;95% LL;         ;         ;         ;         ;         ;         ;0.0142392;0.0266063;0.0454284;0.0693411;0.0961464;0.122811;0.153324;0.169524;0.180364;0.185774;0.186424;0.182638;0.17598;0.16801;0.15928;0.150711;0.143212;0.136616;0.129725;0.123161;0.11836;0.11452;0.112184;0.111088;0.110207;0.100694;0.100486;0.0992324;0.0972863;0.0952177;0.0915862;0.0876713;0.0839722;0.0805918;0.0766673;0.0721255;0.0667832;0.0607978;0.0546825;0.0492199;0.0446557;0.0404108;0.0363588;0.0325067;0.0294304;0.0267796;0.0244442;0.0223425;0.0204974;0.0188287;0.0173411;0.0160266;0.014888;0.0138828;0.0129903;0.0121971;0.0114862;0.0108406;0.0102445;0.00968872;0.00916768;0.00867026;0.00819643;0.00774916;0.00732706;         ;         ;         ;         ;         ;         ;         ;         ;         ;         ;         ;         ;         ;         ;         
;95% UL;         ;         ;         ;         ;         ;         ;0.0233384;0.0415939;0.0661856;0.0941496;0.123624;0.151829;0.182386;0.199352;0.210128;0.214626;0.213777;0.209052;0.200635;0.190742;0.180206;0.170533;0.161851;0.154367;0.146313;0.138897;0.133629;0.129744;0.127437;0.125786;0.125046;0.115539;0.115384;0.114228;0.112079;0.109768;0.106192;0.102376;0.0981917;0.0943718;0.0899915;0.0848331;0.0788547;0.0720364;0.0648647;0.0583984;0.0531034;0.0482978;0.0436254;0.0392299;0.0355556;0.032296;0.0296767;0.0272989;0.0250865;0.023026;0.0211922;0.0195775;0.018181;0.0169626;0.0158923;0.0149644;0.0141298;0.0133458;0.012658;0.0120178;0.0114175;0.0108515;0.0103105;0.00979131;0.00929766;         ;         ;         ;         ;         ;         ;         ;         ;         ;         ;         ;         ;         ;         ;         
Adjusted ANC prevalence, 20-24;Mean;         ;         ;         ;         ;         ;         ;0.0251015;0.0448107;0.0710515;0.102602;0.138072;0.175832;0.221296;0.25623;0.286871;0.311646;0.329418;0.339654;0.342742;0.340451;0.333752;0.323674;0.312278;0.300274;0.286309;0.272335;0.262077;0.252426;0.242366;0.232504;0.223676;0.207463;0.200338;0.193673;0.187069;0.181191;0.175646;0.17044;0.165149;0.159581;0.153722;0.147774;0.14175;0.135812;0.129881;0.123164;0.11549;0.107198;0.0985187;0.0897983;0.0815334;0.0741772;0.0673247;0.0609676;0.0551604;0.050251;0.0458852;0.0420886;0.0386439;0.0355278;0.0327449;0.03028;0.0281105;0.026219;0.024547;0.0230594;0.0217295;0.0205271;0.0194264;0.018407;0.0174558;         ;         ;         ;         ;         ;         ;         ;         ;         ;         ;         ;         ;         ;         ;         
;95% LL;         ;         ;         ;         ;         ;         ;0.0197653;0.0361144;0.0588584;0.0884673;0.122437;0.159632;0.204947;0.240747;0.272276;0.29849;0.316644;0.327079;0.330483;0.32823;0.321483;0.31165;0.300476;0.287977;0.274055;0.260309;0.250002;0.240346;0.230591;0.221414;0.212889;0.1967;0.189685;0.183269;0.176773;0.170945;0.165402;0.160141;0.155042;0.149479;0.143754;0.137992;0.131977;0.126256;0.120607;0.114426;0.10699;0.0990886;0.0909212;0.0827845;0.0751133;0.0682027;0.0618114;0.0558113;0.0503454;0.0457417;0.041661;0.038133;0.0349521;0.0320955;0.0295653;0.0273387;0.025386;0.0236877;0.0221874;0.0208355;0.0196177;0.0185137;0.0174874;0.0165279;0.0156315;         ;         ;         ;         ;         ;         ;         ;         ;         ;         ;         ;         ;         ;         ;         
;95% UL;         ;         ;         ;         ;         ;         ;0.0322411;0.0564617;0.0860254;0.119645;0.156154;0.194015;0.238515;0.271954;0.300595;0.326366;0.343305;0.353316;0.357131;0.35561;0.348826;0.338434;0.327274;0.315346;0.301181;0.287248;0.276647;0.267018;0.256964;0.24661;0.237193;0.220579;0.21309;0.206671;0.200197;0.194329;0.18863;0.183255;0.178379;0.172819;0.166391;0.160204;0.153836;0.147453;0.141266;0.134135;0.126214;0.117587;0.108355;0.0991035;0.090473;0.0824921;0.0750023;0.0681761;0.061968;0.0566781;0.0518967;0.047716;0.0439117;0.0404634;0.0373804;0.0346502;0.032236;0.0301087;0.0282059;0.026503;0.0249837;0.0236142;0.0223647;0.0212109;0.0201535;         ;         ;         ;         ;         ;         ;         ;         ;         ;         ;         ;         ;         ;         ;         
Adjusted ANC prevalence, 25-29;Mean;         ;         ;         ;         ;         ;         ;0.0205553;0.0367586;0.0580497;0.0831328;0.110867;0.140333;0.178751;0.208433;0.237273;0.264868;0.290596;0.313939;0.334042;0.351573;0.365749;0.376212;0.383149;0.386468;0.385728;0.383102;0.382197;0.379374;0.3729;0.363932;0.354544;0.338076;0.327505;0.315649;0.302963;0.290192;0.277332;0.264455;0.252797;0.241986;0.231844;0.222854;0.214801;0.207026;0.199353;0.191767;0.184331;0.176983;0.169818;0.162639;0.154622;0.145492;0.135611;0.125232;0.11473;0.104626;0.0954946;0.086981;0.0791225;0.0719724;0.0658526;0.0604019;0.0556172;0.0512658;0.0473314;0.0438103;0.0406775;0.0379067;0.0354746;0.0333134;0.0313809;         ;         ;         ;         ;         ;         ;         ;         ;         ;         ;         ;         ;         ;         ;         
;95% LL;         ;         ;         ;         ;         ;         ;0.0158258;0.0283686;0.046723;0.0695173;0.0960945;0.124707;0.164332;0.194232;0.223615;0.251612;0.278318;0.300961;0.32134;0.33958;0.354864;0.364998;0.371948;0.374525;0.373227;0.370293;0.369224;0.366136;0.359167;0.34989;0.340318;0.324031;0.313627;0.301731;0.289275;0.276168;0.263158;0.250175;0.238441;0.227841;0.218017;0.209417;0.201796;0.194053;0.186458;0.179222;0.172028;0.164871;0.157841;0.150824;0.143156;0.134627;0.125219;0.115325;0.105362;0.0958357;0.0872793;0.0793291;0.0720114;0.0653741;0.0597186;0.0546984;0.0503156;0.0463488;0.0427261;0.0395195;0.0366941;0.0342114;0.0320342;0.0300284;0.028229;         ;         ;         ;         ;         ;         ;         ;         ;         ;         ;         ;         ;         ;         ;         
;95% UL;         ;         ;         ;         ;         ;         ;0.0271657;0.0473514;0.0713336;0.097848;0.126166;0.155657;0.193555;0.222632;0.250718;0.278764;0.305055;0.327925;0.347304;0.364773;0.379332;0.39006;0.397228;0.400942;0.401668;0.399154;0.398232;0.395897;0.389612;0.381244;0.371914;0.356081;0.345965;0.334664;0.321835;0.30867;0.295238;0.282171;0.27089;0.259772;0.249335;0.24005;0.231742;0.223939;0.215814;0.208137;0.200596;0.193167;0.185913;0.178606;0.170369;0.160894;0.150534;0.139549;0.128369;0.117284;0.107231;0.0978488;0.0891783;0.0812589;0.0744956;0.0685789;0.0633511;0.0585603;0.0541886;0.0502354;0.0466879;0.0435248;0.0407933;0.0383661;0.0361983;         ;         ;         ;         ;         ;         ;         ;         ;         ;         ;         ;         ;         ;         ;         
Adjusted ANC prevalence, 30-34;Mean;         ;         ;         ;         ;         ;         ;0.0184567;0.0329673;0.0518324;0.0736704;0.0973015;0.12174;0.154873;0.178709;0.201518;0.223112;0.243287;0.261865;0.278882;0.295733;0.312811;0.330755;0.350445;0.371598;0.392793;0.413856;0.43642;0.453831;0.464063;0.467892;0.467962;0.459216;0.453179;0.444351;0.433365;0.420754;0.406604;0.390836;0.374105;0.356841;0.339433;0.321992;0.305178;0.290324;0.276949;0.264684;0.254006;0.244559;0.235692;0.227056;0.21861;0.210482;0.20249;0.194538;0.186341;0.177076;0.166479;0.155176;0.143566;0.131987;0.120722;0.110437;0.100887;0.0922063;0.0843682;0.0775547;0.0714636;0.0660519;0.0611159;0.056658;0.0526692;         ;         ;         ;         ;         ;         ;         ;         ;         ;         ;         ;         ;         ;         ;         
;95% LL;         ;         ;         ;         ;         ;         ;0.0140646;0.0253679;0.0417734;0.0619138;0.0840304;0.107692;0.140139;0.165099;0.187985;0.21039;0.231251;0.249963;0.26651;0.282659;0.29926;0.317455;0.337277;0.35825;0.379399;0.399858;0.422186;0.439015;0.449678;0.453253;0.453185;0.444089;0.437796;0.428906;0.417882;0.405147;0.390783;0.375259;0.358039;0.340348;0.322452;0.304964;0.288366;0.2739;0.260791;0.248875;0.238388;0.22913;0.220488;0.212102;0.203925;0.196064;0.188334;0.180648;0.172743;0.163829;0.153674;0.142908;0.131915;0.121012;0.110462;0.100888;0.092031;0.0840097;0.0767914;0.0705374;0.0648387;0.0599106;0.0554044;0.0512767;0.0475471;         ;         ;         ;         ;         ;         ;         ;         ;         ;         ;         ;         ;         ;         ;         
;95% UL;         ;         ;         ;         ;         ;         ;0.0243886;0.0425032;0.0637541;0.0867248;0.110605;0.134698;0.166988;0.189893;0.213609;0.236038;0.256666;0.275348;0.292313;0.309729;0.32755;0.346022;0.366046;0.38747;0.409019;0.430956;0.453823;0.471186;0.481615;0.486377;0.487025;0.478685;0.472121;0.463634;0.452912;0.440505;0.426629;0.410967;0.394704;0.378182;0.361311;0.344202;0.32751;0.312794;0.298818;0.285965;0.274769;0.26488;0.255639;0.246674;0.237927;0.229668;0.221698;0.213747;0.205482;0.196017;0.185046;0.173195;0.160886;0.148372;0.135949;0.124557;0.114016;0.104384;0.0956511;0.088134;0.0814218;0.0754203;0.0699221;0.0649349;0.0604547;         ;         ;         ;         ;         ;         ;         ;         ;         ;         ;         ;         ;         ;         ;         
Adjusted ANC prevalence, 35-39;Mean;         ;         ;         ;         ;         ;         ;0.0127894;0.023301;0.0375367;0.0547367;0.0740828;0.0946921;0.124783;0.145609;0.165552;0.184264;0.201416;0.216685;0.230237;0.243127;0.255692;0.268662;0.283191;0.299754;0.318062;0.339166;0.365744;0.392934;0.418727;0.441924;0.462609;0.474186;0.486172;0.492681;0.494469;0.492491;0.486471;0.477576;0.466238;0.452791;0.437518;0.421172;0.403629;0.38536;0.366859;0.348448;0.330258;0.312896;0.297839;0.284384;0.272082;0.261445;0.252021;0.243155;0.234469;0.22599;0.217885;0.209883;0.201779;0.19327;0.183579;0.17248;0.160809;0.149009;0.137328;0.125844;0.115338;0.105619;0.0968869;0.0890246;0.0821159;         ;         ;         ;         ;         ;         ;         ;         ;         ;         ;         ;         ;         ;         ;         
;95% LL;         ;         ;         ;         ;         ;         ;0.00989014;0.0178723;0.030287;0.0458633;0.0637716;0.0832803;0.112121;0.13276;0.153459;0.172896;0.190105;0.205401;0.218295;0.230694;0.242087;0.254462;0.269105;0.285165;0.303219;0.324073;0.35047;0.377307;0.403407;0.426795;0.447088;0.458437;0.470496;0.476444;0.478555;0.476885;0.470968;0.461791;0.450323;0.437099;0.421436;0.405041;0.387668;0.369097;0.350155;0.331133;0.31333;0.296039;0.280978;0.267789;0.255711;0.245227;0.235993;0.227348;0.218898;0.210658;0.20279;0.195028;0.187186;0.178989;0.169688;0.159085;0.148011;0.136887;0.125937;0.115226;0.105486;0.0965117;0.0883739;0.0810274;0.0745701;         ;         ;         ;         ;         ;         ;         ;         ;         ;         ;         ;         ;         ;         ;         
;95% UL;         ;         ;         ;         ;         ;         ;0.0166527;0.0298327;0.0461461;0.0646789;0.084733;0.105514;0.135219;0.155388;0.176375;0.195551;0.213638;0.229449;0.243581;0.256954;0.269984;0.283301;0.298469;0.315458;0.334426;0.356079;0.383091;0.410434;0.4361;0.459914;0.481039;0.492981;0.504847;0.510953;0.513624;0.512369;0.506651;0.497861;0.486745;0.473596;0.458197;0.442225;0.425249;0.407953;0.389745;0.37155;0.353377;0.335965;0.321167;0.307405;0.294531;0.283383;0.273211;0.264028;0.255244;0.246688;0.238354;0.230284;0.222217;0.213625;0.203698;0.192171;0.179893;0.167339;0.154792;0.142121;0.130443;0.119597;0.109882;0.101184;0.0935639;         ;         ;         ;         ;         ;         ;         ;         ;         ;         ;         ;         ;         ;         ;         
Adjusted ANC prevalence, 15-49;Mean;         ;         ;         ;         ;         ;         ;0.0202472;0.0363814;0.0579875;0.0838058;0.112325;0.142133;0.179452;0.206268;0.230216;0.250736;0.267307;0.27977;0.28829;0.294155;0.297705;0.299499;0.300655;0.301365;0.300559;0.299642;0.301429;0.302387;0.305528;0.307401;0.30896;0.29841;0.294152;0.288546;0.281778;0.274503;2.66E-01;0.257598;0.248619;0.239407;0.229905;0.220373;0.210888;0.201614;0.192519;0.183485;0.174639;0.165958;0.157521;0.149283;0.141225;0.133414;0.125781;0.118314;0.111013;0.10396;0.0971795;0.0906642;0.0844059;0.0784277;0.0727892;0.0674977;0.0625636;0.0579751;0.0537191;0.0498107;0.0462416;0.042984;0.0400108;0.0372914;0.0348155;         ;         ;         ;         ;         ;         ;         ;         ;         ;         ;         ;         ;         ;         ;         
;95% LL;         ;         ;         ;         ;         ;         ;0.0159489;0.0286447;0.0475137;0.0712483;0.0980591;0.128071;0.165199;0.192869;0.216776;0.238213;0.255706;0.268616;0.278147;0.283685;0.28786;0.289702;0.291059;0.291272;0.290645;0.289589;0.291218;0.29195;0.29485;0.296489;0.297828;0.287037;0.282758;0.277043;0.270272;0.262952;2.55E-01;0.245906;0.236905;0.227724;0.218322;0.208942;0.199653;0.190609;0.181677;0.17279;0.164194;0.155762;0.147479;0.139517;0.131723;0.124172;0.116821;0.109658;0.102681;0.0959669;0.0895361;0.0833807;0.077491;0.0718869;0.0666207;0.0616957;0.0571194;0.052878;0.0489574;0.0453692;0.0420563;0.0390601;0.0363188;0.0337809;0.0314705;         ;         ;         ;         ;         ;         ;         ;         ;         ;         ;         ;         ;         ;         ;         
;95% UL;         ;         ;         ;         ;         ;         ;0.026175;0.0461667;0.0706097;0.0980522;0.12718;0.156797;0.193148;0.218749;0.241796;0.262991;0.279263;0.291422;0.299872;0.305879;0.309533;0.311766;0.312827;0.31404;0.313555;0.312837;0.314862;0.315908;0.319211;0.321198;0.322853;0.312555;0.308344;0.302756;2.97E-01;2.90E-01;2.82E-01;0.272486;0.263577;0.25443;0.244987;0.235515;0.226025;0.216456;0.207045;0.197671;0.188476;0.179435;0.170637;0.16222;0.153899;0.145874;0.137992;0.130236;0.122609;0.115202;0.108041;0.101123;0.0944403;0.087903;0.0816902;0.0758439;0.0703776;0.0652807;0.0606016;0.0563465;0.0524461;0.0488734;0.0456021;0.0426015;0.0398624;         ;         ;         ;         ;         ;         ;         ;         ;         ;         ;         ;         ;         ;         ;         
Prevalence in children aged 2-14;Mean;         ;7.78E-07;3.52E-06;1.12E-05;2.71E-05;6.17E-05;0.00013704;0.00029351;0.00058472;0.00106512;0.00177239;0.00271906;0.00391257;0.00533108;0.00699198;0.00877285;0.0106791;0.0127131;0.0147852;0.0168469;0.0188002;0.0206312;0.0224227;0.0240061;0.0252116;0.0260462;0.0265072;0.0264878;0.0259516;0.0251267;0.0240712;0.0228088;0.0213164;0.0197411;0.018138;0.0164965;0.0148805;0.0133273;0.0118494;0.0105109;0.00945282;0.00861274;0.00785241;0.0071357;0.00648476;0.00597983;0.00553838;0.00517789;0.00485543;0.00455948;0.00428974;0.00404436;0.00381775;0.00360765;0.00341099;0.00322509;0.00304842;0.00288037;0.00272059;0.00256757;0.00242082;0.00228024;0.00214581;0.00201755;0.00189551;0.00177979;0.00167044;0.00156738;0.00147046;0.00137947;0.00129424;         ;         ;         ;         ;         ;         ;         ;         ;         ;         ;         ;         ;         ;         ;         
;95% LL;         ;2.79E-07;1.32E-06;4.55E-06;1.30E-05;3.38E-05;8.88E-05;0.000212941;0.000448515;0.0008413;0.00143802;0.002257;0.00333384;0.00462376;0.00619175;0.00790223;0.00975733;0.011755;0.0137954;0.0158397;0.0177761;0.0196507;0.0215091;0.0231191;0.024383;0.0252971;0.0258112;0.0258423;0.025376;0.0245633;0.0235146;0.0222724;0.0208001;0.0192465;0.0176435;0.0159977;0.0143846;0.0128442;0.0113782;0.0100559;0.00901589;0.00818327;0.00743156;0.0067263;0.00608879;0.00559603;0.00516744;0.0048193;0.00451043;0.00422945;0.00398065;0.00376113;0.00355621;0.00335757;0.00316988;0.00299171;0.00282188;0.00266005;0.00250425;0.00235574;0.00221813;0.00208691;0.00196201;0.00184337;0.001731;0.00162489;0.00152501;0.00143122;0.0013433;0.00126101;0.00118414;         ;         ;         ;         ;         ;         ;         ;         ;         ;         ;         ;         ;         ;         ;         
;95% UL;         ;1.07E-06;4.81E-06;1.49E-05;3.58E-05;8.11E-05;0.000179347;0.000383139;0.000758977;0.00138071;0.00224672;0.00335184;0.00469711;0.00625423;0.00804025;0.00992441;0.0119153;0.0140142;0.0161279;0.0182029;0.0201341;0.0219042;0.0236029;0.0250752;0.0261621;0.02688;0.0273204;0.0273015;0.0267364;0.0258926;0.0248008;0.0234869;0.021975;0.0203712;0.0187463;0.0170708;0.0154456;0.0138629;0.012377;0.0110431;0.009975;0.00912158;0.00834156;0.00760316;0.00692935;0.00640564;0.00594594;0.00556549;0.00522243;0.00490514;0.00461756;0.00435428;0.0041244;0.00391308;0.00371462;0.00352604;0.00334563;0.00317271;0.00300705;0.00284715;0.00269257;0.00254338;0.00239967;0.00226161;0.00212942;0.00200337;0.00188367;0.00177037;0.0016634;0.00156266;0.00146803;         ;         ;         ;         ;         ;         ;         ;         ;         ;         ;         ;         ;         ;         ;         
Children starting ART aged <12 months;Mean;         ;         ;         ;         ;         ;         ;         ;         ;         ;         ;         ;         ;         ;         ;         ;95.3663;131.506;140.438;189.745;725.941;1404.65;2047.36;2777.45;4457.17;6893.05;7301.17;6158.21;5979.31;5889.28;4952.28;3511.19;2093.21;1731.38;1533.25;1443.04;1071.75;1028.35;975.615;960.734;945.328;932.051;919.587;904.307;857.539;816.59;777.686;740.267;704.252;669.353;635.308;601.868;568.935;536.703;505.37;475.026;445.705;417.462;390.375;364.531;340.02;316.927;295.297;275.142;256.443;239.165;223.256;208.638;195.213;182.898;171.616;161.287;         ;         ;         ;         ;         ;         ;         ;         ;         ;         ;         ;         ;         ;         ;         
;95% LL;         ;         ;         ;         ;         ;         ;         ;         ;         ;         ;         ;         ;         ;         ;         ;91.7593;126.826;135.827;183.547;706.092;1365.85;1991.26;2700.77;4328.68;6691.42;7075;5955.39;5781.89;5680.99;4763.01;3380.35;2005.46;1650.83;1454.45;1360.7;989.246;947.553;900.175;888.633;876.444;865.847;855.498;842.043;798.127;758.835;721.254;685.087;650.342;616.793;584.227;552.431;521.318;491.042;461.762;433.544;406.403;380.373;355.508;331.87;309.527;288.539;268.936;250.716;233.851;218.151;203.259;189.57;176.992;165.447;154.863;145.164;         ;         ;         ;         ;         ;         ;         ;         ;         ;         ;         ;         ;         ;         ;         
;95% UL;         ;         ;         ;         ;         ;         ;         ;         ;         ;         ;         ;         ;         ;         ;         ;98.9595;136.296;145.319;196.432;749.838;1453.38;2115.64;2872.76;4616.22;7146.31;7585.96;6422.7;6250.52;6170.43;5191.44;3671.7;2200.25;1826.31;1624.88;1535.09;1165.37;1118.89;1059.41;1042.82;1025.66;1011.9;998.634;982.195;932.727;889.611;848.528;809.191;771.386;734.8;699.631;665.219;630.952;597.083;563.878;531.476;499.951;469.399;439.943;411.71;384.831;359.423;335.56;313.273;292.561;273.395;255.733;239.494;224.576;210.799;198.097;186.459;         ;         ;         ;         ;         ;         ;         ;         ;         ;         ;         ;         ;         ;         ;         
Children starting ART aged 12-23 months;Mean;         ;         ;         ;         ;         ;         ;         ;         ;         ;         ;         ;         ;         ;         ;         ;102.3;133.578;145.107;185.448;801.395;1373.15;1618.58;1891.23;3377.31;4413.6;3659.44;1956.44;1973.05;1877.31;1944.47;1892.85;1357.78;1144.7;1032.63;978.717;694.667;641.899;586.699;572.918;570.161;571.556;572.383;570.928;540.575;514.943;491.537;468.854;446.778;425.323;404.348;383.629;363.05;342.753;323.047;304.069;285.853;268.392;251.704;235.821;220.776;206.586;193.263;180.808;169.21;158.449;148.494;139.313;130.859;123.076;115.911;109.315;         ;         ;         ;         ;         ;         ;         ;         ;         ;         ;         ;         ;         ;         ;         
;95% LL;         ;         ;         ;         ;         ;         ;         ;         ;         ;         ;         ;         ;         ;         ;         ;100.083;130.54;142.05;181.253;784.775;1342.03;1582.02;1847.56;3301.06;4315.12;3578.77;1910.78;1930.11;1833.77;1889.1;1831.37;1302.84;1095.96;985.085;930.075;648.268;595.779;543.111;530.019;527.404;528.756;530.196;530.997;503.717;479.271;455.909;433.169;411.061;389.646;369.653;350.052;330.734;311.826;293.586;276.122;259.45;243.548;228.419;214.078;200.54;187.81;175.844;164.22;153.407;143.382;134.111;125.611;117.86;110.725;104.175;98.1042;         ;         ;         ;         ;         ;         ;         ;         ;         ;         ;         ;         ;         ;         ;         
;95% UL;         ;         ;         ;         ;         ;         ;         ;         ;         ;         ;         ;         ;         ;         ;         ;104.892;137.142;148.897;190.654;821.787;1409.99;1664.35;1943.26;3466.35;4529.26;3750.27;2010.86;2025.42;1928.31;2002.64;1962.81;1420.83;1196.24;1082.85;1029.86;744.704;690.99;632.645;617.944;613.042;613.976;614.391;615.151;585.649;560.695;537.795;515.368;493.303;471.627;450.184;428.712;407.073;385.449;364.237;343.632;323.703;304.468;285.977;268.293;251.474;235.56;220.577;206.543;193.454;181.295;170.042;159.663;150.108;141.316;133.226;125.889;         ;         ;         ;         ;         ;         ;         ;         ;         ;         ;         ;         ;         ;         ;         
Children starting ART aged 2-4 years;Mean;         ;         ;         ;         ;         ;         ;         ;         ;         ;         ;         ;         ;         ;         ;         ;310.832;387.801;429.547;522.863;2679.38;3967.18;4683.58;5493.44;7072.12;10753;12344.4;6292.81;6931.22;4868.56;3913.38;4244.62;2793.83;2228.01;2023.34;1899.55;734.559;848.316;796.677;944.375;1067.05;1150;1194.99;1214.1;1108.24;1037.26;982.752;935.765;892.37;850.939;810.73;771.491;732.937;694.817;657.155;620.271;584.527;550.145;517.188;485.677;455.645;427.136;400.186;374.813;351.017;328.788;308.096;288.898;271.137;254.745;239.633;225.707;         ;         ;         ;         ;         ;         ;         ;         ;         ;         ;         ;         ;         ;         ;         
;95% LL;         ;         ;         ;         ;         ;         ;         ;         ;         ;         ;         ;         ;         ;         ;         ;306.569;382.369;424.475;515.979;2640.16;3909.96;4608.72;5402.38;6959.15;10574;12149.7;6160.5;6837.38;4805.99;3822.71;4120.6;2700.12;2161.25;1967.29;1847.54;691.827;794.7;742.463;876.913;988.741;1064.41;1105.53;1122.99;1029.71;965.738;912.852;866.533;823.311;781.88;742.973;705.53;668.958;633.058;597.857;563.632;530.68;499.17;469.129;440.548;413.428;387.784;363.621;340.597;318.359;297.62;278.574;260.959;244.671;229.641;215.786;203.018;         ;         ;         ;         ;         ;         ;         ;         ;         ;         ;         ;         ;         ;         ;         
;95% UL;         ;         ;         ;         ;         ;         ;         ;         ;         ;         ;         ;         ;         ;         ;         ;315.121;394.03;436.515;532.062;2729.11;4039.35;4781.08;5602.75;7203.85;10962.9;12562.6;6453.92;7044.89;4947.4;4006.13;4378.66;2896.57;2295.35;2077.98;1949.47;781.241;905.848;854.023;1015.47;1149.45;1239.86;1283.81;1300.5;1191.74;1121.79;1068.72;1022.93;980.262;939.103;898.697;858.787;819.05;779.2;739.282;699.716;660.986;623.415;587.134;552.224;518.773;486.88;456.623;428.054;401.204;376.078;352.664;330.926;310.812;292.252;275.151;259.403;         ;         ;         ;         ;         ;         ;         ;         ;         ;         ;         ;         ;         ;         ;         
Children starting ART aged 5-14 years;Mean;         ;         ;         ;         ;         ;         ;         ;         ;         ;         ;         ;         ;         ;         ;         ;276.447;396.202;518.084;670.01;4352.1;6470.45;8689.3;10734;13169.1;17282;25403.4;14744.7;15299.8;11529.3;11727.4;12811.2;10047.2;8544.68;7355.57;6528.23;920.867;1068.1;1010.18;2136.34;3079.66;3755.22;4100.14;4098.82;3352.88;2811.94;2420.32;2127.68;1906.76;1734.64;1597.25;1487.56;1398.33;1322.28;1254.47;1191.81;1132.35;1075.11;1019.65;965.807;913.508;862.811;813.806;766.582;721.232;677.877;636.623;597.544;560.661;525.966;493.433;463.026;         ;         ;         ;         ;         ;         ;         ;         ;         ;         ;         ;         ;         ;         ;         
;95% LL;         ;         ;         ;         ;         ;         ;         ;         ;         ;         ;         ;         ;         ;         ;         ;256.527;370.435;489.837;639.078;4182.85;6220.08;8382.22;10373.5;12733.3;16698.7;24476.3;14136.1;14615.7;11135.8;11403.3;12516.7;9959.9;8496.6;7315.47;6489.38;882.911;1019.74;959.942;2012.81;2894.51;3523.1;3841.92;3836.22;3133.58;2623.73;2254.32;1978.05;1770.41;1612.7;1485.12;1382.06;1298.4;1223.87;1157;1095.02;1037.28;983.181;930.982;880.548;831.834;784.886;739.765;696.523;655.211;615.9;578.653;543.5;510.429;478.218;447.749;419.317;         ;         ;         ;         ;         ;         ;         ;         ;         ;         ;         ;         ;         ;         ;         
;95% UL;         ;         ;         ;         ;         ;         ;         ;         ;         ;         ;         ;         ;         ;         ;         ;300.9;426.877;551.621;707.613;4553.47;6765.94;9045.98;11158.3;13700.3;17992.9;26431.1;15348.5;16029.1;11973.6;12151.4;13214.9;10153.1;8591.86;7391.68;6567.01;962.619;1120.75;1064.74;2279;3298.08;4034.18;4398.04;4390.37;3594.31;3015.73;2599.11;2282.65;2042.53;1857.67;1719.66;1610.27;1521.78;1446.48;1379.11;1316.36;1256.15;1197.44;1139.82;1083.19;1027.59;973.139;920.029;868.43;818.521;770.509;724.587;680.896;639.516;600.48;563.799;529.46;         ;         ;         ;         ;         ;         ;         ;         ;         ;         ;         ;         ;         ;         ;         
Female deaths aged <1 year;Mean;26138.3;25498.6;24857.3;24156.9;23471;22853.5;22578.8;22615.6;22838.4;23203.9;23657.5;24065.9;24467.8;24956.8;25258.3;25181.2;25047.4;25730.1;26931.9;28020.4;27958.7;26776.6;24908.9;22682.5;19679.8;17489.6;16635.1;16382.3;16209.7;15955.7;15630.4;15320.2;14981.8;14767.4;13633.3;13457;15636.4;15872.8;15568.4;15249.4;14925.2;14595.8;14267.4;13943.6;13626.9;13318.5;13020.5;12734;12455.5;12182.4;11913.2;11645.8;11378.1;11109.7;10841;10572.6;10305.4;10039.8;9776.3;9515.79;9259.4;9008.27;8763.38;8525.57;8295.5;8073.66;7860.07;7654.54;7457.03;7267.42;7085.31;         ;         ;         ;         ;         ;         ;         ;         ;         ;         ;         ;         ;         ;         ;         
;95% LL;26135.1;25488.4;24838.9;24124.2;23414.1;22755.6;22425.8;22349.7;22415.2;22686.1;23049.3;23405.2;23813.5;24298.8;24637.6;24563.3;24455.3;25215.7;26450.6;27576.2;27533.2;26415.1;24604.2;22453;19524.2;17390.9;16554.9;16301.9;16133.7;15882.7;15559.7;15252.7;14917.3;14705.2;13576.5;13401.4;15567.4;15784.6;15475.4;15153.4;14827.6;14497.7;14169.9;13847.4;13532.5;13226.2;12930.6;12646.5;12370.4;12099.7;11833.1;11568.3;11303.4;11037.8;10772.1;10506.7;10242.3;9979.55;9718.9;9461.08;9207.44;8959.02;8716.4;8480.48;8251.98;8031.42;7818.84;7614.41;7417.92;7229.24;7048.01;         ;         ;         ;         ;         ;         ;         ;         ;         ;         ;         ;         ;         ;         ;         
;95% UL;26140.2;25504.8;24867.9;24177;23515.4;22947.7;22776.1;22989.1;23366.3;23840;24358.8;24788.2;25185.5;25625.3;25874.6;25733;25592.8;26255.2;27444.1;28527;28449.8;27240.3;25292.3;22976.1;19877.9;17615.6;16727.5;16463.4;16281;16018.4;15679.6;15366.4;15025;14809.4;13672;13494;15682.6;15933;15639.2;15325.7;15005.8;14679;14351.7;14028;13710.4;13398.7;13097.7;12808.9;12528;12252.3;11980.5;11711.3;11442;11171.7;10900.3;10628.9;10358.7;10090.3;9823.79;9560.46;9301.53;9048.22;8801.96;8562.89;8331.68;8108.83;7894.34;7688.01;7489.8;7299.55;7116.86;         ;         ;         ;         ;         ;         ;         ;         ;         ;         ;         ;         ;         ;         ;         
Female deaths aged 1-4;Mean;10211.5;9896.82;9601.24;9300.81;8978.82;8671.66;8438.25;8352.48;8412.33;8617.36;8935.96;9294.88;9890.63;10665.8;11268.7;12003.2;12610.2;13014.9;13260.8;13468;13201.7;12802.2;12378;11758.6;10384.7;8581.11;7322.38;6719.19;6353.25;6115.57;5857.73;5627.54;5461.06;5286.89;4822.83;4872.23;5713.5;5817.19;5685.27;5539.6;5399.3;5265.15;5136.52;5014.06;4897.04;4782.93;4671.44;4562.99;4458.61;4358.09;4260.55;4165.31;4071.63;3978.81;3886.37;3794.18;3702.27;3610.82;3520.04;3430.11;3341.23;3253.71;3167.89;3084.12;3002.71;2923.93;2847.99;2775.01;2704.98;2637.87;2573.66;         ;         ;         ;         ;         ;         ;         ;         ;         ;         ;         ;         ;         ;         ;         
;95% LL;10211.4;9894.87;9595.62;9289.53;8958.14;8636.08;8377.54;8254.28;8249.53;8356.24;8613.24;8912.66;9459.79;10234.6;10842.6;11592.9;12221.2;12638;12908.4;13159.8;12925.6;12552.9;12157.9;11556.9;10235.4;8479.92;7255.54;6671.37;6312.35;6077.85;5826.51;5602.1;5437.14;5264.05;4801.63;4850.84;5689.85;5793.36;5661.45;5513.52;5370.66;5234.65;5105.01;4982.14;4865.13;4751.33;4640.36;4532.56;4428.92;4329.17;4232.42;4137.98;4045.14;3953.2;3861.69;3770.46;3679.53;3589.07;3499.28;3410.32;3322.39;3235.78;3150.82;3067.84;2987.16;2909.03;2833.67;2761.18;2691.59;2624.86;2560.98;         ;         ;         ;         ;         ;         ;         ;         ;         ;         ;         ;         ;         ;         ;         
;95% UL;10211.5;9898.01;9604.6;9307.26;8992.23;8701.13;8500.24;8479.8;8647.13;8954.8;9352.48;9758.49;10383.8;11160.9;11742.3;12444.8;13009.5;13363.8;13607.1;13815.3;13506.5;13088.2;12658.6;12017.2;10581.4;8713.8;7409.65;6782.8;6406.27;6162.39;5896.61;5657.9;5488.43;5312.49;4847;4896.59;5738.6;5842.61;5713.45;5568.11;5428.15;5295.21;5166.94;5045.53;4928.92;4815.01;4703.37;4594.43;4489.32;4387.91;4289.35;4192.98;4098.09;4004.15;3910.92;3817.88;3725.08;3632.71;3541;3450.16;3360.41;3272.04;3185.42;3100.91;3018.82;2939.43;2862.94;2789.46;2719;2651.53;2586.98;         ;         ;         ;         ;         ;         ;         ;         ;         ;         ;         ;         ;         ;         ;         
Female deaths aged 5-9;Mean;1181.82;1261.17;1349.06;1440.72;1529.59;1604.94;1676.18;1739.77;1801.73;1870.56;1959.12;2077.35;2266.19;2391.54;2598.99;2876.47;3147.96;3466.24;3720.81;3951.65;3917.21;3670.43;3420.72;3217.08;2995.67;2674.6;2415.37;2317.64;2224.3;2109.89;1894.73;1652.96;1461.83;1307.96;1169.35;1200.12;1335.12;1329.74;1307.98;1261.73;1205.8;1144.47;1092.46;1050.4;1016.94;989.251;965.902;943.662;922.26;901.328;880.76;860.592;840.934;821.826;803.207;785.01;767.132;749.44;731.83;714.258;696.707;679.183;661.715;644.342;627.107;610.06;593.26;576.765;560.637;544.931;529.698;         ;         ;         ;         ;         ;         ;         ;         ;         ;         ;         ;         ;         ;         ;         
;95% LL;1181.82;1261.17;1349.06;1440.69;1529.42;1604.22;1674.23;1735.68;1793.93;1857.16;1936.97;2039.86;2206.06;2299.77;2478.92;2727.74;2976.53;3293.12;3555.5;3794.89;3779.24;3549.59;3312.86;3124;2922.35;2620.66;2379.29;2288.3;2197.94;2084.56;1873.35;1635.06;1446.44;1294.24;1156.57;1187.11;1321.2;1315.24;1292.87;1247.88;1193.78;1134.45;1083.97;1042.92;1010.02;982.599;959.35;937.157;915.785;894.892;874.385;854.302;834.753;815.775;797.311;779.293;761.615;744.141;726.662;709.235;691.843;674.487;657.193;639.997;622.958;606.131;589.537;573.231;557.273;541.719;526.617;         ;         ;         ;         ;         ;         ;         ;         ;         ;         ;         ;         ;         ;         ;         
;95% UL;1181.82;1261.17;1349.06;1440.74;1529.7;1605.36;1677.33;1742.4;1807.36;1882.75;1983.58;2125.99;2352.64;2520.7;2768.41;3075.96;3362.24;3681.95;3928.91;4145.77;4087.46;3812.91;3536.71;3310.1;3074.16;2738.67;2467.2;2358.96;2259.47;2142.87;1922.75;1675.21;1479.85;1323.74;1184.21;1215.14;1351.14;1346.5;1325.59;1277.2;1218.88;1154.92;1101.4;1058.58;1025.05;997.601;974.348;951.961;930.652;909.788;889.247;869.067;849.403;830.184;811.314;792.849;774.745;756.871;739.045;721.233;703.421;685.625;667.877;650.224;632.712;615.396;598.337;581.597;565.237;549.318;533.888;         ;         ;         ;         ;         ;         ;         ;         ;         ;         ;         ;         ;         ;         ;         
Female deaths aged 10-14;Mean;975.377;1025.65;1071.37;1112.51;1151.52;1193.1;1244.94;1298.4;1360.46;1427.27;1492.32;1549.9;1614.31;1579.6;1556.82;1579.16;1652.03;1814.5;2066.92;2380.72;2608.48;2752.37;2776.46;2703.13;2574.93;2375.55;2074.61;1889.52;1768.43;1714.73;1693.64;1652.01;1622.31;1560.71;1479.77;1574.73;1713.12;1592.01;1517.1;1446.08;1393.55;1351.38;1304.37;1251.17;1201.65;1158.16;1118.74;1085.28;1059.45;1036.81;1017.39;1001.7;988.145;974.98;961.8;948.517;935.156;921.839;908.709;895.805;883.152;870.714;858.373;845.937;833.334;820.493;807.364;793.935;780.244;766.338;752.268;         ;         ;         ;         ;         ;         ;         ;         ;         ;         ;         ;         ;         ;         ;         
;95% LL;975.377;1025.65;1071.37;1112.51;1151.51;1193.09;1244.91;1298.34;1360.35;1427.05;1491.67;1547.78;1609.53;1569.88;1539.98;1550.65;1603.57;1736.98;1950.4;2231.78;2433.27;2571.17;2612.01;2562.39;2461.21;2288.08;2011.78;1839.1;1732.57;1680.82;1659.34;1618.17;1585.73;1519.06;1434.37;1529.41;1673.42;1559;1490.14;1423.61;1374.68;1335.27;1290.53;1239.67;1191.58;1149.04;1110.32;1077.42;1052.02;1029.73;1010.53;994.867;981.288;968.083;954.871;941.578;928.238;914.975;901.93;889.146;876.644;864.388;852.186;839.955;827.478;814.776;801.802;788.54;775.025;761.3;747.412;         ;         ;         ;         ;         ;         ;         ;         ;         ;         ;         ;         ;         ;         ;         
;95% UL;975.377;1025.65;1071.37;1112.51;1151.53;1193.12;1244.98;1298.48;1360.59;1427.54;1492.91;1551.26;1617.39;1586.5;1572.09;1610.27;1715.96;1928.37;2234.72;2596.9;2848.89;2993.93;3002.87;2905.66;2749.72;2514.63;2171.01;1957.52;1818.35;1756.81;1739.99;1699.79;1670.27;1610.69;1531.32;1624.68;1758.62;1628.64;1546.08;1469.88;1413.51;1369.01;1319.78;1263.81;1212.61;1167.72;1127.53;1093.56;1067.21;1044.29;1025.15;1010.13;996.954;983.766;970.776;957.698;944.409;931.071;917.978;905.041;892.156;879.46;866.839;854.185;841.361;828.273;814.874;801.161;787.179;772.98;758.621;         ;         ;         ;         ;         ;         ;         ;         ;         ;         ;         ;         ;         ;         ;         
Female deaths aged 20-24;Mean;2804.06;2910.38;3005.28;3094.21;3190.79;3315.35;3545.72;3898.59;4399.07;5102.99;6061.79;7305.22;8702.94;10127.4;11822;13458.8;14735.6;16091.2;17229.6;18119.8;17775.2;16674.9;15246.3;13832.2;12496.6;11025.7;9534.73;8231.75;7468.09;7007.84;6651.39;6243.71;5820.59;5414.35;5199.78;5321.63;5135.54;4541.48;4351.73;4226.59;4158.99;4132.91;4137.53;4152.55;4133.18;4068.44;3980.76;3877.59;3770.63;3676.81;3596.58;3516.63;3426.91;3328.37;3229.62;3134.7;3046.95;2971.34;2906.09;2847.12;2794.58;2747.42;2702.86;2659.15;2616.01;2573.58;2532.11;2491.88;2453.03;2415.53;2379.21;         ;         ;         ;         ;         ;         ;         ;         ;         ;         ;         ;         ;         ;         ;         
;95% LL;2803.93;2909.32;3002.02;3086.98;3177.18;3290.75;3503.24;3826.11;4279.61;4912.54;5753.97;6866.05;8124.02;9438.6;11055;12657.5;13901.9;15214.9;16394.8;17308.4;16986.3;15949.4;14614.2;13273.6;11994.6;10593;9188.99;7954.77;7230.15;6778.36;6425.56;6025.97;5614.71;5212.11;4995.12;5119.33;4956.19;4393.13;4233.4;4132.55;4083.31;4070.41;4084.19;4105.09;4089.02;4026.47;3940.44;3838.96;3733.88;3642.02;3563.72;3485.7;3397.97;3301.48;3204.7;3111.62;3025.46;2951.07;2886.72;2828.35;2776.11;2729.08;2684.64;2641.12;2598.24;2556.15;2515.09;2475.32;2436.98;2400.02;2364.15;         ;         ;         ;         ;         ;         ;         ;         ;         ;         ;         ;         ;         ;         ;         
;95% UL;2804.13;2911.02;3007.27;3098.41;3199.39;3331.59;3580.98;3973.48;4540.68;5377.2;6523.15;7982.93;9581.36;11165.7;12956.9;14624;15885.8;17195.1;18270.2;19166.4;18779.7;17575.8;16026.8;14532.5;13123.2;11571;9992.79;8599.83;7796.47;7319.79;6948.38;6513.2;6081.91;5684.29;5466.09;5572.88;5357.12;4718.75;4490.08;4332.39;4244.47;4203.34;4197.37;4209.53;4191;4126.91;4038.8;3932.59;3822.34;3725.18;3641.77;3558.73;3465.88;3364.18;3262.45;3164.83;3074.9;2997.89;2931.94;2872.86;2820.76;2773.87;2728.91;2684.87;2641.43;2598.7;2556.9;2516.32;2477.08;2439.17;2402.41;         ;         ;         ;         ;         ;         ;         ;         ;         ;         ;         ;         ;         ;         ;         
Female deaths aged 25-29;Mean;2997.23;3126.42;3258.59;3393.27;3529.2;3670.93;3887.35;4187.74;4639.52;5347.67;6431.04;8008.47;10008.2;12569.3;15874.6;19486.3;22877.6;26536.9;30024.7;33087.2;33364.5;31952.1;29612.3;27259.7;24938.7;21999.7;18751.3;15508.1;13569.7;12424;11666.3;10817.8;9912.26;9063.98;8772.39;8848.76;8254.3;6924.52;6469.78;6083.26;5746.89;5448.29;5209.25;5046.35;4957.25;4929.33;4942.06;4981.5;5020.88;5006.85;4931.04;4822.26;4691.46;4555.21;4432.94;4325.78;4219.27;4102.84;3977.66;3853.14;3733.63;3622.85;3526.72;3443.38;3367.84;3300.19;3239.29;3181.88;3125.83;3070.8;3016.9;         ;         ;         ;         ;         ;         ;         ;         ;         ;         ;         ;         ;         ;         ;         
;95% LL;2997.11;3125.42;3255.38;3385.79;3514.29;3642.4;3837.07;4099.45;4496.51;5095.83;6031.92;7404.17;9188.78;11520.9;14614.7;18072.2;21346;24849.1;28258.4;31427.8;31797.5;30484.4;28202.3;25933.6;23715.2;20924.3;17852.7;14803.6;12942.1;11810;11063.7;10248.3;9370.78;8539.23;8249.26;8340.82;7807.14;6563.23;6190.26;5869.12;5582.05;5319.12;5104.98;4958.51;4879.37;4857.2;4872.76;4913.32;4953.12;4938.13;4863.73;4757.07;4629.09;4496.11;4377.34;4273.74;4170.85;4058.26;3936.54;3815.43;3699.05;3591;3497.08;3415.45;3341.18;3274.39;3214.08;3157.2;3101.72;3047.31;2994.09;         ;         ;         ;         ;         ;         ;         ;         ;         ;         ;         ;         ;         ;         ;         
;95% UL;2997.3;3127.02;3260.5;3397.75;3538.82;3690.76;3928.17;4271.87;4810.01;5698.01;7037.47;8937.28;11288.5;14220.2;17888.2;21820.1;25455.7;29268.3;32645.6;35479.3;35594;34014.8;31601.7;29151;26712.6;23591.4;20116.5;16611.3;14531.3;13315.5;12499.9;11563.3;10553.5;9695.91;9401.38;9473.84;8804.08;7368.44;6800.05;6327.06;5924.73;5580.08;5312.57;5131.18;5037.35;5009.94;5025.78;5069.72;5113.72;5101.03;5023.11;4911.78;4776.85;4635.84;4508.54;4396.33;4284.78;4163.3;4033.14;3903.99;3780.28;3666.02;3567.44;3482.55;3406.25;3338.57;3277.95;3220.35;3163.51;3107.74;3053.14;         ;         ;         ;         ;         ;         ;         ;         ;         ;         ;         ;         ;         ;         ;         
Female deaths aged 30-34;Mean;2832.9;2971.67;3114.27;3261.67;3416.54;3586.38;3832.11;4155.35;4613.12;5276.98;6221.16;7509.75;9108.81;11111;13686.3;16574.7;19445;22835.4;26643.2;30514.5;32077.7;31674.6;29664.8;27334.8;25007.5;22209.9;19306.5;16440.3;14906.2;14120.7;13782.9;13350.8;12737.3;12035.9;11711;12073.6;11257.1;9295.64;8716.93;8250.02;7877.99;7581.91;7314.86;7048.32;6797.68;6555.74;6319.39;6122.53;5987.16;5915.21;5901.29;5924.14;5969.93;6011.08;5989.12;5896.55;5766.49;5612.8;5454.89;5313.31;5187.62;5061.25;4922.41;4773;4624.47;4482.18;4350.41;4235.63;4135.72;4045.2;3963.89;         ;         ;         ;         ;         ;         ;         ;         ;         ;         ;         ;         ;         ;         ;         
;95% LL;2832.81;2970.89;3111.73;3255.72;3404.7;3563.43;3791.99;4083.7;4491.39;5063.13;5856.59;6954;8357.37;10168.8;12514.3;15223.7;18018.3;21344.1;25030.9;28892.1;30371.5;30072.4;28209.5;26059.3;23843.1;21114.4;18408.5;15708.2;14232.1;13466.3;13131.7;12692.7;12095.7;11393.7;11033.2;11413.5;10683.1;8841.24;8374.23;7992.85;7677.01;7420.27;7180.92;6933.87;6697.09;6466.09;6236.85;6045.11;5913.21;5843.38;5830.26;5850.57;5893.46;5933.54;5911.98;5821;5693.45;5543.11;5389.1;5251.64;5130.14;5008.03;4873.5;4728.34;4583.83;4445.21;4316.64;4204.28;4105.19;4016.66;3936.01;         ;         ;         ;         ;         ;         ;         ;         ;         ;         ;         ;         ;         ;         ;         
;95% UL;2832.96;2972.14;3115.78;3265.23;3424.09;3603;3866.26;4227.57;4771.87;5598.69;6766.92;8327.31;10218.1;12517.2;15380.1;18538.5;21656.5;25273;29276.8;33154.2;34588.8;34066.9;31880.2;29341.4;26797.7;23740.6;20657.4;17655;15989.2;15148.5;14769.2;14256.8;13536.3;12787.8;12483.6;12847.6;11945.5;9845.07;9130.76;8553.03;8109.07;7767.16;7457.94;7161.63;6895.77;6644.5;6402.55;6204.53;6069.98;6000.73;5991.14;6019.38;6071.05;6116.04;6093.76;5999.19;5865.81;5707.66;5544.55;5397.45;5266.21;5134.26;4989.77;4835.35;4682.33;4535.88;4401.16;4284.71;4184.47;4092.59;4010.25;         ;         ;         ;         ;         ;         ;         ;         ;         ;         ;         ;         ;         ;         ;         
Female deaths aged 35-39;Mean;2833.97;2997.5;3162.8;3332.44;3509.9;3703.02;3960.78;4282.68;4715.93;5325.16;6180.18;7344.17;8832.61;10641.1;12827.5;15274;17564.4;20082.8;22707.9;25095.9;25900.4;25598;24242.1;22895;21488.9;19527.2;17274.3;14888.7;13544.1;12841.9;12640.2;12581.5;12595.8;12663.8;12879.8;14038;13466.2;11159.4;10755.3;10365.6;9990.69;9635.24;9315.85;9031.83;8783.73;8568.01;8380.28;8184.79;7960.39;7727.08;7483.05;7228.82;7009.58;6858.31;6775.8;6755.88;6778.93;6831.64;6884.4;6869.27;6775.79;6640.54;6476.08;6303.59;6148.66;6012.58;5876.31;5726.08;5562.73;5398.34;5239.19;         ;         ;         ;         ;         ;         ;         ;         ;         ;         ;         ;         ;         ;         ;         
;95% LL;2833.91;2996.95;3161.02;3328.27;3501.4;3686.26;3930.42;4228.31;4622.03;5161.66;5885.43;6910.18;8218.6;9847.59;11856.1;14105.2;16228.8;18686.1;21338.5;23732.4;24605.1;24320.5;23051.5;21822.4;20509.4;18675.5;16571.6;14350.7;13073.8;12381.6;12168.2;12086.3;12095.3;12132.1;12301.4;13427.2;12908.1;10703.2;10411.3;10112.6;9794.55;9477.36;9186.25;8921.39;8678.23;8464.36;8277.43;8083.35;7864.52;7635.49;7395.83;7145.91;6929.92;6780.7;6699.44;6677.14;6697.15;6748;6800.12;6785.4;6693.66;6561.17;6400.4;6232.2;6081.82;5950.4;5818.9;5673.53;5514.97;5353.82;5197.31;         ;         ;         ;         ;         ;         ;         ;         ;         ;         ;         ;         ;         ;         ;         
;95% UL;2834.01;2997.83;3163.86;3334.95;3515.2;3715.08;3986.63;4335.36;4832.66;5571.41;6612.39;8008.77;9754.63;11824.5;14254;16907.7;19360.2;21993.1;24687.7;27099.9;27885.7;27532.1;26085.7;24614;23028.6;20836.1;18387.1;15723.3;14266.8;13517.2;13287.9;13183.9;13181.2;13289.5;13557.8;14746;14112.4;11681.3;11148.5;10656.7;10213.5;9808.53;9457.26;9157.84;8902.08;8678.42;8485.74;8285.57;8058.78;7821.14;7573.43;7316.04;7097.08;6947.69;6868.79;6854.02;6883.2;6942.43;6998.11;6982.88;6887.49;6748.91;6579.9;6402.02;6241.29;6099.78;5958.16;5803.38;5636.2;5468.17;5305.63;         ;         ;         ;         ;         ;         ;         ;         ;         ;         ;         ;         ;         ;         ;         
Female deaths aged 40-44;Mean;3229.6;3317.89;3458.2;3644;3861.9;4098.39;4379.3;4696.46;5084.33;5588.98;6266.26;7171.8;8335.64;9735.08;11406.8;13367.7;15407.1;17700.2;20217.7;22627.2;23615.5;23425.9;22252.5;20922;19556.1;17883.4;16161;14458.6;13611.3;13224.9;13142.7;13048.7;12920.1;12818.1;13078.1;14499.7;14034.1;11882.6;12032.9;12207.2;12358.1;12444.4;12431.9;12331.4;12176.2;11971.5;11733.1;11491.6;11255.1;11029.5;10822.3;10634.8;10428;10175.7;9903.39;9612.66;9306.13;9042.36;8863.61;8772;8763.31;8812.67;8901.73;8992.71;8999.41;8907.8;8763.16;8581.1;8388.56;8217.44;8067.87;         ;         ;         ;         ;         ;         ;         ;         ;         ;         ;         ;         ;         ;         ;         
;95% LL;3229.55;3317.51;3457.06;3641.42;3856.7;4088.32;4360.79;4663.85;5027.29;5492.8;6087.1;6889.5;7936.58;9210.34;10725.9;12549.7;14433;16590.3;19034.7;21425.8;22511.8;22387.5;21303;20072.3;18803.6;17238.4;15639.1;14070.5;13244.9;12840.7;12723.8;12631.9;12483.4;12358;12601.5;14022.1;13603.6;11522.7;11753.4;11992.9;12193.1;12314.4;12325.4;12239.1;12089.5;11885.3;11644.6;11400.6;11164.3;10934.3;10722.7;10532.5;10324.9;10076.2;9806.38;9518.51;9214.97;8953.79;8776.85;8687.41;8675.84;8723.61;8811.75;8901.95;8909.04;8819.23;8677.49;8499.33;8311.36;8145.13;8000.03;         ;         ;         ;         ;         ;         ;         ;         ;         ;         ;         ;         ;         ;         ;         
;95% UL;3229.63;3318.11;3458.88;3645.57;3865.09;4105.23;4394.4;4727.72;5148.43;5730.47;6526.2;7589.69;8942.01;10548;12428.7;14584.5;16777.2;19194.1;21813.3;24250.5;25207.9;24944;23652.9;22178.9;20662.8;18816.1;16903.1;14993.7;14064.7;13679;13618.1;13542.4;13423.9;13307.5;13595.8;15029.9;14506.9;12270.1;12331.3;12435.2;12534.5;12584.2;12547.3;12433.6;12273.1;12066;11831.1;11588.5;11357.3;11133.4;10926.6;10739.6;10531.8;10277;10001.6;9707;9399.84;9136.96;8960.65;8873.17;8870.16;8926.09;9019.7;9112.38;9120.79;9027.46;8879.67;8696.06;8500.95;8326.74;8172.47;         ;         ;         ;         ;         ;         ;         ;         ;         ;         ;         ;         ;         ;         ;         
Female deaths aged 45-49;Mean;4740.85;4779.5;4770.33;4734.3;4708.11;4730.04;4849.85;5060.35;5362.61;5759.18;6257.92;6881.16;7653.37;8533.51;9765.83;11209.6;12632.7;14470.8;16517.9;18574.6;19800.5;20164.3;19784.3;19342.2;18740;17700.7;16421.3;14985.7;14140.9;13647.4;13461.8;13372.5;13367.2;13445.7;14368.9;16708.7;15576;12581;12487.9;12482.8;12597.7;12845.5;13209;13637.6;14063.8;14434;14702.2;14827.6;14825.2;14732.3;14561.7;14336.8;14100.4;13864.6;13637.1;13427.8;13238.7;13020.8;12743;12437.2;12102.3;11741.2;11431.5;11228.4;11134.8;11145.6;11231.1;11371;11517.4;11559.8;11481;         ;         ;         ;         ;         ;         ;         ;         ;         ;         ;         ;         ;         ;         ;         
;95% LL;4740.81;4779.2;4769.48;4732.58;4705.02;4724.76;4840.41;5044.6;5333.58;5711.75;6166.9;6728.75;7429.58;8223.18;9371.45;10713.1;12030.2;13761.2;15719.1;17701.4;18914.2;19319.3;19049.6;18644.1;18101.8;17179;16017.8;14669.9;13831;13330.1;13120.6;13000.9;12988.4;13059.7;13956.9;16277.3;15186.1;12270.3;12240;12294.4;12451.3;12730.7;13109.5;13550.7;13983.5;14361.3;14630;14760.5;14757.2;14659.7;14484.8;14256.8;14013.9;13777.3;13544.6;13329.3;13136.1;12916.6;12639.3;12335.1;12002.8;11644.5;11336.8;11135.2;11042.2;11052.7;11137.4;11276.2;11421.8;11464.5;11387.6;         ;         ;         ;         ;         ;         ;         ;         ;         ;         ;         ;         ;         ;         ;         
;95% UL;4740.87;4779.68;4770.84;4735.34;4709.97;4733.49;4857.04;5075.35;5393.79;5825.03;6385.56;7096.38;7980.18;8991.71;10367.8;11943.9;13457.3;15419.6;17578.3;19720;20970.5;21302.4;20851.5;20312.9;19601.1;18425.3;16985.8;15370.2;14503.4;14015.6;13844.9;13773.6;13788.8;13892.3;14838.1;17205;16015.6;12921.1;12742;12677.7;12757.8;12969.7;13311.6;13726.1;14149.3;14518.6;14781.3;14906.6;14900.7;14809.6;14641.8;14423.5;14189.9;13959.5;13733.9;13527.3;13340.1;13125;12844.9;12538.7;12200.7;11840.2;11531.8;11331.6;11242.5;11259.3;11351.5;11498.2;11646.8;11689.2;11610.6;         ;         ;         ;         ;         ;         ;         ;         ;         ;         ;         ;         ;         ;         ;         
Female deaths aged 50-54;Mean;6015.72;6100.54;6223.53;6365.12;6491.95;6572.13;6606.31;6581.41;6538.62;6536.97;6638.07;6888.08;7309.42;7805.17;8537.06;9606.46;10729.1;11892.6;13239.3;14887.3;15996.3;16674.6;16883.5;16943.3;16876.9;16500.4;15944.4;15245.6;14926.1;14791.8;14795.7;14749.4;14644;14520.1;15755.5;19100;17602.7;13880.7;13967.2;14108;14255.1;14376.3;14467.8;14561.8;14715.7;14978.2;15376.9;15899.2;16491.1;17069.9;17577.5;17960.3;18173;18231.5;18179.9;18032.2;17815.5;17581.5;17344.8;17114.7;16903.6;16714.3;16483.4;16170.4;15816.2;15421.5;14990.4;14620.7;14386;14291.9;14332.4;         ;         ;         ;         ;         ;         ;         ;         ;         ;         ;         ;         ;         ;         ;         
;95% LL;6015.72;6100.47;6223.18;6364.18;6490;6568.9;6600.88;6573.01;6524.82;6516.23;6598.31;6819.31;7201.59;7645.72;8317.19;9321.52;10371.5;11464.6;12752.3;14333.1;15401.4;16086.7;16314.2;16439.1;16439;16128.5;15664.4;15008.5;14683.2;14545.8;14526.7;14455.9;14346.4;14211.5;15424.2;18743.1;17269.3;13601.6;13735.1;13916.5;14055;14166.6;14259.2;14365.2;14538.1;14820.7;15240.5;15785.6;16399.3;16992.9;17508.3;17896.7;18110.8;18170.3;18115.5;17964.7;17744;17503;17261.7;17028.3;16809.6;16614.9;16381.4;16068.2;15715.1;15322.6;14894.1;14526.6;14292.2;14197.8;14237.8;         ;         ;         ;         ;         ;         ;         ;         ;         ;         ;         ;         ;         ;         ;         
;95% UL;6015.73;6100.59;6223.74;6365.69;6493.14;6574.25;6610.15;6588.79;6552.84;6563.73;6690.67;6979.4;7454.39;8019.34;8834.1;9993.19;11182;12427.4;13848.2;15567.2;16718.6;17410.8;17598.3;17604.5;17467.2;16996.6;16325.6;15543.7;15225.7;15087.2;15119.5;15083.3;14984.7;14871.8;16132.7;19511.2;17973.8;14184.1;14219.7;14310.6;14428.2;14530.3;14612.7;14702.4;14846.9;15096.5;15480.6;15994.3;16575.6;17146.7;17650.7;18030.9;18246.5;18301.3;18249.9;18100.9;17889.8;17662.2;17430.8;17208.5;17003.6;16817.6;16590;16277;15921;15524.6;15093.6;14725.8;14494.2;14404.7;14450.2;         ;         ;         ;         ;         ;         ;         ;         ;         ;         ;         ;         ;         ;         ;         
Female deaths aged 55-59;Mean;7345.51;7500.28;7580.29;7610.4;7630.33;7677.85;7789.97;7948.71;8131.26;8301.64;8428.11;8497.5;8524.34;8579.73;8712.3;9100.84;9578.65;10231.4;11196.7;12314.5;13257.5;14078.1;14449.5;14871.8;15216;15377.8;15417.2;15317.4;15423.7;15639.7;15959.7;16276.6;16593.8;16917.8;19188.2;24404.1;22189.6;16697.2;16608.9;16545.9;16549.6;16651;16859.3;17149.3;17473;17773.9;18015.6;18194.6;18354.5;18568.4;18908.4;19419.1;20097.5;20881.5;21668.6;22382.9;22951.8;23312.8;23481.7;23510.5;23412.5;23219.9;23001.3;22774.5;22550.5;22345.5;22163.6;21924.2;21574.8;21163.3;20684.3;         ;         ;         ;         ;         ;         ;         ;         ;         ;         ;         ;         ;         ;         ;         
;95% LL;7345.51;7500.28;7580.28;7610.36;7630.16;7677.21;7788.24;7945.31;8125.07;8291.94;8409.09;8463.83;8474.46;8509.31;8613.43;8972.16;9404.75;10005.7;10920;11999.4;12913.8;13713.3;14115.9;14543.6;14906.8;15142.5;15232.4;15169;15270.8;15475.2;15779.4;16066.7;16365.1;16667.8;18914.1;24097.4;21907.1;16459.1;16400.2;16308.7;16290.1;16373.5;16577.1;16862.6;17183.2;17484.3;17731;17920.8;18098.9;18338;18703.9;19235.4;19934.6;20738.9;21545.8;22278.5;22868.6;23249.5;23432.6;23462.1;23360.2;23164.5;22940.6;22706;22473.1;22261.3;22072.8;21829.5;21479;21067.6;20589.5;         ;         ;         ;         ;         ;         ;         ;         ;         ;         ;         ;         ;         ;         ;         
;95% UL;7345.51;7500.28;7580.29;7610.43;7630.44;7678.3;7791.25;7951.62;8137.56;8313.52;8451.6;8538.52;8588.47;8672.44;8839.29;9268.2;9792;10497.2;11517;12685.8;13663.3;14498.9;14862.6;15260.4;15568.1;15674.2;15639.3;15512.9;15619;15860.5;16182.6;16517.3;16850.8;17198.1;19501.6;24732.5;22495.1;16948.3;16819.9;16743.2;16734.5;16830.2;17039.1;17340.5;17673.2;17980.1;18218.6;18396.6;18544.5;18743.1;19066.4;19566;20233.2;20999.7;21769.2;22466.6;23024.6;23376.5;23540.4;23567.6;23469.1;23279.2;23066.6;22845.8;22629.8;22434.6;22260.2;22025;21676.6;21267.1;20790.3;         ;         ;         ;         ;         ;         ;         ;         ;         ;         ;         ;         ;         ;         ;         
Male deaths aged <1 year;Mean;30407.6;29486.9;28566.5;27609.7;26664.4;25786.2;25249.8;25053.6;25041.5;25170.9;25386.5;25553.5;25732.3;26203.3;25906.8;26207.9;26370;28356.2;29353.2;30029.5;30027.6;29305.9;27323.2;25089.6;22029.6;19811.1;18970.7;18755;18614.5;18378.9;18060.2;17745.6;17390.6;17176.1;15903.1;15973.1;18775;19050.8;18689.7;18313.6;17931.1;17542.4;17154.1;16770.6;16394.7;16028.3;15674.1;15333.5;15002.2;14677.1;14356.5;14038;13718.9;13398.7;13077.9;12757.5;12438;12120.4;11805.2;11493.4;11186.3;10885.4;10591.9;10306.7;10030.7;9764.49;9508.09;9261.27;9024.02;8796.18;8577.3;         ;         ;         ;         ;         ;         ;         ;         ;         ;         ;         ;         ;         ;         ;         
;95% LL;30404.3;29476.6;28547.9;27576.7;26607;25687.3;25095.5;24785.4;24614.7;24648.2;24772.3;24886;25070.3;25537.5;25278;25582.5;25772.4;27843.1;28867.9;29581.6;29598.2;28942;27009.9;24854.2;21869.1;19708.7;18876.7;18660.9;18525;18292.8;17978.7;17667.7;17316.1;17104.1;15837.3;15907.7;18692.7;18944.7;18577.3;18197.7;17813.4;17424.2;17036.7;16654.7;16280.9;15917.1;15565.8;15228;14899.6;14577.5;14259.9;13944.6;13628.8;13312;12994.8;12677.8;12361.9;12047.7;11735.9;11427.6;11124.2;10826.5;10535.8;10253;9978.87;9714.13;9458.9;9212.99;8976.57;8749.84;8532;         ;         ;         ;         ;         ;         ;         ;         ;         ;         ;         ;         ;         ;         ;         
;95% UL;30409.5;29493.2;28577.1;27630;26709.2;25881.2;25448.9;25430.3;25574;25812.8;26094.5;26283;26458.3;26879.1;26531;26765.3;26921.9;28890.2;29864.6;30542.1;30526.3;29773.7;27706.2;25389.5;22235.2;19943.5;19068.7;18841.3;18692.2;18448.1;18115.2;17798.3;17439.5;17223.2;15946.6;16015.3;18829;19120.3;18771.4;18403.5;18026.6;17641.1;17254.5;16871.1;16494.2;16123.6;15765.9;15422.6;15088.5;14760.4;14437.4;14117;13795.9;13473.1;13148.8;12824.6;12501.6;12180.1;11861.3;11546.2;11236.1;10933.2;10638;10351.3;10074;9806.56;9549.1;9301.36;9063.28;8834.69;8615.2;         ;         ;         ;         ;         ;         ;         ;         ;         ;         ;         ;         ;         ;         ;         
Male deaths aged 1-4;Mean;11552.2;11186.2;10801.9;10420.6;10027.6;9654.2;9327.21;9156.51;9142.74;9280.62;9538.1;9839.27;10405.7;11215.9;11782.6;12687.1;13319.9;13384;13771.5;14123;13703.9;13302.2;12944.1;12390.2;11072.8;9314.95;8103.83;7560.67;7258.1;7087.2;6896.43;6730.86;6625.32;6506.03;5846.01;5697.11;6762.86;7053.6;6902.34;6741.29;6587.87;6441.87;6300.75;6165.07;6034.2;5905.75;5779.67;5656.61;5537.74;5422.93;5311.2;5201.77;5093.78;4986.35;4878.89;4771.2;4663.35;4555.55;4448.07;4341.15;4235.07;4130.19;4026.99;3925.91;3827.37;3731.74;3639.3;3550.24;3464.57;3382.28;3303.36;         ;         ;         ;         ;         ;         ;         ;         ;         ;         ;         ;         ;         ;         ;         
;95% LL;11552.1;11184.3;10796.2;10409.3;10006.8;9618.45;9266.35;9058.14;8979.59;9019.26;9214.56;9455.71;9972.15;10781.3;11352.4;12273.4;12927.5;13003.2;13416.4;13812.6;13425.4;13050.9;12722.6;12187.9;10922.3;9211.9;8036.21;7511.45;7215.71;7048.08;6863.95;6701.78;6597.75;6479.8;5821.85;5673.4;6737.2;7026.21;6872.71;6708.33;6551.97;6403.84;6261.55;6125.39;5994.52;5866.42;5740.93;5618.63;5500.62;5386.71;5275.91;5167.43;5060.44;4954.06;4847.71;4741.18;4634.51;4527.92;4421.63;4315.9;4210.97;4107.21;4005.06;3904.95;3807.3;3712.47;3620.74;3532.28;3447.14;3365.32;3286.81;         ;         ;         ;         ;         ;         ;         ;         ;         ;         ;         ;         ;         ;         ;         
;95% UL;11552.2;11187.4;10805.2;10427.1;10041;9683.85;9389.39;9284.15;9377.95;9618.59;9955.44;10304.2;10901.9;11714.9;12260.3;13132.3;13721.9;13736.3;14120.4;14472.1;14011.6;13591;13227.7;12650;11269.8;9449.6;8194.2;7626.59;7312.5;7136.95;6936.34;6764.1;6655.9;6533.84;5872.25;5722.5;6790.09;7081.47;6933.27;6772.91;6620.99;6476.15;6336.21;6201.48;6071.26;5943.28;5816.66;5693.07;5573.34;5457.28;5344.69;5234.66;5125.65;5017.03;4908.29;4799.27;4690.06;4581.11;4472.59;4364.64;4257.58;4151.86;4047.64;3945.73;3846.43;3750.11;3657.07;3567.46;3481.33;3398.64;3319.37;         ;         ;         ;         ;         ;         ;         ;         ;         ;         ;         ;         ;         ;         ;         
Male deaths aged 5-9;Mean;1817.02;1911.51;2018.69;2131.19;2239.7;2326.06;2395.79;2453.78;2506.68;2563.62;2639.19;2742.98;2927.91;2788.95;3034.88;3318.62;3669.62;3930.81;4246.13;4442.16;4300.66;4078.58;3808.86;3606.41;3391.7;3080.62;2833.54;2751.56;2675.46;2574.98;2368.97;2134.82;1950.1;1801.86;1650.89;1661.38;1786.55;1764.49;1745.61;1701.03;1645.81;1584.37;1533.61;1493.66;1462.71;1438.06;1418.55;1399.65;1381.1;1362.51;1343.86;1325.25;1306.89;1288.89;1271.23;1253.82;1236.52;1219.13;1201.46;1183.44;1165;1146.14;1126.9;1107.33;1087.5;1067.5;1047.43;1027.4;1007.51;987.882;968.627;         ;         ;         ;         ;         ;         ;         ;         ;         ;         ;         ;         ;         ;         ;         
;95% LL;1817.02;1911.51;2018.69;2131.17;2239.52;2325.34;2393.85;2449.71;2498.93;2550.31;2617.27;2705.88;2868.38;2697.75;2915.46;3170.28;3498.52;3757.56;4080.69;4284.97;4162.05;3957.21;3700.66;3513.61;3318.53;3027.1;2798.13;2722.07;2648.28;2548.84;2346.6;2116.03;1933.89;1787.27;1637.25;1647.7;1771.95;1749.17;1729.83;1686.77;1633.45;1574.06;1524.83;1485.83;1455.32;1430.79;1411.11;1391.82;1373.02;1354.3;1335.59;1317;1298.71;1280.81;1263.26;1245.98;1228.84;1211.61;1194.12;1176.3;1158.08;1139.44;1120.44;1101.11;1081.5;1061.75;1041.9;1022.09;1002.39;982.946;963.862;         ;         ;         ;         ;         ;         ;         ;         ;         ;         ;         ;         ;         ;         ;         
;95% UL;1817.02;1911.51;2018.69;2131.21;2239.81;2326.49;2396.94;2456.4;2512.29;2575.74;2663.43;2791.19;3013.55;2917.29;3203.43;3517.48;3883.51;4146.74;4454.61;4636.92;4471.77;4221.37;3924.78;3699.46;3470.26;3145.35;2884.78;2792.03;2710.84;2609.28;2397.99;2157.28;1969.92;1818.73;1666.06;1677.2;1802.93;1781.79;1763.41;1716.78;1659.21;1595.28;1542.71;1502.3;1471.59;1447.24;1428.28;1409.79;1391.67;1373.32;1354.76;1336.13;1317.67;1299.49;1281.58;1263.88;1246.25;1228.49;1210.59;1192.31;1173.59;1154.42;1134.87;1114.98;1094.84;1074.54;1054.18;1033.86;1013.71;993.85;974.378;         ;         ;         ;         ;         ;         ;         ;         ;         ;         ;         ;         ;         ;         ;         
Male deaths aged 10-14;Mean;1753.18;1805.47;1848.96;1882.61;1909.96;1939.13;1976.96;2017.98;2072.89;2135.61;2195.13;2242.16;2299.66;2205.95;2224.08;2247.27;2384.31;2454.52;2710.1;3012.67;3249.87;3519.26;3573.96;3535.69;3421.88;3212.82;2818.93;2574.21;2410.24;2349.69;2332.17;2276.2;2227.25;2140.65;2028.32;2033.39;2163.78;1998.71;1913.31;1830.62;1769.45;1723.7;1671.62;1612.6;1559.28;1514.9;1475.25;1443.09;1420.5;1401.4;1385.96;1375.41;1367.84;1360.62;1353.16;1345.38;1337.29;1329.08;1320.94;1312.93;1305.08;1297.36;1289.61;1281.53;1273.01;1263.93;1254.2;1243.77;1232.69;1221.01;1208.79;         ;         ;         ;         ;         ;         ;         ;         ;         ;         ;         ;         ;         ;         ;         
;95% LL;1753.18;1805.47;1848.96;1882.61;1909.96;1939.13;1976.96;2017.98;2072.87;2135.43;2194.35;2239.8;2294.53;2195.76;2206.67;2217.58;2334.02;2373.41;2586.75;2855.68;3062.65;3318.83;3387.36;3364.86;3273.73;3087.56;2734.29;2514.7;2366.73;2311.16;2294.65;2237.13;2186.52;2099.11;1987.06;1991.26;2125.23;1965.43;1885.15;1804.53;1745.88;1702.68;1653.38;1596.74;1545.24;1502.03;1463.27;1431.75;1409.67;1391;1375.86;1365.38;1357.81;1350.55;1343.06;1335.26;1327.2;1319.04;1311.01;1303.14;1295.49;1288;1280.4;1272.58;1264.24;1255.33;1245.78;1235.56;1224.7;1213.25;1201.27;         ;         ;         ;         ;         ;         ;         ;         ;         ;         ;         ;         ;         ;         ;         
;95% UL;1753.18;1805.47;1848.96;1882.61;1909.96;1939.13;1976.97;2017.99;2072.91;2135.72;2195.58;2243.55;2302.94;2213.22;2239.86;2279.61;2451.02;2573.48;2885.28;3238.39;3502.27;3773.87;3813.07;3748.52;3603.69;3357.84;2917.68;2645.05;2460.28;2397.93;2380.61;2324.65;2278.61;2195.05;2084.52;2086.56;2212.14;2038.75;1946.72;1860.29;1796.26;1747.76;1692.42;1630.09;1574.52;1528.58;1487.7;1455.04;1431.87;1412.71;1397.58;1387.91;1380.61;1373.54;1366.38;1358.88;1350.91;1342.68;1334.66;1326.65;1318.52;1310.47;1302.36;1293.88;1285.06;1275.65;1265.56;1254.75;1243.27;1231.19;1218.57;         ;         ;         ;         ;         ;         ;         ;         ;         ;         ;         ;         ;         ;         ;         
Male deaths aged 20-24;Mean;6689.01;6795.23;6874.91;6941.11;7016.74;7128.01;7300.35;7738.41;8256.78;8845.83;9488.34;10160.5;10699;10891;10962.6;10949.3;11245.7;11920.1;12337.1;12465;12655.4;12532.7;12519.3;12181.6;11797.8;11323.3;10793.2;10321;9989.91;9761.87;9589.66;9423.46;9234.16;9013.93;8540.24;8689.89;9454.86;9288.3;9170.66;9147.74;9219.21;9364.91;9566.24;9785.74;9918.02;9940.62;9908.84;9836.62;9748.72;9687.31;9652.56;9608.91;9530.44;9415.82;9285.32;9151.09;9024.77;8924.48;8847.76;8782.96;8733.01;8696.48;8663.69;8628.2;8589.5;8548.41;8506.15;8464.13;8423.4;8384.36;8346.85;         ;         ;         ;         ;         ;         ;         ;         ;         ;         ;         ;         ;         ;         ;         
;95% LL;6688.95;6794.79;6873.8;6938.88;7012.62;7120.26;7286.86;7715;8215.64;8779.34;9389.49;10013.2;10506.4;10649.8;10673.6;10620.1;10891.5;11558.3;11981.1;12105.8;12310.7;12213.7;12231.2;11927.8;11577.7;11140.2;10641.4;10191;9870.78;9645.7;9470.69;9305.72;9124.83;8915.08;8447.35;8605.96;9382.43;9228.71;9119.04;9104.07;9182.42;9332.07;9529.55;9744;9873.02;9894.01;9861.75;9789.91;9702.99;9642.68;9609.05;9566.72;9489.74;9376.53;9247.44;9114.39;8988.73;8888.21;8810.48;8742.36;8687.56;8647.92;8612.93;8575.91;8536.21;8494.53;8451.99;8409.95;8369.38;8330.64;8293.52;         ;         ;         ;         ;         ;         ;         ;         ;         ;         ;         ;         ;         ;         ;         
;95% UL;6689.06;6795.49;6875.61;6942.57;7019.62;7133.75;7312.46;7762.4;8300.63;8922.77;9613.72;10352;10931.2;11170.9;11277.2;11279.6;11603.2;12281.5;12701.4;12838.7;13020.1;12877.2;12831.3;12453.4;12036.5;11524.8;10962.5;10459.6;10113.6;9880.47;9699.93;9521.69;9328.08;9105.82;8630.3;8776.36;9533.94;9352.58;9221.52;9190.7;9257.45;9402.13;9603.38;9822.66;9955.72;9977.44;9943.84;9869.53;9780.06;9717.13;9680.66;9636.01;9556.48;9440.78;9309.27;9174.58;9047.71;8947.28;8871.48;8809.5;8763.94;8732.76;8705.04;8673.04;8635.87;8595.57;8553.5;8511.23;8469.93;8430.11;8392.03;         ;         ;         ;         ;         ;         ;         ;         ;         ;         ;         ;         ;         ;         ;         
Male deaths aged 25-29;Mean;7313.25;7599.97;7870.16;8123.01;8356.17;8574.48;8790.68;9223.4;9767.97;10495.3;11474.9;12766.9;14133;15713.3;17127.5;18263.6;19769.5;21607;23075;23627.1;24023.7;23942.1;23714;23306.1;22740;21630.3;20062.4;18426.2;17351.4;16666.8;16105;15405.1;14651.9;13978.4;13412.8;14145.3;15236.9;14661.7;14271.8;13901.4;13533.4;13169.5;12880.5;12728.4;12725.6;12858.9;13081.2;13364.2;13648.1;13800.3;13803.6;13733.3;13614;13481.7;13380.2;13304.7;13212.6;13074;12892.8;12697.2;12500.7;12316.7;12167.8;12051.1;11951.8;11871.7;11807.8;11748.5;11686.3;11620.6;11552.8;         ;         ;         ;         ;         ;         ;         ;         ;         ;         ;         ;         ;         ;         ;         
;95% LL;7313.1;7598.88;7867.03;8116.54;8344.5;8553.92;8757.48;9164.32;9669.1;10326.5;11197.5;12365.4;13609.6;15067.7;16358.8;17393;18808.9;20564.6;21998.1;22465.5;22852.7;22805.2;22632.7;22280.5;21768.4;20744;19267.6;17738.8;16725.7;16073.6;15539.6;14871.7;14171.9;13544;13014.6;13788.7;14934.4;14417.6;14083;13755.6;13420.5;13079.8;12806.3;12665.1;12670.2;12806.4;13027.5;13308.2;13591.7;13741.1;13743;13672.4;13553.7;13422.7;13322.6;13248.7;13158.4;13021.7;12842.4;12648.5;12453.3;12269.5;12119.2;11999.7;11896.8;11812.5;11744.7;11682.8;11618.7;11551.8;11483.2;         ;         ;         ;         ;         ;         ;         ;         ;         ;         ;         ;         ;         ;         ;         
;95% UL;7313.33;7600.64;7872.09;8127.15;8364.1;8590.45;8826.86;9291.96;9889.06;10701.8;11794.6;13214.6;14712.8;16436.6;17975.8;19199.9;20784;22671.4;24125.6;24673.6;25033.4;24973.6;24707.8;24265.8;23630.2;22431.7;20766.8;18970.5;17825.1;17136.4;16566.6;15844;15055.7;14354.2;13774.3;14487.9;15536;14905.6;14460.2;14045.9;13643.5;13260.3;12954.7;12791.5;12783.7;12915.2;13137.1;13421.7;13708.1;13858.9;13859.4;13786;13666.3;13533.4;13430.1;13353;13258.1;13117;12933.5;12735.9;12536.7;12351.8;12203.6;12090.2;11993.7;11918.1;11860.3;11806.1;11746.4;11682.3;11615.3;         ;         ;         ;         ;         ;         ;         ;         ;         ;         ;         ;         ;         ;         ;         
Male deaths aged 30-34;Mean;6454.63;6814.15;7193.61;7593.4;8009.43;8443.53;8916.75;9599.56;10447.5;11525.1;12875.6;14510.5;16251.3;17972.4;19830.9;21319.2;23465.6;25652.1;28604;30496.1;31813.1;31965.8;31547.9;30468.6;29251.1;27369.8;24995.5;22754.9;21603.1;21141.9;20914.6;20299.5;19299.9;18221.4;17518.6;18301.1;19101.2;18150.3;17391.4;16770.9;16271.9;15902.7;15564.1;15198.3;14849.8;14506.5;14161.8;13889.6;13742.2;13740.5;13871.6;14077.7;14331.7;14572.6;14670.4;14617.8;14494;14328.2;14157.2;14017.5;13899.2;13761.3;13575.1;13349.6;13115.8;12884.9;12669.7;12491.3;12346.2;12220.1;12113.5;         ;         ;         ;         ;         ;         ;         ;         ;         ;         ;         ;         ;         ;         ;         
;95% LL;6454.49;6812.94;7189.73;7584.5;7992.02;8411.28;8860.68;9499.64;10238.1;11150.1;12295.9;13729.9;15314.8;16925.5;18684.6;20104.4;22164;24311.1;27255.6;29142.2;30468.4;30579;30138.3;29063.6;27864.1;26052.2;23769.9;21655.4;20548.1;20055.8;19773;19229.7;18353.1;17345.7;16708.7;17564;18464;17633.3;16996.2;16472.1;16048.6;15726.6;15427.4;15086.6;14751.3;14424.1;14088;13819.6;13673.9;13675.4;13808.6;14015.8;14268.6;14509.2;14607.6;14556.6;14433.4;14268.7;14099.5;13961.7;13845.4;13709.7;13525.8;13302.6;13070.6;12841.2;12626.2;12446.4;12298.4;12168.8;12058.2;         ;         ;         ;         ;         ;         ;         ;         ;         ;         ;         ;         ;         ;         ;         
;95% UL;6454.71;6814.88;7195.92;7598.85;8021.23;8472.83;8978.57;9731.35;10698;11960;13517;15343.5;17231;19056.7;21020;22617.5;24839;27078.4;30081.2;31986.8;33257;33368.4;32872.9;31696.6;30380.2;28454.8;25968.9;23656.3;22434.3;21969.4;21761.3;21139.6;20102.6;18987.3;18274.6;19016.4;19707.1;18631.3;17762.3;17057;16488.8;16074.1;15703.5;15310.4;14945.7;14591.6;14239;13959;13808.3;13805;13935.7;14143.3;14399.1;14641.3;14739.9;14688.8;14564.6;14396.4;14221.8;14080;13959.6;13819.5;13630.1;13400.1;13163.7;12929.3;12713.1;12536.5;12393.2;12267.9;12164.4;         ;         ;         ;         ;         ;         ;         ;         ;         ;         ;         ;         ;         ;         ;         
Male deaths aged 35-39;Mean;5918.3;6271.63;6616.26;6963.28;7328.02;7736.78;8230.56;8984.22;9983.54;11307.3;12995.7;15038.5;17252.7;19501.3;21578.9;23452.9;25466.6;27834.1;29677.1;31391.9;31817.8;31700.2;31216.3;30322.4;29288.4;27401.2;24800.4;22182.5;20697.4;20049.6;19908.7;19703.2;19375.4;19095.5;19207.2;20853.1;21357.5;19504.7;18822.2;18150.3;17478.4;16860.4;16317.6;15849.7;15466.6;15164.9;14936.9;14704.3;14420;14123.4;13809.3;13474.8;13197.3;13036;13005.6;13092.9;13250.6;13456.6;13657;13727.9;13659.1;13523.5;13345.6;13158.9;13002.2;12870.3;12724.2;12536.4;12313.2;12080.9;11850.6;         ;         ;         ;         ;         ;         ;         ;         ;         ;         ;         ;         ;         ;         ;         
;95% LL;5918.2;6270.7;6613.04;6955.39;7311.18;7703.64;8168.73;8857.82;9710.09;10824.9;12230.9;13986.2;15947.5;17916;19800.1;21553.7;23557;25874.3;27841.6;29678.8;30257.9;30226.9;29855.5;29096.9;28167.4;26314;23804.4;21321.6;19896.3;19200.7;18975.8;18719.8;18391.4;18115.8;18229.6;19918.5;20531.6;18820.2;18285.5;17731.9;17155.4;16608.1;16117.3;15686.9;15328.2;15039.4;14819.9;14595.5;14320.2;14034.5;13728.8;13399.5;13124.3;12966.1;12936.7;13025.9;13181.8;13387.5;13589.5;13662.4;13596;13463;13287.6;13102.9;12947.3;12817.9;12673.6;12487.4;12265.6;12036.2;11808.4;         ;         ;         ;         ;         ;         ;         ;         ;         ;         ;         ;         ;         ;         ;         
;95% UL;5918.36;6272.18;6618.17;6968.25;7340.07;7768.44;8298.82;9143.24;10292.8;11857.1;13826.5;16135.8;18566;20959;23142.2;25037.1;27029;29456.8;31183.4;32810.7;33149.3;32942.1;32461.2;31568.6;30480.7;28442.5;25675.8;22934.1;21413.3;20816.7;20718.5;20506.4;20135.5;19837.7;19982.7;21633.2;22065.1;20107.2;19304.7;18516.3;17762.8;17076.4;16492.8;15997.1;15595.7;15282.3;15045.6;14804;14510.4;14207.4;13886.7;13547.6;13268.7;13105.1;13075;13162.2;13319.6;13525.1;13725;13797.2;13726.6;13589.7;13409.9;13220.9;13061.7;12927.2;12778.6;12588.3;12362.6;12127.1;11894.7;         ;         ;         ;         ;         ;         ;         ;         ;         ;         ;         ;         ;         ;         ;         
Male deaths aged 40-44;Mean;5896.41;6157.11;6495.67;6904.61;7364.23;7859.05;8399.82;9131.74;10057.7;11274.3;12857.9;14839.6;17045.4;19060.4;21262.1;23474.5;25540.9;27508.3;29521.4;31062.1;31646.1;31029.8;29821.2;28322.4;26858.5;24953.4;22766.9;20803.1;19847.9;19532.1;19524.7;19334.8;18946.4;18592.4;18228.7;19790.7;20156;18374.5;18553.5;18737.7;18861.9;18904.7;18811.7;18610.8;18350;18027.9;17670.1;17322.3;16992.2;16693.6;16442.8;16244.1;16028.7;15751.8;15453.4;15127.6;14767.7;14461.2;14282.3;14240.7;14325.3;14492.4;14719.4;14953;15053.6;15001.3;14875.3;14697.8;14504.3;14342.3;14210.2;         ;         ;         ;         ;         ;         ;         ;         ;         ;         ;         ;         ;         ;         ;         
;95% LL;5896.35;6156.55;6493.61;6899.28;7351.96;7833.56;8349.07;9021.31;9819.36;10853.6;12176.6;13877.5;15808.4;17497.4;19453.3;21528.8;23523;25461.6;27539.2;29119.9;29952.7;29583.6;28574.3;27253.3;25949.1;24164.5;22051.8;20170.6;19225.6;18884.9;18853.3;18671.7;18305.9;17987.7;17596.9;19179.9;19603.1;17886;18165.3;18424.3;18608;18700.6;18642.1;18467.7;18217.1;17901;17545.6;17200.6;16872.8;16576.3;16328.6;16133.8;15923.3;15653.5;15360.7;15041.3;14687.7;14385.1;14207.3;14168.4;14253.5;14420.5;14647;14879.1;14980.4;14930;14806.7;14631.3;14440.6;14280.4;14149.7;         ;         ;         ;         ;         ;         ;         ;         ;         ;         ;         ;         ;         ;         ;         
;95% UL;5896.44;6157.43;6496.87;6908.07;7373.6;7884.27;8456.61;9267.56;10325.3;11752;13595.4;15838.3;18307.9;20513.9;22825.5;25083.2;27265.1;29147.8;31079.6;32499.1;33033.7;32362.7;30964.3;29278.9;27713.3;25676.3;23336.2;21332.9;20350.6;20014.7;20036.4;19851.5;19454.2;19099.5;18746.2;20318;20661.9;18833.2;18931.3;19036.5;19081.7;19075.2;18949.7;18729.7;18456.5;18130.8;17771.7;17422.7;17094.1;16795.8;16540.9;16341.2;16122.3;15841.3;15538.3;15205.1;14841.4;14533.4;14353.3;14311.9;14396.1;14566.3;14794.5;15027.2;15127.8;15075.3;14947.9;14767.8;14573;14408.4;14272.9;         ;         ;         ;         ;         ;         ;         ;         ;         ;         ;         ;         ;         ;         ;         
Male deaths aged 45-49;Mean;7440.16;7644.6;7789.45;7905.85;8046.99;8273.55;8636.52;9266.76;10120.6;11226.8;12597.3;14229.1;15962;17482.4;19164.3;20740.9;22562.3;24358.4;26357.6;27802.8;28342;28195.6;27328.5;26282;25178.2;23665.8;21905.7;20283.4;19442.7;19133.3;19166.9;19231.5;19309.7;19506.9;19636.6;22045.6;21852.9;19056.3;19151.9;19337.5;19653.7;20145.7;20782.3;21497.5;22197.2;22806.2;23254.2;23482.2;23517.9;23412.8;23180.1;22864.4;22538.3;22217.2;21921.4;21675;21486.5;21275.4;20980.7;20642.5;20249.2;19794.1;19404.3;19182.9;19136.5;19261.3;19511.3;19858.7;20229.8;20431.9;20432.5;         ;         ;         ;         ;         ;         ;         ;         ;         ;         ;         ;         ;         ;         ;         
;95% LL;7440.12;7644.25;7788.18;7902.62;8039.58;8258.15;8605.59;9195.82;9965.73;10943.7;12123.6;13540;15041.3;16294.7;17756.7;19215.9;20959.1;22680.9;24763.7;26244.1;26946.4;26978.1;26317.9;25479;24508.1;23103;21435.7;19901;19136.9;18803.4;18811.2;18868.9;18967.7;19180.9;19308.7;21717.2;21548.8;18796.1;18956.6;19184.6;19530.9;20039.8;20693.3;21421.8;22131.8;22753.5;23205;23430.7;23454;23337.6;23097.1;22774.7;22442.9;22117.9;21820.1;21572.4;21383.4;21173.2;20882.4;20548.9;20159.2;19707.6;19321.9;19103.1;19054.9;19181.8;19433.1;19778.1;20146.5;20350.4;20351.3;         ;         ;         ;         ;         ;         ;         ;         ;         ;         ;         ;         ;         ;         ;         
;95% UL;7440.18;7644.81;7790.19;7907.95;8052.88;8288.92;8672.13;9353.53;10296.6;11549.6;13112.9;14958.4;16909.5;18599.4;20381.2;22035;23966.4;25706.5;27650.1;28985.8;29388.6;29187.8;28210.5;26988.7;25723.1;24098.7;22286.5;20610.6;19742.2;19452.8;19513.6;19593.9;19675.5;19872.2;20009.4;22409.2;22179.9;19332.3;19353.5;19489.9;19775.9;20245.8;20866;21570.3;22258.5;22856.7;23298.8;23528.1;23570.6;23473.4;23246.5;22941;22619.2;22301.7;22010.9;21768;21579.4;21366.3;21067.6;20728.3;20330.5;19874.6;19484;19263;19216.6;19343.6;19596.7;19946.7;20319.7;20521.7;20522.1;         ;         ;         ;         ;         ;         ;         ;         ;         ;         ;         ;         ;         ;         ;         
Male deaths aged 50-54;Mean;8919.84;9145.95;9435.01;9770.08;10107.1;10406.1;10646.5;10907.6;11203.8;11638;12312.9;13294.7;14503.7;15525.4;16854.4;18139.5;19529.1;20862.5;22401.2;23445.3;23836.7;24146.1;24045.6;23725.1;23333.6;22616.6;21688.9;20783.2;20407;20356.9;20489;20571.5;20589.5;20654.2;20948;24022.2;23581.2;20268.8;20754.1;21305.7;21858.3;22385.4;22867.9;23348;23905.9;24609.6;25496.9;26547;27677.7;28761.7;29713.7;30447.3;30892.8;31084.4;31088.2;30919.2;30634.1;30328.1;30020.4;29738.8;29516;29364.2;29169.7;28845.7;28449.6;27969.6;27397.2;26908.4;26649.1;26634.9;26864.6;         ;         ;         ;         ;         ;         ;         ;         ;         ;         ;         ;         ;         ;         ;         
;95% LL;8919.84;9145.86;9434.49;9768.42;10102.9;10397;10628.4;10866.6;11117.8;11483.5;12054.8;12912.4;13970.7;14807.4;15962.3;17131.2;18455.6;19710.4;21290.1;22360.4;22849.1;23278.8;23341.4;23149.1;22872.9;22275.9;21430.8;20526.4;20147.2;20061.1;20169.9;20253.3;20294;20362.5;20656;23718.5;23308;20031;20539.8;21084.8;21633;22157.8;22648.3;23140.5;23717.7;24441.2;25347.9;26416.7;27565.5;28667.1;29636.1;30386;30846.3;31047.6;31055.9;30876.3;30582.9;30264.8;29947.3;29658.7;29428.9;29274.2;29079.9;28755.1;28356.8;27877.4;27305.5;26817.3;26558.6;26542;26764.2;         ;         ;         ;         ;         ;         ;         ;         ;         ;         ;         ;         ;         ;         ;         
;95% UL;8919.85;9146.01;9435.33;9771.22;10110.6;10415.2;10667.6;10957.4;11302.6;11815.3;12596.1;13708;15060.6;16212.1;17637.6;19011.5;20503.3;21828;23340.7;24293.2;24587.5;24841.7;24658.7;24185.2;23661.9;22918.6;21959.1;21079.7;20732;20717;20874;20959.4;20979.9;21032.6;21314.5;24379.5;23895.8;20525.6;20965.2;21528.6;22071.2;22581.4;23061.4;23530.5;24082.6;24774.2;25643.9;26674;27786;28854.6;29791.4;30510.5;30938.9;31121.2;31122.6;30957.1;30679.7;30382;30085.2;29814.4;29597.4;29450.6;29260;28937.8;28540.7;28060.3;27487.7;27003.6;26748;26734.1;26965.9;         ;         ;         ;         ;         ;         ;         ;         ;         ;         ;         ;         ;         ;         ;         
Male deaths aged 55-59;Mean;10435.7;10631.8;10745;10814.3;10890.5;11020;11236.8;11559.9;11981.3;12458.4;12949.4;13424.8;13862;14051.7;14696.1;15410.2;15969.3;17136.5;18258.6;19277.7;20086.1;20579;20814.8;21005.3;21134.1;21088.6;20948.2;20801;21002.9;21414.4;21928.5;22387.6;22788.5;23199.2;24353.9;28764.9;27484.6;22613.2;22850.7;23159.5;23571.1;24128.7;24842;25684.8;26593.1;27491.4;28325;29077.7;29804;30605.3;31581.9;32793.3;34228.6;35786.7;37304.5;38670;39765.8;40494.7;40897.2;41055.3;40980.8;40746.3;40477.9;40199.5;39947.3;39765.4;39670.2;39506.5;39159;38706.7;38126.3;         ;         ;         ;         ;         ;         ;         ;         ;         ;         ;         ;         ;         ;         ;         
;95% LL;10435.7;10631.8;10744.8;10813.8;10889;11016.3;11228.6;11540;11938.4;12379;12815.2;13226.7;13586.7;13685.4;14243;14892.9;15401.9;16520.5;17637.6;18648.7;19489.4;20049.3;20381.2;20637.7;20887.5;20867.1;20680.1;20501.4;20684.3;21083.4;21571.9;22008;22381.9;22790.9;23938.3;28302.9;27059.7;22281.2;22516.3;22828.1;23243.2;23813.7;24532.6;25373.9;26278.3;27168.6;28015.3;28788.8;29537.9;30352.5;31347.5;32580.6;34035.1;35613.4;37152.1;38538.9;39655.5;40403.3;40821.7;40997.1;40935.8;40706.7;40433.2;40140.5;39875.2;39681.2;39577.7;39405;39051.2;38593.6;38007.8;         ;         ;         ;         ;         ;         ;         ;         ;         ;         ;         ;         ;         ;         ;         
;95% UL;10435.7;10631.8;10745;10814.7;10891.9;11023.9;11246.6;11584;12030.8;12549.7;13097.2;13643.1;14154.3;14408.5;15100.7;15867.3;16494.5;17682.6;18803.8;19790.3;20549.3;21008.9;21201.3;21273.8;21348.3;21296.1;21194.4;21090.8;21362.1;21811.7;22357.5;22833.4;23257.7;23697.8;24888.2;29398.2;28048.4;23057;23253.1;23555.1;23938.5;24474.8;25169.8;25992.9;26885.1;27791.6;28634.6;29388.8;30109.2;30898.5;31849.5;33041;34460;35999.1;37493.3;38832.7;39901.4;40603.1;40979.6;41117.9;41027.7;40788.7;40518.4;40249;40008.3;39838.2;39759.4;39609.7;39270.8;38821.6;38241.5;         ;         ;         ;         ;         ;         ;         ;         ;         ;         ;         ;         ;         ;         ;         
Non-AIDS female deaths, ages 20-24;Mean;2803.86;2908.73;3000.12;3082.34;3166.02;3263.73;3434.16;3657.59;3902.84;4154.05;4392.18;4601.45;4711.82;4632.79;4714.5;4768.14;4748.98;4983.38;5248.41;5529.29;5635.59;5584.59;5528.06;5405.48;5249.69;5063.85;4855.83;4669.56;4481.14;4291.94;4105.39;3921.77;3722.41;3497.21;3434.49;3714.43;3692.62;3254.37;3190.64;3164.03;3172.22;3204.47;3254.49;3307.52;3330.73;3320.85;3294.8;3256.92;3214.22;3177.07;3143.88;3105.45;3055.42;2994.55;2929.43;2863.58;2800.98;2747.02;2700.8;2658.61;2620.63;2586.04;2552.38;2518.23;2483.59;2448.76;2414.15;2380.16;2347.06;2314.9;2283.58;         ;         ;         ;         ;         ;         ;         ;         ;         ;         ;         ;         ;         ;         ;         
;95% LL;2803.86;2908.72;3000.11;3082.32;3165.99;3263.67;3434.05;3657.34;3902.34;4153.09;4390.38;4598.45;4707.46;4627.3;4707.92;4760.89;4741.66;4975.95;5240.76;5521.02;5627.26;5576.92;5521.23;5399.48;5244.58;5059.52;4850.68;4662.95;4472.63;4281.46;4093.3;3908.67;3708.92;3483.77;3420.62;3698.64;3676.05;3238.98;3174.85;3147.95;3156.15;3188.04;3237.71;3290.48;3313.71;3304.12;3278.49;3241.15;3199.06;3162.51;3129.93;3092.3;3043.13;2983.05;2918.64;2853.4;2790.97;2736.9;2690.3;2647.34;2608.4;2572.83;2538.11;2503.09;2467.79;2432.54;2398.06;2364.25;2331.38;2299.48;2268.44;         ;         ;         ;         ;         ;         ;         ;         ;         ;         ;         ;         ;         ;         ;         
;95% UL;2803.86;2908.73;3000.12;3082.36;3166.06;3263.81;3434.33;3657.87;3903.3;4154.82;4393.49;4603.47;4714.76;4636.67;4719.24;4773.4;4754.39;4989.42;5255.1;5536.09;5642.11;5590.72;5533.46;5410.33;5253.94;5067.7;4859.31;4673.66;4486.48;4298.67;4113.61;3931.07;3732.19;3506.99;3444.98;3726.16;3704.95;3265.55;3201.81;3175.18;3183.33;3215.73;3265.83;3319.27;3342.09;3331.64;3305.37;3267.21;3224.21;3186.78;3153.33;3114.61;3064.24;3003;2937.54;2871.38;2808.56;2754.5;2708.47;2667.03;2629.45;2596.04;2563.6;2530.32;2495.99;2461.52;2427.07;2392.85;2359.52;2327.04;2295.38;         ;         ;         ;         ;         ;         ;         ;         ;         ;         ;         ;         ;         ;         ;         
Non-AIDS female deaths, ages 25-29;Mean;3.00E+03;3.12E+03;3.25E+03;3.38E+03;3.50E+03;3.61E+03;3.75E+03;3.90E+03;4.04E+03;4.19E+03;4.36E+03;4.56E+03;4.71E+03;4.85E+03;5.17E+03;5.37E+03;5.43E+03;5.70E+03;6.01E+03;6.22E+03;6.18E+03;6.06E+03;6.07E+03;6.09E+03;6.11E+03;6.11E+03;6.07E+03;5.99E+03;5.85E+03;5.68E+03;5.47E+03;5.23E+03;4.98E+03;4.74E+03;4.95E+03;5.52E+03;5.41E+03;4.52E+03;4.42E+03;4.31E+03;4.19E+03;4.06E+03;3.94E+03;3.86E+03;3.83E+03;3.83E+03;3.86E+03;3.92E+03;3.97E+03;3.99E+03;3.97E+03;3.94E+03;3.88E+03;3.82E+03;3.77E+03;3.72E+03;3670.3;3605.47;3528.69;3447.24;3365.1;3286.82;3218.76;3160.03;3106.16;3057.39;3012.91;2969.87;2926.55;2882.9;2839.27;         ;         ;         ;         ;         ;         ;         ;         ;         ;         ;         ;         ;         ;         ;         
;95% LL;3.00E+03;3.12E+03;3.25E+03;3.38E+03;3.50E+03;3.61E+03;3.75E+03;3.90E+03;4.04E+03;4.19E+03;4.36E+03;4.56E+03;4.70E+03;4.84E+03;5.15E+03;5.34E+03;5.41E+03;5.67E+03;5.98E+03;6.18E+03;6.14E+03;6.02E+03;6.03E+03;6.06E+03;6.08E+03;6.09E+03;6.05E+03;5.97E+03;5.84E+03;5.66E+03;5.45E+03;5.22E+03;4.97E+03;4.73E+03;4.94E+03;5.51E+03;5.39E+03;4.50E+03;4.41E+03;4.30E+03;4.18E+03;4.04E+03;3.92E+03;3.85E+03;3.81E+03;3.81E+03;3.85E+03;3.90E+03;3.95E+03;3.97E+03;3.96E+03;3.92E+03;3.86E+03;3.81E+03;3.75E+03;3.71E+03;3655.61;3591.72;3515.83;3435.17;3353.37;3275.39;3207.28;3148.06;3093.33;3043.48;2997.96;2953.8;2909.48;2865.08;2820.93;         ;         ;         ;         ;         ;         ;         ;         ;         ;         ;         ;         ;         ;         ;         
;95% UL;3.00E+03;3.12E+03;3.25E+03;3.38E+03;3.50E+03;3.61E+03;3.76E+03;3.90E+03;4.04E+03;4.19E+03;4.37E+03;4.57E+03;4.71E+03;4.86E+03;5.18E+03;5.38E+03;5.45E+03;5.72E+03;6.04E+03;6.24E+03;6.20E+03;6.08E+03;6.09E+03;6.12E+03;6.14E+03;6.13E+03;6.09E+03;6.00E+03;5.87E+03;5.69E+03;5.47E+03;5.24E+03;4.99E+03;4.74E+03;4.96E+03;5.53E+03;5.42E+03;4.53E+03;4.43E+03;4.33E+03;4.20E+03;4.07E+03;3.95E+03;3.88E+03;3.84E+03;3.85E+03;3.88E+03;3.93E+03;3.99E+03;4.01E+03;3.99E+03;3.95E+03;3.89E+03;3.83E+03;3.78E+03;3.73E+03;3680.78;3615.55;3538.35;3456.5;3374.01;3295.47;3227.29;3168.8;3115.68;3067.51;3024.26;2982.59;2940.27;2897.01;2853.58;         ;         ;         ;         ;         ;         ;         ;         ;         ;         ;         ;         ;         ;         ;         
Non-AIDS female deaths, ages 30-34;Mean;2.83E+03;2.97E+03;3.11E+03;3.25E+03;3.39E+03;3.54E+03;3.72E+03;3.91E+03;4.10E+03;4.29E+03;4.46E+03;4.63E+03;4.74E+03;4.85E+03;5.13E+03;5.33E+03;5.42E+03;5.70E+03;6.14E+03;6.46E+03;6.61E+03;6.55E+03;6.40E+03;6.26E+03;6.14E+03;6.08E+03;6.07E+03;6.14E+03;6.24E+03;6.33E+03;6.39E+03;6.40E+03;6.35E+03;6.24E+03;6.48E+03;7.44E+03;7.28E+03;5.93E+03;5.85E+03;5.78E+03;5.71E+03;5.64E+03;5.56E+03;5.44E+03;5.30E+03;5.15E+03;4.99E+03;4.85E+03;4.75E+03;4.71E+03;4.71E+03;4.74E+03;4.80E+03;4.85E+03;4.87E+03;4.84E+03;4781.02;4709.53;4633.67;4566.43;4505.09;4437.16;4354.26;4257.53;4156.11;4054.9;3958.98;3875.24;3802.62;3736.19;3675.97;         ;         ;         ;         ;         ;         ;         ;         ;         ;         ;         ;         ;         ;         ;         
;95% LL;2.83E+03;2.97E+03;3.11E+03;3.25E+03;3.39E+03;3.54E+03;3.72E+03;3.91E+03;4.10E+03;4.28E+03;4.46E+03;4.62E+03;4.73E+03;4.84E+03;5.11E+03;5.31E+03;5.39E+03;5.66E+03;6.09E+03;6.40E+03;6.54E+03;6.47E+03;6.32E+03;6.18E+03;6.07E+03;6.01E+03;6.01E+03;6.09E+03;6.19E+03;6.29E+03;6.35E+03;6.37E+03;6.32E+03;6.21E+03;6.45E+03;7.41E+03;7.25E+03;5.91E+03;5.83E+03;5.75E+03;5.69E+03;5.62E+03;5.54E+03;5.42E+03;5.28E+03;5.13E+03;4.97E+03;4.83E+03;4.73E+03;4.69E+03;4.69E+03;4.72E+03;4.77E+03;4.83E+03;4.84E+03;4.81E+03;4758.94;4688.19;4613.4;4547.26;4487.01;4420.19;4338.37;4242.47;4141.75;4040.78;3945.25;3861.62;3788.27;3720.81;3659.29;         ;         ;         ;         ;         ;         ;         ;         ;         ;         ;         ;         ;         ;         ;         
;95% UL;2.83E+03;2.97E+03;3.11E+03;3.25E+03;3.39E+03;3.54E+03;3.72E+03;3.91E+03;4.10E+03;4.29E+03;4.47E+03;4.63E+03;4.74E+03;4.86E+03;5.14E+03;5.35E+03;5.44E+03;5.73E+03;6.18E+03;6.51E+03;6.66E+03;6.60E+03;6.46E+03;6.31E+03;6.19E+03;6.12E+03;6.12E+03;6.18E+03;6.27E+03;6.36E+03;6.42E+03;6.43E+03;6.37E+03;6.26E+03;6.49E+03;7.46E+03;7.29E+03;5.94E+03;5.86E+03;5.79E+03;5.72E+03;5.65E+03;5.57E+03;5.45E+03;5.32E+03;5.16E+03;5.00E+03;4.86E+03;4.77E+03;4.72E+03;4.72E+03;4.76E+03;4.81E+03;4.87E+03;4.88E+03;4.85E+03;4795.5;4723.6;4647.32;4579.7;4517.99;4449.65;4366.27;4269.04;4167.13;4065.5;3969.29;3885.42;3813.17;3747.67;3688.17;         ;         ;         ;         ;         ;         ;         ;         ;         ;         ;         ;         ;         ;         ;         
Non-AIDS female deaths, ages 35-39;Mean;2.83E+03;3.00E+03;3.16E+03;3.33E+03;3.49E+03;3.67E+03;3.88E+03;4.10E+03;4.33E+03;4.56E+03;4.79E+03;5.02E+03;5.24E+03;5.42E+03;5.63E+03;5.84E+03;5.93E+03;6.18E+03;6.55E+03;6.65E+03;6.65E+03;6.62E+03;6.50E+03;6.53E+03;6.56E+03;6.59E+03;6.59E+03;6.58E+03;6.56E+03;6.57E+03;6.62E+03;6.75E+03;6.94E+03;7.17E+03;7.55E+03;8.97E+03;8.79E+03;6.95E+03;6.99E+03;6.98E+03;6.94E+03;6.88E+03;6.80E+03;6.72E+03;6.64E+03;6.57E+03;6.50E+03;6.41E+03;6.28E+03;6.13E+03;5.97E+03;5.78E+03;5.62E+03;5.51E+03;5.45E+03;5.45E+03;5479.04;5540.77;5609.4;5632.96;5603.87;5547.91;5470.33;5384.81;5309.1;5242.16;5169.17;5079.77;4973.94;4861.21;4747.35;         ;         ;         ;         ;         ;         ;         ;         ;         ;         ;         ;         ;         ;         ;         
;95% LL;2.83E+03;3.00E+03;3.16E+03;3.33E+03;3.49E+03;3.67E+03;3.88E+03;4.10E+03;4.32E+03;4.55E+03;4.79E+03;5.02E+03;5.23E+03;5.40E+03;5.61E+03;5.81E+03;5.89E+03;6.14E+03;6.49E+03;6.58E+03;6.57E+03;6.53E+03;6.40E+03;6.42E+03;6.46E+03;6.48E+03;6.49E+03;6.47E+03;6.46E+03;6.48E+03;6.54E+03;6.67E+03;6.87E+03;7.11E+03;7.49E+03;8.90E+03;8.73E+03;6.91E+03;6.95E+03;6.95E+03;6.92E+03;6.85E+03;6.78E+03;6.70E+03;6.62E+03;6.54E+03;6.48E+03;6.39E+03;6.26E+03;6.11E+03;5.94E+03;5.76E+03;5.59E+03;5.48E+03;5.43E+03;5.42E+03;5453.43;5514.65;5582.91;5606.49;5577.84;5522.77;5446.41;5362.15;5287.63;5221.87;5149.97;5061.34;4956.33;4844.32;4730.74;         ;         ;         ;         ;         ;         ;         ;         ;         ;         ;         ;         ;         ;         ;         
;95% UL;2.83E+03;3.00E+03;3.16E+03;3.33E+03;3.49E+03;3.67E+03;3.88E+03;4.10E+03;4.33E+03;4.56E+03;4.79E+03;5.03E+03;5.25E+03;5.43E+03;5.65E+03;5.86E+03;5.95E+03;6.21E+03;6.59E+03;6.69E+03;6.70E+03;6.67E+03;6.55E+03;6.59E+03;6.63E+03;6.66E+03;6.67E+03;6.65E+03;6.63E+03;6.63E+03;6.68E+03;6.80E+03;6.99E+03;7.22E+03;7.60E+03;9.02E+03;8.84E+03;6.98E+03;7.01E+03;7.01E+03;6.97E+03;6.90E+03;6.82E+03;6.74E+03;6.66E+03;6.58E+03;6.51E+03;6.42E+03;6.30E+03;6.15E+03;5.98E+03;5.80E+03;5.63E+03;5.52E+03;5.47E+03;5.46E+03;5497.39;5559.55;5627.59;5650.24;5621;5564.81;5486.83;5400.77;5324.46;5257.13;5183.68;5093.75;4987.35;4874.08;4759.74;         ;         ;         ;         ;         ;         ;         ;         ;         ;         ;         ;         ;         ;         ;         
Non-AIDS female deaths, ages 40-44;Mean;3.23E+03;3.32E+03;3.46E+03;3.64E+03;3.85E+03;4.08E+03;4.33E+03;4.59E+03;4.85E+03;5.13E+03;5.41E+03;5.70E+03;5.98E+03;6.20E+03;6.39E+03;6.57E+03;6.76E+03;7.03E+03;7.45E+03;7.71E+03;7.77E+03;7.70E+03;7.62E+03;7.60E+03;7.58E+03;7.59E+03;7.64E+03;7.75E+03;7.88E+03;8.02E+03;8.15E+03;8.24E+03;8.30E+03;8.35E+03;8.71E+03;1.02E+04;9.90E+03;7.90E+03;8.17E+03;8.46E+03;8.72E+03;8.94E+03;9.08E+03;9.15E+03;9.16E+03;9.13E+03;9.06E+03;8.98E+03;8.90E+03;8.81E+03;8.73E+03;8.65E+03;8.55E+03;8.39E+03;8.21E+03;8.00E+03;7761.01;7555.31;7419.14;7355.26;7362.1;7421.44;7519.3;7626.21;7672.76;7647.8;7585.45;7493.8;7392.07;7304.09;7227.62;         ;         ;         ;         ;         ;         ;         ;         ;         ;         ;         ;         ;         ;         ;         
;95% LL;3.23E+03;3.32E+03;3.46E+03;3.64E+03;3.85E+03;4.08E+03;4.33E+03;4.59E+03;4.85E+03;5.13E+03;5.41E+03;5.69E+03;5.97E+03;6.19E+03;6.37E+03;6.55E+03;6.72E+03;6.99E+03;7.39E+03;7.64E+03;7.69E+03;7.61E+03;7.52E+03;7.49E+03;7.47E+03;7.47E+03;7.51E+03;7.60E+03;7.73E+03;7.87E+03;8.00E+03;8.09E+03;8.16E+03;8.22E+03;8.59E+03;1.01E+04;9.79E+03;7.82E+03;8.10E+03;8.38E+03;8.65E+03;8.87E+03;9.02E+03;9.10E+03;9.12E+03;9.09E+03;9.03E+03;8.95E+03;8.86E+03;8.77E+03;8.69E+03;8.62E+03;8.52E+03;8.36E+03;8.18E+03;7.97E+03;7729.67;7523.6;7386.93;7322.42;7328.38;7386.9;7484.01;7590.37;7637.02;7613.39;7552.5;7462.4;7362.25;7275.18;7199.68;         ;         ;         ;         ;         ;         ;         ;         ;         ;         ;         ;         ;         ;         ;         
;95% UL;3.23E+03;3.32E+03;3.46E+03;3.64E+03;3.85E+03;4.08E+03;4.33E+03;4.59E+03;4.86E+03;5.13E+03;5.41E+03;5.70E+03;5.99E+03;6.21E+03;6.40E+03;6.59E+03;6.78E+03;7.06E+03;7.49E+03;7.76E+03;7.83E+03;7.76E+03;7.69E+03;7.67E+03;7.66E+03;7.67E+03;7.73E+03;7.83E+03;7.97E+03;8.11E+03;8.24E+03;8.33E+03;8.39E+03;8.44E+03;8.80E+03;1.03E+04;9.99E+03;7.97E+03;8.24E+03;8.52E+03;8.78E+03;8.99E+03;9.12E+03;9.18E+03;9.20E+03;9.16E+03;9.09E+03;9.01E+03;8.92E+03;8.83E+03;8.75E+03;8.67E+03;8.57E+03;8.41E+03;8.23E+03;8.02E+03;7783.82;7578.12;7442.26;7378.99;7386.69;7447.04;7545.02;7651.21;7696.65;7671.61;7608.98;7516.83;7414.4;7325.59;7248.23;         ;         ;         ;         ;         ;         ;         ;         ;         ;         ;         ;         ;         ;         ;         
Non-AIDS female deaths, ages 45-49;Mean;4.74E+03;4.78E+03;4.77E+03;4.73E+03;4.70E+03;4.72E+03;4.83E+03;5.01E+03;5.25E+03;5.54E+03;5.83E+03;6.12E+03;6.41E+03;6.60E+03;6.93E+03;7.25E+03;7.41E+03;7.81E+03;8.28E+03;8.63E+03;8.85E+03;8.86E+03;8.85E+03;9.00E+03;9.13E+03;9.24E+03;9.32E+03;9.36E+03;9.37E+03;9.38E+03;9.41E+03;9.49E+03;9.62E+03;9.78E+03;1.08E+04;1.32E+04;1.21E+04;9.29E+03;9.28E+03;9.31E+03;9.41E+03;9.61E+03;9.91E+03;1.03E+04;1.07E+04;1.10E+04;1.13E+04;1.15E+04;1.16E+04;1.17E+04;1.17E+04;1.16E+04;1.15E+04;1.14E+04;1.13E+04;1.13E+04;11177.3;11064.4;10886.8;10672.4;10420;10133;9883.51;9724.5;9659.35;9685.7;9780.88;9929.18;10091.4;10174.3;10163.6;         ;         ;         ;         ;         ;         ;         ;         ;         ;         ;         ;         ;         ;         ;         
;95% LL;4.74E+03;4.78E+03;4.77E+03;4.73E+03;4.70E+03;4.72E+03;4.83E+03;5.01E+03;5.25E+03;5.53E+03;5.83E+03;6.12E+03;6.40E+03;6.59E+03;6.92E+03;7.23E+03;7.38E+03;7.77E+03;8.23E+03;8.57E+03;8.77E+03;8.77E+03;8.75E+03;8.88E+03;9.01E+03;9.11E+03;9.18E+03;9.20E+03;9.21E+03;9.21E+03;9.24E+03;9.31E+03;9.43E+03;9.59E+03;1.05E+04;1.29E+04;1.19E+04;9.12E+03;9.13E+03;9.18E+03;9.29E+03;9.50E+03;9.81E+03;1.02E+04;1.06E+04;1.09E+04;1.12E+04;1.14E+04;1.16E+04;1.16E+04;1.16E+04;1.15E+04;1.15E+04;1.14E+04;1.13E+04;1.12E+04;11131.5;11022;10847.5;10632.6;10379.3;10091.7;9841.71;9682.09;9616.24;9641.42;9735.47;9882.74;10044.9;10128.9;10119.9;         ;         ;         ;         ;         ;         ;         ;         ;         ;         ;         ;         ;         ;         ;         
;95% UL;4.74E+03;4.78E+03;4.77E+03;4.73E+03;4.70E+03;4.72E+03;4.83E+03;5.01E+03;5.25E+03;5.54E+03;5.83E+03;6.13E+03;6.41E+03;6.61E+03;6.94E+03;7.26E+03;7.43E+03;7.84E+03;8.32E+03;8.68E+03;8.90E+03;8.93E+03;8.92E+03;9.08E+03;9.23E+03;9.34E+03;9.42E+03;9.46E+03;9.47E+03;9.48E+03;9.52E+03;9.60E+03;9.73E+03;9.90E+03;1.09E+04;1.33E+04;1.23E+04;9.39E+03;9.39E+03;9.41E+03;9.51E+03;9.70E+03;1.00E+04;1.04E+04;1.07E+04;1.11E+04;1.14E+04;1.16E+04;1.17E+04;1.17E+04;1.17E+04;1.16E+04;1.15E+04;1.15E+04;1.14E+04;1.13E+04;11203;11089.4;10914.3;10701.6;10451.1;10164.1;9914.62;9756.02;9691.67;9719.18;9815.71;9963.61;10125;10206.6;10196;         ;         ;         ;         ;         ;         ;         ;         ;         ;         ;         ;         ;         ;         ;         
Non-AIDS female deaths, ages 50-54;Mean;6.02E+03;6.10E+03;6.22E+03;6.36E+03;6.49E+03;6.57E+03;6.59E+03;6.56E+03;6.49E+03;6.44E+03;6.46E+03;6.57E+03;6.77E+03;6.94E+03;7.21E+03;7.68E+03;8.10E+03;8.41E+03;8.79E+03;9.32E+03;9.63E+03;9.86E+03;1.01E+04;1.03E+04;1.05E+04;1.07E+04;1.09E+04;1.10E+04;1.12E+04;1.14E+04;1.15E+04;1.16E+04;1.16E+04;1.16E+04;1.29E+04;1.63E+04;1.49E+04;1.13E+04;1.14E+04;1.16E+04;1.17E+04;1.18E+04;1.18E+04;1.18E+04;1.19E+04;1.20E+04;1.23E+04;1.27E+04;1.32E+04;1.37E+04;1.41E+04;1.45E+04;1.48E+04;1.50E+04;1.51E+04;1.51E+04;15025.7;14949.3;14862.4;14771.5;14687.4;14611.9;14487.2;14276.2;14015;13704.4;13348.9;13040.7;12850.8;12785.4;12841.4;         ;         ;         ;         ;         ;         ;         ;         ;         ;         ;         ;         ;         ;         ;         
;95% LL;6.02E+03;6.10E+03;6.22E+03;6.36E+03;6.49E+03;6.57E+03;6.59E+03;6.56E+03;6.49E+03;6.44E+03;6.46E+03;6.57E+03;6.77E+03;6.93E+03;7.20E+03;7.67E+03;8.08E+03;8.38E+03;8.75E+03;9.27E+03;9.57E+03;9.78E+03;9.96E+03;1.02E+04;1.03E+04;1.05E+04;1.07E+04;1.09E+04;1.10E+04;1.12E+04;1.13E+04;1.14E+04;1.14E+04;1.14E+04;1.27E+04;1.60E+04;1.46E+04;1.11E+04;1.12E+04;1.14E+04;1.15E+04;1.15E+04;1.16E+04;1.16E+04;1.17E+04;1.18E+04;1.21E+04;1.25E+04;1.30E+04;1.35E+04;1.40E+04;1.44E+04;1.47E+04;1.49E+04;1.50E+04;1.50E+04;14962.6;14888.1;14800.7;14707.9;14621.8;14546.7;14426.7;14219.8;13961.8;13650.3;13294;12985;12794.1;12727.1;12782.1;         ;         ;         ;         ;         ;         ;         ;         ;         ;         ;         ;         ;         ;         ;         
;95% UL;6.02E+03;6.10E+03;6.22E+03;6.36E+03;6.49E+03;6.57E+03;6.59E+03;6.56E+03;6.49E+03;6.44E+03;6.46E+03;6.57E+03;6.77E+03;6.94E+03;7.22E+03;7.69E+03;8.12E+03;8.44E+03;8.82E+03;9.36E+03;9.68E+03;9.92E+03;1.01E+04;1.03E+04;1.06E+04;1.08E+04;1.10E+04;1.12E+04;1.13E+04;1.15E+04;1.16E+04;1.17E+04;1.17E+04;1.17E+04;1.30E+04;1.65E+04;1.51E+04;1.14E+04;1.16E+04;1.17E+04;1.18E+04;1.19E+04;1.19E+04;1.19E+04;1.20E+04;1.21E+04;1.24E+04;1.28E+04;1.33E+04;1.38E+04;1.42E+04;1.46E+04;1.49E+04;1.51E+04;1.51E+04;1.51E+04;15074.4;14995.1;14905.9;14812.1;14725.1;14648;14520.9;14311.5;14053.5;13745;13391.2;13083.5;12894.2;12829.8;12887.4;         ;         ;         ;         ;         ;         ;         ;         ;         ;         ;         ;         ;         ;         ;         
Non-AIDS female deaths, ages 55-59;Mean;7.35E+03;7.50E+03;7.58E+03;7.61E+03;7.63E+03;7.68E+03;7.79E+03;7.94E+03;8.11E+03;8.26E+03;8.35E+03;8.35E+03;8.29E+03;8.22E+03;8.17E+03;8.32E+03;8.50E+03;8.75E+03;9.22E+03;9.73E+03;1.02E+04;1.06E+04;1.09E+04;1.12E+04;1.16E+04;1.20E+04;1.24E+04;1.27E+04;1.30E+04;1.34E+04;1.37E+04;1.41E+04;1.44E+04;1.47E+04;1.70E+04;2.22E+04;2.01E+04;1.47E+04;1.47E+04;1.46E+04;1.46E+04;1.47E+04;1.49E+04;1.51E+04;1.53E+04;1.55E+04;1.56E+04;1.56E+04;1.57E+04;1.58E+04;1.60E+04;1.63E+04;1.69E+04;1.76E+04;1.83E+04;1.90E+04;19542;19969.7;20245.6;20407.3;20459.1;20424.2;20360.9;20282.3;20196.3;20117.4;20048.9;19915.7;19668.5;19350.4;18956.1;         ;         ;         ;         ;         ;         ;         ;         ;         ;         ;         ;         ;         ;         ;         
;95% LL;7.35E+03;7.50E+03;7.58E+03;7.61E+03;7.63E+03;7.68E+03;7.79E+03;7.94E+03;8.11E+03;8.26E+03;8.34E+03;8.35E+03;8.29E+03;8.21E+03;8.17E+03;8.31E+03;8.48E+03;8.73E+03;9.19E+03;9.69E+03;1.01E+04;1.06E+04;1.08E+04;1.12E+04;1.15E+04;1.19E+04;1.22E+04;1.26E+04;1.29E+04;1.32E+04;1.35E+04;1.38E+04;1.42E+04;1.45E+04;1.67E+04;2.18E+04;1.97E+04;1.44E+04;1.44E+04;1.44E+04;1.44E+04;1.44E+04;1.45E+04;1.47E+04;1.50E+04;1.51E+04;1.53E+04;1.53E+04;1.54E+04;1.55E+04;1.58E+04;1.61E+04;1.67E+04;1.74E+04;1.81E+04;1.88E+04;19383.1;19829.7;20122.9;20299.4;20362.6;20334.9;20274.4;20195.1;20106.5;20024.8;19954.5;19824.9;19583.4;19270;18879.3;         ;         ;         ;         ;         ;         ;         ;         ;         ;         ;         ;         ;         ;         ;         
;95% UL;7.35E+03;7.50E+03;7.58E+03;7.61E+03;7.63E+03;7.68E+03;7.79E+03;7.94E+03;8.11E+03;8.26E+03;8.35E+03;8.35E+03;8.29E+03;8.22E+03;8.18E+03;8.33E+03;8.51E+03;8.76E+03;9.24E+03;9.76E+03;1.02E+04;1.07E+04;1.09E+04;1.13E+04;1.17E+04;1.21E+04;1.25E+04;1.28E+04;1.32E+04;1.35E+04;1.39E+04;1.42E+04;1.46E+04;1.49E+04;1.72E+04;2.25E+04;2.03E+04;1.49E+04;1.48E+04;1.48E+04;1.48E+04;1.49E+04;1.50E+04;1.52E+04;1.55E+04;1.56E+04;1.58E+04;1.58E+04;1.58E+04;1.59E+04;1.61E+04;1.65E+04;1.70E+04;1.77E+04;1.84E+04;1.91E+04;19655.9;20070.4;20336.5;20489.9;20535.4;20494.5;20426.2;20345.3;20253.2;20172.1;20099.7;19964.3;19716.7;19403.4;19013;         ;         ;         ;         ;         ;         ;         ;         ;         ;         ;         ;         ;         ;         ;         
Non-AIDS male deaths, ages 20-24;Mean;6.69E+03;6.79E+03;6.87E+03;6.94E+03;7.01E+03;7.11E+03;7.27E+03;7.66E+03;8.10E+03;8.55E+03;8.97E+03;9.32E+03;9.48E+03;9.25E+03;8.89E+03;8.47E+03;8.43E+03;8.82E+03;9.03E+03;9.03E+03;9.30E+03;9.40E+03;9.69E+03;9.67E+03;9.59E+03;9.45E+03;9.27E+03;9.08E+03;8.89E+03;8.71E+03;8.55E+03;8.40E+03;8.24E+03;8.04E+03;7.58E+03;7.76E+03;8.55E+03;8.42E+03;8.34E+03;8.34E+03;8.43E+03;8.60E+03;8.82E+03;9.06E+03;9.24E+03;9.32E+03;9.35E+03;9.35E+03;9.32E+03;9.31E+03;9.31E+03;9.30E+03;9.25E+03;9.17E+03;9.06E+03;8.95E+03;8839.98;8753.94;8689.61;8635.65;8595;8566.5;8540.84;8511.77;8478.95;8443.3;8406.13;8368.86;8332.6;8297.8;8264.36;         ;         ;         ;         ;         ;         ;         ;         ;         ;         ;         ;         ;         ;         ;         
;95% LL;6.69E+03;6.79E+03;6.87E+03;6.94E+03;7.01E+03;7.11E+03;7.27E+03;7.66E+03;8.10E+03;8.55E+03;8.96E+03;9.32E+03;9.47E+03;9.24E+03;8.89E+03;8.47E+03;8.43E+03;8.82E+03;9.03E+03;9.03E+03;9.29E+03;9.39E+03;9.68E+03;9.67E+03;9.59E+03;9.45E+03;9.26E+03;9.07E+03;8.88E+03;8.69E+03;8.52E+03;8.38E+03;8.22E+03;8.02E+03;7.55E+03;7.72E+03;8.52E+03;8.38E+03;8.30E+03;8.30E+03;8.39E+03;8.55E+03;8.77E+03;9.02E+03;9.19E+03;9.27E+03;9.31E+03;9.30E+03;9.28E+03;9.27E+03;9.27E+03;9.26E+03;9.22E+03;9.13E+03;9.03E+03;8.92E+03;8808.54;8722.01;8656.48;8599.75;8555.54;8523.52;8493.81;8461.23;8425.57;8387.78;8350.32;8313.13;8277.11;8242.67;8209.67;         ;         ;         ;         ;         ;         ;         ;         ;         ;         ;         ;         ;         ;         ;         
;95% UL;6.69E+03;6.79E+03;6.87E+03;6.94E+03;7.01E+03;7.11E+03;7.27E+03;7.66E+03;8.10E+03;8.55E+03;8.97E+03;9.32E+03;9.48E+03;9.25E+03;8.89E+03;8.48E+03;8.44E+03;8.82E+03;9.03E+03;9.03E+03;9.30E+03;9.40E+03;9.69E+03;9.68E+03;9.60E+03;9.46E+03;9.27E+03;9.09E+03;8.90E+03;8.72E+03;8.56E+03;8.42E+03;8.27E+03;8.07E+03;7.61E+03;7.78E+03;8.58E+03;8.45E+03;8.37E+03;8.37E+03;8.46E+03;8.63E+03;8.85E+03;9.10E+03;9.27E+03;9.35E+03;9.38E+03;9.38E+03;9.35E+03;9.34E+03;9.34E+03;9.33E+03;9.28E+03;9.19E+03;9.09E+03;8.97E+03;8863.85;8777.67;8714.01;8662.3;8623.68;8598.88;8577.57;8552.05;8520.99;8486.82;8450.95;8413.43;8376.75;8341.28;8307.01;         ;         ;         ;         ;         ;         ;         ;         ;         ;         ;         ;         ;         ;         ;         
Non-AIDS male deaths, ages 25-29;Mean;7.31E+03;7.60E+03;7.87E+03;8.11E+03;8.33E+03;8.53E+03;8.69E+03;9.01E+03;9.35E+03;9.71E+03;1.01E+04;1.06E+04;1.10E+04;1.13E+04;1.13E+04;1.08E+04;1.08E+04;1.12E+04;1.15E+04;1.09E+04;1.09E+04;1.10E+04;1.13E+04;1.16E+04;1.19E+04;1.21E+04;1.22E+04;1.22E+04;1.21E+04;1.19E+04;1.17E+04;1.14E+04;1.11E+04;1.08E+04;1.06E+04;1.16E+04;1.30E+04;1.27E+04;1.26E+04;1.24E+04;1.22E+04;1.20E+04;1.18E+04;1.17E+04;1.17E+04;1.18E+04;1.20E+04;1.23E+04;1.26E+04;1.28E+04;1.29E+04;1.29E+04;1.29E+04;1.28E+04;1.28E+04;1.28E+04;12732.1;12637;12496.9;12337.3;12171;12012.8;11885.5;11787.6;11704.8;11639;11587.7;11539.7;11487.7;11431.4;11372.3;         ;         ;         ;         ;         ;         ;         ;         ;         ;         ;         ;         ;         ;         ;         
;95% LL;7.31E+03;7.60E+03;7.87E+03;8.11E+03;8.33E+03;8.53E+03;8.69E+03;9.01E+03;9.34E+03;9.71E+03;1.01E+04;1.06E+04;1.10E+04;1.13E+04;1.12E+04;1.08E+04;1.08E+04;1.12E+04;1.14E+04;1.09E+04;1.09E+04;1.10E+04;1.13E+04;1.16E+04;1.18E+04;1.21E+04;1.22E+04;1.22E+04;1.21E+04;1.19E+04;1.17E+04;1.14E+04;1.11E+04;1.08E+04;1.06E+04;1.16E+04;1.30E+04;1.27E+04;1.25E+04;1.24E+04;1.22E+04;1.19E+04;1.17E+04;1.16E+04;1.16E+04;1.18E+04;1.20E+04;1.23E+04;1.26E+04;1.28E+04;1.28E+04;1.29E+04;1.28E+04;1.28E+04;1.27E+04;1.27E+04;12680.5;12588.2;12450.9;12293.6;12128.9;11971.3;11843.2;11742.8;11656.2;11585.9;11530.1;11476.8;11420.3;11360.5;11298.6;         ;         ;         ;         ;         ;         ;         ;         ;         ;         ;         ;         ;         ;         ;         
;95% UL;7.31E+03;7.60E+03;7.87E+03;8.11E+03;8.33E+03;8.53E+03;8.69E+03;9.01E+03;9.35E+03;9.72E+03;1.01E+04;1.06E+04;1.10E+04;1.13E+04;1.13E+04;1.08E+04;1.09E+04;1.13E+04;1.15E+04;1.10E+04;1.10E+04;1.10E+04;1.13E+04;1.16E+04;1.19E+04;1.21E+04;1.23E+04;1.22E+04;1.21E+04;1.20E+04;1.17E+04;1.14E+04;1.11E+04;1.09E+04;1.06E+04;1.17E+04;1.31E+04;1.28E+04;1.26E+04;1.25E+04;1.23E+04;1.20E+04;1.18E+04;1.17E+04;1.17E+04;1.19E+04;1.21E+04;1.24E+04;1.27E+04;1.29E+04;1.30E+04;1.30E+04;1.29E+04;1.29E+04;1.28E+04;1.28E+04;12768.5;12672.4;12531.2;12370.4;12203.2;12044.4;11917;11820.3;11741;11677.3;11631.5;11589.3;11541.6;11487.3;11430.1;         ;         ;         ;         ;         ;         ;         ;         ;         ;         ;         ;         ;         ;         ;         
Non-AIDS male deaths, ages 30-34;Mean;6.45E+03;6.81E+03;7.19E+03;7.58E+03;7.97E+03;8.36E+03;8.74E+03;9.22E+03;9.68E+03;1.01E+04;1.06E+04;1.10E+04;1.13E+04;1.13E+04;1.14E+04;1.09E+04;1.10E+04;1.11E+04;1.20E+04;1.17E+04;1.19E+04;1.18E+04;1.20E+04;1.19E+04;1.17E+04;1.17E+04;1.18E+04;1.19E+04;1.20E+04;1.21E+04;1.21E+04;1.20E+04;1.18E+04;1.14E+04;1.14E+04;1.29E+04;1.44E+04;1.42E+04;1.41E+04;1.39E+04;1.39E+04;1.38E+04;1.37E+04;1.35E+04;1.33E+04;1.31E+04;1.28E+04;1.26E+04;1.25E+04;1.25E+04;1.26E+04;1.28E+04;1.31E+04;1.34E+04;1.35E+04;1.35E+04;13502.4;13430.8;13348.7;13285.5;13228.7;13143.9;13008.6;12831.4;12640.1;12445.6;12261.6;12109.8;11987.9;11882.3;11793.7;         ;         ;         ;         ;         ;         ;         ;         ;         ;         ;         ;         ;         ;         ;         
;95% LL;6.45E+03;6.81E+03;7.19E+03;7.58E+03;7.97E+03;8.36E+03;8.74E+03;9.22E+03;9.68E+03;1.01E+04;1.06E+04;1.10E+04;1.13E+04;1.13E+04;1.13E+04;1.08E+04;1.10E+04;1.11E+04;1.19E+04;1.17E+04;1.19E+04;1.18E+04;1.19E+04;1.18E+04;1.17E+04;1.17E+04;1.17E+04;1.18E+04;1.20E+04;1.21E+04;1.21E+04;1.20E+04;1.17E+04;1.14E+04;1.14E+04;1.29E+04;1.44E+04;1.42E+04;1.40E+04;1.39E+04;1.38E+04;1.38E+04;1.37E+04;1.35E+04;1.33E+04;1.30E+04;1.28E+04;1.25E+04;1.24E+04;1.24E+04;1.26E+04;1.28E+04;1.30E+04;1.33E+04;1.34E+04;1.35E+04;13440.2;13370.1;13289.7;13228.3;13174.2;13092.3;12960;12785.6;12596.6;12402.9;12219.7;12067;11942;11833;11739.6;         ;         ;         ;         ;         ;         ;         ;         ;         ;         ;         ;         ;         ;         ;         
;95% UL;6.45E+03;6.81E+03;7.19E+03;7.58E+03;7.97E+03;8.36E+03;8.74E+03;9.22E+03;9.68E+03;1.01E+04;1.06E+04;1.10E+04;1.13E+04;1.14E+04;1.14E+04;1.09E+04;1.11E+04;1.12E+04;1.20E+04;1.18E+04;1.20E+04;1.19E+04;1.21E+04;1.19E+04;1.18E+04;1.18E+04;1.18E+04;1.19E+04;1.21E+04;1.22E+04;1.22E+04;1.21E+04;1.18E+04;1.15E+04;1.14E+04;1.29E+04;1.45E+04;1.42E+04;1.41E+04;1.40E+04;1.39E+04;1.38E+04;1.38E+04;1.36E+04;1.34E+04;1.31E+04;1.29E+04;1.26E+04;1.25E+04;1.25E+04;1.27E+04;1.29E+04;1.31E+04;1.34E+04;1.36E+04;1.36E+04;13543.4;13471;13388.1;13324.1;13266.6;13180.8;13044.4;12866;12673.5;12478.1;12293.5;12141.6;12021.4;11919.5;11832.4;         ;         ;         ;         ;         ;         ;         ;         ;         ;         ;         ;         ;         ;         ;         
Non-AIDS male deaths, ages 35-39;Mean;5.92E+03;6.27E+03;6.61E+03;6.95E+03;7.29E+03;7.65E+03;8.03E+03;8.54E+03;9.07E+03;9.61E+03;1.01E+04;1.06E+04;1.10E+04;1.12E+04;1.12E+04;1.09E+04;1.10E+04;1.15E+04;1.16E+04;1.16E+04;1.13E+04;1.11E+04;1.13E+04;1.13E+04;1.12E+04;1.12E+04;1.11E+04;1.10E+04;1.09E+04;1.08E+04;1.08E+04;1.08E+04;1.08E+04;1.09E+04;1.13E+04;1.35E+04;1.46E+04;1.35E+04;1.36E+04;1.36E+04;1.35E+04;1.34E+04;1.33E+04;1.32E+04;1.31E+04;1.30E+04;1.29E+04;1.28E+04;1.27E+04;1.25E+04;1.22E+04;1.20E+04;1.17E+04;1.16E+04;1.16E+04;1.17E+04;11834;12055.8;12285.1;12411.1;12426.2;12388.3;12309.9;12217.6;12142.8;12077.4;11989.3;11857.5;11687.4;11502.4;11313.1;         ;         ;         ;         ;         ;         ;         ;         ;         ;         ;         ;         ;         ;         ;         
;95% LL;5.92E+03;6.27E+03;6.61E+03;6.95E+03;7.29E+03;7.65E+03;8.03E+03;8.54E+03;9.07E+03;9.60E+03;1.01E+04;1.06E+04;1.10E+04;1.12E+04;1.11E+04;1.08E+04;1.09E+04;1.14E+04;1.15E+04;1.15E+04;1.12E+04;1.11E+04;1.12E+04;1.12E+04;1.11E+04;1.11E+04;1.10E+04;1.09E+04;1.08E+04;1.07E+04;1.07E+04;1.07E+04;1.08E+04;1.08E+04;1.13E+04;1.34E+04;1.46E+04;1.35E+04;1.35E+04;1.36E+04;1.35E+04;1.34E+04;1.33E+04;1.32E+04;1.30E+04;1.30E+04;1.29E+04;1.28E+04;1.26E+04;1.24E+04;1.22E+04;1.19E+04;1.17E+04;1.15E+04;1.15E+04;1.16E+04;11778.8;11999;12227.1;12352.8;12368.5;12331.6;12254.6;12163.9;12091.2;12028.4;11943;11813.8;11645.9;11462.7;11274.5;         ;         ;         ;         ;         ;         ;         ;         ;         ;         ;         ;         ;         ;         ;         
;95% UL;5.92E+03;6.27E+03;6.61E+03;6.95E+03;7.29E+03;7.65E+03;8.03E+03;8.54E+03;9.07E+03;9.61E+03;1.01E+04;1.07E+04;1.11E+04;1.13E+04;1.12E+04;1.09E+04;1.10E+04;1.16E+04;1.17E+04;1.17E+04;1.14E+04;1.12E+04;1.14E+04;1.14E+04;1.13E+04;1.13E+04;1.12E+04;1.11E+04;1.10E+04;1.09E+04;1.08E+04;1.08E+04;1.09E+04;1.10E+04;1.14E+04;1.35E+04;1.47E+04;1.36E+04;1.36E+04;1.36E+04;1.36E+04;1.35E+04;1.33E+04;1.32E+04;1.31E+04;1.30E+04;1.30E+04;1.29E+04;1.27E+04;1.25E+04;1.23E+04;1.20E+04;1.18E+04;1.16E+04;1.16E+04;1.17E+04;11872.1;12094.3;12325.6;12451.2;12464.3;12425.7;12346.5;12253.4;12177.9;12111.8;12022.9;11890;11718.8;11532.8;11342.6;         ;         ;         ;         ;         ;         ;         ;         ;         ;         ;         ;         ;         ;         ;         
Non-AIDS male deaths, ages 40-44;Mean;5.90E+03;6.16E+03;6.49E+03;6.89E+03;7.34E+03;7.79E+03;8.24E+03;8.76E+03;9.29E+03;9.83E+03;1.04E+04;1.10E+04;1.15E+04;1.15E+04;1.16E+04;1.16E+04;1.18E+04;1.19E+04;1.24E+04;1.24E+04;1.26E+04;1.24E+04;1.23E+04;1.21E+04;1.19E+04;1.18E+04;1.17E+04;1.17E+04;1.18E+04;1.19E+04;1.19E+04;1.19E+04;1.18E+04;1.18E+04;1.16E+04;1.34E+04;1.40E+04;1.25E+04;1.31E+04;1.36E+04;1.40E+04;1.44E+04;1.46E+04;1.48E+04;1.48E+04;1.48E+04;1.47E+04;1.45E+04;1.44E+04;1.43E+04;1.42E+04;1.42E+04;1.41E+04;1.39E+04;1.37E+04;1.34E+04;13149.2;12886;12734.3;12707.8;12799.8;12976;13219.6;13482.8;13639.8;13673.4;13647.3;13571.8;13475.1;13397.6;13334.7;         ;         ;         ;         ;         ;         ;         ;         ;         ;         ;         ;         ;         ;         ;         
;95% LL;5.90E+03;6.16E+03;6.49E+03;6.89E+03;7.34E+03;7.79E+03;8.24E+03;8.76E+03;9.28E+03;9.82E+03;1.04E+04;1.09E+04;1.14E+04;1.15E+04;1.15E+04;1.16E+04;1.17E+04;1.18E+04;1.22E+04;1.23E+04;1.25E+04;1.22E+04;1.21E+04;1.19E+04;1.17E+04;1.16E+04;1.16E+04;1.16E+04;1.17E+04;1.17E+04;1.18E+04;1.18E+04;1.17E+04;1.17E+04;1.15E+04;1.32E+04;1.39E+04;1.24E+04;1.30E+04;1.35E+04;1.40E+04;1.43E+04;1.46E+04;1.47E+04;1.47E+04;1.47E+04;1.46E+04;1.45E+04;1.44E+04;1.43E+04;1.42E+04;1.41E+04;1.40E+04;1.39E+04;1.36E+04;1.34E+04;13093.8;12829.3;12676.1;12649.2;12741;12915.5;13157.4;13419.3;13575.9;13609.9;13584.8;13510.7;13416;13341.2;13281.1;         ;         ;         ;         ;         ;         ;         ;         ;         ;         ;         ;         ;         ;         ;         
;95% UL;5.90E+03;6.16E+03;6.49E+03;6.89E+03;7.34E+03;7.79E+03;8.24E+03;8.77E+03;9.29E+03;9.83E+03;1.04E+04;1.10E+04;1.15E+04;1.16E+04;1.17E+04;1.17E+04;1.19E+04;1.21E+04;1.25E+04;1.26E+04;1.28E+04;1.25E+04;1.25E+04;1.22E+04;1.21E+04;1.19E+04;1.19E+04;1.19E+04;1.19E+04;1.20E+04;1.20E+04;1.20E+04;1.20E+04;1.19E+04;1.17E+04;1.35E+04;1.41E+04;1.26E+04;1.32E+04;1.37E+04;1.41E+04;1.45E+04;1.47E+04;1.48E+04;1.49E+04;1.48E+04;1.47E+04;1.46E+04;1.45E+04;1.43E+04;1.43E+04;1.42E+04;1.41E+04;1.39E+04;1.37E+04;1.35E+04;13193.4;12930.5;12777.5;12749.8;12840.9;13016.9;13262;13527.5;13683.9;13715.6;13688.6;13612.2;13514.7;13436.4;13372.7;         ;         ;         ;         ;         ;         ;         ;         ;         ;         ;         ;         ;         ;         ;         
Non-AIDS male deaths, ages 45-49;Mean;7.44E+03;7.64E+03;7.79E+03;7.90E+03;8.03E+03;8.23E+03;8.54E+03;9.04E+03;9.63E+03;1.03E+04;1.09E+04;1.16E+04;1.20E+04;1.21E+04;1.22E+04;1.21E+04;1.24E+04;1.26E+04;1.32E+04;1.33E+04;1.34E+04;1.34E+04;1.34E+04;1.35E+04;1.35E+04;1.35E+04;1.35E+04;1.35E+04;1.35E+04;1.36E+04;1.37E+04;1.39E+04;1.41E+04;1.44E+04;1.46E+04;1.71E+04;1.70E+04;1.44E+04;1.47E+04;1.51E+04;1.55E+04;1.60E+04;1.67E+04;1.74E+04;1.81E+04;1.88E+04;1.93E+04;1.97E+04;1.99E+04;2.00E+04;2.00E+04;1.99E+04;1.98E+04;1.97E+04;1.95E+04;1.94E+04;19383.4;19290.2;19101.3;18853.9;18536.7;18143;17796.7;17602.8;17571.6;17703.6;17962.5;18326.2;18726.9;18985.3;19071.8;         ;         ;         ;         ;         ;         ;         ;         ;         ;         ;         ;         ;         ;         ;         
;95% LL;7.44E+03;7.64E+03;7.79E+03;7.90E+03;8.03E+03;8.23E+03;8.54E+03;9.03E+03;9.62E+03;1.03E+04;1.09E+04;1.15E+04;1.20E+04;1.21E+04;1.21E+04;1.20E+04;1.23E+04;1.25E+04;1.30E+04;1.31E+04;1.32E+04;1.32E+04;1.32E+04;1.32E+04;1.33E+04;1.33E+04;1.33E+04;1.33E+04;1.34E+04;1.34E+04;1.35E+04;1.37E+04;1.39E+04;1.42E+04;1.44E+04;1.69E+04;1.69E+04;1.43E+04;1.46E+04;1.49E+04;1.53E+04;1.59E+04;1.65E+04;1.73E+04;1.80E+04;1.87E+04;1.92E+04;1.96E+04;1.98E+04;1.99E+04;1.99E+04;1.98E+04;1.97E+04;1.96E+04;1.95E+04;1.94E+04;19316.1;19220.2;19029.8;18780.3;18460.8;18065.2;17717.4;17522.5;17490.6;17621.8;17878.5;18239.8;18638.3;18895.9;18982.9;         ;         ;         ;         ;         ;         ;         ;         ;         ;         ;         ;         ;         ;         ;         
;95% UL;7.44E+03;7.64E+03;7.79E+03;7.90E+03;8.03E+03;8.23E+03;8.54E+03;9.04E+03;9.63E+03;1.03E+04;1.09E+04;1.16E+04;1.21E+04;1.22E+04;1.23E+04;1.22E+04;1.25E+04;1.28E+04;1.34E+04;1.35E+04;1.36E+04;1.37E+04;1.37E+04;1.37E+04;1.37E+04;1.38E+04;1.38E+04;1.38E+04;1.38E+04;1.38E+04;1.39E+04;1.41E+04;1.43E+04;1.46E+04;1.47E+04;1.73E+04;1.73E+04;1.46E+04;1.49E+04;1.52E+04;1.56E+04;1.62E+04;1.68E+04;1.76E+04;1.83E+04;1.89E+04;1.95E+04;1.98E+04;2.00E+04;2.01E+04;2.01E+04;2.00E+04;1.98E+04;1.97E+04;1.96E+04;1.95E+04;19438.3;19347.7;19159.7;18916.1;18597.6;18204.9;17859.2;17664.7;17631.6;17761.8;18018.8;18385.7;18789.6;19046.9;19131.4;         ;         ;         ;         ;         ;         ;         ;         ;         ;         ;         ;         ;         ;         ;         
Non-AIDS male deaths, ages 50-54;Mean;8919.84;9145.8;9434.1;9766.78;10097.6;10381.6;10587.8;10775.5;10930.8;11122.3;11417.2;11850.9;12339;12467.5;12761;12924.9;13243.3;13482;1.40E+04;1.41E+04;1.40E+04;1.42E+04;1.46E+04;1.49E+04;1.52E+04;1.54E+04;1.57E+04;1.59E+04;1.62E+04;1.64E+04;1.66E+04;1.68E+04;1.70E+04;1.71E+04;1.75E+04;2.06E+04;2.02E+04;1.70E+04;1.75E+04;1.81E+04;1.86E+04;1.91E+04;1.96E+04;2.00E+04;2.05E+04;2.11E+04;2.19E+04;2.28E+04;2.39E+04;2.49E+04;2.59E+04;2.67E+04;2.73E+04;2.76E+04;2.78E+04;2.78E+04;27746.7;27637.3;27513.7;27399.8;27325.7;27302.6;27222.1;27000.6;26692.5;26286.2;25773.3;25326.4;25093.6;25093.7;25330;         ;         ;         ;         ;         ;         ;         ;         ;         ;         ;         ;         ;         ;         ;         
;95% LL;8919.84;9145.8;9434.1;9766.76;10097.5;10381.3;10587.1;10773.9;10927.3;11115.2;11404.2;11828.7;12304.5;12416.5;12690.8;12834.4;13129.4;13345.4;1.38E+04;1.39E+04;1.38E+04;1.40E+04;1.43E+04;1.46E+04;1.49E+04;1.52E+04;1.54E+04;1.57E+04;1.59E+04;1.61E+04;1.63E+04;1.65E+04;1.67E+04;1.69E+04;1.72E+04;2.03E+04;1.99E+04;1.67E+04;1.73E+04;1.78E+04;1.84E+04;1.89E+04;1.93E+04;1.98E+04;2.03E+04;2.09E+04;2.17E+04;2.27E+04;2.37E+04;2.48E+04;2.57E+04;2.66E+04;2.71E+04;2.75E+04;2.77E+04;2.77E+04;27657.5;27556.5;27437.7;27322.3;27236.6;27204.6;27118.3;26897.4;26586.2;26177.5;25662.6;25213.6;24979.1;24977.8;25211.8;         ;         ;         ;         ;         ;         ;         ;         ;         ;         ;         ;         ;         ;         ;         
;95% UL;8919.84;9145.8;9434.12;9766.83;10097.7;10381.9;10588.5;10776.9;10933.8;11128.9;11428.4;11871.6;12373;12516.3;12829.5;13018.6;13367.3;1.36E+04;1.42E+04;1.43E+04;1.42E+04;1.45E+04;1.49E+04;1.52E+04;1.55E+04;1.58E+04;1.60E+04;1.63E+04;1.65E+04;1.67E+04;1.69E+04;1.71E+04;1.73E+04;1.74E+04;1.77E+04;2.09E+04;2.05E+04;1.72E+04;1.77E+04;1.83E+04;1.89E+04;1.94E+04;1.98E+04;2.03E+04;2.07E+04;2.13E+04;2.21E+04;2.31E+04;2.41E+04;2.52E+04;2.61E+04;2.69E+04;2.74E+04;2.78E+04;2.79E+04;2.79E+04;27854.8;27730.5;27600.4;27478.4;27407.4;27386.5;27307;27085.6;26781.7;26376.4;25863.4;25417.6;25184.8;25182;25415.5;         ;         ;         ;         ;         ;         ;         ;         ;         ;         ;         ;         ;         ;         ;         
Non-AIDS male deaths, ages 55-59;Mean;10435.7;10631.8;10744.7;10813.2;10886.9;11009.5;11209.6;11495.9;11844.4;12193.9;12487.5;12688.8;12778.7;12554.5;12721.8;12897.3;12894.3;13427.4;13893;14238.2;14630.2;14956.5;15327.3;15777.4;16223.9;16693.8;17203.4;17709.4;18243.3;18784.2;19310.4;19814;20299.7;20771.2;21945.8;26390.4;25174.1;20366.8;20646.4;20966.3;21362.4;21868.1;22502.9;23244.4;24033.2;24804.8;25512.1;26146.9;26761.8;27453.5;28319.2;29420;30752.7;32230;33704.1;35072.2;36222.5;37057.1;37605.3;37934.5;38046.7;38003.3;37919.6;37814.5;37720.4;37678.8;37705.1;37649.2;37398.8;37029.9;36519.2;         ;         ;         ;         ;         ;         ;         ;         ;         ;         ;         ;         ;         ;         ;         
;95% LL;10435.7;10631.8;10744.7;10813.2;10886.8;11009.3;11209.2;11494.9;11842;12189;12478.2;12673.2;12754.8;12519;12671.5;12830.2;12808.8;13318.7;13759.7;14080;14448.2;14752.6;15102.2;15531.4;15955.6;16405.8;16898.1;17389;17909.7;18439.4;18954.1;19445.7;19931.7;20400.3;21561;25937.4;24752.3;20034.3;20320.9;20644;21041.5;21543.8;22181.2;22922.3;23722.1;24506.4;25220.6;25848.1;26464.6;27165.4;28040.9;29157.2;30495.2;31984;33470.4;34854.2;36014.2;36861.8;37426;37771.2;37901.5;37870.7;37798.7;37701.8;37609.5;37551.6;37565.3;37501.3;37246.3;36879.6;36365.5;         ;         ;         ;         ;         ;         ;         ;         ;         ;         ;         ;         ;         ;         ;         
;95% UL;10435.7;10631.8;10744.7;10813.2;10886.9;11009.7;11210;11496.8;11846.4;12198.4;12495.4;12703.2;12802;12587.9;12769.9;12965.3;12985.3;13548.2;14047.3;14425.5;14853.5;15213.1;15609.5;16082.6;16548;17044.6;17574.1;18097.1;18653.2;19215.3;19760.7;20280.8;20780.1;21259.7;22437.8;26949.7;25673.9;20742.4;20997;21310.2;21687.9;22164.8;22797.5;23541.3;24350.9;25144.6;25868.8;26514.3;27120.1;27798.7;28664.3;29763;31091.7;32562.2;34026;35379.8;36511.6;37317.3;37834.4;38135;38223.1;38162.3;38061.2;37946.3;37841.3;37797.3;37826.6;37766.3;37521.5;37154.7;36648.7;         ;         ;         ;         ;         ;         ;         ;         ;         ;         ;         ;         ;         ;         ;         
;;         ;         ;         ;         ;         ;         ;         ;         ;         ;         ;         ;         ;         ;         ;         ;         ;         ;         ;         ;         ;         ;         ;         ;         ;         ;         ;         ;         ;         ;         ;         ;         ;         ;         ;         ;         ;         ;         ;         ;         ;         ;         ;         ;         ;         ;         ;         ;         ;         ;         ;         ;         ;         ;         ;         ;         ;         ;         ;         ;         ;         ;         ;         ;         ;         ;         ;         ;         ;         ;         ;         ;         ;         ;         ;         ;         ;         ;         ;         ;         ;         ;         ;         ;         ;         ;         
Numerators and denominators for UNAIDS indicators;;         ;         ;         ;         ;         ;         ;         ;         ;         ;         ;         ;         ;         ;         ;         ;         ;         ;         ;         ;         ;         ;         ;         ;         ;         ;         ;         ;         ;         ;         ;         ;         ;         ;         ;         ;         ;         ;         ;         ;         ;         ;         ;         ;         ;         ;         ;         ;         ;         ;         ;         ;         ;         ;         ;         ;         ;         ;         ;         ;         ;         ;         ;         ;         ;         ;         ;         ;         ;         ;         ;         ;         ;         ;         ;         ;         ;         ;         ;         ;         ;         ;         ;         ;         ;         ;         
;;         ;         ;         ;         ;         ;         ;         ;         ;         ;         ;         ;         ;         ;         ;         ;         ;         ;         ;         ;         ;         ;         ;         ;         ;         ;         ;         ;         ;         ;         ;         ;         ;         ;         ;         ;         ;         ;         ;         ;         ;         ;         ;         ;         ;         ;         ;         ;         ;         ;         ;         ;         ;         ;         ;         ;         ;         ;         ;         ;         ;         ;         ;         ;         ;         ;         ;         ;         ;         ;         ;         ;         ;         ;         ;         ;         ;         ;         ;         ;         ;         ;         ;         ;         ;         ;         
Total HIV-negative population;Mean;3.23E+07;3.31E+07;3.39E+07;3.46E+07;3.54E+07;3.61E+07;3.68E+07;3.76E+07;3.83E+07;3.89E+07;3.94E+07;3.98E+07;4.01E+07;4.04E+07;4.07E+07;4.09E+07;4.11E+07;4.13E+07;4.15E+07;4.18E+07;4.21E+07;4.25E+07;4.30E+07;4.35E+07;4.41E+07;4.46E+07;4.52E+07;4.58E+07;4.65E+07;4.72E+07;4.79E+07;4.86E+07;4.93E+07;5.00E+07;5.08E+07;5.15E+07;5.22E+07;5.29E+07;5.37E+07;5.45E+07;5.53E+07;5.62E+07;5.70E+07;5.79E+07;5.88E+07;5.96E+07;6.05E+07;6.14E+07;6.23E+07;6.32E+07;6.41E+07;6.49E+07;6.58E+07;6.66E+07;6.75E+07;6.83E+07;6.91E+07;6.99E+07;7.07E+07;7.15E+07;7.23E+07;7.31E+07;7.38E+07;7.45E+07;7.52E+07;7.59E+07;7.66E+07;7.73E+07;7.79E+07;7.86E+07;7.92E+07;         ;         ;         ;         ;         ;         ;         ;         ;         ;         ;         ;         ;         ;         ;         
;95% LL;3.23E+07;3.31E+07;3.39E+07;3.46E+07;3.53E+07;3.60E+07;3.67E+07;3.75E+07;3.81E+07;3.87E+07;3.92E+07;3.95E+07;3.98E+07;4.01E+07;4.03E+07;4.05E+07;4.08E+07;4.10E+07;4.12E+07;4.14E+07;4.17E+07;4.21E+07;4.26E+07;4.31E+07;4.37E+07;4.43E+07;4.48E+07;4.55E+07;4.61E+07;4.68E+07;4.75E+07;4.82E+07;4.89E+07;4.96E+07;5.03E+07;5.11E+07;5.17E+07;5.24E+07;5.32E+07;5.40E+07;5.48E+07;5.57E+07;5.65E+07;5.74E+07;5.82E+07;5.91E+07;6.00E+07;6.08E+07;6.17E+07;6.26E+07;6.35E+07;6.43E+07;6.52E+07;6.60E+07;6.69E+07;6.77E+07;6.85E+07;6.93E+07;7.01E+07;7.09E+07;7.17E+07;7.24E+07;7.32E+07;7.39E+07;7.46E+07;7.53E+07;7.60E+07;7.67E+07;7.73E+07;7.79E+07;7.86E+07;         ;         ;         ;         ;         ;         ;         ;         ;         ;         ;         ;         ;         ;         ;         
;95% UL;3.23E+07;3.31E+07;3.39E+07;3.46E+07;3.54E+07;3.61E+07;3.68E+07;3.77E+07;3.84E+07;3.91E+07;3.96E+07;4.01E+07;4.04E+07;4.07E+07;4.10E+07;4.12E+07;4.15E+07;4.17E+07;4.19E+07;4.21E+07;4.24E+07;4.28E+07;4.33E+07;4.38E+07;4.44E+07;4.50E+07;4.55E+07;4.61E+07;4.68E+07;4.75E+07;4.82E+07;4.89E+07;4.96E+07;5.03E+07;5.11E+07;5.18E+07;5.25E+07;5.32E+07;5.40E+07;5.48E+07;5.56E+07;5.65E+07;5.73E+07;5.82E+07;5.91E+07;6.00E+07;6.09E+07;6.17E+07;6.26E+07;6.35E+07;6.44E+07;6.53E+07;6.61E+07;6.70E+07;6.78E+07;6.87E+07;6.95E+07;7.03E+07;7.11E+07;7.19E+07;7.26E+07;7.34E+07;7.41E+07;7.49E+07;7.56E+07;7.63E+07;7.70E+07;7.76E+07;7.83E+07;7.89E+07;7.95E+07;         ;         ;         ;         ;         ;         ;         ;         ;         ;         ;         ;         ;         ;         ;         
Total HIV-negative children;Mean;4.86E+06;4.93E+06;4.98E+06;4.99E+06;4.98E+06;4.95E+06;4.93E+06;4.93E+06;4.91E+06;4.89E+06;4.84E+06;4.76E+06;4.75E+06;4.71E+06;4.65E+06;4.60E+06;4.55E+06;4.48E+06;4.45E+06;4.46E+06;4.55E+06;4.67E+06;4.84E+06;5.03E+06;5.21E+06;5.31E+06;5.38E+06;5.44E+06;5.48E+06;5.52E+06;5.58E+06;5.64E+06;5.68E+06;5.70E+06;5.70E+06;5.70E+06;5.69E+06;5.70E+06;5.72E+06;5.74E+06;5.78E+06;5.82E+06;5.86E+06;5.90E+06;5.93E+06;5.97E+06;5.99E+06;6.02E+06;6.05E+06;6.08E+06;6.11E+06;6.14E+06;6.16E+06;6.19E+06;6.21E+06;6.23E+06;6.24E+06;6.25E+06;6.26E+06;6.26E+06;6.26E+06;6.25E+06;6.24E+06;6.23E+06;6.21E+06;6.20E+06;6.18E+06;6.17E+06;6.15E+06;6.14E+06;6.13E+06;         ;         ;         ;         ;         ;         ;         ;         ;         ;         ;         ;         ;         ;         ;         
;95% LL;4.86E+06;4.93E+06;4.98E+06;4.99E+06;4.98E+06;4.95E+06;4.93E+06;4.92E+06;4.91E+06;4.88E+06;4.83E+06;4.74E+06;4.73E+06;4.69E+06;4.62E+06;4.58E+06;4.53E+06;4.45E+06;4.42E+06;4.44E+06;4.52E+06;4.64E+06;4.81E+06;5.00E+06;5.18E+06;5.28E+06;5.35E+06;5.41E+06;5.45E+06;5.49E+06;5.56E+06;5.61E+06;5.66E+06;5.67E+06;5.67E+06;5.67E+06;5.67E+06;5.67E+06;5.69E+06;5.72E+06;5.75E+06;5.79E+06;5.83E+06;5.86E+06;5.90E+06;5.93E+06;5.95E+06;5.98E+06;6.01E+06;6.04E+06;6.06E+06;6.09E+06;6.12E+06;6.15E+06;6.17E+06;6.19E+06;6.20E+06;6.21E+06;6.22E+06;6.22E+06;6.22E+06;6.22E+06;6.21E+06;6.20E+06;6.18E+06;6.17E+06;6.15E+06;6.14E+06;6.12E+06;6.11E+06;6.09E+06;         ;         ;         ;         ;         ;         ;         ;         ;         ;         ;         ;         ;         ;         ;         
;95% UL;4.86E+06;4.93E+06;4.98E+06;4.99E+06;4.98E+06;4.95E+06;4.94E+06;4.93E+06;4.92E+06;4.90E+06;4.85E+06;4.77E+06;4.77E+06;4.73E+06;4.66E+06;4.62E+06;4.57E+06;4.50E+06;4.47E+06;4.48E+06;4.57E+06;4.70E+06;4.86E+06;5.05E+06;5.23E+06;5.33E+06;5.41E+06;5.46E+06;5.50E+06;5.54E+06;5.60E+06;5.66E+06;5.70E+06;5.71E+06;5.72E+06;5.71E+06;5.71E+06;5.71E+06;5.73E+06;5.76E+06;5.80E+06;5.84E+06;5.89E+06;5.93E+06;5.96E+06;6.00E+06;6.03E+06;6.06E+06;6.08E+06;6.11E+06;6.14E+06;6.17E+06;6.20E+06;6.22E+06;6.24E+06;6.26E+06;6.27E+06;6.28E+06;6.29E+06;6.29E+06;6.28E+06;6.28E+06;6.27E+06;6.25E+06;6.24E+06;6.22E+06;6.21E+06;6.19E+06;6.18E+06;6.16E+06;6.15E+06;         ;         ;         ;         ;         ;         ;         ;         ;         ;         ;         ;         ;         ;         ;         
Total HIV-negative aged 15-24 ;Mean;6.37E+06;6.46E+06;6.57E+06;6.69E+06;6.82E+06;6.95E+06;7.11E+06;7.33E+06;7.52E+06;7.66E+06;7.77E+06;7.86E+06;7.91E+06;7.97E+06;8.06E+06;8.18E+06;8.34E+06;8.49E+06;8.64E+06;8.79E+06;8.92E+06;9.03E+06;9.16E+06;9.25E+06;9.30E+06;9.33E+06;9.32E+06;9.39E+06;9.41E+06;9.40E+06;9.38E+06;9.35E+06;9.32E+06;9.29E+06;9.29E+06;9.35E+06;9.43E+06;9.53E+06;9.71E+06;9.92E+06;1.01E+07;1.03E+07;1.06E+07;1.08E+07;1.10E+07;1.12E+07;1.14E+07;1.15E+07;1.16E+07;1.16E+07;1.17E+07;1.17E+07;1.18E+07;1.18E+07;1.18E+07;1.18E+07;1.18E+07;1.18E+07;1.19E+07;1.19E+07;1.20E+07;1.20E+07;1.21E+07;1.21E+07;1.22E+07;1.22E+07;1.23E+07;1.23E+07;1.24E+07;1.24E+07;1.24E+07;         ;         ;         ;         ;         ;         ;         ;         ;         ;         ;         ;         ;         ;         ;         
;95% LL;6.37E+06;6.46E+06;6.57E+06;6.69E+06;6.81E+06;6.94E+06;7.10E+06;7.31E+06;7.47E+06;7.60E+06;7.71E+06;7.79E+06;7.83E+06;7.89E+06;7.98E+06;8.10E+06;8.27E+06;8.42E+06;8.58E+06;8.73E+06;8.87E+06;8.97E+06;9.11E+06;9.20E+06;9.25E+06;9.28E+06;9.27E+06;9.34E+06;9.35E+06;9.34E+06;9.32E+06;9.29E+06;9.26E+06;9.23E+06;9.22E+06;9.28E+06;9.36E+06;9.46E+06;9.63E+06;9.84E+06;1.00E+07;1.03E+07;1.05E+07;1.07E+07;1.10E+07;1.11E+07;1.13E+07;1.14E+07;1.15E+07;1.16E+07;1.16E+07;1.17E+07;1.17E+07;1.17E+07;1.17E+07;1.17E+07;1.18E+07;1.18E+07;1.18E+07;1.19E+07;1.19E+07;1.20E+07;1.20E+07;1.21E+07;1.21E+07;1.22E+07;1.22E+07;1.22E+07;1.23E+07;1.23E+07;1.24E+07;         ;         ;         ;         ;         ;         ;         ;         ;         ;         ;         ;         ;         ;         ;         
;95% UL;6.37E+06;6.46E+06;6.57E+06;6.69E+06;6.82E+06;6.96E+06;7.13E+06;7.35E+06;7.54E+06;7.70E+06;7.82E+06;7.92E+06;7.96E+06;8.03E+06;8.12E+06;8.23E+06;8.39E+06;8.54E+06;8.69E+06;8.84E+06;8.97E+06;9.07E+06;9.20E+06;9.29E+06;9.34E+06;9.37E+06;9.36E+06;9.43E+06;9.45E+06;9.44E+06;9.42E+06;9.39E+06;9.36E+06;9.34E+06;9.33E+06;9.39E+06;9.48E+06;9.58E+06;9.76E+06;9.97E+06;1.02E+07;1.04E+07;1.06E+07;1.09E+07;1.11E+07;1.13E+07;1.14E+07;1.15E+07;1.16E+07;1.17E+07;1.17E+07;1.18E+07;1.18E+07;1.18E+07;1.18E+07;1.18E+07;1.19E+07;1.19E+07;1.19E+07;1.20E+07;1.20E+07;1.21E+07;1.21E+07;1.22E+07;1.22E+07;1.23E+07;1.23E+07;1.24E+07;1.24E+07;1.25E+07;1.25E+07;         ;         ;         ;         ;         ;         ;         ;         ;         ;         ;         ;         ;         ;         ;         
Total HIV-negative males aged 15-24 ;Mean;3.17E+06;3.20E+06;3.25E+06;3.30E+06;3.36E+06;3.42E+06;3.49E+06;3.61E+06;3.71E+06;3.80E+06;3.88E+06;3.96E+06;4.02E+06;4.09E+06;4.18E+06;4.27E+06;4.38E+06;4.47E+06;4.57E+06;4.65E+06;4.73E+06;4.78E+06;4.85E+06;4.89E+06;4.91E+06;4.92E+06;4.91E+06;4.93E+06;4.93E+06;4.91E+06;4.89E+06;4.86E+06;4.84E+06;4.82E+06;4.81E+06;4.84E+06;4.87E+06;4.91E+06;5.00E+06;5.10E+06;5.19E+06;5.30E+06;5.41E+06;5.53E+06;5.64E+06;5.73E+06;5.80E+06;5.85E+06;5.88E+06;5.91E+06;5.93E+06;5.95E+06;5.96E+06;5.96E+06;5.96E+06;5.97E+06;5.97E+06;5.98E+06;6.00E+06;6.01E+06;6.04E+06;6.06E+06;6.09E+06;6.11E+06;6.14E+06;6.16E+06;6.18E+06;6.20E+06;6.22E+06;6.24E+06;6.26E+06;         ;         ;         ;         ;         ;         ;         ;         ;         ;         ;         ;         ;         ;         ;         
;95% LL;3.17E+06;3.20E+06;3.25E+06;3.30E+06;3.36E+06;3.42E+06;3.48E+06;3.60E+06;3.70E+06;3.79E+06;3.87E+06;3.94E+06;4.00E+06;4.07E+06;4.15E+06;4.25E+06;4.36E+06;4.45E+06;4.55E+06;4.63E+06;4.71E+06;4.76E+06;4.83E+06;4.87E+06;4.90E+06;4.90E+06;4.89E+06;4.91E+06;4.91E+06;4.89E+06;4.86E+06;4.84E+06;4.81E+06;4.79E+06;4.78E+06;4.81E+06;4.84E+06;4.89E+06;4.97E+06;5.07E+06;5.16E+06;5.27E+06;5.38E+06;5.50E+06;5.61E+06;5.70E+06;5.77E+06;5.83E+06;5.86E+06;5.88E+06;5.91E+06;5.92E+06;5.93E+06;5.94E+06;5.94E+06;5.94E+06;5.94E+06;5.95E+06;5.97E+06;5.98E+06;6.00E+06;6.03E+06;6.05E+06;6.07E+06;6.10E+06;6.12E+06;6.14E+06;6.16E+06;6.18E+06;6.20E+06;6.22E+06;         ;         ;         ;         ;         ;         ;         ;         ;         ;         ;         ;         ;         ;         ;         
;95% UL;3.17E+06;3.20E+06;3.25E+06;3.30E+06;3.36E+06;3.42E+06;3.49E+06;3.61E+06;3.72E+06;3.81E+06;3.90E+06;3.98E+06;4.04E+06;4.11E+06;4.20E+06;4.29E+06;4.40E+06;4.50E+06;4.59E+06;4.68E+06;4.75E+06;4.80E+06;4.87E+06;4.91E+06;4.93E+06;4.94E+06;4.93E+06;4.95E+06;4.95E+06;4.93E+06;4.91E+06;4.89E+06;4.86E+06;4.84E+06;4.84E+06;4.86E+06;4.89E+06;4.94E+06;5.02E+06;5.12E+06;5.21E+06;5.32E+06;5.43E+06;5.55E+06;5.66E+06;5.75E+06;5.82E+06;5.88E+06;5.90E+06;5.93E+06;5.95E+06;5.97E+06;5.98E+06;5.98E+06;5.98E+06;5.98E+06;5.99E+06;6.00E+06;6.02E+06;6.04E+06;6.06E+06;6.09E+06;6.12E+06;6.14E+06;6.17E+06;6.19E+06;6.21E+06;6.23E+06;6.25E+06;6.27E+06;6.29E+06;         ;         ;         ;         ;         ;         ;         ;         ;         ;         ;         ;         ;         ;         ;         
Total HIV-negative females aged 15-24 ;Mean;3.20E+06;3.26E+06;3.32E+06;3.39E+06;3.46E+06;3.53E+06;3.63E+06;3.73E+06;3.80E+06;3.86E+06;3.89E+06;3.90E+06;3.89E+06;3.88E+06;3.89E+06;3.91E+06;3.96E+06;4.01E+06;4.07E+06;4.14E+06;4.20E+06;4.25E+06;4.32E+06;4.36E+06;4.39E+06;4.41E+06;4.41E+06;4.46E+06;4.48E+06;4.49E+06;4.49E+06;4.48E+06;4.48E+06;4.47E+06;4.47E+06;4.51E+06;4.56E+06;4.62E+06;4.71E+06;4.82E+06;4.93E+06;5.04E+06;5.16E+06;5.28E+06;5.40E+06;5.50E+06;5.58E+06;5.64E+06;5.68E+06;5.71E+06;5.75E+06;5.78E+06;5.80E+06;5.82E+06;5.83E+06;5.84E+06;5.85E+06;5.86E+06;5.89E+06;5.91E+06;5.94E+06;5.97E+06;6.00E+06;6.02E+06;6.05E+06;6.07E+06;6.10E+06;6.12E+06;6.14E+06;6.16E+06;6.18E+06;         ;         ;         ;         ;         ;         ;         ;         ;         ;         ;         ;         ;         ;         ;         
;95% LL;3.20E+06;3.26E+06;3.32E+06;3.39E+06;3.46E+06;3.52E+06;3.62E+06;3.71E+06;3.77E+06;3.81E+06;3.84E+06;3.84E+06;3.83E+06;3.82E+06;3.83E+06;3.85E+06;3.90E+06;3.96E+06;4.03E+06;4.09E+06;4.16E+06;4.21E+06;4.28E+06;4.32E+06;4.35E+06;4.37E+06;4.38E+06;4.42E+06;4.45E+06;4.45E+06;4.45E+06;4.44E+06;4.44E+06;4.43E+06;4.43E+06;4.47E+06;4.51E+06;4.57E+06;4.67E+06;4.78E+06;4.88E+06;5.00E+06;5.11E+06;5.24E+06;5.36E+06;5.46E+06;5.54E+06;5.60E+06;5.64E+06;5.68E+06;5.71E+06;5.74E+06;5.77E+06;5.78E+06;5.80E+06;5.81E+06;5.82E+06;5.83E+06;5.86E+06;5.88E+06;5.90E+06;5.93E+06;5.96E+06;5.98E+06;6.01E+06;6.03E+06;6.06E+06;6.08E+06;6.10E+06;6.12E+06;6.14E+06;         ;         ;         ;         ;         ;         ;         ;         ;         ;         ;         ;         ;         ;         ;         
;95% UL;3.20E+06;3.26E+06;3.32E+06;3.39E+06;3.46E+06;3.53E+06;3.64E+06;3.74E+06;3.83E+06;3.89E+06;3.93E+06;3.94E+06;3.93E+06;3.92E+06;3.93E+06;3.96E+06;4.00E+06;4.05E+06;4.11E+06;4.18E+06;4.24E+06;4.29E+06;4.35E+06;4.39E+06;4.42E+06;4.44E+06;4.44E+06;4.49E+06;4.51E+06;4.52E+06;4.52E+06;4.51E+06;4.50E+06;4.50E+06;4.50E+06;4.54E+06;4.59E+06;4.65E+06;4.74E+06;4.85E+06;4.96E+06;5.07E+06;5.19E+06;5.31E+06;5.43E+06;5.52E+06;5.60E+06;5.67E+06;5.71E+06;5.74E+06;5.77E+06;5.80E+06;5.82E+06;5.84E+06;5.85E+06;5.86E+06;5.87E+06;5.89E+06;5.91E+06;5.94E+06;5.97E+06;6.00E+06;6.02E+06;6.05E+06;6.08E+06;6.11E+06;6.13E+06;6.15E+06;6.17E+06;6.19E+06;6.21E+06;         ;         ;         ;         ;         ;         ;         ;         ;         ;         ;         ;         ;         ;         ;         
Total HIV-negative aged 15-49;Mean;1.57E+07;1.60E+07;1.64E+07;1.68E+07;1.73E+07;1.77E+07;1.81E+07;1.87E+07;1.91E+07;1.96E+07;1.99E+07;2.02E+07;2.04E+07;2.05E+07;2.07E+07;2.08E+07;2.10E+07;2.12E+07;2.14E+07;2.16E+07;2.18E+07;2.20E+07;2.22E+07;2.25E+07;2.28E+07;2.31E+07;2.33E+07;2.37E+07;2.40E+07;2.43E+07;2.46E+07;2.49E+07;2.52E+07;2.56E+07;2.60E+07;2.65E+07;2.70E+07;2.75E+07;2.81E+07;2.87E+07;2.93E+07;2.99E+07;3.05E+07;3.11E+07;3.18E+07;3.24E+07;3.30E+07;3.36E+07;3.42E+07;3.47E+07;3.51E+07;3.56E+07;3.60E+07;3.64E+07;3.67E+07;3.71E+07;3.75E+07;3.78E+07;3.81E+07;3.84E+07;3.87E+07;3.90E+07;3.93E+07;3.96E+07;3.99E+07;4.02E+07;4.05E+07;4.08E+07;4.11E+07;4.14E+07;4.16E+07;         ;         ;         ;         ;         ;         ;         ;         ;         ;         ;         ;         ;         ;         ;         
;95% LL;1.57E+07;1.60E+07;1.64E+07;1.68E+07;1.72E+07;1.76E+07;1.81E+07;1.86E+07;1.90E+07;1.94E+07;1.97E+07;2.00E+07;2.01E+07;2.02E+07;2.04E+07;2.05E+07;2.07E+07;2.09E+07;2.12E+07;2.14E+07;2.15E+07;2.17E+07;2.20E+07;2.23E+07;2.26E+07;2.28E+07;2.31E+07;2.34E+07;2.37E+07;2.40E+07;2.44E+07;2.47E+07;2.50E+07;2.53E+07;2.57E+07;2.62E+07;2.67E+07;2.72E+07;2.78E+07;2.84E+07;2.90E+07;2.96E+07;3.02E+07;3.09E+07;3.15E+07;3.22E+07;3.28E+07;3.34E+07;3.39E+07;3.44E+07;3.49E+07;3.53E+07;3.57E+07;3.61E+07;3.65E+07;3.68E+07;3.72E+07;3.75E+07;3.78E+07;3.82E+07;3.85E+07;3.87E+07;3.90E+07;3.93E+07;3.96E+07;3.99E+07;4.02E+07;4.05E+07;4.08E+07;4.11E+07;4.13E+07;         ;         ;         ;         ;         ;         ;         ;         ;         ;         ;         ;         ;         ;         ;         
;95% UL;1.57E+07;1.60E+07;1.64E+07;1.68E+07;1.73E+07;1.77E+07;1.82E+07;1.88E+07;1.93E+07;1.97E+07;2.01E+07;2.05E+07;2.06E+07;2.08E+07;2.09E+07;2.11E+07;2.13E+07;2.15E+07;2.17E+07;2.18E+07;2.20E+07;2.22E+07;2.25E+07;2.27E+07;2.30E+07;2.32E+07;2.35E+07;2.38E+07;2.42E+07;2.45E+07;2.48E+07;2.51E+07;2.54E+07;2.58E+07;2.62E+07;2.67E+07;2.72E+07;2.77E+07;2.83E+07;2.89E+07;2.95E+07;3.01E+07;3.07E+07;3.14E+07;3.20E+07;3.26E+07;3.33E+07;3.39E+07;3.44E+07;3.49E+07;3.53E+07;3.58E+07;3.62E+07;3.66E+07;3.69E+07;3.73E+07;3.76E+07;3.80E+07;3.83E+07;3.86E+07;3.89E+07;3.92E+07;3.95E+07;3.97E+07;4.00E+07;4.03E+07;4.07E+07;4.10E+07;4.13E+07;4.15E+07;4.18E+07;         ;         ;         ;         ;         ;         ;         ;         ;         ;         ;         ;         ;         ;         ;         
Total HIV-negative males aged 15-49;Mean;7.76E+06;7.94E+06;8.12E+06;8.31E+06;8.49E+06;8.67E+06;8.84E+06;9.10E+06;9.32E+06;9.51E+06;9.69E+06;9.85E+06;9.94E+06;1.00E+07;1.01E+07;1.03E+07;1.04E+07;1.06E+07;1.07E+07;1.09E+07;1.10E+07;1.12E+07;1.14E+07;1.16E+07;1.18E+07;1.20E+07;1.22E+07;1.24E+07;1.26E+07;1.28E+07;1.30E+07;1.32E+07;1.34E+07;1.36E+07;1.38E+07;1.41E+07;1.43E+07;1.46E+07;1.49E+07;1.52E+07;1.55E+07;1.58E+07;1.61E+07;1.64E+07;1.67E+07;1.70E+07;1.73E+07;1.76E+07;1.78E+07;1.80E+07;1.82E+07;1.84E+07;1.85E+07;1.87E+07;1.88E+07;1.90E+07;1.91E+07;1.93E+07;1.94E+07;1.95E+07;1.97E+07;1.98E+07;1.99E+07;2.00E+07;2.01E+07;2.02E+07;2.04E+07;2.05E+07;2.06E+07;2.08E+07;2.09E+07;         ;         ;         ;         ;         ;         ;         ;         ;         ;         ;         ;         ;         ;         ;         
;95% LL;7.76E+06;7.94E+06;8.12E+06;8.30E+06;8.49E+06;8.66E+06;8.81E+06;9.04E+06;9.24E+06;9.42E+06;9.58E+06;9.74E+06;9.83E+06;9.92E+06;1.00E+07;1.01E+07;1.03E+07;1.04E+07;1.06E+07;1.08E+07;1.09E+07;1.11E+07;1.13E+07;1.15E+07;1.17E+07;1.19E+07;1.21E+07;1.23E+07;1.25E+07;1.27E+07;1.29E+07;1.31E+07;1.33E+07;1.35E+07;1.37E+07;1.40E+07;1.42E+07;1.45E+07;1.48E+07;1.51E+07;1.54E+07;1.57E+07;1.60E+07;1.63E+07;1.66E+07;1.69E+07;1.72E+07;1.75E+07;1.77E+07;1.79E+07;1.81E+07;1.83E+07;1.84E+07;1.86E+07;1.87E+07;1.89E+07;1.90E+07;1.92E+07;1.93E+07;1.94E+07;1.96E+07;1.97E+07;1.98E+07;1.99E+07;2.00E+07;2.01E+07;2.03E+07;2.04E+07;2.05E+07;2.07E+07;2.07E+07;         ;         ;         ;         ;         ;         ;         ;         ;         ;         ;         ;         ;         ;         ;         
;95% UL;7.76E+06;7.94E+06;8.12E+06;8.31E+06;8.50E+06;8.68E+06;8.86E+06;9.14E+06;9.40E+06;9.61E+06;9.80E+06;9.98E+06;1.01E+07;1.02E+07;1.03E+07;1.04E+07;1.06E+07;1.07E+07;1.09E+07;1.10E+07;1.12E+07;1.13E+07;1.15E+07;1.17E+07;1.19E+07;1.21E+07;1.23E+07;1.25E+07;1.27E+07;1.29E+07;1.31E+07;1.33E+07;1.35E+07;1.37E+07;1.39E+07;1.42E+07;1.45E+07;1.47E+07;1.50E+07;1.53E+07;1.56E+07;1.59E+07;1.62E+07;1.65E+07;1.68E+07;1.71E+07;1.74E+07;1.77E+07;1.79E+07;1.81E+07;1.83E+07;1.85E+07;1.86E+07;1.88E+07;1.89E+07;1.91E+07;1.92E+07;1.93E+07;1.95E+07;1.96E+07;1.97E+07;1.98E+07;1.99E+07;2.01E+07;2.02E+07;2.03E+07;2.05E+07;2.06E+07;2.07E+07;2.08E+07;2.09E+07;         ;         ;         ;         ;         ;         ;         ;         ;         ;         ;         ;         ;         ;         ;         
Total HIV-negative females aged 15-49;Mean;7.89E+06;8.10E+06;8.31E+06;8.53E+06;8.76E+06;8.98E+06;9.28E+06;9.58E+06;9.83E+06;1.00E+07;1.02E+07;1.04E+07;1.04E+07;1.05E+07;1.05E+07;1.06E+07;1.06E+07;1.06E+07;1.07E+07;1.07E+07;1.07E+07;1.08E+07;1.09E+07;1.09E+07;1.10E+07;1.11E+07;1.11E+07;1.13E+07;1.14E+07;1.15E+07;1.16E+07;1.17E+07;1.19E+07;1.20E+07;1.22E+07;1.24E+07;1.26E+07;1.29E+07;1.32E+07;1.35E+07;1.38E+07;1.41E+07;1.44E+07;1.47E+07;1.51E+07;1.54E+07;1.57E+07;1.61E+07;1.64E+07;1.67E+07;1.69E+07;1.72E+07;1.74E+07;1.77E+07;1.79E+07;1.81E+07;1.83E+07;1.85E+07;1.87E+07;1.89E+07;1.91E+07;1.93E+07;1.94E+07;1.96E+07;1.98E+07;1.99E+07;2.01E+07;2.03E+07;2.05E+07;2.06E+07;2.08E+07;         ;         ;         ;         ;         ;         ;         ;         ;         ;         ;         ;         ;         ;         ;         
;95% LL;7.89E+06;8.10E+06;8.31E+06;8.53E+06;8.76E+06;8.97E+06;9.26E+06;9.52E+06;9.75E+06;9.94E+06;1.01E+07;1.02E+07;1.03E+07;1.03E+07;1.04E+07;1.04E+07;1.04E+07;1.05E+07;1.05E+07;1.05E+07;1.06E+07;1.06E+07;1.07E+07;1.08E+07;1.08E+07;1.09E+07;1.10E+07;1.11E+07;1.12E+07;1.13E+07;1.14E+07;1.15E+07;1.17E+07;1.18E+07;1.20E+07;1.22E+07;1.24E+07;1.27E+07;1.30E+07;1.33E+07;1.36E+07;1.39E+07;1.42E+07;1.45E+07;1.49E+07;1.52E+07;1.56E+07;1.59E+07;1.62E+07;1.65E+07;1.67E+07;1.70E+07;1.72E+07;1.75E+07;1.77E+07;1.79E+07;1.82E+07;1.84E+07;1.86E+07;1.87E+07;1.89E+07;1.91E+07;1.92E+07;1.94E+07;1.96E+07;1.98E+07;2.00E+07;2.01E+07;2.03E+07;2.05E+07;2.06E+07;         ;         ;         ;         ;         ;         ;         ;         ;         ;         ;         ;         ;         ;         ;         
;95% UL;7.89E+06;8.10E+06;8.31E+06;8.54E+06;8.77E+06;8.99E+06;9.30E+06;9.61E+06;9.88E+06;1.01E+07;1.03E+07;1.05E+07;1.05E+07;1.06E+07;1.06E+07;1.07E+07;1.07E+07;1.08E+07;1.08E+07;1.08E+07;1.09E+07;1.09E+07;1.10E+07;1.10E+07;1.11E+07;1.12E+07;1.13E+07;1.14E+07;1.15E+07;1.16E+07;1.18E+07;1.19E+07;1.20E+07;1.22E+07;1.23E+07;1.25E+07;1.28E+07;1.30E+07;1.33E+07;1.36E+07;1.39E+07;1.42E+07;1.45E+07;1.49E+07;1.52E+07;1.56E+07;1.59E+07;1.62E+07;1.65E+07;1.68E+07;1.71E+07;1.73E+07;1.76E+07;1.78E+07;1.80E+07;1.83E+07;1.85E+07;1.87E+07;1.89E+07;1.90E+07;1.92E+07;1.94E+07;1.95E+07;1.97E+07;1.99E+07;2.01E+07;2.02E+07;2.04E+07;2.06E+07;2.07E+07;2.09E+07;         ;         ;         ;         ;         ;         ;         ;         ;         ;         ;         ;         ;         ;         ;         
Total HIV-negative males aged 25-49;Mean;4.60E+06;4.74E+06;4.87E+06;5.01E+06;5.14E+06;5.25E+06;5.35E+06;5.49E+06;5.61E+06;5.71E+06;5.81E+06;5.90E+06;5.92E+06;5.94E+06;5.97E+06;6.00E+06;6.03E+06;6.10E+06;6.16E+06;6.23E+06;6.31E+06;6.41E+06;6.55E+06;6.71E+06;6.88E+06;7.07E+06;7.27E+06;7.47E+06;7.67E+06;7.88E+06;8.10E+06;8.31E+06;8.53E+06;8.76E+06;9.00E+06;9.23E+06;9.47E+06;9.71E+06;9.92E+06;1.01E+07;1.03E+07;1.05E+07;1.07E+07;1.09E+07;1.11E+07;1.13E+07;1.15E+07;1.17E+07;1.19E+07;1.21E+07;1.23E+07;1.24E+07;1.26E+07;1.27E+07;1.29E+07;1.30E+07;1.32E+07;1.33E+07;1.34E+07;1.35E+07;1.36E+07;1.37E+07;1.38E+07;1.39E+07;1.40E+07;1.41E+07;1.42E+07;1.43E+07;1.44E+07;1.45E+07;1.46E+07;         ;         ;         ;         ;         ;         ;         ;         ;         ;         ;         ;         ;         ;         ;         
;95% LL;4.60E+06;4.74E+06;4.87E+06;5.00E+06;5.13E+06;5.24E+06;5.32E+06;5.44E+06;5.54E+06;5.63E+06;5.71E+06;5.80E+06;5.82E+06;5.84E+06;5.86E+06;5.89E+06;5.92E+06;5.99E+06;6.06E+06;6.13E+06;6.21E+06;6.31E+06;6.45E+06;6.61E+06;6.78E+06;6.97E+06;7.18E+06;7.38E+06;7.58E+06;7.79E+06;8.00E+06;8.21E+06;8.44E+06;8.67E+06;8.90E+06;9.14E+06;9.37E+06;9.61E+06;9.83E+06;1.00E+07;1.02E+07;1.04E+07;1.06E+07;1.08E+07;1.10E+07;1.12E+07;1.14E+07;1.16E+07;1.18E+07;1.20E+07;1.22E+07;1.24E+07;1.25E+07;1.27E+07;1.28E+07;1.29E+07;1.31E+07;1.32E+07;1.33E+07;1.34E+07;1.35E+07;1.36E+07;1.37E+07;1.38E+07;1.39E+07;1.40E+07;1.41E+07;1.42E+07;1.44E+07;1.45E+07;1.45E+07;         ;         ;         ;         ;         ;         ;         ;         ;         ;         ;         ;         ;         ;         ;         
;95% UL;4.60E+06;4.74E+06;4.87E+06;5.01E+06;5.14E+06;5.26E+06;5.37E+06;5.54E+06;5.68E+06;5.80E+06;5.90E+06;6.01E+06;6.04E+06;6.07E+06;6.10E+06;6.13E+06;6.16E+06;6.22E+06;6.28E+06;6.35E+06;6.42E+06;6.51E+06;6.64E+06;6.80E+06;6.98E+06;7.17E+06;7.38E+06;7.58E+06;7.79E+06;8.00E+06;8.22E+06;8.44E+06;8.66E+06;8.89E+06;9.12E+06;9.36E+06;9.60E+06;9.83E+06;1.00E+07;1.02E+07;1.04E+07;1.06E+07;1.08E+07;1.10E+07;1.12E+07;1.14E+07;1.16E+07;1.18E+07;1.20E+07;1.22E+07;1.24E+07;1.25E+07;1.27E+07;1.28E+07;1.30E+07;1.31E+07;1.32E+07;1.34E+07;1.35E+07;1.36E+07;1.37E+07;1.38E+07;1.38E+07;1.39E+07;1.40E+07;1.41E+07;1.42E+07;1.44E+07;1.45E+07;1.46E+07;1.46E+07;         ;         ;         ;         ;         ;         ;         ;         ;         ;         ;         ;         ;         ;         ;         
Total HIV-negative females aged 25-49;Mean;4.69E+06;4.84E+06;4.99E+06;5.14E+06;5.30E+06;5.46E+06;5.65E+06;5.85E+06;6.03E+06;6.19E+06;6.34E+06;6.47E+06;6.54E+06;6.60E+06;6.63E+06;6.65E+06;6.64E+06;6.63E+06;6.61E+06;6.58E+06;6.55E+06;6.53E+06;6.54E+06;6.56E+06;6.61E+06;6.66E+06;6.73E+06;6.82E+06;6.91E+06;7.02E+06;7.13E+06;7.26E+06;7.40E+06;7.55E+06;7.72E+06;7.89E+06;8.08E+06;8.27E+06;8.45E+06;8.64E+06;8.83E+06;9.02E+06;9.22E+06;9.43E+06;9.66E+06;9.91E+06;1.02E+07;1.04E+07;1.07E+07;1.09E+07;1.12E+07;1.14E+07;1.16E+07;1.18E+07;1.21E+07;1.23E+07;1.25E+07;1.27E+07;1.28E+07;1.30E+07;1.32E+07;1.33E+07;1.34E+07;1.36E+07;1.37E+07;1.39E+07;1.40E+07;1.42E+07;1.43E+07;1.45E+07;1.46E+07;         ;         ;         ;         ;         ;         ;         ;         ;         ;         ;         ;         ;         ;         ;         
;95% LL;4.69E+06;4.84E+06;4.99E+06;5.14E+06;5.30E+06;5.45E+06;5.64E+06;5.82E+06;5.98E+06;6.13E+06;6.26E+06;6.38E+06;6.44E+06;6.48E+06;6.50E+06;6.51E+06;6.49E+06;6.48E+06;6.45E+06;6.41E+06;6.38E+06;6.36E+06;6.37E+06;6.40E+06;6.44E+06;6.50E+06;6.58E+06;6.67E+06;6.75E+06;6.85E+06;6.97E+06;7.10E+06;7.24E+06;7.39E+06;7.56E+06;7.74E+06;7.92E+06;8.12E+06;8.30E+06;8.49E+06;8.68E+06;8.88E+06;9.08E+06;9.29E+06;9.51E+06;9.75E+06;1.00E+07;1.03E+07;1.05E+07;1.08E+07;1.10E+07;1.12E+07;1.15E+07;1.17E+07;1.19E+07;1.21E+07;1.23E+07;1.25E+07;1.27E+07;1.29E+07;1.30E+07;1.31E+07;1.33E+07;1.34E+07;1.36E+07;1.37E+07;1.39E+07;1.41E+07;1.42E+07;1.43E+07;1.45E+07;         ;         ;         ;         ;         ;         ;         ;         ;         ;         ;         ;         ;         ;         ;         
;95% UL;4.69E+06;4.84E+06;4.99E+06;5.15E+06;5.30E+06;5.46E+06;5.67E+06;5.87E+06;6.06E+06;6.23E+06;6.39E+06;6.54E+06;6.62E+06;6.68E+06;6.72E+06;6.74E+06;6.74E+06;6.73E+06;6.71E+06;6.68E+06;6.65E+06;6.63E+06;6.64E+06;6.67E+06;6.71E+06;6.76E+06;6.83E+06;6.92E+06;7.02E+06;7.12E+06;7.24E+06;7.37E+06;7.51E+06;7.66E+06;7.83E+06;8.01E+06;8.19E+06;8.39E+06;8.58E+06;8.76E+06;8.96E+06;9.15E+06;9.36E+06;9.57E+06;9.79E+06;1.00E+07;1.03E+07;1.06E+07;1.08E+07;1.11E+07;1.13E+07;1.15E+07;1.18E+07;1.20E+07;1.22E+07;1.24E+07;1.26E+07;1.28E+07;1.30E+07;1.31E+07;1.33E+07;1.34E+07;1.35E+07;1.37E+07;1.38E+07;1.40E+07;1.41E+07;1.43E+07;1.44E+07;1.45E+07;1.47E+07;         ;         ;         ;         ;         ;         ;         ;         ;         ;         ;         ;         ;         ;         ;         
Total HIV-negative aged 50+;Mean;3.87E+06;4.00E+06;4.13E+06;4.26E+06;4.40E+06;4.52E+06;4.64E+06;4.76E+06;4.87E+06;4.97E+06;5.08E+06;5.20E+06;5.31E+06;5.43E+06;5.56E+06;5.69E+06;5.82E+06;5.98E+06;6.15E+06;6.31E+06;6.48E+06;6.66E+06;6.82E+06;6.99E+06;7.15E+06;7.32E+06;7.48E+06;7.63E+06;7.77E+06;7.92E+06;8.06E+06;8.20E+06;8.33E+06;8.45E+06;8.57E+06;8.67E+06;8.70E+06;8.76E+06;8.91E+06;9.06E+06;9.22E+06;9.37E+06;9.51E+06;9.66E+06;9.82E+06;9.99E+06;1.02E+07;1.04E+07;1.07E+07;1.10E+07;1.13E+07;1.16E+07;1.20E+07;1.23E+07;1.27E+07;1.31E+07;1.35E+07;1.39E+07;1.43E+07;1.47E+07;1.51E+07;1.56E+07;1.60E+07;1.64E+07;1.68E+07;1.72E+07;1.76E+07;1.79E+07;1.83E+07;1.87E+07;1.91E+07;         ;         ;         ;         ;         ;         ;         ;         ;         ;         ;         ;         ;         ;         ;         
;95% LL;3.87E+06;4.00E+06;4.13E+06;4.26E+06;4.40E+06;4.52E+06;4.64E+06;4.76E+06;4.86E+06;4.96E+06;5.07E+06;5.18E+06;5.29E+06;5.41E+06;5.53E+06;5.66E+06;5.79E+06;5.95E+06;6.11E+06;6.26E+06;6.43E+06;6.60E+06;6.76E+06;6.92E+06;7.08E+06;7.24E+06;7.40E+06;7.54E+06;7.68E+06;7.82E+06;7.96E+06;8.09E+06;8.21E+06;8.33E+06;8.45E+06;8.54E+06;8.56E+06;8.62E+06;8.77E+06;8.91E+06;9.06E+06;9.20E+06;9.34E+06;9.49E+06;9.64E+06;9.81E+06;1.00E+07;1.02E+07;1.05E+07;1.08E+07;1.11E+07;1.14E+07;1.18E+07;1.21E+07;1.25E+07;1.29E+07;1.33E+07;1.37E+07;1.41E+07;1.45E+07;1.49E+07;1.53E+07;1.58E+07;1.62E+07;1.66E+07;1.70E+07;1.73E+07;1.77E+07;1.81E+07;1.85E+07;1.89E+07;         ;         ;         ;         ;         ;         ;         ;         ;         ;         ;         ;         ;         ;         ;         
;95% UL;3.87E+06;4.00E+06;4.13E+06;4.27E+06;4.40E+06;4.52E+06;4.65E+06;4.76E+06;4.88E+06;4.98E+06;5.09E+06;5.21E+06;5.33E+06;5.46E+06;5.59E+06;5.72E+06;5.86E+06;6.03E+06;6.20E+06;6.37E+06;6.55E+06;6.73E+06;6.90E+06;7.07E+06;7.24E+06;7.41E+06;7.59E+06;7.74E+06;7.89E+06;8.04E+06;8.19E+06;8.33E+06;8.46E+06;8.59E+06;8.71E+06;8.80E+06;8.83E+06;8.90E+06;9.05E+06;9.21E+06;9.36E+06;9.51E+06;9.67E+06;9.81E+06;9.97E+06;1.01E+07;1.03E+07;1.06E+07;1.08E+07;1.11E+07;1.14E+07;1.18E+07;1.21E+07;1.25E+07;1.29E+07;1.32E+07;1.36E+07;1.40E+07;1.44E+07;1.49E+07;1.53E+07;1.57E+07;1.62E+07;1.66E+07;1.70E+07;1.74E+07;1.77E+07;1.81E+07;1.85E+07;1.88E+07;1.93E+07;         ;         ;         ;         ;         ;         ;         ;         ;         ;         ;         ;         ;         ;         ;         
Total HIV-negative males aged 50+;Mean;1.78E+06;1.82E+06;1.87E+06;1.92E+06;1.97E+06;2.02E+06;2.06E+06;2.10E+06;2.13E+06;2.17E+06;2.21E+06;2.25E+06;2.29E+06;2.33E+06;2.38E+06;2.43E+06;2.47E+06;2.54E+06;2.60E+06;2.66E+06;2.73E+06;2.81E+06;2.87E+06;2.93E+06;3.00E+06;3.07E+06;3.13E+06;3.19E+06;3.24E+06;3.30E+06;3.35E+06;3.41E+06;3.46E+06;3.51E+06;3.56E+06;3.61E+06;3.63E+06;3.67E+06;3.74E+06;3.83E+06;3.92E+06;4.01E+06;4.10E+06;4.19E+06;4.30E+06;4.41E+06;4.54E+06;4.69E+06;4.86E+06;5.04E+06;5.23E+06;5.43E+06;5.63E+06;5.85E+06;6.06E+06;6.27E+06;6.49E+06;6.70E+06;6.92E+06;7.13E+06;7.35E+06;7.57E+06;7.80E+06;8.00E+06;8.19E+06;8.37E+06;8.55E+06;8.71E+06;8.88E+06;9.04E+06;9.23E+06;         ;         ;         ;         ;         ;         ;         ;         ;         ;         ;         ;         ;         ;         ;         
;95% LL;1.78E+06;1.82E+06;1.87E+06;1.92E+06;1.97E+06;2.02E+06;2.06E+06;2.09E+06;2.13E+06;2.16E+06;2.20E+06;2.23E+06;2.27E+06;2.31E+06;2.36E+06;2.40E+06;2.45E+06;2.51E+06;2.57E+06;2.63E+06;2.70E+06;2.77E+06;2.83E+06;2.89E+06;2.96E+06;3.02E+06;3.08E+06;3.14E+06;3.19E+06;3.24E+06;3.30E+06;3.35E+06;3.40E+06;3.45E+06;3.50E+06;3.55E+06;3.57E+06;3.60E+06;3.68E+06;3.76E+06;3.85E+06;3.94E+06;4.03E+06;4.13E+06;4.23E+06;4.35E+06;4.47E+06;4.62E+06;4.78E+06;4.96E+06;5.15E+06;5.34E+06;5.55E+06;5.76E+06;5.97E+06;6.18E+06;6.40E+06;6.61E+06;6.83E+06;7.04E+06;7.26E+06;7.48E+06;7.71E+06;7.91E+06;8.10E+06;8.29E+06;8.46E+06;8.63E+06;8.79E+06;8.96E+06;9.15E+06;         ;         ;         ;         ;         ;         ;         ;         ;         ;         ;         ;         ;         ;         ;         
;95% UL;1.78E+06;1.82E+06;1.87E+06;1.92E+06;1.97E+06;2.02E+06;2.06E+06;2.10E+06;2.14E+06;2.18E+06;2.22E+06;2.26E+06;2.30E+06;2.35E+06;2.40E+06;2.45E+06;2.50E+06;2.57E+06;2.64E+06;2.71E+06;2.78E+06;2.85E+06;2.92E+06;2.99E+06;3.06E+06;3.13E+06;3.20E+06;3.25E+06;3.31E+06;3.36E+06;3.42E+06;3.47E+06;3.53E+06;3.58E+06;3.63E+06;3.68E+06;3.70E+06;3.74E+06;3.82E+06;3.90E+06;3.98E+06;4.07E+06;4.17E+06;4.26E+06;4.37E+06;4.48E+06;4.62E+06;4.77E+06;4.94E+06;5.12E+06;5.32E+06;5.53E+06;5.74E+06;5.95E+06;6.16E+06;6.38E+06;6.60E+06;6.82E+06;7.03E+06;7.25E+06;7.47E+06;7.69E+06;7.92E+06;8.12E+06;8.30E+06;8.48E+06;8.65E+06;8.82E+06;8.98E+06;9.15E+06;9.34E+06;         ;         ;         ;         ;         ;         ;         ;         ;         ;         ;         ;         ;         ;         ;         
Total HIV-negative females aged 50+;Mean;2.10E+06;2.18E+06;2.26E+06;2.34E+06;2.43E+06;2.51E+06;2.58E+06;2.66E+06;2.73E+06;2.81E+06;2.88E+06;2.95E+06;3.02E+06;3.10E+06;3.18E+06;3.26E+06;3.35E+06;3.45E+06;3.55E+06;3.65E+06;3.75E+06;3.85E+06;3.95E+06;4.05E+06;4.15E+06;4.25E+06;4.35E+06;4.44E+06;4.53E+06;4.62E+06;4.71E+06;4.79E+06;4.87E+06;4.94E+06;5.01E+06;5.06E+06;5.07E+06;5.10E+06;5.17E+06;5.24E+06;5.30E+06;5.36E+06;5.42E+06;5.47E+06;5.52E+06;5.58E+06;5.65E+06;5.73E+06;5.82E+06;5.93E+06;6.05E+06;6.19E+06;6.33E+06;6.48E+06;6.64E+06;6.80E+06;6.98E+06;7.16E+06;7.35E+06;7.55E+06;7.76E+06;7.98E+06;8.20E+06;8.41E+06;8.61E+06;8.82E+06;9.02E+06;9.22E+06;9.42E+06;9.64E+06;9.88E+06;         ;         ;         ;         ;         ;         ;         ;         ;         ;         ;         ;         ;         ;         ;         
;95% LL;2.10E+06;2.18E+06;2.26E+06;2.34E+06;2.43E+06;2.51E+06;2.58E+06;2.66E+06;2.73E+06;2.80E+06;2.87E+06;2.95E+06;3.02E+06;3.09E+06;3.17E+06;3.25E+06;3.34E+06;3.43E+06;3.53E+06;3.63E+06;3.72E+06;3.83E+06;3.92E+06;4.02E+06;4.11E+06;4.21E+06;4.30E+06;4.39E+06;4.48E+06;4.56E+06;4.65E+06;4.73E+06;4.80E+06;4.87E+06;4.93E+06;4.98E+06;4.98E+06;5.01E+06;5.07E+06;5.13E+06;5.19E+06;5.25E+06;5.30E+06;5.35E+06;5.39E+06;5.45E+06;5.51E+06;5.59E+06;5.68E+06;5.79E+06;5.91E+06;6.04E+06;6.18E+06;6.33E+06;6.49E+06;6.66E+06;6.83E+06;7.01E+06;7.20E+06;7.40E+06;7.61E+06;7.82E+06;8.05E+06;8.25E+06;8.46E+06;8.66E+06;8.86E+06;9.06E+06;9.26E+06;9.47E+06;9.71E+06;         ;         ;         ;         ;         ;         ;         ;         ;         ;         ;         ;         ;         ;         ;         
;95% UL;2.10E+06;2.18E+06;2.26E+06;2.34E+06;2.43E+06;2.51E+06;2.59E+06;2.66E+06;2.74E+06;2.81E+06;2.88E+06;2.95E+06;3.03E+06;3.11E+06;3.19E+06;3.27E+06;3.36E+06;3.46E+06;3.56E+06;3.67E+06;3.77E+06;3.88E+06;3.98E+06;4.08E+06;4.18E+06;4.29E+06;4.39E+06;4.48E+06;4.58E+06;4.67E+06;4.77E+06;4.85E+06;4.93E+06;5.01E+06;5.08E+06;5.13E+06;5.14E+06;5.17E+06;5.24E+06;5.31E+06;5.38E+06;5.44E+06;5.50E+06;5.55E+06;5.61E+06;5.67E+06;5.73E+06;5.81E+06;5.91E+06;6.02E+06;6.14E+06;6.28E+06;6.43E+06;6.58E+06;6.74E+06;6.92E+06;7.09E+06;7.28E+06;7.48E+06;7.68E+06;7.89E+06;8.11E+06;8.34E+06;8.55E+06;8.76E+06;8.96E+06;9.17E+06;9.37E+06;9.57E+06;9.78E+06;1.00E+07;         ;         ;         ;         ;         ;         ;         ;         ;         ;         ;         ;         ;         ;         ;         
Total diagnosed HIV-positive;Mean;         ;6.85178;22.9764;59.35;141.348;327.902;752.602;3035.21;10058.6;26041.9;55861.8;104158;172833;264417;378547;513444;666432;838142;1.02E+06;1.23E+06;1.45E+06;1.79E+06;2.21E+06;2.66E+06;3.11E+06;3.82E+06;4.47E+06;4.96E+06;5.38E+06;5.71E+06;6.03E+06;6.37E+06;6.67E+06;6.91E+06;7.14E+06;7.36E+06;7.49E+06;7.63E+06;7.77E+06;7.90E+06;8.02E+06;8.12E+06;8.20E+06;8.28E+06;8.34E+06;8.40E+06;8.44E+06;8.47E+06;8.49E+06;8.50E+06;8.51E+06;8.50E+06;8.48E+06;8.46E+06;8.42E+06;8.38E+06;8.32E+06;8.26E+06;8.19E+06;8.11E+06;8.03E+06;7.94E+06;7.84E+06;7.73E+06;7.62E+06;7.51E+06;7.38E+06;7.25E+06;7.12E+06;6.98E+06;6.84E+06;         ;         ;         ;         ;         ;         ;         ;         ;         ;         ;         ;         ;         ;         ;         
;95% LL;         ;2.45593;8.55567;23.9381;67.0356;176.21;477.66;2252.71;7676.94;19932;44534.2;85946.2;145932;228824;333476;460710;607860;775842;9.59E+05;1.16E+06;1.38E+06;1.73E+06;2.14E+06;2.58E+06;3.05E+06;3.75E+06;4.40E+06;4.89E+06;5.31E+06;5.62E+06;5.94E+06;6.27E+06;6.56E+06;6.80E+06;7.02E+06;7.23E+06;7.35E+06;7.49E+06;7.63E+06;7.75E+06;7.86E+06;7.95E+06;8.04E+06;8.10E+06;8.16E+06;8.21E+06;8.25E+06;8.28E+06;8.29E+06;8.30E+06;8.30E+06;8.29E+06;8.27E+06;8.24E+06;8.20E+06;8.15E+06;8.09E+06;8.03E+06;7.96E+06;7.88E+06;7.79E+06;7.70E+06;7.60E+06;7.50E+06;7.39E+06;7.27E+06;7.15E+06;7.02E+06;6.89E+06;6.75E+06;6.61E+06;         ;         ;         ;         ;         ;         ;         ;         ;         ;         ;         ;         ;         ;         ;         
;95% UL;         ;9.47076;31.6371;80.6997;189.207;441.212;1005.88;3966.67;13252.2;33865.6;70701.8;128061;206869;309070;433521;577784;738696;916755;1.11E+06;1.31E+06;1.54E+06;1.88E+06;2.30E+06;2.74E+06;3.20E+06;3.92E+06;4.57E+06;5.06E+06;5.48E+06;5.81E+06;6.14E+06;6.49E+06;6.79E+06;7.05E+06;7.27E+06;7.51E+06;7.64E+06;7.80E+06;7.95E+06;8.09E+06;8.21E+06;8.32E+06;8.42E+06;8.50E+06;8.57E+06;8.62E+06;8.67E+06;8.70E+06;8.73E+06;8.75E+06;8.76E+06;8.76E+06;8.75E+06;8.73E+06;8.69E+06;8.65E+06;8.60E+06;8.54E+06;8.47E+06;8.39E+06;8.31E+06;8.22E+06;8.12E+06;8.02E+06;7.90E+06;7.79E+06;7.67E+06;7.54E+06;7.40E+06;7.27E+06;7.12E+06;         ;         ;         ;         ;         ;         ;         ;         ;         ;         ;         ;         ;         ;         ;         
Total children diagnosed HIV-positive;Mean;         ;0.000458783;0.00197755;0.00446394;0.00986179;0.022075;0.0493424;92.487;405.525;1150.96;2591.75;4977.63;8635.6;13747.2;20360.5;28393.6;37711.3;47885.1;58526.6;68820.3;79411.7;94494.4;109273;126005;150922;186506;205363;218671;228938;233902;236059;240701;240482;233290;222348;207985;190494;172964;155519;139188;126382;116226;106828;97660.8;89139.9;82571.9;76805.5;72157.1;68042.6;64238.8;60761;57608.5;54691.9;51965.8;49389.1;46926.6;44559.4;42282.1;40093.3;37972.6;35914.3;33918.7;31987.1;30121.5;28326.2;26606.1;24965.7;23407.8;21933.4;20542.7;19235.7;         ;         ;         ;         ;         ;         ;         ;         ;         ;         ;         ;         ;         ;         ;         
;95% LL;         ;0.000170503;0.000816551;0.00218279;0.00543027;0.0130014;0.0322094;65.6188;309.771;911.952;2114.39;4133.62;7281.82;11801.2;17787.9;25205.2;33961.3;43691.2;53943.1;63942.1;74444.2;89284.1;104193;120948;145978;181377;200272;213759;223944;229006;230857;235106;234663;227445;216249;201630;184079;166587;149275;133145;120541;110421;101093;92043.2;83671.3;77231.9;71606.3;67092;63129.6;59503.5;56225.6;53303;50700.9;48214.6;45785.4;43454.4;41168.9;38971;36855.5;34783.8;32837;30975.3;29182.1;27458.5;25807.4;24232.2;22735.8;21319.6;19983.5;18726.9;17548.9;         ;         ;         ;         ;         ;         ;         ;         ;         ;         ;         ;         ;         ;         ;         
;95% UL;         ;0.000675444;0.00302156;0.0070656;0.0154681;0.0337048;0.0729545;119.781;514.057;1456.42;3249.08;6131.1;10423.3;16268;23667.2;32486.9;42540.5;53317.9;64402.3;74931.5;85564.5;100622;115108;131422;156051;191980;211483;225465;235856;240848;242985;248077;248116;240939;229886;215396;197595;179890;162546;146274;133364;123044;113436;104021;95227.5;88445.2;82468.7;77634.7;73325.9;69322.7;65779.9;62389.4;59246.4;56462.8;53883.6;51404.4;49002.8;46672.5;44413.5;42204.8;40041.9;37926.9;35862.9;33854.3;31907.8;30031.2;28232.1;26515.3;24884;23340.1;21884.7;         ;         ;         ;         ;         ;         ;         ;         ;         ;         ;         ;         ;         ;         ;         
Total males aged 15+ diagnosed HIV-positive;Mean;         ;3.10532;10.9321;29.5582;73.313;175.414;408.308;1491.51;4684.41;11684.6;24265.8;43913.7;70778.6;105292;146788;193669;244014;297233;349584;397548;451069;545110;663239;792542;925531;1.16E+06;1.40E+06;1.58E+06;1.74E+06;1.85E+06;1.97E+06;2.09E+06;2.20E+06;2.29E+06;2.37E+06;2.45E+06;2.50E+06;2.54E+06;2.59E+06;2.63E+06;2.66E+06;2.69E+06;2.70E+06;2.72E+06;2.73E+06;2.73E+06;2.73E+06;2.73E+06;2.72E+06;2.71E+06;2.69E+06;2.67E+06;2.65E+06;2.63E+06;2.60E+06;2.57E+06;2.53E+06;2.50E+06;2.46E+06;2.42E+06;2.38E+06;2.33E+06;2.29E+06;2.24E+06;2.19E+06;2.14E+06;2.09E+06;2.03E+06;1.98E+06;1.93E+06;1.87E+06;         ;         ;         ;         ;         ;         ;         ;         ;         ;         ;         ;         ;         ;         ;         
;95% LL;         ;1.11759;4.14481;12.3311;36.157;98.45;269.765;1104.76;3405.5;8592.84;18394.8;34659.3;58057.3;88573.6;125923;169522;216876;266867;317633;365805;419949;513018;630604;759513;889992;1.12E+06;1.35E+06;1.53E+06;1.68E+06;1.79E+06;1.91E+06;2.03E+06;2.14E+06;2.23E+06;2.31E+06;2.39E+06;2.44E+06;2.49E+06;2.53E+06;2.57E+06;2.60E+06;2.62E+06;2.64E+06;2.65E+06;2.66E+06;2.66E+06;2.66E+06;2.65E+06;2.64E+06;2.63E+06;2.61E+06;2.59E+06;2.57E+06;2.54E+06;2.52E+06;2.48E+06;2.45E+06;2.42E+06;2.38E+06;2.34E+06;2.29E+06;2.25E+06;2.20E+06;2.16E+06;2.11E+06;2.06E+06;2.01E+06;1.96E+06;1.90E+06;1.85E+06;1.80E+06;         ;         ;         ;         ;         ;         ;         ;         ;         ;         ;         ;         ;         ;         ;         
;95% UL;         ;4.29701;14.9998;40.068;98.0694;239.778;554.972;1997.81;6202.34;15169.4;30502.2;53427.9;83627.6;121287;165477;215293;267588;323225;377284;425747;479414;575122;696991;826830;958630;1.20E+06;1.44E+06;1.63E+06;1.78E+06;1.90E+06;2.02E+06;2.14E+06;2.25E+06;2.34E+06;2.43E+06;2.51E+06;2.55E+06;2.60E+06;2.65E+06;2.69E+06;2.72E+06;2.75E+06;2.77E+06;2.78E+06;2.79E+06;2.80E+06;2.80E+06;2.80E+06;2.79E+06;2.78E+06;2.76E+06;2.75E+06;2.73E+06;2.70E+06;2.68E+06;2.65E+06;2.61E+06;2.58E+06;2.54E+06;2.50E+06;2.46E+06;2.41E+06;2.36E+06;2.32E+06;2.27E+06;2.21E+06;2.16E+06;2.11E+06;2.05E+06;2.00E+06;1.94E+06;         ;         ;         ;         ;         ;         ;         ;         ;         ;         ;         ;         ;         ;         ;         
Total females aged 15+ diagnosed HIV-positive;Mean;         ;3.746;12.0423;29.7873;68.0255;152.466;344.245;1451.21;4968.67;13206.4;29004.2;55266.5;93418.8;145378;211398;291382;384707;493024;616177;758807;920881;1.15E+06;1.44E+06;1.74E+06;2.04E+06;2.47E+06;2.86E+06;3.16E+06;3.42E+06;3.62E+06;3.83E+06;4.04E+06;4.23E+06;4.39E+06;4.54E+06;4.70E+06;4.80E+06;4.92E+06;5.03E+06;5.13E+06;5.23E+06;5.32E+06;5.39E+06;5.46E+06;5.53E+06;5.58E+06;5.63E+06;5.67E+06;5.71E+06;5.73E+06;5.76E+06;5.77E+06;5.78E+06;5.78E+06;5.77E+06;5.76E+06;5.74E+06;5.72E+06;5.69E+06;5.66E+06;5.62E+06;5.57E+06;5.52E+06;5.47E+06;5.41E+06;5.34E+06;5.27E+06;5.20E+06;5.12E+06;5.04E+06;4.95E+06;         ;         ;         ;         ;         ;         ;         ;         ;         ;         ;         ;         ;         ;         ;         
;95% LL;         ;1.33818;4.41014;11.6052;29.982;77.7698;206.021;1065.83;3843.94;10466.6;23659.8;46119.6;79974.3;127502;189193;265569;356148;462680;584676;724843;887310;1.12E+06;1.40E+06;1.69E+06;1.99E+06;2.42E+06;2.81E+06;3.11E+06;3.35E+06;3.55E+06;3.75E+06;3.95E+06;4.14E+06;4.30E+06;4.44E+06;4.59E+06;4.69E+06;4.80E+06;4.91E+06;5.01E+06;5.10E+06;5.18E+06;5.25E+06;5.32E+06;5.38E+06;5.43E+06;5.47E+06;5.51E+06;5.53E+06;5.56E+06;5.57E+06;5.58E+06;5.59E+06;5.59E+06;5.58E+06;5.56E+06;5.54E+06;5.52E+06;5.48E+06;5.45E+06;5.41E+06;5.36E+06;5.31E+06;5.25E+06;5.19E+06;5.13E+06;5.06E+06;4.98E+06;4.90E+06;4.82E+06;4.74E+06;         ;         ;         ;         ;         ;         ;         ;         ;         ;         ;         ;         ;         ;         ;         
;95% UL;         ;5.19365;16.583;40.6281;92.0719;203.742;452.509;1867.14;6541.27;17239.8;36950.5;68502.2;112818;171515;244377;330888;430072;543405;668157;810105;970265;1.21E+06;1.49E+06;1.80E+06;2.11E+06;2.54E+06;2.94E+06;3.24E+06;3.49E+06;3.70E+06;3.91E+06;4.13E+06;4.32E+06;4.49E+06;4.65E+06;4.81E+06;4.92E+06;5.04E+06;5.16E+06;5.27E+06;5.37E+06;5.46E+06;5.55E+06;5.63E+06;5.70E+06;5.76E+06;5.81E+06;5.86E+06;5.90E+06;5.94E+06;5.96E+06;5.98E+06;5.99E+06;5.99E+06;5.98E+06;5.97E+06;5.96E+06;5.93E+06;5.91E+06;5.87E+06;5.83E+06;5.79E+06;5.75E+06;5.69E+06;5.64E+06;5.57E+06;5.51E+06;5.43E+06;5.36E+06;5.28E+06;5.19E+06;         ;         ;         ;         ;         ;         ;         ;         ;         ;         ;         ;         ;         ;         ;         
;;         ;         ;         ;         ;         ;         ;         ;         ;         ;         ;         ;         ;         ;         ;         ;         ;         ;         ;         ;         ;         ;         ;         ;         ;         ;         ;         ;         ;         ;         ;         ;         ;         ;         ;         ;         ;         ;         ;         ;         ;         ;         ;         ;         ;         ;         ;         ;         ;         ;         ;         ;         ;         ;         ;         ;         ;         ;         ;         ;         ;         ;         ;         ;         ;         ;         ;         ;         ;         ;         ;         ;         ;         ;         ;         ;         ;         ;         ;         ;         ;         ;         ;         ;         ;         ;         
Other HIV testing outputs;;         ;         ;         ;         ;         ;         ;         ;         ;         ;         ;         ;         ;         ;         ;         ;         ;         ;         ;         ;         ;         ;         ;         ;         ;         ;         ;         ;         ;         ;         ;         ;         ;         ;         ;         ;         ;         ;         ;         ;         ;         ;         ;         ;         ;         ;         ;         ;         ;         ;         ;         ;         ;         ;         ;         ;         ;         ;         ;         ;         ;         ;         ;         ;         ;         ;         ;         ;         ;         ;         ;         ;         ;         ;         ;         ;         ;         ;         ;         ;         ;         ;         ;         ;         ;         ;         
;;         ;         ;         ;         ;         ;         ;         ;         ;         ;         ;         ;         ;         ;         ;         ;         ;         ;         ;         ;         ;         ;         ;         ;         ;         ;         ;         ;         ;         ;         ;         ;         ;         ;         ;         ;         ;         ;         ;         ;         ;         ;         ;         ;         ;         ;         ;         ;         ;         ;         ;         ;         ;         ;         ;         ;         ;         ;         ;         ;         ;         ;         ;         ;         ;         ;         ;         ;         ;         ;         ;         ;         ;         ;         ;         ;         ;         ;         ;         ;         ;         ;         ;         ;         ;         ;         
% of OI patients tested for HIV;Mean;         ;         ;         ;         ;         ;         ;         ;         ;         ;         ;         ;         ;         ;         ;         ;         ;         ;         ;         ;         ;         ;         ;         ;         ;         ;         ;         ;         ;         ;         ;         ;         ;         ;         ;         ;         ;         ;         ;         ;         ;         ;         ;         ;         ;         ;         ;         ;         ;         ;         ;         ;         ;         ;         ;         ;         ;         ;         ;         ;         ;         ;         ;         ;         ;         ;         ;         ;         ;         ;         ;         ;         ;         ;         ;         ;         ;         ;         ;         ;         ;         ;         ;         ;         ;         ;         
;95% LL;         ;         ;         ;         ;         ;         ;         ;         ;         ;         ;         ;         ;         ;         ;         ;         ;         ;         ;         ;         ;         ;         ;         ;         ;         ;         ;         ;         ;         ;         ;         ;         ;         ;         ;         ;         ;         ;         ;         ;         ;         ;         ;         ;         ;         ;         ;         ;         ;         ;         ;         ;         ;         ;         ;         ;         ;         ;         ;         ;         ;         ;         ;         ;         ;         ;         ;         ;         ;         ;         ;         ;         ;         ;         ;         ;         ;         ;         ;         ;         ;         ;         ;         ;         ;         ;         
;95% UL;         ;         ;         ;         ;         ;         ;         ;         ;         ;         ;         ;         ;         ;         ;         ;         ;         ;         ;         ;         ;         ;         ;         ;         ;         ;         ;         ;         ;         ;         ;         ;         ;         ;         ;         ;         ;         ;         ;         ;         ;         ;         ;         ;         ;         ;         ;         ;         ;         ;         ;         ;         ;         ;         ;         ;         ;         ;         ;         ;         ;         ;         ;         ;         ;         ;         ;         ;         ;         ;         ;         ;         ;         ;         ;         ;         ;         ;         ;         ;         ;         ;         ;         ;         ;         ;         
HIV testing rate in HIV-negative women aged 25, not previously tested;Mean;         ;         ;         ;         ;         ;         ;0.00867894;0.0166409;0.0238308;0.0302402;0.0358889;0.0408299;0.0455411;0.0497297;0.0530594;0.0555873;0.0568693;0.0565987;0.0539399;0.0522856;0.058585;0.0556067;0.0609894;0.0843879;0.229649;0.255959;0.215837;0.229629;0.178815;0.224714;0.270331;0.270407;0.25165;0.270776;0.332128;0.205591;0.295107;0.261737;         ;         ;         ;         ;         ;         ;         ;         ;         ;         ;         ;         ;         ;         ;         ;         ;         ;         ;         ;         ;         ;         ;         ;         ;         ;         ;         ;         ;         ;         ;         ;         ;         ;         ;         ;         ;         ;         ;         ;         ;         ;         ;         ;         ;         ;         ;         ;         
;95% LL;         ;         ;         ;         ;         ;         ;0.00866038;0.0165942;0.0237364;0.0300925;0.0356951;0.0406074;0.0453145;0.0495239;0.0528927;0.0554627;0.0568007;0.0565408;0.0538513;0.0521805;0.0584369;0.0553663;0.060698;0.0839892;0.22867;0.255091;0.21507;0.228763;0.178182;0.223852;0.269403;0.269506;0.250822;0.269879;0.331063;0.204967;0.294047;0.260889;         ;         ;         ;         ;         ;         ;         ;         ;         ;         ;         ;         ;         ;         ;         ;         ;         ;         ;         ;         ;         ;         ;         ;         ;         ;         ;         ;         ;         ;         ;         ;         ;         ;         ;         ;         ;         ;         ;         ;         ;         ;         ;         ;         ;         ;         ;         ;         
;95% UL;         ;         ;         ;         ;         ;         ;0.00869551;0.0166772;0.0239062;0.0303582;0.0360449;0.0410171;0.0457436;0.0499327;0.053239;0.0557264;0.0569567;0.0566602;0.0540441;0.0524056;0.0587541;0.0558551;0.0613038;0.0847811;0.230712;0.256924;0.216721;0.230692;0.17963;0.225848;0.271576;0.271643;0.252828;0.272085;0.333685;0.206527;0.296736;0.263079;         ;         ;         ;         ;         ;         ;         ;         ;         ;         ;         ;         ;         ;         ;         ;         ;         ;         ;         ;         ;         ;         ;         ;         ;         ;         ;         ;         ;         ;         ;         ;         ;         ;         ;         ;         ;         ;         ;         ;         ;         ;         ;         ;         ;         ;         ;         ;         
Tests in males aged 15-24;Mean;0.669151;1.67288;3.45793;7.26527;15.5163;33.2264;18430.5;36972.4;55504.3;73901.3;91997.9;109614;126970;144049;159716;173894;185117;191128;187914;187898;216437;210189;229127;306207;814442;1.09E+06;9.89E+05;1.02E+06;822040;966330;1.26E+06;1.39E+06;1.32E+06;1.41E+06;1.78E+06;1.23E+06;1.50E+06;1.54E+06;1.64E+06;1.73E+06;1.78E+06;1.83E+06;1.89E+06;1.95E+06;2.00E+06;2.04E+06;2.08E+06;2.11E+06;2.12E+06;2.13E+06;2.15E+06;2.16E+06;2.16E+06;2.16E+06;2.16E+06;2.16E+06;2.15E+06;2.15E+06;2.16E+06;2.16E+06;2.17E+06;2.17E+06;2.18E+06;2.19E+06;2.20E+06;2.21E+06;2.22E+06;2.22E+06;2.23E+06;2.24E+06;2.24E+06;         ;         ;         ;         ;         ;         ;         ;         ;         ;         ;         ;         ;         ;         ;         
;95% LL;0.240831;0.62707;1.41129;3.48153;8.59414;21.8654;18409.3;36931;55434.1;73793.1;91854;109426;126734;143766;159357;173498;184641;190541;187181;187061;215514;208816;227320;303942;810644;1.08E+06;9.84E+05;1.02E+06;818423;962674;1.26E+06;1.38E+06;1.32E+06;1.40E+06;1.77E+06;1.22E+06;1.49E+06;1.54E+06;1.64E+06;1.72E+06;1.77E+06;1.82E+06;1.88E+06;1.94E+06;1.99E+06;2.03E+06;2.07E+06;2.10E+06;2.11E+06;2.12E+06;2.14E+06;2.15E+06;2.15E+06;2.15E+06;2.15E+06;2.15E+06;2.14E+06;2.14E+06;2.15E+06;2.15E+06;2.16E+06;2.16E+06;2.17E+06;2.18E+06;2.19E+06;2.19E+06;2.20E+06;2.21E+06;2.21E+06;2.22E+06;2.23E+06;         ;         ;         ;         ;         ;         ;         ;         ;         ;         ;         ;         ;         ;         ;         
;95% UL;0.931298;2.33382;4.7835;9.92408;20.9171;44.1552;18446.7;37008.6;55567.6;74004.4;92157.7;109841;127245;144426;160168;174453;185790;191912;188801;188889;217607;211725;231057;308628;818847;1.09E+06;9.94E+05;1.03E+06;826493;9.71E+05;1.27E+06;1.39E+06;1.33E+06;1.41E+06;1.78E+06;1.23E+06;1.50E+06;1.55E+06;1.65E+06;1.74E+06;1.78E+06;1.84E+06;1.89E+06;1.95E+06;2.01E+06;2.05E+06;2.09E+06;2.11E+06;2.13E+06;2.14E+06;2.15E+06;2.16E+06;2.17E+06;2.17E+06;2.17E+06;2.16E+06;2.16E+06;2.16E+06;2.16E+06;2.17E+06;2.17E+06;2.18E+06;2.19E+06;2.20E+06;2.21E+06;2.22E+06;2.23E+06;2.23E+06;2.24E+06;2.25E+06;2.25E+06;         ;         ;         ;         ;         ;         ;         ;         ;         ;         ;         ;         ;         ;         ;         
Tests in females aged 15-24;Mean;1.85465;4.13841;8.81846;18.9308;41.2844;89.8345;32025.9;64259.6;96594;128789;160526;191497;221740;251454;282173;314299;350417;390742;447532;497300;622122;706890;814524;1.01E+06;2.08E+06;2.81E+06;2.56E+06;2.61E+06;2.17E+06;2.45E+06;3.05E+06;3.24E+06;3.03E+06;3.15E+06;3.88E+06;2.94E+06;3.54E+06;3.73E+06;3.93E+06;4.12E+06;4.22E+06;4.32E+06;4.43E+06;4.54E+06;4.66E+06;4.74E+06;4.81E+06;4.87E+06;4.91E+06;4.94E+06;4.97E+06;4.99E+06;5.01E+06;5.02E+06;5.02E+06;5.01E+06;5.01E+06;5.02E+06;5.03E+06;5.05E+06;5.06E+06;5.08E+06;5.10E+06;5.12E+06;5.14E+06;5.16E+06;5.17E+06;5.19E+06;5.20E+06;5.22E+06;5.23E+06;         ;         ;         ;         ;         ;         ;         ;         ;         ;         ;         ;         ;         ;         ;         
;95% LL;0.663709;1.5455;3.64036;9.32318;23.636;59.4247;32006.4;64193.3;96433.7;128490;160076;190912;221064;250744;281498;313591;349748;390086;446702;496342;620970;705357;812458;1.00E+06;2.08E+06;2.80E+06;2.56E+06;2.60E+06;2.17E+06;2.44E+06;3.04E+06;3.23E+06;3.02E+06;3.13E+06;3.86E+06;2.92E+06;3.52E+06;3.71E+06;3.91E+06;4.10E+06;4.19E+06;4.29E+06;4.40E+06;4.51E+06;4.62E+06;4.70E+06;4.78E+06;4.84E+06;4.88E+06;4.91E+06;4.94E+06;4.96E+06;4.98E+06;4.99E+06;4.99E+06;4.98E+06;4.98E+06;4.99E+06;5.00E+06;5.02E+06;5.03E+06;5.05E+06;5.07E+06;5.09E+06;5.11E+06;5.12E+06;5.14E+06;5.15E+06;5.17E+06;5.18E+06;5.20E+06;         ;         ;         ;         ;         ;         ;         ;         ;         ;         ;         ;         ;         ;         ;         
;95% UL;2.58253;5.69792;11.9131;25.216;54.8344;118.587;32041.1;64312.8;96735.9;129058;160946;192105;222499;252268;283027;315045;350976;391275;448194;498149;623242;708430;816488;1.01E+06;2.09E+06;2.82E+06;2.58E+06;2.62E+06;2.18E+06;2.46E+06;3.06E+06;3.25E+06;3.04E+06;3.16E+06;3.89E+06;2.95E+06;3.55E+06;3.75E+06;3.95E+06;4.14E+06;4.24E+06;4.34E+06;4.45E+06;4.57E+06;4.68E+06;4.76E+06;4.84E+06;4.89E+06;4.93E+06;4.96E+06;4.99E+06;5.01E+06;5.03E+06;5.04E+06;5.04E+06;5.03E+06;5.03E+06;5.03E+06;5.05E+06;5.06E+06;5.08E+06;5.10E+06;5.12E+06;5.15E+06;5.16E+06;5.18E+06;5.20E+06;5.21E+06;5.23E+06;5.24E+06;5.25E+06;         ;         ;         ;         ;         ;         ;         ;         ;         ;         ;         ;         ;         ;         ;         
Tests in males aged 25-49;Mean;2.65244;7.40338;18.5077;44.8459;106.173;242.531;30821.5;61748.2;92972.3;124560;156578;189079;221328;253573;283535;310600;331559;345605;343492;353919;434995;464045;523958;685061;1.76E+06;2.49E+06;2.31E+06;2.41E+06;2.00E+06;2.39E+06;3.18E+06;3.53E+06;3.42E+06;3.71E+06;4.82E+06;3.46E+06;4.22E+06;4.48E+06;4.75E+06;5.01E+06;5.10E+06;5.19E+06;5.28E+06;5.37E+06;5.46E+06;5.56E+06;5.67E+06;5.78E+06;5.88E+06;5.98E+06;6.08E+06;6.16E+06;6.25E+06;6.33E+06;6.41E+06;6.49E+06;6.57E+06;6.64E+06;6.70E+06;6.76E+06;6.81E+06;6.86E+06;6.90E+06;6.95E+06;7.01E+06;7.06E+06;7.11E+06;7.16E+06;7.22E+06;7.26E+06;7.30E+06;         ;         ;         ;         ;         ;         ;         ;         ;         ;         ;         ;         ;         ;         ;         
;95% LL;0.96221;2.92152;8.68143;24.0986;67.2598;170.42;30724.8;61570.7;92696;124191;156136;188578;220830;253183;283197;310206;330984;344878;342703;353148;434127;462726;522230;682657;1.75E+06;2.48E+06;2.30E+06;2.40E+06;1.99E+06;2.38E+06;3.17E+06;3.51E+06;3.40E+06;3.70E+06;4.80E+06;3.44E+06;4.20E+06;4.45E+06;4.71E+06;4.96E+06;5.06E+06;5.14E+06;5.23E+06;5.31E+06;5.41E+06;5.51E+06;5.62E+06;5.72E+06;5.83E+06;5.93E+06;6.02E+06;6.11E+06;6.19E+06;6.28E+06;6.36E+06;6.44E+06;6.51E+06;6.58E+06;6.64E+06;6.70E+06;6.76E+06;6.80E+06;6.85E+06;6.90E+06;6.95E+06;7.00E+06;7.05E+06;7.11E+06;7.16E+06;7.20E+06;7.24E+06;         ;         ;         ;         ;         ;         ;         ;         ;         ;         ;         ;         ;         ;         ;         
;95% UL;3.65655;10.118;24.8104;60.6343;145.429;326.932;30931.9;61951.7;93284.6;124978;157078;189624;221867;254071;283971;311013;332117;346360;344426;354967;436090;465744;526382;687993;1.76E+06;2.50E+06;2.33E+06;2.42E+06;2.01E+06;2.40E+06;3.20E+06;3.55E+06;3.43E+06;3.73E+06;4.85E+06;3.48E+06;4.25E+06;4.52E+06;4.79E+06;5.06E+06;5.16E+06;5.25E+06;5.34E+06;5.43E+06;5.52E+06;5.63E+06;5.73E+06;5.84E+06;5.95E+06;6.05E+06;6.14E+06;6.22E+06;6.31E+06;6.40E+06;6.48E+06;6.56E+06;6.64E+06;6.71E+06;6.77E+06;6.83E+06;6.88E+06;6.93E+06;6.98E+06;7.03E+06;7.08E+06;7.13E+06;7.19E+06;7.24E+06;7.29E+06;7.34E+06;7.37E+06;         ;         ;         ;         ;         ;         ;         ;         ;         ;         ;         ;         ;         ;         ;         
Tests in females aged 25-49;Mean;2.0991;5.33983;12.6814;29.7281;69.0687;157.23;34196.5;68692.5;103629;139141;175385;212506;250390;288768;329922;373920;424233;483306;561566;625685;791481;906747;1.03E+06;1.24E+06;2.54E+06;3.47E+06;3.17E+06;3.19E+06;2.68E+06;3.07E+06;3.90E+06;4.22E+06;4.02E+06;4.24E+06;5.31E+06;3.87E+06;4.56E+06;4.80E+06;5.02E+06;5.27E+06;5.36E+06;5.44E+06;5.53E+06;5.62E+06;5.73E+06;5.86E+06;6.00E+06;6.14E+06;6.29E+06;6.43E+06;6.56E+06;6.69E+06;6.81E+06;6.94E+06;7.06E+06;7.18E+06;7.29E+06;7.40E+06;7.48E+06;7.57E+06;7.64E+06;7.71E+06;7.77E+06;7.83E+06;7.90E+06;7.96E+06;8.03E+06;8.09E+06;8.15E+06;8.20E+06;8.25E+06;         ;         ;         ;         ;         ;         ;         ;         ;         ;         ;         ;         ;         ;         ;         
;95% LL;0.751972;2.00979;5.32018;14.7296;39.9409;105.964;34172.6;68630.9;103509;138955;175123;212175;249987;288333;329428;373363;423214;481786;559093;622556;787636;901863;1.02E+06;1.23E+06;2.52E+06;3.45E+06;3.15E+06;3.17E+06;2.67E+06;3.05E+06;3.88E+06;4.20E+06;4.00E+06;4.21E+06;5.27E+06;3.84E+06;4.52E+06;4.75E+06;4.97E+06;5.20E+06;5.28E+06;5.37E+06;5.45E+06;5.54E+06;5.64E+06;5.77E+06;5.91E+06;6.05E+06;6.20E+06;6.34E+06;6.47E+06;6.60E+06;6.73E+06;6.85E+06;6.98E+06;7.09E+06;7.21E+06;7.31E+06;7.40E+06;7.48E+06;7.55E+06;7.62E+06;7.68E+06;7.75E+06;7.82E+06;7.88E+06;7.94E+06;8.00E+06;8.06E+06;8.12E+06;8.16E+06;         ;         ;         ;         ;         ;         ;         ;         ;         ;         ;         ;         ;         ;         ;         
;95% UL;2.90778;7.33035;17.1762;39.6708;92.687;205.715;34230.8;68776.9;103775;139338;175629;212803;250732;289124;330299;374355;424855;484333;563238;627817;794176;910387;1.03E+06;1.24E+06;2.55E+06;3.48E+06;3.19E+06;3.21E+06;2.70E+06;3.08E+06;3.92E+06;4.25E+06;4.05E+06;4.26E+06;5.34E+06;3.90E+06;4.60E+06;4.84E+06;5.08E+06;5.33E+06;5.42E+06;5.51E+06;5.60E+06;5.70E+06;5.81E+06;5.94E+06;6.08E+06;6.23E+06;6.37E+06;6.52E+06;6.65E+06;6.78E+06;6.90E+06;7.03E+06;7.15E+06;7.27E+06;7.38E+06;7.48E+06;7.57E+06;7.65E+06;7.73E+06;7.80E+06;7.86E+06;7.93E+06;8.00E+06;8.07E+06;8.13E+06;8.19E+06;8.25E+06;8.30E+06;8.35E+06;         ;         ;         ;         ;         ;         ;         ;         ;         ;         ;         ;         ;         ;         ;         
Tests in males aged 50+;Mean;0.0187609;0.210816;0.834904;2.56935;6.91264;16.9808;5984.01;11714.5;17173;22380.5;27400.5;32316.2;37449.3;42609;47480.3;51959.6;55502.7;58041.6;57810.7;59572.3;74200.3;79019.6;90053.6;120595;317963;435124;404989;428510;356305;431050;572564;634783;614934;667783;871964;624186;775445;828335;893763;9.56E+05;9.88E+05;1.02E+06;1.05E+06;1.08E+06;1.11E+06;1.15E+06;1.19E+06;1.23E+06;1.28E+06;1.34E+06;1.40E+06;1.46E+06;1.52E+06;1.58E+06;1.64E+06;1.71E+06;1.77E+06;1.82E+06;1.88E+06;1.94E+06;2.00E+06;2.06E+06;2.12E+06;2.17E+06;2.21E+06;2.25E+06;2.29E+06;2.33E+06;2.36E+06;2.40E+06;2.45E+06;         ;         ;         ;         ;         ;         ;         ;         ;         ;         ;         ;         ;         ;         ;         
;95% LL;0.00765459;0.0938191;0.422986;1.43885;4.40415;11.747;5980.53;11708;17154.4;22347.3;27355.7;32264.9;37395.2;42551.6;47417.1;51885.6;55415.8;57922.1;57641.9;59396.9;73773.2;78354.9;89427.6;119413;314437;429437;399215;422044;350697;424428;563248;623930;604020;656108;857192;613587;762836;815326;878298;939190;969833;999371;1.03E+06;1.06E+06;1.09E+06;1.13E+06;1.17E+06;1.21E+06;1.26E+06;1.32E+06;1.38E+06;1.44E+06;1.50E+06;1.56E+06;1.62E+06;1.68E+06;1.74E+06;1.80E+06;1.86E+06;1.91E+06;1.97E+06;2.03E+06;2.09E+06;2.14E+06;2.18E+06;2.23E+06;2.27E+06;2.30E+06;2.34E+06;2.37E+06;2.42E+06;         ;         ;         ;         ;         ;         ;         ;         ;         ;         ;         ;         ;         ;         ;         
;95% UL;0.0258036;0.28514;1.1339;3.58265;9.5165;23.2636;5987.67;11720.7;17186.6;22402.4;27431.6;32354.1;37495.5;42662.2;47532.8;52018.7;55583.3;58142.9;57939.9;59735.5;74516.6;79531.1;90727.3;121734;322043;441816;411970;436637;363459;439719;584037;647632;627263;681109;8.89E+05;636258;7.90E+05;8.44E+05;9.10E+05;9.75E+05;1.01E+06;1.04E+06;1.07E+06;1.10E+06;1.13E+06;1.17E+06;1.21E+06;1.26E+06;1.31E+06;1.37E+06;1.43E+06;1.49E+06;1.55E+06;1.62E+06;1.68E+06;1.74E+06;1.80E+06;1.86E+06;1.92E+06;1.97E+06;2.03E+06;2.09E+06;2.15E+06;2.20E+06;2.24E+06;2.29E+06;2.32E+06;2.36E+06;2.39E+06;2.43E+06;2.48E+06;         ;         ;         ;         ;         ;         ;         ;         ;         ;         ;         ;         ;         ;         ;         
Tests in females aged 50+;Mean;0.00108006;0.0546885;0.246618;0.73869;1.94731;4.80672;4929.2;9680.23;14195.8;18473.4;22559.9;26529.9;30694;34901.7;38908.1;42686.4;45803.4;48055.2;48328.4;50164.5;63008.3;68787;80663.8;109322;285914;385485;360027;382357;319332;388133;512124;566052;548816;595743;773634;544374;666988;695167;738251;780065;795889;809559;821221;831781;842341;854127;868262;885573;906245;929909;955859;984932;1.02E+06;1.05E+06;1.08E+06;1.11E+06;1.15E+06;1.18E+06;1.22E+06;1.26E+06;1.30E+06;1.34E+06;1.38E+06;1.41E+06;1.45E+06;1.48E+06;1.51E+06;1.54E+06;1.57E+06;1.60E+06;1.64E+06;         ;         ;         ;         ;         ;         ;         ;         ;         ;         ;         ;         ;         ;         ;         
;95% LL;0.000395274;0.0201448;0.100166;0.354106;1.05228;3.02209;4921.82;9661.43;14159;18418.6;22493.6;26463.5;30641.3;34867.6;38849.3;42586.1;45658.3;47855.1;48072.7;49802.1;62312.8;67649.4;79302.6;107996;284889;384536;358747;380496;317459;385473;508060;561085;543601;589719;765398;537892;658636;685953;723569;762033;776539;788985;799564;809251;819135;830382;844145;861080;881524;905054;930964;960066;990576;1.02E+06;1.06E+06;1.09E+06;1.12E+06;1.16E+06;1.20E+06;1.23E+06;1.27E+06;1.31E+06;1.35E+06;1.39E+06;1.42E+06;1.45E+06;1.48E+06;1.51E+06;1.54E+06;1.57E+06;1.61E+06;         ;         ;         ;         ;         ;         ;         ;         ;         ;         ;         ;         ;         ;         ;         
;95% UL;0.00149545;0.0754565;0.333851;0.983163;2.62795;6.43971;4935.27;9694.15;14223.9;18515.6;22611.1;26581.4;30735.6;34932;38962.4;42775.1;45927.5;48213.7;48525.9;50437.1;63564;69720.9;81746;110309;286681;386672;361557;384478;321499;391073;516616;571563;554625;602626;7.83E+05;551667;676171;7.05E+05;7.49E+05;7.92E+05;8.09E+05;8.23E+05;8.34E+05;8.46E+05;8.56E+05;8.69E+05;882858;900248;920884;945409;972111;1.00E+06;1.03E+06;1.06E+06;1.10E+06;1.13E+06;1.17E+06;1.20E+06;1.24E+06;1.28E+06;1.32E+06;1.36E+06;1.40E+06;1.44E+06;1.47E+06;1.50E+06;1.53E+06;1.56E+06;1.59E+06;1.62E+06;1.66E+06;         ;         ;         ;         ;         ;         ;         ;         ;         ;         ;         ;         ;         ;         ;         
% of adults diagnosed;Mean;         ;0.00220683;0.00377275;0.00443116;0.00458489;0.00463053;0.00484792;0.00946552;0.0177037;0.0292676;0.043873;0.0611307;0.0805734;0.102074;0.125162;0.149527;0.174994;0.201906;0.230211;0.260626;0.295641;0.352554;0.419253;0.486596;0.549434;0.649621;0.73534;0.788801;0.825123;0.844221;0.863826;0.884839;0.901337;0.913125;0.923539;0.935564;0.938016;0.944027;0.949274;0.954051;0.958165;0.961288;0.963794;0.965915;0.967667;0.969153;0.970446;0.971596;0.972642;0.973611;0.974522;0.97539;0.976218;0.976997;0.977724;0.978397;0.979021;0.979599;0.980133;0.980625;0.981079;0.981498;0.981885;0.982244;0.982576;0.982885;0.983171;0.983438;0.983685;0.983915;0.984128;         ;         ;         ;         ;         ;         ;         ;         ;         ;         ;         ;         ;         ;         ;         
;95% LL;         ;0.00212707;0.00330938;0.00349962;0.00335162;0.00333104;0.00353999;0.00792948;0.0159482;0.0272852;0.0414836;0.0580441;0.0769138;0.0978467;0.120404;0.144405;0.169698;0.19663;0.225128;0.255589;0.290752;0.347394;0.414182;0.481304;0.544125;0.64505;0.731512;0.785489;0.822193;0.841441;0.861253;0.882468;0.89924;0.911094;0.921518;0.933591;0.93597;0.942097;0.947543;0.952496;0.956792;0.960099;0.962761;0.964967;0.96682;0.968328;0.969631;0.970788;0.971839;0.972811;0.973718;0.974584;0.975414;0.976198;0.976931;0.977613;0.978247;0.978834;0.979366;0.97986;0.980303;0.980706;0.981075;0.981416;0.981729;0.982017;0.982296;0.98256;0.982804;0.98303;0.983239;         ;         ;         ;         ;         ;         ;         ;         ;         ;         ;         ;         ;         ;         ;         
;95% UL;         ;0.00224698;0.00402298;0.00499052;0.0053893;0.00554186;0.00569996;0.0103991;0.0187204;0.0310593;0.0464495;0.0646805;0.0849928;0.107152;0.130698;0.155328;0.180888;0.207719;0.235786;0.265785;0.300413;0.357249;0.424181;0.491846;0.55451;0.654182;0.739034;0.791976;0.82793;0.84683;0.866191;0.886957;0.903259;0.915;0.925419;0.937353;0.939903;0.945776;0.95083;0.955411;0.959369;0.962309;0.964728;0.966771;0.968466;0.969916;0.971198;0.972342;0.97337;0.974349;0.975263;0.976144;0.976981;0.977761;0.978497;0.979174;0.979788;0.980381;0.980918;0.981414;0.981873;0.982298;0.982687;0.983046;0.983394;0.983721;0.984019;0.984298;0.984557;0.984797;0.98502;         ;         ;         ;         ;         ;         ;         ;         ;         ;         ;         ;         ;         ;         ;         
False negative proportion;Mean;0.0550155;0.0920987;0.103502;0.11062;0.112337;0.106663;0.131458;0.120699;0.103788;0.0883968;0.0758061;0.0655334;0.0571515;0.0503016;0.0452415;0.0415559;0.0393833;0.0385655;0.0402359;0.0391453;0.0351463;0.035182;0.0363312;0.0375014;0.0338506;0.0341265;0.0367773;0.0392996;0.0424972;0.0424784;0.0426169;0.0451207;0.0478466;0.0495554;5.15E-02;0.0562152;0.0570858;6.04E-02;6.36E-02;6.72E-02;7.12E-02;7.46E-02;7.72E-02;7.90E-02;7.98E-02;7.99E-02;0.0796213;0.0790419;0.078257;0.0773074;0.076202;0.0750065;0.0738309;0.0727214;0.0716795;0.0706909;0.0697553;0.0688778;0.068064;0.0673143;0.066624;0.0659879;0.0654026;0.0648661;0.0643777;0.0639372;0.0635424;0.0631903;0.0628776;0.0626017;0.062359;         ;         ;         ;         ;         ;         ;         ;         ;         ;         ;         ;         ;         ;         ;         
;95% LL;0.0525824;0.0839172;0.0902426;0.0947404;0.0962813;0.0932159;0.121875;0.111651;0.0945193;0.079718;0.0686446;0.059806;0.0526134;0.0467252;0.0423784;0.0392131;0.0373821;0.0367632;0.0384618;0.0374876;0.0336737;0.0337655;0.0349772;0.036238;0.0328893;0.033216;0.0357865;0.0382374;0.0413575;0.0413638;0.0414516;0.0437673;0.0462732;0.0478071;4.95E-02;0.0540019;0.0549695;5.82E-02;6.15E-02;6.51E-02;6.92E-02;7.28E-02;7.54E-02;7.72E-02;7.80E-02;7.81E-02;0.0777691;0.0771268;0.0763052;0.0753428;0.0742477;0.0730815;0.071947;0.0708868;0.0699016;0.068931;0.0680081;0.0671432;0.0663407;0.065576;0.0649158;0.0642664;0.063693;0.0631564;0.0626604;0.0622082;0.0617913;0.0614027;0.0610535;0.0607414;0.060463;         ;         ;         ;         ;         ;         ;         ;         ;         ;         ;         ;         ;         ;         ;         
;95% UL;0.059858;0.109628;0.130647;0.142111;0.142185;0.134096;0.152072;0.133287;0.112609;0.097405;0.0838315;0.0721709;0.0622773;0.0542094;0.0484906;0.0442332;0.0417524;0.0408394;0.0423582;0.0411008;0.0369233;0.0368642;0.0379228;0.0390059;0.0350733;0.0352493;0.0379397;0.0404272;0.0437382;0.0436544;0.0437413;0.0462437;0.0489589;0.0508579;5.31E-02;0.0581403;0.0590497;6.24E-02;6.57E-02;6.93E-02;7.35E-02;7.67E-02;7.95E-02;8.15E-02;8.25E-02;8.28E-02;0.0825513;0.0820456;0.0813174;0.0803914;0.0792678;0.0780351;0.0768143;0.075657;0.0745712;0.0735819;0.0726411;0.071756;0.0709343;0.0701669;0.0694327;0.0687576;0.0681382;0.0675726;0.0670604;0.0666015;0.0661934;0.0658325;0.0655145;0.065236;0.0649924;         ;         ;         ;         ;         ;         ;         ;         ;         ;         ;         ;         ;         ;         ;         
;;         ;         ;         ;         ;         ;         ;         ;         ;         ;         ;         ;         ;         ;         ;         ;         ;         ;         ;         ;         ;         ;         ;         ;         ;         ;         ;         ;         ;         ;         ;         ;         ;         ;         ;         ;         ;         ;         ;         ;         ;         ;         ;         ;         ;         ;         ;         ;         ;         ;         ;         ;         ;         ;         ;         ;         ;         ;         ;         ;         ;         ;         ;         ;         ;         ;         ;         ;         ;         ;         ;         ;         ;         ;         ;         ;         ;         ;         ;         ;         ;         ;         ;         ;         ;         ;         
Other outputs;;         ;         ;         ;         ;         ;         ;         ;         ;         ;         ;         ;         ;         ;         ;         ;         ;         ;         ;         ;         ;         ;         ;         ;         ;         ;         ;         ;         ;         ;         ;         ;         ;         ;         ;         ;         ;         ;         ;         ;         ;         ;         ;         ;         ;         ;         ;         ;         ;         ;         ;         ;         ;         ;         ;         ;         ;         ;         ;         ;         ;         ;         ;         ;         ;         ;         ;         ;         ;         ;         ;         ;         ;         ;         ;         ;         ;         ;         ;         ;         ;         ;         ;         ;         ;         ;         
;;         ;         ;         ;         ;         ;         ;         ;         ;         ;         ;         ;         ;         ;         ;         ;         ;         ;         ;         ;         ;         ;         ;         ;         ;         ;         ;         ;         ;         ;         ;         ;         ;         ;         ;         ;         ;         ;         ;         ;         ;         ;         ;         ;         ;         ;         ;         ;         ;         ;         ;         ;         ;         ;         ;         ;         ;         ;         ;         ;         ;         ;         ;         ;         ;         ;         ;         ;         ;         ;         ;         ;         ;         ;         ;         ;         ;         ;         ;         ;         ;         ;         ;         ;         ;         ;         
Monthly rate of ART initiation at CD4 <200 in men;Mean;         ;         ;         ;         ;         ;         ;         ;         ;         ;         ;         ;         ;         ;         ;         ;0.00339356;0.00328394;0.00321372;0.00316778;0.0113813;0.0142737;0.0173607;0.0204629;0.0234442;0.0262631;0.0292289;0.0437882;0.0287533;0.0253461;0.0220477;0.0212619;0.0213467;0.0202968;0.0189746;0.020121;         ;         ;         ;         ;         ;         ;         ;         ;         ;         ;         ;         ;         ;         ;         ;         ;         ;         ;         ;         ;         ;         ;         ;         ;         ;         ;         ;         ;         ;         ;         ;         ;         ;         ;         ;         ;         ;         ;         ;         ;         ;         ;         ;         ;         ;         ;         ;         ;         ;         ;         
;95% LL;         ;         ;         ;         ;         ;         ;         ;         ;         ;         ;         ;         ;         ;         ;         ;0.00291808;0.00287775;0.00286656;0.00285325;0.0102913;0.0129455;0.0158535;0.018755;0.0214363;0.0240064;0.02667;0.0406246;0.0263759;0.0228703;0.020062;0.0194178;0.0195459;0.0184199;0.0170199;0.0178043;         ;         ;         ;         ;         ;         ;         ;         ;         ;         ;         ;         ;         ;         ;         ;         ;         ;         ;         ;         ;         ;         ;         ;         ;         ;         ;         ;         ;         ;         ;         ;         ;         ;         ;         ;         ;         ;         ;         ;         ;         ;         ;         ;         ;         ;         ;         ;         ;         ;         ;         
;95% UL;         ;         ;         ;         ;         ;         ;         ;         ;         ;         ;         ;         ;         ;         ;         ;0.00403897;0.00386018;0.0037192;0.00362214;0.0128956;0.0160585;0.0193889;0.0227315;0.0259501;0.0289001;0.0322802;0.0483785;0.0320852;0.028707;0.0249531;0.0241825;0.0242773;0.0232314;0.0219031;0.023502;         ;         ;         ;         ;         ;         ;         ;         ;         ;         ;         ;         ;         ;         ;         ;         ;         ;         ;         ;         ;         ;         ;         ;         ;         ;         ;         ;         ;         ;         ;         ;         ;         ;         ;         ;         ;         ;         ;         ;         ;         ;         ;         ;         ;         ;         ;         ;         ;         ;         ;         
Monthly rate of ART initiation at CD4 <200 in women;Mean;         ;         ;         ;         ;         ;         ;         ;         ;         ;         ;         ;         ;         ;         ;         ;0.00570939;0.00552528;0.00538;0.00527843;0.0186677;0.0239427;0.0296268;0.035541;0.0414652;0.0475826;0.0538816;0.0786602;0.0534859;0.0494629;0.0419102;0.0399073;0.0388766;0.0365527;0.0342763;0.0366862;         ;         ;         ;         ;         ;         ;         ;         ;         ;         ;         ;         ;         ;         ;         ;         ;         ;         ;         ;         ;         ;         ;         ;         ;         ;         ;         ;         ;         ;         ;         ;         ;         ;         ;         ;         ;         ;         ;         ;         ;         ;         ;         ;         ;         ;         ;         ;         ;         ;         ;         
;95% LL;         ;         ;         ;         ;         ;         ;         ;         ;         ;         ;         ;         ;         ;         ;         ;0.00482763;0.00474319;0.00469639;0.0046856;0.0166792;0.021443;0.0265069;0.0316865;0.0367662;0.0419504;0.0475645;0.0702488;0.0461169;0.041805;0.0366854;0.0353811;0.0348496;0.0321809;0.0294161;0.0305924;         ;         ;         ;         ;         ;         ;         ;         ;         ;         ;         ;         ;         ;         ;         ;         ;         ;         ;         ;         ;         ;         ;         ;         ;         ;         ;         ;         ;         ;         ;         ;         ;         ;         ;         ;         ;         ;         ;         ;         ;         ;         ;         ;         ;         ;         ;         ;         ;         ;         ;         
;95% UL;         ;         ;         ;         ;         ;         ;         ;         ;         ;         ;         ;         ;         ;         ;         ;0.00653275;0.00624947;0.00599101;0.00578628;0.0203115;0.0258988;0.0319617;0.0385079;0.0452066;0.0522156;0.059346;0.0851654;0.0591369;0.0557419;0.0463934;0.0441845;0.0432353;0.0415043;0.0398451;0.0438846;         ;         ;         ;         ;         ;         ;         ;         ;         ;         ;         ;         ;         ;         ;         ;         ;         ;         ;         ;         ;         ;         ;         ;         ;         ;         ;         ;         ;         ;         ;         ;         ;         ;         ;         ;         ;         ;         ;         ;         ;         ;         ;         ;         ;         ;         ;         ;         ;         ;         ;         
Monthly rate of ART initiation in advanced HIV in children;Mean;         ;         ;         ;         ;         ;         ;         ;         ;         ;         ;         ;         ;         ;         ;         ;0.00170221;0.0016864;0.00167657;0.00165899;0.0100202;0.0131269;0.0176672;0.0226742;0.0299901;0.038034;0.0961547;0.0770982;0.10592;0.0942526;0.095673;0.090275;0.0326595;0.0306165;0.03022;0.0301754;         ;         ;         ;         ;         ;         ;         ;         ;         ;         ;         ;         ;         ;         ;         ;         ;         ;         ;         ;         ;         ;         ;         ;         ;         ;         ;         ;         ;         ;         ;         ;         ;         ;         ;         ;         ;         ;         ;         ;         ;         ;         ;         ;         ;         ;         ;         ;         ;         ;         ;         
;95% LL;         ;         ;         ;         ;         ;         ;         ;         ;         ;         ;         ;         ;         ;         ;         ;0.00151771;0.00152116;0.00152863;0.00152687;0.00928047;0.0122397;0.0165094;0.0212526;0.0282195;0.0359201;0.08921;0.0694015;0.095536;0.0853358;0.087721;0.0836237;0.03044;0.0284037;0.0277913;0.0273384;         ;         ;         ;         ;         ;         ;         ;         ;         ;         ;         ;         ;         ;         ;         ;         ;         ;         ;         ;         ;         ;         ;         ;         ;         ;         ;         ;         ;         ;         ;         ;         ;         ;         ;         ;         ;         ;         ;         ;         ;         ;         ;         ;         ;         ;         ;         ;         ;         ;         ;         
;95% UL;         ;         ;         ;         ;         ;         ;         ;         ;         ;         ;         ;         ;         ;         ;         ;0.00187391;0.00184118;0.00181725;0.00178364;0.0107395;0.0139956;0.0188225;0.024172;0.0319189;0.0402346;0.103355;0.0840063;0.113909;0.10116;0.102415;0.0955464;0.0345101;0.0326033;0.032558;0.0329399;         ;         ;         ;         ;         ;         ;         ;         ;         ;         ;         ;         ;         ;         ;         ;         ;         ;         ;         ;         ;         ;         ;         ;         ;         ;         ;         ;         ;         ;         ;         ;         ;         ;         ;         ;         ;         ;         ;         ;         ;         ;         ;         ;         ;         ;         ;         ;         ;         ;         ;         
Adults who have stopped ART;Mean;         ;         ;         ;         ;         ;         ;         ;         ;         ;         ;         ;         ;         ;         ;         ;         ;586.349;1944.07;3912.63;6462.94;11810.7;23415.7;41762.9;66845;96982.4;133872;180481;223855;334073;410275;496683;580073;665020;7.57E+05;8.41E+05;8.91E+05;8.97E+05;9.12E+05;9.22E+05;9.27E+05;9.26E+05;9.21E+05;9.12E+05;9.01E+05;9.11E+05;9.18E+05;922521;925053;925889;925293;923415;920374;916266;911169;905143;898232;890504;882004;872772;862849;852279;841074;829245;816808;803788;790214;776096;761459;746321;730706;714641;         ;         ;         ;         ;         ;         ;         ;         ;         ;         ;         ;         ;         ;         ;         
;95% LL;         ;         ;         ;         ;         ;         ;         ;         ;         ;         ;         ;         ;         ;         ;         ;         ;582.842;1934.44;3894.4;6436.75;11722.6;23170.4;41169.8;65699.7;94945.6;130677;176139;218697;327467;399979;485611;568172;652170;7.40E+05;8.19E+05;8.61E+05;8.67E+05;8.84E+05;8.96E+05;9.03E+05;9.04E+05;9.01E+05;8.94E+05;8.84E+05;8.94E+05;9.00E+05;903699;905739;906200;905316;903223;899959;895481;890059;883751;876600;868672;860009;850649;840631;829995;818752;806910;794485;781501;767984;753945;739406;724387;708910;693003;         ;         ;         ;         ;         ;         ;         ;         ;         ;         ;         ;         ;         ;         ;         
;95% UL;         ;         ;         ;         ;         ;         ;         ;         ;         ;         ;         ;         ;         ;         ;         ;         ;591.171;1955.98;3934.46;6495.81;11908.9;23695.4;42440.2;68238.4;99305;137563;186075;231284;344513;425800;511518;594361;679502;7.76E+05;8.65E+05;9.22E+05;9.29E+05;9.41E+05;9.50E+05;9.55E+05;9.53E+05;9.46E+05;9.35E+05;9.21E+05;9.33E+05;9.42E+05;947108;950292;951665;951402;949570;947077;943499;938674;932842;926077;918450;910008;900634;890537;880048;868927;857103;844667;831620;817993;803924;789504;774734;759478;743467;         ;         ;         ;         ;         ;         ;         ;         ;         ;         ;         ;         ;         ;         ;         
Children who have stopped ART;Mean;         ;         ;         ;         ;         ;         ;         ;         ;         ;         ;         ;         ;         ;         ;         ;         ;70.9265;216.837;417.626;677.051;1507.17;3343.53;5903.96;9058.26;12958.9;18087.1;24600.8;28882.1;33915.5;36828.5;38969.2;40424.5;40834.2;40493.1;39508.4;37036.7;33061.5;28842.3;24733.8;21135.4;18546;16703.2;15220.9;13913.5;12901.8;12119.5;11385.5;10784.4;10231.3;9698.81;9196.91;8733.25;8299.14;7891.54;7505.47;7136.2;6781.13;6439.71;6111.9;5793.94;5484.74;5184.27;4892.65;4610.11;4337.34;4075.15;3824.36;3585.51;3358.89;3144.68;2942.94;         ;         ;         ;         ;         ;         ;         ;         ;         ;         ;         ;         ;         ;         ;         
;95% LL;         ;         ;         ;         ;         ;         ;         ;         ;         ;         ;         ;         ;         ;         ;         ;         ;68.5688;209.569;403.633;654.764;1465.79;3266.73;5780.23;8888.92;12724.2;17769.2;24166.6;28342.2;33238.8;35980.9;37995.8;39397.5;39737.4;39268.6;38223.7;35631.4;31778.3;27694.5;23714.6;20225.5;17712.1;15912.2;14446.3;13152.1;12134.5;11351.8;10626.3;10036.6;9500.84;8992.18;8519.5;8085.91;7682.88;7319.29;6960.77;6611.06;6267.08;5936.91;5620.66;5315.18;5020.34;4738.8;4466.93;4204.86;3953.06;3712.12;3482.6;3264.82;3058.9;2864.84;2682.59;         ;         ;         ;         ;         ;         ;         ;         ;         ;         ;         ;         ;         ;         ;         
;95% UL;         ;         ;         ;         ;         ;         ;         ;         ;         ;         ;         ;         ;         ;         ;         ;         ;73.7528;225.661;434.596;703.797;1555.38;3432.02;6042.84;9249.62;13210.3;18419.9;25055;29530.4;34825;37935.5;40172.2;41659.4;42123;41896.2;41017.8;38663.7;34547.2;30159.5;25882.5;22165.7;19514.7;17630.5;16118.3;14784.1;13762.8;12969.6;12217.1;11596.7;11019.3;10474.4;9949.18;9453.95;9001.14;8559.43;8157.74;7788.45;7430.9;7084.3;6748.68;6420.16;6097.72;5781.53;5471.97;5169.6;4875.46;4590.82;4316.94;4054.76;3804.88;3567.75;3343.69;         ;         ;         ;         ;         ;         ;         ;         ;         ;         ;         ;         ;         ;         ;         
% of adults on ART;Mean;         ;         ;         ;         ;         ;         ;         ;         ;         ;         ;         ;         ;         ;         ;         ;         ;0.00209482;0.00413943;0.00635602;0.00886975;0.0216695;0.0414239;0.0694657;0.104654;0.143508;0.193807;0.255728;0.348577;0.408103;0.448349;0.488418;0.533325;0.586768;0.62526;0.652466;0.681184;0.710346;0.735187;0.757596;0.776505;0.792859;0.806426;0.817799;0.827511;0.832213;0.835833;0.838808;0.841379;0.843683;0.8458;0.847785;0.849673;0.851476;0.853192;0.854814;0.856343;0.857777;0.859117;0.860368;0.861532;0.862612;0.863616;0.86455;0.865422;0.866236;0.866998;0.867712;0.868382;0.869012;0.869606;0.870165;         ;         ;         ;         ;         ;         ;         ;         ;         ;         ;         ;         ;         ;         ;         
;95% LL;         ;         ;         ;         ;         ;         ;         ;         ;         ;         ;         ;         ;         ;         ;         ;         ;0.00196454;0.00391929;0.00605988;0.00849704;0.0208477;0.0400082;0.0672902;0.101333;0.1392;0.188404;0.249054;0.340554;0.399207;0.438562;0.477504;0.52139;0.573411;0.610534;0.636382;0.663298;0.693454;0.721002;0.746019;0.767374;0.786067;0.801647;0.814625;0.82561;0.83074;0.834535;0.837612;0.840219;0.842538;0.844649;0.846632;0.84852;0.850288;0.851992;0.853607;0.8551;0.856567;0.857911;0.859152;0.860305;0.861373;0.862398;0.863308;0.864151;0.864936;0.865677;0.86637;0.867018;0.867623;0.868194;0.868722;         ;         ;         ;         ;         ;         ;         ;         ;         ;         ;         ;         ;         ;         ;         
;95% UL;         ;         ;         ;         ;         ;         ;         ;         ;         ;         ;         ;         ;         ;         ;         ;         ;0.00224837;0.00440679;0.00671712;0.00930525;0.0225319;0.0427633;0.071396;0.107214;0.146992;0.198007;0.260518;0.354836;0.415507;0.457447;0.49854;0.544329;0.598808;0.638522;0.667019;0.697284;0.725208;0.747731;0.767547;0.784048;0.798398;0.810386;0.820385;0.829167;0.833498;0.83696;0.839878;0.842428;0.844732;0.846865;0.848834;0.850736;0.85256;0.854278;0.855896;0.857433;0.858852;0.860213;0.861474;0.862663;0.863763;0.864764;0.865701;0.866588;0.867419;0.868198;0.86893;0.869624;0.870295;0.870931;0.871535;         ;         ;         ;         ;         ;         ;         ;         ;         ;         ;         ;         ;         ;         ;         
HIV incidence in children as % of births;Mean;7.46E-05;1.49E-04;0.000311356;0.000684518;0.0015359;0.00333963;0.0066082;0.0115526;0.0178838;0.0251953;0.0330902;0.0411474;0.0496968;0.0570289;0.0630245;0.0686968;0.0724311;0.0743704;0.0729782;0.0695498;0.0653801;0.058988;0.0507157;0.0400453;0.0297727;0.0226372;0.0188027;0.0168848;0.0156239;0.013366;0.0117854;0.0103195;0.00936095;0.00859958;0.00799883;0.00739805;0.00680239;0.00630202;0.00585222;0.005468;0.0051339;0.00483595;0.00455842;0.00431592;0.00409929;0.00389327;0.00369471;0.00350224;0.00331627;0.0031355;0.00295861;0.00278638;0.0026212;0.00246393;0.00231449;0.00217247;0.00203769;0.00191015;0.00178993;0.00167698;0.00157118;0.00147234;0.00138023;0.00129458;0.00121508;0.00114147;0.00107339;0.00101047;0.000952311;0.000898572;0.000848934;         ;         ;         ;         ;         ;         ;         ;         ;         ;         ;         ;         ;         ;         ;         
;95% LL;2.72E-05;5.94E-05;0.00014628;0.000381425;0.00102014;0.00245214;0.00510732;0.00912425;0.0147843;0.0215813;0.0291521;0.037325;0.0459135;0.0534898;0.0596548;0.0653432;0.0692124;0.0714755;0.0705605;0.0673637;0.0635357;0.057362;0.049368;0.0389375;0.028943;0.0219418;0.0181669;0.0162705;0.0149972;0.0127975;0.0112462;0.00981243;0.00884841;0.00807781;0.00746157;0.00686316;0.00629977;0.00583941;0.00542835;0.00507775;0.00477171;0.004505;0.00426081;0.00403488;0.00382864;0.00362729;0.00343301;0.00324468;0.00306191;0.00288311;0.00270975;0.00254803;0.00239382;0.00224778;0.00210971;0.00197916;0.00185584;0.00173964;0.00163054;0.0015284;0.00143302;0.00134418;0.00126159;0.00118155;0.00110679;0.00103758;0.000973599;0.000914459;0.00085979;0.000809273;0.000762714;         ;         ;         ;         ;         ;         ;         ;         ;         ;         ;         ;         ;         ;         ;         
;95% UL;1.04E-04;0.000201879;0.000411174;0.000891139;0.00202277;0.00436547;0.00885209;0.0149188;0.0219412;0.0296241;0.0376707;0.0456915;0.0541206;0.0611668;0.0667833;0.0720853;0.0755814;0.0773295;0.0756483;0.0720176;0.0678226;0.0612346;0.0526192;0.0414498;0.0307722;0.0234536;0.0195309;0.0175809;0.0163316;0.0140077;0.0124056;0.0109275;0.00995924;0.00920625;0.008623;0.00801716;0.00737371;0.00680817;0.00630709;0.00588513;0.00551082;0.00518115;0.00489552;0.00465711;0.00444391;0.00423965;0.00404112;0.00384695;0.00365759;0.00347154;0.00328725;0.00310575;0.00293004;0.00276142;0.00260003;0.00244562;0.0022982;0.00215796;0.00202517;0.00189995;0.00178226;0.00167201;0.00156904;0.00147311;0.00138398;0.00130138;0.00122502;0.00115449;0.00108926;0.00102898;0.000974093;         ;         ;         ;         ;         ;         ;         ;         ;         ;         ;         ;         ;         ;         ;         
% of HIV-positive adults interrupting ART;Mean;         ;         ;         ;         ;         ;         ;         ;         ;         ;         ;         ;         ;         ;         ;         ;         ;0.000163418;0.000497167;0.000933292;0.00145735;0.00254583;0.00485796;0.00833812;0.0128591;0.0179846;0.0239478;0.0311381;0.0372037;0.0534689;0.0633051;0.0740494;0.0837617;0.0932816;0.103492;0.112273;0.116489;0.115322;0.115345;0.114831;0.113867;0.112433;0.110651;0.108582;0.106326;0.1068;0.107023;0.107078;0.107021;0.106897;0.106733;0.106544;0.106343;0.106137;0.10593;0.105725;0.105522;0.105324;0.105132;0.104947;0.104771;0.104603;0.104443;0.104288;0.104137;0.103989;0.103845;0.103703;0.103563;0.103423;0.103284;0.103144;         ;         ;         ;         ;         ;         ;         ;         ;         ;         ;         ;         ;         ;         ;         
;95% LL;         ;         ;         ;         ;         ;         ;         ;         ;         ;         ;         ;         ;         ;         ;         ;         ;0.000152467;0.000469244;0.000888993;0.00139888;0.0024698;0.00474071;0.00820735;0.0126772;0.0176892;0.0235235;0.0305981;0.0366414;0.052761;0.0621661;0.0730995;0.0829765;0.092618;0.10272;0.111117;0.114518;0.113417;0.113901;0.113749;0.113046;0.11187;0.110291;0.108251;0.105825;0.106376;0.106601;0.10663;0.106569;0.106459;0.106304;0.106115;0.10592;0.105708;0.105492;0.105278;0.105065;0.104858;0.104657;0.104463;0.104278;0.104102;0.103933;0.10377;0.103611;0.103456;0.103305;0.103157;0.103011;0.102866;0.102721;0.102578;         ;         ;         ;         ;         ;         ;         ;         ;         ;         ;         ;         ;         ;         ;         
;95% UL;         ;         ;         ;         ;         ;         ;         ;         ;         ;         ;         ;         ;         ;         ;         ;         ;0.000175895;0.000528631;0.000982053;0.00152021;0.00261244;0.00495433;0.00846144;0.0130289;0.0182349;0.0243276;0.0316498;0.0377901;0.0542898;0.0646103;0.0751383;0.0847421;0.0940766;0.10447;0.113595;0.118367;0.11708;0.116793;0.116036;0.114841;0.11316;0.111115;0.108877;0.106882;0.107229;0.107419;0.107456;0.107389;0.10726;0.107094;0.106906;0.106708;0.106506;0.106303;0.106104;0.105907;0.105716;0.105532;0.105356;0.105188;0.105029;0.104877;0.10473;0.104587;0.104446;0.10431;0.104174;0.104041;0.103907;0.103774;0.10364;         ;         ;         ;         ;         ;         ;         ;         ;         ;         ;         ;         ;         ;         ;         
% of HIV-positive children interrupting ART;Mean;         ;         ;         ;         ;         ;         ;         ;         ;         ;         ;         ;         ;         ;         ;         ;         ;0.000348917;0.00093493;0.0016122;0.00238509;0.00490648;0.0101851;0.0170179;0.0250813;0.0352644;0.0491375;0.0670448;0.0794854;0.0947449;0.10508;0.115027;0.124578;0.132745;0.140082;0.146575;0.149485;0.146685;0.141977;0.136244;0.130587;0.126626;0.124397;0.12355;0.12354;0.12534;0.127046;0.128223;0.129268;0.130037;0.130523;0.130805;0.130989;0.13113;0.131276;0.131437;0.131613;0.131802;0.132009;0.132237;0.132465;0.132681;0.132877;0.133047;0.133182;0.133278;0.133331;0.13334;0.133306;0.133228;0.133108;0.132946;         ;         ;         ;         ;         ;         ;         ;         ;         ;         ;         ;         ;         ;         ;         
;95% LL;         ;         ;         ;         ;         ;         ;         ;         ;         ;         ;         ;         ;         ;         ;         ;         ;0.000332067;0.000899786;0.00156557;0.00233237;0.00479776;0.00998117;0.0166927;0.0246384;0.0347294;0.0484979;0.0662502;0.0786022;0.0938845;0.104078;0.114101;0.123597;0.131688;0.138795;0.144999;0.147528;0.144869;0.140527;0.135129;0.12965;0.125857;0.12367;0.12288;0.122912;0.124733;0.126462;0.127647;0.128649;0.129378;0.129855;0.130133;0.130267;0.130369;0.130479;0.130613;0.130767;0.130942;0.131162;0.131438;0.131716;0.131982;0.132192;0.132341;0.132469;0.132552;0.132613;0.1326;0.132531;0.132419;0.132265;0.132072;         ;         ;         ;         ;         ;         ;         ;         ;         ;         ;         ;         ;         ;         ;         
;95% UL;         ;         ;         ;         ;         ;         ;         ;         ;         ;         ;         ;         ;         ;         ;         ;         ;0.000362862;0.000964205;0.00165615;0.00244159;0.00501013;0.0103804;0.0173103;0.0254322;0.0356844;0.0496539;0.0677235;0.0802253;0.0955475;0.105932;0.115832;0.125375;0.133596;0.141124;0.147876;0.151245;0.148263;0.143123;0.137215;0.1314;0.127282;0.125008;0.124138;0.124116;0.125853;0.12754;0.128744;0.12982;0.130642;0.131149;0.131466;0.131715;0.131857;0.131997;0.132147;0.132309;0.132483;0.132682;0.132925;0.133165;0.133389;0.133592;0.133766;0.133905;0.134005;0.134062;0.134078;0.13406;0.133998;0.133893;0.133747;         ;         ;         ;         ;         ;         ;         ;         ;         ;         ;         ;         ;         ;         ;         
Births to mothers who were on ART at conception;Mean;         ;         ;         ;         ;         ;         ;         ;         ;         ;         ;         ;         ;         ;         ;         ;281.895;883.637;1563.69;2420.21;5413.51;11504.6;20461.2;32229.2;44920.2;58693;76812;103215;128432;145025;156737;170394;185337;197457;205407;210655;214702;218571;220292;219815;217409;213404;208119;201965;194420;186399;178334;170423;162775;155386;148255;141342;134579;127888;121229;114593;107984;101423;94943.5;88591.1;82422.3;76497.1;70862.5;65553.1;60587.5;55974.2;51714.5;47794.2;44193.7;40902;37906;35188.7;         ;         ;         ;         ;         ;         ;         ;         ;         ;         ;         ;         ;         ;         ;         
;95% LL;         ;         ;         ;         ;         ;         ;         ;         ;         ;         ;         ;         ;         ;         ;         ;269.132;843.175;1491.48;2308.08;5164.83;10984.3;19533.8;30755.6;42838.3;55950.3;73219.1;98577.2;122854;138677;150006;163181;177696;189349;196905;201797;205800;209806;210936;210186;207388;202992;197425;191097;183655;175748;167811;160020;152580;145350;138403;131698;125166;118675;112257;105843;99597.1;93436.8;87298.7;81305.8;75510.5;69965.8;64712.7;59780.4;55183.4;50926.5;47008.5;43413.8;40105.8;37067.1;34299.2;31818;         ;         ;         ;         ;         ;         ;         ;         ;         ;         ;         ;         ;         ;         ;         
;95% UL;         ;         ;         ;         ;         ;         ;         ;         ;         ;         ;         ;         ;         ;         ;         ;296.402;928.643;1642.64;2541.57;5683.31;12069.1;21475.2;33859.4;47208.8;61593.3;80485.1;108031;134374;151605;163600;177822;193377;206160;214721;220408;224607;228664;231067;232062;230895;228130;222891;216235;208631;200918;193037;184582;176292;168413;160982;153902;147023;140186;133292;126391;119490;112585;105780;99046;92437.7;86053.5;79950.3;74084;68535;63368.9;58667.4;54365.6;50401.1;46765.1;43446.1;40428;         ;         ;         ;         ;         ;         ;         ;         ;         ;         ;         ;         ;         ;         ;         
Births to mothers who were ever on ART before conception;Mean;         ;         ;         ;         ;         ;         ;         ;         ;         ;         ;         ;         ;         ;         ;         ;290.635;947.803;1713.68;2685.5;5844.6;12389.1;22093.4;34875.5;48677.1;63534.7;83046.5;110742;140018;159604;174052;190467;208175;223610;234552;240987;244223;247567;248555;247117;243570;238303;231679;224161;215880;207103;198235;189504;181035;172829;164889;157176;149619;142137;134693;127276;119894;112573;105351;98278.6;91417.9;84835;78580.4;72691;67186.2;62074.6;57357.2;53017.3;49032.7;45390.5;42075.5;39068.7;         ;         ;         ;         ;         ;         ;         ;         ;         ;         ;         ;         ;         ;         ;         
;95% LL;         ;         ;         ;         ;         ;         ;         ;         ;         ;         ;         ;         ;         ;         ;         ;277.444;904.345;1634.62;2561.32;5580.75;11841.5;21123.9;33349.6;46546.9;60760.5;79436.2;106080;134390;153350;167286;183040;200147;215012;225419;231510;234892;237496;238167;236234;232222;226700;219615;212068;203914;195244;186498;177879;169639;161610;153877;146398;139104;131894;124705;117539;110571;103688;96847.1;90177;83733.7;77575.6;71746.4;66277.1;61182.4;56467.3;52129.5;48151.1;44482.4;41121.2;38072.5;35327.4;         ;         ;         ;         ;         ;         ;         ;         ;         ;         ;         ;         ;         ;         ;         
;95% UL;         ;         ;         ;         ;         ;         ;         ;         ;         ;         ;         ;         ;         ;         ;         ;305.656;995.948;1799.72;2819.18;6132.21;12991.4;23187.9;36606.4;51128.1;66658.5;87012.5;115816;146181;166484;181617;198665;217048;233227;244809;251708;255104;259007;261049;260822;259203;254851;248177;240160;231693;223265;214605;205254;196065;187337;179070;171127;163446;155805;148131;140421;132708;125013;117428;109903;102550;95453.6;88675.8;82138.4;75987.3;70263.7;65074.8;60311.9;55923.8;51900.4;48227.8;44888;         ;         ;         ;         ;         ;         ;         ;         ;         ;         ;         ;         ;         ;         ;         
% of births to HIV+ mothers previously on ART (15-19);Mean;         ;         ;         ;         ;         ;         ;         ;         ;         ;         ;         ;         ;         ;         ;         ;         ;         ;         ;         ;         ;         ;         ;         ;         ;         ;         ;         ;         ;         ;         ;         ;         ;         ;         ;         ;         ;         ;         ;         ;         ;         ;         ;         ;         ;         ;         ;         ;         ;         ;         ;         ;         ;         ;         ;         ;         ;         ;         ;         ;         ;         ;         ;         ;         ;         ;         ;         ;         ;         ;         ;         ;         ;         ;         ;         ;         ;         ;         ;         ;         ;         ;         ;         ;         ;         ;         
;95% LL;         ;         ;         ;         ;         ;         ;         ;         ;         ;         ;         ;         ;         ;         ;         ;         ;         ;         ;         ;         ;         ;         ;         ;         ;         ;         ;         ;         ;         ;         ;         ;         ;         ;         ;         ;         ;         ;         ;         ;         ;         ;         ;         ;         ;         ;         ;         ;         ;         ;         ;         ;         ;         ;         ;         ;         ;         ;         ;         ;         ;         ;         ;         ;         ;         ;         ;         ;         ;         ;         ;         ;         ;         ;         ;         ;         ;         ;         ;         ;         ;         ;         ;         ;         ;         ;         
;95% UL;         ;         ;         ;         ;         ;         ;         ;         ;         ;         ;         ;         ;         ;         ;         ;         ;         ;         ;         ;         ;         ;         ;         ;         ;         ;         ;         ;         ;         ;         ;         ;         ;         ;         ;         ;         ;         ;         ;         ;         ;         ;         ;         ;         ;         ;         ;         ;         ;         ;         ;         ;         ;         ;         ;         ;         ;         ;         ;         ;         ;         ;         ;         ;         ;         ;         ;         ;         ;         ;         ;         ;         ;         ;         ;         ;         ;         ;         ;         ;         ;         ;         ;         ;         ;         ;         
% of births to HIV+ mothers previously on ART (20-24);Mean;         ;         ;         ;         ;         ;         ;         ;         ;         ;         ;         ;         ;         ;         ;         ;         ;         ;         ;         ;         ;         ;         ;         ;         ;         ;         ;         ;         ;         ;         ;         ;         ;         ;         ;         ;         ;         ;         ;         ;         ;         ;         ;         ;         ;         ;         ;         ;         ;         ;         ;         ;         ;         ;         ;         ;         ;         ;         ;         ;         ;         ;         ;         ;         ;         ;         ;         ;         ;         ;         ;         ;         ;         ;         ;         ;         ;         ;         ;         ;         ;         ;         ;         ;         ;         ;         
;95% LL;         ;         ;         ;         ;         ;         ;         ;         ;         ;         ;         ;         ;         ;         ;         ;         ;         ;         ;         ;         ;         ;         ;         ;         ;         ;         ;         ;         ;         ;         ;         ;         ;         ;         ;         ;         ;         ;         ;         ;         ;         ;         ;         ;         ;         ;         ;         ;         ;         ;         ;         ;         ;         ;         ;         ;         ;         ;         ;         ;         ;         ;         ;         ;         ;         ;         ;         ;         ;         ;         ;         ;         ;         ;         ;         ;         ;         ;         ;         ;         ;         ;         ;         ;         ;         ;         
;95% UL;         ;         ;         ;         ;         ;         ;         ;         ;         ;         ;         ;         ;         ;         ;         ;         ;         ;         ;         ;         ;         ;         ;         ;         ;         ;         ;         ;         ;         ;         ;         ;         ;         ;         ;         ;         ;         ;         ;         ;         ;         ;         ;         ;         ;         ;         ;         ;         ;         ;         ;         ;         ;         ;         ;         ;         ;         ;         ;         ;         ;         ;         ;         ;         ;         ;         ;         ;         ;         ;         ;         ;         ;         ;         ;         ;         ;         ;         ;         ;         ;         ;         ;         ;         ;         ;         
% of births to HIV+ mothers previously on ART (25-29);Mean;         ;         ;         ;         ;         ;         ;         ;         ;         ;         ;         ;         ;         ;         ;         ;         ;         ;         ;         ;         ;         ;         ;         ;         ;         ;         ;         ;         ;         ;         ;         ;         ;         ;         ;         ;         ;         ;         ;         ;         ;         ;         ;         ;         ;         ;         ;         ;         ;         ;         ;         ;         ;         ;         ;         ;         ;         ;         ;         ;         ;         ;         ;         ;         ;         ;         ;         ;         ;         ;         ;         ;         ;         ;         ;         ;         ;         ;         ;         ;         ;         ;         ;         ;         ;         ;         
;95% LL;         ;         ;         ;         ;         ;         ;         ;         ;         ;         ;         ;         ;         ;         ;         ;         ;         ;         ;         ;         ;         ;         ;         ;         ;         ;         ;         ;         ;         ;         ;         ;         ;         ;         ;         ;         ;         ;         ;         ;         ;         ;         ;         ;         ;         ;         ;         ;         ;         ;         ;         ;         ;         ;         ;         ;         ;         ;         ;         ;         ;         ;         ;         ;         ;         ;         ;         ;         ;         ;         ;         ;         ;         ;         ;         ;         ;         ;         ;         ;         ;         ;         ;         ;         ;         ;         
;95% UL;         ;         ;         ;         ;         ;         ;         ;         ;         ;         ;         ;         ;         ;         ;         ;         ;         ;         ;         ;         ;         ;         ;         ;         ;         ;         ;         ;         ;         ;         ;         ;         ;         ;         ;         ;         ;         ;         ;         ;         ;         ;         ;         ;         ;         ;         ;         ;         ;         ;         ;         ;         ;         ;         ;         ;         ;         ;         ;         ;         ;         ;         ;         ;         ;         ;         ;         ;         ;         ;         ;         ;         ;         ;         ;         ;         ;         ;         ;         ;         ;         ;         ;         ;         ;         ;         
% of births to HIV+ mothers previously on ART (30-34);Mean;         ;         ;         ;         ;         ;         ;         ;         ;         ;         ;         ;         ;         ;         ;         ;         ;         ;         ;         ;         ;         ;         ;         ;         ;         ;         ;         ;         ;         ;         ;         ;         ;         ;         ;         ;         ;         ;         ;         ;         ;         ;         ;         ;         ;         ;         ;         ;         ;         ;         ;         ;         ;         ;         ;         ;         ;         ;         ;         ;         ;         ;         ;         ;         ;         ;         ;         ;         ;         ;         ;         ;         ;         ;         ;         ;         ;         ;         ;         ;         ;         ;         ;         ;         ;         ;         
;95% LL;         ;         ;         ;         ;         ;         ;         ;         ;         ;         ;         ;         ;         ;         ;         ;         ;         ;         ;         ;         ;         ;         ;         ;         ;         ;         ;         ;         ;         ;         ;         ;         ;         ;         ;         ;         ;         ;         ;         ;         ;         ;         ;         ;         ;         ;         ;         ;         ;         ;         ;         ;         ;         ;         ;         ;         ;         ;         ;         ;         ;         ;         ;         ;         ;         ;         ;         ;         ;         ;         ;         ;         ;         ;         ;         ;         ;         ;         ;         ;         ;         ;         ;         ;         ;         ;         
;95% UL;         ;         ;         ;         ;         ;         ;         ;         ;         ;         ;         ;         ;         ;         ;         ;         ;         ;         ;         ;         ;         ;         ;         ;         ;         ;         ;         ;         ;         ;         ;         ;         ;         ;         ;         ;         ;         ;         ;         ;         ;         ;         ;         ;         ;         ;         ;         ;         ;         ;         ;         ;         ;         ;         ;         ;         ;         ;         ;         ;         ;         ;         ;         ;         ;         ;         ;         ;         ;         ;         ;         ;         ;         ;         ;         ;         ;         ;         ;         ;         ;         ;         ;         ;         ;         ;         
% of births to HIV+ mothers previously on ART (35-39);Mean;         ;         ;         ;         ;         ;         ;         ;         ;         ;         ;         ;         ;         ;         ;         ;         ;         ;         ;         ;         ;         ;         ;         ;         ;         ;         ;         ;         ;         ;         ;         ;         ;         ;         ;         ;         ;         ;         ;         ;         ;         ;         ;         ;         ;         ;         ;         ;         ;         ;         ;         ;         ;         ;         ;         ;         ;         ;         ;         ;         ;         ;         ;         ;         ;         ;         ;         ;         ;         ;         ;         ;         ;         ;         ;         ;         ;         ;         ;         ;         ;         ;         ;         ;         ;         ;         
;95% LL;         ;         ;         ;         ;         ;         ;         ;         ;         ;         ;         ;         ;         ;         ;         ;         ;         ;         ;         ;         ;         ;         ;         ;         ;         ;         ;         ;         ;         ;         ;         ;         ;         ;         ;         ;         ;         ;         ;         ;         ;         ;         ;         ;         ;         ;         ;         ;         ;         ;         ;         ;         ;         ;         ;         ;         ;         ;         ;         ;         ;         ;         ;         ;         ;         ;         ;         ;         ;         ;         ;         ;         ;         ;         ;         ;         ;         ;         ;         ;         ;         ;         ;         ;         ;         ;         
;95% UL;         ;         ;         ;         ;         ;         ;         ;         ;         ;         ;         ;         ;         ;         ;         ;         ;         ;         ;         ;         ;         ;         ;         ;         ;         ;         ;         ;         ;         ;         ;         ;         ;         ;         ;         ;         ;         ;         ;         ;         ;         ;         ;         ;         ;         ;         ;         ;         ;         ;         ;         ;         ;         ;         ;         ;         ;         ;         ;         ;         ;         ;         ;         ;         ;         ;         ;         ;         ;         ;         ;         ;         ;         ;         ;         ;         ;         ;         ;         ;         ;         ;         ;         ;         ;         ;         
HIV prevalence in MSM aged 15-49;Mean;0.000381339;0.000620037;0.00114605;0.00212279;0.00393575;0.00732897;0.0136549;0.0253333;0.044922;0.0738423;0.11081;0.151924;0.192188;0.228536;0.259196;0.283587;0.301809;0.315032;0.323616;0.328591;0.330831;0.331308;0.330627;0.329513;0.328326;0.326935;0.325449;0.323431;0.321711;0.320245;0.318714;0.317136;0.314806;0.31065;0.305099;0.298654;0.291674;0.284472;0.276948;0.269114;0.261224;0.253408;0.245698;0.238096;0.230611;0.223214;0.215904;0.208686;0.201621;0.194726;0.188015;0.181489;0.175167;0.169047;0.163125;0.157395;0.15185;0.146487;0.141305;0.136306;0.131493;0.126874;0.12246;0.118246;0.114211;0.11033;0.106574;0.102918;0.0993395;0.0958393;0.0924243;         ;         ;         ;         ;         ;         ;         ;         ;         ;         ;         ;         ;         ;         ;         
;95% LL;1.36E-04;0.000220129;0.000395782;0.000704246;0.00127582;0.00243524;0.00514452;0.0111809;0.0230114;0.043067;0.0725442;0.108723;0.147522;0.18648;0.22242;0.253326;0.278243;0.297601;0.310551;0.31979;0.322703;0.323525;0.321692;0.320078;0.318726;0.317143;0.315648;0.313715;0.312077;0.310683;0.309247;0.307809;0.30559;0.301447;0.295862;0.289387;0.282419;0.27535;0.268242;0.260742;0.253322;0.246026;0.238781;0.231653;0.224622;0.217344;0.210593;0.203599;0.196911;0.190528;0.184019;0.177699;0.171759;0.16561;0.159787;0.154083;0.14822;0.142554;0.137153;0.132282;0.127596;0.122949;0.118348;0.113955;0.109749;0.105704;0.10179;0.0979802;0.0942521;0.0906066;0.0870523;         ;         ;         ;         ;         ;         ;         ;         ;         ;         ;         ;         ;         ;         ;         
;95% UL;0.000526662;0.000876318;0.00168918;0.00324758;0.00616526;0.0115364;0.0211846;0.0384545;0.0664279;0.103912;0.146713;0.190376;0.22828;0.259314;0.283889;0.302009;0.315524;0.325562;0.332225;0.336777;0.339234;0.339841;0.339428;0.338969;0.338206;0.337051;0.335435;0.333207;0.331288;0.329754;0.328168;0.326442;0.323891;0.319679;0.313882;0.307107;0.299819;0.292322;0.28449;0.276328;0.268094;0.25992;0.251843;0.243863;0.235995;0.228213;0.220515;0.212908;0.205669;0.19858;0.191762;0.185075;0.178514;0.172188;0.166145;0.160319;0.154935;0.149767;0.144632;0.139836;0.135213;0.130718;0.126426;0.122375;0.118397;0.11477;0.111162;0.107578;0.104069;0.100636;0.0972851;         ;         ;         ;         ;         ;         ;         ;         ;         ;         ;         ;         ;         ;         ;         
% of males aged 15-24 who are circumcised;Mean;0.255956;0.255794;0.25527;0.254461;0.253562;0.252805;0.252344;0.252954;0.253927;0.255015;0.255921;0.256456;0.255789;0.254862;0.253936;0.253301;0.252957;0.253354;0.254165;0.255244;0.256388;0.257459;0.258542;0.259416;0.260701;0.26222;0.274546;0.307759;0.351967;0.392118;0.448137;0.50422;0.551206;0.598102;0.643247;0.673627;0.685942;0.69948;0.706867;0.708697;0.708195;0.710486;0.712691;0.714689;0.715639;0.715915;0.716571;0.717219;0.718351;0.720455;0.722854;0.723877;0.724596;0.724915;0.724919;0.724676;0.724341;0.724035;0.723902;0.723807;0.723767;0.723823;0.723928;0.724005;0.724047;0.724064;0.724067;0.724072;0.724093;0.724144;0.724229;         ;         ;         ;         ;         ;         ;         ;         ;         ;         ;         ;         ;         ;         ;         
;95% LL;0.255956;0.255794;0.25527;0.254461;0.253562;0.252805;0.252344;0.252954;0.253926;0.255014;0.25592;0.256454;0.255787;0.25486;0.253934;0.253299;0.252955;0.253353;0.254163;0.25524;0.256381;0.257446;0.25852;0.259381;0.260645;0.262145;0.274411;0.307506;0.351551;0.391547;0.447352;0.503221;0.550067;0.596828;0.641848;0.672128;0.684334;0.697807;0.705135;0.707081;0.70671;0.70915;0.711533;0.713732;0.714858;0.7153;0.716089;0.716848;0.718069;0.720195;0.722652;0.723681;0.72439;0.724699;0.724674;0.724406;0.72405;0.723727;0.723587;0.723497;0.723469;0.723561;0.723692;0.723808;0.723873;0.723898;0.723909;0.723921;0.723949;0.72401;0.724106;         ;         ;         ;         ;         ;         ;         ;         ;         ;         ;         ;         ;         ;         ;         
;95% UL;0.255956;0.255794;0.25527;0.254461;0.253562;0.252805;0.252344;0.252954;0.253927;0.255015;0.255922;0.256458;0.255791;0.254864;0.253938;0.253303;0.252958;0.253355;0.254166;0.255247;0.256396;0.257474;0.258572;0.259466;0.260775;0.262315;0.274698;0.308046;0.352433;0.392751;0.448999;0.505304;0.552475;0.599536;0.644809;0.675293;0.687739;0.701373;0.70886;0.71058;0.70991;0.712013;0.713998;0.715741;0.71647;0.716551;0.717027;0.71759;0.718638;0.720654;0.723029;0.724056;0.724772;0.725096;0.725117;0.724891;0.724573;0.724279;0.724151;0.724053;0.724;0.724036;0.724119;0.724175;0.724199;0.724199;0.724189;0.724183;0.724194;0.724237;0.724315;         ;         ;         ;         ;         ;         ;         ;         ;         ;         ;         ;         ;         ;         ;         
% of males aged 15+ who are circumcised;Mean;0.361973;0.362544;0.362902;0.363072;0.363121;0.36314;0.363193;0.363348;0.363714;0.36421;0.364735;0.365232;0.365282;0.36524;0.365215;0.36531;0.365462;0.366215;0.367173;0.368295;0.369577;0.370972;0.372199;0.373501;0.375134;0.376929;0.383365;0.398152;0.417314;0.434445;0.458402;0.48302;0.504904;0.528757;0.553643;0.573119;0.584571;0.599768;0.613728;0.626561;0.638735;0.651181;0.663158;0.67464;0.685616;0.696128;0.7062;0.715891;0.72521;0.734112;0.742603;0.750709;0.758436;0.765781;0.772767;0.779416;0.785754;0.791806;0.797595;0.803146;0.808475;0.8136;0.818535;0.82329;0.827883;0.832323;0.836622;0.840788;0.844827;0.848746;0.852551;         ;         ;         ;         ;         ;         ;         ;         ;         ;         ;         ;         ;         ;         ;         
;95% LL;0.361973;0.362544;0.362902;0.363072;0.36312;0.363139;0.363191;0.363343;0.363703;0.364187;0.364693;0.36516;0.365171;0.365086;0.365018;0.365073;0.365181;0.365891;0.366813;0.367908;0.36917;0.370553;0.371778;0.373079;0.374711;0.376506;0.382907;0.397598;0.416646;0.433674;0.457494;0.481954;0.503693;0.527402;0.552176;0.571566;0.582989;0.598151;0.612081;0.624955;0.637182;0.649685;0.661725;0.673277;0.68432;0.694896;0.70503;0.714781;0.724159;0.733116;0.741663;0.749822;0.757597;0.764971;0.771957;0.778607;0.784999;0.791086;0.796904;0.802476;0.807816;0.812949;0.817894;0.822662;0.827268;0.831724;0.836039;0.840222;0.844279;0.848216;0.852039;         ;         ;         ;         ;         ;         ;         ;         ;         ;         ;         ;         ;         ;         ;         
;95% UL;0.361973;0.362544;0.362902;0.363072;0.363121;0.36314;0.363195;0.363353;0.363726;0.364236;0.364783;0.365312;0.365401;0.3654;0.365415;0.365546;0.365727;0.366509;0.367489;0.368627;0.369918;0.37132;0.372552;0.373859;0.3755;0.377306;0.383781;0.398655;0.417931;0.435164;0.459258;0.484014;0.506018;0.529996;0.555007;0.574581;0.586094;0.60136;0.615387;0.628164;0.640264;0.652629;0.664536;0.675956;0.686872;0.697325;0.70734;0.716977;0.726243;0.735094;0.743535;0.751594;0.759277;0.766582;0.773531;0.780145;0.78645;0.79247;0.798229;0.803749;0.809048;0.814144;0.819069;0.823807;0.828374;0.832794;0.837076;0.841223;0.845245;0.849147;0.852935;         ;         ;         ;         ;         ;         ;         ;         ;         ;         ;         ;         ;         ;         ;         
Annual probability of MMC among males 10-14;Mean;         ;         ;         ;         ;         ;         ;         ;         ;         ;         ;         ;         ;         ;         ;         ;         ;         ;         ;         ;         ;         ;         ;         ;0.00168478;0.00298384;0.042795;0.116728;0.151662;0.1289;0.207638;0.22924;0.212804;0.269398;0.3167;0.24049;0.0795826;0.195572;0.201123;0.208;0.208;0.208;0.208;0.208;0.208;0.208;0.208;0.208;0.208;0.208;0.208;0.208;0.208;0.208;0.208;0.208;0.208;0.208;0.208;0.208;0.208;0.208;0.208;0.208;0.208;0.208;0.208;0.208;0.208;0.208;0.208;0.208;         ;         ;         ;         ;         ;         ;         ;         ;         ;         ;         ;         ;         ;         ;         
;95% LL;         ;         ;         ;         ;         ;         ;         ;         ;         ;         ;         ;         ;         ;         ;         ;         ;         ;         ;         ;         ;         ;         ;         ;0.00167552;0.0029675;0.0425594;0.11606;0.150713;0.127991;0.206057;0.227344;0.210914;0.266899;0.313527;0.237778;0.0786529;0.193487;0.198942;0.208;0.208;0.208;0.208;0.208;0.208;0.208;0.208;0.208;0.208;0.208;0.208;0.208;0.208;0.208;0.208;0.208;0.208;0.208;0.208;0.208;0.208;0.208;0.208;0.208;0.208;0.208;0.208;0.208;0.208;0.208;0.208;0.208;         ;         ;         ;         ;         ;         ;         ;         ;         ;         ;         ;         ;         ;         ;         
;95% UL;         ;         ;         ;         ;         ;         ;         ;         ;         ;         ;         ;         ;         ;         ;         ;         ;         ;         ;         ;         ;         ;         ;         ;0.00169384;0.00300053;0.0430438;0.11745;0.152699;0.129884;0.20935;0.231352;0.214979;0.272361;0.320533;0.24374;0.0807039;0.198164;0.203866;0.208;0.208;0.208;0.208;0.208;0.208;0.208;0.208;0.208;0.208;0.208;0.208;0.208;0.208;0.208;0.208;0.208;0.208;0.208;0.208;0.208;0.208;0.208;0.208;0.208;0.208;0.208;0.208;0.208;0.208;0.208;0.208;0.208;         ;         ;         ;         ;         ;         ;         ;         ;         ;         ;         ;         ;         ;         ;         
% of children tested at 18 months who are positive;Mean;         ;         ;         ;         ;         ;         ;         ;         ;         ;         ;         ;         ;         ;         ;         ;         ;         ;         ;         ;         ;         ;         ;         ;0.0660101;0.0347335;0.0276739;0.0218629;0.0182873;0.0168839;0.0155097;0.013145;0.0118172;0.0109104;0.00952336;0.00834489;0.00737976;0.00708176;0.00631322;0.00616029;0.00594311;0.00576172;0.00560455;0.00546109;0.00532598;0.00520425;0.00509359;0.00498774;0.00488543;0.00478596;0.00468898;0.00459393;0.00450052;0.00440992;0.0043237;0.00424226;0.00416544;0.00409296;0.00402471;0.00396062;0.00390065;0.00384466;0.0037925;0.00374398;0.00369892;0.00365712;0.00361841;0.00358259;0.00354946;0.00351881;0.00349044;0.00346415;         ;         ;         ;         ;         ;         ;         ;         ;         ;         ;         ;         ;         ;         ;         
;95% LL;         ;         ;         ;         ;         ;         ;         ;         ;         ;         ;         ;         ;         ;         ;         ;         ;         ;         ;         ;         ;         ;         ;         ;0.064458;0.0339253;0.0269692;0.0212768;0.0177846;0.0163781;0.015027;0.0127196;0.0114065;0.0105058;0.00915625;0.00801559;0.00708543;0.00678709;0.00606668;0.00592381;0.00572323;0.00556039;0.0054235;0.00529108;0.00516464;0.00504532;0.00493537;0.00482999;0.00473133;0.00463647;0.00454446;0.00445486;0.00436746;0.00428328;0.00420364;0.00412883;0.00405865;0.00399277;0.00393103;0.00387329;0.00381945;0.00376905;0.00372013;0.00367471;0.00363356;0.00359502;0.00355937;0.00352642;0.00349587;0.00346763;0.00344167;0.00341742;         ;         ;         ;         ;         ;         ;         ;         ;         ;         ;         ;         ;         ;         ;         
;95% UL;         ;         ;         ;         ;         ;         ;         ;         ;         ;         ;         ;         ;         ;         ;         ;         ;         ;         ;         ;         ;         ;         ;         ;0.067995;0.0357238;0.0285005;0.0224817;0.0188561;0.0174532;0.0160789;0.013654;0.0122843;0.0113658;0.00993434;0.00870632;0.0076974;0.00739601;0.00657463;0.00641042;0.00617299;0.00596725;0.00579361;0.0056546;0.00552305;0.00540322;0.00529364;0.00518778;0.00508438;0.00498276;0.00488252;0.00478298;0.00468384;0.00458656;0.00449316;0.00440426;0.00431984;0.0042397;0.00416384;0.0040923;0.00402511;0.00396222;0.00390348;0.00384877;0.00379788;0.00375066;0.0037069;0.00366643;0.00362902;0.00359443;0.00356244;0.00353281;         ;         ;         ;         ;         ;         ;         ;         ;         ;         ;         ;         ;         ;         ;         
% of children tested at 19-59 months who are positive;Mean;         ;         ;         ;         ;         ;         ;0.00656631;0.0100508;0.0157938;0.0239816;0.0341419;0.0454355;0.0570625;0.0684925;0.0788899;0.0883359;0.0973378;0.105898;0.114104;0.120559;0.121429;0.124928;0.130025;0.120835;0.0867157;0.0617877;0.0490035;0.0395531;0.0332164;0.027978;0.0198796;0.0132179;0.010702;0.00961614;0.00867194;0.00852717;0.0079522;0.007114;0.00652696;0.00615873;0.00588899;0.00567664;0.00549572;0.00534226;0.00521009;0.00509244;0.00498473;0.00488385;0.0047874;0.00469392;0.00460281;0.00451358;0.00442624;0.00434144;0.00426007;0.00418277;0.00410977;0.00404096;0.0039762;0.00391538;0.00385842;0.00380521;0.00375561;0.00370945;0.00366655;0.00362674;0.00358984;0.00355567;0.00352405;0.00349479;0.00346769;         ;         ;         ;         ;         ;         ;         ;         ;         ;         ;         ;         ;         ;         ;         
;95% LL;         ;         ;         ;         ;         ;         ;0.00538683;0.00828286;0.0129772;0.0197854;0.0288384;0.0392512;0.0502347;0.0619389;0.0728513;0.082769;0.0923199;0.101072;0.109394;0.116262;0.117671;0.121453;0.12692;0.118168;0.0847628;0.0603234;0.047828;0.0384618;0.0322457;0.0271087;0.0192259;0.0127821;0.0103434;0.00927716;0.00835258;0.00818973;0.00762752;0.00682749;0.00627048;0.00592347;0.00567213;0.0054756;0.00531923;0.00517677;0.00505485;0.00494017;0.00483402;0.00473401;0.00464139;0.00455226;0.00446578;0.00438159;0.00429974;0.00422081;0.00414555;0.00407448;0.00400772;0.00394511;0.00388648;0.00383166;0.00378051;0.0037329;0.00368715;0.00364389;0.00360423;0.00356752;0.00353354;0.0035021;0.00347279;0.00344588;0.00342101;         ;         ;         ;         ;         ;         ;         ;         ;         ;         ;         ;         ;         ;         ;         
;95% UL;         ;         ;         ;         ;         ;         ;0.00764907;0.012091;0.0197094;0.0299198;0.0415288;0.0535035;0.0652084;0.0763512;0.0862317;0.0950439;0.103369;0.111246;0.118786;0.124917;0.125428;0.128828;0.134221;0.124656;0.0893338;0.0636355;0.0504624;0.0407446;0.034278;0.0289282;0.0206;0.0137198;0.011107;0.00999572;0.00902888;0.00889901;0.0083031;0.00741946;0.00679881;0.00640732;0.00611732;0.0058844;0.00567766;0.00552246;0.00539337;0.00527808;0.00517169;0.00507108;0.0049739;0.00487869;0.00478477;0.00469162;0.00459927;0.00450855;0.00442064;0.00433644;0.00425633;0.00418035;0.00410846;0.00404063;0.00397686;0.00391712;0.00386129;0.00380924;0.00376081;0.00371583;0.00367412;0.00363551;0.00359979;0.00356675;0.00353618;         ;         ;         ;         ;         ;         ;         ;         ;         ;         ;         ;         ;         ;         ;         
% of children tested at 5-14 years who are positive;Mean;0.490989;0.602675;0.614283;0.610353;0.607685;0.609513;0.00324821;0.00348763;0.00390331;0.00458672;0.00566544;0.00726545;0.00946468;0.0122377;0.0154928;0.0190978;0.0230368;0.0272046;0.0316326;0.0370132;0.0444697;0.0557388;0.0677114;0.0719182;0.0626585;0.0683818;0.0789174;0.0753049;0.0825185;0.0708127;0.0439984;0.0274246;0.0204651;0.0164904;0.0134528;0.0129566;0.0106485;0.00892382;0.00789735;0.00720227;0.00661217;0.00614352;0.00573665;0.00539178;0.0051082;0.00488238;0.00469361;0.00453985;0.00441188;0.00430329;0.00421121;0.00413154;0.00406059;0.00399706;0.00393868;0.00388424;0.00383327;0.0037853;0.00373985;0.00369662;0.00365548;0.0036164;0.00357934;0.00354431;0.0035113;0.00348028;0.00345121;0.00342404;0.00339864;0.00337494;0.00335284;         ;         ;         ;         ;         ;         ;         ;         ;         ;         ;         ;         ;         ;         ;         
;95% LL;0.488353;0.595786;0.601281;0.594685;0.592022;0.594732;0.00315967;0.00333164;0.00365905;0.00422734;0.00512208;0.00643732;0.00822356;0.0105432;0.013483;0.0167914;0.0205833;0.0247406;0.029227;0.0345829;0.0417151;0.0524244;0.0642858;0.0690439;0.0605763;0.066089;0.076531;0.0733491;0.0805776;0.0693146;0.0430593;0.0268239;0.0200061;0.0160829;0.0130913;0.012617;0.0103771;0.00870323;0.00770706;0.00703259;0.00645519;0.00599713;0.00560688;0.00527662;0.00500292;0.00478491;0.00460472;0.0044554;0.00433146;0.00422637;0.00413739;0.00406048;0.00399204;0.00393084;0.00387468;0.00382241;0.00377362;0.00372788;0.00368473;0.00364389;0.00360524;0.00356871;0.00353426;0.00350186;0.00347146;0.00344302;0.00341647;0.00339173;0.00336837;0.00334619;0.00332554;         ;         ;         ;         ;         ;         ;         ;         ;         ;         ;         ;         ;         ;         ;         
;95% UL;0.492998;0.608151;0.620551;0.618644;0.616155;0.616496;0.00332878;0.00363838;0.00416809;0.0050275;0.00635844;0.00839054;0.0111371;0.0144197;0.0180835;0.0219608;0.0260448;0.0302615;0.0346934;0.0402108;0.0481686;0.0601907;0.0724111;0.0758762;0.06534;0.0710832;0.0815741;0.0773922;0.0847929;0.0728023;0.0451332;0.0280971;0.020987;0.0169504;0.0138373;0.0133354;0.010966;0.00918749;0.00813468;0.00741368;0.00680399;0.00631427;0.005893;0.00553532;0.00523892;0.00500218;0.00480373;0.00464262;0.00450626;0.00439134;0.00429201;0.00420904;0.00413909;0.00407617;0.00401795;0.00396317;0.00391136;0.0038621;0.00381495;0.00376969;0.00372623;0.00368459;0.00364482;0.00360696;0.00357107;0.00353718;0.00350528;0.00347535;0.00344731;0.00342107;0.00339657;         ;         ;         ;         ;         ;         ;         ;         ;         ;         ;         ;         ;         ;         ;         
% of children on ART who are aged 0-4 years;Mean;         ;         ;         ;         ;         ;         ;         ;         ;         ;         ;         ;         ;         ;         ;         ;         ;0.56841;0.491514;0.41951;0.369215;0.367211;0.35842;0.3305;0.306196;0.309709;0.325157;0.307829;0.267999;0.236061;0.207439;0.187887;0.178157;0.162653;0.146003;0.132151;0.127556;0.122011;0.122813;0.128115;0.135734;0.142393;0.147321;0.151756;0.156895;0.162597;0.165638;0.16828;0.169507;0.170564;0.171616;0.172398;0.172711;0.172627;0.172122;0.171246;0.170086;0.168716;0.167165;0.16544;0.163649;0.161852;0.160097;0.158433;0.156911;0.155568;0.154428;0.153507;0.152818;0.152369;0.152164;0.152196;         ;         ;         ;         ;         ;         ;         ;         ;         ;         ;         ;         ;         ;         ;         
;95% LL;         ;         ;         ;         ;         ;         ;         ;         ;         ;         ;         ;         ;         ;         ;         ;         ;0.552627;0.478432;0.408682;0.360662;0.357562;0.350242;0.3233;0.299726;0.303686;0.319198;0.302362;0.263614;0.232476;0.204537;0.184817;0.174897;0.159295;0.142471;0.128426;0.123457;0.117515;0.117873;0.122864;0.130503;0.137626;0.143296;0.148558;0.154414;0.159966;0.162487;0.164735;0.165742;0.166736;0.167852;0.168805;0.169339;0.169501;0.169163;0.168405;0.167372;0.166075;0.164624;0.163017;0.161356;0.159693;0.15807;0.15653;0.155117;0.153827;0.152677;0.151735;0.151052;0.150599;0.150341;0.150347;         ;         ;         ;         ;         ;         ;         ;         ;         ;         ;         ;         ;         ;         ;         
;95% UL;         ;         ;         ;         ;         ;         ;         ;         ;         ;         ;         ;         ;         ;         ;         ;         ;0.583444;0.504828;0.43088;0.378787;0.376823;0.367352;0.338756;0.313378;0.31649;0.331445;0.313494;0.272896;0.239928;0.210768;0.191108;0.181469;0.166175;0.149682;0.135951;0.13175;0.126803;0.1281;0.133633;0.14094;0.147561;0.151677;0.155338;0.160311;0.165812;0.169072;0.171977;0.173347;0.174447;0.175458;0.176121;0.176275;0.176103;0.175539;0.174671;0.173455;0.171956;0.170214;0.168348;0.166443;0.164496;0.16263;0.160801;0.159139;0.15768;0.156475;0.155533;0.154775;0.154359;0.154215;0.154282;         ;         ;         ;         ;         ;         ;         ;         ;         ;         ;         ;         ;         ;         ;         
% of children on ART who are aged 5-9 years;Mean;         ;         ;         ;         ;         ;         ;         ;         ;         ;         ;         ;         ;         ;         ;         ;         ;0.396373;0.448955;0.488983;0.50467;0.476783;0.464469;0.455111;0.444459;0.4205;0.400395;0.396009;0.404494;0.414329;0.418331;0.409001;0.39235;0.376347;0.353109;0.329455;0.313925;0.308333;0.300973;0.291598;0.281703;0.279844;0.279084;0.286799;0.298391;0.310727;0.317273;0.322876;0.325181;0.326578;0.328159;0.329581;0.330521;0.331327;0.33218;0.332811;0.333194;0.333317;0.333101;0.332469;0.331599;0.330597;0.329537;0.328472;0.327432;0.326419;0.325431;0.324477;0.323581;0.322783;0.322123;0.321633;         ;         ;         ;         ;         ;         ;         ;         ;         ;         ;         ;         ;         ;         ;         
;95% LL;         ;         ;         ;         ;         ;         ;         ;         ;         ;         ;         ;         ;         ;         ;         ;         ;0.384601;0.442107;0.485808;0.500184;0.472815;0.460507;0.451132;0.440938;0.417973;0.398841;0.394655;0.402701;0.41233;0.416052;0.406577;0.390026;0.374128;0.350462;0.32642;0.310785;0.305316;0.29824;0.289001;0.278859;0.276376;0.274872;0.282106;0.293687;0.306444;0.313905;0.320697;0.323929;0.324628;0.325751;0.327005;0.328017;0.329031;0.330167;0.331074;0.33148;0.331628;0.331458;0.330888;0.330059;0.329115;0.328091;0.32709;0.326111;0.325143;0.324212;0.323303;0.322479;0.321646;0.320992;0.320462;         ;         ;         ;         ;         ;         ;         ;         ;         ;         ;         ;         ;         ;         ;         
;95% UL;         ;         ;         ;         ;         ;         ;         ;         ;         ;         ;         ;         ;         ;         ;         ;         ;0.407365;0.45417;0.492039;0.508799;0.480158;0.467733;0.458368;0.447276;0.422337;0.401541;0.397251;0.406331;0.416598;0.420875;0.411752;0.395086;0.379106;0.355683;0.332371;0.31729;0.311436;0.303658;0.294087;0.284362;0.283039;0.283036;0.291185;0.302716;0.314555;0.320264;0.3248;0.326738;0.328366;0.330442;0.332095;0.333041;0.333782;0.334554;0.335213;0.335539;0.335623;0.335488;0.334876;0.33388;0.33272;0.33149;0.330254;0.329103;0.327984;0.326877;0.325813;0.324833;0.323999;0.323359;0.32291;         ;         ;         ;         ;         ;         ;         ;         ;         ;         ;         ;         ;         ;         ;         
% of HIV-positive adults with CD4 of 500+;Mean;1;0.81011;0.769685;0.775684;0.785133;0.787272;0.778973;0.758429;0.726091;0.687224;0.646989;0.608023;0.571155;0.53659;0.504581;0.475216;0.448439;0.423895;0.401842;0.382423;0.365865;0.352569;0.343201;0.337921;0.336897;0.340106;0.348722;0.364877;0.393438;0.421489;0.447059;0.472561;0.494169;0.512869;0.528627;0.543762;0.560228;0.575428;0.589899;0.603096;0.615037;0.62564;0.634896;0.642944;0.648425;0.652882;0.656588;0.659854;0.662827;0.665597;0.66822;0.67073;0.67315;0.675499;0.677789;0.680029;0.682221;0.68437;0.686481;0.68856;0.69061;0.692636;0.694642;0.696635;0.698618;0.700596;0.702576;0.704559;0.706551;0.708555;0.710574;         ;         ;         ;         ;         ;         ;         ;         ;         ;         ;         ;         ;         ;         ;         
;95% LL;1;0.807041;0.756792;0.755289;0.762159;0.765075;0.759678;0.744237;0.711636;0.668782;0.626568;0.586772;0.550647;0.517575;0.487373;0.459886;0.434919;0.412037;0.391461;0.373318;0.357816;0.34537;0.336656;0.331807;0.331016;0.334275;0.343112;0.35948;0.387535;0.415148;0.438804;0.463497;0.485175;0.503958;0.519589;0.534074;0.550158;0.566033;0.58169;0.596253;0.609636;0.621103;0.631061;0.639669;0.645448;0.650093;0.653969;0.657275;0.6603;0.663124;0.665795;0.668348;0.670808;0.673195;0.675522;0.677796;0.680021;0.682203;0.684345;0.686454;0.688535;0.690592;0.692629;0.694652;0.696666;0.698676;0.700686;0.702666;0.704645;0.706656;0.70868;         ;         ;         ;         ;         ;         ;         ;         ;         ;         ;         ;         ;         ;         ;         
;95% UL;1;0.816609;0.794746;0.812079;0.823578;0.822564;0.813044;0.786081;0.746256;0.703737;0.666371;0.630364;0.592842;0.557224;0.523258;0.491767;0.463355;0.437253;0.413688;0.393364;0.375908;0.361765;0.351439;0.345281;0.343434;0.346612;0.354772;0.370459;0.399682;0.427219;0.452968;0.47857;0.500394;0.51968;0.536512;0.552885;0.569561;0.584116;0.59755;0.609587;0.620341;0.629714;0.637944;0.645365;0.650811;0.655123;0.658711;0.661924;0.664934;0.667659;0.670297;0.672805;0.675245;0.677628;0.679952;0.682204;0.684397;0.686548;0.68871;0.690874;0.692957;0.695009;0.697039;0.699053;0.701041;0.703005;0.704983;0.707007;0.709035;0.711053;0.713075;         ;         ;         ;         ;         ;         ;         ;         ;         ;         ;         ;         ;         ;         ;         
% of HIV-positive adults with CD4 of 350-499;Mean;         ;0.15383;0.161933;0.149086;0.141959;0.141397;0.146769;0.157968;0.173423;0.189015;0.201896;0.211423;0.217946;0.22206;0.224115;0.224491;0.223827;0.22238;0.22007;0.217078;0.215029;0.214952;0.216795;0.220187;0.224552;0.231686;0.244769;0.273789;0.287467;0.284324;0.270763;0.255944;0.246002;0.237032;0.229207;0.223539;0.219098;0.215124;0.211305;0.207534;0.203879;0.200426;0.197288;0.194476;0.192134;0.190164;0.188501;0.187052;0.185738;0.184512;0.183349;0.182235;0.181159;0.180111;0.179089;0.178091;0.177116;0.176165;0.175235;0.174325;0.173434;0.172559;0.171698;0.170849;0.170009;0.169176;0.168347;0.167522;0.166697;0.165872;0.165046;         ;         ;         ;         ;         ;         ;         ;         ;         ;         ;         ;         ;         ;         ;         
;95% LL;         ;0.148854;0.146784;0.130183;0.123385;0.124737;0.131305;0.146512;0.165918;0.181839;0.194682;0.205801;0.213888;0.219637;0.222956;0.223523;0.222291;0.220588;0.218117;0.215019;0.212868;0.212656;0.214343;0.217663;0.222035;0.229098;0.241973;0.270378;0.283755;0.281275;0.26923;0.255318;0.245321;0.236157;0.228157;0.222242;0.217362;0.213056;0.209131;0.205466;0.202025;0.198822;0.19593;0.193339;0.191164;0.189222;0.18764;0.186204;0.184902;0.183698;0.182547;0.181428;0.18036;0.179318;0.178296;0.177291;0.176304;0.17534;0.174399;0.173481;0.172585;0.171706;0.170842;0.169981;0.169121;0.168293;0.167472;0.166654;0.165836;0.165011;0.164182;         ;         ;         ;         ;         ;         ;         ;         ;         ;         ;         ;         ;         ;         ;         
;95% UL;         ;0.156346;0.169953;0.159783;0.152767;0.151039;0.154476;0.163451;0.180731;0.197362;0.209865;0.216968;0.221565;0.223866;0.224897;0.225222;0.225039;0.223982;0.222032;0.21921;0.217245;0.217256;0.219372;0.222762;0.227192;0.234343;0.247719;0.276898;0.290285;0.286508;0.27204;0.256623;0.246745;0.238178;0.230566;0.225264;0.221169;0.217451;0.213707;0.209835;0.205993;0.202334;0.199;0.196016;0.193541;0.191479;0.189755;0.188266;0.18692;0.185669;0.184484;0.183349;0.182253;0.181188;0.18015;0.179136;0.178146;0.177181;0.176237;0.175314;0.17441;0.173522;0.172648;0.171786;0.170933;0.170087;0.169246;0.168407;0.167569;0.16673;0.165889;         ;         ;         ;         ;         ;         ;         ;         ;         ;         ;         ;         ;         ;         ;         
% of HIV-positive adults with CD4 of 200-349;Mean;         ;0.0327801;0.0574469;0.0600719;0.0569284;0.0554247;0.0576893;0.0647071;0.0769034;0.0929238;0.11068;0.12859;0.145838;0.162008;0.176838;0.190178;0.202633;0.213647;0.223032;0.230784;0.240238;0.250081;0.259798;0.268299;0.274262;0.279414;0.277216;0.252832;0.221092;0.201255;0.189629;0.179927;0.17063;0.162599;0.155994;0.149785;0.143202;0.136785;0.13069;0.125233;0.12045;0.116315;0.1128;0.109831;0.107718;0.106058;0.104716;0.103533;0.102456;0.101453;0.100501;0.0995879;0.0987057;0.0978478;0.0970099;0.0961892;0.0953846;0.0945945;0.0938168;0.0930493;0.092291;0.0915411;0.0907986;0.0900617;0.0893289;0.0885992;0.0878705;0.0871418;0.0864118;0.0856797;0.084945;         ;         ;         ;         ;         ;         ;         ;         ;         ;         ;         ;         ;         ;         ;         
;95% LL;         ;0.0315268;0.0498344;0.0471339;0.0424625;0.0419436;0.0446726;0.0537904;0.0682383;0.0856304;0.102344;0.118482;0.135676;0.152336;0.168068;0.18257;0.196204;0.208188;0.218347;0.226659;0.236947;0.247493;0.257779;0.266435;0.272491;0.277685;0.274972;0.249277;0.217066;0.197476;0.186222;0.176629;0.167393;0.159278;0.15247;0.145927;0.139185;0.133059;0.127509;0.122648;0.118412;0.114707;0.1115;0.108584;0.106595;0.105043;0.103751;0.10259;0.101504;0.100492;0.099551;0.0986406;0.0977303;0.096845;0.0959821;0.0951654;0.0943682;0.0935849;0.0928136;0.0920522;0.0912998;0.090529;0.0897684;0.0890312;0.0882951;0.087563;0.0868327;0.0861066;0.0853897;0.084671;0.0839501;         ;         ;         ;         ;         ;         ;         ;         ;         ;         ;         ;         ;         ;         ;         
;95% UL;         ;0.0334058;0.0615078;0.0676615;0.0659359;0.0641684;0.0654519;0.070405;0.082694;0.100735;0.120033;0.138586;0.155682;0.171101;0.184891;0.197098;0.208405;0.218376;0.226922;0.234004;0.242897;0.25221;0.261546;0.269931;0.275785;0.28094;0.279401;0.256882;0.225462;0.206143;0.194746;0.185035;0.175453;0.167135;0.16041;0.15425;0.147722;0.141013;0.134295;0.128146;0.122893;0.118381;0.114573;0.11138;0.109137;0.107399;0.10601;0.10479;0.103684;0.102656;0.101681;0.100747;0.0998444;0.0989671;0.0981102;0.097271;0.0964481;0.0956398;0.0948439;0.0940584;0.0932819;0.0925138;0.091753;0.0909976;0.090246;0.0894974;0.0887495;0.0880012;0.0872514;0.0864991;0.0857436;         ;         ;         ;         ;         ;         ;         ;         ;         ;         ;         ;         ;         ;         ;         
% of HIV-positive adults with CD4 of <200;Mean;         ;0.00327987;0.0109355;0.0151576;0.0159799;0.0159057;0.016568;0.0188956;0.0235828;0.0308377;0.0404353;0.0519633;0.0650617;0.0793426;0.0944666;0.110116;0.125101;0.140078;0.155057;0.169715;0.178868;0.182398;0.180206;0.173593;0.164289;0.148794;0.129293;0.108503;0.0980033;0.0929325;0.0925487;0.0915675;0.0891991;0.087501;0.0861726;0.082914;0.0774715;0.0726628;0.068105;0.0641367;0.060635;0.0576196;0.0550155;0.052749;0.0517242;0.0508963;0.0501943;0.0495607;0.0489794;0.0484386;0.0479295;0.0474468;0.0469858;0.0465422;0.0461117;0.0456909;0.0452778;0.0448704;0.0444669;0.0440657;0.0436652;0.0432641;0.0428611;0.0424548;0.0420443;0.0416286;0.0412065;0.0407771;0.0403394;0.0398926;0.0394358;         ;         ;         ;         ;         ;         ;         ;         ;         ;         ;         ;         ;         ;         ;         
;95% LL;         ;0.00314764;0.00931118;0.0111892;0.010574;0.0102769;0.0109793;0.0133653;0.0185546;0.0265177;0.0361846;0.0464069;0.0577642;0.0709341;0.08539;0.100747;0.115668;0.131105;0.146082;0.161045;0.170473;0.174207;0.171989;0.16547;0.156764;0.14244;0.123181;0.103366;0.0936429;0.0889992;0.0889886;0.0884439;0.0862494;0.0844947;0.0827741;0.0791281;0.0739044;0.0697204;0.0658285;0.0624363;0.0594118;0.0567904;0.0544787;0.0523945;0.0514159;0.0506075;0.0499039;0.0492512;0.0486619;0.0480993;0.0475702;0.047071;0.0465939;0.0461347;0.0456893;0.0452523;0.0448228;0.0443971;0.0439764;0.0435589;0.0431432;0.0427278;0.0423113;0.0418926;0.0414707;0.0410444;0.0406128;0.040175;0.0397299;0.0392768;0.0388149;         ;         ;         ;         ;         ;         ;         ;         ;         ;         ;         ;         ;         ;         ;         
;95% UL;         ;0.00334546;0.0118039;0.0175189;0.0194636;0.0197591;0.0202211;0.0221293;0.0262346;0.0343298;0.0452466;0.0580445;0.0723196;0.0875502;0.103219;0.119082;0.134091;0.148904;0.163564;0.177802;0.186717;0.190139;0.187919;0.181291;0.171921;0.156352;0.136443;0.114014;0.103248;0.0982887;0.0972817;0.0956383;0.0926274;0.090855;0.089849;0.0872462;0.0815335;0.0759227;0.0705152;0.0658889;0.0618696;0.0584856;0.0555584;0.0530769;0.0520117;0.0511667;0.0504599;0.0498262;0.0492474;0.0487106;0.0482064;0.0477293;0.0472744;0.0468371;0.0464182;0.0460064;0.045604;0.0452071;0.0448144;0.0444255;0.0440368;0.0436445;0.0432475;0.0428473;0.0424431;0.0420392;0.041628;0.0412049;0.0407733;0.0403323;0.0398811;         ;         ;         ;         ;         ;         ;         ;         ;         ;         ;         ;         ;         ;         ;         
Number of women starting ART at CD4 <200;Mean;         ;         ;         ;         ;         ;         ;         ;         ;         ;         ;         ;         ;         ;         ;         ;5245.6;6828.61;8774.06;11129.2;46670.8;77706.4;114980;149945;172693;213168;225386;211343;143195;110581;89434.1;81894;72952.7;61496.1;53170.4;49018.1;45887.7;39895;32791.1;26494.8;21346.2;17143.4;13952.6;11623.6;9712.19;8630.95;7944.92;7478.87;7139.04;6878.18;6666.12;6482.49;6316.89;6163.53;6017.93;5877.3;5740.53;5607.17;5476.97;5349.74;5225.31;5103.45;4983.92;4866.48;4750.84;4636.7;4523.8;4411.87;4300.75;4190.27;4080.33;3970.84;         ;         ;         ;         ;         ;         ;         ;         ;         ;         ;         ;         ;         ;         ;         
;95% LL;         ;         ;         ;         ;         ;         ;         ;         ;         ;         ;         ;         ;         ;         ;         ;5231.42;6812.15;8754.64;11107.1;46492.4;77390.3;114462;149164;171598;211119;221087;203248;137116;105134;82707.3;75298.7;66448.5;56170.2;48191.9;43506.1;37670.1;31530.3;25680.2;20929.6;17285.1;14315.2;12003.9;10295;8855.93;7997.45;7438.97;7035.96;6730.86;6485.82;6284.77;6109.49;5950.84;5803.75;5664.13;5529.42;5398.58;5265.45;5130.81;4999.48;4871.37;4746.31;4624.09;4506.57;4394.87;4284.49;4175.15;4066.63;3958.79;3851.5;3744.68;3638.26;         ;         ;         ;         ;         ;         ;         ;         ;         ;         ;         ;         ;         ;         ;         
;95% UL;         ;         ;         ;         ;         ;         ;         ;         ;         ;         ;         ;         ;         ;         ;         ;5261.56;6847.9;8796.84;11155.4;46893.1;78137.4;115705;151084;174265;216092;231430;222630;151682;118970;99223.8;90932.2;81444.2;67955.5;58548.5;54638;54451.2;49189.3;41062.8;32984;26033.8;20440.2;16220.6;13170.5;10732;9370.24;8568.23;8022.43;7642.29;7363.71;7134.09;6936.7;6761.38;6600.69;6449.09;6303.18;6169.49;6040.54;5914.81;5792.14;5669.62;5540.17;5413.05;5288.02;5164.83;5047.58;4929.47;4809.96;4689.55;4569.62;4450.06;4332.44;         ;         ;         ;         ;         ;         ;         ;         ;         ;         ;         ;         ;         ;         ;         
Number of women starting ART at CD4 200-349;Mean;         ;         ;         ;         ;         ;         ;         ;         ;         ;         ;         ;         ;         ;         ;         ;556.584;709.804;882.838;1084.3;4643.89;8058.93;12580.6;17878.7;23185.5;40735.8;90749.6;254061;226254;171428;140177;126247;107580;86209.6;71473.5;65194;60003.5;54953.5;47794.3;41075.8;35207.9;30000;25802.6;22516.3;19303.9;17359.1;16086.5;15186.8;14494.4;13918.2;13408.6;12935.9;12484.6;12046.7;11618.9;11201.6;10796.6;10406;10030.5;9670.53;9325.94;8996.33;8681.02;8379.08;8089.46;7811.02;7542.66;7283.41;7032.43;6789.01;6552.56;6322.57;         ;         ;         ;         ;         ;         ;         ;         ;         ;         ;         ;         ;         ;         ;         
;95% LL;         ;         ;         ;         ;         ;         ;         ;         ;         ;         ;         ;         ;         ;         ;         ;533.241;676.71;841.239;1035.72;4432.33;7643.28;11854.8;16718.3;21498.1;37567.2;84052.5;243279;219699;166120;139301;125189;104869;83994.6;69549.3;62961.4;54349.9;47537.2;40364.8;34532.4;29851.7;25831.9;22619.3;20080.4;17636.6;16095.2;15037.2;14257.6;13637.6;13102;12621.4;12171.4;11731.5;11305.3;10889.9;10485.9;10095.1;9713.92;9345.36;8992.55;8662.16;8346.58;8045.03;7759.43;7485.68;7222.64;6967.92;6720.35;6480.87;6248.78;6023.5;5804.55;         ;         ;         ;         ;         ;         ;         ;         ;         ;         ;         ;         ;         ;         ;         
;95% UL;         ;         ;         ;         ;         ;         ;         ;         ;         ;         ;         ;         ;         ;         ;         ;578.78;741.306;920.651;1126.94;4837.49;8432.95;13205.9;18804.7;24417.8;43037.8;95712.1;261730;230856;175312;140631;127050;110486;88434.6;73253.7;67089.2;65634.5;62561.3;55685.7;48136.2;41084.5;34621.6;29333;25180.1;21150.1;18788.5;17272.7;16264.8;15496.9;14898.9;14370.7;13900.7;13439.5;12999.9;12563.9;12124.7;11696.9;11291.3;10898.8;10514.3;10146;9793.62;9456.53;9133.83;8824.42;8527.05;8240.56;7963.85;7696.04;7436.36;7184.14;6938.82;         ;         ;         ;         ;         ;         ;         ;         ;         ;         ;         ;         ;         ;         ;         
Number of women starting ART at CD4 350-499;Mean;         ;         ;         ;         ;         ;         ;         ;         ;         ;         ;         ;         ;         ;         ;         ;14.2649;15.2846;16.0257;16.5677;87.9519;289.485;546.024;800.284;926.795;1343.48;1745.67;1577.2;13057.6;12740.5;83621.9;127352;102266;78999.8;63742.6;58493.8;53315.8;50922.3;46733.8;42704;39025.9;35350.3;32225.9;29643.1;26421.4;24347.5;22890.1;21761.7;20808.4;19943.9;19127.4;18336.6;17559.2;16791.4;16037.6;15305.9;14603.1;13932.8;13296.5;12694.3;12125.7;11589.7;11084.4;10607.6;10157.1;9730.3;9325.18;8939.73;8572.27;8221.3;7885.49;7563.7;         ;         ;         ;         ;         ;         ;         ;         ;         ;         ;         ;         ;         ;         ;         
;95% LL;         ;         ;         ;         ;         ;         ;         ;         ;         ;         ;         ;         ;         ;         ;         ;12.997;13.9003;14.6358;15.2417;81.7209;267.958;503.33;734.745;847.343;1224.57;1589.85;1458.95;11953.3;11460.5;75705.4;119316;98913.8;76803.1;62017.4;57022.9;51431.7;47088.3;42196.2;38178.9;34852.8;31708.8;29092.5;26943.6;24329.6;22576;21292.4;20266.2;19374.4;18556.8;17780.4;17028.2;16291.2;15566.8;14859.5;14176.4;13523.4;12903.2;12316.8;11760.1;11222.6;10717.3;10242.3;9795.35;9373.94;8974.32;8587.3;8213.58;7857.54;7517.72;7199.05;6895.33;         ;         ;         ;         ;         ;         ;         ;         ;         ;         ;         ;         ;         ;         ;         
;95% UL;         ;         ;         ;         ;         ;         ;         ;         ;         ;         ;         ;         ;         ;         ;         ;15.5789;16.718;17.4534;17.882;94.211;310.372;585.086;857.439;993.03;1435.62;1865.21;1668.24;13964.5;13779.8;89294.1;133208;104551;80623.3;65143.6;59760.8;55170.2;54842.8;51506.2;47539.7;43519;39286.6;35579.5;32488.7;28617.1;26218.1;24566.3;23369.3;22420.1;21555.5;20731.2;19923.6;19119.5;18315.5;17517.6;16738.6;15999.6;15294.8;14623.3;13984.4;13378.3;12804.8;12262.5;11749.6;11263.9;10803.2;10377.6;9970.21;9567.69;9183.19;8815.28;8462.7;         ;         ;         ;         ;         ;         ;         ;         ;         ;         ;         ;         ;         ;         ;         
Number of women starting ART at CD4 500+;Mean;         ;         ;         ;         ;         ;         ;         ;         ;         ;         ;         ;         ;         ;         ;         ;11.2431;11.444;11.4561;11.3731;58.7251;188.276;347.268;499.523;569.551;814.549;1045.72;925.298;6375.51;6209.05;11011;14438.3;115587;105796;84477.9;80858;73122;73383.2;70925.4;68409;66101.5;63068.4;60407.8;58086.5;53567.9;50408;47907.2;45730;43717.8;41777.2;39875.4;37992.6;36120.1;34272.1;32477.9;30761.3;29134.5;27600.6;26159.9;24811;23551.2;22375.9;21279;20253.9;19294;18393.2;17546.1;16748;15994.4;15281.4;14605.4;13963.5;         ;         ;         ;         ;         ;         ;         ;         ;         ;         ;         ;         ;         ;         ;         
;95% LL;         ;         ;         ;         ;         ;         ;         ;         ;         ;         ;         ;         ;         ;         ;         ;9.9436;10.1455;10.2368;10.269;53.649;171.655;315.77;452.312;514.045;733.857;941.909;848.213;5780.65;5528.61;9830.91;12951.7;107827;99798.6;79877.8;76192.7;71592.1;70757.4;66906.4;63702.6;61103.4;58054.4;55473.5;53257.6;49535.3;46802.3;44380.1;42282.5;40373.8;38527.6;36721.2;34941;33181.6;31456.5;29791.6;28207.2;26713;25310.7;23999.2;22776;21637.2;20577.8;19547.7;18584.3;17666.6;16824.7;16043.9;15300.8;14596.5;13930.6;13287.2;12664.8;         ;         ;         ;         ;         ;         ;         ;         ;         ;         ;         ;         ;         ;         ;         
;95% UL;         ;         ;         ;         ;         ;         ;         ;         ;         ;         ;         ;         ;         ;         ;         ;12.617;12.8025;12.6717;12.496;63.9238;204.578;376.654;541.241;616.725;879.107;1124;982.959;6851.61;6763.3;11947.4;15598.6;121900;110827;88767.8;85712.1;74445.7;76041.4;75148.3;73315.1;71338.5;68349.6;65613;62891;57728;54537.6;52050.8;49887.4;47872.8;45906.3;43953.1;41992.1;40014.2;38037.8;36100;34231.7;32450;30761.8;29170;27675.4;26306.9;25057.8;23872.2;22752;21696.4;20704.5;19770.9;18890.8;18059.7;17273.6;16546.1;15830.7;         ;         ;         ;         ;         ;         ;         ;         ;         ;         ;         ;         ;         ;         ;         
Adjusted HIV incidence in adults aged 15-49;Mean;         ;         ;         ;         ;         ;         ;         ;         ;         ;         ;         ;         ;         ;         ;         ;0.0223709;0.0216318;0.0207981;0.0199995;0.019228;0.0184309;0.0176373;0.0168883;0.0162075;0.0154397;0.014613;0.0136746;0.0127524;0.0120646;0.0113491;0.0107459;0.00968725;0.00872264;0.00810885;0.00739984;0.00678123;0.00618357;0.00564301;0.00516305;0.00476632;0.00444693;0.00415336;0.00387434;0.00364991;0.00343943;0.00324163;0.00305558;0.00288024;0.00271469;0.00255594;0.00240242;0.0022564;0.00211988;0.00199283;0.00187485;0.00176517;0.00166345;0.00156929;0.0014823;0.00140188;0.00132745;0.00125839;0.00119411;0.00113348;0.00107634;0.0010226;0.000971726;0.000923599;0.000877962;0.000834878;0.000794405;         ;         ;         ;         ;         ;         ;         ;         ;         ;         ;         ;         ;         ;         ;         
;95% LL;         ;         ;         ;         ;         ;         ;         ;         ;         ;         ;         ;         ;         ;         ;         ;0.0218343;0.0211771;0.0203552;0.0195467;0.0187695;0.0179667;0.017168;0.0164254;0.015755;0.014991;0.0141802;0.0132411;0.0123347;0.0116418;0.0109218;0.0103262;0.00926513;0.00829813;0.00767556;0.00695832;0.00636875;0.00580651;0.00530431;0.00486026;0.00449454;0.00420025;0.00392767;0.00366695;0.00345292;0.00325065;0.00306017;0.00288102;0.00271243;0.00255369;0.00240214;0.00225636;0.00211745;0.00198565;0.00186337;0.00175012;0.00164508;0.00154785;0.00145797;0.001375;0.00129831;0.00122788;0.00116245;0.00110034;0.0010422;0.00098767;0.000936382;0.000887851;0.000841973;0.000798517;0.000757533;0.000719065;         ;         ;         ;         ;         ;         ;         ;         ;         ;         ;         ;         ;         ;         ;         
;95% UL;         ;         ;         ;         ;         ;         ;         ;         ;         ;         ;         ;         ;         ;         ;         ;0.0230402;0.0222178;0.0213142;0.0205029;0.0197264;0.0189183;0.0181326;0.0173923;0.0167161;0.0159374;0.0151104;0.0141601;0.0132288;0.0125568;0.011859;0.0112603;0.0102005;0.00923992;0.00863582;0.0079302;0.00727482;0.00663763;0.00605046;0.00551921;0.00507388;0.00472706;0.00440697;0.00411274;0.00387652;0.00366167;0.00346108;0.00327262;0.0030949;0.00292675;0.00276476;0.00260448;0.00245318;0.00231155;0.00217896;0.00205516;0.00193758;0.001827;0.00172441;0.00162945;0.00154153;0.0014623;0.00138934;0.00132136;0.00125713;0.00119494;0.00113602;0.00108023;0.00102744;0.000977363;0.000930085;0.00088568;         ;         ;         ;         ;         ;         ;         ;         ;         ;         ;         ;         ;         ;         ;         
Incidence in pregnant women;Mean;5.82E-05;0.000165779;0.000390642;0.000915077;0.00210223;0.00451101;0.00846268;0.0134486;0.0184803;0.0231468;0.0272432;0.0307096;0.0329412;0.034305;0.0348976;0.0348015;0.0341362;0.0335403;0.0327844;0.0320202;0.0311638;0.0302186;0.029173;0.0281519;0.027095;0.0256472;0.0240983;0.0224789;0.0211099;0.0198964;0.0188517;0.0175336;0.0158906;0.0147092;0.0136113;0.0124448;0.011381;0.0104856;0.00967663;0.00901313;0.00844319;0.00791768;0.00741201;0.00696262;0.00654013;0.00613911;0.00575791;0.0053939;0.00504575;0.00471059;0.00438512;0.0040741;0.00378479;0.00351724;0.00327011;0.00304126;0.00282993;0.00263525;0.00245662;0.00229294;0.00214302;0.00200573;0.00187998;0.00176477;0.0016592;0.00156245;0.00147369;0.00139213;0.00131699;0.00124763;0.00118344;         ;         ;         ;         ;         ;         ;         ;         ;         ;         ;         ;         ;         ;         ;         
;95% LL;2.13E-05;7.01E-05;0.000200801;0.000563362;0.00147644;0.00332322;0.00634374;0.0107611;0.0156141;0.0206905;0.0253383;0.0288644;0.0312697;0.0329844;0.0337085;0.0337576;0.0330853;0.032532;0.0318014;0.0310254;0.0301341;0.0291272;0.0280674;0.0270489;0.0259802;0.0245516;0.0230407;0.0214353;0.0200575;0.0188228;0.0177589;0.0164436;0.0148274;0.013657;0.0125698;0.0114375;0.0104236;0.00958139;0.00883382;0.00826663;0.00773164;0.00724147;0.00676232;0.00632412;0.00591765;0.0055438;0.00518937;0.00485221;0.00453129;0.00422423;0.00392817;0.00364718;0.00338731;0.00314831;0.00292873;0.00272644;0.00254048;0.00236988;0.00221387;0.00207133;0.00193936;0.00181239;0.00169449;0.00158655;0.00148773;0.00139724;0.0013143;0.00123816;0.00116812;0.00110355;0.00104387;         ;         ;         ;         ;         ;         ;         ;         ;         ;         ;         ;         ;         ;         ;         
;95% UL;8.20E-05;0.000223479;0.000521633;0.00121897;0.00282287;0.00649728;0.011971;0.0174903;0.0222433;0.0264598;0.0299087;0.0330625;0.0349827;0.0360796;0.0366647;0.0364366;0.0355967;0.0348698;0.0339927;0.0331213;0.0323186;0.0314143;0.0304001;0.0293975;0.028346;0.0268707;0.0252788;0.0236215;0.0222313;0.0210979;0.0200689;0.0187301;0.0170621;0.0158627;0.0147317;0.013518;0.0123996;0.0114489;0.0105464;0.00982139;0.00921615;0.00870733;0.00821198;0.00776073;0.00733007;0.00691584;0.00651748;0.00613273;0.00576041;0.00539723;0.00503763;0.00468768;0.00436066;0.00405698;0.00377535;0.00351347;0.00327078;0.00304655;0.00284033;0.00265099;0.00247731;0.00231808;0.00217263;0.00204014;0.00191865;0.0018065;0.00170386;0.00160978;0.00152332;0.00144368;0.00137011;         ;         ;         ;         ;         ;         ;         ;         ;         ;         ;         ;         ;         ;         ;         
Adjusted incidence in pregnant women;Mean;         ;         ;         ;         ;         ;         ;         ;         ;         ;         ;         ;         ;         ;         ;         ;0.0348013;0.034136;0.0335401;0.0327842;0.0320192;0.0311608;0.0302132;0.0291654;0.0281434;0.0270831;0.0256323;0.0240856;0.0223951;0.0210301;0.0197247;0.018614;0.0166496;0.0150406;0.0139364;0.0127249;0.0117322;0.0105925;0.00968214;0.00886646;0.00819023;0.00762854;0.00711495;0.00662635;0.00622664;0.00585118;0.00549496;0.00515641;0.00483313;0.00452392;0.00422617;0.00393691;0.00366032;0.00340284;0.00316451;0.00294413;0.00273984;0.00255094;0.0023767;0.00221661;0.00206974;0.00193505;0.00181158;0.00169836;0.00159455;0.00149934;0.00141202;0.00133187;0.00125818;0.00119028;0.00112759;0.00106956;         ;         ;         ;         ;         ;         ;         ;         ;         ;         ;         ;         ;         ;         ;         
;95% LL;         ;         ;         ;         ;         ;         ;         ;         ;         ;         ;         ;         ;         ;         ;         ;0.0337574;0.033085;0.0325318;0.0318012;0.0310245;0.0301313;0.0291225;0.0280599;0.0270407;0.0259687;0.0245372;0.0230283;0.0213532;0.0199782;0.018652;0.017522;0.0155599;0.0139685;0.012863;0.0116452;0.0107092;0.00964136;0.00880257;0.00805655;0.00748184;0.00697477;0.00650205;0.00604069;0.00565138;0.0052958;0.00496357;0.00464864;0.00434905;0.00406389;0.00379097;0.00352774;0.00327775;0.00304639;0.00283343;0.00263757;0.00245694;0.0022907;0.00213798;0.00199815;0.00187023;0.00175207;0.00163703;0.00153086;0.00143358;0.00134444;0.00126276;0.00118785;0.00111905;0.00105573;0.000997355;0.000943407;         ;         ;         ;         ;         ;         ;         ;         ;         ;         ;         ;         ;         ;         ;         
;95% UL;         ;         ;         ;         ;         ;         ;         ;         ;         ;         ;         ;         ;         ;         ;         ;0.0364364;0.0355965;0.0348696;0.0339926;0.0331204;0.0323154;0.0314085;0.0303921;0.0293885;0.0283335;0.0268553;0.0252658;0.0235366;0.0221521;0.0209208;0.019827;0.0178814;0.0162539;0.0151249;0.0138986;0.0128288;0.01161;0.010623;0.00969889;0.00895992;0.0083317;0.00782456;0.00733763;0.00693667;0.00655442;0.00618695;0.00583364;0.00549242;0.00516218;0.00483996;0.00451956;0.00420866;0.00391788;0.00364761;0.00339669;0.00316309;0.00294633;0.00274579;0.00256111;0.00239133;0.00223541;0.00209229;0.00196212;0.00184279;0.00173317;0.00163197;0.00153929;0.00145429;0.00137616;0.00130419;0.0012377;         ;         ;         ;         ;         ;         ;         ;         ;         ;         ;         ;         ;         ;         ;         
% of sexually active males aged 15-24 with 2+ non-spousal partners in last year;Mean;0.292495;0.296004;0.29885;0.302709;0.307204;0.311709;0.317951;0.318622;0.317832;0.316054;0.313995;0.312333;0.313132;0.315134;0.317727;0.320246;0.322064;0.322327;0.321436;0.31958;0.317074;0.3144;0.310661;0.307296;0.304248;0.301457;0.299647;0.300249;0.300715;0.300646;0.300069;0.298987;0.29767;0.296599;0.296356;0.297778;0.301311;0.307005;0.312202;0.316714;0.320573;0.322516;0.322958;0.321682;0.319804;0.318818;0.317765;0.316897;0.31634;0.315702;0.314539;0.313471;0.312728;0.312583;0.313044;0.313947;0.315188;0.316526;0.31766;0.318884;0.320033;0.32089;0.321518;0.322079;0.322597;0.323082;0.323545;0.323986;0.324399;0.324768;0.325072;         ;         ;         ;         ;         ;         ;         ;         ;         ;         ;         ;         ;         ;         ;         
;95% LL;0.287654;0.291377;0.2941;0.297806;0.302148;0.30657;0.312799;0.313565;0.312997;0.311464;0.309556;0.307954;0.30867;0.310553;0.312896;0.315347;0.31707;0.317344;0.316579;0.314884;0.31256;0.31006;0.306501;0.303288;0.300372;0.2977;0.295962;0.296537;0.297019;0.297002;0.296502;0.295533;0.294312;0.293243;0.292913;0.294133;0.297393;0.302765;0.307724;0.312122;0.315977;0.318024;0.318653;0.317591;0.315895;0.315;0.313999;0.313156;0.312608;0.311984;0.310867;0.309853;0.309123;0.308995;0.309437;0.3103;0.311524;0.312845;0.313946;0.315146;0.316289;0.317161;0.317815;0.3184;0.318911;0.319357;0.319802;0.320234;0.320642;0.32101;0.321317;         ;         ;         ;         ;         ;         ;         ;         ;         ;         ;         ;         ;         ;         ;         
;95% UL;0.297531;0.30086;0.303765;0.307724;0.312327;0.316917;0.323179;0.323745;0.322806;0.320868;0.318679;0.316946;0.317828;0.319935;0.322638;0.325231;0.327061;0.327243;0.32621;0.324175;0.321483;0.318634;0.31472;0.311211;0.308059;0.305188;0.303341;0.303956;0.304397;0.304269;0.303616;0.302443;0.30107;0.299988;0.299801;0.301368;0.305131;0.31109;0.31648;0.321078;0.324931;0.326775;0.327071;0.325624;0.323602;0.322551;0.321468;0.320593;0.320044;0.319408;0.318221;0.317124;0.316361;0.316217;0.316693;0.317618;0.318877;0.32025;0.321375;0.322595;0.323749;0.324623;0.325196;0.325764;0.326308;0.326826;0.327324;0.327799;0.328242;0.328633;0.328952;         ;         ;         ;         ;         ;         ;         ;         ;         ;         ;         ;         ;         ;         ;         
% of sexually active females aged 15-24 with 2+ non-spousal partners in last year;Mean;0.0751417;0.0760128;0.076515;0.0771515;0.0778593;0.0785397;0.0789957;0.079243;0.0792946;0.0792415;0.0791976;0.0792595;0.0796878;0.0803419;0.0810753;0.081775;0.0823585;0.0827161;0.0828919;0.0829267;0.0828926;0.082869;0.0828666;0.0829335;0.0830457;0.0831765;0.0833842;0.0837181;0.0839912;0.0841608;0.0842649;0.0843325;0.0844117;0.0845366;0.0847622;0.0852007;0.0858356;0.0866485;0.0873426;0.0878864;0.088286;0.0884505;0.0884599;0.0883467;0.0882339;0.0882763;0.0883683;0.0885092;0.0886811;0.0888322;0.0889073;0.0889675;0.0890425;0.0891735;0.0893668;0.0896018;0.0898568;0.090099;0.0902962;0.0904801;0.090646;0.0907841;0.0909052;0.0910257;0.0911487;0.0912739;0.0913996;0.0915233;0.091642;0.091753;0.0918542;         ;         ;         ;         ;         ;         ;         ;         ;         ;         ;         ;         ;         ;         ;         
;95% LL;0.0743159;0.0751685;0.0756764;0.0762886;0.0769409;0.0775801;0.0780486;0.0783575;0.0784676;0.0784712;0.0785238;0.0786244;0.0790252;0.0796181;0.0802714;0.0809561;0.0815279;0.0819095;0.0821341;0.0822327;0.0822761;0.0823266;0.0824019;0.0825215;0.0826844;0.0828421;0.0830645;0.0833987;0.0836856;0.0838837;0.0839678;0.0839762;0.0840233;0.0841284;0.0843548;0.0848419;0.0855516;0.0862944;0.0869445;0.0874462;0.0878381;0.0880342;0.088086;0.0880072;0.0879274;0.0879836;0.0880731;0.0881906;0.0883397;0.0884626;0.0884975;0.0885286;0.0885835;0.0887033;0.0888945;0.0891371;0.0894147;0.0896754;0.0898801;0.090067;0.090231;0.0903605;0.0904706;0.0905816;0.0906974;0.0908174;0.0909396;0.0910625;0.0911795;0.0912876;0.0913844;         ;         ;         ;         ;         ;         ;         ;         ;         ;         ;         ;         ;         ;         ;         
;95% UL;0.076184;0.076991;0.077502;0.078172;0.078922;0.0796347;0.0800822;0.0802794;0.0802598;0.0801299;0.0800233;0.0800448;0.08051;0.0812112;0.0819977;0.0827338;0.0833294;0.0836579;0.0837745;0.0837291;0.0836095;0.0835035;0.0834217;0.0834191;0.0834716;0.0835512;0.0837233;0.0840527;0.0843024;0.0844592;0.0845772;0.0846651;0.0847984;0.0849565;0.0851811;0.085559;0.0861712;0.0870244;0.0878075;0.0884012;0.08881;0.0889378;0.0888877;0.0887054;0.0885407;0.0886113;0.0887;0.0888481;0.0890264;0.0891832;0.0892841;0.0893809;0.0894756;0.0896158;0.0898083;0.090027;0.0902648;0.0905023;0.0906914;0.0908675;0.0910322;0.091172;0.0912994;0.0914228;0.0915475;0.0916732;0.091799;0.0919231;0.0920434;0.0921585;0.0922657;         ;         ;         ;         ;         ;         ;         ;         ;         ;         ;         ;         ;         ;         ;         
% of sexually active males aged 25-49 with 2+ non-spousal partners in last year;Mean;0.145328;0.146357;0.14748;0.148514;0.149425;0.150204;0.152598;0.153509;0.154467;0.155605;0.15692;0.158345;0.159531;0.160541;0.161333;0.161893;0.162242;0.162129;0.162073;0.162166;0.162337;0.162696;0.163516;0.164436;0.165294;0.165984;0.166298;0.166811;0.167129;0.167262;0.167262;0.167155;0.166944;0.166632;0.166206;0.165618;0.164925;0.164132;0.163378;0.162723;0.162135;0.161797;0.161733;0.162056;0.16272;0.163589;0.164744;0.16609;0.167498;0.168928;0.170371;0.171844;0.173191;0.174391;0.175435;0.176338;0.177087;0.177719;0.178282;0.178779;0.179301;0.179932;0.180673;0.181169;0.181532;0.181894;0.182125;0.182308;0.182393;0.182547;0.183023;         ;         ;         ;         ;         ;         ;         ;         ;         ;         ;         ;         ;         ;         ;         
;95% LL;0.13195;0.133081;0.134249;0.13529;0.136179;0.136921;0.1392;0.140134;0.141103;0.142266;0.143616;0.145082;0.146282;0.147312;0.148143;0.148766;0.149204;0.149226;0.149311;0.149551;0.149867;0.150349;0.151251;0.152206;0.15305;0.153677;0.153854;0.154167;0.154272;0.154185;0.153969;0.153655;0.153246;0.152753;0.152158;0.15141;0.150532;0.149564;0.148646;0.147839;0.147108;0.14662;0.146432;0.146649;0.147221;0.148012;0.149081;0.150328;0.151626;0.152931;0.154237;0.155558;0.156751;0.157793;0.158675;0.159411;0.159991;0.160453;0.160847;0.161179;0.16154;0.162007;0.162581;0.162941;0.163189;0.163443;0.163585;0.163688;0.163709;0.1638;0.164188;         ;         ;         ;         ;         ;         ;         ;         ;         ;         ;         ;         ;         ;         ;         
;95% UL;0.159823;0.160844;0.162055;0.163199;0.164233;0.165078;0.167578;0.168441;0.169375;0.170476;0.171747;0.173124;0.174297;0.175305;0.176084;0.17662;0.176931;0.176741;0.176612;0.176634;0.176735;0.177047;0.177856;0.178807;0.179738;0.180539;0.181;0.18171;0.182241;0.182598;0.182816;0.182923;0.182916;0.182797;0.182557;0.182145;0.181665;0.181075;0.180517;0.180049;0.179623;0.179421;0.179454;0.179791;0.180462;0.181338;0.18252;0.183918;0.185424;0.186969;0.188543;0.190163;0.191661;0.193001;0.194158;0.195179;0.196051;0.196832;0.197555;0.198213;0.198907;0.199724;0.200655;0.201312;0.201816;0.202308;0.202645;0.202913;0.203061;0.203272;0.203821;         ;         ;         ;         ;         ;         ;         ;         ;         ;         ;         ;         ;         ;         ;         
% of sexually active females aged 25-49 with 2+ non-spousal partners in last year;Mean;0.0174829;0.017587;0.0177678;0.0179461;0.0181065;0.0182327;0.0183475;0.018453;0.0185192;0.0185819;0.0186607;0.0187639;0.0188219;0.0188685;0.0189012;0.018902;0.018862;0.0188067;0.018733;0.0186674;0.0186291;0.0186513;0.0187776;0.0189749;0.019214;0.0194647;0.0197328;0.0199893;0.0202217;0.0204243;0.020601;0.0207445;0.0208558;0.0209389;0.0210033;0.0210638;0.0211265;0.0211851;0.0211547;0.0210915;0.0210327;0.0209555;0.0208868;0.0208272;0.0208172;0.0209115;0.0210568;0.0212522;0.0214847;0.0217178;0.0219187;0.0221187;0.0223138;0.0225115;0.0227067;0.022889;0.0230511;0.0231866;0.0232915;0.0233883;0.0234812;0.0235707;0.0236604;0.0237273;0.0237826;0.0238397;0.0238886;0.0239383;0.0239872;0.0240497;0.0241487;         ;         ;         ;         ;         ;         ;         ;         ;         ;         ;         ;         ;         ;         ;         
;95% LL;0.0144789;0.0145893;0.0147816;0.0149673;0.015132;0.0152611;0.0153754;0.0154837;0.0155503;0.0156134;0.0156917;0.0157925;0.0158538;0.0159018;0.0159377;0.0159442;0.0159134;0.0158682;0.0158054;0.0157507;0.0157218;0.0157476;0.0158658;0.0160455;0.0162591;0.0164784;0.0167097;0.0169247;0.0171154;0.0172776;0.0174166;0.0175257;0.0176061;0.0176618;0.0177017;0.0177395;0.0177734;0.0178046;0.017754;0.0176739;0.0176002;0.0175113;0.0174329;0.0173647;0.0173447;0.0174232;0.017548;0.0177175;0.0179195;0.0181197;0.0182878;0.0184534;0.0186143;0.0187779;0.0189391;0.019088;0.019218;0.0193229;0.0193994;0.0194688;0.0195352;0.0195985;0.0196633;0.0197103;0.0197486;0.0197891;0.0198232;0.0198583;0.019893;0.0199393;0.0200165;         ;         ;         ;         ;         ;         ;         ;         ;         ;         ;         ;         ;         ;         ;         
;95% UL;0.0211123;0.021206;0.0213608;0.021519;0.0216643;0.0217784;0.0218867;0.0219812;0.0220424;0.022101;0.0221783;0.0222833;0.0223382;0.0223878;0.0224231;0.0224254;0.0223845;0.0223286;0.0222538;0.0221869;0.0221472;0.0221727;0.0223129;0.0225321;0.0227999;0.0230844;0.0233912;0.0236916;0.0239672;0.0242122;0.0244283;0.0246088;0.0247542;0.0248682;0.0249607;0.0250482;0.0251466;0.0252393;0.025235;0.0251945;0.0251559;0.0250953;0.0250408;0.0249936;0.0249971;0.0251104;0.0252798;0.0255053;0.025773;0.0260445;0.0262843;0.026525;0.0267608;0.0269988;0.0272339;0.0274553;0.0276553;0.0278271;0.0279665;0.0280965;0.0282221;0.0283438;0.0284655;0.0285588;0.0286371;0.0287165;0.0287853;0.0288546;0.0289224;0.0290059;0.0291324;         ;         ;         ;         ;         ;         ;         ;         ;         ;         ;         ;         ;         ;         ;         
Annual rate of ART resumption in men interrupting ART;Mean;0.4;0.4;0.4;0.4;0.4;0.4;0.4;0.4;0.4;0.4;0.4;0.4;0.4;0.4;0.4;0.446912;0.44474;0.443082;0.441774;0.543515;0.584954;0.621865;0.655099;0.685197;0.716082;0.741695;0.894039;0.730812;0.701867;0.666934;0.652006;0.650282;0.638681;0.625163;0.635468;0.670595;0.694727;0.719876;0.744101;0.768855;0.793203;0.817538;0.841861;0.841861;0.841861;0.841861;0.841861;0.841861;0.841861;0.841861;0.841861;0.841861;0.841861;0.841861;0.841861;0.841861;0.841861;0.841861;0.841861;0.841861;0.841861;0.841861;0.841861;0.841861;0.841861;0.841861;0.841861;0.841861;0.841861;0.841861;0.841861;         ;         ;         ;         ;         ;         ;         ;         ;         ;         ;         ;         ;         ;         ;         
;95% LL;0.4;0.4;0.4;0.4;0.4;0.4;0.4;0.4;0.4;0.4;0.4;0.4;0.4;0.4;0.4;0.439966;0.438838;0.438095;0.43745;0.529741;0.567624;0.602139;0.633459;0.661157;0.689658;0.712163;0.858946;0.705634;0.674649;0.643091;0.630823;0.630464;0.617848;0.603254;0.610117;0.646109;0.673765;0.702384;0.730115;0.758358;0.786209;0.814043;0.841861;0.841861;0.841861;0.841861;0.841861;0.841861;0.841861;0.841861;0.841861;0.841861;0.841861;0.841861;0.841861;0.841861;0.841861;0.841861;0.841861;0.841861;0.841861;0.841861;0.841861;0.841861;0.841861;0.841861;0.841861;0.841861;0.841861;0.841861;0.841861;         ;         ;         ;         ;         ;         ;         ;         ;         ;         ;         ;         ;         ;         ;         
;95% UL;0.4;0.4;0.4;0.4;0.4;0.4;0.4;0.4;0.4;0.4;0.4;0.4;0.4;0.4;0.4;0.45627;0.452972;0.45019;0.448054;0.563188;0.608744;0.648794;0.684071;0.716319;0.748529;0.77404;0.940967;0.765904;0.739174;0.700511;0.68436;0.682426;0.671809;0.658566;0.672824;0.706317;0.725311;0.745399;0.764515;0.784183;0.803416;0.822643;0.841861;0.841861;0.841861;0.841861;0.841861;0.841861;0.841861;0.841861;0.841861;0.841861;0.841861;0.841861;0.841861;0.841861;0.841861;0.841861;0.841861;0.841861;0.841861;0.841861;0.841861;0.841861;0.841861;0.841861;0.841861;0.841861;0.841861;0.841861;0.841861;         ;         ;         ;         ;         ;         ;         ;         ;         ;         ;         ;         ;         ;         ;         
Annual rate of ART resumption in women interrupting ART;Mean;0.5;0.5;0.5;0.5;0.5;0.5;0.5;0.5;0.5;0.5;0.5;0.5;0.5;0.5;0.5;0.579986;0.576805;0.573934;0.571722;0.735329;0.805667;0.870901;0.932922;0.993368;1.051;1.10665;1.32058;1.07782;1.06484;0.992627;0.953076;0.937525;0.912827;0.892258;0.915078;0.996117;1.05017;1.10394;1.15767;1.21141;1.265;1.31856;1.37209;1.37209;1.37208;1.37208;1.37208;1.37207;1.37207;1.37207;1.37207;1.37207;1.37206;1.37206;1.37206;1.37206;1.37206;1.37206;1.37206;1.37205;1.37205;1.37205;1.37205;1.37205;1.37205;1.37205;1.37205;1.37205;1.37205;1.37205;1.37205;         ;         ;         ;         ;         ;         ;         ;         ;         ;         ;         ;         ;         ;         ;         
;95% LL;0.5;0.5;0.5;0.5;0.5;0.5;0.5;0.5;0.5;0.5;0.5;0.5;0.5;0.5;0.5;0.567233;0.565414;0.564001;0.563148;0.710164;0.773847;0.832236;0.886853;0.938831;0.988579;1.03869;1.24662;1.006;0.98198;0.93115;0.903881;0.896317;0.867774;0.841398;0.852275;0.933001;0.996081;1.05889;1.12165;1.18441;1.24701;1.30957;1.37208;1.37208;1.37208;1.37207;1.37207;1.37207;1.37207;1.37206;1.37206;1.37206;1.37206;1.37206;1.37205;1.37205;1.37205;1.37205;1.37205;1.37205;1.37205;1.37205;1.37205;1.37204;1.37204;1.37204;1.37204;1.37204;1.37204;1.37204;1.37204;         ;         ;         ;         ;         ;         ;         ;         ;         ;         ;         ;         ;         ;         ;         
;95% UL;0.5;0.5;0.5;0.5;0.5;0.5;0.5;0.5;0.5;0.5;0.5;0.5;0.5;0.5;0.5;0.592078;0.587459;0.58298;0.579231;0.756449;0.831375;0.900111;0.967875;1.03607;1.10193;1.16421;1.37958;1.13078;1.12948;1.04414;0.997227;0.980686;0.963087;0.950032;0.987544;1.07021;1.11368;1.15683;1.19996;1.24312;1.28613;1.32912;1.3721;1.37209;1.37209;1.37209;1.37209;1.37208;1.37208;1.37208;1.37208;1.37207;1.37207;1.37207;1.37207;1.37207;1.37207;1.37207;1.37206;1.37206;1.37206;1.37206;1.37206;1.37206;1.37206;1.37206;1.37206;1.37206;1.37206;1.37206;1.37206;         ;         ;         ;         ;         ;         ;         ;         ;         ;         ;         ;         ;         ;         ;         
Relative rate of testing in virgins;Mean;         ;         ;         ;         ;         ;         ;         ;         ;         ;         ;         ;         ;         ;         ;         ;         ;         ;         ;         ;         ;         ;         ;         ;         ;         ;         ;         ;         ;         ;         ;0.088224;0.143502;0.158246;0.149059;0.136315;0.158929;0.14411;0.201259;         ;         ;         ;         ;         ;         ;         ;         ;         ;         ;         ;         ;         ;         ;         ;         ;         ;         ;         ;         ;         ;         ;         ;         ;         ;         ;         ;         ;         ;         ;         ;         ;         ;         ;         ;         ;         ;         ;         ;         ;         ;         ;         ;         ;         ;         ;         ;         
;95% LL;         ;         ;         ;         ;         ;         ;         ;         ;         ;         ;         ;         ;         ;         ;         ;         ;         ;         ;         ;         ;         ;         ;         ;         ;         ;         ;         ;         ;         ;         ;0.0880507;0.143244;0.157988;0.148817;0.136095;0.158627;0.143825;0.20076;         ;         ;         ;         ;         ;         ;         ;         ;         ;         ;         ;         ;         ;         ;         ;         ;         ;         ;         ;         ;         ;         ;         ;         ;         ;         ;         ;         ;         ;         ;         ;         ;         ;         ;         ;         ;         ;         ;         ;         ;         ;         ;         ;         ;         ;         ;         ;         
;95% UL;         ;         ;         ;         ;         ;         ;         ;         ;         ;         ;         ;         ;         ;         ;         ;         ;         ;         ;         ;         ;         ;         ;         ;         ;         ;         ;         ;         ;         ;         ;0.0883704;0.143772;0.158552;0.149357;0.136597;0.159231;0.144407;0.201682;         ;         ;         ;         ;         ;         ;         ;         ;         ;         ;         ;         ;         ;         ;         ;         ;         ;         ;         ;         ;         ;         ;         ;         ;         ;         ;         ;         ;         ;         ;         ;         ;         ;         ;         ;         ;         ;         ;         ;         ;         ;         ;         ;         ;         ;         ;         ;         
Monthly rate of PrEP initiation in FSWs;Mean;         ;         ;         ;         ;         ;         ;         ;         ;         ;         ;         ;         ;         ;         ;         ;         ;         ;         ;         ;         ;         ;         ;         ;         ;         ;         ;         ;         ;         ;         ;         ;0.0200422;0.0263844;0.030286;0.0311957;0.0314261;0.031637;0.0383618;0.0376894;0.0370171;0.0363447;0.0356724;0.035;0.035;0.035;0.035;0.035;0.035;0.035;0.035;0.035;0.035;0.035;0.035;0.035;0.035;0.035;0.035;0.035;0.035;0.035;0.035;0.035;0.035;0.035;0.035;0.035;0.035;0.035;0.035;0.035;         ;         ;         ;         ;         ;         ;         ;         ;         ;         ;         ;         ;         ;         ;         
;95% LL;         ;         ;         ;         ;         ;         ;         ;         ;         ;         ;         ;         ;         ;         ;         ;         ;         ;         ;         ;         ;         ;         ;         ;         ;         ;         ;         ;         ;         ;         ;         ;0.0142307;0.0208837;0.0253924;0.0271428;0.0298681;0.030391;0.0368657;0.0364926;0.0361194;0.0357463;0.0353731;0.035;0.035;0.035;0.035;0.035;0.035;0.035;0.035;0.035;0.035;0.035;0.035;0.035;0.035;0.035;0.035;0.035;0.035;0.035;0.035;0.035;0.035;0.035;0.035;0.035;0.035;0.035;0.035;0.035;         ;         ;         ;         ;         ;         ;         ;         ;         ;         ;         ;         ;         ;         ;         
;95% UL;         ;         ;         ;         ;         ;         ;         ;         ;         ;         ;         ;         ;         ;         ;         ;         ;         ;         ;         ;         ;         ;         ;         ;         ;         ;         ;         ;         ;         ;         ;         ;0.0254589;0.0306605;0.0336743;0.0338415;0.032652;0.0326839;0.0396007;0.0386806;0.0377604;0.0368403;0.0359201;0.035;0.035;0.035;0.035;0.035;0.035;0.035;0.035;0.035;0.035;0.035;0.035;0.035;0.035;0.035;0.035;0.035;0.035;0.035;0.035;0.035;0.035;0.035;0.035;0.035;0.035;0.035;0.035;0.035;         ;         ;         ;         ;         ;         ;         ;         ;         ;         ;         ;         ;         ;         ;         
New diagnoses in pregnant women;Mean;         ;         ;         ;         ;         ;         ;         ;         ;         ;         ;         ;         ;         ;         ;1487.29;5063.44;13660.2;29043.4;59668.4;83106.2;104068;127835;135458;126420;105794;82093.8;64779.2;54989.3;50051.5;46701.8;41585.6;36310.1;32072.4;29125.7;25604.7;23713.3;22607.9;20716.3;19008.3;17486.3;16263;15306.3;14471;13710.3;13017.7;12365.4;11745.1;11152.4;10577.7;10016.9;9463.6;8915.64;8380.15;7866.43;7378.51;6916.82;6480.9;6070.76;5686.39;5327.77;4994.38;4685.18;4398.94;4134.28;3889.91;3664.55;3456.71;3264.93;3087.92;2924.38;2773.04;         ;         ;         ;         ;         ;         ;         ;         ;         ;         ;         ;         ;         ;         ;         
;95% LL;         ;         ;         ;         ;         ;         ;         ;         ;         ;         ;         ;         ;         ;         ;1395.95;4814.86;13072.3;27899.8;57534.5;80261.4;100669;123681;130812;121938;101939;78981;62163.9;52670.7;47794.6;44491.4;39518.5;34390.9;30247.9;27346.4;23929.8;22061.2;20948.8;19142.2;17525;16090.6;14939.3;14037.3;13248.7;12529.8;11872.8;11252.4;10662.7;10100.5;9557.95;9031.79;8516.92;8011.46;7521.56;7054.99;6614.81;6200.9;5804.39;5426.6;5074.11;4746.39;4442.52;4161.38;3905.22;3660.48;3445.78;3247.67;3059.49;2881.97;2719.88;2570.57;2430.27;         ;         ;         ;         ;         ;         ;         ;         ;         ;         ;         ;         ;         ;         ;         
;95% UL;         ;         ;         ;         ;         ;         ;         ;         ;         ;         ;         ;         ;         ;         ;1566.17;5312.67;14302.5;30363.5;62272.3;86577.8;108187;132998;141159;131995;110733;86141.1;68232.1;58132.4;53140.7;49624.2;44457.3;39089.1;34593.9;31512.7;27859.9;25952.2;24841.1;22803.1;20943.1;19279.5;17984.8;16938.7;16075.6;15296.8;14582.1;13895.5;13244.4;12637.4;12048;11465.5;10872.5;10277.4;9688.12;9108.04;8553.73;8028.35;7538.2;7074.5;6637.89;6228.95;5847.59;5493.1;5164.35;4860.06;4578.94;4318.2;4077.75;3856.01;3651.46;3462.56;3287.78;         ;         ;         ;         ;         ;         ;         ;         ;         ;         ;         ;         ;         ;         ;         
New diagnoses in 1-year olds;Mean;         ;         ;         ;         ;         ;         ;31.8119;118.016;293.047;573.586;952.244;1396.23;1959.29;2517.72;3017.05;3545.25;3985.97;4289.6;4368.01;4405.66;5138.39;4456.38;4056.81;10737;11672.9;7560.84;5492.35;4439.94;3806.02;3551.99;3398.83;2883;2462.28;2244.17;2143.65;1935.5;1728.84;1620.2;1468.65;1370.78;1295.63;1231.26;1171.88;1114.29;1061.14;1012.42;965.423;919.781;875.391;831.932;788.904;746.086;703.908;663.091;623.899;586.382;550.505;516.307;483.845;453.174;424.306;397.245;371.978;348.467;326.659;306.491;287.888;270.754;254.97;240.426;227.024;         ;         ;         ;         ;         ;         ;         ;         ;         ;         ;         ;         ;         ;         ;         
;95% LL;         ;         ;         ;         ;         ;         ;23.1857;91.5057;231.858;473.377;810.998;1219.69;1762.48;2311.12;2804.72;3337.38;3774.48;4088.46;4192.9;4251.05;4975.91;4324.2;3942.73;10454.5;11357.9;7347.66;5321.15;4293.27;3669.19;3414.13;3257.56;2749.85;2336.91;2118.45;2012.16;1806.06;1604.52;1499.75;1358.26;1267.29;1197.67;1143.04;1090.71;1034.98;982.668;934.014;886.953;842.739;800.341;759.061;718.486;678.438;639.292;601.658;565.737;531.539;499.004;468.133;438.946;411.464;385.671;360.382;336.81;315.003;295.009;276.527;259.482;243.782;229.318;215.824;203.386;         ;         ;         ;         ;         ;         ;         ;         ;         ;         ;         ;         ;         ;         ;         
;95% UL;         ;         ;         ;         ;         ;         ;41.09;154.939;376.729;705.735;1124.56;1596.05;2183.11;2749.95;3242.94;3761.93;4184.39;4480;4548.14;4577.51;5326.46;4619.24;4204.87;11080.8;12058.2;7814.26;5677.2;4597.27;3961.69;3707.72;3560.17;3037.17;2602.64;2380.5;2286.73;2074.45;1860.7;1746.99;1584.32;1475.43;1388.35;1323.19;1266.64;1211.4;1159.7;1111.97;1065.37;1019.59;974.552;929.892;885.03;839.705;794.463;750.233;707.4;666.086;626.315;588.193;551.841;517.369;484.831;454.259;425.666;399.029;374.305;351.437;330.349;310.937;293.07;276.62;261.474;         ;         ;         ;         ;         ;         ;         ;         ;         ;         ;         ;         ;         ;         ;         
Total FSW clients;Mean;2.64E+06;2.70E+06;2.76E+06;2.82E+06;2.89E+06;2.95E+06;3.02E+06;3.12E+06;3.24E+06;3.35E+06;3.46E+06;3.56E+06;3.63E+06;3.68E+06;3.74E+06;3.78E+06;3.83E+06;3.88E+06;3.93E+06;3.97E+06;4.00E+06;4.04E+06;4.09E+06;4.15E+06;4.21E+06;4.28E+06;4.35E+06;4.44E+06;4.53E+06;4.64E+06;4.74E+06;4.84E+06;4.95E+06;5.05E+06;5.15E+06;5.25E+06;5.35E+06;5.45E+06;5.56E+06;5.68E+06;5.81E+06;5.94E+06;6.07E+06;6.20E+06;6.34E+06;6.47E+06;6.61E+06;6.74E+06;6.88E+06;7.01E+06;7.13E+06;7.26E+06;7.37E+06;7.49E+06;7.60E+06;7.70E+06;7.80E+06;7.90E+06;7.99E+06;8.08E+06;8.16E+06;8.25E+06;8.32E+06;8.40E+06;8.47E+06;8.53E+06;8.59E+06;8.65E+06;8.71E+06;8.76E+06;8.81E+06;         ;         ;         ;         ;         ;         ;         ;         ;         ;         ;         ;         ;         ;         ;         
;95% LL;2.57E+06;2.64E+06;2.69E+06;2.75E+06;2.82E+06;2.88E+06;2.94E+06;3.05E+06;3.16E+06;3.27E+06;3.38E+06;3.48E+06;3.54E+06;3.60E+06;3.65E+06;3.69E+06;3.73E+06;3.79E+06;3.83E+06;3.87E+06;3.91E+06;3.95E+06;4.00E+06;4.05E+06;4.11E+06;4.18E+06;4.26E+06;4.34E+06;4.44E+06;4.54E+06;4.64E+06;4.75E+06;4.85E+06;4.95E+06;5.05E+06;5.15E+06;5.25E+06;5.34E+06;5.45E+06;5.57E+06;5.69E+06;5.82E+06;5.95E+06;6.08E+06;6.21E+06;6.34E+06;6.48E+06;6.61E+06;6.74E+06;6.87E+06;6.99E+06;7.11E+06;7.22E+06;7.33E+06;7.44E+06;7.54E+06;7.63E+06;7.73E+06;7.81E+06;7.90E+06;7.98E+06;8.06E+06;8.13E+06;8.19E+06;8.26E+06;8.32E+06;8.38E+06;8.44E+06;8.49E+06;8.54E+06;8.58E+06;         ;         ;         ;         ;         ;         ;         ;         ;         ;         ;         ;         ;         ;         ;         
;95% UL;2.71E+06;2.77E+06;2.83E+06;2.89E+06;2.96E+06;3.02E+06;3.09E+06;3.20E+06;3.32E+06;3.43E+06;3.54E+06;3.65E+06;3.71E+06;3.77E+06;3.83E+06;3.88E+06;3.93E+06;3.98E+06;4.03E+06;4.07E+06;4.10E+06;4.14E+06;4.19E+06;4.25E+06;4.31E+06;4.39E+06;4.47E+06;4.55E+06;4.65E+06;4.76E+06;4.87E+06;4.97E+06;5.08E+06;5.18E+06;5.29E+06;5.39E+06;5.48E+06;5.58E+06;5.69E+06;5.81E+06;5.94E+06;6.07E+06;6.20E+06;6.34E+06;6.47E+06;6.61E+06;6.75E+06;6.88E+06;7.02E+06;7.15E+06;7.28E+06;7.41E+06;7.53E+06;7.64E+06;7.76E+06;7.86E+06;7.97E+06;8.07E+06;8.16E+06;8.26E+06;8.35E+06;8.43E+06;8.52E+06;8.59E+06;8.67E+06;8.74E+06;8.81E+06;8.87E+06;8.94E+06;8.99E+06;9.05E+06;         ;         ;         ;         ;         ;         ;         ;         ;         ;         ;         ;         ;         ;         ;         
Total HIV-positive clients of FSWs;Mean;832.975;1313.43;2765.47;6450.42;15490.3;36542.1;80248.8;157829;267873;401595;550024;705493;851539;987394;1.11E+06;1.21E+06;1.30E+06;1.37E+06;1.43E+06;1.47E+06;1.50E+06;1.52E+06;1.55E+06;1.57E+06;1.60E+06;1.63E+06;1.67E+06;1.71E+06;1.75E+06;1.80E+06;1.84E+06;1.88E+06;1.92E+06;1.95E+06;1.97E+06;1.99E+06;2.01E+06;2.02E+06;2.03E+06;2.03E+06;2.04E+06;2.04E+06;2.04E+06;2.03E+06;2.03E+06;2.02E+06;2.00E+06;1.99E+06;1.97E+06;1.95E+06;1.92E+06;1.89E+06;1.86E+06;1.83E+06;1.79E+06;1.75E+06;1.71E+06;1.67E+06;1.62E+06;1.57E+06;1.52E+06;1.47E+06;1.42E+06;1.37E+06;1.31E+06;1.26E+06;1.21E+06;1.15E+06;1.10E+06;1.05E+06;1.00E+06;         ;         ;         ;         ;         ;         ;         ;         ;         ;         ;         ;         ;         ;         ;         
;95% LL;296.74;498.577;1259.33;3505.98;9992.3;25854.2;53905.9;106635;189800;303079;429665;574952;717593;852698;972116;1.09E+06;1.18E+06;1.26E+06;1.33E+06;1.38E+06;1.42E+06;1.45E+06;1.48E+06;1.51E+06;1.55E+06;1.58E+06;1.62E+06;1.65E+06;1.70E+06;1.74E+06;1.79E+06;1.83E+06;1.86E+06;1.89E+06;1.91E+06;1.93E+06;1.94E+06;1.95E+06;1.96E+06;1.96E+06;1.97E+06;1.97E+06;1.97E+06;1.96E+06;1.96E+06;1.95E+06;1.93E+06;1.92E+06;1.89E+06;1.87E+06;1.84E+06;1.81E+06;1.78E+06;1.75E+06;1.71E+06;1.67E+06;1.63E+06;1.58E+06;1.53E+06;1.48E+06;1.43E+06;1.38E+06;1.33E+06;1.28E+06;1.23E+06;1.17E+06;1.12E+06;1.07E+06;1.02E+06;972811;925793;         ;         ;         ;         ;         ;         ;         ;         ;         ;         ;         ;         ;         ;         ;         
;95% UL;1151.62;1789.77;3734.64;8886.56;21433.7;50896.3;112787;219688;353214;502535;656861;815149;960549;1.10E+06;1.22E+06;1.32E+06;1.40E+06;1.46E+06;1.51E+06;1.55E+06;1.57E+06;1.58E+06;1.61E+06;1.63E+06;1.65E+06;1.68E+06;1.72E+06;1.76E+06;1.80E+06;1.85E+06;1.90E+06;1.94E+06;1.97E+06;2.01E+06;2.03E+06;2.05E+06;2.07E+06;2.08E+06;2.09E+06;2.10E+06;2.11E+06;2.11E+06;2.11E+06;2.10E+06;2.10E+06;2.09E+06;2.07E+06;2.06E+06;2.04E+06;2.01E+06;1.99E+06;1.96E+06;1.93E+06;1.90E+06;1.86E+06;1.83E+06;1.79E+06;1.74E+06;1.70E+06;1.65E+06;1.60E+06;1.55E+06;1.50E+06;1.45E+06;1.39E+06;1.34E+06;1.28E+06;1.23E+06;1.17E+06;1.12E+06;1.07E+06;         ;         ;         ;         ;         ;         ;         ;         ;         ;         ;         ;         ;         ;         ;         
;;         ;         ;         ;         ;         ;         ;         ;         ;         ;         ;         ;         ;         ;         ;         ;         ;0.0884793;0.0855139;0.0826768;0.0800241;0.0784217;0.0773433;0.0768282;0.0767383;0.0769585;0.0782722;0.0808507;0.0869647;0.0894707;0.0906918;0.0910559;0.0926483;0.092687;0.092646;0.0931284;0.0951662;0.0987428;0.102117;0.105865;0.109639;0.113566;0.117455;0.121219;0.124818;0.126554;0.127985;0.129197;0.130262;0.131215;0.132083;0.132889;0.133651;0.134382;0.135093;0.135794;0.136488;0.13718;0.13787;0.138562;0.139257;0.139956;0.140659;0.141369;0.142086;0.142809;0.14354;0.14428;0.145028;0.145785;0.146551;0.147325;         ;         ;         ;         ;         ;         ;         ;         ;         ;         ;         ;         ;         ;         ;         
;;         ;         ;         ;         ;         ;         ;         ;         ;         ;         ;         ;         ;         ;         ;         ;         ;0.0865408;0.0836779;0.0809457;0.0784075;0.0769159;0.0759429;0.0755015;0.0755101;0.0757402;0.0770357;0.0795968;0.0854713;0.0878123;0.0888897;0.0893547;0.0909594;0.0911822;0.0910404;0.091295;0.0928845;0.0962624;0.0997427;0.103697;0.107753;0.111967;0.116103;0.120133;0.123979;0.125775;0.127252;0.128466;0.129528;0.130474;0.131334;0.132132;0.132874;0.133582;0.134273;0.134954;0.135629;0.136301;0.136972;0.137645;0.138319;0.138997;0.13968;0.140369;0.141064;0.141766;0.142475;0.143192;0.143918;0.144652;0.145395;0.146146;         ;         ;         ;         ;         ;         ;         ;         ;         ;         ;         ;         ;         ;         ;         
;;         ;         ;         ;         ;         ;         ;         ;         ;         ;         ;         ;         ;         ;         ;         ;         ;0.0908686;0.0877406;0.0847308;0.0819518;0.080255;0.0790641;0.0784742;0.0782709;0.0784376;0.0797021;0.0822946;0.0884973;0.0909849;0.0921526;0.0926839;0.0943011;0.0944029;0.0945069;0.095198;0.0975931;0.101298;0.104584;0.108158;0.111709;0.11538;0.119018;0.122475;0.125834;0.127486;0.12895;0.130175;0.131253;0.132234;0.133116;0.133934;0.134707;0.135447;0.136167;0.136876;0.137578;0.138276;0.138974;0.139673;0.140374;0.141081;0.141801;0.142527;0.143261;0.144013;0.144773;0.145543;0.146323;0.147079;0.147842;0.148631;         ;         ;         ;         ;         ;         ;         ;         ;         ;         ;         ;         ;         ;         ;         
;;0.0938712;0.0828583;0.0801289;0.080042;0.0802653;0.0801526;0.0794036;0.0778108;0.0752839;0.0721683;0.0688569;0.0655845;0.0624282;0.05944;0.05665;0.0540809;0.0518212;0.0497395;0.04787;0.0462324;0.0451924;0.044525;0.0442968;0.0443762;0.0446674;0.0456064;0.0473197;0.0509928;0.0526267;0.0535257;0.0540287;0.0553249;0.0564676;0.0572411;0.0579841;0.0597539;0.0624038;0.0649873;0.0680078;0.0710265;0.0742091;0.0773334;0.0803404;0.0832053;0.0846706;0.0858502;0.0868322;0.0876734;0.0884144;0.0890833;0.0897008;0.0902805;0.0908322;0.0913627;0.0918766;0.0923765;0.0928637;0.0933392;0.0938037;0.0942574;0.0947008;0.0951346;0.0955595;0.0959759;0.0963841;0.0967846;0.0971776;0.0975633;0.0979419;0.0983132;0.0986771;         ;         ;         ;         ;         ;         ;         ;         ;         ;         ;         ;         ;         ;         ;         
;;0.0938712;0.0825155;0.0790283;0.0785047;0.0785839;0.078542;0.0780575;0.076789;0.0741136;0.0706158;0.0670291;0.0636445;0.0605116;0.0576351;0.0550317;0.0526629;0.0505163;0.0485964;0.0468253;0.0452946;0.0443401;0.0437418;0.0435803;0.0437231;0.0440363;0.0449491;0.0466524;0.0501611;0.0517173;0.0525958;0.0529617;0.0541236;0.0552089;0.0558938;0.0564756;0.0579463;0.0604569;0.063082;0.0662395;0.0694571;0.0728819;0.0762742;0.0795584;0.0826833;0.0842541;0.0854862;0.0865104;0.0873732;0.0881267;0.0888134;0.0894311;0.0900089;0.0905585;0.0910869;0.0915997;0.0921006;0.0925855;0.0930559;0.093516;0.0939674;0.0944086;0.0948405;0.0952584;0.095672;0.096077;0.0964747;0.0968558;0.0972323;0.0976037;0.0979711;0.0983277;         ;         ;         ;         ;         ;         ;         ;         ;         ;         ;         ;         ;         ;         ;         
;;0.0938712;0.0834031;0.0818945;0.0824678;0.082835;0.0825792;0.0818104;0.0798338;0.0768091;0.0734857;0.0704467;0.0674737;0.0642871;0.0612401;0.0584489;0.0557238;0.0533342;0.0512489;0.0492402;0.0474283;0.0463304;0.0455972;0.0452915;0.0453229;0.0455643;0.0464608;0.0481682;0.0518743;0.053725;0.0547726;0.0553984;0.056946;0.0582996;0.0593527;0.0604211;0.0625624;0.0653128;0.0677547;0.0705295;0.0732316;0.0760601;0.0788092;0.0814365;0.0839276;0.0852549;0.0863577;0.0872974;0.0881072;0.088837;0.0895006;0.0901138;0.0906865;0.0912322;0.0917574;0.0922717;0.09278;0.0932752;0.0937513;0.094212;0.0946622;0.095102;0.095532;0.095953;0.096365;0.0967684;0.0971634;0.0975613;0.0979591;0.0983532;0.0987407;0.0991212;         ;         ;         ;         ;         ;         ;         ;         ;         ;         ;         ;         ;         ;         ;         
;;0.189705;0.167928;0.160936;0.161355;0.163214;0.164196;0.163681;0.161469;0.15765;0.15272;0.147238;0.141557;0.135868;0.130248;0.124792;0.119559;0.114827;0.11024;0.105906;0.101895;0.099393;0.0976906;0.0968541;0.0966736;0.0968922;0.0984721;0.10157;0.110412;0.114065;0.115995;0.116747;0.118998;0.118969;0.118743;0.119194;0.121612;0.126726;0.131501;0.136364;0.141211;0.146029;0.150704;0.155156;0.159385;0.161027;0.16234;0.163444;0.164413;0.165284;0.166087;0.166839;0.167553;0.168239;0.168905;0.169557;0.170199;0.170833;0.171463;0.172091;0.17272;0.173351;0.173988;0.174631;0.175284;0.175946;0.176619;0.177305;0.178005;0.17872;0.179451;0.180198;         ;         ;         ;         ;         ;         ;         ;         ;         ;         ;         ;         ;         ;         ;         
;;0.189705;0.167651;0.159551;0.15877;0.16007;0.161073;0.160834;0.159323;0.155941;0.150521;0.144751;0.138752;0.132891;0.127254;0.121881;0.116793;0.112217;0.107813;0.103672;0.0998511;0.0974411;0.0957949;0.0949758;0.0948203;0.0950148;0.0964766;0.0993756;0.10781;0.111185;0.112734;0.113227;0.115422;0.115633;0.115346;0.115477;0.117074;0.12192;0.127017;0.13243;0.137883;0.143313;0.148576;0.153752;0.158447;0.160243;0.161602;0.162717;0.163703;0.164577;0.165389;0.166151;0.166864;0.167547;0.168216;0.168871;0.169512;0.170129;0.170754;0.171376;0.172004;0.172633;0.173267;0.173908;0.174558;0.175215;0.175881;0.17656;0.177251;0.177948;0.178662;0.179394;         ;         ;         ;         ;         ;         ;         ;         ;         ;         ;         ;         ;         ;         ;         
;;0.189705;0.168494;0.163673;0.166176;0.168657;0.169258;0.168453;0.165344;0.160738;0.155224;0.149626;0.144147;0.138624;0.13302;0.127356;0.122047;0.11716;0.112425;0.108005;0.103797;0.101165;0.0993583;0.0984409;0.0981952;0.0983535;0.0998843;0.103032;0.112212;0.116176;0.11839;0.119264;0.121767;0.121664;0.121797;0.123086;0.12676;0.132327;0.13673;0.140959;0.145041;0.149054;0.152932;0.156738;0.160358;0.161852;0.16308;0.164135;0.165091;0.165962;0.166754;0.167519;0.168241;0.168946;0.169631;0.170301;0.170953;0.171602;0.17225;0.172898;0.173547;0.174198;0.174852;0.175513;0.176181;0.176858;0.177545;0.178244;0.178956;0.179683;0.180424;0.181182;         ;         ;         ;         ;         ;         ;         ;         ;         ;         ;         ;         ;         ;         ;         
;;         ;         ;         ;         ;         ;         ;         ;         ;         ;         ;         ;         ;         ;         ;         ;         ;0.0946089;0.0922397;0.0896751;0.08703;0.0859577;0.0850026;0.0837033;0.0823812;0.0820275;0.0841531;0.090044;0.0910513;0.0917328;0.0915711;0.0929449;0.0970993;0.1001;0.103896;0.108713;0.11398;0.113832;0.113452;0.1126;0.112666;0.113234;0.114761;0.117015;0.119603;0.12122;0.122879;0.12416;0.125536;0.126684;0.127487;0.127966;0.12823;0.128338;0.128363;0.128366;0.128376;0.128408;0.12848;0.128609;0.128769;0.128951;0.129144;0.12934;0.12953;0.129708;0.129867;0.130005;0.130117;0.1302;0.130249;0.130263;         ;         ;         ;         ;         ;         ;         ;         ;         ;         ;         ;         ;         ;         ;         
;;         ;         ;         ;         ;         ;         ;         ;         ;         ;         ;         ;         ;         ;         ;         ;         ;0.0937032;0.0912449;0.088629;0.0859821;0.084891;0.0839873;0.0827905;0.0815879;0.0813164;0.083441;0.0892176;0.0902751;0.0911466;0.0911;0.0925291;0.0966735;0.0996025;0.103186;0.107758;0.112729;0.11271;0.112434;0.111668;0.111807;0.112435;0.114017;0.116354;0.119034;0.120754;0.122541;0.123892;0.125279;0.126391;0.12715;0.127581;0.12783;0.127925;0.127937;0.12793;0.127928;0.127935;0.128002;0.128119;0.128274;0.128459;0.128662;0.128878;0.129091;0.129279;0.129436;0.12958;0.129704;0.129794;0.129849;0.129864;         ;         ;         ;         ;         ;         ;         ;         ;         ;         ;         ;         ;         ;         ;         
;;         ;         ;         ;         ;         ;         ;         ;         ;         ;         ;         ;         ;         ;         ;         ;         ;0.0954797;0.0932031;0.090705;0.088072;0.0870083;0.0860419;0.0846576;0.0832349;0.0828335;0.0850087;0.090903;0.0918003;0.0922824;0.0920055;0.0932965;0.0974212;0.100482;0.104429;0.109531;0.115098;0.11484;0.114367;0.113438;0.113459;0.113985;0.115472;0.117681;0.120202;0.121701;0.12324;0.12441;0.125776;0.126961;0.127809;0.128297;0.128561;0.128661;0.128673;0.128709;0.12874;0.128766;0.12884;0.128976;0.129151;0.129339;0.129533;0.129736;0.12993;0.130113;0.130282;0.130431;0.130554;0.130633;0.130691;0.130711;         ;         ;         ;         ;         ;         ;         ;         ;         ;         ;         ;         ;         ;         ;         
;;         ;         ;         ;         ;         ;         ;         ;         ;         ;         ;         ;         ;         ;         ;         ;         ;0.09015;0.0888176;0.0877492;0.0871158;0.095918;0.110814;0.132624;0.160152;0.187875;0.218777;0.260726;0.332068;0.381599;0.425498;0.456695;0.49599;0.550605;0.582433;0.607861;0.636905;0.666018;0.691749;0.715676;0.735055;0.750424;0.763434;0.774498;0.784105;0.789273;0.793411;0.796922;0.800014;0.80282;0.805416;0.807854;0.810167;0.812371;0.81447;0.816465;0.818358;0.820152;0.82185;0.823456;0.824973;0.826407;0.827764;0.82905;0.830272;0.831435;0.832544;0.833602;0.834614;0.835583;0.836511;0.837401;         ;         ;         ;         ;         ;         ;         ;         ;         ;         ;         ;         ;         ;         ;         
;;         ;         ;         ;         ;         ;         ;         ;         ;         ;         ;         ;         ;         ;         ;         ;         ;0.0881459;0.0868588;0.0858578;0.085368;0.0940115;0.108519;0.129839;0.156808;0.183965;0.214109;0.255129;0.325361;0.374099;0.417037;0.448198;0.486469;0.539827;0.570485;0.594485;0.622009;0.651871;0.679688;0.705879;0.727349;0.74452;0.759137;0.771519;0.782271;0.787777;0.792145;0.795808;0.798966;0.801796;0.804394;0.806843;0.809161;0.81135;0.813439;0.815445;0.817326;0.819123;0.820824;0.82243;0.823952;0.825375;0.82672;0.827994;0.829214;0.830377;0.831459;0.832487;0.833473;0.834421;0.835326;0.836192;         ;         ;         ;         ;         ;         ;         ;         ;         ;         ;         ;         ;         ;         ;         
;;         ;         ;         ;         ;         ;         ;         ;         ;         ;         ;         ;         ;         ;         ;         ;         ;0.0926138;0.0911978;0.0900631;0.089259;0.0980953;0.113227;0.135507;0.163452;0.191268;0.222251;0.265394;0.337075;0.387433;0.432262;0.464535;0.504679;0.560331;0.593205;0.619819;0.650313;0.678648;0.702389;0.724182;0.741679;0.755399;0.767011;0.776948;0.78567;0.79056;0.794545;0.797987;0.801061;0.803826;0.806422;0.808852;0.811157;0.813359;0.81546;0.817452;0.819337;0.821141;0.822854;0.824468;0.825999;0.827448;0.828817;0.830121;0.831329;0.832489;0.833577;0.834643;0.835683;0.836689;0.837642;0.838543;         ;         ;         ;         ;         ;         ;         ;         ;         ;         ;         ;         ;         ;         ;         
;;         ;         ;         ;         ;         ;         ;         ;         ;         ;         ;         ;         ;         ;         ;         ;         ;0.0531584;0.0523681;0.0518676;0.051718;0.0584679;0.0699366;0.0873137;0.109861;0.132909;0.159559;0.196972;0.261671;0.309146;0.350268;0.378649;0.415491;0.468898;0.501483;0.527801;0.559405;0.589845;0.616848;0.643884;0.665702;0.683639;0.69878;0.711635;0.722673;0.728749;0.733503;0.737408;0.740743;0.743681;0.74633;0.748768;0.751046;0.753189;0.755211;0.757115;0.758906;0.760585;0.762155;0.763619;0.764982;0.766245;0.767417;0.768504;0.769514;0.770451;0.771318;0.772121;0.772862;0.773545;0.774172;0.774745;         ;         ;         ;         ;         ;         ;         ;         ;         ;         ;         ;         ;         ;         ;         
;;         ;         ;         ;         ;         ;         ;         ;         ;         ;         ;         ;         ;         ;         ;         ;         ;0.0518136;0.0510877;0.0506964;0.0505928;0.0571146;0.0682838;0.0851044;0.106969;0.129673;0.155577;0.19174;0.254374;0.300861;0.340946;0.368867;0.404709;0.456798;0.48838;0.513793;0.544254;0.575461;0.60405;0.633225;0.657265;0.677053;0.693977;0.708151;0.720356;0.726934;0.732011;0.736102;0.739507;0.742501;0.745138;0.747547;0.749816;0.751933;0.753968;0.755852;0.757638;0.759317;0.760894;0.762349;0.763694;0.764936;0.766084;0.767146;0.768128;0.769033;0.769873;0.770641;0.771343;0.771985;0.772568;0.773096;         ;         ;         ;         ;         ;         ;         ;         ;         ;         ;         ;         ;         ;         ;         
;;         ;         ;         ;         ;         ;         ;         ;         ;         ;         ;         ;         ;         ;         ;         ;         ;0.0547997;0.0540417;0.053396;0.0532007;0.0602782;0.0720195;0.089837;0.113081;0.137252;0.164823;0.203613;0.271094;0.320589;0.363689;0.393249;0.431384;0.485909;0.519053;0.545857;0.578541;0.607683;0.63228;0.656702;0.676017;0.691568;0.704474;0.715468;0.724965;0.730585;0.73512;0.738865;0.742123;0.744976;0.747564;0.74999;0.752262;0.754394;0.756382;0.7583;0.760104;0.761794;0.763382;0.76487;0.766263;0.767532;0.768704;0.769811;0.770844;0.771814;0.772716;0.773551;0.774348;0.77509;0.775779;0.776416;         ;         ;         ;         ;         ;         ;         ;         ;         ;         ;         ;         ;         ;         ;         
;;         ;         ;         ;         ;         ;         ;         ;         ;         ;         ;         ;         ;         ;         ;         ;         ;0.116644;0.113858;0.111514;0.109814;0.118814;0.134568;0.158301;0.188405;0.21825;0.250421;0.293647;0.373402;0.42581;0.472519;0.506669;0.547221;0.603671;0.635572;0.660057;0.687251;0.715629;0.740328;0.762069;0.779309;0.792379;0.803319;0.81258;0.820585;0.824502;0.827656;0.830364;0.83279;0.835027;0.837125;0.839116;0.841021;0.842843;0.844578;0.846221;0.847773;0.849234;0.850608;0.851897;0.853105;0.854237;0.8553;0.856299;0.857241;0.858132;0.858977;0.85978;0.860546;0.861277;0.861977;0.862649;         ;         ;         ;         ;         ;         ;         ;         ;         ;         ;         ;         ;         ;         ;         
;;         ;         ;         ;         ;         ;         ;         ;         ;         ;         ;         ;         ;         ;         ;         ;         ;0.113891;0.111178;0.108927;0.107401;0.116153;0.131389;0.15445;0.183828;0.213098;0.244056;0.285418;0.363566;0.414808;0.460151;0.494335;0.534262;0.589197;0.619733;0.642468;0.667933;0.697959;0.725732;0.750571;0.770573;0.785876;0.798715;0.809394;0.818549;0.822819;0.826099;0.828878;0.831355;0.833599;0.835698;0.8377;0.839635;0.841492;0.843263;0.844944;0.846535;0.848036;0.849433;0.850776;0.852036;0.853204;0.854288;0.855313;0.856273;0.857177;0.858036;0.858843;0.859621;0.860356;0.861072;0.861745;         ;         ;         ;         ;         ;         ;         ;         ;         ;         ;         ;         ;         ;         ;         
;;         ;         ;         ;         ;         ;         ;         ;         ;         ;         ;         ;         ;         ;         ;         ;         ;0.119047;0.116248;0.113759;0.111891;0.120921;0.136703;0.161019;0.191789;0.22207;0.254899;0.29923;0.380663;0.43445;0.482723;0.517765;0.559819;0.618142;0.65122;0.677062;0.706264;0.733231;0.754923;0.773623;0.788145;0.798927;0.807995;0.815704;0.82253;0.826104;0.829086;0.831718;0.834064;0.836231;0.838286;0.840259;0.842144;0.843947;0.84566;0.847289;0.848823;0.850275;0.851639;0.852893;0.854083;0.855197;0.856241;0.857222;0.858146;0.859019;0.859872;0.8607;0.861489;0.862244;0.862967;0.863661;         ;         ;         ;         ;         ;         ;         ;         ;         ;         ;         ;         ;         ;         ;         
;;         ;         ;         ;         ;         ;         ;         ;         ;         ;         ;         ;         ;         ;         ;         ;         ;0.0970747;0.0967711;0.0961245;0.0956392;0.109091;0.130449;0.154524;0.181286;0.210909;0.249992;0.303221;0.324163;0.350502;0.374159;0.37997;0.410134;0.434681;0.442012;0.455586;0.470135;0.47092;0.470412;0.468782;0.470569;0.477244;0.488187;0.497282;0.506903;0.511613;0.515472;0.518076;0.520623;0.522579;0.523836;0.524563;0.525024;0.525347;0.525655;0.526003;0.526395;0.526835;0.527337;0.527915;0.528505;0.529073;0.529597;0.530055;0.530426;0.530698;0.530862;0.530915;0.530854;0.530675;0.53038;0.529971;         ;         ;         ;         ;         ;         ;         ;         ;         ;         ;         ;         ;         ;         ;         
;;         ;         ;         ;         ;         ;         ;         ;         ;         ;         ;         ;         ;         ;         ;         ;         ;0.0960564;0.095597;0.0948569;0.0943359;0.107341;0.128262;0.151987;0.178469;0.207855;0.246795;0.300013;0.321367;0.348066;0.371656;0.377587;0.407615;0.431704;0.438451;0.451281;0.46502;0.46604;0.466009;0.464702;0.466985;0.47426;0.48558;0.495082;0.505074;0.509943;0.513753;0.516365;0.518921;0.520826;0.522002;0.522646;0.522973;0.523171;0.523373;0.523636;0.523965;0.524361;0.524957;0.525659;0.526382;0.527088;0.527619;0.528035;0.52837;0.528607;0.528793;0.528821;0.528661;0.528385;0.527994;0.527493;         ;         ;         ;         ;         ;         ;         ;         ;         ;         ;         ;         ;         ;         ;         
;;         ;         ;         ;         ;         ;         ;         ;         ;         ;         ;         ;         ;         ;         ;         ;         ;0.0980352;0.0978604;0.0972964;0.0968434;0.110638;0.132379;0.156654;0.183721;0.213491;0.252484;0.3057;0.326292;0.352311;0.376135;0.382068;0.412387;0.437387;0.445291;0.459596;0.474959;0.475557;0.474701;0.472809;0.474211;0.480416;0.490859;0.499432;0.508573;0.513319;0.517009;0.519518;0.522178;0.524282;0.525627;0.526444;0.527063;0.527443;0.527736;0.528054;0.528409;0.528807;0.529293;0.529916;0.530544;0.53114;0.531684;0.532156;0.53254;0.532823;0.533001;0.53307;0.533041;0.53291;0.53266;0.532295;         ;         ;         ;         ;         ;         ;         ;         ;         ;         ;         ;         ;         ;         ;         
;;         ;         ;         ;         ;         ;         ;         ;         ;         ;         ;         ;         ;         ;         ;         ;         ;         ;         ;         ;         ;         ;         ;         ;         ;         ;         ;         ;         ;         ;         ;         ;         ;         ;         ;         ;         ;         ;         ;         ;         ;         ;         ;         ;         ;         ;         ;         ;         ;         ;         ;         ;         ;         ;         ;         ;         ;         ;         ;         ;         ;         ;         ;         ;         ;         ;         ;         ;         ;         ;         ;         ;         ;         ;         ;         ;         ;         ;         ;         ;         ;         ;         ;         ;         ;         ;         
