;;1985;1986;1987;1988;1989;1990;1991;1992;1993;1994;1995;1996;1997;1998;1999;2000;2001;2002;2003;2004;2005;2006;2007;2008;2009;2010;2011;2012;2013;2014;2015;2016;2017;2018;2019;2020;2021;2022;2023;2024;2025;2026;2027;2028;2029;2030;2031;2032;2033;2034;2035;2036;2037;2038;2039;2040;2041;2042;2043;2044;2045;2046;2047;2048;2049;2050;2051;2052;2053;2054;2055;;;;;;;;;;;;;;;
;;;;;;;;;;;;;;;;;;;;;;;;;;;;;;;;;;;;;;;;;;;;;;;;;;;;;;;;;;;;;;;;;;;;;;;;;;;;;;;;;;;;;;;
Mortality statistics;;;;;;;;;;;;;;;;;;;;;;;;;;;;;;;;;;;;;;;;;;;;;;;;;;;;;;;;;;;;;;;;;;;;;;;;;;;;;;;;;;;;;;;
;;;;;;;;;;;;;;;;;;;;;;;;;;;;;;;;;;;;;;;;;;;;;;;;;;;;;;;;;;;;;;;;;;;;;;;;;;;;;;;;;;;;;;;
Infant mortality rate (/1000);Mean;53.60290000;52.45520000;50.93430000;49.49330000;48.14700000;47.00050000;46.28410000;45.95560000;46.08900000;46.66670000;47.60390000;48.89820000;49.80190000;51.99200000;52.01400000;52.17400000;52.47090000;54.88620000;56.23370000;55.32170000;52.84350000;49.90490000;45.43810000;41.14540000;36.27730000;32.71160000;31.01490000;30.26100000;29.58820000;28.92290000;28.29750000;27.82150000;27.43210000;27.17220000;25.08640000;24.94220000;29.02920000;29.29420000;28.52910000;27.75960000;27.01140000;26.28220000;25.57870000;24.90190000;24.25060000;23.62130000;23.01210000;22.42130000;21.84580000;21.28660000;20.74320000;20.21470000;19.70080000;19.20190000;18.71780000;18.24790000;17.79190000;17.34950000;16.92010000;16.50360000;16.09970000;15.70810000;15.32830000;14.96010000;14.60300000;14.25670000;13.92060000;13.59440000;13.27800000;12.97090000;12.67270000;         ;         ;         ;         ;         ;         ;         ;         ;         ;         ;         ;         ;         ;         ;         
;95% LL;53.59630000;52.43440000;50.89650000;49.42160000;48.01120000;46.74590000;45.83600000;45.29420000;45.21570000;45.59700000;46.32070000;47.43740000;48.26670000;50.45760000;50.54470000;50.70020000;51.04000000;53.47940000;55.00000000;54.23870000;51.91320000;49.07830000;44.75220000;40.64020000;35.97290000;32.54760000;30.91600000;30.18240000;29.52480000;28.87210000;28.26110000;27.79070000;27.40420000;27.14450000;25.05840000;24.91350000;28.99770000;29.26360000;28.50050000;27.73490000;26.99090000;26.26530000;25.56390000;24.88860000;24.23820000;23.60950000;23.00070000;22.41020000;21.83500000;21.27630000;20.73320000;20.20500000;19.69150000;19.19290000;18.70910000;18.23960000;17.78390000;17.34180000;16.91270000;16.49640000;16.09280000;15.70140000;15.32200000;14.95400000;14.59710000;14.25090000;13.91500000;13.58910000;13.27280000;12.96590000;12.66800000;         ;         ;         ;         ;         ;         ;         ;         ;         ;         ;         ;         ;         ;         ;         
;95% UL;53.60770000;52.47050000;50.96440000;49.55850000;48.29040000;47.29230000;46.79290000;46.72700000;47.04950000;47.80260000;48.88850000;50.23210000;51.18730000;53.34150000;53.37540000;53.43450000;53.62160000;56.04600000;57.37440000;56.33970000;53.79680000;50.74410000;46.13600000;41.67370000;36.60360000;32.88220000;31.11830000;30.34240000;29.65430000;28.97430000;28.33480000;27.85230000;27.46020000;27.20020000;25.11490000;24.97080000;29.05980000;29.32410000;28.55730000;27.78450000;27.03320000;26.30180000;25.59730000;24.91990000;24.26830000;23.63890000;23.02970000;22.43900000;21.86340000;21.30420000;20.76050000;20.23180000;19.71760000;19.21830000;18.73370000;18.26340000;17.80700000;17.36410000;16.93420000;16.51720000;16.11290000;15.72080000;15.34060000;14.97200000;14.61450000;14.26780000;13.93140000;13.60490000;13.28820000;12.98080000;12.68230000;         ;         ;         ;         ;         ;         ;         ;         ;         ;         ;         ;         ;         ;         ;         
Under-5 mortality rate (/1000);Mean;74.13490000;72.29440000;70.17390000;68.12390000;66.18250000;64.49930000;63.35610000;62.80490000;62.99800000;63.94180000;65.52980000;67.70840000;69.69120000;73.45120000;74.95350000;76.91540000;78.57880000;81.61100000;83.58450000;83.06820000;79.23090000;74.63030000;68.69450000;62.70260000;55.10520000;48.33910000;44.46810000;42.69160000;41.37500000;40.24490000;39.12290000;38.23410000;37.58660000;37.10600000;34.12630000;33.90150000;39.54610000;40.12720000;39.09510000;38.01690000;36.96250000;35.94010000;34.95940000;34.02430000;33.13110000;32.27040000;31.43800000;30.63110000;29.84610000;29.08400000;28.34380000;27.62460000;26.92580000;26.24760000;25.58980000;24.95160000;24.33270000;23.73240000;23.15010000;22.58550000;22.03830000;21.50780000;20.99370000;20.49530000;20.01230000;19.54400000;19.08990000;18.64950000;18.22260000;17.80850000;17.40680000;         ;         ;         ;         ;         ;         ;         ;         ;         ;         ;         ;         ;         ;         ;         
;95% LL;74.12830000;72.26990000;70.12550000;68.03020000;66.00490000;64.16340000;62.77710000;61.88500000;61.64230000;62.35310000;63.58190000;65.44550000;67.18210000;70.89920000;72.58570000;74.47670000;76.22780000;79.33930000;81.42560000;81.21520000;77.61360000;73.26970000;67.47800000;61.74560000;54.44320000;47.94790000;44.23270000;42.52420000;41.24890000;40.14090000;39.04530000;38.17150000;37.53000000;37.05010000;34.07010000;33.84430000;39.48510000;40.06800000;39.03880000;37.96840000;36.92210000;35.90610000;34.93100000;33.99920000;33.10850000;32.24850000;31.41680000;30.61020000;29.82560000;29.06390000;28.32400000;27.60530000;26.90710000;26.22940000;25.57240000;24.93500000;24.31640000;23.71660000;23.13500000;22.57100000;22.02420000;21.49440000;20.98080000;20.48300000;20.00040000;19.53260000;19.07860000;18.63870000;18.21210000;17.79850000;17.39720000;         ;         ;         ;         ;         ;         ;         ;         ;         ;         ;         ;         ;         ;         ;         
;95% UL;74.13960000;72.31220000;70.21220000;68.20720000;66.36630000;64.87980000;64.04310000;63.85740000;64.40860000;65.64400000;67.48400000;69.86770000;71.90300000;75.69330000;77.12780000;79.11470000;80.56140000;83.44500000;85.46000000;84.82390000;80.79570000;76.03880000;69.91090000;63.68930000;55.79100000;48.74710000;44.70970000;42.86390000;41.50820000;40.34880000;39.20150000;38.29720000;37.64350000;37.16250000;34.18270000;33.95850000;39.60770000;40.18790000;39.15340000;38.06570000;37.00570000;35.97680000;34.99350000;34.05750000;33.16430000;32.30380000;31.47180000;30.66520000;29.88040000;29.11840000;28.37810000;27.65850000;26.95930000;26.28060000;25.62200000;24.98310000;24.36340000;23.76220000;23.17890000;22.61340000;22.06520000;21.53390000;21.01880000;20.51960000;20.03570000;19.56670000;19.11190000;18.67080000;18.24310000;17.82840000;17.42610000;         ;         ;         ;         ;         ;         ;         ;         ;         ;         ;         ;         ;         ;         ;         
Total AIDS deaths;Mean;12.19200000;53.59020000;129.58400000;293.68500000;667.45400000;1516.92000000;3342.42000000;6894.06000000;12989.90000000;22403.50000000;35742.50000000;53264.70000000;74911.90000000;99873.50000000;128205.00000000;158726.00000000;187509.00000000;216718.00000000;244706.00000000;272001.00000000;280507.00000000;274822.00000000;257172.00000000;235913.00000000;211085.00000000;179653.00000000;147392.00000000;118363.00000000;102416.00000000;94548.80000000;91016.50000000;86798.60000000;82034.40000000;77929.70000000;74701.70000000;70908.70000000;66303.60000000;61531.60000000;57352.40000000;53909.70000000;51086.00000000;48955.20000000;47342.10000000;46187.20000000;45497.80000000;45095.70000000;44881.40000000;44731.40000000;44606.80000000;44485.10000000;44351.60000000;44196.50000000;44012.90000000;43796.40000000;43544.20000000;43255.00000000;42928.30000000;42564.30000000;42163.30000000;41726.00000000;41253.00000000;40745.00000000;40202.80000000;39627.40000000;39019.60000000;38380.40000000;37710.70000000;37011.60000000;36284.40000000;35530.50000000;34751.30000000;         ;         ;         ;         ;         ;         ;         ;         ;         ;         ;         ;         ;         ;         ;         
;95% LL;3.82958000;17.38850000;45.69390000;118.04700000;317.45500000;838.54000000;2086.98000000;4620.87000000;9443.97000000;16862.10000000;28291.30000000;44151.50000000;63637.00000000;86717.10000000;113551.00000000;142547.00000000;170212.00000000;198705.00000000;226476.00000000;254122.00000000;263508.00000000;259189.00000000;243279.00000000;223675.00000000;200267.00000000;170369.00000000;139755.00000000;112451.00000000;97179.10000000;89444.50000000;85622.90000000;81309.60000000;76492.40000000;72199.40000000;68680.10000000;64700.20000000;60498.90000000;56555.00000000;53345.20000000;50701.80000000;48508.00000000;46843.10000000;45583.00000000;44684.70000000;44117.80000000;43804.70000000;43642.00000000;43495.90000000;43365.60000000;43233.20000000;43086.00000000;42915.30000000;42715.00000000;42505.60000000;42262.30000000;41963.90000000;41622.60000000;41244.50000000;40829.90000000;40379.40000000;39893.80000000;39379.90000000;38848.90000000;38285.80000000;37691.70000000;37067.30000000;36413.60000000;35731.60000000;35022.50000000;34285.00000000;33513.20000000;         ;         ;         ;         ;         ;         ;         ;         ;         ;         ;         ;         ;         ;         ;         
;95% UL;18.25290000;80.51290000;196.25400000;448.37700000;1019.46000000;2280.49000000;4856.05000000;9596.03000000;17312.20000000;28876.40000000;44560.30000000;64615.30000000;88588.50000000;115523.00000000;145593.00000000;177418.00000000;206925.00000000;236636.00000000;263721.00000000;289962.00000000;297667.00000000;290745.00000000;271610.00000000;248859.00000000;223171.00000000;190085.00000000;156862.00000000;126209.00000000;109487.00000000;101651.00000000;98041.70000000;94042.30000000;89190.70000000;85206.60000000;82141.20000000;78821.60000000;73755.10000000;67907.60000000;62487.50000000;58012.40000000;54323.70000000;51549.60000000;49473.30000000;47992.80000000;47139.40000000;46653.70000000;46405.00000000;46241.40000000;46114.00000000;45994.20000000;45867.00000000;45720.70000000;45547.50000000;45342.20000000;45101.30000000;44816.30000000;44474.20000000;44093.30000000;43673.80000000;43216.30000000;42725.60000000;42224.30000000;41688.80000000;41119.10000000;40515.90000000;39888.30000000;39234.20000000;38550.40000000;37820.50000000;37040.90000000;36234.50000000;         ;         ;         ;         ;         ;         ;         ;         ;         ;         ;         ;         ;         ;         ;         
Total non-AIDS deaths;Mean;258486.00000000;263822.00000000;269453.00000000;275022.00000000;280540.00000000;286026.00000000;292268.00000000;300121.00000000;307915.00000000;315578.00000000;323041.00000000;330147.00000000;335825.00000000;338133.00000000;341160.00000000;344031.00000000;348678.00000000;359619.00000000;375353.00000000;378788.00000000;383065.00000000;390613.00000000;396074.00000000;402251.00000000;407774.00000000;413527.00000000;419694.00000000;424768.00000000;429994.00000000;435174.00000000;440314.00000000;445415.00000000;450468.00000000;455839.00000000;489248.00000000;590111.00000000;575087.00000000;482313.00000000;487955.00000000;494027.00000000;500515.00000000;507408.00000000;514696.00000000;522367.00000000;530403.00000000;538792.00000000;547536.00000000;556643.00000000;566151.00000000;576054.00000000;586329.00000000;596935.00000000;607818.00000000;618921.00000000;630220.00000000;641700.00000000;653351.00000000;665171.00000000;677152.00000000;689272.00000000;701518.00000000;713882.00000000;726359.00000000;738959.00000000;751704.00000000;764621.00000000;777732.00000000;791058.00000000;804590.00000000;818297.00000000;832174.00000000;         ;         ;         ;         ;         ;         ;         ;         ;         ;         ;         ;         ;         ;         ;         
;95% LL;258486.00000000;263822.00000000;269452.00000000;275020.00000000;280535.00000000;286016.00000000;292246.00000000;300080.00000000;307843.00000000;315459.00000000;322853.00000000;329873.00000000;335445.00000000;337633.00000000;340531.00000000;343248.00000000;347699.00000000;358458.00000000;373976.00000000;377214.00000000;381303.00000000;388669.00000000;393976.00000000;400053.00000000;405492.00000000;411138.00000000;417188.00000000;422143.00000000;427263.00000000;432307.00000000;437310.00000000;442325.00000000;447303.00000000;452601.00000000;485694.00000000;585684.00000000;570747.00000000;478684.00000000;484196.00000000;490112.00000000;496450.00000000;503203.00000000;510408.00000000;517999.00000000;525963.00000000;534283.00000000;542965.00000000;551993.00000000;561424.00000000;571253.00000000;581458.00000000;591998.00000000;602817.00000000;613815.00000000;625003.00000000;636372.00000000;647914.00000000;659625.00000000;671568.00000000;683702.00000000;695972.00000000;708368.00000000;720805.00000000;733323.00000000;746070.00000000;758992.00000000;772067.00000000;785383.00000000;798857.00000000;812517.00000000;826360.00000000;         ;         ;         ;         ;         ;         ;         ;         ;         ;         ;         ;         ;         ;         ;         
;95% UL;258486.00000000;263823.00000000;269454.00000000;275024.00000000;280545.00000000;286036.00000000;292287.00000000;300155.00000000;307976.00000000;315676.00000000;323196.00000000;330386.00000000;336154.00000000;338543.00000000;341695.00000000;344722.00000000;349549.00000000;360675.00000000;376613.00000000;380250.00000000;384717.00000000;392440.00000000;398045.00000000;404340.00000000;410008.00000000;415915.00000000;422200.00000000;427383.00000000;432722.00000000;438018.00000000;443276.00000000;448495.00000000;453667.00000000;459158.00000000;492843.00000000;594520.00000000;579403.00000000;485941.00000000;491688.00000000;497863.00000000;504450.00000000;511437.00000000;518815.00000000;526570.00000000;534688.00000000;543154.00000000;551970.00000000;561147.00000000;570719.00000000;580682.00000000;591013.00000000;601670.00000000;612599.00000000;623745.00000000;635082.00000000;646595.00000000;658277.00000000;670123.00000000;682126.00000000;694266.00000000;706528.00000000;718904.00000000;731390.00000000;743994.00000000;756740.00000000;769652.00000000;782753.00000000;796061.00000000;809568.00000000;823240.00000000;837072.00000000;         ;         ;         ;         ;         ;         ;         ;         ;         ;         ;         ;         ;         ;         ;         
Non-AIDS deaths in HIV-positive individuals;Mean;8.19985000;13.55760000;29.58270000;71.26880000;176.52400000;426.89400000;951.60100000;1879.92000000;3225.97000000;4941.23000000;6970.26000000;9254.59000000;11616.50000000;13758.10000000;15878.70000000;17649.10000000;19478.60000000;21592.80000000;23870.80000000;25341.80000000;26521.50000000;27344.80000000;28283.60000000;29233.00000000;30260.10000000;31372.50000000;32627.20000000;34027.30000000;35605.90000000;37304.40000000;39078.00000000;40927.00000000;42847.50000000;44835.80000000;49515.60000000;62110.50000000;62367.40000000;52745.70000000;55157.80000000;57666.40000000;60275.70000000;62992.00000000;65813.60000000;68739.00000000;71772.80000000;74910.60000000;78147.30000000;81477.40000000;84898.50000000;88405.90000000;91994.10000000;95657.40000000;99389.20000000;103182.00000000;107029.00000000;110923.00000000;114856.00000000;118819.00000000;122799.00000000;126786.00000000;130764.00000000;134724.00000000;138651.00000000;142536.00000000;146371.00000000;150145.00000000;153846.00000000;157459.00000000;160963.00000000;164332.00000000;167544.00000000;         ;         ;         ;         ;         ;         ;         ;         ;         ;         ;         ;         ;         ;         ;         
;95% LL;2.58305000;4.50769000;11.27500000;32.33550000;93.08540000;257.07500000;622.68100000;1261.35000000;2448.61000000;3920.07000000;5711.56000000;7818.86000000;10046.30000000;12141.20000000;14262.30000000;16103.00000000;18012.60000000;20213.50000000;22596.30000000;24239.00000000;25531.80000000;26393.90000000;27399.10000000;28384.10000000;29408.90000000;30529.60000000;31782.60000000;33111.40000000;34593.50000000;36238.80000000;37929.60000000;39696.60000000;41552.70000000;43485.10000000;47984.10000000;60146.20000000;60466.10000000;51159.00000000;53508.80000000;55952.30000000;58497.00000000;61142.90000000;63890.80000000;66743.50000000;69701.90000000;72762.00000000;75919.00000000;79154.20000000;82479.40000000;85890.90000000;89404.70000000;92952.70000000;96591.60000000;100300.00000000;104075.00000000;107862.00000000;111712.00000000;115581.00000000;119462.00000000;123350.00000000;127234.00000000;131101.00000000;134940.00000000;138724.00000000;142498.00000000;146199.00000000;149772.00000000;153224.00000000;156616.00000000;159873.00000000;163022.00000000;         ;         ;         ;         ;         ;         ;         ;         ;         ;         ;         ;         ;         ;         ;         
;95% UL;12.49610000;20.83270000;46.21420000;112.53600000;277.09400000;649.21400000;1423.18000000;2572.79000000;4153.48000000;6109.18000000;8318.45000000;10736.90000000;13173.40000000;15281.10000000;17543.20000000;19375.30000000;21227.80000000;23333.10000000;25572.10000000;26913.80000000;27934.50000000;28582.60000000;29351.90000000;30242.70000000;31253.10000000;32350.30000000;33593.40000000;34986.60000000;36579.60000000;38330.10000000;40157.20000000;42056.40000000;44037.60000000;46093.30000000;51007.50000000;64080.20000000;64244.10000000;54271.60000000;56747.10000000;59315.70000000;61981.70000000;64751.30000000;67622.70000000;70626.70000000;73743.00000000;76966.50000000;80297.00000000;83711.90000000;87218.40000000;90811.30000000;94485.10000000;98253.20000000;102141.00000000;106009.00000000;109951.00000000;113959.00000000;118006.00000000;122083.00000000;126177.00000000;130277.00000000;134367.00000000;138436.00000000;142471.00000000;146461.00000000;150397.00000000;154269.00000000;158063.00000000;161687.00000000;165186.00000000;168714.00000000;172080.00000000;         ;         ;         ;         ;         ;         ;         ;         ;         ;         ;         ;         ;         ;         ;         
AIDS deaths in people who have been on ART;Mean;         ;         ;         ;         ;         ;         ;         ;         ;         ;         ;         ;         ;         ;         ;         ;771.62300000;1336.53000000;1842.94000000;2377.02000000;7508.95000000;13825.30000000;21067.80000000;27803.70000000;33105.40000000;40286.20000000;45771.50000000;48345.50000000;45712.30000000;42776.40000000;40548.30000000;40802.00000000;41707.20000000;41820.30000000;41623.20000000;42332.80000000;42763.60000000;42819.90000000;42558.80000000;42111.70000000;41711.00000000;41303.90000000;41009.10000000;40789.20000000;40593.10000000;40512.70000000;40521.60000000;40596.50000000;40667.30000000;40717.60000000;40739.70000000;40728.90000000;40682.30000000;40597.90000000;40474.20000000;40310.50000000;40106.50000000;39862.20000000;39578.20000000;39254.90000000;38893.10000000;38493.50000000;38056.90000000;37584.30000000;37076.60000000;36534.80000000;35960.10000000;35353.50000000;34716.20000000;34049.50000000;33355.00000000;32634.30000000;         ;         ;         ;         ;         ;         ;         ;         ;         ;         ;         ;         ;         ;         ;         
;95% LL;         ;         ;         ;         ;         ;         ;         ;         ;         ;         ;         ;         ;         ;         ;         ;766.78600000;1326.96000000;1828.76000000;2357.88000000;7446.34000000;13687.60000000;20806.60000000;27372.30000000;32534.30000000;39541.90000000;44841.50000000;47285.50000000;44852.40000000;42029.20000000;39736.00000000;39908.50000000;40705.80000000;40764.70000000;40559.80000000;41208.50000000;41359.30000000;41192.40000000;40840.00000000;40462.70000000;40168.00000000;39903.30000000;39721.40000000;39592.80000000;39478.50000000;39447.50000000;39494.50000000;39587.20000000;39670.40000000;39724.80000000;39741.10000000;39712.40000000;39647.50000000;39544.60000000;39402.50000000;39220.60000000;38998.50000000;38736.60000000;38443.00000000;38129.50000000;37776.50000000;37375.00000000;36937.60000000;36464.90000000;35958.10000000;35412.60000000;34829.00000000;34240.30000000;33599.70000000;32930.60000000;32250.00000000;31546.00000000;         ;         ;         ;         ;         ;         ;         ;         ;         ;         ;         ;         ;         ;         ;         
;95% UL;         ;         ;         ;         ;         ;         ;         ;         ;         ;         ;         ;         ;         ;         ;         ;775.87100000;1345.07000000;1855.93000000;2395.10000000;7571.83000000;13963.40000000;21317.70000000;28208.90000000;33658.70000000;41022.00000000;46776.40000000;49606.80000000;46795.80000000;43751.80000000;41592.50000000;41985.80000000;42993.00000000;43067.80000000;42873.90000000;43703.60000000;44502.90000000;44859.60000000;44712.80000000;44177.20000000;43611.40000000;43024.10000000;42577.30000000;42237.60000000;41940.50000000;41802.90000000;41783.30000000;41841.90000000;41904.40000000;41949.90000000;41986.10000000;41992.40000000;41962.70000000;41894.80000000;41787.00000000;41638.40000000;41448.50000000;41217.40000000;40945.50000000;40633.40000000;40281.70000000;39891.20000000;39446.30000000;38961.30000000;38439.70000000;37882.70000000;37290.30000000;36666.60000000;36009.90000000;35324.80000000;34624.60000000;33897.30000000;         ;         ;         ;         ;         ;         ;         ;         ;         ;         ;         ;         ;         ;         ;         
AIDS deaths in adult males (15+);Mean;0.87039800;7.44041000;25.25820000;66.38280000;162.80900000;392.40000000;921.23300000;2063.52000000;4230.76000000;7848.82000000;13233.50000000;20519.20000000;29365.90000000;39613.80000000;50870.60000000;62646.10000000;73642.40000000;84637.70000000;94914.20000000;104692.00000000;108922.00000000;108750.00000000;104311.00000000;98340.60000000;91724.40000000;81422.60000000;68369.60000000;55865.00000000;49190.40000000;46453.00000000;45771.20000000;44307.00000000;42029.20000000;40103.10000000;38701.20000000;36853.30000000;34606.50000000;32228.70000000;29959.60000000;28096.20000000;26491.00000000;25275.20000000;24329.00000000;23628.60000000;23176.30000000;22879.20000000;22688.40000000;22533.40000000;22394.50000000;22259.50000000;22119.10000000;21967.60000000;21801.50000000;21618.50000000;21417.20000000;21196.80000000;20957.30000000;20699.10000000;20422.50000000;20128.20000000;19816.80000000;19489.00000000;19145.60000000;18787.30000000;18415.00000000;18029.60000000;17631.70000000;17222.40000000;16802.60000000;16373.40000000;15935.90000000;         ;         ;         ;         ;         ;         ;         ;         ;         ;         ;         ;         ;         ;         ;         
;95% LL;0.27457700;2.39506000;8.59227000;25.04460000;71.28960000;201.01600000;530.44500000;1294.19000000;2839.90000000;5423.57000000;9813.70000000;15608.40000000;22918.60000000;31679.70000000;41689.60000000;52921.90000000;63343.80000000;74116.90000000;84647.60000000;95034.20000000;99848.50000000;100206.00000000;96476.10000000;90998.30000000;85056.60000000;74944.60000000;62066.80000000;50544.20000000;44127.90000000;41550.40000000;40842.10000000;39539.40000000;37636.00000000;35944.30000000;34623.90000000;32884.90000000;30873.50000000;28965.20000000;27260.20000000;25885.40000000;24690.50000000;23840.30000000;23137.50000000;22609.30000000;22268.80000000;22031.30000000;21865.70000000;21723.10000000;21591.10000000;21461.50000000;21316.90000000;21171.20000000;21011.40000000;20834.50000000;20639.60000000;20426.20000000;20194.50000000;19944.80000000;19677.60000000;19386.00000000;19076.20000000;18756.10000000;18424.10000000;18068.40000000;17699.40000000;17317.70000000;16924.30000000;16524.90000000;16126.20000000;15702.00000000;15274.60000000;         ;         ;         ;         ;         ;         ;         ;         ;         ;         ;         ;         ;         ;         ;         
;95% UL;1.33022000;11.41710000;38.96700000;103.53800000;255.92600000;614.29000000;1410.33000000;3037.87000000;6100.44000000;10781.50000000;17209.00000000;26009.20000000;36131.80000000;47674.00000000;59577.60000000;71328.90000000;82764.30000000;95013.40000000;106180.00000000;116438.00000000;120707.00000000;120189.00000000;115062.00000000;108183.00000000;100542.00000000;89051.90000000;74664.40000000;61554.80000000;54583.00000000;52085.60000000;51637.70000000;50333.60000000;47831.20000000;45801.60000000;44450.70000000;42596.60000000;39838.80000000;36725.60000000;33469.90000000;30849.00000000;28603.00000000;26925.80000000;25681.30000000;24768.00000000;24196.00000000;23832.60000000;23610.20000000;23443.10000000;23300.30000000;23169.30000000;23036.40000000;22894.50000000;22739.30000000;22567.70000000;22365.40000000;22139.90000000;21894.40000000;21634.60000000;21355.90000000;21051.10000000;20728.30000000;20388.20000000;20042.70000000;19683.80000000;19306.30000000;18922.40000000;18521.20000000;18107.50000000;17682.40000000;17246.90000000;16802.90000000;         ;         ;         ;         ;         ;         ;         ;         ;         ;         ;         ;         ;         ;         ;         
AIDS deaths in adult females (15+);Mean;0.84660100;6.98780000;22.05210000;52.22800000;114.82200000;254.02000000;575.05400000;1276.68000000;2670.80000000;5158.11000000;9167.51000000;15089.50000000;23005.50000000;33101.20000000;45316.40000000;59287.40000000;73283.80000000;88142.70000000;103226.00000000;118412.00000000;123936.00000000;122165.00000000;114060.00000000;104837.00000000;95288.50000000;82587.80000000;68444.60000000;53899.30000000;45870.40000000;41604.90000000;39792.60000000;37938.70000000;35948.40000000;34188.10000000;32744.60000000;31122.20000000;28948.00000000;26740.30000000;24956.90000000;23633.90000000;22672.60000000;22003.20000000;21560.20000000;21294.00000000;21195.30000000;21193.00000000;21251.40000000;21323.20000000;21394.40000000;21457.70000000;21508.50000000;21544.00000000;21562.50000000;21562.60000000;21543.50000000;21505.00000000;21447.00000000;21369.40000000;21272.10000000;21155.10000000;21018.50000000;20862.20000000;20686.30000000;20490.80000000;20275.80000000;20041.40000000;19787.80000000;19515.20000000;19223.70000000;18913.90000000;18586.10000000;         ;         ;         ;         ;         ;         ;         ;         ;         ;         ;         ;         ;         ;         ;         
;95% LL;0.26700600;2.21990000;7.18514000;18.15500000;45.18540000;120.89300000;315.15300000;787.24200000;1802.88000000;3719.65000000;6894.05000000;12007.50000000;18870.70000000;28150.60000000;39411.30000000;52432.30000000;65613.50000000;79825.50000000;94480.90000000;109533.00000000;115221.00000000;113875.00000000;106455.00000000;98105.40000000;89172.50000000;77172.30000000;63563.50000000;49643.70000000;41972.10000000;37701.90000000;36016.90000000;34173.20000000;32418.90000000;30809.60000000;29179.90000000;27543.50000000;25740.60000000;24111.70000000;22906.60000000;22036.80000000;21405.10000000;20962.00000000;20676.10000000;20523.70000000;20489.90000000;20515.20000000;20583.70000000;20659.50000000;20731.90000000;20795.20000000;20842.10000000;20868.20000000;20875.80000000;20865.50000000;20836.40000000;20793.50000000;20733.30000000;20654.20000000;20556.10000000;20435.80000000;20296.20000000;20137.30000000;19959.20000000;19762.00000000;19545.60000000;19310.30000000;19056.00000000;18783.10000000;18491.70000000;18182.30000000;17849.90000000;         ;         ;         ;         ;         ;         ;         ;         ;         ;         ;         ;         ;         ;         ;         
;95% UL;1.28967000;10.63970000;33.60340000;79.83920000;176.19100000;388.89800000;866.16100000;1862.44000000;3736.52000000;6988.43000000;11961.90000000;19027.60000000;28373.00000000;39743.50000000;52961.70000000;68034.40000000;82563.30000000;97703.30000000;112802.00000000;128141.00000000;132792.00000000;130538.00000000;121996.00000000;112309.00000000;102205.00000000;88712.20000000;73585.90000000;57981.70000000;49593.50000000;45243.70000000;43348.70000000;41672.80000000;39524.20000000;37813.30000000;36474.00000000;35083.50000000;32586.20000000;29662.70000000;27136.80000000;25296.20000000;24000.50000000;23085.20000000;22470.80000000;22094.50000000;21942.90000000;21919.30000000;21964.00000000;22030.00000000;22109.80000000;22190.80000000;22254.60000000;22291.60000000;22312.50000000;22321.20000000;22311.80000000;22277.30000000;22220.40000000;22138.60000000;22036.30000000;21927.60000000;21798.30000000;21643.90000000;21467.10000000;21269.30000000;21046.40000000;20813.80000000;20552.80000000;20271.50000000;19971.20000000;19664.80000000;19331.60000000;         ;         ;         ;         ;         ;         ;         ;         ;         ;         ;         ;         ;         ;         ;         
AIDS deaths in children;Mean;10.47500000;39.16190000;82.27330000;175.07500000;389.82300000;870.49700000;1846.14000000;3553.85000000;6088.31000000;9396.55000000;13341.50000000;17656.00000000;22540.50000000;27158.50000000;32017.60000000;36792.50000000;40582.60000000;43937.20000000;46565.90000000;48897.00000000;47649.20000000;43908.00000000;38801.30000000;32735.30000000;24072.20000000;15642.60000000;10577.60000000;8598.97000000;7354.78000000;6490.95000000;5452.70000000;4552.96000000;4056.80000000;3638.55000000;3255.89000000;2933.18000000;2749.09000000;2562.62000000;2435.88000000;2179.64000000;1922.37000000;1676.82000000;1452.92000000;1264.64000000;1126.25000000;1023.50000000;941.57100000;874.83900000;817.93700000;767.92900000;723.97800000;684.82500000;648.90100000;615.30500000;583.52300000;553.14100000;523.92500000;495.79700000;468.75500000;442.73300000;417.74700000;393.83200000;371.01900000;349.32900000;328.78500000;309.40500000;291.18900000;274.11000000;258.12700000;243.20200000;229.29300000;         ;         ;         ;         ;         ;         ;         ;         ;         ;         ;         ;         ;         ;         ;         
;95% LL;3.29425000;12.65520000;29.82620000;73.93390000;198.88400000;511.20800000;1227.20000000;2566.42000000;4621.30000000;7678.89000000;11231.40000000;15214.70000000;19802.80000000;24391.80000000;29298.00000000;34150.40000000;37851.00000000;41190.40000000;43922.70000000;46327.90000000;45329.90000000;41925.40000000;37067.50000000;31315.30000000;22980.70000000;14894.70000000;10087.10000000;8227.88000000;7060.29000000;6236.75000000;5234.40000000;4371.69000000;3880.21000000;3469.21000000;3085.58000000;2759.98000000;2583.97000000;2409.20000000;2292.32000000;2054.52000000;1814.44000000;1585.68000000;1375.76000000;1198.29000000;1066.05000000;967.55900000;890.03400000;826.76300000;771.75600000;724.16300000;681.51500000;643.86200000;609.90600000;577.77900000;546.93500000;517.39400000;489.11200000;461.99500000;436.02100000;411.11100000;387.17700000;364.03800000;342.29100000;321.51700000;301.87100000;283.36300000;266.34000000;250.47300000;234.94600000;220.36900000;207.36700000;         ;         ;         ;         ;         ;         ;         ;         ;         ;         ;         ;         ;         ;         ;         
;95% UL;15.63590000;58.48630000;123.68300000;265.00000000;587.33900000;1277.30000000;2579.55000000;4679.14000000;7592.31000000;11230.00000000;15479.70000000;20007.90000000;24961.50000000;29652.10000000;34458.20000000;39291.10000000;43044.20000000;46279.30000000;48747.30000000;51096.50000000;49827.00000000;45808.50000000;40433.10000000;34130.00000000;25130.10000000;16361.50000000;11070.90000000;8985.26000000;7666.84000000;6762.02000000;5683.34000000;4754.00000000;4245.77000000;3820.24000000;3432.09000000;3107.63000000;2918.50000000;2721.20000000;2582.76000000;2307.69000000;2032.79000000;1771.81000000;1533.47000000;1334.78000000;1191.14000000;1087.63000000;1006.46000000;940.56100000;884.44100000;835.08500000;791.62300000;752.77900000;716.90900000;683.11500000;650.89400000;619.84100000;589.72800000;560.49500000;532.16700000;504.70200000;478.14200000;452.55400000;427.99500000;404.51200000;382.15500000;360.96500000;340.96500000;322.14500000;304.47900000;287.93700000;272.48600000;         ;         ;         ;         ;         ;         ;         ;         ;         ;         ;         ;         ;         ;         ;         
AIDS deaths in 15-24 year olds;Mean;0.44198400;3.18596000;9.08902000;20.11990000;42.42810000;91.24770000;201.42300000;439.40600000;901.74800000;1704.02000000;2948.42000000;4685.37000000;6785.91000000;9174.69000000;11675.70000000;14081.30000000;16025.50000000;17679.40000000;18948.60000000;19843.00000000;19252.90000000;17803.80000000;15892.30000000;14057.20000000;12357.10000000;10447.90000000;8420.26000000;6674.67000000;5801.09000000;5455.72000000;5315.83000000;5068.37000000;4812.34000000;4626.19000000;4479.72000000;4295.23000000;4065.12000000;3789.28000000;3525.28000000;3280.54000000;3012.03000000;2757.25000000;2534.52000000;2344.84000000;2180.03000000;2003.67000000;1825.68000000;1642.88000000;1461.30000000;1297.33000000;1167.12000000;1062.20000000;966.53600000;876.28100000;793.58800000;724.71200000;665.09500000;615.05700000;571.59000000;532.87200000;498.77500000;468.92100000;442.43000000;418.66800000;397.00300000;377.01900000;358.43600000;341.04600000;324.69900000;309.21100000;294.47000000;         ;         ;         ;         ;         ;         ;         ;         ;         ;         ;         ;         ;         ;         ;         
;95% LL;0.13937800;1.01161000;2.95812000;6.97416000;16.82040000;42.97330000;111.50100000;276.69600000;622.00200000;1245.21000000;2276.26000000;3756.32000000;5632.05000000;7843.35000000;10286.80000000;12725.70000000;14672.10000000;16267.10000000;17489.20000000;18360.60000000;17812.20000000;16462.90000000;14696.80000000;13028.50000000;11498.10000000;9768.89000000;7848.28000000;6208.94000000;5421.00000000;5107.11000000;4975.56000000;4725.99000000;4495.57000000;4303.20000000;4152.51000000;3943.99000000;3737.32000000;3512.24000000;3299.96000000;3100.02000000;2872.14000000;2640.99000000;2433.88000000;2258.08000000;2100.69000000;1929.52000000;1756.36000000;1578.96000000;1402.02000000;1240.85000000;1112.05000000;1010.84000000;917.95100000;831.02900000;750.74900000;684.79100000;628.06000000;580.39900000;538.86600000;501.55800000;468.67700000;440.59900000;415.43000000;392.45400000;371.53300000;352.13600000;334.32200000;318.02600000;302.64900000;288.07100000;273.92100000;         ;         ;         ;         ;         ;         ;         ;         ;         ;         ;         ;         ;         ;         ;         
;95% UL;0.67336700;4.85178000;13.85160000;30.75500000;65.06480000;139.43100000;302.26200000;637.72300000;1253.93000000;2265.35000000;3800.10000000;5868.22000000;8249.15000000;10762.60000000;13357.00000000;15784.10000000;17644.40000000;19293.10000000;20529.70000000;21351.80000000;20681.80000000;19158.70000000;17126.00000000;15164.20000000;13335.60000000;11280.40000000;9105.60000000;7209.86000000;6262.66000000;5894.59000000;5746.26000000;5492.00000000;5233.07000000;5024.60000000;4895.91000000;4723.03000000;4460.59000000;4113.15000000;3780.27000000;3474.80000000;3163.63000000;2881.84000000;2637.92000000;2435.09000000;2259.87000000;2077.40000000;1896.52000000;1709.79000000;1524.72000000;1356.53000000;1223.72000000;1116.61000000;1019.12000000;924.79100000;839.43500000;767.55300000;705.47800000;652.78100000;607.93600000;567.23500000;532.75400000;503.15800000;476.92000000;453.39700000;431.93700000;412.11600000;393.64700000;376.30100000;359.92900000;344.34100000;329.42600000;         ;         ;         ;         ;         ;         ;         ;         ;         ;         ;         ;         ;         ;         ;         
AIDS deaths in males aged 15-24 years;Mean;0.13168800;0.85166900;2.22221000;4.68418000;9.72847000;20.82590000;45.21810000;98.67440000;203.61900000;387.93200000;675.87700000;1076.39000000;1549.68000000;2070.75000000;2595.01000000;3084.02000000;3487.30000000;3826.12000000;4079.41000000;4252.94000000;4204.03000000;3997.70000000;3709.13000000;3399.03000000;3100.47000000;2735.66000000;2302.06000000;1943.15000000;1776.49000000;1750.13000000;1789.47000000;1797.27000000;1791.56000000;1801.32000000;1818.44000000;1810.96000000;1780.19000000;1721.72000000;1644.59000000;1560.31000000;1447.22000000;1331.03000000;1223.60000000;1127.45000000;1041.21000000;948.10800000;853.83000000;758.06400000;664.84400000;582.56700000;520.03000000;472.12900000;428.78800000;387.90200000;350.55100000;320.50600000;294.74600000;273.72100000;255.54700000;239.38500000;225.17800000;212.71900000;201.54200000;191.35600000;181.94600000;173.12400000;164.77300000;156.84600000;149.32400000;142.13100000;135.22600000;         ;         ;         ;         ;         ;         ;         ;         ;         ;         ;         ;         ;         ;         ;         
;95% LL;0.04149150;0.26948700;0.73075900;1.66535000;3.85859000;9.73940000;23.95820000;59.31620000;135.92100000;273.75200000;505.51600000;841.82600000;1278.64000000;1749.46000000;2238.14000000;2706.59000000;3101.11000000;3418.47000000;3642.97000000;3800.35000000;3747.00000000;3549.91000000;3279.99000000;3020.12000000;2762.26000000;2445.55000000;2062.94000000;1736.91000000;1604.99000000;1590.08000000;1627.62000000;1632.37000000;1629.38000000;1641.88000000;1662.21000000;1658.71000000;1643.96000000;1608.98000000;1557.59000000;1493.25000000;1392.79000000;1287.61000000;1186.94000000;1094.56000000;1011.32000000;919.90000000;827.97900000;733.28500000;642.53800000;561.05700000;500.38600000;453.33900000;410.55900000;370.28300000;333.60400000;304.25200000;278.90900000;258.73000000;241.61800000;226.58600000;213.55500000;201.94300000;191.05000000;181.41100000;172.32000000;163.85400000;155.70000000;147.86400000;140.45300000;133.41800000;126.75700000;         ;         ;         ;         ;         ;         ;         ;         ;         ;         ;         ;         ;         ;         ;         
;95% UL;0.20087900;1.30367000;3.42587000;7.29281000;15.27210000;32.68810000;69.94470000;148.15900000;293.83800000;536.11200000;894.67700000;1367.19000000;1893.13000000;2459.30000000;3032.11000000;3556.02000000;3967.32000000;4301.20000000;4563.25000000;4738.44000000;4681.22000000;4451.02000000;4127.93000000;3782.53000000;3456.77000000;3058.18000000;2580.15000000;2177.77000000;1987.25000000;1957.97000000;1992.26000000;1992.73000000;1978.31000000;1988.88000000;2006.11000000;1999.97000000;1960.51000000;1869.97000000;1756.73000000;1649.07000000;1514.05000000;1384.33000000;1267.89000000;1165.90000000;1074.81000000;978.60200000;883.37000000;787.44000000;692.67600000;608.09800000;543.31800000;494.32700000;450.72300000;408.51100000;370.11200000;339.16000000;312.11000000;290.71300000;271.88300000;254.73600000;239.50200000;226.88800000;216.15200000;206.35600000;197.28000000;188.73400000;180.59800000;172.82500000;165.40100000;158.24800000;151.32600000;         ;         ;         ;         ;         ;         ;         ;         ;         ;         ;         ;         ;         ;         ;         
AIDS deaths in females aged 15-24 years;Mean;0.31029600;2.33429000;6.86681000;15.43570000;32.69960000;70.42170000;156.20500000;340.73100000;698.12900000;1316.09000000;2272.55000000;3608.98000000;5236.22000000;7103.93000000;9080.65000000;10997.30000000;12538.20000000;13853.30000000;14869.20000000;15590.10000000;15048.80000000;13806.10000000;12183.20000000;10658.20000000;9256.61000000;7712.25000000;6118.20000000;4731.52000000;4024.60000000;3705.60000000;3526.36000000;3271.11000000;3020.78000000;2824.87000000;2661.28000000;2484.27000000;2284.93000000;2067.56000000;1880.69000000;1720.23000000;1564.81000000;1426.22000000;1310.92000000;1217.40000000;1138.83000000;1055.56000000;971.85000000;884.81500000;796.46000000;714.75900000;647.08500000;590.06700000;537.74800000;488.37900000;443.03700000;404.20600000;370.34900000;341.33600000;316.04300000;293.48700000;273.59800000;256.20200000;240.88800000;227.31100000;215.05700000;203.89500000;193.66300000;184.20000000;175.37500000;167.08000000;159.24300000;         ;         ;         ;         ;         ;         ;         ;         ;         ;         ;         ;         ;         ;         ;         
;95% LL;0.09788620;0.74222300;2.24226000;5.38288000;12.92390000;33.82840000;86.92940000;217.84400000;470.29600000;964.49100000;1711.55000000;2886.53000000;4340.76000000;6064.99000000;7957.75000000;9859.68000000;11441.30000000;12757.00000000;13746.60000000;14454.70000000;13924.10000000;12756.60000000;11250.80000000;9846.27000000;8560.20000000;7118.72000000;5638.44000000;4359.06000000;3694.56000000;3392.28000000;3210.79000000;2961.95000000;2739.97000000;2544.18000000;2377.23000000;2203.02000000;2037.32000000;1867.10000000;1721.65000000;1596.05000000;1465.43000000;1344.46000000;1239.87000000;1154.27000000;1081.44000000;1001.83000000;921.03400000;837.40200000;751.92300000;673.14800000;608.50600000;554.26000000;503.70300000;455.96700000;412.47100000;375.87100000;344.05100000;316.86400000;293.21900000;272.19600000;253.72600000;237.61300000;223.02200000;210.10400000;198.53200000;188.01700000;178.28900000;169.13700000;160.96800000;153.15400000;145.64600000;         ;         ;         ;         ;         ;         ;         ;         ;         ;         ;         ;         ;         ;         ;         
;95% UL;0.47248900;3.54811000;10.42570000;23.46220000;49.79270000;106.74300000;232.31700000;489.56400000;966.29300000;1752.45000000;2922.68000000;4507.65000000;6345.14000000;8365.90000000;10422.60000000;12349.20000000;13854.90000000;15106.00000000;16043.40000000;16711.50000000;16117.50000000;14809.20000000;13101.90000000;11465.70000000;9973.18000000;8328.89000000;6630.66000000;5139.52000000;4389.80000000;4053.11000000;3867.07000000;3596.50000000;3329.05000000;3138.07000000;2996.53000000;2828.33000000;2576.16000000;2301.18000000;2052.74000000;1852.68000000;1668.79000000;1510.46000000;1381.50000000;1278.84000000;1194.66000000;1106.96000000;1019.55000000;929.45900000;838.83600000;755.11400000;685.73900000;626.84800000;572.54600000;521.07600000;473.62500000;432.82000000;397.18600000;366.90400000;340.69300000;317.29200000;296.62700000;278.54800000;262.49000000;248.10600000;235.21100000;223.79100000;213.34200000;203.68100000;194.66200000;186.17000000;178.09900000;         ;         ;         ;         ;         ;         ;         ;         ;         ;         ;         ;         ;         ;         ;         
AIDS deaths in 15-49 year olds;Mean;1.71457000;14.18650000;45.65700000;112.30200000;258.64600000;595.53800000;1370.18000000;3051.43000000;6298.77000000;11863.70000000;20415.20000000;32410.20000000;47550.60000000;65832.70000000;86801.10000000;109642.00000000;131581.00000000;154010.00000000;175735.00000000;196777.00000000;203919.00000000;200634.00000000;188374.00000000;174059.00000000;159118.00000000;138542.00000000;114584.00000000;91094.50000000;78192.40000000;71939.20000000;69437.10000000;66214.50000000;62184.30000000;58612.10000000;55665.90000000;52185.30000000;48061.10000000;43774.80000000;39824.20000000;36535.00000000;33705.70000000;31385.00000000;29438.10000000;27795.40000000;26426.90000000;25196.50000000;24040.80000000;22896.20000000;21757.60000000;20638.70000000;19556.50000000;18510.90000000;17527.80000000;16610.30000000;15756.50000000;14963.20000000;14227.00000000;13545.70000000;12913.40000000;12321.80000000;11763.20000000;11230.80000000;10722.60000000;10253.40000000;9807.58000000;9369.32000000;8939.27000000;8509.23000000;8081.92000000;7652.19000000;7201.35000000;         ;         ;         ;         ;         ;         ;         ;         ;         ;         ;         ;         ;         ;         ;         
;95% LL;0.54075400;4.52746000;15.16750000;40.58940000;108.22800000;295.62100000;776.44400000;1941.85000000;4319.17000000;8654.82000000;15200.40000000;25869.40000000;39233.80000000;55944.80000000;75356.30000000;96871.10000000;118147.00000000;140217.00000000;162192.00000000;183472.00000000;191266.00000000;188706.00000000;177114.00000000;163603.00000000;149789.00000000;130282.00000000;107631.00000000;85539.90000000;73124.00000000;67175.30000000;64800.10000000;61876.10000000;57872.90000000;54439.10000000;51375.50000000;47768.40000000;43933.10000000;40264.80000000;36963.50000000;34226.20000000;31909.00000000;29937.20000000;28237.80000000;26792.00000000;25544.40000000;24368.90000000;23221.20000000;22098.70000000;20995.60000000;19909.00000000;18845.60000000;17823.60000000;16849.00000000;15956.30000000;15141.80000000;14374.00000000;13649.10000000;13002.90000000;12384.50000000;11802.70000000;11253.00000000;10728.80000000;10228.50000000;9775.63000000;9340.39000000;8908.81000000;8486.25000000;8071.27000000;7657.05000000;7239.05000000;6799.45000000;         ;         ;         ;         ;         ;         ;         ;         ;         ;         ;         ;         ;         ;         ;         
;95% UL;2.61326000;21.65380000;69.99980000;173.48400000;402.20600000;923.45900000;2082.92000000;4472.36000000;8905.03000000;16049.60000000;26616.60000000;40548.70000000;57510.70000000;77831.80000000;100291.00000000;124347.00000000;147266.00000000;169620.00000000;190422.00000000;210816.00000000;216889.00000000;213080.00000000;199860.00000000;184646.00000000;168605.00000000;146989.00000000;122433.00000000;97650.70000000;84096.20000000;77579.90000000;75223.90000000;71950.20000000;67927.80000000;64365.70000000;61678.80000000;58391.10000000;53745.30000000;48545.70000000;43603.60000000;39508.10000000;36068.20000000;33224.00000000;30957.90000000;29114.80000000;27589.60000000;26268.90000000;25068.90000000;23889.70000000;22723.80000000;21578.30000000;20468.40000000;19388.30000000;18364.40000000;17409.80000000;16511.80000000;15684.50000000;14917.80000000;14212.30000000;13572.80000000;12963.00000000;12402.50000000;11878.20000000;11375.80000000;10911.20000000;10468.70000000;10032.30000000;9602.63000000;9171.32000000;8741.02000000;8306.20000000;7847.40000000;         ;         ;         ;         ;         ;         ;         ;         ;         ;         ;         ;         ;         ;         ;         
AIDS deaths in males aged 15-49 years;Mean;0.86830100;7.28920000;24.14310000;61.81870000;148.34200000;352.33900000;820.29100000;1830.93000000;3745.71000000;6934.35000000;11660.80000000;18020.50000000;25666.60000000;34444.90000000;43995.00000000;53890.40000000;63026.60000000;72048.90000000;80381.20000000;88210.20000000;91308.50000000;90727.40000000;86762.20000000;81597.90000000;75943.80000000;67240.10000000;56232.50000000;45788.20000000;40139.80000000;37766.80000000;37054.30000000;35656.70000000;33576.80000000;31769.60000000;30342.10000000;28515.20000000;26401.70000000;24152.00000000;21930.10000000;20024.60000000;18315.50000000;16904.00000000;15705.40000000;14693.90000000;13860.00000000;13124.80000000;12450.90000000;11797.90000000;11161.10000000;10545.20000000;9956.80000000;9396.17000000;8875.38000000;8394.49000000;7951.32000000;7543.60000000;7169.70000000;6827.04000000;6512.07000000;6219.15000000;5944.17000000;5682.92000000;5434.30000000;5203.98000000;4983.96000000;4766.79000000;4551.39000000;4333.99000000;4115.85000000;3896.63000000;3668.19000000;         ;         ;         ;         ;         ;         ;         ;         ;         ;         ;         ;         ;         ;         ;         
;95% LL;0.27387000;2.34108000;8.16618000;23.12870000;64.43180000;179.48300000;471.78500000;1159.45000000;2541.16000000;4860.45000000;8712.58000000;13825.50000000;20223.00000000;27830.20000000;36815.40000000;46124.90000000;54953.00000000;63920.90000000;72720.00000000;80917.10000000;84445.70000000;84239.50000000;80539.10000000;75842.40000000;70323.90000000;62017.00000000;51471.60000000;41432.50000000;35760.70000000;33241.00000000;32452.80000000;31186.90000000;29432.70000000;27842.40000000;26509.70000000;24820.20000000;23092.40000000;21372.70000000;19723.70000000;18287.00000000;16953.60000000;15819.40000000;14826.40000000;13963.10000000;13223.20000000;12551.50000000;11923.60000000;11287.60000000;10687.20000000;10090.10000000;9512.43000000;8973.07000000;8469.95000000;8006.16000000;7580.76000000;7194.94000000;6841.16000000;6506.69000000;6206.24000000;5927.73000000;5668.54000000;5423.07000000;5182.08000000;4962.45000000;4753.68000000;4543.44000000;4334.64000000;4121.68000000;3906.20000000;3689.52000000;3463.75000000;         ;         ;         ;         ;         ;         ;         ;         ;         ;         ;         ;         ;         ;         ;         
;95% UL;1.32624000;11.17120000;37.22200000;96.33550000;233.01900000;551.30700000;1255.12000000;2693.10000000;5388.51000000;9483.16000000;15104.80000000;22738.50000000;31368.00000000;41294.70000000;51155.90000000;60937.50000000;70128.90000000;79963.60000000;88801.20000000;96801.40000000;99786.20000000;98862.10000000;94387.90000000;88599.00000000;82270.60000000;72929.10000000;61557.10000000;50399.30000000;44529.20000000;42238.80000000;41788.30000000;40551.70000000;38357.80000000;36466.00000000;35077.40000000;33231.90000000;30681.40000000;27740.50000000;24774.10000000;22215.10000000;20028.20000000;18270.10000000;16796.40000000;15591.30000000;14665.80000000;13864.80000000;13153.40000000;12467.90000000;11795.10000000;11160.20000000;10540.30000000;9963.99000000;9420.11000000;8911.62000000;8435.65000000;7995.10000000;7601.67000000;7232.47000000;6892.53000000;6576.27000000;6278.19000000;6002.73000000;5747.37000000;5516.74000000;5296.96000000;5076.81000000;4845.99000000;4620.28000000;4398.44000000;4168.18000000;3933.62000000;         ;         ;         ;         ;         ;         ;         ;         ;         ;         ;         ;         ;         ;         ;         
AIDS deaths in females aged 15-49 years;Mean;0.84627100;6.89732000;21.51390000;50.48340000;110.30300000;243.19800000;549.89400000;1220.50000000;2553.07000000;4929.34000000;8754.37000000;14389.70000000;21884.00000000;31387.80000000;42806.10000000;55751.70000000;68554.50000000;81961.40000000;95353.50000000;108567.00000000;112611.00000000;109907.00000000;101612.00000000;92460.70000000;83174.40000000;71302.10000000;58351.70000000;45306.20000000;38052.60000000;34172.40000000;32382.80000000;30557.80000000;28607.50000000;26842.50000000;25323.70000000;23670.10000000;21659.40000000;19622.80000000;17894.10000000;16510.40000000;15390.20000000;14481.00000000;13732.60000000;13101.50000000;12566.90000000;12071.70000000;11589.90000000;11098.30000000;10596.50000000;10093.50000000;9599.66000000;9114.75000000;8652.40000000;8215.81000000;7805.18000000;7419.55000000;7057.34000000;6718.64000000;6401.28000000;6102.63000000;5819.07000000;5547.84000000;5288.28000000;5049.41000000;4823.61000000;4602.52000000;4387.88000000;4175.24000000;3966.08000000;3755.56000000;3533.16000000;         ;         ;         ;         ;         ;         ;         ;         ;         ;         ;         ;         ;         ;         ;         
;95% LL;0.26688400;2.19039000;7.00347000;17.51770000;43.35800000;115.41600000;300.89200000;752.64600000;1722.57000000;3562.77000000;6598.66000000;11470.50000000;18054.50000000;26744.10000000;37207.70000000;49281.20000000;61351.90000000;74198.20000000;87244.70000000;100393.00000000;104652.00000000;102406.00000000;94797.10000000;86487.10000000;78072.80000000;66752.70000000;54363.00000000;41876.50000000;34807.30000000;30935.70000000;29210.10000000;27626.70000000;25857.40000000;24119.20000000;22604.90000000;20886.80000000;19162.60000000;17625.50000000;16358.90000000;15322.00000000;14484.40000000;13776.50000000;13159.20000000;12599.70000000;12091.00000000;11614.20000000;11153.80000000;10679.10000000;10192.60000000;9692.53000000;9203.16000000;8730.45000000;8267.55000000;7832.17000000;7436.69000000;7069.22000000;6724.33000000;6397.65000000;6086.15000000;5793.12000000;5515.35000000;5249.99000000;4998.00000000;4766.64000000;4552.73000000;4338.01000000;4126.75000000;3918.28000000;3718.97000000;3518.61000000;3304.03000000;         ;         ;         ;         ;         ;         ;         ;         ;         ;         ;         ;         ;         ;         ;         
;95% UL;1.28916000;10.50130000;32.77770000;77.14860000;169.18700000;372.15100000;827.80000000;1779.25000000;3568.71000000;6679.56000000;11395.70000000;18134.00000000;26982.00000000;37669.20000000;50087.50000000;63854.50000000;77107.80000000;90708.10000000;104052.00000000;117296.00000000;120732.00000000;117846.00000000;109190.00000000;99543.40000000;89506.10000000;76853.40000000;63042.40000000;49055.20000000;41356.70000000;37414.60000000;35470.50000000;33736.90000000;31536.50000000;29948.20000000;28379.70000000;26722.70000000;24454.60000000;21926.50000000;19679.60000000;17876.90000000;16412.80000000;15270.40000000;14425.00000000;13691.50000000;13097.70000000;12568.90000000;12078.60000000;11585.90000000;11075.40000000;10556.30000000;10050.60000000;9557.34000000;9081.66000000;8632.02000000;8205.89000000;7815.20000000;7464.35000000;7134.96000000;6825.11000000;6532.28000000;6252.94000000;5984.35000000;5726.05000000;5488.22000000;5262.89000000;5037.25000000;4815.46000000;4599.78000000;4386.50000000;4170.32000000;3939.93000000;         ;         ;         ;         ;         ;         ;         ;         ;         ;         ;         ;         ;         ;         ;         
AIDS deaths in 25-49 year olds;Mean;1.27259000;11.00060000;36.56800000;92.18220000;216.21800000;504.29000000;1168.76000000;2612.02000000;5397.02000000;10159.70000000;17466.80000000;27724.90000000;40764.70000000;56658.00000000;75125.50000000;95560.80000000;115556.00000000;136331.00000000;156786.00000000;176934.00000000;184666.00000000;182830.00000000;172482.00000000;160001.00000000;146761.00000000;128094.00000000;106164.00000000;84419.80000000;72391.30000000;66483.50000000;64121.30000000;61146.10000000;57372.00000000;53985.90000000;51186.20000000;47890.10000000;43995.90000000;39985.50000000;36298.90000000;33254.50000000;30693.70000000;28627.70000000;26903.50000000;25450.60000000;24246.80000000;23192.80000000;22215.10000000;21253.30000000;20296.30000000;19341.40000000;18389.30000000;17448.70000000;16561.20000000;15734.00000000;14962.90000000;14238.40000000;13562.00000000;12930.60000000;12341.80000000;11788.90000000;11264.50000000;10761.80000000;10280.20000000;9834.72000000;9410.57000000;8992.30000000;8580.83000000;8168.18000000;7757.23000000;7342.98000000;6906.88000000;         ;         ;         ;         ;         ;         ;         ;         ;         ;         ;         ;         ;         ;         ;         
;95% LL;0.40137600;3.51799000;12.21280000;33.61530000;91.40810000;250.64400000;663.22100000;1652.96000000;3698.67000000;7193.46000000;13064.10000000;22121.90000000;33264.80000000;47680.00000000;64636.30000000;83948.60000000;102984.00000000;123779.00000000;144070.00000000;164462.00000000;172734.00000000;171804.00000000;162153.00000000;150350.00000000;137887.00000000;120597.00000000;99692.00000000;79047.70000000;67559.90000000;61918.90000000;59658.70000000;56954.40000000;53365.30000000;50049.50000000;47088.60000000;43679.90000000;40061.50000000;36625.60000000;33551.50000000;31048.10000000;28981.10000000;27224.70000000;25759.60000000;24497.90000000;23404.60000000;22411.60000000;21477.30000000;20495.10000000;19565.50000000;18641.20000000;17718.60000000;16798.30000000;15907.50000000;15114.80000000;14380.60000000;13677.30000000;13026.70000000;12413.80000000;11837.80000000;11298.30000000;10783.30000000;10287.70000000;9812.77000000;9373.35000000;8962.06000000;8552.66000000;8152.81000000;7750.86000000;7349.61000000;6944.70000000;6518.43000000;         ;         ;         ;         ;         ;         ;         ;         ;         ;         ;         ;         ;         ;         ;         
;95% UL;1.94024000;16.80200000;56.14820000;142.72900000;337.14100000;784.02700000;1780.66000000;3834.63000000;7673.48000000;13773.90000000;22773.20000000;34626.40000000;49378.30000000;67084.30000000;86964.00000000;108836.00000000;129728.00000000;150690.00000000;170590.00000000;189687.00000000;196877.00000000;194356.00000000;183120.00000000;169993.00000000;155479.00000000;135930.00000000;113259.00000000;90572.60000000;77880.60000000;71778.80000000;69589.60000000;66589.70000000;62822.20000000;59482.30000000;56867.90000000;53669.30000000;49324.70000000;44469.90000000;39856.80000000;36063.40000000;32916.60000000;30422.20000000;28399.70000000;26742.80000000;25383.90000000;24230.50000000;23199.90000000;22204.90000000;21200.90000000;20222.80000000;19245.90000000;18277.10000000;17360.10000000;16500.30000000;15696.10000000;14931.20000000;14223.70000000;13577.10000000;12978.30000000;12411.30000000;11883.70000000;11375.10000000;10898.90000000;10457.80000000;10036.80000000;9620.14000000;9208.99000000;8795.02000000;8381.09000000;7961.86000000;7517.97000000;         ;         ;         ;         ;         ;         ;         ;         ;         ;         ;         ;         ;         ;         ;         
AIDS deaths in males aged 25-49 years;Mean;0.73661300;6.43753000;21.92090000;57.13450000;138.61400000;331.51300000;775.07300000;1732.25000000;3542.09000000;6546.42000000;10985.00000000;16944.10000000;24116.90000000;32374.10000000;41400.00000000;50806.40000000;59539.30000000;68222.80000000;76301.70000000;83957.30000000;87104.50000000;86729.70000000;83053.10000000;78198.90000000;72843.30000000;64504.40000000;53930.50000000;43845.10000000;38363.30000000;36016.70000000;35264.80000000;33859.40000000;31785.30000000;29968.30000000;28523.70000000;26704.30000000;24621.50000000;22430.30000000;20285.50000000;18464.30000000;16868.30000000;15572.90000000;14481.80000000;13566.50000000;12818.80000000;12176.70000000;11597.10000000;11039.90000000;10496.30000000;9962.68000000;9436.77000000;8924.04000000;8446.59000000;8006.59000000;7600.77000000;7223.09000000;6874.96000000;6553.32000000;6256.52000000;5979.77000000;5718.99000000;5470.20000000;5232.76000000;5012.62000000;4802.02000000;4593.67000000;4386.62000000;4177.15000000;3966.52000000;3754.50000000;3532.96000000;         ;         ;         ;         ;         ;         ;         ;         ;         ;         ;         ;         ;         ;         ;         
;95% LL;0.23237900;2.07202000;7.45042000;21.48050000;60.52380000;170.08000000;447.82700000;1078.80000000;2370.29000000;4480.42000000;8129.40000000;12885.30000000;18855.50000000;25989.80000000;34155.80000000;43182.00000000;51592.70000000;60201.20000000;68801.60000000;76860.90000000;80349.50000000;80358.10000000;77085.50000000;72632.50000000;67454.20000000;59458.40000000;49262.50000000;39650.60000000;34138.10000000;31650.90000000;30852.50000000;29571.30000000;27809.00000000;26200.50000000;24847.50000000;23161.40000000;21448.40000000;19763.80000000;18165.10000000;16790.90000000;15553.10000000;14521.90000000;13626.20000000;12851.50000000;12192.90000000;11610.80000000;11074.50000000;10539.90000000;10022.80000000;9518.98000000;9009.78000000;8516.23000000;8055.02000000;7631.48000000;7246.08000000;6890.49000000;6555.26000000;6252.59000000;5963.87000000;5698.21000000;5450.39000000;5213.71000000;4988.77000000;4777.18000000;4574.38000000;4373.04000000;4172.44000000;3969.12000000;3763.55000000;3553.99000000;3335.04000000;         ;         ;         ;         ;         ;         ;         ;         ;         ;         ;         ;         ;         ;         ;         
;95% UL;1.12615000;9.88741000;33.79620000;89.04270000;217.74700000;518.61900000;1185.17000000;2544.95000000;5110.27000000;8972.81000000;14236.30000000;21393.60000000;29498.00000000;38894.30000000;48272.90000000;57598.20000000;66582.40000000;76082.40000000;84670.60000000;92505.80000000;95539.90000000;94817.90000000;90622.20000000;85133.40000000;79094.10000000;70137.60000000;58953.70000000;48306.80000000;42608.00000000;40345.20000000;39835.90000000;38587.00000000;36378.70000000;34477.10000000;33066.30000000;31224.60000000;28729.60000000;25882.90000000;23012.70000000;20579.70000000;18508.80000000;16885.60000000;15537.50000000;14431.40000000;13582.30000000;12886.40000000;12273.20000000;11683.50000000;11110.70000000;10546.00000000;10005.80000000;9476.67000000;8975.70000000;8509.46000000;8069.73000000;7660.59000000;7284.60000000;6947.25000000;6625.48000000;6323.35000000;6040.22000000;5790.21000000;5550.68000000;5329.71000000;5108.90000000;4886.45000000;4670.11000000;4456.90000000;4242.74000000;4023.01000000;3791.07000000;         ;         ;         ;         ;         ;         ;         ;         ;         ;         ;         ;         ;         ;         ;         
AIDS deaths in females aged 25-49 years;Mean;0.53597500;4.56303000;14.64710000;35.04770000;77.60380000;172.77700000;393.68900000;879.76800000;1854.94000000;3613.26000000;6481.83000000;10780.70000000;16647.80000000;24283.90000000;33725.40000000;44754.40000000;56016.30000000;68108.10000000;80484.30000000;92976.70000000;97561.90000000;96100.40000000;89428.80000000;81802.50000000;73917.80000000;63589.80000000;52233.50000000;40574.70000000;34028.00000000;30466.80000000;28856.50000000;27286.70000000;25586.80000000;24017.60000000;22662.50000000;21185.80000000;19374.50000000;17555.20000000;16013.40000000;14790.20000000;13825.40000000;13054.80000000;12421.70000000;11884.10000000;11428.10000000;11016.10000000;10618.00000000;10213.50000000;9800.01000000;9378.71000000;8952.57000000;8524.69000000;8114.65000000;7727.43000000;7362.14000000;7015.35000000;6687.00000000;6377.30000000;6085.24000000;5809.14000000;5545.48000000;5291.64000000;5047.40000000;4822.10000000;4608.56000000;4398.63000000;4194.22000000;3991.04000000;3790.70000000;3588.48000000;3373.91000000;         ;         ;         ;         ;         ;         ;         ;         ;         ;         ;         ;         ;         ;         ;         
;95% LL;0.16899800;1.44817000;4.76236000;12.13480000;30.43410000;81.79900000;214.29600000;546.28500000;1257.05000000;2594.39000000;4835.55000000;8466.20000000;13600.00000000;20429.30000000;29093.10000000;39421.50000000;49908.60000000;61354.90000000;73276.00000000;85579.40000000;90285.30000000;89208.50000000;83163.00000000;76317.00000000;69189.30000000;59456.30000000;48632.60000000;37454.80000000;31053.40000000;27587.60000000;25921.50000000;24658.10000000;23051.10000000;21516.30000000;20171.90000000;18657.90000000;17153.40000000;15775.90000000;14644.50000000;13718.20000000;12986.70000000;12412.20000000;11891.40000000;11434.20000000;11017.30000000;10604.10000000;10216.50000000;9819.26000000;9419.00000000;9010.88000000;8589.90000000;8169.47000000;7760.76000000;7376.20000000;7024.22000000;6693.35000000;6380.28000000;6074.53000000;5786.98000000;5515.67000000;5257.01000000;5009.29000000;4778.23000000;4557.97000000;4354.51000000;4149.12000000;3947.66000000;3747.87000000;3556.36000000;3363.75000000;3159.63000000;         ;         ;         ;         ;         ;         ;         ;         ;         ;         ;         ;         ;         ;         ;         
;95% UL;0.81666900;6.95322000;22.35200000;53.68630000;119.39500000;265.40800000;595.48300000;1289.69000000;2608.63000000;4872.60000000;8473.32000000;13671.60000000;20547.70000000;29103.50000000;39578.00000000;51486.00000000;63251.30000000;75630.50000000;88315.80000000;100863.00000000;104938.00000000;103037.00000000;96084.50000000;88056.70000000;79703.50000000;68392.90000000;56332.00000000;43909.40000000;37003.40000000;33378.50000000;31628.40000000;30085.00000000;28231.70000000;26703.60000000;25452.00000000;23943.70000000;21924.60000000;19661.50000000;17650.70000000;16038.40000000;14775.60000000;13786.40000000;13015.00000000;12434.80000000;11934.10000000;11479.90000000;11067.10000000;10659.20000000;10237.50000000;9803.41000000;9372.56000000;8931.51000000;8510.88000000;8120.71000000;7742.96000000;7382.39000000;7067.16000000;6768.31000000;6485.02000000;6215.82000000;5957.25000000;5706.75000000;5464.29000000;5240.44000000;5027.68000000;4813.85000000;4602.41000000;4396.30000000;4191.97000000;3984.23000000;3761.83000000;         ;         ;         ;         ;         ;         ;         ;         ;         ;         ;         ;         ;         ;         ;         
AIDS deaths in adults aged 50 or older;Mean;0.00242777;0.24168900;1.65333000;6.30869000;18.98580000;50.88260000;126.10200000;288.77600000;602.78200000;1143.23000000;1985.77000000;3198.47000000;4820.74000000;6882.23000000;9385.86000000;12291.40000000;15345.20000000;18770.10000000;22405.90000000;26327.20000000;28938.30000000;30280.40000000;29996.70000000;29119.50000000;27894.70000000;25468.20000000;22229.90000000;18669.80000000;16868.40000000;16118.70000000;16126.70000000;16031.20000000;15793.20000000;15679.00000000;15779.90000000;15790.20000000;15493.40000000;15194.20000000;15092.30000000;15195.10000000;15457.90000000;15893.40000000;16451.10000000;17127.20000000;17944.70000000;18875.70000000;19899.00000000;20960.40000000;22031.30000000;23078.40000000;24071.20000000;25000.70000000;25836.20000000;26570.80000000;27204.20000000;27738.70000000;28177.30000000;28522.80000000;28781.20000000;28961.50000000;29072.00000000;29120.40000000;29109.20000000;29024.70000000;28883.30000000;28701.70000000;28480.20000000;28228.30000000;27944.40000000;27635.10000000;27320.60000000;         ;         ;         ;         ;         ;         ;         ;         ;         ;         ;         ;         ;         ;         ;         
;95% LL;0.00082950;0.08169760;0.59785400;2.54484000;8.66740000;26.16870000;71.98960000;176.30900000;385.76600000;745.77300000;1427.29000000;2405.05000000;3694.38000000;5364.43000000;7459.66000000;9999.26000000;12733.60000000;15872.30000000;19288.30000000;22975.00000000;25658.50000000;27140.30000000;27198.10000000;26581.80000000;25607.10000000;23501.20000000;20552.10000000;17300.90000000;15597.10000000;14815.70000000;14760.80000000;14598.20000000;14407.10000000;14271.20000000;14292.80000000;14270.10000000;14084.70000000;13967.60000000;14037.30000000;14274.80000000;14659.70000000;15193.20000000;15817.90000000;16542.40000000;17377.00000000;18308.20000000;19314.50000000;20352.60000000;21395.80000000;22442.70000000;23441.80000000;24343.10000000;25147.00000000;25837.80000000;26441.80000000;26964.10000000;27388.30000000;27723.00000000;27972.30000000;28145.10000000;28249.50000000;28288.20000000;28276.10000000;28168.60000000;28006.50000000;27817.80000000;27612.30000000;27372.00000000;27098.70000000;26761.50000000;26416.20000000;         ;         ;         ;         ;         ;         ;         ;         ;         ;         ;         ;         ;         ;         ;         
;95% UL;0.00447403;0.38257400;2.57062000;9.89292000;29.91100000;79.73010000;193.57400000;427.94800000;889.79100000;1596.85000000;2628.17000000;4105.40000000;6053.64000000;8405.48000000;11263.70000000;14475.90000000;17789.20000000;21451.00000000;25385.00000000;29646.80000000;32447.20000000;33820.50000000;33384.40000000;32233.90000000;30653.50000000;27766.20000000;24241.00000000;20400.40000000;18465.30000000;17681.40000000;17691.30000000;17602.30000000;17374.10000000;17330.70000000;17505.20000000;17639.70000000;17254.30000000;16680.80000000;16313.00000000;16202.70000000;16294.60000000;16631.80000000;17128.70000000;17767.90000000;18553.90000000;19481.80000000;20521.10000000;21606.60000000;22695.10000000;23754.60000000;24759.30000000;25705.90000000;26560.80000000;27304.40000000;27956.60000000;28530.00000000;28997.70000000;29371.80000000;29658.00000000;29869.20000000;29995.90000000;30073.60000000;30084.60000000;30021.90000000;29888.80000000;29735.40000000;29551.70000000;29316.50000000;29043.30000000;28745.80000000;28419.00000000;         ;         ;         ;         ;         ;         ;         ;         ;         ;         ;         ;         ;         ;         ;         
AIDS deaths in men aged 50 or older;Mean;0.00209750;0.15121200;1.11511000;4.56412000;14.46680000;40.06110000;100.94200000;232.59400000;485.04900000;914.46700000;1572.63000000;2498.71000000;3699.30000000;5168.88000000;6875.55000000;8755.70000000;10615.80000000;12588.80000000;14533.00000000;16482.20000000;17613.40000000;18022.30000000;17549.10000000;16742.70000000;15780.60000000;14182.50000000;12137.10000000;10076.70000000;9050.58000000;8686.21000000;8716.90000000;8650.33000000;8452.36000000;8333.49000000;8359.02000000;8338.08000000;8204.83000000;8076.71000000;8029.46000000;8071.63000000;8175.45000000;8371.19000000;8623.59000000;8934.70000000;9316.32000000;9754.40000000;10237.50000000;10735.40000000;11233.40000000;11714.20000000;12162.30000000;12571.40000000;12926.20000000;13224.00000000;13465.80000000;13653.20000000;13787.60000000;13872.10000000;13910.40000000;13909.00000000;13872.60000000;13806.00000000;13711.30000000;13583.30000000;13431.10000000;13262.80000000;13080.30000000;12888.40000000;12686.70000000;12476.70000000;12267.70000000;         ;         ;         ;         ;         ;         ;         ;         ;         ;         ;         ;         ;         ;         ;         
;95% LL;0.00071080;0.05224120;0.41666500;1.89186000;6.81544000;20.86380000;58.65990000;143.48800000;302.03100000;600.65200000;1101.13000000;1782.86000000;2695.66000000;3849.42000000;5233.95000000;6812.98000000;8426.98000000;10202.00000000;12031.40000000;13959.60000000;15197.70000000;15822.40000000;15618.00000000;15123.10000000;14226.70000000;12810.40000000;10849.30000000;9003.90000000;8091.04000000;7767.26000000;7806.42000000;7775.56000000;7584.90000000;7455.58000000;7443.80000000;7393.26000000;7314.76000000;7316.75000000;7405.35000000;7556.97000000;7734.33000000;7985.90000000;8289.50000000;8635.92000000;9031.73000000;9471.86000000;9946.77000000;10432.10000000;10914.60000000;11378.00000000;11807.50000000;12197.50000000;12533.10000000;12812.40000000;13032.80000000;13195.70000000;13307.30000000;13370.90000000;13394.80000000;13387.50000000;13347.40000000;13279.30000000;13184.90000000;13059.30000000;12910.10000000;12741.50000000;12559.70000000;12369.20000000;12171.80000000;11967.60000000;11763.10000000;         ;         ;         ;         ;         ;         ;         ;         ;         ;         ;         ;         ;         ;         ;         
;95% UL;0.00397601;0.24583500;1.74493000;7.20224000;22.90680000;62.98330000;155.21300000;347.47100000;712.91800000;1289.17000000;2105.74000000;3237.88000000;4679.15000000;6353.13000000;8301.70000000;10390.90000000;12640.10000000;15049.80000000;17379.10000000;19636.90000000;20921.30000000;21326.40000000;20674.50000000;19583.70000000;18271.30000000;16240.00000000;13723.90000000;11193.20000000;10042.50000000;9727.14000000;9850.85000000;9805.72000000;9583.26000000;9446.44000000;9472.29000000;9445.96000000;9226.30000000;8953.07000000;8748.04000000;8651.67000000;8654.76000000;8777.82000000;8978.98000000;9257.40000000;9627.90000000;10069.30000000;10541.90000000;11053.30000000;11572.70000000;12073.90000000;12546.80000000;12987.50000000;13377.90000000;13695.10000000;13954.60000000;14157.70000000;14306.00000000;14401.90000000;14460.80000000;14484.40000000;14460.20000000;14402.40000000;14314.60000000;14191.80000000;14043.40000000;13877.70000000;13694.90000000;13517.50000000;13325.40000000;13111.10000000;12897.30000000;         ;         ;         ;         ;         ;         ;         ;         ;         ;         ;         ;         ;         ;         ;         
AIDS deaths in women aged 50 or older;Mean;0.00033027;0.09047670;0.53822800;1.74456000;4.51895000;10.82150000;25.15990000;56.18150000;117.73300000;228.76400000;413.14300000;699.75700000;1121.44000000;1713.35000000;2510.32000000;3535.73000000;4729.36000000;6181.29000000;7872.81000000;9845.02000000;11324.90000000;12258.10000000;12447.60000000;12376.70000000;12114.10000000;11285.70000000;10092.90000000;8593.11000000;7817.79000000;7432.48000000;7409.78000000;7380.85000000;7340.86000000;7345.56000000;7420.86000000;7452.14000000;7288.58000000;7117.52000000;7062.83000000;7123.45000000;7282.43000000;7522.21000000;7827.56000000;8192.47000000;8628.40000000;9121.29000000;9661.48000000;10224.90000000;10797.90000000;11364.20000000;11908.90000000;12429.30000000;12910.10000000;13346.80000000;13738.40000000;14085.50000000;14389.70000000;14650.70000000;14870.80000000;15052.50000000;15199.40000000;15314.30000000;15398.00000000;15441.40000000;15452.20000000;15438.90000000;15399.90000000;15339.90000000;15257.70000000;15158.30000000;15052.90000000;         ;         ;         ;         ;         ;         ;         ;         ;         ;         ;         ;         ;         ;         ;         
;95% LL;0.00012203;0.02945630;0.18118900;0.63013600;1.83339000;5.22191000;13.88550000;34.88210000;77.20430000;159.11000000;293.03900000;522.09900000;862.31000000;1352.87000000;2025.52000000;2893.30000000;3934.88000000;5252.47000000;6788.76000000;8641.63000000;10060.70000000;10983.30000000;11247.10000000;11259.00000000;11066.60000000;10265.10000000;9198.29000000;7843.97000000;7060.95000000;6667.03000000;6635.67000000;6622.32000000;6595.47000000;6542.17000000;6596.14000000;6587.60000000;6470.68000000;6403.86000000;6464.32000000;6615.86000000;6841.24000000;7127.35000000;7470.06000000;7854.59000000;8298.44000000;8792.08000000;9327.57000000;9890.54000000;10457.50000000;11007.40000000;11537.30000000;12058.40000000;12524.10000000;12947.40000000;13323.40000000;13658.50000000;13956.00000000;14209.00000000;14417.90000000;14589.50000000;14723.20000000;14834.50000000;14911.70000000;14949.80000000;14953.70000000;14935.70000000;14892.90000000;14826.90000000;14727.10000000;14620.80000000;14511.90000000;         ;         ;         ;         ;         ;         ;         ;         ;         ;         ;         ;         ;         ;         ;         
;95% UL;0.00050977;0.13832600;0.82569400;2.69069000;7.00418000;16.74680000;38.36120000;83.18390000;167.81200000;317.20100000;548.82800000;895.81000000;1397.42000000;2086.18000000;2995.98000000;4149.84000000;5468.97000000;7054.89000000;8875.53000000;10960.70000000;12504.90000000;13452.70000000;13596.90000000;13521.50000000;13239.00000000;12264.70000000;10985.70000000;9305.83000000;8515.46000000;8104.07000000;8159.50000000;8129.61000000;8078.61000000;8087.89000000;8239.25000000;8336.86000000;8109.91000000;7797.77000000;7648.79000000;7634.36000000;7729.23000000;7903.48000000;8162.26000000;8501.59000000;8931.10000000;9425.54000000;9973.20000000;10546.70000000;11131.50000000;11711.00000000;12269.40000000;12804.00000000;13298.90000000;13749.10000000;14157.50000000;14529.40000000;14834.90000000;15107.20000000;15342.90000000;15543.10000000;15707.50000000;15838.60000000;15935.40000000;15988.20000000;16009.50000000;16005.20000000;15973.70000000;15918.00000000;15846.70000000;15751.00000000;15648.80000000;         ;         ;         ;         ;         ;         ;         ;         ;         ;         ;         ;         ;         ;         ;         
Life expectancy at birth;Mean;62.70100000;62.80630000;62.94400000;63.07250000;63.18820000;63.27520000;63.29810000;63.22950000;63.01790000;62.62830000;62.04890000;61.27440000;60.36750000;59.42700000;58.42180000;57.38590000;56.40450000;55.26240000;54.13630000;53.52370000;53.67020000;54.21380000;55.25320000;56.36610000;57.63070000;59.11470000;60.58580000;61.89760000;62.72560000;63.24930000;63.61490000;63.99270000;64.37200000;64.71580000;64.40590000;62.53530000;62.80740000;65.35760000;65.70520000;66.02760000;66.32620000;66.59950000;66.85200000;67.08550000;67.30040000;67.50310000;67.69680000;67.88550000;68.07070000;68.25290000;68.43250000;68.60930000;68.78360000;68.95550000;69.12510000;69.29240000;69.45760000;69.62060000;69.78140000;69.94000000;70.09640000;70.25060000;70.40240000;70.55200000;70.69940000;70.84440000;70.98720000;71.12780000;71.26590000;71.40180000;71.53530000;         ;         ;         ;         ;         ;         ;         ;         ;         ;         ;         ;         ;         ;         ;         
;95% LL;62.70060000;62.80450000;62.93970000;63.06250000;63.16570000;63.22680000;63.20340000;63.06570000;62.76510000;62.26020000;61.56920000;60.68810000;59.69680000;58.68660000;57.62890000;56.56780000;55.58500000;54.46560000;53.39310000;52.86820000;53.06040000;53.64520000;54.69280000;55.86320000;57.17440000;58.71290000;60.23830000;61.59430000;62.45470000;62.99110000;63.35280000;63.74640000;64.12910000;64.47660000;64.17020000;62.31320000;62.59590000;65.16420000;65.55170000;65.90610000;66.23060000;66.52290000;66.78830000;67.03080000;67.25090000;67.45650000;67.65190000;67.84210000;68.02810000;68.21120000;68.39150000;68.56910000;68.74400000;68.91680000;69.08740000;69.25580000;69.42200000;69.58600000;69.74790000;69.90740000;70.06430000;70.21900000;70.37210000;70.52240000;70.67020000;70.81580000;70.95880000;71.09990000;71.23840000;71.37450000;71.50850000;         ;         ;         ;         ;         ;         ;         ;         ;         ;         ;         ;         ;         ;         ;         
;95% UL;62.70150000;62.80860000;62.94950000;63.08390000;63.21070000;63.31850000;63.37720000;63.36860000;63.22780000;62.94800000;62.45620000;61.75500000;60.95290000;60.08240000;59.11900000;58.12470000;57.16430000;56.01840000;54.86590000;54.21740000;54.32440000;54.81790000;55.80040000;56.84340000;58.03640000;59.46860000;60.88140000;62.12940000;62.92120000;63.44130000;63.80690000;64.18870000;64.56310000;64.91020000;64.60090000;62.71610000;62.97410000;65.51120000;65.82830000;66.12620000;66.40500000;66.66330000;66.90470000;67.13010000;67.34000000;67.53950000;67.73160000;67.91990000;68.10490000;68.28700000;68.46650000;68.64340000;68.81780000;68.98930000;69.15830000;69.32490000;69.48940000;69.65170000;69.81150000;69.96970000;70.12560000;70.27910000;70.43000000;70.57870000;70.72550000;70.86970000;71.01160000;71.15160000;71.28890000;71.42390000;71.55730000;         ;         ;         ;         ;         ;         ;         ;         ;         ;         ;         ;         ;         ;         ;         
Life expectancy at birth: males;Mean;58.74170000;58.84640000;58.96780000;59.08170000;59.18250000;59.25300000;59.25560000;59.16100000;58.91910000;58.49940000;57.89870000;57.12910000;56.26780000;55.51630000;54.74730000;54.01580000;53.27860000;52.36360000;51.50710000;51.30630000;51.52270000;51.99780000;52.83540000;53.77080000;54.86000000;56.16730000;57.50650000;58.65620000;59.38670000;59.83230000;60.14870000;60.50280000;60.88030000;61.22080000;61.20870000;59.62530000;59.52060000;61.61430000;61.94640000;62.25700000;62.54870000;62.81390000;63.05870000;63.28400000;63.48990000;63.68280000;63.86620000;64.04420000;64.21850000;64.38970000;64.55810000;64.72390000;64.88740000;65.04860000;65.20760000;65.36460000;65.51960000;65.67260000;65.82360000;65.97260000;66.11950000;66.26440000;66.40710000;66.54770000;66.68620000;66.82250000;66.95680000;67.08900000;67.21900000;67.34700000;67.47290000;         ;         ;         ;         ;         ;         ;         ;         ;         ;         ;         ;         ;         ;         ;         
;95% LL;58.74130000;58.84480000;58.96360000;59.07180000;59.15960000;59.20260000;59.15560000;58.98510000;58.64110000;58.12320000;57.41550000;56.52740000;55.57370000;54.73790000;53.94140000;53.20630000;52.53140000;51.64870000;50.78050000;50.57120000;50.79330000;51.28840000;52.15480000;53.13370000;54.27340000;55.64190000;57.05480000;58.27350000;59.02310000;59.46150000;59.75530000;60.11590000;60.50510000;60.87020000;60.87090000;59.32020000;59.24300000;61.35350000;61.73830000;62.09420000;62.42210000;62.71330000;62.97700000;63.21520000;63.42890000;63.62640000;63.81250000;63.99250000;64.16840000;64.34110000;64.51080000;64.67790000;64.84250000;65.00490000;65.16500000;65.32310000;65.47930000;65.63270000;65.78440000;65.93460000;66.08240000;66.22800000;66.37200000;66.51370000;66.65320000;66.79060000;66.92600000;67.05920000;67.19020000;67.31870000;67.44510000;         ;         ;         ;         ;         ;         ;         ;         ;         ;         ;         ;         ;         ;         ;         
;95% UL;58.74220000;58.84860000;58.97300000;59.09280000;59.20470000;59.29720000;59.33680000;59.30710000;59.14380000;58.84250000;58.31790000;57.65110000;56.90240000;56.25120000;55.55660000;54.87670000;54.16700000;53.25080000;52.32150000;52.05480000;52.21170000;52.61050000;53.38940000;54.26760000;55.34200000;56.60510000;57.92260000;59.03900000;59.73780000;60.18860000;60.49870000;60.83500000;61.18200000;61.50130000;61.47290000;59.85790000;59.72660000;61.80810000;62.09960000;62.38070000;62.64770000;62.89420000;63.12470000;63.33940000;63.53870000;63.72780000;63.90910000;64.08550000;64.25850000;64.42860000;64.59600000;64.76100000;64.92340000;65.08350000;65.24160000;65.39750000;65.55180000;65.70420000;65.85450000;66.00250000;66.14870000;66.29280000;66.43470000;66.57420000;66.71190000;66.84730000;66.98080000;67.11240000;67.24190000;67.36970000;67.49510000;         ;         ;         ;         ;         ;         ;         ;         ;         ;         ;         ;         ;         ;         ;         
Life expectancy at birth: females;Mean;66.72230000;66.82810000;66.98250000;67.12570000;67.25670000;67.36050000;67.40390000;67.36160000;67.18080000;66.82190000;66.26410000;65.48460000;64.53140000;63.39900000;62.15390000;60.80880000;59.57940000;58.20670000;56.80660000;55.77590000;55.85150000;56.46450000;57.70900000;59.00200000;60.44480000;62.10840000;63.71350000;65.18990000;66.11680000;66.71980000;67.13530000;67.53730000;67.91840000;68.26560000;67.65330000;65.49090000;66.14570000;69.15960000;69.52300000;69.85730000;70.16300000;70.44450000;70.70480000;70.94650000;71.17070000;71.38320000;71.58740000;71.78700000;71.98330000;72.17680000;72.36760000;72.55560000;72.74090000;72.92370000;73.10390000;73.28170000;73.45720000;73.63040000;73.80120000;73.96960000;74.13560000;74.29920000;74.46030000;74.61910000;74.77540000;74.92930000;75.08080000;75.22980000;75.37620000;75.52010000;75.66140000;         ;         ;         ;         ;         ;         ;         ;         ;         ;         ;         ;         ;         ;         ;         
;95% LL;66.72190000;66.82630000;66.97800000;67.11560000;67.23450000;67.31390000;67.31450000;67.20880000;66.94560000;66.48960000;65.80530000;64.90360000;63.84680000;62.61830000;61.29850000;59.90590000;58.65520000;57.31350000;55.96600000;54.94570000;55.10370000;55.75300000;57.02190000;58.35380000;59.84400000;61.57120000;63.25490000;64.82670000;65.79290000;66.41530000;66.83740000;67.24770000;67.63840000;67.98980000;67.37890000;65.23640000;65.91300000;68.94950000;69.36300000;69.73380000;70.06580000;70.36740000;70.64120000;70.89170000;71.12070000;71.33540000;71.54090000;71.74130000;71.93820000;72.13230000;72.32370000;72.51240000;72.69830000;72.88170000;73.06270000;73.24170000;73.41780000;73.59140000;73.76280000;73.93210000;74.09900000;74.26340000;74.42550000;74.58450000;74.74140000;74.89490000;75.04600000;75.19460000;75.34070000;75.48420000;75.62520000;         ;         ;         ;         ;         ;         ;         ;         ;         ;         ;         ;         ;         ;         ;         
;95% UL;66.72290000;66.83060000;66.98840000;67.13750000;67.27950000;67.40320000;67.48130000;67.49260000;67.38170000;67.11570000;66.65940000;65.96710000;65.12010000;64.08480000;62.92110000;61.63540000;60.44430000;59.08270000;57.66780000;56.60400000;56.64630000;57.21280000;58.39960000;59.61670000;60.97450000;62.58800000;64.12620000;65.55380000;66.46500000;67.05030000;67.43880000;67.83520000;68.19840000;68.52800000;67.90370000;65.72670000;66.36020000;69.35270000;69.67350000;69.97430000;70.25550000;70.51930000;70.76680000;71.00090000;71.21990000;71.42920000;71.63160000;71.82990000;72.02520000;72.21770000;72.40780000;72.59550000;72.78020000;72.96230000;73.14190000;73.31900000;73.49380000;73.66650000;73.83700000;74.00500000;74.17070000;74.33380000;74.49450000;74.65230000;74.80760000;74.96120000;75.11190000;75.26010000;75.40600000;75.54930000;75.69030000;         ;         ;         ;         ;         ;         ;         ;         ;         ;         ;         ;         ;         ;         ;         
Prob that 15-year old dies before 60;Mean;0.28191500;0.28293600;0.28398600;0.28509600;0.28634400;0.28791900;0.29021600;0.29391200;0.29989300;0.30900400;0.32178000;0.33831100;0.35825400;0.37694100;0.39972000;0.42229300;0.44344100;0.46528500;0.48710900;0.50415500;0.50762500;0.50077500;0.48532400;0.46755700;0.44870700;0.42388500;0.39520300;0.36625600;0.34825800;0.33723900;0.33043800;0.32316800;0.31529400;0.30804500;0.30959300;0.33839700;0.32478100;0.27865600;0.27237600;0.26688700;0.26197900;0.25766600;0.25377100;0.25021600;0.24697700;0.24392700;0.24099500;0.23809700;0.23520900;0.23231300;0.22940100;0.22646900;0.22352100;0.22056500;0.21761500;0.21468800;0.21180000;0.20896500;0.20619500;0.20349600;0.20087600;0.19833700;0.19587700;0.19349500;0.19119000;0.18895700;0.18679200;0.18469200;0.18265100;0.18066300;0.17872600;         ;         ;         ;         ;         ;         ;         ;         ;         ;         ;         ;         ;         ;         ;         
;95% LL;0.28191300;0.28291900;0.28393400;0.28497200;0.28608200;0.28739500;0.28919500;0.29202500;0.29672200;0.30366300;0.31416600;0.32896000;0.34643200;0.36312200;0.38430400;0.40556500;0.42653800;0.44874500;0.47092500;0.48919700;0.49412000;0.48832000;0.47381100;0.45685100;0.43936100;0.41561400;0.38815400;0.36062500;0.34343800;0.33259100;0.32574800;0.31841200;0.31054700;0.30339100;0.30482000;0.33381400;0.32055300;0.27485400;0.26934100;0.26451500;0.26012000;0.25617800;0.25254500;0.24916800;0.24602800;0.24305000;0.24016300;0.23730000;0.23444700;0.23156300;0.22864500;0.22571100;0.22276600;0.21981800;0.21688000;0.21397000;0.21108800;0.20826500;0.20550800;0.20282700;0.20023100;0.19771500;0.19526700;0.19292000;0.19063200;0.18842100;0.18627200;0.18418200;0.18215500;0.18018700;0.17826100;         ;         ;         ;         ;         ;         ;         ;         ;         ;         ;         ;         ;         ;         ;         
;95% UL;0.28191600;0.28294800;0.28402800;0.28520300;0.28659800;0.28849600;0.29144700;0.29628100;0.30411200;0.31554000;0.33092600;0.34966500;0.37139600;0.39212500;0.41628800;0.43976100;0.46115200;0.48274500;0.50337000;0.51919900;0.52163900;0.51456800;0.49853200;0.47985200;0.45983100;0.43355000;0.40343800;0.37347700;0.35476300;0.34354200;0.33692600;0.32932500;0.32136600;0.31388000;0.31560700;0.34428800;0.33014200;0.28336000;0.27602900;0.26974700;0.26424000;0.25949400;0.25530300;0.25154200;0.24816200;0.24503600;0.24208100;0.23916000;0.23624000;0.23335600;0.23043100;0.22747400;0.22450400;0.22152000;0.21853900;0.21557900;0.21267800;0.20983000;0.20704400;0.20434000;0.20168100;0.19912100;0.19662400;0.19421000;0.19188700;0.18961900;0.18743800;0.18535200;0.18332200;0.18134300;0.17941100;         ;         ;         ;         ;         ;         ;         ;         ;         ;         ;         ;         ;         ;         ;         
Prob that 15-year old male dies before 60;Mean;0.35394100;0.35617700;0.35844300;0.36078000;0.36329100;0.36622100;0.37007000;0.37566000;0.38399000;0.39586100;0.41154100;0.43067600;0.45241700;0.46897200;0.48834600;0.50421200;0.52070100;0.53721200;0.55286000;0.56107400;0.56113400;0.55378600;0.54142000;0.52549900;0.50838300;0.48510000;0.45701500;0.42967900;0.41248400;0.40226000;0.39575300;0.38813100;0.37933800;0.37125900;0.36688400;0.39460000;0.38743300;0.34413000;0.33768500;0.33196600;0.32673700;0.32216100;0.31801800;0.31424900;0.31083700;0.30764600;0.30459700;0.30159600;0.29861700;0.29564200;0.29266200;0.28967300;0.28667700;0.28368200;0.28070100;0.27774700;0.27483500;0.27197600;0.26917800;0.26644500;0.26378700;0.26120700;0.25870200;0.25627000;0.25391000;0.25161800;0.24939000;0.24722200;0.24510900;0.24304400;0.24102300;         ;         ;         ;         ;         ;         ;         ;         ;         ;         ;         ;         ;         ;         ;         
;95% LL;0.35393900;0.35616100;0.35839000;0.36064600;0.36299400;0.36560100;0.36882700;0.37325800;0.37982500;0.38862300;0.40206900;0.41778300;0.43629800;0.44990000;0.46705600;0.48131600;0.49831300;0.51638300;0.53306000;0.54238200;0.54377400;0.53786500;0.52678600;0.51203600;0.49595400;0.47376600;0.44586500;0.41961500;0.40320000;0.39301200;0.38659100;0.37935000;0.37127400;0.36367100;0.35954600;0.38790500;0.38141700;0.33874800;0.33337200;0.32851800;0.32397100;0.31988900;0.31610500;0.31258900;0.30932700;0.30622900;0.30324000;0.30029000;0.29736000;0.29443700;0.29151100;0.28857900;0.28564400;0.28271300;0.27976800;0.27682900;0.27395100;0.27112400;0.26835300;0.26565000;0.26303300;0.26049000;0.25802400;0.25562000;0.25327200;0.25099600;0.24878300;0.24665000;0.24456900;0.24252800;0.24053100;         ;         ;         ;         ;         ;         ;         ;         ;         ;         ;         ;         ;         ;         ;         
;95% UL;0.35394200;0.35619000;0.35848800;0.36090200;0.36359800;0.36694400;0.37163100;0.37864900;0.38952300;0.40418400;0.42218100;0.44428600;0.46852700;0.48704400;0.50756700;0.52278800;0.53984400;0.55801000;0.57451200;0.58314700;0.58311900;0.57525200;0.56184700;0.54449500;0.52563500;0.50027700;0.46974800;0.43977300;0.42235700;0.41193300;0.40592500;0.39821300;0.38914100;0.38061200;0.37615800;0.40325900;0.39526800;0.35108900;0.34324300;0.33624200;0.33010800;0.32487000;0.32024700;0.31613900;0.31252200;0.30920300;0.30611200;0.30307100;0.30005500;0.29704800;0.29401500;0.29098200;0.28795200;0.28493800;0.28192900;0.27894200;0.27599400;0.27310700;0.27028000;0.26750200;0.26479700;0.26216500;0.25960600;0.25712500;0.25471600;0.25237600;0.25010300;0.24792400;0.24581200;0.24371600;0.24165900;         ;         ;         ;         ;         ;         ;         ;         ;         ;         ;         ;         ;         ;         ;         
Prob that 15-year old female dies before 60;Mean;0.20988900;0.20969400;0.20952900;0.20941200;0.20939700;0.20961600;0.21036200;0.21216400;0.21579600;0.22214700;0.23201800;0.24594500;0.26409100;0.28491100;0.31109400;0.34037400;0.36618100;0.39335800;0.42135800;0.44723600;0.45411600;0.44776300;0.42922800;0.40961600;0.38903000;0.36266900;0.33339000;0.30283300;0.28403300;0.27221800;0.26512200;0.25820400;0.25125100;0.24483100;0.25230300;0.28219400;0.26212900;0.21318200;0.20706700;0.20180700;0.19722100;0.19317100;0.18952400;0.18618300;0.18311600;0.18020800;0.17739300;0.17459900;0.17180100;0.16898400;0.16614000;0.16326500;0.16036500;0.15744800;0.15452900;0.15162800;0.14876400;0.14595400;0.14321200;0.14054700;0.13796400;0.13546600;0.13305200;0.13072100;0.12847000;0.12629600;0.12419400;0.12216100;0.12019200;0.11828300;0.11642800;         ;         ;         ;         ;         ;         ;         ;         ;         ;         ;         ;         ;         ;         ;         
;95% LL;0.20988700;0.20967700;0.20947800;0.20929800;0.20916900;0.20919200;0.20955700;0.21072000;0.21330100;0.21818000;0.22596900;0.23792400;0.25398200;0.27295800;0.29741700;0.32554600;0.35062700;0.37754400;0.40540900;0.43161400;0.43884700;0.43299800;0.41526300;0.39688700;0.37725600;0.35217400;0.32411200;0.29454700;0.27609900;0.26458200;0.25812600;0.25131200;0.24474100;0.23856600;0.24634700;0.27638100;0.25692300;0.20877000;0.20367900;0.19920300;0.19517900;0.19153200;0.18816300;0.18502200;0.18205500;0.17921300;0.17643800;0.17363400;0.17083700;0.16803500;0.16521900;0.16236200;0.15948400;0.15657900;0.15367300;0.15079400;0.14795400;0.14515800;0.14243100;0.13978900;0.13723100;0.13474800;0.13234500;0.13003500;0.12782000;0.12566000;0.12357000;0.12154900;0.11959800;0.11770600;0.11587800;         ;         ;         ;         ;         ;         ;         ;         ;         ;         ;         ;         ;         ;         ;         
;95% UL;0.20989000;0.20970700;0.20956800;0.20950500;0.20959800;0.21004900;0.21126400;0.21391300;0.21886200;0.22708500;0.23942500;0.25576300;0.27678100;0.29971600;0.32771600;0.35858500;0.38470100;0.41160900;0.43890800;0.46448600;0.47022200;0.46262800;0.44311000;0.42310200;0.40177700;0.37442600;0.34359900;0.31093700;0.29145500;0.27916200;0.27201900;0.26467900;0.25771900;0.25116800;0.25886400;0.28832700;0.26767000;0.21797400;0.21074400;0.20460300;0.19936600;0.19485800;0.19092500;0.18743000;0.18427800;0.18133400;0.17851100;0.17571300;0.17288900;0.17003900;0.16718300;0.16429500;0.16135400;0.15842800;0.15550100;0.15259100;0.14971300;0.14688000;0.14410000;0.14141600;0.13881300;0.13629500;0.13385600;0.13154900;0.12931900;0.12716100;0.12507300;0.12305100;0.12109000;0.11918600;0.11733400;         ;         ;         ;         ;         ;         ;         ;         ;         ;         ;         ;         ;         ;         ;         
Crude AIDS mortality rate (AIDS deaths/100 000);Mean;0.03773860;0.16194300;0.38259500;0.84791300;1.88607000;4.19930000;9.04481000;18.17920000;33.41640000;56.29930000;87.87700000;128.39000000;177.24300000;232.38400000;293.73300000;358.34000000;417.65800000;476.77000000;532.21800000;585.11300000;596.39400000;577.40900000;532.39500000;480.97100000;423.79600000;355.28900000;287.03000000;226.78800000;192.97100000;175.15500000;165.79900000;155.52300000;144.63100000;135.25500000;127.66300000;119.40600000;110.21500000;100.93800000;92.70130000;85.86630000;80.19300000;75.75010000;72.22090000;69.47970000;67.50620000;66.00930000;64.82700000;63.77080000;62.79070000;61.85210000;60.93270000;60.01820000;59.09910000;58.16960000;57.22630000;56.26770000;55.29360000;54.30430000;53.30040000;52.28260000;51.25160000;50.20800000;49.15250000;48.08550000;47.00750000;45.91890000;44.82010000;43.71170000;42.59430000;41.46880000;40.33620000;         ;         ;         ;         ;         ;         ;         ;         ;         ;         ;         ;         ;         ;         ;         
;95% LL;0.01185400;0.05254590;0.13491100;0.34081800;0.89704500;2.32130000;5.64726000;12.18400000;24.29050000;42.36650000;69.52560000;106.37500000;150.46400000;201.58100000;259.84000000;321.28800000;378.37000000;436.09200000;491.18200000;544.88800000;558.21800000;542.37800000;501.44400000;454.23400000;400.41900000;335.48700000;270.96100000;214.49600000;182.52900000;165.15900000;155.73600000;145.51100000;134.72500000;125.41100000;117.45500000;109.01700000;100.77700000;93.05560000;86.38710000;80.86020000;76.22700000;72.54530000;69.55920000;67.21110000;65.48210000;64.13620000;63.01670000;61.99940000;61.04340000;60.13420000;59.25010000;58.36700000;57.45000000;56.51620000;55.56790000;54.61540000;53.66890000;52.70790000;51.73310000;50.73060000;49.71090000;48.67520000;47.62370000;46.56110000;45.48790000;44.40470000;43.31180000;42.20980000;41.11330000;40.02010000;38.92010000;         ;         ;         ;         ;         ;         ;         ;         ;         ;         ;         ;         ;         ;         ;         
;95% UL;0.05649940;0.24330000;0.57943900;1.29453000;2.88076000;6.31321000;13.14120000;25.30590000;44.54080000;72.58130000;109.60000000;155.85700000;209.77700000;269.10000000;333.95500000;401.31000000;461.99500000;522.19200000;575.68800000;625.75800000;635.20700000;613.60600000;565.01800000;509.55100000;449.57700000;377.11100000;305.66100000;242.65500000;207.15800000;188.85700000;179.38700000;168.37100000;157.44600000;147.77600000;140.64300000;132.44000000;122.33000000;111.17100000;100.80900000;92.23280000;85.16240000;79.68230000;75.40170000;72.17870000;69.93100000;68.27880000;67.01630000;65.91150000;64.90520000;63.95010000;63.01960000;62.08720000;61.14850000;60.20810000;59.26430000;58.30500000;57.32940000;56.33780000;55.33060000;54.30840000;53.27190000;52.22170000;51.15850000;50.04300000;48.90650000;47.77200000;46.65670000;45.53190000;44.40540000;43.23820000;42.09660000;         ;         ;         ;         ;         ;         ;         ;         ;         ;         ;         ;         ;         ;         ;         
;;         ;         ;         ;         ;         ;         ;         ;         ;         ;         ;         ;         ;         ;         ;         ;         ;         ;         ;         ;         ;         ;         ;         ;         ;         ;         ;         ;         ;         ;         ;         ;         ;         ;         ;         ;         ;         ;         ;         ;         ;         ;         ;         ;         ;         ;         ;         ;         ;         ;         ;         ;         ;         ;         ;         ;         ;         ;         ;         ;         ;         ;         ;         ;         ;         ;         ;         ;         ;         ;         ;         ;         ;         ;         ;         ;         ;         ;         ;         ;         ;         ;         ;         ;         ;         ;         
Other demographic indicators;;         ;         ;         ;         ;         ;         ;         ;         ;         ;         ;         ;         ;         ;         ;         ;         ;         ;         ;         ;         ;         ;         ;         ;         ;         ;         ;         ;         ;         ;         ;         ;         ;         ;         ;         ;         ;         ;         ;         ;         ;         ;         ;         ;         ;         ;         ;         ;         ;         ;         ;         ;         ;         ;         ;         ;         ;         ;         ;         ;         ;         ;         ;         ;         ;         ;         ;         ;         ;         ;         ;         ;         ;         ;         ;         ;         ;         ;         ;         ;         ;         ;         ;         ;         ;         ;         
;;         ;         ;         ;         ;         ;         ;         ;         ;         ;         ;         ;         ;         ;         ;         ;         ;         ;         ;         ;         ;         ;         ;         ;         ;         ;         ;         ;         ;         ;         ;         ;         ;         ;         ;         ;         ;         ;         ;         ;         ;         ;         ;         ;         ;         ;         ;         ;         ;         ;         ;         ;         ;         ;         ;         ;         ;         ;         ;         ;         ;         ;         ;         ;         ;         ;         ;         ;         ;         ;         ;         ;         ;         ;         ;         ;         ;         ;         ;         ;         ;         ;         ;         ;         ;         ;         
Total population;Mean;32306300.00000000;33092000.00000000;33869600.00000000;34636300.00000000;35388700.00000000;36123200.00000000;36954200.00000000;37923000.00000000;38873200.00000000;39794300.00000000;40674300.00000000;41487900.00000000;42266800.00000000;42979800.00000000;43649000.00000000;44297400.00000000;44898100.00000000;45458400.00000000;45981700.00000000;46490100.00000000;47037100.00000000;47599200.00000000;48308300.00000000;49053000.00000000;49812000.00000000;50569100.00000000;51354300.00000000;52194700.00000000;53076300.00000000;53983000.00000000;54898400.00000000;55813200.00000000;56721900.00000000;57618500.00000000;58516400.00000000;59385800.00000000;60159800.00000000;60961100.00000000;61869200.00000000;62784400.00000000;63704600.00000000;64628000.00000000;65552500.00000000;66476400.00000000;67398500.00000000;68317600.00000000;69233000.00000000;70144500.00000000;71040900.00000000;71922100.00000000;72788200.00000000;73638800.00000000;74473300.00000000;75291100.00000000;76091500.00000000;76873700.00000000;77637100.00000000;78381200.00000000;79105200.00000000;79808700.00000000;80491100.00000000;81152300.00000000;81792000.00000000;82410300.00000000;83007200.00000000;83582900.00000000;84137800.00000000;84672000.00000000;85185800.00000000;85679600.00000000;86153700.00000000;         ;         ;         ;         ;         ;         ;         ;         ;         ;         ;         ;         ;         ;         ;         
;95% LL;32306300.00000000;33092000.00000000;33869600.00000000;34636200.00000000;35388400.00000000;36122600.00000000;36952800.00000000;37920100.00000000;38867500.00000000;39784200.00000000;40657900.00000000;41462800.00000000;42229900.00000000;42929300.00000000;43581700.00000000;44211800.00000000;44793100.00000000;45333300.00000000;45836100.00000000;46318300.00000000;46842900.00000000;47383100.00000000;48070900.00000000;48795500.00000000;49540700.00000000;50290500.00000000;51071300.00000000;51909500.00000000;52791000.00000000;53699300.00000000;54610300.00000000;55518100.00000000;56420100.00000000;57310900.00000000;58203500.00000000;59068100.00000000;59838200.00000000;60639700.00000000;61547100.00000000;62462000.00000000;63382000.00000000;64303600.00000000;65230000.00000000;66148400.00000000;67071100.00000000;67988500.00000000;68901500.00000000;69810700.00000000;70704800.00000000;71584000.00000000;72448000.00000000;73296700.00000000;74129400.00000000;74942500.00000000;75735300.00000000;76510300.00000000;77266700.00000000;78004100.00000000;78721800.00000000;79420300.00000000;80101700.00000000;80762100.00000000;81401300.00000000;82019100.00000000;82615700.00000000;83191200.00000000;83745200.00000000;84276500.00000000;84787600.00000000;85278900.00000000;85750700.00000000;         ;         ;         ;         ;         ;         ;         ;         ;         ;         ;         ;         ;         ;         ;         
;95% UL;32306300.00000000;33092000.00000000;33869700.00000000;34636400.00000000;35389000.00000000;36123900.00000000;36955500.00000000;37925700.00000000;38877900.00000000;39802800.00000000;40688100.00000000;41508800.00000000;42298600.00000000;43024900.00000000;43705300.00000000;44367200.00000000;44985600.00000000;45565000.00000000;46108400.00000000;46637500.00000000;47205200.00000000;47787600.00000000;48515700.00000000;49277700.00000000;50051900.00000000;50821800.00000000;51617400.00000000;52465700.00000000;53352900.00000000;54263800.00000000;55182000.00000000;56098700.00000000;57008200.00000000;57904800.00000000;58802000.00000000;59670200.00000000;60441900.00000000;61241000.00000000;62147700.00000000;63061900.00000000;63981500.00000000;64904500.00000000;65828800.00000000;66752800.00000000;67675000.00000000;68594300.00000000;69509900.00000000;70421700.00000000;71318300.00000000;72199800.00000000;73066100.00000000;73917600.00000000;74757800.00000000;75581200.00000000;76386900.00000000;77174300.00000000;77942700.00000000;78691400.00000000;79419900.00000000;80127600.00000000;80814000.00000000;81478900.00000000;82122200.00000000;82743800.00000000;83343800.00000000;83922600.00000000;84480400.00000000;85017600.00000000;85534300.00000000;86030900.00000000;86507800.00000000;         ;         ;         ;         ;         ;         ;         ;         ;         ;         ;         ;         ;         ;         ;         
Males age 15 years or older;Mean;9540720.00000000;9765300.00000000;9994940.00000000;10233900.00000000;10480100.00000000;10730000.00000000;10980700.00000000;11362800.00000000;11741300.00000000;12118500.00000000;12498500.00000000;12883400.00000000;13181700.00000000;13486600.00000000;13794700.00000000;14097400.00000000;14400100.00000000;14728500.00000000;15038300.00000000;15326700.00000000;15603000.00000000;15868400.00000000;16187300.00000000;16503800.00000000;16819000.00000000;17135100.00000000;17455300.00000000;17794000.00000000;18120600.00000000;18439700.00000000;18759900.00000000;19071300.00000000;19383700.00000000;19695700.00000000;20021200.00000000;20369200.00000000;20690600.00000000;21037300.00000000;21442500.00000000;21850800.00000000;22250800.00000000;22650700.00000000;23053100.00000000;23460900.00000000;23872200.00000000;24282500.00000000;24688900.00000000;25088000.00000000;25471000.00000000;25844700.00000000;26209000.00000000;26562400.00000000;26907000.00000000;27245800.00000000;27579100.00000000;27906400.00000000;28227500.00000000;28541900.00000000;28849400.00000000;29149900.00000000;29443200.00000000;29729400.00000000;30008900.00000000;30281800.00000000;30548200.00000000;30808100.00000000;31061200.00000000;31307400.00000000;31546100.00000000;31777000.00000000;31999700.00000000;         ;         ;         ;         ;         ;         ;         ;         ;         ;         ;         ;         ;         ;         ;         
;95% LL;9540720.00000000;9765300.00000000;9994940.00000000;10233900.00000000;10480000.00000000;10729800.00000000;10980400.00000000;11362000.00000000;11739500.00000000;12115000.00000000;12492300.00000000;12873500.00000000;13166800.00000000;13465500.00000000;13766100.00000000;14060200.00000000;14355000.00000000;14674900.00000000;14975400.00000000;15257600.00000000;15528700.00000000;15789600.00000000;16102000.00000000;16409200.00000000;16716100.00000000;17024900.00000000;17339000.00000000;17673100.00000000;17996600.00000000;18313500.00000000;18632100.00000000;18942000.00000000;19253400.00000000;19564700.00000000;19889000.00000000;20233800.00000000;20553100.00000000;20896600.00000000;21301000.00000000;21706800.00000000;22106300.00000000;22507400.00000000;22908100.00000000;23314600.00000000;23726800.00000000;24138200.00000000;24545800.00000000;24945800.00000000;25330000.00000000;25705200.00000000;26070900.00000000;26425800.00000000;26772100.00000000;27112900.00000000;27448400.00000000;27778100.00000000;28101500.00000000;28417800.00000000;28727100.00000000;29029200.00000000;29323000.00000000;29608600.00000000;29886200.00000000;30157300.00000000;30422000.00000000;30680000.00000000;30931400.00000000;31175800.00000000;31412800.00000000;31642000.00000000;31863100.00000000;         ;         ;         ;         ;         ;         ;         ;         ;         ;         ;         ;         ;         ;         ;         
;95% UL;9540720.00000000;9765300.00000000;9994950.00000000;10233900.00000000;10480200.00000000;10730100.00000000;10981100.00000000;11363600.00000000;11742800.00000000;12121300.00000000;12503400.00000000;12891800.00000000;13195200.00000000;13505100.00000000;13820800.00000000;14132300.00000000;14444800.00000000;14783700.00000000;15104500.00000000;15404000.00000000;15690700.00000000;15964400.00000000;16291100.00000000;16614300.00000000;16933500.00000000;17252000.00000000;17573400.00000000;17911900.00000000;18241200.00000000;18562600.00000000;18885000.00000000;19198300.00000000;19512300.00000000;19825500.00000000;20151800.00000000;20500300.00000000;20821500.00000000;21167800.00000000;21572800.00000000;21980600.00000000;22380100.00000000;22779400.00000000;23180600.00000000;23587900.00000000;23997900.00000000;24406700.00000000;24813100.00000000;25213000.00000000;25596600.00000000;25970800.00000000;26333900.00000000;26686100.00000000;27029900.00000000;27368400.00000000;27701700.00000000;28029600.00000000;28351300.00000000;28666500.00000000;28974300.00000000;29275500.00000000;29569900.00000000;29856500.00000000;30134100.00000000;30405300.00000000;30670000.00000000;30928200.00000000;31179700.00000000;31424400.00000000;31661600.00000000;31891100.00000000;32112400.00000000;         ;         ;         ;         ;         ;         ;         ;         ;         ;         ;         ;         ;         ;         ;         
Females age 15 years or older;Mean;9986110.00000000;10275400.00000000;10574700.00000000;10884100.00000000;11200800.00000000;11521000.00000000;11937900.00000000;12381000.00000000;12822000.00000000;13263400.00000000;13709000.00000000;14160700.00000000;14532100.00000000;14909400.00000000;15286300.00000000;15653800.00000000;16013700.00000000;16372700.00000000;16707000.00000000;17014900.00000000;17300400.00000000;17573900.00000000;17886400.00000000;18198900.00000000;18511900.00000000;18826400.00000000;19144800.00000000;19525100.00000000;19893500.00000000;20254000.00000000;20615800.00000000;20968600.00000000;21321500.00000000;21673700.00000000;22038200.00000000;22415400.00000000;22756000.00000000;23132800.00000000;23580600.00000000;24031400.00000000;24473700.00000000;24915500.00000000;25359200.00000000;25808600.00000000;26262100.00000000;26715100.00000000;27165100.00000000;27608500.00000000;28035500.00000000;28453200.00000000;28861500.00000000;29259400.00000000;29649100.00000000;30033200.00000000;30411800.00000000;30784800.00000000;31151900.00000000;31512800.00000000;31867400.00000000;32215500.00000000;32557100.00000000;32892500.00000000;33222000.00000000;33545800.00000000;33863900.00000000;34176500.00000000;34483300.00000000;34784100.00000000;35078400.00000000;35365700.00000000;35645700.00000000;         ;         ;         ;         ;         ;         ;         ;         ;         ;         ;         ;         ;         ;         ;         
;95% LL;9986110.00000000;10275400.00000000;10574700.00000000;10884000.00000000;11200700.00000000;11520900.00000000;11937700.00000000;12380500.00000000;12820900.00000000;13261200.00000000;13705100.00000000;14154200.00000000;14521800.00000000;14894200.00000000;15264300.00000000;15624200.00000000;15976900.00000000;16328300.00000000;16651600.00000000;16948300.00000000;17225100.00000000;17490200.00000000;17794700.00000000;18099900.00000000;18406700.00000000;18714700.00000000;19025000.00000000;19400400.00000000;19767300.00000000;20127000.00000000;20484600.00000000;20834700.00000000;21186800.00000000;21538500.00000000;21900200.00000000;22274700.00000000;22611800.00000000;22985500.00000000;23430300.00000000;23878700.00000000;24319000.00000000;24759200.00000000;25201500.00000000;25649600.00000000;26101900.00000000;26553900.00000000;27003000.00000000;27445700.00000000;27872200.00000000;28290500.00000000;28699500.00000000;29097200.00000000;29484900.00000000;29867800.00000000;30246600.00000000;30619700.00000000;30987100.00000000;31348400.00000000;31703400.00000000;32051700.00000000;32392600.00000000;32727300.00000000;33056100.00000000;33379300.00000000;33696900.00000000;34009000.00000000;34315400.00000000;34615800.00000000;34908500.00000000;35196800.00000000;35476900.00000000;         ;         ;         ;         ;         ;         ;         ;         ;         ;         ;         ;         ;         ;         ;         
;95% UL;9986110.00000000;10275400.00000000;10574700.00000000;10884100.00000000;11200800.00000000;11521100.00000000;11938200.00000000;12381500.00000000;12823000.00000000;13265200.00000000;13712200.00000000;14166100.00000000;14540400.00000000;14922200.00000000;15303500.00000000;15676100.00000000;16042800.00000000;16409400.00000000;16751800.00000000;17068400.00000000;17362800.00000000;17645100.00000000;17966300.00000000;18287000.00000000;18607500.00000000;18928800.00000000;19253100.00000000;19638100.00000000;20010200.00000000;20373800.00000000;20738300.00000000;21093500.00000000;21448400.00000000;21802200.00000000;22168000.00000000;22546300.00000000;22887500.00000000;23264900.00000000;23713600.00000000;24165300.00000000;24608300.00000000;25050700.00000000;25495100.00000000;25945100.00000000;26399000.00000000;26852400.00000000;27302500.00000000;27746100.00000000;28173100.00000000;28590600.00000000;28998700.00000000;29396400.00000000;29785800.00000000;30169400.00000000;30547600.00000000;30920100.00000000;31286700.00000000;31647400.00000000;32004400.00000000;32353700.00000000;32696500.00000000;33033000.00000000;33363400.00000000;33688000.00000000;34006900.00000000;34320000.00000000;34627400.00000000;34928500.00000000;35223200.00000000;35510700.00000000;35790800.00000000;         ;         ;         ;         ;         ;         ;         ;         ;         ;         ;         ;         ;         ;         ;         
Children aged <15 years;Mean;12787400.00000000;13060100.00000000;13309000.00000000;13527200.00000000;13716200.00000000;13880100.00000000;14044700.00000000;14189100.00000000;14320400.00000000;14423100.00000000;14477200.00000000;14453800.00000000;14561200.00000000;14590300.00000000;14572900.00000000;14549300.00000000;14488200.00000000;14360100.00000000;14238900.00000000;14151500.00000000;14137200.00000000;14160300.00000000;14237400.00000000;14352100.00000000;14480900.00000000;14605100.00000000;14750700.00000000;14871000.00000000;15056600.00000000;15283100.00000000;15515900.00000000;15765900.00000000;16010100.00000000;16242200.00000000;16449500.00000000;16594000.00000000;16706400.00000000;16783700.00000000;16838600.00000000;16894100.00000000;16971500.00000000;17052400.00000000;17130700.00000000;17197500.00000000;17254900.00000000;17310600.00000000;17369700.00000000;17438600.00000000;17524900.00000000;17614800.00000000;17708700.00000000;17808500.00000000;17908700.00000000;18003500.00000000;18091900.00000000;18173700.00000000;18249000.00000000;18317700.00000000;18379600.00000000;18434600.00000000;18482100.00000000;18521600.00000000;18552500.00000000;18574100.00000000;18586500.00000000;18589800.00000000;18584800.00000000;18572100.00000000;18552900.00000000;18528500.00000000;18500000.00000000;         ;         ;         ;         ;         ;         ;         ;         ;         ;         ;         ;         ;         ;         ;         
;95% LL;12787400.00000000;13060100.00000000;13309000.00000000;13527100.00000000;13716000.00000000;13879700.00000000;14043900.00000000;14187600.00000000;14317700.00000000;14418700.00000000;14470800.00000000;14444900.00000000;14549400.00000000;14575400.00000000;14554600.00000000;14527400.00000000;14462100.00000000;14328800.00000000;14202800.00000000;14110800.00000000;14091800.00000000;14110000.00000000;14183100.00000000;14293900.00000000;14419300.00000000;14540100.00000000;14684400.00000000;14801900.00000000;14986600.00000000;15213600.00000000;15444400.00000000;15694100.00000000;15937600.00000000;16169500.00000000;16376900.00000000;16522000.00000000;16635500.00000000;16714000.00000000;16768900.00000000;16823900.00000000;16900700.00000000;16980700.00000000;17058100.00000000;17123500.00000000;17178200.00000000;17228800.00000000;17283500.00000000;17349500.00000000;17434100.00000000;17521400.00000000;17610700.00000000;17705800.00000000;17802400.00000000;17896000.00000000;17984100.00000000;18065600.00000000;18140500.00000000;18208900.00000000;18270500.00000000;18325300.00000000;18372900.00000000;18413500.00000000;18445800.00000000;18469100.00000000;18483300.00000000;18488500.00000000;18485300.00000000;18474700.00000000;18457500.00000000;18434200.00000000;18406900.00000000;         ;         ;         ;         ;         ;         ;         ;         ;         ;         ;         ;         ;         ;         ;         
;95% UL;12787400.00000000;13060100.00000000;13309000.00000000;13527200.00000000;13716400.00000000;13880500.00000000;14045400.00000000;14190500.00000000;14322700.00000000;14427000.00000000;14482900.00000000;14461900.00000000;14572300.00000000;14604900.00000000;14591400.00000000;14572200.00000000;14515600.00000000;14392400.00000000;14276300.00000000;14193900.00000000;14185200.00000000;14214200.00000000;14294400.00000000;14411700.00000000;14543200.00000000;14669600.00000000;14817200.00000000;14939400.00000000;15126600.00000000;15354500.00000000;15588400.00000000;15839300.00000000;16082700.00000000;16313500.00000000;16519200.00000000;16661900.00000000;16772500.00000000;16847800.00000000;16900700.00000000;16954700.00000000;17030800.00000000;17111700.00000000;17194000.00000000;17265100.00000000;17327200.00000000;17387900.00000000;17452300.00000000;17526800.00000000;17618800.00000000;17714800.00000000;17814900.00000000;17920900.00000000;18026000.00000000;18124500.00000000;18215400.00000000;18298800.00000000;18374900.00000000;18443800.00000000;18505500.00000000;18559700.00000000;18606200.00000000;18644500.00000000;18674000.00000000;18694100.00000000;18704800.00000000;18706500.00000000;18699800.00000000;18685700.00000000;18665200.00000000;18639600.00000000;18610200.00000000;         ;         ;         ;         ;         ;         ;         ;         ;         ;         ;         ;         ;         ;         ;         
Population aged 15-24 years;Mean;6368410.00000000;6464350.00000000;6571370.00000000;6691680.00000000;6824520.00000000;6967080.00000000;7153700.00000000;7412600.00000000;7658530.00000000;7892180.00000000;8116150.00000000;8331890.00000000;8501100.00000000;8685370.00000000;8881410.00000000;9084290.00000000;9308240.00000000;9506750.00000000;9690680.00000000;9851550.00000000;9979280.00000000;10064300.00000000;10175500.00000000;10236700.00000000;10256300.00000000;10248400.00000000;10204100.00000000;10240600.00000000;10230700.00000000;10195200.00000000;10158800.00000000;10107800.00000000;10060000.00000000;10012700.00000000;9991490.00000000;10031800.00000000;10093400.00000000;10179900.00000000;10343000.00000000;10539300.00000000;10721400.00000000;10922400.00000000;11130200.00000000;11354900.00000000;11566800.00000000;11717600.00000000;11837100.00000000;11918200.00000000;11949700.00000000;11968400.00000000;11996300.00000000;12014400.00000000;12022500.00000000;12019500.00000000;12009300.00000000;12000300.00000000;11997700.00000000;12008300.00000000;12037400.00000000;12070800.00000000;12108600.00000000;12153400.00000000;12201100.00000000;12247000.00000000;12290700.00000000;12332700.00000000;12373400.00000000;12412900.00000000;12451000.00000000;12487200.00000000;12520700.00000000;         ;         ;         ;         ;         ;         ;         ;         ;         ;         ;         ;         ;         ;         ;         
;95% LL;6368410.00000000;6464350.00000000;6571370.00000000;6691670.00000000;6824510.00000000;6967050.00000000;7153640.00000000;7412480.00000000;7658280.00000000;7891720.00000000;8115390.00000000;8330710.00000000;8499340.00000000;8683110.00000000;8878800.00000000;9081440.00000000;9305350.00000000;9503680.00000000;9687590.00000000;9848390.00000000;9975640.00000000;10059700.00000000;10169100.00000000;10228000.00000000;10245000.00000000;10234200.00000000;10186900.00000000;10220300.00000000;10207200.00000000;10168400.00000000;10129100.00000000;10075900.00000000;10026300.00000000;9976770.00000000;9954140.00000000;9992450.00000000;10052300.00000000;10137500.00000000;10298600.00000000;10493200.00000000;10675500.00000000;10875700.00000000;11082000.00000000;11305600.00000000;11516700.00000000;11667300.00000000;11787000.00000000;11869200.00000000;11902700.00000000;11922400.00000000;11950900.00000000;11970200.00000000;11978500.00000000;11974800.00000000;11964800.00000000;11953700.00000000;11949500.00000000;11958900.00000000;11984100.00000000;12012700.00000000;12048500.00000000;12089800.00000000;12133900.00000000;12176900.00000000;12218600.00000000;12259500.00000000;12299800.00000000;12339700.00000000;12378800.00000000;12414900.00000000;12447900.00000000;         ;         ;         ;         ;         ;         ;         ;         ;         ;         ;         ;         ;         ;         ;         
;95% UL;6368410.00000000;6464350.00000000;6571380.00000000;6691680.00000000;6824540.00000000;6967110.00000000;7153760.00000000;7412720.00000000;7658740.00000000;7892560.00000000;8116800.00000000;8332850.00000000;8502500.00000000;8687180.00000000;8883580.00000000;9086690.00000000;9310710.00000000;9509430.00000000;9693570.00000000;9854790.00000000;9983160.00000000;10069100.00000000;10181900.00000000;10244400.00000000;10266500.00000000;10261500.00000000;10220600.00000000;10261100.00000000;10255100.00000000;10223200.00000000;10190100.00000000;10142600.00000000;10098000.00000000;10051800.00000000;10032100.00000000;10073600.00000000;10136400.00000000;10225100.00000000;10390100.00000000;10587900.00000000;10770900.00000000;10972400.00000000;11180500.00000000;11405300.00000000;11616500.00000000;11766000.00000000;11883900.00000000;11963300.00000000;11993100.00000000;12010300.00000000;12036900.00000000;12054100.00000000;12061100.00000000;12057200.00000000;12046300.00000000;12037100.00000000;12038500.00000000;12053700.00000000;12088000.00000000;12127000.00000000;12170700.00000000;12221700.00000000;12274300.00000000;12324000.00000000;12370500.00000000;12414500.00000000;12456600.00000000;12497000.00000000;12535500.00000000;12571700.00000000;12605000.00000000;         ;         ;         ;         ;         ;         ;         ;         ;         ;         ;         ;         ;         ;         ;         
Males aged 15-24 years;Mean;3167110.00000000;3204090.00000000;3247470.00000000;3299250.00000000;3359120.00000000;3425350.00000000;3496280.00000000;3623630.00000000;3744100.00000000;3858260.00000000;3967920.00000000;4074220.00000000;4165860.00000000;4266730.00000000;4374990.00000000;4487680.00000000;4611510.00000000;4717910.00000000;4815810.00000000;4900850.00000000;4967850.00000000;5011710.00000000;5074150.00000000;5109790.00000000;5123780.00000000;5123690.00000000;5105340.00000000;5118750.00000000;5110040.00000000;5090160.00000000;5071550.00000000;5047260.00000000;5025740.00000000;5004830.00000000;4997570.00000000;5021620.00000000;5055870.00000000;5100550.00000000;5182890.00000000;5281480.00000000;5372930.00000000;5473880.00000000;5578280.00000000;5691570.00000000;5798370.00000000;5874540.00000000;5935200.00000000;5976850.00000000;5993840.00000000;6004390.00000000;6019280.00000000;6028800.00000000;6032770.00000000;6031300.00000000;6026340.00000000;6022000.00000000;6020930.00000000;6026390.00000000;6041030.00000000;6057720.00000000;6076610.00000000;6099180.00000000;6123440.00000000;6146710.00000000;6168790.00000000;6189970.00000000;6210460.00000000;6230330.00000000;6249440.00000000;6267540.00000000;6284290.00000000;         ;         ;         ;         ;         ;         ;         ;         ;         ;         ;         ;         ;         ;         ;         
;95% LL;3167110.00000000;3204090.00000000;3247470.00000000;3299240.00000000;3359120.00000000;3425350.00000000;3496270.00000000;3623600.00000000;3744050.00000000;3858160.00000000;3967750.00000000;4073960.00000000;4165500.00000000;4266290.00000000;4374480.00000000;4487090.00000000;4610880.00000000;4717220.00000000;4815070.00000000;4899960.00000000;4966720.00000000;5009960.00000000;5071470.00000000;5105830.00000000;5118450.00000000;5116820.00000000;5096890.00000000;5108680.00000000;5098390.00000000;5076790.00000000;5056610.00000000;5031150.00000000;5008740.00000000;4986870.00000000;4978760.00000000;5001940.00000000;5035230.00000000;5079330.00000000;5160720.00000000;5258360.00000000;5349870.00000000;5450370.00000000;5554070.00000000;5666770.00000000;5773170.00000000;5849250.00000000;5910040.00000000;5952250.00000000;5970200.00000000;5981350.00000000;5996540.00000000;6006620.00000000;6010720.00000000;6008940.00000000;6004020.00000000;5998650.00000000;5996770.00000000;6001670.00000000;6014330.00000000;6028610.00000000;6046520.00000000;6067330.00000000;6089780.00000000;6111580.00000000;6132680.00000000;6153290.00000000;6173600.00000000;6193690.00000000;6213260.00000000;6231310.00000000;6247850.00000000;         ;         ;         ;         ;         ;         ;         ;         ;         ;         ;         ;         ;         ;         ;         
;95% UL;3167110.00000000;3204090.00000000;3247470.00000000;3299250.00000000;3359130.00000000;3425360.00000000;3496300.00000000;3623650.00000000;3744140.00000000;3858340.00000000;3968050.00000000;4074430.00000000;4166150.00000000;4267100.00000000;4375420.00000000;4488170.00000000;4612060.00000000;4718500.00000000;4816540.00000000;4901670.00000000;4968970.00000000;5013280.00000000;5076610.00000000;5113140.00000000;5128380.00000000;5130010.00000000;5113390.00000000;5128830.00000000;5122180.00000000;5104180.00000000;5087310.00000000;5064550.00000000;5044650.00000000;5024550.00000000;5018080.00000000;5042710.00000000;5077500.00000000;5123230.00000000;5206550.00000000;5305900.00000000;5397790.00000000;5499000.00000000;5603540.00000000;5716870.00000000;5823250.00000000;5898730.00000000;5958600.00000000;5999420.00000000;6015540.00000000;6025340.00000000;6039630.00000000;6048640.00000000;6052100.00000000;6050180.00000000;6044870.00000000;6040470.00000000;6041370.00000000;6049150.00000000;6066390.00000000;6085890.00000000;6107740.00000000;6133400.00000000;6160090.00000000;6185250.00000000;6208750.00000000;6230960.00000000;6252160.00000000;6272460.00000000;6291770.00000000;6309900.00000000;6326540.00000000;         ;         ;         ;         ;         ;         ;         ;         ;         ;         ;         ;         ;         ;         ;         
Females aged 15-24 years;Mean;3201300.00000000;3260260.00000000;3323910.00000000;3392430.00000000;3465400.00000000;3541730.00000000;3657410.00000000;3788970.00000000;3914430.00000000;4033910.00000000;4148230.00000000;4257670.00000000;4335250.00000000;4418640.00000000;4506420.00000000;4596610.00000000;4696720.00000000;4788840.00000000;4874870.00000000;4950710.00000000;5011430.00000000;5052630.00000000;5101340.00000000;5126900.00000000;5132570.00000000;5124730.00000000;5098770.00000000;5121880.00000000;5120640.00000000;5105080.00000000;5087220.00000000;5060560.00000000;5034290.00000000;5007910.00000000;4993910.00000000;5010200.00000000;5037490.00000000;5079380.00000000;5160110.00000000;5257790.00000000;5348490.00000000;5448530.00000000;5551880.00000000;5663320.00000000;5768440.00000000;5843100.00000000;5901940.00000000;5941320.00000000;5955910.00000000;5964030.00000000;5977000.00000000;5985630.00000000;5989710.00000000;5988180.00000000;5982960.00000000;5978260.00000000;5976760.00000000;5981900.00000000;5996380.00000000;6013100.00000000;6031990.00000000;6054180.00000000;6077700.00000000;6100340.00000000;6121910.00000000;6142710.00000000;6162930.00000000;6182600.00000000;6201590.00000000;6219630.00000000;6236370.00000000;         ;         ;         ;         ;         ;         ;         ;         ;         ;         ;         ;         ;         ;         ;         
;95% LL;3201300.00000000;3260260.00000000;3323910.00000000;3392430.00000000;3465390.00000000;3541710.00000000;3657370.00000000;3788880.00000000;3914240.00000000;4033560.00000000;4147600.00000000;4256720.00000000;4333840.00000000;4416860.00000000;4504240.00000000;4594320.00000000;4694250.00000000;4786390.00000000;4872500.00000000;4948260.00000000;5008800.00000000;5049550.00000000;5097550.00000000;5122090.00000000;5126560.00000000;5117320.00000000;5089950.00000000;5111610.00000000;5108720.00000000;5091780.00000000;5072510.00000000;5044660.00000000;5017570.00000000;4990150.00000000;4975280.00000000;4990490.00000000;5016980.00000000;5058060.00000000;5137890.00000000;5234880.00000000;5325580.00000000;5425310.00000000;5527860.00000000;5638810.00000000;5743500.00000000;5818030.00000000;5876970.00000000;5916940.00000000;5932450.00000000;5941050.00000000;5954330.00000000;5963570.00000000;5967770.00000000;5965890.00000000;5960800.00000000;5955040.00000000;5952700.00000000;5957270.00000000;5969770.00000000;5984090.00000000;6002010.00000000;6022460.00000000;6044170.00000000;6065290.00000000;6085950.00000000;6106180.00000000;6126160.00000000;6146060.00000000;6165510.00000000;6183560.00000000;6200090.00000000;         ;         ;         ;         ;         ;         ;         ;         ;         ;         ;         ;         ;         ;         ;         
;95% UL;3201300.00000000;3260260.00000000;3323910.00000000;3392440.00000000;3465410.00000000;3541750.00000000;3657460.00000000;3789070.00000000;3914600.00000000;4034220.00000000;4148750.00000000;4258490.00000000;4336470.00000000;4420160.00000000;4508150.00000000;4598540.00000000;4698760.00000000;4790970.00000000;4877140.00000000;4953170.00000000;5014170.00000000;5055770.00000000;5105090.00000000;5131560.00000000;5138250.00000000;5131520.00000000;5107260.00000000;5132260.00000000;5132920.00000000;5119000.00000000;5102810.00000000;5078010.00000000;5053100.00000000;5027270.00000000;5014060.00000000;5030930.00000000;5058930.00000000;5101860.00000000;5183560.00000000;5281980.00000000;5373110.00000000;5473430.00000000;5576930.00000000;5688510.00000000;5793300.00000000;5867280.00000000;5925320.00000000;5963860.00000000;5977580.00000000;5984950.00000000;5997310.00000000;6005440.00000000;6009000.00000000;6007010.00000000;6001450.00000000;5996650.00000000;5997120.00000000;6004570.00000000;6021630.00000000;6041150.00000000;6063000.00000000;6088270.00000000;6114220.00000000;6138740.00000000;6161730.00000000;6183560.00000000;6204470.00000000;6224580.00000000;6243770.00000000;6261830.00000000;6278450.00000000;         ;         ;         ;         ;         ;         ;         ;         ;         ;         ;         ;         ;         ;         ;         
Population aged 15-49 years;Mean;15653900.00000000;16040300.00000000;16438100.00000000;16852500.00000000;17282600.00000000;17725200.00000000;18268300.00000000;18971600.00000000;19674200.00000000;20376300.00000000;21080100.00000000;21785300.00000000;22321200.00000000;22861100.00000000;23395000.00000000;23908800.00000000;24412000.00000000;24907600.00000000;25356300.00000000;25757000.00000000;26114900.00000000;26441500.00000000;26874300.00000000;27299300.00000000;27718000.00000000;28133500.00000000;28550800.00000000;29063700.00000000;29543100.00000000;30001100.00000000;30459500.00000000;30900200.00000000;31343900.00000000;31787700.00000000;32255000.00000000;32778700.00000000;33305200.00000000;33845300.00000000;34414900.00000000;34978100.00000000;35516600.00000000;36049900.00000000;36583600.00000000;37120200.00000000;37647600.00000000;38145900.00000000;38601500.00000000;39003500.00000000;39335800.00000000;39621500.00000000;39871800.00000000;40078600.00000000;40269100.00000000;40452500.00000000;40630900.00000000;40803900.00000000;40973600.00000000;41139300.00000000;41301100.00000000;41457400.00000000;41603800.00000000;41737900.00000000;41864100.00000000;42030900.00000000;42220200.00000000;42409600.00000000;42613200.00000000;42814400.00000000;43015300.00000000;43190600.00000000;43303800.00000000;         ;         ;         ;         ;         ;         ;         ;         ;         ;         ;         ;         ;         ;         ;         
;95% LL;15653900.00000000;16040300.00000000;16438100.00000000;16852500.00000000;17282500.00000000;17725000.00000000;18267800.00000000;18970400.00000000;19671600.00000000;20371300.00000000;21071300.00000000;21771000.00000000;22300000.00000000;22829700.00000000;23353600.00000000;23857200.00000000;24348400.00000000;24831100.00000000;25267100.00000000;25655500.00000000;26001300.00000000;26317000.00000000;26740600.00000000;27160400.00000000;27576000.00000000;27986600.00000000;28398200.00000000;28909500.00000000;29390700.00000000;29847000.00000000;30303200.00000000;30742100.00000000;31184400.00000000;31627800.00000000;32094200.00000000;32618100.00000000;33145700.00000000;33685700.00000000;34259900.00000000;34828700.00000000;35372300.00000000;35906300.00000000;36440600.00000000;36982400.00000000;37515000.00000000;38014500.00000000;38471400.00000000;38877700.00000000;39210300.00000000;39494900.00000000;39743800.00000000;39948700.00000000;40138000.00000000;40319000.00000000;40494100.00000000;40664000.00000000;40825200.00000000;40987400.00000000;41146000.00000000;41299400.00000000;41443000.00000000;41576200.00000000;41698600.00000000;41860700.00000000;42045500.00000000;42231100.00000000;42433200.00000000;42633100.00000000;42830300.00000000;43001300.00000000;43109400.00000000;         ;         ;         ;         ;         ;         ;         ;         ;         ;         ;         ;         ;         ;         ;         
;95% UL;15653900.00000000;16040300.00000000;16438100.00000000;16852600.00000000;17282700.00000000;17725500.00000000;18268900.00000000;18972700.00000000;19676400.00000000;20380300.00000000;21087200.00000000;21796500.00000000;22338700.00000000;22887500.00000000;23428800.00000000;23951400.00000000;24464800.00000000;24970200.00000000;25428500.00000000;25840400.00000000;26209000.00000000;26545700.00000000;26987600.00000000;27420600.00000000;27845900.00000000;28266600.00000000;28687500.00000000;29202600.00000000;29682400.00000000;30140000.00000000;30597300.00000000;31036400.00000000;31478000.00000000;31919000.00000000;32383300.00000000;32903700.00000000;33428600.00000000;33966800.00000000;34534000.00000000;35094200.00000000;35629100.00000000;36158300.00000000;36689500.00000000;37225900.00000000;37754000.00000000;38253500.00000000;38710900.00000000;39115100.00000000;39450100.00000000;39738700.00000000;39992200.00000000;40202400.00000000;40396300.00000000;40583000.00000000;40764600.00000000;40940600.00000000;41113000.00000000;41280800.00000000;41444400.00000000;41602100.00000000;41749400.00000000;41884000.00000000;42010300.00000000;42177100.00000000;42366200.00000000;42562000.00000000;42772400.00000000;42980300.00000000;43187600.00000000;43368900.00000000;43487700.00000000;         ;         ;         ;         ;         ;         ;         ;         ;         ;         ;         ;         ;         ;         ;         
Males aged 15-49 years;Mean;7764250.00000000;7941700.00000000;8122910.00000000;8311970.00000000;8508350.00000000;8710300.00000000;8916120.00000000;9254350.00000000;9589930.00000000;9923290.00000000;10256000.00000000;10588600.00000000;10832500.00000000;11079600.00000000;11326500.00000000;11567400.00000000;11808800.00000000;12060200.00000000;12292300.00000000;12504400.00000000;12699900.00000000;12880700.00000000;13124400.00000000;13362400.00000000;13597000.00000000;13830500.00000000;14066200.00000000;14330600.00000000;14579000.00000000;14817300.00000000;15055600.00000000;15284300.00000000;15513800.00000000;15742000.00000000;15981300.00000000;16249200.00000000;16516700.00000000;16786100.00000000;17067400.00000000;17343700.00000000;17605900.00000000;17863500.00000000;18119400.00000000;18374800.00000000;18624200.00000000;18858100.00000000;19070600.00000000;19257000.00000000;19410100.00000000;19541500.00000000;19656900.00000000;19751800.00000000;19840500.00000000;19926900.00000000;20012500.00000000;20097100.00000000;20181700.00000000;20265500.00000000;20348400.00000000;20429400.00000000;20506000.00000000;20576600.00000000;20642500.00000000;20727600.00000000;20823200.00000000;20918700.00000000;21020900.00000000;21121900.00000000;21223000.00000000;21311800.00000000;21370500.00000000;         ;         ;         ;         ;         ;         ;         ;         ;         ;         ;         ;         ;         ;         ;         
;95% LL;7764250.00000000;7941700.00000000;8122900.00000000;8311960.00000000;8508300.00000000;8710170.00000000;8915790.00000000;9253620.00000000;9588380.00000000;9920330.00000000;10250700.00000000;10580400.00000000;10820200.00000000;11062600.00000000;11303400.00000000;11538400.00000000;11774500.00000000;12020300.00000000;12248000.00000000;12457500.00000000;12648900.00000000;12824600.00000000;13063500.00000000;13297300.00000000;13528000.00000000;13758400.00000000;13991600.00000000;14254300.00000000;14502000.00000000;14741100.00000000;14978600.00000000;15207300.00000000;15437800.00000000;15667000.00000000;15907500.00000000;16176000.00000000;16443000.00000000;16712400.00000000;16995400.00000000;17273400.00000000;17537600.00000000;17796900.00000000;18054000.00000000;18308700.00000000;18560400.00000000;18796300.00000000;19008600.00000000;19194100.00000000;19347400.00000000;19477900.00000000;19592300.00000000;19687800.00000000;19775100.00000000;19860800.00000000;19946000.00000000;20028100.00000000;20110200.00000000;20191900.00000000;20272000.00000000;20351300.00000000;20426600.00000000;20495800.00000000;20559900.00000000;20642800.00000000;20736200.00000000;20829600.00000000;20929800.00000000;21029900.00000000;21129200.00000000;21216600.00000000;21273400.00000000;         ;         ;         ;         ;         ;         ;         ;         ;         ;         ;         ;         ;         ;         ;         
;95% UL;7764250.00000000;7941700.00000000;8122910.00000000;8311990.00000000;8508410.00000000;8710440.00000000;8916420.00000000;9254990.00000000;9591200.00000000;9925690.00000000;10260100.00000000;10595400.00000000;10843400.00000000;11094400.00000000;11346900.00000000;11594200.00000000;11842200.00000000;12100400.00000000;12339200.00000000;12556600.00000000;12754800.00000000;12937200.00000000;13181400.00000000;13422000.00000000;13658100.00000000;13894100.00000000;14131600.00000000;14396900.00000000;14645000.00000000;14882600.00000000;15120700.00000000;15350500.00000000;15580800.00000000;15809700.00000000;16049400.00000000;16317800.00000000;16585400.00000000;16854500.00000000;17135100.00000000;17410400.00000000;17671100.00000000;17927100.00000000;18181500.00000000;18435500.00000000;18684300.00000000;18919600.00000000;19129000.00000000;19312400.00000000;19462700.00000000;19596400.00000000;19713900.00000000;19811000.00000000;19901700.00000000;19990100.00000000;20077400.00000000;20163600.00000000;20249600.00000000;20334600.00000000;20418400.00000000;20500100.00000000;20577100.00000000;20648000.00000000;20713900.00000000;20799000.00000000;20896700.00000000;20995600.00000000;21101200.00000000;21205500.00000000;21309800.00000000;21401500.00000000;21462900.00000000;         ;         ;         ;         ;         ;         ;         ;         ;         ;         ;         ;         ;         ;         ;         
Females aged 15-49 years;Mean;7889610.00000000;8098640.00000000;8315220.00000000;8540570.00000000;8774230.00000000;9014940.00000000;9352220.00000000;9717280.00000000;10084300.00000000;10453000.00000000;10824000.00000000;11196700.00000000;11488700.00000000;11781500.00000000;12068500.00000000;12341400.00000000;12603200.00000000;12847400.00000000;13064000.00000000;13252500.00000000;13414900.00000000;13560700.00000000;13749900.00000000;13936900.00000000;14121000.00000000;14303000.00000000;14484600.00000000;14733100.00000000;14964100.00000000;15183800.00000000;15403900.00000000;15615900.00000000;15830200.00000000;16045700.00000000;16273700.00000000;16529400.00000000;16788500.00000000;17059200.00000000;17347600.00000000;17634300.00000000;17910700.00000000;18186400.00000000;18464200.00000000;18745400.00000000;19023500.00000000;19287800.00000000;19530900.00000000;19746500.00000000;19925700.00000000;20079900.00000000;20214900.00000000;20326800.00000000;20428600.00000000;20525500.00000000;20618400.00000000;20706800.00000000;20792000.00000000;20873800.00000000;20952700.00000000;21028000.00000000;21097800.00000000;21161300.00000000;21221600.00000000;21303300.00000000;21397000.00000000;21490900.00000000;21592300.00000000;21692600.00000000;21792200.00000000;21878800.00000000;21933300.00000000;         ;         ;         ;         ;         ;         ;         ;         ;         ;         ;         ;         ;         ;         ;         
;95% LL;7889610.00000000;8098640.00000000;8315210.00000000;8540560.00000000;8774190.00000000;9014840.00000000;9352000.00000000;9716790.00000000;10083200.00000000;10451000.00000000;10820400.00000000;11190700.00000000;11479100.00000000;11767500.00000000;12048500.00000000;12314500.00000000;12569900.00000000;12807400.00000000;13013700.00000000;13193800.00000000;13352400.00000000;13491100.00000000;13673200.00000000;13854100.00000000;14033500.00000000;14210100.00000000;14390800.00000000;14636900.00000000;14868200.00000000;15088700.00000000;15307000.00000000;15518500.00000000;15730500.00000000;15947700.00000000;16174900.00000000;16433900.00000000;16694200.00000000;16967200.00000000;17258500.00000000;17548500.00000000;17828100.00000000;18106400.00000000;18386700.00000000;18670100.00000000;18950100.00000000;19216300.00000000;19460800.00000000;19677200.00000000;19857200.00000000;20011700.00000000;20147300.00000000;20259500.00000000;20360200.00000000;20455400.00000000;20546400.00000000;20632500.00000000;20716000.00000000;20796000.00000000;20873400.00000000;20947300.00000000;21015700.00000000;21077800.00000000;21136800.00000000;21217300.00000000;21309500.00000000;21402100.00000000;21502300.00000000;21601500.00000000;21698900.00000000;21782600.00000000;21836000.00000000;         ;         ;         ;         ;         ;         ;         ;         ;         ;         ;         ;         ;         ;         ;         
;95% UL;7889610.00000000;8098640.00000000;8315220.00000000;8540590.00000000;8774280.00000000;9015060.00000000;9352470.00000000;9717760.00000000;10085200.00000000;10454700.00000000;10827000.00000000;11201700.00000000;11496400.00000000;11793300.00000000;12084300.00000000;12362000.00000000;12629900.00000000;12880800.00000000;13104500.00000000;13300300.00000000;13470000.00000000;13622900.00000000;13818600.00000000;14011600.00000000;14200900.00000000;14387100.00000000;14571900.00000000;14822600.00000000;15054700.00000000;15274800.00000000;15494800.00000000;15706400.00000000;15919800.00000000;16134000.00000000;16360300.00000000;16613900.00000000;16870400.00000000;17138300.00000000;17423700.00000000;17707400.00000000;17980800.00000000;18253800.00000000;18529400.00000000;18808800.00000000;19085700.00000000;19349300.00000000;19592000.00000000;19807700.00000000;19987400.00000000;20142300.00000000;20278300.00000000;20391400.00000000;20494600.00000000;20592900.00000000;20687200.00000000;20776900.00000000;20863300.00000000;20946300.00000000;21026000.00000000;21102000.00000000;21172300.00000000;21236000.00000000;21296400.00000000;21378100.00000000;21471700.00000000;21566300.00000000;21671200.00000000;21774900.00000000;21877800.00000000;21967400.00000000;22024800.00000000;         ;         ;         ;         ;         ;         ;         ;         ;         ;         ;         ;         ;         ;         ;         
Population aged 25-49 years;Mean;9285450.00000000;9575990.00000000;9866750.00000000;10160900.00000000;10458100.00000000;10758200.00000000;11114600.00000000;11559000.00000000;12015700.00000000;12484100.00000000;12963900.00000000;13453400.00000000;13820100.00000000;14175700.00000000;14513600.00000000;14824600.00000000;15103700.00000000;15400800.00000000;15665600.00000000;15905400.00000000;16135600.00000000;16377100.00000000;16698800.00000000;17062600.00000000;17461700.00000000;17885100.00000000;18346700.00000000;18823100.00000000;19312400.00000000;19805900.00000000;20300700.00000000;20792400.00000000;21283900.00000000;21775000.00000000;22263500.00000000;22746800.00000000;23211900.00000000;23665400.00000000;24071900.00000000;24438800.00000000;24795200.00000000;25127400.00000000;25453500.00000000;25765300.00000000;26080800.00000000;26428300.00000000;26764400.00000000;27085300.00000000;27386100.00000000;27653000.00000000;27875500.00000000;28064100.00000000;28246600.00000000;28433000.00000000;28621600.00000000;28803600.00000000;28976000.00000000;29131000.00000000;29263700.00000000;29386600.00000000;29495200.00000000;29584500.00000000;29662900.00000000;29783800.00000000;29929500.00000000;30076900.00000000;30239800.00000000;30401500.00000000;30564300.00000000;30703500.00000000;30783200.00000000;         ;         ;         ;         ;         ;         ;         ;         ;         ;         ;         ;         ;         ;         ;         
;95% LL;9285450.00000000;9575990.00000000;9866750.00000000;10160800.00000000;10458000.00000000;10758000.00000000;11114200.00000000;11557900.00000000;12013300.00000000;12479600.00000000;12955900.00000000;13440100.00000000;13800500.00000000;14146300.00000000;14474900.00000000;14776200.00000000;15043100.00000000;15327200.00000000;15578700.00000000;15805800.00000000;16025400.00000000;16258700.00000000;16573100.00000000;16933000.00000000;17332700.00000000;17754700.00000000;18215000.00000000;18692000.00000000;19181800.00000000;19675500.00000000;20170800.00000000;20662900.00000000;21155000.00000000;21647100.00000000;22137200.00000000;22622600.00000000;23090400.00000000;23547400.00000000;23958200.00000000;24330900.00000000;24691000.00000000;25027800.00000000;25357800.00000000;25674700.00000000;25992900.00000000;26342500.00000000;26680100.00000000;27000500.00000000;27302600.00000000;27567600.00000000;27788400.00000000;27975100.00000000;28155100.00000000;28339200.00000000;28525900.00000000;28705700.00000000;28875700.00000000;29029100.00000000;29160000.00000000;29282400.00000000;29391100.00000000;29480200.00000000;29557900.00000000;29677200.00000000;29819500.00000000;29964200.00000000;30125800.00000000;30286300.00000000;30447200.00000000;30584600.00000000;30662900.00000000;         ;         ;         ;         ;         ;         ;         ;         ;         ;         ;         ;         ;         ;         ;         
;95% UL;9285450.00000000;9575990.00000000;9866760.00000000;10160900.00000000;10458200.00000000;10758400.00000000;11115100.00000000;11560000.00000000;12017600.00000000;12487700.00000000;12970400.00000000;13463800.00000000;13836700.00000000;14200500.00000000;14545100.00000000;14864500.00000000;15153600.00000000;15460900.00000000;15735800.00000000;15986300.00000000;16226900.00000000;16477600.00000000;16806900.00000000;17176700.00000000;17579700.00000000;18005200.00000000;18466900.00000000;18941500.00000000;19427800.00000000;19919600.00000000;20412600.00000000;20902600.00000000;21392600.00000000;21881900.00000000;22368600.00000000;22849800.00000000;23312300.00000000;23762900.00000000;24166100.00000000;24529100.00000000;24881300.00000000;25209300.00000000;25530900.00000000;25838500.00000000;26149900.00000000;26493800.00000000;26828600.00000000;27151900.00000000;27457000.00000000;27728400.00000000;27955300.00000000;28148300.00000000;28335200.00000000;28525800.00000000;28718300.00000000;28903700.00000000;29078900.00000000;29236100.00000000;29370200.00000000;29494000.00000000;29603300.00000000;29692600.00000000;29770500.00000000;29890600.00000000;30035400.00000000;30181800.00000000;30343600.00000000;30504100.00000000;30665800.00000000;30803900.00000000;30882700.00000000;         ;         ;         ;         ;         ;         ;         ;         ;         ;         ;         ;         ;         ;         ;         
Males aged 25-49 years;Mean;4597140.00000000;4737610.00000000;4875440.00000000;5012730.00000000;5149230.00000000;5284950.00000000;5419830.00000000;5630730.00000000;5845840.00000000;6065030.00000000;6288110.00000000;6514380.00000000;6666630.00000000;6812910.00000000;6951500.00000000;7079760.00000000;7197240.00000000;7342250.00000000;7476460.00000000;7603600.00000000;7732070.00000000;7869030.00000000;8050250.00000000;8252640.00000000;8473200.00000000;8706820.00000000;8960850.00000000;9211880.00000000;9468920.00000000;9727110.00000000;9984010.00000000;10237000.00000000;10488000.00000000;10737200.00000000;10983700.00000000;11227600.00000000;11460900.00000000;11685600.00000000;11884500.00000000;12062300.00000000;12233000.00000000;12389600.00000000;12541100.00000000;12683200.00000000;12825800.00000000;12983600.00000000;13135400.00000000;13280200.00000000;13416200.00000000;13537100.00000000;13637600.00000000;13723000.00000000;13807700.00000000;13895600.00000000;13986100.00000000;14075100.00000000;14160800.00000000;14239100.00000000;14307300.00000000;14371700.00000000;14429400.00000000;14477400.00000000;14519000.00000000;14580900.00000000;14654400.00000000;14728700.00000000;14810400.00000000;14891500.00000000;14973600.00000000;15044300.00000000;15086200.00000000;         ;         ;         ;         ;         ;         ;         ;         ;         ;         ;         ;         ;         ;         ;         
;95% LL;4597140.00000000;4737610.00000000;4875440.00000000;5012710.00000000;5149180.00000000;5284820.00000000;5419520.00000000;5630020.00000000;5844340.00000000;6062170.00000000;6282990.00000000;6506390.00000000;6654770.00000000;6796390.00000000;6929150.00000000;7051310.00000000;7163800.00000000;7302840.00000000;7432440.00000000;7556940.00000000;7681880.00000000;7814150.00000000;7991240.00000000;8190150.00000000;8409240.00000000;8639400.00000000;8892050.00000000;9142510.00000000;9399880.00000000;9658870.00000000;9916710.00000000;10170700.00000000;10419500.00000000;10667300.00000000;10913700.00000000;11160000.00000000;11394000.00000000;11619200.00000000;11819400.00000000;11999300.00000000;12172600.00000000;12332300.00000000;12485400.00000000;12631800.00000000;12777200.00000000;12939000.00000000;13092400.00000000;13238300.00000000;13373800.00000000;13496000.00000000;13594400.00000000;13680300.00000000;13764100.00000000;13850000.00000000;13938500.00000000;14026700.00000000;14110500.00000000;14189800.00000000;14257300.00000000;14321100.00000000;14378500.00000000;14426000.00000000;14467100.00000000;14529000.00000000;14602300.00000000;14673500.00000000;14754700.00000000;14835100.00000000;14916500.00000000;14986300.00000000;15027300.00000000;         ;         ;         ;         ;         ;         ;         ;         ;         ;         ;         ;         ;         ;         ;         
;95% UL;4597140.00000000;4737610.00000000;4875450.00000000;5012750.00000000;5149280.00000000;5285080.00000000;5420120.00000000;5631340.00000000;5847050.00000000;6067350.00000000;6292090.00000000;6521140.00000000;6677370.00000000;6827440.00000000;6971610.00000000;7106090.00000000;7230180.00000000;7381930.00000000;7522770.00000000;7655330.00000000;7786350.00000000;7924420.00000000;8105880.00000000;8309770.00000000;8531550.00000000;8766190.00000000;9020550.00000000;9271180.00000000;9527770.00000000;9785080.00000000;10040900.00000000;10290900.00000000;10541200.00000000;10789800.00000000;11037600.00000000;11283100.00000000;11517100.00000000;11741500.00000000;11939000.00000000;12114200.00000000;12281300.00000000;12435200.00000000;12585600.00000000;12726700.00000000;12868300.00000000;13025400.00000000;13176700.00000000;13321000.00000000;13456800.00000000;13576000.00000000;13674700.00000000;13762300.00000000;13849600.00000000;13939900.00000000;14032500.00000000;14123300.00000000;14210500.00000000;14289900.00000000;14359000.00000000;14423800.00000000;14481700.00000000;14529800.00000000;14571100.00000000;14632500.00000000;14705600.00000000;14779400.00000000;14860600.00000000;14941100.00000000;15022700.00000000;15092900.00000000;15136400.00000000;         ;         ;         ;         ;         ;         ;         ;         ;         ;         ;         ;         ;         ;         ;         
Females aged 25-49 years;Mean;4688310.00000000;4838380.00000000;4991310.00000000;5148140.00000000;5308830.00000000;5473210.00000000;5694810.00000000;5928310.00000000;6169830.00000000;6419110.00000000;6675820.00000000;6939060.00000000;7153450.00000000;7362820.00000000;7562110.00000000;7744800.00000000;7906480.00000000;8058590.00000000;8189160.00000000;8301800.00000000;8403520.00000000;8508120.00000000;8648530.00000000;8809980.00000000;8988470.00000000;9178260.00000000;9385820.00000000;9611170.00000000;9843460.00000000;10078700.00000000;10316700.00000000;10555300.00000000;10795900.00000000;11037800.00000000;11279800.00000000;11519200.00000000;11751000.00000000;11979800.00000000;12187500.00000000;12376600.00000000;12562200.00000000;12737900.00000000;12912400.00000000;13082100.00000000;13255000.00000000;13444700.00000000;13628900.00000000;13805100.00000000;13969800.00000000;14115900.00000000;14237900.00000000;14341200.00000000;14438900.00000000;14537400.00000000;14635500.00000000;14728500.00000000;14815200.00000000;14891900.00000000;14956300.00000000;15014900.00000000;15065800.00000000;15107100.00000000;15143900.00000000;15203000.00000000;15275100.00000000;15348200.00000000;15429300.00000000;15510000.00000000;15590700.00000000;15659200.00000000;15696900.00000000;         ;         ;         ;         ;         ;         ;         ;         ;         ;         ;         ;         ;         ;         ;         
;95% LL;4688310.00000000;4838380.00000000;4991310.00000000;5148130.00000000;5308800.00000000;5473140.00000000;5694630.00000000;5927910.00000000;6168980.00000000;6417430.00000000;6672760.00000000;6933900.00000000;7145220.00000000;7350660.00000000;7544320.00000000;7720270.00000000;7874520.00000000;8020270.00000000;8141550.00000000;8245380.00000000;8341780.00000000;8438590.00000000;8572750.00000000;8730180.00000000;8905850.00000000;9094010.00000000;9299150.00000000;9525110.00000000;9759270.00000000;9996440.00000000;10234100.00000000;10472500.00000000;10712500.00000000;10956700.00000000;11201500.00000000;11444300.00000000;11677800.00000000;11908200.00000000;12118800.00000000;12312100.00000000;12501800.00000000;12680600.00000000;12859100.00000000;13030900.00000000;13205600.00000000;13397000.00000000;13582500.00000000;13759700.00000000;13924900.00000000;14071100.00000000;14193000.00000000;14295200.00000000;14391700.00000000;14488500.00000000;14584900.00000000;14677000.00000000;14763100.00000000;14839100.00000000;14903000.00000000;14961200.00000000;15011800.00000000;15053000.00000000;15090000.00000000;15147600.00000000;15219200.00000000;15291600.00000000;15371200.00000000;15450400.00000000;15529700.00000000;15597200.00000000;15634200.00000000;         ;         ;         ;         ;         ;         ;         ;         ;         ;         ;         ;         ;         ;         ;         
;95% UL;4688310.00000000;4838380.00000000;4991310.00000000;5148160.00000000;5308870.00000000;5473300.00000000;5695000.00000000;5928700.00000000;6170600.00000000;6420520.00000000;6678310.00000000;6943340.00000000;7159960.00000000;7373150.00000000;7576200.00000000;7763500.00000000;7931150.00000000;8089910.00000000;8227600.00000000;8347570.00000000;8456480.00000000;8567810.00000000;8714210.00000000;8880680.00000000;9063070.00000000;9255620.00000000;9464690.00000000;9690330.00000000;9921740.00000000;10155500.00000000;10391500.00000000;10627900.00000000;10866000.00000000;11105200.00000000;11344300.00000000;11582400.00000000;11813100.00000000;12040400.00000000;12245800.00000000;12432300.00000000;12614900.00000000;12787600.00000000;12960400.00000000;13127600.00000000;13297700.00000000;13485300.00000000;13668200.00000000;13843800.00000000;14009800.00000000;14157400.00000000;14281000.00000000;14386000.00000000;14485600.00000000;14585900.00000000;14685800.00000000;14780000.00000000;14867500.00000000;14944900.00000000;15009800.00000000;15068800.00000000;15120000.00000000;15161500.00000000;15199200.00000000;15258100.00000000;15329800.00000000;15402400.00000000;15483000.00000000;15563000.00000000;15643100.00000000;15711000.00000000;15748100.00000000;         ;         ;         ;         ;         ;         ;         ;         ;         ;         ;         ;         ;         ;         ;         
Population aged 50 years and older;Mean;3872970.00000000;4000320.00000000;4131560.00000000;4265390.00000000;4398290.00000000;4525720.00000000;4650320.00000000;4772240.00000000;4889110.00000000;5005550.00000000;5127430.00000000;5258790.00000000;5392580.00000000;5534870.00000000;5685890.00000000;5842310.00000000;6001780.00000000;6193610.00000000;6389010.00000000;6584700.00000000;6788560.00000000;7000800.00000000;7199420.00000000;7403380.00000000;7612910.00000000;7827940.00000000;8049320.00000000;8255420.00000000;8471050.00000000;8692600.00000000;8916300.00000000;9139700.00000000;9361190.00000000;9581640.00000000;9804410.00000000;10005900.00000000;10141400.00000000;10324800.00000000;10608100.00000000;10904100.00000000;11207900.00000000;11516400.00000000;11828700.00000000;12149300.00000000;12486600.00000000;12851700.00000000;13252500.00000000;13693000.00000000;14170700.00000000;14676500.00000000;15198800.00000000;15743200.00000000;16287000.00000000;16826500.00000000;17360000.00000000;17887400.00000000;18405800.00000000;18915400.00000000;19415700.00000000;19907900.00000000;20396500.00000000;20884100.00000000;21366800.00000000;21796700.00000000;22192000.00000000;22575000.00000000;22931400.00000000;23277000.00000000;23609200.00000000;23952100.00000000;24341500.00000000;         ;         ;         ;         ;         ;         ;         ;         ;         ;         ;         ;         ;         ;         ;         
;95% LL;3872970.00000000;4000320.00000000;4131550.00000000;4265380.00000000;4398290.00000000;4525700.00000000;4650260.00000000;4772090.00000000;4888800.00000000;5004910.00000000;5126160.00000000;5256590.00000000;5389130.00000000;5529660.00000000;5678620.00000000;5832170.00000000;5988030.00000000;6175780.00000000;6366090.00000000;6556260.00000000;6753790.00000000;6959210.00000000;7150700.00000000;7348770.00000000;7552970.00000000;7762870.00000000;7978470.00000000;8178260.00000000;8389320.00000000;8606780.00000000;8826670.00000000;9045750.00000000;9262530.00000000;9478320.00000000;9696440.00000000;9894740.00000000;10027900.00000000;10208900.00000000;10487700.00000000;10779900.00000000;11083600.00000000;11388400.00000000;11694300.00000000;12011300.00000000;12345800.00000000;12708500.00000000;13107400.00000000;13546300.00000000;14023000.00000000;14528400.00000000;15052900.00000000;15599900.00000000;16144700.00000000;16682700.00000000;17220000.00000000;17749700.00000000;18269200.00000000;18781300.00000000;19283100.00000000;19776400.00000000;20266200.00000000;20755000.00000000;21239000.00000000;21669800.00000000;22067000.00000000;22451500.00000000;22809200.00000000;23156100.00000000;23489400.00000000;23833300.00000000;24223300.00000000;         ;         ;         ;         ;         ;         ;         ;         ;         ;         ;         ;         ;         ;         ;         
;95% UL;3872970.00000000;4000320.00000000;4131560.00000000;4265390.00000000;4398300.00000000;4525740.00000000;4650370.00000000;4772360.00000000;4889370.00000000;5006080.00000000;5128430.00000000;5260690.00000000;5395630.00000000;5539210.00000000;5692190.00000000;5851410.00000000;6014400.00000000;6210670.00000000;6411270.00000000;6612830.00000000;6823170.00000000;7042310.00000000;7248060.00000000;7459170.00000000;7675600.00000000;7897500.00000000;8125250.00000000;8337250.00000000;8556760.00000000;8782410.00000000;9011370.00000000;9239980.00000000;9465170.00000000;9688450.00000000;9913570.00000000;10116700.00000000;10250500.00000000;10436700.00000000;10721100.00000000;11018000.00000000;11323300.00000000;11634600.00000000;11948500.00000000;12272200.00000000;12612400.00000000;12980000.00000000;13382900.00000000;13825000.00000000;14303600.00000000;14809700.00000000;15331600.00000000;15874900.00000000;16416900.00000000;16954200.00000000;17485000.00000000;18009500.00000000;18525000.00000000;19031900.00000000;19529600.00000000;20019100.00000000;20505000.00000000;20989900.00000000;21469800.00000000;21896900.00000000;22289300.00000000;22669500.00000000;23023100.00000000;23366100.00000000;23695600.00000000;24035900.00000000;24422800.00000000;         ;         ;         ;         ;         ;         ;         ;         ;         ;         ;         ;         ;         ;         ;         
Males aged 50 years and older;Mean;1776480.00000000;1823600.00000000;1872030.00000000;1921900.00000000;1971750.00000000;2019680.00000000;2064630.00000000;2108490.00000000;2151360.00000000;2195210.00000000;2242510.00000000;2294800.00000000;2349170.00000000;2406940.00000000;2468170.00000000;2529950.00000000;2591310.00000000;2668320.00000000;2746060.00000000;2822280.00000000;2903110.00000000;2987670.00000000;3062870.00000000;3141380.00000000;3222070.00000000;3304550.00000000;3389070.00000000;3463380.00000000;3541640.00000000;3622390.00000000;3704370.00000000;3786980.00000000;3869890.00000000;3953680.00000000;4039940.00000000;4119920.00000000;4173830.00000000;4251240.00000000;4375100.00000000;4507040.00000000;4644850.00000000;4787270.00000000;4933740.00000000;5086080.00000000;5248010.00000000;5424370.00000000;5618300.00000000;5830990.00000000;6060870.00000000;6303190.00000000;6552180.00000000;6810630.00000000;7066530.00000000;7318900.00000000;7566630.00000000;7809350.00000000;8045810.00000000;8276450.00000000;8501070.00000000;8720470.00000000;8937190.00000000;9152810.00000000;9366420.00000000;9554240.00000000;9725020.00000000;9889390.00000000;10040300.00000000;10185500.00000000;10323100.00000000;10465200.00000000;10629200.00000000;         ;         ;         ;         ;         ;         ;         ;         ;         ;         ;         ;         ;         ;         ;         
;95% LL;1776480.00000000;1823600.00000000;1872030.00000000;1921900.00000000;1971740.00000000;2019660.00000000;2064590.00000000;2108380.00000000;2151110.00000000;2194710.00000000;2241490.00000000;2293100.00000000;2346410.00000000;2402780.00000000;2462450.00000000;2521840.00000000;2580680.00000000;2654880.00000000;2728890.00000000;2801190.00000000;2878230.00000000;2959020.00000000;3029420.00000000;3101990.00000000;3176760.00000000;3253500.00000000;3332600.00000000;3401920.00000000;3475670.00000000;3552280.00000000;3630430.00000000;3709560.00000000;3789390.00000000;3870560.00000000;3954620.00000000;4032970.00000000;4086200.00000000;4163080.00000000;4286150.00000000;4417720.00000000;4555570.00000000;4698420.00000000;4845650.00000000;4999000.00000000;5162080.00000000;5338900.00000000;5529230.00000000;5739450.00000000;5970250.00000000;6212630.00000000;6461930.00000000;6721090.00000000;6977950.00000000;7230020.00000000;7479970.00000000;7724030.00000000;7960830.00000000;8193370.00000000;8419990.00000000;8641460.00000000;8860330.00000000;9078170.00000000;9294030.00000000;9482960.00000000;9654820.00000000;9820270.00000000;9972300.00000000;10119800.00000000;10260200.00000000;10404700.00000000;10571100.00000000;         ;         ;         ;         ;         ;         ;         ;         ;         ;         ;         ;         ;         ;         ;         
;95% UL;1776480.00000000;1823600.00000000;1872030.00000000;1921900.00000000;1971750.00000000;2019690.00000000;2064670.00000000;2108580.00000000;2151560.00000000;2195630.00000000;2243330.00000000;2296380.00000000;2351520.00000000;2410660.00000000;2473850.00000000;2538160.00000000;2602640.00000000;2683330.00000000;2765270.00000000;2846130.00000000;2931940.00000000;3021690.00000000;3102170.00000000;3185910.00000000;3271680.00000000;3359040.00000000;3448180.00000000;3526720.00000000;3606860.00000000;3688920.00000000;3774750.00000000;3859010.00000000;3942770.00000000;4028450.00000000;4114250.00000000;4192200.00000000;4247200.00000000;4325810.00000000;4451250.00000000;4584530.00000000;4723370.00000000;4866480.00000000;5013280.00000000;5165610.00000000;5327250.00000000;5503050.00000000;5696880.00000000;5910920.00000000;6141790.00000000;6384490.00000000;6633700.00000000;6892090.00000000;7147620.00000000;7399320.00000000;7647160.00000000;7889660.00000000;8124440.00000000;8353290.00000000;8576030.00000000;8793470.00000000;9008180.00000000;9221740.00000000;9433220.00000000;9618830.00000000;9787420.00000000;9949970.00000000;10099000.00000000;10242300.00000000;10376900.00000000;10515900.00000000;10677400.00000000;         ;         ;         ;         ;         ;         ;         ;         ;         ;         ;         ;         ;         ;         ;         
Females aged 50 years and older;Mean;2096500.00000000;2176720.00000000;2259520.00000000;2343490.00000000;2426550.00000000;2506040.00000000;2585690.00000000;2663750.00000000;2737760.00000000;2810340.00000000;2884920.00000000;2963990.00000000;3043410.00000000;3127930.00000000;3217720.00000000;3312360.00000000;3410470.00000000;3525290.00000000;3642950.00000000;3762410.00000000;3885450.00000000;4013130.00000000;4136550.00000000;4262000.00000000;4390840.00000000;4523390.00000000;4660260.00000000;4792040.00000000;4929420.00000000;5070210.00000000;5211930.00000000;5352720.00000000;5491300.00000000;5627960.00000000;5764470.00000000;5886000.00000000;5967520.00000000;6073590.00000000;6233000.00000000;6397090.00000000;6563010.00000000;6729080.00000000;6894980.00000000;7063210.00000000;7238580.00000000;7427300.00000000;7634200.00000000;7862040.00000000;8109810.00000000;8373270.00000000;8646590.00000000;8932590.00000000;9220450.00000000;9507610.00000000;9793390.00000000;10078000.00000000;10359900.00000000;10639000.00000000;10914700.00000000;11187500.00000000;11459300.00000000;11731300.00000000;12000400.00000000;12242500.00000000;12466900.00000000;12685600.00000000;12891000.00000000;13091500.00000000;13286100.00000000;13486900.00000000;13712400.00000000;         ;         ;         ;         ;         ;         ;         ;         ;         ;         ;         ;         ;         ;         ;         
;95% LL;2096500.00000000;2176720.00000000;2259520.00000000;2343490.00000000;2426540.00000000;2506040.00000000;2585670.00000000;2663710.00000000;2737690.00000000;2810200.00000000;2884670.00000000;2963550.00000000;3042670.00000000;3126770.00000000;3215950.00000000;3309770.00000000;3406810.00000000;3520280.00000000;3636280.00000000;3753780.00000000;3874540.00000000;3999690.00000000;4120410.00000000;4243040.00000000;4368770.00000000;4498130.00000000;4631820.00000000;4760520.00000000;4895020.00000000;5032830.00000000;5171780.00000000;5309890.00000000;5445900.00000000;5579970.00000000;5713450.00000000;5831950.00000000;5909310.00000000;6011820.00000000;6168270.00000000;6329880.00000000;6492690.00000000;6655980.00000000;6817090.00000000;6982840.00000000;7155590.00000000;7341940.00000000;7546780.00000000;7772850.00000000;8018220.00000000;8279780.00000000;8554340.00000000;8840020.00000000;9127940.00000000;9416640.00000000;9702840.00000000;9988070.00000000;10270200.00000000;10550100.00000000;10826700.00000000;11100400.00000000;11373000.00000000;11645800.00000000;11915600.00000000;12158500.00000000;12383800.00000000;12604200.00000000;12811500.00000000;13013900.00000000;13210300.00000000;13412900.00000000;13640000.00000000;         ;         ;         ;         ;         ;         ;         ;         ;         ;         ;         ;         ;         ;         ;         
;95% UL;2096500.00000000;2176720.00000000;2259520.00000000;2343490.00000000;2426550.00000000;2506050.00000000;2585700.00000000;2663770.00000000;2737810.00000000;2810450.00000000;2885130.00000000;2964350.00000000;3044030.00000000;3128960.00000000;3219240.00000000;3314680.00000000;3413750.00000000;3529850.00000000;3649290.00000000;3770780.00000000;3896140.00000000;4026410.00000000;4152540.00000000;4280940.00000000;4412790.00000000;4548460.00000000;4688490.00000000;4823670.00000000;4964420.00000000;5107950.00000000;5252140.00000000;5395200.00000000;5535860.00000000;5674390.00000000;5813280.00000000;5937180.00000000;6020820.00000000;6128710.00000000;6290050.00000000;6457870.00000000;6627530.00000000;6796980.00000000;6965760.00000000;7136270.00000000;7313610.00000000;7504890.00000000;7714150.00000000;7942520.00000000;8190900.00000000;8455790.00000000;8730100.00000000;9016660.00000000;9304480.00000000;9591460.00000000;9874670.00000000;10158400.00000000;10439300.00000000;10716300.00000000;10990200.00000000;11261800.00000000;11533800.00000000;11805700.00000000;12074500.00000000;12316300.00000000;12539200.00000000;12756200.00000000;12959900.00000000;13158700.00000000;13351800.00000000;13552500.00000000;13776300.00000000;         ;         ;         ;         ;         ;         ;         ;         ;         ;         ;         ;         ;         ;         ;         
Number of births;Mean;1059880.00000000;1059890.00000000;1058090.00000000;1054810.00000000;1050080.00000000;1043960.00000000;1047920.00000000;1052630.00000000;1052980.00000000;1050100.00000000;1043920.00000000;1035730.00000000;999650.00000000;985533.00000000;998568.00000000;986607.00000000;987507.00000000;990609.00000000;1019420.00000000;1088790.00000000;1116720.00000000;1142460.00000000;1166270.00000000;1165460.00000000;1144260.00000000;1146760.00000000;1159720.00000000;1177000.00000000;1191470.00000000;1197370.00000000;1198430.00000000;1193100.00000000;1181450.00000000;1183880.00000000;1185640.00000000;1187340.00000000;1194930.00000000;1204180.00000000;1212790.00000000;1220470.00000000;1227240.00000000;1233120.00000000;1238280.00000000;1242900.00000000;1247230.00000000;1251570.00000000;1256170.00000000;1261190.00000000;1266110.00000000;1270830.00000000;1275190.00000000;1278900.00000000;1281720.00000000;1283610.00000000;1284590.00000000;1284700.00000000;1283990.00000000;1282490.00000000;1280230.00000000;1277320.00000000;1273920.00000000;1270170.00000000;1266230.00000000;1262230.00000000;1258310.00000000;1254560.00000000;1251030.00000000;1247720.00000000;1244700.00000000;1241980.00000000;1239550.00000000;         ;         ;         ;         ;         ;         ;         ;         ;         ;         ;         ;         ;         ;         ;         
;95% LL;1059880.00000000;1059890.00000000;1058090.00000000;1054810.00000000;1050070.00000000;1043940.00000000;1047880.00000000;1052550.00000000;1052810.00000000;1049800.00000000;1043420.00000000;1034990.00000000;998567.00000000;983987.00000000;996548.00000000;984110.00000000;984511.00000000;987046.00000000;1015350.00000000;1084060.00000000;1111540.00000000;1137050.00000000;1160810.00000000;1159910.00000000;1138740.00000000;1141400.00000000;1154500.00000000;1171980.00000000;1186560.00000000;1192600.00000000;1193810.00000000;1188610.00000000;1177130.00000000;1179710.00000000;1181580.00000000;1183330.00000000;1190020.00000000;1198720.00000000;1206620.00000000;1214050.00000000;1220150.00000000;1225820.00000000;1230750.00000000;1235250.00000000;1239500.00000000;1243800.00000000;1248380.00000000;1253530.00000000;1258580.00000000;1263300.00000000;1267600.00000000;1271270.00000000;1274080.00000000;1276060.00000000;1277150.00000000;1277410.00000000;1276870.00000000;1275610.00000000;1273490.00000000;1270760.00000000;1267520.00000000;1263920.00000000;1260100.00000000;1256200.00000000;1252330.00000000;1248620.00000000;1245090.00000000;1241760.00000000;1238690.00000000;1235910.00000000;1233400.00000000;         ;         ;         ;         ;         ;         ;         ;         ;         ;         ;         ;         ;         ;         ;         
;95% UL;1059880.00000000;1059890.00000000;1058090.00000000;1054810.00000000;1050090.00000000;1043980.00000000;1047960.00000000;1052720.00000000;1053130.00000000;1050350.00000000;1044340.00000000;1036350.00000000;1000550.00000000;986798.00000000;1000210.00000000;988680.00000000;990066.00000000;993618.00000000;1022930.00000000;1092930.00000000;1121280.00000000;1147340.00000000;1171370.00000000;1170580.00000000;1149240.00000000;1151650.00000000;1164520.00000000;1181660.00000000;1195960.00000000;1201670.00000000;1202560.00000000;1197100.00000000;1185330.00000000;1187720.00000000;1189460.00000000;1191180.00000000;1198970.00000000;1209260.00000000;1218860.00000000;1227350.00000000;1234760.00000000;1241140.00000000;1246670.00000000;1251540.00000000;1256020.00000000;1260450.00000000;1265100.00000000;1270150.00000000;1275080.00000000;1279790.00000000;1284110.00000000;1287750.00000000;1290470.00000000;1292220.00000000;1293060.00000000;1293010.00000000;1292140.00000000;1290470.00000000;1288050.00000000;1284980.00000000;1281430.00000000;1277560.00000000;1273520.00000000;1269460.00000000;1265500.00000000;1261760.00000000;1258260.00000000;1255020.00000000;1252080.00000000;1249460.00000000;1247120.00000000;         ;         ;         ;         ;         ;         ;         ;         ;         ;         ;         ;         ;         ;         ;         
Total fertility rate;Mean;4.19682000;4.07635000;3.95553000;3.83470000;3.71387000;3.57303000;3.44883000;3.32967000;3.21041000;3.09101000;2.97145000;2.86551000;2.71145000;2.62309000;2.61076000;2.53672000;2.49834000;2.46122000;2.49094000;2.62028000;2.64981000;2.66817000;2.67663000;2.62933000;2.53931000;2.50537000;2.49103000;2.48130000;2.46794000;2.44017000;2.40688000;2.36783000;2.32063000;2.30455000;2.28892000;2.27410000;2.26850000;2.26587000;2.26119000;2.25457000;2.24650000;2.23730000;2.22725000;2.21649000;2.20530000;2.19391000;2.18248000;2.17155000;2.16071000;2.14999000;2.13943000;2.12902000;2.11879000;2.10876000;2.09892000;2.08930000;2.07989000;2.07072000;2.06180000;2.05313000;2.04473000;2.03659000;2.02873000;2.02113000;2.01381000;2.00675000;1.99995000;1.99338000;1.98705000;1.98094000;1.97504000;         ;         ;         ;         ;         ;         ;         ;         ;         ;         ;         ;         ;         ;         ;         
;95% LL;4.19682000;4.07635000;3.95553000;3.83470000;3.71387000;3.57303000;3.44882000;3.32966000;3.21041000;3.09100000;2.97143000;2.86549000;2.71142000;2.62306000;2.61071000;2.53667000;2.49828000;2.46114000;2.49085000;2.62017000;2.64967000;2.66797000;2.67640000;2.62908000;2.53904000;2.50508000;2.49072000;2.48097000;2.46761000;2.43983000;2.40654000;2.36748000;2.32028000;2.30420000;2.28855000;2.27373000;2.26603000;2.26124000;2.25490000;2.24704000;2.23806000;2.22821000;2.21777000;2.20680000;2.19556000;2.18425000;2.17299000;2.16230000;2.15174000;2.14135000;2.13113000;2.12116000;2.11142000;2.10180000;2.09240000;2.08327000;2.07448000;2.06583000;2.05741000;2.04933000;2.04141000;2.03364000;2.02621000;2.01902000;2.01197000;2.00512000;1.99843000;1.99193000;1.98563000;1.97956000;1.97377000;         ;         ;         ;         ;         ;         ;         ;         ;         ;         ;         ;         ;         ;         ;         
;95% UL;4.19682000;4.07635000;3.95553000;3.83470000;3.71388000;3.57304000;3.44883000;3.32968000;3.21042000;3.09102000;2.97147000;2.86553000;2.71148000;2.62313000;2.61080000;2.53678000;2.49842000;2.46130000;2.49103000;2.62040000;2.64997000;2.66836000;2.67687000;2.62958000;2.53956000;2.50565000;2.49131000;2.48159000;2.46824000;2.44048000;2.40718000;2.36812000;2.32093000;2.30485000;2.28922000;2.27441000;2.27152000;2.27159000;2.26902000;2.26400000;2.25710000;2.24870000;2.23915000;2.22863000;2.21748000;2.20598000;2.19434000;2.18310000;2.17202000;2.16104000;2.15014000;2.13935000;2.12870000;2.11819000;2.10784000;2.09769000;2.08767000;2.07791000;2.06839000;2.05915000;2.05018000;2.04150000;2.03313000;2.02506000;2.01734000;2.01005000;2.00288000;1.99598000;1.98935000;1.98297000;1.97686000;         ;         ;         ;         ;         ;         ;         ;         ;         ;         ;         ;         ;         ;         ;         
Birth rate/1000;Mean;32.40530000;31.64790000;30.88070000;30.11500000;29.35390000;28.60060000;28.07150000;27.48690000;26.83490000;26.15430000;25.45090000;24.77000000;23.48730000;22.78500000;22.73940000;22.15140000;21.88440000;21.69270000;22.07430000;23.31010000;23.62740000;23.88190000;24.01470000;23.63210000;22.85100000;22.55360000;22.45310000;22.41420000;22.30990000;22.04420000;21.69820000;21.25100000;20.71040000;20.43170000;20.15470000;19.90550000;19.77160000;19.64690000;19.49740000;19.33560000;19.16290000;18.98090000;18.79300000;18.60250000;18.41360000;18.23070000;18.05760000;17.89580000;17.74040000;17.59000000;17.44190000;17.29230000;17.13800000;16.97860000;16.81470000;16.64690000;16.47590000;16.30240000;16.12670000;15.95020000;15.77470000;15.60210000;15.43390000;15.27160000;15.11640000;14.96940000;14.83040000;14.69950000;14.57700000;14.46290000;14.35650000;         ;         ;         ;         ;         ;         ;         ;         ;         ;         ;         ;         ;         ;         ;         
;95% LL;32.40530000;31.64790000;30.88070000;30.11500000;29.35380000;28.60040000;28.07110000;27.48610000;26.83380000;26.15260000;25.44870000;24.76700000;23.48340000;22.77960000;22.73130000;22.14050000;21.87060000;21.67660000;22.05440000;23.28510000;23.59790000;23.84770000;23.97560000;23.59160000;22.80690000;22.50800000;22.40500000;22.36420000;22.25730000;21.98970000;21.64230000;21.19440000;20.65400000;20.37510000;20.09840000;19.85120000;19.72090000;19.60210000;19.44840000;19.28260000;19.10620000;18.92000000;18.73030000;18.53820000;18.34940000;18.16790000;17.99680000;17.83740000;17.68460000;17.53720000;17.39220000;17.24590000;17.09500000;16.93850000;16.77760000;16.61290000;16.44420000;16.27290000;16.09920000;15.92430000;15.75000000;15.57850000;15.41190000;15.25040000;15.09580000;14.94900000;14.80980000;14.67870000;14.55600000;14.44150000;14.33520000;         ;         ;         ;         ;         ;         ;         ;         ;         ;         ;         ;         ;         ;         ;         
;95% UL;32.40530000;31.64790000;30.88070000;30.11510000;29.35400000;28.60080000;28.07200000;27.48790000;26.83630000;26.15600000;25.45280000;24.77260000;23.49040000;22.78970000;22.74590000;22.16030000;21.89630000;21.70730000;22.09190000;23.33210000;23.65380000;23.91550000;24.05260000;23.67410000;22.89710000;22.60150000;22.50990000;22.47320000;22.37050000;22.10810000;21.75830000;21.31160000;20.76920000;20.48980000;20.21000000;19.96100000;19.82150000;19.69930000;19.55580000;19.40180000;19.23730000;19.06000000;18.87400000;18.68330000;18.49240000;18.30670000;18.13020000;17.96490000;17.80600000;17.65200000;17.50020000;17.34680000;17.18920000;17.02690000;16.85980000;16.68910000;16.51530000;16.33900000;16.16070000;15.98270000;15.80600000;15.63240000;15.46280000;15.29910000;15.14280000;14.99510000;14.85590000;14.72520000;14.60360000;14.49040000;14.38510000;         ;         ;         ;         ;         ;         ;         ;         ;         ;         ;         ;         ;         ;         ;         
Dependency ratio;Mean;0.76041700;0.76092100;0.75879200;0.75387800;0.74698400;0.73910000;0.72863600;0.71328700;0.69875800;0.68401400;0.66785700;0.64907600;0.64019800;0.62827800;0.61508000;0.60264000;0.58958500;0.57471000;0.56161200;0.55081500;0.54343200;0.53778100;0.53188800;0.52718400;0.52307600;0.51911500;0.51605600;0.51097600;0.50860700;0.50795800;0.50768600;0.50831500;0.50887500;0.50930400;0.50890400;0.50580400;0.50096900;0.49564700;0.49058300;0.48585200;0.48217100;0.47885700;0.47569500;0.47241700;0.46905800;0.46581800;0.46281300;0.46018800;0.45827800;0.45670700;0.45557500;0.45501300;0.45491400;0.45506400;0.45534900;0.45566200;0.45595100;0.45621100;0.45654400;0.45713000;0.45819500;0.45988600;0.46226600;0.46524400;0.46863800;0.47221500;0.47610800;0.47986700;0.48345000;0.48684900;0.49009600;         ;         ;         ;         ;         ;         ;         ;         ;         ;         ;         ;         ;         ;         ;         
;95% LL;0.76041700;0.76092100;0.75879200;0.75387600;0.74698000;0.73909200;0.72861900;0.71325700;0.69870600;0.68395900;0.66780700;0.64897900;0.64001000;0.62797600;0.61462700;0.60205800;0.58886400;0.57386200;0.56065300;0.54976100;0.54229300;0.53656800;0.53061500;0.52585600;0.52170700;0.51771800;0.51464800;0.50959200;0.50725900;0.50664400;0.50640300;0.50705500;0.50767900;0.50819800;0.50784200;0.50482400;0.50003800;0.49472300;0.48966000;0.48495400;0.48137000;0.47816200;0.47499500;0.47163500;0.46824200;0.46488500;0.46173400;0.45901600;0.45693400;0.45524600;0.45400700;0.45331000;0.45308400;0.45314900;0.45338100;0.45369000;0.45402200;0.45436100;0.45476800;0.45542100;0.45657300;0.45830400;0.46072300;0.46375900;0.46728800;0.47098800;0.47489700;0.47876000;0.48240700;0.48585700;0.48917800;         ;         ;         ;         ;         ;         ;         ;         ;         ;         ;         ;         ;         ;         ;         
;95% UL;0.76041700;0.76092200;0.75879400;0.75388100;0.74699000;0.73910900;0.72865200;0.71331100;0.69879400;0.68405600;0.66791300;0.64917800;0.64039500;0.62859600;0.61551800;0.60320500;0.59025000;0.57547000;0.56248300;0.55179600;0.54452100;0.53895700;0.53315600;0.52854200;0.52450700;0.52058800;0.51756300;0.51243900;0.51003200;0.50934400;0.50904900;0.50963500;0.51014800;0.51054200;0.51007000;0.50694700;0.50207900;0.49676800;0.49167800;0.48690200;0.48322000;0.47991500;0.47677400;0.47357100;0.47029200;0.46711300;0.46416800;0.46172500;0.45995500;0.45850400;0.45740600;0.45691100;0.45685400;0.45701800;0.45735600;0.45769300;0.45797800;0.45816500;0.45848100;0.45906800;0.46012000;0.46178700;0.46412800;0.46705200;0.47037500;0.47382800;0.47755200;0.48115600;0.48467300;0.48800000;0.49117000;         ;         ;         ;         ;         ;         ;         ;         ;         ;         ;         ;         ;         ;         ;         
Aging index;Mean;0.09191130;0.09557660;0.09860650;0.10124300;0.10380900;0.10661100;0.10972100;0.11341200;0.11731700;0.12142100;0.12573900;0.13047400;0.13353700;0.13708600;0.14101600;0.14508300;0.14967800;0.15552800;0.16154900;0.16703700;0.17172900;0.17578000;0.17829900;0.17995500;0.18134500;0.18301300;0.18483600;0.18662900;0.18807700;0.18941700;0.19098800;0.19257700;0.19443500;0.19663200;0.19931600;0.20167700;0.20147200;0.20323700;0.20882500;0.21471300;0.22059300;0.22664600;0.23296700;0.23966500;0.24662500;0.25362800;0.26053000;0.26713900;0.27337700;0.27958500;0.28596400;0.29263600;0.29978000;0.30742900;0.31544000;0.32360600;0.33182100;0.34007200;0.34857100;0.35771000;0.36798700;0.37976700;0.39324800;0.40832100;0.42462800;0.44169300;0.45977400;0.47789700;0.49589800;0.51368600;0.53123800;         ;         ;         ;         ;         ;         ;         ;         ;         ;         ;         ;         ;         ;         ;         
;95% LL;0.09191130;0.09557660;0.09860620;0.10124200;0.10380700;0.10660800;0.10971500;0.11340100;0.11729900;0.12139100;0.12569300;0.13040700;0.13344500;0.13696600;0.14087200;0.14490800;0.14947000;0.15528300;0.16127000;0.16671600;0.17136000;0.17537200;0.17786400;0.17950200;0.18086100;0.18251600;0.18438200;0.18617800;0.18756100;0.18881600;0.19029600;0.19179400;0.19355900;0.19562300;0.19818900;0.20043100;0.20013900;0.20177200;0.20720300;0.21293800;0.21867200;0.22459600;0.23082600;0.23744600;0.24426100;0.25117200;0.25792200;0.26443200;0.27061100;0.27681200;0.28316300;0.28970300;0.29685500;0.30453200;0.31249500;0.32060300;0.32881000;0.33704700;0.34552500;0.35469000;0.36494300;0.37668800;0.39029200;0.40531500;0.42171500;0.43890000;0.45694600;0.47504100;0.49302600;0.51074500;0.52822200;         ;         ;         ;         ;         ;         ;         ;         ;         ;         ;         ;         ;         ;         ;         
;95% UL;0.09191130;0.09557670;0.09860670;0.10124300;0.10381000;0.10661400;0.10972700;0.11342400;0.11733800;0.12145500;0.12578900;0.13054500;0.13362900;0.13720200;0.14116100;0.14525700;0.14988500;0.15578200;0.16183900;0.16736400;0.17210200;0.17619200;0.17873500;0.18041100;0.18181500;0.18350900;0.18534800;0.18719800;0.18869800;0.19008900;0.19172900;0.19342700;0.19540500;0.19773400;0.20052900;0.20301600;0.20293400;0.20480700;0.21053200;0.21656400;0.22256900;0.22875400;0.23514400;0.24191700;0.24894500;0.25600500;0.26296700;0.26960000;0.27585100;0.28206200;0.28844400;0.29510500;0.30243000;0.31004600;0.31813400;0.32634400;0.33458600;0.34283400;0.35137000;0.36049300;0.37072000;0.38239100;0.39590700;0.41082300;0.42700500;0.44409300;0.46217200;0.48028700;0.49816600;0.51606300;0.53381700;         ;         ;         ;         ;         ;         ;         ;         ;         ;         ;         ;         ;         ;         ;         
;;         ;         ;         ;         ;         ;         ;         ;         ;         ;         ;         ;         ;         ;         ;         ;         ;         ;         ;         ;         ;         ;         ;         ;         ;         ;         ;         ;         ;         ;         ;         ;         ;         ;         ;         ;         ;         ;         ;         ;         ;         ;         ;         ;         ;         ;         ;         ;         ;         ;         ;         ;         ;         ;         ;         ;         ;         ;         ;         ;         ;         ;         ;         ;         ;         ;         ;         ;         ;         ;         ;         ;         ;         ;         ;         ;         ;         ;         ;         ;         ;         ;         ;         ;         ;         ;         
HIV incidence statistics;;         ;         ;         ;         ;         ;         ;         ;         ;         ;         ;         ;         ;         ;         ;         ;         ;         ;         ;         ;         ;         ;         ;         ;         ;         ;         ;         ;         ;         ;         ;         ;         ;         ;         ;         ;         ;         ;         ;         ;         ;         ;         ;         ;         ;         ;         ;         ;         ;         ;         ;         ;         ;         ;         ;         ;         ;         ;         ;         ;         ;         ;         ;         ;         ;         ;         ;         ;         ;         ;         ;         ;         ;         ;         ;         ;         ;         ;         ;         ;         ;         ;         ;         ;         ;         ;         
;;         ;         ;         ;         ;         ;         ;         ;         ;         ;         ;         ;         ;         ;         ;         ;         ;         ;         ;         ;         ;         ;         ;         ;         ;         ;         ;         ;         ;         ;         ;         ;         ;         ;         ;         ;         ;         ;         ;         ;         ;         ;         ;         ;         ;         ;         ;         ;         ;         ;         ;         ;         ;         ;         ;         ;         ;         ;         ;         ;         ;         ;         ;         ;         ;         ;         ;         ;         ;         ;         ;         ;         ;         ;         ;         ;         ;         ;         ;         ;         ;         ;         ;         ;         ;         ;         
Total new HIV infections;Mean;1128.34000000;3176.00000000;7953.19000000;19595.20000000;45928.20000000;95471.40000000;167289.00000000;247208.00000000;322559.00000000;390733.00000000;449865.00000000;497193.00000000;526443.00000000;544211.00000000;553223.00000000;552823.00000000;546171.00000000;535924.00000000;524450.00000000;513539.00000000;497351.00000000;477571.00000000;457323.00000000;433821.00000000;407610.00000000;384004.00000000;360914.00000000;342115.00000000;328016.00000000;312012.00000000;299414.00000000;280861.00000000;257596.00000000;243498.00000000;228752.00000000;213085.00000000;200629.00000000;188596.00000000;177859.00000000;169229.00000000;162302.00000000;155844.00000000;149515.00000000;144429.00000000;139579.00000000;134883.00000000;130294.00000000;125776.00000000;121269.00000000;116734.00000000;112138.00000000;107575.00000000;103183.00000000;98993.30000000;95007.00000000;91205.20000000;87590.70000000;84159.10000000;80907.50000000;77824.70000000;74896.10000000;72108.20000000;69449.10000000;66908.20000000;64477.40000000;62149.10000000;59915.50000000;57770.00000000;55706.80000000;53722.10000000;51810.30000000;         ;         ;         ;         ;         ;         ;         ;         ;         ;         ;         ;         ;         ;         ;         
;95% LL;394.53300000;1304.97000000;3926.57000000;11016.70000000;28363.20000000;64222.10000000;124774.00000000;201022.00000000;280726.00000000;355464.00000000;417451.00000000;470262.00000000;506290.00000000;528846.00000000;542204.00000000;542742.00000000;536257.00000000;525640.00000000;513668.00000000;501980.00000000;485113.00000000;464810.00000000;444290.00000000;420793.00000000;394898.00000000;371352.00000000;348262.00000000;329550.00000000;315574.00000000;299515.00000000;286786.00000000;267914.00000000;244289.00000000;229720.00000000;214598.00000000;199268.00000000;187783.00000000;176985.00000000;167488.00000000;159956.00000000;153855.00000000;147758.00000000;141892.00000000;137102.00000000;132421.00000000;127638.00000000;123120.00000000;118770.00000000;114499.00000000;110106.00000000;105624.00000000;101085.00000000;96728.70000000;92648.50000000;88812.50000000;85163.50000000;81559.60000000;78275.20000000;75167.10000000;72223.30000000;69429.20000000;66712.70000000;64099.30000000;61606.20000000;59399.10000000;57207.10000000;55043.70000000;52909.90000000;50860.50000000;48891.50000000;46997.60000000;         ;         ;         ;         ;         ;         ;         ;         ;         ;         ;         ;         ;         ;         ;         
;95% UL;1735.41000000;4974.61000000;12534.70000000;30425.40000000;70266.90000000;144751.00000000;216116.00000000;296225.00000000;364289.00000000;429565.00000000;491428.00000000;535749.00000000;558400.00000000;568342.00000000;569618.00000000;564898.00000000;558194.00000000;548298.00000000;537459.00000000;527155.00000000;511594.00000000;492362.00000000;472863.00000000;449826.00000000;423065.00000000;399006.00000000;375481.00000000;356614.00000000;342701.00000000;326815.00000000;314405.00000000;295702.00000000;272142.00000000;257880.00000000;243091.00000000;227136.00000000;213995.00000000;200328.00000000;188567.00000000;179177.00000000;171671.00000000;164146.00000000;157614.00000000;152866.00000000;148347.00000000;143960.00000000;139650.00000000;135378.00000000;131074.00000000;126690.00000000;122185.00000000;117663.00000000;113277.00000000;109069.00000000;105044.00000000;101187.00000000;97506.20000000;94002.20000000;90675.20000000;87516.20000000;84512.10000000;81650.00000000;78918.00000000;76306.10000000;73806.30000000;71411.50000000;69113.40000000;66905.20000000;64780.50000000;62735.20000000;60763.10000000;         ;         ;         ;         ;         ;         ;         ;         ;         ;         ;         ;         ;         ;         ;         
New infections acquired sexually;Mean;1050.27000000;3020.52000000;7627.19000000;18867.10000000;44269.00000000;91852.70000000;160144.00000000;234806.00000000;303543.00000000;364179.00000000;415314.00000000;454631.00000000;476863.00000000;488121.00000000;490403.00000000;485146.00000000;474721.00000000;462303.00000000;450081.00000000;437820.00000000;424327.00000000;410153.00000000;398139.00000000;387110.00000000;373500.00000000;358002.00000000;339066.00000000;322199.00000000;309356.00000000;295963.00000000;285244.00000000;268501.00000000;246492.00000000;233272.00000000;219219.00000000;204251.00000000;192451.00000000;180957.00000000;170713.00000000;162508.00000000;155953.00000000;149830.00000000;143817.00000000;139007.00000000;134403.00000000;129941.00000000;125578.00000000;121279.00000000;116985.00000000;112658.00000000;108268.00000000;103910.00000000;99716.50000000;95720.10000000;91920.00000000;88297.60000000;84855.50000000;81588.80000000;78494.20000000;75560.00000000;72771.50000000;70115.00000000;67578.40000000;65151.50000000;62826.30000000;60595.70000000;58452.20000000;56389.70000000;54403.00000000;52488.80000000;50641.80000000;         ;         ;         ;         ;         ;         ;         ;         ;         ;         ;         ;         ;         ;         ;         
;95% LL;369.38400000;1250.58000000;3781.61000000;10679.00000000;27447.80000000;61399.90000000;119033.00000000;190649.00000000;264420.00000000;332615.00000000;386568.00000000;431134.00000000;459796.00000000;476180.00000000;481189.00000000;476035.00000000;465499.00000000;452585.00000000;439542.00000000;426557.00000000;412532.00000000;398101.00000000;386043.00000000;375050.00000000;361649.00000000;346106.00000000;327032.00000000;310278.00000000;297549.00000000;284056.00000000;273214.00000000;256206.00000000;233840.00000000;220064.00000000;205550.00000000;190920.00000000;180060.00000000;169757.00000000;160704.00000000;153550.00000000;147883.00000000;142209.00000000;136496.00000000;131953.00000000;127395.00000000;123010.00000000;118667.00000000;114470.00000000;110402.00000000;106260.00000000;101924.00000000;97601.90000000;93553.90000000;89698.60000000;86033.80000000;82431.10000000;79114.20000000;75877.10000000;72950.20000000;70172.30000000;67422.70000000;64808.50000000;62316.90000000;59936.90000000;57875.30000000;55722.70000000;53590.60000000;51541.50000000;49570.20000000;47673.30000000;45845.90000000;         ;         ;         ;         ;         ;         ;         ;         ;         ;         ;         ;         ;         ;         ;         
;95% UL;1618.53000000;4740.58000000;12038.90000000;29315.80000000;67814.80000000;139731.00000000;207863.00000000;280010.00000000;343037.00000000;402555.00000000;456083.00000000;492183.00000000;507748.00000000;511228.00000000;505893.00000000;496429.00000000;485824.00000000;474128.00000000;462159.00000000;450417.00000000;437571.00000000;423869.00000000;412130.00000000;401275.00000000;387642.00000000;371951.00000000;352682.00000000;335634.00000000;322965.00000000;309814.00000000;299349.00000000;282658.00000000;260759.00000000;247366.00000000;233259.00000000;217704.00000000;205250.00000000;192144.00000000;181077.00000000;172057.00000000;164948.00000000;158016.00000000;151478.00000000;146996.00000000;142712.00000000;138552.00000000;134461.00000000;130402.00000000;126308.00000000;122132.00000000;117837.00000000;113524.00000000;109345.00000000;105340.00000000;101512.00000000;97847.10000000;94352.70000000;91028.00000000;87872.80000000;84877.30000000;82028.00000000;79311.50000000;76715.90000000;74231.20000000;71849.60000000;69564.00000000;67366.80000000;65251.60000000;63212.50000000;61246.20000000;59346.80000000;         ;         ;         ;         ;         ;         ;         ;         ;         ;         ;         ;         ;         ;         ;         
New infections acquired sexually: males;Mean;547.53800000;1656.81000000;4244.90000000;10543.60000000;24657.90000000;50480.90000000;85395.80000000;120194.00000000;148413.00000000;170423.00000000;186857.00000000;197434.00000000;200447.00000000;199185.00000000;195057.00000000;189013.00000000;182185.00000000;175846.00000000;170503.00000000;165699.00000000;160862.00000000;156119.00000000;152429.00000000;149251.00000000;145291.00000000;140968.00000000;134410.00000000;127609.00000000;122208.00000000;116477.00000000;111756.00000000;104321.00000000;94332.80000000;88215.10000000;81929.00000000;75582.00000000;70641.10000000;65576.90000000;61010.30000000;57395.70000000;54592.40000000;52085.60000000;49747.00000000;47969.90000000;46354.90000000;44837.90000000;43383.60000000;41972.00000000;40576.20000000;39176.30000000;37758.50000000;36347.50000000;34981.10000000;33672.50000000;32421.70000000;31223.00000000;30077.90000000;28985.60000000;27945.60000000;26955.70000000;26011.60000000;25109.40000000;24245.90000000;23419.10000000;22626.30000000;21865.20000000;21134.00000000;20430.70000000;19753.60000000;19101.20000000;18471.30000000;         ;         ;         ;         ;         ;         ;         ;         ;         ;         ;         ;         ;         ;         ;         
;95% LL;198.16500000;708.11200000;2153.49000000;5975.00000000;15247.40000000;32159.90000000;62099.20000000;94297.20000000;125064.00000000;150932.00000000;170924.00000000;182253.00000000;186734.00000000;187529.00000000;185632.00000000;181242.00000000;176054.00000000;169470.00000000;164103.00000000;159302.00000000;154613.00000000;149935.00000000;146264.00000000;143138.00000000;139191.00000000;134923.00000000;128385.00000000;121679.00000000;116413.00000000;110815.00000000;106103.00000000;98860.20000000;88955.40000000;82817.10000000;76383.10000000;70252.10000000;65761.90000000;61270.00000000;57066.30000000;53801.40000000;51282.00000000;49047.70000000;46907.60000000;45353.40000000;43847.00000000;42388.30000000;40980.80000000;39600.60000000;38230.40000000;36861.50000000;35436.80000000;34054.50000000;32739.60000000;31476.90000000;30260.90000000;29098.80000000;27936.90000000;26814.00000000;25754.50000000;24811.80000000;23914.40000000;23058.50000000;22241.00000000;21459.80000000;20675.80000000;19963.00000000;19250.80000000;18566.60000000;17913.00000000;17265.90000000;16657.40000000;         ;         ;         ;         ;         ;         ;         ;         ;         ;         ;         ;         ;         ;         ;         
;95% UL;859.29800000;2640.52000000;6789.11000000;16556.90000000;38947.60000000;76511.90000000;110216.00000000;143431.00000000;169902.00000000;197982.00000000;215579.00000000;223877.00000000;222505.00000000;216161.00000000;207040.00000000;197672.00000000;190994.00000000;184200.00000000;179221.00000000;174060.00000000;169080.00000000;164135.00000000;160268.00000000;156827.00000000;152682.00000000;148373.00000000;141544.00000000;134612.00000000;128998.00000000;123081.00000000;118260.00000000;110557.00000000;100212.00000000;94155.00000000;87883.00000000;81260.30000000;75917.50000000;70341.40000000;65265.00000000;61227.10000000;58129.60000000;55469.60000000;52993.60000000;51015.80000000;49345.00000000;47773.20000000;46295.70000000;44849.70000000;43416.80000000;41968.40000000;40472.30000000;38977.10000000;37528.20000000;36151.40000000;34872.00000000;33639.60000000;32491.70000000;31413.60000000;30385.80000000;29407.00000000;28473.50000000;27581.60000000;26728.40000000;25912.00000000;25129.90000000;24379.50000000;23659.00000000;22966.20000000;22299.60000000;21657.10000000;21036.30000000;         ;         ;         ;         ;         ;         ;         ;         ;         ;         ;         ;         ;         ;         ;         
New infections acquired sexually: females;Mean;502.73100000;1363.71000000;3382.30000000;8323.42000000;19611.10000000;41371.80000000;74747.70000000;114611.00000000;155131.00000000;193757.00000000;228457.00000000;257197.00000000;276416.00000000;288935.00000000;295345.00000000;296134.00000000;292536.00000000;286457.00000000;279579.00000000;272121.00000000;263464.00000000;254034.00000000;245710.00000000;237859.00000000;228209.00000000;217035.00000000;204656.00000000;194590.00000000;187148.00000000;179487.00000000;173487.00000000;164181.00000000;152160.00000000;145056.00000000;137290.00000000;128669.00000000;121810.00000000;115381.00000000;109703.00000000;105112.00000000;101361.00000000;97744.40000000;94069.70000000;91036.70000000;88047.60000000;85103.30000000;82194.50000000;79306.90000000;76408.60000000;73481.90000000;70509.70000000;67562.40000000;64735.40000000;62047.60000000;59498.30000000;57074.60000000;54777.60000000;52603.30000000;50548.70000000;48604.30000000;46759.90000000;45005.60000000;43332.50000000;41732.50000000;40200.00000000;38730.50000000;37318.20000000;35959.10000000;34649.40000000;33387.60000000;32170.50000000;         ;         ;         ;         ;         ;         ;         ;         ;         ;         ;         ;         ;         ;         ;         
;95% LL;171.21900000;542.02800000;1640.87000000;4637.55000000;12345.00000000;28286.40000000;56543.50000000;93822.40000000;136076.00000000;175462.00000000;211254.00000000;242663.00000000;265419.00000000;280015.00000000;286861.00000000;287960.00000000;284509.00000000;278718.00000000;271890.00000000;264251.00000000;255555.00000000;246237.00000000;238015.00000000;230045.00000000;220352.00000000;209104.00000000;196728.00000000;186720.00000000;179364.00000000;171775.00000000;165706.00000000;156477.00000000;144559.00000000;137265.00000000;129262.00000000;120811.00000000;114399.00000000;108272.00000000;102753.00000000;98721.50000000;95472.60000000;92267.10000000;88920.10000000;85924.30000000;83088.00000000;80169.20000000;77380.50000000;74547.50000000;71699.80000000;68838.40000000;65949.10000000;63098.10000000;60373.20000000;57791.00000000;55349.40000000;53032.30000000;50778.20000000;48645.80000000;46631.30000000;44725.10000000;42916.80000000;41171.50000000;39494.20000000;37938.30000000;36476.30000000;35049.40000000;33667.40000000;32374.70000000;31142.90000000;29958.40000000;28831.50000000;         ;         ;         ;         ;         ;         ;         ;         ;         ;         ;         ;         ;         ;         ;         
;95% UL;759.23000000;2100.05000000;5249.76000000;12758.90000000;29153.70000000;63219.00000000;99771.40000000;137982.00000000;176290.00000000;212110.00000000;244001.00000000;270021.00000000;287536.00000000;298299.00000000;303183.00000000;303598.00000000;300058.00000000;293888.00000000;287083.00000000;279626.00000000;270933.00000000;261697.00000000;253656.00000000;245966.00000000;236073.00000000;225026.00000000;212497.00000000;202307.00000000;194865.00000000;187258.00000000;181316.00000000;172048.00000000;160115.00000000;153058.00000000;145403.00000000;136617.00000000;129440.00000000;122523.00000000;116246.00000000;111450.00000000;107854.00000000;104753.00000000;101526.00000000;98659.60000000;95679.10000000;92725.00000000;89788.80000000;86853.90000000;83882.00000000;80850.70000000;77860.30000000;74904.90000000;72049.50000000;69318.60000000;66714.80000000;64227.30000000;61860.90000000;59614.40000000;57487.00000000;55470.30000000;53554.40000000;51729.90000000;49987.50000000;48319.20000000;46719.70000000;45184.50000000;43707.80000000;42285.30000000;40913.00000000;39589.10000000;38310.50000000;         ;         ;         ;         ;         ;         ;         ;         ;         ;         ;         ;         ;         ;         ;         
New infections in males aged 15+;Mean;547.17500000;1655.76000000;4242.58000000;10538.50000000;24646.60000000;50456.70000000;85348.30000000;120112.00000000;148285.00000000;170243.00000000;186623.00000000;197151.00000000;200124.00000000;198839.00000000;194708.00000000;188676.00000000;181876.00000000;175570.00000000;170259.00000000;165481.00000000;160664.00000000;155935.00000000;152256.00000000;149086.00000000;145133.00000000;140817.00000000;134268.00000000;127482.00000000;122091.00000000;116366.00000000;111652.00000000;104221.00000000;94236.60000000;88118.40000000;81830.80000000;75484.60000000;70542.90000000;65481.90000000;60923.60000000;57321.20000000;54528.00000000;52027.80000000;49694.60000000;47922.00000000;46311.30000000;44798.40000000;43347.90000000;41939.80000000;40546.60000000;39149.10000000;37733.40000000;36324.20000000;34959.30000000;33652.00000000;32402.40000000;31204.80000000;30060.70000000;28969.30000000;27930.10000000;26941.00000000;25997.60000000;25096.00000000;24233.10000000;23406.80000000;22614.50000000;21854.00000000;21123.20000000;20420.30000000;19743.70000000;19091.70000000;18462.30000000;         ;         ;         ;         ;         ;         ;         ;         ;         ;         ;         ;         ;         ;         ;         
;95% LL;198.05000000;707.66300000;2152.46000000;5972.80000000;15241.50000000;32142.30000000;62065.50000000;94238.00000000;124962.00000000;150782.00000000;170729.00000000;182009.00000000;186456.00000000;187232.00000000;185333.00000000;180989.00000000;175739.00000000;169191.00000000;163800.00000000;159074.00000000;154362.00000000;149771.00000000;146109.00000000;142970.00000000;139031.00000000;134771.00000000;128240.00000000;121565.00000000;116284.00000000;110703.00000000;105998.00000000;98741.80000000;88840.90000000;82722.30000000;76287.30000000;70157.30000000;65669.80000000;61157.90000000;56978.20000000;53716.70000000;51208.50000000;48991.90000000;46856.40000000;45306.50000000;43798.60000000;42348.60000000;40945.00000000;39566.90000000;38199.60000000;36832.50000000;35410.70000000;34031.80000000;32718.40000000;31455.80000000;30241.00000000;29080.10000000;27919.20000000;26797.20000000;25738.60000000;24796.60000000;23899.90000000;23044.60000000;22227.80000000;21447.10000000;20663.20000000;19950.90000000;19238.80000000;18557.10000000;17903.10000000;17256.50000000;16649.10000000;         ;         ;         ;         ;         ;         ;         ;         ;         ;         ;         ;         ;         ;         ;         
;95% UL;858.75600000;2638.95000000;6785.60000000;16549.10000000;38930.40000000;76487.80000000;110134.00000000;143326.00000000;169761.00000000;197783.00000000;215319.00000000;223563.00000000;222147.00000000;215780.00000000;206658.00000000;197269.00000000;190711.00000000;183967.00000000;179014.00000000;173853.00000000;168892.00000000;163960.00000000;160103.00000000;156686.00000000;152548.00000000;148245.00000000;141407.00000000;134502.00000000;128897.00000000;122984.00000000;118169.00000000;110469.00000000;100125.00000000;94055.30000000;87788.00000000;81165.90000000;75824.70000000;70247.40000000;65183.40000000;61147.60000000;58061.20000000;55419.70000000;52943.80000000;50969.20000000;49302.50000000;47738.30000000;46260.90000000;44818.20000000;43387.80000000;41944.50000000;40445.20000000;38951.90000000;37504.60000000;36133.90000000;34855.50000000;33623.90000000;32477.20000000;31399.70000000;30372.50000000;29394.40000000;28461.40000000;27570.00000000;26717.20000000;25901.20000000;25119.40000000;24369.40000000;23649.20000000;22956.90000000;22290.60000000;21648.40000000;21028.00000000;         ;         ;         ;         ;         ;         ;         ;         ;         ;         ;         ;         ;         ;         ;         
New infections in females aged 15+;Mean;493.79100000;1340.85000000;3328.55000000;8197.06000000;19326.20000000;40793.20000000;73712.80000000;112964.00000000;152762.00000000;190610.00000000;224548.00000000;252620.00000000;271307.00000000;283481.00000000;289750.00000000;290573.00000000;287192.00000000;281477.00000000;274991.00000000;267894.00000000;259529.00000000;250376.00000000;242254.00000000;234567.00000000;225089.00000000;214086.00000000;201851.00000000;191926.00000000;184573.00000000;176970.00000000;171023.00000000;161801.00000000;149902.00000000;142809.00000000;135030.00000000;126463.00000000;119640.00000000;113292.00000000;107740.00000000;103309.00000000;99722.10000000;96256.30000000;92711.60000000;89794.70000000;86918.40000000;84073.60000000;81253.30000000;78442.90000000;75610.50000000;72744.80000000;69829.00000000;66932.90000000;64150.90000000;61500.80000000;58985.10000000;56591.50000000;54320.70000000;52169.70000000;50136.20000000;48211.20000000;46384.60000000;44646.90000000;42989.30000000;41404.00000000;39885.60000000;38429.30000000;37029.70000000;35682.80000000;34385.00000000;33134.40000000;31928.30000000;         ;         ;         ;         ;         ;         ;         ;         ;         ;         ;         ;         ;         ;         ;         
;95% LL;168.20700000;533.21900000;1614.82000000;4567.34000000;12192.20000000;27901.80000000;55765.60000000;92363.00000000;133977.00000000;172784.00000000;207830.00000000;238802.00000000;260729.00000000;275065.00000000;281947.00000000;282598.00000000;279610.00000000;273941.00000000;267670.00000000;260359.00000000;251724.00000000;242561.00000000;234361.00000000;226529.00000000;216989.00000000;206001.00000000;194015.00000000;184253.00000000;176861.00000000;169250.00000000;163436.00000000;153996.00000000;142204.00000000;134953.00000000;126945.00000000;118554.00000000;112257.00000000;106288.00000000;100854.00000000;96779.20000000;93701.10000000;90668.80000000;87487.90000000;84704.80000000;81891.80000000;79106.20000000;76438.20000000;73681.70000000;70900.90000000;68101.30000000;65269.20000000;62469.70000000;59790.00000000;57245.60000000;54837.60000000;52532.30000000;50306.70000000;48199.40000000;46207.80000000;44322.60000000;42533.70000000;40831.90000000;39189.40000000;37603.00000000;36155.60000000;34747.10000000;33394.70000000;32123.10000000;30899.00000000;29720.60000000;28587.00000000;         ;         ;         ;         ;         ;         ;         ;         ;         ;         ;         ;         ;         ;         ;         
;95% UL;745.91200000;2065.58000000;5168.35000000;12570.70000000;28724.10000000;62516.50000000;98614.10000000;135711.00000000;173434.00000000;208464.00000000;239311.00000000;265409.00000000;282286.00000000;292223.00000000;297249.00000000;297676.00000000;294247.00000000;288291.00000000;282301.00000000;275288.00000000;266995.00000000;258127.00000000;250362.00000000;242597.00000000;233152.00000000;222170.00000000;209845.00000000;199785.00000000;192421.00000000;185026.00000000;179137.00000000;169948.00000000;158130.00000000;151086.00000000;143395.00000000;134541.00000000;127320.00000000;120511.00000000;114334.00000000;109694.00000000;106291.00000000;103331.00000000;100225.00000000;97412.50000000;94545.40000000;91691.50000000;88844.30000000;85987.10000000;83081.50000000;80119.60000000;77216.40000000;74307.20000000;71492.60000000;68795.90000000;66222.50000000;63762.30000000;61419.60000000;59194.00000000;57085.50000000;55086.30000000;53186.60000000;51377.00000000;49648.80000000;47993.80000000;46407.10000000;44884.10000000;43419.00000000;42007.80000000;40646.30000000;39332.90000000;38064.50000000;         ;         ;         ;         ;         ;         ;         ;         ;         ;         ;         ;         ;         ;         ;         
New HIV infections in children <15;Mean;87.37930000;179.38200000;382.06500000;859.62100000;1955.38000000;4221.52000000;8227.72000000;14131.30000000;21512.40000000;29879.80000000;38693.30000000;47422.40000000;55012.00000000;61891.20000000;68764.70000000;73574.70000000;77103.80000000;78877.20000000;79200.70000000;80164.70000000;77156.70000000;71259.00000000;62813.30000000;50167.80000000;37387.20000000;29101.00000000;24795.20000000;22707.40000000;21352.40000000;18675.30000000;16738.60000000;14838.40000000;13457.00000000;12571.00000000;11890.50000000;11136.50000000;10446.50000000;9821.75000000;9195.41000000;8598.17000000;8052.00000000;7559.95000000;7109.17000000;6712.55000000;6348.97000000;6010.54000000;5692.33000000;5393.28000000;5112.27000000;4840.55000000;4575.42000000;4318.24000000;4072.48000000;3840.39000000;3619.44000000;3408.89000000;3209.22000000;3020.17000000;2841.27000000;2672.51000000;2513.91000000;2365.36000000;2226.65000000;2097.40000000;1977.27000000;1865.84000000;1762.58000000;1666.87000000;1578.16000000;1495.94000000;1419.71000000;         ;         ;         ;         ;         ;         ;         ;         ;         ;         ;         ;         ;         ;         ;         
;95% LL;28.27650000;63.54930000;157.96100000;428.29500000;1136.27000000;2709.11000000;5897.50000000;10868.00000000;17775.80000000;25453.90000000;33766.80000000;42245.20000000;50041.70000000;57279.20000000;64236.90000000;69315.00000000;73278.80000000;75577.00000000;76324.10000000;77467.60000000;74654.80000000;68956.50000000;60815.20000000;48613.30000000;36254.00000000;28212.40000000;24017.70000000;21936.40000000;20581.30000000;17973.70000000;16084.20000000;14214.10000000;12826.50000000;11919.00000000;11202.10000000;10450.70000000;9806.66000000;9230.31000000;8671.64000000;8121.97000000;7600.06000000;7145.91000000;6720.89000000;6353.52000000;6006.86000000;5677.65000000;5365.05000000;5074.13000000;4803.61000000;4540.76000000;4284.32000000;4036.16000000;3799.47000000;3576.97000000;3365.61000000;3163.88000000;2972.92000000;2792.22000000;2621.95000000;2461.75000000;2311.29000000;2170.35000000;2038.98000000;1915.43000000;1800.60000000;1695.42000000;1598.25000000;1508.36000000;1425.17000000;1348.20000000;1276.95000000;         ;         ;         ;         ;         ;         ;         ;         ;         ;         ;         ;         ;         ;         ;         
;95% UL;130.74400000;270.08300000;580.76400000;1305.62000000;2901.73000000;6028.41000000;11150.00000000;17928.90000000;25864.80000000;34620.90000000;43427.50000000;52065.40000000;59400.50000000;65853.40000000;72350.00000000;77035.00000000;80335.40000000;81903.10000000;81868.40000000;82896.30000000;79766.70000000;73623.80000000;64822.70000000;51712.70000000;38540.30000000;29980.40000000;25539.60000000;23432.80000000;22093.50000000;19342.70000000;17368.60000000;15429.70000000;14029.00000000;13147.60000000;12499.70000000;11744.10000000;11021.90000000;10335.70000000;9669.06000000;9035.70000000;8464.72000000;7956.87000000;7491.69000000;7084.90000000;6715.06000000;6396.61000000;6095.33000000;5809.98000000;5539.12000000;5274.34000000;5012.66000000;4755.51000000;4506.56000000;4268.73000000;4039.94000000;3819.82000000;3609.34000000;3408.47000000;3217.10000000;3035.54000000;2864.12000000;2702.95000000;2551.99000000;2411.04000000;2279.82000000;2158.03000000;2045.13000000;1940.33000000;1841.02000000;1749.11000000;1664.00000000;         ;         ;         ;         ;         ;         ;         ;         ;         ;         ;         ;         ;         ;         ;         
New HIV infections in 15-24 year olds;Mean;437.95600000;1074.83000000;2471.36000000;5795.35000000;13306.70000000;27983.40000000;51676.20000000;82881.50000000;117674.00000000;152491.00000000;183654.00000000;208350.00000000;223960.00000000;233233.00000000;237132.00000000;236358.00000000;232053.00000000;225270.00000000;217875.00000000;210584.00000000;203337.00000000;196258.00000000;190505.00000000;184532.00000000;176208.00000000;165695.00000000;154277.00000000;144487.00000000;136481.00000000;128887.00000000;120828.00000000;110590.00000000;99468.40000000;91325.20000000;83819.70000000;76866.30000000;71827.00000000;67565.20000000;64467.80000000;62293.90000000;60503.50000000;58616.70000000;56369.60000000;54135.60000000;51668.50000000;48935.70000000;46073.40000000;43131.10000000;40134.90000000;37155.40000000;34251.90000000;31503.00000000;28985.60000000;26699.60000000;24644.30000000;22808.20000000;21183.30000000;19755.40000000;18510.90000000;17413.00000000;16438.80000000;15570.80000000;14790.10000000;14080.40000000;13429.40000000;12829.20000000;12273.40000000;11755.00000000;11268.10000000;10808.40000000;10371.70000000;         ;         ;         ;         ;         ;         ;         ;         ;         ;         ;         ;         ;         ;         ;         
;95% LL;146.26500000;411.92200000;1127.61000000;3134.58000000;8224.63000000;19255.10000000;38563.30000000;68410.00000000;101478.00000000;135773.00000000;169862.00000000;196171.00000000;215354.00000000;224982.00000000;228861.00000000;228293.00000000;224339.00000000;218338.00000000;211972.00000000;205455.00000000;198425.00000000;191462.00000000;185750.00000000;179710.00000000;171296.00000000;160775.00000000;149299.00000000;139474.00000000;131400.00000000;123588.00000000;115298.00000000;105409.00000000;94814.70000000;86665.90000000;79097.50000000;72317.40000000;67681.20000000;63897.90000000;61029.60000000;58992.30000000;57331.40000000;55475.90000000;53238.60000000;50998.60000000;48645.40000000;46002.50000000;43256.30000000;40429.20000000;37575.20000000;34742.90000000;31989.10000000;29387.80000000;27009.50000000;24852.00000000;22913.50000000;21183.40000000;19636.50000000;18276.80000000;17111.20000000;16082.00000000;15157.80000000;14332.30000000;13589.90000000;12913.90000000;12294.60000000;11718.30000000;11195.30000000;10702.40000000;10247.90000000;9823.07000000;9404.95000000;         ;         ;         ;         ;         ;         ;         ;         ;         ;         ;         ;         ;         ;         ;         
;95% UL;665.08300000;1657.76000000;3841.78000000;8923.40000000;19739.10000000;39860.90000000;68682.50000000;101989.00000000;136664.00000000;170369.00000000;199607.00000000;221742.00000000;235446.00000000;243503.00000000;246071.00000000;244700.00000000;240205.00000000;232706.00000000;225209.00000000;217837.00000000;210701.00000000;203945.00000000;198313.00000000;192443.00000000;183888.00000000;173304.00000000;161683.00000000;151610.00000000;143526.00000000;136049.00000000;127871.00000000;117221.00000000;105796.00000000;97530.10000000;89683.60000000;82328.40000000;76877.60000000;72281.60000000;68839.70000000;66323.10000000;64247.30000000;62368.50000000;60407.50000000;58347.30000000;55964.80000000;53230.40000000;50302.70000000;47241.50000000;44080.60000000;40902.10000000;37774.60000000;34788.70000000;32091.10000000;29633.50000000;27417.40000000;25434.60000000;23680.50000000;22142.20000000;20806.70000000;19632.90000000;18595.60000000;17675.10000000;16849.10000000;16099.20000000;15412.10000000;14779.80000000;14195.00000000;13650.40000000;13139.30000000;12656.80000000;12198.30000000;         ;         ;         ;         ;         ;         ;         ;         ;         ;         ;         ;         ;         ;         ;         
New HIV infections in 15-24 males;Mean;131.99300000;315.48900000;697.92800000;1588.87000000;3596.23000000;7603.15000000;14323.20000000;23706.20000000;34643.90000000;45859.10000000;55979.30000000;63989.90000000;69248.80000000;72400.80000000;73768.00000000;73564.00000000;72132.00000000;69687.90000000;66981.50000000;64281.90000000;61635.50000000;59080.50000000;56968.50000000;54831.30000000;51987.40000000;48532.90000000;44708.40000000;41274.90000000;38372.40000000;35732.80000000;32711.80000000;29103.20000000;25345.20000000;22489.60000000;20035.50000000;18070.60000000;16695.80000000;15453.00000000;14517.90000000;13863.90000000;13346.60000000;12830.60000000;12245.70000000;11669.70000000;11073.40000000;10439.30000000;9787.16000000;9139.65000000;8497.19000000;7865.69000000;7263.69000000;6714.33000000;6211.97000000;5755.55000000;5343.33000000;4973.74000000;4646.62000000;4359.59000000;4109.86000000;3890.00000000;3694.49000000;3519.16000000;3359.95000000;3213.36000000;3077.36000000;2950.70000000;2832.37000000;2721.40000000;2616.86000000;2517.88000000;2423.58000000;         ;         ;         ;         ;         ;         ;         ;         ;         ;         ;         ;         ;         ;         ;         
;95% LL;44.73520000;119.75200000;308.95600000;819.16000000;2135.12000000;5075.11000000;10532.30000000;18941.50000000;29237.10000000;40096.40000000;50269.40000000;58611.80000000;64132.10000000;67586.50000000;69026.20000000;68789.60000000;67350.80000000;65165.10000000;62891.50000000;60594.10000000;58303.80000000;56061.20000000;54051.60000000;51868.90000000;49066.70000000;45750.50000000;42138.60000000;38899.10000000;36171.00000000;33627.30000000;30724.20000000;27337.90000000;23737.40000000;21036.40000000;18658.10000000;16780.10000000;15511.30000000;14397.00000000;13543.70000000;12951.40000000;12482.20000000;12015.10000000;11493.90000000;10967.40000000;10401.10000000;9792.11000000;9173.17000000;8562.29000000;7952.83000000;7348.54000000;6774.70000000;6252.31000000;5775.99000000;5344.25000000;4954.45000000;4603.05000000;4295.03000000;4023.53000000;3790.79000000;3582.53000000;3394.86000000;3225.58000000;3076.70000000;2937.91000000;2807.62000000;2685.23000000;2563.47000000;2447.35000000;2338.03000000;2234.71000000;2136.60000000;         ;         ;         ;         ;         ;         ;         ;         ;         ;         ;         ;         ;         ;         ;         
;95% UL;206.09100000;498.19500000;1111.51000000;2516.17000000;5524.80000000;11027.00000000;19380.80000000;29952.50000000;41481.40000000;52962.90000000;63445.90000000;70647.10000000;75676.20000000;78530.50000000;79527.00000000;79107.80000000;77602.40000000;75016.30000000;72147.70000000;69316.00000000;66463.70000000;63761.30000000;61703.10000000;59715.40000000;56754.50000000;53041.90000000;48921.60000000;45260.00000000;42111.50000000;39249.90000000;35942.70000000;32000.10000000;27967.90000000;24925.60000000;22234.60000000;20104.50000000;18558.70000000;17139.70000000;16063.90000000;15270.10000000;14643.30000000;14037.90000000;13370.10000000;12759.60000000;12099.00000000;11424.10000000;10713.20000000;10018.70000000;9313.73000000;8619.03000000;7968.71000000;7388.85000000;6856.18000000;6370.41000000;5930.53000000;5535.46000000;5185.75000000;4859.68000000;4584.66000000;4344.51000000;4134.39000000;3943.85000000;3783.43000000;3637.02000000;3501.10000000;3374.46000000;3256.18000000;3145.34000000;3041.02000000;2942.31000000;2848.20000000;         ;         ;         ;         ;         ;         ;         ;         ;         ;         ;         ;         ;         ;         ;         
New HIV infections in 15-24 females;Mean;305.96300000;759.34300000;1773.43000000;4206.48000000;9710.42000000;20380.30000000;37353.00000000;59175.20000000;83030.60000000;106632.00000000;127674.00000000;144360.00000000;154711.00000000;160832.00000000;163364.00000000;162794.00000000;159921.00000000;155582.00000000;150894.00000000;146303.00000000;141701.00000000;137177.00000000;133536.00000000;129701.00000000;124221.00000000;117162.00000000;109569.00000000;103212.00000000;98108.70000000;93154.50000000;88116.10000000;81486.90000000;74123.20000000;68835.60000000;63784.20000000;58795.70000000;55131.20000000;52112.20000000;49949.80000000;48430.00000000;47156.90000000;45786.10000000;44123.90000000;42465.80000000;40595.10000000;38496.40000000;36286.20000000;33991.40000000;31637.70000000;29289.70000000;26988.20000000;24788.60000000;22773.70000000;20944.10000000;19301.00000000;17834.40000000;16536.70000000;15395.80000000;14401.10000000;13523.00000000;12744.30000000;12051.60000000;11430.20000000;10867.00000000;10352.00000000;9878.54000000;9441.00000000;9033.59000000;8651.29000000;8290.52000000;7948.13000000;         ;         ;         ;         ;         ;         ;         ;         ;         ;         ;         ;         ;         ;         ;         
;95% LL;102.25200000;291.72100000;833.73800000;2290.05000000;6120.89000000;13904.50000000;28157.90000000;49159.70000000;71603.20000000;94723.90000000;116634.00000000;135248.00000000;147998.00000000;155921.00000000;158005.00000000;157220.00000000;154495.00000000;150553.00000000;146172.00000000;141874.00000000;137628.00000000;133222.00000000;129614.00000000;125817.00000000;120358.00000000;112961.00000000;105262.00000000;99052.00000000;93840.40000000;88905.20000000;83945.40000000;77554.20000000;70303.90000000;65102.50000000;60089.60000000;55233.70000000;51752.20000000;48923.20000000;46911.10000000;45502.50000000;44236.60000000;42874.40000000;41301.60000000;39627.10000000;37816.70000000;35840.10000000;33752.60000000;31596.90000000;29400.50000000;27213.30000000;25045.50000000;22990.10000000;21062.80000000;19342.70000000;17799.50000000;16392.30000000;15146.90000000;14060.80000000;13131.20000000;12314.70000000;11594.10000000;10934.20000000;10346.10000000;9803.98000000;9322.70000000;8864.90000000;8442.89000000;8051.45000000;7697.64000000;7371.81000000;7062.09000000;         ;         ;         ;         ;         ;         ;         ;         ;         ;         ;         ;         ;         ;         ;         
;95% UL;458.99300000;1159.57000000;2730.26000000;6407.24000000;14478.80000000;29503.90000000;48966.20000000;73236.10000000;96376.80000000;118372.00000000;137553.00000000;153142.00000000;162085.00000000;167056.00000000;168927.00000000;168321.00000000;165427.00000000;161080.00000000;155913.00000000;151363.00000000;146623.00000000;141696.00000000;138216.00000000;134531.00000000;129063.00000000;121993.00000000;114339.00000000;107994.00000000;102983.00000000;98042.90000000;93085.50000000;86400.30000000;78856.60000000;73358.40000000;68142.00000000;63052.40000000;59038.60000000;55763.90000000;53376.00000000;51919.00000000;50910.70000000;49785.50000000;48314.40000000;46749.70000000;44851.30000000;42675.00000000;40338.60000000;37897.50000000;35374.30000000;32838.90000000;30328.90000000;27884.80000000;25635.70000000;23586.40000000;21741.70000000;20093.60000000;18636.70000000;17359.80000000;16269.60000000;15318.40000000;14477.60000000;13732.60000000;13065.60000000;12462.20000000;11911.00000000;11405.30000000;10938.80000000;10505.00000000;10098.30000000;9714.54000000;9350.14000000;         ;         ;         ;         ;         ;         ;         ;         ;         ;         ;         ;         ;         ;         ;         
New HIV infections in 15-49 year olds;Mean;1017.28000000;2914.40000000;7348.91000000;18170.00000000;42636.90000000;88512.70000000;154467.00000000;226742.00000000;293348.00000000;352029.00000000;401309.00000000;438916.00000000;459681.00000000;469730.00000000;471064.00000000;465086.00000000;454144.00000000;441246.00000000;428506.00000000;415766.00000000;402014.00000000;387903.00000000;376177.00000000;365489.00000000;352392.00000000;337518.00000000;319572.00000000;303464.00000000;291061.00000000;278080.00000000;267307.00000000;250792.00000000;229396.00000000;216084.00000000;202158.00000000;187691.00000000;176254.00000000;165177.00000000;155386.00000000;147575.00000000;141318.00000000;135477.00000000;129730.00000000;124989.00000000;120438.00000000;115997.00000000;111619.00000000;107269.00000000;102893.00000000;98472.80000000;93992.00000000;89540.10000000;85273.20000000;81226.30000000;77402.70000000;73784.30000000;70376.10000000;67172.40000000;64170.00000000;61354.90000000;58707.80000000;56210.90000000;53853.20000000;51648.20000000;49570.30000000;47594.80000000;45717.50000000;43920.40000000;42196.80000000;40531.50000000;38904.80000000;         ;         ;         ;         ;         ;         ;         ;         ;         ;         ;         ;         ;         ;         ;         
;95% LL;357.42800000;1205.03000000;3645.83000000;10266.10000000;26454.10000000;59428.80000000;115078.00000000;184808.00000000;255826.00000000;321970.00000000;373952.00000000;416866.00000000;443757.00000000;458748.00000000;462456.00000000;456325.00000000;445512.00000000;431644.00000000;418361.00000000;405099.00000000;391037.00000000;376738.00000000;364813.00000000;354270.00000000;341327.00000000;326567.00000000;308941.00000000;293037.00000000;280450.00000000;266908.00000000;255715.00000000;239253.00000000;217867.00000000;204351.00000000;190133.00000000;175886.00000000;165381.00000000;155405.00000000;146717.00000000;139601.00000000;133884.00000000;128403.00000000;123203.00000000;118793.00000000;114621.00000000;110282.00000000;105962.00000000;101624.00000000;97210.90000000;92920.10000000;88361.20000000;83899.80000000;79698.60000000;75737.00000000;72015.80000000;68514.90000000;65235.70000000;62169.70000000;59310.40000000;56582.60000000;53985.60000000;51569.20000000;49343.30000000;47263.30000000;45304.40000000;43443.50000000;41676.30000000;39945.00000000;38238.90000000;36640.80000000;35115.60000000;         ;         ;         ;         ;         ;         ;         ;         ;         ;         ;         ;         ;         ;         ;         
;95% UL;1567.49000000;4573.34000000;11598.80000000;28233.80000000;65350.70000000;134704.00000000;200241.00000000;269925.00000000;331490.00000000;387936.00000000;439238.00000000;473524.00000000;487744.00000000;490310.00000000;484435.00000000;475593.00000000;464987.00000000;453075.00000000;440344.00000000;427297.00000000;413657.00000000;399690.00000000;388148.00000000;377678.00000000;364730.00000000;349914.00000000;331909.00000000;315730.00000000;303492.00000000;290659.00000000;279943.00000000;263084.00000000;241686.00000000;228612.00000000;215001.00000000;200258.00000000;187962.00000000;175665.00000000;164458.00000000;155589.00000000;148935.00000000;142719.00000000;136718.00000000;132153.00000000;127957.00000000;123846.00000000;119767.00000000;115679.00000000;111523.00000000;107271.00000000;102898.00000000;98500.70000000;94252.80000000;90196.30000000;86339.00000000;82666.00000000;79187.10000000;75900.20000000;72806.10000000;69893.10000000;67143.60000000;64540.30000000;62073.40000000;59760.70000000;57576.10000000;55493.90000000;53510.90000000;51607.70000000;49777.40000000;48003.00000000;46262.30000000;         ;         ;         ;         ;         ;         ;         ;         ;         ;         ;         ;         ;         ;         ;         
New HIV infections in 15-49 males;Mean;527.10800000;1587.51000000;4060.49000000;10079.10000000;23568.80000000;48265.60000000;81717.30000000;115214.00000000;142522.00000000;163907.00000000;179888.00000000;190154.00000000;193019.00000000;191723.00000000;187625.00000000;181630.00000000;174823.00000000;168384.00000000;162842.00000000;157807.00000000;152802.00000000;147991.00000000;144351.00000000;141272.00000000;137494.00000000;133412.00000000;127301.00000000;120942.00000000;115878.00000000;110473.00000000;105857.00000000;98612.40000000;88957.80000000;82916.00000000;76786.00000000;70719.40000000;66001.00000000;61145.10000000;56765.00000000;53287.80000000;50569.10000000;48133.40000000;45857.60000000;44070.40000000;42435.70000000;40889.50000000;39396.00000000;37936.00000000;36485.20000000;35028.60000000;33557.30000000;32094.70000000;30687.40000000;29348.70000000;28078.70000000;26871.80000000;25729.30000000;24649.60000000;23631.70000000;22671.90000000;21764.20000000;20903.60000000;20087.40000000;19320.50000000;18595.30000000;17904.60000000;17246.40000000;16615.60000000;16010.90000000;15428.30000000;14862.60000000;         ;         ;         ;         ;         ;         ;         ;         ;         ;         ;         ;         ;         ;         ;         
;95% LL;190.58300000;676.92300000;2057.15000000;5706.72000000;14568.20000000;30912.90000000;59572.90000000;90629.50000000;120563.00000000;145586.00000000;165009.00000000;176229.00000000;180577.00000000;181292.00000000;178852.00000000;173829.00000000;168534.00000000;162511.00000000;156918.00000000;151972.00000000;147134.00000000;142475.00000000;138956.00000000;135950.00000000;132197.00000000;128170.00000000;122057.00000000;115784.00000000;110851.00000000;105478.00000000;101017.00000000;93725.90000000;84248.70000000;78172.40000000;71941.10000000;65984.20000000;61702.60000000;57341.40000000;53306.20000000;50176.70000000;47778.70000000;45441.20000000;43436.90000000;41688.40000000;40098.00000000;38570.10000000;37123.50000000;35667.90000000;34256.10000000;32829.00000000;31425.10000000;30011.30000000;28619.10000000;27320.50000000;26056.50000000;24882.40000000;23783.30000000;22747.20000000;21772.70000000;20856.00000000;19991.10000000;19172.90000000;18398.60000000;17672.20000000;16986.40000000;16334.10000000;15713.10000000;15102.40000000;14533.60000000;13985.60000000;13453.70000000;         ;         ;         ;         ;         ;         ;         ;         ;         ;         ;         ;         ;         ;         ;         
;95% UL;827.21200000;2529.79000000;6493.87000000;15828.00000000;37246.70000000;73035.90000000;105413.00000000;137354.00000000;162646.00000000;189615.00000000;206509.00000000;214456.00000000;213072.00000000;206961.00000000;198222.00000000;189841.00000000;183288.00000000;176439.00000000;170649.00000000;165545.00000000;160353.00000000;155325.00000000;151522.00000000;148328.00000000;144474.00000000;140386.00000000;134045.00000000;127526.00000000;122261.00000000;116630.00000000;111683.00000000;104189.00000000;94354.40000000;88208.40000000;82076.30000000;75882.60000000;70799.10000000;65463.30000000;60789.80000000;57039.90000000;54072.90000000;51381.50000000;48853.20000000;46883.20000000;45096.00000000;43453.90000000;42003.70000000;40589.60000000;39154.90000000;37720.30000000;36254.70000000;34782.00000000;33352.30000000;31981.30000000;30670.50000000;29415.30000000;28219.00000000;27081.60000000;26004.00000000;24983.90000000;24016.30000000;23096.70000000;22223.00000000;21400.90000000;20622.70000000;19881.20000000;19211.00000000;18578.50000000;17971.80000000;17386.80000000;16818.00000000;         ;         ;         ;         ;         ;         ;         ;         ;         ;         ;         ;         ;         ;         ;         
New HIV infections in 15-49 females;Mean;490.17300000;1326.89000000;3288.43000000;8090.91000000;19068.10000000;40247.10000000;72750.00000000;111528.00000000;150826.00000000;188121.00000000;221421.00000000;248762.00000000;266662.00000000;278007.00000000;283439.00000000;283455.00000000;279321.00000000;272862.00000000;265663.00000000;257959.00000000;249212.00000000;239913.00000000;231826.00000000;224217.00000000;214898.00000000;204106.00000000;192270.00000000;182522.00000000;175182.00000000;167607.00000000;161450.00000000;152180.00000000;140438.00000000;133168.00000000;125372.00000000;116972.00000000;110253.00000000;104032.00000000;98620.90000000;94287.40000000;90748.50000000;87343.20000000;83871.90000000;80918.70000000;78002.10000000;75107.50000000;72223.30000000;69332.60000000;66407.50000000;63444.20000000;60434.70000000;57445.30000000;54585.80000000;51877.60000000;49323.90000000;46912.50000000;44646.80000000;42522.80000000;40538.30000000;38683.00000000;36943.60000000;35307.30000000;33765.80000000;32327.70000000;30974.90000000;29690.20000000;28471.10000000;27304.80000000;26185.90000000;25103.20000000;24042.20000000;         ;         ;         ;         ;         ;         ;         ;         ;         ;         ;         ;         ;         ;         ;         
;95% LL;166.84500000;527.15400000;1592.67000000;4509.03000000;12029.50000000;27553.40000000;55080.70000000;91240.20000000;132262.00000000;170505.00000000;204934.00000000;235393.00000000;256318.00000000;269995.00000000;275767.00000000;275911.00000000;272170.00000000;265665.00000000;258399.00000000;250465.00000000;241849.00000000;232464.00000000;224604.00000000;216838.00000000;207628.00000000;196892.00000000;185229.00000000;175428.00000000;168185.00000000;160693.00000000;154315.00000000;144934.00000000;133216.00000000;125917.00000000;118298.00000000;110063.00000000;103499.00000000;97600.90000000;92520.30000000;88465.80000000;85389.80000000;82455.10000000;79494.90000000;76562.60000000;73685.10000000;70810.50000000;67949.80000000;65089.70000000;62207.10000000;59301.90000000;56368.90000000;53470.60000000;50709.10000000;48075.20000000;45604.40000000;43274.10000000;41090.80000000;39042.80000000;37126.40000000;35339.90000000;33669.30000000;32102.00000000;30633.90000000;29244.90000000;27941.80000000;26716.20000000;25592.20000000;24488.20000000;23431.30000000;22411.10000000;21414.40000000;         ;         ;         ;         ;         ;         ;         ;         ;         ;         ;         ;         ;         ;         ;         
;95% UL;740.27700000;2043.54000000;5104.88000000;12405.80000000;28347.00000000;61668.60000000;97372.60000000;133968.00000000;171142.00000000;205680.00000000;235920.00000000;261241.00000000;277050.00000000;286326.00000000;290672.00000000;290542.00000000;286217.00000000;279915.00000000;273002.00000000;265190.00000000;256609.00000000;247419.00000000;239454.00000000;231892.00000000;222333.00000000;211424.00000000;199377.00000000;189457.00000000;182002.00000000;174499.00000000;168414.00000000;159223.00000000;147619.00000000;140527.00000000;132650.00000000;124135.00000000;117080.00000000;110482.00000000;104635.00000000;99961.90000000;96137.80000000;93255.10000000;90239.40000000;87586.90000000;84900.30000000;82184.60000000;79296.00000000;76350.30000000;73354.10000000;70434.80000000;67470.30000000;64488.50000000;61613.90000000;58872.60000000;56270.30000000;53796.20000000;51457.00000000;49250.90000000;47178.30000000;45230.10000000;43393.60000000;41656.30000000;40010.50000000;38468.50000000;37012.00000000;35622.80000000;34299.90000000;33029.20000000;31805.50000000;30616.20000000;29444.30000000;         ;         ;         ;         ;         ;         ;         ;         ;         ;         ;         ;         ;         ;         ;         
New HIV infections in 25-49 year olds;Mean;579.32500000;1839.57000000;4877.55000000;12374.70000000;29330.20000000;60529.30000000;102791.00000000;143861.00000000;175674.00000000;199538.00000000;217655.00000000;230567.00000000;235721.00000000;236497.00000000;233933.00000000;228727.00000000;222091.00000000;215976.00000000;210630.00000000;205182.00000000;198678.00000000;191646.00000000;185673.00000000;180957.00000000;176184.00000000;171823.00000000;165294.00000000;158977.00000000;154580.00000000;149193.00000000;146479.00000000;140202.00000000;129927.00000000;124759.00000000;118339.00000000;110825.00000000;104427.00000000;97611.90000000;90918.20000000;85281.30000000;80814.10000000;76859.90000000;73359.90000000;70853.50000000;68769.30000000;67061.30000000;65545.90000000;64137.50000000;62757.90000000;61317.40000000;59740.10000000;58037.10000000;56287.60000000;54526.70000000;52758.30000000;50976.10000000;49192.90000000;47417.00000000;45659.10000000;43941.90000000;42269.00000000;40640.10000000;39063.10000000;37567.80000000;36140.90000000;34765.50000000;33444.20000000;32165.40000000;30928.60000000;29723.10000000;28533.10000000;         ;         ;         ;         ;         ;         ;         ;         ;         ;         ;         ;         ;         ;         ;         
;95% LL;210.03400000;792.20500000;2474.63000000;7094.96000000;18386.60000000;38975.10000000;75889.00000000;113301.00000000;151357.00000000;179386.00000000;202439.00000000;218039.00000000;225420.00000000;227400.00000000;225528.00000000;220634.00000000;213827.00000000;207814.00000000;202168.00000000;196695.00000000;190270.00000000;183388.00000000;177398.00000000;172691.00000000;167998.00000000;163757.00000000;157441.00000000;151089.00000000;146945.00000000;141575.00000000;138749.00000000;132446.00000000;122158.00000000;117026.00000000;110077.00000000;102689.00000000;96803.60000000;90671.90000000;84700.70000000;79720.60000000;75812.80000000;72288.10000000;69166.70000000;66655.60000000;64564.00000000;63060.50000000;61638.50000000;60211.70000000;58863.20000000;57403.90000000;55818.00000000;54117.50000000;52376.50000000;50628.60000000;48873.00000000;47127.00000000;45378.90000000;43640.70000000;41993.10000000;40375.90000000;38825.30000000;37318.10000000;35772.70000000;34307.40000000;32926.20000000;31650.00000000;30406.70000000;29141.10000000;27919.40000000;26789.50000000;25688.70000000;         ;         ;         ;         ;         ;         ;         ;         ;         ;         ;         ;         ;         ;         ;         
;95% UL;902.40600000;2915.57000000;7756.97000000;19310.40000000;46096.50000000;95066.10000000;133289.00000000;168417.00000000;196976.00000000;227648.00000000;246899.00000000;257107.00000000;257409.00000000;252731.00000000;244928.00000000;236294.00000000;229990.00000000;224108.00000000;219120.00000000;213892.00000000;207539.00000000;200193.00000000;194221.00000000;189553.00000000;184519.00000000;179988.00000000;173246.00000000;166756.00000000;162278.00000000;157020.00000000;154496.00000000;148363.00000000;138268.00000000;133467.00000000;127346.00000000;119646.00000000;112727.00000000;105165.00000000;97642.80000000;91252.60000000;86138.20000000;81687.20000000;77846.90000000;75259.30000000;72928.60000000;71259.50000000;69701.70000000;68640.60000000;67602.20000000;66479.30000000;65180.10000000;63713.70000000;62161.80000000;60562.80000000;58921.70000000;57231.40000000;55506.60000000;53758.00000000;51999.30000000;50260.20000000;48548.00000000;46865.20000000;45224.30000000;43661.60000000;42164.00000000;40714.10000000;39315.90000000;37957.30000000;36638.00000000;35346.10000000;34064.00000000;         ;         ;         ;         ;         ;         ;         ;         ;         ;         ;         ;         ;         ;         ;         
New HIV infections in 25-49 males;Mean;395.11500000;1272.02000000;3362.56000000;8490.25000000;19972.50000000;40662.50000000;67394.20000000;91508.10000000;107878.00000000;118048.00000000;123908.00000000;126164.00000000;123771.00000000;119322.00000000;113857.00000000;108066.00000000;102691.00000000;98695.90000000;95860.80000000;93525.30000000;91166.60000000;88910.30000000;87382.70000000;86440.80000000;85506.70000000;84879.00000000;82593.00000000;79666.90000000;77506.10000000;74740.60000000;73145.20000000;69509.20000000;63612.70000000;60426.40000000;56750.50000000;52648.70000000;49305.20000000;45692.10000000;42247.10000000;39423.90000000;37222.50000000;35302.80000000;33611.90000000;32400.60000000;31362.30000000;30450.20000000;29608.80000000;28796.40000000;27988.00000000;27162.90000000;26293.60000000;25380.40000000;24475.40000000;23593.20000000;22735.40000000;21898.10000000;21082.70000000;20290.10000000;19521.90000000;18781.90000000;18069.70000000;17384.40000000;16727.40000000;16107.20000000;15518.00000000;14953.90000000;14414.00000000;13894.20000000;13394.10000000;12910.40000000;12439.00000000;         ;         ;         ;         ;         ;         ;         ;         ;         ;         ;         ;         ;         ;         ;         
;95% LL;145.44200000;557.17100000;1727.84000000;4899.63000000;12138.50000000;26164.90000000;47876.40000000;70447.70000000;88927.60000000;103206.00000000;110412.00000000;114964.00000000;115007.00000000;111641.00000000;107559.00000000;103230.00000000;99000.70000000;94832.10000000;92084.80000000;89692.60000000;87564.20000000;85427.70000000;84113.00000000;83218.40000000;82246.60000000;81561.10000000;79307.90000000;76376.20000000;74159.40000000;71355.30000000;69692.40000000;66075.70000000;60233.90000000;56892.60000000;53127.50000000;49116.10000000;45987.90000000;42774.30000000;39661.20000000;37083.80000000;35093.80000000;33266.90000000;31692.60000000;30516.70000000;29553.90000000;28688.20000000;27877.50000000;27085.30000000;26267.00000000;25456.40000000;24622.90000000;23707.50000000;22778.20000000;21880.40000000;21088.30000000;20266.30000000;19468.50000000;18694.90000000;17952.50000000;17249.00000000;16582.40000000;15942.20000000;15319.40000000;14726.20000000;14162.60000000;13622.80000000;13106.10000000;12603.80000000;12113.90000000;11640.70000000;11185.40000000;         ;         ;         ;         ;         ;         ;         ;         ;         ;         ;         ;         ;         ;         ;         
;95% UL;627.01300000;2031.60000000;5382.36000000;13311.80000000;31481.20000000;62901.40000000;86962.40000000;107715.00000000;126989.00000000;141977.00000000;148326.00000000;148235.00000000;141920.00000000;133161.00000000;123617.00000000;114377.00000000;107362.00000000;103295.00000000;100349.00000000;97653.40000000;95227.10000000;92980.50000000;91390.40000000;90425.80000000;89254.50000000;88444.00000000;86161.20000000;83128.50000000;81050.10000000;78455.60000000;77222.50000000;73836.40000000;68032.30000000;65063.80000000;61430.90000000;57191.10000000;53718.10000000;49952.30000000;46321.60000000;43325.70000000;40971.00000000;38877.10000000;36996.20000000;35634.50000000;34451.90000000;33399.90000000;32418.50000000;31468.20000000;30526.50000000;29571.80000000;28574.90000000;27555.60000000;26585.30000000;25621.10000000;24715.40000000;23874.90000000;23055.20000000;22257.00000000;21482.30000000;20735.50000000;20016.20000000;19291.60000000;18562.60000000;17873.40000000;17218.40000000;16591.50000000;16061.60000000;15496.50000000;14995.90000000;14474.10000000;13969.80000000;         ;         ;         ;         ;         ;         ;         ;         ;         ;         ;         ;         ;         ;         ;         
New HIV infections in 25-49 females;Mean;184.21000000;567.55200000;1515.00000000;3884.43000000;9357.69000000;19866.80000000;35396.90000000;52352.50000000;67795.90000000;81489.50000000;93746.80000000;104402.00000000;111951.00000000;117175.00000000;120075.00000000;120661.00000000;119400.00000000;117280.00000000;114770.00000000;111657.00000000;107511.00000000;102735.00000000;98289.80000000;94516.40000000;90676.90000000;86944.30000000;82701.40000000;79309.70000000;77073.60000000;74452.00000000;73334.00000000;70693.20000000;66314.60000000;64332.40000000;61588.20000000;58176.30000000;55122.00000000;51919.90000000;48671.10000000;45857.40000000;43591.60000000;41557.10000000;39748.00000000;38452.80000000;37407.00000000;36611.10000000;35937.10000000;35341.20000000;34769.80000000;34154.50000000;33446.50000000;32656.70000000;31812.20000000;30933.50000000;30022.90000000;29078.10000000;28110.20000000;27127.00000000;26137.30000000;25160.00000000;24199.30000000;23255.70000000;22335.70000000;21460.70000000;20622.90000000;19811.70000000;19030.10000000;18271.20000000;17534.60000000;16812.70000000;16094.10000000;         ;         ;         ;         ;         ;         ;         ;         ;         ;         ;         ;         ;         ;         ;         
;95% LL;64.59210000;235.43300000;762.68400000;2209.54000000;5922.63000000;13262.80000000;26137.50000000;42540.10000000;58987.10000000;74275.00000000;87493.50000000;98402.10000000;106192.00000000;111718.00000000;114942.00000000;115617.00000000;114043.00000000;111879.00000000;109286.00000000;106258.00000000;102182.00000000;97547.10000000;93167.60000000;89402.70000000;85603.00000000;82043.20000000;77895.60000000;74608.50000000;72554.80000000;70120.30000000;68943.70000000;66278.30000000;61911.80000000;60001.10000000;57185.20000000;53817.10000000;51059.00000000;48191.90000000;45150.30000000;42556.10000000;40602.40000000;38846.80000000;37137.30000000;35864.80000000;34908.50000000;34101.80000000;33474.60000000;32820.10000000;32201.20000000;31537.50000000;30797.40000000;29983.10000000;29136.00000000;28296.00000000;27473.10000000;26544.40000000;25567.00000000;24604.80000000;23703.70000000;22736.10000000;21761.70000000;20879.20000000;20023.80000000;19213.70000000;18441.40000000;17696.00000000;16969.40000000;16251.80000000;15585.60000000;14907.20000000;14249.30000000;         ;         ;         ;         ;         ;         ;         ;         ;         ;         ;         ;         ;         ;         ;         
;95% UL;281.28500000;883.97300000;2374.62000000;5998.52000000;14757.90000000;31581.10000000;48770.80000000;61402.50000000;75995.80000000;88513.90000000;99857.90000000;110221.00000000;117279.00000000;121818.00000000;124787.00000000;125314.00000000;124035.00000000;121907.00000000;119571.00000000;116558.00000000;112478.00000000;107527.00000000;103025.00000000;99291.00000000;95552.50000000;91784.20000000;87507.80000000;84045.30000000;81815.80000000;79167.80000000;78065.40000000;75375.00000000;70894.20000000;69004.90000000;66496.00000000;63047.70000000;59708.50000000;56111.40000000;52422.60000000;49296.50000000;46662.00000000;44369.10000000;42334.50000000;41046.30000000;40071.40000000;39509.20000000;39081.50000000;38738.80000000;38418.60000000;38037.50000000;37534.00000000;36920.80000000;36225.50000000;35471.00000000;34658.80000000;33785.50000000;32863.10000000;31900.70000000;30908.80000000;29911.70000000;28916.00000000;27923.70000000;26944.90000000;26006.40000000;25101.00000000;24217.50000000;23361.00000000;22524.20000000;21705.00000000;20881.20000000;20056.40000000;         ;         ;         ;         ;         ;         ;         ;         ;         ;         ;         ;         ;         ;         ;         
New HIV infections in adults aged 50+;Mean;23.68450000;82.21490000;222.21100000;565.55900000;1335.95000000;2737.20000000;4593.81000000;6334.33000000;7698.24000000;8824.09000000;9862.86000000;10854.30000000;11749.40000000;12589.20000000;13394.00000000;14162.90000000;14923.50000000;15801.20000000;16743.80000000;17608.00000000;18179.50000000;18408.10000000;18332.60000000;18164.40000000;17830.60000000;17384.80000000;16547.10000000;15943.30000000;15603.30000000;15256.30000000;15368.70000000;15229.80000000;14743.40000000;14843.40000000;14702.90000000;14256.70000000;13928.30000000;13596.70000000;13277.40000000;13055.40000000;12932.40000000;12807.50000000;12676.60000000;12727.60000000;12791.80000000;12875.00000000;12981.90000000;13114.00000000;13264.40000000;13421.00000000;13570.50000000;13717.00000000;13837.00000000;13926.60000000;13984.90000000;14012.00000000;14005.30000000;13966.50000000;13896.20000000;13797.30000000;13674.30000000;13532.00000000;13369.30000000;13162.60000000;12929.90000000;12688.50000000;12435.40000000;12182.80000000;11931.90000000;11694.70000000;11485.80000000;         ;         ;         ;         ;         ;         ;         ;         ;         ;         ;         ;         ;         ;         ;         
;95% LL;8.82880000;36.38820000;114.08600000;325.36500000;784.66200000;1753.48000000;3223.93000000;4774.80000000;6209.99000000;7511.65000000;8561.75000000;9590.91000000;10411.10000000;11201.40000000;11973.90000000;12711.20000000;13425.60000000;14222.70000000;15059.30000000;15807.50000000;16276.90000000;16432.40000000;16322.10000000;16128.90000000;15788.20000000;15408.80000000;14537.00000000;13916.80000000;13594.50000000;13285.40000000;13365.40000000;13259.60000000;12808.80000000;12919.70000000;12765.00000000;12335.30000000;11999.70000000;11669.90000000;11361.90000000;11142.50000000;11011.10000000;10879.30000000;10743.50000000;10775.50000000;10818.80000000;10879.40000000;10962.30000000;11069.10000000;11193.90000000;11326.10000000;11453.40000000;11580.10000000;11684.40000000;11763.00000000;11814.70000000;11839.60000000;11835.00000000;11802.50000000;11742.10000000;11655.80000000;11548.00000000;11422.50000000;11278.20000000;11091.90000000;10880.70000000;10661.00000000;10429.60000000;10197.80000000;9966.69000000;9747.57000000;9554.03000000;         ;         ;         ;         ;         ;         ;         ;         ;         ;         ;         ;         ;         ;         ;         
;95% UL;38.09140000;131.19200000;355.19700000;886.03500000;2128.49000000;4299.76000000;6109.83000000;7721.42000000;9127.34000000;10790.40000000;12098.80000000;13130.30000000;13877.30000000;14428.40000000;14855.60000000;15461.70000000;16592.00000000;17859.00000000;19179.90000000;20364.30000000;21230.90000000;21551.30000000;21632.50000000;21557.40000000;21200.10000000;20652.30000000;19684.70000000;18942.70000000;18462.50000000;18000.80000000;18074.20000000;17855.70000000;17226.80000000;17266.40000000;17031.00000000;16433.90000000;16017.50000000;15601.50000000;15197.10000000;14928.40000000;14776.00000000;14623.20000000;14465.30000000;14526.70000000;14604.50000000;14703.10000000;14827.10000000;14978.10000000;15148.60000000;15325.80000000;15495.40000000;15662.10000000;15800.40000000;15906.20000000;15978.30000000;16016.70000000;16018.40000000;15984.90000000;15916.80000000;15816.80000000;15689.80000000;15540.70000000;15368.20000000;15146.90000000;14896.00000000;14634.50000000;14359.20000000;14083.40000000;13808.60000000;13568.00000000;13404.40000000;         ;         ;         ;         ;         ;         ;         ;         ;         ;         ;         ;         ;         ;         ;         
New HIV infections in males aged 50+;Mean;20.06660000;68.25830000;182.09300000;459.40500000;1077.84000000;2191.11000000;3630.93000000;4897.61000000;5763.08000000;6335.73000000;6735.54000000;6996.88000000;7104.42000000;7115.92000000;7082.90000000;7045.19000000;7052.38000000;7186.67000000;7416.60000000;7673.56000000;7862.40000000;7944.52000000;7904.35000000;7814.19000000;7639.27000000;7405.29000000;6966.80000000;6539.81000000;6212.28000000;5892.41000000;5795.47000000;5609.02000000;5278.79000000;5202.42000000;5044.86000000;4765.28000000;4541.91000000;4336.85000000;4158.51000000;4033.32000000;3958.84000000;3894.36000000;3836.93000000;3851.60000000;3875.57000000;3908.92000000;3951.92000000;4003.77000000;4061.41000000;4120.43000000;4176.11000000;4229.46000000;4271.93000000;4303.33000000;4323.66000000;4333.05000000;4331.36000000;4319.64000000;4298.38000000;4269.12000000;4233.36000000;4192.43000000;4145.78000000;4086.27000000;4019.20000000;3949.39000000;3876.80000000;3804.71000000;3732.79000000;3663.45000000;3599.71000000;         ;         ;         ;         ;         ;         ;         ;         ;         ;         ;         ;         ;         ;         ;         
;95% LL;7.46656000;30.32310000;93.68400000;262.08300000;625.13400000;1397.65000000;2489.59000000;3608.54000000;4513.95000000;5178.36000000;5605.79000000;5977.94000000;6189.06000000;6314.48000000;6333.30000000;6308.92000000;6286.66000000;6347.13000000;6610.26000000;6884.36000000;7024.75000000;7087.20000000;7034.87000000;6905.54000000;6702.60000000;6467.20000000;6060.55000000;5623.38000000;5281.69000000;4943.66000000;4798.16000000;4583.51000000;4257.45000000;4151.36000000;3989.39000000;3742.06000000;3546.84000000;3372.74000000;3225.28000000;3122.81000000;3062.17000000;3010.45000000;2964.99000000;2975.06000000;2993.45000000;3020.41000000;3056.26000000;3100.45000000;3150.44000000;3202.44000000;3252.28000000;3301.37000000;3341.86000000;3373.64000000;3396.52000000;3410.47000000;3415.17000000;3411.35000000;3399.14000000;3379.64000000;3354.21000000;3323.99000000;3288.31000000;3239.02000000;3181.79000000;3121.75000000;3058.34000000;2995.01000000;2931.39000000;2870.39000000;2815.48000000;         ;         ;         ;         ;         ;         ;         ;         ;         ;         ;         ;         ;         ;         ;         
;95% UL;32.82610000;109.15300000;291.73000000;721.11400000;1723.62000000;3451.84000000;4822.39000000;5990.03000000;7115.06000000;8167.98000000;8810.30000000;9106.31000000;9075.49000000;8819.18000000;8435.64000000;8014.41000000;7910.96000000;8250.81000000;8602.11000000;8985.96000000;9272.21000000;9458.90000000;9500.86000000;9433.77000000;9206.10000000;8888.34000000;8319.18000000;7759.38000000;7359.78000000;6981.05000000;6864.96000000;6647.23000000;6266.60000000;6177.93000000;6002.57000000;5681.52000000;5373.12000000;5111.62000000;4885.80000000;4699.00000000;4595.60000000;4515.32000000;4443.00000000;4456.51000000;4480.73000000;4515.28000000;4560.30000000;4614.93000000;4675.80000000;4738.18000000;4796.98000000;4853.10000000;4897.47000000;4929.82000000;4950.14000000;4958.55000000;4954.97000000;4940.51000000;4915.72000000;4890.01000000;4860.43000000;4825.26000000;4783.92000000;4729.86000000;4668.09000000;4603.31000000;4535.93000000;4469.22000000;4402.95000000;4339.17000000;4280.56000000;         ;         ;         ;         ;         ;         ;         ;         ;         ;         ;         ;         ;         ;         ;         
New HIV infections in females aged 50+;Mean;3.61788000;13.95660000;40.11830000;106.15400000;258.10400000;546.09000000;962.88300000;1436.72000000;1935.16000000;2488.36000000;3127.32000000;3857.37000000;4645.01000000;5473.30000000;6311.13000000;7117.66000000;7871.13000000;8614.58000000;9327.24000000;9934.48000000;10317.10000000;10463.60000000;10428.20000000;10350.20000000;10191.40000000;9979.53000000;9580.34000000;9403.51000000;9390.98000000;9363.89000000;9573.22000000;9620.81000000;9464.57000000;9640.98000000;9657.99000000;9491.44000000;9386.43000000;9259.81000000;9118.91000000;9022.03000000;8973.59000000;8913.11000000;8839.68000000;8876.03000000;8916.28000000;8966.09000000;9030.02000000;9110.28000000;9202.97000000;9300.57000000;9394.34000000;9487.55000000;9565.03000000;9623.25000000;9661.22000000;9678.94000000;9673.93000000;9646.87000000;9597.84000000;9528.14000000;9440.95000000;9339.56000000;9223.50000000;9076.35000000;8910.65000000;8739.09000000;8558.60000000;8378.06000000;8199.08000000;8031.24000000;7886.05000000;         ;         ;         ;         ;         ;         ;         ;         ;         ;         ;         ;         ;         ;         ;         
;95% LL;1.39707000;6.27545000;20.53610000;61.59470000;150.40100000;348.52600000;680.21400000;1107.02000000;1563.30000000;2067.72000000;2666.67000000;3319.84000000;4070.70000000;4816.95000000;5622.92000000;6405.42000000;7080.43000000;7791.01000000;8390.65000000;8923.11000000;9194.87000000;9262.21000000;9179.42000000;9074.33000000;8915.26000000;8729.11000000;8382.99000000;8252.49000000;8258.16000000;8213.66000000;8324.23000000;8377.73000000;8228.37000000;8373.05000000;8391.20000000;8277.08000000;8222.11000000;8145.06000000;7979.46000000;7837.46000000;7779.26000000;7762.40000000;7695.66000000;7713.99000000;7738.68000000;7774.49000000;7825.28000000;7892.79000000;7973.28000000;8059.66000000;8138.75000000;8209.86000000;8266.21000000;8306.17000000;8340.76000000;8355.45000000;8347.98000000;8319.06000000;8269.05000000;8199.42000000;8113.25000000;8013.65000000;7911.32000000;7788.70000000;7650.48000000;7508.46000000;7359.19000000;7200.51000000;7019.12000000;6851.06000000;6724.57000000;         ;         ;         ;         ;         ;         ;         ;         ;         ;         ;         ;         ;         ;         ;         
;95% UL;5.63428000;22.03820000;63.46630000;164.92100000;405.15500000;847.91200000;1253.75000000;1742.79000000;2230.99000000;2825.44000000;3545.65000000;4350.33000000;5183.58000000;6070.48000000;6999.18000000;7900.83000000;8743.26000000;9604.91000000;10499.90000000;11281.40000000;11814.40000000;12081.10000000;12134.20000000;12123.60000000;11994.00000000;11764.00000000;11312.00000000;11148.20000000;11102.70000000;11019.70000000;11209.30000000;11208.40000000;10960.20000000;11088.50000000;11019.90000000;10826.00000000;10720.40000000;10585.00000000;10428.40000000;10319.60000000;10264.70000000;10196.50000000;10113.60000000;10160.60000000;10212.70000000;10275.20000000;10352.40000000;10447.00000000;10554.70000000;10667.50000000;10776.10000000;10884.30000000;10975.80000000;11046.50000000;11095.30000000;11122.30000000;11124.40000000;11102.30000000;11055.70000000;10986.00000000;10896.40000000;10790.40000000;10667.40000000;10509.10000000;10329.40000000;10142.10000000;9943.97000000;9744.89000000;9546.72000000;9360.16000000;9198.13000000;         ;         ;         ;         ;         ;         ;         ;         ;         ;         ;         ;         ;         ;         ;         
New HIV infections in sex workers;Mean;99.84360000;312.79400000;839.05300000;2124.78000000;4882.93000000;9322.19000000;13869.70000000;16611.80000000;17414.20000000;17315.30000000;16827.00000000;16039.10000000;14571.00000000;12977.50000000;11413.10000000;9991.46000000;8823.03000000;7982.56000000;7401.38000000;7012.16000000;6765.66000000;6625.09000000;6579.75000000;6601.91000000;6636.37000000;6737.29000000;6822.41000000;6965.38000000;7089.60000000;7086.37000000;7213.34000000;6949.88000000;6640.92000000;6658.25000000;6592.74000000;6568.21000000;6554.43000000;6423.32000000;6331.67000000;6290.62000000;6281.77000000;6256.08000000;6213.52000000;6202.41000000;6150.31000000;6090.95000000;6026.76000000;5959.65000000;5889.99000000;5817.30000000;5740.34000000;5659.32000000;5575.62000000;5489.41000000;5400.32000000;5307.66000000;5211.42000000;5111.59000000;5008.27000000;4901.63000000;4791.88000000;4679.17000000;4563.80000000;4446.48000000;4327.69000000;4208.03000000;4088.19000000;3968.80000000;3850.54000000;3734.02000000;3619.55000000;         ;         ;         ;         ;         ;         ;         ;         ;         ;         ;         ;         ;         ;         ;         
;95% LL;40.42040000;147.11800000;446.55600000;1105.72000000;2775.10000000;5668.34000000;8865.61000000;11776.60000000;13082.10000000;12912.20000000;12509.00000000;11958.50000000;10862.80000000;9724.22000000;8640.16000000;7599.96000000;6725.31000000;6061.01000000;5606.43000000;5305.71000000;5124.93000000;5037.41000000;5031.23000000;5084.51000000;5131.23000000;5271.94000000;5337.35000000;5460.60000000;5552.15000000;5542.05000000;5639.43000000;5414.04000000;5190.57000000;5229.00000000;5194.74000000;5211.79000000;5207.70000000;5095.36000000;5017.12000000;4982.16000000;4998.35000000;5005.66000000;4976.28000000;4995.95000000;4969.40000000;4923.16000000;4883.25000000;4840.42000000;4795.02000000;4750.56000000;4698.53000000;4644.27000000;4585.60000000;4518.05000000;4445.85000000;4374.21000000;4295.07000000;4205.00000000;4106.30000000;4005.68000000;3893.66000000;3793.81000000;3699.99000000;3604.10000000;3506.57000000;3407.92000000;3308.75000000;3209.63000000;3111.17000000;3013.92000000;2918.18000000;         ;         ;         ;         ;         ;         ;         ;         ;         ;         ;         ;         ;         ;         ;         
;95% UL;155.87900000;493.97200000;1317.79000000;3466.20000000;8552.18000000;14311.20000000;18713.80000000;21769.30000000;25356.30000000;26791.60000000;26792.90000000;25823.00000000;23668.10000000;21135.90000000;18555.50000000;16168.90000000;14177.20000000;12724.30000000;11714.80000000;11033.50000000;10579.10000000;10286.30000000;10141.40000000;10098.90000000;10069.50000000;10106.20000000;10109.40000000;10180.70000000;10310.50000000;10306.10000000;10484.90000000;10209.40000000;9735.01000000;9689.16000000;9561.06000000;9365.65000000;9207.26000000;8923.26000000;8687.35000000;8528.60000000;8417.39000000;8295.45000000;8159.97000000;8082.11000000;7976.46000000;7864.87000000;7747.34000000;7624.76000000;7497.03000000;7363.69000000;7223.64000000;7077.59000000;6927.86000000;6775.23000000;6619.72000000;6460.93000000;6299.20000000;6134.75000000;5967.91000000;5847.18000000;5743.20000000;5635.19000000;5523.44000000;5408.69000000;5291.45000000;5172.37000000;5052.24000000;4931.77000000;4811.75000000;4692.92000000;4575.62000000;         ;         ;         ;         ;         ;         ;         ;         ;         ;         ;         ;         ;         ;         ;         
New HIV infections acquired by men from FSW contact;Mean;341.53500000;1231.35000000;3384.57000000;8694.63000000;20548.50000000;41522.20000000;67230.40000000;87833.30000000;98236.90000000;100999.00000000;98939.20000000;93326.10000000;84053.20000000;73577.90000000;63114.40000000;53580.90000000;45668.70000000;39842.00000000;35789.30000000;33085.60000000;31309.80000000;30170.70000000;29593.20000000;29319.10000000;29054.20000000;28831.20000000;28085.30000000;27177.70000000;26674.80000000;26113.40000000;25867.80000000;24855.90000000;23077.00000000;22289.20000000;21282.90000000;20095.80000000;19158.70000000;18053.90000000;16988.70000000;16133.30000000;15472.80000000;14885.70000000;14343.20000000;13968.00000000;13637.10000000;13322.10000000;13021.20000000;12731.90000000;12450.70000000;12175.90000000;11904.80000000;11637.80000000;11377.50000000;11123.90000000;10875.40000000;10630.00000000;10386.80000000;10145.00000000;9904.42000000;9664.33000000;9424.35000000;9184.31000000;8944.13000000;8704.09000000;8464.74000000;8226.67000000;7990.50000000;7756.95000000;7526.75000000;7300.60000000;7078.97000000;         ;         ;         ;         ;         ;         ;         ;         ;         ;         ;         ;         ;         ;         ;         
;95% LL;130.33900000;560.18400000;1768.07000000;4856.39000000;10895.70000000;25334.00000000;43247.50000000;61205.10000000;73212.80000000;79010.40000000;78263.70000000;73080.70000000;65657.60000000;56914.00000000;48200.40000000;40509.50000000;34366.00000000;29652.40000000;26407.60000000;24225.50000000;22769.10000000;21795.20000000;21293.60000000;21002.60000000;20625.10000000;20166.60000000;19415.60000000;18712.70000000;18431.60000000;18236.00000000;18073.00000000;17394.20000000;16321.10000000;15849.60000000;15170.50000000;14338.20000000;13674.60000000;12884.20000000;12178.10000000;11687.00000000;11313.30000000;10875.80000000;10473.00000000;10210.90000000;9987.21000000;9776.37000000;9576.09000000;9384.10000000;9197.62000000;9015.94000000;8837.40000000;8661.55000000;8489.43000000;8324.36000000;8166.42000000;8009.58000000;7853.02000000;7696.08000000;7538.33000000;7379.30000000;7218.68000000;7056.27000000;6891.97000000;6725.93000000;6558.52000000;6390.12000000;6221.23000000;6052.40000000;5884.28000000;5717.51000000;5552.57000000;         ;         ;         ;         ;         ;         ;         ;         ;         ;         ;         ;         ;         ;         ;         
;95% UL;582.96400000;1964.23000000;5403.06000000;13556.10000000;33734.30000000;66157.40000000;89863.90000000;107434.00000000;126162.00000000;136865.00000000;137873.00000000;131903.00000000;119903.00000000;105731.00000000;91319.90000000;78110.70000000;67142.90000000;59140.60000000;53664.70000000;50077.60000000;47780.20000000;46401.00000000;45874.80000000;45793.70000000;45784.20000000;45965.00000000;45105.60000000;43825.20000000;43085.60000000;42109.30000000;41774.70000000;40216.30000000;37333.70000000;36067.10000000;34369.70000000;32259.70000000;30543.90000000;28615.40000000;26771.60000000;25279.70000000;24117.40000000;23068.00000000;22093.90000000;21406.70000000;20798.40000000;20224.50000000;19674.70000000;19142.50000000;18620.70000000;18104.60000000;17588.80000000;17075.50000000;16571.50000000;16077.70000000;15592.30000000;15112.40000000;14638.10000000;14169.30000000;13706.60000000;13249.70000000;12798.30000000;12352.80000000;11913.50000000;11481.00000000;11056.50000000;10641.00000000;10235.50000000;9840.68000000;9457.47000000;9086.50000000;8728.03000000;         ;         ;         ;         ;         ;         ;         ;         ;         ;         ;         ;         ;         ;         ;         
New HIV infections acquired by FSW clients from non-FSW partners;Mean;158.89600000;323.45000000;648.77800000;1385.86000000;3067.97000000;6677.75000000;13537.10000000;24066.20000000;37127.90000000;50987.20000000;63943.10000000;74821.40000000;82362.00000000;87492.30000000;90600.70000000;91926.00000000;91894.30000000;91092.30000000;89959.90000000;88368.40000000;86169.40000000;83640.60000000;81507.60000000;79551.20000000;77076.30000000;74319.70000000;70470.90000000;66610.80000000;63494.40000000;60266.50000000;57395.40000000;53139.00000000;47659.40000000;44065.20000000;40523.30000000;37052.10000000;34317.70000000;31617.20000000;29258.80000000;27449.00000000;26107.60000000;24959.90000000;23908.30000000;23101.50000000;22351.80000000;21632.70000000;20927.10000000;20229.20000000;19525.40000000;18800.80000000;18045.40000000;17277.70000000;16525.80000000;15800.90000000;15105.70000000;14439.50000000;13805.70000000;13205.50000000;12640.00000000;12108.40000000;11608.30000000;11137.00000000;10692.40000000;10272.70000000;9876.13000000;9500.55000000;9144.49000000;8806.24000000;8484.41000000;8177.48000000;7883.74000000;         ;         ;         ;         ;         ;         ;         ;         ;         ;         ;         ;         ;         ;         ;         
;95% LL;46.02670000;94.77770000;209.17200000;536.61100000;1437.06000000;3668.98000000;8591.30000000;17231.30000000;28542.40000000;41909.90000000;54699.30000000;65189.10000000;72830.60000000;78249.60000000;81716.70000000;82840.30000000;82585.40000000;81545.00000000;80175.50000000;78452.00000000;76289.10000000;73913.00000000;71950.00000000;70141.10000000;67799.80000000;65098.40000000;61537.40000000;58055.30000000;55243.50000000;52376.40000000;49636.90000000;45774.00000000;41022.00000000;37796.30000000;34657.10000000;31657.00000000;29323.50000000;27057.30000000;25093.60000000;23580.40000000;22433.10000000;21421.60000000;20463.70000000;19693.90000000;18977.70000000;18297.90000000;17640.00000000;16996.30000000;16351.70000000;15692.80000000;15012.10000000;14327.20000000;13662.20000000;13026.10000000;12420.50000000;11844.00000000;11298.40000000;10784.00000000;10300.70000000;9847.49000000;9421.64000000;9020.66000000;8642.49000000;8285.56000000;7948.04000000;7628.19000000;7324.59000000;7035.69000000;6760.23000000;6496.88000000;6244.19000000;         ;         ;         ;         ;         ;         ;         ;         ;         ;         ;         ;         ;         ;         ;         
;95% UL;255.21200000;524.46200000;1067.34000000;2300.96000000;5047.33000000;10554.90000000;19959.90000000;32783.70000000;47118.10000000;62026.40000000;75169.10000000;86712.80000000;94429.10000000;99330.60000000;102514.00000000;103763.00000000;103594.00000000;102702.00000000;101513.00000000;99782.70000000;97299.60000000;94403.40000000;91923.80000000;89680.30000000;86949.90000000;84021.50000000;79793.60000000;75508.00000000;72071.70000000;68537.50000000;65522.40000000;60891.20000000;54796.90000000;50906.50000000;47023.30000000;43230.00000000;40098.10000000;36942.60000000;34227.80000000;32144.00000000;30616.00000000;29330.60000000;28177.90000000;27331.60000000;26563.30000000;25833.50000000;25117.80000000;24408.40000000;23688.70000000;22941.50000000;22154.00000000;21344.30000000;20542.60000000;19762.80000000;19008.70000000;18280.40000000;17583.00000000;16918.90000000;16289.90000000;15696.20000000;15135.30000000;14604.80000000;14102.70000000;13627.20000000;13176.50000000;12748.30000000;12341.10000000;11953.30000000;11583.30000000;11229.50000000;10889.90000000;         ;         ;         ;         ;         ;         ;         ;         ;         ;         ;         ;         ;         ;         ;         
New HIV infections in MSM;Mean;52.57310000;115.43500000;220.88600000;422.89100000;816.09000000;1566.84000000;2959.39000000;5175.70000000;7999.06000000;10828.30000000;13012.10000000;14288.30000000;14702.30000000;14664.70000000;14388.10000000;13986.10000000;13541.80000000;13100.00000000;12729.00000000;12419.10000000;12128.70000000;11857.70000000;11673.80000000;11520.50000000;11276.60000000;10942.90000000;10549.10000000;10288.60000000;10140.90000000;9954.03000000;9801.74000000;9302.80000000;8286.27000000;7463.01000000;6922.64000000;6576.39000000;6372.23000000;6104.73000000;5847.91000000;5694.63000000;5591.69000000;5502.26000000;5414.95000000;5348.85000000;5286.22000000;5224.14000000;5158.96000000;5086.55000000;5000.67000000;4899.39000000;4783.17000000;4656.26000000;4524.97000000;4392.78000000;4261.99000000;4133.89000000;4009.78000000;3890.42000000;3776.51000000;3668.10000000;3565.05000000;3467.28000000;3374.69000000;3287.59000000;3205.53000000;3128.00000000;3054.78000000;2985.29000000;2919.13000000;2855.60000000;2793.92000000;         ;         ;         ;         ;         ;         ;         ;         ;         ;         ;         ;         ;         ;         ;         
;95% LL;16.08150000;34.00460000;64.44080000;127.93100000;264.14200000;583.34700000;1304.02000000;2616.53000000;4747.75000000;7569.21000000;10579.90000000;13068.30000000;14118.40000000;13665.10000000;13222.30000000;12783.20000000;12378.30000000;12016.40000000;11736.00000000;11509.30000000;11292.50000000;11088.20000000;10962.20000000;10863.70000000;10680.70000000;10413.80000000;10084.00000000;9877.82000000;9776.11000000;9609.92000000;9448.32000000;8998.81000000;7954.49000000;7144.07000000;6592.42000000;6268.84000000;6094.15000000;5840.72000000;5601.36000000;5465.86000000;5388.09000000;5284.06000000;5163.41000000;5069.43000000;4984.17000000;4902.00000000;4818.43000000;4729.05000000;4627.79000000;4512.89000000;4384.97000000;4248.13000000;4108.22000000;3968.41000000;3830.72000000;3696.24000000;3566.02000000;3440.72000000;3320.90000000;3206.57000000;3097.55000000;2993.79000000;2895.17000000;2801.95000000;2713.73000000;2630.05000000;2550.71000000;2475.19000000;2403.11000000;2333.88000000;2266.84000000;         ;         ;         ;         ;         ;         ;         ;         ;         ;         ;         ;         ;         ;         ;         
;95% UL;82.03760000;183.12900000;354.67300000;683.86500000;1333.95000000;2492.22000000;4493.32000000;7400.74000000;10644.50000000;13076.90000000;14263.60000000;14888.80000000;15180.40000000;15318.30000000;15100.00000000;14773.90000000;14322.00000000;13826.20000000;13385.60000000;13006.90000000;12655.70000000;12331.20000000;12101.60000000;11906.20000000;11626.70000000;11271.00000000;10852.30000000;10585.50000000;10436.90000000;10252.80000000;10107.60000000;9595.15000000;8567.77000000;7754.64000000;7238.01000000;6897.81000000;6679.36000000;6393.94000000;6105.05000000;5930.79000000;5814.19000000;5712.23000000;5614.69000000;5552.17000000;5491.88000000;5431.26000000;5366.25000000;5297.23000000;5232.14000000;5138.29000000;5044.73000000;4939.22000000;4828.24000000;4715.53000000;4603.65000000;4494.12000000;4388.39000000;4287.34000000;4191.72000000;4101.58000000;4016.72000000;3937.01000000;3862.27000000;3792.87000000;3728.29000000;3667.93000000;3611.59000000;3558.64000000;3508.66000000;3460.83000000;3414.21000000;         ;         ;         ;         ;         ;         ;         ;         ;         ;         ;         ;         ;         ;         ;         
Total HIV incidence rate;Mean;0.00003493;0.00009599;0.00023487;0.00056599;0.00129911;0.00264893;0.00454871;0.00657825;0.00842493;0.01004630;0.01141840;0.01249530;0.01311660;0.01346750;0.01361000;0.01352060;0.01328520;0.01296930;0.01262590;0.01229180;0.01181410;0.01124810;0.01064560;0.00997310;0.00925195;0.00860716;0.00798591;0.00746716;0.00705855;0.00661726;0.00625730;0.00578374;0.00522710;0.00486895;0.00450708;0.00413869;0.00384727;0.00356869;0.00331505;0.00310661;0.00293443;0.00277518;0.00262248;0.00249543;0.00237588;0.00226220;0.00215341;0.00204874;0.00194740;0.00184860;0.00175169;0.00165806;0.00156963;0.00148669;0.00140904;0.00133619;0.00126800;0.00120422;0.00114465;0.00108897;0.00103682;0.00098790;0.00094192;0.00089862;0.00085780;0.00081925;0.00078280;0.00074827;0.00071553;0.00068447;0.00065494;         ;         ;         ;         ;         ;         ;         ;         ;         ;         ;         ;         ;         ;         ;         
;95% LL;0.00001221;0.00003944;0.00011594;0.00031812;0.00080185;0.00178075;0.00338882;0.00533878;0.00730846;0.00910321;0.01054900;0.01175740;0.01255020;0.01301220;0.01326220;0.01323600;0.01302790;0.01270810;0.01235540;0.01201530;0.01153680;0.01097540;0.01037170;0.00969753;0.00897633;0.00833806;0.00772686;0.00721436;0.00680235;0.00636204;0.00599478;0.00551700;0.00495567;0.00458888;0.00422182;0.00386225;0.00358906;0.00333738;0.00311173;0.00292567;0.00277319;0.00262640;0.00248185;0.00235925;0.00224326;0.00213399;0.00203163;0.00193281;0.00183642;0.00174085;0.00164747;0.00155661;0.00147022;0.00139196;0.00131693;0.00124605;0.00117989;0.00111817;0.00106053;0.00100701;0.00095689;0.00091006;0.00086676;0.00082565;0.00078626;0.00075134;0.00071706;0.00068460;0.00065349;0.00062317;0.00059440;         ;         ;         ;         ;         ;         ;         ;         ;         ;         ;         ;         ;         ;         ;         
;95% UL;0.00005372;0.00015035;0.00037019;0.00087898;0.00198847;0.00401815;0.00588184;0.00791347;0.00956681;0.01105700;0.01249950;0.01350680;0.01396960;0.01413260;0.01408860;0.01388160;0.01361120;0.01328480;0.01293620;0.01261000;0.01212870;0.01157390;0.01098960;0.01030930;0.00958969;0.00894455;0.00831927;0.00779939;0.00738460;0.00693879;0.00657173;0.00608854;0.00552301;0.00516916;0.00481452;0.00443903;0.00412976;0.00381814;0.00353166;0.00329918;0.00311027;0.00293769;0.00276522;0.00263344;0.00251784;0.00240761;0.00230166;0.00219917;0.00209927;0.00200106;0.00190382;0.00180909;0.00171906;0.00163420;0.00155437;0.00147917;0.00140853;0.00134229;0.00128028;0.00122221;0.00116777;0.00111662;0.00106850;0.00102315;0.00098035;0.00093992;0.00090166;0.00086540;0.00083098;0.00079830;0.00076720;         ;         ;         ;         ;         ;         ;         ;         ;         ;         ;         ;         ;         ;         ;         
HIV incidence in individuals aged 15+;Mean;0.00005332;0.00014955;0.00036819;0.00088780;0.00203137;0.00411561;0.00699266;0.00995585;0.01254590;0.01472130;0.01646030;0.01769790;0.01836230;0.01859170;0.01847310;0.01807430;0.01748260;0.01680480;0.01615550;0.01552510;0.01486280;0.01419230;0.01357050;0.01300090;0.01236430;0.01168420;0.01091070;0.01020350;0.00965367;0.00910634;0.00865336;0.00803410;0.00727214;0.00678193;0.00627373;0.00574816;0.00533312;0.00493037;0.00456002;0.00425696;0.00400899;0.00377995;0.00356051;0.00337680;0.00320364;0.00303944;0.00288326;0.00273428;0.00259183;0.00245395;0.00231969;0.00219091;0.00206985;0.00195652;0.00185059;0.00175141;0.00165873;0.00157220;0.00149150;0.00141618;0.00134573;0.00127970;0.00121765;0.00115924;0.00110417;0.00105219;0.00100306;0.00095656;0.00091253;0.00087081;0.00083125;         ;         ;         ;         ;         ;         ;         ;         ;         ;         ;         ;         ;         ;         ;         
;95% LL;0.00001876;0.00006195;0.00018266;0.00050206;0.00125930;0.00274826;0.00518728;0.00805805;0.01087440;0.01338410;0.01522240;0.01666520;0.01755870;0.01799890;0.01798830;0.01768450;0.01712710;0.01642750;0.01578260;0.01514190;0.01446510;0.01379160;0.01317830;0.01261600;0.01198010;0.01128990;0.01052920;0.00983383;0.00928086;0.00873413;0.00827786;0.00766119;0.00689192;0.00638888;0.00586917;0.00535120;0.00496140;0.00460116;0.00427303;0.00400725;0.00377690;0.00357212;0.00336466;0.00318748;0.00301739;0.00285911;0.00271239;0.00257200;0.00243755;0.00230702;0.00217782;0.00205404;0.00193419;0.00182575;0.00172652;0.00163034;0.00154072;0.00145727;0.00137903;0.00130683;0.00124010;0.00117823;0.00111854;0.00106243;0.00100961;0.00096300;0.00091853;0.00087460;0.00083177;0.00079125;0.00075289;         ;         ;         ;         ;         ;         ;         ;         ;         ;         ;         ;         ;         ;         ;         
;95% UL;0.00008219;0.00023480;0.00058141;0.00138030;0.00311674;0.00627438;0.00909082;0.01192980;0.01420020;0.01629480;0.01812770;0.01924270;0.01966100;0.01959960;0.01919390;0.01857880;0.01795150;0.01726520;0.01661310;0.01599120;0.01534020;0.01466150;0.01402920;0.01345490;0.01282390;0.01214950;0.01137980;0.01067840;0.01013410;0.00959271;0.00912867;0.00849468;0.00771845;0.00721838;0.00671764;0.00617790;0.00573673;0.00529668;0.00487683;0.00453804;0.00426227;0.00401323;0.00377037;0.00356976;0.00339729;0.00323701;0.00308395;0.00293728;0.00279624;0.00265869;0.00252356;0.00239294;0.00226937;0.00215305;0.00204381;0.00194108;0.00184474;0.00175453;0.00167021;0.00159137;0.00151751;0.00144818;0.00138295;0.00132148;0.00126346;0.00120865;0.00115679;0.00110766;0.00106108;0.00101690;0.00097496;         ;         ;         ;         ;         ;         ;         ;         ;         ;         ;         ;         ;         ;         ;         
HIV incidence in males aged 15+;Mean;0.00005736;0.00016958;0.00042461;0.00103055;0.00235594;0.00472171;0.00783960;0.01073980;0.01295810;0.01458150;0.01569430;0.01629270;0.01636280;0.01606870;0.01553420;0.01485050;0.01410510;0.01338140;0.01275720;0.01219790;0.01165160;0.01113060;0.01066190;0.01024790;0.00979891;0.00934286;0.00875796;0.00817004;0.00769895;0.00722605;0.00682764;0.00627935;0.00559301;0.00515060;0.00470665;0.00426657;0.00392309;0.00357818;0.00326186;0.00300696;0.00280419;0.00262344;0.00245714;0.00232340;0.00220176;0.00208903;0.00198342;0.00188394;0.00178968;0.00169889;0.00161076;0.00152622;0.00144648;0.00137163;0.00130144;0.00123549;0.00117365;0.00111572;0.00106151;0.00101078;0.00096321;0.00091852;0.00087646;0.00083684;0.00079947;0.00076417;0.00073080;0.00069923;0.00066934;0.00064102;0.00061414;         ;         ;         ;         ;         ;         ;         ;         ;         ;         ;         ;         ;         ;         ;         
;95% LL;0.00002076;0.00007247;0.00021539;0.00058381;0.00145560;0.00300406;0.00568539;0.00838639;0.01083480;0.01280930;0.01422280;0.01506990;0.01525510;0.01512380;0.01472540;0.01407030;0.01344290;0.01284250;0.01228580;0.01172510;0.01117850;0.01066610;0.01021580;0.00981315;0.00936534;0.00891615;0.00834695;0.00775766;0.00730101;0.00684848;0.00645504;0.00592025;0.00524666;0.00480868;0.00436396;0.00394424;0.00363064;0.00332280;0.00303035;0.00280111;0.00261932;0.00245658;0.00231092;0.00218629;0.00207143;0.00196429;0.00186361;0.00176850;0.00167771;0.00159023;0.00150538;0.00142662;0.00134911;0.00127609;0.00120873;0.00114452;0.00108410;0.00102823;0.00097607;0.00092829;0.00088371;0.00084188;0.00080256;0.00076512;0.00072929;0.00069655;0.00066437;0.00063399;0.00060518;0.00057822;0.00055201;         ;         ;         ;         ;         ;         ;         ;         ;         ;         ;         ;         ;         ;         ;         
;95% UL;0.00009002;0.00027030;0.00067923;0.00161891;0.00372479;0.00716470;0.01016120;0.01290740;0.01485430;0.01699380;0.01820600;0.01861860;0.01834110;0.01763610;0.01669350;0.01565210;0.01486180;0.01411580;0.01345160;0.01286090;0.01231210;0.01176680;0.01128160;0.01085150;0.01037800;0.00990025;0.00929330;0.00867226;0.00818020;0.00768844;0.00727700;0.00670457;0.00598846;0.00553791;0.00508471;0.00462926;0.00425824;0.00387606;0.00352484;0.00324058;0.00301338;0.00281421;0.00263098;0.00249194;0.00236127;0.00224403;0.00213712;0.00203370;0.00193185;0.00183470;0.00173998;0.00164913;0.00156339;0.00148368;0.00140903;0.00133873;0.00127283;0.00121253;0.00115428;0.00110049;0.00105228;0.00100697;0.00096432;0.00092413;0.00088622;0.00085041;0.00081656;0.00078453;0.00075419;0.00072544;0.00069812;         ;         ;         ;         ;         ;         ;         ;         ;         ;         ;         ;         ;         ;         ;         
HIV incidence in females aged 15+;Mean;0.00004945;0.00013052;0.00031486;0.00075359;0.00172780;0.00355171;0.00621527;0.00923890;0.01217030;0.01484870;0.01715690;0.01897600;0.02018250;0.02089400;0.02116510;0.02104150;0.02060910;0.01999710;0.01934750;0.01867250;0.01792160;0.01712770;0.01638020;0.01567930;0.01487690;0.01399160;0.01304460;0.01222580;0.01160330;0.01098710;0.01048450;0.00979865;0.00896477;0.00843004;0.00786028;0.00725176;0.00676789;0.00630889;0.00588490;0.00553388;0.00524070;0.00496305;0.00468980;0.00445528;0.00422953;0.00401261;0.00380445;0.00360451;0.00341236;0.00322586;0.00304392;0.00286937;0.00270551;0.00255227;0.00240927;0.00227558;0.00215086;0.00203460;0.00192637;0.00182548;0.00173123;0.00164297;0.00156012;0.00148216;0.00140869;0.00133937;0.00127386;0.00121188;0.00115318;0.00109760;0.00104493;         ;         ;         ;         ;         ;         ;         ;         ;         ;         ;         ;         ;         ;         ;         
;95% LL;0.00001684;0.00005190;0.00015272;0.00041975;0.00108949;0.00242735;0.00469393;0.00753673;0.01062580;0.01338070;0.01576500;0.01776800;0.01921380;0.02014690;0.02048740;0.02034930;0.01995310;0.01937540;0.01874690;0.01807920;0.01735750;0.01656470;0.01584060;0.01514310;0.01435600;0.01346660;0.01252120;0.01171450;0.01109570;0.01048650;0.00998199;0.00929063;0.00846968;0.00793529;0.00736001;0.00676670;0.00630453;0.00587945;0.00549878;0.00518000;0.00490663;0.00464564;0.00438723;0.00417327;0.00396375;0.00376045;0.00356398;0.00337060;0.00318520;0.00300588;0.00283166;0.00266513;0.00250862;0.00235983;0.00222586;0.00209993;0.00197840;0.00186532;0.00176021;0.00166237;0.00157248;0.00148976;0.00141228;0.00133952;0.00127107;0.00120659;0.00114440;0.00108537;0.00103072;0.00097944;0.00093092;         ;         ;         ;         ;         ;         ;         ;         ;         ;         ;         ;         ;         ;         ;         
;95% UL;0.00007471;0.00020107;0.00048896;0.00115600;0.00256955;0.00544634;0.00833472;0.01115690;0.01385480;0.01637170;0.01844920;0.02006480;0.02111740;0.02171110;0.02188490;0.02167610;0.02119850;0.02056000;0.01990540;0.01923250;0.01846640;0.01768550;0.01695320;0.01625030;0.01543760;0.01454480;0.01355830;0.01274270;0.01213440;0.01151360;0.01101840;0.01033140;0.00948748;0.00895670;0.00839488;0.00776386;0.00726209;0.00675530;0.00627486;0.00588694;0.00558806;0.00533104;0.00507415;0.00484685;0.00462449;0.00440830;0.00419887;0.00399278;0.00379036;0.00359289;0.00339915;0.00321044;0.00303566;0.00287124;0.00271667;0.00257160;0.00243582;0.00231106;0.00219598;0.00208844;0.00198778;0.00189334;0.00180452;0.00172078;0.00164174;0.00156706;0.00149637;0.00142940;0.00136587;0.00130562;0.00124844;         ;         ;         ;         ;         ;         ;         ;         ;         ;         ;         ;         ;         ;         ;         
HIV incidence in children (<15 years);Mean;0.00000684;0.00001374;0.00002873;0.00006359;0.00014266;0.00030437;0.00058643;0.00099737;0.00150536;0.00207779;0.00268355;0.00329864;0.00380403;0.00427828;0.00476772;0.00511938;0.00539921;0.00558428;0.00566651;0.00578211;0.00558046;0.00515307;0.00452299;0.00358622;0.00264905;0.00204370;0.00172344;0.00156474;0.00145217;0.00125015;0.00110243;0.00096052;0.00085667;0.00078768;0.00073458;0.00068102;0.00063361;0.00059213;0.00055182;0.00051364;0.00047834;0.00044662;0.00041778;0.00039269;0.00036997;0.00034896;0.00032923;0.00031060;0.00029287;0.00027582;0.00025927;0.00024328;0.00022810;0.00021392;0.00020059;0.00018804;0.00017627;0.00016524;0.00015490;0.00014525;0.00013626;0.00012792;0.00012020;0.00011308;0.00010652;0.00010049;0.00009494;0.00008984;0.00008514;0.00008080;0.00007680;         ;         ;         ;         ;         ;         ;         ;         ;         ;         ;         ;         ;         ;         ;         
;95% LL;0.00000221;0.00000487;0.00001188;0.00003168;0.00008289;0.00019530;0.00042029;0.00076668;0.00124324;0.00176870;0.00233948;0.00293459;0.00345501;0.00395360;0.00444641;0.00481344;0.00511462;0.00533082;0.00544210;0.00557314;0.00538935;0.00498164;0.00437600;0.00347248;0.00256849;0.00197897;0.00166848;0.00151056;0.00139728;0.00120180;0.00105807;0.00092090;0.00081868;0.00074943;0.00069434;0.00064060;0.00059576;0.00055776;0.00052109;0.00048475;0.00045153;0.00042181;0.00039535;0.00037189;0.00034991;0.00032956;0.00031046;0.00029237;0.00027522;0.00025876;0.00024300;0.00022773;0.00021320;0.00019972;0.00018704;0.00017491;0.00016348;0.00015298;0.00014306;0.00013390;0.00012539;0.00011751;0.00011023;0.00010352;0.00009734;0.00009156;0.00008625;0.00008137;0.00007692;0.00007286;0.00006911;         ;         ;         ;         ;         ;         ;         ;         ;         ;         ;         ;         ;         ;         ;         
;95% UL;0.00001023;0.00002069;0.00004367;0.00009659;0.00021171;0.00043466;0.00079478;0.00126593;0.00181106;0.00240927;0.00301438;0.00362538;0.00411588;0.00456102;0.00502531;0.00536585;0.00563723;0.00581033;0.00587480;0.00598432;0.00577504;0.00533632;0.00468149;0.00370964;0.00273748;0.00211004;0.00177954;0.00161643;0.00150528;0.00129792;0.00114733;0.00100210;0.00089618;0.00082618;0.00077294;0.00071862;0.00066898;0.00062448;0.00058202;0.00054015;0.00050249;0.00046954;0.00043966;0.00041379;0.00039046;0.00036982;0.00035096;0.00033301;0.00031573;0.00029893;0.00028245;0.00026632;0.00025086;0.00023628;0.00022246;0.00020935;0.00019696;0.00018527;0.00017426;0.00016393;0.00015426;0.00014526;0.00013692;0.00012920;0.00012208;0.00011554;0.00010952;0.00010399;0.00009889;0.00009407;0.00008975;         ;         ;         ;         ;         ;         ;         ;         ;         ;         ;         ;         ;         ;         ;         
Incidence in youth (15-24);Mean;0.00006878;0.00016630;0.00037619;0.00086658;0.00195238;0.00402809;0.00726762;0.01131190;0.01567570;0.01993310;0.02365790;0.02652870;0.02834610;0.02926410;0.02940620;0.02888810;0.02782560;0.02652840;0.02519170;0.02392820;0.02275540;0.02170690;0.02076400;0.01991720;0.01891370;0.01773710;0.01653000;0.01537200;0.01449320;0.01370390;0.01286980;0.01182130;0.01066770;0.00982482;0.00902050;0.00822178;0.00761851;0.00708875;0.00664095;0.00628192;0.00598190;0.00567271;0.00533802;0.00501042;0.00468063;0.00436170;0.00405142;0.00375403;0.00347233;0.00319935;0.00293439;0.00268844;0.00246659;0.00226795;0.00209118;0.00193375;0.00179383;0.00166941;0.00155878;0.00146085;0.00137363;0.00129531;0.00122471;0.00116087;0.00110265;0.00104926;0.00100004;0.00095434;0.00091166;0.00087161;0.00083386;         ;         ;         ;         ;         ;         ;         ;         ;         ;         ;         ;         ;         ;         ;         
;95% LL;0.00002297;0.00006373;0.00017161;0.00046855;0.00120585;0.00276793;0.00541331;0.00930490;0.01345420;0.01763930;0.02171710;0.02477420;0.02702920;0.02807340;0.02821930;0.02771210;0.02671410;0.02553360;0.02434270;0.02323180;0.02211370;0.02107980;0.02015670;0.01935400;0.01834590;0.01717120;0.01596960;0.01480670;0.01392510;0.01310550;0.01224610;0.01121250;0.01011690;0.00933021;0.00852459;0.00775668;0.00719997;0.00669853;0.00626807;0.00592929;0.00564236;0.00534701;0.00502125;0.00471054;0.00439804;0.00409471;0.00379933;0.00352028;0.00325146;0.00299049;0.00273856;0.00250620;0.00229697;0.00210991;0.00194362;0.00179569;0.00166438;0.00154651;0.00144087;0.00134846;0.00126657;0.00119273;0.00112573;0.00106482;0.00100978;0.00095821;0.00091123;0.00086977;0.00083003;0.00079172;0.00075578;         ;         ;         ;         ;         ;         ;         ;         ;         ;         ;         ;         ;         ;         ;         
;95% UL;0.00010445;0.00025651;0.00058487;0.00133467;0.00289787;0.00574236;0.00968421;0.01397510;0.01832780;0.02240170;0.02589900;0.02841090;0.03010480;0.03080470;0.03076760;0.03010400;0.02897750;0.02760050;0.02616270;0.02487110;0.02370080;0.02262550;0.02167440;0.02085020;0.01982940;0.01860690;0.01738130;0.01620380;0.01526990;0.01450230;0.01364970;0.01256110;0.01137170;0.01049710;0.00965151;0.00881720;0.00815497;0.00759158;0.00709718;0.00671110;0.00637883;0.00604345;0.00571124;0.00539272;0.00506380;0.00473973;0.00441959;0.00410884;0.00381131;0.00351998;0.00323449;0.00296738;0.00272657;0.00251294;0.00232212;0.00215177;0.00200028;0.00186569;0.00174628;0.00164086;0.00154723;0.00146339;0.00138806;0.00132013;0.00125835;0.00120184;0.00114986;0.00110169;0.00105677;0.00101465;0.00097497;         ;         ;         ;         ;         ;         ;         ;         ;         ;         ;         ;         ;         ;         ;         
Incidence in males aged 15-24;Mean;0.00004168;0.00009847;0.00021495;0.00048173;0.00107125;0.00222263;0.00410814;0.00657800;0.00934247;0.01206900;0.01442300;0.01617470;0.01723450;0.01769560;0.01766410;0.01722880;0.01647040;0.01556640;0.01465390;0.01380360;0.01303360;0.01235730;0.01174330;0.01120010;0.01057010;0.00985160;0.00909533;0.00836443;0.00778378;0.00727481;0.00668511;0.00597851;0.00523095;0.00466239;0.00416024;0.00373430;0.00342646;0.00314296;0.00290457;0.00271995;0.00257097;0.00242233;0.00226474;0.00211129;0.00196263;0.00182220;0.00168705;0.00156089;0.00144392;0.00133162;0.00122470;0.00112885;0.00104248;0.00096504;0.00089574;0.00083369;0.00077842;0.00072923;0.00068542;0.00064665;0.00061198;0.00058055;0.00055189;0.00052565;0.00050145;0.00047903;0.00045819;0.00043873;0.00042049;0.00040333;0.00038711;         ;         ;         ;         ;         ;         ;         ;         ;         ;         ;         ;         ;         ;         ;         
;95% LL;0.00001413;0.00003738;0.00009514;0.00024832;0.00063580;0.00148269;0.00301776;0.00524906;0.00786642;0.01051950;0.01290160;0.01474920;0.01592320;0.01639060;0.01640060;0.01598740;0.01526870;0.01448580;0.01369400;0.01295270;0.01227620;0.01167850;0.01112040;0.01057820;0.00995907;0.00927423;0.00855190;0.00785251;0.00729577;0.00681923;0.00626365;0.00560480;0.00489938;0.00435405;0.00387656;0.00346832;0.00318452;0.00292893;0.00271577;0.00254686;0.00241003;0.00227141;0.00212542;0.00198077;0.00184167;0.00170887;0.00158156;0.00146200;0.00135035;0.00124309;0.00114136;0.00105034;0.00096855;0.00089538;0.00082999;0.00077151;0.00071944;0.00067308;0.00063179;0.00059516;0.00056233;0.00053254;0.00050533;0.00047957;0.00045641;0.00043540;0.00041570;0.00039552;0.00037662;0.00035887;0.00034213;         ;         ;         ;         ;         ;         ;         ;         ;         ;         ;         ;         ;         ;         ;         
;95% UL;0.00006508;0.00015551;0.00034234;0.00076298;0.00164622;0.00322559;0.00556465;0.00832869;0.01122110;0.01397730;0.01641020;0.01795540;0.01894960;0.01926370;0.01914410;0.01862120;0.01781120;0.01682570;0.01586390;0.01497370;0.01413400;0.01340140;0.01275100;0.01223000;0.01159980;0.01081450;0.00998308;0.00918461;0.00855183;0.00800529;0.00735975;0.00658207;0.00577557;0.00515861;0.00461583;0.00415189;0.00380562;0.00348146;0.00320465;0.00298695;0.00281887;0.00265290;0.00247048;0.00230818;0.00214511;0.00199129;0.00184299;0.00170453;0.00157921;0.00146127;0.00134473;0.00124338;0.00115163;0.00106905;0.00099493;0.00092827;0.00086735;0.00081279;0.00076482;0.00072198;0.00068391;0.00064929;0.00061805;0.00059153;0.00056711;0.00054450;0.00052350;0.00050393;0.00048561;0.00046840;0.00045213;         ;         ;         ;         ;         ;         ;         ;         ;         ;         ;         ;         ;         ;         ;         
Incidence in females aged 15-24;Mean;0.00009559;0.00023297;0.00053378;0.00124109;0.00280765;0.00577956;0.01030740;0.01589440;0.02185860;0.02769460;0.03289340;0.03704030;0.03984680;0.04147040;0.04202190;0.04161700;0.04038670;0.03875470;0.03700660;0.03530910;0.03368630;0.03220180;0.03088740;0.02968630;0.02824590;0.02653710;0.02480410;0.02311800;0.02186570;0.02073270;0.01960290;0.01816070;0.01654940;0.01539400;0.01425010;0.01303700;0.01210280;0.01129310;0.01060690;0.01004950;0.00957877;0.00909140;0.00856310;0.00804705;0.00752236;0.00701158;0.00651376;0.00603349;0.00557630;0.00513268;0.00470050;0.00429619;0.00393162;0.00360578;0.00331658;0.00305971;0.00283178;0.00262932;0.00244950;0.00229041;0.00214896;0.00202238;0.00190873;0.00180633;0.00171327;0.00162818;0.00154992;0.00147741;0.00140976;0.00134634;0.00128663;         ;         ;         ;         ;         ;         ;         ;         ;         ;         ;         ;         ;         ;         ;         
;95% LL;0.00003194;0.00008948;0.00025086;0.00067528;0.00176854;0.00393936;0.00773319;0.01313730;0.01871680;0.02437530;0.02971280;0.03426210;0.03760850;0.03978360;0.04021480;0.03975410;0.03858260;0.03710250;0.03550540;0.03388330;0.03241960;0.03102370;0.02978160;0.02858080;0.02718290;0.02552750;0.02372920;0.02207060;0.02082750;0.01972100;0.01857780;0.01716800;0.01564900;0.01450620;0.01339610;0.01222970;0.01134650;0.01058930;0.00994475;0.00940817;0.00895370;0.00848357;0.00797578;0.00748214;0.00698177;0.00649756;0.00602960;0.00558565;0.00516351;0.00475264;0.00435077;0.00396725;0.00362496;0.00332049;0.00305134;0.00280826;0.00259048;0.00239751;0.00222650;0.00207860;0.00194862;0.00183225;0.00172593;0.00162813;0.00154251;0.00146339;0.00138825;0.00131886;0.00125534;0.00119519;0.00113870;         ;         ;         ;         ;         ;         ;         ;         ;         ;         ;         ;         ;         ;         ;         
;95% UL;0.00014341;0.00035579;0.00082192;0.00189114;0.00419001;0.00837176;0.01356750;0.01981940;0.02558690;0.03109470;0.03584880;0.03973740;0.04231440;0.04363000;0.04397790;0.04345190;0.04213180;0.04043790;0.03864200;0.03678990;0.03510950;0.03355530;0.03221640;0.03094950;0.02949680;0.02777530;0.02603440;0.02434620;0.02303350;0.02188630;0.02074280;0.01924050;0.01761460;0.01643540;0.01527090;0.01398470;0.01300800;0.01213370;0.01139980;0.01077530;0.01033490;0.00988162;0.00937506;0.00885999;0.00832273;0.00778895;0.00725675;0.00674143;0.00624846;0.00576403;0.00528621;0.00483601;0.00442828;0.00406253;0.00373710;0.00344772;0.00319117;0.00296391;0.00276298;0.00258605;0.00243184;0.00229444;0.00217148;0.00206102;0.00196091;0.00186963;0.00178591;0.00170849;0.00163634;0.00156877;0.00150517;         ;         ;         ;         ;         ;         ;         ;         ;         ;         ;         ;         ;         ;         ;         
Incidence in age group 15-49;Mean;0.00006500;0.00018173;0.00044724;0.00107907;0.00247172;0.00501514;0.00853251;0.01215650;0.01533540;0.01801480;0.02016530;0.02170560;0.02256920;0.02289490;0.02278640;0.02232380;0.02160830;0.02079130;0.02000330;0.01923720;0.01844200;0.01764920;0.01690090;0.01622100;0.01545620;0.01463330;0.01369770;0.01281380;0.01212800;0.01144410;0.01086140;0.01006450;0.00908569;0.00844027;0.00777640;0.00709140;0.00653569;0.00600588;0.00553306;0.00514584;0.00482797;0.00453466;0.00425376;0.00401396;0.00378879;0.00357697;0.00337758;0.00318958;0.00301200;0.00284156;0.00267650;0.00251939;0.00237243;0.00223559;0.00210844;0.00199016;0.00188039;0.00177871;0.00168472;0.00159777;0.00151725;0.00144250;0.00137286;0.00130703;0.00124487;0.00118631;0.00113078;0.00107816;0.00102819;0.00098097;0.00093662;         ;         ;         ;         ;         ;         ;         ;         ;         ;         ;         ;         ;         ;         ;         
;95% LL;0.00002283;0.00007513;0.00022182;0.00060937;0.00153207;0.00336344;0.00634340;0.00986410;0.01329530;0.01636060;0.01862950;0.02043340;0.02158160;0.02212830;0.02213480;0.02177110;0.02114210;0.02033140;0.01953550;0.01877640;0.01800270;0.01721820;0.01646210;0.01577970;0.01501530;0.01418680;0.01324750;0.01236380;0.01167330;0.01098700;0.01040460;0.00961268;0.00863789;0.00799018;0.00731567;0.00663546;0.00610300;0.00562474;0.00519541;0.00484854;0.00455937;0.00429442;0.00402744;0.00380046;0.00359254;0.00338685;0.00318983;0.00301129;0.00283304;0.00266821;0.00250734;0.00235539;0.00221375;0.00208234;0.00196045;0.00184725;0.00174260;0.00164413;0.00155268;0.00146989;0.00139426;0.00132412;0.00125883;0.00119716;0.00113898;0.00108364;0.00103008;0.00097964;0.00093151;0.00088577;0.00084304;         ;         ;         ;         ;         ;         ;         ;         ;         ;         ;         ;         ;         ;         ;         
;95% UL;0.00010015;0.00028520;0.00070599;0.00167738;0.00379185;0.00763956;0.01108090;0.01457630;0.01735140;0.01989280;0.02215580;0.02354990;0.02412100;0.02410050;0.02365020;0.02295260;0.02218620;0.02135250;0.02058130;0.01982760;0.01904900;0.01825120;0.01749940;0.01681790;0.01604710;0.01521230;0.01426630;0.01337810;0.01270230;0.01202150;0.01143490;0.01062810;0.00964083;0.00899463;0.00833163;0.00762293;0.00702091;0.00643807;0.00591193;0.00546877;0.00511753;0.00480230;0.00449681;0.00425414;0.00403002;0.00381408;0.00362130;0.00343870;0.00326526;0.00309738;0.00293309;0.00277530;0.00262650;0.00248692;0.00235632;0.00223404;0.00211991;0.00201365;0.00191496;0.00182328;0.00173806;0.00165867;0.00158445;0.00151400;0.00144725;0.00138420;0.00132424;0.00126729;0.00121306;0.00116172;0.00111345;         ;         ;         ;         ;         ;         ;         ;         ;         ;         ;         ;         ;         ;         ;         
Incidence in males aged 15-49;Mean;0.00006790;0.00019993;0.00050008;0.00121367;0.00277582;0.00556764;0.00925697;0.01268080;0.01530920;0.01724170;0.01857280;0.01929570;0.01941220;0.01909020;0.01847500;0.01767090;0.01677840;0.01591190;0.01515810;0.01447880;0.01382520;0.01321360;0.01265510;0.01217020;0.01164750;0.01111890;0.01044230;0.00974592;0.00919009;0.00863119;0.00814678;0.00747968;0.00664727;0.00610133;0.00555806;0.00502379;0.00459996;0.00417961;0.00380239;0.00349862;0.00325682;0.00304160;0.00284362;0.00268190;0.00253534;0.00240049;0.00227536;0.00215871;0.00204940;0.00194471;0.00184328;0.00174651;0.00165536;0.00156998;0.00149006;0.00141510;0.00134494;0.00127940;0.00121826;0.00116122;0.00110797;0.00105819;0.00101156;0.00096711;0.00092487;0.00088491;0.00084680;0.00081057;0.00077608;0.00074353;0.00071316;         ;         ;         ;         ;         ;         ;         ;         ;         ;         ;         ;         ;         ;         ;         
;95% LL;0.00002455;0.00008524;0.00025329;0.00068681;0.00171396;0.00356079;0.00672716;0.00992066;0.01285510;0.01517620;0.01685750;0.01787550;0.01817090;0.01801750;0.01751400;0.01673980;0.01591820;0.01518280;0.01452550;0.01390940;0.01329050;0.01268820;0.01213660;0.01164970;0.01112770;0.01060130;0.00993795;0.00926211;0.00872508;0.00817769;0.00770834;0.00707322;0.00625629;0.00571360;0.00517735;0.00466884;0.00427798;0.00389244;0.00354938;0.00327609;0.00305913;0.00286268;0.00267977;0.00252453;0.00238348;0.00225574;0.00213748;0.00202640;0.00191830;0.00181506;0.00171687;0.00162590;0.00153981;0.00145597;0.00137997;0.00130787;0.00124053;0.00117835;0.00112045;0.00106653;0.00101630;0.00096940;0.00092555;0.00088381;0.00084421;0.00080679;0.00077114;0.00073652;0.00070315;0.00067279;0.00064415;         ;         ;         ;         ;         ;         ;         ;         ;         ;         ;         ;         ;         ;         ;         
;95% UL;0.00010656;0.00031863;0.00079991;0.00190674;0.00439152;0.00843452;0.01200260;0.01524220;0.01749660;0.02001670;0.02145120;0.02194910;0.02165910;0.02086130;0.01977820;0.01858460;0.01765770;0.01677610;0.01597970;0.01526410;0.01459570;0.01396590;0.01338410;0.01287670;0.01232580;0.01178140;0.01108200;0.01035490;0.00977295;0.00919018;0.00868778;0.00798915;0.00711494;0.00654725;0.00598448;0.00542976;0.00497350;0.00451132;0.00409820;0.00376891;0.00350463;0.00326738;0.00304841;0.00287084;0.00271505;0.00257443;0.00244284;0.00232084;0.00220641;0.00210089;0.00199621;0.00189651;0.00180253;0.00171384;0.00163022;0.00155127;0.00147693;0.00140713;0.00134173;0.00128051;0.00122322;0.00116955;0.00111920;0.00107111;0.00102537;0.00098209;0.00094115;0.00090418;0.00086895;0.00083572;0.00080478;         ;         ;         ;         ;         ;         ;         ;         ;         ;         ;         ;         ;         ;         ;         
Incidence in females aged 15-49;Mean;0.00006214;0.00016388;0.00039562;0.00094809;0.00217694;0.00448181;0.00784311;0.01165870;0.01536050;0.01874790;0.02167620;0.02399780;0.02558220;0.02654500;0.02695160;0.02685680;0.02635930;0.02564630;0.02487990;0.02408040;0.02319250;0.02226040;0.02136650;0.02052780;0.01954760;0.01844590;0.01726230;0.01619290;0.01538210;0.01457640;0.01389910;0.01296990;0.01183710;0.01108760;0.01029330;0.00944124;0.00873737;0.00808210;0.00749798;0.00701234;0.00660381;0.00621700;0.00583685;0.00550304;0.00518339;0.00487925;0.00459109;0.00431823;0.00406006;0.00381263;0.00357377;0.00334719;0.00313645;0.00294122;0.00276089;0.00259419;0.00244045;0.00229895;0.00216898;0.00204947;0.00193941;0.00183775;0.00174340;0.00165470;0.00157133;0.00149307;0.00141913;0.00134927;0.00128310;0.00122058;0.00116170;         ;         ;         ;         ;         ;         ;         ;         ;         ;         ;         ;         ;         ;         ;         
;95% LL;0.00002115;0.00006510;0.00019157;0.00052814;0.00137215;0.00306518;0.00592543;0.00951064;0.01339400;0.01686650;0.01988070;0.02243050;0.02430040;0.02556290;0.02600800;0.02593610;0.02550970;0.02482900;0.02408070;0.02330220;0.02244600;0.02154560;0.02066310;0.01982930;0.01884910;0.01775540;0.01659500;0.01553400;0.01473520;0.01394080;0.01326160;0.01232390;0.01118820;0.01044450;0.00965646;0.00883471;0.00815959;0.00755322;0.00701168;0.00657103;0.00618732;0.00583545;0.00549749;0.00517766;0.00487125;0.00457619;0.00429917;0.00403435;0.00378435;0.00354564;0.00331624;0.00309952;0.00289869;0.00271335;0.00254052;0.00238279;0.00223662;0.00210279;0.00197881;0.00186583;0.00176084;0.00166359;0.00157364;0.00148956;0.00141258;0.00134043;0.00127239;0.00120818;0.00114741;0.00108992;0.00103500;         ;         ;         ;         ;         ;         ;         ;         ;         ;         ;         ;         ;         ;         ;         
;95% UL;0.00009385;0.00025241;0.00061425;0.00145420;0.00323874;0.00687243;0.01052910;0.01409590;0.01750360;0.02069530;0.02333140;0.02542290;0.02680690;0.02761960;0.02790810;0.02774660;0.02719260;0.02643350;0.02565810;0.02482750;0.02394030;0.02300200;0.02214000;0.02134010;0.02035630;0.01921880;0.01799670;0.01689370;0.01610710;0.01528550;0.01460740;0.01368460;0.01254140;0.01179590;0.01100380;0.01011840;0.00936506;0.00864348;0.00802312;0.00747880;0.00705158;0.00663775;0.00627794;0.00595842;0.00564730;0.00534772;0.00506121;0.00478760;0.00452642;0.00427332;0.00402187;0.00377644;0.00355500;0.00335282;0.00316463;0.00298937;0.00282666;0.00267596;0.00253671;0.00240796;0.00228873;0.00217802;0.00207470;0.00197703;0.00188477;0.00179779;0.00171530;0.00163709;0.00156275;0.00149231;0.00142580;         ;         ;         ;         ;         ;         ;         ;         ;         ;         ;         ;         ;         ;         ;         
Incidence in adults aged 25-49;Mean;0.00006240;0.00019215;0.00049456;0.00121907;0.00281095;0.00565589;0.00935068;0.01270280;0.01511540;0.01678070;0.01793170;0.01864290;0.01890830;0.01884930;0.01855300;0.01807890;0.01751860;0.01696480;0.01649030;0.01601500;0.01544570;0.01481350;0.01419200;0.01363980;0.01306730;0.01252060;0.01180920;0.01113060;0.01060080;0.01001720;0.00962283;0.00900860;0.00815951;0.00765116;0.00708449;0.00647418;0.00595379;0.00543167;0.00494788;0.00454548;0.00421879;0.00393300;0.00367954;0.00348454;0.00331437;0.00316190;0.00302407;0.00289672;0.00277662;0.00266124;0.00254812;0.00243625;0.00232669;0.00222008;0.00211661;0.00201648;0.00192029;0.00182860;0.00174178;0.00165941;0.00158157;0.00150817;0.00143877;0.00137177;0.00130754;0.00124639;0.00118777;0.00113183;0.00107841;0.00102787;0.00098055;         ;         ;         ;         ;         ;         ;         ;         ;         ;         ;         ;         ;         ;         ;         
;95% LL;0.00002262;0.00008274;0.00025085;0.00069857;0.00176133;0.00363006;0.00686969;0.00995550;0.01291210;0.01498810;0.01646020;0.01744640;0.01798260;0.01804740;0.01782090;0.01740460;0.01687000;0.01633510;0.01585840;0.01540260;0.01482850;0.01418630;0.01356010;0.01302230;0.01246560;0.01192210;0.01123200;0.01057520;0.01005420;0.00947380;0.00907337;0.00847534;0.00763419;0.00712081;0.00654658;0.00595524;0.00547163;0.00500252;0.00456878;0.00421161;0.00392311;0.00366987;0.00344842;0.00325993;0.00309533;0.00295336;0.00282934;0.00271432;0.00260049;0.00248629;0.00237487;0.00226107;0.00215344;0.00205428;0.00195542;0.00185816;0.00176532;0.00168020;0.00159912;0.00152111;0.00144809;0.00137829;0.00131127;0.00124686;0.00118602;0.00112919;0.00107483;0.00102304;0.00097366;0.00092697;0.00088103;         ;         ;         ;         ;         ;         ;         ;         ;         ;         ;         ;         ;         ;         ;         
;95% UL;0.00009721;0.00030457;0.00078668;0.00190321;0.00441733;0.00889519;0.01217480;0.01495990;0.01708140;0.01919700;0.02044550;0.02094740;0.02085110;0.02037750;0.01967650;0.01885050;0.01824370;0.01762500;0.01713940;0.01668980;0.01611970;0.01550020;0.01487740;0.01431900;0.01373380;0.01318400;0.01244010;0.01174340;0.01122010;0.01063500;0.01023800;0.00961157;0.00874916;0.00824110;0.00767660;0.00704341;0.00647913;0.00589746;0.00535434;0.00491062;0.00454159;0.00421837;0.00393397;0.00372542;0.00355453;0.00339306;0.00324576;0.00310924;0.00299469;0.00289060;0.00278674;0.00268205;0.00257766;0.00247438;0.00237259;0.00227266;0.00217541;0.00208165;0.00199195;0.00190606;0.00182424;0.00174657;0.00167262;0.00160067;0.00153127;0.00146490;0.00140095;0.00133971;0.00128100;0.00122532;0.00117311;         ;         ;         ;         ;         ;         ;         ;         ;         ;         ;         ;         ;         ;         ;         
Incidence in men aged 25-49;Mean;0.00008596;0.00026857;0.00069008;0.00169590;0.00389050;0.00774799;0.01261810;0.01669290;0.01925950;0.02068650;0.02134850;0.02138990;0.02088990;0.02004970;0.01904200;0.01798550;0.01700190;0.01616520;0.01553140;0.01498240;0.01441710;0.01385120;0.01332950;0.01287750;0.01241690;0.01200140;0.01135210;0.01065770;0.01009270;0.00947571;0.00902958;0.00835829;0.00745097;0.00689301;0.00630602;0.00569921;0.00520337;0.00470435;0.00425428;0.00389026;0.00360130;0.00335317;0.00313564;0.00297114;0.00282658;0.00269356;0.00257184;0.00245746;0.00234838;0.00224388;0.00214220;0.00204212;0.00194570;0.00185342;0.00176535;0.00168144;0.00160189;0.00152692;0.00145665;0.00139035;0.00132803;0.00126964;0.00121479;0.00116175;0.00111087;0.00106254;0.00101614;0.00097191;0.00092967;0.00088991;0.00085315;         ;         ;         ;         ;         ;         ;         ;         ;         ;         ;         ;         ;         ;         ;         
;95% LL;0.00003164;0.00011762;0.00035448;0.00097795;0.00236280;0.00496398;0.00892034;0.01274420;0.01568720;0.01783420;0.01905560;0.01929810;0.01906130;0.01857160;0.01787760;0.01712540;0.01632080;0.01552030;0.01490220;0.01436200;0.01381360;0.01327290;0.01276790;0.01233330;0.01186960;0.01142340;0.01076460;0.01007550;0.00951890;0.00892116;0.00849545;0.00786343;0.00700042;0.00644071;0.00585456;0.00527035;0.00481630;0.00436564;0.00396167;0.00363634;0.00336791;0.00313682;0.00293078;0.00277511;0.00264180;0.00251575;0.00239932;0.00229136;0.00218810;0.00208895;0.00199234;0.00189530;0.00180047;0.00171221;0.00163102;0.00155285;0.00147674;0.00140503;0.00133780;0.00127434;0.00121545;0.00116144;0.00111013;0.00105998;0.00101192;0.00096510;0.00092203;0.00087996;0.00083922;0.00080088;0.00076539;         ;         ;         ;         ;         ;         ;         ;         ;         ;         ;         ;         ;         ;         ;         
;95% UL;0.00013643;0.00042899;0.00110487;0.00266064;0.00614199;0.01200810;0.01635190;0.01986660;0.02272790;0.02502560;0.02581090;0.02548600;0.02437640;0.02283290;0.02113640;0.01948100;0.01802700;0.01697250;0.01634570;0.01579550;0.01518330;0.01460360;0.01407020;0.01357590;0.01307180;0.01264060;0.01197230;0.01125730;0.01067520;0.01005880;0.00963555;0.00897060;0.00804853;0.00749439;0.00689138;0.00624928;0.00572191;0.00519045;0.00470736;0.00431428;0.00399994;0.00372604;0.00348238;0.00329685;0.00313243;0.00298012;0.00283976;0.00270756;0.00258166;0.00246138;0.00234485;0.00223553;0.00212887;0.00202902;0.00193160;0.00184165;0.00175946;0.00168201;0.00160945;0.00154099;0.00147668;0.00141323;0.00135166;0.00129209;0.00123496;0.00118432;0.00113610;0.00108767;0.00104145;0.00099802;0.00095824;         ;         ;         ;         ;         ;         ;         ;         ;         ;         ;         ;         ;         ;         ;         
Incidence in women aged 25-49;Mean;0.00003930;0.00011733;0.00030363;0.00075505;0.00176541;0.00364273;0.00626301;0.00895979;0.01126060;0.01317740;0.01480180;0.01613980;0.01711520;0.01776800;0.01811390;0.01816510;0.01799060;0.01770330;0.01738860;0.01699790;0.01644200;0.01576290;0.01505980;0.01442220;0.01374800;0.01307440;0.01230560;0.01165120;0.01116740;0.01062820;0.01029890;0.00975604;0.00897954;0.00853357;0.00799454;0.00738336;0.00683626;0.00628779;0.00576420;0.00531576;0.00494309;0.00461088;0.00431266;0.00407894;0.00387560;0.00369701;0.00353692;0.00339100;0.00325476;0.00312368;0.00299456;0.00286654;0.00273977;0.00261492;0.00249244;0.00237279;0.00225699;0.00214595;0.00204027;0.00193984;0.00184473;0.00175478;0.00166944;0.00158727;0.00150864;0.00143378;0.00136214;0.00129382;0.00122867;0.00116687;0.00110857;         ;         ;         ;         ;         ;         ;         ;         ;         ;         ;         ;         ;         ;         ;         
;95% LL;0.00001378;0.00004866;0.00015282;0.00042931;0.00111676;0.00242979;0.00461341;0.00724935;0.00976611;0.01192230;0.01372220;0.01515380;0.01616820;0.01685580;0.01725330;0.01736230;0.01720960;0.01690410;0.01663540;0.01620470;0.01562330;0.01492700;0.01422870;0.01358690;0.01292730;0.01227960;0.01154880;0.01093490;0.01047800;0.00995661;0.00962753;0.00909380;0.00834350;0.00790931;0.00738820;0.00680825;0.00630536;0.00580056;0.00532957;0.00492108;0.00457471;0.00427715;0.00400164;0.00378252;0.00358925;0.00341404;0.00326425;0.00312980;0.00299578;0.00286945;0.00274502;0.00262185;0.00250013;0.00238057;0.00226357;0.00214959;0.00203955;0.00193428;0.00183662;0.00174335;0.00165531;0.00157136;0.00149185;0.00141551;0.00134339;0.00127496;0.00120955;0.00114729;0.00108800;0.00103298;0.00098005;         ;         ;         ;         ;         ;         ;         ;         ;         ;         ;         ;         ;         ;         ;         
;95% UL;0.00006001;0.00018275;0.00047598;0.00116636;0.00278387;0.00579793;0.00865714;0.01055660;0.01271860;0.01438810;0.01591890;0.01713640;0.01804370;0.01864020;0.01890500;0.01892540;0.01870280;0.01838640;0.01810950;0.01771300;0.01715020;0.01645900;0.01575300;0.01513770;0.01445910;0.01378770;0.01299620;0.01233960;0.01185420;0.01132460;0.01100610;0.01045810;0.00967375;0.00923213;0.00869645;0.00806184;0.00746200;0.00684146;0.00625243;0.00575733;0.00533702;0.00496572;0.00464861;0.00439118;0.00417591;0.00399173;0.00385176;0.00372530;0.00360808;0.00349380;0.00337810;0.00326037;0.00314074;0.00302019;0.00289935;0.00277894;0.00266035;0.00254484;0.00243334;0.00232603;0.00222323;0.00212499;0.00203082;0.00193916;0.00185067;0.00176584;0.00168412;0.00160579;0.00153072;0.00145925;0.00139165;         ;         ;         ;         ;         ;         ;         ;         ;         ;         ;         ;         ;         ;         ;         
Incidence in adults aged 50+;Mean;0.00000612;0.00002055;0.00005379;0.00013261;0.00030383;0.00060523;0.00098931;0.00133102;0.00158182;0.00177504;0.00194211;0.00209047;0.00221441;0.00232036;0.00241261;0.00249281;0.00256723;0.00264479;0.00272776;0.00279424;0.00280874;0.00276804;0.00269078;0.00260326;0.00249618;0.00237841;0.00221343;0.00209206;0.00200883;0.00192798;0.00190781;0.00185888;0.00177122;0.00175684;0.00171557;0.00164526;0.00160227;0.00155261;0.00149109;0.00144174;0.00140484;0.00136927;0.00133458;0.00131965;0.00130543;0.00129127;0.00127675;0.00126149;0.00124491;0.00122656;0.00120618;0.00118371;0.00115907;0.00113233;0.00110373;0.00107349;0.00104182;0.00100896;0.00097520;0.00094084;0.00090611;0.00087132;0.00083671;0.00080304;0.00077043;0.00073891;0.00070880;0.00068010;0.00065286;0.00062689;0.00060193;         ;         ;         ;         ;         ;         ;         ;         ;         ;         ;         ;         ;         ;         ;         
;95% LL;0.00000228;0.00000910;0.00002761;0.00007629;0.00017844;0.00038755;0.00069402;0.00100251;0.00127406;0.00150834;0.00168271;0.00184161;0.00196410;0.00206633;0.00215839;0.00223865;0.00231062;0.00238131;0.00245367;0.00250841;0.00251421;0.00246990;0.00239421;0.00231206;0.00220501;0.00209175;0.00194677;0.00184025;0.00175540;0.00167375;0.00165285;0.00160928;0.00153424;0.00152530;0.00149074;0.00143055;0.00139405;0.00134550;0.00128800;0.00124171;0.00120659;0.00117284;0.00114003;0.00112558;0.00111177;0.00109819;0.00108457;0.00107064;0.00105590;0.00103993;0.00102242;0.00100339;0.00098257;0.00096001;0.00093589;0.00091036;0.00088357;0.00085572;0.00082702;0.00079773;0.00076805;0.00073826;0.00070854;0.00067931;0.00065081;0.00062320;0.00059669;0.00057135;0.00054723;0.00052423;0.00050222;         ;         ;         ;         ;         ;         ;         ;         ;         ;         ;         ;         ;         ;         ;         
;95% UL;0.00000984;0.00003280;0.00008598;0.00020776;0.00048408;0.00095091;0.00131657;0.00162030;0.00187591;0.00217188;0.00238508;0.00253328;0.00262193;0.00266794;0.00268653;0.00272919;0.00284479;0.00297955;0.00311506;0.00322306;0.00327218;0.00324830;0.00316736;0.00308288;0.00296588;0.00282479;0.00262388;0.00247494;0.00236691;0.00226534;0.00223440;0.00217038;0.00206098;0.00203499;0.00197636;0.00189133;0.00183379;0.00177556;0.00170439;0.00164690;0.00160362;0.00156219;0.00152204;0.00150574;0.00149045;0.00147522;0.00145947;0.00144273;0.00142435;0.00140391;0.00138117;0.00135602;0.00132847;0.00129860;0.00126665;0.00123285;0.00119743;0.00116064;0.00112278;0.00108419;0.00104511;0.00100587;0.00096675;0.00092879;0.00089202;0.00085642;0.00082240;0.00078992;0.00075906;0.00072954;0.00070109;         ;         ;         ;         ;         ;         ;         ;         ;         ;         ;         ;         ;         ;         ;         
Incidence in men aged 50+;Mean;0.00001130;0.00003743;0.00009728;0.00023909;0.00054693;0.00108623;0.00176332;0.00233440;0.00270084;0.00292137;0.00305399;0.00311564;0.00310635;0.00305258;0.00297805;0.00290352;0.00284978;0.00283130;0.00284895;0.00287674;0.00287270;0.00282708;0.00275005;0.00265748;0.00254027;0.00240884;0.00221814;0.00204691;0.00191146;0.00178266;0.00172460;0.00164260;0.00152226;0.00147798;0.00141216;0.00131757;0.00124958;0.00118093;0.00110888;0.00105224;0.00101007;0.00097160;0.00093600;0.00091826;0.00090189;0.00088601;0.00087010;0.00085381;0.00083675;0.00081877;0.00079979;0.00077971;0.00075862;0.00073670;0.00071420;0.00069127;0.00066810;0.00064485;0.00062167;0.00059876;0.00057614;0.00055392;0.00053209;0.00051122;0.00049126;0.00047212;0.00045408;0.00043705;0.00042099;0.00040555;0.00039036;         ;         ;         ;         ;         ;         ;         ;         ;         ;         ;         ;         ;         ;         ;         
;95% LL;0.00000420;0.00001663;0.00005005;0.00013638;0.00031716;0.00069263;0.00120811;0.00171705;0.00210987;0.00237896;0.00254439;0.00265214;0.00270048;0.00267921;0.00265022;0.00258850;0.00253018;0.00250490;0.00253420;0.00257122;0.00257278;0.00252256;0.00244108;0.00235613;0.00224796;0.00212122;0.00194029;0.00179170;0.00166212;0.00153074;0.00146181;0.00137451;0.00125732;0.00120775;0.00114339;0.00105910;0.00099853;0.00093934;0.00087912;0.00083224;0.00079754;0.00076612;0.00073720;0.00072234;0.00070888;0.00069616;0.00068379;0.00067150;0.00065890;0.00064575;0.00063189;0.00061734;0.00060189;0.00058570;0.00056893;0.00055168;0.00053408;0.00051624;0.00049826;0.00048032;0.00046247;0.00044482;0.00042735;0.00041019;0.00039355;0.00037750;0.00036223;0.00034775;0.00033404;0.00032091;0.00030821;         ;         ;         ;         ;         ;         ;         ;         ;         ;         ;         ;         ;         ;         ;         
;95% UL;0.00001848;0.00005986;0.00015585;0.00037532;0.00087486;0.00171182;0.00234416;0.00285573;0.00333642;0.00377149;0.00400492;0.00407105;0.00399024;0.00381064;0.00357855;0.00333801;0.00317354;0.00322775;0.00330456;0.00336923;0.00339341;0.00336439;0.00329525;0.00318776;0.00304261;0.00287445;0.00263404;0.00241565;0.00223998;0.00207931;0.00201545;0.00192369;0.00178949;0.00174397;0.00168615;0.00157936;0.00148768;0.00139447;0.00129770;0.00122238;0.00116917;0.00112089;0.00107746;0.00105703;0.00103824;0.00101991;0.00100143;0.00098238;0.00096235;0.00094123;0.00091899;0.00089545;0.00087084;0.00084536;0.00081928;0.00079278;0.00076605;0.00073927;0.00071261;0.00068630;0.00066115;0.00063662;0.00061277;0.00059196;0.00057167;0.00055041;0.00053040;0.00051149;0.00049383;0.00047737;0.00046106;         ;         ;         ;         ;         ;         ;         ;         ;         ;         ;         ;         ;         ;         ;         
Incidence in women aged 50+;Mean;0.00000173;0.00000641;0.00001776;0.00004530;0.00010638;0.00021796;0.00037259;0.00053992;0.00070810;0.00088793;0.00108856;0.00130915;0.00153872;0.00176881;0.00198887;0.00218671;0.00235782;0.00250704;0.00263850;0.00273364;0.00276183;0.00272478;0.00264749;0.00256374;0.00246412;0.00235632;0.00221003;0.00212466;0.00207887;0.00203220;0.00203890;0.00201339;0.00194895;0.00195592;0.00193236;0.00187993;0.00185565;0.00182101;0.00176919;0.00172767;0.00169759;0.00166755;0.00163730;0.00162868;0.00162074;0.00161304;0.00160518;0.00159666;0.00158656;0.00157398;0.00155828;0.00153941;0.00151679;0.00149038;0.00146031;0.00142679;0.00139009;0.00135054;0.00130858;0.00126468;0.00121935;0.00117318;0.00112674;0.00108092;0.00103607;0.00099243;0.00095035;0.00090998;0.00087144;0.00083476;0.00079986;         ;         ;         ;         ;         ;         ;         ;         ;         ;         ;         ;         ;         ;         ;         
;95% LL;0.00000067;0.00000288;0.00000909;0.00002628;0.00006199;0.00013909;0.00026316;0.00041588;0.00057182;0.00073724;0.00092751;0.00112514;0.00134673;0.00155408;0.00176512;0.00196108;0.00211375;0.00226159;0.00237152;0.00245653;0.00246593;0.00241649;0.00233499;0.00225226;0.00216016;0.00206573;0.00193175;0.00184930;0.00181170;0.00177407;0.00177851;0.00175344;0.00169067;0.00169315;0.00166677;0.00162744;0.00160983;0.00158897;0.00154084;0.00150346;0.00148058;0.00144899;0.00142778;0.00141855;0.00140912;0.00140029;0.00139171;0.00138293;0.00137314;0.00136152;0.00134742;0.00133088;0.00131124;0.00128848;0.00126271;0.00123412;0.00120142;0.00116447;0.00112550;0.00108497;0.00104337;0.00100125;0.00096191;0.00092416;0.00088701;0.00085080;0.00081317;0.00077684;0.00074225;0.00070942;0.00067827;         ;         ;         ;         ;         ;         ;         ;         ;         ;         ;         ;         ;         ;         ;         
;95% UL;0.00000269;0.00001012;0.00002809;0.00007038;0.00016699;0.00033845;0.00048521;0.00065524;0.00081680;0.00100895;0.00123505;0.00147831;0.00172080;0.00196383;0.00220800;0.00243063;0.00262360;0.00279486;0.00297110;0.00310615;0.00316609;0.00315104;0.00308725;0.00301123;0.00290957;0.00278839;0.00261645;0.00251575;0.00247115;0.00240541;0.00240190;0.00236052;0.00227167;0.00226455;0.00221964;0.00215109;0.00212453;0.00208677;0.00202829;0.00198113;0.00194684;0.00191275;0.00187858;0.00187012;0.00186270;0.00185558;0.00184815;0.00183981;0.00182952;0.00181630;0.00179948;0.00177897;0.00175421;0.00172514;0.00169187;0.00165461;0.00161364;0.00156931;0.00152210;0.00147253;0.00142115;0.00136864;0.00131568;0.00126345;0.00121226;0.00116234;0.00111414;0.00106780;0.00102347;0.00098113;0.00094067;         ;         ;         ;         ;         ;         ;         ;         ;         ;         ;         ;         ;         ;         ;         
HIV incidence in female sex workers;Mean;0.00156735;0.00493588;0.01289440;0.03202800;0.07312080;0.14207200;0.22126500;0.29169100;0.33754700;0.36768400;0.38622800;0.39365900;0.38215100;0.36268700;0.33652600;0.30706000;0.27897200;0.25627400;0.23799900;0.22476200;0.21519900;0.20788500;0.20162800;0.19630900;0.19052000;0.18524300;0.17810700;0.17076600;0.16456700;0.15577500;0.14987100;0.13614800;0.12171100;0.11354400;0.10475000;0.09725240;0.09033960;0.08252690;0.07586140;0.07040260;0.06585860;0.06164860;0.05773720;0.05450960;0.05128440;0.04830690;0.04555860;0.04302030;0.04068250;0.03850400;0.03645890;0.03453460;0.03272810;0.03103110;0.02943390;0.02792680;0.02650430;0.02516160;0.02389440;0.02269870;0.02157050;0.02050530;0.01949900;0.01854920;0.01765230;0.01680520;0.01600540;0.01525040;0.01453800;0.01386620;0.01323210;         ;         ;         ;         ;         ;         ;         ;         ;         ;         ;         ;         ;         ;         ;         
;95% LL;0.00062416;0.00224404;0.00677636;0.01753840;0.03671260;0.07000280;0.11506000;0.16418300;0.20301600;0.23100500;0.24997000;0.26066700;0.25996100;0.25233500;0.23881400;0.22174100;0.20439300;0.19003000;0.17842400;0.17003700;0.16380500;0.15885100;0.15454400;0.15078300;0.14643300;0.14209800;0.13634400;0.13003700;0.12517100;0.11864300;0.11407900;0.10472700;0.09353380;0.08669620;0.07965060;0.07258340;0.06626520;0.05967180;0.05399380;0.04933490;0.04543180;0.04190170;0.03869160;0.03608110;0.03363820;0.03141620;0.02938280;0.02751420;0.02579800;0.02420520;0.02271770;0.02132640;0.02002860;0.01881810;0.01768790;0.01663090;0.01564250;0.01471840;0.01385450;0.01304680;0.01229180;0.01158540;0.01092420;0.01030560;0.00972673;0.00918465;0.00867716;0.00820194;0.00775705;0.00734059;0.00695029;         ;         ;         ;         ;         ;         ;         ;         ;         ;         ;         ;         ;         ;         ;         
;95% UL;0.00263475;0.00840741;0.02294700;0.07293250;0.15607200;0.26474600;0.35966700;0.42701400;0.47290300;0.50983300;0.52859400;0.53451600;0.51436500;0.48602000;0.45024700;0.41111200;0.37442500;0.34529900;0.32176700;0.30508600;0.29344200;0.28490300;0.27800900;0.27250600;0.26636100;0.26087600;0.25338900;0.24198400;0.23255200;0.21990300;0.21132500;0.19074000;0.16990900;0.15815700;0.14580700;0.13466400;0.12409800;0.11245200;0.10252000;0.09439140;0.08760400;0.08146940;0.07618670;0.07228180;0.06821040;0.06441520;0.06089200;0.05762700;0.05461510;0.05180590;0.04916830;0.04668640;0.04435590;0.04216520;0.04010170;0.03815270;0.03631070;0.03456910;0.03292220;0.03136500;0.02989230;0.02849840;0.02717830;0.02592900;0.02474590;0.02362540;0.02256450;0.02156000;0.02060970;0.01975170;0.01897530;         ;         ;         ;         ;         ;         ;         ;         ;         ;         ;         ;         ;         ;         ;         
HIV incidence in FSW clients;Mean;0.00019197;0.00058299;0.00148045;0.00362687;0.00834662;0.01680110;0.02796720;0.03834570;0.04634590;0.05237340;0.05680150;0.05958370;0.06064480;0.06034760;0.05906680;0.05712400;0.05490300;0.05265170;0.05074690;0.04903030;0.04730400;0.04560530;0.04402410;0.04259420;0.04095270;0.03921660;0.03688370;0.03451540;0.03256770;0.03057290;0.02883810;0.02641670;0.02340990;0.02143210;0.01947630;0.01755880;0.01601910;0.01449170;0.01310970;0.01198210;0.01107080;0.01026400;0.00952843;0.00892944;0.00838642;0.00788346;0.00741318;0.00697160;0.00655545;0.00616061;0.00578403;0.00542850;0.00509809;0.00479260;0.00451006;0.00424803;0.00400522;0.00378016;0.00357157;0.00337818;0.00319857;0.00303148;0.00287580;0.00273063;0.00259506;0.00246828;0.00234960;0.00223834;0.00213393;0.00203585;0.00194354;         ;         ;         ;         ;         ;         ;         ;         ;         ;         ;         ;         ;         ;         ;         
;95% LL;0.00007064;0.00025129;0.00075466;0.00207875;0.00517590;0.01064960;0.02030050;0.02987860;0.03827880;0.04526280;0.05046310;0.05389910;0.05514630;0.05537310;0.05447950;0.05286850;0.05097850;0.04898960;0.04725530;0.04564840;0.04398740;0.04230490;0.04070680;0.03923890;0.03754370;0.03570800;0.03341120;0.03117120;0.02935830;0.02752630;0.02588310;0.02363370;0.02090690;0.01908880;0.01733180;0.01564650;0.01429470;0.01294450;0.01172910;0.01074450;0.00995326;0.00925963;0.00863063;0.00811918;0.00765432;0.00721576;0.00678718;0.00637191;0.00598333;0.00561846;0.00527039;0.00494195;0.00463546;0.00435610;0.00409771;0.00385813;0.00363628;0.00342813;0.00323451;0.00305349;0.00288533;0.00272884;0.00258297;0.00244806;0.00232494;0.00220983;0.00210209;0.00199743;0.00189764;0.00180398;0.00171819;         ;         ;         ;         ;         ;         ;         ;         ;         ;         ;         ;         ;         ;         ;         
;95% UL;0.00030340;0.00093367;0.00237607;0.00570991;0.01337920;0.02678720;0.03679260;0.04670560;0.05329150;0.06096590;0.06666840;0.06974870;0.07042390;0.06927850;0.06687340;0.06372240;0.06037190;0.05720630;0.05501860;0.05328440;0.05160950;0.04987800;0.04822880;0.04671900;0.04480890;0.04273250;0.04036600;0.03795020;0.03597200;0.03389490;0.03211580;0.02957920;0.02637060;0.02428540;0.02215740;0.02001440;0.01827920;0.01654810;0.01496250;0.01365260;0.01258000;0.01161790;0.01073550;0.01001700;0.00936986;0.00877419;0.00822049;0.00773606;0.00728508;0.00685618;0.00644574;0.00605682;0.00569410;0.00535768;0.00504555;0.00475535;0.00448550;0.00423498;0.00400978;0.00380306;0.00361103;0.00343239;0.00326599;0.00311089;0.00296613;0.00283081;0.00270418;0.00258552;0.00247420;0.00236961;0.00227115;         ;         ;         ;         ;         ;         ;         ;         ;         ;         ;         ;         ;         ;         ;         
Incidence in men who have sex with men;Mean;0.00030854;0.00066697;0.00125589;0.00236351;0.00447936;0.00844533;0.01569150;0.02666300;0.04042000;0.05428970;0.06542590;0.07258140;0.07641180;0.07774520;0.07734800;0.07568430;0.07318550;0.07015690;0.06721590;0.06443560;0.06168490;0.05903720;0.05640030;0.05401830;0.05134540;0.04840450;0.04533960;0.04290010;0.04103250;0.03912830;0.03747780;0.03465330;0.03007700;0.02635090;0.02374790;0.02189880;0.02059000;0.01913400;0.01775540;0.01673130;0.01589170;0.01512750;0.01440760;0.01378170;0.01319880;0.01264960;0.01212450;0.01161400;0.01110910;0.01060480;0.01010110;0.00960712;0.00913192;0.00867997;0.00825311;0.00785132;0.00747432;0.00712163;0.00679275;0.00648646;0.00620160;0.00593713;0.00569164;0.00546128;0.00524571;0.00504464;0.00485598;0.00467905;0.00451236;0.00435586;0.00420991;         ;         ;         ;         ;         ;         ;         ;         ;         ;         ;         ;         ;         ;         ;         
;95% LL;0.00009435;0.00019637;0.00036604;0.00071365;0.00144475;0.00312516;0.00684164;0.01321720;0.02325560;0.03628810;0.05026590;0.06221790;0.07069110;0.07466160;0.07269580;0.07015620;0.06744300;0.06452390;0.06183520;0.05932540;0.05684300;0.05447570;0.05214530;0.05008340;0.04770700;0.04509730;0.04234030;0.04015030;0.03853600;0.03691400;0.03551880;0.03289080;0.02845500;0.02489410;0.02230160;0.02060510;0.01930170;0.01803260;0.01683960;0.01596060;0.01523030;0.01448330;0.01369710;0.01302180;0.01240510;0.01182990;0.01128410;0.01075690;0.01023930;0.00972621;0.00921763;0.00872213;0.00824775;0.00779825;0.00737492;0.00697733;0.00660486;0.00625677;0.00593233;0.00563019;0.00534913;0.00508804;0.00484552;0.00461814;0.00440549;0.00420719;0.00402132;0.00384718;0.00368337;0.00352972;0.00338636;         ;         ;         ;         ;         ;         ;         ;         ;         ;         ;         ;         ;         ;         ;         
;95% UL;0.00048154;0.00105837;0.00201759;0.00382590;0.00733525;0.01348840;0.02399980;0.03852810;0.05484590;0.06760040;0.07465740;0.07819710;0.08014230;0.08067600;0.08013610;0.07841640;0.07591860;0.07284580;0.06992610;0.06709220;0.06425510;0.06144070;0.05875530;0.05630120;0.05348370;0.05038790;0.04716800;0.04459230;0.04262910;0.04063810;0.03900000;0.03609280;0.03133700;0.02756950;0.02494830;0.02308290;0.02176660;0.02020160;0.01869280;0.01758200;0.01666810;0.01582640;0.01502760;0.01438730;0.01377670;0.01322750;0.01269340;0.01217100;0.01166020;0.01115130;0.01064670;0.01015760;0.00972085;0.00930346;0.00890796;0.00853497;0.00818470;0.00785705;0.00755182;0.00726794;0.00700440;0.00676023;0.00653404;0.00632175;0.00612312;0.00593803;0.00576431;0.00560141;0.00544781;0.00530362;0.00516946;         ;         ;         ;         ;         ;         ;         ;         ;         ;         ;         ;         ;         ;         ;         
Incidence in pregnant and breastfeeding women;Mean;0.00005636;0.00016131;0.00038813;0.00093273;0.00218683;0.00470459;0.00868811;0.01355840;0.01842390;0.02297590;0.02702350;0.03049110;0.03279140;0.03423840;0.03490030;0.03486060;0.03423710;0.03366620;0.03292470;0.03216580;0.03130550;0.03035020;0.02929510;0.02826510;0.02720160;0.02575110;0.02419790;0.02257580;0.02120710;0.01999340;0.01895850;0.01763710;0.01598110;0.01480400;0.01370560;0.01253740;0.01147900;0.01058430;0.00977475;0.00911311;0.00854689;0.00802632;0.00752683;0.00708430;0.00666836;0.00627408;0.00589960;0.00554209;0.00520012;0.00487059;0.00455000;0.00424294;0.00395660;0.00369108;0.00344510;0.00321662;0.00300495;0.00280936;0.00262936;0.00246396;0.00231210;0.00217270;0.00204474;0.00192725;0.00181938;0.00172031;0.00162925;0.00154541;0.00146804;0.00139648;0.00133011;         ;         ;         ;         ;         ;         ;         ;         ;         ;         ;         ;         ;         ;         ;         
;95% LL;0.00001836;0.00006070;0.00017390;0.00050229;0.00132754;0.00311872;0.00638630;0.01092630;0.01580850;0.02047220;0.02455820;0.02834510;0.03109320;0.03277000;0.03365890;0.03364970;0.03306060;0.03258100;0.03185270;0.03113310;0.03031270;0.02936170;0.02830860;0.02728340;0.02624490;0.02480880;0.02330250;0.02170860;0.02031420;0.01905060;0.01802140;0.01674530;0.01510310;0.01393340;0.01285020;0.01171560;0.01071310;0.00986943;0.00912104;0.00853139;0.00799666;0.00752012;0.00704360;0.00662105;0.00622215;0.00584398;0.00548520;0.00514338;0.00481737;0.00450169;0.00419864;0.00390670;0.00363366;0.00338122;0.00314948;0.00293364;0.00273511;0.00255175;0.00238307;0.00222810;0.00208815;0.00195634;0.00183706;0.00172818;0.00163466;0.00153971;0.00145299;0.00137583;0.00130473;0.00123905;0.00117823;         ;         ;         ;         ;         ;         ;         ;         ;         ;         ;         ;         ;         ;         ;         
;95% UL;0.00008441;0.00024721;0.00060212;0.00144016;0.00329304;0.00734400;0.01223170;0.01680060;0.02127310;0.02559580;0.02926330;0.03248510;0.03450160;0.03579930;0.03633550;0.03616350;0.03546750;0.03481530;0.03406490;0.03329410;0.03244600;0.03149760;0.03043370;0.02936910;0.02832620;0.02681830;0.02529660;0.02361980;0.02220720;0.02097070;0.01990340;0.01859740;0.01691620;0.01573270;0.01462890;0.01344840;0.01232960;0.01138980;0.01052000;0.00980138;0.00918824;0.00867679;0.00820947;0.00778481;0.00737797;0.00698608;0.00660871;0.00624366;0.00588981;0.00553327;0.00519179;0.00486537;0.00455408;0.00426081;0.00399275;0.00374170;0.00350744;0.00328965;0.00308818;0.00290226;0.00273099;0.00257338;0.00242843;0.00229520;0.00217282;0.00206046;0.00195727;0.00186239;0.00177494;0.00169420;0.00161944;         ;         ;         ;         ;         ;         ;         ;         ;         ;         ;         ;         ;         ;         ;         
Ratio of new infections to # people living with HIV;Mean;0.56187700;1.04561000;1.32569000;1.44640000;1.42028000;1.25218000;0.99770600;0.74590000;0.56163600;0.43948200;0.35574000;0.29466900;0.24806300;0.21235800;0.18476700;0.16238100;0.14440000;0.12969000;0.11808400;0.10905400;0.10072900;0.09290530;0.08550190;0.07811570;0.07082350;0.06448850;0.05858490;0.05363280;0.04965860;0.04567050;0.04248300;0.03872530;0.03461960;0.03200660;0.02947050;0.02697540;0.02504500;0.02324610;0.02164650;0.02036480;0.01933470;0.01839760;0.01750960;0.01679700;0.01613650;0.01551660;0.01492980;0.01437020;0.01383030;0.01330360;0.01278450;0.01228220;0.01181060;0.01137170;0.01096420;0.01058480;0.01023280;0.00990687;0.00960602;0.00932841;0.00907193;0.00883465;0.00861487;0.00841111;0.00822224;0.00804726;0.00788514;0.00773503;0.00759620;0.00746820;0.00735035;         ;         ;         ;         ;         ;         ;         ;         ;         ;         ;         ;         ;         ;         ;         
;95% LL;0.52180800;0.88595200;1.06437000;1.14726000;1.15623000;1.07270000;0.84868400;0.59666900;0.46092200;0.37185900;0.31361000;0.26694400;0.22668200;0.19591000;0.17157800;0.15196600;0.13611300;0.12278900;0.11238500;0.10427100;0.09672570;0.08957620;0.08276740;0.07586650;0.06889940;0.06289910;0.05726310;0.05250740;0.04851140;0.04455270;0.04131750;0.03754350;0.03346420;0.03085510;0.02828140;0.02581750;0.02399980;0.02230160;0.02084750;0.01967410;0.01870130;0.01781180;0.01700530;0.01632080;0.01567040;0.01505680;0.01447190;0.01391400;0.01337620;0.01283940;0.01232070;0.01182810;0.01136620;0.01092650;0.01051890;0.01013650;0.00977658;0.00944818;0.00913723;0.00885716;0.00860234;0.00837021;0.00815638;0.00794987;0.00774395;0.00754977;0.00736783;0.00719743;0.00703794;0.00688898;0.00674991;         ;         ;         ;         ;         ;         ;         ;         ;         ;         ;         ;         ;         ;         ;         
;95% UL;0.67420000;1.58574000;2.24047000;2.41067000;2.13117000;1.68304000;1.26605000;0.89250500;0.65232900;0.50292200;0.39812100;0.32494400;0.26998800;0.22897800;0.19823600;0.17264300;0.15261100;0.13660500;0.12396300;0.11406000;0.10498200;0.09650660;0.08854040;0.08068410;0.07298760;0.06631710;0.06018160;0.05502450;0.05089490;0.04686960;0.04365200;0.03986820;0.03575220;0.03315280;0.03064040;0.02813860;0.02609640;0.02418560;0.02244530;0.02114310;0.02012520;0.01920740;0.01834070;0.01765350;0.01701800;0.01641280;0.01583350;0.01528050;0.01474450;0.01421750;0.01369300;0.01318070;0.01269660;0.01224380;0.01182540;0.01143720;0.01107680;0.01074340;0.01043630;0.01015380;0.00989381;0.00965448;0.00943401;0.00923089;0.00904393;0.00887207;0.00871418;0.00856929;0.00843655;0.00831543;0.00820515;         ;         ;         ;         ;         ;         ;         ;         ;         ;         ;         ;         ;         ;         ;         
Ratio of new infections in women 15+, to # men 15+ living with HIV;Mean;0.55500400;0.96124400;1.12388000;1.16795000;1.12715000;1.00203000;0.83164600;0.65514700;0.52505400;0.43683400;0.37387100;0.32545600;0.28708800;0.25618700;0.23081600;0.20938900;0.19125500;0.17545400;0.16281600;0.15244000;0.14328700;0.13488900;0.12720900;0.12008300;0.11224100;0.10390400;0.09513140;0.08771850;0.08166990;0.07583930;0.07113000;0.06547300;0.05920020;0.05525110;0.05129590;0.04728740;0.04420700;0.04143620;0.03900890;0.03709630;0.03558410;0.03418650;0.03281400;0.03170870;0.03065690;0.02965960;0.02870500;0.02778680;0.02688880;0.02600240;0.02511820;0.02425800;0.02345290;0.02270700;0.02201930;0.02138360;0.02079930;0.02026440;0.01977760;0.01933520;0.01893310;0.01856750;0.01823490;0.01793220;0.01765720;0.01740820;0.01718300;0.01698000;0.01679790;0.01663620;0.01649350;         ;         ;         ;         ;         ;         ;         ;         ;         ;         ;         ;         ;         ;         ;         
;95% LL;0.51154700;0.81339000;0.90823000;0.93367900;0.91601000;0.85242600;0.69574700;0.54441000;0.43997300;0.37393700;0.32700900;0.28944900;0.25778200;0.23175900;0.20843000;0.18909000;0.17321200;0.15966900;0.14905700;0.14051600;0.13302600;0.12610700;0.11969300;0.11335400;0.10632200;0.09875000;0.09073690;0.08391870;0.07830470;0.07263550;0.06798100;0.06268990;0.05656860;0.05274240;0.04883710;0.04493170;0.04198050;0.03931570;0.03712630;0.03529270;0.03387150;0.03245670;0.03106250;0.02991550;0.02882420;0.02780010;0.02682790;0.02589940;0.02499860;0.02411730;0.02324650;0.02240440;0.02161730;0.02088730;0.02021240;0.01958640;0.01900790;0.01847450;0.01798480;0.01753500;0.01712130;0.01674010;0.01638830;0.01606300;0.01576240;0.01548480;0.01522850;0.01499210;0.01477440;0.01457510;0.01439290;         ;         ;         ;         ;         ;         ;         ;         ;         ;         ;         ;         ;         ;         ;         
;95% UL;0.66856400;1.36159000;1.69742000;1.78646000;1.62458000;1.27492000;1.01698000;0.79831500;0.64312800;0.52137400;0.44352700;0.38047100;0.32783700;0.28609300;0.25546700;0.23068100;0.20870000;0.19049500;0.17586100;0.16368700;0.15337400;0.14391700;0.13526200;0.12726700;0.11858000;0.10956100;0.10005000;0.09206470;0.08557630;0.07937790;0.07439550;0.06849640;0.06209350;0.05815960;0.05417080;0.05000230;0.04681090;0.04386150;0.04127130;0.03923180;0.03771730;0.03637420;0.03504080;0.03393940;0.03293190;0.03199220;0.03108900;0.03021520;0.02935330;0.02849220;0.02762080;0.02676380;0.02595760;0.02520810;0.02451530;0.02387360;0.02328340;0.02274380;0.02225420;0.02181120;0.02141090;0.02104950;0.02072350;0.02042970;0.02016620;0.01993130;0.01972280;0.01953920;0.01937890;0.01924160;0.01912600;         ;         ;         ;         ;         ;         ;         ;         ;         ;         ;         ;         ;         ;         ;         
Ratio of new infections in men 15+, to # women 15+ living with HIV;Mean;0.49006100;1.05310000;1.48843000;1.73003000;1.73877000;1.52008000;1.15523000;0.80912700;0.56174400;0.40471100;0.30322300;0.23386600;0.18445800;0.14862500;0.12224300;0.10247000;0.08761450;0.07651370;0.06832630;0.06206230;0.05702070;0.05277720;0.04917730;0.04604690;0.04292560;0.03995150;0.03658170;0.03331940;0.03062990;0.02806470;0.02594640;0.02339230;0.02048820;0.01861970;0.01684180;0.01517050;0.01389290;0.01265530;0.01155720;0.01069130;0.01001680;0.00942692;0.00889236;0.00847897;0.00811132;0.00777695;0.00746714;0.00717721;0.00690159;0.00663563;0.00637601;0.00612591;0.00589074;0.00567174;0.00546805;0.00527797;0.00510112;0.00493685;0.00478464;0.00464375;0.00451312;0.00439185;0.00427919;0.00417462;0.00407757;0.00398755;0.00390415;0.00382698;0.00375575;0.00369014;0.00362977;         ;         ;         ;         ;         ;         ;         ;         ;         ;         ;         ;         ;         ;         ;         
;95% LL;0.43936500;0.83310800;1.09784000;1.24694000;1.28448000;1.18771000;0.95897800;0.61697000;0.43415900;0.31844900;0.24452100;0.19295400;0.15720000;0.13031100;0.10977200;0.09384530;0.08073930;0.07091420;0.06365090;0.05809510;0.05357640;0.04977130;0.04652860;0.04378770;0.04094610;0.03822290;0.03494510;0.03182490;0.02926540;0.02682200;0.02476160;0.02228960;0.01951250;0.01770410;0.01597000;0.01433730;0.01314240;0.01196810;0.01096660;0.01020000;0.00954965;0.00898007;0.00846456;0.00806308;0.00770576;0.00737981;0.00707759;0.00679477;0.00652606;0.00626714;0.00601494;0.00577239;0.00554588;0.00533509;0.00513587;0.00495137;0.00478054;0.00462202;0.00447524;0.00433821;0.00420410;0.00408483;0.00396909;0.00386653;0.00377251;0.00368519;0.00360435;0.00352634;0.00345312;0.00338540;0.00332228;         ;         ;         ;         ;         ;         ;         ;         ;         ;         ;         ;         ;         ;         ;         
;95% UL;0.59550900;1.65479000;2.66086000;3.08597000;2.73146000;2.20214000;1.55938000;1.02550000;0.67944700;0.46749800;0.34691600;0.26420400;0.20637500;0.16313300;0.13380100;0.11223900;0.09570240;0.08303790;0.07354740;0.06652110;0.06085050;0.05608420;0.05214530;0.04876090;0.04534110;0.04217780;0.03860020;0.03508950;0.03218840;0.02946830;0.02725210;0.02456140;0.02158000;0.01965270;0.01782510;0.01609190;0.01473180;0.01338660;0.01219180;0.01126510;0.01053790;0.00993113;0.00934296;0.00891923;0.00853221;0.00819177;0.00787759;0.00758362;0.00730380;0.00703295;0.00676360;0.00650104;0.00626400;0.00604210;0.00583150;0.00563473;0.00545156;0.00528145;0.00512398;0.00497849;0.00484394;0.00471943;0.00460420;0.00449771;0.00439940;0.00430869;0.00422875;0.00415657;0.00409062;0.00403059;0.00397603;         ;         ;         ;         ;         ;         ;         ;         ;         ;         ;         ;         ;         ;         ;         
New cases of mother-to-child transmission;Mean;78.07530000;155.47800000;325.99500000;728.14900000;1659.19000000;3618.68000000;7145.33000000;12402.10000000;19015.70000000;26553.20000000;34551.20000000;42561.80000000;49579.90000000;56090.30000000;62820.20000000;67676.90000000;71449.90000000;73621.40000000;74368.80000000;75718.90000000;73023.90000000;67417.60000000;59184.00000000;46711.40000000;34109.30000000;26001.70000000;21847.70000000;19916.00000000;18660.20000000;16048.20000000;14170.90000000;12359.30000000;11103.50000000;10226.90000000;9532.24000000;8833.39000000;8178.39000000;7638.14000000;7145.45000000;6721.17000000;6349.13000000;6014.05000000;5698.58000000;5422.58000000;5176.04000000;4941.32000000;4715.44000000;4497.01000000;4284.55000000;4076.16000000;3869.68000000;3665.46000000;3466.12000000;3273.15000000;3086.98000000;2907.57000000;2735.20000000;2570.28000000;2413.30000000;2264.63000000;2124.59000000;1993.29000000;1870.71000000;1756.70000000;1651.03000000;1553.40000000;1463.34000000;1380.31000000;1303.81000000;1233.34000000;1168.42000000;         ;         ;         ;         ;         ;         ;         ;         ;         ;         ;         ;         ;         ;         ;         
;95% LL;24.86290000;54.31220000;132.45600000;356.00400000;942.07900000;2346.86000000;5045.42000000;9541.53000000;15720.10000000;22622.50000000;30134.20000000;37869.60000000;44959.70000000;52116.60000000;58887.10000000;63996.30000000;67916.40000000;70495.30000000;71662.10000000;72962.20000000;70522.00000000;65155.40000000;57217.90000000;45190.50000000;33079.70000000;25217.90000000;21151.20000000;19239.90000000;17988.20000000;15438.90000000;13600.20000000;11829.20000000;10579.60000000;9695.32000000;8986.69000000;8288.42000000;7653.07000000;7142.99000000;6697.24000000;6321.52000000;5985.81000000;5689.03000000;5398.32000000;5129.71000000;4893.13000000;4665.05000000;4445.70000000;4233.23000000;4024.18000000;3819.87000000;3618.51000000;3420.39000000;3227.96000000;3042.51000000;2864.35000000;2691.07000000;2525.86000000;2370.69000000;2220.59000000;2078.69000000;1945.19000000;1823.62000000;1706.61000000;1595.18000000;1494.81000000;1402.17000000;1318.38000000;1242.04000000;1172.00000000;1106.27000000;1045.46000000;         ;         ;         ;         ;         ;         ;         ;         ;         ;         ;         ;         ;         ;         ;         
;95% UL;116.88300000;234.03300000;495.83900000;1109.61000000;2479.54000000;5157.51000000;9833.98000000;15804.00000000;22692.30000000;30535.00000000;38700.20000000;46641.40000000;53447.10000000;59673.10000000;66110.20000000;70651.80000000;74407.00000000;76432.40000000;77118.80000000;78521.80000000;75694.30000000;69834.50000000;61238.70000000;48224.10000000;35193.40000000;26796.40000000;22564.10000000;20608.90000000;19355.50000000;16658.70000000;14749.40000000;12892.40000000;11627.50000000;10749.80000000;10084.30000000;9385.18000000;8695.76000000;8114.46000000;7594.04000000;7144.54000000;6765.45000000;6441.36000000;6136.02000000;5870.49000000;5634.29000000;5408.24000000;5189.11000000;4975.40000000;4765.57000000;4557.39000000;4348.34000000;4138.74000000;3931.68000000;3729.05000000;3531.59000000;3339.54000000;3153.49000000;2974.18000000;2802.42000000;2638.88000000;2484.11000000;2338.46000000;2202.05000000;2074.87000000;1956.76000000;1847.50000000;1746.64000000;1653.62000000;1567.90000000;1488.97000000;1416.28000000;         ;         ;         ;         ;         ;         ;         ;         ;         ;         ;         ;         ;         ;         ;         
New HIV infections at/before birth;Mean;45.63640000;83.45970000;168.12000000;366.70900000;825.20500000;1796.67000000;3596.43000000;6382.34000000;10063.80000000;14478.30000000;19393.70000000;24634.60000000;28973.80000000;33566.70000000;38694.30000000;42228.90000000;45328.60000000;47354.00000000;48668.50000000;50815.70000000;48996.60000000;45162.40000000;39313.30000000;28970.80000000;18157.50000000;12850.30000000;10757.90000000;9606.56000000;8283.02000000;6187.67000000;5309.79000000;4382.94000000;3991.89000000;3738.30000000;3486.38000000;3218.87000000;2996.41000000;2789.97000000;2599.30000000;2428.25000000;2275.49000000;2137.74000000;2010.74000000;1909.59000000;1818.48000000;1732.66000000;1650.94000000;1572.73000000;1497.10000000;1423.60000000;1351.58000000;1280.82000000;1211.51000000;1143.84000000;1077.98000000;1014.00000000;952.08100000;892.44100000;835.31500000;780.97200000;729.66300000;681.52500000;636.61000000;594.89500000;556.31100000;520.76300000;488.05400000;457.97100000;430.35700000;405.04800000;381.87100000;         ;         ;         ;         ;         ;         ;         ;         ;         ;         ;         ;         ;         ;         ;         
;95% LL;14.43050000;28.21330000;65.79810000;173.38700000;459.58100000;1158.18000000;2515.46000000;4766.65000000;8179.59000000;12156.20000000;16695.50000000;21654.70000000;26096.60000000;30847.40000000;35895.10000000;39567.90000000;42696.60000000;44989.80000000;46496.30000000;48769.00000000;47061.70000000;43425.90000000;37808.90000000;27860.90000000;17465.90000000;12345.10000000;10331.30000000;9216.32000000;7930.21000000;5908.16000000;5050.84000000;4151.71000000;3765.19000000;3506.75000000;3250.70000000;2989.44000000;2777.60000000;2589.37000000;2415.80000000;2268.43000000;2133.67000000;2008.00000000;1884.85000000;1788.46000000;1700.84000000;1618.15000000;1537.71000000;1462.45000000;1390.70000000;1320.48000000;1251.52000000;1183.99000000;1118.08000000;1053.94000000;991.70100000;931.39100000;873.17200000;817.20700000;763.36700000;712.85500000;664.90500000;619.95600000;578.04600000;539.14600000;503.18900000;470.07900000;439.34300000;411.13600000;385.27200000;362.22100000;340.91600000;         ;         ;         ;         ;         ;         ;         ;         ;         ;         ;         ;         ;         ;         ;         
;95% UL;68.03370000;124.89300000;253.76200000;554.71700000;1227.03000000;2558.87000000;4836.22000000;8077.02000000;12115.00000000;16852.90000000;22008.80000000;27274.40000000;31559.20000000;36066.60000000;41142.50000000;44386.20000000;47471.80000000;49540.30000000;50742.50000000;52984.30000000;51085.30000000;47083.30000000;40977.90000000;30179.10000000;18892.20000000;13365.10000000;11200.90000000;10019.80000000;8651.23000000;6470.67000000;5565.79000000;4605.52000000;4211.04000000;3961.56000000;3718.63000000;3451.55000000;3207.31000000;2983.65000000;2781.85000000;2600.55000000;2438.63000000;2300.05000000;2173.65000000;2074.12000000;1984.70000000;1900.20000000;1819.33000000;1741.49000000;1665.67000000;1591.33000000;1517.74000000;1444.62000000;1372.26000000;1300.93000000;1230.88000000;1162.27000000;1095.36000000;1030.48000000;967.95500000;908.16800000;851.46900000;798.07100000;748.08600000;701.53300000;658.38000000;618.46900000;581.25800000;546.97100000;515.45100000;486.53100000;460.02500000;         ;         ;         ;         ;         ;         ;         ;         ;         ;         ;         ;         ;         ;         ;         
New HIV infections at/before birth, where mother was on ART at delivery;Mean;         ;         ;         ;         ;         ;         ;         ;         ;         ;         ;         ;         ;         ;         ;         ;1.30124000;4.50530000;9.15516000;22.18280000;96.42340000;229.22400000;394.71900000;562.12200000;722.59800000;1056.66000000;1178.60000000;1264.20000000;1665.46000000;1939.78000000;2184.04000000;2134.75000000;2042.59000000;1905.47000000;1816.65000000;1722.71000000;1621.39000000;1539.41000000;1457.00000000;1378.12000000;1302.95000000;1232.48000000;1166.79000000;1105.02000000;1053.08000000;1004.97000000;959.09000000;915.14200000;873.05800000;832.47800000;793.24300000;755.07400000;717.61800000;680.62800000;644.08800000;608.07200000;572.65800000;537.97700000;504.18500000;471.46600000;440.05100000;410.17000000;381.97500000;355.55900000;330.95500000;308.15600000;287.13300000;267.78600000;250.00000000;233.70100000;218.80700000;205.22800000;         ;         ;         ;         ;         ;         ;         ;         ;         ;         ;         ;         ;         ;         ;         
;95% LL;         ;         ;         ;         ;         ;         ;         ;         ;         ;         ;         ;         ;         ;         ;         ;1.24240000;4.30277000;8.73754000;21.05530000;91.15350000;217.60500000;376.44000000;537.94200000;691.71800000;1012.43000000;1129.24000000;1209.20000000;1589.34000000;1846.35000000;2077.53000000;2026.74000000;1934.13000000;1801.85000000;1708.10000000;1610.36000000;1513.30000000;1436.67000000;1361.31000000;1289.25000000;1218.93000000;1152.05000000;1089.48000000;1031.10000000;981.23600000;933.78500000;888.51300000;846.01800000;805.35100000;766.88500000;729.32100000;692.73900000;656.99000000;621.94800000;587.57700000;553.98700000;520.65800000;488.14700000;457.00100000;426.42600000;398.02000000;370.58000000;344.75600000;320.61200000;298.16200000;277.38600000;258.12300000;239.98200000;223.33300000;208.41400000;194.58300000;181.98200000;         ;         ;         ;         ;         ;         ;         ;         ;         ;         ;         ;         ;         ;         ;         
;95% UL;         ;         ;         ;         ;         ;         ;         ;         ;         ;         ;         ;         ;         ;         ;         ;1.35930000;4.70261000;9.55023000;23.16760000;101.12500000;240.27000000;412.10800000;585.46900000;752.47500000;1101.79000000;1230.63000000;1321.62000000;1746.15000000;2037.73000000;2298.22000000;2249.98000000;2158.51000000;2019.28000000;1930.90000000;1837.30000000;1732.95000000;1648.89000000;1561.52000000;1480.23000000;1396.35000000;1323.82000000;1257.72000000;1193.89000000;1141.92000000;1094.44000000;1048.97000000;1005.21000000;963.09400000;922.24500000;882.48500000;843.50000000;804.90100000;766.42200000;728.07100000;689.94700000;651.93800000;613.62900000;576.12300000;539.65000000;504.49300000;471.43200000;440.48400000;411.35500000;384.10500000;358.75300000;335.28800000;313.62000000;293.64100000;275.28500000;258.47600000;243.12200000;         ;         ;         ;         ;         ;         ;         ;         ;         ;         ;         ;         ;         ;         ;         
New HIV infections at/before birth, where mother was not diagnosed positive;Mean;45.63640000;83.45970000;168.12000000;366.70900000;825.20500000;1796.67000000;3596.43000000;6382.34000000;10063.80000000;14478.30000000;19393.70000000;24634.60000000;28973.80000000;33566.70000000;38467.90000000;41423.20000000;43050.50000000;42267.80000000;37726.90000000;35414.20000000;29323.80000000;19501.00000000;12419.80000000;8842.09000000;6042.18000000;3781.80000000;2932.60000000;2526.51000000;2206.98000000;1921.85000000;1644.12000000;1361.12000000;1219.28000000;1128.09000000;1043.08000000;953.20500000;875.76000000;810.90300000;751.59900000;701.87600000;659.35000000;621.23000000;585.45100000;556.29700000;529.75400000;504.57500000;480.46600000;457.19900000;434.45400000;412.03900000;389.70800000;367.66800000;346.39300000;326.03700000;306.63700000;288.15100000;270.60900000;254.03000000;238.43900000;223.83900000;210.22100000;197.56100000;185.82100000;174.96000000;164.93600000;155.70200000;147.19800000;139.36000000;132.13200000;125.46100000;119.29200000;         ;         ;         ;         ;         ;         ;         ;         ;         ;         ;         ;         ;         ;         ;         
;95% LL;14.43050000;28.21330000;65.79810000;173.38700000;459.58100000;1158.18000000;2515.46000000;4766.65000000;8179.59000000;12156.20000000;16695.50000000;21654.70000000;26096.60000000;30847.40000000;35685.70000000;38816.10000000;40560.00000000;40173.00000000;36078.40000000;34033.60000000;28197.90000000;18810.40000000;12005.30000000;8560.81000000;5865.28000000;3670.87000000;2840.26000000;2436.99000000;2123.25000000;1844.36000000;1573.14000000;1295.69000000;1155.35000000;1063.68000000;975.13700000;886.32400000;814.58100000;755.61500000;700.84600000;657.23000000;619.43300000;586.61300000;553.04500000;525.01100000;499.32500000;474.94400000;451.53400000;428.94600000;406.89500000;385.04500000;363.29100000;342.11700000;321.71400000;301.89500000;283.36200000;265.77600000;248.69700000;232.86800000;218.15100000;204.39600000;191.58800000;179.69700000;168.68500000;158.63700000;149.21600000;140.55700000;132.59700000;125.27600000;118.53700000;112.32800000;106.54700000;         ;         ;         ;         ;         ;         ;         ;         ;         ;         ;         ;         ;         ;         ;         
;95% UL;68.03370000;124.89300000;253.76200000;554.71700000;1227.03000000;2558.87000000;4836.22000000;8077.02000000;12115.00000000;16852.90000000;22008.80000000;27274.40000000;31559.20000000;36066.60000000;40900.50000000;43536.60000000;45078.50000000;44210.90000000;39301.60000000;36878.00000000;30510.30000000;20242.90000000;12846.70000000;9121.48000000;6230.72000000;3894.79000000;3031.23000000;2616.92000000;2292.63000000;1999.83000000;1717.74000000;1428.36000000;1286.09000000;1195.92000000;1112.53000000;1021.58000000;939.31900000;868.71200000;802.85400000;750.00100000;703.04100000;666.01900000;631.25900000;603.31900000;577.92500000;553.70400000;530.34000000;507.58600000;485.09400000;462.63000000;439.89900000;417.13500000;394.89200000;373.37800000;352.66800000;332.75200000;313.69700000;295.56200000;278.40300000;262.25200000;247.12400000;233.01100000;219.88900000;207.72600000;196.48600000;186.12700000;176.58600000;167.79600000;159.69400000;152.22300000;145.31700000;         ;         ;         ;         ;         ;         ;         ;         ;         ;         ;         ;         ;         ;         ;         
New HIV infections due to breastfeeding;Mean;32.43900000;72.01800000;157.87500000;361.44000000;833.98500000;1822.01000000;3548.89000000;6019.77000000;8951.97000000;12074.80000000;15157.40000000;17927.20000000;20606.10000000;22523.60000000;24125.90000000;25448.00000000;26121.30000000;26267.40000000;25700.20000000;24903.20000000;24027.30000000;22255.20000000;19870.70000000;17740.60000000;15951.90000000;13151.30000000;11089.90000000;10309.40000000;10377.20000000;9860.51000000;8861.12000000;7976.38000000;7111.62000000;6488.56000000;6045.86000000;5614.52000000;5181.99000000;4848.16000000;4546.15000000;4292.91000000;4073.63000000;3876.31000000;3687.84000000;3512.99000000;3357.56000000;3208.65000000;3064.50000000;2924.28000000;2787.45000000;2652.56000000;2518.10000000;2384.64000000;2254.61000000;2129.30000000;2009.00000000;1893.58000000;1783.12000000;1677.84000000;1577.98000000;1483.66000000;1394.92000000;1311.76000000;1234.10000000;1161.81000000;1094.72000000;1032.64000000;975.29000000;922.34300000;873.45100000;828.29200000;786.55300000;         ;         ;         ;         ;         ;         ;         ;         ;         ;         ;         ;         ;         ;         ;         
;95% LL;10.41800000;25.42050000;65.40630000;182.98700000;480.71100000;1175.62000000;2520.27000000;4697.29000000;7481.72000000;10466.30000000;13438.70000000;16249.40000000;19014.20000000;21206.60000000;22955.50000000;24390.10000000;25204.70000000;25505.60000000;25014.70000000;24247.40000000;23411.80000000;21708.30000000;19398.60000000;17292.10000000;15542.60000000;12796.70000000;10777.40000000;9994.43000000;10014.70000000;9489.65000000;8513.18000000;7651.05000000;6795.78000000;6164.65000000;5719.59000000;5287.67000000;4871.52000000;4552.42000000;4266.35000000;4042.50000000;3844.23000000;3670.65000000;3493.80000000;3321.37000000;3170.40000000;3025.26000000;2884.66000000;2747.99000000;2614.83000000;2483.85000000;2353.10000000;2224.70000000;2099.35000000;1976.94000000;1861.64000000;1751.49000000;1646.48000000;1543.28000000;1446.72000000;1357.61000000;1273.93000000;1195.64000000;1122.64000000;1056.23000000;992.98900000;934.58800000;880.75100000;831.14100000;785.41500000;743.26000000;703.73300000;         ;         ;         ;         ;         ;         ;         ;         ;         ;         ;         ;         ;         ;         ;         
;95% UL;48.84970000;109.14000000;242.07700000;554.89600000;1252.51000000;2635.33000000;4997.75000000;7641.41000000;10674.80000000;13794.10000000;16746.70000000;19341.70000000;21898.40000000;23660.10000000;25134.30000000;26308.60000000;26883.40000000;26973.70000000;26376.30000000;25561.80000000;24654.50000000;22820.80000000;20365.10000000;18203.20000000;16413.10000000;13537.20000000;11434.80000000;10651.70000000;10741.40000000;10214.70000000;9206.74000000;8324.62000000;7451.73000000;6823.31000000;6387.67000000;5964.33000000;5515.51000000;5152.02000000;4832.94000000;4566.07000000;4329.50000000;4141.31000000;3962.37000000;3796.37000000;3649.59000000;3508.04000000;3369.78000000;3233.91000000;3099.90000000;2966.06000000;2830.60000000;2694.12000000;2559.42000000;2428.12000000;2300.71000000;2177.28000000;2058.13000000;1943.70000000;1834.46000000;1730.71000000;1632.64000000;1540.39000000;1453.97000000;1373.33000000;1298.38000000;1228.95000000;1164.78000000;1105.55000000;1050.87000000;1000.39000000;953.76800000;         ;         ;         ;         ;         ;         ;         ;         ;         ;         ;         ;         ;         ;         ;         
New HIV infections due to breastfeeding, where mother was on ART at time of transmission;Mean;         ;         ;         ;         ;         ;         ;         ;         ;         ;         ;         ;         ;         ;         ;         ;0.40980600;0.52571100;1.33597000;2.60210000;7.01927000;21.79800000;46.37680000;77.12280000;109.03100000;153.80200000;266.33800000;436.88400000;610.05000000;1065.80000000;1511.55000000;1691.42000000;1645.25000000;1526.73000000;1419.72000000;1346.81000000;1267.82000000;1191.25000000;1124.89000000;1059.83000000;999.30800000;942.62900000;890.87200000;843.02500000;798.00600000;762.93900000;729.98900000;698.41300000;668.00000000;638.62900000;610.10400000;582.26500000;554.90700000;527.86700000;501.10600000;474.65500000;448.56900000;422.91100000;397.78500000;373.30700000;349.62500000;326.90000000;305.27600000;284.85700000;265.70500000;247.84500000;231.27800000;215.96900000;201.85600000;188.87700000;176.96800000;166.06800000;         ;         ;         ;         ;         ;         ;         ;         ;         ;         ;         ;         ;         ;         ;         
;95% LL;         ;         ;         ;         ;         ;         ;         ;         ;         ;         ;         ;         ;         ;         ;         ;0.38972400;0.50093200;1.27680000;2.48834000;6.72289000;20.82380000;44.47080000;74.01920000;104.68000000;147.66500000;255.46200000;418.38000000;582.67500000;1014.07000000;1436.51000000;1606.61000000;1557.96000000;1441.90000000;1332.76000000;1258.85000000;1177.86000000;1106.38000000;1045.02000000;987.84400000;933.07800000;879.87200000;830.95700000;785.85600000;742.44800000;708.72000000;676.72400000;645.80100000;616.37100000;587.98300000;560.48400000;533.90900000;507.88300000;482.21600000;456.79300000;431.77500000;407.35700000;383.55200000;360.12300000;337.20100000;315.93400000;295.05100000;275.23900000;256.57600000;239.10500000;222.83700000;207.60700000;193.26500000;180.06300000;168.43100000;157.37000000;147.25200000;         ;         ;         ;         ;         ;         ;         ;         ;         ;         ;         ;         ;         ;         ;         
;95% UL;         ;         ;         ;         ;         ;         ;         ;         ;         ;         ;         ;         ;         ;         ;         ;0.43049800;0.55111000;1.39864000;2.72073000;7.32051000;22.71160000;48.31620000;80.34780000;113.59000000;160.28600000;277.98300000;456.49000000;639.01600000;1119.56000000;1590.70000000;1782.72000000;1738.47000000;1618.20000000;1509.57000000;1436.70000000;1357.67000000;1278.36000000;1208.70000000;1140.00000000;1075.71000000;1013.23000000;961.08800000;911.55800000;866.61400000;832.17400000;799.76200000;768.55900000;738.34200000;708.98500000;680.27400000;652.02700000;624.00500000;596.02600000;568.05700000;539.81700000;511.21700000;482.92300000;455.06600000;427.79600000;401.82100000;376.94200000;353.14500000;330.56800000;309.29700000;289.38000000;270.83400000;253.64000000;237.74100000;223.08000000;209.60200000;197.24100000;         ;         ;         ;         ;         ;         ;         ;         ;         ;         ;         ;         ;         ;         ;         
New HIV infections due to breastfeeding, where mother was not diagnosed positive;Mean;32.43900000;72.01800000;157.87500000;361.44000000;833.98500000;1822.01000000;3548.89000000;6019.77000000;8951.97000000;12074.80000000;15157.40000000;17927.20000000;20606.10000000;22523.60000000;24112.40000000;25385.00000000;25931.70000000;25812.80000000;24712.40000000;23213.30000000;21631.10000000;19062.10000000;15883.90000000;13224.70000000;11336.80000000;9782.73000000;8598.31000000;7778.23000000;7234.17000000;6811.74000000;6333.60000000;5700.84000000;5046.13000000;4588.03000000;4260.64000000;3945.48000000;3625.53000000;3387.89000000;3177.62000000;3008.35000000;2866.09000000;2738.02000000;2612.88000000;2496.45000000;2387.01000000;2280.67000000;2177.02000000;2075.75000000;1976.56000000;1878.32000000;1779.74000000;1681.65000000;1586.59000000;1495.79000000;1409.44000000;1327.33000000;1249.47000000;1175.96000000;1106.89000000;1042.24000000;981.87100000;925.61800000;873.30800000;824.75700000;779.78200000;738.19500000;699.78200000;664.29000000;631.45700000;601.04400000;572.82200000;         ;         ;         ;         ;         ;         ;         ;         ;         ;         ;         ;         ;         ;         ;         
;95% LL;10.41800000;25.42050000;65.40630000;182.98700000;480.71100000;1175.62000000;2520.27000000;4697.29000000;7481.72000000;10466.30000000;13438.70000000;16249.40000000;19014.20000000;21206.60000000;22943.00000000;24331.90000000;25021.30000000;25072.10000000;24066.50000000;22629.20000000;21116.10000000;18635.10000000;15500.40000000;12896.30000000;11035.50000000;9500.56000000;8328.80000000;7513.97000000;6973.61000000;6552.27000000;6078.08000000;5456.43000000;4811.12000000;4360.48000000;4037.10000000;3727.36000000;3416.47000000;3185.92000000;2983.69000000;2833.60000000;2699.60000000;2577.11000000;2457.51000000;2345.72000000;2240.01000000;2136.95000000;2036.35000000;1937.53000000;1841.08000000;1746.02000000;1649.19000000;1556.04000000;1466.25000000;1379.37000000;1296.79000000;1218.77000000;1144.34000000;1074.51000000;1009.05000000;947.91200000;891.12300000;837.99100000;789.44800000;743.40200000;701.35600000;663.12400000;626.83000000;593.86600000;563.42600000;535.27800000;509.19900000;         ;         ;         ;         ;         ;         ;         ;         ;         ;         ;         ;         ;         ;         ;         
;95% UL;48.84970000;109.14000000;242.07700000;554.89600000;1252.51000000;2635.33000000;4997.75000000;7641.41000000;10674.80000000;13794.10000000;16746.70000000;19341.70000000;21898.40000000;23660.10000000;25120.10000000;26244.30000000;26684.70000000;26503.10000000;25341.10000000;23807.20000000;22174.40000000;19505.50000000;16272.70000000;13599.50000000;11676.50000000;10105.90000000;8915.14000000;8084.86000000;7520.95000000;7105.17000000;6623.11000000;5976.03000000;5309.15000000;4848.27000000;4517.95000000;4204.18000000;3871.60000000;3614.89000000;3391.79000000;3210.53000000;3059.58000000;2941.45000000;2830.98000000;2725.44000000;2623.51000000;2522.20000000;2421.65000000;2321.80000000;2221.60000000;2117.46000000;2012.01000000;1908.75000000;1805.86000000;1708.20000000;1616.67000000;1528.77000000;1444.68000000;1364.68000000;1289.04000000;1217.85000000;1151.08000000;1088.65000000;1030.43000000;976.29000000;926.08000000;879.63900000;836.75500000;797.16400000;760.57700000;726.72700000;695.35100000;         ;         ;         ;         ;         ;         ;         ;         ;         ;         ;         ;         ;         ;         ;         
Total births to HIV-positive mothers;Mean;295.29200000;493.98600000;970.84300000;2114.06000000;4773.87000000;10427.80000000;20906.10000000;37023.10000000;57955.00000000;82378.20000000;108677.00000000;135771.00000000;156777.00000000;178213.00000000;202025.00000000;217912.00000000;233291.00000000;246042.00000000;261987.00000000;286315.00000000;297913.00000000;307134.00000000;315510.00000000;316808.00000000;311205.00000000;311384.00000000;316949.00000000;324903.00000000;330131.00000000;331297.00000000;330595.00000000;327209.00000000;321496.00000000;318015.00000000;312785.00000000;306616.00000000;302139.00000000;296049.00000000;288655.00000000;280196.00000000;271010.00000000;261334.00000000;251368.00000000;241238.00000000;231128.00000000;221193.00000000;211544.00000000;202248.00000000;193263.00000000;184571.00000000;176119.00000000;167825.00000000;159617.00000000;151466.00000000;143372.00000000;135344.00000000;127408.00000000;119603.00000000;111978.00000000;104596.00000000;97521.70000000;90804.30000000;84478.60000000;78562.00000000;73061.40000000;67975.80000000;63286.80000000;58970.70000000;55013.00000000;51397.40000000;48103.20000000;         ;         ;         ;         ;         ;         ;         ;         ;         ;         ;         ;         ;         ;         ;         
;95% LL;93.43360000;166.36100000;377.65100000;1003.07000000;2675.91000000;6756.24000000;14566.90000000;27605.00000000;47392.80000000;69644.00000000;94230.80000000;120519.00000000;142456.00000000;164607.00000000;188575.00000000;205076.00000000;221534.00000000;234892.00000000;251336.00000000;274779.00000000;286109.00000000;295192.00000000;302471.00000000;303412.00000000;297737.00000000;297748.00000000;302982.00000000;310840.00000000;315995.00000000;317133.00000000;316080.00000000;312999.00000000;307311.00000000;303452.00000000;298052.00000000;292000.00000000;286599.00000000;279919.00000000;272792.00000000;263915.00000000;254580.00000000;245133.00000000;235518.00000000;225500.00000000;215403.00000000;205502.00000000;196150.00000000;187208.00000000;178571.00000000;170231.00000000;162058.00000000;154078.00000000;146231.00000000;138494.00000000;130865.00000000;123351.00000000;116030.00000000;108717.00000000;101584.00000000;94874.50000000;88354.50000000;82182.40000000;76384.80000000;70973.30000000;65950.30000000;61239.20000000;56873.70000000;52859.70000000;49267.50000000;45900.20000000;42820.00000000;         ;         ;         ;         ;         ;         ;         ;         ;         ;         ;         ;         ;         ;         ;         
;95% UL;441.48100000;737.94000000;1462.91000000;3193.23000000;7088.25000000;14826.70000000;28302.10000000;46981.80000000;69561.80000000;94994.90000000;122073.00000000;149424.00000000;169299.00000000;190193.00000000;212547.00000000;228391.00000000;243882.00000000;257186.00000000;273847.00000000;299251.00000000;311346.00000000;320959.00000000;329682.00000000;331020.00000000;325194.00000000;325434.00000000;331222.00000000;339769.00000000;345539.00000000;347098.00000000;346707.00000000;343504.00000000;337640.00000000;334093.00000000;328876.00000000;323151.00000000;319743.00000000;314484.00000000;307631.00000000;299543.00000000;290568.00000000;280956.00000000;270929.00000000;260625.00000000;250598.00000000;240818.00000000;231257.00000000;221996.00000000;212993.00000000;204230.00000000;195647.00000000;187157.00000000;178680.00000000;170187.00000000;161679.00000000;153171.00000000;144696.00000000;136300.00000000;127845.00000000;119615.00000000;111699.00000000;104157.00000000;97046.30000000;90537.30000000;84460.00000000;78819.00000000;73598.30000000;68776.20000000;64341.70000000;60280.00000000;56571.50000000;         ;         ;         ;         ;         ;         ;         ;         ;         ;         ;         ;         ;         ;         ;         
Births to HIV+ mothers on ART at delivery;Mean;         ;         ;         ;         ;         ;         ;         ;         ;         ;         ;         ;         ;         ;         ;         ;293.92400000;934.97500000;1692.35000000;2869.10000000;7868.62000000;17478.40000000;30702.40000000;46551.40000000;63042.90000000;94871.40000000;137569.00000000;165333.00000000;225937.00000000;278681.00000000;308184.00000000;312664.00000000;314495.00000000;310279.00000000;307753.00000000;303394.00000000;298096.00000000;294351.00000000;288921.00000000;282121.00000000;274175.00000000;265430.00000000;256136.00000000;246514.00000000;236638.00000000;226745.00000000;217012.00000000;207554.00000000;198442.00000000;189637.00000000;181122.00000000;172845.00000000;164726.00000000;156689.00000000;148704.00000000;140770.00000000;132897.00000000;125109.00000000;117445.00000000;109955.00000000;102700.00000000;95744.40000000;89138.10000000;82915.80000000;77095.00000000;71682.80000000;66678.80000000;62065.00000000;57818.00000000;53924.00000000;50366.90000000;47126.70000000;         ;         ;         ;         ;         ;         ;         ;         ;         ;         ;         ;         ;         ;         ;         
;95% LL;         ;         ;         ;         ;         ;         ;         ;         ;         ;         ;         ;         ;         ;         ;         ;279.47000000;889.45500000;1610.27000000;2734.16000000;7524.67000000;16733.70000000;29349.60000000;44500.50000000;60360.90000000;90887.20000000;131821.00000000;158602.00000000;216576.00000000;266747.00000000;294769.00000000;298731.00000000;300654.00000000;296562.00000000;293887.00000000;289349.00000000;283770.00000000;279240.00000000;273164.00000000;266494.00000000;258363.00000000;249319.00000000;240181.00000000;230881.00000000;221160.00000000;211284.00000000;201586.00000000;192397.00000000;183636.00000000;175172.00000000;166993.00000000;158992.00000000;151180.00000000;143497.00000000;135919.00000000;128442.00000000;121074.00000000;113907.00000000;106770.00000000;99768.30000000;93117.50000000;86742.80000000;80672.70000000;74969.80000000;69646.00000000;64704.00000000;60081.70000000;55786.40000000;51837.00000000;48240.00000000;44998.70000000;41968.60000000;         ;         ;         ;         ;         ;         ;         ;         ;         ;         ;         ;         ;         ;         ;         
;95% UL;         ;         ;         ;         ;         ;         ;         ;         ;         ;         ;         ;         ;         ;         ;         ;308.92500000;981.59200000;1774.99000000;3005.01000000;8224.84000000;18253.90000000;32041.40000000;48543.40000000;65759.60000000;98827.50000000;143328.00000000;172247.00000000;235929.00000000;291585.00000000;322891.00000000;327894.00000000;330144.00000000;325838.00000000;323354.00000000;319172.00000000;314209.00000000;311523.00000000;306843.00000000;300626.00000000;293090.00000000;284589.00000000;275387.00000000;265728.00000000;255690.00000000;245771.00000000;236189.00000000;226816.00000000;217737.00000000;208914.00000000;200329.00000000;191927.00000000;183618.00000000;175320.00000000;167004.00000000;158669.00000000;150328.00000000;142015.00000000;133775.00000000;125532.00000000;117445.00000000;109664.00000000;102248.00000000;95242.00000000;88772.40000000;82797.60000000;77251.20000000;72117.80000000;67376.10000000;63015.50000000;59021.80000000;55375.90000000;         ;         ;         ;         ;         ;         ;         ;         ;         ;         ;         ;         ;         ;         ;         
Mother-to-child transmission rate;Mean;0.26469200;0.31547500;0.33652100;0.34484000;0.34762500;0.34697400;0.34187900;0.33517800;0.32827200;0.32243200;0.31798400;0.31351700;0.31627100;0.31475600;0.31096700;0.31058500;0.30628300;0.29923800;0.28388000;0.26447600;0.24513500;0.21952200;0.18759900;0.14746000;0.10962000;0.08351850;0.06894480;0.06131040;0.05653470;0.04845040;0.04287380;0.03777980;0.03454340;0.03216360;0.03047930;0.02881210;0.02707110;0.02580320;0.02475760;0.02399120;0.02343190;0.02301770;0.02267540;0.02248350;0.02240020;0.02234470;0.02229570;0.02224000;0.02217420;0.02208890;0.02197610;0.02184480;0.02171890;0.02161320;0.02153450;0.02148600;0.02147110;0.02149300;0.02155430;0.02165380;0.02178820;0.02195370;0.02214620;0.02236250;0.02259930;0.02285330;0.02312310;0.02340700;0.02369950;0.02399510;0.02428810;         ;         ;         ;         ;         ;         ;         ;         ;         ;         ;         ;         ;         ;         ;         
;95% LL;0.25792000;0.30580600;0.32434500;0.33151800;0.33408600;0.33411400;0.33097100;0.32681000;0.32198300;0.31726500;0.31339600;0.30920200;0.31227400;0.31121100;0.30777900;0.30764100;0.30359900;0.29677300;0.28161300;0.26239400;0.24311900;0.21755800;0.18557900;0.14558400;0.10779000;0.08179190;0.06733970;0.05969210;0.05492730;0.04700210;0.04147850;0.03642260;0.03329070;0.03084730;0.02905790;0.02738320;0.02574810;0.02464550;0.02376790;0.02311100;0.02259980;0.02219620;0.02188560;0.02171990;0.02164440;0.02158850;0.02154750;0.02151100;0.02143810;0.02136630;0.02126830;0.02113420;0.02100260;0.02089120;0.02080630;0.02075030;0.02072640;0.02073750;0.02078550;0.02086940;0.02098560;0.02113040;0.02129980;0.02149070;0.02170030;0.02192530;0.02216480;0.02241720;0.02267760;0.02294050;0.02320080;         ;         ;         ;         ;         ;         ;         ;         ;         ;         ;         ;         ;         ;         ;         
;95% UL;0.27189700;0.32978200;0.35471800;0.36345900;0.36551200;0.36095900;0.35340200;0.34564500;0.33644100;0.32877500;0.32331400;0.31808900;0.32051400;0.31848000;0.31421600;0.31361000;0.30906000;0.30185000;0.28630900;0.26674700;0.24733700;0.22168700;0.18975300;0.14962000;0.11176600;0.08552430;0.07085580;0.06313260;0.05834720;0.05015030;0.04447960;0.03931870;0.03600280;0.03362970;0.03195350;0.03030250;0.02845030;0.02701130;0.02589670;0.02503130;0.02443180;0.02392790;0.02356050;0.02338080;0.02328250;0.02322060;0.02318290;0.02314690;0.02309400;0.02301420;0.02289850;0.02275700;0.02261650;0.02251310;0.02244310;0.02241120;0.02240920;0.02244430;0.02251920;0.02262210;0.02274310;0.02292930;0.02317070;0.02342020;0.02371460;0.02403030;0.02436490;0.02471620;0.02507760;0.02544250;0.02580430;         ;         ;         ;         ;         ;         ;         ;         ;         ;         ;         ;         ;         ;         ;         
MTCT rate at/before birth;Mean;0.15459800;0.16899600;0.17312300;0.17338700;0.17280700;0.17227300;0.17201700;0.17235700;0.17359500;0.17569600;0.17840100;0.18140000;0.18477700;0.18832700;0.19151500;0.19377700;0.19429300;0.19246000;0.18576700;0.17748300;0.16446900;0.14704800;0.12460600;0.09144950;0.05834910;0.04127110;0.03394400;0.02956920;0.02509170;0.01867820;0.01606200;0.01339530;0.01241660;0.01175470;0.01114540;0.01049690;0.00991621;0.00942305;0.00900411;0.00866576;0.00839606;0.00818008;0.00799933;0.00791600;0.00786811;0.00783349;0.00780442;0.00777635;0.00774650;0.00771302;0.00767424;0.00763178;0.00758996;0.00755160;0.00751853;0.00749172;0.00747238;0.00746136;0.00745925;0.00746613;0.00748158;0.00750489;0.00753516;0.00757162;0.00761354;0.00766015;0.00771081;0.00776500;0.00782158;0.00787933;0.00793700;         ;         ;         ;         ;         ;         ;         ;         ;         ;         ;         ;         ;         ;         ;         
;95% LL;0.15400600;0.16802900;0.17220400;0.17239000;0.17174800;0.17121900;0.17077900;0.17088300;0.17194900;0.17385700;0.17647900;0.17941200;0.18280300;0.18648000;0.18962200;0.19209900;0.19259300;0.19082000;0.18427300;0.17614500;0.16332200;0.14613200;0.12373000;0.09072050;0.05773240;0.04080720;0.03345160;0.02898760;0.02441720;0.01816140;0.01561330;0.01298150;0.01196630;0.01128340;0.01065690;0.01001580;0.00949912;0.00907675;0.00871766;0.00843032;0.00820605;0.00803382;0.00787387;0.00780299;0.00775858;0.00772661;0.00769933;0.00766964;0.00763942;0.00760269;0.00756457;0.00752342;0.00748224;0.00744383;0.00740968;0.00738180;0.00736047;0.00734712;0.00734425;0.00735059;0.00736252;0.00738324;0.00741440;0.00745100;0.00748998;0.00753265;0.00757855;0.00762778;0.00767928;0.00773186;0.00778435;         ;         ;         ;         ;         ;         ;         ;         ;         ;         ;         ;         ;         ;         ;         
;95% UL;0.15553500;0.17013800;0.17419500;0.17467900;0.17417100;0.17362300;0.17338000;0.17366400;0.17500700;0.17740300;0.18057000;0.18368000;0.18698300;0.19046300;0.19357800;0.19587700;0.19627900;0.19427800;0.18737500;0.17893400;0.16578800;0.14808300;0.12553600;0.09225290;0.05898320;0.04180040;0.03442580;0.03010550;0.02569350;0.01914240;0.01650960;0.01378560;0.01282950;0.01220640;0.01164070;0.01099420;0.01035210;0.00977794;0.00928848;0.00888998;0.00858100;0.00833540;0.00814709;0.00807002;0.00802352;0.00799280;0.00796547;0.00794483;0.00791938;0.00788644;0.00785158;0.00780691;0.00776203;0.00772015;0.00768335;0.00765281;0.00762996;0.00761579;0.00761106;0.00761593;0.00763321;0.00766377;0.00770243;0.00774835;0.00780066;0.00785845;0.00792092;0.00798738;0.00805652;0.00812690;0.00819712;         ;         ;         ;         ;         ;         ;         ;         ;         ;         ;         ;         ;         ;         ;         
MTCT rate at/before birth from HIV-diagnosed mothers;Mean;         ;         ;         ;         ;         ;         ;         ;         ;         ;         ;         ;         ;         ;         ;0.13493300;0.13124500;0.13293000;0.13651900;0.13909700;0.13241400;0.12422100;0.11919200;0.10433700;0.07290240;0.04269650;0.03077910;0.02573710;0.02261360;0.01905310;0.01329280;0.01140900;0.00947047;0.00882318;0.00838428;0.00796900;0.00752826;0.00714199;0.00679617;0.00650271;0.00625591;0.00605279;0.00588842;0.00575233;0.00569052;0.00565575;0.00563144;0.00561180;0.00559390;0.00557607;0.00555748;0.00553749;0.00551604;0.00549391;0.00547235;0.00545239;0.00543480;0.00542024;0.00540915;0.00540180;0.00539836;0.00539882;0.00540290;0.00541021;0.00542042;0.00543318;0.00544818;0.00546507;0.00548361;0.00550332;0.00552370;0.00554428;         ;         ;         ;         ;         ;         ;         ;         ;         ;         ;         ;         ;         ;         ;         
;95% LL;         ;      -inf;         ;         ;         ;         ;      -inf;      -inf;         ;      -inf;         ;         ;         ;         ;0.13351000;0.12958000;0.13130400;0.13501900;0.13774900;0.13125300;0.12324100;0.11834400;0.10365700;0.07240840;0.04234410;0.03048530;0.02544950;0.02224890;0.01859590;0.01296430;0.01110670;0.00921357;0.00854527;0.00806641;0.00760779;0.00717969;0.00684158;0.00654919;0.00630984;0.00611034;0.00594687;0.00581500;0.00570632;0.00565442;0.00562388;0.00560029;0.00557822;0.00555870;0.00554006;0.00552138;0.00550199;0.00548173;0.00546121;0.00544147;0.00542339;0.00540509;0.00539009;0.00537878;0.00537033;0.00536640;0.00536591;0.00536900;0.00537529;0.00538446;0.00539634;0.00541142;0.00542823;0.00544596;0.00546369;0.00548040;0.00549720;         ;         ;         ;         ;         ;         ;         ;         ;         ;         ;         ;         ;         ;         ;         
;95% UL;         ;0.00817958;         ;         ;         ;         ;0.00817148;0.00817148;         ;0.00816188;         ;         ;         ;         ;0.13659800;0.13313000;0.13469200;0.13807300;0.14044700;0.13356500;0.12518700;0.12002100;0.10509400;0.07346940;0.04306260;0.03104860;0.02600560;0.02294400;0.01946520;0.01359100;0.01168070;0.00972771;0.00910348;0.00868237;0.00831385;0.00787218;0.00743213;0.00702596;0.00668273;0.00638999;0.00615077;0.00595396;0.00580029;0.00573335;0.00569545;0.00567244;0.00565460;0.00563862;0.00562273;0.00560598;0.00558766;0.00556764;0.00554685;0.00552674;0.00550719;0.00549045;0.00547669;0.00546638;0.00545984;0.00545723;0.00545854;0.00546353;0.00547180;0.00548304;0.00549691;0.00551309;0.00553125;0.00555113;0.00557224;0.00559405;0.00561607;         ;         ;         ;         ;         ;         ;         ;         ;         ;         ;         ;         ;         ;         ;         
Postnatal MTCT rate to 18 months, from HIV-diagnosed mothers;Mean;         ;         ;         ;         ;         ;         ;         ;         ;         ;         ;         ;         ;         ;         ;0.00798955;0.01016730;0.01076230;0.01172750;0.01196580;0.01364400;0.01386210;0.01345210;0.01393070;0.01450090;0.01415130;0.00975632;0.00705462;0.00703107;0.00828025;0.00769443;0.00642748;0.00604364;0.00558295;0.00517633;0.00494525;0.00470737;0.00444489;0.00425523;0.00408620;0.00394586;0.00383132;0.00374248;0.00367182;0.00361646;0.00360335;0.00359928;0.00359828;0.00359771;0.00359711;0.00359523;0.00359180;0.00358704;0.00358195;0.00357761;0.00357486;0.00357427;0.00357608;0.00358053;0.00358767;0.00359728;0.00360901;0.00362265;0.00363792;0.00365461;0.00367248;0.00369126;0.00371109;0.00373191;0.00375317;0.00377438;0.00379517;         ;         ;         ;         ;         ;         ;         ;         ;         ;         ;         ;         ;         ;         ;         
;95% LL;         ;         ;         ;         ;         ;         ;         ;         ;         ;         ;         ;         ;         ;         ;0.00798327;0.01012080;0.01071370;0.01168410;0.01193370;0.01360530;0.01382610;0.01341650;0.01388360;0.01443850;0.01407470;0.00969400;0.00700194;0.00695699;0.00816563;0.00756114;0.00629998;0.00590320;0.00543331;0.00501142;0.00476797;0.00450754;0.00426066;0.00409928;0.00396036;0.00384764;0.00375690;0.00368696;0.00363078;0.00358279;0.00357043;0.00356685;0.00356652;0.00356529;0.00356467;0.00356225;0.00355822;0.00355273;0.00354801;0.00354344;0.00353972;0.00353834;0.00353953;0.00354350;0.00355027;0.00355961;0.00357114;0.00358463;0.00359931;0.00361547;0.00363365;0.00365221;0.00367044;0.00369101;0.00371126;0.00373137;0.00375071;         ;         ;         ;         ;         ;         ;         ;         ;         ;         ;         ;         ;         ;         ;         
;95% UL;         ;         ;         ;         ;         ;         ;         ;         ;         ;         ;         ;         ;         ;         ;0.00799476;0.01020750;0.01080360;0.01176460;0.01199210;0.01367640;0.01389700;0.01348740;0.01397650;0.01456220;0.01422510;0.00981526;0.00710691;0.00710321;0.00838785;0.00781243;0.00654455;0.00617342;0.00573004;0.00533703;0.00513155;0.00490885;0.00463064;0.00440839;0.00420654;0.00404292;0.00390298;0.00379585;0.00372171;0.00366555;0.00364909;0.00364501;0.00364558;0.00364682;0.00364810;0.00364803;0.00364618;0.00364269;0.00363806;0.00363410;0.00363238;0.00363185;0.00363350;0.00363932;0.00364629;0.00365521;0.00366642;0.00367975;0.00369490;0.00371171;0.00372991;0.00375017;0.00377374;0.00379847;0.00382373;0.00384900;0.00387254;         ;         ;         ;         ;         ;         ;         ;         ;         ;         ;         ;         ;         ;         ;         
;;         ;         ;         ;         ;         ;         ;         ;         ;         ;         ;         ;         ;         ;         ;         ;         ;         ;         ;         ;         ;         ;         ;         ;         ;         ;         ;         ;         ;         ;         ;         ;         ;         ;         ;         ;         ;         ;         ;         ;         ;         ;         ;         ;         ;         ;         ;         ;         ;         ;         ;         ;         ;         ;         ;         ;         ;         ;         ;         ;         ;         ;         ;         ;         ;         ;         ;         ;         ;         ;         ;         ;         ;         ;         ;         ;         ;         ;         ;         ;         ;         ;         ;         ;         ;         ;         
HIV prevalence statistics;;         ;         ;         ;         ;         ;         ;         ;         ;         ;         ;         ;         ;         ;         ;         ;         ;         ;         ;         ;         ;         ;         ;         ;         ;         ;         ;         ;         ;         ;         ;         ;         ;         ;         ;         ;         ;         ;         ;         ;         ;         ;         ;         ;         ;         ;         ;         ;         ;         ;         ;         ;         ;         ;         ;         ;         ;         ;         ;         ;         ;         ;         ;         ;         ;         ;         ;         ;         ;         ;         ;         ;         ;         ;         ;         ;         ;         ;         ;         ;         ;         ;         ;         ;         ;         ;         
;;         ;         ;         ;         ;         ;         ;         ;         ;         ;         ;         ;         ;         ;         ;         ;         ;         ;         ;         ;         ;         ;         ;         ;         ;         ;         ;         ;         ;         ;         ;         ;         ;         ;         ;         ;         ;         ;         ;         ;         ;         ;         ;         ;         ;         ;         ;         ;         ;         ;         ;         ;         ;         ;         ;         ;         ;         ;         ;         ;         ;         ;         ;         ;         ;         ;         ;         ;         ;         ;         ;         ;         ;         ;         ;         ;         ;         ;         ;         ;         ;         ;         ;         ;         ;         ;         
Total people living with HIV;Mean;2040.13000000;3139.86000000;6224.39000000;13958.20000000;33040.40000000;77774.40000000;171401.00000000;337650.00000000;581648.00000000;896491.00000000;1271720.00000000;1693980.00000000;2128300.00000000;2568150.00000000;2998950.00000000;3408610.00000000;3785840.00000000;4135270.00000000;4443710.00000000;4710900.00000000;4938890.00000000;5141400.00000000;5349340.00000000;5553940.00000000;5755410.00000000;5954540.00000000;6160300.00000000;6378450.00000000;6604900.00000000;6831130.00000000;7047070.00000000;7251690.00000000;7439570.00000000;7606350.00000000;7760370.00000000;7897330.00000000;8008850.00000000;8111170.00000000;8214760.00000000;8308240.00000000;8392840.00000000;8469460.00000000;8537720.00000000;8597140.00000000;8648450.00000000;8691310.00000000;8725490.00000000;8750840.00000000;8766540.00000000;8772660.00000000;8769260.00000000;8756370.00000000;8734100.00000000;8702730.00000000;8662540.00000000;8613840.00000000;8556910.00000000;8492040.00000000;8419480.00000000;8339530.00000000;8252450.00000000;8158510.00000000;8057960.00000000;7951030.00000000;7837980.00000000;7719030.00000000;7594410.00000000;7464350.00000000;7329090.00000000;7188870.00000000;7043940.00000000;         ;         ;         ;         ;         ;         ;         ;         ;         ;         ;         ;         ;         ;         ;         
;95% LL;642.66500000;1028.48000000;2290.15000000;6092.12000000;17253.60000000;46087.20000000;112347.00000000;238643.00000000;445574.00000000;724961.00000000;1074670.00000000;1473570.00000000;1896230.00000000;2332720.00000000;2767690.00000000;3183500.00000000;3573260.00000000;3939660.00000000;4265250.00000000;4547650.00000000;4791760.00000000;5010550.00000000;5233630.00000000;5452570.00000000;5660390.00000000;5856880.00000000;6052250.00000000;6269210.00000000;6488190.00000000;6707070.00000000;6920380.00000000;7118920.00000000;7302430.00000000;7461520.00000000;7608210.00000000;7738100.00000000;7843120.00000000;7939320.00000000;8036890.00000000;8124430.00000000;8200800.00000000;8269240.00000000;8329470.00000000;8381050.00000000;8428040.00000000;8469050.00000000;8501860.00000000;8526190.00000000;8537780.00000000;8540050.00000000;8533080.00000000;8516880.00000000;8491600.00000000;8457480.00000000;8414830.00000000;8363920.00000000;8305050.00000000;8238470.00000000;8164460.00000000;8083310.00000000;7995260.00000000;7900570.00000000;7799500.00000000;7692290.00000000;7579180.00000000;7460390.00000000;7336150.00000000;7206700.00000000;7072270.00000000;6933100.00000000;6793210.00000000;         ;         ;         ;         ;         ;         ;         ;         ;         ;         ;         ;         ;         ;         ;         
;95% UL;3109.04000000;4801.01000000;9636.10000000;21833.20000000;51466.30000000;117681.00000000;251546.00000000;461288.00000000;748189.00000000;1095150.00000000;1499650.00000000;1945910.00000000;2399700.00000000;2835160.00000000;3246380.00000000;3640530.00000000;4004500.00000000;4341520.00000000;4635720.00000000;4888860.00000000;5098740.00000000;5288000.00000000;5496330.00000000;5693090.00000000;5886400.00000000;6079310.00000000;6287360.00000000;6514030.00000000;6744200.00000000;6977530.00000000;7204690.00000000;7417060.00000000;7607830.00000000;7784460.00000000;7948170.00000000;8093340.00000000;8211110.00000000;8319470.00000000;8429300.00000000;8529130.00000000;8617870.00000000;8699200.00000000;8773220.00000000;8835420.00000000;8888690.00000000;8933230.00000000;8968820.00000000;8995300.00000000;9011850.00000000;9018540.00000000;9015460.00000000;9002610.00000000;8980300.00000000;8951720.00000000;8914160.00000000;8868080.00000000;8814630.00000000;8753020.00000000;8682050.00000000;8601460.00000000;8518380.00000000;8429310.00000000;8326750.00000000;8217780.00000000;8105470.00000000;7988030.00000000;7863870.00000000;7733000.00000000;7597770.00000000;7457420.00000000;7312200.00000000;         ;         ;         ;         ;         ;         ;         ;         ;         ;         ;         ;         ;         ;         ;         
Total males aged 15+ who are living with HIV;Mean;903.93600000;1438.69000000;3059.82000000;7210.65000000;17517.40000000;41602.60000000;90789.40000000;175961.00000000;295134.00000000;440704.00000000;604966.00000000;780487.00000000;949127.00000000;1110380.00000000;1258880.00000000;1390930.00000000;1504490.00000000;1606830.00000000;1691210.00000000;1759330.00000000;1812960.00000000;1857640.00000000;1905660.00000000;1954510.00000000;2006400.00000000;2061290.00000000;2122560.00000000;2188610.00000000;2260520.00000000;2333920.00000000;2404720.00000000;2471500.00000000;2532230.00000000;2584710.00000000;2632230.00000000;2674130.00000000;2706130.00000000;2733960.00000000;2761830.00000000;2784890.00000000;2802520.00000000;2815800.00000000;2825620.00000000;2832150.00000000;2835500.00000000;2834930.00000000;2830940.00000000;2823340.00000000;2812270.00000000;2797900.00000000;2780280.00000000;2759450.00000000;2735530.00000000;2708650.00000000;2678970.00000000;2646640.00000000;2611790.00000000;2574560.00000000;2535090.00000000;2493510.00000000;2449960.00000000;2404590.00000000;2357520.00000000;2308890.00000000;2258820.00000000;2207450.00000000;2154900.00000000;2101290.00000000;2046770.00000000;1991460.00000000;1935510.00000000;         ;         ;         ;         ;         ;         ;         ;         ;         ;         ;         ;         ;         ;         ;         
;95% LL;284.75100000;478.56300000;1172.02000000;3272.48000000;9245.16000000;25078.80000000;59523.30000000;119247.00000000;219834.00000000;342149.00000000;486583.00000000;652135.00000000;813987.00000000;973861.00000000;1129020.00000000;1269360.00000000;1391590.00000000;1500770.00000000;1592470.00000000;1668510.00000000;1726370.00000000;1766680.00000000;1819280.00000000;1862220.00000000;1919910.00000000;1980380.00000000;2046060.00000000;2115340.00000000;2189140.00000000;2263730.00000000;2335620.00000000;2403070.00000000;2461310.00000000;2511080.00000000;2555840.00000000;2595000.00000000;2627280.00000000;2656970.00000000;2683760.00000000;2705670.00000000;2722160.00000000;2734280.00000000;2742980.00000000;2748440.00000000;2750810.00000000;2749720.00000000;2745270.00000000;2737280.00000000;2725940.00000000;2710280.00000000;2690960.00000000;2669050.00000000;2644720.00000000;2617550.00000000;2587700.00000000;2555310.00000000;2521170.00000000;2485010.00000000;2446750.00000000;2406330.00000000;2362900.00000000;2317900.00000000;2271300.00000000;2223220.00000000;2173810.00000000;2123170.00000000;2071440.00000000;2018730.00000000;1965570.00000000;1911040.00000000;1856110.00000000;         ;         ;         ;         ;         ;         ;         ;         ;         ;         ;         ;         ;         ;         ;         
;95% UL;1377.55000000;2217.14000000;4801.92000000;11442.80000000;27627.20000000;63513.40000000;135244.00000000;242049.00000000;378366.00000000;548097.00000000;725993.00000000;899931.00000000;1065650.00000000;1244530.00000000;1403980.00000000;1540300.00000000;1652170.00000000;1748790.00000000;1823890.00000000;1880340.00000000;1921100.00000000;1952740.00000000;1996790.00000000;2044800.00000000;2097230.00000000;2153470.00000000;2215990.00000000;2281550.00000000;2354330.00000000;2428640.00000000;2499770.00000000;2567020.00000000;2629750.00000000;2683500.00000000;2730110.00000000;2769000.00000000;2799480.00000000;2827510.00000000;2855920.00000000;2880170.00000000;2898880.00000000;2913460.00000000;2925000.00000000;2933540.00000000;2938960.00000000;2940440.00000000;2937330.00000000;2930030.00000000;2919160.00000000;2904860.00000000;2887940.00000000;2867710.00000000;2844330.00000000;2818820.00000000;2790190.00000000;2759060.00000000;2725270.00000000;2688370.00000000;2648040.00000000;2605470.00000000;2560810.00000000;2514200.00000000;2466760.00000000;2416600.00000000;2365570.00000000;2313100.00000000;2259850.00000000;2207480.00000000;2151510.00000000;2093350.00000000;2034680.00000000;         ;         ;         ;         ;         ;         ;         ;         ;         ;         ;         ;         ;         ;         ;         
Total females aged 15+ who are living with HIV;Mean;1136.19000000;1633.05000000;2979.92000000;6318.36000000;14537.80000000;33915.10000000;75618.90000000;151452.00000000;267629.00000000;424450.00000000;619183.00000000;846545.00000000;1088190.00000000;1340810.00000000;1595450.00000000;1843650.00000000;2077960.00000000;2296470.00000000;2493450.00000000;2667720.00000000;2818790.00000000;2955520.00000000;3096810.00000000;3238310.00000000;3381540.00000000;3525110.00000000;3670690.00000000;3826290.00000000;3986160.00000000;4146410.00000000;4303190.00000000;4455270.00000000;4599270.00000000;4732090.00000000;4858090.00000000;4974920.00000000;5076790.00000000;5173510.00000000;5270820.00000000;5360930.00000000;5443260.00000000;5518780.00000000;5588280.00000000;5651730.00000000;5709350.00000000;5760300.00000000;5805050.00000000;5843340.00000000;5874820.00000000;5899650.00000000;5917820.00000000;5929350.00000000;5934340.00000000;5932960.00000000;5925410.00000000;5911870.00000000;5892510.00000000;5867470.00000000;5836900.00000000;5800960.00000000;5759780.00000000;5713490.00000000;5662210.00000000;5606040.00000000;5545100.00000000;5479480.00000000;5409280.00000000;5334600.00000000;5255540.00000000;5172210.00000000;5084720.00000000;         ;         ;         ;         ;         ;         ;         ;         ;         ;         ;         ;         ;         ;         ;         
;95% LL;357.91400000;528.36100000;1062.25000000;2654.88000000;7470.81000000;19914.90000000;49733.70000000;108271.00000000;207049.00000000;344965.00000000;528961.00000000;740058.00000000;970104.00000000;1215670.00000000;1467900.00000000;1717950.00000000;1957750.00000000;2184480.00000000;2391910.00000000;2575610.00000000;2729630.00000000;2869910.00000000;3009060.00000000;3148880.00000000;3296150.00000000;3439840.00000000;3588880.00000000;3740550.00000000;3901120.00000000;4058270.00000000;4211760.00000000;4361690.00000000;4499910.00000000;4628180.00000000;4750140.00000000;4861570.00000000;4958110.00000000;5049680.00000000;5142200.00000000;5227350.00000000;5304690.00000000;5375240.00000000;5439880.00000000;5498630.00000000;5551680.00000000;5598240.00000000;5638770.00000000;5673030.00000000;5700690.00000000;5721890.00000000;5736660.00000000;5746180.00000000;5749890.00000000;5744940.00000000;5732890.00000000;5717080.00000000;5697030.00000000;5672920.00000000;5643530.00000000;5606910.00000000;5564270.00000000;5516150.00000000;5463240.00000000;5405650.00000000;5344190.00000000;5280740.00000000;5212960.00000000;5140930.00000000;5064750.00000000;4984530.00000000;4900360.00000000;         ;         ;         ;         ;         ;         ;         ;         ;         ;         ;         ;         ;         ;         ;         
;95% UL;1731.49000000;2481.83000000;4556.18000000;9738.83000000;22339.80000000;50780.50000000;108519.00000000;208758.00000000;345362.00000000;528377.00000000;742201.00000000;981368.00000000;1227050.00000000;1479010.00000000;1730440.00000000;1973190.00000000;2198430.00000000;2414090.00000000;2608100.00000000;2777590.00000000;2921740.00000000;3051180.00000000;3186280.00000000;3321620.00000000;3461340.00000000;3605390.00000000;3752320.00000000;3909630.00000000;4072990.00000000;4236490.00000000;4398020.00000000;4560000.00000000;4711070.00000000;4846700.00000000;4973800.00000000;5095090.00000000;5199200.00000000;5298270.00000000;5398380.00000000;5491440.00000000;5577380.00000000;5657810.00000000;5733760.00000000;5802290.00000000;5863710.00000000;5918260.00000000;5966370.00000000;6007790.00000000;6042130.00000000;6068680.00000000;6090060.00000000;6103660.00000000;6110440.00000000;6110850.00000000;6106810.00000000;6096520.00000000;6080130.00000000;6057800.00000000;6029690.00000000;5995950.00000000;5956730.00000000;5912150.00000000;5862350.00000000;5807420.00000000;5747490.00000000;5684430.00000000;5618660.00000000;5548340.00000000;5473550.00000000;5394420.00000000;5311050.00000000;         ;         ;         ;         ;         ;         ;         ;         ;         ;         ;         ;         ;         ;         ;         
Total children (<15) who are living with HIV;Mean;         ;68.12900000;184.64400000;429.23600000;985.20800000;2256.71000000;4992.17000000;10237.50000000;18884.20000000;31337.40000000;47570.90000000;66950.00000000;90989.80000000;116963.00000000;144624.00000000;174032.00000000;203390.00000000;231973.00000000;259044.00000000;283846.00000000;307149.00000000;328232.00000000;346873.00000000;361118.00000000;367477.00000000;368144.00000000;367051.00000000;363553.00000000;358221.00000000;350796.00000000;339155.00000000;324912.00000000;308075.00000000;289552.00000000;270048.00000000;248279.00000000;225927.00000000;203701.00000000;182110.00000000;162432.00000000;147060.00000000;134885.00000000;123822.00000000;113265.00000000;103592.00000000;96072.90000000;89497.80000000;84160.60000000;79449.30000000;75115.90000000;71160.30000000;67566.30000000;64232.70000000;61110.10000000;58155.00000000;55330.60000000;52616.50000000;50006.00000000;47497.00000000;45067.90000000;42713.10000000;40432.80000000;38228.30000000;36101.30000000;34056.30000000;32098.00000000;30231.10000000;28458.10000000;26779.80000000;25196.40000000;23707.30000000;         ;         ;         ;         ;         ;         ;         ;         ;         ;         ;         ;         ;         ;         ;         
;95% LL;         ;22.01620000;63.87830000;168.03300000;455.50500000;1232.91000000;3078.69000000;6928.42000000;14025.60000000;24186.60000000;38966.20000000;56324.10000000;78237.10000000;102393.00000000;128542.00000000;157394.00000000;185999.00000000;215324.00000000;242960.00000000;267635.00000000;291031.00000000;313019.00000000;332359.00000000;348184.00000000;356320.00000000;357947.00000000;357419.00000000;354207.00000000;349236.00000000;341735.00000000;330159.00000000;316571.00000000;300186.00000000;281834.00000000;262118.00000000;240528.00000000;218604.00000000;196564.00000000;175269.00000000;155937.00000000;140836.00000000;128796.00000000;117908.00000000;107572.00000000;98147.10000000;90868.00000000;84502.00000000;79383.20000000;74868.80000000;70778.30000000;67180.80000000;63811.40000000;60620.70000000;57584.00000000;54793.50000000;52108.20000000;49488.30000000;46929.70000000;44481.00000000;42120.50000000;39841.70000000;37643.70000000;35517.20000000;33448.30000000;31502.30000000;29618.50000000;27826.70000000;26128.40000000;24548.20000000;23074.50000000;21658.00000000;         ;         ;         ;         ;         ;         ;         ;         ;         ;         ;         ;         ;         ;         ;         
;95% UL;         ;102.03800000;277.98800000;651.54300000;1499.34000000;3387.46000000;7227.95000000;14117.10000000;24558.30000000;39208.70000000;57389.10000000;78341.00000000;103847.00000000;130783.00000000;159004.00000000;189122.00000000;218558.00000000;247223.00000000;274673.00000000;298289.00000000;320443.00000000;340970.00000000;358696.00000000;372352.00000000;377905.00000000;377880.00000000;376624.00000000;372945.00000000;367419.00000000;359780.00000000;348003.00000000;333464.00000000;316329.00000000;297491.00000000;277741.00000000;256039.00000000;233324.00000000;210709.00000000;188748.00000000;168992.00000000;153461.00000000;141076.00000000;129796.00000000;119013.00000000;109131.00000000;101465.00000000;94751.40000000;89300.60000000;84507.20000000;80328.10000000;76508.40000000;73035.20000000;69799.30000000;66752.40000000;63851.10000000;61058.10000000;58352.60000000;55728.00000000;53183.10000000;50696.30000000;48263.00000000;45885.30000000;43566.40000000;41310.70000000;39125.00000000;37017.20000000;34994.90000000;33063.30000000;31225.90000000;29484.80000000;27841.20000000;         ;         ;         ;         ;         ;         ;         ;         ;         ;         ;         ;         ;         ;         ;         
Total people living with HIV, aged 15-24;Mean;694.48100000;986.72400000;1809.93000000;3766.78000000;8413.49000000;19108.30000000;41833.90000000;84013.00000000;150000.00000000;240410.00000000;351846.00000000;476951.00000000;599247.00000000;714653.00000000;816787.00000000;901885.00000000;968193.00000000;1014600.00000000;1041530.00000000;1050460.00000000;1043130.00000000;1022710.00000000;1000400.00000000;971407.00000000;939588.00000000;906439.00000000;870680.00000000;840949.00000000;813519.00000000;789793.00000000;770013.00000000;752428.00000000;735448.00000000;717083.00000000;699045.00000000;682395.00000000;665095.00000000;648313.00000000;635116.00000000;622642.00000000;606757.00000000;589073.00000000;569933.00000000;550098.00000000;527815.00000000;498032.00000000;464816.00000000;428714.00000000;391078.00000000;354812.00000000;323507.00000000;296310.00000000;270968.00000000;246737.00000000;224292.00000000;205371.00000000;188685.00000000;174554.00000000;162226.00000000;151207.00000000;141434.00000000;132828.00000000;125178.00000000;118325.00000000;112093.00000000;106378.00000000;101108.00000000;96213.40000000;91638.00000000;87323.10000000;83231.40000000;         ;         ;         ;         ;         ;         ;         ;         ;         ;         ;         ;         ;         ;         ;         
;95% LL;218.77000000;318.34800000;633.99300000;1549.46000000;4184.37000000;11009.10000000;27393.40000000;60277.40000000;115623.00000000;195364.00000000;296424.00000000;414496.00000000;535001.00000000;653099.00000000;761407.00000000;846816.00000000;912880.00000000;958369.00000000;985733.00000000;996610.00000000;992604.00000000;976599.00000000;959121.00000000;934007.00000000;902651.00000000;870381.00000000;835991.00000000;809056.00000000;781918.00000000;761795.00000000;742051.00000000;724880.00000000;707884.00000000;688784.00000000;671800.00000000;656286.00000000;639811.00000000;623541.00000000;610462.00000000;598646.00000000;582929.00000000;565291.00000000;547296.00000000;528002.00000000;505601.00000000;476114.00000000;443739.00000000;408730.00000000;372262.00000000;337159.00000000;306721.00000000;279897.00000000;255015.00000000;231861.00000000;210265.00000000;192317.00000000;176519.00000000;163125.00000000;151418.00000000;140937.00000000;131766.00000000;123852.00000000;116494.00000000;110072.00000000;104293.00000000;98948.60000000;93954.40000000;89200.80000000;84797.60000000;80601.90000000;76626.90000000;         ;         ;         ;         ;         ;         ;         ;         ;         ;         ;         ;         ;         ;         ;         
;95% UL;1058.35000000;1500.39000000;2768.81000000;5806.16000000;12935.80000000;28691.50000000;59990.60000000;114593.00000000;195426.00000000;298726.00000000;421116.00000000;552655.00000000;673435.00000000;786982.00000000;886177.00000000;966693.00000000;1030190.00000000;1074570.00000000;1097970.00000000;1104800.00000000;1094970.00000000;1071370.00000000;1048920.00000000;1019710.00000000;984205.00000000;948393.00000000;914027.00000000;882262.00000000;852451.00000000;826363.00000000;804312.00000000;785580.00000000;767422.00000000;747431.00000000;728152.00000000;710893.00000000;692834.00000000;674868.00000000;661309.00000000;647771.00000000;630718.00000000;613107.00000000;593531.00000000;573592.00000000;550462.00000000;520113.00000000;486219.00000000;449162.00000000;410375.00000000;372904.00000000;340890.00000000;312684.00000000;286285.00000000;261038.00000000;237878.00000000;218219.00000000;200860.00000000;186089.00000000;173390.00000000;162018.00000000;152124.00000000;143466.00000000;135775.00000000;128890.00000000;122628.00000000;116886.00000000;111587.00000000;106656.00000000;102034.00000000;97661.30000000;93498.20000000;         ;         ;         ;         ;         ;         ;         ;         ;         ;         ;         ;         ;         ;         ;         
Total males aged 15-24 who are living with HIV;Mean;177.31900000;240.11900000;436.09500000;891.12600000;1942.96000000;4335.73000000;9388.83000000;19295.50000000;35350.10000000;57946.40000000;86107.20000000;117523.00000000;147353.00000000;174830.00000000;198424.00000000;217436.00000000;231610.00000000;240684.00000000;244514.00000000;243583.00000000;238529.00000000;230323.00000000;222666.00000000;213825.00000000;205115.00000000;196985.00000000;189529.00000000;183907.00000000;180007.00000000;178079.00000000;178119.00000000;179123.00000000;180351.00000000;181080.00000000;181518.00000000;182447.00000000;183186.00000000;183782.00000000;184524.00000000;184321.00000000;181646.00000000;177042.00000000;171154.00000000;164273.00000000;156272.00000000;145636.00000000;133878.00000000;121482.00000000;109057.00000000;97565.80000000;88333.20000000;80866.70000000;73948.90000000;67278.10000000;61087.90000000;56110.10000000;51754.20000000;48197.70000000;45106.10000000;42339.40000000;39881.40000000;37706.80000000;35742.70000000;33945.60000000;32282.50000000;30725.60000000;29256.70000000;27867.60000000;26553.10000000;25297.70000000;24093.20000000;         ;         ;         ;         ;         ;         ;         ;         ;         ;         ;         ;         ;         ;         ;         
;95% LL;55.85760000;77.94190000;154.86700000;356.37800000;931.76400000;2374.04000000;5870.04000000;13351.90000000;26291.00000000;46164.60000000;71664.00000000;100508.00000000;128830.00000000;155584.00000000;179067.00000000;198147.00000000;212208.00000000;219994.00000000;223818.00000000;223474.00000000;219423.00000000;212503.00000000;206100.00000000;198597.00000000;191201.00000000;184308.00000000;177989.00000000;173322.00000000;169888.00000000;168582.00000000;169254.00000000;170947.00000000;172941.00000000;174500.00000000;175658.00000000;177094.00000000;178058.00000000;178806.00000000;180034.00000000;179751.00000000;177345.00000000;172557.00000000;166781.00000000;159938.00000000;151961.00000000;141354.00000000;129688.00000000;117454.00000000;105296.00000000;93903.50000000;84921.50000000;77524.00000000;70687.20000000;64115.20000000;58047.00000000;53214.70000000;49016.80000000;45620.40000000;42705.00000000;40089.20000000;37734.70000000;35659.40000000;33792.90000000;32087.80000000;30509.30000000;29002.80000000;27576.50000000;26205.90000000;24953.00000000;23733.30000000;22557.00000000;         ;         ;         ;         ;         ;         ;         ;         ;         ;         ;         ;         ;         ;         ;         
;95% UL;270.22400000;369.86300000;681.08500000;1407.52000000;3073.45000000;6740.68000000;14026.00000000;27294.50000000;47297.50000000;73758.70000000;104927.00000000;138814.00000000;170174.00000000;197555.00000000;221384.00000000;241046.00000000;254954.00000000;263296.00000000;266693.00000000;265540.00000000;259938.00000000;250485.00000000;241904.00000000;232016.00000000;222745.00000000;213864.00000000;205433.00000000;198841.00000000;194098.00000000;191481.00000000;190793.00000000;191204.00000000;191960.00000000;192132.00000000;191244.00000000;190742.00000000;190665.00000000;190537.00000000;190751.00000000;190144.00000000;187321.00000000;182606.00000000;176622.00000000;169763.00000000;161646.00000000;150816.00000000;139052.00000000;126586.00000000;113911.00000000;102099.00000000;92642.00000000;84983.30000000;77886.80000000;71012.70000000;64630.40000000;59523.80000000;55038.90000000;51404.50000000;48092.40000000;45148.10000000;42598.10000000;40382.00000000;38486.40000000;36749.40000000;35137.90000000;33623.50000000;32188.00000000;30823.10000000;29524.40000000;28276.00000000;27069.40000000;         ;         ;         ;         ;         ;         ;         ;         ;         ;         ;         ;         ;         ;         ;         
Total females aged 15-24 who are living with HIV;Mean;517.16200000;746.60600000;1373.84000000;2875.66000000;6470.53000000;14772.50000000;32445.00000000;64717.40000000;114650.00000000;182464.00000000;265738.00000000;359428.00000000;451894.00000000;539823.00000000;618362.00000000;684450.00000000;736582.00000000;773921.00000000;797016.00000000;806879.00000000;804596.00000000;792391.00000000;777733.00000000;757582.00000000;734473.00000000;709454.00000000;681150.00000000;657042.00000000;633512.00000000;611714.00000000;591894.00000000;573304.00000000;555097.00000000;536003.00000000;517527.00000000;499948.00000000;481909.00000000;464532.00000000;450592.00000000;438321.00000000;425111.00000000;412030.00000000;398778.00000000;385824.00000000;371543.00000000;352396.00000000;330938.00000000;307232.00000000;282021.00000000;257247.00000000;235174.00000000;215444.00000000;197019.00000000;179459.00000000;163204.00000000;149261.00000000;136931.00000000;126357.00000000;117120.00000000;108867.00000000;101552.00000000;95121.70000000;89435.40000000;84379.20000000;79810.00000000;75652.20000000;71850.80000000;68345.80000000;65085.00000000;62025.40000000;59138.30000000;         ;         ;         ;         ;         ;         ;         ;         ;         ;         ;         ;         ;         ;         ;         
;95% LL;162.91200000;241.11900000;486.50800000;1187.79000000;3242.39000000;8689.05000000;20957.80000000;46061.50000000;86916.50000000;148154.00000000;223332.00000000;310978.00000000;401115.00000000;490031.00000000;572289.00000000;643628.00000000;694436.00000000;731123.00000000;754541.00000000;765475.00000000;764361.00000000;756167.00000000;739878.00000000;722446.00000000;700866.00000000;677602.00000000;650549.00000000;628188.00000000;606097.00000000;586198.00000000;566273.00000000;548371.00000000;529461.00000000;511175.00000000;493979.00000000;477475.00000000;459481.00000000;442957.00000000;430219.00000000;418174.00000000;405108.00000000;392081.00000000;378871.00000000;365970.00000000;351854.00000000;333137.00000000;312324.00000000;289574.00000000;265380.00000000;241698.00000000;220703.00000000;201850.00000000;184028.00000000;167279.00000000;151900.00000000;138758.00000000;127168.00000000;117259.00000000;108625.00000000;100935.00000000;94039.00000000;87930.60000000;82676.70000000;77791.70000000;73470.20000000;69447.90000000;65909.10000000;62619.20000000;59548.20000000;56600.50000000;53824.40000000;         ;         ;         ;         ;         ;         ;         ;         ;         ;         ;         ;         ;         ;         ;         
;95% UL;788.12400000;1130.53000000;2087.72000000;4398.64000000;9862.33000000;21950.80000000;46431.20000000;88099.70000000;149364.00000000;226813.00000000;317134.00000000;414951.00000000;507094.00000000;594187.00000000;669816.00000000;731935.00000000;781835.00000000;816344.00000000;838438.00000000;847687.00000000;843681.00000000;829918.00000000;814718.00000000;792948.00000000;768175.00000000;741911.00000000;711876.00000000;689050.00000000;664793.00000000;642613.00000000;621139.00000000;601503.00000000;582622.00000000;561823.00000000;541831.00000000;523350.00000000;504941.00000000;486691.00000000;471814.00000000;458642.00000000;445115.00000000;431981.00000000;418140.00000000;404921.00000000;390449.00000000;370883.00000000;348693.00000000;324065.00000000;298510.00000000;273143.00000000;250380.00000000;229874.00000000;210619.00000000;192190.00000000;175075.00000000;160331.00000000;147329.00000000;136359.00000000;126771.00000000;118192.00000000;110498.00000000;103607.00000000;97576.50000000;92264.00000000;87490.50000000;83262.10000000;79398.80000000;75833.00000000;72510.10000000;69385.40000000;66428.70000000;         ;         ;         ;         ;         ;         ;         ;         ;         ;         ;         ;         ;         ;         ;         
Total people living with HIV, aged 15-49;Mean;2040.13000000;3031.33000000;5883.77000000;13074.10000000;30850.30000000;72546.90000000;159783.00000000;314452.00000000;540622.00000000;831114.00000000;1175480.00000000;1560890.00000000;1951060.00000000;2342280.00000000;2720510.00000000;3074090.00000000;3394030.00000000;3684380.00000000;3934130.00000000;4144020.00000000;4315720.00000000;4462640.00000000;4616170.00000000;4766990.00000000;4918170.00000000;5067870.00000000;5219700.00000000;5380340.00000000;5543000.00000000;5700880.00000000;5847330.00000000;5980140.00000000;6094200.00000000;6184160.00000000;6256310.00000000;6308630.00000000;6334640.00000000;6340100.00000000;6329170.00000000;6297050.00000000;6243640.00000000;6171770.00000000;6083790.00000000;5979390.00000000;5857400.00000000;5714690.00000000;5551890.00000000;5369910.00000000;5172130.00000000;4964070.00000000;4751280.00000000;4535070.00000000;4322410.00000000;4115880.00000000;3916800.00000000;3725960.00000000;3543900.00000000;3371450.00000000;3208420.00000000;3054020.00000000;2907240.00000000;2767270.00000000;2634340.00000000;2512360.00000000;2397840.00000000;2287150.00000000;2180470.00000000;2075590.00000000;1972950.00000000;1870580.00000000;1764340.00000000;         ;         ;         ;         ;         ;         ;         ;         ;         ;         ;         ;         ;         ;         ;         
;95% LL;642.66500000;991.59500000;2161.64000000;5708.60000000;16135.20000000;43108.70000000;105081.00000000;222561.00000000;414913.00000000;673760.00000000;996846.00000000;1361320.00000000;1744620.00000000;2134160.00000000;2517820.00000000;2879700.00000000;3213550.00000000;3515500.00000000;3775650.00000000;3996940.00000000;4185810.00000000;4348340.00000000;4509630.00000000;4659430.00000000;4816540.00000000;4972040.00000000;5128420.00000000;5287090.00000000;5438890.00000000;5590710.00000000;5735750.00000000;5868670.00000000;5977850.00000000;6060770.00000000;6125670.00000000;6173990.00000000;6196660.00000000;6199350.00000000;6185100.00000000;6149120.00000000;6094130.00000000;6023950.00000000;5932340.00000000;5821970.00000000;5698880.00000000;5548050.00000000;5377360.00000000;5190320.00000000;4996000.00000000;4792190.00000000;4584310.00000000;4373690.00000000;4167130.00000000;3962950.00000000;3764850.00000000;3575520.00000000;3395500.00000000;3228530.00000000;3069860.00000000;2918540.00000000;2775200.00000000;2638880.00000000;2509690.00000000;2391200.00000000;2280000.00000000;2172560.00000000;2069020.00000000;1966640.00000000;1865770.00000000;1765090.00000000;1660890.00000000;         ;         ;         ;         ;         ;         ;         ;         ;         ;         ;         ;         ;         ;         ;         
;95% UL;3109.04000000;4636.12000000;9111.97000000;20458.90000000;48068.20000000;109755.00000000;234477.00000000;429185.00000000;693629.00000000;1013950.00000000;1384100.00000000;1789590.00000000;2193620.00000000;2575960.00000000;2933410.00000000;3273320.00000000;3577540.00000000;3856690.00000000;4096210.00000000;4291300.00000000;4454420.00000000;4594350.00000000;4746140.00000000;4883250.00000000;5028300.00000000;5173690.00000000;5333030.00000000;5499670.00000000;5667470.00000000;5832770.00000000;5980980.00000000;6121360.00000000;6244750.00000000;6338910.00000000;6414710.00000000;6470970.00000000;6503860.00000000;6513080.00000000;6504970.00000000;6478210.00000000;6429400.00000000;6357040.00000000;6271090.00000000;6168650.00000000;6049310.00000000;5911630.00000000;5746990.00000000;5562700.00000000;5359970.00000000;5155850.00000000;4937620.00000000;4719280.00000000;4503680.00000000;4301000.00000000;4104480.00000000;3914970.00000000;3726280.00000000;3545850.00000000;3386610.00000000;3235010.00000000;3090150.00000000;2951300.00000000;2818810.00000000;2697020.00000000;2582390.00000000;2471150.00000000;2363600.00000000;2257400.00000000;2153020.00000000;2048350.00000000;1938980.00000000;         ;         ;         ;         ;         ;         ;         ;         ;         ;         ;         ;         ;         ;         ;         
Total males aged 15-49 who are living with HIV;Mean;903.93600000;1410.10000000;2941.25000000;6853.55000000;16558.70000000;39230.10000000;85512.30000000;165706.00000000;277815.00000000;414497.00000000;568241.00000000;731759.00000000;887394.00000000;1034930.00000000;1169410.00000000;1287660.00000000;1388050.00000000;1476820.00000000;1548320.00000000;1604280.00000000;1646470.00000000;1679730.00000000;1716600.00000000;1753080.00000000;1791060.00000000;1830380.00000000;1873710.00000000;1919550.00000000;1968220.00000000;2016200.00000000;2060030.00000000;2098400.00000000;2129200.00000000;2150090.00000000;2163830.00000000;2170060.00000000;2166250.00000000;2154390.00000000;2136260.00000000;2110350.00000000;2076560.00000000;2036290.00000000;1990820.00000000;1940290.00000000;1884470.00000000;1822330.00000000;1754580.00000000;1681760.00000000;1605390.00000000;1527520.00000000;1450020.00000000;1373700.00000000;1300790.00000000;1231850.00000000;1167050.00000000;1106430.00000000;1050050.00000000;997816.00000000;949418.00000000;904228.00000000;861828.00000000;821777.00000000;784039.00000000;749357.00000000;716632.00000000;684868.00000000;653795.00000000;622808.00000000;591983.00000000;561228.00000000;529581.00000000;         ;         ;         ;         ;         ;         ;         ;         ;         ;         ;         ;         ;         ;         ;         
;95% LL;284.75100000;467.82600000;1121.88000000;3103.01000000;8739.59000000;23699.30000000;56225.00000000;113167.00000000;207789.00000000;323346.00000000;459473.00000000;615345.00000000;766336.00000000;914403.00000000;1058390.00000000;1183310.00000000;1290090.00000000;1385550.00000000;1463900.00000000;1522340.00000000;1569550.00000000;1604820.00000000;1636810.00000000;1671970.00000000;1711510.00000000;1752370.00000000;1794880.00000000;1838540.00000000;1887300.00000000;1934950.00000000;1978530.00000000;2016930.00000000;2048020.00000000;2069420.00000000;2083830.00000000;2091120.00000000;2088720.00000000;2078300.00000000;2061460.00000000;2036720.00000000;2004060.00000000;1964980.00000000;1920870.00000000;1871950.00000000;1818050.00000000;1757380.00000000;1690150.00000000;1618910.00000000;1542350.00000000;1465700.00000000;1389850.00000000;1315300.00000000;1244110.00000000;1177080.00000000;1114310.00000000;1055840.00000000;1000960.00000000;951461.00000000;905130.00000000;862296.00000000;822097.00000000;783792.00000000;748055.00000000;714254.00000000;682660.00000000;651730.00000000;621348.00000000;591489.00000000;560527.00000000;529794.00000000;498689.00000000;         ;         ;         ;         ;         ;         ;         ;         ;         ;         ;         ;         ;         ;         ;         
;95% UL;1377.55000000;2172.43000000;4613.86000000;10873.30000000;26112.40000000;59883.70000000;127348.00000000;227441.00000000;355468.00000000;514263.00000000;679211.00000000;840338.00000000;992078.00000000;1153410.00000000;1295610.00000000;1415410.00000000;1512090.00000000;1593770.00000000;1655440.00000000;1700030.00000000;1730640.00000000;1762520.00000000;1797420.00000000;1834070.00000000;1872770.00000000;1912850.00000000;1954710.00000000;2000520.00000000;2050320.00000000;2099380.00000000;2143990.00000000;2182750.00000000;2213810.00000000;2235540.00000000;2249780.00000000;2256390.00000000;2252620.00000000;2239860.00000000;2222330.00000000;2196490.00000000;2163190.00000000;2124260.00000000;2079160.00000000;2028780.00000000;1972880.00000000;1910780.00000000;1841840.00000000;1768960.00000000;1691580.00000000;1611880.00000000;1534030.00000000;1454680.00000000;1379070.00000000;1305910.00000000;1239020.00000000;1174200.00000000;1114220.00000000;1058440.00000000;1006610.00000000;958135.00000000;912629.00000000;869674.00000000;829740.00000000;793888.00000000;760361.00000000;727663.00000000;695867.00000000;664205.00000000;632727.00000000;601330.00000000;569079.00000000;         ;         ;         ;         ;         ;         ;         ;         ;         ;         ;         ;         ;         ;         ;         
Total females aged 15-49 who are living with HIV;Mean;1136.19000000;1621.23000000;2942.52000000;6220.52000000;14291.60000000;33316.80000000;74270.30000000;148746.00000000;262808.00000000;416617.00000000;607240.00000000;829127.00000000;1063660.00000000;1307350.00000000;1551100.00000000;1786420.00000000;2005980.00000000;2207560.00000000;2385800.00000000;2539740.00000000;2669250.00000000;2782910.00000000;2899570.00000000;3013920.00000000;3127110.00000000;3237490.00000000;3345990.00000000;3460790.00000000;3574780.00000000;3684680.00000000;3787300.00000000;3881750.00000000;3965000.00000000;4034070.00000000;4092480.00000000;4138570.00000000;4168390.00000000;4185700.00000000;4192910.00000000;4186690.00000000;4167090.00000000;4135480.00000000;4092970.00000000;4039100.00000000;3972930.00000000;3892350.00000000;3797310.00000000;3688150.00000000;3566730.00000000;3436550.00000000;3301260.00000000;3161360.00000000;3021620.00000000;2884020.00000000;2749750.00000000;2619530.00000000;2493840.00000000;2373630.00000000;2259010.00000000;2149800.00000000;2045410.00000000;1945500.00000000;1850310.00000000;1763000.00000000;1681210.00000000;1602280.00000000;1526680.00000000;1452780.00000000;1380970.00000000;1309360.00000000;1234760.00000000;         ;         ;         ;         ;         ;         ;         ;         ;         ;         ;         ;         ;         ;         ;         
;95% LL;357.91400000;524.34000000;1047.85000000;2612.04000000;7343.92000000;19558.80000000;48855.90000000;106404.00000000;203503.00000000;338992.00000000;518663.00000000;724757.00000000;948223.00000000;1185410.00000000;1427290.00000000;1664980.00000000;1890460.00000000;2100590.00000000;2289470.00000000;2455510.00000000;2587570.00000000;2701710.00000000;2822270.00000000;2932740.00000000;3049030.00000000;3162660.00000000;3270860.00000000;3385390.00000000;3498070.00000000;3605750.00000000;3706300.00000000;3796090.00000000;3878090.00000000;3945630.00000000;4001150.00000000;4045400.00000000;4073940.00000000;4090490.00000000;4095190.00000000;4086390.00000000;4064300.00000000;4027370.00000000;3977710.00000000;3919290.00000000;3851510.00000000;3771210.00000000;3676980.00000000;3568930.00000000;3442700.00000000;3309000.00000000;3177690.00000000;3037410.00000000;2897000.00000000;2759070.00000000;2624900.00000000;2495890.00000000;2374690.00000000;2258950.00000000;2148350.00000000;2040130.00000000;1938180.00000000;1839380.00000000;1745780.00000000;1660180.00000000;1580190.00000000;1504430.00000000;1432270.00000000;1360490.00000000;1290900.00000000;1221740.00000000;1150010.00000000;         ;         ;         ;         ;         ;         ;         ;         ;         ;         ;         ;         ;         ;         ;         
;95% UL;1731.49000000;2463.69000000;4498.11000000;9585.66000000;21955.90000000;49871.60000000;106518.00000000;204854.00000000;339068.00000000;518574.00000000;728064.00000000;960244.00000000;1198100.00000000;1440430.00000000;1681220.00000000;1909570.00000000;2124150.00000000;2323540.00000000;2498100.00000000;2645290.00000000;2769290.00000000;2873920.00000000;2985860.00000000;3098760.00000000;3205690.00000000;3316630.00000000;3422730.00000000;3541040.00000000;3658970.00000000;3771300.00000000;3874750.00000000;3975620.00000000;4063640.00000000;4133310.00000000;4196450.00000000;4250580.00000000;4287020.00000000;4306800.00000000;4316400.00000000;4312440.00000000;4294930.00000000;4265200.00000000;4224490.00000000;4172890.00000000;4111580.00000000;4031630.00000000;3938120.00000000;3831780.00000000;3709050.00000000;3576190.00000000;3442600.00000000;3304400.00000000;3162760.00000000;3023740.00000000;2887730.00000000;2759360.00000000;2637850.00000000;2521030.00000000;2409080.00000000;2301880.00000000;2198860.00000000;2099700.00000000;2004720.00000000;1917470.00000000;1835460.00000000;1755870.00000000;1679140.00000000;1599960.00000000;1525500.00000000;1451460.00000000;1373710.00000000;         ;         ;         ;         ;         ;         ;         ;         ;         ;         ;         ;         ;         ;         ;         
Total people living with HIV, aged 25-49;Mean;1345.65000000;2044.60000000;4073.84000000;9307.29000000;22436.80000000;53438.60000000;117949.00000000;230439.00000000;390623.00000000;590704.00000000;823636.00000000;1083940.00000000;1351810.00000000;1627630.00000000;1903730.00000000;2172200.00000000;2425840.00000000;2669770.00000000;2892600.00000000;3093550.00000000;3272600.00000000;3439930.00000000;3615770.00000000;3795590.00000000;3978580.00000000;4161430.00000000;4349020.00000000;4539390.00000000;4729480.00000000;4911090.00000000;5077320.00000000;5227720.00000000;5358750.00000000;5467080.00000000;5557270.00000000;5626240.00000000;5669540.00000000;5691780.00000000;5694050.00000000;5674400.00000000;5636890.00000000;5582700.00000000;5513860.00000000;5429290.00000000;5329590.00000000;5216650.00000000;5087070.00000000;4941200.00000000;4781050.00000000;4609260.00000000;4427780.00000000;4238760.00000000;4051440.00000000;3869140.00000000;3692500.00000000;3520590.00000000;3355210.00000000;3196890.00000000;3046200.00000000;2902820.00000000;2765810.00000000;2634450.00000000;2509170.00000000;2394040.00000000;2285750.00000000;2180770.00000000;2079370.00000000;1979370.00000000;1881310.00000000;1783260.00000000;1681110.00000000;         ;         ;         ;         ;         ;         ;         ;         ;         ;         ;         ;         ;         ;         ;         
;95% LL;423.89500000;673.88100000;1527.65000000;4141.68000000;11892.60000000;32418.70000000;77593.70000000;157204.00000000;300202.00000000;472958.00000000;684100.00000000;928470.00000000;1191970.00000000;1461880.00000000;1740310.00000000;2024930.00000000;2283450.00000000;2536260.00000000;2771820.00000000;2985860.00000000;3175310.00000000;3348830.00000000;3529050.00000000;3712040.00000000;3897210.00000000;4081470.00000000;4268440.00000000;4458760.00000000;4646680.00000000;4824200.00000000;4987110.00000000;5129960.00000000;5251990.00000000;5356860.00000000;5445040.00000000;5512420.00000000;5550950.00000000;5566490.00000000;5563330.00000000;5541920.00000000;5503000.00000000;5447800.00000000;5380010.00000000;5294380.00000000;5187760.00000000;5075360.00000000;4938320.00000000;4784080.00000000;4616740.00000000;4449160.00000000;4270960.00000000;4087030.00000000;3905290.00000000;3727820.00000000;3551610.00000000;3381740.00000000;3219860.00000000;3066170.00000000;2917490.00000000;2776040.00000000;2641470.00000000;2513020.00000000;2391000.00000000;2279090.00000000;2174020.00000000;2072340.00000000;1973440.00000000;1876360.00000000;1780940.00000000;1684490.00000000;1584140.00000000;         ;         ;         ;         ;         ;         ;         ;         ;         ;         ;         ;         ;         ;         ;         
;95% UL;2050.69000000;3135.73000000;6343.16000000;14652.80000000;35132.40000000;81063.70000000;174487.00000000;317613.00000000;498542.00000000;719634.00000000;968527.00000000;1244950.00000000;1523740.00000000;1798520.00000000;2069240.00000000;2332530.00000000;2581840.00000000;2819390.00000000;3031450.00000000;3218510.00000000;3381820.00000000;3537060.00000000;3712720.00000000;3894480.00000000;4070050.00000000;4251350.00000000;4445980.00000000;4642640.00000000;4839420.00000000;5031810.00000000;5200930.00000000;5357550.00000000;5488840.00000000;5600940.00000000;5693840.00000000;5769250.00000000;5818430.00000000;5845800.00000000;5856520.00000000;5840030.00000000;5802000.00000000;5751690.00000000;5685940.00000000;5603560.00000000;5505320.00000000;5395860.00000000;5266960.00000000;5120990.00000000;4959390.00000000;4785920.00000000;4603410.00000000;4409660.00000000;4218270.00000000;4040440.00000000;3867000.00000000;3697010.00000000;3528680.00000000;3362080.00000000;3213480.00000000;3073030.00000000;2938030.00000000;2807840.00000000;2683040.00000000;2568130.00000000;2459760.00000000;2354260.00000000;2252010.00000000;2150740.00000000;2050990.00000000;1950680.00000000;1845480.00000000;         ;         ;         ;         ;         ;         ;         ;         ;         ;         ;         ;         ;         ;         ;         
Total males aged 25-49 who are living with HIV;Mean;726.61700000;1169.98000000;2505.16000000;5962.43000000;14615.70000000;34894.40000000;76123.50000000;146411.00000000;242464.00000000;356551.00000000;482134.00000000;614236.00000000;740042.00000000;860101.00000000;970986.00000000;1070230.00000000;1156440.00000000;1236130.00000000;1303810.00000000;1360690.00000000;1407940.00000000;1449410.00000000;1493930.00000000;1539250.00000000;1585940.00000000;1633390.00000000;1684180.00000000;1735640.00000000;1788210.00000000;1838120.00000000;1881910.00000000;1919270.00000000;1948840.00000000;1969010.00000000;1982320.00000000;1987620.00000000;1983060.00000000;1970610.00000000;1951740.00000000;1926030.00000000;1894910.00000000;1859250.00000000;1819670.00000000;1776020.00000000;1728200.00000000;1676700.00000000;1620700.00000000;1560280.00000000;1496340.00000000;1429950.00000000;1361690.00000000;1292840.00000000;1226840.00000000;1164580.00000000;1105960.00000000;1050320.00000000;998300.00000000;949619.00000000;904312.00000000;861889.00000000;821947.00000000;784071.00000000;748297.00000000;715411.00000000;684349.00000000;654143.00000000;624539.00000000;594941.00000000;565430.00000000;535930.00000000;505488.00000000;         ;         ;         ;         ;         ;         ;         ;         ;         ;         ;         ;         ;         ;         ;         
;95% LL;228.89300000;390.79700000;967.01600000;2767.65000000;7747.92000000;20780.70000000;48316.50000000;100388.00000000;177798.00000000;272972.00000000;383179.00000000;503457.00000000;629615.00000000;753885.00000000;868566.00000000;974326.00000000;1068770.00000000;1154880.00000000;1230610.00000000;1291890.00000000;1342360.00000000;1381730.00000000;1426370.00000000;1471940.00000000;1516800.00000000;1562650.00000000;1613620.00000000;1665190.00000000;1716990.00000000;1765790.00000000;1808610.00000000;1845320.00000000;1874510.00000000;1894520.00000000;1907920.00000000;1913750.00000000;1910140.00000000;1898720.00000000;1880810.00000000;1855980.00000000;1825690.00000000;1790890.00000000;1752290.00000000;1709830.00000000;1663480.00000000;1613790.00000000;1559260.00000000;1499250.00000000;1436160.00000000;1370920.00000000;1304120.00000000;1237000.00000000;1172650.00000000;1112190.00000000;1055500.00000000;1001890.00000000;951952.00000000;905422.00000000;861953.00000000;821428.00000000;783293.00000000;747311.00000000;713343.00000000;681764.00000000;651758.00000000;622401.00000000;593449.00000000;564458.00000000;535339.00000000;505802.00000000;475885.00000000;         ;         ;         ;         ;         ;         ;         ;         ;         ;         ;         ;         ;         ;         ;         
;95% UL;1107.32000000;1803.92000000;3932.77000000;9465.75000000;23038.90000000;53143.00000000;113830.00000000;201172.00000000;313100.00000000;441940.00000000;575469.00000000;706457.00000000;841413.00000000;975508.00000000;1094410.00000000;1195830.00000000;1279180.00000000;1352670.00000000;1411300.00000000;1457440.00000000;1493300.00000000;1523600.00000000;1560680.00000000;1606160.00000000;1652460.00000000;1701550.00000000;1753940.00000000;1807820.00000000;1862580.00000000;1914330.00000000;1959410.00000000;1997520.00000000;2027330.00000000;2047320.00000000;2061440.00000000;2067640.00000000;2063670.00000000;2051660.00000000;2033450.00000000;2008230.00000000;1977500.00000000;1942130.00000000;1903250.00000000;1859690.00000000;1811700.00000000;1760300.00000000;1704680.00000000;1643810.00000000;1578830.00000000;1510780.00000000;1442180.00000000;1371080.00000000;1302130.00000000;1236530.00000000;1174660.00000000;1115590.00000000;1060130.00000000;1008070.00000000;959494.00000000;913952.00000000;871069.00000000;830446.00000000;792411.00000000;757726.00000000;725931.00000000;695006.00000000;664681.00000000;634341.00000000;605008.00000000;574935.00000000;543817.00000000;         ;         ;         ;         ;         ;         ;         ;         ;         ;         ;         ;         ;         ;         ;         
Total females aged 25-49 who are living with HIV;Mean;619.03100000;874.62700000;1568.68000000;3344.86000000;7821.03000000;18544.20000000;41825.20000000;84028.60000000;148158.00000000;234153.00000000;341502.00000000;469699.00000000;611768.00000000;767529.00000000;932739.00000000;1101970.00000000;1269400.00000000;1433640.00000000;1588780.00000000;1732860.00000000;1864660.00000000;1990510.00000000;2121830.00000000;2256340.00000000;2392640.00000000;2528040.00000000;2664840.00000000;2803750.00000000;2941270.00000000;3072970.00000000;3195410.00000000;3308440.00000000;3409900.00000000;3498070.00000000;3574950.00000000;3638620.00000000;3686480.00000000;3721170.00000000;3742320.00000000;3748370.00000000;3741980.00000000;3723450.00000000;3694190.00000000;3653270.00000000;3601390.00000000;3539960.00000000;3466370.00000000;3380920.00000000;3284710.00000000;3179310.00000000;3066090.00000000;2945920.00000000;2824600.00000000;2704560.00000000;2586540.00000000;2470270.00000000;2356910.00000000;2247270.00000000;2141880.00000000;2040930.00000000;1943860.00000000;1850380.00000000;1760870.00000000;1678620.00000000;1601400.00000000;1526630.00000000;1454830.00000000;1384430.00000000;1315880.00000000;1247330.00000000;1175620.00000000;         ;         ;         ;         ;         ;         ;         ;         ;         ;         ;         ;         ;         ;         ;         
;95% LL;195.00200000;282.48200000;563.29400000;1424.26000000;4041.68000000;11003.20000000;27311.70000000;59263.60000000;113645.00000000;188252.00000000;285309.00000000;405385.00000000;541991.00000000;694487.00000000;855004.00000000;1021100.00000000;1188140.00000000;1354590.00000000;1514560.00000000;1665690.00000000;1799480.00000000;1927890.00000000;2058630.00000000;2196960.00000000;2331330.00000000;2467320.00000000;2602340.00000000;2739710.00000000;2876740.00000000;3007990.00000000;3129100.00000000;3238380.00000000;3340200.00000000;3427760.00000000;3503500.00000000;3565400.00000000;3611070.00000000;3640750.00000000;3661430.00000000;3662780.00000000;3655150.00000000;3633800.00000000;3602540.00000000;3553340.00000000;3492670.00000000;3428250.00000000;3354890.00000000;3270210.00000000;3175330.00000000;3065890.00000000;2951490.00000000;2835550.00000000;2711490.00000000;2590600.00000000;2472500.00000000;2357130.00000000;2247520.00000000;2141680.00000000;2037680.00000000;1938780.00000000;1843070.00000000;1751330.00000000;1663650.00000000;1582960.00000000;1507410.00000000;1434630.00000000;1364930.00000000;1296510.00000000;1230480.00000000;1164480.00000000;1095140.00000000;         ;         ;         ;         ;         ;         ;         ;         ;         ;         ;         ;         ;         ;         ;         
;95% UL;943.36800000;1333.16000000;2410.39000000;5187.02000000;12093.50000000;27920.80000000;61323.70000000;119754.00000000;196279.00000000;291088.00000000;405189.00000000;542445.00000000;689439.00000000;850044.00000000;1021400.00000000;1190640.00000000;1351100.00000000;1513740.00000000;1665150.00000000;1803950.00000000;1931840.00000000;2055240.00000000;2184060.00000000;2317490.00000000;2453660.00000000;2588100.00000000;2726260.00000000;2866670.00000000;3008670.00000000;3142900.00000000;3268340.00000000;3388080.00000000;3492270.00000000;3583000.00000000;3662000.00000000;3727660.00000000;3777450.00000000;3815490.00000000;3846350.00000000;3855000.00000000;3852520.00000000;3836620.00000000;3809700.00000000;3772490.00000000;3720360.00000000;3662690.00000000;3591210.00000000;3507810.00000000;3414040.00000000;3306840.00000000;3194440.00000000;3077730.00000000;2956620.00000000;2834260.00000000;2714250.00000000;2599030.00000000;2490570.00000000;2384950.00000000;2282750.00000000;2184240.00000000;2088900.00000000;1996460.00000000;1907380.00000000;1825360.00000000;1748050.00000000;1672730.00000000;1600010.00000000;1525140.00000000;1452980.00000000;1382080.00000000;1307280.00000000;         ;         ;         ;         ;         ;         ;         ;         ;         ;         ;         ;         ;         ;         ;         
Total people living with HIV, aged 50+;Mean;         ;40.40380000;155.97100000;454.94200000;1204.94000000;2970.80000000;6625.78000000;12960.30000000;22141.00000000;34040.20000000;48667.90000000;66145.60000000;86257.10000000;108907.00000000;133816.00000000;160486.00000000;188419.00000000;218917.00000000;250537.00000000;283040.00000000;316022.00000000;350528.00000000;386303.00000000;425827.00000000;469765.00000000;518529.00000000;573549.00000000;634560.00000000;703679.00000000;779451.00000000;860579.00000000;946631.00000000;1037300.00000000;1132640.00000000;1234010.00000000;1340420.00000000;1448290.00000000;1567370.00000000;1703480.00000000;1848770.00000000;2002140.00000000;2162800.00000000;2330100.00000000;2504490.00000000;2687450.00000000;2880550.00000000;3084100.00000000;3296770.00000000;3514960.00000000;3733480.00000000;3946820.00000000;4153730.00000000;4347460.00000000;4525740.00000000;4687590.00000000;4832550.00000000;4960400.00000000;5070580.00000000;5163560.00000000;5240440.00000000;5302500.00000000;5350800.00000000;5385380.00000000;5402570.00000000;5406080.00000000;5399780.00000000;5383700.00000000;5360310.00000000;5329360.00000000;5293090.00000000;5255890.00000000;         ;         ;         ;         ;         ;         ;         ;         ;         ;         ;         ;         ;         ;         ;         
;95% LL;         ;14.35270000;63.50110000;216.29800000;636.37600000;1741.01000000;4054.65000000;8532.11000000;16094.40000000;25578.00000000;37452.40000000;52228.40000000;69870.40000000;90082.20000000;113081.00000000;137962.00000000;164363.00000000;194507.00000000;226390.00000000;258442.00000000;291196.00000000;324902.00000000;360685.00000000;399052.00000000;441608.00000000;488711.00000000;541845.00000000;600974.00000000;667936.00000000;741458.00000000;820395.00000000;904070.00000000;992525.00000000;1085860.00000000;1183640.00000000;1287300.00000000;1391690.00000000;1509360.00000000;1645090.00000000;1787250.00000000;1940540.00000000;2100770.00000000;2265170.00000000;2436400.00000000;2614800.00000000;2803060.00000000;3001740.00000000;3214740.00000000;3428940.00000000;3642250.00000000;3850300.00000000;4052380.00000000;4243810.00000000;4418150.00000000;4579370.00000000;4722100.00000000;4847840.00000000;4956090.00000000;5043960.00000000;5117340.00000000;5174890.00000000;5217740.00000000;5247430.00000000;5260440.00000000;5260350.00000000;5250900.00000000;5232080.00000000;5206210.00000000;5173020.00000000;5134600.00000000;5095200.00000000;         ;         ;         ;         ;         ;         ;         ;         ;         ;         ;         ;         ;         ;         ;         
;95% UL;         ;63.85080000;246.13700000;722.70200000;1898.79000000;4538.72000000;10074.00000000;18136.20000000;29143.30000000;43139.80000000;59675.30000000;79294.10000000;101814.00000000;126652.00000000;153669.00000000;183257.00000000;213362.00000000;245394.00000000;277648.00000000;309878.00000000;341742.00000000;375756.00000000;412811.00000000;453398.00000000;500154.00000000;554035.00000000;613396.00000000;676786.00000000;748932.00000000;829045.00000000;914360.00000000;1004970.00000000;1098740.00000000;1195940.00000000;1298630.00000000;1405580.00000000;1512850.00000000;1630780.00000000;1765430.00000000;1908370.00000000;2060690.00000000;2223730.00000000;2393450.00000000;2571870.00000000;2757220.00000000;2951340.00000000;3161970.00000000;3376170.00000000;3599570.00000000;3823530.00000000;4042120.00000000;4254080.00000000;4452530.00000000;4635190.00000000;4801040.00000000;4949590.00000000;5080570.00000000;5193370.00000000;5295060.00000000;5377080.00000000;5439960.00000000;5493260.00000000;5543390.00000000;5572360.00000000;5581960.00000000;5578310.00000000;5560640.00000000;5535100.00000000;5502700.00000000;5472370.00000000;5439790.00000000;         ;         ;         ;         ;         ;         ;         ;         ;         ;         ;         ;         ;         ;         ;         
Total males aged 50+ who are living with HIV;Mean;         ;28.59140000;118.57000000;357.09700000;958.66900000;2372.48000000;5277.11000000;10254.70000000;17319.70000000;26207.50000000;36725.50000000;48727.40000000;61732.60000000;75450.40000000;89465.90000000;103264.00000000;116447.00000000;130007.00000000;142890.00000000;155056.00000000;166489.00000000;177909.00000000;189061.00000000;201433.00000000;215341.00000000;230914.00000000;248852.00000000;269062.00000000;292303.00000000;317724.00000000;344692.00000000;373108.00000000;403032.00000000;434619.00000000;468396.00000000;504071.00000000;539886.00000000;579567.00000000;625569.00000000;674532.00000000;725964.00000000;779503.00000000;834792.00000000;891856.00000000;951031.00000000;1012600.00000000;1076360.00000000;1141580.00000000;1206870.00000000;1270380.00000000;1330260.00000000;1385750.00000000;1434740.00000000;1476800.00000000;1511920.00000000;1540210.00000000;1561740.00000000;1576750.00000000;1585670.00000000;1589280.00000000;1588130.00000000;1582810.00000000;1573480.00000000;1559530.00000000;1542190.00000000;1522580.00000000;1501100.00000000;1478490.00000000;1454790.00000000;1430230.00000000;1405930.00000000;         ;         ;         ;         ;         ;         ;         ;         ;         ;         ;         ;         ;         ;         ;         
;95% LL;         ;10.36280000;49.35920000;172.66300000;509.98000000;1381.67000000;3179.18000000;6782.45000000;12045.20000000;18802.80000000;27109.30000000;36887.60000000;47836.60000000;59804.90000000;72538.90000000;85678.60000000;98911.10000000;113084.00000000;127279.00000000;141216.00000000;152181.00000000;162825.00000000;175009.00000000;187378.00000000;201050.00000000;216383.00000000;233250.00000000;253245.00000000;275351.00000000;300582.00000000;327788.00000000;356662.00000000;387257.00000000;419008.00000000;452426.00000000;487348.00000000;523643.00000000;564040.00000000;609198.00000000;658068.00000000;708783.00000000;761318.00000000;815812.00000000;871906.00000000;930097.00000000;990531.00000000;1052620.00000000;1116470.00000000;1179780.00000000;1241110.00000000;1298200.00000000;1352220.00000000;1398160.00000000;1437900.00000000;1470830.00000000;1497000.00000000;1516550.00000000;1529730.00000000;1537010.00000000;1539170.00000000;1536780.00000000;1530080.00000000;1519140.00000000;1504610.00000000;1487100.00000000;1467430.00000000;1446510.00000000;1424530.00000000;1401180.00000000;1376310.00000000;1351730.00000000;         ;         ;         ;         ;         ;         ;         ;         ;         ;         ;         ;         ;         ;         ;         
;95% UL;         ;46.18830000;188.06500000;569.53600000;1514.88000000;3629.74000000;8031.12000000;14493.20000000;23037.80000000;33354.90000000;45384.80000000;59025.10000000;73942.10000000;91125.00000000;108372.00000000;124889.00000000;140072.00000000;155025.00000000;168450.00000000;180315.00000000;190675.00000000;200417.00000000;209362.00000000;219302.00000000;230687.00000000;245054.00000000;264976.00000000;286846.00000000;311472.00000000;338005.00000000;365806.00000000;394800.00000000;425039.00000000;456663.00000000;490230.00000000;525374.00000000;560200.00000000;598690.00000000;643431.00000000;690899.00000000;742966.00000000;798059.00000000;854671.00000000;912023.00000000;972783.00000000;1036730.00000000;1102360.00000000;1168150.00000000;1234680.00000000;1300080.00000000;1361860.00000000;1420240.00000000;1474140.00000000;1519160.00000000;1557150.00000000;1588170.00000000;1612270.00000000;1630510.00000000;1640810.00000000;1645980.00000000;1647040.00000000;1644050.00000000;1636700.00000000;1624230.00000000;1606640.00000000;1588790.00000000;1568880.00000000;1546440.00000000;1522200.00000000;1497380.00000000;1472800.00000000;         ;         ;         ;         ;         ;         ;         ;         ;         ;         ;         ;         ;         ;         ;         
Total females aged 50+ who are living with HIV;Mean;         ;11.81250000;37.40010000;97.84560000;246.26600000;598.32400000;1348.67000000;2705.54000000;4821.37000000;7832.63000000;11942.30000000;17418.20000000;24524.60000000;33456.70000000;44350.10000000;57221.60000000;71971.50000000;88910.20000000;107647.00000000;127984.00000000;149533.00000000;172618.00000000;197242.00000000;224394.00000000;254424.00000000;287616.00000000;324697.00000000;365498.00000000;411376.00000000;461726.00000000;515887.00000000;573524.00000000;634265.00000000;698017.00000000;765617.00000000;836353.00000000;908400.00000000;987803.00000000;1077910.00000000;1174230.00000000;1276170.00000000;1383300.00000000;1495310.00000000;1612630.00000000;1736420.00000000;1867950.00000000;2007740.00000000;2155190.00000000;2308090.00000000;2463090.00000000;2616560.00000000;2767990.00000000;2912720.00000000;3048940.00000000;3175670.00000000;3292340.00000000;3398660.00000000;3493840.00000000;3577890.00000000;3651160.00000000;3714370.00000000;3767990.00000000;3811900.00000000;3843040.00000000;3863890.00000000;3877200.00000000;3882600.00000000;3881820.00000000;3874570.00000000;3862850.00000000;3849960.00000000;         ;         ;         ;         ;         ;         ;         ;         ;         ;         ;         ;         ;         ;         ;         
;95% LL;         ;3.98993000;14.18490000;44.01970000;128.39200000;355.44200000;841.44700000;1797.42000000;3470.67000000;5885.74000000;9302.88000000;13921.20000000;20028.30000000;27661.40000000;37468.40000000;49398.10000000;63168.70000000;78971.70000000;96264.30000000;115719.00000000;136820.00000000;159404.00000000;182762.00000000;208353.00000000;236799.00000000;268385.00000000;303809.00000000;342925.00000000;387009.00000000;435536.00000000;487908.00000000;543827.00000000;602208.00000000;664170.00000000;730368.00000000;799061.00000000;870550.00000000;947888.00000000;1035260.00000000;1130400.00000000;1229870.00000000;1334540.00000000;1446250.00000000;1561380.00000000;1683050.00000000;1811430.00000000;1947370.00000000;2093380.00000000;2244800.00000000;2397180.00000000;2549100.00000000;2699310.00000000;2840390.00000000;2974250.00000000;3100620.00000000;3213940.00000000;3320970.00000000;3409830.00000000;3487850.00000000;3555880.00000000;3616440.00000000;3667640.00000000;3709370.00000000;3738720.00000000;3758100.00000000;3769760.00000000;3768460.00000000;3763820.00000000;3755030.00000000;3741260.00000000;3722130.00000000;         ;         ;         ;         ;         ;         ;         ;         ;         ;         ;         ;         ;         ;         ;         
;95% UL;         ;18.14250000;58.07280000;153.16600000;383.90900000;908.97900000;1964.50000000;3790.58000000;6291.49000000;9809.30000000;14560.90000000;20823.60000000;28842.80000000;38683.90000000;50589.30000000;64466.80000000;80160.50000000;97972.80000000;117434.00000000;138954.00000000;161681.00000000;185290.00000000;210613.00000000;240110.00000000;272938.00000000;308981.00000000;348933.00000000;392523.00000000;441136.00000000;494146.00000000;550841.00000000;610841.00000000;673704.00000000;739274.00000000;808399.00000000;880209.00000000;952646.00000000;1032090.00000000;1122000.00000000;1217480.00000000;1317870.00000000;1428380.00000000;1542370.00000000;1660870.00000000;1785020.00000000;1918680.00000000;2062200.00000000;2210100.00000000;2363050.00000000;2523490.00000000;2681550.00000000;2834350.00000000;2980210.00000000;3119950.00000000;3249800.00000000;3370210.00000000;3480780.00000000;3580150.00000000;3670570.00000000;3749750.00000000;3818390.00000000;3874730.00000000;3920970.00000000;3953920.00000000;3976110.00000000;3990340.00000000;3996200.00000000;3997070.00000000;3991560.00000000;3982650.00000000;3972920.00000000;         ;         ;         ;         ;         ;         ;         ;         ;         ;         ;         ;         ;         ;         ;         
Total HIV prevalence;Mean;0.00006315;0.00009488;0.00018378;0.00040300;0.00093364;0.00215304;0.00463820;0.00890362;0.01496280;0.02252850;0.03126650;0.04083160;0.05035530;0.05975430;0.06870830;0.07695080;0.08432370;0.09097140;0.09664420;0.10133500;0.10500300;0.10801800;0.11073600;0.11322600;0.11554500;0.11775300;0.11995800;0.12220700;0.12444300;0.12654300;0.12836700;0.12992900;0.13116000;0.13201300;0.13262000;0.13298400;0.13312700;0.13305600;0.13277700;0.13233100;0.13174700;0.13105000;0.13024300;0.12932700;0.12831900;0.12722000;0.12603100;0.12475500;0.12340200;0.12197500;0.12047700;0.11891000;0.11727800;0.11558800;0.11384400;0.11205200;0.11021700;0.10834300;0.10643400;0.10449400;0.10252600;0.10053300;0.09851710;0.09648050;0.09442480;0.09235120;0.09026100;0.08815550;0.08603580;0.08390330;0.08175940;         ;         ;         ;         ;         ;         ;         ;         ;         ;         ;         ;         ;         ;         ;         
;95% LL;0.00001989;0.00003108;0.00006762;0.00017589;0.00048754;0.00127581;0.00304006;0.00629265;0.01146130;0.01821490;0.02641420;0.03550820;0.04483340;0.05423490;0.06332950;0.07175330;0.07943110;0.08646230;0.09254160;0.09755590;0.10156300;0.10491400;0.10794700;0.11072900;0.11331400;0.11565700;0.11792600;0.12008100;0.12217700;0.12426400;0.12599000;0.12752200;0.12871100;0.12948400;0.12998400;0.13028900;0.13044700;0.13033800;0.13002800;0.12955900;0.12890100;0.12812100;0.12723600;0.12624800;0.12517100;0.12400600;0.12279000;0.12154500;0.12015800;0.11873000;0.11724300;0.11569000;0.11407300;0.11240000;0.11067600;0.10890500;0.10709300;0.10524500;0.10336300;0.10145200;0.09949410;0.09751090;0.09550690;0.09348420;0.09144420;0.08938840;0.08731800;0.08527250;0.08322670;0.08112420;0.07901590;         ;         ;         ;         ;         ;         ;         ;         ;         ;         ;         ;         ;         ;         ;         
;95% UL;0.00009624;0.00014508;0.00028451;0.00063036;0.00145433;0.00325784;0.00680701;0.01216460;0.01924890;0.02752600;0.03688180;0.04693660;0.05681550;0.06605990;0.07451320;0.08228700;0.08940250;0.09569560;0.10114500;0.10551400;0.10879100;0.11152500;0.11401600;0.11644200;0.11858600;0.12064500;0.12271600;0.12494200;0.12716800;0.12931900;0.13130500;0.13291900;0.13415600;0.13510100;0.13581500;0.13632700;0.13659700;0.13651800;0.13625100;0.13589600;0.13539700;0.13476000;0.13394500;0.13301100;0.13198000;0.13085400;0.12963500;0.12832600;0.12699200;0.12559600;0.12402400;0.12239600;0.12076100;0.11906500;0.11731400;0.11551400;0.11366900;0.11178400;0.10986200;0.10790800;0.10592400;0.10391500;0.10188100;0.09982540;0.09774940;0.09563900;0.09354140;0.09143220;0.08929040;0.08711250;0.08494280;         ;         ;         ;         ;         ;         ;         ;         ;         ;         ;         ;         ;         ;         ;         
HIV prevalence in males aged 15+;Mean;0.00009475;0.00014733;0.00030614;0.00070459;0.00167149;0.00387724;0.00826808;0.01548570;0.02513670;0.03636680;0.04840400;0.06058260;0.07200620;0.08233590;0.09126290;0.09867120;0.10448400;0.10910300;0.11246700;0.11479600;0.11620000;0.11707300;0.11773300;0.11843500;0.11930000;0.12030300;0.12160600;0.12300300;0.12475500;0.12657700;0.12819000;0.12959900;0.13064300;0.13123800;0.13147800;0.13128900;0.13079600;0.12996300;0.12880700;0.12745500;0.12595700;0.12431900;0.12257400;0.12072300;0.11878300;0.11675200;0.11466900;0.11254100;0.11041400;0.10826200;0.10608400;0.10388900;0.10166900;0.09941820;0.09714050;0.09484240;0.09252900;0.09020520;0.08787510;0.08554280;0.08321170;0.08088410;0.07856230;0.07624810;0.07394410;0.07165280;0.06937690;0.06711910;0.06488270;0.06267060;0.06048600;         ;         ;         ;         ;         ;         ;         ;         ;         ;         ;         ;         ;         ;         ;         
;95% LL;0.00002985;0.00004901;0.00011726;0.00031977;0.00088216;0.00233725;0.00542069;0.01049420;0.01872170;0.02822870;0.03891810;0.05059370;0.06170110;0.07212030;0.08164120;0.08984980;0.09637780;0.10158100;0.10551300;0.10841700;0.11025000;0.11129000;0.11193100;0.11280500;0.11344200;0.11466700;0.11626800;0.11789700;0.11980000;0.12173300;0.12345000;0.12496500;0.12611900;0.12682400;0.12717500;0.12710900;0.12673400;0.12601200;0.12495900;0.12368900;0.12221200;0.12062000;0.11891800;0.11708200;0.11515000;0.11315000;0.11109700;0.10900100;0.10690600;0.10478700;0.10264500;0.10048600;0.09830740;0.09610240;0.09387450;0.09162920;0.08935630;0.08707050;0.08478040;0.08248960;0.08020120;0.07791750;0.07564060;0.07337230;0.07111500;0.06888610;0.06671850;0.06456110;0.06235510;0.06018720;0.05806110;         ;         ;         ;         ;         ;         ;         ;         ;         ;         ;         ;         ;         ;         ;         
;95% UL;0.00014439;0.00022704;0.00048044;0.00111813;0.00263618;0.00591933;0.01231680;0.02130350;0.03223140;0.04524130;0.05811610;0.06991260;0.08086800;0.09232660;0.10186000;0.10939300;0.11492700;0.11900200;0.12162900;0.12311300;0.12363300;0.12373200;0.12381700;0.12444800;0.12512800;0.12605700;0.12725500;0.12869200;0.13039500;0.13216600;0.13391900;0.13520900;0.13605700;0.13659200;0.13676800;0.13650600;0.13593000;0.13496100;0.13364100;0.13220000;0.13068500;0.12902800;0.12725400;0.12534100;0.12334200;0.12125100;0.11914600;0.11700500;0.11486600;0.11270900;0.11049000;0.10824800;0.10597800;0.10368600;0.10137500;0.09904000;0.09668540;0.09431700;0.09194300;0.08954950;0.08712990;0.08472390;0.08233080;0.07997030;0.07759390;0.07524420;0.07288960;0.07061920;0.06836910;0.06610420;0.06379080;         ;         ;         ;         ;         ;         ;         ;         ;         ;         ;         ;         ;         ;         ;         
HIV prevalence in females aged 15+;Mean;0.00011378;0.00015893;0.00028180;0.00058052;0.00129793;0.00294377;0.00633436;0.01223260;0.02087270;0.03200190;0.04516680;0.05978220;0.07488300;0.08993260;0.10437400;0.11778000;0.12976500;0.14026600;0.14925100;0.15679200;0.16293700;0.16818200;0.17314200;0.17794500;0.18267200;0.18724700;0.19173600;0.19597100;0.20037700;0.20472300;0.20873400;0.21247500;0.21571200;0.21833500;0.22044100;0.22194400;0.22309900;0.22364600;0.22352600;0.22308100;0.22241400;0.22150200;0.22036600;0.21898700;0.21740000;0.21562100;0.21369600;0.21165100;0.20955000;0.20734700;0.20504300;0.20264900;0.20015300;0.19754800;0.19484000;0.19203900;0.18915400;0.18619300;0.18316300;0.18006800;0.17691300;0.17370200;0.17043500;0.16711600;0.16374600;0.16032900;0.15686600;0.15336300;0.14982200;0.14624800;0.14264500;         ;         ;         ;         ;         ;         ;         ;         ;         ;         ;         ;         ;         ;         ;         
;95% LL;0.00003584;0.00005142;0.00010045;0.00024392;0.00066699;0.00172856;0.00416595;0.00874475;0.01614790;0.02600480;0.03857660;0.05224280;0.06671970;0.08147360;0.09592370;0.10959000;0.12203300;0.13312400;0.14278500;0.15092400;0.15740800;0.16278900;0.16804200;0.17277800;0.17744400;0.18207500;0.18669900;0.19111100;0.19547900;0.19987000;0.20395300;0.20763000;0.21097100;0.21369300;0.21568100;0.21695500;0.21795200;0.21844200;0.21814300;0.21766600;0.21695100;0.21595900;0.21472300;0.21324300;0.21162600;0.20982300;0.20785300;0.20577000;0.20365700;0.20144100;0.19912700;0.19671100;0.19417800;0.19154400;0.18881500;0.18600200;0.18311100;0.18015100;0.17718800;0.17416900;0.17109600;0.16797200;0.16479800;0.16157600;0.15830800;0.15499600;0.15156600;0.14807900;0.14455700;0.14100400;0.13742500;         ;         ;         ;         ;         ;         ;         ;         ;         ;         ;         ;         ;         ;         ;         
;95% UL;0.00017339;0.00024153;0.00043086;0.00089478;0.00199449;0.00440770;0.00909042;0.01686120;0.02693740;0.03984330;0.05415840;0.06934110;0.08450940;0.09932030;0.11330900;0.12632400;0.13754800;0.14779400;0.15647400;0.16367500;0.16945800;0.17426900;0.17879100;0.18341800;0.18783400;0.19212000;0.19636400;0.20042100;0.20498900;0.20956500;0.21345600;0.21735500;0.22075600;0.22356100;0.22573400;0.22712900;0.22856000;0.22915800;0.22917700;0.22887400;0.22835100;0.22757100;0.22647100;0.22506500;0.22362500;0.22181300;0.21984300;0.21775600;0.21571400;0.21356700;0.21131500;0.20896800;0.20651000;0.20383100;0.20108300;0.19829400;0.19541200;0.19244700;0.18940500;0.18629300;0.18311400;0.17987400;0.17657300;0.17317400;0.16969400;0.16625800;0.16278400;0.15924300;0.15574200;0.15224300;0.14871300;         ;         ;         ;         ;         ;         ;         ;         ;         ;         ;         ;         ;         ;         ;         
HIV prevalence in children (<15);Mean;         ;0.00000522;0.00001388;0.00003175;0.00007187;0.00016268;0.00035568;0.00072202;0.00131968;0.00217438;0.00328836;0.00463534;0.00625249;0.00802036;0.00992784;0.01196450;0.01404260;0.01615790;0.01819670;0.02006290;0.02173270;0.02318610;0.02436910;0.02516520;0.02537710;0.02520280;0.02487820;0.02444000;0.02378320;0.02294400;0.02184910;0.02059890;0.01923460;0.01781950;0.01640930;0.01495550;0.01351780;0.01213160;0.01081010;0.00961007;0.00866061;0.00790560;0.00722399;0.00658243;0.00600025;0.00554681;0.00514962;0.00482335;0.00453087;0.00426188;0.00401613;0.00379201;0.00358473;0.00339248;0.00321264;0.00304284;0.00288163;0.00272839;0.00258276;0.00244337;0.00230975;0.00218178;0.00205939;0.00194255;0.00183130;0.00172569;0.00162576;0.00153146;0.00144263;0.00135912;0.00128077;         ;         ;         ;         ;         ;         ;         ;         ;         ;         ;         ;         ;         ;         ;         
;95% LL;         ;0.00000169;0.00000480;0.00001243;0.00003323;0.00008887;0.00021934;0.00048859;0.00098003;0.00167760;0.00269244;0.00389734;0.00537191;0.00701394;0.00881221;0.01080330;0.01281900;0.01496160;0.01702740;0.01886620;0.02052910;0.02202670;0.02327770;0.02415230;0.02448860;0.02443770;0.02416540;0.02377180;0.02313730;0.02232770;0.02126480;0.02004210;0.01872130;0.01732870;0.01596100;0.01451680;0.01309500;0.01172100;0.01041640;0.00923584;0.00829349;0.00755094;0.00688169;0.00625565;0.00569219;0.00525381;0.00486670;0.00455626;0.00428343;0.00403539;0.00379874;0.00358737;0.00338927;0.00320339;0.00302965;0.00286629;0.00271210;0.00256449;0.00242494;0.00229142;0.00216033;0.00203512;0.00191569;0.00180197;0.00169515;0.00159478;0.00149924;0.00140891;0.00132449;0.00124344;0.00116884;         ;         ;         ;         ;         ;         ;         ;         ;         ;         ;         ;         ;         ;         ;         
;95% UL;         ;0.00000782;0.00002090;0.00004820;0.00010938;0.00024420;0.00051500;0.00099570;0.00171651;0.00272104;0.00396841;0.00542675;0.00714150;0.00897766;0.01092950;0.01302180;0.01511240;0.01725140;0.01933610;0.02113990;0.02276410;0.02415810;0.02527700;0.02602430;0.02618010;0.02593380;0.02556240;0.02511160;0.02443950;0.02358240;0.02245980;0.02117310;0.01977240;0.01831520;0.01686250;0.01540690;0.01394940;0.01254630;0.01121030;0.00999032;0.00903370;0.00826794;0.00757016;0.00690645;0.00631451;0.00584333;0.00544029;0.00510917;0.00480942;0.00453217;0.00429248;0.00407348;0.00387031;0.00368125;0.00350367;0.00333513;0.00317415;0.00302006;0.00287255;0.00273023;0.00259270;0.00245991;0.00233192;0.00220881;0.00209075;0.00197794;0.00187055;0.00176865;0.00167219;0.00158112;0.00149535;         ;         ;         ;         ;         ;         ;         ;         ;         ;         ;         ;         ;         ;         ;         
HIV prevalence in youth (15-24);Mean;0.00010905;0.00015264;0.00027543;0.00056291;0.00123283;0.00274265;0.00584787;0.01133380;0.01958600;0.03046190;0.04335150;0.05724440;0.07049090;0.08228290;0.09196640;0.09928020;0.10401500;0.10672500;0.10747800;0.10662900;0.10453000;0.10161800;0.09831500;0.09489510;0.09161070;0.08844700;0.08532670;0.08211920;0.07951780;0.07746710;0.07579820;0.07444050;0.07310640;0.07161760;0.06996460;0.06802370;0.06589490;0.06368610;0.06140600;0.05907880;0.05659340;0.05393280;0.05120650;0.04844610;0.04563200;0.04250280;0.03926760;0.03597150;0.03272690;0.02964570;0.02696730;0.02466290;0.02253850;0.02052810;0.01867650;0.01711380;0.01572660;0.01453600;0.01347660;0.01252630;0.01168010;0.01092900;0.01025910;0.00966107;0.00911967;0.00862524;0.00817092;0.00775061;0.00735944;0.00699259;0.00664710;         ;         ;         ;         ;         ;         ;         ;         ;         ;         ;         ;         ;         ;         ;         
;95% LL;0.00003435;0.00004925;0.00009648;0.00023155;0.00061314;0.00158015;0.00382923;0.00813162;0.01509690;0.02475300;0.03651870;0.04974250;0.06292310;0.07518020;0.08571050;0.09319740;0.09804670;0.10078100;0.10168900;0.10113000;0.09942880;0.09699090;0.09420400;0.09116580;0.08799270;0.08491380;0.08189460;0.07896600;0.07640810;0.07469800;0.07308850;0.07183360;0.07046630;0.06897620;0.06740190;0.06549760;0.06336270;0.06122220;0.05899990;0.05688470;0.05440200;0.05174240;0.04910190;0.04642210;0.04369620;0.04065210;0.03749330;0.03426950;0.03109050;0.02811090;0.02551760;0.02325020;0.02119440;0.01926680;0.01750160;0.01601620;0.01470620;0.01358110;0.01257870;0.01167830;0.01087730;0.01018240;0.00956278;0.00900893;0.00850646;0.00804627;0.00760966;0.00720099;0.00681906;0.00646251;0.00612730;         ;         ;         ;         ;         ;         ;         ;         ;         ;         ;         ;         ;         ;         ;         
;95% UL;0.00016619;0.00023210;0.00042134;0.00086767;0.00189549;0.00411817;0.00838602;0.01545930;0.02551800;0.03785320;0.05189010;0.06634190;0.07923650;0.09063190;0.09980200;0.10644200;0.11071300;0.11306300;0.11333800;0.11217800;0.10975400;0.10647100;0.10307300;0.09959470;0.09609250;0.09262890;0.08947610;0.08605670;0.08321110;0.08101880;0.07921070;0.07777920;0.07637480;0.07478380;0.07295780;0.07088640;0.06873170;0.06638900;0.06400930;0.06151180;0.05894960;0.05616110;0.05334390;0.05055760;0.04768980;0.04447800;0.04109630;0.03767720;0.03433110;0.03119390;0.02841560;0.02603870;0.02384560;0.02176930;0.01984920;0.01821770;0.01677010;0.01551580;0.01438700;0.01339800;0.01252110;0.01174190;0.01106170;0.01045840;0.00991298;0.00941524;0.00895803;0.00853451;0.00813962;0.00776832;0.00741755;         ;         ;         ;         ;         ;         ;         ;         ;         ;         ;         ;         ;         ;         ;         
HIV prevalence in males aged 15-24;Mean;0.00005599;0.00007494;0.00013429;0.00027010;0.00057841;0.00126578;0.00268537;0.00532492;0.00944157;0.01501880;0.02170090;0.02884560;0.03537160;0.04097530;0.04535440;0.04845180;0.05022450;0.05101500;0.05077340;0.04970230;0.04801480;0.04595730;0.04388260;0.04184650;0.04003220;0.03844630;0.03712410;0.03592850;0.03522660;0.03498550;0.03512190;0.03548990;0.03588620;0.03618170;0.03632190;0.03633310;0.03623290;0.03603230;0.03560310;0.03489990;0.03380800;0.03234330;0.03068240;0.02886270;0.02695110;0.02479110;0.02255660;0.02032530;0.01819480;0.01624900;0.01467500;0.01341340;0.01225780;0.01115480;0.01013670;0.00931743;0.00859560;0.00799762;0.00746644;0.00698911;0.00656286;0.00618199;0.00583673;0.00552224;0.00523287;0.00496344;0.00471054;0.00447255;0.00424854;0.00403598;0.00383355;         ;         ;         ;         ;         ;         ;         ;         ;         ;         ;         ;         ;         ;         ;         
;95% LL;0.00001764;0.00002433;0.00004769;0.00010802;0.00027738;0.00069308;0.00167893;0.00368465;0.00702190;0.01196480;0.01806040;0.02466820;0.03092330;0.03646140;0.04092570;0.04414960;0.04600990;0.04662700;0.04646950;0.04559220;0.04416070;0.04239120;0.04060440;0.03884850;0.03729410;0.03594430;0.03483060;0.03380720;0.03320010;0.03306710;0.03331450;0.03380410;0.03436710;0.03479130;0.03505840;0.03517730;0.03514710;0.03497500;0.03462540;0.03400140;0.03295010;0.03149360;0.02985790;0.02807830;0.02623180;0.02410300;0.02190560;0.01971470;0.01760950;0.01568570;0.01412710;0.01287670;0.01173610;0.01065290;0.00965836;0.00886219;0.00816644;0.00759581;0.00709539;0.00664401;0.00623331;0.00587176;0.00553917;0.00523226;0.00495210;0.00469001;0.00445113;0.00422047;0.00400307;0.00379404;0.00359556;         ;         ;         ;         ;         ;         ;         ;         ;         ;         ;         ;         ;         ;         ;         
;95% UL;0.00008532;0.00011544;0.00020973;0.00042662;0.00091496;0.00196788;0.00401170;0.00753243;0.01263270;0.01911760;0.02644500;0.03407350;0.04085280;0.04630750;0.05060880;0.05371870;0.05529120;0.05581530;0.05538590;0.05419020;0.05233210;0.04998320;0.04770800;0.04545210;0.04348710;0.04173940;0.04025820;0.03889220;0.03804510;0.03768600;0.03772200;0.03796210;0.03819060;0.03832460;0.03832520;0.03805330;0.03782700;0.03745080;0.03687960;0.03605770;0.03491070;0.03339240;0.03168210;0.02981690;0.02785600;0.02567900;0.02341630;0.02117840;0.01901110;0.01702820;0.01539610;0.01410480;0.01291800;0.01177770;0.01072610;0.00987237;0.00913255;0.00852251;0.00795959;0.00746133;0.00700895;0.00660347;0.00624770;0.00594145;0.00565941;0.00539620;0.00514830;0.00491404;0.00469254;0.00448120;0.00427871;         ;         ;         ;         ;         ;         ;         ;         ;         ;         ;         ;         ;         ;         ;         
HIV prevalence in females aged 15-24;Mean;0.00016155;0.00022900;0.00041332;0.00084767;0.00186718;0.00417100;0.00887104;0.01708050;0.02928910;0.04523260;0.06406110;0.08441970;0.10423800;0.12217100;0.13721900;0.14890400;0.15683000;0.16161000;0.16349600;0.16298400;0.16055300;0.15682900;0.15245700;0.14776700;0.14310100;0.13843800;0.13359200;0.12828200;0.12371800;0.11982500;0.11634900;0.11328900;0.11026300;0.10703200;0.10363200;0.09978670;0.09566520;0.09145510;0.08732280;0.08336670;0.07948300;0.07562280;0.07182810;0.06812720;0.06440990;0.06030990;0.05607290;0.05171120;0.04735150;0.04313300;0.03934660;0.03599360;0.03289300;0.02996890;0.02727820;0.02496720;0.02291030;0.02112300;0.01953160;0.01810470;0.01683520;0.01571130;0.01471480;0.01383140;0.01303620;0.01231520;0.01165800;0.01105400;0.01049430;0.00997199;0.00948228;         ;         ;         ;         ;         ;         ;         ;         ;         ;         ;         ;         ;         ;         ;         
;95% LL;0.00005089;0.00007396;0.00014637;0.00035013;0.00093564;0.00245332;0.00573022;0.01215660;0.02220360;0.03672450;0.05383150;0.07302630;0.09250060;0.11086500;0.12694500;0.13996700;0.14779300;0.15260500;0.15471000;0.15456200;0.15240300;0.14959300;0.14506000;0.14081400;0.13670800;0.13224700;0.12763200;0.12255300;0.11852500;0.11482800;0.11137100;0.10845900;0.10537200;0.10240600;0.09912040;0.09528430;0.09122360;0.08704570;0.08335820;0.07944120;0.07574960;0.07203060;0.06830100;0.06474650;0.06110290;0.05710280;0.05298590;0.04876760;0.04456630;0.04051380;0.03688750;0.03368690;0.03073510;0.02795860;0.02541180;0.02323390;0.02130150;0.01962800;0.01812760;0.01678470;0.01558430;0.01451820;0.01358180;0.01275720;0.01201530;0.01133430;0.01069580;0.01012860;0.00960342;0.00911123;0.00864098;         ;         ;         ;         ;         ;         ;         ;         ;         ;         ;         ;         ;         ;         ;         
;95% UL;0.00024619;0.00034676;0.00062809;0.00129661;0.00284595;0.00619781;0.01269510;0.02325170;0.03815930;0.05623020;0.07646060;0.09748120;0.11701200;0.13453700;0.14870900;0.15931700;0.16653600;0.17056100;0.17206900;0.17130700;0.16843100;0.16434900;0.15979900;0.15474700;0.14966400;0.14474800;0.13957400;0.13436100;0.13006100;0.12594800;0.12216100;0.11887800;0.11558900;0.11229100;0.10875400;0.10462600;0.10043200;0.09600890;0.09160350;0.08740880;0.08335980;0.07931390;0.07540320;0.07160650;0.06780510;0.06358860;0.05923580;0.05474220;0.05013890;0.04571260;0.04181540;0.03833830;0.03510490;0.03204210;0.02921390;0.02677360;0.02461570;0.02276080;0.02110630;0.01962020;0.01829560;0.01711230;0.01604370;0.01510220;0.01425720;0.01349590;0.01281800;0.01219850;0.01162450;0.01108840;0.01058490;         ;         ;         ;         ;         ;         ;         ;         ;         ;         ;         ;         ;         ;         ;         
HIV prevalence in age group 15-49;Mean;0.00013033;0.00018898;0.00035794;0.00077579;0.00178505;0.00409286;0.00874644;0.01657490;0.02747900;0.04078870;0.05576360;0.07165010;0.08741070;0.10246000;0.11629000;0.12858000;0.13903700;0.14792700;0.15516000;0.16089500;0.16526500;0.16877900;0.17177400;0.17462400;0.17744000;0.18014000;0.18282500;0.18512500;0.18762700;0.19002500;0.19197300;0.19353300;0.19443200;0.19454800;0.19396600;0.19246400;0.19020200;0.18732800;0.18391000;0.18003000;0.17579700;0.17120300;0.16630000;0.16108300;0.15558600;0.14981200;0.14382700;0.13767900;0.13148700;0.12528800;0.11916400;0.11315500;0.10733800;0.10174600;0.09639930;0.09131360;0.08649180;0.08195150;0.07768330;0.07366590;0.06987850;0.06630050;0.06292530;0.05977320;0.05679270;0.05392900;0.05116790;0.04847750;0.04586510;0.04330870;0.04074200;         ;         ;         ;         ;         ;         ;         ;         ;         ;         ;         ;         ;         ;         ;         
;95% LL;0.00004105;0.00006182;0.00013150;0.00033874;0.00093361;0.00243201;0.00575191;0.01173100;0.02108780;0.03306100;0.04727570;0.06246840;0.07811450;0.09325560;0.10748200;0.12024500;0.13136900;0.14081300;0.14850500;0.15470700;0.15959300;0.16364200;0.16736400;0.17023200;0.17304900;0.17597200;0.17884100;0.18129500;0.18390000;0.18637800;0.18840700;0.18986300;0.19055300;0.19050800;0.18990600;0.18829300;0.18592200;0.18301400;0.17958500;0.17571500;0.17150800;0.16695600;0.16211100;0.15678800;0.15115100;0.14526400;0.13937700;0.13334200;0.12727600;0.12121400;0.11523900;0.10938800;0.10366300;0.09804320;0.09263620;0.08766560;0.08299330;0.07859860;0.07446030;0.07051130;0.06679250;0.06326260;0.05997320;0.05688510;0.05400150;0.05124300;0.04855040;0.04592840;0.04338170;0.04087630;0.03836180;         ;         ;         ;         ;         ;         ;         ;         ;         ;         ;         ;         ;         ;         ;         
;95% UL;0.00019861;0.00028903;0.00055432;0.00121400;0.00278132;0.00619211;0.01283560;0.02262360;0.03525840;0.04977600;0.06568270;0.08221170;0.09838090;0.11286300;0.12561600;0.13726400;0.14691400;0.15523900;0.16199700;0.16715100;0.17118400;0.17438300;0.17714100;0.17974000;0.18227500;0.18475800;0.18726000;0.18940700;0.19195100;0.19450100;0.19655800;0.19822400;0.19922600;0.19945000;0.19913700;0.19764500;0.19542800;0.19267900;0.18931200;0.18545200;0.18125800;0.17666500;0.17165400;0.16642700;0.16091400;0.15505200;0.14896000;0.14268600;0.13635400;0.13012000;0.12380300;0.11778900;0.11199100;0.10637900;0.10105400;0.09578180;0.09090840;0.08626720;0.08198500;0.07786480;0.07406610;0.07050040;0.06712200;0.06395710;0.06095490;0.05806010;0.05525990;0.05252170;0.04985280;0.04723070;0.04458680;         ;         ;         ;         ;         ;         ;         ;         ;         ;         ;         ;         ;         ;         ;         
HIV prevalence in males aged 15-49;Mean;0.00011642;0.00017756;0.00036209;0.00082454;0.00194617;0.00450389;0.00959079;0.01790590;0.02896970;0.04177070;0.05540670;0.06911020;0.08192260;0.09341230;0.10325000;0.11132400;0.11755000;0.12246100;0.12596600;0.12830300;0.12965100;0.13041300;0.13080100;0.13120100;0.13173100;0.13234900;0.13321200;0.13395300;0.13501000;0.13607600;0.13683400;0.13729600;0.13725100;0.13658900;0.13540300;0.13355400;0.13116000;0.12834800;0.12517100;0.12168200;0.11795000;0.11399500;0.10987600;0.10559800;0.10118700;0.09663620;0.09200630;0.08733390;0.08271070;0.07816890;0.07376760;0.06954920;0.06556320;0.06181910;0.05831640;0.05505440;0.05203020;0.04923730;0.04665810;0.04426090;0.04202790;0.03993710;0.03798150;0.03615230;0.03441470;0.03273910;0.03110170;0.02948590;0.02789290;0.02633360;0.02478030;         ;         ;         ;         ;         ;         ;         ;         ;         ;         ;         ;         ;         ;         ;         
;95% LL;0.00003667;0.00005891;0.00013811;0.00037332;0.00102717;0.00272080;0.00630578;0.01222830;0.02166570;0.03257880;0.04478510;0.05808570;0.07068740;0.08243140;0.09324450;0.10209500;0.10899900;0.11457900;0.11871300;0.12158900;0.12317500;0.12415800;0.12466300;0.12475200;0.12534900;0.12614500;0.12717100;0.12806800;0.12911200;0.13015200;0.13094900;0.13142400;0.13137400;0.13075700;0.12971000;0.12803000;0.12582500;0.12320500;0.12021200;0.11689800;0.11333400;0.10954700;0.10559900;0.10150200;0.09728010;0.09292990;0.08851100;0.08396080;0.07940090;0.07493660;0.07064980;0.06655100;0.06267630;0.05904800;0.05566660;0.05252830;0.04964810;0.04695490;0.04449160;0.04221440;0.04010360;0.03809750;0.03621990;0.03445110;0.03276500;0.03113420;0.02954180;0.02795420;0.02639290;0.02487210;0.02336930;         ;         ;         ;         ;         ;         ;         ;         ;         ;         ;         ;         ;         ;         ;         
;95% UL;0.00017742;0.00027355;0.00056801;0.00130815;0.00306904;0.00687515;0.01428330;0.02457880;0.03707410;0.05183770;0.06626030;0.07943180;0.09165980;0.10415300;0.11447500;0.12249800;0.12824400;0.13241300;0.13500300;0.13634900;0.13701000;0.13748600;0.13750400;0.13762900;0.13804900;0.13865000;0.13957500;0.14032900;0.14122200;0.14216200;0.14291900;0.14334200;0.14315000;0.14244500;0.14125000;0.13930100;0.13677200;0.13385300;0.13051700;0.12688600;0.12313500;0.11911700;0.11501700;0.11058200;0.10610300;0.10146200;0.09671490;0.09199120;0.08728340;0.08266680;0.07816300;0.07379200;0.06958970;0.06568170;0.06194140;0.05845730;0.05525480;0.05223120;0.04945780;0.04688580;0.04448910;0.04224710;0.04020900;0.03831860;0.03651200;0.03477860;0.03309510;0.03143650;0.02980220;0.02820380;0.02655760;         ;         ;         ;         ;         ;         ;         ;         ;         ;         ;         ;         ;         ;         ;         
HIV prevalence in females aged 15-49;Mean;0.00014401;0.00020019;0.00035387;0.00072835;0.00162881;0.00369573;0.00794147;0.01530740;0.02606130;0.03985650;0.05610180;0.07405220;0.09258550;0.11097000;0.12852800;0.14475500;0.15917000;0.17183500;0.18263000;0.19164900;0.19898300;0.20522400;0.21088600;0.21626100;0.22145600;0.22635600;0.23100800;0.23490400;0.23889400;0.24267500;0.24587000;0.24858000;0.25047400;0.25141400;0.25148000;0.25037800;0.24829100;0.24536600;0.24170300;0.23741900;0.23266200;0.22739600;0.22167200;0.21547300;0.20884500;0.20180500;0.19442700;0.18677700;0.17900200;0.17114400;0.16330900;0.15552700;0.14791100;0.14050900;0.13336300;0.12650600;0.11994200;0.11371300;0.10781400;0.10223400;0.09694800;0.09193560;0.08718840;0.08275590;0.07857070;0.07455480;0.07070330;0.06696950;0.06336800;0.05984400;0.05629420;         ;         ;         ;         ;         ;         ;         ;         ;         ;         ;         ;         ;         ;         ;         
;95% LL;0.00004537;0.00006474;0.00012602;0.00030584;0.00083698;0.00216957;0.00522386;0.01094980;0.02018010;0.03242400;0.04790510;0.06470200;0.08248220;0.10052400;0.11811600;0.13468500;0.14968200;0.16307900;0.17470900;0.18462100;0.19251800;0.19867500;0.20455600;0.21011900;0.21530300;0.22043200;0.22506600;0.22898100;0.23323300;0.23698000;0.24026500;0.24278700;0.24457100;0.24542700;0.24540100;0.24423500;0.24210500;0.23933600;0.23586100;0.23147300;0.22664300;0.22134100;0.21540500;0.20885500;0.20233200;0.19544800;0.18826800;0.18042800;0.17260900;0.16467800;0.15686300;0.14907400;0.14147300;0.13420100;0.12730000;0.12068700;0.11436600;0.10816200;0.10229200;0.09678000;0.09158070;0.08666330;0.08208370;0.07779490;0.07381280;0.07000640;0.06637000;0.06285620;0.05938480;0.05596540;0.05253300;         ;         ;         ;         ;         ;         ;         ;         ;         ;         ;         ;         ;         ;         ;         
;95% UL;0.00021947;0.00030421;0.00054095;0.00112237;0.00250232;0.00553216;0.01138970;0.02108150;0.03362700;0.04961890;0.06728590;0.08580280;0.10439000;0.12243700;0.13946100;0.15511600;0.16887300;0.18135500;0.19180600;0.20018600;0.20724900;0.21324700;0.21818900;0.22300400;0.22813000;0.23270500;0.23701800;0.24089000;0.24508700;0.24882500;0.25217000;0.25482300;0.25703300;0.25811000;0.25811900;0.25692900;0.25514000;0.25227800;0.24880400;0.24466100;0.24001300;0.23482100;0.22913600;0.22294500;0.21630100;0.20922400;0.20178900;0.19405800;0.18618400;0.17820500;0.17026600;0.16257800;0.15485700;0.14732900;0.13995800;0.13306100;0.12667400;0.12058400;0.11479000;0.10928400;0.10404300;0.09904870;0.09429440;0.08984040;0.08561720;0.08154290;0.07761580;0.07369290;0.06983050;0.06607330;0.06237090;         ;         ;         ;         ;         ;         ;         ;         ;         ;         ;         ;         ;         ;         ;         
HIV prevalence in age group 25-49;Mean;0.00014492;0.00021351;0.00041289;0.00091599;0.00214541;0.00496727;0.01061210;0.01993600;0.03250980;0.04731720;0.06353440;0.08057200;0.09781900;0.11482400;0.13117600;0.14653600;0.16062200;0.17336400;0.18465800;0.19450900;0.20283100;0.21005600;0.21653900;0.22246000;0.22785500;0.23268300;0.23705300;0.24116700;0.24489900;0.24796600;0.25011000;0.25142800;0.25177800;0.25107600;0.24961700;0.24734500;0.24425600;0.24051500;0.23654700;0.23219200;0.22734100;0.22217800;0.21662800;0.21072300;0.20435100;0.19739100;0.19007100;0.18243300;0.17458100;0.16668300;0.15884200;0.15103900;0.14343100;0.13607900;0.12901100;0.12222700;0.11579300;0.10974200;0.10409500;0.09878000;0.09377100;0.08904770;0.08458890;0.08037990;0.07637050;0.07250590;0.06876190;0.06510690;0.06155180;0.05807910;0.05461020;         ;         ;         ;         ;         ;         ;         ;         ;         ;         ;         ;         ;         ;         ;         
;95% LL;0.00004565;0.00007037;0.00015483;0.00040761;0.00113716;0.00301334;0.00698123;0.01359840;0.02498170;0.03786870;0.05275730;0.06896490;0.08617320;0.10298800;0.11961500;0.13624800;0.15070800;0.16405800;0.17615100;0.18694500;0.19576900;0.20333900;0.21009000;0.21622400;0.22179400;0.22687900;0.23145500;0.23552500;0.23931200;0.24246300;0.24471100;0.24615500;0.24665000;0.24610100;0.24449300;0.24193900;0.23865300;0.23490900;0.23084500;0.22644200;0.22163000;0.21658300;0.21110900;0.20524100;0.19875600;0.19182400;0.18425200;0.17651000;0.16884500;0.16115200;0.15343800;0.14574200;0.13826200;0.13107700;0.12415400;0.11755500;0.11130200;0.10537600;0.09980220;0.09456230;0.08962820;0.08497910;0.08062020;0.07653310;0.07262920;0.06890490;0.06526200;0.06170010;0.05824100;0.05485320;0.05145600;         ;         ;         ;         ;         ;         ;         ;         ;         ;         ;         ;         ;         ;         ;         
;95% UL;0.00022085;0.00032746;0.00064288;0.00144208;0.00335939;0.00753523;0.01569950;0.02747720;0.04150070;0.05766870;0.07475160;0.09261610;0.11039200;0.12717500;0.14292300;0.15784800;0.17124800;0.18342200;0.19398800;0.20296500;0.21033300;0.21688900;0.22304200;0.22895100;0.23441100;0.23904800;0.24342900;0.24700300;0.25082200;0.25395100;0.25643900;0.25801000;0.25849600;0.25777500;0.25637000;0.25426000;0.25116400;0.24751600;0.24367200;0.23917500;0.23444500;0.22924400;0.22372800;0.21774600;0.21134600;0.20446200;0.19699600;0.18947600;0.18142600;0.17323200;0.16527000;0.15711300;0.14950800;0.14213300;0.13505500;0.12824900;0.12161000;0.11543600;0.10975600;0.10437700;0.09942310;0.09472950;0.09027400;0.08604840;0.08200550;0.07809170;0.07428510;0.07055480;0.06691200;0.06333970;0.05975770;         ;         ;         ;         ;         ;         ;         ;         ;         ;         ;         ;         ;         ;         ;         
HIV prevalence in males aged 25-49;Mean;0.00015806;0.00024696;0.00051383;0.00118946;0.00283844;0.00660262;0.01404540;0.02600230;0.04147710;0.05878930;0.07667640;0.09429360;0.11101300;0.12625400;0.13969100;0.15118000;0.16069200;0.16837400;0.17440500;0.17897000;0.18210700;0.18420800;0.18559100;0.18653100;0.18718500;0.18761200;0.18796100;0.18842600;0.18886200;0.18898000;0.18850400;0.18749400;0.18582700;0.18339400;0.18048800;0.17703900;0.17303800;0.16864500;0.16423400;0.15968200;0.15490900;0.15007200;0.14510300;0.14003500;0.13474900;0.12914400;0.12338800;0.11749300;0.11153500;0.10563400;0.09985020;0.09421130;0.08885350;0.08380980;0.07907630;0.07462310;0.07049810;0.06669140;0.06320640;0.05997140;0.05696340;0.05415810;0.05153900;0.04906500;0.04669910;0.04441250;0.04216850;0.03995130;0.03776140;0.03562300;0.03350600;         ;         ;         ;         ;         ;         ;         ;         ;         ;         ;         ;         ;         ;         ;         
;95% LL;0.00004979;0.00008249;0.00019834;0.00055212;0.00150466;0.00393195;0.00891474;0.01782580;0.03041060;0.04499480;0.06090380;0.07721190;0.09428860;0.11036000;0.12464200;0.13718400;0.14791600;0.15657900;0.16394000;0.16901900;0.17268400;0.17522300;0.17649200;0.17749800;0.17832000;0.17879800;0.17940600;0.17995500;0.18026900;0.18030800;0.17980600;0.17894100;0.17746400;0.17523900;0.17255500;0.16935800;0.16563400;0.16151600;0.15735400;0.15303000;0.14847600;0.14384900;0.13909000;0.13423800;0.12918300;0.12383500;0.11835500;0.11266300;0.10692100;0.10113200;0.09547220;0.09001630;0.08484750;0.07998850;0.07543900;0.07119860;0.06721790;0.06363490;0.06025260;0.05713940;0.05429420;0.05163830;0.04912000;0.04674840;0.04445580;0.04222350;0.04002220;0.03787130;0.03572560;0.03362880;0.03156450;         ;         ;         ;         ;         ;         ;         ;         ;         ;         ;         ;         ;         ;         ;         
;95% UL;0.00024087;0.00038077;0.00080665;0.00188835;0.00447429;0.01005580;0.02100330;0.03573250;0.05356940;0.07289780;0.09157220;0.10859600;0.12627400;0.14329900;0.15762900;0.16921300;0.17817300;0.18482500;0.18952200;0.19259000;0.19418200;0.19478600;0.19493800;0.19560900;0.19613000;0.19626100;0.19655200;0.19698000;0.19730400;0.19734800;0.19683800;0.19574400;0.19399300;0.19149300;0.18851700;0.18498700;0.18087800;0.17636100;0.17183800;0.16718200;0.16218800;0.15717000;0.15216800;0.14705600;0.14161800;0.13585500;0.13000100;0.12399300;0.11784500;0.11188100;0.10592700;0.10004400;0.09439570;0.08906640;0.08404140;0.07931490;0.07488040;0.07080450;0.06706740;0.06359520;0.06036700;0.05735930;0.05460170;0.05204890;0.04952150;0.04714870;0.04483890;0.04256000;0.04031050;0.03811610;0.03599950;         ;         ;         ;         ;         ;         ;         ;         ;         ;         ;         ;         ;         ;         ;         
HIV prevalence in females aged 25-49;Mean;0.00013204;0.00018077;0.00031428;0.00064972;0.00147321;0.00338818;0.00734447;0.01417420;0.02401350;0.03647800;0.05115600;0.06769070;0.08552340;0.10424800;0.12335000;0.14229300;0.16056200;0.17791300;0.19402300;0.20874600;0.22190300;0.23396800;0.24535300;0.25612400;0.26620100;0.27544800;0.28393100;0.29172600;0.29881200;0.30490300;0.30973800;0.31344400;0.31585800;0.31692200;0.31693800;0.31587800;0.31372100;0.31062500;0.30706700;0.30286500;0.29788000;0.29231700;0.28610100;0.27926000;0.27170200;0.26330000;0.25434100;0.24490500;0.23513100;0.22523000;0.21534800;0.20541800;0.19562400;0.18604200;0.17673100;0.16772000;0.15908700;0.15090500;0.14320900;0.13592700;0.12902400;0.12248400;0.11627500;0.11041400;0.10483700;0.09946570;0.09428880;0.08925960;0.08440080;0.07965350;0.07489340;         ;         ;         ;         ;         ;         ;         ;         ;         ;         ;         ;         ;         ;         ;         
;95% LL;0.00004159;0.00005838;0.00011286;0.00027665;0.00076131;0.00201034;0.00479583;0.00999659;0.01841840;0.02932540;0.04272650;0.05839280;0.07570600;0.09420880;0.11286100;0.13152500;0.14980700;0.16744200;0.18408300;0.19954200;0.21331900;0.22551900;0.23724500;0.24781100;0.25834800;0.26775800;0.27635700;0.28425900;0.29134900;0.29751000;0.30246900;0.30621600;0.30862100;0.30974100;0.30979800;0.30867700;0.30638700;0.30311500;0.29939400;0.29502700;0.28991500;0.28426000;0.27799300;0.27115000;0.26356200;0.25532700;0.24650600;0.23710900;0.22719600;0.21705000;0.20721500;0.19729300;0.18742700;0.17797800;0.16896700;0.16025700;0.15191500;0.14367700;0.13597000;0.12887300;0.12214700;0.11570500;0.10957700;0.10387100;0.09850010;0.09339770;0.08850210;0.08376440;0.07911070;0.07450700;0.06993330;         ;         ;         ;         ;         ;         ;         ;         ;         ;         ;         ;         ;         ;         ;         
;95% UL;0.00020122;0.00027554;0.00048292;0.00100755;0.00227801;0.00510142;0.01076810;0.02020010;0.03181320;0.04535230;0.06071340;0.07824270;0.09648510;0.11561400;0.13528300;0.15432500;0.17168500;0.18835700;0.20427100;0.21867300;0.23125100;0.24308100;0.25425500;0.26490400;0.27486600;0.28400000;0.29236800;0.30004700;0.30701400;0.31303400;0.31784900;0.32155000;0.32387800;0.32503800;0.32516000;0.32420200;0.32218200;0.31900700;0.31565500;0.31201600;0.30741900;0.30187500;0.29575800;0.28883500;0.28133100;0.27276300;0.26371500;0.25426900;0.24455300;0.23450200;0.22454900;0.21456700;0.20467100;0.19480600;0.18528800;0.17628000;0.16786800;0.15991600;0.15240300;0.14525700;0.13844700;0.13196000;0.12576500;0.11988900;0.11426800;0.10882200;0.10354200;0.09827000;0.09306150;0.08799890;0.08302100;         ;         ;         ;         ;         ;         ;         ;         ;         ;         ;         ;         ;         ;         ;         
HIV prevalence at ages 25+;Mean;0.00010227;0.00015358;0.00030217;0.00067670;0.00159135;0.00369079;0.00790201;0.01490400;0.02441720;0.03572120;0.04821760;0.06146320;0.07485270;0.08810550;0.10087600;0.11287700;0.12387300;0.13377800;0.14252500;0.15014600;0.15655200;0.16214700;0.16747100;0.17254900;0.17741100;0.18201300;0.18649400;0.19107700;0.19555800;0.19968200;0.20323700;0.20628100;0.20871600;0.21047500;0.21178000;0.21270700;0.21341000;0.21356900;0.21331100;0.21286500;0.21218000;0.21137500;0.21039700;0.20925600;0.20787300;0.20614300;0.20419500;0.20202000;0.19963300;0.19709200;0.19442400;0.19157900;0.18859800;0.18548400;0.18225000;0.17890400;0.17550300;0.17207300;0.16865000;0.16519700;0.16171700;0.15822300;0.15470500;0.15115500;0.14757600;0.14397500;0.14036000;0.13673400;0.13310400;0.12947200;0.12584200;         ;         ;         ;         ;         ;         ;         ;         ;         ;         ;         ;         ;         ;         ;         
;95% LL;0.00003221;0.00005072;0.00011374;0.00030250;0.00084325;0.00223965;0.00518367;0.01014740;0.01871680;0.02854010;0.03987600;0.05230300;0.06556850;0.07875500;0.09171670;0.10420000;0.11600100;0.12651600;0.13588200;0.14412700;0.15096800;0.15698700;0.16271200;0.16816600;0.17337400;0.17826000;0.18283000;0.18734900;0.19164600;0.19581400;0.19903500;0.20192000;0.20433000;0.20606100;0.20732900;0.20821500;0.20886000;0.20893100;0.20861300;0.20820100;0.20751500;0.20668000;0.20567800;0.20452400;0.20313600;0.20133300;0.19925400;0.19695500;0.19445200;0.19184400;0.18924700;0.18648100;0.18345200;0.18028600;0.17702000;0.17372700;0.17038200;0.16700800;0.16364100;0.16024500;0.15682400;0.15339000;0.14993700;0.14645500;0.14294400;0.13937600;0.13579800;0.13221400;0.12862900;0.12509600;0.12152100;         ;         ;         ;         ;         ;         ;         ;         ;         ;         ;         ;         ;         ;         ;         
;95% UL;0.00015585;0.00023560;0.00047072;0.00106580;0.00249263;0.00560091;0.01170740;0.02054300;0.03123050;0.04363170;0.05688020;0.07081860;0.08469640;0.09781050;0.11015800;0.12186800;0.13261700;0.14218200;0.15039300;0.15734400;0.16299800;0.16780800;0.17275100;0.17770100;0.18240100;0.18688600;0.19139500;0.19589600;0.20026900;0.20437000;0.20801200;0.21133800;0.21392300;0.21572900;0.21707700;0.21804300;0.21880300;0.21912000;0.21898100;0.21859200;0.21796800;0.21742200;0.21662100;0.21541000;0.21394200;0.21213600;0.21030900;0.20825400;0.20579300;0.20314700;0.20037300;0.19745500;0.19446900;0.19134500;0.18801500;0.18453600;0.18109400;0.17762200;0.17415900;0.17066500;0.16714500;0.16361000;0.16005000;0.15645500;0.15279300;0.14909600;0.14541100;0.14179000;0.13814400;0.13446200;0.13077800;         ;         ;         ;         ;         ;         ;         ;         ;         ;         ;         ;         ;         ;         ;         
HIV prevalence in adults aged 50+;Mean;         ;0.00001010;0.00003775;0.00010666;0.00027396;0.00065643;0.00142480;0.00271577;0.00452866;0.00680054;0.00949179;0.01257830;0.01599600;0.01967730;0.02353590;0.02747120;0.03139590;0.03534820;0.03921680;0.04298790;0.04655580;0.05007340;0.05366120;0.05752140;0.06170960;0.06624370;0.07125680;0.07686810;0.08307060;0.08967010;0.09651920;0.10357500;0.11081000;0.11821100;0.12586500;0.13396500;0.14281200;0.15180800;0.16058500;0.16954900;0.17863900;0.18780500;0.19699000;0.20614600;0.21523000;0.22414200;0.23272200;0.24076700;0.24804900;0.25439000;0.25968500;0.26384800;0.26693300;0.26897000;0.27002700;0.27017000;0.26950800;0.26807100;0.26595200;0.26323800;0.25997600;0.25621900;0.25204900;0.24786600;0.24360900;0.23919700;0.23477800;0.23028700;0.22573600;0.22098900;0.21592500;         ;         ;         ;         ;         ;         ;         ;         ;         ;         ;         ;         ;         ;         ;         
;95% LL;         ;0.00000359;0.00001537;0.00005071;0.00014469;0.00038469;0.00087190;0.00178780;0.00329174;0.00510970;0.00730352;0.00992878;0.01295030;0.01626150;0.01986460;0.02357910;0.02732820;0.03131810;0.03529630;0.03910910;0.04268780;0.04623170;0.04986820;0.05369230;0.05787380;0.06220390;0.06708830;0.07252760;0.07855160;0.08497960;0.09167370;0.09859490;0.10569900;0.11297500;0.12049600;0.12849600;0.13728900;0.14620400;0.15487000;0.16380900;0.17288300;0.18207300;0.19138600;0.20052300;0.20943900;0.21820300;0.22665400;0.23460700;0.24167700;0.24796300;0.25325800;0.25737100;0.26042200;0.26244000;0.26341500;0.26362300;0.26302800;0.26150400;0.25940200;0.25665500;0.25352400;0.24976800;0.24561600;0.24152000;0.23720700;0.23275100;0.22819900;0.22352100;0.21918700;0.21448300;0.20942700;         ;         ;         ;         ;         ;         ;         ;         ;         ;         ;         ;         ;         ;         ;         
;95% UL;         ;0.00001596;0.00005958;0.00016943;0.00043171;0.00100288;0.00216634;0.00380048;0.00596115;0.00861936;0.01164060;0.01508460;0.01889060;0.02289260;0.02703840;0.03138950;0.03558760;0.03968050;0.04354620;0.04718600;0.05050980;0.05377800;0.05747500;0.06141260;0.06565080;0.07044200;0.07590140;0.08189140;0.08840460;0.09525150;0.10228600;0.10946900;0.11677000;0.12417000;0.13176100;0.13973200;0.14837300;0.15708000;0.16577600;0.17507200;0.18450400;0.19371200;0.20305400;0.21233800;0.22141000;0.23034300;0.23899000;0.24703200;0.25442700;0.26110900;0.26656200;0.27085400;0.27402200;0.27610500;0.27730200;0.27755400;0.27698300;0.27562200;0.27356400;0.27089500;0.26782900;0.26391800;0.25992600;0.25596900;0.25195100;0.24732800;0.24286100;0.23844000;0.23393700;0.22899200;0.22395400;         ;         ;         ;         ;         ;         ;         ;         ;         ;         ;         ;         ;         ;         ;         
HIV prevalence in males aged 50+;Mean;         ;0.00001568;0.00006334;0.00018580;0.00048620;0.00117468;0.00255596;0.00486357;0.00805064;0.01193870;0.01637740;0.02123460;0.02627980;0.03134930;0.03625140;0.04082160;0.04494390;0.04873010;0.05204330;0.05494970;0.05735860;0.05955790;0.06173640;0.06413120;0.06684100;0.06988410;0.07343340;0.07769260;0.08253760;0.08771510;0.09305370;0.09852730;0.10414900;0.10993100;0.11594500;0.12235400;0.12935400;0.13633400;0.14298900;0.14966800;0.15630100;0.16283600;0.16920900;0.17536200;0.18122800;0.18668700;0.19159400;0.19579100;0.19914000;0.20156100;0.20304100;0.20348400;0.20304900;0.20179500;0.19983100;0.19724300;0.19412200;0.19052600;0.18654100;0.18226200;0.17771400;0.17294500;0.16800500;0.16324100;0.15859100;0.15397200;0.14951700;0.14516500;0.14093400;0.13667400;0.13227900;         ;         ;         ;         ;         ;         ;         ;         ;         ;         ;         ;         ;         ;         ;         
;95% LL;         ;0.00000568;0.00002637;0.00008984;0.00025864;0.00068410;0.00153982;0.00321662;0.00559851;0.00856411;0.01208510;0.01606520;0.02034330;0.02480850;0.02932230;0.03375620;0.03800410;0.04214310;0.04602750;0.04967750;0.05251390;0.05452010;0.05661430;0.05917400;0.06201010;0.06505010;0.06860000;0.07284830;0.07757920;0.08279270;0.08825340;0.09389640;0.09973140;0.10576600;0.11207200;0.11852000;0.12546800;0.13240000;0.13901300;0.14563700;0.15220100;0.15869200;0.16492000;0.17095100;0.17667500;0.18197300;0.18670100;0.19070700;0.19385400;0.19606600;0.19722400;0.19741200;0.19679000;0.19541300;0.19337800;0.19076500;0.18760200;0.18399200;0.18003200;0.17581000;0.17130700;0.16660300;0.16174800;0.15707300;0.15251700;0.14800000;0.14364800;0.13939900;0.13527100;0.13111700;0.12684000;         ;         ;         ;         ;         ;         ;         ;         ;         ;         ;         ;         ;         ;         ;         
;95% UL;         ;0.00002533;0.00010046;0.00029634;0.00076830;0.00179720;0.00388994;0.00687404;0.01070900;0.01519650;0.02024760;0.02573870;0.03148660;0.03788220;0.04395270;0.04944450;0.05418680;0.05830000;0.06163060;0.06428080;0.06618420;0.06770740;0.06910940;0.07069720;0.07261690;0.07492010;0.07781930;0.08198010;0.08704130;0.09234510;0.09772870;0.10317900;0.10871100;0.11433800;0.12013900;0.12633900;0.13337600;0.14045800;0.14710600;0.15399500;0.16091600;0.16756900;0.17438200;0.18063000;0.18665200;0.19237700;0.19733500;0.20165500;0.20532200;0.20805600;0.20992700;0.21063100;0.21047600;0.20955800;0.20778400;0.20520100;0.20205400;0.19840000;0.19439700;0.19014500;0.18557700;0.18074200;0.17584000;0.17095700;0.16607800;0.16126000;0.15669900;0.15235900;0.14796400;0.14359300;0.13913000;         ;         ;         ;         ;         ;         ;         ;         ;         ;         ;         ;         ;         ;         ;         
HIV prevalence in females aged 50+;Mean;         ;0.00000543;0.00001655;0.00004175;0.00010149;0.00023875;0.00052159;0.00101569;0.00176107;0.00278709;0.00413960;0.00587665;0.00805834;0.01069620;0.01378330;0.01727560;0.02110360;0.02522150;0.02955050;0.03401780;0.03848710;0.04301530;0.04768490;0.05265240;0.05794690;0.06358690;0.06967660;0.07627490;0.08345640;0.09106990;0.09898530;0.10715000;0.11550700;0.12403000;0.13282000;0.14209600;0.15222800;0.16264300;0.17294000;0.18356100;0.19445300;0.20557400;0.21687400;0.22831900;0.23988900;0.25150300;0.26299800;0.27413100;0.28461100;0.29416800;0.30261800;0.30988100;0.31590400;0.32069000;0.32427200;0.32669100;0.32806400;0.32840500;0.32781100;0.32636700;0.32414000;0.32119600;0.31765300;0.31391500;0.30993500;0.30564200;0.30119000;0.29651800;0.29162900;0.28641800;0.28076800;         ;         ;         ;         ;         ;         ;         ;         ;         ;         ;         ;         ;         ;         ;         
;95% LL;         ;0.00000183;0.00000628;0.00001878;0.00005291;0.00014183;0.00032542;0.00067477;0.00126769;0.00209426;0.00322447;0.00469636;0.00657978;0.00884154;0.01163870;0.01490240;0.01850890;0.02237280;0.02639210;0.03072730;0.03511650;0.03969650;0.04411060;0.04878860;0.05380160;0.05916810;0.06498610;0.07131070;0.07821030;0.08554830;0.09320440;0.10113000;0.10927100;0.11760400;0.12623100;0.13536100;0.14535300;0.15570300;0.16595400;0.17625000;0.18705800;0.19810500;0.20947600;0.22100700;0.23249200;0.24407500;0.25548100;0.26626700;0.27645400;0.28578400;0.29407900;0.30102800;0.30682800;0.31207200;0.31580400;0.31823500;0.31951800;0.31975500;0.31914000;0.31780800;0.31560000;0.31238500;0.30883100;0.30499600;0.30095900;0.29646800;0.29190700;0.28710500;0.28198100;0.27674500;0.27108900;         ;         ;         ;         ;         ;         ;         ;         ;         ;         ;         ;         ;         ;         ;         
;95% UL;         ;0.00000833;0.00002570;0.00006536;0.00015821;0.00036272;0.00075976;0.00142304;0.00229810;0.00349060;0.00504769;0.00702648;0.00947925;0.01237190;0.01573070;0.01947780;0.02352950;0.02783100;0.03229500;0.03698400;0.04172580;0.04624790;0.05104860;0.05628120;0.06209900;0.06823960;0.07479920;0.08182670;0.08939310;0.09734710;0.10555500;0.11396000;0.12249800;0.13113500;0.13997300;0.14922600;0.15925700;0.16947200;0.17946500;0.19001200;0.20106400;0.21205000;0.22335900;0.23516200;0.24706100;0.25896100;0.27011500;0.28169900;0.29244200;0.30212900;0.31052700;0.31765900;0.32351700;0.32879200;0.33250200;0.33482000;0.33645800;0.33691000;0.33657500;0.33536500;0.33332400;0.33052200;0.32700900;0.32340600;0.31957300;0.31544700;0.31103700;0.30626100;0.30113100;0.29603000;0.29053300;         ;         ;         ;         ;         ;         ;         ;         ;         ;         ;         ;         ;         ;         ;         
HIV prevalence in pregnant women;Mean;0.00027212;0.00043998;0.00085234;0.00184767;0.00418793;0.00925260;0.01865220;0.03321000;0.05243010;0.07527170;0.10048000;0.12709900;0.15268700;0.17665100;0.19818900;0.21691800;0.23248300;0.24480800;0.25361200;0.25993300;0.26397400;0.26638100;0.26844000;0.27005600;0.27025800;0.27036100;0.27313100;0.27583100;0.27690100;0.27658500;0.27584100;0.27441500;0.27243800;0.26906800;0.26445600;0.25912300;0.25279000;0.24582800;0.23798800;0.22954600;0.22080000;0.21189700;0.20296900;0.19405700;0.18527700;0.17669400;0.16836400;0.16032200;0.15261400;0.14521900;0.13810600;0.13123300;0.12455300;0.11802900;0.11164300;0.10538700;0.09926600;0.09329520;0.08750120;0.08191770;0.07657950;0.07151240;0.06673490;0.06225410;0.05807220;0.05418730;0.05058810;0.04725910;0.04419080;0.04137320;0.03879440;         ;         ;         ;         ;         ;         ;         ;         ;         ;         ;         ;         ;         ;         ;         
;95% LL;0.00008597;0.00014682;0.00032504;0.00086226;0.00230891;0.00590862;0.01291710;0.02470990;0.04270970;0.06344380;0.08688670;0.11254000;0.13860100;0.16221500;0.18439800;0.20359600;0.21997000;0.23320600;0.24262000;0.24935600;0.25305600;0.25557400;0.25761700;0.25866200;0.25858900;0.25840500;0.26115400;0.26371100;0.26471900;0.26439900;0.26363000;0.26210600;0.26002700;0.25654000;0.25193200;0.24632800;0.24015900;0.23328700;0.22553300;0.21699800;0.20834500;0.19942100;0.19074400;0.18185900;0.17311200;0.16467000;0.15664600;0.14890900;0.14155700;0.13451400;0.12767400;0.12101800;0.11458000;0.10838700;0.10232800;0.09643370;0.09070230;0.08514370;0.07977630;0.07457820;0.06960370;0.06496900;0.06059260;0.05641430;0.05250330;0.04887530;0.04551850;0.04255070;0.03972110;0.03707240;0.03469060;         ;         ;         ;         ;         ;         ;         ;         ;         ;         ;         ;         ;         ;         ;         
;95% UL;0.00040996;0.00065539;0.00127992;0.00278397;0.00621634;0.01318040;0.02523040;0.04228210;0.06323650;0.08722800;0.11332900;0.14017200;0.16546900;0.18905900;0.20918600;0.22793600;0.24365200;0.25620000;0.26535000;0.27189500;0.27606500;0.27853300;0.28063800;0.28229600;0.28253000;0.28266900;0.28551200;0.28826600;0.28966000;0.28963300;0.28916300;0.28797700;0.28621500;0.28283400;0.27815400;0.27278700;0.26673200;0.26015100;0.25259700;0.24435700;0.23573700;0.22685000;0.21780300;0.20871100;0.19970600;0.19105700;0.18279100;0.17476900;0.16704100;0.15958800;0.15237800;0.14536700;0.13850400;0.13175200;0.12509200;0.11851800;0.11204000;0.10567700;0.09946340;0.09339900;0.08745620;0.08179430;0.07643740;0.07139950;0.06680890;0.06252580;0.05854140;0.05484250;0.05142230;0.04827320;0.04538450;         ;         ;         ;         ;         ;         ;         ;         ;         ;         ;         ;         ;         ;         ;         
HIV prevalence in pregnant women, 15-19;Mean;0.00031456;0.00050952;0.00099586;0.00213717;0.00474151;0.01022250;0.02024190;0.03593660;0.05713270;0.08222670;0.10855100;0.13393500;0.15441000;0.16937200;0.17880800;0.18318100;0.18272800;0.17827200;0.17115700;0.16271600;0.15364900;0.14475100;0.13697900;0.13026300;0.12308600;0.11645200;0.11169800;0.10794800;0.10579200;0.10465500;0.10400200;0.10371700;0.10358500;0.10252300;0.10062900;0.09860310;0.09522480;0.09162020;0.08791810;0.08438200;0.08033380;0.07567460;0.07037540;0.06442250;0.05822590;0.05268340;0.04806370;0.04379990;0.03967840;0.03581080;0.03270860;0.02993830;0.02761410;0.02549790;0.02354760;0.02177780;0.02019300;0.01878760;0.01756690;0.01648640;0.01552370;0.01466450;0.01388940;0.01318080;0.01252210;0.01190390;0.01132060;0.01076820;0.01024390;0.00974586;0.00927310;         ;         ;         ;         ;         ;         ;         ;         ;         ;         ;         ;         ;         ;         ;         
;95% LL;0.00009933;0.00017024;0.00038923;0.00097375;0.00259587;0.00644804;0.01401190;0.02702380;0.04549960;0.06869120;0.09397230;0.11921900;0.14028000;0.15630300;0.16657800;0.17065600;0.17060700;0.16632700;0.15963800;0.15182800;0.14337000;0.13512300;0.12790900;0.12173500;0.11496000;0.10876900;0.10433700;0.10059700;0.09842970;0.09745050;0.09680250;0.09629240;0.09610560;0.09486600;0.09288310;0.09085650;0.08761520;0.08418460;0.08068530;0.07735410;0.07354420;0.06921820;0.06433340;0.05884680;0.05309150;0.04802160;0.04382040;0.03991880;0.03615820;0.03260790;0.02980070;0.02723160;0.02505660;0.02310710;0.02130080;0.01967180;0.01822490;0.01694030;0.01581590;0.01481860;0.01396180;0.01317470;0.01246270;0.01181380;0.01120470;0.01063230;0.01009460;0.00958614;0.00910432;0.00864741;0.00821472;         ;         ;         ;         ;         ;         ;         ;         ;         ;         ;         ;         ;         ;         ;         
;95% UL;0.00047157;0.00075193;0.00147860;0.00317985;0.00694486;0.01438350;0.02748610;0.04598340;0.06986500;0.09627600;0.12276200;0.14786800;0.16832400;0.18283700;0.19235000;0.19645800;0.19530400;0.19044700;0.18254500;0.17344900;0.16370100;0.15429300;0.14604600;0.13913300;0.13169600;0.12479100;0.11985900;0.11599300;0.11383300;0.11276100;0.11218800;0.11196900;0.11186900;0.11078900;0.10897200;0.10703000;0.10361200;0.09987430;0.09595590;0.09216020;0.08776170;0.08266920;0.07687140;0.07036200;0.06359060;0.05753970;0.05250250;0.04785300;0.04335320;0.03918030;0.03589270;0.03295710;0.03049160;0.02822030;0.02611000;0.02418700;0.02246060;0.02092940;0.01961930;0.01847810;0.01746500;0.01656470;0.01575380;0.01501270;0.01432290;0.01367400;0.01305980;0.01247610;0.01191970;0.01138870;0.01088230;         ;         ;         ;         ;         ;         ;         ;         ;         ;         ;         ;         ;         ;         ;         
HIV prevalence in pregnant women, 20-24;Mean;0.00033602;0.00056189;0.00109596;0.00236724;0.00534890;0.01182080;0.02388180;0.04259800;0.06747510;0.09740590;0.13103700;0.16676000;0.20221100;0.23541400;0.26441700;0.28772800;0.30428800;0.31361800;0.31613600;0.31355900;0.30683600;0.29695400;0.28589400;0.27432600;0.26095400;0.24761700;0.23783900;0.22867900;0.21918400;0.20991300;0.20164300;0.19390300;0.18732900;0.18122200;0.17521000;0.16992600;0.16501700;0.16045400;0.15579200;0.15083700;0.14555600;0.14013500;0.13459600;0.12908800;0.12357500;0.11736000;0.11026700;0.10261800;0.09462160;0.08658750;0.07896490;0.07218050;0.06585750;0.05999750;0.05464520;0.05012310;0.04609690;0.04258580;0.03937960;0.03646450;0.03384590;0.03151020;0.02944090;0.02762650;0.02601370;0.02457050;0.02327230;0.02209110;0.02100250;0.01998800;0.01903570;         ;         ;         ;         ;         ;         ;         ;         ;         ;         ;         ;         ;         ;         ;         
;95% LL;0.00010590;0.00018597;0.00041004;0.00108670;0.00291468;0.00743308;0.01651570;0.03218010;0.05411270;0.08091420;0.11359100;0.14950800;0.18536200;0.21951800;0.24884700;0.27234400;0.29055300;0.30064000;0.30335100;0.30128300;0.29459900;0.28423900;0.27320700;0.26175500;0.24847100;0.23509800;0.22528600;0.21633600;0.20721700;0.19831000;0.19043800;0.18283000;0.17645000;0.17048900;0.16450900;0.15931000;0.15433700;0.14961800;0.14475500;0.13957400;0.13430500;0.12904500;0.12372400;0.11832600;0.11328000;0.10768500;0.10116900;0.09394000;0.08647030;0.07899640;0.07201100;0.06578860;0.05992270;0.05455570;0.04967640;0.04552610;0.04183110;0.03857230;0.03563780;0.03299530;0.03061230;0.02844420;0.02653570;0.02485710;0.02336050;0.02201790;0.02080760;0.01970560;0.01870910;0.01780240;0.01695050;         ;         ;         ;         ;         ;         ;         ;         ;         ;         ;         ;         ;         ;         ;         
;95% UL;0.00050681;0.00083573;0.00164163;0.00355726;0.00792522;0.01683370;0.03207640;0.05375290;0.08133980;0.11323400;0.14759900;0.18338700;0.21880600;0.25082000;0.27953700;0.30202800;0.31788300;0.32670600;0.32885100;0.32609400;0.31980200;0.31043000;0.29976900;0.28851500;0.27534600;0.26211700;0.25242700;0.24325700;0.23365200;0.22422000;0.21579100;0.20790400;0.20119800;0.19496300;0.18878900;0.18338100;0.17838500;0.17373900;0.16896500;0.16360800;0.15780400;0.15201300;0.14623900;0.14040000;0.13464100;0.12815400;0.12073100;0.11270100;0.10427000;0.09575790;0.08764320;0.08038700;0.07359610;0.06728280;0.06150310;0.05660450;0.05223240;0.04840280;0.04489360;0.04169360;0.03881340;0.03624270;0.03396910;0.03196090;0.03014100;0.02851140;0.02704270;0.02570090;0.02445900;0.02329660;0.02220080;         ;         ;         ;         ;         ;         ;         ;         ;         ;         ;         ;         ;         ;         ;         
HIV prevalence in pregnant women, 25-29;Mean;0.00027676;0.00043308;0.00081737;0.00175561;0.00398633;0.00886473;0.01797860;0.03206730;0.05061070;0.07269220;0.09748370;0.12423800;0.15195300;0.17984100;0.20710400;0.23322500;0.25752600;0.27947300;0.29825200;0.31447600;0.32743500;0.33682300;0.34284700;0.34547900;0.34435500;0.34150800;0.34026100;0.33733400;0.33113400;0.32272600;0.31398400;0.30487600;0.29524600;0.28448400;0.27300100;0.26148600;0.24994200;0.23843300;0.22809000;0.21856700;0.20969200;0.20190300;0.19498400;0.18830000;0.18167100;0.17506100;0.16853100;0.16203100;0.15564600;0.14924000;0.14211300;0.13399900;0.12522800;0.11602100;0.10669800;0.09771430;0.08959400;0.08202060;0.07503780;0.06868630;0.06325230;0.05840760;0.05414280;0.05024150;0.04669740;0.04350860;0.04065320;0.03811300;0.03587210;0.03387100;0.03207210;         ;         ;         ;         ;         ;         ;         ;         ;         ;         ;         ;         ;         ;         ;         
;95% LL;0.00008732;0.00014390;0.00030918;0.00082411;0.00220279;0.00571091;0.01250700;0.02435010;0.04118800;0.06153910;0.08423750;0.10910400;0.13626800;0.16335400;0.19112700;0.21689600;0.24226100;0.26445300;0.28445900;0.30235200;0.31528200;0.32404000;0.33024200;0.33183900;0.33111300;0.32751200;0.32629500;0.32309900;0.31718200;0.30875100;0.30003100;0.29032000;0.28108000;0.27074500;0.25918000;0.24826300;0.23677000;0.22527000;0.21500100;0.20571600;0.19670100;0.18889400;0.18227800;0.17553400;0.16852000;0.16185300;0.15562900;0.14948400;0.14330800;0.13708700;0.13017900;0.12277900;0.11463400;0.10596800;0.09731470;0.08905020;0.08161920;0.07460400;0.06822260;0.06232230;0.05725630;0.05273460;0.04875720;0.04519750;0.04193760;0.03905030;0.03646330;0.03415230;0.03206170;0.03017410;0.02850840;         ;         ;         ;         ;         ;         ;         ;         ;         ;         ;         ;         ;         ;         ;         
;95% UL;0.00041767;0.00064706;0.00123176;0.00265533;0.00593888;0.01266260;0.02532990;0.04229350;0.06202460;0.08479520;0.11049800;0.13805700;0.16576000;0.19425100;0.22093900;0.24744100;0.27052200;0.29326700;0.31097100;0.32692100;0.34065600;0.34949900;0.35560000;0.35832200;0.35830900;0.35539400;0.35491000;0.35262000;0.34694300;0.33893900;0.33027200;0.32091800;0.31214400;0.30142300;0.28991600;0.27839000;0.26689800;0.25540300;0.24504000;0.23543500;0.22660700;0.21892600;0.21203200;0.20533000;0.19863600;0.19190500;0.18522800;0.17855100;0.17196700;0.16533100;0.15789600;0.14937500;0.14009900;0.13029000;0.12029200;0.11059800;0.10177800;0.09351510;0.08586920;0.07878240;0.07265960;0.06723040;0.06250880;0.05816130;0.05418070;0.05057020;0.04731870;0.04441880;0.04185870;0.03957590;0.03753140;         ;         ;         ;         ;         ;         ;         ;         ;         ;         ;         ;         ;         ;         ;         
HIV prevalence in pregnant women, 30-34;Mean;0.00021818;0.00035191;0.00069637;0.00155265;0.00359711;0.00804582;0.01625390;0.02866850;0.04453920;0.06279510;0.08257790;0.10316600;0.12404500;0.14469000;0.16468800;0.18386700;0.20201500;0.21891200;0.23451200;0.24994700;0.26550400;0.28170200;0.29928700;0.31799600;0.33656900;0.35485500;0.37430500;0.38913300;0.39761900;0.40050400;0.40012800;0.39681600;0.39125500;0.38332900;0.37358300;0.36249100;0.35013100;0.33642400;0.32193000;0.30701400;0.29201100;0.27701600;0.26261200;0.24997300;0.23867600;0.22838800;0.21952000;0.21173700;0.20445200;0.19733800;0.19032400;0.18353400;0.17681400;0.17008700;0.16314200;0.15530900;0.14634400;0.13678200;0.12695700;0.11714700;0.10758700;0.09885730;0.09075250;0.08339690;0.07675610;0.07098310;0.06581700;0.06121470;0.05699530;0.05316790;0.04972720;         ;         ;         ;         ;         ;         ;         ;         ;         ;         ;         ;         ;         ;         ;         
;95% LL;0.00006900;0.00011826;0.00026933;0.00074488;0.00200367;0.00523555;0.01135930;0.02171820;0.03624000;0.05299440;0.07134150;0.09058240;0.11104500;0.13174900;0.15210200;0.17081700;0.18902800;0.20633000;0.22218000;0.23807500;0.25300000;0.26958600;0.28710600;0.30533500;0.32312500;0.34150600;0.35951000;0.37388500;0.38239400;0.38510700;0.38457200;0.38128200;0.37616900;0.36873800;0.35878600;0.34763100;0.33479000;0.32074700;0.30617200;0.29188400;0.27681700;0.26211600;0.24785800;0.23544100;0.22400500;0.21402500;0.20545700;0.19793500;0.19072100;0.18313900;0.17610100;0.16952400;0.16300500;0.15621000;0.14965500;0.14222900;0.13378200;0.12492300;0.11580900;0.10663800;0.09776490;0.08980210;0.08227450;0.07545780;0.06930180;0.06391110;0.05919040;0.05496360;0.05099480;0.04743730;0.04440990;         ;         ;         ;         ;         ;         ;         ;         ;         ;         ;         ;         ;         ;         ;         
;95% UL;0.00032888;0.00052723;0.00105422;0.00235945;0.00537822;0.01151310;0.02322120;0.03823530;0.05509380;0.07333630;0.09257620;0.11364600;0.13479800;0.15601900;0.17652900;0.19632300;0.21502800;0.23199300;0.24789900;0.26324900;0.27911600;0.29550000;0.31319700;0.33197100;0.35058000;0.36889400;0.38839800;0.40324600;0.41175700;0.41485500;0.41507700;0.41231100;0.40680400;0.39945200;0.39022200;0.37963200;0.36773800;0.35440500;0.34019100;0.32546300;0.31055900;0.29557700;0.28112700;0.26901600;0.25809900;0.24807100;0.23936900;0.23168500;0.22447100;0.21739000;0.21036500;0.20353000;0.19671500;0.18983100;0.18265000;0.17446800;0.16502000;0.15486000;0.14430700;0.13349600;0.12289600;0.11325500;0.10442600;0.09636710;0.08905350;0.08265450;0.07689880;0.07173270;0.06696640;0.06261320;0.05867410;         ;         ;         ;         ;         ;         ;         ;         ;         ;         ;         ;         ;         ;         ;         
HIV prevalence in pregnant women, 35-39;Mean;0.00016549;0.00026223;0.00052109;0.00117740;0.00275952;0.00622229;0.01266390;0.02255370;0.03548980;0.05075640;0.06768630;0.08558330;0.10393600;0.12205200;0.13942100;0.15578900;0.17090000;0.18448800;0.19669400;0.20842800;0.21996000;0.23191600;0.24531000;0.26056200;0.27739600;0.29673500;0.32095700;0.34564900;0.36895300;0.38978500;0.40820800;0.42304500;0.43332100;0.43866900;0.43980500;0.43762200;0.43188400;0.42364500;0.41328700;0.40110100;0.38733600;0.37266600;0.35697400;0.34068000;0.32422200;0.30788800;0.29179700;0.27650300;0.26333700;0.25166600;0.24107000;0.23199900;0.22403000;0.21656000;0.20922500;0.20201000;0.19508000;0.18819600;0.18118300;0.17380600;0.16541200;0.15578400;0.14565400;0.13540300;0.12523900;0.11523200;0.10607700;0.09761170;0.09001930;0.08318270;0.07717360;         ;         ;         ;         ;         ;         ;         ;         ;         ;         ;         ;         ;         ;         ;         
;95% LL;0.00005245;0.00008833;0.00020279;0.00056678;0.00152622;0.00403001;0.00871074;0.01702060;0.02861100;0.04245290;0.05811130;0.07450500;0.09195590;0.11037600;0.12722500;0.14300600;0.15834400;0.17225700;0.18390400;0.19552700;0.20651500;0.21804400;0.23140800;0.24662000;0.26370300;0.28275200;0.30614300;0.33062600;0.35407900;0.37471600;0.39239800;0.40689100;0.41694200;0.42218700;0.42332500;0.42116100;0.41539400;0.40758100;0.39750000;0.38520500;0.37099800;0.35649700;0.34069100;0.32405800;0.30766800;0.29147600;0.27633000;0.26123100;0.24786400;0.23652400;0.22629000;0.21723300;0.20924200;0.20174300;0.19427500;0.18722700;0.18010900;0.17292500;0.16603300;0.15905400;0.15093300;0.14205300;0.13269900;0.12301100;0.11370600;0.10446400;0.09596100;0.08809950;0.08109360;0.07488650;0.06922370;         ;         ;         ;         ;         ;         ;         ;         ;         ;         ;         ;         ;         ;         ;         
;95% UL;0.00024906;0.00039361;0.00079121;0.00179547;0.00414258;0.00895146;0.01790370;0.02990760;0.04387750;0.05948390;0.07638300;0.09458040;0.11323000;0.13175700;0.14994100;0.16681100;0.18232800;0.19693300;0.20998000;0.22241200;0.23450100;0.24688600;0.26061900;0.27613300;0.29313600;0.31257100;0.33687300;0.36150000;0.38461500;0.40522400;0.42343000;0.43810500;0.44826900;0.45357200;0.45505000;0.45348100;0.44773300;0.43954400;0.43045800;0.41843500;0.40498600;0.39082000;0.37551500;0.35949600;0.34322000;0.32698700;0.31122200;0.29676000;0.28422900;0.27303800;0.26280900;0.25401400;0.24625600;0.23896600;0.23176800;0.22464700;0.21775800;0.21083900;0.20369500;0.19605000;0.18706400;0.17665900;0.16562000;0.15450800;0.14361300;0.13280200;0.12282100;0.11353100;0.10514500;0.09755400;0.09084090;         ;         ;         ;         ;         ;         ;         ;         ;         ;         ;         ;         ;         ;         ;         
HIV prevalence in pregnant women, 40-49;Mean;0.00011487;0.00016969;0.00032132;0.00071702;0.00169064;0.00385363;0.00794236;0.01437990;0.02299030;0.03357280;0.04585650;0.06033360;0.07471380;0.08937890;0.10384000;0.11777300;0.13083800;0.14386200;0.15578700;0.16712400;0.17792300;0.18860600;0.19975100;0.21196300;0.22504100;0.23988200;0.25894200;0.27847100;0.29807400;0.31737500;0.33727700;0.35772200;0.37795900;0.39733500;0.41549200;0.43171500;0.44431200;0.45303200;0.45762300;0.45831600;0.45567600;0.44992000;0.44194800;0.43191500;0.42015600;0.40685300;0.39261800;0.37735100;0.36145700;0.34523400;0.32893000;0.31278500;0.29719000;0.28346100;0.27100400;0.25949600;0.24937900;0.24028100;0.23192200;0.22392700;0.21620000;0.20894300;0.20186500;0.19468700;0.18722600;0.17910600;0.17005700;0.16053000;0.15070700;0.14068700;0.13042600;         ;         ;         ;         ;         ;         ;         ;         ;         ;         ;         ;         ;         ;         ;         
;95% LL;0.00003645;0.00005697;0.00012554;0.00034175;0.00092227;0.00247920;0.00538036;0.01067200;0.01831370;0.02773800;0.03875250;0.05176010;0.06533080;0.07993290;0.09325200;0.10664500;0.11967000;0.13276200;0.14468700;0.15536400;0.16542800;0.17554200;0.18593400;0.19783300;0.21045600;0.22465200;0.24392600;0.26316000;0.28203900;0.30089100;0.32110900;0.34078100;0.36086000;0.38065500;0.39815600;0.41498400;0.42748200;0.43614100;0.44036600;0.44069200;0.43794100;0.43233100;0.42471600;0.41495200;0.40311700;0.38972400;0.37517500;0.35993800;0.34389300;0.32805500;0.31139500;0.29519900;0.28047500;0.26722000;0.25462000;0.24360300;0.23370800;0.22483300;0.21651500;0.20853200;0.20057600;0.19299800;0.18556500;0.17835900;0.17125900;0.16336800;0.15485100;0.14591500;0.13673000;0.12728200;0.11789700;         ;         ;         ;         ;         ;         ;         ;         ;         ;         ;         ;         ;         ;         ;         
;95% UL;0.00017260;0.00025501;0.00048871;0.00109607;0.00254583;0.00556863;0.01108410;0.01886370;0.02823260;0.03947420;0.05245040;0.06759490;0.08216860;0.09725200;0.11178100;0.12703500;0.14133900;0.15551700;0.16846000;0.18023400;0.19166900;0.20337300;0.21539900;0.22815400;0.24168600;0.25692000;0.27641000;0.29624500;0.31597900;0.33527400;0.35505100;0.37527300;0.39518500;0.41416800;0.43191400;0.44781900;0.46018800;0.46879300;0.47338600;0.47465800;0.47228900;0.46702600;0.45866500;0.44945000;0.43803300;0.42464000;0.41048700;0.39609500;0.38050100;0.36464600;0.34812100;0.33266400;0.31810200;0.30519700;0.29341500;0.28247100;0.27281300;0.26409700;0.25605600;0.24832200;0.24081000;0.23370400;0.22669500;0.21913700;0.21130900;0.20269100;0.19298600;0.18297300;0.17257200;0.16186700;0.15082600;         ;         ;         ;         ;         ;         ;         ;         ;         ;         ;         ;         ;         ;         ;         
HIV prevalence in females sex workers;Mean;0.00063404;0.00198911;0.00566353;0.01476120;0.03658710;0.08373270;0.16510500;0.26947900;0.36686300;0.44436600;0.50355100;0.54960000;0.58570600;0.61585700;0.63895200;0.65549100;0.66628500;0.67254300;0.67527900;0.67632100;0.67602700;0.67474800;0.67277100;0.67027800;0.66776200;0.66420300;0.65974100;0.65493400;0.65249300;0.65023400;0.64655500;0.64197700;0.63406300;0.62336100;0.61223600;0.60006300;0.58649100;0.57219400;0.55669400;0.54038300;0.52379300;0.50724400;0.49077800;0.47440700;0.45836200;0.44246400;0.42672600;0.41116900;0.39585500;0.38075000;0.36588800;0.35129000;0.33697900;0.32298300;0.30933100;0.29605100;0.28316500;0.27069400;0.25865300;0.24705600;0.23591200;0.22522500;0.21499400;0.20521400;0.19587800;0.18697900;0.17850400;0.17043800;0.16276500;0.15546800;0.14853000;         ;         ;         ;         ;         ;         ;         ;         ;         ;         ;         ;         ;         ;         ;         
;95% LL;0.00019973;0.00075772;0.00245818;0.00749071;0.02047820;0.04708070;0.09157010;0.15884900;0.23855000;0.31793800;0.38931100;0.45066500;0.50176800;0.54524400;0.57987000;0.60609600;0.62342000;0.62829000;0.63418200;0.63683000;0.63615700;0.63577900;0.63373600;0.62803700;0.62484000;0.61867600;0.60688300;0.59752300;0.59017500;0.58665100;0.58172700;0.57721000;0.56863200;0.55707300;0.54502600;0.53222200;0.51832800;0.50416500;0.48842800;0.47238600;0.45680500;0.44049300;0.42411500;0.40842100;0.39421100;0.37998400;0.36495400;0.35023600;0.33628600;0.32322700;0.30983400;0.29632000;0.28318500;0.27127900;0.25942900;0.24781200;0.23705000;0.22644600;0.21569600;0.20543700;0.19566200;0.18656700;0.17783000;0.16916100;0.16137900;0.15337200;0.14560100;0.13825000;0.13130100;0.12473300;0.11852700;         ;         ;         ;         ;         ;         ;         ;         ;         ;         ;         ;         ;         ;         ;         
;95% UL;0.00096624;0.00313191;0.00940856;0.02448720;0.07840610;0.17336800;0.29910100;0.41681200;0.50120500;0.55950100;0.60316100;0.64332100;0.67059400;0.69607500;0.71574300;0.72996100;0.73854200;0.73861600;0.73191600;0.72460000;0.71659400;0.71077800;0.71056300;0.71027400;0.70860100;0.70794000;0.70582700;0.70358000;0.70323800;0.70239700;0.69961800;0.69580500;0.68774600;0.67698500;0.66626000;0.65482200;0.64202300;0.62835000;0.61343500;0.59763500;0.58145200;0.56518000;0.54884100;0.53245000;0.51624400;0.50004000;0.48385800;0.46772900;0.45172700;0.43582500;0.42006200;0.40446900;0.38907400;0.37391400;0.35902500;0.34444500;0.33020500;0.31633800;0.30286900;0.28982300;0.27721800;0.26522200;0.25678700;0.24602500;0.23539800;0.22524700;0.21602000;0.20744400;0.19886200;0.19067500;0.18291700;         ;         ;         ;         ;         ;         ;         ;         ;         ;         ;         ;         ;         ;         ;         
HIV prevalence in men who have sex with men (ages 18+);Mean;0.00036718;0.00061108;0.00115897;0.00219458;0.00414366;0.00783222;0.01475690;0.02752970;0.04877940;0.07973890;0.11878900;0.16183600;0.20403000;0.24228800;0.27478100;0.30082200;0.32044800;0.33470200;0.34408500;0.34939600;0.35174900;0.35215600;0.35118100;0.34967900;0.34806300;0.34623900;0.34437200;0.34223500;0.34032300;0.33847500;0.33630100;0.33436500;0.33181900;0.32732900;0.32159400;0.31514800;0.30846300;0.30172200;0.29453000;0.28704200;0.27945800;0.27190000;0.26449500;0.25734700;0.25040500;0.24366100;0.23708200;0.23065400;0.22440300;0.21835300;0.21249900;0.20686600;0.20138000;0.19602600;0.19080800;0.18570800;0.18069900;0.17577800;0.17094600;0.16621100;0.16157700;0.15705200;0.15263800;0.14834100;0.14416000;0.14009300;0.13613900;0.13229900;0.12856900;0.12495000;0.12144000;         ;         ;         ;         ;         ;         ;         ;         ;         ;         ;         ;         ;         ;         ;         
;95% LL;0.00011567;0.00019151;0.00035303;0.00064928;0.00122592;0.00242034;0.00494159;0.01060600;0.02203530;0.04087500;0.06880280;0.10612700;0.14842900;0.19129600;0.23092500;0.26499200;0.29249200;0.31341800;0.32707000;0.33632700;0.34001100;0.33819800;0.33564700;0.33401900;0.33252800;0.33029800;0.32833800;0.32634900;0.32475500;0.32336000;0.32176500;0.32047600;0.31854900;0.31444700;0.30909400;0.30303000;0.29669100;0.29032200;0.28354600;0.27645700;0.26949300;0.26264900;0.25596400;0.24951200;0.24267700;0.23657300;0.23064800;0.22488300;0.21846000;0.21220900;0.20614500;0.20029600;0.19459200;0.18902200;0.18359000;0.17828100;0.17306900;0.16795200;0.16293000;0.15801100;0.15319800;0.14849700;0.14391300;0.13944800;0.13510100;0.13087200;0.12675900;0.12276200;0.11887900;0.11510900;0.11145200;         ;         ;         ;         ;         ;         ;         ;         ;         ;         ;         ;         ;         ;         ;         
;95% UL;0.00055957;0.00094177;0.00181439;0.00348306;0.00664370;0.01260600;0.02394180;0.04320830;0.07287060;0.11269100;0.15887500;0.20379300;0.24302500;0.27615500;0.30308700;0.32378700;0.33902800;0.35006900;0.35796900;0.36131900;0.36319100;0.36276200;0.36105700;0.35914900;0.35749300;0.35534900;0.35319100;0.35078500;0.34882800;0.34711000;0.34494000;0.34285500;0.34000400;0.33517100;0.32913500;0.32258500;0.31554600;0.30848200;0.30104300;0.29337400;0.28563400;0.27790200;0.27030800;0.26318700;0.25595700;0.24903000;0.24235200;0.23575500;0.22941000;0.22324300;0.21724300;0.21167700;0.20630600;0.20106500;0.19588600;0.19080600;0.18582100;0.18093300;0.17629600;0.17140200;0.16681500;0.16255600;0.15816100;0.15391800;0.14979800;0.14603300;0.14213000;0.13864300;0.13536400;0.13218900;0.12911500;         ;         ;         ;         ;         ;         ;         ;         ;         ;         ;         ;         ;         ;         ;         
HIV prevalence in male clients of sex workers;Mean;0.00031734;0.00048424;0.00100854;0.00235810;0.00568706;0.01334530;0.02858360;0.05324880;0.08544530;0.12183500;0.15983600;0.19761000;0.23336500;0.26582100;0.29402200;0.31749400;0.33610700;0.35041100;0.36074300;0.36775600;0.37193400;0.37431700;0.37551300;0.37643600;0.37745800;0.37855800;0.38010700;0.38180500;0.38354000;0.38487400;0.38541400;0.38522600;0.38412600;0.38193300;0.37917600;0.37570100;0.37136900;0.36644200;0.36094200;0.35472500;0.34790900;0.34065600;0.33306800;0.32523700;0.31726500;0.30917100;0.30095400;0.29261800;0.28422800;0.27581200;0.26740300;0.25902600;0.25068700;0.24238300;0.23410900;0.22586300;0.21764300;0.20945100;0.20129400;0.19319000;0.18515900;0.17722500;0.16941100;0.16174200;0.15423900;0.14692500;0.13982000;0.13294100;0.12630500;0.11992500;0.11381400;         ;         ;         ;         ;         ;         ;         ;         ;         ;         ;         ;         ;         ;         ;         
;95% LL;0.00010021;0.00016119;0.00039208;0.00110281;0.00303768;0.00802224;0.01793120;0.03660960;0.06240750;0.09293850;0.12677000;0.16320400;0.19969300;0.23203000;0.26277000;0.28733800;0.30736500;0.32362900;0.33644100;0.34658500;0.35272400;0.35437600;0.35608300;0.35778200;0.35847800;0.36034200;0.36152800;0.36356500;0.36536400;0.36695600;0.36705800;0.36640300;0.36483600;0.36225700;0.35917700;0.35547800;0.35105300;0.34613500;0.34073300;0.33468200;0.32804800;0.32095800;0.31360000;0.30605200;0.29836100;0.29054600;0.28260800;0.27455300;0.26644100;0.25830200;0.25016600;0.24205700;0.23398600;0.22594900;0.21794500;0.20997500;0.20204100;0.19422800;0.18652600;0.17887500;0.17129600;0.16381000;0.15644200;0.14919900;0.14195000;0.13491700;0.12811800;0.12156900;0.11528300;0.10926900;0.10353500;         ;         ;         ;         ;         ;         ;         ;         ;         ;         ;         ;         ;         ;         ;         
;95% UL;0.00048394;0.00074796;0.00158794;0.00375291;0.00898117;0.02035590;0.04350810;0.07501260;0.11053600;0.15051500;0.19086100;0.22967700;0.26444000;0.29540200;0.32568000;0.34981900;0.36789400;0.38090800;0.38941900;0.39453700;0.39847100;0.40075400;0.39928300;0.39958500;0.40125600;0.40226400;0.40334100;0.40485900;0.40629400;0.40724100;0.40724000;0.40647000;0.40493000;0.40259300;0.39939400;0.39559300;0.39090000;0.38614300;0.38069500;0.37447300;0.36765000;0.36041100;0.35286500;0.34510300;0.33721500;0.32920000;0.32106100;0.31281000;0.30452900;0.29625500;0.28802200;0.27984100;0.27170500;0.26359900;0.25551800;0.24745400;0.23939500;0.23133500;0.22327500;0.21522300;0.20718900;0.19918600;0.19122900;0.18333200;0.17551400;0.16779400;0.16019400;0.15273400;0.14543900;0.13832900;0.13142800;         ;         ;         ;         ;         ;         ;         ;         ;         ;         ;         ;         ;         ;         ;         
;;         ;         ;         ;         ;         ;         ;         ;         ;         ;         ;         ;         ;         ;         ;         ;         ;         ;         ;         ;         ;         ;         ;         ;         ;         ;         ;         ;         ;         ;         ;         ;         ;         ;         ;         ;         ;         ;         ;         ;         ;         ;         ;         ;         ;         ;         ;         ;         ;         ;         ;         ;         ;         ;         ;         ;         ;         ;         ;         ;         ;         ;         ;         ;         ;         ;         ;         ;         ;         ;         ;         ;         ;         ;         ;         ;         ;         ;         ;         ;         ;         ;         ;         ;         ;         ;         
Antiretroviral treatment uptake, coverage and interruption;;         ;         ;         ;         ;         ;         ;         ;         ;         ;         ;         ;         ;         ;         ;         ;         ;         ;         ;         ;         ;         ;         ;         ;         ;         ;         ;         ;         ;         ;         ;         ;         ;         ;         ;         ;         ;         ;         ;         ;         ;         ;         ;         ;         ;         ;         ;         ;         ;         ;         ;         ;         ;         ;         ;         ;         ;         ;         ;         ;         ;         ;         ;         ;         ;         ;         ;         ;         ;         ;         ;         ;         ;         ;         ;         ;         ;         ;         ;         ;         ;         ;         ;         ;         ;         ;         
;;         ;         ;         ;         ;         ;         ;         ;         ;         ;         ;         ;         ;         ;         ;         ;         ;         ;         ;         ;         ;         ;         ;         ;         ;         ;         ;         ;         ;         ;         ;         ;         ;         ;         ;         ;         ;         ;         ;         ;         ;         ;         ;         ;         ;         ;         ;         ;         ;         ;         ;         ;         ;         ;         ;         ;         ;         ;         ;         ;         ;         ;         ;         ;         ;         ;         ;         ;         ;         ;         ;         ;         ;         ;         ;         ;         ;         ;         ;         ;         ;         ;         ;         ;         ;         ;         
Total number starting ART;Mean;         ;         ;         ;         ;         ;         ;         ;         ;         ;         ;         ;         ;         ;         ;         ;9662.94000000;12376.60000000;15475.50000000;19167.70000000;82446.30000000;137411.00000000;203162.00000000;267617.00000000;317967.00000000;421612.00000000;533746.00000000;727994.00000000;629928.00000000;490152.00000000;510248.00000000;554246.00000000;622678.00000000;528044.00000000;441367.00000000;421133.00000000;378584.00000000;355416.00000000;330709.00000000;298964.00000000;273666.00000000;246647.00000000;223785.00000000;204908.00000000;181613.00000000;166219.00000000;155188.00000000;146677.00000000;139663.00000000;133536.00000000;127960.00000000;122721.00000000;117692.00000000;112819.00000000;108100.00000000;103553.00000000;99194.00000000;95031.60000000;91068.40000000;87304.00000000;83735.60000000;80356.90000000;77158.60000000;74129.20000000;71256.20000000;68527.40000000;65931.20000000;63457.20000000;61095.80000000;58838.50000000;56677.40000000;54605.60000000;         ;         ;         ;         ;         ;         ;         ;         ;         ;         ;         ;         ;         ;         ;         
;95% LL;         ;         ;         ;         ;         ;         ;         ;         ;         ;         ;         ;         ;         ;         ;         ;9645.90000000;12358.30000000;15457.20000000;19143.10000000;82300.70000000;137196.00000000;202912.00000000;267265.00000000;317483.00000000;420685.00000000;532464.00000000;726709.00000000;628275.00000000;488842.00000000;508991.00000000;552544.00000000;620997.00000000;526418.00000000;439720.00000000;418808.00000000;361347.00000000;329744.00000000;302351.00000000;271523.00000000;248399.00000000;224388.00000000;205343.00000000;189093.00000000;169708.00000000;156646.00000000;146535.00000000;138641.00000000;132178.00000000;126417.00000000;121058.00000000;115968.00000000;111219.00000000;106522.00000000;101984.00000000;97514.20000000;93197.40000000;89085.80000000;85291.90000000;81482.90000000;77986.00000000;74683.30000000;71615.00000000;68718.30000000;65974.00000000;63369.60000000;60893.80000000;58475.90000000;56286.70000000;54137.30000000;52080.20000000;50108.50000000;         ;         ;         ;         ;         ;         ;         ;         ;         ;         ;         ;         ;         ;         ;         
;95% UL;         ;         ;         ;         ;         ;         ;         ;         ;         ;         ;         ;         ;         ;         ;         ;9675.86000000;12393.10000000;15495.40000000;19196.40000000;82560.90000000;137631.00000000;203447.00000000;267974.00000000;318475.00000000;422533.00000000;535160.00000000;729428.00000000;631807.00000000;491537.00000000;511638.00000000;555844.00000000;624421.00000000;529734.00000000;442967.00000000;423492.00000000;399010.00000000;386077.00000000;364942.00000000;331730.00000000;303297.00000000;272248.00000000;244421.00000000;222148.00000000;194100.00000000;176748.00000000;163881.00000000;154845.00000000;148072.00000000;142180.00000000;136821.00000000;131770.00000000;126889.00000000;122122.00000000;117471.00000000;112958.00000000;108606.00000000;104428.00000000;100432.00000000;96620.70000000;92996.80000000;89557.00000000;86294.40000000;83199.30000000;80260.40000000;77466.20000000;74805.70000000;72268.70000000;69845.80000000;67528.40000000;65308.40000000;63178.80000000;         ;         ;         ;         ;         ;         ;         ;         ;         ;         ;         ;         ;         ;         ;         
Males aged 15+ starting ART;Mean;         ;         ;         ;         ;         ;         ;         ;         ;         ;         ;         ;         ;         ;         ;         ;3052.34000000;3765.13000000;4561.02000000;5361.56000000;22432.40000000;37960.10000000;57675.70000000;77604.40000000;92527.90000000;126215.00000000;166126.00000000;230876.00000000;210780.00000000;164966.00000000;163419.00000000;181730.00000000;207869.00000000;181760.00000000;156425.00000000;156541.00000000;141353.00000000;130510.00000000;126757.00000000;113393.00000000;104220.00000000;92776.20000000;82868.50000000;74611.30000000;65292.20000000;58880.30000000;54249.70000000;50751.90000000;47982.30000000;45683.40000000;43692.80000000;41899.90000000;40233.70000000;38653.00000000;37136.90000000;35677.40000000;34273.20000000;32924.70000000;31632.90000000;30398.00000000;29220.00000000;28098.20000000;27030.80000000;26015.60000000;25049.70000000;24130.10000000;23253.60000000;22417.40000000;21618.80000000;20855.20000000;20124.40000000;19424.00000000;         ;         ;         ;         ;         ;         ;         ;         ;         ;         ;         ;         ;         ;         ;         
;95% LL;         ;         ;         ;         ;         ;         ;         ;         ;         ;         ;         ;         ;         ;         ;         ;3041.49000000;3754.51000000;4551.46000000;5352.44000000;22404.90000000;37895.60000000;57590.50000000;77489.10000000;92390.60000000;125956.00000000;165694.00000000;230331.00000000;210078.00000000;164488.00000000;163078.00000000;181164.00000000;207219.00000000;181123.00000000;155822.00000000;155571.00000000;134687.00000000;120577.00000000;114970.00000000;101799.00000000;93238.20000000;83075.70000000;74531.90000000;67672.00000000;60018.30000000;54661.60000000;50755.70000000;47641.90000000;45152.60000000;43120.40000000;41224.40000000;39504.60000000;37921.40000000;36395.40000000;34926.90000000;33507.80000000;32112.40000000;30799.90000000;29544.00000000;28345.60000000;27204.70000000;26081.40000000;25061.90000000;24093.50000000;23173.70000000;22299.40000000;21467.00000000;20619.60000000;19825.40000000;19105.60000000;18394.20000000;17721.30000000;         ;         ;         ;         ;         ;         ;         ;         ;         ;         ;         ;         ;         ;         ;         
;95% UL;         ;         ;         ;         ;         ;         ;         ;         ;         ;         ;         ;         ;         ;         ;         ;3061.13000000;3775.11000000;4571.32000000;5371.33000000;22455.80000000;38028.20000000;57786.00000000;77747.30000000;92688.50000000;126529.00000000;166669.00000000;231550.00000000;211625.00000000;165512.00000000;163781.00000000;182330.00000000;208575.00000000;182433.00000000;157037.00000000;157485.00000000;149275.00000000;142357.00000000;141165.00000000;127317.00000000;117187.00000000;104216.00000000;92508.30000000;82676.30000000;71271.10000000;63595.20000000;58221.00000000;54318.50000000;51342.90000000;48856.10000000;46669.40000000;44779.10000000;42974.00000000;41274.10000000;39760.90000000;38221.60000000;36740.90000000;35318.20000000;33953.90000000;32695.30000000;31498.30000000;30358.20000000;29273.50000000;28249.80000000;27295.40000000;26386.30000000;25519.70000000;24693.10000000;23903.70000000;23149.20000000;22427.10000000;21735.40000000;         ;         ;         ;         ;         ;         ;         ;         ;         ;         ;         ;         ;         ;         ;         
Females aged 15+ starting ART;Mean;         ;         ;         ;         ;         ;         ;         ;         ;         ;         ;         ;         ;         ;         ;         ;5825.16000000;7562.17000000;9681.26000000;12238.30000000;51455.80000000;86237.70000000;128450.00000000;169120.00000000;197369.00000000;256062.00000000;318920.00000000;467966.00000000;388958.00000000;301008.00000000;324271.00000000;350027.00000000;398495.00000000;332618.00000000;272982.00000000;253727.00000000;233795.00000000;221303.00000000;200566.00000000;180931.00000000;163750.00000000;147421.00000000;134082.00000000;123456.00000000;110411.00000000;102108.00000000;96214.70000000;91599.80000000;87675.20000000;84113.90000000;80757.80000000;77511.90000000;74327.10000000;71197.70000000;68148.10000000;65206.40000000;62391.80000000;59712.50000000;57171.10000000;54766.70000000;52496.50000000;50354.90000000;48333.80000000;46424.10000000;44616.00000000;42900.20000000;41268.30000000;39712.80000000;38227.00000000;36804.90000000;35441.40000000;34132.00000000;         ;         ;         ;         ;         ;         ;         ;         ;         ;         ;         ;         ;         ;         ;         
;95% LL;         ;         ;         ;         ;         ;         ;         ;         ;         ;         ;         ;         ;         ;         ;         ;5811.24000000;7543.74000000;9659.80000000;12213.50000000;51417.40000000;86130.70000000;128271.00000000;168855.00000000;197013.00000000;255441.00000000;317950.00000000;467307.00000000;388185.00000000;300358.00000000;323614.00000000;349112.00000000;397452.00000000;331472.00000000;271793.00000000;252054.00000000;219910.00000000;201157.00000000;179091.00000000;160890.00000000;146352.00000000;133030.00000000;122505.00000000;113821.00000000;102641.00000000;95707.30000000;90573.60000000;86382.60000000;82707.70000000;79279.90000000;76033.80000000;72862.90000000;69758.70000000;66718.70000000;63766.40000000;60928.10000000;58221.00000000;55651.70000000;53221.40000000;50928.10000000;48760.20000000;46606.50000000;44576.20000000;42659.40000000;40846.40000000;39146.00000000;37584.50000000;36108.80000000;34702.70000000;33358.90000000;32039.10000000;30779.90000000;         ;         ;         ;         ;         ;         ;         ;         ;         ;         ;         ;         ;         ;         ;         
;95% UL;         ;         ;         ;         ;         ;         ;         ;         ;         ;         ;         ;         ;         ;         ;         ;5838.73000000;7581.89000000;9703.70000000;12263.60000000;51496.50000000;86340.60000000;128630.00000000;169375.00000000;197781.00000000;256858.00000000;320226.00000000;468609.00000000;389755.00000000;301655.00000000;324985.00000000;350914.00000000;399484.00000000;333677.00000000;274013.00000000;255166.00000000;247866.00000000;242464.00000000;222790.00000000;201201.00000000;181602.00000000;162112.00000000;146058.00000000;133284.00000000;118036.00000000;109452.00000000;103689.00000000;99236.70000000;95372.20000000;91704.80000000;88260.80000000;84926.60000000;81645.80000000;78400.60000000;75236.50000000;72274.50000000;69422.10000000;66691.90000000;64090.10000000;61619.30000000;59279.30000000;57066.70000000;54974.80000000;52995.10000000;51118.40000000;49335.50000000;47638.00000000;46018.40000000;44469.90000000;42986.60000000;41562.80000000;40193.80000000;         ;         ;         ;         ;         ;         ;         ;         ;         ;         ;         ;         ;         ;         ;         
Children aged <15 starting ART;Mean;         ;         ;         ;         ;         ;         ;         ;         ;         ;         ;         ;         ;         ;         ;         ;785.43500000;1049.31000000;1233.22000000;1567.77000000;8558.15000000;13213.00000000;17036.00000000;20892.30000000;28070.50000000;39335.10000000;48700.60000000;29151.90000000;30190.30000000;24177.90000000;22558.20000000;22489.40000000;16315.20000000;13666.00000000;11959.90000000;10864.90000000;3436.68000000;3603.44000000;3385.90000000;4640.36000000;5696.42000000;6450.50000000;6834.86000000;6840.64000000;5909.87000000;5231.21000000;4723.70000000;4325.70000000;4005.66000000;3738.55000000;3509.01000000;3309.20000000;3131.28000000;2967.95000000;2814.70000000;2668.93000000;2529.07000000;2394.34000000;2264.43000000;2139.31000000;2019.07000000;1903.89000000;1793.99000000;1689.51000000;1590.51000000;1497.09000000;1409.26000000;1326.97000000;1250.07000000;1178.35000000;1111.62000000;1049.62000000;         ;         ;         ;         ;         ;         ;         ;         ;         ;         ;         ;         ;         ;         ;         
;95% LL;         ;         ;         ;         ;         ;         ;         ;         ;         ;         ;         ;         ;         ;         ;         ;754.97300000;1011.33000000;1195.95000000;1528.22000000;8393.54000000;12927.70000000;16714.20000000;20502.90000000;27571.80000000;38556.70000000;47623.80000000;28223.80000000;29216.70000000;23530.00000000;21910.80000000;21907.20000000;16043.30000000;13495.80000000;11823.20000000;10734.50000000;3259.75000000;3409.70000000;3196.39000000;4378.39000000;5376.93000000;6088.35000000;6452.50000000;6465.55000000;5590.91000000;4948.59000000;4469.85000000;4094.48000000;3790.57000000;3534.14000000;3309.79000000;3114.93000000;2942.91000000;2785.02000000;2640.91000000;2501.02000000;2365.94000000;2235.09000000;2107.98000000;1985.92000000;1869.03000000;1759.75000000;1655.64000000;1556.92000000;1461.42000000;1370.25000000;1288.22000000;1213.62000000;1140.74000000;1072.90000000;1009.10000000;949.77900000;         ;         ;         ;         ;         ;         ;         ;         ;         ;         ;         ;         ;         ;         ;         
;95% UL;         ;         ;         ;         ;         ;         ;         ;         ;         ;         ;         ;         ;         ;         ;         ;812.41800000;1081.42000000;1264.30000000;1605.21000000;8708.43000000;13464.70000000;17304.30000000;21194.30000000;28510.80000000;40066.30000000;49653.20000000;29999.40000000;31143.10000000;24838.60000000;23200.40000000;23078.70000000;16592.10000000;13840.80000000;12099.60000000;10994.00000000;3614.75000000;3794.29000000;3573.61000000;4901.54000000;6013.65000000;6811.32000000;7215.39000000;7218.85000000;6247.40000000;5537.00000000;5019.79000000;4625.34000000;4309.55000000;4046.68000000;3820.98000000;3624.30000000;3448.56000000;3286.15000000;3132.48000000;2984.95000000;2842.03000000;2703.00000000;2567.67000000;2436.15000000;2308.69000000;2185.67000000;2067.46000000;1954.37000000;1846.62000000;1744.42000000;1647.94000000;1557.21000000;1472.15000000;1392.65000000;1318.51000000;1249.53000000;         ;         ;         ;         ;         ;         ;         ;         ;         ;         ;         ;         ;         ;         ;         
Adults starting ART at CD4 <200;Mean;         ;         ;         ;         ;         ;         ;         ;         ;         ;         ;         ;         ;         ;         ;         ;8053.05000000;10303.80000000;13000.10000000;16116.20000000;67553.20000000;112995.00000000;168564.00000000;221871.00000000;258069.00000000;327843.00000000;362954.00000000;347556.00000000;247773.00000000;193531.00000000;160874.00000000;151808.00000000;138934.00000000;117768.00000000;102437.00000000;97392.80000000;90724.10000000;80401.20000000;70025.40000000;57948.70000000;48216.50000000;39332.70000000;32268.40000000;26849.60000000;22159.90000000;19297.10000000;17396.30000000;16066.20000000;15087.20000000;14338.40000000;13740.40000000;13238.10000000;12799.40000000;12404.70000000;12039.70000000;11694.60000000;11364.40000000;11046.40000000;10739.20000000;10441.90000000;10154.00000000;9875.22000000;9604.98000000;9342.85000000;9088.32000000;8840.75000000;8599.51000000;8364.03000000;8133.78000000;7908.31000000;7687.22000000;7470.16000000;         ;         ;         ;         ;         ;         ;         ;         ;         ;         ;         ;         ;         ;         ;         
;95% LL;         ;         ;         ;         ;         ;         ;         ;         ;         ;         ;         ;         ;         ;         ;         ;8033.19000000;10281.30000000;12974.90000000;16087.90000000;67323.60000000;112573.00000000;167852.00000000;220800.00000000;256646.00000000;325508.00000000;358023.00000000;338390.00000000;240494.00000000;186999.00000000;152861.00000000;144289.00000000;131745.00000000;111202.00000000;96416.40000000;90724.90000000;81178.20000000;70059.80000000;60562.60000000;49998.20000000;41747.20000000;34343.50000000;28557.10000000;24044.10000000;20221.20000000;17848.70000000;16190.60000000;15019.00000000;14147.50000000;13457.10000000;12913.90000000;12448.70000000;12035.90000000;11660.10000000;11305.90000000;10960.10000000;10628.80000000;10309.90000000;10002.00000000;9704.40000000;9416.68000000;9142.77000000;8893.09000000;8651.58000000;8417.72000000;8179.34000000;7943.15000000;7712.78000000;7487.73000000;7267.30000000;7051.93000000;6840.47000000;         ;         ;         ;         ;         ;         ;         ;         ;         ;         ;         ;         ;         ;         ;         
;95% UL;         ;         ;         ;         ;         ;         ;         ;         ;         ;         ;         ;         ;         ;         ;         ;8072.62000000;10326.90000000;13026.70000000;16146.40000000;67785.90000000;113399.00000000;169231.00000000;222891.00000000;259449.00000000;330382.00000000;368475.00000000;358488.00000000;256328.00000000;200864.00000000;169266.00000000;160024.00000000;147131.00000000;124886.00000000;109014.00000000;104599.00000000;102124.00000000;92972.80000000;82345.50000000;68366.90000000;56539.80000000;45578.00000000;36761.60000000;30070.80000000;24303.30000000;20871.10000000;18691.10000000;17201.70000000;16087.20000000;15229.70000000;14552.90000000;13996.30000000;13537.70000000;13142.00000000;12789.20000000;12448.00000000;12101.30000000;11785.40000000;11493.00000000;11209.90000000;10935.70000000;10669.90000000;10412.20000000;10162.30000000;9919.60000000;9683.58000000;9453.59000000;9229.03000000;9009.39000000;8794.17000000;8582.93000000;8375.29000000;         ;         ;         ;         ;         ;         ;         ;         ;         ;         ;         ;         ;         ;         ;         
Adults starting ART at CD4 200-349;Mean;         ;         ;         ;         ;         ;         ;         ;         ;         ;         ;         ;         ;         ;         ;         ;788.65900000;986.40800000;1204.35000000;1445.50000000;6132.53000000;10546.40000000;16342.20000000;23088.30000000;29805.80000000;51524.60000000;118345.00000000;347878.00000000;325774.00000000;247315.00000000;205352.00000000;191554.00000000;169856.00000000;138675.00000000;116737.00000000;110273.00000000;101142.00000000;93001.90000000;84581.20000000;73605.10000000;64644.00000000;55725.20000000;48302.70000000;42308.20000000;36226.70000000;32335.30000000;29690.90000000;27790.00000000;26336.20000000;25154.70000000;24142.50000000;23233.70000000;22389.80000000;21588.20000000;20816.20000000;20068.70000000;19345.80000000;18648.50000000;17977.90000000;17334.40000000;16718.00000000;16128.10000000;15564.10000000;15024.50000000;14508.10000000;14012.90000000;13537.30000000;13079.80000000;12638.80000000;12213.20000000;11801.80000000;11403.80000000;         ;         ;         ;         ;         ;         ;         ;         ;         ;         ;         ;         ;         ;         ;         
;95% LL;         ;         ;         ;         ;         ;         ;         ;         ;         ;         ;         ;         ;         ;         ;         ;750.74800000;940.30500000;1150.33000000;1385.03000000;5871.31000000;10044.60000000;15513.40000000;21865.20000000;28186.60000000;48665.60000000;112484.00000000;338139.00000000;319294.00000000;242106.00000000;203763.00000000;190070.00000000;166798.00000000;136129.00000000;114734.00000000;108169.00000000;95073.10000000;84865.80000000;75867.40000000;65609.50000000;57577.80000000;49899.40000000;43686.40000000;38591.70000000;33442.40000000;30071.60000000;27901.30000000;26207.80000000;24899.80000000;23822.50000000;22867.90000000;21971.80000000;21162.60000000;20390.20000000;19635.00000000;18899.50000000;18184.30000000;17514.40000000;16887.50000000;16246.80000000;15629.80000000;15040.40000000;14481.20000000;13951.90000000;13442.10000000;12948.40000000;12471.40000000;12030.50000000;11606.00000000;11196.70000000;10801.40000000;10419.30000000;         ;         ;         ;         ;         ;         ;         ;         ;         ;         ;         ;         ;         ;         ;         
;95% UL;         ;         ;         ;         ;         ;         ;         ;         ;         ;         ;         ;         ;         ;         ;         ;824.54300000;1031.98000000;1257.82000000;1504.26000000;6381.26000000;11020.30000000;17163.10000000;24362.90000000;31586.50000000;54614.70000000;124461.00000000;356931.00000000;331298.00000000;252189.00000000;206740.00000000;192644.00000000;172380.00000000;140740.00000000;118372.00000000;112079.00000000;107641.00000000;102398.00000000;95026.20000000;83247.40000000;72949.90000000;62506.40000000;53708.00000000;46582.90000000;39264.20000000;34639.20000000;31582.20000000;29478.10000000;27855.30000000;26599.00000000;25496.10000000;24566.70000000;23765.30000000;23002.50000000;22264.70000000;21546.70000000;20848.60000000;20172.20000000;19519.00000000;18889.80000000;18285.30000000;17705.30000000;17149.50000000;16617.00000000;16106.40000000;15616.30000000;15145.00000000;14690.90000000;14252.70000000;13829.20000000;13419.30000000;13022.00000000;         ;         ;         ;         ;         ;         ;         ;         ;         ;         ;         ;         ;         ;         ;         
Adults starting ART at CD4 350-499;Mean;         ;         ;         ;         ;         ;         ;         ;         ;         ;         ;         ;         ;         ;         ;         ;20.28510000;21.41720000;22.24100000;22.80440000;122.19800000;399.49700000;748.57000000;1090.30000000;1254.82000000;1813.43000000;2343.99000000;2146.42000000;17593.90000000;16896.30000000;108679.00000000;172356.00000000;144569.00000000;114244.00000000;93817.90000000;88821.80000000;80771.90000000;76744.10000000;72614.10000000;66537.60000000;61641.00000000;56072.80000000;51232.90000000;47166.90000000;42019.00000000;38595.30000000;36156.90000000;34284.10000000;32737.70000000;31374.70000000;30120.00000000;28928.90000000;27774.20000000;26643.00000000;25535.40000000;24458.90000000;23421.00000000;22426.80000000;21478.50000000;20576.80000000;19721.40000000;18911.30000000;18144.60000000;17418.80000000;16730.90000000;16077.80000000;15456.70000000;14865.00000000;14300.50000000;13761.10000000;13244.90000000;12750.40000000;         ;         ;         ;         ;         ;         ;         ;         ;         ;         ;         ;         ;         ;         ;         
;95% LL;         ;         ;         ;         ;         ;         ;         ;         ;         ;         ;         ;         ;         ;         ;         ;18.34390000;19.47120000;20.35740000;21.01690000;113.59100000;371.54500000;697.09400000;1013.17000000;1163.67000000;1685.73000000;2194.17000000;2032.50000000;16518.30000000;15662.30000000;102131.00000000;165440.00000000;141517.00000000;112023.00000000;91874.50000000;86917.10000000;78718.90000000;72548.70000000;67289.70000000;60990.20000000;56283.50000000;51235.60000000;47004.60000000;43533.90000000;39292.50000000;36369.80000000;34161.10000000;32444.20000000;31018.60000000;29732.70000000;28518.90000000;27378.70000000;26262.50000000;25167.80000000;24098.90000000;23051.00000000;22021.60000000;21047.30000000;20102.80000000;19215.90000000;18377.00000000;17584.50000000;16836.40000000;16129.80000000;15466.50000000;14842.30000000;14249.40000000;13685.10000000;13147.10000000;12633.50000000;12142.30000000;11672.00000000;         ;         ;         ;         ;         ;         ;         ;         ;         ;         ;         ;         ;         ;         ;         
;95% UL;         ;         ;         ;         ;         ;         ;         ;         ;         ;         ;         ;         ;         ;         ;         ;22.25740000;23.33270000;24.13000000;24.55690000;130.82100000;429.30500000;806.55200000;1177.81000000;1359.09000000;1963.93000000;2525.88000000;2273.58000000;18550.10000000;18137.10000000;115611.00000000;179060.00000000;147098.00000000;116140.00000000;95558.50000000;90435.10000000;82599.20000000;81008.80000000;78381.60000000;72598.90000000;67465.90000000;61294.30000000;55802.00000000;51020.50000000;44857.70000000;40985.50000000;38135.00000000;36106.40000000;34627.60000000;33331.50000000;32139.30000000;31003.60000000;29894.90000000;28799.30000000;27717.00000000;26656.60000000;25627.20000000;24635.00000000;23683.70000000;22775.10000000;21909.90000000;21088.20000000;20308.50000000;19568.90000000;18866.70000000;18199.10000000;17563.30000000;16956.90000000;16377.70000000;15823.60000000;15292.80000000;14783.60000000;         ;         ;         ;         ;         ;         ;         ;         ;         ;         ;         ;         ;         ;         ;         
Adults starting ART at CD4 500+;Mean;         ;         ;         ;         ;         ;         ;         ;         ;         ;         ;         ;         ;         ;         ;         ;15.50690000;15.62350000;15.55290000;15.37160000;80.29650000;256.50600000;471.33700000;675.57800000;767.26200000;1096.25000000;1402.33000000;1261.09000000;8597.53000000;8232.40000000;12783.80000000;16039.40000000;153004.00000000;143691.00000000;116415.00000000;113781.00000000;102510.00000000;101666.00000000;100103.00000000;96232.70000000;93468.60000000;89066.20000000;85146.40000000;81742.70000000;75297.60000000;70760.50000000;67220.20000000;64211.40000000;61496.50000000;58929.50000000;56447.70000000;54011.10000000;51597.40000000;49214.80000000;46893.70000000;44661.50000000;42533.70000000;40515.50000000;38608.30000000;36811.60000000;35123.10000000;33538.40000000;32051.00000000;30653.50000000;29338.50000000;28098.90000000;26928.40000000;25821.40000000;24772.70000000;23777.60000000;22831.80000000;21931.60000000;         ;         ;         ;         ;         ;         ;         ;         ;         ;         ;         ;         ;         ;         ;         
;95% LL;         ;         ;         ;         ;         ;         ;         ;         ;         ;         ;         ;         ;         ;         ;         ;13.69720000;13.89210000;13.95470000;13.92790000;73.46510000;235.17800000;432.49900000;620.14900000;703.27600000;1008.10000000;1299.80000000;1187.36000000;8020.39000000;7604.03000000;11738.20000000;14791.40000000;146436.00000000;138449.00000000;111998.00000000;109036.00000000;101261.00000000;98697.20000000;95496.40000000;90780.30000000;87676.50000000;83371.00000000;79713.40000000;76584.90000000;70891.10000000;66942.60000000;63742.20000000;60935.80000000;58412.20000000;56030.70000000;53631.10000000;51232.00000000;48862.70000000;46476.70000000;44228.80000000;42039.60000000;39939.90000000;37954.60000000;36084.50000000;34327.90000000;32681.80000000;31140.80000000;29698.00000000;28345.40000000;27075.20000000;25880.20000000;24753.90000000;23690.40000000;22684.50000000;21731.40000000;20826.60000000;19958.00000000;         ;         ;         ;         ;         ;         ;         ;         ;         ;         ;         ;         ;         ;         ;         
;95% UL;         ;         ;         ;         ;         ;         ;         ;         ;         ;         ;         ;         ;         ;         ;         ;17.36120000;17.40730000;17.16150000;16.85380000;87.51820000;280.20100000;515.44100000;739.61600000;841.03400000;1200.00000000;1525.48000000;1345.73000000;9126.49000000;8881.61000000;13874.10000000;17408.40000000;159986.00000000;149497.00000000;120984.00000000;118614.00000000;104206.00000000;104628.00000000;104820.00000000;101839.00000000;99417.30000000;94946.90000000;90778.00000000;87150.40000000;79650.80000000;74772.20000000;71363.90000000;68492.50000000;65907.70000000;63454.90000000;61066.70000000;58698.80000000;56325.90000000;53957.10000000;51627.20000000;49368.70000000;47201.00000000;45132.60000000;43168.20000000;41309.70000000;39557.20000000;37907.90000000;36356.70000000;34896.80000000;33521.10000000;32222.80000000;30995.80000000;29834.60000000;28733.80000000;27688.70000000;26694.90000000;25748.30000000;         ;         ;         ;         ;         ;         ;         ;         ;         ;         ;         ;         ;         ;         ;         
Children starting ART with advanced HIV disease;Mean;         ;         ;         ;         ;         ;         ;         ;         ;         ;         ;         ;         ;         ;         ;         ;784.36500000;1047.17000000;1229.36000000;1561.50000000;8502.78000000;13115.90000000;16879.60000000;20675.80000000;26598.10000000;35810.20000000;43387.80000000;24518.80000000;22911.00000000;16300.80000000;16023.00000000;17330.80000000;10938.90000000;8415.60000000;7225.71000000;6481.57000000;2151.12000000;2350.37000000;2146.99000000;2881.88000000;3512.31000000;3919.57000000;4042.80000000;3895.71000000;3249.51000000;2808.89000000;2499.02000000;2268.53000000;2090.64000000;1946.29000000;1824.61000000;1720.12000000;1627.91000000;1543.65000000;1464.66000000;1389.51000000;1317.36000000;1247.76000000;1180.54000000;1115.72000000;1053.32000000;993.48200000;936.30500000;881.87500000;830.24300000;781.45900000;735.54900000;692.49800000;652.24100000;614.68400000;579.72100000;547.23000000;         ;         ;         ;         ;         ;         ;         ;         ;         ;         ;         ;         ;         ;         ;         
;95% LL;         ;         ;         ;         ;         ;         ;         ;         ;         ;         ;         ;         ;         ;         ;         ;754.16700000;1009.36000000;1192.86000000;1522.69000000;8346.66000000;12837.80000000;16573.50000000;20302.70000000;26134.60000000;35119.50000000;42420.30000000;23749.30000000;21932.40000000;15717.30000000;15513.40000000;16825.30000000;10692.70000000;8252.65000000;7091.79000000;6356.52000000;2048.19000000;2232.21000000;2032.88000000;2720.91000000;3314.42000000;3696.72000000;3811.08000000;3671.05000000;3069.37000000;2655.26000000;2360.73000000;2146.68000000;1977.51000000;1838.35000000;1721.41000000;1620.24000000;1530.65000000;1449.47000000;1373.53000000;1302.10000000;1232.58000000;1165.21000000;1099.40000000;1036.12000000;975.86800000;919.04400000;864.84100000;813.30900000;763.29900000;715.62000000;672.08400000;632.31900000;595.25300000;559.72000000;526.70300000;496.07900000;         ;         ;         ;         ;         ;         ;         ;         ;         ;         ;         ;         ;         ;         ;         
;95% UL;         ;         ;         ;         ;         ;         ;         ;         ;         ;         ;         ;         ;         ;         ;         ;811.07000000;1078.87000000;1259.80000000;1598.35000000;8646.65000000;13361.40000000;17132.90000000;20976.90000000;27000.90000000;36434.80000000;44206.30000000;25194.50000000;23819.60000000;16889.40000000;16562.30000000;17843.80000000;11187.80000000;8578.44000000;7355.96000000;6604.69000000;2254.62000000;2468.77000000;2261.28000000;3040.17000000;3709.60000000;4141.16000000;4275.41000000;4115.09000000;3437.08000000;2978.27000000;2656.97000000;2424.84000000;2248.70000000;2106.36000000;1986.63000000;1883.82000000;1792.86000000;1709.23000000;1630.19000000;1554.30000000;1480.72000000;1409.03000000;1339.13000000;1271.08000000;1205.02000000;1141.15000000;1079.69000000;1020.79000000;964.59900000;911.22600000;860.77100000;813.27600000;768.72000000;727.04400000;688.16300000;651.97400000;         ;         ;         ;         ;         ;         ;         ;         ;         ;         ;         ;         ;         ;         ;         
Total on ART;Mean;         ;         ;         ;         ;         ;         ;         ;         ;         ;         ;         ;         ;         ;         ;         ;         ;8257.61000000;17734.30000000;29097.80000000;42909.30000000;110933.00000000;220866.00000000;381923.00000000;592889.00000000;842433.00000000;1179710.00000000;1612140.00000000;2242460.00000000;2705590.00000000;3067510.00000000;3440570.00000000;3860950.00000000;4347970.00000000;4731740.00000000;5035410.00000000;5348390.00000000;5652420.00000000;5923700.00000000;6182470.00000000;6411070.00000000;6615800.00000000;6793820.00000000;6948710.00000000;7083580.00000000;7168760.00000000;7237350.00000000;7292980.00000000;7337580.00000000;7371660.00000000;7395950.00000000;7410940.00000000;7416940.00000000;7414150.00000000;7402740.00000000;7382900.00000000;7354840.00000000;7318780.00000000;7274940.00000000;7223590.00000000;7164960.00000000;7099310.00000000;7026910.00000000;6948050.00000000;6862990.00000000;6771980.00000000;6675240.00000000;6573040.00000000;6465600.00000000;6353140.00000000;6235930.00000000;6114190.00000000;         ;         ;         ;         ;         ;         ;         ;         ;         ;         ;         ;         ;         ;         ;         
;95% LL;         ;         ;         ;         ;         ;         ;         ;         ;         ;         ;         ;         ;         ;         ;         ;         ;8243.55000000;17706.30000000;29052.20000000;42837.10000000;110769.00000000;220432.00000000;380873.00000000;590869.00000000;838956.00000000;1174320.00000000;1604040.00000000;2233210.00000000;2694080.00000000;3051550.00000000;3424280.00000000;3843590.00000000;4329440.00000000;4710380.00000000;5010400.00000000;5318670.00000000;5632390.00000000;5902280.00000000;6133980.00000000;6334610.00000000;6513830.00000000;6669820.00000000;6807510.00000000;6927470.00000000;7003000.00000000;7064000.00000000;7114910.00000000;7155610.00000000;7185620.00000000;7205780.00000000;7216980.00000000;7219480.00000000;7213480.00000000;7199120.00000000;7176600.00000000;7146120.00000000;7107890.00000000;7062130.00000000;7009090.00000000;6949020.00000000;6882160.00000000;6808780.00000000;6729160.00000000;6643560.00000000;6552220.00000000;6455380.00000000;6353280.00000000;6246140.00000000;6134210.00000000;6017720.00000000;5898280.00000000;         ;         ;         ;         ;         ;         ;         ;         ;         ;         ;         ;         ;         ;         ;         
;95% UL;         ;         ;         ;         ;         ;         ;         ;         ;         ;         ;         ;         ;         ;         ;         ;         ;8269.79000000;17767.00000000;29160.90000000;43009.10000000;111140.00000000;221337.00000000;383026.00000000;595169.00000000;846217.00000000;1185740.00000000;1620900.00000000;2253150.00000000;2717480.00000000;3083760.00000000;3456530.00000000;3876430.00000000;4363960.00000000;4749470.00000000;5058260.00000000;5375650.00000000;5670250.00000000;5951940.00000000;6234670.00000000;6490240.00000000;6723590.00000000;6926330.00000000;7102030.00000000;7254100.00000000;7347360.00000000;7421500.00000000;7481080.00000000;7528530.00000000;7564670.00000000;7590440.00000000;7606450.00000000;7615230.00000000;7615280.00000000;7606540.00000000;7589200.00000000;7563480.00000000;7529590.00000000;7487760.00000000;7440130.00000000;7384320.00000000;7318060.00000000;7250390.00000000;7168340.00000000;7084250.00000000;6994050.00000000;6897950.00000000;6798840.00000000;6695360.00000000;6583810.00000000;6463060.00000000;6337650.00000000;         ;         ;         ;         ;         ;         ;         ;         ;         ;         ;         ;         ;         ;         ;         
Males age 15+ on ART;Mean;         ;         ;         ;         ;         ;         ;         ;         ;         ;         ;         ;         ;         ;         ;         ;         ;2511.77000000;5251.55000000;8373.54000000;11910.70000000;29680.40000000;58412.50000000;101534.00000000;158940.00000000;226606.00000000;321479.00000000;448695.00000000;639727.00000000;786181.00000000;896965.00000000;1006720.00000000;1136200.00000000;1290200.00000000;1413900.00000000;1513110.00000000;1621360.00000000;1721630.00000000;1809190.00000000;1897520.00000000;1972700.00000000;2038640.00000000;2093020.00000000;2137970.00000000;2174960.00000000;2194280.00000000;2206460.00000000;2213340.00000000;2215640.00000000;2214010.00000000;2208920.00000000;2200610.00000000;2189280.00000000;2175090.00000000;2158180.00000000;2138650.00000000;2116620.00000000;2092210.00000000;2065510.00000000;2036660.00000000;2005770.00000000;1972980.00000000;1938400.00000000;1902180.00000000;1864450.00000000;1825330.00000000;1784940.00000000;1743410.00000000;1700860.00000000;1657410.00000000;1613180.00000000;1568310.00000000;         ;         ;         ;         ;         ;         ;         ;         ;         ;         ;         ;         ;         ;         ;         
;95% LL;         ;         ;         ;         ;         ;         ;         ;         ;         ;         ;         ;         ;         ;         ;         ;         ;2501.02000000;5231.30000000;8342.93000000;11869.10000000;29590.70000000;58227.20000000;101149.00000000;158103.00000000;225091.00000000;319054.00000000;445079.00000000;634632.00000000;780293.00000000;889620.00000000;998661.00000000;1127550.00000000;1280890.00000000;1403580.00000000;1501590.00000000;1607530.00000000;1712030.00000000;1804390.00000000;1883920.00000000;1948940.00000000;2004720.00000000;2050580.00000000;2088150.00000000;2118760.00000000;2134920.00000000;2144780.00000000;2149890.00000000;2150780.00000000;2148000.00000000;2142030.00000000;2133410.00000000;2121900.00000000;2107680.00000000;2089580.00000000;2068840.00000000;2046590.00000000;2022040.00000000;1995320.00000000;1966790.00000000;1936720.00000000;1904850.00000000;1871290.00000000;1835750.00000000;1798160.00000000;1759250.00000000;1719150.00000000;1677980.00000000;1636260.00000000;1594220.00000000;1550890.00000000;1506650.00000000;         ;         ;         ;         ;         ;         ;         ;         ;         ;         ;         ;         ;         ;         ;         
;95% UL;         ;         ;         ;         ;         ;         ;         ;         ;         ;         ;         ;         ;         ;         ;         ;         ;2521.37000000;5272.54000000;8407.15000000;11959.10000000;29796.20000000;58662.10000000;102061.00000000;159866.00000000;228044.00000000;323600.00000000;451704.00000000;643535.00000000;790722.00000000;903096.00000000;1014260.00000000;1144820.00000000;1299890.00000000;1424820.00000000;1525330.00000000;1635390.00000000;1730480.00000000;1815900.00000000;1915930.00000000;2003720.00000000;2081740.00000000;2145970.00000000;2199540.00000000;2244050.00000000;2267480.00000000;2282870.00000000;2292400.00000000;2296160.00000000;2295290.00000000;2290700.00000000;2283250.00000000;2272890.00000000;2259540.00000000;2243310.00000000;2224330.00000000;2202990.00000000;2179730.00000000;2153770.00000000;2124470.00000000;2093020.00000000;2059540.00000000;2024180.00000000;1987060.00000000;1948830.00000000;1910070.00000000;1868870.00000000;1826560.00000000;1783130.00000000;1738550.00000000;1695100.00000000;1648420.00000000;         ;         ;         ;         ;         ;         ;         ;         ;         ;         ;         ;         ;         ;         ;         
Females age 15+ on ART;Mean;         ;         ;         ;         ;         ;         ;         ;         ;         ;         ;         ;         ;         ;         ;         ;         ;4998.97000000;10922.80000000;18254.40000000;27400.70000000;70808.00000000;141192.00000000;246315.00000000;384980.00000000;547152.00000000;761803.00000000;1033380.00000000;1457510.00000000;1763360.00000000;2008150.00000000;2268670.00000000;2556520.00000000;2892130.00000000;3157930.00000000;3370010.00000000;3583830.00000000;3801770.00000000;3999710.00000000;4183890.00000000;4348860.00000000;4495630.00000000;4624800.00000000;4739450.00000000;4841940.00000000;4912860.00000000;4973290.00000000;5025710.00000000;5070970.00000000;5109360.00000000;5141280.00000000;5166940.00000000;5186440.00000000;5199850.00000000;5207250.00000000;5208720.00000000;5204390.00000000;5194370.00000000;5178800.00000000;5157800.00000000;5131510.00000000;5100080.00000000;5063640.00000000;5022340.00000000;4976300.00000000;4925660.00000000;4870520.00000000;4811000.00000000;4747200.00000000;4679250.00000000;4607250.00000000;4531320.00000000;         ;         ;         ;         ;         ;         ;         ;         ;         ;         ;         ;         ;         ;         ;         
;95% LL;         ;         ;         ;         ;         ;         ;         ;         ;         ;         ;         ;         ;         ;         ;         ;         ;4985.45000000;10887.90000000;18190.50000000;27305.60000000;70594.60000000;140745.00000000;245347.00000000;383199.00000000;544253.00000000;757406.00000000;1026880.00000000;1450000.00000000;1753610.00000000;1994770.00000000;2255190.00000000;2543240.00000000;2878950.00000000;3142140.00000000;3352030.00000000;3560770.00000000;3788050.00000000;3985020.00000000;4149770.00000000;4292720.00000000;4419530.00000000;4531060.00000000;4630420.00000000;4721090.00000000;4785570.00000000;4840660.00000000;4888380.00000000;4929370.00000000;4963800.00000000;4992040.00000000;5014240.00000000;5030490.00000000;5040880.00000000;5045470.00000000;5044360.00000000;5038180.00000000;5025940.00000000;5009200.00000000;4988050.00000000;4961830.00000000;4930700.00000000;4894780.00000000;4853440.00000000;4805850.00000000;4753830.00000000;4697810.00000000;4640110.00000000;4578360.00000000;4512670.00000000;4443140.00000000;4369880.00000000;         ;         ;         ;         ;         ;         ;         ;         ;         ;         ;         ;         ;         ;         ;         
;95% UL;         ;         ;         ;         ;         ;         ;         ;         ;         ;         ;         ;         ;         ;         ;         ;         ;5012.70000000;10958.40000000;18320.20000000;27490.20000000;71006.50000000;141623.00000000;247270.00000000;386849.00000000;550358.00000000;766905.00000000;1040850.00000000;1465630.00000000;1773380.00000000;2022650.00000000;2284260.00000000;2572590.00000000;2908290.00000000;3176620.00000000;3391860.00000000;3611750.00000000;3819560.00000000;4018210.00000000;4220730.00000000;4406540.00000000;4571870.00000000;4716240.00000000;4843960.00000000;4957690.00000000;5034890.00000000;5101970.00000000;5159270.00000000;5208080.00000000;5249640.00000000;5284450.00000000;5312730.00000000;5334580.00000000;5350090.00000000;5359330.00000000;5362980.00000000;5359870.00000000;5352080.00000000;5339160.00000000;5320340.00000000;5295980.00000000;5266650.00000000;5232090.00000000;5192440.00000000;5147840.00000000;5098410.00000000;5044270.00000000;4985540.00000000;4922730.00000000;4858830.00000000;4790820.00000000;4718810.00000000;         ;         ;         ;         ;         ;         ;         ;         ;         ;         ;         ;         ;         ;         ;         
Children aged <15 on ART;Mean;         ;         ;         ;         ;         ;         ;         ;         ;         ;         ;         ;         ;         ;         ;         ;         ;746.86500000;1559.99000000;2469.81000000;3597.99000000;10444.20000000;21260.90000000;34074.60000000;48969.00000000;68674.80000000;96426.10000000;130061.00000000;145215.00000000;156047.00000000;162392.00000000;165181.00000000;168236.00000000;165648.00000000;159904.00000000;152288.00000000;143195.00000000;129016.00000000;114807.00000000;101054.00000000;89509.80000000;81530.10000000;76003.00000000;71289.00000000;66676.10000000;61614.20000000;57602.10000000;53937.40000000;50969.30000000;48289.30000000;45753.10000000;43391.10000000;41225.10000000;39207.60000000;37319.10000000;35535.90000000;33834.50000000;32201.60000000;30633.50000000;29128.90000000;27670.30000000;26252.30000000;24874.20000000;23536.40000000;22239.90000000;20987.40000000;19782.80000000;18629.50000000;17529.90000000;16485.30000000;15496.50000000;14563.80000000;         ;         ;         ;         ;         ;         ;         ;         ;         ;         ;         ;         ;         ;         ;         
;95% LL;         ;         ;         ;         ;         ;         ;         ;         ;         ;         ;         ;         ;         ;         ;         ;         ;718.54400000;1502.91000000;2387.40000000;3487.13000000;10211.70000000;20843.10000000;33467.00000000;48171.10000000;67676.70000000;94946.30000000;127838.00000000;142467.00000000;152750.00000000;158868.00000000;161349.00000000;164191.00000000;161711.00000000;156190.00000000;148808.00000000;139934.00000000;125901.00000000;111690.00000000;98018.60000000;86473.70000000;78410.20000000;72808.60000000;68065.40000000;63427.00000000;58409.20000000;54458.00000000;50883.50000000;48016.10000000;45421.60000000;42966.50000000;40833.80000000;38901.00000000;36973.30000000;35175.20000000;33486.70000000;31829.50000000;30240.00000000;28715.00000000;27250.10000000;25832.00000000;24457.30000000;23129.40000000;21848.20000000;20602.50000000;19406.50000000;18262.10000000;17169.90000000;16117.00000000;15111.90000000;14176.40000000;13308.50000000;         ;         ;         ;         ;         ;         ;         ;         ;         ;         ;         ;         ;         ;         ;         
;95% UL;         ;         ;         ;         ;         ;         ;         ;         ;         ;         ;         ;         ;         ;         ;         ;         ;772.27600000;1609.07000000;2538.77000000;3689.18000000;10640.70000000;21618.20000000;34548.50000000;49621.70000000;69598.20000000;97956.80000000;132360.00000000;148135.00000000;159546.00000000;166153.00000000;169111.00000000;172307.00000000;169551.00000000;163632.00000000;155832.00000000;146533.00000000;132252.00000000;117930.00000000;104039.00000000;92409.20000000;84425.20000000;79077.20000000;74530.50000000;70024.80000000;64915.30000000;60861.10000000;57139.70000000;54088.50000000;51273.70000000;48749.40000000;46474.10000000;44386.00000000;42433.10000000;40597.30000000;38855.10000000;37182.80000000;35566.50000000;34002.20000000;32488.70000000;31007.90000000;29554.60000000;28128.70000000;26731.70000000;25365.50000000;24034.60000000;22744.40000000;21500.50000000;20306.90000000;19166.50000000;18081.70000000;17054.10000000;         ;         ;         ;         ;         ;         ;         ;         ;         ;         ;         ;         ;         ;         ;         
Total on ART, ages 15-24;Mean;         ;         ;         ;         ;         ;         ;         ;         ;         ;         ;         ;         ;         ;         ;         ;         ;852.80800000;1491.82000000;2006.80000000;2442.44000000;6457.34000000;11637.60000000;18119.10000000;25287.40000000;32465.00000000;44461.40000000;62624.40000000;96401.10000000;118700.00000000;130996.00000000;156395.00000000;188427.00000000;241304.00000000;271951.00000000;287184.00000000;304095.00000000;316634.00000000;327889.00000000;338671.00000000;346609.00000000;349599.00000000;348216.00000000;343682.00000000;337652.00000000;325872.00000000;307896.00000000;287209.00000000;264254.00000000;240014.00000000;216626.00000000;196893.00000000;180159.00000000;164626.00000000;149626.00000000;135632.00000000;124023.00000000;113785.00000000;105211.00000000;97727.60000000;90999.40000000;85013.70000000;79742.80000000;75057.80000000;70868.00000000;67058.80000000;63563.80000000;60337.80000000;57338.70000000;54531.60000000;51878.70000000;49358.20000000;         ;         ;         ;         ;         ;         ;         ;         ;         ;         ;         ;         ;         ;         ;         
;95% LL;         ;         ;         ;         ;         ;         ;         ;         ;         ;         ;         ;         ;         ;         ;         ;         ;773.97900000;1345.51000000;1812.53000000;2216.97000000;5962.97000000;10767.30000000;16820.80000000;23633.50000000;30615.70000000;42328.90000000;60062.20000000;92314.20000000;113757.00000000;125750.00000000;150505.00000000;181600.00000000;232568.00000000;261672.00000000;276504.00000000;292087.00000000;305771.00000000;317873.00000000;329157.00000000;337184.00000000;339464.00000000;337632.00000000;331664.00000000;325268.00000000;313215.00000000;295289.00000000;274893.00000000;252443.00000000;228858.00000000;206085.00000000;187066.00000000;170725.00000000;155398.00000000;140741.00000000;127446.00000000;116446.00000000;106529.00000000;98335.30000000;91303.20000000;84905.10000000;79284.30000000;74413.40000000;70084.70000000;66186.20000000;62608.60000000;59322.20000000;56150.60000000;53254.70000000;50609.20000000;48052.30000000;45646.80000000;         ;         ;         ;         ;         ;         ;         ;         ;         ;         ;         ;         ;         ;         ;         
;95% UL;         ;         ;         ;         ;         ;         ;         ;         ;         ;         ;         ;         ;         ;         ;         ;         ;911.34300000;1601.08000000;2157.87000000;2622.47000000;6898.71000000;12386.40000000;19257.10000000;26771.10000000;34191.80000000;46606.70000000;65390.70000000;100593.00000000;123616.00000000;136495.00000000;163123.00000000;196179.00000000;251222.00000000;283193.00000000;299398.00000000;317064.00000000;328795.00000000;337853.00000000;347998.00000000;356566.00000000;359984.00000000;359469.00000000;355597.00000000;350090.00000000;338322.00000000;320054.00000000;299037.00000000;275613.00000000;251256.00000000;227195.00000000;206877.00000000;189615.00000000;173541.00000000;158048.00000000;143432.00000000;131329.00000000;120861.00000000;111703.00000000;104005.00000000;97068.10000000;90880.80000000;85427.00000000;80738.00000000;76566.50000000;72772.90000000;69290.10000000;66071.90000000;63071.30000000;60252.30000000;57575.80000000;55019.60000000;         ;         ;         ;         ;         ;         ;         ;         ;         ;         ;         ;         ;         ;         ;         
Males age 15-24 on ART;Mean;         ;         ;         ;         ;         ;         ;         ;         ;         ;         ;         ;         ;         ;         ;         ;         ;80.62960000;131.61300000;167.69100000;194.66400000;554.37500000;1079.20000000;1859.87000000;2927.75000000;4327.25000000;6794.92000000;10911.50000000;17900.70000000;24071.30000000;29323.70000000;36065.40000000;44480.50000000;56015.60000000;64799.70000000;71467.10000000;79128.30000000;85744.70000000;91193.30000000;96582.60000000;100409.00000000;102077.00000000;101729.00000000;99988.60000000;97335.90000000;92976.20000000;86660.00000000;79550.80000000;71931.50000000;64206.70000000;57065.40000000;51491.60000000;47101.20000000;43031.40000000;39052.40000000;35335.00000000;32430.70000000;29890.20000000;27855.10000000;26081.80000000;24479.50000000;23049.10000000;21783.20000000;20638.00000000;19589.40000000;18617.70000000;17704.90000000;16839.80000000;16017.80000000;15236.80000000;14487.00000000;13764.20000000;         ;         ;         ;         ;         ;         ;         ;         ;         ;         ;         ;         ;         ;         ;         
;95% LL;         ;         ;         ;         ;         ;         ;         ;         ;         ;         ;         ;         ;         ;         ;         ;         ;73.04990000;118.71800000;151.43600000;176.56500000;511.09000000;986.17300000;1690.78000000;2684.46000000;3956.33000000;6275.64000000;10096.60000000;16686.60000000;22648.90000000;27568.70000000;34006.00000000;42147.60000000;53349.30000000;61883.60000000;68396.40000000;75928.90000000;82614.80000000;88412.70000000;94015.50000000;98028.00000000;99830.00000000;99449.90000000;97739.10000000;95011.50000000;90658.10000000;84398.30000000;77363.50000000;69828.70000000;62241.40000000;55218.60000000;49646.10000000;45227.10000000;41221.40000000;37234.50000000;33552.00000000;30731.40000000;28272.00000000;26303.30000000;24628.70000000;23089.50000000;21776.10000000;20638.60000000;19586.40000000;18586.00000000;17646.70000000;16762.80000000;15925.80000000;15125.40000000;14379.20000000;13643.60000000;12936.60000000;         ;         ;         ;         ;         ;         ;         ;         ;         ;         ;         ;         ;         ;         ;         
;95% UL;         ;         ;         ;         ;         ;         ;         ;         ;         ;         ;         ;         ;         ;         ;         ;         ;90.53950000;146.83100000;185.90200000;214.12800000;605.38000000;1171.83000000;2005.83000000;3165.44000000;4693.68000000;7325.32000000;11684.00000000;19052.70000000;25500.20000000;31074.30000000;38075.00000000;46773.00000000;58620.30000000;67653.20000000;74455.00000000;82518.60000000;88899.20000000;94026.00000000;99085.60000000;102836.00000000;104387.00000000;103991.00000000;102314.00000000;99757.20000000;95330.20000000;89018.90000000;81872.10000000;74210.70000000;66386.10000000;59138.60000000;53476.90000000;49010.90000000;44938.70000000;40915.80000000;37138.10000000;34159.80000000;31521.10000000;29461.60000000;27603.30000000;25973.60000000;24485.20000000;23214.60000000;22113.40000000;21103.30000000;20164.70000000;19279.30000000;18435.20000000;17628.00000000;16855.50000000;16107.60000000;15380.20000000;         ;         ;         ;         ;         ;         ;         ;         ;         ;         ;         ;         ;         ;         ;         
Females age 15-24 on ART;Mean;         ;         ;         ;         ;         ;         ;         ;         ;         ;         ;         ;         ;         ;         ;         ;         ;772.17800000;1360.21000000;1839.11000000;2247.78000000;5902.97000000;10558.40000000;16259.30000000;22359.60000000;28137.80000000;37666.50000000;51712.90000000;78500.40000000;94629.00000000;101672.00000000;120329.00000000;143946.00000000;185289.00000000;207152.00000000;215717.00000000;224966.00000000;230889.00000000;236696.00000000;242088.00000000;246200.00000000;247522.00000000;246487.00000000;243693.00000000;240316.00000000;232896.00000000;221236.00000000;207658.00000000;192323.00000000;175807.00000000;159561.00000000;145402.00000000;133057.00000000;121595.00000000;110574.00000000;100297.00000000;91592.30000000;83895.10000000;77355.80000000;71645.80000000;66519.90000000;61964.60000000;57959.60000000;54419.80000000;51278.50000000;48441.10000000;45858.90000000;43498.10000000;41320.90000000;39294.80000000;37391.70000000;35594.00000000;         ;         ;         ;         ;         ;         ;         ;         ;         ;         ;         ;         ;         ;         ;         
;95% LL;         ;         ;         ;         ;         ;         ;         ;         ;         ;         ;         ;         ;         ;         ;         ;         ;703.80900000;1230.54000000;1656.76000000;2033.86000000;5427.28000000;9762.39000000;15037.70000000;20771.00000000;26327.50000000;35610.70000000;49252.80000000;75275.80000000;90800.40000000;97525.20000000;115588.00000000;138142.00000000;177555.00000000;198358.00000000;206486.00000000;215130.00000000;221822.00000000;228417.00000000;234634.00000000;238979.00000000;239438.00000000;237634.00000000;233848.00000000;229383.00000000;221570.00000000;209948.00000000;196796.00000000;181916.00000000;166002.00000000;150452.00000000;136885.00000000;125125.00000000;114200.00000000;103601.00000000;93690.20000000;85300.70000000;78053.00000000;71918.30000000;66578.60000000;61803.60000000;57579.60000000;53836.00000000;50559.20000000;47556.70000000;44795.20000000;42332.10000000;40039.60000000;37996.30000000;36087.40000000;34322.00000000;32649.10000000;         ;         ;         ;         ;         ;         ;         ;         ;         ;         ;         ;         ;         ;         ;         
;95% UL;         ;         ;         ;         ;         ;         ;         ;         ;         ;         ;         ;         ;         ;         ;         ;         ;824.63300000;1457.81000000;1976.02000000;2413.11000000;6289.35000000;11256.70000000;17274.80000000;23755.60000000;29674.70000000;39594.30000000;54189.50000000;82074.80000000;98786.30000000;106059.00000000;125850.00000000;150428.00000000;193590.00000000;216402.00000000;226186.00000000;236400.00000000;241039.00000000;244831.00000000;249467.00000000;254088.00000000;255966.00000000;255648.00000000;253429.00000000;250855.00000000;243652.00000000;232075.00000000;218202.00000000;202305.00000000;185059.00000000;168105.00000000;153236.00000000;140509.00000000;128656.00000000;117089.00000000;106448.00000000;97482.20000000;89542.60000000;82790.20000000;76887.90000000;71579.80000000;66853.10000000;62664.90000000;58865.70000000;55550.10000000;52608.10000000;50010.80000000;47636.70000000;45443.30000000;43396.80000000;41468.10000000;39639.40000000;         ;         ;         ;         ;         ;         ;         ;         ;         ;         ;         ;         ;         ;         ;         
ART coverage;Mean;         ;         ;         ;         ;         ;         ;         ;         ;         ;         ;         ;         ;         ;         ;         ;         ;0.00218334;0.00429165;0.00655156;0.00911206;0.02246740;0.04296750;0.07140830;0.10676600;0.14639000;0.19814100;0.26172500;0.35160300;0.40967600;0.44909900;0.48828400;0.53248400;0.58451100;0.62215900;0.64895300;0.67734400;0.70587200;0.73040000;0.75267600;0.77170800;0.78831000;0.80218700;0.81390600;0.82396000;0.82891800;0.83272100;0.83583400;0.83850900;0.84089500;0.84307700;0.84511300;0.84704300;0.84888300;0.85063300;0.85228800;0.85384900;0.85531500;0.85668800;0.85797100;0.85916600;0.86027700;0.86130900;0.86227100;0.86316800;0.86400700;0.86479000;0.86552300;0.86620900;0.86685200;0.86745600;0.86802200;         ;         ;         ;         ;         ;         ;         ;         ;         ;         ;         ;         ;         ;         ;         
;95% LL;         ;         ;         ;         ;         ;         ;         ;         ;         ;         ;         ;         ;         ;         ;         ;         ;0.00206650;0.00408817;0.00627494;0.00877411;0.02174610;0.04175930;0.06953450;0.10389700;0.14272400;0.19346300;0.25580200;0.34401300;0.40059400;0.43851200;0.47669700;0.51976400;0.57042600;0.60623500;0.63116400;0.65816600;0.68808000;0.71536300;0.74064400;0.76234800;0.78120800;0.79697000;0.81032800;0.82168500;0.82698100;0.83075200;0.83382000;0.83644200;0.83877200;0.84090100;0.84288800;0.84477400;0.84661600;0.84837300;0.85004100;0.85161700;0.85310000;0.85449300;0.85579500;0.85699900;0.85804600;0.85901700;0.85991800;0.86075700;0.86153700;0.86226200;0.86295300;0.86361100;0.86422400;0.86479600;0.86532700;         ;         ;         ;         ;         ;         ;         ;         ;         ;         ;         ;         ;         ;         ;         
;95% UL;         ;         ;         ;         ;         ;         ;         ;         ;         ;         ;         ;         ;         ;         ;         ;         ;0.00230701;0.00449981;0.00682912;0.00944748;0.02317770;0.04414600;0.07312750;0.10903000;0.14912600;0.20166500;0.26635900;0.35799900;0.41756700;0.45845400;0.49864800;0.54405600;0.59727000;0.63625500;0.66443800;0.69449500;0.72195300;0.74407200;0.76386700;0.78037800;0.79500300;0.80728000;0.81753600;0.82625400;0.83079100;0.83445200;0.83738800;0.83994600;0.84227800;0.84445600;0.84649200;0.84839700;0.85025900;0.85202400;0.85369800;0.85528400;0.85677500;0.85817200;0.85946800;0.86070600;0.86184400;0.86290300;0.86389100;0.86481500;0.86567900;0.86648700;0.86724500;0.86795600;0.86862400;0.86925200;0.86984100;         ;         ;         ;         ;         ;         ;         ;         ;         ;         ;         ;         ;         ;         ;         
ART coverage in males age 15+;Mean;         ;         ;         ;         ;         ;         ;         ;         ;         ;         ;         ;         ;         ;         ;         ;         ;0.00167253;0.00327301;0.00495702;0.00677653;0.01638450;0.03146630;0.05331310;0.08136520;0.11300000;0.15603600;0.21149000;0.29242500;0.34793000;0.38447200;0.41880600;0.45989000;0.50969400;0.54721500;0.57503600;0.60652100;0.63638700;0.66190900;0.68718300;0.70846400;0.72750900;0.74337200;0.75667900;0.76798000;0.77387900;0.77832500;0.78185100;0.78477300;0.78728200;0.78950200;0.79151700;0.79338600;0.79513900;0.79678300;0.79832000;0.79975000;0.80107300;0.80228900;0.80340200;0.80441100;0.80532100;0.80613600;0.80686800;0.80752100;0.80810200;0.80861300;0.80906100;0.80944900;0.80978200;0.81006400;0.81029600;         ;         ;         ;         ;         ;         ;         ;         ;         ;         ;         ;         ;         ;         ;         
;95% LL;         ;         ;         ;         ;         ;         ;         ;         ;         ;         ;         ;         ;         ;         ;         ;         ;0.00152165;0.00300380;0.00458927;0.00632792;0.01542300;0.02984080;0.05076020;0.07766010;0.10783100;0.14898900;0.20195700;0.27959400;0.33273400;0.36788700;0.40088800;0.44056300;0.48867300;0.52469800;0.55082500;0.58039100;0.61205100;0.64132200;0.67057100;0.69567300;0.71798600;0.73628000;0.75178200;0.76490200;0.77151700;0.77638800;0.78021600;0.78311000;0.78552400;0.78764500;0.78956300;0.79133700;0.79300100;0.79456300;0.79602500;0.79738600;0.79864600;0.79980400;0.80086100;0.80181700;0.80267300;0.80343600;0.80411300;0.80471100;0.80523300;0.80568300;0.80606600;0.80638700;0.80664800;0.80685500;0.80700900;         ;         ;         ;         ;         ;         ;         ;         ;         ;         ;         ;         ;         ;         ;         
;95% UL;         ;         ;         ;         ;         ;         ;         ;         ;         ;         ;         ;         ;         ;         ;         ;         ;0.00180942;0.00350932;0.00527522;0.00716346;0.01726460;0.03316140;0.05606910;0.08543960;0.11867800;0.16366900;0.22120800;0.30496600;0.36199500;0.39983100;0.43483600;0.47660700;0.52727500;0.56556600;0.59458800;0.62814900;0.65737400;0.68056400;0.70272300;0.72091400;0.73712000;0.75017800;0.76148300;0.77095100;0.77621900;0.78030100;0.78357700;0.78637400;0.78880600;0.79097700;0.79297600;0.79484800;0.79661000;0.79833000;0.79991000;0.80136300;0.80270500;0.80393700;0.80504900;0.80606000;0.80699100;0.80782800;0.80857900;0.80925300;0.80986300;0.81040300;0.81088100;0.81130200;0.81167500;0.81209100;0.81248900;         ;         ;         ;         ;         ;         ;         ;         ;         ;         ;         ;         ;         ;         ;         
ART coverage in females age 15+;Mean;         ;         ;         ;         ;         ;         ;         ;         ;         ;         ;         ;         ;         ;         ;         ;         ;0.00240792;0.00475958;0.00732470;0.01027520;0.02512750;0.04778350;0.07955360;0.11890300;0.16183000;0.21613800;0.28156100;0.38097000;0.44242900;0.48437900;0.52728200;0.57390000;0.62891400;0.66744500;0.69380100;0.72050400;0.74897000;0.77320900;0.79386100;0.81127400;0.82595200;0.83804400;0.84812900;0.85673200;0.86050700;0.86338500;0.86575900;0.86783100;0.86971500;0.87146700;0.87312700;0.87471700;0.87624200;0.87769200;0.87905900;0.88034000;0.88153300;0.88264100;0.88366600;0.88461000;0.88547700;0.88627300;0.88700600;0.88768100;0.88830400;0.88887800;0.88941000;0.88990300;0.89036100;0.89078600;0.89118100;         ;         ;         ;         ;         ;         ;         ;         ;         ;         ;         ;         ;         ;         ;         
;95% LL;         ;         ;         ;         ;         ;         ;         ;         ;         ;         ;         ;         ;         ;         ;         ;         ;0.00226895;0.00451252;0.00698198;0.00984171;0.02419010;0.04617420;0.07707410;0.11545200;0.15750200;0.21063300;0.27463900;0.37200200;0.43159600;0.47221800;0.51411500;0.55971800;0.61357800;0.65006200;0.67453900;0.69994600;0.73032800;0.75756200;0.78171100;0.80227000;0.81933600;0.83341400;0.84506500;0.85395200;0.85803000;0.86111400;0.86345500;0.86549000;0.86733700;0.86905600;0.87068800;0.87225800;0.87377100;0.87521500;0.87658000;0.87786200;0.87905900;0.88017000;0.88119700;0.88214300;0.88301100;0.88380500;0.88453400;0.88520200;0.88581700;0.88638100;0.88690100;0.88738000;0.88782100;0.88822800;0.88860400;         ;         ;         ;         ;         ;         ;         ;         ;         ;         ;         ;         ;         ;         ;         
;95% UL;         ;         ;         ;         ;         ;         ;         ;         ;         ;         ;         ;         ;         ;         ;         ;         ;0.00255816;0.00501254;0.00765315;0.01066970;0.02600020;0.04933280;0.08194000;0.12239800;0.16663200;0.22262800;0.28976000;0.39108600;0.45447400;0.49787900;0.54133400;0.58812800;0.64509100;0.68462400;0.71293600;0.74168200;0.76852700;0.78933100;0.80648700;0.82076700;0.83293900;0.84275900;0.85147700;0.85891900;0.86239300;0.86506200;0.86727000;0.86931300;0.87119700;0.87297500;0.87464800;0.87624300;0.87776500;0.87920700;0.88056400;0.88183500;0.88301900;0.88412000;0.88514200;0.88608600;0.88695700;0.88776200;0.88850700;0.88919800;0.88984100;0.89043800;0.89099600;0.89151700;0.89200400;0.89246200;0.89289100;         ;         ;         ;         ;         ;         ;         ;         ;         ;         ;         ;         ;         ;         ;         
ART coverage in children <15;Mean;         ;         ;         ;         ;         ;         ;         ;         ;         ;         ;         ;         ;         ;         ;         ;         ;0.00367532;0.00672914;0.00953894;0.01268060;0.03401470;0.06479020;0.09825260;0.13562500;0.18690400;0.26194800;0.35436400;0.39945100;0.43563100;0.46293800;0.48705200;0.51780300;0.53770400;0.55227300;0.56396100;0.57679600;0.57109700;0.56365300;0.55495400;0.55110300;0.55443800;0.56349600;0.57576300;0.58868800;0.59478900;0.59957500;0.60267300;0.60562500;0.60780600;0.60910800;0.60977800;0.61016100;0.61042200;0.61071400;0.61108500;0.61152900;0.61204100;0.61263300;0.61331600;0.61400600;0.61465600;0.61523600;0.61571900;0.61607800;0.61629500;0.61636200;0.61627400;0.61603000;0.61562800;0.61507000;0.61436500;         ;         ;         ;         ;         ;         ;         ;         ;         ;         ;         ;         ;         ;         ;         
;95% LL;         ;         ;         ;         ;         ;         ;         ;         ;         ;         ;         ;         ;         ;         ;         ;         ;0.00352331;0.00649431;0.00926917;0.01236320;0.03314790;0.06336830;0.09628700;0.13321500;0.18403000;0.25852200;0.35041800;0.39582900;0.43241300;0.45929500;0.48356300;0.51412500;0.53357300;0.54711300;0.55792700;0.56962200;0.56431200;0.55747500;0.54940600;0.54619000;0.55026900;0.56014100;0.57285900;0.58630700;0.59218600;0.59673700;0.59985600;0.60258000;0.60474600;0.60597100;0.60650500;0.60669500;0.60698000;0.60720400;0.60746800;0.60790000;0.60828700;0.60887200;0.60958600;0.61034700;0.61115300;0.61188700;0.61232300;0.61253000;0.61257700;0.61245500;0.61216300;0.61170000;0.61106700;0.61026900;0.60931700;         ;         ;         ;         ;         ;         ;         ;         ;         ;         ;         ;         ;         ;         ;         
;95% UL;         ;         ;         ;         ;         ;         ;         ;         ;         ;         ;         ;         ;         ;         ;         ;         ;0.00386554;0.00701912;0.00989653;0.01309010;0.03511460;0.06659300;0.10060600;0.13833800;0.18997300;0.26539000;0.35822300;0.40249200;0.43846300;0.46599000;0.49019700;0.52113700;0.54138500;0.55668400;0.56929300;0.58347100;0.57754300;0.56954900;0.56029500;0.55572100;0.55824900;0.56644300;0.57821100;0.59070400;0.59674600;0.60160600;0.60477000;0.60780500;0.61006600;0.61145300;0.61211400;0.61249400;0.61286000;0.61327600;0.61374500;0.61414800;0.61465000;0.61524700;0.61592900;0.61664600;0.61734700;0.61799800;0.61856600;0.61896500;0.61920600;0.61930400;0.61928200;0.61905800;0.61875900;0.61830600;0.61770100;         ;         ;         ;         ;         ;         ;         ;         ;         ;         ;         ;         ;         ;         ;         
ART coverage at ages 15-24;Mean;         ;         ;         ;         ;         ;         ;         ;         ;         ;         ;         ;         ;         ;         ;         ;         ;0.00088162;0.00147129;0.00192762;0.00232573;0.00619124;0.01137980;0.01811210;0.02603170;0.03455350;0.04905500;0.07193680;0.11465500;0.14594200;0.16590700;0.20317100;0.25050700;0.32821300;0.37937500;0.41097200;0.44580300;0.47624300;0.50590500;0.53336400;0.55677100;0.57625100;0.59118300;0.60306400;0.61383500;0.61742800;0.61825500;0.61793000;0.61642300;0.61376200;0.61057700;0.60866400;0.60805100;0.60759400;0.60646700;0.60475800;0.60394800;0.60309600;0.60279300;0.60247000;0.60187900;0.60114600;0.60040800;0.59967600;0.59900000;0.59832100;0.59760900;0.59685300;0.59604100;0.59516900;0.59419900;0.59312700;         ;         ;         ;         ;         ;         ;         ;         ;         ;         ;         ;         ;         ;         ;         
;95% LL;         ;         ;         ;         ;         ;         ;         ;         ;         ;         ;         ;         ;         ;         ;         ;         ;0.00079460;0.00132755;0.00174620;0.00212162;0.00575716;0.01072210;0.01720700;0.02489050;0.03307600;0.04703830;0.06912650;0.11018400;0.13994700;0.15839400;0.19331400;0.23804700;0.31201200;0.36000600;0.38890200;0.42061900;0.45205000;0.48519900;0.51662700;0.54363700;0.56633800;0.58362800;0.59713800;0.60888900;0.61221900;0.61282500;0.61234600;0.61073900;0.60794200;0.60460500;0.60260300;0.60195500;0.60150200;0.60041900;0.59881100;0.59812900;0.59742100;0.59725800;0.59706100;0.59658300;0.59594700;0.59530000;0.59450700;0.59348500;0.59280400;0.59209800;0.59118800;0.59034900;0.58944800;0.58843600;0.58730700;         ;         ;         ;         ;         ;         ;         ;         ;         ;         ;         ;         ;         ;         ;         
;95% UL;         ;         ;         ;         ;         ;         ;         ;         ;         ;         ;         ;         ;         ;         ;         ;         ;0.00095445;0.00158537;0.00206000;0.00247111;0.00651948;0.01191370;0.01889560;0.02701000;0.03580480;0.05070650;0.07422820;0.11857500;0.15123300;0.17282800;0.21226200;0.26188100;0.34311900;0.39741800;0.43195600;0.47053500;0.49999900;0.52611300;0.55000000;0.57007100;0.58663000;0.59885700;0.60845600;0.61768200;0.62105000;0.62196100;0.62173300;0.62031000;0.61769700;0.61451900;0.61258400;0.61193100;0.61141900;0.61022500;0.60843700;0.60755000;0.60662600;0.60626700;0.60590900;0.60531100;0.60468400;0.60407500;0.60348900;0.60297700;0.60248500;0.60198300;0.60146400;0.60091800;0.60033900;0.59968300;0.59894400;         ;         ;         ;         ;         ;         ;         ;         ;         ;         ;         ;         ;         ;         ;         
ART coverage in males age 15-24;Mean;         ;         ;         ;         ;         ;         ;         ;         ;         ;         ;         ;         ;         ;         ;         ;         ;0.00034861;0.00054743;0.00068641;0.00079971;0.00232545;0.00468804;0.00835755;0.01370210;0.02111620;0.03453230;0.05764090;0.09745190;0.13388000;0.16485500;0.20269000;0.24854900;0.31082800;0.35808100;0.39393400;0.43390600;0.46824300;0.49633700;0.52351600;0.54482800;0.56202000;0.57465700;0.58424600;0.59256200;0.59500000;0.59508200;0.59424400;0.59216200;0.58879100;0.58494100;0.58297500;0.58250700;0.58196000;0.58051700;0.57848300;0.57803800;0.57759700;0.57799100;0.57828900;0.57823500;0.57800700;0.57777000;0.57748100;0.57716300;0.57679500;0.57631500;0.57567900;0.57488000;0.57392900;0.57277200;0.57140700;         ;         ;         ;         ;         ;         ;         ;         ;         ;         ;         ;         ;         ;         ;         
;95% LL;         ;         ;         ;         ;         ;         ;         ;         ;         ;         ;         ;         ;         ;         ;         ;         ;0.00031069;0.00049019;0.00061909;0.00072793;0.00212894;0.00432582;0.00774015;0.01259380;0.01909030;0.03120600;0.05208610;0.08832580;0.12139500;0.14918800;0.18393700;0.22690700;0.28604700;0.33155900;0.36584500;0.40456600;0.44043500;0.47164700;0.50235900;0.52725300;0.54744300;0.56190900;0.57384400;0.58409700;0.58700800;0.58702200;0.58604500;0.58388100;0.58057700;0.57646400;0.57434200;0.57377200;0.57314200;0.57165300;0.56967000;0.56933100;0.56884000;0.56897600;0.56931900;0.56930600;0.56892600;0.56834300;0.56793700;0.56749900;0.56685600;0.56618600;0.56543100;0.56429800;0.56307200;0.56174700;0.56025400;         ;         ;         ;         ;         ;         ;         ;         ;         ;         ;         ;         ;         ;         ;         
;95% UL;         ;         ;         ;         ;         ;         ;         ;         ;         ;         ;         ;         ;         ;         ;         ;         ;0.00039934;0.00062023;0.00076677;0.00088568;0.00253110;0.00502396;0.00891602;0.01496200;0.02341040;0.03837360;0.06375000;0.10668300;0.14548900;0.17867200;0.21799000;0.26480000;0.32847800;0.37706400;0.41459700;0.45590400;0.48914100;0.51458500;0.53882600;0.55772900;0.57285000;0.58376400;0.59188800;0.59866600;0.60053900;0.60045100;0.59951600;0.59763100;0.59448000;0.59088100;0.58885700;0.58834400;0.58778200;0.58643300;0.58450100;0.58414700;0.58380200;0.58428600;0.58471300;0.58476500;0.58463300;0.58456200;0.58446600;0.58425700;0.58395900;0.58361200;0.58328600;0.58283800;0.58228000;0.58155400;0.58065200;         ;         ;         ;         ;         ;         ;         ;         ;         ;         ;         ;         ;         ;         ;         
ART coverage in females age 15-24;Mean;         ;         ;         ;         ;         ;         ;         ;         ;         ;         ;         ;         ;         ;         ;         ;         ;0.00104928;0.00175870;0.00230852;0.00278655;0.00733775;0.01332580;0.02090670;0.02951520;0.03831190;0.05309760;0.07593250;0.11949900;0.14940900;0.16626100;0.20337200;0.25118100;0.33393200;0.38664300;0.41702200;0.45022000;0.47935200;0.50974900;0.53744800;0.56183800;0.58237300;0.59832200;0.61117400;0.62292200;0.62689000;0.62786200;0.62754100;0.62604500;0.62344700;0.62032800;0.61834100;0.61766700;0.61724400;0.61622500;0.61462200;0.61371700;0.61276300;0.61228300;0.61181300;0.61110500;0.61026400;0.60941500;0.60858000;0.60781800;0.60706300;0.60629300;0.60551100;0.60470700;0.60387300;0.60297700;0.60201600;         ;         ;         ;         ;         ;         ;         ;         ;         ;         ;         ;         ;         ;         ;         
;95% LL;         ;         ;         ;         ;         ;         ;         ;         ;         ;         ;         ;         ;         ;         ;         ;         ;0.00094173;0.00158643;0.00208651;0.00252357;0.00673662;0.01237000;0.01960280;0.02793040;0.03656280;0.05084640;0.07278130;0.11488000;0.14340300;0.15844100;0.19302600;0.23828700;0.31623900;0.36500100;0.39219000;0.42098300;0.45147400;0.48525800;0.51756600;0.54618000;0.57054800;0.58904300;0.60221400;0.61464000;0.61911800;0.62032300;0.62007000;0.61859300;0.61604600;0.61296200;0.61091700;0.61024200;0.60986100;0.60892500;0.60745600;0.60670500;0.60580900;0.60552000;0.60514600;0.60448300;0.60373000;0.60294200;0.60205400;0.60140500;0.60069800;0.59960300;0.59849400;0.59740500;0.59629400;0.59520700;0.59415700;         ;         ;         ;         ;         ;         ;         ;         ;         ;         ;         ;         ;         ;         ;         
;95% UL;         ;         ;         ;         ;         ;         ;         ;         ;         ;         ;         ;         ;         ;         ;         ;         ;0.00114162;0.00190219;0.00247531;0.00296859;0.00776043;0.01402290;0.02189730;0.03085710;0.04003510;0.05538680;0.07897500;0.12414500;0.15558000;0.17412000;0.21384300;0.26404500;0.35169000;0.40801900;0.44222800;0.48044000;0.50783200;0.53367300;0.55709100;0.57742000;0.59440300;0.60703400;0.61788800;0.62803900;0.63134500;0.63228200;0.63193300;0.63039900;0.62778200;0.62456400;0.62246700;0.62169900;0.62136000;0.62039000;0.61876100;0.61778600;0.61687800;0.61638000;0.61588300;0.61513800;0.61434700;0.61363000;0.61290700;0.61224400;0.61147100;0.61077400;0.61002100;0.60925200;0.60845700;0.60764100;0.60677300;         ;         ;         ;         ;         ;         ;         ;         ;         ;         ;         ;         ;         ;         ;         
ART coverage in female sex workers;Mean;         ;         ;         ;         ;         ;         ;         ;         ;         ;         ;         ;         ;         ;         ;         ;         ;0.00085849;0.00177289;0.00291600;0.00438247;0.01105780;0.02229480;0.03956670;0.06298270;0.09095100;0.12924500;0.18002000;0.26220300;0.31844300;0.35533500;0.39926800;0.44799100;0.51541200;0.56175700;0.59063200;0.61937900;0.64692000;0.67190800;0.69415600;0.71352000;0.73011100;0.74332300;0.75395900;0.76273900;0.76511900;0.76601800;0.76620500;0.76601500;0.76562300;0.76507200;0.76439800;0.76363900;0.76281700;0.76193300;0.76097900;0.75995500;0.75886600;0.75772100;0.75652600;0.75528900;0.75401600;0.75271500;0.75139700;0.75007400;0.74875600;0.74745600;0.74618200;0.74494100;0.74373500;0.74256500;0.74142800;         ;         ;         ;         ;         ;         ;         ;         ;         ;         ;         ;         ;         ;         ;         
;95% LL;         ;         ;         ;         ;         ;         ;         ;         ;         ;         ;         ;         ;         ;         ;         ;         ;0.00066130;0.00125888;0.00188351;0.00263370;0.00713364;0.01477620;0.02653290;0.04234690;0.06103030;0.08942510;0.12993600;0.20017800;0.25165800;0.28427700;0.32631100;0.37484400;0.44234200;0.48677800;0.51284300;0.53870500;0.56747600;0.59710600;0.62510100;0.65031300;0.67231300;0.68998200;0.70134400;0.71232500;0.71633600;0.71808000;0.71875500;0.71888000;0.71871700;0.71834100;0.71781200;0.71718400;0.71649500;0.71575700;0.71473500;0.71366500;0.71257900;0.71149400;0.71042400;0.70937900;0.70836600;0.70739200;0.70646600;0.70559600;0.70478600;0.70404000;0.70335800;0.70289300;0.70248000;0.70210300;0.70175200;         ;         ;         ;         ;         ;         ;         ;         ;         ;         ;         ;         ;         ;         ;         
;95% UL;         ;         ;         ;         ;         ;         ;         ;         ;         ;         ;         ;         ;         ;         ;         ;         ;0.00101571;0.00218118;0.00371388;0.00570627;0.01400900;0.02791400;0.04913480;0.07769090;0.11149200;0.15564700;0.21199800;0.30138400;0.36070400;0.40002700;0.44523900;0.49467000;0.55963500;0.60436600;0.63279200;0.66088900;0.68852400;0.71311400;0.73472900;0.75340000;0.76938700;0.78235300;0.79296400;0.80181400;0.80472300;0.80621600;0.80696300;0.80729400;0.80740200;0.80735200;0.80719500;0.80696800;0.80669100;0.80636300;0.80597400;0.80551600;0.80498700;0.80438600;0.80371500;0.80297500;0.80216700;0.80129500;0.80036600;0.79938900;0.79837100;0.79732400;0.79626100;0.79518800;0.79411400;0.79304200;0.79197600;         ;         ;         ;         ;         ;         ;         ;         ;         ;         ;         ;         ;         ;         ;         
ART coverage in FSW clients;Mean;         ;         ;         ;         ;         ;         ;         ;         ;         ;         ;         ;         ;         ;         ;         ;         ;0.00160969;0.00322500;0.00496739;0.00687754;0.01648610;0.03177040;0.05408360;0.08287770;0.11545500;0.15902000;0.21434700;0.29571100;0.34861500;0.38540000;0.41860800;0.45785300;0.50542300;0.54202600;0.56946800;0.60070800;0.63120500;0.65708200;0.68256300;0.70419300;0.72353500;0.73968000;0.75323000;0.76470500;0.77049000;0.77473700;0.77798700;0.78056800;0.78269600;0.78450600;0.78609100;0.78751600;0.78881600;0.79000100;0.79107000;0.79202100;0.79285200;0.79355900;0.79414300;0.79460300;0.79494100;0.79516200;0.79527300;0.79528300;0.79519800;0.79502500;0.79477400;0.79445100;0.79406800;0.79363200;0.79315300;         ;         ;         ;         ;         ;         ;         ;         ;         ;         ;         ;         ;         ;         ;         
;95% LL;         ;         ;         ;         ;         ;         ;         ;         ;         ;         ;         ;         ;         ;         ;         ;         ;0.00144401;0.00292056;0.00454331;0.00635344;0.01537250;0.02989280;0.05128200;0.07903280;0.11014100;0.15174900;0.20451300;0.28263600;0.33338700;0.36865700;0.40092200;0.43899400;0.48476000;0.51968000;0.54562300;0.57464400;0.60627500;0.63580300;0.66507900;0.69032300;0.71313700;0.73221200;0.74807300;0.76144900;0.76795200;0.77261800;0.77611700;0.77884700;0.78098200;0.78278000;0.78431200;0.78553300;0.78656400;0.78747300;0.78825500;0.78891400;0.78974400;0.79045100;0.79103400;0.79138200;0.79157300;0.79159700;0.79150900;0.79131800;0.79103000;0.79065500;0.79026200;0.78983200;0.78934300;0.78876000;0.78807000;         ;         ;         ;         ;         ;         ;         ;         ;         ;         ;         ;         ;         ;         ;         
;95% UL;         ;         ;         ;         ;         ;         ;         ;         ;         ;         ;         ;         ;         ;         ;         ;         ;0.00173243;0.00344549;0.00526405;0.00727105;0.01737540;0.03331480;0.05649150;0.08630570;0.11996400;0.16499700;0.22229000;0.30654600;0.36119600;0.39955800;0.43363300;0.47388700;0.52269200;0.56044900;0.58953100;0.62249200;0.65254600;0.67620000;0.69878400;0.71740800;0.73381700;0.74713400;0.75826000;0.76793600;0.77299900;0.77685700;0.77995500;0.78247100;0.78456800;0.78645500;0.78813000;0.78965000;0.79104900;0.79227900;0.79329800;0.79429300;0.79521400;0.79602800;0.79673700;0.79746900;0.79813600;0.79870100;0.79916900;0.79954600;0.79983600;0.80004200;0.80017200;0.80022800;0.80021800;0.80014600;0.80002000;         ;         ;         ;         ;         ;         ;         ;         ;         ;         ;         ;         ;         ;         ;         
ART coverage in MSM;Mean;         ;         ;         ;         ;         ;         ;         ;         ;         ;         ;         ;         ;         ;         ;         ;         ;0.00112291;0.00218873;0.00331212;0.00452246;0.01147830;0.02237630;0.03811300;0.05823100;0.08079280;0.11269700;0.15585900;0.22277700;0.27028500;0.29887200;0.32791300;0.36549500;0.41704200;0.45663300;0.48700400;0.52277000;0.55500700;0.58265500;0.61086900;0.63432300;0.65534700;0.67237700;0.68633000;0.69796800;0.70364200;0.70751000;0.71035100;0.71260200;0.71454900;0.71637400;0.71820800;0.72013000;0.72216700;0.72429700;0.72647900;0.72866400;0.73080700;0.73287100;0.73482700;0.73665000;0.73832700;0.73985500;0.74123900;0.74248300;0.74359100;0.74457000;0.74542800;0.74617300;0.74681600;0.74736600;0.74783400;         ;         ;         ;         ;         ;         ;         ;         ;         ;         ;         ;         ;         ;         ;         
;95% LL;         ;         ;         ;         ;         ;         ;         ;         ;         ;         ;         ;         ;         ;         ;         ;         ;0.00085898;0.00170751;0.00263719;0.00367292;0.00973247;0.01955320;0.03383750;0.05258780;0.07355240;0.10370200;0.14514200;0.21017400;0.25662900;0.28376100;0.31171400;0.34712500;0.39511000;0.43262000;0.46114900;0.49449700;0.52734800;0.55764700;0.58952700;0.61692000;0.64175300;0.66186400;0.67891500;0.69262000;0.69929700;0.70370300;0.70624200;0.70819600;0.70985800;0.71141200;0.71298800;0.71466700;0.71647400;0.71838600;0.72035500;0.72233100;0.72426300;0.72611100;0.72784000;0.72942600;0.73085300;0.73212100;0.73323300;0.73419600;0.73501700;0.73570500;0.73627100;0.73672400;0.73707700;0.73734100;0.73752800;         ;         ;         ;         ;         ;         ;         ;         ;         ;         ;         ;         ;         ;         ;         
;95% UL;         ;         ;         ;         ;         ;         ;         ;         ;         ;         ;         ;         ;         ;         ;         ;         ;0.00157888;0.00300214;0.00443138;0.00592668;0.01431410;0.02670670;0.04415390;0.06594100;0.08976990;0.12272600;0.16650200;0.23622200;0.28497500;0.31552000;0.34724400;0.38484200;0.43732500;0.47800800;0.50950700;0.54687500;0.57760100;0.60252600;0.62777500;0.64807700;0.66630300;0.68084500;0.69244300;0.70208700;0.70688700;0.71035000;0.71321300;0.71546100;0.71787500;0.72010200;0.72228700;0.72451900;0.72683300;0.72921300;0.73162400;0.73402400;0.73637100;0.73863400;0.74078500;0.74280500;0.74468200;0.74641400;0.74800700;0.74946300;0.75078800;0.75198700;0.75306800;0.75403700;0.75490400;0.75567800;0.75637000;         ;         ;         ;         ;         ;         ;         ;         ;         ;         ;         ;         ;         ;         ;         
Ratio of ART enrolment to new HIV infections;Mean;         ;         ;         ;         ;         ;         ;         ;         ;         ;         ;         ;         ;         ;         ;         ;0.01748120;0.02266290;0.02887940;0.03655280;0.16057000;0.27633500;0.42549200;0.58531400;0.73313000;1.03464000;1.39037000;2.01775000;1.84193000;1.49488000;1.63609000;1.85202000;2.21830000;2.05130000;1.81406000;1.84272000;1.77728000;1.77125000;1.75281000;1.68004000;1.61632000;1.51900000;1.43544000;1.37011000;1.25730000;1.19083000;1.15058000;1.12583000;1.11053000;1.10129000;1.09632000;1.09455000;1.09423000;1.09358000;1.09218000;1.09015000;1.08779000;1.08516000;1.08231000;1.07927000;1.07617000;1.07314000;1.07028000;1.06764000;1.06525000;1.06309000;1.06115000;1.05942000;1.05790000;1.05656000;1.05538000;1.05434000;         ;         ;         ;         ;         ;         ;         ;         ;         ;         ;         ;         ;         ;         ;         
;95% LL;         ;         ;         ;         ;         ;         ;         ;         ;         ;         ;         ;         ;         ;         ;         ;0.01712410;0.02218750;0.02825930;0.03571850;0.15634000;0.26868500;0.41279600;0.56650400;0.70855200;0.99967300;1.34206000;1.94365000;1.77294000;1.43719000;1.56920000;1.77390000;2.11649000;1.94665000;1.71749000;1.74131000;1.73326000;1.73307000;1.69618000;1.61459000;1.55144000;1.45747000;1.38217000;1.32615000;1.22661000;1.16844000;1.13319000;1.10881000;1.09377000;1.08474000;1.08011000;1.07901000;1.07926000;1.07907000;1.07806000;1.07633000;1.07422000;1.07174000;1.06896000;1.06593000;1.06275000;1.05969000;1.05688000;1.05425000;1.05182000;1.04959000;1.04753000;1.04565000;1.04395000;1.04242000;1.04102000;1.03976000;         ;         ;         ;         ;         ;         ;         ;         ;         ;         ;         ;         ;         ;         ;         
;95% UL;         ;         ;         ;         ;         ;         ;         ;         ;         ;         ;         ;         ;         ;         ;         ;0.01778810;0.02306830;0.02942770;0.03731780;0.16435800;0.28336300;0.43699400;0.60192600;0.75487300;1.06584000;1.43411000;2.08751000;1.90677000;1.54991000;1.70044000;1.92686000;2.31810000;2.15490000;1.91373000;1.95080000;1.81852000;1.81513000;1.81785000;1.75584000;1.69222000;1.58734000;1.49379000;1.41829000;1.28619000;1.21058000;1.16715000;1.14021000;1.12342000;1.11318000;1.10753000;1.10530000;1.10471000;1.10401000;1.10279000;1.10111000;1.09928000;1.09730000;1.09522000;1.09302000;1.09083000;1.08873000;1.08683000;1.08515000;1.08370000;1.08245000;1.08137000;1.08046000;1.07969000;1.07905000;1.07850000;1.07803000;         ;         ;         ;         ;         ;         ;         ;         ;         ;         ;         ;         ;         ;         ;         
Ratio of ART enrolment to new HIV infections: males aged 15+;Mean;         ;         ;         ;         ;         ;         ;         ;         ;         ;         ;         ;         ;         ;         ;         ;0.01615730;0.02067660;0.02595040;0.03146170;0.13545200;0.23610500;0.36963300;0.50939200;0.62027900;0.86916300;1.17909000;1.71863000;1.65269000;1.35069000;1.40395000;1.62727000;1.99413000;1.92853000;1.77507000;1.91298000;1.87118000;1.84737000;1.93199000;1.85726000;1.81436000;1.69808000;1.58985000;1.49888000;1.36058000;1.26992000;1.20977000;1.16981000;1.14323000;1.12594000;1.11539000;1.10981000;1.10706000;1.10512000;1.10305000;1.10059000;1.09787000;1.09483000;1.09152000;1.08796000;1.08421000;1.08044000;1.07676000;1.07324000;1.06990000;1.06676000;1.06382000;1.06107000;1.05853000;1.05617000;1.05400000;1.05204000;         ;         ;         ;         ;         ;         ;         ;         ;         ;         ;         ;         ;         ;         ;         
;95% LL;         ;         ;         ;         ;         ;         ;         ;         ;         ;         ;         ;         ;         ;         ;         ;0.01545580;0.01972870;0.02476850;0.02999710;0.12902300;0.22524500;0.35257900;0.48578500;0.59128800;0.82844800;1.12368000;1.63670000;1.57388000;1.28503000;1.33266000;1.54428000;1.88664000;1.82102000;1.66744000;1.79261000;1.81657000;1.78772000;1.84045000;1.76047000;1.72106000;1.61436000;1.51681000;1.43585000;1.31894000;1.23981000;1.18737000;1.15226000;1.12546000;1.10805000;1.09797000;1.09263000;1.09005000;1.08831000;1.08645000;1.08419000;1.08159000;1.07860000;1.07524000;1.07173000;1.06807000;1.06431000;1.06057000;1.05692000;1.05339000;1.05000000;1.04677000;1.04371000;1.04082000;1.03810000;1.03556000;1.03323000;         ;         ;         ;         ;         ;         ;         ;         ;         ;         ;         ;         ;         ;         ;         
;95% UL;         ;         ;         ;         ;         ;         ;         ;         ;         ;         ;         ;         ;         ;         ;         ;0.01687030;0.02140830;0.02684210;0.03263780;0.14075600;0.24535600;0.38451700;0.53045800;0.64584500;0.90518500;1.22820000;1.79423000;1.72654000;1.41333000;1.47246000;1.70890000;2.09656000;2.03669000;1.88327000;2.03961000;1.93681000;1.90481000;2.01630000;1.95092000;1.91684000;1.79855000;1.67423000;1.56746000;1.40173000;1.29699000;1.22832000;1.18552000;1.15731000;1.13914000;1.12817000;1.12246000;1.11984000;1.11825000;1.11679000;1.11517000;1.11352000;1.11175000;1.10985000;1.10779000;1.10563000;1.10349000;1.10145000;1.09955000;1.09779000;1.09614000;1.09460000;1.09314000;1.09175000;1.09041000;1.08913000;1.08793000;         ;         ;         ;         ;         ;         ;         ;         ;         ;         ;         ;         ;         ;         ;         
Ratio of ART enrolment to new HIV infections: females aged 15+;Mean;         ;         ;         ;         ;         ;         ;         ;         ;         ;         ;         ;         ;         ;         ;         ;0.01967380;0.02585460;0.03380260;0.04378290;0.18913400;0.32740200;0.50577700;0.68849300;0.83003900;1.12243000;1.46998000;2.28753000;1.99972000;1.60914000;1.80760000;2.01873000;2.42870000;2.18757000;1.88344000;1.84980000;1.81738000;1.81619000;1.73724000;1.64814000;1.55686000;1.45364000;1.37121000;1.31203000;1.21271000;1.15971000;1.13065000;1.11455000;1.10567000;1.10101000;1.09920000;1.09950000;1.10032000;1.10002000;1.09852000;1.09613000;1.09336000;1.09029000;1.08704000;1.08365000;1.08029000;1.07710000;1.07418000;1.07158000;1.06934000;1.06742000;1.06579000;1.06444000;1.06336000;1.06251000;1.06184000;1.06131000;         ;         ;         ;         ;         ;         ;         ;         ;         ;         ;         ;         ;         ;         ;         
;95% LL;         ;         ;         ;         ;         ;         ;         ;         ;         ;         ;         ;         ;         ;         ;         ;0.01920470;0.02523150;0.03295260;0.04270460;0.18418200;0.31850900;0.49187500;0.66882400;0.80387600;1.08710000;1.41928000;2.20390000;1.92567000;1.54839000;1.73572000;1.93475000;2.32136000;2.08261000;1.78898000;1.75292000;1.76389000;1.73570000;1.64378000;1.55749000;1.47583000;1.38802000;1.31839000;1.27190000;1.18928000;1.14072000;1.11518000;1.09940000;1.09075000;1.08629000;1.08471000;1.08559000;1.08702000;1.08723000;1.08613000;1.08407000;1.08154000;1.07850000;1.07523000;1.07188000;1.06867000;1.06558000;1.06273000;1.06017000;1.05793000;1.05599000;1.05430000;1.05286000;1.05166000;1.05068000;1.04985000;1.04916000;         ;         ;         ;         ;         ;         ;         ;         ;         ;         ;         ;         ;         ;         ;         
;95% UL;         ;         ;         ;         ;         ;         ;         ;         ;         ;         ;         ;         ;         ;         ;         ;0.02024390;0.02659160;0.03474200;0.04497640;0.19462300;0.33710800;0.52095400;0.70965000;0.85701800;1.16016000;1.52272000;2.37600000;2.07860000;1.67554000;1.88734000;2.10779000;2.54241000;2.29797000;1.98345000;1.95295000;1.86821000;1.89511000;1.83392000;1.74160000;1.64315000;1.52238000;1.42512000;1.35436000;1.23593000;1.17469000;1.14397000;1.12655000;1.11668000;1.11128000;1.10889000;1.10870000;1.10916000;1.10891000;1.10754000;1.10530000;1.10264000;1.09966000;1.09685000;1.09397000;1.09116000;1.08856000;1.08624000;1.08426000;1.08262000;1.08130000;1.08025000;1.07945000;1.07890000;1.07855000;1.07834000;1.07825000;         ;         ;         ;         ;         ;         ;         ;         ;         ;         ;         ;         ;         ;         ;         
Ratio of ART enrolment to new HIV infections: children aged <15;Mean;         ;         ;         ;         ;         ;         ;         ;         ;         ;         ;         ;         ;         ;         ;         ;0.01160820;0.01468850;0.01675380;0.02108430;0.11304800;0.18097200;0.25274300;0.35307800;0.60104700;1.15340000;1.87332000;1.33451000;1.51610000;1.29592000;1.40590000;1.58735000;1.32053000;1.23140000;1.17021000;1.14072000;0.38913100;0.44069100;0.44335800;0.64951100;0.84765800;1.01612000;1.13668000;1.20065000;1.09011000;1.01092000;0.95622600;0.91762000;0.89101700;0.87285100;0.86115400;0.85546100;0.85457300;0.85658500;0.86025100;0.86489200;0.87013600;0.87569200;0.88131700;0.88678000;0.89187300;0.89643300;0.90032900;0.90345200;0.90571900;0.90709200;0.90755600;0.90716800;0.90601800;0.90418100;0.90173300;0.89876900;         ;         ;         ;         ;         ;         ;         ;         ;         ;         ;         ;         ;         ;         ;         
;95% LL;         ;         ;         ;         ;         ;         ;         ;         ;         ;         ;         ;         ;         ;         ;         ;0.01127130;0.01429880;0.01629660;0.02055580;0.10982900;0.17627900;0.24616000;0.34388300;0.58703600;1.12562000;1.82351000;1.29331000;1.47204000;1.26482000;1.37419000;1.55143000;1.28538000;1.18991000;1.12398000;1.09037000;0.38474400;0.43501700;0.43755200;0.63919800;0.83087500;0.99490800;1.11057000;1.16997000;1.06163000;0.98450900;0.93169100;0.89481800;0.86977800;0.85306200;0.84254300;0.83752500;0.83728400;0.83993200;0.84386800;0.84825800;0.85274700;0.85883600;0.86503800;0.87109300;0.87676400;0.88186500;0.88613700;0.88888700;0.89070800;0.89156800;0.89198400;0.89154300;0.89026000;0.88822100;0.88551700;0.88226300;         ;         ;         ;         ;         ;         ;         ;         ;         ;         ;         ;         ;         ;         ;         
;95% UL;         ;         ;         ;         ;         ;         ;         ;         ;         ;         ;         ;         ;         ;         ;         ;0.01193400;0.01508430;0.01721210;0.02163450;0.11646600;0.18584000;0.25967100;0.36297700;0.61735100;1.18234000;1.92451000;1.37058000;1.55689000;1.32612000;1.43667000;1.62333000;1.35973000;1.27765000;1.22126000;1.19641000;0.39379300;0.44574600;0.44764400;0.65592100;0.85756200;1.03023000;1.15490000;1.22272000;1.11117000;1.03115000;0.97490200;0.93472900;0.90713200;0.88762800;0.87527900;0.86818400;0.86744000;0.86880300;0.87234600;0.87717700;0.88228300;0.88761000;0.89301600;0.89823200;0.90301100;0.90754800;0.91148800;0.91465500;0.91697200;0.91856000;0.91919500;0.91875700;0.91781700;0.91586600;0.91405100;0.91214900;         ;         ;         ;         ;         ;         ;         ;         ;         ;         ;         ;         ;         ;         ;         
Men on 2nd-line ART;Mean;         ;         ;         ;         ;         ;         ;         ;         ;         ;         ;         ;         ;         ;         ;         ;         ;         ;44.06540000;134.30400000;277.09500000;496.11800000;1032.40000000;2087.30000000;3933.35000000;6858.81000000;11078.40000000;17076.40000000;25732.00000000;35171.30000000;46733.80000000;59038.70000000;72275.00000000;85867.60000000;99678.90000000;113718.00000000;128559.00000000;142510.00000000;154989.00000000;166472.00000000;175818.00000000;183217.00000000;187346.00000000;188100.00000000;186128.00000000;184859.00000000;184417.00000000;184339.00000000;183360.00000000;181607.00000000;179851.00000000;177848.00000000;174611.00000000;170054.00000000;164458.00000000;157872.00000000;150895.00000000;143647.00000000;136590.00000000;129954.00000000;123853.00000000;118541.00000000;113727.00000000;109247.00000000;104993.00000000;100900.00000000;96922.30000000;93033.80000000;89221.00000000;85478.30000000;81805.40000000;78205.50000000;         ;         ;         ;         ;         ;         ;         ;         ;         ;         ;         ;         ;         ;         ;         
;95% LL;         ;         ;         ;         ;         ;         ;         ;         ;         ;         ;         ;         ;         ;         ;         ;         ;         ;44.03470000;134.25000000;276.92500000;494.43100000;1028.55000000;2078.22000000;3912.77000000;6817.02000000;11002.90000000;16956.10000000;25574.90000000;35054.20000000;46597.40000000;58807.50000000;71858.50000000;85242.10000000;98789.00000000;112485.00000000;126996.00000000;140538.00000000;152331.00000000;163057.00000000;171613.00000000;178087.00000000;181363.00000000;181459.00000000;179099.00000000;177462.00000000;176418.00000000;176062.00000000;174852.00000000;172899.00000000;170985.00000000;168883.00000000;165574.00000000;160993.00000000;155437.00000000;149041.00000000;142354.00000000;135515.00000000;128939.00000000;122810.00000000;117198.00000000;112290.00000000;107824.00000000;103653.00000000;99685.30000000;95862.30000000;92145.70000000;88512.30000000;84950.60000000;81456.00000000;78028.50000000;74671.20000000;         ;         ;         ;         ;         ;         ;         ;         ;         ;         ;         ;         ;         ;         ;         
;95% UL;         ;         ;         ;         ;         ;         ;         ;         ;         ;         ;         ;         ;         ;         ;         ;         ;         ;44.09310000;134.35500000;277.31300000;498.07700000;1036.11000000;2094.83000000;3948.59000000;6889.64000000;11133.40000000;17167.50000000;25862.60000000;35305.40000000;46879.10000000;59269.30000000;72686.50000000;86503.80000000;100564.00000000;114905.00000000;130029.00000000;144447.00000000;157480.00000000;169605.00000000;179804.00000000;188044.00000000;192920.00000000;194173.00000000;192485.00000000;191525.00000000;191273.00000000;191619.00000000;191257.00000000;189757.00000000;188455.00000000;187235.00000000;184631.00000000;180533.00000000;175060.00000000;168256.00000000;160855.00000000;153014.00000000;145289.00000000;137954.00000000;131198.00000000;125363.00000000;120133.00000000;115307.00000000;110755.00000000;106395.00000000;102173.00000000;98054.10000000;94025.40000000;90168.90000000;86382.20000000;82584.60000000;         ;         ;         ;         ;         ;         ;         ;         ;         ;         ;         ;         ;         ;         ;         
Women on 2nd-line ART;Mean;         ;         ;         ;         ;         ;         ;         ;         ;         ;         ;         ;         ;         ;         ;         ;         ;         ;89.49570000;283.60400000;608.48700000;1135.76000000;2460.36000000;5114.55000000;9764.81000000;17024.20000000;27302.90000000;41347.50000000;60137.90000000;80044.60000000;102854.00000000;126227.00000000;150536.00000000;175315.00000000;200122.00000000;224827.00000000;250491.00000000;274996.00000000;296706.00000000;315894.00000000;331628.00000000;344066.00000000;350309.00000000;350721.00000000;346441.00000000;344244.00000000;344135.00000000;345194.00000000;345029.00000000;343733.00000000;342668.00000000;341316.00000000;337712.00000000;331596.00000000;323424.00000000;313214.00000000;302086.00000000;290235.00000000;278571.00000000;267560.00000000;257447.00000000;248783.00000000;240984.00000000;233712.00000000;226746.00000000;219942.00000000;213204.00000000;206468.00000000;199699.00000000;192881.00000000;186008.00000000;179085.00000000;         ;         ;         ;         ;         ;         ;         ;         ;         ;         ;         ;         ;         ;         ;         
;95% LL;         ;         ;         ;         ;         ;         ;         ;         ;         ;         ;         ;         ;         ;         ;         ;         ;         ;89.28640000;283.07900000;607.53900000;1134.20000000;2457.29000000;5108.32000000;9752.24000000;16998.90000000;27257.50000000;41272.60000000;59963.80000000;79628.30000000;102104.00000000;124912.00000000;148616.00000000;172747.00000000;196737.00000000;220619.00000000;245401.00000000;269057.00000000;289925.00000000;307439.00000000;321445.00000000;332492.00000000;337404.00000000;336770.00000000;331706.00000000;328782.00000000;328614.00000000;329714.00000000;328995.00000000;327448.00000000;326144.00000000;324358.00000000;320396.00000000;314379.00000000;306589.00000000;297045.00000000;286695.00000000;275658.00000000;264788.00000000;254609.00000000;245048.00000000;236886.00000000;229529.00000000;222660.00000000;216073.00000000;209633.00000000;203250.00000000;196864.00000000;190444.00000000;183974.00000000;177451.00000000;170879.00000000;         ;         ;         ;         ;         ;         ;         ;         ;         ;         ;         ;         ;         ;         ;         
;95% UL;         ;         ;         ;         ;         ;         ;         ;         ;         ;         ;         ;         ;         ;         ;         ;         ;         ;89.74730000;284.28800000;609.79600000;1137.33000000;2463.24000000;5120.76000000;9777.43000000;17050.70000000;27355.30000000;41440.90000000;60332.10000000;80435.50000000;103573.00000000;127456.00000000;152357.00000000;177963.00000000;203589.00000000;228978.00000000;255356.00000000;281172.00000000;304043.00000000;324390.00000000;341284.00000000;354959.00000000;362236.00000000;363618.00000000;359490.00000000;357718.00000000;357974.00000000;359331.00000000;359499.00000000;358378.00000000;357672.00000000;357374.00000000;354874.00000000;348879.00000000;340903.00000000;330153.00000000;318215.00000000;305429.00000000;292829.00000000;280890.00000000;270051.00000000;260808.00000000;252574.00000000;244958.00000000;237705.00000000;230638.00000000;223609.00000000;216602.00000000;209569.00000000;202486.00000000;195343.00000000;188116.00000000;         ;         ;         ;         ;         ;         ;         ;         ;         ;         ;         ;         ;         ;         ;         
Children on 2nd-line ART;Mean;         ;         ;         ;         ;         ;         ;         ;         ;         ;         ;         ;         ;         ;         ;         ;         ;         ;3.47993000;12.45060000;29.76120000;63.40950000;156.13900000;345.09500000;682.39200000;1162.06000000;1845.58000000;2802.25000000;4185.73000000;5539.82000000;7221.93000000;8690.19000000;10376.40000000;12125.20000000;13678.80000000;14648.90000000;14434.40000000;13333.20000000;11511.60000000;9356.33000000;7321.87000000;6058.37000000;5236.56000000;4579.26000000;4036.06000000;3654.18000000;3409.12000000;3245.88000000;3077.88000000;2905.04000000;2735.04000000;2583.13000000;2442.46000000;2309.82000000;2184.63000000;2063.25000000;1946.35000000;1832.13000000;1723.44000000;1622.02000000;1527.69000000;1441.96000000;1362.17000000;1286.77000000;1214.86000000;1146.05000000;1080.19000000;1017.29000000;957.36100000;900.39600000;846.40200000;795.39400000;         ;         ;         ;         ;         ;         ;         ;         ;         ;         ;         ;         ;         ;         ;         
;95% LL;         ;         ;         ;         ;         ;         ;         ;         ;         ;         ;         ;         ;         ;         ;         ;         ;         ;3.23112000;11.50390000;27.92490000;60.07440000;149.82200000;333.25700000;662.91800000;1133.47000000;1808.45000000;2752.22000000;4108.42000000;5431.02000000;7079.60000000;8504.90000000;10145.50000000;11833.70000000;13348.70000000;14275.60000000;14067.20000000;12985.10000000;11222.00000000;9131.19000000;7135.47000000;5902.00000000;5090.47000000;4439.57000000;3896.03000000;3510.43000000;3258.38000000;3088.61000000;2916.93000000;2744.70000000;2576.75000000;2428.88000000;2292.22000000;2166.20000000;2051.11000000;1940.09000000;1829.01000000;1722.72000000;1619.02000000;1523.14000000;1435.14000000;1352.17000000;1274.67000000;1201.70000000;1132.38000000;1065.84000000;1001.81000000;940.82500000;883.99900000;830.14300000;778.46600000;729.72600000;         ;         ;         ;         ;         ;         ;         ;         ;         ;         ;         ;         ;         ;         ;         
;95% UL;         ;         ;         ;         ;         ;         ;         ;         ;         ;         ;         ;         ;         ;         ;         ;         ;         ;3.76041000;13.43520000;31.89270000;67.02770000;162.98500000;356.28400000;699.36900000;1184.29000000;1872.99000000;2841.25000000;4250.44000000;5640.02000000;7368.19000000;8873.93000000;10612.30000000;12411.90000000;13996.90000000;14988.10000000;14767.60000000;13647.60000000;11794.50000000;9596.07000000;7516.04000000;6225.03000000;5386.69000000;4720.31000000;4181.27000000;3799.93000000;3566.01000000;3404.25000000;3239.05000000;3069.92000000;2897.17000000;2745.88000000;2606.83000000;2474.67000000;2353.23000000;2234.51000000;2119.24000000;2005.58000000;1896.66000000;1794.40000000;1698.69000000;1611.32000000;1529.45000000;1451.48000000;1376.48000000;1304.07000000;1234.18000000;1166.90000000;1102.32000000;1040.53000000;981.62100000;925.68300000;         ;         ;         ;         ;         ;         ;         ;         ;         ;         ;         ;         ;         ;         ;         
Men who have stopped ART (not currently on ART);Mean;         ;         ;         ;         ;         ;         ;         ;         ;         ;         ;         ;         ;         ;         ;         ;         ;203.84300000;682.30800000;1373.63000000;2251.31000000;4052.14000000;7993.80000000;14454.40000000;23668.80000000;35243.50000000;49915.60000000;69347.10000000;87809.80000000;131630.00000000;166246.00000000;201047.00000000;233702.00000000;266832.00000000;303278.00000000;338043.00000000;362519.00000000;374374.00000000;386587.00000000;396553.00000000;404125.00000000;408605.00000000;410583.00000000;410210.00000000;407884.00000000;412053.00000000;414388.00000000;415321.00000000;415087.00000000;413943.00000000;412064.00000000;409556.00000000;406494.00000000;402941.00000000;398943.00000000;394537.00000000;389747.00000000;384604.00000000;379129.00000000;373341.00000000;367261.00000000;360912.00000000;354304.00000000;347445.00000000;340349.00000000;333035.00000000;325525.00000000;317830.00000000;309970.00000000;301962.00000000;293825.00000000;285580.00000000;         ;         ;         ;         ;         ;         ;         ;         ;         ;         ;         ;         ;         ;         ;         
;95% LL;         ;         ;         ;         ;         ;         ;         ;         ;         ;         ;         ;         ;         ;         ;         ;         ;202.42500000;678.26100000;1366.39000000;2240.77000000;4015.69000000;7910.13000000;14280.90000000;23326.80000000;34611.50000000;48871.60000000;67733.70000000;84995.30000000;127439.00000000;160385.00000000;194802.00000000;227093.00000000;259839.00000000;295160.00000000;328492.00000000;350707.00000000;362427.00000000;375179.00000000;385452.00000000;393234.00000000;397643.00000000;399719.00000000;399971.00000000;398306.00000000;401627.00000000;403343.00000000;403847.00000000;403401.00000000;402132.00000000;400188.00000000;397657.00000000;394608.00000000;390857.00000000;386614.00000000;381976.00000000;376966.00000000;371756.00000000;366289.00000000;360527.00000000;354534.00000000;348367.00000000;341960.00000000;335318.00000000;328334.00000000;321065.00000000;313611.00000000;305986.00000000;298302.00000000;290489.00000000;282599.00000000;274470.00000000;         ;         ;         ;         ;         ;         ;         ;         ;         ;         ;         ;         ;         ;         ;         
;95% UL;         ;         ;         ;         ;         ;         ;         ;         ;         ;         ;         ;         ;         ;         ;         ;         ;205.95700000;688.15400000;1384.01000000;2266.39000000;4086.81000000;8079.72000000;14638.80000000;24043.00000000;35909.80000000;51021.50000000;71213.20000000;90618.10000000;135233.00000000;171437.00000000;207104.00000000;240360.00000000;274258.00000000;312110.00000000;348518.00000000;375521.00000000;387547.00000000;399430.00000000;409445.00000000;417416.00000000;421954.00000000;423695.00000000;423059.00000000;419929.00000000;425085.00000000;428138.00000000;429542.00000000;429625.00000000;428699.00000000;426967.00000000;424669.00000000;421784.00000000;418376.00000000;414495.00000000;410179.00000000;405453.00000000;400451.00000000;394963.00000000;389297.00000000;383101.00000000;376614.00000000;369919.00000000;362815.00000000;355777.00000000;348497.00000000;340844.00000000;332896.00000000;324826.00000000;316636.00000000;308450.00000000;300107.00000000;         ;         ;         ;         ;         ;         ;         ;         ;         ;         ;         ;         ;         ;         ;         
Women who have stopped ART (not currently on ART);Mean;         ;         ;         ;         ;         ;         ;         ;         ;         ;         ;         ;         ;         ;         ;         ;         ;382.46300000;1261.40000000;2537.57000000;4208.14000000;7751.31000000;15403.80000000;27270.50000000;43107.80000000;61630.70000000;83792.70000000;110897.00000000;135687.00000000;202086.00000000;243774.00000000;295321.00000000;346013.00000000;397826.00000000;453486.00000000;502732.00000000;528770.00000000;523418.00000000;525490.00000000;525613.00000000;522975.00000000;517862.00000000;510826.00000000;502389.00000000;493019.00000000;499349.00000000;504272.00000000;508153.00000000;511158.00000000;513397.00000000;514957.00000000;515882.00000000;516212.00000000;515977.00000000;515207.00000000;513924.00000000;512144.00000000;509903.00000000;507223.00000000;504124.00000000;500625.00000000;496744.00000000;492486.00000000;487850.00000000;482839.00000000;477459.00000000;471716.00000000;465609.00000000;459142.00000000;452317.00000000;445138.00000000;437611.00000000;         ;         ;         ;         ;         ;         ;         ;         ;         ;         ;         ;         ;         ;         ;         
;95% LL;         ;         ;         ;         ;         ;         ;         ;         ;         ;         ;         ;         ;         ;         ;         ;         ;378.30200000;1250.33000000;2517.54000000;4177.03000000;7677.44000000;15207.60000000;26819.40000000;42218.50000000;60096.80000000;81505.80000000;107481.00000000;131323.00000000;194945.00000000;231889.00000000;283540.00000000;334632.00000000;386425.00000000;438284.00000000;482520.00000000;501934.00000000;496592.00000000;500975.00000000;502914.00000000;502033.00000000;498821.00000000;493850.00000000;487584.00000000;480499.00000000;485957.00000000;490398.00000000;493939.00000000;496689.00000000;498605.00000000;499770.00000000;500420.00000000;500665.00000000;500047.00000000;498833.00000000;497301.00000000;495438.00000000;493174.00000000;490493.00000000;487414.00000000;483957.00000000;480137.00000000;475958.00000000;471342.00000000;466207.00000000;460718.00000000;455149.00000000;449238.00000000;442986.00000000;436395.00000000;429468.00000000;422211.00000000;         ;         ;         ;         ;         ;         ;         ;         ;         ;         ;         ;         ;         ;         ;         
;95% UL;         ;         ;         ;         ;         ;         ;         ;         ;         ;         ;         ;         ;         ;         ;         ;         ;385.69800000;1271.19000000;2555.88000000;4236.64000000;7824.50000000;15598.60000000;27713.70000000;44001.70000000;63221.00000000;86335.20000000;114559.00000000;140055.00000000;208665.00000000;254044.00000000;305936.00000000;356745.00000000;409652.00000000;468532.00000000;521654.00000000;554128.00000000;548221.00000000;548664.00000000;547145.00000000;542802.00000000;535762.00000000;526919.00000000;516861.00000000;505167.00000000;512210.00000000;517780.00000000;522242.00000000;525580.00000000;528097.00000000;529891.00000000;531016.00000000;531514.00000000;531417.00000000;530758.00000000;529604.00000000;528011.00000000;525945.00000000;523256.00000000;520178.00000000;516887.00000000;513200.00000000;509120.00000000;504521.00000000;499536.00000000;494245.00000000;488574.00000000;482523.00000000;476297.00000000;469847.00000000;463038.00000000;455877.00000000;         ;         ;         ;         ;         ;         ;         ;         ;         ;         ;         ;         ;         ;         ;         
Children who have stopped ART (not currently on ART);Mean;         ;         ;         ;         ;         ;         ;         ;         ;         ;         ;         ;         ;         ;         ;         ;         ;70.97840000;217.01400000;417.97500000;677.51000000;1507.29000000;3342.28000000;5899.94000000;9050.20000000;12946.40000000;18070.20000000;24580.10000000;28858.90000000;33896.10000000;36814.60000000;38961.90000000;40425.30000000;40843.70000000;40512.00000000;39537.30000000;37074.70000000;33102.50000000;28883.80000000;24776.20000000;21179.30000000;18592.10000000;16752.20000000;15273.40000000;13969.80000000;12961.70000000;12182.60000000;11451.60000000;10854.00000000;10304.60000000;9776.03000000;9278.19000000;8819.00000000;8390.03000000;7988.38000000;7609.00000000;7246.93000000;6899.39000000;6565.64000000;6245.45000000;5934.87000000;5632.68000000;5338.72000000;5053.04000000;4775.80000000;4507.64000000;4249.35000000;4001.77000000;3765.46000000;3540.76000000;3327.88000000;3126.96000000;         ;         ;         ;         ;         ;         ;         ;         ;         ;         ;         ;         ;         ;         ;         
;95% LL;         ;         ;         ;         ;         ;         ;         ;         ;         ;         ;         ;         ;         ;         ;         ;         ;68.22490000;208.45400000;401.84200000;652.45800000;1460.83000000;3254.92000000;5763.51000000;8850.83000000;12657.20000000;17692.90000000;24082.50000000;28309.20000000;33138.50000000;35865.40000000;37906.80000000;39294.60000000;39701.30000000;39271.60000000;38216.50000000;35622.70000000;31757.90000000;27716.00000000;23749.70000000;20291.80000000;17809.80000000;16012.40000000;14564.10000000;13294.00000000;12287.50000000;11515.60000000;10800.70000000;10222.70000000;9694.14000000;9182.46000000;8731.16000000;8318.81000000;7913.49000000;7529.43000000;7173.98000000;6818.95000000;6483.21000000;6156.81000000;5845.72000000;5543.48000000;5250.26000000;4965.91000000;4693.69000000;4425.66000000;4168.90000000;3923.43000000;3688.88000000;3464.71000000;3248.41000000;3045.90000000;2857.76000000;         ;         ;         ;         ;         ;         ;         ;         ;         ;         ;         ;         ;         ;         ;         
;95% UL;         ;         ;         ;         ;         ;         ;         ;         ;         ;         ;         ;         ;         ;         ;         ;         ;73.46630000;224.76200000;432.54600000;699.89700000;1545.98000000;3417.18000000;6018.63000000;9211.31000000;13165.90000000;18377.00000000;25013.10000000;29434.20000000;34668.70000000;37782.10000000;40016.50000000;41638.60000000;42110.50000000;41873.10000000;41042.90000000;38604.30000000;34470.10000000;30043.00000000;25754.70000000;22035.20000000;19380.80000000;17501.10000000;15989.10000000;14664.20000000;13651.40000000;12868.90000000;12129.20000000;11522.60000000;10937.80000000;10402.70000000;9924.33000000;9482.65000000;9068.31000000;8678.80000000;8309.12000000;7954.24000000;7611.22000000;7279.25000000;6958.12000000;6643.71000000;6334.78000000;6031.34000000;5733.62000000;5442.03000000;5157.52000000;4881.27000000;4614.52000000;4358.24000000;4113.12000000;3879.72000000;3658.44000000;         ;         ;         ;         ;         ;         ;         ;         ;         ;         ;         ;         ;         ;         ;         
;;         ;         ;         ;         ;         ;         ;         ;         ;         ;         ;         ;         ;         ;         ;         ;         ;         ;         ;         ;         ;         ;         ;         ;         ;         ;         ;         ;         ;         ;         ;         ;         ;         ;         ;         ;         ;         ;         ;         ;         ;         ;         ;         ;         ;         ;         ;         ;         ;         ;         ;         ;         ;         ;         ;         ;         ;         ;         ;         ;         ;         ;         ;         ;         ;         ;         ;         ;         ;         ;         ;         ;         ;         ;         ;         ;         ;         ;         ;         ;         ;         ;         ;         ;         ;         ;         
Viral suppression in people on antiretroviral treatment;;         ;         ;         ;         ;         ;         ;         ;         ;         ;         ;         ;         ;         ;         ;         ;         ;         ;         ;         ;         ;         ;         ;         ;         ;         ;         ;         ;         ;         ;         ;         ;         ;         ;         ;         ;         ;         ;         ;         ;         ;         ;         ;         ;         ;         ;         ;         ;         ;         ;         ;         ;         ;         ;         ;         ;         ;         ;         ;         ;         ;         ;         ;         ;         ;         ;         ;         ;         ;         ;         ;         ;         ;         ;         ;         ;         ;         ;         ;         ;         ;         ;         ;         ;         ;         ;         
;;         ;         ;         ;         ;         ;         ;         ;         ;         ;         ;         ;         ;         ;         ;         ;         ;         ;         ;         ;         ;         ;         ;         ;         ;         ;         ;         ;         ;         ;         ;         ;         ;         ;         ;         ;         ;         ;         ;         ;         ;         ;         ;         ;         ;         ;         ;         ;         ;         ;         ;         ;         ;         ;         ;         ;         ;         ;         ;         ;         ;         ;         ;         ;         ;         ;         ;         ;         ;         ;         ;         ;         ;         ;         ;         ;         ;         ;         ;         ;         ;         ;         ;         ;         ;         ;         
Fraction of ART patients virologically suppressed (RNA count <400 copies/ml);Mean;         ;         ;         ;         ;         ;         ;         ;         ;         ;         ;         ;         ;         ;         ;         ;         ;0.82110300;0.82291900;0.82463600;0.82612700;0.82521900;0.82378300;0.82528600;0.82448100;0.79596200;0.73884300;0.71570400;0.73403500;0.75577600;0.79636800;0.80061900;0.81271900;0.84440500;0.84876200;0.85637100;0.86681400;0.87592400;0.88461200;0.89290400;0.89788100;0.89954500;0.90109900;0.90248200;0.90380400;0.90508300;0.90629300;0.90744800;0.90854200;0.90958700;0.91058500;0.91153900;0.91244800;0.91331300;0.91413800;0.91492700;0.91568300;0.91640800;0.91710400;0.91777300;0.91841700;0.91904000;0.91964100;0.92022200;0.92078500;0.92133100;0.92186100;0.92237600;0.92287700;0.92336300;0.92383600;0.92429500;         ;         ;         ;         ;         ;         ;         ;         ;         ;         ;         ;         ;         ;         ;         
;95% LL;         ;         ;         ;         ;         ;         ;         ;         ;         ;         ;         ;         ;         ;         ;         ;         ;0.82026000;0.82208600;0.82383000;0.82534900;0.82450600;0.82307600;0.82457100;0.82375000;0.79517200;0.73793800;0.71470100;0.73301400;0.75478600;0.79542100;0.79964400;0.81175800;0.84354700;0.84792200;0.85555800;0.86604300;0.87519700;0.88393800;0.89228000;0.89729000;0.89897000;0.90053000;0.90192300;0.90326800;0.90456900;0.90580100;0.90697300;0.90809100;0.90915600;0.91017600;0.91115000;0.91207700;0.91295800;0.91379800;0.91460200;0.91537100;0.91610200;0.91680600;0.91748300;0.91813400;0.91876100;0.91936700;0.91995300;0.92051800;0.92106800;0.92160100;0.92211800;0.92262200;0.92311200;0.92358900;0.92405200;         ;         ;         ;         ;         ;         ;         ;         ;         ;         ;         ;         ;         ;         ;         
;95% UL;         ;         ;         ;         ;         ;         ;         ;         ;         ;         ;         ;         ;         ;         ;         ;         ;0.82174800;0.82354400;0.82526100;0.82673600;0.82581100;0.82437000;0.82588100;0.82508400;0.79670400;0.73982000;0.71683700;0.73518800;0.75688100;0.79731600;0.80152200;0.81353900;0.84511400;0.84948700;0.85706800;0.86747500;0.87653100;0.88516000;0.89341400;0.89836400;0.90000800;0.90154300;0.90290800;0.90421200;0.90547700;0.90667300;0.90781500;0.90889700;0.90993100;0.91091000;0.91184300;0.91273300;0.91358100;0.91438900;0.91517100;0.91592300;0.91664100;0.91732900;0.91799300;0.91862900;0.91924100;0.91984000;0.92042700;0.92099700;0.92155000;0.92208700;0.92261000;0.92311800;0.92361100;0.92409000;0.92455500;         ;         ;         ;         ;         ;         ;         ;         ;         ;         ;         ;         ;         ;         ;         
Fraction of men on ART who are virologically suppressed (RNA count <400 copies/ml);Mean;         ;         ;         ;         ;         ;         ;         ;         ;         ;         ;         ;         ;         ;         ;         ;         ;0.82192500;0.82332500;0.82453400;0.82565100;0.82470600;0.81990200;0.81823600;0.81536100;0.78568700;0.72459300;0.69903800;0.71869300;0.74079000;0.78402200;0.78842000;0.79966300;0.83313200;0.83729100;0.84467900;0.85537200;0.86447000;0.87322200;0.88167800;0.88655500;0.88787200;0.88918500;0.89045400;0.89167000;0.89284700;0.89397800;0.89506400;0.89610700;0.89710800;0.89806800;0.89898800;0.89986800;0.90070600;0.90150700;0.90227200;0.90300600;0.90371000;0.90438600;0.90503700;0.90566400;0.90627000;0.90685500;0.90742000;0.90796600;0.90849500;0.90900800;0.90950400;0.90998400;0.91044600;0.91089100;0.91131800;         ;         ;         ;         ;         ;         ;         ;         ;         ;         ;         ;         ;         ;         ;         
;95% LL;         ;         ;         ;         ;         ;         ;         ;         ;         ;         ;         ;         ;         ;         ;         ;         ;0.82036600;0.82186200;0.82313000;0.82430600;0.82339900;0.81864900;0.81706500;0.81423300;0.78451100;0.72334100;0.69771400;0.71738000;0.73951700;0.78286600;0.78721300;0.79844600;0.83203100;0.83617100;0.84353600;0.85429200;0.86344600;0.87226800;0.88081200;0.88572900;0.88707800;0.88843200;0.88974200;0.89099400;0.89220300;0.89336700;0.89448400;0.89556800;0.89660900;0.89759700;0.89854000;0.89944200;0.90030600;0.90112900;0.90191100;0.90266300;0.90338900;0.90408500;0.90474800;0.90539300;0.90601100;0.90660500;0.90718200;0.90773600;0.90827400;0.90879500;0.90930000;0.90978800;0.91026000;0.91071400;0.91114800;         ;         ;         ;         ;         ;         ;         ;         ;         ;         ;         ;         ;         ;         ;         
;95% UL;         ;         ;         ;         ;         ;         ;         ;         ;         ;         ;         ;         ;         ;         ;         ;         ;0.82316500;0.82450700;0.82568600;0.82682200;0.82594700;0.82117800;0.81949600;0.81657700;0.78694300;0.72589100;0.70008300;0.71979200;0.74198500;0.78511300;0.78954400;0.80081000;0.83412600;0.83830600;0.84569900;0.85636300;0.86541300;0.87411100;0.88251600;0.88735000;0.88863800;0.88991500;0.89114200;0.89231300;0.89344100;0.89452600;0.89558500;0.89659900;0.89756300;0.89848900;0.89937800;0.90022800;0.90104000;0.90181600;0.90255900;0.90327200;0.90395600;0.90461500;0.90524900;0.90586100;0.90646600;0.90705700;0.90762800;0.90817800;0.90871000;0.90922500;0.90972300;0.91020500;0.91066900;0.91111600;0.91154600;         ;         ;         ;         ;         ;         ;         ;         ;         ;         ;         ;         ;         ;         ;         
Fraction of women on ART who are virologically suppressed (RNA count <400 copies/ml);Mean;         ;         ;         ;         ;         ;         ;         ;         ;         ;         ;         ;         ;         ;         ;         ;         ;0.82989400;0.83178100;0.83349600;0.83508300;0.83512800;0.83184600;0.83171800;0.83044400;0.80410300;0.74886100;0.72747200;0.74800600;0.76975500;0.81042600;0.81557800;0.82657700;0.85699400;0.86114100;0.86806300;0.87778000;0.88606200;0.89396900;0.90153900;0.90597500;0.90732600;0.90863800;0.90989400;0.91109100;0.91223800;0.91333100;0.91437200;0.91536400;0.91631000;0.91721100;0.91806900;0.91888700;0.91966400;0.92040400;0.92111000;0.92178300;0.92242800;0.92304400;0.92363400;0.92420100;0.92474500;0.92526900;0.92577300;0.92626000;0.92673000;0.92718700;0.92762900;0.92805900;0.92847800;0.92888500;0.92928100;         ;         ;         ;         ;         ;         ;         ;         ;         ;         ;         ;         ;         ;         ;         
;95% LL;         ;         ;         ;         ;         ;         ;         ;         ;         ;         ;         ;         ;         ;         ;         ;         ;0.82900100;0.83091500;0.83265300;0.83424600;0.83428800;0.83102100;0.83090600;0.82962500;0.80317800;0.74775900;0.72621800;0.74678100;0.76857300;0.80934800;0.81449900;0.82550700;0.85602300;0.86019400;0.86713800;0.87689700;0.88521900;0.89317200;0.90080300;0.90528300;0.90665100;0.90797700;0.90924800;0.91046600;0.91163800;0.91275400;0.91380500;0.91480500;0.91577000;0.91668300;0.91755700;0.91838600;0.91918400;0.91994500;0.92067300;0.92137000;0.92202400;0.92265000;0.92325300;0.92382600;0.92438300;0.92491200;0.92542600;0.92592500;0.92640800;0.92687100;0.92731800;0.92775100;0.92817300;0.92858400;0.92898600;         ;         ;         ;         ;         ;         ;         ;         ;         ;         ;         ;         ;         ;         ;         
;95% UL;         ;         ;         ;         ;         ;         ;         ;         ;         ;         ;         ;         ;         ;         ;         ;         ;0.83075500;0.83262500;0.83431100;0.83585800;0.83584200;0.83255600;0.83246300;0.83126500;0.80508100;0.75011400;0.72888600;0.74939500;0.77106300;0.81154200;0.81664700;0.82754800;0.85782300;0.86198700;0.86887900;0.87855800;0.88681100;0.89468800;0.90222100;0.90662600;0.90796600;0.90926300;0.91050500;0.91168400;0.91281100;0.91388800;0.91491700;0.91589200;0.91680600;0.91768200;0.91852400;0.91932700;0.92009000;0.92081200;0.92150300;0.92217000;0.92280900;0.92342000;0.92400600;0.92456900;0.92510200;0.92561700;0.92611900;0.92660300;0.92707100;0.92752400;0.92796400;0.92839100;0.92880700;0.92921000;0.92959900;         ;         ;         ;         ;         ;         ;         ;         ;         ;         ;         ;         ;         ;         ;         
Fraction of children on ART who are virologically suppressed (RNA count <400 copies/ml);Mean;         ;         ;         ;         ;         ;         ;         ;         ;         ;         ;         ;         ;         ;         ;         ;         ;0.70751900;0.70751900;0.70751900;0.70751900;0.70751900;0.73191200;0.75370500;0.76230300;0.71376000;0.64913800;0.61912100;0.59940000;0.61220100;0.63107300;0.60810400;0.63063700;0.65486600;0.64748800;0.65641100;0.66537300;0.67437700;0.68342200;0.69250900;0.70163700;0.71080800;0.72002100;0.72002100;0.72002100;0.72002100;0.72002100;0.72002100;0.72002100;0.72002100;0.72002100;0.72002100;0.72002100;0.72002100;0.72002100;0.72002100;0.72002100;0.72002100;0.72002100;0.72002100;0.72002100;0.72002100;0.72002100;0.72002100;0.72002100;0.72002100;0.72002100;0.72002100;0.72002100;0.72002100;0.72002100;0.72002100;         ;         ;         ;         ;         ;         ;         ;         ;         ;         ;         ;         ;         ;         ;         
;95% LL;         ;         ;         ;         ;         ;         ;         ;         ;         ;         ;         ;         ;         ;         ;         ;         ;0.70751900;0.70751900;0.70751900;0.70751900;0.70751900;0.73191200;0.75370500;0.76230300;0.71376000;0.64913800;0.61912100;0.59940000;0.61220100;0.63107300;0.60810400;0.63063700;0.65486600;0.64748800;0.65641100;0.66537300;0.67437700;0.68342200;0.69250900;0.70163700;0.71080800;0.72002100;0.72002100;0.72002100;0.72002100;0.72002100;0.72002100;0.72002100;0.72002100;0.72002100;0.72002100;0.72002100;0.72002100;0.72002100;0.72002100;0.72002100;0.72002100;0.72002100;0.72002100;0.72002100;0.72002100;0.72002100;0.72002100;0.72002100;0.72002100;0.72002100;0.72002100;0.72002100;0.72002100;0.72002100;0.72002100;         ;         ;         ;         ;         ;         ;         ;         ;         ;         ;         ;         ;         ;         ;         
;95% UL;         ;         ;         ;         ;         ;         ;         ;         ;         ;         ;         ;         ;         ;         ;         ;         ;0.70751900;0.70751900;0.70751900;0.70751900;0.70751900;0.73191200;0.75370500;0.76230300;0.71376000;0.64913800;0.61912100;0.59940000;0.61220100;0.63107300;0.60810400;0.63063700;0.65486600;0.64748800;0.65641100;0.66537300;0.67437700;0.68342200;0.69250900;0.70163700;0.71080800;0.72002100;0.72002100;0.72002100;0.72002100;0.72002100;0.72002100;0.72002100;0.72002100;0.72002100;0.72002100;0.72002100;0.72002100;0.72002100;0.72002100;0.72002100;0.72002100;0.72002100;0.72002100;0.72002100;0.72002100;0.72002100;0.72002100;0.72002100;0.72002100;0.72002100;0.72002100;0.72002100;0.72002100;0.72002100;0.72002100;         ;         ;         ;         ;         ;         ;         ;         ;         ;         ;         ;         ;         ;         ;         
Fraction of ART patients who are virologically suppressed (RNA count <1000 copies/ml);Mean;         ;         ;         ;         ;         ;         ;         ;         ;         ;         ;         ;         ;         ;         ;         ;         ;0.85517800;0.85674800;0.85826400;0.85950900;0.85833200;0.85737500;0.85911200;0.85880000;0.83528300;0.78790700;0.76852200;0.78440800;0.80277200;0.83627500;0.83984900;0.84998900;0.87586900;0.87953800;0.88583200;0.89436200;0.90182700;0.90890900;0.91563900;0.91970100;0.92110400;0.92239500;0.92352600;0.92460500;0.92565000;0.92663100;0.92756500;0.92844800;0.92928800;0.93009100;0.93085700;0.93158600;0.93227900;0.93294000;0.93357200;0.93417600;0.93475500;0.93531100;0.93584600;0.93636000;0.93685700;0.93733700;0.93780100;0.93825000;0.93868500;0.93910800;0.93951800;0.93991700;0.94030400;0.94068100;0.94104500;         ;         ;         ;         ;         ;         ;         ;         ;         ;         ;         ;         ;         ;         ;         
;95% LL;         ;         ;         ;         ;         ;         ;         ;         ;         ;         ;         ;         ;         ;         ;         ;         ;0.85454000;0.85612000;0.85764400;0.85890700;0.85776000;0.85679500;0.85852100;0.85819000;0.83466200;0.78718100;0.76765000;0.78354400;0.80192700;0.83549400;0.83905100;0.84921500;0.87518600;0.87886200;0.88517300;0.89374300;0.90124300;0.90836600;0.91514400;0.91923000;0.92064500;0.92194800;0.92309200;0.92418100;0.92523900;0.92623600;0.92718800;0.92808600;0.92894400;0.92976400;0.93054800;0.93129400;0.93200200;0.93267700;0.93332000;0.93393400;0.93452000;0.93508200;0.93562200;0.93614200;0.93664200;0.93712600;0.93759400;0.93804700;0.93848200;0.93890700;0.93932100;0.93972200;0.94011200;0.94049100;0.94085900;         ;         ;         ;         ;         ;         ;         ;         ;         ;         ;         ;         ;         ;         ;         
;95% UL;         ;         ;         ;         ;         ;         ;         ;         ;         ;         ;         ;         ;         ;         ;         ;         ;0.85574000;0.85727100;0.85877200;0.86002100;0.85884800;0.85785800;0.85960000;0.85929400;0.83588200;0.78870600;0.76945500;0.78534700;0.80366500;0.83703100;0.84056700;0.85063700;0.87644200;0.88013500;0.88640400;0.89488900;0.90231600;0.90936300;0.91605000;0.92008500;0.92146800;0.92273800;0.92385500;0.92492200;0.92595400;0.92692400;0.92784700;0.92871900;0.92954900;0.93034300;0.93109200;0.93180600;0.93248500;0.93313600;0.93376200;0.93435500;0.93493100;0.93548600;0.93602000;0.93653100;0.93702300;0.93749300;0.93795100;0.93840200;0.93884400;0.93927200;0.93968900;0.94009400;0.94048700;0.94086800;0.94123800;         ;         ;         ;         ;         ;         ;         ;         ;         ;         ;         ;         ;         ;         ;         
Fraction of men on ART who are virologically suppressed (RNA count <1000 copies/ml);Mean;         ;         ;         ;         ;         ;         ;         ;         ;         ;         ;         ;         ;         ;         ;         ;         ;0.85975600;0.86088700;0.86186400;0.86276600;0.86200400;0.85813000;0.85678500;0.85446300;0.83038200;0.78011700;0.75879000;0.77516800;0.79348000;0.82897600;0.83255300;0.84168900;0.86873400;0.87207000;0.87799500;0.88655300;0.89381400;0.90078200;0.90750100;0.91136800;0.91241000;0.91344800;0.91445200;0.91541400;0.91634500;0.91724000;0.91809800;0.91892300;0.91971500;0.92047500;0.92120300;0.92190000;0.92256300;0.92319600;0.92380200;0.92438300;0.92493900;0.92547400;0.92598900;0.92648400;0.92696300;0.92742500;0.92787200;0.92830300;0.92872100;0.92912500;0.92951700;0.92989500;0.93026000;0.93061100;0.93094800;         ;         ;         ;         ;         ;         ;         ;         ;         ;         ;         ;         ;         ;         ;         
;95% LL;         ;         ;         ;         ;         ;         ;         ;         ;         ;         ;         ;         ;         ;         ;         ;         ;0.85849700;0.85970700;0.86073100;0.86168000;0.86095100;0.85711800;0.85583800;0.85355200;0.82942400;0.77907700;0.75767900;0.77407500;0.79242900;0.82803400;0.83157100;0.84070300;0.86784900;0.87117200;0.87707900;0.88569100;0.89299900;0.90002600;0.90681400;0.91071300;0.91178100;0.91285300;0.91388900;0.91487900;0.91583600;0.91675600;0.91764100;0.91849900;0.91932300;0.92010400;0.92085100;0.92156400;0.92224900;0.92289900;0.92351800;0.92411300;0.92468700;0.92523800;0.92576200;0.92627200;0.92676000;0.92722900;0.92768500;0.92812200;0.92854700;0.92895900;0.92935600;0.92974200;0.93011400;0.93047200;0.93081400;         ;         ;         ;         ;         ;         ;         ;         ;         ;         ;         ;         ;         ;         ;         
;95% UL;         ;         ;         ;         ;         ;         ;         ;         ;         ;         ;         ;         ;         ;         ;         ;         ;0.86075700;0.86184100;0.86279300;0.86371100;0.86300600;0.85916100;0.85780400;0.85544700;0.83140700;0.78119800;0.75966400;0.77607800;0.79446600;0.82986400;0.83346700;0.84261700;0.86953500;0.87288400;0.87881200;0.88734100;0.89456200;0.90148700;0.90816400;0.91199500;0.91301400;0.91402300;0.91499400;0.91592000;0.91681200;0.91767200;0.91851000;0.91931000;0.92007300;0.92080600;0.92150900;0.92218300;0.92282500;0.92343900;0.92402700;0.92459100;0.92513200;0.92565300;0.92615500;0.92663900;0.92711800;0.92758500;0.92803600;0.92847100;0.92889100;0.92929700;0.92969000;0.93007000;0.93043600;0.93078900;0.93112800;         ;         ;         ;         ;         ;         ;         ;         ;         ;         ;         ;         ;         ;         ;         
Fraction of women on ART who are virologically suppressed (RNA count <1000 copies/ml);Mean;         ;         ;         ;         ;         ;         ;         ;         ;         ;         ;         ;         ;         ;         ;         ;         ;0.86617600;0.86769500;0.86907400;0.87035000;0.87038700;0.86774700;0.86764200;0.86661400;0.84533600;0.80016800;0.78246100;0.79942900;0.81730100;0.85042500;0.85458900;0.86346600;0.88787100;0.89118200;0.89669900;0.90443000;0.91100100;0.91726200;0.92324400;0.92674300;0.92780800;0.92884200;0.92983100;0.93077400;0.93167600;0.93253700;0.93335600;0.93413600;0.93488000;0.93558900;0.93626400;0.93690700;0.93751900;0.93810000;0.93865500;0.93918400;0.93969000;0.94017400;0.94063800;0.94108300;0.94151000;0.94192200;0.94231800;0.94269900;0.94306900;0.94342700;0.94377400;0.94411100;0.94443900;0.94475800;0.94506900;         ;         ;         ;         ;         ;         ;         ;         ;         ;         ;         ;         ;         ;         ;         
;95% LL;         ;         ;         ;         ;         ;         ;         ;         ;         ;         ;         ;         ;         ;         ;         ;         ;0.86545900;0.86699900;0.86839700;0.86967800;0.86971200;0.86708400;0.86698900;0.86595700;0.84458700;0.79926100;0.78142400;0.79842000;0.81633500;0.84955300;0.85371800;0.86260400;0.88709600;0.89042600;0.89596300;0.90372800;0.91033300;0.91663200;0.92266300;0.92619800;0.92727600;0.92832100;0.92932300;0.93028100;0.93120500;0.93208300;0.93291000;0.93369700;0.93445600;0.93517400;0.93586200;0.93651400;0.93714200;0.93774000;0.93831200;0.93886000;0.93937400;0.93986600;0.94033900;0.94078900;0.94122600;0.94164200;0.94204500;0.94243700;0.94281600;0.94317900;0.94353000;0.94387000;0.94420100;0.94452300;0.94483800;         ;         ;         ;         ;         ;         ;         ;         ;         ;         ;         ;         ;         ;         ;         
;95% UL;         ;         ;         ;         ;         ;         ;         ;         ;         ;         ;         ;         ;         ;         ;         ;         ;0.86687000;0.86837400;0.86973100;0.87097500;0.87096000;0.86831700;0.86823900;0.86727300;0.84612700;0.80119700;0.78363000;0.80057200;0.81836900;0.85132700;0.85545200;0.86424700;0.88853400;0.89185700;0.89735000;0.90504700;0.91159500;0.91783100;0.92378200;0.92725600;0.92831300;0.92933400;0.93031200;0.93124000;0.93212700;0.93297500;0.93378400;0.93455100;0.93527000;0.93595900;0.93662200;0.93725300;0.93785300;0.93842000;0.93896300;0.93948800;0.93999000;0.94047000;0.94093000;0.94137200;0.94179000;0.94219500;0.94258900;0.94296800;0.94333600;0.94369100;0.94403700;0.94437200;0.94469700;0.94501400;0.94531800;         ;         ;         ;         ;         ;         ;         ;         ;         ;         ;         ;         ;         ;         ;         
Fraction of children on ART who are virologically suppressed (RNA count <1000 copies/ml);Mean;         ;         ;         ;         ;         ;         ;         ;         ;         ;         ;         ;         ;         ;         ;         ;         ;0.76616500;0.76616500;0.76616500;0.76616500;0.76616500;0.78642000;0.80438600;0.81144100;0.77136200;0.71701600;0.69135400;0.67433700;0.68539700;0.70160500;0.68186300;0.70123200;0.72188200;0.71561300;0.72319300;0.73078300;0.73838400;0.74599600;0.75362000;0.76125600;0.76890500;0.77656500;0.77656500;0.77656500;0.77656500;0.77656500;0.77656500;0.77656500;0.77656500;0.77656500;0.77656500;0.77656500;0.77656500;0.77656500;0.77656500;0.77656500;0.77656500;0.77656500;0.77656500;0.77656500;0.77656500;0.77656500;0.77656500;0.77656500;0.77656500;0.77656500;0.77656500;0.77656500;0.77656500;0.77656500;0.77656500;         ;         ;         ;         ;         ;         ;         ;         ;         ;         ;         ;         ;         ;         ;         
;95% LL;         ;         ;         ;         ;         ;         ;         ;         ;         ;         ;         ;         ;         ;         ;         ;         ;0.76616500;0.76616500;0.76616500;0.76616500;0.76616500;0.78642000;0.80438600;0.81144100;0.77136200;0.71701600;0.69135400;0.67433700;0.68539700;0.70160500;0.68186300;0.70123200;0.72188200;0.71561300;0.72319300;0.73078300;0.73838400;0.74599600;0.75362000;0.76125600;0.76890500;0.77656500;0.77656500;0.77656500;0.77656500;0.77656500;0.77656500;0.77656500;0.77656500;0.77656500;0.77656500;0.77656500;0.77656500;0.77656500;0.77656500;0.77656500;0.77656500;0.77656500;0.77656500;0.77656500;0.77656500;0.77656500;0.77656500;0.77656500;0.77656500;0.77656500;0.77656500;0.77656500;0.77656500;0.77656500;0.77656500;         ;         ;         ;         ;         ;         ;         ;         ;         ;         ;         ;         ;         ;         ;         
;95% UL;         ;         ;         ;         ;         ;         ;         ;         ;         ;         ;         ;         ;         ;         ;         ;         ;0.76616500;0.76616500;0.76616500;0.76616500;0.76616500;0.78642000;0.80438600;0.81144100;0.77136200;0.71701600;0.69135400;0.67433700;0.68539700;0.70160500;0.68186300;0.70123200;0.72188200;0.71561300;0.72319300;0.73078300;0.73838400;0.74599600;0.75362000;0.76125600;0.76890500;0.77656500;0.77656500;0.77656500;0.77656500;0.77656500;0.77656500;0.77656500;0.77656500;0.77656500;0.77656500;0.77656500;0.77656500;0.77656500;0.77656500;0.77656500;0.77656500;0.77656500;0.77656500;0.77656500;0.77656500;0.77656500;0.77656500;0.77656500;0.77656500;0.77656500;0.77656500;0.77656500;0.77656500;0.77656500;0.77656500;         ;         ;         ;         ;         ;         ;         ;         ;         ;         ;         ;         ;         ;         ;         
Fraction of FSWs on ART who are virologically suppressed (RNA count <1000 copies/ml);Mean;         ;         ;         ;         ;         ;         ;         ;         ;         ;         ;         ;         ;         ;         ;         ;         ;0.86778900;0.86817600;0.86847500;0.86884700;0.86870700;0.86554300;0.86484600;0.86326300;0.84103300;0.79471200;0.77697700;0.79495000;0.81337600;0.84699900;0.85167800;0.86112200;0.88663100;0.89029100;0.89597600;0.90383400;0.91047200;0.91675300;0.92271600;0.92613900;0.92706800;0.92794300;0.92876700;0.92954200;0.93028400;0.93097900;0.93162700;0.93223100;0.93279600;0.93332400;0.93382100;0.93428900;0.93472900;0.93514300;0.93553400;0.93590100;0.93624500;0.93656600;0.93686500;0.93714200;0.93739800;0.93763200;0.93784600;0.93804000;0.93821400;0.93836900;0.93850700;0.93862700;0.93873200;0.93882200;0.93889900;         ;         ;         ;         ;         ;         ;         ;         ;         ;         ;         ;         ;         ;         ;         
;95% LL;         ;         ;         ;         ;         ;         ;         ;         ;         ;         ;         ;         ;         ;         ;         ;         ;0.86643600;0.86682700;0.86726600;0.86784000;0.86796800;0.86485400;0.86421500;0.86266700;0.84037300;0.79388500;0.77596700;0.79360500;0.81186700;0.84563800;0.85018100;0.85958700;0.88514100;0.88878100;0.89452800;0.90249200;0.90923100;0.91561200;0.92166900;0.92515600;0.92612100;0.92703300;0.92789800;0.92868500;0.92944000;0.93015300;0.93082400;0.93145400;0.93204900;0.93261200;0.93314400;0.93365000;0.93412900;0.93458300;0.93501300;0.93542000;0.93580400;0.93610100;0.93641900;0.93672200;0.93700700;0.93723700;0.93741400;0.93758400;0.93772800;0.93784400;0.93794700;0.93803800;0.93811500;0.93817900;0.93823500;         ;         ;         ;         ;         ;         ;         ;         ;         ;         ;         ;         ;         ;         ;         
;95% UL;         ;         ;         ;         ;         ;         ;         ;         ;         ;         ;         ;         ;         ;         ;         ;         ;0.86873500;0.86938900;0.86972700;0.86996800;0.86969200;0.86654500;0.86583800;0.86424700;0.84211800;0.79613500;0.77861000;0.79721400;0.81590700;0.84924600;0.85409300;0.86356600;0.88911100;0.89285900;0.89847600;0.90618700;0.91268000;0.91878600;0.92456800;0.92786900;0.92872900;0.92953600;0.93029000;0.93101000;0.93170200;0.93233600;0.93290700;0.93340200;0.93378000;0.93418900;0.93461400;0.93500600;0.93538700;0.93574600;0.93606500;0.93639800;0.93668700;0.93695800;0.93725700;0.93751700;0.93780900;0.93810800;0.93838200;0.93863300;0.93886000;0.93906400;0.93924500;0.93940500;0.93954500;0.93966400;0.93976600;         ;         ;         ;         ;         ;         ;         ;         ;         ;         ;         ;         ;         ;         ;         
Fraction of MSM on ART who are virologically suppressed (RNA count <1000 copies/ml);Mean;         ;         ;         ;         ;         ;         ;         ;         ;         ;         ;         ;         ;         ;         ;         ;         ;0.84338600;0.84508600;0.84660300;0.84802000;0.84775600;0.84408200;0.84302300;0.84083300;0.81534800;0.76231400;0.74046300;0.75882300;0.77885800;0.81664800;0.82108600;0.83133700;0.86067800;0.86476000;0.87135300;0.88060200;0.88841900;0.89587500;0.90301600;0.90713900;0.90825400;0.90934600;0.91041500;0.91146100;0.91249400;0.91349300;0.91445800;0.91539100;0.91629600;0.91717500;0.91802600;0.91884600;0.91963600;0.92039600;0.92113100;0.92184300;0.92253000;0.92319400;0.92383400;0.92445000;0.92504100;0.92560900;0.92615200;0.92667100;0.92716600;0.92763900;0.92808900;0.92851700;0.92892400;0.92930800;0.92967100;         ;         ;         ;         ;         ;         ;         ;         ;         ;         ;         ;         ;         ;         ;         
;95% LL;         ;         ;         ;         ;         ;         ;         ;         ;         ;         ;         ;         ;         ;         ;         ;         ;0.84200600;0.84378200;0.84534800;0.84681400;0.84668400;0.84305400;0.84205000;0.83990500;0.81436000;0.76117800;0.73926000;0.75772000;0.77785600;0.81576700;0.82018000;0.83041700;0.85983200;0.86390500;0.87051600;0.87980100;0.88764400;0.89513100;0.90229900;0.90644100;0.90756000;0.90866100;0.90975900;0.91083900;0.91189900;0.91292600;0.91392100;0.91488400;0.91581900;0.91672800;0.91760800;0.91845700;0.91927400;0.92006100;0.92082200;0.92155800;0.92226300;0.92294100;0.92359400;0.92422000;0.92482300;0.92539400;0.92593700;0.92646100;0.92695400;0.92743300;0.92788900;0.92831600;0.92871500;0.92908400;0.92943100;         ;         ;         ;         ;         ;         ;         ;         ;         ;         ;         ;         ;         ;         ;         
;95% UL;         ;         ;         ;         ;         ;         ;         ;         ;         ;         ;         ;         ;         ;         ;         ;         ;0.84530100;0.84692200;0.84836400;0.84970700;0.84919200;0.84529500;0.84405200;0.84175200;0.81622100;0.76317700;0.74124200;0.75974300;0.77982400;0.81752600;0.82200700;0.83226300;0.86152500;0.86561800;0.87219600;0.88141600;0.88921200;0.89664400;0.90375500;0.90785800;0.90896400;0.91004100;0.91109100;0.91211300;0.91311700;0.91408600;0.91502200;0.91592500;0.91680100;0.91765100;0.91847300;0.91926200;0.92002300;0.92075800;0.92146000;0.92214300;0.92280900;0.92345200;0.92407300;0.92467200;0.92525600;0.92581400;0.92636000;0.92687700;0.92736400;0.92782900;0.92827300;0.92869500;0.92909600;0.92947900;0.92984700;         ;         ;         ;         ;         ;         ;         ;         ;         ;         ;         ;         ;         ;         ;         
Fraction of youth (15-24) on ART who are virologically suppressed (RNA count <1000 copies/ml);Mean;         ;         ;         ;         ;         ;         ;         ;         ;         ;         ;         ;         ;         ;         ;         ;         ;0.83867800;0.83907300;0.83934600;0.83954500;0.83935900;0.83501900;0.83332600;0.83029900;0.80246700;0.74744100;0.72729400;0.74948100;0.76988800;0.80592900;0.81076600;0.82107700;0.85360000;0.85628700;0.86019800;0.86697700;0.87223500;0.87778600;0.88353300;0.88654800;0.88673800;0.88736500;0.88827000;0.88939300;0.89063600;0.89194700;0.89342700;0.89506800;0.89686500;0.89874100;0.90033200;0.90122000;0.90157900;0.90187200;0.90214800;0.90238100;0.90253600;0.90258000;0.90258600;0.90258000;0.90256400;0.90251500;0.90244000;0.90235600;0.90227200;0.90219300;0.90213300;0.90210000;0.90209400;0.90210900;0.90214500;         ;         ;         ;         ;         ;         ;         ;         ;         ;         ;         ;         ;         ;         ;         
;95% LL;         ;         ;         ;         ;         ;         ;         ;         ;         ;         ;         ;         ;         ;         ;         ;         ;0.83840700;0.83881500;0.83910200;0.83930600;0.83909700;0.83466200;0.83284900;0.82975300;0.80167300;0.74632500;0.72580800;0.74802000;0.76834700;0.80432700;0.80896500;0.81928900;0.85207800;0.85478700;0.85871200;0.86554100;0.87091900;0.87680600;0.88261200;0.88567500;0.88597900;0.88672200;0.88763800;0.88871700;0.88994400;0.89125800;0.89274200;0.89443300;0.89627700;0.89816400;0.89979300;0.90068200;0.90103800;0.90131900;0.90157700;0.90181700;0.90198200;0.90201400;0.90202300;0.90203100;0.90203500;0.90200500;0.90194600;0.90184600;0.90176300;0.90168700;0.90162800;0.90159300;0.90158500;0.90159800;0.90163300;         ;         ;         ;         ;         ;         ;         ;         ;         ;         ;         ;         ;         ;         ;         
;95% UL;         ;         ;         ;         ;         ;         ;         ;         ;         ;         ;         ;         ;         ;         ;         ;         ;0.83898400;0.83932800;0.83960900;0.83981600;0.83964400;0.83536900;0.83374400;0.83080800;0.80314800;0.74847000;0.72867500;0.75083200;0.77125400;0.80725400;0.81236300;0.82264000;0.85492000;0.85754700;0.86141100;0.86814900;0.87327600;0.87868500;0.88426300;0.88725500;0.88741400;0.88799700;0.88891200;0.89002200;0.89126000;0.89260000;0.89410700;0.89575700;0.89753800;0.89937400;0.90092500;0.90178600;0.90213000;0.90240600;0.90265800;0.90286300;0.90298500;0.90304200;0.90305100;0.90303400;0.90301100;0.90296100;0.90287100;0.90279000;0.90271200;0.90264000;0.90258700;0.90256200;0.90256400;0.90258800;0.90263400;         ;         ;         ;         ;         ;         ;         ;         ;         ;         ;         ;         ;         ;         ;         
Fraction of males 15-24 on ART who are virologically suppressed (RNA count <1000 copies/ml);Mean;         ;         ;         ;         ;         ;         ;         ;         ;         ;         ;         ;         ;         ;         ;         ;         ;0.81472900;0.81489000;0.81489700;0.81475100;0.81430600;0.80924200;0.80690000;0.80287600;0.77105800;0.70882200;0.68422700;0.70566200;0.72672700;0.76562600;0.76732300;0.77679900;0.81298100;0.81504800;0.81936600;0.82790700;0.83467200;0.84172100;0.84944600;0.85374000;0.85448600;0.85567400;0.85708200;0.85867900;0.86035200;0.86201100;0.86394700;0.86612300;0.86868300;0.87153200;0.87401400;0.87548000;0.87617800;0.87676300;0.87727000;0.87768200;0.87811300;0.87835100;0.87861100;0.87885300;0.87907100;0.87921500;0.87929800;0.87933000;0.87932700;0.87930500;0.87928300;0.87927200;0.87928000;0.87930500;0.87934600;         ;         ;         ;         ;         ;         ;         ;         ;         ;         ;         ;         ;         ;         ;         
;95% LL;         ;         ;         ;         ;         ;         ;         ;         ;         ;         ;         ;         ;         ;         ;         ;         ;0.81447800;0.81465600;0.81467400;0.81452500;0.81404500;0.80886900;0.80642100;0.80229800;0.77038800;0.70804900;0.68327000;0.70455900;0.72564900;0.76464700;0.76624500;0.77582300;0.81196500;0.81400200;0.81840600;0.82696800;0.83390100;0.84115200;0.84902600;0.85336300;0.85411300;0.85527200;0.85665200;0.85824000;0.85991900;0.86159900;0.86354500;0.86572400;0.86831300;0.87118500;0.87367900;0.87516400;0.87587700;0.87647300;0.87697800;0.87738600;0.87781900;0.87805800;0.87832100;0.87856300;0.87878000;0.87892100;0.87899900;0.87902600;0.87901700;0.87899100;0.87896400;0.87894900;0.87894900;0.87896700;0.87899900;         ;         ;         ;         ;         ;         ;         ;         ;         ;         ;         ;         ;         ;         ;         
;95% UL;         ;         ;         ;         ;         ;         ;         ;         ;         ;         ;         ;         ;         ;         ;         ;         ;0.81499000;0.81515400;0.81516200;0.81501800;0.81457500;0.80960200;0.80739600;0.80340300;0.77170700;0.70962700;0.68524800;0.70693400;0.72804700;0.76669900;0.76831900;0.77779600;0.81390600;0.81591300;0.82023400;0.82867800;0.83532600;0.84225000;0.84989900;0.85416100;0.85490800;0.85614600;0.85760200;0.85922900;0.86089800;0.86253800;0.86444900;0.86661700;0.86914000;0.87195800;0.87439600;0.87583800;0.87652400;0.87710800;0.87760400;0.87801400;0.87844200;0.87868000;0.87893700;0.87918300;0.87940800;0.87956100;0.87964900;0.87968000;0.87969000;0.87967600;0.87965700;0.87964900;0.87966300;0.87969600;0.87973200;         ;         ;         ;         ;         ;         ;         ;         ;         ;         ;         ;         ;         ;         ;         
Fraction of females 15-24 on ART who are virologically suppressed (RNA count <1000 copies/ml);Mean;         ;         ;         ;         ;         ;         ;         ;         ;         ;         ;         ;         ;         ;         ;         ;         ;0.84154200;0.84175100;0.84188200;0.84196300;0.84196700;0.83787400;0.83649800;0.83390600;0.80706200;0.75384400;0.73546900;0.75848700;0.77972000;0.81612500;0.82219500;0.83315900;0.86470700;0.86801900;0.87249200;0.87949100;0.88493300;0.89045500;0.89601800;0.89892000;0.89912200;0.89964200;0.90037400;0.90126700;0.90223700;0.90324500;0.90435300;0.90555600;0.90684000;0.90815700;0.90926000;0.90987100;0.91011800;0.91031800;0.91050700;0.91066900;0.91077500;0.91080700;0.91081300;0.91080900;0.91080000;0.91076900;0.91072000;0.91066400;0.91060800;0.91055600;0.91051500;0.91049300;0.91048900;0.91050000;0.91052500;         ;         ;         ;         ;         ;         ;         ;         ;         ;         ;         ;         ;         ;         ;         
;95% LL;         ;         ;         ;         ;         ;         ;         ;         ;         ;         ;         ;         ;         ;         ;         ;         ;0.84132700;0.84152800;0.84167100;0.84176800;0.84176200;0.83761400;0.83617400;0.83350700;0.80653300;0.75305700;0.73436000;0.75741800;0.77864100;0.81504900;0.82097100;0.83195100;0.86368800;0.86701400;0.87148600;0.87850700;0.88399000;0.88959200;0.89526800;0.89824500;0.89853100;0.89914200;0.89987900;0.90073600;0.90168000;0.90269200;0.90383000;0.90506900;0.90639600;0.90773100;0.90888100;0.90950100;0.90974800;0.90994200;0.91012300;0.91029500;0.91040900;0.91044400;0.91045200;0.91044800;0.91044200;0.91042000;0.91038100;0.91032700;0.91026500;0.91021200;0.91017400;0.91014800;0.91014100;0.91015000;0.91017400;         ;         ;         ;         ;         ;         ;         ;         ;         ;         ;         ;         ;         ;         ;         
;95% UL;         ;         ;         ;         ;         ;         ;         ;         ;         ;         ;         ;         ;         ;         ;         ;         ;0.84176600;0.84195500;0.84207400;0.84214200;0.84216000;0.83812500;0.83681500;0.83429900;0.80759600;0.75464600;0.73655100;0.75953700;0.78079900;0.81722200;0.82353000;0.83442300;0.86579200;0.86901600;0.87346000;0.88040500;0.88573100;0.89115700;0.89662200;0.89944800;0.89963600;0.90011900;0.90085300;0.90174700;0.90275000;0.90378800;0.90490500;0.90609700;0.90735100;0.90860400;0.90966200;0.91025800;0.91049500;0.91068000;0.91085200;0.91099200;0.91107600;0.91110100;0.91111000;0.91111100;0.91109400;0.91105600;0.91100600;0.91095400;0.91090300;0.91085500;0.91082600;0.91080800;0.91080700;0.91082500;0.91085800;         ;         ;         ;         ;         ;         ;         ;         ;         ;         ;         ;         ;         ;         ;         
Fraction of 25-49-year olds on ART who are virologically suppressed (RNA count <1000 copies/ml);Mean;         ;         ;         ;         ;         ;         ;         ;         ;         ;         ;         ;         ;         ;         ;         ;         ;0.86676600;0.86742800;0.86807700;0.86876000;0.86864100;0.86527100;0.86436000;0.86249800;0.83984000;0.79242500;0.77313300;0.79007500;0.80806600;0.84217100;0.84633000;0.85560000;0.88123800;0.88483400;0.89076900;0.89903900;0.90609700;0.91280300;0.91916500;0.92290300;0.92405200;0.92514100;0.92617400;0.92715100;0.92807800;0.92894400;0.92971900;0.93041500;0.93103200;0.93157900;0.93209300;0.93261500;0.93311500;0.93355800;0.93394100;0.93427200;0.93457400;0.93484500;0.93509500;0.93532800;0.93554800;0.93576200;0.93597900;0.93621000;0.93648600;0.93679700;0.93713100;0.93749200;0.93786200;0.93824200;0.93860600;         ;         ;         ;         ;         ;         ;         ;         ;         ;         ;         ;         ;         ;         ;         
;95% LL;         ;         ;         ;         ;         ;         ;         ;         ;         ;         ;         ;         ;         ;         ;         ;         ;0.86614800;0.86680300;0.86747500;0.86816000;0.86809100;0.86475200;0.86386300;0.86200300;0.83929700;0.79178700;0.77242700;0.78931700;0.80727300;0.84145900;0.84558400;0.85486400;0.88058700;0.88418700;0.89012700;0.89841400;0.90548900;0.91221700;0.91860400;0.92236000;0.92351600;0.92461700;0.92566800;0.92666800;0.92762200;0.92851900;0.92931900;0.93004000;0.93068500;0.93126300;0.93180800;0.93235100;0.93288500;0.93334200;0.93374200;0.93409000;0.93439900;0.93468300;0.93493700;0.93515800;0.93536500;0.93556900;0.93577700;0.93600100;0.93627200;0.93658000;0.93691400;0.93727600;0.93764500;0.93802000;0.93838200;         ;         ;         ;         ;         ;         ;         ;         ;         ;         ;         ;         ;         ;         ;         
;95% UL;         ;         ;         ;         ;         ;         ;         ;         ;         ;         ;         ;         ;         ;         ;         ;         ;0.86725700;0.86790500;0.86853300;0.86918900;0.86908200;0.86573200;0.86479300;0.86290800;0.84031000;0.79304900;0.77387500;0.79082500;0.80876900;0.84278400;0.84698500;0.85628100;0.88179300;0.88536400;0.89131800;0.89955600;0.90658600;0.91323500;0.91956400;0.92329200;0.92444200;0.92552800;0.92655100;0.92751500;0.92842900;0.92927700;0.93004400;0.93072700;0.93131700;0.93184600;0.93234100;0.93284600;0.93332900;0.93375600;0.93414500;0.93448800;0.93480400;0.93507400;0.93534200;0.93559100;0.93582600;0.93605400;0.93628400;0.93652500;0.93680800;0.93712400;0.93746000;0.93781800;0.93818300;0.93855300;0.93890300;         ;         ;         ;         ;         ;         ;         ;         ;         ;         ;         ;         ;         ;         ;         
Fraction of men aged 25-49 on ART who are virologically suppressed (RNA count <1000 copies/ml);Mean;         ;         ;         ;         ;         ;         ;         ;         ;         ;         ;         ;         ;         ;         ;         ;         ;0.85888200;0.85939100;0.85984800;0.86030600;0.85959500;0.85542900;0.85381500;0.85122200;0.82650200;0.77534700;0.75397500;0.77127700;0.79029700;0.82654900;0.83064000;0.84044700;0.86830100;0.87218300;0.87858300;0.88757800;0.89520000;0.90243300;0.90931900;0.91330300;0.91440800;0.91542700;0.91636600;0.91721900;0.91798900;0.91866700;0.91920700;0.91962700;0.91993500;0.92014600;0.92032700;0.92054900;0.92077100;0.92094100;0.92105800;0.92114000;0.92122000;0.92130200;0.92140200;0.92152200;0.92166300;0.92183800;0.92205200;0.92231900;0.92266100;0.92306400;0.92351400;0.92399600;0.92448900;0.92498400;0.92546700;         ;         ;         ;         ;         ;         ;         ;         ;         ;         ;         ;         ;         ;         ;         
;95% LL;         ;         ;         ;         ;         ;         ;         ;         ;         ;         ;         ;         ;         ;         ;         ;         ;0.85788700;0.85839000;0.85886900;0.85937100;0.85874300;0.85463700;0.85306600;0.85050900;0.82574500;0.77445400;0.75302000;0.77027400;0.78928700;0.82564200;0.82969000;0.83942800;0.86734200;0.87119300;0.87760100;0.88662200;0.89426900;0.90153700;0.90846700;0.91248500;0.91361100;0.91466100;0.91563900;0.91653800;0.91735600;0.91808100;0.91871500;0.91919500;0.91957800;0.91986000;0.92009900;0.92033400;0.92053400;0.92065400;0.92072700;0.92077500;0.92083200;0.92090400;0.92100300;0.92111100;0.92124800;0.92143400;0.92165500;0.92192900;0.92228200;0.92269000;0.92315200;0.92365000;0.92415600;0.92466200;0.92515700;         ;         ;         ;         ;         ;         ;         ;         ;         ;         ;         ;         ;         ;         ;         
;95% UL;         ;         ;         ;         ;         ;         ;         ;         ;         ;         ;         ;         ;         ;         ;         ;         ;0.85971600;0.86020100;0.86061800;0.86105900;0.86037100;0.85621400;0.85457600;0.85194400;0.82724200;0.77610100;0.75468600;0.77206100;0.79116500;0.82736000;0.83152600;0.84135800;0.86914600;0.87304300;0.87943000;0.88839400;0.89598500;0.90318100;0.91002200;0.91397200;0.91505600;0.91604600;0.91695000;0.91776200;0.91848800;0.91911700;0.91960400;0.91997100;0.92023400;0.92042700;0.92068200;0.92096900;0.92124500;0.92146300;0.92161900;0.92172800;0.92182400;0.92191000;0.92200200;0.92210600;0.92222300;0.92236500;0.92254100;0.92276300;0.92306600;0.92345100;0.92389900;0.92436200;0.92483500;0.92531200;0.92577700;         ;         ;         ;         ;         ;         ;         ;         ;         ;         ;         ;         ;         ;         ;         
Fraction of women aged 25-49 on ART who are virologically suppressed (RNA count <1000 copies/ml);Mean;         ;         ;         ;         ;         ;         ;         ;         ;         ;         ;         ;         ;         ;         ;         ;         ;0.87122100;0.87160800;0.87202900;0.87250100;0.87249500;0.86935600;0.86866700;0.86705900;0.84520100;0.79940300;0.78120900;0.79814500;0.81583300;0.84898300;0.85313100;0.86219700;0.88693600;0.89043300;0.89616100;0.90413700;0.91093200;0.91738400;0.92351200;0.92712800;0.92828300;0.92938100;0.93043000;0.93142900;0.93238300;0.93328400;0.93410800;0.93486400;0.93555100;0.93617400;0.93676100;0.93734000;0.93789000;0.93838700;0.93882600;0.93921700;0.93957200;0.93989300;0.94018800;0.94045800;0.94070700;0.94094300;0.94117200;0.94140500;0.94167100;0.94196100;0.94226600;0.94258800;0.94291600;0.94324800;0.94356200;         ;         ;         ;         ;         ;         ;         ;         ;         ;         ;         ;         ;         ;         ;         
;95% LL;         ;         ;         ;         ;         ;         ;         ;         ;         ;         ;         ;         ;         ;         ;         ;         ;0.87071300;0.87107600;0.87149200;0.87198600;0.87200000;0.86884500;0.86817200;0.86656000;0.84462400;0.79869100;0.78037600;0.79727800;0.81497700;0.84821200;0.85231500;0.86139300;0.88620800;0.88967900;0.89542100;0.90343800;0.91024600;0.91674400;0.92290700;0.92654500;0.92771000;0.92882200;0.92988700;0.93090600;0.93187700;0.93280000;0.93364800;0.93442700;0.93513700;0.93578600;0.93639900;0.93700400;0.93758100;0.93810600;0.93857300;0.93899400;0.93936800;0.93970700;0.94000500;0.94027800;0.94053400;0.94079100;0.94103300;0.94127900;0.94155200;0.94185700;0.94216400;0.94248600;0.94281500;0.94315000;0.94347000;         ;         ;         ;         ;         ;         ;         ;         ;         ;         ;         ;         ;         ;         ;         
;95% UL;         ;         ;         ;         ;         ;         ;         ;         ;         ;         ;         ;         ;         ;         ;         ;         ;0.87159800;0.87196700;0.87241700;0.87288800;0.87287000;0.86975300;0.86910800;0.86754300;0.84578100;0.80016500;0.78209300;0.79902500;0.81667800;0.84976600;0.85393800;0.86300400;0.88763800;0.89114300;0.89686700;0.90481100;0.91158500;0.91800900;0.92410400;0.92769800;0.92884600;0.92993900;0.93097900;0.93196600;0.93290600;0.93379000;0.93459800;0.93532200;0.93597500;0.93658200;0.93714100;0.93769100;0.93822300;0.93869700;0.93912500;0.93948300;0.93980900;0.94010600;0.94036900;0.94063000;0.94086600;0.94110200;0.94133700;0.94157700;0.94184800;0.94214100;0.94244700;0.94276700;0.94309000;0.94341300;0.94371700;         ;         ;         ;         ;         ;         ;         ;         ;         ;         ;         ;         ;         ;         ;         
Fraction of adults aged 50+ on ART who are virologically suppressed (RNA count <1000 copies/ml);Mean;         ;         ;         ;         ;         ;         ;         ;         ;         ;         ;         ;         ;         ;         ;         ;         ;0.89730600;0.89763800;0.89795000;0.89826200;0.89849000;0.89567200;0.89474500;0.89295000;0.87397500;0.83358600;0.81574900;0.82828700;0.84231100;0.87035600;0.87229600;0.87868200;0.89922400;0.90095400;0.90495400;0.91122100;0.91659400;0.92178600;0.92679700;0.92949500;0.92986300;0.93021500;0.93055700;0.93089400;0.93123400;0.93158700;0.93196700;0.93238100;0.93283400;0.93332500;0.93384800;0.93439400;0.93496200;0.93553700;0.93611200;0.93668200;0.93724200;0.93779100;0.93832200;0.93883300;0.93932300;0.93979100;0.94023400;0.94065100;0.94103600;0.94139400;0.94172900;0.94204400;0.94234400;0.94263000;0.94291000;         ;         ;         ;         ;         ;         ;         ;         ;         ;         ;         ;         ;         ;         ;         
;95% LL;         ;         ;         ;         ;         ;         ;         ;         ;         ;         ;         ;         ;         ;         ;         ;         ;0.89702200;0.89733300;0.89762900;0.89792900;0.89812900;0.89527900;0.89433900;0.89253800;0.87351200;0.83301700;0.81512800;0.82765600;0.84169700;0.86983900;0.87178300;0.87818700;0.89878800;0.90051300;0.90451100;0.91078200;0.91618800;0.92141900;0.92644200;0.92914500;0.92950800;0.92985700;0.93019800;0.93053500;0.93087300;0.93122000;0.93160200;0.93201700;0.93247500;0.93296100;0.93348500;0.93403200;0.93460200;0.93517900;0.93576700;0.93635200;0.93692500;0.93747600;0.93800600;0.93851500;0.93900900;0.93948100;0.93992600;0.94034500;0.94073200;0.94109300;0.94143600;0.94176300;0.94207600;0.94237600;0.94266100;         ;         ;         ;         ;         ;         ;         ;         ;         ;         ;         ;         ;         ;         ;         
;95% UL;         ;         ;         ;         ;         ;         ;         ;         ;         ;         ;         ;         ;         ;         ;         ;         ;0.89773400;0.89806700;0.89837200;0.89867200;0.89887700;0.89605900;0.89512000;0.89331200;0.87437000;0.83406000;0.81627500;0.82887500;0.84291900;0.87088500;0.87282500;0.87918800;0.89966600;0.90139800;0.90538800;0.91163600;0.91699000;0.92216200;0.92715100;0.92983700;0.93020000;0.93054700;0.93088300;0.93121800;0.93154900;0.93190400;0.93228300;0.93268900;0.93312600;0.93361200;0.93412300;0.93465700;0.93521300;0.93577600;0.93633900;0.93691700;0.93748300;0.93803200;0.93856200;0.93907000;0.93955500;0.94002400;0.94047300;0.94089600;0.94128500;0.94164800;0.94198900;0.94231000;0.94261600;0.94290900;0.94319100;         ;         ;         ;         ;         ;         ;         ;         ;         ;         ;         ;         ;         ;         ;         
Fraction of men aged 50+ on ART who are virologically suppressed (RNA count <1000 copies/ml);Mean;         ;         ;         ;         ;         ;         ;         ;         ;         ;         ;         ;         ;         ;         ;         ;         ;0.89001000;0.89000100;0.88997000;0.88993100;0.88980300;0.88626800;0.88474800;0.88233100;0.86132200;0.81727600;0.79761500;0.81029100;0.82488300;0.85503700;0.85678100;0.86354900;0.88612600;0.88790400;0.89224700;0.89918800;0.90513300;0.91090800;0.91652600;0.91956100;0.91999100;0.92042200;0.92085800;0.92130500;0.92176400;0.92224600;0.92275600;0.92330000;0.92387700;0.92448200;0.92510500;0.92573600;0.92637200;0.92699700;0.92760600;0.92819600;0.92876500;0.92930900;0.92982600;0.93031400;0.93077300;0.93120100;0.93159800;0.93195900;0.93228500;0.93257800;0.93284000;0.93307700;0.93329300;0.93349200;0.93367900;         ;         ;         ;         ;         ;         ;         ;         ;         ;         ;         ;         ;         ;         ;         
;95% LL;         ;         ;         ;         ;         ;         ;         ;         ;         ;         ;         ;         ;         ;         ;         ;         ;0.88984900;0.88984300;0.88982000;0.88979400;0.88969500;0.88616400;0.88464200;0.88222100;0.86119000;0.81708800;0.79730800;0.80977500;0.82422400;0.85438700;0.85603900;0.86273900;0.88533400;0.88705200;0.89137700;0.89833000;0.90430300;0.91011600;0.91578100;0.91884900;0.91929500;0.91974700;0.92020900;0.92068300;0.92117200;0.92168500;0.92223000;0.92279000;0.92337300;0.92398600;0.92461800;0.92524000;0.92586700;0.92650000;0.92712100;0.92772500;0.92830600;0.92884800;0.92937500;0.92988200;0.93035700;0.93080000;0.93121100;0.93158700;0.93192800;0.93223800;0.93251800;0.93277400;0.93301000;0.93323000;0.93343400;         ;         ;         ;         ;         ;         ;         ;         ;         ;         ;         ;         ;         ;         ;         
;95% UL;         ;         ;         ;         ;         ;         ;         ;         ;         ;         ;         ;         ;         ;         ;         ;         ;0.89015200;0.89014300;0.89010800;0.89006400;0.88993000;0.88641500;0.88491300;0.88251600;0.86153400;0.81754900;0.79796800;0.81081600;0.82550500;0.85561600;0.85740400;0.86419100;0.88672700;0.88850800;0.89283100;0.89976200;0.90568300;0.91142000;0.91701500;0.92004800;0.92047200;0.92089900;0.92133100;0.92178600;0.92224700;0.92274100;0.92326400;0.92381300;0.92440600;0.92501900;0.92563100;0.92625300;0.92687800;0.92749300;0.92809200;0.92867300;0.92923200;0.92976800;0.93027700;0.93075700;0.93120700;0.93162600;0.93201200;0.93236200;0.93267500;0.93295600;0.93320500;0.93342800;0.93363000;0.93381500;0.93398600;         ;         ;         ;         ;         ;         ;         ;         ;         ;         ;         ;         ;         ;         ;         
Fraction of women aged 50+ on ART who are virologically suppressed (RNA count <1000 copies/ml);Mean;         ;         ;         ;         ;         ;         ;         ;         ;         ;         ;         ;         ;         ;         ;         ;         ;0.90844900;0.90845400;0.90843400;0.90840100;0.90832800;0.90537100;0.90412500;0.90211500;0.88417000;0.84602400;0.82897400;0.84075800;0.85380100;0.88001300;0.88173500;0.88764500;0.90681900;0.90837300;0.91205100;0.91785600;0.92282000;0.92762100;0.93225600;0.93472900;0.93502200;0.93529200;0.93554400;0.93578400;0.93602000;0.93626500;0.93653100;0.93683100;0.93717000;0.93755000;0.93796800;0.93841500;0.93888900;0.93937800;0.93987200;0.94036800;0.94086000;0.94134400;0.94181600;0.94227300;0.94271200;0.94313300;0.94353500;0.94391400;0.94426400;0.94459100;0.94490000;0.94519200;0.94547300;0.94574400;0.94601100;         ;         ;         ;         ;         ;         ;         ;         ;         ;         ;         ;         ;         ;         ;         
;95% LL;         ;         ;         ;         ;         ;         ;         ;         ;         ;         ;         ;         ;         ;         ;         ;         ;0.90832700;0.90833200;0.90831600;0.90828800;0.90822300;0.90526000;0.90401100;0.90199400;0.88401900;0.84580900;0.82866900;0.84031900;0.85328800;0.87953100;0.88121000;0.88710500;0.90633000;0.90787300;0.91155900;0.91738700;0.92235500;0.92717000;0.93182000;0.93429900;0.93459100;0.93486400;0.93511800;0.93536100;0.93559300;0.93583200;0.93610200;0.93640200;0.93674300;0.93712600;0.93754700;0.93799900;0.93847900;0.93897200;0.93947100;0.93997000;0.94046600;0.94095600;0.94143200;0.94189100;0.94233400;0.94275900;0.94316400;0.94354700;0.94390100;0.94424500;0.94455900;0.94485800;0.94515100;0.94543500;0.94571500;         ;         ;         ;         ;         ;         ;         ;         ;         ;         ;         ;         ;         ;         ;         
;95% UL;         ;         ;         ;         ;         ;         ;         ;         ;         ;         ;         ;         ;         ;         ;         ;         ;0.90855400;0.90856100;0.90853200;0.90849400;0.90841300;0.90546900;0.90422500;0.90222500;0.88431600;0.84623900;0.82927400;0.84113600;0.85421900;0.88042700;0.88220200;0.88813100;0.90726400;0.90883200;0.91251700;0.91830700;0.92325700;0.92803900;0.93264600;0.93510200;0.93538800;0.93565600;0.93592000;0.93617000;0.93641100;0.93665700;0.93692200;0.93721600;0.93754900;0.93792000;0.93832700;0.93876300;0.93922600;0.93971800;0.94021800;0.94072000;0.94121800;0.94170800;0.94218500;0.94264600;0.94309000;0.94349800;0.94388600;0.94426800;0.94460700;0.94493800;0.94524800;0.94554000;0.94582000;0.94608600;0.94634100;         ;         ;         ;         ;         ;         ;         ;         ;         ;         ;         ;         ;         ;         ;         
Fraction of ART patients with undetectable VL (RNA count <50 copies/ml);Mean;         ;         ;         ;         ;         ;         ;         ;         ;         ;         ;         ;         ;         ;         ;         ;         ;0.59066500;0.59433000;0.59785500;0.60079200;0.59826400;0.59501500;0.59841600;0.59747000;0.54467800;0.44810800;0.41270100;0.44318600;0.47897400;0.54956800;0.55824500;0.58046500;0.64161400;0.65074300;0.66619600;0.68773500;0.70689900;0.72545700;0.74343000;0.75435900;0.75805900;0.76150900;0.76462100;0.76759800;0.77048300;0.77320700;0.77580400;0.77826500;0.78061300;0.78285700;0.78500000;0.78704400;0.78899200;0.79085100;0.79263000;0.79433500;0.79597100;0.79754500;0.79905900;0.80052000;0.80193100;0.80329600;0.80461800;0.80589900;0.80714200;0.80835200;0.80952900;0.81067400;0.81178800;0.81287200;0.81392500;         ;         ;         ;         ;         ;         ;         ;         ;         ;         ;         ;         ;         ;         ;         
;95% LL;         ;         ;         ;         ;         ;         ;         ;         ;         ;         ;         ;         ;         ;         ;         ;         ;0.58908100;0.59277100;0.59635500;0.59931600;0.59685400;0.59360800;0.59700300;0.59600900;0.54329400;0.44667500;0.41105400;0.44153200;0.47725900;0.54784000;0.55645600;0.57866500;0.63990600;0.64904100;0.66453200;0.68613100;0.70534200;0.72399600;0.74206200;0.75306500;0.75676900;0.76023600;0.76336800;0.76639800;0.76933400;0.77209000;0.77473900;0.77725000;0.77963500;0.78192100;0.78410700;0.78619300;0.78817900;0.79007400;0.79188500;0.79362000;0.79527900;0.79687000;0.79840300;0.79987100;0.80130300;0.80268300;0.80401300;0.80530100;0.80654900;0.80776300;0.80894200;0.81009200;0.81121400;0.81230600;0.81336800;         ;         ;         ;         ;         ;         ;         ;         ;         ;         ;         ;         ;         ;         ;         
;95% UL;         ;         ;         ;         ;         ;         ;         ;         ;         ;         ;         ;         ;         ;         ;         ;         ;0.59195400;0.59557800;0.59907400;0.60200600;0.59947500;0.59616700;0.59958000;0.59864500;0.54604200;0.44970200;0.41446000;0.44505000;0.48084200;0.55130800;0.55991900;0.58201300;0.64304500;0.65222400;0.66764400;0.68910900;0.70819100;0.72665100;0.74456400;0.75543600;0.75908000;0.76247800;0.76555600;0.76850200;0.77135600;0.77405000;0.77661900;0.77905200;0.78137300;0.78359200;0.78569300;0.78769400;0.78960200;0.79142300;0.79317500;0.79487200;0.79650300;0.79806600;0.79956000;0.80101600;0.80240200;0.80375200;0.80506900;0.80636500;0.80762700;0.80885500;0.81005000;0.81121300;0.81234400;0.81344300;0.81451100;         ;         ;         ;         ;         ;         ;         ;         ;         ;         ;         ;         ;         ;         ;         
Fraction of men on ART with undetectable VL (RNA count <50 copies/ml);Mean;         ;         ;         ;         ;         ;         ;         ;         ;         ;         ;         ;         ;         ;         ;         ;         ;0.59920300;0.60182200;0.60408400;0.60617700;0.60438500;0.59527500;0.59213600;0.58674300;0.53287600;0.43202800;0.39385200;0.42353600;0.45823300;0.53067600;0.53853800;0.55875800;0.62144900;0.62963200;0.64421100;0.66562800;0.68420300;0.70236500;0.72018800;0.73061100;0.73347300;0.73632100;0.73907500;0.74171900;0.74427800;0.74673900;0.74910000;0.75136500;0.75353900;0.75562200;0.75761700;0.75952400;0.76134200;0.76307900;0.76474200;0.76633700;0.76786900;0.76934200;0.77076100;0.77213000;0.77345500;0.77473600;0.77597600;0.77717600;0.77834000;0.77947000;0.78056500;0.78162700;0.78265200;0.78364100;0.78459000;         ;         ;         ;         ;         ;         ;         ;         ;         ;         ;         ;         ;         ;         ;         
;95% LL;         ;         ;         ;         ;         ;         ;         ;         ;         ;         ;         ;         ;         ;         ;         ;         ;0.59628600;0.59905600;0.60142900;0.60362500;0.60189800;0.59292200;0.58994800;0.58464300;0.53082100;0.43009900;0.39194300;0.42155200;0.45619100;0.52862700;0.53638500;0.55653500;0.61930200;0.62742300;0.64195500;0.66342200;0.68206700;0.70033700;0.71830800;0.72883400;0.73174700;0.73467200;0.73750900;0.74023800;0.74288400;0.74541100;0.74783700;0.75016500;0.75241600;0.75456200;0.75660800;0.75856200;0.76042500;0.76222700;0.76393200;0.76556300;0.76713800;0.76864700;0.77010800;0.77150500;0.77285700;0.77416600;0.77543200;0.77666300;0.77783500;0.77898300;0.78009900;0.78118100;0.78222800;0.78323700;0.78420700;         ;         ;         ;         ;         ;         ;         ;         ;         ;         ;         ;         ;         ;         ;         
;95% UL;         ;         ;         ;         ;         ;         ;         ;         ;         ;         ;         ;         ;         ;         ;         ;         ;0.60153200;0.60405100;0.60625500;0.60838900;0.60672900;0.59765900;0.59448000;0.58898700;0.53505000;0.43397800;0.39533500;0.42528400;0.46017000;0.53261200;0.54054900;0.56085300;0.62338200;0.63162900;0.64624700;0.66766800;0.68620100;0.70427000;0.72201000;0.73235800;0.73516300;0.73793900;0.74061000;0.74316100;0.74561700;0.74797900;0.75025400;0.75246700;0.75456700;0.75657600;0.75850200;0.76034600;0.76210600;0.76378900;0.76540200;0.76695100;0.76843900;0.76987300;0.77125500;0.77259000;0.77388200;0.77517600;0.77642900;0.77763900;0.77881100;0.77994600;0.78104700;0.78211300;0.78314300;0.78413600;0.78509200;         ;         ;         ;         ;         ;         ;         ;         ;         ;         ;         ;         ;         ;         ;         
Fraction of women on ART with undetectable VL (RNA count <50 copies/ml);Mean;         ;         ;         ;         ;         ;         ;         ;         ;         ;         ;         ;         ;         ;         ;         ;         ;0.61444500;0.61808400;0.62139000;0.62445200;0.62453200;0.61820300;0.61799200;0.61556900;0.56619500;0.47095700;0.43713000;0.47001200;0.50623900;0.57832900;0.58793500;0.60871800;0.66853100;0.67698900;0.69122400;0.71151900;0.72911600;0.74617000;0.76273200;0.77254900;0.77556400;0.77849500;0.78130500;0.78398800;0.78656400;0.78902200;0.79136700;0.79360400;0.79573800;0.79777400;0.79971600;0.80156700;0.80332900;0.80500900;0.80661200;0.80814500;0.80961300;0.81101800;0.81236600;0.81366000;0.81490600;0.81610500;0.81726200;0.81837800;0.81945900;0.82050800;0.82152700;0.82251800;0.82348300;0.82442300;0.82533800;         ;         ;         ;         ;         ;         ;         ;         ;         ;         ;         ;         ;         ;         ;         
;95% LL;         ;         ;         ;         ;         ;         ;         ;         ;         ;         ;         ;         ;         ;         ;         ;         ;0.61270700;0.61639200;0.61974500;0.62282600;0.62290100;0.61658900;0.61640900;0.61397600;0.56448700;0.46913800;0.43516400;0.46801400;0.50417600;0.57632100;0.58590400;0.60665700;0.66655200;0.67504800;0.68930700;0.70965400;0.72730700;0.74443500;0.76110700;0.77101000;0.77405700;0.77701800;0.77986000;0.78258200;0.78520700;0.78771400;0.79008400;0.79233800;0.79450900;0.79656900;0.79854700;0.80042000;0.80222500;0.80395100;0.80560500;0.80719000;0.80868200;0.81011100;0.81148800;0.81279600;0.81407200;0.81528300;0.81646300;0.81760800;0.81871500;0.81978000;0.82080700;0.82180700;0.82278000;0.82372800;0.82465400;         ;         ;         ;         ;         ;         ;         ;         ;         ;         ;         ;         ;         ;         ;         
;95% UL;         ;         ;         ;         ;         ;         ;         ;         ;         ;         ;         ;         ;         ;         ;         ;         ;0.61608600;0.61969400;0.62295000;0.62593900;0.62593600;0.61958700;0.61945300;0.61717400;0.56801400;0.47303800;0.43937400;0.47231000;0.50849900;0.58042000;0.58995600;0.61059000;0.67021600;0.67871200;0.69291100;0.71316300;0.73071800;0.74773300;0.76423200;0.77399300;0.77698700;0.77989000;0.78267300;0.78532000;0.78785500;0.79028000;0.79260100;0.79480900;0.79687500;0.79885100;0.80075800;0.80257400;0.80430400;0.80594600;0.80751500;0.80903500;0.81049000;0.81188500;0.81322400;0.81450900;0.81572900;0.81690900;0.81806000;0.81917100;0.82024600;0.82128900;0.82230100;0.82328600;0.82424400;0.82517600;0.82607500;         ;         ;         ;         ;         ;         ;         ;         ;         ;         ;         ;         ;         ;         ;         
Fraction of children on ART with undetectable VL (RNA count <50 copies/ml);Mean;         ;         ;         ;         ;         ;         ;         ;         ;         ;         ;         ;         ;         ;         ;         ;         ;0.40279000;0.40279000;0.40279000;0.40279000;0.40279000;0.44031900;0.47561700;0.49000900;0.41219500;0.32120200;0.28362200;0.26048900;0.27536600;0.29823800;0.27054900;0.29769700;0.32870500;0.31906200;0.33074700;0.34274900;0.35507300;0.36772700;0.38071600;0.39404800;0.40772800;0.42176500;0.42176500;0.42176500;0.42176500;0.42176500;0.42176500;0.42176500;0.42176500;0.42176500;0.42176500;0.42176500;0.42176500;0.42176500;0.42176500;0.42176500;0.42176500;0.42176500;0.42176500;0.42176500;0.42176500;0.42176500;0.42176500;0.42176500;0.42176500;0.42176500;0.42176500;0.42176500;0.42176500;0.42176500;0.42176500;         ;         ;         ;         ;         ;         ;         ;         ;         ;         ;         ;         ;         ;         ;         
;95% LL;         ;         ;         ;         ;         ;         ;         ;         ;         ;         ;         ;         ;         ;         ;         ;         ;0.40279000;0.40279000;0.40279000;0.40279000;0.40279000;0.44031900;0.47561700;0.49000900;0.41219500;0.32120200;0.28362200;0.26048900;0.27536600;0.29823800;0.27054900;0.29769700;0.32870500;0.31906200;0.33074700;0.34274900;0.35507300;0.36772700;0.38071600;0.39404800;0.40772800;0.42176500;0.42176500;0.42176500;0.42176500;0.42176500;0.42176500;0.42176500;0.42176500;0.42176500;0.42176500;0.42176500;0.42176500;0.42176500;0.42176500;0.42176500;0.42176500;0.42176500;0.42176500;0.42176500;0.42176500;0.42176500;0.42176500;0.42176500;0.42176500;0.42176500;0.42176500;0.42176500;0.42176500;0.42176500;0.42176500;         ;         ;         ;         ;         ;         ;         ;         ;         ;         ;         ;         ;         ;         ;         
;95% UL;         ;         ;         ;         ;         ;         ;         ;         ;         ;         ;         ;         ;         ;         ;         ;         ;0.40279000;0.40279000;0.40279000;0.40279000;0.40279000;0.44031900;0.47561700;0.49000900;0.41219500;0.32120200;0.28362200;0.26048900;0.27536600;0.29823800;0.27054900;0.29769700;0.32870500;0.31906200;0.33074700;0.34274900;0.35507300;0.36772700;0.38071600;0.39404800;0.40772800;0.42176500;0.42176500;0.42176500;0.42176500;0.42176500;0.42176500;0.42176500;0.42176500;0.42176500;0.42176500;0.42176500;0.42176500;0.42176500;0.42176500;0.42176500;0.42176500;0.42176500;0.42176500;0.42176500;0.42176500;0.42176500;0.42176500;0.42176500;0.42176500;0.42176500;0.42176500;0.42176500;0.42176500;0.42176500;0.42176500;         ;         ;         ;         ;         ;         ;         ;         ;         ;         ;         ;         ;         ;         ;         
;;         ;         ;         ;         ;         ;         ;         ;         ;         ;         ;         ;         ;         ;         ;         ;         ;         ;         ;         ;         ;         ;         ;         ;         ;         ;         ;         ;         ;         ;         ;         ;         ;         ;         ;         ;         ;         ;         ;         ;         ;         ;         ;         ;         ;         ;         ;         ;         ;         ;         ;         ;         ;         ;         ;         ;         ;         ;         ;         ;         ;         ;         ;         ;         ;         ;         ;         ;         ;         ;         ;         ;         ;         ;         ;         ;         ;         ;         ;         ;         ;         ;         ;         ;         ;         ;         
HIV testing and other 90-90-90 indicators;;         ;         ;         ;         ;         ;         ;         ;         ;         ;         ;         ;         ;         ;         ;         ;         ;         ;         ;         ;         ;         ;         ;         ;         ;         ;         ;         ;         ;         ;         ;         ;         ;         ;         ;         ;         ;         ;         ;         ;         ;         ;         ;         ;         ;         ;         ;         ;         ;         ;         ;         ;         ;         ;         ;         ;         ;         ;         ;         ;         ;         ;         ;         ;         ;         ;         ;         ;         ;         ;         ;         ;         ;         ;         ;         ;         ;         ;         ;         ;         ;         ;         ;         ;         ;         ;         
;;         ;         ;         ;         ;         ;         ;         ;         ;         ;         ;         ;         ;         ;         ;         ;         ;         ;         ;         ;         ;         ;         ;         ;         ;         ;         ;         ;         ;         ;         ;         ;         ;         ;         ;         ;         ;         ;         ;         ;         ;         ;         ;         ;         ;         ;         ;         ;         ;         ;         ;         ;         ;         ;         ;         ;         ;         ;         ;         ;         ;         ;         ;         ;         ;         ;         ;         ;         ;         ;         ;         ;         ;         ;         ;         ;         ;         ;         ;         ;         ;         ;         ;         ;         ;         ;         
Total HIV tests performed in adults (15+);Mean;7.25045000;18.72450000;44.82760000;106.64800000;251.66300000;575.85000000;126403.00000000;253085.00000000;380082.00000000;507249.00000000;634439.00000000;761522.00000000;888544.00000000;1015330.00000000;1141710.00000000;1267340.00000000;1392630.00000000;1516890.00000000;1646670.00000000;1774580.00000000;2202320.00000000;2435790.00000000;2763900.00000000;3463720.00000000;7794210.00000000;10673500.00000000;9804700.00000000;10037100.00000000;8350810.00000000;9687580.00000000;12482000.00000000;13583100.00000000;12955100.00000000;13765900.00000000;17434800.00000000;12669700.00000000;15260700.00000000;16082700.00000000;16980300.00000000;17867000.00000000;18242300.00000000;18618700.00000000;18997600.00000000;19391100.00000000;19797400.00000000;20203900.00000000;20606600.00000000;21003000.00000000;21382400.00000000;21746300.00000000;22095600.00000000;22430000.00000000;22750100.00000000;23057100.00000000;23352400.00000000;23637300.00000000;23913400.00000000;24181700.00000000;24443100.00000000;24697400.00000000;24944500.00000000;25184600.00000000;25417800.00000000;25644400.00000000;25864600.00000000;26078600.00000000;26286600.00000000;26488900.00000000;26685400.00000000;26875900.00000000;27060300.00000000;         ;         ;         ;         ;         ;         ;         ;         ;         ;         ;         ;         ;         ;         ;         
;95% LL;2.30645000;6.33541000;17.11980000;47.18850000;131.53900000;341.42800000;126309.00000000;252960.00000000;379937.00000000;507117.00000000;634353.00000000;761372.00000000;888289.00000000;1015000.00000000;1141270.00000000;1266810.00000000;1391980.00000000;1516160.00000000;1645890.00000000;1773710.00000000;2200890.00000000;2433920.00000000;2761790.00000000;3461710.00000000;7791210.00000000;10670100.00000000;9801510.00000000;10034900.00000000;8349350.00000000;9686230.00000000;12480100.00000000;13581100.00000000;12951400.00000000;13758400.00000000;17423300.00000000;12655900.00000000;15245000.00000000;16065300.00000000;16897000.00000000;17742500.00000000;18105300.00000000;18469300.00000000;18838600.00000000;19223900.00000000;19627600.00000000;20033200.00000000;20434900.00000000;20828600.00000000;21206500.00000000;21569200.00000000;21918800.00000000;22253100.00000000;22572300.00000000;22881400.00000000;23176600.00000000;23460300.00000000;23734500.00000000;24003600.00000000;24266100.00000000;24519500.00000000;24764300.00000000;25006700.00000000;25245800.00000000;25472400.00000000;25689200.00000000;25900400.00000000;26109500.00000000;26312800.00000000;26506600.00000000;26699100.00000000;26879200.00000000;         ;         ;         ;         ;         ;         ;         ;         ;         ;         ;         ;         ;         ;         ;         
;95% UL;11.05830000;28.74590000;69.49900000;166.19900000;388.69400000;863.33300000;126518.00000000;253233.00000000;380235.00000000;507378.00000000;634566.00000000;761651.00000000;888722.00000000;1015600.00000000;1142080.00000000;1267800.00000000;1393180.00000000;1517550.00000000;1647440.00000000;1775500.00000000;2203910.00000000;2437960.00000000;2766230.00000000;3465710.00000000;7796820.00000000;10676300.00000000;9807360.00000000;10038700.00000000;8351840.00000000;9688500.00000000;12483300.00000000;13584400.00000000;12957300.00000000;13769500.00000000;17439600.00000000;12676100.00000000;15269300.00000000;16093000.00000000;17052900.00000000;17968000.00000000;18347700.00000000;18727900.00000000;19110800.00000000;19509300.00000000;19917500.00000000;20325000.00000000;20728300.00000000;21125100.00000000;21506000.00000000;21871600.00000000;22222300.00000000;22557800.00000000;22878600.00000000;23186000.00000000;23480800.00000000;23764000.00000000;24037900.00000000;24304200.00000000;24565500.00000000;24819800.00000000;25066900.00000000;25307000.00000000;25543800.00000000;25773000.00000000;25993700.00000000;26207300.00000000;26414400.00000000;26615800.00000000;26810700.00000000;27001800.00000000;27186800.00000000;         ;         ;         ;         ;         ;         ;         ;         ;         ;         ;         ;         ;         ;         ;         
Total HIV tests in children (excluding <18 months);Mean;0.00690200;0.02824000;0.07056730;0.16949700;0.39306700;0.84126700;41370.80000000;80106.30000000;115844.00000000;148346.00000000;177283.00000000;202280.00000000;227961.00000000;251054.00000000;268792.00000000;281801.00000000;288016.00000000;284787.00000000;270280.00000000;261253.00000000;292855.00000000;239382.00000000;220574.00000000;356501.00000000;703962.00000000;567578.00000000;516858.00000000;534224.00000000;470282.00000000;536609.00000000;894670.00000000;1269450.00000000;1300890.00000000;1361030.00000000;1563180.00000000;1271930.00000000;1525280.00000000;1853920.00000000;1965610.00000000;1976260.00000000;1988690.00000000;2001530.00000000;2013410.00000000;2023670.00000000;2032390.00000000;2040190.00000000;2047710.00000000;2055760.00000000;2065970.00000000;2076510.00000000;2087290.00000000;2098760.00000000;2110380.00000000;2121290.00000000;2131260.00000000;2140260.00000000;2148250.00000000;2155250.00000000;2161280.00000000;2166350.00000000;2170460.00000000;2173600.00000000;2175790.00000000;2176990.00000000;2177260.00000000;2176670.00000000;2175320.00000000;2173300.00000000;2170730.00000000;2167730.00000000;2164430.00000000;         ;         ;         ;         ;         ;         ;         ;         ;         ;         ;         ;         ;         ;         ;         
;95% LL;0.00230898;0.01040580;0.03022630;0.08717010;0.22460700;0.50921300;41251.40000000;79871.50000000;115491.00000000;147846.00000000;176650.00000000;201607.00000000;227339.00000000;250426.00000000;268123.00000000;281160.00000000;287469.00000000;284379.00000000;269882.00000000;260843.00000000;291809.00000000;238109.00000000;219330.00000000;355557.00000000;703003.00000000;566476.00000000;515832.00000000;533131.00000000;469186.00000000;535435.00000000;893486.00000000;1268410.00000000;1300000.00000000;1360140.00000000;1562220.00000000;1270810.00000000;1524130.00000000;1852530.00000000;1957720.00000000;1968120.00000000;1980010.00000000;1992600.00000000;2004360.00000000;2014500.00000000;2023160.00000000;2030760.00000000;2038060.00000000;2045890.00000000;2055860.00000000;2066020.00000000;2076370.00000000;2087590.00000000;2098900.00000000;2109740.00000000;2119610.00000000;2128610.00000000;2136760.00000000;2143870.00000000;2149990.00000000;2155150.00000000;2159360.00000000;2162620.00000000;2164930.00000000;2166250.00000000;2166660.00000000;2166190.00000000;2164930.00000000;2163000.00000000;2160510.00000000;2157580.00000000;2154330.00000000;         ;         ;         ;         ;         ;         ;         ;         ;         ;         ;         ;         ;         ;         ;         
;95% UL;0.01063870;0.04285250;0.10753600;0.25698200;0.59212600;1.24379000;41466.60000000;80282.10000000;116153.00000000;148752.00000000;177815.00000000;202887.00000000;228605.00000000;251680.00000000;269349.00000000;282205.00000000;288348.00000000;285149.00000000;270671.00000000;261659.00000000;293619.00000000;240402.00000000;221648.00000000;357333.00000000;704821.00000000;568568.00000000;517783.00000000;535281.00000000;471320.00000000;537690.00000000;895727.00000000;1270440.00000000;1301750.00000000;1361880.00000000;1564060.00000000;1272850.00000000;1526250.00000000;1855080.00000000;1970750.00000000;1981470.00000000;1994150.00000000;2007290.00000000;2019480.00000000;2030000.00000000;2038990.00000000;2047240.00000000;2055260.00000000;2063820.00000000;2074510.00000000;2085550.00000000;2096840.00000000;2108890.00000000;2120950.00000000;2132180.00000000;2142350.00000000;2151450.00000000;2159470.00000000;2166430.00000000;2172370.00000000;2177320.00000000;2181270.00000000;2184250.00000000;2186250.00000000;2187270.00000000;2187360.00000000;2186610.00000000;2185100.00000000;2182950.00000000;2180280.00000000;2177220.00000000;2173880.00000000;         ;         ;         ;         ;         ;         ;         ;         ;         ;         ;         ;         ;         ;         ;         
% of adult HIV tests with positive results;Mean;         ;         ;         ;         ;         ;         ;0.02177940;0.03147320;0.04609200;0.06388030;0.08360300;0.10404600;0.12356200;0.14158100;0.15769900;0.17141700;0.18280300;0.19221800;0.19979000;0.21317000;0.23980000;0.25514000;0.24759500;0.21911000;0.18428800;0.16878700;0.15446600;0.13537900;0.12475400;0.11361300;0.10148500;0.08830300;0.07668290;0.06726350;0.05786220;0.05089710;0.04397350;0.03825170;0.03350350;0.02971160;0.02659470;0.02411250;0.02210250;0.02051390;0.01928410;0.01826860;0.01738780;0.01659740;0.01587370;0.01519970;0.01456340;0.01395800;0.01338210;0.01283660;0.01232250;0.01183920;0.01138510;0.01095890;0.01055900;0.01018410;0.00983277;0.00950325;0.00919377;0.00890267;0.00862843;0.00836962;0.00812502;0.00789353;0.00767418;0.00746610;0.00726856;         ;         ;         ;         ;         ;         ;         ;         ;         ;         ;         ;         ;         ;         ;         
;95% LL;         ;         ;         ;         ;         ;         ;0.01548610;0.02368040;0.03643080;0.05304710;0.07209440;0.09198490;0.11135900;0.12966100;0.14637800;0.16097500;0.17340900;0.18393400;0.19250600;0.20628600;0.23274800;0.24865000;0.24208700;0.21469400;0.18039800;0.16529500;0.15093400;0.13168400;0.12094200;0.10982100;0.09760080;0.08436520;0.07264460;0.06309210;0.05360030;0.04673740;0.04023980;0.03504220;0.03081860;0.02756640;0.02489960;0.02275180;0.02100470;0.01961480;0.01850970;0.01754820;0.01672040;0.01594930;0.01526260;0.01462750;0.01400740;0.01340660;0.01285190;0.01233000;0.01183960;0.01137980;0.01093980;0.01052710;0.01014060;0.00977870;0.00943901;0.00911956;0.00881945;0.00853708;0.00826924;0.00801559;0.00777786;0.00755741;0.00734858;0.00715055;0.00696257;         ;         ;         ;         ;         ;         ;         ;         ;         ;         ;         ;         ;         ;         ;         
;95% UL;         ;         ;         ;         ;         ;         ;0.02995670;0.04119230;0.05784240;0.07704560;0.09768000;0.11858000;0.13819900;0.15531700;0.16974000;0.18254800;0.19292100;0.20123200;0.20725200;0.22006000;0.24695700;0.26191900;0.25385700;0.22438900;0.18912800;0.17340500;0.15893300;0.13995700;0.12953200;0.11835000;0.10648800;0.09344180;0.08200380;0.07271970;0.06337830;0.05617450;0.04865600;0.04221060;0.03671820;0.03226740;0.02861370;0.02568400;0.02332420;0.02151450;0.02012310;0.01905890;0.01812820;0.01729000;0.01656820;0.01590410;0.01527430;0.01467170;0.01409490;0.01354560;0.01302530;0.01253390;0.01207040;0.01163380;0.01122290;0.01083680;0.01047440;0.01013390;0.00981383;0.00951252;0.00922847;0.00896029;0.00870674;0.00846670;0.00823917;0.00802327;0.00781821;         ;         ;         ;         ;         ;         ;         ;         ;         ;         ;         ;         ;         ;         ;         
% of paediatric HIV tests with positive results;Mean;         ;         ;         ;         ;         ;         ;0.00459531;0.00610447;0.00854928;0.01201750;0.01639710;0.02145440;0.02699250;0.03286500;0.03859860;0.04417770;0.04982880;0.05551910;0.06150470;0.06752480;0.07286360;0.08167510;0.09154130;0.08294570;0.06003370;0.05105880;0.04856770;0.04432010;0.04225530;0.03872760;0.02927630;0.02029850;0.01584720;0.01319600;0.01116020;0.01034060;0.00921460;0.00794583;0.00724185;0.00672858;0.00630620;0.00596906;0.00567637;0.00542664;0.00521838;0.00504659;0.00489798;0.00477024;0.00465757;0.00455634;0.00446475;0.00438034;0.00430139;0.00422770;0.00415846;0.00409318;0.00403161;0.00397347;0.00391847;0.00386643;0.00381724;0.00377084;0.00372717;0.00368614;0.00364769;0.00361172;0.00357815;0.00354685;0.00351768;0.00349051;0.00346520;         ;         ;         ;         ;         ;         ;         ;         ;         ;         ;         ;         ;         ;         ;         
;95% LL;         ;         ;         ;         ;         ;         ;0.00394880;0.00506623;0.00695476;0.00982236;0.01370150;0.01835700;0.02348170;0.02903700;0.03458810;0.04018150;0.04584790;0.05199950;0.05810350;0.06408570;0.06933420;0.07797770;0.08792050;0.08060560;0.05844000;0.04977880;0.04734910;0.04319740;0.04123380;0.03780990;0.02860890;0.01982610;0.01546430;0.01286170;0.01085520;0.01003240;0.00893304;0.00770940;0.00703183;0.00654165;0.00614053;0.00582303;0.00554868;0.00530726;0.00510561;0.00494255;0.00480199;0.00468054;0.00457114;0.00447202;0.00438247;0.00430011;0.00422309;0.00415165;0.00408530;0.00402205;0.00396192;0.00390610;0.00385338;0.00380366;0.00375684;0.00371269;0.00367094;0.00363188;0.00359551;0.00356153;0.00352952;0.00349928;0.00347113;0.00344494;0.00342058;         ;         ;         ;         ;         ;         ;         ;         ;         ;         ;         ;         ;         ;         ;         
;95% UL;         ;         ;         ;         ;         ;         ;0.00532970;0.00735571;0.01047050;0.01451300;0.01946810;0.02490570;0.03064790;0.03657260;0.04221180;0.04769120;0.05321900;0.05884670;0.06460510;0.07034540;0.07577770;0.08467030;0.09452150;0.08514310;0.06154870;0.05233320;0.04972470;0.04537090;0.04328600;0.03965740;0.02997910;0.02077320;0.01622720;0.01351350;0.01144040;0.01062280;0.00947272;0.00817142;0.00744408;0.00690952;0.00646724;0.00611568;0.00580801;0.00554473;0.00533308;0.00515417;0.00500311;0.00487369;0.00476273;0.00466466;0.00457555;0.00449288;0.00441492;0.00434157;0.00427208;0.00420604;0.00414325;0.00408345;0.00402645;0.00397211;0.00392041;0.00387133;0.00382486;0.00378101;0.00373973;0.00370098;0.00366470;0.00363080;0.00359915;0.00356962;0.00354209;         ;         ;         ;         ;         ;         ;         ;         ;         ;         ;         ;         ;         ;         ;         
New diagnoses at birth;;         ;         ;         ;         ;         ;         ;         ;         ;         ;         ;         ;         ;         ;         ;         ;         ;         ;         ;         ;         ;         ;         ;         ;         ;         ;         ;         ;         ;         ;         ;2160.34000000;2241.31000000;2219.81000000;2176.71000000;2078.44000000;1925.62000000;1799.45000000;1679.92000000;1568.99000000;1468.08000000;1377.06000000;1294.62000000;1218.57000000;1157.74000000;1102.82000000;1051.04000000;1001.72000000;954.56300000;909.03200000;864.87700000;821.73500000;779.37100000;737.76300000;696.99100000;657.15100000;618.30600000;580.58300000;544.12000000;509.08000000;475.65500000;444.02800000;414.30700000;386.54400000;360.73900000;336.86100000;314.85800000;294.61400000;276.00100000;258.92500000;243.29200000;228.99700000;         ;         ;         ;         ;         ;         ;         ;         ;         ;         ;         ;         ;         ;         ;         
;;         ;         ;         ;         ;         ;         ;         ;         ;         ;         ;         ;         ;         ;         ;         ;         ;         ;         ;         ;         ;         ;         ;         ;         ;         ;         ;         ;         ;         ;         ;2055.75000000;2121.61000000;2088.78000000;2037.09000000;1935.74000000;1785.01000000;1668.47000000;1560.52000000;1461.12000000;1371.02000000;1288.44000000;1210.96000000;1138.86000000;1080.79000000;1028.33000000;978.43800000;929.59100000;883.34600000;839.75600000;797.61300000;756.57300000;716.42100000;677.13300000;638.76400000;601.38200000;565.02600000;529.79900000;495.81300000;463.20100000;432.12800000;402.74900000;375.38400000;349.39700000;325.46400000;303.38100000;283.80500000;264.93700000;247.56900000;231.62900000;217.02500000;203.66000000;         ;         ;         ;         ;         ;         ;         ;         ;         ;         ;         ;         ;         ;         ;         
;;         ;         ;         ;         ;         ;         ;         ;         ;         ;         ;         ;         ;         ;         ;         ;         ;         ;         ;         ;         ;         ;         ;         ;         ;         ;         ;         ;         ;         ;         ;2269.92000000;2361.17000000;2346.66000000;2309.52000000;2214.51000000;2057.25000000;1926.37000000;1800.50000000;1683.03000000;1576.02000000;1477.54000000;1393.29000000;1317.44000000;1257.42000000;1203.33000000;1152.18000000;1103.23000000;1056.17000000;1010.43000000;965.71800000;921.61300000;877.85500000;834.44400000;791.47100000;748.97300000;707.24400000;666.44700000;626.75900000;588.38900000;551.58200000;516.57800000;483.52900000;452.52400000;423.59200000;396.72600000;371.89300000;348.98400000;327.87100000;308.46800000;290.67800000;274.39200000;         ;         ;         ;         ;         ;         ;         ;         ;         ;         ;         ;         ;         ;         ;         
New diagnoses in infants;;         ;         ;         ;         ;         ;         ;47.31660000;168.00000000;394.21700000;738.36100000;1193.65000000;1729.95000000;2367.64000000;2980.21000000;3639.11000000;4255.87000000;4723.88000000;5030.43000000;5022.60000000;5066.96000000;5841.44000000;7631.70000000;9744.76000000;10265.40000000;10052.50000000;7430.84000000;6445.89000000;6283.70000000;6387.75000000;5373.27000000;5516.68000000;4391.30000000;3984.76000000;3729.98000000;3612.50000000;3517.94000000;3396.92000000;3236.23000000;3016.78000000;2819.71000000;2647.29000000;2494.16000000;2352.45000000;2234.03000000;2129.09000000;2030.18000000;1935.68000000;1845.04000000;1757.33000000;1671.91000000;1588.07000000;1505.50000000;1424.51000000;1345.47000000;1268.58000000;1193.94000000;1121.73000000;1052.19000000;985.58000000;922.19700000;862.31700000;806.10100000;753.61000000;704.82100000;659.65800000;618.01200000;579.67000000;544.39000000;511.97900000;482.24700000;454.99300000;         ;         ;         ;         ;         ;         ;         ;         ;         ;         ;         ;         ;         ;         ;         
;;         ;         ;         ;         ;         ;         ;31.54210000;123.88800000;312.13400000;613.63100000;1020.39000000;1512.79000000;2119.92000000;2724.18000000;3369.09000000;3978.21000000;4450.17000000;4765.16000000;4794.84000000;4857.49000000;5615.38000000;7343.14000000;9378.34000000;9880.17000000;9683.87000000;7147.12000000;6195.63000000;6034.89000000;6115.90000000;5137.59000000;5255.53000000;4165.26000000;3764.22000000;3505.10000000;3375.70000000;3277.26000000;3158.37000000;3003.23000000;2806.66000000;2633.38000000;2482.66000000;2346.81000000;2210.47000000;2096.16000000;1995.17000000;1899.70000000;1808.27000000;1718.45000000;1634.88000000;1553.59000000;1473.17000000;1393.92000000;1317.36000000;1243.55000000;1171.11000000;1099.83000000;1030.61000000;966.00900000;903.45900000;843.79400000;788.34000000;735.03500000;685.52000000;640.27700000;597.29100000;557.72100000;522.14000000;490.11700000;460.69600000;433.00300000;407.63700000;         ;         ;         ;         ;         ;         ;         ;         ;         ;         ;         ;         ;         ;         ;         
;;         ;         ;         ;         ;         ;         ;65.22500000;219.60700000;483.67300000;870.06000000;1365.81000000;1926.50000000;2590.84000000;3208.37000000;3886.66000000;4489.56000000;4947.22000000;5260.50000000;5240.43000000;5277.63000000;6083.15000000;7950.26000000;10151.00000000;10686.90000000;10447.70000000;7721.33000000;6704.57000000;6548.18000000;6667.84000000;5615.46000000;5778.06000000;4609.68000000;4197.61000000;3946.89000000;3848.33000000;3768.28000000;3639.32000000;3451.77000000;3220.37000000;3012.49000000;2832.09000000;2680.81000000;2540.64000000;2424.46000000;2321.96000000;2225.03000000;2131.94000000;2042.10000000;1954.50000000;1868.41000000;1783.00000000;1697.90000000;1613.51000000;1530.34000000;1448.67000000;1368.71000000;1290.75000000;1215.14000000;1142.27000000;1072.56000000;1006.41000000;944.06100000;885.65200000;831.21200000;780.70700000;734.05400000;691.04700000;651.43600000;614.70600000;580.65500000;549.42200000;         ;         ;         ;         ;         ;         ;         ;         ;         ;         ;         ;         ;         ;         ;         
% of adults ever tested for HIV;Mean;0.00000000;0.00000036;0.00000124;0.00000324;0.00000781;0.00001825;0.00004149;0.00548290;0.01579340;0.03032660;0.04839210;0.06929320;0.09207160;0.11638200;0.14165600;0.16745600;0.19340100;0.21945900;0.24537200;0.27122700;0.29687100;0.32743800;0.35854900;0.39041000;0.42577300;0.49511100;0.55622100;0.59795600;0.63484000;0.65854000;0.68505100;0.71453800;0.74114100;0.76384800;0.78592700;0.80855100;0.81894700;0.83412200;0.84540200;0.85665700;0.86650900;0.87533000;0.88306400;0.88960900;0.89510500;0.89979400;0.90388100;0.90753100;0.91091100;0.91391500;0.91659400;0.91901300;0.92116500;0.92303200;0.92464900;0.92606300;0.92730900;0.92842000;0.92942000;0.93032600;0.93115200;0.93190500;0.93258900;0.93320500;0.93376100;0.93426600;0.93472700;0.93515300;0.93555500;0.93594100;0.93631900;         ;         ;         ;         ;         ;         ;         ;         ;         ;         ;         ;         ;         ;         ;         
;95% LL;0.00000000;0.00000011;0.00000041;0.00000118;0.00000326;0.00000894;0.00002295;0.00546392;0.01577320;0.03030710;0.04837120;0.06927160;0.09204650;0.11635300;0.14161800;0.16740700;0.19333700;0.21937400;0.24526200;0.27108500;0.29668300;0.32715600;0.35815900;0.38992200;0.42520200;0.49438800;0.55547300;0.59720800;0.63409400;0.65782200;0.68433200;0.71382000;0.74042500;0.76313600;0.78521900;0.80785800;0.81825600;0.83344600;0.84475900;0.85611200;0.86604900;0.87487200;0.88264200;0.88921800;0.89475200;0.89946100;0.90355400;0.90721200;0.91060300;0.91361700;0.91630600;0.91873400;0.92089100;0.92275400;0.92435700;0.92575200;0.92698000;0.92807400;0.92905900;0.92995400;0.93077200;0.93152800;0.93220600;0.93282400;0.93338300;0.93389000;0.93435500;0.93478600;0.93519400;0.93558800;0.93597200;         ;         ;         ;         ;         ;         ;         ;         ;         ;         ;         ;         ;         ;         ;         
;95% UL;0.00000000;0.00000055;0.00000190;0.00000501;0.00001213;0.00002825;0.00006298;0.00550634;0.01581830;0.03035190;0.04841710;0.06931830;0.09209710;0.11641200;0.14169700;0.16751100;0.19347000;0.21954500;0.24547700;0.27135700;0.29705000;0.32772200;0.35896500;0.39095300;0.42640600;0.49591600;0.55710600;0.59887300;0.63575800;0.65942900;0.68591600;0.71538900;0.74197600;0.76466200;0.78671800;0.80931500;0.81965400;0.83479000;0.84606100;0.85722400;0.86699500;0.87576600;0.88342500;0.88992000;0.89538400;0.90004700;0.90411900;0.90776100;0.91112200;0.91412200;0.91679100;0.91920400;0.92134600;0.92323000;0.92485600;0.92627100;0.92752600;0.92864400;0.92965500;0.93057000;0.93140500;0.93216500;0.93285600;0.93347400;0.93403300;0.93453600;0.93499500;0.93542000;0.93581800;0.93620100;0.93657000;         ;         ;         ;         ;         ;         ;         ;         ;         ;         ;         ;         ;         ;         ;         
% of adult males ever tested for HIV;Mean;0.00000000;0.00000034;0.00000123;0.00000333;0.00000829;0.00001979;0.00004549;0.00499871;0.01440160;0.02770310;0.04431630;0.06364270;0.08483890;0.10757600;0.13132200;0.15545600;0.17940600;0.20281500;0.22486600;0.24455700;0.26301000;0.28493800;0.30586000;0.32767100;0.35493400;0.42314200;0.48710500;0.53144000;0.57157600;0.59677400;0.62608200;0.65990300;0.69094100;0.71826500;0.74521500;0.77249300;0.78402400;0.80146800;0.81440300;0.82746800;0.83886100;0.84898900;0.85781700;0.86527100;0.87149700;0.87675700;0.88127700;0.88524600;0.88886800;0.89205800;0.89488400;0.89743100;0.89969200;0.90164700;0.90333500;0.90480200;0.90608700;0.90722400;0.90824200;0.90916300;0.91000100;0.91076800;0.91146700;0.91210200;0.91268100;0.91321100;0.91369900;0.91415400;0.91458700;0.91500600;0.91541900;         ;         ;         ;         ;         ;         ;         ;         ;         ;         ;         ;         ;         ;         ;         
;95% LL;0.00000000;0.00000011;0.00000041;0.00000124;0.00000354;0.00000992;0.00002538;0.00497523;0.01437180;0.02766270;0.04426380;0.06357630;0.08476040;0.10748400;0.13121600;0.15533300;0.17926200;0.20264500;0.22466100;0.24430300;0.26269000;0.28455600;0.30540300;0.32706900;0.35418500;0.42224200;0.48614400;0.53041600;0.57053700;0.59573100;0.62502000;0.65889100;0.68993500;0.71724900;0.74419500;0.77148000;0.78300100;0.80047000;0.81344900;0.82663900;0.83809400;0.84830500;0.85717500;0.86467400;0.87093400;0.87621900;0.88075100;0.88474000;0.88838100;0.89158000;0.89441300;0.89698100;0.89924900;0.90121000;0.90289600;0.90435000;0.90562200;0.90677100;0.90778200;0.90870700;0.90955000;0.91031900;0.91101200;0.91164500;0.91222400;0.91275700;0.91325500;0.91372400;0.91417100;0.91460500;0.91503300;         ;         ;         ;         ;         ;         ;         ;         ;         ;         ;         ;         ;         ;         ;         
;95% UL;0.00000000;0.00000052;0.00000189;0.00000519;0.00001298;0.00003087;0.00006948;0.00502855;0.01443930;0.02775240;0.04437800;0.06371870;0.08493190;0.10768900;0.13144500;0.15559700;0.17956200;0.20300100;0.22507700;0.24481600;0.26332900;0.28534400;0.30638500;0.32828500;0.35566100;0.42408700;0.48816000;0.53255500;0.57272500;0.59788900;0.62718900;0.66098600;0.69200400;0.71931000;0.74625300;0.77352100;0.78505200;0.80247200;0.81536800;0.82833800;0.83962800;0.84968100;0.85843700;0.86582800;0.87200800;0.87724300;0.88174000;0.88568700;0.88928900;0.89247300;0.89530500;0.89785200;0.90010900;0.90205500;0.90373100;0.90518100;0.90646400;0.90760700;0.90862900;0.90955200;0.91039100;0.91115500;0.91185000;0.91247900;0.91305600;0.91358200;0.91406500;0.91451300;0.91493700;0.91534500;0.91574600;         ;         ;         ;         ;         ;         ;         ;         ;         ;         ;         ;         ;         ;         ;         
% of adult females ever tested for HIV;Mean;0.00000000;0.00000038;0.00000125;0.00000316;0.00000737;0.00001682;0.00003781;0.00592727;0.01706790;0.03272360;0.05210800;0.07443400;0.09863220;0.12434800;0.15098100;0.17826300;0.20598600;0.23443200;0.26382900;0.29525100;0.32740900;0.36581400;0.40623300;0.44730600;0.49013500;0.56061400;0.61923700;0.65857500;0.69246700;0.71477400;0.73871200;0.76422900;0.78677700;0.80527200;0.82291200;0.84131700;0.85070000;0.86381800;0.87358900;0.88319700;0.89164500;0.89927700;0.90601400;0.91173200;0.91656400;0.92073400;0.92442500;0.92778100;0.93093800;0.93376900;0.93630700;0.93860600;0.94065300;0.94243100;0.94397800;0.94533600;0.94653900;0.94761700;0.94859100;0.94947600;0.95028000;0.95101000;0.95166700;0.95225400;0.95277700;0.95324500;0.95366800;0.95405300;0.95441200;0.95475200;0.95508100;         ;         ;         ;         ;         ;         ;         ;         ;         ;         ;         ;         ;         ;         ;         
;95% LL;0.00000000;0.00000012;0.00000041;0.00000112;0.00000296;0.00000805;0.00002071;0.00591158;0.01705580;0.03271680;0.05209500;0.07440840;0.09859060;0.12429400;0.15092000;0.17819500;0.20591300;0.23434700;0.26373200;0.29513500;0.32726000;0.36556400;0.40585600;0.44678000;0.48949100;0.55978900;0.61833600;0.65765900;0.69161900;0.71397200;0.73789900;0.76344900;0.78603100;0.80456700;0.82223600;0.84066700;0.85006900;0.86322700;0.87299700;0.88266600;0.89115300;0.89884300;0.90559500;0.91132200;0.91619300;0.92038100;0.92409400;0.92744700;0.93062700;0.93348200;0.93604000;0.93834400;0.94039700;0.94218400;0.94371900;0.94505100;0.94625200;0.94731100;0.94827100;0.94915800;0.94995000;0.95068100;0.95134200;0.95193200;0.95245600;0.95292300;0.95334500;0.95373200;0.95409300;0.95443700;0.95477000;         ;         ;         ;         ;         ;         ;         ;         ;         ;         ;         ;         ;         ;         ;         
;95% UL;0.00000000;0.00000058;0.00000191;0.00000484;0.00001134;0.00002582;0.00005701;0.00594483;0.01708100;0.03273050;0.05212050;0.07445980;0.09867120;0.12439700;0.15103600;0.17832100;0.20605300;0.23450300;0.26391500;0.29537800;0.32756700;0.36606500;0.40662900;0.44784200;0.49082200;0.56147100;0.62013500;0.65945500;0.69334600;0.71562100;0.73953800;0.76502800;0.78754900;0.80601300;0.82362200;0.84198700;0.85134800;0.86444000;0.87417100;0.88368000;0.89207500;0.89967400;0.90634400;0.91203600;0.91683600;0.92098300;0.92465700;0.92797900;0.93111800;0.93394200;0.93647200;0.93876600;0.94081300;0.94259600;0.94414300;0.94550800;0.94671400;0.94780100;0.94879000;0.94968200;0.95049200;0.95122400;0.95188100;0.95246500;0.95298900;0.95345900;0.95388200;0.95426800;0.95462500;0.95496300;0.95529200;         ;         ;         ;         ;         ;         ;         ;         ;         ;         ;         ;         ;         ;         ;         
% of people living with HIV who are diagnosed;Mean;         ;0.00216115;0.00362544;0.00418826;0.00428732;0.00432728;0.00458454;0.00943813;0.01801830;0.02996550;0.04490890;0.06241260;0.08197980;0.10351500;0.12653600;0.15069500;0.17586800;0.20232200;0.22999000;0.25945400;0.29317700;0.34821600;0.41225200;0.47738600;0.54031100;0.64052300;0.72464100;0.77792400;0.81483500;0.83490000;0.85553000;0.87818000;0.89617100;0.90890500;0.91995300;0.93242000;0.93525500;0.94152700;0.94702100;0.95199100;0.95625500;0.95949900;0.96210000;0.96429200;0.96609800;0.96762800;0.96895800;0.97013700;0.97120800;0.97219700;0.97312600;0.97401100;0.97485600;0.97565300;0.97639700;0.97708800;0.97773000;0.97832600;0.97887600;0.97938500;0.97985400;0.98028700;0.98068700;0.98105800;0.98140000;0.98171700;0.98201100;0.98228300;0.98253500;0.98276700;0.98298200;         ;         ;         ;         ;         ;         ;         ;         ;         ;         ;         ;         ;         ;         ;         
;95% LL;         ;0.00204443;0.00299243;0.00299606;0.00279316;0.00272858;0.00333247;0.00779981;0.01581100;0.02725810;0.04169500;0.05856400;0.07736190;0.09836810;0.12145000;0.14572700;0.17082700;0.19697100;0.22438400;0.25362800;0.28713000;0.34189500;0.40572200;0.47080800;0.53390500;0.63488400;0.71995800;0.77386600;0.81123800;0.83157400;0.85250300;0.87548400;0.89370400;0.90656100;0.91764400;0.93020400;0.93290400;0.93932300;0.94501800;0.95019400;0.95467300;0.95818700;0.96083000;0.96301600;0.96480300;0.96630700;0.96760500;0.96875200;0.96979100;0.97075000;0.97165000;0.97251200;0.97334200;0.97413100;0.97486800;0.97555400;0.97619100;0.97678000;0.97732400;0.97782500;0.97828400;0.97870500;0.97909100;0.97944500;0.97976900;0.98006600;0.98033800;0.98058700;0.98081400;0.98102000;0.98120700;         ;         ;         ;         ;         ;         ;         ;         ;         ;         ;         ;         ;         ;         ;         
;95% UL;         ;0.00220754;0.00390217;0.00480576;0.00515292;0.00527079;0.00544511;0.01034210;0.01954180;0.03239690;0.04869240;0.06714210;0.08723450;0.10893900;0.13225900;0.15658300;0.18179600;0.20819300;0.23574400;0.26490100;0.29855900;0.35364700;0.41755500;0.48262600;0.54567000;0.64527300;0.72878700;0.78141000;0.81792300;0.83783800;0.85841000;0.88091600;0.89880500;0.91142600;0.92233600;0.93472400;0.93767900;0.94383400;0.94912100;0.95385900;0.95792800;0.96096800;0.96342800;0.96548300;0.96720200;0.96870800;0.96999400;0.97113600;0.97217800;0.97314500;0.97407000;0.97493900;0.97577700;0.97657100;0.97731600;0.97801500;0.97866400;0.97927300;0.97982200;0.98033700;0.98082500;0.98128900;0.98172300;0.98212900;0.98250900;0.98286500;0.98320000;0.98351400;0.98380800;0.98408500;0.98434300;         ;         ;         ;         ;         ;         ;         ;         ;         ;         ;         ;         ;         ;         ;         
% of men (15+) living with HIV who are diagnosed;Mean;         ;0.00213232;0.00350133;0.00404243;0.00421095;0.00434682;0.00470822;0.00890685;0.01652020;0.02727800;0.04085110;0.05684320;0.07487510;0.09477080;0.11615400;0.13839600;0.16098700;0.18347200;0.20495900;0.22406400;0.24676200;0.29112200;0.34545800;0.40274500;0.45848100;0.56087500;0.65587200;0.71999000;0.76517000;0.79028700;0.81584300;0.84326700;0.86572700;0.88314200;0.89868700;0.91527200;0.92012800;0.92848300;0.93578000;0.94244500;0.94815100;0.95250000;0.95591800;0.95871600;0.96095500;0.96278000;0.96431200;0.96562800;0.96679300;0.96784700;0.96882300;0.96974300;0.97061500;0.97143500;0.97219700;0.97290100;0.97354800;0.97414000;0.97468000;0.97516900;0.97561000;0.97600600;0.97636000;0.97667500;0.97695300;0.97719700;0.97740900;0.97759000;0.97774200;0.97786600;0.97796400;         ;         ;         ;         ;         ;         ;         ;         ;         ;         ;         ;         ;         ;         ;         
;95% LL;         ;0.00198766;0.00282235;0.00285619;0.00275112;0.00275506;0.00342384;0.00731867;0.01445470;0.02479790;0.03780940;0.05318930;0.07043640;0.09023220;0.11115300;0.13347400;0.15575200;0.17810400;0.19964700;0.21855400;0.24112100;0.28507500;0.33901100;0.39607600;0.45190900;0.55496300;0.65083400;0.71561700;0.76134100;0.78684800;0.81279300;0.84059700;0.86324500;0.88069400;0.89620700;0.91280300;0.91746800;0.92593900;0.93342900;0.94035300;0.94624300;0.95081200;0.95448800;0.95739300;0.95984100;0.96174200;0.96322300;0.96448500;0.96559300;0.96659200;0.96751300;0.96838300;0.96921000;0.96998800;0.97071300;0.97138200;0.97199700;0.97255900;0.97306900;0.97352800;0.97393900;0.97430300;0.97462400;0.97490400;0.97514500;0.97535000;0.97552000;0.97565700;0.97576300;0.97583900;0.97588500;         ;         ;         ;         ;         ;         ;         ;         ;         ;         ;         ;         ;         ;         ;         
;95% UL;         ;0.00220323;0.00386230;0.00472026;0.00509324;0.00528884;0.00557207;0.00980344;0.01804530;0.03010890;0.04509560;0.06206300;0.08061750;0.10062800;0.12179300;0.14393800;0.16661300;0.18920300;0.21077400;0.22994700;0.25273300;0.29699000;0.35161100;0.40892600;0.46434200;0.56590800;0.66024100;0.72388200;0.76836400;0.79341000;0.81897800;0.84621000;0.86856300;0.88594100;0.90144700;0.91802900;0.92306600;0.93128600;0.93831300;0.94467900;0.95008700;0.95419200;0.95738700;0.96003300;0.96213500;0.96385700;0.96534400;0.96663700;0.96780100;0.96885600;0.96983500;0.97076100;0.97164100;0.97247100;0.97326500;0.97400600;0.97461700;0.97522100;0.97577300;0.97627900;0.97672300;0.97714900;0.97750900;0.97784500;0.97812600;0.97838900;0.97862200;0.97887400;0.97913000;0.97935900;0.97956400;         ;         ;         ;         ;         ;         ;         ;         ;         ;         ;         ;         ;         ;         ;         
% of women (15+) living with HIV who are diagnosed;Mean;         ;0.00227655;0.00397815;0.00463980;0.00467031;0.00459224;0.00473979;0.01006270;0.01938320;0.03219540;0.04806640;0.06653000;0.08702570;0.10947200;0.13338500;0.15875800;0.18568000;0.21508000;0.24738200;0.28460300;0.32681500;0.39082000;0.46427200;0.53679200;0.60298100;0.70110600;0.78093400;0.82783000;0.85878400;0.87421500;0.89024900;0.90752000;0.92061800;0.92923000;0.93677700;0.94629100;0.94734300;0.95198300;0.95604700;0.95975300;0.96296400;0.96538100;0.96734600;0.96905000;0.97048600;0.97173400;0.97284500;0.97385000;0.97478000;0.97565200;0.97647800;0.97727200;0.97803100;0.97874600;0.97941300;0.98003100;0.98060500;0.98113600;0.98162900;0.98208400;0.98250600;0.98289600;0.98325900;0.98359800;0.98391400;0.98421000;0.98448800;0.98474900;0.98499400;0.98522400;0.98544100;         ;         ;         ;         ;         ;         ;         ;         ;         ;         ;         ;         ;         ;         ;         
;95% LL;         ;0.00218040;0.00331465;0.00330504;0.00298038;0.00283631;0.00332939;0.00835397;0.01709220;0.02938620;0.04487610;0.06251950;0.08247080;0.10429400;0.12777400;0.15320000;0.18025000;0.20944800;0.24152600;0.27899600;0.32100400;0.38467900;0.45785400;0.53029400;0.59665400;0.69550800;0.77608200;0.82345500;0.85486300;0.87069200;0.88711400;0.90475700;0.91814200;0.92690400;0.93454500;0.94424800;0.94520300;0.94999500;0.95424000;0.95813900;0.96133100;0.96368700;0.96581200;0.96765800;0.96908600;0.97032100;0.97141600;0.97240500;0.97331900;0.97417500;0.97498900;0.97577400;0.97652900;0.97724100;0.97790400;0.97852000;0.97909000;0.97961800;0.98010500;0.98055400;0.98096700;0.98134800;0.98170000;0.98202500;0.98232700;0.98260800;0.98287000;0.98311300;0.98334000;0.98355100;0.98374700;         ;         ;         ;         ;         ;         ;         ;         ;         ;         ;         ;         ;         ;         ;         
;95% UL;         ;0.00232183;0.00423524;0.00523156;0.00560485;0.00562613;0.00567214;0.01099650;0.02090210;0.03456980;0.05158310;0.07098290;0.09217660;0.11485000;0.13908600;0.16473700;0.19169900;0.22104300;0.25314400;0.29015400;0.33247600;0.39648300;0.47001000;0.54274200;0.60894000;0.70631700;0.78531300;0.83159600;0.86204200;0.87717100;0.89301800;0.91011500;0.92306900;0.93160900;0.93910400;0.94852400;0.94958700;0.95411400;0.95804400;0.96156400;0.96454400;0.96676600;0.96867500;0.97029900;0.97168600;0.97290200;0.97403200;0.97504800;0.97598400;0.97685600;0.97768000;0.97846800;0.97921900;0.97992500;0.98058400;0.98119700;0.98176700;0.98229700;0.98279100;0.98325000;0.98367700;0.98407600;0.98444900;0.98480000;0.98513000;0.98544200;0.98573700;0.98601600;0.98628000;0.98653100;0.98676900;         ;         ;         ;         ;         ;         ;         ;         ;         ;         ;         ;         ;         ;         ;         
% of children (<15) living with HIV who are diagnosed;Mean;         ;0.00001336;0.00002196;0.00002455;0.00002619;0.00002673;0.00002584;0.00931061;0.02205100;0.03753160;0.05539760;0.07526590;0.09573300;0.11823000;0.14133000;0.16355100;0.18567900;0.20657000;0.22597500;0.24241200;0.25842400;0.28770300;0.31478500;0.34865700;0.41043300;0.50640800;0.55938700;0.60148100;0.63922300;0.66703200;0.69643200;0.74143900;0.78143500;0.80672800;0.82459400;0.83916600;0.84483600;0.85105300;0.85626200;0.85954200;0.86239900;0.86502600;0.86650200;0.86642400;0.86518600;0.86468300;0.86396600;0.86379000;0.86355800;0.86311500;0.86265200;0.86237700;0.86231600;0.86246600;0.86278100;0.86320200;0.86369100;0.86423800;0.86484000;0.86543200;0.86597700;0.86645000;0.86683100;0.86709800;0.86724000;0.86725300;0.86713600;0.86689000;0.86651300;0.86601200;0.86539200;         ;         ;         ;         ;         ;         ;         ;         ;         ;         ;         ;         ;         ;         ;         
;95% LL;         ;0.00001089;0.00001709;0.00001840;0.00001954;0.00002014;0.00002001;0.00801304;0.01927450;0.03361550;0.05074270;0.07015870;0.09014050;0.11226700;0.13470200;0.15643400;0.17899900;0.20040900;0.21997600;0.23644200;0.25259200;0.28216300;0.30954600;0.34376800;0.40647100;0.50345800;0.55680300;0.59891600;0.63671300;0.66440100;0.69367800;0.73876900;0.77891000;0.80407800;0.82206900;0.83664700;0.84224900;0.84852900;0.85388300;0.85738400;0.86049000;0.86322800;0.86472000;0.86437800;0.86304300;0.86259700;0.86179600;0.86145300;0.86109300;0.86056200;0.86006500;0.85980200;0.85955700;0.85968100;0.86006700;0.86040600;0.86080700;0.86130100;0.86190300;0.86263700;0.86332100;0.86390800;0.86416700;0.86429600;0.86428600;0.86413000;0.86383200;0.86339200;0.86281300;0.86210100;0.86126700;         ;         ;         ;         ;         ;         ;         ;         ;         ;         ;         ;         ;         ;         ;         
;95% UL;         ;0.00001592;0.00002717;0.00003202;0.00003423;0.00003332;0.00003210;0.01000890;0.02357240;0.04023560;0.05925880;0.08017870;0.10159400;0.12467600;0.14787800;0.17036200;0.19258500;0.21340600;0.23263500;0.24883100;0.26451100;0.29339900;0.31993000;0.35322400;0.41392500;0.50898800;0.56179100;0.60393200;0.64170800;0.66940700;0.69877100;0.74364200;0.78353700;0.80878700;0.82665000;0.84121500;0.84701300;0.85315100;0.85822100;0.86135900;0.86411900;0.86660700;0.86809700;0.86794800;0.86674600;0.86618400;0.86556800;0.86551300;0.86535500;0.86497100;0.86449800;0.86424800;0.86424300;0.86446800;0.86476800;0.86519200;0.86565800;0.86621100;0.86680300;0.86747800;0.86805500;0.86855000;0.86901000;0.86935200;0.86951600;0.86955300;0.86944400;0.86924700;0.86896200;0.86854900;0.86801300;         ;         ;         ;         ;         ;         ;         ;         ;         ;         ;         ;         ;         ;         ;         
% of people living with HIV aged 15-24 who are diagnosed;Mean;         ;0.00200041;0.00313178;0.00341404;0.00331636;0.00319820;0.00325368;0.00869021;0.01761380;0.02925970;0.04318890;0.05902190;0.07620500;0.09457130;0.11344500;0.13252000;0.15169600;0.17153800;0.19221700;0.21566400;0.24105300;0.28198600;0.32670300;0.37071700;0.41579400;0.52542500;0.61534700;0.65507700;0.68093800;0.68352600;0.70064900;0.73203700;0.75770200;0.77430700;0.79218300;0.81911900;0.81633500;0.82956000;0.83969300;0.84814900;0.85365000;0.85601400;0.85725200;0.85858200;0.85968700;0.85966100;0.85903300;0.85756800;0.85531100;0.85277500;0.85127200;0.85076400;0.85033400;0.84934400;0.84790800;0.84713600;0.84636000;0.84600300;0.84562600;0.84504900;0.84437600;0.84371400;0.84306700;0.84246100;0.84185600;0.84122400;0.84055400;0.83983800;0.83907500;0.83824000;0.83732900;         ;         ;         ;         ;         ;         ;         ;         ;         ;         ;         ;         ;         ;         ;         
;95% LL;         ;0.00192838;0.00268724;0.00255573;0.00225435;0.00212555;0.00245240;0.00758694;0.01596030;0.02714950;0.04036060;0.05590610;0.07256960;0.09063580;0.10954600;0.12874100;0.14797400;0.16795800;0.18879600;0.21215500;0.23724900;0.27736900;0.32117400;0.36410900;0.40880300;0.51864000;0.60908500;0.64866800;0.67431400;0.67674500;0.69368500;0.72521000;0.75120100;0.76760600;0.78556600;0.81325700;0.81035100;0.82409900;0.83469100;0.84374000;0.84955800;0.85218400;0.85322900;0.85418300;0.85503300;0.85483700;0.85410300;0.85257100;0.85026400;0.84769200;0.84613200;0.84560100;0.84518100;0.84422700;0.84286500;0.84218800;0.84151600;0.84125900;0.84097100;0.84047100;0.83986200;0.83923900;0.83856400;0.83789900;0.83709000;0.83653600;0.83581000;0.83501000;0.83410100;0.83316500;0.83219800;         ;         ;         ;         ;         ;         ;         ;         ;         ;         ;         ;         ;         ;         ;         
;95% UL;         ;0.00203593;0.00330031;0.00378339;0.00383855;0.00377274;0.00375989;0.00928497;0.01869350;0.03103470;0.04580450;0.06215060;0.07961400;0.09805580;0.11707500;0.13620900;0.15526900;0.17490500;0.19532400;0.21873600;0.24444600;0.28591200;0.33116000;0.37585200;0.42134600;0.53086700;0.62041400;0.66016000;0.68599100;0.68885800;0.70611900;0.73740000;0.76291600;0.77946400;0.79701000;0.82362500;0.82115100;0.83409100;0.84373600;0.85172600;0.85706800;0.85910700;0.86025800;0.86154100;0.86273300;0.86280700;0.86225900;0.86085600;0.85863700;0.85611300;0.85459500;0.85405400;0.85357800;0.85253300;0.85103800;0.85021000;0.84938400;0.84899000;0.84859500;0.84802400;0.84742600;0.84688600;0.84637300;0.84591700;0.84547800;0.84503200;0.84456800;0.84408200;0.84357000;0.84300200;0.84237100;         ;         ;         ;         ;         ;         ;         ;         ;         ;         ;         ;         ;         ;         ;         
% of males (15-24) living with HIV who are diagnosed;Mean;         ;0.00189822;0.00289711;0.00310855;0.00303119;0.00293659;0.00296214;0.00647784;0.01267570;0.02079270;0.03053110;0.04162430;0.05359070;0.06614150;0.07883340;0.09109480;0.10269000;0.11338000;0.12249900;0.12875500;0.13606200;0.15551000;0.17828600;0.20400900;0.23661000;0.33750200;0.43536500;0.49294400;0.53583500;0.55784800;0.59398100;0.64492000;0.69065900;0.72753800;0.76258300;0.80036400;0.81282900;0.83236000;0.84765300;0.85950200;0.86691900;0.87073200;0.87285900;0.87457000;0.87583200;0.87558800;0.87458200;0.87250900;0.86942800;0.86608900;0.86430700;0.86365700;0.86288400;0.86137600;0.85945200;0.85878100;0.85815800;0.85821400;0.85820500;0.85794100;0.85757100;0.85721900;0.85684000;0.85644600;0.85601100;0.85548400;0.85482600;0.85403200;0.85311100;0.85202300;0.85076700;         ;         ;         ;         ;         ;         ;         ;         ;         ;         ;         ;         ;         ;         ;         
;95% LL;         ;0.00185048;0.00258157;0.00247813;0.00218215;0.00201640;0.00220961;0.00555420;0.01137960;0.01918110;0.02853240;0.03926870;0.05096400;0.06344240;0.07621810;0.08843320;0.10007800;0.11090500;0.11962900;0.12587300;0.13304000;0.15194500;0.17402000;0.19872100;0.23032200;0.33031700;0.42703100;0.48353300;0.52497600;0.54575300;0.58113200;0.63224600;0.67838700;0.71536700;0.75088300;0.78936400;0.80138400;0.82169200;0.83780100;0.85023300;0.85843800;0.86286600;0.86535700;0.86708700;0.86829500;0.86803400;0.86704000;0.86492800;0.86189400;0.85852300;0.85670100;0.85602200;0.85518500;0.85355200;0.85144000;0.85059500;0.85002100;0.85015900;0.85020800;0.84997000;0.84944100;0.84885400;0.84832300;0.84782600;0.84719700;0.84645200;0.84555600;0.84451800;0.84343000;0.84214600;0.84072900;         ;         ;         ;         ;         ;         ;         ;         ;         ;         ;         ;         ;         ;         ;         
;95% UL;         ;0.00193941;0.00304908;0.00338498;0.00341721;0.00337723;0.00339054;0.00696051;0.01346230;0.02209290;0.03235940;0.04392390;0.05621160;0.06888060;0.08148250;0.09361710;0.10512300;0.11572500;0.12481700;0.13113800;0.13860900;0.15845400;0.18177100;0.20832000;0.24181900;0.34370000;0.44236400;0.50085500;0.54491200;0.56812300;0.60516100;0.65625700;0.70125200;0.73757900;0.77200400;0.80894000;0.82136900;0.84030200;0.85477100;0.86644000;0.87321400;0.87661500;0.87832300;0.87966100;0.88062600;0.88041000;0.87939200;0.87730500;0.87432900;0.87128300;0.86974300;0.86925000;0.86834900;0.86692700;0.86500200;0.86443100;0.86397600;0.86414800;0.86416300;0.86393200;0.86370800;0.86352100;0.86316900;0.86282000;0.86245500;0.86216400;0.86180200;0.86134000;0.86078800;0.86010000;0.85927200;         ;         ;         ;         ;         ;         ;         ;         ;         ;         ;         ;         ;         ;         ;         
% of females (15-24) living with HIV who are diagnosed;Mean;         ;0.00203340;0.00320663;0.00350929;0.00340285;0.00327584;0.00333869;0.00934968;0.01913560;0.03194660;0.04728700;0.06470610;0.08357460;0.10377500;0.12454800;0.14567800;0.16710300;0.18962200;0.21360500;0.24189900;0.27217700;0.31874600;0.36919300;0.41776800;0.46583500;0.57760500;0.66543100;0.70046500;0.72217900;0.72012800;0.73276700;0.75927600;0.77950400;0.79012600;0.80258200;0.82597700;0.81768100;0.82846500;0.83644600;0.84338800;0.84799500;0.84970600;0.85057100;0.85179300;0.85291400;0.85309700;0.85276000;0.85167900;0.84987000;0.84774300;0.84639400;0.84594300;0.84564200;0.84485100;0.84360500;0.84277700;0.84192000;0.84136400;0.84080100;0.84005500;0.83921500;0.83838300;0.83758400;0.83685800;0.83615300;0.83545500;0.83476600;0.83407600;0.83337500;0.83264500;0.83188200;         ;         ;         ;         ;         ;         ;         ;         ;         ;         ;         ;         ;         ;         ;         
;95% LL;         ;0.00194900;0.00270915;0.00257638;0.00227250;0.00215166;0.00251531;0.00813383;0.01731540;0.02962750;0.04439780;0.06134080;0.07984430;0.09968940;0.12055300;0.14171100;0.16336000;0.18608400;0.21012800;0.23820200;0.26816700;0.31430700;0.36346600;0.41128900;0.45890700;0.57139300;0.66034300;0.69519900;0.71711400;0.71456700;0.72734300;0.75408900;0.77441100;0.78486100;0.79748300;0.82136600;0.81270700;0.82367700;0.83137500;0.83807300;0.84265000;0.84423600;0.84490600;0.84610800;0.84725800;0.84746500;0.84716400;0.84599300;0.84410800;0.84191800;0.84053700;0.84017800;0.84001400;0.83931700;0.83815000;0.83741400;0.83665700;0.83609400;0.83561000;0.83484900;0.83398400;0.83312200;0.83227400;0.83150900;0.83085600;0.83020100;0.82934400;0.82842300;0.82749400;0.82653800;0.82557000;         ;         ;         ;         ;         ;         ;         ;         ;         ;         ;         ;         ;         ;         ;         
;95% UL;         ;0.00207835;0.00340481;0.00390982;0.00398613;0.00390473;0.00387404;0.01001160;0.02039200;0.03395060;0.05031410;0.06829280;0.08752750;0.10793300;0.12883600;0.14980400;0.17102700;0.19334500;0.21685300;0.24504700;0.27562600;0.32297200;0.37419500;0.42362300;0.47212000;0.58311200;0.67005400;0.70490900;0.72637100;0.72460100;0.73728900;0.76353200;0.78357800;0.79434700;0.80693700;0.83011000;0.82205300;0.83267300;0.84039900;0.84710400;0.85145300;0.85307500;0.85389300;0.85510000;0.85616000;0.85638100;0.85616400;0.85502800;0.85324900;0.85104300;0.84968100;0.84915400;0.84875100;0.84789100;0.84670400;0.84593000;0.84503000;0.84439300;0.84384800;0.84312900;0.84233200;0.84153900;0.84076400;0.84005800;0.83942200;0.83876000;0.83806000;0.83739400;0.83675700;0.83619500;0.83564400;         ;         ;         ;         ;         ;         ;         ;         ;         ;         ;         ;         ;         ;         ;         
% of FSWs living with HIV who are diagnosed;Mean;         ;0.00119946;0.00176798;0.00207169;0.00224172;0.00241555;0.00274405;0.00755947;0.01581980;0.02693530;0.04011260;0.05466710;0.07015980;0.08744880;0.10636200;0.12712500;0.14991700;0.17556000;0.20443900;0.23906900;0.27787900;0.33564200;0.40157000;0.46767700;0.53102800;0.63785200;0.72569100;0.77251600;0.80300600;0.81404800;0.83014900;0.85111700;0.87023200;0.88217100;0.89179100;0.90592000;0.90169000;0.90623100;0.91110500;0.91543200;0.91871500;0.92017700;0.92081700;0.92106300;0.92084400;0.92059100;0.92027100;0.91986400;0.91938300;0.91881100;0.91816300;0.91746100;0.91672100;0.91594100;0.91511700;0.91425400;0.91336200;0.91245000;0.91152200;0.91058300;0.90963900;0.90869400;0.90775500;0.90682900;0.90592000;0.90503400;0.90417500;0.90334300;0.90253800;0.90175900;0.90100200;         ;         ;         ;         ;         ;         ;         ;         ;         ;         ;         ;         ;         ;         ;         
;95% LL;         ;0.00099005;0.00137570;0.00152679;0.00157247;0.00174868;0.00214446;0.00660186;0.01425450;0.02439380;0.03646690;0.04948140;0.06328390;0.07615220;0.09024010;0.10532400;0.12204900;0.14041900;0.16096500;0.18618300;0.21692700;0.26645700;0.32355700;0.38140200;0.43821600;0.55083100;0.64643000;0.69639500;0.72992200;0.74082900;0.76072400;0.78880700;0.81483800;0.83089000;0.84415900;0.86413200;0.85814300;0.86480300;0.87207900;0.87860900;0.88373900;0.88636300;0.88781800;0.88869200;0.88886700;0.88892200;0.88885200;0.88865800;0.88836500;0.88795600;0.88745400;0.88689500;0.88630100;0.88567400;0.88489700;0.88406500;0.88323300;0.88241500;0.88161800;0.88084900;0.88011400;0.87941500;0.87875800;0.87814700;0.87758300;0.87706600;0.87659400;0.87616200;0.87576300;0.87538900;0.87510400;         ;         ;         ;         ;         ;         ;         ;         ;         ;         ;         ;         ;         ;         ;         
;95% UL;         ;0.00165120;0.00247907;0.00282324;0.00296015;0.00307200;0.00329473;0.00833190;0.01775380;0.02951750;0.04368760;0.05981190;0.07728080;0.09696290;0.11892200;0.14410800;0.17164400;0.20233000;0.23642100;0.27611200;0.31991700;0.38228800;0.45256600;0.52224200;0.58775200;0.68968200;0.77181000;0.81618500;0.84478000;0.85592900;0.86979800;0.88682300;0.90104000;0.91011300;0.91788100;0.92917100;0.92695900;0.93148100;0.93594000;0.93986000;0.94294400;0.94466700;0.94571300;0.94639500;0.94664000;0.94670600;0.94663800;0.94646800;0.94622900;0.94592000;0.94555700;0.94515800;0.94473400;0.94428000;0.94379100;0.94326500;0.94270700;0.94212000;0.94150400;0.94086100;0.94019400;0.93950500;0.93879800;0.93807900;0.93735100;0.93662000;0.93589200;0.93516900;0.93445300;0.93374600;0.93304700;         ;         ;         ;         ;         ;         ;         ;         ;         ;         ;         ;         ;         ;         ;         
% of MSM living with HIV who are diagnosed;Mean;0.00002571;0.00196435;0.00348551;0.00454093;0.00516694;0.00544756;0.00554152;0.00912643;0.01531930;0.02365900;0.03437710;0.04776460;0.06375180;0.08215000;0.10239800;0.12363800;0.14518600;0.16645800;0.18648200;0.20381900;0.22378000;0.26234100;0.30872400;0.35787600;0.40758900;0.51090300;0.60810900;0.67044200;0.71302700;0.73300500;0.75571800;0.78348400;0.80723000;0.82798000;0.84952300;0.87299500;0.87765100;0.88728300;0.89536900;0.90291900;0.90911800;0.91336300;0.91638200;0.91869100;0.92046200;0.92188800;0.92308600;0.92414000;0.92514000;0.92615100;0.92722500;0.92838800;0.92963000;0.93090700;0.93218000;0.93341400;0.93459100;0.93569400;0.93671600;0.93765000;0.93849600;0.93925700;0.93993700;0.94053900;0.94107000;0.94153100;0.94192900;0.94226600;0.94254900;0.94278400;0.94297700;         ;         ;         ;         ;         ;         ;         ;         ;         ;         ;         ;         ;         ;         ;         
;95% LL;0.00001276;0.00186069;0.00313684;0.00397185;0.00451792;0.00467447;0.00441357;0.00744770;0.01309840;0.02021850;0.02935060;0.04073430;0.05463730;0.07108490;0.08987480;0.11026100;0.13151500;0.15293300;0.17345800;0.19154200;0.21222400;0.25111800;0.29784200;0.34767200;0.39839500;0.50351900;0.60263200;0.66642800;0.71015000;0.73040000;0.75293000;0.78042000;0.80391000;0.82459100;0.84618900;0.86964200;0.87415600;0.88382400;0.89218100;0.89997400;0.90632300;0.91078100;0.91403300;0.91658200;0.91842300;0.91982900;0.92084500;0.92173000;0.92256900;0.92342900;0.92436200;0.92539300;0.92651100;0.92767100;0.92882700;0.92994500;0.93099900;0.93197500;0.93286100;0.93365100;0.93434500;0.93494700;0.93546300;0.93589800;0.93625800;0.93654900;0.93677500;0.93694300;0.93705900;0.93712900;0.93716100;         ;         ;         ;         ;         ;         ;         ;         ;         ;         ;         ;         ;         ;         ;         
;95% UL;0.00006187;0.00203976;0.00373274;0.00495819;0.00573323;0.00614128;0.00632931;0.01013910;0.01664760;0.02553500;0.03770000;0.05273870;0.07029450;0.09018750;0.11192500;0.13418200;0.15624900;0.17765300;0.19746300;0.21431900;0.23378200;0.27223800;0.31839500;0.36641500;0.41516500;0.51628100;0.61219900;0.67364400;0.71591000;0.73536600;0.75819200;0.78602400;0.80979200;0.83074900;0.85277600;0.87643600;0.88129600;0.89074200;0.89860900;0.90587500;0.91176800;0.91570900;0.91842300;0.92042500;0.92207200;0.92344600;0.92485100;0.92616700;0.92739100;0.92859800;0.92984600;0.93116400;0.93254300;0.93394600;0.93533500;0.93668100;0.93796500;0.93917700;0.94030800;0.94135500;0.94231600;0.94319600;0.94399800;0.94472500;0.94538300;0.94597300;0.94650000;0.94696800;0.94738200;0.94774700;0.94807000;         ;         ;         ;         ;         ;         ;         ;         ;         ;         ;         ;         ;         ;         ;         
% of HIV-diagnosed individuals who are on ART;Mean;         ;         ;         ;         ;         ;         ;         ;         ;         ;         ;         ;         ;         ;         ;         ;         ;0.01242430;0.02122410;0.02849820;0.03513050;0.07664980;0.12341000;0.17323000;0.22365900;0.27094500;0.30934600;0.36118100;0.45197600;0.50276900;0.53790400;0.57073400;0.60634400;0.65222500;0.68450700;0.70541100;0.72642700;0.75472800;0.77575400;0.79477800;0.81062200;0.82437000;0.83604700;0.84596800;0.85447100;0.85800600;0.86057900;0.86261200;0.86432000;0.86582300;0.86718700;0.86845200;0.86964400;0.87077800;0.87186000;0.87289100;0.87387100;0.87479700;0.87566800;0.87648600;0.87725100;0.87796400;0.87862900;0.87925100;0.87983400;0.88038200;0.88089500;0.88137700;0.88183200;0.88226100;0.88266600;0.88305000;         ;         ;         ;         ;         ;         ;         ;         ;         ;         ;         ;         ;         ;         ;         
;95% LL;         ;         ;         ;         ;         ;         ;         ;         ;         ;         ;         ;         ;         ;         ;         ;         ;0.01132860;0.01962790;0.02667980;0.03326560;0.07310950;0.11854200;0.16749900;0.21708600;0.26375100;0.30147700;0.35296000;0.44219200;0.49251800;0.52631300;0.55825700;0.59299700;0.63763000;0.66862800;0.68796300;0.70717200;0.73719800;0.76121900;0.78337900;0.80207300;0.81831800;0.83188000;0.84334200;0.85291400;0.85690300;0.85969800;0.86173500;0.86342200;0.86490000;0.86623900;0.86748100;0.86865200;0.86976900;0.87083800;0.87185900;0.87283300;0.87375500;0.87462400;0.87544000;0.87620500;0.87691700;0.87758200;0.87820300;0.87878400;0.87932800;0.87983600;0.88031400;0.88076200;0.88118300;0.88158000;0.88195300;         ;         ;         ;         ;         ;         ;         ;         ;         ;         ;         ;         ;         ;         ;         
;95% UL;         ;         ;         ;         ;         ;         ;         ;         ;         ;         ;         ;         ;         ;         ;         ;         ;0.01350500;0.02283000;0.03036600;0.03710340;0.08028600;0.12825200;0.17915400;0.23034200;0.27801900;0.31624700;0.36806500;0.45929100;0.51162600;0.54784400;0.58142200;0.61820800;0.66500700;0.69848000;0.72071400;0.74341200;0.77027000;0.78857500;0.80488000;0.81826500;0.82981900;0.83989600;0.84854000;0.85592200;0.85911400;0.86145000;0.86338400;0.86501500;0.86648200;0.86782900;0.86908900;0.87028500;0.87142700;0.87251800;0.87356200;0.87455700;0.87549600;0.87639100;0.87721800;0.87798500;0.87870600;0.87938500;0.88002100;0.88061000;0.88116700;0.88169100;0.88219100;0.88266400;0.88310800;0.88352600;0.88392800;         ;         ;         ;         ;         ;         ;         ;         ;         ;         ;         ;         ;         ;         ;         
% of HIV-diagnosed men (15+) who are on ART;Mean;         ;         ;         ;         ;         ;         ;         ;         ;         ;         ;         ;         ;         ;         ;         ;         ;0.01039870;0.01785210;0.02419920;0.03025770;0.06642270;0.10811600;0.15435600;0.20205200;0.24648500;0.27820900;0.32245900;0.40615000;0.45470500;0.48649000;0.51333200;0.54535800;0.58873500;0.61961100;0.63984900;0.66265400;0.69161500;0.71288100;0.73433500;0.75172400;0.76728900;0.78044100;0.79157200;0.80105000;0.80532200;0.80841400;0.81078700;0.81270700;0.81432400;0.81573000;0.81698900;0.81814100;0.81921100;0.82021200;0.82115000;0.82202600;0.82283900;0.82358700;0.82427200;0.82489400;0.82545300;0.82595400;0.82640300;0.82680600;0.82716600;0.82748200;0.82776100;0.82800500;0.82821700;0.82839900;0.82855400;         ;         ;         ;         ;         ;         ;         ;         ;         ;         ;         ;         ;         ;         ;         
;95% LL;         ;         ;         ;         ;         ;         ;         ;         ;         ;         ;         ;         ;         ;         ;         ;         ;0.00940216;0.01626970;0.02217130;0.02788810;0.06160050;0.10093400;0.14505300;0.19115300;0.23462100;0.26608000;0.30862800;0.38903200;0.43587900;0.46634800;0.49177100;0.52363300;0.56577700;0.59552800;0.61485400;0.63641000;0.66718900;0.69196500;0.71744000;0.73905400;0.75811100;0.77425400;0.78760100;0.79892800;0.80376700;0.80724300;0.80985300;0.81192400;0.81351400;0.81486800;0.81607400;0.81717400;0.81819300;0.81914700;0.82004100;0.82087800;0.82165500;0.82237100;0.82302600;0.82362000;0.82415200;0.82462600;0.82505000;0.82542600;0.82575700;0.82604500;0.82629400;0.82650600;0.82668500;0.82683200;0.82695100;         ;         ;         ;         ;         ;         ;         ;         ;         ;         ;         ;         ;         ;         ;         
;95% UL;         ;         ;         ;         ;         ;         ;         ;         ;         ;         ;         ;         ;         ;         ;         ;         ;0.01171570;0.01973780;0.02634490;0.03265440;0.07104550;0.11481400;0.16284400;0.21233600;0.25860500;0.29137000;0.33724900;0.42535500;0.47450700;0.50700100;0.53377300;0.56578000;0.60951300;0.64077600;0.66127700;0.68461000;0.71151100;0.72989000;0.74829000;0.76276700;0.77562800;0.78638600;0.79537200;0.80310800;0.80681200;0.80954500;0.81173400;0.81352000;0.81507000;0.81643600;0.81767900;0.81882600;0.81989600;0.82090000;0.82184300;0.82273100;0.82355800;0.82432300;0.82502200;0.82565700;0.82622700;0.82673700;0.82718800;0.82760100;0.82797900;0.82830500;0.82859900;0.82885900;0.82908200;0.82928400;0.82945900;         ;         ;         ;         ;         ;         ;         ;         ;         ;         ;         ;         ;         ;         ;         
% of HIV-diagnosed women (15+) who are on ART;Mean;         ;         ;         ;         ;         ;         ;         ;         ;         ;         ;         ;         ;         ;         ;         ;         ;0.01297770;0.02214110;0.02961980;0.03611220;0.07689770;0.12227600;0.17136100;0.22151400;0.26838900;0.30828400;0.36054400;0.46020200;0.51517900;0.55407000;0.59228200;0.63237700;0.68313700;0.71827000;0.74061800;0.76138900;0.79059200;0.81220300;0.83035300;0.84529100;0.85771600;0.86809500;0.87675800;0.88409400;0.88667600;0.88849900;0.88992500;0.89113400;0.89221600;0.89321500;0.89415900;0.89506000;0.89592400;0.89675100;0.89753700;0.89827800;0.89896900;0.89961100;0.90020400;0.90074700;0.90124400;0.90169600;0.90210800;0.90248300;0.90282600;0.90313900;0.90342400;0.90368500;0.90392500;0.90414500;0.90434700;         ;         ;         ;         ;         ;         ;         ;         ;         ;         ;         ;         ;         ;         ;         
;95% LL;         ;         ;         ;         ;         ;         ;         ;         ;         ;         ;         ;         ;         ;         ;         ;         ;0.01181410;0.02042710;0.02771800;0.03409540;0.07327560;0.11737300;0.16535600;0.21468700;0.26071300;0.29982500;0.35105100;0.44913100;0.50328100;0.54090200;0.57818700;0.61740600;0.66724400;0.70122900;0.72189000;0.74022300;0.77169900;0.79726300;0.81890900;0.83681700;0.85187900;0.86429500;0.87451200;0.88289700;0.88551200;0.88745200;0.88886200;0.89005200;0.89111300;0.89209400;0.89302400;0.89391400;0.89477300;0.89559800;0.89638700;0.89713300;0.89783200;0.89848300;0.89908500;0.89963800;0.90014300;0.90061400;0.90104200;0.90143200;0.90178700;0.90210900;0.90240300;0.90267000;0.90291400;0.90313700;0.90334000;         ;         ;         ;         ;         ;         ;         ;         ;         ;         ;         ;         ;         ;         ;         
;95% UL;         ;         ;         ;         ;         ;         ;         ;         ;         ;         ;         ;         ;         ;         ;         ;         ;0.01418590;0.02393220;0.03168660;0.03826220;0.08074790;0.12738000;0.17732000;0.22793600;0.27486400;0.31605700;0.37013300;0.47193000;0.52855200;0.56913400;0.60750500;0.64761100;0.69854000;0.73597900;0.75976100;0.78244600;0.80962900;0.82759700;0.84207400;0.85399700;0.86381100;0.87209000;0.87911800;0.88527500;0.88757100;0.88922800;0.89060200;0.89178200;0.89284600;0.89383400;0.89476900;0.89566100;0.89651700;0.89733300;0.89810700;0.89883500;0.89951300;0.90014100;0.90072000;0.90125600;0.90174700;0.90219100;0.90260100;0.90297500;0.90331700;0.90362800;0.90391200;0.90417300;0.90441300;0.90464600;0.90486300;         ;         ;         ;         ;         ;         ;         ;         ;         ;         ;         ;         ;         ;         ;         
% of HIV-diagnosed children (<15) who are on ART;Mean;         ;         ;         ;         ;         ;         ;         ;         ;         ;         ;         ;         ;         ;         ;         ;         ;0.01980880;0.03259380;0.04223020;0.05232700;0.13165800;0.22523800;0.31216400;0.38902200;0.45540000;0.51727500;0.63349000;0.66411500;0.68150200;0.69402700;0.69935300;0.69837500;0.68809700;0.68458300;0.68392400;0.68734200;0.67598300;0.66229800;0.64811000;0.64115700;0.64290100;0.65142000;0.66446700;0.67944500;0.68746900;0.69340400;0.69756500;0.70112400;0.70383900;0.70570800;0.70686400;0.70753200;0.70788500;0.70810000;0.70827200;0.70844100;0.70863300;0.70887000;0.70916600;0.70947800;0.70978200;0.71006400;0.71030900;0.71050400;0.71063800;0.71070400;0.71069900;0.71061900;0.71046300;0.71023200;0.70992500;         ;         ;         ;         ;         ;         ;         ;         ;         ;         ;         ;         ;         ;         ;         
;95% LL;         ;         ;         ;         ;         ;         ;         ;         ;         ;         ;         ;         ;         ;         ;         ;         ;0.01839660;0.03061920;0.04003650;0.04995870;0.12596400;0.21700800;0.30262000;0.37899100;0.44615400;0.50928800;0.62615900;0.65839300;0.67683700;0.68923900;0.69489900;0.69432900;0.68383600;0.67946300;0.67768400;0.68001400;0.66916700;0.65631200;0.64281600;0.63675700;0.63935500;0.64853300;0.66244100;0.67801800;0.68616400;0.69206800;0.69615500;0.69956000;0.70219000;0.70398200;0.70511100;0.70573500;0.70603800;0.70620700;0.70634100;0.70648300;0.70665900;0.70690500;0.70719500;0.70753600;0.70790900;0.70826000;0.70857100;0.70870400;0.70876700;0.70875400;0.70866000;0.70848500;0.70822600;0.70788600;0.70746600;         ;         ;         ;         ;         ;         ;         ;         ;         ;         ;         ;         ;         ;         ;         
;95% UL;         ;         ;         ;         ;         ;         ;         ;         ;         ;         ;         ;         ;         ;         ;         ;         ;0.02157210;0.03510330;0.04508920;0.05538390;0.13908400;0.23590500;0.32443100;0.40140100;0.46706300;0.52677400;0.64148400;0.66997800;0.68591300;0.69817100;0.70305600;0.70178100;0.69185100;0.68951500;0.68965700;0.69440600;0.68255000;0.66809200;0.65322800;0.64543000;0.64624300;0.65386400;0.66619800;0.68074100;0.68856400;0.69449800;0.69868600;0.70226000;0.70501600;0.70691200;0.70811600;0.70877200;0.70915300;0.70942400;0.70961300;0.70977000;0.71001600;0.71023800;0.71058800;0.71090400;0.71122200;0.71152800;0.71179500;0.71199400;0.71213700;0.71221300;0.71221700;0.71217200;0.71206700;0.71188400;0.71162600;         ;         ;         ;         ;         ;         ;         ;         ;         ;         ;         ;         ;         ;         ;         
% of people living with HIV who are on ART with VL <400;Mean;         ;         ;         ;         ;         ;         ;         ;         ;         ;         ;         ;         ;         ;         ;         ;         ;0.00179274;0.00353168;0.00540265;0.00752771;0.01854050;0.03539590;0.05893230;0.08802640;0.11652100;0.14639500;0.18731800;0.25809000;0.30962400;0.35764900;0.39093000;0.43276100;0.49356500;0.52806600;0.55574600;0.58713300;0.61829100;0.64612200;0.67206800;0.69290300;0.70912000;0.72285000;0.73453600;0.74469800;0.75024000;0.75469000;0.75847600;0.76182100;0.76486600;0.76769300;0.77035300;0.77288200;0.77529600;0.77759600;0.77978200;0.78185500;0.78381800;0.78567200;0.78742300;0.78907300;0.79062800;0.79209500;0.79348100;0.79479200;0.79603600;0.79721600;0.79833700;0.79940400;0.80042000;0.80138700;0.80230900;         ;         ;         ;         ;         ;         ;         ;         ;         ;         ;         ;         ;         ;         ;         
;95% LL;         ;         ;         ;         ;         ;         ;         ;         ;         ;         ;         ;         ;         ;         ;         ;         ;0.00169652;0.00336224;0.00517348;0.00724693;0.01794050;0.03439060;0.05737920;0.08562330;0.11354000;0.14288100;0.18301900;0.25242500;0.30266800;0.34925500;0.38150000;0.42233100;0.48154700;0.51426200;0.54027100;0.57013700;0.60228000;0.63243700;0.66104500;0.68423600;0.70247600;0.71787500;0.73090400;0.74236800;0.74838300;0.75300400;0.75673700;0.76002500;0.76301300;0.76578500;0.76839500;0.77088100;0.77326000;0.77553300;0.77769700;0.77975400;0.78170400;0.78354900;0.78529100;0.78694100;0.78852600;0.79002000;0.79143000;0.79267700;0.79385700;0.79500700;0.79611000;0.79715500;0.79814700;0.79908800;0.79998000;         ;         ;         ;         ;         ;         ;         ;         ;         ;         ;         ;         ;         ;         ;         
;95% UL;         ;         ;         ;         ;         ;         ;         ;         ;         ;         ;         ;         ;         ;         ;         ;         ;0.00189528;0.00370238;0.00563092;0.00780440;0.01912770;0.03637200;0.06036550;0.08992300;0.11875700;0.14907700;0.19064600;0.26271900;0.31549400;0.36519900;0.39941100;0.44214100;0.50435500;0.54007500;0.56907600;0.60209500;0.63248800;0.65833600;0.68205700;0.70085800;0.71537100;0.72751600;0.73794200;0.74692200;0.75201800;0.75624900;0.75991100;0.76319900;0.76623300;0.76906400;0.77173200;0.77424700;0.77663900;0.77893300;0.78114800;0.78322300;0.78520300;0.78707300;0.78884900;0.79053700;0.79208900;0.79356900;0.79499600;0.79635900;0.79762900;0.79884600;0.80000400;0.80108300;0.80209800;0.80306600;0.80399000;         ;         ;         ;         ;         ;         ;         ;         ;         ;         ;         ;         ;         ;         ;         
% of men (15+) living with HIV who are on ART with VL <400;Mean;         ;         ;         ;         ;         ;         ;         ;         ;         ;         ;         ;         ;         ;         ;         ;         ;0.00137467;0.00269472;0.00408720;0.00559502;0.01351240;0.02579930;0.04362270;0.06634220;0.08878310;0.11306300;0.14784100;0.21016600;0.25774600;0.30143800;0.33019800;0.36776100;0.42464600;0.45818300;0.48572600;0.51880600;0.55014200;0.57799700;0.60587700;0.62809400;0.64593700;0.66099600;0.67378800;0.68478500;0.69095500;0.69580600;0.69980700;0.70324000;0.70627700;0.70902600;0.71156500;0.71394300;0.71618700;0.71830500;0.72030200;0.72218000;0.72393800;0.72558000;0.72710800;0.72852700;0.72983800;0.73104800;0.73216800;0.73320200;0.73415700;0.73503600;0.73584400;0.73658600;0.73726300;0.73788000;0.73843800;         ;         ;         ;         ;         ;         ;         ;         ;         ;         ;         ;         ;         ;         ;         
;95% LL;         ;         ;         ;         ;         ;         ;         ;         ;         ;         ;         ;         ;         ;         ;         ;         ;0.00125234;0.00247647;0.00378930;0.00523206;0.01273860;0.02450470;0.04152340;0.06329690;0.08468240;0.10788300;0.14108500;0.20064200;0.24628600;0.28800400;0.31562400;0.35179500;0.40659800;0.43873800;0.46501600;0.49610300;0.52840600;0.55937800;0.59050900;0.61605800;0.63691800;0.65421800;0.66903400;0.68171200;0.68854400;0.69376400;0.69799500;0.70156500;0.70466300;0.70739900;0.70984600;0.71213600;0.71429700;0.71634000;0.71826700;0.72008100;0.72178100;0.72336800;0.72484500;0.72621400;0.72747500;0.72863700;0.72970500;0.73068700;0.73158700;0.73242500;0.73319200;0.73389100;0.73452500;0.73509600;0.73560500;         ;         ;         ;         ;         ;         ;         ;         ;         ;         ;         ;         ;         ;         ;         
;95% UL;         ;         ;         ;         ;         ;         ;         ;         ;         ;         ;         ;         ;         ;         ;         ;         ;0.00148524;0.00288708;0.00434646;0.00591254;0.01424350;0.02717000;0.04588420;0.06964520;0.09335950;0.11864200;0.15478800;0.21951200;0.26862100;0.31396000;0.34340400;0.38176400;0.43993800;0.47423900;0.50260200;0.53722500;0.56823200;0.59426100;0.61972300;0.63932900;0.65466700;0.66750100;0.67839000;0.68769400;0.69321800;0.69763600;0.70146400;0.70483500;0.70782600;0.71052600;0.71304800;0.71542000;0.71766300;0.71978600;0.72178900;0.72367700;0.72544700;0.72710300;0.72864800;0.73008400;0.73138900;0.73263400;0.73378500;0.73484100;0.73581800;0.73672000;0.73755200;0.73831800;0.73914100;0.73990900;0.74062100;         ;         ;         ;         ;         ;         ;         ;         ;         ;         ;         ;         ;         ;         ;         
% of women (15+) living with HIV who are on ART with VL <400;Mean;         ;         ;         ;         ;         ;         ;         ;         ;         ;         ;         ;         ;         ;         ;         ;         ;0.00199831;0.00395892;0.00610510;0.00858059;0.02098460;0.03974850;0.06616620;0.09874210;0.13012800;0.16185800;0.20482800;0.28496900;0.34056300;0.39255500;0.43004100;0.47437400;0.53897700;0.57476600;0.60226500;0.63244600;0.66363500;0.69122700;0.71569800;0.73499400;0.74940800;0.76147900;0.77170800;0.78056100;0.78498700;0.78855600;0.79162600;0.79438200;0.79692800;0.79931900;0.80159100;0.80376600;0.80584800;0.80783100;0.80971000;0.81148300;0.81315100;0.81471700;0.81618400;0.81755700;0.81884000;0.82004100;0.82116600;0.82222300;0.82321800;0.82415600;0.82504300;0.82588300;0.82668000;0.82743700;0.82815700;         ;         ;         ;         ;         ;         ;         ;         ;         ;         ;         ;         ;         ;         ;         
;95% LL;         ;         ;         ;         ;         ;         ;         ;         ;         ;         ;         ;         ;         ;         ;         ;         ;0.00188237;0.00375226;0.00581776;0.00821640;0.02019420;0.03840300;0.06410390;0.09584630;0.12661800;0.15755900;0.19959200;0.27794100;0.33216700;0.38243500;0.41896200;0.46229900;0.52547400;0.55968700;0.58538500;0.61380600;0.64662600;0.67691900;0.70424500;0.72634800;0.74307000;0.75695500;0.76859400;0.77801600;0.78274500;0.78651600;0.78964400;0.79235400;0.79485700;0.79721000;0.79945200;0.80160400;0.80367400;0.80565100;0.80753000;0.80930700;0.81098100;0.81255500;0.81403200;0.81541400;0.81670400;0.81791100;0.81904000;0.82009900;0.82109300;0.82202900;0.82291100;0.82374400;0.82453200;0.82527800;0.82598400;         ;         ;         ;         ;         ;         ;         ;         ;         ;         ;         ;         ;         ;         ;         
;95% UL;         ;         ;         ;         ;         ;         ;         ;         ;         ;         ;         ;         ;         ;         ;         ;         ;0.00212370;0.00417042;0.00638005;0.00890237;0.02171810;0.04104970;0.06813830;0.10163200;0.13395400;0.16667600;0.21109100;0.29282000;0.35011400;0.40376100;0.44179100;0.48656700;0.55300200;0.59002100;0.61913100;0.65133400;0.68125400;0.70594400;0.72737200;0.74386200;0.75587800;0.76598900;0.77481500;0.78261200;0.78673600;0.79010800;0.79310500;0.79582600;0.79834000;0.80070900;0.80296200;0.80512200;0.80719000;0.80915700;0.81101800;0.81277300;0.81443600;0.81599900;0.81747400;0.81885100;0.82014500;0.82135900;0.82250100;0.82357700;0.82459500;0.82555800;0.82647200;0.82734100;0.82816900;0.82895900;0.82971400;         ;         ;         ;         ;         ;         ;         ;         ;         ;         ;         ;         ;         ;         ;         
% of children (<15) living with HIV who are on ART with VL <400;Mean;         ;         ;         ;         ;         ;         ;         ;         ;         ;         ;         ;         ;         ;         ;         ;         ;0.00260036;0.00476100;0.00674899;0.00897177;0.02406610;0.04742070;0.07405350;0.10338700;0.13340500;0.17004100;0.21939400;0.23943100;0.26669400;0.29214700;0.29617900;0.32654500;0.35212400;0.35759000;0.37019000;0.38378500;0.38513500;0.38521300;0.38431100;0.38667400;0.39409900;0.40572900;0.41456100;0.42386700;0.42826000;0.43170600;0.43393700;0.43606200;0.43763300;0.43857000;0.43905300;0.43932800;0.43951600;0.43972600;0.43999400;0.44031300;0.44068200;0.44110800;0.44160000;0.44209700;0.44256500;0.44298300;0.44333000;0.44358900;0.44374500;0.44379300;0.44373000;0.44355400;0.44326400;0.44286300;0.44235600;         ;         ;         ;         ;         ;         ;         ;         ;         ;         ;         ;         ;         ;         ;         
;95% LL;         ;         ;         ;         ;         ;         ;         ;         ;         ;         ;         ;         ;         ;         ;         ;         ;0.00249281;0.00459485;0.00655812;0.00874717;0.02345280;0.04638000;0.07257200;0.10155000;0.13135300;0.16781600;0.21695100;0.23726000;0.26472400;0.28984800;0.29405700;0.32422600;0.34941900;0.35424900;0.36622900;0.37901100;0.38055900;0.38099100;0.38046900;0.38322700;0.39113500;0.40331300;0.41247000;0.42215300;0.42638600;0.42966300;0.43190900;0.43387000;0.43542900;0.43631100;0.43669600;0.43683300;0.43703800;0.43719900;0.43739000;0.43770100;0.43797900;0.43840000;0.43891400;0.43946200;0.44004200;0.44057100;0.44088500;0.44103400;0.44106800;0.44098100;0.44077000;0.44043600;0.43998100;0.43940600;0.43872100;         ;         ;         ;         ;         ;         ;         ;         ;         ;         ;         ;         ;         ;         ;         
;95% UL;         ;         ;         ;         ;         ;         ;         ;         ;         ;         ;         ;         ;         ;         ;         ;         ;0.00273494;0.00496616;0.00700199;0.00926147;0.02484420;0.04874020;0.07582750;0.10545500;0.13559500;0.17227400;0.22178400;0.24125400;0.26842700;0.29407300;0.29809100;0.32864800;0.35453500;0.36044700;0.37369000;0.38822600;0.38948200;0.38924200;0.38800900;0.38991400;0.39680800;0.40785100;0.41632400;0.42531900;0.42966900;0.43316900;0.43544700;0.43763200;0.43926000;0.44025900;0.44073400;0.44100800;0.44127100;0.44157200;0.44190900;0.44219900;0.44256000;0.44299000;0.44348100;0.44399800;0.44450300;0.44497100;0.44538100;0.44566700;0.44584100;0.44591200;0.44589600;0.44573400;0.44551900;0.44519300;0.44475700;         ;         ;         ;         ;         ;         ;         ;         ;         ;         ;         ;         ;         ;         ;         
% of people living with HIV  who are on ART with VL <1000;Mean;         ;         ;         ;         ;         ;         ;         ;         ;         ;         ;         ;         ;         ;         ;         ;         ;0.00186714;0.00367687;0.00562298;0.00783190;0.01928450;0.03683930;0.06134780;0.09169060;0.12227700;0.15611700;0.20114200;0.27580100;0.32887700;0.37557100;0.41008600;0.45260600;0.51195600;0.54721300;0.57486500;0.60579200;0.63657500;0.66386900;0.68918000;0.70974100;0.72611600;0.73993400;0.75166400;0.76183800;0.76728800;0.77162500;0.77529100;0.77851200;0.78143300;0.78413800;0.78667900;0.78909300;0.79139600;0.79359000;0.79567200;0.79764600;0.79951100;0.80127000;0.80292900;0.80448900;0.80595600;0.80733700;0.80863800;0.80986800;0.81103000;0.81213100;0.81317400;0.81416400;0.81510500;0.81599900;0.81684800;         ;         ;         ;         ;         ;         ;         ;         ;         ;         ;         ;         ;         ;         ;         
;95% LL;         ;         ;         ;         ;         ;         ;         ;         ;         ;         ;         ;         ;         ;         ;         ;         ;0.00176672;0.00350047;0.00538386;0.00753907;0.01865920;0.03579160;0.05973550;0.08919060;0.11915700;0.15235500;0.19655700;0.26979000;0.32150100;0.36675000;0.40020400;0.44170700;0.49950800;0.53295100;0.55890800;0.58832600;0.62016600;0.64997300;0.67794100;0.70090700;0.71935500;0.73488200;0.74799600;0.75947900;0.76545000;0.76986800;0.77348200;0.77664600;0.77951000;0.78215900;0.78465000;0.78702100;0.78928800;0.79145400;0.79351400;0.79547000;0.79732200;0.79907000;0.80074700;0.80233600;0.80383000;0.80523600;0.80651600;0.80768200;0.80878200;0.80983500;0.81085800;0.81182600;0.81274200;0.81360800;0.81442700;         ;         ;         ;         ;         ;         ;         ;         ;         ;         ;         ;         ;         ;         ;         
;95% UL;         ;         ;         ;         ;         ;         ;         ;         ;         ;         ;         ;         ;         ;         ;         ;         ;0.00197402;0.00385502;0.00586109;0.00812036;0.01989600;0.03785550;0.06283830;0.09366130;0.12461300;0.15895800;0.20468600;0.28075900;0.33513100;0.38355400;0.41883000;0.46243800;0.52315900;0.55966100;0.58865000;0.62121900;0.65117600;0.67639900;0.69940000;0.71785100;0.73247700;0.74474000;0.75513400;0.76408400;0.76907800;0.77320000;0.77676000;0.77989200;0.78280300;0.78550500;0.78803700;0.79044900;0.79274100;0.79495700;0.79707000;0.79906800;0.80095000;0.80270600;0.80436100;0.80595400;0.80744400;0.80883600;0.81019300;0.81148000;0.81264900;0.81378700;0.81486700;0.81588000;0.81682000;0.81771600;0.81856900;         ;         ;         ;         ;         ;         ;         ;         ;         ;         ;         ;         ;         ;         ;         
% of men (15+) living with HIV who are on ART with VL <1000;Mean;         ;         ;         ;         ;         ;         ;         ;         ;         ;         ;         ;         ;         ;         ;         ;         ;0.00143795;0.00281767;0.00427225;0.00584654;0.01412350;0.02700220;0.04567790;0.06952370;0.09383350;0.12172600;0.16047700;0.22668000;0.27607800;0.31872000;0.34868100;0.38708800;0.44279100;0.47721300;0.50488300;0.53771600;0.56881500;0.59623900;0.62362200;0.64567300;0.66378800;0.67903200;0.69194700;0.70302000;0.70914000;0.71391100;0.71781700;0.72114600;0.72407600;0.72671700;0.72914900;0.73142300;0.73356600;0.73558700;0.73749000;0.73927500;0.74094400;0.74249800;0.74394100;0.74527500;0.74650200;0.74763100;0.74867000;0.74962500;0.75050200;0.75130300;0.75203600;0.75270300;0.75330800;0.75385400;0.75434400;         ;         ;         ;         ;         ;         ;         ;         ;         ;         ;         ;         ;         ;         ;         
;95% LL;         ;         ;         ;         ;         ;         ;         ;         ;         ;         ;         ;         ;         ;         ;         ;         ;0.00130959;0.00258865;0.00395959;0.00546549;0.01331010;0.02563810;0.04348220;0.06633820;0.08950900;0.11616800;0.15316700;0.21648500;0.26389800;0.30464300;0.33339900;0.37040700;0.42410000;0.45710300;0.48348100;0.51423700;0.54650800;0.57718500;0.60797500;0.63346600;0.65468200;0.67218100;0.68717900;0.69999100;0.70671800;0.71191000;0.71606900;0.71950400;0.72242800;0.72504000;0.72737800;0.72956300;0.73162200;0.73356600;0.73539800;0.73711900;0.73872800;0.74022600;0.74161600;0.74290000;0.74407700;0.74515500;0.74614200;0.74704400;0.74786400;0.74860700;0.74927800;0.74988000;0.75043600;0.75093600;0.75137700;         ;         ;         ;         ;         ;         ;         ;         ;         ;         ;         ;         ;         ;         ;         
;95% UL;         ;         ;         ;         ;         ;         ;         ;         ;         ;         ;         ;         ;         ;         ;         ;         ;0.00155389;0.00301933;0.00454399;0.00617880;0.01488640;0.02844530;0.04804440;0.07298960;0.09864240;0.12772100;0.16797900;0.23667800;0.28761300;0.33184300;0.36248600;0.40167200;0.45858100;0.49377100;0.52233800;0.55682500;0.58753100;0.61302200;0.63787400;0.65717400;0.67271200;0.68559300;0.69660900;0.70592500;0.71145700;0.71574500;0.71952800;0.72276800;0.72562500;0.72821200;0.73062800;0.73289800;0.73504300;0.73707000;0.73898100;0.74077900;0.74246200;0.74403200;0.74549300;0.74684600;0.74809100;0.74922700;0.75030600;0.75128400;0.75219900;0.75301100;0.75376900;0.75446200;0.75518500;0.75588500;0.75653100;         ;         ;         ;         ;         ;         ;         ;         ;         ;         ;         ;         ;         ;         ;         
% of women (15+) living with HIV who are on ART with VL <1000;Mean;         ;         ;         ;         ;         ;         ;         ;         ;         ;         ;         ;         ;         ;         ;         ;         ;0.00208568;0.00412985;0.00636570;0.00894298;0.02187060;0.04146400;0.06902410;0.10304300;0.13680100;0.17294700;0.22031100;0.30455900;0.36159900;0.41192900;0.45061100;0.49554400;0.55839600;0.59481600;0.62213300;0.65164700;0.68231400;0.70923700;0.73292800;0.75184300;0.76632500;0.77841100;0.78861700;0.79742400;0.80171400;0.80513800;0.80806100;0.81067300;0.81307900;0.81533500;0.81747800;0.81952900;0.82149300;0.82336300;0.82513300;0.82680100;0.82836800;0.82983700;0.83121000;0.83249100;0.83368600;0.83480000;0.83584100;0.83681600;0.83773100;0.83859200;0.83940200;0.84016800;0.84089100;0.84157700;0.84222700;         ;         ;         ;         ;         ;         ;         ;         ;         ;         ;         ;         ;         ;         ;         
;95% LL;         ;         ;         ;         ;         ;         ;         ;         ;         ;         ;         ;         ;         ;         ;         ;         ;0.00196482;0.00391456;0.00606651;0.00856395;0.02105070;0.04006230;0.06687070;0.10002900;0.13314200;0.16840100;0.21475400;0.29717200;0.35269700;0.40137300;0.43908900;0.48301500;0.54458700;0.57921600;0.60473200;0.63258100;0.66494100;0.69462200;0.72131700;0.74311300;0.75995700;0.77389700;0.78555400;0.79482700;0.79945300;0.80312100;0.80600900;0.80857700;0.81094100;0.81316000;0.81527300;0.81730200;0.81925400;0.82111800;0.82288700;0.82455900;0.82613200;0.82760700;0.82898800;0.83027700;0.83147700;0.83259600;0.83363900;0.83461400;0.83552700;0.83638300;0.83718800;0.83794400;0.83865800;0.83933000;0.83996500;         ;         ;         ;         ;         ;         ;         ;         ;         ;         ;         ;         ;         ;         ;         
;95% UL;         ;         ;         ;         ;         ;         ;         ;         ;         ;         ;         ;         ;         ;         ;         ;         ;0.00221638;0.00435021;0.00665209;0.00928018;0.02263390;0.04281830;0.07108440;0.10606200;0.14083200;0.17810500;0.22702200;0.31288100;0.37169100;0.42362400;0.46291900;0.50817700;0.57297100;0.61048500;0.63951600;0.67103800;0.70036000;0.72426600;0.74481900;0.76086000;0.77288700;0.78297200;0.79170300;0.79944700;0.80346900;0.80670200;0.80954800;0.81211900;0.81449700;0.81673200;0.81885500;0.82090600;0.82287400;0.82472400;0.82647600;0.82813000;0.82969400;0.83116200;0.83253800;0.83382500;0.83502900;0.83615600;0.83721300;0.83820600;0.83914300;0.84002800;0.84086600;0.84166000;0.84241500;0.84313400;0.84381800;         ;         ;         ;         ;         ;         ;         ;         ;         ;         ;         ;         ;         ;         ;         
% of children (<15) living with HIV who are on ART with VL <1000;Mean;         ;         ;         ;         ;         ;         ;         ;         ;         ;         ;         ;         ;         ;         ;         ;         ;0.00281590;0.00515563;0.00730840;0.00971543;0.02606090;0.05095240;0.07903300;0.11005100;0.14417100;0.18782100;0.24499100;0.26936500;0.29858100;0.32480000;0.33210300;0.36310000;0.38815900;0.39521400;0.40785300;0.42151300;0.42168900;0.42048300;0.41822500;0.41953100;0.42631000;0.43759200;0.44711700;0.45715500;0.46189300;0.46560900;0.46801500;0.47030700;0.47200100;0.47301200;0.47353300;0.47383000;0.47403200;0.47425900;0.47454700;0.47489200;0.47529000;0.47575000;0.47628000;0.47681600;0.47732000;0.47777100;0.47814600;0.47842500;0.47859400;0.47864500;0.47857700;0.47838700;0.47807500;0.47764200;0.47709500;         ;         ;         ;         ;         ;         ;         ;         ;         ;         ;         ;         ;         ;         ;         
;95% LL;         ;         ;         ;         ;         ;         ;         ;         ;         ;         ;         ;         ;         ;         ;         ;         ;0.00269944;0.00497571;0.00710171;0.00947222;0.02539670;0.04983410;0.07745190;0.10809600;0.14195400;0.18536400;0.24226200;0.26692200;0.29637500;0.32224400;0.32972400;0.36052100;0.38517700;0.39152100;0.40348900;0.41627000;0.41667900;0.41587400;0.41404400;0.41579100;0.42310400;0.43498600;0.44486200;0.45530600;0.45987100;0.46340600;0.46582800;0.46794300;0.46962500;0.47057600;0.47099100;0.47113900;0.47136000;0.47153400;0.47173900;0.47207400;0.47237400;0.47282900;0.47338300;0.47397400;0.47460000;0.47517000;0.47550900;0.47567000;0.47570600;0.47561200;0.47538500;0.47502500;0.47453300;0.47391400;0.47317500;         ;         ;         ;         ;         ;         ;         ;         ;         ;         ;         ;         ;         ;         ;         
;95% UL;         ;         ;         ;         ;         ;         ;         ;         ;         ;         ;         ;         ;         ;         ;         ;         ;0.00296164;0.00537780;0.00758237;0.01002910;0.02690360;0.05237010;0.08092640;0.11225300;0.14653800;0.19028900;0.24765900;0.27141500;0.30052100;0.32694100;0.33424800;0.36543800;0.39081600;0.39837100;0.41170800;0.42639100;0.42644800;0.42488100;0.42225000;0.42304600;0.42924100;0.43988000;0.44901900;0.45872000;0.46341200;0.46718600;0.46964400;0.47200000;0.47375600;0.47483300;0.47534600;0.47564100;0.47592600;0.47624900;0.47661300;0.47692600;0.47731600;0.47777900;0.47830900;0.47886600;0.47941100;0.47991600;0.48035700;0.48066700;0.48085400;0.48093000;0.48091300;0.48073900;0.48050700;0.48015500;0.47968500;         ;         ;         ;         ;         ;         ;         ;         ;         ;         ;         ;         ;         ;         ;         
;;         ;         ;         ;         ;         ;         ;         ;         ;         ;         ;         ;         ;         ;         ;         ;         ;         ;         ;         ;         ;         ;         ;         ;         ;         ;         ;         ;         ;         ;         ;         ;         ;         ;         ;         ;         ;         ;         ;         ;         ;         ;         ;         ;         ;         ;         ;         ;         ;         ;         ;         ;         ;         ;         ;         ;         ;         ;         ;         ;         ;         ;         ;         ;         ;         ;         ;         ;         ;         ;         ;         ;         ;         ;         ;         ;         ;         ;         ;         ;         ;         ;         ;         ;         ;         ;         
Other HIV prevention indicators;;         ;         ;         ;         ;         ;         ;         ;         ;         ;         ;         ;         ;         ;         ;         ;         ;         ;         ;         ;         ;         ;         ;         ;         ;         ;         ;         ;         ;         ;         ;         ;         ;         ;         ;         ;         ;         ;         ;         ;         ;         ;         ;         ;         ;         ;         ;         ;         ;         ;         ;         ;         ;         ;         ;         ;         ;         ;         ;         ;         ;         ;         ;         ;         ;         ;         ;         ;         ;         ;         ;         ;         ;         ;         ;         ;         ;         ;         ;         ;         ;         ;         ;         ;         ;         ;         
;;         ;         ;         ;         ;         ;         ;         ;         ;         ;         ;         ;         ;         ;         ;         ;         ;         ;         ;         ;         ;         ;         ;         ;         ;         ;         ;         ;         ;         ;         ;         ;         ;         ;         ;         ;         ;         ;         ;         ;         ;         ;         ;         ;         ;         ;         ;         ;         ;         ;         ;         ;         ;         ;         ;         ;         ;         ;         ;         ;         ;         ;         ;         ;         ;         ;         ;         ;         ;         ;         ;         ;         ;         ;         ;         ;         ;         ;         ;         ;         ;         ;         ;         ;         ;         ;         
% of women aged 15-24 who used condoms at last sex;Mean;0.01545140;0.01548880;0.01554270;0.01561620;0.01571960;0.01589030;0.01621410;0.01693350;0.01845060;0.02137280;0.02652710;0.03493700;0.04777130;0.06610420;0.09060920;0.12110400;0.15605900;0.19231400;0.22570300;0.25250100;0.27070200;0.28192100;0.28798500;0.29132700;0.29369700;0.29910300;0.30308500;0.30462000;0.30529400;0.30476600;0.30538400;0.30691300;0.30877800;0.30992300;0.31090100;0.31224700;0.31229800;0.31301600;0.31328800;0.31327500;0.31301100;0.31233500;0.31138200;0.31023800;0.30900800;0.30781400;0.30658300;0.30534000;0.30410400;0.30288500;0.30173800;0.30074600;0.29986200;0.29910400;0.29850200;0.29809700;0.29780800;0.29760300;0.29740700;0.29725100;0.29712700;0.29701900;0.29693300;0.29688600;0.29687200;0.29688500;0.29692000;0.29697000;0.29702700;0.29708600;0.29714300;         ;         ;         ;         ;         ;         ;         ;         ;         ;         ;         ;         ;         ;         ;         
;95% LL;0.01545140;0.01548680;0.01553940;0.01561210;0.01571490;0.01588370;0.01620430;0.01690260;0.01836730;0.02118630;0.02621130;0.03446140;0.04712740;0.06531880;0.08973790;0.12021300;0.15519900;0.19141300;0.22478100;0.25153800;0.26972900;0.28088500;0.28685800;0.29011100;0.29234900;0.29759900;0.30149300;0.30300200;0.30366400;0.30318700;0.30396600;0.30556000;0.30743200;0.30858200;0.30958600;0.31098300;0.31103900;0.31172100;0.31201700;0.31198400;0.31176700;0.31108800;0.31013400;0.30902000;0.30784600;0.30670800;0.30551600;0.30432200;0.30314400;0.30197300;0.30086900;0.29991500;0.29908900;0.29838300;0.29783500;0.29747700;0.29723000;0.29705100;0.29688800;0.29676600;0.29667000;0.29658800;0.29651600;0.29648000;0.29648800;0.29652200;0.29657900;0.29664200;0.29671500;0.29678000;0.29684400;         ;         ;         ;         ;         ;         ;         ;         ;         ;         ;         ;         ;         ;         ;         
;95% UL;0.01545140;0.01549450;0.01555240;0.01562880;0.01573430;0.01590670;0.01623200;0.01696650;0.01855260;0.02159320;0.02691540;0.03551630;0.04853180;0.06699480;0.09160480;0.12212900;0.15706100;0.19328100;0.22662600;0.25342000;0.27161100;0.28297100;0.28910400;0.29257400;0.29495600;0.30055700;0.30466800;0.30623600;0.30701100;0.30650500;0.30700100;0.30850200;0.31035200;0.31148200;0.31247800;0.31379600;0.31378800;0.31445200;0.31464100;0.31464700;0.31431400;0.31361600;0.31261700;0.31144800;0.31020800;0.30898400;0.30771000;0.30640900;0.30510400;0.30381100;0.30259400;0.30154700;0.30059900;0.29978300;0.29914000;0.29870100;0.29839000;0.29816500;0.29795100;0.29777500;0.29762500;0.29748300;0.29738200;0.29730200;0.29727500;0.29727700;0.29730600;0.29735200;0.29739700;0.29744200;0.29749200;         ;         ;         ;         ;         ;         ;         ;         ;         ;         ;         ;         ;         ;         ;         
% of women aged 25-49 who used condoms at last sex;Mean;0.00900388;0.00901692;0.00903297;0.00905349;0.00908602;0.00915508;0.00932455;0.00972664;0.01059390;0.01228190;0.01528100;0.02021170;0.02774730;0.03859610;0.05321790;0.07158400;0.09292330;0.11556100;0.13718200;0.15575400;0.17057200;0.18334800;0.19491400;0.20572800;0.21588600;0.22854000;0.24034500;0.25065500;0.25855300;0.26413700;0.26928200;0.27420400;0.27856900;0.28167800;0.28385100;0.28551400;0.28597300;0.28605900;0.28554000;0.28453600;0.28308000;0.28118800;0.27891900;0.27632400;0.27344400;0.27037700;0.26716800;0.26386900;0.26052300;0.25715400;0.25375900;0.25037900;0.24706700;0.24386500;0.24078500;0.23782000;0.23497700;0.23227200;0.22970700;0.22729600;0.22503500;0.22291800;0.22093700;0.21901300;0.21715400;0.21537100;0.21362700;0.21193400;0.21029600;0.20873700;0.20728100;         ;         ;         ;         ;         ;         ;         ;         ;         ;         ;         ;         ;         ;         ;         
;95% LL;0.00900388;0.00901497;0.00902926;0.00904839;0.00907978;0.00914666;0.00931315;0.00970092;0.01053820;0.01216210;0.01507590;0.01990240;0.02727400;0.03796740;0.05242620;0.07060270;0.09175910;0.11422900;0.13570400;0.15415300;0.16886700;0.18152100;0.19300700;0.20381100;0.21404000;0.22652700;0.23818200;0.24841800;0.25624400;0.26184100;0.26691200;0.27177900;0.27615000;0.27924700;0.28147500;0.28308500;0.28351500;0.28353600;0.28289800;0.28172100;0.28019400;0.27815400;0.27577700;0.27311100;0.27022700;0.26714200;0.26396800;0.26068900;0.25722800;0.25375500;0.25046700;0.24711500;0.24385000;0.24075000;0.23780700;0.23491100;0.23208200;0.22940200;0.22687500;0.22448200;0.22224900;0.22017600;0.21825300;0.21639300;0.21461500;0.21290100;0.21122200;0.20960200;0.20803300;0.20654700;0.20518800;         ;         ;         ;         ;         ;         ;         ;         ;         ;         ;         ;         ;         ;         ;         
;95% UL;0.00900388;0.00902236;0.00904351;0.00906883;0.00910595;0.00917949;0.00935343;0.00975967;0.01065810;0.01242160;0.01554100;0.02061060;0.02831070;0.03938300;0.05419120;0.07271500;0.09418670;0.11698300;0.13869600;0.15728800;0.17214900;0.18507700;0.19684700;0.20772200;0.21800100;0.23078700;0.24269200;0.25304100;0.26103000;0.26666300;0.27187200;0.27685700;0.28121300;0.28437800;0.28654700;0.28832800;0.28888700;0.28893400;0.28858900;0.28781400;0.28653900;0.28491200;0.28276500;0.28020300;0.27732100;0.27422100;0.27102100;0.26770600;0.26427400;0.26089000;0.25748200;0.25402500;0.25067600;0.24746200;0.24432400;0.24120300;0.23833600;0.23553300;0.23304800;0.23069400;0.22846700;0.22636800;0.22440000;0.22247900;0.22061400;0.21881200;0.21703900;0.21530300;0.21354600;0.21190200;0.21036900;         ;         ;         ;         ;         ;         ;         ;         ;         ;         ;         ;         ;         ;         ;         
% of men aged 15-49 who are circumcised;Mean;0.34869700;0.34935000;0.34974300;0.34990900;0.34993900;0.34995500;0.35003800;0.35043700;0.35108000;0.35185200;0.35261800;0.35329800;0.35329800;0.35314700;0.35296700;0.35289000;0.35285000;0.35344300;0.35423300;0.35518500;0.35627300;0.35746200;0.35855800;0.35974300;0.36134100;0.36315400;0.37065600;0.38841600;0.41147200;0.43200000;0.46082700;0.49038100;0.51650900;0.54495100;0.57453000;0.59729900;0.61005300;0.62744900;0.64360700;0.65841500;0.67248400;0.68697100;0.70093400;0.71433900;0.72719200;0.73958000;0.75155100;0.76319300;0.77452000;0.78540900;0.79581100;0.80572100;0.81498700;0.82355000;0.83144500;0.83864100;0.84508600;0.85072400;0.85554900;0.85967000;0.86310900;0.86594100;0.86813700;0.86977400;0.87098400;0.87184300;0.87255300;0.87316700;0.87371300;0.87410300;0.87439000;         ;         ;         ;         ;         ;         ;         ;         ;         ;         ;         ;         ;         ;         ;         
;95% LL;0.34869700;0.34935000;0.34974300;0.34990900;0.34993900;0.34995400;0.35003600;0.35043200;0.35106800;0.35182700;0.35256800;0.35322800;0.35319400;0.35300600;0.35278900;0.35267800;0.35261200;0.35318400;0.35396000;0.35491800;0.35601700;0.35722400;0.35833800;0.35952100;0.36112100;0.36292500;0.37040700;0.38808700;0.41106000;0.43149100;0.46018100;0.48962700;0.51566500;0.54402000;0.57350800;0.59620000;0.60889000;0.62623900;0.64235900;0.65725500;0.67142900;0.68601200;0.70007700;0.71357000;0.72649500;0.73894400;0.75093700;0.76255300;0.77393600;0.78487000;0.79529500;0.80521700;0.81448700;0.82305000;0.83094200;0.83813300;0.84457400;0.85020900;0.85503100;0.85915300;0.86259300;0.86543000;0.86763200;0.86927800;0.87049900;0.87137000;0.87209300;0.87272200;0.87328300;0.87369000;0.87399400;         ;         ;         ;         ;         ;         ;         ;         ;         ;         ;         ;         ;         ;         ;         
;95% UL;0.34869700;0.34935000;0.34974300;0.34990900;0.34993900;0.34995600;0.35004000;0.35044400;0.35109600;0.35188600;0.35267400;0.35338300;0.35340900;0.35328200;0.35312700;0.35307200;0.35304300;0.35363900;0.35442000;0.35536300;0.35645400;0.35764300;0.35873300;0.35992300;0.36153200;0.36335700;0.37089800;0.38872200;0.41187200;0.43248800;0.46146700;0.49116800;0.51740500;0.54593900;0.57561200;0.59848900;0.61130500;0.62875700;0.64496900;0.65969900;0.67367200;0.68803800;0.70190500;0.71519500;0.72794200;0.74023600;0.75213300;0.76373700;0.77505000;0.78592300;0.79631500;0.80621100;0.81546400;0.82401500;0.83189900;0.83908300;0.84553100;0.85116300;0.85600300;0.86012500;0.86354800;0.86636000;0.86854200;0.87017100;0.87136200;0.87221200;0.87290400;0.87350400;0.87403500;0.87440600;0.87468000;         ;         ;         ;         ;         ;         ;         ;         ;         ;         ;         ;         ;         ;         ;         
Number of neonatal MMC operations;Mean;56076.30000000;56076.60000000;55981.70000000;55808.00000000;55557.80000000;55234.00000000;55443.40000000;55692.90000000;55711.20000000;55558.90000000;55231.70000000;54798.80000000;52889.60000000;52142.70000000;52832.30000000;52199.50000000;52247.20000000;52411.30000000;53935.60000000;57605.90000000;59083.40000000;60445.20000000;61705.00000000;61662.10000000;60540.40000000;60672.70000000;61358.40000000;62272.90000000;63038.60000000;63350.50000000;63406.70000000;63124.90000000;62508.30000000;62637.10000000;62729.90000000;62819.70000000;63221.30000000;63711.10000000;64166.50000000;64572.90000000;64931.00000000;65242.10000000;65515.20000000;65759.60000000;65988.50000000;66218.00000000;66461.80000000;66727.40000000;66987.40000000;67237.20000000;67467.60000000;67664.20000000;67813.50000000;67913.30000000;67965.40000000;67971.10000000;67933.20000000;67853.90000000;67734.60000000;67580.60000000;67400.50000000;67202.30000000;66993.70000000;66782.30000000;66574.60000000;66376.60000000;66189.60000000;66014.60000000;65854.70000000;65710.90000000;65582.00000000;         ;         ;         ;         ;         ;         ;         ;         ;         ;         ;         ;         ;         ;         ;         
;95% LL;56076.30000000;56076.60000000;55981.60000000;55807.80000000;55557.40000000;55232.90000000;55441.20000000;55688.20000000;55702.10000000;55542.70000000;55205.30000000;54759.10000000;52832.30000000;52060.90000000;52725.50000000;52067.40000000;52088.60000000;52222.70000000;53720.20000000;57355.30000000;58809.50000000;60159.20000000;61416.30000000;61368.60000000;60248.80000000;60389.10000000;61082.70000000;62007.50000000;62778.40000000;63098.40000000;63162.40000000;62886.90000000;62279.90000000;62416.40000000;62515.20000000;62607.80000000;62961.40000000;63422.20000000;63840.20000000;64233.20000000;64555.80000000;64855.70000000;65116.50000000;65354.80000000;65579.70000000;65807.00000000;66049.60000000;66321.90000000;66589.00000000;66838.70000000;67066.10000000;67260.60000000;67409.00000000;67513.90000000;67571.80000000;67585.20000000;67556.80000000;67490.30000000;67377.70000000;67233.30000000;67062.00000000;66871.60000000;66669.50000000;66463.00000000;66258.50000000;66061.90000000;65875.60000000;65699.20000000;65536.50000000;65389.50000000;65256.90000000;         ;         ;         ;         ;         ;         ;         ;         ;         ;         ;         ;         ;         ;         ;         
;95% UL;56076.30000000;56076.70000000;55981.80000000;55808.20000000;55558.40000000;55235.20000000;55445.70000000;55697.20000000;55719.10000000;55572.30000000;55253.90000000;54831.40000000;52937.40000000;52209.60000000;52919.00000000;52309.20000000;52382.50000000;52570.40000000;54121.50000000;57824.80000000;59324.70000000;60703.80000000;61975.10000000;61933.40000000;60804.20000000;60931.60000000;61612.40000000;62519.50000000;63276.10000000;63578.00000000;63625.10000000;63336.40000000;62713.50000000;62840.10000000;62932.30000000;63022.90000000;63435.10000000;63979.40000000;64487.40000000;64936.70000000;65329.10000000;65666.30000000;65958.70000000;66216.40000000;66453.60000000;66687.80000000;66934.20000000;67201.40000000;67462.00000000;67711.30000000;67939.80000000;68132.60000000;68276.20000000;68369.10000000;68413.40000000;68410.90000000;68364.40000000;68276.30000000;68148.30000000;67986.00000000;67798.20000000;67593.40000000;67379.60000000;67164.50000000;66955.10000000;66757.20000000;66572.20000000;66400.50000000;66245.10000000;66106.40000000;65982.80000000;         ;         ;         ;         ;         ;         ;         ;         ;         ;         ;         ;         ;         ;         ;         
Number of MMC operations in males 10-14;Mean;         ;         ;         ;         ;         ;         ;         ;         ;         ;         ;         ;         ;         ;         ;         ;         ;         ;         ;         ;         ;         ;         ;         ;2272.49000000;3960.64000000;55968.80000000;145463.00000000;169711.00000000;130469.00000000;203731.00000000;213023.00000000;192398.00000000;247914.00000000;285912.00000000;208083.00000000;71717.10000000;207426.00000000;217867.00000000;226857.00000000;224069.00000000;221639.00000000;223044.00000000;224061.00000000;224112.00000000;224085.00000000;224084.00000000;224030.00000000;224299.00000000;225304.00000000;226646.00000000;228210.00000000;229956.00000000;231713.00000000;233330.00000000;234798.00000000;236148.00000000;237422.00000000;238669.00000000;239930.00000000;241205.00000000;242482.00000000;243736.00000000;244927.00000000;246004.00000000;246936.00000000;247701.00000000;248288.00000000;248694.00000000;248925.00000000;248988.00000000;248894.00000000;         ;         ;         ;         ;         ;         ;         ;         ;         ;         ;         ;         ;         ;         ;         
;95% LL;         ;         ;         ;         ;         ;         ;         ;         ;         ;         ;         ;         ;         ;         ;         ;         ;         ;         ;         ;         ;         ;         ;         ;2262.49000000;3942.27000000;55710.00000000;144792.00000000;168928.00000000;129859.00000000;202734.00000000;211932.00000000;191355.00000000;246479.00000000;284202.00000000;206815.00000000;71246.40000000;206012.00000000;216351.00000000;224744.00000000;222580.00000000;220459.00000000;222028.00000000;223159.00000000;223245.00000000;223247.00000000;223271.00000000;223236.00000000;223473.00000000;224409.00000000;225651.00000000;227130.00000000;228809.00000000;230459.00000000;232007.00000000;233388.00000000;234704.00000000;235958.00000000;237190.00000000;238453.00000000;239736.00000000;241002.00000000;242244.00000000;243436.00000000;244520.00000000;245463.00000000;246243.00000000;246848.00000000;247278.00000000;247540.00000000;247635.00000000;247574.00000000;         ;         ;         ;         ;         ;         ;         ;         ;         ;         ;         ;         ;         ;         ;         
;95% UL;         ;         ;         ;         ;         ;         ;         ;         ;         ;         ;         ;         ;         ;         ;         ;         ;         ;         ;         ;         ;         ;         ;         ;2282.81000000;3979.00000000;56238.30000000;146168.00000000;170549.00000000;131144.00000000;204823.00000000;214269.00000000;193576.00000000;249457.00000000;287714.00000000;209410.00000000;72182.50000000;208853.00000000;219330.00000000;228638.00000000;225234.00000000;222621.00000000;223908.00000000;224858.00000000;224881.00000000;224831.00000000;224816.00000000;224755.00000000;225013.00000000;226028.00000000;227459.00000000;229191.00000000;231096.00000000;232989.00000000;234719.00000000;236273.00000000;237686.00000000;239004.00000000;240279.00000000;241558.00000000;242844.00000000;244127.00000000;245382.00000000;246569.00000000;247638.00000000;248556.00000000;249303.00000000;249868.00000000;250249.00000000;250453.00000000;250488.00000000;250366.00000000;         ;         ;         ;         ;         ;         ;         ;         ;         ;         ;         ;         ;         ;         ;         
Number of MMC operations in males 15-19;Mean;         ;         ;         ;         ;         ;         ;         ;         ;         ;         ;         ;         ;         ;         ;         ;         ;         ;         ;         ;         ;         ;         ;         ;1417.49000000;2491.34000000;35386.50000000;92973.90000000;111489.00000000;83684.90000000;118888.00000000;107693.00000000;79358.90000000;81211.20000000;76374.60000000;45637.80000000;13323.90000000;34715.20000000;36312.50000000;39898.40000000;44472.30000000;48798.50000000;50151.70000000;51041.20000000;51226.90000000;50452.10000000;49585.60000000;49894.80000000;50166.90000000;50216.50000000;50183.30000000;50116.20000000;50027.80000000;50009.10000000;50154.50000000;50367.80000000;50634.20000000;50955.40000000;51291.20000000;51599.40000000;51876.60000000;52128.80000000;52364.60000000;52594.10000000;52826.60000000;53063.40000000;53303.30000000;53541.50000000;53769.50000000;53976.10000000;54154.40000000;54299.10000000;         ;         ;         ;         ;         ;         ;         ;         ;         ;         ;         ;         ;         ;         ;         
;95% LL;         ;         ;         ;         ;         ;         ;         ;         ;         ;         ;         ;         ;         ;         ;         ;         ;         ;         ;         ;         ;         ;         ;         ;1412.54000000;2483.07000000;35265.60000000;92631.00000000;111060.00000000;83344.10000000;118455.00000000;107333.00000000;79079.00000000;80885.80000000;75973.00000000;45294.20000000;13194.60000000;34332.60000000;35879.70000000;38918.10000000;43511.30000000;47922.40000000;49375.30000000;50389.80000000;50718.80000000;50060.10000000;49303.30000000;49661.20000000;49960.10000000;50018.50000000;49993.90000000;49934.50000000;49851.70000000;49825.70000000;49961.30000000;50155.70000000;50405.10000000;50711.20000000;51023.20000000;51307.40000000;51570.90000000;51816.30000000;52047.70000000;52274.10000000;52505.30000000;52745.50000000;52985.10000000;53220.80000000;53446.70000000;53654.70000000;53835.30000000;53983.00000000;         ;         ;         ;         ;         ;         ;         ;         ;         ;         ;         ;         ;         ;         ;         
;95% UL;         ;         ;         ;         ;         ;         ;         ;         ;         ;         ;         ;         ;         ;         ;         ;         ;         ;         ;         ;         ;         ;         ;         ;1422.54000000;2500.77000000;35514.40000000;93331.70000000;111937.00000000;84046.40000000;119381.00000000;108110.00000000;79663.00000000;81612.80000000;76822.90000000;45976.80000000;13446.90000000;35120.20000000;36778.50000000;40809.60000000;45346.80000000;49585.70000000;50824.70000000;51619.40000000;51677.40000000;50758.50000000;49806.50000000;50078.80000000;50333.90000000;50377.70000000;50339.90000000;50269.90000000;50180.10000000;50159.60000000;50304.20000000;50543.30000000;50832.20000000;51194.10000000;51560.40000000;51894.10000000;52190.80000000;52457.40000000;52703.20000000;52939.20000000;53175.90000000;53415.20000000;53656.30000000;53894.80000000;54122.10000000;54327.00000000;54502.40000000;54643.20000000;         ;         ;         ;         ;         ;         ;         ;         ;         ;         ;         ;         ;         ;         ;         
Number of MMC operations in males 20-24;Mean;         ;         ;         ;         ;         ;         ;         ;         ;         ;         ;         ;         ;         ;         ;         ;         ;         ;         ;         ;         ;         ;         ;         ;615.79400000;1109.98000000;16114.70000000;43567.40000000;54478.70000000;43634.60000000;66055.00000000;66112.30000000;54505.00000000;60691.30000000;60089.50000000;36809.70000000;9798.17000000;19967.90000000;16505.10000000;14181.30000000;12095.10000000;10959.70000000;10607.90000000;10618.00000000;11156.00000000;12422.90000000;13684.90000000;14181.40000000;14551.40000000;14673.30000000;14432.20000000;14119.50000000;14187.30000000;14243.50000000;14245.40000000;14217.40000000;14174.70000000;14124.20000000;14091.50000000;14103.70000000;14132.80000000;14176.70000000;14238.40000000;14306.80000000;14368.80000000;14423.10000000;14471.20000000;14515.30000000;14558.10000000;14602.10000000;14647.90000000;14695.50000000;         ;         ;         ;         ;         ;         ;         ;         ;         ;         ;         ;         ;         ;         ;         
;95% LL;         ;         ;         ;         ;         ;         ;         ;         ;         ;         ;         ;         ;         ;         ;         ;         ;         ;         ;         ;         ;         ;         ;         ;611.07700000;1101.93000000;16001.20000000;43279.70000000;54162.30000000;43410.60000000;65770.30000000;65862.60000000;54303.90000000;60506.60000000;59885.80000000;36676.60000000;9748.24000000;19797.90000000;16324.90000000;13808.90000000;11752.90000000;10634.30000000;10289.20000000;10304.30000000;10844.20000000;12120.30000000;13407.30000000;13939.20000000;14346.90000000;14518.40000000;14317.00000000;14030.60000000;14115.30000000;14183.00000000;14186.80000000;14160.90000000;14119.80000000;14071.10000000;14038.00000000;14047.50000000;14072.30000000;14111.50000000;14168.10000000;14232.60000000;14291.60000000;14343.50000000;14389.90000000;14432.80000000;14474.80000000;14518.30000000;14563.80000000;14611.20000000;         ;         ;         ;         ;         ;         ;         ;         ;         ;         ;         ;         ;         ;         ;         
;95% UL;         ;         ;         ;         ;         ;         ;         ;         ;         ;         ;         ;         ;         ;         ;         ;         ;         ;         ;         ;         ;         ;         ;         ;619.21900000;1116.05000000;16199.80000000;43779.30000000;54723.80000000;43812.70000000;66288.40000000;66317.60000000;54657.70000000;60845.00000000;60216.50000000;36910.50000000;9840.62000000;20096.20000000;16649.00000000;14525.30000000;12409.60000000;11257.00000000;10896.70000000;10899.90000000;11432.30000000;12689.20000000;13927.30000000;14391.40000000;14723.00000000;14806.50000000;14523.80000000;14188.00000000;14241.70000000;14289.60000000;14289.40000000;14259.20000000;14215.10000000;14164.30000000;14132.20000000;14144.80000000;14174.80000000;14220.90000000;14291.80000000;14366.70000000;14433.20000000;14493.10000000;14545.40000000;14592.50000000;14637.30000000;14682.60000000;14729.30000000;14777.30000000;         ;         ;         ;         ;         ;         ;         ;         ;         ;         ;         ;         ;         ;         ;         
Number of MMC operations in males 25-49;Mean;         ;         ;         ;         ;         ;         ;         ;         ;         ;         ;         ;         ;         ;         ;         ;         ;         ;         ;         ;         ;         ;         ;         ;851.11600000;1546.23000000;22772.20000000;63538.10000000;83386.50000000;71133.00000000;115261.00000000;126331.00000000;115777.00000000;144615.00000000;165692.00000000;121346.00000000;39011.00000000;94890.90000000;94496.50000000;94011.60000000;89809.60000000;85418.20000000;81008.80000000;76682.50000000;72421.70000000;68170.70000000;64052.00000000;60115.00000000;56270.60000000;52602.70000000;49211.10000000;45970.50000000;42623.10000000;39459.70000000;36502.10000000;33747.60000000;31212.00000000;28924.50000000;26912.60000000;25189.10000000;23731.70000000;22532.90000000;21558.10000000;20840.40000000;20433.40000000;20255.40000000;20245.10000000;20329.70000000;20463.40000000;20640.00000000;20865.80000000;21071.70000000;         ;         ;         ;         ;         ;         ;         ;         ;         ;         ;         ;         ;         ;         ;         
;95% LL;         ;         ;         ;         ;         ;         ;         ;         ;         ;         ;         ;         ;         ;         ;         ;         ;         ;         ;         ;         ;         ;         ;         ;839.00200000;1523.81000000;22438.80000000;62636.90000000;82222.70000000;70159.70000000;113723.00000000;124740.00000000;114360.00000000;142902.00000000;163793.00000000;120025.00000000;38594.80000000;93737.70000000;93311.40000000;91905.70000000;87779.20000000;83472.50000000;79145.90000000;74879.10000000;70688.90000000;66528.80000000;62513.00000000;58688.70000000;54954.50000000;51380.70000000;48051.60000000;44878.80000000;41632.50000000;38544.70000000;35662.20000000;32978.20000000;30509.40000000;28296.40000000;26353.50000000;24694.50000000;23285.90000000;22134.10000000;21200.40000000;20518.00000000;20140.30000000;19986.10000000;19995.20000000;20098.20000000;20246.20000000;20428.70000000;20658.80000000;20879.20000000;         ;         ;         ;         ;         ;         ;         ;         ;         ;         ;         ;         ;         ;         ;         
;95% UL;         ;         ;         ;         ;         ;         ;         ;         ;         ;         ;         ;         ;         ;         ;         ;         ;         ;         ;         ;         ;         ;         ;         ;862.88100000;1567.66000000;23090.10000000;64475.30000000;84578.20000000;72119.80000000;116832.00000000;127934.00000000;117101.00000000;146150.00000000;167278.00000000;122505.00000000;39389.10000000;95834.10000000;95453.30000000;96098.20000000;91839.30000000;87383.10000000;82903.80000000;78501.90000000;74122.80000000;69797.00000000;65600.90000000;61583.60000000;57647.80000000;53873.80000000;50367.90000000;47013.00000000;43553.90000000;40303.80000000;37262.20000000;34428.60000000;31819.10000000;29464.00000000;27395.40000000;25632.70000000;24132.20000000;22884.50000000;21865.40000000;21108.60000000;20669.00000000;20463.70000000;20433.50000000;20505.30000000;20626.70000000;20789.00000000;21000.80000000;21194.30000000;         ;         ;         ;         ;         ;         ;         ;         ;         ;         ;         ;         ;         ;         ;         
Number of MMC operations in males 50+;Mean;         ;         ;         ;         ;         ;         ;         ;         ;         ;         ;         ;         ;         ;         ;         ;         ;         ;         ;         ;         ;         ;         ;         ;33.10360000;59.81110000;874.78700000;2430.25000000;3196.36000000;2746.07000000;4468.47000000;4970.14000000;4638.56000000;5894.92000000;6938.09000000;5261.85000000;1733.81000000;4215.76000000;4302.22000000;4462.50000000;4473.04000000;4481.84000000;4488.21000000;4492.05000000;4494.84000000;4499.33000000;4508.89000000;4525.68000000;4550.66000000;4583.43000000;4621.45000000;4661.69000000;4705.01000000;4742.28000000;4772.27000000;4795.31000000;4808.88000000;4809.32000000;4793.07000000;4757.82000000;4706.03000000;4637.71000000;4555.02000000;4455.02000000;4333.12000000;4195.69000000;4047.48000000;3894.35000000;3740.00000000;3584.87000000;3428.35000000;3276.31000000;         ;         ;         ;         ;         ;         ;         ;         ;         ;         ;         ;         ;         ;         ;         
;95% LL;         ;         ;         ;         ;         ;         ;         ;         ;         ;         ;         ;         ;         ;         ;         ;         ;         ;         ;         ;         ;         ;         ;         ;32.48250000;58.66420000;857.77300000;2382.86000000;3134.55000000;2693.91000000;4385.01000000;4880.54000000;4558.60000000;5797.78000000;6831.36000000;5188.30000000;1711.24000000;4161.38000000;4250.34000000;4371.34000000;4379.11000000;4385.14000000;4389.37000000;4391.12000000;4395.97000000;4399.80000000;4408.70000000;4425.10000000;4449.46000000;4480.25000000;4515.40000000;4552.15000000;4593.62000000;4630.06000000;4659.33000000;4682.84000000;4695.39000000;4694.51000000;4677.71000000;4642.67000000;4591.72000000;4524.79000000;4442.77000000;4343.94000000;4223.76000000;4088.51000000;3943.13000000;3793.87000000;3643.41000000;3492.15000000;3339.52000000;3191.23000000;         ;         ;         ;         ;         ;         ;         ;         ;         ;         ;         ;         ;         ;         ;         
;95% UL;         ;         ;         ;         ;         ;         ;         ;         ;         ;         ;         ;         ;         ;         ;         ;         ;         ;         ;         ;         ;         ;         ;         ;33.58820000;60.69200000;888.03800000;2467.14000000;3244.90000000;2787.68000000;4536.14000000;5045.53000000;4708.21000000;5982.20000000;7037.36000000;5335.29000000;1757.55000000;4273.27000000;4360.36000000;4565.19000000;4576.73000000;4586.12000000;4591.59000000;4594.99000000;4600.84000000;4605.79000000;4614.92000000;4633.71000000;4659.98000000;4694.41000000;4734.39000000;4776.79000000;4823.63000000;4862.80000000;4894.03000000;4917.86000000;4932.03000000;4933.85000000;4918.35000000;4883.25000000;4831.06000000;4761.85000000;4677.81000000;4574.94000000;4449.47000000;4308.18000000;4155.89000000;3998.56000000;3839.97000000;3680.57000000;3520.29000000;3363.77000000;         ;         ;         ;         ;         ;         ;         ;         ;         ;         ;         ;         ;         ;         ;         
Number of males using PrEP;Mean;         ;         ;         ;         ;         ;         ;         ;         ;         ;         ;         ;         ;         ;         ;         ;         ;         ;         ;         ;         ;         ;         ;         ;         ;         ;         ;         ;         ;         ;         ;         ;         ;4910.95000000;18314.40000000;28949.10000000;39163.50000000;73354.50000000;99304.20000000;125231.00000000;136053.00000000;141709.00000000;145551.00000000;148731.00000000;151632.00000000;156298.00000000;161609.00000000;167191.00000000;172920.00000000;178712.00000000;184540.00000000;190387.00000000;196229.00000000;202055.00000000;207852.00000000;213609.00000000;219318.00000000;224977.00000000;230583.00000000;236140.00000000;241647.00000000;247104.00000000;252515.00000000;257882.00000000;263203.00000000;268475.00000000;273687.00000000;278832.00000000;283902.00000000;288891.00000000;293795.00000000;298612.00000000;         ;         ;         ;         ;         ;         ;         ;         ;         ;         ;         ;         ;         ;         ;         
;95% LL;         ;         ;         ;         ;         ;         ;         ;         ;         ;         ;         ;         ;         ;         ;         ;         ;         ;         ;         ;         ;         ;         ;         ;         ;         ;         ;         ;         ;         ;         ;         ;         ;2953.37000000;13020.20000000;22261.70000000;31663.80000000;65361.20000000;90396.70000000;114406.00000000;124680.00000000;130266.00000000;134231.00000000;137631.00000000;140822.00000000;145341.00000000;150367.00000000;155617.00000000;161001.00000000;166447.00000000;171928.00000000;177430.00000000;182930.00000000;188414.00000000;193872.00000000;199290.00000000;204661.00000000;209983.00000000;215253.00000000;220474.00000000;225644.00000000;230764.00000000;235838.00000000;240867.00000000;245851.00000000;250784.00000000;255661.00000000;260472.00000000;265211.00000000;269873.00000000;274453.00000000;278952.00000000;         ;         ;         ;         ;         ;         ;         ;         ;         ;         ;         ;         ;         ;         ;         
;95% UL;         ;         ;         ;         ;         ;         ;         ;         ;         ;         ;         ;         ;         ;         ;         ;         ;         ;         ;         ;         ;         ;         ;         ;         ;         ;         ;         ;         ;         ;         ;         ;         ;6117.74000000;20981.40000000;32047.20000000;42439.60000000;78150.10000000;104763.00000000;131834.00000000;143067.00000000;149086.00000000;153639.00000000;157589.00000000;161381.00000000;166567.00000000;172276.00000000;178216.00000000;184291.00000000;190426.00000000;196598.00000000;202790.00000000;208981.00000000;215156.00000000;221306.00000000;227417.00000000;233480.00000000;239493.00000000;245452.00000000;251361.00000000;257218.00000000;263022.00000000;268779.00000000;274489.00000000;280150.00000000;285758.00000000;291302.00000000;296775.00000000;302167.00000000;307473.00000000;312690.00000000;317817.00000000;         ;         ;         ;         ;         ;         ;         ;         ;         ;         ;         ;         ;         ;         ;         
Number of females using PrEP;Mean;         ;         ;         ;         ;         ;         ;         ;         ;         ;         ;         ;         ;         ;         ;         ;         ;         ;         ;         ;         ;         ;         ;         ;         ;         ;         ;         ;         ;         ;         ;         ;         ;6214.94000000;8722.63000000;18384.60000000;30650.80000000;121657.00000000;167616.00000000;203616.00000000;208992.00000000;211483.00000000;213729.00000000;216346.00000000;219079.00000000;225697.00000000;232664.00000000;238685.00000000;244205.00000000;249014.00000000;253059.00000000;256720.00000000;260488.00000000;264075.00000000;267379.00000000;270237.00000000;272679.00000000;274862.00000000;276975.00000000;279224.00000000;281820.00000000;284484.00000000;287179.00000000;289962.00000000;292752.00000000;295423.00000000;297955.00000000;300364.00000000;302666.00000000;304877.00000000;307009.00000000;309067.00000000;         ;         ;         ;         ;         ;         ;         ;         ;         ;         ;         ;         ;         ;         ;         
;95% LL;         ;         ;         ;         ;         ;         ;         ;         ;         ;         ;         ;         ;         ;         ;         ;         ;         ;         ;         ;         ;         ;         ;         ;         ;         ;         ;         ;         ;         ;         ;         ;         ;5198.96000000;6735.62000000;16360.30000000;28546.90000000;118188.00000000;163251.00000000;198232.00000000;203519.00000000;205747.00000000;208158.00000000;209998.00000000;211942.00000000;217870.00000000;224166.00000000;229542.00000000;234439.00000000;238764.00000000;242438.00000000;245717.00000000;249305.00000000;252736.00000000;255886.00000000;258593.00000000;260886.00000000;262923.00000000;264890.00000000;266902.00000000;269123.00000000;271426.00000000;273776.00000000;276239.00000000;278524.00000000;280717.00000000;282813.00000000;284821.00000000;286754.00000000;288625.00000000;290406.00000000;292132.00000000;         ;         ;         ;         ;         ;         ;         ;         ;         ;         ;         ;         ;         ;         ;         
;95% UL;         ;         ;         ;         ;         ;         ;         ;         ;         ;         ;         ;         ;         ;         ;         ;         ;         ;         ;         ;         ;         ;         ;         ;         ;         ;         ;         ;         ;         ;         ;         ;         ;7965.76000000;12868.70000000;22917.10000000;35280.70000000;126353.00000000;173114.00000000;210367.00000000;217220.00000000;221322.00000000;225248.00000000;229588.00000000;234088.00000000;241920.00000000;250030.00000000;257190.00000000;263838.00000000;269756.00000000;274894.00000000;279640.00000000;284495.00000000;289179.00000000;293593.00000000;297572.00000000;301144.00000000;304462.00000000;307704.00000000;311070.00000000;314760.00000000;318492.00000000;322224.00000000;326008.00000000;329772.00000000;333390.00000000;336840.00000000;340132.00000000;343283.00000000;346307.00000000;349215.00000000;352014.00000000;         ;         ;         ;         ;         ;         ;         ;         ;         ;         ;         ;         ;         ;         ;         
Number of sex workers using PrEP;Mean;         ;         ;         ;         ;         ;         ;         ;         ;         ;         ;         ;         ;         ;         ;         ;         ;         ;         ;         ;         ;         ;         ;         ;         ;         ;         ;         ;         ;         ;         ;         ;         ;5853.86000000;8135.15000000;9823.26000000;10839.90000000;11755.50000000;12789.80000000;15950.20000000;17019.30000000;17925.30000000;18798.40000000;19643.00000000;20456.70000000;21548.80000000;22666.40000000;23792.70000000;24929.00000000;26067.20000000;27216.60000000;28378.40000000;29553.20000000;30740.50000000;31938.70000000;33144.90000000;34355.00000000;35564.40000000;36767.90000000;37959.90000000;39134.70000000;40286.80000000;41411.40000000;42504.30000000;43562.30000000;44583.30000000;45566.00000000;46510.60000000;47417.70000000;48288.60000000;49125.00000000;49929.10000000;         ;         ;         ;         ;         ;         ;         ;         ;         ;         ;         ;         ;         ;         ;         
;95% LL;         ;         ;         ;         ;         ;         ;         ;         ;         ;         ;         ;         ;         ;         ;         ;         ;         ;         ;         ;         ;         ;         ;         ;         ;         ;         ;         ;         ;         ;         ;         ;         ;4896.45000000;6275.90000000;7312.99000000;7849.30000000;8124.88000000;8709.34000000;10765.60000000;11341.00000000;11785.90000000;12190.40000000;12562.10000000;12956.30000000;13717.60000000;14507.10000000;15309.40000000;16124.60000000;16946.90000000;17782.10000000;18630.90000000;19493.00000000;20256.50000000;21023.90000000;21795.70000000;22569.20000000;23341.60000000;24109.60000000;24869.70000000;25618.40000000;26352.30000000;27068.60000000;27764.80000000;28439.00000000;29090.00000000;29717.50000000;30321.50000000;30902.60000000;31461.90000000;32000.40000000;32519.70000000;         ;         ;         ;         ;         ;         ;         ;         ;         ;         ;         ;         ;         ;         ;         
;95% UL;         ;         ;         ;         ;         ;         ;         ;         ;         ;         ;         ;         ;         ;         ;         ;         ;         ;         ;         ;         ;         ;         ;         ;         ;         ;         ;         ;         ;         ;         ;         ;         ;7506.77000000;12025.80000000;15569.20000000;18050.80000000;21513.40000000;23785.10000000;29689.20000000;31847.40000000;33740.30000000;35608.70000000;37457.20000000;39277.00000000;41540.90000000;43853.90000000;46187.90000000;48544.50000000;50906.60000000;53291.20000000;55700.40000000;58134.70000000;60592.60000000;63070.60000000;65562.50000000;68060.00000000;70553.50000000;73032.30000000;75484.70000000;77899.30000000;80264.50000000;82570.40000000;84808.10000000;86970.60000000;89053.30000000;91053.30000000;92970.20000000;94805.10000000;96560.50000000;98239.80000000;99847.60000000;         ;         ;         ;         ;         ;         ;         ;         ;         ;         ;         ;         ;         ;         ;         
Number of men who have sex with men using PrEP;Mean;         ;         ;         ;         ;         ;         ;         ;         ;         ;         ;         ;         ;         ;         ;         ;         ;         ;         ;         ;         ;         ;         ;         ;         ;         ;         ;         ;         ;         ;         ;         ;         ;4730.25000000;17583.50000000;27644.20000000;31970.30000000;34670.00000000;36304.10000000;42112.70000000;44904.70000000;46924.80000000;48744.10000000;50512.30000000;52261.80000000;54632.20000000;57214.50000000;59902.20000000;62675.40000000;65507.10000000;68390.80000000;71320.80000000;74284.20000000;77273.90000000;80284.60000000;83309.90000000;86346.30000000;89393.60000000;92450.00000000;95516.30000000;98589.70000000;101668.00000000;104750.00000000;107838.00000000;110929.00000000;114022.00000000;117113.00000000;120200.00000000;123282.00000000;126359.00000000;129430.00000000;132498.00000000;         ;         ;         ;         ;         ;         ;         ;         ;         ;         ;         ;         ;         ;         ;         
;95% LL;         ;         ;         ;         ;         ;         ;         ;         ;         ;         ;         ;         ;         ;         ;         ;         ;         ;         ;         ;         ;         ;         ;         ;         ;         ;         ;         ;         ;         ;         ;         ;         ;2846.33000000;12515.00000000;21289.40000000;25934.20000000;30717.80000000;33052.30000000;38592.00000000;41287.40000000;43245.30000000;45020.90000000;46764.30000000;48509.70000000;50736.00000000;53140.30000000;55640.50000000;58221.90000000;60859.20000000;63545.40000000;66274.10000000;69032.30000000;71812.30000000;74608.90000000;77415.90000000;80230.10000000;83051.30000000;85878.00000000;88711.30000000;91548.90000000;94388.30000000;97230.10000000;100075.00000000;102920.00000000;105765.00000000;108607.00000000;111443.00000000;114273.00000000;117096.00000000;119913.00000000;122725.00000000;         ;         ;         ;         ;         ;         ;         ;         ;         ;         ;         ;         ;         ;         ;         
;95% UL;         ;         ;         ;         ;         ;         ;         ;         ;         ;         ;         ;         ;         ;         ;         ;         ;         ;         ;         ;         ;         ;         ;         ;         ;         ;         ;         ;         ;         ;         ;         ;         ;5890.77000000;20128.50000000;30584.80000000;34784.50000000;37419.70000000;39148.50000000;45369.20000000;48407.00000000;50730.10000000;52785.50000000;54861.10000000;56796.50000000;59357.60000000;62130.70000000;65010.90000000;67979.80000000;71010.00000000;74095.30000000;77230.30000000;80401.40000000;83600.80000000;86822.40000000;90058.20000000;93272.00000000;96494.50000000;99725.60000000;102966.00000000;106212.00000000;109462.00000000;112716.00000000;115974.00000000;119234.00000000;122495.00000000;125752.00000000;129005.00000000;132252.00000000;135493.00000000;138729.00000000;141961.00000000;         ;         ;         ;         ;         ;         ;         ;         ;         ;         ;         ;         ;         ;         ;         
Number of AGYW using PrEP;Mean;         ;         ;         ;         ;         ;         ;         ;         ;         ;         ;         ;         ;         ;         ;         ;         ;         ;         ;         ;         ;         ;         ;         ;         ;         ;         ;         ;         ;         ;         ;         ;         ;2436.11000000;3412.12000000;10622.50000000;18634.40000000;85549.10000000;117644.00000000;143846.00000000;147629.00000000;149310.00000000;151308.00000000;153371.00000000;155551.00000000;160049.00000000;163722.00000000;167033.00000000;169857.00000000;172027.00000000;173908.00000000;175925.00000000;177685.00000000;179130.00000000;180105.00000000;180674.00000000;181017.00000000;181338.00000000;181833.00000000;182706.00000000;183639.00000000;184633.00000000;185753.00000000;186903.00000000;187965.00000000;188937.00000000;189842.00000000;190697.00000000;191521.00000000;192325.00000000;193115.00000000;193887.00000000;         ;         ;         ;         ;         ;         ;         ;         ;         ;         ;         ;         ;         ;         ;         
;95% LL;         ;         ;         ;         ;         ;         ;         ;         ;         ;         ;         ;         ;         ;         ;         ;         ;         ;         ;         ;         ;         ;         ;         ;         ;         ;         ;         ;         ;         ;         ;         ;         ;1830.54000000;2338.84000000;9497.06000000;17473.50000000;82351.40000000;113212.00000000;138367.00000000;142222.00000000;144130.00000000;146437.00000000;148802.00000000;151480.00000000;156090.00000000;159773.00000000;163019.00000000;165792.00000000;167931.00000000;169809.00000000;171856.00000000;173659.00000000;175149.00000000;176125.00000000;176593.00000000;176834.00000000;177047.00000000;177428.00000000;178179.00000000;178984.00000000;179848.00000000;180834.00000000;181866.00000000;182825.00000000;183710.00000000;184539.00000000;185330.00000000;186100.00000000;186859.00000000;187610.00000000;188348.00000000;         ;         ;         ;         ;         ;         ;         ;         ;         ;         ;         ;         ;         ;         ;         
;95% UL;         ;         ;         ;         ;         ;         ;         ;         ;         ;         ;         ;         ;         ;         ;         ;         ;         ;         ;         ;         ;         ;         ;         ;         ;         ;         ;         ;         ;         ;         ;         ;         ;3344.23000000;5387.58000000;12162.60000000;19936.40000000;87804.60000000;120667.00000000;147572.00000000;151110.00000000;152425.00000000;154936.00000000;157842.00000000;160874.00000000;165736.00000000;169710.00000000;173294.00000000;176368.00000000;178758.00000000;180837.00000000;183034.00000000;184965.00000000;186574.00000000;187713.00000000;188444.00000000;188947.00000000;189422.00000000;190065.00000000;191075.00000000;192136.00000000;193248.00000000;194474.00000000;195733.00000000;196906.00000000;197990.00000000;199006.00000000;199971.00000000;200902.00000000;201809.00000000;202697.00000000;203563.00000000;         ;         ;         ;         ;         ;         ;         ;         ;         ;         ;         ;         ;         ;         ;         
Number of men starting PrEP;Mean;         ;         ;         ;         ;         ;         ;         ;         ;         ;         ;         ;         ;         ;         ;         ;         ;         ;         ;         ;         ;         ;         ;         ;         ;         ;         ;         ;         ;         ;         ;         ;7769.00000000;26114.80000000;35138.30000000;45108.10000000;93252.90000000;114406.00000000;140319.00000000;142351.00000000;145000.00000000;147788.00000000;150582.00000000;153320.00000000;159013.00000000;164701.00000000;170440.00000000;176254.00000000;182083.00000000;187932.00000000;193789.00000000;199630.00000000;205445.00000000;211226.00000000;216960.00000000;222641.00000000;228270.00000000;233846.00000000;239374.00000000;244852.00000000;250279.00000000;255664.00000000;261006.00000000;266300.00000000;271542.00000000;276721.00000000;281826.00000000;286853.00000000;291794.00000000;296649.00000000;301416.00000000;         ;         ;         ;         ;         ;         ;         ;         ;         ;         ;         ;         ;         ;         ;         ;         
;95% LL;         ;         ;         ;         ;         ;         ;         ;         ;         ;         ;         ;         ;         ;         ;         ;         ;         ;         ;         ;         ;         ;         ;         ;         ;         ;         ;         ;         ;         ;         ;         ;4672.16000000;18878.90000000;27640.10000000;37135.60000000;84972.20000000;104967.00000000;128378.00000000;130660.00000000;133517.00000000;136538.00000000;139610.00000000;142679.00000000;147971.00000000;153291.00000000;158673.00000000;164135.00000000;169616.00000000;175118.00000000;180632.00000000;186131.00000000;191606.00000000;197048.00000000;202443.00000000;207787.00000000;213080.00000000;218320.00000000;223512.00000000;228653.00000000;233744.00000000;238791.00000000;243794.00000000;248751.00000000;253656.00000000;258499.00000000;263272.00000000;267969.00000000;272586.00000000;277119.00000000;281570.00000000;         ;         ;         ;         ;         ;         ;         ;         ;         ;         ;         ;         ;         ;         ;         ;         
;95% UL;         ;         ;         ;         ;         ;         ;         ;         ;         ;         ;         ;         ;         ;         ;         ;         ;         ;         ;         ;         ;         ;         ;         ;         ;         ;         ;         ;         ;         ;         ;         ;9678.12000000;29629.00000000;38422.60000000;48649.40000000;98310.40000000;120250.00000000;147588.00000000;149605.00000000;152960.00000000;156271.00000000;159933.00000000;163588.00000000;169585.00000000;175599.00000000;181672.00000000;187826.00000000;193997.00000000;200189.00000000;206394.00000000;212584.00000000;218750.00000000;224885.00000000;230973.00000000;237009.00000000;242992.00000000;248920.00000000;254800.00000000;260626.00000000;266400.00000000;272129.00000000;277813.00000000;283445.00000000;289021.00000000;294529.00000000;299959.00000000;305305.00000000;310561.00000000;315726.00000000;320800.00000000;         ;         ;         ;         ;         ;         ;         ;         ;         ;         ;         ;         ;         ;         ;         ;         
Number of women starting PrEP;Mean;         ;         ;         ;         ;         ;         ;         ;         ;         ;         ;         ;         ;         ;         ;         ;         ;         ;         ;         ;         ;         ;         ;         ;         ;         ;         ;         ;         ;         ;         ;         ;14375.40000000;18230.30000000;39793.70000000;65141.40000000;271803.00000000;349618.00000000;418501.00000000;419667.00000000;423747.00000000;428162.00000000;433512.00000000;439014.00000000;453466.00000000;467509.00000000;479255.00000000;490138.00000000;499533.00000000;507383.00000000;514585.00000000;522156.00000000;529272.00000000;535792.00000000;541368.00000000;546122.00000000;550408.00000000;554612.00000000;559152.00000000;564453.00000000;569801.00000000;575201.00000000;580795.00000000;586377.00000000;591681.00000000;596704.00000000;601483.00000000;606053.00000000;610447.00000000;614686.00000000;618778.00000000;         ;         ;         ;         ;         ;         ;         ;         ;         ;         ;         ;         ;         ;         ;         ;         
;95% LL;         ;         ;         ;         ;         ;         ;         ;         ;         ;         ;         ;         ;         ;         ;         ;         ;         ;         ;         ;         ;         ;         ;         ;         ;         ;         ;         ;         ;         ;         ;         ;12025.40000000;13952.30000000;35733.40000000;60790.20000000;264405.00000000;340607.00000000;407415.00000000;408838.00000000;412164.00000000;416781.00000000;420572.00000000;424493.00000000;437596.00000000;450302.00000000;460768.00000000;470410.00000000;478920.00000000;486025.00000000;492480.00000000;499742.00000000;506547.00000000;512758.00000000;518032.00000000;522491.00000000;526483.00000000;530397.00000000;534383.00000000;538942.00000000;543573.00000000;548289.00000000;553211.00000000;557757.00000000;562120.00000000;566282.00000000;570272.00000000;574114.00000000;577833.00000000;581369.00000000;584805.00000000;         ;         ;         ;         ;         ;         ;         ;         ;         ;         ;         ;         ;         ;         ;         ;         
;95% UL;         ;         ;         ;         ;         ;         ;         ;         ;         ;         ;         ;         ;         ;         ;         ;         ;         ;         ;         ;         ;         ;         ;         ;         ;         ;         ;         ;         ;         ;         ;         ;18425.10000000;27272.30000000;48979.60000000;74431.60000000;281216.00000000;360866.00000000;432395.00000000;436585.00000000;443928.00000000;451725.00000000;460535.00000000;469585.00000000;486292.00000000;502599.00000000;516621.00000000;529758.00000000;541364.00000000;551396.00000000;560765.00000000;570510.00000000;579824.00000000;588568.00000000;596391.00000000;603406.00000000;609962.00000000;616423.00000000;623193.00000000;630675.00000000;638152.00000000;645616.00000000;653200.00000000;660722.00000000;667912.00000000;674759.00000000;681295.00000000;687552.00000000;693560.00000000;699341.00000000;704904.00000000;         ;         ;         ;         ;         ;         ;         ;         ;         ;         ;         ;         ;         ;         ;         ;         
Number of female sex workers starting PrEP;Mean;         ;         ;         ;         ;         ;         ;         ;         ;         ;         ;         ;         ;         ;         ;         ;         ;         ;         ;         ;         ;         ;         ;         ;         ;         ;         ;         ;         ;         ;         ;         ;13648.00000000;17147.00000000;20273.60000000;21954.20000000;23418.10000000;25174.90000000;31919.60000000;33220.30000000;34903.90000000;36584.00000000;38213.90000000;39785.10000000;42010.20000000;44191.50000000;46384.00000000;48595.90000000;50832.10000000;53089.90000000;55371.70000000;57678.30000000;60009.30000000;62361.80000000;64730.20000000;67107.00000000;69483.20000000;71848.40000000;74191.70000000;76501.70000000;78767.80000000;80980.30000000;83130.90000000;85213.30000000;87223.20000000;89158.40000000;91018.80000000;92805.70000000;94521.60000000;96169.60000000;97754.10000000;99280.10000000;         ;         ;         ;         ;         ;         ;         ;         ;         ;         ;         ;         ;         ;         ;         
;95% LL;         ;         ;         ;         ;         ;         ;         ;         ;         ;         ;         ;         ;         ;         ;         ;         ;         ;         ;         ;         ;         ;         ;         ;         ;         ;         ;         ;         ;         ;         ;         ;11526.60000000;13168.80000000;15176.60000000;15994.60000000;16232.90000000;17278.70000000;21729.20000000;22316.90000000;23132.40000000;23910.60000000;24626.30000000;25284.90000000;26767.80000000;28309.60000000;29870.80000000;31457.00000000;33070.90000000;34710.10000000;36375.40000000;38066.60000000;39612.40000000;41119.30000000;42634.90000000;44154.20000000;45671.50000000;47180.50000000;48674.10000000;50145.60000000;51588.30000000;52996.60000000;54365.30000000;55691.00000000;56971.30000000;58205.30000000;59393.40000000;60536.70000000;61636.80000000;62696.30000000;63717.80000000;64704.70000000;         ;         ;         ;         ;         ;         ;         ;         ;         ;         ;         ;         ;         ;         ;         
;95% UL;         ;         ;         ;         ;         ;         ;         ;         ;         ;         ;         ;         ;         ;         ;         ;         ;         ;         ;         ;         ;         ;         ;         ;         ;         ;         ;         ;         ;         ;         ;         ;17320.60000000;25522.10000000;32207.40000000;36617.20000000;43254.60000000;46762.50000000;59215.30000000;61997.90000000;65528.60000000;69120.60000000;72686.10000000;76199.80000000;80750.50000000;85256.20000000;89794.70000000;94378.40000000;99014.40000000;103694.00000000;108422.00000000;113198.00000000;118020.00000000;122883.00000000;127774.00000000;132677.00000000;137575.00000000;142446.00000000;147266.00000000;152014.00000000;156667.00000000;161204.00000000;165609.00000000;169868.00000000;173970.00000000;177911.00000000;181690.00000000;185308.00000000;188770.00000000;192083.00000000;195255.00000000;198296.00000000;         ;         ;         ;         ;         ;         ;         ;         ;         ;         ;         ;         ;         ;         ;         
Number of MSM starting PrEP;Mean;         ;         ;         ;         ;         ;         ;         ;         ;         ;         ;         ;         ;         ;         ;         ;         ;         ;         ;         ;         ;         ;         ;         ;         ;         ;         ;         ;         ;         ;         ;         ;7498.15000000;25312.90000000;33991.40000000;35057.20000000;36861.90000000;37893.50000000;46146.30000000;47182.00000000;48743.50000000;50432.80000000;52156.00000000;53877.90000000;56599.50000000;59294.40000000;62031.60000000;64840.90000000;67720.00000000;70645.10000000;73610.50000000;76599.00000000;79606.90000000;82630.30000000;85661.70000000;88699.90000000;91746.20000000;94797.80000000;97857.40000000;100920.00000000;103984.00000000;107050.00000000;110119.00000000;113188.00000000;116256.00000000;119317.00000000;122370.00000000;125416.00000000;128454.00000000;131484.00000000;134510.00000000;137530.00000000;         ;         ;         ;         ;         ;         ;         ;         ;         ;         ;         ;         ;         ;         ;         
;95% LL;         ;         ;         ;         ;         ;         ;         ;         ;         ;         ;         ;         ;         ;         ;         ;         ;         ;         ;         ;         ;         ;         ;         ;         ;         ;         ;         ;         ;         ;         ;         ;4500.32000000;18250.00000000;26701.30000000;29040.80000000;33979.40000000;34924.30000000;42333.60000000;43377.50000000;44895.70000000;46549.80000000;48256.60000000;49983.80000000;52474.30000000;54966.40000000;57506.00000000;60116.60000000;62794.70000000;65515.70000000;68273.40000000;71050.70000000;73843.20000000;76647.00000000;79455.20000000;82266.70000000;85082.70000000;87901.10000000;90724.50000000;93548.50000000;96370.90000000;99194.00000000;102018.00000000;104840.00000000;107658.00000000;110469.00000000;113271.00000000;116063.00000000;118847.00000000;121623.00000000;124393.00000000;127157.00000000;         ;         ;         ;         ;         ;         ;         ;         ;         ;         ;         ;         ;         ;         ;         
;95% UL;         ;         ;         ;         ;         ;         ;         ;         ;         ;         ;         ;         ;         ;         ;         ;         ;         ;         ;         ;         ;         ;         ;         ;         ;         ;         ;         ;         ;         ;         ;         ;9347.95000000;28753.60000000;37176.40000000;38031.70000000;39847.30000000;40940.50000000;49811.00000000;51028.60000000;52889.50000000;54837.10000000;56768.30000000;58678.80000000;61596.20000000;64483.20000000;67414.50000000;70421.60000000;73502.30000000;76631.70000000;79804.40000000;83001.80000000;86219.80000000;89453.20000000;92693.10000000;95937.50000000;99181.00000000;102408.00000000;105642.00000000;108878.00000000;112113.00000000;115350.00000000;118589.00000000;121826.00000000;125060.00000000;128287.00000000;131505.00000000;134714.00000000;137915.00000000;141108.00000000;144297.00000000;147480.00000000;         ;         ;         ;         ;         ;         ;         ;         ;         ;         ;         ;         ;         ;         ;         
Number of AGYW starting PrEP;Mean;         ;         ;         ;         ;         ;         ;         ;         ;         ;         ;         ;         ;         ;         ;         ;         ;         ;         ;         ;         ;         ;         ;         ;         ;         ;         ;         ;         ;         ;         ;         ;         ;         ;16402.30000000;33592.90000000;197983.00000000;256346.00000000;303433.00000000;302198.00000000;303873.00000000;305978.00000000;309053.00000000;312345.00000000;322275.00000000;331771.00000000;339061.00000000;345503.00000000;350823.00000000;354666.00000000;357868.00000000;361385.00000000;364443.00000000;366916.00000000;368476.00000000;369250.00000000;369584.00000000;369858.00000000;370481.00000000;371870.00000000;373368.00000000;374993.00000000;376889.00000000;378872.00000000;380697.00000000;382366.00000000;383914.00000000;385376.00000000;386782.00000000;388149.00000000;389482.00000000;390771.00000000;         ;         ;         ;         ;         ;         ;         ;         ;         ;         ;         ;         ;         ;         ;         
;95% LL;         ;         ;         ;         ;         ;         ;         ;         ;         ;         ;         ;         ;         ;         ;         ;         ;         ;         ;         ;         ;         ;         ;         ;         ;         ;         ;         ;         ;         ;         ;         ;         ;         ;13051.10000000;28295.50000000;188342.00000000;246656.00000000;290974.00000000;290796.00000000;293446.00000000;296574.00000000;300717.00000000;305150.00000000;314882.00000000;324199.00000000;331306.00000000;337526.00000000;342576.00000000;346102.00000000;348949.00000000;352094.00000000;354780.00000000;356883.00000000;358084.00000000;358507.00000000;358504.00000000;358448.00000000;358744.00000000;359803.00000000;360975.00000000;362277.00000000;363854.00000000;365549.00000000;367121.00000000;368565.00000000;369913.00000000;371196.00000000;372438.00000000;373654.00000000;374845.00000000;375999.00000000;         ;         ;         ;         ;         ;         ;         ;         ;         ;         ;         ;         ;         ;         ;         
;95% UL;         ;         ;         ;         ;         ;         ;         ;         ;         ;         ;         ;         ;         ;         ;         ;         ;         ;         ;         ;         ;         ;         ;         ;         ;         ;         ;         ;         ;         ;         ;         ;         ;         ;18012.40000000;36074.30000000;203997.00000000;263392.00000000;311684.00000000;309267.00000000;309833.00000000;310973.00000000;314154.00000000;317386.00000000;327167.00000000;336903.00000000;344330.00000000;350855.00000000;356212.00000000;360039.00000000;363075.00000000;366456.00000000;369559.00000000;372045.00000000;373671.00000000;374465.00000000;374740.00000000;375004.00000000;375582.00000000;377049.00000000;378700.00000000;380423.00000000;382473.00000000;384679.00000000;386760.00000000;388495.00000000;390105.00000000;391622.00000000;393075.00000000;394484.00000000;395854.00000000;397176.00000000;         ;         ;         ;         ;         ;         ;         ;         ;         ;         ;         ;         ;         ;         ;         
PrEP coverage in FSWs;Mean;         ;         ;         ;         ;         ;         ;         ;         ;         ;         ;         ;         ;         ;         ;         ;         ;         ;         ;         ;         ;         ;         ;         ;         ;         ;         ;         ;         ;         ;         ;         ;         ;0.10764700;0.13776300;0.15425300;0.15803600;0.15855700;0.16058700;0.18665600;0.18589000;0.18325000;0.18047400;0.17767000;0.17484700;0.17466500;0.17466300;0.17467500;0.17468800;0.17470200;0.17471500;0.17472900;0.17474400;0.17476000;0.17477700;0.17479700;0.17482000;0.17484500;0.17487400;0.17490600;0.17494300;0.17498200;0.17502500;0.17506900;0.17511500;0.17516100;0.17520500;0.17524900;0.17529100;0.17533200;0.17537000;0.17540500;         ;         ;         ;         ;         ;         ;         ;         ;         ;         ;         ;         ;         ;         ;         
;95% LL;         ;         ;         ;         ;         ;         ;         ;         ;         ;         ;         ;         ;         ;         ;         ;         ;         ;         ;         ;         ;         ;         ;         ;         ;         ;         ;         ;         ;         ;         ;         ;         ;0.07212490;0.10760400;0.12970300;0.13989300;0.15441500;0.15702100;0.18280700;0.18276600;0.18081900;0.17873700;0.17650200;0.17419500;0.17405300;0.17409600;0.17415000;0.17419200;0.17422600;0.17425900;0.17429200;0.17432500;0.17435800;0.17439200;0.17442800;0.17446500;0.17450700;0.17455900;0.17461200;0.17466400;0.17471900;0.17477600;0.17483500;0.17489300;0.17495100;0.17500600;0.17505900;0.17510800;0.17515000;0.17518900;0.17522900;         ;         ;         ;         ;         ;         ;         ;         ;         ;         ;         ;         ;         ;         ;         
;95% UL;         ;         ;         ;         ;         ;         ;         ;         ;         ;         ;         ;         ;         ;         ;         ;         ;         ;         ;         ;         ;         ;         ;         ;         ;         ;         ;         ;         ;         ;         ;         ;         ;0.12937300;0.15371600;0.16662000;0.16743900;0.16354100;0.16494300;0.19131000;0.18970000;0.18615800;0.18246400;0.17876600;0.17534500;0.17518600;0.17517400;0.17517400;0.17517400;0.17517500;0.17517300;0.17517300;0.17517300;0.17517400;0.17517700;0.17518300;0.17519100;0.17520300;0.17521800;0.17523700;0.17526100;0.17528900;0.17532000;0.17535400;0.17539000;0.17542700;0.17546400;0.17550000;0.17553500;0.17556900;0.17560100;0.17563100;         ;         ;         ;         ;         ;         ;         ;         ;         ;         ;         ;         ;         ;         ;         
PrEP coverage in MSM;Mean;         ;         ;         ;         ;         ;         ;         ;         ;         ;         ;         ;         ;         ;         ;         ;         ;         ;         ;         ;         ;         ;         ;         ;         ;         ;         ;         ;         ;         ;         ;         ;         ;0.01672920;0.06051000;0.09243480;0.10378100;0.10921900;0.11093000;0.12462000;0.12854600;0.12987800;0.13044200;0.13073700;0.13089600;0.13248800;0.13441800;0.13641800;0.13844700;0.14051500;0.14262300;0.14476200;0.14691300;0.14906100;0.15119200;0.15328800;0.15534000;0.15733900;0.15928000;0.16116300;0.16298800;0.16475600;0.16647200;0.16814100;0.16976300;0.17133500;0.17285500;0.17432200;0.17573700;0.17710200;0.17842200;0.17970300;         ;         ;         ;         ;         ;         ;         ;         ;         ;         ;         ;         ;         ;         ;         
;95% LL;         ;         ;         ;         ;         ;         ;         ;         ;         ;         ;         ;         ;         ;         ;         ;         ;         ;         ;         ;         ;         ;         ;         ;         ;         ;         ;         ;         ;         ;         ;         ;         ;0.00995569;0.04263490;0.07055940;0.08354270;0.09611550;0.10036900;0.11354100;0.11754600;0.11907000;0.11986800;0.12043000;0.12088400;0.12240600;0.12418500;0.12601800;0.12787800;0.12977300;0.13170100;0.13365400;0.13561400;0.13756300;0.13949000;0.14138200;0.14322800;0.14502200;0.14675900;0.14844200;0.15007000;0.15164300;0.15316800;0.15464700;0.15608300;0.15747100;0.15881100;0.16010000;0.16134000;0.16253400;0.16368600;0.16480200;         ;         ;         ;         ;         ;         ;         ;         ;         ;         ;         ;         ;         ;         ;         
;95% UL;         ;         ;         ;         ;         ;         ;         ;         ;         ;         ;         ;         ;         ;         ;         ;         ;         ;         ;         ;         ;         ;         ;         ;         ;         ;         ;         ;         ;         ;         ;         ;         ;0.02070430;0.06910210;0.10222600;0.11281000;0.11640100;0.11735000;0.13183800;0.13612000;0.13785900;0.13899700;0.13986700;0.14060300;0.14247500;0.14459500;0.14675500;0.14893400;0.15115000;0.15340700;0.15570000;0.15801100;0.16032200;0.16262000;0.16488500;0.16710500;0.16927000;0.17135400;0.17335100;0.17527700;0.17713500;0.17893100;0.18067100;0.18238000;0.18408500;0.18573100;0.18731600;0.18884200;0.19031200;0.19173100;0.19310600;         ;         ;         ;         ;         ;         ;         ;         ;         ;         ;         ;         ;         ;         ;         
PrEP coverage in sexually active AGYW;Mean;         ;         ;         ;         ;         ;         ;         ;         ;         ;         ;         ;         ;         ;         ;         ;         ;         ;         ;         ;         ;         ;         ;         ;         ;         ;         ;         ;         ;         ;         ;         ;         ;0.00074007;0.00103647;0.00322673;0.00565913;0.02592690;0.03546420;0.04268880;0.04286050;0.04231760;0.04173890;0.04116540;0.04060670;0.04073230;0.04088210;0.04103170;0.04117430;0.04130580;0.04143900;0.04159200;0.04174350;0.04188880;0.04201540;0.04211730;0.04219570;0.04225750;0.04231170;0.04237290;0.04243030;0.04248510;0.04254230;0.04259960;0.04265200;0.04269890;0.04274070;0.04277820;0.04281240;0.04284460;0.04287620;0.04290820;         ;         ;         ;         ;         ;         ;         ;         ;         ;         ;         ;         ;         ;         ;         
;95% LL;         ;         ;         ;         ;         ;         ;         ;         ;         ;         ;         ;         ;         ;         ;         ;         ;         ;         ;         ;         ;         ;         ;         ;         ;         ;         ;         ;         ;         ;         ;         ;         ;0.00055642;0.00071092;0.00288403;0.00526889;0.02491720;0.03410350;0.04102860;0.04123140;0.04079180;0.04033740;0.03989450;0.03947650;0.03965420;0.03982870;0.03999550;0.04014870;0.04028370;0.04040080;0.04054720;0.04069370;0.04085030;0.04097010;0.04104500;0.04109780;0.04113570;0.04116810;0.04120950;0.04124830;0.04128560;0.04132590;0.04136770;0.04140530;0.04143850;0.04146760;0.04149350;0.04151710;0.04153970;0.04156250;0.04158640;         ;         ;         ;         ;         ;         ;         ;         ;         ;         ;         ;         ;         ;         ;         
;95% UL;         ;         ;         ;         ;         ;         ;         ;         ;         ;         ;         ;         ;         ;         ;         ;         ;         ;         ;         ;         ;         ;         ;         ;         ;         ;         ;         ;         ;         ;         ;         ;         ;0.00102747;0.00165573;0.00374090;0.00613379;0.02668560;0.03649600;0.04391450;0.04400910;0.04366950;0.04328080;0.04288810;0.04250150;0.04267640;0.04287120;0.04306520;0.04325380;0.04343300;0.04361300;0.04380810;0.04400220;0.04419290;0.04437040;0.04452770;0.04466330;0.04478130;0.04488760;0.04499400;0.04509350;0.04518670;0.04527760;0.04536560;0.04544730;0.04552230;0.04559090;0.04565350;0.04571110;0.04576490;0.04581640;0.04586690;         ;         ;         ;         ;         ;         ;         ;         ;         ;         ;         ;         ;         ;         ;         
PrEP coverage in sexually active males;Mean;         ;         ;         ;         ;         ;         ;         ;         ;         ;         ;         ;         ;         ;         ;         ;         ;         ;         ;         ;         ;         ;         ;         ;         ;         ;         ;         ;         ;         ;         ;         ;         ;0.00032688;0.00119733;0.00185908;0.00247186;0.00455921;0.00607093;0.00750794;0.00799488;0.00815913;0.00820992;0.00821862;0.00820936;0.00829198;0.00840282;0.00852135;0.00864133;0.00876089;0.00887937;0.00899652;0.00911185;0.00922499;0.00933564;0.00944338;0.00954794;0.00964915;0.00974702;0.00984184;0.00993381;0.01002320;0.01011050;0.01019590;0.01027950;0.01036120;0.01044100;0.01051850;0.01059370;0.01066660;0.01073720;0.01080580;         ;         ;         ;         ;         ;         ;         ;         ;         ;         ;         ;         ;         ;         ;         
;95% LL;         ;         ;         ;         ;         ;         ;         ;         ;         ;         ;         ;         ;         ;         ;         ;         ;         ;         ;         ;         ;         ;         ;         ;         ;         ;         ;         ;         ;         ;         ;         ;         ;0.00019885;0.00086091;0.00144576;0.00202088;0.00410743;0.00558680;0.00693283;0.00740423;0.00757828;0.00764854;0.00768113;0.00769842;0.00778405;0.00789074;0.00800305;0.00811636;0.00822924;0.00834114;0.00845181;0.00856074;0.00866752;0.00877186;0.00887334;0.00897170;0.00906679;0.00915859;0.00924740;0.00933337;0.00941676;0.00949798;0.00957730;0.00965483;0.00973051;0.00980418;0.00987571;0.00994499;0.01001200;0.01007680;0.01013970;         ;         ;         ;         ;         ;         ;         ;         ;         ;         ;         ;         ;         ;         ;         
;95% UL;         ;         ;         ;         ;         ;         ;         ;         ;         ;         ;         ;         ;         ;         ;         ;         ;         ;         ;         ;         ;         ;         ;         ;         ;         ;         ;         ;         ;         ;         ;         ;         ;0.00040741;0.00137260;0.00206214;0.00267167;0.00483249;0.00637412;0.00786843;0.00837172;0.00854374;0.00861051;0.00864901;0.00867926;0.00877956;0.00890079;0.00902717;0.00915410;0.00928032;0.00940542;0.00952923;0.00965132;0.00977131;0.00988886;0.01000350;0.01011490;0.01022290;0.01032740;0.01042880;0.01052710;0.01062270;0.01071590;0.01080720;0.01089660;0.01098400;0.01106910;0.01115190;0.01123230;0.01131010;0.01138550;0.01145890;         ;         ;         ;         ;         ;         ;         ;         ;         ;         ;         ;         ;         ;         ;         
PrEP coverage in sexually active females;Mean;         ;         ;         ;         ;         ;         ;         ;         ;         ;         ;         ;         ;         ;         ;         ;         ;         ;         ;         ;         ;         ;         ;         ;         ;         ;         ;         ;         ;         ;         ;         ;         ;0.00040062;0.00055413;0.00115076;0.00189146;0.00741517;0.01006920;0.01200860;0.01209170;0.01199820;0.01188790;0.01179690;0.01171060;0.01182640;0.01195080;0.01201850;0.01205560;0.01205770;0.01202510;0.01197750;0.01193840;0.01189390;0.01183950;0.01176830;0.01168210;0.01158790;0.01149390;0.01140850;0.01134000;0.01127650;0.01121660;0.01116230;0.01111020;0.01105550;0.01099760;0.01093710;0.01087490;0.01081170;0.01074790;0.01068410;         ;         ;         ;         ;         ;         ;         ;         ;         ;         ;         ;         ;         ;         ;         
;95% LL;         ;         ;         ;         ;         ;         ;         ;         ;         ;         ;         ;         ;         ;         ;         ;         ;         ;         ;         ;         ;         ;         ;         ;         ;         ;         ;         ;         ;         ;         ;         ;         ;0.00033772;0.00043000;0.00102073;0.00176145;0.00717929;0.00977623;0.01165760;0.01175730;0.01169030;0.01159120;0.01150450;0.01138870;0.01149640;0.01159690;0.01164010;0.01165460;0.01164360;0.01160240;0.01154650;0.01149940;0.01145700;0.01140130;0.01132310;0.01122870;0.01112550;0.01102210;0.01093000;0.01085390;0.01078310;0.01071690;0.01065730;0.01060000;0.01053990;0.01047460;0.01040740;0.01033970;0.01027210;0.01020480;0.01013600;         ;         ;         ;         ;         ;         ;         ;         ;         ;         ;         ;         ;         ;         ;         
;95% UL;         ;         ;         ;         ;         ;         ;         ;         ;         ;         ;         ;         ;         ;         ;         ;         ;         ;         ;         ;         ;         ;         ;         ;         ;         ;         ;         ;         ;         ;         ;         ;         ;0.00051409;0.00081841;0.00143604;0.00217958;0.00771003;0.01041100;0.01242000;0.01258050;0.01256830;0.01253940;0.01252840;0.01252080;0.01268290;0.01284770;0.01295340;0.01302630;0.01306190;0.01306090;0.01304360;0.01303380;0.01301840;0.01299290;0.01295030;0.01289220;0.01282560;0.01275830;0.01269850;0.01265380;0.01261270;0.01257330;0.01253750;0.01250260;0.01246370;0.01242010;0.01237250;0.01232160;0.01226820;0.01221290;0.01215630;         ;         ;         ;         ;         ;         ;         ;         ;         ;         ;         ;         ;         ;         ;         
PrEP coverage in sexually active individuals;Mean;         ;         ;         ;         ;         ;         ;         ;         ;         ;         ;         ;         ;         ;         ;         ;         ;         ;         ;         ;         ;         ;         ;         ;         ;         ;         ;         ;         ;         ;         ;         ;         ;0.00036435;0.00087110;0.00150039;0.00217842;0.00600136;0.00808789;0.00977711;0.01005960;0.01009320;0.01006220;0.01002000;0.00997147;0.01007050;0.01018800;0.01028090;0.01035920;0.01041980;0.01046240;0.01049680;0.01053470;0.01056880;0.01059680;0.01061490;0.01062390;0.01062710;0.01062880;0.01063320;0.01064470;0.01065740;0.01067070;0.01068580;0.01070100;0.01071400;0.01072410;0.01073180;0.01073720;0.01074080;0.01074290;0.01074380;         ;         ;         ;         ;         ;         ;         ;         ;         ;         ;         ;         ;         ;         ;         
;95% LL;         ;         ;         ;         ;         ;         ;         ;         ;         ;         ;         ;         ;         ;         ;         ;         ;         ;         ;         ;         ;         ;         ;         ;         ;         ;         ;         ;         ;         ;         ;         ;         ;0.00035840;0.00083925;0.00144082;0.00210152;0.00593524;0.00802554;0.00969893;0.00997709;0.00999063;0.00992946;0.00984152;0.00973841;0.00983101;0.00994305;0.01003360;0.01010860;0.01016470;0.01020350;0.01023440;0.01026850;0.01029840;0.01032300;0.01033750;0.01034310;0.01034320;0.01034170;0.01034300;0.01035330;0.01036420;0.01037590;0.01038740;0.01039670;0.01040420;0.01040950;0.01041280;0.01041440;0.01041470;0.01041380;0.01041200;         ;         ;         ;         ;         ;         ;         ;         ;         ;         ;         ;         ;         ;         ;         
;95% UL;         ;         ;         ;         ;         ;         ;         ;         ;         ;         ;         ;         ;         ;         ;         ;         ;         ;         ;         ;         ;         ;         ;         ;         ;         ;         ;         ;         ;         ;         ;         ;         ;0.00037184;0.00089500;0.00153846;0.00222468;0.00605823;0.00815785;0.00985813;0.01012760;0.01019330;0.01021080;0.01021190;0.01020750;0.01031700;0.01043920;0.01053510;0.01061620;0.01068000;0.01072620;0.01077180;0.01082100;0.01086650;0.01090570;0.01093510;0.01095520;0.01096940;0.01098170;0.01099630;0.01101730;0.01103870;0.01105990;0.01108210;0.01110380;0.01112250;0.01113780;0.01114990;0.01115930;0.01116610;0.01117080;0.01117380;         ;         ;         ;         ;         ;         ;         ;         ;         ;         ;         ;         ;         ;         ;         
;;         ;         ;         ;         ;         ;         ;         ;         ;         ;         ;         ;         ;         ;         ;         ;         ;         ;         ;         ;         ;         ;         ;         ;         ;         ;         ;         ;         ;         ;         ;         ;         ;         ;         ;         ;         ;         ;         ;         ;         ;         ;         ;         ;         ;         ;         ;         ;         ;         ;         ;         ;         ;         ;         ;         ;         ;         ;         ;         ;         ;         ;         ;         ;         ;         ;         ;         ;         ;         ;         ;         ;         ;         ;         ;         ;         ;         ;         ;         ;         ;         ;         ;         ;         ;         ;         
;;;;;;;;;;;;;;;;;;;;;;;;;;;;;;;;;;;;;;;;;;;;;;;;;;;;;;;;;;;;;;;;;;;;;;;;;;;;;;;;;;;;;;;
;;         ;         ;         ;         ;         ;         ;         ;         ;         ;         ;         ;         ;         ;         ;         ;         ;         ;         ;         ;         ;         ;         ;         ;         ;         ;         ;         ;         ;         ;         ;         ;         ;0.00037328;0.00090218;0.00155219;0.00224205;0.00608410;0.00817904;0.00988597;0.01013600;0.01017820;0.01019510;0.01019920;0.01020130;0.01031710;0.01044670;0.01055040;0.01063860;0.01070860;0.01076260;0.01080340;0.01085010;0.01088870;0.01091790;0.01093680;0.01094630;0.01094980;0.01095140;0.01095610;0.01097090;0.01098690;0.01100440;0.01102600;0.01104670;0.01106400;0.01107670;0.01108330;0.01108720;0.01109090;0.01109550;0.01109840;         ;         ;         ;         ;         ;         ;         ;         ;         ;         ;         ;         ;         ;         ;         
;;         ;         ;         ;         ;         ;         ;         ;         ;         ;         ;         ;         ;         ;         ;         ;         ;         ;         ;         ;         ;         ;         ;         ;         ;         ;         ;         ;         ;         ;         ;         ;         ;         ;         ;         ;         ;         ;         ;         ;         ;         ;         ;         ;         ;         ;         ;         ;         ;         ;         ;         ;         ;         ;         ;         ;         ;         ;         ;         ;         ;         ;         ;         ;         ;         ;         ;         ;         ;         ;         ;         ;         ;         ;         ;         ;         ;         ;         ;         ;         ;         ;         ;         ;         ;         ;         
