;;1985;1986;1987;1988;1989;1990;1991;1992;1993;1994;1995;1996;1997;1998;1999;2000;2001;2002;2003;2004;2005;2006;2007;2008;2009;2010;2011;2012;2013;2014;2015;2016;2017;2018;2019;2020;2021;2022;2023;2024;2025;2026;2027;2028;2029;2030;2031;2032;2033;2034;2035;2036;2037;2038;2039;2040;2041;2042;2043;2044;2045;2046;2047;2048;2049;2050;2051;2052;2053;2054;2055;;;;;;;;;;;;;;;
;;;;;;;;;;;;;;;;;;;;;;;;;;;;;;;;;;;;;;;;;;;;;;;;;;;;;;;;;;;;;;;;;;;;;;;;;;;;;;;;;;;;;;;
Mortality statistics;;;;;;;;;;;;;;;;;;;;;;;;;;;;;;;;;;;;;;;;;;;;;;;;;;;;;;;;;;;;;;;;;;;;;;;;;;;;;;;;;;;;;;;
;;;;;;;;;;;;;;;;;;;;;;;;;;;;;;;;;;;;;;;;;;;;;;;;;;;;;;;;;;;;;;;;;;;;;;;;;;;;;;;;;;;;;;;
Infant mortality rate (/1000);Mean;53.60280000;52.45530000;50.93510000;49.49500000;48.14740000;46.99010000;46.24430000;45.86780000;45.95160000;46.49780000;47.43150000;48.74700000;49.69040000;51.93270000;52.00880000;52.22030000;52.56100000;55.01260000;56.38770000;55.49650000;53.02130000;50.07170000;45.58350000;41.26100000;36.35150000;32.75170000;31.03990000;30.28050000;29.60260000;28.93310000;28.30430000;27.82650000;27.43640000;27.17610000;25.09000000;24.94550000;29.03460000;29.29930000;28.53370000;27.76350000;27.01460000;26.28480000;25.58070000;24.90330000;24.25160000;23.62190000;23.01230000;22.42110000;21.84520000;21.28570000;20.74190000;20.21310000;19.69890000;19.19960000;18.71520000;18.24500000;17.78880000;17.34610000;16.91640000;16.49970000;16.09570000;15.70390000;15.32400000;14.95560000;14.59840000;14.25190000;13.91580000;13.58950000;13.27300000;12.96590000;12.66770000;         ;         ;         ;         ;         ;         ;         ;         ;         ;         ;         ;         ;         ;         ;         
;95% LL;53.59790000;52.43980000;50.90720000;49.43720000;48.03790000;46.77320000;45.84620000;45.29010000;45.11880000;45.37350000;46.19770000;47.39780000;48.28170000;50.50920000;50.53980000;50.84560000;51.24850000;53.74540000;55.21890000;54.43440000;52.04720000;49.20700000;44.84770000;40.70870000;36.00500000;32.55960000;30.92360000;30.18940000;29.52730000;28.87070000;28.25920000;27.79140000;27.40570000;27.14690000;25.06070000;24.91590000;29.00330000;29.26910000;28.50560000;27.73950000;26.99420000;26.26680000;25.56530000;24.89010000;24.23900000;23.60960000;23.00020000;22.40920000;21.83360000;21.27440000;20.73090000;20.20240000;19.68870000;19.18980000;18.70580000;18.23600000;17.78030000;17.33800000;16.90880000;16.49240000;16.08860000;15.69710000;15.31750000;14.94940000;14.59240000;14.24620000;13.91030000;13.58430000;13.26810000;12.96120000;12.66330000;         ;         ;         ;         ;         ;         ;         ;         ;         ;         ;         ;         ;         ;         ;         
;95% UL;53.60750000;52.47010000;50.96010000;49.54560000;48.24930000;47.19460000;46.64890000;46.51240000;46.84250000;47.60700000;48.69490000;50.09770000;51.08550000;53.39260000;53.45760000;53.62240000;53.90200000;56.19290000;57.51290000;56.50780000;53.96670000;50.88720000;46.23710000;41.77190000;36.65540000;32.92080000;31.15530000;30.37780000;29.68480000;29.00000000;28.35430000;27.86660000;27.47250000;27.21200000;25.12730000;24.98360000;29.07250000;29.33610000;28.56850000;27.79480000;27.04220000;26.30760000;25.60000000;24.92090000;24.26820000;23.63780000;23.02800000;22.43640000;21.86010000;21.30010000;20.75570000;20.22620000;19.71140000;19.21160000;18.72660000;18.25590000;17.79930000;17.35620000;16.92610000;16.50900000;16.10450000;15.71230000;15.33200000;14.96320000;14.60560000;14.25880000;13.92230000;13.59580000;13.27900000;12.97160000;12.67330000;         ;         ;         ;         ;         ;         ;         ;         ;         ;         ;         ;         ;         ;         ;         
Under-5 mortality rate (/1000);Mean;74.13480000;72.29440000;70.17480000;68.12610000;66.18360000;64.48830000;63.30820000;62.69040000;62.80380000;63.68340000;65.24330000;67.43460000;69.46500000;73.29950000;74.88660000;76.93390000;78.67380000;81.77230000;83.79960000;83.32510000;79.49980000;74.89160000;68.93410000;62.90890000;55.25500000;48.43100000;44.52420000;42.73150000;41.40390000;40.26590000;39.13700000;38.24430000;37.59490000;37.11330000;34.13310000;33.90770000;39.55420000;40.13480000;39.10220000;38.02270000;36.96720000;35.94370000;34.96220000;34.02620000;33.13230000;32.27090000;31.43780000;30.63020000;29.84450000;29.08180000;28.34090000;27.62100000;26.92150000;26.24270000;25.58430000;24.94550000;24.32610000;23.72530000;23.14250000;22.57750000;22.02990000;21.49910000;20.98460000;20.48600000;20.00270000;19.53420000;19.07990000;18.63940000;18.21220000;17.79800000;17.39630000;         ;         ;         ;         ;         ;         ;         ;         ;         ;         ;         ;         ;         ;         ;         
;95% LL;74.12990000;72.27620000;70.13890000;68.05200000;66.04190000;64.20480000;62.78240000;61.87920000;61.67030000;62.06320000;63.26270000;65.33220000;67.22880000;71.01280000;72.56610000;74.61180000;76.50690000;79.69800000;81.81500000;81.56560000;77.86360000;73.43490000;67.65700000;61.87790000;54.53900000;47.98320000;44.24600000;42.54070000;41.25390000;40.14110000;39.04380000;38.17250000;37.53240000;37.05590000;34.07560000;33.84860000;39.49430000;40.07700000;39.04740000;37.97570000;36.92730000;35.90950000;34.93310000;34.00060000;33.10770000;32.24680000;31.41420000;30.60710000;29.82200000;29.05970000;28.31940000;27.60010000;26.90140000;26.22340000;25.56570000;24.92770000;24.30890000;23.70870000;23.12670000;22.56240000;22.01550000;21.48540000;20.97160000;20.47350000;19.99080000;19.52290000;19.06920000;18.62930000;18.20260000;17.78880000;17.38740000;         ;         ;         ;         ;         ;         ;         ;         ;         ;         ;         ;         ;         ;         ;         
;95% UL;74.13950000;72.31150000;70.20720000;68.19160000;66.31420000;64.75620000;63.81190000;63.55860000;64.05570000;65.33200000;67.21170000;69.61330000;71.66000000;75.69710000;77.28810000;79.26260000;80.92690000;83.82220000;85.70070000;85.03110000;81.09400000;76.30210000;70.09850000;63.84390000;55.90490000;48.80940000;44.77220000;42.92710000;41.56530000;40.40140000;39.24040000;38.32740000;37.66960000;37.18620000;34.20790000;33.98420000;39.63100000;40.21180000;39.17790000;38.09060000;37.02190000;35.98930000;35.00010000;34.06090000;33.16520000;32.30260000;31.46860000;30.66010000;29.87340000;29.10960000;28.36770000;27.64680000;26.94690000;26.26750000;25.60840000;24.96890000;24.34860000;23.74690000;23.16330000;22.59730000;22.04880000;21.51700000;21.00170000;20.50220000;20.01810000;19.54880000;19.09380000;18.65260000;18.22480000;17.81010000;17.40800000;         ;         ;         ;         ;         ;         ;         ;         ;         ;         ;         ;         ;         ;         ;         
Total AIDS deaths;Mean;12.02680000;53.18640000;129.27800000;292.86300000;659.84700000;1477.19000000;3205.38000000;6541.31000000;12265.90000000;21150.90000000;33839.90000000;50658.20000000;71648.00000000;96071.60000000;124027.00000000;154355.00000000;183110.00000000;212409.00000000;240587.00000000;268180.00000000;277026.00000000;271683.00000000;254374.00000000;233452.00000000;208908.00000000;177787.00000000;145882.00000000;117234.00000000;101454.00000000;93675.60000000;90223.40000000;86122.70000000;81497.30000000;77489.00000000;74329.10000000;70596.40000000;66059.60000000;61347.00000000;57207.80000000;53788.30000000;50975.30000000;48847.30000000;47231.90000000;46071.00000000;45371.70000000;44956.90000000;44727.90000000;44562.50000000;44421.90000000;44283.70000000;44133.40000000;43961.10000000;43760.10000000;43526.00000000;43256.00000000;42948.70000000;42603.70000000;42221.20000000;41801.60000000;41345.40000000;40853.20000000;40325.90000000;39764.20000000;39169.10000000;38541.60000000;37882.50000000;37193.00000000;36474.20000000;35727.30000000;34953.80000000;34155.30000000;         ;         ;         ;         ;         ;         ;         ;         ;         ;         ;         ;         ;         ;         ;         
;95% LL;5.81735000;26.31650000;67.63840000;161.10800000;385.63200000;913.88900000;2110.40000000;4614.96000000;9194.51000000;16187.50000000;26592.40000000;41119.00000000;59757.40000000;82005.30000000;108452.00000000;137688.00000000;165722.00000000;194415.00000000;222674.00000000;250216.00000000;260516.00000000;256678.00000000;240763.00000000;221435.00000000;198543.00000000;169156.00000000;138418.00000000;110681.00000000;94940.50000000;86818.00000000;82906.60000000;78633.10000000;74145.70000000;70115.00000000;66727.30000000;62871.70000000;58985.00000000;55371.70000000;52425.70000000;49987.40000000;47948.30000000;46389.50000000;45188.70000000;44316.20000000;43780.50000000;43453.70000000;43263.10000000;43116.10000000;42982.50000000;42844.40000000;42690.10000000;42511.60000000;42303.30000000;42061.50000000;41784.00000000;41469.70000000;41118.50000000;40730.60000000;40306.60000000;39846.90000000;39352.30000000;38823.70000000;38261.80000000;37667.50000000;37041.80000000;36385.70000000;35700.30000000;34986.60000000;34246.10000000;33480.00000000;32690.10000000;         ;         ;         ;         ;         ;         ;         ;         ;         ;         ;         ;         ;         ;         ;         
;95% UL;17.80010000;77.56900000;184.37600000;407.64200000;893.42300000;1986.04000000;4246.85000000;8531.26000000;15674.30000000;26394.80000000;41068.30000000;59923.40000000;82950.60000000;109415.00000000;139319.00000000;171164.00000000;202047.00000000;231222.00000000;259504.00000000;286244.00000000;294110.00000000;287465.00000000;268919.00000000;246503.00000000;220044.00000000;187175.00000000;154412.00000000;124940.00000000;109016.00000000;101540.00000000;98059.50000000;94071.80000000;89247.40000000;85354.90000000;82629.80000000;79284.00000000;74058.70000000;68114.00000000;62590.10000000;57989.00000000;54339.80000000;51561.40000000;49482.70000000;48006.10000000;47149.80000000;46659.90000000;46383.40000000;46183.70000000;46034.80000000;45894.60000000;45745.80000000;45576.90000000;45380.10000000;45150.30000000;44884.20000000;44580.20000000;44237.60000000;43876.80000000;43485.10000000;43056.20000000;42590.70000000;42076.40000000;41495.60000000;40879.90000000;40230.30000000;39544.30000000;38823.00000000;38070.60000000;37294.70000000;36507.10000000;35693.30000000;         ;         ;         ;         ;         ;         ;         ;         ;         ;         ;         ;         ;         ;         ;         
Total non-AIDS deaths;Mean;258486.00000000;263822.00000000;269453.00000000;275022.00000000;280540.00000000;286027.00000000;292269.00000000;300126.00000000;307926.00000000;315599.00000000;323078.00000000;330208.00000000;335916.00000000;338258.00000000;341325.00000000;344238.00000000;348930.00000000;359920.00000000;375709.00000000;379192.00000000;383512.00000000;391102.00000000;396600.00000000;402814.00000000;408372.00000000;414159.00000000;420358.00000000;425463.00000000;430719.00000000;435930.00000000;441102.00000000;446234.00000000;451320.00000000;456724.00000000;490247.00000000;591379.00000000;576311.00000000;483320.00000000;489001.00000000;495109.00000000;501631.00000000;508556.00000000;515872.00000000;523569.00000000;531630.00000000;540041.00000000;548805.00000000;557931.00000000;567456.00000000;577373.00000000;587660.00000000;598277.00000000;609167.00000000;620277.00000000;631580.00000000;643061.00000000;654714.00000000;666535.00000000;678516.00000000;690638.00000000;702885.00000000;715251.00000000;727730.00000000;740333.00000000;753083.00000000;766003.00000000;779118.00000000;792446.00000000;805980.00000000;819686.00000000;833561.00000000;         ;         ;         ;         ;         ;         ;         ;         ;         ;         ;         ;         ;         ;         ;         
;95% LL;258486.00000000;263822.00000000;269452.00000000;275020.00000000;280537.00000000;286020.00000000;292255.00000000;300097.00000000;307875.00000000;315505.00000000;322926.00000000;329981.00000000;335593.00000000;337829.00000000;340771.00000000;343548.00000000;348050.00000000;358866.00000000;374462.00000000;377777.00000000;381945.00000000;389393.00000000;394760.00000000;400785.00000000;406152.00000000;411758.00000000;417807.00000000;422820.00000000;427987.00000000;433111.00000000;438196.00000000;443169.00000000;448081.00000000;453306.00000000;486432.00000000;586555.00000000;571658.00000000;479379.00000000;484928.00000000;490923.00000000;497335.00000000;504156.00000000;511374.00000000;518978.00000000;526953.00000000;535284.00000000;543976.00000000;553035.00000000;562462.00000000;572224.00000000;582356.00000000;592912.00000000;603753.00000000;614819.00000000;626085.00000000;637536.00000000;649165.00000000;660967.00000000;672936.00000000;685050.00000000;697295.00000000;709665.00000000;722154.00000000;734772.00000000;747543.00000000;760490.00000000;773639.00000000;787008.00000000;800590.00000000;814348.00000000;828271.00000000;         ;         ;         ;         ;         ;         ;         ;         ;         ;         ;         ;         ;         ;         ;         
;95% UL;258486.00000000;263823.00000000;269454.00000000;275023.00000000;280544.00000000;286034.00000000;292285.00000000;300156.00000000;307978.00000000;315683.00000000;323218.00000000;330435.00000000;336233.00000000;338688.00000000;341877.00000000;344939.00000000;349779.00000000;360936.00000000;376914.00000000;380575.00000000;385071.00000000;392827.00000000;398485.00000000;404853.00000000;410551.00000000;416469.00000000;422789.00000000;428004.00000000;433366.00000000;438681.00000000;443957.00000000;449192.00000000;454378.00000000;459881.00000000;493651.00000000;595556.00000000;580353.00000000;486709.00000000;492472.00000000;498660.00000000;505258.00000000;512253.00000000;519658.00000000;527462.00000000;535624.00000000;544134.00000000;552993.00000000;562210.00000000;571821.00000000;581820.00000000;592185.00000000;602873.00000000;613829.00000000;624999.00000000;636357.00000000;647888.00000000;659585.00000000;671436.00000000;683389.00000000;695522.00000000;707719.00000000;720055.00000000;732542.00000000;745171.00000000;757795.00000000;770568.00000000;783574.00000000;796882.00000000;810390.00000000;824065.00000000;837901.00000000;         ;         ;         ;         ;         ;         ;         ;         ;         ;         ;         ;         ;         ;         ;         
Non-AIDS deaths in HIV-positive individuals;Mean;7.91986000;13.24660000;28.90760000;68.84150000;167.25000000;395.94400000;870.42400000;1716.88000000;2969.94000000;4606.71000000;6586.73000000;8853.34000000;11225.30000000;13395.90000000;15546.70000000;17346.00000000;19200.10000000;21329.80000000;23618.50000000;25103.50000000;26295.50000000;27129.00000000;28077.60000000;29032.10000000;30061.90000000;31174.90000000;32428.10000000;33825.00000000;35396.90000000;37086.50000000;38850.10000000;40688.90000000;42599.00000000;44576.10000000;49212.40000000;61715.10000000;61998.90000000;52456.60000000;54856.00000000;57350.60000000;59944.80000000;62645.00000000;65449.50000000;68357.30000000;71372.80000000;74491.80000000;77709.40000000;81020.20000000;84421.80000000;87909.30000000;91477.30000000;95120.30000000;98831.50000000;102604.00000000;106430.00000000;110302.00000000;114214.00000000;118154.00000000;122112.00000000;126076.00000000;130030.00000000;133965.00000000;137866.00000000;141724.00000000;145530.00000000;149275.00000000;152945.00000000;156527.00000000;159999.00000000;163335.00000000;166515.00000000;         ;         ;         ;         ;         ;         ;         ;         ;         ;         ;         ;         ;         ;         ;         
;95% LL;3.83852000;6.69687000;15.59430000;38.44870000;97.41250000;243.68100000;579.68800000;1187.23000000;2209.37000000;3627.88000000;5357.00000000;7432.50000000;9686.86000000;11813.60000000;13943.50000000;15824.00000000;17775.60000000;20005.00000000;22412.60000000;24071.70000000;25352.40000000;26265.50000000;27258.90000000;28241.90000000;29229.50000000;30305.20000000;31525.00000000;32891.30000000;34429.30000000;36083.50000000;37813.90000000;39623.40000000;41506.10000000;43442.50000000;47924.10000000;60026.40000000;60340.10000000;51085.10000000;53420.60000000;55839.10000000;58344.90000000;60962.70000000;63693.60000000;66527.40000000;69456.40000000;72485.70000000;75617.90000000;78867.90000000;82199.60000000;85601.90000000;89057.80000000;92563.80000000;96135.50000000;99787.40000000;103527.00000000;107384.00000000;111213.00000000;115054.00000000;118915.00000000;122752.00000000;126560.00000000;130361.00000000;134130.00000000;137857.00000000;141614.00000000;145314.00000000;148945.00000000;152493.00000000;155937.00000000;159250.00000000;162384.00000000;         ;         ;         ;         ;         ;         ;         ;         ;         ;         ;         ;         ;         ;         ;         
;95% UL;11.61020000;19.28580000;40.90590000;95.78100000;230.85200000;546.71800000;1199.63000000;2301.30000000;3781.20000000;5618.42000000;7826.27000000;10181.00000000;12642.20000000;14964.30000000;17081.30000000;18809.90000000;20564.20000000;22605.00000000;24843.00000000;26240.00000000;27341.60000000;28131.40000000;29030.80000000;29994.90000000;31036.90000000;32164.50000000;33456.00000000;34811.90000000;36422.40000000;38177.40000000;40014.80000000;41924.50000000;43903.80000000;45950.60000000;50776.30000000;63685.80000000;63947.40000000;54104.40000000;56579.70000000;59156.30000000;61838.50000000;64631.90000000;67534.40000000;70544.20000000;73667.00000000;76898.30000000;80232.50000000;83663.70000000;87189.50000000;90804.80000000;94503.90000000;98280.70000000;102128.00000000;106039.00000000;110005.00000000;114020.00000000;118074.00000000;122157.00000000;126258.00000000;130364.00000000;134460.00000000;138533.00000000;142571.00000000;146563.00000000;150500.00000000;154372.00000000;158165.00000000;161866.00000000;165452.00000000;168898.00000000;172181.00000000;         ;         ;         ;         ;         ;         ;         ;         ;         ;         ;         ;         ;         ;         ;         
AIDS deaths in people who have been on ART;Mean;         ;         ;         ;         ;         ;         ;         ;         ;         ;         ;         ;         ;         ;         ;         ;770.60900000;1334.61000000;1840.00000000;2372.96000000;7494.48000000;13793.80000000;21007.00000000;27702.90000000;32973.80000000;40111.10000000;45543.80000000;48075.90000000;45508.10000000;42605.30000000;40365.10000000;40606.80000000;41513.30000000;41651.50000000;41476.80000000;42197.40000000;42632.60000000;42699.30000000;42454.90000000;42023.70000000;41635.80000000;41236.70000000;40945.80000000;40726.20000000;40528.40000000;40443.90000000;40446.50000000;40513.50000000;40575.60000000;40616.30000000;40628.10000000;40606.40000000;40548.30000000;40451.80000000;40315.60000000;40138.80000000;39921.30000000;39663.10000000;39364.80000000;39026.90000000;38650.10000000;38235.20000000;37783.00000000;37294.50000000;36770.70000000;36212.60000000;35621.30000000;34997.90000000;34343.80000000;33660.30000000;32948.80000000;32211.10000000;         ;         ;         ;         ;         ;         ;         ;         ;         ;         ;         ;         ;         ;         ;         
;95% LL;         ;         ;         ;         ;         ;         ;         ;         ;         ;         ;         ;         ;         ;         ;         ;766.05600000;1324.85000000;1825.61000000;2353.31000000;7429.04000000;13656.10000000;20747.30000000;27291.00000000;32446.40000000;39400.80000000;44598.50000000;46864.50000000;44631.10000000;41795.80000000;39405.50000000;39443.60000000;40168.90000000;40291.90000000;40120.20000000;40723.70000000;40792.10000000;40590.90000000;40280.80000000;39982.00000000;39763.40000000;39539.80000000;39397.90000000;39298.90000000;39206.30000000;39184.40000000;39216.60000000;39287.80000000;39346.20000000;39379.50000000;39382.10000000;39350.50000000;39282.20000000;39175.60000000;39029.80000000;38844.20000000;38618.50000000;38353.20000000;38048.60000000;37705.50000000;37324.50000000;36906.50000000;36452.30000000;35962.80000000;35439.00000000;34882.10000000;34293.10000000;33673.10000000;33023.50000000;32345.50000000;31640.70000000;30910.90000000;         ;         ;         ;         ;         ;         ;         ;         ;         ;         ;         ;         ;         ;         ;         
;95% UL;         ;         ;         ;         ;         ;         ;         ;         ;         ;         ;         ;         ;         ;         ;         ;774.41900000;1342.32000000;1852.06000000;2389.68000000;7548.55000000;13919.50000000;21250.80000000;28102.30000000;33503.80000000;40815.60000000;46470.40000000;49223.60000000;46545.40000000;43598.50000000;41492.80000000;41991.40000000;43024.40000000;43106.40000000;42906.20000000;43754.30000000;44635.60000000;45030.40000000;44869.20000000;44284.40000000;43699.00000000;43103.10000000;42650.20000000;42307.10000000;42002.90000000;41846.30000000;41814.20000000;41881.90000000;41953.80000000;42006.10000000;42021.90000000;42004.00000000;41949.10000000;41854.70000000;41719.40000000;41549.30000000;41350.80000000;41110.70000000;40829.30000000;40507.30000000;40134.90000000;39707.40000000;39241.00000000;38736.80000000;38203.30000000;37670.00000000;37103.20000000;36503.90000000;35847.20000000;35139.30000000;34408.90000000;33640.90000000;         ;         ;         ;         ;         ;         ;         ;         ;         ;         ;         ;         ;         ;         ;         
AIDS deaths in adult males (15+);Mean;0.84283100;7.24253000;24.70990000;64.98950000;158.35400000;376.56500000;870.13900000;1925.05000000;3924.15000000;7283.74000000;12342.40000000;19285.20000000;27848.20000000;37911.70000000;49106.70000000;60939.00000000;72083.40000000;83276.30000000;93776.40000000;103788.00000000;108219.00000000;108203.00000000;103871.00000000;97982.20000000;91426.10000000;81170.00000000;68158.10000000;55698.80000000;49050.50000000;46327.30000000;45659.30000000;44218.70000000;41973.50000000;40076.70000000;38702.60000000;36882.90000000;34651.00000000;32274.40000000;29995.70000000;28119.90000000;26500.70000000;25271.10000000;24311.90000000;23599.50000000;23135.50000000;22826.70000000;22624.10000000;22457.00000000;22306.10000000;22159.00000000;22006.50000000;21843.10000000;21665.30000000;21470.60000000;21257.70000000;21025.90000000;20775.00000000;20505.30000000;20217.20000000;19911.40000000;19588.30000000;19248.80000000;18893.70000000;18523.60000000;18139.50000000;17742.20000000;17332.60000000;16911.60000000;16480.20000000;16039.60000000;15590.90000000;         ;         ;         ;         ;         ;         ;         ;         ;         ;         ;         ;         ;         ;         ;         
;95% LL;0.40982900;3.57331000;12.61960000;34.79170000;86.70200000;213.37400000;517.69900000;1220.08000000;2668.73000000;5170.34000000;9162.01000000;14801.90000000;22009.30000000;31052.20000000;41063.50000000;51945.00000000;62324.80000000;72982.70000000;83228.00000000;93272.90000000;98741.30000000;99069.60000000;94678.60000000;89407.40000000;83594.00000000;74217.90000000;62125.00000000;50902.80000000;44397.80000000;41825.30000000;40847.70000000;39259.40000000;37114.40000000;35287.00000000;33986.10000000;32181.90000000;30349.50000000;28604.00000000;27044.70000000;25774.50000000;24637.30000000;23765.70000000;23072.60000000;22549.10000000;22193.80000000;21944.20000000;21767.90000000;21614.10000000;21468.70000000;21322.40000000;21168.20000000;21001.50000000;20819.80000000;20621.30000000;20404.80000000;20169.90000000;19916.60000000;19645.20000000;19356.10000000;19049.80000000;18727.20000000;18388.80000000;18035.50000000;17668.00000000;17287.30000000;16894.00000000;16489.30000000;16073.90000000;15648.90000000;15215.50000000;14774.80000000;         ;         ;         ;         ;         ;         ;         ;         ;         ;         ;         ;         ;         ;         ;         
;95% UL;1.23202000;10.56070000;35.92410000;91.85280000;220.58100000;528.77800000;1215.04000000;2630.59000000;5328.51000000;9677.64000000;15949.40000000;24093.40000000;33983.60000000;45096.90000000;57097.40000000;69453.60000000;80844.10000000;92690.90000000;103404.00000000;112883.00000000;117006.00000000;116438.00000000;111819.00000000;105531.00000000;99140.00000000;88304.10000000;74312.20000000;61108.40000000;53811.90000000;51267.80000000;50884.80000000;49518.60000000;47186.50000000;45322.80000000;44153.10000000;42257.60000000;39604.10000000;36481.40000000;33341.70000000;30755.90000000;28568.10000000;26921.80000000;25676.60000000;24763.80000000;24177.80000000;23795.10000000;23550.80000000;23356.30000000;23195.30000000;23043.40000000;22888.90000000;22724.80000000;22546.60000000;22351.50000000;22137.70000000;21904.40000000;21651.30000000;21378.60000000;21086.60000000;20776.00000000;20449.20000000;20117.50000000;19769.60000000;19406.30000000;19028.50000000;18615.00000000;18186.30000000;17745.30000000;17293.00000000;16848.10000000;16407.50000000;         ;         ;         ;         ;         ;         ;         ;         ;         ;         ;         ;         ;         ;         ;         
AIDS deaths in adult females (15+);Mean;0.81761800;6.75130000;21.32230000;50.48130000;110.50400000;241.96400000;540.22600000;1184.63000000;2460.80000000;4746.54000000;8462.77000000;14012.10000000;21514.60000000;31190.40000000;43016.90000000;56661.60000000;70412.80000000;85101.70000000;100098.00000000;115293.00000000;120920.00000000;119319.00000000;111448.00000000;102497.00000000;93224.80000000;80849.90000000;67055.90000000;52861.50000000;44986.80000000;40805.50000000;39070.40000000;37317.60000000;35436.50000000;33745.50000000;32344.30000000;30756.80000000;28638.20000000;26490.20000000;24757.90000000;23473.60000000;22540.10000000;21889.80000000;21459.60000000;21201.40000000;21105.90000000;21103.90000000;21160.70000000;21230.20000000;21298.50000000;21358.70000000;21405.90000000;21437.40000000;21451.40000000;21446.80000000;21422.70000000;21378.90000000;21315.20000000;21231.70000000;21128.20000000;21004.90000000;20861.70000000;20698.70000000;20515.80000000;20313.20000000;20091.00000000;19849.30000000;19588.10000000;19307.90000000;19008.80000000;18691.20000000;18355.60000000;         ;         ;         ;         ;         ;         ;         ;         ;         ;         ;         ;         ;         ;         ;         
;95% LL;0.39686700;3.30310000;10.66600000;26.34890000;60.07560000;133.56000000;332.59900000;798.12600000;1773.89000000;3575.21000000;6706.04000000;11490.00000000;17881.10000000;26401.70000000;37144.60000000;49881.30000000;62969.50000000;77264.20000000;92158.60000000;107614.00000000;113282.00000000;112018.00000000;104601.00000000;96249.80000000;87348.60000000;75697.70000000;62590.50000000;49198.10000000;41461.50000000;37082.50000000;35266.70000000;33558.70000000;31751.00000000;29980.30000000;28536.80000000;26926.10000000;25178.00000000;23650.40000000;22534.00000000;21736.70000000;21166.00000000;20772.20000000;20517.30000000;20374.00000000;20339.80000000;20368.00000000;20435.60000000;20509.10000000;20577.90000000;20637.00000000;20682.50000000;20712.20000000;20724.60000000;20718.80000000;20694.10000000;20650.30000000;20587.40000000;20505.40000000;20400.90000000;20272.80000000;20125.20000000;19962.30000000;19786.40000000;19585.50000000;19358.70000000;19126.10000000;18866.10000000;18595.80000000;18294.60000000;17972.80000000;17644.90000000;         ;         ;         ;         ;         ;         ;         ;         ;         ;         ;         ;         ;         ;         ;         
;95% UL;1.20137000;9.95761000;31.36000000;72.61060000;154.90700000;325.07900000;719.33300000;1555.48000000;3209.95000000;6074.71000000;10503.80000000;16993.40000000;25478.60000000;35995.90000000;48579.30000000;63304.00000000;77886.10000000;92973.80000000;108072.00000000;123112.00000000;128477.00000000;126700.00000000;118532.00000000;109171.00000000;99697.60000000;86683.90000000;72268.40000000;57302.70000000;49202.90000000;45038.20000000;43405.60000000;41814.10000000;39833.10000000;38285.90000000;37207.40000000;35781.80000000;33199.50000000;30192.50000000;27599.40000000;25647.90000000;24255.20000000;23264.40000000;22608.10000000;22208.00000000;22046.40000000;22016.50000000;22066.50000000;22134.50000000;22201.40000000;22262.50000000;22310.70000000;22339.80000000;22359.90000000;22359.30000000;22336.30000000;22292.80000000;22231.20000000;22152.00000000;22050.00000000;21922.60000000;21782.10000000;21622.30000000;21436.20000000;21229.30000000;21001.70000000;20753.60000000;20485.10000000;20196.40000000;19887.80000000;19562.80000000;19212.80000000;         ;         ;         ;         ;         ;         ;         ;         ;         ;         ;         ;         ;         ;         ;         
AIDS deaths in children;Mean;10.36630000;39.19260000;83.24580000;177.39300000;390.98800000;858.66100000;1795.02000000;3431.63000000;5880.97000000;9120.58000000;13034.80000000;17360.80000000;22285.20000000;26969.60000000;31903.50000000;36754.60000000;40613.70000000;44030.50000000;46713.40000000;49099.10000000;47886.80000000;44161.20000000;39055.00000000;32972.40000000;24256.60000000;15767.60000000;10667.60000000;8673.87000000;7416.70000000;6542.86000000;5493.64000000;4586.47000000;4087.28000000;3666.89000000;3282.19000000;2956.74000000;2770.40000000;2582.35000000;2454.21000000;2194.73000000;1934.44000000;1686.38000000;1460.28000000;1270.12000000;1130.23000000;1026.23000000;943.13900000;875.27300000;817.23200000;766.06500000;720.93000000;680.57600000;643.42300000;608.58300000;575.56000000;543.95900000;513.55600000;484.28700000;456.15900000;429.11000000;403.15900000;378.34700000;354.70500000;332.25700000;311.02800000;291.03300000;272.27300000;254.71500000;238.31800000;223.03700000;208.82700000;         ;         ;         ;         ;         ;         ;         ;         ;         ;         ;         ;         ;         ;         ;         
;95% LL;5.04259000;19.46890000;44.35280000;97.47350000;238.70000000;555.53200000;1234.16000000;2560.85000000;4675.90000000;7398.16000000;10892.20000000;15114.80000000;19840.80000000;24451.10000000;29334.70000000;34118.00000000;38050.20000000;41525.30000000;44305.40000000;46816.90000000;45678.10000000;42187.00000000;37316.20000000;31531.30000000;23161.60000000;15032.20000000;10146.40000000;8279.88000000;7091.64000000;6255.64000000;5252.64000000;4371.91000000;3876.28000000;3463.29000000;3088.84000000;2777.01000000;2601.99000000;2424.74000000;2305.98000000;2069.01000000;1823.35000000;1599.21000000;1386.61000000;1204.20000000;1069.15000000;970.85000000;890.58900000;824.23900000;767.76100000;718.12300000;674.52200000;635.48100000;599.86100000;566.34000000;534.68600000;504.44500000;475.11100000;447.10900000;420.93600000;395.51500000;370.90500000;347.43300000;325.14100000;304.03300000;284.18400000;265.39300000;247.85300000;231.46000000;216.16700000;201.92900000;188.70000000;         ;         ;         ;         ;         ;         ;         ;         ;         ;         ;         ;         ;         ;         ;         
;95% UL;15.43180000;57.77020000;118.34900000;248.13000000;531.30800000;1144.36000000;2332.19000000;4357.78000000;7221.31000000;10888.20000000;15150.30000000;19705.60000000;24712.30000000;29488.80000000;34547.90000000;39308.10000000;43168.70000000;46621.80000000;49147.70000000;51425.10000000;50134.70000000;46115.30000000;40793.80000000;34448.00000000;25307.60000000;16493.60000000;11144.80000000;9061.47000000;7756.95000000;6855.26000000;5772.12000000;4833.52000000;4321.13000000;3901.82000000;3519.75000000;3190.05000000;2994.95000000;2794.65000000;2648.87000000;2361.14000000;2079.10000000;1809.72000000;1564.46000000;1360.69000000;1211.67000000;1101.67000000;1013.71000000;941.78800000;882.00300000;829.10600000;782.25200000;740.16100000;700.34200000;662.98300000;629.18400000;596.65600000;565.15900000;534.63000000;505.09300000;476.50000000;448.88900000;422.32800000;396.87500000;372.57900000;349.49000000;327.65300000;307.08800000;287.78200000;269.70500000;252.82300000;237.09800000;         ;         ;         ;         ;         ;         ;         ;         ;         ;         ;         ;         ;         ;         ;         
AIDS deaths in 15-24 year olds;Mean;0.42710500;3.08183000;8.79405000;19.40520000;40.53160000;85.75570000;185.76000000;399.02200000;812.04900000;1533.07000000;2666.12000000;4276.30000000;6267.10000000;8584.17000000;11067.10000000;13509.30000000;15531.00000000;17280.60000000;18648.80000000;19638.80000000;19116.40000000;17708.50000000;15817.80000000;13997.40000000;12308.60000000;10409.00000000;8390.95000000;6654.69000000;5784.91000000;5442.41000000;5307.04000000;5064.93000000;4814.62000000;4631.68000000;4487.35000000;4304.74000000;4077.12000000;3803.19000000;3540.31000000;3296.10000000;3027.18000000;2771.61000000;2547.99000000;2357.24000000;2190.89000000;2012.26000000;1831.59000000;1645.80000000;1461.07000000;1294.04000000;1161.15000000;1053.92000000;956.15500000;863.98600000;779.63100000;709.38700000;648.62600000;597.65400000;553.42100000;514.08200000;479.48800000;449.24100000;422.41000000;398.35000000;376.42100000;356.20700000;337.42500000;319.86800000;303.38800000;287.80000000;272.99000000;         ;         ;         ;         ;         ;         ;         ;         ;         ;         ;         ;         ;         ;         ;         
;95% LL;0.20727800;1.50695000;4.39745000;10.16050000;22.11910000;47.99560000;115.16100000;263.13400000;572.31800000;1146.34000000;2070.98000000;3456.92000000;5251.43000000;7439.08000000;9672.04000000;12042.90000000;14053.10000000;15825.80000000;17235.80000000;18190.40000000;17709.00000000;16388.90000000;14627.50000000;12974.90000000;11418.00000000;9628.81000000;7735.79000000;6121.03000000;5311.98000000;5044.54000000;4959.21000000;4713.25000000;4481.69000000;4289.85000000;4126.17000000;3930.87000000;3737.95000000;3521.15000000;3305.40000000;3116.25000000;2883.09000000;2650.30000000;2445.69000000;2268.66000000;2108.63000000;1936.84000000;1762.93000000;1580.65000000;1398.32000000;1233.84000000;1103.37000000;999.37000000;905.08500000;816.11300000;734.26700000;666.42400000;607.88000000;558.79500000;516.18600000;479.62600000;446.96000000;418.53500000;393.04200000;370.54000000;349.47600000;329.98500000;311.76000000;295.24100000;279.66500000;264.76900000;250.61700000;         ;         ;         ;         ;         ;         ;         ;         ;         ;         ;         ;         ;         ;         ;         
;95% UL;0.62668400;4.52088000;12.77090000;27.85370000;56.60400000;116.99700000;249.98100000;527.07600000;1049.96000000;1968.66000000;3321.99000000;5131.25000000;7348.62000000;9860.21000000;12510.90000000;15038.90000000;17069.90000000;18799.70000000;20109.30000000;21026.80000000;20450.40000000;18954.60000000;16960.10000000;15001.70000000;13168.20000000;11162.60000000;9025.97000000;7179.44000000;6258.99000000;5922.60000000;5800.07000000;5536.14000000;5254.92000000;5067.11000000;4938.52000000;4780.48000000;4514.08000000;4170.88000000;3842.36000000;3530.14000000;3197.37000000;2908.99000000;2660.39000000;2450.66000000;2275.84000000;2096.67000000;1913.75000000;1727.27000000;1536.97000000;1363.61000000;1228.88000000;1120.28000000;1018.72000000;923.40700000;836.17900000;763.40000000;700.26300000;647.13600000;600.82300000;559.39300000;522.72100000;490.53900000;461.97000000;436.36600000;413.04900000;391.68600000;371.36300000;352.36900000;334.54900000;317.69000000;301.66000000;         ;         ;         ;         ;         ;         ;         ;         ;         ;         ;         ;         ;         ;         ;         
AIDS deaths in males aged 15-24 years;Mean;0.12715300;0.82112200;2.13665000;4.48342000;9.23617000;19.51970000;41.73070000;89.85220000;184.00900000;350.21300000;612.93900000;984.55300000;1433.38000000;1939.29000000;2460.98000000;2959.42000000;3380.55000000;3740.48000000;4015.04000000;4208.06000000;4174.42000000;3978.43000000;3695.96000000;3389.99000000;3094.86000000;2733.19000000;2302.61000000;1946.19000000;1781.74000000;1757.71000000;1799.50000000;1809.50000000;1805.98000000;1817.99000000;1837.44000000;1831.90000000;1801.88000000;1742.94000000;1664.64000000;1579.14000000;1464.61000000;1347.08000000;1238.52000000;1141.37000000;1054.24000000;960.14200000;864.82800000;767.98700000;673.68700000;590.40600000;527.04700000;478.46700000;434.49100000;393.01500000;355.14700000;324.67200000;298.52800000;277.16300000;258.67600000;242.22100000;227.73500000;215.00300000;203.54100000;193.05500000;183.33300000;174.19200000;165.52000000;157.27600000;149.44600000;141.95600000;134.76500000;         ;         ;         ;         ;         ;         ;         ;         ;         ;         ;         ;         ;         ;         ;         
;95% LL;0.06162550;0.39905600;1.05366000;2.29584000;4.92042000;10.71620000;23.94390000;54.59460000;119.18700000;241.40400000;446.73900000;753.22600000;1143.40000000;1603.14000000;2085.87000000;2582.05000000;2986.48000000;3314.15000000;3564.55000000;3746.48000000;3720.29000000;3549.23000000;3298.00000000;3011.38000000;2743.17000000;2419.00000000;2038.65000000;1735.34000000;1592.83000000;1574.00000000;1620.60000000;1631.89000000;1642.04000000;1665.97000000;1681.04000000;1672.29000000;1655.07000000;1619.62000000;1569.92000000;1508.00000000;1408.13000000;1300.57000000;1200.08000000;1107.89000000;1023.89000000;932.53600000;840.35300000;745.08500000;652.44000000;571.01900000;508.21900000;459.85700000;416.22400000;375.18600000;337.98900000;308.27600000;282.96300000;262.45300000;244.87000000;229.36000000;215.70300000;203.37200000;192.24900000;182.04400000;172.56700000;163.72300000;155.30500000;147.25100000;139.69700000;132.46900000;125.53600000;         ;         ;         ;         ;         ;         ;         ;         ;         ;         ;         ;         ;         ;         ;         
;95% UL;0.18589700;1.19755000;3.06681000;6.36154000;12.84840000;26.68440000;56.54660000;119.80000000;240.60000000;450.67900000;771.34900000;1207.78000000;1715.67000000;2279.79000000;2842.28000000;3366.36000000;3792.07000000;4163.69000000;4444.57000000;4638.57000000;4600.90000000;4394.25000000;4089.09000000;3740.48000000;3414.22000000;3028.34000000;2548.78000000;2161.45000000;1973.10000000;1948.39000000;1992.96000000;2001.94000000;1986.72000000;1991.80000000;2013.31000000;2006.30000000;1966.39000000;1880.31000000;1777.77000000;1666.05000000;1535.50000000;1403.22000000;1284.50000000;1180.93000000;1089.28000000;992.36000000;896.28700000;796.28300000;699.45500000;614.82300000;550.37100000;500.90600000;456.89900000;415.14600000;375.84500000;344.40300000;317.20000000;294.83400000;275.90500000;259.05000000;244.12500000;230.97200000;218.79400000;207.37400000;197.68300000;188.51800000;179.47900000;170.83100000;162.60400000;154.71000000;147.10600000;         ;         ;         ;         ;         ;         ;         ;         ;         ;         ;         ;         ;         ;         ;         
AIDS deaths in females aged 15-24 years;Mean;0.29995200;2.26071000;6.65740000;14.92170000;31.29540000;66.23600000;144.02900000;309.17000000;628.04000000;1182.85000000;2053.18000000;3291.75000000;4833.72000000;6644.88000000;8606.16000000;10549.90000000;12150.40000000;13540.10000000;14633.70000000;15430.70000000;14942.00000000;13730.10000000;12121.90000000;10607.40000000;9213.74000000;7675.77000000;6088.34000000;4708.50000000;4003.17000000;3684.71000000;3507.54000000;3255.42000000;3008.63000000;2813.69000000;2649.91000000;2472.84000000;2275.24000000;2060.25000000;1875.67000000;1716.95000000;1562.57000000;1424.53000000;1309.48000000;1215.87000000;1136.65000000;1052.11000000;966.76100000;877.81000000;787.38700000;703.63300000;634.10800000;575.45400000;521.66400000;470.97100000;424.48400000;384.71500000;350.09800000;320.49100000;294.74600000;271.86100000;251.75300000;234.23700000;218.87000000;205.29400000;193.08800000;182.01400000;171.90500000;162.59200000;153.94200000;145.84500000;138.22500000;         ;         ;         ;         ;         ;         ;         ;         ;         ;         ;         ;         ;         ;         ;         
;95% LL;0.14565200;1.10789000;3.34380000;7.80080000;17.06170000;37.08370000;90.75450000;208.54000000;453.13100000;882.46000000;1613.26000000;2692.46000000;4055.44000000;5754.43000000;7601.78000000;9410.32000000;10982.60000000;12501.70000000;13538.20000000;14389.10000000;13931.20000000;12784.80000000;11262.90000000;9834.08000000;8522.27000000;7080.16000000;5615.70000000;4329.11000000;3663.58000000;3362.80000000;3188.43000000;2953.06000000;2730.91000000;2533.78000000;2369.33000000;2185.84000000;2018.68000000;1851.15000000;1715.32000000;1592.44000000;1463.39000000;1343.79000000;1239.63000000;1154.26000000;1079.44000000;997.85800000;914.41700000;826.93900000;739.52100000;658.99000000;592.78300000;536.62200000;484.90400000;436.65200000;392.85500000;355.51800000;323.15600000;295.46100000;271.21700000;249.59700000;230.80900000;214.26200000;200.24600000;187.47200000;175.91900000;165.42900000;155.90700000;147.25200000;139.03500000;131.43800000;124.41200000;         ;         ;         ;         ;         ;         ;         ;         ;         ;         ;         ;         ;         ;         ;         
;95% UL;0.44078700;3.33289000;9.75567000;21.52670000;43.81740000;89.13660000;193.00700000;411.57500000;809.65900000;1500.67000000;2526.04000000;3932.28000000;5615.90000000;7610.82000000;9715.95000000;11685.60000000;13277.90000000;14636.00000000;15684.00000000;16419.50000000;15870.80000000;14601.30000000;12910.40000000;11321.90000000;9866.43000000;8248.74000000;6569.54000000;5097.08000000;4358.78000000;4036.63000000;3863.00000000;3604.34000000;3341.53000000;3142.97000000;2993.61000000;2826.26000000;2588.68000000;2308.50000000;2067.22000000;1868.53000000;1681.98000000;1518.98000000;1390.62000000;1290.05000000;1208.49000000;1118.97000000;1029.37000000;936.40700000;842.02100000;754.57100000;681.93800000;620.53600000;564.06100000;510.64900000;461.50600000;419.33800000;382.53000000;350.96800000;323.45700000;298.92600000;277.29100000;258.40400000;241.77100000;227.03000000;213.74400000;201.85200000;191.00600000;181.01800000;171.74000000;163.04900000;154.86000000;         ;         ;         ;         ;         ;         ;         ;         ;         ;         ;         ;         ;         ;         ;         
AIDS deaths in 15-49 year olds;Mean;1.65808000;13.76150000;44.45910000;109.55000000;251.35200000;572.57000000;1298.75000000;2857.87000000;5862.98000000;11039.90000000;19074.40000000;30482.60000000;45071.50000000;62901.00000000;83564.70000000;106265.00000000;128198.00000000;150724.00000000;172623.00000000;193919.00000000;201295.00000000;198215.00000000;186144.00000000;172042.00000000;157320.00000000;137010.00000000;113352.00000000;90174.50000000;77420.60000000;71255.70000000;68841.90000000;65733.70000000;61828.20000000;58344.00000000;55463.30000000;52039.40000000;47970.50000000;43728.90000000;39807.60000000;36536.70000000;33716.80000000;31400.40000000;29454.90000000;27811.70000000;26440.50000000;25205.60000000;24043.70000000;22891.10000000;21742.90000000;20612.80000000;19517.80000000;18458.00000000;17459.50000000;16525.70000000;15654.90000000;14844.20000000;14090.60000000;13391.80000000;12742.30000000;12134.00000000;11559.10000000;11010.70000000;10487.00000000;10002.60000000;9541.87000000;9089.04000000;8644.79000000;8201.03000000;7760.58000000;7318.47000000;6856.32000000;         ;         ;         ;         ;         ;         ;         ;         ;         ;         ;         ;         ;         ;         ;         
;95% LL;0.80540000;6.75666000;22.44840000;58.04870000;139.26900000;332.07800000;792.71000000;1859.03000000;4090.58000000;8144.27000000;14233.20000000;24053.80000000;36526.90000000;52431.20000000;71548.60000000;93485.70000000;114977.00000000;137112.00000000;159107.00000000;180712.00000000;188826.00000000;186530.00000000;175421.00000000;162528.00000000;148935.00000000;129715.00000000;107098.00000000;84957.00000000;72278.60000000;65874.40000000;63119.60000000;59890.40000000;56108.30000000;52616.60000000;49569.90000000;46076.60000000;42535.40000000;39168.40000000;36192.30000000;33691.90000000;31476.20000000;29600.60000000;27974.00000000;26552.40000000;25312.70000000;24157.20000000;23043.00000000;21926.00000000;20807.70000000;19705.40000000;18637.80000000;17606.50000000;16637.40000000;15734.10000000;14894.60000000;14116.00000000;13394.60000000;12728.00000000;12110.00000000;11532.30000000;10986.80000000;10466.30000000;9968.39000000;9506.54000000;9065.69000000;8630.74000000;8202.52000000;7773.48000000;7346.60000000;6917.41000000;6468.05000000;         ;         ;         ;         ;         ;         ;         ;         ;         ;         ;         ;         ;         ;         ;         
;95% UL;2.43024000;20.05530000;64.56020000;156.46800000;348.56400000;787.85600000;1754.30000000;3818.58000000;7839.51000000;14321.20000000;24230.50000000;37450.50000000;53848.40000000;73092.10000000;95381.80000000;118995.00000000;142649.00000000;165664.00000000;187250.00000000;207855.00000000;214350.00000000;210284.00000000;197139.00000000;181845.00000000;165916.00000000;144680.00000000;120402.00000000;96370.40000000;83323.00000000;77334.60000000;75167.70000000;72197.60000000;68122.50000000;64616.20000000;61963.80000000;58714.70000000;54206.80000000;48965.80000000;43913.70000000;39762.20000000;36224.90000000;33388.10000000;31070.10000000;29169.80000000;27651.40000000;26332.80000000;25119.40000000;23935.30000000;22770.50000000;21622.40000000;20506.90000000;19422.80000000;18396.90000000;17431.60000000;16516.60000000;15685.20000000;14897.00000000;14171.10000000;13480.30000000;12839.10000000;12232.60000000;11654.20000000;11102.40000000;10592.60000000;10108.60000000;9633.93000000;9168.93000000;8704.91000000;8247.06000000;7791.15000000;7319.86000000;         ;         ;         ;         ;         ;         ;         ;         ;         ;         ;         ;         ;         ;         ;         
AIDS deaths in males aged 15-49 years;Mean;0.84053800;7.08877000;23.58640000;60.43810000;144.12900000;337.85600000;774.34100000;1707.39000000;3473.61000000;6435.28000000;10877.70000000;16941.70000000;24347.90000000;32973.80000000;42475.40000000;52418.70000000;61672.80000000;70846.90000000;79345.00000000;87341.40000000;90582.80000000;90114.30000000;86232.00000000;81141.70000000;75552.70000000;66915.30000000;55977.40000000;45602.70000000;39998.50000000;37655.10000000;36969.60000000;35604.50000000;33561.50000000;31786.70000000;30389.90000000;28591.30000000;26492.00000000;24244.00000000;22014.30000000;20098.70000000;18378.30000000;16956.30000000;15748.50000000;14729.10000000;13888.40000000;13146.60000000;12466.10000000;11805.80000000;11161.20000000;10536.80000000;9939.39000000;9369.15000000;8838.49000000;8347.60000000;7894.44000000;7476.89000000;7093.49000000;6741.73000000;6418.12000000;6117.01000000;5834.22000000;5565.55000000;5309.82000000;5072.42000000;4845.38000000;4621.32000000;4399.13000000;4175.17000000;3950.69000000;3725.56000000;3491.94000000;         ;         ;         ;         ;         ;         ;         ;         ;         ;         ;         ;         ;         ;         ;         
;95% LL;0.40857400;3.49185000;12.00360000;32.32720000;78.83700000;191.32500000;460.75700000;1083.17000000;2366.33000000;4590.11000000;8094.87000000;13123.80000000;19381.10000000;27245.00000000;35756.70000000;44898.10000000;53637.70000000;62408.30000000;70749.50000000;79720.00000000;82821.70000000;82236.80000000;78782.60000000;74224.90000000;69211.90000000;61263.70000000;50845.30000000;41321.70000000;35824.60000000;33583.90000000;32936.50000000;31527.00000000;29583.20000000;27868.00000000;26447.00000000;24697.40000000;22961.10000000;21264.30000000;19650.80000000;18235.60000000;16902.90000000;15768.30000000;14774.20000000;13907.70000000;13159.90000000;12476.50000000;11833.10000000;11202.10000000;10583.00000000;9982.53000000;9408.46000000;8861.64000000;8354.45000000;7886.98000000;7457.06000000;7062.40000000;6701.25000000;6370.82000000;6067.37000000;5785.14000000;5519.75000000;5266.82000000;5024.98000000;4799.66000000;4583.11000000;4368.24000000;4154.35000000;3938.09000000;3720.95000000;3502.93000000;3276.30000000;         ;         ;         ;         ;         ;         ;         ;         ;         ;         ;         ;         ;         ;         ;         
;95% UL;1.22900000;10.32940000;34.32240000;85.53340000;200.72800000;474.24400000;1078.25000000;2325.99000000;4696.96000000;8509.60000000;13985.60000000;21052.00000000;29501.10000000;38970.00000000;49079.40000000;59401.90000000;68909.70000000;78603.60000000;86848.10000000;94607.90000000;97510.50000000;96745.40000000;92943.00000000;87533.10000000;81656.20000000;72348.40000000;61255.60000000;49983.40000000;44225.30000000;41874.90000000;41490.40000000;40091.80000000;37782.10000000;36008.70000000;34686.00000000;32925.70000000;30504.50000000;27617.20000000;24675.50000000;22157.80000000;19974.50000000;18222.80000000;16787.30000000;15608.10000000;14671.40000000;13869.70000000;13150.80000000;12464.60000000;11807.00000000;11156.00000000;10539.30000000;9937.42000000;9376.22000000;8855.33000000;8376.83000000;7933.87000000;7525.22000000;7148.83000000;6801.59000000;6478.52000000;6175.70000000;5888.58000000;5616.25000000;5364.13000000;5123.98000000;4889.32000000;4656.13000000;4423.43000000;4190.09000000;3967.31000000;3731.95000000;         ;         ;         ;         ;         ;         ;         ;         ;         ;         ;         ;         ;         ;         ;         
AIDS deaths in females aged 15-49 years;Mean;0.81754100;6.67274000;20.87270000;49.11190000;107.22300000;234.71400000;524.41300000;1150.48000000;2389.36000000;4604.57000000;8196.65000000;13540.90000000;20723.70000000;29927.20000000;41089.30000000;53845.90000000;66525.40000000;79876.90000000;93278.30000000;106578.00000000;110712.00000000;108101.00000000;99912.40000000;90899.90000000;81767.70000000;70094.30000000;57374.70000000;44571.80000000;37422.20000000;33600.70000000;31872.40000000;30129.20000000;28266.60000000;26557.30000000;25073.40000000;23448.20000000;21478.50000000;19485.00000000;17793.30000000;16437.90000000;15338.50000000;14444.10000000;13706.40000000;13082.60000000;12552.10000000;12059.00000000;11577.60000000;11085.30000000;10581.80000000;10076.00000000;9578.44000000;9088.86000000;8620.99000000;8178.09000000;7760.47000000;7367.28000000;6997.06000000;6650.05000000;6324.20000000;6016.98000000;5724.85000000;5445.13000000;5177.23000000;4930.21000000;4696.49000000;4467.72000000;4245.65000000;4025.86000000;3809.88000000;3592.90000000;3364.38000000;         ;         ;         ;         ;         ;         ;         ;         ;         ;         ;         ;         ;         ;         ;         
;95% LL;0.39682600;3.26481000;10.44480000;25.64670000;58.35060000;130.03200000;323.35000000;775.86600000;1724.25000000;3468.97000000;6497.42000000;11083.80000000;17203.40000000;25316.50000000;35474.90000000;47414.40000000;59525.70000000;72574.90000000;85951.70000000;99555.90000000;104178.00000000;101836.00000000;93853.00000000;85374.50000000;76548.20000000;65692.30000000;53790.70000000;41642.80000000;34583.60000000;30724.60000000;28902.40000000;27166.90000000;25406.60000000;23712.00000000;22126.20000000;20449.50000000;18797.10000000;17322.60000000;16125.10000000;15150.20000000;14365.60000000;13687.00000000;13086.40000000;12542.30000000;12060.10000000;11582.00000000;11103.40000000;10616.10000000;10144.30000000;9640.02000000;9140.28000000;8652.48000000;8187.70000000;7749.85000000;7350.58000000;6973.65000000;6607.85000000;6264.86000000;5951.15000000;5657.84000000;5379.53000000;5116.27000000;4859.69000000;4623.12000000;4401.60000000;4184.98000000;3967.94000000;3754.07000000;3546.41000000;3338.00000000;3118.89000000;         ;         ;         ;         ;         ;         ;         ;         ;         ;         ;         ;         ;         ;         ;         
;95% UL;1.20124000;9.84189000;30.69910000;70.62020000;150.34300000;315.33100000;698.43400000;1510.81000000;3118.45000000;5880.73000000;10160.90000000;16398.00000000;24510.20000000;34502.50000000;46279.10000000;60027.10000000;73462.00000000;87005.20000000;100402.00000000;113459.00000000;117270.00000000;114493.00000000;105996.00000000;96575.60000000;87222.10000000;74905.60000000;61606.60000000;48177.50000000;40829.70000000;37140.80000000;35424.70000000;33809.80000000;31935.90000000;30268.60000000;28958.90000000;27380.10000000;24966.30000000;22264.60000000;19867.30000000;17977.00000000;16505.20000000;15367.90000000;14454.20000000;13746.80000000;13148.90000000;12616.30000000;12108.50000000;11610.70000000;11094.30000000;10588.80000000;10079.00000000;9582.57000000;9109.00000000;8658.17000000;8223.94000000;7818.06000000;7440.85000000;7081.77000000;6743.56000000;6423.75000000;6121.55000000;5831.19000000;5554.62000000;5306.72000000;5071.63000000;4840.46000000;4615.20000000;4391.00000000;4169.38000000;3944.96000000;3706.39000000;         ;         ;         ;         ;         ;         ;         ;         ;         ;         ;         ;         ;         ;         ;         
AIDS deaths in 25-49 year olds;Mean;1.23097000;10.67970000;35.66510000;90.14490000;210.82000000;486.81400000;1112.99000000;2458.85000000;5050.93000000;9506.78000000;16408.30000000;26206.30000000;38804.40000000;54316.80000000;72497.60000000;92755.20000000;112667.00000000;133443.00000000;153974.00000000;174281.00000000;182178.00000000;180507.00000000;170327.00000000;158044.00000000;145012.00000000;126601.00000000;104961.00000000;83519.80000000;71635.70000000;65813.30000000;63534.90000000;60668.80000000;57013.60000000;53712.40000000;50975.90000000;47734.70000000;43893.30000000;39925.80000000;36267.30000000;33240.60000000;30689.60000000;28628.80000000;26906.90000000;25454.40000000;24249.60000000;23193.40000000;22212.10000000;21245.30000000;20281.90000000;19318.80000000;18356.70000000;17404.10000000;16503.30000000;15661.70000000;14875.30000000;14134.80000000;13441.90000000;12794.10000000;12188.90000000;11619.90000000;11079.60000000;10561.40000000;10064.60000000;9604.29000000;9165.45000000;8732.84000000;8307.36000000;7881.16000000;7457.19000000;7030.67000000;6583.33000000;         ;         ;         ;         ;         ;         ;         ;         ;         ;         ;         ;         ;         ;         ;         
;95% LL;0.59812200;5.24971000;18.05100000;47.88820000;116.99100000;281.57300000;677.54800000;1595.90000000;3518.26000000;6850.78000000;12288.30000000;20494.10000000;31278.90000000;44999.10000000;61718.50000000;80825.50000000;100229.00000000;120613.00000000;141217.00000000;162039.00000000;170756.00000000;170424.00000000;161319.00000000;149784.00000000;137553.00000000;120078.00000000;99536.80000000;78576.80000000;66776.20000000;60735.80000000;58138.90000000;55160.80000000;51626.60000000;48326.80000000;45443.80000000;42145.80000000;38797.40000000;35641.40000000;32860.30000000;30548.80000000;28558.40000000;26906.40000000;25480.70000000;24234.90000000;23154.20000000;22174.00000000;21239.70000000;20308.60000000;19375.60000000;18441.10000000;17507.10000000;16583.60000000;15712.60000000;14901.20000000;14145.40000000;13436.10000000;12774.40000000;12157.50000000;11582.50000000;11042.60000000;10530.20000000;10038.30000000;9565.89000000;9126.91000000;8706.97000000;8291.38000000;7881.23000000;7469.17000000;7058.28000000;6644.26000000;6209.32000000;         ;         ;         ;         ;         ;         ;         ;         ;         ;         ;         ;         ;         ;         ;         
;95% UL;1.80356000;15.53480000;51.80990000;128.29100000;292.45800000;673.91500000;1501.90000000;3292.72000000;6768.61000000;12486.90000000;20944.20000000;32283.90000000;46306.50000000;63168.10000000;83039.00000000;104767.00000000;125599.00000000;146864.00000000;167121.00000000;186797.00000000;193886.00000000;191336.00000000;180179.00000000;166843.00000000;152845.00000000;133733.00000000;111414.00000000;89289.70000000;77204.20000000;71538.80000000;69548.30000000;66753.00000000;62927.10000000;59594.70000000;56994.00000000;53983.80000000;49735.00000000;44859.00000000;40094.50000000;36243.40000000;33027.50000000;30486.50000000;28421.60000000;26745.40000000;25412.60000000;24277.90000000;23247.80000000;22243.90000000;21248.40000000;20255.10000000;19266.00000000;18293.20000000;17369.20000000;16501.80000000;15687.10000000;14921.10000000;14192.50000000;13529.90000000;12886.30000000;12277.20000000;11710.90000000;11162.70000000;10639.00000000;10155.30000000;9695.06000000;9242.24000000;8797.56000000;8355.65000000;7916.50000000;7474.71000000;7015.52000000;         ;         ;         ;         ;         ;         ;         ;         ;         ;         ;         ;         ;         ;         ;         
AIDS deaths in males aged 25-49 years;Mean;0.71338400;6.26765000;21.44970000;55.95470000;134.89300000;318.33600000;732.61000000;1617.54000000;3289.61000000;6085.07000000;10264.80000000;15957.20000000;22914.50000000;31034.50000000;40014.50000000;49459.30000000;58292.20000000;67106.40000000;75329.90000000;83133.30000000;86408.40000000;86135.80000000;82536.00000000;77751.70000000;72457.80000000;64182.20000000;53674.80000000;43656.50000000;38216.70000000;35897.30000000;35170.10000000;33795.00000000;31755.60000000;29968.70000000;28552.40000000;26759.40000000;24690.10000000;22501.00000000;20349.60000000;18519.60000000;16913.70000000;15609.20000000;14510.00000000;13587.70000000;12834.10000000;12186.50000000;11601.30000000;11037.80000000;10487.50000000;9946.43000000;9412.35000000;8890.68000000;8404.00000000;7954.59000000;7539.29000000;7152.22000000;6794.96000000;6464.57000000;6159.44000000;5874.79000000;5606.49000000;5350.54000000;5106.27000000;4879.37000000;4662.05000000;4447.13000000;4233.61000000;4017.90000000;3801.25000000;3583.61000000;3357.18000000;         ;         ;         ;         ;         ;         ;         ;         ;         ;         ;         ;         ;         ;         ;         
;95% LL;0.34694800;3.09280000;10.95000000;29.97760000;73.91650000;180.60900000;436.81300000;1028.57000000;2223.03000000;4326.10000000;7663.91000000;12294.20000000;18154.50000000;25406.70000000;33652.90000000;42372.10000000;50657.40000000;59108.40000000;67185.80000000;75730.20000000;79255.20000000;78834.90000000;75466.10000000;71194.40000000;66455.40000000;58841.00000000;48745.50000000;39503.00000000;34261.50000000;32096.80000000;31341.90000000;29842.70000000;27897.10000000;26168.10000000;24730.00000000;22987.20000000;21267.70000000;19607.80000000;18046.40000000;16709.00000000;15489.80000000;14458.80000000;13563.30000000;12787.60000000;12124.30000000;11534.20000000;10986.30000000;10452.40000000;9927.72000000;9410.64000000;8899.92000000;8401.65000000;7938.23000000;7511.80000000;7119.08000000;6754.13000000;6418.29000000;6108.37000000;5822.50000000;5555.79000000;5303.92000000;5062.82000000;4831.67000000;4616.18000000;4408.83000000;4202.67000000;3997.12000000;3788.83000000;3579.29000000;3368.57000000;3148.94000000;         ;         ;         ;         ;         ;         ;         ;         ;         ;         ;         ;         ;         ;         ;         
;95% UL;1.04311000;9.14401000;31.24530000;79.23270000;188.08500000;446.49700000;1023.10000000;2208.53000000;4469.83000000;8066.57000000;13246.30000000;19899.90000000;27867.30000000;36804.70000000;46285.80000000;56110.60000000;65044.20000000;74469.40000000;82403.50000000;90104.40000000;93100.00000000;92515.50000000;88740.60000000;83812.70000000;78260.70000000;69423.00000000;58743.70000000;47889.90000000;42314.30000000;39988.00000000;39573.90000000;38175.10000000;35855.80000000;34047.70000000;32702.20000000;30933.60000000;28559.30000000;25703.40000000;22903.70000000;20537.20000000;18480.30000000;16851.50000000;15516.80000000;14436.30000000;13590.30000000;12884.60000000;12262.00000000;11669.40000000;11100.60000000;10543.00000000;9991.63000000;9438.47000000;8923.27000000;8449.48000000;8009.79000000;7597.71000000;7215.36000000;6857.21000000;6527.65000000;6222.54000000;5935.23000000;5661.80000000;5401.77000000;5160.85000000;4931.02000000;4704.79000000;4484.81000000;4258.79000000;4032.56000000;3804.95000000;3580.21000000;         ;         ;         ;         ;         ;         ;         ;         ;         ;         ;         ;         ;         ;         ;         
AIDS deaths in females aged 25-49 years;Mean;0.51758900;4.41204000;14.21530000;34.19020000;75.92720000;168.47800000;380.38300000;841.31200000;1761.32000000;3421.72000000;6143.47000000;10249.10000000;15889.90000000;23282.30000000;32483.10000000;43295.90000000;54375.00000000;66336.80000000;78644.50000000;91147.40000000;95769.90000000;94370.70000000;87790.50000000;80292.50000000;72554.00000000;62418.60000000;51286.30000000;39863.30000000;33419.00000000;29916.00000000;28364.80000000;26873.70000000;25258.00000000;23743.70000000;22423.50000000;20975.30000000;19203.20000000;17424.70000000;15917.60000000;14721.00000000;13775.90000000;13019.60000000;12396.90000000;11866.70000000;11415.50000000;11006.90000000;10610.80000000;10207.50000000;9794.37000000;9372.37000000;8944.33000000;8513.41000000;8099.32000000;7707.11000000;7335.99000000;6982.56000000;6646.97000000;6329.56000000;6029.46000000;5745.12000000;5473.10000000;5210.89000000;4958.36000000;4724.92000000;4503.40000000;4285.71000000;4073.75000000;3863.26000000;3655.94000000;3447.06000000;3226.16000000;         ;         ;         ;         ;         ;         ;         ;         ;         ;         ;         ;         ;         ;         ;         
;95% LL;0.25117400;2.15692000;7.10100000;17.84590000;41.28880000;93.23500000;236.84000000;567.32600000;1271.12000000;2576.16000000;4862.73000000;8257.91000000;12981.70000000;19407.40000000;27694.70000000;37744.70000000;48284.80000000;59943.60000000;72200.60000000;84951.80000000;89845.90000000;88645.00000000;82378.70000000;75151.30000000;67940.40000000;58356.00000000;47997.10000000;37140.20000000;30805.60000000;27238.90000000;25606.10000000;24124.30000000;22604.60000000;21111.10000000;19740.30000000;18256.60000000;16778.40000000;15460.10000000;14431.60000000;13613.20000000;12924.80000000;12350.50000000;11854.20000000;11396.00000000;10981.10000000;10596.20000000;10194.40000000;9786.64000000;9394.75000000;8977.53000000;8542.78000000;8115.85000000;7701.48000000;7313.11000000;6958.49000000;6614.41000000;6287.08000000;5972.13000000;5681.61000000;5409.16000000;5149.13000000;4900.49000000;4658.68000000;4436.74000000;4226.37000000;4019.86000000;3812.09000000;3607.36000000;3406.40000000;3205.45000000;2993.52000000;         ;         ;         ;         ;         ;         ;         ;         ;         ;         ;         ;         ;         ;         ;         
;95% UL;0.76045100;6.50900000;20.94350000;49.39650000;106.52600000;226.36100000;506.99800000;1101.96000000;2311.17000000;4417.76000000;7711.32000000;12506.20000000;18844.70000000;26947.40000000;36959.90000000;48598.90000000;60184.10000000;72369.20000000;84874.00000000;97572.50000000;101961.00000000;100249.00000000;93411.30000000;85781.90000000;77549.90000000;66868.00000000;55122.40000000;43252.10000000;36559.50000000;33095.30000000;31684.60000000;30280.90000000;28611.50000000;27172.40000000;25945.40000000;24537.20000000;22339.70000000;19918.90000000;17814.70000000;16149.70000000;14863.50000000;13869.70000000;13089.20000000;12456.70000000;11970.00000000;11523.00000000;11107.00000000;10678.70000000;10255.00000000;9831.36000000;9398.01000000;8966.43000000;8546.93000000;8150.18000000;7769.94000000;7401.52000000;7060.98000000;6733.40000000;6422.68000000;6127.39000000;5847.60000000;5572.37000000;5319.53000000;5085.72000000;4863.28000000;4643.58000000;4428.76000000;4214.17000000;4001.49000000;3785.44000000;3554.77000000;         ;         ;         ;         ;         ;         ;         ;         ;         ;         ;         ;         ;         ;         ;         
AIDS deaths in adults aged 50 or older;Mean;0.00237146;0.23230100;1.57300000;5.92082000;17.50690000;45.95920000;111.61200000;251.81000000;521.97200000;990.42900000;1730.78000000;2814.77000000;4291.25000000;6201.06000000;8558.85000000;11336.00000000;14298.10000000;17654.20000000;21250.80000000;25161.60000000;27844.40000000;29306.80000000;29175.00000000;28437.60000000;27330.60000000;25010.20000000;21861.80000000;18385.70000000;16616.60000000;15877.00000000;15887.80000000;15802.60000000;15581.90000000;15478.10000000;15583.60000000;15600.20000000;15318.70000000;15035.70000000;14946.10000000;15056.90000000;15324.10000000;15760.50000000;16316.70000000;16989.20000000;17801.00000000;18725.00000000;19741.10000000;20796.10000000;21861.70000000;22904.80000000;23894.60000000;24822.50000000;25657.20000000;26391.70000000;27025.50000000;27560.50000000;27999.60000000;28345.20000000;28603.10000000;28782.30000000;28891.00000000;28936.80000000;28922.40000000;28834.20000000;28688.70000000;28502.50000000;28276.00000000;28018.50000000;27728.40000000;27412.30000000;27090.10000000;         ;         ;         ;         ;         ;         ;         ;         ;         ;         ;         ;         ;         ;         ;         
;95% LL;0.00115644;0.11722500;0.82730100;3.21064000;9.70390000;26.27860000;66.65330000;159.17100000;352.04000000;688.46000000;1246.88000000;2117.07000000;3271.93000000;4822.61000000;6869.70000000;9368.66000000;12024.90000000;15086.60000000;18576.00000000;22516.80000000;25257.10000000;26777.10000000;26711.00000000;26229.50000000;25283.20000000;23215.90000000;20351.80000000;17114.40000000;15331.40000000;14498.40000000;14394.80000000;14257.90000000;14055.10000000;13942.90000000;13994.50000000;13965.20000000;13806.10000000;13740.00000000;13887.70000000;14194.80000000;14594.80000000;15106.30000000;15713.70000000;16424.00000000;17235.30000000;18161.60000000;19159.50000000;20205.00000000;21254.00000000;22268.50000000;23229.80000000;24129.90000000;24938.20000000;25648.10000000;26259.30000000;26774.00000000;27195.10000000;27525.30000000;27761.10000000;27905.60000000;27981.90000000;27998.00000000;27957.10000000;27846.50000000;27682.30000000;27480.60000000;27241.50000000;26973.90000000;26676.00000000;26353.90000000;26027.00000000;         ;         ;         ;         ;         ;         ;         ;         ;         ;         ;         ;         ;         ;         ;         
;95% UL;0.00351163;0.34107800;2.28060000;8.40168000;24.49030000;63.75140000;157.56800000;345.60900000;718.24800000;1340.33000000;2289.53000000;3630.71000000;5394.20000000;7654.30000000;10316.20000000;13273.30000000;16420.60000000;20038.60000000;24018.00000000;28101.90000000;30691.00000000;31928.10000000;31581.30000000;30701.80000000;29472.90000000;26975.00000000;23675.90000000;20029.50000000;18164.60000000;17408.70000000;17506.60000000;17481.30000000;17258.90000000;17177.00000000;17395.70000000;17515.70000000;17098.60000000;16600.80000000;16265.10000000;16173.10000000;16275.00000000;16589.80000000;17057.30000000;17669.90000000;18455.50000000;19376.20000000;20406.10000000;21482.60000000;22575.30000000;23649.40000000;24673.00000000;25636.80000000;26508.00000000;27278.60000000;27947.60000000;28516.30000000;28986.70000000;29360.60000000;29643.50000000;29844.00000000;29970.50000000;30030.60000000;30026.60000000;29944.40000000;29801.20000000;29614.30000000;29384.50000000;29121.40000000;28823.60000000;28498.20000000;28165.60000000;         ;         ;         ;         ;         ;         ;         ;         ;         ;         ;         ;         ;         ;         ;         
AIDS deaths in men aged 50 or older;Mean;0.00229356;0.15375100;1.12347000;4.55141000;14.22530000;38.70910000;95.79860000;217.66600000;450.53300000;848.46400000;1464.65000000;2343.51000000;3500.29000000;4937.88000000;6631.21000000;8520.30000000;10410.60000000;12429.40000000;14431.50000000;16446.60000000;17636.60000000;18089.00000000;17638.90000000;16840.50000000;15873.50000000;14254.60000000;12180.60000000;10096.10000000;9052.03000000;8672.22000000;8689.74000000;8614.18000000;8412.00000000;8289.95000000;8312.74000000;8291.65000000;8159.01000000;8030.49000000;7981.43000000;8021.22000000;8122.41000000;8314.79000000;8563.44000000;8870.38000000;9247.16000000;9680.09000000;10158.00000000;10651.20000000;11144.90000000;11622.10000000;12067.10000000;12474.00000000;12826.80000000;13123.00000000;13363.30000000;13549.00000000;13681.50000000;13763.60000000;13799.10000000;13794.30000000;13754.10000000;13683.30000000;13583.90000000;13451.20000000;13294.20000000;13120.90000000;12933.50000000;12736.40000000;12529.50000000;12314.00000000;12098.90000000;         ;         ;         ;         ;         ;         ;         ;         ;         ;         ;         ;         ;         ;         ;         
;95% LL;0.00111689;0.07872740;0.59937400;2.46452000;7.86499000;22.15310000;56.94140000;136.91100000;292.28400000;584.68200000;1044.97000000;1678.07000000;2628.16000000;3819.82000000;5241.11000000;6870.63000000;8545.08000000;10386.10000000;12296.70000000;14223.30000000;15490.50000000;16020.90000000;15828.00000000;15262.30000000;14504.10000000;13104.60000000;11238.00000000;9321.40000000;8252.41000000;7807.18000000;7749.21000000;7646.67000000;7473.73000000;7371.14000000;7387.92000000;7365.04000000;7307.24000000;7298.04000000;7384.37000000;7538.92000000;7734.48000000;7997.35000000;8298.39000000;8630.88000000;9013.39000000;9448.33000000;9908.81000000;10380.20000000;10849.30000000;11313.30000000;11735.30000000;12116.60000000;12441.60000000;12711.80000000;12936.40000000;13107.50000000;13215.40000000;13274.40000000;13288.70000000;13264.70000000;13207.40000000;13122.00000000;13010.50000000;12868.40000000;12704.10000000;12525.80000000;12334.90000000;12135.80000000;11928.00000000;11712.60000000;11498.50000000;         ;         ;         ;         ;         ;         ;         ;         ;         ;         ;         ;         ;         ;         ;         
;95% UL;0.00339491;0.22612200;1.60837000;6.45636000;20.16580000;54.53440000;136.28400000;302.26300000;630.99000000;1157.97000000;1953.47000000;3053.55000000;4477.21000000;6125.51000000;8006.73000000;10087.30000000;12221.60000000;14405.10000000;16473.10000000;18486.70000000;19507.00000000;19904.90000000;19401.20000000;18345.60000000;17241.50000000;15522.20000000;13355.20000000;11109.30000000;9983.53000000;9643.71000000;9751.09000000;9689.49000000;9445.70000000;9298.13000000;9314.82000000;9324.06000000;9131.92000000;8887.68000000;8701.08000000;8623.43000000;8627.34000000;8746.66000000;8940.92000000;9210.18000000;9569.39000000;9998.75000000;10483.90000000;10989.30000000;11499.00000000;11994.80000000;12460.20000000;12888.80000000;13263.60000000;13581.60000000;13843.00000000;14048.60000000;14199.40000000;14297.70000000;14347.30000000;14354.20000000;14330.80000000;14287.00000000;14188.00000000;14051.20000000;13892.20000000;13721.90000000;13535.20000000;13337.20000000;13127.80000000;12908.70000000;12689.00000000;         ;         ;         ;         ;         ;         ;         ;         ;         ;         ;         ;         ;         ;         ;         
AIDS deaths in women aged 50 or older;Mean;0.00007790;0.07855060;0.44952400;1.36940000;3.28160000;7.25014000;15.81310000;34.14460000;71.43910000;141.96500000;266.12400000;471.25500000;790.96000000;1263.17000000;1927.65000000;2815.74000000;3887.48000000;5224.78000000;6819.33000000;8715.00000000;10207.80000000;11217.80000000;11536.10000000;11597.00000000;11457.10000000;10755.50000000;9681.20000000;8289.65000000;7564.58000000;7204.78000000;7198.05000000;7188.38000000;7169.88000000;7188.12000000;7270.89000000;7308.59000000;7159.69000000;7005.25000000;6964.64000000;7035.67000000;7201.68000000;7445.71000000;7753.25000000;8118.80000000;8553.79000000;9044.94000000;9583.09000000;10144.90000000;10716.80000000;11282.70000000;11827.40000000;12348.50000000;12830.40000000;13268.70000000;13662.20000000;14011.60000000;14318.10000000;14581.60000000;14804.00000000;14987.90000000;15136.90000000;15253.50000000;15338.60000000;15383.00000000;15394.50000000;15381.50000000;15342.50000000;15282.00000000;15198.90000000;15098.30000000;14991.20000000;         ;         ;         ;         ;         ;         ;         ;         ;         ;         ;         ;         ;         ;         ;         
;95% LL;0.00003774;0.03829490;0.22121000;0.68869300;1.72185000;3.87863000;9.31949000;21.24990000;48.44370000;100.52000000;195.08200000;357.72100000;623.93300000;1023.21000000;1598.50000000;2389.22000000;3319.69000000;4519.66000000;5981.55000000;7751.20000000;9131.17000000;10036.60000000;10433.20000000;10469.10000000;10337.40000000;9730.11000000;8762.50000000;7456.92000000;6786.21000000;6449.04000000;6417.14000000;6379.26000000;6359.04000000;6341.14000000;6399.26000000;6407.45000000;6322.07000000;6281.79000000;6357.80000000;6520.20000000;6753.25000000;7044.15000000;7382.73000000;7766.22000000;8205.39000000;8691.70000000;9218.83000000;9767.89000000;10321.70000000;10869.00000000;11391.90000000;11908.10000000;12375.40000000;12796.00000000;13169.40000000;13507.10000000;13802.20000000;14060.40000000;14280.10000000;14462.20000000;14609.50000000;14721.90000000;14802.90000000;14844.40000000;14853.50000000;14838.90000000;14801.70000000;14745.40000000;14666.70000000;14570.70000000;14467.90000000;         ;         ;         ;         ;         ;         ;         ;         ;         ;         ;         ;         ;         ;         ;         
;95% UL;0.00012424;0.11571700;0.66084100;1.99079000;4.64023000;10.05570000;21.39630000;44.67270000;92.99590000;184.95100000;342.89700000;598.33200000;984.83000000;1543.38000000;2301.62000000;3307.40000000;4512.69000000;5968.60000000;7699.42000000;9713.11000000;11285.00000000;12384.10000000;12708.50000000;12741.60000000;12561.60000000;11821.90000000;10695.00000000;9138.45000000;8386.23000000;8089.54000000;8051.03000000;8099.98000000;8103.98000000;8228.95000000;8380.40000000;8486.82000000;8249.08000000;7920.63000000;7703.91000000;7644.41000000;7726.50000000;7904.66000000;8165.76000000;8504.00000000;8933.40000000;9434.55000000;9982.16000000;10549.00000000;11134.30000000;11713.90000000;12272.60000000;12807.80000000;13306.20000000;13755.90000000;14163.90000000;14527.20000000;14851.50000000;15133.70000000;15373.60000000;15573.90000000;15739.30000000;15881.10000000;15991.60000000;16054.70000000;16066.90000000;16053.10000000;16011.80000000;15952.40000000;15867.10000000;15771.30000000;15654.90000000;         ;         ;         ;         ;         ;         ;         ;         ;         ;         ;         ;         ;         ;         ;         
Life expectancy at birth;Mean;62.70100000;62.80630000;62.94400000;63.07250000;63.18880000;63.27790000;63.30690000;63.25130000;63.06120000;62.70040000;62.15350000;61.41070000;60.53020000;59.60820000;58.61170000;57.57540000;56.58680000;55.43200000;54.29010000;53.66190000;53.79620000;54.32880000;55.35860000;56.46120000;57.71700000;59.19080000;60.64890000;61.94570000;62.76640000;63.28590000;63.64770000;64.02060000;64.39430000;64.73410000;64.42060000;62.54590000;62.81590000;65.36560000;65.71150000;66.03280000;66.33090000;66.60390000;66.85630000;67.08980000;67.30490000;67.50780000;67.70180000;67.89080000;68.07640000;68.25900000;68.43890000;68.61610000;68.79080000;68.96310000;69.13300000;69.30070000;69.46630000;69.62970000;69.79090000;69.94990000;70.10670000;70.26130000;70.41360000;70.56360000;70.71130000;70.85670000;70.99990000;71.14090000;71.27940000;71.41560000;71.54960000;         ;         ;         ;         ;         ;         ;         ;         ;         ;         ;         ;         ;         ;         ;         
;95% LL;62.70060000;62.80470000;62.94050000;63.06520000;63.17390000;63.24630000;63.24180000;63.13000000;62.86150000;62.41240000;61.77500000;60.93800000;59.97670000;58.98630000;57.93310000;56.83340000;55.81950000;54.69090000;53.60850000;53.00920000;53.18300000;53.76070000;54.82290000;55.97340000;57.27090000;58.81740000;60.32560000;61.65290000;62.48310000;62.98950000;63.35350000;63.74220000;64.12610000;64.46680000;64.14910000;62.29620000;62.58530000;65.15390000;65.54400000;65.90200000;66.22840000;66.52080000;66.78680000;67.02960000;67.25040000;67.45680000;67.65310000;67.84380000;68.03070000;68.21460000;68.39560000;68.57390000;68.74970000;68.92300000;69.09390000;69.26210000;69.42720000;69.59020000;69.75100000;69.91060000;70.06880000;70.22450000;70.37770000;70.52850000;70.67730000;70.82380000;70.96810000;71.10960000;71.24910000;71.38640000;71.52100000;         ;         ;         ;         ;         ;         ;         ;         ;         ;         ;         ;         ;         ;         ;         
;95% UL;62.70140000;62.80800000;62.94820000;63.08140000;63.20640000;63.31360000;63.37530000;63.36880000;63.24200000;62.98210000;62.55270000;61.91660000;61.13390000;60.28920000;59.33190000;58.32510000;57.34390000;56.18570000;55.00340000;54.32280000;54.41130000;54.88390000;55.85940000;56.90830000;58.10670000;59.53960000;60.93110000;62.18450000;63.00270000;63.53120000;63.90450000;64.27930000;64.64510000;64.98270000;64.66620000;62.77110000;63.02280000;65.55650000;65.86370000;66.15330000;66.42660000;66.68140000;66.92050000;67.14460000;67.35420000;67.55370000;67.74580000;67.93350000;68.11800000;68.29970000;68.47890000;68.65550000;68.82960000;69.00130000;69.17060000;69.33770000;69.50270000;69.66550000;69.82610000;69.98450000;70.14060000;70.29450000;70.44610000;70.59550000;70.74250000;70.88730000;71.02980000;71.17000000;71.30790000;71.44340000;71.57670000;         ;         ;         ;         ;         ;         ;         ;         ;         ;         ;         ;         ;         ;         ;         
Life expectancy at birth: males;Mean;58.74170000;58.84650000;58.96780000;59.08180000;59.18300000;59.25560000;59.26450000;59.18360000;58.96380000;58.57260000;58.00180000;57.25780000;56.41300000;55.66780000;54.89370000;54.14900000;53.39370000;52.45800000;51.58150000;51.36390000;51.56720000;52.03270000;52.86330000;53.79350000;54.88010000;56.18580000;57.52240000;58.66850000;59.39690000;59.84150000;60.15700000;60.50950000;60.88470000;61.22310000;61.20890000;59.62330000;59.51770000;61.61180000;61.94440000;62.25560000;62.54810000;62.81410000;63.05960000;63.28550000;63.49200000;63.68540000;63.86930000;64.04790000;64.22280000;64.39450000;64.56340000;64.72980000;64.89370000;65.05540000;65.21490000;65.37240000;65.52780000;65.68130000;65.83270000;65.98210000;66.12950000;66.27480000;66.41790000;66.55890000;66.69780000;66.83460000;66.96920000;67.10180000;67.23230000;67.36060000;67.48690000;         ;         ;         ;         ;         ;         ;         ;         ;         ;         ;         ;         ;         ;         ;         
;95% LL;58.74140000;58.84500000;58.96430000;59.07450000;59.16800000;59.22200000;59.19510000;59.04970000;58.73850000;58.23960000;57.56360000;56.72870000;55.76950000;54.95920000;54.16150000;53.41410000;52.65030000;51.73880000;50.87160000;50.68150000;50.92410000;51.41130000;52.29490000;53.26940000;54.40430000;55.69240000;57.07610000;58.27940000;59.04990000;59.49840000;59.80620000;60.15610000;60.54840000;60.89150000;60.89040000;59.33320000;59.25680000;61.37350000;61.75510000;62.10630000;62.43040000;62.71950000;62.98190000;63.21970000;63.43340000;63.63110000;63.81750000;63.99800000;64.17420000;64.34710000;64.51700000;64.68430000;64.84920000;65.01180000;65.17230000;65.33060000;65.48700000;65.64140000;65.79380000;65.94410000;66.09250000;66.23870000;66.38280000;66.52480000;66.66470000;66.80240000;66.93800000;67.07160000;67.20300000;67.33220000;67.45940000;         ;         ;         ;         ;         ;         ;         ;         ;         ;         ;         ;         ;         ;         ;         
;95% UL;58.74210000;58.84810000;58.97170000;59.09040000;59.20070000;59.29290000;59.33760000;59.31140000;59.16760000;58.90240000;58.42800000;57.81080000;57.04080000;56.39950000;55.68340000;54.95240000;54.20830000;53.27530000;52.38030000;52.12200000;52.26740000;52.66040000;53.45150000;54.38300000;55.46840000;56.72280000;58.00760000;59.03510000;59.72070000;60.16150000;60.47870000;60.83180000;61.19210000;61.52060000;61.49740000;59.88260000;59.75380000;61.83180000;62.12120000;62.39660000;62.66020000;62.90480000;63.13420000;63.34860000;63.54820000;63.73750000;63.91890000;64.09580000;64.26930000;64.43990000;64.60780000;64.77330000;64.93640000;65.09730000;65.25600000;65.41260000;65.56720000;65.71980000;65.87040000;66.01900000;66.16550000;66.30990000;66.45220000;66.59230000;66.73030000;66.86620000;67.00000000;67.13180000;67.26140000;67.38890000;67.51430000;         ;         ;         ;         ;         ;         ;         ;         ;         ;         ;         ;         ;         ;         ;         
Life expectancy at birth: females;Mean;66.72230000;66.82820000;66.98260000;67.12590000;67.25730000;67.36320000;67.41250000;67.38280000;67.22290000;66.89300000;66.37030000;65.62870000;64.71190000;63.61050000;62.38810000;61.05540000;59.82990000;58.45250000;57.04100000;55.99580000;56.06010000;56.66100000;57.89300000;59.17060000;60.59840000;62.24300000;63.82450000;65.27430000;66.18860000;66.78430000;67.19310000;67.58670000;67.95880000;68.30020000;67.68270000;65.51430000;66.16590000;69.17820000;69.53770000;69.86920000;70.17300000;70.45310000;70.71250000;70.95370000;71.17750000;71.39000000;71.59430000;71.79390000;71.99040000;72.18400000;72.37500000;72.56330000;72.74890000;72.93200000;73.11250000;73.29060000;73.46650000;73.64000000;73.81110000;73.97990000;74.14630000;74.31030000;74.47180000;74.63100000;74.78770000;74.94190000;75.09380000;75.24320000;75.39000000;75.53420000;75.67590000;         ;         ;         ;         ;         ;         ;         ;         ;         ;         ;         ;         ;         ;         ;         
;95% LL;66.72190000;66.82650000;66.97880000;67.11830000;67.24240000;67.33230000;67.35180000;67.27410000;67.04320000;66.63310000;66.02350000;65.19640000;64.18400000;63.00600000;61.71910000;60.36230000;59.11250000;57.73150000;56.33070000;55.29660000;55.37290000;56.01710000;57.29040000;58.60600000;60.05540000;61.74290000;63.39890000;64.89070000;65.82040000;66.42850000;66.82850000;67.23660000;67.62250000;67.95460000;67.33950000;65.19250000;65.87560000;68.91680000;69.33640000;69.71630000;70.05390000;70.35880000;70.63350000;70.88400000;71.11260000;71.32860000;71.53530000;71.73660000;71.93450000;72.12940000;72.32180000;72.51130000;72.69760000;72.88120000;73.06230000;73.24110000;73.41800000;73.59230000;73.76410000;73.93410000;74.10190000;74.26730000;74.43030000;74.59090000;74.74790000;74.90240000;75.05520000;75.20600000;75.35350000;75.49850000;75.64090000;         ;         ;         ;         ;         ;         ;         ;         ;         ;         ;         ;         ;         ;         ;         
;95% UL;66.72280000;66.83000000;66.98700000;67.13480000;67.27520000;67.39750000;67.47630000;67.49230000;67.39350000;67.12960000;66.70870000;66.07170000;65.27400000;64.27740000;63.13530000;61.85130000;60.63810000;59.22460000;57.79510000;56.69390000;56.70900000;57.27120000;58.49280000;59.72080000;61.11690000;62.68900000;64.20610000;65.58750000;66.48770000;67.08650000;67.49580000;67.88920000;68.25410000;68.59580000;67.96530000;65.76750000;66.39850000;69.38790000;69.70210000;69.99710000;70.27360000;70.53410000;70.77970000;71.01160000;71.23010000;71.43960000;71.64200000;71.84010000;72.03530000;72.22860000;72.41940000;72.60710000;72.79250000;72.97490000;73.15440000;73.33160000;73.50640000;73.67900000;73.84930000;74.01690000;74.18280000;74.34640000;74.50750000;74.66620000;74.82250000;74.97590000;75.12700000;75.27560000;75.42160000;75.56490000;75.70580000;         ;         ;         ;         ;         ;         ;         ;         ;         ;         ;         ;         ;         ;         ;         
Prob that 15-year old dies before 60;Mean;0.28191500;0.28293500;0.28398400;0.28509000;0.28632800;0.28786800;0.29006500;0.29352800;0.29907500;0.30753500;0.31950000;0.33518300;0.35437100;0.37247500;0.39493400;0.41743600;0.43872000;0.46085800;0.48307600;0.50056800;0.50442700;0.49790600;0.48274500;0.46526800;0.44668900;0.42215200;0.39377500;0.36515700;0.34731500;0.33638300;0.32966500;0.32250600;0.31475800;0.30759400;0.30921000;0.33808200;0.32451500;0.27842700;0.27218500;0.26672000;0.26182600;0.25751900;0.25362700;0.25007200;0.24683000;0.24377700;0.24084300;0.23794400;0.23505500;0.23216100;0.22925100;0.22632300;0.22337800;0.22042400;0.21747500;0.21454700;0.21165600;0.20881600;0.20603800;0.20333000;0.20069800;0.19814700;0.19567300;0.19327800;0.19095700;0.18870900;0.18652900;0.18441400;0.18235900;0.18035800;0.17840700;         ;         ;         ;         ;         ;         ;         ;         ;         ;         ;         ;         ;         ;         ;         
;95% LL;0.28191300;0.28292300;0.28394600;0.28500100;0.28613300;0.28745000;0.28920100;0.29188000;0.29626000;0.30286400;0.31242300;0.32599900;0.34273700;0.35868300;0.37967600;0.40136900;0.42234000;0.44456500;0.46729300;0.48560100;0.49039300;0.48504700;0.47137500;0.45525000;0.43765100;0.41422200;0.38701400;0.35932900;0.34153500;0.33038200;0.32337900;0.31617800;0.30864200;0.30155500;0.30313600;0.33230600;0.31924500;0.27377000;0.26850700;0.26382800;0.25954200;0.25567500;0.25209600;0.24875700;0.24564000;0.24265800;0.23976100;0.23688600;0.23401600;0.23113600;0.22824100;0.22532700;0.22239700;0.21945900;0.21652700;0.21361700;0.21074600;0.20792700;0.20517100;0.20248700;0.19988100;0.19735600;0.19491000;0.19254300;0.19025100;0.18803200;0.18588100;0.18379500;0.18176800;0.17979400;0.17786800;         ;         ;         ;         ;         ;         ;         ;         ;         ;         ;         ;         ;         ;         ;         
;95% UL;0.28191600;0.28294500;0.28401800;0.28517200;0.28649700;0.28824900;0.29084400;0.29512200;0.30223100;0.31270200;0.32709100;0.34495000;0.36589700;0.38532700;0.40979900;0.43356800;0.45496600;0.47761900;0.49899100;0.51579000;0.51854500;0.51097800;0.49472500;0.47602600;0.45617600;0.43082300;0.40151900;0.37226500;0.35411500;0.34354800;0.33682700;0.32932100;0.32135000;0.31414500;0.31583200;0.34448900;0.33030600;0.28347700;0.27615000;0.26984300;0.26432000;0.25956400;0.25535200;0.25157600;0.24819800;0.24505500;0.24205900;0.23911100;0.23621100;0.23330100;0.23035800;0.22739800;0.22442400;0.22144100;0.21846500;0.21551400;0.21260000;0.20973600;0.20694500;0.20422600;0.20157800;0.19903300;0.19649700;0.19408000;0.19173600;0.18945500;0.18724300;0.18510200;0.18300800;0.18098300;0.17899400;         ;         ;         ;         ;         ;         ;         ;         ;         ;         ;         ;         ;         ;         ;         
Prob that 15-year old male dies before 60;Mean;0.35394100;0.35617600;0.35844200;0.36077600;0.36327800;0.36617300;0.36991200;0.37524500;0.38310900;0.39431800;0.40924600;0.42770200;0.44898500;0.46533800;0.48482600;0.50102800;0.51801600;0.53509400;0.55129900;0.56001200;0.56045100;0.55336100;0.54114900;0.52532400;0.50825700;0.48497600;0.45687800;0.42954300;0.41234300;0.40210800;0.39559700;0.38798900;0.37922800;0.37117800;0.36683400;0.39458300;0.38742800;0.34411900;0.33765700;0.33191700;0.32666700;0.32207200;0.31791200;0.31413000;0.31070700;0.30750700;0.30445100;0.30144400;0.29846100;0.29548300;0.29250200;0.28951200;0.28651600;0.28352100;0.28053700;0.27758000;0.27466300;0.27179600;0.26898700;0.26624300;0.26357200;0.26097700;0.25845600;0.25600800;0.25363200;0.25132300;0.24908000;0.24689800;0.24477100;0.24269300;0.24066000;         ;         ;         ;         ;         ;         ;         ;         ;         ;         ;         ;         ;         ;         ;         
;95% LL;0.35393900;0.35616500;0.35840300;0.36067700;0.36304300;0.36564200;0.36878500;0.37307300;0.37922400;0.38828100;0.40081600;0.41587500;0.43466700;0.44879200;0.46635900;0.48126800;0.49784600;0.51542400;0.53208500;0.54142600;0.54258100;0.53678000;0.52603500;0.51024800;0.49432000;0.47231100;0.44597800;0.42003800;0.40404500;0.39428000;0.38740800;0.37967800;0.37116000;0.36329400;0.35900500;0.38731600;0.38087600;0.33827400;0.33298600;0.32823600;0.32377300;0.31974700;0.31598800;0.31248700;0.30922900;0.30612300;0.30311600;0.30014300;0.29718400;0.29422700;0.29126600;0.28829800;0.28532500;0.28235500;0.27940000;0.27647400;0.27359000;0.27075700;0.26798600;0.26528000;0.26264700;0.26009200;0.25761100;0.25520300;0.25286600;0.25059500;0.24838900;0.24624200;0.24414700;0.24210000;0.24009500;         ;         ;         ;         ;         ;         ;         ;         ;         ;         ;         ;         ;         ;         ;         
;95% UL;0.35394200;0.35618700;0.35847800;0.36086400;0.36348500;0.36667400;0.37103300;0.37744000;0.38734600;0.40112500;0.41909100;0.44002000;0.46400000;0.48212300;0.50272700;0.51881800;0.53608100;0.55348400;0.56931100;0.57655500;0.57563900;0.56799300;0.55518000;0.53861700;0.52098100;0.49792500;0.46805000;0.43966400;0.42118500;0.41085400;0.40485900;0.39704400;0.38784600;0.37955300;0.37529600;0.40264100;0.39467800;0.35059500;0.34277000;0.33592300;0.32980100;0.32459700;0.31999000;0.31587200;0.31227100;0.30897800;0.30588200;0.30282400;0.29981100;0.29681100;0.29380700;0.29079400;0.28777300;0.28475000;0.28174000;0.27875900;0.27580800;0.27291400;0.27005900;0.26726300;0.26456800;0.26192500;0.25935500;0.25686500;0.25444100;0.25209000;0.24980700;0.24758700;0.24542200;0.24331700;0.24126300;         ;         ;         ;         ;         ;         ;         ;         ;         ;         ;         ;         ;         ;         ;         
Prob that 15-year old female dies before 60;Mean;0.20988900;0.20969300;0.20952600;0.20940500;0.20937700;0.20956300;0.21021800;0.21181000;0.21504100;0.22075100;0.22975400;0.24266300;0.25975700;0.27961200;0.30504200;0.33384300;0.35942300;0.38662200;0.41485300;0.44112400;0.44840400;0.44245100;0.42434000;0.40521200;0.38512000;0.35932700;0.33067300;0.30077100;0.28228600;0.27065800;0.26373300;0.25702300;0.25028800;0.24401000;0.25158600;0.28158000;0.26160300;0.21273600;0.20671300;0.20152300;0.19698400;0.19296700;0.18934100;0.18601400;0.18295400;0.18004800;0.17723500;0.17444300;0.17164900;0.16883800;0.16600000;0.16313300;0.16023900;0.15732700;0.15441300;0.15151400;0.14864900;0.14583600;0.14308900;0.14041700;0.13782500;0.13531700;0.13289100;0.13054700;0.12828300;0.12609400;0.12397800;0.12193000;0.11994700;0.11802300;0.11615400;         ;         ;         ;         ;         ;         ;         ;         ;         ;         ;         ;         ;         ;         ;         
;95% LL;0.20988700;0.20968100;0.20949000;0.20932500;0.20921500;0.20922300;0.20959200;0.21068300;0.21311700;0.21761600;0.22521900;0.23634500;0.25103300;0.26846900;0.29189000;0.31929200;0.34405600;0.37111600;0.39982800;0.42715300;0.43467900;0.42892900;0.41152500;0.39339600;0.37385900;0.34955500;0.32180200;0.29346100;0.27534600;0.26356900;0.25642800;0.24996100;0.24365000;0.23744000;0.24497800;0.27540100;0.25596700;0.20787900;0.20293600;0.19859700;0.19467800;0.19110000;0.18779000;0.18466400;0.18172200;0.17889100;0.17612600;0.17337300;0.17059900;0.16781800;0.16499200;0.16216600;0.15929500;0.15640800;0.15349700;0.15060700;0.14776500;0.14497200;0.14223600;0.13957600;0.13700000;0.13450000;0.13208600;0.12976800;0.12752600;0.12536900;0.12327800;0.12125600;0.11929700;0.11739800;0.11555300;         ;         ;         ;         ;         ;         ;         ;         ;         ;         ;         ;         ;         ;         ;         
;95% UL;0.20989000;0.20970400;0.20956000;0.20947900;0.20952000;0.20982400;0.21075900;0.21289200;0.21713000;0.22436900;0.23522200;0.25019300;0.26928000;0.29081700;0.31779100;0.34778800;0.37470100;0.40188000;0.42962300;0.45502600;0.46223800;0.45617800;0.43744900;0.41797800;0.39730300;0.37068800;0.34056400;0.30938800;0.29067500;0.27861600;0.27177900;0.26527800;0.25826500;0.25223500;0.26009500;0.28957600;0.26894700;0.21893200;0.21142100;0.20507800;0.19972400;0.19513400;0.19114500;0.18757900;0.18436800;0.18138500;0.17853300;0.17570600;0.17287700;0.17004200;0.16719600;0.16431800;0.16141800;0.15847800;0.15550100;0.15257300;0.14968700;0.14686300;0.14409400;0.14138800;0.13878400;0.13625400;0.13380200;0.13143300;0.12912900;0.12692300;0.12478900;0.12274000;0.12074900;0.11880200;0.11691400;         ;         ;         ;         ;         ;         ;         ;         ;         ;         ;         ;         ;         ;         ;         
Crude AIDS mortality rate (AIDS deaths/100 000);Mean;0.03722730;0.16072300;0.38169300;0.84553900;1.86457000;4.08932000;8.67395000;17.24890000;31.55340000;53.14940000;83.19330000;122.09300000;169.48900000;223.48000000;284.06200000;348.31700000;407.63900000;466.99000000;522.87400000;576.41600000;588.45600000;570.25000000;526.04900000;475.42600000;418.94100000;351.18200000;283.74400000;224.34800000;190.92300000;173.32300000;164.15200000;154.12400000;143.51100000;134.33000000;126.87700000;118.74400000;109.68600000;100.52400000;92.36550000;85.57840000;79.93110000;75.49960000;71.97300000;69.22800000;67.24430000;65.73320000;64.53370000;63.45960000;62.46130000;61.50420000;60.56630000;59.63330000;58.69590000;57.74800000;56.78650000;55.80980000;54.81770000;53.81040000;52.78850000;51.75260000;50.70350000;49.64180000;48.56810000;47.48300000;46.38680000;45.28000000;44.16320000;43.03690000;41.90180000;40.75880000;39.60890000;         ;         ;         ;         ;         ;         ;         ;         ;         ;         ;         ;         ;         ;         ;         
;95% LL;0.01800680;0.07952540;0.19970200;0.46514000;1.08970000;2.52989000;5.71069000;12.16850000;23.64930000;40.67220000;65.35530000;99.05790000;141.26600000;190.58500000;248.02100000;310.23800000;368.16900000;426.51400000;482.65400000;536.22100000;551.34100000;536.58900000;496.08000000;449.19000000;396.51400000;332.69800000;268.27800000;211.51700000;178.40200000;160.38200000;150.58700000;140.47000000;130.32000000;121.30700000;113.66600000;105.52200000;97.71870000;90.52130000;84.44300000;79.33960000;75.00280000;71.52770000;68.69450000;66.43310000;64.73380000;63.38810000;62.27770000;61.26180000;60.30350000;59.37540000;58.45980000;57.54510000;56.62360000;55.69060000;54.74340000;53.78100000;52.80340000;51.81100000;50.80450000;49.78470000;48.75210000;47.70760000;46.65160000;45.58470000;44.50740000;43.42010000;42.32320000;41.21760000;40.10370000;38.98260000;37.85520000;         ;         ;         ;         ;         ;         ;         ;         ;         ;         ;         ;         ;         ;         ;         
;95% UL;0.05509780;0.23440400;0.54437000;1.17692000;2.52461000;5.49804000;11.49250000;22.49660000;40.32520000;66.33880000;100.99500000;144.49100000;196.36400000;254.69200000;319.47300000;386.67200000;450.69300000;509.52400000;565.75400000;617.70200000;626.63100000;605.53200000;558.13500000;504.60100000;443.65800000;371.30800000;300.62500000;239.35900000;205.40700000;188.12600000;179.35500000;168.74800000;157.54900000;148.12600000;141.12900000;133.33500000;123.03500000;111.56700000;100.99600000;92.31780000;85.21710000;79.72970000;75.44800000;72.24200000;69.98890000;68.31600000;67.02230000;65.88510000;64.84990000;63.86100000;62.88300000;61.91530000;60.94630000;59.96860000;58.97780000;57.97180000;56.94980000;55.91190000;54.85830000;53.78970000;52.70760000;51.64500000;50.59120000;49.52570000;48.44890000;47.31890000;46.18140000;45.01650000;43.84470000;42.65790000;41.46340000;         ;         ;         ;         ;         ;         ;         ;         ;         ;         ;         ;         ;         ;         ;         
;;         ;         ;         ;         ;         ;         ;         ;         ;         ;         ;         ;         ;         ;         ;         ;         ;         ;         ;         ;         ;         ;         ;         ;         ;         ;         ;         ;         ;         ;         ;         ;         ;         ;         ;         ;         ;         ;         ;         ;         ;         ;         ;         ;         ;         ;         ;         ;         ;         ;         ;         ;         ;         ;         ;         ;         ;         ;         ;         ;         ;         ;         ;         ;         ;         ;         ;         ;         ;         ;         ;         ;         ;         ;         ;         ;         ;         ;         ;         ;         ;         ;         ;         ;         ;         ;         
Other demographic indicators;;         ;         ;         ;         ;         ;         ;         ;         ;         ;         ;         ;         ;         ;         ;         ;         ;         ;         ;         ;         ;         ;         ;         ;         ;         ;         ;         ;         ;         ;         ;         ;         ;         ;         ;         ;         ;         ;         ;         ;         ;         ;         ;         ;         ;         ;         ;         ;         ;         ;         ;         ;         ;         ;         ;         ;         ;         ;         ;         ;         ;         ;         ;         ;         ;         ;         ;         ;         ;         ;         ;         ;         ;         ;         ;         ;         ;         ;         ;         ;         ;         ;         ;         ;         ;         ;         
;;         ;         ;         ;         ;         ;         ;         ;         ;         ;         ;         ;         ;         ;         ;         ;         ;         ;         ;         ;         ;         ;         ;         ;         ;         ;         ;         ;         ;         ;         ;         ;         ;         ;         ;         ;         ;         ;         ;         ;         ;         ;         ;         ;         ;         ;         ;         ;         ;         ;         ;         ;         ;         ;         ;         ;         ;         ;         ;         ;         ;         ;         ;         ;         ;         ;         ;         ;         ;         ;         ;         ;         ;         ;         ;         ;         ;         ;         ;         ;         ;         ;         ;         ;         ;         ;         
Total population;Mean;32306300.00000000;33092000.00000000;33869600.00000000;34636300.00000000;35388700.00000000;36123200.00000000;36954200.00000000;37923200.00000000;38873700.00000000;39795500.00000000;40676800.00000000;41492400.00000000;42273900.00000000;42990200.00000000;43663400.00000000;44316200.00000000;44921500.00000000;45486600.00000000;46014500.00000000;46527500.00000000;47078900.00000000;47645100.00000000;48358000.00000000;49106200.00000000;49868300.00000000;50628100.00000000;51415700.00000000;52258100.00000000;53141200.00000000;54049200.00000000;54965700.00000000;55881400.00000000;56790600.00000000;57687700.00000000;58585800.00000000;59455100.00000000;60228800.00000000;61030100.00000000;61938700.00000000;62854700.00000000;63775900.00000000;64700300.00000000;65625800.00000000;66550900.00000000;67474100.00000000;68394100.00000000;69310500.00000000;70222900.00000000;71120100.00000000;72002100.00000000;72868900.00000000;73720000.00000000;74555100.00000000;75373300.00000000;76174000.00000000;76956400.00000000;77720000.00000000;78464100.00000000;79188100.00000000;79891400.00000000;80573700.00000000;81234600.00000000;81874000.00000000;82491900.00000000;83088400.00000000;83663700.00000000;84218100.00000000;84751900.00000000;85265300.00000000;85758600.00000000;86232300.00000000;         ;         ;         ;         ;         ;         ;         ;         ;         ;         ;         ;         ;         ;         ;         
;95% LL;32306300.00000000;33092000.00000000;33869600.00000000;34636200.00000000;35388500.00000000;36122700.00000000;36953300.00000000;37921300.00000000;38869800.00000000;39788600.00000000;40664100.00000000;41472400.00000000;42244500.00000000;42949400.00000000;43608900.00000000;44246300.00000000;44834300.00000000;45382800.00000000;45891100.00000000;46380400.00000000;46915500.00000000;47464700.00000000;48153300.00000000;48880100.00000000;49625600.00000000;50374100.00000000;51154500.00000000;51990700.00000000;52868100.00000000;53771900.00000000;54684900.00000000;55599600.00000000;56504800.00000000;57400500.00000000;58292200.00000000;59156500.00000000;59931500.00000000;60726200.00000000;61627700.00000000;62537000.00000000;63451900.00000000;64371700.00000000;65297300.00000000;66222500.00000000;67145700.00000000;68065800.00000000;68982200.00000000;69894500.00000000;70791700.00000000;71673700.00000000;72540500.00000000;73391700.00000000;74226900.00000000;75045300.00000000;75846200.00000000;76629000.00000000;77392900.00000000;78137500.00000000;78862100.00000000;79566100.00000000;80249100.00000000;80910700.00000000;81550900.00000000;82169600.00000000;82766900.00000000;83343100.00000000;83898300.00000000;84432800.00000000;84947000.00000000;85441000.00000000;85915300.00000000;         ;         ;         ;         ;         ;         ;         ;         ;         ;         ;         ;         ;         ;         ;         
;95% UL;32306300.00000000;33092000.00000000;33869700.00000000;34636400.00000000;35388900.00000000;36123700.00000000;36955300.00000000;37925400.00000000;38877800.00000000;39802800.00000000;40688700.00000000;41510300.00000000;42302400.00000000;43033500.00000000;43719900.00000000;44389200.00000000;45012500.00000000;45597400.00000000;46146100.00000000;46675900.00000000;47246400.00000000;47832000.00000000;48561700.00000000;49324500.00000000;50098800.00000000;50868400.00000000;51663300.00000000;52511700.00000000;53399800.00000000;54309700.00000000;55226200.00000000;56140700.00000000;57055600.00000000;57957000.00000000;58855200.00000000;59724200.00000000;60496700.00000000;61296200.00000000;62203300.00000000;63117700.00000000;64037300.00000000;64960300.00000000;65886100.00000000;66810300.00000000;67730200.00000000;68648100.00000000;69565500.00000000;70478700.00000000;71376700.00000000;72258200.00000000;73126800.00000000;73978500.00000000;74814000.00000000;75632500.00000000;76433500.00000000;77216900.00000000;77982500.00000000;78728400.00000000;79454100.00000000;80157200.00000000;80838200.00000000;81497900.00000000;82137600.00000000;82755900.00000000;83352700.00000000;83928300.00000000;84483000.00000000;85017000.00000000;85530700.00000000;86024300.00000000;86498300.00000000;         ;         ;         ;         ;         ;         ;         ;         ;         ;         ;         ;         ;         ;         ;         
Males age 15 years or older;Mean;9540720.00000000;9765300.00000000;9994940.00000000;10233900.00000000;10480100.00000000;10730000.00000000;10980800.00000000;11362900.00000000;11741500.00000000;12119000.00000000;12499600.00000000;12885300.00000000;13184800.00000000;13491200.00000000;13800900.00000000;14105300.00000000;14409600.00000000;14739400.00000000;15050500.00000000;15339900.00000000;15616900.00000000;15882900.00000000;16202300.00000000;16519300.00000000;16834900.00000000;17151200.00000000;17471700.00000000;17810700.00000000;18137400.00000000;18456500.00000000;18776800.00000000;19088200.00000000;19400600.00000000;19712600.00000000;20038100.00000000;20386100.00000000;20707400.00000000;21054200.00000000;21459400.00000000;21867900.00000000;22268100.00000000;22668300.00000000;23070900.00000000;23478800.00000000;23890300.00000000;24300800.00000000;24707300.00000000;25106500.00000000;25489500.00000000;25863300.00000000;26227700.00000000;26581000.00000000;26925800.00000000;27265100.00000000;27598900.00000000;27926900.00000000;28248600.00000000;28563800.00000000;28872100.00000000;29173400.00000000;29467400.00000000;29754500.00000000;30034600.00000000;30308200.00000000;30575300.00000000;30835800.00000000;31089500.00000000;31336200.00000000;31575500.00000000;31806800.00000000;32029900.00000000;         ;         ;         ;         ;         ;         ;         ;         ;         ;         ;         ;         ;         ;         ;         
;95% LL;9540720.00000000;9765300.00000000;9994940.00000000;10233900.00000000;10480100.00000000;10729900.00000000;10980500.00000000;11362300.00000000;11740200.00000000;12116600.00000000;12494700.00000000;12877000.00000000;13171700.00000000;13472100.00000000;13775500.00000000;14071800.00000000;14368100.00000000;14689800.00000000;14992800.00000000;15274400.00000000;15543900.00000000;15802800.00000000;16115500.00000000;16426000.00000000;16734000.00000000;17043200.00000000;17357400.00000000;17690900.00000000;18013400.00000000;18329000.00000000;18646100.00000000;18955200.00000000;19264600.00000000;19573300.00000000;19896100.00000000;20242200.00000000;20562600.00000000;20908900.00000000;21313700.00000000;21721700.00000000;22121500.00000000;22521700.00000000;22924500.00000000;23333100.00000000;23745500.00000000;24157000.00000000;24564700.00000000;24965100.00000000;25349400.00000000;25724500.00000000;26090300.00000000;26445000.00000000;26791300.00000000;27131900.00000000;27467100.00000000;27796300.00000000;28119200.00000000;28435400.00000000;28744700.00000000;29047300.00000000;29343400.00000000;29629300.00000000;29909800.00000000;30183900.00000000;30451300.00000000;30712100.00000000;30966100.00000000;31213000.00000000;31452400.00000000;31683900.00000000;31907100.00000000;         ;         ;         ;         ;         ;         ;         ;         ;         ;         ;         ;         ;         ;         ;         
;95% UL;9540720.00000000;9765300.00000000;9994940.00000000;10233900.00000000;10480100.00000000;10730100.00000000;10981000.00000000;11363500.00000000;11742800.00000000;12121600.00000000;12504100.00000000;12892900.00000000;13196700.00000000;13508000.00000000;13824300.00000000;14136900.00000000;14448500.00000000;14787300.00000000;15107100.00000000;15405700.00000000;15691900.00000000;15967300.00000000;16295800.00000000;16621600.00000000;16945500.00000000;17269600.00000000;17597000.00000000;17941900.00000000;18273400.00000000;18596600.00000000;18920600.00000000;19234300.00000000;19548300.00000000;19862500.00000000;20191900.00000000;20542300.00000000;20864200.00000000;21211200.00000000;21616700.00000000;22024900.00000000;22424200.00000000;22823200.00000000;23224400.00000000;23630700.00000000;24040400.00000000;24448900.00000000;24853400.00000000;25251400.00000000;25634200.00000000;26007600.00000000;26370900.00000000;26721000.00000000;27061900.00000000;27397400.00000000;27727800.00000000;28052700.00000000;28371700.00000000;28684400.00000000;28990600.00000000;29289900.00000000;29582200.00000000;29867700.00000000;30146600.00000000;30419000.00000000;30685100.00000000;30944700.00000000;31197700.00000000;31443700.00000000;31682500.00000000;31913400.00000000;32136100.00000000;         ;         ;         ;         ;         ;         ;         ;         ;         ;         ;         ;         ;         ;         ;         
Females age 15 years or older;Mean;9986110.00000000;10275400.00000000;10574700.00000000;10884100.00000000;11200800.00000000;11521000.00000000;11937900.00000000;12381100.00000000;12822200.00000000;13263700.00000000;13709700.00000000;14162200.00000000;14534600.00000000;14913400.00000000;15292100.00000000;15661900.00000000;16024300.00000000;16386100.00000000;16723300.00000000;17034200.00000000;17322600.00000000;17598900.00000000;17914200.00000000;18229200.00000000;18544400.00000000;18860800.00000000;19180900.00000000;19562300.00000000;19931500.00000000;20292600.00000000;20654800.00000000;21008000.00000000;21361000.00000000;21713400.00000000;22078000.00000000;22455200.00000000;22795600.00000000;23172200.00000000;23619900.00000000;24070800.00000000;24513000.00000000;24954600.00000000;25398300.00000000;25847500.00000000;26300700.00000000;26753400.00000000;27203000.00000000;27646100.00000000;28072700.00000000;28489900.00000000;28897600.00000000;29295000.00000000;29684400.00000000;30068300.00000000;30447000.00000000;30820100.00000000;31187400.00000000;31548600.00000000;31903400.00000000;32251800.00000000;32593800.00000000;32929500.00000000;33259200.00000000;33583300.00000000;33901700.00000000;34214500.00000000;34521500.00000000;34822400.00000000;35116800.00000000;35404200.00000000;35684200.00000000;         ;         ;         ;         ;         ;         ;         ;         ;         ;         ;         ;         ;         ;         ;         
;95% LL;9986110.00000000;10275400.00000000;10574700.00000000;10884100.00000000;11200700.00000000;11520900.00000000;11937800.00000000;12380800.00000000;12821500.00000000;13262300.00000000;13707100.00000000;14157500.00000000;14527100.00000000;14901900.00000000;15276000.00000000;15639900.00000000;15996700.00000000;16351500.00000000;16682300.00000000;16986500.00000000;17265400.00000000;17534900.00000000;17843700.00000000;18151000.00000000;18459600.00000000;18769600.00000000;19082400.00000000;19460200.00000000;19824700.00000000;20181500.00000000;20540900.00000000;20892000.00000000;21243300.00000000;21594300.00000000;21957800.00000000;22334200.00000000;22673100.00000000;23044900.00000000;23490100.00000000;23939400.00000000;24380500.00000000;24821400.00000000;25264400.00000000;25713200.00000000;26166200.00000000;26618300.00000000;27067100.00000000;27509400.00000000;27934900.00000000;28351000.00000000;28757900.00000000;29154400.00000000;29543600.00000000;29927500.00000000;30306200.00000000;30678900.00000000;31045500.00000000;31407100.00000000;31762600.00000000;32112800.00000000;32455300.00000000;32789700.00000000;33119800.00000000;33444300.00000000;33763100.00000000;34076200.00000000;34383500.00000000;34684800.00000000;34979400.00000000;35267100.00000000;35547300.00000000;         ;         ;         ;         ;         ;         ;         ;         ;         ;         ;         ;         ;         ;         ;         
;95% UL;9986110.00000000;10275400.00000000;10574700.00000000;10884100.00000000;11200800.00000000;11521100.00000000;11938100.00000000;12381500.00000000;12823000.00000000;13265200.00000000;13712300.00000000;14166700.00000000;14541400.00000000;14923200.00000000;15306200.00000000;15681700.00000000;16050700.00000000;16419400.00000000;16764100.00000000;17082800.00000000;17378700.00000000;17662100.00000000;17983900.00000000;18304800.00000000;18625600.00000000;18948000.00000000;19272500.00000000;19656200.00000000;20028600.00000000;20392400.00000000;20757100.00000000;21112400.00000000;21469200.00000000;21821500.00000000;22189100.00000000;22569800.00000000;22913200.00000000;23292500.00000000;23742700.00000000;24195200.00000000;24638500.00000000;25080900.00000000;25525000.00000000;25975200.00000000;26429700.00000000;26883800.00000000;27334600.00000000;27778300.00000000;28204900.00000000;28622100.00000000;29029800.00000000;29426900.00000000;29816300.00000000;30200200.00000000;30578800.00000000;30951800.00000000;31318900.00000000;31679800.00000000;32034300.00000000;32379000.00000000;32717300.00000000;33051200.00000000;33380800.00000000;33704800.00000000;34023100.00000000;34335700.00000000;34642500.00000000;34943200.00000000;35237400.00000000;35524500.00000000;35804100.00000000;         ;         ;         ;         ;         ;         ;         ;         ;         ;         ;         ;         ;         ;         ;         
Children aged <15 years;Mean;12787400.00000000;13060100.00000000;13309000.00000000;13527200.00000000;13716200.00000000;13880100.00000000;14044700.00000000;14189200.00000000;14320600.00000000;14423500.00000000;14477900.00000000;14454800.00000000;14562600.00000000;14592200.00000000;14575200.00000000;14552100.00000000;14491400.00000000;14363900.00000000;14243300.00000000;14156500.00000000;14142900.00000000;14166600.00000000;14244400.00000000;14359600.00000000;14488800.00000000;14613500.00000000;14759600.00000000;14880600.00000000;15066800.00000000;15293900.00000000;15527300.00000000;15777800.00000000;16022300.00000000;16254800.00000000;16462200.00000000;16606600.00000000;16718900.00000000;16796500.00000000;16851800.00000000;16908000.00000000;16986200.00000000;17068000.00000000;17147300.00000000;17215200.00000000;17273700.00000000;17330600.00000000;17390800.00000000;17460900.00000000;17548400.00000000;17639500.00000000;17734600.00000000;17835500.00000000;17936300.00000000;18031300.00000000;18119400.00000000;18200700.00000000;18275200.00000000;18342900.00000000;18403700.00000000;18457500.00000000;18503700.00000000;18542000.00000000;18571500.00000000;18591800.00000000;18602800.00000000;18604900.00000000;18598600.00000000;18584800.00000000;18564600.00000000;18539200.00000000;18509800.00000000;         ;         ;         ;         ;         ;         ;         ;         ;         ;         ;         ;         ;         ;         ;         
;95% LL;12787400.00000000;13060100.00000000;13309000.00000000;13527100.00000000;13716000.00000000;13879800.00000000;14044100.00000000;14188100.00000000;14318700.00000000;14420000.00000000;14472800.00000000;14447400.00000000;14552400.00000000;14578700.00000000;14558100.00000000;14531100.00000000;14466400.00000000;14334400.00000000;14209300.00000000;14118100.00000000;14100200.00000000;14119900.00000000;14193600.00000000;14306100.00000000;14432700.00000000;14555200.00000000;14698700.00000000;14817500.00000000;15002900.00000000;15230800.00000000;15463600.00000000;15713200.00000000;15958100.00000000;16191600.00000000;16400200.00000000;16544600.00000000;16656400.00000000;16735300.00000000;16793500.00000000;16849700.00000000;16928600.00000000;17010800.00000000;17089000.00000000;17158100.00000000;17216300.00000000;17270900.00000000;17326700.00000000;17392300.00000000;17475500.00000000;17564600.00000000;17656300.00000000;17750400.00000000;17846300.00000000;17939900.00000000;18027900.00000000;18109500.00000000;18184700.00000000;18253500.00000000;18315500.00000000;18370700.00000000;18419700.00000000;18459100.00000000;18489400.00000000;18511300.00000000;18523900.00000000;18527600.00000000;18522900.00000000;18511200.00000000;18491700.00000000;18467200.00000000;18438700.00000000;         ;         ;         ;         ;         ;         ;         ;         ;         ;         ;         ;         ;         ;         ;         
;95% UL;12787400.00000000;13060100.00000000;13309000.00000000;13527200.00000000;13716300.00000000;13880400.00000000;14045300.00000000;14190400.00000000;14322700.00000000;14426800.00000000;14482800.00000000;14461900.00000000;14572300.00000000;14604900.00000000;14591100.00000000;14571900.00000000;14515600.00000000;14392700.00000000;14276800.00000000;14194400.00000000;14186100.00000000;14214700.00000000;14296200.00000000;14414200.00000000;14545400.00000000;14670900.00000000;14817400.00000000;14938100.00000000;15123800.00000000;15350200.00000000;15582500.00000000;15833200.00000000;16075700.00000000;16306200.00000000;16513000.00000000;16656500.00000000;16767200.00000000;16843600.00000000;16901400.00000000;16960200.00000000;17038600.00000000;17119400.00000000;17197600.00000000;17271300.00000000;17336100.00000000;17397700.00000000;17460300.00000000;17532400.00000000;17620900.00000000;17713500.00000000;17812300.00000000;17916800.00000000;18018900.00000000;18114800.00000000;18202900.00000000;18284700.00000000;18360900.00000000;18429800.00000000;18491300.00000000;18545400.00000000;18591700.00000000;18629800.00000000;18659000.00000000;18678900.00000000;18688400.00000000;18688300.00000000;18679900.00000000;18664200.00000000;18642300.00000000;18615400.00000000;18584900.00000000;         ;         ;         ;         ;         ;         ;         ;         ;         ;         ;         ;         ;         ;         ;         
Population aged 15-24 years;Mean;6368410.00000000;6464350.00000000;6571370.00000000;6691680.00000000;6824520.00000000;6967080.00000000;7153710.00000000;7412620.00000000;7658590.00000000;7892310.00000000;8116410.00000000;8332330.00000000;8501780.00000000;8686270.00000000;8882470.00000000;9085410.00000000;9309310.00000000;9507680.00000000;9691430.00000000;9852110.00000000;9979690.00000000;10064700.00000000;10176000.00000000;10237600.00000000;10257700.00000000;10250200.00000000;10206400.00000000;10243300.00000000;10233700.00000000;10198600.00000000;10162300.00000000;10111500.00000000;10063800.00000000;10016500.00000000;9995180.00000000;10035600.00000000;10097300.00000000;10184200.00000000;10347800.00000000;10544700.00000000;10727600.00000000;10929300.00000000;11137700.00000000;11363100.00000000;11575500.00000000;11726600.00000000;11846300.00000000;11927300.00000000;11958700.00000000;11977100.00000000;12004500.00000000;12022200.00000000;12030200.00000000;12027500.00000000;12018000.00000000;12009900.00000000;12008500.00000000;12020400.00000000;12050900.00000000;12085700.00000000;12125000.00000000;12171200.00000000;12220000.00000000;12266400.00000000;12310300.00000000;12352200.00000000;12392600.00000000;12431700.00000000;12469200.00000000;12504700.00000000;12537400.00000000;         ;         ;         ;         ;         ;         ;         ;         ;         ;         ;         ;         ;         ;         ;         
;95% LL;6368410.00000000;6464350.00000000;6571370.00000000;6691670.00000000;6824510.00000000;6967060.00000000;7153670.00000000;7412550.00000000;7658430.00000000;7892010.00000000;8115860.00000000;8331430.00000000;8500520.00000000;8684640.00000000;8880530.00000000;9083030.00000000;9306590.00000000;9504840.00000000;9688680.00000000;9849220.00000000;9976400.00000000;10060800.00000000;10170700.00000000;10230500.00000000;10248300.00000000;10238600.00000000;10191400.00000000;10224700.00000000;10211700.00000000;10173000.00000000;10133400.00000000;10080400.00000000;10031100.00000000;9981270.00000000;9956460.00000000;9995900.00000000;10056800.00000000;10143200.00000000;10306400.00000000;10502500.00000000;10684800.00000000;10886000.00000000;11094800.00000000;11319200.00000000;11531800.00000000;11683600.00000000;11803400.00000000;11885500.00000000;11917800.00000000;11937200.00000000;11965600.00000000;11984000.00000000;11992900.00000000;11990300.00000000;11982000.00000000;11974000.00000000;11970300.00000000;11983200.00000000;12010500.00000000;12040500.00000000;12076500.00000000;12119600.00000000;12162500.00000000;12205300.00000000;12248500.00000000;12290200.00000000;12330700.00000000;12370200.00000000;12408200.00000000;12444400.00000000;12478000.00000000;         ;         ;         ;         ;         ;         ;         ;         ;         ;         ;         ;         ;         ;         ;         
;95% UL;6368410.00000000;6464350.00000000;6571380.00000000;6691680.00000000;6824540.00000000;6967100.00000000;7153750.00000000;7412710.00000000;7658750.00000000;7892610.00000000;8116940.00000000;8333180.00000000;8503030.00000000;8687880.00000000;8884380.00000000;9087720.00000000;9311850.00000000;9510380.00000000;9694240.00000000;9855100.00000000;9983140.00000000;10068800.00000000;10181200.00000000;10244200.00000000;10266500.00000000;10261900.00000000;10221300.00000000;10261800.00000000;10255600.00000000;10223300.00000000;10190500.00000000;10143100.00000000;10098200.00000000;10052400.00000000;10031400.00000000;10072400.00000000;10135100.00000000;10223300.00000000;10387000.00000000;10583800.00000000;10766200.00000000;10967200.00000000;11175900.00000000;11400800.00000000;11611500.00000000;11761900.00000000;11880300.00000000;11960100.00000000;11990900.00000000;12009300.00000000;12036500.00000000;12054000.00000000;12062300.00000000;12061200.00000000;12052200.00000000;12042900.00000000;12041300.00000000;12059400.00000000;12096400.00000000;12132300.00000000;12172700.00000000;12224200.00000000;12274400.00000000;12321800.00000000;12366600.00000000;12409900.00000000;12449600.00000000;12488700.00000000;12526700.00000000;12562900.00000000;12596000.00000000;         ;         ;         ;         ;         ;         ;         ;         ;         ;         ;         ;         ;         ;         ;         
Males aged 15-24 years;Mean;3167110.00000000;3204090.00000000;3247470.00000000;3299250.00000000;3359130.00000000;3425350.00000000;3496290.00000000;3623630.00000000;3744110.00000000;3858280.00000000;3967960.00000000;4074290.00000000;4165970.00000000;4266870.00000000;4375150.00000000;4487850.00000000;4611670.00000000;4718030.00000000;4815900.00000000;4900910.00000000;4967910.00000000;5011810.00000000;5074370.00000000;5110190.00000000;5124420.00000000;5124580.00000000;5106460.00000000;5120070.00000000;5111540.00000000;5091800.00000000;5073300.00000000;5049080.00000000;5027570.00000000;5006650.00000000;4999370.00000000;5023450.00000000;5057790.00000000;5102640.00000000;5185230.00000000;5284150.00000000;5375960.00000000;5477280.00000000;5582030.00000000;5695620.00000000;5802670.00000000;5879010.00000000;5939760.00000000;5981420.00000000;5998320.00000000;6008720.00000000;6023390.00000000;6032650.00000000;6036600.00000000;6035310.00000000;6030680.00000000;6026800.00000000;6026290.00000000;6032410.00000000;6047740.00000000;6065170.00000000;6084800.00000000;6108110.00000000;6132850.00000000;6156390.00000000;6178580.00000000;6199730.00000000;6220080.00000000;6239720.00000000;6258530.00000000;6276280.00000000;6292650.00000000;         ;         ;         ;         ;         ;         ;         ;         ;         ;         ;         ;         ;         ;         ;         
;95% LL;3167110.00000000;3204090.00000000;3247470.00000000;3299240.00000000;3359120.00000000;3425350.00000000;3496280.00000000;3623620.00000000;3744080.00000000;3858220.00000000;3967850.00000000;4074100.00000000;4165680.00000000;4266490.00000000;4374680.00000000;4487300.00000000;4611060.00000000;4717410.00000000;4815220.00000000;4900120.00000000;4966890.00000000;5010400.00000000;5072080.00000000;5106820.00000000;5120010.00000000;5118830.00000000;5099050.00000000;5110770.00000000;5100330.00000000;5078700.00000000;5058590.00000000;5033240.00000000;5010940.00000000;4989240.00000000;4980300.00000000;5003380.00000000;5037160.00000000;5081960.00000000;5164320.00000000;5262900.00000000;5354440.00000000;5455520.00000000;5560620.00000000;5673740.00000000;5780800.00000000;5857460.00000000;5918300.00000000;5960500.00000000;5977820.00000000;5988680.00000000;6003840.00000000;6013530.00000000;6017910.00000000;6016620.00000000;6012610.00000000;6008830.00000000;6007170.00000000;6013790.00000000;6027490.00000000;6042470.00000000;6060490.00000000;6082230.00000000;6104050.00000000;6125760.00000000;6147620.00000000;6168650.00000000;6189060.00000000;6208880.00000000;6227980.00000000;6246100.00000000;6262910.00000000;         ;         ;         ;         ;         ;         ;         ;         ;         ;         ;         ;         ;         ;         ;         
;95% UL;3167110.00000000;3204090.00000000;3247470.00000000;3299250.00000000;3359130.00000000;3425360.00000000;3496290.00000000;3623650.00000000;3744150.00000000;3858350.00000000;3968090.00000000;4074490.00000000;4166260.00000000;4267250.00000000;4375600.00000000;4488360.00000000;4612240.00000000;4718680.00000000;4816660.00000000;4901800.00000000;4969020.00000000;5013340.00000000;5076620.00000000;5113460.00000000;5128710.00000000;5130250.00000000;5113900.00000000;5129420.00000000;5122700.00000000;5104210.00000000;5087350.00000000;5064690.00000000;5044730.00000000;5024660.00000000;5017580.00000000;5041970.00000000;5076850.00000000;5122480.00000000;5205390.00000000;5304170.00000000;5395670.00000000;5496590.00000000;5601130.00000000;5714740.00000000;5820880.00000000;5896610.00000000;5956780.00000000;5997800.00000000;6014400.00000000;6024830.00000000;6039370.00000000;6048560.00000000;6052700.00000000;6052160.00000000;6047810.00000000;6043290.00000000;6042760.00000000;6051980.00000000;6070530.00000000;6088500.00000000;6108700.00000000;6134610.00000000;6160070.00000000;6184150.00000000;6206770.00000000;6228630.00000000;6248630.00000000;6268250.00000000;6287340.00000000;6305440.00000000;6322000.00000000;         ;         ;         ;         ;         ;         ;         ;         ;         ;         ;         ;         ;         ;         ;         
Females aged 15-24 years;Mean;3201300.00000000;3260260.00000000;3323910.00000000;3392430.00000000;3465400.00000000;3541730.00000000;3657420.00000000;3788990.00000000;3914480.00000000;4034020.00000000;4148440.00000000;4258040.00000000;4335810.00000000;4419390.00000000;4507320.00000000;4597560.00000000;4697640.00000000;4789650.00000000;4875530.00000000;4951200.00000000;5011790.00000000;5052920.00000000;5101680.00000000;5127380.00000000;5133270.00000000;5125660.00000000;5099920.00000000;5123240.00000000;5122180.00000000;5106770.00000000;5089020.00000000;5062450.00000000;5036210.00000000;5009810.00000000;4995810.00000000;5012130.00000000;5039530.00000000;5081590.00000000;5162560.00000000;5260560.00000000;5351610.00000000;5452020.00000000;5555700.00000000;5667440.00000000;5772800.00000000;5847620.00000000;5906540.00000000;5945920.00000000;5960430.00000000;5968400.00000000;5981150.00000000;5989530.00000000;5993590.00000000;5992230.00000000;5987340.00000000;5983100.00000000;5982170.00000000;5987950.00000000;6003120.00000000;6020570.00000000;6040210.00000000;6063130.00000000;6087130.00000000;6110040.00000000;6131720.00000000;6152490.00000000;6172560.00000000;6192010.00000000;6210690.00000000;6228380.00000000;6244740.00000000;         ;         ;         ;         ;         ;         ;         ;         ;         ;         ;         ;         ;         ;         ;         
;95% LL;3201300.00000000;3260260.00000000;3323910.00000000;3392430.00000000;3465390.00000000;3541710.00000000;3657390.00000000;3788930.00000000;3914350.00000000;4033780.00000000;4148010.00000000;4257340.00000000;4334830.00000000;4418180.00000000;4505790.00000000;4595640.00000000;4695460.00000000;4787450.00000000;4873410.00000000;4949030.00000000;5009370.00000000;5050200.00000000;5098530.00000000;5123610.00000000;5128650.00000000;5119650.00000000;5092330.00000000;5113900.00000000;5111170.00000000;5094340.00000000;5074900.00000000;5047140.00000000;5019880.00000000;4991920.00000000;4976560.00000000;4992510.00000000;5019620.00000000;5061270.00000000;5142030.00000000;5239620.00000000;5330330.00000000;5430440.00000000;5534020.00000000;5645570.00000000;5750980.00000000;5826100.00000000;5885050.00000000;5925000.00000000;5939940.00000000;5948490.00000000;5961710.00000000;5970510.00000000;5974990.00000000;5973670.00000000;5969350.00000000;5965200.00000000;5963170.00000000;5969420.00000000;5982980.00000000;5997990.00000000;6016000.00000000;6037360.00000000;6058440.00000000;6079520.00000000;6100870.00000000;6121530.00000000;6141660.00000000;6161290.00000000;6180270.00000000;6198340.00000000;6215120.00000000;         ;         ;         ;         ;         ;         ;         ;         ;         ;         ;         ;         ;         ;         ;         
;95% UL;3201300.00000000;3260260.00000000;3323910.00000000;3392430.00000000;3465410.00000000;3541750.00000000;3657460.00000000;3789060.00000000;3914610.00000000;4034270.00000000;4148860.00000000;4258710.00000000;4336750.00000000;4420620.00000000;4508820.00000000;4599450.00000000;4699690.00000000;4791780.00000000;4877750.00000000;4953490.00000000;5014240.00000000;5055570.00000000;5104890.00000000;5131190.00000000;5137960.00000000;5131740.00000000;5107390.00000000;5132370.00000000;5132910.00000000;5118990.00000000;5103210.00000000;5078130.00000000;5053090.00000000;5027530.00000000;5013790.00000000;5030390.00000000;5058290.00000000;5100560.00000000;5181630.00000000;5279610.00000000;5370480.00000000;5470710.00000000;5574720.00000000;5686100.00000000;5790650.00000000;5865230.00000000;5923530.00000000;5962280.00000000;5976530.00000000;5984500.00000000;5997110.00000000;6005440.00000000;6009650.00000000;6009030.00000000;6004390.00000000;5999580.00000000;5998570.00000000;6007440.00000000;6025830.00000000;6043820.00000000;6064020.00000000;6089570.00000000;6114290.00000000;6137690.00000000;6159810.00000000;6181290.00000000;6201000.00000000;6220440.00000000;6239400.00000000;6257440.00000000;6273980.00000000;         ;         ;         ;         ;         ;         ;         ;         ;         ;         ;         ;         ;         ;         ;         
Population aged 15-49 years;Mean;15653900.00000000;16040300.00000000;16438100.00000000;16852500.00000000;17282600.00000000;17725300.00000000;18268400.00000000;18971700.00000000;19674500.00000000;20377000.00000000;21081500.00000000;21788000.00000000;22325600.00000000;22867800.00000000;23404200.00000000;23920800.00000000;24426600.00000000;24924800.00000000;25375800.00000000;25778500.00000000;26138200.00000000;26466300.00000000;26900600.00000000;27327000.00000000;27747100.00000000;28163800.00000000;28582100.00000000;29095700.00000000;29575600.00000000;30034000.00000000;30492700.00000000;30933700.00000000;31377500.00000000;31821200.00000000;32288100.00000000;32811100.00000000;33336600.00000000;33875300.00000000;34443300.00000000;35004600.00000000;35541100.00000000;36072500.00000000;36604700.00000000;37139900.00000000;37666300.00000000;38163900.00000000;38619000.00000000;39020700.00000000;39353000.00000000;39638800.00000000;39889300.00000000;40096400.00000000;40287900.00000000;40472500.00000000;40652600.00000000;40827400.00000000;40999000.00000000;41166500.00000000;41330100.00000000;41488200.00000000;41636400.00000000;41772200.00000000;41900100.00000000;42068600.00000000;42259500.00000000;42450500.00000000;42655600.00000000;42858200.00000000;43060300.00000000;43236700.00000000;43350700.00000000;         ;         ;         ;         ;         ;         ;         ;         ;         ;         ;         ;         ;         ;         ;         
;95% LL;15653900.00000000;16040300.00000000;16438100.00000000;16852500.00000000;17282500.00000000;17725100.00000000;18268000.00000000;18970900.00000000;19672800.00000000;20373600.00000000;21074900.00000000;21776800.00000000;22307900.00000000;22841900.00000000;23368800.00000000;23874900.00000000;24370600.00000000;24858700.00000000;25299600.00000000;25692000.00000000;26042400.00000000;26358200.00000000;26783500.00000000;27203700.00000000;27618700.00000000;28031600.00000000;28444200.00000000;28953400.00000000;29431200.00000000;29890100.00000000;30349500.00000000;30789700.00000000;31233200.00000000;31679000.00000000;32146200.00000000;32669500.00000000;33195600.00000000;33735500.00000000;34305500.00000000;34869600.00000000;35409500.00000000;35942800.00000000;36476100.00000000;37012500.00000000;37540200.00000000;38038900.00000000;38494700.00000000;38897900.00000000;39230900.00000000;39517000.00000000;39767600.00000000;39974300.00000000;40165500.00000000;40350200.00000000;40530700.00000000;40703300.00000000;40870900.00000000;41040200.00000000;41202400.00000000;41355700.00000000;41499000.00000000;41631300.00000000;41758500.00000000;41926300.00000000;42116700.00000000;42307200.00000000;42511800.00000000;42714100.00000000;42915900.00000000;43092200.00000000;43206300.00000000;         ;         ;         ;         ;         ;         ;         ;         ;         ;         ;         ;         ;         ;         ;         
;95% UL;15653900.00000000;16040300.00000000;16438100.00000000;16852600.00000000;17282700.00000000;17725400.00000000;18268800.00000000;18972600.00000000;19676300.00000000;20380600.00000000;21087800.00000000;21798000.00000000;22342200.00000000;22893100.00000000;23438800.00000000;23965700.00000000;24482600.00000000;24992000.00000000;25454800.00000000;25866500.00000000;26233500.00000000;26571600.00000000;27013600.00000000;27446900.00000000;27872800.00000000;28292700.00000000;28713000.00000000;29227000.00000000;29705600.00000000;30163900.00000000;30623100.00000000;31064400.00000000;31508400.00000000;31951900.00000000;32418300.00000000;32939700.00000000;33464200.00000000;34000800.00000000;34564700.00000000;35121900.00000000;35655400.00000000;36185100.00000000;36717400.00000000;37250700.00000000;37773200.00000000;38266800.00000000;38718000.00000000;39116100.00000000;39445100.00000000;39730300.00000000;39981300.00000000;40189100.00000000;40382600.00000000;40571200.00000000;40752000.00000000;40927400.00000000;41099500.00000000;41268400.00000000;41438500.00000000;41601100.00000000;41749300.00000000;41885200.00000000;42017000.00000000;42190300.00000000;42387300.00000000;42584000.00000000;42794500.00000000;43002400.00000000;43206100.00000000;43383700.00000000;43500000.00000000;         ;         ;         ;         ;         ;         ;         ;         ;         ;         ;         ;         ;         ;         ;         
Males aged 15-49 years;Mean;7764250.00000000;7941700.00000000;8122910.00000000;8311970.00000000;8508350.00000000;8710310.00000000;8916140.00000000;9254420.00000000;9590120.00000000;9923730.00000000;10257000.00000000;10590200.00000000;10835100.00000000;11083500.00000000;11331600.00000000;11573800.00000000;11816300.00000000;12068800.00000000;12301700.00000000;12514600.00000000;12710600.00000000;12891900.00000000;13136000.00000000;13374500.00000000;13609500.00000000;13843400.00000000;14079500.00000000;14344200.00000000;14592700.00000000;14831000.00000000;15069300.00000000;15298000.00000000;15527200.00000000;15755100.00000000;15994000.00000000;16261400.00000000;16528200.00000000;16796900.00000000;17077400.00000000;17353000.00000000;17614500.00000000;17871500.00000000;18127000.00000000;18382000.00000000;18631200.00000000;18865100.00000000;19077600.00000000;19264100.00000000;19417300.00000000;19549000.00000000;19664500.00000000;19759700.00000000;19849000.00000000;19936200.00000000;20022600.00000000;20108200.00000000;20193800.00000000;20278500.00000000;20362400.00000000;20444300.00000000;20521800.00000000;20593300.00000000;20660000.00000000;20745900.00000000;20842300.00000000;20938600.00000000;21041600.00000000;21143200.00000000;21244900.00000000;21334200.00000000;21393400.00000000;         ;         ;         ;         ;         ;         ;         ;         ;         ;         ;         ;         ;         ;         ;         
;95% LL;7764250.00000000;7941700.00000000;8122910.00000000;8311960.00000000;8508320.00000000;8710210.00000000;8915930.00000000;9253910.00000000;9589040.00000000;9921650.00000000;10252900.00000000;10583400.00000000;10824500.00000000;11068300.00000000;11311500.00000000;11548300.00000000;11785600.00000000;12032400.00000000;12259400.00000000;12468300.00000000;12659700.00000000;12836600.00000000;13076900.00000000;13312400.00000000;13543900.00000000;13774600.00000000;14008400.00000000;14271900.00000000;14520100.00000000;14758400.00000000;14996600.00000000;15225100.00000000;15454100.00000000;15681800.00000000;15920500.00000000;16187700.00000000;16454400.00000000;16722200.00000000;17003400.00000000;17280100.00000000;17542400.00000000;17800300.00000000;18056900.00000000;18315400.00000000;18568600.00000000;18803600.00000000;19015100.00000000;19201800.00000000;19356900.00000000;19492000.00000000;19609800.00000000;19702800.00000000;19791800.00000000;19877200.00000000;19962700.00000000;20049000.00000000;20135600.00000000;20218300.00000000;20300100.00000000;20379600.00000000;20454500.00000000;20523500.00000000;20587900.00000000;20673700.00000000;20769900.00000000;20866000.00000000;20968900.00000000;21070400.00000000;21172100.00000000;21261400.00000000;21320600.00000000;         ;         ;         ;         ;         ;         ;         ;         ;         ;         ;         ;         ;         ;         ;         
;95% UL;7764250.00000000;7941700.00000000;8122910.00000000;8311990.00000000;8508400.00000000;8710410.00000000;8916380.00000000;9254960.00000000;9591250.00000000;9925910.00000000;10260700.00000000;10596600.00000000;10844900.00000000;11097300.00000000;11349900.00000000;11598200.00000000;11845700.00000000;12104000.00000000;12343300.00000000;12562400.00000000;12764200.00000000;12950900.00000000;13199700.00000000;13440700.00000000;13681100.00000000;13919800.00000000;14158800.00000000;14425800.00000000;14675600.00000000;14914700.00000000;15153600.00000000;15382800.00000000;15609700.00000000;15835200.00000000;16071800.00000000;16337100.00000000;16601900.00000000;16868600.00000000;17148600.00000000;17422600.00000000;17682500.00000000;17937100.00000000;18190000.00000000;18442400.00000000;18688800.00000000;18920800.00000000;19131700.00000000;19319100.00000000;19470300.00000000;19603300.00000000;19718200.00000000;19811800.00000000;19899900.00000000;19986400.00000000;20072600.00000000;20159200.00000000;20246000.00000000;20332300.00000000;20417500.00000000;20499700.00000000;20578100.00000000;20650400.00000000;20717900.00000000;20806900.00000000;20906200.00000000;21005300.00000000;21110900.00000000;21215100.00000000;21318100.00000000;21407600.00000000;21466900.00000000;         ;         ;         ;         ;         ;         ;         ;         ;         ;         ;         ;         ;         ;         ;         
Females aged 15-49 years;Mean;7889610.00000000;8098640.00000000;8315220.00000000;8540580.00000000;8774230.00000000;9014950.00000000;9352230.00000000;9717320.00000000;10084400.00000000;10453300.00000000;10824600.00000000;11197800.00000000;11490500.00000000;11784300.00000000;12072600.00000000;12347000.00000000;12610300.00000000;12856000.00000000;13074100.00000000;13263900.00000000;13427600.00000000;13574400.00000000;13764600.00000000;13952500.00000000;14137600.00000000;14320300.00000000;14502600.00000000;14751600.00000000;14983000.00000000;15203000.00000000;15423400.00000000;15635700.00000000;15850300.00000000;16066000.00000000;16294100.00000000;16549700.00000000;16808400.00000000;17078500.00000000;17365900.00000000;17651500.00000000;17926600.00000000;18201000.00000000;18477700.00000000;18757900.00000000;19035100.00000000;19298800.00000000;19541400.00000000;19756700.00000000;19935700.00000000;20089800.00000000;20224800.00000000;20336700.00000000;20438900.00000000;20536400.00000000;20630000.00000000;20719200.00000000;20805300.00000000;20888000.00000000;20967800.00000000;21043900.00000000;21114600.00000000;21178900.00000000;21240100.00000000;21322700.00000000;21417200.00000000;21511900.00000000;21614000.00000000;21715000.00000000;21815300.00000000;21902400.00000000;21957400.00000000;         ;         ;         ;         ;         ;         ;         ;         ;         ;         ;         ;         ;         ;         ;         
;95% LL;7889610.00000000;8098640.00000000;8315210.00000000;8540560.00000000;8774200.00000000;9014870.00000000;9352080.00000000;9717010.00000000;10083700.00000000;10452000.00000000;10822100.00000000;11193300.00000000;11483400.00000000;11773700.00000000;12057700.00000000;12326800.00000000;12584900.00000000;12825300.00000000;13038500.00000000;13221700.00000000;13379000.00000000;13519100.00000000;13703400.00000000;13887800.00000000;14069500.00000000;14248100.00000000;14426400.00000000;14672500.00000000;14904300.00000000;15122200.00000000;15342500.00000000;15555200.00000000;15770400.00000000;15987200.00000000;16216400.00000000;16472300.00000000;16731800.00000000;17003100.00000000;17292200.00000000;17579500.00000000;17855500.00000000;18130800.00000000;18409200.00000000;18690800.00000000;18969500.00000000;19234500.00000000;19479100.00000000;19696600.00000000;19877300.00000000;20032100.00000000;20166500.00000000;20277600.00000000;20378800.00000000;20475000.00000000;20567300.00000000;20655100.00000000;20740000.00000000;20821700.00000000;20902100.00000000;20976100.00000000;21046100.00000000;21109900.00000000;21170600.00000000;21252700.00000000;21346700.00000000;21441100.00000000;21542900.00000000;21643700.00000000;21743800.00000000;21830800.00000000;21885700.00000000;         ;         ;         ;         ;         ;         ;         ;         ;         ;         ;         ;         ;         ;         ;         
;95% UL;7889610.00000000;8098640.00000000;8315220.00000000;8540590.00000000;8774270.00000000;9015030.00000000;9352420.00000000;9717690.00000000;10085100.00000000;10454700.00000000;10827100.00000000;11202000.00000000;11496900.00000000;11793500.00000000;12085900.00000000;12365200.00000000;12634600.00000000;12886800.00000000;13111500.00000000;13307700.00000000;13477300.00000000;13629600.00000000;13824400.00000000;14016200.00000000;14204300.00000000;14389700.00000000;14574200.00000000;14825100.00000000;15056100.00000000;15273800.00000000;15491400.00000000;15705000.00000000;15919000.00000000;16134900.00000000;16362900.00000000;16619600.00000000;16879600.00000000;17149600.00000000;17436700.00000000;17722900.00000000;17997400.00000000;18269800.00000000;18544000.00000000;18822100.00000000;19097700.00000000;19359600.00000000;19601600.00000000;19817000.00000000;19995900.00000000;20149200.00000000;20283600.00000000;20395200.00000000;20497200.00000000;20594600.00000000;20688200.00000000;20775600.00000000;20859400.00000000;20941300.00000000;21022300.00000000;21100500.00000000;21172500.00000000;21238600.00000000;21301700.00000000;21386200.00000000;21482200.00000000;21578700.00000000;21683600.00000000;21787300.00000000;21889000.00000000;21977600.00000000;22034100.00000000;         ;         ;         ;         ;         ;         ;         ;         ;         ;         ;         ;         ;         ;         ;         
Population aged 25-49 years;Mean;9285450.00000000;9575990.00000000;9866750.00000000;10160900.00000000;10458100.00000000;10758200.00000000;11114700.00000000;11559100.00000000;12015900.00000000;12484700.00000000;12965100.00000000;13455700.00000000;13823900.00000000;14181500.00000000;14521800.00000000;14835400.00000000;15117300.00000000;15417100.00000000;15684400.00000000;15926400.00000000;16158500.00000000;16401600.00000000;16724500.00000000;17089400.00000000;17489400.00000000;17913500.00000000;18375700.00000000;18852400.00000000;19341900.00000000;19835500.00000000;20330400.00000000;20822200.00000000;21313800.00000000;21804700.00000000;22292900.00000000;22775500.00000000;23239300.00000000;23691100.00000000;24095500.00000000;24459900.00000000;24813600.00000000;25143200.00000000;25466900.00000000;25776900.00000000;26090900.00000000;26437300.00000000;26772700.00000000;27093400.00000000;27394300.00000000;27661700.00000000;27884800.00000000;28074300.00000000;28257700.00000000;28445000.00000000;28634600.00000000;28817500.00000000;28990500.00000000;29146200.00000000;29279300.00000000;29402500.00000000;29511400.00000000;29600900.00000000;29680100.00000000;29802100.00000000;29949200.00000000;30098300.00000000;30262900.00000000;30426500.00000000;30591100.00000000;30732000.00000000;30813400.00000000;         ;         ;         ;         ;         ;         ;         ;         ;         ;         ;         ;         ;         ;         ;         
;95% LL;9285450.00000000;9575990.00000000;9866750.00000000;10160900.00000000;10458000.00000000;10758000.00000000;11114300.00000000;11558400.00000000;12014400.00000000;12481600.00000000;12959000.00000000;13445300.00000000;13807200.00000000;14157000.00000000;14488200.00000000;14792300.00000000;15064300.00000000;15354200.00000000;15611000.00000000;15840800.00000000;16064300.00000000;16295500.00000000;16610800.00000000;16972300.00000000;17368600.00000000;17789300.00000000;18251400.00000000;18725400.00000000;19215400.00000000;19712400.00000000;20210900.00000000;20706000.00000000;21200500.00000000;21694300.00000000;22185300.00000000;22670800.00000000;23137600.00000000;23592500.00000000;23996900.00000000;24362200.00000000;24721000.00000000;25052700.00000000;25382200.00000000;25694000.00000000;26009100.00000000;26356500.00000000;26691300.00000000;27011500.00000000;27311300.00000000;27577400.00000000;27800400.00000000;27990100.00000000;28173200.00000000;28360000.00000000;28548600.00000000;28730000.00000000;28900700.00000000;29054600.00000000;29186500.00000000;29309200.00000000;29417300.00000000;29506000.00000000;29583600.00000000;29704200.00000000;29852100.00000000;30001800.00000000;30167700.00000000;30330100.00000000;30495300.00000000;30636600.00000000;30718200.00000000;         ;         ;         ;         ;         ;         ;         ;         ;         ;         ;         ;         ;         ;         ;         
;95% UL;9285450.00000000;9575990.00000000;9866760.00000000;10160900.00000000;10458100.00000000;10758300.00000000;11115000.00000000;11559900.00000000;12017600.00000000;12487900.00000000;12970800.00000000;13464900.00000000;13839700.00000000;14205100.00000000;14554400.00000000;14878300.00000000;15171000.00000000;15482200.00000000;15760900.00000000;16013500.00000000;16251700.00000000;16502900.00000000;16831900.00000000;17201500.00000000;17604500.00000000;18030200.00000000;18491200.00000000;18968100.00000000;19457200.00000000;19949500.00000000;20442800.00000000;20933000.00000000;21419800.00000000;21907100.00000000;22391500.00000000;22869300.00000000;23328800.00000000;23779500.00000000;24180700.00000000;24542200.00000000;24892300.00000000;25217800.00000000;25539000.00000000;25846600.00000000;26158300.00000000;26506500.00000000;26839300.00000000;27157200.00000000;27456300.00000000;27724300.00000000;27948600.00000000;28139500.00000000;28324500.00000000;28513400.00000000;28704600.00000000;28889200.00000000;29064100.00000000;29223100.00000000;29359600.00000000;29484400.00000000;29594700.00000000;29685500.00000000;29764800.00000000;29885000.00000000;30028700.00000000;30173700.00000000;30341800.00000000;30510200.00000000;30674900.00000000;30820300.00000000;30900500.00000000;         ;         ;         ;         ;         ;         ;         ;         ;         ;         ;         ;         ;         ;         ;         
Males aged 25-49 years;Mean;4597140.00000000;4737610.00000000;4875440.00000000;5012730.00000000;5149230.00000000;5284950.00000000;5419850.00000000;5630790.00000000;5846010.00000000;6065450.00000000;6288990.00000000;6515950.00000000;6669160.00000000;6816580.00000000;6956440.00000000;7085970.00000000;7204660.00000000;7350740.00000000;7485830.00000000;7613680.00000000;7742700.00000000;7880080.00000000;8061620.00000000;8264280.00000000;8485060.00000000;8718860.00000000;8973010.00000000;9224090.00000000;9481120.00000000;9739240.00000000;9996020.00000000;10248900.00000000;10499700.00000000;10748500.00000000;10994600.00000000;11238000.00000000;11470400.00000000;11694200.00000000;11892100.00000000;12068900.00000000;12238500.00000000;12394200.00000000;12544900.00000000;12686400.00000000;12828600.00000000;12986100.00000000;13137800.00000000;13282700.00000000;13419000.00000000;13540200.00000000;13641100.00000000;13727100.00000000;13812400.00000000;13900900.00000000;13991900.00000000;14081400.00000000;14167500.00000000;14246100.00000000;14314600.00000000;14379200.00000000;14437000.00000000;14485200.00000000;14527100.00000000;14589500.00000000;14663800.00000000;14738900.00000000;14821500.00000000;14903500.00000000;14986400.00000000;15058000.00000000;15100700.00000000;         ;         ;         ;         ;         ;         ;         ;         ;         ;         ;         ;         ;         ;         ;         
;95% LL;4597140.00000000;4737610.00000000;4875440.00000000;5012720.00000000;5149190.00000000;5284870.00000000;5419650.00000000;5630300.00000000;5844960.00000000;6063430.00000000;6285000.00000000;6509210.00000000;6658720.00000000;6801720.00000000;6936620.00000000;7060920.00000000;7174370.00000000;7315060.00000000;7444050.00000000;7568170.00000000;7692890.00000000;7826430.00000000;8004400.00000000;8204750.00000000;8422980.00000000;8656590.00000000;8910880.00000000;9161260.00000000;9418490.00000000;9677250.00000000;9934690.00000000;10185900.00000000;10434600.00000000;10682100.00000000;10927800.00000000;11171600.00000000;11405500.00000000;11631900.00000000;11832800.00000000;12011700.00000000;12183500.00000000;12341600.00000000;12495000.00000000;12639100.00000000;12782500.00000000;12941000.00000000;13092600.00000000;13239400.00000000;13377800.00000000;13499200.00000000;13600300.00000000;13687400.00000000;13772000.00000000;13860000.00000000;13949100.00000000;14036700.00000000;14121500.00000000;14199700.00000000;14268100.00000000;14332900.00000000;14391200.00000000;14440000.00000000;14481900.00000000;14544200.00000000;14617100.00000000;14691800.00000000;14774500.00000000;14854700.00000000;14937900.00000000;15009700.00000000;15052800.00000000;         ;         ;         ;         ;         ;         ;         ;         ;         ;         ;         ;         ;         ;         ;         
;95% UL;4597140.00000000;4737610.00000000;4875450.00000000;5012740.00000000;5149270.00000000;5285060.00000000;5420090.00000000;5631310.00000000;5847100.00000000;6067550.00000000;6292650.00000000;6522120.00000000;6678680.00000000;6829970.00000000;6974280.00000000;7109920.00000000;7233750.00000000;7385520.00000000;7526750.00000000;7660820.00000000;7795610.00000000;7938170.00000000;8123270.00000000;8329450.00000000;8553400.00000000;8790200.00000000;9045620.00000000;9297000.00000000;9553290.00000000;9810100.00000000;10065500.00000000;10317100.00000000;10564200.00000000;10809800.00000000;11056300.00000000;11299600.00000000;11531300.00000000;11753600.00000000;11949900.00000000;12124400.00000000;12292200.00000000;12446100.00000000;12595200.00000000;12734600.00000000;12873000.00000000;13026700.00000000;13175900.00000000;13320000.00000000;13455900.00000000;13577600.00000000;13677900.00000000;13764900.00000000;13850300.00000000;13938500.00000000;14030200.00000000;14120500.00000000;14207000.00000000;14285700.00000000;14353900.00000000;14417800.00000000;14474800.00000000;14524000.00000000;14567500.00000000;14629600.00000000;14702200.00000000;14775600.00000000;14858400.00000000;14943000.00000000;15027600.00000000;15100200.00000000;15141800.00000000;         ;         ;         ;         ;         ;         ;         ;         ;         ;         ;         ;         ;         ;         ;         
Females aged 25-49 years;Mean;4688310.00000000;4838380.00000000;4991310.00000000;5148140.00000000;5308830.00000000;5473220.00000000;5694810.00000000;5928330.00000000;6169890.00000000;6419250.00000000;6676150.00000000;6939750.00000000;7154710.00000000;7364920.00000000;7565330.00000000;7749390.00000000;7912630.00000000;8066380.00000000;8198580.00000000;8312740.00000000;8415780.00000000;8521520.00000000;8662900.00000000;8825160.00000000;9004320.00000000;9194690.00000000;9402680.00000000;9628330.00000000;9860780.00000000;10096200.00000000;10334400.00000000;10573300.00000000;10814100.00000000;11056200.00000000;11298300.00000000;11537600.00000000;11768900.00000000;11996900.00000000;12203300.00000000;12391000.00000000;12575000.00000000;12749000.00000000;12922000.00000000;13090400.00000000;13262300.00000000;13451200.00000000;13634900.00000000;13810700.00000000;13975300.00000000;14121400.00000000;14243600.00000000;14347200.00000000;14445300.00000000;14544100.00000000;14642600.00000000;14736100.00000000;14823100.00000000;14900100.00000000;14964600.00000000;15023300.00000000;15074400.00000000;15115800.00000000;15153000.00000000;15212600.00000000;15285500.00000000;15359400.00000000;15441500.00000000;15523000.00000000;15604600.00000000;15674100.00000000;15712700.00000000;         ;         ;         ;         ;         ;         ;         ;         ;         ;         ;         ;         ;         ;         ;         
;95% LL;4688310.00000000;4838380.00000000;4991310.00000000;5148140.00000000;5308810.00000000;5473160.00000000;5694690.00000000;5928070.00000000;6169360.00000000;6418160.00000000;6674090.00000000;6935890.00000000;7148400.00000000;7355240.00000000;7551550.00000000;7730900.00000000;7888970.00000000;8037030.00000000;8163880.00000000;8272520.00000000;8368030.00000000;8468350.00000000;8602910.00000000;8763000.00000000;8939880.00000000;9126690.00000000;9333930.00000000;9559800.00000000;9793390.00000000;10030400.00000000;10270400.00000000;10508600.00000000;10750400.00000000;10993300.00000000;11235000.00000000;11475300.00000000;11707100.00000000;11934200.00000000;12141800.00000000;12332700.00000000;12519400.00000000;12695400.00000000;12870700.00000000;13041400.00000000;13215600.00000000;13406600.00000000;13592300.00000000;13768800.00000000;13933700.00000000;14079600.00000000;14203300.00000000;14307100.00000000;14403800.00000000;14501000.00000000;14597900.00000000;14689900.00000000;14775700.00000000;14851900.00000000;14916000.00000000;14974500.00000000;15025400.00000000;15066800.00000000;15104200.00000000;15164100.00000000;15237200.00000000;15311400.00000000;15393700.00000000;15475500.00000000;15557300.00000000;15626900.00000000;15664100.00000000;         ;         ;         ;         ;         ;         ;         ;         ;         ;         ;         ;         ;         ;         ;         
;95% UL;4688310.00000000;4838380.00000000;4991310.00000000;5148160.00000000;5308860.00000000;5473280.00000000;5694960.00000000;5928630.00000000;6170520.00000000;6420390.00000000;6678260.00000000;6943320.00000000;7160220.00000000;7373140.00000000;7577160.00000000;7766150.00000000;7935260.00000000;8095370.00000000;8234100.00000000;8354660.00000000;8463610.00000000;8574490.00000000;8720040.00000000;8885370.00000000;9066390.00000000;9259160.00000000;9467010.00000000;9692670.00000000;9923190.00000000;10156300.00000000;10394300.00000000;10632600.00000000;10871900.00000000;11112300.00000000;11353000.00000000;11593000.00000000;11824700.00000000;12051800.00000000;12256500.00000000;12444100.00000000;12624900.00000000;12796500.00000000;12968200.00000000;13133400.00000000;13303100.00000000;13490400.00000000;13673400.00000000;13849900.00000000;14015500.00000000;14161300.00000000;14283400.00000000;14387100.00000000;14485700.00000000;14584900.00000000;14683800.00000000;14777600.00000000;14865000.00000000;14942200.00000000;15007000.00000000;15066000.00000000;15117300.00000000;15158900.00000000;15196300.00000000;15256100.00000000;15329600.00000000;15401000.00000000;15483400.00000000;15566000.00000000;15647200.00000000;15718600.00000000;15758700.00000000;         ;         ;         ;         ;         ;         ;         ;         ;         ;         ;         ;         ;         ;         ;         
Population aged 50 years and older;Mean;3872970.00000000;4000320.00000000;4131560.00000000;4265390.00000000;4398290.00000000;4525720.00000000;4650330.00000000;4772260.00000000;4889180.00000000;5005720.00000000;5127790.00000000;5259470.00000000;5393760.00000000;5536780.00000000;5688750.00000000;5846370.00000000;6007280.00000000;6200740.00000000;6397940.00000000;6595540.00000000;6801360.00000000;7015510.00000000;7215890.00000000;7421390.00000000;7632220.00000000;7848310.00000000;8070510.00000000;8277210.00000000;8493230.00000000;8715030.00000000;8938900.00000000;9162430.00000000;9384090.00000000;9604790.00000000;9828020.00000000;10030200.00000000;10166400.00000000;10351100.00000000;10636100.00000000;10934100.00000000;11239900.00000000;11550400.00000000;11864500.00000000;12186400.00000000;12524700.00000000;12890300.00000000;13291400.00000000;13731800.00000000;14209200.00000000;14714400.00000000;15236000.00000000;15779600.00000000;16322400.00000000;16860900.00000000;17393300.00000000;17919700.00000000;18437100.00000000;18945900.00000000;19445400.00000000;19937000.00000000;20424900.00000000;20911800.00000000;21393800.00000000;21822900.00000000;22217500.00000000;22599700.00000000;22955400.00000000;23300400.00000000;23632000.00000000;23974400.00000000;24363400.00000000;         ;         ;         ;         ;         ;         ;         ;         ;         ;         ;         ;         ;         ;         ;         
;95% LL;3872970.00000000;4000320.00000000;4131550.00000000;4265380.00000000;4398290.00000000;4525710.00000000;4650290.00000000;4772170.00000000;4888970.00000000;5005290.00000000;5126910.00000000;5257840.00000000;5390970.00000000;5532420.00000000;5682270.00000000;5837220.00000000;5994920.00000000;6184550.00000000;6376710.00000000;6569210.00000000;6770240.00000000;6979250.00000000;7172820.00000000;7373020.00000000;7578630.00000000;7789930.00000000;8004490.00000000;8203850.00000000;8413020.00000000;8628590.00000000;8847710.00000000;9066660.00000000;9283930.00000000;9500430.00000000;9719580.00000000;9917970.00000000;10050100.00000000;10231900.00000000;10513800.00000000;10808200.00000000;11107000.00000000;11414300.00000000;11725600.00000000;12045400.00000000;12382100.00000000;12746800.00000000;13147400.00000000;13588100.00000000;14066200.00000000;14572900.00000000;15096700.00000000;15643100.00000000;16189200.00000000;16731400.00000000;17267600.00000000;17796300.00000000;18315700.00000000;18824000.00000000;19323400.00000000;19815500.00000000;20304400.00000000;20792200.00000000;21276400.00000000;21706300.00000000;22101800.00000000;22485300.00000000;22842400.00000000;23188900.00000000;23522000.00000000;23866100.00000000;24256900.00000000;         ;         ;         ;         ;         ;         ;         ;         ;         ;         ;         ;         ;         ;         ;         
;95% UL;3872970.00000000;4000320.00000000;4131560.00000000;4265390.00000000;4398300.00000000;4525740.00000000;4650370.00000000;4772360.00000000;4889400.00000000;5006150.00000000;5128590.00000000;5260980.00000000;5396320.00000000;5540720.00000000;5694520.00000000;5854530.00000000;6018450.00000000;6215830.00000000;6417570.00000000;6620360.00000000;6831510.00000000;7050850.00000000;7256400.00000000;7466970.00000000;7682770.00000000;7905030.00000000;8133300.00000000;8345850.00000000;8567420.00000000;8794560.00000000;9023620.00000000;9251690.00000000;9476650.00000000;9700290.00000000;9926120.00000000;10130400.00000000;10268200.00000000;10454300.00000000;10740900.00000000;11040900.00000000;11348300.00000000;11659900.00000000;11974600.00000000;12297800.00000000;12639600.00000000;13008200.00000000;13411800.00000000;13854200.00000000;14332900.00000000;14838900.00000000;15360600.00000000;15900700.00000000;16439000.00000000;16972900.00000000;17499700.00000000;18022900.00000000;18539800.00000000;19048500.00000000;19547800.00000000;20038600.00000000;20525700.00000000;21011500.00000000;21492100.00000000;21919700.00000000;22312500.00000000;22692800.00000000;23046400.00000000;23389400.00000000;23720100.00000000;24060100.00000000;24449000.00000000;         ;         ;         ;         ;         ;         ;         ;         ;         ;         ;         ;         ;         ;         ;         
Males aged 50 years and older;Mean;1776480.00000000;1823600.00000000;1872030.00000000;1921900.00000000;1971750.00000000;2019680.00000000;2064630.00000000;2108500.00000000;2151380.00000000;2195280.00000000;2242660.00000000;2295090.00000000;2349670.00000000;2407720.00000000;2469290.00000000;2531470.00000000;2593240.00000000;2670650.00000000;2748760.00000000;2825280.00000000;2906330.00000000;2991020.00000000;3066270.00000000;3144780.00000000;3225410.00000000;3307810.00000000;3392250.00000000;3466490.00000000;3544710.00000000;3625460.00000000;3707490.00000000;3790220.00000000;3873340.00000000;3957450.00000000;4044150.00000000;4124670.00000000;4179200.00000000;4257340.00000000;4382070.00000000;4514900.00000000;4653580.00000000;4796790.00000000;4943920.00000000;5096780.00000000;5259090.00000000;5435690.00000000;5629740.00000000;5842440.00000000;6072230.00000000;6314380.00000000;6563140.00000000;6821300.00000000;7076880.00000000;7328920.00000000;7576300.00000000;7818700.00000000;8054880.00000000;8285300.00000000;8509770.00000000;8729050.00000000;8945660.00000000;9161180.00000000;9374650.00000000;9562330.00000000;9732960.00000000;9897170.00000000;10048000.00000000;10193000.00000000;10330500.00000000;10472600.00000000;10636600.00000000;         ;         ;         ;         ;         ;         ;         ;         ;         ;         ;         ;         ;         ;         ;         
;95% LL;1776480.00000000;1823600.00000000;1872030.00000000;1921900.00000000;1971740.00000000;2019670.00000000;2064600.00000000;2108420.00000000;2151190.00000000;2194910.00000000;2241890.00000000;2293640.00000000;2347260.00000000;2403960.00000000;2463740.00000000;2523670.00000000;2582630.00000000;2657470.00000000;2732450.00000000;2805640.00000000;2883200.00000000;2964050.00000000;3034750.00000000;3108650.00000000;3184700.00000000;3262620.00000000;3342740.00000000;3412880.00000000;3487310.00000000;3565430.00000000;3645290.00000000;3726180.00000000;3806840.00000000;3889220.00000000;3974300.00000000;4053420.00000000;4107400.00000000;4184930.00000000;4308550.00000000;4440420.00000000;4577950.00000000;4719830.00000000;4865960.00000000;5016110.00000000;5178250.00000000;5355340.00000000;5548180.00000000;5758900.00000000;5988550.00000000;6230700.00000000;6477610.00000000;6735190.00000000;6991470.00000000;7241470.00000000;7489390.00000000;7734180.00000000;7972670.00000000;8205180.00000000;8431060.00000000;8652550.00000000;8871420.00000000;9089210.00000000;9304980.00000000;9494990.00000000;9667980.00000000;9834530.00000000;9987000.00000000;10133500.00000000;10272400.00000000;10415900.00000000;10582100.00000000;         ;         ;         ;         ;         ;         ;         ;         ;         ;         ;         ;         ;         ;         ;         
;95% UL;1776480.00000000;1823600.00000000;1872030.00000000;1921900.00000000;1971750.00000000;2019690.00000000;2064670.00000000;2108580.00000000;2151560.00000000;2195650.00000000;2243400.00000000;2296360.00000000;2351700.00000000;2410970.00000000;2474400.00000000;2538740.00000000;2602780.00000000;2683230.00000000;2764990.00000000;2845510.00000000;2930860.00000000;3020030.00000000;3099810.00000000;3182770.00000000;3267750.00000000;3354520.00000000;3443140.00000000;3521380.00000000;3602950.00000000;3685660.00000000;3769600.00000000;3855480.00000000;3941260.00000000;4026910.00000000;4114590.00000000;4197000.00000000;4253050.00000000;4332800.00000000;4459580.00000000;4594150.00000000;4736320.00000000;4880070.00000000;5027410.00000000;5180750.00000000;5343360.00000000;5520810.00000000;5717810.00000000;5933240.00000000;6165380.00000000;6409530.00000000;6657690.00000000;6912240.00000000;7163950.00000000;7411940.00000000;7655190.00000000;7893500.00000000;8127190.00000000;8356810.00000000;8580190.00000000;8798110.00000000;9013090.00000000;9226730.00000000;9438100.00000000;9623490.00000000;9791800.00000000;9954110.00000000;10103000.00000000;10246900.00000000;10383800.00000000;10525400.00000000;10689000.00000000;         ;         ;         ;         ;         ;         ;         ;         ;         ;         ;         ;         ;         ;         ;         
Females aged 50 years and older;Mean;2096500.00000000;2176720.00000000;2259520.00000000;2343490.00000000;2426550.00000000;2506040.00000000;2585690.00000000;2663760.00000000;2737800.00000000;2810440.00000000;2885120.00000000;2964380.00000000;3044090.00000000;3129050.00000000;3219460.00000000;3314900.00000000;3414040.00000000;3530090.00000000;3649180.00000000;3770260.00000000;3895040.00000000;4024490.00000000;4149620.00000000;4276610.00000000;4406810.00000000;4540500.00000000;4678270.00000000;4810720.00000000;4948520.00000000;5089570.00000000;5231410.00000000;5372210.00000000;5510740.00000000;5647340.00000000;5783870.00000000;5905490.00000000;5987170.00000000;6093720.00000000;6254030.00000000;6419230.00000000;6586360.00000000;6753610.00000000;6920550.00000000;7089610.00000000;7265560.00000000;7454620.00000000;7661640.00000000;7889410.00000000;8136940.00000000;8400020.00000000;8672860.00000000;8958280.00000000;9245500.00000000;9531980.00000000;9817040.00000000;10101000.00000000;10382200.00000000;10660600.00000000;10935700.00000000;11207900.00000000;11479200.00000000;11750600.00000000;12019100.00000000;12260600.00000000;12484500.00000000;12702600.00000000;12907400.00000000;13107300.00000000;13301400.00000000;13501800.00000000;13726800.00000000;         ;         ;         ;         ;         ;         ;         ;         ;         ;         ;         ;         ;         ;         ;         
;95% LL;2096500.00000000;2176720.00000000;2259520.00000000;2343490.00000000;2426540.00000000;2506040.00000000;2585690.00000000;2663750.00000000;2737770.00000000;2810380.00000000;2885020.00000000;2964160.00000000;3043700.00000000;3128380.00000000;3218330.00000000;3313160.00000000;3411470.00000000;3526390.00000000;3644040.00000000;3763470.00000000;3886340.00000000;4013680.00000000;4136520.00000000;4261100.00000000;4388760.00000000;4519810.00000000;4654390.00000000;4784420.00000000;4919460.00000000;5057680.00000000;5195900.00000000;5333380.00000000;5469610.00000000;5603950.00000000;5737560.00000000;5855610.00000000;5933430.00000000;6037030.00000000;6194870.00000000;6357670.00000000;6521700.00000000;6686020.00000000;6850020.00000000;7015280.00000000;7189580.00000000;7376380.00000000;7582870.00000000;7810520.00000000;8058030.00000000;8321940.00000000;8593990.00000000;8877350.00000000;9162910.00000000;9449850.00000000;9734150.00000000;10017600.00000000;10300400.00000000;10580200.00000000;10855500.00000000;11129000.00000000;11401500.00000000;11673500.00000000;11941500.00000000;12184300.00000000;12409000.00000000;12628700.00000000;12834400.00000000;13035200.00000000;13230200.00000000;13431300.00000000;13657100.00000000;         ;         ;         ;         ;         ;         ;         ;         ;         ;         ;         ;         ;         ;         ;         
;95% UL;2096500.00000000;2176720.00000000;2259520.00000000;2343490.00000000;2426550.00000000;2506050.00000000;2585700.00000000;2663780.00000000;2737840.00000000;2810510.00000000;2885250.00000000;2964600.00000000;3044480.00000000;3129700.00000000;3220500.00000000;3316460.00000000;3416320.00000000;3533350.00000000;3653610.00000000;3776080.00000000;3902480.00000000;4033730.00000000;4161580.00000000;4291900.00000000;4425100.00000000;4561450.00000000;4701840.00000000;4837500.00000000;4978870.00000000;5123600.00000000;5269270.00000000;5413990.00000000;5556490.00000000;5697060.00000000;5836720.00000000;5961080.00000000;6045190.00000000;6154280.00000000;6317460.00000000;6485400.00000000;6654980.00000000;6824220.00000000;6992550.00000000;7162320.00000000;7338340.00000000;7526830.00000000;7735580.00000000;7964730.00000000;8213000.00000000;8476180.00000000;8748520.00000000;9032920.00000000;9319690.00000000;9606520.00000000;9891590.00000000;10175300.00000000;10456100.00000000;10734000.00000000;11008500.00000000;11280200.00000000;11550900.00000000;11821600.00000000;12089400.00000000;12330000.00000000;12553000.00000000;12770200.00000000;12974200.00000000;13172700.00000000;13365100.00000000;13564600.00000000;13788900.00000000;         ;         ;         ;         ;         ;         ;         ;         ;         ;         ;         ;         ;         ;         ;         
Number of births;Mean;1059880.00000000;1059890.00000000;1058090.00000000;1054810.00000000;1050080.00000000;1043960.00000000;1047920.00000000;1052640.00000000;1052990.00000000;1050130.00000000;1043980.00000000;1035850.00000000;999825.00000000;985791.00000000;998930.00000000;987077.00000000;988096.00000000;991311.00000000;1020250.00000000;1089760.00000000;1117790.00000000;1143600.00000000;1167460.00000000;1166660.00000000;1145430.00000000;1147910.00000000;1160850.00000000;1178090.00000000;1192500.00000000;1198310.00000000;1199300.00000000;1193890.00000000;1182160.00000000;1184540.00000000;1186240.00000000;1187890.00000000;1195960.00000000;1205580.00000000;1214470.00000000;1222360.00000000;1229270.00000000;1235240.00000000;1240440.00000000;1245060.00000000;1249360.00000000;1253650.00000000;1258190.00000000;1263140.00000000;1267980.00000000;1272620.00000000;1276890.00000000;1280510.00000000;1283230.00000000;1285010.00000000;1285890.00000000;1285890.00000000;1285070.00000000;1283470.00000000;1281120.00000000;1278120.00000000;1274630.00000000;1270800.00000000;1266790.00000000;1262740.00000000;1258770.00000000;1255000.00000000;1251440.00000000;1248120.00000000;1245090.00000000;1242370.00000000;1239930.00000000;         ;         ;         ;         ;         ;         ;         ;         ;         ;         ;         ;         ;         ;         ;         
;95% LL;1059880.00000000;1059890.00000000;1058090.00000000;1054810.00000000;1050070.00000000;1043950.00000000;1047890.00000000;1052580.00000000;1052880.00000000;1049920.00000000;1043600.00000000;1035270.00000000;999004.00000000;984683.00000000;997455.00000000;985243.00000000;985909.00000000;988802.00000000;1017370.00000000;1086500.00000000;1114170.00000000;1139690.00000000;1163290.00000000;1162390.00000000;1141090.00000000;1143460.00000000;1156460.00000000;1173680.00000000;1188190.00000000;1194260.00000000;1195240.00000000;1189960.00000000;1178340.00000000;1180770.00000000;1182510.00000000;1184170.00000000;1192160.00000000;1201320.00000000;1209370.00000000;1217130.00000000;1223200.00000000;1228770.00000000;1233830.00000000;1238280.00000000;1242570.00000000;1246900.00000000;1251510.00000000;1256620.00000000;1261650.00000000;1266400.00000000;1270770.00000000;1274500.00000000;1277340.00000000;1279250.00000000;1280260.00000000;1280400.00000000;1279710.00000000;1278240.00000000;1276000.00000000;1273150.00000000;1269810.00000000;1266110.00000000;1262180.00000000;1258180.00000000;1254210.00000000;1250450.00000000;1246900.00000000;1243590.00000000;1240570.00000000;1237810.00000000;1235330.00000000;         ;         ;         ;         ;         ;         ;         ;         ;         ;         ;         ;         ;         ;         ;         
;95% UL;1059880.00000000;1059890.00000000;1058090.00000000;1054810.00000000;1050090.00000000;1043980.00000000;1047960.00000000;1052710.00000000;1053110.00000000;1050340.00000000;1044340.00000000;1036380.00000000;1000560.00000000;986812.00000000;1000330.00000000;988824.00000000;990257.00000000;993897.00000000;1023300.00000000;1093290.00000000;1121680.00000000;1147540.00000000;1171350.00000000;1170510.00000000;1149130.00000000;1151640.00000000;1164660.00000000;1181670.00000000;1195970.00000000;1201700.00000000;1202580.00000000;1197080.00000000;1185480.00000000;1188020.00000000;1189840.00000000;1191490.00000000;1199370.00000000;1210080.00000000;1219300.00000000;1227750.00000000;1234980.00000000;1241220.00000000;1246470.00000000;1251250.00000000;1255560.00000000;1259830.00000000;1264330.00000000;1269320.00000000;1274230.00000000;1278910.00000000;1283190.00000000;1286790.00000000;1289470.00000000;1291180.00000000;1291990.00000000;1291910.00000000;1290900.00000000;1289100.00000000;1286550.00000000;1283370.00000000;1279720.00000000;1275760.00000000;1271640.00000000;1267550.00000000;1263590.00000000;1259850.00000000;1256350.00000000;1253110.00000000;1250170.00000000;1247550.00000000;1245200.00000000;         ;         ;         ;         ;         ;         ;         ;         ;         ;         ;         ;         ;         ;         ;         
Total fertility rate;Mean;4.19682000;4.07635000;3.95553000;3.83470000;3.71387000;3.57303000;3.44883000;3.32967000;3.21041000;3.09101000;2.97145000;2.86551000;2.71144000;2.62309000;2.61075000;2.53672000;2.49834000;2.46121000;2.49093000;2.62026000;2.64979000;2.66813000;2.67658000;2.62926000;2.53924000;2.50529000;2.49094000;2.48120000;2.46783000;2.44006000;2.40677000;2.36772000;2.32052000;2.30444000;2.28881000;2.27399000;2.26936000;2.26744000;2.26327000;2.25701000;2.24918000;2.24011000;2.23011000;2.21933000;2.20807000;2.19657000;2.18500000;2.17391000;2.16288000;2.15195000;2.14117000;2.13053000;2.12006000;2.10978000;2.09969000;2.08981000;2.08016000;2.07074000;2.06157000;2.05267000;2.04405000;2.03571000;2.02766000;2.01989000;2.01242000;2.00522000;1.99829000;1.99163000;1.98520000;1.97902000;1.97305000;         ;         ;         ;         ;         ;         ;         ;         ;         ;         ;         ;         ;         ;         ;         
;95% LL;4.19682000;4.07635000;3.95553000;3.83470000;3.71387000;3.57303000;3.44882000;3.32966000;3.21041000;3.09100000;2.97143000;2.86549000;2.71141000;2.62305000;2.61071000;2.53666000;2.49827000;2.46113000;2.49084000;2.62015000;2.64964000;2.66795000;2.67637000;2.62902000;2.53897000;2.50501000;2.49064000;2.48089000;2.46751000;2.43974000;2.40645000;2.36741000;2.32022000;2.30414000;2.28850000;2.27369000;2.26668000;2.26258000;2.25680000;2.24937000;2.24071000;2.23103000;2.22060000;2.20975000;2.19846000;2.18705000;2.17566000;2.16483000;2.15412000;2.14358000;2.13322000;2.12302000;2.11300000;2.10318000;2.09357000;2.08426000;2.07512000;2.06622000;2.05750000;2.04902000;2.04101000;2.03312000;2.02538000;2.01785000;2.01059000;2.00349000;1.99663000;1.99001000;1.98355000;1.97728000;1.97124000;         ;         ;         ;         ;         ;         ;         ;         ;         ;         ;         ;         ;         ;         ;         
;95% UL;4.19682000;4.07635000;3.95553000;3.83470000;3.71388000;3.57304000;3.44883000;3.32967000;3.21042000;3.09101000;2.97147000;2.86553000;2.71147000;2.62313000;2.61080000;2.53677000;2.49841000;2.46129000;2.49102000;2.62039000;2.64995000;2.66834000;2.67684000;2.62955000;2.53954000;2.50562000;2.49130000;2.48155000;2.46817000;2.44038000;2.40710000;2.36805000;2.32085000;2.30475000;2.28913000;2.27432000;2.27195000;2.27229000;2.26997000;2.26507000;2.25811000;2.24983000;2.24020000;2.22956000;2.21831000;2.20681000;2.19515000;2.18387000;2.17245000;2.16110000;2.14986000;2.13875000;2.12779000;2.11700000;2.10640000;2.09602000;2.08586000;2.07595000;2.06661000;2.05734000;2.04812000;2.03928000;2.03080000;2.02289000;2.01526000;2.00778000;2.00058000;1.99396000;1.98749000;1.98118000;1.97511000;         ;         ;         ;         ;         ;         ;         ;         ;         ;         ;         ;         ;         ;         ;         
Birth rate/1000;Mean;32.40530000;31.64790000;30.88070000;30.11500000;29.35390000;28.60060000;28.07140000;27.48680000;26.83460000;26.15380000;25.45030000;24.76920000;23.48660000;22.78440000;22.73910000;22.15140000;21.88500000;21.69360000;22.07540000;23.31110000;23.62810000;23.88190000;24.01380000;23.63030000;22.84820000;22.54970000;22.44790000;22.40750000;22.30170000;22.03450000;21.68730000;21.23910000;20.69790000;20.41860000;20.14110000;19.89160000;19.76610000;19.64750000;19.50240000;19.34370000;19.17310000;18.99220000;18.80470000;18.61400000;18.42440000;18.24060000;18.06630000;17.90340000;17.74680000;17.59520000;17.44590000;17.29500000;17.13940000;16.97870000;16.81350000;16.64450000;16.47240000;16.29780000;16.12110000;15.94370000;15.76740000;15.59420000;15.42540000;15.26280000;15.10730000;14.96020000;14.82130000;14.69050000;14.56810000;14.45420000;14.34800000;         ;         ;         ;         ;         ;         ;         ;         ;         ;         ;         ;         ;         ;         ;         
;95% LL;32.40530000;31.64790000;30.88070000;30.11500000;29.35380000;28.60040000;28.07110000;27.48610000;26.83360000;26.15230000;25.44830000;24.76660000;23.48270000;22.77980000;22.73200000;22.14260000;21.87360000;21.67920000;22.05710000;23.28820000;23.60160000;23.85030000;23.97740000;23.59100000;22.80670000;22.50660000;22.40220000;22.36110000;22.25360000;21.98630000;21.63790000;21.18950000;20.64700000;20.36820000;20.09170000;19.84370000;19.72400000;19.60200000;19.45210000;19.28710000;19.11110000;18.92460000;18.73610000;18.54520000;18.35680000;18.17520000;18.00380000;17.84440000;17.69150000;17.54330000;17.39740000;17.24980000;17.09750000;16.94000000;16.77800000;16.61120000;16.44110000;16.26890000;16.09400000;15.91910000;15.74470000;15.57230000;15.40410000;15.24150000;15.08630000;14.93930000;14.80070000;14.66950000;14.54650000;14.43220000;14.32600000;         ;         ;         ;         ;         ;         ;         ;         ;         ;         ;         ;         ;         ;         ;         
;95% UL;32.40530000;31.64790000;30.88070000;30.11510000;29.35400000;28.60070000;28.07180000;27.48750000;26.83570000;26.15520000;25.45220000;24.77150000;23.48960000;22.78870000;22.74560000;22.16040000;21.89660000;21.70750000;22.09220000;23.33200000;23.65220000;23.91120000;24.04710000;23.66840000;22.89100000;22.59720000;22.49670000;22.45870000;22.35500000;22.08940000;21.74280000;21.29480000;20.75320000;20.47270000;20.19460000;19.94510000;19.81390000;19.69310000;19.55090000;19.40390000;19.23920000;19.06440000;18.88010000;18.68940000;18.49800000;18.31160000;18.13430000;17.96820000;17.80840000;17.65310000;17.50000000;17.34620000;17.18740000;17.02340000;16.85500000;16.68280000;16.50770000;16.33010000;16.15090000;15.97140000;15.79390000;15.61960000;15.45030000;15.28740000;15.13190000;14.98500000;14.84700000;14.71690000;14.59490000;14.48120000;14.37630000;         ;         ;         ;         ;         ;         ;         ;         ;         ;         ;         ;         ;         ;         ;         
Dependency ratio;Mean;0.76041700;0.76092100;0.75879200;0.75387800;0.74698400;0.73910000;0.72863500;0.71328600;0.69875600;0.68400700;0.66783800;0.64903600;0.64012200;0.62815700;0.61490800;0.60241700;0.58931600;0.57440400;0.56127900;0.55046400;0.54307200;0.53741800;0.53152800;0.52683000;0.52273500;0.51879400;0.51576500;0.51072600;0.50840400;0.50780000;0.50757300;0.50824400;0.50884300;0.50930900;0.50894000;0.50586700;0.50105000;0.49575200;0.49071700;0.48601300;0.48235600;0.47906400;0.47592200;0.47266300;0.46932100;0.46609700;0.46310900;0.46050100;0.45861200;0.45706700;0.45596600;0.45544100;0.45537400;0.45555200;0.45586000;0.45619200;0.45649200;0.45675300;0.45707600;0.45764300;0.45867900;0.46033600;0.46267300;0.46560500;0.46894700;0.47247100;0.47630900;0.48001500;0.48354300;0.48689200;0.49009000;         ;         ;         ;         ;         ;         ;         ;         ;         ;         ;         ;         ;         ;         ;         
;95% LL;0.76041700;0.76092100;0.75879100;0.75387600;0.74698000;0.73909300;0.72862200;0.71326200;0.69871700;0.68396100;0.66778500;0.64895100;0.63998700;0.62794100;0.61456500;0.60194400;0.58871700;0.57367200;0.56043400;0.54954000;0.54208800;0.53639200;0.53044600;0.52572200;0.52153100;0.51757000;0.51456100;0.50952600;0.50722300;0.50665000;0.50650200;0.50714400;0.50778600;0.50830300;0.50799600;0.50496100;0.50020000;0.49491800;0.48991200;0.48524400;0.48162800;0.47829100;0.47513000;0.47185900;0.46844200;0.46513200;0.46205300;0.45936900;0.45734400;0.45568500;0.45448600;0.45384200;0.45372600;0.45382300;0.45411200;0.45441700;0.45473300;0.45497700;0.45530700;0.45595000;0.45708800;0.45879300;0.46119800;0.46422500;0.46765500;0.47128700;0.47515300;0.47893300;0.48253700;0.48602200;0.48921000;         ;         ;         ;         ;         ;         ;         ;         ;         ;         ;         ;         ;         ;         ;         
;95% UL;0.76041700;0.76092200;0.75879300;0.75388000;0.74698800;0.73910700;0.72864800;0.71330700;0.69879200;0.68405500;0.66790000;0.64913500;0.64030200;0.62843500;0.61531200;0.60292400;0.58994700;0.57516100;0.56214600;0.55142400;0.54412100;0.53856100;0.53274400;0.52811100;0.52408100;0.52018900;0.51719700;0.51216000;0.50981900;0.50914400;0.50885900;0.50951300;0.51008200;0.51051000;0.51010200;0.50696700;0.50214900;0.49682200;0.49173700;0.48697000;0.48324400;0.47995600;0.47691100;0.47363700;0.47028200;0.46711700;0.46421000;0.46168800;0.45992400;0.45848800;0.45751700;0.45711800;0.45715700;0.45740300;0.45773000;0.45804500;0.45831300;0.45851200;0.45878000;0.45926300;0.46020900;0.46176700;0.46406400;0.46696700;0.47014300;0.47364100;0.47743400;0.48107000;0.48447200;0.48770400;0.49086100;         ;         ;         ;         ;         ;         ;         ;         ;         ;         ;         ;         ;         ;         ;         
Aging index;Mean;0.09191130;0.09557660;0.09860650;0.10124300;0.10380900;0.10661100;0.10972100;0.11341200;0.11731600;0.12141900;0.12573500;0.13046900;0.13353200;0.13708100;0.14101400;0.14508600;0.14968800;0.15554600;0.16158000;0.16708300;0.17179400;0.17586900;0.17841600;0.18010300;0.18152700;0.18323200;0.18509300;0.18692500;0.18841000;0.18978900;0.19139700;0.19302400;0.19492000;0.19715200;0.19987100;0.20226300;0.20207900;0.20385800;0.20945700;0.21534800;0.22122100;0.22725800;0.23355400;0.24022000;0.24714200;0.25410200;0.26095900;0.26752400;0.27372400;0.27990300;0.28626500;0.29293700;0.30010600;0.30780400;0.31588100;0.32412400;0.33241600;0.34073700;0.34929400;0.35847600;0.36878100;0.38057600;0.39405700;0.40912000;0.42540700;0.44244600;0.46049600;0.47858300;0.49654600;0.51429400;0.53180700;         ;         ;         ;         ;         ;         ;         ;         ;         ;         ;         ;         ;         ;         ;         
;95% LL;0.09191130;0.09557660;0.09860630;0.10124200;0.10380800;0.10660900;0.10971600;0.11340300;0.11729900;0.12139300;0.12569600;0.13041400;0.13345500;0.13697600;0.14087800;0.14492100;0.14949800;0.15533100;0.16132500;0.16679000;0.17146700;0.17552000;0.17806200;0.17975300;0.18115900;0.18281400;0.18467000;0.18643900;0.18788000;0.18922000;0.19074700;0.19228100;0.19407400;0.19619400;0.19879600;0.20108800;0.20079300;0.20245800;0.20793000;0.21372900;0.21945500;0.22538800;0.23159100;0.23817300;0.24502000;0.25188900;0.25868900;0.26519200;0.27128500;0.27739900;0.28373200;0.29038400;0.29754300;0.30513800;0.31308000;0.32125000;0.32949500;0.33772700;0.34624400;0.35548200;0.36578500;0.37748500;0.39092000;0.40594400;0.42211000;0.43916100;0.45723100;0.47531700;0.49327700;0.51103300;0.52856400;         ;         ;         ;         ;         ;         ;         ;         ;         ;         ;         ;         ;         ;         ;         
;95% UL;0.09191130;0.09557670;0.09860670;0.10124300;0.10381000;0.10661300;0.10972500;0.11342000;0.11733100;0.12144600;0.12577700;0.13053100;0.13361600;0.13719300;0.14115200;0.14525300;0.14988400;0.15579100;0.16187000;0.16740300;0.17213300;0.17622900;0.17878100;0.18046800;0.18191300;0.18361900;0.18550400;0.18737700;0.18892100;0.19043000;0.19211200;0.19380400;0.19576900;0.19808100;0.20086600;0.20334900;0.20327300;0.20514000;0.21084400;0.21683500;0.22279400;0.22892700;0.23532500;0.24205900;0.24905300;0.25606900;0.26297100;0.26961200;0.27590700;0.28217600;0.28862300;0.29537400;0.30259000;0.31030800;0.31840400;0.32657900;0.33484400;0.34317300;0.35171900;0.36090800;0.37130000;0.38317200;0.39672500;0.41185400;0.42819900;0.44528800;0.46338100;0.48150200;0.49948900;0.51725300;0.53477200;         ;         ;         ;         ;         ;         ;         ;         ;         ;         ;         ;         ;         ;         ;         
;;         ;         ;         ;         ;         ;         ;         ;         ;         ;         ;         ;         ;         ;         ;         ;         ;         ;         ;         ;         ;         ;         ;         ;         ;         ;         ;         ;         ;         ;         ;         ;         ;         ;         ;         ;         ;         ;         ;         ;         ;         ;         ;         ;         ;         ;         ;         ;         ;         ;         ;         ;         ;         ;         ;         ;         ;         ;         ;         ;         ;         ;         ;         ;         ;         ;         ;         ;         ;         ;         ;         ;         ;         ;         ;         ;         ;         ;         ;         ;         ;         ;         ;         ;         ;         ;         
HIV incidence statistics;;         ;         ;         ;         ;         ;         ;         ;         ;         ;         ;         ;         ;         ;         ;         ;         ;         ;         ;         ;         ;         ;         ;         ;         ;         ;         ;         ;         ;         ;         ;         ;         ;         ;         ;         ;         ;         ;         ;         ;         ;         ;         ;         ;         ;         ;         ;         ;         ;         ;         ;         ;         ;         ;         ;         ;         ;         ;         ;         ;         ;         ;         ;         ;         ;         ;         ;         ;         ;         ;         ;         ;         ;         ;         ;         ;         ;         ;         ;         ;         ;         ;         ;         ;         ;         ;         
;;         ;         ;         ;         ;         ;         ;         ;         ;         ;         ;         ;         ;         ;         ;         ;         ;         ;         ;         ;         ;         ;         ;         ;         ;         ;         ;         ;         ;         ;         ;         ;         ;         ;         ;         ;         ;         ;         ;         ;         ;         ;         ;         ;         ;         ;         ;         ;         ;         ;         ;         ;         ;         ;         ;         ;         ;         ;         ;         ;         ;         ;         ;         ;         ;         ;         ;         ;         ;         ;         ;         ;         ;         ;         ;         ;         ;         ;         ;         ;         ;         ;         ;         ;         ;         ;         
Total new HIV infections;Mean;1120.91000000;3126.53000000;7701.74000000;18552.10000000;42505.60000000;87374.10000000;153970.00000000;231525.00000000;308582.00000000;381024.00000000;444831.00000000;495770.00000000;526796.00000000;545069.00000000;553973.00000000;553221.00000000;546221.00000000;535777.00000000;524267.00000000;513471.00000000;497461.00000000;477872.00000000;457773.00000000;434326.00000000;408132.00000000;384579.00000000;361471.00000000;342490.00000000;328223.00000000;312093.00000000;299533.00000000;281132.00000000;257886.00000000;243836.00000000;229083.00000000;213127.00000000;200330.00000000;188036.00000000;177034.00000000;168129.00000000;160912.00000000;154146.00000000;147501.00000000;142091.00000000;136954.00000000;131987.00000000;127138.00000000;122368.00000000;117618.00000000;112850.00000000;108031.00000000;103259.00000000;98669.50000000;94296.30000000;90138.40000000;86176.80000000;82413.60000000;78843.90000000;75464.30000000;72262.70000000;69224.40000000;66335.70000000;63584.50000000;60960.40000000;58455.20000000;56061.50000000;53771.40000000;51578.10000000;49475.80000000;47460.30000000;45525.90000000;         ;         ;         ;         ;         ;         ;         ;         ;         ;         ;         ;         ;         ;         ;         
;95% LL;587.55000000;1730.89000000;4489.86000000;11298.90000000;27643.70000000;60188.80000000;112733.00000000;186917.00000000;264722.00000000;342080.00000000;412708.00000000;470994.00000000;507683.00000000;530460.00000000;542420.00000000;541944.00000000;534323.00000000;523518.00000000;511838.00000000;500956.00000000;485048.00000000;465730.00000000;445959.00000000;422595.00000000;396407.00000000;373109.00000000;350154.00000000;330990.00000000;316250.00000000;299712.00000000;287033.00000000;268654.00000000;245203.00000000;230865.00000000;215640.00000000;199906.00000000;188030.00000000;176948.00000000;167138.00000000;159255.00000000;152883.00000000;146799.00000000;140708.00000000;135491.00000000;130428.00000000;125485.00000000;120638.00000000;115866.00000000;111123.00000000;106376.00000000;101602.00000000;96894.60000000;92386.70000000;88106.50000000;84050.40000000;80197.90000000;76548.80000000;73096.00000000;69833.40000000;66747.50000000;63822.10000000;61043.30000000;58398.70000000;55877.70000000;53472.00000000;51174.10000000;48976.30000000;46872.40000000;44856.60000000;42925.30000000;41073.00000000;         ;         ;         ;         ;         ;         ;         ;         ;         ;         ;         ;         ;         ;         ;         
;95% UL;1625.24000000;4346.38000000;10581.90000000;25797.60000000;59239.60000000;119220.00000000;195546.00000000;273509.00000000;348413.00000000;413720.00000000;471135.00000000;517825.00000000;544989.00000000;560465.00000000;567810.00000000;565884.00000000;559031.00000000;549727.00000000;539274.00000000;529101.00000000;513736.00000000;493885.00000000;473502.00000000;450469.00000000;423914.00000000;400491.00000000;376934.00000000;358260.00000000;344187.00000000;328257.00000000;316114.00000000;297723.00000000;274535.00000000;260834.00000000;246404.00000000;230184.00000000;216328.00000000;202460.00000000;189821.00000000;179428.00000000;170894.00000000;163287.00000000;156048.00000000;150215.00000000;144941.00000000;139846.00000000;134887.00000000;130015.00000000;125275.00000000;120473.00000000;115562.00000000;110649.00000000;105892.00000000;101332.00000000;96974.10000000;92802.40000000;88825.70000000;85044.00000000;81458.20000000;78059.00000000;74833.00000000;71767.20000000;68875.00000000;66177.30000000;63600.20000000;61136.00000000;58776.40000000;56514.30000000;54343.30000000;52258.90000000;50255.30000000;         ;         ;         ;         ;         ;         ;         ;         ;         ;         ;         ;         ;         ;         ;         
New infections acquired sexually;Mean;1043.53000000;2969.60000000;7371.11000000;17820.20000000;40868.20000000;83869.00000000;147118.00000000;219632.00000000;290226.00000000;355160.00000000;410885.00000000;453667.00000000;477493.00000000;489085.00000000;491101.00000000;485353.00000000;474463.00000000;461752.00000000;449418.00000000;437200.00000000;423860.00000000;409890.00000000;398078.00000000;387220.00000000;373758.00000000;358392.00000000;339474.00000000;322442.00000000;309448.00000000;295955.00000000;285292.00000000;268717.00000000;246730.00000000;233563.00000000;219509.00000000;204255.00000000;192115.00000000;180362.00000000;169854.00000000;161376.00000000;154537.00000000;148112.00000000;141790.00000000;136665.00000000;131783.00000000;127060.00000000;122446.00000000;117904.00000000;113376.00000000;108826.00000000;104223.00000000;99663.90000000;95282.60000000;91110.50000000;87146.40000000;83371.10000000;79786.70000000;76387.80000000;73170.40000000;70122.30000000;67228.20000000;64474.50000000;61849.10000000;59341.80000000;56944.60000000;54650.60000000;52452.20000000;50343.30000000;48318.50000000;46374.20000000;44505.20000000;         ;         ;         ;         ;         ;         ;         ;         ;         ;         ;         ;         ;         ;         ;         
;95% LL;547.62400000;1645.24000000;4297.99000000;10855.40000000;26597.90000000;57259.00000000;107765.00000000;177474.00000000;248542.00000000;318778.00000000;381480.00000000;431585.00000000;460454.00000000;476426.00000000;480992.00000000;475029.00000000;463778.00000000;450781.00000000;438222.00000000;425841.00000000;412419.00000000;398436.00000000;386569.00000000;375642.00000000;362259.00000000;347191.00000000;328455.00000000;311279.00000000;297861.00000000;283973.00000000;273204.00000000;256652.00000000;234476.00000000;221043.00000000;206543.00000000;191518.00000000;180269.00000000;169679.00000000;160312.00000000;152811.00000000;146776.00000000;141000.00000000;135205.00000000;130256.00000000;125440.00000000;120735.00000000;116119.00000000;111572.00000000;107047.00000000;102516.00000000;97954.40000000;93457.30000000;89153.50000000;85070.20000000;81203.40000000;77532.70000000;74057.70000000;70770.70000000;67665.50000000;64728.20000000;61942.30000000;59293.80000000;56770.50000000;54362.00000000;52060.20000000;49858.00000000;47748.30000000;45725.30000000;43783.90000000;41920.80000000;40131.10000000;         ;         ;         ;         ;         ;         ;         ;         ;         ;         ;         ;         ;         ;         ;         
;95% UL;1505.99000000;4112.45000000;10130.00000000;24857.80000000;57067.60000000;114341.00000000;187085.00000000;259161.00000000;326093.00000000;383379.00000000;435003.00000000;473939.00000000;494200.00000000;503581.00000000;504319.00000000;497585.00000000;487628.00000000;475391.00000000;463551.00000000;451357.00000000;438548.00000000;424785.00000000;412956.00000000;402207.00000000;389031.00000000;373720.00000000;354595.00000000;337666.00000000;324690.00000000;311391.00000000;301130.00000000;284697.00000000;262652.00000000;249788.00000000;236028.00000000;220506.00000000;207692.00000000;194184.00000000;182197.00000000;172224.00000000;164239.00000000;156862.00000000;149956.00000000;144471.00000000;139467.00000000;134653.00000000;129934.00000000;125295.00000000;120660.00000000;116058.00000000;111367.00000000;106675.00000000;102135.00000000;97787.50000000;93635.70000000;89664.20000000;85880.80000000;82285.00000000;78876.80000000;75646.30000000;72579.50000000;69738.30000000;67041.50000000;64464.50000000;61999.10000000;59638.10000000;57373.50000000;55198.80000000;53108.20000000;51097.70000000;49162.00000000;         ;         ;         ;         ;         ;         ;         ;         ;         ;         ;         ;         ;         ;         ;         
New infections acquired sexually: males;Mean;548.64500000;1629.73000000;4094.55000000;9929.00000000;22691.60000000;45999.60000000;78486.30000000;112880.00000000;142989.00000000;167989.00000000;187206.00000000;199621.00000000;203164.00000000;201615.00000000;196872.00000000;190137.00000000;182715.00000000;175981.00000000;170415.00000000;165528.00000000;160712.00000000;156037.00000000;152431.00000000;149333.00000000;145458.00000000;141249.00000000;134715.00000000;127824.00000000;122343.00000000;116546.00000000;111949.00000000;104663.00000000;94718.40000000;88713.90000000;82434.40000000;75868.80000000;70693.90000000;65437.00000000;60687.10000000;56898.40000000;53932.50000000;51259.10000000;48762.20000000;46835.30000000;45087.60000000;43456.70000000;41901.50000000;40399.90000000;38923.50000000;37451.30000000;35968.60000000;34497.80000000;33074.10000000;31710.00000000;30405.20000000;29154.20000000;27958.10000000;26816.10000000;25728.00000000;24691.90000000;23703.70000000;22760.20000000;21858.50000000;20997.00000000;20173.50000000;19386.00000000;18632.80000000;17912.20000000;17222.50000000;16562.00000000;15928.50000000;         ;         ;         ;         ;         ;         ;         ;         ;         ;         ;         ;         ;         ;         ;         
;95% LL;287.22500000;884.52300000;2298.84000000;5826.99000000;14254.10000000;30465.00000000;56006.10000000;88970.70000000;119523.00000000;146959.00000000;168774.00000000;184761.00000000;190104.00000000;190859.00000000;188597.00000000;183256.00000000;175375.00000000;168424.00000000;162745.00000000;158036.00000000;153570.00000000;149142.00000000;145735.00000000;142816.00000000;139200.00000000;135339.00000000;128938.00000000;122202.00000000;116845.00000000;111070.00000000;106586.00000000;99469.20000000;89603.60000000;83592.80000000;77187.40000000;70710.70000000;65880.30000000;61095.60000000;56801.10000000;53390.90000000;50729.10000000;48298.40000000;45998.90000000;44156.10000000;42452.40000000;40848.90000000;39315.20000000;37834.20000000;36381.60000000;34938.70000000;33492.50000000;32063.50000000;30684.50000000;29365.70000000;28106.40000000;26900.70000000;25749.00000000;24650.10000000;23603.20000000;22606.00000000;21654.70000000;20746.00000000;19877.60000000;19047.60000000;18254.30000000;17495.80000000;16770.70000000;16077.50000000;15414.60000000;14780.60000000;14173.50000000;         ;         ;         ;         ;         ;         ;         ;         ;         ;         ;         ;         ;         ;         ;         
;95% UL;787.07400000;2281.78000000;5823.61000000;13974.40000000;32504.10000000;64119.80000000;101966.00000000;135006.00000000;162592.00000000;184286.00000000;201670.00000000;212312.00000000;213754.00000000;211073.00000000;206079.00000000;198584.00000000;191218.00000000;183788.00000000;177933.00000000;172978.00000000;167930.00000000;163225.00000000;159594.00000000;156453.00000000;152473.00000000;148265.00000000;141745.00000000;134795.00000000;129341.00000000;123517.00000000;118952.00000000;111621.00000000;101626.00000000;95663.50000000;89575.60000000;82805.10000000;77027.70000000;71015.50000000;65543.30000000;61224.30000000;57819.10000000;54770.10000000;51950.70000000;49842.40000000;47965.70000000;46232.90000000;44590.60000000;43084.40000000;41536.40000000;39974.50000000;38466.20000000;36977.70000000;35590.20000000;34252.00000000;32907.20000000;31579.90000000;30308.50000000;29106.50000000;27980.40000000;26841.10000000;25801.00000000;24817.80000000;23877.50000000;22945.90000000;22053.50000000;21198.10000000;20397.90000000;19661.80000000;18956.80000000;18298.70000000;17674.60000000;         ;         ;         ;         ;         ;         ;         ;         ;         ;         ;         ;         ;         ;         ;         
New infections acquired sexually: females;Mean;494.88200000;1339.88000000;3276.55000000;7891.16000000;18176.60000000;37869.40000000;68631.50000000;106751.00000000;147237.00000000;187170.00000000;223679.00000000;254045.00000000;274329.00000000;287470.00000000;294229.00000000;295216.00000000;291749.00000000;285771.00000000;279004.00000000;271672.00000000;263148.00000000;253853.00000000;245648.00000000;237887.00000000;228300.00000000;217143.00000000;204759.00000000;194619.00000000;187105.00000000;179409.00000000;173343.00000000;164054.00000000;152012.00000000;144849.00000000;137075.00000000;128386.00000000;121421.00000000;114925.00000000;109167.00000000;104478.00000000;100604.00000000;96852.70000000;93028.20000000;89829.80000000;86695.90000000;83603.80000000;80544.20000000;77503.80000000;74452.60000000;71374.50000000;68254.40000000;65166.10000000;62208.40000000;59400.50000000;56741.20000000;54217.00000000;51828.70000000;49571.70000000;47442.40000000;45430.40000000;43524.40000000;41714.30000000;39990.60000000;38344.80000000;36771.10000000;35264.60000000;33819.30000000;32431.10000000;31096.00000000;29812.20000000;28576.70000000;         ;         ;         ;         ;         ;         ;         ;         ;         ;         ;         ;         ;         ;         ;         
;95% LL;256.84900000;730.31700000;1866.47000000;4932.73000000;12343.80000000;27567.40000000;51698.00000000;86107.70000000;125955.00000000;169061.00000000;208805.00000000;241526.00000000;264430.00000000;279588.00000000;286326.00000000;288059.00000000;283920.00000000;277490.00000000;270493.00000000;263151.00000000;254810.00000000;245810.00000000;237804.00000000;230130.00000000;220700.00000000;209751.00000000;197636.00000000;187703.00000000;180249.00000000;172582.00000000;166449.00000000;157078.00000000;144873.00000000;137450.00000000;129356.00000000;120807.00000000;114388.00000000;108512.00000000;103014.00000000;98814.50000000;95162.20000000;91585.20000000;87913.70000000;84934.40000000;81966.00000000;79001.50000000;75978.70000000;72955.70000000;69930.90000000;66897.90000000;63844.00000000;60838.90000000;57972.90000000;55261.40000000;52701.40000000;50278.40000000;47991.30000000;45834.40000000;43802.40000000;41884.70000000;40069.50000000;38346.70000000;36707.10000000;35142.40000000;33646.70000000;32215.20000000;30842.30000000;29533.20000000;28265.00000000;27045.30000000;25872.90000000;         ;         ;         ;         ;         ;         ;         ;         ;         ;         ;         ;         ;         ;         ;         
;95% UL;717.72800000;1876.06000000;4436.23000000;10713.80000000;24966.80000000;50417.30000000;85262.70000000;125774.00000000;164523.00000000;201643.00000000;237515.00000000;266095.00000000;285317.00000000;297638.00000000;303544.00000000;304876.00000000;301673.00000000;295542.00000000;288995.00000000;281730.00000000;273147.00000000;264127.00000000;256087.00000000;248322.00000000;238593.00000000;227282.00000000;214520.00000000;204245.00000000;196948.00000000;189055.00000000;183089.00000000;173867.00000000;161603.00000000;154541.00000000;146931.00000000;138152.00000000;130664.00000000;123423.00000000;116932.00000000;111953.00000000;107741.00000000;104039.00000000;100374.00000000;97162.40000000;93927.20000000;90742.00000000;87591.30000000;84456.50000000;81247.80000000;77964.70000000;74672.10000000;71396.80000000;68316.50000000;65400.70000000;62626.30000000;59981.50000000;57470.70000000;55091.70000000;52843.50000000;50716.90000000;48701.20000000;46786.50000000;44963.20000000;43172.80000000;41450.70000000;39803.40000000;38224.20000000;36708.40000000;35251.30000000;33850.80000000;32503.20000000;         ;         ;         ;         ;         ;         ;         ;         ;         ;         ;         ;         ;         ;         ;         
New infections in males aged 15+;Mean;548.27600000;1628.72000000;4092.38000000;9924.34000000;22681.50000000;45978.20000000;78443.70000000;112804.00000000;142868.00000000;167814.00000000;186972.00000000;199333.00000000;202830.00000000;201254.00000000;196505.00000000;189781.00000000;182387.00000000;175688.00000000;170155.00000000;165295.00000000;160501.00000000;155841.00000000;152246.00000000;149156.00000000;145289.00000000;141087.00000000;134562.00000000;127686.00000000;122216.00000000;116426.00000000;111836.00000000;104555.00000000;94613.30000000;88608.10000000;82326.90000000;75762.00000000;70586.20000000;65332.50000000;60591.40000000;56815.80000000;53860.90000000;51194.80000000;48703.80000000;46781.90000000;45038.90000000;43412.70000000;41861.80000000;40363.90000000;38890.50000000;37421.00000000;35940.60000000;34471.70000000;33049.80000000;31687.10000000;30383.70000000;29133.80000000;27938.80000000;26797.90000000;25710.80000000;24675.40000000;23688.00000000;22745.20000000;21844.20000000;20983.30000000;20160.40000000;19373.40000000;18620.70000000;17900.60000000;17211.40000000;16551.40000000;15918.40000000;         ;         ;         ;         ;         ;         ;         ;         ;         ;         ;         ;         ;         ;         ;         
;95% LL;287.02400000;884.02500000;2297.75000000;5824.59000000;14248.70000000;30451.20000000;55978.80000000;88912.20000000;119440.00000000;146868.00000000;168592.00000000;184532.00000000;189740.00000000;190649.00000000;188382.00000000;182924.00000000;175032.00000000;168117.00000000;162474.00000000;157784.00000000;153375.00000000;148932.00000000;145536.00000000;142627.00000000;139019.00000000;135176.00000000;128784.00000000;122064.00000000;116703.00000000;110941.00000000;106465.00000000;99352.70000000;89490.20000000;83478.50000000;77071.40000000;70595.50000000;65763.90000000;60982.50000000;56697.40000000;53301.10000000;50651.20000000;48228.40000000;45935.40000000;44098.10000000;42399.60000000;40801.20000000;39272.20000000;37795.40000000;36346.10000000;34906.10000000;33462.50000000;32035.70000000;30658.40000000;29341.30000000;28083.40000000;26879.00000000;25728.50000000;24630.80000000;23584.80000000;22588.60000000;21638.10000000;20730.20000000;19862.40000000;19033.10000000;18240.40000000;17482.50000000;16758.00000000;16065.30000000;15403.00000000;14769.50000000;14162.90000000;         ;         ;         ;         ;         ;         ;         ;         ;         ;         ;         ;         ;         ;         ;         
;95% UL;786.55000000;2280.21000000;5820.39000000;13967.10000000;32490.20000000;64090.00000000;101910.00000000;134904.00000000;162413.00000000;184005.00000000;201422.00000000;212010.00000000;213408.00000000;210716.00000000;205681.00000000;198233.00000000;190906.00000000;183488.00000000;177687.00000000;172719.00000000;167721.00000000;163031.00000000;159411.00000000;156278.00000000;152305.00000000;148098.00000000;141589.00000000;134654.00000000;129211.00000000;123395.00000000;118838.00000000;111512.00000000;101519.00000000;95562.20000000;89474.80000000;82704.80000000;76926.50000000;70928.10000000;65447.60000000;61141.80000000;57747.80000000;54706.20000000;51892.70000000;49789.50000000;47917.50000000;46189.30000000;44551.20000000;43054.60000000;41500.10000000;39946.60000000;38440.40000000;36957.20000000;35570.80000000;34233.70000000;32886.20000000;31560.10000000;30289.90000000;29089.70000000;27964.90000000;26826.30000000;25785.50000000;24802.90000000;23862.40000000;22931.50000000;22039.70000000;21185.00000000;20386.30000000;19650.70000000;18946.10000000;18287.30000000;17663.60000000;         ;         ;         ;         ;         ;         ;         ;         ;         ;         ;         ;         ;         ;         ;         
New infections in females aged 15+;Mean;488.25000000;1324.17000000;3242.37000000;7814.83000000;18005.20000000;37500.20000000;67901.00000000;105469.00000000;145247.00000000;184379.00000000;220076.00000000;249708.00000000;269389.00000000;282121.00000000;288691.00000000;289679.00000000;286411.00000000;280796.00000000;274426.00000000;267462.00000000;259238.00000000;250229.00000000;242232.00000000;234642.00000000;225232.00000000;214256.00000000;202022.00000000;192033.00000000;184616.00000000;176979.00000000;170970.00000000;161756.00000000;149834.00000000;142680.00000000;134886.00000000;126251.00000000;119320.00000000;112903.00000000;107274.00000000;102754.00000000;99055.20000000;95464.00000000;91777.50000000;88703.30000000;85688.30000000;82700.50000000;79733.00000000;76772.40000000;73788.70000000;70772.80000000;67709.90000000;64672.90000000;61759.80000000;58988.60000000;56361.60000000;53865.70000000;51501.60000000;49265.60000000;47154.90000000;45159.60000000;43268.80000000;41472.50000000;39761.50000000;38127.60000000;36564.90000000;35068.80000000;33633.40000000;32254.60000000;30928.50000000;29653.30000000;28426.00000000;         ;         ;         ;         ;         ;         ;         ;         ;         ;         ;         ;         ;         ;         ;         
;95% LL;253.53600000;721.47000000;1850.25000000;4888.61000000;12237.50000000;27305.60000000;51168.70000000;85164.10000000;124379.00000000;166680.00000000;205990.00000000;237505.00000000;259958.00000000;274261.00000000;280684.00000000;282143.00000000;278648.00000000;272502.00000000;265955.00000000;259252.00000000;251045.00000000;242346.00000000;234421.00000000;226918.00000000;217666.00000000;206900.00000000;194939.00000000;185163.00000000;177810.00000000;170149.00000000;164019.00000000;154736.00000000;142551.00000000;135130.00000000;127013.00000000;118519.00000000;112130.00000000;106402.00000000;101286.00000000;97136.20000000;93602.80000000;90194.50000000;86751.80000000;83865.00000000;81009.60000000;78081.60000000;75132.70000000;72189.20000000;69236.70000000;66269.90000000;63276.90000000;60326.20000000;57507.20000000;54834.60000000;52308.40000000;49915.20000000;47653.70000000;45518.70000000;43506.30000000;41606.20000000;39807.00000000;38098.80000000;36472.60000000;34920.40000000;33436.40000000;32015.90000000;30653.40000000;29373.20000000;28119.30000000;26907.30000000;25742.20000000;         ;         ;         ;         ;         ;         ;         ;         ;         ;         ;         ;         ;         ;         ;         
;95% UL;707.07900000;1854.13000000;4386.19000000;10607.60000000;24766.10000000;49973.30000000;84337.30000000;124332.00000000;162263.00000000;198593.00000000;233576.00000000;261413.00000000;280443.00000000;292189.00000000;297909.00000000;299447.00000000;296409.00000000;290732.00000000;284540.00000000;277530.00000000;269459.00000000;260682.00000000;252896.00000000;245322.00000000;235756.00000000;224555.00000000;212078.00000000;201877.00000000;194533.00000000;186696.00000000;180755.00000000;171477.00000000;159551.00000000;152531.00000000;144791.00000000;136055.00000000;128601.00000000;121441.00000000;115050.00000000;110213.00000000;106302.00000000;102822.00000000;99203.70000000;95981.20000000;92868.80000000;89791.20000000;86735.40000000;83663.30000000;80541.20000000;77381.20000000;74147.90000000;70921.20000000;67884.20000000;65002.70000000;62258.40000000;59640.20000000;57152.10000000;54792.70000000;52561.70000000;50450.70000000;48449.10000000;46547.20000000;44735.70000000;42972.60000000;41260.20000000;39621.90000000;38051.50000000;36544.00000000;35094.90000000;33702.00000000;32361.80000000;         ;         ;         ;         ;         ;         ;         ;         ;         ;         ;         ;         ;         ;         ;         
New HIV infections in children <15;Mean;84.38410000;173.64600000;366.98600000;812.98100000;1819.04000000;3895.70000000;7625.75000000;13251.20000000;20467.60000000;28830.70000000;37782.70000000;46727.90000000;54577.50000000;61694.40000000;68776.90000000;73760.10000000;77423.30000000;79292.70000000;79686.10000000;80712.90000000;77721.90000000;71802.30000000;63295.00000000;50527.20000000;37610.60000000;29235.60000000;24887.40000000;22770.40000000;21391.10000000;18688.40000000;16727.50000000;14820.90000000;13438.00000000;12548.30000000;11870.90000000;11113.50000000;10423.60000000;9800.33000000;9168.69000000;8558.94000000;7995.71000000;7486.72000000;7019.71000000;6605.67000000;6226.63000000;5874.11000000;5542.70000000;5231.36000000;4938.88000000;4656.21000000;4380.73000000;4114.12000000;3859.91000000;3620.50000000;3393.19000000;3177.23000000;2973.11000000;2780.43000000;2598.63000000;2427.66000000;2267.48000000;2117.94000000;1978.77000000;1849.54000000;1729.85000000;1619.26000000;1517.18000000;1422.94000000;1335.95000000;1255.67000000;1181.57000000;         ;         ;         ;         ;         ;         ;         ;         ;         ;         ;         ;         ;         ;         ;         
;95% LL;41.20520000;90.86770000;201.58600000;490.88000000;1153.78000000;2662.90000000;5583.58000000;10286.10000000;16332.40000000;24258.30000000;33205.50000000;41893.70000000;49831.90000000;57216.20000000;64138.80000000;69638.10000000;73861.40000000;76111.20000000;76606.90000000;77828.50000000;74919.30000000;69195.90000000;61015.60000000;48650.10000000;36247.00000000;28181.40000000;24005.20000000;21949.60000000;20545.20000000;17939.60000000;16064.10000000;14186.70000000;12804.60000000;11906.40000000;11210.80000000;10461.40000000;9803.78000000;9219.69000000;8641.78000000;8076.75000000;7558.77000000;7084.99000000;6638.34000000;6230.85000000;5868.75000000;5521.66000000;5200.60000000;4895.79000000;4616.21000000;4342.29000000;4073.32000000;3815.73000000;3576.92000000;3348.34000000;3131.56000000;2926.10000000;2732.33000000;2549.76000000;2377.84000000;2216.45000000;2065.51000000;1927.09000000;1799.02000000;1678.86000000;1566.86000000;1463.40000000;1368.02000000;1280.08000000;1200.29000000;1127.07000000;1059.49000000;         ;         ;         ;         ;         ;         ;         ;         ;         ;         ;         ;         ;         ;         ;         
;95% UL;124.01800000;248.38200000;510.46800000;1107.92000000;2460.80000000;5198.66000000;9833.45000000;16223.20000000;24221.60000000;33167.10000000;42499.50000000;51634.30000000;59437.30000000;66353.80000000;73194.50000000;77490.30000000;80662.70000000;82546.00000000;82661.10000000;83460.50000000;80144.30000000;74083.80000000;65526.10000000;52233.30000000;38863.30000000;30166.50000000;25728.60000000;23625.90000000;22243.20000000;19449.40000000;17435.60000000;15490.70000000;14112.80000000;13241.30000000;12584.30000000;11831.30000000;11100.80000000;10413.90000000;9715.33000000;9092.00000000;8524.03000000;8016.43000000;7524.74000000;7082.11000000;6686.37000000;6335.06000000;5984.89000000;5657.92000000;5354.44000000;5056.67000000;4765.49000000;4482.80000000;4212.08000000;3956.15000000;3712.33000000;3480.04000000;3260.08000000;3051.95000000;2855.28000000;2671.41000000;2498.48000000;2338.55000000;2193.23000000;2058.11000000;1931.49000000;1811.25000000;1700.40000000;1599.84000000;1506.76000000;1420.62000000;1340.88000000;         ;         ;         ;         ;         ;         ;         ;         ;         ;         ;         ;         ;         ;         ;         
New HIV infections in 15-24 year olds;Mean;429.95700000;1056.13000000;2405.44000000;5539.61000000;12461.40000000;25880.40000000;47800.30000000;77445.20000000;111624.00000000;146976.00000000;179457.00000000;205627.00000000;222151.00000000;232023.00000000;236265.00000000;235672.00000000;231472.00000000;224779.00000000;217499.00000000;210355.00000000;203271.00000000;196376.00000000;190807.00000000;185012.00000000;176855.00000000;166476.00000000;155131.00000000;145322.00000000;137273.00000000;129639.00000000;121526.00000000;111327.00000000;100182.00000000;91967.40000000;84388.00000000;77310.50000000;72138.10000000;67797.90000000;64619.20000000;62354.00000000;60456.70000000;58451.60000000;56072.30000000;53694.80000000;51101.50000000;48245.90000000;45264.40000000;42206.90000000;39100.00000000;36016.20000000;33015.50000000;30178.30000000;27585.20000000;25236.20000000;23130.20000000;21254.10000000;19598.90000000;18148.90000000;16889.00000000;15781.70000000;14802.90000000;13934.10000000;13155.70000000;12451.20000000;11808.10000000;11218.50000000;10675.30000000;10171.50000000;9700.76000000;9258.39000000;8840.20000000;         ;         ;         ;         ;         ;         ;         ;         ;         ;         ;         ;         ;         ;         ;         
;95% LL;222.62300000;572.69200000;1325.21000000;3396.97000000;8119.97000000;18366.00000000;37089.60000000;63169.80000000;95472.80000000;132050.00000000;164883.00000000;193116.00000000;211358.00000000;222845.00000000;228062.00000000;227746.00000000;223846.00000000;217451.00000000;210140.00000000;203799.00000000;196893.00000000;189802.00000000;184014.00000000;178048.00000000;169872.00000000;159657.00000000;148468.00000000;138686.00000000;130570.00000000;122851.00000000;114868.00000000;104931.00000000;94017.70000000;86038.10000000;78644.40000000;71957.70000000;67349.30000000;63615.90000000;60618.90000000;58497.10000000;56815.00000000;54774.20000000;52457.20000000;50234.90000000;47656.30000000;44867.00000000;42002.60000000;39078.00000000;36124.10000000;33222.60000000;30417.50000000;27780.10000000;25376.20000000;23201.90000000;21253.60000000;19517.90000000;17942.60000000;16569.10000000;15381.40000000;14348.70000000;13449.70000000;12639.40000000;11904.50000000;11256.00000000;10662.50000000;10120.50000000;9608.38000000;9128.30000000;8679.98000000;8259.25000000;7862.38000000;         ;         ;         ;         ;         ;         ;         ;         ;         ;         ;         ;         ;         ;         ;         
;95% UL;630.30500000;1469.92000000;3294.71000000;7504.82000000;16872.50000000;34682.40000000;60192.60000000;91447.10000000;127818.00000000;162096.00000000;193601.00000000;217854.00000000;232536.00000000;241213.00000000;244377.00000000;243607.00000000;239263.00000000;232749.00000000;225061.00000000;217549.00000000;210712.00000000;203835.00000000;198437.00000000;192774.00000000;184593.00000000;174015.00000000;162484.00000000;152625.00000000;144625.00000000;137291.00000000;129478.00000000;119309.00000000;108035.00000000;99731.80000000;92041.60000000;84442.50000000;78506.60000000;73563.30000000;70036.60000000;67397.50000000;65296.70000000;63189.10000000;60672.00000000;58151.10000000;55393.90000000;52392.90000000;49273.90000000;46076.50000000;42779.90000000;39476.00000000;36251.30000000;33193.10000000;30391.80000000;27850.40000000;25569.30000000;23535.20000000;21739.10000000;20182.50000000;18822.70000000;17628.10000000;16557.30000000;15606.80000000;14760.90000000;13995.90000000;13298.40000000;12659.60000000;12071.40000000;11526.30000000;11016.90000000;10538.10000000;10085.00000000;         ;         ;         ;         ;         ;         ;         ;         ;         ;         ;         ;         ;         ;         ;         
New HIV infections in 15-24 males;Mean;126.53400000;302.43300000;662.21600000;1480.80000000;3282.66000000;6843.96000000;12881.10000000;21545.30000000;32014.40000000;43164.10000000;53559.80000000;61989.60000000;67616.80000000;71067.80000000;72643.70000000;72589.10000000;71275.80000000;68947.70000000;66360.90000000;63783.40000000;61257.10000000;58819.70000000;56816.50000000;54784.20000000;52046.80000000;48702.40000000;44951.40000000;41556.20000000;38674.10000000;36042.20000000;33051.40000000;29472.70000000;25726.00000000;22888.70000000;20432.30000000;18444.50000000;17042.30000000;15774.90000000;14819.40000000;14146.60000000;13609.40000000;13070.90000000;12461.50000000;11861.30000000;11242.20000000;10587.20000000;9916.22000000;9251.22000000;8592.53000000;7946.40000000;7330.98000000;6768.70000000;6254.64000000;5788.11000000;5367.52000000;4991.13000000;4658.41000000;4366.55000000;4112.33000000;3888.30000000;3688.78000000;3509.49000000;3346.34000000;3196.00000000;3056.52000000;2926.71000000;2805.56000000;2692.12000000;2585.44000000;2484.59000000;2388.67000000;         ;         ;         ;         ;         ;         ;         ;         ;         ;         ;         ;         ;         ;         ;         
;95% LL;62.92080000;159.83800000;361.15700000;839.91200000;1967.72000000;4443.51000000;9196.81000000;16762.30000000;26484.90000000;37005.20000000;47308.80000000;56322.30000000;62257.90000000;65728.90000000;67282.50000000;67160.40000000;65955.30000000;63868.20000000;61533.00000000;59086.20000000;56680.20000000;54366.70000000;52617.80000000;50776.60000000;48210.30000000;45069.70000000;41531.50000000;38303.40000000;35545.70000000;33016.80000000;30220.60000000;26896.50000000;23393.70000000;20757.10000000;18456.00000000;16624.60000000;15398.80000000;14323.90000000;13529.70000000;12976.80000000;12528.80000000;12060.70000000;11514.20000000;10958.70000000;10377.60000000;9760.96000000;9130.38000000;8506.15000000;7888.39000000;7283.84000000;6709.76000000;6185.90000000;5708.14000000;5275.67000000;4886.65000000;4539.27000000;4232.67000000;3964.01000000;3730.14000000;3523.82000000;3339.77000000;3174.16000000;3023.19000000;2883.80000000;2754.24000000;2633.39000000;2520.35000000;2414.25000000;2314.21000000;2219.44000000;2129.13000000;         ;         ;         ;         ;         ;         ;         ;         ;         ;         ;         ;         ;         ;         ;         
;95% UL;180.79400000;422.63000000;915.55100000;2012.06000000;4509.16000000;9290.56000000;16839.40000000;26659.70000000;37800.90000000;49496.70000000;60081.90000000;68016.00000000;73776.40000000;76867.50000000;78169.20000000;77952.80000000;76539.10000000;73913.00000000;71153.10000000;68397.60000000;65730.40000000;63124.60000000;61031.10000000;58962.90000000;56129.10000000;52667.20000000;48599.60000000;45039.40000000;42036.10000000;39303.40000000;36115.10000000;32278.10000000;28287.40000000;25245.80000000;22678.60000000;20491.80000000;18897.40000000;17421.70000000;16318.60000000;15522.50000000;14850.90000000;14180.30000000;13501.40000000;12850.50000000;12187.40000000;11480.00000000;10762.60000000;10054.20000000;9351.89000000;8658.98000000;7996.26000000;7409.58000000;6873.30000000;6369.10000000;5912.24000000;5504.08000000;5143.98000000;4828.56000000;4553.99000000;4312.20000000;4096.77000000;3902.80000000;3725.62000000;3561.74000000;3409.21000000;3266.90000000;3132.64000000;3005.17000000;2892.12000000;2781.37000000;2676.07000000;         ;         ;         ;         ;         ;         ;         ;         ;         ;         ;         ;         ;         ;         ;         
New HIV infections in 15-24 females;Mean;303.42300000;753.69900000;1743.22000000;4058.82000000;9178.77000000;19036.50000000;34919.20000000;55899.90000000;79609.40000000;103812.00000000;125897.00000000;143638.00000000;154535.00000000;160955.00000000;163621.00000000;163083.00000000;160196.00000000;155831.00000000;151138.00000000;146572.00000000;142014.00000000;137557.00000000;133990.00000000;130228.00000000;124808.00000000;117773.00000000;110179.00000000;103766.00000000;98598.50000000;93596.80000000;88474.60000000;81854.10000000;74456.00000000;69078.70000000;63955.70000000;58866.00000000;55095.80000000;52023.00000000;49799.80000000;48207.50000000;46847.30000000;45380.70000000;43610.90000000;41833.50000000;39859.30000000;37658.70000000;35348.20000000;32955.70000000;30507.50000000;28069.80000000;25684.50000000;23409.60000000;21330.50000000;19448.10000000;17762.60000000;16263.00000000;14940.50000000;13782.30000000;12776.70000000;11893.40000000;11114.10000000;10424.60000000;9809.37000000;9255.15000000;8751.58000000;8291.82000000;7869.77000000;7479.36000000;7115.32000000;6773.81000000;6451.53000000;         ;         ;         ;         ;         ;         ;         ;         ;         ;         ;         ;         ;         ;         ;         
;95% LL;156.78800000;409.26000000;961.96300000;2516.68000000;6152.25000000;13670.20000000;27194.30000000;45424.00000000;68575.30000000;94019.50000000;117241.00000000;136404.00000000;148440.00000000;156066.00000000;158822.00000000;158241.00000000;155663.00000000;151508.00000000;146943.00000000;142573.00000000;137949.00000000;133328.00000000;129595.00000000;125766.00000000;120435.00000000;113493.00000000;105916.00000000;99681.40000000;94424.90000000;89280.80000000;84044.10000000;77476.10000000;70242.10000000;64971.90000000;59787.80000000;54773.20000000;51161.10000000;48251.30000000;46218.50000000;44763.10000000;43492.80000000;41977.90000000;40158.20000000;38505.60000000;36605.20000000;34516.90000000;32343.70000000;30108.10000000;27833.20000000;25573.60000000;23336.00000000;21234.00000000;19328.60000000;17603.80000000;16059.20000000;14684.10000000;13442.80000000;12358.70000000;11430.30000000;10625.10000000;9912.63000000;9280.18000000;8714.15000000;8203.37000000;7737.26000000;7321.14000000;6941.76000000;6586.93000000;6259.30000000;5946.05000000;5647.83000000;         ;         ;         ;         ;         ;         ;         ;         ;         ;         ;         ;         ;         ;         ;         
;95% UL;440.92300000;1052.14000000;2357.68000000;5524.04000000;12383.00000000;25369.80000000;43398.40000000;65837.60000000;90067.80000000;112906.00000000;134257.00000000;151140.00000000;160962.00000000;166408.00000000;169199.00000000;168486.00000000;165417.00000000;160862.00000000;156068.00000000;151457.00000000;146867.00000000;142435.00000000;139028.00000000;135499.00000000;130140.00000000;122995.00000000;115387.00000000;108922.00000000;103771.00000000;98810.60000000;93776.70000000;87204.70000000;79762.60000000;74398.60000000;69301.50000000;63915.20000000;59919.50000000;56780.30000000;54341.10000000;52506.30000000;50935.40000000;49275.30000000;47337.20000000;45662.30000000;43731.70000000;41502.70000000;39111.90000000;36589.10000000;33957.40000000;31329.90000000;28745.70000000;26244.00000000;23945.20000000;21853.40000000;19972.20000000;18292.60000000;16808.70000000;15532.70000000;14427.80000000;13454.30000000;12592.90000000;11828.60000000;11144.60000000;10526.60000000;9966.38000000;9456.33000000;8998.11000000;8575.82000000;8181.92000000;7812.39000000;7463.58000000;         ;         ;         ;         ;         ;         ;         ;         ;         ;         ;         ;         ;         ;         ;         
New HIV infections in 15-49 year olds;Mean;1014.26000000;2878.03000000;7137.78000000;17251.60000000;39562.60000000;81193.40000000;142453.00000000;212747.00000000;281170.00000000;343995.00000000;397692.00000000;438619.00000000;460871.00000000;471196.00000000;472237.00000000;465761.00000000;454363.00000000;441190.00000000;428355.00000000;415669.00000000;402068.00000000;388154.00000000;376621.00000000;366104.00000000;353159.00000000;338427.00000000;320501.00000000;304244.00000000;291706.00000000;278629.00000000;267923.00000000;251562.00000000;230176.00000000;216921.00000000;202985.00000000;188227.00000000;176448.00000000;165103.00000000;155044.00000000;146962.00000000;140425.00000000;134286.00000000;128234.00000000;123190.00000000;118371.00000000;113680.00000000;109063.00000000;104482.00000000;99886.70000000;95257.50000000;90577.80000000;85938.90000000;81496.60000000;77284.80000000;73306.50000000;69543.30000000;65999.30000000;62668.30000000;59547.00000000;56620.90000000;53870.80000000;51279.00000000;48834.50000000;46548.90000000;44397.70000000;42357.30000000;40423.20000000;38577.90000000;36814.70000000;35119.10000000;33472.90000000;         ;         ;         ;         ;         ;         ;         ;         ;         ;         ;         ;         ;         ;         ;         
;95% LL;532.30700000;1593.78000000;4165.19000000;10518.00000000;25771.90000000;55604.70000000;104509.00000000;172542.00000000;241704.00000000;309974.00000000;370723.00000000;418554.00000000;445222.00000000;459903.00000000;462337.00000000;455683.00000000;444098.00000000;430734.00000000;417870.00000000;405093.00000000;391300.00000000;377399.00000000;365947.00000000;355528.00000000;342702.00000000;328033.00000000;310299.00000000;294189.00000000;281464.00000000;267978.00000000;257158.00000000;240792.00000000;219194.00000000;205679.00000000;191310.00000000;176710.00000000;165706.00000000;155405.00000000;146376.00000000;139181.00000000;133373.00000000;127815.00000000;122228.00000000;117351.00000000;112598.00000000;107928.00000000;103317.00000000;98741.40000000;94161.60000000;89566.90000000;84945.80000000;80388.50000000;76044.30000000;71942.80000000;68084.20000000;64448.60000000;61037.40000000;57842.30000000;54857.10000000;52065.60000000;49447.00000000;46983.10000000;44662.30000000;42493.50000000;40452.90000000;38518.10000000;36684.20000000;34935.00000000;33264.20000000;31658.60000000;30101.50000000;         ;         ;         ;         ;         ;         ;         ;         ;         ;         ;         ;         ;         ;         ;         
;95% UL;1461.82000000;3985.17000000;9802.53000000;24043.20000000;55213.20000000;110654.00000000;181010.00000000;250734.00000000;315608.00000000;370169.00000000;420888.00000000;458056.00000000;476709.00000000;484961.00000000;485298.00000000;477921.00000000;467199.00000000;454796.00000000;442186.00000000;429638.00000000;416040.00000000;402576.00000000;391198.00000000;380466.00000000;367103.00000000;351702.00000000;333534.00000000;317344.00000000;305334.00000000;292389.00000000;282160.00000000;266209.00000000;244686.00000000;231645.00000000;217945.00000000;202909.00000000;190245.00000000;177335.00000000;166229.00000000;156860.00000000;149348.00000000;142669.00000000;135901.00000000;130531.00000000;125496.00000000;120637.00000000;115918.00000000;111402.00000000;106833.00000000;102183.00000000;97426.20000000;92664.50000000;88073.90000000;83695.90000000;79537.50000000;75583.00000000;71842.10000000;68312.90000000;64996.00000000;61879.50000000;58945.60000000;56177.10000000;53563.20000000;51117.50000000;48814.60000000;46629.80000000;44558.40000000;42627.90000000;40779.80000000;38983.20000000;37203.30000000;         ;         ;         ;         ;         ;         ;         ;         ;         ;         ;         ;         ;         ;         ;         
New HIV infections in 15-49 males;Mean;527.46300000;1560.72000000;3915.89000000;9491.39000000;21691.30000000;43987.80000000;75116.50000000;108209.00000000;137300.00000000;161522.00000000;180150.00000000;192172.00000000;195556.00000000;194017.00000000;189375.00000000;182773.00000000;175452.00000000;168687.00000000;162979.00000000;157900.00000000;152936.00000000;148198.00000000;144640.00000000;141638.00000000;137945.00000000;133974.00000000;127880.00000000;121433.00000000;116297.00000000;110830.00000000;106343.00000000;99248.80000000;89634.20000000;83710.90000000;77587.70000000;71296.20000000;66335.10000000;61276.40000000;56703.70000000;53045.70000000;50160.30000000;47554.40000000;45116.90000000;43182.00000000;41417.30000000;39760.60000000;38170.50000000;36625.60000000;35100.10000000;33577.50000000;32047.70000000;30532.00000000;29073.70000000;27685.30000000;26366.80000000;25112.40000000;23923.40000000;22798.00000000;21735.40000000;20732.30000000;19783.30000000;18883.90000000;18031.80000000;17231.20000000;16475.40000000;15758.00000000;15077.30000000;14428.50000000;13810.40000000;13219.40000000;12651.00000000;         ;         ;         ;         ;         ;         ;         ;         ;         ;         ;         ;         ;         ;         ;         
;95% LL;275.99200000;846.83000000;2198.11000000;5569.47000000;13624.60000000;29199.60000000;53790.30000000;85389.30000000;114985.00000000;141604.00000000;162852.00000000;178195.00000000;183252.00000000;183870.00000000;181502.00000000;176228.00000000;168350.00000000;161771.00000000;156119.00000000;151156.00000000;146449.00000000;142084.00000000;138783.00000000;135967.00000000;132522.00000000;128887.00000000;122765.00000000;116162.00000000;111150.00000000;105906.00000000;101650.00000000;94675.40000000;85160.00000000;79128.00000000;72893.10000000;66754.00000000;62089.50000000;57454.90000000;53293.50000000;49977.60000000;47367.00000000;44977.90000000;42715.20000000;40858.80000000;39135.00000000;37504.30000000;35936.30000000;34414.30000000;32916.50000000;31428.70000000;29941.90000000;28475.90000000;27070.50000000;25736.30000000;24472.00000000;23271.70000000;22135.60000000;21061.50000000;20047.80000000;19090.70000000;18184.90000000;17325.90000000;16511.60000000;15746.10000000;15023.00000000;14336.30000000;13684.80000000;13064.00000000;12473.10000000;11908.50000000;11366.20000000;         ;         ;         ;         ;         ;         ;         ;         ;         ;         ;         ;         ;         ;         ;         
;95% UL;757.38600000;2183.12000000;5563.45000000;13347.50000000;31042.00000000;61215.20000000;97473.30000000;129169.00000000;155774.00000000;176920.00000000;194043.00000000;204125.00000000;205485.00000000;203324.00000000;197899.00000000;190873.00000000;183435.00000000;176674.00000000;170782.00000000;165442.00000000;160224.00000000;155182.00000000;151545.00000000;148432.00000000;144692.00000000;140548.00000000;134186.00000000;127406.00000000;122348.00000000;116868.00000000;112357.00000000;105398.00000000;95832.80000000;89967.40000000;83994.90000000;77405.90000000;72075.30000000;66530.70000000;61445.80000000;57192.40000000;53823.60000000;50818.00000000;48049.90000000;45944.10000000;44066.50000000;42324.50000000;40663.10000000;39054.60000000;37469.30000000;35893.70000000;34328.80000000;32755.90000000;31259.80000000;29803.90000000;28393.40000000;27065.60000000;25808.40000000;24621.50000000;23530.30000000;22453.70000000;21477.30000000;20577.20000000;19726.20000000;18928.70000000;18177.50000000;17443.60000000;16692.40000000;15976.40000000;15291.70000000;14635.00000000;14003.60000000;         ;         ;         ;         ;         ;         ;         ;         ;         ;         ;         ;         ;         ;         ;         
New HIV infections in 15-49 females;Mean;486.80100000;1317.30000000;3221.89000000;7760.25000000;17871.30000000;37205.60000000;67336.80000000;104538.00000000;143870.00000000;182472.00000000;217542.00000000;246447.00000000;265315.00000000;277179.00000000;282862.00000000;282988.00000000;278911.00000000;272503.00000000;265376.00000000;257769.00000000;249132.00000000;239956.00000000;231981.00000000;224465.00000000;215214.00000000;204453.00000000;192622.00000000;182811.00000000;175408.00000000;167799.00000000;161580.00000000;152313.00000000;140542.00000000;133210.00000000;125397.00000000;116930.00000000;110113.00000000;103827.00000000;98339.80000000;93915.80000000;90264.40000000;86732.10000000;83117.60000000;80007.60000000;76954.10000000;73919.40000000;70892.30000000;67856.80000000;64786.70000000;61679.90000000;58530.10000000;55406.90000000;52422.90000000;49599.50000000;46939.70000000;44430.90000000;42075.90000000;39870.30000000;37811.50000000;35888.60000000;34087.40000000;32395.10000000;30802.70000000;29317.70000000;27922.20000000;26599.30000000;25345.90000000;24149.40000000;23004.30000000;21899.70000000;20821.90000000;         ;         ;         ;         ;         ;         ;         ;         ;         ;         ;         ;         ;         ;         ;         
;95% LL;252.80200000;717.89300000;1839.03000000;4859.35000000;12147.30000000;27105.80000000;50709.90000000;84485.20000000;123411.00000000;165054.00000000;203725.00000000;234579.00000000;256167.00000000;269569.00000000;275396.00000000;275840.00000000;271312.00000000;264408.00000000;257805.00000000;250475.00000000;241873.00000000;232798.00000000;224755.00000000;217368.00000000;208450.00000000;197900.00000000;186323.00000000;176624.00000000;169217.00000000;161565.00000000;155345.00000000;146075.00000000;134034.00000000;126440.00000000;118318.00000000;109956.00000000;103616.00000000;97949.70000000;92711.20000000;88704.90000000;85131.10000000;81817.10000000;78423.70000000;75477.60000000;72466.10000000;69425.60000000;66407.70000000;63466.30000000;60430.40000000;57384.00000000;54302.20000000;51258.40000000;48361.40000000;45629.70000000;43064.90000000;40654.00000000;38408.00000000;36314.50000000;34366.20000000;32551.20000000;30855.30000000;29290.00000000;27823.00000000;26458.00000000;25178.00000000;23945.30000000;22766.80000000;21643.60000000;20570.30000000;19536.40000000;18529.10000000;         ;         ;         ;         ;         ;         ;         ;         ;         ;         ;         ;         ;         ;         ;         
;95% UL;704.93000000;1844.17000000;4358.93000000;10537.30000000;24586.00000000;49560.70000000;83618.00000000;123138.00000000;160577.00000000;196354.00000000;230793.00000000;258321.00000000;276030.00000000;286766.00000000;292033.00000000;292649.00000000;288447.00000000;282100.00000000;275197.00000000;267490.00000000;258860.00000000;249835.00000000;242222.00000000;234670.00000000;225312.00000000;214192.00000000;201998.00000000;191939.00000000;184418.00000000;176700.00000000;170613.00000000;161294.00000000;149522.00000000;142346.00000000;134820.00000000;126273.00000000;118974.00000000;111937.00000000;105756.00000000;100638.00000000;97030.00000000;93660.90000000;89906.10000000;86573.40000000;83451.10000000;80367.20000000;77402.20000000;74319.20000000;71181.60000000;67968.20000000;64692.80000000;61431.80000000;58309.20000000;55348.50000000;52553.00000000;49907.10000000;47415.40000000;45074.10000000;42854.00000000;40774.10000000;38822.90000000;36986.00000000;35253.50000000;33662.30000000;32211.70000000;30783.20000000;29411.30000000;28097.80000000;26837.10000000;25604.50000000;24387.80000000;         ;         ;         ;         ;         ;         ;         ;         ;         ;         ;         ;         ;         ;         ;         
New HIV infections in 25-49 year olds;Mean;584.30600000;1821.89000000;4732.34000000;11712.00000000;27101.20000000;55313.00000000;94653.10000000;135302.00000000;169546.00000000;197018.00000000;218235.00000000;232991.00000000;238720.00000000;239173.00000000;235972.00000000;230089.00000000;222891.00000000;216411.00000000;210856.00000000;205314.00000000;198797.00000000;191777.00000000;185814.00000000;181091.00000000;176304.00000000;171951.00000000;165371.00000000;158922.00000000;154433.00000000;148990.00000000;146397.00000000;140235.00000000;129994.00000000;124954.00000000;118597.00000000;110916.00000000;104310.00000000;97305.50000000;90424.30000000;84607.50000000;79968.00000000;75834.90000000;72162.10000000;69494.80000000;67269.80000000;65434.20000000;63798.40000000;62275.50000000;60786.70000000;59241.20000000;57562.40000000;55760.60000000;53911.40000000;52048.60000000;50176.40000000;48289.20000000;46400.30000000;44519.40000000;42658.00000000;40839.20000000;39067.90000000;37344.90000000;35678.80000000;34097.80000000;32589.60000000;31138.80000000;29747.90000000;28406.40000000;27114.00000000;25860.70000000;24632.70000000;         ;         ;         ;         ;         ;         ;         ;         ;         ;         ;         ;         ;         ;         ;         
;95% LL;308.21000000;1014.94000000;2751.91000000;7121.04000000;17651.90000000;36955.20000000;70442.10000000;107540.00000000;144931.00000000;177924.00000000;204261.00000000;221596.00000000;227959.00000000;230591.00000000;227818.00000000;222337.00000000;214880.00000000;208444.00000000;202809.00000000;197158.00000000;190508.00000000;183476.00000000;177583.00000000;172927.00000000;168248.00000000;163846.00000000;157379.00000000;151029.00000000;146511.00000000;141154.00000000;138443.00000000;132234.00000000;122090.00000000;116841.00000000;110476.00000000;103307.00000000;97319.10000000;91095.10000000;84844.90000000;79609.80000000;75598.70000000;71940.70000000;68532.70000000;65942.60000000;63729.30000000;61866.00000000;60186.00000000;58613.50000000;57078.40000000;55497.50000000;53800.80000000;52000.00000000;50165.40000000;48328.20000000;46491.60000000;44650.30000000;42816.50000000;40998.60000000;39206.80000000;37461.20000000;35765.20000000;34119.00000000;32529.90000000;31023.10000000;29586.80000000;28206.80000000;26885.00000000;25612.10000000;24387.60000000;23202.40000000;22043.80000000;         ;         ;         ;         ;         ;         ;         ;         ;         ;         ;         ;         ;         ;         ;         
;95% UL;831.52000000;2537.85000000;6549.06000000;16371.40000000;38505.50000000;75565.60000000;119862.00000000;159066.00000000;188326.00000000;212616.00000000;232467.00000000;246459.00000000;250510.00000000;248892.00000000;245764.00000000;239379.00000000;232492.00000000;226492.00000000;221115.00000000;215793.00000000;208816.00000000;201499.00000000;195506.00000000;190757.00000000;185900.00000000;181469.00000000;174740.00000000;168200.00000000;163781.00000000;158379.00000000;155924.00000000;149796.00000000;139553.00000000;134762.00000000;128690.00000000;120806.00000000;113590.00000000;105765.00000000;98006.80000000;91379.80000000;86038.50000000;81290.70000000;77084.30000000;74134.40000000;71778.10000000;69815.10000000;68076.30000000;66460.00000000;64881.30000000;63308.70000000;61684.40000000;59790.70000000;57966.10000000;56133.40000000;54266.70000000;52360.20000000;50429.10000000;48476.50000000;46542.90000000;44631.80000000;42759.90000000;40930.20000000;39154.10000000;37464.00000000;35848.20000000;34291.10000000;32795.80000000;31351.50000000;29957.70000000;28604.10000000;27275.40000000;         ;         ;         ;         ;         ;         ;         ;         ;         ;         ;         ;         ;         ;         ;         
New HIV infections in 25-49 males;Mean;400.92800000;1258.29000000;3253.68000000;8010.59000000;18408.70000000;37143.90000000;62235.40000000;86664.10000000;105285.00000000;118358.00000000;126590.00000000;130183.00000000;127940.00000000;122949.00000000;116731.00000000;110184.00000000;104176.00000000;99739.10000000;96617.80000000;94116.90000000;91678.40000000;89378.30000000;87823.20000000;86854.20000000;85898.10000000;85271.90000000;82928.40000000;79877.10000000;77623.00000000;74787.80000000;73291.50000000;69776.10000000;63908.20000000;60822.30000000;57155.50000000;52851.70000000;49292.80000000;45501.50000000;41884.30000000;38899.10000000;36550.90000000;34483.40000000;32655.40000000;31320.70000000;30175.10000000;29173.40000000;28254.30000000;27374.40000000;26507.60000000;25631.10000000;24716.80000000;23763.30000000;22819.00000000;21897.20000000;20999.30000000;20121.30000000;19265.00000000;18431.50000000;17623.10000000;16844.00000000;16094.60000000;15374.40000000;14685.40000000;14035.20000000;13418.90000000;12831.30000000;12271.70000000;11736.40000000;11225.00000000;10734.80000000;10262.30000000;         ;         ;         ;         ;         ;         ;         ;         ;         ;         ;         ;         ;         ;         ;         
;95% LL;210.88000000;686.99200000;1842.67000000;4729.56000000;11463.90000000;24664.30000000;43248.40000000;67813.60000000;88373.20000000;103924.00000000;114463.00000000;121379.00000000;121253.00000000;117574.00000000;112566.00000000;106587.00000000;100968.00000000;96514.60000000;93341.10000000;90938.10000000;88541.10000000;86353.40000000;84882.90000000;83798.40000000;82730.40000000;81874.10000000;79517.70000000;76507.10000000;74205.10000000;71473.80000000;69876.20000000;66249.50000000;60406.70000000;57049.60000000;53099.90000000;48932.60000000;45729.10000000;42421.10000000;39166.80000000;36641.40000000;34572.20000000;32697.00000000;31046.00000000;29782.00000000;28693.80000000;27743.40000000;26805.90000000;25908.10000000;25028.10000000;24144.90000000;23232.20000000;22290.00000000;21362.40000000;20460.60000000;19585.40000000;18732.40000000;17903.00000000;17097.50000000;16317.60000000;15566.90000000;14845.10000000;14151.70000000;13488.40000000;12862.30000000;12268.70000000;11702.90000000;11164.40000000;10649.80000000;10158.80000000;9689.07000000;9237.02000000;         ;         ;         ;         ;         ;         ;         ;         ;         ;         ;         ;         ;         ;         ;         
;95% UL;576.36600000;1763.75000000;4641.08000000;11345.40000000;26607.40000000;52064.70000000;80637.70000000;102746.00000000;118202.00000000;129502.00000000;135676.00000000;138139.00000000;135206.00000000;129425.00000000;122193.00000000;115086.00000000;108741.00000000;104154.00000000;100945.00000000;98365.90000000;95839.30000000;93463.20000000;91868.30000000;90892.40000000;89949.40000000;89430.70000000;87286.90000000;84401.70000000;82356.70000000;79377.30000000;77882.90000000;74480.90000000;68706.70000000;65874.50000000;62471.10000000;58069.20000000;54069.30000000;49754.40000000;45632.50000000;42219.80000000;39532.70000000;37167.30000000;35079.10000000;33599.80000000;32333.70000000;31227.30000000;30213.40000000;29290.80000000;28397.80000000;27488.50000000;26534.00000000;25534.10000000;24539.30000000;23564.20000000;22610.60000000;21716.20000000;20836.60000000;19938.50000000;19070.00000000;18325.50000000;17536.50000000;16749.10000000;16037.20000000;15356.90000000;14698.00000000;14076.20000000;13525.20000000;12962.20000000;12412.80000000;11875.20000000;11356.70000000;         ;         ;         ;         ;         ;         ;         ;         ;         ;         ;         ;         ;         ;         ;         
New HIV infections in 25-49 females;Mean;183.37800000;563.60400000;1478.67000000;3701.44000000;8692.53000000;18169.10000000;32417.60000000;48638.00000000;64260.60000000;78660.10000000;91644.60000000;102809.00000000;110780.00000000;116224.00000000;119241.00000000;119905.00000000;118716.00000000;116672.00000000;114238.00000000;111197.00000000;107118.00000000;102399.00000000;97990.90000000;94236.90000000;90406.40000000;86679.10000000;82442.30000000;79045.30000000;76810.00000000;74202.20000000;73105.50000000;70458.90000000;66085.90000000;64131.50000000;61441.10000000;58064.30000000;55017.30000000;51804.00000000;48540.00000000;45708.40000000;43417.10000000;41351.50000000;39506.70000000;38174.10000000;37094.80000000;36260.80000000;35544.00000000;34901.10000000;34279.20000000;33610.10000000;32845.60000000;31997.30000000;31092.40000000;30151.40000000;29177.10000000;28167.90000000;27135.40000000;26088.00000000;25034.90000000;23995.20000000;22973.30000000;21970.50000000;20993.30000000;20062.50000000;19170.70000000;18307.50000000;17476.20000000;16670.00000000;15888.90000000;15125.90000000;14370.40000000;         ;         ;         ;         ;         ;         ;         ;         ;         ;         ;         ;         ;         ;         ;         
;95% LL;96.01340000;306.72100000;880.01700000;2342.67000000;5953.37000000;13226.90000000;23966.50000000;39299.70000000;55526.90000000;71601.10000000;85311.50000000;97107.10000000;105028.00000000;110809.00000000;113841.00000000;114865.00000000;113418.00000000;110991.00000000;108619.00000000;105631.00000000;101716.00000000;97154.10000000;92758.30000000;89024.20000000;85263.50000000;81704.20000000;77605.00000000;74276.00000000;72070.30000000;69549.40000000;68506.00000000;65995.20000000;61828.80000000;59839.90000000;57189.10000000;53896.20000000;51002.30000000;48109.10000000;45212.50000000;42736.50000000;40701.10000000;38864.30000000;37194.30000000;35926.30000000;34872.50000000;34010.00000000;33253.90000000;32565.10000000;31895.90000000;31204.10000000;30474.70000000;29618.10000000;28680.20000000;27719.50000000;26739.10000000;25737.70000000;24734.60000000;23728.70000000;22724.10000000;21737.20000000;20771.40000000;19827.10000000;18909.60000000;18037.40000000;17203.30000000;16397.70000000;15623.20000000;14873.60000000;14148.70000000;13442.00000000;12744.10000000;         ;         ;         ;         ;         ;         ;         ;         ;         ;         ;         ;         ;         ;         ;         
;95% UL;265.76600000;778.00500000;2003.60000000;5011.53000000;11942.30000000;24295.00000000;40219.70000000;56964.50000000;70957.40000000;84974.30000000;97963.60000000;109309.00000000;116780.00000000;122640.00000000;125623.00000000;126413.00000000;125306.00000000;123101.00000000;120776.00000000;117977.00000000;113825.00000000;108921.00000000;104594.00000000;100667.00000000;96539.50000000;92585.70000000;88075.70000000;84422.70000000;82127.10000000;79439.70000000;78502.00000000;75982.50000000;71614.90000000;69758.50000000;67072.30000000;63536.30000000;60143.60000000;56511.30000000;52854.60000000;49718.90000000;47108.50000000;44792.40000000;42861.20000000;41526.60000000;40421.00000000;39498.50000000;38718.90000000;38052.50000000;37442.40000000;36847.90000000;36193.10000000;35314.50000000;34368.10000000;33415.70000000;32408.70000000;31402.70000000;30361.00000000;29292.30000000;28206.90000000;27127.00000000;26058.10000000;25001.70000000;23952.80000000;22929.90000000;21946.60000000;20991.80000000;20069.40000000;19172.10000000;18299.70000000;17477.20000000;16714.40000000;         ;         ;         ;         ;         ;         ;         ;         ;         ;         ;         ;         ;         ;         ;         
New HIV infections in adults aged 50+;Mean;22.26260000;74.85610000;196.97200000;487.52300000;1123.99000000;2284.99000000;3891.34000000;5526.12000000;6945.23000000;8198.57000000;9356.28000000;10422.90000000;11347.50000000;12178.90000000;12959.10000000;13699.30000000;14435.10000000;15295.00000000;16226.20000000;17088.60000000;17670.80000000;17916.40000000;17856.60000000;17695.30000000;17362.60000000;16916.20000000;16082.90000000;15475.00000000;15126.30000000;14776.00000000;14883.00000000;14749.40000000;14271.50000000;14366.60000000;14228.00000000;13786.80000000;13458.30000000;13132.20000000;12821.90000000;12608.10000000;12491.40000000;12372.30000000;12246.80000000;12295.60000000;12355.90000000;12433.10000000;12532.00000000;12654.00000000;12792.50000000;12936.30000000;13072.70000000;13205.80000000;13313.10000000;13391.00000000;13438.70000000;13456.30000000;13441.20000000;13395.20000000;13318.70000000;13214.20000000;13086.10000000;12938.80000000;12771.20000000;12561.90000000;12327.70000000;12084.90000000;11831.00000000;11577.30000000;11325.20000000;11085.50000000;10871.40000000;         ;         ;         ;         ;         ;         ;         ;         ;         ;         ;         ;         ;         ;         ;         
;95% LL;11.80100000;41.30900000;112.27500000;290.00600000;714.26000000;1484.36000000;2676.16000000;4190.54000000;5657.79000000;6944.57000000;8090.04000000;9294.79000000;10292.90000000;11142.50000000;11987.50000000;12655.60000000;13278.50000000;14032.40000000;14847.80000000;15613.60000000;16095.70000000;16293.90000000;16244.40000000;16025.60000000;15706.00000000;15259.80000000;14447.50000000;13847.30000000;13485.10000000;13176.20000000;13303.00000000;13158.30000000;12677.60000000;12708.20000000;12548.90000000;12159.90000000;11901.30000000;11628.90000000;11354.80000000;11168.90000000;11070.40000000;10969.40000000;10863.00000000;10888.50000000;10916.40000000;10960.90000000;11027.00000000;11141.80000000;11278.70000000;11419.20000000;11544.30000000;11660.30000000;11753.90000000;11822.20000000;11857.10000000;11866.80000000;11849.90000000;11797.50000000;11707.40000000;11589.40000000;11447.90000000;11296.80000000;11159.80000000;10976.50000000;10764.00000000;10544.10000000;10311.10000000;10070.40000000;9849.04000000;9639.27000000;9445.73000000;         ;         ;         ;         ;         ;         ;         ;         ;         ;         ;         ;         ;         ;         ;         
;95% UL;32.25490000;105.65800000;278.24800000;691.84100000;1628.40000000;3223.14000000;5141.50000000;6754.81000000;8148.45000000;9402.92000000;10426.40000000;11447.30000000;12435.40000000;13265.30000000;14186.90000000;15030.00000000;15884.40000000;16882.00000000;17883.70000000;19099.80000000;19791.00000000;20115.60000000;20126.90000000;19954.20000000;19664.00000000;19174.20000000;18279.20000000;17637.80000000;17296.50000000;16945.50000000;17072.60000000;16929.20000000;16424.30000000;16550.10000000;16429.30000000;15912.20000000;15477.00000000;15035.50000000;14610.50000000;14297.90000000;14099.60000000;13907.00000000;13727.00000000;13769.60000000;13825.70000000;13900.60000000;13993.70000000;14125.80000000;14272.90000000;14418.50000000;14560.80000000;14711.10000000;14838.00000000;14937.70000000;14992.60000000;15027.40000000;15019.70000000;14982.40000000;14921.90000000;14832.60000000;14718.80000000;14584.70000000;14428.90000000;14227.60000000;13998.40000000;13759.00000000;13506.40000000;13252.90000000;13000.10000000;12759.80000000;12546.60000000;         ;         ;         ;         ;         ;         ;         ;         ;         ;         ;         ;         ;         ;         ;         
New HIV infections in males aged 50+;Mean;20.81300000;67.99310000;176.48900000;432.94600000;990.13900000;1990.33000000;3327.19000000;4595.01000000;5568.28000000;6291.68000000;6822.02000000;7161.09000000;7274.03000000;7237.05000000;7129.76000000;7008.12000000;6935.01000000;7001.57000000;7176.61000000;7395.12000000;7565.37000000;7643.43000000;7606.14000000;7517.96000000;7344.36000000;7112.86000000;6682.00000000;6253.02000000;5919.17000000;5596.21000000;5493.15000000;5306.02000000;4979.06000000;4897.20000000;4739.17000000;4465.83000000;4251.07000000;4056.12000000;3887.73000000;3770.07000000;3700.61000000;3640.47000000;3586.92000000;3599.95000000;3621.68000000;3652.11000000;3691.28000000;3738.37000000;3790.45000000;3843.42000000;3892.91000000;3939.76000000;3976.12000000;4001.81000000;4016.86000000;4021.43000000;4015.45000000;3999.92000000;3975.32000000;3943.12000000;3904.70000000;3861.27000000;3812.42000000;3752.06000000;3684.96000000;3615.38000000;3543.47000000;3472.06000000;3400.92000000;3331.92000000;3267.37000000;         ;         ;         ;         ;         ;         ;         ;         ;         ;         ;         ;         ;         ;         ;         
;95% LL;11.04720000;37.19530000;100.01600000;255.12200000;597.42600000;1313.97000000;2242.30000000;3438.93000000;4467.69000000;5246.64000000;5778.51000000;6229.43000000;6576.33000000;6601.33000000;6543.78000000;6481.96000000;6409.81000000;6450.17000000;6543.62000000;6671.16000000;6773.08000000;6809.47000000;6753.80000000;6659.63000000;6496.59000000;6291.77000000;5909.50000000;5519.70000000;5208.62000000;4910.98000000;4814.97000000;4640.48000000;4330.20000000;4240.31000000;4079.04000000;3841.47000000;3674.42000000;3527.60000000;3402.58000000;3317.10000000;3251.93000000;3191.46000000;3144.72000000;3160.33000000;3183.26000000;3209.42000000;3241.91000000;3285.10000000;3332.80000000;3380.92000000;3424.68000000;3467.34000000;3504.81000000;3530.35000000;3544.36000000;3549.02000000;3544.19000000;3530.72000000;3506.02000000;3468.67000000;3434.54000000;3398.67000000;3350.85000000;3287.01000000;3217.44000000;3146.20000000;3073.27000000;3001.29000000;2929.93000000;2861.01000000;2796.76000000;         ;         ;         ;         ;         ;         ;         ;         ;         ;         ;         ;         ;         ;         ;         
;95% UL;30.25000000;96.36530000;249.90100000;620.87900000;1459.28000000;2834.63000000;4423.23000000;5635.59000000;6618.77000000;7140.55000000;7661.30000000;7924.22000000;7957.75000000;7879.72000000;7743.29000000;7622.00000000;7572.12000000;7705.38000000;8035.14000000;8366.41000000;8601.11000000;8700.35000000;8690.61000000;8592.58000000;8414.48000000;8170.33000000;7690.96000000;7215.65000000;6850.34000000;6489.59000000;6387.01000000;6192.03000000;5852.17000000;5785.31000000;5635.65000000;5320.56000000;5048.56000000;4810.97000000;4593.41000000;4426.81000000;4314.91000000;4231.46000000;4156.49000000;4159.21000000;4174.56000000;4201.48000000;4239.68000000;4288.18000000;4345.81000000;4405.84000000;4463.34000000;4519.05000000;4564.41000000;4599.01000000;4622.70000000;4635.47000000;4637.17000000;4628.72000000;4610.49000000;4583.89000000;4550.22000000;4510.68000000;4464.79000000;4406.44000000;4340.44000000;4271.18000000;4199.04000000;4127.02000000;4054.96000000;3984.70000000;3918.53000000;         ;         ;         ;         ;         ;         ;         ;         ;         ;         ;         ;         ;         ;         ;         
New HIV infections in females aged 50+;Mean;1.44964000;6.86294000;20.48230000;54.57700000;133.84800000;294.66100000;564.14700000;931.10700000;1376.95000000;1906.89000000;2534.26000000;3261.81000000;4073.47000000;4941.86000000;5829.34000000;6691.18000000;7500.05000000;8293.41000000;9049.62000000;9693.45000000;10105.40000000;10273.00000000;10250.40000000;10177.30000000;10018.20000000;9803.39000000;9400.85000000;9221.98000000;9207.11000000;9179.80000000;9389.83000000;9443.39000000;9292.41000000;9469.39000000;9488.80000000;9320.95000000;9207.20000000;9076.04000000;8934.17000000;8838.08000000;8790.80000000;8731.88000000;8659.91000000;8695.68000000;8734.22000000;8781.03000000;8840.73000000;8915.62000000;9002.07000000;9092.90000000;9179.78000000;9266.01000000;9336.93000000;9389.19000000;9421.82000000;9434.84000000;9425.77000000;9395.28000000;9343.33000000;9271.06000000;9181.41000000;9077.48000000;8958.82000000;8809.87000000;8642.70000000;8469.50000000;8287.50000000;8105.22000000;7924.24000000;7753.61000000;7604.05000000;         ;         ;         ;         ;         ;         ;         ;         ;         ;         ;         ;         ;         ;         ;         
;95% LL;0.73175100;3.57707000;11.22190000;32.80370000;86.36420000;198.61900000;408.16000000;725.20800000;1128.82000000;1593.91000000;2162.80000000;2841.66000000;3583.01000000;4416.36000000;5232.35000000;6033.94000000;6792.67000000;7541.63000000;8261.27000000;8799.33000000;9211.88000000;9382.20000000;9310.61000000;9198.90000000;9022.20000000;8821.28000000;8449.56000000;8252.34000000;8246.25000000;8177.07000000;8358.52000000;8424.82000000;8298.07000000;8435.98000000;8450.06000000;8305.40000000;8218.34000000;8096.25000000;7943.93000000;7859.17000000;7798.19000000;7714.78000000;7622.81000000;7643.92000000;7672.45000000;7701.03000000;7733.36000000;7782.49000000;7850.64000000;7919.44000000;7985.95000000;8053.19000000;8107.47000000;8145.92000000;8169.47000000;8178.16000000;8168.03000000;8139.68000000;8093.02000000;8029.09000000;7950.58000000;7860.29000000;7757.82000000;7628.94000000;7484.48000000;7335.35000000;7178.86000000;7025.37000000;6888.99000000;6762.21000000;6637.29000000;         ;         ;         ;         ;         ;         ;         ;         ;         ;         ;         ;         ;         ;         ;         
;95% UL;2.23983000;9.82998000;28.57270000;73.77510000;183.11600000;397.89400000;729.12200000;1150.33000000;1644.77000000;2233.10000000;2921.82000000;3706.00000000;4596.39000000;5532.83000000;6519.03000000;7454.80000000;8336.23000000;9212.87000000;10007.30000000;10707.40000000;11195.00000000;11491.30000000;11539.60000000;11475.90000000;11285.90000000;11080.40000000;10664.60000000;10461.00000000;10468.20000000;10455.90000000;10685.60000000;10737.10000000;10572.10000000;10764.80000000;10793.60000000;10591.60000000;10428.40000000;10240.10000000;10037.30000000;9911.21000000;9823.04000000;9744.26000000;9654.96000000;9685.10000000;9725.91000000;9777.96000000;9836.89000000;9922.79000000;10016.50000000;10114.10000000;10205.20000000;10295.80000000;10372.50000000;10435.90000000;10478.60000000;10500.50000000;10498.80000000;10474.30000000;10426.40000000;10356.30000000;10266.60000000;10160.50000000;10037.20000000;9879.35000000;9708.84000000;9513.21000000;9314.45000000;9125.87000000;8945.10000000;8775.10000000;8628.05000000;         ;         ;         ;         ;         ;         ;         ;         ;         ;         ;         ;         ;         ;         ;         
New HIV infections in sex workers;Mean;101.71600000;316.42400000;830.12600000;2045.72000000;4593.36000000;8728.66000000;13207.70000000;16311.50000000;17814.00000000;18397.00000000;18348.00000000;17705.20000000;15997.20000000;14154.00000000;12295.10000000;10595.00000000;9184.10000000;8145.38000000;7419.32000000;6927.90000000;6591.18000000;6381.72000000;6273.02000000;6238.80000000;6221.97000000;6262.53000000;6277.80000000;6303.32000000;6319.60000000;6228.66000000;6248.31000000;5945.42000000;5546.49000000;5448.13000000;5304.99000000;5275.46000000;5235.68000000;5112.68000000;5011.16000000;4956.22000000;4927.80000000;4891.41000000;4844.18000000;4823.34000000;4790.02000000;4747.17000000;4696.40000000;4639.38000000;4576.86000000;4508.89000000;4434.97000000;4355.65000000;4272.43000000;4185.79000000;4095.81000000;4002.25000000;3905.36000000;3805.34000000;3702.49000000;3597.14000000;3489.66000000;3380.32000000;3269.52000000;3157.92000000;3046.06000000;2934.50000000;2823.88000000;2714.74000000;2607.69000000;2503.25000000;2401.69000000;         ;         ;         ;         ;         ;         ;         ;         ;         ;         ;         ;         ;         ;         ;         
;95% LL;55.59710000;179.68000000;498.43600000;1206.40000000;2817.58000000;5539.35000000;8993.94000000;11779.60000000;13571.00000000;14309.00000000;14368.20000000;13972.70000000;12735.00000000;11341.10000000;9862.15000000;8514.99000000;7376.79000000;6546.26000000;5924.78000000;5477.65000000;5171.81000000;4965.67000000;4849.47000000;4795.67000000;4780.24000000;4773.03000000;4761.24000000;4774.07000000;4773.53000000;4691.53000000;4696.98000000;4476.84000000;4176.34000000;4092.98000000;3969.92000000;3939.82000000;3915.89000000;3834.00000000;3765.51000000;3729.91000000;3714.35000000;3692.64000000;3662.45000000;3661.62000000;3665.11000000;3659.34000000;3645.34000000;3615.23000000;3566.03000000;3517.36000000;3476.13000000;3429.30000000;3378.09000000;3317.46000000;3251.13000000;3181.73000000;3109.47000000;3034.52000000;2957.11000000;2877.51000000;2796.01000000;2699.86000000;2601.57000000;2503.40000000;2405.76000000;2309.06000000;2217.85000000;2135.62000000;2054.77000000;1975.75000000;1898.78000000;         ;         ;         ;         ;         ;         ;         ;         ;         ;         ;         ;         ;         ;         ;         
;95% UL;145.03400000;457.88000000;1211.79000000;3026.89000000;6827.71000000;12245.00000000;17339.40000000;20357.60000000;21588.10000000;21961.60000000;21955.00000000;21182.30000000;19115.00000000;16982.40000000;14795.50000000;12771.60000000;11077.30000000;9821.32000000;8938.74000000;8335.32000000;7913.51000000;7636.50000000;7472.23000000;7459.60000000;7548.84000000;7724.00000000;7865.21000000;7983.49000000;8073.54000000;8005.37000000;8063.79000000;7697.30000000;7188.38000000;7061.21000000;6870.28000000;6805.98000000;6774.80000000;6612.83000000;6476.57000000;6398.93000000;6339.28000000;6291.43000000;6210.51000000;6152.59000000;6082.43000000;6017.70000000;5959.61000000;5870.51000000;5775.11000000;5673.64000000;5565.54000000;5451.55000000;5333.53000000;5212.11000000;5087.38000000;4959.08000000;4827.50000000;4692.89000000;4555.63000000;4416.13000000;4274.83000000;4132.10000000;3988.41000000;3859.27000000;3730.34000000;3601.24000000;3472.73000000;3334.91000000;3195.14000000;3059.56000000;2930.65000000;         ;         ;         ;         ;         ;         ;         ;         ;         ;         ;         ;         ;         ;         ;         
New HIV infections acquired by men from FSW contact;Mean;360.36000000;1240.20000000;3310.98000000;8262.58000000;19042.30000000;38149.40000000;62628.10000000;84409.40000000;98193.50000000;104958.00000000;106172.00000000;102578.00000000;93837.20000000;83007.30000000;71847.40000000;61512.00000000;52862.60000000;46496.60000000;42078.00000000;39131.80000000;37179.30000000;35877.60000000;35170.30000000;34774.00000000;34367.10000000;34027.70000000;32995.60000000;31706.70000000;30904.80000000;30012.50000000;29697.10000000;28541.60000000;26411.40000000;25511.40000000;24287.20000000;22616.00000000;21242.10000000;19734.30000000;18295.60000000;17116.20000000;16181.40000000;15335.70000000;14559.30000000;13989.60000000;13490.40000000;13032.90000000;12607.30000000;12207.90000000;11828.70000000;11465.70000000;11113.90000000;10771.10000000;10437.50000000;10112.10000000;9792.93000000;9477.90000000;9166.10000000;8857.01000000;8550.56000000;8246.70000000;7945.63000000;7647.74000000;7353.48000000;7063.58000000;6778.96000000;6500.53000000;6229.09000000;5965.46000000;5710.33000000;5464.29000000;5227.63000000;         ;         ;         ;         ;         ;         ;         ;         ;         ;         ;         ;         ;         ;         ;         
;95% LL;191.87000000;680.69100000;1905.99000000;4893.15000000;11682.80000000;23560.20000000;43054.60000000;63127.10000000;78369.40000000;86448.40000000;87631.40000000;85771.70000000;79140.20000000;70458.10000000;60787.60000000;51715.60000000;44137.20000000;38570.80000000;34697.50000000;32094.90000000;30343.20000000;29128.70000000;28391.50000000;27899.20000000;27312.40000000;26621.80000000;25513.40000000;24296.90000000;23563.90000000;22905.80000000;22581.60000000;21660.20000000;20103.90000000;19403.10000000;18525.80000000;17333.90000000;16325.50000000;15180.10000000;14094.00000000;13234.20000000;12449.00000000;11712.30000000;11104.90000000;10679.50000000;10310.20000000;9961.98000000;9630.61000000;9322.37000000;9039.07000000;8789.37000000;8565.98000000;8316.09000000;8081.35000000;7849.69000000;7623.27000000;7400.41000000;7180.02000000;6961.37000000;6744.05000000;6527.80000000;6312.61000000;6074.21000000;5827.06000000;5585.20000000;5349.32000000;5120.05000000;4898.61000000;4702.78000000;4512.21000000;4327.42000000;4148.74000000;         ;         ;         ;         ;         ;         ;         ;         ;         ;         ;         ;         ;         ;         ;         
;95% UL;521.74800000;1781.52000000;4748.75000000;12026.90000000;28223.60000000;54233.50000000;82361.20000000;103388.00000000;114030.00000000;119142.00000000;119671.00000000;115109.00000000;105790.00000000;93922.00000000;81580.20000000;69998.10000000;60207.20000000;53051.90000000;48129.40000000;44974.10000000;42913.30000000;41588.20000000;40962.80000000;40714.40000000;40558.50000000;40572.50000000;39572.20000000;38187.20000000;37311.60000000;36213.60000000;35896.20000000;34563.40000000;32032.60000000;31041.80000000;29622.20000000;27542.10000000;25760.30000000;23834.60000000;22015.30000000;20567.60000000;19477.00000000;18481.70000000;17523.30000000;16832.50000000;16223.60000000;15663.60000000;15140.50000000;14647.50000000;14176.90000000;13722.80000000;13280.40000000;12875.30000000;12477.90000000;12087.10000000;11701.10000000;11301.80000000;10915.60000000;10553.90000000;10165.30000000;9795.00000000;9428.35000000;9066.00000000;8708.63000000;8357.17000000;8012.92000000;7677.02000000;7346.89000000;7034.22000000;6729.11000000;6435.76000000;6154.41000000;         ;         ;         ;         ;         ;         ;         ;         ;         ;         ;         ;         ;         ;         ;         
New HIV infections acquired by FSW clients from non-FSW partners;Mean;147.01500000;300.20500000;599.89000000;1270.38000000;2776.09000000;5968.71000000;12057.90000000;21604.10000000;33820.10000000;47227.20000000;60108.00000000;71099.40000000;78843.50000000;84187.30000000;87474.50000000;88948.90000000;89030.50000000;88284.70000000;87176.80000000;85606.90000000;83450.60000000;80990.30000000;78924.40000000;77032.50000000;74630.60000000;71940.20000000;68210.70000000;64474.40000000;61445.10000000;58342.40000000;55533.40000000;51399.50000000;46113.40000000;42610.70000000;39171.70000000;35849.30000000;33234.60000000;30665.50000000;28430.70000000;26720.80000000;25452.40000000;24358.90000000;23343.50000000;22549.10000000;21804.00000000;21086.10000000;20380.60000000;19682.30000000;18976.90000000;18250.30000000;17493.10000000;16724.60000000;15973.10000000;15250.10000000;14558.60000000;13897.70000000;13270.70000000;12678.50000000;12121.60000000;11599.10000000;11108.20000000;10646.00000000;10210.30000000;9799.35000000;9411.03000000;9043.38000000;8694.86000000;8363.75000000;8048.63000000;7747.99000000;7460.14000000;         ;         ;         ;         ;         ;         ;         ;         ;         ;         ;         ;         ;         ;         ;         
;95% LL;70.17730000;146.32700000;299.25100000;666.80700000;1631.19000000;3747.57000000;8206.10000000;16122.70000000;26855.30000000;38423.30000000;49830.60000000;60002.00000000;67582.10000000;73081.10000000;76670.50000000;78503.90000000;78929.30000000;78447.90000000;77524.30000000;76121.00000000;74159.00000000;71903.80000000;69982.10000000;68192.90000000;65925.20000000;63375.60000000;59904.40000000;56402.70000000;53507.10000000;50578.40000000;47911.30000000;44104.80000000;39287.00000000;36023.30000000;32826.70000000;29882.80000000;27709.30000000;25650.10000000;23892.50000000;22570.50000000;21601.50000000;20751.70000000;19937.50000000;19260.10000000;18602.10000000;17957.60000000;17320.00000000;16686.40000000;16045.20000000;15385.30000000;14699.90000000;14007.80000000;13334.60000000;12690.50000000;12077.90000000;11496.00000000;10947.20000000;10431.70000000;9949.30000000;9498.79000000;9077.14000000;8681.63000000;8310.03000000;7960.52000000;7631.08000000;7319.85000000;7025.28000000;6745.78000000;6479.99000000;6226.55000000;5983.96000000;         ;         ;         ;         ;         ;         ;         ;         ;         ;         ;         ;         ;         ;         ;         
;95% UL;239.64900000;500.98300000;982.78000000;1950.03000000;4070.71000000;8335.06000000;16469.00000000;27831.90000000;42364.80000000;57806.60000000;71664.50000000;82209.30000000;90417.80000000;95106.10000000;97918.50000000;98977.20000000;98784.90000000;97665.20000000;96411.30000000;94715.30000000;92386.80000000;89725.50000000;87498.60000000;85482.40000000;82932.40000000;80064.70000000;76033.90000000;72045.20000000;68726.10000000;65491.10000000;62561.30000000;58174.50000000;52404.80000000;48726.10000000;45123.90000000;41484.70000000;38455.70000000;35394.30000000;32696.90000000;30610.70000000;29049.80000000;27820.10000000;26587.80000000;25662.10000000;24851.20000000;24078.20000000;23321.80000000;22575.00000000;21822.10000000;21046.70000000;20237.50000000;19413.00000000;18602.40000000;17817.90000000;17062.90000000;16336.90000000;15643.90000000;14985.50000000;14363.10000000;13782.50000000;13229.90000000;12701.00000000;12204.30000000;11736.30000000;11292.90000000;10876.00000000;10502.60000000;10147.60000000;9809.56000000;9483.03000000;9144.23000000;         ;         ;         ;         ;         ;         ;         ;         ;         ;         ;         ;         ;         ;         ;         
New HIV infections in MSM;Mean;48.63990000;104.66300000;196.96200000;371.69100000;708.76900000;1350.42000000;2551.67000000;4520.52000000;7163.40000000;10007.10000000;12387.80000000;13913.20000000;14527.50000000;14617.70000000;14404.50000000;14024.20000000;13579.20000000;13127.10000000;12744.10000000;12423.70000000;12125.30000000;11849.80000000;11663.30000000;11509.30000000;11265.30000000;10931.70000000;10539.60000000;10282.20000000;10137.00000000;9953.90000000;9804.99000000;9337.19000000;8376.11000000;7582.78000000;7045.75000000;6694.42000000;6485.56000000;6223.67000000;5972.77000000;5823.06000000;5722.25000000;5633.50000000;5545.58000000;5479.52000000;5417.95000000;5357.20000000;5293.48000000;5222.52000000;5137.91000000;5037.87000000;4923.03000000;4797.81000000;4668.68000000;4539.24000000;4411.81000000;4287.68000000;4168.01000000;4053.47000000;3944.63000000;3841.39000000;3743.51000000;3650.85000000;3563.25000000;3480.99000000;3403.59000000;3330.53000000;3261.59000000;3196.17000000;3133.88000000;3073.99000000;3015.70000000;         ;         ;         ;         ;         ;         ;         ;         ;         ;         ;         ;         ;         ;         ;         
;95% LL;23.52680000;50.44020000;95.28730000;175.92500000;336.65300000;721.94300000;1541.76000000;2975.73000000;5104.78000000;7799.71000000;10537.80000000;12724.20000000;13965.30000000;13979.70000000;13596.40000000;13117.40000000;12695.70000000;12318.60000000;12000.40000000;11725.30000000;11478.90000000;11254.10000000;11101.30000000;10966.80000000;10768.60000000;10460.60000000;10140.20000000;9909.11000000;9776.37000000;9608.41000000;9470.30000000;9017.38000000;8084.12000000;7271.96000000;6745.74000000;6391.00000000;6211.16000000;5963.47000000;5736.48000000;5607.47000000;5526.26000000;5455.80000000;5379.71000000;5314.11000000;5251.24000000;5187.68000000;5119.91000000;5043.91000000;4953.58000000;4847.51000000;4726.63000000;4595.52000000;4460.71000000;4325.82000000;4193.11000000;4063.81000000;3939.02000000;3819.35000000;3705.33000000;3596.88000000;3493.77000000;3395.92000000;3303.19000000;3215.84000000;3133.42000000;3055.45000000;2981.69000000;2911.56000000;2844.65000000;2780.29000000;2717.74000000;         ;         ;         ;         ;         ;         ;         ;         ;         ;         ;         ;         ;         ;         ;         
;95% UL;75.84110000;169.05900000;324.73100000;620.57900000;1176.16000000;2215.53000000;4070.94000000;6747.70000000;9796.47000000;12332.40000000;13880.10000000;14612.20000000;14918.80000000;15030.00000000;14920.50000000;14627.90000000;14193.90000000;13720.10000000;13300.90000000;12943.90000000;12611.90000000;12306.30000000;12105.10000000;11926.10000000;11644.80000000;11281.20000000;10862.70000000;10586.80000000;10440.50000000;10267.60000000;10112.50000000;9642.22000000;8676.71000000;7896.40000000;7357.47000000;7003.56000000;6783.70000000;6498.60000000;6220.93000000;6045.30000000;5919.25000000;5806.42000000;5695.59000000;5625.97000000;5567.96000000;5511.93000000;5453.81000000;5389.12000000;5311.17000000;5217.94000000;5109.87000000;4991.26000000;4868.52000000;4745.26000000;4623.84000000;4505.58000000;4391.70000000;4282.92000000;4180.98000000;4086.07000000;4000.23000000;3921.09000000;3844.83000000;3772.75000000;3703.60000000;3645.08000000;3584.22000000;3524.21000000;3467.12000000;3412.99000000;3362.98000000;         ;         ;         ;         ;         ;         ;         ;         ;         ;         ;         ;         ;         ;         ;         
Total HIV incidence rate;Mean;0.00003470;0.00009449;0.00022744;0.00053585;0.00120222;0.00242381;0.00418482;0.00615626;0.00805069;0.00978221;0.01127130;0.01243680;0.01310130;0.01346430;0.01360430;0.01350680;0.01326360;0.01294360;0.01260000;0.01226920;0.01179660;0.01123610;0.01063810;0.00996809;0.00924860;0.00860608;0.00798550;0.00746367;0.00705216;0.00660903;0.00625054;0.00578096;0.00522562;0.00486905;0.00450766;0.00413423;0.00383681;0.00355380;0.00329573;0.00308271;0.00290578;0.00274157;0.00258393;0.00245192;0.00232818;0.00221071;0.00209839;0.00199045;0.00188607;0.00178446;0.00168500;0.00158907;0.00149859;0.00141385;0.00133461;0.00126037;0.00119097;0.00112615;0.00106569;0.00100925;0.00095648;0.00090705;0.00086067;0.00081708;0.00077607;0.00073745;0.00070102;0.00066662;0.00063409;0.00060332;0.00057418;         ;         ;         ;         ;         ;         ;         ;         ;         ;         ;         ;         ;         ;         ;         
;95% LL;0.00001819;0.00005231;0.00013258;0.00032629;0.00078155;0.00166902;0.00305941;0.00495565;0.00688735;0.00874864;0.01040740;0.01175000;0.01257650;0.01303480;0.01326100;0.01321230;0.01295250;0.01262230;0.01227340;0.01193970;0.01146970;0.01091670;0.01032870;0.00966394;0.00894844;0.00831549;0.00770239;0.00718076;0.00676315;0.00631596;0.00595937;0.00549538;0.00494164;0.00458418;0.00421859;0.00385467;0.00357922;0.00332336;0.00309177;0.00290132;0.00274302;0.00259405;0.00244903;0.00232298;0.00220302;0.00208838;0.00197847;0.00187278;0.00177070;0.00167157;0.00157486;0.00148191;0.00139456;0.00131299;0.00123694;0.00116589;0.00109964;0.00103790;0.00098041;0.00092684;0.00087680;0.00082997;0.00078606;0.00074483;0.00070605;0.00066955;0.00063513;0.00060264;0.00057194;0.00054292;0.00051545;         ;         ;         ;         ;         ;         ;         ;         ;         ;         ;         ;         ;         ;         ;         
;95% UL;0.00005031;0.00013136;0.00031251;0.00074515;0.00167597;0.00331034;0.00532095;0.00729371;0.00913240;0.01068060;0.01198340;0.01304220;0.01359380;0.01387920;0.01396950;0.01388370;0.01362060;0.01328630;0.01295460;0.01264590;0.01218180;0.01162650;0.01101900;0.01034350;0.00961818;0.00895640;0.00831873;0.00779358;0.00738587;0.00695052;0.00659217;0.00611873;0.00556547;0.00521231;0.00485795;0.00447477;0.00414735;0.00384235;0.00355732;0.00330894;0.00311056;0.00292462;0.00274963;0.00260784;0.00247644;0.00235227;0.00223532;0.00212361;0.00201455;0.00190831;0.00180462;0.00170442;0.00160938;0.00151977;0.00143636;0.00135813;0.00128491;0.00121645;0.00115349;0.00109328;0.00103698;0.00098463;0.00093576;0.00089029;0.00084748;0.00080713;0.00076903;0.00073301;0.00069892;0.00066663;0.00063601;         ;         ;         ;         ;         ;         ;         ;         ;         ;         ;         ;         ;         ;         ;         
HIV incidence in individuals aged 15+;Mean;0.00005309;0.00014737;0.00035669;0.00084055;0.00187935;0.00376396;0.00642935;0.00931252;0.01198570;0.01433540;0.01625290;0.01762080;0.01834280;0.01858280;0.01845360;0.01803700;0.01742990;0.01674380;0.01609290;0.01546660;0.01481220;0.01415130;0.01353870;0.01297690;0.01234720;0.01167350;0.01090290;0.01019270;0.00963981;0.00909092;0.00864111;0.00802819;0.00726854;0.00678101;0.00627368;0.00574107;0.00531742;0.00490842;0.00453202;0.00422295;0.00396883;0.00373337;0.00350753;0.00331747;0.00313908;0.00297018;0.00280967;0.00265669;0.00251052;0.00236924;0.00223190;0.00210036;0.00197684;0.00186135;0.00175355;0.00165275;0.00155869;0.00147099;0.00138934;0.00131324;0.00124218;0.00117568;0.00111333;0.00105477;0.00099970;0.00094785;0.00089899;0.00085289;0.00080937;0.00076828;0.00072945;         ;         ;         ;         ;         ;         ;         ;         ;         ;         ;         ;         ;         ;         ;         
;95% LL;0.00002787;0.00008163;0.00020798;0.00051197;0.00122266;0.00256668;0.00469998;0.00751270;0.01023490;0.01281510;0.01501460;0.01666770;0.01760150;0.01798060;0.01798860;0.01758830;0.01696910;0.01627580;0.01562030;0.01499170;0.01433840;0.01368120;0.01307190;0.01251290;0.01189160;0.01123370;0.01047600;0.00976921;0.00920972;0.00865522;0.00820839;0.00760357;0.00684730;0.00635915;0.00584706;0.00533008;0.00493897;0.00457002;0.00423304;0.00395761;0.00373111;0.00351834;0.00331140;0.00313092;0.00295912;0.00279546;0.00263952;0.00249077;0.00234873;0.00221174;0.00207895;0.00195219;0.00183354;0.00172293;0.00161999;0.00152399;0.00143465;0.00135153;0.00127429;0.00120241;0.00113537;0.00107269;0.00101396;0.00095884;0.00090703;0.00085828;0.00081236;0.00076905;0.00072819;0.00068963;0.00065322;         ;         ;         ;         ;         ;         ;         ;         ;         ;         ;         ;         ;         ;         ;         
;95% UL;0.00007653;0.00020405;0.00049019;0.00117231;0.00262511;0.00513946;0.00819152;0.01102930;0.01354220;0.01557880;0.01729040;0.01851300;0.01908300;0.01919760;0.01905650;0.01859480;0.01793990;0.01726340;0.01663890;0.01600750;0.01535430;0.01468850;0.01407380;0.01350300;0.01286170;0.01217550;0.01139630;0.01067500;0.01012170;0.00957945;0.00912971;0.00851741;0.00775425;0.00727021;0.00676904;0.00622398;0.00576600;0.00531338;0.00491287;0.00455104;0.00425519;0.00399328;0.00374255;0.00353742;0.00334793;0.00316964;0.00299932;0.00283987;0.00268744;0.00253917;0.00239485;0.00225645;0.00212676;0.00200483;0.00189053;0.00178386;0.00168417;0.00159126;0.00150501;0.00142468;0.00135093;0.00127932;0.00121302;0.00115167;0.00109393;0.00103953;0.00098821;0.00093973;0.00089391;0.00085059;0.00080958;         ;         ;         ;         ;         ;         ;         ;         ;         ;         ;         ;         ;         ;         ;         
HIV incidence in males aged 15+;Mean;0.00005747;0.00016681;0.00040957;0.00097044;0.00216782;0.00430107;0.00719980;0.01007290;0.01246070;0.01433970;0.01568390;0.01643230;0.01654680;0.01623170;0.01565030;0.01491430;0.01412470;0.01337250;0.01273310;0.01216890;0.01162530;0.01111020;0.01064820;0.01024030;0.00979769;0.00934975;0.00876704;0.00817408;0.00769857;0.00722225;0.00683191;0.00629326;0.00561013;0.00517465;0.00473126;0.00427895;0.00392266;0.00356753;0.00324185;0.00297839;0.00276794;0.00257956;0.00240634;0.00226635;0.00213951;0.00202267;0.00191371;0.00181145;0.00171490;0.00162224;0.00153259;0.00144679;0.00136588;0.00128997;0.00121880;0.00115194;0.00108926;0.00103056;0.00097564;0.00092427;0.00087615;0.00083101;0.00078861;0.00074877;0.00071131;0.00067607;0.00064289;0.00061165;0.00058222;0.00055449;0.00052831;         ;         ;         ;         ;         ;         ;         ;         ;         ;         ;         ;         ;         ;         ;         
;95% LL;0.00003009;0.00009053;0.00022993;0.00056936;0.00136083;0.00284514;0.00512814;0.00791158;0.01035580;0.01243950;0.01403940;0.01503910;0.01536050;0.01516540;0.01478970;0.01426050;0.01351680;0.01274380;0.01211320;0.01155680;0.01103070;0.01053650;0.01009520;0.00970512;0.00927812;0.00886342;0.00832014;0.00776116;0.00729605;0.00682677;0.00645045;0.00593011;0.00526117;0.00483293;0.00439041;0.00395179;0.00362195;0.00330003;0.00300621;0.00276910;0.00257979;0.00240860;0.00224968;0.00211783;0.00199690;0.00188493;0.00178035;0.00168221;0.00158967;0.00150107;0.00141562;0.00133403;0.00125728;0.00118539;0.00111808;0.00105494;0.00099581;0.00094046;0.00088870;0.00084029;0.00079494;0.00075239;0.00071243;0.00067488;0.00063959;0.00060639;0.00057516;0.00054576;0.00051810;0.00049206;0.00046752;         ;         ;         ;         ;         ;         ;         ;         ;         ;         ;         ;         ;         ;         ;         
;95% UL;0.00008245;0.00023355;0.00058256;0.00136615;0.00310684;0.00600310;0.00937590;0.01210470;0.01428590;0.01584590;0.01701710;0.01762190;0.01756920;0.01713860;0.01645660;0.01566540;0.01480310;0.01403170;0.01338110;0.01279500;0.01222790;0.01169230;0.01120460;0.01078320;0.01032200;0.00987429;0.00926912;0.00865317;0.00817094;0.00768878;0.00729272;0.00674306;0.00605017;0.00561385;0.00517457;0.00470194;0.00430435;0.00389947;0.00352610;0.00322274;0.00298347;0.00277114;0.00257746;0.00242471;0.00228808;0.00216308;0.00204820;0.00194130;0.00184092;0.00174453;0.00165100;0.00156122;0.00147572;0.00139456;0.00132090;0.00125117;0.00118599;0.00112479;0.00106701;0.00101290;0.00096102;0.00091186;0.00086675;0.00082446;0.00078474;0.00074677;0.00071008;0.00067548;0.00064485;0.00061670;0.00059010;         ;         ;         ;         ;         ;         ;         ;         ;         ;         ;         ;         ;         ;         ;         
HIV incidence in females aged 15+;Mean;0.00004890;0.00012889;0.00030670;0.00071843;0.00160955;0.00326420;0.00572201;0.00861691;0.01155280;0.01433180;0.01677040;0.01870130;0.01997610;0.02072530;0.02101700;0.02090580;0.02048330;0.01988100;0.01924230;0.01857960;0.01784160;0.01706100;0.01632520;0.01563380;0.01483920;0.01395920;0.01301600;0.01219640;0.01157250;0.01095680;0.01045260;0.00976988;0.00893753;0.00840127;0.00783275;0.00722255;0.00673447;0.00627337;0.00584684;0.00549253;0.00519488;0.00491216;0.00463319;0.00439235;0.00416141;0.00393929;0.00372593;0.00352081;0.00332357;0.00313218;0.00294563;0.00276687;0.00259928;0.00244283;0.00229710;0.00216112;0.00203452;0.00191676;0.00180736;0.00170559;0.00161070;0.00152203;0.00143897;0.00136097;0.00128762;0.00121857;0.00115346;0.00109200;0.00103392;0.00097906;0.00092720;         ;         ;         ;         ;         ;         ;         ;         ;         ;         ;         ;         ;         ;         ;         
;95% LL;0.00002539;0.00007022;0.00017499;0.00044927;0.00109339;0.00237462;0.00430737;0.00693447;0.00985372;0.01289570;0.01558180;0.01769690;0.01913380;0.02000060;0.02039200;0.02028550;0.01986230;0.01925060;0.01861520;0.01795740;0.01722890;0.01645380;0.01572180;0.01504810;0.01427140;0.01340700;0.01248130;0.01168450;0.01107510;0.01046490;0.00996572;0.00928611;0.00844576;0.00790043;0.00732093;0.00672776;0.00627779;0.00586324;0.00547903;0.00514595;0.00487067;0.00460226;0.00433442;0.00410961;0.00389339;0.00368506;0.00348340;0.00328448;0.00309370;0.00290929;0.00273036;0.00255961;0.00240010;0.00225165;0.00211377;0.00198548;0.00186633;0.00175573;0.00165351;0.00155878;0.00147050;0.00138803;0.00131080;0.00123830;0.00117098;0.00110763;0.00104673;0.00098927;0.00093501;0.00088378;0.00083536;         ;         ;         ;         ;         ;         ;         ;         ;         ;         ;         ;         ;         ;         ;         
;95% UL;0.00007082;0.00018048;0.00041493;0.00097529;0.00221422;0.00435276;0.00711998;0.01016560;0.01297610;0.01552510;0.01787960;0.01970180;0.02084540;0.02155040;0.02179070;0.02160700;0.02117300;0.02058520;0.01996320;0.01931870;0.01857390;0.01779760;0.01706240;0.01637680;0.01557790;0.01468570;0.01372130;0.01286880;0.01225330;0.01163590;0.01112540;0.01042790;0.00959859;0.00906846;0.00850781;0.00787429;0.00734197;0.00683096;0.00634809;0.00594598;0.00561375;0.00530741;0.00502837;0.00478412;0.00454853;0.00432020;0.00409232;0.00387518;0.00367551;0.00347653;0.00327554;0.00307936;0.00289524;0.00272319;0.00256277;0.00241290;0.00227323;0.00214614;0.00202826;0.00191843;0.00181593;0.00172006;0.00162822;0.00154159;0.00146015;0.00138350;0.00131125;0.00124306;0.00117866;0.00111782;0.00106031;         ;         ;         ;         ;         ;         ;         ;         ;         ;         ;         ;         ;         ;         ;         
HIV incidence in children (<15 years);Mean;0.00000660;0.00001331;0.00002759;0.00006014;0.00013271;0.00028087;0.00054351;0.00093521;0.00143212;0.00200457;0.00261992;0.00324962;0.00377303;0.00426348;0.00476712;0.00513063;0.00541974;0.00561167;0.00569905;0.00581929;0.00561893;0.00519004;0.00455560;0.00361025;0.00266363;0.00205217;0.00172898;0.00156825;0.00145398;0.00125029;0.00110102;0.00095877;0.00085490;0.00078573;0.00073288;0.00067915;0.00063180;0.00059043;0.00054982;0.00051091;0.00047461;0.00044191;0.00041214;0.00038605;0.00036245;0.00034066;0.00032019;0.00030089;0.00028257;0.00026495;0.00024788;0.00023143;0.00021586;0.00020137;0.00018777;0.00017500;0.00016306;0.00015191;0.00014149;0.00013177;0.00012276;0.00011441;0.00010671;0.00009962;0.00009311;0.00008713;0.00008166;0.00007664;0.00007202;0.00006778;0.00006388;         ;         ;         ;         ;         ;         ;         ;         ;         ;         ;         ;         ;         ;         ;         
;95% LL;0.00000322;0.00000696;0.00001516;0.00003631;0.00008417;0.00019197;0.00039788;0.00072584;0.00114240;0.00168522;0.00230060;0.00290972;0.00344096;0.00394959;0.00443602;0.00483178;0.00515191;0.00537347;0.00547183;0.00559766;0.00540970;0.00499525;0.00438522;0.00347485;0.00256481;0.00197724;0.00166509;0.00150967;0.00139466;0.00119814;0.00105499;0.00091607;0.00081385;0.00074507;0.00069196;0.00063891;0.00059389;0.00055491;0.00051715;0.00048154;0.00044839;0.00041787;0.00038979;0.00036435;0.00034149;0.00032039;0.00030048;0.00028179;0.00026407;0.00024731;0.00023074;0.00021494;0.00020008;0.00018627;0.00017336;0.00016132;0.00015002;0.00013950;0.00012968;0.00012056;0.00011210;0.00010429;0.00009716;0.00009063;0.00008453;0.00007893;0.00007380;0.00006919;0.00006496;0.00006099;0.00005734;         ;         ;         ;         ;         ;         ;         ;         ;         ;         ;         ;         ;         ;         ;         
;95% UL;0.00000970;0.00001903;0.00003838;0.00008196;0.00017954;0.00037484;0.00070095;0.00114524;0.00169547;0.00230752;0.00294960;0.00359503;0.00411653;0.00459153;0.00508104;0.00540807;0.00565612;0.00585183;0.00593618;0.00603291;0.00581803;0.00536069;0.00470707;0.00373519;0.00275738;0.00212075;0.00178853;0.00162686;0.00151558;0.00130438;0.00115103;0.00100472;0.00089950;0.00083021;0.00077830;0.00072414;0.00067388;0.00062831;0.00058337;0.00054170;0.00050502;0.00047228;0.00044175;0.00041391;0.00038901;0.00036607;0.00034455;0.00032423;0.00030490;0.00028628;0.00026819;0.00025072;0.00023415;0.00021869;0.00020416;0.00019050;0.00017785;0.00016605;0.00015514;0.00014498;0.00013552;0.00012644;0.00011825;0.00011074;0.00010382;0.00009747;0.00009163;0.00008627;0.00008132;0.00007677;0.00007257;         ;         ;         ;         ;         ;         ;         ;         ;         ;         ;         ;         ;         ;         ;         
Incidence in youth (15-24);Mean;0.00006752;0.00016340;0.00036615;0.00082830;0.00182818;0.00372439;0.00671850;0.01055820;0.01484340;0.01916560;0.02304940;0.02609830;0.02802810;0.02902670;0.02922370;0.02874370;0.02771070;0.02643900;0.02512790;0.02389080;0.02274330;0.02171980;0.02079960;0.01997320;0.01898780;0.01782560;0.01662600;0.01546470;0.01458050;0.01378630;0.01294580;0.01190100;0.01074460;0.00989405;0.00908158;0.00826897;0.00765084;0.00711208;0.00665507;0.00628610;0.00597497;0.00565404;0.00530691;0.00496647;0.00462599;0.00429685;0.00397690;0.00367022;0.00337949;0.00309808;0.00282548;0.00257264;0.00234478;0.00214107;0.00196016;0.00179946;0.00165713;0.00153111;0.00141966;0.00132146;0.00123442;0.00115666;0.00108695;0.00102422;0.00096733;0.00091546;0.00086790;0.00082399;0.00078319;0.00074508;0.00070933;         ;         ;         ;         ;         ;         ;         ;         ;         ;         ;         ;         ;         ;         ;         
;95% LL;0.00003496;0.00008860;0.00020169;0.00050780;0.00119065;0.00264016;0.00520481;0.00859242;0.01264800;0.01714860;0.02103400;0.02433000;0.02645490;0.02770950;0.02802310;0.02757070;0.02661330;0.02542730;0.02419810;0.02303350;0.02193200;0.02095010;0.02001830;0.01918150;0.01819940;0.01705810;0.01587660;0.01472570;0.01383770;0.01303500;0.01220870;0.01119160;0.01006050;0.00923536;0.00844487;0.00768004;0.00712836;0.00664567;0.00622559;0.00588704;0.00559359;0.00530363;0.00495737;0.00463602;0.00430676;0.00399090;0.00368837;0.00339634;0.00312016;0.00285374;0.00259857;0.00236421;0.00215355;0.00196550;0.00179847;0.00164733;0.00151493;0.00139766;0.00129385;0.00120253;0.00112322;0.00105076;0.00098552;0.00092742;0.00087527;0.00082620;0.00078115;0.00073953;0.00070086;0.00066479;0.00063100;         ;         ;         ;         ;         ;         ;         ;         ;         ;         ;         ;         ;         ;         ;         
;95% UL;0.00009899;0.00022744;0.00050155;0.00112239;0.00247638;0.00499533;0.00847019;0.01250090;0.01705960;0.02124770;0.02498170;0.02783590;0.02953600;0.03032340;0.03046580;0.02990410;0.02874550;0.02746970;0.02615990;0.02485940;0.02367130;0.02262940;0.02168650;0.02086440;0.01987030;0.01868270;0.01746200;0.01629490;0.01541230;0.01461970;0.01376990;0.01273080;0.01156380;0.01070700;0.00988532;0.00904029;0.00838293;0.00775171;0.00723254;0.00684338;0.00651006;0.00615438;0.00576978;0.00539981;0.00503358;0.00468098;0.00433864;0.00401048;0.00369906;0.00339695;0.00310356;0.00283076;0.00258404;0.00236288;0.00216696;0.00199438;0.00184110;0.00170514;0.00158480;0.00147630;0.00137968;0.00129397;0.00121762;0.00114894;0.00108672;0.00103011;0.00097836;0.00093078;0.00088674;0.00084578;0.00080749;         ;         ;         ;         ;         ;         ;         ;         ;         ;         ;         ;         ;         ;         ;         
Incidence in males aged 15-24;Mean;0.00003995;0.00009440;0.00020395;0.00044895;0.00097779;0.00200043;0.00369341;0.00597489;0.00862501;0.01134400;0.01377580;0.01563890;0.01679580;0.01733830;0.01736700;0.01697740;0.01625690;0.01538750;0.01450830;0.01368970;0.01294890;0.01229960;0.01170980;0.01118880;0.01058080;0.00988482;0.00914375;0.00842056;0.00784420;0.00733709;0.00675385;0.00605391;0.00530923;0.00474501;0.00424267;0.00381170;0.00349770;0.00320850;0.00296484;0.00277522;0.00262125;0.00246720;0.00230403;0.00214525;0.00199181;0.00184726;0.00170852;0.00157919;0.00145941;0.00134463;0.00123547;0.00113748;0.00104916;0.00097001;0.00089928;0.00083605;0.00077981;0.00072976;0.00068516;0.00064565;0.00061028;0.00057817;0.00054888;0.00052204;0.00049732;0.00047444;0.00045319;0.00043339;0.00041487;0.00039747;0.00038105;         ;         ;         ;         ;         ;         ;         ;         ;         ;         ;         ;         ;         ;         ;         
;95% LL;0.00001987;0.00004989;0.00011122;0.00025461;0.00058596;0.00129822;0.00263441;0.00464070;0.00711752;0.00970365;0.01211040;0.01416080;0.01539980;0.01596910;0.01600320;0.01565690;0.01497030;0.01418160;0.01338560;0.01263310;0.01193680;0.01132730;0.01077530;0.01032960;0.00976672;0.00912418;0.00842755;0.00774364;0.00719402;0.00670735;0.00616329;0.00551448;0.00481948;0.00429614;0.00382658;0.00343085;0.00315633;0.00290981;0.00270363;0.00254279;0.00241033;0.00227383;0.00212632;0.00197956;0.00183626;0.00170085;0.00157101;0.00145003;0.00133796;0.00123080;0.00112919;0.00103808;0.00095612;0.00088286;0.00081753;0.00075927;0.00070754;0.00066158;0.00062066;0.00058439;0.00055187;0.00052233;0.00049534;0.00047058;0.00044771;0.00042651;0.00040677;0.00038833;0.00037104;0.00035476;0.00033937;         ;         ;         ;         ;         ;         ;         ;         ;         ;         ;         ;         ;         ;         ;         
;95% UL;0.00005709;0.00013192;0.00028198;0.00061007;0.00134346;0.00271678;0.00483217;0.00740421;0.01020300;0.01304790;0.01551410;0.01722790;0.01840150;0.01885600;0.01878270;0.01832950;0.01751880;0.01659840;0.01561180;0.01473260;0.01394630;0.01325550;0.01262430;0.01207580;0.01145150;0.01071430;0.00991195;0.00915007;0.00854812;0.00802173;0.00739934;0.00664791;0.00585022;0.00524798;0.00470991;0.00423881;0.00387989;0.00354260;0.00326143;0.00304105;0.00285723;0.00268335;0.00250248;0.00232979;0.00216439;0.00200904;0.00185946;0.00171898;0.00159193;0.00146831;0.00135041;0.00124447;0.00115145;0.00106650;0.00098941;0.00092054;0.00085933;0.00080489;0.00075634;0.00071335;0.00067481;0.00063977;0.00060776;0.00057843;0.00055139;0.00052637;0.00050314;0.00048152;0.00046131;0.00044235;0.00042447;         ;         ;         ;         ;         ;         ;         ;         ;         ;         ;         ;         ;         ;         ;         
Incidence in females aged 15-24;Mean;0.00009480;0.00023123;0.00052467;0.00119745;0.00265353;0.00539634;0.00962725;0.01499020;0.02090460;0.02686910;0.03230080;0.03668920;0.03962420;0.04133100;0.04193730;0.04156910;0.04036670;0.03875700;0.03703140;0.03535850;0.03375940;0.03229950;0.03100740;0.02982530;0.02839880;0.02669460;0.02495970;0.02325720;0.02198770;0.02084130;0.01969000;0.01824720;0.01662620;0.01544930;0.01428810;0.01305110;0.01209240;0.01127000;0.01057040;0.00999790;0.00950970;0.00900407;0.00845625;0.00791966;0.00737827;0.00685108;0.00633738;0.00584162;0.00536914;0.00491116;0.00446604;0.00405023;0.00367585;0.00334182;0.00304602;0.00278405;0.00255253;0.00234800;0.00216758;0.00200892;0.00186875;0.00174418;0.00163312;0.00153371;0.00144398;0.00136252;0.00128813;0.00121965;0.00115617;0.00109699;0.00104157;         ;         ;         ;         ;         ;         ;         ;         ;         ;         ;         ;         ;         ;         ;         
;95% LL;0.00004898;0.00012554;0.00028947;0.00074214;0.00177726;0.00387051;0.00748266;0.01214410;0.01791440;0.02412400;0.02981930;0.03456000;0.03774170;0.03967830;0.04037120;0.04008670;0.03881780;0.03733150;0.03569720;0.03413310;0.03257340;0.03115640;0.02981490;0.02864050;0.02728200;0.02561320;0.02389470;0.02221430;0.02094850;0.01981280;0.01866210;0.01720910;0.01559010;0.01443430;0.01327550;0.01208710;0.01118430;0.01041220;0.00977115;0.00924770;0.00878814;0.00828680;0.00775573;0.00725306;0.00675138;0.00625775;0.00577753;0.00531802;0.00488163;0.00446009;0.00404661;0.00366013;0.00331900;0.00301499;0.00274566;0.00250118;0.00228448;0.00209923;0.00193603;0.00179213;0.00166464;0.00155102;0.00145051;0.00135842;0.00127846;0.00120508;0.00113600;0.00107251;0.00101376;0.00095915;0.00090957;         ;         ;         ;         ;         ;         ;         ;         ;         ;         ;         ;         ;         ;         ;         
;95% UL;0.00013776;0.00032282;0.00070963;0.00163004;0.00358041;0.00720150;0.01199380;0.01768380;0.02378210;0.02949960;0.03466960;0.03890170;0.04162240;0.04313970;0.04365320;0.04326250;0.04199380;0.04031850;0.03849920;0.03671720;0.03508120;0.03360220;0.03233850;0.03113220;0.02970230;0.02800290;0.02624610;0.02454280;0.02326730;0.02219850;0.02107980;0.01960350;0.01797500;0.01679040;0.01561950;0.01433170;0.01328450;0.01236570;0.01157650;0.01092670;0.01039850;0.00982291;0.00922758;0.00865613;0.00808341;0.00754125;0.00700504;0.00648088;0.00597579;0.00548093;0.00499537;0.00453815;0.00412425;0.00376058;0.00343122;0.00313927;0.00288125;0.00265339;0.00245258;0.00227622;0.00212063;0.00198255;0.00185959;0.00174967;0.00165058;0.00156074;0.00147874;0.00140328;0.00133326;0.00126791;0.00120659;         ;         ;         ;         ;         ;         ;         ;         ;         ;         ;         ;         ;         ;         ;         
Incidence in age group 15-49;Mean;0.00006480;0.00017946;0.00043438;0.00102448;0.00229321;0.00459882;0.00786278;0.01139050;0.01466860;0.01755760;0.01992430;0.02162400;0.02255930;0.02290020;0.02278130;0.02229920;0.02156660;0.02074100;0.01995250;0.01919250;0.01840760;0.01762680;0.01688990;0.01621970;0.01546380;0.01464900;0.01371630;0.01282800;0.01213790;0.01145130;0.01087240;0.01008300;0.00910610;0.00846387;0.00780051;0.00710535;0.00653777;0.00599908;0.00551760;0.00512186;0.00479545;0.00449325;0.00420349;0.00395515;0.00372288;0.00350467;0.00329935;0.00310579;0.00292295;0.00274759;0.00257794;0.00241656;0.00226566;0.00212521;0.00199477;0.00187349;0.00176101;0.00165688;0.00156068;0.00147175;0.00138944;0.00131310;0.00124207;0.00117512;0.00111212;0.00105296;0.00099706;0.00094430;0.00089439;0.00084740;0.00080335;         ;         ;         ;         ;         ;         ;         ;         ;         ;         ;         ;         ;         ;         ;         
;95% LL;0.00003401;0.00009937;0.00025343;0.00062439;0.00149271;0.00314711;0.00575220;0.00920930;0.01254530;0.01571080;0.01841510;0.02045230;0.02165110;0.02215670;0.02220230;0.02174700;0.02100430;0.02017410;0.01938420;0.01862540;0.01784470;0.01707030;0.01633890;0.01567290;0.01492740;0.01413180;0.01321310;0.01232720;0.01162750;0.01093200;0.01035600;0.00957577;0.00860206;0.00795936;0.00729033;0.00661390;0.00608702;0.00559806;0.00516455;0.00480965;0.00451667;0.00424174;0.00397456;0.00373825;0.00351426;0.00330254;0.00310280;0.00291433;0.00273639;0.00256608;0.00240184;0.00224614;0.00210108;0.00196654;0.00184202;0.00172664;0.00161996;0.00152150;0.00143076;0.00134705;0.00126968;0.00119799;0.00113134;0.00106858;0.00100952;0.00095407;0.00090169;0.00085225;0.00080550;0.00076148;0.00072022;         ;         ;         ;         ;         ;         ;         ;         ;         ;         ;         ;         ;         ;         ;         
;95% UL;0.00009340;0.00024852;0.00059662;0.00142823;0.00320205;0.00627871;0.01001290;0.01348680;0.01659010;0.01908100;0.02120380;0.02273690;0.02347230;0.02364940;0.02350450;0.02301500;0.02223070;0.02139220;0.02061660;0.01987290;0.01910590;0.01832280;0.01757270;0.01689760;0.01612560;0.01529200;0.01434160;0.01344870;0.01276900;0.01208760;0.01150560;0.01071050;0.00973139;0.00909298;0.00843531;0.00771791;0.00711086;0.00650460;0.00595417;0.00552228;0.00514214;0.00480647;0.00448935;0.00422291;0.00397663;0.00374658;0.00352992;0.00332619;0.00313602;0.00295210;0.00277400;0.00260439;0.00244762;0.00230113;0.00216572;0.00203720;0.00191766;0.00180675;0.00170406;0.00160903;0.00152093;0.00143910;0.00136318;0.00129110;0.00122430;0.00116247;0.00110398;0.00104867;0.00099464;0.00094330;0.00089516;         ;         ;         ;         ;         ;         ;         ;         ;         ;         ;         ;         ;         ;         ;         
Incidence in males aged 15-49;Mean;0.00006794;0.00019656;0.00048226;0.00114284;0.00255432;0.00507207;0.00850155;0.01189130;0.01471550;0.01694490;0.01854610;0.01944570;0.01961750;0.01927580;0.01861140;0.01775190;0.01681280;0.01591760;0.01515000;0.01446800;0.01381920;0.01321490;0.01266400;0.01218600;0.01167070;0.01115160;0.01047670;0.00977370;0.00921246;0.00864918;0.00817514;0.00752006;0.00669132;0.00615442;0.00561180;0.00506153;0.00462082;0.00418681;0.00379700;0.00348181;0.00322984;0.00300454;0.00279734;0.00262756;0.00247423;0.00233393;0.00220426;0.00208376;0.00197112;0.00186358;0.00175971;0.00166072;0.00156745;0.00148002;0.00139812;0.00132126;0.00124927;0.00118196;0.00111911;0.00106045;0.00100568;0.00095449;0.00090658;0.00086106;0.00081797;0.00077737;0.00073887;0.00070248;0.00066805;0.00063574;0.00060574;         ;         ;         ;         ;         ;         ;         ;         ;         ;         ;         ;         ;         ;         ;         
;95% LL;0.00003555;0.00010664;0.00027066;0.00067035;0.00160301;0.00336291;0.00607462;0.00934557;0.01224050;0.01472310;0.01660780;0.01780130;0.01818640;0.01801920;0.01761050;0.01690790;0.01606550;0.01513280;0.01443550;0.01378100;0.01315730;0.01258060;0.01205620;0.01160040;0.01110290;0.01058550;0.00995432;0.00929086;0.00875739;0.00819729;0.00774395;0.00711106;0.00629916;0.00577217;0.00523104;0.00469581;0.00428593;0.00389066;0.00353742;0.00325240;0.00302464;0.00281887;0.00262780;0.00246751;0.00232096;0.00218616;0.00206137;0.00194541;0.00183717;0.00173411;0.00163490;0.00154064;0.00145206;0.00136920;0.00129170;0.00121909;0.00115114;0.00108766;0.00102839;0.00097304;0.00092132;0.00087293;0.00082759;0.00078452;0.00074372;0.00070527;0.00066882;0.00063438;0.00060181;0.00057127;0.00054290;         ;         ;         ;         ;         ;         ;         ;         ;         ;         ;         ;         ;         ;         ;         
;95% UL;0.00009756;0.00027496;0.00068523;0.00160768;0.00365753;0.00706902;0.01105410;0.01427360;0.01685730;0.01871320;0.02012440;0.02084720;0.02082320;0.02036630;0.01955410;0.01863370;0.01766460;0.01675530;0.01596670;0.01526040;0.01457010;0.01392130;0.01333940;0.01285710;0.01228630;0.01174720;0.01105620;0.01032970;0.00976609;0.00918060;0.00869911;0.00802600;0.00719821;0.00667472;0.00612817;0.00554380;0.00506228;0.00458382;0.00413923;0.00377665;0.00348657;0.00322987;0.00299669;0.00281175;0.00264736;0.00249814;0.00236085;0.00223451;0.00211587;0.00200251;0.00189345;0.00179053;0.00169166;0.00159867;0.00151131;0.00142914;0.00135308;0.00128432;0.00121851;0.00115487;0.00109542;0.00103982;0.00099042;0.00094461;0.00090127;0.00086049;0.00082005;0.00077961;0.00074136;0.00070548;0.00067217;         ;         ;         ;         ;         ;         ;         ;         ;         ;         ;         ;         ;         ;         ;         
Incidence in females aged 15-49;Mean;0.00006171;0.00016269;0.00038761;0.00090930;0.00204009;0.00414194;0.00725478;0.01091480;0.01462440;0.01813870;0.02123170;0.02369480;0.02536410;0.02637280;0.02680340;0.02672180;0.02623460;0.02553210;0.02477840;0.02399400;0.02312250;0.02220770;0.02132960;0.02050420;0.01953500;0.01844060;0.01726160;0.01619020;0.01537660;0.01457040;0.01388970;0.01296280;0.01182980;0.01107670;0.01028260;0.00942696;0.00871691;0.00805827;0.00747005;0.00697933;0.00656424;0.00617003;0.00578157;0.00543879;0.00511178;0.00480027;0.00450474;0.00422453;0.00395904;0.00370450;0.00345882;0.00322584;0.00300930;0.00280888;0.00262395;0.00245318;0.00229589;0.00215130;0.00201867;0.00189687;0.00178483;0.00168145;0.00158565;0.00149588;0.00141176;0.00133297;0.00125877;0.00118887;0.00112284;0.00106059;0.00100200;         ;         ;         ;         ;         ;         ;         ;         ;         ;         ;         ;         ;         ;         ;         
;95% LL;0.00003204;0.00008865;0.00022120;0.00056916;0.00138577;0.00301406;0.00545596;0.00878355;0.01247690;0.01631120;0.01969900;0.02241010;0.02428740;0.02541090;0.02600900;0.02591750;0.02546700;0.02475140;0.02399080;0.02320560;0.02234070;0.02142790;0.02055960;0.01975790;0.01881610;0.01775020;0.01658610;0.01552980;0.01473170;0.01394640;0.01327150;0.01234040;0.01120470;0.01043800;0.00962879;0.00879482;0.00813569;0.00753560;0.00696997;0.00651021;0.00612771;0.00575788;0.00539539;0.00507876;0.00476664;0.00446464;0.00418328;0.00391587;0.00366326;0.00342439;0.00319078;0.00296699;0.00275983;0.00256883;0.00239324;0.00223165;0.00208330;0.00194735;0.00182404;0.00171106;0.00160733;0.00151178;0.00142318;0.00134057;0.00126319;0.00119071;0.00112250;0.00105828;0.00099768;0.00094060;0.00088692;         ;         ;         ;         ;         ;         ;         ;         ;         ;         ;         ;         ;         ;         ;         
;95% UL;0.00008937;0.00022777;0.00052445;0.00123490;0.00280699;0.00552196;0.00902956;0.01288260;0.01643340;0.01966000;0.02266280;0.02499440;0.02650140;0.02745320;0.02780500;0.02765780;0.02714570;0.02644640;0.02571080;0.02493630;0.02407290;0.02317690;0.02230190;0.02147010;0.02048170;0.01937260;0.01818740;0.01708850;0.01627790;0.01547310;0.01478560;0.01384830;0.01270780;0.01196260;0.01117320;0.01027220;0.00949713;0.00876505;0.00810051;0.00754557;0.00708670;0.00666502;0.00627801;0.00593273;0.00560144;0.00527101;0.00495400;0.00465370;0.00437294;0.00411413;0.00385797;0.00361524;0.00338831;0.00317427;0.00297460;0.00278959;0.00261863;0.00246097;0.00231522;0.00218023;0.00205584;0.00194086;0.00183406;0.00173361;0.00164267;0.00155343;0.00146925;0.00138981;0.00131465;0.00124368;0.00117677;         ;         ;         ;         ;         ;         ;         ;         ;         ;         ;         ;         ;         ;         ;         
Incidence in adults aged 25-49;Mean;0.00006294;0.00019030;0.00047983;0.00115373;0.00259696;0.00516639;0.00860274;0.01192880;0.01455570;0.01652350;0.01792580;0.01878230;0.01909270;0.01900830;0.01866220;0.01813470;0.01753030;0.01694750;0.01645650;0.01597420;0.01540490;0.01477580;0.01415740;0.01360730;0.01303680;0.01249370;0.01178230;0.01109800;0.01056490;0.00998071;0.00959679;0.00899270;0.00814867;0.00765019;0.00708917;0.00647087;0.00594031;0.00540944;0.00491720;0.00450688;0.00417285;0.00387950;0.00361894;0.00341755;0.00324214;0.00308533;0.00294359;0.00281267;0.00268929;0.00257078;0.00245460;0.00233973;0.00222719;0.00211759;0.00201113;0.00190803;0.00180889;0.00171427;0.00162456;0.00153939;0.00145885;0.00138287;0.00131104;0.00124193;0.00117589;0.00111318;0.00105330;0.00099638;0.00094226;0.00089121;0.00084347;         ;         ;         ;         ;         ;         ;         ;         ;         ;         ;         ;         ;         ;         ;         
;95% LL;0.00003320;0.00010600;0.00027897;0.00070119;0.00168993;0.00344574;0.00637644;0.00941508;0.01236200;0.01479050;0.01665410;0.01770410;0.01816630;0.01819340;0.01802080;0.01752100;0.01691840;0.01633070;0.01582470;0.01533680;0.01476260;0.01413070;0.01351300;0.01296530;0.01239910;0.01186050;0.01116640;0.01049890;0.00998666;0.00942249;0.00904608;0.00844814;0.00761298;0.00712814;0.00657813;0.00598583;0.00550341;0.00502279;0.00458132;0.00421032;0.00390572;0.00363722;0.00339748;0.00320645;0.00303783;0.00288597;0.00274816;0.00262073;0.00250075;0.00238578;0.00227349;0.00216297;0.00205513;0.00195046;0.00184914;0.00175130;0.00165748;0.00156815;0.00148360;0.00140347;0.00132777;0.00125642;0.00118899;0.00112418;0.00106231;0.00100360;0.00094760;0.00089442;0.00084391;0.00079631;0.00075182;         ;         ;         ;         ;         ;         ;         ;         ;         ;         ;         ;         ;         ;         ;         
;95% UL;0.00008957;0.00026510;0.00066412;0.00161331;0.00369167;0.00706966;0.01093140;0.01407900;0.01633550;0.01794860;0.01918180;0.01993430;0.02016750;0.01991860;0.01944330;0.01887290;0.01825030;0.01765160;0.01715870;0.01667940;0.01613750;0.01552150;0.01490280;0.01434070;0.01376430;0.01321420;0.01248760;0.01179060;0.01125520;0.01066870;0.01028070;0.00966681;0.00880828;0.00830979;0.00774991;0.00710234;0.00652019;0.00592731;0.00537312;0.00490754;0.00452616;0.00419194;0.00389605;0.00367168;0.00349248;0.00333782;0.00317855;0.00303551;0.00289939;0.00277198;0.00265197;0.00252752;0.00241014;0.00229365;0.00218327;0.00207138;0.00196787;0.00186907;0.00177474;0.00168468;0.00159911;0.00151806;0.00144138;0.00136690;0.00129573;0.00122800;0.00116319;0.00110148;0.00104269;0.00098715;0.00093634;         ;         ;         ;         ;         ;         ;         ;         ;         ;         ;         ;         ;         ;         ;         
Incidence in men aged 25-49;Mean;0.00008723;0.00026566;0.00066771;0.00159998;0.00358510;0.00707327;0.01163710;0.01577480;0.01873940;0.02066640;0.02173010;0.02199560;0.02152920;0.02060690;0.01948000;0.01830180;0.01721530;0.01630560;0.01562420;0.01504750;0.01446850;0.01389510;0.01336830;0.01291150;0.01244730;0.01203190;0.01137520;0.01066510;0.01008900;0.00946468;0.00903212;0.00837684;0.00747446;0.00692883;0.00634355;0.00571551;0.00519783;0.00468169;0.00421565;0.00383710;0.00353549;0.00327492;0.00304625;0.00287212;0.00271966;0.00258070;0.00245421;0.00233601;0.00222390;0.00211689;0.00201307;0.00191114;0.00181294;0.00171893;0.00162911;0.00154345;0.00146211;0.00138532;0.00131320;0.00124511;0.00118106;0.00112105;0.00106469;0.00101049;0.00095878;0.00090989;0.00086328;0.00081915;0.00077731;0.00073816;0.00070210;         ;         ;         ;         ;         ;         ;         ;         ;         ;         ;         ;         ;         ;         ;         
;95% LL;0.00004588;0.00014503;0.00037806;0.00094411;0.00223133;0.00468384;0.00804182;0.01225580;0.01558310;0.01790960;0.01941270;0.02013760;0.02023660;0.01954910;0.01863480;0.01759040;0.01663940;0.01572450;0.01505290;0.01446220;0.01389860;0.01335170;0.01285270;0.01239030;0.01192700;0.01152280;0.01087240;0.01016170;0.00959352;0.00898208;0.00854509;0.00789428;0.00702426;0.00647921;0.00587294;0.00527420;0.00480500;0.00434542;0.00393403;0.00359191;0.00332241;0.00309027;0.00287831;0.00271258;0.00256531;0.00243012;0.00230659;0.00219118;0.00208200;0.00197813;0.00187777;0.00177976;0.00168569;0.00159587;0.00151026;0.00142875;0.00135147;0.00127857;0.00121011;0.00114549;0.00108468;0.00102764;0.00097403;0.00092250;0.00087335;0.00082689;0.00078264;0.00074078;0.00070115;0.00066411;0.00062999;         ;         ;         ;         ;         ;         ;         ;         ;         ;         ;         ;         ;         ;         ;         
;95% UL;0.00012540;0.00037242;0.00095266;0.00226712;0.00518615;0.00993709;0.01515020;0.01887020;0.02134360;0.02285710;0.02365590;0.02356880;0.02287170;0.02171140;0.02041110;0.01917340;0.01803480;0.01705500;0.01637760;0.01578430;0.01520530;0.01460430;0.01405620;0.01357720;0.01312520;0.01273610;0.01208450;0.01135540;0.01078050;0.01013700;0.00970636;0.00904622;0.00812705;0.00759108;0.00700280;0.00632699;0.00574277;0.00515660;0.00462645;0.00419491;0.00385138;0.00355478;0.00329506;0.00310201;0.00293343;0.00278275;0.00264733;0.00252101;0.00240120;0.00228675;0.00217552;0.00206439;0.00196020;0.00185870;0.00176156;0.00167296;0.00158944;0.00151013;0.00143109;0.00136002;0.00128963;0.00122646;0.00116635;0.00111118;0.00105579;0.00100253;0.00095166;0.00090702;0.00086277;0.00081936;0.00077937;         ;         ;         ;         ;         ;         ;         ;         ;         ;         ;         ;         ;         ;         ;         
Incidence in women aged 25-49;Mean;0.00003912;0.00011651;0.00029634;0.00071946;0.00163980;0.00333073;0.00573297;0.00831626;0.01065780;0.01269490;0.01443580;0.01585140;0.01688690;0.01756820;0.01792690;0.01798550;0.01781800;0.01753940;0.01723470;0.01685430;0.01631010;0.01564280;0.01495000;0.01432020;0.01365280;0.01298560;0.01222380;0.01157410;0.01109500;0.01056230;0.01023970;0.00969992;0.00892831;0.00848909;0.00796010;0.00735630;0.00681274;0.00626544;0.00574233;0.00529385;0.00492011;0.00458607;0.00428541;0.00404894;0.00384325;0.00366188;0.00349858;0.00334908;0.00320896;0.00307374;0.00294023;0.00280769;0.00267632;0.00254686;0.00241979;0.00229563;0.00217543;0.00206011;0.00195026;0.00184582;0.00174686;0.00165323;0.00156440;0.00147904;0.00139752;0.00132000;0.00124598;0.00117555;0.00110853;0.00104505;0.00098519;         ;         ;         ;         ;         ;         ;         ;         ;         ;         ;         ;         ;         ;         ;         
;95% LL;0.00002048;0.00006340;0.00017633;0.00045519;0.00112278;0.00242382;0.00422853;0.00667988;0.00914513;0.01147390;0.01331490;0.01488930;0.01595800;0.01664750;0.01702900;0.01710470;0.01698760;0.01668630;0.01637560;0.01591150;0.01543380;0.01476960;0.01405870;0.01343860;0.01279020;0.01215060;0.01142390;0.01078870;0.01032000;0.00980856;0.00950280;0.00899497;0.00827254;0.00784320;0.00732607;0.00675188;0.00625107;0.00575509;0.00528390;0.00488246;0.00455056;0.00425425;0.00398750;0.00377531;0.00357836;0.00340534;0.00324740;0.00310243;0.00296438;0.00283161;0.00270135;0.00257285;0.00244633;0.00232243;0.00220152;0.00208400;0.00197078;0.00186263;0.00175999;0.00166271;0.00157079;0.00148402;0.00140189;0.00132319;0.00124817;0.00117697;0.00110911;0.00104464;0.00098339;0.00092545;0.00087086;         ;         ;         ;         ;         ;         ;         ;         ;         ;         ;         ;         ;         ;         ;         
;95% UL;0.00005670;0.00016084;0.00040159;0.00097435;0.00225378;0.00446009;0.00712853;0.00976791;0.01180840;0.01373560;0.01550520;0.01691380;0.01791830;0.01851650;0.01894730;0.01903640;0.01880070;0.01854590;0.01824370;0.01789620;0.01737460;0.01671740;0.01597870;0.01530510;0.01460280;0.01392480;0.01312530;0.01246070;0.01198300;0.01144070;0.01110980;0.01054380;0.00974843;0.00929600;0.00875610;0.00812599;0.00753879;0.00692374;0.00634034;0.00584882;0.00543067;0.00505229;0.00470125;0.00442735;0.00420621;0.00402522;0.00386459;0.00370893;0.00355358;0.00340713;0.00327165;0.00313596;0.00300028;0.00286267;0.00272903;0.00259706;0.00246810;0.00234339;0.00222380;0.00210943;0.00200050;0.00189697;0.00179826;0.00170294;0.00161148;0.00152420;0.00144055;0.00136068;0.00128621;0.00121972;0.00115723;         ;         ;         ;         ;         ;         ;         ;         ;         ;         ;         ;         ;         ;         ;         
Incidence in adults aged 50+;Mean;0.00000575;0.00001871;0.00004768;0.00011431;0.00025562;0.00050519;0.00083783;0.00116069;0.00142615;0.00164770;0.00184022;0.00200458;0.00213515;0.00224054;0.00232935;0.00240558;0.00247680;0.00255288;0.00263545;0.00270308;0.00272089;0.00268459;0.00261136;0.00252657;0.00242147;0.00230551;0.00214316;0.00202294;0.00194015;0.00186041;0.00184082;0.00179382;0.00170850;0.00169447;0.00165435;0.00158540;0.00154259;0.00149395;0.00143430;0.00138662;0.00135104;0.00131672;0.00128320;0.00126858;0.00125458;0.00124057;0.00122618;0.00121104;0.00119463;0.00117654;0.00115653;0.00113455;0.00111052;0.00108450;0.00105671;0.00102736;0.00099664;0.00096477;0.00093200;0.00089865;0.00086491;0.00083108;0.00079740;0.00076465;0.00073292;0.00070223;0.00067290;0.00064491;0.00061833;0.00059294;0.00056847;         ;         ;         ;         ;         ;         ;         ;         ;         ;         ;         ;         ;         ;         ;         
;95% LL;0.00000305;0.00001033;0.00002718;0.00006799;0.00016242;0.00032809;0.00057602;0.00087953;0.00116069;0.00139347;0.00158904;0.00178345;0.00193118;0.00204642;0.00214638;0.00221922;0.00227436;0.00233587;0.00240583;0.00246208;0.00247464;0.00243760;0.00236526;0.00228489;0.00218947;0.00208174;0.00192949;0.00181237;0.00172935;0.00165419;0.00163749;0.00159684;0.00151280;0.00149263;0.00145175;0.00138806;0.00135189;0.00130747;0.00125696;0.00121874;0.00119079;0.00116333;0.00113241;0.00111595;0.00110012;0.00108456;0.00107092;0.00105971;0.00104753;0.00103359;0.00101756;0.00099938;0.00097885;0.00095606;0.00093126;0.00090466;0.00087651;0.00084705;0.00081657;0.00078539;0.00075375;0.00072195;0.00069044;0.00066213;0.00063545;0.00060974;0.00058520;0.00056186;0.00053902;0.00051636;0.00049459;         ;         ;         ;         ;         ;         ;         ;         ;         ;         ;         ;         ;         ;         ;         
;95% UL;0.00000833;0.00002641;0.00006735;0.00016222;0.00037035;0.00071274;0.00110750;0.00141950;0.00167378;0.00189389;0.00205632;0.00220437;0.00234596;0.00245033;0.00255081;0.00265083;0.00272722;0.00282309;0.00292375;0.00299020;0.00305804;0.00302459;0.00295209;0.00286204;0.00274886;0.00262281;0.00244121;0.00231195;0.00222562;0.00213845;0.00211726;0.00206467;0.00197217;0.00195836;0.00191697;0.00183665;0.00178107;0.00171776;0.00164176;0.00157999;0.00153270;0.00148866;0.00144708;0.00142865;0.00141243;0.00139810;0.00138048;0.00136196;0.00134227;0.00132116;0.00129884;0.00127466;0.00124844;0.00122020;0.00119018;0.00115852;0.00112551;0.00109126;0.00105608;0.00102025;0.00098306;0.00094668;0.00091038;0.00087510;0.00084090;0.00080774;0.00077601;0.00074567;0.00071682;0.00068916;0.00066236;         ;         ;         ;         ;         ;         ;         ;         ;         ;         ;         ;         ;         ;         ;         
Incidence in men aged 50+;Mean;0.00001172;0.00003729;0.00009428;0.00022531;0.00050241;0.00098659;0.00161543;0.00218926;0.00260792;0.00289872;0.00309032;0.00318558;0.00317731;0.00310147;0.00299488;0.00288555;0.00279979;0.00275590;0.00275430;0.00276990;0.00276174;0.00271759;0.00264409;0.00255470;0.00244038;0.00231211;0.00212611;0.00195600;0.00182029;0.00169219;0.00163383;0.00155307;0.00143499;0.00139032;0.00132548;0.00123350;0.00116808;0.00110279;0.00103477;0.00098145;0.00094187;0.00090577;0.00087239;0.00085551;0.00083996;0.00082490;0.00080982;0.00079437;0.00077818;0.00076110;0.00074308;0.00072400;0.00070396;0.00068311;0.00066171;0.00063989;0.00061783;0.00059568;0.00057359;0.00055175;0.00053018;0.00050899;0.00048818;0.00046832;0.00044936;0.00043118;0.00041406;0.00039788;0.00038263;0.00036793;0.00035342;         ;         ;         ;         ;         ;         ;         ;         ;         ;         ;         ;         ;         ;         ;         
;95% LL;0.00000622;0.00002040;0.00005343;0.00013276;0.00030310;0.00065116;0.00108754;0.00163602;0.00208762;0.00241078;0.00261143;0.00275500;0.00285242;0.00281657;0.00272962;0.00265195;0.00258557;0.00253580;0.00251122;0.00249795;0.00247096;0.00241869;0.00234456;0.00225898;0.00215390;0.00203978;0.00187450;0.00172052;0.00159541;0.00147842;0.00142512;0.00135096;0.00124064;0.00119607;0.00113282;0.00105288;0.00100114;0.00095033;0.00089707;0.00085610;0.00082615;0.00079602;0.00076693;0.00075046;0.00073563;0.00072184;0.00070899;0.00069575;0.00068142;0.00066657;0.00065107;0.00063495;0.00061836;0.00060013;0.00058197;0.00056344;0.00054375;0.00052289;0.00050212;0.00048165;0.00046153;0.00044186;0.00042263;0.00040426;0.00038674;0.00037000;0.00035425;0.00033940;0.00032542;0.00031201;0.00029888;         ;         ;         ;         ;         ;         ;         ;         ;         ;         ;         ;         ;         ;         ;         
;95% UL;0.00001703;0.00005284;0.00013351;0.00032313;0.00074057;0.00140569;0.00214953;0.00268787;0.00311101;0.00330365;0.00348102;0.00352315;0.00349823;0.00340356;0.00327968;0.00316282;0.00306391;0.00303807;0.00306719;0.00313240;0.00315036;0.00310973;0.00303454;0.00293330;0.00280183;0.00265264;0.00243689;0.00225106;0.00210805;0.00196421;0.00189862;0.00181103;0.00168579;0.00164209;0.00157635;0.00147019;0.00138827;0.00130524;0.00121904;0.00115050;0.00109864;0.00105186;0.00100942;0.00098910;0.00097005;0.00095177;0.00093397;0.00091590;0.00089716;0.00087762;0.00085725;0.00083583;0.00081352;0.00079045;0.00076686;0.00074285;0.00071862;0.00069430;0.00067002;0.00064598;0.00062218;0.00059870;0.00057557;0.00055361;0.00053268;0.00051255;0.00049361;0.00047569;0.00045879;0.00044242;0.00042609;         ;         ;         ;         ;         ;         ;         ;         ;         ;         ;         ;         ;         ;         ;         
Incidence in women aged 50+;Mean;0.00000069;0.00000315;0.00000907;0.00002329;0.00005516;0.00011760;0.00021825;0.00034976;0.00050350;0.00067976;0.00088095;0.00110513;0.00134652;0.00159300;0.00183158;0.00204870;0.00223810;0.00240342;0.00254826;0.00265422;0.00269108;0.00266055;0.00258760;0.00250620;0.00240783;0.00230078;0.00215549;0.00207104;0.00202593;0.00198045;0.00198819;0.00196499;0.00190283;0.00191063;0.00188834;0.00183641;0.00181065;0.00177544;0.00172403;0.00168311;0.00165355;0.00162405;0.00159430;0.00158571;0.00157765;0.00156971;0.00156155;0.00155271;0.00154234;0.00152962;0.00151391;0.00149520;0.00147293;0.00144704;0.00141766;0.00138495;0.00134918;0.00131062;0.00126970;0.00122684;0.00118253;0.00113733;0.00109180;0.00104684;0.00100279;0.00095988;0.00091846;0.00087867;0.00084065;0.00080439;0.00076980;         ;         ;         ;         ;         ;         ;         ;         ;         ;         ;         ;         ;         ;         ;         
;95% LL;0.00000035;0.00000164;0.00000497;0.00001400;0.00003559;0.00007926;0.00015788;0.00027238;0.00041273;0.00056791;0.00075144;0.00096188;0.00118258;0.00142213;0.00164099;0.00184425;0.00202263;0.00217992;0.00231799;0.00240373;0.00243387;0.00241753;0.00234481;0.00226351;0.00216259;0.00205776;0.00192362;0.00184606;0.00180550;0.00176151;0.00176093;0.00174140;0.00168643;0.00168996;0.00166160;0.00160919;0.00158529;0.00155727;0.00151544;0.00148056;0.00145695;0.00143288;0.00140291;0.00139076;0.00138192;0.00137239;0.00136310;0.00135365;0.00134291;0.00132834;0.00131145;0.00129229;0.00127142;0.00124873;0.00122357;0.00119607;0.00116636;0.00113468;0.00109932;0.00106241;0.00102376;0.00098336;0.00094275;0.00090264;0.00086483;0.00082950;0.00079338;0.00075876;0.00072575;0.00069441;0.00066655;         ;         ;         ;         ;         ;         ;         ;         ;         ;         ;         ;         ;         ;         ;         
;95% UL;0.00000107;0.00000452;0.00001265;0.00003148;0.00007547;0.00015880;0.00028209;0.00043217;0.00060160;0.00079640;0.00101598;0.00125689;0.00152081;0.00178561;0.00204985;0.00228709;0.00249382;0.00267794;0.00282779;0.00294678;0.00297441;0.00299229;0.00293102;0.00284678;0.00273786;0.00262015;0.00245810;0.00235922;0.00231384;0.00226658;0.00227403;0.00224607;0.00217687;0.00218448;0.00216076;0.00209954;0.00206375;0.00201616;0.00195139;0.00189829;0.00186073;0.00182418;0.00178663;0.00177739;0.00176791;0.00176232;0.00175584;0.00174651;0.00173485;0.00172235;0.00170571;0.00168695;0.00166377;0.00163674;0.00160595;0.00157001;0.00152988;0.00148669;0.00144090;0.00139296;0.00134339;0.00129279;0.00124178;0.00119147;0.00114216;0.00109421;0.00104753;0.00100315;0.00096211;0.00092287;0.00088532;         ;         ;         ;         ;         ;         ;         ;         ;         ;         ;         ;         ;         ;         ;         
HIV incidence in female sex workers;Mean;0.00126527;0.00393985;0.01001380;0.02403100;0.05309540;0.10135700;0.15711800;0.20755600;0.24386300;0.27214600;0.29356400;0.30639200;0.30232400;0.28933700;0.26937000;0.24566500;0.22223700;0.20253900;0.18682000;0.17529600;0.16644300;0.15947100;0.15312500;0.14769100;0.14200200;0.13661800;0.12973700;0.12237800;0.11624800;0.10889500;0.10382000;0.09373820;0.08247080;0.07608280;0.06959560;0.06501700;0.05972910;0.05401280;0.04901740;0.04494310;0.04152600;0.03842420;0.03559180;0.03325980;0.03111460;0.02914270;0.02732800;0.02565640;0.02411720;0.02268830;0.02135210;0.02009940;0.01892670;0.01782750;0.01679510;0.01582270;0.01490630;0.01404240;0.01322820;0.01246110;0.01173860;0.01105800;0.01041690;0.00981372;0.00924639;0.00871307;0.00821221;0.00774220;0.00730169;0.00688931;0.00650320;         ;         ;         ;         ;         ;         ;         ;         ;         ;         ;         ;         ;         ;         ;         
;95% LL;0.00064556;0.00213366;0.00567265;0.01401060;0.02978210;0.06012520;0.09618950;0.13331500;0.16451700;0.18028800;0.19198000;0.20002600;0.19678900;0.18727900;0.17354900;0.15808400;0.14305200;0.13056100;0.12084200;0.11378000;0.10838900;0.10417500;0.10029000;0.09694400;0.09335220;0.08996130;0.08554950;0.08100170;0.07701050;0.07212410;0.06879760;0.06238180;0.05507710;0.05091680;0.04655570;0.04352640;0.04014770;0.03650370;0.03329580;0.03066710;0.02845820;0.02643690;0.02457630;0.02303270;0.02160590;0.02028790;0.01907150;0.01794950;0.01691570;0.01595540;0.01505670;0.01421290;0.01342180;0.01267880;0.01197920;0.01131830;0.01069330;0.01010200;0.00954261;0.00901353;0.00851331;0.00804028;0.00759301;0.00717066;0.00677205;0.00639616;0.00604210;0.00570895;0.00539597;0.00509541;0.00481102;         ;         ;         ;         ;         ;         ;         ;         ;         ;         ;         ;         ;         ;         ;         
;95% UL;0.00182404;0.00584411;0.01518660;0.03695940;0.08347940;0.15916900;0.23720000;0.28918700;0.33685600;0.37827300;0.41042100;0.42961500;0.42381000;0.40492600;0.37964700;0.34734900;0.31508700;0.28763300;0.26529700;0.24859600;0.23503900;0.22438400;0.21460700;0.20683100;0.19957600;0.19143500;0.18097100;0.16957000;0.16041700;0.15017100;0.14299600;0.12834100;0.11245800;0.10375600;0.09502180;0.08921960;0.08172620;0.07366010;0.06661790;0.06087850;0.05633100;0.05217400;0.04829580;0.04512000;0.04219090;0.03943370;0.03695930;0.03479090;0.03279100;0.03093130;0.02918930;0.02755290;0.02592540;0.02447930;0.02312450;0.02179570;0.02054660;0.01942700;0.01836640;0.01736220;0.01640560;0.01546230;0.01457410;0.01373990;0.01295660;0.01222120;0.01153150;0.01088490;0.01027930;0.00971269;0.00917800;         ;         ;         ;         ;         ;         ;         ;         ;         ;         ;         ;         ;         ;         ;         
HIV incidence in FSW clients;Mean;0.00019127;0.00056756;0.00141040;0.00336902;0.00757080;0.01508770;0.02534110;0.03553190;0.04411270;0.05109710;0.05645720;0.05992590;0.06130310;0.06106070;0.05970370;0.05762150;0.05525170;0.05288820;0.05091060;0.04916210;0.04743930;0.04576290;0.04421160;0.04281180;0.04120120;0.03950390;0.03717670;0.03477590;0.03279980;0.03077640;0.02907490;0.02669270;0.02368640;0.02173460;0.01977020;0.01777400;0.01615690;0.01456390;0.01312020;0.01193750;0.01097860;0.01012600;0.00934946;0.00871545;0.00814380;0.00761870;0.00713110;0.00667617;0.00624992;0.00584760;0.00546562;0.00510609;0.00477235;0.00446391;0.00417872;0.00391437;0.00366945;0.00344248;0.00323221;0.00303742;0.00285673;0.00268891;0.00253292;0.00238785;0.00225286;0.00212713;0.00200998;0.00190075;0.00179883;0.00170368;0.00161471;         ;         ;         ;         ;         ;         ;         ;         ;         ;         ;         ;         ;         ;         ;         
;95% LL;0.00010041;0.00030794;0.00079127;0.00197478;0.00474704;0.00989918;0.01771010;0.02727040;0.03622390;0.04369040;0.04949860;0.05346230;0.05542630;0.05589600;0.05544710;0.05375080;0.05186250;0.04937290;0.04727040;0.04545290;0.04372610;0.04209800;0.04061970;0.03930070;0.03781800;0.03629530;0.03415940;0.03190890;0.03003290;0.02811200;0.02653770;0.02432920;0.02149940;0.01966090;0.01777940;0.01591530;0.01447430;0.01308050;0.01182110;0.01079150;0.00995727;0.00920747;0.00851719;0.00794073;0.00741489;0.00692969;0.00647877;0.00605830;0.00566485;0.00529415;0.00494292;0.00461290;0.00430690;0.00402426;0.00376303;0.00352093;0.00329658;0.00308858;0.00289578;0.00271703;0.00255107;0.00239684;0.00225337;0.00211987;0.00199559;0.00187985;0.00177201;0.00167150;0.00157778;0.00149036;0.00140871;         ;         ;         ;         ;         ;         ;         ;         ;         ;         ;         ;         ;         ;         ;         
;95% UL;0.00027518;0.00078945;0.00200370;0.00475679;0.01103160;0.02113620;0.03315110;0.04307100;0.05109020;0.05739250;0.06236540;0.06557250;0.06658550;0.06600450;0.06433420;0.06195570;0.05933100;0.05683280;0.05487130;0.05318580;0.05145350;0.04969890;0.04802930;0.04657610;0.04493610;0.04302060;0.04052130;0.03800570;0.03595570;0.03382890;0.03206130;0.02955930;0.02636650;0.02420520;0.02211080;0.01991880;0.01809990;0.01630350;0.01464570;0.01330360;0.01223320;0.01128910;0.01041230;0.00969462;0.00905359;0.00846141;0.00792547;0.00741676;0.00694059;0.00649726;0.00608160;0.00568252;0.00530940;0.00496470;0.00464610;0.00435091;0.00407761;0.00382451;0.00359703;0.00339392;0.00320555;0.00302220;0.00285162;0.00269306;0.00254327;0.00240094;0.00226839;0.00214487;0.00202969;0.00192322;0.00182563;         ;         ;         ;         ;         ;         ;         ;         ;         ;         ;         ;         ;         ;         ;         
Incidence in men who have sex with men;Mean;0.00028545;0.00060469;0.00111969;0.00207666;0.00388764;0.00726902;0.01349470;0.02317750;0.03591390;0.04960390;0.06139540;0.06953280;0.07423250;0.07621130;0.07621890;0.07478700;0.07241590;0.06945940;0.06656740;0.06383040;0.06112520;0.05852990;0.05594840;0.05362090;0.05100060;0.04810770;0.04509270;0.04270110;0.04087290;0.03900900;0.03739360;0.03470680;0.03035350;0.02674810;0.02416450;0.02230150;0.02097760;0.01953680;0.01817090;0.01715040;0.01630870;0.01553730;0.01480610;0.01417040;0.01358040;0.01302460;0.01249330;0.01197650;0.01146510;0.01095460;0.01044500;0.00994621;0.00946729;0.00901294;0.00858499;0.00818330;0.00780733;0.00745636;0.00712966;0.00682575;0.00654336;0.00628134;0.00603819;0.00580983;0.00559595;0.00539634;0.00520881;0.00503278;0.00486668;0.00471058;0.00456498;         ;         ;         ;         ;         ;         ;         ;         ;         ;         ;         ;         ;         ;         ;         
;95% LL;0.00013804;0.00029132;0.00054136;0.00098176;0.00184228;0.00386855;0.00809891;0.01508000;0.02514150;0.03765410;0.05043390;0.06098250;0.06826190;0.07229970;0.07320950;0.07130140;0.06855520;0.06547640;0.06260200;0.05995030;0.05737230;0.05492770;0.05251650;0.05035900;0.04796460;0.04533540;0.04250830;0.04029510;0.03862100;0.03690510;0.03542200;0.03288330;0.02876490;0.02526440;0.02281680;0.02103700;0.01981090;0.01853290;0.01728250;0.01636460;0.01562260;0.01494390;0.01428350;0.01368520;0.01311420;0.01256390;0.01203500;0.01151830;0.01100560;0.01049290;0.00998124;0.00948058;0.00900025;0.00854486;0.00811616;0.00771388;0.00733740;0.00698589;0.00665854;0.00635389;0.00607065;0.00580772;0.00556365;0.00533454;0.00512004;0.00491990;0.00473198;0.00455564;0.00438936;0.00423309;0.00408724;         ;         ;         ;         ;         ;         ;         ;         ;         ;         ;         ;         ;         ;         ;         
;95% UL;0.00044516;0.00097699;0.00184708;0.00347089;0.00646462;0.01197290;0.02169780;0.03508380;0.05026140;0.06345000;0.07129110;0.07594530;0.07815820;0.07895880;0.07911720;0.07771420;0.07562710;0.07271930;0.06982460;0.06702440;0.06418090;0.06143100;0.05871950;0.05624230;0.05346810;0.05034290;0.04715110;0.04469400;0.04281730;0.04086190;0.03917400;0.03630830;0.03180330;0.02818460;0.02556360;0.02359830;0.02215590;0.02060580;0.01910640;0.01794650;0.01699590;0.01612420;0.01533970;0.01463300;0.01401150;0.01343080;0.01290310;0.01239120;0.01188540;0.01138060;0.01087650;0.01038260;0.00990807;0.00945756;0.00903305;0.00863448;0.00826140;0.00791318;0.00759177;0.00730934;0.00704222;0.00679315;0.00655655;0.00633316;0.00612133;0.00593035;0.00575136;0.00558067;0.00541915;0.00526626;0.00512372;         ;         ;         ;         ;         ;         ;         ;         ;         ;         ;         ;         ;         ;         ;         
Incidence in pregnant and breastfeeding women;Mean;0.00005674;0.00016400;0.00039153;0.00092319;0.00211056;0.00444675;0.00815545;0.01280470;0.01763820;0.02232340;0.02657220;0.03021800;0.03262000;0.03410210;0.03476910;0.03472130;0.03408940;0.03351740;0.03278450;0.03204250;0.03120490;0.03027760;0.02924940;0.02824410;0.02720240;0.02576770;0.02422710;0.02260540;0.02123400;0.02002040;0.01897850;0.01765890;0.01600650;0.01482120;0.01372130;0.01254850;0.01147770;0.01057500;0.00975729;0.00908519;0.00850650;0.00797254;0.00745849;0.00700047;0.00657167;0.00616474;0.00577784;0.00540828;0.00505472;0.00471424;0.00438350;0.00406734;0.00377315;0.00350096;0.00324940;0.00301632;0.00280095;0.00260244;0.00242018;0.00225309;0.00209996;0.00195967;0.00183111;0.00171332;0.00160538;0.00150648;0.00141579;0.00133251;0.00125587;0.00118522;0.00111993;         ;         ;         ;         ;         ;         ;         ;         ;         ;         ;         ;         ;         ;         ;         
;95% LL;0.00002889;0.00008849;0.00021675;0.00055886;0.00140270;0.00317047;0.00607574;0.01007880;0.01480060;0.01985370;0.02443350;0.02850600;0.03107080;0.03278890;0.03370780;0.03368920;0.03306630;0.03246750;0.03172390;0.03098160;0.03015500;0.02924970;0.02821880;0.02722270;0.02618440;0.02478250;0.02327180;0.02168260;0.02031210;0.01913500;0.01809580;0.01678240;0.01514090;0.01394340;0.01283100;0.01167880;0.01067110;0.00982360;0.00905662;0.00841681;0.00787692;0.00736204;0.00689437;0.00648045;0.00607691;0.00569079;0.00532120;0.00496570;0.00462741;0.00430354;0.00399091;0.00369404;0.00342247;0.00317219;0.00294161;0.00272856;0.00253208;0.00234996;0.00217926;0.00202303;0.00188280;0.00175608;0.00164022;0.00153422;0.00143539;0.00134415;0.00126049;0.00118369;0.00111303;0.00105019;0.00099220;         ;         ;         ;         ;         ;         ;         ;         ;         ;         ;         ;         ;         ;         ;         
;95% UL;0.00008519;0.00023222;0.00052884;0.00126212;0.00286946;0.00600625;0.01033190;0.01526300;0.02003030;0.02441630;0.02850300;0.03202420;0.03420390;0.03552810;0.03606740;0.03601270;0.03532180;0.03478640;0.03406570;0.03332770;0.03250050;0.03161770;0.03059490;0.02956790;0.02851590;0.02703960;0.02546460;0.02380370;0.02239370;0.02115100;0.02008410;0.01875350;0.01709260;0.01591500;0.01483000;0.01363280;0.01249960;0.01150270;0.01059420;0.00984491;0.00922674;0.00866872;0.00815860;0.00768667;0.00724026;0.00682431;0.00642522;0.00604283;0.00567532;0.00531251;0.00495263;0.00460744;0.00428544;0.00398682;0.00371013;0.00345300;0.00321472;0.00299451;0.00279184;0.00260559;0.00243126;0.00226918;0.00212057;0.00198441;0.00185978;0.00174579;0.00164152;0.00154603;0.00145847;0.00138034;0.00130651;         ;         ;         ;         ;         ;         ;         ;         ;         ;         ;         ;         ;         ;         ;         
Ratio of new infections to # people living with HIV;Mean;0.57212700;1.03264000;1.27879000;1.38000000;1.35466000;1.20653000;0.97938500;0.74964100;0.57548600;0.45525400;0.36970700;0.30564100;0.25596500;0.21783600;0.18853000;0.16495900;0.14618800;0.13097000;0.11904400;0.10982000;0.10136200;0.09343920;0.08595240;0.07848370;0.07112000;0.06473610;0.05878380;0.05376810;0.04974500;0.04572170;0.04252760;0.03878050;0.03466770;0.03205390;0.02951110;0.02697470;0.02499950;0.02316850;0.02153840;0.02022600;0.01916450;0.01819480;0.01727400;0.01652820;0.01583940;0.01519310;0.01458120;0.01399740;0.01343410;0.01288470;0.01234370;0.01182030;0.01132840;0.01087000;0.01044370;0.01004600;0.00967617;0.00933279;0.00901478;0.00872023;0.00844693;0.00819293;0.00795650;0.00773617;0.00753079;0.00733935;0.00716080;0.00699428;0.00683902;0.00669453;0.00656011;         ;         ;         ;         ;         ;         ;         ;         ;         ;         ;         ;         ;         ;         ;         
;95% LL;0.54587100;0.90648500;1.07433000;1.14571000;1.13745000;1.04903000;0.86989700;0.65744600;0.50819500;0.40550000;0.33316600;0.27848700;0.23577800;0.20269100;0.17639600;0.15562100;0.13898700;0.12525800;0.11437300;0.10591900;0.09806720;0.09068740;0.08364370;0.07654760;0.06946110;0.06333470;0.05757590;0.05276420;0.04880540;0.04479510;0.04157760;0.03781110;0.03366550;0.03100420;0.02840230;0.02589250;0.02401990;0.02232420;0.02082450;0.01962770;0.01865800;0.01772150;0.01684870;0.01610420;0.01542060;0.01477030;0.01415430;0.01356720;0.01300220;0.01245300;0.01191570;0.01139950;0.01091530;0.01045970;0.01003390;0.00963756;0.00926963;0.00892850;0.00861283;0.00832049;0.00804912;0.00779669;0.00756142;0.00734179;0.00713662;0.00694487;0.00676549;0.00659764;0.00644056;0.00629380;0.00615667;         ;         ;         ;         ;         ;         ;         ;         ;         ;         ;         ;         ;         ;         ;         
;95% UL;0.61606000;1.19545000;1.53455000;1.69587000;1.64960000;1.45867000;1.15906000;0.88878400;0.66433000;0.51479000;0.41756100;0.34017400;0.28155700;0.23707400;0.20320700;0.17641800;0.15495000;0.13792300;0.12469500;0.11448700;0.10525500;0.09673250;0.08876260;0.08089710;0.07319580;0.06652510;0.06033880;0.05511410;0.05103410;0.04699310;0.04379060;0.04004000;0.03594760;0.03339400;0.03094610;0.02838590;0.02624540;0.02423000;0.02244310;0.02098390;0.01980970;0.01883380;0.01785780;0.01709460;0.01642220;0.01579160;0.01517420;0.01458380;0.01401420;0.01345830;0.01291020;0.01237910;0.01187990;0.01141480;0.01098210;0.01057810;0.01020230;0.00985314;0.00952979;0.00923030;0.00894539;0.00867801;0.00842956;0.00819852;0.00798374;0.00778419;0.00759872;0.00743374;0.00728223;0.00714175;0.00701155;         ;         ;         ;         ;         ;         ;         ;         ;         ;         ;         ;         ;         ;         ;         
Ratio of new infections in women 15+, to # men 15+ living with HIV;Mean;0.56264100;0.95061000;1.09300000;1.12821000;1.08940000;0.97655500;0.82255600;0.65971000;0.53593900;0.44871200;0.38411000;0.33316100;0.29222300;0.25937300;0.23268400;0.21041600;0.19178100;0.17570600;0.16293900;0.15252300;0.14337500;0.13500500;0.12736100;0.12025700;0.11242100;0.10406700;0.09526440;0.08779480;0.08169920;0.07584230;0.07109950;0.06543680;0.05914420;0.05516160;0.05119120;0.04715020;0.04402770;0.04123370;0.03878390;0.03684590;0.03530180;0.03386880;0.03245600;0.03130550;0.03021550;0.02917840;0.02818230;0.02722050;0.02627760;0.02534510;0.02441430;0.02350770;0.02265780;0.02186860;0.02113900;0.02046290;0.01983920;0.01926590;0.01874170;0.01826230;0.01782350;0.01742110;0.01705150;0.01671140;0.01639850;0.01611090;0.01584630;0.01560300;0.01537940;0.01517490;0.01498830;         ;         ;         ;         ;         ;         ;         ;         ;         ;         ;         ;         ;         ;         ;         
;95% LL;0.52845700;0.84975400;0.95383400;0.98209100;0.94851800;0.85460600;0.70432600;0.55330100;0.45711700;0.38679800;0.33728200;0.29467600;0.25975600;0.23284000;0.21179200;0.19250000;0.17626000;0.16231400;0.15100300;0.14199900;0.13373700;0.12626300;0.11980900;0.11353300;0.10642900;0.09883970;0.09052210;0.08373930;0.07795480;0.07241550;0.06796070;0.06261970;0.05656980;0.05270590;0.04884620;0.04496090;0.04193750;0.03926140;0.03689360;0.03500590;0.03349790;0.03209730;0.03070210;0.02952270;0.02843100;0.02739360;0.02640310;0.02545200;0.02452530;0.02362620;0.02276010;0.02191920;0.02112880;0.02038720;0.01967670;0.01901590;0.01840770;0.01785090;0.01734210;0.01687620;0.01645140;0.01606630;0.01569880;0.01535750;0.01504170;0.01474960;0.01447920;0.01422870;0.01399680;0.01378300;0.01359400;         ;         ;         ;         ;         ;         ;         ;         ;         ;         ;         ;         ;         ;         ;         
;95% UL;0.61555900;1.10667000;1.31172000;1.37098000;1.32331000;1.19116000;1.01181000;0.79246400;0.64380700;0.52792700;0.44333700;0.38359400;0.33266900;0.29371400;0.26206200;0.23571200;0.21363400;0.19467700;0.17963400;0.16733500;0.15639300;0.14641500;0.13750700;0.12942000;0.12059700;0.11129400;0.10161400;0.09332820;0.08656920;0.08028820;0.07526090;0.06927510;0.06267020;0.05852020;0.05452730;0.05025620;0.04708050;0.04401670;0.04143440;0.03939000;0.03778780;0.03631500;0.03485180;0.03370220;0.03257180;0.03149910;0.03046930;0.02947450;0.02849620;0.02752420;0.02654820;0.02559330;0.02469580;0.02386100;0.02309320;0.02239310;0.02173820;0.02112790;0.02057190;0.02006610;0.01960550;0.01918580;0.01880290;0.01845300;0.01812460;0.01783620;0.01757350;0.01733380;0.01711550;0.01691800;0.01674010;         ;         ;         ;         ;         ;         ;         ;         ;         ;         ;         ;         ;         ;         ;         
Ratio of new infections in men 15+, to # women 15+ living with HIV;Mean;0.50262800;1.03967000;1.42645000;1.63341000;1.63944000;1.44974000;1.12608000;0.81231200;0.57915000;0.42448500;0.32042900;0.24716000;0.19388700;0.15501100;0.12647800;0.10523700;0.08941630;0.07771670;0.06916170;0.06267430;0.05749890;0.05316930;0.04950850;0.04633160;0.04317610;0.04018570;0.03678090;0.03346240;0.03073030;0.02813250;0.02603050;0.02349850;0.02059280;0.01874020;0.01695650;0.01523540;0.01390820;0.01263170;0.01149870;0.01060130;0.00989852;0.00928059;0.00872014;0.00828297;0.00789500;0.00754387;0.00721965;0.00691718;0.00663055;0.00635484;0.00608647;0.00582822;0.00558503;0.00535797;0.00514613;0.00494781;0.00476254;0.00458968;0.00442868;0.00427885;0.00413919;0.00400885;0.00388716;0.00377364;0.00366780;0.00356916;0.00347740;0.00339213;0.00331305;0.00323987;0.00317217;         ;         ;         ;         ;         ;         ;         ;         ;         ;         ;         ;         ;         ;         ;         
;95% LL;0.45720700;0.86014200;1.10739000;1.22529000;1.24200000;1.14964000;0.94543900;0.68976400;0.51075800;0.37617700;0.28757200;0.22472300;0.17825900;0.14363800;0.11797400;0.09842000;0.08349960;0.07300480;0.06524150;0.05933710;0.05454060;0.05051890;0.04711510;0.04416390;0.04123070;0.03839310;0.03517500;0.03201400;0.02940500;0.02691870;0.02490460;0.02248910;0.01969930;0.01791860;0.01616360;0.01446410;0.01320890;0.01202410;0.01097710;0.01014650;0.00947357;0.00887973;0.00833949;0.00791400;0.00753531;0.00719227;0.00688036;0.00659186;0.00631862;0.00605405;0.00579000;0.00553916;0.00530298;0.00508246;0.00487961;0.00468504;0.00450323;0.00433344;0.00417510;0.00402745;0.00388949;0.00376041;0.00363958;0.00352651;0.00342077;0.00332192;0.00322965;0.00314361;0.00306354;0.00298915;0.00292007;         ;         ;         ;         ;         ;         ;         ;         ;         ;         ;         ;         ;         ;         ;         
;95% UL;0.55784400;1.28113000;1.87383000;2.16536000;2.07611000;1.77153000;1.39218000;0.97610700;0.67353600;0.48977200;0.36520400;0.27842000;0.21670400;0.17210100;0.13946100;0.11492100;0.09753320;0.08398020;0.07406780;0.06673220;0.06095840;0.05613860;0.05205330;0.04864770;0.04535370;0.04228000;0.03862840;0.03518370;0.03221030;0.02951990;0.02733400;0.02469670;0.02166830;0.01977090;0.01799880;0.01622560;0.01479650;0.01340010;0.01215260;0.01120530;0.01044240;0.00977847;0.00917554;0.00871259;0.00830290;0.00793266;0.00759779;0.00728607;0.00698949;0.00670673;0.00642842;0.00615284;0.00589850;0.00565864;0.00544326;0.00523821;0.00504036;0.00486055;0.00469709;0.00454246;0.00439319;0.00425122;0.00412333;0.00400799;0.00390145;0.00380679;0.00371360;0.00362372;0.00354761;0.00347843;0.00341886;         ;         ;         ;         ;         ;         ;         ;         ;         ;         ;         ;         ;         ;         ;         
New cases of mother-to-child transmission;Mean;77.38330000;156.92600000;330.63700000;731.99100000;1637.47000000;3505.10000000;6852.58000000;11893.00000000;18356.50000000;25864.30000000;33945.90000000;42102.90000000;49303.00000000;55984.40000000;62872.40000000;67867.50000000;71757.90000000;74025.20000000;74849.00000000;76270.60000000;73601.10000000;67982.10000000;59694.20000000;47105.80000000;34374.10000000;26186.60000000;21997.20000000;20047.40000000;18774.90000000;16137.90000000;14241.40000000;12415.40000000;11155.30000000;10273.10000000;9574.45000000;8872.01000000;8215.16000000;7673.83000000;7179.89000000;6752.40000000;6375.29000000;6033.76000000;5710.58000000;5425.75000000;5170.44000000;4926.83000000;4691.78000000;4463.97000000;4242.02000000;4024.14000000;3808.28000000;3594.95000000;3386.93000000;3185.81000000;2992.05000000;2805.64000000;2626.85000000;2456.09000000;2293.83000000;2140.45000000;1996.21000000;1861.21000000;1735.40000000;1618.59000000;1510.53000000;1410.90000000;1319.20000000;1234.85000000;1157.33000000;1086.12000000;1020.72000000;         ;         ;         ;         ;         ;         ;         ;         ;         ;         ;         ;         ;         ;         ;         
;95% LL;37.79820000;82.24750000;181.05300000;443.47800000;1037.85000000;2404.37000000;5078.91000000;9305.59000000;14776.30000000;21790.10000000;29935.30000000;37983.40000000;45467.10000000;52047.40000000;59280.90000000;64580.00000000;68591.40000000;71076.50000000;72018.50000000;73359.40000000;70794.10000000;65407.90000000;57384.60000000;45334.20000000;33125.00000000;25235.70000000;21163.20000000;19261.10000000;18007.80000000;15497.90000000;13654.50000000;11875.50000000;10605.40000000;9720.21000000;8994.18000000;8297.66000000;7672.89000000;7175.47000000;6752.38000000;6367.64000000;6004.72000000;5690.43000000;5379.66000000;5103.50000000;4853.40000000;4615.33000000;4386.90000000;4165.13000000;3946.95000000;3734.38000000;3527.00000000;3323.43000000;3125.95000000;2935.88000000;2753.01000000;2576.82000000;2408.49000000;2248.26000000;2097.27000000;1953.30000000;1818.69000000;1693.00000000;1576.00000000;1467.45000000;1367.09000000;1276.03000000;1191.29000000;1112.72000000;1040.32000000;973.84400000;912.87900000;         ;         ;         ;         ;         ;         ;         ;         ;         ;         ;         ;         ;         ;         ;         
;95% UL;113.76300000;225.01200000;459.93500000;995.41300000;2205.52000000;4645.43000000;8838.89000000;14588.50000000;21682.00000000;29699.00000000;38103.20000000;46430.40000000;53502.40000000;59988.90000000;66642.90000000;71304.70000000;74856.60000000;76775.90000000;77619.90000000;78877.50000000;76118.00000000;70187.50000000;61782.40000000;48867.40000000;35703.70000000;27232.10000000;22918.00000000;20935.20000000;19660.90000000;16929.80000000;14984.30000000;13093.80000000;11826.80000000;10955.30000000;10278.40000000;9572.57000000;8886.03000000;8306.20000000;7770.41000000;7296.34000000;6873.63000000;6481.08000000;6140.55000000;5844.88000000;5581.89000000;5332.21000000;5085.12000000;4856.67000000;4635.21000000;4415.53000000;4195.08000000;3974.40000000;3754.39000000;3536.80000000;3328.89000000;3129.95000000;2938.52000000;2755.13000000;2580.25000000;2412.76000000;2253.56000000;2103.36000000;1964.45000000;1834.58000000;1714.29000000;1603.31000000;1501.17000000;1407.25000000;1320.99000000;1241.83000000;1169.20000000;         ;         ;         ;         ;         ;         ;         ;         ;         ;         ;         ;         ;         ;         ;         
New HIV infections at/before birth;Mean;45.38760000;84.32030000;171.02300000;370.79300000;821.03700000;1756.62000000;3479.94000000;6164.30000000;9762.28000000;14141.10000000;19077.20000000;24376.60000000;28817.90000000;33515.40000000;38748.00000000;42379.60000000;45565.50000000;47664.20000000;49042.60000000;51255.20000000;49460.00000000;45621.20000000;39734.00000000;29289.40000000;18355.90000000;12992.40000000;10880.60000000;9713.40000000;8366.15000000;6249.43000000;5363.36000000;4427.79000000;4033.46000000;3776.88000000;3521.83000000;3251.92000000;3029.58000000;2822.88000000;2631.48000000;2459.04000000;2304.34000000;2164.22000000;2034.48000000;1930.29000000;1836.08000000;1747.05000000;1662.02000000;1580.44000000;1501.42000000;1424.53000000;1349.13000000;1275.03000000;1202.45000000;1131.63000000;1062.74000000;995.86600000;931.22100000;869.02200000;809.51700000;752.98400000;699.67800000;649.73600000;603.20700000;560.06100000;520.22400000;483.59100000;449.95300000;419.08700000;390.82200000;364.98600000;341.39500000;         ;         ;         ;         ;         ;         ;         ;         ;         ;         ;         ;         ;         ;         ;         
;95% LL;22.18700000;43.33280000;93.76360000;222.06800000;518.21600000;1183.65000000;2545.77000000;4820.43000000;7827.56000000;11767.50000000;16562.60000000;21658.90000000;26132.60000000;30872.60000000;36091.70000000;39903.90000000;43191.40000000;45459.70000000;46916.90000000;49078.00000000;47377.30000000;43710.20000000;38063.80000000;28026.00000000;17567.10000000;12424.80000000;10396.50000000;9260.60000000;7941.83000000;5924.39000000;5073.87000000;4182.63000000;3792.70000000;3533.22000000;3282.45000000;3020.66000000;2818.00000000;2632.58000000;2456.29000000;2299.72000000;2157.15000000;2027.30000000;1907.77000000;1808.84000000;1717.23000000;1631.94000000;1548.59000000;1468.38000000;1391.10000000;1318.21000000;1246.41000000;1174.81000000;1104.81000000;1037.05000000;971.64500000;908.59300000;848.01500000;790.03600000;734.81500000;682.53700000;633.37800000;587.28400000;544.60200000;505.01900000;468.44000000;434.79700000;403.84200000;375.34000000;349.13200000;325.67600000;303.90900000;         ;         ;         ;         ;         ;         ;         ;         ;         ;         ;         ;         ;         ;         ;         
;95% UL;67.62960000;123.06500000;240.50300000;508.37900000;1102.90000000;2295.26000000;4497.36000000;7666.83000000;11769.70000000;16483.10000000;21713.00000000;27015.30000000;31548.80000000;36214.40000000;41386.80000000;44928.70000000;47773.10000000;49777.30000000;51044.90000000;53322.80000000;51314.60000000;47344.10000000;41246.80000000;30508.90000000;19139.40000000;13559.70000000;11391.60000000;10201.60000000;8842.45000000;6605.74000000;5689.71000000;4713.99000000;4313.28000000;4065.71000000;3824.41000000;3541.27000000;3295.80000000;3066.70000000;2853.95000000;2660.48000000;2490.23000000;2333.32000000;2185.97000000;2075.12000000;1980.67000000;1888.43000000;1801.26000000;1716.71000000;1633.32000000;1552.10000000;1473.11000000;1396.82000000;1320.10000000;1244.92000000;1171.62000000;1100.31000000;1031.32000000;964.97400000;901.33500000;840.71700000;783.41600000;729.14100000;677.72200000;629.98400000;585.85500000;545.23000000;507.88500000;473.57900000;442.12800000;413.34700000;387.03400000;         ;         ;         ;         ;         ;         ;         ;         ;         ;         ;         ;         ;         ;         ;         
New HIV infections at/before birth, where mother was on ART at delivery;Mean;         ;         ;         ;         ;         ;         ;         ;         ;         ;         ;         ;         ;         ;         ;         ;1.31966000;4.56358000;9.26012000;22.36120000;96.98780000;230.70900000;397.59100000;566.60400000;728.69100000;1066.64000000;1191.39000000;1277.85000000;1686.68000000;1966.87000000;2214.89000000;2165.68000000;2072.75000000;1933.95000000;1843.94000000;1748.56000000;1646.12000000;1564.53000000;1482.13000000;1402.95000000;1327.15000000;1255.78000000;1188.97000000;1125.87000000;1072.46000000;1022.75000000;975.18700000;929.49500000;885.63100000;843.24400000;802.18600000;762.17900000;722.87500000;684.03100000;645.64700000;607.81000000;570.61500000;534.20600000;498.75200000;464.45300000;431.55200000;400.29100000;370.82800000;343.26200000;317.62200000;293.90200000;272.06800000;252.01400000;233.61900000;216.80000000;201.47000000;187.53000000;         ;         ;         ;         ;         ;         ;         ;         ;         ;         ;         ;         ;         ;         ;         
;95% LL;         ;         ;         ;         ;         ;         ;         ;         ;         ;         ;         ;         ;         ;         ;         ;1.25197000;4.33734000;8.80264000;21.20340000;91.88630000;219.47800000;379.06300000;540.80800000;696.68800000;1019.56000000;1137.32000000;1216.21000000;1599.98000000;1863.95000000;2096.47000000;2044.54000000;1950.99000000;1814.54000000;1724.12000000;1628.44000000;1531.22000000;1454.30000000;1377.11000000;1304.80000000;1235.07000000;1169.09000000;1108.96000000;1049.02000000;997.59000000;949.87500000;903.07100000;859.27900000;817.32200000;776.89300000;737.56000000;698.40300000;660.25600000;622.89600000;586.30400000;550.53300000;516.07300000;482.41100000;449.70000000;417.85200000;387.34600000;358.59500000;331.74800000;306.74500000;283.56100000;262.13300000;242.41800000;224.31300000;207.79700000;192.51200000;178.65700000;166.03400000;         ;         ;         ;         ;         ;         ;         ;         ;         ;         ;         ;         ;         ;         ;         
;95% UL;         ;         ;         ;         ;         ;         ;         ;         ;         ;         ;         ;         ;         ;         ;         ;1.38127000;4.76106000;9.64282000;23.35690000;101.36000000;240.98800000;414.93500000;589.21400000;759.37100000;1108.27000000;1240.25000000;1335.52000000;1769.36000000;2066.17000000;2334.88000000;2289.46000000;2201.02000000;2064.22000000;1973.68000000;1879.74000000;1773.21000000;1681.28000000;1587.94000000;1501.34000000;1418.79000000;1342.39000000;1271.41000000;1202.57000000;1147.36000000;1097.33000000;1048.61000000;1003.90000000;960.98500000;918.68300000;875.73100000;833.64600000;792.05600000;750.71000000;709.63600000;668.95700000;628.80100000;589.34700000;551.15800000;514.46600000;479.53700000;445.56600000;413.40300000;383.99600000;355.99600000;330.06600000;306.17100000;284.32300000;264.36200000;246.06800000;229.35300000;213.91100000;         ;         ;         ;         ;         ;         ;         ;         ;         ;         ;         ;         ;         ;         ;         
New HIV infections at/before birth, where mother was not diagnosed positive;Mean;45.38760000;84.32030000;171.02300000;370.79300000;821.03700000;1756.62000000;3479.94000000;6164.30000000;9762.28000000;14141.10000000;19077.20000000;24376.60000000;28817.90000000;33515.40000000;38521.10000000;41570.60000000;43273.90000000;42540.80000000;38008.00000000;35706.00000000;29580.40000000;19670.80000000;12521.30000000;8910.45000000;6083.72000000;3800.11000000;2943.71000000;2535.01000000;2213.41000000;1927.18000000;1647.73000000;1363.54000000;1221.60000000;1129.75000000;1044.34000000;954.10700000;876.49400000;811.52500000;752.03000000;701.86800000;658.69900000;619.80700000;583.12200000;552.94800000;525.46900000;499.33400000;474.24500000;449.98200000;426.24100000;402.84100000;379.55000000;356.60100000;334.48700000;313.36900000;293.28600000;274.19200000;256.11700000;239.07500000;223.08600000;208.14700000;194.24200000;181.34100000;169.40100000;158.37800000;148.22400000;138.89200000;130.31600000;122.43100000;115.18000000;108.50600000;102.35400000;         ;         ;         ;         ;         ;         ;         ;         ;         ;         ;         ;         ;         ;         ;         
;95% LL;22.18700000;43.33280000;93.76360000;222.06800000;518.21600000;1183.65000000;2545.77000000;4820.43000000;7827.56000000;11767.50000000;16562.60000000;21658.90000000;26132.60000000;30872.60000000;35881.80000000;39146.60000000;41023.60000000;40583.40000000;36380.00000000;34223.80000000;28361.10000000;18901.50000000;12039.20000000;8580.23000000;5866.15000000;3664.79000000;2841.64000000;2446.64000000;2127.93000000;1847.69000000;1575.28000000;1297.09000000;1155.25000000;1060.62000000;972.87500000;884.13800000;810.93300000;752.74400000;700.15700000;656.20500000;616.99400000;579.52600000;545.29900000;516.99000000;490.51700000;465.04200000;441.37500000;417.53300000;394.35200000;371.95000000;349.69700000;327.78200000;307.11100000;287.28800000;268.36100000;250.44600000;233.55200000;217.68000000;202.83600000;189.00400000;176.16000000;164.26600000;153.27600000;143.14300000;133.81800000;125.25300000;117.38500000;110.15200000;103.45700000;97.25640000;91.54120000;         ;         ;         ;         ;         ;         ;         ;         ;         ;         ;         ;         ;         ;         ;         
;95% UL;67.62960000;123.06500000;240.50300000;508.37900000;1102.90000000;2295.26000000;4497.36000000;7666.83000000;11769.70000000;16483.10000000;21713.00000000;27015.30000000;31548.80000000;36214.40000000;41143.60000000;44067.20000000;45364.30000000;44412.20000000;39526.00000000;37099.70000000;30634.70000000;20363.80000000;12939.40000000;9226.30000000;6305.96000000;3938.91000000;3060.43000000;2644.02000000;2316.93000000;2028.13000000;1738.79000000;1445.53000000;1304.25000000;1214.77000000;1132.25000000;1040.78000000;956.67000000;881.18100000;814.35700000;757.96900000;708.89200000;666.52700000;629.74300000;598.39000000;570.18300000;543.93200000;517.44700000;491.91300000;468.15300000;444.60900000;420.93300000;396.81900000;373.24500000;350.60800000;328.73500000;308.02100000;288.61800000;270.24500000;253.12300000;236.72700000;221.59400000;207.52200000;194.04400000;181.56400000;170.06900000;159.51100000;149.82100000;140.92700000;132.76200000;125.26300000;118.36300000;         ;         ;         ;         ;         ;         ;         ;         ;         ;         ;         ;         ;         ;         ;         
New HIV infections due to breastfeeding;Mean;31.99570000;72.60620000;159.61400000;361.19800000;816.43400000;1748.47000000;3372.64000000;5728.74000000;8594.24000000;11723.20000000;14868.80000000;17726.30000000;20485.10000000;22469.00000000;24124.40000000;25487.90000000;26192.40000000;26361.00000000;25806.40000000;25015.40000000;24141.00000000;22360.80000000;19960.20000000;17816.40000000;16018.20000000;13194.20000000;11116.60000000;10334.00000000;10408.70000000;9888.51000000;8878.04000000;7987.65000000;7121.82000000;6496.21000000;6052.62000000;5620.09000000;5185.58000000;4850.95000000;4548.41000000;4293.36000000;4070.95000000;3869.54000000;3676.10000000;3495.46000000;3334.36000000;3179.77000000;3029.76000000;2883.53000000;2740.60000000;2599.61000000;2459.15000000;2319.92000000;2184.48000000;2054.18000000;1929.31000000;1809.77000000;1695.63000000;1587.07000000;1484.32000000;1387.47000000;1296.53000000;1211.47000000;1132.19000000;1058.53000000;990.30900000;927.31000000;869.24600000;815.76500000;766.50500000;721.13500000;679.32900000;         ;         ;         ;         ;         ;         ;         ;         ;         ;         ;         ;         ;         ;         ;         
;95% LL;15.89650000;38.91470000;87.28960000;221.41100000;527.61700000;1216.61000000;2532.51000000;4453.78000000;7026.27000000;10022.60000000;13293.10000000;16229.20000000;19198.80000000;21320.30000000;23189.10000000;24669.20000000;25337.00000000;25603.40000000;25040.30000000;24248.80000000;23390.60000000;21666.90000000;19310.20000000;17279.10000000;15526.80000000;12810.30000000;10782.20000000;10009.00000000;10048.00000000;9542.20000000;8554.75000000;7664.71000000;6810.45000000;6187.03000000;5732.74000000;5292.64000000;4868.35000000;4549.33000000;4271.93000000;4037.28000000;3830.55000000;3631.60000000;3448.30000000;3275.61000000;3119.43000000;2968.58000000;2824.11000000;2682.84000000;2542.37000000;2404.71000000;2270.20000000;2137.97000000;2007.84000000;1884.70000000;1767.00000000;1655.77000000;1549.91000000;1449.39000000;1353.59000000;1263.55000000;1179.21000000;1100.47000000;1027.21000000;959.24500000;896.37000000;838.35300000;784.91100000;735.70500000;690.39400000;648.24200000;609.32000000;         ;         ;         ;         ;         ;         ;         ;         ;         ;         ;         ;         ;         ;         ;         
;95% UL;47.01790000;103.37800000;221.73600000;489.67100000;1103.14000000;2369.85000000;4357.22000000;6966.19000000;9951.15000000;13223.80000000;16341.30000000;19092.90000000;21786.20000000;23606.20000000;25119.60000000;26431.40000000;27018.20000000;27089.50000000;26518.90000000;25721.00000000;24827.20000000;23020.70000000;20594.40000000;18391.50000000;16557.90000000;13663.70000000;11548.60000000;10752.90000000;10847.50000000;10326.50000000;9301.01000000;8399.50000000;7522.14000000;6898.53000000;6463.07000000;6038.76000000;5595.77000000;5228.53000000;4888.28000000;4601.91000000;4361.51000000;4143.58000000;3953.20000000;3769.76000000;3603.84000000;3449.88000000;3297.77000000;3144.94000000;2999.68000000;2858.50000000;2716.51000000;2573.35000000;2429.77000000;2290.81000000;2156.01000000;2026.04000000;1901.14000000;1783.36000000;1674.88000000;1572.47000000;1473.53000000;1379.89000000;1291.98000000;1209.07000000;1132.25000000;1061.33000000;996.00300000;935.90500000;880.63000000;829.80100000;783.04100000;         ;         ;         ;         ;         ;         ;         ;         ;         ;         ;         ;         ;         ;         ;         
New HIV infections due to breastfeeding, where mother was on ART at time of transmission;Mean;         ;         ;         ;         ;         ;         ;         ;         ;         ;         ;         ;         ;         ;         ;         ;0.41964500;0.53654900;1.36027000;2.64300000;7.09332000;21.99180000;46.80890000;77.89870000;110.20100000;155.47600000;269.46900000;442.28200000;617.59400000;1081.19000000;1534.53000000;1717.36000000;1670.56000000;1550.28000000;1441.62000000;1367.56000000;1287.16000000;1210.04000000;1143.60000000;1078.34000000;1017.41000000;960.12400000;907.57800000;858.78500000;812.68100000;776.42600000;742.21500000;709.32100000;677.54900000;646.79000000;616.85800000;587.59800000;558.81000000;530.33700000;502.15100000;474.29500000;446.83400000;419.84000000;393.42700000;367.72100000;342.87900000;319.06900000;296.44200000;275.10600000;255.12400000;236.51900000;219.29100000;203.40300000;188.78700000;175.37500000;163.10000000;151.89300000;         ;         ;         ;         ;         ;         ;         ;         ;         ;         ;         ;         ;         ;         ;         
;95% LL;         ;         ;         ;         ;         ;         ;         ;         ;         ;         ;         ;         ;         ;         ;         ;0.39815200;0.51091000;1.29831000;2.52045000;6.76698000;20.99040000;44.66690000;74.42900000;105.46700000;148.97000000;257.77900000;422.19400000;586.27900000;1025.00000000;1451.19000000;1620.32000000;1571.86000000;1454.27000000;1347.67000000;1273.62000000;1193.16000000;1120.94000000;1060.17000000;1001.27000000;945.84200000;893.27400000;844.68900000;800.86500000;756.78700000;721.58700000;688.35800000;656.69500000;626.18000000;596.49000000;566.90700000;538.18100000;510.14100000;482.65300000;455.78800000;429.67800000;404.06800000;379.01100000;354.36000000;330.40000000;307.35800000;285.53900000;265.00900000;245.69300000;227.63000000;210.83300000;195.28900000;180.97300000;167.85200000;155.67500000;144.59600000;134.37400000;         ;         ;         ;         ;         ;         ;         ;         ;         ;         ;         ;         ;         ;         ;         
;95% UL;         ;         ;         ;         ;         ;         ;         ;         ;         ;         ;         ;         ;         ;         ;         ;0.43865100;0.55828000;1.41766000;2.75754000;7.36570000;22.88640000;48.59790000;80.80480000;114.22500000;161.27300000;280.57400000;461.26000000;646.71900000;1134.95000000;1615.71000000;1813.54000000;1770.86000000;1653.50000000;1544.70000000;1472.18000000;1392.69000000;1311.05000000;1233.14000000;1158.79000000;1089.92000000;1028.52000000;970.68400000;918.70800000;869.70900000;833.19400000;799.77700000;767.89300000;735.93600000;704.50800000;673.29400000;642.61600000;612.25400000;582.04600000;551.97300000;522.10100000;492.51800000;463.55500000;435.70800000;408.35800000;381.36500000;355.39700000;330.79400000;307.66100000;285.85200000;265.52400000;246.88200000;229.67000000;213.79800000;199.19800000;185.80500000;173.27300000;         ;         ;         ;         ;         ;         ;         ;         ;         ;         ;         ;         ;         ;         ;         
New HIV infections due to breastfeeding, where mother was not diagnosed positive;Mean;31.99570000;72.60620000;159.61400000;361.19800000;816.43400000;1748.47000000;3372.64000000;5728.74000000;8594.24000000;11723.20000000;14868.80000000;17726.30000000;20485.10000000;22469.00000000;24110.90000000;25424.40000000;26001.20000000;25902.00000000;24808.40000000;23307.00000000;21716.90000000;19128.30000000;15922.20000000;13240.10000000;11339.20000000;9776.99000000;8587.75000000;7764.75000000;7218.54000000;6795.10000000;6314.57000000;5681.07000000;5028.84000000;4570.59000000;4243.96000000;3929.39000000;3608.26000000;3370.02000000;3159.53000000;2989.00000000;2844.43000000;2713.33000000;2584.49000000;2463.71000000;2350.16000000;2239.79000000;2131.98000000;2026.46000000;1922.96000000;1820.44000000;1717.69000000;1615.65000000;1517.00000000;1422.98000000;1333.81000000;1249.26000000;1169.33000000;1094.08000000;1023.59000000;957.77100000;896.46300000;839.47200000;786.59400000;737.62400000;692.36100000;650.60400000;612.12300000;576.65600000;543.93200000;513.70700000;485.74600000;         ;         ;         ;         ;         ;         ;         ;         ;         ;         ;         ;         ;         ;         ;         
;95% LL;15.89650000;38.91470000;87.28960000;221.41100000;527.61700000;1216.61000000;2532.51000000;4453.78000000;7026.27000000;10022.60000000;13293.10000000;16229.20000000;19198.80000000;21320.30000000;23176.50000000;24609.50000000;25154.00000000;25167.40000000;24080.80000000;22625.30000000;21083.10000000;18539.50000000;15468.80000000;12888.70000000;11030.20000000;9484.40000000;8307.59000000;7500.62000000;6953.75000000;6528.17000000;6046.34000000;5423.06000000;4774.75000000;4315.64000000;3985.17000000;3671.54000000;3364.25000000;3147.64000000;2960.63000000;2803.74000000;2671.02000000;2550.84000000;2425.49000000;2303.39000000;2188.65000000;2078.41000000;1972.58000000;1868.88000000;1767.98000000;1668.94000000;1570.71000000;1474.12000000;1381.47000000;1293.81000000;1211.17000000;1133.24000000;1059.88000000;991.06900000;926.78500000;865.75400000;808.95700000;756.21600000;707.31600000;662.05100000;620.22800000;581.65300000;546.10800000;513.35200000;483.68400000;456.55900000;431.44300000;         ;         ;         ;         ;         ;         ;         ;         ;         ;         ;         ;         ;         ;         ;         
;95% UL;47.01790000;103.37800000;221.73600000;489.67100000;1103.14000000;2369.85000000;4357.22000000;6966.19000000;9951.15000000;13223.80000000;16341.30000000;19092.90000000;21786.20000000;23606.20000000;25105.20000000;26363.60000000;26820.80000000;26615.00000000;25487.80000000;23945.50000000;22315.50000000;19700.60000000;16416.90000000;13667.10000000;11749.60000000;10176.40000000;8967.45000000;8122.56000000;7562.47000000;7138.03000000;6648.32000000;6002.35000000;5334.21000000;4874.85000000;4546.31000000;4230.54000000;3895.36000000;3637.08000000;3402.39000000;3215.24000000;3069.32000000;2942.40000000;2818.01000000;2692.08000000;2572.60000000;2456.37000000;2342.76000000;2232.77000000;2129.99000000;2023.36000000;1914.60000000;1806.06000000;1702.67000000;1604.24000000;1509.76000000;1418.48000000;1330.38000000;1247.43000000;1171.24000000;1099.86000000;1031.52000000;967.62500000;908.18500000;852.44500000;800.52300000;752.69300000;708.70700000;668.26900000;631.06100000;596.79300000;565.18000000;         ;         ;         ;         ;         ;         ;         ;         ;         ;         ;         ;         ;         ;         ;         
Total births to HIV-positive mothers;Mean;293.61400000;499.64900000;989.86800000;2142.54000000;4759.02000000;10210.70000000;20248.40000000;35781.00000000;56259.50000000;80557.90000000;107107.00000000;134691.00000000;156388.00000000;178478.00000000;202895.00000000;219287.00000000;235100.00000000;248219.00000000;264545.00000000;289349.00000000;301312.00000000;310890.00000000;319618.00000000;321182.00000000;315748.00000000;316168.00000000;322004.00000000;330212.00000000;335635.00000000;336908.00000000;336273.00000000;332893.00000000;327153.00000000;323677.00000000;318419.00000000;312186.00000000;307849.00000000;301801.00000000;294373.00000000;285810.00000000;276460.00000000;266564.00000000;256334.00000000;245899.00000000;235454.00000000;225162.00000000;215140.00000000;205461.00000000;196085.00000000;186998.00000000;178145.00000000;169447.00000000;160829.00000000;152266.00000000;143758.00000000;135320.00000000;126980.00000000;118781.00000000;110778.00000000;103035.00000000;95622.90000000;88592.10000000;81979.60000000;75803.40000000;70070.30000000;64779.30000000;59910.30000000;55438.10000000;51346.80000000;47618.20000000;44230.30000000;         ;         ;         ;         ;         ;         ;         ;         ;         ;         ;         ;         ;         ;         ;         
;95% LL;143.07900000;255.93900000;542.94000000;1283.90000000;3004.56000000;6842.75000000;14840.00000000;27945.10000000;44904.20000000;67724.90000000;93582.50000000;120575.00000000;142836.00000000;165160.00000000;190593.00000000;207717.00000000;224054.00000000;237185.00000000;252861.00000000;276614.00000000;288455.00000000;297841.00000000;305770.00000000;306635.00000000;301332.00000000;301417.00000000;307050.00000000;314959.00000000;320156.00000000;321480.00000000;320955.00000000;317555.00000000;312283.00000000;309278.00000000;303997.00000000;298015.00000000;293042.00000000;286377.00000000;278450.00000000;269519.00000000;259927.00000000;249821.00000000;239643.00000000;229308.00000000;219110.00000000;209103.00000000;199387.00000000;190029.00000000;180995.00000000;172271.00000000;163811.00000000;155386.00000000;147016.00000000;138776.00000000;130664.00000000;122688.00000000;114869.00000000;107237.00000000;99872.20000000;92723.80000000;85911.10000000;79487.50000000;73460.90000000;67841.90000000;62632.10000000;57826.80000000;53405.30000000;49342.90000000;45647.70000000;42280.30000000;39218.50000000;         ;         ;         ;         ;         ;         ;         ;         ;         ;         ;         ;         ;         ;         ;         
;95% UL;436.77700000;729.99400000;1389.89000000;2950.20000000;6396.54000000;13302.30000000;26221.40000000;44674.30000000;67550.50000000;93415.30000000;120832.00000000;148837.00000000;170530.00000000;191818.00000000;215316.00000000;230210.00000000;245248.00000000;258686.00000000;275106.00000000;300439.00000000;312792.00000000;323023.00000000;332476.00000000;334616.00000000;329411.00000000;329802.00000000;335483.00000000;343639.00000000;349119.00000000;350713.00000000;350539.00000000;347531.00000000;341574.00000000;337952.00000000;332611.00000000;326304.00000000;322716.00000000;316867.00000000;310262.00000000;302339.00000000;293187.00000000;283545.00000000;273450.00000000;262555.00000000;251599.00000000;241282.00000000;231123.00000000;221531.00000000;212401.00000000;203519.00000000;194686.00000000;185528.00000000;176385.00000000;167248.00000000;158124.00000000;149032.00000000;140010.00000000;131109.00000000;122523.00000000;114202.00000000;106152.00000000;98486.10000000;91412.70000000;84759.60000000;78579.70000000;72843.10000000;67505.90000000;62598.10000000;58102.50000000;54001.80000000;50308.20000000;         ;         ;         ;         ;         ;         ;         ;         ;         ;         ;         ;         ;         ;         ;         
Births to HIV+ mothers on ART at delivery;Mean;         ;         ;         ;         ;         ;         ;         ;         ;         ;         ;         ;         ;         ;         ;         ;301.18100000;957.09300000;1729.90000000;2925.52000000;7995.06000000;17750.30000000;31192.30000000;47323.80000000;64118.50000000;96455.00000000;139837.00000000;168084.00000000;229802.00000000;283550.00000000;313548.00000000;318162.00000000;320064.00000000;315837.00000000;313329.00000000;308953.00000000;303601.00000000;299998.00000000;294612.00000000;287782.00000000;279737.00000000;270833.00000000;261326.00000000;251447.00000000;241275.00000000;231056.00000000;220975.00000000;211153.00000000;201667.00000000;192480.00000000;183579.00000000;174911.00000000;166396.00000000;157957.00000000;149567.00000000;141227.00000000;132950.00000000;124765.00000000;116714.00000000;108849.00000000;101238.00000000;93948.80000000;87032.70000000;80526.50000000;74448.80000000;68806.50000000;63598.90000000;58806.60000000;54404.80000000;50378.10000000;46708.80000000;43375.30000000;         ;         ;         ;         ;         ;         ;         ;         ;         ;         ;         ;         ;         ;         ;         
;95% LL;         ;         ;         ;         ;         ;         ;         ;         ;         ;         ;         ;         ;         ;         ;         ;285.77300000;908.78000000;1642.57000000;2781.75000000;7643.62000000;16982.80000000;29837.40000000;45244.80000000;61273.10000000;92238.10000000;133893.00000000;160882.00000000;219646.00000000;271177.00000000;299281.00000000;303498.00000000;305284.00000000;301302.00000000;299173.00000000;294934.00000000;289348.00000000;285459.00000000;279709.00000000;272345.00000000;263882.00000000;254697.00000000;244988.00000000;234989.00000000;224960.00000000;214978.00000000;205172.00000000;195648.00000000;186474.00000000;177620.00000000;169073.00000000;160788.00000000;152573.00000000;144375.00000000;136301.00000000;128348.00000000;120523.00000000;112848.00000000;105353.00000000;98077.30000000;91132.10000000;84391.90000000;78074.10000000;72145.60000000;66617.50000000;61491.50000000;56763.30000000;52412.70000000;48415.40000000;44781.60000000;41461.70000000;38450.10000000;         ;         ;         ;         ;         ;         ;         ;         ;         ;         ;         ;         ;         ;         ;         
;95% UL;         ;         ;         ;         ;         ;         ;         ;         ;         ;         ;         ;         ;         ;         ;         ;315.68700000;1002.28000000;1810.63000000;3057.21000000;8310.57000000;18446.60000000;32490.30000000;49352.60000000;66854.40000000;100405.00000000;145602.00000000;175025.00000000;239335.00000000;295528.00000000;326862.00000000;332073.00000000;334157.00000000;329841.00000000;327447.00000000;322897.00000000;317194.00000000;314442.00000000;309501.00000000;302957.00000000;295658.00000000;287262.00000000;277807.00000000;268240.00000000;257711.00000000;246993.00000000;236737.00000000;226787.00000000;217214.00000000;208272.00000000;199579.00000000;191077.00000000;182251.00000000;173295.00000000;164341.00000000;155394.00000000;146474.00000000;137616.00000000;128872.00000000;120373.00000000;112194.00000000;104292.00000000;96752.20000000;89725.80000000;83231.90000000;77120.00000000;71509.80000000;66269.90000000;61438.50000000;57011.00000000;52971.40000000;49311.80000000;         ;         ;         ;         ;         ;         ;         ;         ;         ;         ;         ;         ;         ;         ;         
Mother-to-child transmission rate;Mean;0.26370400;0.31438400;0.33433200;0.34185500;0.34419300;0.34337100;0.33856500;0.33256100;0.32644500;0.32118900;0.31702600;0.31265300;0.31531100;0.31371600;0.30990600;0.30951700;0.30524500;0.29824700;0.28295600;0.26361400;0.24428800;0.21868900;0.18678600;0.14668200;0.10888400;0.08284230;0.06832900;0.06072440;0.05595070;0.04791160;0.04236120;0.03730500;0.03410610;0.03174560;0.03007450;0.02842360;0.02668990;0.02543070;0.02439410;0.02362920;0.02306440;0.02263950;0.02228250;0.02206970;0.02196440;0.02188610;0.02181290;0.02173160;0.02163850;0.02152460;0.02138230;0.02122070;0.02106410;0.02092750;0.02081780;0.02073790;0.02069140;0.02068150;0.02071050;0.02077750;0.02087910;0.02101160;0.02117120;0.02135470;0.02155920;0.02178150;0.02202060;0.02227500;0.02253960;0.02280870;0.02307670;         ;         ;         ;         ;         ;         ;         ;         ;         ;         ;         ;         ;         ;         ;         
;95% LL;0.25801700;0.30727000;0.32569700;0.33233400;0.33452500;0.33443500;0.33042600;0.32547600;0.32005300;0.31563800;0.31209400;0.30854600;0.31179100;0.31082400;0.30722500;0.30708000;0.30300800;0.29618400;0.28099800;0.26173500;0.24239200;0.21683700;0.18494900;0.14477700;0.10694900;0.08095280;0.06649910;0.05891670;0.05410950;0.04617160;0.04067230;0.03568390;0.03249450;0.03012740;0.02841760;0.02678700;0.02517260;0.02406490;0.02318020;0.02254810;0.02209390;0.02175790;0.02147240;0.02128180;0.02119640;0.02112280;0.02102540;0.02091540;0.02082060;0.02070830;0.02055160;0.02037190;0.02020070;0.02005250;0.01993380;0.01984700;0.01979520;0.01978110;0.01980650;0.01987010;0.01996820;0.02009690;0.02025190;0.02043010;0.02062810;0.02084270;0.02107240;0.02131560;0.02156720;0.02182170;0.02207370;         ;         ;         ;         ;         ;         ;         ;         ;         ;         ;         ;         ;         ;         ;         
;95% UL;0.27085000;0.32375900;0.34578300;0.35465300;0.35730000;0.35492500;0.34904100;0.34240400;0.33483700;0.32804300;0.32263500;0.31750200;0.31958600;0.31751500;0.31317100;0.31258100;0.30808500;0.30090800;0.28541700;0.26591000;0.24664000;0.22102800;0.18916300;0.14914700;0.11126200;0.08507450;0.07047250;0.06282150;0.05806360;0.04988150;0.04423950;0.03908070;0.03589330;0.03350980;0.03186070;0.03024770;0.02840340;0.02699130;0.02580860;0.02487070;0.02416080;0.02371940;0.02329310;0.02303860;0.02294620;0.02289140;0.02284670;0.02277710;0.02267630;0.02255240;0.02240100;0.02224260;0.02210300;0.02199860;0.02190510;0.02184690;0.02182080;0.02178830;0.02182750;0.02191080;0.02202880;0.02217810;0.02235470;0.02255570;0.02277290;0.02300860;0.02326380;0.02353690;0.02382230;0.02411390;0.02440560;         ;         ;         ;         ;         ;         ;         ;         ;         ;         ;         ;         ;         ;         ;         
MTCT rate at/before birth;Mean;0.15460600;0.16877800;0.17275700;0.17303800;0.17251200;0.17204400;0.17187300;0.17228000;0.17350900;0.17551800;0.17808900;0.18095900;0.18425300;0.18776900;0.19096400;0.19325300;0.19380800;0.19202300;0.18538500;0.17714100;0.16415100;0.14674700;0.12432000;0.09119560;0.05813760;0.04109600;0.03379240;0.02941730;0.02492760;0.01855040;0.01595020;0.01330140;0.01232910;0.01166850;0.01105990;0.01041590;0.00984031;0.00935267;0.00893856;0.00860321;0.00833482;0.00811883;0.00793694;0.00785014;0.00779830;0.00775933;0.00772555;0.00769245;0.00765726;0.00761814;0.00757347;0.00752492;0.00747687;0.00743222;0.00739279;0.00735957;0.00733380;0.00731629;0.00730769;0.00730807;0.00731705;0.00733394;0.00735787;0.00738812;0.00742401;0.00746483;0.00750998;0.00755900;0.00761078;0.00766411;0.00771774;         ;         ;         ;         ;         ;         ;         ;         ;         ;         ;         ;         ;         ;         ;         
;95% LL;0.15404400;0.16804800;0.17188200;0.17195800;0.17132800;0.17087400;0.17077900;0.17126000;0.17201500;0.17393600;0.17648200;0.17928900;0.18254100;0.18601300;0.18915800;0.19145200;0.19207700;0.19045300;0.18400900;0.17595200;0.16311300;0.14583100;0.12358200;0.09056450;0.05763800;0.04061020;0.03329590;0.02887940;0.02428670;0.01804260;0.01546570;0.01286430;0.01186820;0.01117610;0.01051600;0.00988071;0.00937697;0.00896394;0.00862162;0.00834003;0.00812580;0.00794825;0.00779731;0.00772511;0.00767873;0.00763673;0.00759973;0.00756390;0.00752670;0.00748656;0.00744205;0.00739478;0.00734429;0.00729646;0.00725446;0.00721919;0.00719182;0.00717310;0.00716357;0.00716325;0.00717170;0.00718816;0.00721167;0.00724146;0.00727678;0.00731686;0.00736103;0.00740877;0.00745897;0.00751039;0.00756181;         ;         ;         ;         ;         ;         ;         ;         ;         ;         ;         ;         ;         ;         ;         
;95% UL;0.15529300;0.16970700;0.17388600;0.17435100;0.17387300;0.17341600;0.17325700;0.17352300;0.17466300;0.17681500;0.17958400;0.18269100;0.18608300;0.18958300;0.19273600;0.19495100;0.19539600;0.19345100;0.18662700;0.17818300;0.16504800;0.14756000;0.12509500;0.09188990;0.05876470;0.04164860;0.03432720;0.03003360;0.02561450;0.01909250;0.01646690;0.01378140;0.01285370;0.01224430;0.01169520;0.01104770;0.01041020;0.00982718;0.00932086;0.00891095;0.00858072;0.00832429;0.00812785;0.00803714;0.00798615;0.00794943;0.00791807;0.00788696;0.00785294;0.00781380;0.00776719;0.00771605;0.00766411;0.00761493;0.00757055;0.00753395;0.00750689;0.00748821;0.00748120;0.00748201;0.00749107;0.00750850;0.00753336;0.00756490;0.00760240;0.00764511;0.00769243;0.00774384;0.00779819;0.00785643;0.00791540;         ;         ;         ;         ;         ;         ;         ;         ;         ;         ;         ;         ;         ;         ;         
MTCT rate at/before birth from HIV-diagnosed mothers;Mean;         ;         ;         ;         ;         ;         ;         ;         ;         ;         ;         ;         ;         ;         ;0.13453800;0.13078800;0.13250700;0.13615700;0.13879900;0.13216300;0.12399700;0.11898100;0.10414200;0.07275590;0.04260190;0.03071160;0.02568310;0.02254910;0.01896820;0.01323820;0.01136420;0.00943561;0.00879013;0.00835123;0.00793498;0.00749657;0.00711458;0.00677334;0.00648394;0.00624042;0.00603978;0.00587710;0.00574207;0.00567980;0.00564395;0.00561832;0.00559720;0.00557767;0.00555809;0.00553759;0.00551555;0.00549190;0.00546748;0.00544354;0.00542119;0.00540119;0.00538422;0.00537074;0.00536104;0.00535530;0.00535353;0.00535548;0.00536075;0.00536903;0.00538000;0.00539334;0.00540875;0.00542598;0.00544456;0.00546399;0.00548379;         ;         ;         ;         ;         ;         ;         ;         ;         ;         ;         ;         ;         ;         ;         
;95% LL;         ;         ;         ;         ;         ;         ;         ;      -inf;         ;         ;         ;         ;         ;         ;0.13296100;0.12902400;0.13085900;0.13470300;0.13754400;0.13112300;0.12313400;0.11824800;0.10349300;0.07227540;0.04227330;0.03043390;0.02537810;0.02216950;0.01849900;0.01289740;0.01104740;0.00915072;0.00847977;0.00800443;0.00754404;0.00711557;0.00678898;0.00651097;0.00628090;0.00608871;0.00593109;0.00580278;0.00569328;0.00564243;0.00561132;0.00558854;0.00556709;0.00554653;0.00552716;0.00550830;0.00548561;0.00546136;0.00543644;0.00541217;0.00538954;0.00536929;0.00535224;0.00533747;0.00532667;0.00532009;0.00531771;0.00531925;0.00532428;0.00533243;0.00534336;0.00535671;0.00537211;0.00538929;0.00540773;0.00542692;0.00544633;         ;         ;         ;         ;         ;         ;         ;         ;         ;         ;         ;         ;         ;         ;         
;95% UL;         ;         ;         ;         ;         ;         ;         ;0.00791143;         ;         ;         ;         ;         ;         ;0.13593900;0.13233700;0.13393300;0.13742100;0.13990000;0.13306600;0.12477800;0.11967200;0.10475700;0.07326470;0.04294210;0.03102970;0.02601720;0.02295660;0.01947040;0.01360070;0.01171950;0.00976618;0.00915546;0.00875431;0.00837122;0.00792576;0.00748611;0.00706960;0.00671798;0.00641330;0.00616541;0.00596245;0.00580389;0.00572883;0.00568764;0.00565942;0.00563630;0.00561672;0.00559688;0.00557615;0.00555366;0.00552937;0.00550505;0.00548239;0.00545965;0.00543925;0.00542354;0.00541133;0.00540260;0.00539742;0.00539667;0.00539872;0.00540386;0.00541179;0.00542250;0.00543586;0.00545128;0.00546856;0.00548724;0.00550753;0.00552824;         ;         ;         ;         ;         ;         ;         ;         ;         ;         ;         ;         ;         ;         ;         
Postnatal MTCT rate to 18 months, from HIV-diagnosed mothers;Mean;         ;         ;         ;         ;         ;         ;         ;         ;         ;         ;         ;         ;         ;         ;0.00799026;0.01015800;0.01075290;0.01172060;0.01196160;0.01363790;0.01385420;0.01344350;0.01391960;0.01448620;0.01413430;0.00974379;0.00704555;0.00701912;0.00826194;0.00767219;0.00640544;0.00601848;0.00555726;0.00515137;0.00492018;0.00468220;0.00441999;0.00423247;0.00406565;0.00392708;0.00381375;0.00372555;0.00365505;0.00359936;0.00358498;0.00357945;0.00357685;0.00357454;0.00357208;0.00356821;0.00356269;0.00355575;0.00354844;0.00354187;0.00353689;0.00353409;0.00353374;0.00353607;0.00354113;0.00354870;0.00355843;0.00357011;0.00358346;0.00359828;0.00361434;0.00363136;0.00364952;0.00366880;0.00368861;0.00370847;0.00372798;         ;         ;         ;         ;         ;         ;         ;         ;         ;         ;         ;         ;         ;         ;         
;95% LL;         ;         ;         ;         ;         ;         ;         ;         ;         ;         ;         ;         ;         ;         ;0.00798392;0.01011400;0.01070770;0.01168200;0.01193220;0.01360460;0.01381970;0.01340820;0.01387660;0.01442870;0.01405820;0.00967610;0.00697957;0.00692763;0.00812180;0.00751753;0.00626280;0.00586164;0.00538872;0.00497153;0.00472344;0.00446844;0.00421852;0.00406240;0.00393159;0.00382055;0.00373097;0.00366071;0.00360800;0.00356023;0.00354735;0.00354159;0.00353786;0.00353396;0.00353129;0.00352692;0.00352071;0.00351265;0.00350413;0.00349742;0.00349232;0.00349061;0.00349007;0.00349203;0.00349687;0.00350427;0.00351358;0.00352497;0.00353810;0.00355276;0.00356866;0.00358551;0.00360342;0.00362235;0.00364171;0.00366098;0.00367973;         ;         ;         ;         ;         ;         ;         ;         ;         ;         ;         ;         ;         ;         ;         
;95% UL;         ;         ;         ;         ;         ;         ;         ;         ;         ;         ;         ;         ;         ;         ;0.00799527;0.01019590;0.01079130;0.01175260;0.01198420;0.01366640;0.01388760;0.01347930;0.01396580;0.01454890;0.01421430;0.00981996;0.00711539;0.00711614;0.00841119;0.00783714;0.00656360;0.00619321;0.00575305;0.00536687;0.00515177;0.00493721;0.00465571;0.00443074;0.00422706;0.00405273;0.00390917;0.00380503;0.00372063;0.00365504;0.00363829;0.00363410;0.00363108;0.00362838;0.00362566;0.00362221;0.00361784;0.00361250;0.00360647;0.00359945;0.00359392;0.00359163;0.00359276;0.00359641;0.00360113;0.00360706;0.00361520;0.00362537;0.00363733;0.00365166;0.00366785;0.00368506;0.00370341;0.00372365;0.00374503;0.00376611;0.00378673;         ;         ;         ;         ;         ;         ;         ;         ;         ;         ;         ;         ;         ;         ;         
;;         ;         ;         ;         ;         ;         ;         ;         ;         ;         ;         ;         ;         ;         ;         ;         ;         ;         ;         ;         ;         ;         ;         ;         ;         ;         ;         ;         ;         ;         ;         ;         ;         ;         ;         ;         ;         ;         ;         ;         ;         ;         ;         ;         ;         ;         ;         ;         ;         ;         ;         ;         ;         ;         ;         ;         ;         ;         ;         ;         ;         ;         ;         ;         ;         ;         ;         ;         ;         ;         ;         ;         ;         ;         ;         ;         ;         ;         ;         ;         ;         ;         ;         ;         ;         ;         
HIV prevalence statistics;;         ;         ;         ;         ;         ;         ;         ;         ;         ;         ;         ;         ;         ;         ;         ;         ;         ;         ;         ;         ;         ;         ;         ;         ;         ;         ;         ;         ;         ;         ;         ;         ;         ;         ;         ;         ;         ;         ;         ;         ;         ;         ;         ;         ;         ;         ;         ;         ;         ;         ;         ;         ;         ;         ;         ;         ;         ;         ;         ;         ;         ;         ;         ;         ;         ;         ;         ;         ;         ;         ;         ;         ;         ;         ;         ;         ;         ;         ;         ;         ;         ;         ;         ;         ;         ;         
;;         ;         ;         ;         ;         ;         ;         ;         ;         ;         ;         ;         ;         ;         ;         ;         ;         ;         ;         ;         ;         ;         ;         ;         ;         ;         ;         ;         ;         ;         ;         ;         ;         ;         ;         ;         ;         ;         ;         ;         ;         ;         ;         ;         ;         ;         ;         ;         ;         ;         ;         ;         ;         ;         ;         ;         ;         ;         ;         ;         ;         ;         ;         ;         ;         ;         ;         ;         ;         ;         ;         ;         ;         ;         ;         ;         ;         ;         ;         ;         ;         ;         ;         ;         ;         ;         
Total people living with HIV;Mean;1970.47000000;3063.27000000;6099.47000000;13584.80000000;31635.00000000;72989.20000000;158613.00000000;311554.00000000;540020.00000000;841349.00000000;1207820.00000000;1626660.00000000;2062390.00000000;2506090.00000000;2941780.00000000;3356590.00000000;3738820.00000000;4092800.00000000;4405510.00000000;4676750.00000000;4908610.00000000;5114810.00000000;5326170.00000000;5534020.00000000;5738500.00000000;5940410.00000000;6148720.00000000;6369130.00000000;6597310.00000000;6824950.00000000;7042110.00000000;7247930.00000000;7437080.00000000;7605030.00000000;7760180.00000000;7898260.00000000;8010640.00000000;8113390.00000000;8217020.00000000;8310240.00000000;8394280.00000000;8470050.00000000;8537160.00000000;8595120.00000000;8644640.00000000;8685450.00000000;8717310.00000000;8740100.00000000;8753010.00000000;8756100.00000000;8749470.00000000;8733140.00000000;8707250.00000000;8672090.00000000;8627960.00000000;8575180.00000000;8514040.00000000;8444830.00000000;8367860.00000000;8283390.00000000;8191730.00000000;8093130.00000000;7987860.00000000;7876180.00000000;7758340.00000000;7634580.00000000;7505140.00000000;7370250.00000000;7230170.00000000;7085140.00000000;6935430.00000000;         ;         ;         ;         ;         ;         ;         ;         ;         ;         ;         ;         ;         ;         ;         
;95% LL;955.02800000;1537.40000000;3259.80000000;7525.77000000;18733.30000000;45686.70000000;107305.00000000;224780.00000000;408643.00000000;667833.00000000;1002590.00000000;1396780.00000000;1829680.00000000;2271930.00000000;2710700.00000000;3131390.00000000;3525930.00000000;3894210.00000000;4224010.00000000;4515580.00000000;4766410.00000000;4992190.00000000;5214210.00000000;5416600.00000000;5615950.00000000;5813140.00000000;6017150.00000000;6233310.00000000;6456570.00000000;6678800.00000000;6890520.00000000;7091270.00000000;7275550.00000000;7438330.00000000;7588080.00000000;7720620.00000000;7828120.00000000;7926270.00000000;8025200.00000000;8113810.00000000;8193360.00000000;8264800.00000000;8327780.00000000;8381850.00000000;8427480.00000000;8464400.00000000;8492410.00000000;8511410.00000000;8520620.00000000;8520150.00000000;8510080.00000000;8490470.00000000;8461490.00000000;8423440.00000000;8376630.00000000;8321390.00000000;8258020.00000000;8186810.00000000;8108070.00000000;8022060.00000000;7929080.00000000;7829390.00000000;7723250.00000000;7610910.00000000;7492620.00000000;7368620.00000000;7239140.00000000;7104420.00000000;6964710.00000000;6820240.00000000;6671310.00000000;         ;         ;         ;         ;         ;         ;         ;         ;         ;         ;         ;         ;         ;         ;         
;95% UL;2888.63000000;4446.32000000;8647.81000000;18726.70000000;43147.40000000;99802.50000000;216913.00000000;410869.00000000;677539.00000000;1014720.00000000;1404050.00000000;1846140.00000000;2310080.00000000;2755890.00000000;3184740.00000000;3587840.00000000;3955300.00000000;4294590.00000000;4592630.00000000;4844190.00000000;5055890.00000000;5251950.00000000;5467350.00000000;5679070.00000000;5888960.00000000;6091180.00000000;6296230.00000000;6523610.00000000;6759180.00000000;6996180.00000000;7221160.00000000;7434390.00000000;7632670.00000000;7809530.00000000;7972780.00000000;8116340.00000000;8233340.00000000;8341910.00000000;8453850.00000000;8555980.00000000;8644140.00000000;8724970.00000000;8798170.00000000;8860440.00000000;8915250.00000000;8967550.00000000;9005560.00000000;9032140.00000000;9047780.00000000;9053250.00000000;9050840.00000000;9036950.00000000;9013160.00000000;8979760.00000000;8937060.00000000;8885380.00000000;8825010.00000000;8754910.00000000;8675040.00000000;8587390.00000000;8493430.00000000;8395330.00000000;8290410.00000000;8181320.00000000;8063970.00000000;7938170.00000000;7806410.00000000;7669560.00000000;7527990.00000000;7381210.00000000;7229500.00000000;         ;         ;         ;         ;         ;         ;         ;         ;         ;         ;         ;         ;         ;         ;         
Total males aged 15+ who are living with HIV;Mean;873.07000000;1409.15000000;3003.83000000;7006.67000000;16707.80000000;38857.80000000;83649.30000000;161899.00000000;273805.00000000;414145.00000000;576412.00000000;753039.00000000;925281.00000000;1090920.00000000;1243650.00000000;1379360.00000000;1495810.00000000;1600230.00000000;1686100.00000000;1755260.00000000;1809590.00000000;1854770.00000000;1903080.00000000;1952200.00000000;2004380.00000000;2059620.00000000;2121340.00000000;2187860.00000000;2260150.00000000;2333850.00000000;2404910.00000000;2472070.00000000;2533340.00000000;2586410.00000000;2634610.00000000;2677200.00000000;2709680.00000000;2737740.00000000;2765640.00000000;2788550.00000000;2805860.00000000;2818660.00000000;2827860.00000000;2833630.00000000;2836080.00000000;2834490.00000000;2829380.00000000;2820570.00000000;2808220.00000000;2792520.00000000;2773510.00000000;2751240.00000000;2725860.00000000;2697480.00000000;2666270.00000000;2632380.00000000;2595950.00000000;2557110.00000000;2516010.00000000;2472780.00000000;2427570.00000000;2380510.00000000;2331750.00000000;2281410.00000000;2229640.00000000;2176560.00000000;2122310.00000000;2067020.00000000;2010820.00000000;1953860.00000000;1896280.00000000;         ;         ;         ;         ;         ;         ;         ;         ;         ;         ;         ;         ;         ;         ;         
;95% LL;423.15200000;711.51700000;1607.18000000;3856.01000000;9554.91000000;23490.30000000;54780.70000000;112140.00000000;204940.00000000;320504.00000000;470297.00000000;630431.00000000;793216.00000000;954975.00000000;1104720.00000000;1246170.00000000;1376750.00000000;1480450.00000000;1568860.00000000;1646820.00000000;1710370.00000000;1764820.00000000;1815770.00000000;1869530.00000000;1924350.00000000;1982640.00000000;2040980.00000000;2104870.00000000;2175980.00000000;2250510.00000000;2322560.00000000;2389430.00000000;2450560.00000000;2503440.00000000;2551370.00000000;2593670.00000000;2626040.00000000;2653950.00000000;2681460.00000000;2703730.00000000;2720200.00000000;2732000.00000000;2740090.00000000;2744710.00000000;2745920.00000000;2743060.00000000;2736690.00000000;2726650.00000000;2713120.00000000;2696300.00000000;2676250.00000000;2653040.00000000;2626820.00000000;2597730.00000000;2565930.00000000;2531560.00000000;2494780.00000000;2455700.00000000;2414460.00000000;2371200.00000000;2326050.00000000;2279160.00000000;2230660.00000000;2180670.00000000;2129340.00000000;2076790.00000000;2023150.00000000;1968560.00000000;1913150.00000000;1857060.00000000;1800430.00000000;         ;         ;         ;         ;         ;         ;         ;         ;         ;         ;         ;         ;         ;         ;         
;95% UL;1279.89000000;2056.07000000;4253.26000000;9768.57000000;23606.00000000;53937.90000000;116263.00000000;217742.00000000;350498.00000000;508469.00000000;682737.00000000;867852.00000000;1043900.00000000;1219160.00000000;1366440.00000000;1494280.00000000;1607400.00000000;1703580.00000000;1789070.00000000;1855480.00000000;1909060.00000000;1944820.00000000;1990990.00000000;2034150.00000000;2085590.00000000;2141280.00000000;2203530.00000000;2271140.00000000;2346740.00000000;2422190.00000000;2494780.00000000;2563100.00000000;2625250.00000000;2679030.00000000;2728020.00000000;2771300.00000000;2804080.00000000;2832410.00000000;2860850.00000000;2884630.00000000;2903050.00000000;2917120.00000000;2927660.00000000;2934750.00000000;2938540.00000000;2938230.00000000;2934320.00000000;2926600.00000000;2915230.00000000;2900370.00000000;2882070.00000000;2860380.00000000;2835390.00000000;2807250.00000000;2776110.00000000;2742130.00000000;2705460.00000000;2666920.00000000;2626870.00000000;2584610.00000000;2540280.00000000;2494020.00000000;2445930.00000000;2393480.00000000;2339460.00000000;2284000.00000000;2227260.00000000;2173030.00000000;2117940.00000000;2062000.00000000;2003370.00000000;         ;         ;         ;         ;         ;         ;         ;         ;         ;         ;         ;         ;         ;         ;         
Total females aged 15+ who are living with HIV;Mean;1097.40000000;1587.46000000;2913.18000000;6152.80000000;13957.30000000;31939.10000000;70176.70000000;139899.00000000;248216.00000000;397193.00000000;585547.00000000;808614.00000000;1048200.00000000;1300290.00000000;1555470.00000000;1804980.00000000;2041170.00000000;2261870.00000000;2461320.00000000;2638280.00000000;2792130.00000000;2931660.00000000;3075660.00000000;3219740.00000000;3365380.00000000;3511170.00000000;3658690.00000000;3815950.00000000;3977080.00000000;4138390.00000000;4296150.00000000;4449080.00000000;4593860.00000000;4727370.00000000;4853950.00000000;4971340.00000000;5073760.00000000;5170840.00000000;5268320.00000000;5358460.00000000;5440670.00000000;5515900.00000000;5584960.00000000;5647800.00000000;5704620.00000000;5754600.00000000;5798220.00000000;5835220.00000000;5865250.00000000;5888460.00000000;5904870.00000000;5914480.00000000;5917400.00000000;5913830.00000000;5903970.00000000;5888010.00000000;5866120.00000000;5838470.00000000;5805210.00000000;5766500.00000000;5722500.00000000;5673330.00000000;5619120.00000000;5559980.00000000;5496030.00000000;5427370.00000000;5354110.00000000;5276350.00000000;5194190.00000000;5107750.00000000;5017150.00000000;         ;         ;         ;         ;         ;         ;         ;         ;         ;         ;         ;         ;         ;         ;         
;95% LL;531.87600000;793.23600000;1536.31000000;3362.88000000;8531.23000000;20826.30000000;49338.50000000;105080.00000000;196522.00000000;322316.00000000;490904.00000000;699705.00000000;932277.00000000;1183230.00000000;1442080.00000000;1699070.00000000;1942370.00000000;2162320.00000000;2365850.00000000;2544140.00000000;2706740.00000000;2850330.00000000;2999920.00000000;3144090.00000000;3288080.00000000;3430720.00000000;3576610.00000000;3728340.00000000;3887510.00000000;4046610.00000000;4199500.00000000;4347730.00000000;4487860.00000000;4617090.00000000;4741820.00000000;4857610.00000000;4956200.00000000;5048780.00000000;5141490.00000000;5226630.00000000;5303960.00000000;5375340.00000000;5440670.00000000;5499970.00000000;5552880.00000000;5597080.00000000;5636830.00000000;5671770.00000000;5699990.00000000;5721630.00000000;5735310.00000000;5740900.00000000;5740030.00000000;5732880.00000000;5719670.00000000;5700770.00000000;5679620.00000000;5649260.00000000;5613470.00000000;5572430.00000000;5527560.00000000;5478610.00000000;5424800.00000000;5366260.00000000;5301410.00000000;5230880.00000000;5155860.00000000;5078440.00000000;4996820.00000000;4911090.00000000;4821360.00000000;         ;         ;         ;         ;         ;         ;         ;         ;         ;         ;         ;         ;         ;         ;         
;95% UL;1608.74000000;2345.95000000;4161.90000000;8485.21000000;18863.20000000;43128.20000000;94361.90000000;179758.00000000;307037.00000000;472662.00000000;675101.00000000;912080.00000000;1157790.00000000;1413050.00000000;1665530.00000000;1910180.00000000;2140250.00000000;2360200.00000000;2556600.00000000;2736500.00000000;2884120.00000000;3023190.00000000;3166510.00000000;3309650.00000000;3456910.00000000;3604400.00000000;3756130.00000000;3919100.00000000;4084620.00000000;4250880.00000000;4414000.00000000;4571330.00000000;4720710.00000000;4860280.00000000;4994180.00000000;5116400.00000000;5222490.00000000;5323280.00000000;5424870.00000000;5519510.00000000;5605710.00000000;5685280.00000000;5758580.00000000;5825550.00000000;5887160.00000000;5942660.00000000;5991610.00000000;6031660.00000000;6064250.00000000;6091750.00000000;6112190.00000000;6125480.00000000;6130300.00000000;6128330.00000000;6119750.00000000;6106610.00000000;6089260.00000000;6065890.00000000;6034480.00000000;5997350.00000000;5954710.00000000;5908910.00000000;5857130.00000000;5798140.00000000;5734070.00000000;5665030.00000000;5591140.00000000;5512500.00000000;5429240.00000000;5341470.00000000;5249320.00000000;         ;         ;         ;         ;         ;         ;         ;         ;         ;         ;         ;         ;         ;         ;         
Total children (<15) who are living with HIV;Mean;         ;66.65270000;182.45900000;425.34000000;969.89400000;2192.27000000;4787.08000000;9755.10000000;17998.80000000;30010.80000000;45865.70000000;65002.10000000;88906.40000000;114888.00000000;142655.00000000;172245.00000000;201837.00000000;230702.00000000;258082.00000000;283217.00000000;306893.00000000;328376.00000000;347436.00000000;362077.00000000;368741.00000000;369620.00000000;368689.00000000;365321.00000000;360075.00000000;352698.00000000;341059.00000000;326779.00000000;309872.00000000;291253.00000000;271632.00000000;249716.00000000;227200.00000000;204809.00000000;183057.00000000;163231.00000000;147747.00000000;135486.00000000;124336.00000000;113693.00000000;103942.00000000;96359.90000000;89720.40000000;84318.50000000;79537.70000000;75129.70000000;71094.70000000;67417.40000000;63993.00000000;60773.20000000;57716.10000000;54787.00000000;51967.30000000;49252.20000000;46640.70000000;44112.30000000;41661.80000000;39290.20000000;36999.20000000;34791.20000000;32671.10000000;30643.70000000;28713.90000000;26884.00000000;25154.70000000;23526.00000000;21997.10000000;         ;         ;         ;         ;         ;         ;         ;         ;         ;         ;         ;         ;         ;         ;         
;95% LL;         ;32.64290000;94.48750000;232.75800000;543.22400000;1367.28000000;3185.92000000;6934.55000000;13746.90000000;24018.10000000;37630.10000000;54616.10000000;76499.60000000;101809.00000000;128306.00000000;157392.00000000;186567.00000000;215921.00000000;242717.00000000;268014.00000000;292712.00000000;315623.00000000;335110.00000000;349771.00000000;357314.00000000;358893.00000000;358390.00000000;354700.00000000;349350.00000000;342127.00000000;330851.00000000;316919.00000000;300282.00000000;281791.00000000;262540.00000000;240879.00000000;218840.00000000;197047.00000000;176052.00000000;156584.00000000;141247.00000000;129134.00000000;118221.00000000;108092.00000000;98614.80000000;91251.10000000;84866.90000000;79488.70000000;74905.90000000;70776.70000000;66858.80000000;63329.20000000;60040.60000000;56928.50000000;53968.40000000;51158.20000000;48428.10000000;45791.20000000;43254.20000000;40828.90000000;38510.20000000;36285.30000000;34114.90000000;32013.90000000;30004.70000000;28090.40000000;26273.80000000;24569.30000000;22937.00000000;21413.90000000;19987.10000000;         ;         ;         ;         ;         ;         ;         ;         ;         ;         ;         ;         ;         ;         ;         
;95% UL;         ;97.84330000;262.61600000;594.26200000;1322.19000000;2951.15000000;6356.06000000;12791.90000000;22627.40000000;36432.60000000;53852.50000000;74734.70000000;100434.00000000;127917.00000000;156926.00000000;187027.00000000;217366.00000000;246500.00000000;273732.00000000;298781.00000000;321844.00000000;343273.00000000;360834.00000000;373814.00000000;379927.00000000;379681.00000000;378251.00000000;374670.00000000;369544.00000000;362168.00000000;350717.00000000;336857.00000000;320179.00000000;301614.00000000;281731.00000000;259490.00000000;236683.00000000;213847.00000000;191900.00000000;171713.00000000;156045.00000000;143537.00000000;132123.00000000;121183.00000000;111136.00000000;103332.00000000;96477.00000000;90877.90000000;85831.90000000;81051.60000000;76620.90000000;72718.30000000;69126.80000000;65757.70000000;62604.50000000;59475.60000000;56608.90000000;53845.60000000;51170.50000000;48560.90000000;46011.50000000;43524.60000000;41103.80000000;38753.70000000;36481.50000000;34295.40000000;32203.00000000;30209.50000000;28317.80000000;26529.80000000;24846.20000000;         ;         ;         ;         ;         ;         ;         ;         ;         ;         ;         ;         ;         ;         ;         
Total people living with HIV, aged 15-24;Mean;670.76700000;956.27700000;1754.61000000;3622.76000000;7962.94000000;17738.50000000;38300.60000000;76613.20000000;137436.00000000;222484.00000000;329652.00000000;452490.00000000;575015.00000000;692230.00000000;797271.00000000;885844.00000000;955728.00000000;1005490.00000000;1035380.00000000;1046860.00000000;1041670.00000000;1023020.00000000;1002110.00000000;974226.00000000;943261.00000000;910761.00000000;875446.00000000;845999.00000000;818622.00000000;794753.00000000;774706.00000000;756760.00000000;739485.00000000;720863.00000000;702567.00000000;685677.00000000;668094.00000000;650996.00000000;637563.00000000;624890.00000000;608770.00000000;590811.00000000;571342.00000000;551133.00000000;528364.00000000;497922.00000000;463943.00000000;426980.00000000;388423.00000000;351234.00000000;319081.00000000;291126.00000000;265100.00000000;240257.00000000;217286.00000000;197939.00000000;180905.00000000;166501.00000000;153961.00000000;142780.00000000;132893.00000000;124212.00000000;116511.00000000;109626.00000000;103380.00000000;97666.20000000;92410.50000000;87542.10000000;83003.70000000;78735.70000000;74699.50000000;         ;         ;         ;         ;         ;         ;         ;         ;         ;         ;         ;         ;         ;         ;         
;95% LL;325.10100000;475.71000000;923.24200000;1991.28000000;4759.75000000;11187.40000000;25956.70000000;56300.10000000;107356.00000000;182907.00000000;281048.00000000;397329.00000000;514006.00000000;629344.00000000;736312.00000000;827920.00000000;896691.00000000;949382.00000000;982437.00000000;995517.00000000;991496.00000000;974571.00000000;955414.00000000;929552.00000000;900898.00000000;870338.00000000;837219.00000000;809566.00000000;783726.00000000;762138.00000000;745445.00000000;729193.00000000;711508.00000000;692633.00000000;675270.00000000;659178.00000000;641836.00000000;625879.00000000;613494.00000000;600782.00000000;585476.00000000;568577.00000000;549436.00000000;528932.00000000;506433.00000000;476041.00000000;442337.00000000;405610.00000000;367984.00000000;331907.00000000;300925.00000000;274127.00000000;249260.00000000;225487.00000000;203219.00000000;184607.00000000;168297.00000000;154571.00000000;142639.00000000;132081.00000000;122738.00000000;114674.00000000;107630.00000000;100993.00000000;95093.40000000;89750.10000000;84639.90000000;80130.50000000;75889.00000000;71794.50000000;67932.00000000;         ;         ;         ;         ;         ;         ;         ;         ;         ;         ;         ;         ;         ;         ;         
;95% UL;983.31800000;1401.47000000;2513.38000000;4988.14000000;10776.20000000;24051.00000000;50987.00000000;99543.40000000;169950.00000000;264302.00000000;381952.00000000;510964.00000000;635811.00000000;754062.00000000;856988.00000000;944463.00000000;1009320.00000000;1057670.00000000;1087450.00000000;1098060.00000000;1092360.00000000;1069710.00000000;1045670.00000000;1016640.00000000;984033.00000000;950386.00000000;914697.00000000;885324.00000000;856629.00000000;831529.00000000;811426.00000000;794127.00000000;777029.00000000;758025.00000000;736712.00000000;719020.00000000;700225.00000000;681361.00000000;666819.00000000;654061.00000000;637386.00000000;618370.00000000;596590.00000000;577401.00000000;555364.00000000;524434.00000000;490222.00000000;452498.00000000;412835.00000000;374362.00000000;341169.00000000;312200.00000000;285152.00000000;259304.00000000;235336.00000000;214931.00000000;197033.00000000;181882.00000000;168608.00000000;156803.00000000;146328.00000000;136987.00000000;128632.00000000;121143.00000000;114337.00000000;108107.00000000;102377.00000000;97068.70000000;92121.40000000;87468.20000000;83065.90000000;         ;         ;         ;         ;         ;         ;         ;         ;         ;         ;         ;         ;         ;         ;         
Total males aged 15-24 who are living with HIV;Mean;171.26400000;230.91900000;417.97300000;847.43600000;1821.27000000;3989.19000000;8504.86000000;17367.30000000;31919.80000000;52829.40000000;79521.30000000;110011.00000000;139676.00000000;167509.00000000;191830.00000000;211751.00000000;226869.00000000;236825.00000000;241456.00000000;241237.00000000;236810.00000000;229143.00000000;221932.00000000;213473.00000000;205093.00000000;197264.00000000;190083.00000000;184704.00000000;181000.00000000;179228.00000000;179394.00000000;180529.00000000;181903.00000000;182779.00000000;183367.00000000;184433.00000000;185276.00000000;185948.00000000;186755.00000000;186598.00000000;183937.00000000;179320.00000000;173396.00000000;166453.00000000;158361.00000000;147596.00000000;135689.00000000;123133.00000000;110545.00000000;98896.50000000;89528.30000000;81943.50000000;74914.20000000;68140.20000000;61860.50000000;56809.40000000;52388.20000000;48774.60000000;45630.40000000;42814.30000000;40309.10000000;38088.00000000;36075.20000000;34226.90000000;32510.90000000;30900.00000000;29377.00000000;27934.60000000;26568.20000000;25262.80000000;24010.10000000;         ;         ;         ;         ;         ;         ;         ;         ;         ;         ;         ;         ;         ;         ;         
;95% LL;83.00680000;112.82300000;214.44700000;453.06500000;1006.54000000;2310.14000000;5257.02000000;11623.40000000;23213.20000000;40997.10000000;64487.10000000;92240.80000000;119962.00000000;148255.00000000;171790.00000000;191348.00000000;205937.00000000;215162.00000000;219940.00000000;219921.00000000;216191.00000000;209421.00000000;203256.00000000;195711.00000000;188316.00000000;181477.00000000;175092.00000000;170510.00000000;167606.00000000;166692.00000000;167774.00000000;169865.00000000;171815.00000000;173717.00000000;175388.00000000;177488.00000000;178925.00000000;180067.00000000;181021.00000000;180961.00000000;178369.00000000;173951.00000000;168423.00000000;161728.00000000;153869.00000000;143322.00000000;131545.00000000;119172.00000000;106882.00000000;95486.90000000;86165.60000000;78587.70000000;71592.40000000;64890.80000000;58723.80000000;53801.70000000;49524.30000000;46059.80000000;43074.60000000;40425.80000000;38091.90000000;36032.80000000;34109.90000000;32312.20000000;30622.10000000;29064.80000000;27575.60000000;26165.20000000;24826.90000000;23541.40000000;22340.00000000;         ;         ;         ;         ;         ;         ;         ;         ;         ;         ;         ;         ;         ;         ;         
;95% UL;251.06700000;332.01100000;592.64800000;1176.38000000;2488.89000000;5393.02000000;11436.30000000;23063.90000000;40946.60000000;64943.10000000;94249.30000000;128311.00000000;160634.00000000;188563.00000000;213030.00000000;233409.00000000;247978.00000000;258752.00000000;262929.00000000;262502.00000000;257067.00000000;248483.00000000;240412.00000000;231410.00000000;222235.00000000;213431.00000000;204529.00000000;198523.00000000;194051.00000000;191433.00000000;190831.00000000;191474.00000000;192208.00000000;191904.00000000;191520.00000000;191869.00000000;192192.00000000;192776.00000000;192977.00000000;192527.00000000;189701.00000000;184897.00000000;179000.00000000;171810.00000000;163520.00000000;152578.00000000;140370.00000000;127578.00000000;114772.00000000;102933.00000000;93446.10000000;85870.30000000;78954.10000000;72081.50000000;65547.50000000;60323.60000000;55703.10000000;51951.60000000;48694.20000000;45802.10000000;43218.90000000;40921.70000000;38834.20000000;36913.40000000;35126.10000000;33443.90000000;31849.80000000;30362.00000000;28957.60000000;27614.70000000;26323.80000000;         ;         ;         ;         ;         ;         ;         ;         ;         ;         ;         ;         ;         ;         ;         
Total females aged 15-24 who are living with HIV;Mean;499.50200000;725.35800000;1336.63000000;2775.33000000;6141.67000000;13749.30000000;29795.70000000;59245.90000000;105516.00000000;169655.00000000;250131.00000000;342479.00000000;435339.00000000;524721.00000000;605442.00000000;674094.00000000;728859.00000000;768661.00000000;793925.00000000;805627.00000000;804863.00000000;793875.00000000;780177.00000000;760753.00000000;738168.00000000;713497.00000000;685363.00000000;661295.00000000;637621.00000000;615525.00000000;595312.00000000;576231.00000000;557582.00000000;538084.00000000;519200.00000000;501244.00000000;482818.00000000;465048.00000000;450808.00000000;438292.00000000;424832.00000000;411491.00000000;397946.00000000;384680.00000000;370003.00000000;350326.00000000;328253.00000000;303848.00000000;277878.00000000;252338.00000000;229553.00000000;209183.00000000;190186.00000000;172116.00000000;155426.00000000;141129.00000000;128516.00000000;117726.00000000;108330.00000000;99966.10000000;92583.70000000;86124.00000000;80435.50000000;75399.30000000;70869.00000000;66766.20000000;63033.50000000;59607.60000000;56435.50000000;53472.90000000;50689.40000000;         ;         ;         ;         ;         ;         ;         ;         ;         ;         ;         ;         ;         ;         ;         
;95% LL;242.09400000;362.88700000;703.05800000;1527.29000000;3707.21000000;8877.24000000;20699.70000000;43453.90000000;83269.10000000;139207.00000000;212563.00000000;300792.00000000;394930.00000000;481012.00000000;559734.00000000;633248.00000000;688940.00000000;729925.00000000;755416.00000000;767794.00000000;767614.00000000;758144.00000000;745602.00000000;727204.00000000;707023.00000000;683315.00000000;657129.00000000;634562.00000000;611520.00000000;590003.00000000;570143.00000000;550770.00000000;532202.00000000;513927.00000000;495564.00000000;478255.00000000;460460.00000000;443524.00000000;430023.00000000;418064.00000000;404758.00000000;391466.00000000;377938.00000000;364651.00000000;350027.00000000;330400.00000000;308423.00000000;284925.00000000;260118.00000000;235458.00000000;213542.00000000;194363.00000000;176353.00000000;159090.00000000;143360.00000000;130036.00000000;118184.00000000;108033.00000000;99273.60000000;91475.20000000;84669.90000000;78753.90000000;73427.90000000;68684.70000000;64409.30000000;60532.10000000;57002.10000000;53811.00000000;50854.90000000;48081.20000000;45504.90000000;         ;         ;         ;         ;         ;         ;         ;         ;         ;         ;         ;         ;         ;         ;         
;95% UL;732.25100000;1073.95000000;1916.23000000;3848.77000000;8295.16000000;18698.80000000;39618.10000000;76732.60000000;129772.00000000;200152.00000000;286422.00000000;383546.00000000;479960.00000000;568209.00000000;646628.00000000;714166.00000000;767747.00000000;804668.00000000;829272.00000000;840661.00000000;839443.00000000;828128.00000000;813348.00000000;792530.00000000;768222.00000000;744667.00000000;717115.00000000;694136.00000000;670434.00000000;647585.00000000;627940.00000000;609268.00000000;590605.00000000;569067.00000000;548209.00000000;529157.00000000;510777.00000000;492058.00000000;477846.00000000;465200.00000000;450219.00000000;435746.00000000;422259.00000000;410030.00000000;395140.00000000;374625.00000000;351468.00000000;325875.00000000;298645.00000000;271859.00000000;247948.00000000;226529.00000000;206503.00000000;187396.00000000;169694.00000000;154484.00000000;141026.00000000;129480.00000000;119401.00000000;110398.00000000;102421.00000000;95424.50000000;89238.80000000;83743.50000000;78788.00000000;74293.40000000;70201.40000000;66530.70000000;63138.90000000;59961.00000000;56965.40000000;         ;         ;         ;         ;         ;         ;         ;         ;         ;         ;         ;         ;         ;         ;         
Total people living with HIV, aged 15-49;Mean;1970.47000000;2958.24000000;5772.11000000;12746.40000000;29598.00000000;68228.00000000;148180.00000000;290760.00000000;502974.00000000;781609.00000000;1118750.00000000;1502000.00000000;1894610.00000000;2290430.00000000;2674060.00000000;3033080.00000000;3358100.00000000;3652920.00000000;3906680.00000000;4120190.00000000;4295150.00000000;4445060.00000000;4601240.00000000;4754620.00000000;4908240.00000000;5060280.00000000;5214330.00000000;5376960.00000000;5541170.00000000;5700340.00000000;5847970.00000000;5981990.00000000;6097380.00000000;6188660.00000000;6262180.00000000;6315900.00000000;6343050.00000000;6349340.00000000;6339020.00000000;6307310.00000000;6254140.00000000;6182310.00000000;6094200.00000000;5989440.00000000;5866820.00000000;5723170.00000000;5559080.00000000;5375410.00000000;5175490.00000000;4964830.00000000;4748990.00000000;4529260.00000000;4312720.00000000;4101960.00000000;3898400.00000000;3702890.00000000;3516020.00000000;3338720.00000000;3170860.00000000;3011700.00000000;2860250.00000000;2715740.00000000;2578440.00000000;2452250.00000000;2333710.00000000;2219170.00000000;2108820.00000000;2000450.00000000;1894550.00000000;1789120.00000000;1680040.00000000;         ;         ;         ;         ;         ;         ;         ;         ;         ;         ;         ;         ;         ;         ;         
;95% LL;955.02800000;1484.28000000;3081.65000000;7061.23000000;17537.80000000;42752.90000000;100422.00000000;209760.00000000;381379.00000000;622306.00000000;931714.00000000;1295210.00000000;1688740.00000000;2082750.00000000;2470730.00000000;2837620.00000000;3173980.00000000;3488610.00000000;3762930.00000000;3992380.00000000;4177410.00000000;4339210.00000000;4502310.00000000;4652240.00000000;4802700.00000000;4951910.00000000;5103410.00000000;5263400.00000000;5424320.00000000;5579680.00000000;5723270.00000000;5853430.00000000;5965020.00000000;6052130.00000000;6121190.00000000;6170200.00000000;6192950.00000000;6195140.00000000;6180860.00000000;6145360.00000000;6088600.00000000;6013430.00000000;5922290.00000000;5814860.00000000;5689810.00000000;5544080.00000000;5378390.00000000;5193700.00000000;4993440.00000000;4783180.00000000;4568480.00000000;4350720.00000000;4136900.00000000;3929580.00000000;3729050.00000000;3537140.00000000;3354430.00000000;3181790.00000000;3016680.00000000;2860440.00000000;2712370.00000000;2572140.00000000;2440530.00000000;2319670.00000000;2204720.00000000;2092070.00000000;1984970.00000000;1882120.00000000;1781710.00000000;1681840.00000000;1576910.00000000;         ;         ;         ;         ;         ;         ;         ;         ;         ;         ;         ;         ;         ;         ;         
;95% UL;2888.63000000;4293.46000000;8171.44000000;17572.00000000;40342.40000000;93206.50000000;202596.00000000;383008.00000000;629915.00000000;941243.00000000;1298980.00000000;1705690.00000000;2115400.00000000;2511080.00000000;2885970.00000000;3231870.00000000;3541290.00000000;3819610.00000000;4055990.00000000;4251760.00000000;4422610.00000000;4573380.00000000;4729280.00000000;4885540.00000000;5040390.00000000;5193710.00000000;5349290.00000000;5514160.00000000;5681440.00000000;5844040.00000000;5995240.00000000;6134060.00000000;6254490.00000000;6349950.00000000;6428210.00000000;6487830.00000000;6523520.00000000;6535960.00000000;6527660.00000000;6503720.00000000;6457000.00000000;6391610.00000000;6310980.00000000;6213270.00000000;6097200.00000000;5952070.00000000;5780190.00000000;5591960.00000000;5403230.00000000;5203210.00000000;4997000.00000000;4771430.00000000;4547890.00000000;4329100.00000000;4116560.00000000;3921510.00000000;3731840.00000000;3547730.00000000;3377860.00000000;3210780.00000000;3051290.00000000;2898750.00000000;2753560.00000000;2620150.00000000;2496510.00000000;2376630.00000000;2260870.00000000;2146930.00000000;2035390.00000000;1925560.00000000;1811690.00000000;         ;         ;         ;         ;         ;         ;         ;         ;         ;         ;         ;         ;         ;         ;         
Total males aged 15-49 who are living with HIV;Mean;873.07000000;1379.86000000;2884.89000000;6655.80000000;15787.50000000;36632.20000000;78774.50000000;152456.00000000;257751.00000000;389570.00000000;541517.00000000;706151.00000000;865219.00000000;1016850.00000000;1155220.00000000;1276760.00000000;1379670.00000000;1470220.00000000;1542950.00000000;1599750.00000000;1642510.00000000;1676210.00000000;1713320.00000000;1750050.00000000;1788300.00000000;1827960.00000000;1871720.00000000;1918000.00000000;1967010.00000000;2015260.00000000;2059340.00000000;2098130.00000000;2129560.00000000;2151180.00000000;2165810.00000000;2172990.00000000;2169950.00000000;2158680.00000000;2141000.00000000;2115420.00000000;2081840.00000000;2041700.00000000;1996260.00000000;1945660.00000000;1889650.00000000;1827170.00000000;1758930.00000000;1685450.00000000;1608270.00000000;1529420.00000000;1450810.00000000;1373220.00000000;1298970.00000000;1228610.00000000;1162360.00000000;1100290.00000000;1042480.00000000;988862.00000000;939139.00000000;892687.00000000;849085.00000000;807892.00000000;769067.00000000;733331.00000000;699578.00000000;666819.00000000;634783.00000000;602873.00000000;571167.00000000;539593.00000000;507223.00000000;         ;         ;         ;         ;         ;         ;         ;         ;         ;         ;         ;         ;         ;         ;         
;95% LL;423.15200000;695.52300000;1542.78000000;3661.23000000;9026.44000000;22146.20000000;51609.70000000;105848.00000000;193462.00000000;302572.00000000;443200.00000000;593596.00000000;745900.00000000;894943.00000000;1031790.00000000;1165520.00000000;1270010.00000000;1359450.00000000;1439910.00000000;1505090.00000000;1556420.00000000;1593030.00000000;1633260.00000000;1666780.00000000;1709300.00000000;1752930.00000000;1794170.00000000;1838480.00000000;1885850.00000000;1932930.00000000;1976480.00000000;2015370.00000000;2047450.00000000;2070150.00000000;2086100.00000000;2094920.00000000;2093730.00000000;2082730.00000000;2064490.00000000;2038230.00000000;2003920.00000000;1963080.00000000;1917050.00000000;1866030.00000000;1809770.00000000;1747310.00000000;1679380.00000000;1606600.00000000;1530480.00000000;1453070.00000000;1376260.00000000;1300800.00000000;1228930.00000000;1161170.00000000;1097670.00000000;1038450.00000000;983541.00000000;932789.00000000;885858.00000000;842087.00000000;801004.00000000;762133.00000000;725393.00000000;691503.00000000;659385.00000000;628085.00000000;597386.00000000;566736.00000000;536240.00000000;505845.00000000;474637.00000000;         ;         ;         ;         ;         ;         ;         ;         ;         ;         ;         ;         ;         ;         ;         
;95% UL;1279.89000000;2013.69000000;4083.07000000;9270.59000000;22343.10000000;50790.30000000;109265.00000000;204522.00000000;329351.00000000;476532.00000000;639603.00000000;812353.00000000;974785.00000000;1131130.00000000;1262910.00000000;1379390.00000000;1476260.00000000;1564960.00000000;1636390.00000000;1691320.00000000;1724670.00000000;1759480.00000000;1793170.00000000;1826630.00000000;1866190.00000000;1907670.00000000;1955450.00000000;2000690.00000000;2049450.00000000;2096940.00000000;2144000.00000000;2183540.00000000;2211040.00000000;2233210.00000000;2247080.00000000;2254970.00000000;2252520.00000000;2241820.00000000;2224820.00000000;2200070.00000000;2167360.00000000;2128060.00000000;2083330.00000000;2033260.00000000;1977570.00000000;1915660.00000000;1847650.00000000;1773920.00000000;1695220.00000000;1615330.00000000;1535320.00000000;1455340.00000000;1377920.00000000;1303940.00000000;1234730.00000000;1169440.00000000;1108000.00000000;1050780.00000000;997675.00000000;948134.00000000;901596.00000000;857662.00000000;816334.00000000;778349.00000000;742568.00000000;707967.00000000;674217.00000000;640686.00000000;607927.00000000;576276.00000000;543238.00000000;         ;         ;         ;         ;         ;         ;         ;         ;         ;         ;         ;         ;         ;         ;         
Total females aged 15-49 who are living with HIV;Mean;1097.40000000;1578.39000000;2887.22000000;6090.58000000;13810.60000000;31595.80000000;69405.70000000;138304.00000000;245222.00000000;392040.00000000;577234.00000000;795849.00000000;1029390.00000000;1273590.00000000;1518840.00000000;1756320.00000000;1978430.00000000;2182700.00000000;2363730.00000000;2520440.00000000;2652630.00000000;2768850.00000000;2887920.00000000;3004580.00000000;3119930.00000000;3232320.00000000;3342610.00000000;3458960.00000000;3574160.00000000;3685080.00000000;3788620.00000000;3883850.00000000;3967810.00000000;4037480.00000000;4096370.00000000;4142910.00000000;4173090.00000000;4190650.00000000;4198020.00000000;4191890.00000000;4172300.00000000;4140610.00000000;4097930.00000000;4043780.00000000;3977180.00000000;3896000.00000000;3800160.00000000;3689960.00000000;3567220.00000000;3435420.00000000;3298190.00000000;3156040.00000000;3013750.00000000;2873350.00000000;2736040.00000000;2602600.00000000;2473540.00000000;2349860.00000000;2231720.00000000;2119010.00000000;2011160.00000000;1907850.00000000;1809370.00000000;1718920.00000000;1634130.00000000;1552350.00000000;1474040.00000000;1397580.00000000;1323380.00000000;1249530.00000000;1172820.00000000;         ;         ;         ;         ;         ;         ;         ;         ;         ;         ;         ;         ;         ;         ;         
;95% LL;531.87600000;788.75800000;1522.91000000;3329.83000000;8441.53000000;20606.80000000;48812.50000000;103969.00000000;193959.00000000;317943.00000000;483822.00000000;688721.00000000;915875.00000000;1159590.00000000;1410470.00000000;1654570.00000000;1885480.00000000;2090670.00000000;2276890.00000000;2437870.00000000;2579180.00000000;2700970.00000000;2821320.00000000;2937500.00000000;3048940.00000000;3159260.00000000;3270820.00000000;3384210.00000000;3498290.00000000;3606410.00000000;3707110.00000000;3799530.00000000;3880630.00000000;3947400.00000000;4002800.00000000;4046800.00000000;4074190.00000000;4088830.00000000;4093110.00000000;4084120.00000000;4061460.00000000;4028940.00000000;3983600.00000000;3924600.00000000;3853300.00000000;3769410.00000000;3675160.00000000;3556320.00000000;3429350.00000000;3294680.00000000;3156500.00000000;3011540.00000000;2868210.00000000;2727980.00000000;2593210.00000000;2462550.00000000;2334680.00000000;2212540.00000000;2098030.00000000;1989830.00000000;1886970.00000000;1788510.00000000;1694670.00000000;1606860.00000000;1524230.00000000;1445550.00000000;1370820.00000000;1298080.00000000;1227560.00000000;1157180.00000000;1083900.00000000;         ;         ;         ;         ;         ;         ;         ;         ;         ;         ;         ;         ;         ;         ;         
;95% UL;1608.74000000;2332.43000000;4125.85000000;8394.63000000;18675.30000000;42680.70000000;93368.20000000;177747.00000000;303028.00000000;466277.00000000;665270.00000000;897241.00000000;1134830.00000000;1381770.00000000;1623430.00000000;1855200.00000000;2070990.00000000;2273440.00000000;2451540.00000000;2609140.00000000;2735820.00000000;2852960.00000000;2968640.00000000;3086350.00000000;3202610.00000000;3316800.00000000;3430630.00000000;3551820.00000000;3671480.00000000;3785420.00000000;3893370.00000000;3991450.00000000;4078070.00000000;4151690.00000000;4210390.00000000;4260690.00000000;4294520.00000000;4314600.00000000;4327200.00000000;4323470.00000000;4306840.00000000;4277960.00000000;4240620.00000000;4191890.00000000;4130430.00000000;4052420.00000000;3955780.00000000;3847430.00000000;3729810.00000000;3600710.00000000;3465080.00000000;3324440.00000000;3182600.00000000;3043080.00000000;2903490.00000000;2767000.00000000;2634260.00000000;2508520.00000000;2388280.00000000;2273370.00000000;2162820.00000000;2056360.00000000;1953300.00000000;1858080.00000000;1768640.00000000;1685930.00000000;1603270.00000000;1524990.00000000;1448510.00000000;1371730.00000000;1291210.00000000;         ;         ;         ;         ;         ;         ;         ;         ;         ;         ;         ;         ;         ;         ;         
Total people living with HIV, aged 25-49;Mean;1299.70000000;2001.97000000;4017.51000000;9123.61000000;21635.10000000;50489.50000000;109880.00000000;214147.00000000;365538.00000000;559125.00000000;789099.00000000;1049510.00000000;1319600.00000000;1598200.00000000;1876790.00000000;2147240.00000000;2402370.00000000;2647430.00000000;2871300.00000000;3073320.00000000;3253470.00000000;3422040.00000000;3599140.00000000;3780400.00000000;3964980.00000000;4149520.00000000;4338880.00000000;4530960.00000000;4722540.00000000;4905590.00000000;5073260.00000000;5225230.00000000;5357890.00000000;5467800.00000000;5559610.00000000;5630220.00000000;5674950.00000000;5698340.00000000;5701450.00000000;5682420.00000000;5645370.00000000;5591500.00000000;5522850.00000000;5438310.00000000;5338460.00000000;5225240.00000000;5095140.00000000;4948430.00000000;4787070.00000000;4613600.00000000;4429910.00000000;4238140.00000000;4047620.00000000;3861710.00000000;3681110.00000000;3504950.00000000;3335120.00000000;3172220.00000000;3016900.00000000;2868920.00000000;2727350.00000000;2591530.00000000;2461930.00000000;2342630.00000000;2230330.00000000;2121500.00000000;2016410.00000000;1912910.00000000;1811540.00000000;1710390.00000000;1605340.00000000;         ;         ;         ;         ;         ;         ;         ;         ;         ;         ;         ;         ;         ;         ;         
;95% LL;629.92600000;1007.92000000;2158.41000000;5069.95000000;12776.10000000;31565.50000000;74465.50000000;149220.00000000;272717.00000000;444581.00000000;657204.00000000;901668.00000000;1167850.00000000;1446910.00000000;1725230.00000000;2001470.00000000;2264390.00000000;2526680.00000000;2763220.00000000;2970880.00000000;3164430.00000000;3341150.00000000;3517270.00000000;3693460.00000000;3873570.00000000;4054310.00000000;4240490.00000000;4429710.00000000;4618420.00000000;4798720.00000000;4964040.00000000;5114170.00000000;5245420.00000000;5351080.00000000;5437640.00000000;5502580.00000000;5541670.00000000;5559450.00000000;5557080.00000000;5532740.00000000;5490640.00000000;5432130.00000000;5359340.00000000;5271270.00000000;5168430.00000000;5052800.00000000;4920990.00000000;4773350.00000000;4611860.00000000;4439090.00000000;4256850.00000000;4067320.00000000;3879700.00000000;3697280.00000000;3520700.00000000;3348640.00000000;3182580.00000000;3023960.00000000;2873310.00000000;2728380.00000000;2589630.00000000;2457210.00000000;2332700.00000000;2218200.00000000;2110430.00000000;2002300.00000000;1901070.00000000;1800620.00000000;1704350.00000000;1608390.00000000;1507970.00000000;         ;         ;         ;         ;         ;         ;         ;         ;         ;         ;         ;         ;         ;         ;         
;95% UL;1905.31000000;2913.35000000;5677.01000000;12631.80000000;29731.80000000;69375.90000000;150670.00000000;284721.00000000;460861.00000000;669685.00000000;922277.00000000;1204310.00000000;1478390.00000000;1758840.00000000;2029350.00000000;2289150.00000000;2533960.00000000;2773590.00000000;2989820.00000000;3187780.00000000;3365550.00000000;3522750.00000000;3699920.00000000;3885990.00000000;4066150.00000000;4257850.00000000;4454880.00000000;4654280.00000000;4852280.00000000;5040410.00000000;5213100.00000000;5367700.00000000;5503170.00000000;5614520.00000000;5712720.00000000;5785030.00000000;5830700.00000000;5858800.00000000;5870630.00000000;5860150.00000000;5830030.00000000;5781320.00000000;5717230.00000000;5636430.00000000;5539540.00000000;5429710.00000000;5305860.00000000;5158800.00000000;4991210.00000000;4822470.00000000;4649180.00000000;4461980.00000000;4269860.00000000;4077050.00000000;3887890.00000000;3708470.00000000;3538430.00000000;3366860.00000000;3208830.00000000;3053750.00000000;2904920.00000000;2761760.00000000;2624930.00000000;2498940.00000000;2381230.00000000;2267540.00000000;2157470.00000000;2048820.00000000;1943030.00000000;1838100.00000000;1728530.00000000;         ;         ;         ;         ;         ;         ;         ;         ;         ;         ;         ;         ;         ;         ;         
Total males aged 25-49 who are living with HIV;Mean;701.80500000;1148.94000000;2466.92000000;5808.36000000;13966.20000000;32643.00000000;70269.60000000;135089.00000000;225831.00000000;336740.00000000;461995.00000000;596140.00000000;725543.00000000;849339.00000000;963388.00000000;1065010.00000000;1152800.00000000;1233390.00000000;1301500.00000000;1358510.00000000;1405700.00000000;1447060.00000000;1491390.00000000;1536570.00000000;1583210.00000000;1630690.00000000;1681640.00000000;1733300.00000000;1786010.00000000;1836030.00000000;1879950.00000000;1917610.00000000;1947660.00000000;1968400.00000000;1982440.00000000;1988560.00000000;1984670.00000000;1972740.00000000;1954240.00000000;1928820.00000000;1897900.00000000;1862380.00000000;1822870.00000000;1779210.00000000;1731290.00000000;1679570.00000000;1623240.00000000;1562320.00000000;1497720.00000000;1430520.00000000;1361280.00000000;1291280.00000000;1224050.00000000;1160470.00000000;1100500.00000000;1043480.00000000;990095.00000000;940088.00000000;893509.00000000;849873.00000000;808776.00000000;769804.00000000;732992.00000000;699104.00000000;667067.00000000;635919.00000000;605406.00000000;574939.00000000;544599.00000000;514330.00000000;483213.00000000;         ;         ;         ;         ;         ;         ;         ;         ;         ;         ;         ;         ;         ;         ;         
;95% LL;340.14500000;581.34400000;1324.16000000;3208.17000000;8019.90000000;19836.00000000;45543.70000000;93332.10000000;166585.00000000;260568.00000000;374723.00000000;497970.00000000;623632.00000000;746231.00000000;860974.00000000;965633.00000000;1062050.00000000;1150680.00000000;1218930.00000000;1281790.00000000;1335570.00000000;1382660.00000000;1431400.00000000;1480120.00000000;1525580.00000000;1569050.00000000;1616400.00000000;1664990.00000000;1714950.00000000;1762700.00000000;1805000.00000000;1841630.00000000;1871600.00000000;1892360.00000000;1906340.00000000;1912880.00000000;1910030.00000000;1899230.00000000;1881740.00000000;1855260.00000000;1823360.00000000;1786990.00000000;1746820.00000000;1702730.00000000;1654610.00000000;1602970.00000000;1547010.00000000;1486810.00000000;1423300.00000000;1357540.00000000;1290090.00000000;1222210.00000000;1157330.00000000;1096280.00000000;1038950.00000000;984648.00000000;934016.00000000;886729.00000000;842784.00000000;801661.00000000;762912.00000000;726100.00000000;691232.00000000;659071.00000000;628571.00000000;598802.00000000;569563.00000000;540303.00000000;511132.00000000;482006.00000000;452016.00000000;         ;         ;         ;         ;         ;         ;         ;         ;         ;         ;         ;         ;         ;         ;         
;95% UL;1028.82000000;1676.30000000;3486.01000000;8157.56000000;19590.60000000;45644.90000000;98463.60000000;181124.00000000;288973.00000000;414688.00000000;548086.00000000;684157.00000000;818757.00000000;945279.00000000;1057690.00000000;1152010.00000000;1236360.00000000;1313510.00000000;1377320.00000000;1430560.00000000;1473650.00000000;1515490.00000000;1556500.00000000;1604950.00000000;1649570.00000000;1699350.00000000;1750490.00000000;1802120.00000000;1858000.00000000;1910780.00000000;1957430.00000000;1997130.00000000;2025630.00000000;2043460.00000000;2055560.00000000;2063010.00000000;2060320.00000000;2049840.00000000;2032910.00000000;2008050.00000000;1978340.00000000;1943900.00000000;1905290.00000000;1862280.00000000;1814760.00000000;1763220.00000000;1708220.00000000;1647240.00000000;1580750.00000000;1512420.00000000;1441760.00000000;1370370.00000000;1299770.00000000;1233270.00000000;1170260.00000000;1109280.00000000;1052070.00000000;998873.00000000;949282.00000000;902741.00000000;858894.00000000;817405.00000000;778195.00000000;742190.00000000;708238.00000000;675342.00000000;643195.00000000;611172.00000000;579329.00000000;548056.00000000;516462.00000000;         ;         ;         ;         ;         ;         ;         ;         ;         ;         ;         ;         ;         ;         ;         
Total females aged 25-49 who are living with HIV;Mean;597.89400000;853.02800000;1550.59000000;3315.25000000;7668.90000000;17846.50000000;39610.00000000;79058.40000000;139706.00000000;222385.00000000;327103.00000000;453370.00000000;594056.00000000;748865.00000000;913402.00000000;1082230.00000000;1249570.00000000;1414040.00000000;1569800.00000000;1714820.00000000;1847770.00000000;1974980.00000000;2107750.00000000;2243820.00000000;2381770.00000000;2518830.00000000;2657250.00000000;2797660.00000000;2936540.00000000;3069560.00000000;3193310.00000000;3307620.00000000;3410230.00000000;3499400.00000000;3577170.00000000;3641670.00000000;3690280.00000000;3725600.00000000;3747210.00000000;3753600.00000000;3747470.00000000;3729120.00000000;3699990.00000000;3659100.00000000;3607170.00000000;3545670.00000000;3471900.00000000;3386110.00000000;3289340.00000000;3183080.00000000;3068640.00000000;2946850.00000000;2823560.00000000;2701230.00000000;2580620.00000000;2461470.00000000;2345020.00000000;2232130.00000000;2123390.00000000;2019040.00000000;1918580.00000000;1821730.00000000;1728930.00000000;1643520.00000000;1563260.00000000;1485580.00000000;1411010.00000000;1337970.00000000;1266950.00000000;1196060.00000000;1122130.00000000;         ;         ;         ;         ;         ;         ;         ;         ;         ;         ;         ;         ;         ;         ;         
;95% LL;289.78200000;425.87000000;819.85500000;1802.54000000;4600.86000000;11729.50000000;27927.30000000;60053.60000000;107427.00000000;175881.00000000;270304.00000000;387295.00000000;520980.00000000;672071.00000000;836374.00000000;1010660.00000000;1180310.00000000;1340720.00000000;1499830.00000000;1648160.00000000;1781660.00000000;1912540.00000000;2049090.00000000;2183300.00000000;2319470.00000000;2453920.00000000;2590010.00000000;2728220.00000000;2864900.00000000;2995940.00000000;3118060.00000000;3231030.00000000;3332590.00000000;3420910.00000000;3497980.00000000;3561980.00000000;3609970.00000000;3643340.00000000;3661030.00000000;3663660.00000000;3655560.00000000;3632730.00000000;3602210.00000000;3556170.00000000;3499630.00000000;3434880.00000000;3360030.00000000;3274920.00000000;3175800.00000000;3059740.00000000;2938940.00000000;2816390.00000000;2690780.00000000;2568420.00000000;2449390.00000000;2332330.00000000;2216990.00000000;2105430.00000000;1999630.00000000;1898470.00000000;1802150.00000000;1709580.00000000;1620890.00000000;1538640.00000000;1460270.00000000;1385020.00000000;1313540.00000000;1244290.00000000;1176850.00000000;1109440.00000000;1038920.00000000;         ;         ;         ;         ;         ;         ;         ;         ;         ;         ;         ;         ;         ;         ;         
;95% UL;876.48900000;1262.00000000;2216.71000000;4523.83000000;10361.90000000;23895.10000000;53324.00000000;103526.00000000;173287.00000000;263749.00000000;378078.00000000;514292.00000000;658161.00000000;816498.00000000;986069.00000000;1158000.00000000;1326240.00000000;1483990.00000000;1639410.00000000;1783320.00000000;1916440.00000000;2043680.00000000;2175410.00000000;2310680.00000000;2452680.00000000;2588170.00000000;2732660.00000000;2877850.00000000;3022700.00000000;3159680.00000000;3285870.00000000;3401930.00000000;3507890.00000000;3598630.00000000;3678450.00000000;3744980.00000000;3796320.00000000;3834410.00000000;3858360.00000000;3868230.00000000;3868940.00000000;3852250.00000000;3823130.00000000;3783620.00000000;3735110.00000000;3679350.00000000;3610870.00000000;3528080.00000000;3433490.00000000;3330610.00000000;3221810.00000000;3098810.00000000;2977010.00000000;2854330.00000000;2733790.00000000;2612520.00000000;2493240.00000000;2377950.00000000;2268690.00000000;2163060.00000000;2060440.00000000;1960880.00000000;1863640.00000000;1773740.00000000;1691540.00000000;1611910.00000000;1534820.00000000;1460100.00000000;1386900.00000000;1313190.00000000;1235550.00000000;         ;         ;         ;         ;         ;         ;         ;         ;         ;         ;         ;         ;         ;         ;         
Total people living with HIV, aged 50+;Mean;         ;38.37440000;144.89500000;413.09400000;1067.13000000;2568.91000000;5645.79000000;11038.20000000;19047.50000000;29728.80000000;43208.00000000;59653.40000000;78871.70000000;100767.00000000;125060.00000000;151263.00000000;178885.00000000;209179.00000000;240747.00000000;273347.00000000;306565.00000000;341376.00000000;377492.00000000;417324.00000000;461527.00000000;510510.00000000;565698.00000000;626856.00000000;696065.00000000;771903.00000000;853084.00000000;939168.00000000;1029830.00000000;1125110.00000000;1226370.00000000;1332650.00000000;1440400.00000000;1559250.00000000;1694940.00000000;1839700.00000000;1992400.00000000;2152260.00000000;2318630.00000000;2491990.00000000;2673880.00000000;2865920.00000000;3068510.00000000;3280370.00000000;3497980.00000000;3716140.00000000;3929380.00000000;4136460.00000000;4330540.00000000;4509350.00000000;4671840.00000000;4817500.00000000;4946050.00000000;5056860.00000000;5150350.00000000;5227580.00000000;5289820.00000000;5338100.00000000;5372430.00000000;5389140.00000000;5391960.00000000;5384770.00000000;5367600.00000000;5342920.00000000;5310470.00000000;5272490.00000000;5233390.00000000;         ;         ;         ;         ;         ;         ;         ;         ;         ;         ;         ;         ;         ;         ;         
;95% LL;         ;19.86500000;78.83680000;230.82900000;617.51500000;1563.69000000;3697.04000000;7443.52000000;13816.80000000;22079.10000000;33161.10000000;47485.90000000;64882.90000000;84578.00000000;106904.00000000;131970.00000000;159875.00000000;189596.00000000;219209.00000000;252497.00000000;284850.00000000;320113.00000000;355871.00000000;393870.00000000;436933.00000000;483445.00000000;536962.00000000;596549.00000000;662886.00000000;736399.00000000;815641.00000000;900000.00000000;987578.00000000;1079770.00000000;1179070.00000000;1283580.00000000;1387660.00000000;1501940.00000000;1635800.00000000;1776760.00000000;1925580.00000000;2082400.00000000;2247020.00000000;2421640.00000000;2597240.00000000;2784490.00000000;2985270.00000000;3195570.00000000;3410380.00000000;3624180.00000000;3832670.00000000;4035110.00000000;4225090.00000000;4400810.00000000;4561240.00000000;4704700.00000000;4830020.00000000;4937950.00000000;5028910.00000000;5103920.00000000;5163780.00000000;5204790.00000000;5232290.00000000;5242950.00000000;5240410.00000000;5228410.00000000;5207040.00000000;5178650.00000000;5142990.00000000;5102200.00000000;5060540.00000000;         ;         ;         ;         ;         ;         ;         ;         ;         ;         ;         ;         ;         ;         ;         
;95% UL;         ;56.19800000;206.05500000;580.87900000;1488.08000000;3594.93000000;7941.72000000;15098.60000000;25176.30000000;37965.90000000;53806.00000000;71912.60000000;92778.60000000;116003.00000000;142298.00000000;170862.00000000;200356.00000000;230366.00000000;261061.00000000;295098.00000000;328746.00000000;365179.00000000;402939.00000000;445072.00000000;491387.00000000;541716.00000000;597678.00000000;658399.00000000;730508.00000000;810327.00000000;894103.00000000;984752.00000000;1079890.00000000;1179670.00000000;1285230.00000000;1395480.00000000;1506520.00000000;1627170.00000000;1766470.00000000;1913760.00000000;2068640.00000000;2230060.00000000;2397540.00000000;2572150.00000000;2755380.00000000;2953740.00000000;3162180.00000000;3378860.00000000;3601460.00000000;3824780.00000000;4043370.00000000;4255890.00000000;4456010.00000000;4639930.00000000;4811430.00000000;4964290.00000000;5096380.00000000;5211840.00000000;5308760.00000000;5390540.00000000;5456680.00000000;5508360.00000000;5546610.00000000;5564310.00000000;5573720.00000000;5575230.00000000;5566740.00000000;5547160.00000000;5515200.00000000;5476640.00000000;5436030.00000000;         ;         ;         ;         ;         ;         ;         ;         ;         ;         ;         ;         ;         ;         ;         
Total males aged 50+ who are living with HIV;Mean;         ;29.29580000;118.94100000;350.87000000;920.36700000;2225.59000000;4874.78000000;9443.10000000;16054.20000000;24575.70000000;34895.40000000;46888.20000000;60062.10000000;74067.20000000;88432.70000000;102602.00000000;116139.00000000;130010.00000000;143151.00000000;155512.00000000;167071.00000000;178567.00000000;189759.00000000;202156.00000000;216080.00000000;231662.00000000;249617.00000000;269865.00000000;293146.00000000;318593.00000000;345561.00000000;373940.00000000;403780.00000000;435227.00000000;468799.00000000;504216.00000000;539732.00000000;579058.00000000;624640.00000000;673129.00000000;724024.00000000;776963.00000000;831596.00000000;887966.00000000;946435.00000000;1007320.00000000;1070450.00000000;1135110.00000000;1199950.00000000;1263100.00000000;1322700.00000000;1378020.00000000;1426890.00000000;1468870.00000000;1503910.00000000;1532100.00000000;1553470.00000000;1568250.00000000;1576870.00000000;1580090.00000000;1578480.00000000;1572620.00000000;1562680.00000000;1548080.00000000;1530060.00000000;1509740.00000000;1487530.00000000;1464150.00000000;1439660.00000000;1414270.00000000;1389060.00000000;         ;         ;         ;         ;         ;         ;         ;         ;         ;         ;         ;         ;         ;         ;         
;95% LL;         ;15.36930000;64.39840000;194.77300000;528.47300000;1344.14000000;3039.21000000;6416.07000000;11155.70000000;17932.00000000;26579.70000000;36813.90000000;48225.20000000;60719.40000000;73939.40000000;87098.90000000;100451.00000000;114559.00000000;127626.00000000;141565.00000000;154682.00000000;167017.00000000;179250.00000000;192007.00000000;206381.00000000;222462.00000000;239974.00000000;260273.00000000;282833.00000000;307531.00000000;334417.00000000;362104.00000000;391226.00000000;422134.00000000;455154.00000000;489894.00000000;524727.00000000;563897.00000000;609424.00000000;657266.00000000;707508.00000000;759555.00000000;812870.00000000;868436.00000000;926313.00000000;986657.00000000;1048970.00000000;1112090.00000000;1175160.00000000;1236430.00000000;1294700.00000000;1347150.00000000;1393520.00000000;1432730.00000000;1465110.00000000;1490760.00000000;1509770.00000000;1522410.00000000;1528600.00000000;1529110.00000000;1525050.00000000;1517030.00000000;1505270.00000000;1489170.00000000;1469950.00000000;1448700.00000000;1425770.00000000;1401820.00000000;1376910.00000000;1351210.00000000;1325800.00000000;         ;         ;         ;         ;         ;         ;         ;         ;         ;         ;         ;         ;         ;         ;         
;95% UL;         ;42.37310000;169.27100000;497.97500000;1307.82000000;3160.54000000;6998.41000000;13023.90000000;21389.00000000;31851.20000000;43537.00000000;56613.30000000;71545.80000000;87233.70000000;102597.00000000;116822.00000000;130567.00000000;143563.00000000;156503.00000000;168504.00000000;179352.00000000;191017.00000000;201603.00000000;213817.00000000;227775.00000000;242862.00000000;260660.00000000;280840.00000000;305078.00000000;331431.00000000;359936.00000000;388530.00000000;419100.00000000;451925.00000000;486710.00000000;523165.00000000;559429.00000000;599286.00000000;645241.00000000;693798.00000000;744460.00000000;797264.00000000;853114.00000000;910500.00000000;970302.00000000;1032700.00000000;1097550.00000000;1164160.00000000;1231170.00000000;1296700.00000000;1358840.00000000;1416860.00000000;1468480.00000000;1513220.00000000;1550990.00000000;1581800.00000000;1606930.00000000;1622680.00000000;1633310.00000000;1638280.00000000;1638160.00000000;1634490.00000000;1626470.00000000;1613310.00000000;1596310.00000000;1576660.00000000;1554810.00000000;1531570.00000000;1507020.00000000;1481430.00000000;1455900.00000000;         ;         ;         ;         ;         ;         ;         ;         ;         ;         ;         ;         ;         ;         ;         
Total females aged 50+ who are living with HIV;Mean;         ;9.07866000;25.95330000;62.22410000;146.76700000;343.32100000;771.01000000;1595.09000000;2993.32000000;5153.09000000;8312.65000000;12765.20000000;18809.60000000;26700.00000000;36627.50000000;48661.00000000;62746.20000000;79169.20000000;97596.10000000;117835.00000000;139494.00000000;162809.00000000;187733.00000000;215168.00000000;245447.00000000;278848.00000000;316081.00000000;356992.00000000;402919.00000000;453310.00000000;507523.00000000;565228.00000000;626050.00000000;689886.00000000;757575.00000000;828432.00000000;900664.00000000;980191.00000000;1070300.00000000;1166570.00000000;1268380.00000000;1375290.00000000;1487030.00000000;1604020.00000000;1727440.00000000;1858600.00000000;1998060.00000000;2145260.00000000;2298030.00000000;2453040.00000000;2606680.00000000;2758440.00000000;2903650.00000000;3040480.00000000;3167930.00000000;3285410.00000000;3392580.00000000;3488610.00000000;3573480.00000000;3647490.00000000;3711340.00000000;3765480.00000000;3809750.00000000;3841060.00000000;3861900.00000000;3875020.00000000;3880070.00000000;3878770.00000000;3870810.00000000;3858220.00000000;3844330.00000000;         ;         ;         ;         ;         ;         ;         ;         ;         ;         ;         ;         ;         ;         ;         
;95% LL;         ;4.47877000;13.31340000;33.04430000;80.96620000;209.71200000;512.57900000;1110.80000000;2189.60000000;3941.18000000;6629.85000000;10443.10000000;15786.70000000;22684.40000000;31545.60000000;42566.90000000;55695.60000000;70529.20000000;87925.90000000;107411.00000000;127879.00000000;150040.00000000;173753.00000000;200111.00000000;228608.00000000;259867.00000000;295559.00000000;335500.00000000;380558.00000000;428912.00000000;480408.00000000;535871.00000000;594444.00000000;656368.00000000;721466.00000000;790138.00000000;860235.00000000;937645.00000000;1025160.00000000;1119310.00000000;1218870.00000000;1322390.00000000;1433540.00000000;1546930.00000000;1668290.00000000;1800900.00000000;1935990.00000000;2077840.00000000;2229400.00000000;2383430.00000000;2534070.00000000;2680640.00000000;2824150.00000000;2959380.00000000;3084720.00000000;3200880.00000000;3305970.00000000;3399770.00000000;3482660.00000000;3554900.00000000;3617180.00000000;3669960.00000000;3713050.00000000;3743450.00000000;3763580.00000000;3776160.00000000;3776800.00000000;3771570.00000000;3763060.00000000;3749770.00000000;3730940.00000000;         ;         ;         ;         ;         ;         ;         ;         ;         ;         ;         ;         ;         ;         ;         
;95% UL;         ;13.47980000;37.65180000;87.71910000;202.21300000;457.54700000;1022.70000000;2100.60000000;3869.65000000;6515.89000000;10241.90000000;15321.40000000;22221.70000000;31083.10000000;42074.40000000;54978.30000000;70100.90000000;87673.20000000;107515.00000000;129119.00000000;152532.00000000;177611.00000000;204264.00000000;233035.00000000;263566.00000000;298378.00000000;337162.00000000;379607.00000000;426737.00000000;478515.00000000;535894.00000000;596789.00000000;659743.00000000;726142.00000000;796000.00000000;869613.00000000;943793.00000000;1025500.00000000;1118080.00000000;1216760.00000000;1320810.00000000;1429720.00000000;1543700.00000000;1663900.00000000;1790380.00000000;1923110.00000000;2062780.00000000;2213170.00000000;2370230.00000000;2530080.00000000;2688110.00000000;2843720.00000000;2992920.00000000;3135680.00000000;3268980.00000000;3390170.00000000;3499830.00000000;3598960.00000000;3687430.00000000;3769540.00000000;3839520.00000000;3896480.00000000;3945350.00000000;3978020.00000000;4000990.00000000;4016900.00000000;4024030.00000000;4024560.00000000;4020080.00000000;4007480.00000000;3992340.00000000;         ;         ;         ;         ;         ;         ;         ;         ;         ;         ;         ;         ;         ;         ;         
Total HIV prevalence;Mean;0.00006099;0.00009257;0.00018009;0.00039221;0.00089393;0.00202057;0.00429215;0.00821541;0.01389170;0.02114200;0.02969350;0.03920420;0.04878720;0.05829550;0.06737540;0.07574350;0.08323200;0.08998030;0.09574390;0.10051800;0.10426600;0.10735400;0.11014200;0.11269700;0.11507500;0.11733600;0.11958900;0.12188000;0.12414800;0.12627400;0.12811900;0.12970300;0.13095700;0.13183200;0.13246000;0.13284500;0.13300500;0.13294200;0.13266500;0.13221500;0.13162300;0.13091400;0.13009000;0.12915300;0.12811900;0.12699300;0.12577300;0.12446400;0.12307500;0.12161000;0.12007300;0.11846500;0.11679100;0.11505600;0.11326700;0.11143000;0.10954900;0.10762800;0.10567200;0.10368400;0.10166800;0.09962740;0.09756360;0.09547900;0.09337520;0.09125380;0.08911610;0.08696330;0.08479670;0.08261780;0.08042780;         ;         ;         ;         ;         ;         ;         ;         ;         ;         ;         ;         ;         ;         ;         
;95% LL;0.00002956;0.00004646;0.00009625;0.00021728;0.00052936;0.00126473;0.00290365;0.00592719;0.01051140;0.01677930;0.02464030;0.03364460;0.04326070;0.05279600;0.06202580;0.07056440;0.07836920;0.08544900;0.09158840;0.09676980;0.10094000;0.10444900;0.10750500;0.11021500;0.11251000;0.11469800;0.11688900;0.11912200;0.12132500;0.12338000;0.12515600;0.12667800;0.12787600;0.12869200;0.12925800;0.12958100;0.12968600;0.12957800;0.12926300;0.12878200;0.12816400;0.12743400;0.12659600;0.12565000;0.12460900;0.12347500;0.12224900;0.12093500;0.11954200;0.11807500;0.11653700;0.11493000;0.11325800;0.11152900;0.10974700;0.10791800;0.10604800;0.10414000;0.10219800;0.10022800;0.09823040;0.09620970;0.09416760;0.09210620;0.09002710;0.08793160;0.08582110;0.08369680;0.08155990;0.07941180;0.07725390;         ;         ;         ;         ;         ;         ;         ;         ;         ;         ;         ;         ;         ;         ;         
;95% UL;0.00008941;0.00013436;0.00025533;0.00054067;0.00121925;0.00276287;0.00586988;0.01083460;0.01743150;0.02550270;0.03452520;0.04449850;0.05468540;0.06417100;0.07305120;0.08111670;0.08824400;0.09463620;0.10014500;0.10451200;0.10784600;0.11052800;0.11315600;0.11575100;0.11821000;0.12062600;0.12289200;0.12519900;0.12743800;0.12947900;0.13144300;0.13309500;0.13445200;0.13546700;0.13623800;0.13668900;0.13689400;0.13686600;0.13663500;0.13628800;0.13575800;0.13505900;0.13423600;0.13328800;0.13225300;0.13116000;0.12997300;0.12869200;0.12727400;0.12577700;0.12426900;0.12276600;0.12108700;0.11934500;0.11754500;0.11569000;0.11375800;0.11178500;0.10977400;0.10773700;0.10567900;0.10355700;0.10141100;0.09929390;0.09713180;0.09499410;0.09275680;0.09052430;0.08829700;0.08605590;0.08382640;         ;         ;         ;         ;         ;         ;         ;         ;         ;         ;         ;         ;         ;         ;         
HIV prevalence in males aged 15+;Mean;0.00009151;0.00014430;0.00030054;0.00068466;0.00159424;0.00362143;0.00761781;0.01424810;0.02331960;0.03417350;0.04611500;0.05844270;0.07017970;0.08086390;0.09011710;0.09779420;0.10381100;0.10857300;0.11203500;0.11443000;0.11587900;0.11678400;0.11746400;0.11818300;0.11906700;0.12009100;0.12142100;0.12284600;0.12461900;0.12645700;0.12808400;0.12951400;0.13058600;0.13121100;0.13148500;0.13133100;0.13086100;0.13003800;0.12888300;0.12752300;0.12600900;0.12434900;0.12257700;0.12069300;0.11871700;0.11664600;0.11452000;0.11234800;0.11017500;0.10797600;0.10575100;0.10350800;0.10123900;0.09893850;0.09661100;0.09426280;0.09189930;0.08952550;0.08714560;0.08476390;0.08238360;0.08000730;0.07763740;0.07527560;0.07292480;0.07058740;0.06826620;0.06596420;0.06368450;0.06143040;0.05920480;         ;         ;         ;         ;         ;         ;         ;         ;         ;         ;         ;         ;         ;         ;         
;95% LL;0.00004435;0.00007286;0.00016080;0.00037679;0.00091172;0.00218920;0.00498866;0.00986859;0.01745380;0.02644030;0.03761420;0.04890660;0.06011250;0.07070990;0.07992570;0.08807700;0.09528080;0.10018300;0.10385600;0.10690000;0.10899700;0.11052700;0.11160400;0.11277600;0.11378100;0.11493100;0.11662400;0.11802300;0.11973800;0.12154900;0.12318900;0.12466400;0.12581200;0.12653500;0.12689700;0.12678100;0.12635500;0.12558100;0.12447900;0.12316400;0.12168700;0.12005900;0.11831800;0.11646400;0.11451500;0.11247100;0.11037100;0.10822500;0.10607700;0.10390200;0.10170300;0.09948710;0.09724790;0.09498000;0.09268810;0.09037850;0.08805630;0.08572620;0.08339210;0.08105790;0.07872660;0.07640070;0.07408230;0.07177340;0.06947630;0.06719380;0.06492840;0.06268310;0.06046100;0.05826510;0.05609860;         ;         ;         ;         ;         ;         ;         ;         ;         ;         ;         ;         ;         ;         ;         
;95% UL;0.00013415;0.00021055;0.00042554;0.00095454;0.00225247;0.00502688;0.01058800;0.01916330;0.02985480;0.04196500;0.05464200;0.06738980;0.07924330;0.09041170;0.09923920;0.10624400;0.11187500;0.11594100;0.11906300;0.12121800;0.12262500;0.12298700;0.12332900;0.12402400;0.12450700;0.12527100;0.12644700;0.12788000;0.12959500;0.13143400;0.13308700;0.13456600;0.13555700;0.13622700;0.13639100;0.13616100;0.13565500;0.13478700;0.13358100;0.13217900;0.13063100;0.12894000;0.12714000;0.12523200;0.12324500;0.12115600;0.11899900;0.11679400;0.11458700;0.11235000;0.11008500;0.10779900;0.10548600;0.10314400;0.10077100;0.09837320;0.09595760;0.09352900;0.09113800;0.08874550;0.08630780;0.08386130;0.08141880;0.07898260;0.07655550;0.07414030;0.07175860;0.06935770;0.06699670;0.06466680;0.06237160;         ;         ;         ;         ;         ;         ;         ;         ;         ;         ;         ;         ;         ;         ;         
HIV prevalence in females aged 15+;Mean;0.00010989;0.00015449;0.00027548;0.00056530;0.00124610;0.00277226;0.00587847;0.01129950;0.01935840;0.02994590;0.04271060;0.05709720;0.07211850;0.08719050;0.10171900;0.11524900;0.12738200;0.13803800;0.14718200;0.15488400;0.16118700;0.16658500;0.17169100;0.17662900;0.18148000;0.18616500;0.19075000;0.19506900;0.19954000;0.20393900;0.20800000;0.21178400;0.21506100;0.21772000;0.21985800;0.22139300;0.22258000;0.22315300;0.22305000;0.22261700;0.22195500;0.22104100;0.21990000;0.21850900;0.21690400;0.21510200;0.21315000;0.21107300;0.20893500;0.20669000;0.20434100;0.20189800;0.19934800;0.19668300;0.19391300;0.19104800;0.18809600;0.18506600;0.18196500;0.17879900;0.17557300;0.17229000;0.16895200;0.16556100;0.16211900;0.15863000;0.15509800;0.15152400;0.14791400;0.14427200;0.14060100;         ;         ;         ;         ;         ;         ;         ;         ;         ;         ;         ;         ;         ;         ;         
;95% LL;0.00005326;0.00007720;0.00014528;0.00030897;0.00076166;0.00180767;0.00413286;0.00848696;0.01532680;0.02430010;0.03580410;0.04939740;0.06411910;0.07929340;0.09421930;0.10834700;0.12109100;0.13178900;0.14111300;0.14909500;0.15596600;0.16161200;0.16690800;0.17212900;0.17694700;0.18156700;0.18610300;0.19038900;0.19477100;0.19908000;0.20304600;0.20658500;0.20982400;0.21250300;0.21449300;0.21585800;0.21694800;0.21750800;0.21729000;0.21673400;0.21595400;0.21496700;0.21377200;0.21240300;0.21070500;0.20888500;0.20692700;0.20486300;0.20275100;0.20053800;0.19822600;0.19573300;0.19313500;0.19043000;0.18762700;0.18473700;0.18185500;0.17888800;0.17581500;0.17275200;0.16963300;0.16646200;0.16316000;0.15974800;0.15629000;0.15278900;0.14932400;0.14579600;0.14220500;0.13858500;0.13495700;         ;         ;         ;         ;         ;         ;         ;         ;         ;         ;         ;         ;         ;         ;         
;95% UL;0.00016110;0.00022831;0.00039357;0.00077960;0.00168410;0.00374347;0.00790446;0.01451890;0.02394750;0.03563930;0.04925240;0.06440160;0.07970640;0.09481410;0.10904300;0.12215400;0.13379600;0.14420200;0.15312100;0.16079600;0.16714500;0.17210300;0.17714500;0.18201100;0.18679300;0.19147400;0.19611400;0.20047000;0.20513300;0.20975800;0.21402300;0.21796400;0.22142400;0.22426000;0.22654500;0.22815400;0.22941800;0.22997000;0.22996200;0.22969000;0.22930200;0.22858500;0.22748300;0.22611200;0.22451500;0.22270800;0.22071600;0.21864000;0.21647700;0.21421900;0.21184000;0.20936100;0.20676600;0.20404600;0.20121100;0.19827300;0.19528300;0.19224700;0.18912300;0.18592900;0.18265000;0.17930900;0.17591600;0.17246300;0.16895500;0.16539400;0.16178500;0.15813400;0.15450100;0.15083200;0.14712400;         ;         ;         ;         ;         ;         ;         ;         ;         ;         ;         ;         ;         ;         ;         
HIV prevalence in children (<15);Mean;         ;0.00000511;0.00001372;0.00003146;0.00007075;0.00015803;0.00034107;0.00068799;0.00125778;0.00208226;0.00317030;0.00450009;0.00610865;0.00787693;0.00979101;0.01183920;0.01393210;0.01606490;0.01812330;0.02001110;0.02170560;0.02318570;0.02439650;0.02521880;0.02545030;0.02528920;0.02497400;0.02454310;0.02389010;0.02305210;0.02195570;0.02070170;0.01933210;0.01791040;0.01649300;0.01503060;0.01358390;0.01218840;0.01085790;0.00964952;0.00869369;0.00793368;0.00724710;0.00660062;0.00601408;0.00555709;0.00515626;0.00482633;0.00452994;0.00425680;0.00400669;0.00377804;0.00356597;0.00336870;0.00318367;0.00300859;0.00284211;0.00268368;0.00253298;0.00238870;0.00225037;0.00211789;0.00199123;0.00187037;0.00175535;0.00164624;0.00154309;0.00144583;0.00135430;0.00126835;0.00118781;         ;         ;         ;         ;         ;         ;         ;         ;         ;         ;         ;         ;         ;         ;         
;95% LL;         ;0.00000250;0.00000710;0.00001722;0.00003963;0.00009856;0.00022698;0.00048903;0.00096050;0.00166610;0.00260031;0.00377938;0.00525283;0.00697303;0.00879651;0.01080260;0.01285670;0.01500580;0.01702420;0.01888490;0.02063850;0.02220930;0.02347770;0.02429600;0.02458350;0.02449520;0.02424190;0.02382030;0.02316170;0.02234510;0.02128370;0.02007370;0.01872850;0.01732240;0.01592670;0.01449190;0.01307040;0.01171410;0.01043180;0.00925478;0.00832532;0.00757286;0.00689804;0.00627323;0.00571105;0.00526201;0.00487572;0.00454971;0.00427303;0.00401066;0.00377189;0.00355432;0.00335223;0.00316370;0.00298528;0.00281608;0.00265518;0.00250209;0.00235559;0.00221595;0.00208559;0.00196082;0.00183980;0.00172447;0.00161515;0.00151182;0.00141420;0.00132283;0.00123685;0.00115627;0.00108089;         ;         ;         ;         ;         ;         ;         ;         ;         ;         ;         ;         ;         ;         ;         
;95% UL;         ;0.00000750;0.00001975;0.00004396;0.00009646;0.00021274;0.00045287;0.00090224;0.00158144;0.00252844;0.00372372;0.00517646;0.00690543;0.00877821;0.01078270;0.01286740;0.01502230;0.01720000;0.01925850;0.02117120;0.02283000;0.02431180;0.02544460;0.02615190;0.02627970;0.02604600;0.02569370;0.02521300;0.02454140;0.02369950;0.02259670;0.02132200;0.01994400;0.01852220;0.01709290;0.01561050;0.01414680;0.01272850;0.01137190;0.01013690;0.00917279;0.00839610;0.00769884;0.00703044;0.00641613;0.00593673;0.00552062;0.00517745;0.00486667;0.00457748;0.00431103;0.00406610;0.00383901;0.00362826;0.00343117;0.00325290;0.00308395;0.00292241;0.00276792;0.00261905;0.00247532;0.00233670;0.00220325;0.00207505;0.00195227;0.00183513;0.00172380;0.00161834;0.00151870;0.00142479;0.00133652;         ;         ;         ;         ;         ;         ;         ;         ;         ;         ;         ;         ;         ;         ;         
HIV prevalence in youth (15-24);Mean;0.00010533;0.00014793;0.00026701;0.00054138;0.00116681;0.00254605;0.00535395;0.01033550;0.01794530;0.02819000;0.04061560;0.05430550;0.06763490;0.07969280;0.08975820;0.09750220;0.10266400;0.10575500;0.10683500;0.10625800;0.10438000;0.10164400;0.09847750;0.09516210;0.09195670;0.08885290;0.08577460;0.08259050;0.07999280;0.07792820;0.07623340;0.07484170;0.07348030;0.07196830;0.07029120;0.06832520;0.06616620;0.06392270;0.06161420;0.05926180;0.05674880;0.05405820;0.05129850;0.04850270;0.04564560;0.04246120;0.03916390;0.03579880;0.03248050;0.02932580;0.02658030;0.02421600;0.02203660;0.01997580;0.01808030;0.01648150;0.01506490;0.01385170;0.01277590;0.01181390;0.01096020;0.01020530;0.00953429;0.00893691;0.00839764;0.00790657;0.00745667;0.00704162;0.00665647;0.00629630;0.00595794;         ;         ;         ;         ;         ;         ;         ;         ;         ;         ;         ;         ;         ;         ;         
;95% LL;0.00005105;0.00007359;0.00014050;0.00029758;0.00069745;0.00160574;0.00362841;0.00759508;0.01401730;0.02317430;0.03462450;0.04768150;0.06045260;0.07244220;0.08287600;0.09111140;0.09629550;0.09981910;0.10135700;0.10102600;0.09933200;0.09681240;0.09387190;0.09078140;0.08778930;0.08489790;0.08200080;0.07899830;0.07654050;0.07463800;0.07322440;0.07203050;0.07063720;0.06897450;0.06733770;0.06547580;0.06343310;0.06131790;0.05914620;0.05693260;0.05455830;0.05197250;0.04927650;0.04654650;0.04375270;0.04062060;0.03735160;0.03403290;0.03078010;0.02770200;0.02506330;0.02279250;0.02070320;0.01871370;0.01688840;0.01537260;0.01402780;0.01286940;0.01184670;0.01093640;0.01013250;0.00942416;0.00879430;0.00823446;0.00773847;0.00728603;0.00685031;0.00645959;0.00609031;0.00574556;0.00542240;         ;         ;         ;         ;         ;         ;         ;         ;         ;         ;         ;         ;         ;         ;         
;95% UL;0.00015441;0.00021680;0.00038247;0.00074542;0.00157904;0.00345209;0.00712736;0.01342900;0.02219130;0.03349000;0.04705990;0.06133010;0.07479250;0.08682980;0.09650590;0.10397000;0.10845300;0.11127800;0.11224700;0.11146700;0.10947200;0.10634600;0.10276800;0.09932190;0.09594590;0.09276910;0.08960680;0.08639270;0.08367800;0.08154100;0.08002750;0.07861970;0.07723520;0.07569610;0.07394430;0.07185860;0.06952320;0.06710100;0.06461030;0.06209660;0.05944830;0.05664920;0.05378510;0.05076860;0.04790440;0.04478360;0.04139180;0.03794050;0.03458070;0.03136370;0.02849490;0.02600990;0.02374520;0.02160110;0.01961850;0.01792290;0.01641520;0.01512750;0.01397320;0.01293660;0.01201240;0.01119920;0.01047620;0.00982297;0.00923031;0.00869502;0.00820722;0.00776376;0.00735330;0.00696567;0.00660087;         ;         ;         ;         ;         ;         ;         ;         ;         ;         ;         ;         ;         ;         ;         
HIV prevalence in males aged 15-24;Mean;0.00005408;0.00007207;0.00012871;0.00025686;0.00054219;0.00116461;0.00243254;0.00479280;0.00852534;0.01369250;0.02004090;0.02700130;0.03352800;0.03925820;0.04384540;0.04718320;0.04919470;0.05019580;0.05013740;0.04922310;0.04766810;0.04572090;0.04373610;0.04177420;0.04002300;0.03849410;0.03722440;0.03607480;0.03541060;0.03519970;0.03536080;0.03575540;0.03618160;0.03650790;0.03667860;0.03671500;0.03663250;0.03644220;0.03601720;0.03531320;0.03421520;0.03273930;0.03106350;0.02922500;0.02729130;0.02510580;0.02284430;0.02058600;0.01842940;0.01645890;0.01486360;0.01358340;0.01241010;0.01129040;0.01025770;0.00942622;0.00869334;0.00808548;0.00754504;0.00705903;0.00662452;0.00623558;0.00588220;0.00555946;0.00526176;0.00498397;0.00472281;0.00447677;0.00424500;0.00402500;0.00381546;         ;         ;         ;         ;         ;         ;         ;         ;         ;         ;         ;         ;         ;         ;         
;95% LL;0.00002621;0.00003521;0.00006604;0.00013732;0.00029964;0.00067442;0.00150360;0.00320765;0.00619987;0.01062550;0.01625150;0.02263860;0.02879420;0.03474250;0.03926210;0.04263140;0.04465130;0.04559840;0.04566500;0.04486850;0.04351230;0.04177850;0.04005040;0.03829370;0.03674790;0.03541140;0.03428680;0.03330060;0.03280220;0.03275360;0.03307810;0.03355980;0.03416600;0.03469040;0.03507260;0.03526570;0.03528370;0.03519150;0.03484690;0.03416310;0.03311180;0.03169550;0.03008690;0.02834090;0.02646770;0.02433820;0.02213250;0.01991460;0.01781030;0.01588610;0.01429360;0.01301640;0.01184970;0.01074250;0.00972882;0.00891903;0.00821061;0.00762857;0.00711619;0.00665956;0.00625503;0.00589452;0.00556610;0.00525536;0.00496585;0.00469516;0.00444038;0.00420028;0.00397417;0.00376108;0.00355669;         ;         ;         ;         ;         ;         ;         ;         ;         ;         ;         ;         ;         ;         ;         
;95% UL;0.00007927;0.00010362;0.00018250;0.00035656;0.00074093;0.00157444;0.00327098;0.00636489;0.01093630;0.01683240;0.02375320;0.03149350;0.03856120;0.04419470;0.04869480;0.05201390;0.05377710;0.05484780;0.05460080;0.05356840;0.05174860;0.04959130;0.04737120;0.04528710;0.04336150;0.04164610;0.04009010;0.03883350;0.03797550;0.03761000;0.03773010;0.03801170;0.03824760;0.03836580;0.03834820;0.03825760;0.03806250;0.03773620;0.03728710;0.03653100;0.03537790;0.03384110;0.03210290;0.03021210;0.02823960;0.02600080;0.02368780;0.02138690;0.01917640;0.01716260;0.01554400;0.01424260;0.01305410;0.01194740;0.01090220;0.01002430;0.00925317;0.00861550;0.00805625;0.00755235;0.00710685;0.00669931;0.00632401;0.00598399;0.00567264;0.00538201;0.00510859;0.00485561;0.00461318;0.00438138;0.00416537;         ;         ;         ;         ;         ;         ;         ;         ;         ;         ;         ;         ;         ;         ;         
HIV prevalence in females aged 15-24;Mean;0.00015603;0.00022249;0.00040213;0.00081809;0.00177228;0.00388209;0.00814666;0.01563630;0.02695530;0.04205600;0.06029540;0.08043140;0.10040600;0.11873200;0.13432500;0.14662100;0.15515500;0.16048400;0.16284000;0.16271400;0.16059500;0.15711300;0.15292600;0.14837100;0.14380100;0.13920100;0.13438700;0.12907800;0.12448200;0.12053100;0.11698000;0.11382500;0.11071500;0.10740600;0.10392800;0.10000700;0.09580710;0.09151720;0.08732350;0.08331770;0.07938510;0.07547600;0.07162940;0.06787620;0.06409500;0.05990980;0.05557520;0.05110240;0.04662110;0.04227950;0.03837990;0.03492520;0.03173210;0.02872370;0.02595950;0.02358830;0.02148350;0.01966070;0.01804570;0.01660410;0.01532780;0.01420440;0.01321380;0.01234000;0.01155750;0.01085160;0.01021160;0.00962623;0.00908652;0.00858506;0.00811686;         ;         ;         ;         ;         ;         ;         ;         ;         ;         ;         ;         ;         ;         ;         
;95% LL;0.00007562;0.00011131;0.00021152;0.00045020;0.00106978;0.00250646;0.00565959;0.01146820;0.02127140;0.03450600;0.05123380;0.07062840;0.09107230;0.10881600;0.12415000;0.13767100;0.14661300;0.15233200;0.15487000;0.15499600;0.15305600;0.14999200;0.14610300;0.14182600;0.13762000;0.13330600;0.12883600;0.12386700;0.11931200;0.11541300;0.11188600;0.10870500;0.10573400;0.10263500;0.09923140;0.09540750;0.09118780;0.08703790;0.08322470;0.07937060;0.07549970;0.07173050;0.06800110;0.06433740;0.06060850;0.05650370;0.05221540;0.04789700;0.04362180;0.03943190;0.03568370;0.03242720;0.02938730;0.02652580;0.02393820;0.02172920;0.01976870;0.01806840;0.01655830;0.01522440;0.01402500;0.01298020;0.01206200;0.01124540;0.01050900;0.00984384;0.00924958;0.00871114;0.00821269;0.00774948;0.00731716;         ;         ;         ;         ;         ;         ;         ;         ;         ;         ;         ;         ;         ;         ;         
;95% UL;0.00022874;0.00032941;0.00057650;0.00113452;0.00239371;0.00527958;0.01083230;0.02025180;0.03315280;0.04961910;0.06904820;0.09009060;0.11072500;0.12861600;0.14352000;0.15537600;0.16352200;0.16804800;0.17016700;0.16985100;0.16755600;0.16395700;0.15948500;0.15462200;0.14970300;0.14510400;0.14047800;0.13525500;0.13072000;0.12680900;0.12327700;0.12013200;0.11700800;0.11367100;0.10973800;0.10573100;0.10152500;0.09700700;0.09273470;0.08847860;0.08413260;0.08012430;0.07599630;0.07212150;0.06833220;0.06393120;0.05938540;0.05470090;0.05001280;0.04547110;0.04138860;0.03776520;0.03440280;0.03122200;0.02828810;0.02576110;0.02350990;0.02158970;0.01986550;0.01831820;0.01695070;0.01573590;0.01465930;0.01371130;0.01286380;0.01210030;0.01140860;0.01077630;0.01019340;0.00965139;0.00914477;         ;         ;         ;         ;         ;         ;         ;         ;         ;         ;         ;         ;         ;         ;         
HIV prevalence in age group 15-49;Mean;0.00012588;0.00018443;0.00035114;0.00075635;0.00171259;0.00384920;0.00811131;0.01532600;0.02556490;0.03835770;0.05306830;0.06893780;0.08486410;0.10016200;0.11425800;0.12680000;0.13748000;0.14656100;0.15395700;0.15983400;0.16432800;0.16795500;0.17104900;0.17399300;0.17689500;0.17967600;0.18243600;0.18480400;0.18735800;0.18979800;0.19178400;0.19338300;0.19432500;0.19448500;0.19394900;0.19249500;0.19027500;0.18743500;0.18404500;0.18018800;0.17597100;0.17138800;0.16648900;0.16126900;0.15576000;0.14996500;0.14394800;0.13775900;0.13151600;0.12525300;0.11905500;0.11296000;0.10704800;0.10135300;0.09589630;0.09069690;0.08575930;0.08110330;0.07672090;0.07259200;0.06869620;0.06501350;0.06153790;0.05829200;0.05522330;0.05227660;0.04943840;0.04667600;0.04399750;0.04137960;0.03875450;         ;         ;         ;         ;         ;         ;         ;         ;         ;         ;         ;         ;         ;         ;         
;95% LL;0.00006101;0.00009253;0.00018747;0.00041900;0.00101476;0.00241195;0.00549693;0.01105640;0.01938350;0.03053610;0.04418260;0.05941090;0.07560380;0.09099140;0.10545400;0.11845500;0.12970300;0.13955700;0.14784000;0.15434200;0.15942800;0.16343300;0.16699700;0.17003800;0.17285300;0.17555900;0.17825700;0.18057800;0.18306200;0.18541500;0.18731100;0.18882400;0.18968700;0.18976200;0.18914300;0.18761100;0.18533000;0.18244800;0.17903400;0.17516500;0.17094400;0.16636500;0.16148000;0.15628400;0.15080300;0.14504000;0.13906100;0.13291600;0.12672300;0.12052100;0.11439700;0.10838800;0.10257700;0.09699360;0.09163950;0.08655760;0.08174920;0.07723190;0.07293020;0.06888670;0.06508110;0.06149640;0.05812920;0.05501100;0.05208510;0.04928000;0.04654800;0.04387020;0.04129790;0.03881910;0.03633500;         ;         ;         ;         ;         ;         ;         ;         ;         ;         ;         ;         ;         ;         ;         
;95% UL;0.00018453;0.00026767;0.00049710;0.00104269;0.00233429;0.00525846;0.01109020;0.02018880;0.03202060;0.04619930;0.06163830;0.07829180;0.09476980;0.10995900;0.12353100;0.13540900;0.14536700;0.15372300;0.16039900;0.16557400;0.16946700;0.17310700;0.17610100;0.17915600;0.18207800;0.18486700;0.18763900;0.19002000;0.19261300;0.19510400;0.19712800;0.19875100;0.19976300;0.20001600;0.19958100;0.19821000;0.19602800;0.19329400;0.18990100;0.18619300;0.18212700;0.17749100;0.17249600;0.16720300;0.16178300;0.15605600;0.15008900;0.14362100;0.13709800;0.13100800;0.12503300;0.11898800;0.11289400;0.10704500;0.10152000;0.09613950;0.09100640;0.08614510;0.08155210;0.07721090;0.07310360;0.06923590;0.06561570;0.06217380;0.05899780;0.05594780;0.05307730;0.05016150;0.04732430;0.04457070;0.04182030;         ;         ;         ;         ;         ;         ;         ;         ;         ;         ;         ;         ;         ;         ;         
HIV prevalence in males aged 15-49;Mean;0.00011245;0.00017375;0.00035516;0.00080075;0.00185552;0.00420562;0.00883506;0.01647390;0.02687690;0.03925670;0.05279580;0.06668070;0.07985520;0.09174740;0.10195000;0.11031800;0.11676400;0.12182500;0.12543100;0.12783600;0.12922900;0.13002600;0.13043500;0.13085500;0.13140700;0.13205100;0.13294500;0.13371900;0.13480000;0.13588700;0.13666400;0.13715700;0.13715500;0.13654400;0.13541900;0.13363400;0.13129200;0.12852200;0.12537500;0.12190900;0.11819300;0.11424700;0.11013000;0.10584900;0.10142600;0.09685690;0.09220060;0.08749380;0.08282820;0.07823650;0.07377900;0.06949720;0.06544340;0.06162820;0.05805310;0.05471890;0.05162450;0.04876440;0.04612170;0.04366460;0.04137510;0.03923110;0.03722520;0.03534840;0.03356540;0.03184650;0.03016810;0.02851390;0.02688490;0.02529240;0.02370940;         ;         ;         ;         ;         ;         ;         ;         ;         ;         ;         ;         ;         ;         ;         
;95% LL;0.00005450;0.00008758;0.00018993;0.00044048;0.00106089;0.00254249;0.00578819;0.01143710;0.02017060;0.03048250;0.04320030;0.05602260;0.06878520;0.08066210;0.09092200;0.10042000;0.10725200;0.11233200;0.11665500;0.11980900;0.12193600;0.12331300;0.12400700;0.12439900;0.12490000;0.12590400;0.12710100;0.12790300;0.12894600;0.13002500;0.13083800;0.13140300;0.13151200;0.13104000;0.13007500;0.12847800;0.12631500;0.12360300;0.12051800;0.11710900;0.11344500;0.10955200;0.10549400;0.10127900;0.09692780;0.09243720;0.08786800;0.08325790;0.07869820;0.07422370;0.06989440;0.06575000;0.06184270;0.05818140;0.05476520;0.05159250;0.04865940;0.04595720;0.04346650;0.04115420;0.03899940;0.03697850;0.03508260;0.03330520;0.03161140;0.02997240;0.02836790;0.02678300;0.02522040;0.02369120;0.02216810;         ;         ;         ;         ;         ;         ;         ;         ;         ;         ;         ;         ;         ;         ;         
;95% UL;0.00016484;0.00025356;0.00050266;0.00111533;0.00262604;0.00583112;0.01225490;0.02210090;0.03434700;0.04802970;0.06237810;0.07675750;0.09003550;0.10222800;0.11169300;0.11944600;0.12526500;0.12984600;0.13344000;0.13546800;0.13617600;0.13676900;0.13706600;0.13712500;0.13742700;0.13801000;0.13885500;0.13984400;0.14093500;0.14201500;0.14263600;0.14317000;0.14289900;0.14221100;0.14105300;0.13922500;0.13683000;0.13399800;0.13078700;0.12726100;0.12348800;0.11948400;0.11530400;0.11095000;0.10644900;0.10179300;0.09703970;0.09222560;0.08744270;0.08272140;0.07812210;0.07368720;0.06946930;0.06548060;0.06172550;0.05820760;0.05492890;0.05188740;0.04906880;0.04644320;0.04399510;0.04170440;0.03956530;0.03756680;0.03569300;0.03385360;0.03208120;0.03033840;0.02862460;0.02695140;0.02535540;         ;         ;         ;         ;         ;         ;         ;         ;         ;         ;         ;         ;         ;         ;         
HIV prevalence in females aged 15-49;Mean;0.00013909;0.00019490;0.00034722;0.00071313;0.00157399;0.00350483;0.00742130;0.01423280;0.02431710;0.03750420;0.05332650;0.07107260;0.08958750;0.10807600;0.12581100;0.14225000;0.15689300;0.16978400;0.18079900;0.19002600;0.19755500;0.20397900;0.20981200;0.21534600;0.22068700;0.22571800;0.23048600;0.23448300;0.23855100;0.24239500;0.24564400;0.24839800;0.25033300;0.25130800;0.25140500;0.25033500;0.24827800;0.24538000;0.24174300;0.23748400;0.23274700;0.22749700;0.22178100;0.21558100;0.20894200;0.20188100;0.19447000;0.18677300;0.17893800;0.17100500;0.16307900;0.15519100;0.14745300;0.13991700;0.13262600;0.12561400;0.11889100;0.11249900;0.10643700;0.10069500;0.09525050;0.09008320;0.08518680;0.08061510;0.07630010;0.07216240;0.06819830;0.06436000;0.06066280;0.05704960;0.05341330;         ;         ;         ;         ;         ;         ;         ;         ;         ;         ;         ;         ;         ;         ;         
;95% LL;0.00006741;0.00009739;0.00018315;0.00038988;0.00096208;0.00228582;0.00521924;0.01069910;0.01923360;0.03041470;0.04469200;0.06149080;0.07967220;0.09833050;0.11664900;0.13380800;0.14934300;0.16234700;0.17364900;0.18340700;0.19130900;0.19835800;0.20454300;0.21024300;0.21547100;0.22048600;0.22515700;0.22909200;0.23309200;0.23687000;0.24006500;0.24277300;0.24455100;0.24543500;0.24544700;0.24428300;0.24223900;0.23923300;0.23547900;0.23109300;0.22621900;0.22100800;0.21522400;0.20907500;0.20232200;0.19513800;0.18751900;0.17981000;0.17188100;0.16391500;0.15589000;0.14808200;0.14050200;0.13295200;0.12568600;0.11878200;0.11224700;0.10605400;0.10019900;0.09466850;0.08943690;0.08448330;0.07981810;0.07544170;0.07122770;0.06719810;0.06334860;0.05963410;0.05610520;0.05268690;0.04923950;         ;         ;         ;         ;         ;         ;         ;         ;         ;         ;         ;         ;         ;         ;         
;95% UL;0.00020391;0.00028800;0.00049618;0.00098291;0.00212843;0.00473447;0.00998366;0.01829240;0.03005190;0.04461130;0.06147410;0.08015810;0.09883470;0.11737500;0.13466000;0.15053000;0.16452700;0.17715500;0.18791500;0.19707300;0.20428800;0.21057700;0.21638300;0.22181000;0.22702900;0.23210100;0.23678900;0.24086800;0.24522700;0.24933600;0.25276700;0.25567800;0.25770700;0.25881800;0.25899200;0.25796000;0.25589800;0.25296000;0.24937500;0.24507800;0.24035100;0.23535600;0.22961100;0.22341300;0.21690100;0.20997900;0.20258400;0.19498300;0.18721600;0.17931700;0.17139100;0.16346600;0.15564800;0.14799000;0.14061500;0.13353700;0.12670300;0.12017800;0.11402300;0.10815800;0.10256200;0.09722040;0.09213320;0.08736730;0.08278170;0.07846590;0.07424570;0.07016310;0.06623710;0.06246660;0.05864980;         ;         ;         ;         ;         ;         ;         ;         ;         ;         ;         ;         ;         ;         ;         
HIV prevalence in age group 25-49;Mean;0.00013997;0.00020906;0.00040718;0.00089792;0.00206875;0.00469314;0.00988602;0.01852630;0.03042140;0.04478530;0.06086400;0.07799900;0.09546040;0.11270000;0.12924400;0.14474300;0.15892200;0.17172800;0.18307500;0.19297800;0.20135500;0.20864800;0.21520800;0.22121800;0.22671300;0.23164600;0.23612500;0.24034200;0.24416500;0.24731800;0.24954500;0.25094900;0.25138600;0.25076600;0.24939400;0.24721000;0.24420100;0.24053200;0.23662400;0.23232100;0.22751600;0.22239000;0.21686800;0.21098000;0.20461400;0.19765000;0.19031400;0.18264600;0.17474900;0.16678900;0.15886700;0.15096300;0.14324100;0.13576200;0.12855600;0.12162700;0.11504200;0.10883900;0.10304000;0.09757460;0.09241760;0.08754960;0.08294940;0.07860660;0.07447090;0.07048630;0.06663020;0.06287040;0.05921840;0.05565510;0.05209920;         ;         ;         ;         ;         ;         ;         ;         ;         ;         ;         ;         ;         ;         ;         
;95% LL;0.00006784;0.00010526;0.00021876;0.00049897;0.00122164;0.00293406;0.00669953;0.01290860;0.02269470;0.03559950;0.05067340;0.06696130;0.08436640;0.10184400;0.11851600;0.13452300;0.14937000;0.16320300;0.17572800;0.18598400;0.19478500;0.20288100;0.20981900;0.21580800;0.22111500;0.22591200;0.23030700;0.23447000;0.23825000;0.24137400;0.24359400;0.24499900;0.24534000;0.24460900;0.24311500;0.24080100;0.23767200;0.23389800;0.22989500;0.22550900;0.22063900;0.21546500;0.20991500;0.20402100;0.19766800;0.19074700;0.18347300;0.17588700;0.16809300;0.16025100;0.15245900;0.14470200;0.13714200;0.12984300;0.12283100;0.11607400;0.10966200;0.10364200;0.09803190;0.09273860;0.08768320;0.08292780;0.07845920;0.07426920;0.07030440;0.06648410;0.06277840;0.05916980;0.05565420;0.05222670;0.04886420;         ;         ;         ;         ;         ;         ;         ;         ;         ;         ;         ;         ;         ;         ;         
;95% UL;0.00020519;0.00030424;0.00057537;0.00124319;0.00284296;0.00644875;0.01355610;0.02463380;0.03835970;0.05365580;0.07115200;0.08955220;0.10697900;0.12427600;0.14012400;0.15483300;0.16818600;0.18047100;0.19154100;0.20075000;0.20870200;0.21593500;0.22191400;0.22797100;0.23347200;0.23856300;0.24282100;0.24717900;0.25114400;0.25442700;0.25666700;0.25814000;0.25865300;0.25809400;0.25676600;0.25460500;0.25163500;0.24805000;0.24422100;0.24000400;0.23524800;0.23040700;0.22513600;0.21911900;0.21245900;0.20539100;0.19816900;0.19057900;0.18261800;0.17433700;0.16641600;0.15880000;0.15095200;0.14331200;0.13591400;0.12876300;0.12194000;0.11548500;0.10943100;0.10370700;0.09829130;0.09316780;0.08836720;0.08385130;0.07959480;0.07548850;0.07149310;0.06752850;0.06365280;0.05989530;0.05616950;         ;         ;         ;         ;         ;         ;         ;         ;         ;         ;         ;         ;         ;         ;         
HIV prevalence in males aged 25-49;Mean;0.00015266;0.00024252;0.00050599;0.00115872;0.00271229;0.00617660;0.01296530;0.02399120;0.03863040;0.05551860;0.07346260;0.09149210;0.10879500;0.12460500;0.13849600;0.15030700;0.16001800;0.16780300;0.17387300;0.17844200;0.18156500;0.18364800;0.18501100;0.18594200;0.18660000;0.18704300;0.18742200;0.18792100;0.18838700;0.18853100;0.18808100;0.18711500;0.18550800;0.18314300;0.18032100;0.17696000;0.17303500;0.16870200;0.16434000;0.15982600;0.15508300;0.15026900;0.14531300;0.14025100;0.13496100;0.12934100;0.12355800;0.11762400;0.11161500;0.10565200;0.09979420;0.09407000;0.08862150;0.08348340;0.07865360;0.07410420;0.06988590;0.06598970;0.06241980;0.05910500;0.05602150;0.05314470;0.05045720;0.04791860;0.04549120;0.04314600;0.04084680;0.03857780;0.03633970;0.03415690;0.03199950;         ;         ;         ;         ;         ;         ;         ;         ;         ;         ;         ;         ;         ;         ;         
;95% LL;0.00007399;0.00012271;0.00027160;0.00064000;0.00155748;0.00375323;0.00840314;0.01657380;0.02849420;0.04294310;0.05955510;0.07636520;0.09341080;0.10929200;0.12347900;0.13585500;0.14655600;0.15582400;0.16219100;0.16746000;0.17143400;0.17446700;0.17611800;0.17759800;0.17872300;0.17948400;0.17960200;0.17990900;0.18023600;0.18030200;0.17984400;0.17892700;0.17742100;0.17520500;0.17256500;0.16942500;0.16575300;0.16168100;0.15755700;0.15309600;0.14841200;0.14366100;0.13878100;0.13380500;0.12861600;0.12312100;0.11747900;0.11170100;0.10586500;0.10008800;0.09442720;0.08891130;0.08368230;0.07877150;0.07417260;0.06985460;0.06586380;0.06218690;0.05882410;0.05570410;0.05280000;0.05008540;0.04754220;0.04513580;0.04282850;0.04059170;0.03839400;0.03622100;0.03407560;0.03198120;0.02990650;         ;         ;         ;         ;         ;         ;         ;         ;         ;         ;         ;         ;         ;         ;         
;95% UL;0.00022380;0.00035383;0.00071502;0.00162737;0.00380460;0.00863682;0.01816760;0.03216910;0.04944080;0.06839230;0.08720570;0.10513500;0.12282000;0.13902800;0.15226400;0.16325200;0.17216100;0.17939500;0.18482600;0.18876500;0.19142600;0.19283000;0.19447200;0.19502900;0.19576200;0.19578300;0.19588900;0.19647500;0.19693500;0.19690100;0.19648500;0.19569900;0.19412700;0.19129800;0.18795400;0.18468200;0.18075300;0.17618700;0.17173700;0.16717500;0.16237900;0.15750800;0.15248500;0.14734300;0.14195700;0.13621500;0.13029300;0.12420000;0.11801100;0.11185100;0.10578300;0.09983170;0.09414240;0.08875330;0.08366640;0.07885680;0.07438090;0.07023430;0.06642610;0.06288460;0.05958970;0.05651880;0.05365510;0.05095310;0.04837490;0.04589150;0.04347970;0.04106910;0.03871190;0.03641600;0.03415270;         ;         ;         ;         ;         ;         ;         ;         ;         ;         ;         ;         ;         ;         ;         
HIV prevalence in females aged 25-49;Mean;0.00012753;0.00017631;0.00031066;0.00064397;0.00144455;0.00326069;0.00695546;0.01333570;0.02264330;0.03464370;0.04899620;0.06533030;0.08303140;0.10168200;0.12073800;0.13965800;0.15792600;0.17530700;0.19148000;0.20629500;0.21956800;0.23177100;0.24331500;0.25426000;0.26452000;0.27395000;0.28261100;0.29057100;0.29780500;0.30403500;0.30900400;0.31283300;0.31535600;0.31651500;0.31661600;0.31564100;0.31356900;0.31055500;0.30707100;0.30293700;0.29801600;0.29250900;0.28633800;0.27953000;0.27199200;0.26360000;0.25463900;0.24518400;0.23537200;0.22541100;0.21544200;0.20539900;0.19546800;0.18572900;0.17624200;0.16703900;0.15820200;0.14980800;0.14189600;0.13439500;0.12727500;0.12052000;0.11410000;0.10803800;0.10227200;0.09672240;0.09137870;0.08619360;0.08119100;0.07630850;0.07141620;         ;         ;         ;         ;         ;         ;         ;         ;         ;         ;         ;         ;         ;         ;         
;95% LL;0.00006181;0.00008802;0.00016426;0.00035013;0.00086664;0.00214305;0.00490399;0.01012980;0.01741150;0.02739450;0.04047520;0.05577360;0.07276410;0.09111260;0.11038400;0.13013600;0.14903600;0.16610500;0.18238100;0.19742400;0.21108500;0.22353300;0.23535500;0.24675100;0.25706900;0.26627900;0.27477500;0.28260900;0.28974100;0.29590200;0.30084200;0.30467500;0.30723400;0.30845600;0.30863800;0.30776000;0.30581000;0.30286600;0.29925900;0.29510600;0.29016000;0.28457600;0.27826600;0.27140900;0.26364400;0.25504300;0.24609200;0.23681200;0.22646000;0.21641500;0.20630200;0.19609200;0.18621600;0.17665700;0.16723500;0.15820600;0.14956700;0.14138900;0.13370400;0.12644200;0.11956800;0.11306400;0.10691500;0.10114700;0.09556950;0.09015550;0.08496010;0.07993810;0.07519270;0.07056300;0.06591460;         ;         ;         ;         ;         ;         ;         ;         ;         ;         ;         ;         ;         ;         ;         
;95% UL;0.00018695;0.00026083;0.00044411;0.00087873;0.00195184;0.00436583;0.00936374;0.01746360;0.02808810;0.04109480;0.05664980;0.07413800;0.09207760;0.11098700;0.13050600;0.14965600;0.16807900;0.18453300;0.20066400;0.21534500;0.22830400;0.24054300;0.25241700;0.26315600;0.27306500;0.28240700;0.29101100;0.29913100;0.30672300;0.31335700;0.31841400;0.32242100;0.32494600;0.32629000;0.32652700;0.32567200;0.32373700;0.32072700;0.31720200;0.31306600;0.30801500;0.30232800;0.29662400;0.28985000;0.28208800;0.27355100;0.26476700;0.25556300;0.24580800;0.23594800;0.22602600;0.21597200;0.20597800;0.19612200;0.18657400;0.17726300;0.16835200;0.15973400;0.15174000;0.14411300;0.13682500;0.12986800;0.12321700;0.11691000;0.11089100;0.10499400;0.09934260;0.09387690;0.08869590;0.08360710;0.07846760;         ;         ;         ;         ;         ;         ;         ;         ;         ;         ;         ;         ;         ;         ;         
HIV prevalence at ages 25+;Mean;0.00009877;0.00015029;0.00029735;0.00066107;0.00152811;0.00347153;0.00732798;0.01378860;0.02274980;0.03366750;0.04600230;0.05926650;0.07277180;0.08616460;0.09905310;0.11114100;0.12219700;0.13214700;0.14093500;0.14860200;0.15506100;0.16071800;0.16611000;0.17126500;0.17620700;0.18089300;0.18545900;0.19012100;0.19467100;0.19886100;0.20248000;0.20558800;0.20808700;0.20990500;0.21126700;0.21224900;0.21300200;0.21319800;0.21296300;0.21252900;0.21185000;0.21104200;0.21005500;0.20889800;0.20749400;0.20574200;0.20376900;0.20156500;0.19914700;0.19657100;0.19386100;0.19096900;0.18793800;0.18477100;0.18147900;0.17807200;0.17460900;0.17111400;0.16762300;0.16410000;0.16055100;0.15698500;0.15339500;0.14977000;0.14611600;0.14244100;0.13875200;0.13505200;0.13134900;0.12764500;0.12394400;         ;         ;         ;         ;         ;         ;         ;         ;         ;         ;         ;         ;         ;         ;         
;95% LL;0.00004787;0.00007570;0.00015987;0.00036751;0.00090154;0.00216757;0.00495785;0.00958731;0.01693460;0.02673030;0.03816510;0.05070930;0.06412470;0.07774850;0.09068650;0.10294800;0.11434800;0.12509000;0.13478900;0.14287800;0.14984200;0.15581300;0.16162600;0.16700700;0.17182700;0.17641200;0.18089300;0.18547100;0.18992400;0.19400800;0.19752400;0.20053800;0.20294500;0.20466200;0.20591500;0.20678000;0.20742000;0.20751800;0.20719800;0.20668600;0.20594100;0.20507900;0.20405100;0.20287000;0.20145300;0.19970600;0.19774900;0.19557100;0.19318600;0.19064500;0.18797000;0.18511400;0.18211900;0.17899000;0.17573800;0.17237300;0.16895200;0.16549900;0.16205000;0.15857000;0.15506400;0.15154300;0.14799900;0.14442300;0.14082200;0.13720300;0.13357000;0.12993100;0.12629000;0.12265000;0.11901500;         ;         ;         ;         ;         ;         ;         ;         ;         ;         ;         ;         ;         ;         ;         
;95% UL;0.00014480;0.00021870;0.00042053;0.00091576;0.00210293;0.00476901;0.01006230;0.01835980;0.02873990;0.04042030;0.05396740;0.06828070;0.08163290;0.09544490;0.10787000;0.11939000;0.12982600;0.13913900;0.14772200;0.15482600;0.16111600;0.16652100;0.17170700;0.17663700;0.18148900;0.18642800;0.19096600;0.19547000;0.20021400;0.20450700;0.20825900;0.21155100;0.21406500;0.21592600;0.21741500;0.21847200;0.21927500;0.21950900;0.21931900;0.21897900;0.21838700;0.21766000;0.21674200;0.21564300;0.21427800;0.21248300;0.21048000;0.20838800;0.20600800;0.20343000;0.20071600;0.19781300;0.19476400;0.19152100;0.18839900;0.18497200;0.18142300;0.17784000;0.17426300;0.17066900;0.16704600;0.16337000;0.15967300;0.15594500;0.15216900;0.14839000;0.14458700;0.14076700;0.13694100;0.13311400;0.12929000;         ;         ;         ;         ;         ;         ;         ;         ;         ;         ;         ;         ;         ;         ;         
HIV prevalence in adults aged 50+;Mean;         ;0.00000959;0.00003507;0.00009685;0.00024262;0.00056762;0.00121406;0.00231299;0.00389585;0.00593899;0.00842631;0.01134220;0.01462300;0.01820010;0.02198450;0.02587400;0.02977940;0.03373630;0.03763090;0.04144660;0.04507670;0.04866290;0.05231690;0.05623550;0.06047370;0.06504990;0.07009710;0.07573550;0.08195800;0.08857420;0.09543780;0.10250500;0.10974500;0.11714400;0.12478700;0.13286700;0.14168600;0.15064100;0.15936200;0.16825700;0.17726600;0.18634200;0.19543200;0.20449600;0.21349500;0.22233800;0.23087200;0.23889500;0.24618500;0.25256000;0.25790900;0.26214900;0.26532200;0.26745300;0.26860800;0.26884800;0.26827600;0.26692000;0.26487100;0.26221500;0.25899800;0.25527600;0.25112900;0.24695600;0.24269800;0.23827400;0.23383500;0.22931300;0.22472200;0.21992800;0.21481200;         ;         ;         ;         ;         ;         ;         ;         ;         ;         ;         ;         ;         ;         ;         
;95% LL;         ;0.00000497;0.00001908;0.00005412;0.00014040;0.00034551;0.00079500;0.00155974;0.00282586;0.00441062;0.00646573;0.00902647;0.01202450;0.01526730;0.01877350;0.02254240;0.02656420;0.03050820;0.03421170;0.03813460;0.04171370;0.04551570;0.04913400;0.05297010;0.05703110;0.06152990;0.06635140;0.07185340;0.07794480;0.08440360;0.09114060;0.09802450;0.10509100;0.11226700;0.11968700;0.12757100;0.13615500;0.14489800;0.15348200;0.16218900;0.17107400;0.18005500;0.18908000;0.19846500;0.20722900;0.21593100;0.22419500;0.23197700;0.23906000;0.24526400;0.25048000;0.25462400;0.25773400;0.25983200;0.26098000;0.26123700;0.26070300;0.25940600;0.25743200;0.25486600;0.25157700;0.24771200;0.24345100;0.23918900;0.23486500;0.23040000;0.22593700;0.22141100;0.21683300;0.21207100;0.20701000;         ;         ;         ;         ;         ;         ;         ;         ;         ;         ;         ;         ;         ;         ;         
;95% UL;         ;0.00001405;0.00004987;0.00013618;0.00033833;0.00079434;0.00170779;0.00316391;0.00514959;0.00758516;0.01049540;0.01367870;0.01720990;0.02096780;0.02502920;0.02925320;0.03343930;0.03727440;0.04096890;0.04483490;0.04857040;0.05213180;0.05588820;0.05993660;0.06452400;0.06937650;0.07436480;0.08014910;0.08646530;0.09323520;0.10009900;0.10728300;0.11468800;0.12215600;0.12995100;0.13810600;0.14712000;0.15614400;0.16516100;0.17419900;0.18335800;0.19270800;0.20166700;0.21109600;0.22031100;0.22917000;0.23797200;0.24606500;0.25365300;0.26030000;0.26592500;0.27047000;0.27410700;0.27657800;0.27782000;0.27810900;0.27753700;0.27627500;0.27422400;0.27155000;0.26818200;0.26444600;0.26018500;0.25588700;0.25157800;0.24701300;0.24271800;0.23820500;0.23359800;0.22892200;0.22395000;         ;         ;         ;         ;         ;         ;         ;         ;         ;         ;         ;         ;         ;         ;         
HIV prevalence in males aged 50+;Mean;         ;0.00001606;0.00006354;0.00018257;0.00046678;0.00110195;0.00236109;0.00447860;0.00746229;0.01119490;0.01556000;0.02043030;0.02556280;0.03076390;0.03581530;0.04053410;0.04478980;0.04868650;0.05208480;0.05505000;0.05749260;0.05970820;0.06189300;0.06428950;0.06699870;0.07003990;0.07358890;0.07785340;0.08270310;0.08787960;0.09320930;0.09866200;0.10424900;0.10998000;0.11592400;0.12224700;0.12915100;0.13601800;0.14255000;0.14909600;0.15559100;0.16198300;0.16821400;0.17423100;0.17997300;0.18532800;0.19015600;0.19430200;0.19762800;0.20005200;0.20155100;0.20203400;0.20164400;0.20043800;0.19852000;0.19597000;0.19287800;0.18929800;0.18531700;0.18103100;0.17646700;0.17167500;0.16670500;0.16190600;0.15721600;0.15255400;0.14805300;0.14365100;0.13936800;0.13505300;0.13060000;         ;         ;         ;         ;         ;         ;         ;         ;         ;         ;         ;         ;         ;         ;         
;95% LL;         ;0.00000843;0.00003440;0.00010134;0.00026802;0.00066552;0.00147200;0.00304284;0.00518522;0.00816688;0.01184870;0.01603300;0.02050810;0.02518680;0.02988690;0.03431300;0.03859380;0.04269300;0.04614550;0.04970870;0.05295330;0.05541710;0.05797380;0.06070750;0.06354420;0.06676890;0.07048010;0.07483250;0.07952400;0.08470820;0.09000610;0.09545470;0.10095300;0.10673700;0.11261100;0.11882700;0.12590400;0.13269700;0.13917200;0.14566700;0.15207800;0.15837300;0.16440500;0.17029700;0.17585200;0.18101100;0.18560300;0.18933100;0.19231900;0.19444300;0.19564700;0.19587700;0.19527000;0.19388500;0.19182300;0.18934700;0.18613500;0.18240800;0.17830700;0.17393300;0.16931700;0.16450900;0.15956100;0.15479700;0.15015900;0.14556900;0.14114800;0.13683500;0.13264400;0.12843100;0.12409900;         ;         ;         ;         ;         ;         ;         ;         ;         ;         ;         ;         ;         ;         ;         
;95% UL;         ;0.00002324;0.00009042;0.00025911;0.00066328;0.00156488;0.00338970;0.00617708;0.00994278;0.01451150;0.01942000;0.02468670;0.03047010;0.03628750;0.04164290;0.04633990;0.05060420;0.05409370;0.05719500;0.05996410;0.06231040;0.06407250;0.06636930;0.06853470;0.07107260;0.07392320;0.07755200;0.08162040;0.08626180;0.09129530;0.09672950;0.10224800;0.10794100;0.11372100;0.11975700;0.12617100;0.13316200;0.14011400;0.14673300;0.15339000;0.16009900;0.16671200;0.17318200;0.17926000;0.18527400;0.19075600;0.19570800;0.20010900;0.20363300;0.20628500;0.20804500;0.20876900;0.20859000;0.20756300;0.20590700;0.20356400;0.20046700;0.19703100;0.19302800;0.18883500;0.18425500;0.17948300;0.17448200;0.16962300;0.16484500;0.16006600;0.15543400;0.15088700;0.14645100;0.14197200;0.13733500;         ;         ;         ;         ;         ;         ;         ;         ;         ;         ;         ;         ;         ;         ;         
HIV prevalence in females aged 50+;Mean;         ;0.00000417;0.00001149;0.00002655;0.00006048;0.00013700;0.00029818;0.00059881;0.00109333;0.00183356;0.00288122;0.00430622;0.00617909;0.00853301;0.01137700;0.01467970;0.01837920;0.02242750;0.02674540;0.03125480;0.03581460;0.04045620;0.04524310;0.05031530;0.05570040;0.06141710;0.06756770;0.07421200;0.08142700;0.08907190;0.09702030;0.10521900;0.11361200;0.12216800;0.13098800;0.14028900;0.15044100;0.16086200;0.17114700;0.18174000;0.19258600;0.20364900;0.21488200;0.22626000;0.23776800;0.24933300;0.26079800;0.27192700;0.28243000;0.29204000;0.30056800;0.30793200;0.31407300;0.31898900;0.32270900;0.32526900;0.32678200;0.32725600;0.32678500;0.32545100;0.32332100;0.32046100;0.31698500;0.31329500;0.30934600;0.30506900;0.30061800;0.29593300;0.29101700;0.28576700;0.28007000;         ;         ;         ;         ;         ;         ;         ;         ;         ;         ;         ;         ;         ;         ;         
;95% LL;         ;0.00000206;0.00000589;0.00001410;0.00003337;0.00008368;0.00019824;0.00041700;0.00079976;0.00140230;0.00229787;0.00352260;0.00518534;0.00724822;0.00979570;0.01283560;0.01630330;0.01996820;0.02405420;0.02846850;0.03277530;0.03722670;0.04177710;0.04665830;0.05183110;0.05708860;0.06302390;0.06942020;0.07636710;0.08394140;0.09168290;0.09967200;0.10778300;0.11611200;0.12461200;0.13358100;0.14343500;0.15340600;0.16340800;0.17385500;0.18462300;0.19557500;0.20666500;0.21792900;0.22940400;0.24063800;0.25148900;0.26277400;0.27321900;0.28256400;0.29087400;0.29806700;0.30407900;0.30890700;0.31257800;0.31512500;0.31665600;0.31717800;0.31678000;0.31554100;0.31352600;0.31079900;0.30746800;0.30392100;0.30011500;0.29598600;0.29168400;0.28703100;0.28197500;0.27663400;0.27103300;         ;         ;         ;         ;         ;         ;         ;         ;         ;         ;         ;         ;         ;         ;         
;95% UL;         ;0.00000619;0.00001666;0.00003743;0.00008333;0.00018258;0.00039553;0.00078859;0.00141343;0.00231849;0.00355008;0.00516897;0.00730084;0.00993582;0.01307220;0.01659430;0.02054250;0.02485280;0.02948920;0.03427990;0.03921060;0.04420420;0.04932350;0.05468850;0.06006630;0.06591470;0.07231490;0.07919060;0.08662310;0.09446470;0.10267800;0.11106000;0.11988600;0.12884900;0.13797800;0.14733300;0.15786100;0.16843600;0.17918300;0.19016200;0.20130700;0.21244800;0.22368200;0.23498000;0.24669900;0.25846800;0.27007800;0.28151900;0.29229900;0.30225200;0.31081200;0.31841100;0.32478000;0.33007400;0.33405900;0.33689400;0.33843600;0.33888700;0.33838200;0.33700400;0.33486900;0.33201900;0.32898000;0.32573300;0.32161500;0.31720600;0.31278200;0.30808000;0.30302700;0.29751000;0.29153600;         ;         ;         ;         ;         ;         ;         ;         ;         ;         ;         ;         ;         ;         ;         
HIV prevalence in pregnant women;Mean;0.00027088;0.00044650;0.00087440;0.00188820;0.00421335;0.00913653;0.01818700;0.03225260;0.05106540;0.07377200;0.09917680;0.12621400;0.15241700;0.17700000;0.19910100;0.21831300;0.23427300;0.24692400;0.25600300;0.26257600;0.26685500;0.26949300;0.27178100;0.27362400;0.27404400;0.27435500;0.27732200;0.28017800;0.28137000;0.28113500;0.28046100;0.27907500;0.27713500;0.27377500;0.26914600;0.26376400;0.25739900;0.25036500;0.24241800;0.23383600;0.22492000;0.21582000;0.20667200;0.19751700;0.18847800;0.17962100;0.17100700;0.16267300;0.15466800;0.14697500;0.13956200;0.13238700;0.12540200;0.11857200;0.11188000;0.10531900;0.09889520;0.09262810;0.08654650;0.08068680;0.07508660;0.06977390;0.06476850;0.06007890;0.05570770;0.05165330;0.04790380;0.04444300;0.04126040;0.03834550;0.03568500;         ;         ;         ;         ;         ;         ;         ;         ;         ;         ;         ;         ;         ;         ;         
;95% LL;0.00013130;0.00022823;0.00047962;0.00112500;0.00264235;0.00605384;0.01329580;0.02510580;0.04064470;0.06196530;0.08638840;0.11230400;0.13859200;0.16342200;0.18623900;0.20611400;0.22262400;0.23563300;0.24450800;0.25066700;0.25485000;0.25791100;0.26009000;0.26158800;0.26154900;0.26159700;0.26443300;0.26724800;0.26839100;0.26819900;0.26749100;0.26635000;0.26476100;0.26142100;0.25686000;0.25153500;0.24509700;0.23794300;0.22971400;0.22101200;0.21220000;0.20310000;0.19399200;0.18489200;0.17589700;0.16725800;0.15887200;0.15080600;0.14308200;0.13568400;0.12858600;0.12174700;0.11512300;0.10853700;0.10211800;0.09587700;0.08981470;0.08394170;0.07827790;0.07284980;0.06768490;0.06280290;0.05821660;0.05392900;0.04993880;0.04624160;0.04282400;0.03966930;0.03679460;0.03413960;0.03170300;         ;         ;         ;         ;         ;         ;         ;         ;         ;         ;         ;         ;         ;         ;         
;95% UL;0.00040306;0.00065550;0.00122507;0.00260359;0.00566568;0.01195920;0.02356780;0.04039010;0.06152330;0.08591100;0.11214500;0.13963400;0.16631200;0.19056000;0.21183900;0.22964200;0.24511200;0.25752400;0.26685900;0.27333900;0.27717900;0.28000100;0.28276400;0.28485600;0.28569800;0.28635900;0.28908800;0.29174100;0.29297300;0.29277200;0.29240400;0.29127600;0.28913700;0.28564300;0.28108300;0.27572400;0.26944400;0.26273200;0.25518700;0.24688900;0.23799700;0.22868400;0.21927200;0.21013300;0.20096400;0.19174700;0.18303200;0.17446300;0.16662600;0.15908700;0.15179800;0.14440000;0.13702900;0.12978200;0.12264600;0.11561800;0.10870900;0.10194300;0.09537110;0.08911570;0.08314020;0.07745470;0.07217420;0.06715270;0.06240770;0.05799840;0.05391310;0.05013240;0.04662010;0.04345270;0.04054720;         ;         ;         ;         ;         ;         ;         ;         ;         ;         ;         ;         ;         ;         ;         
HIV prevalence in pregnant women, 15-19;Mean;0.00030958;0.00049109;0.00093245;0.00194123;0.00419544;0.00892238;0.01774850;0.03210990;0.05232000;0.07718110;0.10416700;0.13090700;0.15304000;0.16960000;0.18040700;0.18585200;0.18616300;0.18218900;0.17531900;0.16695100;0.15783400;0.14881000;0.14088200;0.13399600;0.12661400;0.11975300;0.11477700;0.11081500;0.10847500;0.10718700;0.10639600;0.10599400;0.10580200;0.10467700;0.10272200;0.10063000;0.09715230;0.09346080;0.08970970;0.08612380;0.08196260;0.07713710;0.07160960;0.06536900;0.05885610;0.05302340;0.04815620;0.04366850;0.03933120;0.03526180;0.03199030;0.02907000;0.02662230;0.02440630;0.02237220;0.02053560;0.01890280;0.01746460;0.01622170;0.01512680;0.01415630;0.01329470;0.01252130;0.01181810;0.01116790;0.01056090;0.00999092;0.00945334;0.00894471;0.00846273;0.00800605;         ;         ;         ;         ;         ;         ;         ;         ;         ;         ;         ;         ;         ;         ;         
;95% LL;0.00015033;0.00024811;0.00050801;0.00110860;0.00257400;0.00582359;0.01251530;0.02424560;0.04231530;0.06447350;0.08912060;0.11463700;0.13643700;0.15376800;0.16465300;0.17041200;0.17143900;0.16800300;0.16143900;0.15372500;0.14537100;0.13701800;0.12997400;0.12397500;0.11739200;0.11099500;0.10625600;0.10241800;0.10007500;0.09889120;0.09816660;0.09777520;0.09752410;0.09659330;0.09484470;0.09258390;0.08908910;0.08543170;0.08187640;0.07847420;0.07453630;0.07005920;0.06495390;0.05920800;0.05325580;0.04793750;0.04350540;0.03941780;0.03549220;0.03184370;0.02888300;0.02618570;0.02391850;0.02195490;0.02009620;0.01840980;0.01694950;0.01566200;0.01454740;0.01355960;0.01268130;0.01188990;0.01118800;0.01054560;0.00994373;0.00939174;0.00885448;0.00834690;0.00786923;0.00741910;0.00701061;         ;         ;         ;         ;         ;         ;         ;         ;         ;         ;         ;         ;         ;         ;         
;95% UL;0.00045817;0.00071819;0.00133035;0.00272447;0.00571820;0.01182360;0.02291670;0.04038030;0.06358400;0.09077470;0.11917300;0.14646700;0.16816800;0.18366800;0.19439000;0.19889100;0.19840900;0.19451700;0.18716300;0.17821900;0.16846300;0.15881100;0.15029700;0.14290000;0.13502100;0.12774400;0.12250900;0.11834200;0.11585400;0.11445700;0.11360600;0.11321300;0.11306000;0.11189800;0.10985300;0.10763400;0.10398400;0.10015600;0.09628750;0.09259240;0.08827770;0.08321680;0.07736110;0.07068810;0.06366200;0.05738680;0.05218300;0.04737110;0.04272830;0.03837190;0.03484830;0.03171990;0.02917080;0.02689620;0.02478140;0.02284330;0.02110060;0.01954290;0.01818150;0.01697630;0.01591100;0.01496880;0.01413310;0.01337070;0.01266520;0.01200430;0.01137630;0.01078040;0.01022830;0.00970538;0.00920154;         ;         ;         ;         ;         ;         ;         ;         ;         ;         ;         ;         ;         ;         ;         
HIV prevalence in pregnant women, 20-24;Mean;0.00033616;0.00057812;0.00114826;0.00248353;0.00553667;0.01198630;0.02376440;0.04186940;0.06596220;0.09519900;0.12843700;0.16414300;0.19995500;0.23375700;0.26355000;0.28776900;0.30527400;0.31551900;0.31885700;0.31698500;0.31084200;0.30141900;0.29070700;0.27939400;0.26619700;0.25297100;0.24327100;0.23409800;0.22448800;0.21502600;0.20653200;0.19853700;0.19172700;0.18537800;0.17911800;0.17358200;0.16839700;0.16355800;0.15863400;0.15343400;0.14794400;0.14234700;0.13665500;0.13102100;0.12537200;0.11894300;0.11157000;0.10358400;0.09520820;0.08677940;0.07878200;0.07165810;0.06501670;0.05885170;0.05321890;0.04845530;0.04421750;0.04052970;0.03718240;0.03415300;0.03144650;0.02904820;0.02693690;0.02509500;0.02346600;0.02201600;0.02071910;0.01954550;0.01847070;0.01747510;0.01654590;         ;         ;         ;         ;         ;         ;         ;         ;         ;         ;         ;         ;         ;         ;         
;95% LL;0.00016305;0.00029597;0.00063068;0.00147776;0.00346679;0.00799222;0.01735220;0.03288820;0.05397470;0.08065410;0.11296300;0.14820700;0.18432300;0.21820200;0.24802600;0.27192800;0.29094200;0.30097400;0.30433400;0.30282400;0.29663200;0.28721900;0.27679300;0.26585200;0.25294500;0.23965700;0.23001500;0.22122500;0.21216800;0.20313500;0.19508500;0.18715100;0.18033200;0.17401100;0.16784000;0.16247100;0.15755600;0.15272600;0.14777300;0.14240600;0.13669000;0.13106000;0.12542400;0.12004400;0.11476900;0.10858300;0.10178900;0.09432190;0.08653760;0.07873920;0.07137000;0.06482710;0.05877140;0.05318510;0.04808320;0.04374260;0.03983470;0.03655110;0.03351850;0.03071360;0.02822460;0.02604860;0.02416700;0.02249940;0.02102490;0.01969070;0.01845660;0.01734180;0.01632330;0.01539070;0.01452280;         ;         ;         ;         ;         ;         ;         ;         ;         ;         ;         ;         ;         ;         ;         
;95% UL;0.00050136;0.00085373;0.00160895;0.00342759;0.00743998;0.01565140;0.03069460;0.05230960;0.07932410;0.11055600;0.14512000;0.18190500;0.21746000;0.25028100;0.27892300;0.30191500;0.31817000;0.32806000;0.33080600;0.33015300;0.32388100;0.31456100;0.30365200;0.29198800;0.27846800;0.26521100;0.25527000;0.24572200;0.23588900;0.22624600;0.21750900;0.20929300;0.20233100;0.19620300;0.19036300;0.18481300;0.17951100;0.17446700;0.16914700;0.16378700;0.15829000;0.15258600;0.14700500;0.14131300;0.13537100;0.12870000;0.12088600;0.11268800;0.10420600;0.09558130;0.08692380;0.07931080;0.07222410;0.06556510;0.05944700;0.05426470;0.04965020;0.04562150;0.04189550;0.03849710;0.03546140;0.03278620;0.03046120;0.02845680;0.02668990;0.02511700;0.02370600;0.02240340;0.02120960;0.02010230;0.01906700;         ;         ;         ;         ;         ;         ;         ;         ;         ;         ;         ;         ;         ;         ;         
HIV prevalence in pregnant women, 25-29;Mean;0.00027717;0.00045168;0.00088154;0.00191539;0.00431091;0.00940630;0.01873780;0.03303110;0.05182400;0.07423320;0.09935610;0.12631900;0.15405100;0.18173500;0.20865000;0.23439500;0.25839000;0.28016800;0.29895800;0.31538600;0.32873100;0.33865100;0.34530800;0.34860800;0.34814900;0.34592400;0.34524000;0.34276300;0.33691100;0.32873800;0.32016500;0.31114400;0.30151800;0.29067600;0.27903700;0.26729600;0.25547900;0.24365100;0.23296200;0.22307300;0.21382100;0.20564800;0.19834800;0.19129800;0.18433400;0.17744400;0.17067600;0.16397100;0.15741500;0.15082600;0.14343600;0.13499200;0.12583200;0.11619100;0.10642000;0.09701000;0.08849810;0.08055420;0.07321510;0.06653440;0.06081260;0.05571360;0.05123420;0.04715920;0.04347310;0.04017290;0.03723570;0.03463760;0.03235610;0.03032800;0.02851400;         ;         ;         ;         ;         ;         ;         ;         ;         ;         ;         ;         ;         ;         ;         
;95% LL;0.00013437;0.00023165;0.00048239;0.00114647;0.00272099;0.00624693;0.01371390;0.02463920;0.04094980;0.06140360;0.08597360;0.11193700;0.13942800;0.16704000;0.19423600;0.21981400;0.24414000;0.26651100;0.28591200;0.30239000;0.31528200;0.32478100;0.33116900;0.33443600;0.33332700;0.33103000;0.33041100;0.32788500;0.32222400;0.31405500;0.30531100;0.29663100;0.28688800;0.27633000;0.26525100;0.25379500;0.24222200;0.23066400;0.21979500;0.20960100;0.20018900;0.19198100;0.18477000;0.17794800;0.17118400;0.16422300;0.15739900;0.15073100;0.14431000;0.13807300;0.13082200;0.12280700;0.11419000;0.10513700;0.09614030;0.08752460;0.07977490;0.07257620;0.06594940;0.05992900;0.05478440;0.05020050;0.04616700;0.04240480;0.03900580;0.03596660;0.03326260;0.03091250;0.02883190;0.02697610;0.02526810;         ;         ;         ;         ;         ;         ;         ;         ;         ;         ;         ;         ;         ;         ;         
;95% UL;0.00041228;0.00066239;0.00123493;0.00263563;0.00580108;0.01241310;0.02446610;0.04175840;0.06239200;0.08652130;0.11269400;0.13955000;0.16802100;0.19580400;0.22186700;0.24709200;0.27151900;0.29313000;0.31200000;0.32753400;0.34130200;0.35164700;0.35827600;0.36208400;0.36306000;0.36046200;0.36011700;0.35723500;0.35134300;0.34291100;0.33434600;0.32535000;0.31572200;0.30457800;0.29259600;0.28066200;0.26884200;0.25690700;0.24611600;0.23645300;0.22746100;0.21963200;0.21223600;0.20536000;0.19838800;0.19122300;0.18417700;0.17768900;0.17137400;0.16488800;0.15700400;0.14797400;0.13823100;0.12786600;0.11728000;0.10724500;0.09816180;0.08966980;0.08181180;0.07463040;0.06838770;0.06281810;0.05791050;0.05342950;0.04930430;0.04564930;0.04241170;0.03953590;0.03699100;0.03472600;0.03272220;         ;         ;         ;         ;         ;         ;         ;         ;         ;         ;         ;         ;         ;         ;         
HIV prevalence in pregnant women, 30-34;Mean;0.00021691;0.00035813;0.00071943;0.00160136;0.00365652;0.00803577;0.01606330;0.02829380;0.04419080;0.06280110;0.08322080;0.10457800;0.12623900;0.14754900;0.16799100;0.18735800;0.20544400;0.22207700;0.23728700;0.25231200;0.26750700;0.28343800;0.30088800;0.31961400;0.33837000;0.35699700;0.37691400;0.39229200;0.40135900;0.40478100;0.40491000;0.40204500;0.39687200;0.38927500;0.37979600;0.36889400;0.35663800;0.34293800;0.32835900;0.31327500;0.29803500;0.28274500;0.26800300;0.25499500;0.24330100;0.23260100;0.22331000;0.21511000;0.20741500;0.19991900;0.19258600;0.18551900;0.17855400;0.17160600;0.16441700;0.15625900;0.14690100;0.13690000;0.12661100;0.11633600;0.10632900;0.09718350;0.08868240;0.08094710;0.07395810;0.06787820;0.06243960;0.05760370;0.05319230;0.04920740;0.04564100;         ;         ;         ;         ;         ;         ;         ;         ;         ;         ;         ;         ;         ;         ;         
;95% LL;0.00010497;0.00018341;0.00039243;0.00096295;0.00231794;0.00532335;0.01182000;0.02117980;0.03483710;0.05208930;0.07174080;0.09259200;0.11235200;0.13381700;0.15401400;0.17440300;0.19298700;0.20973200;0.22479300;0.23957900;0.25479400;0.27058400;0.28753900;0.30608900;0.32410600;0.34192400;0.36121400;0.37609200;0.38478600;0.38823600;0.38823500;0.38543500;0.38080700;0.37328300;0.36416700;0.35368400;0.34128400;0.32761500;0.31318700;0.29816300;0.28301200;0.26792000;0.25336400;0.24043800;0.22861100;0.21789900;0.20884400;0.20067800;0.19312400;0.18592800;0.17849000;0.17138500;0.16426200;0.15709800;0.14987900;0.14200000;0.13313800;0.12369600;0.11411800;0.10468400;0.09555160;0.08725170;0.07956870;0.07260110;0.06631860;0.06086440;0.05598340;0.05163950;0.04761660;0.04394250;0.04067180;         ;         ;         ;         ;         ;         ;         ;         ;         ;         ;         ;         ;         ;         ;         
;95% UL;0.00032313;0.00052785;0.00100263;0.00219505;0.00487874;0.01053720;0.02085750;0.03566350;0.05331450;0.07285890;0.09400810;0.11492300;0.13765100;0.15883700;0.17996500;0.20053700;0.21939100;0.23569100;0.25016000;0.26530900;0.28097500;0.29723900;0.31408900;0.33211200;0.35150100;0.37087600;0.39158200;0.40750100;0.41638200;0.42006400;0.42144600;0.41826800;0.41307000;0.40488200;0.39540400;0.38444500;0.37244200;0.35861400;0.34428500;0.32941700;0.31431000;0.29915000;0.28418000;0.27096700;0.25913400;0.24853800;0.23928800;0.23111700;0.22351700;0.21599300;0.20827400;0.20145300;0.19425000;0.18700300;0.17943600;0.17101400;0.16126600;0.15071200;0.13974300;0.12869700;0.11787700;0.10792600;0.09882090;0.09045050;0.08294150;0.07639040;0.07043540;0.06522220;0.06042880;0.05603550;0.05205430;         ;         ;         ;         ;         ;         ;         ;         ;         ;         ;         ;         ;         ;         ;         
HIV prevalence in pregnant women, 35-39;Mean;0.00016230;0.00025425;0.00049803;0.00110504;0.00253802;0.00563455;0.01143740;0.02056790;0.03291600;0.04796240;0.06506970;0.08345810;0.10254400;0.12153500;0.13979800;0.15699400;0.17281000;0.18693500;0.19950700;0.21147100;0.22312000;0.23510300;0.24845500;0.26359700;0.28026500;0.29940400;0.32342300;0.34795800;0.37120300;0.39208200;0.41070500;0.42587000;0.43657600;0.44241000;0.44404300;0.44233100;0.43702700;0.42916900;0.41913700;0.40722000;0.39365600;0.37911100;0.36345400;0.34710200;0.33049600;0.31394000;0.29756300;0.28193100;0.26839000;0.25630900;0.24528200;0.23576800;0.22735600;0.21944200;0.21168600;0.20411600;0.19687100;0.18970100;0.18241900;0.17474600;0.16597200;0.15589600;0.14528300;0.13453900;0.12389000;0.11341000;0.10381300;0.09492530;0.08692990;0.07972610;0.07339190;         ;         ;         ;         ;         ;         ;         ;         ;         ;         ;         ;         ;         ;         ;         
;95% LL;0.00007829;0.00012835;0.00027048;0.00066129;0.00160517;0.00368787;0.00830255;0.01599110;0.02587460;0.03920640;0.05548040;0.07268820;0.09087570;0.10946600;0.12771400;0.14508500;0.16087000;0.17520900;0.18720400;0.19829600;0.20958500;0.22135300;0.23448400;0.24941200;0.26589900;0.28454400;0.30792500;0.33287800;0.35607300;0.37606700;0.39399500;0.40824300;0.41890400;0.42456700;0.42646400;0.42503900;0.41968700;0.41174200;0.40233300;0.39032900;0.37676300;0.36172000;0.34624500;0.33003400;0.31410600;0.29804600;0.28182500;0.26662300;0.25308300;0.24089700;0.23007900;0.22065500;0.21242500;0.20427100;0.19675100;0.18926000;0.18150100;0.17395000;0.16660200;0.15913300;0.15073300;0.14120800;0.13127300;0.12129500;0.11146800;0.10184000;0.09306390;0.08497480;0.07779310;0.07133590;0.06560260;         ;         ;         ;         ;         ;         ;         ;         ;         ;         ;         ;         ;         ;         ;         
;95% UL;0.00024173;0.00037811;0.00070348;0.00150587;0.00337653;0.00740580;0.01472130;0.02580050;0.04002330;0.05598530;0.07455270;0.09243170;0.11251500;0.13117700;0.15035900;0.16850900;0.18544500;0.19964300;0.21177200;0.22380200;0.23561200;0.24775200;0.26162100;0.27728100;0.29491500;0.31454400;0.33820500;0.36218900;0.38614100;0.40749900;0.42599700;0.44179300;0.45271900;0.45893800;0.46065000;0.45868800;0.45454200;0.44743700;0.43680300;0.42544600;0.41197600;0.39750600;0.38177600;0.36498400;0.34807100;0.33086900;0.31427900;0.29904800;0.28587200;0.27402700;0.26316400;0.25377100;0.24542200;0.23694000;0.22895100;0.22111100;0.21363600;0.20624900;0.19888200;0.19090400;0.18172000;0.17111400;0.15979800;0.14829300;0.13687500;0.12572100;0.11551300;0.10593100;0.09733990;0.08962890;0.08283670;         ;         ;         ;         ;         ;         ;         ;         ;         ;         ;         ;         ;         ;         ;         
HIV prevalence in pregnant women, 40-49;Mean;0.00011135;0.00015594;0.00027817;0.00059362;0.00136111;0.00306730;0.00637414;0.01181760;0.01946620;0.02930630;0.04115210;0.05553110;0.07011460;0.08526810;0.10042200;0.11516600;0.12908800;0.14301600;0.15578200;0.16787200;0.17932800;0.19058000;0.20220900;0.21484000;0.22826700;0.24336900;0.26258000;0.28211300;0.30160400;0.32067200;0.34030200;0.36047600;0.38050200;0.39976000;0.41791500;0.43425200;0.44706900;0.45611400;0.46110400;0.46223400;0.46003400;0.45470500;0.44712400;0.43744300;0.42598700;0.41292900;0.39886900;0.38369300;0.36780300;0.35150000;0.33504000;0.31866900;0.30278400;0.28871500;0.27587500;0.26395200;0.25340000;0.24385500;0.23503200;0.22658100;0.21844200;0.21080700;0.20338000;0.19586700;0.18806200;0.17955600;0.17007600;0.16008800;0.14979000;0.13928500;0.12852700;         ;         ;         ;         ;         ;         ;         ;         ;         ;         ;         ;         ;         ;         ;         
;95% LL;0.00005362;0.00007738;0.00015039;0.00033976;0.00085635;0.00199452;0.00458662;0.00903249;0.01565000;0.02416460;0.03477720;0.04811210;0.06216840;0.07608080;0.09046080;0.10511100;0.11832200;0.13171500;0.14354500;0.15550500;0.16698900;0.17766700;0.18832200;0.20051300;0.21332500;0.22797200;0.24666100;0.26578600;0.28507600;0.30426000;0.32389700;0.34408300;0.36438000;0.38305300;0.40065200;0.41678800;0.42910500;0.43793700;0.44275800;0.44389000;0.44173600;0.43626000;0.42883200;0.41905700;0.40758100;0.39457500;0.38061200;0.36559200;0.34991700;0.33420300;0.31818300;0.30230000;0.28648800;0.27269000;0.26014100;0.24833100;0.23796200;0.22848600;0.21941400;0.21077200;0.20278600;0.19469600;0.18683300;0.17917200;0.17169000;0.16345700;0.15440400;0.14496900;0.13545900;0.12576100;0.11584900;         ;         ;         ;         ;         ;         ;         ;         ;         ;         ;         ;         ;         ;         ;         
;95% UL;0.00016529;0.00023236;0.00039823;0.00082648;0.00182387;0.00406303;0.00821615;0.01480060;0.02375050;0.03479780;0.04741000;0.06305070;0.07795790;0.09313200;0.10906700;0.12455100;0.13948300;0.15358800;0.16657000;0.17910600;0.19082500;0.20268200;0.21481400;0.22786500;0.24202000;0.25783700;0.27786200;0.29810900;0.31768600;0.33664500;0.35598100;0.37644500;0.39628800;0.41615500;0.43425800;0.45071900;0.46376800;0.47310500;0.47853500;0.47997400;0.47762100;0.47249100;0.46570200;0.45630100;0.44523900;0.43253800;0.41819900;0.40271700;0.38663700;0.36981600;0.35280100;0.33608400;0.32073800;0.30721700;0.29479900;0.28305500;0.27249400;0.26275200;0.25347200;0.24480500;0.23654300;0.22849600;0.22108200;0.21323100;0.20506500;0.19611900;0.18619800;0.17564700;0.16477900;0.15367600;0.14228300;         ;         ;         ;         ;         ;         ;         ;         ;         ;         ;         ;         ;         ;         ;         
HIV prevalence in females sex workers;Mean;0.00069598;0.00179742;0.00477591;0.01194460;0.02858540;0.06375220;0.12526200;0.20825900;0.29263700;0.36841100;0.43437300;0.49148600;0.53990300;0.57904300;0.61000400;0.63314600;0.64943100;0.66017700;0.66661500;0.67031800;0.67190900;0.67170800;0.67004100;0.66750700;0.66470000;0.66074000;0.65583100;0.65120300;0.64921400;0.64829300;0.64657200;0.64415600;0.63923600;0.63216600;0.62434900;0.61572900;0.60073700;0.58451700;0.56680900;0.54790700;0.52831900;0.50840400;0.48836600;0.46836900;0.44869200;0.42939700;0.41055500;0.39221400;0.37443500;0.35721000;0.34054300;0.32442300;0.30883200;0.29375700;0.27918500;0.26510600;0.25151400;0.23840200;0.22577100;0.21362000;0.20195400;0.19077500;0.18008700;0.16989200;0.16018800;0.15097300;0.14224300;0.13398800;0.12619800;0.11886100;0.11196000;         ;         ;         ;         ;         ;         ;         ;         ;         ;         ;         ;         ;         ;         ;         
;95% LL;0.00033732;0.00090559;0.00249891;0.00677012;0.01704580;0.03831080;0.07674870;0.13818000;0.20231900;0.26858600;0.33750900;0.40215600;0.45321300;0.49679300;0.53499500;0.56686700;0.58579100;0.60229800;0.61478600;0.62271800;0.62564900;0.62693300;0.62900300;0.62961200;0.62720800;0.62350000;0.61737900;0.60882600;0.60074900;0.59426500;0.58813400;0.58282900;0.57480600;0.56483600;0.55475500;0.54415800;0.52731300;0.50986000;0.49134200;0.47208300;0.45250400;0.43269000;0.41310800;0.39389700;0.37533800;0.35678800;0.33916200;0.32222700;0.30595100;0.29032400;0.27515300;0.26099200;0.24725100;0.23409900;0.22203100;0.21043100;0.19999100;0.19029200;0.18008300;0.16988900;0.16074100;0.15239300;0.14437800;0.13602500;0.12810400;0.12072000;0.11438500;0.10837800;0.10257900;0.09691040;0.09178070;         ;         ;         ;         ;         ;         ;         ;         ;         ;         ;         ;         ;         ;         ;         
;95% UL;0.00102028;0.00249800;0.00678215;0.01750700;0.04217360;0.09550730;0.18355800;0.29689600;0.39113700;0.46923300;0.52834300;0.57939900;0.62319800;0.65648700;0.67903700;0.69473600;0.70804800;0.71610900;0.72334200;0.72781500;0.72690100;0.72279500;0.71956600;0.71481800;0.71312000;0.70713700;0.70797500;0.70849400;0.71033000;0.71214700;0.71243100;0.71152700;0.70791900;0.70052600;0.69229100;0.68323400;0.66739000;0.65019700;0.63136300;0.61118500;0.59209900;0.57321900;0.55395200;0.53459600;0.51465100;0.49443500;0.47460000;0.45546600;0.43672600;0.41837900;0.40044000;0.38243000;0.36491400;0.34793100;0.33147000;0.31552100;0.30007700;0.28503500;0.27032500;0.25665300;0.24328600;0.23035100;0.21765500;0.20549100;0.19409300;0.18329800;0.17270300;0.16259100;0.15305900;0.14469300;0.13646600;         ;         ;         ;         ;         ;         ;         ;         ;         ;         ;         ;         ;         ;         ;         
HIV prevalence in men who have sex with men (ages 18+);Mean;0.00035465;0.00057861;0.00107238;0.00199057;0.00369438;0.00688182;0.01282420;0.02380690;0.04235450;0.07015320;0.10650700;0.14803800;0.18999000;0.22892500;0.26263500;0.29011500;0.31119400;0.32677300;0.33732800;0.34365600;0.34686900;0.34799200;0.34762800;0.34662600;0.34542000;0.34393500;0.34234900;0.34046200;0.33877400;0.33713300;0.33515700;0.33340800;0.33110900;0.32698300;0.32165400;0.31559000;0.30924700;0.30280800;0.29589900;0.28868100;0.28134900;0.27402100;0.26682400;0.25986000;0.25308200;0.24648600;0.24004200;0.23373400;0.22759400;0.22164400;0.21588200;0.21033300;0.20492700;0.19964800;0.19450200;0.18947100;0.18452700;0.17967000;0.17490100;0.17022800;0.16565800;0.16119600;0.15684700;0.15261600;0.14850000;0.14450000;0.14061300;0.13683900;0.13317600;0.12962200;0.12617800;         ;         ;         ;         ;         ;         ;         ;         ;         ;         ;         ;         ;         ;         ;         
;95% LL;0.00017189;0.00027858;0.00051942;0.00096291;0.00178626;0.00326541;0.00627809;0.01317740;0.02616580;0.04681800;0.07573290;0.11226700;0.15262600;0.19287300;0.22975400;0.26128800;0.28661700;0.30615900;0.32024600;0.32962500;0.33504600;0.33609700;0.33625000;0.33499600;0.33341700;0.33151700;0.32972300;0.32780200;0.32619500;0.32471100;0.32295900;0.32145700;0.31938200;0.31548300;0.31051600;0.30483500;0.29889700;0.29267200;0.28606300;0.27908200;0.27209400;0.26525500;0.25856500;0.25212000;0.24586400;0.23978700;0.23381700;0.22774200;0.22177300;0.21610100;0.21050100;0.20538200;0.20014500;0.19525800;0.19037500;0.18557100;0.18074400;0.17594600;0.17105000;0.16623100;0.16151900;0.15692000;0.15243800;0.14807600;0.14383300;0.13970800;0.13570000;0.13180700;0.12802700;0.12436000;0.12080400;         ;         ;         ;         ;         ;         ;         ;         ;         ;         ;         ;         ;         ;         ;         
;95% UL;0.00051990;0.00088272;0.00166736;0.00322638;0.00608255;0.01145470;0.02113680;0.03852020;0.06656150;0.10444800;0.14823300;0.19250600;0.23224900;0.26556900;0.29205600;0.31466200;0.33100200;0.34186900;0.34947400;0.35446400;0.35740400;0.35863500;0.35792600;0.35699400;0.35599400;0.35466600;0.35308100;0.35103000;0.34927700;0.34747900;0.34530300;0.34332000;0.34073300;0.33617200;0.33051400;0.32379800;0.31706700;0.31039200;0.30328900;0.29585100;0.28830500;0.28076400;0.27334100;0.26614000;0.25909200;0.25220700;0.24547000;0.23891200;0.23261800;0.22636800;0.22039500;0.21459700;0.20894400;0.20348500;0.19830200;0.19317500;0.18812100;0.18341300;0.17879000;0.17425900;0.16982700;0.16527900;0.16127100;0.15718400;0.15319600;0.14932100;0.14555900;0.14190600;0.13836300;0.13492700;0.13159900;         ;         ;         ;         ;         ;         ;         ;         ;         ;         ;         ;         ;         ;         ;         
HIV prevalence in male clients of sex workers;Mean;0.00030237;0.00046957;0.00098196;0.00227087;0.00536726;0.01231900;0.02602340;0.04845970;0.07852230;0.11358300;0.15126900;0.18954300;0.22626200;0.25977800;0.28892100;0.31314600;0.33231700;0.34703800;0.35768800;0.36496500;0.36939200;0.37203900;0.37350900;0.37473000;0.37607100;0.37750600;0.37941100;0.38144500;0.38348300;0.38509500;0.38590100;0.38602100;0.38526200;0.38339300;0.38094900;0.37776400;0.37365100;0.36885900;0.36342000;0.35721200;0.35037900;0.34309800;0.33547300;0.32759900;0.31957700;0.31142100;0.30313500;0.29472700;0.28627000;0.27779600;0.26934000;0.26092300;0.25254800;0.24420600;0.23589100;0.22759900;0.21932300;0.21106300;0.20282500;0.19462300;0.18647500;0.17840400;0.17043000;0.16257700;0.15486800;0.14732400;0.13996700;0.13281700;0.12589500;0.11921700;0.11279900;         ;         ;         ;         ;         ;         ;         ;         ;         ;         ;         ;         ;         ;         ;         
;95% LL;0.00014445;0.00023550;0.00052513;0.00125062;0.00307445;0.00746713;0.01665430;0.03330220;0.05615380;0.08750020;0.12112700;0.15662800;0.19181200;0.22488900;0.25438900;0.28091400;0.30322300;0.31916700;0.32946800;0.33741400;0.34666100;0.35054300;0.35323700;0.35404900;0.35496300;0.35615600;0.35799300;0.36009300;0.36225600;0.36403800;0.36508200;0.36553500;0.36516800;0.36368500;0.36161100;0.35878500;0.35504600;0.35063800;0.34559100;0.33979500;0.33340100;0.32657800;0.31942500;0.31203100;0.30447800;0.29677700;0.28893500;0.28096800;0.27294900;0.26491200;0.25689300;0.24891000;0.24096200;0.23304200;0.22479300;0.21654100;0.20833900;0.20023800;0.19205000;0.18398900;0.17600000;0.16803500;0.16016300;0.15244500;0.14493200;0.13764100;0.13056200;0.12371400;0.11711300;0.11077400;0.10470800;         ;         ;         ;         ;         ;         ;         ;         ;         ;         ;         ;         ;         ;         ;         
;95% UL;0.00044215;0.00067535;0.00138597;0.00317504;0.00760110;0.01723960;0.03669980;0.06551780;0.10134500;0.14088600;0.18098000;0.21985800;0.25857500;0.29070200;0.31732800;0.34050100;0.35854700;0.37205400;0.38150200;0.38839500;0.39326900;0.39569600;0.39710500;0.39827000;0.39971800;0.40107300;0.40270400;0.40431900;0.40586800;0.40773500;0.40800700;0.40730200;0.40597700;0.40447400;0.40187200;0.39863800;0.39456700;0.38950300;0.38388800;0.37746400;0.37038200;0.36283200;0.35452700;0.34590200;0.33769800;0.32941600;0.32099100;0.31231700;0.30336100;0.29453100;0.28587900;0.27705400;0.26832800;0.25947200;0.25064700;0.24185300;0.23324800;0.22467800;0.21612700;0.20761300;0.19914000;0.19074400;0.18244400;0.17435900;0.16641600;0.15860600;0.15095200;0.14347600;0.13620100;0.12914700;0.12233500;         ;         ;         ;         ;         ;         ;         ;         ;         ;         ;         ;         ;         ;         ;         
;;         ;         ;         ;         ;         ;         ;         ;         ;         ;         ;         ;         ;         ;         ;         ;         ;         ;         ;         ;         ;         ;         ;         ;         ;         ;         ;         ;         ;         ;         ;         ;         ;         ;         ;         ;         ;         ;         ;         ;         ;         ;         ;         ;         ;         ;         ;         ;         ;         ;         ;         ;         ;         ;         ;         ;         ;         ;         ;         ;         ;         ;         ;         ;         ;         ;         ;         ;         ;         ;         ;         ;         ;         ;         ;         ;         ;         ;         ;         ;         ;         ;         ;         ;         ;         ;         
Antiretroviral treatment uptake, coverage and interruption;;         ;         ;         ;         ;         ;         ;         ;         ;         ;         ;         ;         ;         ;         ;         ;         ;         ;         ;         ;         ;         ;         ;         ;         ;         ;         ;         ;         ;         ;         ;         ;         ;         ;         ;         ;         ;         ;         ;         ;         ;         ;         ;         ;         ;         ;         ;         ;         ;         ;         ;         ;         ;         ;         ;         ;         ;         ;         ;         ;         ;         ;         ;         ;         ;         ;         ;         ;         ;         ;         ;         ;         ;         ;         ;         ;         ;         ;         ;         ;         ;         ;         ;         ;         ;         ;         
;;         ;         ;         ;         ;         ;         ;         ;         ;         ;         ;         ;         ;         ;         ;         ;         ;         ;         ;         ;         ;         ;         ;         ;         ;         ;         ;         ;         ;         ;         ;         ;         ;         ;         ;         ;         ;         ;         ;         ;         ;         ;         ;         ;         ;         ;         ;         ;         ;         ;         ;         ;         ;         ;         ;         ;         ;         ;         ;         ;         ;         ;         ;         ;         ;         ;         ;         ;         ;         ;         ;         ;         ;         ;         ;         ;         ;         ;         ;         ;         ;         ;         ;         ;         ;         ;         
Total number starting ART;Mean;         ;         ;         ;         ;         ;         ;         ;         ;         ;         ;         ;         ;         ;         ;         ;9665.41000000;12381.70000000;15483.00000000;19177.50000000;82456.20000000;137453.00000000;203229.00000000;267712.00000000;318119.00000000;421879.00000000;534147.00000000;728090.00000000;630085.00000000;490332.00000000;510516.00000000;554375.00000000;622740.00000000;528049.00000000;441356.00000000;421108.00000000;377929.00000000;354596.00000000;329989.00000000;298331.00000000;273055.00000000;245942.00000000;222903.00000000;203788.00000000;180319.00000000;164673.00000000;153360.00000000;144560.00000000;137261.00000000;130858.00000000;125016.00000000;119522.00000000;114251.00000000;109148.00000000;104213.00000000;99465.50000000;94920.40000000;90585.20000000;86462.10000000;82549.70000000;78844.30000000;75338.90000000;72023.10000000;68884.90000000;65911.30000000;63089.80000000;60408.70000000;57857.60000000;55426.90000000;53108.00000000;50893.10000000;48775.10000000;         ;         ;         ;         ;         ;         ;         ;         ;         ;         ;         ;         ;         ;         ;         
;95% LL;         ;         ;         ;         ;         ;         ;         ;         ;         ;         ;         ;         ;         ;         ;         ;9651.75000000;12364.10000000;15464.40000000;19151.10000000;82337.60000000;137236.00000000;202945.00000000;267323.00000000;317556.00000000;420888.00000000;532925.00000000;726571.00000000;628344.00000000;489021.00000000;509347.00000000;552706.00000000;621156.00000000;526406.00000000;439710.00000000;418662.00000000;359023.00000000;326526.00000000;298548.00000000;268575.00000000;246213.00000000;222913.00000000;203536.00000000;187604.00000000;168365.00000000;155091.00000000;145144.00000000;137143.00000000;130311.00000000;124184.00000000;118509.00000000;113125.00000000;107937.00000000;102911.00000000;98055.10000000;93393.20000000;88942.00000000;84708.30000000;80693.10000000;76893.40000000;73303.70000000;69915.00000000;66715.60000000;63691.80000000;60830.10000000;58117.20000000;55541.10000000;53091.10000000;50757.70000000;48532.20000000;46407.10000000;44375.80000000;         ;         ;         ;         ;         ;         ;         ;         ;         ;         ;         ;         ;         ;         ;         
;95% UL;         ;         ;         ;         ;         ;         ;         ;         ;         ;         ;         ;         ;         ;         ;         ;9681.47000000;12401.10000000;15502.00000000;19201.90000000;82587.10000000;137657.00000000;203520.00000000;268095.00000000;318674.00000000;422987.00000000;535517.00000000;729827.00000000;632189.00000000;491923.00000000;512016.00000000;556432.00000000;624854.00000000;530064.00000000;443305.00000000;423823.00000000;400627.00000000;389176.00000000;369377.00000000;335535.00000000;305980.00000000;274230.00000000;246311.00000000;223997.00000000;195331.00000000;176259.00000000;163351.00000000;153563.00000000;145596.00000000;138799.00000000;132638.00000000;126982.00000000;121597.00000000;116422.00000000;111379.00000000;106494.00000000;101790.00000000;97278.30000000;92967.90000000;88861.80000000;84961.10000000;81262.40000000;77758.50000000;74439.30000000;71293.00000000;68307.70000000;65472.20000000;62775.80000000;60208.90000000;57762.40000000;55427.80000000;53227.50000000;         ;         ;         ;         ;         ;         ;         ;         ;         ;         ;         ;         ;         ;         ;         
Males aged 15+ starting ART;Mean;         ;         ;         ;         ;         ;         ;         ;         ;         ;         ;         ;         ;         ;         ;         ;3055.05000000;3768.33000000;4564.30000000;5364.58000000;22440.00000000;37980.60000000;57702.50000000;77630.80000000;92549.20000000;126240.00000000;166150.00000000;230883.00000000;210789.00000000;164978.00000000;163440.00000000;181755.00000000;207906.00000000;181796.00000000;156463.00000000;156602.00000000;141647.00000000;130992.00000000;127362.00000000;113970.00000000;104704.00000000;93081.50000000;82966.50000000;74492.10000000;64960.70000000;58362.20000000;53563.00000000;49912.50000000;47004.80000000;44581.40000000;42479.10000000;40586.00000000;38830.20000000;37169.20000000;35580.30000000;34054.40000000;32588.60000000;31182.50000000;29836.00000000;28549.00000000;27321.00000000;26151.00000000;25037.40000000;23977.80000000;22969.60000000;22010.00000000;21096.20000000;20225.70000000;19396.10000000;18605.00000000;17850.50000000;17130.50000000;         ;         ;         ;         ;         ;         ;         ;         ;         ;         ;         ;         ;         ;         ;         
;95% LL;         ;         ;         ;         ;         ;         ;         ;         ;         ;         ;         ;         ;         ;         ;         ;3047.57000000;3759.70000000;4555.33000000;5355.90000000;22422.90000000;37932.20000000;57631.00000000;77537.90000000;92425.80000000;125982.00000000;165683.00000000;230249.00000000;209965.00000000;164466.00000000;163127.00000000;181210.00000000;207276.00000000;181163.00000000;155861.00000000;155622.00000000;134612.00000000;120522.00000000;114714.00000000;101705.00000000;93192.40000000;82956.80000000;74293.10000000;67159.70000000;59541.50000000;54078.20000000;49971.60000000;46751.60000000;44115.30000000;41866.30000000;39879.50000000;38067.70000000;36374.60000000;34767.10000000;33228.00000000;31750.40000000;30332.50000000;28974.20000000;27675.20000000;26434.90000000;25252.60000000;24126.90000000;23055.70000000;22036.70000000;21067.00000000;20144.00000000;19264.90000000;18427.40000000;17629.10000000;16868.10000000;16142.40000000;15450.30000000;         ;         ;         ;         ;         ;         ;         ;         ;         ;         ;         ;         ;         ;         ;         
;95% UL;         ;         ;         ;         ;         ;         ;         ;         ;         ;         ;         ;         ;         ;         ;         ;3063.51000000;3778.98000000;4575.07000000;5374.92000000;22462.10000000;38044.50000000;57811.80000000;77776.70000000;92725.60000000;126532.00000000;166674.00000000;231489.00000000;211568.00000000;165493.00000000;163813.00000000;182332.00000000;208607.00000000;182466.00000000;157088.00000000;157561.00000000;149299.00000000;142699.00000000;141717.00000000;128103.00000000;118052.00000000;104794.00000000;92940.40000000;82847.30000000;71134.70000000;63256.70000000;57658.80000000;53476.80000000;50205.00000000;47524.40000000;45233.20000000;43238.30000000;41336.80000000;39673.70000000;38041.70000000;36440.70000000;34939.20000000;33482.30000000;32081.40000000;30796.30000000;29581.30000000;28370.30000000;27168.50000000;26036.30000000;24971.00000000;23948.60000000;22964.10000000;22024.50000000;21127.20000000;20300.00000000;19525.50000000;18814.90000000;         ;         ;         ;         ;         ;         ;         ;         ;         ;         ;         ;         ;         ;         ;         
Females aged 15+ starting ART;Mean;         ;         ;         ;         ;         ;         ;         ;         ;         ;         ;         ;         ;         ;         ;         ;5828.24000000;7567.36000000;9688.11000000;12246.70000000;51466.80000000;86258.80000000;128481.00000000;169168.00000000;197445.00000000;256183.00000000;319142.00000000;467898.00000000;388924.00000000;301044.00000000;324388.00000000;350014.00000000;398477.00000000;332567.00000000;272922.00000000;253634.00000000;232832.00000000;219987.00000000;199229.00000000;179699.00000000;162630.00000000;146386.00000000;133082.00000000;122441.00000000;109443.00000000;101081.00000000;95080.50000000;90335.50000000;86269.70000000;82562.10000000;79057.60000000;75663.00000000;72331.00000000;69058.50000000;65872.00000000;62801.80000000;59867.90000000;57078.80000000;54437.00000000;51941.50000000;49588.70000000;47372.30000000;45283.70000000;43312.70000000;41449.20000000;39683.30000000;38006.00000000;36409.60000000;34887.00000000;33432.20000000;32039.60000000;30704.60000000;         ;         ;         ;         ;         ;         ;         ;         ;         ;         ;         ;         ;         ;         ;         
;95% LL;         ;         ;         ;         ;         ;         ;         ;         ;         ;         ;         ;         ;         ;         ;         ;5817.31000000;7551.04000000;9668.54000000;12224.10000000;51430.70000000;86159.40000000;128327.00000000;168933.00000000;197123.00000000;255593.00000000;318244.00000000;467168.00000000;388126.00000000;300440.00000000;323785.00000000;349104.00000000;397465.00000000;331402.00000000;271769.00000000;252060.00000000;218111.00000000;198856.00000000;177275.00000000;159790.00000000;145426.00000000;132033.00000000;121070.00000000;112294.00000000;101988.00000000;94810.30000000;89383.50000000;85143.30000000;81521.70000000;77883.80000000;74467.40000000;71195.00000000;67930.90000000;64727.50000000;61621.30000000;58639.90000000;55800.80000000;53110.50000000;50569.40000000;48174.80000000;45921.90000000;43803.30000000;41809.40000000;39929.90000000;38154.30000000;36472.80000000;34876.60000000;33357.90000000;31910.00000000;30526.90000000;29203.50000000;27935.30000000;         ;         ;         ;         ;         ;         ;         ;         ;         ;         ;         ;         ;         ;         ;         
;95% UL;         ;         ;         ;         ;         ;         ;         ;         ;         ;         ;         ;         ;         ;         ;         ;5841.63000000;7584.39000000;9709.85000000;12272.60000000;51510.90000000;86384.70000000;128699.00000000;169491.00000000;197902.00000000;256994.00000000;320366.00000000;468761.00000000;389974.00000000;301851.00000000;325130.00000000;351158.00000000;399726.00000000;333911.00000000;274243.00000000;255425.00000000;250529.00000000;246248.00000000;227227.00000000;205904.00000000;185251.00000000;165238.00000000;148404.00000000;134868.00000000;119073.00000000;109119.00000000;102837.00000000;97968.20000000;93646.90000000;89741.30000000;86076.80000000;82536.20000000;79059.00000000;75631.10000000;72206.00000000;68907.90000000;65870.60000000;62968.70000000;60208.10000000;57590.80000000;55116.20000000;52779.90000000;50574.90000000;48488.90000000;46505.30000000;44599.50000000;42787.50000000;41061.20000000;39413.70000000;37838.70000000;36330.20000000;34881.00000000;         ;         ;         ;         ;         ;         ;         ;         ;         ;         ;         ;         ;         ;         ;         
Children aged <15 starting ART;Mean;         ;         ;         ;         ;         ;         ;         ;         ;         ;         ;         ;         ;         ;         ;         ;782.12200000;1046.04000000;1230.56000000;1566.21000000;8549.45000000;13213.70000000;17045.00000000;20913.30000000;28125.30000000;39456.30000000;48854.50000000;29309.10000000;30372.00000000;24309.80000000;22688.30000000;22605.90000000;16357.80000000;13685.80000000;11971.10000000;10872.20000000;3450.46000000;3617.08000000;3398.81000000;4661.62000000;5720.95000000;6474.12000000;6854.70000000;6854.04000000;5915.03000000;5229.50000000;4716.13000000;4312.55000000;3986.96000000;3714.22000000;3478.92000000;3273.23000000;3089.37000000;2920.07000000;2760.92000000;2609.38000000;2463.95000000;2323.92000000;2189.02000000;2059.24000000;1934.68000000;1815.56000000;1702.07000000;1594.35000000;1492.48000000;1396.52000000;1306.48000000;1222.30000000;1143.78000000;1070.73000000;1002.90000000;940.04000000;         ;         ;         ;         ;         ;         ;         ;         ;         ;         ;         ;         ;         ;         ;         
;95% LL;         ;         ;         ;         ;         ;         ;         ;         ;         ;         ;         ;         ;         ;         ;         ;755.06200000;1011.99000000;1198.23000000;1527.79000000;8394.53000000;12947.40000000;16755.90000000;20578.80000000;27636.80000000;38653.80000000;47750.20000000;28372.70000000;29336.50000000;23572.70000000;21971.10000000;21925.60000000;16023.80000000;13487.70000000;11827.30000000;10738.80000000;3265.98000000;3419.28000000;3205.63000000;4394.64000000;5391.24000000;6107.10000000;6474.38000000;6483.90000000;5592.87000000;4947.56000000;4451.22000000;4059.37000000;3745.98000000;3483.07000000;3258.62000000;3057.89000000;2880.78000000;2719.19000000;2564.71000000;2419.17000000;2279.76000000;2147.18000000;2020.80000000;1898.48000000;1780.21000000;1667.35000000;1560.06000000;1458.44000000;1362.51000000;1272.32000000;1187.82000000;1108.93000000;1035.46000000;967.19400000;905.09300000;847.61700000;         ;         ;         ;         ;         ;         ;         ;         ;         ;         ;         ;         ;         ;         ;         
;95% UL;         ;         ;         ;         ;         ;         ;         ;         ;         ;         ;         ;         ;         ;         ;         ;808.74400000;1077.49000000;1263.21000000;1605.00000000;8704.77000000;13480.00000000;17343.20000000;21249.90000000;28572.10000000;40234.90000000;49889.50000000;30141.20000000;31302.20000000;24986.20000000;23378.10000000;23286.40000000;16708.80000000;13903.10000000;12140.80000000;11031.90000000;3676.47000000;3862.98000000;3638.58000000;4997.36000000;6137.64000000;6941.81000000;7341.34000000;7341.65000000;6334.11000000;5604.09000000;5059.58000000;4632.57000000;4288.54000000;4000.36000000;3761.85000000;3554.86000000;3369.30000000;3194.39000000;3027.34000000;2867.65000000;2717.49000000;2572.26000000;2431.59000000;2293.84000000;2159.83000000;2030.66000000;1906.96000000;1789.00000000;1677.01000000;1575.95000000;1480.51000000;1387.10000000;1299.78000000;1218.41000000;1142.77000000;1072.63000000;         ;         ;         ;         ;         ;         ;         ;         ;         ;         ;         ;         ;         ;         ;         
Adults starting ART at CD4 <200;Mean;         ;         ;         ;         ;         ;         ;         ;         ;         ;         ;         ;         ;         ;         ;         ;8047.31000000;10297.10000000;12992.50000000;16107.70000000;67488.50000000;112881.00000000;168368.00000000;221570.00000000;257664.00000000;327074.00000000;361402.00000000;344870.00000000;245784.00000000;191849.00000000;158971.00000000;150109.00000000;137420.00000000;116666.00000000;101585.00000000;96618.70000000;89966.00000000;79777.20000000;69579.20000000;57638.20000000;47999.20000000;39160.90000000;32112.20000000;26692.50000000;21997.80000000;19116.90000000;17192.90000000;15837.80000000;14833.70000000;14060.20000000;13438.50000000;12913.80000000;12453.90000000;12039.20000000;11655.40000000;11292.80000000;10945.90000000;10612.00000000;10289.60000000;9977.66000000;9675.68000000;9383.11000000;9099.47000000;8824.29000000;8557.02000000;8297.08000000;8043.88000000;7796.88000000;7555.64000000;7319.77000000;7088.93000000;6862.83000000;         ;         ;         ;         ;         ;         ;         ;         ;         ;         ;         ;         ;         ;         ;         
;95% LL;         ;         ;         ;         ;         ;         ;         ;         ;         ;         ;         ;         ;         ;         ;         ;8025.42000000;10272.20000000;12963.90000000;16075.80000000;67241.50000000;112486.00000000;167700.00000000;220590.00000000;256300.00000000;324864.00000000;356685.00000000;335536.00000000;238736.00000000;185232.00000000;150602.00000000;141530.00000000;128294.00000000;108884.00000000;94621.20000000;88955.80000000;78632.50000000;67387.40000000;57889.50000000;47960.80000000;40311.00000000;33369.00000000;27860.80000000;23628.40000000;19967.90000000;17639.30000000;16034.80000000;14874.40000000;13991.60000000;13294.00000000;12719.50000000;12224.00000000;11782.50000000;11379.80000000;11004.00000000;10647.10000000;10305.00000000;9975.28000000;9656.78000000;9348.71000000;9050.57000000;8761.85000000;8482.09000000;8210.78000000;7947.38000000;7691.29000000;7441.93000000;7198.78000000;6961.42000000;6729.48000000;6502.68000000;6280.75000000;         ;         ;         ;         ;         ;         ;         ;         ;         ;         ;         ;         ;         ;         ;         
;95% UL;         ;         ;         ;         ;         ;         ;         ;         ;         ;         ;         ;         ;         ;         ;         ;8064.29000000;10316.60000000;13015.10000000;16133.10000000;67697.00000000;113250.00000000;168977.00000000;222489.00000000;258976.00000000;329397.00000000;366566.00000000;354799.00000000;253957.00000000;199319.00000000;168414.00000000;160233.00000000;147728.00000000;125667.00000000;109506.00000000;105016.00000000;103065.00000000;94821.50000000;83381.70000000;68906.80000000;56725.10000000;45725.30000000;36925.70000000;30243.50000000;24447.00000000;20966.10000000;18683.60000000;17100.90000000;15946.70000000;15072.60000000;14382.10000000;13809.60000000;13314.20000000;12872.80000000;12467.60000000;12086.90000000;11724.00000000;11375.30000000;11040.80000000;10719.10000000;10402.80000000;10096.20000000;9798.83000000;9511.29000000;9242.77000000;8981.51000000;8726.88000000;8478.34000000;8235.39000000;7997.61000000;7764.60000000;7536.01000000;         ;         ;         ;         ;         ;         ;         ;         ;         ;         ;         ;         ;         ;         ;         
Adults starting ART at CD4 200-349;Mean;         ;         ;         ;         ;         ;         ;         ;         ;         ;         ;         ;         ;         ;         ;         ;799.03300000;1000.38000000;1221.13000000;1464.48000000;6211.99000000;10690.60000000;16575.80000000;23434.00000000;30274.60000000;52392.00000000;120085.00000000;350460.00000000;327360.00000000;248600.00000000;205516.00000000;191367.00000000;169313.00000000;138273.00000000;116442.00000000;109983.00000000;100717.00000000;92554.80000000;84210.80000000;73311.80000000;64411.70000000;55519.30000000;48097.00000000;42084.20000000;35987.80000000;32060.50000000;29370.20000000;27419.60000000;25915.80000000;24685.70000000;23627.00000000;22674.10000000;21788.50000000;20947.40000000;20138.20000000;19355.80000000;18599.80000000;17871.40000000;17171.40000000;16499.90000000;15856.90000000;15241.80000000;14653.70000000;14091.20000000;13552.90000000;13037.00000000;12541.80000000;12065.80000000;11607.70000000;11166.30000000;10740.50000000;10329.50000000;         ;         ;         ;         ;         ;         ;         ;         ;         ;         ;         ;         ;         ;         ;         
;95% LL;         ;         ;         ;         ;         ;         ;         ;         ;         ;         ;         ;         ;         ;         ;         ;767.03200000;960.09700000;1174.36000000;1412.33000000;5990.64000000;10266.80000000;15861.40000000;22349.90000000;28789.90000000;49834.20000000;114510.00000000;341213.00000000;321530.00000000;243512.00000000;204071.00000000;189965.00000000;166097.00000000;135644.00000000;114351.00000000;107615.00000000;94236.80000000;83758.30000000;74552.70000000;64355.20000000;56547.20000000;49018.10000000;42881.40000000;37976.50000000;33108.60000000;29881.20000000;27601.80000000;25895.80000000;24537.90000000;23394.50000000;22387.00000000;21464.70000000;20598.30000000;19771.00000000;18973.20000000;18201.90000000;17457.70000000;16741.90000000;16055.50000000;15398.50000000;14770.60000000;14171.10000000;13598.80000000;13052.30000000;12529.70000000;12029.50000000;11549.70000000;11088.80000000;10645.60000000;10218.70000000;9807.32000000;9410.47000000;         ;         ;         ;         ;         ;         ;         ;         ;         ;         ;         ;         ;         ;         ;         
;95% UL;         ;         ;         ;         ;         ;         ;         ;         ;         ;         ;         ;         ;         ;         ;         ;835.61700000;1052.51000000;1282.36000000;1531.85000000;6500.91000000;11236.00000000;17431.90000000;24631.80000000;31894.10000000;55263.80000000;125999.00000000;359464.00000000;332805.00000000;253151.00000000;207005.00000000;192775.00000000;172446.00000000;140780.00000000;118411.00000000;112253.00000000;108371.00000000;103276.00000000;96300.00000000;84502.40000000;74064.40000000;63260.60000000;54293.70000000;46883.80000000;39337.40000000;34790.00000000;31546.60000000;29286.70000000;27555.80000000;26165.70000000;25028.50000000;24002.60000000;23075.90000000;22223.40000000;21405.20000000;20613.90000000;19848.00000000;19097.90000000;18374.00000000;17690.30000000;17035.00000000;16398.00000000;15777.90000000;15184.00000000;14614.90000000;14068.70000000;13544.00000000;13054.80000000;12587.20000000;12136.20000000;11700.80000000;11280.00000000;         ;         ;         ;         ;         ;         ;         ;         ;         ;         ;         ;         ;         ;         ;         
Adults starting ART at CD4 350-499;Mean;         ;         ;         ;         ;         ;         ;         ;         ;         ;         ;         ;         ;         ;         ;         ;20.86700000;22.01470000;22.80330000;23.30070000;124.37900000;406.12600000;760.32000000;1107.08000000;1274.39000000;1841.78000000;2379.52000000;2172.37000000;17838.60000000;17186.60000000;110258.00000000;173890.00000000;145187.00000000;114633.00000000;94111.00000000;89063.90000000;80813.50000000;76685.20000000;72527.60000000;66432.20000000;61516.90000000;55914.90000000;51030.10000000;46908.80000000;41723.80000000;38243.20000000;35738.80000000;33797.50000000;32183.50000000;30755.10000000;29437.70000000;28186.60000000;26974.70000000;25789.30000000;24630.60000000;23506.20000000;22423.70000000;21387.90000000;20401.00000000;19463.40000000;18574.70000000;17733.70000000;16938.40000000;16186.00000000;15473.50000000;14797.70000000;14155.80000000;13545.20000000;12963.70000000;12409.10000000;11879.70000000;11373.80000000;         ;         ;         ;         ;         ;         ;         ;         ;         ;         ;         ;         ;         ;         ;         
;95% LL;         ;         ;         ;         ;         ;         ;         ;         ;         ;         ;         ;         ;         ;         ;         ;19.12290000;20.23890000;21.12540000;21.71170000;116.79900000;381.35100000;714.52500000;1041.30000000;1195.26000000;1726.12000000;2232.21000000;2060.27000000;16887.30000000;16012.50000000;103257.00000000;165821.00000000;141488.00000000;111849.00000000;91650.60000000;86804.80000000;78802.60000000;72557.10000000;67158.80000000;60853.00000000;56129.30000000;51042.60000000;46764.70000000;43236.10000000;38977.60000000;36033.30000000;33839.10000000;32075.90000000;30562.50000000;29190.70000000;27905.50000000;26674.10000000;25476.80000000;24305.40000000;23162.40000000;22056.30000000;20994.80000000;19982.40000000;19020.90000000;18110.20000000;17249.50000000;16437.10000000;15670.40000000;14946.30000000;14261.50000000;13612.80000000;12997.10000000;12411.90000000;11854.90000000;11323.90000000;10817.20000000;10333.30000000;         ;         ;         ;         ;         ;         ;         ;         ;         ;         ;         ;         ;         ;         ;         
;95% UL;         ;         ;         ;         ;         ;         ;         ;         ;         ;         ;         ;         ;         ;         ;         ;23.10120000;24.35990000;25.07440000;25.47780000;134.70800000;438.02400000;818.59900000;1191.32000000;1369.70000000;1975.34000000;2543.56000000;2285.71000000;18793.90000000;18369.00000000;116986.00000000;181220.00000000;148333.00000000;117015.00000000;96239.30000000;91109.40000000;83150.90000000;81845.70000000;79115.20000000;73305.90000000;68237.50000000;62005.90000000;56328.60000000;51487.10000000;45181.10000000;40953.40000000;38053.10000000;35894.50000000;34116.90000000;32596.20000000;31227.50000000;29922.40000000;28672.60000000;27478.90000000;26302.40000000;25152.20000000;24037.50000000;22964.80000000;21937.30000000;20957.00000000;20024.50000000;19139.70000000;18301.30000000;17507.00000000;16754.30000000;16040.30000000;15362.00000000;14717.10000000;14103.10000000;13518.30000000;12959.70000000;12426.60000000;         ;         ;         ;         ;         ;         ;         ;         ;         ;         ;         ;         ;         ;         ;         
Adults starting ART at CD4 500+;Mean;         ;         ;         ;         ;         ;         ;         ;         ;         ;         ;         ;         ;         ;         ;         ;16.07720000;16.15570000;16.01770000;15.75860000;81.94400000;261.32600000;479.64300000;687.18900000;780.55900000;1115.26000000;1425.95000000;1278.12000000;8730.39000000;8387.11000000;13082.50000000;16403.10000000;154462.00000000;144793.00000000;117247.00000000;114571.00000000;102982.00000000;101962.00000000;100273.00000000;96286.90000000;93405.80000000;88872.30000000;84809.30000000;81248.00000000;74694.30000000;70022.90000000;66341.60000000;63193.00000000;60341.50000000;57642.40000000;55033.30000000;52474.50000000;49944.20000000;47451.70000000;45028.10000000;42701.50000000;40487.10000000;38389.90000000;36411.10000000;34549.50000000;32802.30000000;31164.60000000;29629.40000000;28189.00000000;26835.40000000;25561.50000000;24360.70000000;23227.30000000;22156.10000000;21142.10000000;20181.00000000;19268.90000000;         ;         ;         ;         ;         ;         ;         ;         ;         ;         ;         ;         ;         ;         ;         
;95% LL;         ;         ;         ;         ;         ;         ;         ;         ;         ;         ;         ;         ;         ;         ;         ;14.39210000;14.58660000;14.57230000;14.45710000;75.90230000;242.26700000;445.97600000;640.30200000;725.19700000;1036.51000000;1330.84000000;1204.49000000;8229.74000000;7805.84000000;12103.80000000;15133.10000000;146807.00000000;138085.00000000;111573.00000000;108488.00000000;101775.00000000;99334.60000000;95716.20000000;90954.90000000;87759.30000000;83296.60000000;79245.60000000;76087.70000000;70483.30000000;66374.90000000;63010.80000000;60031.20000000;57377.40000000;54748.10000000;52166.10000000;49629.10000000;47123.40000000;44662.30000000;42278.10000000;39998.20000000;37836.80000000;35797.70000000;33880.70000000;32083.30000000;30401.70000000;28829.60000000;27359.00000000;25981.60000000;24689.00000000;23473.80000000;22329.20000000;21249.30000000;20228.90000000;19263.20000000;18348.00000000;17479.60000000;         ;         ;         ;         ;         ;         ;         ;         ;         ;         ;         ;         ;         ;         ;         
;95% UL;         ;         ;         ;         ;         ;         ;         ;         ;         ;         ;         ;         ;         ;         ;         ;18.34490000;18.30770000;18.05510000;17.58960000;89.95390000;286.46900000;523.74000000;748.64900000;848.53600000;1206.25000000;1534.90000000;1354.28000000;9262.16000000;9017.13000000;14002.40000000;17529.00000000;162430.00000000;151480.00000000;122827.00000000;120441.00000000;104243.00000000;105611.00000000;106227.00000000;103333.00000000;100848.00000000;96098.60000000;91739.20000000;87765.20000000;80079.60000000;74600.10000000;70423.30000000;67064.80000000;64255.70000000;61586.30000000;58987.90000000;56415.60000000;53844.40000000;51236.10000000;48691.90000000;46286.50000000;44016.20000000;41798.50000000;39695.40000000;37708.60000000;35838.00000000;34080.60000000;32430.90000000;30881.70000000;29425.80000000;28055.70000000;26765.20000000;25548.10000000;24398.90000000;23312.40000000;22283.90000000;21308.80000000;         ;         ;         ;         ;         ;         ;         ;         ;         ;         ;         ;         ;         ;         ;         
Children starting ART with advanced HIV disease;Mean;         ;         ;         ;         ;         ;         ;         ;         ;         ;         ;         ;         ;         ;         ;         ;781.06800000;1043.96000000;1226.83000000;1560.16000000;8495.85000000;13119.40000000;16892.40000000;20701.20000000;26644.50000000;35900.60000000;43495.00000000;24630.60000000;23071.60000000;16411.70000000;16129.10000000;17433.00000000;10988.10000000;8444.78000000;7247.20000000;6499.96000000;2157.51000000;2356.77000000;2152.51000000;2894.51000000;3528.50000000;3936.31000000;4058.04000000;3907.66000000;3256.30000000;2811.78000000;2498.79000000;2265.41000000;2084.67000000;1937.42000000;1812.78000000;1705.24000000;1609.96000000;1522.58000000;1440.49000000;1362.30000000;1287.18000000;1214.75000000;1144.85000000;1077.51000000;1012.77000000;950.77400000;891.62700000;835.41200000;782.17900000;731.97200000;684.81000000;640.67000000;599.47700000;561.12600000;525.49900000;492.46700000;         ;         ;         ;         ;         ;         ;         ;         ;         ;         ;         ;         ;         ;         ;         
;95% LL;         ;         ;         ;         ;         ;         ;         ;         ;         ;         ;         ;         ;         ;         ;         ;754.14800000;1010.24000000;1195.08000000;1521.54000000;8347.01000000;12861.60000000;16614.10000000;20372.50000000;26195.50000000;35204.80000000;42563.50000000;23848.80000000;22083.90000000;15778.40000000;15526.00000000;16858.20000000;10684.00000000;8251.54000000;7095.66000000;6359.28000000;2052.58000000;2238.18000000;2037.93000000;2731.19000000;3321.14000000;3708.23000000;3823.58000000;3686.40000000;3077.17000000;2659.23000000;2359.53000000;2131.83000000;1958.22000000;1816.49000000;1698.45000000;1593.69000000;1501.03000000;1417.59000000;1337.94000000;1262.50000000;1190.97000000;1123.04000000;1056.96000000;992.89500000;931.46200000;872.75900000;816.87800000;763.87300000;713.77700000;666.61000000;622.37500000;581.03500000;542.50800000;507.22200000;474.62300000;444.40800000;         ;         ;         ;         ;         ;         ;         ;         ;         ;         ;         ;         ;         ;         ;         
;95% UL;         ;         ;         ;         ;         ;         ;         ;         ;         ;         ;         ;         ;         ;         ;         ;807.46200000;1074.93000000;1259.20000000;1598.15000000;8645.53000000;13380.90000000;17170.20000000;21030.30000000;27053.50000000;36567.30000000;44319.70000000;25336.20000000;23987.70000000;16996.80000000;16673.80000000;17984.20000000;11311.50000000;8648.99000000;7405.36000000;6649.91000000;2285.51000000;2504.12000000;2294.38000000;3099.34000000;3786.00000000;4223.69000000;4349.16000000;4186.82000000;3488.83000000;3014.09000000;2681.09000000;2433.48000000;2242.08000000;2087.55000000;1961.91000000;1853.55000000;1754.88000000;1664.80000000;1579.81000000;1498.57000000;1421.02000000;1345.87000000;1271.75000000;1200.14000000;1130.46000000;1063.30000000;998.87700000;937.35400000;879.30000000;826.58900000;776.96900000;727.93500000;682.06800000;639.29100000;599.50500000;562.59000000;         ;         ;         ;         ;         ;         ;         ;         ;         ;         ;         ;         ;         ;         ;         
Total on ART;Mean;         ;         ;         ;         ;         ;         ;         ;         ;         ;         ;         ;         ;         ;         ;         ;         ;8262.10000000;17748.40000000;29125.10000000;42952.70000000;111024.00000000;221068.00000000;382323.00000000;593603.00000000;843604.00000000;1181530.00000000;1614820.00000000;2245640.00000000;2709570.00000000;3072690.00000000;3445840.00000000;3866230.00000000;4353230.00000000;4737410.00000000;5041690.00000000;5355470.00000000;5659260.00000000;5929910.00000000;6188080.00000000;6416170.00000000;6620420.00000000;6797890.00000000;6952110.00000000;7086110.00000000;7170540.00000000;7238180.00000000;7292620.00000000;7335800.00000000;7368210.00000000;7390610.00000000;7403490.00000000;7407160.00000000;7401840.00000000;7387720.00000000;7364990.00000000;7333880.00000000;7294620.00000000;7247450.00000000;7192640.00000000;7130450.00000000;7061130.00000000;6984990.00000000;6902310.00000000;6813360.00000000;6718410.00000000;6617690.00000000;6511460.00000000;6399960.00000000;6283430.00000000;6162130.00000000;6036310.00000000;         ;         ;         ;         ;         ;         ;         ;         ;         ;         ;         ;         ;         ;         ;         
;95% LL;         ;         ;         ;         ;         ;         ;         ;         ;         ;         ;         ;         ;         ;         ;         ;         ;8249.31000000;17722.60000000;29079.80000000;42878.50000000;110853.00000000;220657.00000000;381391.00000000;591795.00000000;840481.00000000;1176520.00000000;1607410.00000000;2236330.00000000;2698390.00000000;3057610.00000000;3429630.00000000;3849400.00000000;4335720.00000000;4717130.00000000;5014990.00000000;5319910.00000000;5641510.00000000;5911220.00000000;6141840.00000000;6345850.00000000;6523680.00000000;6678060.00000000;6812410.00000000;6929450.00000000;7005580.00000000;7066910.00000000;7116220.00000000;7154980.00000000;7183460.00000000;7202270.00000000;7211810.00000000;7212330.00000000;7204040.00000000;7187120.00000000;7161750.00000000;7128180.00000000;7086640.00000000;7037370.00000000;6980650.00000000;6916740.00000000;6845900.00000000;6768440.00000000;6684620.00000000;6594740.00000000;6499040.00000000;6397770.00000000;6291180.00000000;6179510.00000000;6063010.00000000;5941900.00000000;5816470.00000000;         ;         ;         ;         ;         ;         ;         ;         ;         ;         ;         ;         ;         ;         ;         
;95% UL;         ;         ;         ;         ;         ;         ;         ;         ;         ;         ;         ;         ;         ;         ;         ;         ;8277.52000000;17779.30000000;29180.40000000;43032.50000000;111208.00000000;221542.00000000;383393.00000000;595754.00000000;847233.00000000;1187380.00000000;1623290.00000000;2255390.00000000;2721890.00000000;3086710.00000000;3460240.00000000;3880440.00000000;4368790.00000000;4757370.00000000;5067660.00000000;5389380.00000000;5678400.00000000;5960800.00000000;6249960.00000000;6511360.00000000;6744690.00000000;6947940.00000000;7123640.00000000;7275970.00000000;7372220.00000000;7449600.00000000;7515000.00000000;7568780.00000000;7606970.00000000;7632880.00000000;7650340.00000000;7656930.00000000;7654160.00000000;7642230.00000000;7621360.00000000;7591790.00000000;7553760.00000000;7505670.00000000;7449760.00000000;7386810.00000000;7316480.00000000;7241420.00000000;7159520.00000000;7071040.00000000;6976380.00000000;6874900.00000000;6767100.00000000;6653770.00000000;6535640.00000000;6413950.00000000;6287530.00000000;         ;         ;         ;         ;         ;         ;         ;         ;         ;         ;         ;         ;         ;         ;         
Males age 15+ on ART;Mean;         ;         ;         ;         ;         ;         ;         ;         ;         ;         ;         ;         ;         ;         ;         ;         ;2514.64000000;5257.92000000;8383.40000000;11923.40000000;29704.70000000;58457.90000000;101597.00000000;159014.00000000;226679.00000000;321550.00000000;448766.00000000;639780.00000000;786214.00000000;896998.00000000;1006720.00000000;1136170.00000000;1290130.00000000;1413810.00000000;1512990.00000000;1621220.00000000;1721780.00000000;1809850.00000000;1898800.00000000;1974570.00000000;2041000.00000000;2095740.00000000;2140880.00000000;2177900.00000000;2197020.00000000;2208850.00000000;2215260.00000000;2216980.00000000;2214670.00000000;2208790.00000000;2199630.00000000;2187370.00000000;2172210.00000000;2154260.00000000;2133660.00000000;2110520.00000000;2084960.00000000;2057100.00000000;2027040.00000000;1994930.00000000;1960890.00000000;1925050.00000000;1887550.00000000;1848530.00000000;1808110.00000000;1766410.00000000;1723560.00000000;1679680.00000000;1634910.00000000;1589360.00000000;1543180.00000000;         ;         ;         ;         ;         ;         ;         ;         ;         ;         ;         ;         ;         ;         ;         
;95% LL;         ;         ;         ;         ;         ;         ;         ;         ;         ;         ;         ;         ;         ;         ;         ;         ;2506.51000000;5239.85000000;8353.25000000;11881.40000000;29613.00000000;58274.50000000;101251.00000000;158332.00000000;225554.00000000;319895.00000000;446437.00000000;636445.00000000;782282.00000000;891205.00000000;1000300.00000000;1129330.00000000;1282480.00000000;1404750.00000000;1502080.00000000;1608050.00000000;1713930.00000000;1804760.00000000;1884900.00000000;1949590.00000000;2005510.00000000;2050820.00000000;2087690.00000000;2117510.00000000;2133230.00000000;2142560.00000000;2147010.00000000;2147120.00000000;2143430.00000000;2136360.00000000;2126120.00000000;2112910.00000000;2096890.00000000;2078190.00000000;2056930.00000000;2033240.00000000;2007230.00000000;1979000.00000000;1948680.00000000;1916390.00000000;1882250.00000000;1846410.00000000;1808990.00000000;1770130.00000000;1729960.00000000;1688590.00000000;1646150.00000000;1602760.00000000;1558540.00000000;1513640.00000000;1468160.00000000;         ;         ;         ;         ;         ;         ;         ;         ;         ;         ;         ;         ;         ;         ;         
;95% UL;         ;         ;         ;         ;         ;         ;         ;         ;         ;         ;         ;         ;         ;         ;         ;         ;2524.13000000;5279.33000000;8418.90000000;11978.70000000;29823.60000000;58710.30000000;102085.00000000;159920.00000000;228140.00000000;323800.00000000;451992.00000000;644241.00000000;791485.00000000;904406.00000000;1015040.00000000;1144800.00000000;1298990.00000000;1422900.00000000;1523230.00000000;1634180.00000000;1729780.00000000;1816560.00000000;1916330.00000000;2004480.00000000;2082680.00000000;2147870.00000000;2202090.00000000;2246880.00000000;2269920.00000000;2284630.00000000;2293280.00000000;2296790.00000000;2295950.00000000;2291290.00000000;2283150.00000000;2271750.00000000;2257260.00000000;2239830.00000000;2219600.00000000;2196700.00000000;2171230.00000000;2143330.00000000;2113100.00000000;2080710.00000000;2047500.00000000;2012420.00000000;1975600.00000000;1937180.00000000;1897280.00000000;1854210.00000000;1809540.00000000;1763740.00000000;1717230.00000000;1672490.00000000;1627030.00000000;         ;         ;         ;         ;         ;         ;         ;         ;         ;         ;         ;         ;         ;         ;         
Females age 15+ on ART;Mean;         ;         ;         ;         ;         ;         ;         ;         ;         ;         ;         ;         ;         ;         ;         ;         ;5003.90000000;10936.40000000;18279.60000000;27439.40000000;70889.30000000;141353.00000000;246629.00000000;385546.00000000;548085.00000000;763234.00000000;1035480.00000000;1459960.00000000;1766450.00000000;2012320.00000000;2272890.00000000;2560730.00000000;2896380.00000000;3162660.00000000;3375430.00000000;3590130.00000000;3807630.00000000;4004510.00000000;4187590.00000000;4351540.00000000;4497370.00000000;4625680.00000000;4739510.00000000;4841150.00000000;4911560.00000000;4971410.00000000;5023140.00000000;5067600.00000000;5105040.00000000;5135890.00000000;5160330.00000000;5178460.00000000;5190380.00000000;5196150.00000000;5195870.00000000;5189660.00000000;5177650.00000000;5159980.00000000;5136790.00000000;5108230.00000000;5074440.00000000;5035580.00000000;4991790.00000000;4943210.00000000;4889980.00000000;4832210.00000000;4770030.00000000;4703540.00000000;4632880.00000000;4558140.00000000;4479460.00000000;         ;         ;         ;         ;         ;         ;         ;         ;         ;         ;         ;         ;         ;         ;         
;95% LL;         ;         ;         ;         ;         ;         ;         ;         ;         ;         ;         ;         ;         ;         ;         ;         ;4992.72000000;10906.20000000;18227.20000000;27361.50000000;70718.70000000;140973.00000000;245851.00000000;384094.00000000;545605.00000000;759041.00000000;1029400.00000000;1453040.00000000;1756920.00000000;1998690.00000000;2258410.00000000;2545220.00000000;2880260.00000000;3143620.00000000;3352290.00000000;3561830.00000000;3792480.00000000;3990660.00000000;4153810.00000000;4300180.00000000;4426130.00000000;4539000.00000000;4637270.00000000;4723710.00000000;4788240.00000000;4844300.00000000;4891230.00000000;4930230.00000000;4964170.00000000;4993010.00000000;5015750.00000000;5032460.00000000;5041300.00000000;5043480.00000000;5039810.00000000;5030400.00000000;5015390.00000000;4994910.00000000;4972300.00000000;4941320.00000000;4906920.00000000;4867960.00000000;4821490.00000000;4772120.00000000;4719330.00000000;4662170.00000000;4600770.00000000;4532760.00000000;4460500.00000000;4384270.00000000;4304210.00000000;         ;         ;         ;         ;         ;         ;         ;         ;         ;         ;         ;         ;         ;         ;         
;95% UL;         ;         ;         ;         ;         ;         ;         ;         ;         ;         ;         ;         ;         ;         ;         ;         ;5017.81000000;10969.10000000;18339.60000000;27532.90000000;71106.10000000;141859.00000000;247647.00000000;387366.00000000;551084.00000000;767741.00000000;1042470.00000000;1467900.00000000;1776770.00000000;2026240.00000000;2287160.00000000;2574940.00000000;2910830.00000000;3180570.00000000;3399440.00000000;3620800.00000000;3825640.00000000;4025670.00000000;4231600.00000000;4420900.00000000;4589350.00000000;4736730.00000000;4866720.00000000;4982180.00000000;5059420.00000000;5124440.00000000;5180970.00000000;5231000.00000000;5271550.00000000;5306600.00000000;5334400.00000000;5353780.00000000;5367840.00000000;5376890.00000000;5378960.00000000;5374040.00000000;5363060.00000000;5349130.00000000;5330140.00000000;5303400.00000000;5271520.00000000;5235870.00000000;5195060.00000000;5148000.00000000;5095010.00000000;5037130.00000000;4974650.00000000;4907670.00000000;4836320.00000000;4760980.00000000;4681200.00000000;         ;         ;         ;         ;         ;         ;         ;         ;         ;         ;         ;         ;         ;         ;         
Children aged <15 on ART;Mean;         ;         ;         ;         ;         ;         ;         ;         ;         ;         ;         ;         ;         ;         ;         ;         ;743.55400000;1554.06000000;2462.14000000;3589.94000000;10430.10000000;21256.80000000;34097.30000000;49042.10000000;68840.10000000;96747.40000000;130571.00000000;145900.00000000;156908.00000000;163372.00000000;166224.00000000;169331.00000000;166722.00000000;160939.00000000;153270.00000000;144112.00000000;129851.00000000;115547.00000000;101697.00000000;90072.10000000;82039.00000000;76473.00000000;71718.50000000;67062.30000000;61961.50000000;57919.00000000;54222.00000000;51221.80000000;48506.40000000;45931.70000000;43528.20000000;41318.00000000;39250.70000000;37307.30000000;35464.90000000;33701.30000000;32004.70000000;30372.30000000;28803.80000000;27282.40000000;25803.10000000;24365.80000000;22971.20000000;21620.70000000;20317.70000000;19065.90000000;17869.20000000;16729.90000000;15649.30000000;14628.00000000;13666.40000000;         ;         ;         ;         ;         ;         ;         ;         ;         ;         ;         ;         ;         ;         ;         
;95% LL;         ;         ;         ;         ;         ;         ;         ;         ;         ;         ;         ;         ;         ;         ;         ;         ;717.70400000;1502.40000000;2387.59000000;3494.46000000;10221.10000000;20855.70000000;33554.80000000;48320.20000000;67868.30000000;95135.50000000;128168.00000000;142795.00000000;153237.00000000;159371.00000000;161921.00000000;164773.00000000;162225.00000000;156676.00000000;149216.00000000;140362.00000000;126157.00000000;112019.00000000;98308.30000000;86770.00000000;78823.30000000;73284.40000000;68410.80000000;63816.00000000;58920.90000000;54988.40000000;51351.80000000;48394.30000000;45738.40000000;43243.30000000;40936.70000000;38846.20000000;36844.70000000;34975.90000000;33198.00000000;31490.20000000;29849.00000000;28268.00000000;26750.10000000;25288.00000000;23877.60000000;22498.60000000;21169.30000000;19879.00000000;18639.80000000;17459.70000000;16334.80000000;15267.10000000;14267.10000000;13323.50000000;12433.90000000;         ;         ;         ;         ;         ;         ;         ;         ;         ;         ;         ;         ;         ;         ;         
;95% UL;         ;         ;         ;         ;         ;         ;         ;         ;         ;         ;         ;         ;         ;         ;         ;         ;768.66400000;1602.50000000;2530.16000000;3686.30000000;10642.40000000;21650.30000000;34640.20000000;49681.00000000;69771.10000000;98183.60000000;132584.00000000;148431.00000000;159920.00000000;166695.00000000;170031.00000000;173642.00000000;171192.00000000;165288.00000000;157428.00000000;148106.00000000;133804.00000000;119506.00000000;105582.00000000;93923.30000000;85917.40000000;80560.40000000;76042.00000000;71475.50000000;66300.30000000;62197.30000000;58351.50000000;55200.00000000;52356.70000000;49605.40000000;46951.30000000;44528.90000000;42326.40000000;40289.40000000;38403.60000000;36639.20000000;34834.70000000;33093.50000000;31422.90000000;29856.30000000;28336.60000000;26847.60000000;25390.80000000;23968.60000000;22585.70000000;21247.90000000;19960.80000000;18728.60000000;17554.00000000;16439.00000000;15385.30000000;         ;         ;         ;         ;         ;         ;         ;         ;         ;         ;         ;         ;         ;         ;         
Total on ART, ages 15-24;Mean;         ;         ;         ;         ;         ;         ;         ;         ;         ;         ;         ;         ;         ;         ;         ;         ;849.44100000;1495.51000000;2023.14000000;2473.14000000;6556.97000000;11839.20000000;18444.30000000;25727.00000000;32979.90000000;45087.70000000;63410.40000000;97449.60000000;119908.00000000;132280.00000000;157901.00000000;190125.00000000;243339.00000000;274103.00000000;289349.00000000;306320.00000000;318715.00000000;329759.00000000;340366.00000000;348149.00000000;350978.00000000;349435.00000000;344728.00000000;338527.00000000;326561.00000000;308278.00000000;287201.00000000;263773.00000000;239000.00000000;215066.00000000;194836.00000000;177663.00000000;161738.00000000;146382.00000000;132079.00000000;120221.00000000;109777.00000000;101038.00000000;93425.30000000;86595.20000000;80533.40000000;75209.60000000;70485.50000000;66267.10000000;62438.20000000;58931.40000000;55700.70000000;52702.60000000;49902.50000000;47262.20000000;44759.20000000;         ;         ;         ;         ;         ;         ;         ;         ;         ;         ;         ;         ;         ;         ;         
;95% LL;         ;         ;         ;         ;         ;         ;         ;         ;         ;         ;         ;         ;         ;         ;         ;         ;800.62400000;1403.49000000;1888.06000000;2298.77000000;6079.91000000;10991.10000000;17122.60000000;23975.60000000;30798.90000000;42285.60000000;59793.30000000;92538.10000000;114428.00000000;125943.00000000;149885.00000000;180484.00000000;231132.00000000;260753.00000000;275488.00000000;291602.00000000;305247.00000000;318788.00000000;330070.00000000;338264.00000000;340251.00000000;337627.00000000;332343.00000000;324954.00000000;312918.00000000;295061.00000000;274537.00000000;251901.00000000;227621.00000000;204246.00000000;184429.00000000;167668.00000000;152235.00000000;137485.00000000;123848.00000000;112523.00000000;102485.00000000;94167.00000000;86931.60000000;80491.80000000;74784.70000000;69764.00000000;65305.80000000;61319.30000000;57695.80000000;54372.90000000;51260.50000000;48410.50000000;45746.40000000;43235.40000000;40858.00000000;         ;         ;         ;         ;         ;         ;         ;         ;         ;         ;         ;         ;         ;         ;         
;95% UL;         ;         ;         ;         ;         ;         ;         ;         ;         ;         ;         ;         ;         ;         ;         ;         ;899.25900000;1590.05000000;2157.14000000;2640.78000000;6981.03000000;12602.80000000;19618.60000000;27201.60000000;34791.20000000;47279.20000000;66174.50000000;101684.00000000;125183.00000000;138045.00000000;164803.00000000;198180.00000000;253604.00000000;286108.00000000;302301.00000000;320319.00000000;331413.00000000;341181.00000000;350475.00000000;358833.00000000;362179.00000000;361614.00000000;357801.00000000;352229.00000000;340724.00000000;321906.00000000;301403.00000000;278327.00000000;252811.00000000;228023.00000000;207309.00000000;189698.00000000;173329.00000000;157441.00000000;142360.00000000;129981.00000000;119148.00000000;109970.00000000;101872.00000000;94585.70000000;88096.60000000;82389.90000000;77349.00000000;72922.60000000;68765.40000000;64956.00000000;61449.30000000;58196.00000000;55159.10000000;52294.70000000;49577.40000000;         ;         ;         ;         ;         ;         ;         ;         ;         ;         ;         ;         ;         ;         ;         
Males age 15-24 on ART;Mean;         ;         ;         ;         ;         ;         ;         ;         ;         ;         ;         ;         ;         ;         ;         ;         ;80.51310000;132.21000000;169.24200000;197.03400000;560.20600000;1087.70000000;1866.37000000;2923.30000000;4301.49000000;6743.32000000;10835.00000000;17812.00000000;23990.90000000;29243.60000000;36009.90000000;44481.50000000;56126.30000000;65009.20000000;71761.10000000;79518.70000000;86239.20000000;91796.80000000;97298.20000000;101218.00000000;102961.00000000;102665.00000000;100958.00000000;98320.30000000;93940.40000000;87574.70000000;80398.80000000;72702.50000000;64895.80000000;57675.00000000;52035.50000000;47590.80000000;43469.50000000;39442.20000000;35683.40000000;32746.50000000;30175.80000000;28113.80000000;26314.50000000;24687.00000000;23231.90000000;21941.10000000;20769.20000000;19691.80000000;18689.50000000;17745.10000000;16847.60000000;15993.30000000;15180.40000000;14399.60000000;13646.50000000;         ;         ;         ;         ;         ;         ;         ;         ;         ;         ;         ;         ;         ;         ;         
;95% LL;         ;         ;         ;         ;         ;         ;         ;         ;         ;         ;         ;         ;         ;         ;         ;         ;72.92090000;120.16600000;153.03500000;178.32500000;508.51200000;986.03700000;1690.16000000;2653.74000000;3938.58000000;6236.55000000;10074.60000000;16621.70000000;22560.40000000;27531.00000000;33979.50000000;41993.70000000;53187.10000000;61761.20000000;68447.40000000;76023.60000000;82814.00000000;88722.10000000;94335.80000000;98485.80000000;100437.00000000;100167.00000000;98294.50000000;95559.70000000;91267.00000000;85102.40000000;78112.50000000;70507.50000000;62881.10000000;55758.20000000;50138.20000000;45732.50000000;41634.40000000;37709.00000000;34021.10000000;31139.10000000;28623.00000000;26614.70000000;24876.50000000;23317.70000000;21936.30000000;20716.70000000;19608.70000000;18586.60000000;17631.50000000;16702.00000000;15802.90000000;14992.80000000;14192.30000000;13426.30000000;12700.00000000;         ;         ;         ;         ;         ;         ;         ;         ;         ;         ;         ;         ;         ;         ;         
;95% UL;         ;         ;         ;         ;         ;         ;         ;         ;         ;         ;         ;         ;         ;         ;         ;         ;89.46560000;146.80600000;186.70200000;214.85700000;604.91300000;1171.85000000;2008.11000000;3133.68000000;4603.85000000;7185.38000000;11524.10000000;18876.10000000;25352.40000000;30814.90000000;37760.70000000;46556.20000000;58744.90000000;67974.50000000;75112.60000000;83164.20000000;89773.30000000;95072.40000000;100051.00000000;103784.00000000;105416.00000000;105046.00000000;103536.00000000;101063.00000000;96694.20000000;90199.50000000;82911.60000000;75225.80000000;67269.70000000;59972.50000000;54249.80000000;49777.10000000;45686.60000000;41680.90000000;37822.50000000;34830.80000000;32208.20000000;30108.10000000;28264.70000000;26547.80000000;24929.00000000;23526.00000000;22290.50000000;21155.90000000;20108.10000000;19124.30000000;18192.10000000;17306.50000000;16464.80000000;15655.00000000;14871.70000000;         ;         ;         ;         ;         ;         ;         ;         ;         ;         ;         ;         ;         ;         ;         
Females age 15-24 on ART;Mean;         ;         ;         ;         ;         ;         ;         ;         ;         ;         ;         ;         ;         ;         ;         ;         ;768.92800000;1363.30000000;1853.90000000;2276.10000000;5996.77000000;10751.50000000;16578.00000000;22803.70000000;28678.40000000;38344.40000000;52575.40000000;79637.70000000;95917.30000000;103037.00000000;121891.00000000;145644.00000000;187213.00000000;209093.00000000;217588.00000000;226802.00000000;232476.00000000;237962.00000000;243068.00000000;246932.00000000;248017.00000000;246770.00000000;243771.00000000;240206.00000000;232621.00000000;220703.00000000;206802.00000000;191071.00000000;174105.00000000;157391.00000000;142800.00000000;130072.00000000;118268.00000000;106940.00000000;96396.00000000;87474.90000000;79601.30000000;72924.70000000;67110.80000000;61908.20000000;57301.60000000;53268.50000000;49716.30000000;46575.40000000;43748.70000000;41186.40000000;38853.10000000;36709.30000000;34722.00000000;32862.60000000;31112.60000000;         ;         ;         ;         ;         ;         ;         ;         ;         ;         ;         ;         ;         ;         ;         
;95% LL;         ;         ;         ;         ;         ;         ;         ;         ;         ;         ;         ;         ;         ;         ;         ;         ;724.85800000;1278.78000000;1734.05000000;2117.30000000;5568.70000000;9987.66000000;15431.70000000;21259.10000000;26761.10000000;35954.00000000;49584.20000000;75558.20000000;91251.50000000;97506.60000000;114962.00000000;137458.00000000;176621.00000000;197307.00000000;205014.00000000;213408.00000000;220357.00000000;228003.00000000;234960.00000000;239156.00000000;239507.00000000;237291.00000000;233621.00000000;229417.00000000;221349.00000000;209322.00000000;195710.00000000;180544.00000000;163945.00000000;147873.00000000;133835.00000000;121673.00000000;110438.00000000;99687.40000000;89706.20000000;81179.90000000;73679.40000000;67343.60000000;61883.50000000;57023.00000000;52687.70000000;48959.20000000;45648.70000000;42810.60000000;40109.10000000;37680.00000000;35436.30000000;33414.70000000;31523.80000000;29757.20000000;28102.80000000;         ;         ;         ;         ;         ;         ;         ;         ;         ;         ;         ;         ;         ;         ;         
;95% UL;         ;         ;         ;         ;         ;         ;         ;         ;         ;         ;         ;         ;         ;         ;         ;         ;814.16000000;1448.63000000;1974.13000000;2428.71000000;6376.19000000;11424.40000000;17624.50000000;24214.40000000;30321.50000000;40286.90000000;54828.10000000;83117.00000000;100270.00000000;107926.00000000;128153.00000000;152821.00000000;196176.00000000;219625.00000000;228844.00000000;239288.00000000;243638.00000000;247548.00000000;251337.00000000;255771.00000000;257577.00000000;257380.00000000;254996.00000000;251510.00000000;244511.00000000;233217.00000000;219715.00000000;203478.00000000;185930.00000000;168617.00000000;153473.00000000;140237.00000000;127896.00000000;115937.00000000;104850.00000000;95416.50000000;87054.70000000;79940.50000000;73725.00000000;68139.70000000;63171.50000000;58810.50000000;54954.90000000;51535.60000000;48452.70000000;45655.60000000;43108.60000000;40766.90000000;38595.80000000;36574.70000000;34700.70000000;         ;         ;         ;         ;         ;         ;         ;         ;         ;         ;         ;         ;         ;         ;         
ART coverage;Mean;         ;         ;         ;         ;         ;         ;         ;         ;         ;         ;         ;         ;         ;         ;         ;         ;0.00221138;0.00433877;0.00661368;0.00918710;0.02262370;0.04322970;0.07179440;0.10728100;0.14703000;0.19892700;0.26266700;0.35263600;0.41077500;0.45029300;0.48940800;0.53352400;0.58545400;0.62305800;0.64982900;0.67821700;0.70662100;0.73101000;0.75318900;0.77216500;0.78874600;0.80262600;0.81436600;0.82445300;0.82949300;0.83338100;0.83657900;0.83933600;0.84180100;0.84406100;0.84617300;0.84817600;0.85008700;0.85190600;0.85362800;0.85525500;0.85678500;0.85822100;0.85956500;0.86082200;0.86199300;0.86308700;0.86411000;0.86506900;0.86596900;0.86681400;0.86761000;0.86836000;0.86906800;0.86973700;0.87036900;         ;         ;         ;         ;         ;         ;         ;         ;         ;         ;         ;         ;         ;         ;         
;95% LL;         ;         ;         ;         ;         ;         ;         ;         ;         ;         ;         ;         ;         ;         ;         ;         ;0.00208965;0.00413469;0.00633777;0.00885871;0.02194230;0.04211660;0.07001550;0.10456700;0.14322400;0.19371400;0.25565200;0.34361300;0.40022000;0.43812400;0.47587000;0.51879500;0.56898500;0.60462600;0.62946600;0.65584900;0.68601100;0.71380300;0.73939100;0.76168300;0.78071100;0.79703200;0.81038600;0.82177600;0.82751400;0.83173500;0.83514000;0.83799500;0.84047100;0.84274300;0.84488500;0.84690400;0.84882400;0.85064200;0.85236000;0.85398100;0.85550700;0.85693900;0.85828000;0.85953300;0.86069900;0.86178500;0.86280200;0.86375300;0.86464300;0.86547700;0.86626100;0.86699800;0.86769200;0.86833800;0.86894900;         ;         ;         ;         ;         ;         ;         ;         ;         ;         ;         ;         ;         ;         ;         
;95% UL;         ;         ;         ;         ;         ;         ;         ;         ;         ;         ;         ;         ;         ;         ;         ;         ;0.00234256;0.00456022;0.00689953;0.00952729;0.02332650;0.04435850;0.07344430;0.10964200;0.15034700;0.20349900;0.26881300;0.36091200;0.42061400;0.46163800;0.50187700;0.54714600;0.60047600;0.63957600;0.66784500;0.69804900;0.72519000;0.74679400;0.76592800;0.78210500;0.79621500;0.80801200;0.81803400;0.82672000;0.83127800;0.83489800;0.83795000;0.84063300;0.84306800;0.84532200;0.84744300;0.84946200;0.85139200;0.85322900;0.85496800;0.85661000;0.85815200;0.85959800;0.86095100;0.86221500;0.86339200;0.86449100;0.86552000;0.86648500;0.86739200;0.86824600;0.86905200;0.86981300;0.87053300;0.87121600;0.87186300;         ;         ;         ;         ;         ;         ;         ;         ;         ;         ;         ;         ;         ;         ;         
ART coverage in males age 15+;Mean;         ;         ;         ;         ;         ;         ;         ;         ;         ;         ;         ;         ;         ;         ;         ;         ;0.00168353;0.00328957;0.00497689;0.00679860;0.01642700;0.03153800;0.05341740;0.08149910;0.11315100;0.15620000;0.21165000;0.29255600;0.34801000;0.38450800;0.41878600;0.45978600;0.50945700;0.54683700;0.57449100;0.60579300;0.63563000;0.66125700;0.68671700;0.70821600;0.72749700;0.74358800;0.75711300;0.76861700;0.77468700;0.77929200;0.78296400;0.78601800;0.78864900;0.79097900;0.79309600;0.79506000;0.79690100;0.79863000;0.80025000;0.80176300;0.80316900;0.80447000;0.80566900;0.80676800;0.80777000;0.80868100;0.80951100;0.81026700;0.81095100;0.81156900;0.81212500;0.81262200;0.81306600;0.81345800;0.81380200;         ;         ;         ;         ;         ;         ;         ;         ;         ;         ;         ;         ;         ;         ;         
;95% LL;         ;         ;         ;         ;         ;         ;         ;         ;         ;         ;         ;         ;         ;         ;         ;         ;0.00156348;0.00308007;0.00468443;0.00642400;0.01554330;0.02998040;0.05091720;0.07782420;0.10840000;0.14992600;0.20319900;0.28098400;0.33438400;0.36904900;0.40199500;0.44125900;0.48912200;0.52514000;0.55180400;0.58186200;0.61352400;0.64230500;0.67090700;0.69549400;0.71767300;0.73629200;0.75196200;0.76525800;0.77209400;0.77718100;0.78116500;0.78436600;0.78717200;0.78960200;0.79172400;0.79370800;0.79555700;0.79730100;0.79893500;0.80046000;0.80187800;0.80318800;0.80439600;0.80550300;0.80650400;0.80737800;0.80816300;0.80887400;0.80951400;0.81008700;0.81059800;0.81105000;0.81144700;0.81179200;0.81208800;         ;         ;         ;         ;         ;         ;         ;         ;         ;         ;         ;         ;         ;         ;         
;95% UL;         ;         ;         ;         ;         ;         ;         ;         ;         ;         ;         ;         ;         ;         ;         ;         ;0.00184693;0.00357411;0.00536123;0.00726612;0.01749330;0.03355990;0.05645290;0.08543720;0.11822600;0.16322200;0.22040800;0.30413300;0.36192600;0.40030100;0.43601900;0.47845300;0.52974600;0.56849500;0.59724300;0.63006700;0.65846500;0.68104400;0.70293600;0.72107200;0.73726600;0.75066900;0.76190500;0.77148900;0.77687200;0.78108300;0.78452800;0.78745600;0.79002400;0.79232800;0.79444000;0.79641000;0.79826100;0.80000200;0.80163300;0.80315600;0.80457100;0.80588000;0.80708700;0.80819400;0.80920400;0.81012500;0.81096700;0.81173700;0.81243800;0.81307500;0.81365400;0.81417700;0.81464900;0.81507200;0.81545000;         ;         ;         ;         ;         ;         ;         ;         ;         ;         ;         ;         ;         ;         ;         
ART coverage in females age 15+;Mean;         ;         ;         ;         ;         ;         ;         ;         ;         ;         ;         ;         ;         ;         ;         ;         ;0.00245311;0.00483759;0.00742972;0.01040390;0.02539590;0.04822760;0.08020500;0.11976900;0.16289300;0.21741800;0.28307900;0.38267400;0.44425400;0.48636900;0.52918000;0.57570100;0.63064000;0.66918000;0.69558500;0.72237200;0.75064600;0.77459900;0.79498800;0.81218400;0.82669200;0.83865900;0.84865400;0.85719600;0.86099800;0.86391700;0.86633900;0.86846300;0.87040000;0.87220800;0.87392400;0.87557100;0.87715200;0.87865700;0.88007700;0.88140800;0.88265000;0.88380400;0.88487200;0.88585800;0.88676600;0.88760100;0.88837100;0.88908400;0.88974300;0.89035400;0.89092300;0.89145300;0.89194700;0.89241000;0.89284400;         ;         ;         ;         ;         ;         ;         ;         ;         ;         ;         ;         ;         ;         ;         
;95% LL;         ;         ;         ;         ;         ;         ;         ;         ;         ;         ;         ;         ;         ;         ;         ;         ;0.00233256;0.00462944;0.00714045;0.01003000;0.02451350;0.04671750;0.07776000;0.11620200;0.15810400;0.21109600;0.27487300;0.37190300;0.43125400;0.47125500;0.51289700;0.55786100;0.61121400;0.64778900;0.67201200;0.69652600;0.72672200;0.75492700;0.77970800;0.80078400;0.81850300;0.83305300;0.84483200;0.85460200;0.85872100;0.86185100;0.86436100;0.86655600;0.86854800;0.87039800;0.87214900;0.87382800;0.87543900;0.87697300;0.87840100;0.87974000;0.88100900;0.88218800;0.88328100;0.88428900;0.88521700;0.88607100;0.88685800;0.88758500;0.88825800;0.88888100;0.88945600;0.88998500;0.89047700;0.89093600;0.89136200;         ;         ;         ;         ;         ;         ;         ;         ;         ;         ;         ;         ;         ;         ;         
;95% UL;         ;         ;         ;         ;         ;         ;         ;         ;         ;         ;         ;         ;         ;         ;         ;         ;0.00258092;0.00506542;0.00774669;0.01081130;0.02627470;0.04966340;0.08245390;0.12287600;0.16702300;0.22296200;0.29044600;0.39272200;0.45649100;0.50068000;0.54476700;0.59200700;0.64756800;0.68793000;0.71636000;0.74532100;0.77166600;0.79187400;0.80847900;0.82237200;0.83405700;0.84371000;0.85183700;0.85916500;0.86265600;0.86534900;0.86768100;0.86976700;0.87169000;0.87347700;0.87517400;0.87681700;0.87839200;0.87988700;0.88129500;0.88261400;0.88385800;0.88498000;0.88603400;0.88700500;0.88789900;0.88872100;0.88948000;0.89018200;0.89083600;0.89145100;0.89202300;0.89255700;0.89305600;0.89352900;0.89397300;         ;         ;         ;         ;         ;         ;         ;         ;         ;         ;         ;         ;         ;         ;         
ART coverage in children <15;Mean;         ;         ;         ;         ;         ;         ;         ;         ;         ;         ;         ;         ;         ;         ;         ;         ;0.00368647;0.00673970;0.00954408;0.01267970;0.03399650;0.06474900;0.09815970;0.13547000;0.18671600;0.26177600;0.35417900;0.39939900;0.43578300;0.46322700;0.48739600;0.51820200;0.53806300;0.55261000;0.56430500;0.57716900;0.57159700;0.56423900;0.55561900;0.55187600;0.55532600;0.56448600;0.57685100;0.58988300;0.59613800;0.60108500;0.60435600;0.60749000;0.60986500;0.61137800;0.61227400;0.61289300;0.61339000;0.61391300;0.61451000;0.61517500;0.61590600;0.61671600;0.61761700;0.61852600;0.61939700;0.62020100;0.62090800;0.62149400;0.62193900;0.62223500;0.62237500;0.62235700;0.62217900;0.62183900;0.62134400;         ;         ;         ;         ;         ;         ;         ;         ;         ;         ;         ;         ;         ;         ;         
;95% LL;         ;         ;         ;         ;         ;         ;         ;         ;         ;         ;         ;         ;         ;         ;         ;         ;0.00352832;0.00649526;0.00924320;0.01232710;0.03300170;0.06312590;0.09600040;0.13290300;0.18372600;0.25823400;0.35010000;0.39522100;0.43171400;0.45871800;0.48274400;0.51354200;0.53293100;0.54665400;0.55728200;0.56898100;0.56376800;0.55708100;0.54890700;0.54585400;0.55017000;0.56022500;0.57337200;0.58704500;0.59346300;0.59840500;0.60160600;0.60460300;0.60679800;0.60809800;0.60875600;0.60931000;0.60973400;0.61011400;0.61060700;0.61117300;0.61183300;0.61273500;0.61376300;0.61482200;0.61582900;0.61660600;0.61725700;0.61779500;0.61821400;0.61846300;0.61857500;0.61853200;0.61826600;0.61780700;0.61722300;         ;         ;         ;         ;         ;         ;         ;         ;         ;         ;         ;         ;         ;         ;         
;95% UL;         ;         ;         ;         ;         ;         ;         ;         ;         ;         ;         ;         ;         ;         ;         ;         ;0.00385314;0.00699187;0.00984113;0.01301810;0.03493410;0.06627430;0.10025100;0.13810900;0.18987000;0.26537900;0.35830700;0.40344500;0.43935900;0.46710800;0.49120700;0.52195900;0.54215900;0.55749700;0.57020400;0.58435800;0.57876900;0.57087500;0.56165700;0.55721700;0.55986800;0.56815500;0.57987300;0.59245700;0.59846700;0.60328700;0.60644900;0.60968100;0.61221200;0.61383400;0.61486800;0.61570600;0.61631200;0.61682000;0.61749800;0.61821800;0.61889500;0.61975300;0.62076900;0.62172300;0.62257600;0.62335700;0.62404100;0.62460200;0.62502400;0.62529600;0.62541600;0.62537900;0.62525700;0.62497700;0.62453600;         ;         ;         ;         ;         ;         ;         ;         ;         ;         ;         ;         ;         ;         ;         
ART coverage at ages 15-24;Mean;         ;         ;         ;         ;         ;         ;         ;         ;         ;         ;         ;         ;         ;         ;         ;         ;0.00088932;0.00148797;0.00195456;0.00236285;0.00629540;0.01157370;0.01840670;0.02640960;0.03496770;0.04951400;0.07244860;0.11521800;0.14651900;0.16650200;0.20390400;0.25134300;0.32920900;0.38041700;0.41205000;0.44698600;0.47729100;0.50675400;0.53402600;0.55727200;0.57664000;0.59152700;0.60342200;0.61427600;0.61809400;0.61916200;0.61907900;0.61780200;0.61535100;0.61235900;0.61066200;0.61031200;0.61015200;0.60932600;0.60791300;0.60742200;0.60688100;0.60689400;0.60687400;0.60655600;0.60607000;0.60556600;0.60504500;0.60456100;0.60405000;0.60348000;0.60283900;0.60211300;0.60129700;0.60035500;0.59928400;         ;         ;         ;         ;         ;         ;         ;         ;         ;         ;         ;         ;         ;         ;         
;95% LL;         ;         ;         ;         ;         ;         ;         ;         ;         ;         ;         ;         ;         ;         ;         ;         ;0.00082336;0.00138496;0.00183036;0.00221846;0.00593612;0.01097680;0.01751980;0.02515210;0.03328210;0.04717360;0.06907840;0.10988800;0.13950400;0.15780300;0.19272400;0.23748500;0.31092900;0.35836700;0.38700200;0.41821900;0.44956900;0.48249700;0.51392600;0.54162200;0.56477800;0.58271200;0.59710400;0.60953000;0.61364300;0.61474700;0.61440300;0.61306700;0.61063300;0.60755700;0.60580200;0.60540800;0.60521400;0.60437200;0.60298400;0.60253900;0.60197900;0.60204800;0.60195000;0.60158200;0.60107900;0.60051600;0.59986400;0.59924400;0.59863500;0.59799400;0.59721700;0.59631800;0.59531800;0.59417800;0.59289600;         ;         ;         ;         ;         ;         ;         ;         ;         ;         ;         ;         ;         ;         ;         
;95% UL;         ;         ;         ;         ;         ;         ;         ;         ;         ;         ;         ;         ;         ;         ;         ;         ;0.00097368;0.00161675;0.00210756;0.00251410;0.00662248;0.01212280;0.01919620;0.02756310;0.03652720;0.05174310;0.07571440;0.12027100;0.15310400;0.17464400;0.21433800;0.26424100;0.34590400;0.40021500;0.43459200;0.47298100;0.50226900;0.52851600;0.55201400;0.57170500;0.58793400;0.60016400;0.60986800;0.61891100;0.62229300;0.62328700;0.62325800;0.62207100;0.61967900;0.61668400;0.61493500;0.61451300;0.61426800;0.61334900;0.61184800;0.61127700;0.61067200;0.61065000;0.61064000;0.61038600;0.61003100;0.60970000;0.60935700;0.60903500;0.60866600;0.60821500;0.60767300;0.60702600;0.60627800;0.60540500;0.60441200;         ;         ;         ;         ;         ;         ;         ;         ;         ;         ;         ;         ;         ;         ;         
ART coverage in males age 15-24;Mean;         ;         ;         ;         ;         ;         ;         ;         ;         ;         ;         ;         ;         ;         ;         ;         ;0.00035542;0.00055898;0.00070170;0.00081754;0.00236765;0.00475066;0.00841671;0.01370700;0.02099670;0.03422690;0.05707690;0.09656040;0.13271100;0.16336200;0.20095100;0.24662700;0.30879000;0.35590000;0.39156500;0.43134900;0.46562500;0.49379500;0.52109100;0.54251300;0.55982300;0.57257200;0.58227700;0.59070800;0.59323100;0.59336600;0.59254900;0.59046700;0.58708400;0.58321300;0.58124500;0.58080000;0.58027800;0.57885600;0.57685100;0.57643700;0.57601200;0.57640700;0.57669300;0.57661300;0.57635100;0.57607600;0.57573500;0.57534800;0.57488700;0.57429200;0.57351400;0.57254500;0.57139600;0.57001200;0.56839000;         ;         ;         ;         ;         ;         ;         ;         ;         ;         ;         ;         ;         ;         ;         
;95% LL;         ;         ;         ;         ;         ;         ;         ;         ;         ;         ;         ;         ;         ;         ;         ;         ;0.00031926;0.00050771;0.00063990;0.00075052;0.00219564;0.00441632;0.00787152;0.01270700;0.01923380;0.03123690;0.05192060;0.08793740;0.12073000;0.14821600;0.18255000;0.22602800;0.28581800;0.33121600;0.36523100;0.40329700;0.43943100;0.47057400;0.50118100;0.52573000;0.54566300;0.56100800;0.57335100;0.58284600;0.58592600;0.58633000;0.58560400;0.58358200;0.58011800;0.57650900;0.57453500;0.57396400;0.57329300;0.57173700;0.56966600;0.56916900;0.56852400;0.56895800;0.56915100;0.56897500;0.56868200;0.56834600;0.56799000;0.56740500;0.56668400;0.56588900;0.56502900;0.56399600;0.56279100;0.56132900;0.55931700;         ;         ;         ;         ;         ;         ;         ;         ;         ;         ;         ;         ;         ;         ;         
;95% UL;         ;         ;         ;         ;         ;         ;         ;         ;         ;         ;         ;         ;         ;         ;         ;         ;0.00039801;0.00061865;0.00076279;0.00088743;0.00255312;0.00507043;0.00893006;0.01461810;0.02249690;0.03676930;0.06148950;0.10457500;0.14409600;0.17782000;0.21825000;0.26685600;0.33225900;0.38139000;0.41836900;0.45972200;0.49237800;0.51772400;0.54158200;0.55981900;0.57434100;0.58448300;0.59189400;0.59834000;0.60030200;0.60006900;0.59904400;0.59690000;0.59359400;0.58976200;0.58768200;0.58714300;0.58654400;0.58504500;0.58294700;0.58260000;0.58225800;0.58278700;0.58321900;0.58333900;0.58326300;0.58326000;0.58318400;0.58296300;0.58270500;0.58230500;0.58173000;0.58093800;0.57994400;0.57879200;0.57734800;         ;         ;         ;         ;         ;         ;         ;         ;         ;         ;         ;         ;         ;         ;         
ART coverage in females age 15-24;Mean;         ;         ;         ;         ;         ;         ;         ;         ;         ;         ;         ;         ;         ;         ;         ;         ;0.00105553;0.00177424;0.00233566;0.00282567;0.00745140;0.01354400;0.02125040;0.02997780;0.03885600;0.05375220;0.07673240;0.12046300;0.15048500;0.16747300;0.20486100;0.25289700;0.33596000;0.38884100;0.41938600;0.45284600;0.48186500;0.51202200;0.53946000;0.56362200;0.58398000;0.59983800;0.61268100;0.62451500;0.62877500;0.63007000;0.63008500;0.62891800;0.62663500;0.62382200;0.62217400;0.62191200;0.62195800;0.62142800;0.62031700;0.61993600;0.61950600;0.61956700;0.61963000;0.61942500;0.61905500;0.61865400;0.61823900;0.61787100;0.61747800;0.61703800;0.61655700;0.61602200;0.61542700;0.61474500;0.61397300;         ;         ;         ;         ;         ;         ;         ;         ;         ;         ;         ;         ;         ;         ;         
;95% LL;         ;         ;         ;         ;         ;         ;         ;         ;         ;         ;         ;         ;         ;         ;         ;         ;0.00098290;0.00166192;0.00219579;0.00266395;0.00706346;0.01283420;0.02017780;0.02841970;0.03679950;0.05085210;0.07273020;0.11451700;0.14247200;0.15728000;0.19145700;0.23625200;0.31375600;0.36200900;0.38866600;0.41737700;0.44854900;0.48346800;0.51655300;0.54532700;0.56969600;0.58859800;0.60359200;0.61711600;0.62161800;0.62342500;0.62359600;0.62239300;0.62008300;0.61713800;0.61540700;0.61507900;0.61500600;0.61436300;0.61313600;0.61257900;0.61204800;0.61195000;0.61219400;0.61220800;0.61202600;0.61178600;0.61152400;0.61131000;0.61087000;0.61035100;0.60979300;0.60924400;0.60865900;0.60794000;0.60705700;         ;         ;         ;         ;         ;         ;         ;         ;         ;         ;         ;         ;         ;         ;         
;95% UL;         ;         ;         ;         ;         ;         ;         ;         ;         ;         ;         ;         ;         ;         ;         ;         ;0.00114358;0.00190416;0.00248918;0.00299319;0.00785761;0.01427020;0.02225840;0.03137390;0.04069360;0.05619600;0.08048120;0.12600100;0.15789100;0.17686500;0.21659200;0.26735200;0.35521400;0.41211200;0.44634800;0.48438100;0.51231700;0.53889500;0.56144400;0.58098600;0.59776400;0.60968300;0.62020900;0.63085200;0.63452400;0.63550900;0.63535500;0.63408600;0.63171900;0.62882200;0.62712600;0.62690200;0.62697700;0.62639900;0.62518300;0.62479700;0.62439900;0.62452300;0.62466600;0.62456400;0.62433100;0.62406700;0.62358300;0.62312500;0.62264500;0.62212200;0.62157400;0.62114600;0.62066200;0.62005200;0.61933800;         ;         ;         ;         ;         ;         ;         ;         ;         ;         ;         ;         ;         ;         ;         
ART coverage in female sex workers;Mean;         ;         ;         ;         ;         ;         ;         ;         ;         ;         ;         ;         ;         ;         ;         ;         ;0.00090678;0.00186402;0.00306225;0.00461448;0.01182240;0.02409490;0.04317270;0.06942270;0.10130800;0.14557700;0.20476500;0.29891200;0.36445700;0.40993400;0.45948100;0.51239900;0.57753400;0.62360400;0.65406900;0.68375800;0.71044300;0.73280900;0.75205800;0.76846400;0.78231100;0.79333300;0.80210700;0.80919200;0.81074800;0.81092800;0.81039000;0.80947600;0.80838300;0.80720100;0.80598900;0.80479200;0.80363600;0.80252100;0.80143500;0.80036500;0.79930200;0.79823600;0.79715900;0.79606400;0.79494600;0.79379900;0.79262600;0.79142900;0.79021400;0.78898400;0.78774700;0.78650800;0.78527300;0.78404500;0.78282800;         ;         ;         ;         ;         ;         ;         ;         ;         ;         ;         ;         ;         ;         ;         
;95% LL;         ;         ;         ;         ;         ;         ;         ;         ;         ;         ;         ;         ;         ;         ;         ;         ;0.00071570;0.00137011;0.00209409;0.00299061;0.00811273;0.01686740;0.03046930;0.04907340;0.07155300;0.10549300;0.15375200;0.23408100;0.29276400;0.33226800;0.37800400;0.42954800;0.49759000;0.54572800;0.57705200;0.60794300;0.63677500;0.66279100;0.68603900;0.70504700;0.72204100;0.73688700;0.74868300;0.75815500;0.76047700;0.76073200;0.75995600;0.75866600;0.75714600;0.75552200;0.75387500;0.75226600;0.75073000;0.74927200;0.74788500;0.74655800;0.74528900;0.74407300;0.74290700;0.74178500;0.74070300;0.73965500;0.73864200;0.73766400;0.73672100;0.73581200;0.73493700;0.73409300;0.73327800;0.73248800;0.73171600;         ;         ;         ;         ;         ;         ;         ;         ;         ;         ;         ;         ;         ;         ;         
;95% UL;         ;         ;         ;         ;         ;         ;         ;         ;         ;         ;         ;         ;         ;         ;         ;         ;0.00110185;0.00237821;0.00404845;0.00623387;0.01539190;0.03084960;0.05444880;0.08667400;0.12499100;0.17524700;0.24042500;0.34268200;0.41170800;0.45934800;0.50980600;0.56402100;0.62829900;0.67407200;0.70499400;0.73531000;0.75959100;0.77758300;0.79224800;0.80437600;0.81536800;0.82617500;0.83417400;0.84023000;0.84155600;0.84195900;0.84163800;0.84102500;0.84028900;0.83959300;0.83886900;0.83815100;0.83745500;0.83677800;0.83610600;0.83542400;0.83472000;0.83398100;0.83319700;0.83236200;0.83146800;0.83051100;0.82949200;0.82841700;0.82728900;0.82611500;0.82490400;0.82366400;0.82240400;0.82113300;0.81985600;         ;         ;         ;         ;         ;         ;         ;         ;         ;         ;         ;         ;         ;         ;         
ART coverage in FSW clients;Mean;         ;         ;         ;         ;         ;         ;         ;         ;         ;         ;         ;         ;         ;         ;         ;         ;0.00161234;0.00322544;0.00496338;0.00686809;0.01646330;0.03173310;0.05403220;0.08281600;0.11538800;0.15895200;0.21427400;0.29561100;0.34852300;0.38536200;0.41861200;0.45784800;0.50532700;0.54184100;0.56916400;0.60024400;0.63075100;0.65678500;0.68250600;0.70442600;0.72408000;0.74054000;0.75440100;0.76617600;0.77223600;0.77674600;0.78024300;0.78305600;0.78540100;0.78741700;0.78920000;0.79081700;0.79230400;0.79367700;0.79493700;0.79608500;0.79712200;0.79804600;0.79885800;0.79956000;0.80015300;0.80064100;0.80103300;0.80133400;0.80155200;0.80169100;0.80175800;0.80176100;0.80170600;0.80160100;0.80145300;         ;         ;         ;         ;         ;         ;         ;         ;         ;         ;         ;         ;         ;         ;         
;95% LL;         ;         ;         ;         ;         ;         ;         ;         ;         ;         ;         ;         ;         ;         ;         ;         ;0.00149725;0.00301597;0.00466676;0.00648812;0.01561740;0.03022550;0.05145630;0.07892570;0.11027200;0.15216000;0.20529700;0.28351500;0.33432100;0.36940000;0.40150000;0.43928600;0.48511000;0.51976100;0.54621900;0.57579200;0.60790100;0.63694200;0.66589100;0.69100800;0.71367400;0.73276100;0.74882000;0.76253900;0.76941300;0.77443900;0.77827000;0.78130200;0.78368200;0.78572600;0.78746500;0.78907500;0.79050700;0.79182400;0.79302400;0.79414900;0.79516500;0.79603900;0.79677000;0.79742600;0.79797100;0.79841100;0.79869400;0.79892700;0.79910600;0.79919400;0.79913400;0.79910200;0.79893200;0.79870700;0.79844000;         ;         ;         ;         ;         ;         ;         ;         ;         ;         ;         ;         ;         ;         ;         
;95% UL;         ;         ;         ;         ;         ;         ;         ;         ;         ;         ;         ;         ;         ;         ;         ;         ;0.00175597;0.00347293;0.00531590;0.00729161;0.01735340;0.03321740;0.05634710;0.08635140;0.12038000;0.16580700;0.22338000;0.30792800;0.36302300;0.40178600;0.43636600;0.47693900;0.52597600;0.56392800;0.59244800;0.62502500;0.65419600;0.67723000;0.69938700;0.71787700;0.73434500;0.74800700;0.75948200;0.76925700;0.77461900;0.77873600;0.78202200;0.78473400;0.78704500;0.78906700;0.79087800;0.79253300;0.79406400;0.79548000;0.79678500;0.79797800;0.79906000;0.80003100;0.80089300;0.80164700;0.80229400;0.80284000;0.80329400;0.80366100;0.80394700;0.80415800;0.80430100;0.80438100;0.80440600;0.80438200;0.80431500;         ;         ;         ;         ;         ;         ;         ;         ;         ;         ;         ;         ;         ;         ;         
ART coverage in MSM;Mean;         ;         ;         ;         ;         ;         ;         ;         ;         ;         ;         ;         ;         ;         ;         ;         ;0.00110634;0.00215021;0.00324916;0.00443443;0.01129000;0.02205240;0.03762950;0.05759300;0.08003850;0.11186500;0.15501900;0.22198400;0.26959200;0.29823600;0.32730800;0.36488900;0.41629500;0.45552700;0.48542800;0.52070800;0.55263300;0.58014500;0.60831400;0.63176600;0.65283900;0.66994200;0.68399000;0.69574100;0.70151000;0.70546100;0.70837600;0.71069300;0.71269700;0.71457300;0.71645000;0.71840600;0.72046600;0.72260600;0.72478300;0.72694700;0.72905400;0.73106700;0.73295600;0.73470100;0.73629000;0.73772400;0.73900900;0.74015000;0.74115700;0.74203500;0.74279400;0.74344400;0.74399500;0.74445700;0.74484300;         ;         ;         ;         ;         ;         ;         ;         ;         ;         ;         ;         ;         ;         ;         
;95% LL;         ;         ;         ;         ;         ;         ;         ;         ;         ;         ;         ;         ;         ;         ;         ;         ;0.00091221;0.00178833;0.00273224;0.00377635;0.00988506;0.01960420;0.03390710;0.05271310;0.07381650;0.10430200;0.14622100;0.21089400;0.25670700;0.28434600;0.31216400;0.34750500;0.39670900;0.43318500;0.46051300;0.49315500;0.52571800;0.55617600;0.58820500;0.61537500;0.63981900;0.66014100;0.67721100;0.69130500;0.69795200;0.70226300;0.70536300;0.70778900;0.70985000;0.71170500;0.71360100;0.71544700;0.71737700;0.71939700;0.72145900;0.72351000;0.72550100;0.72739300;0.72915500;0.73076500;0.73221200;0.73349800;0.73462800;0.73561100;0.73645400;0.73716700;0.73775900;0.73824200;0.73862500;0.73892200;0.73914300;         ;         ;         ;         ;         ;         ;         ;         ;         ;         ;         ;         ;         ;         ;         
;95% UL;         ;         ;         ;         ;         ;         ;         ;         ;         ;         ;         ;         ;         ;         ;         ;         ;0.00137573;0.00264623;0.00394996;0.00532193;0.01314340;0.02505320;0.04213530;0.06359830;0.08724300;0.12078400;0.16563100;0.23416800;0.28360500;0.31450700;0.34537500;0.38249200;0.43609500;0.47808900;0.51037300;0.54836500;0.57927900;0.60390100;0.62837100;0.64811100;0.66574000;0.67981900;0.69122900;0.70070300;0.70554800;0.70895700;0.71153900;0.71364900;0.71552900;0.71733800;0.71918700;0.72114400;0.72322600;0.72540400;0.72762900;0.72985200;0.73202300;0.73410600;0.73607200;0.73790400;0.73960600;0.74115700;0.74256200;0.74384300;0.74501200;0.74604900;0.74696400;0.74776400;0.74845800;0.74905800;0.74958100;         ;         ;         ;         ;         ;         ;         ;         ;         ;         ;         ;         ;         ;         ;         
Ratio of ART enrolment to new HIV infections;Mean;         ;         ;         ;         ;         ;         ;         ;         ;         ;         ;         ;         ;         ;         ;         ;0.01747360;0.02267120;0.02890280;0.03658630;0.16062000;0.27637400;0.42538800;0.58498300;0.73268200;1.03405000;1.38946000;2.01510000;1.84057000;1.49469000;1.63678000;1.85202000;2.21681000;2.04950000;1.81201000;1.84055000;1.77385000;1.76937000;1.75357000;1.68365000;1.62268000;1.52726000;1.44515000;1.38093000;1.26869000;1.20223000;1.16187000;1.13705000;1.12177000;1.11265000;1.10791000;1.10649000;1.10658000;1.10633000;1.10531000;1.10362000;1.10161000;1.09930000;1.09677000;1.09404000;1.09123000;1.08848000;1.08590000;1.08353000;1.08139000;1.07947000;1.07774000;1.07620000;1.07484000;1.07364000;1.07257000;1.07163000;         ;         ;         ;         ;         ;         ;         ;         ;         ;         ;         ;         ;         ;         ;         
;95% LL;         ;         ;         ;         ;         ;         ;         ;         ;         ;         ;         ;         ;         ;         ;         ;0.01708200;0.02215150;0.02817240;0.03559510;0.15585500;0.26809200;0.41232300;0.56626900;0.70797000;0.99689300;1.33614000;1.93505000;1.76664000;1.43151000;1.56125000;1.76476000;2.10205000;1.93235000;1.69957000;1.71921000;1.73494000;1.72763000;1.68628000;1.60691000;1.54603000;1.45806000;1.38650000;1.33329000;1.23964000;1.18292000;1.14660000;1.12530000;1.11104000;1.10314000;1.09891000;1.09812000;1.09815000;1.09764000;1.09636000;1.09447000;1.09229000;1.08984000;1.08736000;1.08452000;1.08156000;1.07861000;1.07577000;1.07315000;1.07060000;1.06830000;1.06617000;1.06430000;1.06264000;1.06116000;1.05982000;1.05862000;         ;         ;         ;         ;         ;         ;         ;         ;         ;         ;         ;         ;         ;         ;         
;95% UL;         ;         ;         ;         ;         ;         ;         ;         ;         ;         ;         ;         ;         ;         ;         ;0.01782580;0.02315940;0.02955940;0.03744450;0.16447500;0.28307300;0.43590700;0.59972200;0.75249200;1.06348000;1.43044000;2.07627000;1.89946000;1.54739000;1.70118000;1.92652000;2.31218000;2.14682000;1.90462000;1.94148000;1.80039000;1.81494000;1.82928000;1.77262000;1.71047000;1.60750000;1.51519000;1.44188000;1.30759000;1.22622000;1.17694000;1.14888000;1.13150000;1.12090000;1.11565000;1.11400000;1.11407000;1.11391000;1.11292000;1.11116000;1.10934000;1.10705000;1.10497000;1.10251000;1.10002000;1.09759000;1.09530000;1.09323000;1.09139000;1.08976000;1.08817000;1.08678000;1.08558000;1.08456000;1.08367000;1.08291000;         ;         ;         ;         ;         ;         ;         ;         ;         ;         ;         ;         ;         ;         ;         
Ratio of ART enrolment to new HIV infections: males aged 15+;Mean;         ;         ;         ;         ;         ;         ;         ;         ;         ;         ;         ;         ;         ;         ;         ;0.01607570;0.02063460;0.02595000;0.03149690;0.13564300;0.23646100;0.37000900;0.50957500;0.62010300;0.86836700;1.17695000;1.71486000;1.65007000;1.34940000;1.40342000;1.62486000;1.98821000;1.92139000;1.76592000;1.90258000;1.86842000;1.85300000;1.94534000;1.87651000;1.83852000;1.72430000;1.61719000;1.52653000;1.38633000;1.29403000;1.23234000;1.19108000;1.16346000;1.14538000;1.13430000;1.12845000;1.12568000;1.12392000;1.12216000;1.12013000;1.11792000;1.11546000;1.11274000;1.10978000;1.10662000;1.10339000;1.10021000;1.09712000;1.09413000;1.09123000;1.08843000;1.08572000;1.08309000;1.08055000;1.07809000;1.07577000;         ;         ;         ;         ;         ;         ;         ;         ;         ;         ;         ;         ;         ;         ;         
;95% LL;         ;         ;         ;         ;         ;         ;         ;         ;         ;         ;         ;         ;         ;         ;         ;0.01542090;0.01975480;0.02482920;0.03018290;0.12996100;0.22644700;0.35399300;0.48710700;0.59237500;0.82975100;1.12370000;1.63544000;1.57324000;1.28287000;1.32952000;1.53661000;1.87384000;1.80135000;1.64368000;1.76290000;1.79376000;1.78876000;1.85099000;1.77188000;1.73821000;1.63240000;1.53821000;1.46003000;1.34843000;1.26789000;1.21245000;1.17490000;1.15140000;1.13325000;1.12312000;1.11784000;1.11501000;1.11341000;1.11153000;1.10902000;1.10634000;1.10364000;1.10061000;1.09722000;1.09364000;1.09013000;1.08651000;1.08231000;1.07841000;1.07484000;1.07141000;1.06821000;1.06516000;1.06223000;1.05945000;1.05686000;         ;         ;         ;         ;         ;         ;         ;         ;         ;         ;         ;         ;         ;         ;         
;95% UL;         ;         ;         ;         ;         ;         ;         ;         ;         ;         ;         ;         ;         ;         ;         ;0.01666610;0.02151720;0.02718500;0.03303370;0.14202800;0.24724900;0.38655900;0.53214100;0.64731800;0.90511900;1.22439000;1.78676000;1.71822000;1.40718000;1.46887000;1.70013000;2.08382000;2.02183000;1.86453000;2.01616000;1.94715000;1.90344000;2.02228000;1.96625000;1.93925000;1.81489000;1.70070000;1.60107000;1.43492000;1.32505000;1.25213000;1.20513000;1.17337000;1.15446000;1.14263000;1.13673000;1.13446000;1.13305000;1.13152000;1.12965000;1.12758000;1.12526000;1.12283000;1.12032000;1.11769000;1.11506000;1.11223000;1.10982000;1.10767000;1.10539000;1.10318000;1.10101000;1.09889000;1.09681000;1.09476000;1.09279000;         ;         ;         ;         ;         ;         ;         ;         ;         ;         ;         ;         ;         ;         ;         
Ratio of ART enrolment to new HIV infections: females aged 15+;Mean;         ;         ;         ;         ;         ;         ;         ;         ;         ;         ;         ;         ;         ;         ;         ;0.01974680;0.02594420;0.03391060;0.04390720;0.18950600;0.32791100;0.50631700;0.68894500;0.83036500;1.12267000;1.47049000;2.28637000;1.99956000;1.60999000;1.80941000;2.02076000;2.43105000;2.18995000;1.88628000;1.85264000;1.81360000;1.81031000;1.73143000;1.64394000;1.55473000;1.45360000;1.37299000;1.31541000;1.21800000;1.16581000;1.13727000;1.12162000;1.11320000;1.10904000;1.10778000;1.10869000;1.11010000;1.11026000;1.10910000;1.10696000;1.10437000;1.10144000;1.09829000;1.09497000;1.09167000;1.08855000;1.08571000;1.08322000;1.08111000;1.07936000;1.07790000;1.07676000;1.07591000;1.07532000;1.07492000;1.07468000;         ;         ;         ;         ;         ;         ;         ;         ;         ;         ;         ;         ;         ;         ;         
;95% LL;         ;         ;         ;         ;         ;         ;         ;         ;         ;         ;         ;         ;         ;         ;         ;0.01916070;0.02513880;0.03281900;0.04242560;0.18284500;0.31622600;0.48797300;0.66279000;0.79686300;1.07533000;1.40659000;2.18629000;1.91073000;1.53602000;1.71923000;1.91726000;2.30139000;2.06680000;1.77627000;1.73837000;1.77506000;1.73056000;1.62865000;1.54422000;1.46661000;1.38017000;1.31367000;1.26822000;1.19285000;1.15012000;1.12538000;1.11207000;1.10383000;1.09989000;1.09913000;1.10068000;1.10174000;1.10169000;1.10043000;1.09827000;1.09570000;1.09281000;1.08970000;1.08643000;1.08316000;1.08003000;1.07702000;1.07427000;1.07230000;1.07029000;1.06858000;1.06719000;1.06609000;1.06538000;1.06491000;1.06443000;         ;         ;         ;         ;         ;         ;         ;         ;         ;         ;         ;         ;         ;         ;         
;95% UL;         ;         ;         ;         ;         ;         ;         ;         ;         ;         ;         ;         ;         ;         ;         ;0.02026100;0.02663720;0.03488370;0.04526160;0.19545100;0.33812500;0.52207600;0.71058000;0.85708300;1.15898000;1.52050000;2.36378000;2.06741000;1.66686000;1.87778000;2.09841000;2.53189000;2.28932000;1.97868000;1.95013000;1.85379000;1.90252000;1.84579000;1.75931000;1.65975000;1.54343000;1.44312000;1.36917000;1.24896000;1.18423000;1.14922000;1.13039000;1.12120000;1.11622000;1.11481000;1.11587000;1.11748000;1.11771000;1.11642000;1.11406000;1.11128000;1.10859000;1.10543000;1.10205000;1.09898000;1.09616000;1.09346000;1.09110000;1.08911000;1.08748000;1.08619000;1.08531000;1.08460000;1.08423000;1.08388000;1.08363000;         ;         ;         ;         ;         ;         ;         ;         ;         ;         ;         ;         ;         ;         ;         
Ratio of ART enrolment to new HIV infections: children aged <15;Mean;         ;         ;         ;         ;         ;         ;         ;         ;         ;         ;         ;         ;         ;         ;         ;0.01152760;0.01458090;0.01662760;0.02092950;0.11212300;0.17957200;0.25078800;0.35042400;0.59719400;1.14805000;1.86601000;1.33262000;1.51528000;1.29510000;1.40624000;1.58782000;1.31817000;1.22768000;1.16632000;1.13680000;0.38901000;0.44039200;0.44297500;0.64933200;0.84730600;1.01556000;1.13612000;1.20032000;1.09029000;1.01155000;0.95738000;0.91932700;0.89330800;0.87575300;0.86469600;0.85969400;0.85956200;0.86236200;0.86684000;0.87231600;0.87842900;0.88489600;0.89147900;0.89794700;0.90408500;0.90972300;0.91472000;0.91895100;0.92231800;0.92476000;0.92624000;0.92680000;0.92651900;0.92545700;0.92367500;0.92126100;         ;         ;         ;         ;         ;         ;         ;         ;         ;         ;         ;         ;         ;         ;         
;95% LL;         ;         ;         ;         ;         ;         ;         ;         ;         ;         ;         ;         ;         ;         ;         ;0.01122610;0.01423310;0.01623610;0.02043130;0.10908200;0.17474900;0.24362000;0.33996300;0.58156300;1.11763000;1.80783000;1.29075000;1.46864000;1.26007000;1.36994000;1.54664000;1.27453000;1.17389000;1.10630000;1.07129000;0.38374500;0.43476600;0.43859500;0.64279500;0.83514100;1.00063000;1.11823000;1.17799000;1.06887000;0.99141600;0.93880600;0.90203000;0.87677800;0.86066300;0.85088000;0.84697100;0.84773500;0.85111500;0.85622900;0.86220300;0.86862900;0.87529100;0.88195600;0.88840800;0.89445100;0.89993200;0.90472100;0.90870300;0.91179100;0.91393500;0.91510900;0.91536300;0.91478400;0.91344100;0.91140500;0.90877100;         ;         ;         ;         ;         ;         ;         ;         ;         ;         ;         ;         ;         ;         ;         
;95% UL;         ;         ;         ;         ;         ;         ;         ;         ;         ;         ;         ;         ;         ;         ;         ;0.01187210;0.01500920;0.01711520;0.02151750;0.11574300;0.18490100;0.25851900;0.36077800;0.61373000;1.17328000;1.90900000;1.36793000;1.55396000;1.32523000;1.43525000;1.62313000;1.35321000;1.27480000;1.21842000;1.19368000;0.39334800;0.44520000;0.44728600;0.65552100;0.85784000;1.03195000;1.15814000;1.22776000;1.11717000;1.03618000;0.97944600;0.93928900;0.91101700;0.89165000;0.87948900;0.87401000;0.87349400;0.87567400;0.87935400;0.88417900;0.88977000;0.89588000;0.90211900;0.90830600;0.91429800;0.91992900;0.92480800;0.92898900;0.93237300;0.93473100;0.93608800;0.93692200;0.93694500;0.93597000;0.93460600;0.93248000;         ;         ;         ;         ;         ;         ;         ;         ;         ;         ;         ;         ;         ;         ;         
Men on 2nd-line ART;Mean;         ;         ;         ;         ;         ;         ;         ;         ;         ;         ;         ;         ;         ;         ;         ;         ;         ;44.06400000;134.30600000;277.09300000;496.26700000;1032.48000000;2087.04000000;3932.30000000;6856.22000000;11073.30000000;17067.80000000;25716.60000000;35148.90000000;46708.50000000;59016.70000000;72248.60000000;85831.80000000;99640.60000000;113674.00000000;128500.00000000;142438.00000000;154907.00000000;166382.00000000;175729.00000000;183123.00000000;187233.00000000;187958.00000000;185978.00000000;184690.00000000;184231.00000000;184170.00000000;183207.00000000;181478.00000000;179738.00000000;177747.00000000;174528.00000000;170015.00000000;164479.00000000;157955.00000000;151032.00000000;143818.00000000;136775.00000000;130132.00000000;124009.00000000;118665.00000000;113815.00000000;109298.00000000;105008.00000000;100880.00000000;96868.90000000;92948.20000000;89104.10000000;85330.90000000;81627.90000000;77998.00000000;         ;         ;         ;         ;         ;         ;         ;         ;         ;         ;         ;         ;         ;         ;         
;95% LL;         ;         ;         ;         ;         ;         ;         ;         ;         ;         ;         ;         ;         ;         ;         ;         ;         ;44.03690000;134.26200000;276.95200000;494.78800000;1029.86000000;2081.90000000;3921.48000000;6834.44000000;11031.90000000;16996.60000000;25616.00000000;35029.70000000;46543.50000000;58714.50000000;71696.90000000;84895.60000000;98314.30000000;111941.00000000;126293.00000000;139792.00000000;151751.00000000;162597.00000000;171275.00000000;177850.00000000;181341.00000000;181628.00000000;179369.00000000;177733.00000000;176836.00000000;176326.00000000;175385.00000000;173859.00000000;171520.00000000;168776.00000000;164734.00000000;159793.00000000;154206.00000000;147960.00000000;141541.00000000;134992.00000000;128681.00000000;122755.00000000;117268.00000000;112388.00000000;107897.00000000;103671.00000000;99629.70000000;95721.10000000;91912.00000000;88182.30000000;84523.00000000;80930.90000000;77406.60000000;73954.00000000;         ;         ;         ;         ;         ;         ;         ;         ;         ;         ;         ;         ;         ;         ;         
;95% UL;         ;         ;         ;         ;         ;         ;         ;         ;         ;         ;         ;         ;         ;         ;         ;         ;         ;44.08670000;134.35800000;277.29100000;498.25100000;1036.30000000;2094.66000000;3947.76000000;6885.70000000;11125.50000000;17154.90000000;25831.00000000;35236.20000000;46819.40000000;59235.40000000;72644.00000000;86434.30000000;100493.00000000;114824.00000000;129941.00000000;144359.00000000;157218.00000000;169302.00000000;179551.00000000;187934.00000000;192978.00000000;194275.00000000;192547.00000000;191386.00000000;190907.00000000;191053.00000000;190519.00000000;189341.00000000;188335.00000000;187132.00000000;184578.00000000;180480.00000000;175091.00000000;168381.00000000;161029.00000000;153196.00000000;145438.00000000;138077.00000000;131306.00000000;125481.00000000;120252.00000000;115426.00000000;110872.00000000;106509.00000000;102282.00000000;98145.30000000;94082.30000000;90097.00000000;86186.50000000;82352.60000000;         ;         ;         ;         ;         ;         ;         ;         ;         ;         ;         ;         ;         ;         ;         
Women on 2nd-line ART;Mean;         ;         ;         ;         ;         ;         ;         ;         ;         ;         ;         ;         ;         ;         ;         ;         ;         ;89.49330000;283.64000000;608.60400000;1136.63000000;2461.74000000;5116.79000000;9768.53000000;17030.40000000;27312.00000000;41353.00000000;60106.90000000;79960.70000000;102703.00000000;125914.00000000;150045.00000000;174628.00000000;199254.00000000;223794.00000000;249307.00000000;273636.00000000;295165.00000000;314172.00000000;329719.00000000;341968.00000000;348036.00000000;348312.00000000;343984.00000000;341757.00000000;341623.00000000;342728.00000000;342629.00000000;341428.00000000;340448.00000000;339184.00000000;335696.00000000;329761.00000000;321813.00000000;311841.00000000;300938.00000000;289276.00000000;277756.00000000;266842.00000000;256787.00000000;248153.00000000;240369.00000000;233106.00000000;226146.00000000;219349.00000000;212618.00000000;205890.00000000;199131.00000000;192323.00000000;185460.00000000;178546.00000000;         ;         ;         ;         ;         ;         ;         ;         ;         ;         ;         ;         ;         ;         ;         
;95% LL;         ;         ;         ;         ;         ;         ;         ;         ;         ;         ;         ;         ;         ;         ;         ;         ;         ;89.27350000;283.12000000;607.70400000;1134.98000000;2458.45000000;5110.34000000;9754.56000000;17002.60000000;27253.50000000;41244.70000000;59908.70000000;79541.20000000;101991.00000000;124743.00000000;148267.00000000;172089.00000000;195929.00000000;219702.00000000;244493.00000000;267831.00000000;288405.00000000;306484.00000000;321095.00000000;332025.00000000;337047.00000000;336485.00000000;331577.00000000;328794.00000000;328163.00000000;328642.00000000;328385.00000000;326900.00000000;324918.00000000;322443.00000000;317638.00000000;311090.00000000;303176.00000000;293721.00000000;283676.00000000;273095.00000000;262730.00000000;252957.00000000;243899.00000000;235989.00000000;228714.00000000;221851.00000000;215265.00000000;208822.00000000;202432.00000000;196036.00000000;189603.00000000;183117.00000000;176573.00000000;169977.00000000;         ;         ;         ;         ;         ;         ;         ;         ;         ;         ;         ;         ;         ;         ;         
;95% UL;         ;         ;         ;         ;         ;         ;         ;         ;         ;         ;         ;         ;         ;         ;         ;         ;         ;89.65610000;284.07500000;609.43000000;1138.58000000;2465.13000000;5122.66000000;9781.56000000;17058.10000000;27363.80000000;41450.50000000;60266.40000000;80282.60000000;103244.00000000;126869.00000000;151542.00000000;176821.00000000;202233.00000000;227381.00000000;253457.00000000;279132.00000000;301714.00000000;322469.00000000;339469.00000000;352967.00000000;360140.00000000;361256.00000000;357357.00000000;355778.00000000;356614.00000000;358209.00000000;358672.00000000;358499.00000000;358541.00000000;358064.00000000;356552.00000000;351616.00000000;344157.00000000;333354.00000000;321303.00000000;308356.00000000;295553.00000000;283467.00000000;272037.00000000;262415.00000000;253942.00000000;246197.00000000;238814.00000000;231702.00000000;224602.00000000;217564.00000000;210418.00000000;203233.00000000;196032.00000000;188828.00000000;         ;         ;         ;         ;         ;         ;         ;         ;         ;         ;         ;         ;         ;         ;         
Children on 2nd-line ART;Mean;         ;         ;         ;         ;         ;         ;         ;         ;         ;         ;         ;         ;         ;         ;         ;         ;         ;3.44301000;12.29710000;29.38150000;62.68290000;154.72000000;342.85500000;679.78100000;1160.07000000;1845.98000000;2807.44000000;4198.17000000;5563.32000000;7261.21000000;8745.17000000;10449.10000000;12214.90000000;13786.90000000;14770.30000000;14556.50000000;13443.70000000;11603.50000000;9426.43000000;7371.87000000;6096.01000000;5266.08000000;4602.06000000;4053.88000000;3668.80000000;3421.84000000;3257.70000000;3088.75000000;2914.92000000;2743.75000000;2590.46000000;2448.27000000;2313.90000000;2186.69000000;2062.95000000;1943.39000000;1826.22000000;1714.40000000;1609.72000000;1512.06000000;1422.97000000;1339.86000000;1261.24000000;1186.24000000;1114.51000000;1045.93000000;980.51900000;918.29300000;859.24400000;803.37000000;750.68100000;         ;         ;         ;         ;         ;         ;         ;         ;         ;         ;         ;         ;         ;         ;         
;95% LL;         ;         ;         ;         ;         ;         ;         ;         ;         ;         ;         ;         ;         ;         ;         ;         ;         ;3.23069000;11.53110000;27.57580000;59.16910000;147.57200000;330.13400000;660.97700000;1136.35000000;1813.93000000;2762.23000000;4126.51000000;5459.15000000;7104.60000000;8534.97000000;10179.00000000;11892.30000000;13412.90000000;14362.30000000;14146.30000000;13072.80000000;11279.60000000;9156.87000000;7161.41000000;5915.76000000;5103.46000000;4448.16000000;3909.67000000;3521.79000000;3270.41000000;3104.20000000;2930.15000000;2756.19000000;2587.70000000;2437.01000000;2295.57000000;2169.99000000;2051.12000000;1930.40000000;1816.38000000;1706.32000000;1598.11000000;1498.75000000;1405.21000000;1319.81000000;1240.04000000;1164.72000000;1093.88000000;1027.11000000;962.64300000;900.91900000;842.27000000;786.79500000;734.28700000;685.18200000;         ;         ;         ;         ;         ;         ;         ;         ;         ;         ;         ;         ;         ;         ;         
;95% UL;         ;         ;         ;         ;         ;         ;         ;         ;         ;         ;         ;         ;         ;         ;         ;         ;         ;3.66421000;13.07800000;31.10560000;65.68430000;160.49500000;353.46500000;695.88300000;1181.79000000;1871.58000000;2846.41000000;4265.84000000;5662.85000000;7401.94000000;8916.30000000;10661.30000000;12481.40000000;14102.70000000;15124.10000000;14906.20000000;13786.40000000;11897.20000000;9700.55000000;7596.30000000;6300.65000000;5459.63000000;4788.56000000;4239.19000000;3860.84000000;3619.93000000;3461.66000000;3297.48000000;3125.79000000;2954.33000000;2799.18000000;2654.15000000;2510.17000000;2371.47000000;2236.42000000;2109.27000000;1985.18000000;1867.37000000;1755.20000000;1653.26000000;1562.10000000;1476.42000000;1394.71000000;1314.68000000;1237.35000000;1164.22000000;1094.29000000;1027.59000000;964.13200000;903.61200000;845.40200000;         ;         ;         ;         ;         ;         ;         ;         ;         ;         ;         ;         ;         ;         ;         
Men who have stopped ART (not currently on ART);Mean;         ;         ;         ;         ;         ;         ;         ;         ;         ;         ;         ;         ;         ;         ;         ;         ;203.66100000;681.69100000;1372.55000000;2249.88000000;4044.84000000;7979.21000000;14427.60000000;23623.50000000;35173.70000000;49814.50000000;69207.80000000;87640.40000000;131440.00000000;166028.00000000;200858.00000000;233566.00000000;266796.00000000;303343.00000000;338221.00000000;362857.00000000;374802.00000000;387079.00000000;397130.00000000;404791.00000000;409347.00000000;411375.00000000;411018.00000000;408674.00000000;412840.00000000;415136.00000000;416001.00000000;415672.00000000;414411.00000000;412395.00000000;409733.00000000;406503.00000000;402769.00000000;398581.00000000;393977.00000000;388983.00000000;383629.00000000;377938.00000000;371930.00000000;365627.00000000;359051.00000000;352213.00000000;345120.00000000;337788.00000000;330237.00000000;322487.00000000;314551.00000000;306449.00000000;298199.00000000;289819.00000000;281333.00000000;         ;         ;         ;         ;         ;         ;         ;         ;         ;         ;         ;         ;         ;         ;         
;95% LL;         ;         ;         ;         ;         ;         ;         ;         ;         ;         ;         ;         ;         ;         ;         ;         ;202.37600000;677.92000000;1365.51000000;2239.13000000;4008.22000000;7871.32000000;14181.10000000;23137.10000000;34320.20000000;48448.40000000;67150.90000000;84788.00000000;127588.00000000;160209.00000000;194753.00000000;226705.00000000;259081.00000000;294089.00000000;327135.00000000;349076.00000000;360835.00000000;373794.00000000;384088.00000000;391909.00000000;396764.00000000;399329.00000000;399769.00000000;398444.00000000;401709.00000000;403344.00000000;403719.00000000;403016.00000000;401453.00000000;399184.00000000;396301.00000000;392878.00000000;388978.00000000;384647.00000000;379923.00000000;374831.00000000;369401.00000000;363655.00000000;357611.00000000;351289.00000000;344712.00000000;337888.00000000;330825.00000000;323538.00000000;316044.00000000;308365.00000000;300513.00000000;292507.00000000;284366.00000000;276108.00000000;267755.00000000;         ;         ;         ;         ;         ;         ;         ;         ;         ;         ;         ;         ;         ;         ;         
;95% UL;         ;         ;         ;         ;         ;         ;         ;         ;         ;         ;         ;         ;         ;         ;         ;         ;205.46200000;686.46400000;1380.91000000;2262.59000000;4079.13000000;8060.95000000;14610.40000000;23987.80000000;35815.80000000;50860.40000000;70947.40000000;90198.20000000;134874.00000000;170992.00000000;206542.00000000;239958.00000000;273920.00000000;311780.00000000;348197.00000000;375175.00000000;387292.00000000;399198.00000000;409320.00000000;417187.00000000;421811.00000000;423891.00000000;423256.00000000;420251.00000000;425466.00000000;428535.00000000;429969.00000000;430070.00000000;429145.00000000;427401.00000000;424961.00000000;421910.00000000;418319.00000000;414239.00000000;409710.00000000;404759.00000000;399419.00000000;393714.00000000;387804.00000000;381638.00000000;375185.00000000;368456.00000000;361461.00000000;354213.00000000;346546.00000000;338473.00000000;330195.00000000;321734.00000000;313273.00000000;305027.00000000;296659.00000000;         ;         ;         ;         ;         ;         ;         ;         ;         ;         ;         ;         ;         ;         ;         
Women who have stopped ART (not currently on ART);Mean;         ;         ;         ;         ;         ;         ;         ;         ;         ;         ;         ;         ;         ;         ;         ;         ;382.19200000;1260.30000000;2535.95000000;4207.10000000;7736.17000000;15366.50000000;27184.20000000;42930.80000000;61310.10000000;83293.00000000;110208.00000000;134926.00000000;200958.00000000;241918.00000000;293877.00000000;344961.00000000;397136.00000000;452686.00000000;501609.00000000;527132.00000000;521804.00000000;524140.00000000;524496.00000000;522090.00000000;517209.00000000;510404.00000000;502188.00000000;493024.00000000;499266.00000000;504099.00000000;507879.00000000;510769.00000000;512879.00000000;514293.00000000;515058.00000000;515215.00000000;514794.00000000;513827.00000000;512336.00000000;510340.00000000;507875.00000000;504965.00000000;501630.00000000;497892.00000000;493769.00000000;489265.00000000;484382.00000000;479121.00000000;473490.00000000;467494.00000000;461133.00000000;454411.00000000;447330.00000000;439894.00000000;432111.00000000;         ;         ;         ;         ;         ;         ;         ;         ;         ;         ;         ;         ;         ;         ;         
;95% LL;         ;         ;         ;         ;         ;         ;         ;         ;         ;         ;         ;         ;         ;         ;         ;         ;379.38900000;1251.26000000;2519.48000000;4181.54000000;7662.66000000;15158.00000000;26754.50000000;42099.00000000;59884.10000000;81034.90000000;106908.00000000;131060.00000000;194465.00000000;231412.00000000;282968.00000000;332990.00000000;384513.00000000;436321.00000000;479688.00000000;497667.00000000;492270.00000000;497537.00000000;500302.00000000;500291.00000000;497550.00000000;493314.00000000;487901.00000000;481133.00000000;486617.00000000;490745.00000000;493997.00000000;496636.00000000;498557.00000000;499825.00000000;500260.00000000;500079.00000000;499344.00000000;498087.00000000;496328.00000000;494175.00000000;491808.00000000;488714.00000000;485343.00000000;481650.00000000;477292.00000000;472607.00000000;467577.00000000;462233.00000000;456682.00000000;450780.00000000;444500.00000000;437638.00000000;430426.00000000;422866.00000000;414966.00000000;         ;         ;         ;         ;         ;         ;         ;         ;         ;         ;         ;         ;         ;         ;         
;95% UL;         ;         ;         ;         ;         ;         ;         ;         ;         ;         ;         ;         ;         ;         ;         ;         ;385.08900000;1268.71000000;2550.99000000;4229.68000000;7803.84000000;15542.50000000;27585.80000000;43712.80000000;62667.20000000;85592.40000000;113617.00000000;139490.00000000;207894.00000000;253103.00000000;305785.00000000;357560.00000000;410616.00000000;469961.00000000;524257.00000000;557066.00000000;551168.00000000;550751.00000000;549519.00000000;545303.00000000;538444.00000000;529350.00000000;518614.00000000;506819.00000000;513958.00000000;519460.00000000;523704.00000000;527077.00000000;529597.00000000;531192.00000000;532158.00000000;532560.00000000;532618.00000000;532095.00000000;530965.00000000;529167.00000000;526876.00000000;524118.00000000;520913.00000000;517288.00000000;513260.00000000;508837.00000000;504090.00000000;498876.00000000;493236.00000000;487254.00000000;480910.00000000;474194.00000000;467096.00000000;459556.00000000;451650.00000000;         ;         ;         ;         ;         ;         ;         ;         ;         ;         ;         ;         ;         ;         ;         
Children who have stopped ART (not currently on ART);Mean;         ;         ;         ;         ;         ;         ;         ;         ;         ;         ;         ;         ;         ;         ;         ;         ;70.65480000;216.02900000;416.05900000;674.49800000;1502.34000000;3335.53000000;5893.00000000;9046.41000000;12951.40000000;18093.20000000;24629.40000000;28944.70000000;34009.90000000;36943.30000000;39130.30000000;40627.10000000;41067.40000000;40736.30000000;39752.00000000;37268.20000000;33275.90000000;29039.10000000;24912.30000000;21297.50000000;18698.50000000;16850.30000000;15363.40000000;14051.50000000;13036.10000000;12251.70000000;11514.80000000;10910.90000000;10354.60000000;9818.29000000;9312.01000000;8843.76000000;8404.49000000;7991.38000000;7599.58000000;7224.41000000;6863.35000000;6515.92000000;6182.09000000;5858.08000000;5542.74000000;5236.03000000;4938.10000000;4649.21000000;4370.08000000;4101.58000000;3844.55000000;3599.59000000;3367.01000000;3147.02000000;2939.74000000;         ;         ;         ;         ;         ;         ;         ;         ;         ;         ;         ;         ;         ;         ;         
;95% LL;         ;         ;         ;         ;         ;         ;         ;         ;         ;         ;         ;         ;         ;         ;         ;         ;68.10960000;208.24400000;401.40600000;651.88800000;1460.43000000;3260.34000000;5758.96000000;8843.60000000;12681.00000000;17747.00000000;24142.30000000;28293.20000000;33140.70000000;35847.00000000;37921.70000000;39378.30000000;39704.70000000;39217.00000000;38241.90000000;35777.70000000;31870.10000000;27834.10000000;23882.00000000;20406.40000000;17902.50000000;16093.80000000;14653.40000000;13364.50000000;12384.40000000;11633.70000000;10907.90000000;10312.70000000;9767.74000000;9248.10000000;8762.40000000;8317.65000000;7894.55000000;7497.22000000;7117.09000000;6753.59000000;6405.74000000;6068.87000000;5745.42000000;5432.39000000;5129.90000000;4837.64000000;4553.29000000;4277.05000000;4011.75000000;3758.39000000;3516.59000000;3286.76000000;3069.82000000;2866.51000000;2675.23000000;         ;         ;         ;         ;         ;         ;         ;         ;         ;         ;         ;         ;         ;         ;         
;95% UL;         ;         ;         ;         ;         ;         ;         ;         ;         ;         ;         ;         ;         ;         ;         ;         ;73.10150000;223.62100000;430.51400000;696.77500000;1542.75000000;3417.45000000;6028.00000000;9237.77000000;13207.30000000;18440.00000000;25097.30000000;29542.50000000;34835.80000000;38016.30000000;40292.60000000;42013.30000000;42634.10000000;42462.50000000;41601.30000000;39174.70000000;34983.50000000;30509.50000000;26198.10000000;22442.90000000;19742.00000000;17824.30000000;16281.60000000;14966.30000000;13944.50000000;13155.00000000;12397.30000000;11763.50000000;11173.20000000;10605.90000000;10045.70000000;9529.28000000;9058.54000000;8625.74000000;8221.18000000;7846.82000000;7468.94000000;7098.48000000;6743.14000000;6404.67000000;6081.53000000;5764.54000000;5453.99000000;5150.33000000;4854.61000000;4568.06000000;4291.97000000;4027.31000000;3774.74000000;3534.77000000;3307.79000000;         ;         ;         ;         ;         ;         ;         ;         ;         ;         ;         ;         ;         ;         ;         
;;         ;         ;         ;         ;         ;         ;         ;         ;         ;         ;         ;         ;         ;         ;         ;         ;         ;         ;         ;         ;         ;         ;         ;         ;         ;         ;         ;         ;         ;         ;         ;         ;         ;         ;         ;         ;         ;         ;         ;         ;         ;         ;         ;         ;         ;         ;         ;         ;         ;         ;         ;         ;         ;         ;         ;         ;         ;         ;         ;         ;         ;         ;         ;         ;         ;         ;         ;         ;         ;         ;         ;         ;         ;         ;         ;         ;         ;         ;         ;         ;         ;         ;         ;         ;         ;         
Viral suppression in people on antiretroviral treatment;;         ;         ;         ;         ;         ;         ;         ;         ;         ;         ;         ;         ;         ;         ;         ;         ;         ;         ;         ;         ;         ;         ;         ;         ;         ;         ;         ;         ;         ;         ;         ;         ;         ;         ;         ;         ;         ;         ;         ;         ;         ;         ;         ;         ;         ;         ;         ;         ;         ;         ;         ;         ;         ;         ;         ;         ;         ;         ;         ;         ;         ;         ;         ;         ;         ;         ;         ;         ;         ;         ;         ;         ;         ;         ;         ;         ;         ;         ;         ;         ;         ;         ;         ;         ;         ;         
;;         ;         ;         ;         ;         ;         ;         ;         ;         ;         ;         ;         ;         ;         ;         ;         ;         ;         ;         ;         ;         ;         ;         ;         ;         ;         ;         ;         ;         ;         ;         ;         ;         ;         ;         ;         ;         ;         ;         ;         ;         ;         ;         ;         ;         ;         ;         ;         ;         ;         ;         ;         ;         ;         ;         ;         ;         ;         ;         ;         ;         ;         ;         ;         ;         ;         ;         ;         ;         ;         ;         ;         ;         ;         ;         ;         ;         ;         ;         ;         ;         ;         ;         ;         ;         ;         
Fraction of ART patients virologically suppressed (RNA count <400 copies/ml);Mean;         ;         ;         ;         ;         ;         ;         ;         ;         ;         ;         ;         ;         ;         ;         ;         ;0.82109200;0.82291600;0.82463600;0.82612500;0.82521400;0.82376800;0.82527000;0.82447000;0.79595800;0.73886000;0.71576100;0.73410800;0.75584900;0.79643000;0.80068200;0.81278200;0.84445400;0.84880800;0.85641400;0.86685400;0.87595800;0.88463900;0.89292500;0.89789800;0.89955800;0.90111000;0.90249100;0.90381200;0.90509200;0.90630200;0.90745800;0.90855500;0.90960200;0.91060400;0.91156200;0.91247500;0.91334600;0.91417600;0.91497100;0.91573200;0.91646200;0.91716300;0.91783800;0.91848800;0.91911500;0.91972100;0.92030700;0.92087500;0.92142500;0.92195900;0.92247900;0.92298300;0.92347400;0.92395100;0.92441400;         ;         ;         ;         ;         ;         ;         ;         ;         ;         ;         ;         ;         ;         ;         
;95% LL;         ;         ;         ;         ;         ;         ;         ;         ;         ;         ;         ;         ;         ;         ;         ;         ;0.82039600;0.82222600;0.82395300;0.82545700;0.82455500;0.82313900;0.82463400;0.82382900;0.79525600;0.73803900;0.71487500;0.73319300;0.75496300;0.79562600;0.79980800;0.81190500;0.84363400;0.84799500;0.85561000;0.86606800;0.87520900;0.88394500;0.89226600;0.89726600;0.89894500;0.90051800;0.90191900;0.90325900;0.90456100;0.90579600;0.90697600;0.90809700;0.90916600;0.91018800;0.91116400;0.91209500;0.91298400;0.91383200;0.91464100;0.91541600;0.91615700;0.91686900;0.91755300;0.91820800;0.91884100;0.91945300;0.92004600;0.92061500;0.92117500;0.92171900;0.92224300;0.92275200;0.92324100;0.92371500;0.92417500;         ;         ;         ;         ;         ;         ;         ;         ;         ;         ;         ;         ;         ;         ;         
;95% UL;         ;         ;         ;         ;         ;         ;         ;         ;         ;         ;         ;         ;         ;         ;         ;         ;0.82176400;0.82359700;0.82533700;0.82682500;0.82592700;0.82450400;0.82601800;0.82524500;0.79680000;0.73982500;0.71673900;0.73516700;0.75691300;0.79742700;0.80171400;0.81379600;0.84537100;0.84970700;0.85723100;0.86756400;0.87660300;0.88523200;0.89347200;0.89841300;0.90005800;0.90159400;0.90295500;0.90426300;0.90552700;0.90672100;0.90786000;0.90894000;0.90997000;0.91095700;0.91190100;0.91280200;0.91366000;0.91448000;0.91526400;0.91601700;0.91673900;0.91743000;0.91809400;0.91873000;0.91935200;0.91996000;0.92054700;0.92110700;0.92165000;0.92217800;0.92269400;0.92319700;0.92368300;0.92415500;0.92461600;         ;         ;         ;         ;         ;         ;         ;         ;         ;         ;         ;         ;         ;         ;         
Fraction of men on ART who are virologically suppressed (RNA count <400 copies/ml);Mean;         ;         ;         ;         ;         ;         ;         ;         ;         ;         ;         ;         ;         ;         ;         ;         ;0.82227900;0.82368100;0.82488900;0.82600200;0.82506400;0.82027100;0.81860500;0.81572500;0.78607700;0.72502600;0.69945700;0.71904900;0.74108300;0.78424700;0.78861000;0.79981200;0.83323200;0.83736500;0.84472900;0.85540000;0.86448000;0.87321600;0.88166000;0.88652600;0.88783400;0.88913900;0.89040100;0.89161200;0.89278400;0.89391300;0.89499600;0.89603600;0.89703600;0.89799500;0.89891500;0.89979500;0.90063300;0.90143300;0.90219900;0.90293300;0.90363600;0.90431200;0.90496200;0.90558800;0.90619300;0.90677700;0.90734100;0.90788700;0.90841500;0.90892600;0.90942100;0.90990000;0.91036100;0.91080500;0.91123100;         ;         ;         ;         ;         ;         ;         ;         ;         ;         ;         ;         ;         ;         ;         
;95% LL;         ;         ;         ;         ;         ;         ;         ;         ;         ;         ;         ;         ;         ;         ;         ;         ;0.82105100;0.82251200;0.82369400;0.82484500;0.82389800;0.81908200;0.81750900;0.81472800;0.78507200;0.72386600;0.69826900;0.71783100;0.73988200;0.78315600;0.78748000;0.79863300;0.83215300;0.83631400;0.84369000;0.85442300;0.86354700;0.87232600;0.88082600;0.88574300;0.88707700;0.88841700;0.88971700;0.89097400;0.89218600;0.89335100;0.89446800;0.89554000;0.89657200;0.89756000;0.89850600;0.89940900;0.90026900;0.90108800;0.90187100;0.90262300;0.90334400;0.90403900;0.90470000;0.90533700;0.90595100;0.90654400;0.90711700;0.90767300;0.90821000;0.90872900;0.90922500;0.90971300;0.91018500;0.91062800;0.91106100;         ;         ;         ;         ;         ;         ;         ;         ;         ;         ;         ;         ;         ;         ;         
;95% UL;         ;         ;         ;         ;         ;         ;         ;         ;         ;         ;         ;         ;         ;         ;         ;         ;0.82331700;0.82473300;0.82595400;0.82707700;0.82618800;0.82143400;0.81973400;0.81682100;0.78721700;0.72626400;0.70087700;0.72030900;0.74234800;0.78539400;0.78977400;0.80097500;0.83431300;0.83846600;0.84581100;0.85643700;0.86546900;0.87415600;0.88254300;0.88736700;0.88865100;0.88991700;0.89113700;0.89230500;0.89343500;0.89452200;0.89556700;0.89657200;0.89753800;0.89845400;0.89934300;0.90020000;0.90101800;0.90179900;0.90254700;0.90326500;0.90395400;0.90461600;0.90525300;0.90586800;0.90646200;0.90703600;0.90759300;0.90812700;0.90864600;0.90914900;0.90963600;0.91010600;0.91055800;0.91098800;0.91140300;         ;         ;         ;         ;         ;         ;         ;         ;         ;         ;         ;         ;         ;         ;         
Fraction of women on ART who are virologically suppressed (RNA count <400 copies/ml);Mean;         ;         ;         ;         ;         ;         ;         ;         ;         ;         ;         ;         ;         ;         ;         ;         ;0.82964700;0.83156000;0.83329300;0.83489500;0.83494600;0.83166100;0.83153800;0.83027400;0.80393300;0.74870200;0.72737500;0.74797200;0.76975300;0.81044400;0.81562300;0.82663500;0.85705400;0.86120500;0.86812700;0.87784400;0.88612500;0.89402900;0.90159700;0.90603100;0.90738200;0.90869500;0.90995100;0.91114900;0.91229600;0.91339100;0.91443400;0.91542800;0.91637700;0.91728100;0.91814400;0.91896600;0.91974800;0.92049200;0.92120300;0.92188200;0.92253100;0.92315100;0.92374600;0.92431700;0.92486500;0.92539300;0.92590100;0.92639000;0.92686400;0.92732200;0.92776700;0.92819900;0.92861900;0.92902800;0.92942500;         ;         ;         ;         ;         ;         ;         ;         ;         ;         ;         ;         ;         ;         ;         
;95% LL;         ;         ;         ;         ;         ;         ;         ;         ;         ;         ;         ;         ;         ;         ;         ;         ;0.82893000;0.83084400;0.83256100;0.83415800;0.83419700;0.83090800;0.83078200;0.82948700;0.80305400;0.74771200;0.72631600;0.74691800;0.76874700;0.80955200;0.81468200;0.82567800;0.85616400;0.86031100;0.86726600;0.87701800;0.88533500;0.89329000;0.90087200;0.90533300;0.90669600;0.90803300;0.90931600;0.91053900;0.91170300;0.91281500;0.91387500;0.91488600;0.91585200;0.91677500;0.91765500;0.91849500;0.91929500;0.92005800;0.92078500;0.92147200;0.92212900;0.92276800;0.92338100;0.92396400;0.92452400;0.92506200;0.92558300;0.92608500;0.92657000;0.92703200;0.92747500;0.92791700;0.92835100;0.92877300;0.92917700;         ;         ;         ;         ;         ;         ;         ;         ;         ;         ;         ;         ;         ;         ;         
;95% UL;         ;         ;         ;         ;         ;         ;         ;         ;         ;         ;         ;         ;         ;         ;         ;         ;0.83036100;0.83228400;0.83401200;0.83563500;0.83575300;0.83253000;0.83239800;0.83112200;0.80485100;0.74975600;0.72853600;0.74914500;0.77086400;0.81141700;0.81666000;0.82763700;0.85786200;0.86202700;0.86895100;0.87864000;0.88689200;0.89474700;0.90228100;0.90669900;0.90803700;0.90933000;0.91056300;0.91174100;0.91287300;0.91395300;0.91497500;0.91595300;0.91688500;0.91777000;0.91861400;0.91942200;0.92019100;0.92092000;0.92161200;0.92227200;0.92290600;0.92351400;0.92409700;0.92465700;0.92519500;0.92571300;0.92621200;0.92669100;0.92715300;0.92760400;0.92804800;0.92847600;0.92889100;0.92929400;0.92968600;         ;         ;         ;         ;         ;         ;         ;         ;         ;         ;         ;         ;         ;         ;         
Fraction of children on ART who are virologically suppressed (RNA count <400 copies/ml);Mean;         ;         ;         ;         ;         ;         ;         ;         ;         ;         ;         ;         ;         ;         ;         ;         ;0.70751900;0.70751900;0.70751900;0.70751900;0.70751900;0.73191200;0.75370500;0.76230300;0.71376000;0.64913800;0.61912100;0.59940000;0.61220100;0.63107300;0.60810400;0.63063700;0.65486600;0.64748800;0.65641100;0.66537300;0.67437700;0.68342200;0.69250900;0.70163700;0.71080800;0.72002100;0.72002100;0.72002100;0.72002100;0.72002100;0.72002100;0.72002100;0.72002100;0.72002100;0.72002100;0.72002100;0.72002100;0.72002100;0.72002100;0.72002100;0.72002100;0.72002100;0.72002100;0.72002100;0.72002100;0.72002100;0.72002100;0.72002100;0.72002100;0.72002100;0.72002100;0.72002100;0.72002100;0.72002100;0.72002100;         ;         ;         ;         ;         ;         ;         ;         ;         ;         ;         ;         ;         ;         ;         
;95% LL;         ;         ;         ;         ;         ;         ;         ;         ;         ;         ;         ;         ;         ;         ;         ;         ;0.70751900;0.70751900;0.70751900;0.70751900;0.70751900;0.73191200;0.75370500;0.76230300;0.71376000;0.64913800;0.61912100;0.59940000;0.61220100;0.63107300;0.60810400;0.63063700;0.65486600;0.64748800;0.65641100;0.66537300;0.67437700;0.68342200;0.69250900;0.70163700;0.71080800;0.72002100;0.72002100;0.72002100;0.72002100;0.72002100;0.72002100;0.72002100;0.72002100;0.72002100;0.72002100;0.72002100;0.72002100;0.72002100;0.72002100;0.72002100;0.72002100;0.72002100;0.72002100;0.72002100;0.72002100;0.72002100;0.72002100;0.72002100;0.72002100;0.72002100;0.72002100;0.72002100;0.72002100;0.72002100;0.72002100;         ;         ;         ;         ;         ;         ;         ;         ;         ;         ;         ;         ;         ;         ;         
;95% UL;         ;         ;         ;         ;         ;         ;         ;         ;         ;         ;         ;         ;         ;         ;         ;         ;0.70751900;0.70751900;0.70751900;0.70751900;0.70751900;0.73191200;0.75370500;0.76230300;0.71376000;0.64913800;0.61912100;0.59940000;0.61220100;0.63107300;0.60810400;0.63063700;0.65486600;0.64748800;0.65641100;0.66537300;0.67437700;0.68342200;0.69250900;0.70163700;0.71080800;0.72002100;0.72002100;0.72002100;0.72002100;0.72002100;0.72002100;0.72002100;0.72002100;0.72002100;0.72002100;0.72002100;0.72002100;0.72002100;0.72002100;0.72002100;0.72002100;0.72002100;0.72002100;0.72002100;0.72002100;0.72002100;0.72002100;0.72002100;0.72002100;0.72002100;0.72002100;0.72002100;0.72002100;0.72002100;0.72002100;         ;         ;         ;         ;         ;         ;         ;         ;         ;         ;         ;         ;         ;         ;         
Fraction of ART patients who are virologically suppressed (RNA count <1000 copies/ml);Mean;         ;         ;         ;         ;         ;         ;         ;         ;         ;         ;         ;         ;         ;         ;         ;         ;0.85519000;0.85676500;0.85828000;0.85952000;0.85833800;0.85736800;0.85910100;0.85879100;0.83527700;0.78791500;0.76856100;0.78445600;0.80282000;0.83631400;0.83988800;0.85002800;0.87589800;0.87956600;0.88585800;0.89438600;0.90184700;0.90892600;0.91565200;0.91971100;0.92111200;0.92240100;0.92353100;0.92460900;0.92565400;0.92663600;0.92757200;0.92845600;0.92929900;0.93010400;0.93087400;0.93160700;0.93230400;0.93297000;0.93360500;0.93421400;0.93479800;0.93535900;0.93589800;0.93641700;0.93691800;0.93740200;0.93787000;0.93832300;0.93876200;0.93918800;0.93960300;0.94000500;0.94039600;0.94077500;0.94114300;         ;         ;         ;         ;         ;         ;         ;         ;         ;         ;         ;         ;         ;         ;         
;95% LL;         ;         ;         ;         ;         ;         ;         ;         ;         ;         ;         ;         ;         ;         ;         ;         ;0.85463900;0.85621300;0.85774100;0.85898600;0.85783300;0.85687200;0.85861000;0.85829200;0.83472000;0.78723400;0.76781700;0.78368200;0.80207700;0.83560900;0.83915100;0.84928300;0.87521600;0.87886700;0.88517600;0.89373000;0.90123400;0.90835900;0.91511300;0.91919700;0.92062200;0.92193300;0.92307500;0.92416600;0.92522800;0.92622900;0.92718400;0.92808400;0.92894200;0.92976300;0.93055100;0.93130200;0.93201500;0.93269500;0.93334300;0.93396300;0.93455600;0.93512500;0.93567300;0.93619500;0.93670100;0.93719000;0.93766100;0.93811800;0.93856500;0.93899200;0.93941700;0.93982500;0.94021900;0.94059600;0.94096200;         ;         ;         ;         ;         ;         ;         ;         ;         ;         ;         ;         ;         ;         ;         
;95% UL;         ;         ;         ;         ;         ;         ;         ;         ;         ;         ;         ;         ;         ;         ;         ;         ;0.85573300;0.85730900;0.85882000;0.86006700;0.85889700;0.85795400;0.85970900;0.85940300;0.83595500;0.78869700;0.76941600;0.78535800;0.80371700;0.83715400;0.84076000;0.85085300;0.87663100;0.88026600;0.88650300;0.89494300;0.90236700;0.90940000;0.91608100;0.92010800;0.92150200;0.92278400;0.92390600;0.92497500;0.92600700;0.92697600;0.92790100;0.92877200;0.92960300;0.93039600;0.93115300;0.93187400;0.93256100;0.93321700;0.93384400;0.93444500;0.93502000;0.93557500;0.93610600;0.93661600;0.93710800;0.93758400;0.93804800;0.93850300;0.93893800;0.93936100;0.93977300;0.94017300;0.94056200;0.94093900;0.94130300;         ;         ;         ;         ;         ;         ;         ;         ;         ;         ;         ;         ;         ;         ;         
Fraction of men on ART who are virologically suppressed (RNA count <1000 copies/ml);Mean;         ;         ;         ;         ;         ;         ;         ;         ;         ;         ;         ;         ;         ;         ;         ;         ;0.86004200;0.86117400;0.86215000;0.86304900;0.86229200;0.85842700;0.85708300;0.85475700;0.83069900;0.78047500;0.75913900;0.77546400;0.79372200;0.82915900;0.83270700;0.84181000;0.86881400;0.87213000;0.87803600;0.88657500;0.89382200;0.90077800;0.90748600;0.91134500;0.91237900;0.91341200;0.91441000;0.91536800;0.91629500;0.91718800;0.91804400;0.91886800;0.91965900;0.92041800;0.92114600;0.92184200;0.92250500;0.92313800;0.92374400;0.92432400;0.92488100;0.92541500;0.92592900;0.92642400;0.92690200;0.92736400;0.92780900;0.92824000;0.92865700;0.92906100;0.92945100;0.92982900;0.93019300;0.93054300;0.93087900;         ;         ;         ;         ;         ;         ;         ;         ;         ;         ;         ;         ;         ;         ;         
;95% LL;         ;         ;         ;         ;         ;         ;         ;         ;         ;         ;         ;         ;         ;         ;         ;         ;0.85904900;0.86022900;0.86118500;0.86211600;0.86135100;0.85746700;0.85619600;0.85395000;0.82987900;0.77951000;0.75814300;0.77445100;0.79272700;0.82827000;0.83178800;0.84085700;0.86795000;0.87128800;0.87720400;0.88579600;0.89308000;0.90007200;0.90682600;0.91072700;0.91178100;0.91284200;0.91387200;0.91486400;0.91582300;0.91674400;0.91762800;0.91847700;0.91929300;0.92007400;0.92082400;0.92153800;0.92221900;0.92286700;0.92348600;0.92408100;0.92465100;0.92520000;0.92572300;0.92622600;0.92671100;0.92718100;0.92763300;0.92807200;0.92849700;0.92890500;0.92929700;0.92968300;0.93005400;0.93040400;0.93074500;         ;         ;         ;         ;         ;         ;         ;         ;         ;         ;         ;         ;         ;         ;         
;95% UL;         ;         ;         ;         ;         ;         ;         ;         ;         ;         ;         ;         ;         ;         ;         ;         ;0.86088000;0.86202400;0.86301000;0.86391700;0.86320000;0.85936800;0.85799500;0.85564200;0.83162800;0.78150400;0.76033200;0.77651600;0.79476600;0.83009400;0.83365400;0.84275400;0.86968100;0.87301200;0.87890100;0.88740200;0.89460900;0.90152500;0.90818600;0.91201100;0.91302600;0.91402700;0.91499100;0.91591500;0.91680800;0.91766800;0.91849500;0.91928900;0.92005400;0.92077700;0.92148200;0.92216100;0.92280800;0.92342600;0.92401800;0.92458600;0.92513100;0.92565500;0.92615900;0.92664500;0.92711400;0.92756800;0.92800700;0.92842900;0.92883900;0.92923600;0.92962100;0.92999200;0.93034700;0.93068700;0.93101400;         ;         ;         ;         ;         ;         ;         ;         ;         ;         ;         ;         ;         ;         ;         
Fraction of women on ART who are virologically suppressed (RNA count <1000 copies/ml);Mean;         ;         ;         ;         ;         ;         ;         ;         ;         ;         ;         ;         ;         ;         ;         ;         ;0.86598100;0.86751900;0.86891300;0.87020100;0.87024200;0.86759900;0.86749700;0.86647800;0.84519800;0.80003600;0.78238000;0.79940100;0.81729900;0.85043900;0.85462600;0.86351200;0.88791900;0.89123200;0.89675100;0.90448000;0.91105100;0.91731000;0.92328900;0.92678700;0.92785200;0.92888600;0.92987600;0.93081900;0.93172200;0.93258400;0.93340400;0.93418700;0.93493300;0.93564400;0.93632300;0.93696900;0.93758400;0.93816900;0.93872800;0.93926100;0.93977100;0.94025900;0.94072600;0.94117400;0.94160500;0.94201900;0.94241700;0.94280200;0.94317300;0.94353300;0.94388200;0.94422100;0.94455000;0.94487100;0.94518200;         ;         ;         ;         ;         ;         ;         ;         ;         ;         ;         ;         ;         ;         ;         
;95% LL;         ;         ;         ;         ;         ;         ;         ;         ;         ;         ;         ;         ;         ;         ;         ;         ;0.86540400;0.86694300;0.86832400;0.86960900;0.86964100;0.86699200;0.86688900;0.86584500;0.84448700;0.79922000;0.78150400;0.79853300;0.81647600;0.84971800;0.85386700;0.86274000;0.88720800;0.89051900;0.89606600;0.90382400;0.91042500;0.91672500;0.92271700;0.92623700;0.92731100;0.92836500;0.92937600;0.93033900;0.93125600;0.93213000;0.93296500;0.93376100;0.93452100;0.93524700;0.93593900;0.93660000;0.93722900;0.93782800;0.93840000;0.93894000;0.93945600;0.93995800;0.94043900;0.94089700;0.94133700;0.94176000;0.94216800;0.94256300;0.94294300;0.94330500;0.94365300;0.94400000;0.94434000;0.94467100;0.94498800;         ;         ;         ;         ;         ;         ;         ;         ;         ;         ;         ;         ;         ;         ;         
;95% UL;         ;         ;         ;         ;         ;         ;         ;         ;         ;         ;         ;         ;         ;         ;         ;         ;0.86655400;0.86810100;0.86949000;0.87079500;0.87089000;0.86829700;0.86818900;0.86716000;0.84594200;0.80090400;0.78334200;0.80036700;0.81820800;0.85122600;0.85546400;0.86432000;0.88856500;0.89188800;0.89740700;0.90511200;0.91166000;0.91787700;0.92383000;0.92731400;0.92836900;0.92938700;0.93035700;0.93128500;0.93217600;0.93302600;0.93383000;0.93459900;0.93533200;0.93602800;0.93669300;0.93732800;0.93793200;0.93850500;0.93904900;0.93956700;0.94006500;0.94054300;0.94100100;0.94144100;0.94186300;0.94227000;0.94266200;0.94303800;0.94340000;0.94375400;0.94410200;0.94443800;0.94476300;0.94507900;0.94538700;         ;         ;         ;         ;         ;         ;         ;         ;         ;         ;         ;         ;         ;         ;         
Fraction of children on ART who are virologically suppressed (RNA count <1000 copies/ml);Mean;         ;         ;         ;         ;         ;         ;         ;         ;         ;         ;         ;         ;         ;         ;         ;         ;0.76616500;0.76616500;0.76616500;0.76616500;0.76616500;0.78642000;0.80438600;0.81144100;0.77136200;0.71701600;0.69135400;0.67433700;0.68539700;0.70160500;0.68186300;0.70123200;0.72188200;0.71561300;0.72319300;0.73078300;0.73838400;0.74599600;0.75362000;0.76125600;0.76890500;0.77656500;0.77656500;0.77656500;0.77656500;0.77656500;0.77656500;0.77656500;0.77656500;0.77656500;0.77656500;0.77656500;0.77656500;0.77656500;0.77656500;0.77656500;0.77656500;0.77656500;0.77656500;0.77656500;0.77656500;0.77656500;0.77656500;0.77656500;0.77656500;0.77656500;0.77656500;0.77656500;0.77656500;0.77656500;0.77656500;         ;         ;         ;         ;         ;         ;         ;         ;         ;         ;         ;         ;         ;         ;         
;95% LL;         ;         ;         ;         ;         ;         ;         ;         ;         ;         ;         ;         ;         ;         ;         ;         ;0.76616500;0.76616500;0.76616500;0.76616500;0.76616500;0.78642000;0.80438600;0.81144100;0.77136200;0.71701600;0.69135400;0.67433700;0.68539700;0.70160500;0.68186300;0.70123200;0.72188200;0.71561300;0.72319300;0.73078300;0.73838400;0.74599600;0.75362000;0.76125600;0.76890500;0.77656500;0.77656500;0.77656500;0.77656500;0.77656500;0.77656500;0.77656500;0.77656500;0.77656500;0.77656500;0.77656500;0.77656500;0.77656500;0.77656500;0.77656500;0.77656500;0.77656500;0.77656500;0.77656500;0.77656500;0.77656500;0.77656500;0.77656500;0.77656500;0.77656500;0.77656500;0.77656500;0.77656500;0.77656500;0.77656500;         ;         ;         ;         ;         ;         ;         ;         ;         ;         ;         ;         ;         ;         ;         
;95% UL;         ;         ;         ;         ;         ;         ;         ;         ;         ;         ;         ;         ;         ;         ;         ;         ;0.76616500;0.76616500;0.76616500;0.76616500;0.76616500;0.78642000;0.80438600;0.81144100;0.77136200;0.71701600;0.69135400;0.67433700;0.68539700;0.70160500;0.68186300;0.70123200;0.72188200;0.71561300;0.72319300;0.73078300;0.73838400;0.74599600;0.75362000;0.76125600;0.76890500;0.77656500;0.77656500;0.77656500;0.77656500;0.77656500;0.77656500;0.77656500;0.77656500;0.77656500;0.77656500;0.77656500;0.77656500;0.77656500;0.77656500;0.77656500;0.77656500;0.77656500;0.77656500;0.77656500;0.77656500;0.77656500;0.77656500;0.77656500;0.77656500;0.77656500;0.77656500;0.77656500;0.77656500;0.77656500;0.77656500;         ;         ;         ;         ;         ;         ;         ;         ;         ;         ;         ;         ;         ;         ;         
Fraction of FSWs on ART who are virologically suppressed (RNA count <1000 copies/ml);Mean;         ;         ;         ;         ;         ;         ;         ;         ;         ;         ;         ;         ;         ;         ;         ;         ;0.86382600;0.86455200;0.86517400;0.86587300;0.86619000;0.86319900;0.86269600;0.86132200;0.83911500;0.79280300;0.77549700;0.79409400;0.81292600;0.84693600;0.85192400;0.86172000;0.88732500;0.89125300;0.89721200;0.90533000;0.91210400;0.91853400;0.92462900;0.92822000;0.92936500;0.93044100;0.93144900;0.93239100;0.93327000;0.93408200;0.93482800;0.93551300;0.93614100;0.93672000;0.93725400;0.93775100;0.93821700;0.93865500;0.93907200;0.93947100;0.93985300;0.94022000;0.94057300;0.94091100;0.94123500;0.94154300;0.94183600;0.94211100;0.94236900;0.94260700;0.94282700;0.94302600;0.94320500;0.94336500;0.94350500;         ;         ;         ;         ;         ;         ;         ;         ;         ;         ;         ;         ;         ;         ;         
;95% LL;         ;         ;         ;         ;         ;         ;         ;         ;         ;         ;         ;         ;         ;         ;         ;         ;0.86276000;0.86336300;0.86404600;0.86489600;0.86539400;0.86243300;0.86197400;0.86060900;0.83833300;0.79183600;0.77422200;0.79256900;0.81129600;0.84547200;0.85028100;0.85999500;0.88566600;0.88956500;0.89555400;0.90375500;0.91059300;0.91709000;0.92325500;0.92688000;0.92802000;0.92909300;0.93010100;0.93103600;0.93191000;0.93272000;0.93346800;0.93415800;0.93479800;0.93539200;0.93596500;0.93650500;0.93701700;0.93750300;0.93797000;0.93841600;0.93884400;0.93925900;0.93965900;0.94004500;0.94041600;0.94077100;0.94110800;0.94142700;0.94172500;0.94200200;0.94225700;0.94248800;0.94269700;0.94288200;0.94304500;         ;         ;         ;         ;         ;         ;         ;         ;         ;         ;         ;         ;         ;         ;         
;95% UL;         ;         ;         ;         ;         ;         ;         ;         ;         ;         ;         ;         ;         ;         ;         ;         ;0.86492000;0.86588600;0.86652500;0.86712600;0.86707700;0.86402200;0.86347600;0.86206500;0.83991700;0.79381800;0.77695600;0.79599100;0.81501800;0.84879500;0.85402500;0.86393000;0.88954700;0.89356400;0.89947200;0.90747300;0.91415700;0.92048300;0.92646500;0.92998700;0.93111000;0.93216000;0.93313800;0.93404500;0.93488800;0.93566000;0.93636300;0.93700100;0.93760300;0.93815500;0.93866800;0.93913700;0.93956800;0.93996600;0.94033600;0.94068200;0.94100700;0.94131300;0.94160100;0.94187300;0.94213000;0.94237200;0.94259800;0.94281000;0.94300700;0.94318900;0.94336000;0.94352900;0.94368100;0.94381800;0.94394000;         ;         ;         ;         ;         ;         ;         ;         ;         ;         ;         ;         ;         ;         ;         
Fraction of MSM on ART who are virologically suppressed (RNA count <1000 copies/ml);Mean;         ;         ;         ;         ;         ;         ;         ;         ;         ;         ;         ;         ;         ;         ;         ;         ;0.84287600;0.84458800;0.84611700;0.84754800;0.84731500;0.84367200;0.84264800;0.84049000;0.81499900;0.76194800;0.74014200;0.75859400;0.77867600;0.81649700;0.82094400;0.83120100;0.86055500;0.86463100;0.87122000;0.88046900;0.88828400;0.89573900;0.90287900;0.90699900;0.90810700;0.90919300;0.91025800;0.91129900;0.91232700;0.91332300;0.91428500;0.91521600;0.91611900;0.91699600;0.91784500;0.91866400;0.91945200;0.92021200;0.92094500;0.92165500;0.92234100;0.92300300;0.92364100;0.92425400;0.92484300;0.92540700;0.92594600;0.92646000;0.92695000;0.92741700;0.92786100;0.92828300;0.92868300;0.92906100;0.92941700;         ;         ;         ;         ;         ;         ;         ;         ;         ;         ;         ;         ;         ;         ;         
;95% LL;         ;         ;         ;         ;         ;         ;         ;         ;         ;         ;         ;         ;         ;         ;         ;         ;0.84158200;0.84332500;0.84489400;0.84636900;0.84625500;0.84272600;0.84181300;0.83973900;0.81426200;0.76118000;0.73938600;0.75785700;0.77791600;0.81578700;0.82017600;0.83040000;0.85982500;0.86390200;0.87051000;0.87976800;0.88759200;0.89505200;0.90221200;0.90636200;0.90749000;0.90859800;0.90968900;0.91076000;0.91181600;0.91282700;0.91380600;0.91475400;0.91568100;0.91659700;0.91748100;0.91832600;0.91913600;0.91991500;0.92066800;0.92139300;0.92209000;0.92276000;0.92340700;0.92403200;0.92462500;0.92519200;0.92573500;0.92625100;0.92674400;0.92721300;0.92766200;0.92808200;0.92847300;0.92884100;0.92918600;         ;         ;         ;         ;         ;         ;         ;         ;         ;         ;         ;         ;         ;         ;         
;95% UL;         ;         ;         ;         ;         ;         ;         ;         ;         ;         ;         ;         ;         ;         ;         ;         ;0.84469100;0.84632400;0.84777700;0.84913000;0.84870200;0.84490100;0.84372900;0.84144100;0.81598000;0.76316700;0.74130300;0.75961400;0.77959800;0.81730600;0.82178000;0.83203100;0.86134500;0.86543100;0.87201500;0.88124000;0.88902800;0.89645100;0.90354600;0.90763100;0.90871800;0.90978000;0.91082000;0.91183900;0.91284000;0.91380800;0.91474300;0.91564700;0.91652500;0.91737700;0.91820400;0.91900400;0.91977400;0.92051400;0.92122700;0.92191900;0.92259300;0.92324200;0.92386800;0.92447100;0.92505100;0.92560700;0.92614300;0.92665600;0.92714300;0.92760700;0.92805600;0.92847900;0.92888000;0.92926000;0.92961800;         ;         ;         ;         ;         ;         ;         ;         ;         ;         ;         ;         ;         ;         ;         
Fraction of youth (15-24) on ART who are virologically suppressed (RNA count <1000 copies/ml);Mean;         ;         ;         ;         ;         ;         ;         ;         ;         ;         ;         ;         ;         ;         ;         ;         ;0.83880300;0.83918700;0.83944400;0.83962900;0.83944000;0.83511500;0.83344700;0.83045400;0.80268400;0.74777000;0.72773000;0.74990000;0.77030800;0.80634500;0.81121800;0.82149600;0.85391400;0.85656100;0.86043300;0.86716900;0.87237600;0.87787000;0.88356300;0.88653300;0.88668700;0.88728300;0.88816200;0.88926000;0.89048600;0.89177900;0.89323800;0.89485500;0.89662400;0.89847200;0.90003000;0.90087700;0.90118200;0.90141800;0.90163000;0.90179200;0.90187300;0.90183900;0.90176700;0.90168500;0.90159500;0.90147300;0.90132800;0.90117800;0.90103300;0.90089800;0.90078800;0.90071000;0.90066400;0.90064500;0.90065200;         ;         ;         ;         ;         ;         ;         ;         ;         ;         ;         ;         ;         ;         ;         
;95% LL;         ;         ;         ;         ;         ;         ;         ;         ;         ;         ;         ;         ;         ;         ;         ;         ;0.83854500;0.83894500;0.83922500;0.83940500;0.83919900;0.83481200;0.83308100;0.82998600;0.80204000;0.74684600;0.72644600;0.74858500;0.76896300;0.80509600;0.80978400;0.82006400;0.85267900;0.85535600;0.85917800;0.86587000;0.87115100;0.87688300;0.88274200;0.88579600;0.88609900;0.88665900;0.88753800;0.88860200;0.88979700;0.89106500;0.89253800;0.89417700;0.89598100;0.89787500;0.89946900;0.90031500;0.90062500;0.90086600;0.90108400;0.90125500;0.90134600;0.90131200;0.90125000;0.90118100;0.90110600;0.90099600;0.90086400;0.90072300;0.90058900;0.90046700;0.90036200;0.90028300;0.90023200;0.90020900;0.90021200;         ;         ;         ;         ;         ;         ;         ;         ;         ;         ;         ;         ;         ;         ;         
;95% UL;         ;         ;         ;         ;         ;         ;         ;         ;         ;         ;         ;         ;         ;         ;         ;         ;0.83910400;0.83948000;0.83972500;0.83989600;0.83970400;0.83543300;0.83387100;0.83098400;0.80335900;0.74875500;0.72901700;0.75113600;0.77170000;0.80778500;0.81275700;0.82295700;0.85522900;0.85784800;0.86180200;0.86860300;0.87370600;0.87899000;0.88444400;0.88726800;0.88740000;0.88798600;0.88891200;0.89001800;0.89125600;0.89256400;0.89401600;0.89562100;0.89734000;0.89914000;0.90065100;0.90148600;0.90177900;0.90200400;0.90221200;0.90236600;0.90243000;0.90238200;0.90230500;0.90221900;0.90210500;0.90197000;0.90182600;0.90167700;0.90153400;0.90140100;0.90128400;0.90119400;0.90114500;0.90112500;0.90113400;         ;         ;         ;         ;         ;         ;         ;         ;         ;         ;         ;         ;         ;         ;         
Fraction of males 15-24 on ART who are virologically suppressed (RNA count <1000 copies/ml);Mean;         ;         ;         ;         ;         ;         ;         ;         ;         ;         ;         ;         ;         ;         ;         ;         ;0.81480800;0.81495400;0.81494300;0.81478300;0.81433200;0.80927500;0.80695100;0.80295000;0.77116200;0.70895500;0.68440000;0.70590100;0.72699200;0.76586600;0.76757100;0.77704400;0.81321800;0.81528000;0.81957900;0.82809700;0.83484600;0.84188300;0.84959900;0.85388900;0.85463600;0.85582700;0.85723700;0.85883600;0.86050700;0.86216500;0.86409800;0.86627300;0.86883100;0.87167700;0.87416100;0.87562800;0.87632600;0.87691200;0.87742200;0.87783600;0.87826800;0.87850600;0.87876500;0.87900700;0.87922700;0.87937500;0.87946400;0.87950200;0.87950700;0.87949400;0.87948200;0.87948400;0.87950400;0.87954300;0.87959900;         ;         ;         ;         ;         ;         ;         ;         ;         ;         ;         ;         ;         ;         ;         
;95% LL;         ;         ;         ;         ;         ;         ;         ;         ;         ;         ;         ;         ;         ;         ;         ;         ;0.81457400;0.81474100;0.81474200;0.81457900;0.81410700;0.80894900;0.80653900;0.80249400;0.77059500;0.70828700;0.68357400;0.70489700;0.72598600;0.76500600;0.76664500;0.77606200;0.81227000;0.81437000;0.81870500;0.82728000;0.83416300;0.84136500;0.84906200;0.85334700;0.85417700;0.85530500;0.85671400;0.85832200;0.85999400;0.86166100;0.86361500;0.86582000;0.86840100;0.87127300;0.87376900;0.87523700;0.87594100;0.87652400;0.87702900;0.87744000;0.87787400;0.87811400;0.87838000;0.87862800;0.87885000;0.87900000;0.87908500;0.87911500;0.87911100;0.87909000;0.87907100;0.87906700;0.87908500;0.87912300;0.87917200;         ;         ;         ;         ;         ;         ;         ;         ;         ;         ;         ;         ;         ;         ;         
;95% UL;         ;         ;         ;         ;         ;         ;         ;         ;         ;         ;         ;         ;         ;         ;         ;         ;0.81509400;0.81521300;0.81519500;0.81504200;0.81460900;0.80964300;0.80743400;0.80354300;0.77188500;0.70978300;0.68542800;0.70704100;0.72815900;0.76682200;0.76846100;0.77787800;0.81400400;0.81604900;0.82031700;0.82878600;0.83542400;0.84236800;0.85000700;0.85426300;0.85505500;0.85629300;0.85774000;0.85935600;0.86102900;0.86267900;0.86460100;0.86674300;0.86924800;0.87204100;0.87448000;0.87592300;0.87661400;0.87721500;0.87773000;0.87814300;0.87857400;0.87880800;0.87905900;0.87930300;0.87952000;0.87966000;0.87974900;0.87978900;0.87979500;0.87978300;0.87977200;0.87977600;0.87979900;0.87984000;0.87989800;         ;         ;         ;         ;         ;         ;         ;         ;         ;         ;         ;         ;         ;         ;         
Fraction of females 15-24 on ART who are virologically suppressed (RNA count <1000 copies/ml);Mean;         ;         ;         ;         ;         ;         ;         ;         ;         ;         ;         ;         ;         ;         ;         ;         ;0.84166700;0.84186500;0.84198000;0.84204400;0.84203500;0.83794700;0.83658100;0.83400500;0.80719800;0.75406500;0.73578400;0.75878500;0.78002300;0.81643200;0.82254400;0.83348600;0.86494900;0.86822900;0.87267500;0.87964100;0.88504600;0.89052600;0.89604500;0.89891000;0.89908000;0.89957400;0.90028300;0.90115700;0.90211300;0.90310800;0.90420300;0.90539100;0.90666100;0.90796400;0.90905100;0.90963700;0.90984900;0.91001200;0.91016000;0.91027500;0.91033300;0.91031000;0.91026100;0.91020300;0.91014000;0.91005500;0.90995300;0.90984700;0.90974500;0.90964900;0.90956900;0.90951300;0.90948000;0.90946700;0.90947100;         ;         ;         ;         ;         ;         ;         ;         ;         ;         ;         ;         ;         ;         ;         
;95% LL;         ;         ;         ;         ;         ;         ;         ;         ;         ;         ;         ;         ;         ;         ;         ;         ;0.84147900;0.84168300;0.84180500;0.84188100;0.84187500;0.83774400;0.83631700;0.83367200;0.80676300;0.75336100;0.73476700;0.75781800;0.77902500;0.81547100;0.82139600;0.83234100;0.86396300;0.86725700;0.87169800;0.87863700;0.88410000;0.88971000;0.89534000;0.89833300;0.89854400;0.89905300;0.89976800;0.90062000;0.90153700;0.90253500;0.90364100;0.90486200;0.90618100;0.90752700;0.90865000;0.90924000;0.90945800;0.90962700;0.90978200;0.90990500;0.90997000;0.90994800;0.90990000;0.90985200;0.90979600;0.90971700;0.90962300;0.90952000;0.90942300;0.90933300;0.90925700;0.90919800;0.90916000;0.90914200;0.90914400;         ;         ;         ;         ;         ;         ;         ;         ;         ;         ;         ;         ;         ;         ;         
;95% UL;         ;         ;         ;         ;         ;         ;         ;         ;         ;         ;         ;         ;         ;         ;         ;         ;0.84189400;0.84209500;0.84219900;0.84224300;0.84224600;0.83821600;0.83690100;0.83439000;0.80770800;0.75483500;0.73675500;0.75979100;0.78105100;0.81743300;0.82373600;0.83469000;0.86593100;0.86924900;0.87375300;0.88077700;0.88614100;0.89149000;0.89683800;0.89954500;0.89964600;0.90010800;0.90087500;0.90177200;0.90273400;0.90371900;0.90481400;0.90597500;0.90719200;0.90844200;0.90948700;0.91006000;0.91025700;0.91041100;0.91055300;0.91066100;0.91071100;0.91068600;0.91062900;0.91056500;0.91049400;0.91040300;0.91030500;0.91020300;0.91010400;0.91001100;0.90993500;0.90987200;0.90983100;0.90981700;0.90982400;         ;         ;         ;         ;         ;         ;         ;         ;         ;         ;         ;         ;         ;         ;         
Fraction of 25-49-year olds on ART who are virologically suppressed (RNA count <1000 copies/ml);Mean;         ;         ;         ;         ;         ;         ;         ;         ;         ;         ;         ;         ;         ;         ;         ;         ;0.86685400;0.86756100;0.86823800;0.86893300;0.86880600;0.86543400;0.86451800;0.86265100;0.84000600;0.79262300;0.77335100;0.79027400;0.80824100;0.84231700;0.84647100;0.85572900;0.88134200;0.88493300;0.89086200;0.89912500;0.90617600;0.91287300;0.91922700;0.92295800;0.92410200;0.92518500;0.92621300;0.92718500;0.92810700;0.92897000;0.92974200;0.93043500;0.93105100;0.93159700;0.93211000;0.93263300;0.93313500;0.93358000;0.93396400;0.93429600;0.93459800;0.93486800;0.93511700;0.93534600;0.93556100;0.93577000;0.93598100;0.93620600;0.93647600;0.93678400;0.93711600;0.93747600;0.93784800;0.93823000;0.93859900;         ;         ;         ;         ;         ;         ;         ;         ;         ;         ;         ;         ;         ;         ;         
;95% LL;         ;         ;         ;         ;         ;         ;         ;         ;         ;         ;         ;         ;         ;         ;         ;         ;0.86626500;0.86695700;0.86766200;0.86838500;0.86827800;0.86493600;0.86406900;0.86221200;0.83953300;0.79203800;0.77270500;0.78959100;0.80752300;0.84164300;0.84577000;0.85499400;0.88071000;0.88427600;0.89020000;0.89849000;0.90556100;0.91226800;0.91864000;0.92238500;0.92353600;0.92463500;0.92568600;0.92668800;0.92763800;0.92852300;0.92932300;0.93004500;0.93070200;0.93126200;0.93180300;0.93237400;0.93289000;0.93337000;0.93377500;0.93411400;0.93442900;0.93469900;0.93494400;0.93517000;0.93537900;0.93557700;0.93577600;0.93597100;0.93621100;0.93651100;0.93684000;0.93720200;0.93757700;0.93796400;0.93833900;         ;         ;         ;         ;         ;         ;         ;         ;         ;         ;         ;         ;         ;         ;         
;95% UL;         ;         ;         ;         ;         ;         ;         ;         ;         ;         ;         ;         ;         ;         ;         ;         ;0.86728000;0.86800500;0.86869600;0.86940200;0.86928700;0.86592900;0.86501500;0.86321200;0.84064300;0.79342100;0.77416100;0.79107400;0.80907200;0.84304600;0.84723900;0.85650500;0.88204500;0.88562500;0.89149200;0.89968100;0.90670600;0.91339600;0.91973500;0.92345600;0.92459700;0.92567000;0.92668200;0.92763300;0.92852800;0.92936100;0.93009800;0.93076500;0.93137800;0.93188600;0.93238300;0.93289100;0.93338000;0.93380600;0.93416300;0.93451400;0.93481800;0.93508000;0.93532400;0.93556400;0.93579300;0.93601500;0.93624600;0.93648100;0.93675500;0.93705800;0.93739800;0.93776500;0.93814600;0.93853400;0.93890500;         ;         ;         ;         ;         ;         ;         ;         ;         ;         ;         ;         ;         ;         ;         
Fraction of men aged 25-49 on ART who are virologically suppressed (RNA count <1000 copies/ml);Mean;         ;         ;         ;         ;         ;         ;         ;         ;         ;         ;         ;         ;         ;         ;         ;         ;0.85919300;0.85971400;0.86017400;0.86062700;0.85991400;0.85574700;0.85411900;0.85150700;0.82679400;0.77566000;0.75426800;0.77152600;0.79050200;0.82670200;0.83077100;0.84055500;0.86838100;0.87225100;0.87864000;0.88762400;0.89523700;0.90246200;0.90933900;0.91331500;0.91441300;0.91542500;0.91635600;0.91720300;0.91796700;0.91863900;0.91917300;0.91958800;0.91989100;0.92009700;0.92027200;0.92048800;0.92070500;0.92086800;0.92097700;0.92104800;0.92111700;0.92118700;0.92127300;0.92137800;0.92150400;0.92166300;0.92186200;0.92211400;0.92244300;0.92283400;0.92327300;0.92374500;0.92423000;0.92471700;0.92519300;         ;         ;         ;         ;         ;         ;         ;         ;         ;         ;         ;         ;         ;         ;         
;95% LL;         ;         ;         ;         ;         ;         ;         ;         ;         ;         ;         ;         ;         ;         ;         ;         ;0.85839800;0.85890900;0.85936500;0.85983100;0.85914000;0.85500400;0.85341100;0.85088000;0.82611400;0.77486900;0.75342000;0.77059300;0.78951300;0.82579700;0.82981900;0.83956300;0.86743400;0.87126600;0.87765700;0.88666900;0.89432400;0.90159900;0.90853500;0.91254200;0.91365900;0.91470200;0.91567300;0.91656800;0.91738700;0.91811700;0.91871700;0.91920200;0.91957900;0.91984700;0.92004100;0.92024700;0.92046100;0.92061800;0.92072000;0.92078400;0.92082300;0.92086200;0.92094000;0.92102700;0.92113600;0.92128500;0.92147800;0.92172900;0.92206200;0.92246100;0.92291000;0.92339500;0.92389400;0.92439800;0.92488500;         ;         ;         ;         ;         ;         ;         ;         ;         ;         ;         ;         ;         ;         ;         
;95% UL;         ;         ;         ;         ;         ;         ;         ;         ;         ;         ;         ;         ;         ;         ;         ;         ;0.85984800;0.86038300;0.86087600;0.86135300;0.86065100;0.85650500;0.85488300;0.85224300;0.82756300;0.77662700;0.75526300;0.77249500;0.79153300;0.82762300;0.83173700;0.84156100;0.86931100;0.87321900;0.87962200;0.88859600;0.89618900;0.90338000;0.91021100;0.91414900;0.91522100;0.91619300;0.91707500;0.91786300;0.91858100;0.91921700;0.91966300;0.92002200;0.92027200;0.92041400;0.92054600;0.92076200;0.92098600;0.92117600;0.92130500;0.92140800;0.92151500;0.92160500;0.92170400;0.92182400;0.92196200;0.92211100;0.92229400;0.92253400;0.92284700;0.92323000;0.92365700;0.92411000;0.92458500;0.92506700;0.92552800;         ;         ;         ;         ;         ;         ;         ;         ;         ;         ;         ;         ;         ;         ;         
Fraction of women aged 25-49 on ART who are virologically suppressed (RNA count <1000 copies/ml);Mean;         ;         ;         ;         ;         ;         ;         ;         ;         ;         ;         ;         ;         ;         ;         ;         ;0.87114500;0.87161200;0.87208400;0.87258400;0.87257500;0.86943300;0.86873900;0.86712900;0.84527700;0.79950300;0.78133700;0.79827000;0.81594600;0.84908100;0.85323500;0.86229800;0.88702100;0.89051600;0.89624300;0.90421600;0.91100800;0.91745700;0.92358100;0.92719400;0.92834800;0.92944400;0.93049000;0.93148700;0.93243900;0.93333900;0.93416100;0.93491600;0.93560300;0.93622700;0.93681400;0.93739600;0.93794900;0.93844900;0.93889300;0.93928700;0.93964600;0.93997100;0.94026700;0.94053900;0.94079000;0.94102700;0.94125600;0.94149000;0.94175700;0.94205100;0.94236000;0.94269000;0.94302600;0.94336900;0.94369700;         ;         ;         ;         ;         ;         ;         ;         ;         ;         ;         ;         ;         ;         ;         
;95% LL;         ;         ;         ;         ;         ;         ;         ;         ;         ;         ;         ;         ;         ;         ;         ;         ;0.87078800;0.87122700;0.87168800;0.87218400;0.87217900;0.86902700;0.86831500;0.86670100;0.84479400;0.79889800;0.78064800;0.79753700;0.81521200;0.84839700;0.85246200;0.86150300;0.88629400;0.88977600;0.89551500;0.90351600;0.91032800;0.91680000;0.92296000;0.92659700;0.92775800;0.92886500;0.92992500;0.93093900;0.93191000;0.93283400;0.93367600;0.93445600;0.93517900;0.93583400;0.93644500;0.93705000;0.93762300;0.93814500;0.93861200;0.93903300;0.93942000;0.93977400;0.94010100;0.94039600;0.94066900;0.94092100;0.94116300;0.94140600;0.94167300;0.94197100;0.94227300;0.94258800;0.94291700;0.94326300;0.94359700;         ;         ;         ;         ;         ;         ;         ;         ;         ;         ;         ;         ;         ;         ;         
;95% UL;         ;         ;         ;         ;         ;         ;         ;         ;         ;         ;         ;         ;         ;         ;         ;         ;0.87148100;0.87198500;0.87247200;0.87299700;0.87299300;0.86987600;0.86919800;0.86760300;0.84582000;0.80018600;0.78218300;0.79915500;0.81680400;0.84989700;0.85402500;0.86311300;0.88776700;0.89127700;0.89699200;0.90489500;0.91164900;0.91806200;0.92416200;0.92776000;0.92890800;0.92999400;0.93102600;0.93200400;0.93293900;0.93381800;0.93462000;0.93535200;0.93601400;0.93661500;0.93718100;0.93775400;0.93829200;0.93876900;0.93919200;0.93956300;0.93989800;0.94020200;0.94046900;0.94072700;0.94096500;0.94116800;0.94138500;0.94161600;0.94187600;0.94216400;0.94248500;0.94280800;0.94313600;0.94346700;0.94379100;         ;         ;         ;         ;         ;         ;         ;         ;         ;         ;         ;         ;         ;         ;         
Fraction of adults aged 50+ on ART who are virologically suppressed (RNA count <1000 copies/ml);Mean;         ;         ;         ;         ;         ;         ;         ;         ;         ;         ;         ;         ;         ;         ;         ;         ;0.89654000;0.89694200;0.89732000;0.89769200;0.89799500;0.89523100;0.89436200;0.89261600;0.87364700;0.83324000;0.81544900;0.82808000;0.84216800;0.87026100;0.87222000;0.87862000;0.89917500;0.90091000;0.90491700;0.91119200;0.91657100;0.92176900;0.92678600;0.92949100;0.92986600;0.93022500;0.93057400;0.93091600;0.93126100;0.93161800;0.93200000;0.93241600;0.93286900;0.93336000;0.93388300;0.93443000;0.93499800;0.93557400;0.93615000;0.93672100;0.93728300;0.93783300;0.93836600;0.93888000;0.93937200;0.93984100;0.94028600;0.94070400;0.94108900;0.94144600;0.94178100;0.94209500;0.94239300;0.94267700;0.94295400;         ;         ;         ;         ;         ;         ;         ;         ;         ;         ;         ;         ;         ;         ;         
;95% LL;         ;         ;         ;         ;         ;         ;         ;         ;         ;         ;         ;         ;         ;         ;         ;         ;0.89623800;0.89664100;0.89701300;0.89738900;0.89769200;0.89492900;0.89406400;0.89232100;0.87333500;0.83289000;0.81505200;0.82769000;0.84176700;0.86990600;0.87185600;0.87825000;0.89883600;0.90054800;0.90453600;0.91081000;0.91620500;0.92142700;0.92646800;0.92918800;0.92956800;0.92992400;0.93027100;0.93060900;0.93095200;0.93130800;0.93168200;0.93209100;0.93254000;0.93304000;0.93356200;0.93410800;0.93467800;0.93525600;0.93583500;0.93641100;0.93697700;0.93752600;0.93805800;0.93857400;0.93907100;0.93954200;0.93998700;0.94040600;0.94081200;0.94118500;0.94152200;0.94183800;0.94214000;0.94243000;0.94270500;         ;         ;         ;         ;         ;         ;         ;         ;         ;         ;         ;         ;         ;         ;         
;95% UL;         ;         ;         ;         ;         ;         ;         ;         ;         ;         ;         ;         ;         ;         ;         ;         ;0.89701900;0.89741800;0.89777900;0.89813000;0.89840500;0.89563500;0.89474300;0.89297400;0.87403000;0.83368100;0.81592500;0.82857500;0.84266000;0.87068100;0.87264000;0.87902400;0.89952100;0.90124200;0.90525500;0.91152700;0.91688600;0.92206400;0.92706000;0.92976200;0.93013500;0.93049300;0.93083900;0.93119600;0.93155100;0.93191500;0.93228800;0.93270800;0.93316500;0.93365700;0.93418100;0.93472600;0.93529200;0.93586300;0.93643500;0.93700100;0.93755900;0.93810400;0.93863400;0.93914500;0.93963500;0.94010300;0.94054800;0.94096600;0.94135000;0.94169400;0.94201500;0.94231700;0.94261500;0.94290000;0.94317700;         ;         ;         ;         ;         ;         ;         ;         ;         ;         ;         ;         ;         ;         ;         
Fraction of men aged 50+ on ART who are virologically suppressed (RNA count <1000 copies/ml);Mean;         ;         ;         ;         ;         ;         ;         ;         ;         ;         ;         ;         ;         ;         ;         ;         ;0.89004600;0.89003800;0.89000600;0.88996500;0.88983300;0.88629400;0.88476900;0.88235000;0.86133900;0.81729400;0.79762800;0.81028600;0.82485600;0.85500300;0.85673400;0.86349000;0.88605700;0.88782400;0.89216300;0.89910400;0.90505400;0.91083400;0.91646000;0.91950200;0.91993800;0.92037500;0.92081700;0.92126900;0.92173300;0.92221700;0.92273100;0.92327700;0.92385600;0.92446200;0.92508700;0.92572000;0.92635800;0.92698400;0.92759400;0.92818500;0.92875400;0.92929900;0.92981600;0.93030300;0.93076200;0.93118900;0.93158400;0.93194400;0.93226700;0.93255800;0.93281700;0.93305000;0.93326100;0.93345600;0.93363800;         ;         ;         ;         ;         ;         ;         ;         ;         ;         ;         ;         ;         ;         ;         
;95% LL;         ;         ;         ;         ;         ;         ;         ;         ;         ;         ;         ;         ;         ;         ;         ;         ;0.88993600;0.88992700;0.88989600;0.88985900;0.88973700;0.88619400;0.88466300;0.88224400;0.86121500;0.81711400;0.79735800;0.80988200;0.82438400;0.85455400;0.85624200;0.86298300;0.88557300;0.88729200;0.89161200;0.89855600;0.90451300;0.91031100;0.91596400;0.91901800;0.91945400;0.91989400;0.92033900;0.92079400;0.92126400;0.92173900;0.92224700;0.92278600;0.92335900;0.92395800;0.92459200;0.92522100;0.92585700;0.92649600;0.92712900;0.92774800;0.92832600;0.92887900;0.92940500;0.92990100;0.93037500;0.93081300;0.93122000;0.93159400;0.93192900;0.93223100;0.93251200;0.93276100;0.93298900;0.93321300;0.93341200;         ;         ;         ;         ;         ;         ;         ;         ;         ;         ;         ;         ;         ;         ;         
;95% UL;         ;         ;         ;         ;         ;         ;         ;         ;         ;         ;         ;         ;         ;         ;         ;         ;0.89017600;0.89016300;0.89013000;0.89009100;0.88996400;0.88641700;0.88490000;0.88249100;0.86151100;0.81753000;0.79795800;0.81076600;0.82543000;0.85555000;0.85732300;0.86409700;0.88661900;0.88841100;0.89275800;0.89970900;0.90566300;0.91144100;0.91705800;0.92010600;0.92053700;0.92096300;0.92139600;0.92184200;0.92230200;0.92275300;0.92323400;0.92378100;0.92437200;0.92498900;0.92562200;0.92626000;0.92690100;0.92752700;0.92813500;0.92872200;0.92928500;0.92982100;0.93032800;0.93080400;0.93124900;0.93166200;0.93204100;0.93238400;0.93268800;0.93295800;0.93319500;0.93340500;0.93359300;0.93376200;0.93391700;         ;         ;         ;         ;         ;         ;         ;         ;         ;         ;         ;         ;         ;         ;         
Fraction of women aged 50+ on ART who are virologically suppressed (RNA count <1000 copies/ml);Mean;         ;         ;         ;         ;         ;         ;         ;         ;         ;         ;         ;         ;         ;         ;         ;         ;0.90854400;0.90854400;0.90851700;0.90847500;0.90839600;0.90543900;0.90419200;0.90218200;0.88424800;0.84612700;0.82911200;0.84094600;0.85399900;0.88018400;0.88190500;0.88780300;0.90694500;0.90848800;0.91215400;0.91794600;0.92289900;0.92769100;0.93231900;0.93478900;0.93508300;0.93535500;0.93560800;0.93585000;0.93608600;0.93633000;0.93659600;0.93689400;0.93723100;0.93760800;0.93802300;0.93846900;0.93894200;0.93942900;0.93992400;0.94042000;0.94091300;0.94139800;0.94187100;0.94232900;0.94277000;0.94319200;0.94359400;0.94397300;0.94432200;0.94464800;0.94495500;0.94524500;0.94552300;0.94579000;0.94605400;         ;         ;         ;         ;         ;         ;         ;         ;         ;         ;         ;         ;         ;         ;         
;95% LL;         ;         ;         ;         ;         ;         ;         ;         ;         ;         ;         ;         ;         ;         ;         ;         ;0.90846600;0.90846200;0.90843400;0.90839600;0.90832000;0.90536100;0.90410800;0.90208800;0.88412800;0.84595200;0.82885200;0.84060600;0.85361100;0.87980400;0.88147700;0.88735400;0.90653300;0.90805400;0.91170400;0.91749600;0.92245600;0.92726000;0.93190800;0.93439100;0.93468700;0.93495800;0.93521600;0.93545900;0.93570000;0.93594500;0.93620300;0.93650100;0.93683800;0.93721200;0.93762400;0.93806700;0.93853800;0.93903700;0.93953900;0.94003500;0.94053400;0.94101600;0.94149100;0.94196400;0.94241700;0.94285200;0.94326200;0.94365000;0.94400700;0.94434800;0.94466900;0.94496400;0.94525500;0.94553500;0.94580200;         ;         ;         ;         ;         ;         ;         ;         ;         ;         ;         ;         ;         ;         ;         
;95% UL;         ;         ;         ;         ;         ;         ;         ;         ;         ;         ;         ;         ;         ;         ;         ;         ;0.90864100;0.90863600;0.90860500;0.90855900;0.90848200;0.90554300;0.90430400;0.90230200;0.88440500;0.84633700;0.82938300;0.84131200;0.85440000;0.88056100;0.88231600;0.88823200;0.90732100;0.90886400;0.91254400;0.91834700;0.92329500;0.92806100;0.93265500;0.93511800;0.93542500;0.93570900;0.93597300;0.93621700;0.93645900;0.93670700;0.93697000;0.93726300;0.93759400;0.93796400;0.93838100;0.93883100;0.93930900;0.93979600;0.94028400;0.94077800;0.94126700;0.94174700;0.94221500;0.94266700;0.94310100;0.94351300;0.94390500;0.94428000;0.94462100;0.94493800;0.94523600;0.94551700;0.94578700;0.94604800;0.94630800;         ;         ;         ;         ;         ;         ;         ;         ;         ;         ;         ;         ;         ;         ;         
Fraction of ART patients with undetectable VL (RNA count <50 copies/ml);Mean;         ;         ;         ;         ;         ;         ;         ;         ;         ;         ;         ;         ;         ;         ;         ;         ;0.59064200;0.59432500;0.59785500;0.60078700;0.59825500;0.59498200;0.59837700;0.59744000;0.54465700;0.44811800;0.41277100;0.44328400;0.47908000;0.54966700;0.55835100;0.58057100;0.64170200;0.65082700;0.66627800;0.68781200;0.70696700;0.72551200;0.74347400;0.75439500;0.75808900;0.76153400;0.76464300;0.76761800;0.77050300;0.77322900;0.77583000;0.77829600;0.78065100;0.78290300;0.78505700;0.78711100;0.78907000;0.79094100;0.79273200;0.79445000;0.79610000;0.79768600;0.79921300;0.80068500;0.80210900;0.80348600;0.80481800;0.80611000;0.80736400;0.80858400;0.80977000;0.81092500;0.81204900;0.81314200;0.81420400;         ;         ;         ;         ;         ;         ;         ;         ;         ;         ;         ;         ;         ;         ;         
;95% LL;         ;         ;         ;         ;         ;         ;         ;         ;         ;         ;         ;         ;         ;         ;         ;         ;0.58932400;0.59299900;0.59657500;0.59951800;0.59706100;0.59380700;0.59718500;0.59622900;0.54340600;0.44677900;0.41140100;0.44180100;0.47757600;0.54818100;0.55670500;0.57883500;0.64003800;0.64913700;0.66459400;0.68615100;0.70536700;0.72400600;0.74202600;0.75298700;0.75672000;0.76020300;0.76335300;0.76636900;0.76930000;0.77207600;0.77473000;0.77724600;0.77964000;0.78194100;0.78414400;0.78624500;0.78824600;0.79015300;0.79197700;0.79372500;0.79540300;0.79701400;0.79855900;0.80004900;0.80148600;0.80287500;0.80421800;0.80551800;0.80678100;0.80803100;0.80923100;0.81039500;0.81152000;0.81260600;0.81366100;         ;         ;         ;         ;         ;         ;         ;         ;         ;         ;         ;         ;         ;         ;         
;95% UL;         ;         ;         ;         ;         ;         ;         ;         ;         ;         ;         ;         ;         ;         ;         ;         ;0.59192400;0.59561900;0.59914300;0.60210700;0.59959300;0.59636800;0.59982500;0.59887100;0.54614100;0.44960400;0.41437300;0.44504300;0.48092300;0.55151700;0.56027900;0.58250400;0.64355900;0.65263500;0.66792800;0.68927100;0.70831100;0.72678400;0.74464700;0.75550900;0.75917000;0.76259000;0.76568100;0.76863300;0.77148500;0.77417600;0.77674100;0.77917500;0.78149700;0.78371800;0.78584000;0.78786400;0.78979600;0.79164100;0.79341000;0.79510700;0.79673700;0.79830300;0.79980300;0.80125300;0.80265200;0.80401300;0.80535200;0.80664200;0.80788000;0.80908500;0.81026200;0.81141300;0.81253300;0.81361500;0.81467200;         ;         ;         ;         ;         ;         ;         ;         ;         ;         ;         ;         ;         ;         ;         
Fraction of men on ART with undetectable VL (RNA count <50 copies/ml);Mean;         ;         ;         ;         ;         ;         ;         ;         ;         ;         ;         ;         ;         ;         ;         ;         ;0.59987100;0.60249700;0.60476000;0.60684900;0.60507200;0.59597600;0.59283600;0.58743000;0.53357000;0.43270700;0.39447400;0.42408700;0.45870700;0.53107500;0.53887700;0.55903000;0.62164400;0.62977600;0.64431100;0.66568400;0.68422400;0.70235500;0.72015000;0.73055100;0.73339200;0.73622400;0.73896400;0.74159500;0.74414500;0.74659800;0.74895400;0.75121500;0.75338600;0.75546600;0.75746000;0.75936700;0.76118500;0.76292100;0.76458400;0.76617800;0.76770800;0.76918000;0.77059700;0.77196500;0.77328700;0.77456600;0.77580400;0.77700100;0.77816300;0.77929000;0.78038300;0.78144200;0.78246500;0.78345000;0.78439700;         ;         ;         ;         ;         ;         ;         ;         ;         ;         ;         ;         ;         ;         ;         
;95% LL;         ;         ;         ;         ;         ;         ;         ;         ;         ;         ;         ;         ;         ;         ;         ;         ;0.59757900;0.60031200;0.60252200;0.60465600;0.60286800;0.59375800;0.59080100;0.58557300;0.53181100;0.43094500;0.39276100;0.42224300;0.45680200;0.52916400;0.53683300;0.55685200;0.61952000;0.62766400;0.64222700;0.66368400;0.68227300;0.70046000;0.71834900;0.72882600;0.73174600;0.73464100;0.73744900;0.74015400;0.74280300;0.74535200;0.74777700;0.75010500;0.75233800;0.75448200;0.75653900;0.75849500;0.76035600;0.76213300;0.76383800;0.76547700;0.76704300;0.76854700;0.77000900;0.77139200;0.77273700;0.77404500;0.77530000;0.77651800;0.77769600;0.77883900;0.77994900;0.78102200;0.78206700;0.78307000;0.78402100;         ;         ;         ;         ;         ;         ;         ;         ;         ;         ;         ;         ;         ;         ;         
;95% UL;         ;         ;         ;         ;         ;         ;         ;         ;         ;         ;         ;         ;         ;         ;         ;         ;0.60180300;0.60446300;0.60675700;0.60887000;0.60718400;0.59814000;0.59495600;0.58947700;0.53557600;0.43462200;0.39649700;0.42598400;0.46075200;0.53309400;0.54097000;0.56116000;0.62376900;0.63195800;0.64648400;0.66781100;0.68628800;0.70433300;0.72203300;0.73236200;0.73515700;0.73791600;0.74057100;0.74311600;0.74557700;0.74794700;0.75022200;0.75240800;0.75450800;0.75652100;0.75843000;0.76027800;0.76205200;0.76374600;0.76536900;0.76693200;0.76843300;0.76987600;0.77126600;0.77260800;0.77390400;0.77515800;0.77637100;0.77755700;0.77869100;0.77979000;0.78086300;0.78190300;0.78290800;0.78387900;0.78479300;         ;         ;         ;         ;         ;         ;         ;         ;         ;         ;         ;         ;         ;         ;         
Fraction of women on ART with undetectable VL (RNA count <50 copies/ml);Mean;         ;         ;         ;         ;         ;         ;         ;         ;         ;         ;         ;         ;         ;         ;         ;         ;0.61391900;0.61761300;0.62096200;0.62405800;0.62415800;0.61783000;0.61763200;0.61523400;0.56588100;0.47069800;0.43698600;0.46996400;0.50624100;0.57836700;0.58802300;0.60883200;0.66865300;0.67711900;0.69135800;0.71165300;0.72925000;0.74630200;0.76286000;0.77267500;0.77569000;0.77862200;0.78143400;0.78411900;0.78669600;0.78915900;0.79150800;0.79375100;0.79589200;0.79793600;0.79988700;0.80174800;0.80352100;0.80521200;0.80682700;0.80837100;0.80985000;0.81126600;0.81262400;0.81392800;0.81518300;0.81639100;0.81755500;0.81867900;0.81976600;0.82082100;0.82184500;0.82284000;0.82380900;0.82475300;0.82567200;         ;         ;         ;         ;         ;         ;         ;         ;         ;         ;         ;         ;         ;         ;         
;95% LL;         ;         ;         ;         ;         ;         ;         ;         ;         ;         ;         ;         ;         ;         ;         ;         ;0.61252300;0.61621300;0.61954000;0.62262400;0.62269200;0.61639000;0.61617000;0.61371500;0.56425500;0.46909400;0.43531600;0.46824100;0.50451100;0.57670100;0.58625100;0.60700700;0.66685000;0.67530200;0.68956500;0.70991000;0.72755700;0.74468800;0.76126500;0.77112200;0.77416700;0.77714800;0.78001600;0.78274600;0.78535700;0.78785400;0.79024000;0.79251900;0.79469800;0.79678000;0.79877000;0.80067100;0.80248300;0.80421300;0.80586500;0.80743300;0.80892900;0.81038000;0.81178000;0.81311300;0.81439400;0.81562800;0.81682100;0.81797500;0.81909100;0.82015100;0.82117100;0.82219000;0.82319100;0.82416600;0.82509900;         ;         ;         ;         ;         ;         ;         ;         ;         ;         ;         ;         ;         ;         ;         
;95% UL;         ;         ;         ;         ;         ;         ;         ;         ;         ;         ;         ;         ;         ;         ;         ;         ;0.61530300;0.61902000;0.62236600;0.62550700;0.62573600;0.61951000;0.61929400;0.61686600;0.56755400;0.47242100;0.43880900;0.47188200;0.50814100;0.58018000;0.58997300;0.61074700;0.67029400;0.67879500;0.69306800;0.71333400;0.73088400;0.74786300;0.76436500;0.77415500;0.77713900;0.78003400;0.78281400;0.78545100;0.78799800;0.79042400;0.79272900;0.79494200;0.79704900;0.79905400;0.80095900;0.80279000;0.80453400;0.80619300;0.80776600;0.80926700;0.81071200;0.81210000;0.81343200;0.81471100;0.81594300;0.81713000;0.81827400;0.81937200;0.82043300;0.82147100;0.82249400;0.82348000;0.82443600;0.82536700;0.82627400;         ;         ;         ;         ;         ;         ;         ;         ;         ;         ;         ;         ;         ;         ;         
Fraction of children on ART with undetectable VL (RNA count <50 copies/ml);Mean;         ;         ;         ;         ;         ;         ;         ;         ;         ;         ;         ;         ;         ;         ;         ;         ;0.40279000;0.40279000;0.40279000;0.40279000;0.40279000;0.44031900;0.47561700;0.49000900;0.41219500;0.32120200;0.28362200;0.26048900;0.27536600;0.29823800;0.27054900;0.29769700;0.32870500;0.31906200;0.33074700;0.34274900;0.35507300;0.36772700;0.38071600;0.39404800;0.40772800;0.42176500;0.42176500;0.42176500;0.42176500;0.42176500;0.42176500;0.42176500;0.42176500;0.42176500;0.42176500;0.42176500;0.42176500;0.42176500;0.42176500;0.42176500;0.42176500;0.42176500;0.42176500;0.42176500;0.42176500;0.42176500;0.42176500;0.42176500;0.42176500;0.42176500;0.42176500;0.42176500;0.42176500;0.42176500;0.42176500;         ;         ;         ;         ;         ;         ;         ;         ;         ;         ;         ;         ;         ;         ;         
;95% LL;         ;         ;         ;         ;         ;         ;         ;         ;         ;         ;         ;         ;         ;         ;         ;         ;0.40279000;0.40279000;0.40279000;0.40279000;0.40279000;0.44031900;0.47561700;0.49000900;0.41219500;0.32120200;0.28362200;0.26048900;0.27536600;0.29823800;0.27054900;0.29769700;0.32870500;0.31906200;0.33074700;0.34274900;0.35507300;0.36772700;0.38071600;0.39404800;0.40772800;0.42176500;0.42176500;0.42176500;0.42176500;0.42176500;0.42176500;0.42176500;0.42176500;0.42176500;0.42176500;0.42176500;0.42176500;0.42176500;0.42176500;0.42176500;0.42176500;0.42176500;0.42176500;0.42176500;0.42176500;0.42176500;0.42176500;0.42176500;0.42176500;0.42176500;0.42176500;0.42176500;0.42176500;0.42176500;0.42176500;         ;         ;         ;         ;         ;         ;         ;         ;         ;         ;         ;         ;         ;         ;         
;95% UL;         ;         ;         ;         ;         ;         ;         ;         ;         ;         ;         ;         ;         ;         ;         ;         ;0.40279000;0.40279000;0.40279000;0.40279000;0.40279000;0.44031900;0.47561700;0.49000900;0.41219500;0.32120200;0.28362200;0.26048900;0.27536600;0.29823800;0.27054900;0.29769700;0.32870500;0.31906200;0.33074700;0.34274900;0.35507300;0.36772700;0.38071600;0.39404800;0.40772800;0.42176500;0.42176500;0.42176500;0.42176500;0.42176500;0.42176500;0.42176500;0.42176500;0.42176500;0.42176500;0.42176500;0.42176500;0.42176500;0.42176500;0.42176500;0.42176500;0.42176500;0.42176500;0.42176500;0.42176500;0.42176500;0.42176500;0.42176500;0.42176500;0.42176500;0.42176500;0.42176500;0.42176500;0.42176500;0.42176500;         ;         ;         ;         ;         ;         ;         ;         ;         ;         ;         ;         ;         ;         ;         
;;         ;         ;         ;         ;         ;         ;         ;         ;         ;         ;         ;         ;         ;         ;         ;         ;         ;         ;         ;         ;         ;         ;         ;         ;         ;         ;         ;         ;         ;         ;         ;         ;         ;         ;         ;         ;         ;         ;         ;         ;         ;         ;         ;         ;         ;         ;         ;         ;         ;         ;         ;         ;         ;         ;         ;         ;         ;         ;         ;         ;         ;         ;         ;         ;         ;         ;         ;         ;         ;         ;         ;         ;         ;         ;         ;         ;         ;         ;         ;         ;         ;         ;         ;         ;         ;         
HIV testing and other 90-90-90 indicators;;         ;         ;         ;         ;         ;         ;         ;         ;         ;         ;         ;         ;         ;         ;         ;         ;         ;         ;         ;         ;         ;         ;         ;         ;         ;         ;         ;         ;         ;         ;         ;         ;         ;         ;         ;         ;         ;         ;         ;         ;         ;         ;         ;         ;         ;         ;         ;         ;         ;         ;         ;         ;         ;         ;         ;         ;         ;         ;         ;         ;         ;         ;         ;         ;         ;         ;         ;         ;         ;         ;         ;         ;         ;         ;         ;         ;         ;         ;         ;         ;         ;         ;         ;         ;         ;         
;;         ;         ;         ;         ;         ;         ;         ;         ;         ;         ;         ;         ;         ;         ;         ;         ;         ;         ;         ;         ;         ;         ;         ;         ;         ;         ;         ;         ;         ;         ;         ;         ;         ;         ;         ;         ;         ;         ;         ;         ;         ;         ;         ;         ;         ;         ;         ;         ;         ;         ;         ;         ;         ;         ;         ;         ;         ;         ;         ;         ;         ;         ;         ;         ;         ;         ;         ;         ;         ;         ;         ;         ;         ;         ;         ;         ;         ;         ;         ;         ;         ;         ;         ;         ;         ;         
Total HIV tests performed in adults (15+);Mean;7.03386000;18.28050000;43.71890000;103.13500000;239.86000000;540.33100000;126377.00000000;253041.00000000;380027.00000000;507199.00000000;634410.00000000;761526.00000000;888586.00000000;1015410.00000000;1141820.00000000;1267480.00000000;1392780.00000000;1517040.00000000;1646810.00000000;1774710.00000000;2202510.00000000;2436000.00000000;2764100.00000000;3463880.00000000;7794450.00000000;10673800.00000000;9804990.00000000;10037300.00000000;8350870.00000000;9687530.00000000;12481900.00000000;13582900.00000000;12953800.00000000;13763200.00000000;17430900.00000000;12665400.00000000;15256200.00000000;16077400.00000000;16978100.00000000;17867800.00000000;18245900.00000000;18625500.00000000;19007800.00000000;19404300.00000000;19813000.00000000;20221800.00000000;20627000.00000000;21026000.00000000;21408000.00000000;21774600.00000000;22126700.00000000;22463900.00000000;22786800.00000000;23097000.00000000;23395500.00000000;23683900.00000000;23963500.00000000;24235500.00000000;24500600.00000000;24758800.00000000;25009600.00000000;25253300.00000000;25490100.00000000;25720200.00000000;25943600.00000000;26160600.00000000;26371500.00000000;26576500.00000000;26775500.00000000;26968300.00000000;27154800.00000000;         ;         ;         ;         ;         ;         ;         ;         ;         ;         ;         ;         ;         ;         ;         
;95% LL;3.44832000;9.37324000;23.58890000;57.28390000;142.16000000;338.99400000;126292.00000000;252915.00000000;379884.00000000;507058.00000000;634313.00000000;761455.00000000;888430.00000000;1015140.00000000;1141470.00000000;1267020.00000000;1392230.00000000;1516410.00000000;1646150.00000000;1773970.00000000;2201210.00000000;2434230.00000000;2762130.00000000;3462170.00000000;7791230.00000000;10669900.00000000;9801520.00000000;10034600.00000000;8349100.00000000;9685950.00000000;12479600.00000000;13580800.00000000;12952000.00000000;13760100.00000000;17426300.00000000;12658200.00000000;15246100.00000000;16065600.00000000;16891700.00000000;17735600.00000000;18097600.00000000;18463400.00000000;18834000.00000000;19223300.00000000;19628900.00000000;20036300.00000000;20440300.00000000;20836700.00000000;21216800.00000000;21582000.00000000;21933300.00000000;22272100.00000000;22596200.00000000;22907100.00000000;23206200.00000000;23495200.00000000;23778100.00000000;24054800.00000000;24322600.00000000;24582600.00000000;24835400.00000000;25081300.00000000;25320400.00000000;25552800.00000000;25778500.00000000;25996800.00000000;26205900.00000000;26409700.00000000;26606600.00000000;26799100.00000000;26985000.00000000;         ;         ;         ;         ;         ;         ;         ;         ;         ;         ;         ;         ;         ;         ;         
;95% UL;10.28590000;26.49520000;61.41320000;142.11300000;325.58600000;735.49500000;126472.00000000;253166.00000000;380166.00000000;507321.00000000;634495.00000000;761608.00000000;888746.00000000;1015650.00000000;1142210.00000000;1267980.00000000;1393350.00000000;1517690.00000000;1647530.00000000;1775620.00000000;2204080.00000000;2438150.00000000;2766320.00000000;3465760.00000000;7796770.00000000;10677000.00000000;9807880.00000000;10039500.00000000;8352420.00000000;9688940.00000000;12483800.00000000;13584600.00000000;12955800.00000000;13767000.00000000;17436400.00000000;12672300.00000000;15264500.00000000;16087000.00000000;17046100.00000000;17969500.00000000;18362700.00000000;18755300.00000000;19148800.00000000;19552100.00000000;19963600.00000000;20373900.00000000;20779800.00000000;21179200.00000000;21561400.00000000;21927900.00000000;22279800.00000000;22616600.00000000;22939200.00000000;23248900.00000000;23547000.00000000;23835000.00000000;24114200.00000000;24385600.00000000;24649900.00000000;24907000.00000000;25156700.00000000;25399100.00000000;25634400.00000000;25862800.00000000;26086700.00000000;26307100.00000000;26521400.00000000;26729100.00000000;26928800.00000000;27126700.00000000;27312900.00000000;         ;         ;         ;         ;         ;         ;         ;         ;         ;         ;         ;         ;         ;         ;         
Total HIV tests in children (excluding <18 months);Mean;0.00477729;0.01869900;0.04229830;0.09468040;0.21216800;0.46553700;41389.80000000;80157.30000000;115945.00000000;148501.00000000;177480.00000000;202496.00000000;228169.00000000;251231.00000000;268922.00000000;281876.00000000;288040.00000000;284770.00000000;270235.00000000;261252.00000000;293026.00000000;239645.00000000;220844.00000000;356831.00000000;704268.00000000;567901.00000000;517205.00000000;534572.00000000;470648.00000000;536967.00000000;894829.00000000;1269430.00000000;1300730.00000000;1360790.00000000;1562920.00000000;1271780.00000000;1525140.00000000;1853810.00000000;1965850.00000000;1976670.00000000;1989290.00000000;2002320.00000000;2014360.00000000;2024750.00000000;2033580.00000000;2041470.00000000;2049080.00000000;2057200.00000000;2067470.00000000;2078080.00000000;2088920.00000000;2100460.00000000;2112110.00000000;2123000.00000000;2132910.00000000;2141820.00000000;2149700.00000000;2156570.00000000;2162460.00000000;2167380.00000000;2171330.00000000;2174320.00000000;2176350.00000000;2177390.00000000;2177520.00000000;2176790.00000000;2175310.00000000;2173170.00000000;2170490.00000000;2167400.00000000;2164010.00000000;         ;         ;         ;         ;         ;         ;         ;         ;         ;         ;         ;         ;         ;         ;         
;95% LL;0.00231512;0.00934448;0.02216640;0.05242120;0.12594200;0.29335600;41310.00000000;79979.90000000;115641.00000000;148087.00000000;176947.00000000;201907.00000000;227557.00000000;250686.00000000;268442.00000000;281452.00000000;287717.00000000;284457.00000000;269826.00000000;260782.00000000;292081.00000000;238386.00000000;219541.00000000;355770.00000000;703506.00000000;567038.00000000;516384.00000000;533725.00000000;469785.00000000;536137.00000000;893758.00000000;1268400.00000000;1299850.00000000;1359890.00000000;1561920.00000000;1270550.00000000;1523750.00000000;1852220.00000000;1957780.00000000;1968600.00000000;1981320.00000000;1994460.00000000;2006440.00000000;2016360.00000000;2024740.00000000;2032230.00000000;2039550.00000000;2047560.00000000;2057510.00000000;2067780.00000000;2078520.00000000;2090000.00000000;2101360.00000000;2112080.00000000;2121930.00000000;2130840.00000000;2138800.00000000;2145810.00000000;2151860.00000000;2156850.00000000;2160860.00000000;2163920.00000000;2166040.00000000;2167190.00000000;2167490.00000000;2166970.00000000;2165680.00000000;2163710.00000000;2161170.00000000;2158200.00000000;2154910.00000000;         ;         ;         ;         ;         ;         ;         ;         ;         ;         ;         ;         ;         ;         ;         
;95% UL;0.00724453;0.02818260;0.06288670;0.13819700;0.30781000;0.68117800;41472.80000000;80310.60000000;116232.00000000;148906.00000000;177995.00000000;203097.00000000;228780.00000000;251799.00000000;269402.00000000;282265.00000000;288337.00000000;285041.00000000;270603.00000000;261690.00000000;293758.00000000;240695.00000000;221980.00000000;357816.00000000;705062.00000000;568861.00000000;518102.00000000;535566.00000000;471603.00000000;538060.00000000;895837.00000000;1270340.00000000;1301530.00000000;1361610.00000000;1563850.00000000;1272740.00000000;1526260.00000000;1855220.00000000;1972200.00000000;1983190.00000000;1995890.00000000;2008960.00000000;2021030.00000000;2031400.00000000;2040200.00000000;2048060.00000000;2055800.00000000;2064180.00000000;2074700.00000000;2085550.00000000;2096840.00000000;2108740.00000000;2120650.00000000;2131800.00000000;2141850.00000000;2150780.00000000;2158620.00000000;2165370.00000000;2171040.00000000;2176000.00000000;2179970.00000000;2182960.00000000;2184970.00000000;2185980.00000000;2186030.00000000;2185140.00000000;2183490.00000000;2181200.00000000;2178390.00000000;2175170.00000000;2171690.00000000;         ;         ;         ;         ;         ;         ;         ;         ;         ;         ;         ;         ;         ;         ;         
% of adult HIV tests with positive results;Mean;         ;         ;         ;         ;         ;         ;0.02043610;0.02939330;0.04318590;0.06033800;0.07974560;0.10019400;0.11996300;0.13834700;0.15488500;0.16903200;0.18085900;0.19072200;0.19880600;0.21242800;0.23902500;0.25451500;0.24711400;0.21872600;0.18382100;0.16837100;0.15412000;0.13510600;0.12455200;0.11343500;0.10130600;0.08813430;0.07653980;0.06714310;0.05774930;0.05083180;0.04392700;0.03821690;0.03346850;0.02966530;0.02653190;0.02402920;0.02199650;0.02038350;0.01912820;0.01808790;0.01718380;0.01637170;0.01562790;0.01493520;0.01428160;0.01366050;0.01307010;0.01251150;0.01198560;0.01149170;0.01102820;0.01059360;0.01018640;0.00980502;0.00944807;0.00911364;0.00879993;0.00850524;0.00822799;0.00796677;0.00772031;0.00748750;0.00726734;0.00705896;0.00686158;         ;         ;         ;         ;         ;         ;         ;         ;         ;         ;         ;         ;         ;         ;         
;95% LL;         ;         ;         ;         ;         ;         ;0.01497050;0.02271850;0.03363250;0.04918860;0.06719490;0.08719760;0.10756600;0.12633200;0.14328800;0.15810000;0.17120000;0.18241900;0.19187400;0.20610900;0.23266400;0.24826600;0.24208000;0.21396700;0.17944900;0.16390800;0.14952600;0.13050600;0.11987300;0.10867300;0.09642040;0.08316540;0.07147430;0.06200380;0.05258030;0.04596430;0.03963400;0.03461060;0.03053730;0.02730790;0.02465810;0.02253770;0.02079890;0.01939010;0.01826020;0.01729900;0.01644740;0.01567220;0.01495620;0.01428610;0.01365270;0.01305050;0.01247870;0.01193870;0.01143130;0.01095570;0.01051040;0.01009380;0.00970419;0.00934003;0.00899966;0.00868113;0.00838261;0.00810238;0.00783885;0.00759063;0.00735648;0.00713531;0.00692618;0.00672824;0.00654077;         ;         ;         ;         ;         ;         ;         ;         ;         ;         ;         ;         ;         ;         ;         
;95% UL;         ;         ;         ;         ;         ;         ;0.02653530;0.03709970;0.05310270;0.07160150;0.09174980;0.11282300;0.13294300;0.15098700;0.16653100;0.17941500;0.19034900;0.19904700;0.20567000;0.21859900;0.24573200;0.26091800;0.25311300;0.22467600;0.18923200;0.17383100;0.15937400;0.14032600;0.12995300;0.11886600;0.10696600;0.09400410;0.08258180;0.07333780;0.06400900;0.05662470;0.04905770;0.04254200;0.03696690;0.03244320;0.02874800;0.02578740;0.02347360;0.02159410;0.02015320;0.01900520;0.01803260;0.01716010;0.01636840;0.01563830;0.01497030;0.01433130;0.01371400;0.01312980;0.01257940;0.01206210;0.01157600;0.01111980;0.01069180;0.01029060;0.00991465;0.00956309;0.00924115;0.00893495;0.00864209;0.00836148;0.00809850;0.00785672;0.00761904;0.00739411;0.00718265;         ;         ;         ;         ;         ;         ;         ;         ;         ;         ;         ;         ;         ;         ;         
% of paediatric HIV tests with positive results;Mean;         ;         ;         ;         ;         ;         ;0.00451102;0.00594334;0.00826871;0.01159670;0.01585400;0.02083790;0.02636140;0.03226790;0.03807020;0.04373920;0.04949340;0.05529260;0.06138730;0.06749250;0.07285180;0.08165370;0.09157380;0.08316270;0.06019140;0.05111660;0.04860210;0.04435230;0.04229170;0.03875760;0.02930300;0.02030880;0.01584220;0.01317920;0.01113090;0.01031420;0.00918219;0.00791661;0.00721075;0.00669325;0.00626730;0.00592716;0.00563186;0.00537917;0.00516782;0.00499352;0.00484269;0.00471296;0.00459846;0.00449545;0.00440211;0.00431607;0.00423563;0.00416062;0.00409021;0.00402391;0.00396149;0.00390265;0.00384709;0.00379461;0.00374511;0.00369850;0.00365471;0.00361366;0.00357528;0.00353945;0.00350610;0.00347507;0.00344624;0.00341946;0.00339459;         ;         ;         ;         ;         ;         ;         ;         ;         ;         ;         ;         ;         ;         ;         
;95% LL;         ;         ;         ;         ;         ;         ;0.00397800;0.00504103;0.00685539;0.00976719;0.01344050;0.01778710;0.02284080;0.02874560;0.03446540;0.04018170;0.04615250;0.05199880;0.05804130;0.06435220;0.06976580;0.07844870;0.08850700;0.08074930;0.05848470;0.04972410;0.04731180;0.04316080;0.04114880;0.03769340;0.02848000;0.01972420;0.01538280;0.01280370;0.01081830;0.01002990;0.00891239;0.00769057;0.00701151;0.00651487;0.00610429;0.00577840;0.00549819;0.00525447;0.00504901;0.00487909;0.00473234;0.00460627;0.00449804;0.00440117;0.00431137;0.00422849;0.00415112;0.00407912;0.00401221;0.00394993;0.00389049;0.00383502;0.00378235;0.00373275;0.00368609;0.00364197;0.00360040;0.00356165;0.00352598;0.00349274;0.00346182;0.00343302;0.00340608;0.00338092;0.00335755;         ;         ;         ;         ;         ;         ;         ;         ;         ;         ;         ;         ;         ;         ;         
;95% UL;         ;         ;         ;         ;         ;         ;0.00501200;0.00683389;0.00975764;0.01361370;0.01833330;0.02372110;0.02960190;0.03576460;0.04169050;0.04737150;0.05315010;0.05885560;0.06477160;0.07078470;0.07619350;0.08525870;0.09508580;0.08548530;0.06176590;0.05246280;0.04985260;0.04547510;0.04339290;0.03980980;0.03012120;0.02087250;0.01629230;0.01357230;0.01147430;0.01064920;0.00948439;0.00817567;0.00744766;0.00690398;0.00645600;0.00610016;0.00579026;0.00552461;0.00530262;0.00512012;0.00496233;0.00482664;0.00470674;0.00460010;0.00450644;0.00442038;0.00433923;0.00426289;0.00419064;0.00412012;0.00405432;0.00399300;0.00393480;0.00387958;0.00382715;0.00377686;0.00372938;0.00368469;0.00364275;0.00360350;0.00356686;0.00353293;0.00350177;0.00347278;0.00344580;         ;         ;         ;         ;         ;         ;         ;         ;         ;         ;         ;         ;         ;         ;         
New diagnoses at birth;;         ;         ;         ;         ;         ;         ;         ;         ;         ;         ;         ;         ;         ;         ;         ;         ;         ;         ;         ;         ;         ;         ;         ;         ;         ;         ;         ;         ;         ;         ;2185.06000000;2267.58000000;2246.22000000;2202.51000000;2102.81000000;1948.49000000;1822.49000000;1702.84000000;1591.47000000;1489.74000000;1397.59000000;1313.76000000;1236.10000000;1173.49000000;1116.71000000;1063.00000000;1011.69000000;962.50600000;914.92900000;868.72000000;823.52600000;779.12300000;735.50600000;692.77000000;651.02800000;610.35400000;570.88700000;532.77500000;496.19000000;461.33200000;428.38900000;397.47300000;368.63500000;341.87100000;317.14900000;294.41000000;273.53200000;254.37800000;236.84800000;220.84100000;206.24700000;         ;         ;         ;         ;         ;         ;         ;         ;         ;         ;         ;         ;         ;         ;         
;;         ;         ;         ;         ;         ;         ;         ;         ;         ;         ;         ;         ;         ;         ;         ;         ;         ;         ;         ;         ;         ;         ;         ;         ;         ;         ;         ;         ;         ;         ;2063.47000000;2136.78000000;2108.68000000;2057.61000000;1952.70000000;1807.60000000;1691.74000000;1583.11000000;1481.95000000;1389.05000000;1304.38000000;1226.86000000;1154.75000000;1096.56000000;1040.84000000;989.41300000;940.32900000;893.35300000;848.02400000;802.57300000;758.28200000;715.15300000;673.16600000;632.37300000;592.83700000;554.59000000;517.71500000;482.30500000;448.47300000;416.35900000;386.10100000;357.76600000;331.37700000;306.91000000;284.31800000;263.53800000;244.61400000;227.03300000;210.91600000;196.21800000;182.83500000;         ;         ;         ;         ;         ;         ;         ;         ;         ;         ;         ;         ;         ;         ;         
;;         ;         ;         ;         ;         ;         ;         ;         ;         ;         ;         ;         ;         ;         ;         ;         ;         ;         ;         ;         ;         ;         ;         ;         ;         ;         ;         ;         ;         ;         ;2318.40000000;2417.39000000;2405.47000000;2372.26000000;2279.60000000;2121.39000000;1981.04000000;1846.24000000;1716.49000000;1604.27000000;1503.99000000;1414.24000000;1329.35000000;1261.57000000;1202.55000000;1146.75000000;1093.69000000;1042.98000000;993.71200000;945.63500000;898.37300000;851.71200000;805.85600000;761.04000000;716.69400000;673.51300000;631.01600000;589.80300000;550.69000000;513.40400000;478.08000000;444.84600000;413.77100000;384.86200000;358.09300000;332.97000000;309.74800000;288.46100000;269.20800000;251.35500000;235.01500000;         ;         ;         ;         ;         ;         ;         ;         ;         ;         ;         ;         ;         ;         ;         
New diagnoses in infants;;         ;         ;         ;         ;         ;         ;45.94410000;162.23300000;381.51900000;719.15100000;1171.32000000;1709.04000000;2351.69000000;2972.76000000;3641.24000000;4267.85000000;4745.04000000;5059.30000000;5056.53000000;5106.63000000;5894.93000000;7709.55000000;9849.08000000;10377.00000000;10159.60000000;7511.22000000;6517.81000000;6352.92000000;6452.98000000;5426.58000000;5572.08000000;4435.42000000;4025.49000000;3767.93000000;3648.12000000;3551.83000000;3431.23000000;3270.58000000;3050.37000000;2851.82000000;2677.29000000;2521.52000000;2376.71000000;2254.79000000;2146.24000000;2043.61000000;1945.27000000;1850.72000000;1759.06000000;1669.69000000;1581.91000000;1495.45000000;1410.68000000;1327.99000000;1247.61000000;1169.65000000;1094.32000000;1021.86000000;952.54100000;886.67300000;824.53300000;766.27800000;711.96700000;661.56600000;614.99400000;572.12900000;532.74800000;496.59300000;463.45800000;433.14400000;405.43600000;         ;         ;         ;         ;         ;         ;         ;         ;         ;         ;         ;         ;         ;         ;         
;;         ;         ;         ;         ;         ;         ;31.81360000;123.48900000;303.30500000;588.04700000;1005.05000000;1507.42000000;2121.27000000;2727.37000000;3383.19000000;4006.02000000;4488.93000000;4821.47000000;4839.34000000;4892.20000000;5655.75000000;7386.82000000;9447.86000000;9938.97000000;9734.44000000;7192.23000000;6231.08000000;6063.88000000;6132.45000000;5151.46000000;5276.58000000;4195.09000000;3791.80000000;3530.62000000;3409.13000000;3304.88000000;3201.54000000;3057.74000000;2851.61000000;2669.94000000;2510.72000000;2367.52000000;2232.78000000;2116.91000000;2009.88000000;1909.82000000;1812.58000000;1719.54000000;1631.40000000;1543.82000000;1459.53000000;1377.93000000;1296.90000000;1218.53000000;1143.68000000;1069.97000000;998.94700000;930.82300000;865.82400000;804.29200000;747.42800000;694.25200000;644.54800000;597.64100000;554.26300000;514.59100000;478.00600000;444.89700000;414.95300000;387.60600000;362.13800000;         ;         ;         ;         ;         ;         ;         ;         ;         ;         ;         ;         ;         ;         ;         
;;         ;         ;         ;         ;         ;         ;60.18140000;205.17000000;465.22400000;848.80500000;1341.19000000;1906.06000000;2580.53000000;3218.25000000;3896.49000000;4531.51000000;4985.74000000;5290.54000000;5262.48000000;5313.75000000;6117.84000000;7993.55000000;10210.10000000;10792.20000000;10580.20000000;7830.76000000;6815.01000000;6664.60000000;6806.42000000;5732.13000000;5903.99000000;4715.17000000;4297.83000000;4049.34000000;3952.40000000;3861.82000000;3733.63000000;3557.03000000;3314.23000000;3090.88000000;2895.08000000;2716.24000000;2551.70000000;2424.35000000;2313.71000000;2206.87000000;2105.51000000;2007.74000000;1912.55000000;1819.74000000;1728.82000000;1639.96000000;1551.46000000;1463.53000000;1377.85000000;1294.40000000;1213.74000000;1136.39000000;1062.19000000;989.88300000;921.54700000;857.40200000;797.52400000;741.89100000;690.42400000;643.00400000;599.45200000;559.72800000;523.30800000;489.98500000;459.53100000;         ;         ;         ;         ;         ;         ;         ;         ;         ;         ;         ;         ;         ;         ;         
% of adults ever tested for HIV;Mean;0.00000000;0.00000035;0.00000121;0.00000316;0.00000758;0.00001751;0.00003926;0.00547979;0.01578890;0.03032060;0.04838470;0.06928460;0.09206210;0.11637100;0.14164400;0.16744200;0.19338400;0.21943800;0.24534400;0.27119300;0.29682600;0.32736900;0.35845300;0.39028900;0.42562900;0.49491400;0.55599600;0.59771900;0.63460100;0.65831100;0.68483300;0.71433100;0.74092500;0.76362400;0.78569900;0.80833000;0.81873800;0.83392800;0.84521300;0.85647900;0.86634000;0.87517100;0.88291400;0.88947000;0.89497600;0.89967400;0.90377000;0.90742800;0.91081700;0.91382900;0.91651400;0.91894100;0.92109400;0.92295800;0.92457200;0.92598000;0.92722200;0.92832800;0.92932500;0.93022900;0.93105500;0.93180800;0.93249200;0.93311000;0.93366900;0.93417700;0.93464100;0.93507100;0.93547700;0.93586700;0.93624900;         ;         ;         ;         ;         ;         ;         ;         ;         ;         ;         ;         ;         ;         ;         
;95% LL;0.00000000;0.00000017;0.00000061;0.00000168;0.00000419;0.00001017;0.00002392;0.00546312;0.01577130;0.03030270;0.04836350;0.06926120;0.09203580;0.11634000;0.14160600;0.16739500;0.19332600;0.21936100;0.24524500;0.27106100;0.29664700;0.32708700;0.35804600;0.38976300;0.42500600;0.49415300;0.55522300;0.59697400;0.63385800;0.65753600;0.68407000;0.71362100;0.74023200;0.76294800;0.78504200;0.80769700;0.81808500;0.83328200;0.84457700;0.85595300;0.86589700;0.87474400;0.88253000;0.88912900;0.89466500;0.89938100;0.90348700;0.90715500;0.91055400;0.91357700;0.91627400;0.91869700;0.92085700;0.92270100;0.92430600;0.92572800;0.92696100;0.92806000;0.92904900;0.92993100;0.93074400;0.93149100;0.93217700;0.93279300;0.93335200;0.93386200;0.93433000;0.93476600;0.93517900;0.93557600;0.93596600;         ;         ;         ;         ;         ;         ;         ;         ;         ;         ;         ;         ;         ;         ;         
;95% UL;0.00000000;0.00000051;0.00000175;0.00000451;0.00001053;0.00002396;0.00005304;0.00549529;0.01580610;0.03034060;0.04840640;0.06930670;0.09208700;0.11639900;0.14167600;0.16748400;0.19343800;0.21951200;0.24543900;0.27131700;0.29700200;0.32765100;0.35886100;0.39082200;0.42626600;0.49574500;0.55686100;0.59861500;0.63551700;0.65920500;0.68568800;0.71515800;0.74178300;0.76446500;0.78651900;0.80912000;0.81950900;0.83469800;0.84596400;0.85707400;0.86685200;0.87556800;0.88327700;0.88979200;0.89526200;0.89995500;0.90402700;0.90766800;0.91105900;0.91405200;0.91671900;0.91913300;0.92128500;0.92315200;0.92478200;0.92617800;0.92742900;0.92855600;0.92956000;0.93046500;0.93130200;0.93206300;0.93275200;0.93337200;0.93393000;0.93443300;0.93489300;0.93531900;0.93571700;0.93609900;0.93647200;         ;         ;         ;         ;         ;         ;         ;         ;         ;         ;         ;         ;         ;         ;         
% of adult males ever tested for HIV;Mean;0.00000000;0.00000033;0.00000120;0.00000325;0.00000803;0.00001894;0.00004292;0.00499454;0.01439450;0.02769160;0.04429960;0.06362060;0.08481240;0.10754600;0.13129100;0.15542400;0.17937500;0.20278400;0.22483600;0.24452800;0.26298700;0.28492600;0.30586400;0.32769100;0.35496100;0.42313500;0.48707200;0.53139400;0.57152100;0.59672100;0.62603100;0.65985100;0.69087100;0.71816900;0.74510700;0.77238200;0.78391200;0.80135300;0.81428100;0.82734600;0.83873900;0.84886900;0.85769900;0.86515700;0.87138600;0.87665100;0.88117500;0.88514900;0.88877600;0.89197100;0.89480200;0.89735300;0.89961300;0.90156500;0.90324700;0.90470600;0.90598400;0.90711500;0.90812700;0.90904400;0.90987900;0.91064400;0.91134400;0.91198000;0.91256100;0.91309400;0.91358600;0.91404500;0.91448300;0.91490800;0.91532600;         ;         ;         ;         ;         ;         ;         ;         ;         ;         ;         ;         ;         ;         ;         
;95% LL;0.00000000;0.00000016;0.00000061;0.00000174;0.00000442;0.00001077;0.00002560;0.00497262;0.01436620;0.02765400;0.04424890;0.06355450;0.08473140;0.10745000;0.13117900;0.15529800;0.17923200;0.20262100;0.22465900;0.24430900;0.26271800;0.28454700;0.30535200;0.32703900;0.35416500;0.42217000;0.48605200;0.53038900;0.57052300;0.59573600;0.62508400;0.65893800;0.68994900;0.71725300;0.74419900;0.77149800;0.78307900;0.80053100;0.81349500;0.82658500;0.83801500;0.84816200;0.85707000;0.86460500;0.87086300;0.87616000;0.88068100;0.88465500;0.88829600;0.89150800;0.89434300;0.89690400;0.89917400;0.90114800;0.90284900;0.90429800;0.90559000;0.90673800;0.90773600;0.90865100;0.90948400;0.91026000;0.91095800;0.91158900;0.91216800;0.91270200;0.91319900;0.91366900;0.91411400;0.91454800;0.91497900;         ;         ;         ;         ;         ;         ;         ;         ;         ;         ;         ;         ;         ;         ;         
;95% UL;0.00000000;0.00000048;0.00000174;0.00000460;0.00001120;0.00002634;0.00005840;0.00501501;0.01442350;0.02773290;0.04435280;0.06368670;0.08489190;0.10764000;0.13139900;0.15554700;0.17951200;0.20293800;0.22501300;0.24474900;0.26325900;0.28529400;0.30635200;0.32828500;0.35567400;0.42404000;0.48805500;0.53245900;0.57261800;0.59781700;0.62712700;0.66093600;0.69193800;0.71923800;0.74617100;0.77342100;0.78492000;0.80228900;0.81515700;0.82810300;0.83941200;0.84946700;0.85827000;0.86569900;0.87189200;0.87714700;0.88166200;0.88563000;0.88925000;0.89242900;0.89524700;0.89778400;0.90003000;0.90197600;0.90363800;0.90508400;0.90633900;0.90746100;0.90848200;0.90941100;0.91025600;0.91102100;0.91171500;0.91234500;0.91291300;0.91343700;0.91392200;0.91437400;0.91480300;0.91521800;0.91562400;         ;         ;         ;         ;         ;         ;         ;         ;         ;         ;         ;         ;         ;         ;         
% of adult females ever tested for HIV;Mean;0.00000000;0.00000037;0.00000122;0.00000308;0.00000715;0.00001617;0.00003589;0.00592513;0.01706590;0.03272270;0.05210930;0.07443800;0.09863870;0.12435500;0.15098700;0.17826600;0.20598200;0.23441700;0.26380100;0.29520500;0.32733200;0.36567400;0.40601700;0.44701600;0.48978300;0.56018600;0.61877800;0.65810600;0.69200400;0.71432700;0.73828800;0.76383200;0.78638600;0.80489000;0.82253900;0.84096500;0.85037500;0.86352500;0.87331500;0.88294500;0.89141300;0.89906300;0.90581800;0.91155400;0.91640300;0.92058700;0.92429200;0.92766100;0.93082900;0.93367200;0.93622000;0.93852800;0.94057800;0.94235700;0.94390200;0.94525700;0.94645800;0.94753500;0.94850800;0.94939300;0.95019900;0.95093000;0.95159000;0.95217900;0.95270600;0.95317700;0.95360300;0.95399100;0.95435400;0.95469800;0.95503000;         ;         ;         ;         ;         ;         ;         ;         ;         ;         ;         ;         ;         ;         ;         
;95% LL;0.00000000;0.00000018;0.00000061;0.00000162;0.00000392;0.00000907;0.00002202;0.00591253;0.01705650;0.03271700;0.05209800;0.07441760;0.09860590;0.12431200;0.15094000;0.17821300;0.20592500;0.23434500;0.26370900;0.29509300;0.32720200;0.36548400;0.40569900;0.44658000;0.48922000;0.55945800;0.61798600;0.65722800;0.69115300;0.71348800;0.73747500;0.76307000;0.78568700;0.80425000;0.82191600;0.84035800;0.84983200;0.86299400;0.87281800;0.88250000;0.89098800;0.89867000;0.90548300;0.91124600;0.91610900;0.92030900;0.92404500;0.92742700;0.93060400;0.93345700;0.93601400;0.93832300;0.94037100;0.94214600;0.94371700;0.94506200;0.94624300;0.94730300;0.94826200;0.94914100;0.94993800;0.95066000;0.95130900;0.95189600;0.95242300;0.95289600;0.95332400;0.95371600;0.95408200;0.95443100;0.95476800;         ;         ;         ;         ;         ;         ;         ;         ;         ;         ;         ;         ;         ;         ;         
;95% UL;0.00000000;0.00000055;0.00000179;0.00000443;0.00000999;0.00002183;0.00004796;0.00593623;0.01707420;0.03272960;0.05211920;0.07445790;0.09866900;0.12439400;0.15103500;0.17831700;0.20604000;0.23449100;0.26388900;0.29531400;0.32748700;0.36588500;0.40634400;0.44748200;0.49039600;0.56097000;0.61961000;0.65897500;0.69288300;0.71516900;0.73911700;0.76462200;0.78712200;0.80561100;0.82323700;0.84161800;0.85103000;0.86417000;0.87392300;0.88343900;0.89183900;0.89944800;0.90616800;0.91188900;0.91668500;0.92084300;0.92451800;0.92787400;0.93102300;0.93384900;0.93639100;0.93869700;0.94073800;0.94250800;0.94405600;0.94541900;0.94663700;0.94773500;0.94871500;0.94959800;0.95041500;0.95114900;0.95181000;0.95240100;0.95292800;0.95340000;0.95382400;0.95421300;0.95457500;0.95491900;0.95525100;         ;         ;         ;         ;         ;         ;         ;         ;         ;         ;         ;         ;         ;         ;         
% of people living with HIV who are diagnosed;Mean;         ;0.00215135;0.00362900;0.00423583;0.00437833;0.00444538;0.00470743;0.00957911;0.01809050;0.02981910;0.04441420;0.06151620;0.08071620;0.10198700;0.12486300;0.14899300;0.17423700;0.20085000;0.22875200;0.25853100;0.29257100;0.34789900;0.41220000;0.47754400;0.54061700;0.64081900;0.72483800;0.77802800;0.81489900;0.83496300;0.85561100;0.87826700;0.89623800;0.90895700;0.91999000;0.93244500;0.93530300;0.94162700;0.94717300;0.95219800;0.95651400;0.95981000;0.96246500;0.96471100;0.96657100;0.96815200;0.96952800;0.97075100;0.97186500;0.97289400;0.97386100;0.97478300;0.97566400;0.97649600;0.97727400;0.97799900;0.97867400;0.97930100;0.97988500;0.98042600;0.98092800;0.98139400;0.98182800;0.98223200;0.98260900;0.98296000;0.98328900;0.98359600;0.98388300;0.98415100;0.98440200;         ;         ;         ;         ;         ;         ;         ;         ;         ;         ;         ;         ;         ;         ;         
;95% LL;         ;0.00210255;0.00336785;0.00370108;0.00362881;0.00361428;0.00386521;0.00844370;0.01640890;0.02734800;0.04128850;0.05788290;0.07650960;0.09743720;0.12007000;0.14353300;0.16828900;0.19466300;0.22278900;0.25260500;0.28653800;0.34207000;0.40594400;0.47129500;0.53435300;0.63539900;0.72039000;0.77416300;0.81131600;0.83145600;0.85221600;0.87507500;0.89320800;0.90598200;0.91706300;0.92964800;0.93239200;0.93886500;0.94466200;0.94998400;0.95460400;0.95817200;0.96106100;0.96350800;0.96551400;0.96714300;0.96851600;0.96973600;0.97084500;0.97187200;0.97284000;0.97376800;0.97465900;0.97550400;0.97629800;0.97704000;0.97773300;0.97837900;0.97895900;0.97949300;0.97998800;0.98044500;0.98087000;0.98126400;0.98163000;0.98197000;0.98228700;0.98258100;0.98285400;0.98310800;0.98334400;         ;         ;         ;         ;         ;         ;         ;         ;         ;         ;         ;         ;         ;         ;         
;95% UL;         ;0.00218451;0.00385753;0.00474330;0.00510521;0.00527970;0.00553519;0.01047010;0.01926980;0.03163210;0.04702080;0.06487190;0.08474020;0.10664800;0.12980200;0.15411400;0.17937700;0.20591600;0.23370100;0.26324100;0.29758700;0.35315400;0.41712400;0.48232000;0.54549100;0.64503200;0.72824800;0.78111100;0.81775600;0.83760800;0.85804000;0.88050900;0.89830300;0.91088500;0.92198600;0.93445300;0.93739400;0.94360300;0.94896900;0.95378200;0.95797900;0.96108800;0.96354300;0.96567900;0.96744600;0.96897300;0.97032000;0.97150300;0.97261300;0.97364200;0.97460600;0.97553600;0.97642400;0.97726200;0.97804500;0.97877400;0.97945200;0.98008200;0.98066800;0.98121200;0.98171600;0.98218500;0.98262300;0.98303100;0.98341300;0.98377100;0.98410600;0.98442100;0.98471700;0.98499500;0.98525500;         ;         ;         ;         ;         ;         ;         ;         ;         ;         ;         ;         ;         ;         ;         
% of men (15+) living with HIV who are diagnosed;Mean;         ;0.00211989;0.00351118;0.00410315;0.00431604;0.00447925;0.00484559;0.00902272;0.01651050;0.02698280;0.04013190;0.05563790;0.07321110;0.09276170;0.11394500;0.13612600;0.15877600;0.18140900;0.20310000;0.22243400;0.24536900;0.28997100;0.34455200;0.40206000;0.45795400;0.56045900;0.65552200;0.71967600;0.76490900;0.79008000;0.81570800;0.84316300;0.86559900;0.88298700;0.89849400;0.91507100;0.91995800;0.92842300;0.93584000;0.94263000;0.94845400;0.95291300;0.95643900;0.95934100;0.96167900;0.96359700;0.96521100;0.96660200;0.96783400;0.96895000;0.96998100;0.97095300;0.97187500;0.97274400;0.97355400;0.97430700;0.97500400;0.97564900;0.97624300;0.97678900;0.97728800;0.97774500;0.97816200;0.97854100;0.97888500;0.97919600;0.97947600;0.97972600;0.97994700;0.98014000;0.98030700;         ;         ;         ;         ;         ;         ;         ;         ;         ;         ;         ;         ;         ;         ;         
;95% LL;         ;0.00204871;0.00318845;0.00351620;0.00359424;0.00362647;0.00398078;0.00790981;0.01487700;0.02462880;0.03718200;0.05205380;0.06915680;0.08824580;0.10887900;0.13038300;0.15294700;0.17526800;0.19699000;0.21627800;0.23892300;0.28309300;0.33740800;0.39501400;0.45131700;0.55453300;0.65058800;0.71560000;0.76131800;0.78650500;0.81215000;0.83972400;0.86225000;0.87963900;0.89514300;0.91180700;0.91649800;0.92510200;0.93279600;0.93993900;0.94612900;0.95091700;0.95472900;0.95787600;0.96039800;0.96244800;0.96415600;0.96561400;0.96689600;0.96803300;0.96906800;0.97004300;0.97097800;0.97186000;0.97268300;0.97344500;0.97415300;0.97482000;0.97540400;0.97592700;0.97640300;0.97683300;0.97722200;0.97757200;0.97788600;0.97816400;0.97841000;0.97862400;0.97880900;0.97896500;0.97909500;         ;         ;         ;         ;         ;         ;         ;         ;         ;         ;         ;         ;         ;         ;         
;95% UL;         ;0.00218066;0.00381403;0.00468907;0.00510067;0.00535057;0.00570031;0.00988276;0.01767300;0.02880740;0.04268120;0.05895550;0.07719990;0.09719590;0.11866400;0.14115500;0.16397000;0.18662800;0.20820800;0.22746800;0.25042200;0.29520400;0.34996500;0.40745800;0.46300600;0.56488100;0.65928300;0.72281800;0.76768700;0.79287200;0.81843100;0.84577700;0.86813900;0.88552900;0.90109100;0.91756000;0.92254200;0.93088500;0.93809900;0.94465200;0.95019500;0.95435700;0.95771000;0.96046500;0.96270300;0.96455900;0.96613900;0.96751300;0.96873900;0.96985400;0.97088800;0.97186200;0.97278600;0.97365600;0.97446900;0.97522300;0.97592300;0.97657100;0.97717000;0.97772100;0.97822900;0.97869500;0.97912300;0.97951500;0.97987400;0.98020200;0.98050000;0.98077000;0.98101200;0.98122800;0.98142000;         ;         ;         ;         ;         ;         ;         ;         ;         ;         ;         ;         ;         ;         ;         
% of women (15+) living with HIV who are diagnosed;Mean;         ;0.00226970;0.00397895;0.00468149;0.00475879;0.00471104;0.00486557;0.01022540;0.01951450;0.03216200;0.04775360;0.06589500;0.08610670;0.10835800;0.13217000;0.15754200;0.18455200;0.21414200;0.24673600;0.28439300;0.32702600;0.39138800;0.46514300;0.53786300;0.60413800;0.70210100;0.78168300;0.82835800;0.85917800;0.87454600;0.89054000;0.90777800;0.92083700;0.92942500;0.93696000;0.94645400;0.94751900;0.95217900;0.95625800;0.95997900;0.96320800;0.96564500;0.96763500;0.96936700;0.97083300;0.97211000;0.97324800;0.97428200;0.97524200;0.97614200;0.97699800;0.97782100;0.97860900;0.97935300;0.98004600;0.98069000;0.98128800;0.98184400;0.98236000;0.98283800;0.98328100;0.98369400;0.98407900;0.98443900;0.98477700;0.98509600;0.98539600;0.98568000;0.98594900;0.98620400;0.98644600;         ;         ;         ;         ;         ;         ;         ;         ;         ;         ;         ;         ;         ;         ;         
;95% LL;         ;0.00221878;0.00369313;0.00408410;0.00398245;0.00382286;0.00395408;0.00904788;0.01772000;0.02950510;0.04436380;0.06192810;0.08170780;0.10365900;0.12681800;0.15167300;0.17845500;0.20815300;0.24047000;0.27781800;0.32013000;0.38417900;0.45764800;0.53018200;0.59639900;0.69486600;0.77584100;0.82334400;0.85472600;0.87049700;0.88691200;0.90457400;0.91801000;0.92670300;0.93430200;0.94394500;0.94493600;0.94975100;0.95406800;0.95805800;0.96155500;0.96409600;0.96610300;0.96788100;0.96942000;0.97075600;0.97193800;0.97300600;0.97399400;0.97491800;0.97578400;0.97662000;0.97742700;0.97818800;0.97889700;0.97955500;0.98017400;0.98075100;0.98128600;0.98178400;0.98224000;0.98266000;0.98305000;0.98341400;0.98375400;0.98406700;0.98437500;0.98466800;0.98494500;0.98520600;0.98545300;         ;         ;         ;         ;         ;         ;         ;         ;         ;         ;         ;         ;         ;         ;         
;95% UL;         ;0.00230454;0.00417895;0.00517978;0.00553049;0.00559819;0.00575840;0.01121520;0.02072850;0.03414330;0.05041890;0.06925310;0.09021630;0.11319200;0.13735300;0.16283700;0.18986200;0.21947000;0.25205500;0.28967800;0.33231200;0.39728100;0.47117300;0.54394000;0.61034100;0.70745400;0.78604900;0.83202400;0.86227200;0.87730600;0.89311700;0.91012000;0.92289100;0.93140100;0.93890200;0.94828300;0.94941800;0.95400600;0.95796300;0.96158800;0.96464200;0.96694200;0.96882600;0.97046600;0.97189100;0.97312800;0.97424100;0.97523700;0.97616100;0.97705000;0.97789900;0.97871700;0.97949800;0.98022300;0.98091500;0.98154300;0.98213000;0.98268100;0.98319300;0.98366900;0.98411100;0.98451000;0.98488500;0.98524700;0.98558000;0.98589300;0.98619400;0.98648400;0.98675700;0.98701600;0.98726200;         ;         ;         ;         ;         ;         ;         ;         ;         ;         ;         ;         ;         ;         ;         
% of children (<15) living with HIV who are diagnosed;Mean;         ;0.00000659;0.00001033;0.00001003;0.00000977;0.00000970;0.00000988;0.00951968;0.02243500;0.03789840;0.05555660;0.07510920;0.09524330;0.11745700;0.14034800;0.16242800;0.18448400;0.20536300;0.22480500;0.24130800;0.25741400;0.28683700;0.31408200;0.34816700;0.41025200;0.50649300;0.55961100;0.60181200;0.63964600;0.66754900;0.69702000;0.74207000;0.78207800;0.80738000;0.82525300;0.83981900;0.84553300;0.85175700;0.85696600;0.86026300;0.86315700;0.86583800;0.86738400;0.86740100;0.86629700;0.86594200;0.86538700;0.86537900;0.86532300;0.86506900;0.86480400;0.86473400;0.86487500;0.86522100;0.86572800;0.86633600;0.86701000;0.86773900;0.86852400;0.86929900;0.87002700;0.87068600;0.87125300;0.87170800;0.87204000;0.87224400;0.87231700;0.87226000;0.87207200;0.87175400;0.87131100;         ;         ;         ;         ;         ;         ;         ;         ;         ;         ;         ;         ;         ;         ;         
;95% LL;         ;0.00000558;0.00000841;0.00000798;0.00000774;0.00000766;0.00000778;0.00870021;0.02036080;0.03478050;0.05136830;0.07017250;0.08987780;0.11183600;0.13462300;0.15643900;0.17836500;0.19904700;0.21841400;0.23495900;0.25126500;0.28108600;0.30870500;0.34314900;0.40607100;0.50330700;0.55669200;0.59888600;0.63665400;0.66441500;0.69377900;0.73888700;0.77895400;0.80432800;0.82216100;0.83671300;0.84222000;0.84853700;0.85400900;0.85749800;0.86066300;0.86359400;0.86537800;0.86547200;0.86432300;0.86387300;0.86319800;0.86304400;0.86282900;0.86240400;0.86199200;0.86188500;0.86199800;0.86233600;0.86273800;0.86321200;0.86387500;0.86470200;0.86561100;0.86652700;0.86724700;0.86788900;0.86842700;0.86886900;0.86919100;0.86930100;0.86930300;0.86922800;0.86902000;0.86867800;0.86820800;         ;         ;         ;         ;         ;         ;         ;         ;         ;         ;         ;         ;         ;         ;         
;95% UL;         ;0.00000765;0.00001230;0.00001215;0.00001182;0.00001171;0.00001191;0.01019790;0.02383090;0.04004110;0.05856130;0.07880000;0.09955540;0.12242600;0.14587000;0.16827400;0.19038300;0.21128300;0.23058800;0.24681300;0.26272700;0.29180200;0.31868200;0.35260700;0.41363400;0.50910800;0.56212500;0.60425700;0.64213200;0.67016000;0.69975700;0.74480700;0.78480300;0.81010500;0.82800800;0.84258500;0.84839500;0.85456000;0.85958800;0.86264300;0.86530200;0.86781700;0.86921400;0.86914100;0.86786300;0.86755700;0.86706100;0.86723000;0.86722900;0.86706100;0.86685800;0.86695300;0.86720000;0.86754700;0.86807900;0.86870800;0.86932200;0.87009500;0.87095200;0.87176600;0.87246400;0.87305600;0.87359200;0.87402400;0.87433400;0.87454300;0.87467700;0.87467700;0.87454100;0.87420800;0.87375200;         ;         ;         ;         ;         ;         ;         ;         ;         ;         ;         ;         ;         ;         ;         
% of people living with HIV aged 15-24 who are diagnosed;Mean;         ;0.00199895;0.00314312;0.00345322;0.00337271;0.00325226;0.00328721;0.00864273;0.01736410;0.02867010;0.04217090;0.05757520;0.07442230;0.09263570;0.11153000;0.13078100;0.15024700;0.17045900;0.19156400;0.21551800;0.24140500;0.28283900;0.32802800;0.37237200;0.41754200;0.52676800;0.61621700;0.65564500;0.68131500;0.68382200;0.70081500;0.73203800;0.75743800;0.77381100;0.79154500;0.81839300;0.81564800;0.82898200;0.83916800;0.84769600;0.85329300;0.85579500;0.85720300;0.85874000;0.86007300;0.86024800;0.85980400;0.85850900;0.85640600;0.85401500;0.85267600;0.85236900;0.85216100;0.85138900;0.85016400;0.84961700;0.84905900;0.84892400;0.84876200;0.84837900;0.84788500;0.84739400;0.84690300;0.84644200;0.84596200;0.84543600;0.84485100;0.84419800;0.84347600;0.84266000;0.84174900;         ;         ;         ;         ;         ;         ;         ;         ;         ;         ;         ;         ;         ;         ;         
;95% LL;         ;0.00195865;0.00295245;0.00307070;0.00289113;0.00272781;0.00276366;0.00788192;0.01613130;0.02681510;0.03977640;0.05473200;0.07119710;0.08917590;0.10784200;0.12712400;0.14685500;0.16718900;0.18810000;0.21189000;0.23744800;0.27797100;0.32212700;0.36547600;0.40990400;0.51974200;0.61017800;0.64976800;0.67527800;0.67693700;0.69415600;0.72591000;0.75137400;0.76750600;0.78517000;0.81233400;0.80922800;0.82296400;0.83365200;0.84278300;0.84896700;0.85162000;0.85336800;0.85509600;0.85636100;0.85645900;0.85588200;0.85446500;0.85238200;0.84993700;0.84852800;0.84818000;0.84794100;0.84714700;0.84600700;0.84534400;0.84476600;0.84467800;0.84455800;0.84420400;0.84370300;0.84310200;0.84249500;0.84191600;0.84131800;0.84070700;0.83997700;0.83921500;0.83845300;0.83751000;0.83642000;         ;         ;         ;         ;         ;         ;         ;         ;         ;         ;         ;         ;         ;         ;         
;95% UL;         ;0.00202206;0.00327493;0.00376764;0.00382209;0.00375154;0.00377015;0.00924648;0.01822410;0.03011120;0.04423640;0.06009300;0.07744100;0.09581730;0.11492700;0.13421000;0.15344300;0.17348600;0.19471000;0.21914900;0.24530900;0.28772400;0.33417300;0.37964300;0.42547700;0.53408800;0.62289700;0.66202100;0.68763800;0.69039200;0.70746800;0.73833300;0.76338900;0.77960300;0.79717600;0.82377200;0.82145900;0.83438800;0.84397700;0.85203000;0.85721900;0.85942200;0.86064700;0.86208400;0.86344000;0.86365900;0.86330600;0.86209600;0.86004400;0.85765900;0.85628500;0.85592200;0.85564500;0.85480000;0.85350600;0.85289800;0.85229200;0.85213500;0.85198900;0.85166800;0.85129000;0.85094900;0.85061100;0.85028900;0.84993200;0.84951000;0.84901200;0.84843100;0.84777300;0.84702300;0.84618500;         ;         ;         ;         ;         ;         ;         ;         ;         ;         ;         ;         ;         ;         ;         
% of males (15-24) living with HIV who are diagnosed;Mean;         ;0.00190670;0.00292196;0.00315813;0.00310148;0.00301495;0.00303356;0.00654476;0.01266360;0.02059300;0.03006100;0.04086860;0.05261060;0.06505950;0.07777480;0.09017010;0.10197200;0.11289400;0.12223700;0.12868500;0.13615500;0.15573500;0.17859300;0.20430300;0.23676800;0.33738900;0.43495000;0.49224100;0.53489300;0.55667200;0.59263500;0.64342900;0.68900700;0.72572500;0.76064400;0.79843300;0.81080000;0.83040700;0.84575400;0.85768000;0.86518000;0.86907100;0.87128300;0.87307900;0.87442000;0.87423200;0.87325500;0.87119200;0.86811000;0.86476400;0.86298600;0.86236400;0.86161800;0.86013300;0.85823300;0.85758100;0.85696100;0.85700800;0.85698100;0.85669300;0.85629500;0.85591300;0.85549500;0.85504500;0.85453700;0.85391400;0.85313600;0.85219800;0.85110800;0.84982700;0.84835300;         ;         ;         ;         ;         ;         ;         ;         ;         ;         ;         ;         ;         ;         ;         
;95% LL;         ;0.00186370;0.00277882;0.00287656;0.00271827;0.00257169;0.00259807;0.00591849;0.01168610;0.01914340;0.02813360;0.03854100;0.05001760;0.06237140;0.07506490;0.08766520;0.09934840;0.11021700;0.11949800;0.12582600;0.13284800;0.15183300;0.17389000;0.19858800;0.23012600;0.33062100;0.42807000;0.48384200;0.52536900;0.54568500;0.58061800;0.63067400;0.67666100;0.71363600;0.74908300;0.78793000;0.80024100;0.82044800;0.83648600;0.84915100;0.85758200;0.86169000;0.86418600;0.86615400;0.86770500;0.86777100;0.86687800;0.86496300;0.86180700;0.85846100;0.85671100;0.85619200;0.85534800;0.85376800;0.85181500;0.85109600;0.85042200;0.85044300;0.85036500;0.85011300;0.84977600;0.84920000;0.84853900;0.84784600;0.84709600;0.84623100;0.84521100;0.84402600;0.84272900;0.84138800;0.83986300;         ;         ;         ;         ;         ;         ;         ;         ;         ;         ;         ;         ;         ;         ;         
;95% UL;         ;0.00195379;0.00304767;0.00338489;0.00344362;0.00342842;0.00343646;0.00702972;0.01331420;0.02159670;0.03144400;0.04256910;0.05468360;0.06733460;0.08009990;0.09250770;0.10428700;0.11529100;0.12461100;0.13114100;0.13889000;0.15875400;0.18231200;0.20918300;0.24278200;0.34394300;0.44194800;0.49995300;0.54330300;0.56712100;0.60460900;0.65523900;0.70033100;0.73656600;0.77071300;0.80789500;0.82063900;0.83969200;0.85486400;0.86600800;0.87287400;0.87629700;0.87813000;0.87942400;0.88039000;0.87999900;0.87891600;0.87676400;0.87358200;0.87009600;0.86816800;0.86768800;0.86701500;0.86572500;0.86398000;0.86327100;0.86261900;0.86265800;0.86265500;0.86248400;0.86231100;0.86206300;0.86180400;0.86154600;0.86121900;0.86077900;0.86018300;0.85940400;0.85845500;0.85730700;0.85596300;         ;         ;         ;         ;         ;         ;         ;         ;         ;         ;         ;         ;         ;         ;         
% of females (15-24) living with HIV who are diagnosed;Mean;         ;0.00202849;0.00321272;0.00354373;0.00345358;0.00332156;0.00336000;0.00925729;0.01878490;0.03118320;0.04601770;0.06293770;0.08141630;0.10143500;0.12222100;0.14353400;0.16527000;0.18819000;0.21264300;0.24151200;0.27236400;0.31951700;0.37052800;0.41952400;0.46776300;0.57912300;0.66649200;0.70129100;0.72289100;0.72086300;0.73343700;0.75982200;0.77978800;0.79016800;0.80248000;0.82575500;0.81752600;0.82842900;0.83645700;0.84346400;0.84816600;0.85003000;0.85109000;0.85255800;0.85395600;0.85437900;0.85426600;0.85339200;0.85177200;0.84982400;0.84867700;0.84847600;0.84845800;0.84795000;0.84697500;0.84643400;0.84586100;0.84559900;0.84532300;0.84484200;0.84424700;0.84365000;0.84307500;0.84256100;0.84205400;0.84153800;0.84101500;0.84047500;0.83990900;0.83930100;0.83865000;         ;         ;         ;         ;         ;         ;         ;         ;         ;         ;         ;         ;         ;         ;         
;95% LL;         ;0.00198307;0.00297888;0.00311930;0.00294193;0.00276638;0.00281086;0.00838636;0.01731070;0.02894090;0.04313890;0.05956920;0.07771860;0.09746690;0.11803900;0.13935000;0.16095000;0.18382700;0.20840800;0.23714800;0.26757400;0.31370400;0.36376900;0.41158300;0.45925300;0.57170100;0.65962000;0.69470800;0.71646100;0.71404400;0.72639200;0.75313600;0.77336100;0.78377300;0.79616100;0.81986400;0.81106100;0.82210800;0.83068300;0.83807300;0.84309100;0.84493600;0.84594800;0.84744200;0.84884800;0.84922900;0.84906700;0.84814700;0.84649700;0.84445500;0.84323800;0.84304100;0.84300400;0.84236100;0.84141900;0.84087400;0.84029200;0.83999600;0.83959900;0.83910500;0.83863500;0.83814200;0.83766300;0.83724900;0.83684100;0.83642400;0.83590200;0.83529800;0.83466600;0.83399800;0.83331500;         ;         ;         ;         ;         ;         ;         ;         ;         ;         ;         ;         ;         ;         ;         
;95% UL;         ;0.00206217;0.00336988;0.00389014;0.00394400;0.00387123;0.00388057;0.00992298;0.01979950;0.03281730;0.04824540;0.06569860;0.08495320;0.10520600;0.12610900;0.14747000;0.16908200;0.19194800;0.21599300;0.24497800;0.27629400;0.32452600;0.37650200;0.42640200;0.47511300;0.58565300;0.67196800;0.70644200;0.72779200;0.72601600;0.73861500;0.76455200;0.78417800;0.79473700;0.80716700;0.83022800;0.82253800;0.83323100;0.84131500;0.84778600;0.85228200;0.85424000;0.85525000;0.85664700;0.85796500;0.85832100;0.85814900;0.85723000;0.85559600;0.85367400;0.85253200;0.85232200;0.85228200;0.85173100;0.85069500;0.85012300;0.84957700;0.84937500;0.84918500;0.84872400;0.84815100;0.84757700;0.84701900;0.84652300;0.84603400;0.84548900;0.84491900;0.84433800;0.84379800;0.84327100;0.84267800;         ;         ;         ;         ;         ;         ;         ;         ;         ;         ;         ;         ;         ;         ;         
% of FSWs living with HIV who are diagnosed;Mean;         ;0.00133559;0.00194133;0.00222948;0.00238155;0.00253823;0.00284060;0.00775083;0.01610450;0.02723720;0.04039300;0.05500400;0.07077210;0.08842970;0.10766600;0.12877600;0.15200200;0.17835600;0.20850000;0.24533000;0.28659000;0.34762400;0.41733700;0.48717300;0.55349400;0.66031500;0.74858900;0.79758400;0.82990400;0.84417500;0.86088100;0.88070500;0.89789400;0.90939900;0.91866100;0.93060700;0.92859300;0.93177200;0.93534800;0.93859300;0.94114200;0.94234400;0.94280600;0.94284900;0.94245500;0.94183300;0.94107800;0.94024500;0.93937000;0.93846600;0.93755000;0.93664200;0.93575400;0.93488100;0.93401300;0.93314800;0.93228500;0.93142200;0.93055900;0.92969200;0.92882100;0.92794300;0.92706200;0.92617900;0.92529700;0.92441700;0.92354200;0.92267500;0.92181800;0.92097100;0.92013500;         ;         ;         ;         ;         ;         ;         ;         ;         ;         ;         ;         ;         ;         ;         
;95% LL;         ;0.00113336;0.00162775;0.00186972;0.00200416;0.00211078;0.00238022;0.00687078;0.01441780;0.02471660;0.03669070;0.04984280;0.06342720;0.07780120;0.09302620;0.10941200;0.12721400;0.14734800;0.17048600;0.19970800;0.23283100;0.28565500;0.34676600;0.40849500;0.46843200;0.58012900;0.67543300;0.72740300;0.76278600;0.77680000;0.79668400;0.82278800;0.84630600;0.86186600;0.87455200;0.89172700;0.88790700;0.89239800;0.89774200;0.90265700;0.90658500;0.90849100;0.90929600;0.90948300;0.90899700;0.90816800;0.90715100;0.90603100;0.90486400;0.90366800;0.90247000;0.90130000;0.90017600;0.89909400;0.89804700;0.89703400;0.89605700;0.89512000;0.89422100;0.89335900;0.89253200;0.89173800;0.89097700;0.89024900;0.88955300;0.88888600;0.88824700;0.88763300;0.88704100;0.88646600;0.88590300;         ;         ;         ;         ;         ;         ;         ;         ;         ;         ;         ;         ;         ;         ;         
;95% UL;         ;0.00151692;0.00225934;0.00264609;0.00288775;0.00303691;0.00328613;0.00843055;0.01783350;0.03021090;0.04514140;0.06215650;0.08100080;0.10239200;0.12563700;0.15169600;0.18038400;0.21225900;0.24829300;0.29103000;0.33826200;0.40473400;0.47935200;0.55302100;0.62140000;0.72166000;0.80196700;0.84633700;0.87477200;0.88817000;0.90209100;0.91745400;0.93024900;0.93879500;0.94559000;0.95406300;0.95299900;0.95542300;0.95804100;0.96040200;0.96214400;0.96296400;0.96338600;0.96343800;0.96315000;0.96270000;0.96215400;0.96155000;0.96094200;0.96035100;0.95974600;0.95913900;0.95853600;0.95793000;0.95731400;0.95668200;0.95603200;0.95536200;0.95466900;0.95395200;0.95321000;0.95244100;0.95164800;0.95083400;0.95000100;0.94915400;0.94829600;0.94743200;0.94656500;0.94570000;0.94483800;         ;         ;         ;         ;         ;         ;         ;         ;         ;         ;         ;         ;         ;         ;         
% of MSM living with HIV who are diagnosed;Mean;0.00002193;0.00199184;0.00357366;0.00468038;0.00534047;0.00563993;0.00573450;0.00933040;0.01548720;0.02364380;0.03399370;0.04687590;0.06231530;0.08021240;0.10005700;0.12102300;0.14243500;0.16369400;0.18380500;0.20130400;0.22145600;0.26015100;0.30669500;0.35607000;0.40604800;0.50967100;0.60713200;0.66964200;0.71235400;0.73241800;0.75519000;0.78298900;0.80656400;0.82687300;0.84800000;0.87129700;0.87580900;0.88549400;0.89359900;0.90117900;0.90742100;0.91171500;0.91479400;0.91717300;0.91901300;0.92049600;0.92174100;0.92283400;0.92386600;0.92490400;0.92599900;0.92717700;0.92842500;0.92969900;0.93095800;0.93216800;0.93330900;0.93436800;0.93533700;0.93621300;0.93699700;0.93769400;0.93830800;0.93884600;0.93931200;0.93971100;0.94004900;0.94032800;0.94055600;0.94073800;0.94088200;         ;         ;         ;         ;         ;         ;         ;         ;         ;         ;         ;         ;         ;         ;         
;95% LL;0.00001374;0.00192407;0.00334925;0.00433445;0.00492934;0.00509071;0.00521214;0.00849060;0.01405980;0.02145420;0.03074940;0.04183300;0.05639030;0.07315750;0.09224790;0.11285100;0.13410700;0.15533200;0.17568200;0.19363600;0.21428900;0.25325900;0.30002600;0.34939000;0.39971600;0.50425400;0.60294100;0.66632000;0.70968800;0.72991500;0.75262300;0.78028400;0.80381300;0.82381500;0.84487400;0.86816600;0.87243800;0.88212700;0.89043100;0.89829700;0.90488800;0.90950400;0.91288500;0.91541700;0.91737200;0.91899400;0.92015900;0.92123700;0.92227400;0.92330300;0.92435900;0.92546000;0.92663700;0.92784400;0.92903600;0.93017700;0.93124500;0.93222700;0.93311500;0.93390500;0.93459800;0.93520100;0.93571900;0.93615800;0.93652400;0.93682200;0.93705800;0.93723600;0.93736200;0.93744400;0.93748900;         ;         ;         ;         ;         ;         ;         ;         ;         ;         ;         ;         ;         ;         ;         
;95% UL;0.00004247;0.00204671;0.00376550;0.00501251;0.00577652;0.00612742;0.00621887;0.00994814;0.01641910;0.02527130;0.03700390;0.05173420;0.06906340;0.08874280;0.10981900;0.13152600;0.15320300;0.17435200;0.19404500;0.21090500;0.23039700;0.26869700;0.31489500;0.36377700;0.41308300;0.51520400;0.61124000;0.67301400;0.71518100;0.73462400;0.75730100;0.78540700;0.80918300;0.82933100;0.85043000;0.87379500;0.87850900;0.88813400;0.89622800;0.90363400;0.90969100;0.91383300;0.91676000;0.91899200;0.92072000;0.92211800;0.92330100;0.92435300;0.92536100;0.92639100;0.92749100;0.92868300;0.92995300;0.93125400;0.93254400;0.93381000;0.93501000;0.93613100;0.93717100;0.93814800;0.93903400;0.93982200;0.94050700;0.94111900;0.94166100;0.94213800;0.94255500;0.94291900;0.94324000;0.94351500;0.94374900;         ;         ;         ;         ;         ;         ;         ;         ;         ;         ;         ;         ;         ;         ;         
% of HIV-diagnosed individuals who are on ART;Mean;         ;         ;         ;         ;         ;         ;         ;         ;         ;         ;         ;         ;         ;         ;         ;         ;0.01269870;0.02161080;0.02892060;0.03554310;0.07733780;0.12427000;0.17418300;0.22465900;0.27197000;0.31042600;0.36237700;0.45323800;0.50407400;0.53928800;0.57198900;0.60746400;0.65322400;0.68545300;0.70633000;0.72733900;0.75548500;0.77631500;0.79518900;0.81092400;0.82460100;0.83623200;0.84612500;0.85461100;0.85818100;0.86079500;0.86287200;0.86462500;0.86617100;0.86757800;0.86888500;0.87011800;0.87129100;0.87241100;0.87347900;0.87449500;0.87545500;0.87636000;0.87721000;0.87800800;0.87875200;0.87944900;0.88010300;0.88071700;0.88129600;0.88184100;0.88235500;0.88284200;0.88330400;0.88374300;0.88416000;         ;         ;         ;         ;         ;         ;         ;         ;         ;         ;         ;         ;         ;         ;         
;95% LL;         ;         ;         ;         ;         ;         ;         ;         ;         ;         ;         ;         ;         ;         ;         ;         ;0.01169530;0.02009830;0.02717320;0.03374200;0.07407870;0.11965700;0.16864700;0.21826200;0.26513500;0.30322000;0.35356800;0.44184500;0.49159000;0.52524000;0.55742000;0.59218400;0.63625300;0.66721300;0.68653700;0.70537400;0.73531200;0.75964600;0.78215800;0.80127100;0.81777300;0.83140600;0.84301700;0.85289200;0.85697700;0.85988500;0.86202800;0.86386200;0.86545100;0.86686600;0.86816900;0.86939500;0.87056200;0.87167600;0.87273800;0.87374400;0.87467700;0.87558000;0.87643100;0.87722900;0.87797600;0.87867900;0.87934700;0.87997500;0.88056400;0.88111700;0.88163800;0.88212900;0.88259200;0.88303000;0.88344500;         ;         ;         ;         ;         ;         ;         ;         ;         ;         ;         ;         ;         ;         ;         
;95% UL;         ;         ;         ;         ;         ;         ;         ;         ;         ;         ;         ;         ;         ;         ;         ;         ;0.01384670;0.02329460;0.03089320;0.03764120;0.08124400;0.12937200;0.18003400;0.23157000;0.27881900;0.31682000;0.36975300;0.46255400;0.51485800;0.55152000;0.58515800;0.62158300;0.66857200;0.70214700;0.72439900;0.74710600;0.77366100;0.79145000;0.80714200;0.82000900;0.83121100;0.84079400;0.84901900;0.85615600;0.85929800;0.86167700;0.86362300;0.86530700;0.86682000;0.86821500;0.86952400;0.87076400;0.87194800;0.87308100;0.87416000;0.87518600;0.87615500;0.87706700;0.87792300;0.87872400;0.87947200;0.88017100;0.88082600;0.88144200;0.88202300;0.88257000;0.88308700;0.88357800;0.88404400;0.88448800;0.88491100;         ;         ;         ;         ;         ;         ;         ;         ;         ;         ;         ;         ;         ;         ;         
% of HIV-diagnosed men (15+) who are on ART;Mean;         ;         ;         ;         ;         ;         ;         ;         ;         ;         ;         ;         ;         ;         ;         ;         ;0.01061100;0.01814390;0.02451580;0.03057570;0.06696760;0.10878500;0.15505700;0.20272200;0.24709200;0.27870400;0.32287200;0.40650700;0.45496400;0.48666100;0.51339200;0.54530100;0.58854800;0.61929000;0.63937900;0.66200200;0.69091800;0.71222300;0.73378700;0.75131200;0.76703000;0.78032900;0.79159400;0.80119200;0.80555600;0.80873200;0.81118400;0.81317700;0.81485900;0.81632600;0.81764100;0.81884400;0.81996200;0.82100800;0.82198800;0.82290600;0.82375900;0.82454900;0.82527500;0.82594000;0.82654200;0.82708800;0.82758400;0.82803500;0.82844400;0.82881100;0.82914200;0.82943800;0.82970400;0.82994000;0.83015000;         ;         ;         ;         ;         ;         ;         ;         ;         ;         ;         ;         ;         ;         ;         
;95% LL;         ;         ;         ;         ;         ;         ;         ;         ;         ;         ;         ;         ;         ;         ;         ;         ;0.00955197;0.01650790;0.02252270;0.02836700;0.06270120;0.10246900;0.14687700;0.19225600;0.23529800;0.26631600;0.30975300;0.39096200;0.43785500;0.46820800;0.49416800;0.52497000;0.56689000;0.59628000;0.61522900;0.63692400;0.66806800;0.69310500;0.71873100;0.73976100;0.75849500;0.77429700;0.78761900;0.79886800;0.80386900;0.80745000;0.81019300;0.81235800;0.81409900;0.81565000;0.81699900;0.81820200;0.81932000;0.82036300;0.82133600;0.82224600;0.82311900;0.82392700;0.82465000;0.82531600;0.82590500;0.82642700;0.82690000;0.82732700;0.82771200;0.82805600;0.82836300;0.82863600;0.82887800;0.82909000;0.82927500;         ;         ;         ;         ;         ;         ;         ;         ;         ;         ;         ;         ;         ;         ;         
;95% UL;         ;         ;         ;         ;         ;         ;         ;         ;         ;         ;         ;         ;         ;         ;         ;         ;0.01202640;0.02032660;0.02711540;0.03353000;0.07268740;0.11732100;0.16585200;0.21521800;0.26149600;0.29332800;0.33658600;0.42397300;0.47283500;0.50504000;0.53301300;0.56606200;0.61069200;0.64262000;0.66360800;0.68735300;0.71406500;0.73184900;0.74951900;0.76347200;0.77599500;0.78657100;0.79554900;0.80324500;0.80696900;0.80978200;0.81202400;0.81389800;0.81551800;0.81695600;0.81826200;0.81946800;0.82059300;0.82164800;0.82263600;0.82356200;0.82442100;0.82521400;0.82594400;0.82661000;0.82721400;0.82776100;0.82825900;0.82871300;0.82912500;0.82949800;0.82983600;0.83014100;0.83041700;0.83066500;0.83088800;         ;         ;         ;         ;         ;         ;         ;         ;         ;         ;         ;         ;         ;         ;         
% of HIV-diagnosed women (15+) who are on ART;Mean;         ;         ;         ;         ;         ;         ;         ;         ;         ;         ;         ;         ;         ;         ;         ;         ;0.01329870;0.02259840;0.03011920;0.03658840;0.07766460;0.12322900;0.17243600;0.22267900;0.26962800;0.30966300;0.36213500;0.46195900;0.51706000;0.55612800;0.59421300;0.63417600;0.68484400;0.71998100;0.74237100;0.76322700;0.79220900;0.81349100;0.83134600;0.84603800;0.85826700;0.86849400;0.87703800;0.88428400;0.88686500;0.88870300;0.89015200;0.89138800;0.89249700;0.89352600;0.89449900;0.89543000;0.89632500;0.89718100;0.89799500;0.89876300;0.89948000;0.90014700;0.90076200;0.90132700;0.90184300;0.90231400;0.90274400;0.90313700;0.90349600;0.90382500;0.90412600;0.90440300;0.90465800;0.90489400;0.90511200;         ;         ;         ;         ;         ;         ;         ;         ;         ;         ;         ;         ;         ;         ;         
;95% LL;         ;         ;         ;         ;         ;         ;         ;         ;         ;         ;         ;         ;         ;         ;         ;         ;0.01235840;0.02117040;0.02841710;0.03482210;0.07445420;0.11890900;0.16733900;0.21637100;0.26233600;0.30108500;0.35227900;0.44939000;0.50252200;0.53986100;0.57702200;0.61582300;0.66480700;0.69818000;0.71865800;0.73775500;0.76911400;0.79494300;0.81715500;0.83559600;0.85099200;0.86382400;0.87425800;0.88289000;0.88576000;0.88769500;0.88919600;0.89042600;0.89158100;0.89265300;0.89365400;0.89456600;0.89546700;0.89634100;0.89717300;0.89795800;0.89869100;0.89938000;0.90003400;0.90063400;0.90118200;0.90168200;0.90213800;0.90255200;0.90292000;0.90325600;0.90356400;0.90384700;0.90410800;0.90434900;0.90457000;         ;         ;         ;         ;         ;         ;         ;         ;         ;         ;         ;         ;         ;         ;         
;95% UL;         ;         ;         ;         ;         ;         ;         ;         ;         ;         ;         ;         ;         ;         ;         ;         ;0.01445000;0.02420260;0.03196840;0.03843150;0.08080850;0.12752700;0.17759100;0.22873000;0.27658800;0.31720400;0.37085500;0.47274900;0.52972500;0.57143100;0.61081100;0.65146700;0.70233900;0.73898100;0.76313200;0.78612400;0.81293500;0.83024000;0.84413200;0.85539300;0.86482300;0.87282800;0.87962100;0.88555100;0.88780000;0.88949200;0.89088100;0.89208000;0.89317600;0.89419600;0.89515400;0.89605900;0.89694000;0.89778200;0.89857900;0.89933100;0.90003700;0.90068600;0.90128500;0.90183600;0.90233900;0.90279700;0.90321500;0.90360000;0.90395200;0.90427300;0.90456900;0.90484300;0.90509600;0.90532300;0.90553700;         ;         ;         ;         ;         ;         ;         ;         ;         ;         ;         ;         ;         ;         ;         
% of HIV-diagnosed children (<15) who are on ART;Mean;         ;         ;         ;         ;         ;         ;         ;         ;         ;         ;         ;         ;         ;         ;         ;         ;0.01999250;0.03283080;0.04246730;0.05255780;0.13209400;0.22576500;0.31255800;0.38911900;0.45513900;0.51684600;0.63290600;0.66366300;0.68128700;0.69392100;0.69925600;0.69831700;0.68798900;0.68444600;0.68379200;0.68724800;0.67601400;0.66243600;0.64835100;0.64151500;0.64336300;0.65195100;0.66504500;0.68005700;0.68814400;0.69413900;0.69836400;0.70199200;0.70478200;0.70673800;0.70799100;0.70876400;0.70922200;0.70954200;0.70981700;0.71008700;0.71037800;0.71071400;0.71110900;0.71152100;0.71192600;0.71231100;0.71265900;0.71295900;0.71319800;0.71337000;0.71347100;0.71349800;0.71344700;0.71331800;0.71311200;         ;         ;         ;         ;         ;         ;         ;         ;         ;         ;         ;         ;         ;         ;         
;95% LL;         ;         ;         ;         ;         ;         ;         ;         ;         ;         ;         ;         ;         ;         ;         ;         ;0.01861000;0.03092310;0.04033200;0.05014890;0.12627700;0.21733100;0.30237300;0.37836400;0.44449000;0.50805900;0.62527200;0.65735700;0.67625400;0.68842000;0.69398300;0.69324000;0.68256100;0.67805700;0.67625800;0.67858300;0.66797700;0.65540100;0.64222600;0.63646700;0.63905100;0.64848300;0.66253000;0.67816700;0.68655100;0.69268700;0.69695000;0.70052400;0.70326600;0.70512000;0.70624700;0.70689100;0.70730400;0.70754900;0.70775500;0.70794600;0.70824300;0.70860800;0.70905100;0.70952500;0.70995000;0.71037300;0.71074700;0.71101600;0.71123000;0.71137900;0.71146100;0.71147100;0.71141600;0.71126500;0.71104600;         ;         ;         ;         ;         ;         ;         ;         ;         ;         ;         ;         ;         ;         ;         
;95% UL;         ;         ;         ;         ;         ;         ;         ;         ;         ;         ;         ;         ;         ;         ;         ;         ;0.02158010;0.03508090;0.04494530;0.05519470;0.13834200;0.23485600;0.32330300;0.40032600;0.46536700;0.52549700;0.64086500;0.66980000;0.68615600;0.69882800;0.70390600;0.70271900;0.69267300;0.68988200;0.69013500;0.69466000;0.68286000;0.66839500;0.65373100;0.64620600;0.64726600;0.65500500;0.66724300;0.68171400;0.68952500;0.69541100;0.69955300;0.70314100;0.70593100;0.70794600;0.70928800;0.71014500;0.71065300;0.71099300;0.71133800;0.71165200;0.71192900;0.71228200;0.71273100;0.71319300;0.71358100;0.71397300;0.71429900;0.71457300;0.71478500;0.71496400;0.71506900;0.71512000;0.71506500;0.71492700;0.71471600;         ;         ;         ;         ;         ;         ;         ;         ;         ;         ;         ;         ;         ;         ;         
% of people living with HIV who are on ART with VL <400;Mean;         ;         ;         ;         ;         ;         ;         ;         ;         ;         ;         ;         ;         ;         ;         ;         ;0.00181574;0.00357044;0.00545388;0.00758969;0.01866940;0.03561130;0.05924980;0.08845020;0.11703000;0.14698000;0.18800700;0.25887300;0.31048400;0.35862700;0.39186100;0.43364000;0.49439100;0.52885900;0.55652600;0.58791800;0.61897200;0.64668200;0.67254300;0.69332600;0.70952400;0.72325500;0.73495900;0.74515100;0.75076700;0.75529500;0.75916000;0.76258300;0.76570400;0.76860600;0.77133900;0.77394000;0.77642400;0.77879200;0.78104500;0.78318400;0.78521100;0.78712900;0.78894200;0.79065400;0.79227100;0.79379900;0.79524600;0.79662000;0.79792500;0.79916800;0.80035200;0.80148200;0.80256200;0.80359400;0.80458100;         ;         ;         ;         ;         ;         ;         ;         ;         ;         ;         ;         ;         ;         ;         
;95% LL;         ;         ;         ;         ;         ;         ;         ;         ;         ;         ;         ;         ;         ;         ;         ;         ;0.00171593;0.00340117;0.00522626;0.00731811;0.01811440;0.03469550;0.05777980;0.08621600;0.11398200;0.14307300;0.18293200;0.25205800;0.30230200;0.34856700;0.38079900;0.42133700;0.48046200;0.51329100;0.53912700;0.56833500;0.60041800;0.63096300;0.65987800;0.68358100;0.70231500;0.71792800;0.73127300;0.74262000;0.74873300;0.75352300;0.75758000;0.76111100;0.76428900;0.76724000;0.76999900;0.77262600;0.77511800;0.77747500;0.77971600;0.78184300;0.78386200;0.78578200;0.78758600;0.78928700;0.79090600;0.79244500;0.79389900;0.79526800;0.79656800;0.79780300;0.79897800;0.80009800;0.80116500;0.80218400;0.80315600;         ;         ;         ;         ;         ;         ;         ;         ;         ;         ;         ;         ;         ;         ;         
;95% UL;         ;         ;         ;         ;         ;         ;         ;         ;         ;         ;         ;         ;         ;         ;         ;         ;0.00192409;0.00375426;0.00569087;0.00787120;0.01926280;0.03657060;0.06061260;0.09040700;0.11968400;0.15038100;0.19245500;0.26504000;0.31804600;0.36780200;0.40203100;0.44494100;0.50733500;0.54317900;0.57228100;0.60545800;0.63560100;0.66101100;0.68428000;0.70261300;0.71660800;0.72847300;0.73862900;0.74755300;0.75272200;0.75699500;0.76071400;0.76405700;0.76713700;0.77002100;0.77275100;0.77535400;0.77784500;0.78022100;0.78248100;0.78462700;0.78665800;0.78857900;0.79039500;0.79210900;0.79372700;0.79525700;0.79670600;0.79808200;0.79939200;0.80063900;0.80183000;0.80296800;0.80405700;0.80510000;0.80609900;         ;         ;         ;         ;         ;         ;         ;         ;         ;         ;         ;         ;         ;         ;         
% of men (15+) living with HIV who are on ART with VL <400;Mean;         ;         ;         ;         ;         ;         ;         ;         ;         ;         ;         ;         ;         ;         ;         ;         ;0.00138432;0.00270955;0.00410538;0.00561566;0.01355340;0.02586980;0.04372800;0.06648130;0.08894640;0.11325000;0.14804200;0.21036500;0.25790800;0.30155200;0.33026300;0.36774700;0.42450100;0.45790700;0.48529500;0.51820100;0.54949400;0.57742400;0.60545300;0.62785400;0.64589800;0.66115500;0.67413500;0.68530900;0.69162800;0.69661900;0.70074900;0.70430100;0.70744600;0.71029600;0.71292700;0.71539100;0.71771500;0.71991200;0.72198500;0.72393800;0.72577200;0.72749200;0.72910000;0.73060000;0.73199600;0.73329400;0.73450300;0.73563000;0.73668000;0.73765600;0.73856300;0.73940500;0.74018400;0.74090200;0.74156200;         ;         ;         ;         ;         ;         ;         ;         ;         ;         ;         ;         ;         ;         ;         
;95% LL;         ;         ;         ;         ;         ;         ;         ;         ;         ;         ;         ;         ;         ;         ;         ;         ;0.00128654;0.00253715;0.00386640;0.00530047;0.01281300;0.02459030;0.04167710;0.06349880;0.08516900;0.10858300;0.14198700;0.20182300;0.24759800;0.28922000;0.31666100;0.35285800;0.40728500;0.43913400;0.46567300;0.49727400;0.52993200;0.56044000;0.59135200;0.61641100;0.63701100;0.65450600;0.66939600;0.68217100;0.68918400;0.69461600;0.69894100;0.70269900;0.70595600;0.70883500;0.71140400;0.71388500;0.71626100;0.71850500;0.72061200;0.72259400;0.72444800;0.72616300;0.72776600;0.72929900;0.73069700;0.73199100;0.73317100;0.73426600;0.73528100;0.73622000;0.73708800;0.73788800;0.73862400;0.73929800;0.73991100;         ;         ;         ;         ;         ;         ;         ;         ;         ;         ;         ;         ;         ;         ;         
;95% UL;         ;         ;         ;         ;         ;         ;         ;         ;         ;         ;         ;         ;         ;         ;         ;         ;0.00151871;0.00294215;0.00442271;0.00600237;0.01442930;0.02753220;0.04613330;0.06959980;0.09302030;0.11850600;0.15452200;0.21903100;0.26859100;0.31428600;0.34423200;0.38308700;0.44182800;0.47650300;0.50498800;0.53951000;0.56979000;0.59525300;0.62028800;0.63977200;0.65508600;0.66795300;0.67888700;0.68833300;0.69401800;0.69863400;0.70253900;0.70595800;0.70902700;0.71183500;0.71444600;0.71690100;0.71922100;0.72141600;0.72348700;0.72543900;0.72727100;0.72898900;0.73059500;0.73209400;0.73349000;0.73479000;0.73600300;0.73713700;0.73819600;0.73918300;0.74010500;0.74096300;0.74176100;0.74250100;0.74318400;         ;         ;         ;         ;         ;         ;         ;         ;         ;         ;         ;         ;         ;         ;         
% of women (15+) living with HIV who are on ART with VL <400;Mean;         ;         ;         ;         ;         ;         ;         ;         ;         ;         ;         ;         ;         ;         ;         ;         ;0.00203522;0.00402274;0.00619113;0.00868614;0.02120420;0.04010900;0.06669340;0.09944120;0.13095500;0.16278100;0.20590500;0.28623000;0.34196600;0.39417600;0.43161300;0.47589700;0.54049500;0.57630400;0.60386000;0.63413400;0.66516900;0.69251700;0.71676100;0.73586500;0.75012700;0.76208600;0.77223400;0.78103300;0.78548500;0.78909400;0.79221000;0.79501600;0.79761500;0.80006000;0.80238800;0.80462000;0.80675900;0.80879700;0.81072900;0.81255400;0.81427200;0.81588500;0.81739800;0.81881400;0.82013900;0.82138000;0.82254400;0.82363800;0.82467000;0.82564500;0.82656900;0.82744600;0.82827900;0.82907400;0.82983200;         ;         ;         ;         ;         ;         ;         ;         ;         ;         ;         ;         ;         ;         ;         
;95% LL;         ;         ;         ;         ;         ;         ;         ;         ;         ;         ;         ;         ;         ;         ;         ;         ;0.00193544;0.00385226;0.00594959;0.00837583;0.02046860;0.03883680;0.06464530;0.09645590;0.12709500;0.15818800;0.19985300;0.27804600;0.33199500;0.38181600;0.41812200;0.46098700;0.52342800;0.55758300;0.58324100;0.61132300;0.64395500;0.67462800;0.70266700;0.72520800;0.74238000;0.75670100;0.76858200;0.77857100;0.78333400;0.78704200;0.79017700;0.79297100;0.79556800;0.79805000;0.80041400;0.80267600;0.80484200;0.80690700;0.80886500;0.81068500;0.81243700;0.81408700;0.81563500;0.81710000;0.81847200;0.81975700;0.82096300;0.82209700;0.82316500;0.82417400;0.82512800;0.82603300;0.82689200;0.82771000;0.82848800;         ;         ;         ;         ;         ;         ;         ;         ;         ;         ;         ;         ;         ;         ;         
;95% UL;         ;         ;         ;         ;         ;         ;         ;         ;         ;         ;         ;         ;         ;         ;         ;         ;0.00214261;0.00420967;0.00645368;0.00902388;0.02193120;0.04130760;0.06855080;0.10197900;0.13424900;0.16689600;0.21118500;0.29371100;0.35162600;0.40619600;0.44437700;0.48986300;0.55516200;0.59264700;0.62201700;0.65449200;0.68407800;0.70826100;0.72923400;0.74539500;0.75711400;0.76698100;0.77545200;0.78318000;0.78724200;0.79067500;0.79373800;0.79650200;0.79908300;0.80150800;0.80381300;0.80601000;0.80811700;0.81012100;0.81203300;0.81385000;0.81554600;0.81714000;0.81860700;0.81997700;0.82126800;0.82248800;0.82364100;0.82473900;0.82577500;0.82675300;0.82767900;0.82855800;0.82939500;0.83019200;0.83095300;         ;         ;         ;         ;         ;         ;         ;         ;         ;         ;         ;         ;         ;         ;         
% of children (<15) living with HIV who are on ART with VL <400;Mean;         ;         ;         ;         ;         ;         ;         ;         ;         ;         ;         ;         ;         ;         ;         ;         ;0.00260825;0.00476847;0.00675262;0.00897116;0.02405320;0.04739060;0.07398340;0.10326900;0.13327000;0.16992800;0.21928000;0.23940000;0.26678700;0.29233000;0.29638800;0.32679700;0.35235900;0.35780900;0.37041600;0.38403300;0.38547200;0.38561300;0.38477100;0.38721600;0.39473000;0.40644200;0.41534400;0.42472800;0.42923100;0.43279300;0.43514800;0.43740500;0.43911500;0.44020500;0.44085000;0.44129500;0.44165300;0.44203000;0.44246000;0.44293900;0.44346500;0.44404800;0.44469700;0.44535100;0.44597900;0.44655700;0.44706700;0.44748800;0.44780900;0.44802200;0.44812300;0.44811000;0.44798200;0.44773700;0.44738100;         ;         ;         ;         ;         ;         ;         ;         ;         ;         ;         ;         ;         ;         ;         
;95% LL;         ;         ;         ;         ;         ;         ;         ;         ;         ;         ;         ;         ;         ;         ;         ;         ;0.00249635;0.00459553;0.00653974;0.00872168;0.02334930;0.04620260;0.07235600;0.10131200;0.13113600;0.16763000;0.21675400;0.23689600;0.26429600;0.28948400;0.29355800;0.32385800;0.34899800;0.35395200;0.36580600;0.37858500;0.38019200;0.38072200;0.38012300;0.38299100;0.39106500;0.40337400;0.41284000;0.42268400;0.42730600;0.43086400;0.43316800;0.43532600;0.43690700;0.43784300;0.43831700;0.43871500;0.43902100;0.43929500;0.43965000;0.44005700;0.44053300;0.44118200;0.44192200;0.44268500;0.44340900;0.44396900;0.44443800;0.44482500;0.44512700;0.44530600;0.44538700;0.44535600;0.44516400;0.44483400;0.44441300;         ;         ;         ;         ;         ;         ;         ;         ;         ;         ;         ;         ;         ;         ;         
;95% UL;         ;         ;         ;         ;         ;         ;         ;         ;         ;         ;         ;         ;         ;         ;         ;         ;0.00272617;0.00494688;0.00696279;0.00921058;0.02471650;0.04850690;0.07556000;0.10528100;0.13552200;0.17226700;0.22183500;0.24182500;0.26897600;0.29477900;0.29870500;0.32916700;0.35504100;0.36097300;0.37428800;0.38881600;0.39030800;0.39014900;0.38895200;0.39096400;0.39795800;0.40908300;0.41752100;0.42658100;0.43090900;0.43437900;0.43665600;0.43898300;0.44080500;0.44197300;0.44271700;0.44332100;0.44375800;0.44412300;0.44461100;0.44513000;0.44561700;0.44623500;0.44696700;0.44765300;0.44826700;0.44883000;0.44932200;0.44972600;0.45003000;0.45022600;0.45031200;0.45028500;0.45019800;0.44999700;0.44967900;         ;         ;         ;         ;         ;         ;         ;         ;         ;         ;         ;         ;         ;         ;         
% of people living with HIV  who are on ART with VL <1000;Mean;         ;         ;         ;         ;         ;         ;         ;         ;         ;         ;         ;         ;         ;         ;         ;         ;0.00189115;0.00371731;0.00567640;0.00789651;0.01941870;0.03706380;0.06167870;0.09213220;0.12281100;0.15673800;0.20187600;0.27662800;0.32977900;0.37658700;0.41104900;0.45351200;0.51280000;0.54802200;0.57565900;0.60659000;0.63726600;0.66443600;0.68966000;0.71016900;0.72652400;0.74034400;0.75209300;0.76229700;0.76782400;0.77224100;0.77598700;0.77928700;0.78228500;0.78506500;0.78768000;0.79016600;0.79254000;0.79480200;0.79695200;0.79899100;0.80092100;0.80274400;0.80446500;0.80608800;0.80761700;0.80905900;0.81042300;0.81171400;0.81293900;0.81410200;0.81520900;0.81626300;0.81726800;0.81822700;0.81914200;         ;         ;         ;         ;         ;         ;         ;         ;         ;         ;         ;         ;         ;         ;         
;95% LL;         ;         ;         ;         ;         ;         ;         ;         ;         ;         ;         ;         ;         ;         ;         ;         ;0.00178690;0.00354077;0.00543874;0.00761303;0.01883850;0.03610840;0.06014870;0.08981840;0.11961800;0.15256300;0.19642100;0.26936300;0.32118000;0.36611200;0.39943500;0.44066700;0.49841000;0.53186300;0.55764200;0.58637200;0.61825600;0.64839200;0.67674200;0.70025500;0.71908600;0.73489700;0.74841900;0.75974000;0.76571700;0.77048000;0.77438400;0.77783900;0.78090300;0.78372100;0.78636700;0.78886400;0.79123700;0.79348400;0.79561900;0.79765200;0.79958200;0.80140600;0.80312800;0.80475000;0.80628000;0.80773200;0.80908600;0.81036900;0.81158800;0.81274700;0.81385200;0.81490500;0.81591100;0.81687100;0.81774800;         ;         ;         ;         ;         ;         ;         ;         ;         ;         ;         ;         ;         ;         ;         
;95% UL;         ;         ;         ;         ;         ;         ;         ;         ;         ;         ;         ;         ;         ;         ;         ;         ;0.00200403;0.00390866;0.00592380;0.00818843;0.02003420;0.03805760;0.06308720;0.09416780;0.12559300;0.16035900;0.20664000;0.28319500;0.33778000;0.38618900;0.42167500;0.46527900;0.52616900;0.56279600;0.59188500;0.62461300;0.65430700;0.67907700;0.70161500;0.71960000;0.73369500;0.74560300;0.75576800;0.76467600;0.76974800;0.77390700;0.77750700;0.78072800;0.78368700;0.78645200;0.78906500;0.79155700;0.79393900;0.79621100;0.79837000;0.80041700;0.80235300;0.80418100;0.80590600;0.80753200;0.80906300;0.81050800;0.81187400;0.81316900;0.81439800;0.81556700;0.81668100;0.81774400;0.81875900;0.81973000;0.82065800;         ;         ;         ;         ;         ;         ;         ;         ;         ;         ;         ;         ;         ;         ;         
% of men (15+) living with HIV who are on ART with VL <1000;Mean;         ;         ;         ;         ;         ;         ;         ;         ;         ;         ;         ;         ;         ;         ;         ;         ;0.00144790;0.00283289;0.00429082;0.00586753;0.01416500;0.02707310;0.04578340;0.06966230;0.09399530;0.12191100;0.16067300;0.22686900;0.27622600;0.31882100;0.34872900;0.38705600;0.44262700;0.47691600;0.50442800;0.53708500;0.56814300;0.59564800;0.62318800;0.64543100;0.66375500;0.67920300;0.69231200;0.70356800;0.70984200;0.71475700;0.71879600;0.72224700;0.72528800;0.72803100;0.73055700;0.73291900;0.73514500;0.73724600;0.73922600;0.74108900;0.74283600;0.74446900;0.74599200;0.74741000;0.74872400;0.74994200;0.75107200;0.75212200;0.75309600;0.75399700;0.75483100;0.75560000;0.75630800;0.75695800;0.75755100;         ;         ;         ;         ;         ;         ;         ;         ;         ;         ;         ;         ;         ;         ;         
;95% LL;         ;         ;         ;         ;         ;         ;         ;         ;         ;         ;         ;         ;         ;         ;         ;         ;0.00134541;0.00265275;0.00404048;0.00553958;0.01339380;0.02573460;0.04364190;0.06653280;0.09001780;0.11691600;0.15414500;0.21772200;0.26523600;0.30583300;0.33442800;0.37140300;0.42474600;0.45746000;0.48414200;0.51550500;0.54802600;0.57826200;0.60871300;0.63370700;0.65466200;0.67241200;0.68748200;0.70038100;0.70736500;0.71273000;0.71704600;0.72063100;0.72381600;0.72652000;0.72907300;0.73142500;0.73365900;0.73580000;0.73782600;0.73973400;0.74152600;0.74316500;0.74468200;0.74611500;0.74743100;0.74863900;0.74973800;0.75075400;0.75169200;0.75255500;0.75334800;0.75407400;0.75473800;0.75534100;0.75588700;         ;         ;         ;         ;         ;         ;         ;         ;         ;         ;         ;         ;         ;         ;         
;95% UL;         ;         ;         ;         ;         ;         ;         ;         ;         ;         ;         ;         ;         ;         ;         ;         ;0.00158845;0.00307649;0.00462242;0.00627145;0.01508120;0.02881200;0.04832070;0.07295250;0.09827980;0.12753400;0.16761800;0.23613000;0.28757700;0.33219900;0.36338700;0.40310200;0.46059300;0.49617400;0.52478300;0.55904100;0.58899600;0.61390900;0.63833000;0.65755900;0.67307400;0.68606700;0.69707700;0.70656200;0.71219000;0.71672500;0.72053800;0.72385800;0.72682500;0.72953000;0.73204000;0.73439600;0.73662100;0.73872300;0.74070400;0.74256700;0.74431500;0.74594800;0.74747200;0.74889000;0.75020600;0.75142800;0.75256400;0.75362200;0.75460600;0.75552100;0.75637100;0.75715900;0.75788800;0.75856100;0.75918000;         ;         ;         ;         ;         ;         ;         ;         ;         ;         ;         ;         ;         ;         ;         
% of women (15+) living with HIV who are on ART with VL <1000;Mean;         ;         ;         ;         ;         ;         ;         ;         ;         ;         ;         ;         ;         ;         ;         ;         ;0.00212435;0.00419670;0.00645577;0.00905346;0.02210060;0.04184220;0.06957750;0.10377700;0.13767700;0.17394200;0.22147500;0.30591000;0.36308900;0.41362800;0.45225200;0.49712600;0.55995900;0.59639700;0.62376900;0.65337400;0.68387900;0.71054900;0.73400500;0.75272300;0.76704900;0.77901900;0.78914300;0.79789400;0.80221100;0.80567500;0.80864500;0.81130700;0.81376600;0.81607700;0.81827500;0.82038300;0.82240400;0.82432900;0.82615200;0.82787300;0.82948900;0.83100400;0.83242300;0.83374700;0.83498300;0.83613700;0.83721700;0.83822900;0.83918200;0.84007900;0.84092600;0.84172800;0.84248900;0.84321200;0.84390000;         ;         ;         ;         ;         ;         ;         ;         ;         ;         ;         ;         ;         ;         ;         
;95% LL;         ;         ;         ;         ;         ;         ;         ;         ;         ;         ;         ;         ;         ;         ;         ;         ;0.00202015;0.00401820;0.00620403;0.00872959;0.02133360;0.04051720;0.06744450;0.10066700;0.13360400;0.16899400;0.21493700;0.29716300;0.35249300;0.40065600;0.43823900;0.48156700;0.54240000;0.57702800;0.60248100;0.62997800;0.66207200;0.69226500;0.71964700;0.74189800;0.75920700;0.77357400;0.78547700;0.79549000;0.80003500;0.80361500;0.80662300;0.80927300;0.81175300;0.81411100;0.81634400;0.81847600;0.82049000;0.82244700;0.82430300;0.82604700;0.82767500;0.82921700;0.83066700;0.83202100;0.83328500;0.83447900;0.83560100;0.83665200;0.83764000;0.83856900;0.83944600;0.84027500;0.84106000;0.84180500;0.84251300;         ;         ;         ;         ;         ;         ;         ;         ;         ;         ;         ;         ;         ;         ;         
;95% UL;         ;         ;         ;         ;         ;         ;         ;         ;         ;         ;         ;         ;         ;         ;         ;         ;0.00223612;0.00439253;0.00672992;0.00940606;0.02285990;0.04309160;0.07152250;0.10644100;0.14114800;0.17830100;0.22721900;0.31392200;0.37335600;0.42614000;0.46562600;0.51160000;0.57511700;0.61326400;0.64247300;0.67429100;0.70324700;0.72663300;0.74670600;0.76240100;0.77412200;0.78395200;0.79233900;0.80000900;0.80392400;0.80721800;0.81010400;0.81273900;0.81518400;0.81747200;0.81963900;0.82171000;0.82370600;0.82560600;0.82740600;0.82910400;0.83070100;0.83219800;0.83360100;0.83489300;0.83610300;0.83726100;0.83834500;0.83936100;0.84031100;0.84120600;0.84205100;0.84285300;0.84361400;0.84433600;0.84501500;         ;         ;         ;         ;         ;         ;         ;         ;         ;         ;         ;         ;         ;         ;         
% of children (<15) living with HIV who are on ART with VL <1000;Mean;         ;         ;         ;         ;         ;         ;         ;         ;         ;         ;         ;         ;         ;         ;         ;         ;0.00282445;0.00516372;0.00731234;0.00971476;0.02604690;0.05092000;0.07895830;0.10992600;0.14402500;0.18769700;0.24486300;0.26933000;0.29868400;0.32500200;0.33233800;0.36338000;0.38841800;0.39545500;0.40810100;0.42178500;0.42205800;0.42092000;0.41872600;0.42011900;0.42699300;0.43836100;0.44796200;0.45808300;0.46294000;0.46678200;0.46932200;0.47175500;0.47360000;0.47477500;0.47547100;0.47595100;0.47633700;0.47674300;0.47720700;0.47772400;0.47829100;0.47892000;0.47962000;0.48032600;0.48100200;0.48162600;0.48217600;0.48263000;0.48297700;0.48320600;0.48331500;0.48330100;0.48316300;0.48289900;0.48251400;         ;         ;         ;         ;         ;         ;         ;         ;         ;         ;         ;         ;         ;         ;         
;95% LL;         ;         ;         ;         ;         ;         ;         ;         ;         ;         ;         ;         ;         ;         ;         ;         ;0.00270327;0.00497644;0.00708181;0.00944461;0.02528470;0.04964350;0.07722140;0.10784300;0.14171900;0.18515800;0.24204300;0.26651300;0.29589600;0.32183900;0.32916500;0.36011200;0.38471300;0.39119300;0.40302200;0.41580200;0.41627700;0.41558100;0.41366800;0.41553500;0.42302800;0.43505200;0.44526100;0.45587900;0.46086300;0.46470100;0.46718600;0.46951300;0.47121900;0.47222800;0.47273900;0.47316900;0.47349800;0.47379400;0.47417700;0.47461600;0.47512900;0.47582900;0.47662700;0.47745000;0.47823100;0.47883500;0.47934100;0.47975800;0.48008400;0.48027700;0.48036400;0.48033100;0.48012400;0.47976800;0.47931400;         ;         ;         ;         ;         ;         ;         ;         ;         ;         ;         ;         ;         ;         ;         
;95% UL;         ;         ;         ;         ;         ;         ;         ;         ;         ;         ;         ;         ;         ;         ;         ;         ;0.00295214;0.00535692;0.00753993;0.00997404;0.02676530;0.05211940;0.08064090;0.11206700;0.14645900;0.19028100;0.24771700;0.27205800;0.30113500;0.32772500;0.33493600;0.36601400;0.39137500;0.39895200;0.41236800;0.42703900;0.42735300;0.42587100;0.42327600;0.42418500;0.43048500;0.44121000;0.45031000;0.46008200;0.46474900;0.46849200;0.47094700;0.47345700;0.47542200;0.47668300;0.47748500;0.47813600;0.47860700;0.47900100;0.47952700;0.48008700;0.48061300;0.48127900;0.48206800;0.48280800;0.48347100;0.48407800;0.48460900;0.48504400;0.48537200;0.48558400;0.48567600;0.48564700;0.48555300;0.48533600;0.48499300;         ;         ;         ;         ;         ;         ;         ;         ;         ;         ;         ;         ;         ;         ;         
;;         ;         ;         ;         ;         ;         ;         ;         ;         ;         ;         ;         ;         ;         ;         ;         ;         ;         ;         ;         ;         ;         ;         ;         ;         ;         ;         ;         ;         ;         ;         ;         ;         ;         ;         ;         ;         ;         ;         ;         ;         ;         ;         ;         ;         ;         ;         ;         ;         ;         ;         ;         ;         ;         ;         ;         ;         ;         ;         ;         ;         ;         ;         ;         ;         ;         ;         ;         ;         ;         ;         ;         ;         ;         ;         ;         ;         ;         ;         ;         ;         ;         ;         ;         ;         ;         
Other HIV prevention indicators;;         ;         ;         ;         ;         ;         ;         ;         ;         ;         ;         ;         ;         ;         ;         ;         ;         ;         ;         ;         ;         ;         ;         ;         ;         ;         ;         ;         ;         ;         ;         ;         ;         ;         ;         ;         ;         ;         ;         ;         ;         ;         ;         ;         ;         ;         ;         ;         ;         ;         ;         ;         ;         ;         ;         ;         ;         ;         ;         ;         ;         ;         ;         ;         ;         ;         ;         ;         ;         ;         ;         ;         ;         ;         ;         ;         ;         ;         ;         ;         ;         ;         ;         ;         ;         ;         
;;         ;         ;         ;         ;         ;         ;         ;         ;         ;         ;         ;         ;         ;         ;         ;         ;         ;         ;         ;         ;         ;         ;         ;         ;         ;         ;         ;         ;         ;         ;         ;         ;         ;         ;         ;         ;         ;         ;         ;         ;         ;         ;         ;         ;         ;         ;         ;         ;         ;         ;         ;         ;         ;         ;         ;         ;         ;         ;         ;         ;         ;         ;         ;         ;         ;         ;         ;         ;         ;         ;         ;         ;         ;         ;         ;         ;         ;         ;         ;         ;         ;         ;         ;         ;         ;         
% of women aged 15-24 who used condoms at last sex;Mean;0.01545140;0.01549140;0.01554660;0.01562060;0.01572410;0.01589440;0.01621740;0.01693020;0.01842710;0.02130940;0.02640410;0.03474370;0.04751380;0.06580340;0.09029590;0.12081000;0.15580800;0.19212000;0.22557200;0.25243400;0.27069900;0.28198100;0.28810800;0.29150300;0.29390800;0.29933300;0.30332200;0.30485300;0.30551200;0.30495600;0.30554500;0.30703900;0.30886500;0.30996800;0.31090700;0.31221700;0.31223200;0.31291800;0.31316400;0.31313200;0.31285200;0.31216400;0.31119900;0.31004400;0.30879900;0.30757900;0.30631600;0.30503300;0.30375200;0.30248600;0.30129800;0.30026800;0.29935200;0.29856500;0.29793700;0.29751300;0.29720800;0.29699100;0.29678900;0.29662800;0.29650200;0.29639200;0.29630800;0.29626500;0.29625600;0.29627600;0.29631800;0.29637600;0.29644200;0.29651100;0.29657800;         ;         ;         ;         ;         ;         ;         ;         ;         ;         ;         ;         ;         ;         ;         
;95% LL;0.01545140;0.01548900;0.01554260;0.01561580;0.01571880;0.01588880;0.01621010;0.01690680;0.01835900;0.02116190;0.02614460;0.03434190;0.04695850;0.06515300;0.08947690;0.11991000;0.15495700;0.19123400;0.22470000;0.25156900;0.26977100;0.28097300;0.28698500;0.29030700;0.29261900;0.29780000;0.30170100;0.30332200;0.30402700;0.30354700;0.30414000;0.30561000;0.30743100;0.30852600;0.30949000;0.31080500;0.31088200;0.31158500;0.31180000;0.31183000;0.31154700;0.31085200;0.30990400;0.30875200;0.30753500;0.30636900;0.30514400;0.30391200;0.30267700;0.30148300;0.30037000;0.29939700;0.29853000;0.29780700;0.29723300;0.29685100;0.29658700;0.29640800;0.29624400;0.29611700;0.29602000;0.29594400;0.29589900;0.29588400;0.29589400;0.29592800;0.29598800;0.29606300;0.29614000;0.29622000;0.29630100;         ;         ;         ;         ;         ;         ;         ;         ;         ;         ;         ;         ;         ;         ;         
;95% UL;0.01545140;0.01549390;0.01555070;0.01562590;0.01573010;0.01590140;0.01622580;0.01695580;0.01850240;0.02146740;0.02667830;0.03515550;0.04810290;0.06654840;0.09112070;0.12167400;0.15667700;0.19297400;0.22640200;0.25324500;0.27155200;0.28292900;0.28914300;0.29261700;0.29519400;0.30082000;0.30490600;0.30662700;0.30729400;0.30667500;0.30733300;0.30887600;0.31072300;0.31180900;0.31272800;0.31404000;0.31396800;0.31458000;0.31476800;0.31475800;0.31444600;0.31371400;0.31271100;0.31147500;0.31012100;0.30893700;0.30769600;0.30633900;0.30497400;0.30362900;0.30237000;0.30127900;0.30030500;0.29946300;0.29878500;0.29831700;0.29797200;0.29771800;0.29747800;0.29727600;0.29710600;0.29695000;0.29682400;0.29674300;0.29670200;0.29670600;0.29673200;0.29677500;0.29682700;0.29688300;0.29693600;         ;         ;         ;         ;         ;         ;         ;         ;         ;         ;         ;         ;         ;         ;         
% of women aged 25-49 who used condoms at last sex;Mean;0.00900388;0.00901943;0.00903793;0.00906075;0.00909535;0.00916621;0.00933721;0.00973969;0.01060430;0.01228470;0.01527090;0.02018440;0.02770020;0.03852940;0.05313480;0.07149090;0.09282960;0.11547600;0.13711300;0.15570700;0.17054300;0.18332000;0.19488700;0.20570700;0.21587500;0.22850700;0.24029700;0.25060600;0.25851300;0.26412000;0.26928500;0.27422700;0.27860900;0.28174000;0.28393600;0.28562100;0.28610500;0.28621500;0.28572300;0.28474800;0.28332200;0.28146000;0.27921900;0.27664500;0.27378300;0.27072900;0.26752600;0.26422700;0.26087300;0.25748600;0.25406100;0.25064200;0.24728000;0.24402000;0.24087400;0.23783500;0.23491400;0.23212700;0.22947800;0.22698200;0.22463600;0.22243500;0.22037200;0.21837000;0.21643900;0.21458700;0.21277800;0.21102400;0.20933000;0.20771800;0.20621100;         ;         ;         ;         ;         ;         ;         ;         ;         ;         ;         ;         ;         ;         ;         
;95% LL;0.00900388;0.00901709;0.00903340;0.00905421;0.00908699;0.00915636;0.00932523;0.00971949;0.01055560;0.01217520;0.01507470;0.01985940;0.02722460;0.03789390;0.05233680;0.07053690;0.09173320;0.11427900;0.13588500;0.15448700;0.16921600;0.18189400;0.19333900;0.20408100;0.21421000;0.22684800;0.23838800;0.24851600;0.25629500;0.26183600;0.26694800;0.27183500;0.27617800;0.27930200;0.28150600;0.28319500;0.28366200;0.28358900;0.28298900;0.28199800;0.28041900;0.27844700;0.27609200;0.27336100;0.27044300;0.26742500;0.26415200;0.26086200;0.25735800;0.25388500;0.25037600;0.24701000;0.24364100;0.24041500;0.23731800;0.23430800;0.23146900;0.22880600;0.22621600;0.22381600;0.22157100;0.21945900;0.21746600;0.21557800;0.21375100;0.21197200;0.21026700;0.20861800;0.20702900;0.20551700;0.20411400;         ;         ;         ;         ;         ;         ;         ;         ;         ;         ;         ;         ;         ;         ;         
;95% UL;0.00900388;0.00902187;0.00904272;0.00906758;0.00910442;0.00917745;0.00935155;0.00976212;0.01065720;0.01239640;0.01546910;0.02048890;0.02812240;0.03909730;0.05386060;0.07242400;0.09389540;0.11666100;0.13840600;0.15709600;0.17200200;0.18484500;0.19647500;0.20735000;0.21765400;0.23045600;0.24247100;0.25295700;0.26103400;0.26675900;0.27206900;0.27715200;0.28154600;0.28468300;0.28689400;0.28867200;0.28934100;0.28958100;0.28919000;0.28831600;0.28698400;0.28521100;0.28306000;0.28053000;0.27776100;0.27481500;0.27173000;0.26852000;0.26515100;0.26188100;0.25848800;0.25506300;0.25167400;0.24836300;0.24514400;0.24201300;0.23898500;0.23611800;0.23343800;0.23089300;0.22845800;0.22613800;0.22394700;0.22181800;0.21976300;0.21777800;0.21587800;0.21405200;0.21227100;0.21058800;0.20899100;         ;         ;         ;         ;         ;         ;         ;         ;         ;         ;         ;         ;         ;         ;         
% of men aged 15-49 who are circumcised;Mean;0.34869700;0.34935000;0.34974300;0.34990900;0.34993900;0.34995500;0.35003700;0.35043700;0.35107800;0.35184800;0.35260900;0.35328300;0.35327700;0.35311900;0.35293400;0.35285300;0.35281100;0.35340300;0.35419300;0.35514400;0.35623100;0.35741700;0.35851000;0.35968900;0.36128100;0.36308900;0.37058200;0.38832800;0.41136600;0.43187900;0.46068600;0.49021900;0.51632900;0.54475100;0.57431200;0.59706600;0.60980900;0.62719500;0.64334200;0.65815600;0.67223200;0.68672500;0.70069500;0.71410700;0.72696400;0.73935600;0.75133100;0.76297600;0.77430800;0.78520200;0.79561100;0.80553000;0.81480200;0.82337100;0.83127100;0.83847100;0.84492000;0.85056300;0.85539400;0.85952200;0.86296700;0.86580800;0.86801300;0.86966000;0.87088100;0.87175200;0.87247400;0.87310200;0.87366100;0.87406500;0.87436700;         ;         ;         ;         ;         ;         ;         ;         ;         ;         ;         ;         ;         ;         ;         
;95% LL;0.34869700;0.34935000;0.34974300;0.34990900;0.34993900;0.34995400;0.35003600;0.35043200;0.35106700;0.35182500;0.35257000;0.35322200;0.35318300;0.35299400;0.35278700;0.35268200;0.35262100;0.35320400;0.35399300;0.35494800;0.35604200;0.35723300;0.35833600;0.35951400;0.36110100;0.36289500;0.37034200;0.38799300;0.41093400;0.43134300;0.46002200;0.48941500;0.51537200;0.54365300;0.57309800;0.59577100;0.60841700;0.62572700;0.64184200;0.65675500;0.67094800;0.68556100;0.69965400;0.71319200;0.72617300;0.73868900;0.75073000;0.76244400;0.77380600;0.78472000;0.79513700;0.80506700;0.81436200;0.82294900;0.83086600;0.83806400;0.84452500;0.85015300;0.85495200;0.85909000;0.86252300;0.86536800;0.86756800;0.86921700;0.87044800;0.87133200;0.87206100;0.87270600;0.87328300;0.87369600;0.87401500;         ;         ;         ;         ;         ;         ;         ;         ;         ;         ;         ;         ;         ;         ;         
;95% UL;0.34869700;0.34935000;0.34974300;0.34990900;0.34993900;0.34995500;0.35003900;0.35044200;0.35109000;0.35187300;0.35265400;0.35335300;0.35337400;0.35324400;0.35308400;0.35302200;0.35298900;0.35358800;0.35437800;0.35532600;0.35640600;0.35759000;0.35868400;0.35986800;0.36146800;0.36328900;0.37081100;0.38864700;0.41178400;0.43240000;0.46135000;0.49102400;0.51725900;0.54578600;0.57545200;0.59831800;0.61114200;0.62858600;0.64477700;0.65951100;0.67349600;0.68789800;0.70171900;0.71501200;0.72775400;0.74006600;0.75196300;0.76354400;0.77481000;0.78566300;0.79604800;0.80593700;0.81520900;0.82379300;0.83169300;0.83886800;0.84532200;0.85096800;0.85579700;0.85992900;0.86337200;0.86621000;0.86840800;0.87004600;0.87125400;0.87211100;0.87281500;0.87342400;0.87396400;0.87435800;0.87464100;         ;         ;         ;         ;         ;         ;         ;         ;         ;         ;         ;         ;         ;         ;         
Number of neonatal MMC operations;Mean;56076.30000000;56076.60000000;55981.70000000;55808.00000000;55557.80000000;55234.00000000;55443.50000000;55693.10000000;55711.80000000;55560.50000000;55234.90000000;54804.70000000;52898.80000000;52156.30000000;52851.50000000;52224.40000000;52278.30000000;52448.40000000;53979.30000000;57657.30000000;59139.90000000;60505.70000000;61768.20000000;61725.80000000;60602.70000000;60734.00000000;61418.30000000;62330.50000000;63092.80000000;63400.60000000;63452.50000000;63166.60000000;62546.00000000;62671.50000000;62761.50000000;62848.90000000;63275.90000000;63785.00000000;64255.30000000;64672.60000000;65038.40000000;65354.10000000;65629.40000000;65873.90000000;66101.20000000;66328.00000000;66568.40000000;66830.30000000;67086.30000000;67331.80000000;67557.70000000;67749.40000000;67893.30000000;67987.50000000;68034.00000000;68034.20000000;67990.80000000;67906.10000000;67781.50000000;67622.70000000;67438.00000000;67235.70000000;67023.70000000;66809.30000000;66599.30000000;66399.70000000;66211.60000000;66035.80000000;65875.60000000;65731.50000000;65602.30000000;         ;         ;         ;         ;         ;         ;         ;         ;         ;         ;         ;         ;         ;         ;         
;95% LL;56076.30000000;56076.60000000;55981.60000000;55807.80000000;55557.50000000;55233.20000000;55442.00000000;55690.10000000;55705.70000000;55549.30000000;55215.00000000;54774.20000000;52855.40000000;52097.70000000;52773.50000000;52127.40000000;52162.60000000;52315.60000000;53826.90000000;57484.70000000;58948.70000000;60298.70000000;61547.40000000;61499.70000000;60372.70000000;60498.50000000;61186.20000000;62097.20000000;62865.00000000;63186.00000000;63237.90000000;62958.30000000;62343.90000000;62472.30000000;62564.20000000;62652.40000000;63075.10000000;63559.50000000;63985.60000000;64396.20000000;64717.10000000;65011.90000000;65279.80000000;65514.90000000;65742.10000000;65971.30000000;66215.00000000;66485.50000000;66751.60000000;67002.90000000;67233.80000000;67431.10000000;67581.50000000;67682.50000000;67736.10000000;67743.40000000;67707.20000000;67629.20000000;67510.80000000;67359.70000000;67183.20000000;66987.30000000;66779.70000000;66567.70000000;66358.00000000;66158.90000000;65971.20000000;65796.00000000;65636.40000000;65490.20000000;65358.80000000;         ;         ;         ;         ;         ;         ;         ;         ;         ;         ;         ;         ;         ;         ;         
;95% UL;56076.30000000;56076.60000000;55981.70000000;55808.20000000;55558.30000000;55234.90000000;55445.30000000;55696.70000000;55718.30000000;55571.70000000;55253.90000000;54832.90000000;52937.60000000;52210.30000000;52925.60000000;52316.80000000;52392.60000000;52585.20000000;54141.10000000;57843.80000000;59346.20000000;60713.90000000;61974.10000000;61929.40000000;60798.10000000;60931.40000000;61620.20000000;62520.20000000;63276.30000000;63579.60000000;63626.00000000;63335.10000000;62721.40000000;62855.70000000;62952.10000000;63039.70000000;63456.50000000;64022.90000000;64510.90000000;64957.80000000;65340.50000000;65670.70000000;65948.30000000;66201.30000000;66429.50000000;66655.00000000;66893.30000000;67157.50000000;67417.10000000;67664.60000000;67891.00000000;68081.50000000;68223.20000000;68314.20000000;68356.80000000;68352.50000000;68299.30000000;68203.90000000;68069.10000000;67900.70000000;67707.50000000;67498.00000000;67280.30000000;67063.60000000;66854.00000000;66656.20000000;66471.20000000;66299.50000000;66144.10000000;66005.30000000;65881.40000000;         ;         ;         ;         ;         ;         ;         ;         ;         ;         ;         ;         ;         ;         ;         
Number of MMC operations in males 10-14;Mean;         ;         ;         ;         ;         ;         ;         ;         ;         ;         ;         ;         ;         ;         ;         ;         ;         ;         ;         ;         ;         ;         ;         ;2271.90000000;3959.41000000;55948.40000000;145404.00000000;169638.00000000;130411.00000000;203638.00000000;212928.00000000;192316.00000000;247814.00000000;285813.00000000;208026.00000000;71699.50000000;207368.00000000;217809.00000000;227179.00000000;224326.00000000;221852.00000000;223224.00000000;224220.00000000;224259.00000000;224220.00000000;224208.00000000;224144.00000000;224433.00000000;225477.00000000;226868.00000000;228484.00000000;230280.00000000;232075.00000000;233717.00000000;235201.00000000;236559.00000000;237834.00000000;239077.00000000;240331.00000000;241596.00000000;242861.00000000;244102.00000000;245278.00000000;246340.00000000;247255.00000000;248003.00000000;248571.00000000;248958.00000000;249170.00000000;249215.00000000;249102.00000000;         ;         ;         ;         ;         ;         ;         ;         ;         ;         ;         ;         ;         ;         ;         
;95% LL;         ;         ;         ;         ;         ;         ;         ;         ;         ;         ;         ;         ;         ;         ;         ;         ;         ;         ;         ;         ;         ;         ;         ;2261.68000000;3940.99000000;55676.00000000;144681.00000000;168770.00000000;129723.00000000;202526.00000000;211698.00000000;191141.00000000;246220.00000000;283931.00000000;206668.00000000;71237.20000000;206070.00000000;216472.00000000;225353.00000000;222989.00000000;220779.00000000;222357.00000000;223439.00000000;223503.00000000;223489.00000000;223490.00000000;223414.00000000;223705.00000000;224741.00000000;226070.00000000;227636.00000000;229287.00000000;231051.00000000;232627.00000000;234000.00000000;235303.00000000;236569.00000000;237812.00000000;239073.00000000;240347.00000000;241623.00000000;242875.00000000;244084.00000000;245188.00000000;246124.00000000;246876.00000000;247453.00000000;247860.00000000;248105.00000000;248186.00000000;248113.00000000;         ;         ;         ;         ;         ;         ;         ;         ;         ;         ;         ;         ;         ;         ;         
;95% UL;         ;         ;         ;         ;         ;         ;         ;         ;         ;         ;         ;         ;         ;         ;         ;         ;         ;         ;         ;         ;         ;         ;         ;2282.06000000;3977.64000000;56216.20000000;146120.00000000;170534.00000000;131146.00000000;204812.00000000;214191.00000000;193503.00000000;249412.00000000;287647.00000000;209338.00000000;72159.40000000;208710.00000000;219197.00000000;228732.00000000;225557.00000000;222729.00000000;223976.00000000;224930.00000000;224987.00000000;224962.00000000;224941.00000000;224866.00000000;225142.00000000;226154.00000000;227574.00000000;229316.00000000;231210.00000000;233059.00000000;234816.00000000;236326.00000000;237708.00000000;238998.00000000;240235.00000000;241485.00000000;242735.00000000;243984.00000000;245211.00000000;246380.00000000;247443.00000000;248357.00000000;249099.00000000;249659.00000000;250037.00000000;250239.00000000;250274.00000000;250153.00000000;         ;         ;         ;         ;         ;         ;         ;         ;         ;         ;         ;         ;         ;         ;         
Number of MMC operations in males 15-19;Mean;         ;         ;         ;         ;         ;         ;         ;         ;         ;         ;         ;         ;         ;         ;         ;         ;         ;         ;         ;         ;         ;         ;         ;1416.34000000;2489.61000000;35366.10000000;92927.70000000;111437.00000000;83644.10000000;118828.00000000;107638.00000000;79322.50000000;81182.90000000;76360.80000000;45641.20000000;13328.90000000;34736.50000000;36341.40000000;40002.30000000;44577.90000000;48899.90000000;50244.10000000;51120.50000000;51289.00000000;50500.40000000;49624.00000000;49925.80000000;50193.50000000;50241.50000000;50206.50000000;50137.70000000;50047.70000000;50033.00000000;50186.20000000;50409.70000000;50687.60000000;51020.70000000;51365.40000000;51679.90000000;51961.20000000;52215.70000000;52452.20000000;52681.10000000;52912.30000000;53147.30000000;53384.80000000;53620.40000000;53845.50000000;54048.90000000;54223.70000000;54364.70000000;         ;         ;         ;         ;         ;         ;         ;         ;         ;         ;         ;         ;         ;         ;         
;95% LL;         ;         ;         ;         ;         ;         ;         ;         ;         ;         ;         ;         ;         ;         ;         ;         ;         ;         ;         ;         ;         ;         ;         ;1411.27000000;2481.20000000;35248.60000000;92646.40000000;111077.00000000;83342.00000000;118413.00000000;107267.00000000;79017.30000000;80851.40000000;75917.10000000;45307.50000000;13206.70000000;34364.10000000;35920.50000000;39044.90000000;43643.40000000;48059.10000000;49504.10000000;50515.80000000;50833.80000000;50172.30000000;49365.70000000;49720.60000000;50016.10000000;50069.40000000;50040.10000000;49976.00000000;49884.50000000;49866.90000000;50018.10000000;50236.40000000;50496.80000000;50804.50000000;51138.30000000;51448.40000000;51710.00000000;51947.20000000;52175.90000000;52405.10000000;52637.80000000;52875.10000000;53115.20000000;53354.70000000;53587.80000000;53800.20000000;53976.70000000;54118.60000000;         ;         ;         ;         ;         ;         ;         ;         ;         ;         ;         ;         ;         ;         ;         
;95% UL;         ;         ;         ;         ;         ;         ;         ;         ;         ;         ;         ;         ;         ;         ;         ;         ;         ;         ;         ;         ;         ;         ;         ;1421.45000000;2498.32000000;35494.50000000;93265.80000000;111862.00000000;83969.50000000;119327.00000000;108131.00000000;79667.30000000;81562.40000000;76806.10000000;45993.90000000;13463.00000000;35110.70000000;36744.80000000;40926.90000000;45455.10000000;49691.30000000;50932.70000000;51665.50000000;51679.70000000;50781.80000000;49858.10000000;50105.90000000;50354.50000000;50397.50000000;50367.40000000;50298.00000000;50207.00000000;50187.50000000;50331.80000000;50560.80000000;50858.00000000;51218.20000000;51570.30000000;51914.10000000;52201.60000000;52460.00000000;52700.50000000;52932.50000000;53163.50000000;53394.60000000;53628.80000000;53861.10000000;54083.50000000;54284.10000000;54457.90000000;54597.70000000;         ;         ;         ;         ;         ;         ;         ;         ;         ;         ;         ;         ;         ;         ;         
Number of MMC operations in males 20-24;Mean;         ;         ;         ;         ;         ;         ;         ;         ;         ;         ;         ;         ;         ;         ;         ;         ;         ;         ;         ;         ;         ;         ;         ;615.54100000;1109.27000000;16101.40000000;43525.50000000;54421.30000000;43587.10000000;65985.40000000;66043.50000000;54448.60000000;60630.00000000;60027.30000000;36770.50000000;9788.54000000;19953.00000000;16496.00000000;14200.80000000;12114.20000000;10979.40000000;10628.70000000;10640.20000000;11179.60000000;12447.30000000;13708.60000000;14203.50000000;14570.60000000;14688.40000000;14443.90000000;14128.90000000;14195.00000000;14250.50000000;14252.50000000;14224.50000000;14181.60000000;14131.10000000;14099.50000000;14114.00000000;14145.80000000;14193.00000000;14258.20000000;14329.40000000;14393.30000000;14448.90000000;14497.90000000;14542.40000000;14585.20000000;14629.00000000;14674.50000000;14721.50000000;         ;         ;         ;         ;         ;         ;         ;         ;         ;         ;         ;         ;         ;         ;         
;95% LL;         ;         ;         ;         ;         ;         ;         ;         ;         ;         ;         ;         ;         ;         ;         ;         ;         ;         ;         ;         ;         ;         ;         ;611.45400000;1102.18000000;16004.30000000;43282.60000000;54143.20000000;43388.50000000;65706.00000000;65822.90000000;54271.60000000;60455.40000000;59844.30000000;36644.60000000;9743.24000000;19806.30000000;16323.50000000;13825.80000000;11774.10000000;10662.30000000;10323.40000000;10343.90000000;10885.90000000;12160.20000000;13439.80000000;13969.40000000;14378.80000000;14539.90000000;14334.40000000;14046.30000000;14127.90000000;14191.50000000;14196.10000000;14170.60000000;14127.80000000;14077.90000000;14046.30000000;14060.80000000;14094.00000000;14135.60000000;14200.10000000;14265.60000000;14325.20000000;14379.40000000;14425.70000000;14469.70000000;14512.70000000;14557.10000000;14603.40000000;14651.30000000;         ;         ;         ;         ;         ;         ;         ;         ;         ;         ;         ;         ;         ;         ;         
;95% UL;         ;         ;         ;         ;         ;         ;         ;         ;         ;         ;         ;         ;         ;         ;         ;         ;         ;         ;         ;         ;         ;         ;         ;619.24400000;1115.47000000;16183.20000000;43721.70000000;54644.20000000;43756.10000000;66221.20000000;66257.70000000;54606.70000000;60785.30000000;60171.10000000;36886.60000000;9835.60000000;20098.50000000;16650.80000000;14534.60000000;12421.20000000;11271.40000000;10914.50000000;10921.40000000;11457.70000000;12717.70000000;13957.10000000;14418.10000000;14737.90000000;14815.70000000;14540.50000000;14202.20000000;14251.60000000;14296.90000000;14297.90000000;14269.00000000;14225.70000000;14175.10000000;14144.00000000;14157.40000000;14188.30000000;14239.80000000;14309.70000000;14383.10000000;14454.10000000;14512.80000000;14563.50000000;14608.90000000;14652.50000000;14696.60000000;14741.80000000;14788.50000000;         ;         ;         ;         ;         ;         ;         ;         ;         ;         ;         ;         ;         ;         ;         
Number of MMC operations in males 25-49;Mean;         ;         ;         ;         ;         ;         ;         ;         ;         ;         ;         ;         ;         ;         ;         ;         ;         ;         ;         ;         ;         ;         ;         ;853.09400000;1549.87000000;22825.60000000;63683.50000000;83568.20000000;71278.20000000;115482.00000000;126547.00000000;115950.00000000;144801.00000000;165861.00000000;121434.00000000;39031.40000000;94936.20000000;94526.60000000;94188.00000000;89967.50000000;85559.50000000;81135.90000000;76797.80000000;72527.80000000;68269.70000000;64146.00000000;60206.10000000;56360.60000000;52693.30000000;49303.20000000;46064.80000000;42720.20000000;39559.40000000;36604.00000000;33851.40000000;31317.00000000;29029.70000000;27017.00000000;25292.00000000;23832.40000000;22631.30000000;21654.40000000;20935.60000000;20528.60000000;20351.90000000;20343.80000000;20431.10000000;20567.70000000;20747.40000000;20976.60000000;21185.40000000;         ;         ;         ;         ;         ;         ;         ;         ;         ;         ;         ;         ;         ;         ;         
;95% LL;         ;         ;         ;         ;         ;         ;         ;         ;         ;         ;         ;         ;         ;         ;         ;         ;         ;         ;         ;         ;         ;         ;         ;840.62500000;1526.95000000;22484.00000000;62743.20000000;82404.80000000;70275.10000000;113855.00000000;124902.00000000;114484.00000000;142954.00000000;163787.00000000;120000.00000000;38576.00000000;93682.00000000;93250.30000000;92053.80000000;87914.50000000;83602.30000000;79274.60000000;75035.20000000;70864.10000000;66677.20000000;62615.10000000;58740.00000000;54979.30000000;51424.70000000;48108.90000000;44948.10000000;41686.60000000;38608.00000000;35744.70000000;33070.20000000;30613.70000000;28384.40000000;26442.30000000;24774.80000000;23370.00000000;22221.80000000;21294.60000000;20618.40000000;20245.60000000;20093.20000000;20103.20000000;20205.00000000;20353.20000000;20542.30000000;20786.80000000;21010.90000000;         ;         ;         ;         ;         ;         ;         ;         ;         ;         ;         ;         ;         ;         ;         
;95% UL;         ;         ;         ;         ;         ;         ;         ;         ;         ;         ;         ;         ;         ;         ;         ;         ;         ;         ;         ;         ;         ;         ;         ;865.18700000;1571.17000000;23129.10000000;64500.20000000;84664.20000000;72218.50000000;117020.00000000;128150.00000000;117311.00000000;146427.00000000;167590.00000000;122632.00000000;39418.80000000;95981.30000000;95587.80000000;96161.20000000;91852.40000000;87353.30000000;82837.30000000;78410.70000000;74064.00000000;69728.70000000;65528.80000000;61513.50000000;57592.30000000;53849.50000000;50381.90000000;47063.40000000;43637.60000000;40396.50000000;37361.90000000;34534.60000000;31930.40000000;29578.80000000;27507.70000000;25730.40000000;24224.20000000;22981.80000000;21968.60000000;21219.00000000;20786.70000000;20589.30000000;20563.90000000;20636.10000000;20758.80000000;20925.60000000;21143.10000000;21340.40000000;         ;         ;         ;         ;         ;         ;         ;         ;         ;         ;         ;         ;         ;         ;         
Number of MMC operations in males 50+;Mean;         ;         ;         ;         ;         ;         ;         ;         ;         ;         ;         ;         ;         ;         ;         ;         ;         ;         ;         ;         ;         ;         ;         ;33.12500000;59.85010000;875.37100000;2431.86000000;3198.36000000;2747.68000000;4471.11000000;4972.99000000;4641.29000000;5898.89000000;6943.37000000;5266.31000000;1735.66000000;4222.10000000;4310.03000000;4479.58000000;4491.83000000;4502.28000000;4510.19000000;4515.43000000;4519.44000000;4524.97000000;4535.37000000;4552.81000000;4578.23000000;4611.24000000;4649.32000000;4689.46000000;4732.53000000;4769.45000000;4799.01000000;4821.61000000;4834.74000000;4834.78000000;4818.17000000;4782.61000000;4730.51000000;4661.88000000;4578.84000000;4478.44000000;4356.06000000;4218.05000000;4069.19000000;3915.37000000;3760.31000000;3604.46000000;3447.19000000;3294.43000000;         ;         ;         ;         ;         ;         ;         ;         ;         ;         ;         ;         ;         ;         ;         
;95% LL;         ;         ;         ;         ;         ;         ;         ;         ;         ;         ;         ;         ;         ;         ;         ;         ;         ;         ;         ;         ;         ;         ;         ;32.73280000;59.13340000;864.66200000;2401.54000000;3157.82000000;2712.85000000;4416.33000000;4911.95000000;4585.73000000;5832.45000000;6866.08000000;5209.84000000;1717.42000000;4172.23000000;4259.13000000;4382.53000000;4392.21000000;4398.50000000;4403.96000000;4408.26000000;4411.54000000;4416.45000000;4426.21000000;4442.89000000;4468.86000000;4499.28000000;4536.14000000;4575.01000000;4616.76000000;4652.54000000;4681.17000000;4703.04000000;4715.68000000;4715.50000000;4699.75000000;4666.17000000;4616.32000000;4550.19000000;4469.87000000;4372.45000000;4253.08000000;4117.27000000;3970.94000000;3820.23000000;3669.17000000;3516.64000000;3362.77000000;3213.18000000;         ;         ;         ;         ;         ;         ;         ;         ;         ;         ;         ;         ;         ;         ;         
;95% UL;         ;         ;         ;         ;         ;         ;         ;         ;         ;         ;         ;         ;         ;         ;         ;         ;         ;         ;         ;         ;         ;         ;         ;33.53080000;60.61120000;886.81400000;2464.32000000;3240.16000000;2783.86000000;4529.11000000;5035.79000000;4698.43000000;5972.76000000;7029.22000000;5328.68000000;1756.63000000;4275.33000000;4364.19000000;4568.59000000;4582.41000000;4594.61000000;4604.39000000;4611.57000000;4617.55000000;4625.06000000;4637.45000000;4656.84000000;4684.12000000;4716.82000000;4753.89000000;4797.58000000;4842.99000000;4879.99000000;4909.20000000;4931.07000000;4943.18000000;4941.96000000;4923.92000000;4886.77000000;4832.97000000;4763.11000000;4679.23000000;4577.56000000;4453.43000000;4313.30000000;4162.01000000;4005.57000000;3847.80000000;3689.14000000;3528.97000000;3373.33000000;         ;         ;         ;         ;         ;         ;         ;         ;         ;         ;         ;         ;         ;         ;         
Number of males using PrEP;Mean;         ;         ;         ;         ;         ;         ;         ;         ;         ;         ;         ;         ;         ;         ;         ;         ;         ;         ;         ;         ;         ;         ;         ;         ;         ;         ;         ;         ;         ;         ;         ;         ;4103.13000000;16382.90000000;26508.90000000;36433.10000000;70000.20000000;95250.90000000;120129.00000000;130586.00000000;136101.00000000;139887.00000000;143053.00000000;145967.00000000;150450.00000000;155516.00000000;160830.00000000;166282.00000000;171795.00000000;177340.00000000;182903.00000000;188459.00000000;193996.00000000;199502.00000000;204966.00000000;210379.00000000;215739.00000000;221045.00000000;226300.00000000;231504.00000000;236657.00000000;241764.00000000;246828.00000000;251846.00000000;256815.00000000;261727.00000000;266573.00000000;271347.00000000;276042.00000000;280654.00000000;285183.00000000;         ;         ;         ;         ;         ;         ;         ;         ;         ;         ;         ;         ;         ;         ;         
;95% LL;         ;         ;         ;         ;         ;         ;         ;         ;         ;         ;         ;         ;         ;         ;         ;         ;         ;         ;         ;         ;         ;         ;         ;         ;         ;         ;         ;         ;         ;         ;         ;         ;3295.78000000;14178.30000000;23667.10000000;33428.40000000;66741.10000000;91235.90000000;115234.00000000;125189.00000000;129961.00000000;133167.00000000;135932.00000000;138144.00000000;142382.00000000;147187.00000000;152145.00000000;157252.00000000;162420.00000000;167619.00000000;172832.00000000;178036.00000000;183234.00000000;188465.00000000;193722.00000000;198932.00000000;204037.00000000;208999.00000000;213944.00000000;218902.00000000;223818.00000000;228694.00000000;233417.00000000;238124.00000000;242726.00000000;247337.00000000;251999.00000000;256598.00000000;261126.00000000;265579.00000000;269954.00000000;         ;         ;         ;         ;         ;         ;         ;         ;         ;         ;         ;         ;         ;         ;         
;95% UL;         ;         ;         ;         ;         ;         ;         ;         ;         ;         ;         ;         ;         ;         ;         ;         ;         ;         ;         ;         ;         ;         ;         ;         ;         ;         ;         ;         ;         ;         ;         ;         ;5115.82000000;18940.00000000;29511.90000000;39610.50000000;74219.00000000;100929.00000000;127182.00000000;138418.00000000;144759.00000000;149185.00000000;152937.00000000;156564.00000000;161535.00000000;166993.00000000;172669.00000000;178474.00000000;184335.00000000;190229.00000000;196175.00000000;202118.00000000;208297.00000000;214418.00000000;220501.00000000;226306.00000000;232010.00000000;237651.00000000;243233.00000000;248753.00000000;254210.00000000;259610.00000000;264954.00000000;270298.00000000;275587.00000000;280821.00000000;286107.00000000;291315.00000000;296438.00000000;301474.00000000;306421.00000000;         ;         ;         ;         ;         ;         ;         ;         ;         ;         ;         ;         ;         ;         ;         
Number of females using PrEP;Mean;         ;         ;         ;         ;         ;         ;         ;         ;         ;         ;         ;         ;         ;         ;         ;         ;         ;         ;         ;         ;         ;         ;         ;         ;         ;         ;         ;         ;         ;         ;         ;         ;6846.01000000;10093.90000000;19915.80000000;32225.10000000;123892.00000000;170405.00000000;207182.00000000;213295.00000000;216552.00000000;219590.00000000;223012.00000000;226561.00000000;233799.00000000;241359.00000000;247982.00000000;254105.00000000;259517.00000000;264163.00000000;268415.00000000;272759.00000000;276908.00000000;280768.00000000;284182.00000000;287182.00000000;289925.00000000;292597.00000000;295399.00000000;298539.00000000;301738.00000000;304958.00000000;308253.00000000;311529.00000000;314661.00000000;317631.00000000;320454.00000000;323147.00000000;325726.00000000;328204.00000000;330587.00000000;         ;         ;         ;         ;         ;         ;         ;         ;         ;         ;         ;         ;         ;         ;         
;95% LL;         ;         ;         ;         ;         ;         ;         ;         ;         ;         ;         ;         ;         ;         ;         ;         ;         ;         ;         ;         ;         ;         ;         ;         ;         ;         ;         ;         ;         ;         ;         ;         ;6007.46000000;8244.75000000;17991.10000000;30345.90000000;120706.00000000;166369.00000000;202275.00000000;208148.00000000;211370.00000000;213972.00000000;216733.00000000;219323.00000000;225946.00000000;233222.00000000;239552.00000000;245449.00000000;250582.00000000;254780.00000000;258714.00000000;262677.00000000;266375.00000000;269728.00000000;272624.00000000;275188.00000000;277759.00000000;280117.00000000;282428.00000000;285059.00000000;287741.00000000;290436.00000000;293202.00000000;295966.00000000;298606.00000000;301105.00000000;303478.00000000;305743.00000000;307914.00000000;310006.00000000;312022.00000000;         ;         ;         ;         ;         ;         ;         ;         ;         ;         ;         ;         ;         ;         ;         
;95% UL;         ;         ;         ;         ;         ;         ;         ;         ;         ;         ;         ;         ;         ;         ;         ;         ;         ;         ;         ;         ;         ;         ;         ;         ;         ;         ;         ;         ;         ;         ;         ;         ;7533.56000000;11769.60000000;21838.90000000;34145.70000000;126344.00000000;173407.00000000;210924.00000000;217176.00000000;221499.00000000;225645.00000000;230169.00000000;234844.00000000;242355.00000000;250095.00000000;256938.00000000;263306.00000000;268978.00000000;273898.00000000;278421.00000000;283012.00000000;287407.00000000;291527.00000000;295231.00000000;298557.00000000;301655.00000000;304745.00000000;308085.00000000;311772.00000000;315520.00000000;319287.00000000;323069.00000000;326736.00000000;330251.00000000;333596.00000000;336783.00000000;339829.00000000;342748.00000000;345555.00000000;348253.00000000;         ;         ;         ;         ;         ;         ;         ;         ;         ;         ;         ;         ;         ;         ;         
Number of sex workers using PrEP;Mean;         ;         ;         ;         ;         ;         ;         ;         ;         ;         ;         ;         ;         ;         ;         ;         ;         ;         ;         ;         ;         ;         ;         ;         ;         ;         ;         ;         ;         ;         ;         ;         ;6452.31000000;9426.50000000;11509.60000000;12720.40000000;14024.00000000;15324.30000000;19212.40000000;20651.50000000;21931.30000000;23199.80000000;24454.20000000;25684.10000000;27244.70000000;28835.20000000;30432.00000000;32033.70000000;33632.30000000;35234.00000000;36840.50000000;38453.00000000;40072.50000000;41698.30000000;43328.80000000;44960.60000000;46589.50000000;48210.10000000;49816.30000000;51401.40000000;52958.70000000;54481.90000000;55965.10000000;57403.60000000;58793.60000000;60133.20000000;61421.20000000;62657.40000000;63842.20000000;64977.50000000;66065.30000000;         ;         ;         ;         ;         ;         ;         ;         ;         ;         ;         ;         ;         ;         ;         
;95% LL;         ;         ;         ;         ;         ;         ;         ;         ;         ;         ;         ;         ;         ;         ;         ;         ;         ;         ;         ;         ;         ;         ;         ;         ;         ;         ;         ;         ;         ;         ;         ;         ;5661.37000000;7690.69000000;9044.50000000;9727.22000000;10212.60000000;11116.80000000;13996.30000000;15064.20000000;16005.90000000;16937.30000000;17851.30000000;18739.20000000;19945.90000000;21184.50000000;22448.40000000;23688.60000000;24946.70000000;26211.30000000;27483.70000000;28783.60000000;29962.70000000;31086.50000000;32209.50000000;33329.50000000;34444.00000000;35549.30000000;36641.60000000;37716.60000000;38770.00000000;39844.20000000;41109.50000000;42077.60000000;42943.90000000;43776.50000000;44575.50000000;45341.20000000;46074.80000000;46777.90000000;47503.40000000;         ;         ;         ;         ;         ;         ;         ;         ;         ;         ;         ;         ;         ;         ;         
;95% UL;         ;         ;         ;         ;         ;         ;         ;         ;         ;         ;         ;         ;         ;         ;         ;         ;         ;         ;         ;         ;         ;         ;         ;         ;         ;         ;         ;         ;         ;         ;         ;         ;7101.26000000;11004.00000000;13822.90000000;15521.50000000;17778.60000000;19539.50000000;24475.70000000;26369.10000000;28048.10000000;29699.70000000;31322.60000000;32905.60000000;34837.40000000;36788.00000000;38732.60000000;40826.40000000;42745.30000000;44615.60000000;46477.80000000;48353.50000000;50282.30000000;52205.00000000;54244.50000000;56341.60000000;58436.90000000;60523.20000000;62592.40000000;64721.10000000;66833.00000000;68903.80000000;70924.70000000;72888.20000000;74788.40000000;76621.30000000;78384.60000000;80077.10000000;81698.80000000;83251.40000000;84737.40000000;         ;         ;         ;         ;         ;         ;         ;         ;         ;         ;         ;         ;         ;         ;         
Number of men who have sex with men using PrEP;Mean;         ;         ;         ;         ;         ;         ;         ;         ;         ;         ;         ;         ;         ;         ;         ;         ;         ;         ;         ;         ;         ;         ;         ;         ;         ;         ;         ;         ;         ;         ;         ;         ;3953.54000000;15738.80000000;25331.40000000;29656.40000000;32625.50000000;34270.30000000;39752.50000000;42395.90000000;44303.30000000;46020.70000000;47694.00000000;49355.90000000;51565.30000000;53967.30000000;56467.40000000;59047.80000000;61682.80000000;64365.40000000;67089.90000000;69843.30000000;72618.20000000;75409.40000000;78210.50000000;81018.40000000;83833.00000000;86653.10000000;89479.90000000;92311.20000000;95144.80000000;97981.70000000;100822.00000000;103665.00000000;106508.00000000;109350.00000000;112188.00000000;115020.00000000;117848.00000000;120671.00000000;123490.00000000;         ;         ;         ;         ;         ;         ;         ;         ;         ;         ;         ;         ;         ;         ;         
;95% LL;         ;         ;         ;         ;         ;         ;         ;         ;         ;         ;         ;         ;         ;         ;         ;         ;         ;         ;         ;         ;         ;         ;         ;         ;         ;         ;         ;         ;         ;         ;         ;         ;3177.17000000;13631.20000000;22636.00000000;26927.40000000;30406.30000000;32245.80000000;37556.60000000;40194.40000000;42009.10000000;43638.10000000;45220.70000000;46787.00000000;48844.10000000;51117.10000000;53512.60000000;55938.80000000;58414.90000000;60934.10000000;63490.30000000;66071.10000000;68669.50000000;71280.80000000;73899.30000000;76522.30000000;79124.80000000;81719.30000000;84328.50000000;86986.20000000;89692.20000000;92354.90000000;95005.30000000;97657.60000000;100311.00000000;102962.00000000;105610.00000000;108253.00000000;110891.00000000;113525.00000000;116154.00000000;         ;         ;         ;         ;         ;         ;         ;         ;         ;         ;         ;         ;         ;         ;         
;95% UL;         ;         ;         ;         ;         ;         ;         ;         ;         ;         ;         ;         ;         ;         ;         ;         ;         ;         ;         ;         ;         ;         ;         ;         ;         ;         ;         ;         ;         ;         ;         ;         ;4929.41000000;18190.90000000;28190.10000000;32296.30000000;34714.90000000;36518.30000000;42311.90000000;45085.90000000;47183.60000000;49221.60000000;51175.50000000;53131.90000000;55593.80000000;58267.10000000;60938.10000000;63674.20000000;66463.60000000;69300.70000000;72179.90000000;75088.30000000;78041.30000000;81064.00000000;84100.30000000;87183.80000000;90279.20000000;93383.90000000;96499.00000000;99622.00000000;102750.00000000;105885.00000000;109026.00000000;112171.00000000;115321.00000000;118469.00000000;121616.00000000;124759.00000000;127899.00000000;131017.00000000;134181.00000000;         ;         ;         ;         ;         ;         ;         ;         ;         ;         ;         ;         ;         ;         ;         
Number of AGYW using PrEP;Mean;         ;         ;         ;         ;         ;         ;         ;         ;         ;         ;         ;         ;         ;         ;         ;         ;         ;         ;         ;         ;         ;         ;         ;         ;         ;         ;         ;         ;         ;         ;         ;         ;1183.95000000;1649.11000000;8217.96000000;15882.30000000;83354.90000000;115774.00000000;141527.00000000;145399.00000000;147209.00000000;149341.00000000;151549.00000000;153884.00000000;158311.00000000;161907.00000000;165145.00000000;167901.00000000;170009.00000000;171825.00000000;173765.00000000;175441.00000000;176797.00000000;177686.00000000;178173.00000000;178440.00000000;178691.00000000;179117.00000000;179923.00000000;180791.00000000;181723.00000000;182782.00000000;183863.00000000;184850.00000000;185743.00000000;186565.00000000;187336.00000000;188075.00000000;188794.00000000;189499.00000000;190185.00000000;         ;         ;         ;         ;         ;         ;         ;         ;         ;         ;         ;         ;         ;         ;         
;95% LL;         ;         ;         ;         ;         ;         ;         ;         ;         ;         ;         ;         ;         ;         ;         ;         ;         ;         ;         ;         ;         ;         ;         ;         ;         ;         ;         ;         ;         ;         ;         ;         ;986.63200000;1266.71000000;7618.37000000;14812.30000000;80541.40000000;111559.00000000;136324.00000000;140643.00000000;143062.00000000;145426.00000000;147624.00000000;150450.00000000;154882.00000000;158479.00000000;161713.00000000;164464.00000000;166572.00000000;168405.00000000;170387.00000000;172115.00000000;173523.00000000;174453.00000000;174962.00000000;175234.00000000;175476.00000000;175891.00000000;176692.00000000;177557.00000000;178450.00000000;179413.00000000;180440.00000000;181446.00000000;182351.00000000;183176.00000000;183941.00000000;184664.00000000;185370.00000000;186066.00000000;186739.00000000;         ;         ;         ;         ;         ;         ;         ;         ;         ;         ;         ;         ;         ;         ;         
;95% UL;         ;         ;         ;         ;         ;         ;         ;         ;         ;         ;         ;         ;         ;         ;         ;         ;         ;         ;         ;         ;         ;         ;         ;         ;         ;         ;         ;         ;         ;         ;         ;         ;1366.76000000;1989.94000000;8714.53000000;16808.50000000;86229.40000000;119351.00000000;145927.00000000;149289.00000000;150479.00000000;152279.00000000;154756.00000000;157678.00000000;162091.00000000;165664.00000000;168898.00000000;171675.00000000;173817.00000000;175655.00000000;177584.00000000;179237.00000000;180572.00000000;181456.00000000;181962.00000000;182269.00000000;182571.00000000;183049.00000000;183890.00000000;184786.00000000;185737.00000000;186802.00000000;187877.00000000;188857.00000000;189748.00000000;190573.00000000;191352.00000000;192103.00000000;192836.00000000;193555.00000000;194253.00000000;         ;         ;         ;         ;         ;         ;         ;         ;         ;         ;         ;         ;         ;         ;         
Number of men starting PrEP;Mean;         ;         ;         ;         ;         ;         ;         ;         ;         ;         ;         ;         ;         ;         ;         ;         ;         ;         ;         ;         ;         ;         ;         ;         ;         ;         ;         ;         ;         ;         ;         ;6491.06000000;23529.40000000;32402.00000000;42208.80000000;89535.50000000;109946.00000000;134607.00000000;136672.00000000;139310.00000000;142091.00000000;144895.00000000;147663.00000000;153059.00000000;158464.00000000;163923.00000000;169456.00000000;175003.00000000;180568.00000000;186140.00000000;191693.00000000;197218.00000000;202707.00000000;208145.00000000;213529.00000000;218859.00000000;224133.00000000;229358.00000000;234532.00000000;239656.00000000;244736.00000000;249775.00000000;254766.00000000;259707.00000000;264586.00000000;269394.00000000;274125.00000000;278774.00000000;283339.00000000;287819.00000000;         ;         ;         ;         ;         ;         ;         ;         ;         ;         ;         ;         ;         ;         ;         ;         
;95% LL;         ;         ;         ;         ;         ;         ;         ;         ;         ;         ;         ;         ;         ;         ;         ;         ;         ;         ;         ;         ;         ;         ;         ;         ;         ;         ;         ;         ;         ;         ;         ;5213.84000000;20511.70000000;29189.40000000;39046.30000000;85773.90000000;105432.00000000;129200.00000000;130818.00000000;132740.00000000;135133.00000000;137391.00000000;139693.00000000;144818.00000000;149903.00000000;155030.00000000;160224.00000000;165428.00000000;170645.00000000;175865.00000000;181064.00000000;186295.00000000;191548.00000000;196783.00000000;201964.00000000;206957.00000000;211886.00000000;216855.00000000;221788.00000000;226678.00000000;231492.00000000;236144.00000000;240827.00000000;245404.00000000;250083.00000000;254713.00000000;259274.00000000;263761.00000000;268170.00000000;272501.00000000;         ;         ;         ;         ;         ;         ;         ;         ;         ;         ;         ;         ;         ;         ;         ;         
;95% UL;         ;         ;         ;         ;         ;         ;         ;         ;         ;         ;         ;         ;         ;         ;         ;         ;         ;         ;         ;         ;         ;         ;         ;         ;         ;         ;         ;         ;         ;         ;         ;8093.11000000;26985.40000000;35679.70000000;45542.90000000;94948.20000000;116508.00000000;142461.00000000;145073.00000000;148359.00000000;151742.00000000;155151.00000000;158709.00000000;164427.00000000;170170.00000000;175972.00000000;181852.00000000;187746.00000000;193680.00000000;199637.00000000;205715.00000000;211893.00000000;217956.00000000;223929.00000000;229660.00000000;235329.00000000;240934.00000000;246481.00000000;251965.00000000;257387.00000000;262753.00000000;268094.00000000;273408.00000000;278665.00000000;283939.00000000;289183.00000000;294345.00000000;299420.00000000;304405.00000000;309300.00000000;         ;         ;         ;         ;         ;         ;         ;         ;         ;         ;         ;         ;         ;         ;         ;         
Number of women starting PrEP;Mean;         ;         ;         ;         ;         ;         ;         ;         ;         ;         ;         ;         ;         ;         ;         ;         ;         ;         ;         ;         ;         ;         ;         ;         ;         ;         ;         ;         ;         ;         ;         ;15835.10000000;21204.50000000;42906.30000000;68303.50000000;276479.00000000;355370.00000000;425878.00000000;428503.00000000;434122.00000000;440131.00000000;447094.00000000;454232.00000000;469863.00000000;485085.00000000;498037.00000000;510127.00000000;520729.00000000;529779.00000000;538162.00000000;546878.00000000;555115.00000000;562745.00000000;569433.00000000;575304.00000000;580709.00000000;586030.00000000;591676.00000000;598061.00000000;604478.00000000;610924.00000000;617537.00000000;624084.00000000;630303.00000000;636193.00000000;641792.00000000;647136.00000000;652259.00000000;657184.00000000;661920.00000000;         ;         ;         ;         ;         ;         ;         ;         ;         ;         ;         ;         ;         ;         ;         ;         
;95% LL;         ;         ;         ;         ;         ;         ;         ;         ;         ;         ;         ;         ;         ;         ;         ;         ;         ;         ;         ;         ;         ;         ;         ;         ;         ;         ;         ;         ;         ;         ;         ;13895.50000000;17180.90000000;39036.40000000;64552.00000000;269674.00000000;347050.00000000;415789.00000000;418220.00000000;423623.00000000;428757.00000000;434146.00000000;439562.00000000;453951.00000000;468753.00000000;481099.00000000;492744.00000000;502734.00000000;510905.00000000;518640.00000000;526594.00000000;533894.00000000;540505.00000000;546155.00000000;551259.00000000;556322.00000000;560921.00000000;565579.00000000;570943.00000000;576320.00000000;581716.00000000;587270.00000000;592796.00000000;598038.00000000;602992.00000000;607700.00000000;612194.00000000;616509.00000000;620666.00000000;624674.00000000;         ;         ;         ;         ;         ;         ;         ;         ;         ;         ;         ;         ;         ;         ;         ;         
;95% UL;         ;         ;         ;         ;         ;         ;         ;         ;         ;         ;         ;         ;         ;         ;         ;         ;         ;         ;         ;         ;         ;         ;         ;         ;         ;         ;         ;         ;         ;         ;         ;17425.40000000;24868.40000000;46832.30000000;72143.80000000;281548.00000000;361547.00000000;433591.00000000;436542.00000000;444359.00000000;452588.00000000;461755.00000000;471152.00000000;487061.00000000;502612.00000000;516018.00000000;528605.00000000;539732.00000000;549336.00000000;558259.00000000;567460.00000000;576190.00000000;584344.00000000;591622.00000000;598156.00000000;604280.00000000;610492.00000000;617215.00000000;624699.00000000;632213.00000000;639754.00000000;647294.00000000;654619.00000000;661603.00000000;668239.00000000;674564.00000000;680610.00000000;686411.00000000;691988.00000000;697351.00000000;         ;         ;         ;         ;         ;         ;         ;         ;         ;         ;         ;         ;         ;         ;         ;         
Number of female sex workers starting PrEP;Mean;         ;         ;         ;         ;         ;         ;         ;         ;         ;         ;         ;         ;         ;         ;         ;         ;         ;         ;         ;         ;         ;         ;         ;         ;         ;         ;         ;         ;         ;         ;         ;14949.80000000;19873.50000000;23697.60000000;25712.80000000;28163.60000000;30467.70000000;38852.50000000;40771.60000000;43192.30000000;45658.10000000;48102.90000000;50501.10000000;53677.60000000;56810.10000000;59948.20000000;63096.40000000;66257.70000000;69425.90000000;72603.80000000;75793.40000000;78996.40000000;82211.80000000;85436.00000000;88662.30000000;91882.60000000;95086.30000000;98261.00000000;101394.00000000;104471.00000000;107481.00000000;110411.00000000;113253.00000000;116000.00000000;118647.00000000;121193.00000000;123637.00000000;125979.00000000;128224.00000000;130375.00000000;132437.00000000;         ;         ;         ;         ;         ;         ;         ;         ;         ;         ;         ;         ;         ;         ;         
;95% LL;         ;         ;         ;         ;         ;         ;         ;         ;         ;         ;         ;         ;         ;         ;         ;         ;         ;         ;         ;         ;         ;         ;         ;         ;         ;         ;         ;         ;         ;         ;         ;13205.60000000;16107.10000000;18607.10000000;19663.10000000;20421.00000000;22134.50000000;28367.00000000;29873.20000000;31561.80000000;33369.10000000;35147.00000000;36874.40000000;39352.30000000;41793.90000000;44247.30000000;46716.60000000;49203.90000000;51704.80000000;54221.30000000;56794.90000000;59138.90000000;61361.00000000;63581.10000000;65794.90000000;67997.30000000;70181.40000000;72339.20000000;74462.40000000;76542.80000000;78670.30000000;81168.60000000;83071.80000000;84782.10000000;86426.00000000;88003.50000000;89515.40000000;90964.10000000;92352.60000000;93785.60000000;95175.90000000;         ;         ;         ;         ;         ;         ;         ;         ;         ;         ;         ;         ;         ;         ;         
;95% UL;         ;         ;         ;         ;         ;         ;         ;         ;         ;         ;         ;         ;         ;         ;         ;         ;         ;         ;         ;         ;         ;         ;         ;         ;         ;         ;         ;         ;         ;         ;         ;16431.20000000;23363.20000000;28604.20000000;31492.40000000;35900.50000000;38865.50000000;49589.60000000;52167.80000000;55347.90000000;58559.90000000;61723.50000000;64810.70000000;68725.20000000;72564.40000000;76384.80000000;80300.70000000;84195.00000000;87896.10000000;91591.80000000;95389.70000000;99194.40000000;103007.00000000;106851.00000000;110999.00000000;115142.00000000;119267.00000000;123358.00000000;127512.00000000;131687.00000000;135780.00000000;139775.00000000;143656.00000000;147413.00000000;151038.00000000;154526.00000000;157874.00000000;161083.00000000;164155.00000000;167096.00000000;169912.00000000;         ;         ;         ;         ;         ;         ;         ;         ;         ;         ;         ;         ;         ;         ;         
Number of MSM starting PrEP;Mean;         ;         ;         ;         ;         ;         ;         ;         ;         ;         ;         ;         ;         ;         ;         ;         ;         ;         ;         ;         ;         ;         ;         ;         ;         ;         ;         ;         ;         ;         ;         ;6260.14000000;22786.40000000;31330.00000000;32673.30000000;34907.00000000;35799.90000000;43518.80000000;44511.70000000;45980.50000000;47573.00000000;49204.10000000;50841.20000000;53355.70000000;55856.40000000;58399.10000000;61010.30000000;63687.10000000;66405.60000000;69160.10000000;71933.60000000;74721.90000000;77521.00000000;80323.90000000;83129.50000000;85939.60000000;88751.90000000;91569.40000000;94388.00000000;97205.60000000;100025.00000000;102846.00000000;105666.00000000;108485.00000000;111297.00000000;114102.00000000;116900.00000000;119691.00000000;122474.00000000;125253.00000000;128026.00000000;         ;         ;         ;         ;         ;         ;         ;         ;         ;         ;         ;         ;         ;         ;         
;95% LL;         ;         ;         ;         ;         ;         ;         ;         ;         ;         ;         ;         ;         ;         ;         ;         ;         ;         ;         ;         ;         ;         ;         ;         ;         ;         ;         ;         ;         ;         ;         ;5022.18000000;19833.30000000;28191.90000000;29824.50000000;32884.50000000;33793.70000000;41120.00000000;42148.40000000;43535.50000000;45040.90000000;46583.50000000;48076.60000000;50452.30000000;52850.00000000;55250.20000000;57702.40000000;60215.20000000;62765.10000000;65346.40000000;67942.90000000;70550.50000000;73166.20000000;75783.60000000;78399.90000000;80983.30000000;83567.40000000;86187.70000000;88876.80000000;91531.30000000;94160.50000000;96791.50000000;99421.60000000;102050.00000000;104673.00000000;107289.00000000;109898.00000000;112501.00000000;115096.00000000;117687.00000000;120273.00000000;         ;         ;         ;         ;         ;         ;         ;         ;         ;         ;         ;         ;         ;         ;         
;95% UL;         ;         ;         ;         ;         ;         ;         ;         ;         ;         ;         ;         ;         ;         ;         ;         ;         ;         ;         ;         ;         ;         ;         ;         ;         ;         ;         ;         ;         ;         ;         ;7810.76000000;26161.20000000;34503.10000000;35259.30000000;37167.00000000;38149.50000000;46324.50000000;47443.60000000;49159.30000000;51050.90000000;52974.30000000;54965.60000000;57694.50000000;60409.90000000;63107.70000000;65875.10000000;68708.70000000;71583.90000000;74495.40000000;77425.40000000;80442.50000000;83478.70000000;86525.80000000;89613.20000000;92708.70000000;95809.70000000;98919.40000000;102033.00000000;105148.00000000;108268.00000000;111392.00000000;114517.00000000;117643.00000000;120763.00000000;123878.00000000;126987.00000000;130109.00000000;133243.00000000;136373.00000000;139501.00000000;         ;         ;         ;         ;         ;         ;         ;         ;         ;         ;         ;         ;         ;         ;         
Number of AGYW starting PrEP;Mean;         ;         ;         ;         ;         ;         ;         ;         ;         ;         ;         ;         ;         ;         ;         ;         ;         ;         ;         ;         ;         ;         ;         ;         ;         ;         ;         ;         ;         ;         ;         ;         ;         ;15836.90000000;32949.80000000;198414.00000000;257501.00000000;304810.00000000;304238.00000000;306551.00000000;309292.00000000;312991.00000000;316911.00000000;327031.00000000;336722.00000000;344239.00000000;350919.00000000;356490.00000000;360593.00000000;364051.00000000;367801.00000000;371080.00000000;373769.00000000;375553.00000000;376558.00000000;377130.00000000;377644.00000000;378502.00000000;380115.00000000;381833.00000000;383669.00000000;385769.00000000;387924.00000000;389897.00000000;391692.00000000;393349.00000000;394904.00000000;396389.00000000;397824.00000000;399216.00000000;400554.00000000;         ;         ;         ;         ;         ;         ;         ;         ;         ;         ;         ;         ;         ;         ;         
;95% LL;         ;         ;         ;         ;         ;         ;         ;         ;         ;         ;         ;         ;         ;         ;         ;         ;         ;         ;         ;         ;         ;         ;         ;         ;         ;         ;         ;         ;         ;         ;         ;         ;         ;14341.00000000;30285.60000000;191689.00000000;250206.00000000;296111.00000000;296561.00000000;299499.00000000;302923.00000000;307649.00000000;311882.00000000;322107.00000000;331763.00000000;339316.00000000;346148.00000000;351789.00000000;355979.00000000;359581.00000000;363450.00000000;366838.00000000;369632.00000000;371534.00000000;372670.00000000;373370.00000000;373904.00000000;374760.00000000;376474.00000000;378246.00000000;380158.00000000;382171.00000000;384306.00000000;386142.00000000;387960.00000000;389741.00000000;391375.00000000;392853.00000000;394276.00000000;395655.00000000;397027.00000000;         ;         ;         ;         ;         ;         ;         ;         ;         ;         ;         ;         ;         ;         ;         
;95% UL;         ;         ;         ;         ;         ;         ;         ;         ;         ;         ;         ;         ;         ;         ;         ;         ;         ;         ;         ;         ;         ;         ;         ;         ;         ;         ;         ;         ;         ;         ;         ;         ;         ;17572.90000000;35622.60000000;204986.00000000;265077.00000000;314026.00000000;311998.00000000;313137.00000000;314863.00000000;317766.00000000;321032.00000000;331062.00000000;340783.00000000;348250.00000000;354878.00000000;360364.00000000;364359.00000000;367727.00000000;371422.00000000;374624.00000000;377230.00000000;378911.00000000;379788.00000000;380288.00000000;380761.00000000;381595.00000000;383211.00000000;384893.00000000;386571.00000000;388759.00000000;390871.00000000;392987.00000000;394849.00000000;396505.00000000;398058.00000000;399524.00000000;400965.00000000;402370.00000000;403811.00000000;         ;         ;         ;         ;         ;         ;         ;         ;         ;         ;         ;         ;         ;         ;         
PrEP coverage in FSWs;Mean;         ;         ;         ;         ;         ;         ;         ;         ;         ;         ;         ;         ;         ;         ;         ;         ;         ;         ;         ;         ;         ;         ;         ;         ;         ;         ;         ;         ;         ;         ;         ;         ;0.09569050;0.13050900;0.14927600;0.15470200;0.15738900;0.15922800;0.18487300;0.18422300;0.18179600;0.17924700;0.17668500;0.17411500;0.17396800;0.17399400;0.17403600;0.17408000;0.17412400;0.17416900;0.17421400;0.17425900;0.17430300;0.17434700;0.17439200;0.17443600;0.17448000;0.17452500;0.17457000;0.17461700;0.17466600;0.17471600;0.17476700;0.17481900;0.17486800;0.17491700;0.17496400;0.17501100;0.17505500;0.17509700;0.17513700;         ;         ;         ;         ;         ;         ;         ;         ;         ;         ;         ;         ;         ;         ;         
;95% LL;         ;         ;         ;         ;         ;         ;         ;         ;         ;         ;         ;         ;         ;         ;         ;         ;         ;         ;         ;         ;         ;         ;         ;         ;         ;         ;         ;         ;         ;         ;         ;         ;0.08080160;0.11670600;0.13638000;0.14416600;0.15289000;0.15519600;0.18085100;0.18099700;0.17939700;0.17768400;0.17584700;0.17371000;0.17357200;0.17363200;0.17370400;0.17377200;0.17383000;0.17389200;0.17395600;0.17401700;0.17407700;0.17413500;0.17419200;0.17424800;0.17430400;0.17436000;0.17441600;0.17447300;0.17453000;0.17458600;0.17463900;0.17469700;0.17475500;0.17481000;0.17486300;0.17491500;0.17496200;0.17500400;0.17504500;         ;         ;         ;         ;         ;         ;         ;         ;         ;         ;         ;         ;         ;         ;         
;95% UL;         ;         ;         ;         ;         ;         ;         ;         ;         ;         ;         ;         ;         ;         ;         ;         ;         ;         ;         ;         ;         ;         ;         ;         ;         ;         ;         ;         ;         ;         ;         ;         ;0.11705000;0.14766900;0.16309900;0.16491200;0.16235000;0.16331000;0.18917300;0.18772500;0.18444000;0.18105300;0.17764900;0.17448200;0.17433900;0.17434700;0.17436600;0.17438600;0.17441000;0.17443700;0.17446600;0.17449600;0.17452700;0.17455900;0.17458900;0.17461800;0.17464700;0.17468300;0.17472200;0.17476200;0.17480400;0.17484800;0.17489400;0.17494400;0.17499200;0.17503800;0.17508300;0.17512700;0.17516800;0.17520700;0.17524300;         ;         ;         ;         ;         ;         ;         ;         ;         ;         ;         ;         ;         ;         ;         
PrEP coverage in MSM;Mean;         ;         ;         ;         ;         ;         ;         ;         ;         ;         ;         ;         ;         ;         ;         ;         ;         ;         ;         ;         ;         ;         ;         ;         ;         ;         ;         ;         ;         ;         ;         ;         ;0.01394450;0.05404770;0.08458090;0.09619450;0.10275700;0.10474700;0.11772300;0.12150400;0.12281000;0.12338400;0.12370900;0.12391500;0.12538000;0.12714700;0.12898100;0.13084600;0.13274800;0.13468800;0.13665600;0.13863400;0.14060500;0.14255500;0.14446800;0.14633400;0.14814700;0.14990100;0.15159900;0.15324200;0.15483100;0.15637200;0.15787000;0.15932500;0.16073700;0.16210100;0.16341800;0.16468900;0.16591600;0.16710300;0.16825500;         ;         ;         ;         ;         ;         ;         ;         ;         ;         ;         ;         ;         ;         ;         
;95% LL;         ;         ;         ;         ;         ;         ;         ;         ;         ;         ;         ;         ;         ;         ;         ;         ;         ;         ;         ;         ;         ;         ;         ;         ;         ;         ;         ;         ;         ;         ;         ;         ;0.01118340;0.04647820;0.07495770;0.08713870;0.09551630;0.09826220;0.11084600;0.11482100;0.11645000;0.11731900;0.11760400;0.11776600;0.11911200;0.12072300;0.12242600;0.12413400;0.12587600;0.12765000;0.12944700;0.13124900;0.13304000;0.13480800;0.13653800;0.13822400;0.13985800;0.14143700;0.14296500;0.14444200;0.14587000;0.14725300;0.14859800;0.14990400;0.15117100;0.15239400;0.15357500;0.15471300;0.15581100;0.15687200;0.15790300;         ;         ;         ;         ;         ;         ;         ;         ;         ;         ;         ;         ;         ;         ;         
;95% UL;         ;         ;         ;         ;         ;         ;         ;         ;         ;         ;         ;         ;         ;         ;         ;         ;         ;         ;         ;         ;         ;         ;         ;         ;         ;         ;         ;         ;         ;         ;         ;         ;0.01746310;0.06311580;0.09496940;0.10548100;0.10934300;0.11068600;0.12488400;0.12886000;0.13033300;0.13138400;0.13228300;0.13296000;0.13462800;0.13661600;0.13867200;0.14075800;0.14288800;0.14506100;0.14726900;0.14949200;0.15171400;0.15391800;0.15608600;0.15820800;0.16027300;0.16227600;0.16414900;0.16596000;0.16771400;0.16941600;0.17107200;0.17268200;0.17431700;0.17595900;0.17755000;0.17909100;0.18058500;0.18203600;0.18345000;         ;         ;         ;         ;         ;         ;         ;         ;         ;         ;         ;         ;         ;         ;         
PrEP coverage in sexually active AGYW;Mean;         ;         ;         ;         ;         ;         ;         ;         ;         ;         ;         ;         ;         ;         ;         ;         ;         ;         ;         ;         ;         ;         ;         ;         ;         ;         ;         ;         ;         ;         ;         ;         ;0.00035874;0.00049935;0.00248765;0.00480411;0.02515340;0.03473770;0.04179650;0.04199460;0.04149360;0.04095920;0.04043150;0.03991960;0.04002810;0.04015490;0.04028110;0.04040020;0.04050740;0.04061500;0.04074120;0.04086420;0.04097940;0.04107470;0.04114470;0.04119160;0.04122300;0.04124820;0.04128230;0.04131390;0.04134420;0.04137850;0.04141370;0.04144460;0.04147070;0.04149270;0.04151110;0.04152720;0.04154210;0.04155710;0.04157320;         ;         ;         ;         ;         ;         ;         ;         ;         ;         ;         ;         ;         ;         ;         
;95% LL;         ;         ;         ;         ;         ;         ;         ;         ;         ;         ;         ;         ;         ;         ;         ;         ;         ;         ;         ;         ;         ;         ;         ;         ;         ;         ;         ;         ;         ;         ;         ;         ;0.00029824;0.00038023;0.00231473;0.00449221;0.02427290;0.03341390;0.04021100;0.04054660;0.04026760;0.03989210;0.03956930;0.03911020;0.03925410;0.03940660;0.03955170;0.03968390;0.03979680;0.03991700;0.04005590;0.04019150;0.04031790;0.04041980;0.04049130;0.04053530;0.04055750;0.04057280;0.04060690;0.04063530;0.04066160;0.04069490;0.04072680;0.04075460;0.04077750;0.04079610;0.04081110;0.04082390;0.04083570;0.04084860;0.04086490;         ;         ;         ;         ;         ;         ;         ;         ;         ;         ;         ;         ;         ;         ;         
;95% UL;         ;         ;         ;         ;         ;         ;         ;         ;         ;         ;         ;         ;         ;         ;         ;         ;         ;         ;         ;         ;         ;         ;         ;         ;         ;         ;         ;         ;         ;         ;         ;         ;0.00041506;0.00060399;0.00263838;0.00509958;0.02598070;0.03574560;0.04301970;0.04309850;0.04243910;0.04183550;0.04125140;0.04087740;0.04096290;0.04106890;0.04118010;0.04129110;0.04139580;0.04149940;0.04161350;0.04172350;0.04182780;0.04191870;0.04199160;0.04204750;0.04209100;0.04212780;0.04216880;0.04220610;0.04224040;0.04227560;0.04231010;0.04234050;0.04236690;0.04238970;0.04240960;0.04242740;0.04244400;0.04246020;0.04247670;         ;         ;         ;         ;         ;         ;         ;         ;         ;         ;         ;         ;         ;         ;         
PrEP coverage in sexually active males;Mean;         ;         ;         ;         ;         ;         ;         ;         ;         ;         ;         ;         ;         ;         ;         ;         ;         ;         ;         ;         ;         ;         ;         ;         ;         ;         ;         ;         ;         ;         ;         ;         ;0.00027290;0.00107021;0.00170108;0.00229785;0.00434755;0.00581900;0.00719709;0.00766837;0.00783079;0.00788482;0.00789899;0.00789654;0.00797524;0.00807904;0.00818969;0.00830168;0.00841329;0.00852391;0.00863328;0.00874089;0.00884634;0.00894929;0.00904931;0.00914614;0.00923960;0.00932974;0.00941686;0.00950118;0.00958298;0.00966270;0.00974066;0.00981692;0.00989145;0.00996408;0.01003460;0.01010300;0.01016920;0.01023320;0.01029540;         ;         ;         ;         ;         ;         ;         ;         ;         ;         ;         ;         ;         ;         ;         
;95% LL;         ;         ;         ;         ;         ;         ;         ;         ;         ;         ;         ;         ;         ;         ;         ;         ;         ;         ;         ;         ;         ;         ;         ;         ;         ;         ;         ;         ;         ;         ;         ;         ;0.00021712;0.00091731;0.00150403;0.00208781;0.00415742;0.00561138;0.00694834;0.00739973;0.00754283;0.00756376;0.00755066;0.00753661;0.00759933;0.00769428;0.00779659;0.00790131;0.00800621;0.00811051;0.00821386;0.00831572;0.00841561;0.00851319;0.00860797;0.00869965;0.00878805;0.00887316;0.00895523;0.00903445;0.00911108;0.00918552;0.00925808;0.00932884;0.00939781;0.00946483;0.00953232;0.00959960;0.00966488;0.00972820;0.00978369;         ;         ;         ;         ;         ;         ;         ;         ;         ;         ;         ;         ;         ;         ;         
;95% UL;         ;         ;         ;         ;         ;         ;         ;         ;         ;         ;         ;         ;         ;         ;         ;         ;         ;         ;         ;         ;         ;         ;         ;         ;         ;         ;         ;         ;         ;         ;         ;         ;0.00033986;0.00123716;0.00189912;0.00250099;0.00459053;0.00612380;0.00757349;0.00808619;0.00827462;0.00835586;0.00840048;0.00842905;0.00852957;0.00865209;0.00877723;0.00889855;0.00901598;0.00913239;0.00924952;0.00937064;0.00948575;0.00959605;0.00970333;0.00980728;0.00990766;0.01000450;0.01009790;0.01018830;0.01027590;0.01036110;0.01044420;0.01052540;0.01060460;0.01068160;0.01075630;0.01083120;0.01090590;0.01097840;0.01104870;         ;         ;         ;         ;         ;         ;         ;         ;         ;         ;         ;         ;         ;         ;         
PrEP coverage in sexually active females;Mean;         ;         ;         ;         ;         ;         ;         ;         ;         ;         ;         ;         ;         ;         ;         ;         ;         ;         ;         ;         ;         ;         ;         ;         ;         ;         ;         ;         ;         ;         ;         ;         ;0.00043999;0.00063934;0.00124309;0.00198323;0.00753188;0.01021110;0.01218910;0.01231120;0.01225710;0.01218590;0.01213280;0.01208340;0.01222370;0.01237000;0.01245910;0.01251660;0.01253840;0.01252470;0.01249510;0.01247230;0.01244310;0.01240320;0.01234600;0.01227320;0.01219210;0.01211070;0.01203730;0.01197980;0.01192680;0.01187650;0.01183100;0.01178660;0.01173840;0.01168600;0.01163020;0.01157160;0.01151120;0.01144960;0.01138710;         ;         ;         ;         ;         ;         ;         ;         ;         ;         ;         ;         ;         ;         ;         
;95% LL;         ;         ;         ;         ;         ;         ;         ;         ;         ;         ;         ;         ;         ;         ;         ;         ;         ;         ;         ;         ;         ;         ;         ;         ;         ;         ;         ;         ;         ;         ;         ;         ;0.00038304;0.00051837;0.00112374;0.00186755;0.00736329;0.00999096;0.01192160;0.01206220;0.01202490;0.01192270;0.01183350;0.01173730;0.01186280;0.01199780;0.01206880;0.01211130;0.01212290;0.01209920;0.01205780;0.01202260;0.01198090;0.01192890;0.01186000;0.01177620;0.01167980;0.01158170;0.01149620;0.01143750;0.01138190;0.01132340;0.01127040;0.01121830;0.01116280;0.01110360;0.01104160;0.01097760;0.01091250;0.01084700;0.01078140;         ;         ;         ;         ;         ;         ;         ;         ;         ;         ;         ;         ;         ;         ;         
;95% UL;         ;         ;         ;         ;         ;         ;         ;         ;         ;         ;         ;         ;         ;         ;         ;         ;         ;         ;         ;         ;         ;         ;         ;         ;         ;         ;         ;         ;         ;         ;         ;         ;0.00048487;0.00074742;0.00135854;0.00210129;0.00768940;0.01041110;0.01242950;0.01255150;0.01250010;0.01245770;0.01244360;0.01243070;0.01258040;0.01273840;0.01283600;0.01290030;0.01293940;0.01294260;0.01292450;0.01291280;0.01289460;0.01286560;0.01281870;0.01275580;0.01268420;0.01261180;0.01254840;0.01250380;0.01245930;0.01241710;0.01238430;0.01235180;0.01231470;0.01227250;0.01222580;0.01217550;0.01212250;0.01206750;0.01201090;         ;         ;         ;         ;         ;         ;         ;         ;         ;         ;         ;         ;         ;         ;         
PrEP coverage in sexually active individuals;Mean;         ;         ;         ;         ;         ;         ;         ;         ;         ;         ;         ;         ;         ;         ;         ;         ;         ;         ;         ;         ;         ;         ;         ;         ;         ;         ;         ;         ;         ;         ;         ;         ;0.00035787;0.00085146;0.00146893;0.00213865;0.00595692;0.00803654;0.00971609;0.01001010;0.01006240;0.01005240;0.01003190;0.01000520;0.01011440;0.01023940;0.01033900;0.01042360;0.01049010;0.01053830;0.01057780;0.01062010;0.01065820;0.01068970;0.01071120;0.01072330;0.01072960;0.01073400;0.01074100;0.01075470;0.01076920;0.01078420;0.01080060;0.01081660;0.01082990;0.01084000;0.01084720;0.01085180;0.01085430;0.01085510;0.01085430;         ;         ;         ;         ;         ;         ;         ;         ;         ;         ;         ;         ;         ;         ;         
;95% LL;         ;         ;         ;         ;         ;         ;         ;         ;         ;         ;         ;         ;         ;         ;         ;         ;         ;         ;         ;         ;         ;         ;         ;         ;         ;         ;         ;         ;         ;         ;         ;         ;0.00035103;0.00082714;0.00142735;0.00208614;0.00589502;0.00796569;0.00963062;0.00992619;0.00994774;0.00990092;0.00984611;0.00977166;0.00986514;0.00998163;0.01007420;0.01015170;0.01021160;0.01025340;0.01028690;0.01032330;0.01035580;0.01038210;0.01039860;0.01040630;0.01040850;0.01040940;0.01041330;0.01042430;0.01043670;0.01044630;0.01045440;0.01046290;0.01046950;0.01047360;0.01047550;0.01047540;0.01047360;0.01047210;0.01046860;         ;         ;         ;         ;         ;         ;         ;         ;         ;         ;         ;         ;         ;         ;         
;95% UL;         ;         ;         ;         ;         ;         ;         ;         ;         ;         ;         ;         ;         ;         ;         ;         ;         ;         ;         ;         ;         ;         ;         ;         ;         ;         ;         ;         ;         ;         ;         ;         ;0.00036462;0.00087624;0.00151133;0.00219146;0.00602343;0.00811349;0.00981093;0.01011180;0.01018550;0.01021490;0.01023660;0.01026790;0.01038970;0.01052350;0.01062820;0.01071520;0.01078740;0.01083950;0.01088330;0.01093040;0.01097330;0.01100920;0.01103420;0.01104880;0.01105670;0.01106410;0.01107550;0.01109700;0.01111920;0.01114140;0.01116490;0.01118770;0.01120740;0.01122350;0.01123620;0.01124580;0.01125280;0.01125740;0.01126020;         ;         ;         ;         ;         ;         ;         ;         ;         ;         ;         ;         ;         ;         ;         
;;         ;         ;         ;         ;         ;         ;         ;         ;         ;         ;         ;         ;         ;         ;         ;         ;         ;         ;         ;         ;         ;         ;         ;         ;         ;         ;         ;         ;         ;         ;         ;         ;         ;         ;         ;         ;         ;         ;         ;         ;         ;         ;         ;         ;         ;         ;         ;         ;         ;         ;         ;         ;         ;         ;         ;         ;         ;         ;         ;         ;         ;         ;         ;         ;         ;         ;         ;         ;         ;         ;         ;         ;         ;         ;         ;         ;         ;         ;         ;         ;         ;         ;         ;         ;         ;         
;;;;;;;;;;;;;;;;;;;;;;;;;;;;;;;;;;;;;;;;;;;;;;;;;;;;;;;;;;;;;;;;;;;;;;;;;;;;;;;;;;;;;;;
;;;;;;;;;;;;;;;;;;;;;;;;;;;;;;;;;;;;;;;;;;;;;;;;;;;;;;;;;;;;;;;;;;;;;;;;;;;;;;;;;;;;;;;
