;;1985;1986;1987;1988;1989;1990;1991;1992;1993;1994;1995;1996;1997;1998;1999;2000;2001;2002;2003;2004;2005;2006;2007;2008;2009;2010;2011;2012;2013;2014;2015;2016;2017;2018;2019;2020;2021;2022;2023;2024;2025;2026;2027;2028;2029;2030;;;;;;;;;;;;;;;;;;;;;;;;;;;;;;;;;;;;;;;;
;;;;;;;;;;;;;;;;;;;;;;;;;;;;;;;;;;;;;;;;;;;;;;;;;;;;;;;;;;;;;;;;;;;;;;;;;;;;;;;;;;;;;;;
Additional calibration statistics;;;;;;;;;;;;;;;;;;;;;;;;;;;;;;;;;;;;;;;;;;;;;;;;;;;;;;;;;;;;;;;;;;;;;;;;;;;;;;;;;;;;;;;
;;;;;;;;;;;;;;;;;;;;;;;;;;;;;;;;;;;;;;;;;;;;;;;;;;;;;;;;;;;;;;;;;;;;;;;;;;;;;;;;;;;;;;;
Adjusted ANC prevalence, 15-19;Mean;         ;         ;         ;         ;         ;         ;0.0183259;0.0339861;0.0557468;0.0819386;0.109748;0.136824;0.167275;0.183393;0.193744;0.198763;0.198672;0.194312;0.187078;0.178374;0.168959;0.159679;0.151557;0.144535;0.137054;0.130133;0.125138;0.121186;0.118879;0.117627;0.116859;0.107534;0.107327;0.106173;0.104169;0.102019;0.098449;0.094648;0.0907771;0.0870773;0.0828016;0.0778725;0.0722606;0.0659586;0.0594085;0.0535625;0.0486997;0.0442155;0.0398756;0.0358011;0.0325363;0.0296243;0.0271881;0.0249799;0.0229487;0.0211109;0.0194733;0.0180289;0.0167808;0.015681;0.014706;0.0138407;0.0130641;0.0123579;0.0117041;0.011093;0.0105184;0.00997578;0.00946179;0.00897418;0.00851169;         ;         ;         ;         ;         ;         ;         ;         ;         ;         ;         ;         ;         ;         ;         
;95% LL;         ;         ;         ;         ;         ;         ;0.0132258;0.0255896;0.0433639;0.0674779;0.0938882;0.120179;0.150587;0.167105;0.178228;0.183819;0.18453;0.181076;0.174576;0.166769;0.158286;0.149904;0.142517;0.136024;0.129086;0.122697;0.117926;0.114171;0.112031;0.110762;0.109927;0.100626;0.100533;0.099181;0.0973158;0.0951146;0.0917525;0.0880161;0.084268;0.0807178;0.0766652;0.0720197;0.0667435;0.0609032;0.0548544;0.0494349;0.0449089;0.0407382;0.0367116;0.0329348;0.0298901;0.0271769;0.0249576;0.0229443;0.0210895;0.0194092;0.0179091;0.0165825;0.0154188;0.0143817;0.013461;0.0126424;0.011907;0.0112413;0.0106392;0.0100767;0.00954819;0.00904953;0.00857758;0.00813028;0.00770644;         ;         ;         ;         ;         ;         ;         ;         ;         ;         ;         ;         ;         ;         ;         
;95% UL;         ;         ;         ;         ;         ;         ;0.024307;0.0430443;0.0674579;0.0942043;0.122799;0.149983;0.178841;0.194556;0.204557;0.209236;0.209473;0.205435;0.198098;0.18887;0.178888;0.169203;0.160765;0.153508;0.145503;0.138274;0.133032;0.128854;0.126414;0.125259;0.124656;0.1152;0.115027;0.113842;0.111689;0.109532;0.106133;0.102592;0.0989003;0.0951351;0.0905959;0.0853296;0.0794315;0.0727198;0.0656956;0.0593979;0.0541386;0.0492797;0.0445261;0.0400116;0.0364144;0.0332051;0.0305112;0.0280865;0.0258312;0.0237784;0.0219588;0.0203712;0.0189408;0.01771;0.0166439;0.0156946;0.0148452;0.0140745;0.0133764;0.012729;0.0121185;0.0115168;0.0109318;0.010376;0.00984799;         ;         ;         ;         ;         ;         ;         ;         ;         ;         ;         ;         ;         ;         ;         
Adjusted ANC prevalence, 20-24;Mean;         ;         ;         ;         ;         ;         ;0.0258458;0.0464219;0.0732266;0.105015;0.140561;0.178342;0.223821;0.258835;0.289552;0.314369;0.332131;0.342298;0.345269;0.342825;0.33595;0.325675;0.314087;0.301901;0.287767;0.273645;0.263276;0.253562;0.243497;0.233667;0.22489;0.208741;0.201671;0.195072;0.18854;0.182761;0.177334;0.17225;0.167062;0.161563;0.155728;0.14976;0.143678;0.137659;0.131646;0.124853;0.117113;0.108775;0.100069;0.0913309;0.0830486;0.0756806;0.0688116;0.0624364;0.0566119;0.051693;0.0473168;0.0435065;0.040039;0.0368933;0.0340757;0.0315723;0.0293635;0.0274343;0.0257254;0.024202;0.0228372;0.0216003;0.0204648;0.0194103;0.0184237;         ;         ;         ;         ;         ;         ;         ;         ;         ;         ;         ;         ;         ;         ;         
;95% LL;         ;         ;         ;         ;         ;         ;0.0189392;0.0354568;0.0589058;0.0886489;0.123301;0.161169;0.206894;0.241823;0.274357;0.300503;0.318971;0.328822;0.331422;0.328821;0.322145;0.312;0.30076;0.28878;0.275042;0.261329;0.251306;0.242134;0.232407;0.222844;0.214408;0.19847;0.191683;0.185132;0.178841;0.172846;0.167303;0.162233;0.156951;0.151363;0.145722;0.139953;0.13437;0.128507;0.122731;0.116165;0.108852;0.100959;0.0927908;0.0846419;0.0768979;0.0699308;0.0634601;0.0574709;0.0520074;0.0474428;0.0434559;0.039924;0.0367362;0.0337884;0.0311679;0.0288122;0.0267265;0.0249183;0.0233583;0.0219662;0.0207174;0.0195853;0.0185456;0.0175803;0.0166775;         ;         ;         ;         ;         ;         ;         ;         ;         ;         ;         ;         ;         ;         ;         
;95% UL;         ;         ;         ;         ;         ;         ;0.0339178;0.0574139;0.0866113;0.120817;0.156481;0.194085;0.239425;0.273925;0.302558;0.327088;0.344528;0.354959;0.358185;0.356038;0.349587;0.339762;0.328318;0.317026;0.303565;0.289538;0.279269;0.269295;0.258973;0.248919;0.2398;0.223558;0.216373;0.209576;0.202825;0.197055;0.191921;0.18717;0.182017;0.176287;0.170048;0.164104;0.15821;0.151943;0.145687;0.138584;0.130391;0.121476;0.112092;0.102612;0.0935676;0.0854012;0.0777399;0.0706064;0.0640786;0.0585725;0.0536703;0.0493922;0.0455261;0.042061;0.0389383;0.0361529;0.0336925;0.0315441;0.0296447;0.0279568;0.0264509;0.0250911;0.0238468;0.022694;0.0216169;         ;         ;         ;         ;         ;         ;         ;         ;         ;         ;         ;         ;         ;         ;         
Adjusted ANC prevalence, 25-29;Mean;         ;         ;         ;         ;         ;         ;0.0215207;0.0386522;0.0605715;0.0859338;0.113761;0.143269;0.181744;0.211612;0.24071;0.268601;0.29462;0.318217;0.338512;0.356164;0.370379;0.380798;0.387622;0.390781;0.389847;0.387021;0.385931;0.382952;0.376342;0.367258;0.357787;0.3413;0.330717;0.318879;0.306228;0.293523;0.280759;0.267972;0.256414;0.245708;0.235673;0.226799;0.218857;0.211158;0.203512;0.195892;0.18837;0.180896;0.173583;0.166265;0.158133;0.148905;0.13895;0.128516;0.117964;0.107802;0.0986167;0.0900446;0.0821286;0.0749227;0.0687538;0.0632518;0.0584089;0.0539859;0.0499712;0.0463633;0.0431388;0.0402759;0.0377544;0.0355059;0.0334882;         ;         ;         ;         ;         ;         ;         ;         ;         ;         ;         ;         ;         ;         ;         
;95% LL;         ;         ;         ;         ;         ;         ;0.0154631;0.0291396;0.0483529;0.0720854;0.0989747;0.128352;0.167048;0.197411;0.227278;0.255406;0.280764;0.304439;0.324497;0.341977;0.356265;0.366561;0.373793;0.376146;0.375305;0.372812;0.371406;0.367995;0.361864;0.353239;0.343528;0.327114;0.316623;0.304981;0.292835;0.280211;0.267388;0.254604;0.243119;0.232513;0.222681;0.214061;0.206422;0.198645;0.191166;0.183586;0.175938;0.168901;0.161877;0.154751;0.14689;0.138027;0.128587;0.118783;0.10892;0.0994517;0.0908867;0.0828609;0.0755095;0.0688828;0.0631017;0.0579726;0.0534739;0.0493687;0.045549;0.042121;0.0390641;0.0364492;0.0341548;0.0321085;0.0302711;         ;         ;         ;         ;         ;         ;         ;         ;         ;         ;         ;         ;         ;         ;         
;95% UL;         ;         ;         ;         ;         ;         ;0.0280409;0.0475983;0.0714511;0.0988762;0.127581;0.157458;0.19578;0.224918;0.253567;0.283091;0.308892;0.332874;0.353628;0.370917;0.385348;0.396206;0.403539;0.408191;0.407731;0.405448;0.404708;0.402105;0.395721;0.38693;0.377549;0.361043;0.350066;0.337909;0.324858;0.311883;0.299065;0.286304;0.274818;0.264457;0.254231;0.245439;0.237589;0.229961;0.222353;0.21473;0.20716;0.199551;0.192009;0.184454;0.176192;0.166409;0.155738;0.144454;0.132958;0.121813;0.111674;0.102174;0.093371;0.0854466;0.0786552;0.0725715;0.0671836;0.0621626;0.0576015;0.0535152;0.0498772;0.0466643;0.0438483;0.0413156;0.0389896;         ;         ;         ;         ;         ;         ;         ;         ;         ;         ;         ;         ;         ;         ;         
Adjusted ANC prevalence, 30-34;Mean;         ;         ;         ;         ;         ;         ;0.0193977;0.0348145;0.0543316;0.0764927;0.100243;0.124708;0.157832;0.181749;0.204703;0.226502;0.246933;0.265798;0.283118;0.300287;0.317685;0.335934;0.355904;0.377293;0.398656;0.41981;0.442409;0.459777;0.469901;0.473583;0.473507;0.464671;0.458511;0.449585;0.438527;0.425893;0.411769;0.396063;0.379422;0.362263;0.344962;0.327616;0.310885;0.296134;0.282873;0.270719;0.260159;0.250816;0.242008;0.233366;0.224827;0.216549;0.208369;0.20021;0.191825;0.182416;0.171698;0.160299;0.148609;0.136948;0.125586;0.115205;0.105556;0.096782;0.0888502;0.0819435;0.0757533;0.0702299;0.0651645;0.0605672;0.0564325;         ;         ;         ;         ;         ;         ;         ;         ;         ;         ;         ;         ;         ;         ;         
;95% LL;         ;         ;         ;         ;         ;         ;0.0142062;0.0264512;0.0435515;0.0644954;0.087246;0.111004;0.144357;0.168607;0.192562;0.213384;0.234078;0.252901;0.270896;0.288535;0.305711;0.323946;0.343231;0.36402;0.384657;0.405156;0.427045;0.443843;0.453757;0.457268;0.457367;0.447651;0.441499;0.43297;0.422063;0.409939;0.396299;0.380563;0.363958;0.34658;0.329345;0.311927;0.295166;0.280666;0.267713;0.255922;0.245511;0.236188;0.227158;0.218689;0.210298;0.202336;0.19444;0.186539;0.178226;0.169197;0.158974;0.148191;0.137202;0.126297;0.115658;0.106061;0.0971249;0.0890122;0.0815797;0.075071;0.0692527;0.0640553;0.0592201;0.054831;0.0509899;         ;         ;         ;         ;         ;         ;         ;         ;         ;         ;         ;         ;         ;         ;         
;95% UL;         ;         ;         ;         ;         ;         ;0.0251795;0.0426156;0.0638478;0.0874184;0.112061;0.136437;0.168956;0.193423;0.217764;0.240325;0.26065;0.280687;0.297949;0.315718;0.333191;0.352036;0.373509;0.395328;0.417087;0.438358;0.461999;0.480154;0.490743;0.494518;0.494305;0.485301;0.479301;0.470401;0.459396;0.446877;0.433265;0.417948;0.400685;0.383424;0.365981;0.349009;0.332777;0.318244;0.304947;0.292203;0.281395;0.27181;0.262906;0.254754;0.24603;0.237252;0.229889;0.221889;0.213218;0.203341;0.191946;0.179696;0.167022;0.154472;0.142217;0.13092;0.120357;0.110701;0.101928;0.0942417;0.08727;0.0808998;0.0751463;0.0699776;0.065292;         ;         ;         ;         ;         ;         ;         ;         ;         ;         ;         ;         ;         ;         ;         
Adjusted ANC prevalence, 35-39;Mean;         ;         ;         ;         ;         ;         ;0.0133693;0.0245334;0.0393181;0.0568852;0.0764684;0.0972327;0.127408;0.148332;0.168365;0.187167;0.204416;0.219794;0.233478;0.246541;0.259325;0.272562;0.287411;0.304337;0.323038;0.344553;0.371558;0.399125;0.425203;0.448573;0.469332;0.480962;0.492869;0.499262;0.500923;0.498838;0.492727;0.483766;0.472387;0.458927;0.44367;0.427379;0.409926;0.391775;0.373404;0.355121;0.337045;0.319784;0.304858;0.291548;0.279378;0.268873;0.259556;0.250743;0.24203;0.233418;0.225127;0.216904;0.208564;0.199848;0.190006;0.178779;0.167003;0.155108;0.143322;0.131715;0.121085;0.111242;0.102393;0.0944094;0.0873744;         ;         ;         ;         ;         ;         ;         ;         ;         ;         ;         ;         ;         ;         ;         
;95% LL;         ;         ;         ;         ;         ;         ;0.00993231;0.0188869;0.0319746;0.0481595;0.0666414;0.0867341;0.116367;0.137259;0.157186;0.175729;0.192321;0.208106;0.222396;0.235916;0.248513;0.261374;0.275715;0.29161;0.309357;0.330534;0.357418;0.38486;0.410771;0.433844;0.454123;0.465152;0.476813;0.483105;0.484318;0.482165;0.475906;0.467002;0.455375;0.441945;0.426926;0.411218;0.393789;0.375901;0.35755;0.339064;0.320976;0.303794;0.289015;0.275942;0.263887;0.253155;0.243813;0.235066;0.226495;0.217994;0.210159;0.202341;0.193954;0.185378;0.176082;0.16556;0.154407;0.143112;0.132127;0.121378;0.111563;0.102372;0.0940407;0.0865588;0.0799413;         ;         ;         ;         ;         ;         ;         ;         ;         ;         ;         ;         ;         ;         ;         
;95% UL;         ;         ;         ;         ;         ;         ;0.0173519;0.0301064;0.0464951;0.0650008;0.0854193;0.107125;0.136989;0.158676;0.179459;0.199059;0.216995;0.232733;0.246749;0.260998;0.274083;0.288578;0.304905;0.322452;0.342062;0.363944;0.391229;0.419336;0.445338;0.468862;0.490342;0.502672;0.515079;0.521674;0.52331;0.520892;0.514134;0.504552;0.493777;0.480889;0.466204;0.450381;0.432926;0.414947;0.396447;0.378289;0.359622;0.34233;0.327568;0.314002;0.30157;0.291149;0.281847;0.273042;0.264349;0.255777;0.247899;0.239726;0.23127;0.222309;0.212065;0.200256;0.187774;0.175092;0.162406;0.149817;0.138184;0.127346;0.117545;0.108659;0.100789;         ;         ;         ;         ;         ;         ;         ;         ;         ;         ;         ;         ;         ;         ;         
Adjusted ANC prevalence, 15-49;Mean;         ;         ;         ;         ;         ;         ;0.0209176;0.0378289;0.0599653;0.0860028;0.11456;0.144342;0.181632;0.208503;0.232546;0.253178;0.269857;0.282407;0.290992;0.2969;0.300472;0.302266;0.30341;0.304102;0.303271;0.302328;0.304097;0.305047;0.308269;0.310224;0.311865;0.301349;0.297102;0.291517;0.284776;0.27755;2.69E-01;0.260776;0.251862;0.242709;0.233254;0.223759;0.214301;0.205047;0.195965;0.186934;0.178083;0.169389;0.160933;0.15267;0.144579;0.13673;0.129056;0.121542;0.114192;0.107088;0.100255;0.0936864;0.0873727;0.081338;0.0756427;0.0702935;0.0653004;0.0606509;0.0563313;0.0523572;0.0487206;0.0453937;0.0423494;0.039557;0.0370069;         ;         ;         ;         ;         ;         ;         ;         ;         ;         ;         ;         ;         ;         ;         
;95% LL;         ;         ;         ;         ;         ;         ;0.0152743;0.0288008;0.0479885;0.0727167;0.100155;0.129838;0.167408;0.194626;0.21869;0.23995;0.257615;0.269505;0.277629;0.283993;0.287932;0.290188;0.291658;0.292149;0.291696;0.290691;0.292562;0.29325;0.296438;0.298418;0.300028;0.28946;0.285258;0.279713;0.27301;0.265781;2.58E-01;0.248893;0.239971;0.230852;0.22149;0.212116;0.20282;0.193753;0.184891;0.176142;0.167617;0.159127;0.150887;0.142918;0.135078;0.127591;0.120389;0.113351;0.106338;0.0995785;0.0930889;0.0868392;0.0808526;0.0751467;0.0697888;0.0648094;0.0601683;0.0558518;0.0518082;0.0480634;0.0446449;0.0415245;0.0386047;0.035927;0.033518;         ;         ;         ;         ;         ;         ;         ;         ;         ;         ;         ;         ;         ;         ;         
;95% UL;         ;         ;         ;         ;         ;         ;0.0273588;0.0467771;0.0710143;0.0990829;0.12796;0.157564;0.194352;0.220472;0.244073;0.264949;0.28215;0.294558;0.302912;0.309124;0.313485;0.315649;0.317024;0.318825;0.31849;0.317721;0.319769;0.320677;0.324265;0.326709;0.328851;0.318423;0.313844;0.307884;3.01E-01;2.93E-01;2.85E-01;0.276815;0.268174;0.259241;0.249928;0.240505;0.231051;0.221729;0.212521;0.203271;0.194099;0.185074;0.176173;0.167461;0.158892;0.150582;0.142748;0.135002;0.127224;0.11959;0.112213;0.105087;0.0982054;0.0915992;0.0853753;0.0795854;0.0741558;0.0690778;0.0643403;0.0599654;0.0559488;0.052264;0.0488843;0.0457689;0.0428952;         ;         ;         ;         ;         ;         ;         ;         ;         ;         ;         ;         ;         ;         ;         
Prevalence in children aged 2-14;Mean;         ;5.95E-07;2.74E-06;8.97E-06;2.27E-05;5.44E-05;0.000127677;0.000285772;0.000585041;0.00107892;0.00180066;0.00275941;0.00396263;0.00538966;0.00705961;0.00885057;0.0107688;0.0128164;0.0149032;0.0169793;0.0189443;0.0207828;0.0225787;0.0241644;0.0253705;0.0262048;0.0266644;0.0266419;0.0261002;0.0252692;0.0242071;0.0229371;0.0214361;0.0198524;0.0182414;0.0165931;0.0149717;0.0134149;0.0119352;0.0105958;0.00953843;0.00869997;0.00794104;0.00722537;0.00657555;0.00607233;0.00563248;0.00527365;0.00495249;0.00465741;0.00438814;0.00414298;0.00391652;0.00370664;0.00351025;0.0033246;0.00314816;0.00298024;0.00282048;0.0026673;0.00252018;0.00237903;0.00224382;0.00211458;0.00199136;0.00187428;0.00176338;0.0016586;0.0015598;0.00146678;0.00137938;         ;         ;         ;         ;         ;         ;         ;         ;         ;         ;         ;         ;         ;         ;         
;95% LL;         ;3.44E-07;1.63E-06;5.60E-06;1.48E-05;3.49E-05;9.12E-05;0.000202866;0.000429771;0.000810729;0.00140594;0.00222753;0.00330228;0.00460751;0.00617284;0.00789342;0.00976029;0.0117445;0.0137962;0.0158831;0.017853;0.0197206;0.0215527;0.0232023;0.0244864;0.0253893;0.025868;0.0258977;0.025403;0.024611;0.0235879;0.0223554;0.0208965;0.0193543;0.0177824;0.0161701;0.0145804;0.0130336;0.0115697;0.0102495;0.00921367;0.00839092;0.00764772;0.00694902;0.00631568;0.00582381;0.00539472;0.00504516;0.00473387;0.00444944;0.00419143;0.00395719;0.00374065;0.00353947;0.00334983;0.00316889;0.00299707;0.00283288;0.00267722;0.0025278;0.00238433;0.00224682;0.00211529;0.00198977;0.00187045;0.00175791;0.00165146;0.00155127;0.00145731;0.00136889;0.00128568;         ;         ;         ;         ;         ;         ;         ;         ;         ;         ;         ;         ;         ;         ;         
;95% UL;         ;9.54E-07;4.32E-06;1.38E-05;3.27E-05;7.64E-05;0.000177464;0.00038525;0.000764742;0.00136524;0.00219316;0.00325625;0.0045613;0.00607813;0.00785057;0.00969592;0.0116772;0.0138088;0.0158874;0.017902;0.0198827;0.0217174;0.0235054;0.0250828;0.0262441;0.0269846;0.0274156;0.0273935;0.0268331;0.0259961;0.024989;0.0236816;0.0221216;0.0205128;0.0188696;0.0171962;0.0155431;0.0139366;0.0124408;0.011084;0.0100158;0.00917543;0.00840088;0.00766448;0.00699272;0.00647966;0.00603699;0.00567552;0.00535039;0.00504995;0.00477413;0.00450868;0.00426228;0.00403571;0.00382682;0.00363259;0.00344911;0.00327665;0.00311205;0.0029534;0.00280006;0.00265193;0.00250816;0.00236987;0.00223695;0.00210968;0.00198831;0.00187299;0.00176432;0.00166168;0.00156495;         ;         ;         ;         ;         ;         ;         ;         ;         ;         ;         ;         ;         ;         ;         
Children starting ART aged <12 months;Mean;         ;         ;         ;         ;         ;         ;         ;         ;         ;         ;         ;         ;         ;         ;         ;96.0813;132.526;141.497;191.238;731.116;1415.03;2062.1;2796.15;4487.3;6941.9;7352.7;6205.72;6025.53;5934.69;4991.2;3536.5;2110.06;1746.39;1547.93;1458.63;1088.06;1045.84;993.465;979.24;964.487;951.852;940.04;925.375;878.571;837.74;798.971;761.674;725.757;690.925;656.909;623.454;590.457;558.103;526.593;496.022;466.426;437.861;410.409;384.161;359.211;335.647;313.521;292.847;273.609;255.774;239.296;224.099;210.088;197.185;185.315;174.401;         ;         ;         ;         ;         ;         ;         ;         ;         ;         ;         ;         ;         ;         ;         
;95% LL;         ;         ;         ;         ;         ;         ;         ;         ;         ;         ;         ;         ;         ;         ;         ;92.1267;127.404;136.077;183.742;706.888;1368.03;1997.02;2711.65;4351.21;6724.64;7111.52;5988.52;5806.78;5709.39;4809.44;3426.59;2036.98;1678.69;1482.48;1393.44;1023.27;981.706;932.958;923.16;915.235;903.097;890.742;875.919;831.948;792.752;755.223;719.011;683.701;648.873;616.327;584.512;553.186;522.082;491.857;462.594;434.324;407.096;380.982;356.147;332.809;310.795;290.143;270.863;252.936;236.327;220.99;206.851;193.759;181.619;170.463;160.147;         ;         ;         ;         ;         ;         ;         ;         ;         ;         ;         ;         ;         ;         ;         
;95% UL;         ;         ;         ;         ;         ;         ;         ;         ;         ;         ;         ;         ;         ;         ;         ;99.72;137.625;146.642;198.068;755.799;1465.45;2143.91;2906.05;4663.32;7226.46;7658.68;6488.89;6313.1;6241.43;5261.96;3706.47;2213.42;1837.11;1634.46;1545.52;1176.58;1131.4;1074.6;1056.56;1041.92;1029.47;1017.59;1003.89;956.201;913.291;874.114;836.104;800.654;765.948;731.665;697.482;663.268;628.543;594.331;561.719;530.002;499.187;468.886;439.615;411.625;385.061;360.022;336.559;314.686;294.388;275.633;258.346;242.429;227.796;214.364;202.044;         ;         ;         ;         ;         ;         ;         ;         ;         ;         ;         ;         ;         ;         ;         
Children starting ART aged 12-23 months;Mean;         ;         ;         ;         ;         ;         ;         ;         ;         ;         ;         ;         ;         ;         ;         ;102.714;134.206;145.771;186.442;804.751;1380.11;1625.51;1898.23;3388.92;4429.05;3664.69;1962.23;1976.29;1880.86;1951.69;1902.29;1366.67;1152.71;1040.91;987.901;704.145;651.948;597.029;583.739;581.659;583.765;585.298;584.527;554.216;528.757;505.572;483.095;461.203;439.904;419.056;398.433;377.913;357.632;337.895;318.841;300.506;282.884;265.996;249.876;234.561;220.069;206.417;193.608;181.636;170.48;160.117;150.515;141.633;133.415;125.813;118.782;         ;         ;         ;         ;         ;         ;         ;         ;         ;         ;         ;         ;         ;         ;         
;95% LL;         ;         ;         ;         ;         ;         ;         ;         ;         ;         ;         ;         ;         ;         ;         ;100.333;130.881;142.477;181.834;785.456;1346.11;1584.72;1851.68;3305.33;4326.4;3576.77;1921.02;1941.05;1849.13;1914.64;1861.57;1331.19;1120.62;1009.3;955.525;673.397;621.192;568.422;557.664;555.573;557.288;559.419;559.185;530.37;505.592;483.304;461.294;439.497;418.328;397.656;377.259;357.019;337.272;318.321;300.096;282.598;265.58;249.311;233.818;219.128;205.254;192.205;179.981;168.571;157.954;148.101;138.98;130.549;122.755;115.548;108.887;         ;         ;         ;         ;         ;         ;         ;         ;         ;         ;         ;         ;         ;         ;         
;95% UL;         ;         ;         ;         ;         ;         ;         ;         ;         ;         ;         ;         ;         ;         ;         ;105.313;137.85;149.498;191.506;828.451;1424.48;1677.11;1956.54;3486.7;4551.49;3767.56;2016.81;2031.95;1933.15;2011.79;1968.88;1425.32;1205.16;1091.23;1039.14;752.388;699.529;643.049;630.359;629.618;633.464;636.866;634.951;604.027;576.432;551.97;528.707;507.202;486.224;465.407;444.48;423.288;401.994;380.981;360.449;340.474;321.087;302.348;284.335;267.12;250.758;235.291;220.748;207.138;194.455;182.683;171.794;161.745;152.477;143.985;136.192;         ;         ;         ;         ;         ;         ;         ;         ;         ;         ;         ;         ;         ;         ;         
Children starting ART aged 2-4 years;Mean;         ;         ;         ;         ;         ;         ;         ;         ;         ;         ;         ;         ;         ;         ;         ;311.326;388.517;430.304;524.187;2683.87;3978.53;4694.96;5507.18;7090.21;10785.1;12371.1;6325.02;6943.86;4870.52;3925.62;4263.04;2807.21;2236.69;2030.55;1907.07;742.378;858.858;808.182;959.394;1085.78;1171.86;1219.3;1240.38;1133.74;1062.6;1008.28;961.662;918.688;877.667;837.821;798.894;760.595;722.665;685.117;648.264;612.464;577.938;544.754;512.936;482.521;453.56;426.092;400.141;375.715;352.807;331.395;311.441;292.897;275.699;259.768;245.014;         ;         ;         ;         ;         ;         ;         ;         ;         ;         ;         ;         ;         ;         ;         
;95% LL;         ;         ;         ;         ;         ;         ;         ;         ;         ;         ;         ;         ;         ;         ;         ;306.236;382.478;424.033;516.066;2641.71;3908.66;4613.67;5413.03;6971.88;10613.3;12153.1;6185.26;6859.11;4823.86;3862.57;4176.72;2746.8;2191.55;1987.05;1863.31;712.244;820.952;769.979;913.663;1034.96;1119.65;1165.09;1184.49;1082.96;1015.55;963.807;918.973;877.273;837.051;797.372;758.689;720.787;683.483;646.679;611.198;576.88;543.71;511.621;480.933;451.669;423.865;397.547;373.175;349.793;327.89;307.441;288.407;270.738;254.358;239.222;225.209;         ;         ;         ;         ;         ;         ;         ;         ;         ;         ;         ;         ;         ;         ;         
;95% UL;         ;         ;         ;         ;         ;         ;         ;         ;         ;         ;         ;         ;         ;         ;         ;315.569;394.559;436.743;533.311;2734.64;4063.16;4793.29;5623.38;7226.64;11002.9;12618.8;6492.59;7056.74;4950.54;4019.67;4393.43;2906.88;2309.52;2092.54;1961.38;787.029;914.972;864.823;1030.23;1169.37;1265.73;1320.72;1347.56;1231.77;1152.4;1094.45;1045.54;1001.13;961.653;922.783;884.264;845.77;806.996;767.957;729.045;690.731;653.342;617.026;581.884;548.028;515.58;484.647;455.308;427.617;401.606;377.279;354.62;333.59;314.131;296.306;280.126;         ;         ;         ;         ;         ;         ;         ;         ;         ;         ;         ;         ;         ;         ;         
Children starting ART aged 5-14 years;Mean;         ;         ;         ;         ;         ;         ;         ;         ;         ;         ;         ;         ;         ;         ;         ;277.955;398.041;519.914;671.959;4361.6;6486.49;8708.2;10759.1;13208.1;17357.8;25549;14856.9;15454.9;11624.6;11809.7;12886.8;10062.6;8546.15;7351.72;6520.81;925.873;1075.13;1018.11;2157.29;3112.07;3796.81;4148.26;4149.97;3397.95;2853.09;2459.16;2165.15;1943.53;1771.1;1633.66;1524.12;1435.2;1359.57;1292.24;1230.06;1171.07;1114.24;1059.11;1005.49;953.311;902.614;853.492;806.034;760.337;716.522;674.705;634.962;597.325;561.791;528.346;496.961;         ;         ;         ;         ;         ;         ;         ;         ;         ;         ;         ;         ;         ;         ;         
;95% LL;         ;         ;         ;         ;         ;         ;         ;         ;         ;         ;         ;         ;         ;         ;         ;253.465;367.019;486.152;635.148;4164.41;6210.07;8375.97;10383.4;12729.3;16737.7;24551.4;14224.9;14701.2;11150.3;11428.7;12554.8;9965.25;8501.47;7303.9;6467.84;899.951;1042.25;983.705;2074.97;2988.84;3643.2;3979.09;3977.48;3254.43;2730.41;2353.37;2073.19;1860.37;1693.77;1561.04;1455.04;1369.68;1296.91;1231.9;1171.68;1114.11;1058.46;1004.12;951.403;900.339;851.566;803.838;757.85;713.681;671.436;631.211;593.89;558.182;524.544;492.241;461.862;         ;         ;         ;         ;         ;         ;         ;         ;         ;         ;         ;         ;         ;         ;         
;95% UL;         ;         ;         ;         ;         ;         ;         ;         ;         ;         ;         ;         ;         ;         ;         ;299.107;423.2;547.253;702.107;4525.27;6717.45;8986.74;11085.6;13607;17884.9;26403.3;15412.9;16183.8;12088.4;12215.2;13286.9;10169.6;8592.85;7389.76;6558.73;967.126;1126.18;1070.17;2296.33;3319.19;4054.12;4426.22;4424.62;3623.8;3048.63;2636.9;2330.62;2100.64;1922.47;1772.2;1651.84;1555.89;1478.35;1409.23;1345.86;1287.89;1231.19;1175.31;1120.15;1065.7;1012.12;959.571;908.252;858.356;810.109;763.729;719.391;677.203;637.232;599.519;564.079;         ;         ;         ;         ;         ;         ;         ;         ;         ;         ;         ;         ;         ;         ;         
Female deaths aged <1 year;Mean;26137.2;25495.2;24851.6;24148.1;23460.1;22847.1;22591.1;22658.3;22907.8;23288.4;23749.1;24159.9;24564.3;25055.2;25361.6;25290.1;25160.2;25845.7;27048;28137.7;28073.7;26880.9;24998.4;22751.3;19722.4;17512.6;16649.8;16394.3;16219.7;15963.8;15636.5;15325.1;14985.9;14771.1;13636.6;13459.9;15642.2;15882.8;15581.5;15264.5;14941.7;14613;14285;13961.4;13644.6;13336;13037.7;12750.8;12471.9;12198.4;11928.9;11661.1;11393;11124.1;10854.9;10586.1;10318.4;10052.3;9788.4;9527.47;9270.67;9019.16;8773.93;8535.8;8305.46;8083.38;7869.59;7663.89;7466.23;7276.47;7094.22;         ;         ;         ;         ;         ;         ;         ;         ;         ;         ;         ;         ;         ;         ;         
;95% LL;26135.5;25489.8;24842;24128.7;23420.4;22759.9;22401.6;22326.4;22424.8;22701.3;23113.7;23489.3;23879.9;24399.7;24721.9;24650.5;24559.2;25291.1;26478;27578.1;27553.7;26436.6;24638.5;22468.9;19541;17407.2;16567.9;16322;16153.7;15905.2;15585.2;15278.7;14940.7;14727.5;13597.8;13420.3;15594.6;15826.4;15515.8;15191.5;14864.1;14534.5;14206.2;13883.6;13568.2;13261.4;12964.9;12680;12403.2;12131.9;11864.8;11599.7;11334.4;11068.3;10802;10535.9;10270.9;10007.4;9746.02;9487.43;9232.81;8983.26;8739.72;8502.65;8273.2;8051.87;7838.71;7633.53;7436.33;7246.98;7065.12;         ;         ;         ;         ;         ;         ;         ;         ;         ;         ;         ;         ;         ;         ;         
;95% UL;26140;25503.7;24865.8;24174.2;23511.5;22966.5;22818;23020.2;23361.7;23824.8;24376.2;24770.5;25189.8;25654.1;25933.5;25806.3;25684.8;26397.5;27583.3;28665.4;28586;27365.4;25419.5;23111.1;19954.8;17649.1;16751.6;16490.8;16307;16043.1;15708.4;15391.1;15044.2;14826.5;13687.3;13509.2;15705.8;15968;15679.7;15371.4;15053.4;14728.3;14400.9;14076.7;13758.4;13447.5;13146.4;12856.5;12574.4;12297.6;12024.6;11753.1;11481.2;11208.5;10935.6;10662.1;10390.5;10120.9;9853.81;9590.06;9330.65;9076.73;8829.34;8589.31;8357.22;8133.68;7918.79;7712.26;7513.86;7323.4;7140.5;         ;         ;         ;         ;         ;         ;         ;         ;         ;         ;         ;         ;         ;         ;         
Female deaths aged 1-4;Mean;10211.4;9896.15;9599.37;9297.37;8973.39;8664.98;8434.32;8358.99;8435.34;8655.92;8984.77;9348.51;9947.04;10723.6;11328.2;12065.6;12675.9;13083.6;13331.9;13539.7;13272.2;12869.5;12440.7;11814.7;10428.9;8610.33;7339.76;6730.66;6361.74;6122.58;5863.2;5631.98;5465.08;5290.7;4826.56;4876.07;5717.46;5821.61;5690.83;5545.89;5406.2;5272.48;5144.14;5021.9;4905.05;4791.04;4679.58;4571.09;4466.64;4366.03;4268.39;4173.04;4079.24;3986.28;3893.69;3801.32;3709.24;3617.61;3526.64;3436.52;3347.46;3259.75;3173.74;3089.79;3008.21;2929.27;2853.18;2780.06;2709.89;2642.67;2578.33;         ;         ;         ;         ;         ;         ;         ;         ;         ;         ;         ;         ;         ;         ;         
;95% LL;10211.4;9895.13;9596.41;9291.45;8960.55;8639.47;8377.35;8239.9;8231.35;8361.15;8608.48;8937.66;9506.52;10272.5;10897;11638.7;12266.3;12684.5;12956.5;13196.9;12926.5;12544.6;12153.7;11571.3;10244.4;8486.69;7266.94;6680.45;6320.97;6085.9;5833.17;5603.82;5439.6;5266.01;4803.95;4853.68;5693.47;5796.43;5664.95;5518.57;5378.94;5245.43;5116.39;4993.2;4875.94;4761.96;4650.89;4543.03;4439.35;4339.57;4242.78;4148.29;4055.4;3963.39;3871.79;3780.44;3689.37;3598.75;3508.76;3419.59;3331.44;3244.51;3159.31;3075.93;2994.85;2916.36;2840.66;2767.87;2698;2631.01;2566.89;         ;         ;         ;         ;         ;         ;         ;         ;         ;         ;         ;         ;         ;         ;         
;95% UL;10211.5;9897.79;9603.86;9305.76;8989.12;8696.75;8509.31;8498.55;8655.53;8932.69;9318.8;9738.43;10365.3;11134.5;11717.3;12443.5;13047.7;13411;13668.5;13879.7;13602.7;13170.9;12723.2;12076.2;10659.2;8768.16;7439.42;6799.59;6416.53;6171.44;5903.55;5666.01;5496.21;5319.89;4854.09;4903.84;5746.93;5851.94;5724.15;5582.32;5445.68;5314.47;5187.29;5065.27;4948.44;4834.15;4722.1;4612.79;4507.35;4406.08;4307.81;4211.68;4116.95;4022.93;3929.15;3835.52;3742.13;3648.83;3556.12;3464.37;3373.79;3284.9;3197.85;3112.94;3030.5;2950.84;2874.15;2800.48;2729.85;2662.21;2597.51;         ;         ;         ;         ;         ;         ;         ;         ;         ;         ;         ;         ;         ;         ;         
Female deaths aged 5-9;Mean;1181.82;1261.17;1349.06;1440.71;1529.53;1604.7;1675.56;1738.59;1799.9;1868.41;1957.8;2078.7;2271.89;2402.27;2614.23;2894.71;3167.27;3485.42;3739.87;3971.2;3937.35;3690.56;3440.27;3235.81;3012.72;2688.48;2425.94;2326.34;2231.35;2115.82;1899.2;1656.32;1464.59;1310.34;1171.52;1202.33;1337.55;1332.36;1310.74;1264.28;1208.05;1146.45;1094.31;1052.22;1018.81;991.215;967.977;945.823;924.49;903.609;883.077;862.929;843.283;824.178;805.556;787.351;769.461;751.751;734.117;716.517;698.933;681.371;663.86;646.441;629.158;612.06;595.207;578.657;562.473;546.712;531.424;         ;         ;         ;         ;         ;         ;         ;         ;         ;         ;         ;         ;         ;         ;         
;95% LL;1181.82;1261.17;1349.06;1440.69;1529.44;1604.33;1674.56;1736.18;1794.58;1857.87;1934.93;2035.68;2199.27;2297.21;2473.05;2725.65;2985.54;3304.49;3557.28;3806.77;3789.09;3557.73;3326.17;3140.31;2932.25;2622.22;2380.25;2290.45;2201.19;2088.3;1879.03;1640.57;1451.71;1298.83;1160.72;1192.09;1326.99;1321.65;1300.05;1254.44;1199.27;1139.21;1087.95;1046.6;1013.35;985.357;961.804;939.516;918.171;897.226;876.77;856.716;837.179;818.2;799.729;781.681;763.954;746.414;728.959;711.545;694.154;676.803;659.509;642.3;625.215;608.304;591.625;575.236;559.199;543.588;528.439;         ;         ;         ;         ;         ;         ;         ;         ;         ;         ;         ;         ;         ;         ;         
;95% UL;1181.82;1261.17;1349.06;1440.73;1529.66;1605.24;1676.99;1741.54;1806.15;1883.05;1985.91;2127.9;2347.65;2506.67;2742.48;3043.99;3324.72;3649.25;3891.21;4113.65;4066.85;3810.54;3548.5;3325.91;3091.97;2754.55;2476.28;2374.01;2273.17;2151.4;1928.51;1678.52;1483.22;1326.88;1186.94;1217.56;1354.09;1349.18;1327.48;1279.54;1221.35;1157.59;1104.06;1060.86;1027.29;1000.25;977.416;955.817;934.946;914.408;893.918;873.72;853.888;834.547;815.654;797.154;778.948;760.901;742.911;724.938;707.028;689.154;671.323;653.582;635.956;618.503;601.317;584.462;568.023;552.045;536.561;         ;         ;         ;         ;         ;         ;         ;         ;         ;         ;         ;         ;         ;         ;         
Female deaths aged 10-14;Mean;975.377;1025.65;1071.37;1112.51;1151.52;1193.1;1244.94;1298.39;1360.44;1427.18;1492.03;1549.11;1612.75;1577.1;1553.73;1576.96;1653.35;1821.46;2079.91;2398.56;2627.9;2770.59;2792.13;2716.7;2587.14;2386.44;2083.66;1897.42;1775.1;1720.78;1699.4;1657.52;1628.1;1566.7;1485.89;1580.5;1718.12;1596.29;1520.76;1449.23;1396.36;1353.95;1306.65;1253.14;1203.42;1159.82;1120.33;1086.89;1061.1;1038.54;1019.25;1003.74;990.34;977.293;964.207;950.997;937.689;924.409;911.303;898.412;885.764;873.326;860.98;848.532;835.91;823.045;809.884;796.417;782.683;768.73;754.609;         ;         ;         ;         ;         ;         ;         ;         ;         ;         ;         ;         ;         ;         ;         
;95% LL;975.377;1025.65;1071.37;1112.51;1151.51;1193.08;1244.9;1298.33;1360.32;1426.96;1491.53;1547.78;1609.64;1570.36;1540.58;1547.73;1598.22;1728;1946.41;2223.69;2432.53;2580.16;2614.18;2559.61;2456.03;2285.02;2009.52;1840.7;1730.69;1681.8;1661.64;1622.16;1593.11;1529.57;1449.85;1545.71;1686.55;1570.39;1499.98;1432.64;1382.91;1342.66;1297.16;1244.68;1195.8;1152.83;1113.83;1080.81;1055.41;1033.02;1013.89;997.828;984.051;970.764;957.535;944.254;930.935;917.689;904.649;891.848;879.307;866.985;854.765;842.499;830.102;817.458;804.513;791.267;777.752;764.013;750.099;         ;         ;         ;         ;         ;         ;         ;         ;         ;         ;         ;         ;         ;         ;         
;95% UL;975.377;1025.65;1071.37;1112.51;1151.53;1193.11;1244.97;1298.46;1360.55;1427.37;1492.53;1550.65;1616.32;1584.85;1571.84;1612.92;1717.39;1918.53;2210.51;2559.38;2799.75;2937.84;2947.01;2850.96;2696.48;2478.15;2153.25;1952.96;1819.23;1758.74;1745.29;1704.54;1676.01;1617.03;1538.79;1630.92;1764.74;1634.8;1550.93;1473.69;1417.55;1372.52;1322.11;1266.53;1215.11;1170.32;1129.94;1096.04;1069.9;1046.86;1027.72;1013.07;1000.47;988.131;975.599;962.642;949.389;936.125;922.902;909.825;896.945;884.242;871.604;858.839;845.872;832.638;819.094;805.301;791.23;776.937;762.479;         ;         ;         ;         ;         ;         ;         ;         ;         ;         ;         ;         ;         ;         ;         
Female deaths aged 20-24;Mean;2804.01;2910;3004.13;3091.73;3186.32;3308.23;3535.74;3887.02;4388.79;5096.53;6058.88;7301.44;8690.27;10096.4;11764.7;13371.5;14621.4;15953.3;17072.5;17947;17603.3;16513;15099.9;13700.9;12379.8;10926.7;9454.79;8169.47;7414.9;6958.91;6605.64;6203.3;5786.86;5386.86;5178.22;5305.71;5123.91;4532.89;4344.9;4220.91;4154.05;4128.41;4133.32;4148.58;4129.51;4065.18;3978.04;3875.52;3769.26;3676.11;3596.49;3517.09;3427.83;3329.69;3231.29;3136.68;3049.25;2974.05;2909.27;2850.82;2798.84;2752.18;2707.99;2664.54;2621.56;2579.22;2537.78;2497.52;2458.62;2421.04;2384.63;         ;         ;         ;         ;         ;         ;         ;         ;         ;         ;         ;         ;         ;         ;         
;95% LL;2803.95;2909.46;3002.47;3088.08;3179.32;3292.34;3505.48;3820.47;4259.39;4853.64;5671.01;6733.61;7952.19;9213.62;10794.1;12352.5;13577;14919.4;16085.3;16978.9;16690.9;15685.9;14383.2;13087.3;11838.1;10464.4;9074.86;7869.82;7152.22;6712.48;6371.91;5990.22;5594.26;5196.42;4984.39;5111.05;4952.48;4395.99;4240.64;4143.02;4096.43;4084.49;4094.46;4114.11;4098.36;4036.56;3950.48;3849.2;3744.6;3652.61;3574.12;3495.9;3407.95;3311.18;3214.08;3120.73;3034.35;2960.22;2896.18;2837.07;2785.43;2738.98;2694.56;2650.43;2607.2;2564.84;2523.32;2483.1;2444.32;2406.92;2370.73;         ;         ;         ;         ;         ;         ;         ;         ;         ;         ;         ;         ;         ;         ;         
;95% UL;2804.12;2910.84;3006.65;3097.08;3195.97;3327.59;3573.5;3964.44;4532.53;5347.4;6451.71;7835.63;9336.24;10819.6;12544;14136.1;15441.1;16730;17822.9;18659.8;18260.7;17124.6;15664.6;14200.6;12822.9;11309.2;9763.69;8425.17;7644.77;7185.09;6840.67;6428.78;5996.73;5604.06;5401.59;5533.88;5328.53;4695.52;4467.3;4313.66;4226.03;4190.44;4187.18;4198.14;4177.66;4110.1;4023.25;3920.58;3812.66;3716.56;3635.49;3554.61;3463.5;3362.84;3261.98;3165.08;3075.88;2999.76;2934.8;2876.36;2824.33;2778.16;2734.08;2690.66;2647.63;2605.13;2563.46;2522.9;2483.65;2445.67;2408.84;         ;         ;         ;         ;         ;         ;         ;         ;         ;         ;         ;         ;         ;         ;         
Female deaths aged 25-29;Mean;2997.19;3126.06;3257.47;3390.74;3524.41;3663.03;3876.27;4175.99;4632.85;5353;6452.97;8046.76;10056.7;12619.1;15916.3;19511.8;22882.3;26517.3;29979.1;33014.4;33274.9;31855;29514.1;27162;24842.6;21910.1;18672;15442.5;13512.2;12371.4;11617.9;10776;9879.93;9041.32;8759.46;8844.84;8256.15;6929.57;6476.13;6090.05;5753.69;5454.99;5215.87;5052.96;4963.97;4936.2;4949.08;4988.65;5028.18;5014.38;4938.89;4830.51;4700.2;4564.45;4442.63;4335.85;4229.64;4113.42;3988.35;3863.88;3744.35;3633.59;3537.58;3454.43;3379.15;3311.82;3251.19;3193.9;3137.85;3082.71;3028.62;         ;         ;         ;         ;         ;         ;         ;         ;         ;         ;         ;         ;         ;         ;         
;95% LL;2997.13;3125.55;3255.82;3386.93;3516.57;3644.88;3840.6;4096.73;4476.12;5066.37;5964.08;7297.59;9017.09;11293.2;14339.8;17738.9;20884;24429.9;27888.1;31007.7;31397.1;30102.5;27887.7;25668.4;23537.6;20747.4;17682.4;14644.9;12836.9;11750.3;10998.2;10178.3;9346.85;8542.66;8266.66;8374.37;7852.89;6610.57;6234.62;5908.62;5617.16;5354.51;5140.68;4995.1;4913.48;4890.66;4905.21;4945.06;4984.8;4971.4;4896.06;4790.17;4661.38;4527.34;4407.67;4302.77;4198.39;4083.96;3960.64;3837.8;3719.76;3610.3;3515.39;3433.16;3358.62;3291.87;3231.7;3174.8;3119.13;3064.02;3010.05;         ;         ;         ;         ;         ;         ;         ;         ;         ;         ;         ;         ;         ;         ;         
;95% UL;2997.29;3126.87;3259.99;3396.32;3535.31;3685.3;3922.37;4274.74;4820.47;5684.9;6969.79;8797.44;11054.1;13865.3;17384.3;21140.3;24582.4;28194;31583.7;34593.1;34772.7;33272.7;30816.3;28273.7;25858.7;22817.1;19430.7;16089.1;14102.7;12970.1;12222.4;11394;10461.5;9622.88;9357.9;9440.65;8774.29;7336.46;6784.71;6321.04;5926.92;5593.21;5331.32;5153.62;5049.06;5014.3;5021.02;5063.98;5104.51;5094.7;5019.32;4909.09;4775.92;4637.21;4512.75;4402.94;4293.28;4173.13;4043.17;3914.1;3790.38;3676.24;3578.03;3493.72;3418.13;3351.3;3291.46;3234.75;3179.08;3123.61;3068.9;         ;         ;         ;         ;         ;         ;         ;         ;         ;         ;         ;         ;         ;         ;         
Female deaths aged 30-34;Mean;2832.87;2971.39;3113.38;3259.68;3412.8;3580.36;3824.25;4148.78;4614.34;5293.9;6259.68;7571.44;9189.96;11204.9;13785.3;16672;19535.2;22917.3;26717.9;30583.4;32138.3;31726.5;29707.5;27369.6;25035.6;22231.3;19320.7;16447.2;14907.5;14119;13781.2;13351.7;12743.3;12047.4;11729.1;12098.3;11284.2;9321.7;8741.08;8272.15;7898.29;7600.75;7332.64;7065.49;6814.75;6573.01;6337.03;6140.62;6005.68;5934.09;5920.44;5943.48;5989.41;6030.68;6008.88;5916.5;5786.68;5633.26;5475.62;5334.24;5208.67;5082.29;4943.3;4793.63;4644.75;4502.03;4369.88;4254.86;4154.85;4064.3;3983.04;         ;         ;         ;         ;         ;         ;         ;         ;         ;         ;         ;         ;         ;         ;         
;95% LL;2832.83;2971;3112.08;3256.64;3406.4;3565.28;3795.41;4082.1;4476;5032.86;5835.29;6910.67;8269.03;10026;12376.2;15099.3;17772.2;21079.6;24879.5;28766.4;30260.1;29959.8;28068;25908.6;23676.8;21081.5;18352.5;15638.3;14171;13384.1;13027.1;12605.9;12041.9;11384.4;11090.8;11499.2;10761.1;8906.56;8427.22;8036.91;7725.3;7471.92;7233.48;6985.87;6745.95;6510.83;6278.88;6087.65;5956.16;5886.32;5872.16;5893.31;5940.24;5982.15;5960.62;5869.78;5740.32;5587.88;5431.99;5292.77;5169.57;5044.95;4907.59;4759.54;4612.91;4472.28;4341.99;4228.53;4129.76;4039.53;3957.55;         ;         ;         ;         ;         ;         ;         ;         ;         ;         ;         ;         ;         ;         ;         
;95% UL;2832.95;2972.02;3115.37;3264.07;3421.51;3598.59;3865.55;4233.13;4776.2;5591.44;6709.84;8217.32;10045.1;12274.3;15063.3;18144.5;21176.7;24698;28592.7;32477.8;33936.4;33338.1;31071.3;28517.7;26080.5;23122.4;20079.8;17086;15548.1;14782.5;14477.8;14069.9;13434.2;12736.4;12449.5;12813.4;11926;9830.75;9126.97;8564.73;8122.09;7777.5;7476.23;7191.85;6931.4;6682.35;6435.52;6236.01;6094.31;6017.53;6000.11;6024.8;6076.78;6125.28;6108.38;6018.03;5887.77;5731.73;5569.85;5423.4;5292.35;5160.14;5015.08;4859.38;4704.87;4557.03;4420.79;4303.14;4201.78;4110.95;4030.3;         ;         ;         ;         ;         ;         ;         ;         ;         ;         ;         ;         ;         ;         ;         
Female deaths aged 35-39;Mean;2833.95;2997.3;3162.17;3331.04;3507.23;3698.61;3954.81;4277.36;4716.47;5338.88;6214.01;7402.14;8914.19;10741.6;12939.2;15388;17671.5;20178.8;22792;25169.5;25961.2;25648.3;24284.4;22932.6;21524.2;19560.1;17303.8;14912.7;13564.7;12861.2;12661.6;12606.4;12625.4;12697.5;12918.2;14080.9;13508.5;11197.3;10788.8;10395.3;10017.2;9659.3;9338.22;9053.19;8804.86;8589.47;8402.5;8207.98;7984.6;7752.25;7509.03;7255.47;7036.77;6885.96;6803.83;6784.2;6807.48;6860.35;6913.27;6898.28;6804.94;6669.86;6505.59;6333.25;6178.36;6042.21;5905.71;5755.07;5591.15;5426.09;5266.16;         ;         ;         ;         ;         ;         ;         ;         ;         ;         ;         ;         ;         ;         ;         
;95% LL;2833.91;2997.02;3161.26;3328.89;3502.68;3687.93;3933.76;4228.64;4614.07;5142.28;5878.27;6891.7;8207.79;9818.11;11816.7;14106.1;16285.9;18750.7;21367.1;23770.8;24631.1;24384.3;23101.6;21884.2;20580.1;18712.8;16561.3;14298.9;12981.2;12290.3;12093.4;12052.3;12095.9;12170.9;12380.4;13547.1;13031.5;10804.7;10489.8;10170.3;9842.83;9522.63;9227.92;8961.53;8724.37;8515.36;8330.37;8136.98;7916.18;7687.16;7445.81;7194.59;6979.8;6832.9;6750.58;6729.91;6753.98;6806.33;6856.41;6840.34;6747.59;6613.8;6451.43;6281.37;6128.9;5995.22;5861.3;5713.34;5552.1;5389.37;5231.9;         ;         ;         ;         ;         ;         ;         ;         ;         ;         ;         ;         ;         ;         ;         
;95% UL;2834;2997.74;3163.57;3334.16;3513.49;3711.27;3983.37;4341.33;4841.27;5561.65;6580.8;7920.46;9610.35;11617.8;13983.8;16577.7;18974;21558.5;24212.3;26589.8;27322;26902.6;25386.7;23853;22296.7;20247.7;17881.2;15381.7;14023.4;13338.3;13205.8;13137.4;13158.6;13246.8;13501.1;14691;14060.7;11652.8;11145.6;10669.6;10228.9;9830.56;9481.29;9178.85;8924.64;8702.58;8512;8320.63;8098.45;7866.06;7620.38;7361.11;7138.22;6981.53;6894.84;6873.59;6901.86;6963.34;7024.39;7014.81;6923.66;6788.05;6620.81;6443.69;6283.08;6140.68;5997.47;5839.83;5668.93;5497.32;5331.45;         ;         ;         ;         ;         ;         ;         ;         ;         ;         ;         ;         ;         ;         ;         
Female deaths aged 40-44;Mean;3229.58;3317.75;3457.8;3643.12;3860.25;4095.65;4375.41;4692.48;5083.07;5594.87;6284.18;7205.66;8387.19;9803.52;11488.9;13458.5;15499.1;17787.8;20296.3;22693.2;23662.3;23453.8;22264.7;20923.9;19552.8;17878.8;16157.5;14456.5;13610.3;13225.9;13148.3;13060.8;12939.9;12844.7;13111.2;14538.6;14074.3;11920.1;12067.1;12237.9;12385.4;12468.7;12453.7;12351.4;12195.3;11990.3;11752.2;11511.2;11275.6;11051;10845;10658.9;10453.4;10202.4;9931.1;9641.23;9335.36;9072.12;8893.83;8802.63;8794.32;8844;8933.36;9024.63;9031.6;8940.25;8795.87;8614.06;8421.68;8250.58;8100.88;         ;         ;         ;         ;         ;         ;         ;         ;         ;         ;         ;         ;         ;         ;         
;95% LL;3229.56;3317.57;3457.21;3641.79;3857.53;4089.58;4362.81;4665.48;5024.13;5479.82;6076;6884.12;7931.31;9193.52;10737.9;12586.9;14495;16722.9;19162.1;21536.3;22562.5;22452.3;21352.8;20125.1;18844.6;17223.8;15605.3;14018.1;13223.3;12842.1;12768;12699.2;12606.9;12514.3;12775;14193.1;13765.3;11655.5;11863;12080.6;12261.7;12362.7;12361;12268.7;12120;11919.6;11682;11441.9;11207.6;10980.5;10771.6;10583.9;10378.8;10129.9;9861.23;9574.44;9272.13;9012.06;8834.05;8745.14;8736.88;8783.1;8869.59;8959.53;8966.08;8875.33;8732.33;8552.55;8362.62;8194.13;8047.12;         ;         ;         ;         ;         ;         ;         ;         ;         ;         ;         ;         ;         ;         ;         
;95% UL;3229.62;3318.05;3458.7;3645.11;3864.1;4103.08;4391.34;4730.32;5154.69;5729.51;6504.63;7534.26;8842.21;10398.6;12224.4;14323.1;16470.7;18838.8;21392.8;23792;24707.6;24402.7;23077.9;21580.3;20135.3;18384.5;16608.7;14826.6;14018.7;13632;13590.9;13506.3;13378;13305;13579.6;15010.8;14508.4;12276.3;12349.8;12460.9;12561;12607.1;12567.9;12451.8;12291.3;12084.7;11849.1;11613.1;11382.8;11159.8;10954.5;10770.3;10570.2;10321.9;10051.8;9759.23;9450.24;9179.87;8995.72;8902.95;8896.63;8956.36;9053.21;9153.4;9166.36;9077.45;8932.47;8747.3;8549.55;8371.99;8215.23;         ;         ;         ;         ;         ;         ;         ;         ;         ;         ;         ;         ;         ;         ;         
Female deaths aged 45-49;Mean;4740.83;4779.39;4770.03;4733.7;4707.1;4728.47;4847.67;5057.9;5361.05;5760.59;6264.89;6896.12;7677.97;8568.22;9809.84;11260.8;12687.2;14524.9;16567.7;18616.6;19828.3;20176.1;19780.8;19326.5;18715.9;17672.8;16394;14961.7;14119.2;13628;13446.1;13362.6;13365;13451;14381.4;16727.7;15599.6;12606.5;12513.2;12507.5;12621.8;12868.8;13231.2;13658.8;14083.7;14452.8;14720;14844.7;14841.8;14748.9;14578.6;14354.3;14118.6;13883.6;13657;13448.7;13260.9;13044.3;12767.7;12462.9;12128.8;11768.3;11459.1;11256.5;11163.3;11174.6;11260.5;11400.8;11547.6;11590.5;11512.2;         ;         ;         ;         ;         ;         ;         ;         ;         ;         ;         ;         ;         ;         ;         
;95% LL;4740.82;4779.24;4769.59;4732.82;4705.53;4725.41;4841.36;5045.03;5334.1;5703.56;6160.9;6726.6;7431.02;8230.08;9380.25;10734.1;12068.9;13832.5;15819.5;17839.5;19050.9;19412.1;19087.7;18672;18159.2;17168.8;15957.4;14629.8;13833.1;13344.7;13149.4;13058.5;13084.5;13172.2;14078.4;16387;15293.7;12371.1;12320.1;12350.8;12494.2;12763.2;13141.5;13580;14011.7;14385;14655;14782.4;14782.1;14691.5;14520.8;14293.7;14054.4;13815.2;13585.3;13374.3;13186.9;12969;12694.5;12393.4;12061.7;11702.1;11393.4;11190.8;11097.1;11108.2;11191.6;11330.3;11475.7;11518.1;11440.5;         ;         ;         ;         ;         ;         ;         ;         ;         ;         ;         ;         ;         ;         ;         
;95% UL;4740.87;4779.64;4770.72;4735.05;4709.35;4732.1;4855.22;5074.86;5396.24;5825.66;6375.01;7070.73;7929.56;8903.94;10241.5;11782.7;13281.4;15186.9;17281.2;19351.9;20551.2;20861.6;20391.9;19886.6;19229;18098;16772.9;15321;14418.2;13964.2;13799.6;13730.9;13754;13858;14815;17218.6;16038.2;12947.3;12781.7;12721.4;12794.4;13010.1;13349.2;13759.6;14173.2;14535;14797.7;14924.8;14925.3;14830.3;14664.1;14443.1;14213.9;13984.7;13763.6;13557.9;13374.7;13164.6;12891.6;12588.6;12254.7;11886.6;11572.2;11367.5;11273.6;11293.6;11390.3;11535.8;11691.4;11740.4;11664.6;         ;         ;         ;         ;         ;         ;         ;         ;         ;         ;         ;         ;         ;         ;         
Female deaths aged 50-54;Mean;6015.72;6100.51;6223.41;6364.79;6491.3;6571.09;6604.92;6579.83;6537.33;6536.75;6639.9;6892.97;7318.28;7818.55;8554.93;9628.02;10752.5;11915.9;13260.2;14903.1;16003.2;16670.5;16868.5;16918.5;16844.6;16464;15907.7;15211.8;14893.7;14760.7;14766.9;14725.1;14626.2;14508.7;15749.8;19098.8;17606.3;13888.3;13975.8;14117.5;14265.5;14387.8;14480.7;14576.1;14731.5;14995.2;15394.9;15917.7;16509.6;17087.8;17594.7;17976.7;18188.7;18246.8;18195.1;18047.6;17831;17597.4;17361.1;17131.5;16921.1;16732.7;16502.9;16191;15837.7;15443.7;15013;14643.8;14409.5;14315.8;14356.9;         ;         ;         ;         ;         ;         ;         ;         ;         ;         ;         ;         ;         ;         ;         
;95% LL;6015.72;6100.48;6223.22;6364.31;6490.3;6569.24;6601.4;6573.46;6525.14;6513.07;6596.94;6820.31;7207.41;7654.84;8330.17;9344.41;10412.2;11507.3;12786.8;14354.4;15432.4;16115.3;16344;16439.7;16428.4;16120.4;15608.8;14963.7;14654.8;14531.9;14531.5;14494.6;14390.1;14251.3;15457.4;18751.6;17281.1;13625.4;13734.8;13896.3;14063.3;14204.7;14317.5;14432.8;14606.8;14886.8;15299.7;15832.6;16432;17015.6;17526.4;17911.6;18126.4;18187;18137.2;17990.9;17774.5;17536.9;17293.6;17059.7;16847.9;16658.4;16428.5;16117.1;15765.2;15372.6;14942.4;14573.4;14338.9;14244.3;14284.1;         ;         ;         ;         ;         ;         ;         ;         ;         ;         ;         ;         ;         ;         ;         
;95% UL;6015.73;6100.58;6223.69;6365.54;6492.76;6573.47;6609.05;6587.61;6552.51;6564.78;6686.45;6970.02;7431.94;7977.4;8766.4;9896.12;11078.8;12299;13694.6;15368.9;16485.2;17140.6;17325.6;17323.2;17200.3;16779.6;16197.6;15454.3;15133.8;15024;15056.8;15036.2;14950.7;14850.8;16135.8;19536.9;18005.9;14206.2;14260.8;14359.1;14491.1;14598.6;14668.3;14751.4;14892.2;15137.5;15522.3;16028.8;16610.3;17177.4;17678.1;18055.4;18264;18320.1;18269.6;18125.4;17913.3;17683.7;17455.9;17231.3;17025.6;16845;16622.5;16314.8;15963.9;15568;15132.4;14764.5;14531;14438.9;14490.4;         ;         ;         ;         ;         ;         ;         ;         ;         ;         ;         ;         ;         ;         ;         
Female deaths aged 55-59;Mean;7345.51;7500.28;7580.28;7610.39;7630.28;7677.68;7789.55;7948.06;8130.53;8301.15;8428.33;8498.86;8527.07;8583.86;8717.68;9107.1;9585.13;10237.2;11200.4;12314.4;13251.7;14065.4;14430.1;14846.1;15185;15343.7;15382.7;15285;15391.9;15607.9;15928.3;16247.2;16568.1;16896;19170;24388.4;22178.7;16691.2;16604.1;16541.9;16546.1;16648.1;16857.2;17148.2;17473.4;17776.1;18020.1;18201.6;18364.1;18580.6;18922.9;19435.4;20114.8;20899.3;21686.2;22399.9;22967.9;23328.1;23496.3;23524.7;23426.5;23233.7;23014.8;22787.7;22563.5;22358.5;22177.1;21938.4;21589.8;21178.9;20700.4;         ;         ;         ;         ;         ;         ;         ;         ;         ;         ;         ;         ;         ;         ;         
;95% LL;7345.51;7500.28;7580.28;7610.36;7630.17;7677.28;7788.42;7945.4;8124.97;8290.27;8407.95;8464.74;8474.21;8507.67;8615.07;8975.73;9421.69;10022.4;10937.9;12015.8;12922.1;13727.5;14101.1;14543.7;14915.9;15111.3;15198.6;15133.8;15244.3;15466.3;15765.1;16053.1;16346.8;16650.9;18883.2;24034.5;21849.3;16430.8;16359.4;16308.7;16320.3;16426.2;16636.9;16928.7;17255.4;17562.7;17815.9;18011.7;18192.8;18425.6;18783.6;19312;20008.1;20805.5;21605.1;22329.8;22904.7;23268.9;23440.3;23470.7;23372.9;23178.8;22957.1;22726.3;22498.2;22288.2;22103.4;21861.9;21511.9;21102.6;20625.6;         ;         ;         ;         ;         ;         ;         ;         ;         ;         ;         ;         ;         ;         ;         
;95% UL;7345.51;7500.28;7580.29;7610.42;7630.4;7678.17;7790.9;7951.09;8136.95;8314.01;8450.46;8533.92;8577.09;8651.47;8807.79;9223.81;9739.66;10435.9;11431.5;12569.8;13531.7;14341;14704.3;15101.2;15420.5;15548.5;15595.3;15447.4;15547.2;15791.9;16140.8;16485.3;16822.1;17179.1;19518;24794.5;22552.7;16988.7;16868.7;16794.6;16791.2;16890.7;17098.6;17388.4;17706.3;18008.5;18246.9;18419.8;18570.5;18772.1;19097;19590.5;20251.5;21022.4;21797.8;22497.7;23051.8;23402.7;23566;23592.4;23494.6;23304.7;23091;22871.9;22655.5;22459.9;22288;22054.5;21707.8;21299.5;20822.8;         ;         ;         ;         ;         ;         ;         ;         ;         ;         ;         ;         ;         ;         ;         
Male deaths aged <1 year;Mean;30406.5;29483.5;28560.7;27600.8;26653.3;25779.6;25262.3;25096.8;25111.5;25256.2;25479;25648.5;25830.1;26302.9;26011.5;26318.2;26484.2;28473.1;29470.5;30148.2;30144;29411.5;27413.9;25159.4;22073;19834.7;18985.9;18767.5;18624.9;18387.3;18066.6;17750.8;17394.9;17179.8;15906.4;15975.9;18781.2;19062.1;18704.7;18331;17950.2;17562.4;17174.7;16791.3;16415.3;16048.7;15694.1;15353;15021.3;14695.8;14374.8;14055.8;13736.2;13415.4;13094.1;12773.1;12453.1;12135;11819.3;11506.9;11199.4;10898;10604.1;10318.6;10042.2;9775.76;9519.13;9272.13;9034.72;8806.73;8587.68;         ;         ;         ;         ;         ;         ;         ;         ;         ;         ;         ;         ;         ;         ;         
;95% LL;30404.7;29478;28551;27581.3;26613.4;25691.7;25071.2;24762;24624.3;24663.9;24837.7;24971.3;25137.7;25640.2;25363.2;25670.7;25875.4;27914.1;28891.9;29585.8;29622.1;28968.4;27044.2;24875.3;21887.5;19721.4;18897.2;18687.5;18551.6;18322.4;18010.9;17696.1;17342.9;17129.6;15860;15929.8;18725.2;18994.6;18627.2;18244.5;17858;17468.5;17080.5;16697.9;16323.5;15958.8;15606.5;15267.8;14939.1;14616.5;14298.6;13982.7;13666.5;13349.1;13031.1;12713.4;12396.6;12081.6;11768.8;11459.3;11154.3;10855.3;10563.1;10279;10003.7;9738.11;9482.21;9235.81;8998.91;8771.38;8552.79;         ;         ;         ;         ;         ;         ;         ;         ;         ;         ;         ;         ;         ;         ;         
;95% UL;30409.3;29492;28575;27627.1;26705.3;25900.2;25491;25461.5;25569.6;25797.6;26112.2;26265.4;26462.8;26908.5;26591;26839.3;27013.9;29034.7;30008.7;30680.5;30665.1;29904.8;27847.4;25527.5;22310.8;19978.8;19097.6;18874.9;18722.5;18476.5;18147.8;17822.1;17460.8;17243.1;15964.4;16033.1;18855.6;19160;18817.4;18457.3;18083.8;17698.5;17312.5;16928.5;16550.8;16181.5;15823.7;15479.1;15143.5;14814;14488.9;14165.6;13841.5;13516.2;13189.3;12864;12539.7;12217.4;11897.6;11581.3;11270.7;10966.5;10670;10381.9;10103.4;9835.23;9577.35;9329.43;9091.34;8862.72;8642.93;         ;         ;         ;         ;         ;         ;         ;         ;         ;         ;         ;         ;         ;         ;         
Male deaths aged 1-4;Mean;11552.1;11185.6;10800;10417.2;10022.1;9647.5;9323.29;9163.07;9165.83;9319.28;9587.03;9893.07;10462.5;11274.2;11842.6;12750.1;13386.1;13453.4;13843.2;14195.3;13775.1;13370.2;13007.3;12446.8;11117.4;9344.44;8121.4;7572.33;7266.78;7094.4;6902.08;6735.46;6629.5;6509.96;5849.84;5701;6766.84;7058.08;6908.14;6748.05;6595.45;6450.05;6309.36;6174;6043.36;5915.05;5789;5665.9;5546.95;5432.03;5320.18;5210.62;5102.48;4994.89;4887.24;4779.36;4671.3;4563.29;4455.6;4348.46;4242.16;4137.07;4033.65;3932.37;3833.64;3737.82;3645.23;3556.01;3470.2;3387.79;3308.75;         ;         ;         ;         ;         ;         ;         ;         ;         ;         ;         ;         ;         ;         ;         
;95% LL;11552.1;11184.5;10797;10411.2;10009.2;9621.85;9266.13;9043.66;8961.49;9024.03;9210.08;9481.12;10019.3;10819.3;11407.6;12319.4;12973.1;13050.6;13465;13849;13425.5;13042.9;12718;12202.8;10930.5;9221.28;8047.38;7521.05;7224.41;7056.07;6866.42;6705.15;6600.76;6482.79;5824.76;5676.54;6741.6;7031.31;6879.19;6718.26;6564.36;6418.8;6276.14;6139.53;6008.31;5879.98;5754.36;5631.99;5513.94;5399.99;5289.14;5180.62;5073.56;4967.09;4860.62;4753.95;4647.17;4540.43;4433.77;4327.78;4222.57;4118.51;4016.05;3915.44;3817.3;3722;3629.84;3541;3455.51;3373.36;3294.55;         ;         ;         ;         ;         ;         ;         ;         ;         ;         ;         ;         ;         ;         ;         
;95% UL;11552.2;11187.2;10804.5;10425.6;10037.9;9679.48;9398.51;9302.92;9386.28;9596.32;9921.48;10284.1;10883;11688.5;12235.1;13131.6;13761.2;13784.5;14183.2;14537.3;14109.1;13674.4;13293.2;12711.7;11349.8;9504.63;8222.32;7644.35;7324.18;7149.11;6945.92;6773.16;6664.45;6542.96;5879.85;5730.29;6799.38;7091.92;6946.23;6790.11;6640.22;6498.4;6360.43;6225.66;6095.28;5966.79;5840.17;5716.19;5596.13;5479.96;5366.77;5255.79;5146.39;5037.57;4928.57;4819.23;4709.68;4600.14;4490.7;4381.65;4273.85;4167.46;4062.82;3960.42;3860.67;3763.97;3670.59;3580.73;3494.41;3411.56;3332.12;         ;         ;         ;         ;         ;         ;         ;         ;         ;         ;         ;         ;         ;         ;         
Male deaths aged 5-9;Mean;1817.02;1911.51;2018.69;2131.18;2239.64;2325.82;2395.17;2452.61;2504.87;2561.5;2637.9;2744.33;2933.56;2799.61;3050.04;3336.79;3688.86;3949.99;4265.22;4461.77;4320.92;4098.81;3828.51;3625.22;3408.81;3094.53;2844.11;2760.24;2682.49;2580.91;2373.46;2138.22;1952.92;1804.31;1653.14;1663.67;1789.06;1767.19;1748.44;1703.63;1648.1;1586.38;1535.52;1495.57;1464.73;1440.26;1420.94;1402.19;1383.76;1365.26;1346.66;1328.08;1309.75;1291.76;1274.09;1256.67;1239.36;1221.94;1204.25;1186.19;1167.71;1148.81;1129.51;1109.89;1090;1069.95;1049.81;1029.71;1009.76;990.073;970.757;         ;         ;         ;         ;         ;         ;         ;         ;         ;         ;         ;         ;         ;         ;         
;95% LL;1817.02;1911.51;2018.69;2131.17;2239.55;2325.45;2394.18;2450.2;2499.58;2551.02;2615.23;2701.75;2861.67;2695.22;2909.65;3168.36;3507.44;3768.88;4082.18;4296.98;4171.93;3965.85;3714.14;3529.69;3327.61;3028.71;2799.19;2723.83;2652.06;2553.48;2352.11;2121.63;1938.67;1791.32;1641.92;1653.06;1778.17;1756.19;1737.48;1693.39;1638.72;1578.36;1528.35;1487.99;1456.9;1432.53;1413.25;1394.17;1375.44;1356.9;1338.3;1319.77;1301.51;1283.63;1266.11;1248.86;1231.74;1214.54;1197.09;1179.28;1161.06;1142.41;1123.37;1104;1084.36;1064.53;1044.61;1024.71;1004.94;985.412;966.238;         ;         ;         ;         ;         ;         ;         ;         ;         ;         ;         ;         ;         ;         ;         
;95% UL;1817.02;1911.51;2018.69;2131.21;2239.77;2326.37;2396.59;2455.54;2511.1;2576.03;2665.75;2793.05;3008.51;2903.25;3177.56;3485.44;3845.83;4113.98;4416.5;4604.68;4451.14;4219.44;3936.45;3715.87;3487.65;3160.27;2894.08;2809.69;2723.96;2617.21;2402.33;2161.05;1972.55;1822.48;1669.63;1680.03;1806.15;1784.72;1766.16;1720.06;1662.35;1598.24;1546.09;1505.13;1474.85;1451.37;1433.11;1415.24;1397.45;1378.94;1360.35;1341.95;1323.69;1305.71;1287.97;1270.42;1252.92;1235.13;1216.92;1198.32;1179.3;1159.85;1140.02;1119.88;1099.62;1079.21;1058.73;1038.21;1017.88;997.866;978.265;         ;         ;         ;         ;         ;         ;         ;         ;         ;         ;         ;         ;         ;         ;         
Male deaths aged 10-14;Mean;1753.18;1805.47;1848.96;1882.61;1909.96;1939.13;1976.96;2017.98;2072.88;2135.55;2194.86;2241.4;2298.12;2203.44;2220.98;2245.12;2385.87;2462.07;2724.09;3031.81;3271.31;3540.49;3593.99;3554.76;3440.63;3230.98;2834.55;2588.3;2422.69;2362.04;2345.02;2288.95;2240.17;2153.54;2041.11;2045.44;2174.34;2007.42;1920.12;1836.02;1773.91;1727.54;1674.9;1615.37;1561.78;1517.29;1477.59;1445.47;1422.96;1403.99;1388.72;1378.43;1371.07;1364.02;1356.7;1349.02;1341.01;1332.86;1324.77;1316.78;1308.95;1301.24;1293.48;1285.39;1276.85;1267.74;1257.97;1247.49;1236.35;1224.6;1212.32;         ;         ;         ;         ;         ;         ;         ;         ;         ;         ;         ;         ;         ;         ;         
;95% LL;1753.18;1805.47;1848.96;1882.61;1909.96;1939.13;1976.96;2017.98;2072.87;2135.45;2194.47;2240.2;2295.18;2196.33;2207.47;2214.86;2328.34;2364.56;2583.69;2846.74;3063.88;3333.54;3400.49;3373.31;3279.56;3103.02;2745.57;2519.48;2365.69;2308.52;2291.92;2238.88;2191.11;2107.55;1996.22;2001.31;2133.79;1973.61;1893.49;1813.68;1754.91;1711.84;1662.26;1604.15;1551.45;1507.69;1468.59;1436.97;1414.86;1396.24;1381.43;1370.37;1362.4;1354.91;1347.32;1339.45;1331.34;1323.15;1315.07;1307.13;1299.37;1291.77;1284.26;1276.42;1268.13;1259.29;1249.8;1239.61;1228.76;1217.3;1205.28;         ;         ;         ;         ;         ;         ;         ;         ;         ;         ;         ;         ;         ;         ;         
;95% UL;1753.18;1805.47;1848.96;1882.61;1909.96;1939.13;1976.97;2017.99;2072.9;2135.68;2195.42;2243.12;2301.75;2211.53;2239.88;2282.62;2452.66;2563.56;2860.62;3199.58;3453.08;3717.78;3770.73;3699.12;3567.54;3333.63;2908.14;2642.23;2465.77;2402.27;2385.39;2333.53;2288.41;2203.92;2093.47;2096.71;2220.66;2048.68;1955.94;1867;1801.09;1751.62;1695.65;1633.2;1577.43;1531.77;1491.23;1458.26;1435.37;1416.2;1401.05;1391.96;1385.54;1379.53;1373.03;1365.75;1358;1350.03;1341.88;1333.71;1325.63;1317.62;1309.52;1301.04;1292.07;1282.49;1272.2;1261.19;1249.51;1237.23;1224.48;         ;         ;         ;         ;         ;         ;         ;         ;         ;         ;         ;         ;         ;         ;         
Male deaths aged 20-24;Mean;6688.99;6795.08;6874.53;6940.39;7015.48;7125.98;7297.52;7735.19;8254.41;8845.98;9492.52;10169.6;10712.8;10908.5;10982.6;10970.8;11268.4;11943.6;12360.8;12488.1;12677.6;12553.4;12538.4;12198.8;11813.4;11338.1;10807.6;10334.5;10002.8;9774.76;9602.98;9437.11;9248.03;9028.65;8556.52;8707.29;9470.76;9301.65;9180.76;9155.26;9224.81;9369.23;9569.73;9788.86;9921.19;9944.03;9912.54;9840.55;9752.75;9691.33;9656.5;9612.72;9534.07;9419.21;9288.47;9153.97;9027.57;8927.6;8851.6;8787.88;8739.36;8704.27;8672.59;8637.91;8599.8;8559.09;8517.04;8475.12;8434.4;8395.31;8357.72;         ;         ;         ;         ;         ;         ;         ;         ;         ;         ;         ;         ;         ;         ;         
;95% LL;6688.96;6794.86;6873.98;6939.25;7013.19;7121.02;7287.7;7713.8;8213.42;8775.21;9375.29;9999.87;10490.5;10639.5;10667.7;10624.4;10907.7;11563;11967.8;12091.7;12287.6;12180.8;12203.3;11900.6;11555.4;11115.1;10620.2;10177;9863.83;9642.72;9471.19;9309.59;9128.68;8914.59;8444.08;8599.23;9375.06;9220.78;9110.46;9093.23;9168.92;9317.55;9521.1;9742.45;9876.41;9901.07;9871.6;9802.02;9716.85;9657.99;9625.52;9583.96;9507.36;9392.18;9262.44;9128.97;9003.21;8903.15;8828.34;8760.94;8710.06;8669.98;8634.17;8596.85;8556.78;8515.29;8472.73;8430.78;8390.39;8351.72;8314.75;         ;         ;         ;         ;         ;         ;         ;         ;         ;         ;         ;         ;         ;         ;         
;95% UL;6689.05;6795.44;6875.47;6942.27;7018.93;7132.18;7309.44;7760.9;8301.03;8925.62;9620.22;10350.3;10932.5;11146.2;11211.9;11212.2;11539;12240.8;12675.8;12811.7;13002.5;12865;12827.7;12459.3;12044.1;11538.3;10978.3;10477.9;10131.6;9899.3;9727.17;9557.09;9359.62;9134.46;8659.51;8805.89;9556.73;9371.46;9232.9;9194.37;9261.43;9404.61;9606.91;9827.98;9961.47;9985.5;9953.52;9881.72;9793.11;9730.02;9693.39;9647.56;9566.51;9450.28;9318.28;9182.85;9056.07;8956.28;8881.5;8824.01;8783.9;8755.49;8729.34;8698.22;8662.94;8623.65;8582.53;8540.94;8500.11;8460.58;8422.31;         ;         ;         ;         ;         ;         ;         ;         ;         ;         ;         ;         ;         ;         ;         
Male deaths aged 25-29;Mean;7313.2;7599.59;7869.08;8120.91;8352.73;8569.74;8785.91;9222.05;9775.39;10516.1;11511.3;12819.6;14201.6;15799.5;17233.8;18392.1;19920.5;21779.1;23263.7;23827.4;24228.8;24146.1;23913.1;23496.5;22919;21792.7;20204;18545.8;17458.5;16770.3;16208.5;15505.9;14747.4;14070.7;13504.2;14233.8;15314.2;14724.3;14319.1;13936.9;13560.1;13190.1;12896.8;12742;12737.9;12870.9;13093.3;13376.8;13661.2;13814;13817.7;13747.6;13628.1;13495.5;13393.5;13317.5;13224.9;13085.6;12903.8;12707.5;12510.2;12325.9;12177.2;12061.3;11963.2;11884.8;11822.5;11764.4;11703;11637.9;11570.3;         ;         ;         ;         ;         ;         ;         ;         ;         ;         ;         ;         ;         ;         ;         
;95% LL;7313.12;7599.03;7867.51;8117.55;8345.89;8555.73;8756.92;9162.14;9663.64;10323.2;11213.7;12396.8;13657.9;15134.5;16442.2;17483.6;18925.9;20675.7;22122.3;22670.8;23066;22998;22748;22358.4;21833.8;20799.9;19318.3;17793.9;16785.2;16124.2;15573.1;14906.6;14203.1;13563.5;13020.2;13780.7;14922.6;14407.8;14079.2;13757.7;13430.3;13095.6;12817.1;12671.8;12672.5;12807.4;13030.3;13313.8;13598.5;13752.3;13758.1;13690.9;13573.4;13443;13343.2;13269.4;13179.1;13043.2;12862.6;12668.4;12472.9;12289.6;12141;12023.9;11923.7;11840.8;11773.1;11711.2;11646.5;11578.7;11509.7;         ;         ;         ;         ;         ;         ;         ;         ;         ;         ;         ;         ;         ;         ;         
;95% UL;7313.31;7600.49;7871.62;8125.91;8361.47;8587.24;8820.64;9293.86;9906.57;10735.8;11830.1;13249;14731.3;16447.4;17959.2;19137;20636.7;22520.9;24081.9;24721.2;25156;25065.8;24863.5;24453.1;23853;22664.9;20975.9;19192;18027.8;17307.9;16730.6;15994.2;15185.9;14473.9;13885.8;14590;15618.6;14965.9;14502.1;14071.4;13661;13271.5;12966.3;12804;12796.6;12929;13152.3;13437.5;13725.7;13879.7;13883.6;13813.9;13691.1;13556.3;13452.6;13375.7;13280.1;13137;12951;12751.7;12552.4;12367.5;12219;12107.9;12018.5;11948.6;11894.9;11843.6;11788.1;11727.4;11663.1;         ;         ;         ;         ;         ;         ;         ;         ;         ;         ;         ;         ;         ;         ;         
Male deaths aged 30-34;Mean;6454.58;6813.72;7192.27;7590.5;8004.39;8436.6;8911.16;9603.99;10475.3;11587.8;12977;14645.7;16408.7;18142.3;20007.9;21504.3;23664.2;25872.4;28852.1;30775.1;32117.4;32285.4;31871.2;30786.7;29559;27656.9;25252.7;22978.4;21811.3;21351.7;21133.9;20521.7;19516.8;18436.2;17735.4;18514.5;19291;18306.3;17511.6;16863.4;16343.4;15959.5;15610.5;15237.5;14884.5;14538.3;14191.7;13918.2;13770.1;13768.2;13899.5;14106;14360.6;14602.2;14700.5;14648.1;14524;14357.6;14185.7;14045;13925.6;13786.6;13599.1;13372.4;13137.2;12905;12688.9;12510.3;12365.6;12240.4;12135;         ;         ;         ;         ;         ;         ;         ;         ;         ;         ;         ;         ;         ;         ;         
;95% LL;6454.51;6813.11;7190.32;7585.84;7993.61;8413.05;8858.31;9486.79;10227.3;11142.9;12307;13746.6;15278.6;16813.6;18558.3;19975.5;22079.6;24259.5;27176.7;29169.8;30457;30612.8;30189.9;29123.9;27930.4;26100.9;23819.9;21715.6;20621.2;20143.3;19878.6;19282.8;18362.8;17350.6;16693.9;17530.6;18438.1;17614;16982.6;16462.7;16042.6;15737.7;15443;15107.6;14778.9;14451;14115.7;13846.9;13701.3;13700.5;13832;14038.4;14291.4;14530.5;14630.3;14578.6;14456.4;14292.6;14124.1;13986.8;13871.1;13735.4;13550.8;13325.6;13092.5;12863.5;12648.7;12469.6;12321;12194.2;12085.1;         ;         ;         ;         ;         ;         ;         ;         ;         ;         ;         ;         ;         ;         ;         
;95% UL;6454.69;6814.71;7195.3;7596.84;8017.48;8464.23;8981.83;9746.04;10746.3;12005.3;13576;15380;17244.1;19048.2;20929.7;22423.6;24572.1;26838.8;29874.5;31850.9;33261.7;33498.1;33143.2;32090.9;30870.7;28936.1;26445.3;24032.4;22800.9;22350.7;22165.5;21535.2;20459.2;19324.7;18591.6;19321.4;19985.3;18862;17927.1;17170.4;16567.5;16126.3;15738.7;15347.2;14979.4;14621.1;14268;13989.6;13839.6;13838.1;13971;14179.5;14436.2;14680.1;14781.4;14729.3;14603.3;14432;14255.4;14112;13989.9;13848.5;13657.1;13425.7;13187.1;12952.5;12734.6;12557.2;12417;12297;12202.8;         ;         ;         ;         ;         ;         ;         ;         ;         ;         ;         ;         ;         ;         ;         
Male deaths aged 35-39;Mean;5918.26;6271.3;6615.15;6960.7;7323.24;7729.96;8225.27;8990.83;10019.3;11389.3;13132.4;15226;17475.2;19739.9;21816.2;23677.1;25672.7;28024.4;29858.4;31572.2;32006.2;31901.5;31429.9;30544.8;29515;27622;25005.1;22364;20870.8;20230.4;20105.9;19912.9;19591.6;19323.1;19452.1;21108.7;21597.4;19711.7;18987.3;18281.4;17582.9;16946.3;16390.3;15913.5;15525.4;15220.8;14991.2;14757.3;14471.8;14173.8;13858.1;13522;13243.2;13081;13050.3;13137.6;13295.7;13502.2;13703.2;13774.3;13705.2;13569;13389.9;13201.9;13043.6;12910.1;12762.3;12572.7;12347.5;12113.2;11881;         ;         ;         ;         ;         ;         ;         ;         ;         ;         ;         ;         ;         ;         ;         
;95% LL;5918.21;6270.83;6613.51;6956.29;7312.15;7705.2;8163.82;8848.63;9697.5;10812.6;12223.5;13971.1;15885.3;17840.1;19709.8;21464.5;23457.5;25898.3;27834;29674;30167.1;30087.4;29752;29012.6;27998.5;26166.9;23672.4;21211;19795.7;19138.8;18985.2;18739.7;18437.8;18173.1;18275.4;19939.5;20533.9;18809.9;18280.4;17735.2;17165.6;16624.1;16138.2;15712.1;15354.9;15071.4;14856.4;14634.9;14360.2;14071.9;13767.2;13440.4;13168.8;13005.4;12980.6;13068.9;13224.6;13428.4;13627.1;13696.8;13629.8;13496.9;13319.8;13133.7;12978.4;12848.8;12705;12519.5;12297.4;12066.5;11837.2;         ;         ;         ;         ;         ;         ;         ;         ;         ;         ;         ;         ;         ;         ;         
;95% UL;5918.34;6272.05;6617.53;6966.28;7336;7761.22;8303.89;9162.79;10351.9;11919.4;13908.2;16166.7;18572.9;20889.2;23032.4;25023.5;27097.9;29486.4;31320.7;33007.1;33409;33277.4;32787.2;31885.3;30834.3;28889.9;26170.4;23372.2;21804.8;21174.4;21097.8;20918.5;20568.5;20297.4;20450.5;22104.7;22503.1;20476.4;19582.2;18738.5;17930.6;17214.4;16600.5;16082.7;15668.2;15345.6;15103;14858.5;14563.3;14256.2;13931.6;13589.2;13310.2;13148.8;13119.6;13209.1;13367.1;13578.1;13780.5;13851.9;13783.4;13646.4;13465.3;13274.1;13111.2;12974.1;12821.9;12629;12400.3;12163.3;11928.9;         ;         ;         ;         ;         ;         ;         ;         ;         ;         ;         ;         ;         ;         ;         
Male deaths aged 40-44;Mean;5896.39;6156.91;6494.96;6902.87;7360.8;7853.93;8395.78;9137.38;10087.9;11344.7;12978.3;15009.5;17252.6;19288.1;21491.7;23689.5;25729.7;27666.6;29648.5;31161.3;31726.7;31103.1;29896.1;28404;26949;25052;22868.6;20900.3;19946.2;19639.8;19646.4;19466.9;19084.3;18740.3;18393;19966.6;20327.2;18530.8;18683;18844.1;18949.5;18979;18876.9;18670.7;18408.5;18086.8;17730.4;17383.9;17054.7;16756.5;16506;16307.3;16091.4;15813.6;15513.8;15186.3;14824.5;14516.4;14336.4;14294.3;14378.8;14546.2;14773.7;15007.9;15108.7;15056;14929.2;14750.4;14555.2;14391.3;14257.2;         ;         ;         ;         ;         ;         ;         ;         ;         ;         ;         ;         ;         ;         ;         
;95% LL;5896.36;6156.62;6493.91;6899.8;7352.4;7834.36;8345.19;9017.17;9810.07;10842;12156.6;13848.7;15728.5;17447.7;19420.9;21484.8;23494;25514.6;27493.2;29148.2;29881.6;29436.6;28390;27158;25846.9;24047.2;21956.2;20119.7;19219.7;18895.6;18858;18674.2;18332.7;18004;17633.8;19207;19619.1;17898.1;18173.2;18438.6;18629.6;18721.7;18665.1;18489.8;18243.5;17930.4;17579.1;17237.6;16910.4;16617.2;16373.3;16180.2;15970.6;15700.7;15409.3;15090.7;14737.5;14436.4;14254;14217.3;14305.5;14470.2;14696;14927.6;15027.9;14976;14851;14675;14483.4;14322.7;14191.1;         ;         ;         ;         ;         ;         ;         ;         ;         ;         ;         ;         ;         ;         ;         
;95% UL;5896.44;6157.35;6496.41;6906.69;7370.32;7879.71;8461.35;9283.51;10374.7;11811.6;13675.1;15876.2;18291.4;20389.3;22708.1;25063.1;27202.9;29192;31173.7;32644.3;33131.2;32414.7;31103.8;29511.4;27968.3;25982.6;23698.1;21605.7;20600.8;20308;20351.6;20173.6;19753.1;19391.9;19058.5;20629.1;20939.6;19072;19114.5;19184.8;19217.4;19194.9;19056;18825.8;18551.9;18224.5;17865.1;17515.7;17182.5;16879.5;16623.4;16418.6;16196;15910.7;15603;15267.1;14896.8;14585.8;14408.8;14369;14452.2;14620;14849.6;15087;15189.3;15137.8;15010.5;14829.8;14631.7;14463.9;14325.3;         ;         ;         ;         ;         ;         ;         ;         ;         ;         ;         ;         ;         ;         ;         
Male deaths aged 45-49;Mean;7440.14;7644.48;7789.02;7904.79;8044.93;8270.48;8634.08;9270.26;10140;11273.7;12680.3;14349.7;16112.6;17651.1;19336.8;20903.8;22704.4;24474;26442.3;27855.9;28368.9;28205.2;27330.3;26283.1;25183.6;23680.4;21930.4;20313.5;19479.4;19180.1;19225.5;19298.7;19381.3;19584.7;19724.5;22136.6;21939.8;19136.7;19213.6;19384.5;19689.8;20174.9;20807.6;21521.5;22222.6;22834.9;23287.3;23520.1;23560.6;23460.1;23231.6;22919.1;22595.5;22275.8;21980.8;21734.7;21546.3;21334.9;21039.4;20699.9;20305;19848.1;19456.6;19234.1;19187.2;19312.1;19562.6;19910.7;20282.6;20485.2;20485.8;         ;         ;         ;         ;         ;         ;         ;         ;         ;         ;         ;         ;         ;         ;         
;95% LL;7440.13;7644.3;7788.37;7902.9;8039.75;8258.49;8602.73;9194.01;9959.69;10931.2;12103.9;13498.5;14964;16229.8;17700.3;19129.2;20891.5;22694.5;24717.3;26220.4;26833.8;26947.3;26248.5;25460.7;24445.4;23048;21383.8;19872.8;19080.1;18770.2;18795;18846.9;18931.5;19134.9;19266.6;21681.9;21532.5;18797.3;18959.8;19202;19563.8;20089;20748.9;21472;22180.3;22794;23241.9;23462.3;23487.8;23373.3;23134.3;22813.5;22485.2;22161.7;21864.4;21621;21437.9;21229.7;20940.6;20605.5;20209.5;19757.4;19370;19151.2;19104.8;19227.2;19476.1;19822.5;20193.3;20395.5;20394.6;         ;         ;         ;         ;         ;         ;         ;         ;         ;         ;         ;         ;         ;         ;         
;95% UL;7440.17;7644.75;7789.88;7907.12;8050.84;8286.58;8675.07;9363.49;10328.5;11592.9;13173.6;14979.9;16888.8;18485.5;20284.4;21992.4;23888.5;25718.5;27697.4;29079.8;29516.2;29247.5;28247.8;27075.4;25860.7;24247.1;22388.8;20659;19779.4;19504.8;19586.7;19673.5;19739.7;19939.1;20074.4;22503;22288.8;19429.8;19458.7;19575.2;19837.8;20287.1;20901.1;21601.7;22285.8;22888.1;23336.9;23566.7;23623.2;23536.6;23319.1;23014.4;22695.3;22377.1;22081.1;21832.1;21639.9;21423.7;21124.9;20782.9;20386.7;19931;19536.9;19315.5;19270.2;19397.8;19649.4;20001.3;20377.6;20583.5;20585.8;         ;         ;         ;         ;         ;         ;         ;         ;         ;         ;         ;         ;         ;         ;         
Male deaths aged 50-54;Mean;8919.84;9145.92;9434.84;9769.54;10106;10404.3;10645;10909.5;11214.5;11663.5;12357.9;13361.2;14589.5;15625.4;16960.6;18242.9;19620.8;20937;22453.6;23473.6;23843.1;24135;24023.3;23697.3;23305.1;22593.2;21673.5;20773.9;20403.6;20361.1;20501.7;20590.8;20612.7;20682.1;20981.8;24054.4;23610.4;20296.5;20767.3;21306.5;21849.1;22369.4;22848;23326.8;23886;24592.9;25484.5;26539.5;27675.4;28764.9;29722.7;30462.3;30913.7;31111.1;31120.3;30955.9;30674.5;30371;30064.9;29783.9;29561.5;29409.8;29215.3;28890.9;28493.7;28012.4;27438.5;26948.3;26688.1;26673.7;26903.7;         ;         ;         ;         ;         ;         ;         ;         ;         ;         ;         ;         ;         ;         ;         
;95% LL;8919.84;9145.88;9434.56;9768.55;10103;10397.2;10626.6;10865.7;11114.3;11475.4;12042;12884.1;13922.1;14761.2;15918.2;17064.5;18377;19682.3;21253.1;22325.5;22777.2;23276.5;23370.7;23147.2;22858;22216.8;21360.8;20474.6;20093.3;20030.9;20149.4;20230.9;20262.9;20340.1;20640;23712.5;23301.5;20037.8;20566.8;21151.9;21710.4;22217.6;22681.4;23153.1;23713.2;24427.1;25331;26401.7;27556.4;28667.3;29648.6;30412.2;30881.5;31082.3;31088.1;30912.8;30620.1;30304.5;29989;29698.5;29467.8;29310.2;29112.8;28787.9;28391.8;27912;27339.8;26851;26590.5;26574.7;26802.2;         ;         ;         ;         ;         ;         ;         ;         ;         ;         ;         ;         ;         ;         ;         
;95% UL;8919.85;9145.99;9435.19;9770.76;10109.4;10413.9;10669.3;10963.3;11320.3;11840.4;12630.1;13716.6;15044;16132.6;17570.4;18970.4;20434.8;21811.6;23348.1;24354.3;24669.2;24874.5;24650.7;24208.5;23704.6;22884.5;22001.2;21158.3;20826.2;20811.6;20969.6;21066.3;21079.2;21124.7;21408.5;24504.8;23996.8;20609.2;21029.4;21562.1;22115.5;22630.5;23096.9;23555.3;24100;24793.7;25666.2;26698.4;27810.8;28874.8;29817.1;30528.4;30962;31150.5;31153.7;30995.2;30721.7;30427.5;30132.7;29862.7;29650;29505.3;29314;28991.3;28594.5;28113.6;27540.1;27047;26790.3;26779.6;27015;         ;         ;         ;         ;         ;         ;         ;         ;         ;         ;         ;         ;         ;         ;         
Male deaths aged 55-59;Mean;10435.7;10631.8;10744.9;10814.1;10890.1;11019.4;11236.3;11560.9;11986.6;12471.4;12972.6;13459;13905.6;14101.6;14748.5;15461.2;16015.4;17174.5;18285.4;19290.6;20084.5;20564.5;20790.7;20974.8;21100.1;21055.3;20918.4;20774.2;20978.7;21393.9;21912.1;22374.4;22777.1;23190.4;24347.1;28752.5;27472.6;22605.7;22833.8;23134.2;23538.2;24089.3;24796.7;25634.5;26539.2;27435.5;28268.6;29022.4;29751.1;30555.9;31536.9;32753.2;34193.8;35757.4;37281;38652.7;39755;40490.4;40899.4;41063.6;40994.5;40764.1;40498.4;40221.4;39969.8;39788.3;39693.4;39530;39182.5;38729.7;38148.5;         ;         ;         ;         ;         ;         ;         ;         ;         ;         ;         ;         ;         ;         ;         
;95% LL;10435.7;10631.8;10744.8;10813.8;10889;11016.3;11227.8;11539.8;11936.6;12375.6;12808;13211.1;13561.1;13660.3;14219.5;14858.2;15360.4;16489.1;17602.5;18620.5;19456.9;20051;20410.2;20672.4;20855.4;20830;20664.6;20496.4;20686.9;21087.6;21592.7;22050.5;22458.7;22869;24012.8;28380.4;27127.1;22332.7;22569.1;22852.4;23245.2;23789.9;24493.4;25328.6;26233;27130.5;27966.7;28724.9;29459.9;30273;31264.5;32494;33950.7;35533.8;37080.3;38478;39608.6;40373.1;40810.5;41001;40953.7;40732.3;40453.7;40164;39900.6;39703.1;39594.8;39424.5;39071.5;38613.7;38025.6;         ;         ;         ;         ;         ;         ;         ;         ;         ;         ;         ;         ;         ;         ;         
;95% UL;10435.7;10631.8;10745;10814.5;10891.4;11023.7;11247.6;11587.2;12039.7;12563.2;13115.2;13645.5;14141.6;14361.8;15064.5;15840.6;16450.6;17657.7;18800.8;19818;20589.5;21018.3;21166.2;21260.9;21296.1;21298;21295.8;21219.4;21467.5;21933.2;22484.4;22953;23345.9;23739.8;24917.7;29379.3;28058.6;23065.6;23281.8;23579.3;23982.3;24520.7;25216.9;26036.4;26940.9;27834.8;28663.5;29407.1;30120.5;30906;31865.1;33057.9;34473.4;36010.2;37504.9;38845.7;39915.9;40619.3;40997.9;41134.8;41052.1;40810.8;40551.8;40287.4;40053.9;39888;39804.8;39648.9;39307.7;38855;38278.9;         ;         ;         ;         ;         ;         ;         ;         ;         ;         ;         ;         ;         ;         ;         
Non-AIDS female deaths, ages 20-24;Mean;2803.86;2908.73;3000.12;3082.34;3166.03;3263.75;3434.21;3657.65;3902.91;4154.12;4392.24;4601.5;4711.91;4632.95;4714.81;4768.64;4749.68;4984.32;5249.57;5530.65;5637.03;5586.02;5529.43;5406.76;5250.85;5064.83;4856.53;4669.9;4481.07;4291.5;4104.66;3920.85;3721.4;3496.16;3433.36;3713.09;3691.15;3252.98;3189.24;3162.66;3170.92;3203.31;3253.5;3306.74;3330.2;3320.57;3294.75;3257.05;3214.47;3177.36;3144.18;3105.72;3055.65;2994.72;2929.52;2863.58;2800.96;2747.13;2701.16;2659.32;2621.77;2587.6;2554.25;2520.33;2485.83;2451.09;2416.52;2382.54;2349.42;2317.23;2285.87;         ;         ;         ;         ;         ;         ;         ;         ;         ;         ;         ;         ;         ;         ;         
;95% LL;2803.86;2908.73;3000.11;3082.33;3166;3263.69;3434.08;3657.38;3902.39;4153.21;4390.64;4599.09;4708.63;4629.03;4710.17;4763.74;4744.63;4978.98;5244.26;5525.54;5632.08;5581.39;5525.26;5402.92;5247.29;5061.27;4852.55;4664.9;4474.96;4284.18;4095.76;3911.24;3711.52;3486.31;3423.11;3701.79;3679.68;3242.34;3178.49;3151.56;3159.83;3191.88;3242.18;3295.21;3318.56;3309.26;3283.83;3246.59;3204.45;3167.85;3135.12;3096.95;3047.17;2986.58;2921.84;2856.37;2793.95;2739.84;2694.01;2651.71;2613.52;2577.59;2543.29;2508.63;2473.71;2438.79;2404.23;2370.39;2337.5;2305.59;2274.54;         ;         ;         ;         ;         ;         ;         ;         ;         ;         ;         ;         ;         ;         ;         
;95% UL;2803.86;2908.73;3000.12;3082.35;3166.06;3263.8;3434.31;3657.87;3903.38;4155.01;4393.83;4604.12;4715.63;4637.69;4720.61;4775.09;4756.42;4991.62;5257.07;5538.2;5644.18;5592.6;5535.29;5411.85;5255.35;5069.05;4861.21;4675.36;4487.94;4300.02;4114.52;3931.69;3732.69;3507.35;3444.83;3726.26;3704.73;3265.32;3201.81;3175.7;3184.26;3216.93;3267.26;3320.71;3344.07;3334.03;3307.84;3269.96;3227.07;3189.54;3155.83;3116.77;3066.05;3004.59;2938.98;2872.38;2809.54;2755.8;2710.39;2669.17;2633.14;2601.12;2569.62;2537.11;2503.22;2468.81;2434.35;2400.31;2367.01;2334.42;2302.62;         ;         ;         ;         ;         ;         ;         ;         ;         ;         ;         ;         ;         ;         ;         
Non-AIDS female deaths, ages 25-29;Mean;3.00E+03;3.12E+03;3.25E+03;3.38E+03;3.50E+03;3.61E+03;3.75E+03;3.90E+03;4.04E+03;4.19E+03;4.36E+03;4.56E+03;4.71E+03;4.85E+03;5.17E+03;5.37E+03;5.43E+03;5.70E+03;6.01E+03;6.22E+03;6.18E+03;6.06E+03;6.07E+03;6.10E+03;6.12E+03;6.12E+03;6.08E+03;5.99E+03;5.86E+03;5.68E+03;5.47E+03;5.23E+03;4.99E+03;4.74E+03;4.95E+03;5.52E+03;5.41E+03;4.52E+03;4.42E+03;4.31E+03;4.19E+03;4.06E+03;3.94E+03;3.86E+03;3.83E+03;3.83E+03;3.86E+03;3.92E+03;3.97E+03;3.99E+03;3.97E+03;3.94E+03;3.88E+03;3.82E+03;3.77E+03;3.72E+03;3670.58;3605.69;3528.84;3447.3;3365.07;3286.76;3218.85;3160.4;3106.91;3058.64;3014.64;2971.95;2928.89;2885.41;2841.89;         ;         ;         ;         ;         ;         ;         ;         ;         ;         ;         ;         ;         ;         ;         
;95% LL;3.00E+03;3.12E+03;3.25E+03;3.38E+03;3.50E+03;3.61E+03;3.75E+03;3.90E+03;4.04E+03;4.19E+03;4.36E+03;4.56E+03;4.70E+03;4.84E+03;5.16E+03;5.35E+03;5.41E+03;5.68E+03;5.99E+03;6.19E+03;6.15E+03;6.03E+03;6.05E+03;6.07E+03;6.10E+03;6.10E+03;6.06E+03;5.98E+03;5.85E+03;5.67E+03;5.46E+03;5.22E+03;4.98E+03;4.73E+03;4.95E+03;5.51E+03;5.40E+03;4.51E+03;4.41E+03;4.30E+03;4.18E+03;4.04E+03;3.93E+03;3.85E+03;3.81E+03;3.82E+03;3.85E+03;3.90E+03;3.96E+03;3.98E+03;3.96E+03;3.92E+03;3.87E+03;3.81E+03;3.76E+03;3.71E+03;3660.43;3595.89;3519.53;3438.66;3356.79;3278.78;3210.5;3152.23;3098.34;3049.33;3003.4;2959.54;2915.62;2871.66;2827.93;         ;         ;         ;         ;         ;         ;         ;         ;         ;         ;         ;         ;         ;         ;         
;95% UL;3.00E+03;3.12E+03;3.25E+03;3.38E+03;3.50E+03;3.61E+03;3.76E+03;3.90E+03;4.04E+03;4.19E+03;4.37E+03;4.57E+03;4.71E+03;4.86E+03;5.18E+03;5.38E+03;5.46E+03;5.73E+03;6.04E+03;6.25E+03;6.21E+03;6.09E+03;6.10E+03;6.12E+03;6.14E+03;6.14E+03;6.09E+03;6.01E+03;5.87E+03;5.69E+03;5.48E+03;5.24E+03;4.99E+03;4.74E+03;4.96E+03;5.54E+03;5.42E+03;4.53E+03;4.44E+03;4.33E+03;4.20E+03;4.07E+03;3.95E+03;3.88E+03;3.84E+03;3.85E+03;3.88E+03;3.93E+03;3.99E+03;4.01E+03;3.99E+03;3.95E+03;3.90E+03;3.84E+03;3.78E+03;3.74E+03;3682.93;3617.44;3540.09;3457.93;3375.09;3296.55;3228.63;3170.9;3117.97;3071.48;3029.77;2989.44;2947.84;2905.11;2861.98;         ;         ;         ;         ;         ;         ;         ;         ;         ;         ;         ;         ;         ;         ;         
Non-AIDS female deaths, ages 30-34;Mean;2.83E+03;2.97E+03;3.11E+03;3.25E+03;3.39E+03;3.54E+03;3.72E+03;3.91E+03;4.10E+03;4.29E+03;4.46E+03;4.63E+03;4.74E+03;4.85E+03;5.13E+03;5.33E+03;5.42E+03;5.70E+03;6.14E+03;6.46E+03;6.61E+03;6.55E+03;6.40E+03;6.26E+03;6.14E+03;6.08E+03;6.07E+03;6.14E+03;6.24E+03;6.33E+03;6.40E+03;6.41E+03;6.35E+03;6.24E+03;6.48E+03;7.44E+03;7.28E+03;5.93E+03;5.85E+03;5.78E+03;5.71E+03;5.64E+03;5.56E+03;5.44E+03;5.30E+03;5.15E+03;4.99E+03;4.85E+03;4.75E+03;4.71E+03;4.71E+03;4.74E+03;4.79E+03;4.85E+03;4.87E+03;4.84E+03;4780.82;4709.56;4633.86;4566.68;4505.34;4437.38;4354.41;4257.6;4156.07;4054.74;3958.81;3875.25;3802.98;3737.04;3677.41;         ;         ;         ;         ;         ;         ;         ;         ;         ;         ;         ;         ;         ;         ;         
;95% LL;2.83E+03;2.97E+03;3.11E+03;3.25E+03;3.39E+03;3.54E+03;3.72E+03;3.91E+03;4.10E+03;4.28E+03;4.46E+03;4.62E+03;4.73E+03;4.84E+03;5.11E+03;5.31E+03;5.39E+03;5.67E+03;6.10E+03;6.41E+03;6.55E+03;6.49E+03;6.35E+03;6.21E+03;6.10E+03;6.03E+03;6.03E+03;6.11E+03;6.21E+03;6.31E+03;6.37E+03;6.38E+03;6.33E+03;6.22E+03;6.46E+03;7.43E+03;7.26E+03;5.92E+03;5.84E+03;5.76E+03;5.69E+03;5.63E+03;5.54E+03;5.42E+03;5.29E+03;5.14E+03;4.97E+03;4.83E+03;4.74E+03;4.69E+03;4.69E+03;4.72E+03;4.78E+03;4.84E+03;4.85E+03;4.82E+03;4766.01;4695.55;4620.62;4553.87;4492.77;4425.15;4342.7;4246.73;4145.77;4044.83;3949.26;3865.43;3793.23;3726.74;3666.21;         ;         ;         ;         ;         ;         ;         ;         ;         ;         ;         ;         ;         ;         ;         
;95% UL;2.83E+03;2.97E+03;3.11E+03;3.25E+03;3.39E+03;3.54E+03;3.72E+03;3.91E+03;4.10E+03;4.29E+03;4.47E+03;4.63E+03;4.74E+03;4.86E+03;5.14E+03;5.35E+03;5.45E+03;5.73E+03;6.18E+03;6.51E+03;6.67E+03;6.61E+03;6.47E+03;6.33E+03;6.21E+03;6.14E+03;6.13E+03;6.19E+03;6.28E+03;6.37E+03;6.43E+03;6.44E+03;6.38E+03;6.26E+03;6.50E+03;7.46E+03;7.30E+03;5.94E+03;5.86E+03;5.79E+03;5.72E+03;5.65E+03;5.57E+03;5.45E+03;5.32E+03;5.17E+03;5.00E+03;4.86E+03;4.77E+03;4.72E+03;4.72E+03;4.76E+03;4.81E+03;4.87E+03;4.89E+03;4.85E+03;4798.16;4726.44;4650.17;4582.44;4520.38;4451.9;4368.36;4270.96;4168.41;4066.66;3970.46;3886.88;3815.53;3750.39;3692.87;         ;         ;         ;         ;         ;         ;         ;         ;         ;         ;         ;         ;         ;         ;         
Non-AIDS female deaths, ages 35-39;Mean;2.83E+03;3.00E+03;3.16E+03;3.33E+03;3.49E+03;3.67E+03;3.88E+03;4.10E+03;4.33E+03;4.56E+03;4.79E+03;5.02E+03;5.24E+03;5.42E+03;5.63E+03;5.84E+03;5.93E+03;6.18E+03;6.55E+03;6.64E+03;6.65E+03;6.62E+03;6.49E+03;6.52E+03;6.56E+03;6.59E+03;6.59E+03;6.58E+03;6.56E+03;6.57E+03;6.63E+03;6.75E+03;6.94E+03;7.17E+03;7.56E+03;8.97E+03;8.80E+03;6.95E+03;6.99E+03;6.99E+03;6.95E+03;6.88E+03;6.80E+03;6.72E+03;6.64E+03;6.57E+03;6.50E+03;6.41E+03;6.28E+03;6.13E+03;5.97E+03;5.78E+03;5.61E+03;5.50E+03;5.45E+03;5.44E+03;5476.75;5538.77;5607.73;5631.69;5603;5547.41;5470.11;5384.79;5309.16;5242.24;5169.21;5079.74;4973.82;4860.98;4746.99;         ;         ;         ;         ;         ;         ;         ;         ;         ;         ;         ;         ;         ;         ;         
;95% LL;2.83E+03;3.00E+03;3.16E+03;3.33E+03;3.49E+03;3.67E+03;3.88E+03;4.10E+03;4.32E+03;4.55E+03;4.79E+03;5.02E+03;5.23E+03;5.41E+03;5.62E+03;5.82E+03;5.90E+03;6.15E+03;6.50E+03;6.59E+03;6.59E+03;6.55E+03;6.42E+03;6.45E+03;6.48E+03;6.51E+03;6.52E+03;6.51E+03;6.50E+03;6.51E+03;6.57E+03;6.70E+03;6.90E+03;7.13E+03;7.52E+03;8.93E+03;8.76E+03;6.93E+03;6.97E+03;6.96E+03;6.93E+03;6.86E+03;6.79E+03;6.71E+03;6.63E+03;6.55E+03;6.48E+03;6.39E+03;6.27E+03;6.12E+03;5.95E+03;5.76E+03;5.60E+03;5.49E+03;5.43E+03;5.43E+03;5458.9;5521.08;5590.51;5614.45;5585.75;5530.41;5454.27;5369.55;5294.14;5227.49;5154.88;5066.37;4961.22;4848.9;4735.36;         ;         ;         ;         ;         ;         ;         ;         ;         ;         ;         ;         ;         ;         ;         
;95% UL;2.83E+03;3.00E+03;3.16E+03;3.33E+03;3.49E+03;3.67E+03;3.88E+03;4.10E+03;4.33E+03;4.56E+03;4.79E+03;5.03E+03;5.25E+03;5.43E+03;5.65E+03;5.86E+03;5.95E+03;6.21E+03;6.59E+03;6.70E+03;6.70E+03;6.68E+03;6.56E+03;6.60E+03;6.64E+03;6.67E+03;6.68E+03;6.66E+03;6.64E+03;6.64E+03;6.70E+03;6.82E+03;7.00E+03;7.23E+03;7.61E+03;9.03E+03;8.84E+03;6.98E+03;7.02E+03;7.01E+03;6.97E+03;6.90E+03;6.82E+03;6.74E+03;6.66E+03;6.58E+03;6.52E+03;6.42E+03;6.30E+03;6.15E+03;5.98E+03;5.80E+03;5.63E+03;5.52E+03;5.47E+03;5.46E+03;5497.58;5559.92;5629.09;5652.86;5623.74;5567.11;5489.31;5403.37;5327.07;5259.63;5186.05;5095.96;4989.08;4875.34;4760.97;         ;         ;         ;         ;         ;         ;         ;         ;         ;         ;         ;         ;         ;         ;         
Non-AIDS female deaths, ages 40-44;Mean;3.23E+03;3.32E+03;3.46E+03;3.64E+03;3.85E+03;4.08E+03;4.33E+03;4.59E+03;4.85E+03;5.13E+03;5.41E+03;5.70E+03;5.98E+03;6.20E+03;6.38E+03;6.57E+03;6.75E+03;7.03E+03;7.45E+03;7.70E+03;7.77E+03;7.69E+03;7.62E+03;7.60E+03;7.58E+03;7.59E+03;7.64E+03;7.74E+03;7.88E+03;8.02E+03;8.14E+03;8.24E+03;8.30E+03;8.35E+03;8.71E+03;1.02E+04;9.91E+03;7.90E+03;8.18E+03;8.46E+03;8.73E+03;8.94E+03;9.08E+03;9.15E+03;9.16E+03;9.13E+03;9.06E+03;8.98E+03;8.90E+03;8.81E+03;8.72E+03;8.65E+03;8.54E+03;8.39E+03;8.20E+03;7.99E+03;7757.21;7551.37;7415.15;7351.32;7358.31;7417.93;7516.15;7623.53;7670.62;7646.23;7584.38;7493.12;7391.66;7303.81;7227.35;         ;         ;         ;         ;         ;         ;         ;         ;         ;         ;         ;         ;         ;         ;         
;95% LL;3.23E+03;3.32E+03;3.46E+03;3.64E+03;3.85E+03;4.08E+03;4.33E+03;4.59E+03;4.85E+03;5.13E+03;5.41E+03;5.69E+03;5.97E+03;6.19E+03;6.37E+03;6.55E+03;6.73E+03;6.99E+03;7.40E+03;7.65E+03;7.71E+03;7.63E+03;7.54E+03;7.52E+03;7.50E+03;7.50E+03;7.55E+03;7.65E+03;7.78E+03;7.92E+03;8.04E+03;8.14E+03;8.21E+03;8.27E+03;8.63E+03;1.01E+04;9.83E+03;7.85E+03;8.13E+03;8.41E+03;8.68E+03;8.90E+03;9.05E+03;9.11E+03;9.13E+03;9.10E+03;9.04E+03;8.96E+03;8.87E+03;8.79E+03;8.70E+03;8.63E+03;8.52E+03;8.37E+03;8.18E+03;7.97E+03;7735.49;7528.78;7392.02;7327.47;7334.27;7394.09;7492.67;7599.94;7647.54;7623.42;7561.79;7471.65;7370.45;7282.87;7206.86;         ;         ;         ;         ;         ;         ;         ;         ;         ;         ;         ;         ;         ;         ;         
;95% UL;3.23E+03;3.32E+03;3.46E+03;3.64E+03;3.85E+03;4.08E+03;4.33E+03;4.59E+03;4.86E+03;5.13E+03;5.41E+03;5.70E+03;5.99E+03;6.21E+03;6.40E+03;6.59E+03;6.78E+03;7.06E+03;7.49E+03;7.76E+03;7.82E+03;7.75E+03;7.68E+03;7.67E+03;7.66E+03;7.68E+03;7.73E+03;7.83E+03;7.98E+03;8.12E+03;8.25E+03;8.34E+03;8.41E+03;8.46E+03;8.82E+03;1.03E+04;1.00E+04;7.97E+03;8.25E+03;8.53E+03;8.78E+03;8.99E+03;9.13E+03;9.19E+03;9.20E+03;9.16E+03;9.09E+03;9.01E+03;8.92E+03;8.83E+03;8.74E+03;8.67E+03;8.57E+03;8.41E+03;8.23E+03;8.02E+03;7781.8;7576.71;7441.21;7377.92;7385.81;7446.16;7544.88;7652.35;7698.86;7674.06;7610.79;7518.91;7416.74;7328.33;7251.28;         ;         ;         ;         ;         ;         ;         ;         ;         ;         ;         ;         ;         ;         ;         
Non-AIDS female deaths, ages 45-49;Mean;4.74E+03;4.78E+03;4.77E+03;4.73E+03;4.70E+03;4.72E+03;4.83E+03;5.01E+03;5.25E+03;5.54E+03;5.83E+03;6.12E+03;6.41E+03;6.60E+03;6.93E+03;7.25E+03;7.41E+03;7.81E+03;8.28E+03;8.63E+03;8.84E+03;8.86E+03;8.85E+03;8.99E+03;9.13E+03;9.24E+03;9.32E+03;9.35E+03;9.36E+03;9.37E+03;9.40E+03;9.48E+03;9.61E+03;9.78E+03;1.07E+04;1.31E+04;1.21E+04;9.29E+03;9.28E+03;9.31E+03;9.42E+03;9.62E+03;9.91E+03;1.03E+04;1.07E+04;1.10E+04;1.13E+04;1.15E+04;1.16E+04;1.17E+04;1.17E+04;1.16E+04;1.15E+04;1.14E+04;1.13E+04;1.13E+04;11173.6;11060.1;10882.2;10667.4;10414.7;10127.5;9877.76;9718.66;9653.56;9680.1;9775.63;9924.43;10087.3;10170.9;10161;         ;         ;         ;         ;         ;         ;         ;         ;         ;         ;         ;         ;         ;         ;         
;95% LL;4.74E+03;4.78E+03;4.77E+03;4.73E+03;4.70E+03;4.72E+03;4.83E+03;5.01E+03;5.25E+03;5.53E+03;5.83E+03;6.12E+03;6.40E+03;6.60E+03;6.92E+03;7.23E+03;7.39E+03;7.78E+03;8.24E+03;8.58E+03;8.79E+03;8.79E+03;8.77E+03;8.91E+03;9.04E+03;9.15E+03;9.22E+03;9.25E+03;9.26E+03;9.26E+03;9.29E+03;9.37E+03;9.50E+03;9.66E+03;1.06E+04;1.30E+04;1.20E+04;9.19E+03;9.19E+03;9.22E+03;9.33E+03;9.54E+03;9.84E+03;1.02E+04;1.06E+04;1.10E+04;1.13E+04;1.15E+04;1.16E+04;1.16E+04;1.16E+04;1.16E+04;1.15E+04;1.14E+04;1.13E+04;1.12E+04;11149.3;11035.5;10856.2;10640.6;10386.8;10099.3;9848.66;9688.36;9622.35;9648.72;9744.38;9893.17;10056.5;10140.5;10130.6;         ;         ;         ;         ;         ;         ;         ;         ;         ;         ;         ;         ;         ;         ;         
;95% UL;4.74E+03;4.78E+03;4.77E+03;4.73E+03;4.70E+03;4.72E+03;4.83E+03;5.01E+03;5.25E+03;5.54E+03;5.83E+03;6.13E+03;6.41E+03;6.61E+03;6.94E+03;7.26E+03;7.43E+03;7.84E+03;8.32E+03;8.68E+03;8.90E+03;8.92E+03;8.92E+03;9.08E+03;9.22E+03;9.33E+03;9.41E+03;9.46E+03;9.47E+03;9.48E+03;9.52E+03;9.60E+03;9.74E+03;9.91E+03;1.09E+04;1.33E+04;1.23E+04;9.41E+03;9.40E+03;9.43E+03;9.52E+03;9.72E+03;1.00E+04;1.04E+04;1.07E+04;1.11E+04;1.14E+04;1.16E+04;1.17E+04;1.17E+04;1.17E+04;1.16E+04;1.15E+04;1.15E+04;1.14E+04;1.13E+04;11200.9;11090.6;10912.5;10697.5;10446.1;10159.1;9910.29;9752.44;9688.6;9716.16;9812.78;9962.42;10125.5;10208.4;10196.9;         ;         ;         ;         ;         ;         ;         ;         ;         ;         ;         ;         ;         ;         ;         
Non-AIDS female deaths, ages 50-54;Mean;6.02E+03;6.10E+03;6.22E+03;6.36E+03;6.49E+03;6.57E+03;6.59E+03;6.56E+03;6.49E+03;6.44E+03;6.46E+03;6.57E+03;6.77E+03;6.94E+03;7.21E+03;7.68E+03;8.10E+03;8.41E+03;8.78E+03;9.32E+03;9.63E+03;9.86E+03;1.01E+04;1.03E+04;1.05E+04;1.07E+04;1.09E+04;1.10E+04;1.12E+04;1.14E+04;1.15E+04;1.16E+04;1.16E+04;1.16E+04;1.29E+04;1.63E+04;1.49E+04;1.13E+04;1.14E+04;1.16E+04;1.17E+04;1.18E+04;1.18E+04;1.18E+04;1.19E+04;1.20E+04;1.23E+04;1.27E+04;1.32E+04;1.37E+04;1.41E+04;1.45E+04;1.48E+04;1.50E+04;1.51E+04;1.51E+04;15027.1;14949.3;14860.9;14768.4;14682.9;14606.3;14480.9;14269.3;14007.7;13696.7;13340.8;13032.3;12842.3;12776.9;12833.2;         ;         ;         ;         ;         ;         ;         ;         ;         ;         ;         ;         ;         ;         ;         
;95% LL;6.02E+03;6.10E+03;6.22E+03;6.36E+03;6.49E+03;6.57E+03;6.59E+03;6.56E+03;6.49E+03;6.44E+03;6.46E+03;6.57E+03;6.77E+03;6.93E+03;7.20E+03;7.67E+03;8.08E+03;8.39E+03;8.75E+03;9.28E+03;9.58E+03;9.80E+03;9.99E+03;1.02E+04;1.04E+04;1.06E+04;1.08E+04;1.09E+04;1.11E+04;1.13E+04;1.14E+04;1.14E+04;1.15E+04;1.15E+04;1.27E+04;1.61E+04;1.48E+04;1.12E+04;1.13E+04;1.14E+04;1.16E+04;1.16E+04;1.17E+04;1.17E+04;1.17E+04;1.19E+04;1.22E+04;1.26E+04;1.31E+04;1.36E+04;1.41E+04;1.45E+04;1.48E+04;1.49E+04;1.50E+04;1.50E+04;14976.2;14902.7;14820.4;14731.7;14646;14571.8;14447.5;14234.5;13971.8;13659.9;13302.5;12993.9;12802.3;12735.4;12790.6;         ;         ;         ;         ;         ;         ;         ;         ;         ;         ;         ;         ;         ;         ;         
;95% UL;6.02E+03;6.10E+03;6.22E+03;6.36E+03;6.49E+03;6.57E+03;6.59E+03;6.56E+03;6.49E+03;6.44E+03;6.46E+03;6.57E+03;6.77E+03;6.94E+03;7.22E+03;7.69E+03;8.11E+03;8.44E+03;8.82E+03;9.36E+03;9.68E+03;9.91E+03;1.01E+04;1.03E+04;1.06E+04;1.08E+04;1.10E+04;1.11E+04;1.13E+04;1.15E+04;1.16E+04;1.17E+04;1.17E+04;1.17E+04;1.30E+04;1.65E+04;1.51E+04;1.15E+04;1.16E+04;1.17E+04;1.19E+04;1.19E+04;1.19E+04;1.20E+04;1.20E+04;1.21E+04;1.24E+04;1.28E+04;1.33E+04;1.38E+04;1.42E+04;1.46E+04;1.49E+04;1.51E+04;1.51E+04;1.51E+04;15073.1;14993.2;14903.1;14807.2;14720.5;14643.1;14519.8;14310.4;14048.5;13738.5;13383.3;13075.5;12887.1;12823.5;12881.5;         ;         ;         ;         ;         ;         ;         ;         ;         ;         ;         ;         ;         ;         ;         
Non-AIDS female deaths, ages 55-59;Mean;7.35E+03;7.50E+03;7.58E+03;7.61E+03;7.63E+03;7.68E+03;7.79E+03;7.94E+03;8.11E+03;8.26E+03;8.35E+03;8.35E+03;8.29E+03;8.22E+03;8.17E+03;8.32E+03;8.49E+03;8.75E+03;9.22E+03;9.73E+03;1.02E+04;1.06E+04;1.09E+04;1.12E+04;1.16E+04;1.20E+04;1.24E+04;1.27E+04;1.30E+04;1.34E+04;1.37E+04;1.41E+04;1.44E+04;1.47E+04;1.70E+04;2.22E+04;2.01E+04;1.47E+04;1.47E+04;1.46E+04;1.46E+04;1.47E+04;1.48E+04;1.50E+04;1.53E+04;1.54E+04;1.56E+04;1.56E+04;1.57E+04;1.58E+04;1.60E+04;1.63E+04;1.69E+04;1.76E+04;1.83E+04;1.90E+04;19549;19976.1;20251.1;20411.7;20462.2;20425.7;20360.4;20279.6;20191.4;20110.5;20040.4;19906.1;19658.2;19339.4;18944.3;         ;         ;         ;         ;         ;         ;         ;         ;         ;         ;         ;         ;         ;         ;         
;95% LL;7.35E+03;7.50E+03;7.58E+03;7.61E+03;7.63E+03;7.68E+03;7.79E+03;7.94E+03;8.11E+03;8.26E+03;8.35E+03;8.35E+03;8.29E+03;8.21E+03;8.17E+03;8.31E+03;8.48E+03;8.73E+03;9.20E+03;9.70E+03;1.01E+04;1.06E+04;1.08E+04;1.12E+04;1.15E+04;1.19E+04;1.23E+04;1.26E+04;1.29E+04;1.33E+04;1.36E+04;1.39E+04;1.43E+04;1.46E+04;1.68E+04;2.20E+04;1.99E+04;1.45E+04;1.45E+04;1.45E+04;1.45E+04;1.45E+04;1.47E+04;1.49E+04;1.51E+04;1.53E+04;1.54E+04;1.55E+04;1.55E+04;1.56E+04;1.58E+04;1.62E+04;1.68E+04;1.75E+04;1.82E+04;1.89E+04;19451.6;19883.1;20163.1;20329.2;20385.2;20351.5;20293.3;20218.3;20137.6;20058;19988.2;19857.7;19608.8;19289;18893.6;         ;         ;         ;         ;         ;         ;         ;         ;         ;         ;         ;         ;         ;         ;         
;95% UL;7.35E+03;7.50E+03;7.58E+03;7.61E+03;7.63E+03;7.68E+03;7.79E+03;7.94E+03;8.11E+03;8.26E+03;8.35E+03;8.35E+03;8.29E+03;8.22E+03;8.18E+03;8.33E+03;8.51E+03;8.76E+03;9.24E+03;9.75E+03;1.02E+04;1.07E+04;1.09E+04;1.13E+04;1.17E+04;1.21E+04;1.24E+04;1.28E+04;1.32E+04;1.35E+04;1.38E+04;1.42E+04;1.45E+04;1.49E+04;1.72E+04;2.25E+04;2.03E+04;1.49E+04;1.48E+04;1.48E+04;1.48E+04;1.49E+04;1.50E+04;1.52E+04;1.55E+04;1.56E+04;1.58E+04;1.58E+04;1.59E+04;1.60E+04;1.62E+04;1.65E+04;1.71E+04;1.77E+04;1.84E+04;1.91E+04;19670.4;20083.4;20346.8;20495.9;20535.2;20491.3;20422.7;20340.3;20248.1;20165.1;20095.2;19960.5;19715.2;19397.4;19003.8;         ;         ;         ;         ;         ;         ;         ;         ;         ;         ;         ;         ;         ;         ;         
Non-AIDS male deaths, ages 20-24;Mean;6.69E+03;6.79E+03;6.87E+03;6.94E+03;7.01E+03;7.11E+03;7.27E+03;7.66E+03;8.10E+03;8.55E+03;8.97E+03;9.32E+03;9.48E+03;9.25E+03;8.89E+03;8.47E+03;8.43E+03;8.82E+03;9.03E+03;9.03E+03;9.30E+03;9.40E+03;9.69E+03;9.67E+03;9.59E+03;9.45E+03;9.27E+03;9.08E+03;8.89E+03;8.71E+03;8.54E+03;8.40E+03;8.24E+03;8.04E+03;7.58E+03;7.75E+03;8.55E+03;8.42E+03;8.33E+03;8.34E+03;8.43E+03;8.59E+03;8.82E+03;9.06E+03;9.24E+03;9.32E+03;9.35E+03;9.35E+03;9.32E+03;9.31E+03;9.31E+03;9.30E+03;9.25E+03;9.17E+03;9.06E+03;8.95E+03;8839.89;8754.17;8690.56;8637.69;8598.5;8571.46;8546.93;8518.71;8486.49;8451.25;8414.31;8377.16;8340.92;8306.1;8272.61;         ;         ;         ;         ;         ;         ;         ;         ;         ;         ;         ;         ;         ;         ;         
;95% LL;6.69E+03;6.79E+03;6.87E+03;6.94E+03;7.01E+03;7.11E+03;7.27E+03;7.66E+03;8.10E+03;8.55E+03;8.96E+03;9.32E+03;9.47E+03;9.24E+03;8.89E+03;8.47E+03;8.43E+03;8.82E+03;9.03E+03;9.03E+03;9.29E+03;9.39E+03;9.68E+03;9.67E+03;9.59E+03;9.45E+03;9.26E+03;9.07E+03;8.88E+03;8.69E+03;8.52E+03;8.38E+03;8.22E+03;8.02E+03;7.56E+03;7.73E+03;8.52E+03;8.39E+03;8.31E+03;8.31E+03;8.40E+03;8.56E+03;8.79E+03;9.03E+03;9.20E+03;9.29E+03;9.32E+03;9.32E+03;9.29E+03;9.28E+03;9.29E+03;9.28E+03;9.23E+03;9.14E+03;9.04E+03;8.93E+03;8817.77;8731.04;8667.4;8613.92;8572.27;8539.29;8510.85;8479.63;8445.45;8409.09;8371.7;8334.58;8298.71;8264.47;8231.66;         ;         ;         ;         ;         ;         ;         ;         ;         ;         ;         ;         ;         ;         ;         
;95% UL;6.69E+03;6.79E+03;6.87E+03;6.94E+03;7.01E+03;7.11E+03;7.27E+03;7.66E+03;8.10E+03;8.55E+03;8.97E+03;9.32E+03;9.48E+03;9.25E+03;8.89E+03;8.48E+03;8.44E+03;8.82E+03;9.03E+03;9.03E+03;9.30E+03;9.40E+03;9.69E+03;9.68E+03;9.60E+03;9.46E+03;9.27E+03;9.09E+03;8.90E+03;8.72E+03;8.56E+03;8.42E+03;8.27E+03;8.07E+03;7.61E+03;7.78E+03;8.58E+03;8.45E+03;8.37E+03;8.37E+03;8.47E+03;8.63E+03;8.85E+03;9.10E+03;9.27E+03;9.35E+03;9.39E+03;9.39E+03;9.36E+03;9.35E+03;9.35E+03;9.34E+03;9.29E+03;9.20E+03;9.09E+03;8.98E+03;8866.97;8781.38;8719.97;8668.51;8634.65;8614.77;8597.75;8574.57;8545.3;8511.91;8476.07;8439.39;8403.16;8367.58;8333.11;         ;         ;         ;         ;         ;         ;         ;         ;         ;         ;         ;         ;         ;         ;         
Non-AIDS male deaths, ages 25-29;Mean;7.31E+03;7.60E+03;7.87E+03;8.11E+03;8.33E+03;8.53E+03;8.69E+03;9.01E+03;9.35E+03;9.71E+03;1.01E+04;1.06E+04;1.10E+04;1.13E+04;1.13E+04;1.08E+04;1.08E+04;1.12E+04;1.15E+04;1.09E+04;1.09E+04;1.10E+04;1.13E+04;1.16E+04;1.19E+04;1.21E+04;1.22E+04;1.22E+04;1.21E+04;1.19E+04;1.17E+04;1.14E+04;1.11E+04;1.08E+04;1.06E+04;1.16E+04;1.30E+04;1.27E+04;1.26E+04;1.24E+04;1.22E+04;1.20E+04;1.17E+04;1.16E+04;1.17E+04;1.18E+04;1.20E+04;1.23E+04;1.26E+04;1.28E+04;1.29E+04;1.29E+04;1.29E+04;1.28E+04;1.28E+04;1.28E+04;12733;12637.7;12497.4;12337.4;12170.8;12012.6;11885.8;11789;11707.7;11643.9;11594.4;11547.8;11496.9;11441.4;11382.8;         ;         ;         ;         ;         ;         ;         ;         ;         ;         ;         ;         ;         ;         ;         
;95% LL;7.31E+03;7.60E+03;7.87E+03;8.11E+03;8.33E+03;8.53E+03;8.69E+03;9.01E+03;9.34E+03;9.71E+03;1.01E+04;1.06E+04;1.10E+04;1.13E+04;1.12E+04;1.08E+04;1.08E+04;1.12E+04;1.14E+04;1.09E+04;1.09E+04;1.10E+04;1.13E+04;1.16E+04;1.18E+04;1.21E+04;1.22E+04;1.22E+04;1.21E+04;1.19E+04;1.17E+04;1.14E+04;1.11E+04;1.08E+04;1.06E+04;1.16E+04;1.30E+04;1.27E+04;1.25E+04;1.24E+04;1.22E+04;1.19E+04;1.17E+04;1.16E+04;1.16E+04;1.18E+04;1.20E+04;1.23E+04;1.26E+04;1.28E+04;1.29E+04;1.29E+04;1.28E+04;1.28E+04;1.28E+04;1.27E+04;12698.3;12603.8;12464.5;12306.4;12141.2;11983.5;11855.2;11758.7;11674.9;11608;11550.9;11499.4;11444.7;11386.8;11326.9;         ;         ;         ;         ;         ;         ;         ;         ;         ;         ;         ;         ;         ;         ;         
;95% UL;7.31E+03;7.60E+03;7.87E+03;8.11E+03;8.33E+03;8.53E+03;8.69E+03;9.01E+03;9.35E+03;9.72E+03;1.01E+04;1.06E+04;1.10E+04;1.13E+04;1.13E+04;1.08E+04;1.09E+04;1.13E+04;1.15E+04;1.10E+04;1.10E+04;1.10E+04;1.13E+04;1.16E+04;1.19E+04;1.21E+04;1.23E+04;1.22E+04;1.21E+04;1.20E+04;1.17E+04;1.14E+04;1.11E+04;1.09E+04;1.06E+04;1.17E+04;1.30E+04;1.28E+04;1.26E+04;1.25E+04;1.22E+04;1.20E+04;1.18E+04;1.17E+04;1.17E+04;1.19E+04;1.21E+04;1.24E+04;1.27E+04;1.29E+04;1.30E+04;1.30E+04;1.29E+04;1.29E+04;1.28E+04;1.28E+04;12776.9;12679.4;12537.6;12375.6;12207.3;12048.5;11922.3;11828.5;11750.1;11693.2;11653.4;11615.8;11571.6;11519.6;11463.3;         ;         ;         ;         ;         ;         ;         ;         ;         ;         ;         ;         ;         ;         ;         
Non-AIDS male deaths, ages 30-34;Mean;6.45E+03;6.81E+03;7.19E+03;7.58E+03;7.97E+03;8.36E+03;8.74E+03;9.22E+03;9.68E+03;1.01E+04;1.06E+04;1.10E+04;1.13E+04;1.13E+04;1.14E+04;1.09E+04;1.10E+04;1.11E+04;1.20E+04;1.17E+04;1.19E+04;1.18E+04;1.20E+04;1.18E+04;1.17E+04;1.17E+04;1.18E+04;1.19E+04;1.20E+04;1.21E+04;1.21E+04;1.20E+04;1.18E+04;1.14E+04;1.14E+04;1.29E+04;1.44E+04;1.42E+04;1.40E+04;1.39E+04;1.39E+04;1.38E+04;1.37E+04;1.35E+04;1.33E+04;1.31E+04;1.28E+04;1.26E+04;1.25E+04;1.25E+04;1.26E+04;1.28E+04;1.31E+04;1.34E+04;1.35E+04;1.35E+04;13501.3;13430.5;13348.9;13285.9;13229.2;13144.3;13008.9;12831.5;12639.9;12445;12261.1;12109.9;11989.2;11885.2;11798.6;         ;         ;         ;         ;         ;         ;         ;         ;         ;         ;         ;         ;         ;         ;         
;95% LL;6.45E+03;6.81E+03;7.19E+03;7.58E+03;7.97E+03;8.36E+03;8.74E+03;9.22E+03;9.68E+03;1.01E+04;1.05E+04;1.10E+04;1.13E+04;1.13E+04;1.13E+04;1.08E+04;1.10E+04;1.11E+04;1.19E+04;1.17E+04;1.19E+04;1.18E+04;1.19E+04;1.18E+04;1.17E+04;1.16E+04;1.17E+04;1.18E+04;1.20E+04;1.21E+04;1.21E+04;1.20E+04;1.17E+04;1.14E+04;1.13E+04;1.29E+04;1.44E+04;1.42E+04;1.40E+04;1.39E+04;1.38E+04;1.38E+04;1.37E+04;1.35E+04;1.33E+04;1.31E+04;1.28E+04;1.25E+04;1.24E+04;1.24E+04;1.26E+04;1.28E+04;1.30E+04;1.33E+04;1.35E+04;1.35E+04;13459.5;13390.1;13310.1;13248.6;13193.3;13109;12974.5;12798.5;12609;12415.3;12231.9;12079.1;11958.7;11851.2;11761.8;         ;         ;         ;         ;         ;         ;         ;         ;         ;         ;         ;         ;         ;         ;         
;95% UL;6.45E+03;6.81E+03;7.19E+03;7.58E+03;7.97E+03;8.36E+03;8.74E+03;9.22E+03;9.68E+03;1.01E+04;1.06E+04;1.10E+04;1.13E+04;1.14E+04;1.14E+04;1.09E+04;1.11E+04;1.12E+04;1.20E+04;1.18E+04;1.20E+04;1.19E+04;1.21E+04;1.19E+04;1.18E+04;1.18E+04;1.18E+04;1.19E+04;1.21E+04;1.22E+04;1.22E+04;1.21E+04;1.18E+04;1.15E+04;1.14E+04;1.29E+04;1.45E+04;1.42E+04;1.41E+04;1.40E+04;1.39E+04;1.38E+04;1.38E+04;1.36E+04;1.34E+04;1.31E+04;1.29E+04;1.26E+04;1.25E+04;1.25E+04;1.27E+04;1.29E+04;1.31E+04;1.34E+04;1.36E+04;1.36E+04;13552.4;13481;13398.4;13334.1;13275.6;13188.6;13051.4;12872;12677.8;12481.9;12297.5;12147;12029.5;11929.5;11849.1;         ;         ;         ;         ;         ;         ;         ;         ;         ;         ;         ;         ;         ;         ;         
Non-AIDS male deaths, ages 35-39;Mean;5.92E+03;6.27E+03;6.61E+03;6.95E+03;7.29E+03;7.65E+03;8.03E+03;8.54E+03;9.07E+03;9.61E+03;1.01E+04;1.06E+04;1.10E+04;1.12E+04;1.12E+04;1.09E+04;1.10E+04;1.15E+04;1.16E+04;1.16E+04;1.13E+04;1.11E+04;1.13E+04;1.12E+04;1.12E+04;1.12E+04;1.11E+04;1.10E+04;1.09E+04;1.08E+04;1.07E+04;1.08E+04;1.08E+04;1.09E+04;1.13E+04;1.34E+04;1.46E+04;1.35E+04;1.36E+04;1.36E+04;1.35E+04;1.34E+04;1.33E+04;1.32E+04;1.31E+04;1.30E+04;1.29E+04;1.28E+04;1.27E+04;1.25E+04;1.22E+04;1.20E+04;1.17E+04;1.16E+04;1.16E+04;1.17E+04;11827.8;12050.2;12280.4;12407.3;12423.4;12386.4;12308.7;12217;12142.4;12077.1;11989;11857.1;11686.9;11501.7;11312.1;         ;         ;         ;         ;         ;         ;         ;         ;         ;         ;         ;         ;         ;         ;         
;95% LL;5.92E+03;6.27E+03;6.61E+03;6.95E+03;7.29E+03;7.65E+03;8.03E+03;8.54E+03;9.07E+03;9.60E+03;1.01E+04;1.06E+04;1.10E+04;1.12E+04;1.11E+04;1.08E+04;1.09E+04;1.14E+04;1.15E+04;1.16E+04;1.12E+04;1.11E+04;1.12E+04;1.12E+04;1.11E+04;1.11E+04;1.10E+04;1.09E+04;1.08E+04;1.07E+04;1.07E+04;1.07E+04;1.07E+04;1.08E+04;1.12E+04;1.34E+04;1.45E+04;1.34E+04;1.35E+04;1.35E+04;1.35E+04;1.34E+04;1.33E+04;1.32E+04;1.30E+04;1.30E+04;1.29E+04;1.28E+04;1.26E+04;1.24E+04;1.22E+04;1.19E+04;1.17E+04;1.15E+04;1.15E+04;1.16E+04;11789.6;12011.6;12242.5;12369.2;12384.2;12348.4;12272.1;12181.8;12108.6;12044.6;11957;11825.9;11657.3;11474.1;11285.3;         ;         ;         ;         ;         ;         ;         ;         ;         ;         ;         ;         ;         ;         ;         
;95% UL;5.92E+03;6.27E+03;6.61E+03;6.95E+03;7.29E+03;7.65E+03;8.03E+03;8.54E+03;9.07E+03;9.61E+03;1.01E+04;1.07E+04;1.11E+04;1.13E+04;1.12E+04;1.09E+04;1.10E+04;1.16E+04;1.17E+04;1.17E+04;1.14E+04;1.12E+04;1.14E+04;1.14E+04;1.13E+04;1.13E+04;1.12E+04;1.11E+04;1.10E+04;1.09E+04;1.08E+04;1.08E+04;1.09E+04;1.10E+04;1.14E+04;1.35E+04;1.47E+04;1.36E+04;1.36E+04;1.36E+04;1.36E+04;1.35E+04;1.33E+04;1.32E+04;1.31E+04;1.30E+04;1.30E+04;1.29E+04;1.27E+04;1.25E+04;1.23E+04;1.20E+04;1.18E+04;1.16E+04;1.16E+04;1.17E+04;11873.5;12096.9;12327.2;12453.4;12469.9;12432.3;12354.2;12261.7;12186.1;12119.4;12029.4;11895.7;11723.3;11536.5;11345.7;         ;         ;         ;         ;         ;         ;         ;         ;         ;         ;         ;         ;         ;         ;         
Non-AIDS male deaths, ages 40-44;Mean;5.90E+03;6.16E+03;6.49E+03;6.89E+03;7.34E+03;7.79E+03;8.24E+03;8.76E+03;9.29E+03;9.82E+03;1.04E+04;1.10E+04;1.15E+04;1.15E+04;1.16E+04;1.16E+04;1.18E+04;1.19E+04;1.23E+04;1.24E+04;1.26E+04;1.24E+04;1.23E+04;1.21E+04;1.19E+04;1.17E+04;1.17E+04;1.17E+04;1.18E+04;1.18E+04;1.19E+04;1.19E+04;1.18E+04;1.17E+04;1.15E+04;1.33E+04;1.40E+04;1.25E+04;1.30E+04;1.35E+04;1.40E+04;1.44E+04;1.46E+04;1.47E+04;1.48E+04;1.47E+04;1.46E+04;1.45E+04;1.44E+04;1.43E+04;1.42E+04;1.42E+04;1.41E+04;1.39E+04;1.37E+04;1.34E+04;13139.5;12876.4;12724.9;12698.6;12791;12967.7;13212;13476.2;13634.2;13668.9;13643.9;13569.2;13473.3;13396.1;13333.4;         ;         ;         ;         ;         ;         ;         ;         ;         ;         ;         ;         ;         ;         ;         
;95% LL;5.90E+03;6.16E+03;6.49E+03;6.89E+03;7.34E+03;7.79E+03;8.24E+03;8.76E+03;9.28E+03;9.81E+03;1.04E+04;1.09E+04;1.14E+04;1.15E+04;1.15E+04;1.16E+04;1.17E+04;1.18E+04;1.22E+04;1.23E+04;1.25E+04;1.22E+04;1.21E+04;1.19E+04;1.17E+04;1.16E+04;1.16E+04;1.16E+04;1.16E+04;1.17E+04;1.18E+04;1.18E+04;1.17E+04;1.16E+04;1.14E+04;1.32E+04;1.38E+04;1.24E+04;1.29E+04;1.34E+04;1.39E+04;1.43E+04;1.45E+04;1.47E+04;1.47E+04;1.47E+04;1.46E+04;1.45E+04;1.44E+04;1.43E+04;1.42E+04;1.41E+04;1.40E+04;1.39E+04;1.37E+04;1.34E+04;13103;12838.6;12686.7;12659.8;12750.7;12925.7;13170.7;13435.7;13593.6;13626.9;13602.2;13529;13434.3;13358.9;13297.6;         ;         ;         ;         ;         ;         ;         ;         ;         ;         ;         ;         ;         ;         ;         
;95% UL;5.90E+03;6.16E+03;6.49E+03;6.89E+03;7.34E+03;7.79E+03;8.24E+03;8.77E+03;9.29E+03;9.83E+03;1.04E+04;1.10E+04;1.15E+04;1.16E+04;1.17E+04;1.17E+04;1.19E+04;1.21E+04;1.25E+04;1.26E+04;1.28E+04;1.26E+04;1.25E+04;1.22E+04;1.21E+04;1.19E+04;1.19E+04;1.19E+04;1.19E+04;1.20E+04;1.20E+04;1.20E+04;1.20E+04;1.19E+04;1.17E+04;1.35E+04;1.41E+04;1.26E+04;1.32E+04;1.37E+04;1.41E+04;1.45E+04;1.47E+04;1.48E+04;1.49E+04;1.48E+04;1.47E+04;1.46E+04;1.45E+04;1.43E+04;1.43E+04;1.42E+04;1.41E+04;1.39E+04;1.37E+04;1.35E+04;13186.2;12922.8;12772.2;12746.2;12839.5;13017.8;13263.2;13527.7;13685.6;13720.4;13694.9;13619.5;13522.6;13444.4;13380.4;         ;         ;         ;         ;         ;         ;         ;         ;         ;         ;         ;         ;         ;         ;         
Non-AIDS male deaths, ages 45-49;Mean;7.44E+03;7.64E+03;7.79E+03;7.90E+03;8.03E+03;8.23E+03;8.54E+03;9.04E+03;9.63E+03;1.03E+04;1.09E+04;1.15E+04;1.20E+04;1.21E+04;1.22E+04;1.21E+04;1.24E+04;1.26E+04;1.32E+04;1.33E+04;1.33E+04;1.34E+04;1.34E+04;1.34E+04;1.35E+04;1.35E+04;1.35E+04;1.35E+04;1.35E+04;1.36E+04;1.37E+04;1.38E+04;1.41E+04;1.44E+04;1.45E+04;1.70E+04;1.70E+04;1.44E+04;1.47E+04;1.50E+04;1.54E+04;1.60E+04;1.66E+04;1.74E+04;1.81E+04;1.88E+04;1.93E+04;1.97E+04;1.99E+04;2.00E+04;2.00E+04;1.99E+04;1.98E+04;1.96E+04;1.95E+04;1.94E+04;19365.7;19272.9;19084.5;18837.5;18520.6;18127.1;17781;17587.3;17556.5;17689.1;17948.7;18313.5;18715.3;18975.3;19063.4;         ;         ;         ;         ;         ;         ;         ;         ;         ;         ;         ;         ;         ;         ;         
;95% LL;7.44E+03;7.64E+03;7.79E+03;7.90E+03;8.03E+03;8.23E+03;8.54E+03;9.03E+03;9.62E+03;1.03E+04;1.09E+04;1.15E+04;1.20E+04;1.21E+04;1.21E+04;1.20E+04;1.23E+04;1.25E+04;1.31E+04;1.32E+04;1.32E+04;1.32E+04;1.32E+04;1.32E+04;1.33E+04;1.33E+04;1.33E+04;1.33E+04;1.33E+04;1.34E+04;1.35E+04;1.37E+04;1.39E+04;1.42E+04;1.44E+04;1.68E+04;1.68E+04;1.42E+04;1.45E+04;1.48E+04;1.53E+04;1.58E+04;1.65E+04;1.72E+04;1.79E+04;1.86E+04;1.92E+04;1.96E+04;1.98E+04;1.99E+04;1.99E+04;1.98E+04;1.97E+04;1.96E+04;1.95E+04;1.94E+04;19324.5;19229.9;19039.8;18791.4;18471.9;18076.3;17729.6;17534.9;17502.3;17633.1;17893.2;18257.3;18659.4;18919;19006.4;         ;         ;         ;         ;         ;         ;         ;         ;         ;         ;         ;         ;         ;         ;         
;95% UL;7.44E+03;7.64E+03;7.79E+03;7.90E+03;8.03E+03;8.23E+03;8.54E+03;9.04E+03;9.63E+03;1.03E+04;1.09E+04;1.16E+04;1.21E+04;1.22E+04;1.23E+04;1.22E+04;1.25E+04;1.28E+04;1.34E+04;1.35E+04;1.36E+04;1.37E+04;1.37E+04;1.37E+04;1.37E+04;1.38E+04;1.38E+04;1.38E+04;1.38E+04;1.38E+04;1.39E+04;1.41E+04;1.43E+04;1.46E+04;1.48E+04;1.73E+04;1.73E+04;1.46E+04;1.49E+04;1.52E+04;1.56E+04;1.62E+04;1.68E+04;1.76E+04;1.83E+04;1.89E+04;1.95E+04;1.98E+04;2.00E+04;2.01E+04;2.01E+04;2.00E+04;1.98E+04;1.97E+04;1.96E+04;1.95E+04;19431.1;19335.9;19150.8;18902.8;18586.9;18192.8;17846.2;17652.7;17622.5;17756.3;18018.2;18384.7;18787.3;19047.4;19136;         ;         ;         ;         ;         ;         ;         ;         ;         ;         ;         ;         ;         ;         ;         
Non-AIDS male deaths, ages 50-54;Mean;8919.84;9145.8;9434.11;9766.8;10097.6;10381.7;10587.9;10775.6;10930.7;11121.7;11415.7;11848;12334;12460.2;12750.9;12912.1;13227.5;13463.7;1.40E+04;1.40E+04;1.40E+04;1.42E+04;1.45E+04;1.48E+04;1.51E+04;1.54E+04;1.57E+04;1.59E+04;1.61E+04;1.63E+04;1.66E+04;1.67E+04;1.69E+04;1.71E+04;1.74E+04;2.05E+04;2.02E+04;1.69E+04;1.75E+04;1.80E+04;1.86E+04;1.91E+04;1.95E+04;1.99E+04;2.04E+04;2.10E+04;2.18E+04;2.28E+04;2.38E+04;2.49E+04;2.59E+04;2.67E+04;2.72E+04;2.76E+04;2.78E+04;2.78E+04;27716.1;27607.6;27484.3;27370.4;27296.3;27273.4;27193.5;26972.8;26665.4;26259.6;25747.1;25300.6;25068.2;25068.9;25305.9;         ;         ;         ;         ;         ;         ;         ;         ;         ;         ;         ;         ;         ;         ;         
;95% LL;8919.84;9145.8;9434.1;9766.77;10097.5;10381.4;10587.1;10773.9;10926.9;11114;11402.1;11826;12300.9;12414.2;12689.6;12834.2;13132.4;13355.2;1.38E+04;1.39E+04;1.38E+04;1.40E+04;1.43E+04;1.46E+04;1.49E+04;1.52E+04;1.54E+04;1.56E+04;1.59E+04;1.61E+04;1.63E+04;1.65E+04;1.66E+04;1.68E+04;1.72E+04;2.02E+04;1.99E+04;1.67E+04;1.72E+04;1.78E+04;1.83E+04;1.88E+04;1.93E+04;1.97E+04;2.02E+04;2.08E+04;2.16E+04;2.25E+04;2.36E+04;2.47E+04;2.56E+04;2.65E+04;2.70E+04;2.74E+04;2.76E+04;2.77E+04;27608.6;27513;27399.9;27293.8;27225.9;27208.3;27133.6;26909;26601.3;26190;25675.9;25227.8;24993.2;24992.8;25226.5;         ;         ;         ;         ;         ;         ;         ;         ;         ;         ;         ;         ;         ;         ;         
;95% UL;8919.84;9145.8;9434.11;9766.82;10097.7;10381.9;10588.5;10777;10934;11128.9;11429.8;11872.7;12375.5;12518.8;12834.5;13023.9;13371.8;1.36E+04;1.42E+04;1.43E+04;1.42E+04;1.45E+04;1.49E+04;1.52E+04;1.55E+04;1.58E+04;1.61E+04;1.63E+04;1.65E+04;1.67E+04;1.69E+04;1.71E+04;1.73E+04;1.75E+04;1.78E+04;2.09E+04;2.05E+04;1.72E+04;1.78E+04;1.83E+04;1.89E+04;1.94E+04;1.98E+04;2.03E+04;2.07E+04;2.13E+04;2.21E+04;2.31E+04;2.41E+04;2.51E+04;2.61E+04;2.69E+04;2.74E+04;2.78E+04;2.79E+04;2.79E+04;27850;27725.8;27595.5;27474.5;27392.9;27371.6;27290.2;27067.3;26761.1;26353.9;25842.1;25396.6;25164.4;25165.5;25405.9;         ;         ;         ;         ;         ;         ;         ;         ;         ;         ;         ;         ;         ;         ;         
Non-AIDS male deaths, ages 55-59;Mean;10435.7;10631.8;10744.7;10813.2;10886.9;11009.5;11209.6;11496;11844.3;12193.6;12486.5;12686.8;12775.4;12549.5;12714.8;12888.2;12883;13413.4;13876.5;14219.6;14609.5;14934.1;15303.3;15751.7;16196.7;16665;17173.1;17677.4;18209.4;18748.5;19272.9;19774.5;20258.2;20727.8;21898.7;26332.1;25116.7;20318.6;20595.6;20912.5;21305.1;21806.7;22437.1;23174.1;23958.5;24726.4;25431;26064.3;26678.9;27371.4;28238.5;29341.2;30676;32155.6;33632.5;35003.7;36157.3;36995.8;37547.9;37881;37996.5;37955.4;37872.9;37768.2;37674;37632.3;37658.9;37603.9;37354.6;36986.7;36476.8;         ;         ;         ;         ;         ;         ;         ;         ;         ;         ;         ;         ;         ;         ;         
;95% LL;10435.7;10631.8;10744.7;10813.2;10886.8;11009.4;11209.2;11494.9;11841.7;12188.2;12476.9;12671.3;12752.2;12517.4;12671;12830.4;12811.4;13326.6;13774.7;14097.8;14463.7;14764.8;15110.2;15535.1;15958;16405.8;16894.5;17381;17896.3;18419.6;18929.5;19418.4;19891.3;20351.9;21502.8;25859.3;24671.3;19964.9;20245.9;20568;20965.9;21472;22104.9;22842.3;23625.4;24391;25093.1;25724.7;26338.7;27031.5;27900.2;29005.6;30345;31832.1;33320.1;34706.6;35879.7;36740.8;37317.4;37675.2;37814.5;37794.9;37730.4;37640;37557.2;37524.5;37559;37511.6;37264.4;36895.7;36382;         ;         ;         ;         ;         ;         ;         ;         ;         ;         ;         ;         ;         ;         ;         
;95% UL;10435.7;10631.8;10744.7;10813.2;10886.9;11009.7;11210;11496.9;11846.5;12198.5;12496.3;12704;12803.7;12589.8;12773.6;12969.6;12989.4;13551.4;14048.2;14425;14848.6;15206.9;15613.5;16094.8;16569.3;17064.1;17597.9;18125.9;18672.7;19224.7;19755.3;20260;20756.4;21237.7;22426.3;26951.6;25698.5;20762.6;21016.1;21315.6;21710.3;22213.7;22854.7;23602.6;24396.5;25170.9;25875.7;26503.9;27115.8;27798.5;28654.5;29745.6;31068.5;32534.9;33995.9;35348.2;36479.8;37293.5;37819.8;38127.6;38219.8;38154.7;38050.4;37935.4;37831.8;37775.6;37799.8;37749.3;37493.5;37122.6;36613.3;         ;         ;         ;         ;         ;         ;         ;         ;         ;         ;         ;         ;         ;         ;         
;;         ;         ;         ;         ;         ;         ;         ;         ;         ;         ;         ;         ;         ;         ;         ;         ;         ;         ;         ;         ;         ;         ;         ;         ;         ;         ;         ;         ;         ;         ;         ;         ;         ;         ;         ;         ;         ;         ;         ;         ;         ;         ;         ;         ;         ;         ;         ;         ;         ;         ;         ;         ;         ;         ;         ;         ;         ;         ;         ;         ;         ;         ;         ;         ;         ;         ;         ;         ;         ;         ;         ;         ;         ;         ;         ;         ;         ;         ;         ;         ;         ;         ;         ;         ;         ;         
Numerators and denominators for UNAIDS indicators;;         ;         ;         ;         ;         ;         ;         ;         ;         ;         ;         ;         ;         ;         ;         ;         ;         ;         ;         ;         ;         ;         ;         ;         ;         ;         ;         ;         ;         ;         ;         ;         ;         ;         ;         ;         ;         ;         ;         ;         ;         ;         ;         ;         ;         ;         ;         ;         ;         ;         ;         ;         ;         ;         ;         ;         ;         ;         ;         ;         ;         ;         ;         ;         ;         ;         ;         ;         ;         ;         ;         ;         ;         ;         ;         ;         ;         ;         ;         ;         ;         ;         ;         ;         ;         ;         
;;         ;         ;         ;         ;         ;         ;         ;         ;         ;         ;         ;         ;         ;         ;         ;         ;         ;         ;         ;         ;         ;         ;         ;         ;         ;         ;         ;         ;         ;         ;         ;         ;         ;         ;         ;         ;         ;         ;         ;         ;         ;         ;         ;         ;         ;         ;         ;         ;         ;         ;         ;         ;         ;         ;         ;         ;         ;         ;         ;         ;         ;         ;         ;         ;         ;         ;         ;         ;         ;         ;         ;         ;         ;         ;         ;         ;         ;         ;         ;         ;         ;         ;         ;         ;         ;         
Total HIV-negative population;Mean;3.23E+07;3.31E+07;3.39E+07;3.46E+07;3.54E+07;3.61E+07;3.68E+07;3.76E+07;3.83E+07;3.89E+07;3.94E+07;3.98E+07;4.01E+07;4.04E+07;4.06E+07;4.09E+07;4.11E+07;4.13E+07;4.15E+07;4.18E+07;4.21E+07;4.24E+07;4.29E+07;4.35E+07;4.40E+07;4.46E+07;4.52E+07;4.58E+07;4.64E+07;4.71E+07;4.78E+07;4.85E+07;4.92E+07;5.00E+07;5.07E+07;5.14E+07;5.21E+07;5.28E+07;5.36E+07;5.44E+07;5.52E+07;5.61E+07;5.69E+07;5.78E+07;5.87E+07;5.96E+07;6.04E+07;6.13E+07;6.22E+07;6.31E+07;6.39E+07;6.48E+07;6.57E+07;6.65E+07;6.74E+07;6.82E+07;6.90E+07;6.98E+07;7.06E+07;7.14E+07;7.22E+07;7.29E+07;7.37E+07;7.44E+07;7.51E+07;7.58E+07;7.65E+07;7.72E+07;7.78E+07;7.84E+07;7.91E+07;         ;         ;         ;         ;         ;         ;         ;         ;         ;         ;         ;         ;         ;         ;         
;95% LL;3.23E+07;3.31E+07;3.39E+07;3.46E+07;3.53E+07;3.60E+07;3.67E+07;3.75E+07;3.82E+07;3.87E+07;3.92E+07;3.96E+07;3.99E+07;4.02E+07;4.04E+07;4.06E+07;4.08E+07;4.10E+07;4.13E+07;4.15E+07;4.18E+07;4.22E+07;4.27E+07;4.32E+07;4.38E+07;4.44E+07;4.49E+07;4.56E+07;4.62E+07;4.69E+07;4.76E+07;4.83E+07;4.90E+07;4.97E+07;5.05E+07;5.12E+07;5.18E+07;5.25E+07;5.33E+07;5.41E+07;5.50E+07;5.58E+07;5.67E+07;5.75E+07;5.84E+07;5.93E+07;6.01E+07;6.10E+07;6.19E+07;6.28E+07;6.37E+07;6.45E+07;6.54E+07;6.62E+07;6.71E+07;6.79E+07;6.87E+07;6.95E+07;7.03E+07;7.11E+07;7.18E+07;7.26E+07;7.33E+07;7.41E+07;7.48E+07;7.55E+07;7.62E+07;7.68E+07;7.75E+07;7.81E+07;7.87E+07;         ;         ;         ;         ;         ;         ;         ;         ;         ;         ;         ;         ;         ;         ;         
;95% UL;3.23E+07;3.31E+07;3.39E+07;3.46E+07;3.54E+07;3.61E+07;3.68E+07;3.77E+07;3.85E+07;3.91E+07;3.97E+07;4.01E+07;4.05E+07;4.08E+07;4.10E+07;4.12E+07;4.15E+07;4.17E+07;4.19E+07;4.21E+07;4.24E+07;4.28E+07;4.33E+07;4.38E+07;4.44E+07;4.49E+07;4.55E+07;4.61E+07;4.68E+07;4.75E+07;4.82E+07;4.89E+07;4.96E+07;5.04E+07;5.11E+07;5.18E+07;5.25E+07;5.32E+07;5.40E+07;5.48E+07;5.57E+07;5.65E+07;5.74E+07;5.82E+07;5.91E+07;6.00E+07;6.09E+07;6.18E+07;6.26E+07;6.35E+07;6.44E+07;6.52E+07;6.61E+07;6.69E+07;6.78E+07;6.86E+07;6.94E+07;7.02E+07;7.10E+07;7.18E+07;7.26E+07;7.33E+07;7.41E+07;7.48E+07;7.55E+07;7.62E+07;7.69E+07;7.75E+07;7.82E+07;7.88E+07;7.95E+07;         ;         ;         ;         ;         ;         ;         ;         ;         ;         ;         ;         ;         ;         ;         
Total HIV-negative children;Mean;4.86E+06;4.93E+06;4.98E+06;4.99E+06;4.98E+06;4.95E+06;4.93E+06;4.93E+06;4.91E+06;4.89E+06;4.84E+06;4.76E+06;4.75E+06;4.70E+06;4.64E+06;4.60E+06;4.55E+06;4.48E+06;4.44E+06;4.46E+06;4.54E+06;4.67E+06;4.83E+06;5.03E+06;5.20E+06;5.31E+06;5.38E+06;5.44E+06;5.48E+06;5.52E+06;5.58E+06;5.64E+06;5.68E+06;5.70E+06;5.70E+06;5.70E+06;5.69E+06;5.70E+06;5.72E+06;5.74E+06;5.78E+06;5.82E+06;5.86E+06;5.90E+06;5.94E+06;5.97E+06;6.00E+06;6.03E+06;6.06E+06;6.08E+06;6.11E+06;6.14E+06;6.17E+06;6.19E+06;6.22E+06;6.24E+06;6.25E+06;6.26E+06;6.26E+06;6.26E+06;6.26E+06;6.26E+06;6.25E+06;6.23E+06;6.22E+06;6.20E+06;6.19E+06;6.17E+06;6.16E+06;6.14E+06;6.13E+06;         ;         ;         ;         ;         ;         ;         ;         ;         ;         ;         ;         ;         ;         ;         
;95% LL;4.86E+06;4.93E+06;4.98E+06;4.99E+06;4.98E+06;4.95E+06;4.93E+06;4.92E+06;4.91E+06;4.88E+06;4.83E+06;4.74E+06;4.74E+06;4.69E+06;4.63E+06;4.58E+06;4.53E+06;4.46E+06;4.42E+06;4.44E+06;4.52E+06;4.65E+06;4.81E+06;5.01E+06;5.18E+06;5.28E+06;5.36E+06;5.42E+06;5.46E+06;5.50E+06;5.56E+06;5.62E+06;5.66E+06;5.68E+06;5.68E+06;5.68E+06;5.68E+06;5.68E+06;5.70E+06;5.73E+06;5.76E+06;5.80E+06;5.84E+06;5.88E+06;5.91E+06;5.94E+06;5.97E+06;6.00E+06;6.02E+06;6.05E+06;6.08E+06;6.11E+06;6.14E+06;6.16E+06;6.19E+06;6.21E+06;6.22E+06;6.23E+06;6.24E+06;6.24E+06;6.24E+06;6.23E+06;6.22E+06;6.21E+06;6.20E+06;6.18E+06;6.17E+06;6.15E+06;6.14E+06;6.12E+06;6.11E+06;         ;         ;         ;         ;         ;         ;         ;         ;         ;         ;         ;         ;         ;         ;         
;95% UL;4.86E+06;4.93E+06;4.98E+06;4.99E+06;4.98E+06;4.95E+06;4.94E+06;4.93E+06;4.92E+06;4.90E+06;4.85E+06;4.77E+06;4.77E+06;4.72E+06;4.66E+06;4.62E+06;4.57E+06;4.50E+06;4.47E+06;4.48E+06;4.57E+06;4.70E+06;4.86E+06;5.05E+06;5.23E+06;5.33E+06;5.41E+06;5.46E+06;5.50E+06;5.54E+06;5.61E+06;5.66E+06;5.70E+06;5.72E+06;5.72E+06;5.72E+06;5.71E+06;5.72E+06;5.74E+06;5.77E+06;5.80E+06;5.85E+06;5.90E+06;5.94E+06;5.98E+06;6.02E+06;6.05E+06;6.07E+06;6.10E+06;6.13E+06;6.16E+06;6.19E+06;6.21E+06;6.24E+06;6.26E+06;6.28E+06;6.29E+06;6.30E+06;6.31E+06;6.31E+06;6.30E+06;6.29E+06;6.28E+06;6.27E+06;6.26E+06;6.24E+06;6.22E+06;6.21E+06;6.19E+06;6.18E+06;6.17E+06;         ;         ;         ;         ;         ;         ;         ;         ;         ;         ;         ;         ;         ;         ;         
Total HIV-negative aged 15-24 ;Mean;6.37E+06;6.46E+06;6.57E+06;6.69E+06;6.82E+06;6.95E+06;7.12E+06;7.33E+06;7.51E+06;7.66E+06;7.77E+06;7.86E+06;7.91E+06;7.98E+06;8.07E+06;8.18E+06;8.34E+06;8.49E+06;8.64E+06;8.80E+06;8.93E+06;9.04E+06;9.17E+06;9.26E+06;9.31E+06;9.34E+06;9.33E+06;9.39E+06;9.41E+06;9.40E+06;9.38E+06;9.35E+06;9.32E+06;9.29E+06;9.29E+06;9.34E+06;9.42E+06;9.53E+06;9.70E+06;9.91E+06;1.01E+07;1.03E+07;1.06E+07;1.08E+07;1.10E+07;1.12E+07;1.14E+07;1.15E+07;1.16E+07;1.16E+07;1.17E+07;1.17E+07;1.18E+07;1.18E+07;1.18E+07;1.18E+07;1.18E+07;1.18E+07;1.19E+07;1.19E+07;1.20E+07;1.20E+07;1.21E+07;1.21E+07;1.22E+07;1.22E+07;1.23E+07;1.23E+07;1.24E+07;1.24E+07;1.25E+07;         ;         ;         ;         ;         ;         ;         ;         ;         ;         ;         ;         ;         ;         ;         
;95% LL;6.37E+06;6.46E+06;6.57E+06;6.69E+06;6.81E+06;6.94E+06;7.10E+06;7.31E+06;7.48E+06;7.61E+06;7.72E+06;7.81E+06;7.85E+06;7.92E+06;8.02E+06;8.14E+06;8.30E+06;8.45E+06;8.60E+06;8.75E+06;8.89E+06;9.00E+06;9.13E+06;9.22E+06;9.28E+06;9.30E+06;9.29E+06;9.36E+06;9.37E+06;9.36E+06;9.34E+06;9.31E+06;9.28E+06;9.25E+06;9.24E+06;9.30E+06;9.38E+06;9.48E+06;9.65E+06;9.86E+06;1.01E+07;1.03E+07;1.05E+07;1.08E+07;1.10E+07;1.12E+07;1.13E+07;1.15E+07;1.15E+07;1.16E+07;1.16E+07;1.17E+07;1.17E+07;1.17E+07;1.18E+07;1.18E+07;1.18E+07;1.18E+07;1.18E+07;1.19E+07;1.19E+07;1.20E+07;1.20E+07;1.21E+07;1.21E+07;1.22E+07;1.22E+07;1.23E+07;1.23E+07;1.24E+07;1.24E+07;         ;         ;         ;         ;         ;         ;         ;         ;         ;         ;         ;         ;         ;         ;         
;95% UL;6.37E+06;6.46E+06;6.57E+06;6.69E+06;6.82E+06;6.96E+06;7.13E+06;7.36E+06;7.55E+06;7.71E+06;7.83E+06;7.93E+06;7.98E+06;8.05E+06;8.14E+06;8.25E+06;8.40E+06;8.55E+06;8.71E+06;8.85E+06;8.98E+06;9.09E+06;9.22E+06;9.31E+06;9.36E+06;9.38E+06;9.37E+06;9.44E+06;9.46E+06;9.45E+06;9.43E+06;9.40E+06;9.37E+06;9.34E+06;9.34E+06;9.40E+06;9.48E+06;9.59E+06;9.77E+06;9.98E+06;1.02E+07;1.04E+07;1.06E+07;1.09E+07;1.11E+07;1.13E+07;1.14E+07;1.15E+07;1.16E+07;1.17E+07;1.17E+07;1.18E+07;1.18E+07;1.18E+07;1.18E+07;1.18E+07;1.19E+07;1.19E+07;1.19E+07;1.20E+07;1.20E+07;1.21E+07;1.22E+07;1.22E+07;1.23E+07;1.23E+07;1.24E+07;1.24E+07;1.25E+07;1.25E+07;1.25E+07;         ;         ;         ;         ;         ;         ;         ;         ;         ;         ;         ;         ;         ;         ;         
Total HIV-negative males aged 15-24 ;Mean;3.17E+06;3.20E+06;3.25E+06;3.30E+06;3.36E+06;3.42E+06;3.49E+06;3.61E+06;3.71E+06;3.80E+06;3.88E+06;3.96E+06;4.02E+06;4.09E+06;4.17E+06;4.27E+06;4.37E+06;4.47E+06;4.56E+06;4.65E+06;4.72E+06;4.77E+06;4.84E+06;4.89E+06;4.91E+06;4.92E+06;4.91E+06;4.93E+06;4.92E+06;4.91E+06;4.89E+06;4.86E+06;4.84E+06;4.82E+06;4.81E+06;4.83E+06;4.87E+06;4.91E+06;4.99E+06;5.09E+06;5.19E+06;5.29E+06;5.40E+06;5.52E+06;5.64E+06;5.73E+06;5.80E+06;5.85E+06;5.88E+06;5.91E+06;5.93E+06;5.95E+06;5.96E+06;5.96E+06;5.96E+06;5.97E+06;5.97E+06;5.98E+06;6.00E+06;6.02E+06;6.04E+06;6.06E+06;6.09E+06;6.12E+06;6.14E+06;6.16E+06;6.19E+06;6.21E+06;6.23E+06;6.25E+06;6.26E+06;         ;         ;         ;         ;         ;         ;         ;         ;         ;         ;         ;         ;         ;         ;         
;95% LL;3.17E+06;3.20E+06;3.25E+06;3.30E+06;3.36E+06;3.42E+06;3.48E+06;3.60E+06;3.70E+06;3.79E+06;3.87E+06;3.94E+06;4.00E+06;4.07E+06;4.16E+06;4.25E+06;4.36E+06;4.45E+06;4.54E+06;4.63E+06;4.70E+06;4.76E+06;4.83E+06;4.87E+06;4.90E+06;4.90E+06;4.89E+06;4.91E+06;4.91E+06;4.89E+06;4.87E+06;4.84E+06;4.82E+06;4.80E+06;4.79E+06;4.81E+06;4.85E+06;4.89E+06;4.97E+06;5.07E+06;5.17E+06;5.27E+06;5.38E+06;5.51E+06;5.62E+06;5.71E+06;5.78E+06;5.84E+06;5.87E+06;5.89E+06;5.91E+06;5.93E+06;5.94E+06;5.95E+06;5.95E+06;5.95E+06;5.95E+06;5.96E+06;5.98E+06;6.00E+06;6.02E+06;6.04E+06;6.06E+06;6.09E+06;6.11E+06;6.13E+06;6.15E+06;6.18E+06;6.20E+06;6.22E+06;6.23E+06;         ;         ;         ;         ;         ;         ;         ;         ;         ;         ;         ;         ;         ;         ;         
;95% UL;3.17E+06;3.20E+06;3.25E+06;3.30E+06;3.36E+06;3.42E+06;3.49E+06;3.61E+06;3.72E+06;3.81E+06;3.90E+06;3.97E+06;4.04E+06;4.11E+06;4.20E+06;4.29E+06;4.40E+06;4.49E+06;4.59E+06;4.67E+06;4.74E+06;4.79E+06;4.86E+06;4.91E+06;4.93E+06;4.94E+06;4.93E+06;4.95E+06;4.94E+06;4.93E+06;4.91E+06;4.88E+06;4.86E+06;4.84E+06;4.83E+06;4.86E+06;4.89E+06;4.94E+06;5.02E+06;5.12E+06;5.21E+06;5.32E+06;5.43E+06;5.55E+06;5.66E+06;5.75E+06;5.82E+06;5.88E+06;5.91E+06;5.93E+06;5.95E+06;5.97E+06;5.98E+06;5.98E+06;5.99E+06;5.99E+06;5.99E+06;6.00E+06;6.02E+06;6.05E+06;6.07E+06;6.10E+06;6.13E+06;6.16E+06;6.18E+06;6.21E+06;6.23E+06;6.25E+06;6.27E+06;6.29E+06;6.31E+06;         ;         ;         ;         ;         ;         ;         ;         ;         ;         ;         ;         ;         ;         ;         
Total HIV-negative females aged 15-24 ;Mean;3.20E+06;3.26E+06;3.32E+06;3.39E+06;3.46E+06;3.53E+06;3.63E+06;3.73E+06;3.80E+06;3.86E+06;3.89E+06;3.90E+06;3.89E+06;3.89E+06;3.89E+06;3.92E+06;3.96E+06;4.02E+06;4.08E+06;4.15E+06;4.21E+06;4.26E+06;4.32E+06;4.37E+06;4.40E+06;4.42E+06;4.42E+06;4.46E+06;4.49E+06;4.49E+06;4.50E+06;4.49E+06;4.48E+06;4.47E+06;4.48E+06;4.51E+06;4.56E+06;4.62E+06;4.71E+06;4.82E+06;4.93E+06;5.04E+06;5.16E+06;5.28E+06;5.40E+06;5.50E+06;5.58E+06;5.64E+06;5.68E+06;5.71E+06;5.75E+06;5.78E+06;5.80E+06;5.82E+06;5.83E+06;5.84E+06;5.85E+06;5.87E+06;5.89E+06;5.91E+06;5.94E+06;5.97E+06;6.00E+06;6.03E+06;6.05E+06;6.08E+06;6.10E+06;6.13E+06;6.15E+06;6.17E+06;6.19E+06;         ;         ;         ;         ;         ;         ;         ;         ;         ;         ;         ;         ;         ;         ;         
;95% LL;3.20E+06;3.26E+06;3.32E+06;3.39E+06;3.46E+06;3.52E+06;3.62E+06;3.71E+06;3.78E+06;3.83E+06;3.85E+06;3.86E+06;3.85E+06;3.84E+06;3.85E+06;3.88E+06;3.93E+06;3.98E+06;4.05E+06;4.11E+06;4.18E+06;4.23E+06;4.30E+06;4.34E+06;4.37E+06;4.39E+06;4.39E+06;4.44E+06;4.46E+06;4.46E+06;4.47E+06;4.46E+06;4.45E+06;4.44E+06;4.45E+06;4.48E+06;4.53E+06;4.59E+06;4.68E+06;4.79E+06;4.90E+06;5.01E+06;5.12E+06;5.25E+06;5.37E+06;5.46E+06;5.55E+06;5.61E+06;5.65E+06;5.69E+06;5.72E+06;5.75E+06;5.78E+06;5.79E+06;5.81E+06;5.82E+06;5.83E+06;5.84E+06;5.87E+06;5.89E+06;5.92E+06;5.94E+06;5.97E+06;6.00E+06;6.03E+06;6.05E+06;6.07E+06;6.10E+06;6.12E+06;6.14E+06;6.16E+06;         ;         ;         ;         ;         ;         ;         ;         ;         ;         ;         ;         ;         ;         ;         
;95% UL;3.20E+06;3.26E+06;3.32E+06;3.39E+06;3.46E+06;3.53E+06;3.64E+06;3.74E+06;3.83E+06;3.89E+06;3.93E+06;3.96E+06;3.95E+06;3.94E+06;3.95E+06;3.97E+06;4.01E+06;4.06E+06;4.12E+06;4.19E+06;4.25E+06;4.30E+06;4.36E+06;4.40E+06;4.43E+06;4.45E+06;4.45E+06;4.50E+06;4.52E+06;4.53E+06;4.53E+06;4.52E+06;4.51E+06;4.51E+06;4.51E+06;4.54E+06;4.59E+06;4.65E+06;4.75E+06;4.86E+06;4.96E+06;5.08E+06;5.19E+06;5.32E+06;5.44E+06;5.53E+06;5.61E+06;5.67E+06;5.71E+06;5.74E+06;5.78E+06;5.81E+06;5.83E+06;5.84E+06;5.85E+06;5.86E+06;5.87E+06;5.89E+06;5.91E+06;5.94E+06;5.97E+06;6.00E+06;6.03E+06;6.07E+06;6.09E+06;6.12E+06;6.14E+06;6.17E+06;6.19E+06;6.21E+06;6.23E+06;         ;         ;         ;         ;         ;         ;         ;         ;         ;         ;         ;         ;         ;         ;         
Total HIV-negative aged 15-49;Mean;1.57E+07;1.60E+07;1.64E+07;1.68E+07;1.73E+07;1.77E+07;1.81E+07;1.87E+07;1.91E+07;1.95E+07;1.99E+07;2.02E+07;2.04E+07;2.05E+07;2.07E+07;2.08E+07;2.10E+07;2.12E+07;2.14E+07;2.16E+07;2.18E+07;2.19E+07;2.22E+07;2.25E+07;2.28E+07;2.30E+07;2.33E+07;2.37E+07;2.40E+07;2.43E+07;2.46E+07;2.49E+07;2.52E+07;2.56E+07;2.60E+07;2.64E+07;2.69E+07;2.75E+07;2.80E+07;2.86E+07;2.92E+07;2.98E+07;3.04E+07;3.11E+07;3.17E+07;3.24E+07;3.30E+07;3.36E+07;3.41E+07;3.46E+07;3.51E+07;3.55E+07;3.59E+07;3.63E+07;3.67E+07;3.70E+07;3.74E+07;3.77E+07;3.81E+07;3.84E+07;3.87E+07;3.89E+07;3.92E+07;3.95E+07;3.98E+07;4.01E+07;4.04E+07;4.07E+07;4.11E+07;4.13E+07;4.16E+07;         ;         ;         ;         ;         ;         ;         ;         ;         ;         ;         ;         ;         ;         ;         
;95% LL;1.57E+07;1.60E+07;1.64E+07;1.68E+07;1.72E+07;1.76E+07;1.81E+07;1.86E+07;1.90E+07;1.94E+07;1.97E+07;2.00E+07;2.02E+07;2.03E+07;2.04E+07;2.06E+07;2.08E+07;2.10E+07;2.12E+07;2.14E+07;2.16E+07;2.18E+07;2.21E+07;2.23E+07;2.26E+07;2.29E+07;2.31E+07;2.35E+07;2.38E+07;2.41E+07;2.44E+07;2.47E+07;2.50E+07;2.54E+07;2.58E+07;2.62E+07;2.67E+07;2.73E+07;2.79E+07;2.84E+07;2.90E+07;2.96E+07;3.03E+07;3.09E+07;3.15E+07;3.22E+07;3.28E+07;3.34E+07;3.39E+07;3.44E+07;3.49E+07;3.53E+07;3.57E+07;3.61E+07;3.65E+07;3.68E+07;3.72E+07;3.75E+07;3.79E+07;3.82E+07;3.85E+07;3.88E+07;3.90E+07;3.93E+07;3.96E+07;4.00E+07;4.03E+07;4.06E+07;4.09E+07;4.12E+07;4.14E+07;         ;         ;         ;         ;         ;         ;         ;         ;         ;         ;         ;         ;         ;         ;         
;95% UL;1.57E+07;1.60E+07;1.64E+07;1.68E+07;1.73E+07;1.77E+07;1.82E+07;1.88E+07;1.93E+07;1.98E+07;2.01E+07;2.05E+07;2.07E+07;2.08E+07;2.10E+07;2.11E+07;2.13E+07;2.15E+07;2.17E+07;2.18E+07;2.20E+07;2.22E+07;2.25E+07;2.27E+07;2.30E+07;2.33E+07;2.35E+07;2.39E+07;2.42E+07;2.45E+07;2.48E+07;2.51E+07;2.55E+07;2.58E+07;2.62E+07;2.67E+07;2.72E+07;2.77E+07;2.83E+07;2.89E+07;2.95E+07;3.01E+07;3.07E+07;3.13E+07;3.20E+07;3.26E+07;3.32E+07;3.38E+07;3.43E+07;3.48E+07;3.53E+07;3.57E+07;3.61E+07;3.65E+07;3.69E+07;3.72E+07;3.76E+07;3.79E+07;3.83E+07;3.86E+07;3.89E+07;3.91E+07;3.94E+07;3.97E+07;4.00E+07;4.03E+07;4.06E+07;4.09E+07;4.12E+07;4.15E+07;4.17E+07;         ;         ;         ;         ;         ;         ;         ;         ;         ;         ;         ;         ;         ;         ;         
Total HIV-negative males aged 15-49;Mean;7.76E+06;7.94E+06;8.12E+06;8.31E+06;8.49E+06;8.67E+06;8.83E+06;9.09E+06;9.31E+06;9.50E+06;9.67E+06;9.84E+06;9.92E+06;1.00E+07;1.01E+07;1.03E+07;1.04E+07;1.06E+07;1.07E+07;1.09E+07;1.10E+07;1.12E+07;1.14E+07;1.16E+07;1.18E+07;1.20E+07;1.22E+07;1.24E+07;1.26E+07;1.28E+07;1.30E+07;1.31E+07;1.33E+07;1.35E+07;1.38E+07;1.40E+07;1.43E+07;1.46E+07;1.49E+07;1.52E+07;1.55E+07;1.58E+07;1.61E+07;1.64E+07;1.67E+07;1.70E+07;1.73E+07;1.75E+07;1.78E+07;1.80E+07;1.82E+07;1.83E+07;1.85E+07;1.87E+07;1.88E+07;1.90E+07;1.91E+07;1.92E+07;1.94E+07;1.95E+07;1.96E+07;1.97E+07;1.98E+07;2.00E+07;2.01E+07;2.02E+07;2.04E+07;2.05E+07;2.06E+07;2.07E+07;2.08E+07;         ;         ;         ;         ;         ;         ;         ;         ;         ;         ;         ;         ;         ;         ;         
;95% LL;7.76E+06;7.94E+06;8.12E+06;8.30E+06;8.49E+06;8.66E+06;8.80E+06;9.04E+06;9.24E+06;9.42E+06;9.59E+06;9.75E+06;9.83E+06;9.92E+06;1.00E+07;1.01E+07;1.03E+07;1.04E+07;1.06E+07;1.07E+07;1.09E+07;1.10E+07;1.13E+07;1.15E+07;1.16E+07;1.18E+07;1.20E+07;1.22E+07;1.24E+07;1.26E+07;1.28E+07;1.30E+07;1.32E+07;1.34E+07;1.36E+07;1.39E+07;1.42E+07;1.44E+07;1.47E+07;1.50E+07;1.53E+07;1.56E+07;1.59E+07;1.63E+07;1.66E+07;1.69E+07;1.71E+07;1.74E+07;1.76E+07;1.79E+07;1.81E+07;1.82E+07;1.84E+07;1.86E+07;1.87E+07;1.89E+07;1.90E+07;1.92E+07;1.93E+07;1.94E+07;1.96E+07;1.97E+07;1.98E+07;1.99E+07;2.00E+07;2.02E+07;2.03E+07;2.04E+07;2.06E+07;2.07E+07;2.08E+07;         ;         ;         ;         ;         ;         ;         ;         ;         ;         ;         ;         ;         ;         ;         
;95% UL;7.76E+06;7.94E+06;8.12E+06;8.31E+06;8.50E+06;8.69E+06;8.86E+06;9.15E+06;9.39E+06;9.61E+06;9.80E+06;9.99E+06;1.01E+07;1.02E+07;1.03E+07;1.04E+07;1.06E+07;1.07E+07;1.09E+07;1.10E+07;1.12E+07;1.13E+07;1.15E+07;1.17E+07;1.19E+07;1.21E+07;1.23E+07;1.25E+07;1.27E+07;1.29E+07;1.31E+07;1.33E+07;1.35E+07;1.37E+07;1.39E+07;1.42E+07;1.45E+07;1.47E+07;1.50E+07;1.53E+07;1.56E+07;1.59E+07;1.62E+07;1.65E+07;1.68E+07;1.71E+07;1.74E+07;1.77E+07;1.79E+07;1.81E+07;1.83E+07;1.84E+07;1.86E+07;1.88E+07;1.89E+07;1.91E+07;1.92E+07;1.93E+07;1.95E+07;1.96E+07;1.97E+07;1.98E+07;1.99E+07;2.00E+07;2.02E+07;2.03E+07;2.04E+07;2.06E+07;2.07E+07;2.08E+07;2.09E+07;         ;         ;         ;         ;         ;         ;         ;         ;         ;         ;         ;         ;         ;         ;         
Total HIV-negative females aged 15-49;Mean;7.89E+06;8.10E+06;8.31E+06;8.54E+06;8.76E+06;8.98E+06;9.28E+06;9.57E+06;9.82E+06;1.00E+07;1.02E+07;1.04E+07;1.04E+07;1.05E+07;1.05E+07;1.06E+07;1.06E+07;1.06E+07;1.07E+07;1.07E+07;1.07E+07;1.08E+07;1.09E+07;1.09E+07;1.10E+07;1.11E+07;1.11E+07;1.13E+07;1.14E+07;1.15E+07;1.16E+07;1.17E+07;1.19E+07;1.20E+07;1.22E+07;1.24E+07;1.26E+07;1.29E+07;1.31E+07;1.34E+07;1.37E+07;1.40E+07;1.44E+07;1.47E+07;1.50E+07;1.54E+07;1.57E+07;1.60E+07;1.63E+07;1.66E+07;1.69E+07;1.71E+07;1.74E+07;1.76E+07;1.79E+07;1.81E+07;1.83E+07;1.85E+07;1.87E+07;1.89E+07;1.90E+07;1.92E+07;1.94E+07;1.95E+07;1.97E+07;1.99E+07;2.01E+07;2.03E+07;2.04E+07;2.06E+07;2.07E+07;         ;         ;         ;         ;         ;         ;         ;         ;         ;         ;         ;         ;         ;         ;         
;95% LL;7.89E+06;8.10E+06;8.31E+06;8.53E+06;8.76E+06;8.97E+06;9.26E+06;9.53E+06;9.76E+06;9.96E+06;1.01E+07;1.03E+07;1.03E+07;1.04E+07;1.04E+07;1.04E+07;1.05E+07;1.05E+07;1.06E+07;1.06E+07;1.06E+07;1.07E+07;1.08E+07;1.08E+07;1.09E+07;1.10E+07;1.10E+07;1.12E+07;1.13E+07;1.14E+07;1.15E+07;1.16E+07;1.17E+07;1.19E+07;1.21E+07;1.23E+07;1.25E+07;1.27E+07;1.30E+07;1.33E+07;1.36E+07;1.39E+07;1.42E+07;1.45E+07;1.49E+07;1.52E+07;1.55E+07;1.59E+07;1.62E+07;1.65E+07;1.67E+07;1.70E+07;1.72E+07;1.74E+07;1.77E+07;1.79E+07;1.81E+07;1.83E+07;1.85E+07;1.87E+07;1.89E+07;1.91E+07;1.92E+07;1.94E+07;1.96E+07;1.98E+07;1.99E+07;2.01E+07;2.03E+07;2.05E+07;2.06E+07;         ;         ;         ;         ;         ;         ;         ;         ;         ;         ;         ;         ;         ;         ;         
;95% UL;7.89E+06;8.10E+06;8.31E+06;8.54E+06;8.77E+06;8.99E+06;9.30E+06;9.61E+06;9.89E+06;1.01E+07;1.03E+07;1.05E+07;1.06E+07;1.06E+07;1.07E+07;1.07E+07;1.07E+07;1.08E+07;1.08E+07;1.09E+07;1.09E+07;1.09E+07;1.10E+07;1.11E+07;1.11E+07;1.12E+07;1.13E+07;1.14E+07;1.15E+07;1.16E+07;1.18E+07;1.19E+07;1.20E+07;1.21E+07;1.23E+07;1.25E+07;1.28E+07;1.30E+07;1.33E+07;1.36E+07;1.39E+07;1.42E+07;1.45E+07;1.48E+07;1.52E+07;1.55E+07;1.59E+07;1.62E+07;1.65E+07;1.68E+07;1.70E+07;1.73E+07;1.75E+07;1.78E+07;1.80E+07;1.82E+07;1.84E+07;1.86E+07;1.88E+07;1.90E+07;1.92E+07;1.93E+07;1.95E+07;1.97E+07;1.98E+07;2.00E+07;2.02E+07;2.04E+07;2.05E+07;2.07E+07;2.08E+07;         ;         ;         ;         ;         ;         ;         ;         ;         ;         ;         ;         ;         ;         ;         
Total HIV-negative males aged 25-49;Mean;4.60E+06;4.74E+06;4.87E+06;5.01E+06;5.14E+06;5.25E+06;5.34E+06;5.48E+06;5.60E+06;5.70E+06;5.79E+06;5.88E+06;5.91E+06;5.93E+06;5.96E+06;5.99E+06;6.02E+06;6.08E+06;6.15E+06;6.22E+06;6.30E+06;6.39E+06;6.53E+06;6.69E+06;6.86E+06;7.04E+06;7.25E+06;7.45E+06;7.65E+06;7.86E+06;8.07E+06;8.28E+06;8.50E+06;8.73E+06;8.96E+06;9.20E+06;9.44E+06;9.67E+06;9.89E+06;1.01E+07;1.03E+07;1.05E+07;1.07E+07;1.09E+07;1.10E+07;1.13E+07;1.15E+07;1.17E+07;1.19E+07;1.21E+07;1.22E+07;1.24E+07;1.25E+07;1.27E+07;1.28E+07;1.30E+07;1.31E+07;1.33E+07;1.34E+07;1.35E+07;1.36E+07;1.37E+07;1.37E+07;1.38E+07;1.40E+07;1.41E+07;1.42E+07;1.43E+07;1.44E+07;1.45E+07;1.46E+07;         ;         ;         ;         ;         ;         ;         ;         ;         ;         ;         ;         ;         ;         ;         
;95% LL;4.60E+06;4.74E+06;4.87E+06;5.01E+06;5.13E+06;5.24E+06;5.32E+06;5.44E+06;5.54E+06;5.63E+06;5.72E+06;5.81E+06;5.82E+06;5.84E+06;5.86E+06;5.89E+06;5.92E+06;5.98E+06;6.04E+06;6.11E+06;6.19E+06;6.29E+06;6.42E+06;6.58E+06;6.75E+06;6.93E+06;7.13E+06;7.33E+06;7.53E+06;7.74E+06;7.95E+06;8.17E+06;8.38E+06;8.61E+06;8.84E+06;9.08E+06;9.31E+06;9.55E+06;9.76E+06;9.97E+06;1.02E+07;1.04E+07;1.06E+07;1.07E+07;1.09E+07;1.11E+07;1.14E+07;1.16E+07;1.18E+07;1.20E+07;1.21E+07;1.23E+07;1.25E+07;1.26E+07;1.28E+07;1.29E+07;1.31E+07;1.32E+07;1.33E+07;1.34E+07;1.35E+07;1.36E+07;1.37E+07;1.38E+07;1.39E+07;1.40E+07;1.41E+07;1.42E+07;1.44E+07;1.45E+07;1.45E+07;         ;         ;         ;         ;         ;         ;         ;         ;         ;         ;         ;         ;         ;         ;         
;95% UL;4.60E+06;4.74E+06;4.87E+06;5.01E+06;5.14E+06;5.26E+06;5.37E+06;5.54E+06;5.68E+06;5.80E+06;5.91E+06;6.01E+06;6.05E+06;6.08E+06;6.10E+06;6.13E+06;6.16E+06;6.23E+06;6.29E+06;6.35E+06;6.43E+06;6.52E+06;6.66E+06;6.81E+06;6.99E+06;7.18E+06;7.38E+06;7.59E+06;7.79E+06;8.00E+06;8.21E+06;8.43E+06;8.65E+06;8.88E+06;9.12E+06;9.35E+06;9.59E+06;9.83E+06;1.00E+07;1.02E+07;1.04E+07;1.06E+07;1.08E+07;1.10E+07;1.12E+07;1.14E+07;1.16E+07;1.18E+07;1.20E+07;1.22E+07;1.23E+07;1.25E+07;1.26E+07;1.28E+07;1.29E+07;1.31E+07;1.32E+07;1.33E+07;1.34E+07;1.36E+07;1.37E+07;1.37E+07;1.38E+07;1.39E+07;1.40E+07;1.41E+07;1.42E+07;1.43E+07;1.45E+07;1.46E+07;1.46E+07;         ;         ;         ;         ;         ;         ;         ;         ;         ;         ;         ;         ;         ;         ;         
Total HIV-negative females aged 25-49;Mean;4.69E+06;4.84E+06;4.99E+06;5.15E+06;5.30E+06;5.46E+06;5.65E+06;5.84E+06;6.02E+06;6.18E+06;6.33E+06;6.47E+06;6.54E+06;6.59E+06;6.63E+06;6.64E+06;6.64E+06;6.63E+06;6.60E+06;6.57E+06;6.54E+06;6.52E+06;6.53E+06;6.56E+06;6.60E+06;6.65E+06;6.72E+06;6.81E+06;6.91E+06;7.01E+06;7.12E+06;7.25E+06;7.39E+06;7.54E+06;7.71E+06;7.88E+06;8.06E+06;8.25E+06;8.44E+06;8.62E+06;8.81E+06;9.00E+06;9.20E+06;9.41E+06;9.63E+06;9.88E+06;1.01E+07;1.04E+07;1.07E+07;1.09E+07;1.11E+07;1.14E+07;1.16E+07;1.18E+07;1.20E+07;1.22E+07;1.24E+07;1.26E+07;1.28E+07;1.30E+07;1.31E+07;1.32E+07;1.34E+07;1.35E+07;1.37E+07;1.38E+07;1.40E+07;1.41E+07;1.43E+07;1.44E+07;1.45E+07;         ;         ;         ;         ;         ;         ;         ;         ;         ;         ;         ;         ;         ;         ;         
;95% LL;4.69E+06;4.84E+06;4.99E+06;5.14E+06;5.30E+06;5.45E+06;5.64E+06;5.82E+06;5.98E+06;6.14E+06;6.27E+06;6.40E+06;6.46E+06;6.51E+06;6.54E+06;6.54E+06;6.54E+06;6.52E+06;6.50E+06;6.47E+06;6.45E+06;6.43E+06;6.45E+06;6.47E+06;6.52E+06;6.57E+06;6.64E+06;6.72E+06;6.82E+06;6.92E+06;7.03E+06;7.15E+06;7.29E+06;7.43E+06;7.59E+06;7.76E+06;7.94E+06;8.13E+06;8.31E+06;8.50E+06;8.68E+06;8.87E+06;9.07E+06;9.27E+06;9.49E+06;9.74E+06;9.99E+06;1.03E+07;1.05E+07;1.08E+07;1.10E+07;1.12E+07;1.14E+07;1.16E+07;1.19E+07;1.21E+07;1.23E+07;1.25E+07;1.26E+07;1.28E+07;1.29E+07;1.31E+07;1.32E+07;1.34E+07;1.35E+07;1.37E+07;1.38E+07;1.40E+07;1.42E+07;1.43E+07;1.44E+07;         ;         ;         ;         ;         ;         ;         ;         ;         ;         ;         ;         ;         ;         ;         
;95% UL;4.69E+06;4.84E+06;4.99E+06;5.15E+06;5.30E+06;5.46E+06;5.67E+06;5.87E+06;6.06E+06;6.23E+06;6.39E+06;6.54E+06;6.62E+06;6.68E+06;6.72E+06;6.74E+06;6.74E+06;6.73E+06;6.71E+06;6.68E+06;6.65E+06;6.63E+06;6.64E+06;6.66E+06;6.70E+06;6.76E+06;6.83E+06;6.92E+06;7.01E+06;7.12E+06;7.23E+06;7.36E+06;7.50E+06;7.65E+06;7.82E+06;7.99E+06;8.17E+06;8.37E+06;8.55E+06;8.73E+06;8.92E+06;9.11E+06;9.31E+06;9.53E+06;9.75E+06;1.00E+07;1.03E+07;1.05E+07;1.08E+07;1.10E+07;1.13E+07;1.15E+07;1.17E+07;1.19E+07;1.21E+07;1.23E+07;1.25E+07;1.27E+07;1.29E+07;1.31E+07;1.32E+07;1.33E+07;1.35E+07;1.36E+07;1.38E+07;1.39E+07;1.41E+07;1.42E+07;1.44E+07;1.45E+07;1.46E+07;         ;         ;         ;         ;         ;         ;         ;         ;         ;         ;         ;         ;         ;         ;         
Total HIV-negative aged 50+;Mean;3.87E+06;4.00E+06;4.13E+06;4.27E+06;4.40E+06;4.52E+06;4.64E+06;4.76E+06;4.87E+06;4.97E+06;5.08E+06;5.20E+06;5.31E+06;5.43E+06;5.56E+06;5.69E+06;5.82E+06;5.98E+06;6.15E+06;6.31E+06;6.48E+06;6.66E+06;6.82E+06;6.99E+06;7.15E+06;7.32E+06;7.48E+06;7.63E+06;7.77E+06;7.92E+06;8.06E+06;8.19E+06;8.32E+06;8.45E+06;8.57E+06;8.66E+06;8.69E+06;8.75E+06;8.90E+06;9.05E+06;9.20E+06;9.35E+06;9.50E+06;9.64E+06;9.80E+06;9.97E+06;1.02E+07;1.04E+07;1.06E+07;1.09E+07;1.12E+07;1.16E+07;1.19E+07;1.23E+07;1.26E+07;1.30E+07;1.34E+07;1.38E+07;1.42E+07;1.46E+07;1.50E+07;1.55E+07;1.59E+07;1.63E+07;1.67E+07;1.71E+07;1.75E+07;1.79E+07;1.82E+07;1.86E+07;1.90E+07;         ;         ;         ;         ;         ;         ;         ;         ;         ;         ;         ;         ;         ;         ;         
;95% LL;3.87E+06;4.00E+06;4.13E+06;4.26E+06;4.40E+06;4.52E+06;4.64E+06;4.76E+06;4.86E+06;4.96E+06;5.07E+06;5.18E+06;5.30E+06;5.41E+06;5.54E+06;5.66E+06;5.79E+06;5.95E+06;6.11E+06;6.27E+06;6.44E+06;6.61E+06;6.77E+06;6.93E+06;7.09E+06;7.25E+06;7.42E+06;7.56E+06;7.70E+06;7.84E+06;7.98E+06;8.11E+06;8.24E+06;8.36E+06;8.48E+06;8.57E+06;8.60E+06;8.66E+06;8.80E+06;8.95E+06;9.10E+06;9.25E+06;9.39E+06;9.54E+06;9.69E+06;9.86E+06;1.01E+07;1.03E+07;1.05E+07;1.08E+07;1.11E+07;1.14E+07;1.18E+07;1.21E+07;1.25E+07;1.29E+07;1.33E+07;1.37E+07;1.41E+07;1.45E+07;1.49E+07;1.53E+07;1.58E+07;1.62E+07;1.66E+07;1.69E+07;1.73E+07;1.77E+07;1.80E+07;1.84E+07;1.88E+07;         ;         ;         ;         ;         ;         ;         ;         ;         ;         ;         ;         ;         ;         ;         
;95% UL;3.87E+06;4.00E+06;4.13E+06;4.27E+06;4.40E+06;4.52E+06;4.65E+06;4.76E+06;4.88E+06;4.98E+06;5.09E+06;5.21E+06;5.33E+06;5.46E+06;5.59E+06;5.72E+06;5.86E+06;6.02E+06;6.19E+06;6.36E+06;6.54E+06;6.72E+06;6.89E+06;7.06E+06;7.23E+06;7.41E+06;7.58E+06;7.72E+06;7.87E+06;8.02E+06;8.17E+06;8.31E+06;8.44E+06;8.56E+06;8.69E+06;8.78E+06;8.81E+06;8.88E+06;9.03E+06;9.18E+06;9.34E+06;9.49E+06;9.64E+06;9.79E+06;9.95E+06;1.01E+07;1.03E+07;1.06E+07;1.08E+07;1.11E+07;1.14E+07;1.18E+07;1.21E+07;1.25E+07;1.29E+07;1.32E+07;1.36E+07;1.40E+07;1.44E+07;1.48E+07;1.53E+07;1.57E+07;1.62E+07;1.66E+07;1.70E+07;1.73E+07;1.77E+07;1.81E+07;1.84E+07;1.88E+07;1.92E+07;         ;         ;         ;         ;         ;         ;         ;         ;         ;         ;         ;         ;         ;         ;         
Total HIV-negative males aged 50+;Mean;1.78E+06;1.82E+06;1.87E+06;1.92E+06;1.97E+06;2.02E+06;2.06E+06;2.10E+06;2.13E+06;2.17E+06;2.20E+06;2.24E+06;2.29E+06;2.33E+06;2.38E+06;2.42E+06;2.47E+06;2.53E+06;2.60E+06;2.66E+06;2.73E+06;2.80E+06;2.87E+06;2.93E+06;3.00E+06;3.06E+06;3.13E+06;3.18E+06;3.24E+06;3.29E+06;3.35E+06;3.40E+06;3.45E+06;3.50E+06;3.56E+06;3.60E+06;3.62E+06;3.66E+06;3.73E+06;3.82E+06;3.90E+06;3.99E+06;4.08E+06;4.18E+06;4.28E+06;4.39E+06;4.52E+06;4.67E+06;4.83E+06;5.01E+06;5.20E+06;5.40E+06;5.60E+06;5.81E+06;6.02E+06;6.24E+06;6.45E+06;6.66E+06;6.88E+06;7.09E+06;7.31E+06;7.53E+06;7.75E+06;7.95E+06;8.14E+06;8.32E+06;8.50E+06;8.66E+06;8.83E+06;8.99E+06;9.18E+06;         ;         ;         ;         ;         ;         ;         ;         ;         ;         ;         ;         ;         ;         ;         
;95% LL;1.78E+06;1.82E+06;1.87E+06;1.92E+06;1.97E+06;2.02E+06;2.06E+06;2.09E+06;2.13E+06;2.16E+06;2.20E+06;2.24E+06;2.27E+06;2.31E+06;2.36E+06;2.40E+06;2.45E+06;2.51E+06;2.57E+06;2.63E+06;2.70E+06;2.77E+06;2.83E+06;2.89E+06;2.96E+06;3.02E+06;3.08E+06;3.13E+06;3.19E+06;3.24E+06;3.29E+06;3.34E+06;3.39E+06;3.44E+06;3.49E+06;3.54E+06;3.55E+06;3.59E+06;3.67E+06;3.75E+06;3.83E+06;3.92E+06;4.01E+06;4.10E+06;4.20E+06;4.31E+06;4.44E+06;4.58E+06;4.74E+06;4.91E+06;5.10E+06;5.30E+06;5.50E+06;5.70E+06;5.91E+06;6.12E+06;6.34E+06;6.55E+06;6.76E+06;6.98E+06;7.19E+06;7.41E+06;7.64E+06;7.84E+06;8.03E+06;8.21E+06;8.38E+06;8.55E+06;8.72E+06;8.89E+06;9.08E+06;         ;         ;         ;         ;         ;         ;         ;         ;         ;         ;         ;         ;         ;         ;         
;95% UL;1.78E+06;1.82E+06;1.87E+06;1.92E+06;1.97E+06;2.02E+06;2.06E+06;2.10E+06;2.14E+06;2.18E+06;2.22E+06;2.26E+06;2.30E+06;2.35E+06;2.40E+06;2.45E+06;2.50E+06;2.57E+06;2.64E+06;2.71E+06;2.78E+06;2.85E+06;2.92E+06;2.99E+06;3.06E+06;3.12E+06;3.19E+06;3.25E+06;3.30E+06;3.36E+06;3.42E+06;3.47E+06;3.53E+06;3.58E+06;3.63E+06;3.68E+06;3.69E+06;3.73E+06;3.81E+06;3.90E+06;3.99E+06;4.08E+06;4.17E+06;4.27E+06;4.38E+06;4.50E+06;4.63E+06;4.78E+06;4.95E+06;5.13E+06;5.32E+06;5.52E+06;5.73E+06;5.94E+06;6.16E+06;6.37E+06;6.59E+06;6.80E+06;7.02E+06;7.23E+06;7.45E+06;7.67E+06;7.89E+06;8.09E+06;8.28E+06;8.46E+06;8.63E+06;8.80E+06;8.96E+06;9.12E+06;9.31E+06;         ;         ;         ;         ;         ;         ;         ;         ;         ;         ;         ;         ;         ;         ;         
Total HIV-negative females aged 50+;Mean;2.10E+06;2.18E+06;2.26E+06;2.34E+06;2.43E+06;2.51E+06;2.58E+06;2.66E+06;2.73E+06;2.80E+06;2.88E+06;2.95E+06;3.02E+06;3.10E+06;3.18E+06;3.26E+06;3.35E+06;3.45E+06;3.55E+06;3.65E+06;3.75E+06;3.86E+06;3.95E+06;4.05E+06;4.15E+06;4.25E+06;4.35E+06;4.44E+06;4.53E+06;4.62E+06;4.71E+06;4.79E+06;4.87E+06;4.94E+06;5.01E+06;5.06E+06;5.07E+06;5.10E+06;5.17E+06;5.23E+06;5.30E+06;5.36E+06;5.41E+06;5.46E+06;5.52E+06;5.57E+06;5.64E+06;5.72E+06;5.81E+06;5.92E+06;6.04E+06;6.17E+06;6.32E+06;6.47E+06;6.62E+06;6.79E+06;6.96E+06;7.14E+06;7.33E+06;7.53E+06;7.74E+06;7.95E+06;8.18E+06;8.38E+06;8.59E+06;8.79E+06;8.99E+06;9.19E+06;9.39E+06;9.60E+06;9.83E+06;         ;         ;         ;         ;         ;         ;         ;         ;         ;         ;         ;         ;         ;         ;         
;95% LL;2.10E+06;2.18E+06;2.26E+06;2.34E+06;2.43E+06;2.51E+06;2.58E+06;2.66E+06;2.73E+06;2.80E+06;2.87E+06;2.95E+06;3.02E+06;3.10E+06;3.17E+06;3.26E+06;3.34E+06;3.44E+06;3.53E+06;3.63E+06;3.73E+06;3.83E+06;3.93E+06;4.03E+06;4.12E+06;4.22E+06;4.32E+06;4.41E+06;4.49E+06;4.58E+06;4.67E+06;4.75E+06;4.82E+06;4.89E+06;4.95E+06;5.00E+06;5.01E+06;5.03E+06;5.10E+06;5.17E+06;5.23E+06;5.28E+06;5.33E+06;5.39E+06;5.43E+06;5.49E+06;5.55E+06;5.63E+06;5.72E+06;5.82E+06;5.94E+06;6.07E+06;6.21E+06;6.35E+06;6.50E+06;6.66E+06;6.83E+06;7.01E+06;7.20E+06;7.40E+06;7.60E+06;7.82E+06;8.04E+06;8.25E+06;8.45E+06;8.65E+06;8.84E+06;9.04E+06;9.23E+06;9.44E+06;9.68E+06;         ;         ;         ;         ;         ;         ;         ;         ;         ;         ;         ;         ;         ;         ;         
;95% UL;2.10E+06;2.18E+06;2.26E+06;2.34E+06;2.43E+06;2.51E+06;2.59E+06;2.66E+06;2.74E+06;2.81E+06;2.88E+06;2.95E+06;3.03E+06;3.11E+06;3.19E+06;3.27E+06;3.36E+06;3.46E+06;3.56E+06;3.67E+06;3.77E+06;3.88E+06;3.98E+06;4.08E+06;4.19E+06;4.29E+06;4.39E+06;4.49E+06;4.58E+06;4.67E+06;4.76E+06;4.85E+06;4.93E+06;5.00E+06;5.08E+06;5.13E+06;5.14E+06;5.17E+06;5.24E+06;5.31E+06;5.37E+06;5.43E+06;5.49E+06;5.55E+06;5.60E+06;5.66E+06;5.73E+06;5.81E+06;5.91E+06;6.02E+06;6.14E+06;6.28E+06;6.42E+06;6.58E+06;6.74E+06;6.91E+06;7.08E+06;7.27E+06;7.46E+06;7.66E+06;7.87E+06;8.08E+06;8.31E+06;8.52E+06;8.72E+06;8.92E+06;9.12E+06;9.32E+06;9.52E+06;9.73E+06;9.97E+06;         ;         ;         ;         ;         ;         ;         ;         ;         ;         ;         ;         ;         ;         ;         
Total diagnosed HIV-positive;Mean;         ;5.28829;17.9375;47.5288;117.915;288.3;698.972;3017.09;10263.6;26729.7;57226.2;106254;175556;267599;382007;517044;670099;841915;1.03E+06;1.23E+06;1.46E+06;1.80E+06;2.22E+06;2.66E+06;3.12E+06;3.83E+06;4.48E+06;4.98E+06;5.40E+06;5.72E+06;6.04E+06;6.38E+06;6.68E+06;6.93E+06;7.16E+06;7.39E+06;7.51E+06;7.66E+06;7.81E+06;7.94E+06;8.06E+06;8.16E+06;8.25E+06;8.33E+06;8.40E+06;8.46E+06;8.50E+06;8.54E+06;8.57E+06;8.58E+06;8.59E+06;8.58E+06;8.57E+06;8.55E+06;8.52E+06;8.48E+06;8.43E+06;8.37E+06;8.30E+06;8.23E+06;8.15E+06;8.06E+06;7.96E+06;7.86E+06;7.75E+06;7.64E+06;7.51E+06;7.39E+06;7.26E+06;7.12E+06;6.98E+06;         ;         ;         ;         ;         ;         ;         ;         ;         ;         ;         ;         ;         ;         ;         
;95% LL;         ;3.05866;10.644;29.455;74.9993;184.272;494.234;2145.26;7440.99;19611.3;43064.4;82992.5;142482;222541;325293;451874;598070;764723;9.50E+05;1.15E+06;1.38E+06;1.72E+06;2.14E+06;2.58E+06;3.04E+06;3.74E+06;4.38E+06;4.87E+06;5.29E+06;5.61E+06;5.94E+06;6.27E+06;6.57E+06;6.81E+06;7.03E+06;7.26E+06;7.38E+06;7.53E+06;7.67E+06;7.80E+06;7.91E+06;8.01E+06;8.09E+06;8.17E+06;8.23E+06;8.28E+06;8.32E+06;8.36E+06;8.38E+06;8.40E+06;8.40E+06;8.40E+06;8.39E+06;8.36E+06;8.33E+06;8.29E+06;8.24E+06;8.18E+06;8.12E+06;8.04E+06;7.96E+06;7.87E+06;7.78E+06;7.68E+06;7.57E+06;7.45E+06;7.33E+06;7.20E+06;7.07E+06;6.93E+06;6.78E+06;         ;         ;         ;         ;         ;         ;         ;         ;         ;         ;         ;         ;         ;         ;         
;95% UL;         ;8.84618;29.4196;73.8577;170.72;409.86;959.442;4028.64;13434.5;33466.9;69095.4;124573;200931;300214;421464;562446;720183;895330;1.08E+06;1.28E+06;1.51E+06;1.85E+06;2.27E+06;2.72E+06;3.18E+06;3.89E+06;4.55E+06;5.04E+06;5.47E+06;5.80E+06;6.14E+06;6.49E+06;6.80E+06;7.06E+06;7.30E+06;7.53E+06;7.67E+06;7.82E+06;7.98E+06;8.12E+06;8.24E+06;8.36E+06;8.45E+06;8.54E+06;8.61E+06;8.67E+06;8.73E+06;8.77E+06;8.81E+06;8.83E+06;8.84E+06;8.84E+06;8.84E+06;8.82E+06;8.79E+06;8.75E+06;8.70E+06;8.65E+06;8.59E+06;8.51E+06;8.44E+06;8.35E+06;8.26E+06;8.15E+06;8.05E+06;7.93E+06;7.82E+06;7.69E+06;7.56E+06;7.43E+06;7.29E+06;         ;         ;         ;         ;         ;         ;         ;         ;         ;         ;         ;         ;         ;         ;         
Total children diagnosed HIV-positive;Mean;         ;0.000334692;0.00145247;0.00336858;0.00783898;0.0186726;0.0442265;90.1697;404.935;1164.49;2636.44;5069.1;8786.84;13966.9;20654.6;28767.3;38168.4;48423.3;59140.9;69499.6;80147.5;95302.1;110133;126923;151948;187698;206626;219994;230315;235313;237486;242151;241927;234697;223705;209285;191736;174166;156700;140356;127562;117433;108061;98914.2;90414.7;83877.1;78139.9;73522.4;69434.9;65651.8;62188.7;59047.4;56139.6;53422;50853.4;48398.2;46037.3;43764.7;41578.6;39457.6;37395.7;35393;33450.9;31571.2;29758.3;28017.3;26352.8;24767.7;23263.5;21840.6;20499.2;         ;         ;         ;         ;         ;         ;         ;         ;         ;         ;         ;         ;         ;         ;         
;95% LL;         ;0.000188191;0.000816209;0.00189266;0.00468573;0.0112025;0.0266418;65.3573;297.186;885.371;2054.47;4053.02;7215.92;11748.3;17692;25180.7;33976.6;43804;54119.2;64232.7;74892.1;89887;104682;121592;146736;181908;200365;213845;224336;229546;231284;235955;235797;228653;217898;203856;186627;169284;151635;135407;122891;112952;103767;94829.2;86534.6;80126;74511.1;69994.8;66018.2;62361.8;59038.8;56035.8;53263.1;50667.2;48211.2;45858.8;43591.9;41406.1;39301.1;37259.8;35278.1;33356.4;31496.2;29699.1;27969.1;26310.9;24723.6;23198;21741.7;20380.3;19097.6;         ;         ;         ;         ;         ;         ;         ;         ;         ;         ;         ;         ;         ;         ;         
;95% UL;         ;0.000527497;0.00226966;0.00516243;0.011668;0.0275182;0.0640051;122.224;530.215;1483.69;3262.57;6105.37;10293.5;16021.3;23319.8;32033.5;41938.8;52775.3;63794.7;74009.8;84815.4;100013;114937;131975;157175;193343;212600;226508;237049;242830;245421;250361;250082;242918;231948;217370;199239;181314;163500;147129;134136;123834;114270;104892;96183.1;89630.6;83886.1;79265.4;75158.6;71332.8;67807.5;64602.6;61545.5;58695.7;55989.8;53367.3;50864.3;48463.7;46232.8;44042.9;41889.7;39775.3;37703.2;35678.1;33707.1;31798.9;29961.5;28201.2;26522;24926.9;23418.3;         ;         ;         ;         ;         ;         ;         ;         ;         ;         ;         ;         ;         ;         ;         
Total males aged 15+ diagnosed HIV-positive;Mean;         ;2.39881;8.58001;23.935;62.1527;157.159;386.639;1510.04;4864.84;12184.1;25205.6;45347.7;72679.1;107604;149448;196614;247195;300635;353185;401329;455107;549668;668434;798390;932015;1.17E+06;1.41E+06;1.59E+06;1.75E+06;1.86E+06;1.98E+06;2.10E+06;2.21E+06;2.30E+06;2.39E+06;2.47E+06;2.51E+06;2.56E+06;2.61E+06;2.65E+06;2.69E+06;2.71E+06;2.73E+06;2.75E+06;2.76E+06;2.76E+06;2.77E+06;2.76E+06;2.76E+06;2.75E+06;2.73E+06;2.72E+06;2.70E+06;2.67E+06;2.65E+06;2.62E+06;2.58E+06;2.55E+06;2.51E+06;2.47E+06;2.43E+06;2.39E+06;2.34E+06;2.30E+06;2.25E+06;2.20E+06;2.14E+06;2.09E+06;2.04E+06;1.98E+06;1.93E+06;         ;         ;         ;         ;         ;         ;         ;         ;         ;         ;         ;         ;         ;         ;         
;95% LL;         ;1.39343;5.18369;15.1333;39.836;103.777;266.928;1050.99;3321.81;8578.26;18459.3;34515.9;57144.2;87327.9;124201;167492;215426;265985;316494;363757;418049;511334;628739;754358;884263;1.11E+06;1.35E+06;1.53E+06;1.68E+06;1.79E+06;1.91E+06;2.03E+06;2.14E+06;2.23E+06;2.31E+06;2.39E+06;2.44E+06;2.48E+06;2.53E+06;2.57E+06;2.60E+06;2.63E+06;2.65E+06;2.66E+06;2.67E+06;2.67E+06;2.67E+06;2.67E+06;2.66E+06;2.65E+06;2.63E+06;2.62E+06;2.60E+06;2.57E+06;2.54E+06;2.52E+06;2.48E+06;2.45E+06;2.41E+06;2.37E+06;2.33E+06;2.29E+06;2.24E+06;2.20E+06;2.15E+06;2.10E+06;2.05E+06;2.00E+06;1.94E+06;1.89E+06;1.84E+06;         ;         ;         ;         ;         ;         ;         ;         ;         ;         ;         ;         ;         ;         ;         
;95% UL;         ;4.02217;13.9335;36.1691;89.9407;221.781;543.098;2063.89;6433.26;15430.4;30989.8;53663.6;83709.3;120711;163897;214296;268006;324275;379088;428773;484093;581966;704320;837263;973035;1.22E+06;1.46E+06;1.65E+06;1.80E+06;1.92E+06;2.04E+06;2.16E+06;2.27E+06;2.36E+06;2.45E+06;2.53E+06;2.57E+06;2.62E+06;2.67E+06;2.71E+06;2.75E+06;2.78E+06;2.80E+06;2.82E+06;2.83E+06;2.84E+06;2.84E+06;2.84E+06;2.83E+06;2.82E+06;2.81E+06;2.79E+06;2.77E+06;2.75E+06;2.72E+06;2.69E+06;2.66E+06;2.63E+06;2.59E+06;2.55E+06;2.51E+06;2.46E+06;2.42E+06;2.37E+06;2.32E+06;2.27E+06;2.22E+06;2.16E+06;2.11E+06;2.05E+06;1.99E+06;         ;         ;         ;         ;         ;         ;         ;         ;         ;         ;         ;         ;         ;         ;         
Total females aged 15+ diagnosed HIV-positive;Mean;         ;2.88914;9.35607;23.5904;55.755;131.123;312.289;1416.88;4993.86;13381.1;29384.2;55837.1;94090.4;146027;211904;291663;384736;492857;615954;758804;921229;1.16E+06;1.44E+06;1.74E+06;2.04E+06;2.47E+06;2.86E+06;3.16E+06;3.42E+06;3.62E+06;3.83E+06;4.04E+06;4.23E+06;4.39E+06;4.55E+06;4.71E+06;4.81E+06;4.93E+06;5.04E+06;5.15E+06;5.25E+06;5.33E+06;5.41E+06;5.49E+06;5.55E+06;5.61E+06;5.66E+06;5.70E+06;5.74E+06;5.77E+06;5.79E+06;5.81E+06;5.82E+06;5.82E+06;5.82E+06;5.81E+06;5.80E+06;5.78E+06;5.75E+06;5.72E+06;5.68E+06;5.63E+06;5.59E+06;5.53E+06;5.47E+06;5.41E+06;5.34E+06;5.27E+06;5.19E+06;5.11E+06;5.03E+06;         ;         ;         ;         ;         ;         ;         ;         ;         ;         ;         ;         ;         ;         ;         
;95% LL;         ;1.66503;5.4594;14.3402;36.1121;85.144;216.004;1019.18;3670.52;10105.4;23037.5;45044.1;78182.7;124741;185521;260979;350989;455803;575324;717307;879296;1.11E+06;1.39E+06;1.69E+06;1.99E+06;2.42E+06;2.81E+06;3.10E+06;3.35E+06;3.55E+06;3.75E+06;3.96E+06;4.15E+06;4.31E+06;4.46E+06;4.62E+06;4.72E+06;4.83E+06;4.95E+06;5.05E+06;5.15E+06;5.23E+06;5.31E+06;5.38E+06;5.44E+06;5.49E+06;5.54E+06;5.58E+06;5.61E+06;5.64E+06;5.66E+06;5.67E+06;5.68E+06;5.69E+06;5.68E+06;5.67E+06;5.66E+06;5.63E+06;5.61E+06;5.57E+06;5.54E+06;5.49E+06;5.44E+06;5.39E+06;5.33E+06;5.27E+06;5.20E+06;5.12E+06;5.05E+06;4.96E+06;4.88E+06;         ;         ;         ;         ;         ;         ;         ;         ;         ;         ;         ;         ;         ;         ;         
;95% UL;         ;4.82351;15.3333;37.3311;83.4834;186.541;430.309;1889.62;6479.1;16603;35313.4;65323.8;107552;163609;233350;316948;413436;523123;646711;791504;954314;1.19E+06;1.47E+06;1.77E+06;2.08E+06;2.52E+06;2.92E+06;3.23E+06;3.48E+06;3.69E+06;3.90E+06;4.12E+06;4.32E+06;4.49E+06;4.65E+06;4.82E+06;4.93E+06;5.05E+06;5.17E+06;5.28E+06;5.39E+06;5.48E+06;5.57E+06;5.65E+06;5.72E+06;5.78E+06;5.84E+06;5.89E+06;5.93E+06;5.96E+06;5.99E+06;6.01E+06;6.03E+06;6.04E+06;6.04E+06;6.03E+06;6.02E+06;6.00E+06;5.98E+06;5.95E+06;5.92E+06;5.88E+06;5.84E+06;5.79E+06;5.73E+06;5.68E+06;5.61E+06;5.54E+06;5.47E+06;5.39E+06;5.31E+06;         ;         ;         ;         ;         ;         ;         ;         ;         ;         ;         ;         ;         ;         ;         
;;         ;         ;         ;         ;         ;         ;         ;         ;         ;         ;         ;         ;         ;         ;         ;         ;         ;         ;         ;         ;         ;         ;         ;         ;         ;         ;         ;         ;         ;         ;         ;         ;         ;         ;         ;         ;         ;         ;         ;         ;         ;         ;         ;         ;         ;         ;         ;         ;         ;         ;         ;         ;         ;         ;         ;         ;         ;         ;         ;         ;         ;         ;         ;         ;         ;         ;         ;         ;         ;         ;         ;         ;         ;         ;         ;         ;         ;         ;         ;         ;         ;         ;         ;         ;         ;         
Other HIV testing outputs;;         ;         ;         ;         ;         ;         ;         ;         ;         ;         ;         ;         ;         ;         ;         ;         ;         ;         ;         ;         ;         ;         ;         ;         ;         ;         ;         ;         ;         ;         ;         ;         ;         ;         ;         ;         ;         ;         ;         ;         ;         ;         ;         ;         ;         ;         ;         ;         ;         ;         ;         ;         ;         ;         ;         ;         ;         ;         ;         ;         ;         ;         ;         ;         ;         ;         ;         ;         ;         ;         ;         ;         ;         ;         ;         ;         ;         ;         ;         ;         ;         ;         ;         ;         ;         ;         
;;         ;         ;         ;         ;         ;         ;         ;         ;         ;         ;         ;         ;         ;         ;         ;         ;         ;         ;         ;         ;         ;         ;         ;         ;         ;         ;         ;         ;         ;         ;         ;         ;         ;         ;         ;         ;         ;         ;         ;         ;         ;         ;         ;         ;         ;         ;         ;         ;         ;         ;         ;         ;         ;         ;         ;         ;         ;         ;         ;         ;         ;         ;         ;         ;         ;         ;         ;         ;         ;         ;         ;         ;         ;         ;         ;         ;         ;         ;         ;         ;         ;         ;         ;         ;         ;         
% of OI patients tested for HIV;Mean;         ;         ;         ;         ;         ;         ;         ;         ;         ;         ;         ;         ;         ;         ;         ;         ;         ;         ;         ;         ;         ;         ;         ;         ;         ;         ;         ;         ;         ;         ;         ;         ;         ;         ;         ;         ;         ;         ;         ;         ;         ;         ;         ;         ;         ;         ;         ;         ;         ;         ;         ;         ;         ;         ;         ;         ;         ;         ;         ;         ;         ;         ;         ;         ;         ;         ;         ;         ;         ;         ;         ;         ;         ;         ;         ;         ;         ;         ;         ;         ;         ;         ;         ;         ;         ;         
;95% LL;         ;         ;         ;         ;         ;         ;         ;         ;         ;         ;         ;         ;         ;         ;         ;         ;         ;         ;         ;         ;         ;         ;         ;         ;         ;         ;         ;         ;         ;         ;         ;         ;         ;         ;         ;         ;         ;         ;         ;         ;         ;         ;         ;         ;         ;         ;         ;         ;         ;         ;         ;         ;         ;         ;         ;         ;         ;         ;         ;         ;         ;         ;         ;         ;         ;         ;         ;         ;         ;         ;         ;         ;         ;         ;         ;         ;         ;         ;         ;         ;         ;         ;         ;         ;         ;         
;95% UL;         ;         ;         ;         ;         ;         ;         ;         ;         ;         ;         ;         ;         ;         ;         ;         ;         ;         ;         ;         ;         ;         ;         ;         ;         ;         ;         ;         ;         ;         ;         ;         ;         ;         ;         ;         ;         ;         ;         ;         ;         ;         ;         ;         ;         ;         ;         ;         ;         ;         ;         ;         ;         ;         ;         ;         ;         ;         ;         ;         ;         ;         ;         ;         ;         ;         ;         ;         ;         ;         ;         ;         ;         ;         ;         ;         ;         ;         ;         ;         ;         ;         ;         ;         ;         ;         
HIV testing rate in HIV-negative women aged 25, not previously tested;Mean;         ;         ;         ;         ;         ;         ;0.00867955;0.016638;0.023822;0.0302252;0.0358699;0.0408103;0.0455239;0.0497167;0.0530517;0.0555848;0.0568716;0.0566052;0.0539514;0.052299;0.058602;0.0556356;0.0610378;0.0844589;0.229761;0.256062;0.21594;0.229737;0.17891;0.224824;0.270445;0.270525;0.251767;0.270906;0.332289;0.205706;0.295315;0.261925;         ;         ;         ;         ;         ;         ;         ;         ;         ;         ;         ;         ;         ;         ;         ;         ;         ;         ;         ;         ;         ;         ;         ;         ;         ;         ;         ;         ;         ;         ;         ;         ;         ;         ;         ;         ;         ;         ;         ;         ;         ;         ;         ;         ;         ;         ;         ;         
;95% LL;         ;         ;         ;         ;         ;         ;0.0086598;0.0165889;0.0237435;0.0301146;0.035731;0.0406559;0.0453713;0.0495717;0.0529353;0.0554793;0.0567847;0.0565424;0.0538586;0.0521887;0.0584587;0.0554279;0.0607712;0.0839888;0.228689;0.255093;0.215026;0.228776;0.178119;0.223834;0.269359;0.269442;0.250757;0.269802;0.330978;0.204884;0.293927;0.260745;         ;         ;         ;         ;         ;         ;         ;         ;         ;         ;         ;         ;         ;         ;         ;         ;         ;         ;         ;         ;         ;         ;         ;         ;         ;         ;         ;         ;         ;         ;         ;         ;         ;         ;         ;         ;         ;         ;         ;         ;         ;         ;         ;         ;         ;         ;         ;         
;95% UL;         ;         ;         ;         ;         ;         ;0.00869689;0.0166812;0.0239108;0.0303728;0.0360743;0.0410441;0.0457734;0.0499434;0.0532492;0.0557362;0.0569598;0.0566696;0.0540625;0.0524228;0.0587907;0.0559275;0.0613993;0.0848651;0.230666;0.256829;0.216619;0.230462;0.179459;0.225514;0.271187;0.271253;0.252469;0.2717;0.333208;0.206304;0.296313;0.262701;         ;         ;         ;         ;         ;         ;         ;         ;         ;         ;         ;         ;         ;         ;         ;         ;         ;         ;         ;         ;         ;         ;         ;         ;         ;         ;         ;         ;         ;         ;         ;         ;         ;         ;         ;         ;         ;         ;         ;         ;         ;         ;         ;         ;         ;         ;         ;         
Tests in males aged 15-24;Mean;0.518566;1.31571;2.80276;6.15376;13.8563;31.2465;18430.3;36964.6;55483.4;73863.1;91939.7;109535;126873;143938;159596;173771;184996;191013;187815;187816;216395;210173;229173;306299;814655;1.09E+06;9.89E+05;1.02E+06;822115;966469;1.26E+06;1.39E+06;1.32E+06;1.41E+06;1.78E+06;1.23E+06;1.50E+06;1.55E+06;1.64E+06;1.73E+06;1.77E+06;1.83E+06;1.88E+06;1.95E+06;2.00E+06;2.04E+06;2.08E+06;2.10E+06;2.12E+06;2.13E+06;2.15E+06;2.16E+06;2.16E+06;2.16E+06;2.16E+06;2.16E+06;2.15E+06;2.15E+06;2.16E+06;2.16E+06;2.17E+06;2.18E+06;2.19E+06;2.19E+06;2.20E+06;2.21E+06;2.22E+06;2.22E+06;2.23E+06;2.24E+06;2.24E+06;         ;         ;         ;         ;         ;         ;         ;         ;         ;         ;         ;         ;         ;         ;         
;95% LL;0.303186;0.796431;1.72585;3.92693;9.26245;21.7254;18406.8;36921.3;55423.7;73795.3;91845.9;109407;126694;143716;159308;173405;184498;190342;186942;186798;215291;208713;227216;303850;809735;1.08E+06;9.83E+05;1.02E+06;817439;961688;1.26E+06;1.38E+06;1.32E+06;1.40E+06;1.77E+06;1.22E+06;1.49E+06;1.54E+06;1.64E+06;1.72E+06;1.77E+06;1.82E+06;1.88E+06;1.94E+06;2.00E+06;2.04E+06;2.07E+06;2.10E+06;2.11E+06;2.13E+06;2.14E+06;2.15E+06;2.16E+06;2.16E+06;2.15E+06;2.15E+06;2.15E+06;2.15E+06;2.15E+06;2.15E+06;2.16E+06;2.17E+06;2.18E+06;2.18E+06;2.19E+06;2.20E+06;2.21E+06;2.21E+06;2.22E+06;2.23E+06;2.23E+06;         ;         ;         ;         ;         ;         ;         ;         ;         ;         ;         ;         ;         ;         ;         
;95% UL;0.876756;2.19347;4.42884;9.01938;19.6926;42.8545;18449.3;37007.4;55562.2;73984.7;92105.9;109736;127120;144227;159906;174095;185440;191546;188487;188608;217328;211590;230902;308088;818073;1.09E+06;9.93E+05;1.03E+06;825320;9.70E+05;1.27E+06;1.39E+06;1.33E+06;1.41E+06;1.78E+06;1.23E+06;1.50E+06;1.55E+06;1.65E+06;1.73E+06;1.78E+06;1.84E+06;1.89E+06;1.95E+06;2.01E+06;2.05E+06;2.09E+06;2.11E+06;2.13E+06;2.14E+06;2.16E+06;2.16E+06;2.17E+06;2.17E+06;2.17E+06;2.16E+06;2.16E+06;2.16E+06;2.16E+06;2.17E+06;2.18E+06;2.19E+06;2.20E+06;2.21E+06;2.22E+06;2.22E+06;2.23E+06;2.24E+06;2.25E+06;2.25E+06;2.26E+06;         ;         ;         ;         ;         ;         ;         ;         ;         ;         ;         ;         ;         ;         ;         
Tests in females aged 15-24;Mean;1.43053;3.23154;7.10039;15.9861;36.9032;84.6841;32024.2;64248.9;96565.7;128740;160461;191428;221683;251424;282181;314352;350517;390882;447696;497431;622150;706886;814593;1.01E+06;2.08E+06;2.81E+06;2.57E+06;2.61E+06;2.18E+06;2.45E+06;3.05E+06;3.24E+06;3.03E+06;3.15E+06;3.88E+06;2.94E+06;3.54E+06;3.74E+06;3.93E+06;4.12E+06;4.22E+06;4.32E+06;4.43E+06;4.54E+06;4.65E+06;4.74E+06;4.81E+06;4.87E+06;4.91E+06;4.94E+06;4.97E+06;4.99E+06;5.01E+06;5.01E+06;5.01E+06;5.01E+06;5.01E+06;5.01E+06;5.03E+06;5.04E+06;5.06E+06;5.08E+06;5.10E+06;5.12E+06;5.14E+06;5.16E+06;5.17E+06;5.19E+06;5.20E+06;5.22E+06;5.23E+06;         ;         ;         ;         ;         ;         ;         ;         ;         ;         ;         ;         ;         ;         ;         
;95% LL;0.824276;1.91278;4.46251;10.3216;25.0035;59.7994;32006.5;64173.9;96420.3;128497;160117;190975;221152;250859;281646;313924;350177;390564;447196;496664;621264;705597;812690;1.00E+06;2.08E+06;2.80E+06;2.56E+06;2.60E+06;2.17E+06;2.44E+06;3.04E+06;3.23E+06;3.02E+06;3.14E+06;3.87E+06;2.93E+06;3.52E+06;3.72E+06;3.91E+06;4.10E+06;4.19E+06;4.29E+06;4.40E+06;4.51E+06;4.62E+06;4.71E+06;4.78E+06;4.84E+06;4.88E+06;4.91E+06;4.94E+06;4.96E+06;4.98E+06;4.99E+06;4.99E+06;4.99E+06;4.99E+06;4.99E+06;5.01E+06;5.03E+06;5.04E+06;5.06E+06;5.08E+06;5.10E+06;5.12E+06;5.13E+06;5.15E+06;5.16E+06;5.18E+06;5.19E+06;5.21E+06;         ;         ;         ;         ;         ;         ;         ;         ;         ;         ;         ;         ;         ;         ;         
;95% UL;2.37323;5.19641;10.834;22.8208;51.1478;115.456;32038.4;64313.8;96742.3;129081;160988;192118;222476;252276;283025;315072;351058;391384;448260;498331;623362;708630;817193;1.01E+06;2.09E+06;2.82E+06;2.57E+06;2.61E+06;2.18E+06;2.46E+06;3.06E+06;3.25E+06;3.04E+06;3.16E+06;3.89E+06;2.95E+06;3.56E+06;3.75E+06;3.95E+06;4.14E+06;4.24E+06;4.34E+06;4.45E+06;4.57E+06;4.68E+06;4.77E+06;4.84E+06;4.89E+06;4.93E+06;4.96E+06;4.99E+06;5.01E+06;5.03E+06;5.03E+06;5.03E+06;5.03E+06;5.03E+06;5.03E+06;5.05E+06;5.06E+06;5.08E+06;5.10E+06;5.13E+06;5.15E+06;5.17E+06;5.18E+06;5.20E+06;5.22E+06;5.23E+06;5.25E+06;5.26E+06;         ;         ;         ;         ;         ;         ;         ;         ;         ;         ;         ;         ;         ;         ;         
Tests in males aged 25-49;Mean;2.05216;5.87974;15.3762;39.4571;99.2987;239.342;30835.5;61779.9;93022.7;124626;156653;189151;221383;253601;283528;310560;331495;345535;343451;353981;435269;464532;524561;685534;1.75E+06;2.49E+06;2.31E+06;2.40E+06;2.00E+06;2.38E+06;3.18E+06;3.53E+06;3.42E+06;3.71E+06;4.82E+06;3.46E+06;4.22E+06;4.48E+06;4.74E+06;5.00E+06;5.09E+06;5.18E+06;5.27E+06;5.35E+06;5.45E+06;5.55E+06;5.66E+06;5.76E+06;5.87E+06;5.97E+06;6.06E+06;6.15E+06;6.23E+06;6.32E+06;6.40E+06;6.48E+06;6.56E+06;6.63E+06;6.69E+06;6.75E+06;6.80E+06;6.85E+06;6.90E+06;6.95E+06;7.00E+06;7.05E+06;7.11E+06;7.16E+06;7.21E+06;7.26E+06;7.30E+06;         ;         ;         ;         ;         ;         ;         ;         ;         ;         ;         ;         ;         ;         ;         
;95% LL;1.19742;3.58739;9.68528;25.0064;68.3361;164.969;30722;61572.3;92697.9;124185;156125;188619;220868;253179;283237;310228;331055;344988;342830;353257;434131;462754;522427;683147;1.75E+06;2.48E+06;2.31E+06;2.40E+06;1.99E+06;2.37E+06;3.17E+06;3.51E+06;3.41E+06;3.70E+06;4.80E+06;3.44E+06;4.19E+06;4.45E+06;4.69E+06;4.94E+06;5.03E+06;5.11E+06;5.20E+06;5.28E+06;5.37E+06;5.48E+06;5.58E+06;5.69E+06;5.80E+06;5.90E+06;5.99E+06;6.08E+06;6.17E+06;6.25E+06;6.34E+06;6.42E+06;6.49E+06;6.57E+06;6.63E+06;6.69E+06;6.74E+06;6.79E+06;6.84E+06;6.89E+06;6.94E+06;6.99E+06;7.05E+06;7.10E+06;7.15E+06;7.20E+06;7.24E+06;         ;         ;         ;         ;         ;         ;         ;         ;         ;         ;         ;         ;         ;         ;         
;95% UL;3.42868;9.18253;22.5215;55.8253;140.056;330.926;30953.5;61967.8;93285.8;124952;157010;189528;221777;254007;283938;310973;332074;346285;344418;355038;436417;466119;526780;688860;1.76E+06;2.50E+06;2.33E+06;2.42E+06;2.01E+06;2.40E+06;3.19E+06;3.55E+06;3.44E+06;3.73E+06;4.85E+06;3.49E+06;4.26E+06;4.52E+06;4.79E+06;5.06E+06;5.17E+06;5.26E+06;5.35E+06;5.43E+06;5.53E+06;5.63E+06;5.74E+06;5.84E+06;5.95E+06;6.05E+06;6.14E+06;6.22E+06;6.31E+06;6.39E+06;6.47E+06;6.55E+06;6.63E+06;6.70E+06;6.76E+06;6.82E+06;6.88E+06;6.93E+06;6.97E+06;7.02E+06;7.08E+06;7.13E+06;7.19E+06;7.25E+06;7.30E+06;7.35E+06;7.39E+06;         ;         ;         ;         ;         ;         ;         ;         ;         ;         ;         ;         ;         ;         ;         
Tests in females aged 25-49;Mean;1.62087;4.18616;10.3015;25.385;62.4805;150.171;34196.9;68701.7;103652;139181;175440;212570;250461;288842;329996;373990;424290;483335;561529;625557;791191;906241;1.02E+06;1.24E+06;2.54E+06;3.47E+06;3.17E+06;3.19E+06;2.68E+06;3.07E+06;3.90E+06;4.22E+06;4.02E+06;4.23E+06;5.31E+06;3.87E+06;4.55E+06;4.79E+06;5.01E+06;5.25E+06;5.34E+06;5.42E+06;5.51E+06;5.60E+06;5.71E+06;5.84E+06;5.97E+06;6.11E+06;6.26E+06;6.40E+06;6.54E+06;6.66E+06;6.78E+06;6.91E+06;7.03E+06;7.15E+06;7.26E+06;7.36E+06;7.45E+06;7.53E+06;7.60E+06;7.67E+06;7.73E+06;7.80E+06;7.86E+06;7.93E+06;7.99E+06;8.05E+06;8.11E+06;8.17E+06;8.22E+06;         ;         ;         ;         ;         ;         ;         ;         ;         ;         ;         ;         ;         ;         ;         
;95% LL;0.934298;2.47848;6.58449;16.5318;42.5824;108.86;34169.3;68633.7;103517;138944;175115;212184;250052;288418;329540;373409;423488;482113;559631;623419;788400;902744;1.02E+06;1.23E+06;2.53E+06;3.46E+06;3.16E+06;3.18E+06;2.67E+06;3.05E+06;3.88E+06;4.20E+06;4.00E+06;4.21E+06;5.27E+06;3.84E+06;4.52E+06;4.75E+06;4.96E+06;5.19E+06;5.27E+06;5.35E+06;5.44E+06;5.53E+06;5.63E+06;5.76E+06;5.89E+06;6.03E+06;6.17E+06;6.31E+06;6.44E+06;6.57E+06;6.69E+06;6.81E+06;6.94E+06;7.06E+06;7.17E+06;7.27E+06;7.36E+06;7.44E+06;7.51E+06;7.58E+06;7.64E+06;7.71E+06;7.77E+06;7.84E+06;7.91E+06;7.97E+06;8.04E+06;8.10E+06;8.14E+06;         ;         ;         ;         ;         ;         ;         ;         ;         ;         ;         ;         ;         ;         ;         
;95% UL;2.70227;6.78098;15.6978;36.1418;86.0468;206.145;34232.8;68771;103762;139318;175593;212769;250706;289125;330300;374420;424972;484492;563488;627978;794562;910904;1.03E+06;1.24E+06;2.55E+06;3.48E+06;3.18E+06;3.20E+06;2.69E+06;3.08E+06;3.92E+06;4.24E+06;4.03E+06;4.25E+06;5.33E+06;3.88E+06;4.58E+06;4.82E+06;5.05E+06;5.30E+06;5.39E+06;5.48E+06;5.57E+06;5.66E+06;5.77E+06;5.89E+06;6.03E+06;6.17E+06;6.32E+06;6.46E+06;6.59E+06;6.72E+06;6.84E+06;6.97E+06;7.09E+06;7.21E+06;7.32E+06;7.42E+06;7.50E+06;7.59E+06;7.66E+06;7.73E+06;7.79E+06;7.85E+06;7.92E+06;7.98E+06;8.04E+06;8.10E+06;8.16E+06;8.22E+06;8.27E+06;         ;         ;         ;         ;         ;         ;         ;         ;         ;         ;         ;         ;         ;         ;         
Tests in males aged 50+;Mean;0.0147319;0.171629;0.707983;2.28477;6.47392;16.6914;5985.17;11715.5;17173.3;22380.5;27401.4;32318.8;37453;42611.7;47478.9;51950.5;55483.2;58010.8;57771.5;59522.8;74118.1;78902.7;89902.3;120413;317572;434624;404561;428130;356039;430764;572191;634394;614595;667402;871365;623696;774541;827162;891585;9.53E+05;9.84E+05;1.01E+06;1.04E+06;1.07E+06;1.10E+06;1.14E+06;1.18E+06;1.23E+06;1.28E+06;1.33E+06;1.39E+06;1.45E+06;1.51E+06;1.57E+06;1.63E+06;1.69E+06;1.75E+06;1.81E+06;1.87E+06;1.93E+06;1.99E+06;2.04E+06;2.10E+06;2.15E+06;2.20E+06;2.24E+06;2.28E+06;2.31E+06;2.35E+06;2.39E+06;2.43E+06;         ;         ;         ;         ;         ;         ;         ;         ;         ;         ;         ;         ;         ;         ;         
;95% LL;0.00881147;0.106302;0.447981;1.49315;4.37323;11.2361;5981.36;11707.7;17155.3;22351.4;27363;32274.7;37407.2;42562.8;47428.7;51890.7;55405.1;57906.9;57642.9;59383.7;73784.3;78375.3;89291;119642;314596;429756;399615;422617;351257;424913;564337;625608;606015;658088;859187;614192;762217;813460;873955;933077;962990;991477;1.02E+06;1.05E+06;1.08E+06;1.11E+06;1.15E+06;1.20E+06;1.25E+06;1.30E+06;1.36E+06;1.42E+06;1.48E+06;1.54E+06;1.60E+06;1.66E+06;1.72E+06;1.78E+06;1.83E+06;1.89E+06;1.95E+06;2.01E+06;2.06E+06;2.11E+06;2.16E+06;2.20E+06;2.24E+06;2.28E+06;2.31E+06;2.35E+06;2.40E+06;         ;         ;         ;         ;         ;         ;         ;         ;         ;         ;         ;         ;         ;         ;         
;95% UL;0.0219551;0.252295;1.01691;3.20475;9.3575;23.7933;5988.3;11720.5;17187.5;22405.7;27435.5;32359.5;37494.1;42652.9;47525.6;52017;55578.4;58145.7;57967.9;59696.7;74370.3;79364.6;90678.6;122032;322748;442686;412632;436607;363131;439234;583184;646616;626488;680083;8.88E+05;636008;7.90E+05;8.44E+05;9.13E+05;9.76E+05;1.01E+06;1.04E+06;1.07E+06;1.10E+06;1.13E+06;1.17E+06;1.21E+06;1.26E+06;1.31E+06;1.37E+06;1.43E+06;1.49E+06;1.55E+06;1.61E+06;1.68E+06;1.74E+06;1.80E+06;1.86E+06;1.92E+06;1.97E+06;2.03E+06;2.09E+06;2.15E+06;2.20E+06;2.24E+06;2.28E+06;2.32E+06;2.36E+06;2.39E+06;2.43E+06;2.47E+06;         ;         ;         ;         ;         ;         ;         ;         ;         ;         ;         ;         ;         ;         ;         
Tests in females aged 50+;Mean;0.000826416;0.0425476;0.197828;0.61828;1.71667;4.46637;4929.22;9678.79;14192.1;18467.8;22554;26525.5;30692.5;34903.7;38913.1;42693.1;45810.2;48060.7;48332.4;50160.8;62977.6;68720;80561.1;109207;285759;385296;359824;382216;319229;388094;512178;566214;549024;595988;773991;544517;667118;695268;737698;779076;794660;808080;819498;829842;840215;851827;865797;882949;903468;926980;952778;981696;1.01E+06;1.04E+06;1.08E+06;1.11E+06;1.14E+06;1.18E+06;1.22E+06;1.25E+06;1.29E+06;1.33E+06;1.37E+06;1.41E+06;1.44E+06;1.47E+06;1.50E+06;1.53E+06;1.56E+06;1.59E+06;1.63E+06;         ;         ;         ;         ;         ;         ;         ;         ;         ;         ;         ;         ;         ;         ;         
;95% LL;0.000449964;0.0247144;0.123469;0.395657;1.10291;3.07735;4921.24;9661.45;14164.7;18429.2;22503.9;26480.2;30655.8;34874.3;38855.1;42598.8;45666.8;47869;48091.7;49839.9;62344.2;67702.9;79361.1;108093;284836;383603;357731;379595;316663;384856;507820;561221;543913;589998;765632;538588;659490;687156;728425;768759;783586;796560;807707;817887;828175;839589;853394;870394;890140;913379;938220;965664;994540;1.03E+06;1.06E+06;1.09E+06;1.12E+06;1.16E+06;1.20E+06;1.23E+06;1.27E+06;1.31E+06;1.35E+06;1.38E+06;1.42E+06;1.45E+06;1.48E+06;1.50E+06;1.53E+06;1.56E+06;1.60E+06;         ;         ;         ;         ;         ;         ;         ;         ;         ;         ;         ;         ;         ;         ;         
;95% UL;0.00131876;0.0692828;0.302115;0.892685;2.40021;6.18704;4936.21;9696.33;14226.8;18521.1;22617.8;26591.5;30746.1;34939.7;38955.1;42757.8;45907.6;48196.9;48513.3;50408.1;63495.8;69575.5;81489.3;110007;286501;386342;361241;384188;321283;390945;516633;571537;554571;602559;7.83E+05;550775;674912;7.03E+05;7.47E+05;7.90E+05;8.06E+05;8.20E+05;8.33E+05;8.43E+05;8.54E+05;8.66E+05;881079;898713;919232;943590;970171;9.99E+05;1.03E+06;1.06E+06;1.09E+06;1.13E+06;1.16E+06;1.20E+06;1.24E+06;1.27E+06;1.31E+06;1.35E+06;1.39E+06;1.43E+06;1.46E+06;1.49E+06;1.52E+06;1.55E+06;1.58E+06;1.61E+06;1.65E+06;         ;         ;         ;         ;         ;         ;         ;         ;         ;         ;         ;         ;         ;         ;         
% of adults diagnosed;Mean;         ;0.00218476;0.00362937;0.00411906;0.00415234;0.0041516;0.00439159;0.00903064;0.0174091;0.0292338;0.0441116;0.0615746;0.0811353;0.102657;0.125706;0.150003;0.175399;0.202259;0.230548;0.261004;0.296094;0.353097;0.419882;0.48727;0.550096;0.650141;0.735681;0.788946;0.825061;0.843974;0.863443;0.884385;0.900848;0.912608;0.922997;0.935019;0.937392;0.943381;0.948631;0.953414;0.957537;0.960666;0.963175;0.965298;0.967047;0.968529;0.969819;0.970965;0.97201;0.972977;0.973887;0.974755;0.975584;0.976365;0.977095;0.977772;0.978402;0.978986;0.979527;0.980028;0.980492;0.980922;0.981321;0.981693;0.98204;0.982364;0.982668;0.982952;0.983219;0.983468;0.983702;         ;         ;         ;         ;         ;         ;         ;         ;         ;         ;         ;         ;         ;         ;         
;95% LL;         ;0.00214547;0.00336199;0.00354924;0.00339296;0.00333399;0.00361893;0.0082378;0.0163603;0.0273634;0.0414501;0.0580305;0.076753;0.0972902;0.119777;0.143877;0.168932;0.195615;0.224118;0.254791;0.290019;0.346565;0.413079;0.480259;0.54313;0.643666;0.730091;0.78413;0.820693;0.839899;0.859654;0.881018;0.89784;0.909853;0.920225;0.932317;0.934637;0.94083;0.946353;0.951416;0.955766;0.959089;0.961798;0.964102;0.965901;0.967391;0.968676;0.969843;0.970899;0.971871;0.972783;0.973654;0.974485;0.975269;0.976002;0.976684;0.977317;0.977905;0.978458;0.978973;0.979449;0.979879;0.980274;0.980641;0.980983;0.9813;0.981596;0.98187;0.982123;0.982364;0.982589;         ;         ;         ;         ;         ;         ;         ;         ;         ;         ;         ;         ;         ;         ;         
;95% UL;         ;0.00224146;0.00399935;0.0049142;0.0052621;0.00538095;0.00564127;0.0102362;0.0187513;0.031002;0.0466901;0.0647841;0.0848686;0.10681;0.130211;0.154773;0.180375;0.207387;0.235721;0.265958;0.301157;0.357959;0.424383;0.492109;0.55502;0.65441;0.739227;0.792031;0.827914;0.846705;0.866032;0.886788;0.903105;0.91479;0.925116;0.937035;0.939443;0.94531;0.950383;0.954954;0.958863;0.961797;0.964132;0.966103;0.967769;0.969245;0.970537;0.971693;0.972751;0.973712;0.974628;0.975502;0.976332;0.97714;0.977878;0.978555;0.979184;0.979769;0.980311;0.980813;0.981279;0.981712;0.982116;0.982493;0.982846;0.983177;0.983488;0.98378;0.984056;0.984315;0.98456;         ;         ;         ;         ;         ;         ;         ;         ;         ;         ;         ;         ;         ;         ;         
False negative proportion;Mean;0.0562755;0.0970944;0.111681;0.120605;0.122347;0.114655;0.135858;0.121158;0.10232;0.0866845;0.074477;0.0646466;0.0566389;0.0500416;0.0451316;0.0415375;0.0394285;0.0386614;0.0403882;0.0393204;0.0353253;0.0353887;0.0365588;0.0377281;0.033993;0.0342659;0.0369647;0.0395357;0.0428049;0.0427904;0.0429162;0.0454135;0.0481182;0.049799;5.17E-02;0.0564344;0.057282;6.06E-02;6.38E-02;6.75E-02;7.15E-02;7.50E-02;7.77E-02;7.95E-02;8.04E-02;8.06E-02;0.0803258;0.0797893;0.0790494;0.0781483;0.0770956;0.0759555;0.0748352;0.0737792;0.0727884;0.0718479;0.0709569;0.0701197;0.0693412;0.0686213;0.0679549;0.067337;0.0667637;0.0662328;0.065744;0.065297;0.06489;0.0645205;0.0641857;0.0638836;0.0636112;         ;         ;         ;         ;         ;         ;         ;         ;         ;         ;         ;         ;         ;         ;         
;95% LL;0.0531417;0.0845338;0.092117;0.0969705;0.0980694;0.0949601;0.123288;0.110751;0.092609;0.0791155;0.0686588;0.0600379;0.0529969;0.0471408;0.0427567;0.0395538;0.0377153;0.0371129;0.0387734;0.0378301;0.0340137;0.0341076;0.0352542;0.036512;0.0330975;0.0334652;0.0361026;0.0386192;0.0418167;0.0418795;0.0420662;0.0444382;0.0469838;0.0485292;5.02E-02;0.0547774;0.0555318;5.87E-02;6.19E-02;6.55E-02;6.94E-02;7.29E-02;7.56E-02;7.75E-02;7.85E-02;7.87E-02;0.0784753;0.0779605;0.0772412;0.0763665;0.0753516;0.0742593;0.0731901;0.0721853;0.0712455;0.0703557;0.0695138;0.068723;0.0679872;0.0673057;0.0666734;0.0660852;0.0655101;0.0649748;0.0644806;0.064023;0.0635902;0.0631756;0.0628049;0.0624804;0.0621808;         ;         ;         ;         ;         ;         ;         ;         ;         ;         ;         ;         ;         ;         ;         
;95% UL;0.0587337;0.1068;0.128337;0.141027;0.141413;0.130498;0.146692;0.131699;0.112645;0.0964042;0.0833461;0.0716586;0.062407;0.0544965;0.048659;0.0444617;0.0419938;0.0410951;0.0428528;0.0416498;0.0373798;0.0374455;0.0385567;0.039577;0.0353997;0.0355036;0.0382552;0.0408648;0.0441616;0.0440895;0.0441401;0.0467405;0.0496715;0.0515364;5.37E-02;0.0588792;0.0598076;6.32E-02;6.64E-02;7.00E-02;7.41E-02;7.74E-02;8.01E-02;8.20E-02;8.31E-02;8.33E-02;0.0830609;0.0825354;0.0818213;0.0809195;0.0798855;0.0787443;0.0776092;0.0765314;0.0755129;0.0745388;0.073609;0.07273;0.0719084;0.0711452;0.0704365;0.0697771;0.0691781;0.068665;0.0681967;0.067759;0.0673621;0.0669984;0.0666838;0.0664028;0.0661517;         ;         ;         ;         ;         ;         ;         ;         ;         ;         ;         ;         ;         ;         ;         
;;         ;         ;         ;         ;         ;         ;         ;         ;         ;         ;         ;         ;         ;         ;         ;         ;         ;         ;         ;         ;         ;         ;         ;         ;         ;         ;         ;         ;         ;         ;         ;         ;         ;         ;         ;         ;         ;         ;         ;         ;         ;         ;         ;         ;         ;         ;         ;         ;         ;         ;         ;         ;         ;         ;         ;         ;         ;         ;         ;         ;         ;         ;         ;         ;         ;         ;         ;         ;         ;         ;         ;         ;         ;         ;         ;         ;         ;         ;         ;         ;         ;         ;         ;         ;         ;         
Other outputs;;         ;         ;         ;         ;         ;         ;         ;         ;         ;         ;         ;         ;         ;         ;         ;         ;         ;         ;         ;         ;         ;         ;         ;         ;         ;         ;         ;         ;         ;         ;         ;         ;         ;         ;         ;         ;         ;         ;         ;         ;         ;         ;         ;         ;         ;         ;         ;         ;         ;         ;         ;         ;         ;         ;         ;         ;         ;         ;         ;         ;         ;         ;         ;         ;         ;         ;         ;         ;         ;         ;         ;         ;         ;         ;         ;         ;         ;         ;         ;         ;         ;         ;         ;         ;         ;         
;;         ;         ;         ;         ;         ;         ;         ;         ;         ;         ;         ;         ;         ;         ;         ;         ;         ;         ;         ;         ;         ;         ;         ;         ;         ;         ;         ;         ;         ;         ;         ;         ;         ;         ;         ;         ;         ;         ;         ;         ;         ;         ;         ;         ;         ;         ;         ;         ;         ;         ;         ;         ;         ;         ;         ;         ;         ;         ;         ;         ;         ;         ;         ;         ;         ;         ;         ;         ;         ;         ;         ;         ;         ;         ;         ;         ;         ;         ;         ;         ;         ;         ;         ;         ;         ;         
Monthly rate of ART initiation at CD4 <200 in men;Mean;         ;         ;         ;         ;         ;         ;         ;         ;         ;         ;         ;         ;         ;         ;         ;0.00332557;0.00322818;0.00316744;0.00312859;0.0112534;0.0141267;0.0171901;0.0202613;0.0232021;0.0259676;0.0288585;0.0432214;0.0283261;0.0249226;0.0216677;0.0208663;0.020912;0.0198205;0.0184615;0.0194878;         ;         ;         ;         ;         ;         ;         ;         ;         ;         ;         ;         ;         ;         ;         ;         ;         ;         ;         ;         ;         ;         ;         ;         ;         ;         ;         ;         ;         ;         ;         ;         ;         ;         ;         ;         ;         ;         ;         ;         ;         ;         ;         ;         ;         ;         ;         ;         ;         ;         ;         
;95% LL;         ;         ;         ;         ;         ;         ;         ;         ;         ;         ;         ;         ;         ;         ;         ;0.00293144;0.00290358;0.00286566;0.00284814;0.0102573;0.0128748;0.0156583;0.0184268;0.0210396;0.0234385;0.0258795;0.0390661;0.0253769;0.0221;0.019338;0.0186361;0.0187375;0.0176139;0.016223;0.0168729;         ;         ;         ;         ;         ;         ;         ;         ;         ;         ;         ;         ;         ;         ;         ;         ;         ;         ;         ;         ;         ;         ;         ;         ;         ;         ;         ;         ;         ;         ;         ;         ;         ;         ;         ;         ;         ;         ;         ;         ;         ;         ;         ;         ;         ;         ;         ;         ;         ;         ;         
;95% UL;         ;         ;         ;         ;         ;         ;         ;         ;         ;         ;         ;         ;         ;         ;         ;0.00409443;0.00391084;0.00375581;0.00364693;0.012923;0.016211;0.019598;0.0229165;0.0260402;0.0291887;0.0328041;0.0488687;0.0325163;0.028867;0.0250519;0.024157;0.0241016;0.0230912;0.0218226;0.0234998;         ;         ;         ;         ;         ;         ;         ;         ;         ;         ;         ;         ;         ;         ;         ;         ;         ;         ;         ;         ;         ;         ;         ;         ;         ;         ;         ;         ;         ;         ;         ;         ;         ;         ;         ;         ;         ;         ;         ;         ;         ;         ;         ;         ;         ;         ;         ;         ;         ;         ;         
Monthly rate of ART initiation at CD4 <200 in women;Mean;         ;         ;         ;         ;         ;         ;         ;         ;         ;         ;         ;         ;         ;         ;         ;0.00568022;0.00550567;0.00536774;0.00527076;0.0186514;0.0239375;0.0296372;0.0355741;0.0415267;0.047687;0.0540215;0.0788779;0.0536863;0.0496706;0.0420151;0.039948;0.0388331;0.0364323;0.034066;0.0363109;         ;         ;         ;         ;         ;         ;         ;         ;         ;         ;         ;         ;         ;         ;         ;         ;         ;         ;         ;         ;         ;         ;         ;         ;         ;         ;         ;         ;         ;         ;         ;         ;         ;         ;         ;         ;         ;         ;         ;         ;         ;         ;         ;         ;         ;         ;         ;         ;         ;         ;         
;95% LL;         ;         ;         ;         ;         ;         ;         ;         ;         ;         ;         ;         ;         ;         ;         ;0.00499553;0.00491063;0.00486011;0.00484409;0.0171976;0.0221965;0.0276149;0.0329952;0.0384036;0.0442794;0.0502028;0.0737167;0.0491538;0.0442687;0.0378809;0.0358943;0.0352613;0.0325936;0.0297835;0.0308299;         ;         ;         ;         ;         ;         ;         ;         ;         ;         ;         ;         ;         ;         ;         ;         ;         ;         ;         ;         ;         ;         ;         ;         ;         ;         ;         ;         ;         ;         ;         ;         ;         ;         ;         ;         ;         ;         ;         ;         ;         ;         ;         ;         ;         ;         ;         ;         ;         ;         ;         
;95% UL;         ;         ;         ;         ;         ;         ;         ;         ;         ;         ;         ;         ;         ;         ;         ;0.00665425;0.00634495;0.00606902;0.00584336;0.0206068;0.0264512;0.032709;0.0392986;0.0459394;0.052764;0.0600495;0.0869321;0.0603913;0.0569349;0.0472256;0.0448173;0.0430543;0.040805;0.0388026;0.0423172;         ;         ;         ;         ;         ;         ;         ;         ;         ;         ;         ;         ;         ;         ;         ;         ;         ;         ;         ;         ;         ;         ;         ;         ;         ;         ;         ;         ;         ;         ;         ;         ;         ;         ;         ;         ;         ;         ;         ;         ;         ;         ;         ;         ;         ;         ;         ;         ;         ;         ;         
Monthly rate of ART initiation in advanced HIV in children;Mean;         ;         ;         ;         ;         ;         ;         ;         ;         ;         ;         ;         ;         ;         ;         ;0.00168139;0.00166694;0.00165826;0.00164172;0.00991639;0.0129889;0.0174671;0.0223997;0.0296;0.0375433;0.0944762;0.0754082;0.103763;0.0924288;0.09402;0.0890103;0.0322475;0.0302073;0.0297708;0.0296716;         ;         ;         ;         ;         ;         ;         ;         ;         ;         ;         ;         ;         ;         ;         ;         ;         ;         ;         ;         ;         ;         ;         ;         ;         ;         ;         ;         ;         ;         ;         ;         ;         ;         ;         ;         ;         ;         ;         ;         ;         ;         ;         ;         ;         ;         ;         ;         ;         ;         ;         
;95% LL;         ;         ;         ;         ;         ;         ;         ;         ;         ;         ;         ;         ;         ;         ;         ;0.0015319;0.00153283;0.00154367;0.00154054;0.00934644;0.0122823;0.0164813;0.0210767;0.0278807;0.0354911;0.0875046;0.0683291;0.0942371;0.083305;0.0852777;0.0820472;0.0299358;0.0278795;0.0272076;0.0268555;         ;         ;         ;         ;         ;         ;         ;         ;         ;         ;         ;         ;         ;         ;         ;         ;         ;         ;         ;         ;         ;         ;         ;         ;         ;         ;         ;         ;         ;         ;         ;         ;         ;         ;         ;         ;         ;         ;         ;         ;         ;         ;         ;         ;         ;         ;         ;         ;         ;         ;         
;95% UL;         ;         ;         ;         ;         ;         ;         ;         ;         ;         ;         ;         ;         ;         ;         ;0.00186814;0.00183389;0.0018067;0.00177709;0.0106743;0.0138837;0.0186806;0.0239697;0.03161;0.0398377;0.102694;0.0835179;0.113372;0.100215;0.101118;0.0942827;0.0339642;0.0318971;0.031673;0.0318681;         ;         ;         ;         ;         ;         ;         ;         ;         ;         ;         ;         ;         ;         ;         ;         ;         ;         ;         ;         ;         ;         ;         ;         ;         ;         ;         ;         ;         ;         ;         ;         ;         ;         ;         ;         ;         ;         ;         ;         ;         ;         ;         ;         ;         ;         ;         ;         ;         ;         ;         
Adults who have stopped ART;Mean;         ;         ;         ;         ;         ;         ;         ;         ;         ;         ;         ;         ;         ;         ;         ;         ;585.073;1940.44;3906.22;6453.59;11800;23400.4;41744.7;66829;96975.5;133881;180526;223993;334177;410436;497047;580708;666089;7.59E+05;8.43E+05;8.94E+05;9.01E+05;9.15E+05;9.26E+05;9.31E+05;9.31E+05;9.26E+05;9.17E+05;9.06E+05;9.16E+05;9.24E+05;929233;932261;933582;933464;932060;929488;925843;921201;915619;909141;901832;893736;884891;875338;865117;854242;842722;830571;817816;804482;790581;776135;761164;745690;729740;         ;         ;         ;         ;         ;         ;         ;         ;         ;         ;         ;         ;         ;         ;         
;95% LL;         ;         ;         ;         ;         ;         ;         ;         ;         ;         ;         ;         ;         ;         ;         ;         ;581.765;1932.27;3890.32;6428.95;11682;23096.7;41069.7;65510;94705.1;130554;175384;217791;325736;397896;483937;567265;652275;7.42E+05;8.21E+05;8.65E+05;8.72E+05;8.89E+05;9.00E+05;9.07E+05;9.08E+05;9.05E+05;8.99E+05;8.89E+05;8.99E+05;9.05E+05;909699;912147;913125;912731;911097;908329;904520;899745;894061;887509;880155;872043;863211;853700;843549;832771;821372;809369;796784;783643;769956;755746;741030;725829;710172;         ;         ;         ;         ;         ;         ;         ;         ;         ;         ;         ;         ;         ;         ;         
;95% UL;         ;         ;         ;         ;         ;         ;         ;         ;         ;         ;         ;         ;         ;         ;         ;         ;589.495;1951.48;3925.15;6480.18;11871.9;23588.1;42190.8;67708.9;98437.7;136046;183581;228208;340278;419852;507036;592192;679688;7.76E+05;8.66E+05;9.25E+05;9.32E+05;9.44E+05;9.53E+05;9.56E+05;9.55E+05;9.49E+05;9.38E+05;9.24E+05;9.37E+05;9.46E+05;951456;955257;957345;957795;956988;954973;951841;947670;942516;936599;929568;921709;913063;903674;893711;882995;871604;859555;846874;833589;819713;805268;790274;774753;759050;         ;         ;         ;         ;         ;         ;         ;         ;         ;         ;         ;         ;         ;         ;         
Children who have stopped ART;Mean;         ;         ;         ;         ;         ;         ;         ;         ;         ;         ;         ;         ;         ;         ;         ;         ;71.2098;217.731;419.398;679.974;1512.66;3354.4;5921.84;9084.13;12997.1;18147.9;24697.4;29016.1;34087.7;37032.2;39197.8;40675.4;41101;40771.7;39797.4;37334.8;33332.9;29076;24936.7;21315.6;18714.3;16867.3;15384.6;14079;13075.5;12301.4;11574.3;10979.5;10431.6;9903.01;9403.67;8941.84;8509.05;8102.67;7717.79;7349.64;6995.59;6655.04;6327.85;6010.13;5700.71;5399.51;5106.66;4822.38;4547.36;4282.42;4028.39;3785.86;3555.15;3336.47;3129.93;         ;         ;         ;         ;         ;         ;         ;         ;         ;         ;         ;         ;         ;         ;         
;95% LL;         ;         ;         ;         ;         ;         ;         ;         ;         ;         ;         ;         ;         ;         ;         ;         ;68.609;209.672;404.066;656.155;1470.18;3274.11;5792.22;8900.1;12736.2;17777.6;24173.3;28331.6;33197;36028.1;38117.1;39519;39882.3;39504.3;38471.7;35960.5;32118.2;28053.3;24043.9;20535;17994.2;16198.7;14758.3;13490.1;12500.2;11733.8;11018;10433.8;9899.94;9389.42;8922.11;8496.58;8080;7682.32;7305.76;6953.88;6614.63;6287.58;5972.88;5667.37;5370.23;5081.46;4801.19;4529.66;4267.48;4015.41;3774.2;3544.33;3326.03;3117.93;2921.08;         ;         ;         ;         ;         ;         ;         ;         ;         ;         ;         ;         ;         ;         ;         
;95% UL;         ;         ;         ;         ;         ;         ;         ;         ;         ;         ;         ;         ;         ;         ;         ;         ;73.4749;224.753;432.647;700.792;1549.43;3418.82;6026.89;9239.09;13207.8;18441;25133.1;29568;34806.4;38014.9;40338.1;41964.2;42514.2;42214.2;41251;38903.9;34759.5;30333.4;26059.4;22312.9;19657;17748.2;16235.6;14902.2;13889.2;13111.5;12395.3;11808.3;11262.7;10730.6;10223.1;9752.03;9306.28;8878.83;8477.2;8084.3;7708.93;7353.12;7022.06;6696.74;6376.14;6060.46;5750.08;5445.6;5148.1;4858.95;4579.53;4310.92;4053.91;3809.11;3576.99;         ;         ;         ;         ;         ;         ;         ;         ;         ;         ;         ;         ;         ;         ;         
% of adults on ART;Mean;         ;         ;         ;         ;         ;         ;         ;         ;         ;         ;         ;         ;         ;         ;         ;         ;0.00208933;0.00413018;0.00634351;0.008854;0.0216342;0.0413604;0.0693628;0.104503;0.143303;0.193527;0.255342;0.347993;0.407346;0.447395;0.487223;0.531847;0.584946;0.623096;0.649947;0.678241;0.707383;0.732454;0.755182;0.774399;0.79104;0.804854;0.81643;0.826307;0.831056;0.834694;0.837671;0.840236;0.842531;0.844638;0.846613;0.848491;0.850286;0.851995;0.853613;0.855138;0.856571;0.857913;0.859167;0.860336;0.861424;0.862437;0.863383;0.86427;0.865101;0.865881;0.866616;0.867308;0.867963;0.868582;0.869169;         ;         ;         ;         ;         ;         ;         ;         ;         ;         ;         ;         ;         ;         ;         
;95% LL;         ;         ;         ;         ;         ;         ;         ;         ;         ;         ;         ;         ;         ;         ;         ;         ;0.00199581;0.00396954;0.00612229;0.00857195;0.0210077;0.0402637;0.0676668;0.102132;0.140262;0.189681;0.250558;0.341979;0.400236;0.438927;0.477845;0.521315;0.572776;0.609303;0.634606;0.661159;0.691311;0.719062;0.744462;0.76597;0.784631;0.80012;0.813051;0.824007;0.829161;0.83303;0.836164;0.838796;0.841151;0.843312;0.84531;0.84719;0.848992;0.850704;0.852323;0.853818;0.855215;0.856523;0.857761;0.85894;0.860038;0.86107;0.862035;0.862928;0.863755;0.86453;0.865273;0.865978;0.866633;0.867231;0.867794;         ;         ;         ;         ;         ;         ;         ;         ;         ;         ;         ;         ;         ;         ;         
;95% UL;         ;         ;         ;         ;         ;         ;         ;         ;         ;         ;         ;         ;         ;         ;         ;         ;0.0022516;0.00438967;0.00667269;0.00925697;0.0224461;0.0427759;0.0715959;0.107698;0.147545;0.19896;0.262247;0.356815;0.417364;0.45852;0.498941;0.544164;0.598164;0.637754;0.665603;0.695086;0.722728;0.745226;0.765443;0.782334;0.796889;0.809073;0.819316;0.82815;0.832477;0.83585;0.838707;0.841251;0.843578;0.845701;0.847698;0.849583;0.851386;0.853104;0.854732;0.856296;0.857768;0.859146;0.860435;0.861624;0.86273;0.863774;0.864733;0.86564;0.866501;0.867311;0.868075;0.868798;0.869482;0.870125;0.870733;         ;         ;         ;         ;         ;         ;         ;         ;         ;         ;         ;         ;         ;         ;         
HIV incidence in children as % of births;Mean;5.83E-05;1.20E-04;0.000262397;0.000614288;0.00146863;0.00335716;0.00681355;0.0119404;0.0183475;0.0256609;0.0335421;0.0415925;0.0501626;0.0575307;0.0635642;0.0692753;0.0730374;0.0749836;0.0735703;0.0701054;0.0658907;0.0594359;0.0510871;0.0403187;0.0299546;0.0227632;0.0189057;0.0169843;0.0157248;0.0134599;0.011877;0.0104096;0.0094545;0.00869927;0.00810623;0.00751124;0.00691759;0.00641559;0.00596335;0.00557713;0.00524154;0.0049427;0.0046647;0.00442279;0.00420736;0.00400254;0.00380503;0.00361336;0.003428;0.00324761;0.00307087;0.00289855;0.00273301;0.00257513;0.00242484;0.00228172;0.00214563;0.00201654;0.00189458;0.0017797;0.00167178;0.00157064;0.00147606;0.00138776;0.00130548;0.00122894;0.00115784;0.00109181;0.00103047;0.000973529;0.000920676;         ;         ;         ;         ;         ;         ;         ;         ;         ;         ;         ;         ;         ;         ;         
;95% LL;3.34E-05;7.23E-05;0.00017065;0.0004034;0.00106112;0.00238995;0.00495165;0.0091248;0.0147833;0.0217632;0.0295227;0.0375452;0.0462108;0.0537874;0.0599608;0.065738;0.0698339;0.0720389;0.0707016;0.0673447;0.0634207;0.0573845;0.0495034;0.0390703;0.0291051;0.0221647;0.0184049;0.0165026;0.0152264;0.0130291;0.0114885;0.010063;0.00911263;0.00835362;0.00775173;0.00715641;0.00658417;0.00610896;0.00568328;0.00532125;0.00500707;0.00472652;0.00446414;0.00423276;0.00402396;0.00382439;0.00363091;0.00344297;0.00326121;0.00308431;0.00291111;0.00274251;0.00258087;0.00242705;0.00228146;0.00214352;0.00201255;0.00188865;0.00177262;0.00166334;0.00156068;0.00146375;0.00137339;0.00128908;0.00121061;0.0011377;0.00107003;0.00100725;0.000948974;0.000894922;0.000844762;         ;         ;         ;         ;         ;         ;         ;         ;         ;         ;         ;         ;         ;         ;         
;95% UL;9.79E-05;0.000189268;0.000387054;0.000856902;0.00206298;0.00454106;0.00885438;0.0145416;0.0215101;0.0291811;0.0372143;0.0451317;0.0536227;0.0607732;0.0668146;0.0724823;0.0759469;0.0779706;0.0763196;0.0726441;0.0683084;0.0615803;0.0530862;0.0419336;0.031046;0.0236281;0.019653;0.0176845;0.0164142;0.0140777;0.0124608;0.0109776;0.0100138;0.00925674;0.00867001;0.00807139;0.00743997;0.00690173;0.00642382;0.00601685;0.00566584;0.00535656;0.00504403;0.00478915;0.00456698;0.00435887;0.00415558;0.00395727;0.00377172;0.00358969;0.00340875;0.0032298;0.00305577;0.00288795;0.00272653;0.00257133;0.00242245;0.00228016;0.00214486;0.00201672;0.00189642;0.00178404;0.00167867;0.00158011;0.00148811;0.00140243;0.00132279;0.00124882;0.00118012;0.00111638;0.00105782;         ;         ;         ;         ;         ;         ;         ;         ;         ;         ;         ;         ;         ;         ;         
% of HIV-positive adults interrupting ART;Mean;         ;         ;         ;         ;         ;         ;         ;         ;         ;         ;         ;         ;         ;         ;         ;         ;0.000162684;0.000495258;0.000930127;0.00145291;0.00253965;0.0048477;0.00832259;0.0128379;0.0179578;0.0239149;0.0310982;0.0371639;0.0533838;0.0631913;0.0739195;0.0836191;0.0931423;0.103366;0.112181;0.116496;0.115334;0.115305;0.114767;0.113791;0.112346;0.110548;0.108457;0.106176;0.10667;0.106905;0.10697;0.10692;0.106803;0.106645;0.106462;0.106268;0.106069;0.10587;0.105673;0.105477;0.105287;0.105103;0.104926;0.104758;0.104598;0.104446;0.104299;0.104156;0.104017;0.103881;0.103747;0.103615;0.103483;0.103352;0.103221;         ;         ;         ;         ;         ;         ;         ;         ;         ;         ;         ;         ;         ;         ;         
;95% LL;         ;         ;         ;         ;         ;         ;         ;         ;         ;         ;         ;         ;         ;         ;         ;         ;0.000155401;0.00047743;0.000900253;0.00141107;0.00248278;0.00475884;0.00820437;0.0126321;0.0175941;0.0233786;0.0304133;0.036371;0.0524693;0.0619288;0.0728912;0.082771;0.0924371;0.102558;0.111096;0.114637;0.113554;0.113957;0.113741;0.112987;0.111717;0.110099;0.108002;0.105593;0.106145;0.106405;0.106474;0.106419;0.106317;0.106152;0.105963;0.105763;0.105559;0.105352;0.10515;0.104952;0.104757;0.104559;0.104365;0.104194;0.104027;0.103865;0.103709;0.103559;0.103409;0.103264;0.103121;0.10298;0.102841;0.102702;0.102564;         ;         ;         ;         ;         ;         ;         ;         ;         ;         ;         ;         ;         ;         ;         
;95% UL;         ;         ;         ;         ;         ;         ;         ;         ;         ;         ;         ;         ;         ;         ;         ;         ;0.000175279;0.00052538;0.000974669;0.00151304;0.0026196;0.00496707;0.00847875;0.0130313;0.0182622;0.0243581;0.03165;0.0377536;0.0540727;0.0641417;0.0746954;0.0843;0.0937018;0.104026;0.113128;0.117944;0.116656;0.116379;0.115595;0.114445;0.112817;0.110854;0.108711;0.10654;0.106982;0.107208;0.107266;0.107238;0.107141;0.107;0.106832;0.106651;0.106465;0.106278;0.106092;0.105908;0.105729;0.105556;0.105389;0.10523;0.10508;0.104937;0.104798;0.104663;0.104531;0.104402;0.104275;0.10415;0.104026;0.103901;0.103777;         ;         ;         ;         ;         ;         ;         ;         ;         ;         ;         ;         ;         ;         ;         
% of HIV-positive children interrupting ART;Mean;         ;         ;         ;         ;         ;         ;         ;         ;         ;         ;         ;         ;         ;         ;         ;         ;0.000347391;0.000931178;0.00160621;0.00237683;0.00488726;0.0101446;0.0169531;0.024991;0.0351526;0.0490154;0.0669278;0.0794103;0.0947001;0.105077;0.115058;0.124648;0.132853;0.140231;0.146771;0.149757;0.146921;0.142114;0.136289;0.130555;0.126534;0.12426;0.123379;0.123341;0.125146;0.126849;0.128018;0.129052;0.129807;0.130276;0.130539;0.130703;0.130821;0.130943;0.131081;0.131232;0.131398;0.131583;0.13179;0.131997;0.132194;0.132373;0.132526;0.132648;0.132733;0.132779;0.132785;0.132752;0.13268;0.132571;0.132425;         ;         ;         ;         ;         ;         ;         ;         ;         ;         ;         ;         ;         ;         ;         
;95% LL;         ;         ;         ;         ;         ;         ;         ;         ;         ;         ;         ;         ;         ;         ;         ;         ;0.000335615;0.000904521;0.00156547;0.00232541;0.00478342;0.00994885;0.0166463;0.0245586;0.0345443;0.0482427;0.0659559;0.078435;0.0936766;0.103903;0.113812;0.123327;0.13152;0.138682;0.144811;0.147229;0.144623;0.140407;0.135067;0.129623;0.125828;0.12363;0.12279;0.122722;0.124652;0.126358;0.127494;0.128462;0.129172;0.129615;0.12987;0.130019;0.13011;0.130218;0.130344;0.130485;0.130643;0.130825;0.131032;0.131246;0.13145;0.131671;0.131873;0.131998;0.132076;0.132115;0.132126;0.132093;0.132033;0.131931;0.131795;         ;         ;         ;         ;         ;         ;         ;         ;         ;         ;         ;         ;         ;         ;         
;95% UL;         ;         ;         ;         ;         ;         ;         ;         ;         ;         ;         ;         ;         ;         ;         ;         ;0.0003628;0.00096409;0.00165332;0.00243722;0.00500297;0.0103552;0.0172636;0.0253778;0.035629;0.0495616;0.0675255;0.0799652;0.0954103;0.106053;0.11607;0.125712;0.133976;0.141527;0.148281;0.151545;0.148571;0.143456;0.137339;0.131346;0.127107;0.124714;0.123865;0.123837;0.125568;0.12724;0.128444;0.129483;0.130287;0.13079;0.131067;0.131227;0.131329;0.13144;0.131603;0.131782;0.131987;0.132203;0.132408;0.132623;0.132844;0.133056;0.133229;0.133351;0.133453;0.133531;0.133556;0.133528;0.133458;0.133348;0.133198;         ;         ;         ;         ;         ;         ;         ;         ;         ;         ;         ;         ;         ;         ;         
Births to mothers who were on ART at conception;Mean;         ;         ;         ;         ;         ;         ;         ;         ;         ;         ;         ;         ;         ;         ;         ;284.512;891.46;1576.91;2440.07;5458.66;11602.4;20637.2;32508.4;45310.8;59205.4;77485.8;104117;129548;146269;158058;171812;186868;199077;207063;212311;216413;220540;222532;222307;220123;216302;211164;205125;197642;189651;181597;173688;166035;158637;151491;144559;137772;131052;124360;117685;111033;104425;97894.5;91487.4;85261.1;79276.3;73580.2;68207.5;63177;58497.1;54169.5;50180;46509;43146;40078.1;37288.9;         ;         ;         ;         ;         ;         ;         ;         ;         ;         ;         ;         ;         ;         ;         
;95% LL;         ;         ;         ;         ;         ;         ;         ;         ;         ;         ;         ;         ;         ;         ;         ;270.155;846.354;1497.1;2318.76;5193.43;11049.6;19671.4;31017.3;43279.8;56618.7;74175.4;99833.5;124186;140205;151703;165061;179509;191228;199060;204244;207899;211314;212850;212271;209479;205467;199961;193957;186603;178775;170898;163167;155688;148444;141493;134579;128175;121697;115282;108925;102623;96396.7;90274.3;84292;78498.1;72943.6;67668;62699.6;58030.8;53679.6;49656.3;45948.3;42557;39420.1;36562;33972.7;         ;         ;         ;         ;         ;         ;         ;         ;         ;         ;         ;         ;         ;         ;         
;95% UL;         ;         ;         ;         ;         ;         ;         ;         ;         ;         ;         ;         ;         ;         ;         ;301.214;942.827;1665.54;2575.26;5761.81;12243.2;21757.6;34239.2;47737.9;62380.2;81667.7;109710;136554;154389;166715;181191;197019;209915;218168;223730;228123;232510;234172;235363;234150;231312;226422;220864;213665;205737;197637;189694;181812;174149;166706;159441;152276;145448;138554;131451;124321;117188;110096;103098;96263.8;89666.1;83362.8;77397.7;71894.9;66759.7;61991.9;57580.4;53508.3;49768;46348.6;43234.5;         ;         ;         ;         ;         ;         ;         ;         ;         ;         ;         ;         ;         ;         ;         
Births to mothers who were ever on ART before conception;Mean;         ;         ;         ;         ;         ;         ;         ;         ;         ;         ;         ;         ;         ;         ;         ;293.31;956.029;1727.79;2706.86;5892.29;12492.5;22280;35172.3;49092.3;64078.3;83760.3;111692;141205;160932;175479;192020;209876;225441;236465;242941;246236;249846;251111;249935;246614;241533;235053;227644;219432;210690;201836;193107;184633;176417;168460;160727;153145;145632;138151;130692;123264;115892;108615;101482;94558.9;87910.5;81588.3;75629.3;70053;64868;60075.7;55659.3;51596.9;47876;44481.7;41395.2;         ;         ;         ;         ;         ;         ;         ;         ;         ;         ;         ;         ;         ;         ;         
;95% LL;         ;         ;         ;         ;         ;         ;         ;         ;         ;         ;         ;         ;         ;         ;         ;278.486;907.641;1640.59;2572.9;5607.46;11900.3;21242.3;33565.2;46896.9;61277.5;80183.5;107039;135340;154383;168439;184366;201556;216524;227109;233304;236210;239379;240152;238299;234649;229396;222543;215222;207149;198582;189921;181387;173106;165033;157328;149656;142467;135227;128052;120956;113917;106985;100149;93491.7;87050.4;80881.3;75026.6;69516.4;64336.2;59515.9;55061.2;50967.4;47214;43735.4;40572.7;37708;         ;         ;         ;         ;         ;         ;         ;         ;         ;         ;         ;         ;         ;         ;         
;95% UL;         ;         ;         ;         ;         ;         ;         ;         ;         ;         ;         ;         ;         ;         ;         ;310.502;1010.8;1824.18;2856.21;6216.98;13183.5;23475.6;37001.7;51649.1;67420.5;88140.9;117500;148488;169263;184663;202156;221012;237473;249002;255740;258892;262854;264282;264774;262670;258394;252085;245097;237222;228578;219692;210977;202251;193742;185452;177343;169333;161680;153964;146022;138055;130094;122186;114392;106789;99456.4;92457.7;85839.2;79728.9;74038.2;68757.4;63873.3;59366.6;55227.9;51444.6;47998.7;         ;         ;         ;         ;         ;         ;         ;         ;         ;         ;         ;         ;         ;         ;         
% of births to HIV+ mothers previously on ART (15-19);Mean;         ;         ;         ;         ;         ;         ;         ;         ;         ;         ;         ;         ;         ;         ;         ;         ;         ;         ;         ;         ;         ;         ;         ;         ;         ;         ;         ;         ;         ;         ;         ;         ;         ;         ;         ;         ;         ;         ;         ;         ;         ;         ;         ;         ;         ;         ;         ;         ;         ;         ;         ;         ;         ;         ;         ;         ;         ;         ;         ;         ;         ;         ;         ;         ;         ;         ;         ;         ;         ;         ;         ;         ;         ;         ;         ;         ;         ;         ;         ;         ;         ;         ;         ;         ;         ;         
;95% LL;         ;         ;         ;         ;         ;         ;         ;         ;         ;         ;         ;         ;         ;         ;         ;         ;         ;         ;         ;         ;         ;         ;         ;         ;         ;         ;         ;         ;         ;         ;         ;         ;         ;         ;         ;         ;         ;         ;         ;         ;         ;         ;         ;         ;         ;         ;         ;         ;         ;         ;         ;         ;         ;         ;         ;         ;         ;         ;         ;         ;         ;         ;         ;         ;         ;         ;         ;         ;         ;         ;         ;         ;         ;         ;         ;         ;         ;         ;         ;         ;         ;         ;         ;         ;         ;         
;95% UL;         ;         ;         ;         ;         ;         ;         ;         ;         ;         ;         ;         ;         ;         ;         ;         ;         ;         ;         ;         ;         ;         ;         ;         ;         ;         ;         ;         ;         ;         ;         ;         ;         ;         ;         ;         ;         ;         ;         ;         ;         ;         ;         ;         ;         ;         ;         ;         ;         ;         ;         ;         ;         ;         ;         ;         ;         ;         ;         ;         ;         ;         ;         ;         ;         ;         ;         ;         ;         ;         ;         ;         ;         ;         ;         ;         ;         ;         ;         ;         ;         ;         ;         ;         ;         ;         
% of births to HIV+ mothers previously on ART (20-24);Mean;         ;         ;         ;         ;         ;         ;         ;         ;         ;         ;         ;         ;         ;         ;         ;         ;         ;         ;         ;         ;         ;         ;         ;         ;         ;         ;         ;         ;         ;         ;         ;         ;         ;         ;         ;         ;         ;         ;         ;         ;         ;         ;         ;         ;         ;         ;         ;         ;         ;         ;         ;         ;         ;         ;         ;         ;         ;         ;         ;         ;         ;         ;         ;         ;         ;         ;         ;         ;         ;         ;         ;         ;         ;         ;         ;         ;         ;         ;         ;         ;         ;         ;         ;         ;         ;         
;95% LL;         ;         ;         ;         ;         ;         ;         ;         ;         ;         ;         ;         ;         ;         ;         ;         ;         ;         ;         ;         ;         ;         ;         ;         ;         ;         ;         ;         ;         ;         ;         ;         ;         ;         ;         ;         ;         ;         ;         ;         ;         ;         ;         ;         ;         ;         ;         ;         ;         ;         ;         ;         ;         ;         ;         ;         ;         ;         ;         ;         ;         ;         ;         ;         ;         ;         ;         ;         ;         ;         ;         ;         ;         ;         ;         ;         ;         ;         ;         ;         ;         ;         ;         ;         ;         ;         
;95% UL;         ;         ;         ;         ;         ;         ;         ;         ;         ;         ;         ;         ;         ;         ;         ;         ;         ;         ;         ;         ;         ;         ;         ;         ;         ;         ;         ;         ;         ;         ;         ;         ;         ;         ;         ;         ;         ;         ;         ;         ;         ;         ;         ;         ;         ;         ;         ;         ;         ;         ;         ;         ;         ;         ;         ;         ;         ;         ;         ;         ;         ;         ;         ;         ;         ;         ;         ;         ;         ;         ;         ;         ;         ;         ;         ;         ;         ;         ;         ;         ;         ;         ;         ;         ;         ;         
% of births to HIV+ mothers previously on ART (25-29);Mean;         ;         ;         ;         ;         ;         ;         ;         ;         ;         ;         ;         ;         ;         ;         ;         ;         ;         ;         ;         ;         ;         ;         ;         ;         ;         ;         ;         ;         ;         ;         ;         ;         ;         ;         ;         ;         ;         ;         ;         ;         ;         ;         ;         ;         ;         ;         ;         ;         ;         ;         ;         ;         ;         ;         ;         ;         ;         ;         ;         ;         ;         ;         ;         ;         ;         ;         ;         ;         ;         ;         ;         ;         ;         ;         ;         ;         ;         ;         ;         ;         ;         ;         ;         ;         ;         
;95% LL;         ;         ;         ;         ;         ;         ;         ;         ;         ;         ;         ;         ;         ;         ;         ;         ;         ;         ;         ;         ;         ;         ;         ;         ;         ;         ;         ;         ;         ;         ;         ;         ;         ;         ;         ;         ;         ;         ;         ;         ;         ;         ;         ;         ;         ;         ;         ;         ;         ;         ;         ;         ;         ;         ;         ;         ;         ;         ;         ;         ;         ;         ;         ;         ;         ;         ;         ;         ;         ;         ;         ;         ;         ;         ;         ;         ;         ;         ;         ;         ;         ;         ;         ;         ;         ;         
;95% UL;         ;         ;         ;         ;         ;         ;         ;         ;         ;         ;         ;         ;         ;         ;         ;         ;         ;         ;         ;         ;         ;         ;         ;         ;         ;         ;         ;         ;         ;         ;         ;         ;         ;         ;         ;         ;         ;         ;         ;         ;         ;         ;         ;         ;         ;         ;         ;         ;         ;         ;         ;         ;         ;         ;         ;         ;         ;         ;         ;         ;         ;         ;         ;         ;         ;         ;         ;         ;         ;         ;         ;         ;         ;         ;         ;         ;         ;         ;         ;         ;         ;         ;         ;         ;         ;         
% of births to HIV+ mothers previously on ART (30-34);Mean;         ;         ;         ;         ;         ;         ;         ;         ;         ;         ;         ;         ;         ;         ;         ;         ;         ;         ;         ;         ;         ;         ;         ;         ;         ;         ;         ;         ;         ;         ;         ;         ;         ;         ;         ;         ;         ;         ;         ;         ;         ;         ;         ;         ;         ;         ;         ;         ;         ;         ;         ;         ;         ;         ;         ;         ;         ;         ;         ;         ;         ;         ;         ;         ;         ;         ;         ;         ;         ;         ;         ;         ;         ;         ;         ;         ;         ;         ;         ;         ;         ;         ;         ;         ;         ;         
;95% LL;         ;         ;         ;         ;         ;         ;         ;         ;         ;         ;         ;         ;         ;         ;         ;         ;         ;         ;         ;         ;         ;         ;         ;         ;         ;         ;         ;         ;         ;         ;         ;         ;         ;         ;         ;         ;         ;         ;         ;         ;         ;         ;         ;         ;         ;         ;         ;         ;         ;         ;         ;         ;         ;         ;         ;         ;         ;         ;         ;         ;         ;         ;         ;         ;         ;         ;         ;         ;         ;         ;         ;         ;         ;         ;         ;         ;         ;         ;         ;         ;         ;         ;         ;         ;         ;         
;95% UL;         ;         ;         ;         ;         ;         ;         ;         ;         ;         ;         ;         ;         ;         ;         ;         ;         ;         ;         ;         ;         ;         ;         ;         ;         ;         ;         ;         ;         ;         ;         ;         ;         ;         ;         ;         ;         ;         ;         ;         ;         ;         ;         ;         ;         ;         ;         ;         ;         ;         ;         ;         ;         ;         ;         ;         ;         ;         ;         ;         ;         ;         ;         ;         ;         ;         ;         ;         ;         ;         ;         ;         ;         ;         ;         ;         ;         ;         ;         ;         ;         ;         ;         ;         ;         ;         
% of births to HIV+ mothers previously on ART (35-39);Mean;         ;         ;         ;         ;         ;         ;         ;         ;         ;         ;         ;         ;         ;         ;         ;         ;         ;         ;         ;         ;         ;         ;         ;         ;         ;         ;         ;         ;         ;         ;         ;         ;         ;         ;         ;         ;         ;         ;         ;         ;         ;         ;         ;         ;         ;         ;         ;         ;         ;         ;         ;         ;         ;         ;         ;         ;         ;         ;         ;         ;         ;         ;         ;         ;         ;         ;         ;         ;         ;         ;         ;         ;         ;         ;         ;         ;         ;         ;         ;         ;         ;         ;         ;         ;         ;         
;95% LL;         ;         ;         ;         ;         ;         ;         ;         ;         ;         ;         ;         ;         ;         ;         ;         ;         ;         ;         ;         ;         ;         ;         ;         ;         ;         ;         ;         ;         ;         ;         ;         ;         ;         ;         ;         ;         ;         ;         ;         ;         ;         ;         ;         ;         ;         ;         ;         ;         ;         ;         ;         ;         ;         ;         ;         ;         ;         ;         ;         ;         ;         ;         ;         ;         ;         ;         ;         ;         ;         ;         ;         ;         ;         ;         ;         ;         ;         ;         ;         ;         ;         ;         ;         ;         ;         
;95% UL;         ;         ;         ;         ;         ;         ;         ;         ;         ;         ;         ;         ;         ;         ;         ;         ;         ;         ;         ;         ;         ;         ;         ;         ;         ;         ;         ;         ;         ;         ;         ;         ;         ;         ;         ;         ;         ;         ;         ;         ;         ;         ;         ;         ;         ;         ;         ;         ;         ;         ;         ;         ;         ;         ;         ;         ;         ;         ;         ;         ;         ;         ;         ;         ;         ;         ;         ;         ;         ;         ;         ;         ;         ;         ;         ;         ;         ;         ;         ;         ;         ;         ;         ;         ;         ;         
HIV prevalence in MSM aged 15-49;Mean;0.000293934;0.000482657;0.000903176;0.00169542;0.00319562;0.00608079;0.0116412;0.0222613;0.0406145;0.0684138;0.10477;0.145996;0.186979;0.224349;0.256085;0.281465;0.300534;0.314455;0.323594;0.329007;0.33159;0.332333;0.331844;0.330872;0.329788;0.328469;0.327027;0.32503;0.323324;0.321872;0.320356;0.318794;0.316435;0.312163;0.306457;0.299877;0.292806;0.285546;0.277968;0.270079;0.262137;0.254273;0.24652;0.238878;0.231358;0.223929;0.216587;0.209339;0.202247;0.195326;0.188591;0.182044;0.175702;0.169564;0.163624;0.157878;0.152317;0.146938;0.141741;0.136727;0.131899;0.127267;0.122839;0.118613;0.114565;0.110673;0.106905;0.103238;0.0996488;0.0961383;0.0927136;         ;         ;         ;         ;         ;         ;         ;         ;         ;         ;         ;         ;         ;         ;         
;95% LL;1.70E-04;0.000276839;0.000513973;0.000954617;0.00175832;0.00334776;0.00660518;0.013361;0.0261074;0.0472822;0.0778512;0.116059;0.157473;0.19792;0.234187;0.264549;0.287496;0.304217;0.31573;0.321989;0.324531;0.324072;0.323396;0.322399;0.321081;0.319678;0.318412;0.316432;0.314866;0.31356;0.312163;0.310807;0.308655;0.304486;0.298861;0.29236;0.285528;0.278492;0.271139;0.263377;0.255522;0.247917;0.24045;0.233123;0.225878;0.218709;0.211635;0.204587;0.197696;0.190977;0.184443;0.178095;0.171899;0.165973;0.160089;0.154478;0.148864;0.143542;0.138453;0.133419;0.128598;0.123904;0.119359;0.115064;0.111042;0.107173;0.103426;0.0997753;0.0961991;0.0926986;0.0892819;         ;         ;         ;         ;         ;         ;         ;         ;         ;         ;         ;         ;         ;         ;         
;95% UL;0.00049343;0.000824984;0.00161256;0.00309855;0.00589657;0.0111609;0.0206775;0.0374175;0.0649372;0.103251;0.146532;0.190029;0.228449;0.260784;0.285609;0.30416;0.316793;0.326103;0.331461;0.335371;0.337306;0.338144;0.337562;0.336394;0.335386;0.33447;0.333225;0.331298;0.329611;0.32815;0.326591;0.324941;0.322534;0.318325;0.312721;0.306227;0.299187;0.291907;0.28428;0.276317;0.268272;0.260271;0.252341;0.244485;0.236722;0.229026;0.2214;0.213852;0.206447;0.199206;0.192144;0.185266;0.178594;0.17214;0.166331;0.160569;0.155081;0.149984;0.144932;0.140018;0.13557;0.131359;0.127332;0.123323;0.119403;0.115677;0.112112;0.108642;0.105246;0.101923;0.0986785;         ;         ;         ;         ;         ;         ;         ;         ;         ;         ;         ;         ;         ;         ;         
% of males aged 15-24 who are circumcised;Mean;0.255956;0.255794;0.25527;0.254461;0.253562;0.252805;0.252344;0.252954;0.253927;0.255015;0.255921;0.256456;0.25579;0.254863;0.253936;0.253301;0.252957;0.253354;0.254164;0.255243;0.256388;0.257459;0.258544;0.259421;0.26071;0.262233;0.274572;0.307819;0.352076;0.392275;0.448362;0.50451;0.551551;0.598495;0.643674;0.674076;0.686413;0.69996;0.707356;0.709143;0.708586;0.710825;0.712973;0.714909;0.715808;0.716042;0.71666;0.717273;0.718375;0.720454;0.722836;0.723847;0.724555;0.724866;0.724861;0.724608;0.724264;0.723952;0.723816;0.723722;0.723686;0.723751;0.723863;0.723945;0.723991;0.724011;0.724017;0.724023;0.724046;0.724097;0.724183;         ;         ;         ;         ;         ;         ;         ;         ;         ;         ;         ;         ;         ;         ;         
;95% LL;0.255956;0.255794;0.25527;0.254461;0.253562;0.252805;0.252344;0.252954;0.253926;0.255014;0.25592;0.256454;0.255787;0.25486;0.253934;0.253299;0.252955;0.253353;0.254163;0.255241;0.256381;0.257445;0.258518;0.259378;0.260645;0.262149;0.274436;0.307544;0.351569;0.391539;0.447341;0.503211;0.550043;0.596803;0.641853;0.672093;0.684256;0.697682;0.704984;0.706891;0.706523;0.70899;0.711397;0.713644;0.714803;0.715223;0.716038;0.716811;0.718061;0.720213;0.722634;0.723657;0.724353;0.724646;0.724618;0.72433;0.723957;0.723615;0.723472;0.723383;0.723374;0.723477;0.723618;0.723718;0.723798;0.723837;0.723853;0.723869;0.7239;0.723959;0.724054;         ;         ;         ;         ;         ;         ;         ;         ;         ;         ;         ;         ;         ;         ;         
;95% UL;0.255956;0.255794;0.25527;0.254461;0.253562;0.252805;0.252344;0.252954;0.253927;0.255015;0.255922;0.256457;0.255791;0.254865;0.253938;0.253303;0.252958;0.253355;0.254165;0.255246;0.256396;0.257476;0.258573;0.259464;0.260769;0.262301;0.274682;0.308025;0.352415;0.392778;0.449081;0.505448;0.55268;0.599798;0.645119;0.675638;0.688104;0.701736;0.70921;0.710891;0.710176;0.712238;0.714183;0.715889;0.716595;0.716659;0.717122;0.717598;0.718574;0.720599;0.722963;0.723982;0.724699;0.725029;0.725035;0.724799;0.724476;0.724177;0.724039;0.723936;0.723883;0.723928;0.724016;0.72407;0.72409;0.724096;0.724096;0.724092;0.72411;0.724156;0.724239;         ;         ;         ;         ;         ;         ;         ;         ;         ;         ;         ;         ;         ;         ;         
% of males aged 15+ who are circumcised;Mean;0.361973;0.362544;0.362902;0.363072;0.363121;0.363139;0.363193;0.363347;0.363714;0.364212;0.364741;0.365244;0.365301;0.365266;0.365248;0.365349;0.365507;0.366264;0.367225;0.368351;0.369634;0.371031;0.372261;0.373566;0.375204;0.377004;0.383448;0.398247;0.417428;0.434578;0.458558;0.4832;0.505107;0.528982;0.553888;0.573385;0.584863;0.600077;0.614051;0.626865;0.639015;0.651436;0.663385;0.674838;0.685787;0.696274;0.706323;0.715994;0.725294;0.734178;0.742654;0.750745;0.758457;0.765787;0.772758;0.779394;0.785719;0.791759;0.797538;0.803078;0.808399;0.813516;0.818444;0.823194;0.827782;0.832218;0.836514;0.840676;0.844712;0.848629;0.852432;         ;         ;         ;         ;         ;         ;         ;         ;         ;         ;         ;         ;         ;         ;         
;95% LL;0.361973;0.362544;0.362902;0.363072;0.36312;0.363139;0.363191;0.363343;0.363703;0.364186;0.364691;0.365155;0.365166;0.36508;0.365007;0.365052;0.36516;0.365872;0.366798;0.367898;0.369165;0.370548;0.371767;0.373076;0.374716;0.376507;0.382902;0.397601;0.416661;0.433676;0.457473;0.481934;0.503718;0.527469;0.552258;0.571623;0.583009;0.598137;0.612039;0.62491;0.637154;0.649661;0.661711;0.673274;0.684282;0.69482;0.704929;0.714672;0.724041;0.732979;0.741518;0.749677;0.757445;0.764822;0.771841;0.778517;0.78488;0.790956;0.796769;0.802344;0.807701;0.812853;0.817814;0.822583;0.82719;0.831644;0.835965;0.84015;0.84421;0.848153;0.85198;         ;         ;         ;         ;         ;         ;         ;         ;         ;         ;         ;         ;         ;         ;         
;95% UL;0.361973;0.362544;0.362902;0.363072;0.363121;0.36314;0.363195;0.363353;0.363728;0.364241;0.364791;0.365323;0.365414;0.365416;0.365422;0.36555;0.365731;0.36651;0.367483;0.368614;0.369901;0.371304;0.372539;0.373851;0.375495;0.377302;0.383775;0.398641;0.417898;0.435137;0.459245;0.484024;0.50606;0.530063;0.555094;0.574707;0.586287;0.601583;0.615626;0.628394;0.640475;0.652821;0.664686;0.676045;0.686907;0.697313;0.707286;0.716886;0.726122;0.734945;0.743363;0.751401;0.759064;0.766351;0.773292;0.779916;0.78623;0.792259;0.798027;0.803553;0.808855;0.813956;0.818868;0.823602;0.828173;0.832593;0.836873;0.841019;0.845047;0.848947;0.852729;         ;         ;         ;         ;         ;         ;         ;         ;         ;         ;         ;         ;         ;         ;         
Annual probability of MMC among males 10-14;Mean;         ;         ;         ;         ;         ;         ;         ;         ;         ;         ;         ;         ;         ;         ;         ;         ;         ;         ;         ;         ;         ;         ;         ;0.00168659;0.00298721;0.0428463;0.116882;0.151893;0.12913;0.208051;0.229766;0.213359;0.270159;0.31769;0.241336;0.0798707;0.196208;0.201784;0.208;0.208;0.208;0.208;0.208;0.208;0.208;0.208;0.208;0.208;0.208;0.208;0.208;0.208;0.208;0.208;0.208;0.208;0.208;0.208;0.208;0.208;0.208;0.208;0.208;0.208;0.208;0.208;0.208;0.208;0.208;0.208;0.208;         ;         ;         ;         ;         ;         ;         ;         ;         ;         ;         ;         ;         ;         ;         
;95% LL;         ;         ;         ;         ;         ;         ;         ;         ;         ;         ;         ;         ;         ;         ;         ;         ;         ;         ;         ;         ;         ;         ;         ;0.00167601;0.00296791;0.0425623;0.116056;0.150692;0.127989;0.206105;0.227378;0.21091;0.266885;0.313528;0.237802;0.0786507;0.193471;0.19896;0.208;0.208;0.208;0.208;0.208;0.208;0.208;0.208;0.208;0.208;0.208;0.208;0.208;0.208;0.208;0.208;0.208;0.208;0.208;0.208;0.208;0.208;0.208;0.208;0.208;0.208;0.208;0.208;0.208;0.208;0.208;0.208;0.208;         ;         ;         ;         ;         ;         ;         ;         ;         ;         ;         ;         ;         ;         ;         
;95% UL;         ;         ;         ;         ;         ;         ;         ;         ;         ;         ;         ;         ;         ;         ;         ;         ;         ;         ;         ;         ;         ;         ;         ;0.00169459;0.00300147;0.0430529;0.117474;0.152753;0.129957;0.209495;0.231575;0.215245;0.272738;0.321064;0.244239;0.0808687;0.198439;0.204124;0.208;0.208;0.208;0.208;0.208;0.208;0.208;0.208;0.208;0.208;0.208;0.208;0.208;0.208;0.208;0.208;0.208;0.208;0.208;0.208;0.208;0.208;0.208;0.208;0.208;0.208;0.208;0.208;0.208;0.208;0.208;0.208;0.208;         ;         ;         ;         ;         ;         ;         ;         ;         ;         ;         ;         ;         ;         ;         
% of children tested at 18 months who are positive;Mean;         ;         ;         ;         ;         ;         ;         ;         ;         ;         ;         ;         ;         ;         ;         ;         ;         ;         ;         ;         ;         ;         ;         ;0.066395;0.0349165;0.0278018;0.0219478;0.0183538;0.0169546;0.015584;0.013212;0.0118829;0.0109786;0.00958944;0.0084088;0.00744096;0.0071477;0.00637262;0.00622065;0.00600236;0.00582023;0.0056627;0.00551916;0.00538424;0.00526319;0.00515337;0.00504834;0.00494672;0.00484781;0.00475124;0.00465647;0.00456317;0.00447252;0.00438608;0.00430426;0.00422692;0.00415378;0.00408472;0.0040197;0.00395868;0.00390153;0.0038481;0.00379822;0.00375169;0.00370835;0.003668;0.00363047;0.00359559;0.00356314;0.00353294;0.00350482;         ;         ;         ;         ;         ;         ;         ;         ;         ;         ;         ;         ;         ;         ;         
;95% LL;         ;         ;         ;         ;         ;         ;         ;         ;         ;         ;         ;         ;         ;         ;         ;         ;         ;         ;         ;         ;         ;         ;         ;0.0646556;0.034056;0.0271873;0.0214853;0.0179917;0.0166017;0.0152425;0.0129236;0.0116045;0.0107014;0.00933672;0.00818162;0.00723736;0.00694375;0.00620521;0.00606408;0.00586409;0.00569408;0.00554643;0.00541097;0.00528277;0.00516674;0.00505969;0.00495617;0.00485595;0.00475847;0.00466348;0.00457052;0.00447933;0.00439102;0.00430702;0.00422769;0.00415288;0.00408344;0.00401828;0.00395687;0.00389871;0.00384354;0.00379161;0.00374321;0.0036985;0.00365755;0.00361941;0.00358351;0.00355017;0.0035192;0.00349041;0.00346361;         ;         ;         ;         ;         ;         ;         ;         ;         ;         ;         ;         ;         ;         ;         
;95% UL;         ;         ;         ;         ;         ;         ;         ;         ;         ;         ;         ;         ;         ;         ;         ;         ;         ;         ;         ;         ;         ;         ;         ;0.068652;0.0360078;0.0286784;0.0225879;0.0189098;0.01751;0.0161135;0.0136779;0.0123229;0.0114118;0.00997564;0.00875555;0.0077468;0.00745207;0.00663264;0.00647683;0.00624829;0.00605842;0.00588272;0.00571925;0.00557117;0.00544592;0.00533631;0.00523165;0.00513005;0.00503058;0.00493154;0.00483495;0.0047383;0.00464302;0.00455108;0.00446314;0.0043792;0.00429911;0.00422291;0.0041507;0.00408256;0.00401849;0.0039584;0.00390222;0.00385124;0.00380371;0.00375945;0.00371827;0.00367998;0.00364435;0.00361117;0.00358026;         ;         ;         ;         ;         ;         ;         ;         ;         ;         ;         ;         ;         ;         ;         
% of children tested at 19-59 months who are positive;Mean;         ;         ;         ;         ;         ;         ;0.0064058;0.010024;0.0160413;0.0245358;0.0348995;0.0462511;0.0578439;0.0692241;0.0795963;0.0890495;0.0980851;0.106691;0.114943;0.121432;0.122289;0.125775;0.130851;0.121556;0.0872101;0.0621228;0.049249;0.0397325;0.0333579;0.0280984;0.0199709;0.0132817;0.0107572;0.00967095;0.00872715;0.00859002;0.00801724;0.00717593;0.00658706;0.00621769;0.00594664;0.00573308;0.00555125;0.00539733;0.0052652;0.00514797;0.00504091;0.00494075;0.00484497;0.00475206;0.00466137;0.00457244;0.00448525;0.00440044;0.0043189;0.0042413;0.00416784;0.00409844;0.00403296;0.0039713;0.00391338;0.00385911;0.00380834;0.00376092;0.00371667;0.00367543;0.00363701;0.00360127;0.00356801;0.00353706;0.00350826;         ;         ;         ;         ;         ;         ;         ;         ;         ;         ;         ;         ;         ;         ;         
;95% LL;         ;         ;         ;         ;         ;         ;0.00547243;0.00811326;0.012685;0.0195603;0.028659;0.0392632;0.0507663;0.0625345;0.0729693;0.083271;0.0926433;0.101544;0.110007;0.117037;0.118071;0.121432;0.126866;0.11825;0.0849545;0.0605387;0.0480405;0.0388616;0.0326076;0.02745;0.0195304;0.0129935;0.0105188;0.00943865;0.00850614;0.00835543;0.0077907;0.00697574;0.00641023;0.00605948;0.00580528;0.00560878;0.00543726;0.0052921;0.00516685;0.00505481;0.00495159;0.0048539;0.00475955;0.00466802;0.0045788;0.00449153;0.00440623;0.00432351;0.00424422;0.00416893;0.00409783;0.00403194;0.00397006;0.00391188;0.00385661;0.00380452;0.00375512;0.00370906;0.0036664;0.00362702;0.00359039;0.00355634;0.00352471;0.00349526;0.00346778;         ;         ;         ;         ;         ;         ;         ;         ;         ;         ;         ;         ;         ;         ;         
;95% UL;         ;         ;         ;         ;         ;         ;0.00771;0.0123574;0.0197794;0.0295581;0.0405108;0.0524364;0.0641157;0.0755083;0.0851229;0.0941388;0.102797;0.111409;0.119277;0.125782;0.126304;0.129678;0.134695;0.125105;0.0901381;0.0641385;0.0508389;0.0410392;0.0344155;0.0290499;0.0206828;0.0137517;0.0111461;0.0100372;0.00906829;0.00894814;0.00835817;0.00747393;0.00685689;0.00647095;0.00618707;0.00596361;0.00576928;0.00559472;0.0054442;0.00532089;0.00521215;0.00511198;0.00501621;0.00492289;0.00483041;0.00473788;0.00464805;0.00455942;0.00447311;0.00439003;0.0043106;0.00423488;0.00416286;0.00409459;0.0040301;0.00396939;0.00391242;0.00385929;0.00381084;0.00376566;0.00372355;0.00368435;0.00364787;0.00361391;0.00358229;         ;         ;         ;         ;         ;         ;         ;         ;         ;         ;         ;         ;         ;         ;         
% of children tested at 5-14 years who are positive;Mean;0.490665;0.599804;0.609876;0.604631;0.601789;0.604639;0.00321983;0.00344192;0.00383884;0.00451308;0.00560655;0.0072493;0.00950524;0.0123296;0.0156207;0.0192442;0.02319;0.0273618;0.0318013;0.0372162;0.0447379;0.0560683;0.0680551;0.072229;0.0628879;0.06854;0.0791182;0.0755116;0.0827607;0.0710093;0.0441233;0.027491;0.0205033;0.0165082;0.0134515;0.0129556;0.0106417;0.00892079;0.00789631;0.00720212;0.00661459;0.00614885;0.00574417;0.00540103;0.00511913;0.00489498;0.00470774;0.00455539;0.00442864;0.00432117;0.00423013;0.00415142;0.00408132;0.00401857;0.0039609;0.00390709;0.00385667;0.00380915;0.00376405;0.00372107;0.00368008;0.00364105;0.00360396;0.00356881;0.00353561;0.00350433;0.00347495;0.00344739;0.00342157;0.00339739;0.00337476;         ;         ;         ;         ;         ;         ;         ;         ;         ;         ;         ;         ;         ;         ;         
;95% LL;0.488814;0.595613;0.601824;0.594386;0.591499;0.596327;0.0031513;0.00331302;0.00359757;0.00409919;0.00493612;0.00620184;0.00802799;0.0104495;0.0133222;0.0167412;0.0205822;0.0247475;0.0292217;0.0345448;0.0417051;0.0524385;0.0642997;0.0690392;0.060484;0.06597;0.076431;0.0732159;0.0805005;0.0692384;0.043056;0.0268609;0.0200677;0.0161717;0.0131522;0.0126701;0.0104042;0.00873507;0.00773386;0.00705152;0.0064818;0.00603104;0.00563748;0.00530335;0.00502995;0.00481377;0.00463401;0.00448858;0.00436817;0.00426644;0.00418057;0.00410446;0.00403614;0.00397497;0.00391777;0.00386433;0.00381425;0.00376918;0.00372623;0.00368476;0.00364513;0.00360737;0.00357124;0.00353713;0.00350501;0.00347484;0.00344658;0.00342013;0.00339539;0.00337222;0.00334977;         ;         ;         ;         ;         ;         ;         ;         ;         ;         ;         ;         ;         ;         ;         
;95% UL;0.492749;0.603801;0.617272;0.614107;0.611902;0.613052;0.00329293;0.00358271;0.00409424;0.00496222;0.00631677;0.00839826;0.010986;0.0141062;0.0176301;0.0213843;0.0254319;0.029592;0.034032;0.0395689;0.0473565;0.0590448;0.0710379;0.0749487;0.0649917;0.0707263;0.081572;0.0774887;0.0847211;0.0726736;0.0452958;0.0282257;0.0210359;0.0169466;0.0138081;0.0133172;0.0109242;0.00915779;0.00810274;0.00739223;0.00678351;0.00630362;0.00588418;0.00552542;0.00523045;0.00499647;0.00480101;0.00464529;0.00451284;0.00440269;0.00430904;0.00423164;0.00416274;0.00409732;0.00403524;0.00397935;0.00392895;0.00387977;0.00383331;0.00378869;0.00374581;0.00370468;0.00366534;0.00362784;0.00359221;0.00355849;0.00352669;0.00349704;0.00346928;0.00344323;0.00341882;         ;         ;         ;         ;         ;         ;         ;         ;         ;         ;         ;         ;         ;         ;         
% of children on ART who are aged 0-4 years;Mean;         ;         ;         ;         ;         ;         ;         ;         ;         ;         ;         ;         ;         ;         ;         ;         ;0.567972;0.491426;0.419654;0.369565;0.367509;0.358914;0.331059;0.306741;0.310201;0.325554;0.307997;0.268196;0.236159;0.207516;0.188023;0.178376;0.162988;0.14643;0.132669;0.1282;0.122797;0.123768;0.129245;0.137011;0.143756;0.148716;0.153146;0.158266;0.163943;0.166947;0.169558;0.170767;0.171825;0.172894;0.173712;0.174074;0.174049;0.173605;0.172788;0.171684;0.170365;0.168859;0.167175;0.165423;0.163662;0.16194;0.160306;0.158807;0.15748;0.156346;0.15542;0.154711;0.154228;0.153971;0.153933;         ;         ;         ;         ;         ;         ;         ;         ;         ;         ;         ;         ;         ;         ;         
;95% LL;         ;         ;         ;         ;         ;         ;         ;         ;         ;         ;         ;         ;         ;         ;         ;         ;0.552987;0.478797;0.409164;0.360771;0.358014;0.35045;0.323363;0.299614;0.303207;0.318852;0.301836;0.26325;0.232399;0.204691;0.185597;0.176005;0.160579;0.143872;0.130028;0.125333;0.119839;0.120509;0.125565;0.133264;0.140419;0.145898;0.150737;0.156049;0.16149;0.164618;0.166872;0.167833;0.168755;0.169788;0.170665;0.171162;0.171311;0.171069;0.170469;0.169404;0.168062;0.166542;0.16496;0.163265;0.161494;0.159842;0.158279;0.156842;0.155581;0.15447;0.153557;0.152851;0.152327;0.152003;0.151905;         ;         ;         ;         ;         ;         ;         ;         ;         ;         ;         ;         ;         ;         ;         
;95% UL;         ;         ;         ;         ;         ;         ;         ;         ;         ;         ;         ;         ;         ;         ;         ;         ;0.586913;0.507694;0.433211;0.380603;0.379201;0.369157;0.340299;0.315172;0.31804;0.332792;0.314523;0.273678;0.24074;0.211589;0.191529;0.181923;0.166573;0.149979;0.136428;0.132227;0.127213;0.12864;0.134488;0.142375;0.148897;0.153424;0.157361;0.162086;0.167335;0.170536;0.173561;0.175057;0.176172;0.177211;0.177849;0.177909;0.17769;0.177312;0.176695;0.175448;0.174061;0.172406;0.170531;0.168567;0.166664;0.164806;0.162939;0.161301;0.159927;0.15868;0.157611;0.156798;0.156309;0.156059;0.156047;         ;         ;         ;         ;         ;         ;         ;         ;         ;         ;         ;         ;         ;         ;         
% of children on ART who are aged 5-9 years;Mean;         ;         ;         ;         ;         ;         ;         ;         ;         ;         ;         ;         ;         ;         ;         ;         ;0.397102;0.448795;0.488145;0.503484;0.475738;0.463583;0.454511;0.444155;0.420413;0.400437;0.396141;0.404626;0.414452;0.418418;0.409003;0.392276;0.376261;0.353103;0.329575;0.314186;0.308634;0.301279;0.291919;0.282108;0.280395;0.279802;0.287676;0.299383;0.311775;0.318302;0.323825;0.326019;0.327311;0.328814;0.330204;0.331155;0.332008;0.332922;0.333618;0.334065;0.334249;0.334094;0.333523;0.332716;0.331775;0.330774;0.329764;0.328774;0.327808;0.326865;0.325952;0.325093;0.324324;0.323683;0.323199;         ;         ;         ;         ;         ;         ;         ;         ;         ;         ;         ;         ;         ;         ;         
;95% LL;         ;         ;         ;         ;         ;         ;         ;         ;         ;         ;         ;         ;         ;         ;         ;         ;0.382767;0.440606;0.484581;0.499265;0.472413;0.460473;0.451497;0.441493;0.418325;0.398934;0.394422;0.402172;0.411448;0.415098;0.405765;0.389458;0.373916;0.350982;0.327023;0.311432;0.305916;0.298734;0.289489;0.279736;0.27774;0.276704;0.284305;0.29604;0.308706;0.316247;0.322456;0.32499;0.325743;0.32684;0.328001;0.328885;0.329788;0.330832;0.331684;0.332286;0.332611;0.332577;0.332114;0.331421;0.330605;0.329736;0.3288;0.327813;0.32685;0.325929;0.325013;0.324144;0.32336;0.322696;0.322185;         ;         ;         ;         ;         ;         ;         ;         ;         ;         ;         ;         ;         ;         ;         
;95% UL;         ;         ;         ;         ;         ;         ;         ;         ;         ;         ;         ;         ;         ;         ;         ;         ;0.405921;0.453021;0.490846;0.507661;0.479507;0.467371;0.458384;0.447477;0.422905;0.401944;0.397678;0.406679;0.416965;0.421175;0.411901;0.394885;0.379018;0.356035;0.333094;0.317844;0.311842;0.304118;0.29456;0.284862;0.283701;0.28374;0.292023;0.303739;0.315771;0.321652;0.326095;0.327614;0.32923;0.331305;0.332887;0.333763;0.334382;0.335013;0.335772;0.336222;0.336367;0.336255;0.335815;0.335053;0.334095;0.333013;0.331851;0.330659;0.329488;0.328412;0.327371;0.32638;0.325478;0.324736;0.324219;         ;         ;         ;         ;         ;         ;         ;         ;         ;         ;         ;         ;         ;         ;         
% of HIV-positive adults with CD4 of 500+;Mean;1;0.811872;0.777212;0.78755;0.798432;0.80004;0.789398;0.764611;0.727501;0.685172;0.643302;0.604021;0.567515;0.533658;0.502386;0.473656;0.447378;0.423207;0.40142;0.382184;0.36574;0.352508;0.343175;0.337911;0.336895;0.340115;0.348757;0.364946;0.393532;0.42158;0.447102;0.472505;0.493967;0.512488;0.528047;0.542945;0.559274;0.574493;0.589081;0.602443;0.614565;0.625349;0.634772;0.642969;0.648549;0.653078;0.656837;0.660143;0.663149;0.665947;0.668598;0.671133;0.673577;0.67595;0.678263;0.680526;0.68274;0.684911;0.687043;0.689142;0.691212;0.693258;0.695283;0.697293;0.699294;0.701289;0.703283;0.705281;0.707287;0.709303;0.711332;         ;         ;         ;         ;         ;         ;         ;         ;         ;         ;         ;         ;         ;         ;         
;95% LL;1;0.807427;0.758042;0.758269;0.765692;0.767543;0.762598;0.746373;0.71115;0.665589;0.62338;0.585092;0.550654;0.518497;0.488325;0.461318;0.436302;0.413256;0.392492;0.374167;0.358519;0.345982;0.33735;0.332762;0.331988;0.335653;0.34473;0.361229;0.389709;0.417266;0.442257;0.467198;0.488425;0.506279;0.520692;0.53425;0.550558;0.566258;0.581903;0.596363;0.609775;0.621723;0.632141;0.640765;0.646593;0.651276;0.65512;0.658471;0.661498;0.664303;0.66695;0.669476;0.671907;0.674265;0.676562;0.678806;0.681003;0.683157;0.685272;0.687355;0.689411;0.691443;0.693457;0.695457;0.697449;0.699436;0.701424;0.703418;0.70542;0.707433;0.709462;         ;         ;         ;         ;         ;         ;         ;         ;         ;         ;         ;         ;         ;         ;         
;95% UL;1;0.814899;0.791362;0.809579;0.822597;0.821184;0.808101;0.779194;0.744127;0.704004;0.665359;0.628085;0.591682;0.55602;0.523219;0.491592;0.463531;0.437841;0.414587;0.393987;0.376319;0.36228;0.352219;0.346306;0.344703;0.347479;0.3554;0.37087;0.39917;0.42809;0.454364;0.480544;0.502101;0.520963;0.536993;0.553048;0.569435;0.583918;0.597471;0.609434;0.620388;0.63011;0.638621;0.646057;0.651332;0.655521;0.659094;0.66232;0.665263;0.66801;0.670635;0.673197;0.675662;0.67807;0.680396;0.682658;0.684872;0.687043;0.689222;0.691379;0.693504;0.6956;0.697648;0.699654;0.701648;0.703665;0.705695;0.707725;0.709758;0.711797;0.713816;         ;         ;         ;         ;         ;         ;         ;         ;         ;         ;         ;         ;         ;         ;         
% of HIV-positive adults with CD4 of 350-499;Mean;         ;0.15245;0.157254;0.142865;0.135631;0.135677;0.142555;0.156217;0.174023;0.190754;0.20363;0.212627;0.218555;0.222172;0.223917;0.224147;0.223446;0.222025;0.21977;0.216845;0.214855;0.214825;0.216702;0.220114;0.224489;0.231623;0.244687;0.273645;0.287275;0.284118;0.270563;0.255768;0.245854;0.236917;0.229124;0.223489;0.219119;0.215217;0.211448;0.207693;0.204029;0.20055;0.197378;0.194529;0.192152;0.190156;0.188473;0.18701;0.185684;0.184449;0.183278;0.182156;0.181071;0.180016;0.178986;0.17798;0.176998;0.176039;0.175102;0.174185;0.173286;0.172404;0.171536;0.170679;0.169832;0.168992;0.168157;0.167325;0.166494;0.165663;0.164831;         ;         ;         ;         ;         ;         ;         ;         ;         ;         ;         ;         ;         ;         ;         
;95% LL;         ;0.150094;0.148378;0.131074;0.123688;0.125609;0.134574;0.14954;0.166225;0.182606;0.195169;0.206294;0.214219;0.219545;0.222799;0.223369;0.222311;0.220618;0.218241;0.215181;0.213151;0.213033;0.214857;0.218266;0.222717;0.229884;0.242847;0.271275;0.284939;0.282092;0.269258;0.255173;0.245106;0.235898;0.227917;0.222024;0.217196;0.213023;0.209066;0.205423;0.201988;0.198783;0.195852;0.193185;0.190959;0.189051;0.187469;0.186041;0.184745;0.183541;0.182394;0.181277;0.180194;0.179149;0.178134;0.177143;0.176174;0.175228;0.174297;0.173376;0.172473;0.17158;0.170705;0.169846;0.168998;0.168158;0.16731;0.166465;0.165633;0.164808;0.163983;         ;         ;         ;         ;         ;         ;         ;         ;         ;         ;         ;         ;         ;         ;         
;95% UL;         ;0.155932;0.169089;0.15812;0.151019;0.150172;0.153468;0.163759;0.182063;0.198295;0.209253;0.216447;0.220875;0.223371;0.224488;0.224864;0.224699;0.223822;0.221929;0.219152;0.217341;0.217523;0.219639;0.223086;0.227252;0.234295;0.247495;0.277053;0.290665;0.287012;0.272355;0.256602;0.246507;0.237675;0.229994;0.224618;0.220567;0.217041;0.213364;0.209529;0.20569;0.201972;0.198562;0.195544;0.193052;0.190894;0.189183;0.18767;0.186326;0.185081;0.183905;0.182781;0.181698;0.180646;0.179621;0.17862;0.177645;0.176692;0.175762;0.174852;0.173959;0.173082;0.172219;0.171367;0.170523;0.169686;0.168853;0.168022;0.167192;0.166362;0.165529;         ;         ;         ;         ;         ;         ;         ;         ;         ;         ;         ;         ;         ;         ;         
% of HIV-positive adults with CD4 of 200-349;Mean;         ;0.0324345;0.0550986;0.0557577;0.0518719;0.0504807;0.0534725;0.0618983;0.0759166;0.0935424;0.112264;0.130503;0.147658;0.163489;0.177912;0.190879;0.203036;0.213834;0.223075;0.230741;0.24015;0.249974;0.259686;0.26819;0.274158;0.279299;0.277084;0.252722;0.221015;0.201197;0.189599;0.179946;0.170721;0.162772;0.156254;0.150143;0.143626;0.137203;0.131052;0.125516;0.120649;0.116432;0.112845;0.109811;0.107653;0.105962;0.104599;0.103398;0.102306;0.101291;0.100327;0.0994032;0.0985104;0.0976424;0.0967946;0.0959643;0.0951504;0.0943511;0.0935646;0.0927886;0.092022;0.0912643;0.0905142;0.0897701;0.0890305;0.0882944;0.0875597;0.0868255;0.0860904;0.0853538;0.0846149;         ;         ;         ;         ;         ;         ;         ;         ;         ;         ;         ;         ;         ;         ;         
;95% LL;         ;0.0318285;0.0507435;0.0478974;0.0429226;0.0422299;0.0460534;0.0563164;0.0696855;0.0855224;0.102793;0.119509;0.13621;0.152926;0.168727;0.182758;0.195927;0.207741;0.217938;0.226462;0.236651;0.247057;0.257285;0.266066;0.27212;0.277209;0.274427;0.249078;0.216771;0.196679;0.18523;0.175597;0.166548;0.158615;0.152024;0.145703;0.139127;0.132996;0.127355;0.122392;0.118063;0.11432;0.111127;0.10839;0.10641;0.104856;0.103548;0.102387;0.101313;0.100329;0.0993883;0.0984549;0.0975596;0.0966969;0.0958453;0.0950219;0.0942148;0.0934186;0.0926272;0.0918464;0.0910755;0.090326;0.0895746;0.088819;0.0880792;0.0873399;0.0865957;0.0858535;0.0851118;0.0843696;0.0836333;         ;         ;         ;         ;         ;         ;         ;         ;         ;         ;         ;         ;         ;         ;         
;95% UL;         ;0.0333054;0.0611368;0.0664908;0.0644202;0.0630807;0.0645571;0.0700913;0.0826879;0.10203;0.121433;0.139346;0.156032;0.170944;0.184509;0.196939;0.208098;0.217959;0.22651;0.233626;0.242548;0.251992;0.261446;0.269809;0.275716;0.280921;0.278969;0.255216;0.223624;0.203875;0.192605;0.183044;0.173629;0.16569;0.159622;0.154003;0.147694;0.140999;0.134263;0.128071;0.122587;0.117868;0.114031;0.110815;0.108539;0.106779;0.105378;0.104156;0.103053;0.102032;0.101066;0.100142;0.0992506;0.0983843;0.0975384;0.09671;0.0958977;0.0950998;0.0943141;0.0935385;0.0927719;0.0920136;0.0912624;0.0905168;0.0897751;0.0890366;0.088299;0.0875616;0.0868229;0.0860823;0.0853391;         ;         ;         ;         ;         ;         ;         ;         ;         ;         ;         ;         ;         ;         ;         
% of HIV-positive adults with CD4 of <200;Mean;         ;0.00324353;0.0104349;0.0138275;0.0140653;0.0138026;0.0145747;0.0172734;0.0225603;0.0305321;0.0408041;0.052849;0.0662719;0.0806813;0.095785;0.111318;0.12614;0.140935;0.155735;0.17023;0.179255;0.182693;0.180437;0.173785;0.164458;0.148963;0.129472;0.108688;0.0981778;0.0931048;0.0927364;0.091781;0.0894577;0.0878226;0.0865756;0.0834229;0.0779803;0.0730869;0.0684189;0.0643484;0.0607576;0.0576684;0.055005;0.0526911;0.0516456;0.0508037;0.0500914;0.0494493;0.0488605;0.0483129;0.0477973;0.0473084;0.0468414;0.0463919;0.0459557;0.0455295;0.0451111;0.0446986;0.0442902;0.0438842;0.0434793;0.0430741;0.0426671;0.0422572;0.0418434;0.0414247;0.0409999;0.0405683;0.0401287;0.0396802;0.0392223;         ;         ;         ;         ;         ;         ;         ;         ;         ;         ;         ;         ;         ;         ;         
;95% LL;         ;0.00317879;0.00951642;0.01145;0.0107933;0.0103055;0.0112709;0.0145821;0.0195767;0.0268271;0.0359518;0.046504;0.0583198;0.0712601;0.0857841;0.10086;0.115763;0.130858;0.145712;0.160446;0.169607;0.173153;0.171049;0.164657;0.155861;0.141591;0.12329;0.103694;0.0933571;0.0881406;0.088024;0.0873918;0.0854312;0.0839052;0.0825653;0.0791818;0.0740711;0.0697956;0.0658474;0.0624424;0.059389;0.0567202;0.0543735;0.0523201;0.0513322;0.0505177;0.0497957;0.0491605;0.0485478;0.0479862;0.0474609;0.0469577;0.0464731;0.0460067;0.0455548;0.0451172;0.0446877;0.0442643;0.0438453;0.0434291;0.0430143;0.0425993;0.042183;0.041764;0.0413418;0.0409174;0.0404873;0.0400492;0.0396016;0.039146;0.0386815;         ;         ;         ;         ;         ;         ;         ;         ;         ;         ;         ;         ;         ;         ;         
;95% UL;         ;0.00333519;0.0117325;0.0171721;0.0188698;0.0192048;0.0200231;0.0216823;0.0259809;0.0344412;0.045933;0.0590104;0.0733828;0.0881717;0.103457;0.11896;0.133982;0.148933;0.163572;0.177609;0.186289;0.189431;0.186769;0.179855;0.17008;0.153751;0.13369;0.112605;0.101866;0.0967663;0.0961547;0.094898;0.0922533;0.0906492;0.0898743;0.0872964;0.0817201;0.0761482;0.0707452;0.0660388;0.0619355;0.0584594;0.0554935;0.0529948;0.0519103;0.0510543;0.0503413;0.0497039;0.0491229;0.0485846;0.0480792;0.0476009;0.0471444;0.0467053;0.0462794;0.0458631;0.0454544;0.0450512;0.0446518;0.0442546;0.0438581;0.043461;0.0430619;0.0426596;0.0422532;0.0418415;0.0414236;0.0409985;0.0405651;0.0401227;0.0396705;         ;         ;         ;         ;         ;         ;         ;         ;         ;         ;         ;         ;         ;         ;         
Number of women starting ART at CD4 <200;Mean;         ;         ;         ;         ;         ;         ;         ;         ;         ;         ;         ;         ;         ;         ;         ;5246.66;6829.76;8775.23;11130.3;46674;77703.9;114967;149917;172648;213039;225135;210960;142848;110254;89030.4;81514.2;72607.4;61259.2;53023.8;48952.8;46039.5;40174.6;33105.2;26793.2;21612.5;17369.2;14139.1;11776.7;9833.99;8736.95;8042.76;7573.03;7232.18;6971.97;6761.53;6580.04;6416.81;6265.88;6122.67;5984.29;5849.57;5718;5589.3;5463.25;5339.69;5218.35;5099;4981.38;4865.22;4750.23;4636.13;4522.69;4409.76;4297.19;4184.9;4072.83;         ;         ;         ;         ;         ;         ;         ;         ;         ;         ;         ;         ;         ;         ;         
;95% LL;         ;         ;         ;         ;         ;         ;         ;         ;         ;         ;         ;         ;         ;         ;         ;5230.47;6810.82;8753.32;11105.7;46477.3;77338.1;114323;148894;171266;210597;220333;202149;135893;103646;81256.2;74082.8;65352.4;55471.4;48098.3;43949.4;39376.1;33435.4;27448.5;22357;18262.8;15030.2;12619.9;10776.2;9175.66;8210;7594.61;7175.56;6868.52;6631.06;6436.12;6265.41;6110.03;5965.09;5816.53;5671.9;5530.95;5396.39;5267.31;5140.89;5017.46;4896.52;4777.79;4661.03;4545.95;4432.26;4319.67;4207.94;4095.56;3985.04;3871.67;3758.82;         ;         ;         ;         ;         ;         ;         ;         ;         ;         ;         ;         ;         ;         ;         
;95% UL;         ;         ;         ;         ;         ;         ;         ;         ;         ;         ;         ;         ;         ;         ;         ;5259.54;6845.16;8793.25;11150.8;46831.6;77990;115440;150648;173684;214774;228575;217222;147908;115034;94990.3;87783.4;79418;67184;57682.1;53870.2;53498.2;48623.2;40684.7;32842.7;26129.8;20639.9;16387;13350.2;10902.4;9582.19;8769.36;8228.82;7844.08;7556.32;7328.42;7135.63;6964.75;6808.32;6660.81;6518.72;6380.53;6245.55;6113.38;5983.77;5856.51;5731.35;5608.04;5486.35;5366.01;5246.72;5128.23;5010.29;4892.72;4775.4;4658.22;4541.11;         ;         ;         ;         ;         ;         ;         ;         ;         ;         ;         ;         ;         ;         ;         
Number of women starting ART at CD4 200-349;Mean;         ;         ;         ;         ;         ;         ;         ;         ;         ;         ;         ;         ;         ;         ;         ;554.296;707.138;880.202;1082.08;4638.1;8054.54;12582.7;17893.3;23217.7;40841.8;90982.9;254402;226515;171673;140206;126194;107448;86108.1;71404.1;65155.4;60239.8;55385;48319.2;41620.4;35739.8;30495.9;26254.4;22925.1;19657.7;17685.3;16400.9;15498.5;14808.5;14237.5;13734.2;13268.3;12823.6;12391.8;11969.5;11556.6;11155.2;10767.1;10393.1;10033.5;9688.33;9357.05;9039.05;8733.47;8439.28;8155.39;7880.75;7614.44;7355.69;7103.88;6858.47;6619.07;         ;         ;         ;         ;         ;         ;         ;         ;         ;         ;         ;         ;         ;         ;         
;95% LL;         ;         ;         ;         ;         ;         ;         ;         ;         ;         ;         ;         ;         ;         ;         ;533.629;679.091;845.697;1041.48;4460.1;7716.5;12021.2;17058.6;22107.2;38806.6;86816.2;248381;222894;168375;139767;124932;104229;83620;69496.8;63146.6;55736.3;49608.8;42568.1;36593.3;31662.6;27304.5;23765.6;21120.5;18409.3;16727.3;15633.9;14821.3;14168.6;13631.6;13152.9;12687.2;12254.8;11837.4;11428.9;11029.7;10641.8;10255.7;9875.61;9507.31;9164.73;8843.23;8534.92;8237.01;7932.42;7639.11;7365.4;7104.55;6851.34;6609.1;6374.1;6138.4;         ;         ;         ;         ;         ;         ;         ;         ;         ;         ;         ;         ;         ;         ;         
;95% UL;         ;         ;         ;         ;         ;         ;         ;         ;         ;         ;         ;         ;         ;         ;         ;579.59;742.723;924.77;1133.65;4869.34;8493.72;13281.8;19005.9;24851.8;43840;96840.4;262957;231663;176253;140613;126939;110013;88191.6;72914.2;66840.8;65303.9;62562.9;55831.1;48522.9;41614.8;35203.3;29817.8;25612.3;21556.9;19177.5;17707.8;16680.1;15955.1;15375.2;14850.8;14357.8;13901.1;13468.2;13041;12619.8;12207.1;11805.4;11416.3;11040.6;10678.7;10330.5;9995.9;9674.14;9364.37;9065.56;8776.67;8496.78;8225.09;7960.95;7703.77;7453.08;         ;         ;         ;         ;         ;         ;         ;         ;         ;         ;         ;         ;         ;         ;         
Number of women starting ART at CD4 350-499;Mean;         ;         ;         ;         ;         ;         ;         ;         ;         ;         ;         ;         ;         ;         ;         ;14.1441;15.1752;15.9343;16.493;87.642;288.707;544.976;799.34;926.361;1343.81;1747.13;1578.98;13087.6;12784;83915.6;127659;102403;79084.9;63801.5;58542.1;53597.6;51393.5;47321;43341;39682.9;36000.8;32858.7;30256.1;26984.5;24889.5;23427.7;22303.9;21359.9;20506.3;19701.1;18920.9;18153;17393.3;16645.9;15918.8;15218.6;14549;13911.6;13306.4;12733.1;12190.7;11677.4;11191.1;10729.7;10290.8;9872.39;9472.56;9089.78;8722.69;8370.11;8031.05;         ;         ;         ;         ;         ;         ;         ;         ;         ;         ;         ;         ;         ;         ;         
;95% LL;         ;         ;         ;         ;         ;         ;         ;         ;         ;         ;         ;         ;         ;         ;         ;13.0232;14;14.7582;15.3672;82.2922;270.907;511.319;749.831;869.008;1260.24;1644.92;1500.13;12437.6;11971.3;79205.4;122520;100269;77315;62227.4;57232.9;52241.9;48481.9;43892.1;39949.7;36572.7;33268.5;30531.4;28310.1;25478.7;23678.8;22395.1;21327.7;20415;19580.8;18796.5;18036.1;17288.3;16550.2;15826.4;15124.5;14445.2;13799.7;13186.7;12605.5;12055.5;11535.6;11043.9;10577.9;10119.1;9682.76;9253.6;8844.86;8461.71;8110.98;7758.66;7420.43;         ;         ;         ;         ;         ;         ;         ;         ;         ;         ;         ;         ;         ;         ;         
;95% UL;         ;         ;         ;         ;         ;         ;         ;         ;         ;         ;         ;         ;         ;         ;         ;15.6849;16.7792;17.5487;18.0289;94.8097;312.842;591.352;866.908;1003.87;1463.49;1898.78;1690.46;14095.5;14096;90513.2;134345;104979;80908.4;65295.3;59841.2;55451.4;55297.1;52104.6;48217.5;44253.8;40083;36378.6;33278.8;29302.8;26950.3;25396.6;24212.5;23166;22311.4;21522;20746.7;19972.1;19194.3;18419.1;17656.7;16916.4;16203.6;15521.3;14868.4;14245.7;13657.8;13101.5;12574.6;12074.9;11599.7;11146.9;10714.2;10300.1;9902.87;9521.22;9153.96;         ;         ;         ;         ;         ;         ;         ;         ;         ;         ;         ;         ;         ;         ;         
Number of women starting ART at CD4 500+;Mean;         ;         ;         ;         ;         ;         ;         ;         ;         ;         ;         ;         ;         ;         ;         ;11.1399;11.3619;11.3951;11.3283;58.5552;187.89;346.807;499.21;569.584;815.182;1047.19;926.959;6396.08;6238.17;11121.6;14603.4;116007;106141;84746.9;81097.6;73649.5;74192.6;71930.4;69515.1;67279.7;64285.5;61652.2;59357;54790.2;51622.9;49135.4;46980.7;44994.3;43079.2;41201;39338.8;37483.4;35648.2;33862.4;32149.6;30522;28983;27533;26170.8;24893.9;23698;22577.3;21525.5;20536.2;19603.5;18722.4;17888.2;17097;16345.2;15629.5;14947.1;         ;         ;         ;         ;         ;         ;         ;         ;         ;         ;         ;         ;         ;         ;         
;95% LL;         ;         ;         ;         ;         ;         ;         ;         ;         ;         ;         ;         ;         ;         ;         ;10.0183;10.2473;10.347;10.3746;54.1363;173.907;321.478;463.332;529.34;757.344;979.034;876.127;6042.35;5812.12;10362.1;13675.1;110455;100896;80440.7;76976.8;72581.3;72493.5;69177.3;66168;63689.8;60747.1;58209;56096.4;52220.5;49281;46911.4;44822.9;42878.8;40996.8;39158.9;37352.6;35556.1;33783.3;32061.9;30414.1;28851.3;27376.1;25988.7;24651.3;23389.3;22209.3;21105.3;20070.7;19099.1;18192.8;17349.6;16551.6;15794.9;15075.9;14391.8;13726;         ;         ;         ;         ;         ;         ;         ;         ;         ;         ;         ;         ;         ;         ;         
;95% UL;         ;         ;         ;         ;         ;         ;         ;         ;         ;         ;         ;         ;         ;         ;         ;12.6843;12.8862;12.8289;12.6208;64.4626;206.887;381.965;548.003;624.752;897.713;1150.87;1000.05;6930.21;6926.92;12245.5;16028.5;123444;111919;89343.2;85771.5;75021.5;77106.3;76162.9;74402.9;72465.2;69583.7;67002;64754.4;59681;56009.4;53294.5;51128.7;49200.9;47314.9;45435.6;43541;41621;39675.7;37751.7;35939.9;34196.9;32522.4;30937.2;29442.7;28038.4;26721.4;25486.7;24327.9;23238.7;22213;21245.2;20330.6;19464.7;18643.2;17862.4;17119.1;         ;         ;         ;         ;         ;         ;         ;         ;         ;         ;         ;         ;         ;         ;         
Adjusted HIV incidence in adults aged 15-49;Mean;         ;         ;         ;         ;         ;         ;         ;         ;         ;         ;         ;         ;         ;         ;         ;0.022434;0.0217043;0.0208744;0.0200756;0.0193013;0.0185004;0.0177038;0.0169541;0.0162748;0.0155122;0.014698;0.0137769;0.0128757;0.0122033;0.0114951;0.0108986;0.00983998;0.00887548;0.00826846;0.00756621;0.00694937;0.00635042;0.00580463;0.00531911;0.00491803;0.0045956;0.0042993;0.00401752;0.00379225;0.00358057;0.00338134;0.00319368;0.00301664;0.00284936;0.00268874;0.00253315;0.0023849;0.00224595;0.0021163;0.00199555;0.00188294;0.00177813;0.00168076;0.00159043;0.00150657;0.00142862;0.00135598;0.00128805;0.00122364;0.00116265;0.00110503;0.00105026;0.000998251;0.000948777;0.000901946;0.000857865;         ;         ;         ;         ;         ;         ;         ;         ;         ;         ;         ;         ;         ;         ;         
;95% LL;         ;         ;         ;         ;         ;         ;         ;         ;         ;         ;         ;         ;         ;         ;         ;0.0217076;0.0210476;0.0202718;0.0195199;0.0187702;0.0180007;0.0172042;0.016468;0.0158079;0.0150479;0.0142488;0.0133284;0.0124252;0.011749;0.0110441;0.0104563;0.00941294;0.00845731;0.00783254;0.00712506;0.0065387;0.00598318;0.00548092;0.00503701;0.0046722;0.00438258;0.00411408;0.00385655;0.0036444;0.00343949;0.0032451;0.00306194;0.0028912;0.00273008;0.00257501;0.00242213;0.00227744;0.00214229;0.00201534;0.00189729;0.00178736;0.00168521;0.00159043;0.00150259;0.00142113;0.00134482;0.0012749;0.00120919;0.00114687;0.00108792;0.00103229;0.000979463;0.00092937;0.000881778;0.000836781;0.00079447;         ;         ;         ;         ;         ;         ;         ;         ;         ;         ;         ;         ;         ;         ;         
;95% UL;         ;         ;         ;         ;         ;         ;         ;         ;         ;         ;         ;         ;         ;         ;         ;0.0230008;0.0221977;0.0213031;0.0205077;0.0197675;0.019001;0.0182141;0.0174757;0.0168027;0.0160419;0.0152233;0.0142933;0.0133765;0.0126993;0.0119957;0.0114058;0.0103339;0.00935797;0.00875002;0.00804943;0.00740905;0.00677255;0.00618846;0.00567672;0.00523603;0.00488376;0.00455669;0.00426583;0.00404154;0.00383157;0.00363372;0.00344676;0.00326955;0.00310106;0.00293158;0.00276473;0.00260539;0.00245571;0.00231579;0.00218531;0.00206345;0.00194992;0.00184437;0.00174643;0.00165552;0.00157105;0.00149237;0.00141884;0.00134916;0.00128323;0.001221;0.00116186;0.00110574;0.00105236;0.00100198;0.000954754;         ;         ;         ;         ;         ;         ;         ;         ;         ;         ;         ;         ;         ;         ;         
Incidence in pregnant women;Mean;4.52E-05;0.000135148;0.000338942;0.000848889;0.00207484;0.00464984;0.00883194;0.0138409;0.0186616;0.0231136;0.0270903;0.0305171;0.0327923;0.0342191;0.0348655;0.0348109;0.034174;0.033593;0.0328453;0.032084;0.0312271;0.0302787;0.0292327;0.0282124;0.0271579;0.0257188;0.0241858;0.0225939;0.0212515;0.0200592;0.0190347;0.017732;0.0161013;0.0149375;0.0138556;0.0126986;0.0116391;0.0107388;0.00992193;0.00925289;0.00867901;0.0081505;0.00764232;0.00719286;0.00677008;0.00636851;0.00598635;0.00562091;0.00527098;0.00493368;0.00460568;0.00429167;0.00399896;0.00372764;0.00347638;0.00324309;0.003027;0.0028273;0.00264341;0.00247427;0.0023187;0.0021756;0.00204388;0.00192257;0.00181079;0.00170775;0.00161266;0.00152477;0.00144334;0.00136775;0.00129742;         ;         ;         ;         ;         ;         ;         ;         ;         ;         ;         ;         ;         ;         ;         
;95% LL;2.56E-05;8.58E-05;0.000218804;0.000586159;0.00142792;0.00322178;0.00621136;0.0105494;0.0153123;0.0204023;0.0248356;0.0286219;0.0311558;0.0327733;0.0335953;0.033604;0.033003;0.0324616;0.0317537;0.0310267;0.0302011;0.0292831;0.028265;0.0272869;0.0262851;0.0248714;0.0233877;0.0218454;0.0204895;0.0193049;0.0182904;0.017006;0.0153991;0.0142446;0.013169;0.0120284;0.0110012;0.0101473;0.00938304;0.00876362;0.00822355;0.00772595;0.00724413;0.00681601;0.00640655;0.0060183;0.0056505;0.0052989;0.00496259;0.00463912;0.00432552;0.00402619;0.00374777;0.00349026;0.00325235;0.00303199;0.00282831;0.00264011;0.00246504;0.00230324;0.00215336;0.00201571;0.0018892;0.00177284;0.00166575;0.00156712;0.00147698;0.00139429;0.00131764;0.00124647;0.00118023;         ;         ;         ;         ;         ;         ;         ;         ;         ;         ;         ;         ;         ;         ;         
;95% UL;7.34E-05;0.000201541;0.000490315;0.00121435;0.00288655;0.00633904;0.0112311;0.0164159;0.0210804;0.0253273;0.0290309;0.0321201;0.0340089;0.035318;0.035907;0.0357866;0.0352022;0.0346424;0.0339276;0.0331867;0.0323585;0.0314556;0.0304297;0.0294485;0.0284233;0.0269772;0.0254165;0.0237921;0.0224288;0.0212288;0.0202437;0.0188964;0.0172486;0.0160709;0.0149809;0.0138008;0.0127071;0.0117716;0.0109196;0.0102198;0.00955758;0.00893948;0.00839769;0.00792792;0.00748369;0.00706094;0.00666672;0.00628734;0.00592137;0.00556411;0.00520333;0.00486227;0.00454066;0.00423944;0.00395781;0.00369409;0.0034481;0.00321986;0.00301449;0.00282585;0.00265216;0.00249226;0.00234496;0.00220925;0.00208419;0.00196892;0.00186122;0.0017615;0.00166942;0.00158423;0.00150522;         ;         ;         ;         ;         ;         ;         ;         ;         ;         ;         ;         ;         ;         ;         
Adjusted incidence in pregnant women;Mean;         ;         ;         ;         ;         ;         ;         ;         ;         ;         ;         ;         ;         ;         ;         ;0.0348106;0.0341737;0.0335928;0.0328451;0.0320831;0.0312241;0.0302732;0.0292251;0.0282039;0.0271459;0.0257039;0.024173;0.0225093;0.0211709;0.0198843;0.018792;0.0168372;0.0152408;0.0141551;0.0129589;0.0119756;0.0108366;0.00991904;0.00909428;0.00841098;0.0078441;0.0073263;0.00683406;0.00643429;0.00605858;0.00570187;0.00536247;0.00503791;0.0047271;0.00442745;0.00413592;0.00385666;0.00359614;0.00335444;0.00313038;0.00292211;0.00272896;0.00255022;0.00238542;0.00223364;0.00209389;0.00196519;0.0018466;0.00173729;0.00163648;0.00154349;0.00145763;0.00137822;0.00130464;0.00123632;0.00117275;         ;         ;         ;         ;         ;         ;         ;         ;         ;         ;         ;         ;         ;         ;         
;95% LL;         ;         ;         ;         ;         ;         ;         ;         ;         ;         ;         ;         ;         ;         ;         ;0.0336038;0.0330027;0.0324614;0.0317535;0.0310258;0.0301982;0.0292777;0.0282574;0.0272781;0.0262743;0.0248558;0.0233744;0.0217547;0.0204121;0.0191129;0.018024;0.0160611;0.0144825;0.0133972;0.0121971;0.0112623;0.0101878;0.00933538;0.00857349;0.00793756;0.007421;0.00694725;0.00647969;0.00609866;0.00573415;0.00538865;0.00506197;0.00474965;0.00445089;0.00416345;0.00388467;0.0036184;0.00337054;0.00314106;0.00292853;0.00273164;0.00254955;0.00238123;0.00222434;0.0020796;0.00194489;0.00182105;0.00170711;0.00160222;0.00150561;0.00141657;0.00133442;0.00125959;0.00119035;0.00112605;0.00106621;         ;         ;         ;         ;         ;         ;         ;         ;         ;         ;         ;         ;         ;         ;         
;95% UL;         ;         ;         ;         ;         ;         ;         ;         ;         ;         ;         ;         ;         ;         ;         ;0.0357863;0.035202;0.0346422;0.0339274;0.0331857;0.0323554;0.0314499;0.0304216;0.0294397;0.0284105;0.0269615;0.0254032;0.0237045;0.0223499;0.0210565;0.0200054;0.0180163;0.0163942;0.0153162;0.0141219;0.0130688;0.0118749;0.0109054;0.0100311;0.00930792;0.00865407;0.00804236;0.00750075;0.00709178;0.00669715;0.00632106;0.00597041;0.00563379;0.00530905;0.00499058;0.00466988;0.00436674;0.00408092;0.00381295;0.00356213;0.00332695;0.00310727;0.00290388;0.00272041;0.00255116;0.00239514;0.00225134;0.00211874;0.00199645;0.00188367;0.00177836;0.0016807;0.00159067;0.00150752;0.00143057;0.00135921;         ;         ;         ;         ;         ;         ;         ;         ;         ;         ;         ;         ;         ;         ;         
% of sexually active males aged 15-24 with 2+ non-spousal partners in last year;Mean;0.292224;0.295522;0.298345;0.30218;0.306653;0.311142;0.317382;0.318072;0.317318;0.315581;0.313559;0.311921;0.312711;0.314671;0.31722;0.319701;0.321493;0.321752;0.320873;0.319037;0.316555;0.3139;0.310175;0.306813;0.30376;0.300962;0.299137;0.299722;0.300181;0.300118;0.299554;0.298489;0.297185;0.296117;0.295864;0.297258;0.300765;0.306423;0.311597;0.316104;0.319973;0.321942;0.322418;0.321179;0.319331;0.318356;0.317306;0.316435;0.315871;0.315227;0.314064;0.313001;0.312264;0.312126;0.312594;0.313507;0.31476;0.31611;0.317258;0.318492;0.319643;0.320494;0.321118;0.321673;0.322183;0.322659;0.323111;0.323544;0.323951;0.324317;0.324618;         ;         ;         ;         ;         ;         ;         ;         ;         ;         ;         ;         ;         ;         ;         
;95% LL;0.2876;0.29046;0.293158;0.296823;0.301116;0.305463;0.311662;0.312508;0.312005;0.31055;0.308772;0.307287;0.307963;0.309679;0.311975;0.314268;0.315979;0.316301;0.315588;0.313976;0.311733;0.309294;0.305798;0.302616;0.299707;0.297029;0.295254;0.295836;0.296332;0.296345;0.29587;0.294914;0.293702;0.292661;0.292334;0.293513;0.296716;0.302027;0.306948;0.311329;0.315187;0.317267;0.317917;0.316893;0.315287;0.314431;0.313439;0.312578;0.311995;0.311341;0.310218;0.309214;0.308531;0.308423;0.308898;0.309807;0.311052;0.312409;0.31359;0.314851;0.316016;0.31686;0.317483;0.318025;0.318506;0.318941;0.319348;0.319736;0.320105;0.320442;0.320726;         ;         ;         ;         ;         ;         ;         ;         ;         ;         ;         ;         ;         ;         ;         
;95% UL;0.294676;0.298329;0.301225;0.305153;0.309721;0.314284;0.320542;0.321149;0.32026;0.318371;0.316221;0.314508;0.315366;0.31748;0.320193;0.322811;0.324687;0.324942;0.323996;0.322056;0.319455;0.316693;0.312861;0.309418;0.306302;0.303452;0.301604;0.302195;0.302631;0.302517;0.301892;0.300757;0.299395;0.298307;0.29809;0.299603;0.303272;0.309135;0.314461;0.319037;0.322902;0.324788;0.325138;0.323744;0.321761;0.320721;0.319635;0.31875;0.318189;0.317545;0.316356;0.31526;0.314496;0.314349;0.314829;0.315765;0.317044;0.318415;0.319565;0.320796;0.321943;0.322787;0.323398;0.323944;0.324451;0.324928;0.325386;0.325825;0.326237;0.326605;0.326905;         ;         ;         ;         ;         ;         ;         ;         ;         ;         ;         ;         ;         ;         ;         
% of sexually active females aged 15-24 with 2+ non-spousal partners in last year;Mean;0.0751681;0.0759703;0.07646;0.0770847;0.0777826;0.078457;0.0789163;0.079173;0.0792399;0.0792034;0.0791737;0.0792446;0.0796689;0.0803074;0.0810247;0.0817111;0.0822858;0.0826423;0.0828232;0.082867;0.0828435;0.0828295;0.0828362;0.0829098;0.0830274;0.0831631;0.0833741;0.0837069;0.0839828;0.0841602;0.0842734;0.0843501;0.084436;0.0845642;0.0847878;0.0852147;0.0858348;0.0866291;0.0873093;0.0878458;0.0882456;0.0884182;0.0884394;0.0883391;0.0882367;0.0882841;0.0883794;0.0885229;0.0886977;0.0888526;0.0889332;0.0889986;0.0890778;0.0892113;0.0894053;0.0896399;0.089894;0.0901356;0.0903332;0.0905172;0.0906831;0.0908209;0.0909423;0.0910629;0.0911861;0.0913113;0.0914371;0.091561;0.0916801;0.0917918;0.0918941;         ;         ;         ;         ;         ;         ;         ;         ;         ;         ;         ;         ;         ;         ;         
;95% LL;0.0744028;0.0752396;0.075723;0.0763229;0.0769699;0.0776187;0.0780931;0.0783849;0.0785129;0.078526;0.0785799;0.0786795;0.0790795;0.0796523;0.080317;0.0809796;0.0815496;0.081922;0.0821391;0.0822252;0.0822789;0.0823542;0.0824129;0.0825463;0.0826558;0.0828262;0.0830537;0.0833827;0.0836616;0.0838438;0.0839506;0.0840204;0.0840999;0.0842243;0.0844458;0.0848758;0.0855004;0.0862733;0.0869104;0.0874199;0.0878048;0.0880241;0.0880439;0.0879958;0.0879063;0.0879506;0.0880404;0.0881798;0.0883518;0.0885034;0.0885787;0.0886383;0.0887126;0.0888433;0.0890372;0.0892734;0.0895301;0.089774;0.08997;0.0901501;0.0903124;0.090447;0.0905695;0.0906904;0.0908111;0.0909342;0.0910582;0.0911805;0.0912981;0.0914082;0.0915088;         ;         ;         ;         ;         ;         ;         ;         ;         ;         ;         ;         ;         ;         ;         
;95% UL;0.0756648;0.0764489;0.076935;0.0775794;0.0782829;0.0789636;0.0794234;0.0796694;0.0797038;0.0796405;0.0795701;0.0796134;0.0800579;0.0807086;0.0814513;0.0821411;0.0827329;0.0830839;0.0832316;0.083223;0.083158;0.0831019;0.083068;0.083158;0.0832739;0.083436;0.083652;0.0839918;0.0842754;0.0845086;0.0846959;0.0848287;0.084994;0.0851754;0.085403;0.0857411;0.0862372;0.0869233;0.0875705;0.088101;0.0885036;0.0886651;0.0887076;0.0886333;0.0885842;0.0886668;0.0887991;0.0889557;0.0891403;0.0893258;0.0894576;0.0895725;0.0896886;0.0898326;0.0900111;0.0902139;0.09043;0.090642;0.0908406;0.0910211;0.0911833;0.0913246;0.0914458;0.0915661;0.0916892;0.0918147;0.091941;0.0920656;0.0921858;0.0922989;0.0924031;         ;         ;         ;         ;         ;         ;         ;         ;         ;         ;         ;         ;         ;         ;         
% of sexually active males aged 25-49 with 2+ non-spousal partners in last year;Mean;0.147059;0.148055;0.149147;0.150156;0.151048;0.151812;0.1542;0.155085;0.156029;0.157155;0.158463;0.159886;0.161078;0.162104;0.162914;0.163495;0.163866;0.163771;0.163735;0.163851;0.164044;0.164428;0.165278;0.166229;0.167119;0.167842;0.168189;0.168736;0.169082;0.169238;0.169255;0.169164;0.168965;0.168662;0.168243;0.16766;0.166979;0.166194;0.165444;0.164788;0.164193;0.163844;0.163766;0.164074;0.164722;0.16558;0.166728;0.168074;0.169487;0.170927;0.172383;0.173874;0.17524;0.17646;0.177525;0.178451;0.179222;0.179876;0.18046;0.180977;0.181521;0.182174;0.182937;0.18345;0.183828;0.184203;0.184444;0.184634;0.184726;0.184887;0.185372;         ;         ;         ;         ;         ;         ;         ;         ;         ;         ;         ;         ;         ;         ;         
;95% LL;0.137857;0.138903;0.140011;0.141014;0.141881;0.142611;0.144913;0.145805;0.146753;0.147897;0.149238;0.150707;0.151937;0.153014;0.153898;0.154574;0.155061;0.155113;0.155228;0.155492;0.155831;0.156337;0.157273;0.15827;0.159166;0.159859;0.160143;0.160586;0.160803;0.160818;0.160697;0.160475;0.16015;0.159723;0.159182;0.158481;0.157661;0.156733;0.155836;0.155029;0.154294;0.153814;0.153619;0.153821;0.154373;0.155141;0.156194;0.157435;0.158737;0.160058;0.16139;0.162749;0.163985;0.165078;0.166017;0.166816;0.167462;0.167992;0.168454;0.168852;0.169278;0.169812;0.170454;0.170868;0.171162;0.17146;0.171638;0.171774;0.171823;0.171943;0.172372;         ;         ;         ;         ;         ;         ;         ;         ;         ;         ;         ;         ;         ;         ;         
;95% UL;0.164473;0.165436;0.166555;0.167629;0.168612;0.169482;0.172068;0.172995;0.173975;0.17512;0.17643;0.177847;0.179075;0.180125;0.180937;0.181495;0.181814;0.181605;0.181442;0.18142;0.181466;0.181721;0.182479;0.18339;0.184294;0.185082;0.185535;0.186252;0.186801;0.187178;0.187418;0.187544;0.187554;0.187452;0.187229;0.186835;0.186367;0.185793;0.185258;0.184816;0.184414;0.184238;0.184306;0.184743;0.185505;0.18646;0.187715;0.189182;0.190729;0.192316;0.193934;0.195601;0.197145;0.198543;0.19979;0.200902;0.201864;0.202714;0.2035;0.204219;0.204972;0.205849;0.206842;0.207553;0.208105;0.208645;0.209025;0.209336;0.209521;0.20977;0.210363;         ;         ;         ;         ;         ;         ;         ;         ;         ;         ;         ;         ;         ;         ;         
% of sexually active females aged 25-49 with 2+ non-spousal partners in last year;Mean;0.0178613;0.0179625;0.0181341;0.0183043;0.0184577;0.0185778;0.0186879;0.0187877;0.0188505;0.0189102;0.0189867;0.0190881;0.0191435;0.0191896;0.0192221;0.0192233;0.0191843;0.0191311;0.0190604;0.0189986;0.0189648;0.0189925;0.0191255;0.0193297;0.0195757;0.019833;0.0201077;0.0203708;0.0206085;0.0208155;0.0209954;0.0211412;0.0212539;0.0213376;0.0214019;0.0214623;0.0215264;0.021586;0.0215553;0.0214912;0.0214311;0.0213522;0.0212818;0.0212205;0.0212096;0.0213042;0.0214509;0.0216489;0.0218851;0.0221226;0.0223281;0.022533;0.0227332;0.0229359;0.023136;0.023323;0.0234896;0.0236291;0.0237376;0.0238375;0.0239334;0.0240258;0.0241187;0.0241882;0.0242458;0.0243051;0.0243559;0.0244074;0.024458;0.0245225;0.0246242;         ;         ;         ;         ;         ;         ;         ;         ;         ;         ;         ;         ;         ;         ;         
;95% LL;0.0157077;0.0158114;0.0159882;0.0161609;0.0163151;0.0164352;0.0165434;0.0166438;0.0167064;0.0167669;0.0168437;0.0169447;0.0170038;0.0170531;0.0170904;0.0170986;0.0170693;0.0170265;0.016967;0.0169164;0.0168928;0.0169258;0.0170551;0.0172478;0.0174761;0.0177111;0.0179595;0.018193;0.0184006;0.0185784;0.018731;0.0188522;0.0189427;0.0190067;0.0190532;0.0190971;0.019141;0.0191808;0.0191352;0.0190581;0.0189861;0.0188973;0.0188182;0.0187489;0.0187288;0.0188099;0.0189394;0.0191163;0.0193278;0.0195389;0.0197182;0.0198961;0.0200694;0.0202457;0.0204198;0.0205817;0.0207242;0.0208412;0.020929;0.0210093;0.0210863;0.0211603;0.0212351;0.0212898;0.0213347;0.0213818;0.0214217;0.0214627;0.0215032;0.0215562;0.0216426;         ;         ;         ;         ;         ;         ;         ;         ;         ;         ;         ;         ;         ;         ;         
;95% UL;0.0222849;0.0223879;0.0225669;0.0227484;0.0229153;0.0230484;0.0231738;0.0232859;0.0233592;0.0234289;0.0235167;0.0236321;0.0236952;0.0237485;0.0237855;0.0237865;0.0237408;0.0236775;0.0235927;0.0235149;0.0234644;0.0234821;0.0236208;0.0238447;0.0241219;0.0244189;0.0247404;0.0250561;0.0253479;0.0256084;0.0258397;0.0260338;0.0261906;0.026314;0.0264142;0.0265081;0.0266111;0.0267081;0.0267049;0.0266642;0.0266251;0.0265632;0.0265074;0.0264592;0.0264639;0.0265827;0.026761;0.026999;0.0272824;0.0275712;0.0278284;0.028087;0.0283403;0.0285958;0.0288478;0.0290856;0.0293009;0.0294865;0.0296378;0.0297782;0.0299131;0.0300432;0.0301742;0.0302759;0.0303621;0.0304495;0.0305257;0.030602;0.0306764;0.0307671;0.0309024;         ;         ;         ;         ;         ;         ;         ;         ;         ;         ;         ;         ;         ;         ;         
Annual rate of ART resumption in men interrupting ART;Mean;0.4;0.4;0.4;0.4;0.4;0.4;0.4;0.4;0.4;0.4;0.4;0.4;0.4;0.4;0.4;0.445897;0.443914;0.442409;0.441217;0.541853;0.582991;0.619655;0.652599;0.682316;0.712679;0.73765;0.888161;0.726285;0.697103;0.662535;0.647632;0.645585;0.633513;0.619508;0.628669;0.663929;0.689021;0.715116;0.740295;0.765997;0.791299;0.816587;0.841861;0.841861;0.841861;0.841861;0.841861;0.841861;0.841861;0.841861;0.841861;0.841861;0.841861;0.841861;0.841861;0.841861;0.841861;0.841861;0.841861;0.841861;0.841861;0.841861;0.841861;0.841861;0.841861;0.841861;0.841861;0.841861;0.841861;0.841861;0.841861;         ;         ;         ;         ;         ;         ;         ;         ;         ;         ;         ;         ;         ;         ;         
;95% LL;0.4;0.4;0.4;0.4;0.4;0.4;0.4;0.4;0.4;0.4;0.4;0.4;0.4;0.4;0.4;0.440171;0.43912;0.438253;0.437406;0.529423;0.56689;0.600255;0.630014;0.656445;0.683229;0.704621;0.84425;0.694606;0.664789;0.634808;0.622225;0.621221;0.608791;0.594122;0.599836;0.636291;0.665363;0.695378;0.72451;0.754144;0.783401;0.81264;0.841861;0.841861;0.841861;0.841861;0.841861;0.841861;0.841861;0.841861;0.841861;0.841861;0.841861;0.841861;0.841861;0.841861;0.841861;0.841861;0.841861;0.841861;0.841861;0.841861;0.841861;0.841861;0.841861;0.841861;0.841861;0.841861;0.841861;0.841861;0.841861;         ;         ;         ;         ;         ;         ;         ;         ;         ;         ;         ;         ;         ;         ;         
;95% UL;0.4;0.4;0.4;0.4;0.4;0.4;0.4;0.4;0.4;0.4;0.4;0.4;0.4;0.4;0.4;0.456886;0.453645;0.450879;0.448497;0.563877;0.610131;0.651443;0.686784;0.717911;0.7499;0.780391;0.946444;0.770293;0.742009;0.701961;0.684778;0.681074;0.669861;0.65737;0.671777;0.706224;0.725229;0.745323;0.764457;0.784143;0.80339;0.822629;0.841861;0.841861;0.841861;0.841861;0.841861;0.841861;0.841861;0.841861;0.841861;0.841861;0.841861;0.841861;0.841861;0.841861;0.841861;0.841861;0.841861;0.841861;0.841861;0.841861;0.841861;0.841861;0.841861;0.841861;0.841861;0.841861;0.841861;0.841861;0.841861;         ;         ;         ;         ;         ;         ;         ;         ;         ;         ;         ;         ;         ;         ;         
Annual rate of ART resumption in women interrupting ART;Mean;0.5;0.5;0.5;0.5;0.5;0.5;0.5;0.5;0.5;0.5;0.5;0.5;0.5;0.5;0.5;0.579513;0.576473;0.57372;0.571589;0.735064;0.805514;0.870927;0.933199;0.99396;1.05198;1.10799;1.3224;1.07971;1.06713;0.994013;0.953761;0.937404;0.91196;0.890488;0.911839;0.99234;1.04694;1.10124;1.15551;1.2098;1.26393;1.31802;1.37209;1.37209;1.37209;1.37208;1.37208;1.37208;1.37207;1.37207;1.37207;1.37207;1.37207;1.37206;1.37206;1.37206;1.37206;1.37206;1.37206;1.37206;1.37206;1.37206;1.37205;1.37205;1.37205;1.37205;1.37205;1.37205;1.37205;1.37205;1.37205;         ;         ;         ;         ;         ;         ;         ;         ;         ;         ;         ;         ;         ;         ;         
;95% LL;0.5;0.5;0.5;0.5;0.5;0.5;0.5;0.5;0.5;0.5;0.5;0.5;0.5;0.5;0.5;0.569519;0.567717;0.566252;0.565319;0.717218;0.78265;0.844916;0.902958;0.956883;1.01233;1.06713;1.27539;1.03778;1.01132;0.950331;0.909191;0.900502;0.872419;0.845435;0.855795;0.935639;0.998345;1.06078;1.12316;1.18554;1.24777;1.30995;1.37209;1.37208;1.37208;1.37208;1.37207;1.37207;1.37207;1.37206;1.37206;1.37206;1.37206;1.37206;1.37206;1.37205;1.37205;1.37205;1.37205;1.37205;1.37205;1.37205;1.37205;1.37205;1.37205;1.37205;1.37204;1.37204;1.37204;1.37204;1.37204;         ;         ;         ;         ;         ;         ;         ;         ;         ;         ;         ;         ;         ;         ;         
;95% UL;0.5;0.5;0.5;0.5;0.5;0.5;0.5;0.5;0.5;0.5;0.5;0.5;0.5;0.5;0.5;0.593704;0.588898;0.584153;0.580117;0.759415;0.837039;0.909996;0.978118;1.04672;1.10964;1.1698;1.39493;1.14534;1.14065;1.05266;1.00426;0.981434;0.957494;0.940656;0.972709;1.05423;1.09998;1.14543;1.19084;1.23628;1.28157;1.32684;1.3721;1.3721;1.37209;1.37209;1.37209;1.37209;1.37208;1.37208;1.37208;1.37208;1.37208;1.37207;1.37207;1.37207;1.37207;1.37207;1.37207;1.37207;1.37207;1.37207;1.37206;1.37206;1.37206;1.37206;1.37206;1.37206;1.37206;1.37206;1.37206;         ;         ;         ;         ;         ;         ;         ;         ;         ;         ;         ;         ;         ;         ;         
Relative rate of testing in virgins;Mean;         ;         ;         ;         ;         ;         ;         ;         ;         ;         ;         ;         ;         ;         ;         ;         ;         ;         ;         ;         ;         ;         ;         ;         ;         ;         ;         ;         ;         ;         ;0.0881915;0.143461;0.158193;0.148999;0.136254;0.158837;0.144003;0.201102;         ;         ;         ;         ;         ;         ;         ;         ;         ;         ;         ;         ;         ;         ;         ;         ;         ;         ;         ;         ;         ;         ;         ;         ;         ;         ;         ;         ;         ;         ;         ;         ;         ;         ;         ;         ;         ;         ;         ;         ;         ;         ;         ;         ;         ;         ;         ;         
;95% LL;         ;         ;         ;         ;         ;         ;         ;         ;         ;         ;         ;         ;         ;         ;         ;         ;         ;         ;         ;         ;         ;         ;         ;         ;         ;         ;         ;         ;         ;         ;0.08804;0.143212;0.157936;0.148755;0.136034;0.158547;0.143747;0.200659;         ;         ;         ;         ;         ;         ;         ;         ;         ;         ;         ;         ;         ;         ;         ;         ;         ;         ;         ;         ;         ;         ;         ;         ;         ;         ;         ;         ;         ;         ;         ;         ;         ;         ;         ;         ;         ;         ;         ;         ;         ;         ;         ;         ;         ;         ;         ;         
;95% UL;         ;         ;         ;         ;         ;         ;         ;         ;         ;         ;         ;         ;         ;         ;         ;         ;         ;         ;         ;         ;         ;         ;         ;         ;         ;         ;         ;         ;         ;         ;0.088416;0.143806;0.158546;0.149312;0.136524;0.159182;0.144338;0.201578;         ;         ;         ;         ;         ;         ;         ;         ;         ;         ;         ;         ;         ;         ;         ;         ;         ;         ;         ;         ;         ;         ;         ;         ;         ;         ;         ;         ;         ;         ;         ;         ;         ;         ;         ;         ;         ;         ;         ;         ;         ;         ;         ;         ;         ;         ;         ;         
Monthly rate of PrEP initiation in FSWs;Mean;         ;         ;         ;         ;         ;         ;         ;         ;         ;         ;         ;         ;         ;         ;         ;         ;         ;         ;         ;         ;         ;         ;         ;         ;         ;         ;         ;         ;         ;         ;         ;0.022281;0.0281085;0.0316831;0.0322795;0.0317607;0.0319342;0.0387738;0.038019;0.0372643;0.0365095;0.0357548;0.035;0.035;0.035;0.035;0.035;0.035;0.035;0.035;0.035;0.035;0.035;0.035;0.035;0.035;0.035;0.035;0.035;0.035;0.035;0.035;0.035;0.035;0.035;0.035;0.035;0.035;0.035;0.035;0.035;         ;         ;         ;         ;         ;         ;         ;         ;         ;         ;         ;         ;         ;         ;         
;95% LL;         ;         ;         ;         ;         ;         ;         ;         ;         ;         ;         ;         ;         ;         ;         ;         ;         ;         ;         ;         ;         ;         ;         ;         ;         ;         ;         ;         ;         ;         ;         ;0.0178834;0.024385;0.0284907;0.029775;0.0305512;0.0308878;0.0375484;0.0370387;0.036529;0.0360194;0.0355097;0.035;0.035;0.035;0.035;0.035;0.035;0.035;0.035;0.035;0.035;0.035;0.035;0.035;0.035;0.035;0.035;0.035;0.035;0.035;0.035;0.035;0.035;0.035;0.035;0.035;0.035;0.035;0.035;0.035;         ;         ;         ;         ;         ;         ;         ;         ;         ;         ;         ;         ;         ;         ;         
;95% UL;         ;         ;         ;         ;         ;         ;         ;         ;         ;         ;         ;         ;         ;         ;         ;         ;         ;         ;         ;         ;         ;         ;         ;         ;         ;         ;         ;         ;         ;         ;         ;0.027258;0.0314226;0.0344096;0.034472;0.0327239;0.0327246;0.0397162;0.0387729;0.0378297;0.0368865;0.0359432;0.035;0.035;0.035;0.035;0.035;0.035;0.035;0.035;0.035;0.035;0.035;0.035;0.035;0.035;0.035;0.035;0.035;0.035;0.035;0.035;0.035;0.035;0.035;0.035;0.035;0.035;0.035;0.035;0.035;         ;         ;         ;         ;         ;         ;         ;         ;         ;         ;         ;         ;         ;         ;         
New diagnoses in pregnant women;Mean;         ;         ;         ;         ;         ;         ;         ;         ;         ;         ;         ;         ;         ;         ;1503.56;5116.83;13802;29339.5;60264.4;83914.7;105049;128993;136631;127469;106664;82801.3;65391.8;55583.4;50675.1;47359.1;42240.8;36942.3;32683.2;29735.6;26197.3;24317.7;23242.1;21341.3;19615.3;18076.6;16840.7;15876.7;15036.5;14273.3;13580.5;12928.1;12307.4;11713.7;11137;10573.1;10015.7;9462.27;8920.01;8398.38;7901.51;7429.88;6983.09;6561.24;6164.41;5792.66;5445.59;5122.24;4821.44;4541.91;4282.41;4041.77;3818.57;3611.44;3419.17;3240.53;3074.31;         ;         ;         ;         ;         ;         ;         ;         ;         ;         ;         ;         ;         ;         ;         
;95% LL;         ;         ;         ;         ;         ;         ;         ;         ;         ;         ;         ;         ;         ;         ;1413;4852.46;13128.8;28024.3;57771.5;80712.6;101044;124163;131595;122657;102596;79533.7;62640.6;53190.8;48348.3;45173.1;40213.5;35098.9;30946.2;28110.4;24730.8;22909.1;21863.5;20051.8;18388.4;16906.7;15768.6;14839.8;13979.3;13214.9;12545.8;11918.9;11324.9;10759.1;10211.8;9679.12;9155.25;8637.89;8133.11;7649.04;7189.13;6751.37;6336.52;5946.25;5580.27;5238.34;4919.77;4621.07;4338.52;4076.44;3839.67;3617.74;3409.86;3223.1;3049.81;2888.88;2739.19;         ;         ;         ;         ;         ;         ;         ;         ;         ;         ;         ;         ;         ;         ;         
;95% UL;         ;         ;         ;         ;         ;         ;         ;         ;         ;         ;         ;         ;         ;         ;1582.8;5372.96;14464.7;30664.4;62956.5;87642.3;110108;135218;143152;133635;111965;87123.8;69218.7;59027.5;53957.3;50547.9;45206.1;39722.9;35369.7;32370.1;28690.5;26784.1;25739.7;23694.5;21722.3;20029.7;18712.9;17658.9;16858.9;16082.6;15360.6;14661.2;13990.9;13394;12807.6;12225.8;11640.3;11047.8;10457.2;9880.62;9324.26;8790.06;8278.84;7791.99;7330.74;6896.2;6488.79;6108.15;5752.67;5418.28;5108.45;4821.95;4557.19;4312.79;4089.97;3883.33;3691.4;         ;         ;         ;         ;         ;         ;         ;         ;         ;         ;         ;         ;         ;         ;         
New diagnoses in 1-year olds;Mean;         ;         ;         ;         ;         ;         ;31.6382;120.927;302.616;589.846;972.984;1419.62;1985.6;2546.61;3048.5;3580.05;4023.52;4328.86;4407.03;4444.08;5181.63;4492.85;4089.23;10809.1;11746.1;7603.5;5520.08;4461.69;3826.81;3574.15;3421.99;2904.9;2483.66;2266.78;2168.95;1962.09;1756.18;1648.95;1496.73;1398.77;1323.69;1259.47;1200.31;1142.99;1090.26;1042.06;995.532;950.308;906.277;863.116;820.315;777.642;735.513;694.644;655.3;617.537;581.324;546.703;513.738;482.49;452.977;425.211;399.184;374.865;352.209;331.159;311.65;293.591;276.872;261.388;247.05;         ;         ;         ;         ;         ;         ;         ;         ;         ;         ;         ;         ;         ;         ;         
;95% LL;         ;         ;         ;         ;         ;         ;22.731;89.2458;230.356;469.898;817.347;1237.24;1783;2330.63;2831.98;3362.12;3799.78;4124.67;4221.59;4260.02;4970.19;4323.32;3944.85;10496.4;11424.4;7403.57;5382.07;4343.08;3723.47;3473.44;3324.95;2818.51;2401.24;2183.46;2081.68;1875.21;1671.84;1568.77;1427.48;1337.41;1264.47;1202.78;1146.74;1092.3;1041.78;994.957;949.529;904.586;860.811;818.007;776.127;733.903;693.331;654.145;616.488;579.968;545.04;511.732;480.089;450.2;422.364;395.797;371.039;347.708;326.107;306.06;287.59;270.449;254.546;239.831;226.273;         ;         ;         ;         ;         ;         ;         ;         ;         ;         ;         ;         ;         ;         ;         
;95% UL;         ;         ;         ;         ;         ;         ;42.9597;158.349;374.882;697.299;1118.51;1589.29;2173.61;2741.19;3243.15;3780.6;4212.46;4514.28;4591.58;4623.49;5382.7;4663.8;4251.87;11214.8;12170.6;7883.97;5712.74;4626.3;3978.49;3726.1;3579.73;3049.89;2616.96;2400.54;2307.56;2097.58;1885.03;1776.55;1617.25;1515.54;1438.24;1369.28;1300.56;1239.6;1184.52;1134.71;1089.89;1045.9;1002.48;959.289;915.718;871.469;827.047;783.358;740.795;699.499;659.518;620.983;584.043;548.839;515.454;483.953;454.376;426.721;400.966;377.069;354.971;334.89;316.545;299.547;283.794;         ;         ;         ;         ;         ;         ;         ;         ;         ;         ;         ;         ;         ;         ;         
Total FSW clients;Mean;2.62E+06;2.68E+06;2.74E+06;2.80E+06;2.86E+06;2.93E+06;2.99E+06;3.10E+06;3.21E+06;3.32E+06;3.43E+06;3.53E+06;3.60E+06;3.65E+06;3.70E+06;3.75E+06;3.79E+06;3.84E+06;3.89E+06;3.93E+06;3.96E+06;4.00E+06;4.05E+06;4.10E+06;4.17E+06;4.23E+06;4.31E+06;4.40E+06;4.49E+06;4.59E+06;4.70E+06;4.80E+06;4.90E+06;5.01E+06;5.11E+06;5.21E+06;5.31E+06;5.41E+06;5.52E+06;5.64E+06;5.76E+06;5.89E+06;6.02E+06;6.15E+06;6.29E+06;6.42E+06;6.56E+06;6.69E+06;6.82E+06;6.95E+06;7.08E+06;7.20E+06;7.32E+06;7.43E+06;7.54E+06;7.64E+06;7.74E+06;7.83E+06;7.93E+06;8.01E+06;8.10E+06;8.18E+06;8.25E+06;8.32E+06;8.39E+06;8.46E+06;8.52E+06;8.57E+06;8.63E+06;8.68E+06;8.73E+06;         ;         ;         ;         ;         ;         ;         ;         ;         ;         ;         ;         ;         ;         ;         
;95% LL;2.55E+06;2.61E+06;2.67E+06;2.73E+06;2.79E+06;2.85E+06;2.91E+06;3.02E+06;3.13E+06;3.24E+06;3.35E+06;3.45E+06;3.51E+06;3.57E+06;3.62E+06;3.67E+06;3.71E+06;3.76E+06;3.81E+06;3.84E+06;3.87E+06;3.90E+06;3.96E+06;4.01E+06;4.07E+06;4.14E+06;4.22E+06;4.30E+06;4.40E+06;4.50E+06;4.60E+06;4.70E+06;4.80E+06;4.91E+06;5.01E+06;5.11E+06;5.21E+06;5.31E+06;5.42E+06;5.53E+06;5.65E+06;5.78E+06;5.91E+06;6.04E+06;6.18E+06;6.31E+06;6.44E+06;6.57E+06;6.70E+06;6.83E+06;6.95E+06;7.07E+06;7.18E+06;7.29E+06;7.39E+06;7.49E+06;7.59E+06;7.68E+06;7.76E+06;7.84E+06;7.92E+06;7.99E+06;8.06E+06;8.13E+06;8.19E+06;8.25E+06;8.30E+06;8.35E+06;8.40E+06;8.45E+06;8.50E+06;         ;         ;         ;         ;         ;         ;         ;         ;         ;         ;         ;         ;         ;         ;         
;95% UL;2.66E+06;2.72E+06;2.78E+06;2.85E+06;2.91E+06;2.97E+06;3.04E+06;3.15E+06;3.26E+06;3.37E+06;3.48E+06;3.59E+06;3.65E+06;3.71E+06;3.76E+06;3.81E+06;3.85E+06;3.91E+06;3.96E+06;4.00E+06;4.04E+06;4.08E+06;4.13E+06;4.19E+06;4.25E+06;4.32E+06;4.40E+06;4.49E+06;4.58E+06;4.69E+06;4.79E+06;4.90E+06;5.00E+06;5.11E+06;5.21E+06;5.31E+06;5.41E+06;5.51E+06;5.63E+06;5.75E+06;5.87E+06;6.00E+06;6.13E+06;6.26E+06;6.40E+06;6.53E+06;6.66E+06;6.80E+06;6.93E+06;7.06E+06;7.18E+06;7.31E+06;7.42E+06;7.54E+06;7.65E+06;7.76E+06;7.86E+06;7.95E+06;8.04E+06;8.13E+06;8.22E+06;8.30E+06;8.37E+06;8.44E+06;8.51E+06;8.58E+06;8.64E+06;8.70E+06;8.76E+06;8.82E+06;8.87E+06;         ;         ;         ;         ;         ;         ;         ;         ;         ;         ;         ;         ;         ;         ;         
Total HIV-positive clients of FSWs;Mean;640.539;1027.53;2280.37;5693.84;14665.8;36804.4;84243.9;167930;282978;418549;566398;720027;863571;997028;1.12E+06;1.22E+06;1.30E+06;1.37E+06;1.43E+06;1.47E+06;1.50E+06;1.52E+06;1.54E+06;1.57E+06;1.60E+06;1.63E+06;1.66E+06;1.70E+06;1.75E+06;1.79E+06;1.84E+06;1.88E+06;1.91E+06;1.94E+06;1.97E+06;1.99E+06;2.00E+06;2.01E+06;2.03E+06;2.03E+06;2.04E+06;2.04E+06;2.04E+06;2.04E+06;2.03E+06;2.02E+06;2.01E+06;2.00E+06;1.98E+06;1.96E+06;1.93E+06;1.91E+06;1.88E+06;1.84E+06;1.81E+06;1.77E+06;1.73E+06;1.68E+06;1.64E+06;1.59E+06;1.54E+06;1.49E+06;1.44E+06;1.39E+06;1.33E+06;1.28E+06;1.23E+06;1.17E+06;1.12E+06;1.07E+06;1.02E+06;         ;         ;         ;         ;         ;         ;         ;         ;         ;         ;         ;         ;         ;         ;         
;95% LL;368.261;618.999;1418.94;3612.73;9910.34;24356.3;52469.8;107725;190209;302163;428272;566513;703339;840732;961648;1.08E+06;1.17E+06;1.26E+06;1.32E+06;1.38E+06;1.42E+06;1.44E+06;1.47E+06;1.50E+06;1.53E+06;1.56E+06;1.60E+06;1.64E+06;1.68E+06;1.73E+06;1.77E+06;1.81E+06;1.84E+06;1.87E+06;1.90E+06;1.92E+06;1.94E+06;1.95E+06;1.96E+06;1.96E+06;1.97E+06;1.97E+06;1.97E+06;1.97E+06;1.96E+06;1.95E+06;1.93E+06;1.92E+06;1.90E+06;1.87E+06;1.85E+06;1.82E+06;1.78E+06;1.75E+06;1.71E+06;1.67E+06;1.63E+06;1.59E+06;1.54E+06;1.49E+06;1.44E+06;1.39E+06;1.34E+06;1.29E+06;1.24E+06;1.19E+06;1.14E+06;1.09E+06;1.04E+06;987537;940703;         ;         ;         ;         ;         ;         ;         ;         ;         ;         ;         ;         ;         ;         ;         
;95% UL;1073.4;1650.93;3360.3;8181.68;21223.4;52563.2;117976;221307;350935;496874;646928;813906;966076;1.10E+06;1.22E+06;1.32E+06;1.40E+06;1.47E+06;1.52E+06;1.55E+06;1.57E+06;1.59E+06;1.60E+06;1.62E+06;1.64E+06;1.68E+06;1.72E+06;1.76E+06;1.80E+06;1.85E+06;1.90E+06;1.94E+06;1.98E+06;2.01E+06;2.03E+06;2.05E+06;2.07E+06;2.08E+06;2.09E+06;2.09E+06;2.10E+06;2.10E+06;2.10E+06;2.09E+06;2.09E+06;2.08E+06;2.07E+06;2.06E+06;2.05E+06;2.03E+06;2.01E+06;1.98E+06;1.95E+06;1.92E+06;1.89E+06;1.85E+06;1.82E+06;1.77E+06;1.73E+06;1.68E+06;1.64E+06;1.59E+06;1.54E+06;1.48E+06;1.43E+06;1.38E+06;1.32E+06;1.27E+06;1.21E+06;1.16E+06;1.11E+06;         ;         ;         ;         ;         ;         ;         ;         ;         ;         ;         ;         ;         ;         ;         
;;         ;         ;         ;         ;         ;         ;         ;         ;         ;         ;         ;         ;         ;         ;         ;         ;0.0882064;0.0852959;0.0825017;0.0798819;0.078301;0.0772367;0.0767297;0.0766438;0.0768657;0.0781777;0.0807519;0.0868454;0.0893473;0.0905635;0.0909128;0.0924743;0.0924679;0.0923782;0.0928049;0.0947496;0.0982777;0.101655;0.105425;0.10923;0.113196;0.117129;0.120937;0.124579;0.12633;0.127769;0.128985;0.130053;0.131008;0.131877;0.132685;0.133449;0.134182;0.134897;0.135601;0.136298;0.136992;0.137686;0.138381;0.139079;0.139781;0.140488;0.1412;0.14192;0.142647;0.143381;0.144124;0.144876;0.145637;0.146408;0.147187;         ;         ;         ;         ;         ;         ;         ;         ;         ;         ;         ;         ;         ;         ;         
;;         ;         ;         ;         ;         ;         ;         ;         ;         ;         ;         ;         ;         ;         ;         ;         ;0.0867942;0.0839795;0.0812823;0.0787888;0.0772828;0.0762789;0.0758265;0.0757405;0.0759458;0.0771994;0.0796625;0.0855158;0.0878671;0.0889587;0.0892842;0.0907544;0.0907073;0.0905214;0.0908101;0.0925025;0.0959378;0.0993756;0.103279;0.107256;0.111421;0.115567;0.119594;0.123453;0.125265;0.126735;0.127964;0.129035;0.129985;0.130846;0.131644;0.132396;0.133118;0.133821;0.134513;0.135199;0.135882;0.136565;0.137249;0.137936;0.138626;0.139322;0.140025;0.140734;0.141451;0.142176;0.14291;0.143653;0.144406;0.145168;0.14594;         ;         ;         ;         ;         ;         ;         ;         ;         ;         ;         ;         ;         ;         ;         
;;         ;         ;         ;         ;         ;         ;         ;         ;         ;         ;         ;         ;         ;         ;         ;         ;0.0910253;0.0879162;0.0849186;0.0821012;0.0803921;0.0791503;0.0784843;0.0783835;0.0786051;0.0798162;0.0822995;0.0885538;0.0912775;0.0925891;0.0930104;0.0947528;0.0947805;0.0948769;0.0956142;0.098041;0.101724;0.104974;0.1085;0.111999;0.115615;0.119142;0.122569;0.125858;0.127501;0.128909;0.130093;0.131145;0.132099;0.132974;0.133791;0.134567;0.135312;0.136037;0.13675;0.137458;0.138162;0.138868;0.139577;0.14029;0.141005;0.141718;0.142441;0.143178;0.143923;0.144676;0.145436;0.146196;0.146964;0.147734;0.14851;         ;         ;         ;         ;         ;         ;         ;         ;         ;         ;         ;         ;         ;         ;         
;;0.0938712;0.0830198;0.0806929;0.0808695;0.0811829;0.081045;0.080147;0.0782579;0.0753739;0.0719764;0.0685144;0.0651989;0.0620632;0.0591317;0.0564072;0.0538992;0.0516905;0.0496498;0.0478117;0.0461966;0.0451685;0.0445057;0.0442766;0.0443512;0.0446352;0.045563;0.0472607;0.0508995;0.0525155;0.0533965;0.0538842;0.0551463;0.0562459;0.0569624;0.0576398;0.0593077;0.0619088;0.0644979;0.0675462;0.0706086;0.0738441;0.077027;0.0800938;0.0830165;0.0845002;0.0856887;0.0866744;0.0875167;0.0882576;0.0889262;0.0895435;0.0901233;0.0906754;0.0912067;0.091722;0.0922234;0.0927126;0.0931904;0.0936576;0.0941143;0.0945611;0.0949987;0.0954279;0.095849;0.0962625;0.0966688;0.0970682;0.0974611;0.0978474;0.0982271;0.0986002;         ;         ;         ;         ;         ;         ;         ;         ;         ;         ;         ;         ;         ;         ;         
;;0.0938712;0.0825331;0.0791807;0.0787556;0.0789016;0.0788373;0.0782813;0.0769614;0.0740835;0.0704029;0.0668409;0.0635618;0.0605596;0.0577356;0.0551363;0.0527305;0.0506197;0.0486572;0.0469173;0.0454241;0.0444884;0.0438673;0.0436872;0.0437921;0.0440699;0.0449575;0.0465667;0.0499808;0.0514648;0.052222;0.0526522;0.0537919;0.0547926;0.0553608;0.0558551;0.0572005;0.0596798;0.0623399;0.0655502;0.068844;0.0723556;0.075844;0.0792274;0.0824649;0.084062;0.0853236;0.0863577;0.087233;0.0879976;0.0886831;0.0893053;0.0898869;0.0904387;0.0909685;0.0914814;0.0919802;0.0924664;0.0929411;0.0934049;0.093858;0.0943078;0.094749;0.0951641;0.0955743;0.0959819;0.0963872;0.0967861;0.0971644;0.0975373;0.0979082;0.0982696;         ;         ;         ;         ;         ;         ;         ;         ;         ;         ;         ;         ;         ;         ;         
;;0.0938712;0.0833702;0.0817746;0.082392;0.0828272;0.0824808;0.0814758;0.0793224;0.0766171;0.0735043;0.070378;0.0672919;0.0641976;0.0611649;0.0583781;0.0557618;0.0533899;0.0511807;0.049222;0.0474899;0.0463754;0.0456469;0.0453636;0.0453955;0.0456285;0.0465315;0.0482353;0.0520572;0.053894;0.0549735;0.0555818;0.0570287;0.0583122;0.0592547;0.0602195;0.06239;0.065164;0.0676546;0.0704625;0.0731881;0.0760242;0.0787623;0.0813639;0.0838193;0.0851372;0.0862289;0.087153;0.087956;0.0886719;0.0893244;0.0899314;0.0905043;0.0910516;0.0915794;0.0920917;0.0925905;0.0930771;0.0935524;0.0940168;0.0944737;0.0949145;0.095349;0.0957803;0.0962146;0.0966296;0.0970282;0.0974226;0.0978206;0.0982029;0.0985778;0.0989567;         ;         ;         ;         ;         ;         ;         ;         ;         ;         ;         ;         ;         ;         ;         
;;0.189705;0.168027;0.161678;0.162836;0.165039;0.16601;0.165224;0.16252;0.158132;0.152746;0.146994;0.141198;0.13549;0.129913;0.124523;0.119358;0.114686;0.110147;0.10585;0.101867;0.0993857;0.097699;0.0968753;0.0967061;0.0969357;0.0985294;0.101647;0.110525;0.114213;0.116172;0.116927;0.119174;0.119119;0.118862;0.119271;0.12161;0.126678;0.131454;0.136326;0.141187;0.146027;0.15073;0.155212;0.159471;0.161132;0.16246;0.163577;0.164555;0.165436;0.166248;0.167009;0.167732;0.168426;0.169101;0.169763;0.170413;0.171056;0.171695;0.172331;0.172969;0.173609;0.174254;0.174906;0.175566;0.176236;0.176917;0.177612;0.178319;0.179042;0.179781;0.180537;         ;         ;         ;         ;         ;         ;         ;         ;         ;         ;         ;         ;         ;         ;         
;;0.189705;0.167673;0.159888;0.158889;0.160322;0.161292;0.161059;0.159641;0.155868;0.150434;0.144451;0.138582;0.13287;0.127377;0.122075;0.117005;0.112438;0.10803;0.10388;0.100048;0.0976733;0.096085;0.0953549;0.0952779;0.0956035;0.0971932;0.100233;0.109047;0.112505;0.114119;0.114841;0.116675;0.116428;0.115755;0.116004;0.117689;0.122498;0.127537;0.132874;0.138299;0.143708;0.148968;0.153985;0.158665;0.160397;0.161816;0.162961;0.163962;0.164863;0.165708;0.166492;0.167214;0.167907;0.168584;0.169249;0.1699;0.170534;0.17117;0.171807;0.172445;0.173085;0.17373;0.174381;0.175043;0.175716;0.176393;0.177078;0.17778;0.178482;0.179198;0.179927;         ;         ;         ;         ;         ;         ;         ;         ;         ;         ;         ;         ;         ;         ;         
;;0.189705;0.168323;0.162988;0.165564;0.168353;0.169133;0.167979;0.164553;0.160104;0.155091;0.149699;0.14409;0.13854;0.133085;0.127506;0.122197;0.117362;0.112628;0.108131;0.103959;0.101378;0.0995858;0.098727;0.0985067;0.0986587;0.100299;0.103542;0.112637;0.116692;0.119145;0.119752;0.122328;0.122283;0.122204;0.12305;0.126115;0.131357;0.135799;0.140171;0.144457;0.148698;0.152807;0.156819;0.160467;0.161983;0.163227;0.164304;0.165261;0.166129;0.166928;0.167681;0.168402;0.169111;0.169787;0.170451;0.171108;0.171758;0.172413;0.173066;0.173719;0.174374;0.175035;0.175702;0.176368;0.177053;0.17775;0.178459;0.179173;0.179901;0.180645;0.181407;         ;         ;         ;         ;         ;         ;         ;         ;         ;         ;         ;         ;         ;         ;         
;;         ;         ;         ;         ;         ;         ;         ;         ;         ;         ;         ;         ;         ;         ;         ;         ;0.0944454;0.092078;0.0895198;0.0868873;0.0858226;0.0848786;0.0835886;0.082268;0.0819022;0.0840035;0.0898555;0.0908667;0.0915868;0.0914503;0.0928389;0.096998;0.0999871;0.103757;0.108531;0.113753;0.113633;0.113275;0.112441;0.112522;0.1131;0.114631;0.116885;0.11947;0.121091;0.122747;0.124028;0.125402;0.126546;0.127345;0.12782;0.128077;0.128176;0.128191;0.128184;0.128182;0.128202;0.128263;0.128378;0.128525;0.128691;0.128868;0.129049;0.129223;0.129386;0.129532;0.129657;0.12976;0.129836;0.129881;0.129895;         ;         ;         ;         ;         ;         ;         ;         ;         ;         ;         ;         ;         ;         ;         
;;         ;         ;         ;         ;         ;         ;         ;         ;         ;         ;         ;         ;         ;         ;         ;         ;0.0935134;0.0911064;0.0885363;0.0859218;0.0848701;0.0839887;0.0827798;0.0815216;0.0812127;0.0833639;0.0890255;0.0900277;0.0909465;0.0909106;0.0923544;0.0964975;0.0994148;0.103041;0.107564;0.112561;0.11256;0.112309;0.11154;0.111713;0.112349;0.113947;0.116248;0.118872;0.120622;0.122404;0.123781;0.125168;0.126282;0.127016;0.127459;0.127719;0.127805;0.127822;0.127804;0.127791;0.127807;0.127862;0.127971;0.128122;0.12829;0.128466;0.128648;0.128829;0.128998;0.129151;0.129281;0.129384;0.129461;0.129509;0.12953;         ;         ;         ;         ;         ;         ;         ;         ;         ;         ;         ;         ;         ;         ;         
;;         ;         ;         ;         ;         ;         ;         ;         ;         ;         ;         ;         ;         ;         ;         ;         ;0.0954104;0.0931028;0.0905788;0.0879579;0.0869053;0.0858935;0.084559;0.0831459;0.082722;0.0848568;0.0908054;0.0917284;0.0922226;0.091931;0.0932349;0.0973928;0.100412;0.104296;0.109278;0.11468;0.114448;0.114017;0.113081;0.113064;0.11356;0.115076;0.117302;0.119854;0.121394;0.12296;0.12416;0.125573;0.126783;0.127639;0.128152;0.128428;0.128532;0.12854;0.128521;0.128503;0.128507;0.128551;0.128651;0.128782;0.128929;0.129087;0.129265;0.12945;0.12963;0.129796;0.12994;0.130057;0.130144;0.130197;0.130215;         ;         ;         ;         ;         ;         ;         ;         ;         ;         ;         ;         ;         ;         ;         
;;         ;         ;         ;         ;         ;         ;         ;         ;         ;         ;         ;         ;         ;         ;         ;         ;0.0898736;0.0885935;0.0875656;0.0869624;0.0957708;0.11066;0.132446;0.159939;0.18763;0.218498;0.26039;0.331587;0.380998;0.424733;0.455748;0.49482;0.54912;0.580664;0.605787;0.634455;0.663533;0.689441;0.713623;0.733258;0.748874;0.762096;0.773336;0.783087;0.788296;0.792451;0.795964;0.799052;0.80185;0.804439;0.806869;0.809173;0.81137;0.813464;0.815454;0.817345;0.819138;0.820836;0.822444;0.823965;0.825405;0.826769;0.828065;0.829298;0.830475;0.831598;0.832673;0.833704;0.834692;0.835642;0.836555;         ;         ;         ;         ;         ;         ;         ;         ;         ;         ;         ;         ;         ;         ;         
;;         ;         ;         ;         ;         ;         ;         ;         ;         ;         ;         ;         ;         ;         ;         ;         ;0.0884145;0.0871805;0.0862732;0.0857638;0.0943666;0.108945;0.130316;0.157333;0.184596;0.215025;0.256308;0.326553;0.375366;0.418347;0.448431;0.486664;0.539522;0.569685;0.593383;0.6204;0.650218;0.67814;0.704575;0.726169;0.743483;0.758123;0.770516;0.78119;0.786745;0.791096;0.794722;0.797872;0.800702;0.803304;0.805736;0.808039;0.810233;0.812324;0.814312;0.816202;0.817995;0.819695;0.821304;0.822843;0.824292;0.825665;0.826968;0.828208;0.829386;0.830502;0.831568;0.832588;0.833563;0.834498;0.835393;         ;         ;         ;         ;         ;         ;         ;         ;         ;         ;         ;         ;         ;         ;         
;;         ;         ;         ;         ;         ;         ;         ;         ;         ;         ;         ;         ;         ;         ;         ;         ;0.0928135;0.0914182;0.0902506;0.0894915;0.0984512;0.113444;0.135253;0.163353;0.191634;0.223196;0.266059;0.338807;0.389241;0.434134;0.465604;0.505225;0.560353;0.592763;0.619129;0.649052;0.676989;0.700738;0.722754;0.740462;0.754364;0.766116;0.776141;0.784944;0.789793;0.793734;0.79712;0.800134;0.802893;0.805462;0.807886;0.810193;0.812398;0.814501;0.816505;0.818427;0.820234;0.821952;0.823579;0.825119;0.826577;0.827965;0.829285;0.830543;0.831744;0.832891;0.83399;0.835044;0.836056;0.83703;0.837967;         ;         ;         ;         ;         ;         ;         ;         ;         ;         ;         ;         ;         ;         ;         
;;         ;         ;         ;         ;         ;         ;         ;         ;         ;         ;         ;         ;         ;         ;         ;         ;0.0530177;0.0522598;0.0517819;0.0516456;0.0583581;0.0697552;0.0870222;0.109426;0.132327;0.158803;0.195968;0.260215;0.307324;0.348048;0.376116;0.412579;0.465466;0.497637;0.523558;0.554669;0.585213;0.612637;0.640217;0.662558;0.680981;0.696534;0.70973;0.721049;0.727212;0.73201;0.735937;0.739285;0.742232;0.74489;0.747336;0.749623;0.751777;0.753812;0.75573;0.757535;0.759231;0.760818;0.762301;0.763685;0.764971;0.766166;0.76728;0.768319;0.769287;0.770188;0.771027;0.771808;0.772532;0.773204;0.773825;         ;         ;         ;         ;         ;         ;         ;         ;         ;         ;         ;         ;         ;         ;         
;;         ;         ;         ;         ;         ;         ;         ;         ;         ;         ;         ;         ;         ;         ;         ;         ;0.0518796;0.0511822;0.0508369;0.0507578;0.0570947;0.0679531;0.0844846;0.106005;0.128074;0.153656;0.189555;0.251564;0.29724;0.33649;0.363786;0.399329;0.450865;0.482104;0.507176;0.537163;0.568782;0.598379;0.628534;0.653303;0.673938;0.691383;0.706169;0.718812;0.72547;0.730521;0.734596;0.738025;0.741011;0.74368;0.746124;0.7484;0.750541;0.752562;0.754468;0.756263;0.757953;0.759528;0.761004;0.76238;0.763657;0.764843;0.765946;0.766971;0.767924;0.768811;0.76964;0.770411;0.771124;0.771738;0.772323;         ;         ;         ;         ;         ;         ;         ;         ;         ;         ;         ;         ;         ;         ;         
;;         ;         ;         ;         ;         ;         ;         ;         ;         ;         ;         ;         ;         ;         ;         ;         ;0.0548085;0.0540466;0.0535327;0.0533546;0.0603654;0.072238;0.0899802;0.113527;0.137588;0.16533;0.204042;0.27143;0.320562;0.363326;0.392468;0.430173;0.484861;0.518368;0.545556;0.578353;0.607534;0.632059;0.656196;0.675275;0.690686;0.70358;0.714506;0.724041;0.729525;0.733895;0.737567;0.740743;0.743648;0.746254;0.748655;0.750909;0.753038;0.75505;0.756965;0.758787;0.760499;0.762083;0.763576;0.764969;0.766264;0.767469;0.768593;0.769644;0.770641;0.771555;0.772409;0.773206;0.77395;0.774642;0.775293;         ;         ;         ;         ;         ;         ;         ;         ;         ;         ;         ;         ;         ;         ;         
;;         ;         ;         ;         ;         ;         ;         ;         ;         ;         ;         ;         ;         ;         ;         ;         ;0.116505;0.113772;0.111469;0.1098;0.118842;0.134642;0.158426;0.188585;0.218478;0.250697;0.293975;0.373793;0.426214;0.472893;0.506935;0.547338;0.603576;0.635244;0.659452;0.686302;0.714555;0.739294;0.761129;0.778483;0.79167;0.802717;0.812068;0.820147;0.824086;0.827246;0.829951;0.83237;0.834598;0.836685;0.838666;0.840559;0.842371;0.844096;0.845732;0.847278;0.848735;0.850105;0.851393;0.852603;0.853738;0.854805;0.855811;0.856761;0.857662;0.858518;0.859334;0.860113;0.860858;0.861574;0.862262;         ;         ;         ;         ;         ;         ;         ;         ;         ;         ;         ;         ;         ;         ;         
;;         ;         ;         ;         ;         ;         ;         ;         ;         ;         ;         ;         ;         ;         ;         ;         ;0.11418;0.11153;0.109344;0.107812;0.116827;0.132623;0.155955;0.185968;0.215367;0.246838;0.289033;0.367001;0.417609;0.461614;0.495956;0.536127;0.591072;0.621388;0.643973;0.668951;0.698368;0.725652;0.75018;0.770075;0.785408;0.798196;0.808923;0.818006;0.822193;0.825482;0.828231;0.83067;0.83291;0.835008;0.837002;0.838917;0.840758;0.84252;0.844197;0.845786;0.847251;0.848641;0.849951;0.851183;0.852347;0.853447;0.854485;0.855464;0.856392;0.857273;0.85811;0.858908;0.85967;0.8604;0.861089;         ;         ;         ;         ;         ;         ;         ;         ;         ;         ;         ;         ;         ;         ;         
;;         ;         ;         ;         ;         ;         ;         ;         ;         ;         ;         ;         ;         ;         ;         ;         ;0.119301;0.116455;0.114016;0.112192;0.121263;0.137444;0.16166;0.19229;0.222863;0.256033;0.300389;0.381789;0.435982;0.484706;0.51885;0.559624;0.616408;0.648793;0.673889;0.702461;0.7295;0.751651;0.770856;0.785853;0.797061;0.806516;0.814744;0.821652;0.825246;0.828302;0.830985;0.833351;0.835536;0.837603;0.839563;0.841436;0.84323;0.844951;0.846586;0.848143;0.849581;0.85094;0.852217;0.853428;0.854582;0.855652;0.856648;0.857602;0.858497;0.859374;0.860194;0.860971;0.861716;0.862431;0.863119;         ;         ;         ;         ;         ;         ;         ;         ;         ;         ;         ;         ;         ;         ;         
;;         ;         ;         ;         ;         ;         ;         ;         ;         ;         ;         ;         ;         ;         ;         ;         ;0.0969012;0.0965918;0.0959437;0.0954633;0.108853;0.130138;0.154128;0.180801;0.210364;0.249435;0.302661;0.323711;0.350189;0.373885;0.379729;0.40989;0.434346;0.441562;0.454995;0.469371;0.470162;0.469683;0.468074;0.469892;0.476607;0.48759;0.496727;0.50638;0.511094;0.514939;0.517522;0.52004;0.521961;0.523176;0.523854;0.524258;0.524518;0.52476;0.525041;0.525366;0.525741;0.52618;0.526697;0.527229;0.527741;0.528212;0.528622;0.528953;0.529192;0.529332;0.529371;0.529307;0.52914;0.528868;0.528497;         ;         ;         ;         ;         ;         ;         ;         ;         ;         ;         ;         ;         ;         ;         
;;         ;         ;         ;         ;         ;         ;         ;         ;         ;         ;         ;         ;         ;         ;         ;         ;0.095885;0.0955228;0.094853;0.0943895;0.10749;0.128551;0.152143;0.178427;0.20772;0.246678;0.299966;0.321505;0.348105;0.371697;0.377575;0.407527;0.43154;0.438212;0.450889;0.464418;0.465366;0.465352;0.464046;0.466184;0.473475;0.484881;0.49439;0.504455;0.509472;0.513418;0.516056;0.518428;0.520188;0.521303;0.52195;0.522319;0.522513;0.522701;0.522948;0.523202;0.52355;0.523989;0.524519;0.525074;0.525619;0.526211;0.526735;0.52711;0.527342;0.527472;0.527498;0.527418;0.527233;0.526999;0.526632;         ;         ;         ;         ;         ;         ;         ;         ;         ;         ;         ;         ;         ;         ;         
;;         ;         ;         ;         ;         ;         ;         ;         ;         ;         ;         ;         ;         ;         ;         ;         ;0.097985;0.0978054;0.0972068;0.0967101;0.110486;0.132101;0.156473;0.183461;0.213179;0.252293;0.305538;0.326046;0.35201;0.37591;0.381767;0.41198;0.43669;0.444324;0.45832;0.473409;0.47412;0.473313;0.471346;0.472748;0.479375;0.489953;0.498675;0.507944;0.512565;0.516207;0.51876;0.521322;0.523247;0.524546;0.52528;0.525687;0.525958;0.526206;0.52655;0.527002;0.527484;0.528008;0.528499;0.529051;0.529602;0.530161;0.530622;0.530944;0.531206;0.531434;0.531556;0.531559;0.531402;0.531133;0.530757;         ;         ;         ;         ;         ;         ;         ;         ;         ;         ;         ;         ;         ;         ;         
;;         ;         ;         ;         ;         ;         ;         ;         ;         ;         ;         ;         ;         ;         ;         ;         ;         ;         ;         ;         ;         ;         ;         ;         ;         ;         ;         ;         ;         ;         ;         ;         ;         ;         ;         ;         ;         ;         ;         ;         ;         ;         ;         ;         ;         ;         ;         ;         ;         ;         ;         ;         ;         ;         ;         ;         ;         ;         ;         ;         ;         ;         ;         ;         ;         ;         ;         ;         ;         ;         ;         ;         ;         ;         ;         ;         ;         ;         ;         ;         ;         ;         ;         ;         ;         ;         
