;;1985;1986;1987;1988;1989;1990;1991;1992;1993;1994;1995;1996;1997;1998;1999;2000;2001;2002;2003;2004;2005;2006;2007;2008;2009;2010;2011;2012;2013;2014;2015;2016;2017;2018;2019;2020;2021;2022;2023;2024;2025;2026;2027;2028;2029;2030;2031;2032;2033;2034;2035;2036;2037;2038;2039;2040;2041;2042;2043;2044;2045;2046;2047;2048;2049;2050;2051;2052;2053;2054;2055;;;;;;;;;;;;;;;
;;;;;;;;;;;;;;;;;;;;;;;;;;;;;;;;;;;;;;;;;;;;;;;;;;;;;;;;;;;;;;;;;;;;;;;;;;;;;;;;;;;;;;;
Mortality statistics;;;;;;;;;;;;;;;;;;;;;;;;;;;;;;;;;;;;;;;;;;;;;;;;;;;;;;;;;;;;;;;;;;;;;;;;;;;;;;;;;;;;;;;
;;;;;;;;;;;;;;;;;;;;;;;;;;;;;;;;;;;;;;;;;;;;;;;;;;;;;;;;;;;;;;;;;;;;;;;;;;;;;;;;;;;;;;;
Infant mortality rate (/1000);Mean;53.60090000;52.44920000;50.92420000;49.47650000;48.12060000;46.96670000;46.26110000;45.97030000;46.15220000;46.77320000;47.74740000;49.07250000;50.00430000;52.22050000;52.26380000;52.43920000;52.74290000;55.15640000;56.49290000;55.56430000;53.06370000;50.09420000;45.59240000;41.25920000;36.34520000;32.74530000;31.03400000;30.27530000;29.59900000;28.93080000;28.30290000;27.82570000;27.43590000;27.17610000;25.09030000;24.94630000;29.03520000;29.30010000;28.53480000;27.76480000;27.01610000;26.28650000;25.58250000;24.90530000;24.25380000;23.62430000;23.01480000;22.42380000;21.84810000;21.28870000;20.74510000;20.21640000;19.70230000;19.20320000;18.71880000;18.24880000;17.79270000;17.35000000;16.92050000;16.50380000;16.09980000;15.70810000;15.32820000;14.95980000;14.60260000;14.25620000;13.92000000;13.59370000;13.27720000;12.96990000;12.67170000;         ;         ;         ;         ;         ;         ;         ;         ;         ;         ;         ;         ;         ;         ;         
;95% LL;53.59770000;52.43880000;50.90580000;49.43940000;48.04440000;46.79830000;45.89450000;45.33060000;45.22210000;45.63210000;46.49730000;47.72200000;48.60510000;50.83960000;50.89170000;51.07830000;51.45220000;53.90650000;55.37510000;54.47820000;52.03450000;49.18740000;44.85600000;40.72890000;36.04090000;32.58480000;30.94140000;30.20290000;29.54150000;28.88510000;28.27040000;27.79790000;27.41030000;27.15060000;25.06440000;24.92060000;29.01010000;29.27610000;28.51260000;27.74550000;26.99920000;26.27210000;25.56970000;24.89360000;24.24280000;23.61370000;23.00460000;22.41390000;21.83840000;21.27940000;20.73600000;20.20760000;19.69390000;19.19510000;18.71100000;18.24130000;17.78550000;17.34320000;16.91400000;16.49770000;16.09390000;15.70250000;15.32290000;14.95470000;14.59770000;14.25150000;13.91540000;13.58930000;13.27290000;12.96590000;12.66790000;         ;         ;         ;         ;         ;         ;         ;         ;         ;         ;         ;         ;         ;         ;         
;95% UL;53.60620000;52.46530000;50.95120000;49.52640000;48.21970000;47.19780000;46.70080000;46.67080000;47.02510000;47.80950000;48.98000000;50.29340000;51.28790000;53.45520000;53.48740000;53.64390000;53.83300000;56.28540000;57.59750000;56.60310000;54.01020000;50.90990000;46.30290000;41.80260000;36.69460000;32.95620000;31.15740000;30.37500000;29.68120000;28.99850000;28.35040000;27.86420000;27.47020000;27.20910000;25.12470000;24.98080000;29.07360000;29.33820000;28.57050000;27.79610000;27.04320000;26.30950000;25.60350000;24.92510000;24.27280000;23.64250000;23.03250000;22.44100000;21.86520000;21.30570000;20.76180000;20.23280000;19.71830000;19.21870000;18.73380000;18.26320000;17.80650000;17.36330000;16.93310000;16.51580000;16.11120000;15.71890000;15.33850000;14.96960000;14.61190000;14.26500000;13.92840000;13.60180000;13.28490000;12.97730000;12.67870000;         ;         ;         ;         ;         ;         ;         ;         ;         ;         ;         ;         ;         ;         ;         
Under-5 mortality rate (/1000);Mean;74.13290000;72.28720000;70.16070000;68.10130000;66.14590000;64.44940000;63.31260000;62.80430000;63.06470000;64.07820000;65.72970000;67.96300000;69.99400000;73.79720000;75.33700000;77.32810000;79.00810000;82.04480000;84.00920000;83.47220000;79.60100000;74.95400000;68.96730000;62.91730000;55.24970000;48.42180000;44.51450000;42.72210000;41.39630000;40.26050000;39.13370000;38.24250000;37.59420000;37.11350000;34.13400000;33.90960000;39.55640000;40.13770000;39.10570000;38.02670000;36.97140000;35.94810000;34.96660000;34.03090000;33.13730000;32.27630000;31.44350000;30.63620000;29.85090000;29.08840000;28.34790000;27.62820000;26.92900000;26.25050000;25.59220000;24.95380000;24.33450000;23.73380000;23.15120000;22.58640000;22.03880000;21.50810000;20.99370000;20.49510000;20.01180000;19.54330000;19.08900000;18.64840000;18.22120000;17.80690000;17.40500000;         ;         ;         ;         ;         ;         ;         ;         ;         ;         ;         ;         ;         ;         ;         
;95% LL;74.12960000;72.27510000;70.13700000;68.05340000;66.04480000;64.24150000;62.84050000;61.95290000;61.76980000;62.34940000;63.75510000;65.82960000;67.77190000;71.54100000;73.07320000;75.13450000;76.79280000;80.01180000;82.06900000;81.72120000;77.91820000;73.42000000;67.66080000;61.90660000;54.58570000;48.05750000;44.29020000;42.56730000;41.28230000;40.16870000;39.06430000;38.18630000;37.54300000;37.06330000;34.08420000;33.85970000;39.50310000;40.08510000;39.05530000;37.98390000;36.93590000;35.91890000;34.94190000;34.00850000;33.11610000;32.25590000;31.42390000;30.61730000;29.83240000;29.07030000;28.33030000;27.61130000;26.91280000;26.23490000;25.57730000;24.93940000;24.32080000;23.72070000;23.13880000;22.57450000;22.02750000;21.49740000;20.98340000;20.48510000;20.00200000;19.53380000;19.07990000;18.63990000;18.21310000;17.79910000;17.39750000;         ;         ;         ;         ;         ;         ;         ;         ;         ;         ;         ;         ;         ;         ;         
;95% UL;74.13820000;72.30620000;70.19520000;68.16760000;66.27500000;64.73810000;63.88720000;63.76850000;64.31770000;65.62030000;67.60070000;70.03040000;72.06640000;75.85160000;77.35850000;79.31050000;80.91400000;83.82880000;85.85080000;85.21650000;81.19600000;76.35370000;70.18890000;63.92120000;55.95630000;48.88770000;44.81330000;42.93230000;41.56160000;40.39970000;39.23500000;38.32160000;37.66240000;37.18110000;34.20190000;33.97870000;39.62880000;40.20880000;39.17520000;38.08660000;37.02340000;35.99430000;35.00880000;34.07050000;33.17460000;32.31170000;31.47800000;30.67000000;29.88450000;29.12180000;28.38100000;27.66090000;26.96100000;26.28170000;25.62250000;24.98300000;24.36260000;23.76080000;23.17700000;22.61090000;22.06210000;21.53020000;21.01460000;20.51490000;20.03060000;19.56110000;19.10590000;18.66450000;18.23650000;17.82150000;17.41890000;         ;         ;         ;         ;         ;         ;         ;         ;         ;         ;         ;         ;         ;         ;         
Total AIDS deaths;Mean;9.59862000;42.61500000;105.22800000;246.00200000;580.79000000;1374.51000000;3144.08000000;6671.15000000;12798.40000000;22311.50000000;35821.60000000;53571.40000000;75481.70000000;100710.00000000;129296.00000000;160042.00000000;189005.00000000;218353.00000000;246433.00000000;273781.00000000;282297.00000000;276575.00000000;258860.00000000;237502.00000000;212540.00000000;180965.00000000;148558.00000000;119372.00000000;103330.00000000;95466.00000000;91990.80000000;87812.50000000;83058.40000000;78989.80000000;75836.90000000;72113.60000000;67463.60000000;62558.60000000;58197.70000000;54599.60000000;51647.20000000;49421.00000000;47737.80000000;46534.80000000;45820.60000000;45407.50000000;45191.20000000;45042.70000000;44921.10000000;44803.10000000;44673.40000000;44522.00000000;44341.90000000;44128.50000000;43878.90000000;43591.70000000;43266.60000000;42903.40000000;42502.70000000;42064.80000000;41590.40000000;41080.20000000;40535.00000000;39955.70000000;39343.10000000;38698.20000000;38022.00000000;37315.50000000;36579.90000000;35816.70000000;35027.50000000;         ;         ;         ;         ;         ;         ;         ;         ;         ;         ;         ;         ;         ;         ;         
;95% LL;5.49660000;24.77840000;64.63930000;159.62200000;376.71200000;983.24100000;2265.87000000;4835.07000000;9499.79000000;16942.10000000;27662.00000000;42197.60000000;60870.90000000;83141.80000000;109360.00000000;138887.00000000;167089.00000000;195561.00000000;223942.00000000;252714.00000000;263051.00000000;258642.00000000;242814.00000000;223291.00000000;199838.00000000;169574.00000000;138687.00000000;110887.00000000;95618.20000000;88159.10000000;84649.80000000;80480.10000000;76030.00000000;72071.80000000;68803.60000000;65037.20000000;61041.10000000;57165.70000000;53926.40000000;51241.10000000;49008.50000000;47309.60000000;46011.10000000;45075.70000000;44512.10000000;44181.80000000;44004.00000000;43875.90000000;43764.20000000;43649.90000000;43520.20000000;43366.60000000;43183.20000000;42966.10000000;42712.80000000;42421.30000000;42085.10000000;41711.70000000;41301.50000000;40865.30000000;40394.20000000;39886.70000000;39340.70000000;38761.80000000;38151.00000000;37512.00000000;36845.80000000;36155.80000000;35437.80000000;34692.40000000;33914.00000000;         ;         ;         ;         ;         ;         ;         ;         ;         ;         ;         ;         ;         ;         ;         
;95% UL;16.26560000;70.70120000;164.95300000;364.75700000;819.51900000;1908.44000000;4306.48000000;8859.73000000;16444.70000000;27698.50000000;43224.10000000;63076.90000000;86994.30000000;113945.00000000;143897.00000000;175142.00000000;204566.00000000;234241.00000000;261777.00000000;288232.00000000;295437.00000000;288771.00000000;269912.00000000;247972.00000000;222334.00000000;189888.00000000;156389.00000000;125903.00000000;109231.00000000;101220.00000000;97759.90000000;93378.70000000;88395.90000000;84601.40000000;81761.20000000;78334.80000000;73312.20000000;67570.40000000;62262.20000000;57869.80000000;54286.30000000;51592.70000000;49569.60000000;48130.80000000;47281.20000000;46793.20000000;46541.40000000;46374.40000000;46244.40000000;46124.10000000;45996.00000000;45848.20000000;45672.70000000;45464.20000000;45219.30000000;44936.30000000;44614.50000000;44253.80000000;43854.60000000;43417.30000000;42942.50000000;42431.10000000;41883.70000000;41301.40000000;40684.90000000;40035.40000000;39353.80000000;38644.10000000;37906.50000000;37140.40000000;36347.40000000;         ;         ;         ;         ;         ;         ;         ;         ;         ;         ;         ;         ;         ;         ;         
Total non-AIDS deaths;Mean;258486.00000000;263822.00000000;269453.00000000;275022.00000000;280541.00000000;286028.00000000;292272.00000000;300127.00000000;307922.00000000;315586.00000000;323049.00000000;330154.00000000;335829.00000000;338131.00000000;341151.00000000;344014.00000000;348652.00000000;359581.00000000;375304.00000000;378731.00000000;382999.00000000;390541.00000000;395992.00000000;402160.00000000;407674.00000000;413418.00000000;419575.00000000;424639.00000000;429854.00000000;435023.00000000;440149.00000000;445235.00000000;450272.00000000;455625.00000000;489028.00000000;589848.00000000;574802.00000000;482052.00000000;487684.00000000;493744.00000000;500220.00000000;507099.00000000;514372.00000000;522026.00000000;530044.00000000;538414.00000000;547138.00000000;556225.00000000;565711.00000000;575590.00000000;585841.00000000;596423.00000000;607280.00000000;618358.00000000;629631.00000000;641085.00000000;652712.00000000;664508.00000000;676467.00000000;688568.00000000;700796.00000000;713146.00000000;725612.00000000;738203.00000000;750944.00000000;763859.00000000;776970.00000000;790299.00000000;803837.00000000;817552.00000000;831439.00000000;         ;         ;         ;         ;         ;         ;         ;         ;         ;         ;         ;         ;         ;         ;         
;95% LL;258486.00000000;263822.00000000;269452.00000000;275021.00000000;280538.00000000;286022.00000000;292257.00000000;300098.00000000;307867.00000000;315490.00000000;322904.00000000;329937.00000000;335521.00000000;337723.00000000;340633.00000000;343379.00000000;347881.00000000;358656.00000000;374207.00000000;377493.00000000;381630.00000000;389047.00000000;394376.00000000;400405.00000000;405815.00000000;411450.00000000;417520.00000000;422497.00000000;427644.00000000;432747.00000000;437810.00000000;442831.00000000;447758.00000000;452991.00000000;486130.00000000;586240.00000000;571255.00000000;479066.00000000;484595.00000000;490560.00000000;496945.00000000;503739.00000000;510931.00000000;518508.00000000;526454.00000000;534754.00000000;543412.00000000;552435.00000000;561862.00000000;571685.00000000;581884.00000000;592418.00000000;603231.00000000;614270.00000000;625508.00000000;636932.00000000;648534.00000000;660310.00000000;672252.00000000;684340.00000000;696560.00000000;708904.00000000;721369.00000000;733962.00000000;746707.00000000;759630.00000000;772753.00000000;786095.00000000;799652.00000000;813390.00000000;827306.00000000;         ;         ;         ;         ;         ;         ;         ;         ;         ;         ;         ;         ;         ;         ;         
;95% UL;258486.00000000;263823.00000000;269454.00000000;275023.00000000;280543.00000000;286034.00000000;292283.00000000;300151.00000000;307971.00000000;315673.00000000;323199.00000000;330400.00000000;336202.00000000;338661.00000000;341867.00000000;344936.00000000;349784.00000000;360948.00000000;376923.00000000;380576.00000000;385094.00000000;392875.00000000;398547.00000000;404891.00000000;410559.00000000;416440.00000000;422716.00000000;427884.00000000;433192.00000000;438445.00000000;443648.00000000;448801.00000000;453900.00000000;459343.00000000;493102.00000000;594922.00000000;579774.00000000;486194.00000000;492006.00000000;498230.00000000;504846.00000000;511864.00000000;519271.00000000;527055.00000000;535189.00000000;543633.00000000;552368.00000000;561455.00000000;571049.00000000;581031.00000000;591381.00000000;602001.00000000;612981.00000000;624162.00000000;635511.00000000;647017.00000000;658599.00000000;670409.00000000;682389.00000000;694502.00000000;706715.00000000;719086.00000000;731596.00000000;744224.00000000;756994.00000000;769932.00000000;783058.00000000;796393.00000000;809928.00000000;823629.00000000;837492.00000000;         ;         ;         ;         ;         ;         ;         ;         ;         ;         ;         ;         ;         ;         ;         
Non-AIDS deaths in HIV-positive individuals;Mean;6.34365000;10.68290000;24.10450000;60.42430000;156.14000000;394.73200000;918.88100000;1873.26000000;3260.09000000;5011.05000000;7067.79000000;9374.75000000;11753.90000000;13903.20000000;16024.60000000;17784.30000000;19605.00000000;21710.10000000;23976.80000000;25426.80000000;26588.50000000;27391.60000000;28314.40000000;29244.30000000;30252.20000000;31346.20000000;32584.30000000;33970.40000000;35537.90000000;37226.50000000;38989.90000000;40828.70000000;42739.30000000;44718.20000000;49365.00000000;61902.60000000;62200.10000000;52641.80000000;55051.90000000;57560.00000000;60170.40000000;62889.30000000;65714.80000000;68645.60000000;71686.20000000;74832.40000000;78078.90000000;81420.40000000;84854.40000000;88376.30000000;91980.60000000;95661.70000000;99413.10000000;103227.00000000;107098.00000000;111017.00000000;114976.00000000;118968.00000000;122979.00000000;126998.00000000;131011.00000000;135005.00000000;138970.00000000;142894.00000000;146769.00000000;150586.00000000;154331.00000000;157990.00000000;161542.00000000;164960.00000000;168224.00000000;         ;         ;         ;         ;         ;         ;         ;         ;         ;         ;         ;         ;         ;         ;         
;95% LL;3.66005000;6.38629000;15.06740000;38.30300000;107.57500000;268.43900000;618.55400000;1232.27000000;2251.55000000;3699.26000000;5496.03000000;7549.54000000;9804.11000000;11948.20000000;14114.00000000;15995.00000000;17889.60000000;20087.80000000;22503.30000000;24096.80000000;25374.30000000;26265.40000000;27206.80000000;28287.80000000;29334.20000000;30486.30000000;31706.30000000;33057.00000000;34615.30000000;36290.60000000;38041.80000000;39870.70000000;41744.10000000;43671.30000000;48198.60000000;60472.90000000;60785.50000000;51464.80000000;53852.60000000;56312.00000000;58873.60000000;61545.80000000;64312.40000000;67167.80000000;70128.70000000;73191.00000000;76350.10000000;79600.90000000;82941.20000000;86366.40000000;89871.20000000;93450.40000000;97097.50000000;100806.00000000;104568.00000000;108377.00000000;112227.00000000;116107.00000000;120007.00000000;123915.00000000;127818.00000000;131704.00000000;135562.00000000;139381.00000000;143154.00000000;146872.00000000;150521.00000000;154088.00000000;157552.00000000;160887.00000000;164072.00000000;         ;         ;         ;         ;         ;         ;         ;         ;         ;         ;         ;         ;         ;         ;         
;95% UL;10.64920000;17.38160000;35.53080000;86.23360000;221.05600000;548.62900000;1279.40000000;2443.02000000;4025.33000000;5949.26000000;8133.31000000;10517.20000000;12961.10000000;15100.70000000;17220.30000000;18977.30000000;20789.00000000;22883.60000000;25130.60000000;26509.50000000;27594.70000000;28313.90000000;29161.10000000;30015.20000000;30951.70000000;31986.30000000;33290.80000000;34794.90000000;36447.20000000;38209.80000000;40061.10000000;41966.20000000;43976.40000000;46026.10000000;50852.50000000;63813.30000000;64151.20000000;54282.40000000;56780.10000000;59376.00000000;62074.40000000;64881.20000000;67794.40000000;70838.60000000;74015.90000000;77302.50000000;80644.00000000;84103.40000000;87663.10000000;91310.90000000;95041.00000000;98839.60000000;102685.00000000;106671.00000000;110718.00000000;114820.00000000;118923.00000000;123034.00000000;127162.00000000;131295.00000000;135420.00000000;139524.00000000;143594.00000000;147621.00000000;151595.00000000;155507.00000000;159344.00000000;163091.00000000;166728.00000000;170229.00000000;173571.00000000;         ;         ;         ;         ;         ;         ;         ;         ;         ;         ;         ;         ;         ;         ;         
AIDS deaths in people who have been on ART;Mean;         ;         ;         ;         ;         ;         ;         ;         ;         ;         ;         ;         ;         ;         ;         ;771.53500000;1336.59000000;1843.06000000;2377.28000000;7509.46000000;13826.80000000;21070.50000000;27810.20000000;33119.40000000;40312.50000000;45825.30000000;48440.60000000;45813.30000000;42861.20000000;40627.10000000;40893.50000000;41815.90000000;41933.00000000;41740.80000000;42472.70000000;42968.10000000;43084.80000000;42865.60000000;42420.80000000;42013.80000000;41593.40000000;41286.00000000;41055.00000000;40848.00000000;40763.50000000;40773.70000000;40854.10000000;40931.90000000;40989.40000000;41018.80000000;41015.10000000;40975.10000000;40896.90000000;40778.90000000;40620.30000000;40420.80000000;40180.50000000;39899.80000000;39579.20000000;39219.40000000;38821.10000000;38385.10000000;37912.30000000;37403.70000000;36860.20000000;36282.90000000;35672.90000000;35031.50000000;34359.80000000;33659.40000000;32932.00000000;         ;         ;         ;         ;         ;         ;         ;         ;         ;         ;         ;         ;         ;         ;         
;95% LL;         ;         ;         ;         ;         ;         ;         ;         ;         ;         ;         ;         ;         ;         ;         ;766.45200000;1327.15000000;1828.81000000;2357.71000000;7441.00000000;13683.60000000;20798.90000000;27358.70000000;32500.40000000;39470.40000000;44705.80000000;47051.40000000;44627.90000000;41801.20000000;39478.10000000;39583.00000000;40378.30000000;40553.00000000;40424.60000000;41111.40000000;41339.10000000;41228.80000000;40942.50000000;40620.00000000;40363.50000000;40101.30000000;39929.50000000;39810.70000000;39703.50000000;39680.20000000;39722.10000000;39811.60000000;39891.80000000;39949.00000000;39977.00000000;39971.50000000;39930.10000000;39851.00000000;39725.20000000;39564.10000000;39361.50000000;39114.20000000;38827.90000000;38520.20000000;38172.40000000;37774.00000000;37339.00000000;36862.80000000;36347.70000000;35798.50000000;35216.30000000;34602.10000000;33960.60000000;33295.90000000;32612.20000000;31902.50000000;         ;         ;         ;         ;         ;         ;         ;         ;         ;         ;         ;         ;         ;         ;         
;95% UL;         ;         ;         ;         ;         ;         ;         ;         ;         ;         ;         ;         ;         ;         ;         ;774.88200000;1343.46000000;1853.04000000;2391.03000000;7555.71000000;13929.80000000;21263.10000000;28139.30000000;33549.40000000;40866.20000000;46535.10000000;49420.20000000;46683.50000000;43616.90000000;41421.70000000;41783.50000000;42778.50000000;42854.00000000;42684.80000000;43486.90000000;44345.40000000;44735.60000000;44601.30000000;44084.80000000;43545.70000000;42994.00000000;42586.90000000;42272.90000000;41971.00000000;41826.50000000;41807.00000000;41883.80000000;41964.40000000;42028.00000000;42064.90000000;42069.40000000;42043.40000000;41970.40000000;41857.10000000;41708.50000000;41520.80000000;41291.30000000;41020.50000000;40708.80000000;40352.20000000;39952.60000000;39533.40000000;39067.80000000;38563.30000000;38023.00000000;37448.10000000;36839.50000000;36198.40000000;35526.30000000;34824.60000000;34094.80000000;         ;         ;         ;         ;         ;         ;         ;         ;         ;         ;         ;         ;         ;         ;         
AIDS deaths in adult males (15+);Mean;0.67490800;5.81590000;20.07910000;54.22210000;137.83300000;346.07700000;847.36900000;1972.11000000;4165.56000000;7882.82000000;13447.30000000;20980.50000000;30113.10000000;40660.50000000;52207.50000000;64244.80000000;75460.40000000;86636.90000000;97043.00000000;106898.00000000;111154.00000000;110966.00000000;106478.00000000;100432.00000000;93725.10000000;83296.40000000;70068.40000000;57337.50000000;50558.80000000;47832.90000000;47211.50000000;45759.70000000;43438.30000000;41505.40000000;40143.10000000;38325.00000000;35970.60000000;33394.60000000;30890.60000000;28834.30000000;27075.20000000;25747.90000000;24721.80000000;23967.50000000;23486.80000000;23176.30000000;22981.50000000;22825.80000000;22687.90000000;22554.30000000;22415.70000000;22265.90000000;22101.30000000;21919.60000000;21719.20000000;21499.50000000;21260.20000000;21001.80000000;20724.40000000;20428.80000000;20115.50000000;19785.20000000;19438.70000000;19076.70000000;18700.00000000;18309.50000000;17905.90000000;17490.20000000;17063.40000000;16626.50000000;16180.80000000;         ;         ;         ;         ;         ;         ;         ;         ;         ;         ;         ;         ;         ;         ;         
;95% LL;0.38997400;3.41014000;12.12370000;33.65950000;87.73680000;234.24300000;577.04200000;1355.70000000;2809.81000000;5380.57000000;9485.37000000;15245.00000000;22657.60000000;31519.50000000;41562.70000000;52814.00000000;63176.90000000;74138.20000000;84687.30000000;94668.40000000;99521.90000000;100081.00000000;96496.30000000;91616.80000000;85533.40000000;75538.50000000;62981.00000000;51222.40000000;45102.50000000;42282.10000000;41370.20000000;39958.70000000;37932.30000000;36100.40000000;34740.60000000;32975.00000000;31105.10000000;29279.20000000;27620.00000000;26257.30000000;25053.70000000;24134.10000000;23406.70000000;22861.10000000;22498.10000000;22250.60000000;22083.40000000;21941.70000000;21809.90000000;21677.20000000;21537.00000000;21384.50000000;21216.90000000;21032.30000000;20829.30000000;20609.00000000;20373.40000000;20117.20000000;19843.10000000;19554.10000000;19245.50000000;18919.50000000;18580.10000000;18226.20000000;17858.60000000;17478.10000000;17085.40000000;16681.50000000;16267.30000000;15844.00000000;15412.60000000;         ;         ;         ;         ;         ;         ;         ;         ;         ;         ;         ;         ;         ;         ;         
;95% UL;1.13277000;9.68532000;31.93740000;80.53430000;196.97700000;480.72400000;1197.63000000;2729.29000000;5665.02000000;10293.90000000;17064.30000000;25652.10000000;35582.30000000;46822.50000000;58501.70000000;71224.40000000;83203.10000000;94981.90000000;105778.00000000;115806.00000000;120039.00000000;119671.00000000;114870.00000000;108414.00000000;101246.00000000;90229.90000000;76252.90000000;62598.90000000;55359.60000000;52585.50000000;52075.10000000;50552.60000000;47954.80000000;45868.30000000;44499.80000000;42651.00000000;39892.20000000;36680.40000000;33462.60000000;30830.10000000;28617.80000000;26963.70000000;25703.60000000;24789.90000000;24221.40000000;23865.20000000;23651.40000000;23486.90000000;23345.50000000;23211.30000000;23073.30000000;22924.60000000;22761.10000000;22580.20000000;22380.00000000;22160.00000000;21919.80000000;21659.70000000;21379.90000000;21081.10000000;20763.70000000;20428.60000000;20076.40000000;19707.80000000;19323.60000000;18924.70000000;18511.80000000;18086.00000000;17648.20000000;17208.10000000;16763.50000000;         ;         ;         ;         ;         ;         ;         ;         ;         ;         ;         ;         ;         ;         ;         
AIDS deaths in adult females (15+);Mean;0.65480400;5.40843000;17.14470000;41.10750000;92.49710000;211.57300000;497.97700000;1148.01000000;2477.31000000;4893.38000000;8829.89000000;14678.40000000;22520.20000000;32539.20000000;44677.00000000;58574.10000000;72505.20000000;87303.70000000;102338.00000000;117492.00000000;123007.00000000;121247.00000000;113176.00000000;103995.00000000;94489.90000000;81857.30000000;67800.10000000;53352.40000000;45352.20000000;41089.60000000;39284.10000000;37464.10000000;35530.80000000;33815.30000000;32408.90000000;30827.90000000;28717.60000000;26576.60000000;24848.10000000;23565.20000000;22631.60000000;21980.10000000;21548.60000000;21289.50000000;21195.10000000;21195.70000000;21256.50000000;21330.80000000;21404.60000000;21470.60000000;21524.20000000;21562.30000000;21583.30000000;21585.90000000;21569.10000000;21532.70000000;21476.60000000;21400.70000000;21305.00000000;21189.40000000;21053.90000000;20898.50000000;20723.20000000;20528.20000000;20313.40000000;20078.90000000;19825.00000000;19551.80000000;19259.50000000;18948.60000000;18619.40000000;         ;         ;         ;         ;         ;         ;         ;         ;         ;         ;         ;         ;         ;         ;         
;95% LL;0.37753800;3.12135000;10.02090000;25.04660000;59.97020000;136.89500000;353.51000000;822.60900000;1816.53000000;3663.53000000;6722.94000000;11666.60000000;18214.90000000;27027.70000000;38151.00000000;51176.80000000;64526.10000000;78874.60000000;93553.70000000;108450.00000000;113951.00000000;112395.00000000;104966.00000000;96761.70000000;88116.70000000;76168.00000000;63006.50000000;49353.30000000;41655.20000000;37365.50000000;35586.90000000;33917.50000000;32237.10000000;30632.20000000;29224.10000000;27665.00000000;25928.50000000;24315.30000000;23050.50000000;22130.60000000;21485.00000000;21052.70000000;20777.10000000;20615.60000000;20569.20000000;20590.00000000;20654.30000000;20727.30000000;20798.10000000;20860.80000000;20911.10000000;20946.20000000;20964.60000000;20965.80000000;20949.80000000;20914.80000000;20860.40000000;20786.80000000;20693.90000000;20581.70000000;20450.00000000;20299.10000000;20128.70000000;19939.10000000;19730.30000000;19495.40000000;19240.40000000;18966.40000000;18673.70000000;18362.80000000;18034.00000000;         ;         ;         ;         ;         ;         ;         ;         ;         ;         ;         ;         ;         ;         ;         
;95% UL;1.09736000;9.00253000;28.04660000;64.79880000;137.43000000;301.32300000;685.83900000;1561.72000000;3271.21000000;6276.01000000;11043.10000000;17729.60000000;26567.10000000;37580.00000000;50631.20000000;65290.20000000;79785.60000000;94938.40000000;110092.00000000;125072.00000000;130154.00000000;128330.00000000;120121.00000000;110033.00000000;99624.60000000;86054.30000000;71548.70000000;56571.90000000;48433.40000000;44566.10000000;43189.00000000;41419.00000000;38907.90000000;37233.30000000;36013.90000000;34650.20000000;32293.80000000;29536.20000000;27157.00000000;25361.00000000;24047.70000000;23137.70000000;22530.20000000;22160.90000000;22012.10000000;21990.10000000;22048.10000000;22127.50000000;22210.30000000;22287.50000000;22353.20000000;22403.90000000;22437.40000000;22452.20000000;22441.90000000;22410.20000000;22357.90000000;22284.90000000;22191.00000000;22078.00000000;21951.40000000;21804.40000000;21627.60000000;21428.60000000;21208.90000000;20970.40000000;20718.90000000;20447.40000000;20156.10000000;19845.60000000;19512.70000000;         ;         ;         ;         ;         ;         ;         ;         ;         ;         ;         ;         ;         ;         ;         
AIDS deaths in children;Mean;8.26891000;31.39070000;68.00390000;150.67300000;350.46000000;816.86400000;1798.73000000;3551.03000000;6155.57000000;9535.33000000;13544.40000000;17912.40000000;22848.50000000;27510.20000000;32411.30000000;37223.20000000;41039.00000000;44412.60000000;47051.90000000;49391.40000000;48135.80000000;44360.80000000;39205.90000000;33075.20000000;24324.60000000;15811.20000000;10689.00000000;8682.50000000;7418.93000000;6543.49000000;5495.20000000;4588.60000000;4089.31000000;3668.98000000;3284.88000000;2960.79000000;2775.42000000;2587.37000000;2459.01000000;2200.06000000;1940.49000000;1693.02000000;1467.45000000;1277.88000000;1138.73000000;1035.50000000;953.18200000;886.02900000;828.65400000;778.11700000;733.58800000;693.82800000;657.27100000;623.02700000;590.58900000;559.55100000;529.68300000;500.91100000;473.23400000;446.58800000;420.98900000;396.47600000;373.07900000;350.82100000;329.72400000;309.80800000;291.07000000;273.48400000;257.01000000;241.60700000;227.23200000;         ;         ;         ;         ;         ;         ;         ;         ;         ;         ;         ;         ;         ;         ;         
;95% LL;4.72909000;18.24690000;42.30600000;99.01640000;241.79500000;594.98000000;1294.86000000;2642.68000000;4776.16000000;7680.65000000;11410.00000000;15629.60000000;20410.00000000;24972.60000000;29882.00000000;34686.10000000;38532.60000000;41881.60000000;44624.10000000;47130.90000000;45954.80000000;42430.80000000;37433.20000000;31520.00000000;23155.30000000;15037.10000000;10199.80000000;8330.57000000;7130.26000000;6291.18000000;5282.10000000;4406.09000000;3921.76000000;3509.90000000;3129.24000000;2805.02000000;2625.54000000;2446.33000000;2328.71000000;2088.35000000;1847.34000000;1614.94000000;1401.45000000;1221.01000000;1087.59000000;987.77100000;907.83000000;842.54300000;786.86000000;737.97400000;695.09400000;656.92400000;621.91700000;589.16400000;558.15300000;528.48400000;499.93300000;472.43600000;445.99600000;420.56500000;396.16100000;372.55000000;350.10100000;328.66800000;308.39100000;289.12000000;270.99000000;254.07600000;238.38300000;223.75700000;210.37100000;         ;         ;         ;         ;         ;         ;         ;         ;         ;         ;         ;         ;         ;         ;         
;95% UL;14.02220000;51.93200000;105.31200000;222.17400000;489.16000000;1125.59000000;2410.87000000;4581.68000000;7503.27000000;11202.80000000;15526.30000000;20143.20000000;25088.70000000;29818.30000000;34641.60000000;39534.40000000;43273.10000000;46696.60000000;49154.60000000;51528.40000000;50281.40000000;46281.80000000;40854.30000000;34493.70000000;25404.60000000;16553.50000000;11196.60000000;9099.84000000;7796.68000000;6865.41000000;5759.48000000;4823.31000000;4308.47000000;3876.23000000;3494.88000000;3168.66000000;2974.47000000;2777.74000000;2637.34000000;2354.48000000;2072.37000000;1805.19000000;1566.99000000;1369.36000000;1225.58000000;1119.71000000;1035.75000000;967.39900000;908.98200000;856.55900000;810.12800000;767.82400000;728.27700000;691.16500000;655.98200000;623.75100000;592.55100000;562.16700000;532.64600000;503.96800000;476.19200000;449.39800000;423.65800000;399.02800000;375.56600000;353.32500000;332.48100000;312.85400000;294.43600000;277.18900000;261.07500000;         ;         ;         ;         ;         ;         ;         ;         ;         ;         ;         ;         ;         ;         ;         
AIDS deaths in 15-24 year olds;Mean;0.34214900;2.47171000;7.08870000;15.86350000;34.09240000;75.35900000;171.94800000;387.77900000;818.34100000;1579.33000000;2775.83000000;4465.67000000;6534.46000000;8914.09000000;11432.40000000;13879.20000000;15882.60000000;17598.70000000;18926.00000000;19871.10000000;19321.00000000;17896.10000000;15995.40000000;14160.60000000;12454.30000000;10534.20000000;8492.49000000;6733.98000000;5852.08000000;5503.50000000;5363.83000000;5116.46000000;4860.31000000;4674.70000000;4529.96000000;4347.06000000;4114.15000000;3831.79000000;3559.06000000;3306.87000000;3031.80000000;2771.85000000;2545.12000000;2352.38000000;2185.32000000;2006.86000000;1826.95000000;1642.29000000;1458.96000000;1293.42000000;1161.95000000;1056.06000000;959.53400000;868.47700000;785.08800000;715.67000000;655.62200000;605.25900000;561.54400000;522.64200000;488.41500000;458.48100000;431.93600000;408.14300000;386.46400000;366.47900000;347.90900000;330.54400000;314.23300000;298.79000000;284.10100000;         ;         ;         ;         ;         ;         ;         ;         ;         ;         ;         ;         ;         ;         ;         
;95% LL;0.19745500;1.43210000;4.18289000;9.76911000;22.05310000;48.08400000;120.71700000;276.37100000;598.64200000;1172.43000000;2141.66000000;3562.94000000;5367.45000000;7525.21000000;9875.12000000;12187.60000000;14156.90000000;15878.60000000;17234.70000000;18235.50000000;17772.80000000;16480.60000000;14698.50000000;12984.50000000;11436.70000000;9672.56000000;7812.77000000;6188.67000000;5366.94000000;5065.29000000;4950.62000000;4733.49000000;4508.28000000;4331.80000000;4184.46000000;4001.33000000;3802.47000000;3575.36000000;3362.54000000;3153.67000000;2912.81000000;2672.90000000;2461.55000000;2280.25000000;2121.30000000;1949.08000000;1772.49000000;1590.74000000;1410.15000000;1247.19000000;1118.14000000;1014.53000000;920.19700000;831.41000000;750.44500000;683.22200000;625.20400000;576.70500000;534.78500000;497.33900000;464.93900000;436.56800000;411.64500000;388.88500000;367.46900000;348.15100000;330.35300000;313.61200000;297.74000000;282.71400000;268.43100000;         ;         ;         ;         ;         ;         ;         ;         ;         ;         ;         ;         ;         ;         ;         
;95% UL;0.57374100;4.12196000;11.63550000;25.15880000;50.96200000;107.95700000;235.89700000;517.73500000;1067.56000000;1992.31000000;3417.22000000;5334.03000000;7596.66000000;10123.70000000;12699.80000000;15133.60000000;17100.90000000;18762.30000000;20054.20000000;20954.00000000;20365.20000000;18878.90000000;16890.50000000;14957.20000000;13151.10000000;11123.40000000;8987.31000000;7136.73000000;6214.81000000;5852.89000000;5704.03000000;5433.28000000;5173.14000000;4962.44000000;4878.99000000;4706.55000000;4438.53000000;4106.63000000;3780.58000000;3489.63000000;3183.59000000;2899.16000000;2650.94000000;2447.07000000;2276.27000000;2093.20000000;1909.30000000;1720.80000000;1533.12000000;1361.58000000;1226.39000000;1116.74000000;1018.82000000;926.24200000;841.00000000;769.69600000;707.75300000;655.63100000;610.26900000;569.77100000;533.94800000;502.16300000;473.91900000;448.59000000;425.38000000;403.33200000;382.94100000;363.96000000;346.20800000;329.44600000;313.78300000;         ;         ;         ;         ;         ;         ;         ;         ;         ;         ;         ;         ;         ;         ;         
AIDS deaths in males aged 15-24 years;Mean;0.10198400;0.66223000;1.74483000;3.74199000;7.96525000;17.58220000;39.51920000;89.24810000;189.56300000;369.10100000;653.56500000;1054.20000000;1534.09000000;2069.03000000;2613.71000000;3127.36000000;3556.58000000;3919.41000000;4192.69000000;4380.99000000;4340.05000000;4135.46000000;3844.71000000;3528.88000000;3222.64000000;2847.24000000;2400.34000000;2028.15000000;1855.07000000;1828.31000000;1869.72000000;1877.19000000;1869.00000000;1877.85000000;1895.59000000;1887.92000000;1851.06000000;1782.55000000;1693.85000000;1600.20000000;1479.50000000;1357.68000000;1246.12000000;1147.02000000;1058.99000000;964.54500000;869.16000000;772.31700000;678.05000000;594.80700000;531.48600000;482.98100000;439.07900000;397.64800000;359.79100000;329.30600000;303.15200000;281.78100000;263.29700000;246.85000000;232.37700000;219.66700000;208.24000000;197.80500000;188.14400000;179.07000000;170.46800000;162.29300000;154.53000000;147.10100000;139.96600000;         ;         ;         ;         ;         ;         ;         ;         ;         ;         ;         ;         ;         ;         ;         
;95% LL;0.05900180;0.38776700;1.04923000;2.29124000;5.01887000;11.23780000;27.20410000;62.05610000;137.82900000;279.99900000;506.99800000;842.03100000;1255.38000000;1728.77000000;2215.62000000;2687.64000000;3098.18000000;3437.46000000;3701.27000000;3878.27000000;3845.04000000;3656.28000000;3388.10000000;3115.61000000;2843.24000000;2511.54000000;2114.83000000;1792.17000000;1640.96000000;1614.80000000;1650.22000000;1659.44000000;1668.54000000;1693.02000000;1716.03000000;1706.71000000;1686.19000000;1645.72000000;1588.72000000;1520.40000000;1417.01000000;1307.81000000;1206.76000000;1112.72000000;1028.81000000;936.92700000;843.84100000;749.50600000;657.73600000;576.69200000;514.63600000;466.67500000;423.28700000;382.58600000;345.35300000;315.72500000;290.52100000;270.07200000;252.21400000;236.53700000;222.81000000;210.65800000;199.64600000;189.60300000;180.27600000;171.44100000;163.14100000;155.19400000;147.64000000;140.41600000;133.48800000;         ;         ;         ;         ;         ;         ;         ;         ;         ;         ;         ;         ;         ;         ;         
;95% UL;0.17157100;1.11891000;2.93407000;6.10816000;12.25750000;25.42100000;54.29430000;120.79700000;247.62300000;469.08900000;812.83200000;1281.36000000;1811.67000000;2370.54000000;2907.23000000;3430.11000000;3894.88000000;4290.74000000;4585.03000000;4784.77000000;4743.82000000;4527.69000000;4217.92000000;3875.45000000;3539.42000000;3130.13000000;2645.59000000;2236.10000000;2043.26000000;2012.16000000;2055.39000000;2058.58000000;2039.69000000;2042.35000000;2058.49000000;2048.20000000;1994.21000000;1899.65000000;1781.76000000;1665.00000000;1528.83000000;1399.60000000;1282.26000000;1180.72000000;1090.63000000;993.38100000;895.03000000;796.60500000;701.05100000;617.11900000;552.94400000;504.07500000;459.91800000;417.73100000;379.05000000;347.71800000;321.30500000;299.32200000;280.39500000;263.84600000;249.24700000;236.43500000;224.94800000;214.48600000;204.23000000;194.61000000;186.05100000;177.86000000;170.02500000;162.28900000;154.57800000;         ;         ;         ;         ;         ;         ;         ;         ;         ;         ;         ;         ;         ;         ;         
AIDS deaths in females aged 15-24 years;Mean;0.24016500;1.80948000;5.34387000;12.12150000;26.12710000;57.77680000;132.42900000;298.53100000;628.77800000;1210.23000000;2122.27000000;3411.48000000;5000.37000000;6845.06000000;8818.72000000;10751.80000000;12326.10000000;13679.30000000;14733.30000000;15490.10000000;14980.90000000;13760.70000000;12150.60000000;10631.80000000;9231.67000000;7686.95000000;6092.15000000;4705.83000000;3997.02000000;3675.19000000;3494.11000000;3239.28000000;2991.31000000;2796.86000000;2634.37000000;2459.13000000;2263.09000000;2049.25000000;1865.21000000;1706.67000000;1552.30000000;1414.17000000;1299.00000000;1205.36000000;1126.33000000;1042.32000000;957.79400000;869.97000000;780.91400000;698.61100000;630.46000000;573.07700000;520.45600000;470.82900000;425.29700000;386.36400000;352.47000000;323.47800000;298.24700000;275.79200000;256.03700000;238.81400000;223.69600000;210.33800000;198.32000000;187.40900000;177.44200000;168.25100000;159.70300000;151.68900000;144.13500000;         ;         ;         ;         ;         ;         ;         ;         ;         ;         ;         ;         ;         ;         ;         
;95% LL;0.13845300;1.04433000;3.12898000;7.43243000;17.00200000;36.84620000;93.51310000;210.71900000;458.80300000;897.33500000;1616.94000000;2688.46000000;4072.27000000;5720.04000000;7587.37000000;9458.44000000;10992.20000000;12361.90000000;13482.70000000;14258.00000000;13810.50000000;12688.50000000;11190.80000000;9808.96000000;8512.80000000;7057.81000000;5575.15000000;4293.40000000;3632.45000000;3331.07000000;3165.06000000;2936.86000000;2720.54000000;2544.15000000;2374.48000000;2195.24000000;2029.54000000;1863.82000000;1726.29000000;1602.55000000;1467.52000000;1343.95000000;1239.66000000;1153.88000000;1080.27000000;1000.76000000;919.92800000;834.84700000;747.87100000;668.13500000;602.21300000;546.34400000;495.26400000;447.24200000;403.28000000;365.76700000;333.17500000;305.34700000;281.17000000;259.70000000;241.11000000;224.78700000;210.29200000;197.44200000;185.88000000;175.37600000;165.77000000;156.91100000;148.67100000;141.09500000;133.99900000;         ;         ;         ;         ;         ;         ;         ;         ;         ;         ;         ;         ;         ;         ;         
;95% UL;0.40217000;3.00305000;8.68811000;18.94490000;38.29260000;82.86950000;183.05000000;397.84800000;816.27100000;1536.31000000;2622.90000000;4087.00000000;5792.83000000;7757.29000000;9807.18000000;11727.10000000;13358.90000000;14672.60000000;15672.40000000;16409.40000000;15822.00000000;14534.00000000;12867.70000000;11299.60000000;9836.92000000;8205.12000000;6522.83000000;5038.60000000;4308.62000000;3986.60000000;3801.53000000;3541.80000000;3282.67000000;3086.48000000;2932.14000000;2773.03000000;2543.80000000;2274.61000000;2040.69000000;1846.70000000;1660.34000000;1502.99000000;1375.57000000;1274.24000000;1190.84000000;1104.28000000;1016.79000000;925.06400000;832.42900000;747.87800000;676.27800000;617.47600000;563.24300000;511.73100000;464.16300000;423.23800000;387.04100000;355.58000000;328.19100000;303.79200000;282.40200000;263.97600000;247.71600000;233.06000000;219.96600000;208.15700000;197.42300000;187.86200000;178.69200000;170.11400000;162.10700000;         ;         ;         ;         ;         ;         ;         ;         ;         ;         ;         ;         ;         ;         ;         
AIDS deaths in 15-49 year olds;Mean;1.32788000;11.03810000;35.94030000;90.36400000;215.06400000;515.55500000;1237.48000000;2864.47000000;6092.92000000;11708.90000000;20393.10000000;32590.20000000;47972.80000000;66511.40000000;87729.20000000;110796.00000000;132918.00000000;155495.00000000;177325.00000000;198436.00000000;205569.00000000;202222.00000000;189870.00000000;175458.00000000;160424.00000000;139749.00000000;115673.00000000;92039.90000000;79058.90000000;72814.20000000;70373.50000000;67192.80000000;63173.40000000;59631.80000000;56747.60000000;53318.30000000;49145.00000000;44736.70000000;40626.70000000;37204.20000000;34266.00000000;31865.80000000;29861.70000000;28180.50000000;26791.90000000;25551.50000000;24391.40000000;23243.40000000;22100.90000000;20976.70000000;19887.70000000;18833.50000000;17840.40000000;16911.60000000;16045.30000000;15238.30000000;14487.70000000;13791.00000000;13142.70000000;12534.80000000;11959.50000000;11410.20000000;10885.20000000;10399.90000000;9938.38000000;9484.72000000;9039.61000000;8594.78000000;8153.03000000;7709.18000000;7244.44000000;         ;         ;         ;         ;         ;         ;         ;         ;         ;         ;         ;         ;         ;         ;         
;95% LL;0.76642700;6.41916000;21.51770000;56.78680000;138.64600000;344.07400000;878.36100000;2017.28000000;4336.72000000;8384.05000000;14762.60000000;24420.90000000;37405.40000000;53461.80000000;72672.40000000;94705.40000000;115680.00000000;137594.00000000;159289.00000000;180999.00000000;189457.00000000;187860.00000000;177429.00000000;164393.00000000;150436.00000000;130476.00000000;107482.00000000;85189.70000000;72683.90000000;66478.10000000;63968.50000000;60927.80000000;57288.70000000;53770.00000000;50884.60000000;47504.70000000;43881.10000000;40318.50000000;37123.70000000;34442.10000000;32088.50000000;30132.10000000;28458.50000000;27001.80000000;25756.60000000;24595.00000000;23487.70000000;22386.80000000;21287.70000000;20205.30000000;19153.50000000;18135.50000000;17174.30000000;16277.90000000;15444.50000000;14670.60000000;13952.70000000;13288.00000000;12670.90000000;12092.80000000;11546.10000000;11013.20000000;10507.90000000;10035.30000000;9585.04000000;9141.92000000;8707.15000000;8269.10000000;7834.98000000;7402.43000000;6949.62000000;         ;         ;         ;         ;         ;         ;         ;         ;         ;         ;         ;         ;         ;         ;         
;95% UL;2.22719000;18.40530000;58.45850000;137.96500000;308.81700000;720.50000000;1714.54000000;3844.00000000;8176.29000000;15093.90000000;25326.10000000;39192.80000000;56139.60000000;76060.10000000;98381.60000000;122213.00000000;144754.00000000;167567.00000000;189773.00000000;210152.00000000;216370.00000000;211808.00000000;198611.00000000;183850.00000000;168391.00000000;147109.00000000;122215.00000000;97561.80000000;84089.20000000;77744.00000000;75335.10000000;72000.10000000;67636.80000000;63890.80000000;61356.40000000;58111.20000000;53485.50000000;48336.30000000;43449.20000000;39411.50000000;36007.80000000;33285.90000000;31038.10000000;29170.50000000;27705.60000000;26392.70000000;25187.20000000;24006.30000000;22843.20000000;21708.50000000;20598.40000000;19528.70000000;18537.80000000;17594.80000000;16727.80000000;15930.40000000;15185.70000000;14491.70000000;13843.30000000;13232.80000000;12651.80000000;12080.40000000;11539.20000000;11046.60000000;10587.40000000;10134.70000000;9686.69000000;9231.60000000;8775.20000000;8311.02000000;7823.70000000;         ;         ;         ;         ;         ;         ;         ;         ;         ;         ;         ;         ;         ;         ;         
AIDS deaths in males aged 15-49 years;Mean;0.67313200;5.69252000;19.15670000;50.36700000;125.28400000;310.21000000;753.77800000;1748.92000000;3686.58000000;6961.05000000;11841.20000000;18409.00000000;26290.70000000;35311.10000000;45091.20000000;55190.90000000;64497.50000000;73660.50000000;82095.30000000;89988.70000000;93119.30000000;92542.70000000;88560.20000000;83358.20000000;77652.20000000;68860.30000000;57715.30000000;47085.40000000;41352.00000000;38992.10000000;38335.30000000;36950.70000000;34834.70000000;33021.10000000;31625.10000000;29816.70000000;27607.50000000;25188.30000000;22768.00000000;20700.60000000;18863.00000000;17358.90000000;16094.30000000;15038.10000000;14179.40000000;13430.30000000;12748.60000000;12089.20000000;11445.80000000;10822.50000000;10225.70000000;9655.57000000;9124.50000000;8632.70000000;8178.13000000;7758.65000000;7372.78000000;7018.09000000;6691.16000000;6386.46000000;6099.90000000;5827.37000000;5567.87000000;5327.33000000;5097.54000000;4870.88000000;4646.23000000;4419.73000000;4192.62000000;3964.54000000;3727.27000000;         ;         ;         ;         ;         ;         ;         ;         ;         ;         ;         ;         ;         ;         ;         
;95% LL;0.38892100;3.33402000;11.58340000;31.42750000;79.93320000;208.98100000;515.05200000;1206.84000000;2503.78000000;4772.94000000;8417.17000000;13516.50000000;19907.20000000;27701.30000000;36351.00000000;45835.10000000;54759.00000000;64162.10000000;72293.30000000;80515.70000000;84206.70000000;84094.50000000;80767.80000000;76293.50000000;70824.00000000;62371.40000000;51776.60000000;41905.40000000;36525.30000000;34228.90000000;33308.70000000;31988.70000000;30110.20000000;28450.30000000;27068.10000000;25320.20000000;23566.30000000;21774.30000000;20020.70000000;18520.40000000;17163.30000000;16010.40000000;15000.30000000;14119.00000000;13365.20000000;12685.00000000;12051.90000000;11431.10000000;10816.70000000;10220.70000000;9650.88000000;9108.34000000;8604.93000000;8140.73000000;7713.51000000;7320.89000000;6961.03000000;6633.84000000;6333.83000000;6054.53000000;5791.82000000;5541.54000000;5297.74000000;5067.64000000;4842.63000000;4624.21000000;4409.93000000;4193.03000000;3974.92000000;3755.50000000;3526.81000000;         ;         ;         ;         ;         ;         ;         ;         ;         ;         ;         ;         ;         ;         ;         
;95% UL;1.12992000;9.49454000;30.66530000;74.97300000;179.47000000;430.80300000;1068.48000000;2413.22000000;4999.17000000;9053.33000000;14956.30000000;22439.50000000;30934.20000000;40482.40000000;50313.70000000;60743.00000000;70581.30000000;80144.70000000;88823.90000000;96806.60000000;99924.20000000;99252.90000000;95116.40000000;89692.70000000;83722.60000000;74553.20000000;62869.00000000;51533.40000000;45452.80000000;43080.80000000;42541.80000000;41114.10000000;38774.90000000;36835.60000000;35431.30000000;33580.20000000;31017.00000000;28051.90000000;25023.80000000;22466.20000000;20242.30000000;18458.80000000;16992.20000000;15795.50000000;14852.50000000;14050.10000000;13333.10000000;12644.30000000;11973.60000000;11323.50000000;10699.90000000;10102.10000000;9543.52000000;9024.49000000;8543.17000000;8097.65000000;7686.72000000;7308.11000000;6958.61000000;6632.68000000;6326.22000000;6035.04000000;5778.25000000;5540.30000000;5312.38000000;5085.11000000;4855.13000000;4628.53000000;4394.40000000;4158.68000000;3913.55000000;         ;         ;         ;         ;         ;         ;         ;         ;         ;         ;         ;         ;         ;         ;         
AIDS deaths in females aged 15-49 years;Mean;0.65474400;5.34554000;16.78360000;39.99700000;89.77980000;205.34600000;483.70600000;1115.55000000;2406.34000000;4747.89000000;8551.90000000;14181.20000000;21682.10000000;31200.30000000;42638.00000000;55605.30000000;68420.20000000;81834.80000000;95229.90000000;108447.00000000;112449.00000000;109679.00000000;101310.00000000;92099.90000000;82772.00000000;70888.50000000;57957.60000000;44954.50000000;37706.90000000;33822.20000000;32038.20000000;30242.10000000;28338.70000000;26610.70000000;25122.50000000;23501.60000000;21537.50000000;19548.40000000;17858.70000000;16503.50000000;15402.90000000;14506.80000000;13767.40000000;13142.40000000;12612.40000000;12121.10000000;11642.70000000;11154.20000000;10655.10000000;10154.20000000;9661.96000000;9177.94000000;8715.85000000;8278.85000000;7867.12000000;7479.66000000;7114.91000000;6772.91000000;6451.58000000;6148.33000000;5859.62000000;5582.80000000;5317.35000000;5072.56000000;4840.85000000;4613.84000000;4393.38000000;4175.05000000;3960.42000000;3744.64000000;3517.17000000;         ;         ;         ;         ;         ;         ;         ;         ;         ;         ;         ;         ;         ;         ;         
;95% LL;0.37750600;3.08514000;9.81175000;24.38870000;58.28320000;132.84600000;343.83500000;799.53800000;1767.97000000;3553.39000000;6529.37000000;11236.00000000;17518.70000000;25930.40000000;36331.20000000;48486.10000000;60773.40000000;73958.20000000;87184.00000000;100250.00000000;104292.00000000;101896.00000000;94103.40000000;85590.50000000;77300.90000000;65943.40000000;53602.90000000;41420.50000000;34582.00000000;30656.20000000;28832.00000000;27160.10000000;25483.00000000;23866.20000000;22404.10000000;20838.00000000;19200.80000000;17669.20000000;16410.00000000;15389.20000000;14535.10000000;13814.40000000;13197.70000000;12643.10000000;12159.70000000;11701.50000000;11244.10000000;10772.00000000;10287.70000000;9801.13000000;9322.99000000;8853.35000000;8405.67000000;7973.86000000;7563.98000000;7179.44000000;6826.35000000;6496.67000000;6186.89000000;5894.52000000;5616.13000000;5349.13000000;5092.07000000;4853.41000000;4627.55000000;4406.51000000;4191.81000000;3978.55000000;3769.06000000;3558.84000000;3337.79000000;         ;         ;         ;         ;         ;         ;         ;         ;         ;         ;         ;         ;         ;         ;         
;95% UL;1.09727000;8.89764000;27.45030000;63.00670000;133.21800000;292.80600000;667.63300000;1515.69000000;3177.56000000;6090.26000000;10656.90000000;17136.70000000;25585.30000000;36037.00000000;48316.10000000;61964.50000000;75258.30000000;88939.70000000;102371.00000000;115349.00000000;118884.00000000;115482.00000000;106841.00000000;97050.50000000;87155.60000000;74666.00000000;61184.40000000;47708.60000000;40409.30000000;36589.40000000;34900.40000000;33467.50000000;31123.30000000;29449.20000000;28080.20000000;26511.00000000;24250.60000000;21745.80000000;19542.80000000;17789.50000000;16397.80000000;15304.50000000;14438.00000000;13732.70000000;13158.80000000;12642.80000000;12151.00000000;11659.50000000;11159.70000000;10653.40000000;10158.20000000;9692.18000000;9245.15000000;8819.95000000;8404.18000000;7995.87000000;7610.19000000;7253.26000000;6915.64000000;6595.01000000;6298.90000000;6012.44000000;5738.95000000;5486.75000000;5247.84000000;5014.15000000;4790.21000000;4569.20000000;4349.98000000;4127.10000000;3887.46000000;         ;         ;         ;         ;         ;         ;         ;         ;         ;         ;         ;         ;         ;         ;         
AIDS deaths in 25-49 year olds;Mean;0.98572700;8.56635000;28.85160000;74.50050000;180.97200000;440.19600000;1065.54000000;2476.69000000;5274.58000000;10129.60000000;17617.30000000;28124.50000000;41438.30000000;57597.30000000;76296.80000000;96917.00000000;117035.00000000;137897.00000000;158399.00000000;178565.00000000;186248.00000000;184326.00000000;173875.00000000;161297.00000000;147970.00000000;129215.00000000;107180.00000000;85305.90000000;73206.80000000;67310.70000000;65009.70000000;62076.30000000;58313.10000000;54957.10000000;52217.70000000;48971.20000000;45030.90000000;40904.90000000;37067.70000000;33897.30000000;31234.20000000;29093.90000000;27316.50000000;25828.10000000;24606.50000000;23544.60000000;22564.40000000;21601.10000000;20641.90000000;19683.30000000;18725.70000000;17777.50000000;16880.80000000;16043.10000000;15260.20000000;14522.60000000;13832.10000000;13185.70000000;12581.20000000;12012.10000000;11471.10000000;10951.70000000;10453.30000000;9991.74000000;9551.92000000;9118.24000000;8691.70000000;8264.24000000;7838.80000000;7410.39000000;6960.34000000;         ;         ;         ;         ;         ;         ;         ;         ;         ;         ;         ;         ;         ;         ;         
;95% LL;0.56897200;4.98707000;17.33480000;47.19970000;116.74800000;293.83400000;752.87000000;1735.00000000;3740.27000000;7139.35000000;12633.30000000;20973.70000000;32195.20000000;46034.10000000;62933.40000000;81886.90000000;100818.00000000;121320.00000000;142075.00000000;163187.00000000;171742.00000000;171211.00000000;162587.00000000;150983.00000000;138661.00000000;120572.00000000;99619.30000000;78782.40000000;67106.40000000;61352.20000000;58975.70000000;56069.00000000;52647.20000000;49439.70000000;46700.20000000;43503.30000000;40078.70000000;36743.20000000;33761.10000000;31282.80000000;29164.60000000;27422.80000000;25953.10000000;24681.60000000;23589.30000000;22616.70000000;21692.70000000;20774.10000000;19854.00000000;18932.00000000;18009.50000000;17096.70000000;16232.50000000;15431.20000000;14674.10000000;13969.40000000;13311.10000000;12696.30000000;12122.50000000;11582.00000000;11068.50000000;10575.00000000;10092.40000000;9643.74000000;9215.32000000;8793.31000000;8373.05000000;7953.82000000;7537.01000000;7115.95000000;6677.93000000;         ;         ;         ;         ;         ;         ;         ;         ;         ;         ;         ;         ;         ;         ;         
;95% UL;1.65345000;14.28330000;46.71160000;112.95500000;259.27400000;610.22800000;1487.78000000;3322.25000000;7131.54000000;13053.70000000;21859.50000000;33790.00000000;48451.50000000;65824.90000000;85528.20000000;106882.00000000;127440.00000000;148699.00000000;169431.00000000;188945.00000000;195791.00000000;192931.00000000;181720.00000000;168892.00000000;155240.00000000;135985.00000000;113242.00000000;90446.80000000;77907.60000000;71932.10000000;69673.80000000;66606.00000000;62526.40000000;58983.80000000;56559.50000000;53389.60000000;49034.10000000;44229.60000000;39678.80000000;35943.10000000;32853.60000000;30419.00000000;28388.80000000;26731.30000000;25415.20000000;24303.80000000;23302.40000000;22332.00000000;21370.60000000;20386.60000000;19403.60000000;18428.40000000;17521.80000000;16672.10000000;15886.80000000;15160.70000000;14478.00000000;13836.10000000;13233.00000000;12663.00000000;12118.90000000;11581.70000000;11073.00000000;10591.20000000;10155.10000000;9723.67000000;9297.78000000;8861.70000000;8425.31000000;7978.69000000;7507.02000000;         ;         ;         ;         ;         ;         ;         ;         ;         ;         ;         ;         ;         ;         ;         
AIDS deaths in males aged 25-49 years;Mean;0.57114800;5.03029000;17.41190000;46.62500000;117.31900000;292.62800000;714.25900000;1659.67000000;3497.02000000;6591.95000000;11187.60000000;17354.80000000;24756.70000000;33242.00000000;42477.50000000;52063.50000000;60940.90000000;69741.00000000;77902.60000000;85607.70000000;88779.20000000;88407.30000000;84715.50000000;79829.30000000;74429.60000000;66013.00000000;55315.00000000;45057.20000000;39496.90000000;37163.80000000;36465.60000000;35073.60000000;32965.70000000;31143.30000000;29729.50000000;27928.70000000;25756.50000000;23405.70000000;21074.20000000;19100.50000000;17383.50000000;16001.30000000;14848.20000000;13891.10000000;13120.40000000;12465.80000000;11879.50000000;11316.80000000;10767.70000000;10227.70000000;9694.22000000;9172.58000000;8685.42000000;8235.06000000;7818.34000000;7429.34000000;7069.63000000;6736.31000000;6427.87000000;6139.61000000;5867.53000000;5607.70000000;5359.63000000;5129.52000000;4909.39000000;4691.81000000;4475.77000000;4257.44000000;4038.09000000;3817.43000000;3587.30000000;         ;         ;         ;         ;         ;         ;         ;         ;         ;         ;         ;         ;         ;         ;         
;95% LL;0.32992000;2.94625000;10.51560000;28.99690000;74.74570000;198.60000000;486.33600000;1142.37000000;2342.59000000;4510.50000000;7881.18000000;12639.80000000;18718.20000000;25883.40000000;34089.60000000;43184.20000000;51441.90000000;60560.00000000;68736.80000000;76497.70000000;80287.70000000;80342.00000000;77297.70000000;73136.60000000;67925.20000000;59821.60000000;49641.40000000;40108.20000000;34884.30000000;32623.20000000;31665.20000000;30322.10000000;28447.40000000;26776.40000000;25378.00000000;23638.00000000;21870.20000000;20110.20000000;18440.30000000;17012.60000000;15732.90000000;14676.20000000;13768.30000000;12983.20000000;12323.10000000;11731.90000000;11186.20000000;10658.00000000;10140.80000000;9633.79000000;9133.53000000;8639.24000000;8179.39000000;7756.13000000;7366.14000000;7003.31000000;6668.88000000;6360.50000000;6078.08000000;5814.30000000;5565.14000000;5326.67000000;5096.67000000;4877.64000000;4666.37000000;4453.46000000;4244.06000000;4035.08000000;3824.55000000;3612.39000000;3390.69000000;         ;         ;         ;         ;         ;         ;         ;         ;         ;         ;         ;         ;         ;         ;         
;95% UL;0.95834800;8.37361000;27.70880000;69.21130000;167.48800000;406.67300000;1006.62000000;2294.53000000;4743.77000000;8585.18000000;14147.60000000;21083.30000000;29121.70000000;38111.90000000;47406.50000000;57363.40000000;66720.20000000;75876.40000000;84249.30000000;92024.70000000;95180.40000000;94725.20000000;90898.50000000;85817.20000000;80183.20000000;71423.10000000;60223.40000000;49297.30000000;43409.60000000;41068.70000000;40486.40000000;39055.50000000;36735.20000000;34793.20000000;33372.80000000;31532.00000000;29022.80000000;26152.30000000;23242.00000000;20801.20000000;18715.90000000;17066.90000000;15721.20000000;14630.10000000;13779.00000000;13073.60000000;12453.60000000;11863.00000000;11287.80000000;10721.80000000;10162.20000000;9613.51000000;9099.39000000;8622.36000000;8179.52000000;7765.09000000;7380.94000000;7024.33000000;6693.96000000;6385.14000000;6093.82000000;5816.00000000;5551.35000000;5323.07000000;5105.29000000;4889.35000000;4673.10000000;4450.31000000;4228.40000000;4003.83000000;3770.50000000;         ;         ;         ;         ;         ;         ;         ;         ;         ;         ;         ;         ;         ;         ;         
AIDS deaths in females aged 25-49 years;Mean;0.41457900;3.53606000;11.43970000;27.87550000;63.65260000;147.56900000;351.27700000;817.02000000;1777.56000000;3537.66000000;6429.63000000;10769.70000000;16681.70000000;24355.30000000;33819.30000000;44853.40000000;56094.10000000;68155.50000000;80496.60000000;92957.10000000;97468.60000000;95918.50000000;89159.40000000;81468.10000000;73540.30000000;63201.50000000;51865.40000000;40248.70000000;33709.90000000;30147.00000000;28544.10000000;27002.80000000;25347.40000000;23813.80000000;22488.20000000;21042.50000000;19274.40000000;17499.20000000;15993.50000000;14796.90000000;13850.60000000;13092.70000000;12468.40000000;11937.10000000;11486.10000000;11078.80000000;10684.90000000;10284.30000000;9874.18000000;9455.62000000;9031.50000000;8604.87000000;8195.39000000;7808.02000000;7441.83000000;7093.30000000;6762.44000000;6449.44000000;6153.33000000;5872.53000000;5603.59000000;5343.98000000;5093.65000000;4862.22000000;4642.53000000;4426.43000000;4215.94000000;4006.80000000;3800.71000000;3592.95000000;3373.04000000;         ;         ;         ;         ;         ;         ;         ;         ;         ;         ;         ;         ;         ;         ;         
;95% LL;0.23905300;2.04081000;6.68277000;16.95630000;41.16630000;96.00010000;250.32200000;589.52600000;1306.42000000;2641.55000000;4915.83000000;8480.11000000;13468.10000000;20171.00000000;28721.30000000;39001.00000000;49716.70000000;61409.60000000;73482.90000000;85931.40000000;90714.70000000;89276.50000000;82934.40000000;75933.70000000;68676.90000000;58780.40000000;47953.40000000;37100.40000000;30834.50000000;27243.50000000;25628.10000000;24216.80000000;22761.50000000;21328.20000000;20028.30000000;18634.70000000;17162.50000000;15799.10000000;14680.90000000;13784.90000000;13059.10000000;12456.90000000;11941.20000000;11484.70000000;11081.80000000;10693.50000000;10308.40000000;9923.22000000;9527.23000000;9122.30000000;8711.64000000;8298.70000000;7902.96000000;7523.78000000;7158.30000000;6815.86000000;6496.48000000;6194.32000000;5908.44000000;5637.26000000;5377.42000000;5126.40000000;4881.99000000;4656.01000000;4441.55000000;4230.35000000;4024.29000000;3819.78000000;3618.43000000;3415.85000000;3202.00000000;         ;         ;         ;         ;         ;         ;         ;         ;         ;         ;         ;         ;         ;         ;         
;95% UL;0.69510100;5.89459000;18.76220000;43.89440000;94.92550000;209.30800000;484.58300000;1114.36000000;2349.73000000;4553.95000000;8116.38000000;13130.10000000;19874.60000000;28419.80000000;38732.10000000;50520.00000000;62349.10000000;74809.40000000;87322.80000000;99675.40000000;103780.00000000;101615.00000000;94081.40000000;86059.60000000;77370.00000000;66495.60000000;54914.00000000;42702.00000000;36102.60000000;32602.80000000;31117.50000000;29905.40000000;27827.60000000;26357.00000000;25158.10000000;23726.70000000;21707.80000000;19478.50000000;17508.00000000;15959.20000000;14751.50000000;13818.90000000;13082.00000000;12478.20000000;11982.10000000;11544.00000000;11141.20000000;10741.80000000;10334.10000000;9912.14000000;9483.34000000;9074.71000000;8681.91000000;8308.22000000;7951.83000000;7583.61000000;7232.95000000;6904.04000000;6592.87000000;6297.06000000;6024.38000000;5751.30000000;5493.92000000;5255.95000000;5031.27000000;4810.49000000;4594.76000000;4381.60000000;4171.39000000;3956.98000000;3724.86000000;         ;         ;         ;         ;         ;         ;         ;         ;         ;         ;         ;         ;         ;         ;         
AIDS deaths in adults aged 50 or older;Mean;0.00183554;0.18627100;1.28352000;4.96557000;15.26620000;42.09420000;107.86200000;255.65400000;549.95300000;1067.25000000;1884.11000000;3068.83000000;4660.41000000;6688.25000000;9155.32000000;12022.70000000;15047.90000000;18445.30000000;22056.30000000;25953.70000000;28592.20000000;29991.80000000;29783.80000000;28969.10000000;27790.80000000;25404.90000000;22195.70000000;18650.10000000;16852.10000000;16108.30000000;16122.10000000;16031.10000000;15795.70000000;15689.00000000;15804.30000000;15834.60000000;15543.20000000;15234.60000000;15112.00000000;15195.30000000;15440.80000000;15862.20000000;16408.70000000;17076.50000000;17890.00000000;18820.50000000;19846.60000000;20913.20000000;21991.60000000;23048.20000000;24052.20000000;24994.70000000;25844.30000000;26593.90000000;27243.10000000;27793.90000000;28249.20000000;28611.50000000;28886.70000000;29083.40000000;29209.80000000;29273.50000000;29276.70000000;29205.00000000;29075.00000000;28903.70000000;28691.30000000;28447.20000000;28169.90000000;27865.90000000;27555.80000000;         ;         ;         ;         ;         ;         ;         ;         ;         ;         ;         ;         ;         ;         ;         
;95% LL;0.00108419;0.11218200;0.79441100;3.13447000;9.59347000;28.45600000;72.72960000;173.12200000;366.71200000;706.05500000;1272.94000000;2107.76000000;3305.32000000;4888.32000000;6879.47000000;9343.57000000;11992.60000000;15121.70000000;18526.30000000;22472.60000000;25335.50000000;26732.60000000;26631.20000000;26210.50000000;25427.90000000;23385.80000000;20400.60000000;17159.70000000;15521.50000000;14833.00000000;14834.60000000;14711.50000000;14504.80000000;14404.20000000;14486.10000000;14486.40000000;14298.90000000;14164.10000000;14208.20000000;14432.30000000;14792.20000000;15299.30000000;15908.20000000;16617.20000000;17446.20000000;18374.10000000;19383.20000000;20426.00000000;21475.60000000;22500.20000000;23470.60000000;24378.90000000;25195.10000000;25912.90000000;26532.40000000;27056.10000000;27487.50000000;27829.30000000;28087.40000000;28270.60000000;28387.10000000;28444.20000000;28421.70000000;28328.70000000;28186.30000000;28011.00000000;27797.50000000;27554.90000000;27281.70000000;26994.90000000;26682.70000000;         ;         ;         ;         ;         ;         ;         ;         ;         ;         ;         ;         ;         ;         ;         
;95% UL;0.00284538;0.29026000;1.92439000;7.24714000;21.70510000;59.22410000;152.39600000;355.62900000;757.61700000;1417.04000000;2428.51000000;3860.46000000;5693.13000000;7962.82000000;10614.70000000;13701.70000000;16976.70000000;20580.60000000;24283.20000000;28225.50000000;30879.30000000;32213.40000000;31858.80000000;30859.90000000;29482.30000000;26873.80000000;23427.70000000;19621.40000000;17827.20000000;17197.50000000;17349.70000000;17390.50000000;17272.90000000;17276.30000000;17522.20000000;17656.10000000;17282.20000000;16781.50000000;16441.20000000;16341.60000000;16424.70000000;16702.00000000;17145.20000000;17735.60000000;18509.60000000;19432.60000000;20493.70000000;21598.30000000;22678.80000000;23740.60000000;24770.60000000;25740.00000000;26593.10000000;27360.50000000;28001.20000000;28577.40000000;29067.00000000;29462.80000000;29762.70000000;29972.20000000;30109.60000000;30182.10000000;30192.10000000;30125.20000000;29998.20000000;29828.60000000;29617.10000000;29373.60000000;29096.80000000;28793.60000000;28484.80000000;         ;         ;         ;         ;         ;         ;         ;         ;         ;         ;         ;         ;         ;         ;         
AIDS deaths in men aged 50 or older;Mean;0.00177536;0.12337800;0.92241700;3.85512000;12.54880000;35.86690000;93.59140000;223.19200000;478.98400000;921.76900000;1606.12000000;2571.54000000;3822.31000000;5349.40000000;7116.27000000;9053.88000000;10962.90000000;12976.40000000;14947.70000000;16909.30000000;18034.80000000;18423.70000000;17917.70000000;17073.60000000;16072.90000000;14436.10000000;12353.10000000;10252.10000000;9206.85000000;8840.79000000;8876.20000000;8808.99000000;8603.64000000;8484.31000000;8518.00000000;8508.30000000;8363.04000000;8206.38000000;8122.56000000;8133.64000000;8212.15000000;8388.94000000;8627.50000000;8929.40000000;9307.38000000;9745.92000000;10232.90000000;10736.70000000;11242.10000000;11731.80000000;12190.00000000;12610.30000000;12976.80000000;13286.90000000;13541.10000000;13740.80000000;13887.50000000;13983.70000000;14033.30000000;14042.40000000;14015.60000000;13957.90000000;13870.80000000;13749.40000000;13602.50000000;13438.60000000;13259.60000000;13070.50000000;12870.80000000;12662.00000000;12453.50000000;         ;         ;         ;         ;         ;         ;         ;         ;         ;         ;         ;         ;         ;         ;         
;95% LL;0.00105123;0.07612250;0.56854500;2.44358000;8.12947000;24.13870000;62.25060000;147.63600000;306.02600000;588.13900000;1038.06000000;1718.82000000;2610.50000000;3753.45000000;5143.20000000;6747.18000000;8411.77000000;10256.50000000;12171.00000000;14093.70000000;15315.20000000;15865.10000000;15748.00000000;15319.60000000;14485.40000000;13038.80000000;11169.10000000;9265.07000000;8286.96000000;7920.67000000;7910.93000000;7829.31000000;7688.94000000;7621.92000000;7634.21000000;7603.55000000;7530.18000000;7503.05000000;7556.40000000;7668.64000000;7824.72000000;8059.41000000;8340.43000000;8670.84000000;9060.42000000;9498.63000000;9976.03000000;10466.20000000;10955.10000000;11426.50000000;11865.30000000;12266.10000000;12612.00000000;12891.50000000;13115.80000000;13286.80000000;13406.20000000;13477.20000000;13503.80000000;13492.10000000;13447.10000000;13373.80000000;13277.10000000;13149.70000000;13000.10000000;12835.90000000;12659.10000000;12471.60000000;12273.80000000;12068.50000000;11864.70000000;         ;         ;         ;         ;         ;         ;         ;         ;         ;         ;         ;         ;         ;         ;         
;95% UL;0.00274800;0.18681400;1.36198000;5.56122000;17.60190000;51.85390000;134.80200000;316.21300000;665.84500000;1240.61000000;2108.02000000;3230.99000000;4677.83000000;6340.12000000;8279.14000000;10481.40000000;12621.80000000;14837.10000000;16954.30000000;18999.30000000;20114.80000000;20418.20000000;19754.10000000;18721.30000000;17523.50000000;15676.70000000;13383.90000000;11065.40000000;9906.80000000;9504.61000000;9601.49000000;9584.91000000;9390.58000000;9341.32000000;9429.00000000;9442.08000000;9247.59000000;8998.79000000;8807.54000000;8725.01000000;8723.82000000;8839.15000000;9030.24000000;9291.88000000;9649.64000000;10081.20000000;10564.70000000;11077.40000000;11587.20000000;12082.80000000;12546.60000000;12959.90000000;13350.00000000;13667.90000000;13922.40000000;14120.40000000;14265.30000000;14364.60000000;14421.30000000;14448.40000000;14437.50000000;14393.60000000;14318.00000000;14204.60000000;14063.00000000;13902.30000000;13724.30000000;13534.10000000;13331.40000000;13118.30000000;12904.60000000;         ;         ;         ;         ;         ;         ;         ;         ;         ;         ;         ;         ;         ;         ;         
AIDS deaths in women aged 50 or older;Mean;0.00006018;0.06289280;0.36110100;1.11045000;2.71738000;6.22725000;14.27110000;32.46200000;70.96880000;145.48500000;277.98800000;497.28900000;838.09900000;1338.85000000;2039.05000000;2968.83000000;4085.02000000;5468.88000000;7108.57000000;9044.37000000;10557.40000000;11568.10000000;11866.00000000;11895.50000000;11717.90000000;10968.90000000;9842.52000000;8397.94000000;7645.26000000;7267.47000000;7245.93000000;7222.08000000;7192.04000000;7204.65000000;7286.35000000;7326.28000000;7180.15000000;7028.21000000;6989.40000000;7061.70000000;7228.62000000;7473.26000000;7781.20000000;8147.06000000;8582.65000000;9074.61000000;9613.74000000;10176.60000000;10749.50000000;11316.40000000;11862.20000000;12384.40000000;12867.50000000;13307.00000000;13702.00000000;14053.10000000;14361.70000000;14627.80000000;14853.40000000;15041.00000000;15194.20000000;15315.70000000;15405.90000000;15455.60000000;15472.50000000;15465.10000000;15431.60000000;15376.70000000;15299.10000000;15204.00000000;15102.30000000;         ;         ;         ;         ;         ;         ;         ;         ;         ;         ;         ;         ;         ;         ;         
;95% LL;0.00003163;0.03620520;0.20920200;0.65782600;1.69781000;3.96273000;9.53204000;22.67730000;51.69780000;107.80000000;207.35800000;378.09600000;651.14500000;1059.88000000;1650.95000000;2465.68000000;3461.98000000;4686.20000000;6144.62000000;7927.56000000;9349.59000000;10317.60000000;10605.90000000;10702.80000000;10596.30000000;9995.76000000;8989.89000000;7708.29000000;7010.12000000;6607.24000000;6582.93000000;6550.20000000;6549.89000000;6563.51000000;6631.03000000;6645.46000000;6545.06000000;6482.08000000;6527.65000000;6678.38000000;6870.22000000;7159.70000000;7474.51000000;7857.18000000;8298.22000000;8792.05000000;9332.57000000;9896.81000000;10471.40000000;11040.10000000;11587.30000000;12104.00000000;12581.70000000;13007.60000000;13389.80000000;13729.20000000;14024.90000000;14277.90000000;14491.60000000;14668.40000000;14811.70000000;14924.10000000;15006.20000000;15049.10000000;15060.40000000;15048.10000000;15011.10000000;14956.90000000;14881.20000000;14788.90000000;14690.80000000;         ;         ;         ;         ;         ;         ;         ;         ;         ;         ;         ;         ;         ;         ;         
;95% UL;0.00009901;0.10488800;0.59627500;1.79213000;4.17485000;8.91258000;19.93060000;43.74770000;93.84960000;190.06200000;353.47600000;620.64500000;1019.59000000;1592.94000000;2383.39000000;3418.27000000;4663.88000000;6208.63000000;7981.67000000;10006.00000000;11578.60000000;12636.70000000;12895.20000000;12893.90000000;12663.80000000;11834.20000000;10618.50000000;9098.29000000;8469.58000000;8068.42000000;8013.30000000;7956.21000000;7991.86000000;8038.28000000;8201.26000000;8289.48000000;8073.53000000;7812.65000000;7633.62000000;7616.59000000;7711.85000000;7905.30000000;8172.15000000;8520.16000000;8943.51000000;9431.34000000;9972.09000000;10538.70000000;11116.90000000;11690.50000000;12250.80000000;12781.90000000;13285.10000000;13736.90000000;14141.50000000;14497.90000000;14811.00000000;15082.20000000;15324.80000000;15531.90000000;15702.00000000;15834.70000000;15935.70000000;16008.80000000;16040.70000000;16031.70000000;15996.70000000;15949.00000000;15881.30000000;15797.40000000;15708.10000000;         ;         ;         ;         ;         ;         ;         ;         ;         ;         ;         ;         ;         ;         ;         
Life expectancy at birth;Mean;62.70120000;62.80700000;62.94560000;63.07560000;63.19390000;63.28450000;63.31080000;63.24360000;63.03010000;62.63520000;62.04740000;61.26260000;60.34490000;59.39380000;58.37930000;57.33530000;56.34770000;55.20180000;54.07400000;53.45980000;53.60630000;54.15130000;55.19300000;56.30950000;57.57920000;59.06860000;60.54490000;61.86200000;62.69380000;63.21830000;63.58280000;63.95990000;64.33920000;64.68220000;64.37080000;62.50110000;62.77470000;65.32660000;65.67950000;66.00630000;66.30880000;66.58480000;66.83940000;67.07430000;67.29010000;67.49310000;67.68710000;67.87590000;68.06120000;68.24350000;68.42310000;68.60010000;68.77450000;68.94660000;69.11630000;69.28370000;69.44910000;69.61230000;69.77330000;69.93220000;70.08880000;70.24320000;70.39540000;70.54530000;70.69290000;70.83830000;70.98140000;71.12230000;71.26090000;71.39710000;71.53100000;         ;         ;         ;         ;         ;         ;         ;         ;         ;         ;         ;         ;         ;         ;         
;95% LL;62.70070000;62.80520000;62.94170000;63.06800000;63.17860000;63.25080000;63.24200000;63.11520000;62.81550000;62.33000000;61.64830000;60.77630000;59.78550000;58.77840000;57.74110000;56.70600000;55.71380000;54.56970000;53.48940000;52.92510000;53.11570000;53.70580000;54.79340000;55.94430000;57.23220000;58.74640000;60.25690000;61.61860000;62.47490000;63.00850000;63.37710000;63.76510000;64.16200000;64.50480000;64.18050000;62.32270000;62.60760000;65.17530000;65.56030000;65.91250000;66.23480000;66.52550000;66.79070000;67.03230000;67.25190000;67.45760000;67.65300000;67.84300000;68.02890000;68.21140000;68.39100000;68.56800000;68.74230000;68.91450000;69.08450000;69.25230000;69.41790000;69.58150000;69.74290000;69.90210000;70.05910000;70.21390000;70.36650000;70.51680000;70.66490000;70.81070000;70.95440000;71.09550000;71.23400000;71.37020000;71.50410000;         ;         ;         ;         ;         ;         ;         ;         ;         ;         ;         ;         ;         ;         ;         
;95% UL;62.70140000;62.80810000;62.94820000;63.08130000;63.20690000;63.30930000;63.36700000;63.35620000;63.22670000;62.93880000;62.49020000;61.84490000;61.05620000;60.21080000;59.26490000;58.25230000;57.26190000;56.07690000;54.88240000;54.21220000;54.33050000;54.83300000;55.82170000;56.87010000;58.06550000;59.50060000;60.92570000;62.18250000;62.98850000;63.50440000;63.86370000;64.22830000;64.59470000;64.92060000;64.60070000;62.70890000;62.96500000;65.50090000;65.81780000;66.11560000;66.39520000;66.65460000;66.89670000;67.12260000;67.33300000;67.53290000;67.72480000;67.91220000;68.09620000;68.27760000;68.45620000;68.63220000;68.80560000;68.97670000;69.14550000;69.31210000;69.47700000;69.63960000;69.80020000;69.95840000;70.11450000;70.26830000;70.41990000;70.56920000;70.71670000;70.86150000;71.00390000;71.14390000;71.28170000;71.41710000;71.55050000;         ;         ;         ;         ;         ;         ;         ;         ;         ;         ;         ;         ;         ;         ;         
Life expectancy at birth: males;Mean;58.74190000;58.84710000;58.96920000;59.08470000;59.18790000;59.26170000;59.26700000;59.17130000;58.92200000;58.48780000;57.86630000;57.07260000;56.18650000;55.41100000;54.62170000;53.87370000;53.12440000;52.20300000;51.34500000;51.14200000;51.35810000;51.83510000;52.67560000;53.61650000;54.71320000;56.03020000;57.38180000;58.54730000;59.28660000;59.73370000;60.04840000;60.40380000;60.78570000;61.12820000;61.11710000;59.54070000;59.44270000;61.54240000;61.88880000;62.21100000;62.51190000;62.78390000;63.03350000;63.26210000;63.46990000;63.66380000;63.84780000;64.02620000;64.20080000;64.37230000;64.54100000;64.70710000;64.87090000;65.03240000;65.19180000;65.34910000;65.50450000;65.65790000;65.80920000;65.95870000;66.10600000;66.25130000;66.39450000;66.53560000;66.67460000;66.81140000;66.94620000;67.07900000;67.20960000;67.33810000;67.46460000;         ;         ;         ;         ;         ;         ;         ;         ;         ;         ;         ;         ;         ;         ;         
;95% LL;58.74150000;58.84540000;58.96560000;59.07740000;59.17250000;59.22710000;59.19630000;59.02600000;58.69990000;58.16580000;57.44670000;56.56780000;55.59450000;54.77580000;53.99210000;53.25690000;52.55130000;51.61760000;50.76430000;50.56110000;50.78110000;51.26690000;52.11900000;53.07920000;54.19950000;55.54740000;56.94320000;58.16870000;58.94270000;59.39890000;59.71310000;60.07920000;60.48420000;60.84190000;60.84280000;59.29520000;59.22220000;61.34180000;61.73180000;62.08890000;62.41700000;62.70840000;62.97210000;63.21040000;63.42400000;63.62140000;63.80740000;63.98740000;64.16320000;64.33570000;64.50540000;64.67250000;64.83720000;64.99970000;65.15990000;65.31820000;65.47440000;65.62870000;65.78110000;65.93140000;66.07970000;66.22590000;66.37000000;66.51200000;66.65190000;66.78970000;66.92540000;67.05830000;67.18910000;67.31780000;67.44480000;         ;         ;         ;         ;         ;         ;         ;         ;         ;         ;         ;         ;         ;         ;         
;95% UL;58.74210000;58.84820000;58.97170000;59.09020000;59.20100000;59.28780000;59.32670000;59.29350000;59.14050000;58.85130000;58.38370000;57.76020000;57.00480000;56.31130000;55.56740000;54.86420000;54.12790000;53.18450000;52.26580000;52.01700000;52.15270000;52.55850000;53.36940000;54.23570000;55.30130000;56.58920000;57.89570000;58.99010000;59.68960000;60.11860000;60.44430000;60.79930000;61.16010000;61.47870000;61.45780000;59.84470000;59.71640000;61.79120000;62.08620000;62.36640000;62.63340000;62.88080000;63.11260000;63.32870000;63.52900000;63.71850000;63.89990000;64.07650000;64.24970000;64.41990000;64.58750000;64.75260000;64.91540000;65.07600000;65.23440000;65.39080000;65.54520000;65.69750000;65.84770000;65.99590000;66.14200000;66.28610000;66.42810000;66.56800000;66.70580000;66.84150000;66.97510000;67.10690000;67.23660000;67.36400000;67.48920000;         ;         ;         ;         ;         ;         ;         ;         ;         ;         ;         ;         ;         ;         ;         
Life expectancy at birth: females;Mean;66.72250000;66.82890000;66.98430000;67.12900000;67.26260000;67.37030000;67.41810000;67.37970000;67.20260000;66.84760000;66.29400000;65.51840000;64.56850000;63.43890000;62.19570000;60.85120000;59.62160000;58.24770000;56.84590000;55.81390000;55.88980000;56.50370000;57.74990000;59.04460000;60.49010000;62.15460000;63.75750000;65.22860000;66.15430000;66.75750000;67.17250000;67.57180000;67.94830000;68.29190000;67.67550000;65.50780000;66.15890000;69.17010000;69.52960000;69.86120000;70.16510000;70.44540000;70.70490000;70.94620000;71.17010000;71.38250000;71.58650000;71.78600000;71.98210000;72.17550000;72.36610000;72.55410000;72.73930000;72.92200000;73.10220000;73.28000000;73.45550000;73.62870000;73.79950000;73.96790000;74.13400000;74.29770000;74.45890000;74.61780000;74.77420000;74.92830000;75.07990000;75.22910000;75.37570000;75.51970000;75.66120000;         ;         ;         ;         ;         ;         ;         ;         ;         ;         ;         ;         ;         ;         ;         
;95% LL;66.72200000;66.82690000;66.98010000;67.12120000;67.24740000;67.33950000;67.35170000;67.26470000;67.01210000;66.57700000;65.93230000;65.05720000;64.01480000;62.80840000;61.51010000;60.13600000;58.89820000;57.54090000;56.15240000;55.16120000;55.28760000;55.91270000;57.18020000;58.54080000;60.06170000;61.77960000;63.43370000;64.95540000;65.89860000;66.48350000;66.88030000;67.23570000;67.66190000;68.03410000;67.41790000;65.26370000;65.93380000;68.96680000;69.37170000;69.74010000;70.07150000;70.37090000;70.64310000;70.89260000;71.12040000;71.33480000;71.53980000;71.73970000;71.93600000;72.12960000;72.32050000;72.50880000;72.69430000;72.87710000;73.05760000;73.23550000;73.41140000;73.58490000;73.75610000;73.92500000;74.09160000;74.25540000;74.41660000;74.57540000;74.73180000;74.88590000;75.03750000;75.18680000;75.33340000;75.47760000;75.61920000;         ;         ;         ;         ;         ;         ;         ;         ;         ;         ;         ;         ;         ;         ;         
;95% UL;66.72280000;66.83010000;66.98700000;67.13480000;67.27540000;67.39470000;67.47050000;67.48080000;67.37720000;67.12190000;66.67160000;66.02050000;65.17820000;64.15340000;62.97310000;61.66410000;60.45310000;59.09220000;57.68920000;56.63170000;56.66980000;57.23710000;58.44760000;59.66750000;61.04070000;62.63670000;64.18440000;65.58730000;66.46570000;67.05990000;67.47780000;67.86900000;68.21890000;68.54980000;67.92090000;65.72820000;66.35660000;69.34510000;69.66550000;69.96650000;70.24790000;70.51220000;70.76080000;70.99510000;71.21480000;71.42460000;71.62710000;71.82580000;72.02160000;72.21460000;72.40480000;72.59190000;72.77630000;72.95810000;73.13750000;73.31450000;73.48910000;73.66140000;73.83140000;73.99900000;74.16420000;74.32700000;74.48740000;74.64540000;74.80110000;74.95490000;75.10640000;75.25540000;75.40180000;75.54560000;75.68680000;         ;         ;         ;         ;         ;         ;         ;         ;         ;         ;         ;         ;         ;         ;         
Prob that 15-year old dies before 60;Mean;0.28191400;0.28293000;0.28396900;0.28505700;0.28626500;0.28777100;0.28996500;0.29354700;0.29945500;0.30857700;0.32145300;0.33814900;0.35828300;0.37717100;0.40013600;0.42288700;0.44418500;0.46614700;0.48806200;0.50519700;0.50873200;0.50192500;0.48648500;0.46870700;0.44982100;0.42495200;0.39619700;0.36713400;0.34905400;0.33802400;0.33125700;0.32401000;0.31613700;0.30890700;0.31050600;0.33930100;0.32564300;0.27946200;0.27303900;0.26742900;0.26242200;0.25803600;0.25408800;0.25049700;0.24724000;0.24418200;0.24124900;0.23835400;0.23547000;0.23257900;0.22967300;0.22674600;0.22380300;0.22085000;0.21790200;0.21497500;0.21208600;0.20924800;0.20647200;0.20376600;0.20113800;0.19858900;0.19611800;0.19372400;0.19140600;0.18915800;0.18697800;0.18486200;0.18280500;0.18080100;0.17884700;         ;         ;         ;         ;         ;         ;         ;         ;         ;         ;         ;         ;         ;         ;         
;95% LL;0.28191300;0.28292200;0.28394500;0.28500000;0.28613100;0.28747200;0.28934300;0.29213100;0.29664000;0.30337900;0.31311000;0.32648400;0.34374800;0.35972900;0.38109100;0.40217700;0.42255300;0.44491300;0.46806300;0.48682000;0.49121400;0.48626200;0.47290700;0.45630800;0.43866100;0.41504000;0.38705600;0.35932700;0.34188100;0.33136700;0.32456600;0.31742400;0.30997800;0.30299800;0.30458300;0.33375600;0.32061700;0.27500100;0.26949400;0.26461600;0.26017800;0.25620300;0.25255300;0.24917500;0.24603600;0.24305300;0.24016500;0.23730400;0.23445100;0.23159500;0.22872100;0.22582700;0.22291500;0.21999400;0.21707800;0.21418200;0.21132300;0.20851800;0.20577100;0.20309500;0.20049600;0.19796600;0.19552700;0.19316400;0.19086700;0.18864800;0.18649600;0.18440800;0.18237700;0.18039900;0.17846800;         ;         ;         ;         ;         ;         ;         ;         ;         ;         ;         ;         ;         ;         ;         
;95% UL;0.28191600;0.28294300;0.28400700;0.28513800;0.28642800;0.28811200;0.29080000;0.29516900;0.30283500;0.31373300;0.32861200;0.34724500;0.36904700;0.38929400;0.41326300;0.43663900;0.45802000;0.47977500;0.50100100;0.51745200;0.52002700;0.51216300;0.49590000;0.47760300;0.45825200;0.43279200;0.40324700;0.37313100;0.35448100;0.34325900;0.33642000;0.32893000;0.32064300;0.31346800;0.31519400;0.34391200;0.32985800;0.28319400;0.27597200;0.26971500;0.26422800;0.25951200;0.25527400;0.25149000;0.24812300;0.24500100;0.24203700;0.23912300;0.23622900;0.23333200;0.23041400;0.22749700;0.22456100;0.22159600;0.21862100;0.21567100;0.21278200;0.20993300;0.20715800;0.20444100;0.20179900;0.19923700;0.19677900;0.19439500;0.19208100;0.18983600;0.18765600;0.18553800;0.18347700;0.18146300;0.17949800;         ;         ;         ;         ;         ;         ;         ;         ;         ;         ;         ;         ;         ;         ;         
Prob that 15-year old male dies before 60;Mean;0.35394000;0.35617200;0.35842700;0.36074100;0.36321100;0.36607400;0.36984100;0.37539300;0.38382500;0.39600700;0.41219300;0.43195500;0.45435000;0.47154000;0.49145000;0.50775300;0.52453900;0.54121300;0.55691000;0.56513600;0.56516900;0.55776900;0.54530500;0.52925600;0.51198300;0.48849900;0.46013500;0.43240900;0.41499900;0.40474400;0.39828200;0.39063100;0.38172500;0.37359500;0.36923700;0.39683900;0.38949100;0.34598100;0.33915800;0.33313100;0.32766100;0.32291100;0.31864600;0.31479500;0.31134000;0.30812900;0.30507400;0.30207200;0.29909400;0.29612200;0.29314300;0.29015500;0.28715900;0.28416200;0.28117600;0.27821600;0.27529600;0.27242500;0.26961400;0.26686600;0.26419100;0.26159300;0.25906800;0.25661500;0.25423400;0.25191900;0.24966900;0.24747900;0.24534300;0.24325500;0.24121300;         ;         ;         ;         ;         ;         ;         ;         ;         ;         ;         ;         ;         ;         ;         
;95% LL;0.35393900;0.35616400;0.35840100;0.36067400;0.36304500;0.36570900;0.36896400;0.37345500;0.37967600;0.38877100;0.40125700;0.41696600;0.43603100;0.44979900;0.46743500;0.48243400;0.49885000;0.51609900;0.53327400;0.54246400;0.54397400;0.53822600;0.52725100;0.51308900;0.49740500;0.47477000;0.44733400;0.42110100;0.40465500;0.39469900;0.38812700;0.38048400;0.37208500;0.36439500;0.36030800;0.38850800;0.38195700;0.33924200;0.33380300;0.32890600;0.32432200;0.32021900;0.31642300;0.31291500;0.30966600;0.30655500;0.30354800;0.30058100;0.29764000;0.29470100;0.29175600;0.28880400;0.28584600;0.28289400;0.27994100;0.27701700;0.27413600;0.27130700;0.26853900;0.26583600;0.26320800;0.26066100;0.25818800;0.25578700;0.25345500;0.25118900;0.24898600;0.24684100;0.24474800;0.24268900;0.24067100;         ;         ;         ;         ;         ;         ;         ;         ;         ;         ;         ;         ;         ;         ;         
;95% UL;0.35394100;0.35618400;0.35846400;0.36082600;0.36340300;0.36652800;0.37097000;0.37776000;0.38829000;0.40287100;0.42193400;0.44354500;0.46739500;0.48563000;0.50519300;0.52283100;0.54049700;0.55751700;0.57311600;0.58110900;0.58078700;0.57297100;0.55995300;0.54324800;0.52522800;0.50086500;0.47136500;0.44211300;0.42383200;0.41336200;0.40693700;0.39904200;0.38957400;0.38109100;0.37659200;0.40366300;0.39565400;0.35146100;0.34348100;0.33652900;0.33033700;0.32507100;0.32043700;0.31633400;0.31273500;0.30944000;0.30634000;0.30330500;0.30030000;0.29730100;0.29429700;0.29128100;0.28825400;0.28522400;0.28220300;0.27920400;0.27624200;0.27332900;0.27047300;0.26768100;0.26496000;0.26231600;0.25974700;0.25725100;0.25482600;0.25247000;0.25018000;0.24795200;0.24578000;0.24365800;0.24161600;         ;         ;         ;         ;         ;         ;         ;         ;         ;         ;         ;         ;         ;         ;         
Prob that 15-year old female dies before 60;Mean;0.20988800;0.20968800;0.20951200;0.20937400;0.20931900;0.20946700;0.21008900;0.21170100;0.21508400;0.22114700;0.23071400;0.24434300;0.26221500;0.28280200;0.30882200;0.33802200;0.36383200;0.39108200;0.41921500;0.44525800;0.45229600;0.44608100;0.42766400;0.40815700;0.38765900;0.36140500;0.33225900;0.30185900;0.28310900;0.27130500;0.26423300;0.25738900;0.25054900;0.24421900;0.25177400;0.28176400;0.26179600;0.21294300;0.20692000;0.20172600;0.19718300;0.19316000;0.18953000;0.18620000;0.18313900;0.18023500;0.17742500;0.17463600;0.17184600;0.16903700;0.16620200;0.16333800;0.16044700;0.15753800;0.15462800;0.15173400;0.14887600;0.14607000;0.14333100;0.14066700;0.13808400;0.13558500;0.13316800;0.13083300;0.12857800;0.12639700;0.12428800;0.12224600;0.12026700;0.11834700;0.11648100;         ;         ;         ;         ;         ;         ;         ;         ;         ;         ;         ;         ;         ;         ;         
;95% LL;0.20988700;0.20968100;0.20948800;0.20932000;0.20921400;0.20923500;0.20965100;0.21076500;0.21327300;0.21783800;0.22530100;0.23677600;0.25200200;0.27013900;0.29454900;0.32262800;0.34788800;0.37465800;0.40243300;0.42890700;0.43638000;0.43052800;0.41300100;0.39470700;0.37561100;0.35060900;0.32311900;0.29406700;0.27590100;0.26408700;0.25715200;0.25066300;0.24434800;0.23828400;0.24600900;0.27636700;0.25694900;0.20878700;0.20367600;0.19917900;0.19514000;0.19146800;0.18810400;0.18494400;0.18198600;0.17915300;0.17638700;0.17363200;0.17087200;0.16809200;0.16528500;0.16244900;0.15958800;0.15671100;0.15383200;0.15097000;0.14814300;0.14536900;0.14266100;0.14002800;0.13745400;0.13495700;0.13256000;0.13024400;0.12800900;0.12585300;0.12376600;0.12174500;0.11978600;0.11788400;0.11603500;         ;         ;         ;         ;         ;         ;         ;         ;         ;         ;         ;         ;         ;         ;         
;95% UL;0.20989000;0.20970100;0.20954900;0.20945300;0.20946600;0.20974300;0.21064100;0.21291500;0.21729100;0.22483200;0.23654300;0.25189800;0.27189200;0.29443100;0.32200900;0.35227700;0.37874200;0.40614800;0.43397400;0.45928400;0.46553500;0.45863400;0.44018700;0.41978700;0.39781400;0.36955200;0.33959400;0.30806300;0.28899800;0.27735700;0.27089800;0.26506800;0.25711200;0.25028400;0.25789500;0.28774000;0.26727400;0.21757600;0.21044800;0.20441500;0.19926900;0.19477800;0.19089600;0.18740200;0.18423200;0.18126500;0.17844300;0.17565100;0.17286300;0.17006100;0.16723000;0.16437700;0.16149700;0.15857800;0.15565700;0.15274600;0.14990000;0.14708400;0.14433200;0.14168000;0.13912600;0.13664200;0.13422200;0.13188000;0.12961100;0.12738600;0.12523300;0.12314900;0.12115200;0.11921800;0.11732400;         ;         ;         ;         ;         ;         ;         ;         ;         ;         ;         ;         ;         ;         ;         
Crude AIDS mortality rate (AIDS deaths/100 000);Mean;0.02971130;0.12877700;0.31068400;0.71024300;1.64117000;3.80506000;8.50798000;17.59110000;32.92320000;56.06650000;88.06850000;129.12500000;178.58700000;234.32800000;296.23600000;361.32400000;421.01700000;480.41400000;536.04400000;589.03900000;600.31900000;581.22500000;536.02900000;484.35000000;426.84800000;358.00200000;289.40000000;228.80300000;194.76400000;176.91900000;167.63700000;157.39900000;146.49300000;137.14900000;129.65500000;121.48600000;112.19100000;102.66700000;94.10720000;87.00060000;81.10580000;76.49930000;72.85000000;70.02550000;68.00590000;66.48460000;65.29170000;64.23010000;63.24730000;62.30700000;61.38640000;60.47070000;59.55020000;58.61900000;57.67350000;56.71230000;55.73500000;54.74190000;53.73350000;52.71060000;51.67370000;50.62340000;49.56040000;48.48520000;47.39810000;46.29960000;45.19010000;44.07020000;42.94060000;41.80200000;40.65560000;         ;         ;         ;         ;         ;         ;         ;         ;         ;         ;         ;         ;         ;         ;         
;95% LL;0.01701400;0.07487750;0.19084700;0.46085000;1.06449000;2.72187000;6.13143000;12.74910000;24.43540000;42.56860000;67.98950000;101.66200000;143.91000000;193.23900000;250.07100000;312.80500000;371.15000000;429.11000000;485.43300000;541.56800000;557.40600000;541.12500000;500.00800000;452.81500000;400.02400000;334.21000000;268.66600000;211.91700000;179.50000000;162.65400000;153.56600000;143.87700000;133.67900000;124.79600000;117.30500000;109.18200000;101.04300000;93.38340000;86.79850000;81.27500000;76.61280000;72.90290000;69.90480000;67.57840000;65.83450000;64.47470000;63.37460000;62.37760000;61.43470000;60.52220000;59.62490000;58.72970000;57.83840000;56.93500000;56.01680000;55.08250000;54.13200000;53.15600000;52.16360000;51.15690000;50.13680000;49.10380000;48.05870000;47.00180000;45.93370000;44.85480000;43.76540000;42.66620000;41.55790000;40.43620000;39.30090000;         ;         ;         ;         ;         ;         ;         ;         ;         ;         ;         ;         ;         ;         ;         
;95% UL;0.05034800;0.21365100;0.48702400;1.05311000;2.31577000;5.28318000;11.65370000;23.36340000;42.30760000;69.61710000;106.30200000;152.11100000;205.97000000;265.37900000;330.15900000;396.07400000;456.55000000;516.27000000;571.03900000;622.01300000;630.47700000;608.71700000;561.00200000;506.79900000;447.56600000;376.59400000;305.46100000;241.98200000;206.46700000;188.12300000;178.67100000;167.87400000;156.02800000;146.75200000;139.93200000;131.83900000;121.68200000;110.57700000;100.40400000;91.96680000;85.02970000;79.65790000;75.45560000;72.24700000;70.00020000;68.34480000;67.07730000;65.97680000;64.97350000;64.02020000;63.09110000;62.16950000;61.24460000;60.30440000;59.34620000;58.38570000;57.40810000;56.41360000;55.40080000;54.37120000;53.32710000;52.26890000;51.19740000;50.11290000;49.01610000;47.90720000;46.78690000;45.65550000;44.51380000;43.36260000;42.20300000;         ;         ;         ;         ;         ;         ;         ;         ;         ;         ;         ;         ;         ;         ;         
;;         ;         ;         ;         ;         ;         ;         ;         ;         ;         ;         ;         ;         ;         ;         ;         ;         ;         ;         ;         ;         ;         ;         ;         ;         ;         ;         ;         ;         ;         ;         ;         ;         ;         ;         ;         ;         ;         ;         ;         ;         ;         ;         ;         ;         ;         ;         ;         ;         ;         ;         ;         ;         ;         ;         ;         ;         ;         ;         ;         ;         ;         ;         ;         ;         ;         ;         ;         ;         ;         ;         ;         ;         ;         ;         ;         ;         ;         ;         ;         ;         ;         ;         ;         ;         ;         
Other demographic indicators;;         ;         ;         ;         ;         ;         ;         ;         ;         ;         ;         ;         ;         ;         ;         ;         ;         ;         ;         ;         ;         ;         ;         ;         ;         ;         ;         ;         ;         ;         ;         ;         ;         ;         ;         ;         ;         ;         ;         ;         ;         ;         ;         ;         ;         ;         ;         ;         ;         ;         ;         ;         ;         ;         ;         ;         ;         ;         ;         ;         ;         ;         ;         ;         ;         ;         ;         ;         ;         ;         ;         ;         ;         ;         ;         ;         ;         ;         ;         ;         ;         ;         ;         ;         ;         ;         
;;         ;         ;         ;         ;         ;         ;         ;         ;         ;         ;         ;         ;         ;         ;         ;         ;         ;         ;         ;         ;         ;         ;         ;         ;         ;         ;         ;         ;         ;         ;         ;         ;         ;         ;         ;         ;         ;         ;         ;         ;         ;         ;         ;         ;         ;         ;         ;         ;         ;         ;         ;         ;         ;         ;         ;         ;         ;         ;         ;         ;         ;         ;         ;         ;         ;         ;         ;         ;         ;         ;         ;         ;         ;         ;         ;         ;         ;         ;         ;         ;         ;         ;         ;         ;         ;         
Total population;Mean;32306300.00000000;33092000.00000000;33869700.00000000;34636300.00000000;35388800.00000000;36123400.00000000;36954500.00000000;37923500.00000000;38873900.00000000;39795200.00000000;40675400.00000000;41489000.00000000;42267500.00000000;42980000.00000000;43648400.00000000;44295800.00000000;44895200.00000000;45454100.00000000;45975800.00000000;46482600.00000000;47028000.00000000;47588600.00000000;48296200.00000000;49039500.00000000;49797300.00000000;50553200.00000000;51337600.00000000;52177200.00000000;53058200.00000000;53964400.00000000;54879200.00000000;55793400.00000000;56701400.00000000;57597300.00000000;58494300.00000000;59362800.00000000;60135900.00000000;60936600.00000000;61844400.00000000;62759800.00000000;63680600.00000000;64604800.00000000;65530200.00000000;66455200.00000000;67378500.00000000;68298700.00000000;69215300.00000000;70127900.00000000;71025500.00000000;71907900.00000000;72775000.00000000;73626600.00000000;74462200.00000000;75281000.00000000;76082400.00000000;76865500.00000000;77629900.00000000;78374800.00000000;79099600.00000000;79803900.00000000;80487200.00000000;81149200.00000000;81789600.00000000;82408600.00000000;83006200.00000000;83582600.00000000;84138200.00000000;84673100.00000000;85187700.00000000;85682100.00000000;86156900.00000000;         ;         ;         ;         ;         ;         ;         ;         ;         ;         ;         ;         ;         ;         ;         
;95% LL;32306300.00000000;33092000.00000000;33869600.00000000;34636200.00000000;35388600.00000000;36122900.00000000;36953600.00000000;37921500.00000000;38869900.00000000;39788000.00000000;40662000.00000000;41467700.00000000;42236400.00000000;42937000.00000000;43591800.00000000;44223900.00000000;44807000.00000000;45348800.00000000;45853200.00000000;46342600.00000000;46871200.00000000;47415800.00000000;48110900.00000000;48844100.00000000;49593500.00000000;50334300.00000000;51113900.00000000;51950900.00000000;52831300.00000000;53731200.00000000;54638600.00000000;55546600.00000000;56455000.00000000;57353900.00000000;58254500.00000000;59127200.00000000;59905700.00000000;60709700.00000000;61619400.00000000;62537000.00000000;63457100.00000000;64378200.00000000;65301100.00000000;66225200.00000000;67147300.00000000;68066400.00000000;68981800.00000000;69893200.00000000;70789500.00000000;71670800.00000000;72536900.00000000;73384200.00000000;74218600.00000000;75036400.00000000;75836900.00000000;76618700.00000000;77381300.00000000;78124500.00000000;78847800.00000000;79550600.00000000;80232400.00000000;80893000.00000000;81532200.00000000;82150000.00000000;82746400.00000000;83321800.00000000;83876300.00000000;84410300.00000000;84923900.00000000;85417600.00000000;85891500.00000000;         ;         ;         ;         ;         ;         ;         ;         ;         ;         ;         ;         ;         ;         ;         
;95% UL;32306300.00000000;33092000.00000000;33869700.00000000;34636400.00000000;35388900.00000000;36123700.00000000;36955300.00000000;37925100.00000000;38877200.00000000;39801800.00000000;40687100.00000000;41508500.00000000;42298100.00000000;43026400.00000000;43711900.00000000;44380300.00000000;45002800.00000000;45585900.00000000;46132300.00000000;46663500.00000000;47232100.00000000;47814000.00000000;48540500.00000000;49299800.00000000;50070500.00000000;50836300.00000000;51627300.00000000;52478600.00000000;53371800.00000000;54285900.00000000;55206600.00000000;56121500.00000000;57035000.00000000;57932600.00000000;58829800.00000000;59699300.00000000;60471900.00000000;61274000.00000000;62183700.00000000;63098600.00000000;64020700.00000000;64947900.00000000;65877000.00000000;66804800.00000000;67731200.00000000;68653800.00000000;69570300.00000000;70487800.00000000;71390000.00000000;72275100.00000000;73143500.00000000;73994800.00000000;74830000.00000000;75648400.00000000;76449200.00000000;77231700.00000000;77995300.00000000;78741700.00000000;79468700.00000000;80175000.00000000;80860000.00000000;81522200.00000000;82161400.00000000;82779000.00000000;83379000.00000000;83957700.00000000;84515300.00000000;85052100.00000000;85565000.00000000;86058000.00000000;86531400.00000000;         ;         ;         ;         ;         ;         ;         ;         ;         ;         ;         ;         ;         ;         ;         
Males age 15 years or older;Mean;9540720.00000000;9765300.00000000;9994940.00000000;10233900.00000000;10480100.00000000;10730000.00000000;10980800.00000000;11363000.00000000;11741500.00000000;12118800.00000000;12498800.00000000;12883500.00000000;13181300.00000000;13485500.00000000;13792500.00000000;14093900.00000000;14395100.00000000;14721800.00000000;15029800.00000000;15316200.00000000;15590500.00000000;15853900.00000000;16170700.00000000;16485300.00000000;16798600.00000000;17112800.00000000;17431300.00000000;17768500.00000000;18093800.00000000;18411700.00000000;18730700.00000000;19040900.00000000;19352000.00000000;19662900.00000000;19987400.00000000;20334400.00000000;20654900.00000000;21001000.00000000;21405500.00000000;21813600.00000000;22213700.00000000;22613900.00000000;23016600.00000000;23424800.00000000;23836700.00000000;24247600.00000000;24654600.00000000;25054300.00000000;25437800.00000000;25812200.00000000;26177000.00000000;26530900.00000000;26876300.00000000;27216000.00000000;27550200.00000000;27878600.00000000;28200800.00000000;28516400.00000000;28825100.00000000;29126700.00000000;29421200.00000000;29708600.00000000;29989200.00000000;30263200.00000000;30530700.00000000;30791600.00000000;31045900.00000000;31293100.00000000;31532800.00000000;31764700.00000000;31988400.00000000;         ;         ;         ;         ;         ;         ;         ;         ;         ;         ;         ;         ;         ;         ;         
;95% LL;9540720.00000000;9765300.00000000;9994940.00000000;10233900.00000000;10480100.00000000;10729900.00000000;10980600.00000000;11362400.00000000;11740300.00000000;12116200.00000000;12493700.00000000;12874900.00000000;13168300.00000000;13467300.00000000;13768300.00000000;14063800.00000000;14359200.00000000;14679700.00000000;14982200.00000000;15264600.00000000;15533500.00000000;15789000.00000000;16098100.00000000;16405300.00000000;16711800.00000000;17019600.00000000;17332400.00000000;17664700.00000000;17986200.00000000;18300800.00000000;18616700.00000000;18923600.00000000;19231700.00000000;19539900.00000000;19861900.00000000;20206500.00000000;20525300.00000000;20869900.00000000;21273100.00000000;21680700.00000000;22080700.00000000;22481500.00000000;22885300.00000000;23294800.00000000;23708100.00000000;24120700.00000000;24529500.00000000;24931100.00000000;25316700.00000000;25693100.00000000;26060200.00000000;26416300.00000000;26763700.00000000;27105400.00000000;27441600.00000000;27771800.00000000;28095800.00000000;28413100.00000000;28723500.00000000;29026800.00000000;29322900.00000000;29611900.00000000;29894000.00000000;30169600.00000000;30437000.00000000;30695300.00000000;30949000.00000000;31195600.00000000;31434700.00000000;31666000.00000000;31890600.00000000;         ;         ;         ;         ;         ;         ;         ;         ;         ;         ;         ;         ;         ;         ;         
;95% UL;9540720.00000000;9765300.00000000;9994940.00000000;10233900.00000000;10480100.00000000;10730100.00000000;10981000.00000000;11363400.00000000;11742600.00000000;12121100.00000000;12503500.00000000;12892200.00000000;13195500.00000000;13506700.00000000;13822400.00000000;14134100.00000000;14446200.00000000;14783900.00000000;15104100.00000000;15402800.00000000;15687200.00000000;15961200.00000000;16288100.00000000;16612100.00000000;16933600.00000000;17250800.00000000;17573300.00000000;17916900.00000000;18246900.00000000;18568900.00000000;18891500.00000000;19200500.00000000;19509800.00000000;19819500.00000000;20146100.00000000;20494800.00000000;20816400.00000000;21163200.00000000;21569600.00000000;21977900.00000000;22377500.00000000;22778000.00000000;23180600.00000000;23588300.00000000;23999300.00000000;24409000.00000000;24814000.00000000;25209500.00000000;25591200.00000000;25962400.00000000;26324900.00000000;26677000.00000000;27020500.00000000;27359700.00000000;27692700.00000000;28019900.00000000;28342900.00000000;28656400.00000000;28962900.00000000;29262300.00000000;29554500.00000000;29839800.00000000;30118200.00000000;30391900.00000000;30659000.00000000;30921100.00000000;31176000.00000000;31424500.00000000;31665800.00000000;31898800.00000000;32122900.00000000;         ;         ;         ;         ;         ;         ;         ;         ;         ;         ;         ;         ;         ;         ;         
Females age 15 years or older;Mean;9986110.00000000;10275400.00000000;10574700.00000000;10884100.00000000;11200800.00000000;11521000.00000000;11938000.00000000;12381200.00000000;12822300.00000000;13263800.00000000;13709700.00000000;14161800.00000000;14533600.00000000;14911300.00000000;15288700.00000000;15656800.00000000;16017400.00000000;16377200.00000000;16712200.00000000;17021000.00000000;17307300.00000000;17581600.00000000;17894900.00000000;18208000.00000000;18521600.00000000;18836600.00000000;19155400.00000000;19535900.00000000;19904400.00000000;20265000.00000000;20626800.00000000;20979600.00000000;21332400.00000000;21684500.00000000;22048900.00000000;22425900.00000000;22766200.00000000;23142700.00000000;23590200.00000000;24040900.00000000;24482900.00000000;24924500.00000000;25368000.00000000;25817100.00000000;26270300.00000000;26723000.00000000;27172600.00000000;27615700.00000000;28042400.00000000;28459700.00000000;28867600.00000000;29265100.00000000;29654500.00000000;30038500.00000000;30417200.00000000;30790300.00000000;31157600.00000000;31518700.00000000;31873500.00000000;32221900.00000000;32563900.00000000;32899600.00000000;33229300.00000000;33553400.00000000;33871900.00000000;34184700.00000000;34491700.00000000;34792700.00000000;35087200.00000000;35374800.00000000;35654900.00000000;         ;         ;         ;         ;         ;         ;         ;         ;         ;         ;         ;         ;         ;         ;         
;95% LL;9986110.00000000;10275400.00000000;10574700.00000000;10884100.00000000;11200800.00000000;11520900.00000000;11937800.00000000;12380800.00000000;12821500.00000000;13262300.00000000;13706900.00000000;14157000.00000000;14525800.00000000;14899500.00000000;15272000.00000000;15634200.00000000;15988200.00000000;16340800.00000000;16668400.00000000;16969500.00000000;17248300.00000000;17515300.00000000;17821700.00000000;18128500.00000000;18436600.00000000;18747000.00000000;19062200.00000000;19440100.00000000;19806000.00000000;20164000.00000000;20525000.00000000;20875300.00000000;21224400.00000000;21573100.00000000;21934400.00000000;22308300.00000000;22645900.00000000;23020400.00000000;23465900.00000000;23915800.00000000;24357800.00000000;24799300.00000000;25242800.00000000;25692000.00000000;26145300.00000000;26598300.00000000;27048300.00000000;27491800.00000000;27917500.00000000;28333700.00000000;28740600.00000000;29139000.00000000;29529000.00000000;29912900.00000000;30291100.00000000;30663500.00000000;31032300.00000000;31395300.00000000;31751400.00000000;32098200.00000000;32438500.00000000;32773000.00000000;33103600.00000000;33428500.00000000;33747800.00000000;34061500.00000000;34369500.00000000;34671400.00000000;34966600.00000000;35254100.00000000;35534300.00000000;         ;         ;         ;         ;         ;         ;         ;         ;         ;         ;         ;         ;         ;         ;         
;95% UL;9986110.00000000;10275400.00000000;10574700.00000000;10884100.00000000;11200800.00000000;11521100.00000000;11938100.00000000;12381500.00000000;12822900.00000000;13265100.00000000;13712100.00000000;14166200.00000000;14541000.00000000;14923300.00000000;15305900.00000000;15680200.00000000;16048200.00000000;16416700.00000000;16760200.00000000;17077300.00000000;17372000.00000000;17654600.00000000;17975900.00000000;18296500.00000000;18617000.00000000;18939700.00000000;19265200.00000000;19650900.00000000;20024100.00000000;20388700.00000000;20754000.00000000;21110000.00000000;21464500.00000000;21820000.00000000;22182500.00000000;22560100.00000000;22902300.00000000;23280800.00000000;23730500.00000000;24183200.00000000;24625800.00000000;25067600.00000000;25511400.00000000;25960900.00000000;26414700.00000000;26868100.00000000;27318300.00000000;27761800.00000000;28188500.00000000;28605800.00000000;29014400.00000000;29412600.00000000;29802700.00000000;30187300.00000000;30566400.00000000;30939700.00000000;31307100.00000000;31668300.00000000;32023100.00000000;32371300.00000000;32713100.00000000;33048500.00000000;33378300.00000000;33703400.00000000;34022900.00000000;34336700.00000000;34644700.00000000;34946500.00000000;35243200.00000000;35533400.00000000;35816200.00000000;         ;         ;         ;         ;         ;         ;         ;         ;         ;         ;         ;         ;         ;         ;         
Children aged <15 years;Mean;12787400.00000000;13060100.00000000;13309000.00000000;13527200.00000000;13716200.00000000;13880200.00000000;14044800.00000000;14189300.00000000;14320700.00000000;14423300.00000000;14477300.00000000;14453700.00000000;14560900.00000000;14589700.00000000;14572000.00000000;14548100.00000000;14486500.00000000;14358000.00000000;14236400.00000000;14148500.00000000;14133800.00000000;14156400.00000000;14233300.00000000;14348000.00000000;14476900.00000000;14601300.00000000;14747300.00000000;14868300.00000000;15054400.00000000;15281500.00000000;15514900.00000000;15765600.00000000;16010300.00000000;16242900.00000000;16450500.00000000;16595300.00000000;16707900.00000000;16785700.00000000;16841100.00000000;16897300.00000000;16975400.00000000;17057100.00000000;17136200.00000000;17203900.00000000;17262100.00000000;17318700.00000000;17378700.00000000;17448500.00000000;17535700.00000000;17626600.00000000;17721400.00000000;17822100.00000000;17922900.00000000;18017900.00000000;18106300.00000000;18187900.00000000;18262800.00000000;18330900.00000000;18392300.00000000;18446600.00000000;18493500.00000000;18532300.00000000;18562500.00000000;18583400.00000000;18595100.00000000;18597800.00000000;18592100.00000000;18578900.00000000;18559200.00000000;18534300.00000000;18505300.00000000;         ;         ;         ;         ;         ;         ;         ;         ;         ;         ;         ;         ;         ;         ;         
;95% LL;12787400.00000000;13060100.00000000;13309000.00000000;13527100.00000000;13716100.00000000;13879900.00000000;14044300.00000000;14188200.00000000;14318500.00000000;14419800.00000000;14471700.00000000;14445800.00000000;14550400.00000000;14576300.00000000;14555500.00000000;14528300.00000000;14463200.00000000;14329600.00000000;14203700.00000000;14111500.00000000;14092500.00000000;14111200.00000000;14184700.00000000;14296500.00000000;14423500.00000000;14547000.00000000;14692500.00000000;14812700.00000000;14997100.00000000;15222700.00000000;15455000.00000000;15706400.00000000;15952600.00000000;16186100.00000000;16394700.00000000;16540600.00000000;16653100.00000000;16732100.00000000;16789200.00000000;16846500.00000000;16924300.00000000;17005600.00000000;17083100.00000000;17150100.00000000;17207100.00000000;17260600.00000000;17315100.00000000;17379400.00000000;17463700.00000000;17550800.00000000;17640900.00000000;17736700.00000000;17834100.00000000;17927100.00000000;18014400.00000000;18095800.00000000;18171400.00000000;18240700.00000000;18303500.00000000;18359500.00000000;18408200.00000000;18448900.00000000;18481000.00000000;18503800.00000000;18517400.00000000;18521800.00000000;18517600.00000000;18506000.00000000;18487700.00000000;18463900.00000000;18435800.00000000;         ;         ;         ;         ;         ;         ;         ;         ;         ;         ;         ;         ;         ;         ;         
;95% UL;12787400.00000000;13060100.00000000;13309000.00000000;13527200.00000000;13716300.00000000;13880400.00000000;14045200.00000000;14190200.00000000;14322500.00000000;14426500.00000000;14482400.00000000;14461400.00000000;14571300.00000000;14603800.00000000;14589600.00000000;14569900.00000000;14512900.00000000;14388900.00000000;14272000.00000000;14188900.00000000;14179100.00000000;14206900.00000000;14288200.00000000;14406000.00000000;14538100.00000000;14664600.00000000;14813000.00000000;14935100.00000000;15121600.00000000;15349700.00000000;15582700.00000000;15834600.00000000;16078300.00000000;16311000.00000000;16518300.00000000;16662300.00000000;16773700.00000000;16851400.00000000;16907700.00000000;16964400.00000000;17041800.00000000;17126100.00000000;17206700.00000000;17279000.00000000;17339700.00000000;17399900.00000000;17468400.00000000;17547000.00000000;17641500.00000000;17736900.00000000;17836500.00000000;17945700.00000000;18053300.00000000;18152100.00000000;18242400.00000000;18324900.00000000;18399300.00000000;18466100.00000000;18525200.00000000;18576400.00000000;18620900.00000000;18658500.00000000;18687200.00000000;18706400.00000000;18715900.00000000;18716500.00000000;18708700.00000000;18693500.00000000;18672000.00000000;18645400.00000000;18614800.00000000;         ;         ;         ;         ;         ;         ;         ;         ;         ;         ;         ;         ;         ;         ;         
Population aged 15-24 years;Mean;6368410.00000000;6464350.00000000;6571370.00000000;6691680.00000000;6824530.00000000;6967090.00000000;7153720.00000000;7412650.00000000;7658610.00000000;7892320.00000000;8116380.00000000;8332230.00000000;8501560.00000000;8685920.00000000;8882010.00000000;9084880.00000000;9308780.00000000;9507220.00000000;9691080.00000000;9851900.00000000;9979600.00000000;10064600.00000000;10175700.00000000;10236800.00000000;10256200.00000000;10248000.00000000;10203400.00000000;10239500.00000000;10229100.00000000;10193200.00000000;10156100.00000000;10104600.00000000;10056400.00000000;10008800.00000000;9987400.00000000;10027700.00000000;10089300.00000000;10176100.00000000;10339500.00000000;10536300.00000000;10719100.00000000;10920800.00000000;11129200.00000000;11354600.00000000;11567100.00000000;11718500.00000000;11838400.00000000;11919700.00000000;11951400.00000000;11970000.00000000;11997700.00000000;12015600.00000000;12023700.00000000;12021000.00000000;12011300.00000000;12003000.00000000;12001200.00000000;12012800.00000000;12042900.00000000;12077400.00000000;12116300.00000000;12162200.00000000;12210700.00000000;12257000.00000000;12300900.00000000;12342900.00000000;12383500.00000000;12422800.00000000;12460600.00000000;12496300.00000000;12529400.00000000;         ;         ;         ;         ;         ;         ;         ;         ;         ;         ;         ;         ;         ;         ;         
;95% LL;6368410.00000000;6464350.00000000;6571370.00000000;6691670.00000000;6824520.00000000;6967070.00000000;7153680.00000000;7412570.00000000;7658450.00000000;7892020.00000000;8115860.00000000;8331360.00000000;8500310.00000000;8684290.00000000;8880100.00000000;9082820.00000000;9306650.00000000;9505000.00000000;9688770.00000000;9849420.00000000;9976760.00000000;10061000.00000000;10170600.00000000;10229800.00000000;10246900.00000000;10235800.00000000;10187800.00000000;10220700.00000000;10207700.00000000;10168700.00000000;10128600.00000000;10075000.00000000;10025000.00000000;9975490.00000000;9953760.00000000;9993530.00000000;10054500.00000000;10140500.00000000;10302900.00000000;10498500.00000000;10680200.00000000;10881000.00000000;11089200.00000000;11314800.00000000;11527700.00000000;11679800.00000000;11800600.00000000;11882400.00000000;11915700.00000000;11935600.00000000;11964000.00000000;11982300.00000000;11990600.00000000;11987900.00000000;11978100.00000000;11970000.00000000;11966700.00000000;11977800.00000000;12004500.00000000;12033000.00000000;12067500.00000000;12108600.00000000;12153400.00000000;12197200.00000000;12239500.00000000;12280600.00000000;12320900.00000000;12360400.00000000;12398700.00000000;12435400.00000000;12469500.00000000;         ;         ;         ;         ;         ;         ;         ;         ;         ;         ;         ;         ;         ;         ;         
;95% UL;6368410.00000000;6464350.00000000;6571380.00000000;6691680.00000000;6824540.00000000;6967110.00000000;7153750.00000000;7412710.00000000;7658740.00000000;7892590.00000000;8116890.00000000;8333100.00000000;8502870.00000000;8687760.00000000;8884270.00000000;9087540.00000000;9311750.00000000;9510410.00000000;9694390.00000000;9855300.00000000;9983490.00000000;10069200.00000000;10181700.00000000;10244800.00000000;10267000.00000000;10261600.00000000;10220400.00000000;10259700.00000000;10252800.00000000;10220100.00000000;10186100.00000000;10137000.00000000;10092000.00000000;10046900.00000000;10026700.00000000;10068000.00000000;10130900.00000000;10219100.00000000;10384100.00000000;10581500.00000000;10765000.00000000;10968000.00000000;11176300.00000000;11400900.00000000;11614100.00000000;11765600.00000000;11885200.00000000;11965800.00000000;11996300.00000000;12013600.00000000;12039700.00000000;12056600.00000000;12064200.00000000;12062100.00000000;12052900.00000000;12045400.00000000;12046200.00000000;12062100.00000000;12095600.00000000;12138900.00000000;12186800.00000000;12237400.00000000;12293600.00000000;12344100.00000000;12390500.00000000;12434200.00000000;12475800.00000000;12515300.00000000;12552300.00000000;12587100.00000000;12619000.00000000;         ;         ;         ;         ;         ;         ;         ;         ;         ;         ;         ;         ;         ;         ;         
Males aged 15-24 years;Mean;3167110.00000000;3204090.00000000;3247470.00000000;3299250.00000000;3359130.00000000;3425350.00000000;3496290.00000000;3623630.00000000;3744110.00000000;3858280.00000000;3967950.00000000;4074250.00000000;4165890.00000000;4266760.00000000;4375000.00000000;4487660.00000000;4611460.00000000;4717830.00000000;4815720.00000000;4900750.00000000;4967780.00000000;5011650.00000000;5074080.00000000;5109670.00000000;5123560.00000000;5123350.00000000;5104840.00000000;5118040.00000000;5109110.00000000;5088960.00000000;5070070.00000000;5045500.00000000;5023750.00000000;5002690.00000000;4995340.00000000;5019350.00000000;5053640.00000000;5098420.00000000;5180950.00000000;5279810.00000000;5371600.00000000;5472910.00000000;5577680.00000000;5691320.00000000;5798430.00000000;5874880.00000000;5935770.00000000;5977560.00000000;5994610.00000000;6005160.00000000;6019950.00000000;6029330.00000000;6033330.00000000;6032020.00000000;6027320.00000000;6023330.00000000;6022670.00000000;6028600.00000000;6043750.00000000;6060980.00000000;6080420.00000000;6103550.00000000;6128180.00000000;6151680.00000000;6173870.00000000;6195060.00000000;6215490.00000000;6235240.00000000;6254190.00000000;6272090.00000000;6288640.00000000;         ;         ;         ;         ;         ;         ;         ;         ;         ;         ;         ;         ;         ;         ;         
;95% LL;3167110.00000000;3204090.00000000;3247470.00000000;3299240.00000000;3359120.00000000;3425350.00000000;3496280.00000000;3623620.00000000;3744080.00000000;3858220.00000000;3967830.00000000;4074060.00000000;4165600.00000000;4266390.00000000;4374570.00000000;4487230.00000000;4611030.00000000;4717370.00000000;4815240.00000000;4900140.00000000;4966760.00000000;5010130.00000000;5071890.00000000;5106190.00000000;5118720.00000000;5117100.00000000;5097400.00000000;5108780.00000000;5098590.00000000;5076680.00000000;5056150.00000000;5030180.00000000;5007630.00000000;4985900.00000000;4978400.00000000;5002170.00000000;5036140.00000000;5080560.00000000;5162640.00000000;5260850.00000000;5352090.00000000;5452900.00000000;5557650.00000000;5671340.00000000;5778630.00000000;5855470.00000000;5916840.00000000;5958860.00000000;5976700.00000000;5987880.00000000;6003110.00000000;6012700.00000000;6016770.00000000;6015460.00000000;6010710.00000000;6006840.00000000;6005380.00000000;6011100.00000000;6024490.00000000;6038740.00000000;6056000.00000000;6076730.00000000;6099500.00000000;6121730.00000000;6143110.00000000;6163870.00000000;6184150.00000000;6203980.00000000;6223200.00000000;6241570.00000000;6258650.00000000;         ;         ;         ;         ;         ;         ;         ;         ;         ;         ;         ;         ;         ;         ;         
;95% UL;3167110.00000000;3204090.00000000;3247470.00000000;3299250.00000000;3359130.00000000;3425360.00000000;3496290.00000000;3623650.00000000;3744140.00000000;3858340.00000000;3968050.00000000;4074430.00000000;4166160.00000000;4267140.00000000;4375470.00000000;4488240.00000000;4612110.00000000;4718540.00000000;4816490.00000000;4901670.00000000;4968880.00000000;5013180.00000000;5076430.00000000;5113070.00000000;5128290.00000000;5129660.00000000;5112830.00000000;5127930.00000000;5120970.00000000;5102470.00000000;5085060.00000000;5061760.00000000;5041620.00000000;5021840.00000000;5015240.00000000;5039880.00000000;5074590.00000000;5119990.00000000;5203180.00000000;5302470.00000000;5394320.00000000;5496320.00000000;5601350.00000000;5714670.00000000;5822110.00000000;5898600.00000000;5959300.00000000;6000700.00000000;6017170.00000000;6027000.00000000;6041030.00000000;6049920.00000000;6053640.00000000;6052620.00000000;6048180.00000000;6044600.00000000;6045190.00000000;6053300.00000000;6070160.00000000;6091800.00000000;6115770.00000000;6141230.00000000;6169710.00000000;6195280.00000000;6218740.00000000;6240790.00000000;6261720.00000000;6281570.00000000;6300140.00000000;6317560.00000000;6333540.00000000;         ;         ;         ;         ;         ;         ;         ;         ;         ;         ;         ;         ;         ;         ;         
Females aged 15-24 years;Mean;3201300.00000000;3260260.00000000;3323910.00000000;3392430.00000000;3465400.00000000;3541740.00000000;3657430.00000000;3789010.00000000;3914500.00000000;4034040.00000000;4148430.00000000;4257970.00000000;4335670.00000000;4419160.00000000;4507010.00000000;4597220.00000000;4697320.00000000;4789390.00000000;4875360.00000000;4951150.00000000;5011830.00000000;5052990.00000000;5101640.00000000;5127110.00000000;5132660.00000000;5124680.00000000;5098540.00000000;5121460.00000000;5120000.00000000;5104190.00000000;5086050.00000000;5059140.00000000;5032660.00000000;5006140.00000000;4992060.00000000;5008320.00000000;5035650.00000000;5077650.00000000;5158540.00000000;5256460.00000000;5347470.00000000;5447850.00000000;5551520.00000000;5663290.00000000;5768690.00000000;5843600.00000000;5902630.00000000;5942140.00000000;5956780.00000000;5964890.00000000;5977760.00000000;5986250.00000000;5990350.00000000;5988970.00000000;5984010.00000000;5979650.00000000;5978570.00000000;5984180.00000000;5999160.00000000;6016420.00000000;6035860.00000000;6058600.00000000;6082500.00000000;6105350.00000000;6127040.00000000;6147850.00000000;6168000.00000000;6187560.00000000;6206380.00000000;6224230.00000000;6240760.00000000;         ;         ;         ;         ;         ;         ;         ;         ;         ;         ;         ;         ;         ;         ;         
;95% LL;3201300.00000000;3260260.00000000;3323910.00000000;3392430.00000000;3465390.00000000;3541720.00000000;3657400.00000000;3788950.00000000;3914380.00000000;4033800.00000000;4148010.00000000;4257280.00000000;4334670.00000000;4417870.00000000;4505470.00000000;4595530.00000000;4695530.00000000;4787500.00000000;4873420.00000000;4949220.00000000;5009680.00000000;5050600.00000000;5098580.00000000;5123350.00000000;5127720.00000000;5118400.00000000;5090850.00000000;5112260.00000000;5109320.00000000;5092120.00000000;5072590.00000000;5044600.00000000;5017090.00000000;4989590.00000000;4975360.00000000;4991370.00000000;5018380.00000000;5059920.00000000;5140340.00000000;5237640.00000000;5328060.00000000;5428100.00000000;5531500.00000000;5643480.00000000;5749050.00000000;5824310.00000000;5883800.00000000;5923550.00000000;5938970.00000000;5947700.00000000;5960930.00000000;5969640.00000000;5973820.00000000;5972450.00000000;5967440.00000000;5963180.00000000;5961360.00000000;5966740.00000000;5979980.00000000;5994260.00000000;6011530.00000000;6031890.00000000;6053920.00000000;6075510.00000000;6096400.00000000;6116770.00000000;6136780.00000000;6156410.00000000;6175510.00000000;6193820.00000000;6210890.00000000;         ;         ;         ;         ;         ;         ;         ;         ;         ;         ;         ;         ;         ;         ;         
;95% UL;3201300.00000000;3260260.00000000;3323910.00000000;3392430.00000000;3465410.00000000;3541750.00000000;3657460.00000000;3789060.00000000;3914610.00000000;4034260.00000000;4148850.00000000;4258690.00000000;4336750.00000000;4420660.00000000;4508920.00000000;4599410.00000000;4699680.00000000;4791890.00000000;4877950.00000000;4953830.00000000;5014660.00000000;5056120.00000000;5105430.00000000;5131810.00000000;5138440.00000000;5131770.00000000;5107230.00000000;5131720.00000000;5131870.00000000;5117790.00000000;5101020.00000000;5075370.00000000;5050190.00000000;5024930.00000000;5011400.00000000;5028230.00000000;5056160.00000000;5098920.00000000;5180750.00000000;5279000.00000000;5370710.00000000;5471540.00000000;5574910.00000000;5686510.00000000;5792000.00000000;5867010.00000000;5925910.00000000;5965070.00000000;5979160.00000000;5986580.00000000;5998710.00000000;6006710.00000000;6010600.00000000;6009470.00000000;6004750.00000000;6000810.00000000;6001010.00000000;6008780.00000000;6025450.00000000;6047110.00000000;6071070.00000000;6096140.00000000;6123870.00000000;6148800.00000000;6171750.00000000;6193410.00000000;6214050.00000000;6233700.00000000;6252140.00000000;6269500.00000000;6285470.00000000;         ;         ;         ;         ;         ;         ;         ;         ;         ;         ;         ;         ;         ;         ;         
Population aged 15-49 years;Mean;15653900.00000000;16040300.00000000;16438100.00000000;16852600.00000000;17282600.00000000;17725300.00000000;18268500.00000000;18971900.00000000;19674700.00000000;20376900.00000000;21080800.00000000;21786100.00000000;22321700.00000000;22861100.00000000;23394300.00000000;23907100.00000000;24409000.00000000;24903300.00000000;25350600.00000000;25749800.00000000;26106300.00000000;26431500.00000000;26863100.00000000;27287100.00000000;27704900.00000000;28119700.00000000;28536600.00000000;29049300.00000000;29528700.00000000;29986900.00000000;30445500.00000000;30886500.00000000;31330300.00000000;31774200.00000000;32241400.00000000;32764900.00000000;33291000.00000000;33830600.00000000;34399600.00000000;34962400.00000000;35500700.00000000;36033900.00000000;36567800.00000000;37104700.00000000;37632600.00000000;38131500.00000000;38587800.00000000;38990600.00000000;39323700.00000000;39610000.00000000;39861000.00000000;40068400.00000000;40259800.00000000;40444200.00000000;40623800.00000000;40798000.00000000;40969100.00000000;41136300.00000000;41299600.00000000;41457600.00000000;41605700.00000000;41741400.00000000;41869200.00000000;42037700.00000000;42228500.00000000;42419500.00000000;42624500.00000000;42827200.00000000;43029400.00000000;43206000.00000000;43320300.00000000;         ;         ;         ;         ;         ;         ;         ;         ;         ;         ;         ;         ;         ;         ;         
;95% LL;15653900.00000000;16040300.00000000;16438100.00000000;16852500.00000000;17282500.00000000;17725200.00000000;18268100.00000000;18971200.00000000;19673000.00000000;20373600.00000000;21074000.00000000;21774400.00000000;22304500.00000000;22837500.00000000;23362600.00000000;23866400.00000000;24358900.00000000;24843900.00000000;25282300.00000000;25673400.00000000;26022900.00000000;26342300.00000000;26768700.00000000;27183900.00000000;27593900.00000000;28002000.00000000;28413800.00000000;28925000.00000000;29406200.00000000;29867000.00000000;30328600.00000000;30772900.00000000;31220500.00000000;31666800.00000000;32131600.00000000;32656900.00000000;33185500.00000000;33727700.00000000;34299900.00000000;34865700.00000000;35405900.00000000;35940800.00000000;36475800.00000000;37013300.00000000;37541400.00000000;38040100.00000000;38496000.00000000;38898600.00000000;39230700.00000000;39516000.00000000;39765600.00000000;39971500.00000000;40159400.00000000;40338700.00000000;40515500.00000000;40687100.00000000;40855700.00000000;41020500.00000000;41181800.00000000;41337900.00000000;41486800.00000000;41619800.00000000;41744400.00000000;41914100.00000000;42102100.00000000;42292300.00000000;42496400.00000000;42697200.00000000;42897700.00000000;43071900.00000000;43185300.00000000;         ;         ;         ;         ;         ;         ;         ;         ;         ;         ;         ;         ;         ;         ;         
;95% UL;15653900.00000000;16040300.00000000;16438100.00000000;16852600.00000000;17282700.00000000;17725400.00000000;18268800.00000000;18972500.00000000;19676100.00000000;20380000.00000000;21086900.00000000;21796900.00000000;22340400.00000000;22890100.00000000;23435800.00000000;23962800.00000000;24479900.00000000;24989600.00000000;25451800.00000000;25864800.00000000;26233600.00000000;26569400.00000000;27009700.00000000;27440500.00000000;27863000.00000000;28280200.00000000;28697000.00000000;29209000.00000000;29686800.00000000;30143200.00000000;30602800.00000000;31043500.00000000;31486600.00000000;31929100.00000000;32394600.00000000;32915900.00000000;33440400.00000000;33981300.00000000;34550700.00000000;35112500.00000000;35648300.00000000;36178200.00000000;36709600.00000000;37244600.00000000;37769800.00000000;38266000.00000000;38719700.00000000;39120100.00000000;39451800.00000000;39739100.00000000;39988700.00000000;40194900.00000000;40387300.00000000;40574400.00000000;40758000.00000000;40937200.00000000;41110400.00000000;41281800.00000000;41451300.00000000;41615100.00000000;41767400.00000000;41905500.00000000;42035600.00000000;42206300.00000000;42399500.00000000;42592600.00000000;42803100.00000000;43012900.00000000;43217600.00000000;43399900.00000000;43521300.00000000;         ;         ;         ;         ;         ;         ;         ;         ;         ;         ;         ;         ;         ;         ;         
Males aged 15-49 years;Mean;7764250.00000000;7941700.00000000;8122910.00000000;8311980.00000000;8508370.00000000;8710340.00000000;8916200.00000000;9254500.00000000;9590150.00000000;9923560.00000000;10256300.00000000;10588700.00000000;10832200.00000000;11078700.00000000;11324800.00000000;11564800.00000000;11805100.00000000;12055300.00000000;12286200.00000000;12497200.00000000;12691500.00000000;12871200.00000000;13113800.00000000;13350900.00000000;13584500.00000000;13817200.00000000;14052200.00000000;14316100.00000000;14564000.00000000;14802000.00000000;15039900.00000000;15268200.00000000;15497200.00000000;15724900.00000000;15963600.00000000;16231000.00000000;16498000.00000000;16766900.00000000;17047900.00000000;17324400.00000000;17587000.00000000;17845100.00000000;18101800.00000000;18358100.00000000;18608400.00000000;18843400.00000000;19056900.00000000;19244400.00000000;19398500.00000000;19530900.00000000;19647100.00000000;19742800.00000000;19832300.00000000;19919700.00000000;20006200.00000000;20091700.00000000;20177300.00000000;20262000.00000000;20345900.00000000;20427900.00000000;20505500.00000000;20577100.00000000;20643800.00000000;20729800.00000000;20826200.00000000;20922500.00000000;21025500.00000000;21127200.00000000;21229100.00000000;21318500.00000000;21377800.00000000;         ;         ;         ;         ;         ;         ;         ;         ;         ;         ;         ;         ;         ;         ;         
;95% LL;7764250.00000000;7941700.00000000;8122910.00000000;8311960.00000000;8508330.00000000;8710250.00000000;8915990.00000000;9254020.00000000;9589060.00000000;9921360.00000000;10252000.00000000;10581600.00000000;10821600.00000000;11064200.00000000;11305800.00000000;11541400.00000000;11778500.00000000;12025000.00000000;12252500.00000000;12461700.00000000;12653800.00000000;12829400.00000000;13068300.00000000;13302000.00000000;13532600.00000000;13762800.00000000;13995700.00000000;14258100.00000000;14505400.00000000;14743100.00000000;14980700.00000000;15208500.00000000;15437000.00000000;15664300.00000000;15902700.00000000;16169600.00000000;16436200.00000000;16705200.00000000;16986800.00000000;17264500.00000000;17528800.00000000;17789100.00000000;18048200.00000000;18307100.00000000;18560200.00000000;18798000.00000000;19014500.00000000;19202500.00000000;19355200.00000000;19486200.00000000;19601300.00000000;19696200.00000000;19783600.00000000;19868300.00000000;19953400.00000000;20037500.00000000;20121700.00000000;20205600.00000000;20288800.00000000;20370500.00000000;20447800.00000000;20518100.00000000;20583800.00000000;20668600.00000000;20764000.00000000;20859100.00000000;20961400.00000000;21062300.00000000;21163300.00000000;21252000.00000000;21310500.00000000;         ;         ;         ;         ;         ;         ;         ;         ;         ;         ;         ;         ;         ;         ;         
;95% UL;7764250.00000000;7941700.00000000;8122910.00000000;8311990.00000000;8508400.00000000;8710410.00000000;8916360.00000000;9254880.00000000;9591050.00000000;9925460.00000000;10260200.00000000;10595900.00000000;10843800.00000000;11095700.00000000;11348400.00000000;11595700.00000000;11843600.00000000;12101000.00000000;12338900.00000000;12556600.00000000;12756600.00000000;12941200.00000000;13187900.00000000;13428900.00000000;13665400.00000000;13900400.00000000;14137000.00000000;14400100.00000000;14646200.00000000;14884700.00000000;15123000.00000000;15351600.00000000;15579300.00000000;15807700.00000000;16046200.00000000;16313400.00000000;16580300.00000000;16847900.00000000;17127600.00000000;17402100.00000000;17663700.00000000;17920900.00000000;18176500.00000000;18431800.00000000;18679200.00000000;18911300.00000000;19122000.00000000;19307700.00000000;19462800.00000000;19593900.00000000;19710200.00000000;19806600.00000000;19899400.00000000;19987500.00000000;20073800.00000000;20162100.00000000;20248000.00000000;20334600.00000000;20419300.00000000;20502600.00000000;20583200.00000000;20657600.00000000;20725700.00000000;20813900.00000000;20911000.00000000;21008300.00000000;21114600.00000000;21219400.00000000;21323600.00000000;21416600.00000000;21479300.00000000;         ;         ;         ;         ;         ;         ;         ;         ;         ;         ;         ;         ;         ;         ;         
Females aged 15-49 years;Mean;7889610.00000000;8098640.00000000;8315220.00000000;8540580.00000000;8774250.00000000;9014980.00000000;9352290.00000000;9717420.00000000;10084500.00000000;10453400.00000000;10824600.00000000;11197400.00000000;11489500.00000000;11782400.00000000;12069500.00000000;12342300.00000000;12604000.00000000;12848000.00000000;13064400.00000000;13252600.00000000;13414800.00000000;13560300.00000000;13749300.00000000;13936200.00000000;14120400.00000000;14302500.00000000;14484400.00000000;14733200.00000000;14964700.00000000;15184900.00000000;15405600.00000000;15618200.00000000;15833100.00000000;16049300.00000000;16277800.00000000;16533800.00000000;16793000.00000000;17063700.00000000;17351700.00000000;17638000.00000000;17913700.00000000;18188800.00000000;18466000.00000000;18746700.00000000;19024200.00000000;19288200.00000000;19530900.00000000;19746200.00000000;19925200.00000000;20079200.00000000;20213900.00000000;20325600.00000000;20427400.00000000;20524500.00000000;20617600.00000000;20706300.00000000;20791900.00000000;20874300.00000000;20953700.00000000;21029700.00000000;21100200.00000000;21164400.00000000;21225400.00000000;21307900.00000000;21402300.00000000;21497000.00000000;21599000.00000000;21700000.00000000;21800300.00000000;21887500.00000000;21942500.00000000;         ;         ;         ;         ;         ;         ;         ;         ;         ;         ;         ;         ;         ;         ;         
;95% LL;7889610.00000000;8098640.00000000;8315210.00000000;8540570.00000000;8774210.00000000;9014900.00000000;9352150.00000000;9717080.00000000;10083800.00000000;10452000.00000000;10821900.00000000;11192800.00000000;11482100.00000000;11771200.00000000;12053600.00000000;12321100.00000000;12576900.00000000;12814700.00000000;13024800.00000000;13206800.00000000;13363100.00000000;13503300.00000000;13687500.00000000;13870500.00000000;14051700.00000000;14231800.00000000;14412500.00000000;14661000.00000000;14893100.00000000;15114500.00000000;15335200.00000000;15546200.00000000;15763000.00000000;15977200.00000000;16205400.00000000;16464200.00000000;16723700.00000000;16995800.00000000;17287100.00000000;17574200.00000000;17851300.00000000;18128000.00000000;18406800.00000000;18689300.00000000;18968500.00000000;19233700.00000000;19477400.00000000;19693500.00000000;19873400.00000000;20028100.00000000;20162000.00000000;20274000.00000000;20375700.00000000;20471700.00000000;20561900.00000000;20647500.00000000;20732300.00000000;20814300.00000000;20893400.00000000;20968900.00000000;21038600.00000000;21102500.00000000;21163000.00000000;21244400.00000000;21338500.00000000;21432500.00000000;21533900.00000000;21634400.00000000;21734000.00000000;21820300.00000000;21874600.00000000;         ;         ;         ;         ;         ;         ;         ;         ;         ;         ;         ;         ;         ;         ;         
;95% UL;7889610.00000000;8098640.00000000;8315220.00000000;8540590.00000000;8774270.00000000;9015030.00000000;9352420.00000000;9717700.00000000;10085000.00000000;10454600.00000000;10826800.00000000;11201600.00000000;11496600.00000000;11793600.00000000;12085400.00000000;12363900.00000000;12632800.00000000;12883900.00000000;13107100.00000000;13302200.00000000;13470800.00000000;13622300.00000000;13816900.00000000;14009200.00000000;14199200.00000000;14386300.00000000;14572200.00000000;14823900.00000000;15057300.00000000;15278600.00000000;15500000.00000000;15711900.00000000;15925100.00000000;16138700.00000000;16365200.00000000;16618700.00000000;16877200.00000000;17148100.00000000;17434000.00000000;17717300.00000000;17990100.00000000;18263000.00000000;18538200.00000000;18817300.00000000;19093300.00000000;19355800.00000000;19596700.00000000;19811100.00000000;19990100.00000000;20144000.00000000;20278700.00000000;20389800.00000000;20491300.00000000;20588200.00000000;20683500.00000000;20774700.00000000;20861400.00000000;20945400.00000000;21028100.00000000;21107200.00000000;21180800.00000000;21246600.00000000;21309000.00000000;21393000.00000000;21488600.00000000;21583400.00000000;21688500.00000000;21792900.00000000;21894300.00000000;21983300.00000000;22042000.00000000;         ;         ;         ;         ;         ;         ;         ;         ;         ;         ;         ;         ;         ;         ;         
Population aged 25-49 years;Mean;9285450.00000000;9575990.00000000;9866760.00000000;10160900.00000000;10458100.00000000;10758200.00000000;11114800.00000000;11559300.00000000;12016000.00000000;12484600.00000000;12964500.00000000;13453800.00000000;13820100.00000000;14175200.00000000;14512300.00000000;14822200.00000000;15100300.00000000;15396100.00000000;15659500.00000000;15897900.00000000;16126700.00000000;16366900.00000000;16687400.00000000;17050300.00000000;17448700.00000000;17871700.00000000;18333200.00000000;18809800.00000000;19299600.00000000;19793800.00000000;20289400.00000000;20781800.00000000;21273900.00000000;21765300.00000000;22254000.00000000;22737200.00000000;23201700.00000000;23654500.00000000;24060200.00000000;24426100.00000000;24781600.00000000;25113100.00000000;25438600.00000000;25750100.00000000;26065500.00000000;26413100.00000000;26749400.00000000;27070900.00000000;27372300.00000000;27640000.00000000;27863300.00000000;28052800.00000000;28236100.00000000;28423200.00000000;28612500.00000000;28795000.00000000;28967900.00000000;29123500.00000000;29256700.00000000;29380200.00000000;29489400.00000000;29579300.00000000;29658600.00000000;29780600.00000000;29927600.00000000;30076600.00000000;30241000.00000000;30404400.00000000;30568800.00000000;30709600.00000000;30790900.00000000;         ;         ;         ;         ;         ;         ;         ;         ;         ;         ;         ;         ;         ;         ;         
;95% LL;9285450.00000000;9575990.00000000;9866750.00000000;10160900.00000000;10458000.00000000;10758100.00000000;11114500.00000000;11558600.00000000;12014500.00000000;12481600.00000000;12958100.00000000;13443000.00000000;13803900.00000000;14152700.00000000;14482400.00000000;14783500.00000000;15052100.00000000;15338600.00000000;15593000.00000000;15823400.00000000;16045600.00000000;16281100.00000000;16596400.00000000;16951500.00000000;17343300.00000000;17764800.00000000;18226300.00000000;18705300.00000000;19200200.00000000;19696800.00000000;20193500.00000000;20688900.00000000;21184300.00000000;21678300.00000000;22169200.00000000;22656700.00000000;23122600.00000000;23576200.00000000;23983300.00000000;24351500.00000000;24709800.00000000;25044700.00000000;25373900.00000000;25689400.00000000;26008000.00000000;26355200.00000000;26689400.00000000;27008700.00000000;27313200.00000000;27579500.00000000;27804800.00000000;27990900.00000000;28170000.00000000;28354100.00000000;28539900.00000000;28719600.00000000;28890200.00000000;29043700.00000000;29175800.00000000;29299100.00000000;29408400.00000000;29498500.00000000;29576800.00000000;29697800.00000000;29843000.00000000;29990300.00000000;30153800.00000000;30318500.00000000;30484100.00000000;30624300.00000000;30704300.00000000;         ;         ;         ;         ;         ;         ;         ;         ;         ;         ;         ;         ;         ;         ;         
;95% UL;9285450.00000000;9575990.00000000;9866760.00000000;10160900.00000000;10458100.00000000;10758300.00000000;11115000.00000000;11559800.00000000;12017300.00000000;12487500.00000000;12970100.00000000;13464000.00000000;13837600.00000000;14202500.00000000;14551600.00000000;14875300.00000000;15168200.00000000;15479300.00000000;15757600.00000000;16009700.00000000;16250700.00000000;16500900.00000000;16828900.00000000;17196800.00000000;17597600.00000000;18020400.00000000;18479100.00000000;18950600.00000000;19435800.00000000;19927900.00000000;20418500.00000000;20906300.00000000;21394500.00000000;21882400.00000000;22371600.00000000;22852400.00000000;23316600.00000000;23768400.00000000;24172000.00000000;24534900.00000000;24886600.00000000;25213900.00000000;25535100.00000000;25843800.00000000;26158300.00000000;26503500.00000000;26837700.00000000;27157200.00000000;27458000.00000000;27725900.00000000;27948900.00000000;28138200.00000000;28323500.00000000;28512300.00000000;28703500.00000000;28888000.00000000;29064200.00000000;29221200.00000000;29355400.00000000;29479200.00000000;29588700.00000000;29678400.00000000;29758500.00000000;29882900.00000000;30029800.00000000;30180200.00000000;30348800.00000000;30513200.00000000;30681100.00000000;30822500.00000000;30905900.00000000;         ;         ;         ;         ;         ;         ;         ;         ;         ;         ;         ;         ;         ;         ;         
Males aged 25-49 years;Mean;4597140.00000000;4737610.00000000;4875440.00000000;5012730.00000000;5149240.00000000;5284990.00000000;5419910.00000000;5630860.00000000;5846040.00000000;6065280.00000000;6288330.00000000;6514400.00000000;6666280.00000000;6811990.00000000;6949820.00000000;7077160.00000000;7193590.00000000;7337470.00000000;7470480.00000000;7596410.00000000;7723710.00000000;7859560.00000000;8039740.00000000;8241210.00000000;8460960.00000000;8693890.00000000;8947380.00000000;9198030.00000000;9454920.00000000;9713050.00000000;9969870.00000000;10222700.00000000;10473400.00000000;10722200.00000000;10968300.00000000;11211700.00000000;11444300.00000000;11668500.00000000;11867000.00000000;12044600.00000000;12215400.00000000;12372200.00000000;12524100.00000000;12666700.00000000;12810000.00000000;12968500.00000000;13121200.00000000;13266800.00000000;13403900.00000000;13525700.00000000;13627100.00000000;13713400.00000000;13799000.00000000;13887700.00000000;13978900.00000000;14068400.00000000;14154600.00000000;14233400.00000000;14302200.00000000;14367000.00000000;14425100.00000000;14473500.00000000;14515600.00000000;14578100.00000000;14652400.00000000;14727500.00000000;14810000.00000000;14892000.00000000;14974900.00000000;15046400.00000000;15089100.00000000;         ;         ;         ;         ;         ;         ;         ;         ;         ;         ;         ;         ;         ;         ;         
;95% LL;4597140.00000000;4737610.00000000;4875440.00000000;5012720.00000000;5149210.00000000;5284900.00000000;5419710.00000000;5630390.00000000;5845000.00000000;6063120.00000000;6284200.00000000;6507490.00000000;6656010.00000000;6797770.00000000;6931240.00000000;7054350.00000000;7167350.00000000;7307490.00000000;7437210.00000000;7561510.00000000;7686420.00000000;7818140.00000000;7994590.00000000;8192750.00000000;8409650.00000000;8640190.00000000;8891840.00000000;9141330.00000000;9397860.00000000;9656060.00000000;9912980.00000000;10165800.00000000;10416400.00000000;10665000.00000000;10911100.00000000;11154400.00000000;11387100.00000000;11611600.00000000;11811100.00000000;11990400.00000000;12163300.00000000;12322600.00000000;12477300.00000000;12622900.00000000;12769100.00000000;12930500.00000000;13086100.00000000;13234500.00000000;13374100.00000000;13497800.00000000;13597700.00000000;13683000.00000000;13766200.00000000;13853000.00000000;13943600.00000000;14032000.00000000;14117000.00000000;14194900.00000000;14263100.00000000;14327500.00000000;14385400.00000000;14433700.00000000;14475100.00000000;14536800.00000000;14611000.00000000;14686100.00000000;14768500.00000000;14849500.00000000;14932300.00000000;15004400.00000000;15046200.00000000;         ;         ;         ;         ;         ;         ;         ;         ;         ;         ;         ;         ;         ;         ;         
;95% UL;4597140.00000000;4737610.00000000;4875450.00000000;5012740.00000000;5149270.00000000;5285050.00000000;5420070.00000000;5631230.00000000;5846910.00000000;6067140.00000000;6292170.00000000;6521490.00000000;6677610.00000000;6828610.00000000;6973060.00000000;7107660.00000000;7231480.00000000;7382320.00000000;7522710.00000000;7655420.00000000;7788250.00000000;7928240.00000000;8111370.00000000;8314260.00000000;8537780.00000000;8773340.00000000;9025650.00000000;9273530.00000000;9528110.00000000;9785490.00000000;10039900.00000000;10293700.00000000;10545300.00000000;10794700.00000000;11040700.00000000;11285000.00000000;11517700.00000000;11741500.00000000;11938900.00000000;12114600.00000000;12282300.00000000;12435600.00000000;12583600.00000000;12722200.00000000;12861400.00000000;13017600.00000000;13169100.00000000;13314300.00000000;13450300.00000000;13570100.00000000;13670700.00000000;13757900.00000000;13844100.00000000;13933400.00000000;14026000.00000000;14116700.00000000;14204500.00000000;14283600.00000000;14352500.00000000;14417500.00000000;14475500.00000000;14523600.00000000;14565500.00000000;14628800.00000000;14703800.00000000;14779500.00000000;14863200.00000000;14945700.00000000;15029700.00000000;15103700.00000000;15146100.00000000;         ;         ;         ;         ;         ;         ;         ;         ;         ;         ;         ;         ;         ;         ;         
Females aged 25-49 years;Mean;4688310.00000000;4838380.00000000;4991310.00000000;5148150.00000000;5308850.00000000;5473240.00000000;5694860.00000000;5928410.00000000;6170000.00000000;6419350.00000000;6676140.00000000;6939440.00000000;7153850.00000000;7363200.00000000;7562460.00000000;7745090.00000000;7906670.00000000;8058650.00000000;8189040.00000000;8301470.00000000;8402940.00000000;8507340.00000000;8647630.00000000;8809090.00000000;8987730.00000000;9177820.00000000;9385810.00000000;9611730.00000000;9844680.00000000;10080700.00000000;10319500.00000000;10559100.00000000;10800500.00000000;11043100.00000000;11285700.00000000;11525500.00000000;11757400.00000000;11986000.00000000;12193200.00000000;12381500.00000000;12566300.00000000;12740900.00000000;12914500.00000000;13083400.00000000;13255500.00000000;13444600.00000000;13628200.00000000;13804000.00000000;13968400.00000000;14114300.00000000;14236200.00000000;14339400.00000000;14437100.00000000;14535500.00000000;14633600.00000000;14726700.00000000;14813300.00000000;14890100.00000000;14954600.00000000;15013300.00000000;15064300.00000000;15105800.00000000;15142900.00000000;15202500.00000000;15275300.00000000;15349100.00000000;15431000.00000000;15512400.00000000;15593900.00000000;15663200.00000000;15701700.00000000;         ;         ;         ;         ;         ;         ;         ;         ;         ;         ;         ;         ;         ;         ;         
;95% LL;4688310.00000000;4838380.00000000;4991310.00000000;5148140.00000000;5308820.00000000;5473180.00000000;5694740.00000000;5928130.00000000;6169410.00000000;6418140.00000000;6673850.00000000;6935490.00000000;7147280.00000000;7353090.00000000;7547870.00000000;7725150.00000000;7880730.00000000;8026300.00000000;8150170.00000000;8256270.00000000;8351920.00000000;8451310.00000000;8587600.00000000;8746160.00000000;8923060.00000000;9112540.00000000;9321020.00000000;9548440.00000000;9783760.00000000;10022600.00000000;10262200.00000000;10501100.00000000;10744000.00000000;10986900.00000000;11229800.00000000;11470000.00000000;11702800.00000000;11933000.00000000;12141100.00000000;12332600.00000000;12520900.00000000;12698900.00000000;12874700.00000000;13044900.00000000;13218300.00000000;13408300.00000000;13592800.00000000;13769600.00000000;13934200.00000000;14080000.00000000;14201200.00000000;14304300.00000000;14401700.00000000;14498600.00000000;14595300.00000000;14687400.00000000;14773300.00000000;14849400.00000000;14913500.00000000;14972000.00000000;15022900.00000000;15064200.00000000;15101000.00000000;15160300.00000000;15231400.00000000;15305100.00000000;15387700.00000000;15469700.00000000;15549900.00000000;15619700.00000000;15657800.00000000;         ;         ;         ;         ;         ;         ;         ;         ;         ;         ;         ;         ;         ;         ;         
;95% UL;4688310.00000000;4838380.00000000;4991310.00000000;5148160.00000000;5308860.00000000;5473280.00000000;5694960.00000000;5928640.00000000;6170430.00000000;6420330.00000000;6678030.00000000;6942960.00000000;7159930.00000000;7372910.00000000;7576440.00000000;7764620.00000000;7933120.00000000;8091880.00000000;8229210.00000000;8348630.00000000;8456510.00000000;8566410.00000000;8711090.00000000;8878170.00000000;9061280.00000000;9255390.00000000;9466650.00000000;9694650.00000000;9926380.00000000;10159900.00000000;10397200.00000000;10634800.00000000;10875700.00000000;11113900.00000000;11354900.00000000;11594200.00000000;11824300.00000000;12049600.00000000;12253700.00000000;12438300.00000000;12619900.00000000;12792600.00000000;12964200.00000000;13131300.00000000;13302000.00000000;13489500.00000000;13672100.00000000;13847100.00000000;14011000.00000000;14156500.00000000;14278600.00000000;14383900.00000000;14481700.00000000;14580400.00000000;14679500.00000000;14773900.00000000;14861200.00000000;14938700.00000000;15003700.00000000;15062800.00000000;15114000.00000000;15155600.00000000;15193200.00000000;15252800.00000000;15326000.00000000;15400600.00000000;15483300.00000000;15567000.00000000;15650100.00000000;15720400.00000000;15760500.00000000;         ;         ;         ;         ;         ;         ;         ;         ;         ;         ;         ;         ;         ;         ;         
Population aged 50 years and older;Mean;3872970.00000000;4000320.00000000;4131560.00000000;4265390.00000000;4398290.00000000;4525730.00000000;4650340.00000000;4772280.00000000;4889200.00000000;5005700.00000000;5127680.00000000;5259180.00000000;5393150.00000000;5535660.00000000;5686940.00000000;5843660.00000000;6003460.00000000;6195650.00000000;6391410.00000000;6587430.00000000;6791580.00000000;7003980.00000000;7202580.00000000;7406280.00000000;7615330.00000000;7829660.00000000;8050130.00000000;8255130.00000000;8469520.00000000;8689720.00000000;8912020.00000000;9134000.00000000;9354100.00000000;9573260.00000000;9794890.00000000;9995430.00000000;10130100.00000000;10313100.00000000;10596100.00000000;10892100.00000000;11195900.00000000;11504400.00000000;11816800.00000000;12137200.00000000;12474300.00000000;12839100.00000000;13239400.00000000;13679500.00000000;14156600.00000000;14661800.00000000;15183600.00000000;15727600.00000000;16271000.00000000;16810300.00000000;17343600.00000000;17870900.00000000;18389200.00000000;18898800.00000000;19398900.00000000;19891000.00000000;20379300.00000000;20866700.00000000;21349200.00000000;21778900.00000000;22174000.00000000;22556800.00000000;22913100.00000000;23258600.00000000;23590700.00000000;23933500.00000000;24323000.00000000;         ;         ;         ;         ;         ;         ;         ;         ;         ;         ;         ;         ;         ;         ;         
;95% LL;3872970.00000000;4000320.00000000;4131560.00000000;4265380.00000000;4398290.00000000;4525710.00000000;4650310.00000000;4772190.00000000;4889000.00000000;5005260.00000000;5126740.00000000;5257550.00000000;5390410.00000000;5531430.00000000;5680720.00000000;5834970.00000000;5991820.00000000;6180580.00000000;6372850.00000000;6565090.00000000;6764200.00000000;6971530.00000000;7165340.00000000;7363970.00000000;7567910.00000000;7777820.00000000;7993810.00000000;8194760.00000000;8405430.00000000;8622150.00000000;8841170.00000000;9060050.00000000;9277210.00000000;9493500.00000000;9712250.00000000;9911410.00000000;10046500.00000000;10227100.00000000;10504500.00000000;10794900.00000000;11094600.00000000;11399400.00000000;11710800.00000000;12031600.00000000;12369700.00000000;12735900.00000000;13136100.00000000;13574100.00000000;14049400.00000000;14553400.00000000;15074500.00000000;15618200.00000000;16162000.00000000;16702100.00000000;17236700.00000000;17765600.00000000;18285700.00000000;18797300.00000000;19299500.00000000;19793500.00000000;20284100.00000000;20773700.00000000;21258500.00000000;21690600.00000000;22088200.00000000;22473500.00000000;22832300.00000000;23180300.00000000;23514900.00000000;23858100.00000000;24247000.00000000;         ;         ;         ;         ;         ;         ;         ;         ;         ;         ;         ;         ;         ;         ;         
;95% UL;3872970.00000000;4000320.00000000;4131560.00000000;4265390.00000000;4398300.00000000;4525740.00000000;4650370.00000000;4772350.00000000;4889370.00000000;5006080.00000000;5128510.00000000;5260800.00000000;5396100.00000000;5540610.00000000;5694500.00000000;5854800.00000000;6018870.00000000;6216120.00000000;6418150.00000000;6621100.00000000;6832990.00000000;7053360.00000000;7259630.00000000;7470870.00000000;7687110.00000000;7908190.00000000;8134870.00000000;8345540.00000000;8565060.00000000;8789880.00000000;9016180.00000000;9241470.00000000;9464200.00000000;9685340.00000000;9911270.00000000;10116200.00000000;10253500.00000000;10440000.00000000;10727800.00000000;11026200.00000000;11334900.00000000;11649300.00000000;11964900.00000000;12285900.00000000;12623300.00000000;12987900.00000000;13389100.00000000;13830800.00000000;14308200.00000000;14811800.00000000;15334300.00000000;15878600.00000000;16421800.00000000;16960300.00000000;17492400.00000000;18018100.00000000;18534800.00000000;19042600.00000000;19541100.00000000;20031300.00000000;20517800.00000000;21003200.00000000;21483700.00000000;21911200.00000000;22304100.00000000;22684700.00000000;23038600.00000000;23381900.00000000;23711800.00000000;24052500.00000000;24439900.00000000;         ;         ;         ;         ;         ;         ;         ;         ;         ;         ;         ;         ;         ;         ;         
Males aged 50 years and older;Mean;1776480.00000000;1823600.00000000;1872030.00000000;1921900.00000000;1971750.00000000;2019680.00000000;2064640.00000000;2108510.00000000;2151390.00000000;2195260.00000000;2242550.00000000;2294810.00000000;2349090.00000000;2406710.00000000;2467690.00000000;2529130.00000000;2590040.00000000;2666500.00000000;2743590.00000000;2819050.00000000;2899040.00000000;2982690.00000000;3056920.00000000;3134430.00000000;3214100.00000000;3295570.00000000;3379080.00000000;3452420.00000000;3529760.00000000;3609650.00000000;3690800.00000000;3772640.00000000;3854860.00000000;3938050.00000000;4023790.00000000;4103340.00000000;4156970.00000000;4234100.00000000;4357600.00000000;4489210.00000000;4626690.00000000;4768760.00000000;4914860.00000000;5066790.00000000;5228300.00000000;5404200.00000000;5597660.00000000;5809890.00000000;6039330.00000000;6281280.00000000;6529960.00000000;6788180.00000000;7043940.00000000;7296280.00000000;7544040.00000000;7786890.00000000;8023510.00000000;8254340.00000000;8479150.00000000;8698740.00000000;8915660.00000000;9131510.00000000;9345350.00000000;9533420.00000000;9704480.00000000;9869120.00000000;10020300.00000000;10165800.00000000;10303700.00000000;10446200.00000000;10610600.00000000;         ;         ;         ;         ;         ;         ;         ;         ;         ;         ;         ;         ;         ;         ;         
;95% LL;1776480.00000000;1823600.00000000;1872030.00000000;1921900.00000000;1971740.00000000;2019670.00000000;2064620.00000000;2108430.00000000;2151210.00000000;2194840.00000000;2241720.00000000;2293330.00000000;2346700.00000000;2403100.00000000;2462510.00000000;2522060.00000000;2580750.00000000;2654830.00000000;2729700.00000000;2802940.00000000;2879760.00000000;2959550.00000000;3029810.00000000;3103350.00000000;3179110.00000000;3256780.00000000;3336680.00000000;3406600.00000000;3480770.00000000;3557660.00000000;3635960.00000000;3715080.00000000;3794760.00000000;3875630.00000000;3959230.00000000;4036870.00000000;4089110.00000000;4164760.00000000;4286360.00000000;4416160.00000000;4551940.00000000;4692430.00000000;4837060.00000000;4987640.00000000;5147900.00000000;5322650.00000000;5515080.00000000;5726430.00000000;5955220.00000000;6196780.00000000;6445400.00000000;6703880.00000000;6960250.00000000;7213510.00000000;7462500.00000000;7706800.00000000;7945060.00000000;8177620.00000000;8404220.00000000;8625660.00000000;8844500.00000000;9062320.00000000;9278180.00000000;9468350.00000000;9641530.00000000;9808290.00000000;9961620.00000000;10109200.00000000;10249200.00000000;10393600.00000000;10559900.00000000;         ;         ;         ;         ;         ;         ;         ;         ;         ;         ;         ;         ;         ;         ;         
;95% UL;1776480.00000000;1823600.00000000;1872030.00000000;1921900.00000000;1971750.00000000;2019690.00000000;2064660.00000000;2108570.00000000;2151540.00000000;2195600.00000000;2243320.00000000;2296320.00000000;2351760.00000000;2411110.00000000;2474240.00000000;2538570.00000000;2603110.00000000;2683780.00000000;2765570.00000000;2846110.00000000;2931400.00000000;3020370.00000000;3100660.00000000;3184310.00000000;3269340.00000000;3355830.00000000;3443970.00000000;3521890.00000000;3602770.00000000;3685760.00000000;3769840.00000000;3852580.00000000;3935680.00000000;4022070.00000000;4110780.00000000;4193020.00000000;4247530.00000000;4323650.00000000;4446670.00000000;4577600.00000000;4716230.00000000;4858830.00000000;5005100.00000000;5159090.00000000;5321230.00000000;5498380.00000000;5693530.00000000;5906370.00000000;6136880.00000000;6379560.00000000;6628600.00000000;6886820.00000000;7142190.00000000;7393780.00000000;7640510.00000000;7882090.00000000;8117310.00000000;8346400.00000000;8569260.00000000;8787130.00000000;9002510.00000000;9216970.00000000;9429050.00000000;9614490.00000000;9782790.00000000;9944800.00000000;10093600.00000000;10236700.00000000;10372200.00000000;10512300.00000000;10674000.00000000;         ;         ;         ;         ;         ;         ;         ;         ;         ;         ;         ;         ;         ;         ;         
Females aged 50 years and older;Mean;2096500.00000000;2176720.00000000;2259520.00000000;2343490.00000000;2426550.00000000;2506050.00000000;2585700.00000000;2663770.00000000;2737810.00000000;2810450.00000000;2885130.00000000;2964370.00000000;3044050.00000000;3128950.00000000;3219250.00000000;3314530.00000000;3413430.00000000;3529150.00000000;3647820.00000000;3768380.00000000;3892540.00000000;4021300.00000000;4145660.00000000;4271850.00000000;4401230.00000000;4534090.00000000;4671050.00000000;4802710.00000000;4939760.00000000;5080080.00000000;5221220.00000000;5361350.00000000;5499250.00000000;5635210.00000000;5771100.00000000;5892090.00000000;5973160.00000000;6079030.00000000;6238540.00000000;6402900.00000000;6569190.00000000;6735670.00000000;6901930.00000000;7070450.00000000;7246030.00000000;7434860.00000000;7641780.00000000;7869570.00000000;8117220.00000000;8380520.00000000;8653660.00000000;8939440.00000000;9227090.00000000;9514030.00000000;9799590.00000000;10084000.00000000;10365700.00000000;10644400.00000000;10919800.00000000;11192200.00000000;11463700.00000000;11735200.00000000;12003900.00000000;12245500.00000000;12469500.00000000;12687700.00000000;12892700.00000000;13092700.00000000;13286900.00000000;13487300.00000000;13712400.00000000;         ;         ;         ;         ;         ;         ;         ;         ;         ;         ;         ;         ;         ;         ;         
;95% LL;2096500.00000000;2176720.00000000;2259520.00000000;2343490.00000000;2426550.00000000;2506040.00000000;2585690.00000000;2663750.00000000;2737780.00000000;2810390.00000000;2885010.00000000;2964140.00000000;3043640.00000000;3128260.00000000;3218140.00000000;3312820.00000000;3410900.00000000;3525570.00000000;3642890.00000000;3761790.00000000;3883990.00000000;4010610.00000000;4132680.00000000;4256480.00000000;4383440.00000000;4513600.00000000;4647780.00000000;4776940.00000000;4911570.00000000;5049400.00000000;5188020.00000000;5325610.00000000;5460930.00000000;5593350.00000000;5726010.00000000;5845530.00000000;5924000.00000000;6026900.00000000;6183090.00000000;6344180.00000000;6507460.00000000;6671360.00000000;6835620.00000000;7002730.00000000;7177470.00000000;7365960.00000000;7572960.00000000;7801200.00000000;8048940.00000000;8311300.00000000;8583890.00000000;8870680.00000000;9157260.00000000;9444630.00000000;9730850.00000000;10016100.00000000;10299700.00000000;10580300.00000000;10856100.00000000;11128400.00000000;11399900.00000000;11672100.00000000;11942100.00000000;12185200.00000000;12410700.00000000;12630400.00000000;12835500.00000000;13034800.00000000;13228200.00000000;13428700.00000000;13654000.00000000;         ;         ;         ;         ;         ;         ;         ;         ;         ;         ;         ;         ;         ;         ;         
;95% UL;2096500.00000000;2176720.00000000;2259520.00000000;2343490.00000000;2426550.00000000;2506050.00000000;2585700.00000000;2663780.00000000;2737830.00000000;2810500.00000000;2885230.00000000;2964560.00000000;3044410.00000000;3129590.00000000;3220320.00000000;3316270.00000000;3416070.00000000;3532860.00000000;3652940.00000000;3775260.00000000;3901360.00000000;4032280.00000000;4159000.00000000;4288060.00000000;4420370.00000000;4556050.00000000;4695950.00000000;4831080.00000000;4971190.00000000;5114540.00000000;5258620.00000000;5401540.00000000;5542340.00000000;5681360.00000000;5820020.00000000;5943800.00000000;6027910.00000000;6136910.00000000;6300150.00000000;6468370.00000000;6638400.00000000;6808450.00000000;6975330.00000000;7146070.00000000;7323520.00000000;7513980.00000000;7722230.00000000;7951440.00000000;8200020.00000000;8463710.00000000;8736710.00000000;9022880.00000000;9310640.00000000;9596080.00000000;9880790.00000000;10162500.00000000;10444000.00000000;10722600.00000000;10997600.00000000;11269500.00000000;11540300.00000000;11811000.00000000;12078600.00000000;12319100.00000000;12541900.00000000;12758700.00000000;12962600.00000000;13161600.00000000;13354700.00000000;13554000.00000000;13778200.00000000;         ;         ;         ;         ;         ;         ;         ;         ;         ;         ;         ;         ;         ;         ;         
Number of births;Mean;1059880.00000000;1059890.00000000;1058090.00000000;1054810.00000000;1050080.00000000;1043970.00000000;1047930.00000000;1052650.00000000;1053010.00000000;1050140.00000000;1043960.00000000;1035780.00000000;999688.00000000;985567.00000000;998598.00000000;986637.00000000;987546.00000000;990666.00000000;1019500.00000000;1088910.00000000;1116880.00000000;1142650.00000000;1166500.00000000;1165710.00000000;1144530.00000000;1147040.00000000;1160000.00000000;1177280.00000000;1191730.00000000;1197590.00000000;1198610.00000000;1193240.00000000;1181540.00000000;1183920.00000000;1185630.00000000;1187290.00000000;1195230.00000000;1204760.00000000;1213570.00000000;1221410.00000000;1228280.00000000;1234230.00000000;1239430.00000000;1244060.00000000;1248370.00000000;1252680.00000000;1257250.00000000;1262230.00000000;1267100.00000000;1271770.00000000;1276080.00000000;1279750.00000000;1282520.00000000;1284350.00000000;1285280.00000000;1285330.00000000;1284560.00000000;1283010.00000000;1280710.00000000;1277750.00000000;1274300.00000000;1270520.00000000;1266540.00000000;1262520.00000000;1258570.00000000;1254820.00000000;1251280.00000000;1247960.00000000;1244940.00000000;1242220.00000000;1239790.00000000;         ;         ;         ;         ;         ;         ;         ;         ;         ;         ;         ;         ;         ;         ;         
;95% LL;1059880.00000000;1059890.00000000;1058090.00000000;1054810.00000000;1050080.00000000;1043950.00000000;1047900.00000000;1052600.00000000;1052880.00000000;1049910.00000000;1043580.00000000;1035170.00000000;998823.00000000;984376.00000000;997007.00000000;984664.00000000;985174.00000000;987965.00000000;1016460.00000000;1085400.00000000;1113030.00000000;1138610.00000000;1162360.00000000;1161630.00000000;1140610.00000000;1143050.00000000;1156020.00000000;1173420.00000000;1187970.00000000;1194000.00000000;1195120.00000000;1189840.00000000;1178210.00000000;1180710.00000000;1182470.00000000;1184130.00000000;1191740.00000000;1200820.00000000;1208650.00000000;1215870.00000000;1222250.00000000;1227850.00000000;1232830.00000000;1237360.00000000;1241650.00000000;1245990.00000000;1250630.00000000;1255710.00000000;1260680.00000000;1265470.00000000;1269890.00000000;1273690.00000000;1276610.00000000;1278590.00000000;1279670.00000000;1279890.00000000;1279250.00000000;1277830.00000000;1275690.00000000;1272890.00000000;1269580.00000000;1265900.00000000;1262000.00000000;1258010.00000000;1254050.00000000;1250280.00000000;1246700.00000000;1243330.00000000;1240250.00000000;1237470.00000000;1234980.00000000;         ;         ;         ;         ;         ;         ;         ;         ;         ;         ;         ;         ;         ;         ;         
;95% UL;1059880.00000000;1059890.00000000;1058090.00000000;1054810.00000000;1050090.00000000;1043980.00000000;1047960.00000000;1052700.00000000;1053110.00000000;1050330.00000000;1044310.00000000;1036350.00000000;1000570.00000000;986796.00000000;1000270.00000000;988781.00000000;990193.00000000;993790.00000000;1023140.00000000;1093150.00000000;1121570.00000000;1147700.00000000;1171800.00000000;1171060.00000000;1149730.00000000;1152190.00000000;1165220.00000000;1182380.00000000;1196640.00000000;1202270.00000000;1203040.00000000;1197430.00000000;1185570.00000000;1187860.00000000;1189550.00000000;1191120.00000000;1199720.00000000;1210200.00000000;1220130.00000000;1229110.00000000;1236880.00000000;1243330.00000000;1248880.00000000;1253740.00000000;1258170.00000000;1262480.00000000;1266950.00000000;1271830.00000000;1276600.00000000;1281180.00000000;1285370.00000000;1288880.00000000;1291490.00000000;1293150.00000000;1293890.00000000;1293760.00000000;1292810.00000000;1291070.00000000;1288570.00000000;1285440.00000000;1281830.00000000;1277890.00000000;1273770.00000000;1269640.00000000;1265670.00000000;1261880.00000000;1258330.00000000;1255030.00000000;1252060.00000000;1249440.00000000;1247100.00000000;         ;         ;         ;         ;         ;         ;         ;         ;         ;         ;         ;         ;         ;         ;         
Total fertility rate;Mean;4.19682000;4.07635000;3.95553000;3.83470000;3.71387000;3.57303000;3.44883000;3.32967000;3.21041000;3.09101000;2.97145000;2.86551000;2.71144000;2.62308000;2.61075000;2.53671000;2.49833000;2.46120000;2.49092000;2.62026000;2.64978000;2.66812000;2.67658000;2.62927000;2.53925000;2.50531000;2.49097000;2.48123000;2.46787000;2.44010000;2.40681000;2.36776000;2.32056000;2.30448000;2.28884000;2.27403000;2.26916000;2.26709000;2.26282000;2.25652000;2.24867000;2.23961000;2.22964000;2.21891000;2.20769000;2.19625000;2.18474000;2.17371000;2.16274000;2.15188000;2.14117000;2.13060000;2.12020000;2.10999000;2.09998000;2.09018000;2.08061000;2.07127000;2.06218000;2.05335000;2.04480000;2.03652000;2.02853000;2.02082000;2.01339000;2.00624000;1.99935000;1.99271000;1.98631000;1.98014000;1.97419000;         ;         ;         ;         ;         ;         ;         ;         ;         ;         ;         ;         ;         ;         ;         
;95% LL;4.19682000;4.07635000;3.95553000;3.83470000;3.71387000;3.57303000;3.44882000;3.32966000;3.21041000;3.09100000;2.97143000;2.86548000;2.71141000;2.62305000;2.61070000;2.53666000;2.49827000;2.46113000;2.49084000;2.62015000;2.64964000;2.66795000;2.67637000;2.62903000;2.53899000;2.50504000;2.49068000;2.48094000;2.46757000;2.43979000;2.40650000;2.36744000;2.32024000;2.30416000;2.28851000;2.27368000;2.26674000;2.26256000;2.25669000;2.24922000;2.24057000;2.23096000;2.22069000;2.20984000;2.19863000;2.18729000;2.17597000;2.16519000;2.15454000;2.14404000;2.13373000;2.12352000;2.11351000;2.10375000;2.09435000;2.08514000;2.07591000;2.06688000;2.05820000;2.04985000;2.04178000;2.03401000;2.02629000;2.01895000;2.01182000;2.00482000;1.99804000;1.99134000;1.98476000;1.97865000;1.97265000;         ;         ;         ;         ;         ;         ;         ;         ;         ;         ;         ;         ;         ;         ;         
;95% UL;4.19682000;4.07635000;3.95553000;3.83470000;3.71388000;3.57304000;3.44883000;3.32967000;3.21042000;3.09101000;2.97146000;2.86553000;2.71147000;2.62312000;2.61079000;2.53677000;2.49840000;2.46128000;2.49101000;2.62038000;2.64993000;2.66831000;2.67681000;2.62953000;2.53953000;2.50560000;2.49126000;2.48152000;2.46816000;2.44039000;2.40710000;2.36805000;2.32084000;2.30476000;2.28913000;2.27432000;2.27238000;2.27291000;2.27069000;2.26591000;2.25923000;2.25099000;2.24163000;2.23123000;2.22009000;2.20857000;2.19688000;2.18557000;2.17429000;2.16312000;2.15193000;2.14103000;2.13028000;2.11966000;2.10919000;2.09889000;2.08864000;2.07867000;2.06905000;2.05954000;2.05032000;2.04145000;2.03281000;2.02462000;2.01675000;2.00930000;2.00218000;1.99525000;1.98858000;1.98214000;1.97607000;         ;         ;         ;         ;         ;         ;         ;         ;         ;         ;         ;         ;         ;         ;         
Birth rate/1000;Mean;32.40530000;31.64790000;30.88070000;30.11500000;29.35390000;28.60050000;28.07150000;27.48690000;26.83500000;26.15440000;25.45120000;24.77040000;23.48790000;22.78590000;22.74060000;22.15320000;21.88700000;21.69640000;22.07930000;23.31680000;23.63570000;23.89170000;24.02580000;23.64410000;22.86340000;22.56640000;22.46600000;22.42700000;22.32230000;22.05590000;21.70910000;21.26100000;20.71950000;20.44010000;20.16230000;19.91250000;19.78460000;19.66420000;19.51760000;19.35780000;19.18630000;19.00470000;18.81660000;18.62550000;18.43570000;18.25180000;18.07740000;17.91450000;17.75800000;17.60640000;17.45720000;17.30650000;17.15100000;16.99050000;16.82560000;16.65670000;16.48480000;16.31030000;16.13380000;15.95640000;15.78020000;15.60690000;15.43820000;15.27540000;15.11980000;14.97240000;14.83320000;14.70210000;14.57950000;14.46520000;14.35880000;         ;         ;         ;         ;         ;         ;         ;         ;         ;         ;         ;         ;         ;         ;         
;95% LL;32.40530000;31.64790000;30.88070000;30.11500000;29.35380000;28.60040000;28.07110000;27.48620000;26.83370000;26.15270000;25.44890000;24.76730000;23.48360000;22.77970000;22.73200000;22.14200000;21.87280000;21.67930000;22.05870000;23.29150000;23.60810000;23.85940000;23.98870000;23.60290000;22.81960000;22.52000000;22.41530000;22.37120000;22.26230000;21.99370000;21.64570000;21.19710000;20.65590000;20.37650000;20.10050000;19.85180000;19.73430000;19.61210000;19.46050000;19.29360000;19.11790000;18.93290000;18.74650000;18.55680000;18.36940000;18.18840000;18.01720000;17.85740000;17.70390000;17.55530000;17.40900000;17.26130000;17.10880000;16.95120000;16.78910000;16.62300000;16.45360000;16.28160000;16.10740000;15.93220000;15.75790000;15.58580000;15.41750000;15.25520000;15.10010000;14.95330000;14.81470000;14.68420000;14.56170000;14.44700000;14.34030000;         ;         ;         ;         ;         ;         ;         ;         ;         ;         ;         ;         ;         ;         ;         
;95% UL;32.40530000;31.64790000;30.88070000;30.11500000;29.35400000;28.60070000;28.07190000;27.48770000;26.83600000;26.15560000;25.45280000;24.77290000;23.49130000;22.79020000;22.74700000;22.16180000;21.89770000;21.70950000;22.09450000;23.33540000;23.65800000;23.91570000;24.05320000;23.67450000;22.89570000;22.60080000;22.50330000;22.46440000;22.36210000;22.09370000;21.74830000;21.30140000;20.76060000;20.48210000;20.20500000;19.95550000;19.82230000;19.69810000;19.56500000;19.41540000;19.25520000;19.07740000;18.89120000;18.70070000;18.50910000;18.32250000;18.14510000;17.97860000;17.81980000;17.66630000;17.51400000;17.35990000;17.20100000;17.03810000;16.86940000;16.69740000;16.52280000;16.34610000;16.16760000;15.98780000;15.80940000;15.63500000;15.46490000;15.30100000;15.14530000;14.99870000;14.86040000;14.72900000;14.60690000;14.49390000;14.38780000;         ;         ;         ;         ;         ;         ;         ;         ;         ;         ;         ;         ;         ;         ;         
Dependency ratio;Mean;0.76041700;0.76092200;0.75879300;0.75387900;0.74698500;0.73910200;0.72863700;0.71328600;0.69875200;0.68400000;0.66783500;0.64904700;0.64016500;0.62824500;0.61505000;0.60261700;0.58957100;0.57470600;0.56161900;0.55083500;0.54346500;0.53783200;0.53196300;0.52728800;0.52321600;0.51929300;0.51627600;0.51123500;0.50890500;0.50829400;0.50805700;0.50872100;0.50931100;0.50976600;0.50938400;0.50629300;0.50145700;0.49613300;0.49106600;0.48632600;0.48263100;0.47930000;0.47611800;0.47281800;0.46943500;0.46617200;0.46314500;0.46050000;0.45857500;0.45699500;0.45585900;0.45530000;0.45520000;0.45534800;0.45562800;0.45593500;0.45621300;0.45645900;0.45677200;0.45733600;0.45837500;0.46004000;0.46239000;0.46533900;0.46870200;0.47225000;0.47611500;0.47984900;0.48340800;0.48678600;0.49001400;         ;         ;         ;         ;         ;         ;         ;         ;         ;         ;         ;         ;         ;         ;         
;95% LL;0.76041700;0.76092100;0.75879200;0.75387700;0.74698200;0.73909400;0.72862400;0.71326200;0.69871400;0.68395400;0.66777500;0.64894600;0.63997600;0.62792400;0.61456100;0.60196200;0.58873900;0.57371100;0.56050600;0.54960000;0.54210200;0.53635600;0.53039700;0.52563500;0.52151700;0.51758200;0.51457200;0.50959300;0.50736300;0.50680400;0.50664900;0.50745600;0.50809500;0.50857000;0.50820600;0.50514700;0.50035200;0.49508800;0.49009900;0.48544900;0.48180400;0.47850900;0.47526800;0.47193800;0.46850300;0.46515200;0.46203800;0.45932700;0.45729100;0.45559200;0.45434900;0.45372500;0.45359500;0.45363600;0.45391100;0.45423800;0.45453000;0.45480500;0.45517200;0.45579800;0.45688400;0.45861900;0.46105800;0.46415800;0.46767500;0.47125200;0.47513100;0.47889000;0.48248400;0.48590600;0.48918200;         ;         ;         ;         ;         ;         ;         ;         ;         ;         ;         ;         ;         ;         ;         
;95% UL;0.76041700;0.76092200;0.75879400;0.75388000;0.74698800;0.73910700;0.72864700;0.71330700;0.69878600;0.68404300;0.66788100;0.64912100;0.64028800;0.62845500;0.61536800;0.60303600;0.59007800;0.57532100;0.56233900;0.55164900;0.54436300;0.53880300;0.53299000;0.52836400;0.52432900;0.52043000;0.51742000;0.51235600;0.50999200;0.50934300;0.50906900;0.50970000;0.51025900;0.51068000;0.51026200;0.50713200;0.50225600;0.49688000;0.49174600;0.48692900;0.48332500;0.48000200;0.47696800;0.47379800;0.47060800;0.46750000;0.46461000;0.46207500;0.46033200;0.45892000;0.45796100;0.45757900;0.45761400;0.45785400;0.45810900;0.45840700;0.45866200;0.45885700;0.45910600;0.45960700;0.46056500;0.46214800;0.46436800;0.46719900;0.47046000;0.47378400;0.47749600;0.48110100;0.48454800;0.48782500;0.49096700;         ;         ;         ;         ;         ;         ;         ;         ;         ;         ;         ;         ;         ;         ;         
Aging index;Mean;0.09191130;0.09557660;0.09860640;0.10124300;0.10380800;0.10661000;0.10972000;0.11341100;0.11731600;0.12142100;0.12574000;0.13047800;0.13354500;0.13709900;0.14103600;0.14511200;0.14971800;0.15558200;0.16161900;0.16712500;0.17183800;0.17591000;0.17845000;0.18012400;0.18153100;0.18321300;0.18504800;0.18685200;0.18830600;0.18965000;0.19122300;0.19281100;0.19466800;0.19686000;0.19953700;0.20188700;0.20166400;0.20340300;0.20895900;0.21480700;0.22063900;0.22663700;0.23289600;0.23952600;0.24641400;0.25334200;0.26016900;0.26670600;0.27287800;0.27902800;0.28535800;0.29199400;0.29912000;0.30676900;0.31479200;0.32297900;0.33121800;0.33949200;0.34801000;0.35716400;0.36744900;0.37923300;0.39271300;0.40778200;0.42408300;0.44114200;0.45921900;0.47733800;0.49533800;0.51312600;0.53067900;         ;         ;         ;         ;         ;         ;         ;         ;         ;         ;         ;         ;         ;         ;         
;95% LL;0.09191130;0.09557660;0.09860630;0.10124200;0.10380800;0.10660900;0.10971600;0.11340400;0.11730100;0.12139600;0.12570000;0.13041600;0.13346200;0.13698800;0.14089700;0.14493900;0.14951400;0.15534200;0.16134400;0.16682000;0.17150100;0.17554300;0.17807900;0.17977500;0.18118100;0.18286600;0.18471500;0.18648500;0.18788900;0.18917400;0.19068000;0.19217600;0.19396500;0.19609200;0.19870600;0.20098700;0.20070100;0.20237400;0.20784900;0.21361900;0.21937700;0.22529300;0.23141500;0.23801000;0.24487800;0.25176000;0.25854200;0.26504200;0.27118700;0.27731600;0.28361100;0.29021800;0.29728100;0.30490100;0.31293100;0.32110700;0.32935000;0.33754700;0.34610300;0.35521600;0.36528300;0.37707600;0.39063100;0.40567400;0.42196400;0.43903200;0.45713700;0.47530500;0.49333900;0.51091600;0.52836900;         ;         ;         ;         ;         ;         ;         ;         ;         ;         ;         ;         ;         ;         ;         
;95% UL;0.09191130;0.09557670;0.09860660;0.10124300;0.10380900;0.10661200;0.10972400;0.11342000;0.11733300;0.12144900;0.12578400;0.13054200;0.13362700;0.13720300;0.14116800;0.14527400;0.14991400;0.15581600;0.16189500;0.16744100;0.17218900;0.17628700;0.17885700;0.18056200;0.18201300;0.18372400;0.18557400;0.18744600;0.18895500;0.19039600;0.19206300;0.19375100;0.19572700;0.19804200;0.20085500;0.20333000;0.20315200;0.20498200;0.21066700;0.21668100;0.22265700;0.22874000;0.23512400;0.24186400;0.24884800;0.25585500;0.26274200;0.26932100;0.27551900;0.28168200;0.28811800;0.29486300;0.30209900;0.30985300;0.31797400;0.32624600;0.33453000;0.34283200;0.35133500;0.36055100;0.37088200;0.38269600;0.39618900;0.41125400;0.42753100;0.44451600;0.46248700;0.48048600;0.49837600;0.51604600;0.53347200;         ;         ;         ;         ;         ;         ;         ;         ;         ;         ;         ;         ;         ;         ;         
;;         ;         ;         ;         ;         ;         ;         ;         ;         ;         ;         ;         ;         ;         ;         ;         ;         ;         ;         ;         ;         ;         ;         ;         ;         ;         ;         ;         ;         ;         ;         ;         ;         ;         ;         ;         ;         ;         ;         ;         ;         ;         ;         ;         ;         ;         ;         ;         ;         ;         ;         ;         ;         ;         ;         ;         ;         ;         ;         ;         ;         ;         ;         ;         ;         ;         ;         ;         ;         ;         ;         ;         ;         ;         ;         ;         ;         ;         ;         ;         ;         ;         ;         ;         ;         ;         
HIV incidence statistics;;         ;         ;         ;         ;         ;         ;         ;         ;         ;         ;         ;         ;         ;         ;         ;         ;         ;         ;         ;         ;         ;         ;         ;         ;         ;         ;         ;         ;         ;         ;         ;         ;         ;         ;         ;         ;         ;         ;         ;         ;         ;         ;         ;         ;         ;         ;         ;         ;         ;         ;         ;         ;         ;         ;         ;         ;         ;         ;         ;         ;         ;         ;         ;         ;         ;         ;         ;         ;         ;         ;         ;         ;         ;         ;         ;         ;         ;         ;         ;         ;         ;         ;         ;         ;         ;         
;;         ;         ;         ;         ;         ;         ;         ;         ;         ;         ;         ;         ;         ;         ;         ;         ;         ;         ;         ;         ;         ;         ;         ;         ;         ;         ;         ;         ;         ;         ;         ;         ;         ;         ;         ;         ;         ;         ;         ;         ;         ;         ;         ;         ;         ;         ;         ;         ;         ;         ;         ;         ;         ;         ;         ;         ;         ;         ;         ;         ;         ;         ;         ;         ;         ;         ;         ;         ;         ;         ;         ;         ;         ;         ;         ;         ;         ;         ;         ;         ;         ;         ;         ;         ;         ;         
Total new HIV infections;Mean;909.56200000;2651.87000000;6909.79000000;17764.10000000;43585.10000000;94790.70000000;170699.00000000;252753.00000000;327151.00000000;394080.00000000;452676.00000000;499883.00000000;529051.00000000;546617.00000000;555399.00000000;554716.00000000;547778.00000000;537247.00000000;525526.00000000;514447.00000000;498135.00000000;478262.00000000;457956.00000000;434392.00000000;408194.00000000;384802.00000000;362068.00000000;343725.00000000;329950.00000000;314068.00000000;301659.00000000;283367.00000000;260293.00000000;246494.00000000;232025.00000000;216310.00000000;203722.00000000;191527.00000000;180629.00000000;171864.00000000;164817.00000000;158226.00000000;151754.00000000;146568.00000000;141610.00000000;136803.00000000;132100.00000000;127468.00000000;122845.00000000;118193.00000000;113479.00000000;108799.00000000;104288.00000000;99981.60000000;95878.00000000;91958.60000000;88225.60000000;84674.50000000;81302.00000000;78096.60000000;75043.60000000;72129.70000000;69342.80000000;66672.70000000;64111.90000000;61653.20000000;59289.70000000;57015.20000000;54824.60000000;52714.90000000;50680.90000000;         ;         ;         ;         ;         ;         ;         ;         ;         ;         ;         ;         ;         ;         ;         
;95% LL;557.08700000;1691.74000000;4518.15000000;12321.00000000;29794.30000000;62554.30000000;116564.00000000;191910.00000000;272540.00000000;349345.00000000;414398.00000000;470799.00000000;507992.00000000;529329.00000000;540373.00000000;541233.00000000;535643.00000000;526329.00000000;514163.00000000;502232.00000000;485386.00000000;465266.00000000;444939.00000000;421594.00000000;395831.00000000;372916.00000000;350664.00000000;332704.00000000;319144.00000000;303442.00000000;291155.00000000;272800.00000000;249395.00000000;235291.00000000;220470.00000000;205241.00000000;193575.00000000;182251.00000000;172588.00000000;164465.00000000;158349.00000000;152583.00000000;146610.00000000;141634.00000000;136819.00000000;132041.00000000;127321.00000000;122640.00000000;118023.00000000;113371.00000000;108752.00000000;104115.00000000;99654.00000000;95400.00000000;91351.90000000;87491.30000000;83737.80000000;80170.30000000;76787.50000000;73713.40000000;70800.10000000;68017.10000000;65294.20000000;62672.70000000;60093.50000000;57622.10000000;55251.20000000;52974.60000000;50787.20000000;48708.00000000;46752.90000000;         ;         ;         ;         ;         ;         ;         ;         ;         ;         ;         ;         ;         ;         ;         
;95% UL;1429.20000000;3811.58000000;9677.96000000;25027.40000000;62154.30000000;126083.00000000;211466.00000000;288679.00000000;358596.00000000;419605.00000000;473692.00000000;518553.00000000;545419.00000000;560785.00000000;567485.00000000;564866.00000000;556749.00000000;546831.00000000;536752.00000000;527645.00000000;512110.00000000;493234.00000000;473152.00000000;449866.00000000;423608.00000000;399836.00000000;376667.00000000;357925.00000000;344099.00000000;328327.00000000;315989.00000000;297620.00000000;274461.00000000;260780.00000000;246623.00000000;230772.00000000;217662.00000000;204261.00000000;192054.00000000;182127.00000000;174269.00000000;167274.00000000;160623.00000000;155564.00000000;150771.00000000;146122.00000000;141552.00000000;137015.00000000;132438.00000000;127770.00000000;122966.00000000;118073.00000000;113335.00000000;108803.00000000;104481.00000000;100346.00000000;96403.80000000;92650.10000000;89064.80000000;85644.30000000;82390.30000000;79289.90000000;76331.20000000;73503.90000000;70800.30000000;68212.80000000;65733.30000000;63354.40000000;61039.30000000;58799.40000000;56638.30000000;         ;         ;         ;         ;         ;         ;         ;         ;         ;         ;         ;         ;         ;         ;         
New infections acquired sexually;Mean;847.79600000;2524.77000000;6632.15000000;17116.20000000;42042.90000000;91285.90000000;163559.00000000;240184.00000000;307831.00000000;367133.00000000;417660.00000000;456803.00000000;478905.00000000;489918.00000000;491925.00000000;486368.00000000;475651.00000000;462965.00000000;450522.00000000;438109.00000000;424544.00000000;410348.00000000;398363.00000000;387392.00000000;373909.00000000;358691.00000000;340137.00000000;323730.00000000;311210.00000000;297948.00000000;287423.00000000;270946.00000000;249122.00000000;236194.00000000;222414.00000000;207392.00000000;195454.00000000;183798.00000000;173392.00000000;165052.00000000;158378.00000000;152125.00000000;145972.00000000;141065.00000000;136357.00000000;131789.00000000;127316.00000000;122906.00000000;118501.00000000;114063.00000000;109560.00000000;105089.00000000;100783.00000000;96673.90000000;92761.10000000;89025.50000000;85469.20000000;82087.10000000;78875.40000000;75822.40000000;72913.10000000;70134.00000000;67473.10000000;64920.50000000;62468.70000000;60111.00000000;57840.80000000;55652.50000000;53541.60000000;51505.40000000;49539.40000000;         ;         ;         ;         ;         ;         ;         ;         ;         ;         ;         ;         ;         ;         ;         
;95% LL;521.73200000;1613.29000000;4373.88000000;11845.90000000;28678.40000000;59724.90000000;111122.00000000;183500.00000000;256370.00000000;326726.00000000;383876.00000000;431131.00000000;460798.00000000;474094.00000000;478387.00000000;474710.00000000;465066.00000000;452250.00000000;439119.00000000;426276.00000000;412512.00000000;398281.00000000;386342.00000000;375473.00000000;362217.00000000;347324.00000000;329176.00000000;313117.00000000;300795.00000000;287661.00000000;277224.00000000;260675.00000000;238462.00000000;225152.00000000;211234.00000000;196551.00000000;185709.00000000;174838.00000000;165671.00000000;158059.00000000;152076.00000000;146614.00000000;141063.00000000;136354.00000000;131783.00000000;127265.00000000;122717.00000000;118201.00000000;113785.00000000;109439.00000000;105035.00000000;100602.00000000;96340.20000000;92278.50000000;88397.50000000;84713.40000000;81050.00000000;77650.40000000;74533.50000000;71619.00000000;68839.20000000;66164.70000000;63556.10000000;61055.60000000;58609.60000000;56235.70000000;53954.60000000;51760.90000000;49649.80000000;47620.10000000;45727.70000000;         ;         ;         ;         ;         ;         ;         ;         ;         ;         ;         ;         ;         ;         ;         
;95% UL;1324.50000000;3615.58000000;9278.80000000;24139.20000000;60213.90000000;121470.00000000;202220.00000000;272885.00000000;335526.00000000;390323.00000000;437919.00000000;474723.00000000;494564.00000000;503432.00000000;503412.00000000;495991.00000000;484287.00000000;473398.00000000;462669.00000000;451504.00000000;438729.00000000;424987.00000000;413280.00000000;402483.00000000;388912.00000000;373284.00000000;354222.00000000;337471.00000000;324889.00000000;311740.00000000;301290.00000000;284717.00000000;262946.00000000;250033.00000000;236407.00000000;221037.00000000;208574.00000000;195990.00000000;184339.00000000;174894.00000000;167441.00000000;160773.00000000;154313.00000000;149535.00000000;144988.00000000;140575.00000000;136234.00000000;131920.00000000;127563.00000000;123113.00000000;118529.00000000;113918.00000000;109437.00000000;105131.00000000;101007.00000000;97051.50000000;93273.80000000;89674.70000000;86255.30000000;83006.70000000;79915.50000000;76968.30000000;74153.10000000;71459.80000000;68880.50000000;66408.20000000;64035.10000000;61754.40000000;59559.90000000;57445.30000000;55358.40000000;         ;         ;         ;         ;         ;         ;         ;         ;         ;         ;         ;         ;         ;         ;         
New infections acquired sexually: males;Mean;450.58400000;1406.73000000;3749.89000000;9727.39000000;23859.50000000;51247.90000000;89214.60000000;125569.00000000;153262.00000000;174592.00000000;190763.00000000;201265.00000000;204003.00000000;202297.00000000;197723.00000000;191261.00000000;184085.00000000;177481.00000000;171939.00000000;166995.00000000;162076.00000000;157283.00000000;153577.00000000;150405.00000000;146499.00000000;142347.00000000;135975.00000000;129370.00000000;124060.00000000;118272.00000000;113631.00000000;106260.00000000;96219.10000000;90218.10000000;83985.40000000;77508.50000000;72476.00000000;67318.60000000;62655.70000000;58965.90000000;56100.40000000;53518.50000000;51097.70000000;49248.00000000;47555.60000000;45963.10000000;44437.00000000;42957.90000000;41498.20000000;40037.20000000;38560.20000000;37090.70000000;35665.80000000;34298.50000000;32988.60000000;31730.10000000;30524.10000000;29369.90000000;28267.00000000;27213.50000000;26205.20000000;25238.40000000;24310.30000000;23419.10000000;22562.70000000;21739.10000000;20946.90000000;20184.30000000;19450.30000000;18743.30000000;18061.50000000;         ;         ;         ;         ;         ;         ;         ;         ;         ;         ;         ;         ;         ;         ;         
;95% LL;280.88000000;898.96000000;2475.59000000;6522.06000000;15552.80000000;31834.00000000;58774.50000000;92387.50000000;124645.00000000;150511.00000000;171741.00000000;185050.00000000;191129.00000000;191185.00000000;187992.00000000;182367.00000000;176014.00000000;169844.00000000;164643.00000000;159995.00000000;155335.00000000;150765.00000000;147222.00000000;144193.00000000;140226.00000000;135809.00000000;129625.00000000;123190.00000000;117984.00000000;112313.00000000;107786.00000000;100646.00000000;90792.50000000;84702.80000000;78613.20000000;72388.00000000;67687.80000000;62943.50000000;58664.60000000;55318.60000000;52699.80000000;50369.30000000;48157.20000000;46429.80000000;44876.40000000;43394.60000000;41909.70000000;40477.40000000;39030.00000000;37580.70000000;36123.60000000;34679.80000000;33300.80000000;31989.40000000;30735.20000000;29532.50000000;28381.80000000;27282.10000000;26232.50000000;25230.70000000;24272.50000000;23348.20000000;22445.80000000;21580.20000000;20749.40000000;19951.30000000;19188.10000000;18459.50000000;17755.20000000;17066.30000000;16399.70000000;         ;         ;         ;         ;         ;         ;         ;         ;         ;         ;         ;         ;         ;         ;         
;95% UL;683.75300000;2031.64000000;5289.77000000;13970.00000000;34765.80000000;70030.80000000;110921.00000000;145867.00000000;172870.00000000;191908.00000000;206209.00000000;215177.00000000;216259.00000000;212858.00000000;206654.00000000;198716.00000000;190294.00000000;182952.00000000;178068.00000000;173506.00000000;168697.00000000;163722.00000000;159803.00000000;156432.00000000;152236.00000000;147752.00000000;141081.00000000;134273.00000000;128948.00000000;123024.00000000;118342.00000000;110891.00000000;100840.00000000;94867.40000000;88745.70000000;82175.90000000;76806.50000000;71206.40000000;66113.50000000;62049.90000000;58884.50000000;56068.10000000;53414.70000000;51508.50000000;49816.70000000;48221.50000000;46687.90000000;45203.00000000;43735.20000000;42260.40000000;40761.50000000;39263.30000000;37806.00000000;36404.60000000;35059.70000000;33765.90000000;32525.00000000;31337.10000000;30202.00000000;29118.40000000;28082.10000000;27089.20000000;26136.70000000;25222.70000000;24344.80000000;23500.70000000;22688.70000000;21906.90000000;21153.90000000;20428.00000000;19727.00000000;         ;         ;         ;         ;         ;         ;         ;         ;         ;         ;         ;         ;         ;         ;         
New infections acquired sexually: females;Mean;397.21200000;1118.04000000;2882.26000000;7388.76000000;18183.40000000;40038.00000000;74344.50000000;114615.00000000;154568.00000000;192540.00000000;226897.00000000;255537.00000000;274901.00000000;287621.00000000;294202.00000000;295107.00000000;291566.00000000;285484.00000000;278584.00000000;271114.00000000;262468.00000000;253065.00000000;244786.00000000;236987.00000000;227410.00000000;216344.00000000;204163.00000000;194360.00000000;187150.00000000;179676.00000000;173792.00000000;164685.00000000;152903.00000000;145976.00000000;138429.00000000;129883.00000000;122978.00000000;116479.00000000;110736.00000000;106086.00000000;102278.00000000;98606.80000000;94874.00000000;91817.50000000;88801.80000000;85825.60000000;82879.30000000;79948.60000000;77002.80000000;74025.40000000;71000.10000000;67998.50000000;65117.20000000;62375.40000000;59772.50000000;57295.40000000;54945.00000000;52717.10000000;50608.30000000;48608.90000000;46708.00000000;44895.60000000;43162.80000000;41501.40000000;39906.00000000;38371.90000000;36893.90000000;35468.20000000;34091.40000000;32762.10000000;31477.90000000;         ;         ;         ;         ;         ;         ;         ;         ;         ;         ;         ;         ;         ;         ;         
;95% LL;232.38200000;730.17600000;1844.52000000;5224.55000000;12699.70000000;27880.30000000;53443.20000000;90306.60000000;130324.00000000;173081.00000000;211590.00000000;242950.00000000;263874.00000000;278355.00000000;285910.00000000;287153.00000000;284165.00000000;278705.00000000;272444.00000000;264807.00000000;256116.00000000;246814.00000000;238179.00000000;230554.00000000;221150.00000000;210383.00000000;198321.00000000;188530.00000000;181272.00000000;173635.00000000;167708.00000000;158561.00000000;146787.00000000;139878.00000000;132381.00000000;124014.00000000;117367.00000000;111299.00000000;106045.00000000;101764.00000000;98097.10000000;94505.70000000;90846.50000000;87839.20000000;84894.60000000;81979.10000000;79084.60000000;76210.10000000;73344.30000000;70454.50000000;67527.80000000;64601.60000000;61830.30000000;59145.90000000;56541.90000000;54158.20000000;51940.10000000;49837.00000000;47809.60000000;45747.40000000;43785.90000000;41920.90000000;40195.80000000;38590.20000000;37048.80000000;35567.00000000;34139.80000000;32763.70000000;31435.50000000;30141.40000000;28873.40000000;         ;         ;         ;         ;         ;         ;         ;         ;         ;         ;         ;         ;         ;         ;         
;95% UL;626.08300000;1631.64000000;4095.61000000;10554.80000000;25235.90000000;53488.10000000;92142.90000000;132960.00000000;171486.00000000;207466.00000000;239103.00000000;264818.00000000;282288.00000000;294697.00000000;300994.00000000;302059.00000000;298308.00000000;292607.00000000;286207.00000000;279263.00000000;271315.00000000;262231.00000000;254233.00000000;246675.00000000;237353.00000000;226139.00000000;213709.00000000;203716.00000000;196493.00000000;189039.00000000;183184.00000000;173923.00000000;161996.00000000;155147.00000000;147864.00000000;139074.00000000;131571.00000000;124526.00000000;118515.00000000;113630.00000000;109839.00000000;106226.00000000;102553.00000000;99479.40000000;96631.90000000;93773.40000000;90900.90000000;87947.10000000;84885.70000000;81751.00000000;78523.80000000;75401.30000000;72382.20000000;69492.00000000;66733.40000000;64094.70000000;61580.70000000;59190.00000000;56921.80000000;54753.80000000;52679.10000000;50697.40000000;48805.00000000;46993.60000000;45257.90000000;43593.20000000;41993.40000000;40454.00000000;38970.60000000;37541.30000000;36162.70000000;         ;         ;         ;         ;         ;         ;         ;         ;         ;         ;         ;         ;         ;         ;         
New infections in males aged 15+;Mean;450.29400000;1405.93000000;3748.11000000;9723.39000000;23850.30000000;51227.20000000;89171.20000000;125489.00000000;153135.00000000;174409.00000000;190521.00000000;200968.00000000;203661.00000000;201929.00000000;197350.00000000;190900.00000000;183753.00000000;177185.00000000;171677.00000000;166761.00000000;161864.00000000;157086.00000000;153391.00000000;150227.00000000;146329.00000000;142185.00000000;135821.00000000;129232.00000000;123933.00000000;118151.00000000;113518.00000000;106152.00000000;96113.80000000;90112.30000000;83877.90000000;77401.70000000;72368.30000000;67214.30000000;62560.20000000;58883.60000000;56029.10000000;53454.50000000;51039.60000000;49194.90000000;47507.20000000;45919.30000000;44397.40000000;42922.00000000;41465.20000000;40006.90000000;38532.30000000;37064.70000000;35641.50000000;34275.60000000;32967.00000000;31709.70000000;30504.80000000;29351.60000000;28249.70000000;27196.90000000;26189.30000000;25223.20000000;24295.80000000;23405.20000000;22549.30000000;21726.30000000;20934.60000000;20172.50000000;19439.00000000;18732.50000000;18051.10000000;         ;         ;         ;         ;         ;         ;         ;         ;         ;         ;         ;         ;         ;         ;         
;95% LL;280.73600000;898.50100000;2474.62000000;6519.86000000;15547.20000000;31823.90000000;58760.30000000;92326.70000000;124557.00000000;150384.00000000;171528.00000000;184847.00000000;190794.00000000;190898.00000000;187666.00000000;182050.00000000;175716.00000000;169617.00000000;164441.00000000;159814.00000000;155169.00000000;150610.00000000;147075.00000000;144053.00000000;140069.00000000;135655.00000000;129476.00000000;123056.00000000;117861.00000000;112196.00000000;107676.00000000;100541.00000000;90687.40000000;84597.40000000;78512.40000000;72292.10000000;67590.80000000;62849.40000000;58572.70000000;55240.50000000;52632.00000000;50304.70000000;48099.80000000;46381.60000000;44831.40000000;43353.80000000;41868.30000000;40442.60000000;38996.70000000;37550.10000000;36095.40000000;34653.60000000;33276.80000000;31966.90000000;30714.00000000;29512.40000000;28362.80000000;27264.10000000;26215.40000000;25214.40000000;24257.00000000;23334.10000000;22432.20000000;21567.20000000;20737.00000000;19939.40000000;19176.50000000;18448.40000000;17743.30000000;17055.40000000;16390.10000000;         ;         ;         ;         ;         ;         ;         ;         ;         ;         ;         ;         ;         ;         ;         
;95% UL;683.18000000;2030.35000000;5287.38000000;13963.80000000;34753.90000000;70000.20000000;110863.00000000;145772.00000000;172714.00000000;191682.00000000;205908.00000000;214807.00000000;215831.00000000;212398.00000000;206188.00000000;198266.00000000;189882.00000000;182710.00000000;177852.00000000;173313.00000000;168503.00000000;163546.00000000;159662.00000000;156297.00000000;152107.00000000;147620.00000000;140940.00000000;134165.00000000;128832.00000000;122922.00000000;118246.00000000;110799.00000000;100750.00000000;94776.80000000;88653.20000000;82083.80000000;76713.60000000;71116.40000000;66031.30000000;61979.10000000;58823.30000000;56016.00000000;53367.20000000;51465.10000000;49777.00000000;48183.70000000;46653.70000000;45172.00000000;43706.60000000;42234.00000000;40737.10000000;39240.60000000;37784.70000000;36384.60000000;35040.80000000;33748.00000000;32508.10000000;31320.90000000;30186.70000000;29103.80000000;28068.10000000;27075.80000000;26123.90000000;25210.40000000;24333.00000000;23489.30000000;22677.80000000;21896.40000000;21143.80000000;20418.30000000;19717.70000000;         ;         ;         ;         ;         ;         ;         ;         ;         ;         ;         ;         ;         ;         ;         
New infections in females aged 15+;Mean;392.08700000;1105.65000000;2854.27000000;7322.86000000;18025.80000000;39678.00000000;73602.90000000;113294.00000000;152525.00000000;189702.00000000;223269.00000000;251207.00000000;269998.00000000;282336.00000000;288747.00000000;289666.00000000;286331.00000000;280613.00000000;274108.00000000;267004.00000000;258655.00000000;249534.00000000;241461.00000000;233832.00000000;224431.00000000;213544.00000000;201511.00000000;191858.00000000;184743.00000000;177327.00000000;171501.00000000;162470.00000000;150806.00000000;143890.00000000;136326.00000000;127835.00000000;120965.00000000;114543.00000000;108925.00000000;104436.00000000;100795.00000000;97276.90000000;93675.60000000;90737.10000000;87834.50000000;84957.30000000;82098.20000000;79243.10000000;76361.30000000;73442.90000000;70472.10000000;67519.30000000;64680.50000000;61973.80000000;59401.70000000;56951.70000000;54624.40000000;52416.40000000;50325.40000000;48341.80000000;46455.40000000;44656.20000000;42935.50000000;41285.40000000;39700.50000000;38176.40000000;36707.80000000;35291.00000000;33922.80000000;32601.70000000;31325.40000000;         ;         ;         ;         ;         ;         ;         ;         ;         ;         ;         ;         ;         ;         ;         
;95% LL;229.31000000;722.32500000;1828.13000000;5178.06000000;12601.30000000;27663.10000000;52949.90000000;89400.40000000;129100.00000000;170988.00000000;208553.00000000;239238.00000000;259637.00000000;273362.00000000;280995.00000000;282269.00000000;279439.00000000;274301.00000000;267726.00000000;260491.00000000;252616.00000000;243067.00000000;235021.00000000;227427.00000000;218244.00000000;207438.00000000;195617.00000000;186088.00000000;178854.00000000;171337.00000000;165448.00000000;156281.00000000;144642.00000000;137752.00000000;130244.00000000;121887.00000000;115330.00000000;109312.00000000;104281.00000000;100157.00000000;96634.00000000;93194.20000000;89665.80000000;86774.50000000;83912.10000000;81093.70000000;78289.90000000;75502.80000000;72702.30000000;69872.60000000;67001.30000000;64117.30000000;61391.20000000;58718.40000000;56199.60000000;53851.30000000;51639.40000000;49517.80000000;47509.50000000;45519.20000000;43570.40000000;41717.00000000;39980.60000000;38386.00000000;36854.80000000;35382.70000000;33964.70000000;32597.20000000;31277.30000000;29976.20000000;28716.70000000;         ;         ;         ;         ;         ;         ;         ;         ;         ;         ;         ;         ;         ;         ;         
;95% UL;618.38300000;1616.35000000;4054.22000000;10469.90000000;25013.40000000;53047.30000000;91262.30000000;131466.00000000;169272.00000000;204493.00000000;235408.00000000;260146.00000000;277266.00000000;289132.00000000;295276.00000000;296415.00000000;293532.00000000;288080.00000000;282332.00000000;275684.00000000;267676.00000000;258831.00000000;251027.00000000;243851.00000000;234677.00000000;223587.00000000;211291.00000000;201297.00000000;194284.00000000;186764.00000000;180962.00000000;171831.00000000;160106.00000000;153265.00000000;145849.00000000;137147.00000000;129742.00000000;122756.00000000;116900.00000000;112167.00000000;108522.00000000;105042.00000000;101484.00000000;98468.40000000;95725.00000000;92957.60000000;90165.70000000;87292.20000000;84288.60000000;81207.40000000;78041.70000000;74962.60000000;71981.50000000;69122.60000000;66391.40000000;63777.00000000;61283.60000000;58900.30000000;56626.90000000;54471.80000000;52423.80000000;50469.30000000;48587.80000000;46786.50000000;45060.20000000;43404.40000000;41813.00000000;40281.70000000;38806.10000000;37384.30000000;36012.90000000;         ;         ;         ;         ;         ;         ;         ;         ;         ;         ;         ;         ;         ;         ;         
New HIV infections in children <15;Mean;67.18120000;140.29200000;307.40600000;717.86700000;1708.94000000;3885.47000000;7925.14000000;13969.40000000;21490.90000000;29969.40000000;38886.60000000;47707.20000000;55391.50000000;62352.90000000;69301.30000000;74149.90000000;77693.50000000;79449.60000000;79741.50000000;80682.10000000;77616.40000000;71642.30000000;63103.60000000;50332.70000000;37432.80000000;29073.00000000;24735.80000000;22635.70000000;21274.70000000;18588.80000000;16640.20000000;14744.70000000;13373.20000000;12491.00000000;11821.10000000;11073.10000000;10389.20000000;9769.41000000;9144.01000000;8544.36000000;7992.30000000;7494.66000000;7038.45000000;6636.03000000;6268.37000000;5926.44000000;5604.91000000;5302.66000000;5018.40000000;4743.41000000;4475.10000000;4214.96000000;3966.50000000;3732.16000000;3509.30000000;3297.21000000;3096.39000000;2906.51000000;2727.00000000;2557.82000000;2398.95000000;2250.24000000;2111.44000000;1982.16000000;1862.01000000;1750.59000000;1647.33000000;1551.62000000;1462.90000000;1380.65000000;1304.38000000;         ;         ;         ;         ;         ;         ;         ;         ;         ;         ;         ;         ;         ;         ;         
;95% LL;38.61390000;85.22170000;200.03600000;469.29200000;1226.79000000;2735.64000000;5691.57000000;10550.40000000;17166.40000000;25142.90000000;33822.10000000;42759.10000000;50760.50000000;57660.00000000;64933.00000000;70079.70000000;73921.30000000;76093.90000000;76655.30000000;77811.60000000;74825.40000000;69118.60000000;61067.70000000;48889.50000000;36394.50000000;28308.00000000;24097.50000000;22010.00000000;20634.30000000;18028.30000000;16116.60000000;14264.30000000;12903.10000000;12014.20000000;11329.30000000;10589.30000000;9942.93000000;9340.64000000;8754.69000000;8186.71000000;7665.06000000;7184.79000000;6745.74000000;6362.82000000;6002.33000000;5674.05000000;5373.79000000;5076.91000000;4797.14000000;4525.53000000;4261.37000000;4006.16000000;3763.20000000;3534.70000000;3317.99000000;3112.30000000;2918.02000000;2734.74000000;2561.84000000;2399.18000000;2246.68000000;2104.14000000;1971.29000000;1847.70000000;1732.97000000;1626.66000000;1527.99000000;1437.03000000;1352.55000000;1274.29000000;1201.75000000;         ;         ;         ;         ;         ;         ;         ;         ;         ;         ;         ;         ;         ;         ;         
;95% UL;112.18100000;219.97400000;452.91600000;1000.50000000;2383.59000000;5284.57000000;10356.40000000;17151.60000000;25238.50000000;34155.10000000;43297.80000000;51919.80000000;59400.40000000;65995.40000000;72769.40000000;77414.10000000;80701.20000000;82218.30000000;82345.70000000;83251.40000000;80066.20000000;73884.00000000;65269.60000000;52084.20000000;38680.10000000;29957.00000000;25551.40000000;23433.00000000;22088.60000000;19326.00000000;17337.50000000;15396.60000000;14016.80000000;13151.30000000;12503.90000000;11759.50000000;11037.20000000;10377.10000000;9697.21000000;9051.60000000;8468.69000000;7952.87000000;7485.60000000;7091.17000000;6723.10000000;6361.09000000;6053.84000000;5760.74000000;5466.35000000;5181.95000000;4907.89000000;4642.38000000;4385.15000000;4139.41000000;3903.05000000;3675.79000000;3458.67000000;3251.64000000;3054.56000000;2867.80000000;2691.67000000;2526.33000000;2374.15000000;2231.93000000;2098.79000000;1975.25000000;1862.35000000;1759.28000000;1663.72000000;1575.11000000;1492.91000000;         ;         ;         ;         ;         ;         ;         ;         ;         ;         ;         ;         ;         ;         ;         
New HIV infections in 15-24 year olds;Mean;347.71100000;881.04300000;2103.77000000;5141.58000000;12338.50000000;27086.30000000;51438.70000000;83226.30000000;118173.00000000;153167.00000000;184722.00000000;209877.00000000;225702.00000000;235141.00000000;239115.00000000;238337.00000000;233968.00000000;227074.00000000;219572.00000000;212198.00000000;204890.00000000;197773.00000000;192002.00000000;186020.00000000;177681.00000000;167154.00000000;155755.00000000;146017.00000000;138032.00000000;130427.00000000;122284.00000000;112035.00000000;100872.00000000;92639.60000000;85057.90000000;77981.20000000;72782.10000000;68382.50000000;65155.20000000;62861.10000000;60953.70000000;58956.80000000;56600.40000000;54268.30000000;51720.00000000;48908.10000000;45969.50000000;42953.90000000;39887.40000000;36841.30000000;33876.00000000;31070.80000000;28502.90000000;26172.20000000;24078.00000000;22208.70000000;20555.90000000;19105.20000000;17842.50000000;16730.10000000;15744.70000000;14867.90000000;14080.40000000;13365.20000000;12710.10000000;12107.20000000;11549.60000000;11030.40000000;10543.60000000;10084.60000000;9649.23000000;         ;         ;         ;         ;         ;         ;         ;         ;         ;         ;         ;         ;         ;         ;         
;95% LL;207.10600000;565.87800000;1345.26000000;3569.11000000;8600.82000000;18977.90000000;37493.00000000;64599.60000000;97977.80000000;134130.00000000;168409.00000000;196051.00000000;214392.00000000;225247.00000000;229827.00000000;229983.00000000;226348.00000000;220119.00000000;213049.00000000;205960.00000000;198869.00000000;191981.00000000;186630.00000000;180603.00000000;172432.00000000;162132.00000000;150802.00000000;141047.00000000;132998.00000000;125339.00000000;117179.00000000;107109.00000000;96162.00000000;88164.20000000;80718.30000000;73949.10000000;69138.90000000;65114.50000000;62134.20000000;60082.10000000;58346.90000000;56478.20000000;54166.60000000;51804.70000000;49254.00000000;46539.50000000;43658.00000000;40714.00000000;37733.90000000;34787.20000000;31948.60000000;29285.50000000;26856.80000000;24658.60000000;22687.80000000;20912.30000000;19332.40000000;17946.60000000;16740.70000000;15678.70000000;14737.80000000;13915.60000000;13178.60000000;12510.40000000;11888.40000000;11314.80000000;10775.80000000;10269.20000000;9794.18000000;9346.38000000;8922.36000000;         ;         ;         ;         ;         ;         ;         ;         ;         ;         ;         ;         ;         ;         ;         
;95% UL;556.17200000;1327.15000000;3031.16000000;7242.12000000;17009.20000000;36357.70000000;64311.20000000;97932.10000000;133232.00000000;167136.00000000;196540.00000000;218750.00000000;232989.00000000;242355.00000000;246070.00000000;244845.00000000;239895.00000000;232326.00000000;224853.00000000;217808.00000000;210538.00000000;203498.00000000;197732.00000000;191931.00000000;183565.00000000;172911.00000000;161734.00000000;152237.00000000;144603.00000000;137186.00000000;128878.00000000;118739.00000000;107595.00000000;99111.90000000;91418.20000000;84231.00000000;78761.60000000;74029.30000000;70505.20000000;67938.20000000;66105.70000000;64092.00000000;61504.00000000;58956.60000000;56312.10000000;53339.40000000;50226.60000000;47022.90000000;43788.70000000;40569.00000000;37393.50000000;34355.10000000;31551.10000000;28992.80000000;26701.40000000;24660.30000000;22863.80000000;21284.00000000;19906.40000000;18690.50000000;17610.90000000;16647.80000000;15779.10000000;14987.40000000;14275.00000000;13619.80000000;13026.70000000;12483.60000000;11973.80000000;11492.40000000;11034.70000000;         ;         ;         ;         ;         ;         ;         ;         ;         ;         ;         ;         ;         ;         ;         
New HIV infections in 15-24 males;Mean;105.16300000;257.60600000;588.98600000;1393.91000000;3293.47000000;7271.34000000;14131.60000000;23706.40000000;34797.40000000;46241.80000000;56687.60000000;65025.50000000;70520.80000000;73843.20000000;75302.10000000;75131.10000000;73692.00000000;71213.30000000;68469.50000000;65738.70000000;63069.20000000;60499.70000000;58384.80000000;56248.20000000;53396.10000000;49935.50000000;46099.50000000;42664.70000000;39745.50000000;37067.50000000;33997.00000000;30315.20000000;26466.30000000;23557.10000000;21050.30000000;19029.40000000;17604.80000000;16306.30000000;15324.20000000;14634.70000000;14086.40000000;13538.40000000;12918.40000000;12310.10000000;11682.00000000;11015.00000000;10330.10000000;9650.29000000;8976.02000000;8313.62000000;7682.39000000;7106.16000000;6579.00000000;6099.90000000;5667.19000000;5279.26000000;4935.87000000;4634.42000000;4371.89000000;4140.49000000;3934.40000000;3749.21000000;3580.62000000;3425.05000000;3280.45000000;3145.57000000;3019.42000000;2901.03000000;2789.44000000;2683.76000000;2583.07000000;         ;         ;         ;         ;         ;         ;         ;         ;         ;         ;         ;         ;         ;         ;         
;95% LL;64.57490000;161.06700000;378.99500000;935.15400000;2266.74000000;5194.56000000;10487.00000000;18606.40000000;28832.10000000;39971.90000000;50576.90000000;58873.80000000;64639.60000000;68170.90000000;69819.80000000;69886.80000000;68711.30000000;66541.70000000;64035.90000000;61522.80000000;58951.10000000;56463.70000000;54428.90000000;52409.90000000;49661.10000000;46325.00000000;42661.80000000;39443.80000000;36713.30000000;34165.90000000;31266.30000000;27835.80000000;24314.70000000;21610.90000000;19233.50000000;17356.70000000;16087.90000000;14957.60000000;14122.10000000;13553.60000000;13113.80000000;12668.10000000;12145.70000000;11566.40000000;10954.20000000;10327.60000000;9690.76000000;9057.45000000;8423.51000000;7795.90000000;7198.59000000;6653.24000000;6158.56000000;5710.06000000;5303.53000000;4928.15000000;4607.38000000;4318.89000000;4065.82000000;3853.32000000;3659.43000000;3485.46000000;3323.43000000;3174.13000000;3037.24000000;2909.50000000;2792.52000000;2681.45000000;2576.99000000;2478.11000000;2383.00000000;         ;         ;         ;         ;         ;         ;         ;         ;         ;         ;         ;         ;         ;         ;         
;95% UL;178.15800000;406.14300000;857.62000000;1953.93000000;4546.55000000;9800.49000000;18093.10000000;28527.90000000;39934.40000000;50762.90000000;60829.20000000;69485.80000000;75090.40000000;78470.10000000;79877.50000000;79521.90000000;77985.60000000;75235.70000000;72263.90000000;69439.60000000;66555.40000000;63790.20000000;61509.50000000;59260.80000000;56297.20000000;52634.60000000;48598.70000000;44896.40000000;41830.20000000;39130.20000000;36012.30000000;32122.50000000;28131.10000000;25059.10000000;22433.10000000;20301.80000000;18757.30000000;17323.40000000;16234.10000000;15468.50000000;14870.80000000;14293.70000000;13642.30000000;13013.10000000;12359.00000000;11672.60000000;10990.70000000;10295.80000000;9607.22000000;8913.26000000;8248.44000000;7639.57000000;7076.44000000;6563.75000000;6100.02000000;5680.73000000;5308.31000000;4980.90000000;4702.33000000;4464.30000000;4253.28000000;4064.04000000;3891.56000000;3732.12000000;3583.61000000;3444.90000000;3315.13000000;3193.44000000;3078.91000000;2970.60000000;2867.50000000;         ;         ;         ;         ;         ;         ;         ;         ;         ;         ;         ;         ;         ;         ;         
New HIV infections in 15-24 females;Mean;242.54800000;623.43800000;1514.78000000;3747.66000000;9045.07000000;19815.00000000;37307.20000000;59519.90000000;83375.40000000;106925.00000000;128035.00000000;144852.00000000;155182.00000000;161298.00000000;163813.00000000;163206.00000000;160275.00000000;155860.00000000;151102.00000000;146459.00000000;141820.00000000;137273.00000000;133617.00000000;129772.00000000;124284.00000000;117218.00000000;109655.00000000;103353.00000000;98286.50000000;93359.40000000;88286.50000000;81720.30000000;74406.00000000;69082.50000000;64007.60000000;58951.80000000;55177.30000000;52076.20000000;49831.00000000;48226.40000000;46867.30000000;45418.30000000;43681.90000000;41958.20000000;40038.10000000;37893.10000000;35639.50000000;33303.70000000;30911.40000000;28527.70000000;26193.60000000;23964.60000000;21923.90000000;20072.30000000;18410.80000000;16929.40000000;15620.10000000;14470.80000000;13470.60000000;12589.70000000;11810.30000000;11118.70000000;10499.80000000;9940.16000000;9429.65000000;8961.60000000;8530.16000000;8129.40000000;7754.19000000;7400.84000000;7066.16000000;         ;         ;         ;         ;         ;         ;         ;         ;         ;         ;         ;         ;         ;         ;         
;95% LL;141.51800000;404.81200000;966.26900000;2623.70000000;6207.71000000;13940.30000000;26841.80000000;46040.00000000;69208.90000000;94127.30000000;117599.00000000;136465.00000000;147745.00000000;154889.00000000;158019.00000000;157611.00000000;155022.00000000;150954.00000000;146888.00000000;142428.00000000;137966.00000000;133570.00000000;130009.00000000;126148.00000000;120775.00000000;113704.00000000;106233.00000000;100002.00000000;94927.00000000;89969.90000000;84911.00000000;78360.30000000;71081.10000000;65811.30000000;60748.10000000;55849.50000000;52294.10000000;49378.50000000;47200.20000000;45712.00000000;44435.40000000;43049.70000000;41425.70000000;39719.30000000;37825.20000000;35746.60000000;33567.20000000;31304.10000000;29004.50000000;26728.90000000;24513.70000000;22409.60000000;20477.70000000;18726.60000000;17153.20000000;15749.90000000;14524.90000000;13435.70000000;12480.00000000;11634.80000000;10892.80000000;10237.00000000;9652.07000000;9125.09000000;8645.98000000;8208.13000000;7805.71000000;7432.84000000;7084.53000000;6757.11000000;6447.46000000;         ;         ;         ;         ;         ;         ;         ;         ;         ;         ;         ;         ;         ;         ;         
;95% UL;385.75400000;923.69300000;2177.69000000;5288.31000000;12472.50000000;26467.40000000;46373.60000000;69677.10000000;93412.30000000;116021.00000000;135831.00000000;150896.00000000;160323.00000000;165882.00000000;168187.00000000;167623.00000000;164662.00000000;159970.00000000;155106.00000000;150621.00000000;146269.00000000;142005.00000000;138394.00000000;134708.00000000;129205.00000000;122199.00000000;114671.00000000;108552.00000000;103467.00000000;98728.60000000;93783.50000000;87232.40000000;79896.00000000;74594.60000000;69549.90000000;64377.30000000;60157.40000000;56945.80000000;54276.30000000;52535.80000000;51291.60000000;49804.70000000;48108.90000000;46479.40000000;44470.80000000;42179.60000000;39787.90000000;37292.70000000;34705.80000000;32102.90000000;29532.80000000;27060.50000000;24759.80000000;22663.30000000;20780.00000000;19100.20000000;17630.70000000;16349.50000000;15236.10000000;14256.80000000;13391.60000000;12625.00000000;11939.50000000;11320.10000000;10755.20000000;10249.00000000;9788.64000000;9360.86000000;8959.93000000;8581.71000000;8222.60000000;         ;         ;         ;         ;         ;         ;         ;         ;         ;         ;         ;         ;         ;         ;         
New HIV infections in 15-49 year olds;Mean;824.33300000;2446.95000000;6421.39000000;16566.80000000;40689.30000000;88344.30000000;158310.00000000;232569.00000000;298146.00000000;355540.00000000;404233.00000000;441669.00000000;462284.00000000;472076.00000000;473124.00000000;466836.00000000;455598.00000000;442435.00000000;429480.00000000;416593.00000000;402765.00000000;388624.00000000;376919.00000000;366284.00000000;353306.00000000;338699.00000000;321111.00000000;305446.00000000;293352.00000000;280489.00000000;269904.00000000;253625.00000000;232384.00000000;219350.00000000;205668.00000000;191147.00000000;179583.00000000;168351.00000000;158407.00000000;150472.00000000;144109.00000000;138150.00000000;132273.00000000;127444.00000000;122794.00000000;118251.00000000;113768.00000000;109310.00000000;104826.00000000;100298.00000000;95706.60000000;91142.90000000;86763.20000000;82602.20000000;78663.40000000;74928.20000000;71401.20000000;68076.40000000;64950.80000000;62010.00000000;59235.20000000;56608.40000000;54119.10000000;51781.00000000;49569.20000000;47460.00000000;45449.70000000;43521.10000000;41668.20000000;39876.80000000;38128.20000000;         ;         ;         ;         ;         ;         ;         ;         ;         ;         ;         ;         ;         ;         ;         
;95% LL;506.80000000;1563.27000000;4227.13000000;11484.90000000;27771.10000000;57926.70000000;107839.00000000;177981.00000000;248980.00000000;317609.00000000;371909.00000000;418131.00000000;445570.00000000;457651.00000000;460987.00000000;455866.00000000;445482.00000000;432433.00000000;418894.00000000;405689.00000000;391774.00000000;377702.00000000;366136.00000000;355690.00000000;343010.00000000;328779.00000000;311619.00000000;296323.00000000;284349.00000000;271049.00000000;260264.00000000;243824.00000000;222710.00000000;209646.00000000;195833.00000000;181596.00000000;170665.00000000;160189.00000000;151075.00000000;144050.00000000;138354.00000000;132774.00000000;127487.00000000;122988.00000000;118496.00000000;113985.00000000;109586.00000000;105206.00000000;100800.00000000;96246.30000000;91702.20000000;87150.80000000;82900.60000000;78778.50000000;74907.70000000;71300.10000000;67832.80000000;64568.80000000;61503.50000000;58631.40000000;55932.90000000;53338.30000000;50907.20000000;48625.40000000;46468.60000000;44414.10000000;42457.70000000;40583.20000000;38784.70000000;37048.80000000;35357.90000000;         ;         ;         ;         ;         ;         ;         ;         ;         ;         ;         ;         ;         ;         ;         
;95% UL;1291.01000000;3503.85000000;8980.93000000;23381.20000000;58199.10000000;117419.00000000;195769.00000000;264012.00000000;324715.00000000;377077.00000000;422787.00000000;457859.00000000;476243.00000000;483982.00000000;483151.00000000;475181.00000000;464558.00000000;452751.00000000;441065.00000000;429077.00000000;415738.00000000;401799.00000000;390173.00000000;379543.00000000;366351.00000000;351331.00000000;333307.00000000;317324.00000000;305296.00000000;292360.00000000;281857.00000000;265518.00000000;244403.00000000;231576.00000000;218005.00000000;202988.00000000;190760.00000000;178753.00000000;168114.00000000;159547.00000000;152318.00000000;146184.00000000;140396.00000000;135738.00000000;131287.00000000;126835.00000000;122182.00000000;117562.00000000;112917.00000000;108193.00000000;103392.00000000;98598.80000000;93986.10000000;89595.10000000;85431.60000000;81475.90000000;77734.20000000;74204.00000000;70903.70000000;67796.60000000;64863.20000000;62084.60000000;59451.10000000;56976.10000000;54633.70000000;52399.80000000;50270.70000000;48228.00000000;46265.20000000;44366.70000000;42512.70000000;         ;         ;         ;         ;         ;         ;         ;         ;         ;         ;         ;         ;         ;         ;         
New HIV infections in 15-49 males;Mean;433.40500000;1347.09000000;3585.32000000;9295.28000000;22797.30000000;48977.70000000;85323.20000000;120293.00000000;147107.00000000;167867.00000000;183633.00000000;193869.00000000;196514.00000000;194841.00000000;190361.00000000;184004.00000000;176891.00000000;170216.00000000;164495.00000000;159328.00000000;154235.00000000;149360.00000000;145689.00000000;142601.00000000;138862.00000000;134933.00000000;128987.00000000;122810.00000000;117832.00000000;112369.00000000;107828.00000000;100641.00000000;90927.60000000;84996.80000000;78914.30000000;72713.80000000;67896.80000000;62941.20000000;58460.20000000;54904.90000000;52122.30000000;49610.50000000;47252.10000000;45393.40000000;43683.10000000;42063.40000000;40500.20000000;38974.80000000;37462.20000000;35946.60000000;34417.90000000;32898.30000000;31433.70000000;30037.30000000;28708.90000000;27442.60000000;26239.60000000;25098.30000000;24017.70000000;22994.30000000;22022.60000000;21097.60000000;20217.10000000;19386.30000000;18597.90000000;17845.10000000;17126.40000000;16437.10000000;15776.10000000;15139.70000000;14523.40000000;         ;         ;         ;         ;         ;         ;         ;         ;         ;         ;         ;         ;         ;         ;         
;95% LL;270.82900000;861.70100000;2368.05000000;6235.71000000;14883.90000000;30486.40000000;56188.30000000;88810.60000000;120081.00000000;145149.00000000;165967.00000000;178676.00000000;184378.00000000;184273.00000000;181102.00000000;175531.00000000;169127.00000000;162954.00000000;157730.00000000;152908.00000000;148099.00000000;143378.00000000;139655.00000000;136550.00000000;132898.00000000;129048.00000000;123250.00000000;117203.00000000;112299.00000000;106924.00000000;102458.00000000;95358.60000000;85711.40000000;79712.00000000;73655.30000000;67680.90000000;63192.20000000;58632.80000000;54540.50000000;51315.90000000;48818.20000000;46558.10000000;44447.50000000;42740.30000000;41137.90000000;39573.60000000;38057.30000000;36577.00000000;35111.40000000;33647.00000000;32198.90000000;30727.50000000;29315.20000000;27982.30000000;26717.70000000;25515.30000000;24375.80000000;23297.10000000;22277.60000000;21313.40000000;20398.90000000;19522.30000000;18659.40000000;17829.50000000;17059.80000000;16326.30000000;15647.80000000;14975.30000000;14366.60000000;13757.30000000;13166.30000000;         ;         ;         ;         ;         ;         ;         ;         ;         ;         ;         ;         ;         ;         ;         
;95% UL;658.24700000;1946.84000000;5056.12000000;13336.70000000;33227.80000000;66871.00000000;105929.00000000;139412.00000000;165488.00000000;184014.00000000;197979.00000000;206769.00000000;207877.00000000;204657.00000000;198707.00000000;191034.00000000;182825.00000000;175406.00000000;169946.00000000;164993.00000000;159891.00000000;154861.00000000;150981.00000000;147673.00000000;143639.00000000;139505.00000000;133495.00000000;127405.00000000;122509.00000000;116986.00000000;112428.00000000;105144.00000000;95252.20000000;89313.40000000;83154.80000000;76734.00000000;71681.60000000;66448.40000000;61690.90000000;57900.20000000;54910.70000000;52191.50000000;49631.40000000;47634.10000000;45804.40000000;44077.10000000;42416.40000000;40801.60000000;39206.70000000;37615.40000000;36017.20000000;34434.10000000;32911.20000000;31460.50000000;30085.20000000;28810.30000000;27560.90000000;26366.80000000;25232.70000000;24188.70000000;23199.40000000;22259.70000000;21367.20000000;20526.90000000;19731.10000000;18972.30000000;18248.60000000;17547.10000000;16856.50000000;16178.40000000;15530.70000000;         ;         ;         ;         ;         ;         ;         ;         ;         ;         ;         ;         ;         ;         ;         
New HIV infections in 15-49 females;Mean;390.92800000;1099.86000000;2836.07000000;7271.50000000;17891.90000000;39366.60000000;72987.20000000;112276.00000000;151039.00000000;187673.00000000;220600.00000000;247800.00000000;265770.00000000;277235.00000000;282763.00000000;282832.00000000;278707.00000000;272219.00000000;264985.00000000;257264.00000000;248530.00000000;239264.00000000;231230.00000000;223684.00000000;214444.00000000;203766.00000000;192124.00000000;182636.00000000;175520.00000000;168119.00000000;162076.00000000;152984.00000000;141457.00000000;134353.00000000;126753.00000000;118434.00000000;111686.00000000;105410.00000000;99946.40000000;95567.10000000;91986.90000000;88539.80000000;85021.20000000;82050.30000000;79111.00000000;76187.40000000;73267.60000000;70335.50000000;67364.10000000;64350.90000000;61288.70000000;58244.60000000;55329.50000000;52565.00000000;49954.50000000;47485.70000000;45161.60000000;42978.20000000;40933.10000000;39015.70000000;37212.60000000;35510.70000000;33901.90000000;32394.70000000;30971.30000000;29614.90000000;28323.30000000;27084.00000000;25892.20000000;24737.00000000;23604.80000000;         ;         ;         ;         ;         ;         ;         ;         ;         ;         ;         ;         ;         ;         ;         
;95% LL;228.65600000;718.79200000;1816.56000000;5139.49000000;12505.60000000;27457.30000000;52448.50000000;88605.00000000;128042.00000000;169366.00000000;206040.00000000;235942.00000000;255538.00000000;268611.00000000;274957.00000000;275356.00000000;271704.00000000;265756.00000000;258878.00000000;251051.00000000;242505.00000000;232922.00000000;224862.00000000;217447.00000000;208410.00000000;197811.00000000;186340.00000000;177085.00000000;169881.00000000;162370.00000000;156316.00000000;147209.00000000;135720.00000000;128637.00000000;121084.00000000;112849.00000000;106364.00000000;100424.00000000;95325.40000000;91296.60000000;88041.30000000;84896.30000000;81453.50000000;78525.40000000;75611.80000000;72709.00000000;69810.10000000;66917.60000000;63986.70000000;61017.80000000;58042.60000000;55097.40000000;52288.60000000;49614.90000000;47101.40000000;44729.10000000;42476.20000000;40310.10000000;38285.30000000;36390.80000000;34612.90000000;32938.70000000;31378.60000000;29937.20000000;28577.30000000;27282.60000000;26050.70000000;24869.90000000;23735.60000000;22637.70000000;21563.60000000;         ;         ;         ;         ;         ;         ;         ;         ;         ;         ;         ;         ;         ;         ;         
;95% UL;616.54400000;1607.60000000;4028.39000000;10395.30000000;24829.70000000;52580.80000000;90519.70000000;130303.00000000;167634.00000000;202302.00000000;232570.00000000;256571.00000000;273058.00000000;284026.00000000;289060.00000000;289880.00000000;285785.00000000;279729.00000000;272905.00000000;265621.00000000;257135.00000000;248050.00000000;240250.00000000;232900.00000000;223691.00000000;212807.00000000;200936.00000000;191233.00000000;184025.00000000;176685.00000000;170652.00000000;161605.00000000;149997.00000000;142916.00000000;135467.00000000;126985.00000000;119841.00000000;113021.00000000;107415.00000000;103029.00000000;99509.10000000;95668.40000000;91975.50000000;89032.90000000;86122.30000000;83119.60000000;80288.20000000;77401.90000000;74430.20000000;71364.60000000;68193.10000000;64997.20000000;61911.20000000;58964.90000000;56166.00000000;53504.00000000;50986.70000000;48612.70000000;46382.30000000;44286.00000000;42310.30000000;40442.10000000;38672.90000000;37013.80000000;35445.90000000;33950.40000000;32525.50000000;31156.80000000;29838.50000000;28558.00000000;27298.60000000;         ;         ;         ;         ;         ;         ;         ;         ;         ;         ;         ;         ;         ;         ;         
New HIV infections in 25-49 year olds;Mean;476.62200000;1565.91000000;4317.62000000;11425.20000000;28350.80000000;61258.00000000;106872.00000000;149343.00000000;179973.00000000;202373.00000000;219511.00000000;231792.00000000;236582.00000000;236935.00000000;234009.00000000;228499.00000000;221630.00000000;215361.00000000;209908.00000000;204394.00000000;197875.00000000;190852.00000000;184917.00000000;180264.00000000;175626.00000000;171546.00000000;165356.00000000;159429.00000000;155320.00000000;150062.00000000;147620.00000000;141590.00000000;131512.00000000;126710.00000000;120610.00000000;113166.00000000;106801.00000000;99968.50000000;93251.50000000;87610.90000000;83155.50000000;79193.60000000;75672.90000000;73175.40000000;71074.10000000;69342.60000000;67798.30000000;66356.40000000;64939.00000000;63456.30000000;61830.60000000;60072.10000000;58260.30000000;56430.10000000;54585.40000000;52719.50000000;50845.30000000;48971.20000000;47108.30000000;45279.90000000;43490.50000000;41740.40000000;40038.70000000;38415.80000000;36859.10000000;35352.80000000;33900.10000000;32490.60000000;31124.60000000;29792.20000000;28479.00000000;         ;         ;         ;         ;         ;         ;         ;         ;         ;         ;         ;         ;         ;         ;         
;95% LL;299.69400000;1006.38000000;2884.36000000;7809.65000000;18680.00000000;38514.30000000;71527.40000000;111984.00000000;151666.00000000;180838.00000000;202209.00000000;219658.00000000;226226.00000000;228141.00000000;226015.00000000;221288.00000000;215090.00000000;209008.00000000;203606.00000000;197690.00000000;190944.00000000;183831.00000000;177886.00000000;173269.00000000;168735.00000000;164794.00000000;158808.00000000;153067.00000000;149043.00000000;143842.00000000;141389.00000000;135404.00000000;125398.00000000;120533.00000000;114280.00000000;107004.00000000;101084.00000000;94727.60000000;88513.10000000;83340.20000000;79300.20000000;75709.00000000;72481.20000000;70109.00000000;68093.30000000;66421.60000000;64923.80000000;63506.10000000;62135.60000000;60694.80000000;59091.30000000;57265.70000000;55403.30000000;53586.50000000;51749.20000000;49974.60000000;48188.90000000;46401.20000000;44619.50000000;42802.40000000;41026.30000000;39291.70000000;37606.40000000;35999.80000000;34459.80000000;32971.70000000;31538.60000000;30150.70000000;28808.00000000;27501.50000000;26219.30000000;         ;         ;         ;         ;         ;         ;         ;         ;         ;         ;         ;         ;         ;         ;         
;95% UL;721.40500000;2229.07000000;6058.40000000;16135.80000000;41301.00000000;82460.90000000;131006.00000000;169810.00000000;198508.00000000;217137.00000000;231075.00000000;240768.00000000;243254.00000000;242996.00000000;240711.00000000;236628.00000000;230136.00000000;224832.00000000;219771.00000000;214565.00000000;207964.00000000;200729.00000000;194574.00000000;189740.00000000;184847.00000000;180406.00000000;173707.00000000;167436.00000000;163204.00000000;157968.00000000;155545.00000000;149442.00000000;139336.00000000;134660.00000000;128747.00000000;121202.00000000;114426.00000000;107022.00000000;99685.50000000;93463.70000000;88510.00000000;84037.20000000;79996.20000000;77410.60000000;75345.50000000;73584.20000000;72042.70000000;70620.10000000;69224.60000000;67761.00000000;66135.40000000;64469.00000000;62701.30000000;60892.70000000;59047.80000000;57159.60000000;55242.20000000;53299.60000000;51358.20000000;49449.60000000;47566.30000000;45718.20000000;43916.70000000;42196.10000000;40544.70000000;38946.60000000;37405.70000000;35911.10000000;34462.90000000;33051.00000000;31660.10000000;         ;         ;         ;         ;         ;         ;         ;         ;         ;         ;         ;         ;         ;         ;         
New HIV infections in 25-49 males;Mean;328.24200000;1089.49000000;2996.34000000;7901.37000000;19503.90000000;41706.40000000;71191.60000000;96586.60000000;112309.00000000;121625.00000000;126945.00000000;128843.00000000;125993.00000000;120998.00000000;115059.00000000;108873.00000000;103199.00000000;99002.80000000;96025.60000000;93589.50000000;91165.40000000;88860.40000000;87304.50000000;86352.40000000;85466.40000000;84998.00000000;82887.80000000;80145.10000000;78086.50000000;75301.90000000;73831.20000000;70326.20000000;64461.30000000;61439.70000000;57864.00000000;53684.50000000;50292.00000000;46635.00000000;43136.10000000;40270.20000000;38035.90000000;36072.10000000;34333.60000000;33083.30000000;32001.10000000;31048.30000000;30170.20000000;29324.50000000;28486.20000000;27633.00000000;26735.50000000;25792.20000000;24854.70000000;23937.40000000;23041.70000000;22163.30000000;21303.80000000;20463.90000000;19645.80000000;18853.80000000;18088.20000000;17348.40000000;16636.50000000;15961.30000000;15317.40000000;14699.50000000;14107.00000000;13536.00000000;12986.60000000;12456.00000000;11940.30000000;         ;         ;         ;         ;         ;         ;         ;         ;         ;         ;         ;         ;         ;         ;         
;95% LL;201.79200000;691.92200000;2009.30000000;5238.68000000;12161.20000000;25676.10000000;45615.80000000;69341.00000000;90835.30000000;104551.00000000;114272.00000000;118594.00000000;117929.00000000;114829.00000000;110039.00000000;104743.00000000;99523.50000000;95661.10000000;92727.60000000;90333.80000000;87958.50000000;85710.30000000;84204.40000000;83294.10000000;82452.30000000;82017.40000000;79978.70000000;77184.90000000;75035.90000000;72065.40000000;70491.10000000;66907.10000000;60906.00000000;57785.30000000;54194.90000000;50142.90000000;46908.10000000;43459.50000000;40184.00000000;37575.90000000;35537.90000000;33737.20000000;32156.90000000;30992.60000000;29967.20000000;29055.20000000;28223.90000000;27423.20000000;26629.20000000;25820.60000000;24960.10000000;24038.20000000;23155.90000000;22277.60000000;21412.50000000;20588.90000000;19776.90000000;18990.20000000;18224.80000000;17448.70000000;16671.60000000;15923.90000000;15207.40000000;14529.80000000;13908.50000000;13336.10000000;12788.30000000;12259.10000000;11725.80000000;11229.10000000;10729.80000000;         ;         ;         ;         ;         ;         ;         ;         ;         ;         ;         ;         ;         ;         ;         
;95% UL;490.83000000;1559.25000000;4257.07000000;11426.80000000;28290.90000000;57071.20000000;88523.90000000;113844.00000000;128141.00000000;134667.00000000;137614.00000000;137553.00000000;132851.00000000;126187.00000000;118829.00000000;112202.00000000;106806.00000000;103106.00000000;100393.00000000;97987.20000000;95464.10000000;92921.00000000;91091.90000000;89882.30000000;88717.50000000;87961.10000000;85743.90000000;82868.00000000;80818.90000000;78111.50000000;76765.80000000;73310.40000000;67403.10000000;64459.40000000;60892.60000000;56586.40000000;53054.20000000;49227.30000000;45551.80000000;42542.30000000;40195.00000000;38120.50000000;36274.00000000;34957.20000000;33811.20000000;32796.00000000;31856.00000000;30949.90000000;30053.80000000;29145.30000000;28194.00000000;27199.00000000;26213.00000000;25250.20000000;24311.20000000;23390.70000000;22490.10000000;21609.70000000;20751.30000000;19919.40000000;19113.70000000;18333.50000000;17580.70000000;16865.10000000;16181.20000000;15527.40000000;14933.40000000;14360.90000000;13809.50000000;13276.10000000;12757.20000000;         ;         ;         ;         ;         ;         ;         ;         ;         ;         ;         ;         ;         ;         ;         
New HIV infections in 25-49 females;Mean;148.38000000;476.42100000;1321.28000000;3523.84000000;8846.88000000;19551.60000000;35680.10000000;52756.40000000;67663.60000000;80748.00000000;92565.70000000;102948.00000000;110589.00000000;115937.00000000;118950.00000000;119626.00000000;118431.00000000;116358.00000000;113883.00000000;110805.00000000;106710.00000000;101991.00000000;97612.80000000;93911.60000000;90159.40000000;86547.60000000;82468.70000000;79283.90000000;77233.60000000;74760.10000000;73789.20000000;71263.40000000;67050.60000000;65270.40000000;62745.80000000;59481.80000000;56509.10000000;53333.50000000;50115.40000000;47340.80000000;45119.60000000;43121.40000000;41339.30000000;40092.10000000;39072.90000000;38294.30000000;37628.20000000;37031.90000000;36452.80000000;35823.20000000;35095.10000000;34280.00000000;33405.60000000;32492.70000000;31543.70000000;30556.20000000;29541.50000000;28507.40000000;27462.50000000;26426.10000000;25402.30000000;24392.00000000;23402.10000000;22454.50000000;21541.70000000;20653.30000000;19793.10000000;18954.60000000;18138.00000000;17336.20000000;16538.70000000;         ;         ;         ;         ;         ;         ;         ;         ;         ;         ;         ;         ;         ;         ;         
;95% LL;87.13810000;311.65500000;859.62700000;2484.05000000;6113.79000000;13372.90000000;25606.70000000;41599.00000000;58431.50000000;74427.60000000;87116.60000000;98177.20000000;106146.00000000;111217.00000000;114098.00000000;114871.00000000;113890.00000000;112047.00000000;109798.00000000;106666.00000000;102664.00000000;98021.80000000;93681.80000000;89974.50000000;86282.60000000;82776.80000000;78829.50000000;75741.30000000;73726.10000000;71302.60000000;70350.80000000;67863.90000000;63693.60000000;61888.10000000;59319.30000000;56191.00000000;53500.50000000;50524.10000000;47594.20000000;45003.80000000;42985.40000000;41123.60000000;39470.20000000;38313.00000000;37367.90000000;36650.60000000;36039.50000000;35475.70000000;34867.00000000;34198.60000000;33423.20000000;32572.30000000;31668.10000000;30738.60000000;29773.80000000;28784.30000000;27784.90000000;26774.10000000;25759.40000000;24757.90000000;23772.80000000;22804.30000000;21855.80000000;20881.20000000;19950.00000000;19095.80000000;18284.40000000;17495.60000000;16673.30000000;15860.50000000;15057.90000000;         ;         ;         ;         ;         ;         ;         ;         ;         ;         ;         ;         ;         ;         ;         
;95% UL;232.29500000;683.63500000;1850.01000000;5035.45000000;12327.80000000;26074.90000000;44146.10000000;60626.00000000;74221.50000000;86296.20000000;97221.70000000;107247.00000000;114545.00000000;120265.00000000;123767.00000000;124871.00000000;123578.00000000;121916.00000000;119772.00000000;116798.00000000;112824.00000000;108141.00000000;103765.00000000;100055.00000000;96232.00000000;92492.30000000;88240.10000000;84929.60000000;82831.50000000;80208.60000000;79195.40000000;76514.30000000;72129.30000000;70474.10000000;68224.20000000;64877.80000000;61668.60000000;58137.00000000;54577.40000000;51423.30000000;48860.60000000;46741.50000000;44766.40000000;43402.10000000;42257.80000000;41476.90000000;40806.10000000;40426.70000000;39965.00000000;39394.80000000;38747.40000000;38046.60000000;37257.50000000;36403.30000000;35486.40000000;34503.80000000;33468.50000000;32390.80000000;31282.30000000;30168.30000000;29055.90000000;27948.10000000;26855.50000000;25804.70000000;24788.80000000;23796.70000000;22833.50000000;21892.00000000;20972.70000000;20067.50000000;19163.60000000;         ;         ;         ;         ;         ;         ;         ;         ;         ;         ;         ;         ;         ;         ;         
New HIV infections in adults aged 50+;Mean;18.04780000;64.62760000;180.99100000;479.45800000;1186.84000000;2560.88000000;4463.68000000;6214.48000000;7514.02000000;8570.52000000;9556.17000000;10506.80000000;11375.00000000;12188.00000000;12973.40000000;13730.60000000;14486.60000000;15362.80000000;16304.80000000;17172.40000000;17754.10000000;17995.60000000;17933.60000000;17775.30000000;17454.40000000;17029.20000000;16220.80000000;15643.20000000;15323.30000000;14990.20000000;15115.00000000;14997.00000000;14535.10000000;14652.90000000;14536.30000000;14089.40000000;13749.60000000;13406.70000000;13078.40000000;12847.50000000;12715.10000000;12581.20000000;12441.90000000;12488.30000000;12547.60000000;12625.80000000;12727.70000000;12854.80000000;13000.20000000;13152.20000000;13297.80000000;13441.10000000;13558.80000000;13647.20000000;13705.30000000;13733.10000000;13728.00000000;13691.60000000;13624.30000000;13528.70000000;13409.50000000;13271.10000000;13112.20000000;12909.60000000;12680.60000000;12442.70000000;12192.60000000;11942.50000000;11693.50000000;11457.40000000;11248.30000000;         ;         ;         ;         ;         ;         ;         ;         ;         ;         ;         ;         ;         ;         ;         
;95% LL;11.08560000;40.55120000;121.16800000;316.72900000;749.21000000;1547.45000000;2765.34000000;4202.31000000;5645.56000000;6950.48000000;8094.62000000;9147.47000000;10060.00000000;10931.90000000;11668.90000000;12462.80000000;13223.10000000;14078.60000000;14946.30000000;15685.30000000;16121.80000000;16338.50000000;16201.10000000;16104.50000000;15825.40000000;15393.20000000;14637.10000000;14101.10000000;13828.40000000;13488.60000000;13575.10000000;13416.20000000;12936.10000000;12992.90000000;12823.80000000;12399.60000000;12108.60000000;11822.70000000;11552.10000000;11368.70000000;11272.60000000;11172.60000000;11066.20000000;11104.10000000;11152.60000000;11218.90000000;11307.80000000;11420.60000000;11550.80000000;11687.20000000;11817.40000000;11945.50000000;12049.30000000;12125.80000000;12174.10000000;12194.50000000;12184.50000000;12146.10000000;12079.90000000;11988.80000000;11877.40000000;11749.90000000;11595.50000000;11394.30000000;11169.90000000;10940.50000000;10704.80000000;10470.70000000;10242.10000000;10028.00000000;9841.40000000;         ;         ;         ;         ;         ;         ;         ;         ;         ;         ;         ;         ;         ;         ;         
;95% UL;26.46630000;92.05700000;259.02000000;690.74900000;1740.03000000;3553.22000000;5639.90000000;7427.20000000;8782.42000000;9786.82000000;10708.80000000;11581.80000000;12341.20000000;13018.20000000;13865.90000000;14612.50000000;15593.30000000;16692.50000000;17762.20000000;18768.70000000;19543.20000000;19972.90000000;20066.10000000;20027.70000000;19836.20000000;19485.10000000;18650.60000000;18051.10000000;17736.50000000;17414.30000000;17560.00000000;17459.10000000;16956.10000000;17102.00000000;16976.00000000;16457.70000000;16016.20000000;15537.60000000;15094.00000000;14754.50000000;14532.90000000;14318.10000000;14105.00000000;14130.60000000;14176.50000000;14246.40000000;14357.20000000;14493.50000000;14621.10000000;14779.40000000;14932.60000000;15085.50000000;15212.60000000;15310.20000000;15377.20000000;15413.90000000;15417.40000000;15389.30000000;15329.90000000;15241.30000000;15128.20000000;14994.90000000;14839.60000000;14636.30000000;14403.90000000;14161.30000000;13904.90000000;13645.90000000;13385.30000000;13150.70000000;12938.70000000;         ;         ;         ;         ;         ;         ;         ;         ;         ;         ;         ;         ;         ;         ;         
New HIV infections in males aged 50+;Mean;16.88860000;58.83780000;162.78400000;428.10500000;1052.98000000;2249.42000000;3847.98000000;5196.32000000;6028.43000000;6541.69000000;6888.10000000;7099.61000000;7146.82000000;7087.64000000;6989.32000000;6896.54000000;6862.59000000;6969.09000000;7181.79000000;7433.16000000;7629.10000000;7725.46000000;7702.20000000;7626.65000000;7466.80000000;7251.46000000;6833.49000000;6421.90000000;6100.65000000;5782.13000000;5689.74000000;5510.55000000;5186.16000000;5115.46000000;4963.60000000;4687.90000000;4471.54000000;4273.06000000;4099.98000000;3978.71000000;3906.86000000;3843.99000000;3787.49000000;3801.43000000;3824.13000000;3855.93000000;3897.19000000;3947.20000000;4002.98000000;4060.25000000;4114.36000000;4166.37000000;4207.78000000;4238.37000000;4258.13000000;4267.13000000;4265.21000000;4253.34000000;4232.00000000;4202.64000000;4166.76000000;4125.60000000;4078.62000000;4018.83000000;3951.45000000;3881.23000000;3808.17000000;3735.49000000;3662.92000000;3592.74000000;3527.72000000;         ;         ;         ;         ;         ;         ;         ;         ;         ;         ;         ;         ;         ;         ;         
;95% LL;10.34070000;36.79940000;108.89900000;278.63500000;644.60400000;1318.09000000;2288.69000000;3395.77000000;4394.56000000;5167.21000000;5675.23000000;6074.39000000;6292.74000000;6358.24000000;6353.45000000;6358.18000000;6356.03000000;6423.93000000;6582.67000000;6748.98000000;6915.60000000;6965.33000000;6905.75000000;6846.97000000;6698.12000000;6509.32000000;6136.46000000;5764.59000000;5473.69000000;5174.88000000;5090.02000000;4908.33000000;4608.82000000;4539.82000000;4384.30000000;4131.97000000;3945.97000000;3778.57000000;3634.55000000;3533.60000000;3478.80000000;3437.93000000;3396.62000000;3413.86000000;3438.36000000;3471.00000000;3508.85000000;3551.58000000;3599.79000000;3650.91000000;3703.97000000;3755.53000000;3797.30000000;3825.04000000;3839.78000000;3844.32000000;3838.56000000;3823.44000000;3799.42000000;3764.92000000;3724.14000000;3678.39000000;3626.41000000;3562.83000000;3492.65000000;3420.33000000;3346.61000000;3274.30000000;3200.82000000;3130.03000000;3064.72000000;         ;         ;         ;         ;         ;         ;         ;         ;         ;         ;         ;         ;         ;         ;         
;95% UL;24.77420000;84.02120000;236.30200000;627.10900000;1537.06000000;3133.85000000;4891.25000000;6360.08000000;7225.67000000;7668.13000000;7928.66000000;8038.27000000;7954.00000000;7740.88000000;7481.26000000;7323.73000000;7391.33000000;7641.10000000;7990.48000000;8405.52000000;8767.05000000;8973.40000000;8990.77000000;8924.35000000;8730.92000000;8485.51000000;7990.78000000;7536.36000000;7188.58000000;6851.35000000;6768.98000000;6597.52000000;6251.70000000;6182.48000000;6032.46000000;5703.04000000;5418.34000000;5150.74000000;4913.41000000;4738.72000000;4624.42000000;4524.05000000;4433.36000000;4437.38000000;4453.83000000;4481.39000000;4520.41000000;4570.26000000;4627.61000000;4687.75000000;4745.61000000;4802.20000000;4848.23000000;4883.36000000;4907.48000000;4920.58000000;4922.47000000;4914.11000000;4895.82000000;4869.02000000;4835.67000000;4799.06000000;4755.98000000;4692.58000000;4621.54000000;4549.18000000;4477.35000000;4414.60000000;4351.79000000;4281.34000000;4213.76000000;         ;         ;         ;         ;         ;         ;         ;         ;         ;         ;         ;         ;         ;         ;         
New HIV infections in females aged 50+;Mean;1.15920000;5.78981000;18.20640000;51.35250000;133.86600000;311.46000000;615.69400000;1018.16000000;1485.60000000;2028.83000000;2668.07000000;3407.18000000;4228.16000000;5100.41000000;5984.05000000;6834.03000000;7624.01000000;8393.70000000;9122.99000000;9739.23000000;10125.00000000;10270.20000000;10231.40000000;10148.70000000;9987.61000000;9777.74000000;9387.33000000;9221.33000000;9222.63000000;9208.04000000;9425.28000000;9486.41000000;9348.97000000;9537.49000000;9572.66000000;9401.50000000;9278.04000000;9133.68000000;8978.44000000;8868.77000000;8808.25000000;8737.17000000;8654.38000000;8686.83000000;8723.48000000;8769.91000000;8830.55000000;8907.58000000;8997.19000000;9091.98000000;9183.40000000;9274.73000000;9351.02000000;9408.82000000;9447.15000000;9466.00000000;9462.82000000;9438.24000000;9392.26000000;9326.09000000;9242.79000000;9145.50000000;9033.62000000;8890.74000000;8729.19000000;8561.45000000;8384.47000000;8206.99000000;8030.59000000;7864.70000000;7720.58000000;         ;         ;         ;         ;         ;         ;         ;         ;         ;         ;         ;         ;         ;         ;         
;95% LL;0.65391900;3.69370000;11.67260000;35.11660000;92.81950000;213.69800000;437.30800000;770.05600000;1180.66000000;1658.19000000;2218.63000000;2892.08000000;3632.81000000;4454.19000000;5268.93000000;6053.32000000;6834.52000000;7549.48000000;8232.91000000;8810.06000000;9116.62000000;9226.32000000;9188.34000000;9119.68000000;8991.33000000;8774.59000000;8388.29000000;8255.52000000;8264.39000000;8264.84000000;8460.26000000;8482.39000000;8317.01000000;8453.11000000;8439.47000000;8267.59000000;8162.65000000;8044.15000000;7917.52000000;7831.47000000;7788.57000000;7734.71000000;7669.53000000;7690.20000000;7714.24000000;7747.87000000;7795.46000000;7858.94000000;7934.64000000;8015.57000000;8093.65000000;8171.84000000;8236.30000000;8283.94000000;8313.96000000;8326.48000000;8319.20000000;8293.00000000;8248.13000000;8185.96000000;8109.53000000;8021.89000000;7922.48000000;7793.43000000;7643.88000000;7489.81000000;7328.07000000;7166.96000000;7007.93000000;6859.93000000;6733.72000000;         ;         ;         ;         ;         ;         ;         ;         ;         ;         ;         ;         ;         ;         ;         
;95% UL;1.81417000;8.41434000;25.83710000;70.68410000;183.69800000;422.26700000;786.23300000;1226.73000000;1756.91000000;2366.55000000;3050.65000000;3846.44000000;4736.39000000;5671.50000000;6608.20000000;7499.32000000;8318.64000000;9111.51000000;9902.43000000;10622.40000000;11094.80000000;11289.00000000;11398.60000000;11341.20000000;11266.10000000;11093.70000000;10697.80000000;10539.50000000;10541.50000000;10554.30000000;10801.00000000;10871.20000000;10737.10000000;10914.90000000;10967.30000000;10767.30000000;10597.80000000;10397.40000000;10180.60000000;10015.80000000;9914.17000000;9814.79000000;9726.52000000;9752.26000000;9795.56000000;9838.02000000;9880.22000000;9957.82000000;10051.40000000;10155.80000000;10243.80000000;10328.30000000;10398.30000000;10450.30000000;10483.80000000;10499.30000000;10498.20000000;10479.90000000;10439.00000000;10376.60000000;10295.60000000;10199.60000000;10090.80000000;9949.35000000;9791.01000000;9626.83000000;9452.87000000;9279.01000000;9110.61000000;8955.75000000;8813.80000000;         ;         ;         ;         ;         ;         ;         ;         ;         ;         ;         ;         ;         ;         ;         
New HIV infections in sex workers;Mean;81.40200000;266.64000000;744.72000000;1969.37000000;4753.50000000;9527.34000000;14452.90000000;16939.70000000;17218.70000000;16705.10000000;15925.20000000;14921.60000000;13363.80000000;11873.40000000;10418.60000000;9096.26000000;7995.26000000;7188.26000000;6634.10000000;6270.86000000;6044.03000000;5926.23000000;5905.74000000;5955.46000000;6020.03000000;6153.96000000;6275.37000000;6455.50000000;6575.79000000;6568.15000000;6689.12000000;6485.31000000;6234.92000000;6286.85000000;6260.46000000;6330.71000000;6400.41000000;6354.02000000;6344.30000000;6379.03000000;6443.48000000;6486.25000000;6505.70000000;6554.78000000;6554.02000000;6539.41000000;6513.21000000;6477.41000000;6432.42000000;6378.06000000;6313.44000000;6239.18000000;6157.25000000;6068.27000000;5972.24000000;5868.78000000;5758.19000000;5640.73000000;5516.77000000;5386.71000000;5251.01000000;5110.07000000;4964.44000000;4815.12000000;4662.88000000;4508.59000000;4353.27000000;4197.86000000;4043.38000000;3890.74000000;3740.51000000;         ;         ;         ;         ;         ;         ;         ;         ;         ;         ;         ;         ;         ;         ;         
;95% LL;50.50690000;162.77700000;470.78200000;1166.32000000;2639.33000000;4912.97000000;7892.32000000;10623.50000000;12189.20000000;12604.40000000;12170.00000000;11459.40000000;10284.10000000;9141.98000000;7974.69000000;6908.21000000;6028.81000000;5393.30000000;4976.88000000;4766.73000000;4590.87000000;4505.27000000;4556.91000000;4628.93000000;4675.26000000;4782.21000000;4866.20000000;4965.75000000;5029.49000000;4996.20000000;5076.70000000;4879.29000000;4700.45000000;4738.37000000;4710.45000000;4781.29000000;4857.50000000;4844.73000000;4859.97000000;4909.72000000;4984.00000000;5042.24000000;5082.78000000;5135.80000000;5130.10000000;5114.02000000;5089.19000000;5073.45000000;5068.99000000;5022.89000000;4964.30000000;4897.91000000;4840.92000000;4792.03000000;4735.18000000;4663.98000000;4584.36000000;4507.18000000;4418.18000000;4323.10000000;4222.30000000;4116.09000000;3989.36000000;3868.35000000;3734.35000000;3598.06000000;3458.04000000;3322.91000000;3205.90000000;3089.84000000;2965.74000000;         ;         ;         ;         ;         ;         ;         ;         ;         ;         ;         ;         ;         ;         ;         
;95% UL;119.87400000;382.23700000;1105.32000000;2990.35000000;6877.74000000;13360.00000000;17809.90000000;20491.50000000;20352.40000000;19480.60000000;18483.80000000;17292.90000000;15482.80000000;13787.80000000;12154.80000000;10603.80000000;9309.77000000;8377.73000000;7739.35000000;7345.27000000;7105.86000000;7009.41000000;7037.76000000;7157.41000000;7303.40000000;7536.99000000;7775.74000000;8014.33000000;8187.52000000;8207.07000000;8377.71000000;8183.42000000;7842.62000000;7860.05000000;7775.82000000;7832.32000000;7859.89000000;7760.37000000;7719.80000000;7703.50000000;7726.03000000;7729.22000000;7703.59000000;7727.28000000;7685.47000000;7646.27000000;7580.92000000;7510.12000000;7428.02000000;7336.42000000;7251.81000000;7160.22000000;7060.89000000;6954.39000000;6840.59000000;6710.28000000;6584.33000000;6444.26000000;6292.56000000;6141.23000000;5975.47000000;5800.66000000;5626.21000000;5448.08000000;5267.48000000;5100.12000000;4931.19000000;4761.71000000;4592.84000000;4425.59000000;4260.61000000;         ;         ;         ;         ;         ;         ;         ;         ;         ;         ;         ;         ;         ;         ;         
New HIV infections acquired by men from FSW contact;Mean;290.50700000;1072.05000000;3058.59000000;8196.20000000;20327.30000000;43217.60000000;72270.10000000;94552.70000000;104457.00000000;106412.00000000;103787.00000000;97750.80000000;87888.90000000;76690.50000000;65586.00000000;55506.70000000;47169.20000000;41045.90000000;36775.60000000;33908.50000000;32012.00000000;30767.00000000;30105.20000000;29763.80000000;29497.90000000;29415.30000000;28834.80000000;28118.90000000;27709.80000000;27068.50000000;26921.00000000;26003.00000000;24189.00000000;23535.20000000;22584.70000000;21236.30000000;20204.20000000;19019.70000000;17875.80000000;16960.90000000;16255.70000000;15612.80000000;15010.40000000;14584.70000000;14195.50000000;13823.20000000;13469.00000000;13131.20000000;12806.10000000;12491.20000000;12182.40000000;11877.90000000;11578.60000000;11283.80000000;10991.60000000;10699.80000000;10407.50000000;10113.90000000;9819.07000000;9522.82000000;9225.31000000;8926.86000000;8627.92000000;8329.31000000;8032.11000000;7737.40000000;7446.24000000;7159.76000000;6879.06000000;6605.14000000;6338.68000000;         ;         ;         ;         ;         ;         ;         ;         ;         ;         ;         ;         ;         ;         ;         
;95% LL;176.80100000;664.63900000;2025.40000000;5135.64000000;11576.40000000;23193.40000000;39360.40000000;57247.30000000;72672.70000000;80184.50000000;80532.20000000;78096.90000000;71216.00000000;62022.60000000;52938.30000000;44664.40000000;37882.40000000;32879.10000000;29335.40000000;26961.40000000;25332.40000000;24223.30000000;23568.50000000;23170.20000000;22830.20000000;22291.20000000;21378.90000000;20682.80000000;20307.40000000;19854.50000000;19722.50000000;19046.30000000;17771.60000000;17335.00000000;16716.10000000;15822.20000000;15140.80000000;14319.90000000;13514.40000000;12812.30000000;12217.70000000;11686.50000000;11199.20000000;10874.70000000;10586.20000000;10313.70000000;10056.20000000;9811.81000000;9577.88000000;9352.51000000;9132.71000000;8916.92000000;8705.49000000;8497.69000000;8292.00000000;8086.58000000;7880.43000000;7672.93000000;7463.82000000;7252.90000000;7040.18000000;6825.80000000;6609.02000000;6356.31000000;6134.75000000;5913.88000000;5694.62000000;5477.92000000;5261.14000000;5040.51000000;4826.25000000;         ;         ;         ;         ;         ;         ;         ;         ;         ;         ;         ;         ;         ;         ;         
;95% UL;420.35600000;1524.34000000;4552.22000000;12136.10000000;29836.30000000;60043.90000000;91584.80000000;117203.00000000;126766.00000000;126714.00000000;122131.00000000;114154.00000000;102091.00000000;88728.00000000;75670.80000000;63935.90000000;54298.10000000;47266.50000000;42399.10000000;39149.60000000;37022.60000000;35677.60000000;35045.10000000;34809.90000000;34728.50000000;34959.30000000;34523.10000000;33866.20000000;33515.60000000;32792.00000000;32697.30000000;31651.70000000;29481.30000000;28737.60000000;27612.10000000;25946.20000000;24645.40000000;23170.20000000;21754.40000000;20632.00000000;19776.90000000;18997.40000000;18268.70000000;17771.70000000;17317.50000000;16882.20000000;16466.80000000;16068.80000000;15683.50000000;15307.20000000;14934.90000000;14564.70000000;14198.60000000;13836.20000000;13475.60000000;13114.10000000;12751.10000000;12386.20000000;12019.80000000;11652.00000000;11283.20000000;10913.80000000;10544.60000000;10176.70000000;9811.30000000;9449.83000000;9093.52000000;8743.65000000;8401.45000000;8068.04000000;7744.11000000;         ;         ;         ;         ;         ;         ;         ;         ;         ;         ;         ;         ;         ;         ;         
New HIV infections acquired by FSW clients from non-FSW partners;Mean;124.09000000;255.73000000;524.06700000;1154.21000000;2652.99000000;6021.39000000;12698.60000000;23182.00000000;36269.30000000;50260.40000000;63463.20000000;74599.50000000;82352.60000000;87661.40000000;90884.00000000;92277.90000000;92280.70000000;91481.60000000;90345.50000000;88757.10000000;86574.00000000;84076.40000000;81987.40000000;80078.50000000;77637.60000000;74893.30000000;71051.10000000;67191.50000000;64074.10000000;60868.30000000;57981.30000000;53698.00000000;48199.90000000;44585.30000000;41036.50000000;37588.50000000;34856.70000000;32149.50000000;29784.50000000;27971.50000000;26626.60000000;25474.00000000;24413.70000000;23596.10000000;22836.10000000;22106.50000000;21389.80000000;20680.50000000;19964.10000000;19225.90000000;18455.90000000;17673.40000000;16907.50000000;16170.00000000;15463.60000000;14787.60000000;14145.40000000;13538.10000000;12966.50000000;12429.80000000;11925.10000000;11449.60000000;11000.90000000;10577.20000000;10176.40000000;9796.43000000;9435.73000000;9092.55000000;8765.44000000;8452.89000000;8153.15000000;         ;         ;         ;         ;         ;         ;         ;         ;         ;         ;         ;         ;         ;         ;         
;95% LL;71.68350000;146.13200000;307.96700000;727.50900000;1842.91000000;4373.89000000;9998.49000000;19062.30000000;30753.00000000;44668.10000000;57287.40000000;68222.80000000;75448.00000000;80834.30000000;84443.20000000;85884.80000000;85951.60000000;85374.80000000;84422.30000000;82992.40000000;80964.10000000;78610.90000000;76617.90000000;74776.90000000;72431.20000000;69802.50000000;66130.70000000;62413.90000000;59376.80000000;56251.30000000;53453.50000000;49363.00000000;44164.30000000;40729.00000000;37328.80000000;34059.50000000;31627.40000000;29174.70000000;27042.00000000;25420.50000000;24224.60000000;23209.20000000;22285.00000000;21552.70000000;20855.40000000;20176.60000000;19504.80000000;18836.80000000;18160.30000000;17462.60000000;16735.30000000;15997.30000000;15275.80000000;14574.10000000;13907.90000000;13278.60000000;12682.70000000;12120.70000000;11590.80000000;11093.40000000;10626.60000000;10187.90000000;9774.80000000;9385.58000000;9018.11000000;8670.40000000;8340.87000000;8027.80000000;7729.78000000;7445.34000000;7172.83000000;         ;         ;         ;         ;         ;         ;         ;         ;         ;         ;         ;         ;         ;         ;         
;95% UL;235.23600000;484.56900000;954.22800000;1916.84000000;4050.18000000;8466.07000000;16588.30000000;28650.50000000;43469.10000000;58120.90000000;72281.90000000;83834.50000000;91693.30000000;97050.00000000;100344.00000000;102403.00000000;102667.00000000;102145.00000000;101207.00000000;99676.90000000;97318.60000000;94499.50000000;92114.80000000;89958.30000000;87286.70000000;84392.70000000;80229.70000000;75949.90000000;72544.30000000;69274.80000000;66397.60000000;61986.70000000;56279.60000000;52655.80000000;48929.60000000;45119.90000000;41802.40000000;38434.90000000;35435.50000000;33022.90000000;31226.30000000;29804.10000000;28520.80000000;27581.60000000;26785.50000000;26053.90000000;25331.60000000;24611.20000000;23876.40000000;23110.90000000;22301.50000000;21457.20000000;20612.70000000;19791.40000000;18997.00000000;18229.10000000;17492.70000000;16790.10000000;16123.50000000;15493.10000000;14906.90000000;14357.70000000;13837.30000000;13344.10000000;12875.90000000;12430.60000000;12006.70000000;11602.60000000;11216.60000000;10847.20000000;10492.40000000;         ;         ;         ;         ;         ;         ;         ;         ;         ;         ;         ;         ;         ;         ;         
New HIV infections in MSM;Mean;40.37390000;88.61170000;170.12100000;328.48300000;644.00300000;1267.40000000;2473.72000000;4492.52000000;7222.56000000;10152.10000000;12582.80000000;14116.20000000;14710.50000000;14772.50000000;14534.20000000;14136.00000000;13679.60000000;13220.60000000;12834.00000000;12513.10000000;12216.30000000;11942.50000000;11758.20000000;11605.80000000;11362.10000000;11027.50000000;10636.20000000;10382.20000000;10242.70000000;10065.40000000;9920.77000000;9436.12000000;8436.19000000;7624.37000000;7097.08000000;6765.97000000;6570.16000000;6304.93000000;6047.35000000;5893.82000000;5790.35000000;5699.73000000;5610.62000000;5544.39000000;5482.26000000;5421.08000000;5357.11000000;5286.09000000;5201.53000000;5101.61000000;4986.89000000;4861.78000000;4732.73000000;4603.35000000;4475.99000000;4351.94000000;4232.40000000;4118.05000000;4009.49000000;3906.64000000;3809.25000000;3717.18000000;3630.26000000;3548.76000000;3472.20000000;3400.04000000;3332.06000000;3267.64000000;3206.38000000;3147.54000000;3090.31000000;         ;         ;         ;         ;         ;         ;         ;         ;         ;         ;         ;         ;         ;         ;         
;95% LL;22.96960000;49.46300000;92.08480000;176.33300000;353.44900000;734.95200000;1548.96000000;3058.45000000;5364.87000000;8255.64000000;11139.90000000;13379.70000000;14412.80000000;14131.00000000;13715.70000000;13278.10000000;12863.70000000;12468.10000000;12161.50000000;11911.70000000;11661.00000000;11429.50000000;11286.30000000;11170.30000000;10969.40000000;10674.70000000;10311.40000000;10082.40000000;9955.99000000;9775.91000000;9628.37000000;9132.28000000;8112.80000000;7291.45000000;6758.36000000;6431.75000000;6251.42000000;6007.41000000;5775.27000000;5648.10000000;5571.37000000;5507.41000000;5444.51000000;5397.08000000;5346.50000000;5286.44000000;5222.61000000;5151.10000000;5067.22000000;4967.34000000;4849.09000000;4721.60000000;4590.92000000;4459.74000000;4330.38000000;4201.23000000;4076.07000000;3959.14000000;3845.92000000;3738.48000000;3636.55000000;3540.01000000;3448.96000000;3363.82000000;3283.64000000;3207.89000000;3136.36000000;3068.43000000;3003.70000000;2941.47000000;2880.99000000;         ;         ;         ;         ;         ;         ;         ;         ;         ;         ;         ;         ;         ;         ;         
;95% UL;71.97900000;163.04700000;318.07700000;612.62300000;1170.58000000;2186.99000000;4078.24000000;6897.21000000;10082.30000000;12740.80000000;14226.80000000;14796.90000000;15062.30000000;15120.10000000;15097.10000000;14785.50000000;14332.50000000;13835.50000000;13396.00000000;13026.00000000;12688.30000000;12379.60000000;12166.70000000;11987.70000000;11712.50000000;11341.10000000;10921.40000000;10649.10000000;10498.80000000;10311.70000000;10152.50000000;9680.81000000;8721.29000000;7927.22000000;7399.81000000;7052.12000000;6828.86000000;6537.05000000;6251.66000000;6069.09000000;5935.23000000;5847.77000000;5757.94000000;5690.50000000;5630.74000000;5573.66000000;5514.77000000;5454.70000000;5384.43000000;5298.35000000;5205.25000000;5101.10000000;4982.58000000;4863.60000000;4746.32000000;4632.16000000;4522.46000000;4417.99000000;4319.41000000;4226.64000000;4139.37000000;4057.39000000;3981.01000000;3910.73000000;3845.26000000;3783.97000000;3726.69000000;3672.75000000;3621.73000000;3569.96000000;3518.98000000;         ;         ;         ;         ;         ;         ;         ;         ;         ;         ;         ;         ;         ;         ;         
Total HIV incidence rate;Mean;0.00002816;0.00008014;0.00020404;0.00051306;0.00123265;0.00262945;0.00464034;0.00672511;0.00854544;0.01013430;0.01149280;0.01256720;0.01318680;0.01353310;0.01367030;0.01357420;0.01333200;0.01300930;0.01265980;0.01232160;0.01184060;0.01127190;0.01066750;0.00999300;0.00927150;0.00863092;0.00801696;0.00750758;0.00710530;0.00666588;0.00630915;0.00584012;0.00528636;0.00493329;0.00457593;0.00420556;0.00391072;0.00362814;0.00337048;0.00315859;0.00298334;0.00282087;0.00266484;0.00253533;0.00241325;0.00229706;0.00218578;0.00207866;0.00197492;0.00187378;0.00177460;0.00167874;0.00158814;0.00150312;0.00142343;0.00134860;0.00127846;0.00121278;0.00115132;0.00109378;0.00103980;0.00098906;0.00094127;0.00089619;0.00085360;0.00081333;0.00077518;0.00073900;0.00070466;0.00067204;0.00064103;         ;         ;         ;         ;         ;         ;         ;         ;         ;         ;         ;         ;         ;         ;         
;95% LL;0.00001724;0.00005112;0.00013341;0.00035581;0.00084244;0.00173441;0.00316405;0.00508659;0.00709072;0.00892114;0.01044850;0.01173850;0.01259280;0.01304370;0.01323140;0.01316940;0.01296140;0.01266800;0.01234480;0.01202660;0.01156340;0.01100220;0.01039590;0.00972546;0.00901009;0.00837259;0.00776813;0.00725958;0.00685855;0.00642102;0.00606564;0.00560207;0.00505411;0.00470220;0.00434419;0.00398283;0.00370417;0.00344494;0.00321217;0.00301963;0.00285725;0.00270611;0.00255993;0.00243879;0.00232290;0.00221167;0.00210257;0.00199659;0.00189544;0.00179532;0.00169736;0.00160347;0.00151493;0.00143203;0.00135420;0.00128017;0.00121175;0.00114756;0.00108677;0.00103138;0.00097915;0.00093007;0.00088384;0.00083909;0.00079690;0.00075707;0.00071942;0.00068379;0.00065004;0.00061886;0.00058968;         ;         ;         ;         ;         ;         ;         ;         ;         ;         ;         ;         ;         ;         ;         
;95% UL;0.00004424;0.00011520;0.00028580;0.00072292;0.00175806;0.00349978;0.00575147;0.00769899;0.00940623;0.01085920;0.01205510;0.01307450;0.01364030;0.01393550;0.01402420;0.01388200;0.01359790;0.01323860;0.01290320;0.01257730;0.01211720;0.01156260;0.01097320;0.01030890;0.00958869;0.00894032;0.00831555;0.00779814;0.00739344;0.00695476;0.00659764;0.00612593;0.00556971;0.00521815;0.00486307;0.00448229;0.00417218;0.00386792;0.00358326;0.00334758;0.00315430;0.00298575;0.00282565;0.00269171;0.00257038;0.00245476;0.00234357;0.00223593;0.00213086;0.00202742;0.00192485;0.00182473;0.00172942;0.00163943;0.00155468;0.00147476;0.00139965;0.00132916;0.00126316;0.00120135;0.00114341;0.00108901;0.00103786;0.00098968;0.00094427;0.00090142;0.00086093;0.00082262;0.00078632;0.00075191;0.00071923;         ;         ;         ;         ;         ;         ;         ;         ;         ;         ;         ;         ;         ;         ;         
HIV incidence in individuals aged 15+;Mean;0.00004314;0.00012534;0.00032106;0.00080765;0.00193407;0.00409863;0.00715334;0.01019820;0.01273980;0.01485880;0.01657220;0.01780150;0.01845980;0.01867860;0.01854840;0.01813730;0.01753390;0.01684560;0.01618760;0.01555130;0.01488590;0.01421410;0.01359280;0.01302480;0.01239210;0.01172080;0.01095930;0.01026630;0.00972608;0.00918206;0.00873444;0.00812192;0.00736398;0.00688124;0.00637932;0.00585042;0.00542993;0.00502082;0.00464407;0.00433563;0.00408298;0.00384909;0.00362465;0.00343723;0.00326025;0.00309225;0.00293234;0.00277973;0.00263378;0.00249250;0.00235495;0.00222298;0.00209881;0.00198246;0.00187361;0.00177158;0.00167611;0.00158685;0.00150348;0.00142554;0.00135251;0.00128393;0.00121939;0.00115852;0.00110105;0.00104673;0.00099531;0.00094661;0.00090045;0.00085670;0.00081520;         ;         ;         ;         ;         ;         ;         ;         ;         ;         ;         ;         ;         ;         ;         
;95% LL;0.00002655;0.00008012;0.00021187;0.00055906;0.00131893;0.00267876;0.00484856;0.00775600;0.01054650;0.01311500;0.01512140;0.01662520;0.01765300;0.01796830;0.01792670;0.01757090;0.01701970;0.01637270;0.01575320;0.01514690;0.01450440;0.01384440;0.01322280;0.01265720;0.01202830;0.01136110;0.01060470;0.00991506;0.00937144;0.00882563;0.00838086;0.00777547;0.00702308;0.00654135;0.00603784;0.00552608;0.00513543;0.00475365;0.00441202;0.00413711;0.00390286;0.00368565;0.00347480;0.00329504;0.00312669;0.00296668;0.00281363;0.00266706;0.00252418;0.00238509;0.00225002;0.00212073;0.00199928;0.00188565;0.00177948;0.00167984;0.00158556;0.00149784;0.00141842;0.00134313;0.00127262;0.00120641;0.00114412;0.00108512;0.00102830;0.00097470;0.00092407;0.00087623;0.00083099;0.00078820;0.00074876;         ;         ;         ;         ;         ;         ;         ;         ;         ;         ;         ;         ;         ;         ;         
;95% UL;0.00006742;0.00017945;0.00044916;0.00113966;0.00277140;0.00545991;0.00887433;0.01162030;0.01395900;0.01584880;0.01742650;0.01856490;0.01913980;0.01927920;0.01907330;0.01859170;0.01792520;0.01718150;0.01654400;0.01595670;0.01532350;0.01467120;0.01406100;0.01349970;0.01286430;0.01217930;0.01140070;0.01069440;0.01014990;0.00960712;0.00915905;0.00854085;0.00777788;0.00729466;0.00679348;0.00624935;0.00580476;0.00536314;0.00494697;0.00460721;0.00433006;0.00408049;0.00384943;0.00365903;0.00347526;0.00330704;0.00314632;0.00299217;0.00284374;0.00269876;0.00255612;0.00241799;0.00228712;0.00216376;0.00204779;0.00193863;0.00183621;0.00174027;0.00165060;0.00156675;0.00148825;0.00141461;0.00134540;0.00128024;0.00121883;0.00116091;0.00110620;0.00105448;0.00100554;0.00095922;0.00091533;         ;         ;         ;         ;         ;         ;         ;         ;         ;         ;         ;         ;         ;         ;         
HIV incidence in males aged 15+;Mean;0.00004720;0.00014399;0.00037510;0.00095071;0.00227929;0.00479218;0.00818886;0.01122310;0.01339200;0.01495570;0.01604580;0.01663760;0.01668610;0.01635570;0.01578410;0.01506510;0.01428980;0.01354250;0.01290040;0.01232800;0.01177300;0.01124580;0.01077340;0.01035730;0.00990953;0.00946245;0.00888673;0.00830835;0.00784030;0.00736112;0.00696505;0.00641760;0.00572438;0.00528589;0.00484184;0.00439096;0.00403948;0.00368646;0.00336189;0.00310031;0.00289194;0.00270516;0.00253271;0.00239358;0.00226653;0.00214869;0.00203835;0.00193451;0.00183625;0.00174174;0.00165010;0.00156221;0.00147923;0.00140124;0.00132799;0.00125906;0.00119429;0.00113348;0.00107644;0.00102294;0.00097267;0.00092533;0.00088070;0.00083859;0.00079882;0.00076122;0.00072566;0.00069200;0.00066015;0.00062999;0.00060139;         ;         ;         ;         ;         ;         ;         ;         ;         ;         ;         ;         ;         ;         ;         
;95% LL;0.00002943;0.00009202;0.00024763;0.00063734;0.00148508;0.00297214;0.00536941;0.00821427;0.01081390;0.01279940;0.01433900;0.01513880;0.01544000;0.01528750;0.01485760;0.01421840;0.01353390;0.01283800;0.01224140;0.01170910;0.01118600;0.01067500;0.01021680;0.00981198;0.00937258;0.00894140;0.00838853;0.00783213;0.00738011;0.00691749;0.00653696;0.00601077;0.00533503;0.00490597;0.00447242;0.00404453;0.00372087;0.00339985;0.00310623;0.00287076;0.00268363;0.00251791;0.00236206;0.00223240;0.00211578;0.00200828;0.00190542;0.00180836;0.00171424;0.00162454;0.00153584;0.00145181;0.00137217;0.00129745;0.00122737;0.00116223;0.00110155;0.00104464;0.00099142;0.00094182;0.00089462;0.00085017;0.00080852;0.00076845;0.00073061;0.00069487;0.00066111;0.00062950;0.00059963;0.00057139;0.00054465;         ;         ;         ;         ;         ;         ;         ;         ;         ;         ;         ;         ;         ;         ;         
;95% UL;0.00007162;0.00020795;0.00052919;0.00136563;0.00332378;0.00655658;0.01020740;0.01305640;0.01515260;0.01651650;0.01745020;0.01791580;0.01783290;0.01736370;0.01665520;0.01581000;0.01492590;0.01409070;0.01338220;0.01276320;0.01219460;0.01165890;0.01117090;0.01074250;0.01029020;0.00984735;0.00926851;0.00868540;0.00821383;0.00772150;0.00731543;0.00675177;0.00603655;0.00558883;0.00513178;0.00465957;0.00428748;0.00391167;0.00356480;0.00328436;0.00305975;0.00285745;0.00267038;0.00252045;0.00238399;0.00225768;0.00213970;0.00203589;0.00193694;0.00184013;0.00174594;0.00165532;0.00156953;0.00148875;0.00141275;0.00134112;0.00127375;0.00121046;0.00115109;0.00109540;0.00104308;0.00099384;0.00094743;0.00090365;0.00086230;0.00082321;0.00078624;0.00075124;0.00071809;0.00068667;0.00065686;         ;         ;         ;         ;         ;         ;         ;         ;         ;         ;         ;         ;         ;         ;         
HIV incidence in females aged 15+;Mean;0.00003927;0.00010762;0.00026998;0.00067314;0.00161120;0.00345339;0.00620314;0.00926175;0.01214650;0.01477170;0.01705060;0.01885850;0.02007070;0.02079240;0.02107260;0.02095530;0.02052600;0.01991400;0.01926340;0.01858830;0.01783900;0.01704820;0.01630510;0.01560910;0.01481320;0.01393710;0.01300500;0.01220510;0.01159900;0.01099570;0.01050150;0.00982846;0.00900977;0.00848624;0.00792944;0.00732553;0.00683916;0.00637590;0.00594772;0.00559294;0.00529630;0.00501529;0.00473852;0.00450229;0.00427460;0.00405548;0.00384488;0.00364228;0.00344736;0.00325801;0.00307320;0.00289580;0.00272912;0.00257314;0.00242748;0.00229120;0.00216394;0.00204521;0.00193455;0.00183126;0.00173462;0.00164400;0.00155878;0.00147846;0.00140263;0.00133097;0.00126314;0.00119887;0.00113793;0.00108016;0.00102536;         ;         ;         ;         ;         ;         ;         ;         ;         ;         ;         ;         ;         ;         ;         
;95% LL;0.00002296;0.00007030;0.00017290;0.00047593;0.00112585;0.00240508;0.00445594;0.00728075;0.01021040;0.01323520;0.01582490;0.01782770;0.01919100;0.02003140;0.02037350;0.02030940;0.01993110;0.01935700;0.01874450;0.01810400;0.01738350;0.01657300;0.01584080;0.01515560;0.01437470;0.01351400;0.01259390;0.01179990;0.01119170;0.01058970;0.01009570;0.00942524;0.00860669;0.00808568;0.00753037;0.00693973;0.00647499;0.00604796;0.00564889;0.00531455;0.00504080;0.00478238;0.00452548;0.00429617;0.00407557;0.00386375;0.00366058;0.00346404;0.00327498;0.00309192;0.00291252;0.00273843;0.00257891;0.00243020;0.00228818;0.00215445;0.00202984;0.00191651;0.00181112;0.00171286;0.00161906;0.00152850;0.00144362;0.00136389;0.00129169;0.00122353;0.00115907;0.00109809;0.00104044;0.00098583;0.00093409;         ;         ;         ;         ;         ;         ;         ;         ;         ;         ;         ;         ;         ;         ;         
;95% UL;0.00006193;0.00015733;0.00038352;0.00096259;0.00223651;0.00462243;0.00770588;0.01078250;0.01354360;0.01601920;0.01810610;0.01968680;0.02071140;0.02137900;0.02162410;0.02149100;0.02104630;0.02052450;0.01983290;0.01918400;0.01845200;0.01765970;0.01694970;0.01625570;0.01547520;0.01460970;0.01364910;0.01282470;0.01220770;0.01161420;0.01112650;0.01045040;0.00961972;0.00908827;0.00852082;0.00789345;0.00737867;0.00688187;0.00641925;0.00605031;0.00572751;0.00544119;0.00515917;0.00492005;0.00468067;0.00444956;0.00422973;0.00401944;0.00381303;0.00361139;0.00341525;0.00322596;0.00304684;0.00287824;0.00272001;0.00257136;0.00243215;0.00230200;0.00218057;0.00206715;0.00196104;0.00186154;0.00176801;0.00167989;0.00159675;0.00151824;0.00144396;0.00137362;0.00130693;0.00124371;0.00118374;         ;         ;         ;         ;         ;         ;         ;         ;         ;         ;         ;         ;         ;         ;         
HIV incidence in children (<15 years);Mean;0.00000526;0.00001075;0.00002311;0.00005310;0.00012468;0.00028013;0.00056484;0.00098590;0.00150380;0.00208398;0.00269698;0.00331858;0.00383054;0.00431066;0.00480563;0.00516039;0.00544180;0.00562642;0.00570712;0.00582166;0.00561610;0.00518316;0.00454604;0.00359970;0.00265347;0.00204259;0.00171995;0.00156031;0.00144728;0.00124463;0.00109613;0.00095457;0.00085139;0.00078270;0.00073030;0.00067713;0.00063012;0.00058894;0.00054868;0.00051036;0.00047471;0.00044267;0.00041352;0.00038809;0.00036514;0.00034393;0.00032402;0.00030522;0.00028733;0.00027011;0.00025341;0.00023729;0.00022200;0.00020774;0.00019434;0.00018175;0.00016995;0.00015891;0.00014857;0.00013893;0.00012995;0.00012162;0.00011392;0.00010682;0.00010027;0.00009424;0.00008870;0.00008360;0.00007890;0.00007455;0.00007054;         ;         ;         ;         ;         ;         ;         ;         ;         ;         ;         ;         ;         ;         ;         
;95% LL;0.00000302;0.00000653;0.00001504;0.00003472;0.00008950;0.00019722;0.00040562;0.00074447;0.00120078;0.00174690;0.00234342;0.00297180;0.00350439;0.00397996;0.00449535;0.00486784;0.00516469;0.00537878;0.00547455;0.00560119;0.00540994;0.00499270;0.00438329;0.00348267;0.00257534;0.00198351;0.00167107;0.00151326;0.00139975;0.00120279;0.00105794;0.00091989;0.00081803;0.00074968;0.00069704;0.00064493;0.00060078;0.00056154;0.00052344;0.00048730;0.00045374;0.00042361;0.00039619;0.00037175;0.00034984;0.00032949;0.00031066;0.00029234;0.00027472;0.00025779;0.00024142;0.00022566;0.00021076;0.00019690;0.00018390;0.00017170;0.00016030;0.00014965;0.00013970;0.00013042;0.00012185;0.00011407;0.00010651;0.00009965;0.00009339;0.00008764;0.00008235;0.00007748;0.00007300;0.00006886;0.00006504;         ;         ;         ;         ;         ;         ;         ;         ;         ;         ;         ;         ;         ;         ;         
;95% UL;0.00000878;0.00001685;0.00003405;0.00007401;0.00017390;0.00038102;0.00073822;0.00121085;0.00176688;0.00237689;0.00300578;0.00361529;0.00411378;0.00457060;0.00505238;0.00539566;0.00567008;0.00583640;0.00591225;0.00601072;0.00579728;0.00535078;0.00469119;0.00372126;0.00273816;0.00210475;0.00177425;0.00161251;0.00150019;0.00129257;0.00114228;0.00099788;0.00089333;0.00082432;0.00077224;0.00071871;0.00066952;0.00062528;0.00058181;0.00054118;0.00050348;0.00046969;0.00043960;0.00041362;0.00039135;0.00036903;0.00034924;0.00033070;0.00031223;0.00029432;0.00027681;0.00025979;0.00024366;0.00022871;0.00021453;0.00020108;0.00018839;0.00017643;0.00016516;0.00015461;0.00014488;0.00013582;0.00012743;0.00011965;0.00011262;0.00010614;0.00010019;0.00009471;0.00008965;0.00008498;0.00008067;         ;         ;         ;         ;         ;         ;         ;         ;         ;         ;         ;         ;         ;         ;         
Incidence in youth (15-24);Mean;0.00005460;0.00013631;0.00032022;0.00076872;0.00180992;0.00389743;0.00723016;0.01135150;0.01573070;0.02000540;0.02377520;0.02670060;0.02854570;0.02948710;0.02964280;0.02912810;0.02806020;0.02675100;0.02540140;0.02412690;0.02294510;0.02189020;0.02094250;0.02009250;0.01908550;0.01790610;0.01670020;0.01554570;0.01466850;0.01387790;0.01303490;0.01198540;0.01082690;0.00997421;0.00916084;0.00834709;0.00772489;0.00717856;0.00671489;0.00634137;0.00602781;0.00570624;0.00535984;0.00502214;0.00468432;0.00435795;0.00404079;0.00373699;0.00344926;0.00317069;0.00290068;0.00265019;0.00242420;0.00222185;0.00204182;0.00188159;0.00173934;0.00161307;0.00150106;0.00140211;0.00131415;0.00123535;0.00116448;0.00110049;0.00104225;0.00098894;0.00093987;0.00089441;0.00085202;0.00081230;0.00077491;         ;         ;         ;         ;         ;         ;         ;         ;         ;         ;         ;         ;         ;         ;         
;95% LL;0.00003252;0.00008754;0.00020475;0.00053349;0.00126129;0.00272856;0.00526344;0.00877805;0.01298630;0.01740660;0.02150640;0.02471690;0.02689790;0.02806640;0.02832030;0.02784340;0.02695140;0.02577200;0.02449470;0.02328120;0.02216860;0.02114290;0.02026040;0.01945200;0.01847500;0.01732990;0.01613330;0.01498640;0.01410870;0.01330930;0.01248530;0.01145580;0.01031300;0.00947321;0.00867482;0.00790982;0.00733544;0.00682318;0.00639991;0.00605539;0.00575997;0.00545938;0.00512924;0.00480409;0.00447411;0.00415210;0.00384137;0.00354557;0.00326707;0.00299912;0.00274095;0.00250267;0.00228693;0.00209433;0.00192266;0.00176975;0.00163420;0.00151401;0.00140936;0.00131462;0.00123036;0.00115514;0.00108763;0.00102684;0.00097195;0.00092170;0.00087536;0.00083235;0.00079217;0.00075450;0.00071808;         ;         ;         ;         ;         ;         ;         ;         ;         ;         ;         ;         ;         ;         ;         
;95% UL;0.00008735;0.00020534;0.00046142;0.00108296;0.00249578;0.00523666;0.00905711;0.01340030;0.01781680;0.02195620;0.02547020;0.02807900;0.02959000;0.03050310;0.03063240;0.03006040;0.02890980;0.02750420;0.02605600;0.02478440;0.02363890;0.02257410;0.02161840;0.02076820;0.01974190;0.01857370;0.01736060;0.01619450;0.01535650;0.01460700;0.01374430;0.01268560;0.01153540;0.01067110;0.00983063;0.00900503;0.00835181;0.00776609;0.00726639;0.00686592;0.00653524;0.00620136;0.00584259;0.00547495;0.00511029;0.00476188;0.00442427;0.00409897;0.00378921;0.00348977;0.00319934;0.00292914;0.00268437;0.00246447;0.00226827;0.00209313;0.00193721;0.00179845;0.00167506;0.00156579;0.00146846;0.00138103;0.00130366;0.00123423;0.00117112;0.00111346;0.00106048;0.00101152;0.00096689;0.00092502;0.00088554;         ;         ;         ;         ;         ;         ;         ;         ;         ;         ;         ;         ;         ;         ;         
Incidence in males aged 15-24;Mean;0.00003321;0.00008040;0.00018139;0.00042259;0.00098095;0.00212525;0.00405213;0.00657610;0.00938108;0.01216650;0.01460300;0.01643650;0.01755540;0.01805760;0.01804590;0.01761420;0.01684750;0.01592900;0.01500130;0.01413760;0.01335670;0.01267260;0.01205240;0.01150550;0.01087140;0.01015010;0.00939112;0.00865788;0.00807352;0.00755731;0.00695798;0.00623689;0.00547068;0.00489113;0.00437748;0.00393810;0.00361797;0.00332080;0.00306955;0.00287431;0.00271614;0.00255817;0.00239097;0.00222861;0.00207166;0.00192362;0.00178134;0.00164866;0.00152574;0.00140783;0.00129564;0.00119504;0.00110434;0.00102298;0.00095016;0.00088496;0.00082687;0.00077513;0.00072898;0.00068810;0.00065147;0.00061821;0.00058782;0.00055995;0.00053422;0.00051036;0.00048815;0.00046741;0.00044797;0.00042967;0.00041237;         ;         ;         ;         ;         ;         ;         ;         ;         ;         ;         ;         ;         ;         ;         
;95% LL;0.00002039;0.00005027;0.00011671;0.00028348;0.00067507;0.00151773;0.00300501;0.00515577;0.00775862;0.01048850;0.01298110;0.01482580;0.01601230;0.01659420;0.01665210;0.01630500;0.01563290;0.01481090;0.01396580;0.01317390;0.01243700;0.01178410;0.01119360;0.01068470;0.01007870;0.00938728;0.00866513;0.00797752;0.00743385;0.00694680;0.00638837;0.00571785;0.00501156;0.00446860;0.00398321;0.00357721;0.00329278;0.00303388;0.00281757;0.00265171;0.00251913;0.00238505;0.00224010;0.00209513;0.00194423;0.00180194;0.00166904;0.00154478;0.00143033;0.00132044;0.00121571;0.00112104;0.00103479;0.00095638;0.00088776;0.00082695;0.00077110;0.00072091;0.00067838;0.00064105;0.00060643;0.00057500;0.00054629;0.00051966;0.00049513;0.00047275;0.00045194;0.00043225;0.00041372;0.00039660;0.00038039;         ;         ;         ;         ;         ;         ;         ;         ;         ;         ;         ;         ;         ;         ;         
;95% UL;0.00005626;0.00012677;0.00026413;0.00059242;0.00135448;0.00286544;0.00519210;0.00792734;0.01079350;0.01340090;0.01570380;0.01760850;0.01876300;0.01924390;0.01920610;0.01871240;0.01790830;0.01691090;0.01590500;0.01497560;0.01415160;0.01341270;0.01274330;0.01216580;0.01149820;0.01072550;0.00990185;0.00912559;0.00851942;0.00798303;0.00735586;0.00660855;0.00581267;0.00520196;0.00466079;0.00419423;0.00384561;0.00351928;0.00324383;0.00303349;0.00286084;0.00269382;0.00251922;0.00235083;0.00218834;0.00203586;0.00189115;0.00175480;0.00163084;0.00151000;0.00139177;0.00128430;0.00118666;0.00109893;0.00102027;0.00095009;0.00088687;0.00083129;0.00078145;0.00073862;0.00070060;0.00066609;0.00063462;0.00060580;0.00057922;0.00055461;0.00053176;0.00051047;0.00049056;0.00047188;0.00045426;         ;         ;         ;         ;         ;         ;         ;         ;         ;         ;         ;         ;         ;         ;         
Incidence in females aged 15-24;Mean;0.00007578;0.00019126;0.00045588;0.00110551;0.00261437;0.00561590;0.01028590;0.01597090;0.02192440;0.02773360;0.03293500;0.03710260;0.03989760;0.04151990;0.04207330;0.04166870;0.04043560;0.03879530;0.03703870;0.03533520;0.03370770;0.03222050;0.03090430;0.02970180;0.02826000;0.02654950;0.02482310;0.02314880;0.02190490;0.02077830;0.01964120;0.01821320;0.01661310;0.01544970;0.01430020;0.01307120;0.01211170;0.01128310;0.01057850;0.01000310;0.00951477;0.00901231;0.00847057;0.00794367;0.00741174;0.00689419;0.00639023;0.00590417;0.00544135;0.00499265;0.00455613;0.00414795;0.00377990;0.00345096;0.00315912;0.00290012;0.00267065;0.00246731;0.00228732;0.00212852;0.00198777;0.00186224;0.00174991;0.00164899;0.00155753;0.00147416;0.00139771;0.00132705;0.00126127;0.00119974;0.00114191;         ;         ;         ;         ;         ;         ;         ;         ;         ;         ;         ;         ;         ;         ;         
;95% LL;0.00004421;0.00012418;0.00029077;0.00077379;0.00179314;0.00394617;0.00738561;0.01228930;0.01807510;0.02418360;0.02993900;0.03455660;0.03762370;0.03945410;0.04022160;0.03985210;0.03873250;0.03724080;0.03559790;0.03411400;0.03252870;0.03115590;0.02990050;0.02870200;0.02735340;0.02566320;0.02391880;0.02226590;0.02105130;0.01995380;0.01884050;0.01743080;0.01585590;0.01469790;0.01355530;0.01236360;0.01143960;0.01067090;0.01001250;0.00948144;0.00902486;0.00854321;0.00802239;0.00751151;0.00699715;0.00649820;0.00601495;0.00554980;0.00510633;0.00467498;0.00425778;0.00387344;0.00352524;0.00321411;0.00294144;0.00269583;0.00247559;0.00228297;0.00211486;0.00196678;0.00183420;0.00171690;0.00161180;0.00151724;0.00143140;0.00135299;0.00128090;0.00121414;0.00115188;0.00109354;0.00103864;         ;         ;         ;         ;         ;         ;         ;         ;         ;         ;         ;         ;         ;         ;         
;95% UL;0.00012052;0.00028340;0.00065554;0.00156065;0.00360705;0.00751254;0.01281700;0.01877630;0.02471530;0.03035370;0.03525090;0.03904400;0.04161830;0.04305680;0.04345530;0.04303420;0.04177240;0.04006560;0.03828380;0.03652170;0.03488030;0.03339220;0.03214490;0.03098600;0.02953390;0.02776370;0.02599270;0.02432600;0.02310430;0.02201080;0.02085560;0.01942910;0.01783070;0.01667930;0.01554060;0.01428120;0.01327060;0.01237910;0.01159040;0.01095890;0.01046350;0.00993886;0.00936742;0.00880592;0.00824870;0.00770617;0.00717071;0.00663776;0.00612578;0.00562759;0.00514519;0.00468793;0.00427117;0.00390225;0.00357468;0.00328368;0.00302582;0.00279744;0.00259552;0.00241759;0.00226008;0.00211979;0.00199438;0.00188180;0.00177987;0.00168701;0.00160351;0.00152761;0.00145691;0.00139069;0.00132834;         ;         ;         ;         ;         ;         ;         ;         ;         ;         ;         ;         ;         ;         ;         
Incidence in age group 15-49;Mean;0.00005267;0.00015257;0.00039076;0.00098371;0.00235818;0.00500354;0.00874123;0.01246730;0.01558960;0.01820300;0.02032500;0.02185820;0.02271680;0.02303180;0.02291090;0.02243410;0.02170450;0.02087450;0.02007570;0.01930180;0.01850200;0.01770650;0.01695780;0.01627890;0.01551790;0.01470500;0.01378300;0.01291590;0.01224130;0.01156050;0.01098380;0.01019440;0.00921931;0.00858260;0.00792564;0.00723556;0.00667217;0.00613367;0.00565237;0.00525802;0.00493402;0.00463431;0.00434677;0.00410187;0.00387145;0.00365446;0.00345004;0.00325719;0.00307496;0.00290004;0.00273063;0.00256929;0.00241818;0.00227727;0.00214614;0.00202392;0.00191027;0.00180477;0.00170697;0.00161626;0.00153201;0.00145356;0.00138026;0.00131080;0.00124507;0.00118302;0.00112408;0.00106817;0.00101502;0.00096475;0.00091749;         ;         ;         ;         ;         ;         ;         ;         ;         ;         ;         ;         ;         ;         ;         
;95% LL;0.00003238;0.00009747;0.00025719;0.00068182;0.00160880;0.00327780;0.00593776;0.00947318;0.01292360;0.01607410;0.01851670;0.02039880;0.02170470;0.02215440;0.02211730;0.02170780;0.02104770;0.02027190;0.01952000;0.01877060;0.01800220;0.01720690;0.01647190;0.01581220;0.01505350;0.01425590;0.01333460;0.01246610;0.01178770;0.01111090;0.01054330;0.00976984;0.00880756;0.00816808;0.00750580;0.00683296;0.00631201;0.00581269;0.00536847;0.00500403;0.00471264;0.00443848;0.00417345;0.00393990;0.00371574;0.00350622;0.00331038;0.00312495;0.00294922;0.00277740;0.00260932;0.00245135;0.00230488;0.00216706;0.00203899;0.00191983;0.00180918;0.00170660;0.00161161;0.00152358;0.00144189;0.00136589;0.00129494;0.00122779;0.00116432;0.00110447;0.00104768;0.00099387;0.00094279;0.00089453;0.00084920;         ;         ;         ;         ;         ;         ;         ;         ;         ;         ;         ;         ;         ;         ;         
;95% UL;0.00008249;0.00021849;0.00054656;0.00138865;0.00337389;0.00665853;0.01085200;0.01421380;0.01710910;0.01944520;0.02135070;0.02277810;0.02354170;0.02376620;0.02355880;0.02300090;0.02219780;0.02130320;0.02050780;0.01976800;0.01900260;0.01821700;0.01747970;0.01680710;0.01604820;0.01523090;0.01429980;0.01341910;0.01273960;0.01206220;0.01149200;0.01069100;0.00970846;0.00906784;0.00840827;0.00769239;0.00709489;0.00652845;0.00602572;0.00558848;0.00523640;0.00491343;0.00462415;0.00438007;0.00415118;0.00393531;0.00373123;0.00353777;0.00335053;0.00316330;0.00298156;0.00280808;0.00264521;0.00249308;0.00235131;0.00221899;0.00209581;0.00198138;0.00187528;0.00177687;0.00168551;0.00160048;0.00152107;0.00144586;0.00137509;0.00130814;0.00124482;0.00118475;0.00112765;0.00107366;0.00102293;         ;         ;         ;         ;         ;         ;         ;         ;         ;         ;         ;         ;         ;         ;         
Incidence in males aged 15-49;Mean;0.00005583;0.00016965;0.00044152;0.00111912;0.00268423;0.00564755;0.00966281;0.01324300;0.01581510;0.01768140;0.01899100;0.01971160;0.01980870;0.01944980;0.01879580;0.01795370;0.01702770;0.01613430;0.01535940;0.01466390;0.01399830;0.01337720;0.01281170;0.01232220;0.01179930;0.01127990;0.01061280;0.00992678;0.00937401;0.00880697;0.00832501;0.00765842;0.00681701;0.00627559;0.00573180;0.00518358;0.00474887;0.00431775;0.00392995;0.00361765;0.00336877;0.00314596;0.00294025;0.00277184;0.00261858;0.00247744;0.00234655;0.00222463;0.00211051;0.00200137;0.00189573;0.00179493;0.00169984;0.00161060;0.00152687;0.00144814;0.00137424;0.00130499;0.00124016;0.00117946;0.00112261;0.00106928;0.00101918;0.00097131;0.00092575;0.00088258;0.00084140;0.00080225;0.00076499;0.00072983;0.00069702;         ;         ;         ;         ;         ;         ;         ;         ;         ;         ;         ;         ;         ;         ;         
;95% LL;0.00003488;0.00010851;0.00029158;0.00075055;0.00175152;0.00351201;0.00632678;0.00971878;0.01280830;0.01515950;0.01699440;0.01794230;0.01833250;0.01817210;0.01768220;0.01692820;0.01612880;0.01529100;0.01455970;0.01391950;0.01328910;0.01269670;0.01215470;0.01168310;0.01117880;0.01067710;0.01003490;0.00937352;0.00883073;0.00827586;0.00780938;0.00716384;0.00635420;0.00582727;0.00528833;0.00476532;0.00436527;0.00397341;0.00362373;0.00334550;0.00312544;0.00292222;0.00273658;0.00258345;0.00244296;0.00231269;0.00218864;0.00207300;0.00196477;0.00186138;0.00176320;0.00166808;0.00157674;0.00149280;0.00141419;0.00134042;0.00127129;0.00120659;0.00114609;0.00108948;0.00103648;0.00098678;0.00093809;0.00089132;0.00084779;0.00080735;0.00076640;0.00072832;0.00069417;0.00066197;0.00063193;         ;         ;         ;         ;         ;         ;         ;         ;         ;         ;         ;         ;         ;         ;         
;95% UL;0.00008479;0.00024519;0.00062269;0.00160611;0.00391574;0.00772201;0.01203250;0.01537380;0.01785620;0.01948820;0.02061800;0.02119690;0.02114860;0.02063580;0.01982930;0.01884580;0.01779730;0.01680500;0.01595550;0.01520800;0.01450950;0.01387060;0.01329780;0.01280630;0.01228300;0.01176770;0.01109550;0.01040180;0.00984316;0.00925933;0.00876518;0.00807876;0.00721000;0.00665713;0.00609670;0.00552096;0.00505935;0.00459911;0.00418337;0.00384747;0.00357830;0.00333610;0.00311215;0.00293027;0.00276529;0.00261372;0.00247350;0.00234323;0.00222165;0.00210579;0.00199410;0.00188787;0.00178790;0.00169420;0.00160635;0.00152373;0.00144614;0.00137334;0.00130509;0.00124108;0.00118101;0.00112603;0.00107493;0.00102616;0.00097979;0.00093592;0.00089407;0.00085428;0.00081555;0.00077779;0.00074396;         ;         ;         ;         ;         ;         ;         ;         ;         ;         ;         ;         ;         ;         ;         
Incidence in females aged 15-49;Mean;0.00004956;0.00013583;0.00034117;0.00085195;0.00204213;0.00438191;0.00786456;0.01173160;0.01537690;0.01869760;0.02158900;0.02389620;0.02548570;0.02645890;0.02687450;0.02678520;0.02628960;0.02557510;0.02480650;0.02400630;0.02312040;0.02219220;0.02130390;0.02047170;0.01949940;0.01840870;0.01724310;0.01619740;0.01540670;0.01461670;0.01394930;0.01303550;0.01192100;0.01118520;0.01040660;0.00956016;0.00885286;0.00819186;0.00760220;0.00711157;0.00669850;0.00630712;0.00592203;0.00558536;0.00526249;0.00495477;0.00466272;0.00438576;0.00412336;0.00387165;0.00362847;0.00339761;0.00318263;0.00298323;0.00279881;0.00262809;0.00247038;0.00232498;0.00219112;0.00206777;0.00195387;0.00184838;0.00175019;0.00165766;0.00157049;0.00148844;0.00141078;0.00133727;0.00126754;0.00120154;0.00113928;         ;         ;         ;         ;         ;         ;         ;         ;         ;         ;         ;         ;         ;         ;         
;95% LL;0.00002898;0.00008876;0.00021850;0.00060207;0.00142657;0.00305214;0.00564084;0.00921391;0.01292300;0.01673230;0.02000250;0.02254810;0.02432710;0.02544360;0.02595900;0.02592210;0.02545850;0.02478230;0.02405340;0.02329070;0.02244000;0.02154610;0.02067320;0.01982080;0.01888340;0.01782690;0.01669590;0.01565720;0.01487470;0.01408800;0.01341580;0.01249850;0.01138340;0.01064310;0.00986039;0.00903920;0.00836268;0.00776643;0.00721886;0.00675589;0.00636583;0.00599448;0.00563759;0.00531404;0.00500163;0.00470336;0.00442023;0.00415195;0.00389824;0.00365567;0.00342228;0.00320155;0.00299501;0.00280456;0.00262872;0.00246624;0.00231596;0.00217515;0.00204434;0.00192404;0.00181318;0.00171070;0.00161554;0.00152607;0.00144197;0.00136404;0.00129109;0.00122208;0.00115666;0.00109480;0.00103649;         ;         ;         ;         ;         ;         ;         ;         ;         ;         ;         ;         ;         ;         ;         
;95% UL;0.00007816;0.00019855;0.00048467;0.00121819;0.00283517;0.00586150;0.00977694;0.01367170;0.01716800;0.02030830;0.02296580;0.02499370;0.02634420;0.02722050;0.02764290;0.02749940;0.02698930;0.02630460;0.02555270;0.02477550;0.02389890;0.02299740;0.02211350;0.02129060;0.02034600;0.01925770;0.01810070;0.01702710;0.01621530;0.01546280;0.01479040;0.01385450;0.01271210;0.01196720;0.01119630;0.01032790;0.00957918;0.00886821;0.00821674;0.00770510;0.00728533;0.00688966;0.00647204;0.00610373;0.00576529;0.00544784;0.00514258;0.00485028;0.00456922;0.00430188;0.00404665;0.00380166;0.00357162;0.00335671;0.00315668;0.00297045;0.00279765;0.00263774;0.00249011;0.00235374;0.00222756;0.00211048;0.00200131;0.00189827;0.00180109;0.00170953;0.00162277;0.00154074;0.00146325;0.00138985;0.00132044;         ;         ;         ;         ;         ;         ;         ;         ;         ;         ;         ;         ;         ;         ;         
Incidence in adults aged 25-49;Mean;0.00005134;0.00016355;0.00043775;0.00112535;0.00271629;0.00572156;0.00971895;0.01319000;0.01549840;0.01704110;0.01811310;0.01877510;0.01901290;0.01892070;0.01859530;0.01809580;0.01751560;0.01694830;0.01646430;0.01598290;0.01541140;0.01477910;0.01416010;0.01361250;0.01304990;0.01252350;0.01183570;0.01118330;0.01067210;0.01009550;0.00971736;0.00911665;0.00827687;0.00778836;0.00723764;0.00662763;0.00610539;0.00557845;0.00508986;0.00468408;0.00435498;0.00406590;0.00380853;0.00361128;0.00343752;0.00328102;0.00313898;0.00300732;0.00288286;0.00276315;0.00264568;0.00252937;0.00241525;0.00230393;0.00219562;0.00209054;0.00198930;0.00189250;0.00180051;0.00171292;0.00162982;0.00155115;0.00147647;0.00140415;0.00133462;0.00126825;0.00120450;0.00114358;0.00108535;0.00103020;0.00097848;         ;         ;         ;         ;         ;         ;         ;         ;         ;         ;         ;         ;         ;         ;         
;95% LL;0.00003228;0.00010511;0.00029241;0.00076904;0.00178934;0.00359203;0.00648445;0.00982903;0.01294350;0.01507000;0.01643970;0.01759940;0.01804370;0.01808340;0.01785370;0.01745620;0.01692550;0.01639790;0.01594260;0.01547810;0.01492060;0.01430070;0.01369190;0.01314540;0.01258160;0.01205870;0.01138080;0.01073900;0.01023290;0.00965909;0.00927436;0.00867242;0.00783468;0.00734838;0.00680308;0.00622271;0.00573256;0.00524423;0.00479345;0.00442140;0.00412166;0.00385828;0.00362355;0.00343991;0.00327429;0.00312470;0.00298874;0.00286264;0.00274343;0.00262881;0.00251414;0.00240025;0.00229036;0.00218342;0.00207439;0.00197306;0.00187763;0.00178642;0.00169761;0.00161485;0.00153547;0.00145836;0.00138522;0.00131452;0.00124666;0.00118197;0.00111995;0.00106077;0.00100429;0.00095119;0.00090078;         ;         ;         ;         ;         ;         ;         ;         ;         ;         ;         ;         ;         ;         ;         
;95% UL;0.00007771;0.00023284;0.00061429;0.00158976;0.00395989;0.00771459;0.01195590;0.01501690;0.01714720;0.01837050;0.01918190;0.01963900;0.01970090;0.01945620;0.01906240;0.01859230;0.01805460;0.01752460;0.01706700;0.01660620;0.01604400;0.01541440;0.01478840;0.01423750;0.01366820;0.01313530;0.01241830;0.01174220;0.01121900;0.01063510;0.01025170;0.00964002;0.00878999;0.00830020;0.00775054;0.00712324;0.00656623;0.00599626;0.00546404;0.00501874;0.00465586;0.00433853;0.00405760;0.00384630;0.00366262;0.00349858;0.00335068;0.00321414;0.00308626;0.00296669;0.00284613;0.00273415;0.00262231;0.00250698;0.00239108;0.00227846;0.00216984;0.00206590;0.00196806;0.00187500;0.00178655;0.00170271;0.00162306;0.00154584;0.00147153;0.00140055;0.00133228;0.00126695;0.00120440;0.00114505;0.00108931;         ;         ;         ;         ;         ;         ;         ;         ;         ;         ;         ;         ;         ;         ;         
Incidence in men aged 25-49;Mean;0.00007141;0.00023001;0.00061485;0.00157793;0.00379776;0.00794267;0.01332550;0.01763030;0.02008330;0.02136380;0.02193490;0.02191600;0.02134210;0.02041000;0.01932080;0.01819490;0.01715790;0.01628430;0.01562450;0.01505680;0.01447860;0.01390280;0.01337460;0.01291910;0.01246350;0.01206880;0.01144030;0.01076660;0.01021110;0.00958728;0.00915302;0.00849282;0.00758323;0.00703958;0.00645875;0.00583807;0.00533234;0.00482418;0.00436461;0.00399297;0.00369787;0.00344292;0.00321852;0.00304839;0.00289792;0.00275934;0.00263260;0.00251366;0.00240045;0.00229214;0.00218680;0.00208306;0.00198290;0.00188680;0.00179482;0.00170689;0.00162321;0.00154402;0.00146946;0.00139883;0.00133217;0.00126946;0.00121033;0.00115308;0.00109810;0.00104580;0.00099560;0.00094776;0.00090211;0.00085914;0.00081937;         ;         ;         ;         ;         ;         ;         ;         ;         ;         ;         ;         ;         ;         ;         
;95% LL;0.00004390;0.00014607;0.00041222;0.00104606;0.00236486;0.00488097;0.00849754;0.01254300;0.01602110;0.01812950;0.01942620;0.01988990;0.01970910;0.01902740;0.01816800;0.01726720;0.01636970;0.01557970;0.01497050;0.01444190;0.01388960;0.01332490;0.01279390;0.01233640;0.01188430;0.01150110;0.01089590;0.01022860;0.00966285;0.00903681;0.00860928;0.00797050;0.00707292;0.00652821;0.00595414;0.00536586;0.00490058;0.00443523;0.00402377;0.00368655;0.00341715;0.00318607;0.00298109;0.00282532;0.00268594;0.00255601;0.00243895;0.00232902;0.00222431;0.00212400;0.00202629;0.00192888;0.00183569;0.00174709;0.00166056;0.00157816;0.00149824;0.00142510;0.00135520;0.00128792;0.00122311;0.00116076;0.00110217;0.00104757;0.00099680;0.00094860;0.00090195;0.00085615;0.00081257;0.00077160;0.00073375;         ;         ;         ;         ;         ;         ;         ;         ;         ;         ;         ;         ;         ;         ;         
;95% UL;0.00010679;0.00032921;0.00087356;0.00228287;0.00551577;0.01089270;0.01668100;0.02083860;0.02304840;0.02385920;0.02403760;0.02369400;0.02282050;0.02160770;0.02027140;0.01894220;0.01775100;0.01678900;0.01618250;0.01563140;0.01502450;0.01440900;0.01384510;0.01337550;0.01292250;0.01255700;0.01194180;0.01127550;0.01072620;0.01009090;0.00965392;0.00897846;0.00803950;0.00748630;0.00688781;0.00623447;0.00569747;0.00515615;0.00466531;0.00426832;0.00395272;0.00367889;0.00343688;0.00325428;0.00309209;0.00294213;0.00280459;0.00267547;0.00255276;0.00243571;0.00232233;0.00221116;0.00210416;0.00200176;0.00190391;0.00181050;0.00172168;0.00163766;0.00155855;0.00148358;0.00141277;0.00134607;0.00128308;0.00122204;0.00116336;0.00110748;0.00105381;0.00100476;0.00095828;0.00091451;0.00087401;         ;         ;         ;         ;         ;         ;         ;         ;         ;         ;         ;         ;         ;         ;         
Incidence in women aged 25-49;Mean;0.00003165;0.00009848;0.00026479;0.00068488;0.00166870;0.00358382;0.00631112;0.00902794;0.01124040;0.01306200;0.01462160;0.01592200;0.01691290;0.01758460;0.01794630;0.01800910;0.01784220;0.01755970;0.01724820;0.01686080;0.01631110;0.01564000;0.01494730;0.01432120;0.01366110;0.01300670;0.01226340;0.01164040;0.01118420;0.01066650;0.01035790;0.00983070;0.00907629;0.00865624;0.00814444;0.00755017;0.00701091;0.00646298;0.00594039;0.00549384;0.00512334;0.00479211;0.00449349;0.00426137;0.00405699;0.00387585;0.00371219;0.00356190;0.00342071;0.00328435;0.00314977;0.00301614;0.00288356;0.00275273;0.00262411;0.00249823;0.00237615;0.00225882;0.00214683;0.00204004;0.00193851;0.00184213;0.00175032;0.00166153;0.00157623;0.00149473;0.00141650;0.00134171;0.00127024;0.00120232;0.00113816;         ;         ;         ;         ;         ;         ;         ;         ;         ;         ;         ;         ;         ;         ;         
;95% LL;0.00001859;0.00006442;0.00017225;0.00048274;0.00115283;0.00244901;0.00452123;0.00708266;0.00965296;0.01192290;0.01364720;0.01515080;0.01613070;0.01685560;0.01719120;0.01724460;0.01708000;0.01680560;0.01650370;0.01613450;0.01560690;0.01496710;0.01431220;0.01372400;0.01310580;0.01249250;0.01176410;0.01113950;0.01066660;0.01014960;0.00984523;0.00933179;0.00859652;0.00818218;0.00767642;0.00709822;0.00658276;0.00606609;0.00557621;0.00516585;0.00483451;0.00452873;0.00424932;0.00402736;0.00383529;0.00366849;0.00351784;0.00337937;0.00324851;0.00312159;0.00298781;0.00285721;0.00272675;0.00259720;0.00247072;0.00234772;0.00222911;0.00211566;0.00200787;0.00190546;0.00180726;0.00171049;0.00162095;0.00153679;0.00145431;0.00137625;0.00130248;0.00123145;0.00116232;0.00109513;0.00103187;         ;         ;         ;         ;         ;         ;         ;         ;         ;         ;         ;         ;         ;         ;         
;95% UL;0.00004956;0.00014133;0.00037079;0.00097891;0.00232619;0.00478453;0.00782684;0.01041690;0.01240170;0.01406360;0.01549090;0.01669710;0.01764570;0.01833490;0.01862770;0.01872560;0.01858160;0.01835000;0.01804800;0.01768730;0.01713590;0.01646480;0.01578650;0.01517050;0.01450910;0.01384380;0.01307940;0.01244030;0.01196360;0.01145090;0.01114110;0.01060120;0.00982753;0.00940594;0.00888866;0.00826640;0.00768417;0.00708491;0.00650821;0.00601178;0.00559781;0.00522817;0.00489575;0.00464172;0.00442005;0.00422486;0.00407252;0.00393625;0.00379604;0.00365467;0.00351437;0.00337414;0.00323400;0.00310042;0.00296844;0.00283704;0.00270767;0.00258171;0.00246012;0.00234308;0.00223092;0.00212370;0.00202088;0.00192089;0.00182441;0.00173188;0.00164278;0.00155738;0.00147554;0.00139757;0.00132368;         ;         ;         ;         ;         ;         ;         ;         ;         ;         ;         ;         ;         ;         ;         
Incidence in adults aged 50+;Mean;0.00000466;0.00001616;0.00004381;0.00011242;0.00026991;0.00056618;0.00096113;0.00130559;0.00154364;0.00172357;0.00188107;0.00202267;0.00214268;0.00224497;0.00233507;0.00241463;0.00248964;0.00256866;0.00265317;0.00272179;0.00273956;0.00270255;0.00262887;0.00254434;0.00244062;0.00232720;0.00216763;0.00205090;0.00197136;0.00189327;0.00187554;0.00182997;0.00174600;0.00173433;0.00169636;0.00162634;0.00158221;0.00153149;0.00146932;0.00141934;0.00138175;0.00134557;0.00131036;0.00129534;0.00128106;0.00126691;0.00125249;0.00123744;0.00122116;0.00120323;0.00118338;0.00116155;0.00113761;0.00111163;0.00108385;0.00105446;0.00102365;0.00099167;0.00095877;0.00092526;0.00089134;0.00085731;0.00082341;0.00079035;0.00075829;0.00072724;0.00069754;0.00066917;0.00064221;0.00061645;0.00059165;         ;         ;         ;         ;         ;         ;         ;         ;         ;         ;         ;         ;         ;         ;         
;95% LL;0.00000286;0.00001014;0.00002933;0.00007426;0.00017038;0.00034207;0.00059520;0.00088206;0.00115791;0.00139458;0.00158886;0.00175365;0.00189028;0.00200925;0.00209827;0.00218552;0.00225553;0.00234401;0.00242093;0.00248044;0.00248385;0.00244096;0.00237666;0.00229145;0.00219316;0.00209222;0.00194987;0.00184452;0.00177190;0.00169753;0.00168469;0.00164357;0.00155999;0.00154376;0.00150212;0.00143649;0.00139831;0.00135515;0.00130204;0.00125976;0.00122835;0.00119776;0.00116769;0.00115332;0.00113942;0.00112567;0.00111178;0.00109746;0.00108216;0.00106547;0.00104710;0.00102706;0.00100514;0.00098144;0.00095617;0.00092954;0.00090173;0.00087297;0.00084349;0.00081358;0.00078343;0.00075331;0.00072341;0.00069422;0.00066471;0.00063658;0.00061002;0.00058473;0.00056075;0.00053797;0.00051623;         ;         ;         ;         ;         ;         ;         ;         ;         ;         ;         ;         ;         ;         ;         
;95% UL;0.00000683;0.00002301;0.00006270;0.00016196;0.00039575;0.00078575;0.00121496;0.00156073;0.00180518;0.00196995;0.00211069;0.00223344;0.00232972;0.00240418;0.00250322;0.00257892;0.00266148;0.00279817;0.00289580;0.00297997;0.00300808;0.00298980;0.00292724;0.00285542;0.00275742;0.00264167;0.00248279;0.00235535;0.00226825;0.00218741;0.00217108;0.00212254;0.00203205;0.00202045;0.00197638;0.00189134;0.00183579;0.00177223;0.00169142;0.00162481;0.00157188;0.00152744;0.00148677;0.00146943;0.00145205;0.00143474;0.00141600;0.00139654;0.00137590;0.00135368;0.00132996;0.00130737;0.00128253;0.00125546;0.00122549;0.00119308;0.00115925;0.00112378;0.00108697;0.00104955;0.00101205;0.00097509;0.00093825;0.00090243;0.00086771;0.00083409;0.00080194;0.00077088;0.00074131;0.00071301;0.00068569;         ;         ;         ;         ;         ;         ;         ;         ;         ;         ;         ;         ;         ;         ;         
Incidence in men aged 50+;Mean;0.00000951;0.00003227;0.00008696;0.00022279;0.00053428;0.00111503;0.00186862;0.00247705;0.00282612;0.00301794;0.00312541;0.00316423;0.00312824;0.00304420;0.00294277;0.00284656;0.00277762;0.00275039;0.00276390;0.00279217;0.00279338;0.00275537;0.00268625;0.00260048;0.00248986;0.00236584;0.00218259;0.00201677;0.00188377;0.00175578;0.00169965;0.00162015;0.00150158;0.00145922;0.00139514;0.00130153;0.00123530;0.00116834;0.00109771;0.00104215;0.00100076;0.00096282;0.00092758;0.00090988;0.00089348;0.00087754;0.00086160;0.00084532;0.00082830;0.00081041;0.00079158;0.00077170;0.00075083;0.00072915;0.00070690;0.00068422;0.00066129;0.00063826;0.00061527;0.00059253;0.00057006;0.00054795;0.00052619;0.00050537;0.00048544;0.00046630;0.00044825;0.00043118;0.00041508;0.00039957;0.00038428;         ;         ;         ;         ;         ;         ;         ;         ;         ;         ;         ;         ;         ;         ;         
;95% LL;0.00000582;0.00002018;0.00005817;0.00014500;0.00032703;0.00065314;0.00111040;0.00161558;0.00205351;0.00237298;0.00256112;0.00268619;0.00273748;0.00270878;0.00265962;0.00260147;0.00255323;0.00252604;0.00253268;0.00254392;0.00252781;0.00248328;0.00241764;0.00233715;0.00223095;0.00211210;0.00194941;0.00179996;0.00168022;0.00156275;0.00151579;0.00143869;0.00133100;0.00129306;0.00123342;0.00114774;0.00109012;0.00103262;0.00097067;0.00092500;0.00089042;0.00085854;0.00082874;0.00081342;0.00079905;0.00078507;0.00077109;0.00075682;0.00074190;0.00072615;0.00070948;0.00069185;0.00067322;0.00065280;0.00063174;0.00061026;0.00058855;0.00056677;0.00054507;0.00052365;0.00050264;0.00048339;0.00046439;0.00044540;0.00042671;0.00040912;0.00039256;0.00037691;0.00036212;0.00034792;0.00033401;         ;         ;         ;         ;         ;         ;         ;         ;         ;         ;         ;         ;         ;         ;         
;95% UL;0.00001395;0.00004608;0.00012624;0.00032637;0.00078007;0.00155413;0.00237828;0.00303350;0.00339162;0.00354488;0.00360807;0.00359639;0.00349837;0.00334419;0.00317151;0.00302927;0.00297477;0.00299762;0.00305212;0.00312797;0.00316422;0.00314689;0.00308616;0.00299463;0.00287426;0.00273904;0.00253225;0.00234404;0.00219140;0.00205647;0.00200486;0.00192387;0.00179585;0.00175404;0.00168724;0.00157637;0.00149118;0.00140379;0.00131205;0.00123872;0.00118216;0.00113039;0.00108312;0.00106004;0.00103911;0.00101911;0.00099941;0.00097960;0.00095926;0.00093825;0.00091650;0.00089305;0.00086875;0.00084381;0.00081846;0.00079283;0.00076711;0.00074142;0.00071590;0.00068943;0.00066312;0.00063768;0.00061481;0.00059286;0.00057066;0.00054932;0.00052956;0.00051119;0.00049388;0.00047711;0.00046036;         ;         ;         ;         ;         ;         ;         ;         ;         ;         ;         ;         ;         ;         ;         
Incidence in women aged 50+;Mean;0.00000055;0.00000266;0.00000806;0.00002191;0.00005517;0.00012430;0.00023819;0.00038247;0.00054326;0.00072332;0.00092764;0.00115470;0.00139819;0.00164493;0.00188137;0.00209404;0.00227715;0.00243504;0.00257198;0.00267031;0.00270025;0.00266403;0.00258716;0.00250364;0.00240501;0.00229931;0.00215684;0.00207535;0.00203388;0.00199112;0.00200045;0.00197876;0.00191920;0.00192931;0.00191006;0.00185733;0.00182975;0.00179200;0.00173793;0.00169442;0.00166246;0.00163080;0.00159918;0.00159015;0.00158189;0.00157399;0.00156607;0.00155763;0.00154778;0.00153565;0.00152056;0.00150251;0.00148086;0.00145558;0.00142677;0.00139464;0.00135940;0.00132139;0.00128101;0.00123870;0.00119493;0.00115028;0.00110528;0.00106074;0.00101705;0.00097445;0.00093328;0.00089369;0.00085583;0.00081971;0.00078529;         ;         ;         ;         ;         ;         ;         ;         ;         ;         ;         ;         ;         ;         ;         
;95% LL;0.00000031;0.00000170;0.00000517;0.00001498;0.00003825;0.00008528;0.00016916;0.00028920;0.00043159;0.00059082;0.00077073;0.00097911;0.00119964;0.00143402;0.00165347;0.00184995;0.00203683;0.00218438;0.00231185;0.00240488;0.00242903;0.00238425;0.00231327;0.00223859;0.00215299;0.00205661;0.00191612;0.00184392;0.00180812;0.00177247;0.00178495;0.00176022;0.00170239;0.00171325;0.00169208;0.00164309;0.00161966;0.00158815;0.00153943;0.00150368;0.00147802;0.00144716;0.00142152;0.00141265;0.00140396;0.00139545;0.00138696;0.00137812;0.00136813;0.00135564;0.00134062;0.00132308;0.00130242;0.00127863;0.00125184;0.00122227;0.00119012;0.00115572;0.00111944;0.00108169;0.00104290;0.00100357;0.00096414;0.00092514;0.00088698;0.00084993;0.00081396;0.00077897;0.00074561;0.00071397;0.00068409;         ;         ;         ;         ;         ;         ;         ;         ;         ;         ;         ;         ;         ;         ;         
;95% UL;0.00000087;0.00000387;0.00001143;0.00003016;0.00007571;0.00016853;0.00030420;0.00046091;0.00064259;0.00084421;0.00106150;0.00130455;0.00156786;0.00183157;0.00208115;0.00230275;0.00249098;0.00265127;0.00279416;0.00291625;0.00296288;0.00294760;0.00287973;0.00280450;0.00271139;0.00261871;0.00246387;0.00237158;0.00232815;0.00227750;0.00228828;0.00226464;0.00220084;0.00221288;0.00219243;0.00212797;0.00209338;0.00204271;0.00197436;0.00192098;0.00187946;0.00184105;0.00180242;0.00179045;0.00177729;0.00176484;0.00175373;0.00174467;0.00173304;0.00171772;0.00170011;0.00167918;0.00165677;0.00163039;0.00159875;0.00156292;0.00152427;0.00148238;0.00143884;0.00139367;0.00134618;0.00129765;0.00124976;0.00120241;0.00115362;0.00110653;0.00106159;0.00101832;0.00097690;0.00093742;0.00089997;         ;         ;         ;         ;         ;         ;         ;         ;         ;         ;         ;         ;         ;         ;         
HIV incidence in female sex workers;Mean;0.00122323;0.00398840;0.01073240;0.02749800;0.06515370;0.13200700;0.21018000;0.27474700;0.31244200;0.33512700;0.34772500;0.35062800;0.33917200;0.31961000;0.29415200;0.26610400;0.23941400;0.21760100;0.20067300;0.18859200;0.17991600;0.17351600;0.16823700;0.16414200;0.15985400;0.15627500;0.15133700;0.14705000;0.14308600;0.13690500;0.13322300;0.12305100;0.11183900;0.10615800;0.09955760;0.09476590;0.08891990;0.08194330;0.07587340;0.07081100;0.06652710;0.06246340;0.05860840;0.05540270;0.05215730;0.04913790;0.04633520;0.04373590;0.04132770;0.03907900;0.03696370;0.03496880;0.03309080;0.03132070;0.02964860;0.02806470;0.02656340;0.02514010;0.02379090;0.02251210;0.02130020;0.02015140;0.01906200;0.01803030;0.01705300;0.01612770;0.01525230;0.01442460;0.01364290;0.01290540;0.01220950;         ;         ;         ;         ;         ;         ;         ;         ;         ;         ;         ;         ;         ;         ;         
;95% LL;0.00071952;0.00258663;0.00715210;0.01762680;0.04051900;0.07990650;0.12979800;0.18439500;0.22743000;0.25546800;0.26822400;0.26941000;0.26101700;0.24539000;0.22495800;0.20277200;0.18253500;0.16580700;0.15300000;0.14403100;0.13772400;0.13314300;0.12935300;0.12642400;0.12326000;0.12054400;0.11674400;0.11392400;0.11152500;0.10728800;0.10448700;0.09708560;0.08806770;0.08362360;0.07818110;0.07413910;0.06915500;0.06386340;0.05922950;0.05533680;0.05203030;0.04887290;0.04585970;0.04335040;0.04078460;0.03840120;0.03619030;0.03414020;0.03224050;0.03046590;0.02879570;0.02721980;0.02573570;0.02433630;0.02301390;0.02174920;0.02054680;0.01940710;0.01833700;0.01733380;0.01638060;0.01548460;0.01463240;0.01381540;0.01304180;0.01230950;0.01161710;0.01096280;0.01034530;0.00976313;0.00922093;         ;         ;         ;         ;         ;         ;         ;         ;         ;         ;         ;         ;         ;         ;         
;95% UL;0.00192826;0.00612127;0.01688920;0.04360140;0.10296700;0.20360400;0.30686600;0.38873300;0.43444800;0.46500400;0.48373600;0.48941000;0.47480600;0.44844400;0.41356200;0.37462800;0.33717400;0.30640200;0.28215100;0.26477800;0.25229600;0.24306800;0.23541200;0.22947700;0.22335900;0.21796200;0.21066900;0.20377300;0.19781400;0.18900000;0.18365000;0.16871900;0.15292800;0.14500800;0.13603700;0.12943400;0.12131200;0.11164100;0.10324300;0.09625490;0.09034640;0.08476600;0.07949060;0.07512340;0.07069630;0.06657960;0.06275980;0.05921840;0.05593860;0.05287760;0.05000100;0.04729100;0.04474220;0.04234250;0.04007830;0.03793640;0.03590890;0.03398930;0.03217180;0.03045130;0.02882270;0.02728030;0.02581940;0.02443670;0.02312790;0.02188930;0.02071790;0.01961050;0.01856460;0.01757780;0.01664650;         ;         ;         ;         ;         ;         ;         ;         ;         ;         ;         ;         ;         ;         ;         
HIV incidence in FSW clients;Mean;0.00015853;0.00049591;0.00130881;0.00334509;0.00806763;0.01703950;0.02923040;0.04017180;0.04809630;0.05400360;0.05843890;0.06128280;0.06233340;0.06193900;0.06053260;0.05844980;0.05609580;0.05373150;0.05173490;0.04994630;0.04816650;0.04642520;0.04481240;0.04335980;0.04171420;0.04001920;0.03772890;0.03540800;0.03347230;0.03143220;0.02970190;0.02727170;0.02420820;0.02223730;0.02026540;0.01827230;0.01667540;0.01509240;0.01365610;0.01248370;0.01153480;0.01068930;0.00991546;0.00928328;0.00870764;0.00817426;0.00767618;0.00720938;0.00677041;0.00635480;0.00595910;0.00558576;0.00523857;0.00491717;0.00461945;0.00434289;0.00408606;0.00384745;0.00362578;0.00341977;0.00322801;0.00304926;0.00288241;0.00272656;0.00258085;0.00244448;0.00231677;0.00219705;0.00208477;0.00197939;0.00188035;         ;         ;         ;         ;         ;         ;         ;         ;         ;         ;         ;         ;         ;         ;         
;95% LL;0.00009948;0.00031756;0.00087746;0.00224063;0.00524829;0.01055530;0.01908850;0.02908830;0.03836000;0.04559250;0.05051070;0.05445230;0.05624450;0.05656350;0.05586550;0.05422490;0.05212140;0.04998360;0.04818080;0.04655390;0.04490500;0.04321350;0.04163290;0.04022030;0.03865540;0.03703660;0.03487290;0.03270340;0.03082700;0.02887180;0.02720920;0.02490620;0.02203780;0.02014740;0.01830530;0.01647190;0.01504130;0.01363310;0.01235920;0.01132230;0.01048450;0.00974131;0.00905961;0.00848434;0.00796895;0.00748854;0.00703770;0.00660901;0.00619779;0.00580875;0.00543868;0.00510096;0.00477774;0.00447560;0.00419600;0.00393656;0.00369871;0.00348144;0.00327773;0.00309080;0.00291678;0.00275451;0.00260299;0.00246139;0.00232876;0.00220374;0.00208508;0.00197393;0.00186974;0.00177203;0.00167891;         ;         ;         ;         ;         ;         ;         ;         ;         ;         ;         ;         ;         ;         ;         
;95% UL;0.00023986;0.00071932;0.00183746;0.00476736;0.01177970;0.02375490;0.03674750;0.04664280;0.05454490;0.06000510;0.06413770;0.06674870;0.06747890;0.06664420;0.06471760;0.06208720;0.05921350;0.05639880;0.05404120;0.05242910;0.05083230;0.04909800;0.04751160;0.04603170;0.04423190;0.04225260;0.03977950;0.03739200;0.03542100;0.03330920;0.03152140;0.02897050;0.02574880;0.02369800;0.02163270;0.01953490;0.01783890;0.01614770;0.01460600;0.01334350;0.01231630;0.01139560;0.01055010;0.00986287;0.00923837;0.00866096;0.00812342;0.00762114;0.00715033;0.00671115;0.00630144;0.00591369;0.00555238;0.00521751;0.00491002;0.00462463;0.00435934;0.00411274;0.00388215;0.00366546;0.00346459;0.00327753;0.00310310;0.00294036;0.00278832;0.00264612;0.00251300;0.00238655;0.00226819;0.00215840;0.00205603;         ;         ;         ;         ;         ;         ;         ;         ;         ;         ;         ;         ;         ;         ;         
Incidence in men who have sex with men;Mean;0.00023692;0.00051190;0.00096696;0.00183485;0.00353122;0.00681877;0.01307370;0.02301630;0.03618680;0.05030820;0.06237660;0.07060790;0.07528090;0.07718140;0.07710820;0.07561300;0.07319540;0.07020320;0.06728560;0.06453480;0.06182260;0.05921960;0.05662760;0.05428820;0.05164860;0.04872990;0.04569650;0.04329860;0.04147590;0.03961800;0.03800320;0.03523410;0.03071190;0.02701590;0.02444570;0.02263380;0.02133780;0.01987140;0.01847030;0.01742530;0.01656410;0.01577630;0.01503150;0.01438600;0.01378580;0.01322080;0.01268130;0.01215730;0.01163950;0.01112320;0.01060830;0.01010450;0.00962095;0.00916235;0.00873050;0.00832525;0.00794605;0.00759221;0.00726298;0.00695691;0.00667269;0.00640917;0.00616480;0.00593542;0.00572069;0.00552041;0.00533234;0.00515587;0.00498944;0.00483309;0.00468737;         ;         ;         ;         ;         ;         ;         ;         ;         ;         ;         ;         ;         ;         ;         
;95% LL;0.00013477;0.00028567;0.00052315;0.00098399;0.00193430;0.00393982;0.00813289;0.01549350;0.02640190;0.03987450;0.05345240;0.06449730;0.07202460;0.07499420;0.07507850;0.07296290;0.07022820;0.06718450;0.06428840;0.06163680;0.05906330;0.05659340;0.05412170;0.05189880;0.04940860;0.04664920;0.04377250;0.04149210;0.03975260;0.03796590;0.03648760;0.03376520;0.02927880;0.02558780;0.02307010;0.02132000;0.02011680;0.01876080;0.01748030;0.01655200;0.01580230;0.01512020;0.01447430;0.01390270;0.01335120;0.01282560;0.01229920;0.01178570;0.01127640;0.01076720;0.01026220;0.00976676;0.00929034;0.00883766;0.00841072;0.00800949;0.00763358;0.00728240;0.00695533;0.00664705;0.00635934;0.00609247;0.00584487;0.00561670;0.00539807;0.00519584;0.00500643;0.00482883;0.00466145;0.00450430;0.00435783;         ;         ;         ;         ;         ;         ;         ;         ;         ;         ;         ;         ;         ;         ;         
;95% UL;0.00042246;0.00094218;0.00180900;0.00342583;0.00643471;0.01181640;0.02169840;0.03586010;0.05174970;0.06533560;0.07408830;0.07741860;0.07871120;0.07932160;0.07883730;0.07737460;0.07507320;0.07228170;0.06941090;0.06665590;0.06392490;0.06128890;0.05864600;0.05624020;0.05349280;0.05042460;0.04726470;0.04477620;0.04289230;0.04097320;0.03928000;0.03652310;0.03209050;0.02840230;0.02578340;0.02387240;0.02244800;0.02085610;0.01932860;0.01816130;0.01718040;0.01627720;0.01542390;0.01477540;0.01414580;0.01360340;0.01305160;0.01252440;0.01203320;0.01152610;0.01102970;0.01056760;0.01012490;0.00970242;0.00928354;0.00886854;0.00851229;0.00818258;0.00787586;0.00758021;0.00730390;0.00704810;0.00681118;0.00658870;0.00638039;0.00618564;0.00599943;0.00582431;0.00565870;0.00550282;0.00536059;         ;         ;         ;         ;         ;         ;         ;         ;         ;         ;         ;         ;         ;         ;         
Incidence in pregnant and breastfeeding women;Mean;0.00004519;0.00013515;0.00033894;0.00084889;0.00207484;0.00464984;0.00883194;0.01384090;0.01866160;0.02311360;0.02709030;0.03051710;0.03279230;0.03421910;0.03486550;0.03481090;0.03417400;0.03359300;0.03284530;0.03208400;0.03122710;0.03027870;0.02923270;0.02821240;0.02715790;0.02571880;0.02418580;0.02259390;0.02125150;0.02005920;0.01903470;0.01773200;0.01610130;0.01493750;0.01385560;0.01269860;0.01163910;0.01073880;0.00992193;0.00925289;0.00867901;0.00815050;0.00764232;0.00719286;0.00677008;0.00636851;0.00598635;0.00562091;0.00527098;0.00493368;0.00460568;0.00429167;0.00399896;0.00372764;0.00347638;0.00324309;0.00302700;0.00282730;0.00264341;0.00247427;0.00231870;0.00217560;0.00204388;0.00192257;0.00181079;0.00170775;0.00161266;0.00152477;0.00144334;0.00136775;0.00129742;         ;         ;         ;         ;         ;         ;         ;         ;         ;         ;         ;         ;         ;         ;         
;95% LL;0.00002557;0.00008581;0.00021880;0.00058616;0.00142792;0.00322178;0.00621136;0.01054940;0.01531230;0.02040230;0.02483560;0.02862190;0.03115580;0.03277330;0.03359530;0.03360400;0.03300300;0.03246160;0.03175370;0.03102670;0.03020110;0.02928310;0.02826500;0.02728690;0.02628510;0.02487140;0.02338770;0.02184540;0.02048950;0.01930490;0.01829040;0.01700600;0.01539910;0.01424460;0.01316900;0.01202840;0.01100120;0.01014730;0.00938304;0.00876362;0.00822355;0.00772595;0.00724413;0.00681601;0.00640655;0.00601830;0.00565050;0.00529890;0.00496259;0.00463912;0.00432552;0.00402619;0.00374777;0.00349026;0.00325235;0.00303199;0.00282831;0.00264011;0.00246504;0.00230324;0.00215336;0.00201571;0.00188920;0.00177284;0.00166575;0.00156712;0.00147698;0.00139429;0.00131764;0.00124647;0.00118023;         ;         ;         ;         ;         ;         ;         ;         ;         ;         ;         ;         ;         ;         ;         
;95% UL;0.00007343;0.00020154;0.00049032;0.00121435;0.00288655;0.00633904;0.01123110;0.01641590;0.02108040;0.02532730;0.02903090;0.03212010;0.03400890;0.03531800;0.03590700;0.03578660;0.03520220;0.03464240;0.03392760;0.03318670;0.03235850;0.03145560;0.03042970;0.02944850;0.02842330;0.02697720;0.02541650;0.02379210;0.02242880;0.02122880;0.02024370;0.01889640;0.01724860;0.01607090;0.01498090;0.01380080;0.01270710;0.01177160;0.01091960;0.01021980;0.00955758;0.00893948;0.00839769;0.00792792;0.00748369;0.00706094;0.00666672;0.00628734;0.00592137;0.00556411;0.00520333;0.00486227;0.00454066;0.00423944;0.00395781;0.00369409;0.00344810;0.00321986;0.00301449;0.00282585;0.00265216;0.00249226;0.00234496;0.00220925;0.00208419;0.00196892;0.00186122;0.00176150;0.00166942;0.00158423;0.00150522;         ;         ;         ;         ;         ;         ;         ;         ;         ;         ;         ;         ;         ;         ;         
Ratio of new infections to # people living with HIV;Mean;0.58297400;1.10042000;1.40217000;1.53433000;1.51209000;1.33127000;1.04345000;0.76232300;0.56488000;0.43911300;0.35486900;0.29394200;0.24751400;0.21189300;0.18436400;0.16202000;0.14407200;0.12938800;0.11780700;0.10880900;0.10052000;0.09273060;0.08536020;0.07800120;0.07074430;0.06446990;0.05864020;0.05376620;0.04983810;0.04586200;0.04269410;0.03896700;0.03488290;0.03230200;0.02979460;0.02728730;0.02533510;0.02351290;0.02189100;0.02059020;0.01954300;0.01858800;0.01768160;0.01695590;0.01628180;0.01564850;0.01504850;0.01447610;0.01392370;0.01338500;0.01285420;0.01234040;0.01185740;0.01140730;0.01098860;0.01059790;0.01023440;0.00989671;0.00958373;0.00929358;0.00902405;0.00877319;0.00853925;0.00832077;0.00811660;0.00792577;0.00774726;0.00758025;0.00742407;0.00727827;0.00714223;         ;         ;         ;         ;         ;         ;         ;         ;         ;         ;         ;         ;         ;         ;         
;95% LL;0.53824500;0.90076400;1.08047000;1.16066000;1.15530000;1.08981000;0.91270800;0.66442000;0.49550000;0.39203300;0.32339800;0.27118800;0.23034000;0.19867900;0.17401100;0.15379400;0.13743400;0.12394100;0.11324500;0.10488300;0.09715370;0.08984770;0.08289550;0.07590260;0.06896970;0.06297310;0.05739290;0.05275810;0.04889050;0.04496220;0.04181330;0.03808200;0.03400460;0.03141100;0.02885230;0.02638170;0.02451050;0.02280630;0.02130280;0.02011300;0.01913190;0.01821740;0.01735050;0.01663100;0.01595740;0.01531910;0.01472720;0.01415310;0.01359310;0.01304470;0.01250580;0.01199700;0.01151410;0.01106070;0.01064440;0.01026300;0.00990917;0.00957108;0.00925641;0.00896263;0.00869392;0.00844125;0.00820547;0.00798508;0.00777889;0.00758589;0.00740264;0.00722853;0.00706495;0.00691187;0.00676861;         ;         ;         ;         ;         ;         ;         ;         ;         ;         ;         ;         ;         ;         ;         
;95% UL;0.61664600;1.26820000;1.69966000;1.88827000;1.80682000;1.53808000;1.17158000;0.87103700;0.65043500;0.50715700;0.40645400;0.33164300;0.27655600;0.23277700;0.19995300;0.17441300;0.15404300;0.13766700;0.12488800;0.11488700;0.10562400;0.09702020;0.08887450;0.08099150;0.07326530;0.06652550;0.06029110;0.05524910;0.05121880;0.04720050;0.04396480;0.04019750;0.03610580;0.03352590;0.03104040;0.02848750;0.02643340;0.02448630;0.02274050;0.02133140;0.02025640;0.01927800;0.01837970;0.01764520;0.01696050;0.01632280;0.01572460;0.01516390;0.01462190;0.01408940;0.01356010;0.01304380;0.01255610;0.01209310;0.01165420;0.01124290;0.01085910;0.01050200;0.01017090;0.00986430;0.00958015;0.00931652;0.00907166;0.00884411;0.00863272;0.00843649;0.00825432;0.00808527;0.00793346;0.00779386;0.00766423;         ;         ;         ;         ;         ;         ;         ;         ;         ;         ;         ;         ;         ;         ;         
Ratio of new infections in women 15+, to # men 15+ living with HIV;Mean;0.56276600;0.98103000;1.14555000;1.19108000;1.15182000;1.02113000;0.83462100;0.64500100;0.51086800;0.42350400;0.36257800;0.31606300;0.27929500;0.24966700;0.22530500;0.20468200;0.18718400;0.17189700;0.15966200;0.14962200;0.14076400;0.13263100;0.12519000;0.11828100;0.11065500;0.10253600;0.09400020;0.08681520;0.08094010;0.07524580;0.07063030;0.06510000;0.05897070;0.05511730;0.05126720;0.04731180;0.04423420;0.04145520;0.03901910;0.03709470;0.03556820;0.03415580;0.03276740;0.03165630;0.03059730;0.02959140;0.02862680;0.02769710;0.02678690;0.02588790;0.02499110;0.02411800;0.02329970;0.02254030;0.02183860;0.02118840;0.02058890;0.02003790;0.01953400;0.01907320;0.01865130;0.01826430;0.01790850;0.01758070;0.01727870;0.01700070;0.01674440;0.01650830;0.01629100;0.01609190;0.01590990;         ;         ;         ;         ;         ;         ;         ;         ;         ;         ;         ;         ;         ;         ;         
;95% LL;0.52716100;0.84934500;0.95511800;0.98737600;0.96574100;0.88904200;0.73027100;0.57009700;0.44601000;0.37464000;0.32598900;0.28572900;0.25414200;0.22869900;0.20769300;0.18979000;0.17449100;0.16099000;0.15014200;0.14122600;0.13331200;0.12598000;0.11921900;0.11289400;0.10583300;0.09825730;0.09028160;0.08358410;0.07811340;0.07264090;0.06823990;0.06290700;0.05697840;0.05321400;0.04949500;0.04564710;0.04265340;0.03994940;0.03759470;0.03568190;0.03416660;0.03265380;0.03118240;0.03003360;0.02895460;0.02793980;0.02697500;0.02605260;0.02515730;0.02428170;0.02341740;0.02258290;0.02180410;0.02108370;0.02041970;0.01980570;0.01923990;0.01871970;0.01824350;0.01780720;0.01740660;0.01703800;0.01669810;0.01638370;0.01609270;0.01582360;0.01557420;0.01534330;0.01512950;0.01493250;0.01475110;         ;         ;         ;         ;         ;         ;         ;         ;         ;         ;         ;         ;         ;         ;         
;95% UL;0.59768700;1.10263000;1.31262000;1.34815000;1.27330000;1.14919000;0.95830200;0.76681100;0.62729100;0.52410400;0.44173600;0.37606600;0.32617100;0.28831900;0.25633000;0.22953400;0.20734400;0.18917700;0.17470700;0.16286000;0.15246800;0.14306500;0.13454100;0.12664400;0.11803800;0.10905700;0.09978490;0.09207760;0.08565060;0.07957640;0.07455150;0.06872270;0.06225180;0.05837640;0.05434080;0.05025400;0.04708750;0.04417140;0.04158960;0.03961780;0.03807590;0.03666830;0.03528990;0.03420750;0.03317930;0.03220090;0.03125790;0.03034250;0.02943600;0.02852690;0.02760350;0.02669130;0.02582820;0.02502090;0.02426990;0.02356970;0.02292120;0.02232330;0.02177600;0.02127570;0.02081860;0.02040060;0.02001810;0.01966790;0.01934780;0.01905610;0.01879400;0.01857030;0.01836740;0.01818450;0.01802060;         ;         ;         ;         ;         ;         ;         ;         ;         ;         ;         ;         ;         ;         ;         
Ratio of new infections in men 15+, to # women 15+ living with HIV;Mean;0.52262600;1.14476000;1.63972000;1.92058000;1.94254000;1.69888000;1.26845000;0.86434200;0.58730300;0.41854800;0.31218200;0.24026700;0.18911200;0.15197000;0.12467600;0.10426500;0.08897340;0.07758020;0.06919480;0.06279700;0.05766710;0.05336060;0.04971560;0.04655150;0.04341390;0.04045820;0.03710740;0.03386400;0.03116520;0.02855510;0.02642780;0.02386190;0.02092180;0.01905800;0.01727290;0.01555900;0.01425020;0.01298390;0.01185870;0.01097180;0.01028010;0.00967188;0.00911867;0.00868913;0.00830517;0.00795546;0.00763151;0.00732863;0.00704113;0.00676416;0.00649417;0.00623410;0.00598916;0.00576054;0.00554728;0.00534760;0.00516103;0.00498688;0.00482460;0.00467344;0.00453236;0.00440045;0.00427700;0.00416150;0.00405344;0.00395235;0.00385787;0.00376966;0.00368745;0.00361096;0.00353983;         ;         ;         ;         ;         ;         ;         ;         ;         ;         ;         ;         ;         ;         ;         
;95% LL;0.44441800;0.83919800;1.08799000;1.23244000;1.27904000;1.19106000;1.00896000;0.71385000;0.48970500;0.35540600;0.26967500;0.21045900;0.16767400;0.13626800;0.11295300;0.09535380;0.08205590;0.07207950;0.06470830;0.05907120;0.05453060;0.05058740;0.04724130;0.04433140;0.04140860;0.03862710;0.03534210;0.03227370;0.02973830;0.02723180;0.02521360;0.02273480;0.01991020;0.01808580;0.01632050;0.01466500;0.01343540;0.01225830;0.01121700;0.01039800;0.00976647;0.00918630;0.00866319;0.00823981;0.00786649;0.00753203;0.00721738;0.00691700;0.00663228;0.00636313;0.00610277;0.00584994;0.00561414;0.00539428;0.00518954;0.00499827;0.00482001;0.00465404;0.00449814;0.00434937;0.00421306;0.00408717;0.00396953;0.00384990;0.00373826;0.00363824;0.00354460;0.00345697;0.00337507;0.00329863;0.00322729;         ;         ;         ;         ;         ;         ;         ;         ;         ;         ;         ;         ;         ;         ;         
;95% UL;0.58503400;1.39621000;2.14867000;2.58439000;2.49014000;2.15193000;1.54699000;0.99106500;0.67320500;0.48079500;0.35711500;0.27010700;0.20931000;0.16634600;0.13511700;0.11243100;0.09542060;0.08298220;0.07372980;0.06663990;0.06095620;0.05623550;0.05224530;0.04876990;0.04527150;0.04205770;0.03844000;0.03496370;0.03218580;0.02954130;0.02738640;0.02477750;0.02178180;0.01989740;0.01808020;0.01630730;0.01493970;0.01361010;0.01242460;0.01148800;0.01075410;0.01010580;0.00951518;0.00906069;0.00865594;0.00828812;0.00794820;0.00763111;0.00733089;0.00704255;0.00676240;0.00649331;0.00624038;0.00600453;0.00578459;0.00557852;0.00538574;0.00520545;0.00503706;0.00487977;0.00473250;0.00459436;0.00446463;0.00434779;0.00423957;0.00413772;0.00404231;0.00395299;0.00387188;0.00379775;0.00372906;         ;         ;         ;         ;         ;         ;         ;         ;         ;         ;         ;         ;         ;         ;         
New cases of mother-to-child transmission;Mean;61.76580000;127.09900000;277.64100000;647.95800000;1542.18000000;3504.76000000;7140.12000000;12569.00000000;19320.00000000;26947.20000000;35016.20000000;43080.00000000;50146.10000000;56699.30000000;63473.90000000;68348.30000000;72126.60000000;74282.60000000;75004.30000000;76338.00000000;73591.40000000;67914.50000000;59593.10000000;47000.30000000;34284.00000000;26110.50000000;21930.70000000;19995.30000000;18739.80000000;16119.50000000;14235.90000000;12421.20000000;11170.90000000;10299.30000000;9611.04000000;8918.01000000;8268.22000000;7729.40000000;7237.19000000;6812.22000000;6438.41000000;6100.77000000;5781.91000000;5502.56000000;5252.70000000;5014.27000000;4784.23000000;4561.26000000;4343.97000000;4130.59000000;3919.04000000;3709.76000000;3505.46000000;3307.67000000;3116.87000000;2933.04000000;2756.45000000;2587.48000000;2426.61000000;2274.21000000;2130.54000000;1995.70000000;1869.65000000;1752.22000000;1643.18000000;1542.23000000;1448.90000000;1362.65000000;1282.99000000;1209.45000000;1141.55000000;         ;         ;         ;         ;         ;         ;         ;         ;         ;         ;         ;         ;         ;         ;         
;95% LL;35.35460000;76.67940000;180.56400000;425.51200000;1114.27000000;2495.04000000;5189.07000000;9605.22000000;15568.70000000;22856.50000000;30832.80000000;38902.70000000;46245.00000000;53069.20000000;59933.10000000;64920.80000000;68969.60000000;71375.60000000;72005.10000000;73427.20000000;70953.40000000;65691.30000000;57726.80000000;45560.20000000;33307.40000000;25409.80000000;21346.00000000;19401.30000000;18116.00000000;15587.80000000;13765.80000000;12005.40000000;10766.50000000;9891.11000000;9192.96000000;8499.94000000;7862.19000000;7344.90000000;6877.17000000;6476.38000000;6125.40000000;5808.35000000;5507.99000000;5241.61000000;5000.38000000;4769.18000000;4545.84000000;4329.37000000;4118.58000000;3911.82000000;3707.18000000;3503.70000000;3304.22000000;3114.63000000;2932.39000000;2757.38000000;2588.22000000;2425.55000000;2271.01000000;2124.87000000;1986.18000000;1856.14000000;1734.78000000;1623.99000000;1522.48000000;1426.47000000;1337.80000000;1255.92000000;1180.35000000;1110.66000000;1046.59000000;         ;         ;         ;         ;         ;         ;         ;         ;         ;         ;         ;         ;         ;         ;         
;95% UL;103.74600000;200.60300000;409.53900000;903.86700000;2166.29000000;4740.68000000;9278.60000000;15305.70000000;22650.20000000;30637.90000000;38841.70000000;46728.30000000;53577.20000000;59849.40000000;66685.80000000;71285.90000000;75008.30000000;77168.10000000;77859.30000000;79069.40000000;76317.10000000;70517.90000000;62000.70000000;48837.20000000;35605.30000000;27131.90000000;22791.10000000;20822.50000000;19558.40000000;16862.90000000;14941.70000000;13089.40000000;11822.50000000;10952.20000000;10277.70000000;9573.91000000;8894.60000000;8331.14000000;7815.15000000;7370.75000000;6982.59000000;6635.50000000;6293.31000000;6002.39000000;5749.17000000;5505.64000000;5265.62000000;5035.00000000;4818.47000000;4602.78000000;4385.39000000;4166.80000000;3950.41000000;3738.33000000;3531.46000000;3330.10000000;3134.94000000;2946.79000000;2766.53000000;2594.87000000;2432.43000000;2279.54000000;2136.95000000;2005.05000000;1882.46000000;1768.90000000;1663.92000000;1566.92000000;1477.36000000;1394.72000000;1318.47000000;         ;         ;         ;         ;         ;         ;         ;         ;         ;         ;         ;         ;         ;         ;         
New HIV infections at/before birth;Mean;36.21210000;68.08010000;142.63400000;325.10500000;764.52800000;1734.64000000;3583.11000000;6459.11000000;10233.60000000;14727.70000000;19711.60000000;25003.80000000;29385.20000000;34017.50000000;39185.90000000;42736.40000000;45844.70000000;47863.00000000;49166.90000000;51315.10000000;49461.30000000;45577.60000000;39664.00000000;29218.70000000;18302.60000000;12947.40000000;10837.80000000;9677.04000000;8340.26000000;6230.96000000;5348.14000000;4416.35000000;4024.89000000;3771.51000000;3520.08000000;3253.26000000;3032.76000000;2827.08000000;2636.50000000;2465.00000000;2311.34000000;2172.35000000;2043.82000000;1941.16000000;1848.50000000;1761.01000000;1677.50000000;1597.41000000;1519.84000000;1444.35000000;1370.33000000;1297.57000000;1226.28000000;1156.68000000;1088.94000000;1023.16000000;959.51700000;898.23000000;839.53600000;783.70500000;730.98700000;681.51200000;635.32900000;592.40800000;552.67800000;516.04000000;482.29200000;451.22100000;422.66600000;396.46400000;372.44100000;         ;         ;         ;         ;         ;         ;         ;         ;         ;         ;         ;         ;         ;         ;         
;95% LL;20.74730000;40.75470000;91.98620000;214.75900000;550.71800000;1241.65000000;2637.75000000;4904.24000000;8158.47000000;12360.80000000;17183.00000000;22356.40000000;26802.20000000;31471.00000000;36668.20000000;40277.40000000;43493.10000000;45711.30000000;46960.50000000;49024.90000000;47392.70000000;43747.80000000;38154.20000000;28157.80000000;17639.00000000;12482.70000000;10427.60000000;9296.58000000;8010.20000000;5989.57000000;5137.74000000;4234.88000000;3841.12000000;3573.32000000;3309.56000000;3051.56000000;2850.52000000;2666.61000000;2494.80000000;2329.30000000;2186.49000000;2058.09000000;1938.12000000;1840.26000000;1751.10000000;1662.59000000;1579.07000000;1500.74000000;1425.39000000;1352.69000000;1281.42000000;1211.43000000;1143.51000000;1077.88000000;1014.06000000;951.05200000;890.33100000;832.05600000;776.41300000;723.61600000;673.86700000;627.25900000;583.81500000;543.51800000;506.77000000;472.89900000;441.71600000;413.01900000;386.65700000;362.47700000;340.31700000;         ;         ;         ;         ;         ;         ;         ;         ;         ;         ;         ;         ;         ;         ;         
;95% UL;61.14980000;108.89700000;215.43800000;465.99300000;1069.57000000;2357.65000000;4705.97000000;7958.96000000;12077.00000000;16970.80000000;22162.90000000;27504.00000000;31736.10000000;36336.30000000;41479.10000000;44738.40000000;47897.30000000;49980.70000000;51245.60000000;53400.30000000;51460.40000000;47499.20000000;41414.10000000;30602.00000000;19156.20000000;13555.00000000;11367.90000000;10179.00000000;8808.53000000;6606.22000000;5685.59000000;4702.60000000;4301.66000000;4048.39000000;3799.27000000;3523.27000000;3293.44000000;3076.68000000;2866.05000000;2669.57000000;2500.68000000;2349.97000000;2210.60000000;2104.99000000;2012.34000000;1925.07000000;1841.62000000;1761.26000000;1682.93000000;1606.06000000;1529.91000000;1454.22000000;1379.32000000;1305.52000000;1233.07000000;1162.12000000;1092.98000000;1025.29000000;959.26700000;896.22000000;837.09100000;782.84600000;732.01800000;683.37900000;638.17100000;596.45600000;558.03500000;522.68400000;490.23500000;460.50900000;433.30700000;         ;         ;         ;         ;         ;         ;         ;         ;         ;         ;         ;         ;         ;         ;         
New HIV infections at/before birth, where mother was on ART at delivery;Mean;         ;         ;         ;         ;         ;         ;         ;         ;         ;         ;         ;         ;         ;         ;         ;1.32337000;4.57578000;9.28367000;22.45650000;97.49020000;231.62600000;398.69000000;567.58100000;729.37300000;1066.36000000;1189.46000000;1275.27000000;1680.40000000;1957.90000000;2204.53000000;2155.28000000;2062.73000000;1924.87000000;1835.89000000;1741.81000000;1640.53000000;1559.57000000;1477.68000000;1398.97000000;1323.66000000;1252.81000000;1186.53000000;1124.00000000;1071.22000000;1022.20000000;975.34200000;930.35100000;887.17900000;845.47600000;805.09700000;765.76800000;727.14900000;688.99500000;651.30700000;614.16500000;577.66000000;541.92700000;507.12600000;473.44900000;441.13100000;410.40400000;381.42100000;354.27500000;328.99400000;305.56900000;283.96900000;264.08900000;245.81300000;229.06100000;213.75100000;199.79000000;         ;         ;         ;         ;         ;         ;         ;         ;         ;         ;         ;         ;         ;         ;         
;95% LL;         ;         ;         ;         ;         ;         ;         ;         ;         ;         ;         ;         ;         ;         ;         ;1.26454000;4.37160000;8.86238000;21.38460000;92.61290000;220.59300000;381.46400000;543.17100000;697.42700000;1018.27000000;1137.44000000;1222.33000000;1609.46000000;1873.08000000;2101.64000000;2054.71000000;1959.63000000;1826.17000000;1743.74000000;1651.67000000;1552.51000000;1474.60000000;1395.83000000;1319.09000000;1246.09000000;1179.74000000;1118.74000000;1059.68000000;1008.92000000;961.11100000;915.88900000;871.17800000;828.75100000;789.41900000;750.02900000;711.80800000;674.45200000;638.16100000;602.83400000;567.77900000;533.42800000;499.94300000;467.45000000;436.09900000;406.08700000;377.60600000;350.78100000;325.67200000;302.08400000;280.06700000;259.80800000;241.20000000;224.19800000;208.49600000;193.80600000;180.42200000;         ;         ;         ;         ;         ;         ;         ;         ;         ;         ;         ;         ;         ;         ;         
;95% UL;         ;         ;         ;         ;         ;         ;         ;         ;         ;         ;         ;         ;         ;         ;         ;1.38874000;4.78688000;9.68932000;23.42190000;101.91000000;241.72500000;415.29300000;590.19700000;758.66100000;1110.44000000;1241.56000000;1337.12000000;1770.43000000;2071.41000000;2339.67000000;2294.17000000;2202.96000000;2063.02000000;1975.43000000;1882.75000000;1777.99000000;1690.43000000;1600.96000000;1515.16000000;1433.63000000;1357.44000000;1286.59000000;1220.02000000;1164.97000000;1114.14000000;1067.27000000;1022.06000000;975.37500000;932.17900000;891.90700000;850.58000000;809.72200000;769.08500000;728.68200000;688.62200000;649.02000000;610.04700000;572.41300000;536.04300000;500.96200000;467.42500000;435.63600000;405.72800000;377.76400000;351.76500000;327.71800000;305.53000000;285.09000000;266.32700000;249.16000000;233.49300000;         ;         ;         ;         ;         ;         ;         ;         ;         ;         ;         ;         ;         ;         ;         
New HIV infections at/before birth, where mother was not diagnosed positive;Mean;36.21210000;68.08010000;142.63400000;325.10500000;764.52800000;1734.64000000;3583.11000000;6459.11000000;10233.60000000;14727.70000000;19711.60000000;25003.80000000;29385.20000000;34017.50000000;38956.30000000;41920.20000000;43538.40000000;42717.60000000;38103.90000000;35749.40000000;29585.30000000;19657.50000000;12505.10000000;8894.60000000;6070.91000000;3792.11000000;2938.09000000;2531.77000000;2212.45000000;1927.63000000;1649.39000000;1366.27000000;1225.53000000;1135.05000000;1050.95000000;961.81600000;884.97200000;820.24200000;760.90500000;711.02900000;668.25200000;629.81200000;593.62800000;564.14300000;537.27100000;511.71800000;487.19000000;463.46400000;440.23200000;417.31700000;394.48200000;371.94600000;350.19100000;329.37700000;309.54400000;290.65000000;272.72100000;255.77300000;239.82800000;224.88200000;210.92500000;197.92600000;185.84600000;174.64400000;164.27500000;154.69500000;145.84300000;137.65700000;130.08500000;123.07200000;116.56800000;         ;         ;         ;         ;         ;         ;         ;         ;         ;         ;         ;         ;         ;         ;         
;95% LL;20.74730000;40.75470000;91.98620000;214.75900000;550.71800000;1241.65000000;2637.75000000;4904.24000000;8158.47000000;12360.80000000;17183.00000000;22356.40000000;26802.20000000;31471.00000000;36454.30000000;39509.90000000;41314.00000000;40815.10000000;36423.70000000;34187.50000000;28396.60000000;18937.00000000;12112.60000000;8628.15000000;5900.09000000;3696.27000000;2865.85000000;2464.29000000;2148.51000000;1869.09000000;1593.55000000;1313.75000000;1172.38000000;1079.83000000;993.95600000;906.57100000;833.91500000;775.62100000;722.67700000;676.16500000;636.17700000;599.94500000;566.02000000;537.93600000;511.97800000;487.15700000;463.27600000;439.77300000;416.80100000;394.19800000;372.11900000;350.19600000;329.38300000;309.36400000;290.23300000;272.05400000;254.84500000;238.82400000;223.56800000;209.45100000;196.22200000;183.67400000;172.29100000;161.73900000;151.84200000;142.71000000;134.28000000;126.49200000;119.29300000;112.64800000;106.52500000;         ;         ;         ;         ;         ;         ;         ;         ;         ;         ;         ;         ;         ;         ;         
;95% UL;61.14980000;108.89700000;215.43800000;465.99300000;1069.57000000;2357.65000000;4705.97000000;7958.96000000;12077.00000000;16970.80000000;22162.90000000;27504.00000000;31736.10000000;36336.30000000;41235.00000000;43879.50000000;45481.90000000;44590.90000000;39707.80000000;37164.30000000;30746.80000000;20415.80000000;13016.80000000;9237.31000000;6293.53000000;3925.65000000;3048.42000000;2638.27000000;2314.61000000;2022.40000000;1738.56000000;1446.10000000;1304.71000000;1215.69000000;1132.92000000;1040.98000000;960.35500000;891.97100000;828.99100000;776.14300000;730.50200000;685.32400000;644.93300000;614.22300000;586.62400000;561.47900000;537.46600000;513.92800000;490.53500000;467.06300000;443.22500000;419.29300000;395.87400000;373.20500000;351.37500000;330.38400000;310.30800000;291.20800000;273.14900000;256.16000000;240.25600000;225.42700000;211.64500000;198.87500000;187.08000000;176.52200000;166.78600000;157.78000000;149.44400000;141.72100000;134.55300000;         ;         ;         ;         ;         ;         ;         ;         ;         ;         ;         ;         ;         ;         ;         
New HIV infections due to breastfeeding;Mean;25.55370000;59.01930000;135.00600000;322.85300000;777.65500000;1770.12000000;3557.00000000;6109.90000000;9086.34000000;12219.50000000;15304.50000000;18076.20000000;20760.90000000;22681.90000000;24288.00000000;25611.90000000;26281.90000000;26419.60000000;25837.40000000;25022.90000000;24130.10000000;22336.90000000;19929.20000000;17781.50000000;15981.40000000;13163.10000000;11092.90000000;10318.30000000;10399.50000000;9888.56000000;8887.79000000;8004.83000000;7146.00000000;6527.81000000;6090.96000000;5664.74000000;5235.46000000;4902.32000000;4600.69000000;4347.22000000;4127.07000000;3928.42000000;3738.10000000;3561.40000000;3404.21000000;3253.26000000;3106.74000000;2963.85000000;2824.14000000;2686.24000000;2548.71000000;2412.19000000;2279.18000000;2150.99000000;2027.93000000;1909.89000000;1796.93000000;1689.25000000;1587.08000000;1490.51000000;1399.55000000;1314.18000000;1234.32000000;1159.81000000;1090.50000000;1026.19000000;966.60400000;911.42900000;860.32600000;812.98500000;769.10600000;         ;         ;         ;         ;         ;         ;         ;         ;         ;         ;         ;         ;         ;         ;         
;95% LL;14.60730000;35.92470000;88.77980000;211.46600000;549.28300000;1256.01000000;2556.47000000;4634.64000000;7317.72000000;10436.10000000;13689.70000000;16608.70000000;19441.90000000;21579.10000000;23267.60000000;24666.10000000;25427.50000000;25642.60000000;25127.30000000;24383.90000000;23545.20000000;21811.10000000;19475.90000000;17389.70000000;15621.30000000;12877.20000000;10837.70000000;10063.50000000;10133.50000000;9619.14000000;8618.60000000;7734.49000000;6878.91000000;6260.66000000;5820.41000000;5391.30000000;4976.75000000;4668.46000000;4394.20000000;4157.45000000;3943.43000000;3753.42000000;3571.51000000;3402.78000000;3250.39000000;3103.16000000;2959.02000000;2816.83000000;2678.12000000;2541.58000000;2408.18000000;2274.37000000;2146.67000000;2024.12000000;1905.25000000;1791.31000000;1682.57000000;1579.15000000;1481.84000000;1389.85000000;1303.57000000;1222.57000000;1145.47000000;1073.98000000;1008.78000000;948.10000000;891.32200000;838.79600000;790.18700000;745.19200000;703.73600000;         ;         ;         ;         ;         ;         ;         ;         ;         ;         ;         ;         ;         ;         ;         
;95% UL;41.97130000;91.70590000;193.70100000;449.85900000;1089.31000000;2419.37000000;4576.62000000;7423.91000000;10523.10000000;13671.30000000;16685.20000000;19330.00000000;21842.20000000;23656.00000000;25239.40000000;26507.40000000;27067.70000000;27187.40000000;26575.40000000;25759.80000000;24883.50000000;23009.40000000;20557.30000000;18325.10000000;16511.80000000;13622.70000000;11504.70000000;10727.10000000;10837.90000000;10339.30000000;9328.34000000;8420.32000000;7550.75000000;6932.68000000;6505.66000000;6076.48000000;5636.76000000;5292.32000000;4980.28000000;4718.97000000;4487.86000000;4256.97000000;4047.23000000;3863.92000000;3703.33000000;3554.69000000;3412.97000000;3272.79000000;3133.73000000;2994.20000000;2852.43000000;2709.18000000;2567.55000000;2429.35000000;2295.17000000;2165.18000000;2039.70000000;1919.24000000;1804.28000000;1695.13000000;1592.01000000;1495.04000000;1404.23000000;1319.52000000;1240.81000000;1167.92000000;1102.09000000;1041.55000000;985.44100000;933.43500000;885.19800000;         ;         ;         ;         ;         ;         ;         ;         ;         ;         ;         ;         ;         ;         ;         
New HIV infections due to breastfeeding, where mother was on ART at time of transmission;Mean;         ;         ;         ;         ;         ;         ;         ;         ;         ;         ;         ;         ;         ;         ;         ;0.41739500;0.53479600;1.35705000;2.63905000;7.10466000;22.04140000;46.87320000;77.92570000;110.14100000;155.31200000;268.90700000;441.03700000;615.55400000;1076.04000000;1526.66000000;1708.58000000;1662.20000000;1542.81000000;1435.19000000;1362.18000000;1283.06000000;1206.88000000;1140.85000000;1075.98000000;1015.45000000;958.54100000;906.38800000;858.01200000;812.35000000;776.63600000;742.99000000;710.66700000;679.46200000;649.26400000;619.88500000;591.17500000;562.93500000;535.01000000;507.37000000;480.05500000;453.12700000;426.65300000;400.74100000;375.51300000;351.11700000;327.71900000;305.46300000;284.45300000;264.74800000;246.37300000;229.32600000;213.57200000;199.04400000;185.67900000;173.41300000;162.18000000;         ;         ;         ;         ;         ;         ;         ;         ;         ;         ;         ;         ;         ;         ;         
;95% LL;         ;         ;         ;         ;         ;         ;         ;         ;         ;         ;         ;         ;         ;         ;         ;0.39954800;0.51355600;1.30509000;2.53658000;6.79755000;21.10090000;44.85120000;74.52100000;105.27400000;148.60800000;257.43900000;422.93300000;589.23200000;1029.52000000;1457.72000000;1628.96000000;1581.73000000;1467.65000000;1365.87000000;1291.87000000;1210.81000000;1136.82000000;1074.80000000;1012.72000000;953.96100000;901.17400000;852.83700000;808.78700000;765.31400000;731.14800000;698.10200000;665.52100000;635.79800000;606.23900000;577.54300000;549.58600000;522.37700000;496.00400000;469.79700000;443.89000000;418.47700000;393.60800000;369.36400000;345.84100000;323.15900000;301.45300000;280.84300000;261.41300000;242.95200000;225.69700000;209.72300000;194.92300000;181.42400000;168.96500000;157.20000000;146.42300000;         ;         ;         ;         ;         ;         ;         ;         ;         ;         ;         ;         ;         ;         ;         
;95% UL;         ;         ;         ;         ;         ;         ;         ;         ;         ;         ;         ;         ;         ;         ;         ;0.43979300;0.56148100;1.42167000;2.75725000;7.41082000;22.92720000;48.78440000;81.03050000;114.54900000;161.85500000;280.75900000;462.35200000;648.87300000;1138.59000000;1622.31000000;1821.85000000;1778.36000000;1656.74000000;1546.66000000;1472.79000000;1393.12000000;1311.05000000;1238.10000000;1166.54000000;1100.29000000;1038.52000000;982.33400000;930.52200000;881.78000000;846.23800000;812.88300000;780.24000000;746.90800000;717.14100000;686.79600000;656.78200000;627.04900000;597.42600000;567.89000000;538.50200000;509.64200000;481.31700000;453.45300000;426.19800000;399.67100000;374.07900000;349.60900000;326.40200000;304.54800000;284.09700000;265.06700000;247.43500000;231.14300000;216.13100000;202.34000000;189.70300000;         ;         ;         ;         ;         ;         ;         ;         ;         ;         ;         ;         ;         ;         ;         
New HIV infections due to breastfeeding, where mother was not diagnosed positive;Mean;25.55370000;59.01930000;135.00600000;322.85300000;777.65500000;1770.12000000;3557.00000000;6109.90000000;9086.34000000;12219.50000000;15304.50000000;18076.20000000;20760.90000000;22681.90000000;24274.40000000;25548.00000000;26089.90000000;25959.50000000;24838.40000000;23314.60000000;21708.60000000;19110.90000000;15902.10000000;13220.50000000;11320.70000000;9761.08000000;8576.60000000;7762.34000000;7226.06000000;6810.59000000;6336.26000000;5707.91000000;5060.80000000;4608.28000000;4286.76000000;3976.69000000;3659.39000000;3421.98000000;3211.87000000;3042.42000000;2899.61000000;2770.75000000;2644.45000000;2526.99000000;2416.60000000;2309.07000000;2203.97000000;2101.02000000;1999.98000000;1899.78000000;1799.22000000;1699.17000000;1602.23000000;1509.63000000;1421.58000000;1337.89000000;1258.52000000;1183.57000000;1113.11000000;1047.08000000;985.30800000;927.63000000;873.84900000;823.77700000;777.23000000;734.02600000;693.95700000;656.78300000;622.25300000;590.14300000;560.23600000;         ;         ;         ;         ;         ;         ;         ;         ;         ;         ;         ;         ;         ;         ;         
;95% LL;14.60730000;35.92470000;88.77980000;211.46600000;549.28300000;1256.01000000;2556.47000000;4634.64000000;7317.72000000;10436.10000000;13689.70000000;16608.70000000;19441.90000000;21579.10000000;23254.70000000;24605.20000000;25243.40000000;25207.10000000;24172.10000000;22721.10000000;21224.10000000;18695.10000000;15587.00000000;12947.80000000;11050.40000000;9502.08000000;8328.23000000;7523.75000000;6992.30000000;6570.30000000;6093.89000000;5469.33000000;4832.76000000;4388.22000000;4072.34000000;3772.54000000;3473.44000000;3250.92000000;3053.02000000;2893.09000000;2758.02000000;2639.67000000;2519.47000000;2406.56000000;2301.09000000;2196.30000000;2091.90000000;1989.42000000;1889.13000000;1792.00000000;1695.02000000;1597.97000000;1504.30000000;1416.67000000;1333.64000000;1254.10000000;1178.86000000;1107.96000000;1041.45000000;978.77200000;918.99700000;862.98900000;810.87000000;762.43400000;717.47700000;675.80300000;637.19500000;601.50300000;568.96800000;538.69700000;510.49300000;         ;         ;         ;         ;         ;         ;         ;         ;         ;         ;         ;         ;         ;         ;         
;95% UL;41.97130000;91.70590000;193.70100000;449.85900000;1089.31000000;2419.37000000;4576.62000000;7423.91000000;10523.10000000;13671.30000000;16685.20000000;19330.00000000;21842.20000000;23656.00000000;25225.00000000;26439.90000000;26869.90000000;26703.40000000;25525.00000000;23994.70000000;22340.70000000;19656.00000000;16356.20000000;13624.50000000;11725.00000000;10158.90000000;8963.38000000;8129.58000000;7587.24000000;7174.82000000;6698.95000000;6055.90000000;5388.23000000;4925.10000000;4591.98000000;4272.20000000;3948.77000000;3705.52000000;3489.14000000;3298.82000000;3138.40000000;2999.18000000;2860.76000000;2748.63000000;2638.65000000;2530.48000000;2424.16000000;2322.28000000;2221.40000000;2119.41000000;2014.84000000;1908.75000000;1804.39000000;1703.44000000;1606.39000000;1513.24000000;1424.22000000;1339.62000000;1259.72000000;1186.26000000;1118.35000000;1054.85000000;995.58400000;940.35100000;888.97400000;841.26900000;796.58500000;755.14400000;716.74800000;681.13200000;648.03300000;         ;         ;         ;         ;         ;         ;         ;         ;         ;         ;         ;         ;         ;         ;         
Total births to HIV-positive mothers;Mean;234.25300000;403.10300000;825.33600000;1879.38000000;4434.94000000;10094.20000000;20887.80000000;37585.80000000;59098.90000000;83965.60000000;110596.00000000;137909.00000000;159067.00000000;180645.00000000;204615.00000000;220551.00000000;235973.00000000;248726.00000000;264728.00000000;289216.00000000;300868.00000000;310149.00000000;318602.00000000;319931.00000000;314314.00000000;314556.00000000;320232.00000000;328330.00000000;333694.00000000;334959.00000000;334339.00000000;330999.00000000;325323.00000000;321912.00000000;316734.00000000;310601.00000000;306330.00000000;300366.00000000;293038.00000000;284590.00000000;275366.00000000;265604.00000000;255513.00000000;245222.00000000;234922.00000000;224774.00000000;214894.00000000;205355.00000000;196118.00000000;187168.00000000;178455.00000000;169898.00000000;161426.00000000;153014.00000000;144662.00000000;136381.00000000;128201.00000000;120160.00000000;112310.00000000;104715.00000000;97441.00000000;90538.10000000;84040.90000000;77966.40000000;72321.00000000;67103.10000000;62293.50000000;57867.40000000;53809.90000000;50103.70000000;46727.70000000;         ;         ;         ;         ;         ;         ;         ;         ;         ;         ;         ;         ;         ;         ;         
;95% LL;134.26300000;240.91500000;533.59500000;1258.09000000;3209.70000000;7204.60000000;15255.40000000;28652.60000000;47353.60000000;71015.70000000;96903.50000000;124174.00000000;146321.00000000;168588.00000000;192437.00000000;208683.00000000;224953.00000000;237192.00000000;253188.00000000;277313.00000000;289143.00000000;298054.00000000;306252.00000000;307577.00000000;302273.00000000;302016.00000000;307477.00000000;315442.00000000;320699.00000000;321853.00000000;321057.00000000;317688.00000000;312425.00000000;309303.00000000;304118.00000000;297981.00000000;293093.00000000;286627.00000000;278962.00000000;270111.00000000;260889.00000000;251246.00000000;241319.00000000;231225.00000000;221145.00000000;211229.00000000;201730.00000000;192260.00000000;183279.00000000;174757.00000000;166268.00000000;157980.00000000;149828.00000000;141764.00000000;133788.00000000;126023.00000000;118331.00000000;110804.00000000;103482.00000000;96419.80000000;89672.10000000;83280.00000000;77263.60000000;71608.90000000;66354.40000000;61499.00000000;56992.70000000;52899.00000000;49135.40000000;45604.50000000;42368.80000000;         ;         ;         ;         ;         ;         ;         ;         ;         ;         ;         ;         ;         ;         ;         
;95% UL;396.20900000;646.12900000;1245.99000000;2684.32000000;6190.64000000;13774.10000000;27367.50000000;46454.90000000;69782.00000000;96740.70000000;122995.00000000;150373.00000000;170778.00000000;191469.00000000;214809.00000000;230972.00000000;246998.00000000;259430.00000000;275757.00000000;301557.00000000;314160.00000000;324378.00000000;334444.00000000;336267.00000000;330802.00000000;331448.00000000;337606.00000000;346053.00000000;351670.00000000;353043.00000000;352428.00000000;348990.00000000;343085.00000000;339608.00000000;334326.00000000;328168.00000000;324712.00000000;319503.00000000;312590.00000000;304459.00000000;295694.00000000;286237.00000000;276246.00000000;265869.00000000;255384.00000000;244982.00000000;235080.00000000;225491.00000000;215510.00000000;206096.00000000;197443.00000000;188739.00000000;179798.00000000;170854.00000000;161911.00000000;152985.00000000;144111.00000000;135338.00000000;126730.00000000;118364.00000000;110470.00000000;102948.00000000;95833.40000000;89152.60000000;82919.30000000;77138.00000000;71792.60000000;66860.60000000;62330.00000000;58184.90000000;54404.70000000;         ;         ;         ;         ;         ;         ;         ;         ;         ;         ;         ;         ;         ;         ;         
Births to HIV+ mothers on ART at delivery;Mean;         ;         ;         ;         ;         ;         ;         ;         ;         ;         ;         ;         ;         ;         ;         ;299.38800000;951.21800000;1719.08000000;2909.96000000;7968.62000000;17690.40000000;31068.40000000;47103.80000000;63788.00000000;95959.80000000;139113.00000000;167179.00000000;228453.00000000;281824.00000000;311675.00000000;316277.00000000;318193.00000000;314018.00000000;311562.00000000;307253.00000000;301989.00000000;298445.00000000;293140.00000000;286407.00000000;278474.00000000;269694.00000000;260319.00000000;250576.00000000;240543.00000000;230464.00000000;220522.00000000;210838.00000000;201487.00000000;192435.00000000;183667.00000000;175134.00000000;166757.00000000;158461.00000000;150220.00000000;142032.00000000;133911.00000000;125882.00000000;117986.00000000;110274.00000000;102810.00000000;95658.20000000;88869.70000000;82479.00000000;76503.30000000;70949.30000000;65815.90000000;61084.20000000;56730.00000000;52738.80000000;49093.70000000;45774.10000000;         ;         ;         ;         ;         ;         ;         ;         ;         ;         ;         ;         ;         ;         ;         
;95% LL;         ;         ;         ;         ;         ;         ;         ;         ;         ;         ;         ;         ;         ;         ;         ;286.21700000;909.30100000;1644.15000000;2793.68000000;7668.89000000;17028.70000000;29870.90000000;45337.70000000;61419.60000000;92422.80000000;133852.00000000;160833.00000000;219545.00000000;270750.00000000;299418.00000000;303881.00000000;305676.00000000;301591.00000000;299220.00000000;294908.00000000;289626.00000000;285507.00000000;279765.00000000;272659.00000000;264387.00000000;255432.00000000;246172.00000000;236589.00000000;226752.00000000;216892.00000000;207181.00000000;197845.00000000;188636.00000000;179766.00000000;171363.00000000;163139.00000000;155024.00000000;147040.00000000;139148.00000000;131329.00000000;123705.00000000;116157.00000000;108767.00000000;101575.00000000;94635.30000000;88002.60000000;81717.90000000;75809.40000000;70254.00000000;65085.90000000;60310.20000000;55900.70000000;51841.40000000;48150.30000000;44712.50000000;41530.50000000;         ;         ;         ;         ;         ;         ;         ;         ;         ;         ;         ;         ;         ;         ;         
;95% UL;         ;         ;         ;         ;         ;         ;         ;         ;         ;         ;         ;         ;         ;         ;         ;316.16000000;1003.31000000;1810.89000000;3053.58000000;8323.88000000;18494.00000000;32499.30000000;49282.60000000;66749.10000000;100346.00000000;145545.00000000;174874.00000000;240114.00000000;296502.00000000;328361.00000000;333255.00000000;335385.00000000;331014.00000000;328502.00000000;324091.00000000;318844.00000000;316176.00000000;311694.00000000;305593.00000000;297876.00000000;289477.00000000;280452.00000000;270915.00000000;260849.00000000;250597.00000000;240410.00000000;230637.00000000;221266.00000000;211481.00000000;202149.00000000;193685.00000000;185237.00000000;176486.00000000;167728.00000000;158965.00000000;150214.00000000;141508.00000000;132896.00000000;124441.00000000;116221.00000000;108391.00000000;101000.00000000;94007.20000000;87439.60000000;81311.10000000;75626.60000000;70370.30000000;65520.50000000;61065.50000000;56990.00000000;53273.90000000;         ;         ;         ;         ;         ;         ;         ;         ;         ;         ;         ;         ;         ;         ;         
Mother-to-child transmission rate;Mean;0.26379100;0.31585700;0.33701500;0.34510500;0.34775000;0.34705700;0.34172900;0.33442600;0.32697900;0.32099300;0.31665400;0.31240400;0.31526800;0.31388400;0.31022100;0.30990800;0.30566700;0.29866400;0.28333900;0.26396200;0.24461200;0.21898900;0.18706100;0.14692200;0.10909000;0.08302070;0.06849550;0.06091050;0.05616800;0.04813230;0.04258680;0.03753270;0.03434300;0.03199820;0.03034710;0.02871410;0.02699330;0.02573570;0.02470000;0.02394040;0.02338530;0.02297390;0.02263350;0.02244410;0.02236430;0.02231280;0.02226770;0.02221590;0.02215390;0.02207280;0.02196490;0.02183910;0.02171940;0.02162090;0.02155030;0.02151080;0.02150600;0.02153910;0.02161230;0.02172450;0.02187170;0.02204990;0.02225460;0.02248230;0.02272930;0.02299190;0.02326850;0.02355730;0.02385280;0.02414880;0.02443970;         ;         ;         ;         ;         ;         ;         ;         ;         ;         ;         ;         ;         ;         ;         
;95% LL;0.25658900;0.30625200;0.32406600;0.33052600;0.33297000;0.33326400;0.33033800;0.32554100;0.31966800;0.31484600;0.31137800;0.30802500;0.31135800;0.31027000;0.30693200;0.30682200;0.30273000;0.29592000;0.28077800;0.26157600;0.24231300;0.21668400;0.18461900;0.14454400;0.10682000;0.08089450;0.06654070;0.05899150;0.05421940;0.04633160;0.04087560;0.03593030;0.03280490;0.03050200;0.02884950;0.02723520;0.02560160;0.02444790;0.02353990;0.02288870;0.02242050;0.02207500;0.02175310;0.02157770;0.02150830;0.02145470;0.02140760;0.02135390;0.02128670;0.02120840;0.02109640;0.02096110;0.02083180;0.02072310;0.02065470;0.02062100;0.02061800;0.02063990;0.02069940;0.02079540;0.02093380;0.02109030;0.02126720;0.02148200;0.02171730;0.02196820;0.02223310;0.02251020;0.02279370;0.02307780;0.02335660;         ;         ;         ;         ;         ;         ;         ;         ;         ;         ;         ;         ;         ;         ;         
;95% UL;0.27039800;0.32386000;0.34615000;0.35473800;0.35765100;0.35585300;0.34872200;0.34047600;0.33275700;0.32624800;0.32129600;0.31661400;0.31898700;0.31688500;0.31302400;0.31267300;0.30839300;0.30124900;0.28571300;0.26613400;0.24669700;0.22096100;0.18895300;0.14886100;0.11094100;0.08480280;0.07013430;0.06245960;0.05782370;0.04959130;0.04393730;0.03882590;0.03559760;0.03325940;0.03164700;0.03000050;0.02821310;0.02682050;0.02566930;0.02486170;0.02421310;0.02380880;0.02345680;0.02325220;0.02318160;0.02314900;0.02312100;0.02308890;0.02304420;0.02296220;0.02286100;0.02273530;0.02262650;0.02252040;0.02243940;0.02238740;0.02236870;0.02240430;0.02246220;0.02257270;0.02271060;0.02287790;0.02307090;0.02328680;0.02353830;0.02384040;0.02415630;0.02448400;0.02481730;0.02512810;0.02542950;         ;         ;         ;         ;         ;         ;         ;         ;         ;         ;         ;         ;         ;         ;         
MTCT rate at/before birth;Mean;0.15459400;0.16894100;0.17281200;0.17294900;0.17236200;0.17184000;0.17154700;0.17184700;0.17313900;0.17536500;0.17819100;0.18127000;0.18470500;0.18828900;0.19149300;0.19376000;0.19427300;0.19243000;0.18572600;0.17743100;0.16439900;0.14695800;0.12449800;0.09133200;0.05823360;0.04116350;0.03384540;0.02947490;0.02499500;0.01860300;0.01599650;0.01334250;0.01237160;0.01171520;0.01111250;0.01047270;0.00989900;0.00941100;0.00899625;0.00866100;0.00839338;0.00817881;0.00799900;0.00791612;0.00786875;0.00783472;0.00780625;0.00777881;0.00774960;0.00771682;0.00767882;0.00763726;0.00759645;0.00755925;0.00752751;0.00750221;0.00748460;0.00747548;0.00747545;0.00748453;0.00750225;0.00752784;0.00756032;0.00759887;0.00764270;0.00769097;0.00774302;0.00779828;0.00785559;0.00791365;0.00797121;         ;         ;         ;         ;         ;         ;         ;         ;         ;         ;         ;         ;         ;         ;         
;95% LL;0.15388500;0.16796400;0.17185000;0.17187900;0.17123200;0.17069100;0.17046900;0.17080400;0.17199400;0.17392400;0.17642300;0.17928300;0.18251600;0.18603000;0.18929000;0.19163000;0.19227000;0.19057300;0.18407800;0.17593600;0.16303700;0.14588800;0.12359500;0.09056100;0.05754480;0.04058690;0.03332510;0.02892420;0.02436720;0.01811960;0.01555530;0.01293090;0.01195710;0.01128320;0.01063380;0.00999591;0.00947978;0.00906151;0.00871347;0.00842513;0.00819888;0.00801507;0.00786475;0.00779752;0.00775403;0.00772035;0.00769194;0.00766449;0.00763398;0.00759937;0.00756316;0.00752268;0.00748144;0.00744352;0.00741075;0.00738413;0.00736488;0.00735271;0.00734934;0.00735518;0.00736974;0.00739219;0.00742152;0.00745689;0.00749752;0.00754258;0.00759240;0.00764666;0.00770154;0.00775534;0.00781109;         ;         ;         ;         ;         ;         ;         ;         ;         ;         ;         ;         ;         ;         ;         
;95% UL;0.15518400;0.16981200;0.17376100;0.17410600;0.17365900;0.17318600;0.17289600;0.17314900;0.17464800;0.17687100;0.17972200;0.18293800;0.18646400;0.19009300;0.19329400;0.19553000;0.19597200;0.19399900;0.18711300;0.17864000;0.16542100;0.14778200;0.12517900;0.09192210;0.05870290;0.04159630;0.03430350;0.02996300;0.02553870;0.01905630;0.01642570;0.01375460;0.01282010;0.01219670;0.01163130;0.01098360;0.01035580;0.00980268;0.00932247;0.00892116;0.00859544;0.00833297;0.00813718;0.00804965;0.00800195;0.00796963;0.00794213;0.00791765;0.00789221;0.00786237;0.00782599;0.00778458;0.00774264;0.00770323;0.00766833;0.00764013;0.00762484;0.00761354;0.00761197;0.00761851;0.00763669;0.00766292;0.00769626;0.00773510;0.00777641;0.00782241;0.00787261;0.00792868;0.00799207;0.00805609;0.00811926;         ;         ;         ;         ;         ;         ;         ;         ;         ;         ;         ;         ;         ;         ;         
MTCT rate at/before birth from HIV-diagnosed mothers;Mean;         ;         ;         ;         ;         ;         ;         ;         ;         ;         ;         ;         ;         ;         ;0.13496200;0.13123700;0.13291400;0.13650600;0.13908800;0.13239700;0.12419300;0.11915400;0.10428900;0.07285770;0.04266240;0.03074900;0.02570760;0.02257700;0.01900490;0.01325960;0.01138030;0.00944758;0.00880197;0.00836481;0.00795184;0.00751553;0.00713392;0.00679207;0.00650180;0.00625749;0.00605613;0.00589296;0.00575770;0.00569604;0.00566138;0.00563723;0.00561777;0.00560007;0.00558247;0.00556409;0.00554432;0.00552310;0.00550122;0.00547994;0.00546033;0.00544315;0.00542907;0.00541853;0.00541183;0.00540912;0.00541035;0.00541526;0.00542343;0.00543450;0.00544811;0.00546391;0.00548157;0.00550081;0.00552115;0.00554204;0.00556302;         ;         ;         ;         ;         ;         ;         ;         ;         ;         ;         ;         ;         ;         ;         
;95% LL;         ;         ;         ;         ;0.00779192;         ;         ;         ;         ;         ;         ;         ;         ;         ;0.13323700;0.12931900;0.13111600;0.13490800;0.13769500;0.13119100;0.12321300;0.11826400;0.10350200;0.07231370;0.04230750;0.03045910;0.02542980;0.02222030;0.01853060;0.01292750;0.01107900;0.00918640;0.00852703;0.00807008;0.00763237;0.00720958;0.00687515;0.00658705;0.00634672;0.00614123;0.00597072;0.00583247;0.00572160;0.00566837;0.00563756;0.00561090;0.00558968;0.00557087;0.00555275;0.00553440;0.00551519;0.00549500;0.00547453;0.00545490;0.00543709;0.00542123;0.00540686;0.00539639;0.00538982;0.00538728;0.00538813;0.00539228;0.00539986;0.00541042;0.00542279;0.00543740;0.00545326;0.00547183;0.00549116;0.00551096;0.00553076;         ;         ;         ;         ;         ;         ;         ;         ;         ;         ;         ;         ;         ;         ;         
;95% UL;         ;         ;         ;         ;       inf;         ;         ;         ;         ;         ;         ;         ;         ;         ;0.13639300;0.13279400;0.13438400;0.13782400;0.14023700;0.13334500;0.12496100;0.11980100;0.10486400;0.07325670;0.04292310;0.03098460;0.02597560;0.02291500;0.01939800;0.01358870;0.01166930;0.00969933;0.00908414;0.00867325;0.00830702;0.00787607;0.00744713;0.00704977;0.00670491;0.00640932;0.00616443;0.00597207;0.00581276;0.00574409;0.00570700;0.00568245;0.00566364;0.00564711;0.00563085;0.00561354;0.00559331;0.00557147;0.00554882;0.00552665;0.00550607;0.00548787;0.00547272;0.00546109;0.00545326;0.00544941;0.00544952;0.00545331;0.00546042;0.00547108;0.00548364;0.00549902;0.00551640;0.00553549;0.00555572;0.00557657;0.00559775;         ;         ;         ;         ;         ;         ;         ;         ;         ;         ;         ;         ;         ;         ;         
Postnatal MTCT rate to 18 months, from HIV-diagnosed mothers;Mean;         ;         ;         ;         ;         ;         ;         ;         ;         ;         ;         ;         ;         ;         ;0.00798961;0.01016700;0.01076180;0.01172820;0.01196680;0.01364470;0.01386160;0.01345030;0.01392750;0.01449570;0.01414400;0.00975003;0.00704941;0.00702357;0.00826839;0.00768063;0.00641416;0.00602915;0.00556912;0.00516448;0.00493543;0.00470005;0.00443969;0.00425225;0.00408524;0.00394654;0.00383321;0.00374523;0.00367519;0.00362028;0.00360740;0.00360361;0.00360291;0.00360264;0.00360234;0.00360075;0.00359762;0.00359319;0.00358847;0.00358457;0.00358231;0.00358231;0.00358481;0.00359005;0.00359808;0.00360867;0.00362145;0.00363618;0.00365254;0.00367033;0.00368925;0.00370902;0.00372975;0.00375139;0.00377332;0.00379507;0.00381620;         ;         ;         ;         ;         ;         ;         ;         ;         ;         ;         ;         ;         ;         ;         
;95% LL;         ;         ;         ;         ;         ;         ;         ;         ;         ;         ;         ;         ;         ;         ;0.00798435;0.01012360;0.01071650;0.01168980;0.01193980;0.01361130;0.01382700;0.01341760;0.01388490;0.01443710;0.01406740;0.00969090;0.00699524;0.00694833;0.00815827;0.00755752;0.00630151;0.00590873;0.00543357;0.00501368;0.00476719;0.00451596;0.00426951;0.00410913;0.00396906;0.00385676;0.00376482;0.00369098;0.00363371;0.00358911;0.00357564;0.00357262;0.00357292;0.00357174;0.00357072;0.00356871;0.00356552;0.00356141;0.00355606;0.00355213;0.00354912;0.00354811;0.00354961;0.00355450;0.00356088;0.00357048;0.00358360;0.00359749;0.00361335;0.00363086;0.00364955;0.00366910;0.00368963;0.00371108;0.00373177;0.00375161;0.00377081;         ;         ;         ;         ;         ;         ;         ;         ;         ;         ;         ;         ;         ;         ;         
;95% UL;         ;         ;         ;         ;         ;         ;         ;         ;         ;         ;         ;         ;         ;         ;0.00799288;0.01020070;0.01079690;0.01176000;0.01198950;0.01367230;0.01388870;0.01347770;0.01396130;0.01454080;0.01420330;0.00980879;0.00710625;0.00710126;0.00838316;0.00780915;0.00653917;0.00616479;0.00572259;0.00533673;0.00512908;0.00491635;0.00464022;0.00442450;0.00422399;0.00405548;0.00391851;0.00381447;0.00372849;0.00366671;0.00365289;0.00364958;0.00364985;0.00365044;0.00365135;0.00365003;0.00364757;0.00364258;0.00363786;0.00363425;0.00363215;0.00363266;0.00363557;0.00364116;0.00364837;0.00365706;0.00366783;0.00368053;0.00369489;0.00371301;0.00373145;0.00375041;0.00377075;0.00379225;0.00381322;0.00383532;0.00385701;         ;         ;         ;         ;         ;         ;         ;         ;         ;         ;         ;         ;         ;         ;         
;;         ;         ;         ;         ;         ;         ;         ;         ;         ;         ;         ;         ;         ;         ;         ;         ;         ;         ;         ;         ;         ;         ;         ;         ;         ;         ;         ;         ;         ;         ;         ;         ;         ;         ;         ;         ;         ;         ;         ;         ;         ;         ;         ;         ;         ;         ;         ;         ;         ;         ;         ;         ;         ;         ;         ;         ;         ;         ;         ;         ;         ;         ;         ;         ;         ;         ;         ;         ;         ;         ;         ;         ;         ;         ;         ;         ;         ;         ;         ;         ;         ;         ;         ;         ;         ;         
HIV prevalence statistics;;         ;         ;         ;         ;         ;         ;         ;         ;         ;         ;         ;         ;         ;         ;         ;         ;         ;         ;         ;         ;         ;         ;         ;         ;         ;         ;         ;         ;         ;         ;         ;         ;         ;         ;         ;         ;         ;         ;         ;         ;         ;         ;         ;         ;         ;         ;         ;         ;         ;         ;         ;         ;         ;         ;         ;         ;         ;         ;         ;         ;         ;         ;         ;         ;         ;         ;         ;         ;         ;         ;         ;         ;         ;         ;         ;         ;         ;         ;         ;         ;         ;         ;         ;         ;         ;         
;;         ;         ;         ;         ;         ;         ;         ;         ;         ;         ;         ;         ;         ;         ;         ;         ;         ;         ;         ;         ;         ;         ;         ;         ;         ;         ;         ;         ;         ;         ;         ;         ;         ;         ;         ;         ;         ;         ;         ;         ;         ;         ;         ;         ;         ;         ;         ;         ;         ;         ;         ;         ;         ;         ;         ;         ;         ;         ;         ;         ;         ;         ;         ;         ;         ;         ;         ;         ;         ;         ;         ;         ;         ;         ;         ;         ;         ;         ;         ;         ;         ;         ;         ;         ;         ;         
Total people living with HIV;Mean;1578.30000000;2465.31000000;5043.65000000;11772.00000000;29095.80000000;71612.20000000;164711.00000000;334569.00000000;584368.00000000;904038.00000000;1282740.00000000;1707750.00000000;2144200.00000000;2585850.00000000;3017990.00000000;3428540.00000000;3806180.00000000;4155670.00000000;4463750.00000000;4730260.00000000;4957370.00000000;5158870.00000000;5365920.00000000;5569640.00000000;5770290.00000000;5968780.00000000;6174260.00000000;6392640.00000000;6619940.00000000;6847450.00000000;7064810.00000000;7271000.00000000;7460690.00000000;7629470.00000000;7785770.00000000;7925240.00000000;8039220.00000000;8143860.00000000;8249690.00000000;8345420.00000000;8432270.00000000;8511140.00000000;8581610.00000000;8643150.00000000;8696500.00000000;8741300.00000000;8777300.00000000;8804330.00000000;8821570.00000000;8829070.00000000;8826910.00000000;8815090.00000000;8793760.00000000;8763160.00000000;8723590.00000000;8675370.00000000;8618760.00000000;8554040.00000000;8481500.00000000;8401400.00000000;8314010.00000000;8219610.00000000;8118420.00000000;8010710.00000000;7896700.00000000;7776630.00000000;7650720.00000000;7519210.00000000;7382320.00000000;7240300.00000000;7093420.00000000;         ;         ;         ;         ;         ;         ;         ;         ;         ;         ;         ;         ;         ;         ;         
;95% LL;910.62200000;1454.48000000;3209.28000000;7551.09000000;19839.90000000;49634.60000000;114559.00000000;231908.00000000;416619.00000000;683933.00000000;1026510.00000000;1431440.00000000;1850670.00000000;2283420.00000000;2715950.00000000;3134700.00000000;3540970.00000000;3920940.00000000;4253290.00000000;4540440.00000000;4789100.00000000;4996160.00000000;5210820.00000000;5419950.00000000;5626270.00000000;5829950.00000000;6039860.00000000;6261430.00000000;6490050.00000000;6717640.00000000;6934680.00000000;7135150.00000000;7322030.00000000;7489100.00000000;7643550.00000000;7780730.00000000;7891670.00000000;7991030.00000000;8091560.00000000;8182100.00000000;8263820.00000000;8337600.00000000;8406090.00000000;8463510.00000000;8514120.00000000;8556290.00000000;8589790.00000000;8614790.00000000;8630870.00000000;8637400.00000000;8634440.00000000;8621990.00000000;8600190.00000000;8569300.00000000;8529610.00000000;8481430.00000000;8425040.00000000;8360730.00000000;8288770.00000000;8209430.00000000;8123000.00000000;8029720.00000000;7929840.00000000;7822740.00000000;7708340.00000000;7588060.00000000;7462100.00000000;7328120.00000000;7187320.00000000;7043810.00000000;6897990.00000000;         ;         ;         ;         ;         ;         ;         ;         ;         ;         ;         ;         ;         ;         ;         
;95% UL;2649.52000000;4054.44000000;7641.59000000;16770.10000000;40696.10000000;98933.40000000;229203.00000000;433193.00000000;716628.00000000;1064380.00000000;1465420.00000000;1906100.00000000;2349210.00000000;2793920.00000000;3216700.00000000;3616450.00000000;3979630.00000000;4314800.00000000;4611080.00000000;4871430.00000000;5091170.00000000;5284610.00000000;5483920.00000000;5680030.00000000;5873480.00000000;6065370.00000000;6268520.00000000;6492040.00000000;6730860.00000000;6968810.00000000;7196000.00000000;7411860.00000000;7615180.00000000;7792510.00000000;7956830.00000000;8103780.00000000;8224030.00000000;8334380.00000000;8445890.00000000;8547070.00000000;8639130.00000000;8722950.00000000;8798080.00000000;8863980.00000000;8921540.00000000;8975600.00000000;9021020.00000000;9057370.00000000;9078300.00000000;9089270.00000000;9091090.00000000;9087050.00000000;9070340.00000000;9041720.00000000;9003740.00000000;8958520.00000000;8905560.00000000;8844130.00000000;8774530.00000000;8697030.00000000;8611910.00000000;8519450.00000000;8419900.00000000;8313510.00000000;8201380.00000000;8085450.00000000;7963500.00000000;7835780.00000000;7702530.00000000;7564000.00000000;7420450.00000000;         ;         ;         ;         ;         ;         ;         ;         ;         ;         ;         ;         ;         ;         ;         
Total males aged 15+ who are living with HIV;Mean;699.31200000;1139.75000000;2517.35000000;6187.88000000;15707.60000000;39043.60000000;89058.50000000;178113.00000000;302746.00000000;453222.00000000;621601.00000000;800789.00000000;972563.00000000;1136370.00000000;1286680.00000000;1419810.00000000;1533780.00000000;1636090.00000000;1720010.00000000;1787330.00000000;1839960.00000000;1883570.00000000;1930640.00000000;1978610.00000000;2029710.00000000;2083970.00000000;2144930.00000000;2211010.00000000;2283400.00000000;2357480.00000000;2428900.00000000;2496340.00000000;2557780.00000000;2610980.00000000;2659330.00000000;2702100.00000000;2734800.00000000;2763310.00000000;2791960.00000000;2815910.00000000;2834540.00000000;2848890.00000000;2859810.00000000;2867430.00000000;2871850.00000000;2872270.00000000;2869190.00000000;2862420.00000000;2852090.00000000;2838380.00000000;2821340.00000000;2801000.00000000;2777480.00000000;2750930.00000000;2721500.00000000;2689330.00000000;2654550.00000000;2617310.00000000;2577730.00000000;2535970.00000000;2492150.00000000;2446410.00000000;2398880.00000000;2349700.00000000;2299000.00000000;2246910.00000000;2193550.00000000;2139050.00000000;2083550.00000000;2027190.00000000;1970110.00000000;         ;         ;         ;         ;         ;         ;         ;         ;         ;         ;         ;         ;         ;         ;         
;95% LL;403.47600000;686.70800000;1568.32000000;3912.02000000;10637.10000000;26274.80000000;58721.60000000;117680.00000000;210159.00000000;336684.00000000;482261.00000000;645482.00000000;809434.00000000;973140.00000000;1125250.00000000;1265210.00000000;1389440.00000000;1500100.00000000;1596060.00000000;1675160.00000000;1732500.00000000;1778960.00000000;1828540.00000000;1879000.00000000;1936450.00000000;1990050.00000000;2052650.00000000;2120170.00000000;2193210.00000000;2266420.00000000;2337500.00000000;2404600.00000000;2466220.00000000;2519680.00000000;2568260.00000000;2611380.00000000;2644470.00000000;2673070.00000000;2701440.00000000;2724710.00000000;2742340.00000000;2755470.00000000;2765060.00000000;2771340.00000000;2774480.00000000;2773890.00000000;2769910.00000000;2762360.00000000;2751180.00000000;2736130.00000000;2717840.00000000;2696820.00000000;2672900.00000000;2646100.00000000;2616480.00000000;2583960.00000000;2548960.00000000;2511620.00000000;2472070.00000000;2430440.00000000;2386880.00000000;2341510.00000000;2294460.00000000;2245870.00000000;2196340.00000000;2145570.00000000;2093630.00000000;2040650.00000000;1986760.00000000;1932090.00000000;1876790.00000000;         ;         ;         ;         ;         ;         ;         ;         ;         ;         ;         ;         ;         ;         ;         
;95% UL;1173.94000000;1850.45000000;3733.06000000;8806.81000000;22374.40000000;55222.40000000;124032.00000000;233140.00000000;378775.00000000;536382.00000000;709906.00000000;891174.00000000;1073230.00000000;1244440.00000000;1399260.00000000;1534180.00000000;1647550.00000000;1747820.00000000;1828120.00000000;1890710.00000000;1938000.00000000;1976090.00000000;2018220.00000000;2061660.00000000;2108790.00000000;2159700.00000000;2218110.00000000;2282440.00000000;2354080.00000000;2427980.00000000;2499210.00000000;2566320.00000000;2627400.00000000;2680340.00000000;2728570.00000000;2771160.00000000;2803450.00000000;2831700.00000000;2860440.00000000;2884930.00000000;2904420.00000000;2919860.00000000;2931970.00000000;2940790.00000000;2946400.00000000;2947950.00000000;2945920.00000000;2940070.00000000;2930550.00000000;2917520.00000000;2901040.00000000;2881150.00000000;2857960.00000000;2831620.00000000;2802280.00000000;2770090.00000000;2735190.00000000;2697710.00000000;2657790.00000000;2615570.00000000;2571190.00000000;2524780.00000000;2476480.00000000;2426420.00000000;2374740.00000000;2321560.00000000;2267010.00000000;2211230.00000000;2154350.00000000;2096520.00000000;2037880.00000000;         ;         ;         ;         ;         ;         ;         ;         ;         ;         ;         ;         ;         ;         ;         
Total females aged 15+ who are living with HIV;Mean;878.99300000;1272.40000000;2379.04000000;5230.95000000;12546.20000000;30556.40000000;71000.90000000;146554.00000000;262929.00000000;419452.00000000;613303.00000000;839509.00000000;1079890.00000000;1331500.00000000;1585430.00000000;1833180.00000000;2067260.00000000;2285630.00000000;2482540.00000000;2656780.00000000;2807830.00000000;2944580.00000000;3085920.00000000;3227500.00000000;3370820.00000000;3514530.00000000;3660300.00000000;3816210.00000000;3976580.00000000;4137540.00000000;4295230.00000000;4448340.00000000;4593540.00000000;4727750.00000000;4855290.00000000;4973860.00000000;5077550.00000000;5175960.00000000;5274760.00000000;5366240.00000000;5449830.00000000;5526510.00000000;5597100.00000000;5661570.00000000;5720170.00000000;5772050.00000000;5817690.00000000;5856840.00000000;5889110.00000000;5914680.00000000;5933530.00000000;5945680.00000000;5951230.00000000;5950340.00000000;5943210.00000000;5930030.00000000;5910960.00000000;5886150.00000000;5855740.00000000;5819900.00000000;5778740.00000000;5732410.00000000;5681010.00000000;5624650.00000000;5563440.00000000;5497470.00000000;5426830.00000000;5351640.00000000;5271970.00000000;5187950.00000000;5099670.00000000;         ;         ;         ;         ;         ;         ;         ;         ;         ;         ;         ;         ;         ;         ;         
;95% LL;507.14600000;737.29700000;1468.31000000;3404.07000000;8346.78000000;21472.20000000;50544.30000000;106353.00000000;199212.00000000;330877.00000000;504857.00000000;717502.00000000;952304.00000000;1204730.00000000;1457240.00000000;1703480.00000000;1943030.00000000;2165200.00000000;2370040.00000000;2557700.00000000;2712600.00000000;2855620.00000000;2998480.00000000;3144520.00000000;3286970.00000000;3432540.00000000;3580020.00000000;3736900.00000000;3897440.00000000;4058220.00000000;4215590.00000000;4365930.00000000;4507400.00000000;4638230.00000000;4762650.00000000;4878390.00000000;4980380.00000000;5077920.00000000;5175160.00000000;5264520.00000000;5345580.00000000;5419490.00000000;5487030.00000000;5547370.00000000;5601880.00000000;5649930.00000000;5692050.00000000;5727780.00000000;5756760.00000000;5779170.00000000;5795020.00000000;5805890.00000000;5810320.00000000;5808500.00000000;5800590.00000000;5786800.00000000;5767260.00000000;5742140.00000000;5711580.00000000;5675170.00000000;5632520.00000000;5585170.00000000;5533420.00000000;5476630.00000000;5414980.00000000;5348710.00000000;5277920.00000000;5200460.00000000;5118060.00000000;5033570.00000000;4944950.00000000;         ;         ;         ;         ;         ;         ;         ;         ;         ;         ;         ;         ;         ;         ;         
;95% UL;1475.58000000;2078.63000000;3666.25000000;7489.97000000;17650.30000000;42671.60000000;95825.90000000;190058.00000000;323468.00000000;497024.00000000;705444.00000000;942775.00000000;1188930.00000000;1441840.00000000;1693050.00000000;1934670.00000000;2162100.00000000;2380890.00000000;2570120.00000000;2732270.00000000;2877960.00000000;3011970.00000000;3153930.00000000;3296560.00000000;3444070.00000000;3593540.00000000;3743460.00000000;3892940.00000000;4058080.00000000;4222360.00000000;4385940.00000000;4546150.00000000;4699060.00000000;4843160.00000000;4977210.00000000;5101500.00000000;5210710.00000000;5312960.00000000;5418880.00000000;5517950.00000000;5608810.00000000;5691150.00000000;5767140.00000000;5836950.00000000;5900870.00000000;5958000.00000000;6008790.00000000;6052960.00000000;6090110.00000000;6120390.00000000;6143780.00000000;6160240.00000000;6169840.00000000;6172750.00000000;6169160.00000000;6160310.00000000;6145450.00000000;6125030.00000000;6099770.00000000;6068800.00000000;6032260.00000000;5990300.00000000;5943030.00000000;5890580.00000000;5833060.00000000;5770590.00000000;5703270.00000000;5631190.00000000;5554480.00000000;5473240.00000000;5387590.00000000;         ;         ;         ;         ;         ;         ;         ;         ;         ;         ;         ;         ;         ;         ;         
Total children (<15) who are living with HIV;Mean;         ;53.15620000;147.27200000;353.19100000;841.96000000;2012.21000000;4651.38000000;9903.15000000;18692.90000000;31364.70000000;47836.80000000;67454.70000000;91747.10000000;117975.00000000;145889.00000000;175553.00000000;205150.00000000;233950.00000000;261205.00000000;286156.00000000;309580.00000000;330718.00000000;349353.00000000;363533.00000000;369764.00000000;370272.00000000;369032.00000000;365406.00000000;359961.00000000;352433.00000000;340680.00000000;326321.00000000;309369.00000000;290741.00000000;271144.00000000;249289.00000000;226865.00000000;204590.00000000;182965.00000000;163268.00000000;147900.00000000;135745.00000000;124697.00000000;114149.00000000;104483.00000000;96977.70000000;90411.80000000;85079.00000000;80363.40000000;76016.70000000;72039.00000000;68416.00000000;65046.30000000;61882.40000000;58881.60000000;56008.20000000;53242.80000000;50579.80000000;48017.50000000;45534.70000000;43126.00000000;40792.10000000;38534.80000000;36356.00000000;34260.50000000;32253.10000000;30338.40000000;28518.90000000;26795.40000000;25167.90000000;23635.90000000;         ;         ;         ;         ;         ;         ;         ;         ;         ;         ;         ;         ;         ;         ;         
;95% LL;         ;30.47210000;88.12280000;227.19900000;548.66500000;1423.56000000;3310.08000000;7178.45000000;14031.80000000;24681.90000000;38855.60000000;56453.70000000;79035.70000000;104158.00000000;131345.00000000;160051.00000000;188934.00000000;218240.00000000;245588.00000000;270864.00000000;294573.00000000;316625.00000000;336092.00000000;351721.00000000;358639.00000000;359595.00000000;359447.00000000;356577.00000000;351220.00000000;343900.00000000;332220.00000000;318595.00000000;301893.00000000;283628.00000000;264478.00000000;242903.00000000;220582.00000000;198184.00000000;176921.00000000;157679.00000000;142628.00000000;130696.00000000;119868.00000000;109559.00000000;100125.00000000;92771.40000000;86347.30000000;81132.80000000;76543.50000000;72337.30000000;68512.00000000;65038.50000000;61813.10000000;58782.90000000;55905.00000000;53144.70000000;50483.70000000;47918.10000000;45444.60000000;43036.50000000;40718.10000000;38477.50000000;36301.00000000;34199.10000000;32189.10000000;30268.60000000;28424.60000000;26675.60000000;25010.80000000;23436.60000000;21957.40000000;         ;         ;         ;         ;         ;         ;         ;         ;         ;         ;         ;         ;         ;         ;         
;95% UL;         ;88.94220000;234.56800000;527.19100000;1193.35000000;2781.31000000;6360.75000000;13058.20000000;23626.80000000;38156.60000000;56143.60000000;77186.60000000;103123.00000000;130148.00000000;159210.00000000;189903.00000000;219075.00000000;247389.00000000;274543.00000000;299506.00000000;322864.00000000;343770.00000000;361927.00000000;374718.00000000;380263.00000000;380763.00000000;379266.00000000;375741.00000000;371005.00000000;363529.00000000;351634.00000000;336536.00000000;319701.00000000;301279.00000000;281069.00000000;258526.00000000;235702.00000000;213137.00000000;191351.00000000;171324.00000000;155667.00000000;143263.00000000;131959.00000000;121192.00000000;111371.00000000;103863.00000000;97284.40000000;91945.80000000;87209.40000000;82818.90000000;78776.60000000;75012.20000000;71474.80000000;68128.90000000;64891.00000000;61801.70000000;58837.00000000;56104.60000000;53469.20000000;50886.60000000;48353.60000000;45873.80000000;43451.90000000;41093.10000000;38805.50000000;36598.00000000;34479.00000000;32454.50000000;30528.30000000;28703.00000000;26990.80000000;         ;         ;         ;         ;         ;         ;         ;         ;         ;         ;         ;         ;         ;         ;         
Total people living with HIV, aged 15-24;Mean;537.27100000;768.31700000;1435.84000000;3075.00000000;7118.77000000;16838.30000000;38424.60000000;79697.90000000;144973.00000000;234629.00000000;345517.00000000;470683.00000000;593859.00000000;710699.00000000;814678.00000000;901793.00000000;970053.00000000;1018160.00000000;1046430.00000000;1056320.00000000;1049590.00000000;1029480.00000000;1007290.00000000;978232.00000000;946195.00000000;912736.00000000;876596.00000000;846508.00000000;818776.00000000;794773.00000000;774717.00000000;756774.00000000;739442.00000000;720712.00000000;702239.00000000;685123.00000000;667288.00000000;649914.00000000;636179.00000000;623200.00000000;606805.00000000;588615.00000000;568969.00000000;548657.00000000;525901.00000000;495610.00000000;461898.00000000;425319.00000000;387240.00000000;350572.00000000;318925.00000000;291454.00000000;265876.00000000;241434.00000000;218816.00000000;199769.00000000;182993.00000000;168806.00000000;156447.00000000;145417.00000000;135651.00000000;127071.00000000;119456.00000000;112647.00000000;106467.00000000;100810.00000000;95602.70000000;90775.90000000;86271.00000000;82028.90000000;78011.60000000;         ;         ;         ;         ;         ;         ;         ;         ;         ;         ;         ;         ;         ;         ;         
;95% LL;309.98500000;448.69700000;888.21600000;1981.04000000;4632.48000000;11814.60000000;27101.70000000;57637.20000000;109608.00000000;186077.00000000;285574.00000000;402982.00000000;522569.00000000;636738.00000000;743436.00000000;833753.00000000;907128.00000000;957876.00000000;989821.00000000;1001730.00000000;998745.00000000;981852.00000000;962979.00000000;936540.00000000;907520.00000000;875936.00000000;843191.00000000;815818.00000000;788460.00000000;764420.00000000;744290.00000000;726323.00000000;709054.00000000;690543.00000000;672445.00000000;655886.00000000;640266.00000000;623512.00000000;610502.00000000;598250.00000000;583875.00000000;566206.00000000;547871.00000000;528817.00000000;507273.00000000;478313.00000000;445886.00000000;410491.00000000;372998.00000000;336937.00000000;305800.00000000;278793.00000000;253729.00000000;229870.00000000;207924.00000000;189556.00000000;173411.00000000;159801.00000000;147991.00000000;137498.00000000;128259.00000000;120175.00000000;113001.00000000;106583.00000000;100752.00000000;95338.80000000;90313.60000000;85649.00000000;81291.40000000;77187.00000000;73301.50000000;         ;         ;         ;         ;         ;         ;         ;         ;         ;         ;         ;         ;         ;         ;         
;95% UL;901.92400000;1263.54000000;2252.41000000;4478.96000000;9996.67000000;23249.60000000;51710.80000000;103685.00000000;180159.00000000;279759.00000000;397950.00000000;526546.00000000;648670.00000000;761953.00000000;863439.00000000;948335.00000000;1011830.00000000;1058800.00000000;1087130.00000000;1095990.00000000;1087310.00000000;1064620.00000000;1039750.00000000;1008940.00000000;975781.00000000;941119.00000000;902759.00000000;872458.00000000;843854.00000000;819144.00000000;798318.00000000;780799.00000000;763077.00000000;743902.00000000;724812.00000000;707837.00000000;689122.00000000;671669.00000000;657785.00000000;645596.00000000;630672.00000000;613478.00000000;594764.00000000;575361.00000000;552770.00000000;522466.00000000;488874.00000000;451001.00000000;411094.00000000;372552.00000000;339800.00000000;311887.00000000;285729.00000000;260567.00000000;237145.00000000;217303.00000000;199743.00000000;184592.00000000;171325.00000000;159427.00000000;148868.00000000;139713.00000000;131567.00000000;124275.00000000;117446.00000000;111197.00000000;105492.00000000;100473.00000000;95776.20000000;91338.10000000;87118.60000000;         ;         ;         ;         ;         ;         ;         ;         ;         ;         ;         ;         ;         ;         ;         
Total males aged 15-24 who are living with HIV;Mean;137.17900000;188.12500000;349.25300000;734.16000000;1656.54000000;3844.08000000;8668.00000000;18416.00000000;34437.60000000;57122.10000000;85594.90000000;117642.00000000;148391.00000000;176948.00000000;201672.00000000;221747.00000000;236840.00000000;246626.00000000;250951.00000000;250308.00000000;245367.00000000;237135.00000000;229431.00000000;220472.00000000;211606.00000000;203306.00000000;195677.00000000;189910.00000000;185897.00000000;183867.00000000;183796.00000000;184664.00000000;185712.00000000;186209.00000000;186398.00000000;187073.00000000;187556.00000000;187924.00000000;188480.00000000;188121.00000000;185310.00000000;180585.00000000;174580.00000000;167577.00000000;159445.00000000;148648.00000000;136713.00000000;124135.00000000;111531.00000000;99870.50000000;90493.40000000;82908.90000000;75881.90000000;69106.70000000;62820.80000000;57760.10000000;53330.00000000;49708.60000000;46558.90000000;43738.80000000;41230.80000000;39008.70000000;36997.60000000;35153.40000000;33443.20000000;31839.30000000;30323.70000000;28888.80000000;27529.60000000;26230.60000000;24983.60000000;         ;         ;         ;         ;         ;         ;         ;         ;         ;         ;         ;         ;         ;         ;         
;95% LL;79.14730000;112.32600000;214.56100000;462.60800000;1065.60000000;2606.11000000;6071.56000000;13611.70000000;26396.30000000;45572.70000000;70986.00000000;100287.00000000;128633.00000000;155711.00000000;179282.00000000;199267.00000000;214225.00000000;224219.00000000;228749.00000000;229006.00000000;225154.00000000;218105.00000000;211397.00000000;203428.00000000;195488.00000000;188308.00000000;181635.00000000;176607.00000000;173216.00000000;171806.00000000;172555.00000000;173985.00000000;175650.00000000;176793.00000000;177906.00000000;179604.00000000;180841.00000000;181522.00000000;182325.00000000;182453.00000000;180058.00000000;175538.00000000;169714.00000000;162849.00000000;154836.00000000;144268.00000000;132633.00000000;120402.00000000;108153.00000000;96814.80000000;87591.50000000;80022.50000000;73066.10000000;66388.90000000;60203.70000000;55295.10000000;51023.30000000;47557.50000000;44556.20000000;41807.80000000;39502.30000000;37377.10000000;35468.20000000;33679.20000000;32031.70000000;30481.60000000;29013.00000000;27619.60000000;26297.90000000;25034.80000000;23816.80000000;         ;         ;         ;         ;         ;         ;         ;         ;         ;         ;         ;         ;         ;         ;         
;95% UL;230.28500000;319.29600000;572.67900000;1119.37000000;2370.10000000;5384.45000000;11734.30000000;23941.90000000;43077.90000000;68952.30000000;100438.00000000;133085.00000000;162878.00000000;191937.00000000;217278.00000000;239121.00000000;255729.00000000;266306.00000000;270485.00000000;269024.00000000;263079.00000000;253934.00000000;245342.00000000;235298.00000000;225253.00000000;215880.00000000;207370.00000000;200834.00000000;196138.00000000;193492.00000000;192825.00000000;193088.00000000;193505.00000000;193361.00000000;192927.00000000;192999.00000000;192903.00000000;192752.00000000;192872.00000000;192476.00000000;189594.00000000;184976.00000000;178960.00000000;172048.00000000;163940.00000000;152955.00000000;140853.00000000;128167.00000000;115424.00000000;103743.00000000;94277.50000000;86613.80000000;79488.40000000;72678.50000000;66192.00000000;61055.70000000;56553.50000000;52905.50000000;49731.80000000;46881.20000000;44339.00000000;42087.50000000;40054.90000000;38173.10000000;36363.80000000;34661.40000000;33150.00000000;31710.50000000;30338.70000000;29018.10000000;27668.40000000;         ;         ;         ;         ;         ;         ;         ;         ;         ;         ;         ;         ;         ;         ;         
Total females aged 15-24 who are living with HIV;Mean;400.09200000;580.19200000;1086.59000000;2340.84000000;5462.23000000;12994.20000000;29756.60000000;61281.90000000;110536.00000000;177507.00000000;259923.00000000;353042.00000000;445468.00000000;533751.00000000;613007.00000000;680046.00000000;733213.00000000;771538.00000000;795478.00000000;806010.00000000;804222.00000000;792344.00000000;777864.00000000;757760.00000000;734589.00000000;709429.00000000;680919.00000000;656597.00000000;632879.00000000;610905.00000000;590920.00000000;572110.00000000;553731.00000000;534503.00000000;515842.00000000;498050.00000000;479731.00000000;461990.00000000;447699.00000000;435078.00000000;421495.00000000;408030.00000000;394390.00000000;381080.00000000;366457.00000000;346962.00000000;325185.00000000;301184.00000000;275709.00000000;250702.00000000;228432.00000000;208545.00000000;189994.00000000;172327.00000000;155995.00000000;142009.00000000;129663.00000000;119097.00000000;109888.00000000;101678.00000000;94420.70000000;88062.40000000;82458.40000000;77494.00000000;73023.50000000;68970.30000000;65279.00000000;61887.10000000;58741.40000000;55798.30000000;53028.00000000;         ;         ;         ;         ;         ;         ;         ;         ;         ;         ;         ;         ;         ;         ;         
;95% LL;230.83800000;336.14100000;669.87700000;1512.90000000;3566.89000000;9049.77000000;21067.60000000;44280.50000000;83558.00000000;139883.00000000;213930.00000000;301133.00000000;391756.00000000;480581.00000000;561304.00000000;630591.00000000;687576.00000000;728075.00000000;754359.00000000;766826.00000000;767442.00000000;756405.00000000;743705.00000000;726063.00000000;705176.00000000;681179.00000000;653706.00000000;629995.00000000;606695.00000000;584999.00000000;565233.00000000;546642.00000000;528521.00000000;509646.00000000;491410.00000000;474263.00000000;456958.00000000;439641.00000000;426179.00000000;414392.00000000;401702.00000000;389140.00000000;376440.00000000;364055.00000000;350370.00000000;331941.00000000;311232.00000000;288292.00000000;263491.00000000;239131.00000000;217697.00000000;198171.00000000;180224.00000000;163182.00000000;147459.00000000;134026.00000000;122194.00000000;112089.00000000;103342.00000000;95598.50000000;88726.60000000;82620.40000000;77248.70000000;72494.30000000;68213.20000000;64328.90000000;60786.70000000;57535.30000000;54583.00000000;51824.20000000;49226.20000000;         ;         ;         ;         ;         ;         ;         ;         ;         ;         ;         ;         ;         ;         ;         
;95% UL;671.63900000;943.36800000;1688.49000000;3359.58000000;7646.39000000;17927.70000000;39788.60000000;79848.70000000;137162.00000000;211030.00000000;296879.00000000;394839.00000000;486431.00000000;575311.00000000;654085.00000000;717268.00000000;768574.00000000;805257.00000000;828062.00000000;836218.00000000;833826.00000000;820056.00000000;805629.00000000;785760.00000000;761547.00000000;734648.00000000;705094.00000000;679781.00000000;655744.00000000;633919.00000000;613631.00000000;593916.00000000;574695.00000000;555405.00000000;536301.00000000;517712.00000000;498565.00000000;480157.00000000;465935.00000000;454441.00000000;441783.00000000;429147.00000000;416232.00000000;403255.00000000;388951.00000000;368762.00000000;346448.00000000;321483.00000000;295670.00000000;269678.00000000;246408.00000000;225935.00000000;206704.00000000;188260.00000000;171103.00000000;156316.00000000;142886.00000000;131370.00000000;121325.00000000;112408.00000000;104546.00000000;97703.40000000;91617.40000000;86148.50000000;81253.50000000;76905.70000000;73015.30000000;69344.40000000;65937.40000000;62745.60000000;59798.30000000;         ;         ;         ;         ;         ;         ;         ;         ;         ;         ;         ;         ;         ;         ;         
Total people living with HIV, aged 15-49;Mean;1578.30000000;2381.15000000;4774.49000000;11053.60000000;27253.30000000;67033.90000000;154089.00000000;312576.00000000;544607.00000000;839974.00000000;1187910.00000000;1576220.00000000;1968680.00000000;2361880.00000000;2741640.00000000;3096260.00000000;3416760.00000000;3707290.00000000;3956780.00000000;4166050.00000000;4336890.00000000;4482860.00000000;4635620.00000000;4785800.00000000;4936490.00000000;5085940.00000000;5237910.00000000;5399150.00000000;5563030.00000000;5722550.00000000;5870780.00000000;6005530.00000000;6121740.00000000;6214030.00000000;6288730.00000000;6343790.00000000;6372370.00000000;6380270.00000000;6371710.00000000;6341930.00000000;6290820.00000000;6221200.00000000;6135380.00000000;6032980.00000000;5912830.00000000;5771660.00000000;5610080.00000000;5428900.00000000;5231430.00000000;5023210.00000000;4809790.00000000;4592430.00000000;4378210.00000000;4169700.00000000;3968280.00000000;3774750.00000000;3589700.00000000;3413990.00000000;3247500.00000000;3089460.00000000;2938900.00000000;2795080.00000000;2658290.00000000;2532610.00000000;2414500.00000000;2300330.00000000;2190300.00000000;2082160.00000000;1976420.00000000;1871060.00000000;1761910.00000000;         ;         ;         ;         ;         ;         ;         ;         ;         ;         ;         ;         ;         ;         ;         
;95% LL;910.62200000;1404.64000000;3034.70000000;7088.70000000;18599.30000000;46481.60000000;106983.00000000;216332.00000000;388452.00000000;637382.00000000;955964.00000000;1327750.00000000;1705690.00000000;2094380.00000000;2478250.00000000;2844870.00000000;3186790.00000000;3508340.00000000;3780810.00000000;4007040.00000000;4190910.00000000;4343670.00000000;4501310.00000000;4656110.00000000;4812950.00000000;4964590.00000000;5118890.00000000;5281300.00000000;5445460.00000000;5602920.00000000;5751510.00000000;5884910.00000000;5999460.00000000;6089370.00000000;6161250.00000000;6212910.00000000;6236320.00000000;6243690.00000000;6234300.00000000;6202970.00000000;6150830.00000000;6080480.00000000;5993030.00000000;5889660.00000000;5767580.00000000;5628390.00000000;5465390.00000000;5281940.00000000;5085480.00000000;4880050.00000000;4667730.00000000;4452240.00000000;4238450.00000000;4031890.00000000;3836030.00000000;3647170.00000000;3468390.00000000;3296710.00000000;3133570.00000000;2978940.00000000;2831780.00000000;2691300.00000000;2557750.00000000;2434980.00000000;2319590.00000000;2207770.00000000;2099110.00000000;1992490.00000000;1888390.00000000;1785240.00000000;1680010.00000000;         ;         ;         ;         ;         ;         ;         ;         ;         ;         ;         ;         ;         ;         ;         
;95% UL;2649.52000000;3915.83000000;7238.89000000;15762.80000000;38124.10000000;92676.10000000;214238.00000000;404017.00000000;666453.00000000;986671.00000000;1353820.00000000;1754950.00000000;2151480.00000000;2547750.00000000;2920710.00000000;3260730.00000000;3564510.00000000;3838870.00000000;4084140.00000000;4287860.00000000;4452400.00000000;4591800.00000000;4738690.00000000;4883340.00000000;5028970.00000000;5173950.00000000;5322310.00000000;5482180.00000000;5654090.00000000;5819130.00000000;5975240.00000000;6118950.00000000;6243680.00000000;6340430.00000000;6421530.00000000;6483180.00000000;6517850.00000000;6531470.00000000;6525040.00000000;6496660.00000000;6452440.00000000;6385950.00000000;6302820.00000000;6202970.00000000;6086670.00000000;5949520.00000000;5791520.00000000;5615860.00000000;5418420.00000000;5221180.00000000;5009250.00000000;4797870.00000000;4590810.00000000;4388070.00000000;4191000.00000000;3994210.00000000;3804460.00000000;3629570.00000000;3459350.00000000;3296710.00000000;3141350.00000000;2992590.00000000;2850810.00000000;2720390.00000000;2597670.00000000;2478820.00000000;2364050.00000000;2250990.00000000;2140760.00000000;2031080.00000000;1915310.00000000;         ;         ;         ;         ;         ;         ;         ;         ;         ;         ;         ;         ;         ;         ;         
Total males aged 15-49 who are living with HIV;Mean;699.31200000;1116.02000000;2416.61000000;5875.17000000;14837.60000000;36801.10000000;83857.40000000;167679.00000000;284852.00000000;426023.00000000;583479.00000000;750278.00000000;908698.00000000;1058510.00000000;1194600.00000000;1313850.00000000;1414680.00000000;1503530.00000000;1574750.00000000;1630160.00000000;1671660.00000000;1704150.00000000;1740380.00000000;1776260.00000000;1813730.00000000;1852670.00000000;1895910.00000000;1941990.00000000;1991290.00000000;2040100.00000000;2084730.00000000;2123940.00000000;2155670.00000000;2177490.00000000;2192290.00000000;2199620.00000000;2196740.00000000;2185820.00000000;2168690.00000000;2143870.00000000;2111230.00000000;2072140.00000000;2027810.00000000;1978330.00000000;1923430.00000000;1862010.00000000;1794740.00000000;1722140.00000000;1645710.00000000;1567500.00000000;1489410.00000000;1412230.00000000;1338270.00000000;1268090.00000000;1201910.00000000;1139790.00000000;1081830.00000000;1027950.00000000;977883.00000000;931016.00000000;886948.00000000;845254.00000000;805920.00000000;769734.00000000;735570.00000000;702412.00000000;669984.00000000;637664.00000000;605527.00000000;573475.00000000;540535.00000000;         ;         ;         ;         ;         ;         ;         ;         ;         ;         ;         ;         ;         ;         ;         
;95% LL;403.47600000;671.51500000;1504.13000000;3718.91000000;10051.60000000;24826.70000000;55558.60000000;111305.00000000;198557.00000000;318193.00000000;455465.00000000;608001.00000000;761114.00000000;915894.00000000;1052460.00000000;1176710.00000000;1288670.00000000;1386150.00000000;1468760.00000000;1531400.00000000;1575040.00000000;1609930.00000000;1648050.00000000;1685760.00000000;1724850.00000000;1765220.00000000;1809570.00000000;1856350.00000000;1905570.00000000;1953840.00000000;1997930.00000000;2036810.00000000;2068250.00000000;2089630.00000000;2103870.00000000;2110690.00000000;2107940.00000000;2098210.00000000;2081810.00000000;2057250.00000000;2024510.00000000;1985170.00000000;1940650.00000000;1890570.00000000;1835120.00000000;1773490.00000000;1707620.00000000;1636880.00000000;1562460.00000000;1486080.00000000;1410220.00000000;1335670.00000000;1264600.00000000;1197520.00000000;1134570.00000000;1076090.00000000;1021930.00000000;971788.00000000;925356.00000000;881993.00000000;841272.00000000;802749.00000000;766139.00000000;730783.00000000;697537.00000000;666057.00000000;634669.00000000;603534.00000000;572823.00000000;542148.00000000;510572.00000000;         ;         ;         ;         ;         ;         ;         ;         ;         ;         ;         ;         ;         ;         ;         
;95% UL;1173.94000000;1817.52000000;3587.93000000;8345.56000000;21093.90000000;51979.80000000;116645.00000000;219047.00000000;355865.00000000;503094.00000000;664740.00000000;831925.00000000;998758.00000000;1154290.00000000;1293520.00000000;1413600.00000000;1513320.00000000;1599970.00000000;1667860.00000000;1719240.00000000;1756440.00000000;1784690.00000000;1817440.00000000;1850290.00000000;1885260.00000000;1922270.00000000;1964270.00000000;2009740.00000000;2059280.00000000;2108770.00000000;2154030.00000000;2193740.00000000;2225870.00000000;2248090.00000000;2263350.00000000;2270980.00000000;2268080.00000000;2257090.00000000;2240080.00000000;2215560.00000000;2183310.00000000;2144630.00000000;2100610.00000000;2051220.00000000;1996180.00000000;1934260.00000000;1866090.00000000;1792130.00000000;1713900.00000000;1633470.00000000;1552830.00000000;1472770.00000000;1395740.00000000;1322380.00000000;1252940.00000000;1187550.00000000;1126360.00000000;1069330.00000000;1016220.00000000;966446.00000000;919601.00000000;876119.00000000;837151.00000000;801214.00000000;767217.00000000;734157.00000000;701685.00000000;668534.00000000;635241.00000000;602025.00000000;567889.00000000;         ;         ;         ;         ;         ;         ;         ;         ;         ;         ;         ;         ;         ;         ;         
Total females aged 15-49 who are living with HIV;Mean;878.99300000;1265.13000000;2357.88000000;5178.40000000;12415.80000000;30232.80000000;70232.00000000;144896.00000000;259754.00000000;413951.00000000;604435.00000000;825937.00000000;1059990.00000000;1303380.00000000;1547030.00000000;1782410.00000000;2002080.00000000;2203760.00000000;2382030.00000000;2535890.00000000;2665240.00000000;2778720.00000000;2895240.00000000;3009540.00000000;3122760.00000000;3233270.00000000;3341990.00000000;3457170.00000000;3571750.00000000;3682450.00000000;3786050.00000000;3881580.00000000;3966070.00000000;4036530.00000000;4096440.00000000;4144170.00000000;4175630.00000000;4194450.00000000;4203020.00000000;4198050.00000000;4179590.00000000;4149060.00000000;4107570.00000000;4054650.00000000;3989400.00000000;3909660.00000000;3815340.00000000;3706760.00000000;3585720.00000000;3455720.00000000;3320380.00000000;3180200.00000000;3039940.00000000;2901610.00000000;2766370.00000000;2634970.00000000;2507870.00000000;2386040.00000000;2269620.00000000;2158440.00000000;2051950.00000000;1949820.00000000;1852370.00000000;1762870.00000000;1678930.00000000;1597920.00000000;1520310.00000000;1444500.00000000;1370890.00000000;1297580.00000000;1221380.00000000;         ;         ;         ;         ;         ;         ;         ;         ;         ;         ;         ;         ;         ;         ;         
;95% LL;507.14600000;733.12200000;1455.68000000;3369.79000000;8266.98000000;21245.00000000;49941.40000000;105265.00000000;196504.00000000;326147.00000000;497104.00000000;705419.00000000;934250.00000000;1178760.00000000;1423860.00000000;1662850.00000000;1883070.00000000;2092430.00000000;2276270.00000000;2443600.00000000;2576390.00000000;2692690.00000000;2814510.00000000;2932190.00000000;3044090.00000000;3153650.00000000;3261670.00000000;3376030.00000000;3489910.00000000;3599930.00000000;3702740.00000000;3797470.00000000;3881070.00000000;3950390.00000000;4009080.00000000;4055960.00000000;4086710.00000000;4103540.00000000;4111330.00000000;4105910.00000000;4086710.00000000;4054800.00000000;4012780.00000000;3958570.00000000;3893500.00000000;3811710.00000000;3718360.00000000;3607310.00000000;3484110.00000000;3352290.00000000;3215510.00000000;3074910.00000000;2936020.00000000;2799210.00000000;2665650.00000000;2536040.00000000;2410870.00000000;2291090.00000000;2176810.00000000;2067910.00000000;1963810.00000000;1864200.00000000;1768280.00000000;1680710.00000000;1599260.00000000;1520770.00000000;1445670.00000000;1372430.00000000;1301450.00000000;1230740.00000000;1156700.00000000;         ;         ;         ;         ;         ;         ;         ;         ;         ;         ;         ;         ;         ;         ;         
;95% UL;1475.58000000;2066.66000000;3632.83000000;7417.19000000;17464.50000000;42201.90000000;94752.10000000;187639.00000000;319631.00000000;490554.00000000;695238.00000000;927431.00000000;1166750.00000000;1410930.00000000;1651340.00000000;1880100.00000000;2090600.00000000;2289320.00000000;2459320.00000000;2606280.00000000;2730920.00000000;2843540.00000000;2958370.00000000;3073340.00000000;3190440.00000000;3305500.00000000;3413430.00000000;3537550.00000000;3655760.00000000;3769520.00000000;3878550.00000000;3979770.00000000;4069390.00000000;4144440.00000000;4208490.00000000;4260970.00000000;4295170.00000000;4316680.00000000;4328110.00000000;4326100.00000000;4310650.00000000;4284650.00000000;4247780.00000000;4199670.00000000;4138910.00000000;4063350.00000000;3972860.00000000;3868040.00000000;3749330.00000000;3625190.00000000;3497810.00000000;3364620.00000000;3227080.00000000;3087680.00000000;2950470.00000000;2816180.00000000;2685410.00000000;2559100.00000000;2437510.00000000;2320570.00000000;2208890.00000000;2100440.00000000;2000880.00000000;1909250.00000000;1822750.00000000;1740500.00000000;1661320.00000000;1583470.00000000;1507300.00000000;1430740.00000000;1350400.00000000;         ;         ;         ;         ;         ;         ;         ;         ;         ;         ;         ;         ;         ;         ;         
Total people living with HIV, aged 25-49;Mean;1041.03000000;1612.84000000;3338.65000000;7978.56000000;20134.60000000;50195.60000000;115665.00000000;232878.00000000;399633.00000000;605345.00000000;842397.00000000;1105530.00000000;1374830.00000000;1651180.00000000;1926960.00000000;2194470.00000000;2446710.00000000;2689120.00000000;2910350.00000000;3109730.00000000;3287300.00000000;3453390.00000000;3628330.00000000;3807570.00000000;3990300.00000000;4173200.00000000;4361310.00000000;4552650.00000000;4744260.00000000;4927780.00000000;5096060.00000000;5248750.00000000;5382290.00000000;5493310.00000000;5586490.00000000;5658660.00000000;5705080.00000000;5730350.00000000;5735530.00000000;5718730.00000000;5684020.00000000;5632580.00000000;5566410.00000000;5484320.00000000;5386920.00000000;5276050.00000000;5148180.00000000;5003580.00000000;4844190.00000000;4672640.00000000;4490860.00000000;4300980.00000000;4112330.00000000;3928270.00000000;3749460.00000000;3574980.00000000;3406710.00000000;3245190.00000000;3091050.00000000;2944040.00000000;2803250.00000000;2668010.00000000;2538840.00000000;2419960.00000000;2308040.00000000;2199520.00000000;2094690.00000000;1991380.00000000;1890150.00000000;1789030.00000000;1683900.00000000;         ;         ;         ;         ;         ;         ;         ;         ;         ;         ;         ;         ;         ;         ;         
;95% LL;600.63700000;955.94000000;2127.85000000;5097.89000000;14030.70000000;34509.70000000;78773.00000000;155927.00000000;280107.00000000;456280.00000000;666957.00000000;910041.00000000;1178120.00000000;1460390.00000000;1744950.00000000;2019510.00000000;2279180.00000000;2540190.00000000;2779400.00000000;2984790.00000000;3169420.00000000;3344100.00000000;3523500.00000000;3706200.00000000;3891560.00000000;4076410.00000000;4265900.00000000;4457850.00000000;4644530.00000000;4822610.00000000;4985660.00000000;5134860.00000000;5267790.00000000;5377630.00000000;5469170.00000000;5539410.00000000;5582620.00000000;5604440.00000000;5609040.00000000;5588870.00000000;5552400.00000000;5501230.00000000;5433350.00000000;5350380.00000000;5252900.00000000;5142860.00000000;5014930.00000000;4867110.00000000;4704940.00000000;4533340.00000000;4357220.00000000;4171370.00000000;3984900.00000000;3802320.00000000;3624630.00000000;3455730.00000000;3292250.00000000;3136090.00000000;2985230.00000000;2841130.00000000;2703270.00000000;2570930.00000000;2444600.00000000;2328290.00000000;2218770.00000000;2112430.00000000;2008790.00000000;1906840.00000000;1807100.00000000;1708510.00000000;1606580.00000000;         ;         ;         ;         ;         ;         ;         ;         ;         ;         ;         ;         ;         ;         ;         
;95% UL;1747.60000000;2638.52000000;4921.08000000;11422.00000000;28235.80000000;69390.50000000;161525.00000000;300956.00000000;488580.00000000;708042.00000000;954980.00000000;1228330.00000000;1502480.00000000;1780270.00000000;2049060.00000000;2307200.00000000;2548230.00000000;2780910.00000000;2997010.00000000;3191870.00000000;3365090.00000000;3527180.00000000;3698940.00000000;3875540.00000000;4056110.00000000;4237290.00000000;4426890.00000000;4625820.00000000;4828120.00000000;5019960.00000000;5195050.00000000;5354530.00000000;5494940.00000000;5612050.00000000;5710180.00000000;5785880.00000000;5833020.00000000;5865360.00000000;5877960.00000000;5861840.00000000;5829740.00000000;5780250.00000000;5721060.00000000;5643350.00000000;5547800.00000000;5438720.00000000;5312480.00000000;5169350.00000000;5011180.00000000;4844440.00000000;4666950.00000000;4485980.00000000;4305080.00000000;4127500.00000000;3953860.00000000;3778510.00000000;3605830.00000000;3444330.00000000;3288350.00000000;3137440.00000000;2992490.00000000;2852880.00000000;2719240.00000000;2596110.00000000;2480020.00000000;2367220.00000000;2258020.00000000;2150120.00000000;2045710.00000000;1940490.00000000;1829050.00000000;         ;         ;         ;         ;         ;         ;         ;         ;         ;         ;         ;         ;         ;         ;         
Total males aged 25-49 who are living with HIV;Mean;562.13300000;927.89800000;2067.36000000;5141.01000000;13181.00000000;32957.10000000;75189.40000000;149263.00000000;250415.00000000;368901.00000000;497884.00000000;632637.00000000;760307.00000000;881558.00000000;992933.00000000;1092110.00000000;1177840.00000000;1256900.00000000;1323800.00000000;1379850.00000000;1426290.00000000;1467010.00000000;1510950.00000000;1555790.00000000;1602120.00000000;1649370.00000000;1700240.00000000;1752080.00000000;1805390.00000000;1856230.00000000;1900930.00000000;1939280.00000000;1969960.00000000;1991280.00000000;2005890.00000000;2012540.00000000;2009190.00000000;1997890.00000000;1980210.00000000;1955750.00000000;1925920.00000000;1891550.00000000;1853230.00000000;1810750.00000000;1763980.00000000;1713360.00000000;1658030.00000000;1598000.00000000;1534180.00000000;1467630.00000000;1398910.00000000;1329320.00000000;1262380.00000000;1198990.00000000;1139090.00000000;1082030.00000000;1028500.00000000;978240.00000000;931324.00000000;887278.00000000;845718.00000000;806245.00000000;768923.00000000;734581.00000000;702127.00000000;670573.00000000;639660.00000000;608775.00000000;577997.00000000;547244.00000000;515551.00000000;         ;         ;         ;         ;         ;         ;         ;         ;         ;         ;         ;         ;         ;         ;         
;95% LL;324.32900000;558.96000000;1291.51000000;3245.28000000;8950.56000000;21900.90000000;48268.90000000;97796.30000000;171356.00000000;270319.00000000;382010.00000000;506717.00000000;632481.00000000;757079.00000000;873072.00000000;979001.00000000;1074270.00000000;1157500.00000000;1234610.00000000;1299040.00000000;1348230.00000000;1390450.00000000;1435500.00000000;1481770.00000000;1532940.00000000;1578040.00000000;1627560.00000000;1679390.00000000;1732000.00000000;1781740.00000000;1825370.00000000;1862820.00000000;1892600.00000000;1912840.00000000;1926220.00000000;1931710.00000000;1927460.00000000;1915350.00000000;1896820.00000000;1871960.00000000;1841610.00000000;1806720.00000000;1768000.00000000;1725340.00000000;1678630.00000000;1628190.00000000;1573530.00000000;1514870.00000000;1453100.00000000;1388910.00000000;1322370.00000000;1255350.00000000;1191240.00000000;1130850.00000000;1074080.00000000;1020220.00000000;970315.00000000;923654.00000000;880220.00000000;839518.00000000;801142.00000000;764684.00000000;730167.00000000;697049.00000000;665591.00000000;635350.00000000;605237.00000000;575527.00000000;546136.00000000;516726.00000000;486368.00000000;         ;         ;         ;         ;         ;         ;         ;         ;         ;         ;         ;         ;         ;         ;         
;95% UL;943.65900000;1496.33000000;3049.37000000;7318.97000000;18955.80000000;46765.20000000;104592.00000000;195688.00000000;309585.00000000;435633.00000000;564250.00000000;706982.00000000;840699.00000000;965314.00000000;1077690.00000000;1175910.00000000;1259240.00000000;1335340.00000000;1398680.00000000;1450950.00000000;1493740.00000000;1531150.00000000;1572510.00000000;1615320.00000000;1660140.00000000;1706390.00000000;1756900.00000000;1808910.00000000;1863140.00000000;1915280.00000000;1961210.00000000;2000650.00000000;2032360.00000000;2054730.00000000;2070420.00000000;2077980.00000000;2075170.00000000;2064340.00000000;2047200.00000000;2023420.00000000;1994320.00000000;1960680.00000000;1922980.00000000;1880930.00000000;1834330.00000000;1783520.00000000;1727560.00000000;1666430.00000000;1601010.00000000;1532410.00000000;1461280.00000000;1388900.00000000;1318990.00000000;1252500.00000000;1189450.00000000;1129220.00000000;1072550.00000000;1019240.00000000;969393.00000000;922547.00000000;878324.00000000;836320.00000000;796630.00000000;762631.00000000;730433.00000000;699053.00000000;668162.00000000;637146.00000000;606062.00000000;574873.00000000;542474.00000000;         ;         ;         ;         ;         ;         ;         ;         ;         ;         ;         ;         ;         ;         ;         
Total females aged 25-49 who are living with HIV;Mean;478.90100000;684.93800000;1271.29000000;2837.56000000;6953.54000000;17238.60000000;40475.50000000;83614.50000000;149219.00000000;236444.00000000;344513.00000000;472896.00000000;614518.00000000;769625.00000000;934025.00000000;1102360.00000000;1268870.00000000;1432220.00000000;1586550.00000000;1729880.00000000;1861010.00000000;1986370.00000000;2117380.00000000;2251780.00000000;2388170.00000000;2523840.00000000;2661070.00000000;2800570.00000000;2938870.00000000;3071540.00000000;3195130.00000000;3309470.00000000;3412340.00000000;3502030.00000000;3580600.00000000;3646120.00000000;3695890.00000000;3732460.00000000;3755320.00000000;3762970.00000000;3758100.00000000;3741030.00000000;3713180.00000000;3673570.00000000;3622940.00000000;3562690.00000000;3490150.00000000;3405570.00000000;3310010.00000000;3205020.00000000;3091950.00000000;2971650.00000000;2849950.00000000;2729280.00000000;2610380.00000000;2492960.00000000;2378210.00000000;2266950.00000000;2159730.00000000;2056760.00000000;1957530.00000000;1861760.00000000;1769920.00000000;1685380.00000000;1605910.00000000;1528950.00000000;1455030.00000000;1382610.00000000;1312150.00000000;1241780.00000000;1168350.00000000;         ;         ;         ;         ;         ;         ;         ;         ;         ;         ;         ;         ;         ;         ;         
;95% LL;276.30800000;396.98100000;785.80600000;1856.90000000;4700.09000000;12194.60000000;28716.70000000;60242.90000000;112449.00000000;186264.00000000;283174.00000000;403435.00000000;541039.00000000;695748.00000000;858937.00000000;1026290.00000000;1192600.00000000;1359570.00000000;1518430.00000000;1668630.00000000;1803610.00000000;1928140.00000000;2059220.00000000;2193170.00000000;2329200.00000000;2464620.00000000;2601470.00000000;2740260.00000000;2877450.00000000;3009010.00000000;3131620.00000000;3245050.00000000;3346980.00000000;3434510.00000000;3510450.00000000;3573170.00000000;3619830.00000000;3654190.00000000;3675820.00000000;3682430.00000000;3675650.00000000;3656460.00000000;3627280.00000000;3586590.00000000;3535110.00000000;3474290.00000000;3401520.00000000;3315770.00000000;3218420.00000000;3111220.00000000;2998090.00000000;2878120.00000000;2756960.00000000;2635820.00000000;2517750.00000000;2401610.00000000;2288450.00000000;2179040.00000000;2073880.00000000;1973080.00000000;1875850.00000000;1781400.00000000;1690770.00000000;1608160.00000000;1530930.00000000;1456260.00000000;1384650.00000000;1314610.00000000;1246440.00000000;1178170.00000000;1106940.00000000;         ;         ;         ;         ;         ;         ;         ;         ;         ;         ;         ;         ;         ;         ;         
;95% UL;803.93800000;1123.29000000;1961.50000000;4047.33000000;9588.97000000;24091.60000000;54949.70000000;109492.00000000;184766.00000000;282137.00000000;399687.00000000;536723.00000000;685083.00000000;845074.00000000;1012110.00000000;1180520.00000000;1344480.00000000;1502970.00000000;1650300.00000000;1784980.00000000;1910930.00000000;2033750.00000000;2163210.00000000;2298910.00000000;2437400.00000000;2578550.00000000;2721430.00000000;2867250.00000000;3007220.00000000;3143120.00000000;3273000.00000000;3393130.00000000;3499570.00000000;3595540.00000000;3676810.00000000;3747650.00000000;3800780.00000000;3840620.00000000;3866750.00000000;3877630.00000000;3876930.00000000;3862270.00000000;3836940.00000000;3799960.00000000;3751750.00000000;3693750.00000000;3625530.00000000;3545340.00000000;3453030.00000000;3356000.00000000;3251410.00000000;3138690.00000000;3023610.00000000;2904230.00000000;2783640.00000000;2663680.00000000;2545650.00000000;2430330.00000000;2318380.00000000;2210130.00000000;2104920.00000000;2003910.00000000;1910340.00000000;1823260.00000000;1741810.00000000;1663470.00000000;1587990.00000000;1513650.00000000;1440900.00000000;1367670.00000000;1290490.00000000;         ;         ;         ;         ;         ;         ;         ;         ;         ;         ;         ;         ;         ;         ;         
Total people living with HIV, aged 50+;Mean;         ;30.99680000;121.88800000;365.26000000;1000.49000000;2566.04000000;5970.02000000;12090.70000000;21068.40000000;32699.40000000;46989.80000000;64082.30000000;83773.10000000;105992.00000000;130468.00000000;156722.00000000;184275.00000000;214432.00000000;245770.00000000;278057.00000000;310898.00000000;345288.00000000;380943.00000000;420305.00000000;464038.00000000;512565.00000000;567321.00000000;628075.00000000;696941.00000000;772468.00000000;853350.00000000;939154.00000000;1029580.00000000;1124700.00000000;1225890.00000000;1332170.00000000;1439980.00000000;1559010.00000000;1695010.00000000;1840220.00000000;1993550.00000000;2154200.00000000;2321540.00000000;2496020.00000000;2679190.00000000;2872660.00000000;3076810.00000000;3290360.00000000;3509770.00000000;3729840.00000000;3945080.00000000;4154250.00000000;4350500.00000000;4531570.00000000;4696430.00000000;4844610.00000000;4975810.00000000;5089470.00000000;5185980.00000000;5266410.00000000;5331990.00000000;5383740.00000000;5421590.00000000;5441750.00000000;5447930.00000000;5444040.00000000;5430080.00000000;5408530.00000000;5379110.00000000;5344080.00000000;5307870.00000000;         ;         ;         ;         ;         ;         ;         ;         ;         ;         ;         ;         ;         ;         ;         
;95% LL;         ;19.07910000;77.45170000;234.20700000;674.35000000;1696.67000000;3871.03000000;7699.82000000;13864.70000000;22560.40000000;33696.60000000;47665.90000000;64469.00000000;83914.60000000;106719.00000000;132385.00000000;160270.00000000;189943.00000000;219789.00000000;251987.00000000;286245.00000000;320369.00000000;355435.00000000;395764.00000000;438403.00000000;486250.00000000;540392.00000000;599075.00000000;667054.00000000;739734.00000000;817799.00000000;901020.00000000;992023.00000000;1085700.00000000;1185290.00000000;1290190.00000000;1396980.00000000;1514410.00000000;1649670.00000000;1792910.00000000;1944490.00000000;2103430.00000000;2267490.00000000;2439750.00000000;2623480.00000000;2817890.00000000;3018300.00000000;3226830.00000000;3440850.00000000;3655290.00000000;3864820.00000000;4068260.00000000;4258990.00000000;4434820.00000000;4594790.00000000;4738470.00000000;4865670.00000000;4975840.00000000;5069430.00000000;5147530.00000000;5211360.00000000;5261930.00000000;5299200.00000000;5319340.00000000;5323280.00000000;5316920.00000000;5300630.00000000;5277210.00000000;5246380.00000000;5211220.00000000;5175550.00000000;         ;         ;         ;         ;         ;         ;         ;         ;         ;         ;         ;         ;         ;         ;         
;95% UL;         ;46.26600000;176.87200000;510.89700000;1449.17000000;3641.12000000;8411.91000000;16251.70000000;26998.80000000;40317.70000000;55936.90000000;74298.80000000;95688.60000000;119724.00000000;145173.00000000;172657.00000000;200962.00000000;231515.00000000;262749.00000000;294461.00000000;326313.00000000;360194.00000000;396533.00000000;437426.00000000;484321.00000000;537273.00000000;595396.00000000;659659.00000000;731738.00000000;810235.00000000;893378.00000000;981394.00000000;1075020.00000000;1173850.00000000;1278710.00000000;1388510.00000000;1499390.00000000;1621590.00000000;1761180.00000000;1910040.00000000;2065430.00000000;2227240.00000000;2397800.00000000;2572710.00000000;2758870.00000000;2955480.00000000;3163050.00000000;3380450.00000000;3604230.00000000;3829250.00000000;4053430.00000000;4266970.00000000;4467450.00000000;4652820.00000000;4822040.00000000;4974570.00000000;5110060.00000000;5227860.00000000;5328330.00000000;5412460.00000000;5481450.00000000;5536260.00000000;5576820.00000000;5599190.00000000;5607190.00000000;5604850.00000000;5592400.00000000;5573980.00000000;5547540.00000000;5516310.00000000;5482390.00000000;         ;         ;         ;         ;         ;         ;         ;         ;         ;         ;         ;         ;         ;         ;         
Total males aged 50+ who are living with HIV;Mean;         ;23.72630000;100.73200000;312.70900000;870.07500000;2242.43000000;5201.16000000;10433.50000000;17893.40000000;27198.90000000;38122.00000000;50511.10000000;63865.10000000;77867.30000000;92072.10000000;105951.00000000;119103.00000000;132558.00000000;145254.00000000;157170.00000000;168309.00000000;179423.00000000;190265.00000000;202345.00000000;215980.00000000;231300.00000000;249012.00000000;269028.00000000;292110.00000000;317377.00000000;344172.00000000;372395.00000000;402113.00000000;433488.00000000;467043.00000000;502483.00000000;538058.00000000;577499.00000000;623266.00000000;672034.00000000;723313.00000000;776751.00000000;832000.00000000;889104.00000000;948422.00000000;1010260.00000000;1074450.00000000;1140280.00000000;1206380.00000000;1270880.00000000;1331930.00000000;1388760.00000000;1439220.00000000;1482840.00000000;1519590.00000000;1549540.00000000;1572720.00000000;1589360.00000000;1599850.00000000;1604950.00000000;1605200.00000000;1601150.00000000;1592960.00000000;1579970.00000000;1563430.00000000;1544500.00000000;1523560.00000000;1501390.00000000;1478030.00000000;1453720.00000000;1429580.00000000;         ;         ;         ;         ;         ;         ;         ;         ;         ;         ;         ;         ;         ;         ;         
;95% LL;         ;14.44970000;63.70540000;203.67400000;578.51600000;1469.75000000;3231.54000000;6480.16000000;11442.20000000;17993.00000000;26226.40000000;36063.40000000;47195.70000000;59449.90000000;72539.70000000;86077.50000000;98910.90000000;112351.00000000;126414.00000000;140832.00000000;153169.00000000;165675.00000000;177765.00000000;191273.00000000;205136.00000000;221121.00000000;239187.00000000;259618.00000000;282836.00000000;307872.00000000;334067.00000000;361965.00000000;391075.00000000;421912.00000000;455001.00000000;490060.00000000;525418.00000000;564718.00000000;610373.00000000;659169.00000000;710056.00000000;762615.00000000;816865.00000000;872839.00000000;930871.00000000;991254.00000000;1053810.00000000;1117830.00000000;1181950.00000000;1244360.00000000;1303240.00000000;1357860.00000000;1406140.00000000;1447020.00000000;1480730.00000000;1507700.00000000;1527810.00000000;1541070.00000000;1548400.00000000;1550590.00000000;1548210.00000000;1541830.00000000;1531630.00000000;1517080.00000000;1499290.00000000;1479510.00000000;1458050.00000000;1435540.00000000;1412090.00000000;1387880.00000000;1363990.00000000;         ;         ;         ;         ;         ;         ;         ;         ;         ;         ;         ;         ;         ;         ;         
;95% UL;         ;35.12970000;145.13300000;439.71200000;1270.61000000;3242.53000000;7386.63000000;14093.30000000;22987.00000000;33647.20000000;45165.50000000;59249.00000000;74472.50000000;90155.30000000;105737.00000000;120582.00000000;134234.00000000;147852.00000000;160257.00000000;171469.00000000;181566.00000000;191405.00000000;200783.00000000;211365.00000000;223525.00000000;239268.00000000;258803.00000000;280441.00000000;304775.00000000;331529.00000000;359654.00000000;389066.00000000;419847.00000000;452184.00000000;486642.00000000;522870.00000000;558980.00000000;598923.00000000;645189.00000000;694488.00000000;745934.00000000;799189.00000000;855471.00000000;913563.00000000;973713.00000000;1036300.00000000;1101460.00000000;1168620.00000000;1235630.00000000;1301050.00000000;1363040.00000000;1420830.00000000;1472260.00000000;1516870.00000000;1554210.00000000;1584050.00000000;1608830.00000000;1628390.00000000;1641570.00000000;1649120.00000000;1651590.00000000;1649520.00000000;1643020.00000000;1631290.00000000;1615680.00000000;1597380.00000000;1576800.00000000;1554740.00000000;1531250.00000000;1506640.00000000;1482090.00000000;         ;         ;         ;         ;         ;         ;         ;         ;         ;         ;         ;         ;         ;         ;         
Total females aged 50+ who are living with HIV;Mean;         ;7.27050000;21.15530000;52.55070000;130.41300000;323.60800000;768.86200000;1657.25000000;3174.96000000;5500.53000000;8867.80000000;13571.20000000;19908.00000000;28124.30000000;38396.40000000;50771.50000000;65171.90000000;81874.10000000;100515.00000000;120887.00000000;142588.00000000;165865.00000000;190678.00000000;217960.00000000;248058.00000000;281265.00000000;318309.00000000;359047.00000000;404831.00000000;455092.00000000;509179.00000000;566760.00000000;627468.00000000;691216.00000000;758846.00000000;829685.00000000;901924.00000000;981507.00000000;1071740.00000000;1168190.00000000;1270240.00000000;1377450.00000000;1489540.00000000;1606920.00000000;1730770.00000000;1862400.00000000;2002350.00000000;2150080.00000000;2303390.00000000;2458960.00000000;2613150.00000000;2765490.00000000;2911280.00000000;3048730.00000000;3176840.00000000;3295070.00000000;3403090.00000000;3500110.00000000;3586130.00000000;3661460.00000000;3726800.00000000;3782580.00000000;3828630.00000000;3861780.00000000;3884500.00000000;3899550.00000000;3906520.00000000;3907140.00000000;3901080.00000000;3890360.00000000;3878300.00000000;         ;         ;         ;         ;         ;         ;         ;         ;         ;         ;         ;         ;         ;         ;         
;95% LL;         ;4.17474000;12.62980000;33.09820000;85.38760000;221.88000000;544.43100000;1194.75000000;2329.65000000;4166.67000000;6908.72000000;10836.40000000;16344.60000000;23500.00000000;32401.70000000;43578.20000000;56777.20000000;72380.40000000;89876.00000000;109336.00000000;129751.00000000;152465.00000000;176873.00000000;203156.00000000;232137.00000000;264460.00000000;300264.00000000;339441.00000000;383185.00000000;431354.00000000;483350.00000000;538858.00000000;597533.00000000;659767.00000000;727347.00000000;796831.00000000;867985.00000000;946560.00000000;1035790.00000000;1131450.00000000;1233010.00000000;1340060.00000000;1450550.00000000;1566690.00000000;1687660.00000000;1816890.00000000;1957000.00000000;2105090.00000000;2258900.00000000;2410930.00000000;2561580.00000000;2710400.00000000;2852850.00000000;2987160.00000000;3112380.00000000;3227990.00000000;3333700.00000000;3428730.00000000;3513120.00000000;3587180.00000000;3651620.00000000;3706310.00000000;3749730.00000000;3780580.00000000;3801230.00000000;3814410.00000000;3819750.00000000;3818990.00000000;3811840.00000000;3800280.00000000;3787550.00000000;         ;         ;         ;         ;         ;         ;         ;         ;         ;         ;         ;         ;         ;         ;         
;95% UL;         ;11.96850000;33.32220000;76.84830000;185.03400000;441.03800000;1033.40000000;2188.69000000;4050.18000000;6759.89000000;10625.80000000;15935.80000000;23134.00000000;32555.50000000;43901.40000000;57104.70000000;72221.50000000;90055.50000000;109799.00000000;131328.00000000;154126.00000000;177799.00000000;203153.00000000;230891.00000000;262287.00000000;297443.00000000;336335.00000000;379453.00000000;427702.00000000;480502.00000000;535995.00000000;595772.00000000;658654.00000000;724539.00000000;794308.00000000;867196.00000000;941257.00000000;1022790.00000000;1115880.00000000;1215350.00000000;1320410.00000000;1430070.00000000;1544860.00000000;1665050.00000000;1791540.00000000;1925640.00000000;2067910.00000000;2217820.00000000;2373180.00000000;2530670.00000000;2686900.00000000;2844090.00000000;2995190.00000000;3135960.00000000;3267450.00000000;3389090.00000000;3500500.00000000;3600850.00000000;3690470.00000000;3771330.00000000;3842090.00000000;3903140.00000000;3947990.00000000;3986560.00000000;4013020.00000000;4031170.00000000;4045300.00000000;4048870.00000000;4043930.00000000;4035730.00000000;4025310.00000000;         ;         ;         ;         ;         ;         ;         ;         ;         ;         ;         ;         ;         ;         ;         
Total HIV prevalence;Mean;0.00004885;0.00007450;0.00014891;0.00033988;0.00082218;0.00198244;0.00445713;0.00882223;0.01503250;0.02271740;0.03153640;0.04116230;0.05073050;0.06016560;0.06914550;0.07740370;0.08478250;0.09142920;0.09709300;0.10176800;0.10541700;0.10840900;0.11110800;0.11357800;0.11587900;0.11807200;0.12027000;0.12252000;0.12476900;0.12689000;0.12873500;0.13032200;0.13158000;0.13246400;0.13310400;0.13350700;0.13368600;0.13364600;0.13339600;0.13297500;0.13241600;0.13174300;0.13095800;0.13006100;0.12907000;0.12798700;0.12681200;0.12554800;0.12420400;0.12278400;0.12129100;0.11972700;0.11809700;0.11640600;0.11466000;0.11286400;0.11102400;0.10914300;0.10722500;0.10527500;0.10329600;0.10129000;0.09925970;0.09720700;0.09513360;0.09304090;0.09093010;0.08880250;0.08665920;0.08450150;0.08233100;         ;         ;         ;         ;         ;         ;         ;         ;         ;         ;         ;         ;         ;         ;         
;95% LL;0.00002819;0.00004395;0.00009475;0.00021801;0.00056062;0.00137402;0.00309996;0.00611506;0.01071650;0.01718370;0.02522350;0.03447450;0.04375770;0.05307880;0.06214370;0.07064760;0.07868350;0.08605460;0.09220650;0.09738210;0.10145600;0.10468100;0.10756300;0.11016700;0.11264200;0.11490100;0.11719800;0.11952500;0.12181900;0.12396300;0.12582600;0.12742900;0.12870000;0.12958200;0.13021200;0.13059800;0.13076500;0.13072100;0.13047000;0.13001600;0.12946500;0.12883300;0.12800900;0.12707000;0.12609600;0.12504900;0.12391200;0.12268700;0.12138300;0.11997900;0.11853300;0.11696600;0.11531300;0.11360200;0.11183900;0.11004800;0.10824600;0.10640500;0.10452800;0.10261900;0.10068200;0.09871980;0.09673370;0.09472600;0.09269840;0.09065220;0.08858870;0.08650880;0.08439720;0.08225020;0.08007440;         ;         ;         ;         ;         ;         ;         ;         ;         ;         ;         ;         ;         ;         ;         
;95% UL;0.00008201;0.00012252;0.00022562;0.00048418;0.00114997;0.00273879;0.00620248;0.01142350;0.01843680;0.02675210;0.03603940;0.04596600;0.05562050;0.06503700;0.07379150;0.08177590;0.08881710;0.09509290;0.10041000;0.10494600;0.10843300;0.11125300;0.11378200;0.11608700;0.11823500;0.12029100;0.12237300;0.12452900;0.12679500;0.12896600;0.13091100;0.13259400;0.13397400;0.13496800;0.13571100;0.13620900;0.13647200;0.13650800;0.13632600;0.13597000;0.13547000;0.13485100;0.13411600;0.13326400;0.13231600;0.13127300;0.13013600;0.12890600;0.12759500;0.12620600;0.12474000;0.12320100;0.12159100;0.11991800;0.11818500;0.11640000;0.11456700;0.11269000;0.11077400;0.10882200;0.10683800;0.10482500;0.10278600;0.10072200;0.09863510;0.09653360;0.09444970;0.09234750;0.09022830;0.08809360;0.08594470;         ;         ;         ;         ;         ;         ;         ;         ;         ;         ;         ;         ;         ;         ;         
HIV prevalence in males aged 15+;Mean;0.00007330;0.00011671;0.00025186;0.00060465;0.00149880;0.00363873;0.00811037;0.01567480;0.02578430;0.03739860;0.04973370;0.06215810;0.07378670;0.08427090;0.09329400;0.10074600;0.10655700;0.11114300;0.11445100;0.11670700;0.11803000;0.11882000;0.11940300;0.12003400;0.12083700;0.12178900;0.12306100;0.12444500;0.12620800;0.12805300;0.12968500;0.13111400;0.13218100;0.13279700;0.13306000;0.13289300;0.13241400;0.13159000;0.13044100;0.12909800;0.12761200;0.12598800;0.12425800;0.12241800;0.12048800;0.11846300;0.11638300;0.11425500;0.11212700;0.10996900;0.10778500;0.10558000;0.10334900;0.10108300;0.09878810;0.09647020;0.09413480;0.09178690;0.08943080;0.08707050;0.08470940;0.08235010;0.07999470;0.07764520;0.07530400;0.07297390;0.07065750;0.06835770;0.06607780;0.06382090;0.06159020;         ;         ;         ;         ;         ;         ;         ;         ;         ;         ;         ;         ;         ;         ;         
;95% LL;0.00004229;0.00007032;0.00015691;0.00038226;0.00101497;0.00244872;0.00534766;0.01035640;0.01789780;0.02777800;0.03857250;0.05006230;0.06134430;0.07204440;0.08145090;0.08948410;0.09618030;0.10160100;0.10571500;0.10891000;0.11070700;0.11173700;0.11255400;0.11340800;0.11441600;0.11580600;0.11709300;0.11863800;0.12052100;0.12243700;0.12407100;0.12551100;0.12670300;0.12752300;0.12787600;0.12778900;0.12739900;0.12666500;0.12560200;0.12433000;0.12289900;0.12132000;0.11963000;0.11782800;0.11593300;0.11393900;0.11190000;0.10981000;0.10771700;0.10559700;0.10345000;0.10128500;0.09909530;0.09687460;0.09462760;0.09236050;0.09007840;0.08778610;0.08548740;0.08318630;0.08088600;0.07858890;0.07629940;0.07403150;0.07177370;0.06953190;0.06730170;0.06508890;0.06289650;0.06072770;0.05857980;         ;         ;         ;         ;         ;         ;         ;         ;         ;         ;         ;         ;         ;         ;         
;95% UL;0.00012305;0.00018949;0.00037350;0.00086056;0.00213494;0.00514657;0.01129560;0.02051850;0.03226460;0.04427100;0.05682590;0.06918540;0.08145220;0.09234000;0.10155000;0.10900300;0.11465900;0.11899200;0.12196500;0.12384100;0.12476300;0.12515700;0.12537000;0.12567000;0.12618600;0.12689500;0.12797500;0.12920900;0.13088300;0.13267100;0.13424600;0.13561400;0.13661800;0.13717200;0.13737700;0.13714200;0.13658500;0.13568300;0.13446300;0.13306500;0.13153600;0.12987800;0.12811600;0.12624200;0.12427800;0.12221700;0.12009700;0.11792800;0.11575600;0.11355300;0.11132100;0.10906700;0.10678500;0.10446700;0.10211800;0.09974480;0.09735240;0.09494610;0.09253010;0.09010870;0.08768530;0.08526230;0.08284200;0.08042620;0.07801750;0.07561860;0.07323230;0.07086150;0.06850950;0.06617970;0.06387530;         ;         ;         ;         ;         ;         ;         ;         ;         ;         ;         ;         ;         ;         ;         
HIV prevalence in females aged 15+;Mean;0.00008802;0.00012383;0.00022497;0.00048061;0.00112012;0.00265223;0.00594748;0.01183680;0.02050570;0.03162380;0.04473530;0.05928050;0.07430460;0.08929640;0.10370200;0.11708800;0.12906700;0.13956600;0.14855100;0.15609300;0.16223800;0.16748500;0.17245100;0.17726100;0.18199800;0.18658300;0.19108700;0.19534600;0.19978600;0.20417400;0.20823700;0.21203300;0.21533300;0.21802600;0.22020700;0.22179200;0.22303200;0.22365500;0.22360100;0.22321400;0.22259900;0.22173200;0.22063800;0.21929600;0.21774400;0.21599700;0.21410200;0.21208400;0.21000800;0.20782700;0.20554400;0.20316700;0.20068600;0.19809100;0.19539000;0.19259400;0.18971200;0.18675100;0.18371800;0.18061900;0.17745900;0.17423900;0.17096400;0.16763300;0.16424900;0.16081600;0.15733700;0.15381400;0.15025300;0.14665600;0.14302800;         ;         ;         ;         ;         ;         ;         ;         ;         ;         ;         ;         ;         ;         ;         
;95% LL;0.00005079;0.00007175;0.00013885;0.00031276;0.00074519;0.00186374;0.00423387;0.00858975;0.01553620;0.02494470;0.03682040;0.05065200;0.06549500;0.08073520;0.09523290;0.10869500;0.12105600;0.13196500;0.14138300;0.14967100;0.15631700;0.16201400;0.16708700;0.17201000;0.17721100;0.18175700;0.18622300;0.19049000;0.19496400;0.19936600;0.20343600;0.20723400;0.21052800;0.21320000;0.21535400;0.21690600;0.21810900;0.21871000;0.21865000;0.21826600;0.21766000;0.21681400;0.21575400;0.21445900;0.21290900;0.21110800;0.20916600;0.20710400;0.20498800;0.20277200;0.20045700;0.19805300;0.19554900;0.19292800;0.19026300;0.18751000;0.18467400;0.18176200;0.17878200;0.17573900;0.17263700;0.16948000;0.16626800;0.16300400;0.15965200;0.15622300;0.15270300;0.14918800;0.14564600;0.14208600;0.13851100;         ;         ;         ;         ;         ;         ;         ;         ;         ;         ;         ;         ;         ;         ;         
;95% UL;0.00014776;0.00020229;0.00034670;0.00068816;0.00157581;0.00370382;0.00802706;0.01535100;0.02522810;0.03747590;0.05146580;0.06659410;0.08184930;0.09677090;0.11086000;0.12374600;0.13513400;0.14558200;0.15423100;0.16106000;0.16674900;0.17174300;0.17650700;0.18135300;0.18612100;0.19085500;0.19535600;0.20004200;0.20504800;0.20941300;0.21326200;0.21686000;0.21997700;0.22276100;0.22516000;0.22700800;0.22857300;0.22942500;0.22957700;0.22934500;0.22886300;0.22811000;0.22711300;0.22585400;0.22438800;0.22282100;0.22110500;0.21926100;0.21735700;0.21524600;0.21301800;0.21069000;0.20823000;0.20563700;0.20292800;0.20012900;0.19725900;0.19429900;0.19125700;0.18814000;0.18503600;0.18186900;0.17863900;0.17534800;0.17199800;0.16859500;0.16514000;0.16163900;0.15809500;0.15451300;0.15089700;         ;         ;         ;         ;         ;         ;         ;         ;         ;         ;         ;         ;         ;         ;         
HIV prevalence in children (<15);Mean;         ;0.00000407;0.00001107;0.00002613;0.00006142;0.00014505;0.00033140;0.00069843;0.00130629;0.00217623;0.00330670;0.00467028;0.00630463;0.00808998;0.01001520;0.01207000;0.01416560;0.01629790;0.01835170;0.02023040;0.02191000;0.02336800;0.02455030;0.02534070;0.02554200;0.02535490;0.02501800;0.02456910;0.02390220;0.02305340;0.02194880;0.02068870;0.01931510;0.01789190;0.01647490;0.01501510;0.01357270;0.01218310;0.01085930;0.00965771;0.00870811;0.00795380;0.00727273;0.00663133;0.00604932;0.00559642;0.00519950;0.00487321;0.00458017;0.00431011;0.00406281;0.00383677;0.00362728;0.00343262;0.00325021;0.00307771;0.00291375;0.00275771;0.00260928;0.00246707;0.00233065;0.00219991;0.00207479;0.00195529;0.00184144;0.00173329;0.00163090;0.00153418;0.00144300;0.00135718;0.00127656;         ;         ;         ;         ;         ;         ;         ;         ;         ;         ;         ;         ;         ;         ;         
;95% LL;         ;0.00000233;0.00000663;0.00001681;0.00004003;0.00010262;0.00023583;0.00050623;0.00098043;0.00171205;0.00268479;0.00390636;0.00542678;0.00713515;0.00900530;0.01098940;0.01302530;0.01517190;0.01720880;0.01908280;0.02078150;0.02229150;0.02354370;0.02441870;0.02472090;0.02458240;0.02429230;0.02389380;0.02326240;0.02244560;0.02137800;0.02015610;0.01882140;0.01743460;0.01605040;0.01462070;0.01319540;0.01181930;0.01051110;0.00933252;0.00840429;0.00766575;0.00699998;0.00637457;0.00580769;0.00536510;0.00497781;0.00465983;0.00437562;0.00411506;0.00387781;0.00366153;0.00346102;0.00327432;0.00309892;0.00293256;0.00276937;0.00261800;0.00247353;0.00233502;0.00220218;0.00207501;0.00195392;0.00183878;0.00172922;0.00162528;0.00152699;0.00143426;0.00134715;0.00126562;0.00118908;         ;         ;         ;         ;         ;         ;         ;         ;         ;         ;         ;         ;         ;         ;         
;95% UL;         ;0.00000681;0.00001764;0.00003900;0.00008706;0.00020050;0.00045320;0.00092098;0.00165131;0.00264813;0.00388235;0.00534687;0.00709134;0.00893189;0.01094080;0.01307540;0.01515620;0.01726320;0.01933430;0.02122000;0.02289740;0.02434250;0.02550620;0.02622060;0.02634250;0.02608110;0.02573800;0.02526770;0.02457960;0.02377630;0.02267440;0.02135380;0.01995600;0.01850290;0.01706390;0.01558620;0.01410780;0.01267340;0.01133990;0.01011520;0.00915432;0.00839411;0.00769799;0.00703687;0.00643462;0.00598005;0.00558087;0.00525243;0.00495602;0.00468127;0.00442432;0.00417787;0.00395263;0.00374279;0.00354743;0.00336690;0.00319830;0.00303749;0.00288399;0.00273617;0.00259347;0.00245516;0.00232199;0.00219370;0.00207051;0.00195282;0.00184091;0.00173472;0.00163424;0.00153938;0.00145002;         ;         ;         ;         ;         ;         ;         ;         ;         ;         ;         ;         ;         ;         ;         
HIV prevalence in youth (15-24);Mean;0.00008437;0.00011886;0.00021850;0.00045953;0.00104312;0.00241683;0.00537127;0.01075160;0.01892950;0.02972880;0.04257050;0.05648970;0.06985330;0.08182240;0.09172280;0.09926360;0.10420900;0.10709400;0.10797900;0.10722000;0.10517400;0.10228700;0.09899040;0.09556100;0.09225610;0.08906490;0.08591280;0.08267130;0.08004420;0.07797180;0.07628140;0.07489450;0.07353030;0.07200860;0.07031340;0.06832420;0.06613920;0.06386780;0.06152990;0.05914880;0.05661060;0.05389930;0.05112440;0.04832060;0.04546540;0.04229310;0.03901700;0.03568200;0.03240120;0.02928740;0.02658210;0.02425630;0.02211260;0.02008430;0.01821740;0.01664320;0.01524770;0.01405200;0.01299060;0.01204010;0.01119550;0.01044770;0.00978255;0.00919004;0.00865479;0.00816700;0.00771977;0.00730679;0.00692313;0.00656385;0.00622590;         ;         ;         ;         ;         ;         ;         ;         ;         ;         ;         ;         ;         ;         ;         
;95% LL;0.00004868;0.00006941;0.00013516;0.00029605;0.00067880;0.00169578;0.00378846;0.00777547;0.01431160;0.02357610;0.03518270;0.04835900;0.06145950;0.07329110;0.08367920;0.09174360;0.09741470;0.10072500;0.10211000;0.10165000;0.10005400;0.09752160;0.09460940;0.09143860;0.08843070;0.08543000;0.08259070;0.07958420;0.07698420;0.07488180;0.07315610;0.07173400;0.07034520;0.06881670;0.06714110;0.06527900;0.06326560;0.06122110;0.05892180;0.05662390;0.05426300;0.05170350;0.04906440;0.04640490;0.04369850;0.04067420;0.03753560;0.03432680;0.03115940;0.02814840;0.02552510;0.02323310;0.02113010;0.01914960;0.01733290;0.01580420;0.01445330;0.01331380;0.01230850;0.01140030;0.01059560;0.00988426;0.00925174;0.00868814;0.00817855;0.00770381;0.00728247;0.00689268;0.00652881;0.00618264;0.00585910;         ;         ;         ;         ;         ;         ;         ;         ;         ;         ;         ;         ;         ;         ;         
;95% UL;0.00014163;0.00019546;0.00034276;0.00066933;0.00146482;0.00333707;0.00722854;0.01398760;0.02352410;0.03544840;0.04903360;0.06320060;0.07631150;0.08773990;0.09723440;0.10440600;0.10872700;0.11138600;0.11219700;0.11126500;0.10897200;0.10579400;0.10219500;0.09858380;0.09516370;0.09185820;0.08852850;0.08519180;0.08248910;0.08038230;0.07866230;0.07729970;0.07588330;0.07428970;0.07256940;0.07052420;0.06831460;0.06607130;0.06368440;0.06120610;0.05868870;0.05605400;0.05333880;0.05058040;0.04775440;0.04457660;0.04121300;0.03779480;0.03444950;0.03117170;0.02831800;0.02592710;0.02373730;0.02165110;0.01971890;0.01807890;0.01661710;0.01534520;0.01420300;0.01317530;0.01225750;0.01144250;0.01071660;0.01006990;0.00949343;0.00897581;0.00849691;0.00805822;0.00765129;0.00727454;0.00692284;         ;         ;         ;         ;         ;         ;         ;         ;         ;         ;         ;         ;         ;         ;         
HIV prevalence in males aged 15-24;Mean;0.00004331;0.00005871;0.00010755;0.00022252;0.00049315;0.00112224;0.00247920;0.00508218;0.00919781;0.01480510;0.02157160;0.02887440;0.03562060;0.04147140;0.04609660;0.04941280;0.05135910;0.05227540;0.05211100;0.05107560;0.04939180;0.04731690;0.04521640;0.04314810;0.04130070;0.03968260;0.03833200;0.03710640;0.03638580;0.03613110;0.03625190;0.03660050;0.03696760;0.03722270;0.03731510;0.03727110;0.03711390;0.03686000;0.03638010;0.03563090;0.03449860;0.03299650;0.03130000;0.02944460;0.02749800;0.02530240;0.02303210;0.02076690;0.01860530;0.01663080;0.01503230;0.01375090;0.01257710;0.01145660;0.01042270;0.00958936;0.00885482;0.00824538;0.00770352;0.00721631;0.00678075;0.00639095;0.00603706;0.00571420;0.00541665;0.00513921;0.00487848;0.00463289;0.00440153;0.00418187;0.00397257;         ;         ;         ;         ;         ;         ;         ;         ;         ;         ;         ;         ;         ;         ;         
;95% LL;0.00002499;0.00003506;0.00006607;0.00014022;0.00031722;0.00076083;0.00173657;0.00375635;0.00705007;0.01181150;0.01788950;0.02461380;0.03087560;0.03649130;0.04097270;0.04439810;0.04644700;0.04752000;0.04749410;0.04672230;0.04531580;0.04351070;0.04164970;0.03979470;0.03813030;0.03671330;0.03552950;0.03444600;0.03385530;0.03375280;0.03398190;0.03442380;0.03489750;0.03526720;0.03549930;0.03569630;0.03568840;0.03548560;0.03510230;0.03445980;0.03343240;0.03202680;0.03041820;0.02862280;0.02671080;0.02458630;0.02237380;0.02016070;0.01804430;0.01611310;0.01453690;0.01327550;0.01211460;0.01102060;0.01001040;0.00919944;0.00847904;0.00788465;0.00736959;0.00690501;0.00649664;0.00612592;0.00579433;0.00549010;0.00519988;0.00492882;0.00467566;0.00443743;0.00421077;0.00399465;0.00378945;         ;         ;         ;         ;         ;         ;         ;         ;         ;         ;         ;         ;         ;         ;         
;95% UL;0.00007271;0.00009965;0.00017635;0.00033928;0.00070557;0.00157194;0.00335622;0.00660716;0.01150560;0.01787150;0.02531320;0.03266660;0.03910090;0.04498620;0.04966710;0.05328840;0.05546040;0.05645200;0.05617560;0.05490380;0.05296850;0.05068070;0.04836480;0.04606180;0.04397470;0.04214280;0.04063020;0.03924990;0.03840150;0.03803610;0.03804940;0.03829010;0.03854210;0.03867800;0.03865030;0.03848230;0.03820490;0.03784240;0.03726530;0.03645920;0.03531880;0.03379810;0.03206990;0.03020270;0.02826630;0.02604730;0.02373410;0.02143730;0.01925000;0.01725070;0.01564990;0.01435580;0.01317210;0.01203690;0.01098690;0.01014370;0.00939424;0.00876098;0.00821139;0.00771641;0.00727233;0.00687461;0.00649801;0.00615155;0.00584784;0.00556458;0.00529544;0.00504933;0.00481641;0.00459392;0.00438051;         ;         ;         ;         ;         ;         ;         ;         ;         ;         ;         ;         ;         ;         ;         
HIV prevalence in females aged 15-24;Mean;0.00012498;0.00017796;0.00032690;0.00069002;0.00157622;0.00366888;0.00813592;0.01617360;0.02823750;0.04400240;0.06265590;0.08291360;0.10274600;0.12078200;0.13601300;0.14792700;0.15609300;0.16109400;0.16316400;0.16279400;0.16046600;0.15680800;0.15247400;0.14779600;0.14312100;0.13843500;0.13355200;0.12820600;0.12361000;0.11968800;0.11618500;0.11308500;0.11002800;0.10677100;0.10333300;0.09944580;0.09526820;0.09098620;0.08678890;0.08277130;0.07882230;0.07489830;0.07104230;0.06729000;0.06352540;0.05937480;0.05509160;0.05068610;0.04628480;0.04202950;0.03821360;0.03483730;0.03171660;0.02877410;0.02606850;0.02374860;0.02168780;0.01990180;0.01831700;0.01689970;0.01564290;0.01453460;0.01355620;0.01269230;0.01191770;0.01121800;0.01058290;0.01000130;0.00946414;0.00896415;0.00849652;         ;         ;         ;         ;         ;         ;         ;         ;         ;         ;         ;         ;         ;         ;         
;95% LL;0.00007211;0.00010310;0.00020153;0.00044596;0.00102928;0.00255518;0.00576018;0.01168660;0.02134510;0.03467450;0.05156470;0.07070830;0.09033080;0.10871800;0.12449200;0.13709700;0.14630900;0.15196000;0.15466000;0.15481100;0.15306200;0.14965500;0.14568400;0.14150700;0.13729400;0.13282100;0.12809700;0.12287500;0.11834100;0.11443600;0.11093500;0.10782800;0.10477400;0.10154200;0.09816110;0.09438290;0.09036570;0.08628870;0.08235130;0.07855000;0.07484600;0.07116860;0.06756090;0.06405070;0.06051960;0.05660500;0.05254680;0.04835410;0.04414970;0.04007680;0.03642500;0.03319280;0.03017180;0.02732750;0.02471960;0.02249030;0.02051560;0.01880890;0.01729100;0.01593620;0.01473780;0.01368270;0.01275140;0.01192860;0.01119030;0.01052220;0.00991049;0.00934968;0.00883118;0.00834837;0.00789683;         ;         ;         ;         ;         ;         ;         ;         ;         ;         ;         ;         ;         ;         ;         
;95% UL;0.00020980;0.00028935;0.00050798;0.00099032;0.00220650;0.00506185;0.01087890;0.02107410;0.03504070;0.05231710;0.07157120;0.09274470;0.11222000;0.13021700;0.14517000;0.15607000;0.16368200;0.16820100;0.16989400;0.16896900;0.16644400;0.16235700;0.15793200;0.15325500;0.14841900;0.14363400;0.13846100;0.13286500;0.12809200;0.12418500;0.12056400;0.11738300;0.11429000;0.11092200;0.10753100;0.10349700;0.09912440;0.09472050;0.09034070;0.08624600;0.08241130;0.07857350;0.07478180;0.07107540;0.06733180;0.06307590;0.05872990;0.05413220;0.04954520;0.04520740;0.04120160;0.03769890;0.03446730;0.03139820;0.02855770;0.02610490;0.02390490;0.02195740;0.02022600;0.01868230;0.01731620;0.01609880;0.01502200;0.01406990;0.01321580;0.01244960;0.01176030;0.01115050;0.01058850;0.01006420;0.00957240;         ;         ;         ;         ;         ;         ;         ;         ;         ;         ;         ;         ;         ;         ;         
HIV prevalence in age group 15-49;Mean;0.00010083;0.00014845;0.00029045;0.00065590;0.00157692;0.00378182;0.00843472;0.01647570;0.02768070;0.04122210;0.05635110;0.07235110;0.08819830;0.10331800;0.11719700;0.12951700;0.13998500;0.14887300;0.15608900;0.16179600;0.16613100;0.16960900;0.17257000;0.17539200;0.17818600;0.18087200;0.18355500;0.18586600;0.18839700;0.19083800;0.19283200;0.19444200;0.19539600;0.19557100;0.19505400;0.19361900;0.19141700;0.18859800;0.18522900;0.18139600;0.17720500;0.17265100;0.16778300;0.16259500;0.15712100;0.15136300;0.14538600;0.13923700;0.13303600;0.12681700;0.12066500;0.11461500;0.10874900;0.10309800;0.09768380;0.09252300;0.08761960;0.08299210;0.07863240;0.07452050;0.07063650;0.06696130;0.06348980;0.06024550;0.05717640;0.05422740;0.05138500;0.04861680;0.04593090;0.04330460;0.04067080;         ;         ;         ;         ;         ;         ;         ;         ;         ;         ;         ;         ;         ;         ;         
;95% LL;0.00005817;0.00008757;0.00018461;0.00042063;0.00107618;0.00262231;0.00585611;0.01140260;0.01974270;0.03127530;0.04532380;0.06091690;0.07635970;0.09151330;0.10577100;0.11872000;0.13018200;0.14039200;0.14864300;0.15506700;0.15996300;0.16386000;0.16703500;0.17005300;0.17302000;0.17590400;0.17886500;0.18126600;0.18382100;0.18618000;0.18814400;0.18973300;0.19068200;0.19083600;0.19029200;0.18883500;0.18663200;0.18383300;0.18050700;0.17673100;0.17261400;0.16815000;0.16338900;0.15832500;0.15289700;0.14715600;0.14135400;0.13540900;0.12920800;0.12297500;0.11688200;0.11100300;0.10521400;0.09971270;0.09444430;0.08946430;0.08468500;0.08014460;0.07587580;0.07185700;0.06814700;0.06450200;0.06111050;0.05796460;0.05495080;0.05204440;0.04924640;0.04652530;0.04388880;0.04132910;0.03874260;         ;         ;         ;         ;         ;         ;         ;         ;         ;         ;         ;         ;         ;         ;         
;95% UL;0.00016926;0.00024412;0.00044037;0.00093533;0.00220593;0.00522850;0.01172740;0.02129660;0.03387720;0.04843040;0.06424240;0.08059760;0.09646280;0.11150600;0.12507500;0.13669600;0.14641700;0.15453700;0.16133500;0.16679600;0.17087000;0.17408800;0.17680300;0.17939800;0.18198700;0.18449300;0.18702600;0.18921400;0.19166700;0.19405600;0.19600400;0.19773600;0.19877800;0.19915200;0.19876400;0.19747900;0.19543700;0.19278500;0.18956400;0.18586100;0.18178700;0.17727300;0.17238300;0.16725700;0.16183700;0.15612300;0.15018100;0.14406000;0.13792700;0.13172500;0.12561100;0.11964200;0.11393100;0.10839800;0.10304900;0.09776810;0.09272370;0.08796810;0.08359350;0.07942210;0.07539270;0.07160640;0.06804100;0.06469820;0.06152630;0.05846950;0.05551480;0.05261390;0.04975570;0.04696260;0.04416430;         ;         ;         ;         ;         ;         ;         ;         ;         ;         ;         ;         ;         ;         ;         
HIV prevalence in males aged 15-49;Mean;0.00009007;0.00014053;0.00029751;0.00070683;0.00174388;0.00422500;0.00940507;0.01811870;0.02970280;0.04293090;0.05689100;0.07085880;0.08389200;0.09554840;0.10549200;0.11361500;0.11984500;0.12472800;0.12818200;0.13045200;0.13172500;0.13241000;0.13272300;0.13305400;0.13352400;0.13409300;0.13492800;0.13565900;0.13673500;0.13783400;0.13862100;0.13911700;0.13910900;0.13848200;0.13733800;0.13552700;0.13316000;0.13037200;0.12721800;0.12375500;0.12005100;0.11612400;0.11202800;0.10776800;0.10336800;0.09881870;0.09418100;0.08949070;0.08483970;0.08025960;0.07580990;0.07153330;0.06748030;0.06366140;0.06007780;0.05673000;0.05361690;0.05073340;0.04806340;0.04557600;0.04325450;0.04107780;0.03903950;0.03713200;0.03531950;0.03357210;0.03186530;0.03018210;0.02852340;0.02690030;0.02528490;         ;         ;         ;         ;         ;         ;         ;         ;         ;         ;         ;         ;         ;         ;         
;95% LL;0.00005197;0.00008456;0.00018517;0.00044742;0.00118138;0.00285026;0.00623122;0.01202650;0.02070310;0.03205980;0.04439440;0.05737440;0.07019160;0.08254100;0.09274100;0.10144300;0.10876800;0.11447400;0.11897900;0.12213500;0.12369100;0.12462300;0.12517600;0.12573100;0.12640200;0.12715300;0.12814400;0.12901800;0.13017700;0.13132300;0.13215800;0.13272300;0.13280900;0.13221000;0.13110200;0.12944100;0.12728800;0.12469300;0.12167800;0.11832900;0.11472600;0.11089700;0.10689500;0.10272400;0.09842450;0.09399900;0.08949560;0.08492340;0.08040240;0.07596580;0.07167200;0.06756260;0.06368550;0.06004900;0.05665170;0.05349140;0.05056370;0.04786040;0.04537620;0.04307780;0.04093490;0.03892570;0.03704210;0.03526720;0.03352770;0.03186670;0.03020860;0.02858960;0.02699260;0.02542540;0.02387120;         ;         ;         ;         ;         ;         ;         ;         ;         ;         ;         ;         ;         ;         ;         
;95% UL;0.00015120;0.00022886;0.00044171;0.00100404;0.00247920;0.00596765;0.01308280;0.02367050;0.03711360;0.05070970;0.06484570;0.07858280;0.09223760;0.10425400;0.11432600;0.12238700;0.12840000;0.13298200;0.13606800;0.13793800;0.13880700;0.13910900;0.13907200;0.13909900;0.13931200;0.13967200;0.14034800;0.14095400;0.14196600;0.14303400;0.14378700;0.14424400;0.14419000;0.14351700;0.14232500;0.14044700;0.13799300;0.13511300;0.13187200;0.12833000;0.12455600;0.12055900;0.11638900;0.11204500;0.10755100;0.10289700;0.09814060;0.09331740;0.08852110;0.08378340;0.07916670;0.07471290;0.07047960;0.06647850;0.06271280;0.05918520;0.05589680;0.05284410;0.05001260;0.04737210;0.04490580;0.04259280;0.04042810;0.03851090;0.03669960;0.03495070;0.03323560;0.03153820;0.02984960;0.02816800;0.02649520;         ;         ;         ;         ;         ;         ;         ;         ;         ;         ;         ;         ;         ;         ;         
HIV prevalence in females aged 15-49;Mean;0.00011141;0.00015622;0.00028356;0.00060633;0.00141502;0.00335362;0.00750961;0.01491100;0.02575790;0.03959990;0.05583970;0.07376250;0.09225860;0.11062400;0.12818100;0.14441900;0.15885100;0.17153100;0.18233600;0.19135700;0.19868600;0.20492200;0.21058000;0.21595700;0.22115800;0.22606700;0.23073500;0.23465500;0.23868100;0.24250900;0.24576100;0.24853100;0.25049300;0.25151100;0.25166000;0.25065000;0.24865400;0.24581400;0.24222700;0.23801400;0.23332000;0.22811300;0.22244100;0.21628800;0.20970200;0.20269900;0.19535000;0.18772100;0.17996000;0.17210500;0.16426300;0.15646300;0.14881700;0.14137300;0.13417500;0.12725400;0.12061800;0.11430500;0.10831500;0.10263700;0.09724700;0.09212680;0.08727030;0.08273210;0.07844510;0.07433100;0.07038660;0.06656510;0.06288230;0.05928260;0.05566090;         ;         ;         ;         ;         ;         ;         ;         ;         ;         ;         ;         ;         ;         ;         
;95% LL;0.00006428;0.00009052;0.00017506;0.00039456;0.00094218;0.00235663;0.00533997;0.01083240;0.01948550;0.03119840;0.04591680;0.06297880;0.08126820;0.09995670;0.11785400;0.13440200;0.14900400;0.16251400;0.17373500;0.18378100;0.19155700;0.19801600;0.20394200;0.20971700;0.21502800;0.22019700;0.22484600;0.22877600;0.23280000;0.23662600;0.23988400;0.24266500;0.24464500;0.24567900;0.24584800;0.24487000;0.24291700;0.24012000;0.23649000;0.23230300;0.22764600;0.22248100;0.21685500;0.21070000;0.20435500;0.19747400;0.19021900;0.18268900;0.17499200;0.16707900;0.15919400;0.15137100;0.14372700;0.13630900;0.12915900;0.12230400;0.11574700;0.10952600;0.10365700;0.09811090;0.09285600;0.08787400;0.08315780;0.07875970;0.07461200;0.07063620;0.06682760;0.06313870;0.05958330;0.05606130;0.05251600;         ;         ;         ;         ;         ;         ;         ;         ;         ;         ;         ;         ;         ;         ;         
;95% UL;0.00018703;0.00025519;0.00043689;0.00086847;0.00199043;0.00468135;0.01013160;0.01931030;0.03169710;0.04693360;0.06424300;0.08285930;0.10161500;0.11986300;0.13699900;0.15259200;0.16622500;0.17849000;0.18886200;0.19728400;0.20421900;0.21001300;0.21570100;0.22092500;0.22620100;0.23119100;0.23600700;0.24017200;0.24448400;0.24842300;0.25148900;0.25466200;0.25697200;0.25822100;0.25847600;0.25765200;0.25570700;0.25296200;0.24946300;0.24534200;0.24077000;0.23567800;0.23006800;0.22406600;0.21756100;0.21062200;0.20332600;0.19573400;0.18799700;0.18043700;0.17293800;0.16543800;0.15803700;0.15064500;0.14329600;0.13618400;0.12932100;0.12274900;0.11646700;0.11042500;0.10467700;0.09930420;0.09427810;0.08957240;0.08520830;0.08094950;0.07684250;0.07284770;0.06901280;0.06526480;0.06145300;         ;         ;         ;         ;         ;         ;         ;         ;         ;         ;         ;         ;         ;         ;         
HIV prevalence in age group 25-49;Mean;0.00011212;0.00016843;0.00033837;0.00078522;0.00192526;0.00466579;0.01040640;0.02014650;0.03325850;0.04848770;0.06497860;0.08217460;0.09948380;0.11649000;0.13278900;0.14806200;0.16204200;0.17467500;0.18586500;0.19562000;0.20385600;0.21101000;0.21744100;0.22332400;0.22869700;0.23351700;0.23789900;0.24204300;0.24582800;0.24896200;0.25117400;0.25257000;0.25300500;0.25239300;0.25103800;0.24887800;0.24589600;0.24225800;0.23838800;0.23412800;0.22936900;0.22429300;0.21882200;0.21298600;0.20667200;0.19975500;0.19246200;0.18483500;0.17697600;0.16905500;0.16117600;0.15331800;0.14564200;0.13820700;0.13104300;0.12415300;0.11760300;0.11142800;0.10565300;0.10020500;0.09505930;0.09019840;0.08560200;0.08125930;0.07712030;0.07313040;0.06926610;0.06549600;0.06183180;0.05825550;0.05468750;         ;         ;         ;         ;         ;         ;         ;         ;         ;         ;         ;         ;         ;         ;         
;95% LL;0.00006469;0.00009983;0.00021566;0.00050172;0.00134161;0.00320776;0.00708730;0.01348860;0.02330930;0.03653990;0.05142820;0.06758080;0.08512280;0.10280400;0.11999700;0.13588500;0.15041900;0.16410300;0.17683400;0.18729700;0.19558500;0.20317600;0.21011900;0.21620600;0.22174800;0.22676100;0.23135400;0.23563300;0.23950500;0.24269400;0.24495300;0.24631000;0.24662200;0.24609900;0.24481300;0.24269500;0.23970000;0.23606100;0.23219500;0.22794500;0.22321400;0.21818200;0.21277900;0.20703800;0.20084500;0.19408500;0.18697800;0.17956400;0.17190900;0.16396700;0.15612400;0.14848700;0.14085600;0.13368200;0.12674700;0.12001300;0.11370800;0.10766800;0.10199500;0.09667440;0.09181190;0.08698860;0.08240670;0.07814350;0.07411570;0.07020640;0.06640090;0.06269430;0.05910930;0.05562480;0.05213350;         ;         ;         ;         ;         ;         ;         ;         ;         ;         ;         ;         ;         ;         ;         
;95% UL;0.00018821;0.00027554;0.00049875;0.00112412;0.00269991;0.00645006;0.01453300;0.02603710;0.04066530;0.05672690;0.07369430;0.09136610;0.10883700;0.12583900;0.14155900;0.15615900;0.16940600;0.18127000;0.19180600;0.20129100;0.20928100;0.21621500;0.22245400;0.22816800;0.23339000;0.23807600;0.24234000;0.24638900;0.25011100;0.25319700;0.25542200;0.25695800;0.25753600;0.25715800;0.25596900;0.25386600;0.25114800;0.24760300;0.24382100;0.23971000;0.23509400;0.23016100;0.22483300;0.21910700;0.21277500;0.20582800;0.19850400;0.19085600;0.18305800;0.17524200;0.16744700;0.15979900;0.15235300;0.14509900;0.13806800;0.13107000;0.12440900;0.11803200;0.11224000;0.10679900;0.10148900;0.09646300;0.09169320;0.08717080;0.08287530;0.07874620;0.07473310;0.07080470;0.06697310;0.06318570;0.05938910;         ;         ;         ;         ;         ;         ;         ;         ;         ;         ;         ;         ;         ;         ;         
HIV prevalence in males aged 25-49;Mean;0.00012228;0.00019586;0.00042404;0.00102559;0.00255980;0.00623598;0.01387280;0.02650820;0.04283530;0.06082270;0.07917830;0.09711800;0.11406000;0.12942300;0.14288500;0.15433100;0.16375300;0.17132000;0.17722600;0.18166800;0.18468600;0.18667500;0.18795600;0.18880300;0.18937500;0.18973500;0.19004500;0.19050200;0.19096500;0.19112500;0.19068500;0.18971900;0.18810700;0.18573200;0.18289700;0.17952000;0.17557600;0.17123500;0.16688000;0.16238800;0.15767500;0.15289800;0.14798300;0.14296200;0.13771200;0.13212400;0.12636900;0.12045600;0.11446300;0.10851000;0.10266000;0.09693870;0.09148600;0.08633650;0.08148800;0.07691330;0.07266300;0.06872950;0.06511860;0.06175900;0.05862900;0.05570550;0.05297260;0.05038980;0.04791940;0.04553240;0.04319130;0.04087960;0.03859790;0.03637060;0.03416710;         ;         ;         ;         ;         ;         ;         ;         ;         ;         ;         ;         ;         ;         ;         
;95% LL;0.00007055;0.00011798;0.00026490;0.00064741;0.00173822;0.00414393;0.00890584;0.01736640;0.02930880;0.04455790;0.06071810;0.07770930;0.09472800;0.11088100;0.12518900;0.13761300;0.14877900;0.15697100;0.16402500;0.17019400;0.17362400;0.17587600;0.17742900;0.17873200;0.17958400;0.18031100;0.18067100;0.18125600;0.18186700;0.18213800;0.18181200;0.18096700;0.17947400;0.17720100;0.17445700;0.17117500;0.16735200;0.16317600;0.15896200;0.15462800;0.15007100;0.14538700;0.14056600;0.13564500;0.13053500;0.12515100;0.11962500;0.11396300;0.10816600;0.10247300;0.09685760;0.09138700;0.08619580;0.08131520;0.07673880;0.07243470;0.06844880;0.06476850;0.06139610;0.05828990;0.05540330;0.05270670;0.05018310;0.04778990;0.04543690;0.04313330;0.04087960;0.03867520;0.03648260;0.03433230;0.03221410;         ;         ;         ;         ;         ;         ;         ;         ;         ;         ;         ;         ;         ;         ;         
;95% UL;0.00020527;0.00031584;0.00062546;0.00146008;0.00368130;0.00884880;0.01929860;0.03475520;0.05296520;0.07184610;0.08980170;0.10856000;0.12618800;0.14184900;0.15529600;0.16649200;0.17550700;0.18257200;0.18793600;0.19183400;0.19433500;0.19584500;0.19669600;0.19716400;0.19740900;0.19749400;0.19758500;0.19788200;0.19825200;0.19835000;0.19784300;0.19680200;0.19511200;0.19266000;0.18975400;0.18629300;0.18224000;0.17778200;0.17332800;0.16875300;0.16396200;0.15911200;0.15411800;0.14901000;0.14365400;0.13793100;0.13201500;0.12591600;0.11971000;0.11352700;0.10743400;0.10145600;0.09574100;0.09032610;0.08521330;0.08037870;0.07587710;0.07170340;0.06786620;0.06429310;0.06096270;0.05785160;0.05494550;0.05221500;0.04975180;0.04736440;0.04501040;0.04267560;0.04035920;0.03809090;0.03584520;         ;         ;         ;         ;         ;         ;         ;         ;         ;         ;         ;         ;         ;         ;         
HIV prevalence in females aged 25-49;Mean;0.00010215;0.00014156;0.00025470;0.00055118;0.00130980;0.00314961;0.00710738;0.01410410;0.02418460;0.03683330;0.05160420;0.06814740;0.08590270;0.10452700;0.12351300;0.14233700;0.16049000;0.17773500;0.19375100;0.20839400;0.22148400;0.23350100;0.24486100;0.25563000;0.26572400;0.27500100;0.28352700;0.29137600;0.29852800;0.30469900;0.30962300;0.31342700;0.31594600;0.31712600;0.31727000;0.31635500;0.31435000;0.31140500;0.30798900;0.30392200;0.29906600;0.29362600;0.28752300;0.28078500;0.27331800;0.26499400;0.25610000;0.24671100;0.23696600;0.22707700;0.21719100;0.20723800;0.19740500;0.18776700;0.17838300;0.16928200;0.16054500;0.15224500;0.14441900;0.13699600;0.12994400;0.12324800;0.11688000;0.11086100;0.10513100;0.09961090;0.09429200;0.08912800;0.08414360;0.07927890;0.07440750;         ;         ;         ;         ;         ;         ;         ;         ;         ;         ;         ;         ;         ;         ;         
;95% LL;0.00005894;0.00008205;0.00015744;0.00036069;0.00088533;0.00222803;0.00504254;0.01016150;0.01822340;0.02901400;0.04240770;0.05811260;0.07557240;0.09437500;0.11341400;0.13218100;0.15050100;0.16799900;0.18463700;0.20007000;0.21355400;0.22585400;0.23730100;0.24788600;0.25804600;0.26729100;0.27580000;0.28363200;0.29075900;0.29692500;0.30187100;0.30571300;0.30827800;0.30950500;0.30969800;0.30883400;0.30687900;0.30396400;0.30055800;0.29653200;0.29164900;0.28612400;0.28006600;0.27344900;0.26623300;0.25802500;0.24926300;0.24001800;0.23042700;0.22052000;0.21057200;0.20058700;0.19074600;0.18112700;0.17182700;0.16286400;0.15427000;0.14611800;0.13844200;0.13117400;0.12428200;0.11775000;0.11154800;0.10569800;0.10013900;0.09479010;0.08964160;0.08464570;0.07982020;0.07502150;0.07023490;         ;         ;         ;         ;         ;         ;         ;         ;         ;         ;         ;         ;         ;         ;         
;95% UL;0.00017148;0.00023216;0.00039298;0.00078617;0.00180623;0.00440175;0.00964899;0.01846960;0.02994820;0.04395840;0.05988750;0.07738800;0.09585230;0.11492800;0.13409200;0.15281600;0.17060400;0.18725500;0.20248700;0.21619700;0.22828000;0.23995100;0.25091700;0.26170900;0.27171300;0.28120300;0.28994000;0.29851500;0.30552300;0.31193200;0.31713700;0.32100400;0.32392000;0.32545700;0.32590800;0.32524400;0.32331100;0.32050900;0.31721900;0.31340700;0.30862700;0.30323600;0.29715500;0.29054000;0.28326400;0.27505800;0.26612300;0.25707100;0.24745900;0.23770300;0.22831800;0.21880800;0.20934600;0.19985000;0.19048800;0.18111900;0.17207400;0.16342700;0.15519800;0.14732700;0.13983300;0.13279600;0.12624600;0.11997500;0.11410100;0.10846600;0.10294000;0.09754140;0.09235580;0.08728680;0.08215520;         ;         ;         ;         ;         ;         ;         ;         ;         ;         ;         ;         ;         ;         ;         
HIV prevalence at ages 25+;Mean;0.00007912;0.00012108;0.00024721;0.00057838;0.00142262;0.00345210;0.00771546;0.01499970;0.02488600;0.03648010;0.04915950;0.06250430;0.07591880;0.08915150;0.10186200;0.11377800;0.12467700;0.13448400;0.14313800;0.15067700;0.15701200;0.16254900;0.16783200;0.17288100;0.17772600;0.18232300;0.18681500;0.19142400;0.19595000;0.20012900;0.20374200;0.20684800;0.20935100;0.21118200;0.21256600;0.21357800;0.21436600;0.21460200;0.21441100;0.21402800;0.21340300;0.21265600;0.21173000;0.21063700;0.20929700;0.20760300;0.20568500;0.20353400;0.20116300;0.19863400;0.19597300;0.19313000;0.19014800;0.18702800;0.18378400;0.18042400;0.17700800;0.17355900;0.17011600;0.16663900;0.16313400;0.15961200;0.15606400;0.15247900;0.14886300;0.14522300;0.14156600;0.13789700;0.13422000;0.13054000;0.12686100;         ;         ;         ;         ;         ;         ;         ;         ;         ;         ;         ;         ;         ;         ;         
;95% LL;0.00004565;0.00007184;0.00015712;0.00036914;0.00099162;0.00236869;0.00524043;0.01002300;0.01737030;0.02736050;0.03872030;0.05114580;0.06462870;0.07828480;0.09155480;0.10374600;0.11536300;0.12595100;0.13555000;0.14363100;0.15040200;0.15613600;0.16176600;0.16737600;0.17237900;0.17712500;0.18175000;0.18646200;0.19104500;0.19525600;0.19889300;0.20202200;0.20453700;0.20635800;0.20771700;0.20868900;0.20943600;0.20964100;0.20942700;0.20902000;0.20837800;0.20762000;0.20669500;0.20561900;0.20428500;0.20262400;0.20075200;0.19865900;0.19636800;0.19391600;0.19133800;0.18858700;0.18565000;0.18254700;0.17926200;0.17591100;0.17247800;0.16900400;0.16564900;0.16226100;0.15884300;0.15540700;0.15194500;0.14844700;0.14491900;0.14136800;0.13780100;0.13422200;0.13063700;0.12704800;0.12345700;         ;         ;         ;         ;         ;         ;         ;         ;         ;         ;         ;         ;         ;         ;         
;95% UL;0.00013281;0.00019782;0.00036407;0.00082698;0.00199814;0.00476915;0.01077960;0.01942370;0.03050100;0.04279560;0.05585110;0.06963980;0.08324700;0.09658210;0.10888900;0.12031300;0.13065900;0.13987200;0.14814400;0.15544300;0.16154300;0.16685500;0.17193600;0.17680100;0.18147900;0.18592700;0.19029100;0.19480100;0.19926000;0.20342000;0.20724000;0.21053900;0.21320500;0.21518900;0.21671000;0.21784400;0.21874600;0.21910300;0.21902400;0.21874300;0.21820900;0.21754200;0.21668700;0.21565500;0.21437000;0.21272400;0.21085100;0.20874300;0.20641400;0.20392500;0.20132200;0.19849600;0.19554500;0.19245200;0.18922800;0.18588400;0.18247700;0.17903400;0.17559200;0.17211300;0.16863800;0.16516800;0.16162200;0.15796800;0.15428000;0.15060600;0.14698100;0.14334000;0.13968800;0.13603100;0.13237200;         ;         ;         ;         ;         ;         ;         ;         ;         ;         ;         ;         ;         ;         ;         
HIV prevalence in adults aged 50+;Mean;         ;0.00000775;0.00002950;0.00008563;0.00022747;0.00056699;0.00128378;0.00253354;0.00430919;0.00653246;0.00916403;0.01218510;0.01553370;0.01914780;0.02294310;0.02682110;0.03069730;0.03461340;0.03845710;0.04221480;0.04578190;0.04930400;0.05289500;0.05675460;0.06093930;0.06546850;0.07047700;0.07608590;0.08229060;0.08889650;0.09575450;0.10282100;0.11006800;0.11748500;0.12515700;0.13327800;0.14214900;0.15116800;0.15996600;0.16895100;0.17806200;0.18725200;0.19646300;0.20565200;0.21478000;0.22374800;0.23240200;0.24053800;0.24793100;0.25439900;0.25983200;0.26414500;0.26738500;0.26957900;0.27079500;0.27109700;0.27059100;0.26930900;0.26734100;0.26477100;0.26164400;0.25801300;0.25395500;0.24986900;0.24569600;0.24135300;0.23699200;0.23254400;0.22802300;0.22329300;0.21822800;         ;         ;         ;         ;         ;         ;         ;         ;         ;         ;         ;         ;         ;         ;         
;95% LL;         ;0.00000477;0.00001875;0.00005491;0.00015332;0.00037489;0.00083242;0.00161344;0.00283572;0.00450669;0.00657071;0.00906102;0.01194800;0.01514610;0.01874140;0.02261030;0.02663160;0.03059850;0.03428770;0.03805510;0.04198470;0.04557510;0.04914800;0.05310720;0.05731610;0.06178170;0.06676060;0.07236100;0.07846930;0.08496200;0.09172490;0.09865980;0.10571900;0.11297100;0.12050100;0.12850400;0.13727700;0.14623500;0.15501700;0.16400700;0.17319700;0.18246900;0.19183500;0.20119700;0.21014400;0.21905700;0.22749200;0.23541400;0.24274300;0.24911000;0.25424300;0.25830600;0.26134500;0.26338400;0.26448600;0.26470800;0.26415000;0.26284100;0.26086800;0.25831500;0.25522400;0.25164700;0.24755400;0.24345600;0.23930400;0.23500500;0.23069400;0.22652200;0.22209600;0.21728800;0.21230700;         ;         ;         ;         ;         ;         ;         ;         ;         ;         ;         ;         ;         ;         ;         
;95% UL;         ;0.00001157;0.00004281;0.00011978;0.00032949;0.00080454;0.00180890;0.00340550;0.00552235;0.00805507;0.01091150;0.01413140;0.01775040;0.02164800;0.02555960;0.02956980;0.03351250;0.03742450;0.04119080;0.04483940;0.04823850;0.05160130;0.05516150;0.05911750;0.06352680;0.06839020;0.07387980;0.07967930;0.08621160;0.09310080;0.10022500;0.10757500;0.11503900;0.12254100;0.13033000;0.13853200;0.14745200;0.15654800;0.16539800;0.17444200;0.18368000;0.19294600;0.20214500;0.21143100;0.22049800;0.22960200;0.23824200;0.24665800;0.25421100;0.26075300;0.26602800;0.27047500;0.27392900;0.27629600;0.27760900;0.27800300;0.27757600;0.27635700;0.27443400;0.27189100;0.26877100;0.26513800;0.26115500;0.25713000;0.25300200;0.24869000;0.24431500;0.23991700;0.23540800;0.23068500;0.22562000;         ;         ;         ;         ;         ;         ;         ;         ;         ;         ;         ;         ;         ;         ;         
HIV prevalence in males aged 50+;Mean;         ;0.00001301;0.00005381;0.00016271;0.00044127;0.00111029;0.00251916;0.00494828;0.00831721;0.01239000;0.01699980;0.02201190;0.02718890;0.03235730;0.03731590;0.04189920;0.04599440;0.04972440;0.05295720;0.05576830;0.05807350;0.06017150;0.06225690;0.06457040;0.06721110;0.07019700;0.07370250;0.07793330;0.08276380;0.08793140;0.09325750;0.09871490;0.10431900;0.11008200;0.11607600;0.12246200;0.12944100;0.13639900;0.14303700;0.14970900;0.15634600;0.16289500;0.16929700;0.17549300;0.18141900;0.18696000;0.19196900;0.19628900;0.19977800;0.20235500;0.20399900;0.20461300;0.20434800;0.20326100;0.20145700;0.19902100;0.19604100;0.19257400;0.18870600;0.18452800;0.18006500;0.17536500;0.17047500;0.16574900;0.16112200;0.15651500;0.15206300;0.14770400;0.14345900;0.13917400;0.13474300;         ;         ;         ;         ;         ;         ;         ;         ;         ;         ;         ;         ;         ;         ;         
;95% LL;         ;0.00000792;0.00003403;0.00010598;0.00029340;0.00072771;0.00156518;0.00307330;0.00531832;0.00819537;0.01169160;0.01570610;0.02007000;0.02465920;0.02931900;0.03390790;0.03796090;0.04192240;0.04566980;0.04949630;0.05260080;0.05510120;0.05763320;0.06039900;0.06329210;0.06649630;0.07017140;0.07446700;0.07931950;0.08448520;0.08980720;0.09526350;0.10085700;0.10658600;0.11252100;0.11888000;0.12591100;0.13291400;0.13950800;0.14619000;0.15284100;0.15927500;0.16548200;0.17146400;0.17714500;0.18233500;0.18698100;0.19093200;0.19405500;0.19627700;0.19748600;0.19781300;0.19736000;0.19600500;0.19400600;0.19153900;0.18838000;0.18476100;0.18078000;0.17653100;0.17210100;0.16740000;0.16255000;0.15788500;0.15336600;0.14889700;0.14456600;0.14032000;0.13619400;0.13204100;0.12776100;         ;         ;         ;         ;         ;         ;         ;         ;         ;         ;         ;         ;         ;         ;         
;95% UL;         ;0.00001926;0.00007753;0.00022879;0.00064441;0.00160547;0.00357774;0.00668424;0.01068560;0.01532970;0.02014920;0.02582390;0.03171600;0.03748850;0.04290160;0.04776640;0.05196360;0.05564300;0.05867470;0.06116450;0.06304900;0.06467380;0.06626910;0.06810850;0.07031050;0.07290430;0.07612940;0.08057280;0.08584300;0.09107530;0.09655700;0.10233300;0.10783600;0.11370300;0.11980400;0.12628200;0.13332600;0.14032600;0.14688100;0.15364600;0.16017900;0.16661100;0.17304700;0.17949000;0.18555400;0.19093500;0.19579600;0.20046300;0.20430000;0.20721300;0.20917400;0.21008400;0.21008200;0.20922400;0.20761700;0.20534300;0.20249400;0.19912700;0.19532700;0.19118800;0.18673600;0.18201900;0.17708500;0.17228900;0.16757500;0.16286100;0.15828800;0.15379400;0.14940300;0.14495800;0.14035000;         ;         ;         ;         ;         ;         ;         ;         ;         ;         ;         ;         ;         ;         ;         
HIV prevalence in females aged 50+;Mean;         ;0.00000334;0.00000936;0.00002242;0.00005374;0.00012913;0.00029735;0.00062214;0.00115967;0.00195718;0.00307363;0.00457812;0.00654000;0.00898850;0.01192730;0.01531810;0.01909320;0.02320000;0.02755580;0.03208060;0.03663270;0.04124850;0.04599680;0.05102490;0.05636390;0.06203610;0.06814800;0.07476220;0.08195670;0.08958660;0.09752390;0.10571500;0.11410300;0.12266300;0.13149300;0.14081600;0.15099800;0.16146000;0.17179600;0.18244900;0.19336500;0.20450300;0.21581600;0.22727400;0.23885900;0.25049800;0.26202900;0.27321700;0.28376800;0.29341600;0.30197400;0.30936100;0.31551800;0.32044900;0.32418400;0.32676500;0.32830700;0.32882400;0.32841000;0.32714600;0.32509900;0.32233100;0.31895300;0.31536600;0.31152300;0.30735100;0.30300500;0.29842400;0.29360600;0.28844900;0.28283400;         ;         ;         ;         ;         ;         ;         ;         ;         ;         ;         ;         ;         ;         ;         
;95% LL;         ;0.00000192;0.00000559;0.00001412;0.00003519;0.00008854;0.00021055;0.00044852;0.00085091;0.00148254;0.00239449;0.00365526;0.00536857;0.00750999;0.01006130;0.01313980;0.01661910;0.02048660;0.02459260;0.02897370;0.03330310;0.03780700;0.04251910;0.04742700;0.05260570;0.05815600;0.06409540;0.07044190;0.07741860;0.08474360;0.09237560;0.10027500;0.10838800;0.11669100;0.12528500;0.13444200;0.14442900;0.15473700;0.16498200;0.17559300;0.18652000;0.19787300;0.20916100;0.22079700;0.23238400;0.24378400;0.25545000;0.26675800;0.27708600;0.28652700;0.29502700;0.30241200;0.30857800;0.31346800;0.31728300;0.31946100;0.32106800;0.32187200;0.32151800;0.32008500;0.31791800;0.31501600;0.31151300;0.30800200;0.30424400;0.30017400;0.29594100;0.29132800;0.28649000;0.28132600;0.27571900;         ;         ;         ;         ;         ;         ;         ;         ;         ;         ;         ;         ;         ;         ;         
;95% UL;         ;0.00000550;0.00001475;0.00003279;0.00007625;0.00017599;0.00039966;0.00082166;0.00147937;0.00240533;0.00368307;0.00537615;0.00760052;0.01040630;0.01364290;0.01723940;0.02117670;0.02553750;0.03012800;0.03487610;0.03969190;0.04431790;0.04913600;0.05421180;0.05977340;0.06565570;0.07212320;0.07902620;0.08669820;0.09465590;0.10292200;0.11145400;0.12007800;0.12890700;0.13799700;0.14756900;0.15800000;0.16863600;0.17923700;0.19007600;0.20098900;0.21217300;0.22345000;0.23492100;0.24644300;0.25823400;0.26998700;0.28105900;0.29146100;0.30109000;0.30992200;0.31750400;0.32405600;0.32937400;0.33327500;0.33576200;0.33719700;0.33759300;0.33724800;0.33618200;0.33451500;0.33209300;0.32902800;0.32570300;0.32191300;0.31767600;0.31366300;0.30921700;0.30464900;0.29969700;0.29424600;         ;         ;         ;         ;         ;         ;         ;         ;         ;         ;         ;         ;         ;         ;         
HIV prevalence in pregnant women;Mean;0.00021600;0.00035945;0.00072612;0.00164754;0.00390427;0.00898904;0.01870520;0.03383540;0.05363240;0.07692050;0.10246400;0.12930300;0.15511100;0.17924100;0.20089500;0.21969600;0.23529100;0.24760200;0.25637400;0.26266300;0.26667700;0.26906900;0.27113300;0.27277000;0.27300600;0.27315500;0.27599100;0.27876500;0.27991200;0.27966600;0.27899400;0.27762600;0.27571600;0.27240600;0.26784100;0.26254200;0.25626000;0.24932100;0.24147300;0.23299400;0.22418400;0.21519100;0.20614900;0.19710200;0.18817000;0.17941700;0.17090500;0.16267200;0.15476600;0.14717000;0.13985600;0.13278200;0.12590100;0.11918000;0.11260000;0.10615500;0.09985010;0.09370170;0.08773760;0.08199240;0.07650160;0.07129150;0.06638050;0.06177560;0.05747870;0.05348780;0.04979110;0.04637250;0.04322230;0.04033020;0.03768380;         ;         ;         ;         ;         ;         ;         ;         ;         ;         ;         ;         ;         ;         ;         
;95% LL;0.00012359;0.00021333;0.00046927;0.00110519;0.00284014;0.00647078;0.01366950;0.02574360;0.04292740;0.06508020;0.08958240;0.11633100;0.14242800;0.16693500;0.18852600;0.20740700;0.22395300;0.23558200;0.24454800;0.25112900;0.25549100;0.25826000;0.26021500;0.26185500;0.26217800;0.26241300;0.26511500;0.26763500;0.26884600;0.26865200;0.26800500;0.26664200;0.26472000;0.26140000;0.25683200;0.25151000;0.24503000;0.23794400;0.23002200;0.22153700;0.21286000;0.20396900;0.19502700;0.18615300;0.17752400;0.16909400;0.16082400;0.15276100;0.14489300;0.13761000;0.13050600;0.12375200;0.11727500;0.11082700;0.10453500;0.09840190;0.09241690;0.08657760;0.08093530;0.07555240;0.07044800;0.06561460;0.06106580;0.05680530;0.05281640;0.04911490;0.04566930;0.04246130;0.03947870;0.03670070;0.03416260;         ;         ;         ;         ;         ;         ;         ;         ;         ;         ;         ;         ;         ;         ;         
;95% UL;0.00036648;0.00058359;0.00111418;0.00233657;0.00536438;0.01223630;0.02443790;0.04182360;0.06348120;0.08854370;0.11445100;0.14132900;0.16657200;0.19012400;0.21132200;0.23063300;0.24663500;0.25894600;0.26742400;0.27402300;0.27820800;0.28145300;0.28395700;0.28666800;0.28708900;0.28768400;0.29069900;0.29368100;0.29499900;0.29513000;0.29462700;0.29327500;0.29132300;0.28775700;0.28288600;0.27748300;0.27129500;0.26438800;0.25678900;0.24855900;0.23992300;0.23103100;0.22202500;0.21294200;0.20391800;0.19499400;0.18622200;0.17778300;0.16947400;0.16153300;0.15384500;0.14644300;0.13950800;0.13261900;0.12561300;0.11870500;0.11190500;0.10523400;0.09872830;0.09243150;0.08640800;0.08076520;0.07541900;0.07038280;0.06566330;0.06126310;0.05717340;0.05338060;0.04987750;0.04665590;0.04369550;         ;         ;         ;         ;         ;         ;         ;         ;         ;         ;         ;         ;         ;         ;         
HIV prevalence in pregnant women, 15-19;Mean;0.00024609;0.00039177;0.00076256;0.00165860;0.00379040;0.00853845;0.01777460;0.03296370;0.05406970;0.07947360;0.10644600;0.13270700;0.15408400;0.16987600;0.18001700;0.18493300;0.18484400;0.18057300;0.17348600;0.16495800;0.15573400;0.14664200;0.13868600;0.13180600;0.12447600;0.11769600;0.11280300;0.10893000;0.10667000;0.10544300;0.10469100;0.10429900;0.10409800;0.10297900;0.10103500;0.09895020;0.09548720;0.09180060;0.08804620;0.08445770;0.08031060;0.07552970;0.07008670;0.06397430;0.05762120;0.05195120;0.04723460;0.04288540;0.03867600;0.03472400;0.03155740;0.02873310;0.02637020;0.02422840;0.02225830;0.02047580;0.01888750;0.01748660;0.01627600;0.01520930;0.01426360;0.01342430;0.01267110;0.01198610;0.01135200;0.01075930;0.01020200;0.00967567;0.00917714;0.00870420;0.00825562;         ;         ;         ;         ;         ;         ;         ;         ;         ;         ;         ;         ;         ;         ;         
;95% LL;0.00014068;0.00023180;0.00048569;0.00107747;0.00265761;0.00612738;0.01282790;0.02481970;0.04205930;0.06544790;0.09106370;0.11656300;0.13773500;0.15391800;0.16481500;0.17029200;0.17098900;0.16760600;0.16123700;0.15358900;0.14527800;0.13706600;0.12982900;0.12346700;0.11667000;0.11041100;0.10573600;0.10205800;0.09996100;0.09871750;0.09789990;0.09759860;0.09750810;0.09619730;0.09438810;0.09225320;0.08899230;0.08536820;0.08173280;0.07828950;0.07435880;0.06985310;0.06473560;0.05907090;0.05320410;0.04794770;0.04355790;0.03951260;0.03560710;0.03194400;0.02899090;0.02635930;0.02420670;0.02225400;0.02045500;0.01882530;0.01737040;0.01608360;0.01495500;0.01394910;0.01305600;0.01226210;0.01154880;0.01090310;0.01031910;0.00977354;0.00926095;0.00877729;0.00831953;0.00788569;0.00747460;         ;         ;         ;         ;         ;         ;         ;         ;         ;         ;         ;         ;         ;         ;         
;95% UL;0.00041802;0.00064239;0.00119428;0.00238372;0.00537072;0.01175820;0.02357570;0.04174930;0.06542850;0.09137030;0.11910400;0.14547100;0.16541600;0.18081200;0.19061000;0.19519400;0.19542600;0.19147000;0.18428200;0.17524200;0.16546200;0.15597300;0.14770700;0.14059700;0.13275400;0.12567200;0.12053700;0.11644300;0.11405200;0.11292100;0.11233000;0.11173400;0.11156700;0.11041700;0.10832900;0.10623700;0.10294000;0.09950540;0.09592500;0.09227310;0.08787040;0.08276260;0.07704190;0.07053210;0.06371920;0.05761100;0.05250990;0.04779720;0.04318660;0.03880790;0.03531890;0.03220610;0.02959330;0.02724160;0.02505410;0.02306310;0.02129820;0.01975840;0.01837090;0.01717720;0.01614310;0.01522250;0.01439860;0.01365110;0.01297400;0.01234610;0.01175390;0.01117030;0.01060290;0.01006380;0.00955172;         ;         ;         ;         ;         ;         ;         ;         ;         ;         ;         ;         ;         ;         ;         
HIV prevalence in pregnant women, 20-24;Mean;0.00026811;0.00046548;0.00095235;0.00216113;0.00511378;0.01175180;0.02434140;0.04371980;0.06896440;0.09890260;0.13237900;0.16796100;0.20340900;0.23671800;0.26594000;0.28954900;0.30644600;0.31611700;0.31894400;0.31661900;0.31007800;0.30030400;0.28928000;0.27768800;0.26424200;0.25080800;0.24094300;0.23170200;0.22212700;0.21277600;0.20442600;0.19659100;0.18993300;0.18371800;0.17756500;0.17212300;0.16701200;0.16222400;0.15733800;0.15215900;0.14666400;0.14104300;0.13531500;0.12964600;0.12398300;0.11758500;0.11029600;0.10244400;0.09424430;0.08601490;0.07821470;0.07127550;0.06480640;0.05880220;0.05331670;0.04868420;0.04456270;0.04097420;0.03770850;0.03474590;0.03209230;0.02973460;0.02765440;0.02583750;0.02422800;0.02279330;0.02150800;0.02034300;0.01927360;0.01828050;0.01735130;         ;         ;         ;         ;         ;         ;         ;         ;         ;         ;         ;         ;         ;         ;         
;95% LL;0.00015337;0.00027596;0.00061226;0.00143403;0.00369436;0.00845900;0.01783680;0.03339300;0.05547720;0.08348900;0.11612400;0.15178800;0.18730700;0.22053500;0.25148500;0.27635800;0.29392600;0.30329700;0.30577100;0.30329600;0.29694600;0.28729500;0.27660200;0.26520500;0.25213600;0.23909200;0.22955600;0.22083100;0.21157800;0.20248000;0.19445500;0.18691800;0.18052600;0.17435600;0.16843100;0.16278600;0.15756500;0.15279000;0.14781500;0.14255300;0.13724000;0.13180700;0.12654900;0.12102700;0.11558700;0.10940300;0.10251600;0.09508260;0.08738980;0.07971530;0.07242200;0.06586040;0.05976630;0.05412580;0.04898030;0.04468130;0.04092650;0.03760020;0.03459790;0.03182170;0.02935370;0.02713510;0.02517080;0.02346790;0.02199870;0.02068770;0.01951150;0.01844530;0.01746620;0.01655700;0.01570680;         ;         ;         ;         ;         ;         ;         ;         ;         ;         ;         ;         ;         ;         ;         
;95% UL;0.00045475;0.00075872;0.00146616;0.00307550;0.00702076;0.01604580;0.03194360;0.05407210;0.08157000;0.11378500;0.14737300;0.18278800;0.21825300;0.25107400;0.27831300;0.30164800;0.31823900;0.32816200;0.33123100;0.32918900;0.32305100;0.31370500;0.30281800;0.29207600;0.27927100;0.26592700;0.25615800;0.24666900;0.23685000;0.22728500;0.21861000;0.21054600;0.20377900;0.19737800;0.19101900;0.18558500;0.18075000;0.17627600;0.17142200;0.16602600;0.16015100;0.15455200;0.14900100;0.14309900;0.13720700;0.13051800;0.12280200;0.11440500;0.10556700;0.09663940;0.08812140;0.08043030;0.07321500;0.06649670;0.06034890;0.05516330;0.05054640;0.04651730;0.04287620;0.03961280;0.03667190;0.03404850;0.03173140;0.02970810;0.02791920;0.02632950;0.02491130;0.02363060;0.02245870;0.02137300;0.02035870;         ;         ;         ;         ;         ;         ;         ;         ;         ;         ;         ;         ;         ;         ;         
HIV prevalence in pregnant women, 25-29;Mean;0.00022128;0.00036481;0.00073622;0.00168462;0.00403379;0.00935744;0.01949390;0.03501210;0.05486710;0.07784090;0.10304800;0.12977600;0.15714200;0.18447000;0.21109400;0.23661300;0.26042000;0.28201000;0.30058000;0.31673100;0.32973700;0.33927100;0.34551400;0.34840400;0.34755000;0.34496400;0.34396700;0.34124100;0.33519300;0.32688200;0.31821600;0.30915800;0.29957100;0.28884900;0.27738900;0.26588000;0.25431800;0.24273500;0.23226600;0.22256900;0.21347900;0.20544000;0.19824600;0.19127200;0.18434600;0.17744400;0.17063000;0.16386000;0.15723600;0.15060600;0.14324100;0.13488200;0.12586400;0.11641300;0.10685400;0.09764970;0.08932940;0.08156450;0.07439410;0.06786680;0.06227880;0.05729500;0.05290820;0.04890180;0.04526510;0.04199700;0.03907610;0.03648290;0.03419890;0.03216210;0.03033440;         ;         ;         ;         ;         ;         ;         ;         ;         ;         ;         ;         ;         ;         ;         
;95% LL;0.00012677;0.00021759;0.00048008;0.00115771;0.00294091;0.00664196;0.01400690;0.02639530;0.04379920;0.06529670;0.08965360;0.11626400;0.14369500;0.17147600;0.19880400;0.22454000;0.24774200;0.26940400;0.28775700;0.30375000;0.31682400;0.32624400;0.33286100;0.33501400;0.33424500;0.33196400;0.33067700;0.32755600;0.32194700;0.31405400;0.30517000;0.29630800;0.28680500;0.27625900;0.26525700;0.25382200;0.24220700;0.23062700;0.22022300;0.21061600;0.20171000;0.19390200;0.18698200;0.17993700;0.17316300;0.16629700;0.15936900;0.15299400;0.14663200;0.14017700;0.13305600;0.12502800;0.11647700;0.10759600;0.09866220;0.09008580;0.08232740;0.07505740;0.06839830;0.06239570;0.05715900;0.05251290;0.04843790;0.04471940;0.04125930;0.03815420;0.03538520;0.03301660;0.03093820;0.02908460;0.02742030;         ;         ;         ;         ;         ;         ;         ;         ;         ;         ;         ;         ;         ;         ;         
;95% UL;0.00037495;0.00058770;0.00111436;0.00239273;0.00563245;0.01272990;0.02540020;0.04311570;0.06472210;0.08956450;0.11556600;0.14262900;0.16998400;0.19664500;0.22285800;0.24987100;0.27347800;0.29542100;0.31441100;0.33022900;0.34343300;0.35336800;0.36007700;0.36433400;0.36391400;0.36182400;0.36114700;0.35876600;0.35292400;0.34488100;0.33629800;0.32704200;0.31709800;0.30608600;0.29426500;0.28251100;0.27090100;0.25934100;0.24893700;0.23955200;0.23028800;0.22232400;0.21521400;0.20830500;0.20141300;0.19450700;0.18765000;0.18075800;0.17392600;0.16708300;0.15959900;0.15073700;0.14107100;0.13084900;0.12043700;0.11034100;0.10115700;0.09255160;0.08457760;0.07739950;0.07124780;0.06573700;0.06085650;0.05630840;0.05217680;0.04847530;0.04518000;0.04226970;0.03971890;0.03742470;0.03531780;         ;         ;         ;         ;         ;         ;         ;         ;         ;         ;         ;         ;         ;         ;         
HIV prevalence in pregnant women, 30-34;Mean;0.00017311;0.00028935;0.00060229;0.00141338;0.00343254;0.00801342;0.01674630;0.03005580;0.04690520;0.06603720;0.08654080;0.10766200;0.12891500;0.14977100;0.16978800;0.18879700;0.20661400;0.22306500;0.23816800;0.25314000;0.26831200;0.28422600;0.30164100;0.32029300;0.33892100;0.35736900;0.37707500;0.39222100;0.40104900;0.40426000;0.40419400;0.40115700;0.39583900;0.38813300;0.37858600;0.36767900;0.35548600;0.34192700;0.32756000;0.31274700;0.29781100;0.28283600;0.26839100;0.25565600;0.24420800;0.23371500;0.22459900;0.21653300;0.20892900;0.20146800;0.19409600;0.18695000;0.17988800;0.17284400;0.16560600;0.15748200;0.14822900;0.13838800;0.12829600;0.11822900;0.10842000;0.09945770;0.09112760;0.08355320;0.07670560;0.07074290;0.06539890;0.06063050;0.05625750;0.05228850;0.04871890;         ;         ;         ;         ;         ;         ;         ;         ;         ;         ;         ;         ;         ;         ;         
;95% LL;0.00009905;0.00017214;0.00039597;0.00097504;0.00251603;0.00576163;0.01226440;0.02283570;0.03759870;0.05567980;0.07532070;0.09583150;0.11716400;0.13831100;0.15920000;0.17735800;0.19540300;0.21181800;0.22751000;0.24289200;0.25787100;0.27377100;0.29058900;0.30871800;0.32671400;0.34458900;0.36367800;0.37832600;0.38697200;0.39003300;0.39011900;0.38646400;0.38115200;0.37378900;0.36437300;0.35390600;0.34213000;0.32854600;0.31421000;0.29920800;0.28432800;0.26929100;0.25482100;0.24230300;0.23112000;0.22094100;0.21195300;0.20390500;0.19610800;0.18879700;0.18155300;0.17467900;0.16786300;0.16104100;0.15386500;0.14607000;0.13724500;0.12793600;0.11844800;0.10903400;0.09984910;0.09156410;0.08384930;0.07684550;0.07042890;0.06480990;0.05978690;0.05529980;0.05112550;0.04733640;0.04402030;         ;         ;         ;         ;         ;         ;         ;         ;         ;         ;         ;         ;         ;         ;         
;95% UL;0.00029373;0.00046692;0.00091484;0.00200563;0.00476842;0.01080550;0.02173780;0.03679070;0.05512070;0.07546950;0.09674410;0.11778800;0.13861500;0.15995100;0.18117700;0.20085100;0.21857500;0.23604800;0.25110200;0.26659700;0.28183400;0.29826700;0.31699300;0.33601900;0.35499400;0.37354200;0.39415900;0.40999000;0.41922400;0.42251600;0.42233100;0.41896700;0.41378700;0.40610400;0.39660300;0.38579500;0.37404300;0.36082000;0.34591700;0.33101500;0.31595600;0.30130400;0.28729100;0.27474500;0.26326500;0.25226300;0.24293200;0.23465700;0.22697000;0.21993300;0.21240100;0.20482300;0.19846700;0.19156000;0.18407400;0.17554800;0.16571000;0.15513400;0.14419200;0.13335800;0.12277800;0.11302500;0.10390600;0.09556950;0.08799580;0.08136020;0.07534140;0.06984190;0.06487480;0.06041260;0.05636750;         ;         ;         ;         ;         ;         ;         ;         ;         ;         ;         ;         ;         ;         ;         
HIV prevalence in pregnant women, 35-39;Mean;0.00012947;0.00020499;0.00041561;0.00097158;0.00237061;0.00558374;0.01184790;0.02174160;0.03484380;0.05041190;0.06776660;0.08616800;0.10509900;0.12382800;0.14176100;0.15859200;0.17403300;0.18779900;0.20004800;0.21174100;0.22318500;0.23503400;0.24832600;0.26347800;0.28021700;0.29947700;0.32365100;0.34832800;0.37167100;0.39259100;0.41117300;0.42623100;0.43678300;0.44244800;0.44392000;0.44207200;0.43665700;0.42871500;0.41863200;0.40670300;0.39318200;0.37874500;0.36327800;0.34719300;0.33091200;0.31471000;0.29869000;0.28339400;0.27016700;0.25837100;0.24758600;0.23827700;0.23001900;0.22220900;0.21448800;0.20685600;0.19950900;0.19222100;0.18483000;0.17710600;0.16838400;0.15843500;0.14799900;0.13745700;0.12701300;0.11672600;0.10730600;0.09858300;0.09074120;0.08366600;0.07743150;         ;         ;         ;         ;         ;         ;         ;         ;         ;         ;         ;         ;         ;         ;         
;95% LL;0.00007398;0.00012063;0.00027014;0.00066108;0.00174547;0.00407576;0.00880205;0.01673770;0.02833610;0.04267920;0.05905790;0.07686410;0.09521540;0.11391700;0.13175500;0.14835300;0.16320600;0.17733600;0.19012700;0.20223000;0.21350600;0.22501900;0.23785600;0.25208500;0.26797100;0.28692800;0.31099300;0.33555800;0.35875200;0.37940600;0.39755900;0.41222000;0.42255400;0.42813000;0.42920500;0.42729600;0.42174900;0.41385900;0.40355500;0.39165300;0.37834300;0.36442300;0.34897700;0.33312500;0.31686300;0.30048000;0.28445100;0.26922300;0.25612600;0.24454100;0.23385800;0.22434700;0.21606800;0.20831600;0.20072100;0.19318800;0.18624400;0.17931500;0.17188300;0.16428300;0.15604400;0.14672000;0.13683600;0.12682600;0.11709200;0.10756600;0.09886730;0.09072250;0.08333930;0.07670880;0.07084430;         ;         ;         ;         ;         ;         ;         ;         ;         ;         ;         ;         ;         ;         ;         
;95% UL;0.00022031;0.00033483;0.00063967;0.00138552;0.00325499;0.00750097;0.01537730;0.02668040;0.04120410;0.05760390;0.07569890;0.09493420;0.11367500;0.13308800;0.15169300;0.16923800;0.18529200;0.19938100;0.21192700;0.22468200;0.23639500;0.24937100;0.26398600;0.27969300;0.29724700;0.31683500;0.34125900;0.36641900;0.38969500;0.41075300;0.42998000;0.44547000;0.45646500;0.46231000;0.46375900;0.46161700;0.45562800;0.44713600;0.43758700;0.42616600;0.41315200;0.39913000;0.38366100;0.36772700;0.35133300;0.33524200;0.31869900;0.30337400;0.29029200;0.27827000;0.26725200;0.25801800;0.24977400;0.24197100;0.23426700;0.22667100;0.21968900;0.21244700;0.20495200;0.19701100;0.18793300;0.17746800;0.16640600;0.15516700;0.14392500;0.13276800;0.12245900;0.11285500;0.10416900;0.09629420;0.08931980;         ;         ;         ;         ;         ;         ;         ;         ;         ;         ;         ;         ;         ;         ;         
HIV prevalence in pregnant women, 40-49;Mean;0.00008883;0.00012535;0.00023061;0.00051823;0.00126291;0.00302058;0.00656792;0.01245280;0.02059570;0.03086410;0.04302650;0.05762570;0.07228470;0.08741560;0.10246100;0.11702500;0.13071200;0.14436000;0.15681600;0.16858400;0.17972200;0.19067300;0.20203800;0.21444900;0.22771600;0.24273200;0.26194100;0.28154700;0.30118000;0.32045600;0.34031600;0.36071700;0.38093400;0.40033100;0.41855900;0.43490900;0.44768400;0.45664000;0.46151400;0.46251800;0.46019900;0.45476500;0.44710500;0.43737700;0.42591400;0.41290200;0.39894800;0.38395600;0.36832000;0.35232700;0.33621100;0.32019700;0.30466600;0.29094400;0.27843200;0.26679800;0.25649900;0.24715700;0.23849100;0.23013000;0.22198200;0.21428900;0.20677500;0.19917100;0.19131400;0.18282500;0.17342200;0.16355900;0.15341500;0.14308500;0.13251600;         ;         ;         ;         ;         ;         ;         ;         ;         ;         ;         ;         ;         ;         ;         
;95% LL;0.00005077;0.00007291;0.00014604;0.00034755;0.00092121;0.00220014;0.00491082;0.00965709;0.01644050;0.02590020;0.03703610;0.05069830;0.06445900;0.07904580;0.09367780;0.10830700;0.12186800;0.13492500;0.14727900;0.15851400;0.17014900;0.18059400;0.19211600;0.20419400;0.21665600;0.23091000;0.24933500;0.26821000;0.28738200;0.30674600;0.32643600;0.34662200;0.36672300;0.38609900;0.40438500;0.42072100;0.43355900;0.44242900;0.44710100;0.44790700;0.44530800;0.43980000;0.43177900;0.42146100;0.40979300;0.39706300;0.38358100;0.36905000;0.35356100;0.33776000;0.32162600;0.30573100;0.28991800;0.27624500;0.26398500;0.25243900;0.24201200;0.23280300;0.22364800;0.21536400;0.20732900;0.19982000;0.19282800;0.18546100;0.17778300;0.16958700;0.16053200;0.15116300;0.14163100;0.13198000;0.12215200;         ;         ;         ;         ;         ;         ;         ;         ;         ;         ;         ;         ;         ;         ;         
;95% UL;0.00015144;0.00020714;0.00035892;0.00074541;0.00175508;0.00403581;0.00850995;0.01533980;0.02455300;0.03592640;0.04882860;0.06422990;0.07964860;0.09449590;0.11038100;0.12569900;0.14004300;0.15429500;0.16725900;0.17949300;0.19184100;0.20408600;0.21629000;0.22918700;0.24338300;0.25914300;0.27929000;0.29968000;0.32028200;0.33957600;0.35935400;0.37988900;0.39985000;0.41949000;0.43828400;0.45504700;0.46803200;0.47708600;0.48201200;0.48278900;0.48017800;0.47464700;0.46699400;0.45689300;0.44605300;0.43433800;0.42048600;0.40519500;0.38957100;0.37335200;0.35743100;0.34125700;0.32569600;0.31192200;0.29928200;0.28756200;0.27721300;0.26806300;0.25953300;0.25128600;0.24326200;0.23567400;0.22834400;0.22104100;0.21325300;0.20450000;0.19468600;0.18427800;0.17342500;0.16216700;0.15075600;         ;         ;         ;         ;         ;         ;         ;         ;         ;         ;         ;         ;         ;         ;         
HIV prevalence in females sex workers;Mean;0.00055747;0.00163453;0.00471125;0.01260170;0.03222690;0.07670610;0.15843700;0.26775200;0.36954800;0.44922900;0.50959600;0.55669600;0.59422100;0.62120000;0.64124600;0.65515600;0.66386800;0.66864000;0.67038300;0.67040200;0.66913300;0.66677600;0.66357800;0.66002300;0.65675500;0.65268000;0.64831500;0.64530700;0.64609300;0.64790700;0.64809000;0.64716100;0.64318200;0.63704200;0.63033000;0.62261000;0.60885400;0.59391300;0.57724000;0.55929100;0.54054000;0.52135200;0.50184900;0.48215500;0.46260400;0.44315000;0.42392200;0.40503000;0.38658400;0.36861500;0.35115900;0.33422500;0.31781200;0.30191900;0.28654200;0.27167900;0.25732500;0.24347900;0.23014200;0.21731700;0.20500900;0.19322300;0.18196200;0.17122800;0.16102100;0.15134000;0.14217800;0.13352900;0.12538200;0.11772400;0.11054100;         ;         ;         ;         ;         ;         ;         ;         ;         ;         ;         ;         ;         ;         ;         
;95% LL;0.00032164;0.00098751;0.00300506;0.00871691;0.02101270;0.04938490;0.10381000;0.18146000;0.26967900;0.35596900;0.42457300;0.47950900;0.52323200;0.55684500;0.58326900;0.60340600;0.61802100;0.62601600;0.63103100;0.63418100;0.63544800;0.63224300;0.62918300;0.62306300;0.61530900;0.60602400;0.59494400;0.57911000;0.57202300;0.56925400;0.56626300;0.56281900;0.55678100;0.54874800;0.54039200;0.53100500;0.51592700;0.50006500;0.48266300;0.46419100;0.44515200;0.42595700;0.40674600;0.38764000;0.36791600;0.34849300;0.32966300;0.31151500;0.29413000;0.27752100;0.26170200;0.24666100;0.23237500;0.21882100;0.20597200;0.19380200;0.18228000;0.17137400;0.16105700;0.15130200;0.14208600;0.13338600;0.12518100;0.11745100;0.11017800;0.10334200;0.09692470;0.09090920;0.08527740;0.08001170;0.07509510;         ;         ;         ;         ;         ;         ;         ;         ;         ;         ;         ;         ;         ;         ;         
;95% UL;0.00093583;0.00258900;0.00726007;0.01974210;0.05068690;0.11597700;0.23678700;0.36964200;0.47427100;0.54895900;0.60024000;0.63891100;0.66869000;0.68811900;0.70235400;0.71231000;0.71462100;0.71334300;0.71198500;0.70916300;0.70533900;0.70243600;0.69891800;0.69593300;0.69342700;0.69094700;0.68842900;0.68688600;0.69171700;0.69294400;0.69259000;0.69292700;0.69013700;0.68511200;0.67929100;0.67247300;0.65953700;0.64509400;0.62881600;0.61122200;0.59243500;0.57319400;0.55352100;0.53362100;0.51381900;0.49406100;0.47447900;0.45518800;0.43629900;0.41752800;0.39890300;0.38071300;0.36296900;0.34568200;0.32913800;0.31306000;0.29740600;0.28218100;0.26739500;0.25306300;0.23920000;0.22582700;0.21296300;0.20062300;0.18882200;0.17757100;0.16687800;0.15695800;0.14760700;0.13880100;0.13037200;         ;         ;         ;         ;         ;         ;         ;         ;         ;         ;         ;         ;         ;         ;         
HIV prevalence in men who have sex with men (ages 18+);Mean;0.00028406;0.00047117;0.00089166;0.00168938;0.00320431;0.00611925;0.01173490;0.02245500;0.04101100;0.06921340;0.10630100;0.14869200;0.19143700;0.23099400;0.26513200;0.29287100;0.31408800;0.32972600;0.34028400;0.34658000;0.34975100;0.35082400;0.35039500;0.34932700;0.34806000;0.34652000;0.34488300;0.34295300;0.34124400;0.33960000;0.33763200;0.33589800;0.33357100;0.32932600;0.32384300;0.31765200;0.31123300;0.30475700;0.29781700;0.29056600;0.28320400;0.27584900;0.26862700;0.26164200;0.25484700;0.24823500;0.24177400;0.23545100;0.22929500;0.22333000;0.21755500;0.21199600;0.20657900;0.20129200;0.19613900;0.19110100;0.18615300;0.18129100;0.17651900;0.17184400;0.16727100;0.16280800;0.15845900;0.15422800;0.15011300;0.14611500;0.14223200;0.13846100;0.13480300;0.13125400;0.12781600;         ;         ;         ;         ;         ;         ;         ;         ;         ;         ;         ;         ;         ;         ;         
;95% LL;0.00016389;0.00026968;0.00050525;0.00094372;0.00174650;0.00333238;0.00657767;0.01330720;0.02603470;0.04726950;0.07810980;0.11696200;0.15960800;0.20183600;0.24029000;0.27300100;0.29911200;0.31771300;0.33064500;0.33873600;0.34163300;0.34244900;0.34152100;0.34033700;0.33911000;0.33740800;0.33574600;0.33386300;0.33223200;0.33072400;0.32897300;0.32745400;0.32528900;0.32115500;0.31572500;0.30963700;0.30338700;0.29713700;0.29029500;0.28316000;0.27595700;0.26880700;0.26184800;0.25515700;0.24870300;0.24228200;0.23601800;0.22989700;0.22394400;0.21818200;0.21260700;0.20724300;0.20201800;0.19691800;0.19194700;0.18709100;0.18232200;0.17763800;0.17304100;0.16839000;0.16376900;0.15941600;0.15506700;0.15070700;0.14645900;0.14242500;0.13850600;0.13470100;0.13100700;0.12742400;0.12395000;         ;         ;         ;         ;         ;         ;         ;         ;         ;         ;         ;         ;         ;         ;         
;95% UL;0.00047686;0.00080643;0.00159880;0.00310420;0.00594986;0.01131530;0.02095780;0.03841870;0.06676910;0.10573100;0.15105100;0.19683000;0.23814900;0.27300400;0.30080700;0.32133300;0.33478600;0.34458200;0.35083500;0.35416100;0.35617600;0.35689200;0.35639200;0.35524800;0.35386300;0.35241400;0.35109300;0.34932100;0.34769600;0.34609100;0.34410600;0.34230000;0.33993600;0.33575900;0.33038100;0.32427400;0.31788500;0.31139000;0.30439800;0.29707200;0.28960300;0.28210300;0.27469700;0.26749000;0.26044800;0.25356700;0.24681900;0.24019600;0.23373200;0.22745400;0.22136400;0.21549100;0.20976400;0.20422200;0.19905600;0.19408200;0.18904900;0.18431000;0.17966400;0.17529400;0.17082700;0.16649900;0.16217100;0.15799500;0.15408300;0.15053200;0.14708800;0.14375100;0.14051700;0.13738200;0.13418600;         ;         ;         ;         ;         ;         ;         ;         ;         ;         ;         ;         ;         ;         ;         
HIV prevalence in male clients of sex workers;Mean;0.00024502;0.00038389;0.00083288;0.00203393;0.00512454;0.01257810;0.02815310;0.05413790;0.08806490;0.12589800;0.16497700;0.20356700;0.23994700;0.27283500;0.30126700;0.32480900;0.34336400;0.35752900;0.36766800;0.37445500;0.37839600;0.38054300;0.38151300;0.38222700;0.38306400;0.38401600;0.38548400;0.38716000;0.38894000;0.39034800;0.39094800;0.39083700;0.38983000;0.38772100;0.38506300;0.38168300;0.37740700;0.37251000;0.36702200;0.36080600;0.35398600;0.34673100;0.33913900;0.33130200;0.32332200;0.31521400;0.30697500;0.29861100;0.29018800;0.28173800;0.27329500;0.26488300;0.25650600;0.24816100;0.23983900;0.23153800;0.22325300;0.21498300;0.20673700;0.19852900;0.19038100;0.18231300;0.17435100;0.16651600;0.15883300;0.15132400;0.14400900;0.13690700;0.13003600;0.12341200;0.11704900;         ;         ;         ;         ;         ;         ;         ;         ;         ;         ;         ;         ;         ;         ;         
;95% LL;0.00014305;0.00023412;0.00052568;0.00130619;0.00346766;0.00845144;0.01800250;0.03536850;0.05996480;0.09082490;0.12581900;0.16282700;0.19914300;0.23100300;0.26173000;0.28686400;0.30819700;0.32539100;0.33982900;0.34900500;0.35461000;0.35850900;0.35929400;0.36078400;0.36175400;0.36362500;0.36539600;0.36751100;0.36960200;0.37123900;0.37204300;0.37211400;0.37131700;0.36968100;0.36749600;0.36461700;0.36085200;0.35642800;0.35136500;0.34551600;0.33898800;0.33198400;0.32465500;0.31707000;0.30932800;0.30144400;0.29335600;0.28513600;0.27684700;0.26852100;0.26020000;0.25211000;0.24394300;0.23572500;0.22753100;0.21936100;0.21128100;0.20309400;0.19501000;0.18697900;0.17902300;0.17116700;0.16343500;0.15585100;0.14843700;0.14121700;0.13420800;0.12742900;0.12089400;0.11461800;0.10861000;         ;         ;         ;         ;         ;         ;         ;         ;         ;         ;         ;         ;         ;         ;         
;95% UL;0.00041388;0.00062324;0.00123866;0.00289949;0.00729714;0.01776430;0.03949550;0.07171370;0.10978900;0.14907700;0.18840500;0.22709000;0.26507600;0.29866400;0.32702900;0.34989700;0.36733600;0.38012900;0.38873100;0.39391300;0.39626800;0.39691400;0.39647200;0.39593800;0.39571000;0.39639500;0.39783000;0.39962500;0.40181900;0.40353600;0.40434200;0.40432100;0.40332100;0.40120500;0.39851600;0.39509400;0.39075200;0.38574000;0.38008200;0.37363300;0.36650700;0.35888100;0.35087400;0.34258900;0.33415200;0.32565600;0.31715900;0.30856300;0.29986700;0.29114000;0.28261000;0.27429000;0.26601100;0.25776000;0.24953100;0.24131500;0.23310500;0.22489700;0.21669300;0.20850600;0.20035300;0.19225300;0.18422600;0.17629500;0.16848100;0.16080600;0.15329300;0.14596300;0.13883600;0.13193200;0.12526700;         ;         ;         ;         ;         ;         ;         ;         ;         ;         ;         ;         ;         ;         ;         
;;         ;         ;         ;         ;         ;         ;         ;         ;         ;         ;         ;         ;         ;         ;         ;         ;         ;         ;         ;         ;         ;         ;         ;         ;         ;         ;         ;         ;         ;         ;         ;         ;         ;         ;         ;         ;         ;         ;         ;         ;         ;         ;         ;         ;         ;         ;         ;         ;         ;         ;         ;         ;         ;         ;         ;         ;         ;         ;         ;         ;         ;         ;         ;         ;         ;         ;         ;         ;         ;         ;         ;         ;         ;         ;         ;         ;         ;         ;         ;         ;         ;         ;         ;         ;         ;         
Antiretroviral treatment uptake, coverage and interruption;;         ;         ;         ;         ;         ;         ;         ;         ;         ;         ;         ;         ;         ;         ;         ;         ;         ;         ;         ;         ;         ;         ;         ;         ;         ;         ;         ;         ;         ;         ;         ;         ;         ;         ;         ;         ;         ;         ;         ;         ;         ;         ;         ;         ;         ;         ;         ;         ;         ;         ;         ;         ;         ;         ;         ;         ;         ;         ;         ;         ;         ;         ;         ;         ;         ;         ;         ;         ;         ;         ;         ;         ;         ;         ;         ;         ;         ;         ;         ;         ;         ;         ;         ;         ;         ;         
;;         ;         ;         ;         ;         ;         ;         ;         ;         ;         ;         ;         ;         ;         ;         ;         ;         ;         ;         ;         ;         ;         ;         ;         ;         ;         ;         ;         ;         ;         ;         ;         ;         ;         ;         ;         ;         ;         ;         ;         ;         ;         ;         ;         ;         ;         ;         ;         ;         ;         ;         ;         ;         ;         ;         ;         ;         ;         ;         ;         ;         ;         ;         ;         ;         ;         ;         ;         ;         ;         ;         ;         ;         ;         ;         ;         ;         ;         ;         ;         ;         ;         ;         ;         ;         ;         
Total number starting ART;Mean;         ;         ;         ;         ;         ;         ;         ;         ;         ;         ;         ;         ;         ;         ;         ;9666.97000000;12381.90000000;15481.00000000;19175.20000000;82474.40000000;137460.00000000;203215.00000000;267684.00000000;318075.00000000;421807.00000000;534060.00000000;728227.00000000;630193.00000000;490323.00000000;510425.00000000;554421.00000000;622859.00000000;528222.00000000;441555.00000000;421465.00000000;380633.00000000;358820.00000000;335225.00000000;303659.00000000;278412.00000000;251147.00000000;227933.00000000;208678.00000000;184764.00000000;168972.00000000;157667.00000000;148953.00000000;141774.00000000;135503.00000000;129795.00000000;124430.00000000;119279.00000000;114286.00000000;109450.00000000;104788.00000000;100316.00000000;96041.30000000;91967.00000000;88091.80000000;84412.40000000;80922.10000000;77610.90000000;74466.90000000;71477.60000000;68630.60000000;65914.60000000;63319.20000000;60835.50000000;58455.20000000;56171.00000000;53976.80000000;         ;         ;         ;         ;         ;         ;         ;         ;         ;         ;         ;         ;         ;         ;         
;95% LL;         ;         ;         ;         ;         ;         ;         ;         ;         ;         ;         ;         ;         ;         ;         ;9651.01000000;12363.80000000;15465.00000000;19153.60000000;82342.90000000;137241.00000000;202987.00000000;267376.00000000;317622.00000000;420991.00000000;532807.00000000;726951.00000000;628631.00000000;489141.00000000;509307.00000000;553052.00000000;621507.00000000;526831.00000000;440167.00000000;419515.00000000;364499.00000000;335130.00000000;309560.00000000;279577.00000000;257023.00000000;233015.00000000;212513.00000000;195594.00000000;175072.00000000;161327.00000000;151295.00000000;143485.00000000;136709.00000000;130681.00000000;125159.00000000;119856.00000000;114719.00000000;109795.00000000;105005.00000000;100393.00000000;96003.20000000;91869.80000000;87798.10000000;83925.90000000;80300.80000000;76869.20000000;73616.10000000;70517.60000000;67588.70000000;64768.40000000;62025.80000000;59408.80000000;56925.80000000;54564.10000000;52301.60000000;50131.90000000;         ;         ;         ;         ;         ;         ;         ;         ;         ;         ;         ;         ;         ;         ;         
;95% UL;         ;         ;         ;         ;         ;         ;         ;         ;         ;         ;         ;         ;         ;         ;         ;9679.12000000;12398.20000000;15499.00000000;19201.70000000;82592.80000000;137663.00000000;203519.00000000;268087.00000000;318659.00000000;422864.00000000;535712.00000000;729556.00000000;631932.00000000;491784.00000000;511953.00000000;556323.00000000;624767.00000000;529962.00000000;443230.00000000;423721.00000000;399033.00000000;386428.00000000;365372.00000000;332252.00000000;304241.00000000;273307.00000000;247530.00000000;225265.00000000;197777.00000000;179613.00000000;167345.00000000;158339.00000000;151089.00000000;144819.00000000;139126.00000000;133761.00000000;128575.00000000;123402.00000000;118410.00000000;113577.00000000;108864.00000000;104355.00000000;100052.00000000;95956.60000000;92064.80000000;88370.60000000;84864.50000000;81534.50000000;78367.60000000;75350.80000000;72472.50000000;69722.00000000;67089.60000000;64566.70000000;62145.50000000;59819.00000000;         ;         ;         ;         ;         ;         ;         ;         ;         ;         ;         ;         ;         ;         ;         
Males aged 15+ starting ART;Mean;         ;         ;         ;         ;         ;         ;         ;         ;         ;         ;         ;         ;         ;         ;         ;3052.66000000;3765.13000000;4560.78000000;5361.15000000;22434.80000000;37965.00000000;57682.90000000;77613.90000000;92538.50000000;126253.00000000;166211.00000000;231008.00000000;210946.00000000;165063.00000000;163473.00000000;181862.00000000;208047.00000000;181947.00000000;156607.00000000;156843.00000000;143646.00000000;134042.00000000;131132.00000000;117710.00000000;108353.00000000;96491.30000000;86136.10000000;77463.40000000;67533.60000000;60755.00000000;55888.00000000;52224.90000000;49330.00000000;46928.70000000;44849.80000000;42977.60000000;41238.50000000;39589.30000000;38007.90000000;36485.40000000;35019.90000000;33611.20000000;32259.70000000;30965.30000000;29727.80000000;28546.20000000;27418.60000000;26342.80000000;25315.90000000;24335.10000000;23397.40000000;22500.30000000;21641.30000000;20818.10000000;20028.80000000;19271.50000000;         ;         ;         ;         ;         ;         ;         ;         ;         ;         ;         ;         ;         ;         ;         
;95% LL;         ;         ;         ;         ;         ;         ;         ;         ;         ;         ;         ;         ;         ;         ;         ;3045.87000000;3757.51000000;4552.86000000;5353.38000000;22414.10000000;37907.30000000;57591.70000000;77493.70000000;92400.80000000;125981.00000000;165747.00000000;230376.00000000;210144.00000000;164589.00000000;163151.00000000;181299.00000000;207390.00000000;181290.00000000;155993.00000000;155848.00000000;135939.00000000;122507.00000000;117152.00000000;104257.00000000;95796.20000000;85479.40000000;76754.40000000;69594.10000000;61761.70000000;56211.70000000;52097.50000000;48894.80000000;46292.00000000;44085.30000000;42219.40000000;40518.20000000;38886.40000000;37261.80000000;35705.20000000;34209.00000000;32800.00000000;31437.50000000;30110.10000000;28873.00000000;27691.70000000;26565.00000000;25491.20000000;24467.60000000;23491.40000000;22559.70000000;21669.60000000;20818.30000000;20001.80000000;19203.10000000;18436.20000000;17700.60000000;         ;         ;         ;         ;         ;         ;         ;         ;         ;         ;         ;         ;         ;         ;         
;95% UL;         ;         ;         ;         ;         ;         ;         ;         ;         ;         ;         ;         ;         ;         ;         ;3061.83000000;3776.77000000;4573.14000000;5373.75000000;22458.70000000;38034.50000000;57796.10000000;77762.60000000;92706.00000000;126541.00000000;166650.00000000;231481.00000000;211564.00000000;165494.00000000;163818.00000000;182323.00000000;208575.00000000;182433.00000000;157039.00000000;157517.00000000;149512.00000000;142971.00000000;142041.00000000;128259.00000000;118209.00000000;105111.00000000;93471.20000000;83622.50000000;72069.10000000;64327.50000000;58858.60000000;54798.80000000;51628.00000000;49116.10000000;46980.10000000;45081.50000000;43308.20000000;41657.00000000;40067.20000000;38454.90000000;36955.90000000;35512.80000000;34126.20000000;32796.80000000;31524.60000000;30309.30000000;29149.40000000;28043.00000000;26987.20000000;25979.30000000;25016.30000000;24095.40000000;23214.10000000;22369.80000000;21560.40000000;20783.70000000;         ;         ;         ;         ;         ;         ;         ;         ;         ;         ;         ;         ;         ;         ;         
Females aged 15+ starting ART;Mean;         ;         ;         ;         ;         ;         ;         ;         ;         ;         ;         ;         ;         ;         ;         ;5826.24000000;7563.44000000;9682.76000000;12240.20000000;51458.30000000;86235.00000000;128442.00000000;169109.00000000;197362.00000000;256040.00000000;318912.00000000;467868.00000000;388847.00000000;300949.00000000;324274.00000000;349971.00000000;398465.00000000;332594.00000000;272976.00000000;253748.00000000;233526.00000000;221146.00000000;200676.00000000;181270.00000000;164315.00000000;148151.00000000;134904.00000000;124315.00000000;111266.00000000;102935.00000000;97006.70000000;92356.10000000;88394.90000000;84795.00000000;81397.80000000;78108.00000000;74876.80000000;71699.20000000;68600.40000000;65609.30000000;62745.40000000;60017.20000000;57427.00000000;54974.00000000;52655.00000000;50464.10000000;48392.80000000;46431.50000000;44570.40000000;42800.00000000;41111.60000000;39497.90000000;37952.30000000;36468.90000000;35042.90000000;33670.10000000;         ;         ;         ;         ;         ;         ;         ;         ;         ;         ;         ;         ;         ;         ;         
;95% LL;         ;         ;         ;         ;         ;         ;         ;         ;         ;         ;         ;         ;         ;         ;         ;5816.01000000;7548.13000000;9664.05000000;12218.10000000;51428.20000000;86151.40000000;128294.00000000;168878.00000000;197034.00000000;255462.00000000;318022.00000000;467294.00000000;388193.00000000;300400.00000000;323709.00000000;349184.00000000;397586.00000000;331683.00000000;272077.00000000;252492.00000000;222188.00000000;204687.00000000;183544.00000000;165661.00000000;150662.00000000;136641.00000000;125485.00000000;116350.00000000;105154.00000000;98102.30000000;92613.60000000;88199.10000000;84408.20000000;80889.30000000;77585.50000000;74389.10000000;71253.50000000;68182.70000000;65192.80000000;62310.90000000;59555.60000000;56934.30000000;54448.90000000;52097.90000000;49853.80000000;47665.10000000;45598.80000000;43671.50000000;41910.80000000;40133.80000000;38405.30000000;36772.30000000;35255.00000000;33822.10000000;32444.90000000;31119.60000000;         ;         ;         ;         ;         ;         ;         ;         ;         ;         ;         ;         ;         ;         ;         
;95% UL;         ;         ;         ;         ;         ;         ;         ;         ;         ;         ;         ;         ;         ;         ;         ;5838.18000000;7583.45000000;9707.11000000;12269.30000000;51498.30000000;86351.90000000;128663.00000000;169418.00000000;197800.00000000;256871.00000000;320185.00000000;468515.00000000;389801.00000000;301807.00000000;325100.00000000;351044.00000000;399677.00000000;333838.00000000;274182.00000000;255376.00000000;248563.00000000;243812.00000000;225309.00000000;204882.00000000;184857.00000000;165604.00000000;149501.00000000;136810.00000000;120753.00000000;111601.00000000;105319.00000000;100290.00000000;96084.20000000;92555.60000000;89187.50000000;85880.30000000;82583.00000000;79294.30000000;76048.90000000;72877.80000000;69765.10000000;66858.90000000;64110.10000000;61471.60000000;58960.40000000;56585.00000000;54335.80000000;52207.30000000;50189.10000000;48270.50000000;46442.20000000;44695.70000000;43023.60000000;41419.10000000;39876.50000000;38390.80000000;         ;         ;         ;         ;         ;         ;         ;         ;         ;         ;         ;         ;         ;         ;         
Children aged <15 starting ART;Mean;         ;         ;         ;         ;         ;         ;         ;         ;         ;         ;         ;         ;         ;         ;         ;788.07600000;1053.29000000;1237.49000000;1573.83000000;8581.33000000;13260.20000000;17090.80000000;20960.70000000;28174.50000000;39513.90000000;48937.50000000;29349.90000000;30400.60000000;24310.60000000;22678.20000000;22588.60000000;16346.50000000;13681.90000000;11971.10000000;10874.40000000;3460.46000000;3631.77000000;3416.78000000;4679.66000000;5743.99000000;6504.29000000;6892.90000000;6900.25000000;5964.48000000;5282.19000000;4771.99000000;4371.58000000;4049.18000000;3779.60000000;3547.45000000;3344.90000000;3164.17000000;2997.97000000;2841.84000000;2693.19000000;2550.46000000;2412.92000000;2280.27000000;2152.47000000;2029.60000000;1911.89000000;1799.52000000;1692.63000000;1591.30000000;1495.58000000;1405.51000000;1321.02000000;1241.94000000;1168.09000000;1099.24000000;1035.16000000;         ;         ;         ;         ;         ;         ;         ;         ;         ;         ;         ;         ;         ;         ;         
;95% LL;         ;         ;         ;         ;         ;         ;         ;         ;         ;         ;         ;         ;         ;         ;         ;759.45100000;1019.18000000;1203.81000000;1534.51000000;8422.71000000;12987.40000000;16799.60000000;20615.00000000;27716.80000000;38692.30000000;47841.60000000;28427.20000000;29467.70000000;23688.30000000;22079.80000000;22047.70000000;16107.00000000;13536.70000000;11862.30000000;10773.60000000;3322.38000000;3482.19000000;3274.80000000;4479.58000000;5496.00000000;6228.68000000;6605.59000000;6612.12000000;5713.95000000;5058.39000000;4567.51000000;4181.67000000;3870.59000000;3610.20000000;3383.63000000;3186.49000000;3011.79000000;2847.44000000;2693.13000000;2546.69000000;2409.36000000;2277.27000000;2150.16000000;2027.41000000;1908.50000000;1794.82000000;1686.53000000;1583.72000000;1486.44000000;1394.72000000;1308.54000000;1227.82000000;1152.38000000;1082.00000000;1016.47000000;955.53300000;         ;         ;         ;         ;         ;         ;         ;         ;         ;         ;         ;         ;         ;         ;         
;95% UL;         ;         ;         ;         ;         ;         ;         ;         ;         ;         ;         ;         ;         ;         ;         ;812.99600000;1083.36000000;1265.85000000;1606.93000000;8713.55000000;13496.40000000;17356.60000000;21259.50000000;28616.50000000;40269.20000000;49930.30000000;30235.70000000;31422.70000000;25092.20000000;23461.30000000;23338.00000000;16683.30000000;13887.30000000;12140.60000000;11031.70000000;3679.03000000;3869.77000000;3646.85000000;5004.85000000;6143.80000000;6954.84000000;7372.02000000;7397.79000000;6418.79000000;5708.67000000;5180.70000000;4751.73000000;4413.98000000;4132.67000000;3885.44000000;3669.67000000;3480.79000000;3310.34000000;3150.83000000;2998.19000000;2849.74000000;2704.90000000;2563.57000000;2425.98000000;2292.48000000;2163.52000000;2039.53000000;1920.87000000;1807.80000000;1700.56000000;1599.32000000;1504.15000000;1414.97000000;1331.64000000;1253.97000000;1181.74000000;         ;         ;         ;         ;         ;         ;         ;         ;         ;         ;         ;         ;         ;         ;         
Adults starting ART at CD4 <200;Mean;         ;         ;         ;         ;         ;         ;         ;         ;         ;         ;         ;         ;         ;         ;         ;8052.34000000;10303.10000000;12999.40000000;16115.60000000;67550.60000000;112987.00000000;168544.00000000;221839.00000000;258027.00000000;327731.00000000;362827.00000000;347592.00000000;247874.00000000;193492.00000000;160746.00000000;151821.00000000;139098.00000000;117979.00000000;102669.00000000;97763.30000000;91662.40000000;81709.20000000;71568.70000000;59389.00000000;49506.30000000;40394.90000000;33106.50000000;27493.10000000;22613.50000000;19643.80000000;17679.00000000;16308.20000000;15301.90000000;14533.50000000;13920.30000000;13405.50000000;12955.80000000;12551.00000000;12176.40000000;11822.30000000;11483.30000000;11156.40000000;10840.30000000;10533.90000000;10236.80000000;9948.30000000;9668.03000000;9395.46000000;9130.05000000;8871.19000000;8618.26000000;8370.72000000;8128.10000000;7890.01000000;7656.10000000;7426.12000000;         ;         ;         ;         ;         ;         ;         ;         ;         ;         ;         ;         ;         ;         ;         
;95% LL;         ;         ;         ;         ;         ;         ;         ;         ;         ;         ;         ;         ;         ;         ;         ;8029.99000000;10277.20000000;12969.50000000;16081.40000000;67268.90000000;112533.00000000;167743.00000000;220602.00000000;256384.00000000;324890.00000000;356723.00000000;336180.00000000;238770.00000000;185868.00000000;151802.00000000;143355.00000000;130464.00000000;110863.00000000;96580.50000000;91331.40000000;82077.50000000;71150.20000000;61804.00000000;51250.10000000;42971.90000000;35430.20000000;29429.90000000;24835.80000000;20825.30000000;18290.60000000;16587.70000000;15384.50000000;14489.90000000;13797.90000000;13238.40000000;12762.60000000;12342.60000000;11961.60000000;11607.00000000;11270.30000000;10938.00000000;10615.20000000;10305.00000000;9992.14000000;9689.11000000;9395.32000000;9110.27000000;8835.61000000;8576.08000000;8323.19000000;8076.31000000;7834.87000000;7598.40000000;7366.50000000;7126.86000000;6904.82000000;         ;         ;         ;         ;         ;         ;         ;         ;         ;         ;         ;         ;         ;         ;         
;95% UL;         ;         ;         ;         ;         ;         ;         ;         ;         ;         ;         ;         ;         ;         ;         ;8068.39000000;10321.70000000;13020.80000000;16139.90000000;67729.80000000;113320.00000000;169090.00000000;222636.00000000;259092.00000000;329547.00000000;366643.00000000;354588.00000000;253502.00000000;198916.00000000;167509.00000000;158354.00000000;145616.00000000;123777.00000000;108226.00000000;103756.00000000;101748.00000000;92969.10000000;81847.60000000;67991.30000000;56474.30000000;45697.70000000;37099.30000000;30477.20000000;24727.90000000;21290.40000000;19041.50000000;17468.10000000;16348.90000000;15516.00000000;14858.00000000;14312.40000000;13854.40000000;13442.20000000;13055.00000000;12694.50000000;12350.10000000;12003.40000000;11657.80000000;11322.90000000;11007.70000000;10706.50000000;10414.80000000;10136.40000000;9873.41000000;9617.44000000;9367.17000000;9122.04000000;8881.56000000;8645.30000000;8412.87000000;8183.97000000;         ;         ;         ;         ;         ;         ;         ;         ;         ;         ;         ;         ;         ;         ;         
Adults starting ART at CD4 200-349;Mean;         ;         ;         ;         ;         ;         ;         ;         ;         ;         ;         ;         ;         ;         ;         ;790.70100000;988.37500000;1206.32000000;1447.65000000;6140.36000000;10559.10000000;16363.60000000;23122.50000000;29855.30000000;51657.20000000;118556.00000000;347883.00000000;325728.00000000;247342.00000000;205069.00000000;191206.00000000;169485.00000000;138399.00000000;116515.00000000;110098.00000000;101471.00000000;93725.30000000;85656.80000000;74759.60000000;65830.10000000;56842.10000000;49311.20000000;43196.70000000;36938.70000000;32936.10000000;30219.20000000;28268.70000000;26778.80000000;25568.90000000;24532.40000000;23601.70000000;22737.10000000;21915.60000000;21124.20000000;20357.50000000;19615.40000000;18899.00000000;18209.10000000;17546.00000000;16909.60000000;16299.40000000;15714.40000000;15153.30000000;14614.70000000;14096.90000000;13598.10000000;13116.80000000;12651.70000000;12201.70000000;11765.70000000;11343.00000000;         ;         ;         ;         ;         ;         ;         ;         ;         ;         ;         ;         ;         ;         ;         
;95% LL;         ;         ;         ;         ;         ;         ;         ;         ;         ;         ;         ;         ;         ;         ;         ;760.18500000;949.43700000;1161.89000000;1396.89000000;5923.34000000;10159.60000000;15719.30000000;22190.60000000;28593.20000000;49402.80000000;114186.00000000;341166.00000000;321517.00000000;243919.00000000;203777.00000000;189925.00000000;166223.00000000;135830.00000000;114574.00000000;107978.00000000;95737.10000000;85994.10000000;77308.90000000;67216.10000000;59418.90000000;51570.90000000;45127.50000000;39958.40000000;34681.50000000;31166.70000000;28794.10000000;27050.60000000;25651.70000000;24550.70000000;23588.10000000;22709.80000000;21884.50000000;21094.20000000;20328.90000000;19585.30000000;18857.50000000;18127.50000000;17415.80000000;16731.00000000;16073.30000000;15448.00000000;14877.50000000;14330.40000000;13807.50000000;13303.00000000;12803.70000000;12333.40000000;11880.40000000;11442.00000000;11020.80000000;10614.60000000;         ;         ;         ;         ;         ;         ;         ;         ;         ;         ;         ;         ;         ;         ;         
;95% UL;         ;         ;         ;         ;         ;         ;         ;         ;         ;         ;         ;         ;         ;         ;         ;830.43600000;1042.26000000;1270.81000000;1519.12000000;6450.93000000;11154.20000000;17351.60000000;24524.90000000;31789.80000000;55087.00000000;125538.00000000;358904.00000000;332590.00000000;253050.00000000;206771.00000000;192369.00000000;172138.00000000;140370.00000000;118009.00000000;111836.00000000;107387.00000000;102408.00000000;95207.70000000;83510.80000000;73346.50000000;63017.30000000;54292.20000000;47198.20000000;39882.00000000;35276.80000000;32203.70000000;30038.30000000;28417.30000000;27126.90000000;26040.50000000;25077.90000000;24191.20000000;23352.30000000;22545.10000000;21762.70000000;21004.00000000;20270.00000000;19561.50000000;18879.00000000;18222.70000000;17592.10000000;16986.70000000;16405.30000000;15846.60000000;15308.90000000;14790.60000000;14290.20000000;13806.40000000;13337.90000000;12883.80000000;12443.10000000;         ;         ;         ;         ;         ;         ;         ;         ;         ;         ;         ;         ;         ;         ;         
Adults starting ART at CD4 350-499;Mean;         ;         ;         ;         ;         ;         ;         ;         ;         ;         ;         ;         ;         ;         ;         ;20.31980000;21.42930000;22.23260000;22.77570000;121.95900000;398.59200000;746.85400000;1087.94000000;1252.33000000;1810.13000000;2340.02000000;2142.85000000;17589.90000000;16924.20000000;109012.00000000;172558.00000000;144508.00000000;114166.00000000;93739.90000000;88726.70000000;80996.40000000;77243.30000000;73366.70000000;67386.00000000;62562.50000000;57004.60000000;52141.40000000;48033.50000000;42770.60000000;39268.20000000;36773.50000000;34857.80000000;33275.80000000;31881.10000000;30596.60000000;29376.60000000;28193.50000000;27034.20000000;25898.80000000;24794.60000000;23729.40000000;22707.90000000;21732.40000000;20803.40000000;19920.70000000;19083.00000000;18288.50000000;17534.30000000;16817.60000000;16135.30000000;15484.60000000;14863.00000000;14268.20000000;13698.30000000;13151.70000000;12626.90000000;         ;         ;         ;         ;         ;         ;         ;         ;         ;         ;         ;         ;         ;         ;         
;95% LL;         ;         ;         ;         ;         ;         ;         ;         ;         ;         ;         ;         ;         ;         ;         ;18.71910000;19.79540000;20.64020000;21.26920000;114.72200000;375.11800000;704.02000000;1025.38000000;1180.26000000;1708.76000000;2211.85000000;2053.67000000;16862.10000000;16093.30000000;103878.00000000;167176.00000000;142215.00000000;112539.00000000;92212.60000000;87220.50000000;79325.10000000;73681.00000000;68566.00000000;62443.30000000;57859.50000000;52841.40000000;48572.40000000;45031.00000000;40545.40000000;37502.50000000;35283.30000000;33548.50000000;32098.60000000;30770.10000000;29525.00000000;28330.30000000;27136.50000000;25988.70000000;24868.50000000;23776.20000000;22731.70000000;21736.60000000;20777.30000000;19864.70000000;18998.50000000;18147.90000000;17354.90000000;16613.70000000;15909.80000000;15240.20000000;14591.80000000;13973.20000000;13382.40000000;12817.30000000;12276.10000000;11757.40000000;         ;         ;         ;         ;         ;         ;         ;         ;         ;         ;         ;         ;         ;         ;         
;95% UL;         ;         ;         ;         ;         ;         ;         ;         ;         ;         ;         ;         ;         ;         ;         ;22.62420000;23.88770000;24.65520000;25.09810000;132.45500000;433.94800000;815.51900000;1191.50000000;1366.23000000;1959.90000000;2537.41000000;2283.22000000;18795.50000000;18332.00000000;116377.00000000;179841.00000000;147810.00000000;116566.00000000;95759.20000000;90615.40000000;83116.80000000;81681.70000000;78924.30000000;73118.30000000;68038.50000000;61985.00000000;56580.20000000;51844.60000000;45816.30000000;41737.90000000;38982.10000000;36973.90000000;35388.50000000;34006.30000000;32738.40000000;31531.60000000;30350.60000000;29131.90000000;27981.80000000;26846.10000000;25725.60000000;24649.70000000;23620.70000000;22639.70000000;21706.60000000;20820.40000000;19979.40000000;19180.90000000;18421.80000000;17699.00000000;17009.50000000;16350.70000000;15720.30000000;15116.20000000;14536.70000000;13980.10000000;         ;         ;         ;         ;         ;         ;         ;         ;         ;         ;         ;         ;         ;         ;         
Adults starting ART at CD4 500+;Mean;         ;         ;         ;         ;         ;         ;         ;         ;         ;         ;         ;         ;         ;         ;         ;15.53590000;15.63490000;15.54860000;15.35220000;80.12860000;255.87800000;470.16300000;673.99300000;765.62900000;1094.16000000;1399.99000000;1259.16000000;8599.84000000;8253.89000000;12919.80000000;16247.70000000;153421.00000000;143996.00000000;116660.00000000;114003.00000000;103043.00000000;102510.00000000;101216.00000000;97444.60000000;94769.50000000;90401.20000000;86481.40000000;83054.90000000;76477.10000000;71841.60000000;68223.00000000;65146.30000000;62368.30000000;59740.20000000;57198.20000000;54701.80000000;52228.90000000;49787.60000000;47408.80000000;45120.20000000;42937.20000000;40865.00000000;38904.90000000;37056.00000000;35315.80000000;33679.50000000;32140.50000000;30691.20000000;29323.90000000;28031.70000000;26808.10000000;25647.80000000;24545.60000000;23497.10000000;22498.20000000;21545.50000000;         ;         ;         ;         ;         ;         ;         ;         ;         ;         ;         ;         ;         ;         ;         
;95% LL;         ;         ;         ;         ;         ;         ;         ;         ;         ;         ;         ;         ;         ;         ;         ;14.00500000;14.15360000;14.17750000;14.11730000;74.37610000;238.15000000;438.54700000;629.15800000;714.91000000;1024.72000000;1314.76000000;1198.10000000;8192.81000000;7812.14000000;12168.90000000;15338.10000000;147803.00000000;139083.00000000;112671.00000000;109712.00000000;102180.00000000;100181.00000000;97423.80000000;92932.00000000;89986.50000000;85707.00000000;82013.70000000;78876.90000000;73240.70000000;69129.20000000;65643.30000000;62722.90000000;60038.70000000;57422.90000000;54932.80000000;52464.60000000;50018.20000000;47609.10000000;45266.70000000;43017.10000000;40902.00000000;38893.80000000;36932.40000000;35119.50000000;33420.60000000;31824.70000000;30324.90000000;28913.40000000;27582.80000000;26326.10000000;25137.10000000;24010.20000000;22940.40000000;21923.50000000;20955.50000000;20032.80000000;         ;         ;         ;         ;         ;         ;         ;         ;         ;         ;         ;         ;         ;         ;         
;95% UL;         ;         ;         ;         ;         ;         ;         ;         ;         ;         ;         ;         ;         ;         ;         ;17.89010000;17.87310000;17.67100000;17.19650000;88.43800000;283.25900000;521.53300000;749.81900000;847.89000000;1200.81000000;1529.38000000;1353.39000000;9234.13000000;9011.73000000;14093.00000000;17712.70000000;161018.00000000;150164.00000000;121652.00000000;119145.00000000;104450.00000000;105962.00000000;106521.00000000;103605.00000000;101323.00000000;96881.80000000;92742.90000000;88986.50000000;81755.60000000;76917.40000000;73242.80000000;70175.30000000;67189.30000000;64394.90000000;61716.90000000;59097.50000000;56534.30000000;53989.70000000;51479.50000000;49028.40000000;46705.90000000;44523.80000000;42448.60000000;40489.30000000;38643.70000000;36903.90000000;35264.40000000;33718.60000000;32259.30000000;30879.80000000;29573.90000000;28336.00000000;27161.20000000;26039.00000000;24952.90000000;23917.50000000;         ;         ;         ;         ;         ;         ;         ;         ;         ;         ;         ;         ;         ;         ;         
Children starting ART with advanced HIV disease;Mean;         ;         ;         ;         ;         ;         ;         ;         ;         ;         ;         ;         ;         ;         ;         ;787.06400000;1051.21000000;1233.67000000;1567.58000000;8525.95000000;13162.80000000;16933.90000000;20743.40000000;26691.00000000;35961.60000000;43585.50000000;24683.80000000;23121.70000000;16428.90000000;16128.10000000;17417.80000000;10974.00000000;8437.04000000;7242.73000000;6497.63000000;2162.91000000;2365.33000000;2162.97000000;2904.44000000;3541.47000000;3953.53000000;4079.81000000;3933.61000000;3283.68000000;2840.58000000;2528.99000000;2297.07000000;2117.84000000;1972.13000000;1849.05000000;1743.10000000;1649.39000000;1563.60000000;1483.05000000;1406.34000000;1332.63000000;1261.48000000;1192.75000000;1126.43000000;1062.58000000;1001.32000000;942.76000000;886.98100000;834.03400000;783.96300000;736.78900000;692.49600000;651.01500000;612.25100000;576.09600000;542.43000000;         ;         ;         ;         ;         ;         ;         ;         ;         ;         ;         ;         ;         ;         ;         
;95% LL;         ;         ;         ;         ;         ;         ;         ;         ;         ;         ;         ;         ;         ;         ;         ;758.60200000;1017.55000000;1200.86000000;1529.11000000;8373.46000000;12901.20000000;16648.20000000;20427.20000000;26270.70000000;35284.70000000;42700.80000000;23891.70000000;22138.20000000;15859.00000000;15639.30000000;16944.40000000;10753.10000000;8293.91000000;7127.64000000;6388.18000000;2082.02000000;2272.06000000;2074.33000000;2783.49000000;3387.80000000;3783.25000000;3906.37000000;3766.14000000;3142.61000000;2717.66000000;2418.61000000;2195.71000000;2023.18000000;1882.73000000;1763.96000000;1661.01000000;1570.47000000;1486.16000000;1406.45000000;1330.63000000;1258.39000000;1190.05000000;1124.19000000;1060.80000000;999.23100000;940.05000000;883.60000000;829.93900000;779.10200000;731.11200000;685.97500000;643.65800000;604.08100000;567.14300000;532.73000000;500.71900000;         ;         ;         ;         ;         ;         ;         ;         ;         ;         ;         ;         ;         ;         ;         
;95% UL;         ;         ;         ;         ;         ;         ;         ;         ;         ;         ;         ;         ;         ;         ;         ;811.90200000;1080.58000000;1261.63000000;1600.16000000;8653.23000000;13394.70000000;17182.90000000;21046.70000000;27095.00000000;36588.90000000;44407.60000000;25390.90000000;24061.90000000;17059.30000000;16742.40000000;18068.20000000;11302.40000000;8636.52000000;7401.93000000;6650.82000000;2290.71000000;2512.43000000;2303.06000000;3104.36000000;3792.47000000;4233.93000000;4367.11000000;4220.49000000;3536.60000000;3072.37000000;2747.77000000;2499.62000000;2307.46000000;2155.83000000;2025.77000000;1912.68000000;1815.02000000;1725.53000000;1643.84000000;1565.27000000;1488.78000000;1414.02000000;1340.93000000;1269.65000000;1200.35000000;1133.30000000;1068.73000000;1006.83000000;947.76100000;891.65400000;838.61800000;788.70200000;741.88700000;698.11100000;657.28700000;619.30400000;         ;         ;         ;         ;         ;         ;         ;         ;         ;         ;         ;         ;         ;         ;         
Total on ART;Mean;         ;         ;         ;         ;         ;         ;         ;         ;         ;         ;         ;         ;         ;         ;         ;         ;8263.44000000;17747.30000000;29117.90000000;42937.60000000;110985.00000000;220959.00000000;382051.00000000;593049.00000000;842647.00000000;1180030.00000000;1612630.00000000;2242930.00000000;2706350.00000000;3068530.00000000;3441580.00000000;3861920.00000000;4348820.00000000;4732520.00000000;5036120.00000000;5348890.00000000;5654900.00000000;5929620.00000000;6192690.00000000;6425680.00000000;6634870.00000000;6817180.00000000;6976080.00000000;7114670.00000000;7202520.00000000;7273460.00000000;7331210.00000000;7377730.00000000;7413560.00000000;7439460.00000000;7455910.00000000;7463220.00000000;7461610.00000000;7451240.00000000;7432290.00000000;7405000.00000000;7369560.00000000;7326220.00000000;7275220.00000000;7216810.00000000;7151250.00000000;7078810.00000000;6999770.00000000;6914390.00000000;6822920.00000000;6725590.00000000;6622640.00000000;6514300.00000000;6400820.00000000;6282420.00000000;6159360.00000000;         ;         ;         ;         ;         ;         ;         ;         ;         ;         ;         ;         ;         ;         ;         
;95% LL;         ;         ;         ;         ;         ;         ;         ;         ;         ;         ;         ;         ;         ;         ;         ;         ;8250.49000000;17727.60000000;29078.00000000;42872.80000000;110861.00000000;220595.00000000;381174.00000000;591291.00000000;839638.00000000;1175340.00000000;1605960.00000000;2235340.00000000;2697090.00000000;3056500.00000000;3429680.00000000;3849540.00000000;4335930.00000000;4718150.00000000;5017920.00000000;5327300.00000000;5642330.00000000;5910420.00000000;6153030.00000000;6366410.00000000;6553420.00000000;6715080.00000000;6856450.00000000;6980310.00000000;7061580.00000000;7127920.00000000;7182300.00000000;7226260.00000000;7260100.00000000;7284430.00000000;7299630.00000000;7305950.00000000;7303570.00000000;7292610.00000000;7273270.00000000;7245730.00000000;7209840.00000000;7166320.00000000;7115360.00000000;7057190.00000000;6990490.00000000;6916950.00000000;6837000.00000000;6750890.00000000;6658880.00000000;6561190.00000000;6458060.00000000;6349720.00000000;6236410.00000000;6115290.00000000;5991550.00000000;         ;         ;         ;         ;         ;         ;         ;         ;         ;         ;         ;         ;         ;         ;         
;95% UL;         ;         ;         ;         ;         ;         ;         ;         ;         ;         ;         ;         ;         ;         ;         ;         ;8274.57000000;17772.90000000;29175.60000000;43035.50000000;111223.00000000;221562.00000000;383414.00000000;595767.00000000;847469.00000000;1187810.00000000;1623100.00000000;2255430.00000000;2721030.00000000;3087440.00000000;3460190.00000000;3881110.00000000;4368160.00000000;4754090.00000000;5062890.00000000;5382910.00000000;5675000.00000000;5960270.00000000;6249540.00000000;6510880.00000000;6745610.00000000;6950380.00000000;7128020.00000000;7282420.00000000;7379260.00000000;7457540.00000000;7521670.00000000;7573970.00000000;7615990.00000000;7648400.00000000;7671580.00000000;7685830.00000000;7688450.00000000;7682070.00000000;7666860.00000000;7642200.00000000;7609200.00000000;7569410.00000000;7521650.00000000;7466170.00000000;7402880.00000000;7332410.00000000;7255100.00000000;7171230.00000000;7081050.00000000;6984970.00000000;6885910.00000000;6781280.00000000;6671330.00000000;6556290.00000000;6436430.00000000;         ;         ;         ;         ;         ;         ;         ;         ;         ;         ;         ;         ;         ;         ;         
Males age 15+ on ART;Mean;         ;         ;         ;         ;         ;         ;         ;         ;         ;         ;         ;         ;         ;         ;         ;         ;2511.99000000;5251.35000000;8372.11000000;11907.20000000;29669.10000000;58385.30000000;101469.00000000;158803.00000000;226353.00000000;321073.00000000;448082.00000000;638800.00000000;785066.00000000;895435.00000000;1004970.00000000;1134290.00000000;1288110.00000000;1411460.00000000;1510240.00000000;1617910.00000000;1720240.00000000;1811230.00000000;1903640.00000000;1982780.00000000;2052550.00000000;2110420.00000000;2158520.00000000;2198330.00000000;2219330.00000000;2232880.00000000;2240960.00000000;2244320.00000000;2243630.00000000;2239370.00000000;2231800.00000000;2221130.00000000;2207520.00000000;2191100.00000000;2171990.00000000;2150300.00000000;2126160.00000000;2099660.00000000;2070930.00000000;2040090.00000000;2007260.00000000;1972580.00000000;1936190.00000000;1898210.00000000;1858760.00000000;1817980.00000000;1775970.00000000;1732870.00000000;1688800.00000000;1643880.00000000;1598250.00000000;         ;         ;         ;         ;         ;         ;         ;         ;         ;         ;         ;         ;         ;         ;         
;95% LL;         ;         ;         ;         ;         ;         ;         ;         ;         ;         ;         ;         ;         ;         ;         ;         ;2504.53000000;5235.02000000;8345.87000000;11870.20000000;29591.20000000;58231.00000000;101159.00000000;158193.00000000;225284.00000000;319396.00000000;445591.00000000;635119.00000000;780685.00000000;889565.00000000;998283.00000000;1126940.00000000;1280050.00000000;1402230.00000000;1499680.00000000;1605570.00000000;1712930.00000000;1806720.00000000;1889120.00000000;1956080.00000000;2014250.00000000;2061780.00000000;2101090.00000000;2133340.00000000;2150840.00000000;2161910.00000000;2168100.00000000;2169990.00000000;2168140.00000000;2162770.00000000;2153940.00000000;2142090.00000000;2127430.00000000;2110080.00000000;2090150.00000000;2067750.00000000;2043380.00000000;2016910.00000000;1988330.00000000;1957750.00000000;1925090.00000000;1890540.00000000;1854380.00000000;1816720.00000000;1777700.00000000;1737430.00000000;1696030.00000000;1653880.00000000;1611020.00000000;1567380.00000000;1523110.00000000;         ;         ;         ;         ;         ;         ;         ;         ;         ;         ;         ;         ;         ;         ;         
;95% UL;         ;         ;         ;         ;         ;         ;         ;         ;         ;         ;         ;         ;         ;         ;         ;         ;2522.57000000;5275.67000000;8415.57000000;11969.90000000;29809.20000000;58679.40000000;102071.00000000;159891.00000000;228047.00000000;323639.00000000;451694.00000000;643529.00000000;790326.00000000;902334.00000000;1012990.00000000;1143240.00000000;1297870.00000000;1422920.00000000;1523480.00000000;1633740.00000000;1730260.00000000;1817470.00000000;1916770.00000000;2003070.00000000;2081710.00000000;2147500.00000000;2202510.00000000;2248290.00000000;2272310.00000000;2288130.00000000;2298000.00000000;2302830.00000000;2303360.00000000;2300110.00000000;2293400.00000000;2283430.00000000;2270380.00000000;2254390.00000000;2235590.00000000;2214110.00000000;2190050.00000000;2163540.00000000;2134700.00000000;2103650.00000000;2070520.00000000;2035440.00000000;1998560.00000000;1960000.00000000;1919890.00000000;1878340.00000000;1835500.00000000;1791470.00000000;1746390.00000000;1700370.00000000;1653570.00000000;         ;         ;         ;         ;         ;         ;         ;         ;         ;         ;         ;         ;         ;         ;         
Females age 15+ on ART;Mean;         ;         ;         ;         ;         ;         ;         ;         ;         ;         ;         ;         ;         ;         ;         ;         ;5002.03000000;10930.30000000;18267.10000000;27418.80000000;70839.10000000;141242.00000000;246400.00000000;385129.00000000;547406.00000000;762198.00000000;1034000.00000000;1458320.00000000;1764530.00000000;2009960.00000000;2270680.00000000;2558650.00000000;2894390.00000000;3160550.00000000;3373060.00000000;3587320.00000000;3805200.00000000;4003160.00000000;4187580.00000000;4352960.00000000;4500350.00000000;4630270.00000000;4745770.00000000;4849130.00000000;4921030.00000000;4982400.00000000;5035720.00000000;5081850.00000000;5121050.00000000;5153750.00000000;5180130.00000000;5200300.00000000;5214330.00000000;5222290.00000000;5224270.00000000;5220390.00000000;5210760.00000000;5195510.00000000;5174790.00000000;5148710.00000000;5117430.00000000;5081080.00000000;5039810.00000000;4993740.00000000;4942990.00000000;4887680.00000000;4827920.00000000;4763810.00000000;4695480.00000000;4623010.00000000;4546540.00000000;         ;         ;         ;         ;         ;         ;         ;         ;         ;         ;         ;         ;         ;         ;         
;95% LL;         ;         ;         ;         ;         ;         ;         ;         ;         ;         ;         ;         ;         ;         ;         ;         ;4990.91000000;10902.80000000;18216.40000000;27343.50000000;70677.70000000;140886.00000000;245652.00000000;383741.00000000;544960.00000000;758507.00000000;1028250.00000000;1451740.00000000;1757080.00000000;1999960.00000000;2260240.00000000;2547660.00000000;2882980.00000000;3146630.00000000;3354100.00000000;3561270.00000000;3793330.00000000;3989580.00000000;4161720.00000000;4308740.00000000;4442050.00000000;4560480.00000000;4665950.00000000;4759480.00000000;4826850.00000000;4883990.00000000;4933220.00000000;4975510.00000000;5011060.00000000;5040580.00000000;5064010.00000000;5081370.00000000;5092830.00000000;5099650.00000000;5100660.00000000;5095950.00000000;5085660.00000000;5069880.00000000;5048770.00000000;5022450.00000000;4991050.00000000;4954720.00000000;4913140.00000000;4865920.00000000;4814640.00000000;4758030.00000000;4697910.00000000;4632390.00000000;4563410.00000000;4490410.00000000;4413490.00000000;         ;         ;         ;         ;         ;         ;         ;         ;         ;         ;         ;         ;         ;         ;         
;95% UL;         ;         ;         ;         ;         ;         ;         ;         ;         ;         ;         ;         ;         ;         ;         ;         ;5015.46000000;10967.50000000;18338.60000000;27531.90000000;71090.20000000;141809.00000000;247532.00000000;387096.00000000;550809.00000000;767664.00000000;1042220.00000000;1467230.00000000;1775090.00000000;2025270.00000000;2286440.00000000;2574330.00000000;2909920.00000000;3178570.00000000;3396330.00000000;3614050.00000000;3822820.00000000;4023830.00000000;4230060.00000000;4419090.00000000;4587130.00000000;4735920.00000000;4867280.00000000;4984000.00000000;5062780.00000000;5130660.00000000;5189900.00000000;5241490.00000000;5285830.00000000;5323270.00000000;5354010.00000000;5378340.00000000;5396530.00000000;5408980.00000000;5414500.00000000;5413830.00000000;5407090.00000000;5395210.00000000;5379630.00000000;5358450.00000000;5331800.00000000;5299850.00000000;5262730.00000000;5220590.00000000;5173550.00000000;5121750.00000000;5065300.00000000;5004320.00000000;4938930.00000000;4869250.00000000;4795390.00000000;         ;         ;         ;         ;         ;         ;         ;         ;         ;         ;         ;         ;         ;         ;         
Children aged <15 on ART;Mean;         ;         ;         ;         ;         ;         ;         ;         ;         ;         ;         ;         ;         ;         ;         ;         ;749.42000000;1565.67000000;2478.73000000;3611.57000000;10476.50000000;21331.20000000;34182.80000000;49117.60000000;68887.70000000;96759.30000000;130553.00000000;145816.00000000;156757.00000000;163133.00000000;165927.00000000;168975.00000000;166325.00000000;160510.00000000;152826.00000000;143664.00000000;129456.00000000;115235.00000000;101475.00000000;89933.60000000;81975.20000000;76480.10000000;71797.90000000;67211.80000000;62166.10000000;58171.60000000;54520.20000000;51562.10000000;48885.90000000;46347.10000000;43976.30000000;41796.40000000;39759.70000000;37848.00000000;36038.30000000;34307.70000000;32643.90000000;31043.60000000;29506.00000000;28013.80000000;26561.80000000;25149.90000000;23778.50000000;22449.00000000;21164.50000000;19928.70000000;18745.30000000;17616.60000000;16543.80000000;15527.80000000;14568.80000000;         ;         ;         ;         ;         ;         ;         ;         ;         ;         ;         ;         ;         ;         ;         
;95% LL;         ;         ;         ;         ;         ;         ;         ;         ;         ;         ;         ;         ;         ;         ;         ;         ;722.59400000;1513.62000000;2404.40000000;3512.40000000;10267.30000000;20939.80000000;33636.80000000;48429.90000000;67910.20000000;95210.00000000;128284.00000000;143086.00000000;153546.00000000;159772.00000000;162384.00000000;165170.00000000;162613.00000000;157060.00000000;149590.00000000;140712.00000000;126923.00000000;112544.00000000;99063.50000000;87423.20000000;79212.30000000;73625.00000000;68936.00000000;64379.20000000;59424.80000000;55488.40000000;51903.30000000;49002.90000000;46397.40000000;43945.50000000;41717.70000000;39704.40000000;37740.20000000;35870.30000000;34112.20000000;32458.20000000;30864.10000000;29327.70000000;27849.40000000;26415.20000000;25021.50000000;23668.30000000;22356.40000000;21086.80000000;19862.60000000;18687.00000000;17563.40000000;16493.60000000;15473.40000000;14507.90000000;13590.50000000;         ;         ;         ;         ;         ;         ;         ;         ;         ;         ;         ;         ;         ;         ;         
;95% UL;         ;         ;         ;         ;         ;         ;         ;         ;         ;         ;         ;         ;         ;         ;         ;         ;772.68100000;1613.37000000;2543.57000000;3694.52000000;10655.40000000;21675.30000000;34640.10000000;49789.30000000;69852.90000000;98305.30000000;132775.00000000;148650.00000000;160304.00000000;167339.00000000;170596.00000000;173835.00000000;171030.00000000;165149.00000000;157255.00000000;147839.00000000;133609.00000000;119151.00000000;105175.00000000;93642.40000000;85682.20000000;80356.20000000;75748.80000000;71185.70000000;66055.30000000;62056.80000000;58438.00000000;55504.20000000;52831.30000000;50271.50000000;47859.80000000;45635.00000000;43525.30000000;41514.80000000;39617.80000000;37766.00000000;36001.20000000;34332.20000000;32770.60000000;31237.50000000;29728.30000000;28244.30000000;26787.30000000;25360.20000000;23968.30000000;22617.70000000;21314.40000000;20063.30000000;18867.60000000;17729.80000000;16651.80000000;         ;         ;         ;         ;         ;         ;         ;         ;         ;         ;         ;         ;         ;         ;         
Total on ART, ages 15-24;Mean;         ;         ;         ;         ;         ;         ;         ;         ;         ;         ;         ;         ;         ;         ;         ;         ;836.27300000;1468.85000000;1983.52000000;2422.28000000;6434.28000000;11629.70000000;18146.00000000;25362.30000000;32587.50000000;44651.90000000;62910.00000000;96816.50000000;119215.00000000;131573.00000000;157089.00000000;189182.00000000;242087.00000000;272595.00000000;287598.00000000;304218.00000000;316516.00000000;327560.00000000;338183.00000000;345934.00000000;348719.00000000;347126.00000000;342372.00000000;336138.00000000;324139.00000000;305912.00000000;284977.00000000;261781.00000000;237319.00000000;213733.00000000;193842.00000000;176992.00000000;161366.00000000;146284.00000000;132226.00000000;120581.00000000;110324.00000000;101745.00000000;94268.00000000;87553.40000000;81588.40000000;76346.10000000;71693.80000000;67541.00000000;63771.50000000;60318.80000000;57137.70000000;54184.80000000;51425.00000000;48820.00000000;46347.70000000;         ;         ;         ;         ;         ;         ;         ;         ;         ;         ;         ;         ;         ;         ;         
;95% LL;         ;         ;         ;         ;         ;         ;         ;         ;         ;         ;         ;         ;         ;         ;         ;         ;784.14300000;1368.33000000;1840.49000000;2245.98000000;6012.38000000;10932.80000000;17195.20000000;24127.20000000;31013.30000000;42670.20000000;60308.30000000;92687.30000000;113995.00000000;125571.00000000;149717.00000000;180335.00000000;230878.00000000;259792.00000000;273839.00000000;289529.00000000;303058.00000000;317761.00000000;327951.00000000;335961.00000000;338872.00000000;336530.00000000;331612.00000000;324407.00000000;312852.00000000;295325.00000000;275128.00000000;252618.00000000;228572.00000000;205681.00000000;186580.00000000;170037.00000000;154633.00000000;139827.00000000;126067.00000000;114675.00000000;104670.00000000;96361.00000000;89239.20000000;82874.30000000;77254.50000000;72336.80000000;67970.30000000;64066.90000000;60498.40000000;57186.50000000;54110.50000000;51250.40000000;48574.20000000;46047.70000000;43651.10000000;         ;         ;         ;         ;         ;         ;         ;         ;         ;         ;         ;         ;         ;         ;         
;95% UL;         ;         ;         ;         ;         ;         ;         ;         ;         ;         ;         ;         ;         ;         ;         ;         ;881.46300000;1545.61000000;2087.67000000;2548.64000000;6731.38000000;12155.90000000;18911.20000000;26434.20000000;33858.80000000;46346.50000000;65182.40000000;100182.00000000;123255.00000000;136240.00000000;162670.00000000;195675.00000000;250077.00000000;281657.00000000;297493.00000000;315313.00000000;326299.00000000;335585.00000000;345819.00000000;354577.00000000;358190.00000000;357698.00000000;354470.00000000;350431.00000000;339076.00000000;321201.00000000;300363.00000000;276407.00000000;251484.00000000;227113.00000000;206487.00000000;188702.00000000;172195.00000000;156418.00000000;141898.00000000;129738.00000000;119169.00000000;110295.00000000;102533.00000000;95530.60000000;89283.70000000;83747.50000000;78766.10000000;74158.80000000;70085.20000000;66392.10000000;62991.70000000;59834.60000000;56961.90000000;54239.50000000;51644.30000000;         ;         ;         ;         ;         ;         ;         ;         ;         ;         ;         ;         ;         ;         ;         
Males age 15-24 on ART;Mean;         ;         ;         ;         ;         ;         ;         ;         ;         ;         ;         ;         ;         ;         ;         ;         ;80.01640000;131.26700000;167.92800000;195.46100000;558.20900000;1088.18000000;1876.84000000;2954.21000000;4361.33000000;6842.46000000;10982.00000000;18021.80000000;24230.50000000;29471.30000000;36228.10000000;44682.30000000;56287.70000000;65073.80000000;71689.70000000;79275.80000000;85963.50000000;91547.50000000;97100.50000000;101069.00000000;102870.00000000;102635.00000000;100988.00000000;98411.70000000;94040.70000000;87684.00000000;80520.00000000;72840.30000000;65054.30000000;57855.60000000;52238.00000000;47817.00000000;43719.20000000;39712.10000000;35968.90000000;33043.80000000;30484.20000000;28432.10000000;26642.40000000;25023.80000000;23576.80000000;22294.20000000;21131.30000000;20064.00000000;19072.80000000;18139.90000000;17254.10000000;16411.40000000;15609.80000000;14839.50000000;14096.30000000;         ;         ;         ;         ;         ;         ;         ;         ;         ;         ;         ;         ;         ;         ;         
;95% LL;         ;         ;         ;         ;         ;         ;         ;         ;         ;         ;         ;         ;         ;         ;         ;         ;74.38880000;121.26900000;154.81400000;181.10000000;520.47300000;1012.68000000;1739.98000000;2735.81000000;3999.27000000;6283.86000000;10159.80000000;16795.90000000;22682.90000000;27684.40000000;34141.60000000;42296.80000000;53565.10000000;62192.30000000;68705.50000000;76313.00000000;83156.20000000;89128.20000000;94780.20000000;98835.60000000;100701.00000000;100345.00000000;98809.40000000;96015.30000000;91804.00000000;85593.40000000;78504.30000000;70967.50000000;63262.50000000;56217.30000000;50660.00000000;46245.00000000;42216.90000000;38289.30000000;34618.70000000;31748.30000000;29262.40000000;27269.30000000;25521.40000000;23956.90000000;22560.50000000;21327.00000000;20211.20000000;19186.90000000;18234.40000000;17336.40000000;16478.20000000;15655.30000000;14870.70000000;14117.10000000;13391.10000000;         ;         ;         ;         ;         ;         ;         ;         ;         ;         ;         ;         ;         ;         ;         
;95% UL;         ;         ;         ;         ;         ;         ;         ;         ;         ;         ;         ;         ;         ;         ;         ;         ;88.68440000;144.12000000;182.52000000;210.86100000;594.85900000;1154.49000000;1982.35000000;3166.92000000;4648.73000000;7293.84000000;11660.70000000;19041.50000000;25518.50000000;31083.80000000;38088.30000000;46781.30000000;58751.30000000;67857.50000000;74769.90000000;82568.90000000;89058.50000000;94561.70000000;99811.50000000;103533.00000000;105121.00000000;104882.00000000;103550.00000000;100959.00000000;96598.60000000;90133.10000000;82919.80000000;75189.20000000;67202.10000000;60001.90000000;54500.40000000;50021.10000000;45899.90000000;41785.80000000;38000.20000000;35015.30000000;32385.20000000;30279.20000000;28446.60000000;26816.30000000;25351.10000000;24051.20000000;22875.40000000;21799.80000000;20794.60000000;19840.00000000;18868.50000000;17952.80000000;17088.50000000;16282.90000000;15505.00000000;         ;         ;         ;         ;         ;         ;         ;         ;         ;         ;         ;         ;         ;         ;         
Females age 15-24 on ART;Mean;         ;         ;         ;         ;         ;         ;         ;         ;         ;         ;         ;         ;         ;         ;         ;         ;756.25600000;1337.58000000;1815.59000000;2226.82000000;5876.07000000;10541.60000000;16269.20000000;22408.00000000;28226.20000000;37809.50000000;51928.00000000;78794.70000000;94984.80000000;102101.00000000;120860.00000000;144500.00000000;185799.00000000;207522.00000000;215908.00000000;224942.00000000;230552.00000000;236012.00000000;241083.00000000;244866.00000000;245848.00000000;244491.00000000;241384.00000000;237726.00000000;230098.00000000;218228.00000000;204457.00000000;188941.00000000;172265.00000000;155878.00000000;141604.00000000;129175.00000000;117647.00000000;106572.00000000;96256.70000000;87537.10000000;79839.30000000;73312.90000000;67625.70000000;62529.60000000;58011.60000000;54051.90000000;50562.50000000;47477.00000000;44698.80000000;42179.00000000;39883.60000000;37773.40000000;35815.20000000;33980.50000000;32251.40000000;         ;         ;         ;         ;         ;         ;         ;         ;         ;         ;         ;         ;         ;         ;         
;95% LL;         ;         ;         ;         ;         ;         ;         ;         ;         ;         ;         ;         ;         ;         ;         ;         ;709.75400000;1247.06000000;1685.68000000;2064.88000000;5486.65000000;9886.29000000;15343.90000000;21284.50000000;26877.30000000;36099.70000000;49719.60000000;75532.10000000;90814.20000000;97344.90000000;115256.00000000;137981.00000000;177310.00000000;197562.00000000;204844.00000000;212625.00000000;219317.00000000;227387.00000000;233120.00000000;237341.00000000;238028.00000000;235519.00000000;231492.00000000;227631.00000000;220347.00000000;209029.00000000;195867.00000000;180988.00000000;164950.00000000;149172.00000000;135348.00000000;123220.00000000;112159.00000000;101257.00000000;91349.80000000;83001.90000000;75636.10000000;69401.90000000;63972.00000000;59045.40000000;54689.10000000;50876.00000000;47523.00000000;44560.00000000;41891.50000000;39524.40000000;37372.40000000;35389.50000000;33545.70000000;31815.60000000;30183.10000000;         ;         ;         ;         ;         ;         ;         ;         ;         ;         ;         ;         ;         ;         ;         
;95% UL;         ;         ;         ;         ;         ;         ;         ;         ;         ;         ;         ;         ;         ;         ;         ;         ;792.62700000;1401.53000000;1905.15000000;2344.91000000;6147.03000000;11011.20000000;16954.90000000;23368.90000000;29397.80000000;39228.30000000;53741.30000000;81426.40000000;98244.30000000;106129.00000000;125679.00000000;149978.00000000;192607.00000000;215151.00000000;224133.00000000;234008.00000000;238391.00000000;241912.00000000;246612.00000000;251168.00000000;253521.00000000;252604.00000000;250873.00000000;249096.00000000;242236.00000000;230607.00000000;216691.00000000;200574.00000000;183304.00000000;166342.00000000;151611.00000000;138784.00000000;126782.00000000;114922.00000000;103943.00000000;94903.90000000;86884.40000000;80056.10000000;74086.90000000;68663.00000000;63751.70000000;59469.30000000;55720.20000000;52382.00000000;49395.70000000;46706.80000000;44300.70000000;42020.90000000;39904.00000000;37931.80000000;36109.20000000;         ;         ;         ;         ;         ;         ;         ;         ;         ;         ;         ;         ;         ;         ;         
ART coverage;Mean;         ;         ;         ;         ;         ;         ;         ;         ;         ;         ;         ;         ;         ;         ;         ;         ;0.00217373;0.00427457;0.00652775;0.00908200;0.02239680;0.04284420;0.07121750;0.10650100;0.14605800;0.19773200;0.26122500;0.35091100;0.40887500;0.44819100;0.48721400;0.53121700;0.58298300;0.62039000;0.64694200;0.67503500;0.70352500;0.72820400;0.75073500;0.77002600;0.78688800;0.80100400;0.81293400;0.82317100;0.82822100;0.83208900;0.83525400;0.83797300;0.84039700;0.84261600;0.84468600;0.84664800;0.84851800;0.85029800;0.85198200;0.85357200;0.85506700;0.85646900;0.85778200;0.85900800;0.86015100;0.86121700;0.86221500;0.86315000;0.86402800;0.86485300;0.86563000;0.86636200;0.86705400;0.86770800;0.86832700;         ;         ;         ;         ;         ;         ;         ;         ;         ;         ;         ;         ;         ;         ;         
;95% LL;         ;         ;         ;         ;         ;         ;         ;         ;         ;         ;         ;         ;         ;         ;         ;         ;0.00208182;0.00411510;0.00631171;0.00880810;0.02178380;0.04177240;0.06957350;0.10421700;0.14312800;0.19401800;0.25659900;0.34515300;0.40200600;0.43997400;0.47803500;0.52101400;0.57116800;0.60694700;0.63193500;0.65826700;0.68768700;0.71494900;0.74012400;0.76164400;0.78048400;0.79625000;0.80952000;0.82082900;0.82628300;0.83038000;0.83367400;0.83646700;0.83895400;0.84123100;0.84331500;0.84527700;0.84715300;0.84894400;0.85064400;0.85225300;0.85373900;0.85510500;0.85638400;0.85757800;0.85872200;0.85979400;0.86079700;0.86174000;0.86262400;0.86345200;0.86423000;0.86496000;0.86565000;0.86631200;0.86693400;         ;         ;         ;         ;         ;         ;         ;         ;         ;         ;         ;         ;         ;         ;         
;95% UL;         ;         ;         ;         ;         ;         ;         ;         ;         ;         ;         ;         ;         ;         ;         ;         ;0.00233378;0.00452770;0.00685565;0.00947413;0.02320800;0.04425340;0.07340860;0.10961700;0.15017100;0.20301900;0.26793100;0.35940100;0.41848700;0.45887900;0.49848300;0.54308300;0.59577000;0.63462000;0.66225300;0.69156200;0.71862100;0.74071500;0.76080200;0.77782500;0.79265500;0.80518600;0.81580000;0.82507500;0.82964000;0.83323800;0.83629100;0.83901400;0.84144900;0.84368400;0.84577700;0.84774800;0.84962700;0.85141100;0.85310000;0.85469700;0.85622900;0.85767000;0.85901900;0.86027900;0.86145400;0.86253100;0.86355600;0.86451800;0.86542600;0.86628200;0.86708900;0.86785300;0.86857400;0.86925200;0.86989400;         ;         ;         ;         ;         ;         ;         ;         ;         ;         ;         ;         ;         ;         ;         
ART coverage in males age 15+;Mean;         ;         ;         ;         ;         ;         ;         ;         ;         ;         ;         ;         ;         ;         ;         ;         ;0.00164215;0.00321668;0.00487621;0.00667192;0.01614500;0.03103050;0.05260660;0.08032770;0.11160600;0.15417600;0.20904000;0.28909400;0.34401400;0.38004300;0.41398200;0.45461800;0.50385200;0.54084500;0.56817000;0.59904200;0.62927900;0.65567600;0.68200700;0.70427700;0.72422600;0.74086600;0.75483100;0.76668700;0.77281200;0.77741400;0.78106000;0.78408000;0.78667500;0.78897100;0.79105600;0.79298900;0.79480100;0.79650200;0.79809400;0.79957900;0.80095700;0.80222900;0.80340000;0.80447000;0.80544300;0.80632600;0.80712900;0.80785700;0.80851600;0.80911000;0.80964300;0.81012000;0.81054600;0.81092200;0.81125300;         ;         ;         ;         ;         ;         ;         ;         ;         ;         ;         ;         ;         ;         ;         
;95% LL;         ;         ;         ;         ;         ;         ;         ;         ;         ;         ;         ;         ;         ;         ;         ;         ;0.00152349;0.00300070;0.00457183;0.00628487;0.01527640;0.02947430;0.05012280;0.07673100;0.10683100;0.14788900;0.20088700;0.27826300;0.33163000;0.36638100;0.39944000;0.43912900;0.48719100;0.52315600;0.54962000;0.57938600;0.61100700;0.63998800;0.66930600;0.69432400;0.71674000;0.73548300;0.75120700;0.76421900;0.77082600;0.77571400;0.77958300;0.78263600;0.78527400;0.78758400;0.78966600;0.79158700;0.79338600;0.79512200;0.79671100;0.79821200;0.79958700;0.80085000;0.80202500;0.80310300;0.80408600;0.80496100;0.80570400;0.80637100;0.80700700;0.80759700;0.80812600;0.80859700;0.80896300;0.80926100;0.80953600;         ;         ;         ;         ;         ;         ;         ;         ;         ;         ;         ;         ;         ;         ;         
;95% UL;         ;         ;         ;         ;         ;         ;         ;         ;         ;         ;         ;         ;         ;         ;         ;         ;0.00182529;0.00352601;0.00527822;0.00713139;0.01715740;0.03288760;0.05563360;0.08479650;0.11763900;0.16201900;0.21933000;0.30318500;0.36024100;0.39805600;0.43321200;0.47511900;0.52592000;0.56439100;0.59301700;0.62557400;0.65404600;0.67699400;0.69933000;0.71790400;0.73450000;0.74823600;0.75974300;0.76959100;0.77497200;0.77916500;0.78256600;0.78543800;0.78796300;0.79021600;0.79231500;0.79426700;0.79608100;0.79777300;0.79935600;0.80084400;0.80224400;0.80353700;0.80472600;0.80581600;0.80681900;0.80771700;0.80854900;0.80931000;0.81000700;0.81063200;0.81119800;0.81170700;0.81218400;0.81260200;0.81296600;         ;         ;         ;         ;         ;         ;         ;         ;         ;         ;         ;         ;         ;         ;         
ART coverage in females age 15+;Mean;         ;         ;         ;         ;         ;         ;         ;         ;         ;         ;         ;         ;         ;         ;         ;         ;0.00242194;0.00478553;0.00736209;0.01032440;0.02523670;0.04797780;0.07986130;0.11934600;0.16241800;0.21689800;0.28252400;0.38218100;0.44378200;0.48584700;0.52871800;0.57526800;0.63018400;0.66860600;0.69482400;0.72135300;0.74952600;0.77350500;0.79396200;0.81123200;0.82581900;0.83786000;0.84791800;0.85651200;0.86030600;0.86320400;0.86559700;0.86768700;0.86958800;0.87135800;0.87303600;0.87464400;0.87618700;0.87765600;0.87904100;0.88034000;0.88155100;0.88267700;0.88372100;0.88468400;0.88557100;0.88638800;0.88714200;0.88784000;0.88848700;0.88908800;0.88964800;0.89017000;0.89065900;0.89111700;0.89154700;         ;         ;         ;         ;         ;         ;         ;         ;         ;         ;         ;         ;         ;         ;         
;95% LL;         ;         ;         ;         ;         ;         ;         ;         ;         ;         ;         ;         ;         ;         ;         ;         ;0.00231146;0.00458484;0.00708854;0.01000640;0.02457590;0.04682210;0.07805780;0.11668100;0.15893500;0.21188900;0.27597700;0.37256800;0.43247800;0.47361000;0.51631400;0.56185300;0.61524200;0.65173300;0.67592900;0.70013000;0.72971200;0.75702300;0.78088600;0.80122700;0.81838100;0.83247400;0.84417000;0.85399100;0.85801900;0.86102100;0.86345800;0.86556500;0.86747300;0.86924800;0.87093500;0.87256200;0.87413300;0.87563800;0.87706600;0.87841100;0.87967200;0.88084700;0.88194000;0.88294100;0.88387100;0.88472800;0.88551800;0.88624800;0.88692300;0.88754900;0.88813100;0.88866000;0.88915500;0.88961800;0.89003700;         ;         ;         ;         ;         ;         ;         ;         ;         ;         ;         ;         ;         ;         ;         
;95% UL;         ;         ;         ;         ;         ;         ;         ;         ;         ;         ;         ;         ;         ;         ;         ;         ;0.00258342;0.00506452;0.00773637;0.01076800;0.02616530;0.04954440;0.08235000;0.12293200;0.16708500;0.22275600;0.29027400;0.39241000;0.45568700;0.49905300;0.54237700;0.58931600;0.64479400;0.68411000;0.71193300;0.74040400;0.76699900;0.78783300;0.80514000;0.81962400;0.83177500;0.84187200;0.85048400;0.85803200;0.86157700;0.86435600;0.86668200;0.86873100;0.87060300;0.87238200;0.87406600;0.87566700;0.87720300;0.87866400;0.88005300;0.88138500;0.88258700;0.88370100;0.88476300;0.88575200;0.88664800;0.88748200;0.88823800;0.88893200;0.88955900;0.89014900;0.89069900;0.89121300;0.89169400;0.89216600;0.89261700;         ;         ;         ;         ;         ;         ;         ;         ;         ;         ;         ;         ;         ;         ;         
ART coverage in children <15;Mean;         ;         ;         ;         ;         ;         ;         ;         ;         ;         ;         ;         ;         ;         ;         ;         ;0.00365603;0.00669628;0.00949384;0.01262520;0.03385130;0.06451450;0.09786350;0.13513100;0.18632300;0.26134100;0.35379300;0.39906900;0.43549700;0.46289100;0.48706000;0.51783400;0.53764600;0.55209900;0.56366700;0.57634100;0.57067600;0.56329600;0.55465500;0.55087400;0.55429300;0.56343800;0.57579600;0.58881800;0.59499300;0.59984800;0.60302200;0.60605100;0.60831300;0.60970200;0.61046200;0.61093100;0.61127200;0.61163700;0.61207300;0.61257700;0.61314200;0.61378400;0.61451300;0.61524500;0.61593700;0.61655900;0.61708700;0.61749400;0.61776700;0.61789800;0.61788400;0.61772500;0.61742000;0.61697400;0.61639200;         ;         ;         ;         ;         ;         ;         ;         ;         ;         ;         ;         ;         ;         ;         
;95% LL;         ;         ;         ;         ;         ;         ;         ;         ;         ;         ;         ;         ;         ;         ;         ;         ;0.00353027;0.00649812;0.00923872;0.01231650;0.03299030;0.06307030;0.09583440;0.13259000;0.18322900;0.25771700;0.35001200;0.39571900;0.43226900;0.45947300;0.48355900;0.51405100;0.53338600;0.54704100;0.55773700;0.56906700;0.56383000;0.55706200;0.54882300;0.54561000;0.55012700;0.55978500;0.57269000;0.58619500;0.59273400;0.59768300;0.60087300;0.60366200;0.60572100;0.60698800;0.60771800;0.60810100;0.60830100;0.60861800;0.60903600;0.60943100;0.60999500;0.61064200;0.61139500;0.61216800;0.61297900;0.61376000;0.61437500;0.61480800;0.61507300;0.61519000;0.61519800;0.61501600;0.61470300;0.61430800;0.61372000;         ;         ;         ;         ;         ;         ;         ;         ;         ;         ;         ;         ;         ;         ;         
;95% UL;         ;         ;         ;         ;         ;         ;         ;         ;         ;         ;         ;         ;         ;         ;         ;         ;0.00381915;0.00694667;0.00981376;0.01299370;0.03485650;0.06616790;0.10009500;0.13788300;0.18956900;0.26507700;0.35775400;0.40236700;0.43828800;0.46628400;0.49057900;0.52131900;0.54130100;0.55637500;0.56883200;0.58246800;0.57665000;0.56872000;0.55948000;0.55513900;0.55816000;0.56680500;0.57845700;0.59101600;0.59701600;0.60170300;0.60486400;0.60794500;0.61025200;0.61169100;0.61248300;0.61303500;0.61340900;0.61384100;0.61439700;0.61507500;0.61578400;0.61644400;0.61719600;0.61795400;0.61875200;0.61944700;0.62000300;0.62036400;0.62076100;0.62101200;0.62111200;0.62103200;0.62073800;0.62029100;0.61969700;         ;         ;         ;         ;         ;         ;         ;         ;         ;         ;         ;         ;         ;         ;         
ART coverage at ages 15-24;Mean;         ;         ;         ;         ;         ;         ;         ;         ;         ;         ;         ;         ;         ;         ;         ;         ;0.00086301;0.00144381;0.00189664;0.00229410;0.00613214;0.01129910;0.01801740;0.02592990;0.03444510;0.04892880;0.07178050;0.11439500;0.14563600;0.16559400;0.20283200;0.25006300;0.32749500;0.37835400;0.40968600;0.44420100;0.47449400;0.50414600;0.53170000;0.55518400;0.57474700;0.58978300;0.60177500;0.61267800;0.61637000;0.61726500;0.61699400;0.61552200;0.61287700;0.60970100;0.60783200;0.60730700;0.60695800;0.60593000;0.60431100;0.60363200;0.60291400;0.60276300;0.60258400;0.60211500;0.60148600;0.60084400;0.60020000;0.59961000;0.59901200;0.59837400;0.59768700;0.59693600;0.59611500;0.59518400;0.59414200;         ;         ;         ;         ;         ;         ;         ;         ;         ;         ;         ;         ;         ;         ;         
;95% LL;         ;         ;         ;         ;         ;         ;         ;         ;         ;         ;         ;         ;         ;         ;         ;         ;0.00080304;0.00134625;0.00177300;0.00215327;0.00581974;0.01081110;0.01739750;0.02513520;0.03337580;0.04727760;0.06925690;0.11015800;0.13989500;0.15840600;0.19333800;0.23826700;0.31194100;0.35965300;0.38827300;0.41954500;0.45083500;0.48365200;0.51467600;0.54181100;0.56406400;0.58116200;0.59522800;0.60764700;0.61188400;0.61280300;0.61255800;0.61089900;0.60830200;0.60518000;0.60339100;0.60282500;0.60255100;0.60171900;0.60032800;0.59981100;0.59926600;0.59924800;0.59915400;0.59872000;0.59804100;0.59740300;0.59675200;0.59607500;0.59541500;0.59478700;0.59413100;0.59335500;0.59249900;0.59157100;0.59044800;         ;         ;         ;         ;         ;         ;         ;         ;         ;         ;         ;         ;         ;         ;         
;95% UL;         ;         ;         ;         ;         ;         ;         ;         ;         ;         ;         ;         ;         ;         ;         ;         ;0.00094032;0.00155809;0.00202753;0.00244627;0.00648665;0.01185790;0.01888810;0.02694420;0.03577740;0.05093460;0.07486310;0.11902900;0.15114900;0.17254800;0.21151100;0.26053900;0.34137600;0.39478600;0.42826500;0.46568200;0.49489200;0.52161600;0.54576100;0.56664500;0.58393300;0.59668600;0.60661100;0.61588800;0.61908300;0.61987100;0.61955200;0.61812500;0.61550100;0.61235800;0.61048200;0.60990900;0.60952500;0.60858000;0.60691600;0.60617300;0.60545800;0.60532100;0.60527100;0.60495100;0.60447800;0.60392900;0.60338000;0.60296400;0.60254200;0.60204300;0.60142700;0.60074100;0.59998200;0.59911800;0.59814100;         ;         ;         ;         ;         ;         ;         ;         ;         ;         ;         ;         ;         ;         ;         
ART coverage in males age 15-24;Mean;         ;         ;         ;         ;         ;         ;         ;         ;         ;         ;         ;         ;         ;         ;         ;         ;0.00033882;0.00053355;0.00067055;0.00078227;0.00227857;0.00459557;0.00819204;0.01341900;0.02064260;0.03371040;0.05621530;0.09504480;0.13053700;0.16051600;0.19736700;0.24224100;0.30338900;0.34976500;0.38489800;0.42405700;0.45858200;0.48735300;0.51533800;0.53738400;0.55522900;0.56843200;0.57853000;0.58730900;0.58984200;0.58991200;0.58900400;0.58681400;0.58331500;0.57933700;0.57728600;0.57676700;0.57617100;0.57466800;0.57258000;0.57210100;0.57162400;0.57198300;0.57223400;0.57212100;0.57182600;0.57151800;0.57115100;0.57075100;0.57029400;0.56971900;0.56897900;0.56806700;0.56699200;0.56570000;0.56418800;         ;         ;         ;         ;         ;         ;         ;         ;         ;         ;         ;         ;         ;         ;         
;95% LL;         ;         ;         ;         ;         ;         ;         ;         ;         ;         ;         ;         ;         ;         ;         ;         ;0.00031072;0.00049376;0.00062563;0.00073457;0.00214980;0.00434705;0.00776509;0.01270070;0.01932910;0.03143400;0.05228560;0.08858050;0.12183600;0.14981100;0.18491500;0.22830700;0.28800300;0.33320900;0.36705600;0.40459600;0.44007000;0.47083500;0.50104400;0.52516500;0.54495000;0.55998800;0.57185900;0.58206900;0.58477300;0.58489500;0.58398900;0.58174700;0.57813400;0.57413400;0.57204500;0.57150700;0.57092100;0.56958700;0.56732800;0.56671100;0.56621300;0.56655700;0.56678900;0.56664900;0.56632700;0.56599800;0.56560800;0.56515400;0.56459300;0.56384100;0.56293700;0.56191500;0.56077700;0.55944000;0.55789800;         ;         ;         ;         ;         ;         ;         ;         ;         ;         ;         ;         ;         ;         ;         
;95% UL;         ;         ;         ;         ;         ;         ;         ;         ;         ;         ;         ;         ;         ;         ;         ;         ;0.00039090;0.00060485;0.00075132;0.00086583;0.00248170;0.00499141;0.00882063;0.01446320;0.02236090;0.03684780;0.06151430;0.10342100;0.14143600;0.17381800;0.21344400;0.26102800;0.32547600;0.37409800;0.41079700;0.45197900;0.48492600;0.51060500;0.53521000;0.55412000;0.56915300;0.57984800;0.58767700;0.59439400;0.59631100;0.59614300;0.59506100;0.59263900;0.58904400;0.58495500;0.58288600;0.58243600;0.58192500;0.58053400;0.57857000;0.57820500;0.57785100;0.57838400;0.57886200;0.57891700;0.57864400;0.57864300;0.57853600;0.57828400;0.57799400;0.57759600;0.57704700;0.57633400;0.57546400;0.57437600;0.57294300;         ;         ;         ;         ;         ;         ;         ;         ;         ;         ;         ;         ;         ;         ;         
ART coverage in females age 15-24;Mean;         ;         ;         ;         ;         ;         ;         ;         ;         ;         ;         ;         ;         ;         ;         ;         ;0.00103242;0.00173489;0.00228356;0.00276375;0.00730831;0.01330650;0.02091770;0.02957430;0.03842850;0.05330280;0.07627500;0.12002700;0.15011800;0.16717900;0.20459700;0.25266100;0.33566300;0.38840200;0.41873400;0.45186200;0.48080000;0.51105000;0.53865200;0.56293700;0.58338000;0.59928100;0.61210900;0.62387600;0.62795500;0.62902700;0.62880400;0.62739700;0.62488000;0.62184200;0.61997800;0.61949400;0.61929900;0.61851000;0.61713400;0.61650000;0.61582600;0.61565200;0.61548500;0.61505900;0.61447800;0.61387500;0.61327400;0.61274100;0.61220400;0.61164200;0.61106200;0.61045200;0.60980300;0.60908500;0.60829500;         ;         ;         ;         ;         ;         ;         ;         ;         ;         ;         ;         ;         ;         ;         
;95% LL;         ;         ;         ;         ;         ;         ;         ;         ;         ;         ;         ;         ;         ;         ;         ;         ;0.00095127;0.00160194;0.00211395;0.00256824;0.00686379;0.01258430;0.01992640;0.02839840;0.03692820;0.05115740;0.07318610;0.11500900;0.14345500;0.15892500;0.19388500;0.23899400;0.31744200;0.36620900;0.39286900;0.42165100;0.45160700;0.48550800;0.51744200;0.54599900;0.56921700;0.58795600;0.60330600;0.61692000;0.62145600;0.62266000;0.62231500;0.62099100;0.61853200;0.61537900;0.61354900;0.61314500;0.61306900;0.61244500;0.61120700;0.61063700;0.61001800;0.60993600;0.60997800;0.60974800;0.60927500;0.60867200;0.60804200;0.60749200;0.60699400;0.60646900;0.60592200;0.60529600;0.60460700;0.60384100;0.60299900;         ;         ;         ;         ;         ;         ;         ;         ;         ;         ;         ;         ;         ;         ;         
;95% UL;         ;         ;         ;         ;         ;         ;         ;         ;         ;         ;         ;         ;         ;         ;         ;         ;0.00111826;0.00187106;0.00245099;0.00294612;0.00770856;0.01393910;0.02181110;0.03077540;0.03997150;0.05549930;0.07927270;0.12510100;0.15694800;0.17533700;0.21509300;0.26592800;0.35362000;0.41022000;0.44414000;0.48167500;0.50955400;0.53597100;0.55917600;0.57937200;0.59614700;0.60879400;0.61874200;0.62862800;0.63217700;0.63328900;0.63313700;0.63174200;0.62921400;0.62615900;0.62426700;0.62372900;0.62344900;0.62254600;0.62102900;0.62025200;0.61942600;0.61913800;0.61895900;0.61853900;0.61798000;0.61740100;0.61697800;0.61653000;0.61603500;0.61563100;0.61511000;0.61451800;0.61392200;0.61327200;0.61254100;         ;         ;         ;         ;         ;         ;         ;         ;         ;         ;         ;         ;         ;         ;         
ART coverage in female sex workers;Mean;         ;         ;         ;         ;         ;         ;         ;         ;         ;         ;         ;         ;         ;         ;         ;         ;0.00092226;0.00188451;0.00310025;0.00469686;0.01162980;0.02355940;0.04238330;0.06883680;0.10179800;0.14718700;0.20755600;0.30065700;0.36727900;0.41491200;0.46550600;0.51769400;0.58166000;0.62594400;0.65420300;0.68158700;0.70517600;0.72462900;0.74157300;0.75595500;0.76796800;0.77722200;0.78435800;0.78994800;0.79001000;0.78889800;0.78715900;0.78505700;0.78275300;0.78032000;0.77781800;0.77530400;0.77280800;0.77032900;0.76785200;0.76535900;0.76284100;0.76028500;0.75768100;0.75502100;0.75229600;0.74950400;0.74664800;0.74374000;0.74078700;0.73780300;0.73480400;0.73180600;0.72882600;0.72587900;0.72297700;         ;         ;         ;         ;         ;         ;         ;         ;         ;         ;         ;         ;         ;         ;         
;95% LL;         ;         ;         ;         ;         ;         ;         ;         ;         ;         ;         ;         ;         ;         ;         ;         ;0.00075513;0.00141756;0.00215970;0.00307401;0.00794375;0.01617660;0.02906790;0.04710410;0.06970300;0.10519300;0.15620600;0.23775700;0.29880700;0.34307500;0.39236500;0.44421200;0.51374500;0.55922800;0.58908500;0.61872500;0.64195800;0.66232000;0.68008900;0.69541200;0.70825300;0.71783700;0.72491600;0.73020300;0.72943000;0.72715600;0.72410000;0.72059500;0.71683900;0.71292300;0.70892800;0.70493400;0.70098700;0.69709600;0.69324900;0.68943700;0.68565800;0.68162800;0.67741100;0.67322500;0.66906400;0.66492700;0.66081600;0.65674000;0.65270700;0.64910900;0.64559400;0.64214300;0.63877100;0.63548600;0.63229800;         ;         ;         ;         ;         ;         ;         ;         ;         ;         ;         ;         ;         ;         ;         
;95% UL;         ;         ;         ;         ;         ;         ;         ;         ;         ;         ;         ;         ;         ;         ;         ;         ;0.00106746;0.00226964;0.00384105;0.00592064;0.01439440;0.02890770;0.05164950;0.08330380;0.12219800;0.17346300;0.23930000;0.33880200;0.40751200;0.45689200;0.50826600;0.56081600;0.62374400;0.66776000;0.69566100;0.72336800;0.74517700;0.76228500;0.77769900;0.78946200;0.79917800;0.80797900;0.81448100;0.82039900;0.82111700;0.82081100;0.81994900;0.81876900;0.81723900;0.81558200;0.81386200;0.81212900;0.81041100;0.80870800;0.80700700;0.80529100;0.80354700;0.80176400;0.79993000;0.79803400;0.79606900;0.79402900;0.79191700;0.78971300;0.78736300;0.78496000;0.78251900;0.78005600;0.77758500;0.77512000;0.77267500;         ;         ;         ;         ;         ;         ;         ;         ;         ;         ;         ;         ;         ;         ;         
ART coverage in FSW clients;Mean;         ;         ;         ;         ;         ;         ;         ;         ;         ;         ;         ;         ;         ;         ;         ;         ;0.00158200;0.00317308;0.00489268;0.00678111;0.01626530;0.03136750;0.05342960;0.08191810;0.11416900;0.15730900;0.21208300;0.29258200;0.34490600;0.38115500;0.41396900;0.45273900;0.49968300;0.53569100;0.56256500;0.59309900;0.62389700;0.65061800;0.67714800;0.69979700;0.72008800;0.73706600;0.75133100;0.76341800;0.76947300;0.77391700;0.77732700;0.78004900;0.78230300;0.78423100;0.78592800;0.78746000;0.78886500;0.79015400;0.79132800;0.79238800;0.79333100;0.79415800;0.79486900;0.79546700;0.79595100;0.79632800;0.79660700;0.79679500;0.79690000;0.79692900;0.79689000;0.79679000;0.79664000;0.79644700;0.79621800;         ;         ;         ;         ;         ;         ;         ;         ;         ;         ;         ;         ;         ;         ;         
;95% LL;         ;         ;         ;         ;         ;         ;         ;         ;         ;         ;         ;         ;         ;         ;         ;         ;0.00147757;0.00298363;0.00462908;0.00645225;0.01553000;0.03005450;0.05133440;0.07887690;0.11011000;0.15189700;0.20490600;0.28269500;0.33338600;0.36819100;0.40004100;0.43769500;0.48326200;0.51800300;0.54380100;0.57298000;0.60494400;0.63410800;0.66355200;0.68897100;0.71180400;0.73098600;0.74712100;0.76077800;0.76747300;0.77219400;0.77570300;0.77843200;0.78074600;0.78267800;0.78425700;0.78563700;0.78690700;0.78807800;0.78919600;0.79014400;0.79103400;0.79180500;0.79245600;0.79296500;0.79335300;0.79363300;0.79378000;0.79382700;0.79379200;0.79368300;0.79351200;0.79328800;0.79302100;0.79272100;0.79239600;         ;         ;         ;         ;         ;         ;         ;         ;         ;         ;         ;         ;         ;         ;         
;95% UL;         ;         ;         ;         ;         ;         ;         ;         ;         ;         ;         ;         ;         ;         ;         ;         ;0.00173569;0.00343617;0.00522813;0.00720412;0.01723660;0.03315570;0.05623150;0.08611040;0.11986300;0.16503500;0.22237300;0.30651900;0.36094500;0.39907600;0.43310200;0.47319100;0.52175900;0.55938000;0.58774200;0.62020900;0.64945500;0.67284300;0.69542700;0.71432600;0.73116000;0.74510400;0.75689300;0.76681200;0.77201300;0.77603600;0.77926600;0.78181000;0.78398800;0.78595100;0.78762300;0.78928000;0.79072900;0.79203100;0.79322800;0.79441200;0.79546200;0.79634100;0.79710400;0.79778700;0.79833900;0.79878600;0.79915600;0.79939800;0.79956800;0.79972100;0.79977600;0.79976100;0.79969500;0.79958600;0.79944100;         ;         ;         ;         ;         ;         ;         ;         ;         ;         ;         ;         ;         ;         ;         
ART coverage in MSM;Mean;         ;         ;         ;         ;         ;         ;         ;         ;         ;         ;         ;         ;         ;         ;         ;         ;0.00104143;0.00203642;0.00309448;0.00424434;0.01089220;0.02138680;0.03663630;0.05623080;0.07829780;0.10962800;0.15215000;0.21819100;0.26528000;0.29354200;0.32226400;0.35941400;0.41023200;0.44907400;0.47869800;0.51352200;0.54587100;0.57422000;0.60341100;0.62783100;0.64979600;0.66768200;0.68239500;0.69470400;0.70068300;0.70475100;0.70773500;0.71009400;0.71212400;0.71401600;0.71590100;0.71786000;0.71991900;0.72205500;0.72422500;0.72638200;0.72848000;0.73048200;0.73236000;0.73409200;0.73566700;0.73708600;0.73835300;0.73947500;0.74046100;0.74131600;0.74205200;0.74267600;0.74320000;0.74363600;0.74399300;         ;         ;         ;         ;         ;         ;         ;         ;         ;         ;         ;         ;         ;         ;         
;95% LL;         ;         ;         ;         ;         ;         ;         ;         ;         ;         ;         ;         ;         ;         ;         ;         ;0.00078894;0.00155858;0.00240282;0.00334973;0.00895317;0.01805130;0.03159710;0.04936740;0.06975080;0.09920620;0.13976800;0.20329900;0.24956100;0.27733100;0.30569000;0.34226300;0.39171800;0.42913600;0.45736300;0.49037400;0.52382100;0.55482300;0.58734000;0.61497600;0.63998200;0.66060600;0.67773200;0.69163600;0.69792300;0.70216800;0.70499400;0.70726900;0.70914800;0.71089000;0.71256900;0.71435600;0.71623100;0.71820200;0.72020000;0.72218800;0.72412700;0.72597800;0.72770600;0.72928600;0.73070400;0.73196400;0.73306800;0.73400700;0.73481000;0.73548400;0.73603500;0.73647400;0.73681900;0.73709700;0.73730100;         ;         ;         ;         ;         ;         ;         ;         ;         ;         ;         ;         ;         ;         ;         
;95% UL;         ;         ;         ;         ;         ;         ;         ;         ;         ;         ;         ;         ;         ;         ;         ;         ;0.00155616;0.00295896;0.00438503;0.00586559;0.01421400;0.02674210;0.04422330;0.06568180;0.08880630;0.12209300;0.16586500;0.23367900;0.28217300;0.31194800;0.34212200;0.38093400;0.43431200;0.47560700;0.50752100;0.54512900;0.57617000;0.60101500;0.62575500;0.64587400;0.66377100;0.67827600;0.68959400;0.69905500;0.70396000;0.70749000;0.71015800;0.71244500;0.71428100;0.71598500;0.71774600;0.71971500;0.72180800;0.72410200;0.72642800;0.72872100;0.73093900;0.73305000;0.73502800;0.73685700;0.73852600;0.74003800;0.74140000;0.74261900;0.74370200;0.74465800;0.74549500;0.74622100;0.74684900;0.74738700;0.74784800;         ;         ;         ;         ;         ;         ;         ;         ;         ;         ;         ;         ;         ;         ;         
Ratio of ART enrolment to new HIV infections;Mean;         ;         ;         ;         ;         ;         ;         ;         ;         ;         ;         ;         ;         ;         ;         ;0.01742980;0.02260710;0.02881970;0.03649340;0.16034500;0.27600400;0.42499700;0.58466100;0.73242800;1.03365000;1.38832000;2.01199000;1.83409000;1.48665000;1.62595000;1.83881000;2.19930000;2.03070000;1.79272000;1.81807000;1.76011000;1.76092000;1.74940000;1.68014000;1.61906000;1.52307000;1.44001000;1.37474000;1.26043000;1.19316000;1.15251000;1.12761000;1.11230000;1.10313000;1.09825000;1.09660000;1.09643000;1.09597000;1.09481000;1.09303000;1.09099000;1.08869000;1.08623000;1.08363000;1.08099000;1.07845000;1.07612000;1.07403000;1.07221000;1.07063000;1.06927000;1.06813000;1.06718000;1.06641000;1.06576000;1.06524000;         ;         ;         ;         ;         ;         ;         ;         ;         ;         ;         ;         ;         ;         ;         
;95% LL;         ;         ;         ;         ;         ;         ;         ;         ;         ;         ;         ;         ;         ;         ;         ;0.01711930;0.02224690;0.02832320;0.03573620;0.15633800;0.26842600;0.41249400;0.56624400;0.70767800;0.99718400;1.33810000;1.93566000;1.76421000;1.42844000;1.55819000;1.75967000;2.09899000;1.93069000;1.69934000;1.71853000;1.72386000;1.72208000;1.68608000;1.60647000;1.54603000;1.45687000;1.38212000;1.32549000;1.22933000;1.17237000;1.13831000;1.11619000;1.10149000;1.09323000;1.08861000;1.08729000;1.08730000;1.08690000;1.08588000;1.08423000;1.08227000;1.08001000;1.07753000;1.07471000;1.07182000;1.06911000;1.06657000;1.06429000;1.06228000;1.06030000;1.05864000;1.05714000;1.05580000;1.05478000;1.05391000;1.05318000;         ;         ;         ;         ;         ;         ;         ;         ;         ;         ;         ;         ;         ;         ;         
;95% UL;         ;         ;         ;         ;         ;         ;         ;         ;         ;         ;         ;         ;         ;         ;         ;0.01784760;0.02310170;0.02940310;0.03728720;0.16432900;0.28321100;0.43655600;0.60112500;0.75358000;1.06356000;1.42876000;2.07414000;1.89012000;1.53267000;1.67850000;1.89957000;2.27853000;2.11280000;1.87108000;1.90252000;1.79021000;1.79479000;1.79971000;1.74349000;1.67941000;1.57538000;1.48363000;1.41045000;1.28504000;1.21068000;1.16542000;1.13743000;1.12001000;1.11027000;1.10596000;1.10415000;1.10429000;1.10377000;1.10284000;1.10130000;1.09943000;1.09728000;1.09492000;1.09239000;1.08983000;1.08737000;1.08513000;1.08315000;1.08146000;1.08003000;1.07884000;1.07787000;1.07712000;1.07655000;1.07611000;1.07581000;         ;         ;         ;         ;         ;         ;         ;         ;         ;         ;         ;         ;         ;         ;         
Ratio of ART enrolment to new HIV infections: males aged 15+;Mean;         ;         ;         ;         ;         ;         ;         ;         ;         ;         ;         ;         ;         ;         ;         ;0.01597250;0.02046670;0.02571310;0.03119910;0.13442200;0.23437800;0.36696200;0.50567600;0.61564200;0.86234200;1.16840000;1.70008000;1.63174000;1.33157000;1.38338000;1.60191000;1.95983000;1.89310000;1.73812000;1.87021000;1.85425000;1.84899000;1.94642000;1.87674000;1.83552000;1.71810000;1.60786000;1.51469000;1.37053000;1.27710000;1.21566000;1.17510000;1.14825000;1.13083000;1.12020000;1.11458000;1.11187000;1.11006000;1.10821000;1.10607000;1.10376000;1.10122000;1.09848000;1.09555000;1.09249000;1.08943000;1.08649000;1.08371000;1.08111000;1.07867000;1.07641000;1.07429000;1.07232000;1.07048000;1.06875000;1.06717000;         ;         ;         ;         ;         ;         ;         ;         ;         ;         ;         ;         ;         ;         ;         
;95% LL;         ;         ;         ;         ;         ;         ;         ;         ;         ;         ;         ;         ;         ;         ;         ;0.01535640;0.01977290;0.02493920;0.03015420;0.12944600;0.22550800;0.35296100;0.48664500;0.59283000;0.83133400;1.12813000;1.64088000;1.57552000;1.28384000;1.33133000;1.54064000;1.88083000;1.80901000;1.65535000;1.77449000;1.80282000;1.79355000;1.86122000;1.77654000;1.73099000;1.61971000;1.52054000;1.44173000;1.32709000;1.25006000;1.19694000;1.16157000;1.13799000;1.12060000;1.10989000;1.10415000;1.10120000;1.09944000;1.09772000;1.09580000;1.09343000;1.09074000;1.08776000;1.08451000;1.08104000;1.07759000;1.07425000;1.07093000;1.06745000;1.06437000;1.06145000;1.05868000;1.05607000;1.05363000;1.05161000;1.04978000;         ;         ;         ;         ;         ;         ;         ;         ;         ;         ;         ;         ;         ;         ;         
;95% UL;         ;         ;         ;         ;         ;         ;         ;         ;         ;         ;         ;         ;         ;         ;         ;0.01674250;0.02141030;0.02686540;0.03258960;0.14021400;0.24439100;0.38252100;0.52742600;0.64258700;0.89997900;1.22039000;1.77707000;1.70560000;1.39466000;1.45297000;1.68204000;2.06059000;1.99761000;1.84145000;1.98498000;1.90702000;1.89821000;2.00947000;1.95063000;1.91180000;1.78880000;1.66992000;1.56736000;1.40309000;1.29815000;1.22998000;1.18536000;1.15814000;1.14011000;1.12923000;1.12406000;1.12210000;1.12052000;1.11855000;1.11666000;1.11464000;1.11215000;1.10944000;1.10677000;1.10411000;1.10134000;1.09835000;1.09549000;1.09274000;1.09011000;1.08800000;1.08606000;1.08446000;1.08305000;1.08167000;1.08019000;         ;         ;         ;         ;         ;         ;         ;         ;         ;         ;         ;         ;         ;         ;         
Ratio of ART enrolment to new HIV infections: females aged 15+;Mean;         ;         ;         ;         ;         ;         ;         ;         ;         ;         ;         ;         ;         ;         ;         ;0.01974550;0.02594430;0.03392200;0.04394460;0.18984000;0.32862700;0.50767000;0.69103800;0.83305400;1.12627000;1.47463000;2.29257000;2.00150000;1.60879000;1.80567000;2.01481000;2.42099000;2.17665000;1.87139000;1.83456000;1.79818000;1.79757000;1.72176000;1.63583000;1.54793000;1.44781000;1.36763000;1.31003000;1.21175000;1.15919000;1.13036000;1.11446000;1.10577000;1.10132000;1.09972000;1.10023000;1.10127000;1.10119000;1.09991000;1.09775000;1.09522000;1.09241000;1.08944000;1.08636000;1.08334000;1.08052000;1.07800000;1.07584000;1.07407000;1.07265000;1.07153000;1.07072000;1.07019000;1.06990000;1.06979000;1.06982000;         ;         ;         ;         ;         ;         ;         ;         ;         ;         ;         ;         ;         ;         ;         
;95% LL;         ;         ;         ;         ;         ;         ;         ;         ;         ;         ;         ;         ;         ;         ;         ;0.01931770;0.02536830;0.03310930;0.04281620;0.18436500;0.31859600;0.49073800;0.66681700;0.80185800;1.08128000;1.41310000;2.19352000;1.91353000;1.53538000;1.71819000;1.91642000;2.29805000;2.05979000;1.76635000;1.72808000;1.75493000;1.71664000;1.62432000;1.54167000;1.46456000;1.38174000;1.31677000;1.26893000;1.18673000;1.14426000;1.12051000;1.10518000;1.09671000;1.09239000;1.09104000;1.09157000;1.09266000;1.09280000;1.09170000;1.08982000;1.08734000;1.08448000;1.08155000;1.07871000;1.07561000;1.07273000;1.07011000;1.06784000;1.06594000;1.06436000;1.06302000;1.06197000;1.06117000;1.06061000;1.06022000;1.05997000;         ;         ;         ;         ;         ;         ;         ;         ;         ;         ;         ;         ;         ;         ;         
;95% UL;         ;         ;         ;         ;         ;         ;         ;         ;         ;         ;         ;         ;         ;         ;         ;0.02029580;0.02661490;0.03474170;0.04493400;0.19421700;0.33648400;0.51993700;0.70912300;0.85542500;1.15646000;1.51550000;2.35966000;2.06051000;1.65767000;1.86555000;2.08329000;2.50937000;2.25945000;1.94482000;1.90712000;1.83765000;1.86891000;1.81332000;1.72426000;1.62769000;1.51082000;1.41661000;1.34751000;1.22971000;1.17159000;1.13985000;1.12185000;1.11163000;1.10754000;1.10634000;1.10698000;1.10853000;1.10894000;1.10799000;1.10606000;1.10369000;1.10100000;1.09810000;1.09507000;1.09208000;1.08930000;1.08683000;1.08475000;1.08307000;1.08176000;1.08079000;1.08017000;1.07981000;1.07970000;1.07974000;1.07994000;         ;         ;         ;         ;         ;         ;         ;         ;         ;         ;         ;         ;         ;         ;         
Ratio of ART enrolment to new HIV infections: children aged <15;Mean;         ;         ;         ;         ;         ;         ;         ;         ;         ;         ;         ;         ;         ;         ;         ;0.01153250;0.01460550;0.01666170;0.02098610;0.11243300;0.18021700;0.25169900;0.35180100;0.59956800;1.15274000;1.87461000;1.33852000;1.52062000;1.29751000;1.40713000;1.58706000;1.31646000;1.22536000;1.16302000;1.13228000;0.38809400;0.43931600;0.44210500;0.64666900;0.84325500;1.01032000;1.12998000;1.19361000;1.08417000;1.00586000;0.95194100;0.91401600;0.88800700;0.87035600;0.85910300;0.85377800;0.85320600;0.85550000;0.85942900;0.86431800;0.86980200;0.87560100;0.88148200;0.88722400;0.89263000;0.89755000;0.90186600;0.90547900;0.90831200;0.91032700;0.91150600;0.91189700;0.91158100;0.91061700;0.90906500;0.90700400;         ;         ;         ;         ;         ;         ;         ;         ;         ;         ;         ;         ;         ;         ;         
;95% LL;         ;         ;         ;         ;         ;         ;         ;         ;         ;         ;         ;         ;         ;         ;         ;0.01124340;0.01420850;0.01617320;0.02039520;0.10879700;0.17496500;0.24411200;0.34120400;0.58317200;1.12172000;1.81474000;1.29374000;1.47176000;1.26003000;1.36903000;1.54248000;1.27327000;1.17514000;1.10845000;1.07232000;0.38339600;0.43404600;0.43737300;0.63967000;0.83400600;0.99653500;1.11147000;1.17215000;1.06304000;0.98540500;0.93222800;0.89611200;0.87121100;0.85400400;0.84361300;0.83852800;0.83831800;0.84124500;0.84591200;0.85128600;0.85712200;0.86363900;0.87039400;0.87690700;0.88249400;0.88738400;0.89164400;0.89533900;0.89804400;0.89991900;0.90114900;0.90171100;0.90144600;0.90041900;0.89869900;0.89638300;         ;         ;         ;         ;         ;         ;         ;         ;         ;         ;         ;         ;         ;         ;         
;95% UL;         ;         ;         ;         ;         ;         ;         ;         ;         ;         ;         ;         ;         ;         ;         ;0.01182590;0.01494930;0.01707870;0.02148390;0.11549200;0.18484200;0.25816600;0.36016200;0.61295600;1.17657000;1.91658000;1.36853000;1.55317000;1.32137000;1.43373000;1.61797000;1.34565000;1.25934000;1.20022000;1.17290000;0.39180000;0.44319200;0.44604700;0.65090700;0.84875600;1.01930000;1.14358000;1.21131000;1.10168000;1.02249000;0.96752500;0.92848800;0.90136600;0.88260300;0.87021700;0.86375700;0.86208500;0.86420600;0.86838900;0.87337900;0.87906000;0.88489200;0.89094100;0.89681500;0.90221600;0.90711200;0.91139700;0.91497900;0.91779200;0.91989800;0.92128800;0.92172700;0.92164600;0.92092100;0.91960400;0.91777000;         ;         ;         ;         ;         ;         ;         ;         ;         ;         ;         ;         ;         ;         ;         
Men on 2nd-line ART;Mean;         ;         ;         ;         ;         ;         ;         ;         ;         ;         ;         ;         ;         ;         ;         ;         ;         ;44.07030000;134.29900000;277.04600000;495.73200000;1031.52000000;2085.34000000;3929.23000000;6850.66000000;11063.50000000;17051.60000000;25697.90000000;35145.90000000;46723.80000000;59083.80000000;72383.70000000;86045.00000000;99935.10000000;114059.00000000;128973.00000000;143073.00000000;155744.00000000;167443.00000000;177060.00000000;184742.00000000;189126.00000000;190066.00000000;188208.00000000;186990.00000000;186614.00000000;186619.00000000;185716.00000000;184041.00000000;182383.00000000;180500.00000000;177394.00000000;172931.00000000;167383.00000000;160782.00000000;153748.00000000;146397.00000000;139210.00000000;132435.00000000;126202.00000000;120789.00000000;115893.00000000;111341.00000000;107024.00000000;102870.00000000;98833.40000000;94886.60000000;91015.40000000;87213.80000000;83481.30000000;79820.80000000;         ;         ;         ;         ;         ;         ;         ;         ;         ;         ;         ;         ;         ;         ;         
;95% LL;         ;         ;         ;         ;         ;         ;         ;         ;         ;         ;         ;         ;         ;         ;         ;         ;         ;44.03920000;134.24800000;276.81200000;494.15200000;1028.15000000;2078.05000000;3913.81000000;6820.11000000;11007.60000000;16959.20000000;25569.20000000;35041.00000000;46579.80000000;58821.00000000;71895.10000000;85308.70000000;98834.30000000;112608.00000000;127144.00000000;140761.00000000;153119.00000000;164001.00000000;172670.00000000;179360.00000000;182792.00000000;182936.00000000;180535.00000000;178989.00000000;178274.00000000;178095.00000000;177164.00000000;175098.00000000;172931.00000000;170675.00000000;166976.00000000;162438.00000000;156828.00000000;150435.00000000;143862.00000000;137119.00000000;130621.00000000;124538.00000000;118934.00000000;113955.00000000;109406.00000000;105166.00000000;101137.00000000;97256.90000000;93471.30000000;89741.00000000;86079.70000000;82484.10000000;78954.90000000;75495.80000000;         ;         ;         ;         ;         ;         ;         ;         ;         ;         ;         ;         ;         ;         ;         
;95% UL;         ;         ;         ;         ;         ;         ;         ;         ;         ;         ;         ;         ;         ;         ;         ;         ;         ;44.09360000;134.36200000;277.30600000;498.05200000;1035.93000000;2094.11000000;3946.88000000;6883.28000000;11122.30000000;17150.30000000;25830.30000000;35266.70000000;46886.30000000;59254.30000000;72683.20000000;86521.20000000;100629.00000000;114999.00000000;130185.00000000;144627.00000000;157652.00000000;169936.00000000;180293.00000000;188777.00000000;193936.00000000;195517.00000000;194074.00000000;193121.00000000;193040.00000000;193283.00000000;192595.00000000;191109.00000000;189717.00000000;188180.00000000;185453.00000000;181198.00000000;175688.00000000;168924.00000000;161587.00000000;153802.00000000;146111.00000000;138820.00000000;132107.00000000;126322.00000000;121123.00000000;116314.00000000;111768.00000000;107404.00000000;103170.00000000;99032.40000000;94975.70000000;90992.20000000;87080.10000000;83242.40000000;         ;         ;         ;         ;         ;         ;         ;         ;         ;         ;         ;         ;         ;         ;         
Women on 2nd-line ART;Mean;         ;         ;         ;         ;         ;         ;         ;         ;         ;         ;         ;         ;         ;         ;         ;         ;         ;89.54350000;283.76400000;608.81600000;1136.35000000;2461.36000000;5116.25000000;9767.72000000;17029.30000000;27311.60000000;41359.20000000;60144.70000000;80043.40000000;102838.00000000;126137.00000000;150361.00000000;175043.00000000;199745.00000000;224337.00000000;249871.00000000;274241.00000000;295828.00000000;314885.00000000;330441.00000000;342676.00000000;348718.00000000;348962.00000000;344546.00000000;342262.00000000;342127.00000000;343223.00000000;343152.00000000;341998.00000000;341124.00000000;340019.00000000;336734.00000000;330919.00000000;323009.00000000;312983.00000000;301975.00000000;290170.00000000;278495.00000000;267441.00000000;257280.00000000;248599.00000000;240804.00000000;233548.00000000;226606.00000000;219832.00000000;213124.00000000;206421.00000000;199686.00000000;192902.00000000;186063.00000000;179175.00000000;         ;         ;         ;         ;         ;         ;         ;         ;         ;         ;         ;         ;         ;         ;         
;95% LL;         ;         ;         ;         ;         ;         ;         ;         ;         ;         ;         ;         ;         ;         ;         ;         ;         ;89.35560000;283.31100000;608.05700000;1135.06000000;2459.00000000;5111.45000000;9757.37000000;17006.90000000;27267.60000000;41274.30000000;59935.00000000;79596.60000000;102071.00000000;124840.00000000;148476.00000000;172478.00000000;196302.00000000;220031.00000000;244823.00000000;268380.00000000;288697.00000000;306584.00000000;320787.00000000;331778.00000000;336793.00000000;336368.00000000;331730.00000000;329310.00000000;328460.00000000;328988.00000000;328479.00000000;326734.00000000;325064.00000000;322997.00000000;318683.00000000;312462.00000000;304705.00000000;295217.00000000;285025.00000000;274208.00000000;263584.00000000;253543.00000000;244278.00000000;236263.00000000;229001.00000000;222196.00000000;215653.00000000;209244.00000000;202882.00000000;196511.00000000;190103.00000000;183643.00000000;177127.00000000;170561.00000000;         ;         ;         ;         ;         ;         ;         ;         ;         ;         ;         ;         ;         ;         ;         
;95% UL;         ;         ;         ;         ;         ;         ;         ;         ;         ;         ;         ;         ;         ;         ;         ;         ;         ;89.74160000;284.28900000;609.80900000;1138.42000000;2465.45000000;5124.19000000;9783.58000000;17059.60000000;27362.40000000;41431.00000000;60331.80000000;80426.30000000;103491.00000000;127186.00000000;151863.00000000;177223.00000000;202466.00000000;227646.00000000;253841.00000000;278886.00000000;301577.00000000;321545.00000000;338295.00000000;351638.00000000;358667.00000000;359539.00000000;355389.00000000;353781.00000000;354117.00000000;356136.00000000;356501.00000000;355696.00000000;355585.00000000;356168.00000000;354395.00000000;348036.00000000;339318.00000000;328955.00000000;317259.00000000;304540.00000000;291869.00000000;279941.00000000;269223.00000000;260169.00000000;252043.00000000;244475.00000000;237227.00000000;230148.00000000;223135.00000000;216123.00000000;209074.00000000;201973.00000000;194834.00000000;187699.00000000;         ;         ;         ;         ;         ;         ;         ;         ;         ;         ;         ;         ;         ;         ;         
Children on 2nd-line ART;Mean;         ;         ;         ;         ;         ;         ;         ;         ;         ;         ;         ;         ;         ;         ;         ;         ;         ;3.47817000;12.46570000;29.83270000;63.60530000;156.61300000;346.05800000;684.03600000;1164.64000000;1849.74000000;2809.42000000;4198.43000000;5560.41000000;7251.89000000;8727.87000000;10422.20000000;12176.30000000;13733.80000000;14704.30000000;14482.90000000;13375.70000000;11548.50000000;9386.61000000;7345.23000000;6078.18000000;5254.85000000;4596.97000000;4053.90000000;3673.09000000;3430.27000000;3269.79000000;3104.23000000;2933.36000000;2764.96000000;2614.28000000;2474.61000000;2342.29000000;2216.83000000;2094.49000000;1976.14000000;1859.99000000;1749.10000000;1645.37000000;1548.74000000;1460.91000000;1379.15000000;1301.90000000;1228.21000000;1157.69000000;1090.21000000;1025.76000000;964.34000000;905.95100000;850.58800000;798.25900000;         ;         ;         ;         ;         ;         ;         ;         ;         ;         ;         ;         ;         ;         ;         
;95% LL;         ;         ;         ;         ;         ;         ;         ;         ;         ;         ;         ;         ;         ;         ;         ;         ;         ;3.24151000;11.60020000;27.80350000;59.76280000;149.02700000;333.41800000;666.68000000;1141.49000000;1820.76000000;2772.82000000;4137.30000000;5459.34000000;7110.08000000;8554.44000000;10207.70000000;11914.60000000;13443.00000000;14381.50000000;14160.50000000;13075.70000000;11290.20000000;9190.81000000;7183.95000000;5937.59000000;5122.45000000;4475.01000000;3938.33000000;3560.21000000;3313.92000000;3149.21000000;2980.87000000;2808.58000000;2639.88000000;2489.74000000;2350.74000000;2221.26000000;2100.04000000;1982.99000000;1870.48000000;1760.50000000;1655.64000000;1557.45000000;1465.78000000;1382.03000000;1303.84000000;1228.99000000;1157.42000000;1089.74000000;1024.90000000;963.53000000;905.05500000;849.46400000;796.29000000;746.08400000;         ;         ;         ;         ;         ;         ;         ;         ;         ;         ;         ;         ;         ;         ;         
;95% UL;         ;         ;         ;         ;         ;         ;         ;         ;         ;         ;         ;         ;         ;         ;         ;         ;         ;3.70555000;13.25670000;31.57690000;66.74720000;162.64500000;356.40100000;699.35900000;1184.62000000;1876.04000000;2849.19000000;4269.58000000;5667.67000000;7401.32000000;8927.43000000;10675.30000000;12500.80000000;14126.60000000;15135.60000000;14901.70000000;13769.00000000;11911.90000000;9688.88000000;7587.16000000;6285.31000000;5447.66000000;4777.47000000;4235.71000000;3855.14000000;3624.46000000;3475.32000000;3317.45000000;3151.10000000;2985.15000000;2835.92000000;2697.53000000;2564.50000000;2436.80000000;2307.06000000;2182.10000000;2059.18000000;1937.63000000;1823.96000000;1718.25000000;1625.03000000;1540.59000000;1459.77000000;1381.69000000;1306.09000000;1232.96000000;1162.44000000;1094.69000000;1029.83000000;967.95600000;909.19300000;         ;         ;         ;         ;         ;         ;         ;         ;         ;         ;         ;         ;         ;         ;         
Men who have stopped ART (not currently on ART);Mean;         ;         ;         ;         ;         ;         ;         ;         ;         ;         ;         ;         ;         ;         ;         ;         ;203.60200000;681.83500000;1373.14000000;2251.06000000;4057.86000000;8011.25000000;14498.70000000;23764.10000000;35421.30000000;50218.90000000;69840.50000000;88601.30000000;132657.00000000;167703.00000000;202703.00000000;235574.00000000;268989.00000000;305906.00000000;341226.00000000;366539.00000000;378528.00000000;390679.00000000;400726.00000000;408428.00000000;413003.00000000;414999.00000000;414558.00000000;412089.00000000;416644.00000000;419285.00000000;420466.00000000;420437.00000000;419468.00000000;417741.00000000;415365.00000000;412419.00000000;408966.00000000;405054.00000000;400719.00000000;395988.00000000;390889.00000000;385447.00000000;379678.00000000;373606.00000000;367251.00000000;360624.00000000;353733.00000000;346593.00000000;339221.00000000;331640.00000000;323861.00000000;315904.00000000;307786.00000000;299525.00000000;291144.00000000;         ;         ;         ;         ;         ;         ;         ;         ;         ;         ;         ;         ;         ;         ;         
;95% LL;         ;         ;         ;         ;         ;         ;         ;         ;         ;         ;         ;         ;         ;         ;         ;         ;202.52600000;678.48700000;1366.89000000;2241.37000000;4020.64000000;7915.72000000;14281.90000000;23318.10000000;34649.20000000;48910.00000000;67749.40000000;85321.20000000;128416.00000000;161486.00000000;195887.00000000;228245.00000000;261050.00000000;296433.00000000;329901.00000000;352403.00000000;364164.00000000;376885.00000000;386980.00000000;394617.00000000;399537.00000000;402146.00000000;402684.00000000;401224.00000000;404827.00000000;406767.00000000;407420.00000000;406986.00000000;405690.00000000;403689.00000000;401076.00000000;397921.00000000;394287.00000000;390216.00000000;385746.00000000;380953.00000000;375845.00000000;370417.00000000;364687.00000000;358675.00000000;352381.00000000;345789.00000000;338950.00000000;331878.00000000;324592.00000000;317111.00000000;309448.00000000;301623.00000000;293712.00000000;285691.00000000;277562.00000000;         ;         ;         ;         ;         ;         ;         ;         ;         ;         ;         ;         ;         ;         ;         
;95% UL;         ;         ;         ;         ;         ;         ;         ;         ;         ;         ;         ;         ;         ;         ;         ;         ;205.86800000;687.48900000;1382.16000000;2263.19000000;4081.60000000;8076.89000000;14656.40000000;24093.80000000;36023.60000000;51223.10000000;71431.90000000;91104.20000000;135738.00000000;172023.00000000;207431.00000000;240690.00000000;274565.00000000;312446.00000000;348926.00000000;376093.00000000;388174.00000000;400010.00000000;410114.00000000;417983.00000000;422613.00000000;424451.00000000;423615.00000000;420548.00000000;425871.00000000;429072.00000000;430662.00000000;430940.00000000;430209.00000000;428673.00000000;426452.00000000;423630.00000000;420274.00000000;416436.00000000;412153.00000000;407452.00000000;402363.00000000;396912.00000000;391116.00000000;384997.00000000;378580.00000000;371875.00000000;364888.00000000;357636.00000000;350138.00000000;342415.00000000;334480.00000000;326352.00000000;318049.00000000;309590.00000000;300998.00000000;         ;         ;         ;         ;         ;         ;         ;         ;         ;         ;         ;         ;         ;         ;         
Women who have stopped ART (not currently on ART);Mean;         ;         ;         ;         ;         ;         ;         ;         ;         ;         ;         ;         ;         ;         ;         ;         ;381.47100000;1258.61000000;2533.07000000;4202.54000000;7742.18000000;15389.10000000;27246.10000000;43064.90000000;61554.20000000;83662.50000000;110686.00000000;135391.00000000;201520.00000000;242733.00000000;294344.00000000;345134.00000000;397099.00000000;452680.00000000;501803.00000000;527743.00000000;522565.00000000;524811.00000000;525107.00000000;522656.00000000;517737.00000000;510898.00000000;502653.00000000;493465.00000000;499851.00000000;504832.00000000;508767.00000000;511824.00000000;514114.00000000;515723.00000000;516695.00000000;517069.00000000;516877.00000000;516147.00000000;514900.00000000;513153.00000000;510943.00000000;508289.00000000;505212.00000000;501732.00000000;497866.00000000;493618.00000000;488988.00000000;483979.00000000;478595.00000000;472842.00000000;466720.00000000;460231.00000000;453379.00000000;446165.00000000;438596.00000000;         ;         ;         ;         ;         ;         ;         ;         ;         ;         ;         ;         ;         ;         ;         
;95% LL;         ;         ;         ;         ;         ;         ;         ;         ;         ;         ;         ;         ;         ;         ;         ;         ;379.01200000;1251.42000000;2519.32000000;4180.82000000;7654.98000000;15166.10000000;26741.40000000;42069.30000000;59833.90000000;81081.80000000;106874.00000000;130537.00000000;193945.00000000;231698.00000000;282971.00000000;333396.00000000;384898.00000000;437842.00000000;482972.00000000;503575.00000000;498962.00000000;503567.00000000;505833.00000000;505175.00000000;502101.00000000;497246.00000000;491067.00000000;483951.00000000;489712.00000000;494272.00000000;497900.00000000;500716.00000000;502810.00000000;504156.00000000;504858.00000000;505105.00000000;504803.00000000;503980.00000000;502656.00000000;500847.00000000;498589.00000000;495903.00000000;492808.00000000;489323.00000000;485466.00000000;481229.00000000;476506.00000000;471412.00000000;465949.00000000;460126.00000000;453942.00000000;447399.00000000;440500.00000000;433247.00000000;425647.00000000;         ;         ;         ;         ;         ;         ;         ;         ;         ;         ;         ;         ;         ;         ;         
;95% UL;         ;         ;         ;         ;         ;         ;         ;         ;         ;         ;         ;         ;         ;         ;         ;         ;384.01200000;1264.91000000;2544.82000000;4221.39000000;7803.50000000;15547.80000000;27591.90000000;43747.10000000;62719.50000000;85530.80000000;113285.00000000;138803.00000000;206955.00000000;251650.00000000;303614.00000000;355854.00000000;408326.00000000;467428.00000000;521310.00000000;553674.00000000;548057.00000000;548166.00000000;546694.00000000;543106.00000000;536978.00000000;528165.00000000;518038.00000000;506838.00000000;514165.00000000;519863.00000000;524388.00000000;527999.00000000;530808.00000000;532896.00000000;534311.00000000;535095.00000000;535278.00000000;534889.00000000;533950.00000000;532480.00000000;530628.00000000;528435.00000000;525792.00000000;522722.00000000;519245.00000000;515364.00000000;511082.00000000;506403.00000000;501333.00000000;495879.00000000;490041.00000000;483823.00000000;477227.00000000;470256.00000000;462917.00000000;         ;         ;         ;         ;         ;         ;         ;         ;         ;         ;         ;         ;         ;         ;         
Children who have stopped ART (not currently on ART);Mean;         ;         ;         ;         ;         ;         ;         ;         ;         ;         ;         ;         ;         ;         ;         ;         ;71.20980000;217.73100000;419.39800000;679.97400000;1512.66000000;3354.40000000;5921.84000000;9084.13000000;12997.10000000;18147.90000000;24697.40000000;29016.10000000;34087.70000000;37032.20000000;39197.80000000;40675.40000000;41101.00000000;40771.70000000;39797.40000000;37334.80000000;33332.90000000;29076.00000000;24936.70000000;21315.60000000;18714.30000000;16867.30000000;15384.60000000;14079.00000000;13075.50000000;12301.40000000;11574.30000000;10979.50000000;10431.60000000;9903.01000000;9403.67000000;8941.84000000;8509.05000000;8102.67000000;7717.79000000;7349.64000000;6995.59000000;6655.04000000;6327.85000000;6010.13000000;5700.71000000;5399.51000000;5106.66000000;4822.38000000;4547.36000000;4282.42000000;4028.39000000;3785.86000000;3555.15000000;3336.47000000;3129.93000000;         ;         ;         ;         ;         ;         ;         ;         ;         ;         ;         ;         ;         ;         ;         
;95% LL;         ;         ;         ;         ;         ;         ;         ;         ;         ;         ;         ;         ;         ;         ;         ;         ;68.60900000;209.67200000;404.06600000;656.15500000;1470.18000000;3274.11000000;5792.22000000;8900.10000000;12736.20000000;17777.60000000;24173.30000000;28331.60000000;33197.00000000;36028.10000000;38117.10000000;39519.00000000;39882.30000000;39504.30000000;38471.70000000;35960.50000000;32118.20000000;28053.30000000;24043.90000000;20535.00000000;17994.20000000;16198.70000000;14758.30000000;13490.10000000;12500.20000000;11733.80000000;11018.00000000;10433.80000000;9899.94000000;9389.42000000;8922.11000000;8496.58000000;8080.00000000;7682.32000000;7305.76000000;6953.88000000;6614.63000000;6287.58000000;5972.88000000;5667.37000000;5370.23000000;5081.46000000;4801.19000000;4529.66000000;4267.48000000;4015.41000000;3774.20000000;3544.33000000;3326.03000000;3117.93000000;2921.08000000;         ;         ;         ;         ;         ;         ;         ;         ;         ;         ;         ;         ;         ;         ;         
;95% UL;         ;         ;         ;         ;         ;         ;         ;         ;         ;         ;         ;         ;         ;         ;         ;         ;73.47490000;224.75300000;432.64700000;700.79200000;1549.43000000;3418.82000000;6026.89000000;9239.09000000;13207.80000000;18441.00000000;25133.10000000;29568.00000000;34806.40000000;38014.90000000;40338.10000000;41964.20000000;42514.20000000;42214.20000000;41251.00000000;38903.90000000;34759.50000000;30333.40000000;26059.40000000;22312.90000000;19657.00000000;17748.20000000;16235.60000000;14902.20000000;13889.20000000;13111.50000000;12395.30000000;11808.30000000;11262.70000000;10730.60000000;10223.10000000;9752.03000000;9306.28000000;8878.83000000;8477.20000000;8084.30000000;7708.93000000;7353.12000000;7022.06000000;6696.74000000;6376.14000000;6060.46000000;5750.08000000;5445.60000000;5148.10000000;4858.95000000;4579.53000000;4310.92000000;4053.91000000;3809.11000000;3576.99000000;         ;         ;         ;         ;         ;         ;         ;         ;         ;         ;         ;         ;         ;         ;         
;;         ;         ;         ;         ;         ;         ;         ;         ;         ;         ;         ;         ;         ;         ;         ;         ;         ;         ;         ;         ;         ;         ;         ;         ;         ;         ;         ;         ;         ;         ;         ;         ;         ;         ;         ;         ;         ;         ;         ;         ;         ;         ;         ;         ;         ;         ;         ;         ;         ;         ;         ;         ;         ;         ;         ;         ;         ;         ;         ;         ;         ;         ;         ;         ;         ;         ;         ;         ;         ;         ;         ;         ;         ;         ;         ;         ;         ;         ;         ;         ;         ;         ;         ;         ;         ;         
Viral suppression in people on antiretroviral treatment;;         ;         ;         ;         ;         ;         ;         ;         ;         ;         ;         ;         ;         ;         ;         ;         ;         ;         ;         ;         ;         ;         ;         ;         ;         ;         ;         ;         ;         ;         ;         ;         ;         ;         ;         ;         ;         ;         ;         ;         ;         ;         ;         ;         ;         ;         ;         ;         ;         ;         ;         ;         ;         ;         ;         ;         ;         ;         ;         ;         ;         ;         ;         ;         ;         ;         ;         ;         ;         ;         ;         ;         ;         ;         ;         ;         ;         ;         ;         ;         ;         ;         ;         ;         ;         ;         
;;         ;         ;         ;         ;         ;         ;         ;         ;         ;         ;         ;         ;         ;         ;         ;         ;         ;         ;         ;         ;         ;         ;         ;         ;         ;         ;         ;         ;         ;         ;         ;         ;         ;         ;         ;         ;         ;         ;         ;         ;         ;         ;         ;         ;         ;         ;         ;         ;         ;         ;         ;         ;         ;         ;         ;         ;         ;         ;         ;         ;         ;         ;         ;         ;         ;         ;         ;         ;         ;         ;         ;         ;         ;         ;         ;         ;         ;         ;         ;         ;         ;         ;         ;         ;         ;         
Fraction of ART patients virologically suppressed (RNA count <400 copies/ml);Mean;         ;         ;         ;         ;         ;         ;         ;         ;         ;         ;         ;         ;         ;         ;         ;         ;0.82113000;0.82295000;0.82466900;0.82615600;0.82522900;0.82377500;0.82526400;0.82444400;0.79590600;0.73876500;0.71561100;0.73391800;0.75564900;0.79625000;0.80049900;0.81260600;0.84430300;0.84866400;0.85628100;0.86673200;0.87584300;0.88453000;0.89282300;0.89780100;0.89946400;0.90101900;0.90240400;0.90372900;0.90501500;0.90623100;0.90739200;0.90849300;0.90954400;0.91054900;0.91151000;0.91242500;0.91329700;0.91412900;0.91492400;0.91568600;0.91641700;0.91711800;0.91779200;0.91844100;0.91906800;0.91967300;0.92025800;0.92082400;0.92137300;0.92190600;0.92242400;0.92292700;0.92341600;0.92389100;0.92435200;         ;         ;         ;         ;         ;         ;         ;         ;         ;         ;         ;         ;         ;         ;         
;95% LL;         ;         ;         ;         ;         ;         ;         ;         ;         ;         ;         ;         ;         ;         ;         ;         ;0.82038100;0.82222900;0.82398100;0.82552500;0.82463900;0.82320000;0.82472900;0.82390700;0.79528600;0.73801500;0.71482300;0.73310100;0.75484700;0.79552400;0.79973700;0.81184500;0.84363300;0.84800900;0.85565800;0.86615400;0.87530100;0.88402900;0.89236700;0.89737200;0.89905500;0.90063700;0.90203900;0.90337600;0.90467100;0.90589700;0.90706800;0.90817900;0.90924100;0.91025700;0.91122900;0.91215900;0.91304500;0.91388600;0.91469000;0.91546100;0.91620100;0.91691100;0.91759500;0.91824800;0.91887500;0.91947900;0.92006300;0.92062700;0.92117300;0.92170400;0.92221900;0.92271900;0.92320400;0.92367600;0.92413400;         ;         ;         ;         ;         ;         ;         ;         ;         ;         ;         ;         ;         ;         ;         
;95% UL;         ;         ;         ;         ;         ;         ;         ;         ;         ;         ;         ;         ;         ;         ;         ;         ;0.82163000;0.82344300;0.82514000;0.82661300;0.82571100;0.82427100;0.82577300;0.82498300;0.79651300;0.73953300;0.71654900;0.73496200;0.75670600;0.79724800;0.80156700;0.81366200;0.84522900;0.84955200;0.85712700;0.86753900;0.87660400;0.88524000;0.89348100;0.89842400;0.90006900;0.90160600;0.90297400;0.90428100;0.90554900;0.90674700;0.90789000;0.90897300;0.91000700;0.91099400;0.91193600;0.91283400;0.91368900;0.91450500;0.91528400;0.91603100;0.91674700;0.91743500;0.91809600;0.91873400;0.91935100;0.91995900;0.92054300;0.92110300;0.92164500;0.92217300;0.92268700;0.92318900;0.92367600;0.92415000;0.92461000;         ;         ;         ;         ;         ;         ;         ;         ;         ;         ;         ;         ;         ;         ;         
Fraction of men on ART who are virologically suppressed (RNA count <400 copies/ml);Mean;         ;         ;         ;         ;         ;         ;         ;         ;         ;         ;         ;         ;         ;         ;         ;         ;0.82221300;0.82358900;0.82477100;0.82586100;0.82486400;0.82001600;0.81830500;0.81538600;0.78567100;0.72451400;0.69886800;0.71842400;0.74046900;0.78370500;0.78806800;0.79928700;0.83277200;0.83691600;0.84430400;0.85500500;0.86411400;0.87288100;0.88135700;0.88624900;0.88757600;0.88890100;0.89018300;0.89141400;0.89260600;0.89375300;0.89485400;0.89591100;0.89692600;0.89789900;0.89883200;0.89972400;0.90057400;0.90138400;0.90216000;0.90290300;0.90361500;0.90429900;0.90495700;0.90559000;0.90620200;0.90679200;0.90736200;0.90791300;0.90844600;0.90896200;0.90946100;0.90994400;0.91040900;0.91085700;0.91128700;         ;         ;         ;         ;         ;         ;         ;         ;         ;         ;         ;         ;         ;         ;         
;95% LL;         ;         ;         ;         ;         ;         ;         ;         ;         ;         ;         ;         ;         ;         ;         ;         ;0.82050300;0.82199500;0.82329500;0.82448700;0.82361900;0.81892700;0.81740000;0.81456500;0.78483300;0.72347400;0.69773500;0.71728400;0.73936800;0.78276700;0.78712700;0.79835100;0.83191700;0.83604400;0.84344200;0.85417600;0.86332000;0.87213200;0.88066200;0.88559900;0.88695700;0.88831600;0.88963600;0.89090600;0.89213900;0.89332400;0.89446200;0.89555200;0.89658600;0.89757700;0.89852700;0.89943400;0.90029800;0.90112200;0.90191000;0.90266400;0.90338700;0.90408200;0.90474900;0.90539100;0.90601100;0.90661000;0.90718900;0.90774800;0.90828800;0.90880900;0.90931000;0.90979800;0.91027000;0.91072200;0.91115400;         ;         ;         ;         ;         ;         ;         ;         ;         ;         ;         ;         ;         ;         ;         
;95% UL;         ;         ;         ;         ;         ;         ;         ;         ;         ;         ;         ;         ;         ;         ;         ;         ;0.82302300;0.82437100;0.82552300;0.82660300;0.82557700;0.82074200;0.81898600;0.81606400;0.78643900;0.72541500;0.69989200;0.71959600;0.74170400;0.78484000;0.78925300;0.80051500;0.83391900;0.83810300;0.84548400;0.85615100;0.86522000;0.87392400;0.88232400;0.88714500;0.88842100;0.88969500;0.89093800;0.89212900;0.89328000;0.89437900;0.89543100;0.89644100;0.89741200;0.89835100;0.89925700;0.90012400;0.90095100;0.90173500;0.90248700;0.90320800;0.90390000;0.90456600;0.90520600;0.90582600;0.90642500;0.90700200;0.90756100;0.90810400;0.90862600;0.90913500;0.90962800;0.91010500;0.91056000;0.91099600;0.91141400;         ;         ;         ;         ;         ;         ;         ;         ;         ;         ;         ;         ;         ;         ;         
Fraction of women on ART who are virologically suppressed (RNA count <400 copies/ml);Mean;         ;         ;         ;         ;         ;         ;         ;         ;         ;         ;         ;         ;         ;         ;         ;         ;0.82982000;0.83173300;0.83346500;0.83506500;0.83510300;0.83180400;0.83166200;0.83037900;0.80402700;0.74877600;0.72740000;0.74795600;0.76971900;0.81040500;0.81557400;0.82658600;0.85701400;0.86117000;0.86809800;0.87782000;0.88610600;0.89401600;0.90158900;0.90602800;0.90738300;0.90870000;0.90996000;0.91116100;0.91231100;0.91340900;0.91445400;0.91545100;0.91640100;0.91730600;0.91817000;0.91899200;0.91977400;0.92051800;0.92122800;0.92190700;0.92255500;0.92317500;0.92376900;0.92433900;0.92488600;0.92541300;0.92592000;0.92640900;0.92688100;0.92733900;0.92778300;0.92821400;0.92863300;0.92904100;0.92943700;         ;         ;         ;         ;         ;         ;         ;         ;         ;         ;         ;         ;         ;         ;         
;95% LL;         ;         ;         ;         ;         ;         ;         ;         ;         ;         ;         ;         ;         ;         ;         ;         ;0.82917500;0.83108800;0.83281900;0.83442700;0.83452400;0.83122200;0.83109200;0.82984200;0.80341000;0.74803500;0.72663900;0.74710700;0.76888500;0.80964700;0.81479000;0.82579000;0.85629800;0.86042900;0.86736000;0.87710400;0.88542400;0.89336600;0.90096600;0.90543700;0.90680300;0.90812900;0.90940100;0.91062000;0.91178900;0.91290800;0.91396800;0.91497800;0.91594200;0.91686100;0.91773800;0.91857400;0.91936900;0.92012700;0.92085100;0.92154300;0.92220400;0.92283600;0.92344100;0.92402300;0.92458200;0.92512000;0.92563800;0.92613700;0.92661900;0.92708600;0.92754100;0.92798100;0.92840800;0.92882300;0.92922800;         ;         ;         ;         ;         ;         ;         ;         ;         ;         ;         ;         ;         ;         ;         
;95% UL;         ;         ;         ;         ;         ;         ;         ;         ;         ;         ;         ;         ;         ;         ;         ;         ;0.83043400;0.83234600;0.83407400;0.83566600;0.83570700;0.83244000;0.83231100;0.83104200;0.80478000;0.74971000;0.72849100;0.74916600;0.77094400;0.81150300;0.81666500;0.82768600;0.85801100;0.86216700;0.86907300;0.87875200;0.88699800;0.89486300;0.90238500;0.90678900;0.90813000;0.90942900;0.91067000;0.91185100;0.91298100;0.91405700;0.91508200;0.91605700;0.91698600;0.91787100;0.91871400;0.91951600;0.92027900;0.92100400;0.92169600;0.92235600;0.92298700;0.92359100;0.92417000;0.92472500;0.92525800;0.92577100;0.92626500;0.92674300;0.92721100;0.92766500;0.92810600;0.92853300;0.92894600;0.92934600;0.92973400;         ;         ;         ;         ;         ;         ;         ;         ;         ;         ;         ;         ;         ;         ;         
Fraction of children on ART who are virologically suppressed (RNA count <400 copies/ml);Mean;         ;         ;         ;         ;         ;         ;         ;         ;         ;         ;         ;         ;         ;         ;         ;         ;0.70751900;0.70751900;0.70751900;0.70751900;0.70751900;0.73191200;0.75370500;0.76230300;0.71376000;0.64913800;0.61912100;0.59940000;0.61220100;0.63107300;0.60810400;0.63063700;0.65486600;0.64748800;0.65641100;0.66537300;0.67437700;0.68342200;0.69250900;0.70163700;0.71080800;0.72002100;0.72002100;0.72002100;0.72002100;0.72002100;0.72002100;0.72002100;0.72002100;0.72002100;0.72002100;0.72002100;0.72002100;0.72002100;0.72002100;0.72002100;0.72002100;0.72002100;0.72002100;0.72002100;0.72002100;0.72002100;0.72002100;0.72002100;0.72002100;0.72002100;0.72002100;0.72002100;0.72002100;0.72002100;0.72002100;         ;         ;         ;         ;         ;         ;         ;         ;         ;         ;         ;         ;         ;         ;         
;95% LL;         ;         ;         ;         ;         ;         ;         ;         ;         ;         ;         ;         ;         ;         ;         ;         ;0.70751900;0.70751900;0.70751900;0.70751900;0.70751900;0.73191200;0.75370500;0.76230300;0.71376000;0.64913800;0.61912100;0.59940000;0.61220100;0.63107300;0.60810400;0.63063700;0.65486600;0.64748800;0.65641100;0.66537300;0.67437700;0.68342200;0.69250900;0.70163700;0.71080800;0.72002100;0.72002100;0.72002100;0.72002100;0.72002100;0.72002100;0.72002100;0.72002100;0.72002100;0.72002100;0.72002100;0.72002100;0.72002100;0.72002100;0.72002100;0.72002100;0.72002100;0.72002100;0.72002100;0.72002100;0.72002100;0.72002100;0.72002100;0.72002100;0.72002100;0.72002100;0.72002100;0.72002100;0.72002100;0.72002100;         ;         ;         ;         ;         ;         ;         ;         ;         ;         ;         ;         ;         ;         ;         
;95% UL;         ;         ;         ;         ;         ;         ;         ;         ;         ;         ;         ;         ;         ;         ;         ;         ;0.70751900;0.70751900;0.70751900;0.70751900;0.70751900;0.73191200;0.75370500;0.76230300;0.71376000;0.64913800;0.61912100;0.59940000;0.61220100;0.63107300;0.60810400;0.63063700;0.65486600;0.64748800;0.65641100;0.66537300;0.67437700;0.68342200;0.69250900;0.70163700;0.71080800;0.72002100;0.72002100;0.72002100;0.72002100;0.72002100;0.72002100;0.72002100;0.72002100;0.72002100;0.72002100;0.72002100;0.72002100;0.72002100;0.72002100;0.72002100;0.72002100;0.72002100;0.72002100;0.72002100;0.72002100;0.72002100;0.72002100;0.72002100;0.72002100;0.72002100;0.72002100;0.72002100;0.72002100;0.72002100;0.72002100;         ;         ;         ;         ;         ;         ;         ;         ;         ;         ;         ;         ;         ;         ;         
Fraction of ART patients who are virologically suppressed (RNA count <1000 copies/ml);Mean;         ;         ;         ;         ;         ;         ;         ;         ;         ;         ;         ;         ;         ;         ;         ;         ;0.85519100;0.85676400;0.85828100;0.85952200;0.85833000;0.85735800;0.85908500;0.85876300;0.83522800;0.78783100;0.76843000;0.78429700;0.80265500;0.83616800;0.83974200;0.84988700;0.87578000;0.87945300;0.88575400;0.89429100;0.90175900;0.90884200;0.91557300;0.91963600;0.92103900;0.92233100;0.92346300;0.92454500;0.92559400;0.92658000;0.92751900;0.92840700;0.92925200;0.93006000;0.93083200;0.93156600;0.93226500;0.93293100;0.93356800;0.93417700;0.93476100;0.93532100;0.93586000;0.93637800;0.93687900;0.93736200;0.93782900;0.93828000;0.93871800;0.93914300;0.93955600;0.93995700;0.94034600;0.94072400;0.94109000;         ;         ;         ;         ;         ;         ;         ;         ;         ;         ;         ;         ;         ;         ;         
;95% LL;         ;         ;         ;         ;         ;         ;         ;         ;         ;         ;         ;         ;         ;         ;         ;         ;0.85465800;0.85625200;0.85778600;0.85906700;0.85789700;0.85691800;0.85866300;0.85833000;0.83472700;0.78721500;0.76778100;0.78358600;0.80195100;0.83557400;0.83911900;0.84927600;0.87525500;0.87894300;0.88527000;0.89382500;0.90132800;0.90845200;0.91520900;0.91929500;0.92071300;0.92202000;0.92316100;0.92425300;0.92531300;0.92630400;0.92724900;0.92814900;0.92900700;0.92982800;0.93060800;0.93135200;0.93206000;0.93273500;0.93337900;0.93399700;0.93458800;0.93515600;0.93570100;0.93622600;0.93673200;0.93721700;0.93768200;0.93813200;0.93856800;0.93899100;0.93940100;0.93979900;0.94018600;0.94056100;0.94092500;         ;         ;         ;         ;         ;         ;         ;         ;         ;         ;         ;         ;         ;         ;         
;95% UL;         ;         ;         ;         ;         ;         ;         ;         ;         ;         ;         ;         ;         ;         ;         ;         ;0.85569100;0.85724400;0.85873000;0.85995100;0.85873700;0.85776300;0.85949800;0.85918300;0.83573100;0.78848400;0.76923800;0.78518700;0.80359800;0.83701800;0.84063100;0.85075800;0.87653500;0.88019400;0.88645000;0.89495100;0.90237600;0.90941500;0.91610200;0.92013500;0.92152300;0.92280000;0.92391900;0.92498600;0.92602000;0.92699200;0.92791700;0.92879000;0.92962100;0.93041500;0.93117200;0.93189200;0.93257700;0.93323000;0.93385400;0.93445100;0.93502300;0.93557300;0.93610100;0.93661000;0.93710200;0.93757600;0.93804000;0.93849200;0.93892500;0.93934800;0.93975900;0.94015900;0.94054700;0.94092400;0.94129000;         ;         ;         ;         ;         ;         ;         ;         ;         ;         ;         ;         ;         ;         ;         
Fraction of men on ART who are virologically suppressed (RNA count <1000 copies/ml);Mean;         ;         ;         ;         ;         ;         ;         ;         ;         ;         ;         ;         ;         ;         ;         ;         ;0.85998900;0.86110000;0.86205500;0.86293500;0.86213200;0.85822200;0.85684000;0.85448300;0.83036900;0.78005100;0.75864700;0.77494400;0.79321500;0.82871800;0.83226600;0.84138500;0.86844500;0.87177000;0.87769500;0.88626000;0.89353000;0.90051100;0.90724600;0.91112600;0.91217600;0.91322400;0.91423800;0.91521200;0.91615500;0.91706200;0.91793300;0.91876900;0.91957200;0.92034200;0.92108100;0.92178600;0.92245900;0.92310000;0.92371400;0.92430200;0.92486500;0.92540600;0.92592600;0.92642700;0.92691000;0.92737600;0.92782600;0.92826100;0.92868200;0.92908900;0.92948300;0.92986400;0.93023100;0.93058500;0.93092300;         ;         ;         ;         ;         ;         ;         ;         ;         ;         ;         ;         ;         ;         ;         
;95% LL;         ;         ;         ;         ;         ;         ;         ;         ;         ;         ;         ;         ;         ;         ;         ;         ;0.85860700;0.85981300;0.86086400;0.86182700;0.86112700;0.85734400;0.85610800;0.85382000;0.82968500;0.77918600;0.75769500;0.77400100;0.79230600;0.82795300;0.83150000;0.84062600;0.86775700;0.87107000;0.87700600;0.88559900;0.89289900;0.89991700;0.90669600;0.91061200;0.91168600;0.91276200;0.91380600;0.91481100;0.91578700;0.91672500;0.91762500;0.91848600;0.91930400;0.92008900;0.92084100;0.92155800;0.92224200;0.92289400;0.92351700;0.92411400;0.92468600;0.92523500;0.92576300;0.92627000;0.92676000;0.92723300;0.92769100;0.92813200;0.92855800;0.92896800;0.92936400;0.92975000;0.93012200;0.93047800;0.93081900;         ;         ;         ;         ;         ;         ;         ;         ;         ;         ;         ;         ;         ;         ;         
;95% UL;         ;         ;         ;         ;         ;         ;         ;         ;         ;         ;         ;         ;         ;         ;         ;         ;0.86064300;0.86173200;0.86266200;0.86353400;0.86270700;0.85880900;0.85739100;0.85503100;0.83099500;0.78080000;0.75950500;0.77591500;0.79423400;0.82964100;0.83322800;0.84238000;0.86936500;0.87272100;0.87863900;0.88717400;0.89441100;0.90134000;0.90801300;0.91183500;0.91284300;0.91385200;0.91483500;0.91577700;0.91668700;0.91755500;0.91838700;0.91918600;0.91995400;0.92069800;0.92141500;0.92210100;0.92275400;0.92337500;0.92397000;0.92454000;0.92508800;0.92561400;0.92612100;0.92661100;0.92708500;0.92754000;0.92798300;0.92841100;0.92882400;0.92922600;0.92961500;0.92999100;0.93034900;0.93069400;0.93102300;         ;         ;         ;         ;         ;         ;         ;         ;         ;         ;         ;         ;         ;         ;         
Fraction of women on ART who are virologically suppressed (RNA count <1000 copies/ml);Mean;         ;         ;         ;         ;         ;         ;         ;         ;         ;         ;         ;         ;         ;         ;         ;         ;0.86612000;0.86765800;0.86905100;0.87033800;0.87036900;0.86771400;0.86759700;0.86656200;0.84527500;0.80009800;0.78240100;0.79938800;0.81727100;0.85040800;0.85458600;0.86347300;0.88788800;0.89120400;0.89672700;0.90446100;0.91103600;0.91729900;0.92328300;0.92678500;0.92785300;0.92889000;0.92988300;0.93082800;0.93173400;0.93259800;0.93342100;0.93420500;0.93495200;0.93566400;0.93634300;0.93699000;0.93760500;0.93819000;0.93874800;0.93928100;0.93979000;0.94027700;0.94074400;0.94119100;0.94162100;0.94203500;0.94243300;0.94281600;0.94318700;0.94354600;0.94389400;0.94423200;0.94456100;0.94488100;0.94519200;         ;         ;         ;         ;         ;         ;         ;         ;         ;         ;         ;         ;         ;         ;         
;95% LL;         ;         ;         ;         ;         ;         ;         ;         ;         ;         ;         ;         ;         ;         ;         ;         ;0.86560100;0.86714000;0.86853300;0.86982500;0.86990200;0.86724600;0.86713900;0.86613100;0.84477500;0.79948800;0.78177400;0.79869000;0.81658900;0.84979500;0.85395400;0.86283200;0.88731600;0.89061300;0.89614000;0.90389200;0.91049500;0.91678500;0.92279100;0.92631900;0.92739600;0.92844000;0.92944200;0.93040300;0.93132300;0.93220400;0.93303800;0.93383300;0.93459200;0.93531400;0.93600400;0.93666100;0.93728700;0.93788300;0.93845200;0.93899500;0.93951500;0.94001100;0.94048700;0.94094400;0.94138300;0.94180500;0.94221200;0.94260300;0.94298200;0.94334800;0.94370500;0.94405000;0.94438500;0.94471000;0.94502700;         ;         ;         ;         ;         ;         ;         ;         ;         ;         ;         ;         ;         ;         ;         
;95% UL;         ;         ;         ;         ;         ;         ;         ;         ;         ;         ;         ;         ;         ;         ;         ;         ;0.86661300;0.86815000;0.86954000;0.87082000;0.87085300;0.86822500;0.86811900;0.86709600;0.84588400;0.80086400;0.78330600;0.80038100;0.81827300;0.85129500;0.85546700;0.86435800;0.88868400;0.89200000;0.89750400;0.90520100;0.91174300;0.91796900;0.92391100;0.92738500;0.92844100;0.92946400;0.93044200;0.93137200;0.93226100;0.93310800;0.93391400;0.93468100;0.93541200;0.93610800;0.93677100;0.93740200;0.93800100;0.93857100;0.93911500;0.93963400;0.94013000;0.94060400;0.94105800;0.94149400;0.94191300;0.94231600;0.94270400;0.94307800;0.94344600;0.94380200;0.94414700;0.94448300;0.94480700;0.94512000;0.94542500;         ;         ;         ;         ;         ;         ;         ;         ;         ;         ;         ;         ;         ;         ;         
Fraction of children on ART who are virologically suppressed (RNA count <1000 copies/ml);Mean;         ;         ;         ;         ;         ;         ;         ;         ;         ;         ;         ;         ;         ;         ;         ;         ;0.76616500;0.76616500;0.76616500;0.76616500;0.76616500;0.78642000;0.80438600;0.81144100;0.77136200;0.71701600;0.69135400;0.67433700;0.68539700;0.70160500;0.68186300;0.70123200;0.72188200;0.71561300;0.72319300;0.73078300;0.73838400;0.74599600;0.75362000;0.76125600;0.76890500;0.77656500;0.77656500;0.77656500;0.77656500;0.77656500;0.77656500;0.77656500;0.77656500;0.77656500;0.77656500;0.77656500;0.77656500;0.77656500;0.77656500;0.77656500;0.77656500;0.77656500;0.77656500;0.77656500;0.77656500;0.77656500;0.77656500;0.77656500;0.77656500;0.77656500;0.77656500;0.77656500;0.77656500;0.77656500;0.77656500;         ;         ;         ;         ;         ;         ;         ;         ;         ;         ;         ;         ;         ;         ;         
;95% LL;         ;         ;         ;         ;         ;         ;         ;         ;         ;         ;         ;         ;         ;         ;         ;         ;0.76616500;0.76616500;0.76616500;0.76616500;0.76616500;0.78642000;0.80438600;0.81144100;0.77136200;0.71701600;0.69135400;0.67433700;0.68539700;0.70160500;0.68186300;0.70123200;0.72188200;0.71561300;0.72319300;0.73078300;0.73838400;0.74599600;0.75362000;0.76125600;0.76890500;0.77656500;0.77656500;0.77656500;0.77656500;0.77656500;0.77656500;0.77656500;0.77656500;0.77656500;0.77656500;0.77656500;0.77656500;0.77656500;0.77656500;0.77656500;0.77656500;0.77656500;0.77656500;0.77656500;0.77656500;0.77656500;0.77656500;0.77656500;0.77656500;0.77656500;0.77656500;0.77656500;0.77656500;0.77656500;0.77656500;         ;         ;         ;         ;         ;         ;         ;         ;         ;         ;         ;         ;         ;         ;         
;95% UL;         ;         ;         ;         ;         ;         ;         ;         ;         ;         ;         ;         ;         ;         ;         ;         ;0.76616500;0.76616500;0.76616500;0.76616500;0.76616500;0.78642000;0.80438600;0.81144100;0.77136200;0.71701600;0.69135400;0.67433700;0.68539700;0.70160500;0.68186300;0.70123200;0.72188200;0.71561300;0.72319300;0.73078300;0.73838400;0.74599600;0.75362000;0.76125600;0.76890500;0.77656500;0.77656500;0.77656500;0.77656500;0.77656500;0.77656500;0.77656500;0.77656500;0.77656500;0.77656500;0.77656500;0.77656500;0.77656500;0.77656500;0.77656500;0.77656500;0.77656500;0.77656500;0.77656500;0.77656500;0.77656500;0.77656500;0.77656500;0.77656500;0.77656500;0.77656500;0.77656500;0.77656500;0.77656500;0.77656500;         ;         ;         ;         ;         ;         ;         ;         ;         ;         ;         ;         ;         ;         ;         
Fraction of FSWs on ART who are virologically suppressed (RNA count <1000 copies/ml);Mean;         ;         ;         ;         ;         ;         ;         ;         ;         ;         ;         ;         ;         ;         ;         ;         ;0.86409700;0.86470700;0.86522900;0.86587000;0.86626300;0.86323500;0.86268800;0.86127500;0.83902100;0.79262800;0.77502900;0.79304700;0.81173500;0.84588300;0.85084600;0.86068700;0.88647000;0.89041600;0.89640700;0.90458800;0.91140000;0.91786900;0.92399600;0.92759600;0.92873100;0.92979800;0.93079800;0.93173300;0.93260500;0.93341200;0.93415600;0.93484000;0.93546800;0.93604600;0.93657700;0.93706900;0.93752600;0.93795400;0.93835700;0.93873800;0.93909900;0.93944300;0.93976900;0.94007700;0.94036800;0.94064000;0.94089300;0.94112600;0.94133800;0.94152800;0.94169500;0.94183900;0.94195900;0.94205600;0.94213000;         ;         ;         ;         ;         ;         ;         ;         ;         ;         ;         ;         ;         ;         ;         
;95% LL;         ;         ;         ;         ;         ;         ;         ;         ;         ;         ;         ;         ;         ;         ;         ;         ;0.86337800;0.86393300;0.86448900;0.86522700;0.86576700;0.86277700;0.86225400;0.86087500;0.83860000;0.79207100;0.77428600;0.79217200;0.81081500;0.84503300;0.84989800;0.85973200;0.88560300;0.88953700;0.89555900;0.90378900;0.91065100;0.91716900;0.92333300;0.92696000;0.92810400;0.92916100;0.93017400;0.93112600;0.93200700;0.93282200;0.93358200;0.93427300;0.93492900;0.93552200;0.93607300;0.93658700;0.93707000;0.93752500;0.93795500;0.93836400;0.93875500;0.93912300;0.93947200;0.93980400;0.94011800;0.94041600;0.94070000;0.94096600;0.94120000;0.94140600;0.94158500;0.94170900;0.94181100;0.94187000;0.94193100;         ;         ;         ;         ;         ;         ;         ;         ;         ;         ;         ;         ;         ;         ;         
;95% UL;         ;         ;         ;         ;         ;         ;         ;         ;         ;         ;         ;         ;         ;         ;         ;         ;0.86516000;0.86604700;0.86659500;0.86708200;0.86717400;0.86412400;0.86355000;0.86208800;0.83983200;0.79369700;0.77644800;0.79468900;0.81347000;0.84728900;0.85237000;0.86223600;0.88799500;0.89194600;0.89785500;0.90593100;0.91267500;0.91908300;0.92515100;0.92872500;0.92986800;0.93094100;0.93194700;0.93288400;0.93375400;0.93455400;0.93528500;0.93594900;0.93655100;0.93709500;0.93758800;0.93803400;0.93844000;0.93881200;0.93915500;0.93947500;0.93977400;0.94005800;0.94033200;0.94057400;0.94080300;0.94102200;0.94122400;0.94141000;0.94159500;0.94175500;0.94190600;0.94203700;0.94213700;0.94222500;0.94229100;         ;         ;         ;         ;         ;         ;         ;         ;         ;         ;         ;         ;         ;         ;         
Fraction of MSM on ART who are virologically suppressed (RNA count <1000 copies/ml);Mean;         ;         ;         ;         ;         ;         ;         ;         ;         ;         ;         ;         ;         ;         ;         ;         ;0.84296600;0.84467100;0.84619500;0.84762200;0.84739500;0.84376000;0.84273800;0.84057700;0.81509200;0.76204100;0.74019900;0.75860300;0.77866000;0.81646500;0.82088300;0.83111900;0.86046100;0.86452600;0.87110800;0.88035200;0.88816100;0.89561400;0.90275700;0.90688000;0.90799300;0.90908600;0.91015900;0.91121000;0.91224900;0.91325500;0.91422700;0.91516600;0.91607700;0.91696100;0.91781600;0.91864100;0.91943400;0.92019700;0.92093400;0.92164700;0.92233600;0.92300000;0.92363900;0.92425300;0.92484300;0.92540700;0.92594700;0.92646100;0.92695100;0.92741800;0.92786100;0.92828300;0.92868200;0.92905800;0.92941300;         ;         ;         ;         ;         ;         ;         ;         ;         ;         ;         ;         ;         ;         ;         
;95% LL;         ;         ;         ;         ;         ;         ;         ;         ;         ;         ;         ;         ;         ;         ;         ;         ;0.84148500;0.84323400;0.84480700;0.84628700;0.84620800;0.84270900;0.84182300;0.83977900;0.81431600;0.76125500;0.73948700;0.75807000;0.77812500;0.81597700;0.82036300;0.83061400;0.86000600;0.86402900;0.87058900;0.87982300;0.88761900;0.89506700;0.90221700;0.90634900;0.90746600;0.90857100;0.90966200;0.91073500;0.91180000;0.91283300;0.91383100;0.91479700;0.91573300;0.91664200;0.91752000;0.91836700;0.91918100;0.91996400;0.92071900;0.92144900;0.92215400;0.92283400;0.92348700;0.92411500;0.92471500;0.92528100;0.92582200;0.92633900;0.92683200;0.92729700;0.92773500;0.92814600;0.92854100;0.92891200;0.92926600;         ;         ;         ;         ;         ;         ;         ;         ;         ;         ;         ;         ;         ;         ;         
;95% UL;         ;         ;         ;         ;         ;         ;         ;         ;         ;         ;         ;         ;         ;         ;         ;         ;0.84526600;0.84686600;0.84828700;0.84961400;0.84918600;0.84534200;0.84409900;0.84173600;0.81625600;0.76327600;0.74133300;0.75957900;0.77951700;0.81722000;0.82169100;0.83195900;0.86124200;0.86534400;0.87192500;0.88115300;0.88897100;0.89641600;0.90353400;0.90764600;0.90874600;0.90981500;0.91085100;0.91186600;0.91286500;0.91383000;0.91476200;0.91566400;0.91653900;0.91738800;0.91821200;0.91900700;0.91977200;0.92051000;0.92122300;0.92191500;0.92258400;0.92323000;0.92385200;0.92445200;0.92502700;0.92558800;0.92612300;0.92663400;0.92711700;0.92757700;0.92802100;0.92844000;0.92884000;0.92921400;0.92956600;         ;         ;         ;         ;         ;         ;         ;         ;         ;         ;         ;         ;         ;         ;         
Fraction of youth (15-24) on ART who are virologically suppressed (RNA count <1000 copies/ml);Mean;         ;         ;         ;         ;         ;         ;         ;         ;         ;         ;         ;         ;         ;         ;         ;         ;0.83873300;0.83911600;0.83937600;0.83956700;0.83936900;0.83502500;0.83333000;0.83030200;0.80247400;0.74746600;0.72734100;0.74951900;0.76992300;0.80597200;0.81082900;0.82113000;0.85362700;0.85629900;0.86019300;0.86695600;0.87217900;0.87769200;0.88340300;0.88638400;0.88654300;0.88714100;0.88802100;0.88912000;0.89034900;0.89164400;0.89310700;0.89473100;0.89650900;0.89836800;0.89993600;0.90079200;0.90110700;0.90135300;0.90157600;0.90175000;0.90184500;0.90182500;0.90176800;0.90170100;0.90162500;0.90151600;0.90138500;0.90124500;0.90111100;0.90098400;0.90087900;0.90080600;0.90076200;0.90074300;0.90074800;         ;         ;         ;         ;         ;         ;         ;         ;         ;         ;         ;         ;         ;         ;         
;95% LL;         ;         ;         ;         ;         ;         ;         ;         ;         ;         ;         ;         ;         ;         ;         ;         ;0.83849600;0.83889800;0.83918600;0.83938300;0.83916300;0.83473700;0.83298400;0.82987100;0.80186100;0.74655300;0.72617300;0.74836100;0.76876700;0.80488300;0.80959300;0.81996800;0.85265700;0.85533800;0.85917800;0.86585100;0.87123000;0.87680700;0.88267300;0.88575800;0.88597800;0.88659800;0.88745700;0.88849600;0.88979000;0.89106700;0.89255500;0.89420800;0.89602000;0.89792200;0.89953600;0.90041200;0.90074500;0.90100500;0.90123700;0.90141200;0.90150500;0.90147800;0.90142100;0.90134200;0.90127900;0.90117300;0.90103100;0.90087500;0.90073400;0.90060800;0.90050800;0.90042100;0.90036100;0.90033600;0.90032800;         ;         ;         ;         ;         ;         ;         ;         ;         ;         ;         ;         ;         ;         ;         
;95% UL;         ;         ;         ;         ;         ;         ;         ;         ;         ;         ;         ;         ;         ;         ;         ;         ;0.83898200;0.83936500;0.83962900;0.83982800;0.83965300;0.83538700;0.83380800;0.83090500;0.80331100;0.74863600;0.72887500;0.75097900;0.77139100;0.80739900;0.81235400;0.82249600;0.85468700;0.85730100;0.86114400;0.86790900;0.87304000;0.87839000;0.88397300;0.88680500;0.88697100;0.88755600;0.88849700;0.88962400;0.89088900;0.89220500;0.89367900;0.89530100;0.89705900;0.89889000;0.90042800;0.90127800;0.90160100;0.90184000;0.90206000;0.90222700;0.90230800;0.90226800;0.90218500;0.90210000;0.90200900;0.90189000;0.90174100;0.90159600;0.90145600;0.90131500;0.90120900;0.90113400;0.90108900;0.90107300;0.90107900;         ;         ;         ;         ;         ;         ;         ;         ;         ;         ;         ;         ;         ;         ;         
Fraction of males 15-24 on ART who are virologically suppressed (RNA count <1000 copies/ml);Mean;         ;         ;         ;         ;         ;         ;         ;         ;         ;         ;         ;         ;         ;         ;         ;         ;0.81476200;0.81491000;0.81490900;0.81476200;0.81430900;0.80923700;0.80688900;0.80286300;0.77104900;0.70881400;0.68421400;0.70569300;0.72679100;0.76568900;0.76738500;0.77688000;0.81308400;0.81516700;0.81948100;0.82800900;0.83479700;0.84188100;0.84964200;0.85396400;0.85474000;0.85595600;0.85738800;0.85900700;0.86068900;0.86235300;0.86428900;0.86646000;0.86900800;0.87184000;0.87430600;0.87576000;0.87645000;0.87702900;0.87753300;0.87794200;0.87836700;0.87859900;0.87885300;0.87908900;0.87930300;0.87944700;0.87953100;0.87956500;0.87956500;0.87954700;0.87953000;0.87952400;0.87953700;0.87956700;0.87961400;         ;         ;         ;         ;         ;         ;         ;         ;         ;         ;         ;         ;         ;         ;         
;95% LL;         ;         ;         ;         ;         ;         ;         ;         ;         ;         ;         ;         ;         ;         ;         ;         ;0.81454100;0.81470000;0.81470200;0.81455200;0.81407300;0.80890600;0.80647600;0.80240400;0.77051500;0.70818500;0.68347600;0.70476600;0.72586900;0.76496600;0.76677000;0.77630200;0.81249100;0.81459800;0.81889700;0.82743600;0.83425500;0.84138600;0.84916700;0.85350500;0.85430000;0.85547700;0.85689400;0.85850600;0.86018500;0.86186000;0.86382100;0.86602500;0.86860700;0.87147700;0.87395300;0.87542600;0.87613400;0.87672800;0.87723400;0.87764300;0.87806800;0.87830200;0.87856200;0.87879800;0.87900800;0.87914600;0.87921500;0.87923700;0.87923100;0.87920200;0.87917700;0.87916700;0.87917700;0.87920600;0.87924400;         ;         ;         ;         ;         ;         ;         ;         ;         ;         ;         ;         ;         ;         ;         
;95% UL;         ;         ;         ;         ;         ;         ;         ;         ;         ;         ;         ;         ;         ;         ;         ;         ;0.81506100;0.81520600;0.81519000;0.81504400;0.81462800;0.80969800;0.80747600;0.80354000;0.77185800;0.70976400;0.68532400;0.70679400;0.72793700;0.76657700;0.76833500;0.77774100;0.81393600;0.81599000;0.82028000;0.82880300;0.83548800;0.84235900;0.84997100;0.85428000;0.85507200;0.85631100;0.85779200;0.85944400;0.86113100;0.86278300;0.86469400;0.86683500;0.86934800;0.87216000;0.87462000;0.87607500;0.87674800;0.87731300;0.87781700;0.87823700;0.87866600;0.87889600;0.87914500;0.87937600;0.87959000;0.87973300;0.87981700;0.87985300;0.87985400;0.87983700;0.87982100;0.87981800;0.87983200;0.87986400;0.87991200;         ;         ;         ;         ;         ;         ;         ;         ;         ;         ;         ;         ;         ;         ;         
Fraction of females 15-24 on ART who are virologically suppressed (RNA count <1000 copies/ml);Mean;         ;         ;         ;         ;         ;         ;         ;         ;         ;         ;         ;         ;         ;         ;         ;         ;0.84162600;0.84182500;0.84194300;0.84201400;0.84200600;0.83791000;0.83653200;0.83393900;0.80709900;0.75390700;0.73556000;0.75856500;0.77978900;0.81618600;0.82227200;0.83322400;0.86474500;0.86803500;0.87248500;0.87946100;0.88487300;0.89036500;0.89589700;0.89877000;0.89894400;0.89944100;0.90015400;0.90103100;0.90199100;0.90299100;0.90409300;0.90529100;0.90657300;0.90788900;0.90898800;0.90958400;0.90980300;0.90997400;0.91013000;0.91025500;0.91032200;0.91031000;0.91027000;0.91022300;0.91017000;0.91009500;0.91000300;0.90990600;0.90981000;0.90972100;0.90964600;0.90959300;0.90956200;0.90954800;0.90955200;         ;         ;         ;         ;         ;         ;         ;         ;         ;         ;         ;         ;         ;         ;         
;95% LL;         ;         ;         ;         ;         ;         ;         ;         ;         ;         ;         ;         ;         ;         ;         ;         ;0.84144700;0.84165800;0.84178300;0.84186200;0.84184500;0.83771200;0.83628100;0.83362200;0.80668700;0.75327000;0.73467000;0.75769900;0.77893400;0.81534900;0.82135800;0.83233500;0.86402700;0.86732700;0.87178400;0.87860000;0.88414000;0.88969700;0.89531500;0.89827500;0.89850000;0.89899800;0.89972000;0.90057600;0.90152900;0.90252000;0.90365100;0.90487600;0.90619500;0.90755900;0.90870200;0.90932500;0.90955700;0.90973900;0.90990700;0.91003300;0.91009900;0.91008000;0.91003400;0.90997700;0.90993300;0.90985100;0.90974700;0.90964300;0.90954000;0.90945000;0.90937400;0.90931900;0.90927100;0.90925200;0.90924500;         ;         ;         ;         ;         ;         ;         ;         ;         ;         ;         ;         ;         ;         ;         
;95% UL;         ;         ;         ;         ;         ;         ;         ;         ;         ;         ;         ;         ;         ;         ;         ;         ;0.84189200;0.84209600;0.84220500;0.84225400;0.84225900;0.83822500;0.83690900;0.83440200;0.80772600;0.75486100;0.73685300;0.75978100;0.78096400;0.81728600;0.82347500;0.83431400;0.86565200;0.86886000;0.87329600;0.88029000;0.88564200;0.89102900;0.89640600;0.89918800;0.89928600;0.89977500;0.90054800;0.90145500;0.90243800;0.90345500;0.90455700;0.90574300;0.90698400;0.90826800;0.90934100;0.90992600;0.91014600;0.91031200;0.91046300;0.91058100;0.91063800;0.91061300;0.91055600;0.91049800;0.91043600;0.91035500;0.91025600;0.91015500;0.91005500;0.90995500;0.90988100;0.90982800;0.90979800;0.90978500;0.90979000;         ;         ;         ;         ;         ;         ;         ;         ;         ;         ;         ;         ;         ;         ;         
Fraction of 25-49-year olds on ART who are virologically suppressed (RNA count <1000 copies/ml);Mean;         ;         ;         ;         ;         ;         ;         ;         ;         ;         ;         ;         ;         ;         ;         ;         ;0.86687300;0.86757100;0.86824200;0.86893300;0.86878800;0.86539800;0.86446600;0.86258500;0.83991900;0.79249500;0.77317700;0.79007700;0.80804400;0.84214400;0.84629700;0.85556200;0.88119900;0.88479400;0.89073100;0.89900300;0.90605800;0.91275900;0.91911700;0.92285100;0.92399700;0.92508300;0.92611500;0.92709300;0.92802300;0.92889300;0.92967400;0.93037600;0.93100100;0.93155600;0.93207900;0.93261100;0.93312100;0.93357300;0.93396400;0.93430400;0.93461300;0.93488900;0.93514400;0.93537900;0.93559900;0.93581200;0.93602600;0.93625300;0.93652200;0.93682600;0.93715400;0.93750800;0.93787200;0.93824600;0.93860600;         ;         ;         ;         ;         ;         ;         ;         ;         ;         ;         ;         ;         ;         ;         
;95% LL;         ;         ;         ;         ;         ;         ;         ;         ;         ;         ;         ;         ;         ;         ;         ;         ;0.86630200;0.86704400;0.86773400;0.86840500;0.86835700;0.86500700;0.86410300;0.86222000;0.83949500;0.79197400;0.77257900;0.78949100;0.80746000;0.84162400;0.84577000;0.85501900;0.88070500;0.88429000;0.89023100;0.89853900;0.90562000;0.91234700;0.91873000;0.92248100;0.92363000;0.92471700;0.92575400;0.92673900;0.92768100;0.92856600;0.92936300;0.93008300;0.93072900;0.93130600;0.93185000;0.93240100;0.93293000;0.93340000;0.93380600;0.93415900;0.93447900;0.93476300;0.93502200;0.93525300;0.93547000;0.93566900;0.93587800;0.93609800;0.93636000;0.93665000;0.93696400;0.93730500;0.93765700;0.93802200;0.93837400;         ;         ;         ;         ;         ;         ;         ;         ;         ;         ;         ;         ;         ;         ;         
;95% UL;         ;         ;         ;         ;         ;         ;         ;         ;         ;         ;         ;         ;         ;         ;         ;         ;0.86719900;0.86791500;0.86859100;0.86927800;0.86911900;0.86573600;0.86482000;0.86297000;0.84039300;0.79312500;0.77394900;0.79089700;0.80887000;0.84286800;0.84705800;0.85630900;0.88187900;0.88548800;0.89141700;0.89965600;0.90666400;0.91331800;0.91965500;0.92337200;0.92452000;0.92560200;0.92662600;0.92759100;0.92850100;0.92934900;0.93010400;0.93077800;0.93137300;0.93189700;0.93238800;0.93288900;0.93337100;0.93380600;0.93418800;0.93451700;0.93482000;0.93508900;0.93533600;0.93557000;0.93580300;0.93602200;0.93623600;0.93647600;0.93675400;0.93708300;0.93742700;0.93779200;0.93816300;0.93853700;0.93889500;         ;         ;         ;         ;         ;         ;         ;         ;         ;         ;         ;         ;         ;         ;         
Fraction of men aged 25-49 on ART who are virologically suppressed (RNA count <1000 copies/ml);Mean;         ;         ;         ;         ;         ;         ;         ;         ;         ;         ;         ;         ;         ;         ;         ;         ;0.85910700;0.85960600;0.86004600;0.86048100;0.85973000;0.85552800;0.85387600;0.85124600;0.82649100;0.77528300;0.75383400;0.77105800;0.79003900;0.82629600;0.83035600;0.84014400;0.86801000;0.87187700;0.87827400;0.88727300;0.89490100;0.90214300;0.90904000;0.91303200;0.91414200;0.91516900;0.91611700;0.91698500;0.91777200;0.91846900;0.91903100;0.91947700;0.91981300;0.92005600;0.92026800;0.92052100;0.92077200;0.92097200;0.92111600;0.92122300;0.92132500;0.92142700;0.92154000;0.92167100;0.92181900;0.92199500;0.92220800;0.92247000;0.92280500;0.92319800;0.92363600;0.92410500;0.92458500;0.92506500;0.92553400;         ;         ;         ;         ;         ;         ;         ;         ;         ;         ;         ;         ;         ;         ;         
;95% LL;         ;         ;         ;         ;         ;         ;         ;         ;         ;         ;         ;         ;         ;         ;         ;         ;0.85809000;0.85860800;0.85908500;0.85957500;0.85892300;0.85487700;0.85330400;0.85072600;0.82590900;0.77460600;0.75313000;0.77028700;0.78924400;0.82556700;0.82962600;0.83939300;0.86731000;0.87115300;0.87755300;0.88657000;0.89421900;0.90148700;0.90841900;0.91243800;0.91356600;0.91462100;0.91560400;0.91651300;0.91734700;0.91809400;0.91869900;0.91918100;0.91955500;0.91983700;0.92004400;0.92030000;0.92056700;0.92074600;0.92084300;0.92091400;0.92098700;0.92106000;0.92116300;0.92127300;0.92140900;0.92158700;0.92179600;0.92206100;0.92240900;0.92281200;0.92326100;0.92373900;0.92423300;0.92472400;0.92519600;         ;         ;         ;         ;         ;         ;         ;         ;         ;         ;         ;         ;         ;         ;         
;95% UL;         ;         ;         ;         ;         ;         ;         ;         ;         ;         ;         ;         ;         ;         ;         ;         ;0.85964300;0.86015100;0.86058900;0.86100500;0.86022100;0.85600200;0.85434100;0.85173000;0.82703500;0.77593400;0.75463400;0.77196500;0.79101700;0.82720100;0.83133000;0.84115000;0.86897900;0.87288700;0.87929000;0.88827400;0.89587800;0.90308700;0.90993700;0.91389100;0.91497100;0.91595700;0.91686700;0.91767000;0.91838800;0.91901400;0.91950000;0.91986900;0.92014800;0.92032900;0.92048400;0.92069600;0.92095000;0.92113200;0.92129400;0.92144400;0.92158500;0.92171800;0.92185600;0.92200400;0.92216200;0.92234200;0.92255200;0.92280400;0.92312900;0.92351000;0.92393500;0.92439400;0.92486300;0.92533700;0.92580000;         ;         ;         ;         ;         ;         ;         ;         ;         ;         ;         ;         ;         ;         ;         
Fraction of women aged 25-49 on ART who are virologically suppressed (RNA count <1000 copies/ml);Mean;         ;         ;         ;         ;         ;         ;         ;         ;         ;         ;         ;         ;         ;         ;         ;         ;0.87120400;0.87166700;0.87213700;0.87263800;0.87261800;0.86946700;0.86876300;0.86714300;0.84528200;0.79948800;0.78128800;0.79820400;0.81588000;0.84902400;0.85317900;0.86224900;0.88698800;0.89049000;0.89622300;0.90420200;0.91099900;0.91745200;0.92357900;0.92719600;0.92835300;0.92945200;0.93050100;0.93150200;0.93245700;0.93336000;0.93418600;0.93494400;0.93563500;0.93626300;0.93685400;0.93743900;0.93799500;0.93849700;0.93894200;0.93933700;0.93969700;0.94002200;0.94031900;0.94059100;0.94084100;0.94107600;0.94130400;0.94153400;0.94179700;0.94208400;0.94238600;0.94270700;0.94303400;0.94336700;0.94368400;         ;         ;         ;         ;         ;         ;         ;         ;         ;         ;         ;         ;         ;         ;         
;95% LL;         ;         ;         ;         ;         ;         ;         ;         ;         ;         ;         ;         ;         ;         ;         ;         ;0.87087300;0.87133300;0.87179800;0.87227300;0.87227800;0.86914800;0.86845000;0.86682000;0.84491300;0.79902500;0.78071600;0.79756100;0.81521400;0.84841100;0.85252500;0.86157400;0.88636800;0.88986500;0.89559800;0.90360200;0.91040900;0.91687700;0.92303200;0.92666800;0.92783500;0.92894700;0.93001200;0.93103000;0.93200400;0.93291500;0.93374800;0.93451500;0.93523200;0.93588100;0.93649500;0.93710800;0.93769100;0.93821400;0.93868000;0.93910400;0.93948400;0.93983000;0.94015200;0.94044900;0.94072300;0.94097900;0.94123000;0.94147300;0.94173600;0.94203000;0.94232500;0.94263500;0.94295200;0.94327800;0.94359100;         ;         ;         ;         ;         ;         ;         ;         ;         ;         ;         ;         ;         ;         ;         
;95% UL;         ;         ;         ;         ;         ;         ;         ;         ;         ;         ;         ;         ;         ;         ;         ;         ;0.87153800;0.87199800;0.87246200;0.87296100;0.87293500;0.86981000;0.86913000;0.86753600;0.84575600;0.80015400;0.78210800;0.79908400;0.81674800;0.84980400;0.85406100;0.86313900;0.88778000;0.89129300;0.89701000;0.90495300;0.91171400;0.91812700;0.92421300;0.92780100;0.92894600;0.93003100;0.93106500;0.93204900;0.93298600;0.93387000;0.93467600;0.93541200;0.93607800;0.93667800;0.93724100;0.93779500;0.93831900;0.93878900;0.93920100;0.93956600;0.93990100;0.94020200;0.94047600;0.94072600;0.94095800;0.94117600;0.94139500;0.94162300;0.94189000;0.94218000;0.94248400;0.94280500;0.94313700;0.94347800;0.94379700;         ;         ;         ;         ;         ;         ;         ;         ;         ;         ;         ;         ;         ;         ;         
Fraction of adults aged 50+ on ART who are virologically suppressed (RNA count <1000 copies/ml);Mean;         ;         ;         ;         ;         ;         ;         ;         ;         ;         ;         ;         ;         ;         ;         ;         ;0.89656200;0.89697000;0.89735500;0.89773600;0.89805300;0.89530100;0.89443700;0.89269500;0.87373800;0.83335000;0.81555100;0.82814400;0.84220500;0.87028200;0.87222900;0.87861800;0.89916600;0.90089500;0.90489700;0.91116800;0.91654100;0.92173400;0.92674800;0.92944900;0.92981800;0.93017300;0.93051700;0.93085600;0.93119800;0.93155300;0.93193300;0.93234700;0.93280100;0.93329200;0.93381600;0.93436400;0.93493400;0.93551100;0.93608900;0.93666300;0.93722800;0.93778000;0.93831600;0.93883200;0.93932600;0.93979800;0.94024600;0.94066700;0.94105500;0.94141600;0.94175400;0.94207100;0.94237300;0.94266000;0.94294100;         ;         ;         ;         ;         ;         ;         ;         ;         ;         ;         ;         ;         ;         ;         
;95% LL;         ;         ;         ;         ;         ;         ;         ;         ;         ;         ;         ;         ;         ;         ;         ;         ;0.89627200;0.89668300;0.89707600;0.89747000;0.89780400;0.89505700;0.89419600;0.89246000;0.87347600;0.83303800;0.81523500;0.82782200;0.84187500;0.86997400;0.87190700;0.87829400;0.89888000;0.90061100;0.90462400;0.91090400;0.91629800;0.92150500;0.92653000;0.92923500;0.92960700;0.92995700;0.93030200;0.93064000;0.93098000;0.93133700;0.93172200;0.93213300;0.93258300;0.93307000;0.93359100;0.93413600;0.93470400;0.93528000;0.93585700;0.93643000;0.93699500;0.93754700;0.93808300;0.93859900;0.93909400;0.93956700;0.94001600;0.94043800;0.94082800;0.94119000;0.94153000;0.94184800;0.94215100;0.94243900;0.94272000;         ;         ;         ;         ;         ;         ;         ;         ;         ;         ;         ;         ;         ;         ;         
;95% UL;         ;         ;         ;         ;         ;         ;         ;         ;         ;         ;         ;         ;         ;         ;         ;         ;0.89705400;0.89746000;0.89783300;0.89819500;0.89847400;0.89570400;0.89481800;0.89305600;0.87412300;0.83381600;0.81606700;0.82870500;0.84276800;0.87077700;0.87275100;0.87914000;0.89961400;0.90132400;0.90532600;0.91158500;0.91693900;0.92211100;0.92710100;0.92979100;0.93016000;0.93051900;0.93086500;0.93120200;0.93154300;0.93189900;0.93227900;0.93269300;0.93314500;0.93363600;0.93416000;0.93470800;0.93527900;0.93585700;0.93643600;0.93701000;0.93757500;0.93812300;0.93864700;0.93915800;0.93964900;0.94012700;0.94057600;0.94099000;0.94137100;0.94172200;0.94204800;0.94235800;0.94265100;0.94293600;0.94321200;         ;         ;         ;         ;         ;         ;         ;         ;         ;         ;         ;         ;         ;         ;         
Fraction of men aged 50+ on ART who are virologically suppressed (RNA count <1000 copies/ml);Mean;         ;         ;         ;         ;         ;         ;         ;         ;         ;         ;         ;         ;         ;         ;         ;         ;0.89000300;0.88999300;0.88996100;0.88992000;0.88979000;0.88625000;0.88472600;0.88230600;0.86128900;0.81722800;0.79753800;0.81015800;0.82471700;0.85487600;0.85660000;0.86335400;0.88593900;0.88770500;0.89204500;0.89899000;0.90494400;0.91073000;0.91636100;0.91940500;0.91983800;0.92027200;0.92071100;0.92115800;0.92161800;0.92209800;0.92260800;0.92315100;0.92372700;0.92433200;0.92495600;0.92558900;0.92622800;0.92685600;0.92747000;0.92806500;0.92864000;0.92919000;0.92971300;0.93020700;0.93067300;0.93110800;0.93151100;0.93187900;0.93221000;0.93250900;0.93277700;0.93301900;0.93324100;0.93344700;0.93363900;         ;         ;         ;         ;         ;         ;         ;         ;         ;         ;         ;         ;         ;         ;         
;95% LL;         ;         ;         ;         ;         ;         ;         ;         ;         ;         ;         ;         ;         ;         ;         ;         ;0.88990400;0.88989400;0.88986100;0.88982200;0.88970200;0.88616100;0.88463800;0.88221900;0.86117600;0.81706000;0.79727700;0.80972600;0.82418600;0.85436300;0.85602700;0.86274500;0.88536500;0.88710300;0.89144100;0.89840200;0.90438300;0.91020300;0.91587200;0.91894100;0.91938600;0.91983100;0.92027900;0.92073500;0.92120000;0.92168500;0.92219800;0.92274400;0.92332400;0.92393200;0.92456200;0.92520100;0.92584800;0.92648500;0.92710800;0.92771400;0.92830000;0.92886100;0.92939600;0.92990100;0.93037800;0.93082500;0.93123700;0.93161300;0.93195400;0.93226300;0.93254100;0.93279400;0.93302800;0.93324600;0.93345200;         ;         ;         ;         ;         ;         ;         ;         ;         ;         ;         ;         ;         ;         ;         
;95% UL;         ;         ;         ;         ;         ;         ;         ;         ;         ;         ;         ;         ;         ;         ;         ;         ;0.89014700;0.89014000;0.89010900;0.89006900;0.88993900;0.88641300;0.88489800;0.88248600;0.86150200;0.81751100;0.79796200;0.81077000;0.82545400;0.85558100;0.85738100;0.86417800;0.88669200;0.88846400;0.89278300;0.89971800;0.90563200;0.91138300;0.91697600;0.91999700;0.92040800;0.92081900;0.92126000;0.92171000;0.92217300;0.92265700;0.92317000;0.92371400;0.92429100;0.92489400;0.92551400;0.92614200;0.92677300;0.92739200;0.92799300;0.92857800;0.92914000;0.92967600;0.93018500;0.93066500;0.93111500;0.93153400;0.93192100;0.93227200;0.93258700;0.93286900;0.93311900;0.93334300;0.93354600;0.93373200;0.93390500;         ;         ;         ;         ;         ;         ;         ;         ;         ;         ;         ;         ;         ;         ;         
Fraction of women aged 50+ on ART who are virologically suppressed (RNA count <1000 copies/ml);Mean;         ;         ;         ;         ;         ;         ;         ;         ;         ;         ;         ;         ;         ;         ;         ;         ;0.90853400;0.90853000;0.90850000;0.90845800;0.90837600;0.90541500;0.90416600;0.90215200;0.88421000;0.84607300;0.82903800;0.84085000;0.85389500;0.88009000;0.88180700;0.88770700;0.90686200;0.90840700;0.91207600;0.91787400;0.92283200;0.92762900;0.93226200;0.93473600;0.93503100;0.93530400;0.93555900;0.93580200;0.93604000;0.93628700;0.93655600;0.93685700;0.93719800;0.93758000;0.93799900;0.93844900;0.93892600;0.93941800;0.93991600;0.94041500;0.94091200;0.94140000;0.94187600;0.94233700;0.94278100;0.94320600;0.94361100;0.94399300;0.94434500;0.94467400;0.94498400;0.94527700;0.94555800;0.94582800;0.94609500;         ;         ;         ;         ;         ;         ;         ;         ;         ;         ;         ;         ;         ;         ;         
;95% LL;         ;         ;         ;         ;         ;         ;         ;         ;         ;         ;         ;         ;         ;         ;         ;         ;0.90845400;0.90844700;0.90841800;0.90837800;0.90829700;0.90532900;0.90407300;0.90205100;0.88408500;0.84589600;0.82880200;0.84055800;0.85357700;0.87978800;0.88147200;0.88735000;0.90654800;0.90807300;0.91173300;0.91753000;0.92249700;0.92731000;0.93196100;0.93444400;0.93473800;0.93500700;0.93525900;0.93550000;0.93573600;0.93598300;0.93625200;0.93655500;0.93689700;0.93728000;0.93769700;0.93814100;0.93861400;0.93910200;0.93959800;0.94009700;0.94059400;0.94108300;0.94156200;0.94203100;0.94248300;0.94291700;0.94333000;0.94372100;0.94408200;0.94441900;0.94473700;0.94503700;0.94533000;0.94560800;0.94588500;         ;         ;         ;         ;         ;         ;         ;         ;         ;         ;         ;         ;         ;         ;         
;95% UL;         ;         ;         ;         ;         ;         ;         ;         ;         ;         ;         ;         ;         ;         ;         ;         ;0.90862100;0.90861900;0.90859300;0.90855200;0.90847400;0.90552700;0.90428700;0.90228200;0.88436700;0.84629500;0.82936400;0.84126400;0.85435500;0.88053200;0.88230400;0.88822600;0.90732400;0.90888700;0.91256000;0.91834100;0.92328100;0.92806000;0.93267100;0.93512900;0.93542400;0.93570400;0.93596400;0.93621300;0.93645700;0.93670900;0.93698200;0.93728700;0.93763100;0.93801400;0.93843400;0.93888300;0.93935700;0.93984500;0.94033800;0.94083100;0.94132000;0.94179900;0.94226600;0.94271600;0.94314900;0.94357200;0.94397400;0.94435300;0.94470100;0.94502500;0.94532800;0.94561200;0.94588300;0.94614300;0.94639800;         ;         ;         ;         ;         ;         ;         ;         ;         ;         ;         ;         ;         ;         ;         
Fraction of ART patients with undetectable VL (RNA count <50 copies/ml);Mean;         ;         ;         ;         ;         ;         ;         ;         ;         ;         ;         ;         ;         ;         ;         ;         ;0.59066300;0.59434000;0.59787400;0.60080800;0.59825100;0.59496500;0.59834100;0.59737500;0.54455100;0.44795700;0.41253300;0.44298100;0.47874800;0.54934300;0.55802000;0.58024600;0.64140700;0.65054400;0.66601100;0.68756400;0.70673000;0.72528600;0.74325700;0.75418500;0.75788400;0.76133600;0.76445300;0.76743600;0.77033300;0.77307000;0.77568200;0.77815700;0.78051900;0.78277800;0.78493700;0.78699600;0.78895900;0.79083200;0.79262500;0.79434400;0.79599400;0.79758000;0.79910600;0.80057700;0.80199900;0.80337400;0.80470400;0.80599300;0.80724400;0.80846000;0.80964300;0.81079300;0.81191300;0.81300100;0.81405900;         ;         ;         ;         ;         ;         ;         ;         ;         ;         ;         ;         ;         ;         ;         
;95% LL;         ;         ;         ;         ;         ;         ;         ;         ;         ;         ;         ;         ;         ;         ;         ;         ;0.58935900;0.59310200;0.59666500;0.59969200;0.59721700;0.59390700;0.59733900;0.59634600;0.54343300;0.44676200;0.41134600;0.44161400;0.47733800;0.54799400;0.55658900;0.57880900;0.64007100;0.64923000;0.66474200;0.68635100;0.70558000;0.72420100;0.74224300;0.75323500;0.75697400;0.76047200;0.76361600;0.76663600;0.76955700;0.77231400;0.77494700;0.77744400;0.77982900;0.78211200;0.78429500;0.78638500;0.78837800;0.79027200;0.79208500;0.79382500;0.79549500;0.79710100;0.79864800;0.80014000;0.80156700;0.80293900;0.80426600;0.80554900;0.80679400;0.80800300;0.80917800;0.81032100;0.81143300;0.81251400;0.81356400;         ;         ;         ;         ;         ;         ;         ;         ;         ;         ;         ;         ;         ;         ;         
;95% UL;         ;         ;         ;         ;         ;         ;         ;         ;         ;         ;         ;         ;         ;         ;         ;         ;0.59179000;0.59544800;0.59891200;0.60180400;0.59920900;0.59593400;0.59933100;0.59837900;0.54568900;0.44924300;0.41404700;0.44473100;0.48062300;0.55124700;0.56002100;0.58225700;0.64329900;0.65236200;0.66776900;0.68926900;0.70836000;0.72682700;0.74470600;0.75556900;0.75923200;0.76264800;0.76572900;0.76867600;0.77153600;0.77423600;0.77681000;0.77924700;0.78157100;0.78379100;0.78591000;0.78793000;0.78985500;0.79169200;0.79345000;0.79513500;0.79675300;0.79830800;0.79980600;0.80125000;0.80264700;0.80400800;0.80534800;0.80662600;0.80786400;0.80906800;0.81024200;0.81138600;0.81250400;0.81359100;0.81464700;         ;         ;         ;         ;         ;         ;         ;         ;         ;         ;         ;         ;         ;         ;         
Fraction of men on ART with undetectable VL (RNA count <50 copies/ml);Mean;         ;         ;         ;         ;         ;         ;         ;         ;         ;         ;         ;         ;         ;         ;         ;         ;0.59974100;0.60231700;0.60453200;0.60657400;0.60468800;0.59549200;0.59226700;0.58679300;0.53285100;0.43191000;0.39360600;0.42312200;0.45771400;0.53011600;0.53790800;0.55807200;0.62074600;0.62889400;0.64346200;0.66488000;0.68346500;0.70164600;0.71949900;0.72994900;0.73282900;0.73570100;0.73848200;0.74115500;0.74374600;0.74623900;0.74863100;0.75092800;0.75313100;0.75524200;0.75726400;0.75919700;0.76104000;0.76280100;0.76448600;0.76610100;0.76765200;0.76914200;0.77057700;0.77196200;0.77329900;0.77459200;0.77584300;0.77705300;0.77822600;0.77936400;0.78046800;0.78153600;0.78256900;0.78356400;0.78452000;         ;         ;         ;         ;         ;         ;         ;         ;         ;         ;         ;         ;         ;         ;         
;95% LL;         ;         ;         ;         ;         ;         ;         ;         ;         ;         ;         ;         ;         ;         ;         ;         ;0.59654400;0.59932700;0.60175300;0.60397800;0.60233300;0.59343100;0.59059300;0.58525700;0.53138500;0.43031300;0.39200400;0.42132600;0.45596000;0.52846900;0.53623600;0.55636600;0.61907500;0.62716400;0.64172900;0.66317900;0.68180800;0.70005700;0.71800100;0.72853200;0.73147400;0.73441500;0.73727300;0.74002800;0.74270300;0.74527700;0.74774700;0.75011700;0.75236800;0.75451600;0.75657500;0.75854100;0.76041500;0.76220400;0.76391600;0.76555700;0.76713200;0.76864500;0.77010200;0.77150700;0.77286200;0.77417600;0.77544600;0.77667600;0.77786700;0.77902200;0.78013600;0.78120800;0.78224800;0.78325700;0.78422300;         ;         ;         ;         ;         ;         ;         ;         ;         ;         ;         ;         ;         ;         ;         
;95% UL;         ;         ;         ;         ;         ;         ;         ;         ;         ;         ;         ;         ;         ;         ;         ;         ;0.60125700;0.60378700;0.60594700;0.60797400;0.60603100;0.59683900;0.59353800;0.58805200;0.53418900;0.43328600;0.39509700;0.42498000;0.45971600;0.53212300;0.54003500;0.56033600;0.62299600;0.63123900;0.64582800;0.66722400;0.68576700;0.70385500;0.72157400;0.73189800;0.73467400;0.73743800;0.74012700;0.74271800;0.74522200;0.74763100;0.74992500;0.75212100;0.75422900;0.75625900;0.75821800;0.76009800;0.76189200;0.76361300;0.76524400;0.76681000;0.76831400;0.76976200;0.77115400;0.77250500;0.77381100;0.77507300;0.77629500;0.77748300;0.77864000;0.77975400;0.78084400;0.78189800;0.78291600;0.78388500;0.78481400;         ;         ;         ;         ;         ;         ;         ;         ;         ;         ;         ;         ;         ;         ;         
Fraction of women on ART with undetectable VL (RNA count <50 copies/ml);Mean;         ;         ;         ;         ;         ;         ;         ;         ;         ;         ;         ;         ;         ;         ;         ;         ;0.61425200;0.61794600;0.62129500;0.62438700;0.62446200;0.61810300;0.61786900;0.61543200;0.56604600;0.47080800;0.43701200;0.46992600;0.50617400;0.57828700;0.58792600;0.60873400;0.66857100;0.67704600;0.69129600;0.71160200;0.72921000;0.74627400;0.76284300;0.77266700;0.77569200;0.77863200;0.78145200;0.78414500;0.78673000;0.78919900;0.79155400;0.79380100;0.79594600;0.79799200;0.79994500;0.80180700;0.80358000;0.80527000;0.80688400;0.80842800;0.80990500;0.81131900;0.81267600;0.81397800;0.81523100;0.81643700;0.81760000;0.81872100;0.81980700;0.82085900;0.82188100;0.82287500;0.82384200;0.82478300;0.82570000;         ;         ;         ;         ;         ;         ;         ;         ;         ;         ;         ;         ;         ;         ;         
;95% LL;         ;         ;         ;         ;         ;         ;         ;         ;         ;         ;         ;         ;         ;         ;         ;         ;0.61300100;0.61669900;0.62002000;0.62314800;0.62333800;0.61697500;0.61677200;0.61438700;0.56490800;0.46959100;0.43576900;0.46851100;0.50473800;0.57687300;0.58645400;0.60721000;0.66711300;0.67552300;0.68976700;0.71008900;0.72774600;0.74485900;0.76146800;0.77135500;0.77440500;0.77736300;0.78020200;0.78292900;0.78555200;0.78806900;0.79045300;0.79272900;0.79490300;0.79697900;0.79896200;0.80085400;0.80265600;0.80437600;0.80602000;0.80759200;0.80909700;0.81053900;0.81192200;0.81325000;0.81452900;0.81576200;0.81694900;0.81809400;0.81920200;0.82027600;0.82132200;0.82233600;0.82332200;0.82428100;0.82521500;         ;         ;         ;         ;         ;         ;         ;         ;         ;         ;         ;         ;         ;         ;         
;95% UL;         ;         ;         ;         ;         ;         ;         ;         ;         ;         ;         ;         ;         ;         ;         ;         ;0.61544700;0.61914200;0.62248300;0.62556300;0.62564300;0.61933700;0.61913100;0.61670600;0.56743500;0.47234400;0.43875400;0.47195600;0.50828800;0.58033500;0.58998400;0.61084300;0.67059600;0.67908700;0.69331800;0.71357000;0.73112200;0.74811600;0.76459800;0.77436200;0.77735800;0.78026400;0.78304700;0.78569900;0.78824000;0.79066500;0.79297600;0.79517800;0.79727800;0.79927900;0.80118800;0.80300600;0.80473600;0.80638400;0.80795700;0.80946100;0.81089900;0.81227700;0.81359800;0.81486700;0.81608700;0.81726300;0.81839600;0.81949200;0.82056800;0.82161200;0.82262600;0.82361200;0.82456700;0.82549000;0.82638800;         ;         ;         ;         ;         ;         ;         ;         ;         ;         ;         ;         ;         ;         ;         
Fraction of children on ART with undetectable VL (RNA count <50 copies/ml);Mean;         ;         ;         ;         ;         ;         ;         ;         ;         ;         ;         ;         ;         ;         ;         ;         ;0.40279000;0.40279000;0.40279000;0.40279000;0.40279000;0.44031900;0.47561700;0.49000900;0.41219500;0.32120200;0.28362200;0.26048900;0.27536600;0.29823800;0.27054900;0.29769700;0.32870500;0.31906200;0.33074700;0.34274900;0.35507300;0.36772700;0.38071600;0.39404800;0.40772800;0.42176500;0.42176500;0.42176500;0.42176500;0.42176500;0.42176500;0.42176500;0.42176500;0.42176500;0.42176500;0.42176500;0.42176500;0.42176500;0.42176500;0.42176500;0.42176500;0.42176500;0.42176500;0.42176500;0.42176500;0.42176500;0.42176500;0.42176500;0.42176500;0.42176500;0.42176500;0.42176500;0.42176500;0.42176500;0.42176500;         ;         ;         ;         ;         ;         ;         ;         ;         ;         ;         ;         ;         ;         ;         
;95% LL;         ;         ;         ;         ;         ;         ;         ;         ;         ;         ;         ;         ;         ;         ;         ;         ;0.40279000;0.40279000;0.40279000;0.40279000;0.40279000;0.44031900;0.47561700;0.49000900;0.41219500;0.32120200;0.28362200;0.26048900;0.27536600;0.29823800;0.27054900;0.29769700;0.32870500;0.31906200;0.33074700;0.34274900;0.35507300;0.36772700;0.38071600;0.39404800;0.40772800;0.42176500;0.42176500;0.42176500;0.42176500;0.42176500;0.42176500;0.42176500;0.42176500;0.42176500;0.42176500;0.42176500;0.42176500;0.42176500;0.42176500;0.42176500;0.42176500;0.42176500;0.42176500;0.42176500;0.42176500;0.42176500;0.42176500;0.42176500;0.42176500;0.42176500;0.42176500;0.42176500;0.42176500;0.42176500;0.42176500;         ;         ;         ;         ;         ;         ;         ;         ;         ;         ;         ;         ;         ;         ;         
;95% UL;         ;         ;         ;         ;         ;         ;         ;         ;         ;         ;         ;         ;         ;         ;         ;         ;0.40279000;0.40279000;0.40279000;0.40279000;0.40279000;0.44031900;0.47561700;0.49000900;0.41219500;0.32120200;0.28362200;0.26048900;0.27536600;0.29823800;0.27054900;0.29769700;0.32870500;0.31906200;0.33074700;0.34274900;0.35507300;0.36772700;0.38071600;0.39404800;0.40772800;0.42176500;0.42176500;0.42176500;0.42176500;0.42176500;0.42176500;0.42176500;0.42176500;0.42176500;0.42176500;0.42176500;0.42176500;0.42176500;0.42176500;0.42176500;0.42176500;0.42176500;0.42176500;0.42176500;0.42176500;0.42176500;0.42176500;0.42176500;0.42176500;0.42176500;0.42176500;0.42176500;0.42176500;0.42176500;0.42176500;         ;         ;         ;         ;         ;         ;         ;         ;         ;         ;         ;         ;         ;         ;         
;;         ;         ;         ;         ;         ;         ;         ;         ;         ;         ;         ;         ;         ;         ;         ;         ;         ;         ;         ;         ;         ;         ;         ;         ;         ;         ;         ;         ;         ;         ;         ;         ;         ;         ;         ;         ;         ;         ;         ;         ;         ;         ;         ;         ;         ;         ;         ;         ;         ;         ;         ;         ;         ;         ;         ;         ;         ;         ;         ;         ;         ;         ;         ;         ;         ;         ;         ;         ;         ;         ;         ;         ;         ;         ;         ;         ;         ;         ;         ;         ;         ;         ;         ;         ;         ;         
HIV testing and other 90-90-90 indicators;;         ;         ;         ;         ;         ;         ;         ;         ;         ;         ;         ;         ;         ;         ;         ;         ;         ;         ;         ;         ;         ;         ;         ;         ;         ;         ;         ;         ;         ;         ;         ;         ;         ;         ;         ;         ;         ;         ;         ;         ;         ;         ;         ;         ;         ;         ;         ;         ;         ;         ;         ;         ;         ;         ;         ;         ;         ;         ;         ;         ;         ;         ;         ;         ;         ;         ;         ;         ;         ;         ;         ;         ;         ;         ;         ;         ;         ;         ;         ;         ;         ;         ;         ;         ;         ;         
;;         ;         ;         ;         ;         ;         ;         ;         ;         ;         ;         ;         ;         ;         ;         ;         ;         ;         ;         ;         ;         ;         ;         ;         ;         ;         ;         ;         ;         ;         ;         ;         ;         ;         ;         ;         ;         ;         ;         ;         ;         ;         ;         ;         ;         ;         ;         ;         ;         ;         ;         ;         ;         ;         ;         ;         ;         ;         ;         ;         ;         ;         ;         ;         ;         ;         ;         ;         ;         ;         ;         ;         ;         ;         ;         ;         ;         ;         ;         ;         ;         ;         ;         ;         ;         ;         
Total HIV tests performed in adults (15+);Mean;5.63768000;14.82730000;36.48670000;89.88500000;220.72900000;526.60100000;126401.00000000;253089.00000000;380090.00000000;507259.00000000;634448.00000000;761530.00000000;888546.00000000;1015320.00000000;1141690.00000000;1267320.00000000;1392590.00000000;1516840.00000000;1646590.00000000;1774470.00000000;2202100.00000000;2435450.00000000;2763520.00000000;3463360.00000000;7793820.00000000;10673000.00000000;9804270.00000000;10036800.00000000;8350580.00000000;9687310.00000000;12481500.00000000;13582600.00000000;12954300.00000000;13764600.00000000;17432700.00000000;12666500.00000000;15255700.00000000;16075900.00000000;16955000.00000000;17831500.00000000;18203800.00000000;18577600.00000000;18954200.00000000;19346500.00000000;19752500.00000000;20159100.00000000;20562100.00000000;20958900.00000000;21338900.00000000;21703400.00000000;22053400.00000000;22388600.00000000;22709500.00000000;23017600.00000000;23313900.00000000;23600100.00000000;23877500.00000000;24147300.00000000;24410300.00000000;24666300.00000000;24915000.00000000;25156800.00000000;25391700.00000000;25619900.00000000;25841700.00000000;26057200.00000000;26266600.00000000;26470300.00000000;26668100.00000000;26859900.00000000;27045500.00000000;         ;         ;         ;         ;         ;         ;         ;         ;         ;         ;         ;         ;         ;         ;         
;95% LL;3.26882000;8.98019000;23.31710000;57.64750000;151.20800000;369.77900000;126302.00000000;252926.00000000;379909.00000000;507088.00000000;634342.00000000;761453.00000000;888382.00000000;1015060.00000000;1141340.00000000;1266870.00000000;1392080.00000000;1516260.00000000;1645960.00000000;1773780.00000000;2200890.00000000;2433960.00000000;2762010.00000000;3461860.00000000;7791420.00000000;10670400.00000000;9801870.00000000;10035200.00000000;8349550.00000000;9686380.00000000;12480300.00000000;13581300.00000000;12952600.00000000;13761500.00000000;17428500.00000000;12659800.00000000;15246500.00000000;16064500.00000000;16894000.00000000;17744700.00000000;18110800.00000000;18477200.00000000;18847000.00000000;19235100.00000000;19637800.00000000;20041200.00000000;20443200.00000000;20836300.00000000;21214300.00000000;21577200.00000000;21925700.00000000;22259600.00000000;22580100.00000000;22889400.00000000;23187400.00000000;23475300.00000000;23754200.00000000;24023500.00000000;24287000.00000000;24545000.00000000;24796800.00000000;25040000.00000000;25277400.00000000;25507500.00000000;25727300.00000000;25940700.00000000;26148200.00000000;26349700.00000000;26545500.00000000;26735300.00000000;26918900.00000000;         ;         ;         ;         ;         ;         ;         ;         ;         ;         ;         ;         ;         ;         ;         
;95% UL;9.40591000;23.80690000;53.98630000;128.03800000;306.07700000;718.41200000;126492.00000000;253204.00000000;380205.00000000;507351.00000000;634536.00000000;761592.00000000;888703.00000000;1015640.00000000;1142160.00000000;1267910.00000000;1393330.00000000;1517690.00000000;1647500.00000000;1775470.00000000;2203810.00000000;2437680.00000000;2765940.00000000;3465550.00000000;7796810.00000000;10676500.00000000;9807490.00000000;10039100.00000000;8352100.00000000;9688540.00000000;12483300.00000000;13584400.00000000;12956600.00000000;13768800.00000000;17438600.00000000;12674200.00000000;15266200.00000000;16088300.00000000;17047000.00000000;17969200.00000000;18347100.00000000;18730600.00000000;19120200.00000000;19516200.00000000;19923000.00000000;20329200.00000000;20732000.00000000;21129600.00000000;21509900.00000000;21874100.00000000;22222900.00000000;22556700.00000000;22876400.00000000;23183600.00000000;23479400.00000000;23765600.00000000;24043400.00000000;24313900.00000000;24577000.00000000;24831200.00000000;25078200.00000000;25318100.00000000;25551400.00000000;25778300.00000000;26002000.00000000;26219400.00000000;26430900.00000000;26636500.00000000;26837400.00000000;27031800.00000000;27217400.00000000;         ;         ;         ;         ;         ;         ;         ;         ;         ;         ;         ;         ;         ;         ;         
Total HIV tests in children (excluding <18 months);Mean;0.00368402;0.01464740;0.03393940;0.07949010;0.18867000;0.43978200;41386.70000000;80123.60000000;115857.00000000;148351.00000000;177278.00000000;202263.00000000;227935.00000000;251022.00000000;268761.00000000;281775.00000000;288001.00000000;284787.00000000;270304.00000000;261285.00000000;292884.00000000;239455.00000000;220735.00000000;356748.00000000;704254.00000000;567789.00000000;517098.00000000;534486.00000000;470533.00000000;536894.00000000;894746.00000000;1269420.00000000;1300740.00000000;1360800.00000000;1562940.00000000;1271630.00000000;1524990.00000000;1853590.00000000;1963780.00000000;1974530.00000000;1987080.00000000;2000040.00000000;2012020.00000000;2022360.00000000;2031160.00000000;2039020.00000000;2046600.00000000;2054700.00000000;2064940.00000000;2075530.00000000;2086350.00000000;2097870.00000000;2109520.00000000;2120420.00000000;2130360.00000000;2139300.00000000;2147220.00000000;2154150.00000000;2160090.00000000;2165070.00000000;2169090.00000000;2172150.00000000;2174240.00000000;2175360.00000000;2175550.00000000;2174890.00000000;2173460.00000000;2171380.00000000;2168760.00000000;2165710.00000000;2162370.00000000;         ;         ;         ;         ;         ;         ;         ;         ;         ;         ;         ;         ;         ;         ;         
;95% LL;0.00213547;0.00856867;0.01986260;0.04883540;0.11742700;0.27870600;41302.10000000;79941.70000000;115583.00000000;147980.00000000;176816.00000000;201770.00000000;227455.00000000;250521.00000000;268275.00000000;281345.00000000;287655.00000000;284541.00000000;269959.00000000;260932.00000000;292169.00000000;238572.00000000;219927.00000000;355948.00000000;703299.00000000;566742.00000000;516118.00000000;533383.00000000;469503.00000000;535754.00000000;893729.00000000;1268470.00000000;1299850.00000000;1359910.00000000;1561870.00000000;1270420.00000000;1523500.00000000;1851970.00000000;1958720.00000000;1969520.00000000;1981480.00000000;1994560.00000000;2006260.00000000;2016530.00000000;2025360.00000000;2032850.00000000;2039950.00000000;2047590.00000000;2057550.00000000;2068100.00000000;2078750.00000000;2089890.00000000;2101270.00000000;2112010.00000000;2121930.00000000;2130900.00000000;2138900.00000000;2145940.00000000;2152010.00000000;2157140.00000000;2161310.00000000;2164540.00000000;2166690.00000000;2167840.00000000;2168120.00000000;2167670.00000000;2166430.00000000;2164500.00000000;2161990.00000000;2159030.00000000;2155740.00000000;         ;         ;         ;         ;         ;         ;         ;         ;         ;         ;         ;         ;         ;         ;         
;95% UL;0.00579689;0.02253200;0.05076730;0.11554700;0.27381700;0.62500800;41460.00000000;80299.00000000;116203.00000000;148891.00000000;177952.00000000;203029.00000000;228747.00000000;251775.00000000;269416.00000000;282299.00000000;288360.00000000;285098.00000000;270676.00000000;261728.00000000;293879.00000000;240768.00000000;222089.00000000;357798.00000000;705030.00000000;568808.00000000;518051.00000000;535485.00000000;471550.00000000;537936.00000000;895909.00000000;1270390.00000000;1301570.00000000;1361590.00000000;1563790.00000000;1272470.00000000;1525750.00000000;1854490.00000000;1971530.00000000;1982310.00000000;1994820.00000000;2008120.00000000;2020360.00000000;2030670.00000000;2039380.00000000;2047450.00000000;2055480.00000000;2064030.00000000;2074740.00000000;2085840.00000000;2096980.00000000;2109340.00000000;2121660.00000000;2133030.00000000;2143260.00000000;2152300.00000000;2160110.00000000;2166880.00000000;2172770.00000000;2177480.00000000;2181210.00000000;2183960.00000000;2185750.00000000;2186570.00000000;2186490.00000000;2185580.00000000;2183950.00000000;2181710.00000000;2178970.00000000;2175880.00000000;2172530.00000000;         ;         ;         ;         ;         ;         ;         ;         ;         ;         ;         ;         ;         ;         ;         
% of adult HIV tests with positive results;Mean;         ;         ;         ;         ;         ;         ;0.02100200;0.03110080;0.04608210;0.06414270;0.08405980;0.10465400;0.12428900;0.14239900;0.15859300;0.17237300;0.18382000;0.19329900;0.20095300;0.21437700;0.24100900;0.25632300;0.24863000;0.21995200;0.18493300;0.16938600;0.15502500;0.13591900;0.12531500;0.11419500;0.10208500;0.08891730;0.07733270;0.06794920;0.05856510;0.05162180;0.04466450;0.03888580;0.03406760;0.03020910;0.02702920;0.02449150;0.02243390;0.02080680;0.01954770;0.01850850;0.01760750;0.01679900;0.01605870;0.01536910;0.01471820;0.01409910;0.01351000;0.01295200;0.01242600;0.01193120;0.01146610;0.01102930;0.01061920;0.01023430;0.00987333;0.00953433;0.00921554;0.00891529;0.00863202;0.00836434;0.00811101;0.00787095;0.00764320;0.00742694;0.00722143;         ;         ;         ;         ;         ;         ;         ;         ;         ;         ;         ;         ;         ;         ;         
;95% LL;         ;         ;         ;         ;         ;         ;0.01574400;0.02308970;0.03456640;0.05007990;0.06862070;0.08819510;0.10822000;0.12710600;0.14432300;0.15894500;0.17248800;0.18372500;0.19303900;0.20678000;0.23292900;0.24892900;0.24183500;0.21440100;0.17990400;0.16449800;0.15023000;0.13129900;0.12086600;0.10982300;0.09772520;0.08462300;0.07294070;0.06348500;0.05417510;0.04750520;0.04109610;0.03595820;0.03172240;0.02832500;0.02558040;0.02331730;0.02149080;0.02001230;0.01888070;0.01792560;0.01707580;0.01631090;0.01560040;0.01492590;0.01429110;0.01368820;0.01311410;0.01256810;0.01205260;0.01156650;0.01111170;0.01068490;0.01028460;0.00990932;0.00955751;0.00922716;0.00891701;0.00862485;0.00834931;0.00808854;0.00784184;0.00760814;0.00738651;0.00717614;0.00697631;         ;         ;         ;         ;         ;         ;         ;         ;         ;         ;         ;         ;         ;         ;         
;95% UL;         ;         ;         ;         ;         ;         ;0.02743990;0.03904630;0.05557720;0.07480090;0.09541480;0.11622600;0.13560400;0.15313200;0.16856800;0.18134500;0.19165900;0.19979400;0.20645600;0.21966600;0.24667900;0.26185600;0.25361300;0.22420300;0.18883300;0.17303800;0.15840200;0.13922900;0.12905200;0.11813300;0.10623300;0.09320310;0.08177120;0.07255090;0.06326920;0.05606020;0.04856040;0.04213300;0.03668660;0.03230300;0.02875110;0.02587700;0.02357140;0.02177950;0.02043130;0.01936990;0.01845710;0.01764100;0.01689390;0.01619610;0.01553410;0.01490010;0.01429240;0.01371300;0.01316360;0.01264420;0.01215380;0.01169150;0.01125620;0.01084700;0.01046270;0.01010170;0.00976238;0.00944299;0.00914203;0.00885804;0.00858974;0.00833595;0.00809401;0.00786430;0.00764608;         ;         ;         ;         ;         ;         ;         ;         ;         ;         ;         ;         ;         ;         ;         
% of paediatric HIV tests with positive results;Mean;         ;         ;         ;         ;         ;         ;0.00442683;0.00591491;0.00839050;0.01193530;0.01640770;0.02155140;0.02716640;0.03310880;0.03890440;0.04453780;0.05023540;0.05596250;0.06197980;0.06802780;0.07338780;0.08222870;0.09210140;0.08338190;0.06028170;0.05116200;0.04862990;0.04434630;0.04227400;0.03871930;0.02925860;0.02027420;0.01581580;0.01315710;0.01110990;0.01030240;0.00917344;0.00791423;0.00721260;0.00669846;0.00627617;0.00593932;0.00564694;0.00539698;0.00518830;0.00501649;0.00486797;0.00474035;0.00462774;0.00452647;0.00443477;0.00435024;0.00427117;0.00419741;0.00412813;0.00406284;0.00400131;0.00394324;0.00388833;0.00383638;0.00378730;0.00374101;0.00369742;0.00365648;0.00361809;0.00358218;0.00354863;0.00351733;0.00348814;0.00346092;0.00343553;         ;         ;         ;         ;         ;         ;         ;         ;         ;         ;         ;         ;         ;         ;         
;95% LL;         ;         ;         ;         ;         ;         ;0.00403601;0.00511467;0.00701279;0.00985905;0.01366340;0.01830270;0.02357370;0.02937370;0.03520330;0.04086820;0.04656280;0.05255690;0.05872180;0.06478460;0.07009540;0.07875850;0.08871380;0.08097900;0.05860270;0.04972680;0.04730210;0.04322160;0.04126560;0.03780030;0.02863920;0.01985610;0.01549880;0.01288140;0.01088520;0.01007960;0.00896886;0.00774414;0.00705723;0.00655570;0.00614621;0.00582219;0.00554181;0.00530259;0.00510023;0.00493179;0.00478580;0.00466350;0.00455645;0.00445911;0.00436943;0.00428686;0.00420970;0.00413779;0.00407030;0.00400676;0.00394706;0.00389138;0.00383844;0.00378817;0.00374118;0.00369687;0.00365516;0.00361599;0.00357929;0.00354496;0.00351281;0.00348235;0.00345399;0.00342758;0.00340298;         ;         ;         ;         ;         ;         ;         ;         ;         ;         ;         ;         ;         ;         ;         
;95% UL;         ;         ;         ;         ;         ;         ;0.00496597;0.00687655;0.00998492;0.01409490;0.01901460;0.02449160;0.03034480;0.03636840;0.04231420;0.04787400;0.05322540;0.05884760;0.06476730;0.07081840;0.07625110;0.08525030;0.09517990;0.08553800;0.06184970;0.05244440;0.04978670;0.04537250;0.04331540;0.03976580;0.03007860;0.02085250;0.01626970;0.01354270;0.01144650;0.01061880;0.00945392;0.00815308;0.00742593;0.00689383;0.00645654;0.00610749;0.00580317;0.00554299;0.00533152;0.00515770;0.00500395;0.00487192;0.00475522;0.00464915;0.00455441;0.00446667;0.00438431;0.00430835;0.00423713;0.00416958;0.00410550;0.00404459;0.00398662;0.00393142;0.00387895;0.00382919;0.00378210;0.00373767;0.00369586;0.00365661;0.00361981;0.00358483;0.00355218;0.00352173;0.00349335;         ;         ;         ;         ;         ;         ;         ;         ;         ;         ;         ;         ;         ;         ;         
New diagnoses at birth;;         ;         ;         ;         ;         ;         ;         ;         ;         ;         ;         ;         ;         ;         ;         ;         ;         ;         ;         ;         ;         ;         ;         ;         ;         ;         ;         ;         ;         ;         ;2177.46000000;2259.96000000;2239.44000000;2197.14000000;2099.37000000;1946.80000000;1821.80000000;1702.77000000;1591.92000000;1490.76000000;1399.21000000;1316.02000000;1239.05000000;1177.29000000;1121.38000000;1068.56000000;1018.13000000;969.80100000;923.06600000;877.68400000;833.30200000;789.69700000;746.85900000;704.88000000;663.86600000;623.89000000;585.08100000;547.58100000;511.55500000;477.19600000;444.68900000;414.13900000;385.59700000;359.05700000;334.48700000;311.83300000;290.97500000;271.78300000;254.16200000;238.01600000;223.24000000;         ;         ;         ;         ;         ;         ;         ;         ;         ;         ;         ;         ;         ;         ;         
;;         ;         ;         ;         ;         ;         ;         ;         ;         ;         ;         ;         ;         ;         ;         ;         ;         ;         ;         ;         ;         ;         ;         ;         ;         ;         ;         ;         ;         ;         ;2084.00000000;2162.12000000;2138.22000000;2089.22000000;1978.99000000;1829.16000000;1718.30000000;1610.03000000;1500.93000000;1406.29000000;1321.18000000;1243.85000000;1171.97000000;1113.72000000;1059.94000000;1008.41000000;959.04200000;911.98000000;866.33800000;822.22300000;779.18500000;737.15500000;696.06100000;655.97900000;616.99000000;579.11200000;542.53300000;507.14000000;472.79600000;440.08700000;409.18400000;380.18400000;353.22700000;328.36000000;305.38300000;284.29500000;265.10500000;247.45500000;231.25900000;216.42500000;202.85700000;         ;         ;         ;         ;         ;         ;         ;         ;         ;         ;         ;         ;         ;         ;         
;;         ;         ;         ;         ;         ;         ;         ;         ;         ;         ;         ;         ;         ;         ;         ;         ;         ;         ;         ;         ;         ;         ;         ;         ;         ;         ;         ;         ;         ;         ;2315.76000000;2415.02000000;2402.45000000;2366.27000000;2271.50000000;2113.37000000;1980.46000000;1849.24000000;1725.62000000;1612.63000000;1511.48000000;1421.57000000;1338.78000000;1274.65000000;1219.11000000;1166.31000000;1116.02000000;1066.66000000;1019.01000000;972.29900000;926.11600000;881.01700000;836.28700000;792.06100000;748.48600000;705.67000000;663.79300000;623.05200000;583.67000000;545.90200000;509.99500000;476.10700000;443.87000000;413.52500000;385.60400000;360.33800000;337.25500000;315.59000000;295.53000000;277.17200000;260.39700000;         ;         ;         ;         ;         ;         ;         ;         ;         ;         ;         ;         ;         ;         ;         
New diagnoses in infants;;         ;         ;         ;         ;         ;         ;46.49170000;169.00200000;400.28100000;751.03500000;1213.38000000;1756.33000000;2401.03000000;3019.87000000;3684.85000000;4306.56000000;4777.02000000;5083.89000000;5073.28000000;5115.92000000;5894.38000000;7699.41000000;9830.13000000;10352.70000000;10132.10000000;7486.53000000;6493.32000000;6329.40000000;6432.44000000;5410.82000000;5556.51000000;4424.41000000;4017.28000000;3762.83000000;3646.94000000;3554.90000000;3437.39000000;3278.38000000;3058.97000000;2861.49000000;2688.17000000;2533.76000000;2390.42000000;2270.31000000;2163.66000000;2062.89000000;1966.38000000;1873.62000000;1783.70000000;1696.02000000;1609.88000000;1525.01000000;1441.75000000;1360.49000000;1281.46000000;1204.75000000;1130.56000000;1059.13000000;990.71500000;925.61700000;864.10700000;806.34000000;752.37000000;702.16700000;655.65200000;612.71200000;573.13000000;536.66300000;503.11500000;472.29900000;444.01100000;         ;         ;         ;         ;         ;         ;         ;         ;         ;         ;         ;         ;         ;         ;         
;;         ;         ;         ;         ;         ;         ;33.59030000;126.30500000;312.90800000;618.14100000;1045.50000000;1557.22000000;2175.88000000;2785.06000000;3444.45000000;4049.88000000;4535.01000000;4851.11000000;4854.85000000;4892.16000000;5651.01000000;7394.23000000;9457.22000000;9981.17000000;9770.51000000;7222.90000000;6256.06000000;6086.72000000;6179.05000000;5200.64000000;5339.49000000;4245.01000000;3839.28000000;3569.36000000;3435.73000000;3338.30000000;3233.98000000;3095.38000000;2898.45000000;2710.23000000;2543.81000000;2399.46000000;2267.01000000;2153.31000000;2050.54000000;1951.54000000;1854.17000000;1761.11000000;1672.10000000;1587.94000000;1506.13000000;1425.69000000;1346.92000000;1270.13000000;1195.52000000;1123.15000000;1052.27000000;984.09400000;918.99300000;857.20700000;798.95100000;744.23200000;693.11000000;646.50200000;603.34300000;563.52200000;526.83300000;493.04500000;461.97500000;433.44400000;407.13600000;         ;         ;         ;         ;         ;         ;         ;         ;         ;         ;         ;         ;         ;         ;         
;;         ;         ;         ;         ;         ;         ;61.98530000;215.57100000;482.37400000;871.94000000;1377.46000000;1939.57000000;2605.13000000;3234.30000000;3906.77000000;4523.82000000;4992.38000000;5307.32000000;5289.86000000;5326.56000000;6129.13000000;8023.40000000;10248.90000000;10839.30000000;10589.30000000;7830.41000000;6801.36000000;6650.09000000;6785.05000000;5728.28000000;5901.14000000;4704.83000000;4286.41000000;4032.83000000;3928.18000000;3846.38000000;3720.71000000;3551.95000000;3318.65000000;3103.80000000;2907.60000000;2736.50000000;2588.50000000;2465.53000000;2359.05000000;2258.75000000;2160.10000000;2066.57000000;1976.95000000;1888.61000000;1800.69000000;1712.74000000;1625.14000000;1538.81000000;1452.74000000;1367.87000000;1285.34000000;1206.36000000;1131.37000000;1060.37000000;992.44600000;927.13200000;865.92400000;808.86600000;755.93300000;707.04800000;662.00000000;620.53300000;582.44100000;547.51600000;515.52600000;         ;         ;         ;         ;         ;         ;         ;         ;         ;         ;         ;         ;         ;         ;         
% of adults ever tested for HIV;Mean;0.00000000;0.00000028;0.00000098;0.00000261;0.00000647;0.00001568;0.00003705;0.00547891;0.01579030;0.03032450;0.04839100;0.06929290;0.09207200;0.11638300;0.14165600;0.16745700;0.19340200;0.21945900;0.24537100;0.27122700;0.29687200;0.32744400;0.35856300;0.39043300;0.42580500;0.49514900;0.55625000;0.59797700;0.63485600;0.65855500;0.68506900;0.71455500;0.74114300;0.76384000;0.78591200;0.80853400;0.81892300;0.83409700;0.84536700;0.85659600;0.86642400;0.87522700;0.88294500;0.88947800;0.89496600;0.89965100;0.90373600;0.90738500;0.91076700;0.91377400;0.91645600;0.91887900;0.92103200;0.92289600;0.92451100;0.92592100;0.92716400;0.92827200;0.92926900;0.93017500;0.93100100;0.93175400;0.93243900;0.93305700;0.93361600;0.93412300;0.93458700;0.93501600;0.93542200;0.93581100;0.93619200;         ;         ;         ;         ;         ;         ;         ;         ;         ;         ;         ;         ;         ;         ;         
;95% LL;0.00000000;0.00000016;0.00000059;0.00000164;0.00000416;0.00001038;0.00002627;0.00546575;0.01577460;0.03030480;0.04836650;0.06926390;0.09203890;0.11634500;0.14161200;0.16740000;0.19333000;0.21936400;0.24524800;0.27107300;0.29666300;0.32711600;0.35809200;0.38982000;0.42507600;0.49420600;0.55526600;0.59699500;0.63388000;0.65758000;0.68411700;0.71365900;0.74027800;0.76301900;0.78509800;0.80774300;0.81814400;0.83333800;0.84461200;0.85594400;0.86589500;0.87474500;0.88253800;0.88913200;0.89466200;0.89937200;0.90348200;0.90714900;0.91053800;0.91355600;0.91625500;0.91869400;0.92085300;0.92271400;0.92433000;0.92570800;0.92692500;0.92799700;0.92897700;0.92985900;0.93065000;0.93139700;0.93207000;0.93268000;0.93323600;0.93374700;0.93421500;0.93464900;0.93505900;0.93545300;0.93584300;         ;         ;         ;         ;         ;         ;         ;         ;         ;         ;         ;         ;         ;         ;         
;95% UL;0.00000000;0.00000047;0.00000159;0.00000398;0.00000930;0.00002205;0.00005082;0.00549458;0.01580790;0.03034440;0.04841160;0.06931300;0.09209150;0.11640600;0.14168700;0.16749800;0.19345400;0.21952500;0.24545500;0.27134200;0.29703400;0.32770200;0.35892800;0.39089500;0.42635100;0.49584700;0.55698600;0.59871900;0.63557900;0.65924500;0.68573600;0.71519000;0.74175200;0.76442800;0.78648400;0.80908900;0.81947700;0.83463800;0.84589500;0.85707300;0.86685700;0.87562200;0.88330700;0.88979000;0.89524400;0.89991600;0.90398700;0.90763800;0.91100200;0.91400600;0.91669100;0.91911000;0.92125400;0.92311300;0.92473300;0.92615500;0.92741100;0.92853700;0.92954400;0.93045900;0.93129000;0.93205000;0.93273800;0.93335100;0.93390400;0.93440500;0.93486200;0.93528500;0.93568300;0.93606600;0.93644100;         ;         ;         ;         ;         ;         ;         ;         ;         ;         ;         ;         ;         ;         ;         
% of adult males ever tested for HIV;Mean;0.00000000;0.00000026;0.00000097;0.00000271;0.00000695;0.00001722;0.00004120;0.00499517;0.01439920;0.02770170;0.04431560;0.06364240;0.08483860;0.10757500;0.13131900;0.15545000;0.17939700;0.20280100;0.22484800;0.24453400;0.26299400;0.28495700;0.30592200;0.32777300;0.35506100;0.42329500;0.48725100;0.53157600;0.57170300;0.59689200;0.62619300;0.66000200;0.69102400;0.71833500;0.74527700;0.77254200;0.78404100;0.80146400;0.81437500;0.82739900;0.83875700;0.84885800;0.85766400;0.86510000;0.87131300;0.87656400;0.88107800;0.88504400;0.88866600;0.89185700;0.89468600;0.89723600;0.89949700;0.90145100;0.90313700;0.90460000;0.90588200;0.90701700;0.90803300;0.90895300;0.90979200;0.91056000;0.91126100;0.91190000;0.91248300;0.91301600;0.91350900;0.91396900;0.91440800;0.91483200;0.91525100;         ;         ;         ;         ;         ;         ;         ;         ;         ;         ;         ;         ;         ;         ;         
;95% LL;0.00000000;0.00000015;0.00000059;0.00000170;0.00000445;0.00001141;0.00002866;0.00497681;0.01437110;0.02765830;0.04425350;0.06355840;0.08473120;0.10744600;0.13117100;0.15528500;0.17922200;0.20261400;0.22462800;0.24428400;0.26269000;0.28453100;0.30537900;0.32708300;0.35424600;0.42226200;0.48615100;0.53044100;0.57056600;0.59575400;0.62506100;0.65890000;0.68995700;0.71726400;0.74421900;0.77151100;0.78303900;0.80050300;0.81346000;0.82661000;0.83808300;0.84828100;0.85713200;0.86461400;0.87088200;0.87617900;0.88071700;0.88471000;0.88833300;0.89152100;0.89435500;0.89690400;0.89917000;0.90113100;0.90282700;0.90430100;0.90558600;0.90671200;0.90770800;0.90861700;0.90944500;0.91020000;0.91090300;0.91153800;0.91210400;0.91262800;0.91311500;0.91357500;0.91401700;0.91444800;0.91487600;         ;         ;         ;         ;         ;         ;         ;         ;         ;         ;         ;         ;         ;         ;         
;95% UL;0.00000000;0.00000044;0.00000156;0.00000404;0.00000998;0.00002388;0.00005779;0.00501798;0.01443070;0.02774500;0.04436990;0.06370950;0.08491800;0.10765600;0.13141900;0.15556300;0.17952600;0.20295000;0.22502300;0.24474900;0.26325800;0.28528000;0.30633500;0.32826100;0.35564500;0.42402500;0.48804200;0.53244600;0.57261400;0.59781000;0.62710700;0.66092100;0.69197100;0.71928500;0.74621600;0.77344800;0.78495600;0.80236800;0.81525600;0.82822300;0.83953300;0.84958600;0.85833400;0.86573400;0.87191200;0.87712800;0.88161900;0.88555200;0.88917200;0.89233700;0.89514900;0.89767100;0.89991600;0.90186300;0.90354800;0.90501600;0.90630400;0.90744100;0.90844500;0.90937400;0.91021900;0.91099400;0.91169600;0.91232900;0.91290500;0.91343000;0.91391300;0.91436200;0.91478800;0.91520000;0.91560400;         ;         ;         ;         ;         ;         ;         ;         ;         ;         ;         ;         ;         ;         ;         
% of adult females ever tested for HIV;Mean;0.00000000;0.00000030;0.00000098;0.00000252;0.00000603;0.00001423;0.00003323;0.00592286;0.01706410;0.03272080;0.05210640;0.07443340;0.09863240;0.12434900;0.15098200;0.17826500;0.20598800;0.23443300;0.26382800;0.29524600;0.32738900;0.36575600;0.40613100;0.44716400;0.48996700;0.56042700;0.61903900;0.65837000;0.69226400;0.71457900;0.73853200;0.76406600;0.78660900;0.80510300;0.82274800;0.84116900;0.85056900;0.86370900;0.87348800;0.88308700;0.89152600;0.89915000;0.90588200;0.91159600;0.91642800;0.92059900;0.92429400;0.92765400;0.93081600;0.93365300;0.93619600;0.93850100;0.94054800;0.94232600;0.94387000;0.94522500;0.94642600;0.94750200;0.94847400;0.94935800;0.95016300;0.95089300;0.95155100;0.95213900;0.95266500;0.95313500;0.95355900;0.95394600;0.95430700;0.95464900;0.95498000;         ;         ;         ;         ;         ;         ;         ;         ;         ;         ;         ;         ;         ;         ;         
;95% LL;0.00000000;0.00000017;0.00000058;0.00000156;0.00000390;0.00000917;0.00002366;0.00591367;0.01705680;0.03271410;0.05209550;0.07440890;0.09859690;0.12430600;0.15093700;0.17820800;0.20592500;0.23435300;0.26374000;0.29513800;0.32724000;0.36553500;0.40576000;0.44663500;0.48929500;0.55954000;0.61812800;0.65745900;0.69138700;0.71373000;0.73771600;0.76326600;0.78584800;0.80437500;0.82205300;0.84049300;0.84987700;0.86302300;0.87281400;0.88247300;0.89097800;0.89865300;0.90544300;0.91120000;0.91606400;0.92026900;0.92399700;0.92737900;0.93055300;0.93340300;0.93596000;0.93827800;0.94032600;0.94209500;0.94362500;0.94496300;0.94615000;0.94721100;0.94815800;0.94903600;0.94983000;0.95055200;0.95120700;0.95179300;0.95231600;0.95278600;0.95321100;0.95360000;0.95396300;0.95430800;0.95464300;         ;         ;         ;         ;         ;         ;         ;         ;         ;         ;         ;         ;         ;         ;         
;95% UL;0.00000000;0.00000049;0.00000160;0.00000392;0.00000879;0.00002030;0.00004589;0.00593471;0.01707390;0.03272860;0.05212040;0.07445880;0.09867160;0.12439900;0.15103600;0.17832500;0.20604900;0.23449000;0.26389400;0.29532400;0.32748400;0.36595400;0.40646400;0.44762000;0.49053500;0.56115300;0.61983200;0.65916700;0.69304300;0.71534900;0.73927200;0.76479300;0.78731300;0.80577800;0.82338900;0.84176600;0.85111800;0.86421500;0.87398100;0.88353500;0.89193100;0.89951700;0.90621400;0.91190100;0.91669500;0.92084200;0.92452200;0.92787200;0.93101800;0.93383400;0.93636500;0.93865800;0.94069700;0.94248100;0.94403200;0.94539500;0.94661400;0.94769900;0.94868200;0.94957100;0.95037600;0.95111300;0.95177300;0.95235600;0.95287600;0.95334100;0.95375900;0.95414100;0.95449900;0.95483900;0.95516600;         ;         ;         ;         ;         ;         ;         ;         ;         ;         ;         ;         ;         ;         ;         
% of people living with HIV who are diagnosed;Mean;         ;0.00213799;0.00352431;0.00399595;0.00403167;0.00403373;0.00426620;0.00903245;0.01754490;0.02950620;0.04451870;0.06210620;0.08175620;0.10336900;0.12646700;0.15070700;0.17596800;0.20252000;0.23030200;0.25990300;0.29376700;0.34893200;0.41306700;0.47825100;0.54117600;0.64125400;0.72517400;0.77826200;0.81498800;0.83489900;0.85542100;0.87799700;0.89592000;0.90859300;0.91958600;0.93201600;0.93479000;0.94106800;0.94658700;0.95158000;0.95587000;0.95914200;0.96177200;0.96399400;0.96582500;0.96737900;0.96873200;0.96993300;0.97102600;0.97203600;0.97298400;0.97388800;0.97475200;0.97556700;0.97632900;0.97703900;0.97769900;0.97831300;0.97888400;0.97941300;0.97990400;0.98036000;0.98078400;0.98117900;0.98154800;0.98189300;0.98221600;0.98251800;0.98280100;0.98306600;0.98331400;         ;         ;         ;         ;         ;         ;         ;         ;         ;         ;         ;         ;         ;         ;         
;95% LL;         ;0.00210122;0.00327122;0.00345473;0.00330743;0.00325175;0.00352759;0.00824420;0.01649810;0.02764080;0.04188030;0.05853780;0.07734050;0.09805190;0.12048000;0.14452300;0.16950700;0.19588500;0.22390100;0.25369400;0.28777000;0.34268100;0.40658000;0.47161000;0.53455900;0.63517900;0.71997800;0.77384600;0.81093100;0.83103900;0.85180000;0.87472700;0.89298900;0.90583200;0.91682900;0.92934600;0.93209900;0.93856500;0.94434200;0.94957400;0.95410900;0.95751600;0.96036000;0.96276900;0.96466000;0.96619600;0.96757600;0.96879800;0.96990200;0.97091700;0.97186700;0.97277300;0.97363800;0.97445500;0.97522000;0.97593300;0.97659800;0.97721500;0.97778900;0.97832100;0.97882000;0.97928700;0.97972000;0.98011100;0.98047400;0.98081000;0.98112700;0.98142200;0.98169100;0.98194800;0.98218800;         ;         ;         ;         ;         ;         ;         ;         ;         ;         ;         ;         ;         ;         ;         
;95% UL;         ;0.00219140;0.00387952;0.00474347;0.00507816;0.00521187;0.00546560;0.01023130;0.01888230;0.03127070;0.04710550;0.06535520;0.08551500;0.10758000;0.13102400;0.15557400;0.18106100;0.20775300;0.23550900;0.26489500;0.29884800;0.35376900;0.41748700;0.48274600;0.54570200;0.64527800;0.72842700;0.78114300;0.81766300;0.83747400;0.85787400;0.88028600;0.89807900;0.91069100;0.92163200;0.93397300;0.93678900;0.94295700;0.94830700;0.95309700;0.95717800;0.96025700;0.96271400;0.96478500;0.96653800;0.96809600;0.96945600;0.97066500;0.97175200;0.97277200;0.97373200;0.97463700;0.97549700;0.97632100;0.97709300;0.97781100;0.97847900;0.97910000;0.97967600;0.98021100;0.98070600;0.98116700;0.98159500;0.98199500;0.98236800;0.98271800;0.98304500;0.98335300;0.98365000;0.98392900;0.98419100;         ;         ;         ;         ;         ;         ;         ;         ;         ;         ;         ;         ;         ;         ;         
% of men (15+) living with HIV who are diagnosed;Mean;         ;0.00209316;0.00337327;0.00383456;0.00394997;0.00404835;0.00437859;0.00850411;0.01605930;0.02682910;0.04045940;0.05651710;0.07460790;0.09456810;0.11603100;0.13836600;0.16106100;0.18365600;0.20525200;0.22446400;0.24727900;0.29176400;0.34617600;0.40347700;0.45916700;0.56146900;0.65627400;0.72015800;0.76510300;0.79000300;0.81543100;0.84276900;0.86514400;0.88249600;0.89797600;0.91453100;0.91930800;0.92768200;0.93501100;0.94171100;0.94745500;0.95184300;0.95530500;0.95815100;0.96043900;0.96231600;0.96389800;0.96526400;0.96647600;0.96757500;0.96859200;0.96955100;0.97046000;0.97131600;0.97211300;0.97285200;0.97353500;0.97416500;0.97474400;0.97527400;0.97575800;0.97620000;0.97660100;0.97696600;0.97729700;0.97759600;0.97786500;0.97810500;0.97831800;0.97850500;0.97866700;         ;         ;         ;         ;         ;         ;         ;         ;         ;         ;         ;         ;         ;         ;         
;95% LL;         ;0.00201887;0.00305390;0.00324967;0.00320763;0.00327385;0.00361644;0.00774890;0.01501160;0.02505000;0.03772180;0.05305530;0.07029370;0.08936490;0.11026800;0.13201700;0.15443500;0.17723400;0.19865000;0.21759300;0.24028500;0.28429700;0.33847300;0.39581500;0.45173200;0.55498700;0.65089000;0.71553400;0.76107600;0.78633500;0.81204100;0.83966400;0.86224900;0.87968000;0.89521300;0.91186000;0.91653300;0.92501600;0.93256000;0.93957500;0.94568800;0.95033300;0.95399600;0.95702000;0.95941900;0.96133100;0.96292300;0.96430900;0.96550900;0.96662700;0.96766200;0.96863700;0.96954000;0.97041200;0.97121600;0.97196100;0.97264900;0.97328500;0.97386900;0.97440400;0.97487600;0.97527800;0.97563800;0.97596100;0.97628700;0.97656700;0.97683200;0.97706700;0.97726300;0.97741100;0.97753300;         ;         ;         ;         ;         ;         ;         ;         ;         ;         ;         ;         ;         ;         ;         
;95% UL;         ;0.00219700;0.00383928;0.00469752;0.00507429;0.00526943;0.00557948;0.00964149;0.01728120;0.02866560;0.04308830;0.05962460;0.07830510;0.09865850;0.12039800;0.14278400;0.16572200;0.18849000;0.21020600;0.22951000;0.25237900;0.29696100;0.35131500;0.40845000;0.46390600;0.56576500;0.66004800;0.72349500;0.76802700;0.79275300;0.81805500;0.84523700;0.86750600;0.88483000;0.90028600;0.91676400;0.92164400;0.92992300;0.93708900;0.94357100;0.94908600;0.95326500;0.95653100;0.95923400;0.96143500;0.96323900;0.96477800;0.96611400;0.96730600;0.96841700;0.96944700;0.97040900;0.97133000;0.97219800;0.97300600;0.97375600;0.97445100;0.97509100;0.97568100;0.97622300;0.97671900;0.97717300;0.97758700;0.97796500;0.97831000;0.97862400;0.97890800;0.97916400;0.97939500;0.97960000;0.97978200;         ;         ;         ;         ;         ;         ;         ;         ;         ;         ;         ;         ;         ;         ;         
% of women (15+) living with HIV who are diagnosed;Mean;         ;0.00226804;0.00390661;0.00446158;0.00440778;0.00428362;0.00440806;0.00966729;0.01895720;0.03182500;0.04780610;0.06639210;0.08700730;0.10955500;0.13355100;0.15900800;0.18602900;0.21556700;0.24806300;0.28557400;0.32806900;0.39231600;0.46598000;0.53862600;0.60483800;0.70271200;0.78220900;0.82879800;0.85948900;0.87472600;0.89059500;0.90774100;0.92073100;0.92924100;0.93670400;0.94615200;0.94713500;0.95176500;0.95584400;0.95955800;0.96278400;0.96521800;0.96720000;0.96892100;0.97036800;0.97162500;0.97274300;0.97375600;0.97469400;0.97557300;0.97640800;0.97721000;0.97797900;0.97870300;0.97937900;0.98000700;0.98059000;0.98113200;0.98163600;0.98210200;0.98253600;0.98294000;0.98331700;0.98367000;0.98400200;0.98431500;0.98461100;0.98489200;0.98515700;0.98540900;0.98564900;         ;         ;         ;         ;         ;         ;         ;         ;         ;         ;         ;         ;         ;         ;         
;95% LL;         ;0.00223583;0.00370211;0.00394432;0.00365182;0.00344998;0.00362236;0.00889724;0.01782170;0.02997610;0.04504430;0.06259280;0.08209840;0.10373200;0.12734900;0.15249000;0.17939900;0.20871200;0.24143200;0.27933000;0.32153600;0.38570200;0.45924000;0.53194900;0.59808700;0.69640600;0.77684700;0.82401500;0.85513300;0.87058100;0.88669900;0.90419300;0.91747000;0.92619300;0.93387400;0.94360700;0.94462600;0.94941100;0.95371100;0.95764200;0.96105500;0.96356500;0.96566300;0.96744500;0.96889600;0.97021000;0.97134500;0.97236800;0.97331400;0.97420100;0.97504500;0.97585900;0.97664300;0.97739100;0.97810200;0.97876200;0.97937700;0.97994700;0.98046100;0.98094000;0.98138400;0.98179600;0.98218100;0.98254000;0.98287600;0.98318600;0.98347600;0.98375000;0.98400800;0.98425400;0.98449000;         ;         ;         ;         ;         ;         ;         ;         ;         ;         ;         ;         ;         ;         ;         
;95% UL;         ;0.00230666;0.00418228;0.00521815;0.00555340;0.00558676;0.00571494;0.01094350;0.02024500;0.03368210;0.05043800;0.06972020;0.09088510;0.11394000;0.13830900;0.16402600;0.19121200;0.22084200;0.25296700;0.29026000;0.33262200;0.39730000;0.47161000;0.54424600;0.61039500;0.70745900;0.78595300;0.83180000;0.86209100;0.87718700;0.89287100;0.90978800;0.92261500;0.93109000;0.93852300;0.94790100;0.94890600;0.95342500;0.95733600;0.96085800;0.96388900;0.96614500;0.96802900;0.96971700;0.97113100;0.97235900;0.97345200;0.97445300;0.97540300;0.97629500;0.97714100;0.97794400;0.97872700;0.97947400;0.98015500;0.98075100;0.98133600;0.98188800;0.98240700;0.98288500;0.98331000;0.98370600;0.98407600;0.98442400;0.98475600;0.98507800;0.98538000;0.98565900;0.98593000;0.98618500;0.98642400;         ;         ;         ;         ;         ;         ;         ;         ;         ;         ;         ;         ;         ;         ;         
% of children (<15) living with HIV who are diagnosed;Mean;         ;0.00000639;0.00001002;0.00000965;0.00000938;0.00000930;0.00000949;0.00909937;0.02163460;0.03705740;0.05500280;0.07501180;0.09562620;0.11824300;0.14144000;0.16374000;0.18593800;0.20688400;0.22633300;0.24280500;0.25883700;0.28812800;0.31522200;0.34912100;0.41092200;0.50691200;0.55991000;0.60205000;0.63982900;0.66767900;0.69709000;0.74206400;0.78200300;0.80723800;0.82504200;0.83953200;0.84515800;0.85130100;0.85645300;0.85967200;0.86249500;0.86511100;0.86659200;0.86654100;0.86535500;0.86491400;0.86426900;0.86416900;0.86401600;0.86365700;0.86327600;0.86307900;0.86309000;0.86330500;0.86367800;0.86415200;0.86469000;0.86528200;0.86592700;0.86656000;0.86714500;0.86766000;0.86808500;0.86840200;0.86860000;0.86867800;0.86863600;0.86847400;0.86819400;0.86780000;0.86729800;         ;         ;         ;         ;         ;         ;         ;         ;         ;         ;         ;         ;         ;         ;         
;95% LL;         ;0.00000516;0.00000787;0.00000744;0.00000723;0.00000717;0.00000728;0.00847208;0.02039880;0.03527620;0.05223180;0.07112020;0.09089900;0.11289300;0.13557300;0.15743400;0.17923100;0.20000500;0.21964800;0.23640300;0.25272300;0.28247000;0.31004900;0.34429300;0.40705300;0.50398000;0.55730800;0.59940400;0.63700400;0.66481400;0.69421300;0.73934800;0.77938800;0.80462000;0.82242300;0.83693700;0.84270800;0.84895700;0.85424700;0.85763100;0.86049600;0.86319200;0.86475900;0.86492100;0.86383300;0.86335400;0.86258100;0.86227500;0.86197800;0.86151700;0.86106900;0.86085100;0.86075900;0.86096500;0.86127100;0.86174000;0.86220600;0.86280800;0.86348600;0.86414000;0.86484400;0.86552400;0.86594800;0.86634800;0.86652900;0.86660300;0.86654400;0.86641200;0.86616700;0.86578200;0.86527200;         ;         ;         ;         ;         ;         ;         ;         ;         ;         ;         ;         ;         ;         ;         
;95% UL;         ;0.00000716;0.00001152;0.00001117;0.00001082;0.00001072;0.00001098;0.01007480;0.02330760;0.03942540;0.05796040;0.07878540;0.10018800;0.12327200;0.14689700;0.16958000;0.19201600;0.21294200;0.23220500;0.24852700;0.26431900;0.29326200;0.31997000;0.35333100;0.41403700;0.50943700;0.56216900;0.60437100;0.64223200;0.67035400;0.70002100;0.74477000;0.78461400;0.80981100;0.82765600;0.84215000;0.84786400;0.85389100;0.85886200;0.86182000;0.86444600;0.86682400;0.86811000;0.86799300;0.86665700;0.86623900;0.86564300;0.86559800;0.86556600;0.86528900;0.86492700;0.86469200;0.86469800;0.86498800;0.86542900;0.86604500;0.86669900;0.86729900;0.86794300;0.86863400;0.86934000;0.86988700;0.87031200;0.87071500;0.87103500;0.87117300;0.87115200;0.87100300;0.87072800;0.87032900;0.86983700;         ;         ;         ;         ;         ;         ;         ;         ;         ;         ;         ;         ;         ;         ;         
% of people living with HIV aged 15-24 who are diagnosed;Mean;         ;0.00199319;0.00308541;0.00330716;0.00315472;0.00299669;0.00302341;0.00826352;0.01692980;0.02834690;0.04208010;0.05774720;0.07481270;0.09314010;0.11204200;0.13120400;0.15051100;0.17051600;0.19138600;0.21505500;0.24065700;0.28176500;0.32665000;0.37077800;0.41586200;0.52518000;0.61482200;0.65437000;0.68002300;0.68246900;0.69945500;0.73077500;0.75629000;0.77272200;0.79051100;0.81741200;0.81459900;0.82793600;0.83816600;0.84667400;0.85223300;0.85467600;0.85599700;0.85742600;0.85862400;0.85864800;0.85805000;0.85659500;0.85433000;0.85177900;0.85028800;0.84982800;0.84945400;0.84850700;0.84710300;0.84639200;0.84567900;0.84539900;0.84509700;0.84458000;0.84395800;0.84334500;0.84274500;0.84219000;0.84163400;0.84104800;0.84042200;0.83974500;0.83901600;0.83820800;0.83731800;         ;         ;         ;         ;         ;         ;         ;         ;         ;         ;         ;         ;         ;         ;         
;95% LL;         ;0.00197087;0.00293211;0.00295674;0.00267753;0.00249253;0.00256970;0.00774659;0.01611220;0.02684700;0.03994520;0.05489890;0.07137870;0.08931400;0.10789200;0.12698200;0.14645600;0.16659000;0.18757700;0.21141900;0.23664200;0.27730100;0.32171700;0.36514100;0.40973300;0.51914600;0.60902200;0.64865200;0.67426100;0.67616000;0.69303700;0.72476800;0.75045400;0.76672400;0.78449000;0.81179900;0.80853300;0.82220700;0.83292100;0.84196400;0.84799200;0.85064800;0.85212100;0.85367200;0.85485100;0.85481600;0.85414100;0.85263800;0.85032600;0.84781500;0.84634200;0.84595900;0.84571200;0.84494100;0.84360200;0.84297600;0.84240400;0.84227400;0.84206000;0.84160400;0.84099800;0.84031700;0.83968900;0.83914800;0.83852000;0.83787900;0.83721200;0.83650600;0.83575600;0.83492600;0.83401200;         ;         ;         ;         ;         ;         ;         ;         ;         ;         ;         ;         ;         ;         ;         
;95% UL;         ;0.00202085;0.00325753;0.00375995;0.00382372;0.00373639;0.00373788;0.00898335;0.01784640;0.02976170;0.04408180;0.06022430;0.07766300;0.09619840;0.11515100;0.13425200;0.15346300;0.17340600;0.19420500;0.21778500;0.24357100;0.28526700;0.33136400;0.37634600;0.42198800;0.53069000;0.61956600;0.65881800;0.68442400;0.68698000;0.70401900;0.73511200;0.76046100;0.77706000;0.79503700;0.82155400;0.81932200;0.83224600;0.84205800;0.85018600;0.85526200;0.85739700;0.85852200;0.85969700;0.86078000;0.86082400;0.86022500;0.85877500;0.85651800;0.85400700;0.85249800;0.85205300;0.85167900;0.85077000;0.84936000;0.84864800;0.84784600;0.84767800;0.84736900;0.84690200;0.84641800;0.84592900;0.84544700;0.84505600;0.84464600;0.84416400;0.84361400;0.84303700;0.84236800;0.84161700;0.84078500;         ;         ;         ;         ;         ;         ;         ;         ;         ;         ;         ;         ;         ;         ;         
% of males (15-24) living with HIV who are diagnosed;Mean;         ;0.00187993;0.00284209;0.00302131;0.00291449;0.00279321;0.00279897;0.00623710;0.01230810;0.02030770;0.02994480;0.04095980;0.05289020;0.06546400;0.07822760;0.09060070;0.10233000;0.11315800;0.12240600;0.12877200;0.13617100;0.15569400;0.17851400;0.20423400;0.23673700;0.33747000;0.43499700;0.49208300;0.53437700;0.55564400;0.59113400;0.64159300;0.68689500;0.72336700;0.75813600;0.79591200;0.80795300;0.82748300;0.84281400;0.85473900;0.86222700;0.86608100;0.86824400;0.86999100;0.87127300;0.87099900;0.86992800;0.86775800;0.86455600;0.86109500;0.85922900;0.85853200;0.85771200;0.85614300;0.85415400;0.85343300;0.85275500;0.85275900;0.85269200;0.85236300;0.85192500;0.85150500;0.85105500;0.85058800;0.85007700;0.84946900;0.84872100;0.84783000;0.84680400;0.84560100;0.84422100;         ;         ;         ;         ;         ;         ;         ;         ;         ;         ;         ;         ;         ;         ;         
;95% LL;         ;0.00184483;0.00269995;0.00273146;0.00252594;0.00236369;0.00239448;0.00580551;0.01165370;0.01930640;0.02843890;0.03901960;0.05064840;0.06292160;0.07551410;0.08774050;0.09950120;0.11030200;0.11940100;0.12551000;0.13261600;0.15151300;0.17366000;0.19847900;0.22984900;0.32969000;0.42691700;0.48350200;0.52501000;0.54512900;0.57980800;0.63080000;0.67669900;0.71369500;0.74918500;0.78808600;0.80032500;0.82075300;0.83646200;0.84923500;0.85722100;0.86129100;0.86372700;0.86556300;0.86691400;0.86668500;0.86562500;0.86341600;0.86012000;0.85652400;0.85453500;0.85373500;0.85320000;0.85172100;0.84969600;0.84895100;0.84823600;0.84820000;0.84808400;0.84774000;0.84726600;0.84681700;0.84633800;0.84575300;0.84507100;0.84433500;0.84344200;0.84254900;0.84140900;0.84005600;0.83851600;         ;         ;         ;         ;         ;         ;         ;         ;         ;         ;         ;         ;         ;         ;         
;95% UL;         ;0.00192007;0.00297830;0.00331940;0.00338794;0.00336757;0.00338361;0.00688318;0.01303080;0.02129400;0.03134180;0.04271380;0.05490220;0.06761670;0.08045770;0.09284100;0.10456000;0.11535400;0.12457600;0.13106500;0.13856000;0.15844300;0.18195500;0.20829300;0.24187800;0.34324500;0.44130200;0.49920500;0.54244900;0.56465200;0.60041900;0.65121200;0.69647300;0.73278800;0.76741700;0.80471800;0.81718000;0.83626500;0.85097900;0.86230500;0.86926800;0.87269200;0.87448200;0.87588600;0.87689900;0.87646100;0.87527700;0.87303800;0.86978500;0.86625600;0.86428200;0.86355800;0.86262900;0.86117400;0.85930200;0.85876300;0.85830000;0.85837700;0.85840300;0.85822400;0.85796900;0.85780900;0.85752300;0.85717300;0.85676800;0.85625200;0.85558500;0.85476100;0.85392400;0.85297400;0.85173500;         ;         ;         ;         ;         ;         ;         ;         ;         ;         ;         ;         ;         ;         ;         
% of females (15-24) living with HIV who are diagnosed;Mean;         ;0.00203014;0.00316413;0.00339740;0.00322837;0.00305767;0.00308940;0.00887372;0.01837110;0.03093490;0.04607660;0.06334060;0.08211420;0.10231300;0.12316300;0.14443900;0.16606800;0.18884200;0.21313700;0.24183800;0.27252100;0.31948000;0.37032500;0.41921800;0.46744700;0.57896100;0.66649000;0.70130800;0.72280800;0.72065200;0.73316300;0.75958100;0.77958600;0.78994000;0.80223200;0.82550900;0.81721800;0.82814100;0.83623100;0.84320800;0.84786200;0.84965300;0.85060300;0.85192900;0.85315000;0.85338600;0.85308500;0.85202400;0.85022100;0.84809600;0.84677500;0.84639600;0.84618500;0.84547300;0.84429100;0.84355600;0.84279500;0.84235400;0.84190600;0.84125800;0.84050400;0.83975600;0.83904100;0.83840500;0.83779100;0.83718400;0.83659000;0.83599500;0.83539000;0.83475500;0.83408900;         ;         ;         ;         ;         ;         ;         ;         ;         ;         ;         ;         ;         ;         ;         
;95% LL;         ;0.00199802;0.00300610;0.00302924;0.00272420;0.00253118;0.00262190;0.00833157;0.01744230;0.02929360;0.04366470;0.06018630;0.07833750;0.09800710;0.11848900;0.13963200;0.16131700;0.18431600;0.20890700;0.23750300;0.26762400;0.31404600;0.36443900;0.41258700;0.46031800;0.57218800;0.66018100;0.69522900;0.71689400;0.71437700;0.72660700;0.75318700;0.77339400;0.78366800;0.79600500;0.81973900;0.81100100;0.82231000;0.83091800;0.83818000;0.84309300;0.84478600;0.84571900;0.84703600;0.84821900;0.84837900;0.84805500;0.84697900;0.84519400;0.84305100;0.84175000;0.84140100;0.84127300;0.84067900;0.83947500;0.83886600;0.83826300;0.83796800;0.83767200;0.83711300;0.83643600;0.83569900;0.83500900;0.83438200;0.83374700;0.83318400;0.83259600;0.83196800;0.83133500;0.83067200;0.82999900;         ;         ;         ;         ;         ;         ;         ;         ;         ;         ;         ;         ;         ;         ;         
;95% UL;         ;0.00206831;0.00337780;0.00391159;0.00396512;0.00385755;0.00385241;0.00972022;0.01940680;0.03250840;0.04828120;0.06612440;0.08532700;0.10577400;0.12670900;0.14792000;0.16943800;0.19213100;0.21597700;0.24495500;0.27613100;0.32424300;0.37621100;0.42605800;0.47473900;0.58518900;0.67154200;0.70602100;0.72732000;0.72533800;0.73782700;0.76395100;0.78387100;0.79434200;0.80672400;0.82978800;0.82206200;0.83277500;0.84054000;0.84712900;0.85140800;0.85300000;0.85381900;0.85508400;0.85643000;0.85670600;0.85639400;0.85530400;0.85347500;0.85132600;0.84996900;0.84952500;0.84922500;0.84841400;0.84712400;0.84638100;0.84553900;0.84513400;0.84465100;0.84393600;0.84310100;0.84243000;0.84182900;0.84130700;0.84079800;0.84028800;0.83978000;0.83925900;0.83869700;0.83805100;0.83738100;         ;         ;         ;         ;         ;         ;         ;         ;         ;         ;         ;         ;         ;         ;         
% of FSWs living with HIV who are diagnosed;Mean;         ;0.00125539;0.00181974;0.00210141;0.00225025;0.00240181;0.00271562;0.00770939;0.01654020;0.02868840;0.04324780;0.05938720;0.07661360;0.09507020;0.11443800;0.13512900;0.15751800;0.18279800;0.21169600;0.24706600;0.28663700;0.34540000;0.41273800;0.48058200;0.54577100;0.65191900;0.73971900;0.78796200;0.81976000;0.83347200;0.85017500;0.87009800;0.88759500;0.89852600;0.90689700;0.91857100;0.91482400;0.91747000;0.92077300;0.92353300;0.92549100;0.92588700;0.92550400;0.92469800;0.92336400;0.92191700;0.92034200;0.91865200;0.91687900;0.91503700;0.91315400;0.91125900;0.90936700;0.90747200;0.90556200;0.90363200;0.90168100;0.89970600;0.89770600;0.89567500;0.89361200;0.89151700;0.88939600;0.88725500;0.88510000;0.88294100;0.88078800;0.87864900;0.87653500;0.87445500;0.87241500;         ;         ;         ;         ;         ;         ;         ;         ;         ;         ;         ;         ;         ;         ;         
;95% LL;         ;0.00106730;0.00153945;0.00174779;0.00186782;0.00203302;0.00237925;0.00715013;0.01515420;0.02587770;0.03896580;0.05323730;0.06900890;0.08479010;0.10006500;0.11578500;0.13237900;0.15100200;0.17239600;0.19958500;0.23020600;0.27944200;0.33642900;0.39412500;0.45097300;0.56162200;0.65639600;0.70680900;0.74144900;0.75502400;0.77555700;0.80242800;0.82675100;0.84226300;0.85404800;0.87127000;0.86519600;0.86921200;0.87424600;0.87842500;0.88136800;0.88191600;0.88127500;0.87998400;0.87791900;0.87564100;0.87315200;0.87048400;0.86769200;0.86480100;0.86185900;0.85891600;0.85600100;0.85311100;0.85023900;0.84738400;0.84449100;0.84131700;0.83817600;0.83506700;0.83198700;0.82893800;0.82592400;0.82305100;0.82043900;0.81786900;0.81535000;0.81288900;0.81049200;0.80816500;0.80591200;         ;         ;         ;         ;         ;         ;         ;         ;         ;         ;         ;         ;         ;         ;         
;95% UL;         ;0.00141603;0.00210161;0.00247296;0.00270371;0.00288708;0.00314492;0.00836802;0.01779200;0.03072860;0.04612280;0.06319390;0.08207960;0.10269100;0.12474400;0.14857500;0.17447900;0.20427100;0.23866600;0.27924800;0.32375200;0.38711900;0.45945500;0.53170600;0.59964700;0.70118900;0.78306900;0.82813000;0.85760000;0.87138500;0.88622200;0.90290900;0.91699000;0.92575600;0.93234800;0.94127400;0.93887500;0.94111600;0.94376100;0.94591200;0.94747600;0.94793600;0.94783400;0.94742300;0.94662600;0.94574200;0.94476300;0.94370400;0.94251700;0.94123200;0.93991500;0.93858700;0.93725900;0.93592600;0.93457700;0.93320600;0.93181100;0.93038800;0.92893500;0.92744700;0.92592200;0.92436000;0.92276400;0.92113900;0.91949000;0.91778000;0.91602900;0.91427700;0.91253400;0.91080700;0.90910600;         ;         ;         ;         ;         ;         ;         ;         ;         ;         ;         ;         ;         ;         ;         
% of MSM living with HIV who are diagnosed;Mean;0.00002804;0.00197772;0.00352012;0.00457986;0.00518078;0.00540513;0.00541756;0.00886167;0.01479900;0.02276360;0.03300370;0.04586370;0.06135420;0.07935240;0.09932600;0.12043000;0.14197100;0.16333100;0.18351600;0.20106100;0.22122600;0.25988400;0.30634100;0.35559800;0.40546100;0.50908400;0.60654000;0.66901500;0.71169600;0.73167400;0.75438900;0.78217700;0.80586800;0.82647600;0.84789400;0.87130300;0.87570000;0.88524000;0.89328400;0.90082900;0.90706000;0.91135600;0.91444100;0.91682400;0.91866700;0.92015500;0.92140800;0.92250800;0.92354700;0.92459000;0.92568900;0.92686900;0.92811700;0.92939100;0.93064900;0.93185700;0.93299600;0.93405200;0.93501800;0.93588900;0.93666700;0.93735600;0.93796200;0.93849000;0.93894500;0.93933300;0.93965700;0.93992300;0.94013600;0.94030400;0.94043200;         ;         ;         ;         ;         ;         ;         ;         ;         ;         ;         ;         ;         ;         ;         
;95% LL;0.00001498;0.00188464;0.00324095;0.00415853;0.00474152;0.00505960;0.00501674;0.00811356;0.01360620;0.02108730;0.03057080;0.04221120;0.05635140;0.07307150;0.09199900;0.11238000;0.13354100;0.15479700;0.17511700;0.19297400;0.21343100;0.25205200;0.29843900;0.34782300;0.39812700;0.50299900;0.60170400;0.66506400;0.70848000;0.72889400;0.75200700;0.78017400;0.80383400;0.82423000;0.84530500;0.86859400;0.87275800;0.88246700;0.89076200;0.89856000;0.90509900;0.90975600;0.91313800;0.91566900;0.91747400;0.91881200;0.91999200;0.92096200;0.92186700;0.92281700;0.92383100;0.92492800;0.92609700;0.92729400;0.92847600;0.92960800;0.93066800;0.93164400;0.93252500;0.93330800;0.93399500;0.93458900;0.93509800;0.93552700;0.93588200;0.93616800;0.93639200;0.93655900;0.93667400;0.93674400;0.93677700;         ;         ;         ;         ;         ;         ;         ;         ;         ;         ;         ;         ;         ;         ;         
;95% UL;0.00004358;0.00203067;0.00367330;0.00480522;0.00542066;0.00568841;0.00579504;0.00949730;0.01599280;0.02511100;0.03677080;0.05138150;0.06845260;0.08808720;0.10936600;0.13128900;0.15316300;0.17447700;0.19429500;0.21123800;0.23079700;0.26925000;0.31569900;0.36463700;0.41379100;0.51553800;0.61138000;0.67262400;0.71474900;0.73474000;0.75746300;0.78509200;0.80878400;0.82960900;0.85127300;0.87476500;0.87942400;0.88884700;0.89653800;0.90377000;0.90971300;0.91376400;0.91645400;0.91845300;0.92011600;0.92143900;0.92265500;0.92372200;0.92466500;0.92563300;0.92673800;0.92793400;0.92920600;0.93051000;0.93183400;0.93311200;0.93431200;0.93542600;0.93644700;0.93737200;0.93820400;0.93894900;0.93961200;0.94019800;0.94071200;0.94115900;0.94154400;0.94187100;0.94214600;0.94237500;0.94256400;         ;         ;         ;         ;         ;         ;         ;         ;         ;         ;         ;         ;         ;         ;         
% of HIV-diagnosed individuals who are on ART;Mean;         ;         ;         ;         ;         ;         ;         ;         ;         ;         ;         ;         ;         ;         ;         ;         ;0.01236290;0.02111960;0.02835700;0.03495480;0.07625650;0.12280400;0.17242700;0.22270200;0.26990000;0.30835700;0.36022700;0.45089100;0.50169200;0.53681700;0.56955500;0.60502700;0.65070200;0.68279400;0.70350500;0.72426400;0.75259200;0.77379900;0.79309100;0.80920500;0.82321400;0.83512400;0.84524500;0.85391700;0.85752600;0.86014700;0.86221400;0.86394900;0.86547300;0.86685600;0.86814000;0.86934800;0.87049700;0.87159300;0.87263800;0.87363200;0.87457100;0.87545500;0.87628600;0.87706400;0.87779100;0.87847000;0.87910800;0.87970700;0.88027000;0.88080100;0.88130300;0.88177700;0.88222700;0.88265500;0.88306100;         ;         ;         ;         ;         ;         ;         ;         ;         ;         ;         ;         ;         ;         ;         
;95% LL;         ;         ;         ;         ;         ;         ;         ;         ;         ;         ;         ;         ;         ;         ;         ;         ;0.01151760;0.01982740;0.02692260;0.03349660;0.07351190;0.11925700;0.16809800;0.21761000;0.26423600;0.30235700;0.35366900;0.44334900;0.49376900;0.52850100;0.56002700;0.59433300;0.63894000;0.66949000;0.68903900;0.70805900;0.73765000;0.76143600;0.78344500;0.80209100;0.81811700;0.83161600;0.84300500;0.85268300;0.85663300;0.85944000;0.86159800;0.86332600;0.86489700;0.86629100;0.86757700;0.86878700;0.86994100;0.87104000;0.87208600;0.87310400;0.87404700;0.87491900;0.87576000;0.87655300;0.87729600;0.87799100;0.87863100;0.87922300;0.87978100;0.88030600;0.88080700;0.88128100;0.88173100;0.88215600;0.88256000;         ;         ;         ;         ;         ;         ;         ;         ;         ;         ;         ;         ;         ;         ;         
;95% UL;         ;         ;         ;         ;         ;         ;         ;         ;         ;         ;         ;         ;         ;         ;         ;         ;0.01384570;0.02324090;0.03070020;0.03727210;0.08042540;0.12829500;0.17894200;0.23027100;0.27840800;0.31680100;0.36959700;0.46185600;0.51344600;0.54943500;0.58241000;0.61812700;0.66431300;0.69706900;0.71907800;0.74137100;0.76827600;0.78661800;0.80302500;0.81661900;0.82862900;0.83888200;0.84766100;0.85526700;0.85852500;0.86092900;0.86285400;0.86456700;0.86606200;0.86743300;0.86871700;0.86993200;0.87109400;0.87220500;0.87326500;0.87427300;0.87522600;0.87612300;0.87696500;0.87775400;0.87849000;0.87918600;0.87983900;0.88045200;0.88103000;0.88157400;0.88208900;0.88257600;0.88303900;0.88348000;0.88390000;         ;         ;         ;         ;         ;         ;         ;         ;         ;         ;         ;         ;         ;         ;         
% of HIV-diagnosed men (15+) who are on ART;Mean;         ;         ;         ;         ;         ;         ;         ;         ;         ;         ;         ;         ;         ;         ;         ;         ;0.01020670;0.01752990;0.02377400;0.02974120;0.06532220;0.10639400;0.15200600;0.19912500;0.24309000;0.27461000;0.31853200;0.40143300;0.44962600;0.48105700;0.50767400;0.53942100;0.58237600;0.61284300;0.63270600;0.65500900;0.68449600;0.70677600;0.72940000;0.74786200;0.76438600;0.77834500;0.79014400;0.80017200;0.80464300;0.80785700;0.81031300;0.81229600;0.81396200;0.81541100;0.81670700;0.81789300;0.81899400;0.82002400;0.82098800;0.82189100;0.82273000;0.82350500;0.82421600;0.82486600;0.82545400;0.82598500;0.82646700;0.82690400;0.82729800;0.82765200;0.82797000;0.82825500;0.82850900;0.82873600;0.82893700;         ;         ;         ;         ;         ;         ;         ;         ;         ;         ;         ;         ;         ;         ;         
;95% LL;         ;         ;         ;         ;         ;         ;         ;         ;         ;         ;         ;         ;         ;         ;         ;         ;0.00936558;0.01617350;0.02204720;0.02771360;0.06115690;0.10008100;0.14362700;0.18894100;0.23152800;0.26256100;0.30554000;0.38604400;0.43334300;0.46393100;0.49020800;0.52154300;0.56374600;0.59353000;0.61285200;0.63433800;0.66559500;0.69084800;0.71677000;0.73821400;0.75735200;0.77348900;0.78707100;0.79854900;0.80350400;0.80696100;0.80955900;0.81164600;0.81332800;0.81479200;0.81609000;0.81726900;0.81836000;0.81938000;0.82033500;0.82123100;0.82206400;0.82283400;0.82355300;0.82421400;0.82479600;0.82532100;0.82579000;0.82622700;0.82662200;0.82697500;0.82728900;0.82754300;0.82778700;0.82800100;0.82818900;         ;         ;         ;         ;         ;         ;         ;         ;         ;         ;         ;         ;         ;         ;         
;95% UL;         ;         ;         ;         ;         ;         ;         ;         ;         ;         ;         ;         ;         ;         ;         ;         ;0.01175960;0.01977830;0.02663790;0.03295880;0.07152590;0.11488400;0.16222700;0.21121700;0.25708800;0.28956800;0.33501100;0.42090700;0.47049900;0.50366100;0.53084600;0.56318300;0.60715900;0.63862300;0.65933400;0.68291100;0.71009700;0.72840200;0.74657000;0.76110200;0.77409100;0.78506100;0.79436200;0.80233600;0.80609900;0.80890000;0.81113500;0.81298700;0.81457800;0.81598600;0.81727600;0.81848500;0.81958600;0.82061800;0.82158000;0.82248100;0.82331600;0.82409000;0.82481000;0.82547200;0.82608800;0.82664700;0.82715700;0.82761800;0.82801700;0.82837700;0.82870200;0.82899500;0.82925900;0.82949600;0.82970800;         ;         ;         ;         ;         ;         ;         ;         ;         ;         ;         ;         ;         ;         ;         
% of HIV-diagnosed women (15+) who are on ART;Mean;         ;         ;         ;         ;         ;         ;         ;         ;         ;         ;         ;         ;         ;         ;         ;         ;0.01302870;0.02221170;0.02968960;0.03616230;0.07693730;0.12230600;0.17139400;0.22158300;0.26853700;0.30866100;0.36118900;0.46112600;0.51633200;0.55542500;0.59366400;0.63373000;0.68443300;0.71951200;0.74176700;0.76239900;0.79135300;0.81270000;0.83063500;0.84542000;0.85773900;0.86805100;0.87667200;0.88398400;0.88657700;0.88841300;0.88985100;0.89107200;0.89216500;0.89317500;0.89413000;0.89504100;0.89591600;0.89675400;0.89754900;0.89830000;0.89900100;0.89965200;0.90025300;0.90080600;0.90131100;0.90177200;0.90219300;0.90257900;0.90293200;0.90325500;0.90355200;0.90382600;0.90407800;0.90431100;0.90452800;         ;         ;         ;         ;         ;         ;         ;         ;         ;         ;         ;         ;         ;         ;         
;95% LL;         ;         ;         ;         ;         ;         ;         ;         ;         ;         ;         ;         ;         ;         ;         ;         ;0.01212360;0.02083530;0.02815940;0.03464700;0.07410900;0.11869800;0.16720100;0.21668500;0.26321000;0.30206300;0.35339700;0.45126200;0.50516500;0.54129000;0.57938500;0.61927700;0.66903100;0.70260500;0.72330000;0.74191900;0.77275000;0.79760200;0.81904800;0.83675700;0.85157500;0.86381800;0.87398900;0.88246600;0.88541800;0.88736600;0.88887000;0.89009400;0.89119100;0.89220200;0.89315800;0.89408100;0.89497400;0.89583300;0.89665400;0.89743200;0.89816100;0.89884100;0.89946600;0.90004700;0.90056300;0.90103400;0.90146500;0.90186000;0.90222100;0.90255100;0.90285300;0.90313100;0.90338700;0.90362700;0.90385100;         ;         ;         ;         ;         ;         ;         ;         ;         ;         ;         ;         ;         ;         ;         
;95% UL;         ;         ;         ;         ;         ;         ;         ;         ;         ;         ;         ;         ;         ;         ;         ;         ;0.01428650;0.02407250;0.03186850;0.03837790;0.08083160;0.12753600;0.17744800;0.22861200;0.27640500;0.31760600;0.37130300;0.47204700;0.52912300;0.57030300;0.60942400;0.64960700;0.70060900;0.73638600;0.75944800;0.78163100;0.80881500;0.82683500;0.84149700;0.85343000;0.86340100;0.87184400;0.87890900;0.88495900;0.88724800;0.88897600;0.89036100;0.89154800;0.89263300;0.89364600;0.89460400;0.89551300;0.89638000;0.89720400;0.89798400;0.89873200;0.89942700;0.90006600;0.90065200;0.90119400;0.90171500;0.90217200;0.90258900;0.90297100;0.90332100;0.90363900;0.90393200;0.90420200;0.90445900;0.90469200;0.90490800;         ;         ;         ;         ;         ;         ;         ;         ;         ;         ;         ;         ;         ;         ;         
% of HIV-diagnosed children (<15) who are on ART;Mean;         ;         ;         ;         ;         ;         ;         ;         ;         ;         ;         ;         ;         ;         ;         ;         ;0.01967490;0.03238280;0.04196190;0.05201270;0.13081300;0.22394600;0.31049300;0.38708900;0.45344200;0.51556100;0.63187800;0.66285200;0.68064600;0.69328500;0.69870500;0.69782800;0.68752400;0.68393500;0.68319600;0.68650000;0.67522800;0.66168600;0.64761700;0.64079300;0.64266100;0.65128900;0.66443700;0.67950400;0.68757000;0.69353400;0.69772400;0.70131000;0.70405200;0.70595400;0.70714400;0.70784900;0.70823500;0.70848200;0.70868100;0.70887500;0.70908800;0.70934400;0.70965700;0.70998500;0.71030400;0.71059900;0.71085900;0.71106900;0.71122000;0.71130700;0.71132600;0.71127500;0.71115400;0.71096200;0.71070300;         ;         ;         ;         ;         ;         ;         ;         ;         ;         ;         ;         ;         ;         ;         
;95% LL;         ;         ;         ;         ;         ;         ;         ;         ;         ;         ;         ;         ;         ;         ;         ;         ;0.01843290;0.03063900;0.03996680;0.04983840;0.12587300;0.21663600;0.30192000;0.37747100;0.44398900;0.50732600;0.62456600;0.65685400;0.67618800;0.68911900;0.69456400;0.69404800;0.68338300;0.67885600;0.67701900;0.67928500;0.66870000;0.65583100;0.64231000;0.63633800;0.63885100;0.64846300;0.66228200;0.67787100;0.68623600;0.69235700;0.69658500;0.70008100;0.70271000;0.70453600;0.70569500;0.70640500;0.70671600;0.70685100;0.70707000;0.70722100;0.70739700;0.70770400;0.70804000;0.70838000;0.70877500;0.70909400;0.70937300;0.70961700;0.70980400;0.70988700;0.70990700;0.70987700;0.70977300;0.70956900;0.70927900;         ;         ;         ;         ;         ;         ;         ;         ;         ;         ;         ;         ;         ;         ;         
;95% UL;         ;         ;         ;         ;         ;         ;         ;         ;         ;         ;         ;         ;         ;         ;         ;         ;0.02125710;0.03457320;0.04450200;0.05477450;0.13731000;0.23307600;0.32119400;0.39874400;0.46411100;0.52457400;0.63988400;0.66920300;0.68548100;0.69778100;0.70276600;0.70151100;0.69140200;0.68837400;0.68841300;0.69273500;0.68097200;0.66674800;0.65220400;0.64465400;0.64575000;0.65384500;0.66640000;0.68088700;0.68886600;0.69476700;0.69877600;0.70241500;0.70512300;0.70703900;0.70828300;0.70900700;0.70941800;0.70969500;0.70993300;0.71021100;0.71049300;0.71078600;0.71110300;0.71144500;0.71177600;0.71208700;0.71236600;0.71257800;0.71276700;0.71289100;0.71294600;0.71293900;0.71286300;0.71270000;0.71244700;         ;         ;         ;         ;         ;         ;         ;         ;         ;         ;         ;         ;         ;         ;         
% of people living with HIV who are on ART with VL <400;Mean;         ;         ;         ;         ;         ;         ;         ;         ;         ;         ;         ;         ;         ;         ;         ;         ;0.00178491;0.00351775;0.00538323;0.00750315;0.01848250;0.03529400;0.05877330;0.08780440;0.11624900;0.14607800;0.18693600;0.25754100;0.30896700;0.35687400;0.39001600;0.43167200;0.49221700;0.52650400;0.55396500;0.58507700;0.61617900;0.64412000;0.67027400;0.69133100;0.70777800;0.72172000;0.73359500;0.74392400;0.74955200;0.75406500;0.75790200;0.76129200;0.76437800;0.76724300;0.76994000;0.77250300;0.77495000;0.77728200;0.77949900;0.78160400;0.78359800;0.78548300;0.78726500;0.78894800;0.79053700;0.79203800;0.79346000;0.79480900;0.79609200;0.79731300;0.79847800;0.79958900;0.80065100;0.80166800;0.80263900;         ;         ;         ;         ;         ;         ;         ;         ;         ;         ;         ;         ;         ;         ;         
;95% LL;         ;         ;         ;         ;         ;         ;         ;         ;         ;         ;         ;         ;         ;         ;         ;         ;0.00170856;0.00338512;0.00520525;0.00727688;0.01797580;0.03440820;0.05740950;0.08590720;0.11388800;0.14327700;0.18351900;0.25313700;0.30390500;0.35027100;0.38239100;0.42320000;0.48211100;0.51507700;0.54107900;0.57048300;0.60231800;0.63222500;0.66067300;0.68389000;0.70209900;0.71751600;0.73059100;0.74188200;0.74787300;0.75258900;0.75654100;0.75999100;0.76307800;0.76593600;0.76862900;0.77119500;0.77365500;0.77599900;0.77821200;0.78031300;0.78230500;0.78419100;0.78597400;0.78765800;0.78924900;0.79075100;0.79217400;0.79352300;0.79480400;0.79602300;0.79718300;0.79828800;0.79934300;0.80035000;0.80131100;         ;         ;         ;         ;         ;         ;         ;         ;         ;         ;         ;         ;         ;         ;         
;95% UL;         ;         ;         ;         ;         ;         ;         ;         ;         ;         ;         ;         ;         ;         ;         ;         ;0.00191576;0.00372508;0.00565512;0.00782633;0.01915430;0.03646110;0.06059470;0.09039490;0.11950600;0.15003400;0.19187100;0.26400200;0.31652000;0.36568800;0.39939800;0.44171300;0.50330900;0.53878600;0.56752800;0.60001400;0.63000200;0.65576500;0.67957000;0.69867700;0.71338000;0.72582100;0.73648100;0.74583700;0.75110000;0.75537800;0.75908300;0.76239600;0.76544100;0.76828700;0.77099900;0.77359600;0.77604300;0.77836400;0.78058300;0.78272400;0.78475300;0.78667200;0.78848700;0.79019000;0.79180400;0.79333500;0.79478400;0.79615900;0.79746600;0.79871000;0.79989600;0.80102800;0.80211100;0.80314600;0.80413800;         ;         ;         ;         ;         ;         ;         ;         ;         ;         ;         ;         ;         ;         ;         
% of men (15+) living with HIV who are on ART with VL <400;Mean;         ;         ;         ;         ;         ;         ;         ;         ;         ;         ;         ;         ;         ;         ;         ;         ;0.00135016;0.00264916;0.00402168;0.00550999;0.01331730;0.02544540;0.04304810;0.06549810;0.08768570;0.11170400;0.14609300;0.20769600;0.25473600;0.29784600;0.32625100;0.36337700;0.41960000;0.45264900;0.47971500;0.51219100;0.54377500;0.57233300;0.60109600;0.62416800;0.64280800;0.65855800;0.67193800;0.68343600;0.68981700;0.69481700;0.69893500;0.70246600;0.70558900;0.70841700;0.71102700;0.71347100;0.71577700;0.71795400;0.72000800;0.72194200;0.72375700;0.72545500;0.72704200;0.72852100;0.72989400;0.73117000;0.73235800;0.73346400;0.73449300;0.73545000;0.73633900;0.73716400;0.73792800;0.73863500;0.73928500;         ;         ;         ;         ;         ;         ;         ;         ;         ;         ;         ;         ;         ;         ;         
;95% LL;         ;         ;         ;         ;         ;         ;         ;         ;         ;         ;         ;         ;         ;         ;         ;         ;0.00125376;0.00247337;0.00377352;0.00519387;0.01260760;0.02417930;0.04102720;0.06257510;0.08393770;0.10713100;0.14032200;0.19973300;0.24530500;0.28685700;0.31444700;0.35059800;0.40530600;0.43738100;0.46357300;0.49489800;0.52749400;0.55815400;0.58943200;0.61489200;0.63571800;0.65334100;0.66830000;0.68111700;0.68803200;0.69329700;0.69756100;0.70117000;0.70432900;0.70716500;0.70976800;0.71219900;0.71448900;0.71665100;0.71869000;0.72061200;0.72241500;0.72410400;0.72568200;0.72715200;0.72851600;0.72978200;0.73095700;0.73204800;0.73306100;0.73400200;0.73487000;0.73568600;0.73643000;0.73708700;0.73770700;         ;         ;         ;         ;         ;         ;         ;         ;         ;         ;         ;         ;         ;         ;         
;95% UL;         ;         ;         ;         ;         ;         ;         ;         ;         ;         ;         ;         ;         ;         ;         ;         ;0.00150000;0.00290241;0.00434587;0.00588812;0.01415540;0.02697550;0.04553970;0.06916780;0.09247090;0.11751900;0.15355600;0.21812500;0.26713900;0.31237100;0.34189500;0.38032700;0.43857500;0.47301800;0.50138700;0.53558600;0.56589400;0.59164700;0.61704800;0.63691000;0.65252500;0.66562500;0.67678500;0.68651500;0.69221000;0.69677600;0.70063300;0.70399400;0.70707500;0.70985100;0.71241400;0.71482300;0.71710000;0.71925400;0.72129800;0.72326600;0.72508100;0.72677400;0.72837000;0.72985800;0.73124100;0.73252700;0.73372500;0.73484200;0.73590600;0.73689800;0.73780900;0.73865200;0.73943600;0.74016300;0.74083700;         ;         ;         ;         ;         ;         ;         ;         ;         ;         ;         ;         ;         ;         ;         
% of women (15+) living with HIV who are on ART with VL <400;Mean;         ;         ;         ;         ;         ;         ;         ;         ;         ;         ;         ;         ;         ;         ;         ;         ;0.00200977;0.00398028;0.00613605;0.00862156;0.02107520;0.03990820;0.06641760;0.09910240;0.13058800;0.16240800;0.20550900;0.28585500;0.34158900;0.39373400;0.43121000;0.47551000;0.54007800;0.57578500;0.60317600;0.63322000;0.66416100;0.69152800;0.71582800;0.73500000;0.74933500;0.76136300;0.77157100;0.78042000;0.78486700;0.78845800;0.79154900;0.79432500;0.79689100;0.79930200;0.80159500;0.80379100;0.80589400;0.80789800;0.80979700;0.81159100;0.81328000;0.81486600;0.81635400;0.81774800;0.81905200;0.82027500;0.82142200;0.82250300;0.82352200;0.82448600;0.82540000;0.82626900;0.82709500;0.82788400;0.82863700;         ;         ;         ;         ;         ;         ;         ;         ;         ;         ;         ;         ;         ;         ;         
;95% LL;         ;         ;         ;         ;         ;         ;         ;         ;         ;         ;         ;         ;         ;         ;         ;         ;0.00191829;0.00381375;0.00591008;0.00835989;0.02052830;0.03893540;0.06491830;0.09689600;0.12774700;0.15872500;0.20072900;0.27902500;0.33239500;0.38329900;0.42082900;0.46409700;0.52713700;0.56117200;0.58684100;0.61494200;0.64708600;0.67702900;0.70414400;0.72589800;0.74254400;0.75637500;0.76802100;0.77796800;0.78263300;0.78631700;0.78944600;0.79224800;0.79485700;0.79728600;0.79957900;0.80178000;0.80389600;0.80592100;0.80786600;0.80971000;0.81145200;0.81309300;0.81463700;0.81607100;0.81739900;0.81864300;0.81981100;0.82090900;0.82195200;0.82294400;0.82388300;0.82477800;0.82562900;0.82644000;0.82720400;         ;         ;         ;         ;         ;         ;         ;         ;         ;         ;         ;         ;         ;         ;         
;95% UL;         ;         ;         ;         ;         ;         ;         ;         ;         ;         ;         ;         ;         ;         ;         ;         ;0.00214602;0.00421202;0.00644639;0.00898996;0.02185170;0.04122270;0.06851190;0.10212200;0.13442200;0.16680600;0.21112800;0.29355000;0.35105200;0.40490700;0.44290600;0.48773000;0.55319700;0.58977200;0.61831900;0.65025400;0.67997300;0.70467600;0.72624400;0.74294800;0.75519900;0.76554600;0.77445600;0.78205600;0.78618200;0.78970100;0.79272000;0.79544700;0.79799000;0.80038000;0.80265100;0.80484400;0.80694600;0.80894600;0.81084000;0.81262600;0.81430700;0.81588500;0.81736400;0.81875000;0.82004800;0.82126400;0.82240700;0.82348300;0.82450500;0.82547500;0.82641500;0.82728200;0.82810700;0.82889600;0.82964900;         ;         ;         ;         ;         ;         ;         ;         ;         ;         ;         ;         ;         ;         ;         
% of children (<15) living with HIV who are on ART with VL <400;Mean;         ;         ;         ;         ;         ;         ;         ;         ;         ;         ;         ;         ;         ;         ;         ;         ;0.00258671;0.00473775;0.00671707;0.00893261;0.02395040;0.04721890;0.07376020;0.10301100;0.13299000;0.16964600;0.21904100;0.23920200;0.26661200;0.29211800;0.29618400;0.32656500;0.35208600;0.35747800;0.36999700;0.38348200;0.38485100;0.38496900;0.38410300;0.38651400;0.39399600;0.40568700;0.41458500;0.42396100;0.42840700;0.43190300;0.43418800;0.43636900;0.43799800;0.43899800;0.43954500;0.43988300;0.44012800;0.44039100;0.44070500;0.44106800;0.44147500;0.44193700;0.44246200;0.44298900;0.44348700;0.44393500;0.44431500;0.44460800;0.44480500;0.44489900;0.44488900;0.44477400;0.44455500;0.44423400;0.44381500;         ;         ;         ;         ;         ;         ;         ;         ;         ;         ;         ;         ;         ;         ;         
;95% LL;         ;         ;         ;         ;         ;         ;         ;         ;         ;         ;         ;         ;         ;         ;         ;         ;0.00249773;0.00459755;0.00653657;0.00871420;0.02334130;0.04616190;0.07223090;0.10107300;0.13078200;0.16729400;0.21670000;0.23719400;0.26463600;0.28996100;0.29405400;0.32417900;0.34929600;0.35420300;0.36610400;0.37864200;0.38023400;0.38070800;0.38006500;0.38282000;0.39103500;0.40305700;0.41234800;0.42207200;0.42678000;0.43034400;0.43264100;0.43464900;0.43613200;0.43704400;0.43756900;0.43784500;0.43798900;0.43821700;0.43851900;0.43880300;0.43920900;0.43967500;0.44021700;0.44077400;0.44135800;0.44192000;0.44236300;0.44267400;0.44286500;0.44294900;0.44295500;0.44282400;0.44259900;0.44231500;0.44189100;         ;         ;         ;         ;         ;         ;         ;         ;         ;         ;         ;         ;         ;         ;         
;95% UL;         ;         ;         ;         ;         ;         ;         ;         ;         ;         ;         ;         ;         ;         ;         ;         ;0.00270213;0.00491491;0.00694343;0.00919331;0.02466160;0.04842910;0.07544200;0.10510800;0.13530700;0.17207200;0.22149300;0.24117900;0.26832100;0.29425900;0.29832300;0.32876300;0.35447900;0.36024600;0.37338700;0.38755800;0.38888000;0.38867600;0.38744500;0.38950600;0.39674400;0.40811100;0.41650100;0.42554300;0.42986400;0.43323800;0.43551400;0.43773300;0.43939400;0.44043000;0.44100100;0.44139800;0.44166700;0.44197800;0.44237800;0.44286600;0.44337700;0.44385200;0.44439400;0.44494000;0.44551400;0.44601400;0.44641500;0.44667500;0.44696000;0.44714200;0.44721300;0.44715600;0.44694400;0.44662200;0.44619500;         ;         ;         ;         ;         ;         ;         ;         ;         ;         ;         ;         ;         ;         ;         
% of people living with HIV  who are on ART with VL <1000;Mean;         ;         ;         ;         ;         ;         ;         ;         ;         ;         ;         ;         ;         ;         ;         ;         ;0.00185896;0.00366230;0.00560265;0.00780619;0.01922390;0.03673280;0.06118190;0.09145930;0.12199200;0.15578000;0.20073400;0.27521900;0.32818600;0.37476400;0.40913500;0.45147600;0.51056700;0.54560500;0.57303300;0.60368000;0.63441100;0.66182400;0.68735300;0.70814400;0.72475500;0.73879100;0.75071400;0.76105800;0.76659600;0.77099700;0.77471400;0.77798000;0.78094100;0.78368400;0.78626100;0.78870800;0.79104400;0.79326900;0.79538300;0.79738700;0.79928300;0.80107400;0.80276300;0.80435600;0.80585700;0.80727200;0.80861000;0.80987700;0.81107900;0.81222100;0.81330700;0.81434300;0.81533100;0.81627400;0.81717400;         ;         ;         ;         ;         ;         ;         ;         ;         ;         ;         ;         ;         ;         ;         
;95% LL;         ;         ;         ;         ;         ;         ;         ;         ;         ;         ;         ;         ;         ;         ;         ;         ;0.00177945;0.00352411;0.00541724;0.00757060;0.01869660;0.03581100;0.05976310;0.08948560;0.11952000;0.15280400;0.19708700;0.27055300;0.32271100;0.36784800;0.40121800;0.44266800;0.50016200;0.53374800;0.55969200;0.58861600;0.62013800;0.64960800;0.67754500;0.70049600;0.71891500;0.73446300;0.74761700;0.75894700;0.76485500;0.76946500;0.77329900;0.77662800;0.77961700;0.78235200;0.78492500;0.78737600;0.78972100;0.79194100;0.79405100;0.79605300;0.79794800;0.79973900;0.80143000;0.80302500;0.80452800;0.80594500;0.80728400;0.80855800;0.80976500;0.81090900;0.81199700;0.81303200;0.81401700;0.81495600;0.81585000;         ;         ;         ;         ;         ;         ;         ;         ;         ;         ;         ;         ;         ;         ;         
;95% UL;         ;         ;         ;         ;         ;         ;         ;         ;         ;         ;         ;         ;         ;         ;         ;         ;0.00199563;0.00387885;0.00588598;0.00814209;0.01992490;0.03794690;0.06307710;0.09415540;0.12542300;0.16001200;0.20601000;0.28208000;0.33615200;0.38396100;0.41890400;0.46189500;0.52198700;0.55829100;0.58701900;0.61896400;0.64851400;0.67366200;0.69676500;0.71556700;0.73038700;0.74288500;0.75359900;0.76294800;0.76810200;0.77227800;0.77586200;0.77905200;0.78198700;0.78474200;0.78734700;0.78976900;0.79208900;0.79431900;0.79646300;0.79850500;0.80043700;0.80226200;0.80398600;0.80561000;0.80711700;0.80855400;0.80992000;0.81121300;0.81243900;0.81360400;0.81471300;0.81577500;0.81678900;0.81775900;0.81868600;         ;         ;         ;         ;         ;         ;         ;         ;         ;         ;         ;         ;         ;         ;         
% of men (15+) living with HIV who are on ART with VL <1000;Mean;         ;         ;         ;         ;         ;         ;         ;         ;         ;         ;         ;         ;         ;         ;         ;         ;0.00141220;0.00276984;0.00420350;0.00575737;0.01391900;0.02663100;0.04507540;0.06863870;0.09267410;0.12026600;0.15858900;0.22403500;0.27288000;0.31495200;0.34454700;0.38251400;0.43757200;0.47149800;0.49868600;0.53091300;0.56228500;0.59044800;0.61875200;0.64168800;0.66062300;0.67657700;0.69009500;0.70168100;0.70801500;0.71293700;0.71696100;0.72038900;0.72340500;0.72612400;0.72862700;0.73096600;0.73317100;0.73525100;0.73721000;0.73905200;0.74077700;0.74238800;0.74388800;0.74528300;0.74657300;0.74776800;0.74887500;0.74990200;0.75085400;0.75173500;0.75255000;0.75330200;0.75399500;0.75463200;0.75521400;         ;         ;         ;         ;         ;         ;         ;         ;         ;         ;         ;         ;         ;         ;         
;95% LL;         ;         ;         ;         ;         ;         ;         ;         ;         ;         ;         ;         ;         ;         ;         ;         ;0.00131109;0.00258554;0.00394343;0.00542621;0.01317560;0.02530340;0.04295650;0.06557320;0.08871210;0.11534700;0.15234300;0.21549100;0.26284300;0.30340100;0.33216600;0.36915900;0.42276700;0.45570600;0.48202000;0.51310400;0.54556700;0.57593600;0.60685700;0.63225900;0.65344200;0.67132100;0.68645700;0.69939300;0.70619800;0.71137900;0.71555200;0.71906100;0.72211400;0.72484300;0.72734000;0.72966600;0.73185500;0.73392000;0.73586600;0.73769500;0.73940900;0.74101100;0.74250300;0.74388800;0.74516900;0.74635300;0.74744800;0.74847100;0.74942100;0.75028100;0.75109700;0.75184300;0.75247700;0.75305400;0.75360600;         ;         ;         ;         ;         ;         ;         ;         ;         ;         ;         ;         ;         ;         ;         
;95% UL;         ;         ;         ;         ;         ;         ;         ;         ;         ;         ;         ;         ;         ;         ;         ;         ;0.00156910;0.00303497;0.00454410;0.00615394;0.01479420;0.02823060;0.04768080;0.07247810;0.09772070;0.12649100;0.16661500;0.23521100;0.28607100;0.33021100;0.36094900;0.40022000;0.45721600;0.49255600;0.52104800;0.55499300;0.58498600;0.61020600;0.63501000;0.65462900;0.67051400;0.68376000;0.69500300;0.70473500;0.71036800;0.71486200;0.71861500;0.72189500;0.72485900;0.72751300;0.72997100;0.73228000;0.73446000;0.73653200;0.73852700;0.74036000;0.74208200;0.74370400;0.74521700;0.74662200;0.74792400;0.74913000;0.75024900;0.75129700;0.75228500;0.75320200;0.75403400;0.75480500;0.75551800;0.75617800;0.75679300;         ;         ;         ;         ;         ;         ;         ;         ;         ;         ;         ;         ;         ;         ;         
% of women (15+) living with HIV who are on ART with VL <1000;Mean;         ;         ;         ;         ;         ;         ;         ;         ;         ;         ;         ;         ;         ;         ;         ;         ;0.00209769;0.00415220;0.00639803;0.00898573;0.02196520;0.04163100;0.06928750;0.10342100;0.13728800;0.17354000;0.22104800;0.30551200;0.36269200;0.41316900;0.45183700;0.49672900;0.55953400;0.59586600;0.62306800;0.65243800;0.68284700;0.70953700;0.73305200;0.75183800;0.76623900;0.77828000;0.78846400;0.79726500;0.80157700;0.80502200;0.80796600;0.81059700;0.81302300;0.81529900;0.81746100;0.81953300;0.82151700;0.82340800;0.82519800;0.82688600;0.82847300;0.82996200;0.83135500;0.83265700;0.83387200;0.83500800;0.83607200;0.83707000;0.83801000;0.83889600;0.83973400;0.84052800;0.84128200;0.84199900;0.84268300;         ;         ;         ;         ;         ;         ;         ;         ;         ;         ;         ;         ;         ;         ;         
;95% LL;         ;         ;         ;         ;         ;         ;         ;         ;         ;         ;         ;         ;         ;         ;         ;         ;0.00200215;0.00397838;0.00616178;0.00871208;0.02139530;0.04062130;0.06772320;0.10112100;0.13430300;0.16958800;0.21589300;0.29812300;0.35305000;0.40234400;0.44109700;0.48489000;0.54615900;0.58078400;0.60626900;0.63365700;0.66517700;0.69459500;0.72099300;0.74249900;0.75922000;0.77311000;0.78481400;0.79479600;0.79933000;0.80287000;0.80585400;0.80854200;0.81097200;0.81324800;0.81541100;0.81748900;0.81949200;0.82142100;0.82325600;0.82499400;0.82663400;0.82817600;0.82962300;0.83095200;0.83219000;0.83334800;0.83443400;0.83546200;0.83643500;0.83735100;0.83821600;0.83903500;0.83981200;0.84055000;0.84125000;         ;         ;         ;         ;         ;         ;         ;         ;         ;         ;         ;         ;         ;         ;         
;95% UL;         ;         ;         ;         ;         ;         ;         ;         ;         ;         ;         ;         ;         ;         ;         ;         ;0.00223935;0.00439402;0.00672201;0.00937016;0.02277420;0.04299920;0.07146630;0.10656200;0.14129800;0.17825600;0.22709600;0.31372400;0.37271500;0.42478000;0.46395800;0.50934900;0.57298300;0.61019000;0.63864100;0.66991500;0.69902600;0.72294800;0.74363900;0.75989000;0.77215600;0.78247700;0.79127800;0.79884700;0.80289000;0.80619600;0.80908300;0.81169000;0.81409900;0.81637300;0.81853600;0.82060800;0.82259200;0.82447800;0.82626300;0.82794500;0.82952400;0.83100400;0.83239000;0.83368400;0.83489300;0.83602300;0.83708200;0.83807700;0.83901900;0.83990200;0.84073800;0.84153200;0.84228900;0.84301000;0.84369800;         ;         ;         ;         ;         ;         ;         ;         ;         ;         ;         ;         ;         ;         ;         
% of children (<15) living with HIV who are on ART with VL <1000;Mean;         ;         ;         ;         ;         ;         ;         ;         ;         ;         ;         ;         ;         ;         ;         ;         ;0.00280112;0.00513045;0.00727384;0.00967302;0.02593570;0.05073550;0.07872000;0.10965100;0.14372200;0.18738600;0.24459600;0.26910700;0.29848800;0.32476700;0.33210900;0.36312100;0.38811700;0.39509000;0.40764000;0.42118000;0.42137800;0.42021700;0.41799900;0.41935600;0.42619800;0.43754600;0.44714400;0.45725600;0.46205100;0.46582100;0.46828600;0.47063800;0.47239500;0.47347400;0.47406300;0.47442800;0.47469300;0.47497600;0.47531500;0.47570600;0.47614500;0.47664300;0.47720900;0.47777800;0.47831500;0.47879900;0.47920800;0.47952500;0.47973700;0.47983800;0.47982700;0.47970400;0.47946700;0.47912100;0.47866900;         ;         ;         ;         ;         ;         ;         ;         ;         ;         ;         ;         ;         ;         ;         
;95% LL;         ;         ;         ;         ;         ;         ;         ;         ;         ;         ;         ;         ;         ;         ;         ;         ;0.00270477;0.00497863;0.00707838;0.00943651;0.02527600;0.04959970;0.07708780;0.10758800;0.14133600;0.18478700;0.24198200;0.26684800;0.29627600;0.32236800;0.32972100;0.36046900;0.38504200;0.39147000;0.40335100;0.41586400;0.41632300;0.41556600;0.41360400;0.41534900;0.42299500;0.43471000;0.44473100;0.45521900;0.46029600;0.46414000;0.46661700;0.46878300;0.47038200;0.47136600;0.47193300;0.47223000;0.47238600;0.47263200;0.47295700;0.47326300;0.47370100;0.47420300;0.47478800;0.47538900;0.47601800;0.47662500;0.47710200;0.47743800;0.47764400;0.47773500;0.47774200;0.47760000;0.47735700;0.47705100;0.47659400;         ;         ;         ;         ;         ;         ;         ;         ;         ;         ;         ;         ;         ;         ;         
;95% UL;         ;         ;         ;         ;         ;         ;         ;         ;         ;         ;         ;         ;         ;         ;         ;         ;0.00292610;0.00532230;0.00751896;0.00995534;0.02670580;0.05203580;0.08051490;0.11188400;0.14622700;0.19006500;0.24733500;0.27133100;0.30040100;0.32714700;0.33450800;0.36556600;0.39075500;0.39814900;0.41137500;0.42565700;0.42578900;0.42426300;0.42163600;0.42260300;0.42917200;0.44016100;0.44920900;0.45896200;0.46362200;0.46726100;0.46971600;0.47210900;0.47390100;0.47501800;0.47563400;0.47606200;0.47635300;0.47668800;0.47711900;0.47764600;0.47819600;0.47870900;0.47929300;0.47988200;0.48050100;0.48104100;0.48147300;0.48175300;0.48206100;0.48225700;0.48233400;0.48227200;0.48204400;0.48169600;0.48123500;         ;         ;         ;         ;         ;         ;         ;         ;         ;         ;         ;         ;         ;         ;         
;;         ;         ;         ;         ;         ;         ;         ;         ;         ;         ;         ;         ;         ;         ;         ;         ;         ;         ;         ;         ;         ;         ;         ;         ;         ;         ;         ;         ;         ;         ;         ;         ;         ;         ;         ;         ;         ;         ;         ;         ;         ;         ;         ;         ;         ;         ;         ;         ;         ;         ;         ;         ;         ;         ;         ;         ;         ;         ;         ;         ;         ;         ;         ;         ;         ;         ;         ;         ;         ;         ;         ;         ;         ;         ;         ;         ;         ;         ;         ;         ;         ;         ;         ;         ;         ;         
Other HIV prevention indicators;;         ;         ;         ;         ;         ;         ;         ;         ;         ;         ;         ;         ;         ;         ;         ;         ;         ;         ;         ;         ;         ;         ;         ;         ;         ;         ;         ;         ;         ;         ;         ;         ;         ;         ;         ;         ;         ;         ;         ;         ;         ;         ;         ;         ;         ;         ;         ;         ;         ;         ;         ;         ;         ;         ;         ;         ;         ;         ;         ;         ;         ;         ;         ;         ;         ;         ;         ;         ;         ;         ;         ;         ;         ;         ;         ;         ;         ;         ;         ;         ;         ;         ;         ;         ;         ;         
;;         ;         ;         ;         ;         ;         ;         ;         ;         ;         ;         ;         ;         ;         ;         ;         ;         ;         ;         ;         ;         ;         ;         ;         ;         ;         ;         ;         ;         ;         ;         ;         ;         ;         ;         ;         ;         ;         ;         ;         ;         ;         ;         ;         ;         ;         ;         ;         ;         ;         ;         ;         ;         ;         ;         ;         ;         ;         ;         ;         ;         ;         ;         ;         ;         ;         ;         ;         ;         ;         ;         ;         ;         ;         ;         ;         ;         ;         ;         ;         ;         ;         ;         ;         ;         ;         
% of women aged 15-24 who used condoms at last sex;Mean;0.01545140;0.01549000;0.01554430;0.01561770;0.01572060;0.01589050;0.01621300;0.01692620;0.01842990;0.02133090;0.02645640;0.03483340;0.04763750;0.06594950;0.09044740;0.12094900;0.15592300;0.19220200;0.22562100;0.25245000;0.27068000;0.28192400;0.28801000;0.29136500;0.29373400;0.29911300;0.30306200;0.30456700;0.30521200;0.30466300;0.30526200;0.30676700;0.30860400;0.30971900;0.31066700;0.31198000;0.31200300;0.31269100;0.31293800;0.31290200;0.31261400;0.31191900;0.31094700;0.30978900;0.30854500;0.30733300;0.30608600;0.30482700;0.30357500;0.30234200;0.30118500;0.30018600;0.29929600;0.29853400;0.29792800;0.29752300;0.29723500;0.29703300;0.29684300;0.29669300;0.29657500;0.29647300;0.29639500;0.29635700;0.29635200;0.29637500;0.29642000;0.29648000;0.29654900;0.29661900;0.29668700;         ;         ;         ;         ;         ;         ;         ;         ;         ;         ;         ;         ;         ;         ;         
;95% LL;0.01545140;0.01548800;0.01554110;0.01561370;0.01571600;0.01588510;0.01620550;0.01690250;0.01835560;0.02115890;0.02614040;0.03433870;0.04695140;0.06511360;0.08950970;0.11992400;0.15487100;0.19116700;0.22460400;0.25144900;0.26970300;0.28087300;0.28693500;0.29023600;0.29255400;0.29775500;0.30159200;0.30306500;0.30370000;0.30317900;0.30377100;0.30523100;0.30702200;0.30815000;0.30912400;0.31044800;0.31054400;0.31126600;0.31148000;0.31144400;0.31119700;0.31054200;0.30963200;0.30855100;0.30739000;0.30626500;0.30510200;0.30392500;0.30275100;0.30159100;0.30049900;0.29955600;0.29871700;0.29800100;0.29743800;0.29706200;0.29679400;0.29661100;0.29644200;0.29632200;0.29623200;0.29615500;0.29609900;0.29608200;0.29609800;0.29613800;0.29619700;0.29626700;0.29634300;0.29642100;0.29649700;         ;         ;         ;         ;         ;         ;         ;         ;         ;         ;         ;         ;         ;         ;         
;95% UL;0.01545140;0.01549160;0.01554680;0.01562080;0.01572420;0.01589480;0.01621920;0.01694850;0.01850740;0.02150520;0.02675810;0.03526490;0.04820330;0.06661750;0.09116210;0.12172900;0.15670700;0.19295500;0.22634800;0.25318900;0.27141100;0.28276100;0.28880500;0.29219900;0.29462500;0.30018800;0.30421500;0.30574100;0.30640000;0.30581700;0.30641000;0.30790400;0.30974900;0.31087300;0.31183900;0.31316200;0.31314600;0.31383200;0.31406600;0.31401900;0.31373900;0.31307700;0.31213800;0.31101600;0.30979500;0.30858000;0.30730600;0.30601900;0.30472000;0.30340100;0.30216400;0.30111500;0.30018600;0.29938900;0.29872400;0.29828700;0.29796600;0.29773300;0.29751200;0.29732900;0.29717700;0.29703300;0.29691600;0.29684400;0.29681500;0.29680900;0.29682800;0.29686800;0.29691800;0.29698000;0.29703900;         ;         ;         ;         ;         ;         ;         ;         ;         ;         ;         ;         ;         ;         ;         
% of women aged 25-49 who used condoms at last sex;Mean;0.00900388;0.00901813;0.00903537;0.00905696;0.00909031;0.00915989;0.00932959;0.00973188;0.01060140;0.01229630;0.01530790;0.02025530;0.02780930;0.03867650;0.05331640;0.07170150;0.09306330;0.11572700;0.13737700;0.15598000;0.17082700;0.18362400;0.19520500;0.20602800;0.21618500;0.22880900;0.24057800;0.25086100;0.25873900;0.26431500;0.26945600;0.27438300;0.27876000;0.28188800;0.28408600;0.28578300;0.28627400;0.28640100;0.28592800;0.28497100;0.28356300;0.28171800;0.27949500;0.27694200;0.27410000;0.27106600;0.26788500;0.26460700;0.26127700;0.25791700;0.25452300;0.25113800;0.24781500;0.24459500;0.24149000;0.23849300;0.23561200;0.23286300;0.23024800;0.22778200;0.22546300;0.22328500;0.22124200;0.21925700;0.21734000;0.21550000;0.21370200;0.21195700;0.21027100;0.20866800;0.20717100;         ;         ;         ;         ;         ;         ;         ;         ;         ;         ;         ;         ;         ;         ;         
;95% LL;0.00900388;0.00901617;0.00903165;0.00905175;0.00908338;0.00915119;0.00931810;0.00970964;0.01054910;0.01217590;0.01508430;0.01989540;0.02728750;0.03795930;0.05242500;0.07064940;0.09183770;0.11436900;0.13588700;0.15448500;0.16935000;0.18202500;0.19349900;0.20418000;0.21432300;0.22698800;0.23855300;0.24869100;0.25642600;0.26193400;0.26702700;0.27190700;0.27625300;0.27937600;0.28157800;0.28326900;0.28372400;0.28376700;0.28319800;0.28215600;0.28068100;0.27879000;0.27652100;0.27397100;0.27115600;0.26815700;0.26502400;0.26180200;0.25853400;0.25524000;0.25191300;0.24859800;0.24531100;0.24211600;0.23903200;0.23606500;0.23322100;0.23051400;0.22794400;0.22552700;0.22325900;0.22113400;0.21914500;0.21721000;0.21534100;0.21355000;0.21180000;0.21010600;0.20847400;0.20693600;0.20550200;         ;         ;         ;         ;         ;         ;         ;         ;         ;         ;         ;         ;         ;         ;         
;95% UL;0.00900388;0.00901961;0.00903825;0.00906111;0.00909566;0.00916672;0.00933839;0.00975083;0.01065520;0.01240890;0.01551190;0.02057900;0.02827290;0.03929180;0.05408290;0.07260560;0.09408000;0.11682400;0.13853400;0.15721900;0.17208200;0.18489100;0.19652700;0.20740100;0.21756400;0.23034400;0.24212100;0.25259100;0.26068100;0.26641900;0.27166900;0.27666400;0.28108900;0.28417300;0.28634800;0.28816700;0.28879100;0.28907300;0.28881100;0.28814300;0.28699800;0.28525700;0.28310100;0.28064500;0.27787800;0.27488400;0.27178500;0.26858300;0.26529300;0.26198100;0.25868200;0.25547900;0.25230800;0.24918100;0.24609800;0.24302600;0.24001400;0.23711900;0.23432600;0.23169600;0.22921400;0.22692100;0.22477500;0.22273000;0.22074600;0.21883300;0.21695600;0.21512000;0.21335000;0.21166000;0.21005600;         ;         ;         ;         ;         ;         ;         ;         ;         ;         ;         ;         ;         ;         ;         
% of men aged 15-49 who are circumcised;Mean;0.34869700;0.34935000;0.34974300;0.34990900;0.34993900;0.34995500;0.35003700;0.35043600;0.35107900;0.35185100;0.35261800;0.35330100;0.35330500;0.35315900;0.35298500;0.35291300;0.35287800;0.35347400;0.35426600;0.35521900;0.35630500;0.35749200;0.35858500;0.35976800;0.36136900;0.36318500;0.37069400;0.38847000;0.41154800;0.43210100;0.46095600;0.49053900;0.51669400;0.54515800;0.57475600;0.59754700;0.61033100;0.62774100;0.64390700;0.65867900;0.67270300;0.68714300;0.70105600;0.71441000;0.72721600;0.73956100;0.75149600;0.76310600;0.77440800;0.78527600;0.79566400;0.80556500;0.81482400;0.82338300;0.83127700;0.83847300;0.84492100;0.85056200;0.85539100;0.85951700;0.86296100;0.86579700;0.86799700;0.86963600;0.87085000;0.87171300;0.87242700;0.87304600;0.87359600;0.87399200;0.87428500;         ;         ;         ;         ;         ;         ;         ;         ;         ;         ;         ;         ;         ;         ;         
;95% LL;0.34869700;0.34935000;0.34974300;0.34990900;0.34993900;0.34995400;0.35003600;0.35043200;0.35106800;0.35182700;0.35257200;0.35322100;0.35318700;0.35300200;0.35279100;0.35268500;0.35262600;0.35320600;0.35399300;0.35494700;0.35604400;0.35724300;0.35834700;0.35953600;0.36112900;0.36293200;0.37041000;0.38808400;0.41105400;0.43151800;0.46025000;0.48968900;0.51572600;0.54407100;0.57354400;0.59621200;0.60890400;0.62625700;0.64237800;0.65725900;0.67137200;0.68593200;0.70000500;0.71352500;0.72643700;0.73883600;0.75081800;0.76247900;0.77381600;0.78471500;0.79513500;0.80504700;0.81432300;0.82289000;0.83079000;0.83798700;0.84442400;0.85006500;0.85489000;0.85899600;0.86243800;0.86528000;0.86747900;0.86912300;0.87034000;0.87121500;0.87194800;0.87259000;0.87316600;0.87358800;0.87390600;         ;         ;         ;         ;         ;         ;         ;         ;         ;         ;         ;         ;         ;         ;         
;95% UL;0.34869700;0.34935000;0.34974300;0.34990900;0.34993900;0.34995500;0.35003900;0.35044200;0.35109100;0.35187800;0.35266300;0.35337000;0.35340100;0.35328100;0.35312100;0.35306200;0.35303500;0.35363600;0.35442600;0.35537300;0.35645300;0.35763900;0.35873400;0.35992100;0.36153200;0.36335800;0.37089300;0.38873700;0.41187300;0.43249700;0.46144000;0.49113000;0.51738900;0.54594900;0.57563400;0.59851800;0.61140400;0.62888200;0.64510100;0.65979200;0.67371200;0.68804300;0.70184000;0.71507100;0.72776800;0.74008000;0.75199500;0.76357900;0.77485700;0.78570200;0.79606700;0.80594400;0.81518600;0.82373200;0.83161400;0.83880000;0.84523600;0.85086700;0.85569900;0.85982200;0.86328400;0.86613700;0.86834300;0.86997300;0.87117600;0.87202600;0.87273300;0.87334500;0.87387900;0.87426500;0.87455600;         ;         ;         ;         ;         ;         ;         ;         ;         ;         ;         ;         ;         ;         ;         
Number of neonatal MMC operations;Mean;56076.30000000;56076.60000000;55981.70000000;55808.10000000;55558.00000000;55234.30000000;55444.00000000;55693.80000000;55712.60000000;55560.70000000;55233.70000000;54800.90000000;52891.60000000;52144.50000000;52833.90000000;52201.10000000;52249.20000000;52414.30000000;53940.00000000;57612.20000000;59091.80000000;60455.60000000;61717.20000000;61675.70000000;60554.70000000;60687.50000000;61373.30000000;62287.40000000;63051.90000000;63362.00000000;63416.10000000;63131.90000000;62512.80000000;62639.20000000;62729.60000000;62817.00000000;63237.40000000;63741.30000000;64207.70000000;64622.20000000;64986.10000000;65300.80000000;65575.80000000;65820.70000000;66048.80000000;66276.70000000;66518.50000000;66782.00000000;67039.70000000;67287.20000000;67515.20000000;67709.10000000;67855.50000000;67952.30000000;68001.50000000;68004.50000000;67963.80000000;67881.80000000;67759.80000000;67603.40000000;67421.00000000;67220.80000000;67010.40000000;66797.60000000;66588.80000000;66390.00000000;66202.60000000;66027.40000000;65867.50000000;65723.70000000;65594.80000000;         ;         ;         ;         ;         ;         ;         ;         ;         ;         ;         ;         ;         ;         ;         
;95% LL;56076.30000000;56076.60000000;55981.60000000;55807.90000000;55557.60000000;55233.50000000;55442.40000000;55690.80000000;55706.00000000;55548.70000000;55213.80000000;54768.70000000;52845.90000000;52081.50000000;52749.80000000;52096.70000000;52123.70000000;52271.40000000;53778.80000000;57426.40000000;58888.30000000;60241.60000000;61498.30000000;61459.50000000;60347.30000000;60476.60000000;61162.70000000;62083.60000000;62853.20000000;63172.10000000;63231.50000000;62952.30000000;62336.70000000;62468.90000000;62562.40000000;62650.20000000;63052.80000000;63532.90000000;63947.60000000;64329.50000000;64666.70000000;64963.20000000;65227.00000000;65466.20000000;65693.10000000;65922.80000000;66168.70000000;66437.30000000;66700.30000000;66953.40000000;67187.70000000;67388.80000000;67542.80000000;67647.60000000;67705.00000000;67716.30000000;67682.70000000;67607.50000000;67494.40000000;67346.40000000;67170.90000000;66976.20000000;66770.20000000;66558.70000000;66349.60000000;66149.70000000;65960.30000000;65782.40000000;65619.40000000;65472.40000000;65340.20000000;         ;         ;         ;         ;         ;         ;         ;         ;         ;         ;         ;         ;         ;         ;         
;95% UL;56076.30000000;56076.60000000;55981.70000000;55808.20000000;55558.30000000;55234.90000000;55445.30000000;55696.40000000;55717.90000000;55571.00000000;55252.40000000;54831.20000000;52938.40000000;52209.50000000;52922.30000000;52314.60000000;52389.20000000;52579.50000000;54132.30000000;57836.30000000;59340.00000000;60722.70000000;61997.60000000;61958.30000000;60830.20000000;60960.10000000;61649.70000000;62557.50000000;63312.10000000;63609.70000000;63650.50000000;63353.90000000;62726.50000000;62847.60000000;62936.60000000;63019.80000000;63474.80000000;64029.50000000;64555.00000000;65029.70000000;65441.20000000;65782.40000000;66076.00000000;66332.80000000;66567.50000000;66795.40000000;67032.10000000;67290.20000000;67542.60000000;67784.70000000;68006.50000000;68192.10000000;68330.40000000;68418.00000000;68457.50000000;68450.60000000;68400.00000000;68307.90000000;68176.00000000;68010.10000000;67819.00000000;67611.00000000;67392.90000000;67174.30000000;66964.10000000;66763.80000000;66576.10000000;66401.50000000;66244.10000000;66105.40000000;65981.40000000;         ;         ;         ;         ;         ;         ;         ;         ;         ;         ;         ;         ;         ;         ;         
Number of MMC operations in males 10-14;Mean;         ;         ;         ;         ;         ;         ;         ;         ;         ;         ;         ;         ;         ;         ;         ;         ;         ;         ;         ;         ;         ;         ;         ;2275.02000000;3964.96000000;56029.20000000;145621.00000000;169899.00000000;130622.00000000;203994.00000000;213327.00000000;192703.00000000;248349.00000000;286452.00000000;208500.00000000;71874.10000000;207917.00000000;218399.00000000;226579.00000000;223937.00000000;221594.00000000;223048.00000000;224084.00000000;224127.00000000;224091.00000000;224082.00000000;224018.00000000;224300.00000000;225333.00000000;226709.00000000;228311.00000000;230094.00000000;231878.00000000;233514.00000000;234994.00000000;236350.00000000;237626.00000000;238870.00000000;240127.00000000;241397.00000000;242667.00000000;243914.00000000;245096.00000000;246165.00000000;247088.00000000;247844.00000000;248421.00000000;248818.00000000;249040.00000000;249094.00000000;248991.00000000;         ;         ;         ;         ;         ;         ;         ;         ;         ;         ;         ;         ;         ;         ;         
;95% LL;         ;         ;         ;         ;         ;         ;         ;         ;         ;         ;         ;         ;         ;         ;         ;         ;         ;         ;         ;         ;         ;         ;         ;2264.89000000;3947.17000000;55770.60000000;144919.00000000;169047.00000000;129922.00000000;202880.00000000;212118.00000000;191569.00000000;246880.00000000;284748.00000000;207223.00000000;71394.80000000;206410.00000000;216791.00000000;225302.00000000;222899.00000000;220728.00000000;222315.00000000;223406.00000000;223468.00000000;223449.00000000;223460.00000000;223416.00000000;223660.00000000;224656.00000000;225993.00000000;227533.00000000;229179.00000000;230814.00000000;232374.00000000;233794.00000000;235114.00000000;236372.00000000;237612.00000000;238873.00000000;240152.00000000;241435.00000000;242696.00000000;243897.00000000;244986.00000000;245933.00000000;246716.00000000;247322.00000000;247749.00000000;248002.00000000;248071.00000000;247995.00000000;         ;         ;         ;         ;         ;         ;         ;         ;         ;         ;         ;         ;         ;         ;         
;95% UL;         ;         ;         ;         ;         ;         ;         ;         ;         ;         ;         ;         ;         ;         ;         ;         ;         ;         ;         ;         ;         ;         ;         ;2284.22000000;3980.93000000;56255.00000000;146213.00000000;170602.00000000;131179.00000000;204902.00000000;214319.00000000;193642.00000000;249620.00000000;287958.00000000;209614.00000000;72280.50000000;209173.00000000;219745.00000000;228615.00000000;225467.00000000;222771.00000000;224009.00000000;224937.00000000;224963.00000000;224893.00000000;224858.00000000;224771.00000000;225076.00000000;226159.00000000;227629.00000000;229380.00000000;231344.00000000;233329.00000000;235104.00000000;236695.00000000;238121.00000000;239439.00000000;240708.00000000;241977.00000000;243248.00000000;244504.00000000;245715.00000000;246855.00000000;247917.00000000;248831.00000000;249572.00000000;250128.00000000;250494.00000000;250682.00000000;250701.00000000;250562.00000000;         ;         ;         ;         ;         ;         ;         ;         ;         ;         ;         ;         ;         ;         ;         
Number of MMC operations in males 15-19;Mean;         ;         ;         ;         ;         ;         ;         ;         ;         ;         ;         ;         ;         ;         ;         ;         ;         ;         ;         ;         ;         ;         ;         ;1418.66000000;2493.39000000;35415.20000000;93048.30000000;111579.00000000;83747.20000000;118958.00000000;107730.00000000;79354.80000000;81164.00000000;76284.50000000;45549.20000000;13287.20000000;34600.80000000;36186.90000000;39618.40000000;44208.20000000;48567.60000000;49960.70000000;50895.60000000;51132.30000000;50395.90000000;49553.90000000;49878.80000000;50158.10000000;50207.30000000;50173.30000000;50105.30000000;50015.70000000;50000.00000000;50151.10000000;50371.90000000;50646.80000000;50976.90000000;51319.40000000;51632.40000000;51912.80000000;52166.90000000;52403.50000000;52632.90000000;52864.80000000;53100.60000000;53339.30000000;53576.10000000;53802.60000000;54007.60000000;54184.10000000;54326.90000000;         ;         ;         ;         ;         ;         ;         ;         ;         ;         ;         ;         ;         ;         ;         
;95% LL;         ;         ;         ;         ;         ;         ;         ;         ;         ;         ;         ;         ;         ;         ;         ;         ;         ;         ;         ;         ;         ;         ;         ;1412.67000000;2483.36000000;35277.30000000;92692.50000000;111145.00000000;83412.10000000;118523.00000000;107368.00000000;79068.50000000;80830.30000000;75907.00000000;45273.30000000;13190.20000000;34321.70000000;35873.80000000;38810.50000000;43424.20000000;47858.40000000;49352.50000000;50411.40000000;50794.20000000;50149.10000000;49352.70000000;49712.70000000;50006.60000000;50060.10000000;50029.50000000;49969.40000000;49886.10000000;49862.40000000;50007.10000000;50217.00000000;50478.40000000;50786.70000000;51099.40000000;51387.30000000;51653.80000000;51899.20000000;52131.30000000;52359.30000000;52591.90000000;52829.70000000;53071.10000000;53311.20000000;53541.40000000;53750.80000000;53932.40000000;54081.00000000;         ;         ;         ;         ;         ;         ;         ;         ;         ;         ;         ;         ;         ;         ;         
;95% UL;         ;         ;         ;         ;         ;         ;         ;         ;         ;         ;         ;         ;         ;         ;         ;         ;         ;         ;         ;         ;         ;         ;         ;1423.10000000;2501.16000000;35524.30000000;93336.90000000;111934.00000000;84013.20000000;119306.00000000;108045.00000000;79643.20000000;81517.50000000;76723.50000000;45916.10000000;13431.20000000;35031.10000000;36658.10000000;40754.60000000;45294.60000000;49546.10000000;50810.80000000;51591.30000000;51649.90000000;50777.40000000;49843.70000000;50107.70000000;50355.20000000;50399.40000000;50359.20000000;50284.40000000;50189.10000000;50174.10000000;50330.60000000;50572.50000000;50868.70000000;51237.70000000;51621.10000000;51977.90000000;52274.60000000;52547.90000000;52794.60000000;53030.10000000;53265.00000000;53499.30000000;53732.10000000;53962.50000000;54189.30000000;54393.60000000;54568.20000000;54705.50000000;         ;         ;         ;         ;         ;         ;         ;         ;         ;         ;         ;         ;         ;         ;         
Number of MMC operations in males 20-24;Mean;         ;         ;         ;         ;         ;         ;         ;         ;         ;         ;         ;         ;         ;         ;         ;         ;         ;         ;         ;         ;         ;         ;         ;614.68700000;1108.18000000;16091.50000000;43512.50000000;54420.50000000;43593.70000000;65993.30000000;66049.20000000;54446.40000000;60610.10000000;59990.50000000;36734.30000000;9770.52000000;19887.70000000;16423.50000000;14046.70000000;11972.70000000;10844.80000000;10497.10000000;10510.80000000;11051.60000000;12322.90000000;13593.90000000;14102.60000000;14486.60000000;14624.70000000;14397.00000000;14093.50000000;14167.50000000;14227.40000000;14230.30000000;14203.20000000;14161.10000000;14111.20000000;14079.90000000;14094.20000000;14125.70000000;14172.40000000;14237.10000000;14307.80000000;14371.60000000;14427.20000000;14476.20000000;14520.90000000;14564.10000000;14608.20000000;14654.10000000;14701.70000000;         ;         ;         ;         ;         ;         ;         ;         ;         ;         ;         ;         ;         ;         ;         
;95% LL;         ;         ;         ;         ;         ;         ;         ;         ;         ;         ;         ;         ;         ;         ;         ;         ;         ;         ;         ;         ;         ;         ;         ;611.47300000;1102.49000000;16008.40000000;43287.70000000;54169.30000000;43413.20000000;65753.90000000;65842.20000000;54305.90000000;60483.90000000;59874.30000000;36654.70000000;9740.15000000;19786.60000000;16309.60000000;13752.40000000;11701.20000000;10585.70000000;10242.90000000;10260.30000000;10803.70000000;12083.00000000;13375.60000000;13914.00000000;14334.40000000;14516.00000000;14322.50000000;14034.90000000;14118.20000000;14182.10000000;14185.40000000;14158.80000000;14117.90000000;14068.90000000;14036.50000000;14049.10000000;14085.40000000;14125.00000000;14186.00000000;14252.60000000;14313.00000000;14365.70000000;14411.70000000;14453.70000000;14495.40000000;14539.10000000;14585.20000000;14633.40000000;         ;         ;         ;         ;         ;         ;         ;         ;         ;         ;         ;         ;         ;         ;         
;95% UL;         ;         ;         ;         ;         ;         ;         ;         ;         ;         ;         ;         ;         ;         ;         ;         ;         ;         ;         ;         ;         ;         ;         ;618.49500000;1114.62000000;16176.70000000;43712.60000000;54651.20000000;43746.70000000;66169.10000000;66191.90000000;54555.90000000;60721.00000000;60096.70000000;36826.10000000;9810.01000000;20047.40000000;16610.00000000;14450.10000000;12341.90000000;11196.60000000;10842.70000000;10850.60000000;11386.60000000;12648.00000000;13889.70000000;14362.70000000;14703.00000000;14790.20000000;14515.80000000;14179.10000000;14233.50000000;14284.50000000;14284.10000000;14253.80000000;14209.60000000;14159.10000000;14127.10000000;14142.60000000;14176.50000000;14228.50000000;14303.70000000;14382.10000000;14451.90000000;14518.00000000;14572.80000000;14620.80000000;14666.00000000;14711.30000000;14757.70000000;14805.30000000;         ;         ;         ;         ;         ;         ;         ;         ;         ;         ;         ;         ;         ;         ;         
Number of MMC operations in males 25-49;Mean;         ;         ;         ;         ;         ;         ;         ;         ;         ;         ;         ;         ;         ;         ;         ;         ;         ;         ;         ;         ;         ;         ;         ;848.57600000;1541.75000000;22707.80000000;63364.70000000;83172.30000000;70962.60000000;114996.00000000;126059.00000000;115540.00000000;144314.00000000;165345.00000000;121094.00000000;38918.70000000;94597.80000000;94173.60000000;93314.70000000;89120.60000000;84740.80000000;80346.10000000;76036.70000000;71794.90000000;67565.50000000;63469.90000000;59557.30000000;55739.20000000;52099.10000000;48737.20000000;45528.60000000;42214.80000000;39085.40000000;36161.90000000;33440.30000000;30936.10000000;28678.10000000;26693.80000000;24995.50000000;23561.20000000;22383.20000000;21427.10000000;20726.20000000;20333.50000000;20168.10000000;20168.90000000;20263.60000000;20406.80000000;20592.60000000;20826.80000000;21041.00000000;         ;         ;         ;         ;         ;         ;         ;         ;         ;         ;         ;         ;         ;         ;         
;95% LL;         ;         ;         ;         ;         ;         ;         ;         ;         ;         ;         ;         ;         ;         ;         ;         ;         ;         ;         ;         ;         ;         ;         ;836.73100000;1520.56000000;22400.70000000;62533.20000000;82137.10000000;70133.90000000;113717.00000000;124762.00000000;114441.00000000;143006.00000000;163951.00000000;120168.00000000;38617.40000000;93732.50000000;93286.80000000;91316.60000000;87193.20000000;82889.80000000;78575.30000000;74347.60000000;70188.40000000;66043.40000000;62031.90000000;58203.40000000;54470.10000000;50914.50000000;47639.00000000;44518.80000000;41293.50000000;38250.50000000;35411.30000000;32768.20000000;30336.60000000;28145.20000000;26221.20000000;24577.20000000;23191.60000000;22057.20000000;21139.80000000;20472.10000000;20106.10000000;19962.30000000;19980.90000000;20090.70000000;20247.60000000;20445.70000000;20690.80000000;20915.70000000;         ;         ;         ;         ;         ;         ;         ;         ;         ;         ;         ;         ;         ;         ;         
;95% UL;         ;         ;         ;         ;         ;         ;         ;         ;         ;         ;         ;         ;         ;         ;         ;         ;         ;         ;         ;         ;         ;         ;         ;862.30700000;1566.30000000;23062.10000000;64330.30000000;84370.80000000;71931.90000000;116508.00000000;127674.00000000;116942.00000000;146031.00000000;167263.00000000;122395.00000000;39339.80000000;95722.60000000;95306.60000000;95787.70000000;91494.90000000;87008.80000000;82504.90000000;78086.20000000;73741.80000000;69409.40000000;65222.00000000;61219.80000000;57312.40000000;53577.00000000;50113.30000000;46800.70000000;43380.90000000;40142.20000000;37109.80000000;34288.60000000;31697.80000000;29353.90000000;27291.60000000;25523.80000000;24027.40000000;22802.80000000;21804.50000000;21067.90000000;20644.00000000;20451.40000000;20428.40000000;20501.70000000;20625.00000000;20798.20000000;21021.80000000;21219.90000000;         ;         ;         ;         ;         ;         ;         ;         ;         ;         ;         ;         ;         ;         ;         
Number of MMC operations in males 50+;Mean;         ;         ;         ;         ;         ;         ;         ;         ;         ;         ;         ;         ;         ;         ;         ;         ;         ;         ;         ;         ;         ;         ;         ;33.05760000;59.72060000;873.36400000;2426.19000000;3191.22000000;2741.99000000;4462.12000000;4964.07000000;4633.90000000;5889.77000000;6933.83000000;5260.57000000;1733.49000000;4213.06000000;4299.53000000;4443.46000000;4454.03000000;4462.82000000;4469.13000000;4472.84000000;4475.43000000;4479.62000000;4488.77000000;4505.02000000;4529.32000000;4561.28000000;4598.39000000;4637.66000000;4679.93000000;4716.17000000;4745.16000000;4767.26000000;4779.97000000;4779.64000000;4762.75000000;4727.01000000;4674.87000000;4606.35000000;4523.60000000;4423.72000000;4302.13000000;4165.18000000;4017.56000000;3865.09000000;3711.46000000;3557.07000000;3401.34000000;3250.09000000;         ;         ;         ;         ;         ;         ;         ;         ;         ;         ;         ;         ;         ;         ;         
;95% LL;         ;         ;         ;         ;         ;         ;         ;         ;         ;         ;         ;         ;         ;         ;         ;         ;         ;         ;         ;         ;         ;         ;         ;32.68650000;59.02670000;862.92900000;2396.96000000;3153.50000000;2710.70000000;4412.21000000;4911.73000000;4588.30000000;5833.90000000;6869.99000000;5213.94000000;1718.43000000;4175.08000000;4261.15000000;4352.32000000;4361.40000000;4368.70000000;4373.52000000;4375.78000000;4376.93000000;4379.67000000;4387.28000000;4401.91000000;4424.51000000;4454.73000000;4490.15000000;4527.86000000;4568.70000000;4603.83000000;4632.05000000;4653.71000000;4666.31000000;4666.25000000;4649.99000000;4615.26000000;4564.46000000;4497.61000000;4416.82000000;4319.22000000;4200.35000000;4066.43000000;3922.08000000;3773.02000000;3622.83000000;3471.90000000;3319.68000000;3171.86000000;         ;         ;         ;         ;         ;         ;         ;         ;         ;         ;         ;         ;         ;         ;         
;95% UL;         ;         ;         ;         ;         ;         ;         ;         ;         ;         ;         ;         ;         ;         ;         ;         ;         ;         ;         ;         ;         ;         ;         ;33.58890000;60.68390000;887.43400000;2464.96000000;3241.38000000;2783.52000000;4529.75000000;5038.21000000;4704.22000000;5976.73000000;7033.92000000;5332.11000000;1757.08000000;4273.51000000;4361.23000000;4549.45000000;4561.14000000;4572.86000000;4581.91000000;4588.15000000;4593.08000000;4599.52000000;4610.88000000;4629.39000000;4655.98000000;4690.18000000;4728.03000000;4769.80000000;4813.32000000;4850.25000000;4880.22000000;4902.84000000;4916.13000000;4916.55000000;4899.32000000;4862.73000000;4809.50000000;4739.39000000;4654.61000000;4552.20000000;4427.51000000;4286.57000000;4134.38000000;3977.24000000;3818.93000000;3660.09000000;3499.89000000;3344.41000000;         ;         ;         ;         ;         ;         ;         ;         ;         ;         ;         ;         ;         ;         ;         
Number of males using PrEP;Mean;         ;         ;         ;         ;         ;         ;         ;         ;         ;         ;         ;         ;         ;         ;         ;         ;         ;         ;         ;         ;         ;         ;         ;         ;         ;         ;         ;         ;         ;         ;         ;         ;4681.80000000;17799.10000000;28188.20000000;38120.20000000;70903.80000000;95793.50000000;120749.00000000;131037.00000000;136294.00000000;139776.00000000;142604.00000000;145152.00000000;149515.00000000;154543.00000000;159847.00000000;165302.00000000;170822.00000000;176380.00000000;181958.00000000;187534.00000000;193093.00000000;198625.00000000;204118.00000000;209563.00000000;214958.00000000;220302.00000000;225598.00000000;230844.00000000;236042.00000000;241196.00000000;246308.00000000;251376.00000000;256397.00000000;261362.00000000;266263.00000000;271093.00000000;275846.00000000;280519.00000000;285108.00000000;         ;         ;         ;         ;         ;         ;         ;         ;         ;         ;         ;         ;         ;         ;         
;95% LL;         ;         ;         ;         ;         ;         ;         ;         ;         ;         ;         ;         ;         ;         ;         ;         ;         ;         ;         ;         ;         ;         ;         ;         ;         ;         ;         ;         ;         ;         ;         ;         ;3696.70000000;15288.80000000;25125.80000000;35029.50000000;66492.80000000;90051.30000000;113639.00000000;123185.00000000;127903.00000000;130912.00000000;133285.00000000;135379.00000000;139391.00000000;144107.00000000;149117.00000000;154285.00000000;159526.00000000;164809.00000000;170116.00000000;175425.00000000;180720.00000000;185992.00000000;191229.00000000;196422.00000000;201571.00000000;206673.00000000;211732.00000000;216748.00000000;221721.00000000;226655.00000000;231554.00000000;236415.00000000;241235.00000000;246005.00000000;250718.00000000;255366.00000000;259942.00000000;264443.00000000;268867.00000000;         ;         ;         ;         ;         ;         ;         ;         ;         ;         ;         ;         ;         ;         ;         
;95% UL;         ;         ;         ;         ;         ;         ;         ;         ;         ;         ;         ;         ;         ;         ;         ;         ;         ;         ;         ;         ;         ;         ;         ;         ;         ;         ;         ;         ;         ;         ;         ;         ;6024.98000000;20792.50000000;31776.50000000;42226.00000000;76291.50000000;102747.00000000;129323.00000000;140773.00000000;146856.00000000;151027.00000000;154412.00000000;157891.00000000;162996.00000000;168571.00000000;174368.00000000;180360.00000000;186413.00000000;192503.00000000;198616.00000000;204756.00000000;210911.00000000;217047.00000000;223150.00000000;229180.00000000;235149.00000000;241066.00000000;246936.00000000;252662.00000000;258307.00000000;263901.00000000;269446.00000000;274938.00000000;280375.00000000;285747.00000000;291046.00000000;296263.00000000;301395.00000000;306436.00000000;311388.00000000;         ;         ;         ;         ;         ;         ;         ;         ;         ;         ;         ;         ;         ;         ;         
Number of females using PrEP;Mean;         ;         ;         ;         ;         ;         ;         ;         ;         ;         ;         ;         ;         ;         ;         ;         ;         ;         ;         ;         ;         ;         ;         ;         ;         ;         ;         ;         ;         ;         ;         ;         ;6329.29000000;8975.23000000;18750.90000000;31138.00000000;123209.00000000;169752.00000000;206347.00000000;211766.00000000;214244.00000000;216475.00000000;219076.00000000;221783.00000000;228691.00000000;235989.00000000;242350.00000000;248209.00000000;253355.00000000;257730.00000000;261714.00000000;265794.00000000;269682.00000000;273277.00000000;276420.00000000;279141.00000000;281598.00000000;283980.00000000;286495.00000000;289353.00000000;292275.00000000;295222.00000000;298251.00000000;301270.00000000;304153.00000000;306880.00000000;309466.00000000;311930.00000000;314287.00000000;316552.00000000;318729.00000000;         ;         ;         ;         ;         ;         ;         ;         ;         ;         ;         ;         ;         ;         ;         
;95% LL;         ;         ;         ;         ;         ;         ;         ;         ;         ;         ;         ;         ;         ;         ;         ;         ;         ;         ;         ;         ;         ;         ;         ;         ;         ;         ;         ;         ;         ;         ;         ;         ;5227.17000000;6789.40000000;16350.20000000;28619.10000000;119408.00000000;164715.00000000;200168.00000000;205974.00000000;207986.00000000;209688.00000000;211838.00000000;214549.00000000;221295.00000000;228390.00000000;234517.00000000;240141.00000000;244962.00000000;248933.00000000;252511.00000000;256217.00000000;259861.00000000;263207.00000000;266077.00000000;268497.00000000;270708.00000000;272809.00000000;274913.00000000;277377.00000000;279978.00000000;282614.00000000;285344.00000000;288091.00000000;290721.00000000;293209.00000000;295567.00000000;297811.00000000;299959.00000000;302023.00000000;304010.00000000;         ;         ;         ;         ;         ;         ;         ;         ;         ;         ;         ;         ;         ;         ;         
;95% UL;         ;         ;         ;         ;         ;         ;         ;         ;         ;         ;         ;         ;         ;         ;         ;         ;         ;         ;         ;         ;         ;         ;         ;         ;         ;         ;         ;         ;         ;         ;         ;         ;7186.91000000;10919.10000000;20738.70000000;33006.40000000;126271.00000000;173702.00000000;211200.00000000;216488.00000000;218722.00000000;221130.00000000;224504.00000000;228387.00000000;235545.00000000;242960.00000000;249448.00000000;255470.00000000;260850.00000000;265470.00000000;269699.00000000;274014.00000000;278131.00000000;282019.00000000;285316.00000000;288227.00000000;291012.00000000;293894.00000000;296764.00000000;299693.00000000;302768.00000000;305828.00000000;308953.00000000;312048.00000000;314992.00000000;317812.00000000;320580.00000000;323215.00000000;325735.00000000;328151.00000000;330470.00000000;         ;         ;         ;         ;         ;         ;         ;         ;         ;         ;         ;         ;         ;         ;         
Number of sex workers using PrEP;Mean;         ;         ;         ;         ;         ;         ;         ;         ;         ;         ;         ;         ;         ;         ;         ;         ;         ;         ;         ;         ;         ;         ;         ;         ;         ;         ;         ;         ;         ;         ;         ;         ;5582.25000000;7725.53000000;9203.35000000;10025.70000000;10841.30000000;11830.70000000;14862.60000000;15901.60000000;16826.00000000;17737.60000000;18635.50000000;19513.00000000;20698.00000000;21915.20000000;23144.80000000;24384.10000000;25625.60000000;26872.40000000;28124.70000000;29382.90000000;30647.00000000;31915.90000000;33187.80000000;34459.70000000;35727.70000000;36987.20000000;38233.30000000;39460.50000000;40663.20000000;41836.50000000;42975.80000000;44077.50000000;45138.80000000;46158.00000000;47134.40000000;48067.90000000;48959.60000000;49811.10000000;50624.20000000;         ;         ;         ;         ;         ;         ;         ;         ;         ;         ;         ;         ;         ;         ;         
;95% LL;         ;         ;         ;         ;         ;         ;         ;         ;         ;         ;         ;         ;         ;         ;         ;         ;         ;         ;         ;         ;         ;         ;         ;         ;         ;         ;         ;         ;         ;         ;         ;         ;4607.76000000;5830.17000000;6775.73000000;7234.42000000;7561.96000000;8228.19000000;10376.30000000;11080.20000000;11740.20000000;12343.70000000;12942.90000000;13530.20000000;14399.80000000;15280.20000000;16217.60000000;17168.10000000;18058.00000000;18940.00000000;19824.80000000;20747.40000000;21674.40000000;22605.10000000;23538.40000000;24431.60000000;25260.20000000;26079.20000000;26885.90000000;27704.00000000;28579.30000000;29434.50000000;30266.40000000;31072.60000000;31851.10000000;32600.90000000;33321.30000000;34012.40000000;34675.00000000;35309.90000000;35918.50000000;         ;         ;         ;         ;         ;         ;         ;         ;         ;         ;         ;         ;         ;         ;         
;95% UL;         ;         ;         ;         ;         ;         ;         ;         ;         ;         ;         ;         ;         ;         ;         ;         ;         ;         ;         ;         ;         ;         ;         ;         ;         ;         ;         ;         ;         ;         ;         ;         ;6343.60000000;9421.30000000;11532.60000000;12822.70000000;14407.20000000;15751.90000000;19712.90000000;21046.50000000;22221.70000000;23376.90000000;24513.10000000;25624.50000000;27059.20000000;28567.40000000;30082.40000000;31601.80000000;33117.00000000;34598.20000000;36122.50000000;37667.40000000;39163.60000000;40616.00000000;42063.90000000;43504.00000000;44932.30000000;46344.00000000;47824.70000000;49281.50000000;50705.20000000;52089.70000000;53430.20000000;54722.70000000;55964.50000000;57154.10000000;58290.90000000;59375.70000000;60410.00000000;61396.20000000;62337.00000000;         ;         ;         ;         ;         ;         ;         ;         ;         ;         ;         ;         ;         ;         ;         
Number of men who have sex with men using PrEP;Mean;         ;         ;         ;         ;         ;         ;         ;         ;         ;         ;         ;         ;         ;         ;         ;         ;         ;         ;         ;         ;         ;         ;         ;         ;         ;         ;         ;         ;         ;         ;         ;         ;4510.56000000;17094.30000000;26926.20000000;31160.10000000;33635.30000000;35112.50000000;40655.50000000;43273.20000000;45132.50000000;46790.50000000;48394.20000000;49975.70000000;52193.70000000;54628.50000000;57169.10000000;59793.70000000;62474.80000000;65205.70000000;67980.30000000;70785.60000000;73614.10000000;76460.60000000;79318.40000000;82184.20000000;85057.90000000;87938.00000000;90825.60000000;93718.40000000;96613.90000000;99513.10000000;102416.00000000;105322.00000000;108229.00000000;111134.00000000;114035.00000000;116931.00000000;119821.00000000;122707.00000000;125589.00000000;         ;         ;         ;         ;         ;         ;         ;         ;         ;         ;         ;         ;         ;         ;         
;95% LL;         ;         ;         ;         ;         ;         ;         ;         ;         ;         ;         ;         ;         ;         ;         ;         ;         ;         ;         ;         ;         ;         ;         ;         ;         ;         ;         ;         ;         ;         ;         ;         ;3562.49000000;14691.80000000;24018.10000000;28437.10000000;31724.20000000;33204.20000000;38445.30000000;40854.90000000;42521.00000000;43986.80000000;45396.80000000;46782.00000000;48840.50000000;51129.70000000;53529.80000000;56015.30000000;58558.60000000;61151.60000000;63787.70000000;66454.10000000;69143.00000000;71849.10000000;74566.30000000;77291.40000000;80024.60000000;82764.60000000;85512.80000000;88267.20000000;91025.80000000;93789.30000000;96558.40000000;99331.60000000;102108.00000000;104884.00000000;107658.00000000;110429.00000000;113196.00000000;115960.00000000;118722.00000000;         ;         ;         ;         ;         ;         ;         ;         ;         ;         ;         ;         ;         ;         ;         
;95% UL;         ;         ;         ;         ;         ;         ;         ;         ;         ;         ;         ;         ;         ;         ;         ;         ;         ;         ;         ;         ;         ;         ;         ;         ;         ;         ;         ;         ;         ;         ;         ;         ;5802.04000000;19948.40000000;30334.70000000;34484.20000000;36298.80000000;37995.30000000;43993.90000000;46919.20000000;49202.20000000;51087.60000000;53084.30000000;54986.20000000;57465.40000000;60124.20000000;62882.80000000;65725.60000000;68626.20000000;71578.70000000;74577.60000000;77609.50000000;80666.60000000;83742.80000000;86830.40000000;89925.20000000;93068.50000000;96242.20000000;99421.00000000;102566.00000000;105715.00000000;108895.00000000;112102.00000000;115311.00000000;118523.00000000;121748.00000000;124964.00000000;128127.00000000;131286.00000000;134439.00000000;137589.00000000;         ;         ;         ;         ;         ;         ;         ;         ;         ;         ;         ;         ;         ;         ;         
Number of AGYW using PrEP;Mean;         ;         ;         ;         ;         ;         ;         ;         ;         ;         ;         ;         ;         ;         ;         ;         ;         ;         ;         ;         ;         ;         ;         ;         ;         ;         ;         ;         ;         ;         ;         ;         ;1095.87000000;1466.72000000;8304.25000000;16174.30000000;84153.60000000;116636.00000000;142570.00000000;146089.00000000;147496.00000000;149223.00000000;151016.00000000;152919.00000000;157299.00000000;160873.00000000;164085.00000000;166808.00000000;168878.00000000;170657.00000000;172570.00000000;174223.00000000;175558.00000000;176421.00000000;176877.00000000;177109.00000000;177321.00000000;177711.00000000;178483.00000000;179321.00000000;180225.00000000;181260.00000000;182322.00000000;183293.00000000;184173.00000000;184985.00000000;185747.00000000;186478.00000000;187192.00000000;187893.00000000;188578.00000000;         ;         ;         ;         ;         ;         ;         ;         ;         ;         ;         ;         ;         ;         ;         
;95% LL;         ;         ;         ;         ;         ;         ;         ;         ;         ;         ;         ;         ;         ;         ;         ;         ;         ;         ;         ;         ;         ;         ;         ;         ;         ;         ;         ;         ;         ;         ;         ;         ;887.44700000;1106.46000000;7683.96000000;15067.70000000;81160.80000000;112391.00000000;137381.00000000;141182.00000000;143000.00000000;145011.00000000;147165.00000000;149502.00000000;153968.00000000;157577.00000000;160813.00000000;163556.00000000;165644.00000000;167392.00000000;169359.00000000;171069.00000000;172464.00000000;173386.00000000;173897.00000000;174141.00000000;174284.00000000;174684.00000000;175462.00000000;176363.00000000;177298.00000000;178238.00000000;179271.00000000;180259.00000000;181156.00000000;181982.00000000;182755.00000000;183492.00000000;184211.00000000;184914.00000000;185600.00000000;         ;         ;         ;         ;         ;         ;         ;         ;         ;         ;         ;         ;         ;         ;         
;95% UL;         ;         ;         ;         ;         ;         ;         ;         ;         ;         ;         ;         ;         ;         ;         ;         ;         ;         ;         ;         ;         ;         ;         ;         ;         ;         ;         ;         ;         ;         ;         ;         ;1220.18000000;1710.63000000;8653.03000000;16776.40000000;86305.60000000;119361.00000000;145869.00000000;148904.00000000;150068.00000000;151522.00000000;153009.00000000;154653.00000000;158994.00000000;162584.00000000;165838.00000000;168592.00000000;170677.00000000;172457.00000000;174356.00000000;175989.00000000;177303.00000000;178149.00000000;178593.00000000;178817.00000000;179024.00000000;179421.00000000;180199.00000000;181046.00000000;181952.00000000;182979.00000000;184031.00000000;184993.00000000;185869.00000000;186682.00000000;187450.00000000;188191.00000000;188916.00000000;189629.00000000;190324.00000000;         ;         ;         ;         ;         ;         ;         ;         ;         ;         ;         ;         ;         ;         ;         
Number of men starting PrEP;Mean;         ;         ;         ;         ;         ;         ;         ;         ;         ;         ;         ;         ;         ;         ;         ;         ;         ;         ;         ;         ;         ;         ;         ;         ;         ;         ;         ;         ;         ;         ;         ;7406.50000000;25433.10000000;34234.40000000;43900.40000000;89983.00000000;110279.00000000;135272.00000000;137024.00000000;139353.00000000;141803.00000000;144250.00000000;146635.00000000;152054.00000000;157468.00000000;162934.00000000;168476.00000000;174035.00000000;179614.00000000;185204.00000000;190779.00000000;196328.00000000;201845.00000000;207314.00000000;212732.00000000;218099.00000000;223412.00000000;228680.00000000;233898.00000000;239067.00000000;244195.00000000;249283.00000000;254326.00000000;259319.00000000;264252.00000000;269116.00000000;273904.00000000;278613.00000000;283238.00000000;287780.00000000;         ;         ;         ;         ;         ;         ;         ;         ;         ;         ;         ;         ;         ;         ;         ;         
;95% LL;         ;         ;         ;         ;         ;         ;         ;         ;         ;         ;         ;         ;         ;         ;         ;         ;         ;         ;         ;         ;         ;         ;         ;         ;         ;         ;         ;         ;         ;         ;         ;5848.10000000;22035.10000000;30856.70000000;40728.70000000;84585.00000000;103762.00000000;127366.00000000;128741.00000000;130648.00000000;132663.00000000;134666.00000000;136598.00000000;141726.00000000;146851.00000000;152033.00000000;157293.00000000;162576.00000000;167883.00000000;173205.00000000;178514.00000000;183802.00000000;189060.00000000;194276.00000000;199445.00000000;204567.00000000;209642.00000000;214676.00000000;219667.00000000;224615.00000000;229527.00000000;234405.00000000;239244.00000000;244040.00000000;248781.00000000;253460.00000000;258070.00000000;262606.00000000;267063.00000000;271442.00000000;         ;         ;         ;         ;         ;         ;         ;         ;         ;         ;         ;         ;         ;         ;         ;         
;95% UL;         ;         ;         ;         ;         ;         ;         ;         ;         ;         ;         ;         ;         ;         ;         ;         ;         ;         ;         ;         ;         ;         ;         ;         ;         ;         ;         ;         ;         ;         ;         ;9531.37000000;29370.90000000;38268.10000000;48279.50000000;96376.70000000;117989.00000000;144861.00000000;147347.00000000;150396.00000000;153392.00000000;156397.00000000;160073.00000000;165967.00000000;171815.00000000;177780.00000000;183848.00000000;189935.00000000;196047.00000000;202176.00000000;208343.00000000;214494.00000000;220618.00000000;226691.00000000;232682.00000000;238622.00000000;244510.00000000;250311.00000000;255979.00000000;261592.00000000;267156.00000000;272672.00000000;278135.00000000;283540.00000000;288874.00000000;294130.00000000;299300.00000000;304381.00000000;309371.00000000;314270.00000000;         ;         ;         ;         ;         ;         ;         ;         ;         ;         ;         ;         ;         ;         ;         ;         
Number of women starting PrEP;Mean;         ;         ;         ;         ;         ;         ;         ;         ;         ;         ;         ;         ;         ;         ;         ;         ;         ;         ;         ;         ;         ;         ;         ;         ;         ;         ;         ;         ;         ;         ;         ;14639.90000000;18778.70000000;40561.90000000;66153.70000000;275240.00000000;354073.00000000;424150.00000000;425229.00000000;429264.00000000;433647.00000000;438966.00000000;444415.00000000;459544.00000000;474263.00000000;486692.00000000;498252.00000000;508321.00000000;516830.00000000;524674.00000000;532866.00000000;540580.00000000;547680.00000000;553823.00000000;559133.00000000;563964.00000000;568706.00000000;573777.00000000;579601.00000000;585464.00000000;591367.00000000;597451.00000000;603486.00000000;609208.00000000;614614.00000000;619743.00000000;624630.00000000;629312.00000000;633812.00000000;638140.00000000;         ;         ;         ;         ;         ;         ;         ;         ;         ;         ;         ;         ;         ;         ;         ;         
;95% LL;         ;         ;         ;         ;         ;         ;         ;         ;         ;         ;         ;         ;         ;         ;         ;         ;         ;         ;         ;         ;         ;         ;         ;         ;         ;         ;         ;         ;         ;         ;         ;12090.60000000;14067.80000000;35725.30000000;61087.80000000;267009.00000000;343612.00000000;411456.00000000;413369.00000000;416580.00000000;420087.00000000;424219.00000000;430048.00000000;444702.00000000;459002.00000000;470952.00000000;482043.00000000;491407.00000000;499110.00000000;506142.00000000;513633.00000000;520863.00000000;527461.00000000;533051.00000000;537751.00000000;542127.00000000;546238.00000000;550484.00000000;555546.00000000;560770.00000000;566053.00000000;571542.00000000;577043.00000000;582265.00000000;587197.00000000;591872.00000000;596325.00000000;600590.00000000;604692.00000000;608642.00000000;         ;         ;         ;         ;         ;         ;         ;         ;         ;         ;         ;         ;         ;         ;         ;         
;95% UL;         ;         ;         ;         ;         ;         ;         ;         ;         ;         ;         ;         ;         ;         ;         ;         ;         ;         ;         ;         ;         ;         ;         ;         ;         ;         ;         ;         ;         ;         ;         ;16623.60000000;23006.60000000;44548.60000000;69864.70000000;281790.00000000;362252.00000000;434138.00000000;434631.00000000;438144.00000000;443109.00000000;450076.00000000;458043.00000000;473331.00000000;488242.00000000;500927.00000000;512844.00000000;523385.00000000;532386.00000000;540722.00000000;549379.00000000;557588.00000000;565212.00000000;571665.00000000;577396.00000000;582950.00000000;588689.00000000;594360.00000000;600277.00000000;606503.00000000;612612.00000000;618884.00000000;625065.00000000;630906.00000000;636538.00000000;642027.00000000;647255.00000000;652258.00000000;657058.00000000;661666.00000000;         ;         ;         ;         ;         ;         ;         ;         ;         ;         ;         ;         ;         ;         ;         ;         
Number of female sex workers starting PrEP;Mean;         ;         ;         ;         ;         ;         ;         ;         ;         ;         ;         ;         ;         ;         ;         ;         ;         ;         ;         ;         ;         ;         ;         ;         ;         ;         ;         ;         ;         ;         ;         ;13868.60000000;17650.30000000;20683.80000000;22220.90000000;23656.90000000;25507.60000000;32507.40000000;34023.60000000;35929.30000000;37858.50000000;39762.20000000;41623.40000000;44253.90000000;46859.40000000;49486.70000000;52135.60000000;54805.40000000;57487.60000000;60182.10000000;62889.20000000;65609.10000000;68340.00000000;71077.50000000;73815.20000000;76544.90000000;79256.70000000;81939.40000000;84581.30000000;87170.40000000;89695.80000000;92148.00000000;94519.30000000;96803.90000000;98998.00000000;101100.00000000;103110.00000000;105030.00000000;106864.00000000;108616.00000000;110290.00000000;         ;         ;         ;         ;         ;         ;         ;         ;         ;         ;         ;         ;         ;         ;         
;95% LL;         ;         ;         ;         ;         ;         ;         ;         ;         ;         ;         ;         ;         ;         ;         ;         ;         ;         ;         ;         ;         ;         ;         ;         ;         ;         ;         ;         ;         ;         ;         ;11568.60000000;13320.60000000;15247.90000000;16082.70000000;16476.50000000;17775.10000000;22748.20000000;23774.80000000;25113.50000000;26476.50000000;27704.60000000;28922.50000000;30856.60000000;32706.30000000;34701.10000000;36734.20000000;38676.60000000;40575.70000000;42539.10000000;44525.60000000;46521.40000000;48525.60000000;50535.20000000;52423.20000000;54207.80000000;55971.90000000;57709.10000000;59412.50000000;61273.80000000;63114.90000000;64906.00000000;66641.60000000;68317.90000000;69932.40000000;71483.80000000;72972.40000000;74399.50000000;75767.20000000;77078.20000000;78336.00000000;         ;         ;         ;         ;         ;         ;         ;         ;         ;         ;         ;         ;         ;         ;         
;95% UL;         ;         ;         ;         ;         ;         ;         ;         ;         ;         ;         ;         ;         ;         ;         ;         ;         ;         ;         ;         ;         ;         ;         ;         ;         ;         ;         ;         ;         ;         ;         ;15684.10000000;21550.60000000;25901.10000000;28380.60000000;31528.30000000;33959.90000000;43101.10000000;45041.80000000;47467.00000000;49915.20000000;52328.30000000;54689.80000000;57793.80000000;61019.30000000;64254.80000000;67501.30000000;70759.50000000;73986.80000000;77149.70000000;80551.70000000;83784.20000000;86913.20000000;90032.70000000;93135.50000000;96213.10000000;99254.90000000;102366.00000000;105503.00000000;108568.00000000;111548.00000000;114434.00000000;117217.00000000;119890.00000000;122451.00000000;124899.00000000;127236.00000000;129464.00000000;131588.00000000;133616.00000000;135552.00000000;         ;         ;         ;         ;         ;         ;         ;         ;         ;         ;         ;         ;         ;         ;         
Number of MSM starting PrEP;Mean;         ;         ;         ;         ;         ;         ;         ;         ;         ;         ;         ;         ;         ;         ;         ;         ;         ;         ;         ;         ;         ;         ;         ;         ;         ;         ;         ;         ;         ;         ;         ;7147.13000000;24647.50000000;33113.60000000;34167.20000000;35666.40000000;36576.70000000;44491.60000000;45405.50000000;46812.00000000;48337.30000000;49891.90000000;51441.60000000;54016.90000000;56565.10000000;59153.50000000;61811.50000000;64536.70000000;67305.40000000;70111.90000000;72939.00000000;75782.60000000;78638.50000000;81499.60000000;84364.50000000;87234.80000000;90108.20000000;92987.40000000;95868.20000000;98748.40000000;101631.00000000;104515.00000000;107399.00000000;110281.00000000;113157.00000000;116026.00000000;118887.00000000;121740.00000000;124587.00000000;127428.00000000;130264.00000000;         ;         ;         ;         ;         ;         ;         ;         ;         ;         ;         ;         ;         ;         ;         
;95% LL;         ;         ;         ;         ;         ;         ;         ;         ;         ;         ;         ;         ;         ;         ;         ;         ;         ;         ;         ;         ;         ;         ;         ;         ;         ;         ;         ;         ;         ;         ;         ;5637.98000000;21329.10000000;29825.60000000;31483.40000000;33809.60000000;34598.60000000;42021.20000000;42780.10000000;43998.50000000;45328.80000000;46685.30000000;48034.10000000;50467.40000000;52874.80000000;55323.20000000;57841.00000000;60426.00000000;63054.50000000;65720.30000000;68406.70000000;71109.00000000;73823.50000000;76543.40000000;79267.50000000;81997.50000000;84731.50000000;87472.60000000;90216.70000000;92961.90000000;95710.70000000;98463.60000000;101218.00000000;103972.00000000;106723.00000000;109468.00000000;112208.00000000;114942.00000000;117670.00000000;120395.00000000;123117.00000000;         ;         ;         ;         ;         ;         ;         ;         ;         ;         ;         ;         ;         ;         ;         
;95% UL;         ;         ;         ;         ;         ;         ;         ;         ;         ;         ;         ;         ;         ;         ;         ;         ;         ;         ;         ;         ;         ;         ;         ;         ;         ;         ;         ;         ;         ;         ;         ;9209.14000000;28519.90000000;37047.20000000;37522.00000000;38681.00000000;39671.00000000;48197.60000000;49491.80000000;51158.90000000;53067.10000000;54959.60000000;56817.60000000;59634.10000000;62396.00000000;65202.30000000;68081.60000000;71031.00000000;74026.20000000;77061.50000000;80118.90000000;83194.00000000;86281.70000000;89373.40000000;92467.10000000;95619.70000000;98789.00000000;101947.00000000;105081.00000000;108233.00000000;111419.00000000;114607.00000000;117796.00000000;120983.00000000;124164.00000000;127301.00000000;130427.00000000;133545.00000000;136656.00000000;139774.00000000;142915.00000000;         ;         ;         ;         ;         ;         ;         ;         ;         ;         ;         ;         ;         ;         ;         
Number of AGYW starting PrEP;Mean;         ;         ;         ;         ;         ;         ;         ;         ;         ;         ;         ;         ;         ;         ;         ;         ;         ;         ;         ;         ;         ;         ;         ;         ;         ;         ;         ;         ;         ;         ;         ;         ;         ;16703.00000000;34359.80000000;201651.00000000;261102.00000000;309210.00000000;307759.00000000;309260.00000000;311179.00000000;314047.00000000;317098.00000000;327312.00000000;337067.00000000;344612.00000000;351303.00000000;356870.00000000;360956.00000000;364397.00000000;368145.00000000;371424.00000000;374109.00000000;375877.00000000;376854.00000000;377387.00000000;377859.00000000;378680.00000000;380265.00000000;381960.00000000;383779.00000000;385868.00000000;388020.00000000;389995.00000000;391794.00000000;393458.00000000;395023.00000000;396520.00000000;397970.00000000;399380.00000000;400740.00000000;         ;         ;         ;         ;         ;         ;         ;         ;         ;         ;         ;         ;         ;         ;         
;95% LL;         ;         ;         ;         ;         ;         ;         ;         ;         ;         ;         ;         ;         ;         ;         ;         ;         ;         ;         ;         ;         ;         ;         ;         ;         ;         ;         ;         ;         ;         ;         ;         ;         ;14903.40000000;31443.20000000;194307.00000000;252644.00000000;299132.00000000;299606.00000000;302868.00000000;306226.00000000;309820.00000000;313182.00000000;323488.00000000;333124.00000000;340635.00000000;347328.00000000;353007.00000000;357286.00000000;360935.00000000;364794.00000000;368173.00000000;370994.00000000;372876.00000000;373957.00000000;374610.00000000;375199.00000000;376097.00000000;377667.00000000;379248.00000000;380934.00000000;382871.00000000;384895.00000000;386769.00000000;388494.00000000;390109.00000000;391646.00000000;393133.00000000;394589.00000000;396017.00000000;397403.00000000;         ;         ;         ;         ;         ;         ;         ;         ;         ;         ;         ;         ;         ;         ;         
;95% UL;         ;         ;         ;         ;         ;         ;         ;         ;         ;         ;         ;         ;         ;         ;         ;         ;         ;         ;         ;         ;         ;         ;         ;         ;         ;         ;         ;         ;         ;         ;         ;         ;         ;18110.20000000;36442.40000000;206998.00000000;267395.00000000;316793.00000000;314235.00000000;314639.00000000;315345.00000000;317850.00000000;321029.00000000;331198.00000000;340924.00000000;348409.00000000;354998.00000000;360476.00000000;364456.00000000;367762.00000000;371377.00000000;374658.00000000;377317.00000000;378961.00000000;379909.00000000;380441.00000000;380931.00000000;381783.00000000;383515.00000000;385389.00000000;387421.00000000;389529.00000000;391655.00000000;393652.00000000;395492.00000000;397174.00000000;398739.00000000;400225.00000000;401655.00000000;403127.00000000;404541.00000000;         ;         ;         ;         ;         ;         ;         ;         ;         ;         ;         ;         ;         ;         ;         
PrEP coverage in FSWs;Mean;         ;         ;         ;         ;         ;         ;         ;         ;         ;         ;         ;         ;         ;         ;         ;         ;         ;         ;         ;         ;         ;         ;         ;         ;         ;         ;         ;         ;         ;         ;         ;         ;0.09994660;0.12911300;0.14438500;0.14770000;0.14772100;0.14959700;0.17432100;0.17312700;0.17039400;0.16754500;0.16466700;0.16177100;0.16157300;0.16153800;0.16152000;0.16150900;0.16150400;0.16150200;0.16150400;0.16150900;0.16151400;0.16152100;0.16152900;0.16153900;0.16154900;0.16156000;0.16157400;0.16158900;0.16160600;0.16162500;0.16164600;0.16166800;0.16169000;0.16171300;0.16173500;0.16175700;0.16177900;0.16179900;0.16181900;         ;         ;         ;         ;         ;         ;         ;         ;         ;         ;         ;         ;         ;         ;         
;95% LL;         ;         ;         ;         ;         ;         ;         ;         ;         ;         ;         ;         ;         ;         ;         ;         ;         ;         ;         ;         ;         ;         ;         ;         ;         ;         ;         ;         ;         ;         ;         ;         ;0.08181820;0.11398000;0.13189400;0.13805900;0.14252200;0.14542500;0.16987000;0.16939900;0.16751600;0.16551200;0.16352000;0.16095700;0.16078500;0.16078200;0.16079200;0.16081000;0.16083500;0.16086000;0.16088500;0.16091200;0.16094000;0.16096900;0.16099800;0.16102800;0.16105800;0.16108900;0.16112100;0.16115400;0.16118800;0.16122300;0.16125900;0.16129500;0.16133100;0.16136600;0.16140000;0.16143400;0.16146600;0.16149500;0.16152300;         ;         ;         ;         ;         ;         ;         ;         ;         ;         ;         ;         ;         ;         ;         
;95% UL;         ;         ;         ;         ;         ;         ;         ;         ;         ;         ;         ;         ;         ;         ;         ;         ;         ;         ;         ;         ;         ;         ;         ;         ;         ;         ;         ;         ;         ;         ;         ;         ;0.11915400;0.14222700;0.15442400;0.15513800;0.15096600;0.15224700;0.17736600;0.17568700;0.17240300;0.16898200;0.16552100;0.16230800;0.16206900;0.16202100;0.16198400;0.16194500;0.16191400;0.16190200;0.16189600;0.16188600;0.16187700;0.16187000;0.16186600;0.16186100;0.16185800;0.16185700;0.16185900;0.16186400;0.16187100;0.16188100;0.16189200;0.16190300;0.16191800;0.16193300;0.16194900;0.16196500;0.16197900;0.16199400;0.16200800;         ;         ;         ;         ;         ;         ;         ;         ;         ;         ;         ;         ;         ;         ;         
PrEP coverage in MSM;Mean;         ;         ;         ;         ;         ;         ;         ;         ;         ;         ;         ;         ;         ;         ;         ;         ;         ;         ;         ;         ;         ;         ;         ;         ;         ;         ;         ;         ;         ;         ;         ;         ;0.01598090;0.05897250;0.09031050;0.10151700;0.10640400;0.10779000;0.12091700;0.12454300;0.12562500;0.12595200;0.12601600;0.12594800;0.12737800;0.12916900;0.13104400;0.13295300;0.13490300;0.13689300;0.13891400;0.14094600;0.14297300;0.14498000;0.14695100;0.14887600;0.15074800;0.15256000;0.15431600;0.15601600;0.15766000;0.15925600;0.16080800;0.16231500;0.16377800;0.16519200;0.16655700;0.16787500;0.16914700;0.17037700;0.17157200;         ;         ;         ;         ;         ;         ;         ;         ;         ;         ;         ;         ;         ;         ;         
;95% LL;         ;         ;         ;         ;         ;         ;         ;         ;         ;         ;         ;         ;         ;         ;         ;         ;         ;         ;         ;         ;         ;         ;         ;         ;         ;         ;         ;         ;         ;         ;         ;         ;0.01254770;0.05047190;0.08028530;0.09254980;0.10033700;0.10300600;0.11574500;0.11901400;0.11977400;0.11979100;0.11955300;0.11918800;0.12044100;0.12210100;0.12386200;0.12566500;0.12751100;0.12939600;0.13131000;0.13323300;0.13514800;0.13704300;0.13890300;0.14071800;0.14248200;0.14419100;0.14584800;0.14745300;0.14900800;0.15051800;0.15198800;0.15341900;0.15481000;0.15615600;0.15745700;0.15871400;0.15992900;0.16110600;0.16224900;         ;         ;         ;         ;         ;         ;         ;         ;         ;         ;         ;         ;         ;         ;         
;95% UL;         ;         ;         ;         ;         ;         ;         ;         ;         ;         ;         ;         ;         ;         ;         ;         ;         ;         ;         ;         ;         ;         ;         ;         ;         ;         ;         ;         ;         ;         ;         ;         ;0.02050340;0.06861660;0.10154700;0.11186900;0.11431600;0.11505200;0.12907400;0.13337400;0.13502200;0.13589500;0.13650700;0.13699600;0.13872600;0.14074200;0.14281600;0.14491800;0.14706300;0.14928400;0.15152100;0.15377400;0.15602400;0.15825500;0.16045000;0.16259700;0.16473000;0.16679500;0.16879300;0.17072400;0.17255200;0.17431600;0.17603000;0.17769600;0.17931200;0.18088000;0.18246800;0.18400200;0.18548500;0.18692300;0.18830000;         ;         ;         ;         ;         ;         ;         ;         ;         ;         ;         ;         ;         ;         ;         
PrEP coverage in sexually active AGYW;Mean;         ;         ;         ;         ;         ;         ;         ;         ;         ;         ;         ;         ;         ;         ;         ;         ;         ;         ;         ;         ;         ;         ;         ;         ;         ;         ;         ;         ;         ;         ;         ;         ;0.00033174;0.00044379;0.00251199;0.00488929;0.02537780;0.03497300;0.04207610;0.04216420;0.04154340;0.04089440;0.04025580;0.03963570;0.03973850;0.03986560;0.03999150;0.04010850;0.04021220;0.04031660;0.04044180;0.04056420;0.04067850;0.04077130;0.04083700;0.04087850;0.04090390;0.04092370;0.04095390;0.04098210;0.04100980;0.04104230;0.04107630;0.04110610;0.04113100;0.04115180;0.04116900;0.04118400;0.04119790;0.04121220;0.04122770;         ;         ;         ;         ;         ;         ;         ;         ;         ;         ;         ;         ;         ;         ;         
;95% LL;         ;         ;         ;         ;         ;         ;         ;         ;         ;         ;         ;         ;         ;         ;         ;         ;         ;         ;         ;         ;         ;         ;         ;         ;         ;         ;         ;         ;         ;         ;         ;         ;0.00026764;0.00033532;0.00231559;0.00455801;0.02432260;0.03354060;0.04037320;0.04063210;0.04014950;0.03974060;0.03927680;0.03881160;0.03895170;0.03909080;0.03922600;0.03934920;0.03946260;0.03957880;0.03971970;0.03985110;0.03997510;0.04007780;0.04014490;0.04017870;0.04019540;0.04020780;0.04023450;0.04026050;0.04028800;0.04032410;0.04036230;0.04039510;0.04042210;0.04044380;0.04046110;0.04047570;0.04048920;0.04050320;0.04051890;         ;         ;         ;         ;         ;         ;         ;         ;         ;         ;         ;         ;         ;         ;         
;95% UL;         ;         ;         ;         ;         ;         ;         ;         ;         ;         ;         ;         ;         ;         ;         ;         ;         ;         ;         ;         ;         ;         ;         ;         ;         ;         ;         ;         ;         ;         ;         ;         ;0.00037025;0.00051892;0.00262178;0.00506646;0.02599830;0.03580960;0.04306270;0.04307550;0.04235570;0.04160000;0.04085050;0.04011600;0.04020180;0.04032620;0.04045120;0.04056800;0.04067170;0.04077470;0.04089550;0.04101340;0.04112400;0.04121550;0.04128260;0.04132730;0.04135700;0.04138090;0.04141350;0.04144380;0.04147280;0.04150560;0.04153970;0.04156980;0.04159560;0.04161730;0.04163580;0.04165200;0.04166720;0.04168230;0.04169850;         ;         ;         ;         ;         ;         ;         ;         ;         ;         ;         ;         ;         ;         ;         
PrEP coverage in sexually active males;Mean;         ;         ;         ;         ;         ;         ;         ;         ;         ;         ;         ;         ;         ;         ;         ;         ;         ;         ;         ;         ;         ;         ;         ;         ;         ;         ;         ;         ;         ;         ;         ;         ;0.00031267;0.00116779;0.00181686;0.00241503;0.00442372;0.00587888;0.00726723;0.00772990;0.00787754;0.00791431;0.00790992;0.00788798;0.00796149;0.00806470;0.00817632;0.00828984;0.00840320;0.00851571;0.00862705;0.00873670;0.00884425;0.00894938;0.00905163;0.00915074;0.00924653;0.00933902;0.00942851;0.00951520;0.00959937;0.00968144;0.00976173;0.00984030;0.00991713;0.00999201;0.01006480;0.01013540;0.01020380;0.01027000;0.01033420;         ;         ;         ;         ;         ;         ;         ;         ;         ;         ;         ;         ;         ;         ;         
;95% LL;         ;         ;         ;         ;         ;         ;         ;         ;         ;         ;         ;         ;         ;         ;         ;         ;         ;         ;         ;         ;         ;         ;         ;         ;         ;         ;         ;         ;         ;         ;         ;         ;0.00024469;0.00099671;0.00160859;0.00220451;0.00420087;0.00559542;0.00692351;0.00735486;0.00748077;0.00749927;0.00747800;0.00743978;0.00750418;0.00760108;0.00770763;0.00781668;0.00792593;0.00803453;0.00814208;0.00824803;0.00835195;0.00845349;0.00855227;0.00864800;0.00874057;0.00883000;0.00891659;0.00900056;0.00908216;0.00916183;0.00923984;0.00931629;0.00939113;0.00946417;0.00953524;0.00960424;0.00967109;0.00973586;0.00979871;         ;         ;         ;         ;         ;         ;         ;         ;         ;         ;         ;         ;         ;         ;         
;95% UL;         ;         ;         ;         ;         ;         ;         ;         ;         ;         ;         ;         ;         ;         ;         ;         ;         ;         ;         ;         ;         ;         ;         ;         ;         ;         ;         ;         ;         ;         ;         ;         ;0.00040025;0.00135813;0.00204351;0.00265975;0.00472066;0.00623554;0.00770933;0.00822682;0.00839562;0.00844970;0.00847270;0.00850903;0.00861319;0.00873550;0.00886166;0.00898887;0.00911634;0.00924291;0.00936837;0.00949224;0.00961009;0.00972412;0.00983531;0.00994336;0.01004800;0.01014930;0.01024730;0.01034240;0.01043460;0.01052460;0.01061250;0.01069840;0.01078230;0.01086400;0.01094320;0.01102000;0.01109430;0.01116620;0.01123600;         ;         ;         ;         ;         ;         ;         ;         ;         ;         ;         ;         ;         ;         ;         
PrEP coverage in sexually active females;Mean;         ;         ;         ;         ;         ;         ;         ;         ;         ;         ;         ;         ;         ;         ;         ;         ;         ;         ;         ;         ;         ;         ;         ;         ;         ;         ;         ;         ;         ;         ;         ;         ;0.00040754;0.00056960;0.00117265;0.00192008;0.00750517;0.01019260;0.01216530;0.01224910;0.01215290;0.01203970;0.01194580;0.01185600;0.01198500;0.01212400;0.01220620;0.01225710;0.01227230;0.01225200;0.01221600;0.01218750;0.01215270;0.01210730;0.01204430;0.01196570;0.01187860;0.01179130;0.01171210;0.01164950;0.01159150;0.01153670;0.01148700;0.01143870;0.01138710;0.01133150;0.01127280;0.01121150;0.01114870;0.01108500;0.01102070;         ;         ;         ;         ;         ;         ;         ;         ;         ;         ;         ;         ;         ;         ;         
;95% LL;         ;         ;         ;         ;         ;         ;         ;         ;         ;         ;         ;         ;         ;         ;         ;         ;         ;         ;         ;         ;         ;         ;         ;         ;         ;         ;         ;         ;         ;         ;         ;         ;0.00033914;0.00043338;0.00102882;0.00177387;0.00726102;0.00990258;0.01182260;0.01191760;0.01183660;0.01174260;0.01165020;0.01153790;0.01166160;0.01179690;0.01187320;0.01191080;0.01191300;0.01188380;0.01184120;0.01180700;0.01176660;0.01171540;0.01164260;0.01155390;0.01146530;0.01137030;0.01128400;0.01121530;0.01115210;0.01109050;0.01103260;0.01097850;0.01092320;0.01086330;0.01080130;0.01073680;0.01066550;0.01059810;0.01053160;         ;         ;         ;         ;         ;         ;         ;         ;         ;         ;         ;         ;         ;         ;         
;95% UL;         ;         ;         ;         ;         ;         ;         ;         ;         ;         ;         ;         ;         ;         ;         ;         ;         ;         ;         ;         ;         ;         ;         ;         ;         ;         ;         ;         ;         ;         ;         ;         ;0.00046292;0.00069255;0.00129946;0.00203445;0.00771169;0.01045700;0.01248340;0.01255370;0.01243720;0.01230230;0.01223600;0.01219360;0.01232420;0.01246210;0.01254410;0.01259720;0.01262220;0.01261080;0.01258280;0.01256270;0.01253400;0.01249510;0.01243820;0.01236450;0.01227910;0.01219280;0.01211390;0.01205030;0.01199060;0.01193310;0.01188250;0.01183360;0.01178180;0.01172620;0.01166750;0.01160640;0.01154370;0.01147980;0.01141520;         ;         ;         ;         ;         ;         ;         ;         ;         ;         ;         ;         ;         ;         ;         
PrEP coverage in sexually active individuals;Mean;         ;         ;         ;         ;         ;         ;         ;         ;         ;         ;         ;         ;         ;         ;         ;         ;         ;         ;         ;         ;         ;         ;         ;         ;         ;         ;         ;         ;         ;         ;         ;         ;0.00036105;0.00086379;0.00149001;0.00216438;0.00598350;0.00806010;0.00974244;0.01001260;0.01003610;0.00999634;0.00994593;0.00988911;0.00999008;0.01011110;0.01020770;0.01028960;0.01035350;0.01039910;0.01043630;0.01047650;0.01051270;0.01054230;0.01056180;0.01057190;0.01057610;0.01057850;0.01058360;0.01059550;0.01060860;0.01062210;0.01063730;0.01065230;0.01066470;0.01067400;0.01068050;0.01068460;0.01068670;0.01068710;0.01068600;         ;         ;         ;         ;         ;         ;         ;         ;         ;         ;         ;         ;         ;         ;         
;95% LL;         ;         ;         ;         ;         ;         ;         ;         ;         ;         ;         ;         ;         ;         ;         ;         ;         ;         ;         ;         ;         ;         ;         ;         ;         ;         ;         ;         ;         ;         ;         ;         ;0.00035555;0.00084198;0.00145184;0.00211753;0.00592957;0.00799690;0.00966415;0.00994854;0.00994941;0.00987797;0.00979626;0.00969665;0.00978975;0.00990683;0.00999947;0.01007530;0.01013220;0.01017070;0.01020060;0.01023330;0.01026190;0.01028430;0.01029690;0.01030060;0.01029900;0.01029610;0.01029620;0.01030340;0.01031210;0.01032160;0.01033310;0.01034460;0.01035360;0.01035990;0.01036370;0.01036540;0.01036530;0.01036380;0.01036110;         ;         ;         ;         ;         ;         ;         ;         ;         ;         ;         ;         ;         ;         ;         
;95% UL;         ;         ;         ;         ;         ;         ;         ;         ;         ;         ;         ;         ;         ;         ;         ;         ;         ;         ;         ;         ;         ;         ;         ;         ;         ;         ;         ;         ;         ;         ;         ;         ;0.00036856;0.00089027;0.00153249;0.00221661;0.00605153;0.00814380;0.00984498;0.01010130;0.01015130;0.01016920;0.01016480;0.01016890;0.01028430;0.01041030;0.01050920;0.01059210;0.01065590;0.01070140;0.01073840;0.01078260;0.01082320;0.01085730;0.01087820;0.01088950;0.01089750;0.01090540;0.01091610;0.01093440;0.01095360;0.01097270;0.01099380;0.01101240;0.01102840;0.01104140;0.01105120;0.01105600;0.01105890;0.01106360;0.01106670;         ;         ;         ;         ;         ;         ;         ;         ;         ;         ;         ;         ;         ;         ;         
;;         ;         ;         ;         ;         ;         ;         ;         ;         ;         ;         ;         ;         ;         ;         ;         ;         ;         ;         ;         ;         ;         ;         ;         ;         ;         ;         ;         ;         ;         ;         ;         ;         ;         ;         ;         ;         ;         ;         ;         ;         ;         ;         ;         ;         ;         ;         ;         ;         ;         ;         ;         ;         ;         ;         ;         ;         ;         ;         ;         ;         ;         ;         ;         ;         ;         ;         ;         ;         ;         ;         ;         ;         ;         ;         ;         ;         ;         ;         ;         ;         ;         ;         ;         ;         ;         
;;;;;;;;;;;;;;;;;;;;;;;;;;;;;;;;;;;;;;;;;;;;;;;;;;;;;;;;;;;;;;;;;;;;;;;;;;;;;;;;;;;;;;;
;;         ;         ;         ;         ;         ;         ;         ;         ;         ;         ;         ;         ;         ;         ;         ;         ;         ;         ;         ;         ;         ;         ;         ;         ;         ;         ;         ;         ;         ;         ;         ;         ;0.00037328;0.00090218;0.00155219;0.00224205;0.00608410;0.00817904;0.00988597;0.01013600;0.01017820;0.01019510;0.01019920;0.01020130;0.01031710;0.01044670;0.01055040;0.01063860;0.01070860;0.01076260;0.01080340;0.01085010;0.01088870;0.01091790;0.01093680;0.01094630;0.01094980;0.01095140;0.01095610;0.01097090;0.01098690;0.01100440;0.01102600;0.01104670;0.01106400;0.01107670;0.01108330;0.01108720;0.01109090;0.01109550;0.01109840;         ;         ;         ;         ;         ;         ;         ;         ;         ;         ;         ;         ;         ;         ;         
;;         ;         ;         ;         ;         ;         ;         ;         ;         ;         ;         ;         ;         ;         ;         ;         ;         ;         ;         ;         ;         ;         ;         ;         ;         ;         ;         ;         ;         ;         ;         ;         ;         ;         ;         ;         ;         ;         ;         ;         ;         ;         ;         ;         ;         ;         ;         ;         ;         ;         ;         ;         ;         ;         ;         ;         ;         ;         ;         ;         ;         ;         ;         ;         ;         ;         ;         ;         ;         ;         ;         ;         ;         ;         ;         ;         ;         ;         ;         ;         ;         ;         ;         ;         ;         ;         
