;;1985;1986;1987;1988;1989;1990;1991;1992;1993;1994;1995;1996;1997;1998;1999;2000;2001;2002;2003;2004;2005;2006;2007;2008;2009;2010;2011;2012;2013;2014;2015;2016;2017;2018;2019;2020;2021;2022;2023;2024;2025;2026;2027;2028;2029;2030;;;;;;;;;;;;;;;;;;;;;;;;;;;;;;;;;;;;;;;;
;;;;;;;;;;;;;;;;;;;;;;;;;;;;;;;;;;;;;;;;;;;;;;;;;;;;;;;;;;;;;;;;;;;;;;;;;;;;;;;;;;;;;;;
Additional calibration statistics;;;;;;;;;;;;;;;;;;;;;;;;;;;;;;;;;;;;;;;;;;;;;;;;;;;;;;;;;;;;;;;;;;;;;;;;;;;;;;;;;;;;;;;
;;;;;;;;;;;;;;;;;;;;;;;;;;;;;;;;;;;;;;;;;;;;;;;;;;;;;;;;;;;;;;;;;;;;;;;;;;;;;;;;;;;;;;;
Adjusted ANC prevalence, 15-19;Mean;         ;         ;         ;         ;         ;         ;0.0208698;0.0370513;0.0589048;0.0847771;0.111918;0.138089;0.167607;0.182879;0.192511;0.196975;0.196511;0.191963;0.184701;0.176086;0.166831;0.157748;0.149815;0.142961;0.135635;0.128863;0.124011;0.120183;0.117983;0.116822;0.116156;0.106934;0.106798;0.105703;0.103751;0.101661;0.0981784;0.094462;0.0906451;0.0869993;0.0828255;0.0780218;0.0725582;0.0664207;0.0600319;0.0543175;0.0495545;0.0451585;0.0409091;0.0369215;0.0337231;0.0308669;0.0284706;0.0262887;0.024278;0.0224533;0.0208194;0.0193704;0.0181117;0.0169977;0.0160052;0.0151193;0.0143202;0.0135897;0.0129105;0.0122731;0.0116717;0.0111022;0.0105616;0.0100481;0.00956072;         ;         ;         ;         ;         ;         ;         ;         ;         ;         ;         ;         ;         ;         ;         
;95% LL;         ;         ;         ;         ;         ;         ;0.0144465;0.027862;0.0469109;0.0708218;0.0968871;0.122917;0.153185;0.169539;0.180028;0.18419;0.18414;0.179771;0.172944;0.164972;0.156339;0.147921;0.140558;0.134256;0.12734;0.121021;0.116498;0.11268;0.110468;0.109468;0.108807;0.0992791;0.0990865;0.0978085;0.0957641;0.0936746;0.0903327;0.0867958;0.0831879;0.0797534;0.0758253;0.0713652;0.0663289;0.0606721;0.0547382;0.0495111;0.0451796;0.041157;0.0372798;0.0336193;0.030725;0.0280763;0.0258338;0.0238238;0.0219615;0.020282;0.0187901;0.0174658;0.0163065;0.0152782;0.0143948;0.0135834;0.0128492;0.0121802;0.0115523;0.0109621;0.0104077;0.00988347;0.00938671;0.00891563;0.00846952;         ;         ;         ;         ;         ;         ;         ;         ;         ;         ;         ;         ;         ;         ;         
;95% UL;         ;         ;         ;         ;         ;         ;0.0283387;0.0474097;0.072032;0.0992622;0.12657;0.152455;0.181809;0.196623;0.206333;0.210526;0.209348;0.204391;0.196325;0.18704;0.17709;0.167488;0.159071;0.152014;0.144423;0.137375;0.132341;0.128395;0.12619;0.125096;0.124511;0.115442;0.115338;0.114225;0.112352;0.11035;0.106825;0.102972;0.0989322;0.0950187;0.0904838;0.0852334;0.0792557;0.0725444;0.065563;0.0593245;0.054131;0.0493373;0.0446979;0.0403955;0.037006;0.0339794;0.0314374;0.0290956;0.0269199;0.0249373;0.0231573;0.0215786;0.0202278;0.0190512;0.0180067;0.0170785;0.0162424;0.0154784;0.0147671;0.0140981;0.0134649;0.0128631;0.0122894;0.011742;0.0112198;         ;         ;         ;         ;         ;         ;         ;         ;         ;         ;         ;         ;         ;         ;         
Adjusted ANC prevalence, 20-24;Mean;         ;         ;         ;         ;         ;         ;0.0253578;0.0452307;0.0716453;0.103426;0.139135;0.177066;0.222561;0.257464;0.287951;0.312456;0.329863;0.339671;0.342318;0.339608;0.332541;0.322154;0.310528;0.298368;0.284311;0.270291;0.260013;0.250384;0.240403;0.230658;0.221964;0.205887;0.198906;0.192422;0.186039;0.180428;0.175215;0.170371;0.165421;0.160159;0.154551;0.148796;0.142915;0.137066;0.131213;0.124613;0.117081;0.10896;0.100469;0.0919389;0.0838452;0.0766415;0.0699277;0.0637055;0.0580225;0.0532208;0.0489459;0.0452177;0.0418134;0.0387181;0.0359377;0.0334577;0.0312604;0.0293339;0.0276215;0.0260891;0.0247106;0.0234564;0.0223006;0.0212233;0.0202121;         ;         ;         ;         ;         ;         ;         ;         ;         ;         ;         ;         ;         ;         ;         
;95% LL;         ;         ;         ;         ;         ;         ;0.0175364;0.034169;0.057457;0.0859149;0.120611;0.158748;0.204849;0.240754;0.271584;0.296284;0.315426;0.326029;0.328878;0.326705;0.319678;0.308788;0.297191;0.285153;0.271189;0.257132;0.246818;0.23741;0.227824;0.218461;0.210185;0.19413;0.187356;0.181026;0.174676;0.169156;0.163876;0.158865;0.153701;0.148201;0.142606;0.13702;0.131371;0.125639;0.120281;0.114341;0.107421;0.0997458;0.0918144;0.0838786;0.0764615;0.0698546;0.0636261;0.0579274;0.0527466;0.0483398;0.0444164;0.0409562;0.0378403;0.0350345;0.0325042;0.0302022;0.0281757;0.0263933;0.0248043;0.0233786;0.0220936;0.0209235;0.0198654;0.0189026;0.0179981;         ;         ;         ;         ;         ;         ;         ;         ;         ;         ;         ;         ;         ;         ;         
;95% UL;         ;         ;         ;         ;         ;         ;0.0340588;0.0570751;0.0863669;0.120233;0.156721;0.194721;0.240006;0.273658;0.303845;0.327487;0.344154;0.353429;0.355683;0.352786;0.346171;0.33632;0.325113;0.313282;0.29944;0.285534;0.275348;0.265708;0.255612;0.245697;0.236837;0.220753;0.213633;0.207013;0.200457;0.194714;0.18941;0.184477;0.179408;0.173719;0.167557;0.161408;0.155277;0.149077;0.142962;0.136074;0.128193;0.119666;0.110714;0.101676;0.0930599;0.0853551;0.0781446;0.0714411;0.0653042;0.0601028;0.0554605;0.0513942;0.0476682;0.0442704;0.0412122;0.0384827;0.0360685;0.0339362;0.0320038;0.0302735;0.028714;0.0272893;0.0259707;0.0247364;0.0235729;         ;         ;         ;         ;         ;         ;         ;         ;         ;         ;         ;         ;         ;         ;         
Adjusted ANC prevalence, 25-29;Mean;         ;         ;         ;         ;         ;         ;0.0198478;0.0354013;0.0558726;0.0802499;0.107619;0.137155;0.176073;0.206553;0.236349;0.264898;0.291457;0.315444;0.335968;0.353699;0.367863;0.378123;0.384707;0.387584;0.386355;0.383243;0.381881;0.378681;0.371906;0.362716;0.353162;0.336573;0.325941;0.314061;0.301384;0.288672;0.275928;0.263222;0.251804;0.24129;0.231493;0.222895;0.215256;0.207877;0.200559;0.193262;0.186053;0.178876;0.171828;0.164756;0.156888;0.147931;0.138248;0.128083;0.117791;0.107873;0.0989089;0.090548;0.0828393;0.0758275;0.0698285;0.06448;0.0597719;0.055465;0.0515524;0.048032;0.0448798;0.0420755;0.0396017;0.0373924;0.0354065;         ;         ;         ;         ;         ;         ;         ;         ;         ;         ;         ;         ;         ;         ;         
;95% LL;         ;         ;         ;         ;         ;         ;0.0138073;0.0268818;0.0454702;0.0679372;0.0929955;0.120447;0.158931;0.188534;0.218888;0.247051;0.274774;0.299028;0.320893;0.340449;0.354581;0.364152;0.37093;0.372676;0.371882;0.367946;0.366616;0.363124;0.356657;0.347442;0.337913;0.320504;0.310303;0.298893;0.286126;0.274074;0.261386;0.248691;0.237354;0.227104;0.217151;0.208533;0.201229;0.193783;0.186041;0.17868;0.171809;0.165025;0.158207;0.15134;0.143713;0.135545;0.126552;0.116985;0.107432;0.0983085;0.090105;0.0823603;0.0753155;0.0688018;0.063209;0.0582173;0.0538263;0.0498965;0.0462977;0.0431103;0.0402543;0.037703;0.035395;0.0333113;0.0314724;         ;         ;         ;         ;         ;         ;         ;         ;         ;         ;         ;         ;         ;         ;         
;95% UL;         ;         ;         ;         ;         ;         ;0.0279634;0.0466907;0.0684731;0.0936111;0.121987;0.152411;0.191163;0.222302;0.25147;0.280435;0.305661;0.330519;0.349869;0.367301;0.382312;0.391977;0.398645;0.40162;0.401606;0.39842;0.397891;0.395388;0.389183;0.380436;0.370963;0.354282;0.344596;0.332762;0.320058;0.307334;0.294647;0.281957;0.270516;0.259912;0.250167;0.241688;0.234076;0.226678;0.219287;0.211856;0.204485;0.197115;0.189846;0.182519;0.174312;0.164905;0.154664;0.143836;0.132798;0.122096;0.11236;0.103238;0.0947968;0.0869731;0.0802139;0.0742202;0.0690076;0.0642082;0.0598137;0.0558278;0.0522383;0.0490369;0.0462106;0.0436905;0.0414334;         ;         ;         ;         ;         ;         ;         ;         ;         ;         ;         ;         ;         ;         ;         
Adjusted ANC prevalence, 30-34;Mean;         ;         ;         ;         ;         ;         ;0.0188273;0.0332075;0.051591;0.0727373;0.0956523;0.119501;0.152248;0.175922;0.198855;0.220849;0.241659;0.261036;0.278925;0.296626;0.314465;0.33304;0.353205;0.37466;0.395958;0.416927;0.439232;0.456236;0.465967;0.469276;0.468844;0.459642;0.453201;0.444021;0.432731;0.419883;0.405566;0.389689;0.3729;0.355622;0.338244;0.320875;0.304191;0.289551;0.276465;0.264548;0.254275;0.24526;0.236822;0.228581;0.220458;0.212592;0.204808;0.197016;0.188972;0.179898;0.169514;0.158439;0.147057;0.135694;0.12462;0.114509;0.105121;0.0966008;0.0889087;0.0822217;0.0762377;0.0709067;0.0660192;0.0615858;0.0576004;         ;         ;         ;         ;         ;         ;         ;         ;         ;         ;         ;         ;         ;         ;         
;95% LL;         ;         ;         ;         ;         ;         ;0.0131578;0.0251568;0.0419778;0.0613849;0.0826367;0.104924;0.137341;0.161082;0.184422;0.205884;0.226766;0.246608;0.264784;0.283011;0.300126;0.319146;0.339236;0.360141;0.380542;0.40162;0.422266;0.43875;0.448508;0.451619;0.451005;0.441649;0.435727;0.42712;0.415592;0.40267;0.387797;0.37153;0.354647;0.338097;0.320644;0.303616;0.287101;0.272718;0.259471;0.247911;0.237987;0.229273;0.220917;0.212135;0.203983;0.196364;0.188813;0.180943;0.173349;0.164748;0.154963;0.144702;0.134144;0.123522;0.113244;0.10402;0.0953007;0.0874048;0.0802742;0.0740299;0.0685618;0.0636658;0.0590687;0.0549479;0.0514412;         ;         ;         ;         ;         ;         ;         ;         ;         ;         ;         ;         ;         ;         ;         
;95% UL;         ;         ;         ;         ;         ;         ;0.0268977;0.044289;0.0638166;0.0849474;0.107234;0.131639;0.164579;0.188914;0.212433;0.235132;0.256582;0.276037;0.294277;0.311879;0.330075;0.348863;0.369156;0.390686;0.412025;0.433027;0.455393;0.47242;0.482179;0.485732;0.485986;0.47759;0.471212;0.462696;0.452005;0.439739;0.425961;0.410517;0.394053;0.376992;0.359728;0.342375;0.325637;0.311608;0.298963;0.287347;0.277267;0.268367;0.260011;0.251808;0.243671;0.235754;0.22786;0.219886;0.211569;0.202091;0.191148;0.179379;0.167154;0.154632;0.142354;0.131187;0.120959;0.111625;0.103153;0.095741;0.089074;0.0830899;0.077569;0.0725266;0.0679639;         ;         ;         ;         ;         ;         ;         ;         ;         ;         ;         ;         ;         ;         ;         
Adjusted ANC prevalence, 35-39;Mean;         ;         ;         ;         ;         ;         ;0.0142901;0.0254498;0.040047;0.0572739;0.0763778;0.0965729;0.126109;0.146347;0.165751;0.184036;0.200916;0.216096;0.229732;0.24284;0.255723;0.269079;0.284042;0.301081;0.319885;0.34149;0.368549;0.396132;0.422166;0.445438;0.466019;0.477368;0.488963;0.494998;0.496279;0.493817;0.487341;0.478044;0.466356;0.452606;0.437074;0.420519;0.402812;0.384426;0.365854;0.347423;0.329266;0.312008;0.297152;0.283981;0.272025;0.26179;0.252797;0.244368;0.236091;0.22795;0.220129;0.212362;0.204449;0.196124;0.186652;0.175788;0.164358;0.152789;0.141321;0.130029;0.119698;0.110146;0.101578;0.0938641;0.0870833;         ;         ;         ;         ;         ;         ;         ;         ;         ;         ;         ;         ;         ;         ;         
;95% LL;         ;         ;         ;         ;         ;         ;0.00982927;0.0192062;0.0322848;0.0479042;0.0655733;0.0840721;0.112726;0.133304;0.152127;0.169755;0.18689;0.202432;0.215444;0.228428;0.240703;0.253582;0.268511;0.285505;0.304589;0.32587;0.351999;0.379351;0.40555;0.428605;0.448358;0.459139;0.470481;0.476399;0.477684;0.475242;0.468734;0.459918;0.448543;0.434669;0.418637;0.402274;0.384439;0.36567;0.347175;0.328904;0.311813;0.294775;0.279692;0.266895;0.255348;0.245127;0.23611;0.227649;0.219221;0.211268;0.203237;0.19513;0.187353;0.179478;0.170314;0.160293;0.149738;0.138807;0.128307;0.117878;0.108283;0.0994122;0.0915067;0.0845026;0.0781126;         ;         ;         ;         ;         ;         ;         ;         ;         ;         ;         ;         ;         ;         ;         
;95% UL;         ;         ;         ;         ;         ;         ;0.0202027;0.033748;0.0495118;0.0671221;0.0861912;0.106725;0.136492;0.157188;0.177503;0.196349;0.213683;0.229998;0.244573;0.258461;0.271966;0.285803;0.301144;0.318475;0.33747;0.359181;0.386329;0.41384;0.439663;0.462686;0.483024;0.494362;0.50583;0.511814;0.513482;0.511712;0.505226;0.495985;0.485732;0.472165;0.45699;0.441004;0.423734;0.405658;0.387292;0.368975;0.351186;0.334866;0.320726;0.308099;0.296556;0.286631;0.277877;0.269651;0.261529;0.253493;0.24572;0.237912;0.229852;0.221225;0.211084;0.199344;0.186887;0.174348;0.162054;0.149854;0.138592;0.128109;0.118647;0.110081;0.102506;         ;         ;         ;         ;         ;         ;         ;         ;         ;         ;         ;         ;         ;         ;         
Adjusted ANC prevalence, 15-49;Mean;         ;         ;         ;         ;         ;         ;0.0208665;0.0371304;0.0586337;0.0841918;0.112395;0.141914;0.179022;0.205741;0.229678;0.250241;0.266884;0.279431;0.288037;0.293974;0.297573;0.299385;0.300528;0.301205;0.300349;0.299369;0.301082;0.301971;0.305099;0.306961;0.308504;0.297909;0.29361;0.28798;0.281207;0.273962;2.66E-01;0.257235;0.248372;0.23929;0.22993;0.22055;0.211228;0.202121;0.193201;0.18435;0.175691;0.167201;0.158955;0.150907;0.143036;0.135407;0.127951;0.120654;0.113516;0.106616;0.0999765;0.0935899;0.0874478;0.0815736;0.0760265;0.0708133;0.0659444;0.0614082;0.0571922;0.0533117;0.049759;0.0465078;0.0435317;0.040801;0.0383061;         ;         ;         ;         ;         ;         ;         ;         ;         ;         ;         ;         ;         ;         ;         
;95% LL;         ;         ;         ;         ;         ;         ;0.0144778;0.0276722;0.0476754;0.0708506;0.0970744;0.125884;0.163832;0.190576;0.215067;0.235534;0.253339;0.266829;0.275996;0.282139;0.285674;0.287434;0.288692;0.288971;0.287684;0.286553;0.288362;0.289338;0.292291;0.294001;0.295434;0.284582;0.280322;0.274609;0.26743;0.260345;2.53E-01;0.24404;0.235208;0.226189;0.217056;0.207718;0.198419;0.189335;0.180447;0.171851;0.163547;0.155485;0.147598;0.139791;0.132178;0.124862;0.117838;0.110983;0.104294;0.0978386;0.091634;0.0856749;0.0799185;0.0744323;0.0693191;0.0644343;0.0598636;0.0556119;0.0516666;0.0480764;0.0448914;0.0418721;0.0391135;0.0365779;0.034284;         ;         ;         ;         ;         ;         ;         ;         ;         ;         ;         ;         ;         ;         ;         
;95% UL;         ;         ;         ;         ;         ;         ;0.0281164;0.0471326;0.0706257;0.0976426;0.126722;0.156481;0.19313;0.219241;0.241671;0.262626;0.279445;0.29163;0.300582;0.306741;0.310469;0.312339;0.313516;0.314221;0.313381;0.312415;0.314177;0.315353;0.318838;0.321037;0.322916;0.312715;0.308629;0.302928;2.96E-01;2.89E-01;2.81E-01;0.27262;0.263957;0.255002;0.245683;0.236264;0.226767;0.217431;0.208238;0.199281;0.190636;0.182103;0.17376;0.165569;0.15751;0.149653;0.141924;0.134311;0.126818;0.119538;0.112495;0.105686;0.099102;0.0927757;0.086656;0.080847;0.0754037;0.0703409;0.0657181;0.0614451;0.0575181;0.0539119;0.0506006;0.047554;0.0447643;         ;         ;         ;         ;         ;         ;         ;         ;         ;         ;         ;         ;         ;         ;         
Prevalence in children aged 2-14;Mean;         ;8.46E-07;3.72E-06;1.17E-05;2.86E-05;6.59E-05;0.000146597;0.000311151;0.000611596;0.00109953;0.00181033;0.00275596;0.00394493;0.00535653;0.0070101;0.00878431;0.0106851;0.0127148;0.014784;0.0168435;0.0187945;0.0206234;0.0224138;0.0239981;0.0252068;0.0260463;0.0265131;0.0264997;0.025969;0.0251489;0.0240974;0.0228383;0.0213483;0.0197745;0.018172;0.0165311;0.0149156;0.0133629;0.0118857;0.0105478;0.00949035;0.00865086;0.00789109;0.00717499;0.00652473;0.00602065;0.00558021;0.00522111;0.00490027;0.00460607;0.00433822;0.00409493;0.00387065;0.00366319;0.00346942;0.00328654;0.00311296;0.00294796;0.00279114;0.00264092;0.00249676;0.00235854;0.00222622;0.00209979;0.00197932;0.00186491;0.00175661;0.00165437;0.00155804;0.00146745;0.00138243;         ;         ;         ;         ;         ;         ;         ;         ;         ;         ;         ;         ;         ;         ;         
;95% LL;         ;2.78E-07;1.28E-06;4.35E-06;1.21E-05;3.30E-05;8.51E-05;0.000201063;0.000422331;0.000821748;0.0013872;0.0022487;0.0033054;0.00458437;0.00610817;0.00776817;0.00957;0.0115587;0.0135901;0.0156946;0.0176597;0.0194847;0.0212903;0.0229403;0.0242071;0.0251672;0.0257535;0.0257621;0.0252846;0.0244723;0.0234569;0.0222379;0.0207763;0.0192624;0.0176752;0.0160729;0.0144645;0.0129294;0.0114667;0.010147;0.00909953;0.00826757;0.00751873;0.00681942;0.0061893;0.00570164;0.00527609;0.00492721;0.00462675;0.00435629;0.00410615;0.0038741;0.00366359;0.00346404;0.00327574;0.00309747;0.00293316;0.00277232;0.00262135;0.00247977;0.00233828;0.00220289;0.00207362;0.00195044;0.00183354;0.00172481;0.00162261;0.0015243;0.00143186;0.00134492;0.00126352;         ;         ;         ;         ;         ;         ;         ;         ;         ;         ;         ;         ;         ;         ;         
;95% UL;         ;1.28E-06;5.63E-06;1.78E-05;4.35E-05;9.95E-05;0.000216804;0.000444039;0.000839556;0.00145239;0.00228431;0.00336351;0.00467391;0.00619714;0.00792239;0.00975987;0.0116948;0.0137645;0.0158396;0.0179233;0.0198981;0.0216532;0.0233488;0.024883;0.0260447;0.0268425;0.0272435;0.0272174;0.0266763;0.0258388;0.0247579;0.0234745;0.0219426;0.0203222;0.0186706;0.0169973;0.0153756;0.0137986;0.0123025;0.0109581;0.00988436;0.00904866;0.00827136;0.00753337;0.00686408;0.00634447;0.00589273;0.00552525;0.00519808;0.00489547;0.00462374;0.00438644;0.00416721;0.00396391;0.00377333;0.00359262;0.00342008;0.00325495;0.00309686;0.00294418;0.00279641;0.00265355;0.00251565;0.00238287;0.00225539;0.00213349;0.00201736;0.0019071;0.00180268;0.00170404;0.00161109;         ;         ;         ;         ;         ;         ;         ;         ;         ;         ;         ;         ;         ;         ;         
Children starting ART aged <12 months;Mean;         ;         ;         ;         ;         ;         ;         ;         ;         ;         ;         ;         ;         ;         ;         ;95.1755;131.299;140.273;189.589;725.572;1404.36;2047.35;2777.77;4457.95;6894.98;7305.07;6162.83;5985.05;5896.48;4959.54;3517.06;2097.88;1735.62;1537.61;1447.96;1077.44;1034.18;981.304;966.325;950.9;937.8;925.713;910.994;864.81;824.599;786.507;749.948;714.821;680.815;647.652;615.062;582.93;551.431;520.757;490.994;462.174;434.351;407.609;382.037;357.733;334.786;313.25;293.142;274.449;257.139;241.168;226.461;212.923;200.475;189.042;178.549;         ;         ;         ;         ;         ;         ;         ;         ;         ;         ;         ;         ;         ;         ;         
;95% LL;         ;         ;         ;         ;         ;         ;         ;         ;         ;         ;         ;         ;         ;         ;         ;90.8152;125.677;134.951;182.701;701.82;1356.9;1978.1;2683.73;4308.49;6654.56;7050.07;5931.31;5762.24;5658.75;4757.84;3376.52;2010.56;1660.47;1465.48;1372.74;1002.13;961.129;913.148;899.681;887.103;878.413;871.683;857.477;813.159;774.092;736.995;701.406;667.872;634.471;603.15;572.51;541.93;512.017;482.411;453.593;426.358;400.031;374.886;350.709;327.78;306.154;285.891;266.772;249.179;233.27;218.334;204.594;191.958;180.461;169.937;160.283;         ;         ;         ;         ;         ;         ;         ;         ;         ;         ;         ;         ;         ;         ;         
;95% UL;         ;         ;         ;         ;         ;         ;         ;         ;         ;         ;         ;         ;         ;         ;         ;98.7431;136.31;145.435;196.764;751.724;1456.29;2121.99;2873.37;4609.65;7136.09;7562.55;6401.39;6224.67;6140.44;5167.87;3649.85;2181.69;1810.18;1611.83;1522.92;1152.01;1107.74;1049.45;1028.64;1013.03;1002.08;993.949;982.965;937.776;898.685;861.529;825.657;790.964;757.114;723.785;690.663;657.609;624.837;592.593;561.007;530.152;500.125;471.058;443.087;416.357;391.003;367.114;344.735;323.874;304.514;286.623;270.127;254.93;240.95;228.107;216.318;         ;         ;         ;         ;         ;         ;         ;         ;         ;         ;         ;         ;         ;         ;         
Children starting ART aged 12-23 months;Mean;         ;         ;         ;         ;         ;         ;         ;         ;         ;         ;         ;         ;         ;         ;         ;102.053;133.324;144.9;185.269;800.946;1372.83;1618.77;1891.85;3378.53;4415.69;3662.23;1958.42;1976.03;1880.59;1948.31;1897.39;1362.17;1148.69;1036.26;982.507;698.538;645.876;590.779;577.166;574.56;576.235;577.447;576.478;546.485;521.307;498.41;476.27;454.763;433.889;413.494;393.34;373.295;353.487;334.212;315.604;297.696;280.482;263.984;248.239;233.284;219.142;205.833;193.363;181.726;170.904;160.873;151.602;143.047;135.155;127.873;121.155;         ;         ;         ;         ;         ;         ;         ;         ;         ;         ;         ;         ;         ;         ;         
;95% LL;         ;         ;         ;         ;         ;         ;         ;         ;         ;         ;         ;         ;         ;         ;         ;99.3295;129.788;141.241;180.4;780.36;1334.27;1574.55;1838.96;3288.02;4303.29;3563.55;1908.29;1933.74;1841.54;1898.34;1840.73;1314.74;1108.45;997.323;942.79;659.987;607.715;554.767;541.168;538.793;542.658;544.928;545.41;517.678;492.615;470.127;448.764;427.671;407.984;388.473;368.982;349.468;330.073;311.331;293.165;275.746;259.424;243.806;228.919;214.794;201.069;188.235;176.648;165.966;155.723;146.173;137.314;129.146;121.616;114.674;108.277;         ;         ;         ;         ;         ;         ;         ;         ;         ;         ;         ;         ;         ;         ;         
;95% UL;         ;         ;         ;         ;         ;         ;         ;         ;         ;         ;         ;         ;         ;         ;         ;104.809;137.157;148.979;190.51;822.222;1410.98;1662.89;1941.61;3463.15;4522.4;3751.25;2005.68;2023.58;1924.76;1998.92;1950.77;1408.11;1189.67;1076.45;1024.41;738.637;686.117;628.712;613.311;610.801;611.989;615.145;617.416;588.523;564.556;542.811;521.628;500.863;480.521;460.433;440.324;420.03;399.692;379.656;360.098;341.083;322.634;304.805;287.665;271.284;255.711;240.988;227.143;214.183;202.104;190.89;180.514;170.937;162.1;153.947;146.431;         ;         ;         ;         ;         ;         ;         ;         ;         ;         ;         ;         ;         ;         ;         
Children starting ART aged 2-4 years;Mean;         ;         ;         ;         ;         ;         ;         ;         ;         ;         ;         ;         ;         ;         ;         ;310.1;386.975;428.777;522.151;2676.89;3965.14;4683.06;5494.44;7074.29;10756.7;12350.8;6296.41;6937.45;4874;3919.61;4253.41;2800.7;2233.42;2028.14;1903.94;738.276;852.997;801.574;950.708;1074.6;1158.69;1204.65;1224.72;1118.96;1048.46;994.674;948.564;906.136;865.732;826.585;788.423;750.933;713.838;677.131;641.108;606.118;572.372;539.934;508.83;479.099;450.798;423.971;398.647;374.841;352.551;331.755;312.419;294.493;277.914;262.599;248.455;         ;         ;         ;         ;         ;         ;         ;         ;         ;         ;         ;         ;         ;         ;         
;95% LL;         ;         ;         ;         ;         ;         ;         ;         ;         ;         ;         ;         ;         ;         ;         ;305.091;380.427;421.672;512.856;2628.55;3891.27;4594.23;5386.71;6944.2;10561.8;12117.2;6146.18;6834.59;4817.02;3840.39;4141.67;2717.09;2177.08;1982.29;1861.6;702.214;808.056;756.444;895.435;1010.15;1087.74;1132.26;1155.01;1057.9;992.928;941.358;896.52;854.99;815.83;777.82;740.846;704.385;668.462;632.866;598.033;563.766;530.859;500.072;470.595;442.454;414.644;388.42;364.508;342.071;321.096;302.285;284.017;267.117;251.517;237.135;223.879;         ;         ;         ;         ;         ;         ;         ;         ;         ;         ;         ;         ;         ;         ;         
;95% UL;         ;         ;         ;         ;         ;         ;         ;         ;         ;         ;         ;         ;         ;         ;         ;314.24;393.162;436.314;531.847;2727.66;4044;4770.61;5597.99;7199.11;10945.5;12567.3;6438.82;7041.08;4943.99;3999.74;4361.46;2880.7;2290.39;2077.65;1949.97;776.29;900.118;849.458;1009.22;1141.65;1230.9;1280.8;1301.66;1192.73;1123.79;1072.19;1028.37;988.021;949.368;911.576;874.347;837.327;800.191;762.916;725.845;689.396;653.854;619.346;585.956;553.785;522.946;493.538;465.637;439.296;414.546;391.392;369.82;349.794;331.258;314.131;298.315;         ;         ;         ;         ;         ;         ;         ;         ;         ;         ;         ;         ;         ;         ;         
Children starting ART aged 5-14 years;Mean;         ;         ;         ;         ;         ;         ;         ;         ;         ;         ;         ;         ;         ;         ;         ;278.107;397.714;519.269;670.762;4354.74;6470.63;8686.83;10728.3;13159.7;17267.7;25382.4;14734.2;15291.7;11526.8;11730.7;12821.5;10054.4;8548.29;7357.87;6530.44;922.424;1070.39;1012.24;2146.16;3096.35;3777.77;4127.05;4128.45;3379.61;2836.85;2444.11;2150.92;1929.94;1758.11;1621.28;1512.38;1424.12;1349.19;1282.6;1221.22;1163.08;1107.13;1052.91;1000.21;948.95;899.167;850.941;804.353;759.497;716.495;675.465;636.489;599.603;564.811;532.104;501.456;         ;         ;         ;         ;         ;         ;         ;         ;         ;         ;         ;         ;         ;         ;         
;95% LL;         ;         ;         ;         ;         ;         ;         ;         ;         ;         ;         ;         ;         ;         ;         ;254.092;371.074;490.995;639.051;4181.07;6200.32;8347.78;10300.4;12608.5;16559.7;24280.9;14012.6;14493.3;11074.9;11363.4;12464.4;9959.1;8498.53;7301.52;6468.85;888.262;1027.94;970.185;2037.45;2933.34;3574.21;3906.85;3908.12;3199.48;2684.1;2309.47;2031.43;1824.63;1662.67;1534.81;1432.34;1347.06;1274.43;1209.09;1148.85;1093.77;1040.33;986.935;935.154;884.965;837.523;790.895;746.001;702.626;660.648;621.502;584.605;549.832;516.949;485.931;456.922;         ;         ;         ;         ;         ;         ;         ;         ;         ;         ;         ;         ;         ;         ;         
;95% UL;         ;         ;         ;         ;         ;         ;         ;         ;         ;         ;         ;         ;         ;         ;         ;303.406;427.596;552.296;706.45;4546.01;6736.23;9002.39;11105.6;13634.6;17869.1;26287.2;15290.9;15994.6;11948.3;12107.8;13193.1;10158.2;8603.76;7410.34;6582.91;956.329;1112.75;1055.7;2252.35;3259.04;3983.5;4348.56;4357.69;3569.43;2997.53;2585.54;2275.64;2044.79;1866.25;1725.18;1618.96;1533.59;1461.43;1397.31;1338;1281.4;1226.39;1172.46;1119.44;1067.26;1016.01;965.821;916.853;869.266;823.261;779.034;736.744;696.492;658.339;622.325;588.466;         ;         ;         ;         ;         ;         ;         ;         ;         ;         ;         ;         ;         ;         ;         
Female deaths aged <1 year;Mean;26138.3;25498.4;24856.9;24156.9;23473.8;22864.4;22602.8;22650.2;22874.4;23232.5;23674.4;24070.7;24461.7;24942.3;25238.5;25159.3;25026.6;25711.8;26916.8;28008.1;27949.8;26770.7;24905.4;22680.7;19679;17489.2;16634.9;16382.2;16209.8;15956;15630.8;15320.6;14982.2;14768;13634.1;13457.8;15637.1;15873.6;15569.5;15250.7;14926.8;14597.7;14269.7;13946.4;13630.1;13322.2;13024.6;12738.5;12460.5;12187.8;11919.1;11652.1;11384.7;11116.6;10848.2;10580.1;10313;10047.6;9784.3;9523.91;9267.61;9016.55;8771.7;8533.92;8303.86;8082;7868.39;7662.83;7465.29;7275.63;7093.48;         ;         ;         ;         ;         ;         ;         ;         ;         ;         ;         ;         ;         ;         ;         
;95% LL;26134.8;25487.5;24837.1;24119.5;23403.2;22733;22371.3;22307;22424.3;22682.5;23021.6;23343.3;23708.3;24220.7;24522.4;24469.7;24363.1;25092.1;26355.6;27497.9;27458.3;26334.6;24543.8;22387.5;19485;17371.4;16537.3;16296.9;16132.3;15881.4;15565.3;15258.5;14924.3;14712.1;13582;13407.8;15575.4;15802.2;15490.9;15166.6;14840.1;14509.9;14181.2;13858.6;13543.8;13237.4;12941.5;12657.3;12381.1;12110.4;11843.6;11579.7;11315.7;11050.9;10785.8;10520.6;10255.6;9992.45;9731.21;9472.98;9218.84;8969.84;8726.94;8490.96;8262.5;8041.98;7829.45;7624.97;7428.48;7239.12;7057.3;         ;         ;         ;         ;         ;         ;         ;         ;         ;         ;         ;         ;         ;         ;         
;95% UL;26140.8;25506.4;24872.7;24191;23548.3;23015.1;22865.2;23051.1;23372.4;23817.1;24328.5;24739;25141.3;25577.4;25881.6;25719.2;25572.3;26270.2;27452.9;28562.5;28493.8;27262.9;25325.9;23004.7;19881;17601.3;16725.1;16462.4;16282.1;16018.3;15685;15372.7;15032.5;14817.2;13679.6;13503;15692.1;15946.6;15655.1;15345.1;15027.2;14701.8;14375.8;14053.1;13736.5;13427.4;13128.2;12840.2;12560.1;12285.1;12013.9;11744.1;11473.7;11202.4;10930.6;10659.2;10388.8;10120.2;9853.7;9590.3;9331.17;9077.5;8830.31;8590.45;8358.61;8135.28;7920.47;7713.93;7515.58;7325.22;7142.43;         ;         ;         ;         ;         ;         ;         ;         ;         ;         ;         ;         ;         ;         ;         
Female deaths aged 1-4;Mean;10211.5;9896.79;9601.1;9300.57;8978.88;8673.54;8444.97;8366.6;8432.75;8639.42;8954.6;9306.69;9894.88;10663;11260.6;11991.7;12597.5;13002.7;13250.1;13459.4;13195.5;12798;12375.4;11757.3;10384.5;8581.5;7323.07;6720.07;6354.26;6116.69;5858.75;5628.48;5462.04;5287.93;4823.98;4873.49;5714.82;5818.55;5686.69;5540.95;5400.61;5266.45;5137.89;5015.57;4898.74;4784.85;4673.6;4565.38;4461.25;4360.98;4263.68;4168.67;4075.22;3982.6;3890.35;3798.32;3706.56;3615.23;3524.55;3434.7;3345.89;3258.42;3172.63;3088.88;3007.49;2928.71;2852.77;2779.77;2709.72;2642.59;2578.35;         ;         ;         ;         ;         ;         ;         ;         ;         ;         ;         ;         ;         ;         ;         
;95% LL;10211.4;9894.71;9595.14;9288.45;8955.27;8629.07;8363.54;8223.1;8220.62;8353.03;8608.27;8897.26;9426.19;10157.2;10754;11538.5;12136.8;12574.5;12831;13096.4;12867.8;12509.1;12107.6;11515.3;10200.2;8454.2;7242.77;6660.69;6306.73;6074.47;5824.14;5598.4;5436.17;5263.38;4801.7;4851.73;5690.19;5792.82;5658.48;5510.38;5368.79;5233.95;5105.02;4982.14;4865.29;4751.87;4641.28;4533.71;4430.2;4330.99;4234.77;4140.62;4047.82;3955.91;3864.67;3773.65;3682.76;3592.33;3502.54;3413.69;3325.97;3239.53;3154.58;3071.56;2990.86;2912.68;2837.22;2764.62;2694.88;2628.01;2564.03;         ;         ;         ;         ;         ;         ;         ;         ;         ;         ;         ;         ;         ;         ;         
;95% UL;10211.5;9898.3;9605.6;9310.59;9001.13;8721.77;8540.65;8531.05;8678.69;8960.59;9331.08;9718.63;10329.1;11104.9;11687.3;12398.8;12980.5;13346.1;13593.4;13796.7;13516;13107;12665.1;12019.9;10593;8719.94;7405.45;6777.14;6400.06;6158.1;5891.16;5657.83;5489;5313.19;4847.67;4897.09;5740.42;5844.11;5715.58;5573.45;5436.36;5304.7;5177.92;5056.87;4940.96;4827.56;4716.41;4607.99;4503.43;4402.6;4304.63;4208.84;4114.27;4020.12;3926.28;3832.65;3739.31;3646.46;3554.32;3463.09;3372.99;3284.32;3197.44;3112.7;3030.61;2951.32;2874.93;2801.55;2731.19;2663.79;2599.31;         ;         ;         ;         ;         ;         ;         ;         ;         ;         ;         ;         ;         ;         ;         
Female deaths aged 5-9;Mean;1181.82;1261.17;1349.06;1440.72;1529.59;1604.92;1676.13;1739.74;1801.92;1871.45;1961.48;2081.79;2272.73;2399.33;2606.58;2882.2;3150.68;3465.91;3718.17;3947.72;3913.21;3667.06;3418.14;3215.21;2994.49;2674.07;2415.32;2317.92;2224.84;2110.64;1895.5;1653.61;1462.43;1308.58;1170.01;1200.87;1336;1330.75;1309.08;1262.76;1206.7;1145.23;1093.13;1051;1017.51;989.813;966.481;944.275;922.923;902.052;881.554;861.459;841.88;822.851;804.311;786.192;768.389;750.768;733.222;715.708;698.208;680.726;663.293;645.948;628.734;611.702;594.912;578.423;562.295;546.588;531.35;         ;         ;         ;         ;         ;         ;         ;         ;         ;         ;         ;         ;         ;         ;         
;95% LL;1181.82;1261.17;1349.06;1440.69;1529.4;1604.16;1674.05;1735.14;1792.79;1853.92;1931.49;2031.98;2197.06;2289.72;2474.95;2723.09;2969.86;3270.72;3518.71;3757.76;3753.3;3525;3293.95;3105.71;2910.16;2610.97;2370.58;2280.32;2191.53;2082.59;1871.93;1635.5;1447.1;1295.24;1158.19;1189.13;1323.46;1317.62;1295.4;1250.36;1195.9;1136.31;1085.65;1044.64;1011.33;983.295;959.428;936.963;915.483;894.553;874.282;854.42;835.076;816.288;797.998;780.082;762.498;745.127;727.843;710.504;693.183;675.884;658.625;641.449;624.406;607.544;590.919;574.589;558.611;543.044;527.933;         ;         ;         ;         ;         ;         ;         ;         ;         ;         ;         ;         ;         ;         ;         
;95% UL;1181.82;1261.17;1349.06;1440.74;1529.73;1605.52;1677.88;1743.99;1811.47;1891.23;1998.19;2142.52;2364.3;2525.33;2763.08;3059.41;3331.33;3642.03;3888.35;4106.22;4061.19;3788.83;3519.72;3306.5;3071.95;2736.65;2465.06;2359.9;2259.42;2139.85;1918.88;1671.66;1477.16;1321.62;1181.32;1212.2;1347.71;1342.9;1322.45;1275.23;1217.45;1154.17;1101;1058.37;1025.18;998.072;975.357;953.644;932.675;912.084;891.771;871.78;852.237;833.191;814.589;796.369;778.426;760.626;742.865;725.103;707.328;689.552;671.812;654.154;636.626;619.284;602.192;585.413;569.013;553.044;537.561;         ;         ;         ;         ;         ;         ;         ;         ;         ;         ;         ;         ;         ;         ;         
Female deaths aged 10-14;Mean;975.377;1025.65;1071.37;1112.52;1151.55;1193.16;1245.06;1298.59;1360.7;1427.54;1492.58;1550.1;1614.48;1579.96;1558.02;1582.27;1657.94;1823.07;2076.88;2390.07;2614.98;2755.38;2776.85;2702.11;2573.59;2374.56;2074.14;1889.45;1768.86;1715.76;1695.33;1654.16;1624.8;1563.53;1482.87;1577.97;1716.08;1594.44;1518.97;1447.59;1394.85;1352.53;1305.38;1252.04;1202.43;1158.89;1119.43;1085.96;1060.12;1037.47;1018.06;1002.37;988.856;975.74;962.623;949.413;936.133;922.902;909.861;897.047;884.484;872.135;859.879;847.522;834.99;822.214;809.14;795.758;782.106;768.231;754.186;         ;         ;         ;         ;         ;         ;         ;         ;         ;         ;         ;         ;         ;         ;         
;95% LL;975.377;1025.65;1071.37;1112.51;1151.53;1193.12;1244.98;1298.46;1360.52;1427.25;1491.73;1547.67;1608.97;1568.59;1536.3;1543.16;1593.53;1725.94;1941.4;2228.61;2431.28;2562.51;2587.04;2529.74;2427.79;2259.22;1994.1;1829.82;1727.41;1678.17;1657.93;1617.08;1585.84;1522.91;1440.78;1537.07;1677.9;1562.69;1493.23;1426.59;1377.23;1337.51;1292.83;1241.64;1193.46;1150.98;1112.07;1079.07;1053.57;1031.49;1012.01;995.595;981.51;967.9;954.581;941.417;928.29;915.227;902.37;889.762;877.425;865.279;853.254;841.142;828.806;816.198;803.303;790.085;776.593;762.886;749.012;         ;         ;         ;         ;         ;         ;         ;         ;         ;         ;         ;         ;         ;         ;         
;95% UL;975.377;1025.66;1071.38;1112.53;1151.57;1193.22;1245.16;1298.73;1360.88;1427.83;1493.34;1552.15;1619.53;1591.58;1582.76;1629.6;1737.89;1945.11;2240.74;2583.52;2821.63;2956.67;2954;2853.62;2708.57;2473.88;2146.55;1940.89;1810;1754.96;1734.45;1692.15;1663.5;1602.98;1525.39;1621.3;1755.73;1626.4;1544.6;1467.14;1411.18;1366.21;1317.42;1262.67;1211.8;1167.32;1127.12;1093.23;1067.18;1044.63;1025.85;1011.09;998.337;985.84;973.212;960.373;947.355;934.294;921.345;908.557;895.967;883.544;871.169;858.65;845.914;832.895;819.546;805.865;791.897;777.698;763.326;         ;         ;         ;         ;         ;         ;         ;         ;         ;         ;         ;         ;         ;         ;         
Female deaths aged 20-24;Mean;2804.06;2910.36;3005.23;3094.14;3191;3316.92;3551.72;3915.46;4436.85;5173.12;6172.25;7454.85;8875.93;10300.6;11970.5;13562.8;14785.2;16085.7;17173.2;18017.8;17648.3;16541.2;15120;13718.4;12397.7;10945.8;9474.71;8189.2;7435.97;6982.07;6630.34;6227.89;5809.92;5409.05;5199.84;5326.34;5142.15;4548.17;4357.88;4232.27;4164.32;4137.98;4142.43;4157.42;4138.39;4074.34;3987.61;3885.55;3779.76;3687.07;3607.9;3528.89;3440.01;3342.22;3244.1;3149.7;3062.34;2987.03;2921.99;2863.15;2810.68;2763.53;2718.94;2675.17;2631.93;2589.38;2547.76;2507.36;2468.33;2430.63;2394.1;         ;         ;         ;         ;         ;         ;         ;         ;         ;         ;         ;         ;         ;         ;         
;95% LL;2803.92;2909.25;3001.79;3086.43;3175.78;3288.67;3499.25;3820.06;4262.53;4897.65;5735.48;6883.55;8160.24;9470.79;11076;12659.8;13916;15230.8;16295.8;17120.2;16760.4;15714.3;14385.1;13080.6;11852.5;10497.5;9125.66;7908.58;7192.5;6743.61;6393.52;6003.36;5597.9;5201.09;4993.36;5132.34;4967.03;4404.15;4243.91;4142.74;4093.36;4080.63;4093.32;4114.4;4098.02;4035.85;3950.81;3850.57;3747.19;3656.17;3579.05;3501.62;3414.38;3318.68;3222.63;3129.69;3043.44;2968.99;2904.95;2846.34;2793.44;2745.84;2701.4;2657.28;2613.78;2571.16;2529.64;2489.48;2450.75;2413.42;2377.32;         ;         ;         ;         ;         ;         ;         ;         ;         ;         ;         ;         ;         ;         ;         
;95% UL;2804.16;2911.21;3007.88;3100.28;3204.04;3344.39;3609.41;4029.6;4640.96;5517.17;6681.4;8167.52;9759.32;11304.7;13021.8;14628.1;15816.7;17070;18095.5;18895.1;18476.4;17302.8;15807.4;14325.6;12927.4;11393.7;9844.36;8486.63;7703.36;7238.21;6881.23;6466.2;6051.67;5649.27;5445;5567.8;5352.57;4712.26;4482.86;4325.41;4234.58;4192.78;4190.1;4197.49;4177.69;4114.87;4028.75;3926.37;3819.44;3725.21;3644.31;3563.41;3472.46;3372.47;3272.19;3175.76;3086.64;3009.92;2944.54;2886.69;2835.65;2789.96;2746.47;2703.48;2660.76;2618.5;2576.63;2535.86;2496.4;2458.22;2421.18;         ;         ;         ;         ;         ;         ;         ;         ;         ;         ;         ;         ;         ;         ;         
Female deaths aged 25-29;Mean;2997.23;3126.4;3258.48;3392.85;3528.03;3668.34;3882.38;4179.14;4625.82;5328.42;6409.76;7995.44;10020;12623.5;15982.5;19646.5;23073.8;26744.5;30217.2;33240.2;33465.4;32006.6;29632.9;27256.3;24919.8;21974.4;18726.8;15490.2;13560.2;12421.2;11667;10820.6;9917.35;9073.53;8787.39;8868.05;8272.48;6938.95;6480.39;6091.19;5753.38;5454.38;5215.6;5053.33;4965.11;4938.14;4951.84;4992.18;5032.42;5019.31;4944.53;4836.86;4707.22;4572.14;4451.01;4344.9;4239.34;4123.74;3999.25;3875.3;3756.24;3645.78;3549.87;3466.66;3391.17;3323.5;3262.54;3205.02;3148.84;3093.62;3039.52;         ;         ;         ;         ;         ;         ;         ;         ;         ;         ;         ;         ;         ;         ;         
;95% LL;2997.11;3125.34;3255.11;3385.01;3511.97;3637.37;3823.36;4067.5;4435.45;5007.04;5907.61;7232.11;9024.56;11324.7;14376.9;17771.9;21013.5;24594.5;28091.1;31249.4;31677.4;30439.2;28205;25955.9;23756.2;20920.6;17815.8;14742.6;12879.8;11770.8;11042.4;10248.1;9409.25;8560.11;8279.82;8373.81;7833.2;6589.4;6215.85;5894.72;5607.92;5345.42;5131.89;4986.31;4906.65;4882.87;4896.57;4937.75;4978.95;4965.3;4891.41;4785.38;4658.07;4525.89;4407.42;4304.46;4201.36;4088.53;3966.07;3844.72;3727.94;3619.16;3524.59;3442.42;3367.71;3300.07;3238.53;3181.01;3124.68;3069.3;3015.29;         ;         ;         ;         ;         ;         ;         ;         ;         ;         ;         ;         ;         ;         ;         
;95% UL;2997.33;3127.21;3261.09;3399.12;3541.88;3698.38;3946.63;4308.16;4861.89;5721.48;7046.64;8938.62;11255.8;14173.6;17827.8;21727.4;25309.4;29051.6;32445.5;35425.6;35504.9;33908;31374.8;28829;26360.9;23212.6;19757.5;16322.3;14267.7;13115.3;12311.6;11429.9;10486.9;9638.21;9365.62;9446.73;8780.16;7344.37;6787.82;6314.74;5920.45;5576.79;5308.26;5131.26;5030.86;4997.78;5015.24;5060.18;5104.92;5094.99;5020.36;4911.15;4780.08;4641.88;4517.2;4407.54;4298.42;4179.26;4051.22;3923.88;3801.47;3687.84;3590.75;3507.2;3432.07;3365.4;3305.57;3248.84;3193.14;3138.13;3084.01;         ;         ;         ;         ;         ;         ;         ;         ;         ;         ;         ;         ;         ;         ;         
Female deaths aged 30-34;Mean;2832.9;2971.66;3114.2;3261.44;3415.91;3585.06;3829.68;4150.63;4602.39;5252.06;6169.45;7417.27;8966.61;10918.8;13456.2;16331.8;19230;22677.3;26562.8;30516.2;32157.4;31804.6;29815.1;27485.1;25148.6;22334;19409.8;16521.9;14979.1;14191;13851.3;13414.7;12794.8;12089.8;11763.4;12123.8;11298.3;9324.92;8735.49;8260.47;7882.86;7583.34;7314.57;7047.65;6797.59;6556.85;6322.07;6126.95;5993.3;5923;5910.61;5934.88;5981.96;6024.3;6003.49;5912.09;5783.19;5630.65;5473.87;5333.35;5208.65;5083.14;4945.05;4796.27;4648.26;4506.38;4374.92;4260.37;4160.64;4070.22;3988.97;         ;         ;         ;         ;         ;         ;         ;         ;         ;         ;         ;         ;         ;         ;         
;95% LL;2832.81;2970.83;3111.53;3255.15;3402.93;3560.14;3780.81;4061.04;4443.69;4991.21;5751.19;6842.38;8215.77;9957.61;12309.4;14941.6;17595.6;20810.4;24499.3;28376.3;30088.7;29849.4;28038.3;25979.2;23918.6;21248.5;18434.6;15729.9;14228.2;13416.5;13111.1;12729.1;12142.1;11452.8;11143.2;11504.8;10752.5;8891.19;8401.03;8006.81;7690.34;7432.88;7193.45;6948.29;6713.21;6482.58;6254.6;6063.13;5932;5863.08;5851.83;5876.44;5922.6;5964.46;5942.25;5852.32;5725.83;5575.22;5421.01;5283.25;5161.33;5038.48;4903.74;4757.34;4611.5;4471.95;4342.09;4229.58;4130.96;4041.12;3959.43;         ;         ;         ;         ;         ;         ;         ;         ;         ;         ;         ;         ;         ;         ;         
;95% UL;2832.98;2972.29;3116.29;3266.56;3427.46;3610.54;3884.67;4260.74;4801.1;5584.35;6703.25;8173.62;9951.87;12123.6;14930.6;18019.4;21101.6;24700.9;28669.7;32682.6;34327.5;33887.8;31746.9;29222.8;26700.5;23688.6;20539.8;17404.9;15774.1;14952.6;14634.1;14193.2;13509.9;12865.4;12521.5;12837.9;11939.4;9828.65;9124.57;8544.65;8097.59;7746.79;7444.99;7156.63;6893.84;6643.28;6399.39;6199.03;6063.49;5995.26;5986.53;6016.16;6069.31;6117.12;6097.9;6004.13;5873.56;5719.3;5559.94;5416.39;5288.35;5159.17;5017.1;4864.23;4712.29;4566.75;4432.42;4316.24;4215.96;4125.85;4045.63;         ;         ;         ;         ;         ;         ;         ;         ;         ;         ;         ;         ;         ;         ;         
Female deaths aged 35-39;Mean;2833.97;2997.5;3162.81;3332.53;3510.28;3704.46;3965.25;4293.64;4737.1;5357.6;6219.3;7378.73;8846.31;10616.3;12749.4;15135.5;17375.8;19858.4;22469.8;24867;25732.4;25512.3;24235.8;22945.9;21574.3;19625.2;17368.1;14968.5;13618.7;12916.3;12717;12658.9;12671.5;12738.6;12954.3;14110.3;13528;11206.1;10787.7;10386.5;10002.8;9641.07;9317.28;9030.37;8780.58;8564.02;8376.11;8181.02;7957.52;7725.49;7483.05;7230.63;7013.3;6863.95;6783.34;6765.25;6790.06;6844.43;6898.73;6885.05;6792.95;6659.04;6495.86;6324.6;6170.83;6035.82;5900.51;5751.09;5588.43;5424.63;5265.95;         ;         ;         ;         ;         ;         ;         ;         ;         ;         ;         ;         ;         ;         ;         
;95% LL;2833.9;2996.91;3160.91;3328;3500.72;3685.68;3926.7;4222.98;4606.28;5139.1;5867.7;6892.3;8190.04;9763.28;11722.6;13958.4;16090.3;18504.6;21071.3;23441;24283.3;24097.4;22922.4;21786.1;20599.1;18798.2;16643.3;14359.7;13050.3;12356.7;12165.6;12110.4;12135;12202.5;12405.1;13546.3;13032.8;10793.3;10461;10147.2;9814.96;9498.89;9191.01;8923.32;8680.9;8469.81;8282.99;8091.43;7869.51;7642.58;7405.06;7157.48;6943.21;6796.7;6718.11;6700.41;6724.03;6777.2;6832.05;6818.74;6726.67;6594;6433.27;6265.22;6113.93;5981.5;5848.01;5700.79;5541.65;5381.11;5225;         ;         ;         ;         ;         ;         ;         ;         ;         ;         ;         ;         ;         ;         ;         
;95% UL;2834.02;2997.95;3164.3;3336.25;3518.93;3724.22;4009.16;4383.66;4902.62;5641.75;6685.64;8049.75;9720.68;11674.8;13957.6;16451.4;18769.4;21353.3;24023.9;26429.3;27210.4;26893.6;25547.8;24140.4;22684.5;20600.9;18194.2;15599.4;14202.3;13469.2;13265.8;13208;13222;13310.4;13553.5;14741.9;14111.6;11695.9;11172;10670.4;10210.6;9804.31;9455.53;9147.86;8886.84;8664.07;8471.55;8274.69;8049.99;7814.62;7568.18;7312.2;7094.66;6948.64;6872.15;6858.95;6889.03;6950.27;7008.07;6997.14;6906.1;6771.72;6606.71;6432.59;6275.4;6136.57;5996.98;5842.88;5675.36;5506.85;5343.76;         ;         ;         ;         ;         ;         ;         ;         ;         ;         ;         ;         ;         ;         ;         
Female deaths aged 40-44;Mean;3229.6;3317.89;3458.25;3644.25;3862.78;4101.16;4386.95;4714.81;5121.87;5655.01;6367.78;7310.64;8506.57;9926.38;11601.6;13546.7;15552.2;17800.7;20269.7;22632.6;23595.5;23405.8;22252.7;20949.3;19609.6;17954.8;16237.1;14527.3;13674.6;13284.2;13199;13101.4;12969.7;12867.7;13130.1;14552.9;14085.5;11928.8;12070.5;12236.7;12380.2;12460.1;12442.3;12337.6;12179.3;11972.2;11731.9;11488.9;11251.4;11025.1;10817.6;10630.3;10424.1;10172.8;9901.84;9612.73;9308.03;9046.2;8869.44;8779.85;8773.18;8824.52;8915.48;9008.26;9016.64;8926.6;8783.46;8602.84;8411.68;8241.87;8093.53;         ;         ;         ;         ;         ;         ;         ;         ;         ;         ;         ;         ;         ;         ;         
;95% LL;3229.55;3317.49;3457.01;3641.36;3856.73;4089.32;4362.45;4669.04;5034.82;5506.12;6120.82;6967.99;8037.13;9292.07;10816.5;12628.1;14511.1;16681.1;19093.9;21442.7;22425.6;22318.8;21300.8;20118.9;18841.9;17256.6;15646.2;14073.8;13228.5;12827.7;12749.9;12666.6;12566.8;12479.1;12737.2;14160.4;13734.3;11632.5;11830.7;12047.3;12232.6;12339.6;12341.3;12249.8;12097.6;11895.9;11649.5;11400;11165.7;10935.6;10725;10535.8;10329.3;10079;9811.85;9527.42;9227.27;8968.98;8793.43;8704.21;8697.13;8748.33;8839.78;8932.3;8940.49;8851.37;8709.04;8529.42;8340.79;8174.27;8029.32;         ;         ;         ;         ;         ;         ;         ;         ;         ;         ;         ;         ;         ;         ;         
;95% UL;3229.64;3318.2;3459.23;3646.63;3868.26;4113.71;4415.12;4773.43;5231.86;5840.47;6672.23;7761.38;9113.34;10686.6;12500.8;14559.3;16642.9;18993.6;21533;23863.8;24805.2;24525.4;23256.7;21823.9;20394.1;18643.9;16800.1;14974.5;14079.6;13671.1;13614.7;13520;13381.6;13295;13586.5;15020;14505.5;12278.2;12340.5;12446.3;12546.8;12593.5;12552.6;12432.8;12269.3;12061;11826.4;11582.2;11345.9;11120.5;10910.5;10724.9;10518;10268;9995.15;9703.49;9399.15;9140.75;8968.2;8883.81;8883.26;8941.15;9038.73;9137.46;9149.78;9061.39;8918.13;8735.78;8541.67;8368.19;8215.64;         ;         ;         ;         ;         ;         ;         ;         ;         ;         ;         ;         ;         ;         ;         
Female deaths aged 45-49;Mean;4740.85;4779.51;4770.38;4734.53;4708.93;4732.52;4856.56;5076.35;5395.92;5820.05;6356.88;7026.67;7849.63;8779.59;10054.8;11528.4;12959.5;14788.4;16809.8;18828.2;19996.8;20305;19881.4;19413.2;18799.9;17758.1;16479.3;15042.7;14200.4;13709.6;13524.9;13432.4;13420.8;13493;14410.3;16742;15602.7;12605.3;12506.8;12498.9;12612.9;12860.5;13223.6;13651.5;14076.4;14444.9;14710.9;14834.1;14829.5;14734.6;14562.1;14335.6;14097.9;13861.1;13632.9;13423.4;13234.6;13017.5;12740.8;12436.4;12103.2;11743.9;11436.1;11235;11143.5;11156.4;11243.9;11385.7;11534;11578.2;11501;         ;         ;         ;         ;         ;         ;         ;         ;         ;         ;         ;         ;         ;         ;         
;95% LL;4740.81;4779.18;4769.45;4732.57;4705.23;4725.83;4843.49;5051.94;5349.49;5739.24;6215.98;6821.8;7563.55;8386.81;9557.99;10915.6;12249.3;14021.6;15987.5;17980.6;19127.8;19480;19137.3;18740.5;18203.6;17207.5;16001.4;14668.2;13855.6;13371.1;13167.8;13086.5;13079.1;13144.7;14027.7;16340.2;15233;12324.6;12291.9;12322.6;12469.1;12743.3;13122.4;13561.7;13993;14365.5;14636.8;14767.1;14761.9;14664.9;14491;14257.9;14014.6;13775.6;13541.5;13330.4;13138.8;12920.3;12643.6;12339.8;12010.2;11655.2;11351.1;11152.7;11061.3;11073.5;11160;11300.5;11447.7;11490.9;11415.9;         ;         ;         ;         ;         ;         ;         ;         ;         ;         ;         ;         ;         ;         ;         
;95% UL;4740.88;4779.76;4771.11;4736.13;4712.22;4739.51;4871.64;5107.53;5455.21;5922.56;6522;7268.5;8182.08;9211.14;10586.6;12150.5;13684.8;15604.1;17695.1;19720.4;20869.9;21121.5;20628.7;20099.8;19404.2;18282.8;16929.7;15395.6;14502.8;14018.3;13851.4;13774.8;13781.6;13869;14793.9;17143.9;15961.9;12891.3;12716;12673;12763.6;12991.5;13338.7;13753.9;14169;14529.7;14789;14910.5;14904;14810.4;14640.9;14418.4;14184;13950.7;13726;13515.7;13329.3;13114.6;12837;12533.7;12200;11843.9;11540;11343.9;11258.4;11278.8;11374.3;11523.1;11678.4;11727.3;11652.5;         ;         ;         ;         ;         ;         ;         ;         ;         ;         ;         ;         ;         ;         ;         
Female deaths aged 50-54;Mean;6015.72;6100.55;6223.56;6365.28;6492.51;6573.8;6610.8;6592.03;6560.72;6577.67;6705.37;6989.75;7451.69;7991.72;8767.92;9876.77;11025.1;12204.4;13553.6;15190.9;16257.7;16878.8;17026.4;17036.1;16933.6;16532.7;15963.7;15260.2;14944.6;14817.8;14830.2;14790.9;14690.2;14569.9;15808.9;19155.6;17648.3;13913;13987.8;14118.4;14257.8;14374.2;14464;14558.8;14715.5;14981.6;15383.8;15908.6;16501.9;17080.8;17587.6;17968.8;18179.6;18236.1;18182.5;18033;17814.6;17579.3;17341.5;17110.7;16899.6;16710.6;16480.6;16168.8;15816.1;15423;14993.7;14625.9;14393.1;14300.9;14343.3;         ;         ;         ;         ;         ;         ;         ;         ;         ;         ;         ;         ;         ;         ;         
;95% LL;6015.72;6100.46;6223.17;6364.19;6490.15;6569.56;6603.26;6578.76;6537.62;6538.62;6635.84;6888.91;7305.1;7786.44;8492.67;9523.96;10604.3;11719.8;13015.9;14616.3;15673.7;16329.6;16515.6;16571.7;16501.4;16150;15629.4;14993.7;14685.6;14547.7;14553.9;14499.2;14405.8;14262.4;15469.7;18795.4;17320.9;13639.3;13735.3;13890.2;14043.8;14151.9;14262;14377;14551.3;14833.3;15249.1;15790.5;16398;16997;17512.3;17898.9;18112.3;18171.7;18117.9;17967.4;17743.8;17499.4;17257;17023.9;16809.1;16618.2;16386.6;16073.1;15720.5;15330.1;14900.1;14534.4;14303.4;14211.8;14254.5;         ;         ;         ;         ;         ;         ;         ;         ;         ;         ;         ;         ;         ;         ;         
;95% UL;6015.73;6100.61;6223.88;6366.17;6494.56;6578.06;6619.34;6608.61;6590.61;6627.87;6784.55;7104.02;7611.79;8207.27;9054.39;10221.3;11431.6;12678.9;14087.7;15761.9;16843.7;17439.1;17546.1;17513.2;17362.3;16874.2;16271.5;15494.1;15166.3;15061.1;15102.4;15083.3;14993.5;14886;16133.8;19511.2;17982.7;14175.6;14229.6;14354.8;14486.4;14591.8;14660.5;14742.9;14878.8;15124.5;15513.6;16027.7;16615.3;17180.3;17682.5;18055.9;18259.4;18309.4;18251.8;18102.4;17890.7;17656.7;17423.7;17198.1;16993.3;16807.2;16581;16270.9;15917.2;15525.7;15100.3;14736.9;14509.9;14424.9;14475.9;         ;         ;         ;         ;         ;         ;         ;         ;         ;         ;         ;         ;         ;         ;         
Female deaths aged 55-59;Mean;7345.51;7500.29;7580.31;7610.5;7630.65;7678.81;7792.5;7954.68;8143.72;8324.71;8466.48;8555.84;8606.73;8689.14;8850.2;9266.43;9765.86;10436.7;11413.3;12535.4;13458.7;14243.7;14570.2;14950.2;15258.5;15390.1;15408.3;15295.9;15399.2;15617.6;15943;16267.1;16592.5;16926;19206.5;24434.3;22225.6;16730.6;16641.2;16575.6;16575;16670.6;16871.5;17153.3;17469.1;17763.6;18001.5;18179.5;18341.3;18559.2;18904.2;19419.9;20102.3;20889.1;21677.5;22391.9;22959.8;23319.3;23486.4;23513.3;23413.5;23219.2;22999;22771.1;22546.3;22341.2;22159.8;21921.4;21573.3;21163.2;20685.9;         ;         ;         ;         ;         ;         ;         ;         ;         ;         ;         ;         ;         ;         ;         
;95% LL;7345.51;7500.28;7580.29;7610.4;7630.31;7677.7;7789.66;7948.84;8132.5;8305.2;8431.19;8505.57;8534.38;8591.07;8720.66;9099.68;9555.13;10187.7;11123.8;12215.7;13122.4;13902.8;14274;14676.3;14992.1;15136.9;15179.8;15117.5;15229.2;15432.1;15738.3;16041.2;16342.8;16670.2;18917.1;24087.6;21900.8;16478.1;16396.5;16345.2;16334.3;16432.1;16637.5;16909.9;17216.9;17507.8;17748.7;17936.6;18114.6;18353.5;18722.1;19254.6;19955.4;20758.9;21564.4;22295.2;22872.7;23241.4;23422.7;23454.3;23352.7;23158.3;22927;22690.1;22457.3;22247.6;22062.8;21822.8;21475;21063.6;20586.7;         ;         ;         ;         ;         ;         ;         ;         ;         ;         ;         ;         ;         ;         ;         
;95% UL;7345.51;7500.29;7580.33;7610.6;7631.02;7680.08;7795.89;7962.1;8157.96;8349.66;8505.49;8612.04;8683.96;8790.46;8978.8;9427.44;9958.63;10666.8;11680.7;12835.7;13773.5;14554.7;14876.7;15230.3;15518.4;15615.4;15607.9;15465.5;15564.4;15799.9;16150.2;16499.1;16840.5;17189.7;19499.3;24779.6;22550.1;16988.4;16872.9;16807.1;16808.7;16909;17116.6;17405.6;17727.4;18024.4;18259.1;18427.6;18574.2;18772.9;19097.2;19592.6;20256.3;21025.8;21795.5;22501.9;23058.1;23401;23560.6;23587.1;23482.6;23285.7;23066.8;22844;22627.2;22430;22254.1;22020.1;21674.4;21267.5;20793.6;         ;         ;         ;         ;         ;         ;         ;         ;         ;         ;         ;         ;         ;         ;         
Male deaths aged <1 year;Mean;30407.5;29486.7;28566;27609.7;26667.1;25797.1;25274;25088.6;25077.7;25199.6;25403.5;25558.3;25726.1;26188.5;25886.7;26185.6;26348.8;28337.5;29337.6;30016.9;30018.3;29299.7;27319.4;25087.6;22028.6;19810.6;18970.2;18754.7;18614.4;18379.1;18060.4;17746;17391;17176.6;15903.9;15973.9;18775.6;19051.5;18690.8;18314.9;17932.8;17544.4;17156.7;16773.6;16398.2;16032.4;15678.7;15338.6;15007.8;14683.3;14363.2;14045.1;13726.4;13406.6;13086.2;12766;12446.8;12129.4;11814.4;11502.7;11195.7;10894.9;10601.4;10316.3;10040.3;9774.04;9517.61;9270.77;9033.48;8805.59;8586.66;         ;         ;         ;         ;         ;         ;         ;         ;         ;         ;         ;         ;         ;         ;         
;95% LL;30404;29475.7;28546.1;27571.9;26596;25664.5;25040.6;24742.4;24624.1;24644.8;24744.5;24823.5;24963.9;25458.9;25160.7;25487.4;25677.5;27717.3;28773.4;29503.9;29514;28860.7;26951.1;24784.6;21827.7;19683;18864.9;18661.7;18521.2;18296;17986;17675.7;17323.5;17111.4;15844.9;15915.3;18704;18966.1;18599.3;18215.6;17828.7;17439.2;17051.3;16668.9;16294.8;15930.8;15579.2;15241.3;14912.7;14590.4;14273.5;13959.2;13644.4;13328.6;13012.1;12694.1;12377.2;12062.9;11750.5;11441.4;11137.1;10838.7;10547.6;10264.7;9990.63;9725.97;9470.82;9224.99;8988.71;8761.96;8543.34;         ;         ;         ;         ;         ;         ;         ;         ;         ;         ;         ;         ;         ;         ;         
;95% UL;30410.1;29494.8;28582;27644;26742.3;25949.3;25538.6;25492.8;25580;25789.5;26063.9;26233.4;26413.7;26830.8;26538.3;26751.4;26901.5;28898.1;29881.3;30579.3;30570.6;29799.6;27746.6;25417.1;22234.6;19927;19068.8;18841.6;18692.4;18446.6;18122.6;17806.2;17449.3;17233.7;15956.7;16027.2;18839.7;19137.1;18791.4;18426.1;18051.3;17667.6;17282.2;16900;16524.2;16156.9;15801.3;15458.9;15125.6;14798.3;14475.3;14153.9;13831.6;13507.9;13183.6;12859.4;12536.3;12215.1;11896.4;11581.1;11270.8;10966.9;10670.7;10383.1;10105;9837.1;9579.29;9331.32;9093.11;8864.43;8644.77;         ;         ;         ;         ;         ;         ;         ;         ;         ;         ;         ;         ;         ;         ;         
Male deaths aged 1-4;Mean;11552.2;11186.2;10801.7;10420.4;10027.6;9656.1;9333.95;9170.66;9163.18;9302.69;9556.72;9851.06;10409.9;11213;11774.3;12675.5;13307;13371.6;13760.6;14114.2;13697.5;13298;12941.4;12388.9;11072.5;9315.29;8104.46;7561.49;7259.04;7088.25;6897.39;6731.73;6626.26;6507.03;5847.13;5698.36;6764.17;7054.95;6903.74;6742.63;6589.17;6443.19;6302.17;6166.66;6036.01;5907.81;5781.99;5659.21;5540.62;5426.08;5314.62;5205.46;5097.72;4990.52;4883.27;4775.77;4668.09;4560.43;4453.07;4346.25;4240.24;4135.43;4032.27;3931.22;3832.7;3737.07;3644.64;3555.56;3469.88;3387.57;3308.62;         ;         ;         ;         ;         ;         ;         ;         ;         ;         ;         ;         ;         ;         ;         
;95% LL;11552.1;11184.1;10795.7;10408.2;10003.9;9611.4;9252.3;9026.98;8950.69;9016.27;9209.7;9440.34;9938.18;10703;11263.4;12218.1;12843.2;12938.9;13338.4;13749.7;13367.7;13006.4;12671;12144.9;10885.2;9186.26;8023.04;7500.06;7209.27;7044.01;6858.28;6698.18;6594.52;6477.2;5821.18;5673.76;6736.63;7026.16;6870.48;6707.43;6551.98;6403.47;6262.34;6126.79;5996.22;5868.37;5743.13;5620.79;5503.17;5389.57;5279.26;5171.34;5064.45;4958.12;4851.82;4745.32;4638.69;4532.23;4426.28;4320.8;4216.06;4112.31;4010.06;3910;3812.44;3717.53;3625.66;3537.02;3451.68;3369.62;3290.87;         ;         ;         ;         ;         ;         ;         ;         ;         ;         ;         ;         ;         ;         ;         
;95% UL;11552.2;11187.7;10806.3;10430.4;10050;9704.6;9429.93;9335.33;9409.47;9624.22;9933.81;10264.2;10846.8;11658.4;12204.8;13086.1;13692.4;13718.8;14107.3;14452.2;14021.4;13610.2;13234;12654.1;11283.2;9455.2;8187.86;7620.11;7309.08;7131.84;6934.81;6763.88;6655.76;6534.51;5872.59;5723.85;6791.53;7083.39;6936.39;6779.79;6630.47;6487.75;6349.08;6215.26;6085.81;5958.26;5832.6;5709.59;5590.52;5475.33;5363.09;5252.9;5143.09;5034.25;4925.29;4816.06;4706.63;4597.25;4488.19;4379.72;4272.11;4166.2;4062.19;3960.34;3861.09;3764.83;3671.84;3582.29;3496.22;3413.59;3334.3;         ;         ;         ;         ;         ;         ;         ;         ;         ;         ;         ;         ;         ;         ;         
Male deaths aged 5-9;Mean;1817.02;1911.51;2018.69;2131.19;2239.7;2326.05;2395.74;2453.75;2506.87;2564.52;2641.53;2747.38;2934.37;2796.68;3042.41;3324.29;3672.28;3930.43;4243.44;4438.16;4296.6;4075.15;3806.24;3604.49;3390.48;3080.06;2833.46;2751.82;2675.97;2575.7;2369.71;2135.44;1950.67;1802.44;1651.52;1662.11;1787.41;1765.49;1746.71;1702.06;1646.71;1585.13;1534.27;1494.25;1463.27;1438.62;1419.14;1400.29;1381.8;1363.29;1344.71;1326.19;1307.92;1290.02;1272.45;1255.13;1237.92;1220.62;1203.03;1185.08;1166.71;1147.9;1128.7;1109.17;1089.38;1069.41;1049.35;1029.33;1009.45;989.83;970.576;         ;         ;         ;         ;         ;         ;         ;         ;         ;         ;         ;         ;         ;         ;         
;95% LL;1817.02;1911.51;2018.69;2131.16;2239.51;2325.28;2393.66;2449.17;2497.81;2547.12;2611.85;2698.14;2859.43;2687.94;2911.52;3165.73;3491.8;3735.03;4043.57;4247.68;4135.66;3932.42;3681.9;3494.68;3306.91;3017.32;2789.35;2713.7;2642.49;2546.2;2344.43;2115.54;1933.81;1787.82;1638.24;1649.37;1774.22;1751.77;1732.64;1689.12;1635.71;1576.08;1526.4;1486.76;1455.27;1430.13;1409.39;1390.12;1371.66;1353.23;1334.79;1316.44;1298.38;1280.72;1263.42;1246.39;1229.5;1212.36;1194.91;1177.13;1158.94;1140.34;1121.36;1102.05;1082.49;1062.75;1042.92;1023.13;1003.46;984.032;964.946;         ;         ;         ;         ;         ;         ;         ;         ;         ;         ;         ;         ;         ;         ;         
;95% UL;1817.02;1911.51;2018.69;2131.22;2239.84;2326.65;2397.49;2457.99;2516.38;2584.15;2677.9;2807.51;3025;2921.84;3197.99;3500.86;3852.49;4106.6;4413.6;4597.19;4445.37;4197.23;3908.29;3695.58;3467.57;3143.07;2883.48;2794;2710.74;2605.51;2393.79;2154.37;1967.03;1816.51;1663.84;1674.28;1800.48;1779.14;1760.45;1715.2;1658.2;1594.76;1542.98;1502.89;1472.62;1448.9;1430.39;1412.31;1394.43;1376.37;1358.1;1339.77;1321.59;1303.71;1286.09;1268.67;1251.31;1233.81;1215.98;1197.73;1178.96;1159.67;1140;1120;1099.76;1079.36;1058.91;1038.52;1018.3;998.381;978.862;         ;         ;         ;         ;         ;         ;         ;         ;         ;         ;         ;         ;         ;         ;         
Male deaths aged 10-14;Mean;1753.18;1805.47;1848.96;1882.61;1909.96;1939.13;1976.96;2017.98;2072.89;2135.61;2195.1;2242.1;2299.58;2206.1;2225.14;2250.35;2390.32;2463.25;2720.09;3021.88;3255.53;3520.07;3570.27;3529.14;3414.11;3205.15;2812.92;2569.57;2406.68;2346.61;2329.35;2273.89;2225.65;2139.7;2027.89;2033.2;2163.67;1998.95;1914;1831.65;1770.68;1725.01;1672.91;1613.79;1560.38;1515.92;1476.22;1444.03;1421.41;1402.31;1386.86;1376.33;1368.81;1361.65;1354.29;1346.61;1338.64;1330.55;1322.55;1314.67;1306.95;1299.37;1291.74;1283.78;1275.37;1266.4;1256.75;1246.4;1235.38;1223.75;1211.58;         ;         ;         ;         ;         ;         ;         ;         ;         ;         ;         ;         ;         ;         ;         
;95% LL;1753.18;1805.47;1848.96;1882.61;1909.96;1939.13;1976.96;2017.98;2072.87;2135.41;2194.29;2239.58;2293.82;2194.49;2202.28;2209.75;2323.33;2361.77;2578.02;2852.99;3061.09;3312.76;3361.88;3338.48;3250.36;3073.47;2715.5;2500.44;2359.8;2305.87;2287.05;2234.01;2182.05;2094.19;1982.97;1988.56;2121.95;1962.02;1883.78;1805.49;1748.09;1705.24;1656.08;1599.67;1547.86;1504.66;1465.82;1434.04;1411.84;1393.43;1378.22;1366.73;1358.26;1350.3;1342.69;1335.18;1327.39;1319.49;1311.69;1304.05;1296.61;1289.1;1281.68;1274.03;1265.96;1257.31;1247.81;1237.63;1226.8;1215.37;1203.41;         ;         ;         ;         ;         ;         ;         ;         ;         ;         ;         ;         ;         ;         ;         
;95% UL;1753.18;1805.47;1848.96;1882.61;1909.96;1939.13;1976.97;2017.99;2072.91;2135.76;2195.75;2244.17;2304.81;2218.19;2250.91;2299.66;2473.3;2591.03;2891.9;3223.93;3472.44;3734.71;3767.08;3697.97;3560.22;3318.5;2894.08;2630.27;2456.96;2396.71;2380.21;2323.99;2278.24;2194.63;2085.07;2084.75;2211.61;2040.84;1949.25;1858.25;1793.02;1744.95;1689.35;1628.09;1572.98;1527.56;1487.12;1454.47;1431.57;1412.52;1398;1388.8;1382.4;1376.16;1369.55;1362.47;1354.94;1347.17;1339.38;1331.61;1323.93;1316.31;1308.58;1300.45;1291.81;1282.54;1272.55;1261.82;1250.38;1238.32;1225.67;         ;         ;         ;         ;         ;         ;         ;         ;         ;         ;         ;         ;         ;         ;         
Male deaths aged 20-24;Mean;6689.01;6795.23;6874.91;6941.13;7016.87;7128.54;7302.02;7742.72;8265.79;8861.44;9511;10188;10725.5;10909.6;10966.8;10934.9;11211.5;11867.1;12267.8;12382.8;12566.4;12442.6;12432.2;12100.3;11723.5;11258.2;10738.3;10275.2;9948.57;9721.63;9549.45;9384.79;9198.37;8980.75;8509.35;8661.81;9430.19;9267.1;9152.76;9132.4;9205.85;9352.99;9555.42;9775.78;9908.66;9931.77;9900.5;9828.83;9741.51;9680.68;9646.48;9603.35;9525.39;9411.24;9281.19;9147.35;9021.37;8921.36;8844.88;8780.32;8730.61;8694.36;8661.89;8626.72;8588.37;8547.64;8505.73;8464.07;8423.7;8385.02;8347.86;         ;         ;         ;         ;         ;         ;         ;         ;         ;         ;         ;         ;         ;         ;         
;95% LL;6688.94;6794.76;6873.73;6938.75;7012.25;7119.78;7285.21;7711.41;8211.27;8770.29;9373.88;9998.96;10509.2;10654.6;10685.2;10638.1;10908.1;11543.8;11922.2;12027.2;12214.2;12108.1;12124;11825.7;11489.7;11061.4;10574.7;10133.2;9825.43;9607.38;9437.63;9279.73;9103.72;8893.25;8425.23;8581.9;9355.54;9200.61;9096.63;9081.76;9158.48;9305.15;9508.47;9728.99;9860.85;9885.42;9854.6;9784.45;9698.93;9639.5;9607.8;9566.38;9489.41;9377.42;9249.19;9116.03;8990.56;8890.9;8812.57;8744.99;8693.97;8653.92;8616.39;8578.84;8539.16;8497.51;8455.03;8413.05;8372.57;8333.92;8297.27;         ;         ;         ;         ;         ;         ;         ;         ;         ;         ;         ;         ;         ;         ;         
;95% UL;6689.07;6795.59;6875.86;6943.19;7021.24;7137.9;7321.57;7782.05;8337.99;8980.67;9687.31;10421.4;10999;11218.9;11314.4;11306.8;11586.4;12239.5;12650.5;12765.2;12932.9;12778.9;12735.5;12368.9;11962.2;11465;10914.5;10421.8;10080.6;9853.55;9682.93;9513.71;9324.14;9103.16;8631.34;8780.13;9541.2;9362.56;9228.15;9193.03;9257.53;9397.39;9601.04;9822.45;9955.78;9978.47;9946.07;9872.6;9783.17;9720.36;9684.39;9639.51;9559.85;9444.18;9312.85;9178;9051.18;8950.42;8874.59;8814.87;8771.55;8741.79;8714.54;8683.46;8648.18;8609.65;8569.21;8528.43;8488.52;8449.97;8412.73;         ;         ;         ;         ;         ;         ;         ;         ;         ;         ;         ;         ;         ;         ;         
Male deaths aged 25-29;Mean;7313.25;7599.97;7870.15;8123.08;8356.62;8576.27;8795.92;9235.45;9790.16;10530;11523.5;12831.4;14213.6;15809.5;17235.7;18375.9;19872.8;21689.6;23126.2;23640.1;23992.4;23869.4;23606.3;23173;22591;21477.9;19919.8;18302.4;17238.7;16557.5;15996;15300.8;14556.2;13889.6;13328.9;14067.5;15167.8;14602.7;14223.4;13861.9;13501.6;13143.6;12859;12710.1;12709.3;12844.1;13067.4;13351.3;13635.9;13788.9;13793;13723.6;13605.1;13473.6;13372.8;13298.1;13206.7;13068.8;12888.3;12693.3;12497.2;12313.6;12165;12048.6;11949.6;11869.8;11806.3;11747.4;11685.5;11620.3;11552.9;         ;         ;         ;         ;         ;         ;         ;         ;         ;         ;         ;         ;         ;         ;         
;95% LL;7313.09;7598.8;7866.79;8116;8343.16;8551.6;8749.94;9156.02;9655.31;10320.5;11218.8;12426;13692.5;15162.8;16461;17491;18909.9;20677.5;22097.9;22611.8;22967.9;22807.5;22527.9;22208.4;21670.3;20624.2;19152.9;17622.6;16649.3;16016.7;15485.1;14837.8;14155.7;13534.4;12989.3;13745.3;14883.4;14369;14038.8;13717.8;13389.3;13054.4;12780.3;12642.9;12641.8;12777.1;12999.9;13283.6;13566.6;13719.4;13722.5;13653.5;13536.7;13409.1;13312.2;13241.2;13153.5;13018.1;12839.8;12645.8;12451.1;12268;12119.3;12002.1;11901.7;11816.1;11747;11683.6;11619.1;11552.3;11483.8;         ;         ;         ;         ;         ;         ;         ;         ;         ;         ;         ;         ;         ;         ;         
;95% UL;7313.36;7600.87;7872.84;8129.16;8369.57;8603.67;8851.79;9342.32;9974.67;10820.1;11947.1;13413.9;14957.4;16707.7;18259.1;19490.7;21093.4;22998.1;24396.1;24977.6;25269.5;25069.3;24791.5;24319.3;23667.5;22459.5;20781.9;19055.7;17934.3;17236.8;16684;15947.8;15155.5;14448.3;13863;14572.4;15611.3;14964.5;14500.6;14072.2;13659.5;13266.2;12955;12788.2;12779.9;12914.2;13138.2;13423.3;13712.2;13865;13868;13795.2;13672.7;13537.3;13432.9;13354.9;13261;13121.1;12938.4;12741.1;12542.9;12358.6;12212;12100;12007.4;11935.8;11880.4;11828;11771.2;11709.7;11644.8;         ;         ;         ;         ;         ;         ;         ;         ;         ;         ;         ;         ;         ;         ;         
Male deaths aged 30-34;Mean;6454.63;6814.14;7193.58;7593.44;8010.09;8446.54;8926.06;9621.02;10485.4;11577.9;12936;14568.1;16296.9;18003.3;19851.3;21339;23495.2;25700.4;28674.2;30586.3;31902.1;32034.8;31582.2;30465.8;29214.4;27302.9;24908.8;22663.8;21506.8;21035.9;20797.8;20179.8;19185.7;18111.8;17411.8;18199.8;19010.3;18071.6;17326.1;16717.3;16228.7;15868.1;15536.9;15177;14833.1;14493.5;14151.6;13881.7;13736.1;13735.9;13868.4;14075.6;14330.7;14572.6;14671.4;14619.7;14496.6;14331.4;14160.9;14021.7;13904;13766.7;13581;13356;13122.5;12891.9;12676.8;12498.6;12353.6;12227.7;12121.3;         ;         ;         ;         ;         ;         ;         ;         ;         ;         ;         ;         ;         ;         ;         
;95% LL;6454.48;6812.85;7189.43;7583.63;7989.62;8406.38;8848.11;9477.6;10237.5;11178.4;12370.6;13798.4;15341.2;16915;18678.5;20088.4;22172.4;24308.2;27238.3;29140.7;30471.2;30647.4;30258.1;29222.2;27915.9;25989.8;23664.7;21561.5;20465.4;19946;19687.4;19120.5;18232.4;17242.5;16601.9;17464.5;18395.7;17584.8;16938.9;16407.6;15987.4;15682.4;15391;15058;14732.4;14405.4;14070;13807.1;13662.3;13664.6;13798.4;14006.3;14261.5;14497.2;14592.4;14543;14420.9;14257.7;14090.6;13956.3;13842.6;13708.7;13525;13302.5;13071.6;12843;12628.8;12450.4;12303.8;12174.3;12063.5;         ;         ;         ;         ;         ;         ;         ;         ;         ;         ;         ;         ;         ;         ;         
;95% UL;6454.74;6815.15;7196.95;7602.06;8030.39;8492.47;9023.2;9807.6;10834;12082.7;13605.5;15464.5;17374.2;19212.4;21127.1;22799.9;25051.1;27346.9;30435.1;32367.7;33724.4;33828.2;33251.5;32051.5;30754.2;28771.3;26206.5;23800.6;22602.7;22185.3;22047.3;21440;20362.3;19226.2;18495.2;19233.6;19912.6;18809.2;17904.3;17160.5;16562.6;16123.3;15734.3;15334.2;14961.2;14607.8;14252.4;13973.6;13825.6;13823;13954.7;14162.2;14419.1;14661.3;14760.5;14708.1;14583.6;14416.4;14241.9;14097.2;13975.9;13836.2;13647.8;13420;13183.7;12950.5;12734.6;12558.6;12418.3;12299;12200.8;         ;         ;         ;         ;         ;         ;         ;         ;         ;         ;         ;         ;         ;         ;         
Male deaths aged 35-39;Mean;5918.3;6271.61;6616.21;6963.28;7328.61;7739.89;8240.71;9008.48;10027.5;11369.4;13064.9;15096.6;17278.8;19479.2;21500.7;23320.7;25292.8;27636.2;29476.2;31207.2;31662.3;31576.2;31116.5;30237.5;29210.6;27323.4;24722.8;22113.3;20633.3;19984.8;19841.3;19636.3;19312.5;19032.8;19141.2;20785.5;21293.3;19446.3;18772.9;18109.2;17444.8;16833.2;16295.7;15832.3;15452.9;15154.7;14930.1;14700.9;14419.8;14126.1;13814.6;13482.3;13206.6;13046.9;13018;13106.6;13265.7;13472.9;13674.6;13746.6;13678.7;13543.8;13366.4;13180.2;13024;12892.5;12746.9;12559.4;12336.4;12104.2;11873.9;         ;         ;         ;         ;         ;         ;         ;         ;         ;         ;         ;         ;         ;         ;         
;95% LL;5918.19;6270.63;6612.78;6954.46;7308.69;7697.77;8154.86;8836.75;9702.54;10829.8;12287.1;14004.9;15884.5;17816.8;19624.7;21305.1;23368.2;25765.2;27701.8;29568.5;30080.7;30085.2;29734.8;28893.6;27927.7;26090.1;23583.2;21094;19666.4;18979.4;18744.8;18515.7;18250.9;18003.7;18119.5;19803.1;20418.9;18715.2;18207.3;17680.1;17123.6;16578.4;16089.2;15654.2;15293.4;15009.3;14796.6;14579.1;14309.5;14026.6;13724.9;13400.2;13125.8;12970.8;12940.9;13029.9;13187.9;13391.8;13595.1;13668.6;13604.9;13470.2;13294.6;13113.7;12959.3;12829.6;12686;12500.8;12280;12049.9;11822.2;         ;         ;         ;         ;         ;         ;         ;         ;         ;         ;         ;         ;         ;         ;         
;95% UL;5918.38;6272.4;6619.05;6971.25;7349;7788.91;8348.87;9222.67;10444.4;12009.6;13907.8;16212.4;18616.5;20979.5;23122.1;24982.3;27178.9;29717.3;31663;33412.2;33806.8;33610.4;33017.2;31997.4;30827.5;28770;25956.2;23131.2;21594.6;20983.8;20904.2;20770.9;20461.8;20202.4;20357.1;22011.9;22413.8;20373.9;19493.1;18654.2;17847.8;17149.5;16558.2;16053.8;15647;15327.9;15086.6;14841.9;14545.6;14237.5;13918.7;13579.6;13297.1;13135.8;13105.8;13190.7;13352.7;13564.1;13769.2;13843;13772.1;13634.2;13454.5;13266.3;13108.1;12972.3;12822.1;12631.8;12406.1;12171.5;11938.6;         ;         ;         ;         ;         ;         ;         ;         ;         ;         ;         ;         ;         ;         ;         
Male deaths aged 40-44;Mean;5896.41;6157.1;6495.62;6904.59;7364.63;7861.41;8407.9;9151.61;10094.5;11327.4;12918.4;14890.9;17066.6;19032.2;21170.2;23312.9;25313.8;27225.3;29198.7;30717.3;31306.3;30715.8;29548.3;28094.3;26672.7;24806.1;22652.1;20716.1;19774.4;19463.5;19459.7;19278.5;18903.9;18561.4;18205.4;19773.1;20145;18368.2;18552.5;18739.8;18865.5;18908.6;18815.2;18613.8;18352.3;18029.8;17672.1;17325;16996;16699.1;16450.5;16254.4;16041.6;15767.4;15471.3;15147.4;14789.1;14484;14306.4;14266.1;14352.1;14520.7;14749.3;14984.5;15086.4;15035.1;14910;14733.1;14540;14378.5;14246.8;         ;         ;         ;         ;         ;         ;         ;         ;         ;         ;         ;         ;         ;         ;         
;95% LL;5896.35;6156.5;6493.43;6898.55;7350.09;7828.6;8338.51;9009.19;9805.96;10859.6;12216.1;13880.3;15742.9;17413;19301.5;21261;23212.8;25173.7;27265.6;28925.7;29688.5;29292;28332.2;27013.9;25719.9;23951.3;21816.5;19992.8;19096.8;18757.2;18683.9;18507.9;18182.2;17866.9;17506.9;19097.3;19525.1;17814;18102.8;18379.2;18579.2;18678;18626.9;18456.1;18213.3;17897.8;17536.8;17186.4;16855.6;16559;16313.5;16123.1;15918.5;15654;15367.8;15053.5;14698.5;14396.9;14222.3;14183.6;14269;14437.5;14660;14898.8;15002.4;14951.5;14829.6;14654.6;14463.2;14303.5;14173.9;         ;         ;         ;         ;         ;         ;         ;         ;         ;         ;         ;         ;         ;         ;         
;95% UL;5896.46;6157.58;6497.45;6910.15;7379.87;7899.96;8495.95;9333.19;10448.8;11883.6;13672.9;15885.9;18276.5;20401.2;22691.2;24899.4;27199.7;29357;31492.5;33087.5;33639.1;32922.2;31548.2;29853.6;28187.7;26062.8;23645.5;21451.6;20430;20158.8;20221.7;20085.7;19704.9;19371.4;19050.8;20633.9;20948.9;19074.7;19117;19178.5;19193.4;19168.5;19027.1;18813.6;18548.2;18224.5;17866.2;17517.3;17184.4;16881.4;16625.1;16419.7;16195.6;15907.9;15597.4;15258.4;14898;14588.9;14408.7;14366.4;14449.1;14615.2;14844;15082.8;15183.4;15131.2;15006.8;14830;14635.3;14473;14338;         ;         ;         ;         ;         ;         ;         ;         ;         ;         ;         ;         ;         ;         ;         
Male deaths aged 45-49;Mean;7440.16;7644.6;7789.42;7905.82;8047.22;8274.97;8641.48;9279.27;10144.6;11262.7;12639.9;14266.8;15979.3;17464.2;19098;20619;22383.8;24125.9;26079.4;27489.7;28016;27877.9;27039.3;26030.8;24968.9;23503.5;21790.2;20209;19390.8;19091.7;19130.3;19200;19284.5;19486;19618.8;22031.2;21846.3;19060.2;19166.1;19360.2;19682.6;20178.4;20816.5;21531.3;22229.1;22835.2;23279.8;23504.5;23537.2;23429.9;23195.6;22878.8;22552.3;22231.3;21936.4;21691.3;21504.8;21295.9;21003.3;20667;20275.3;19821.5;19432.8;19212.4;19167.3;19293.5;19545;19894;20266.7;20470.2;20471.9;         ;         ;         ;         ;         ;         ;         ;         ;         ;         ;         ;         ;         ;         ;         
;95% LL;7440.12;7644.23;7788.07;7902.15;8038.41;8255.02;8598.81;9189.72;9953.96;10947.8;12148.5;13539.7;15005.2;16250.9;17676.9;19036.4;20705.5;22455.7;24491.3;26007.4;26686.9;26740.3;26117.3;25222.7;24231.8;22868.2;21274.8;19816.3;19049.7;18726.2;18721;18784.2;18878.3;19079.5;19206.7;21621.4;21471.2;18736.1;18924.6;19184.4;19543.9;20065.6;20726.4;21454.8;22163.1;22778;23221.4;23441.2;23468.7;23353.6;23107.8;22778.3;22440.6;22110.9;21810.3;21563.8;21379.9;21177;20892.4;20563;20177.6;19724.3;19334.4;19115.3;19069.3;19193.9;19441.7;19789.4;20162.7;20366.2;20370.3;         ;         ;         ;         ;         ;         ;         ;         ;         ;         ;         ;         ;         ;         ;         
;95% UL;7440.19;7644.9;7790.56;7909.25;8056.55;8298.53;8695.83;9394.88;10375.2;11639.7;13170.4;14976.9;16867.1;18479.8;20237.1;21855.4;23875;25842.3;27956.9;29459.5;29974.1;29731.5;28701;27458.6;26147.5;24410.1;22421.6;20669.1;19840.3;19568.7;19646.6;19732;19797.5;19987.3;20126.6;22524.7;22287.8;19424.7;19426.8;19557.5;19823.6;20289.3;20903.8;21600.6;22285.8;22888.3;23337.4;23584.4;23637.6;23547.9;23327.6;23020.8;22700.5;22381.9;22085.7;21836.4;21643.2;21425.4;21132.8;20792.9;20398.3;19938.5;19543.1;19317.4;19268.1;19397.6;19655.4;20008.8;20382.6;20589.3;20588.6;         ;         ;         ;         ;         ;         ;         ;         ;         ;         ;         ;         ;         ;         ;         
Male deaths aged 50-54;Mean;8919.84;9145.95;9435;9770.07;10107.3;10407;10649.4;10914.8;11217.3;11658;12336.9;13317.1;14516.2;15518.7;16819.6;18070;19422.8;20719.4;22225.5;23242.5;23619.4;23927.6;23841;23542.9;23179.1;22497.3;21607.8;20738.5;20384.3;20347;20487.7;20578.1;20603.3;20671.4;20965.3;24040.6;23596;20280.4;20766.5;21319.6;21874.6;22405.2;22892;23377;23939.5;24647.1;25537.1;26588.5;27718.9;28801.5;29750.9;30481.4;30923.4;31111.8;31112.6;30941;30653.9;30346.4;30037.9;29756.2;29534.2;29383.8;29191.2;28869;28474.4;27995.6;27424.1;26936.1;26677.5;26664.3;26895;         ;         ;         ;         ;         ;         ;         ;         ;         ;         ;         ;         ;         ;         ;         
;95% LL;8919.84;9145.85;9434.44;9768.15;10102.2;10395.1;10624.3;10863.6;11110.7;11486;12069.1;12914.5;13958.9;14795.7;15937.7;17054.2;18320.4;19567.3;21095.3;22194.1;22684.2;23141.7;23177.4;23000.1;22643.1;22029.9;21165.7;20379;20059.5;19991.8;20128.4;20209.4;20237.6;20298.7;20589;23674.9;23260.2;20000.9;20502.4;21061.6;21630.1;22134.8;22635.1;23132.2;23706;24440;25356.7;26431.4;27580.8;28687.2;29654.2;30411.8;30873.9;31069.6;31064.7;30887.9;30587.5;30265.6;29941.7;29648.2;29419.5;29267.9;29077.9;28754.3;28361.1;27880.7;27307.9;26818.7;26562.2;26547.5;26771.6;         ;         ;         ;         ;         ;         ;         ;         ;         ;         ;         ;         ;         ;         ;         
;95% UL;8919.85;9146.04;9435.49;9771.89;10112.7;10421;10681.4;10981.4;11345.8;11863.7;12630.8;13715.2;15033.9;16137.4;17541.4;18892.6;20441.7;21917.2;23555.2;24655.1;25036.2;25272;25035.6;24548.9;23977.4;23063.4;22014.6;21141.5;20790.1;20762;20929.4;21029.8;21028.1;21059.5;21354.3;24441.9;23975.2;20599.2;21023.3;21530.9;22079.9;22606.5;23090.8;23567.3;24116.2;24807.3;25679.1;26715.8;27828.4;28890.8;29821.7;30530.6;30961;31146.1;31164.7;31009.7;30735.5;30437.4;30134.4;29862;29649.8;29498.7;29310;28986.7;28590;28111.9;27543.7;27057.5;26798.7;26787.9;27023.3;         ;         ;         ;         ;         ;         ;         ;         ;         ;         ;         ;         ;         ;         ;         
Male deaths aged 55-59;Mean;10435.7;10631.8;10745;10814.3;10890.5;11020.4;11238.2;11563.5;11988.1;12468.9;12962.2;13437;13869.6;14050.6;14682.8;15381.9;15924.4;17073.7;18178.4;19181.7;19980.2;20470.3;20711.9;20913.7;21057.2;21031.2;20913.3;20789.3;21007;21429.4;21952.3;22420.5;22830.4;23247.6;24408.4;28832.2;27547.1;22661.6;22896.7;23201.4;23607.5;24159.1;24866.5;25704.4;26609.4;27506.6;28341.4;29097.6;29828.9;30635.8;31617.9;32833.8;34272.2;35831.8;37349.3;38713.2;39806.3;40531.7;40930.7;41085.2;41007.3;40769.6;40498.6;40218.2;39964.9;39782.9;39688.5;39526;39179.7;38728.4;38148.6;         ;         ;         ;         ;         ;         ;         ;         ;         ;         ;         ;         ;         ;         ;         
;95% LL;10435.7;10631.8;10744.8;10813.7;10888.7;11015.4;11226.8;11538.8;11935.5;12380.2;12824.1;13229.8;13585.4;13687.1;14244.3;14876;15364.2;16473.1;17561.4;18578.3;19437.1;20012.4;20333;20565;20714.2;20652.4;20551.9;20481.8;20676.2;21080;21564.7;22001.6;22412.1;22799;23924.7;28246.1;26992;22217.3;22448.1;22756.3;23173;23740.5;24457.2;25278.7;26182;27085.9;27936.7;28716.7;29472.3;30291.5;31303.1;32548.7;34012.3;35595.5;37138.6;38530.7;39650.4;40402.8;40827.6;41006;40949.8;40717;40435.5;40143.7;39873.4;39679.8;39579.7;39411.1;39058.6;38601.7;38014.3;         ;         ;         ;         ;         ;         ;         ;         ;         ;         ;         ;         ;         ;         ;         
;95% UL;10435.7;10631.8;10745.1;10814.9;10892.6;11026.4;11253;11595.9;12052.7;12574.9;13116.9;13646.1;14139.1;14370.2;15053.7;15810.9;16467.5;17732.4;18939.3;20021.2;20843.4;21300.2;21446;21515.3;21507.7;21349.4;21268;21160.8;21388.7;21832.3;22401.3;22889.9;23322.5;23751.6;24924.3;29389.5;28064.8;23067.4;23297.6;23572.9;23955;24506.2;25211.5;26045.4;26943.1;27834.2;28651.2;29392.9;30106.5;30908.8;31885;33090.4;34511.8;36047.4;37539.7;38877.3;39943.8;40643.5;41019.1;41152.1;41065.9;40819.8;40557.7;40288.2;40046.9;39878.2;39796.6;39643;39307.2;38865.9;38294.5;         ;         ;         ;         ;         ;         ;         ;         ;         ;         ;         ;         ;         ;         ;         
Non-AIDS female deaths, ages 20-24;Mean;2803.86;2908.73;3000.12;3082.34;3166.02;3263.72;3434.15;3657.53;3902.69;4153.75;4391.64;4600.6;4710.7;4631.53;4713.24;4767.06;4748.25;4983.04;5248.48;5529.78;5636.39;5585.56;5529.06;5406.41;5250.45;5064.39;4856.11;4669.57;4480.93;4291.62;4105.06;3921.5;3722.22;3497.1;3434.43;3714.37;3692.54;3254.27;3190.51;3163.86;3172;3204.22;3254.21;3307.22;3330.41;3320.52;3294.47;3256.59;3213.9;3176.76;3143.58;3105.18;3055.18;2994.34;2929.25;2863.41;2800.82;2746.87;2700.65;2658.49;2620.54;2585.99;2552.39;2518.3;2483.72;2448.95;2414.4;2380.48;2347.44;2315.34;2284.09;         ;         ;         ;         ;         ;         ;         ;         ;         ;         ;         ;         ;         ;         ;         
;95% LL;2803.86;2908.72;3000.11;3082.32;3165.97;3263.63;3433.95;3657.13;3901.92;4152.38;4389.43;4597.25;4706.02;4625.85;4706.7;4760.14;4741.39;4976.08;5241.72;5523.17;5629.82;5579.41;5523.47;5401.45;5246.05;5060.22;4851.23;4663.33;4473.16;4282.22;4094.54;3910.49;3711.19;3486.31;3423.22;3701.55;3679.1;3241.72;3177.65;3150.59;3158.35;3190.61;3240.53;3293.25;3316.36;3306.49;3280.44;3242.83;3200.77;3164.11;3131.46;3093.51;3043.92;2983.7;2919.22;2853.93;2791.55;2737.26;2690.81;2647.83;2609.27;2573.43;2539.55;2504.59;2469.74;2434.79;2400.21;2366.37;2333.48;2301.66;2270.84;         ;         ;         ;         ;         ;         ;         ;         ;         ;         ;         ;         ;         ;         ;         
;95% UL;2803.86;2908.73;3000.12;3082.36;3166.07;3263.82;3434.34;3657.89;3903.33;4154.91;4393.47;4603.52;4714.71;4636.07;4718.53;4772.75;4753.91;4988.96;5254.81;5536.44;5643.26;5592.11;5534.97;5411.53;5254.97;5068.5;4860.61;4675.01;4487.83;4299.81;4114.69;3932.37;3734;3509.4;3446.75;3728.29;3707.13;3267.64;3203.96;3177.77;3186.38;3218.99;3269.25;3322.35;3345.31;3334.99;3308.22;3269.59;3226.17;3188.38;3154.63;3115.66;3065.11;3003.76;2938.24;2872.08;2809.22;2755.03;2708.62;2667.36;2631.17;2598.34;2566.05;2532.92;2498.99;2464.62;2430.26;2396.38;2363.26;2331.01;2299.56;         ;         ;         ;         ;         ;         ;         ;         ;         ;         ;         ;         ;         ;         ;         
Non-AIDS female deaths, ages 25-29;Mean;3.00E+03;3.12E+03;3.25E+03;3.38E+03;3.50E+03;3.61E+03;3.75E+03;3.90E+03;4.04E+03;4.19E+03;4.36E+03;4.56E+03;4.71E+03;4.85E+03;5.17E+03;5.36E+03;5.43E+03;5.69E+03;6.01E+03;6.21E+03;6.17E+03;6.05E+03;6.07E+03;6.09E+03;6.12E+03;6.12E+03;6.07E+03;5.99E+03;5.86E+03;5.68E+03;5.47E+03;5.23E+03;4.98E+03;4.74E+03;4.95E+03;5.52E+03;5.41E+03;4.52E+03;4.42E+03;4.31E+03;4.19E+03;4.06E+03;3.94E+03;3.86E+03;3.83E+03;3.83E+03;3.86E+03;3.92E+03;3.97E+03;3.99E+03;3.97E+03;3.94E+03;3.88E+03;3.82E+03;3.77E+03;3.72E+03;3669.89;3605.09;3528.34;3446.91;3364.8;3286.52;3218.47;3159.76;3105.91;3057.18;3012.75;2969.77;2926.52;2882.95;2839.4;         ;         ;         ;         ;         ;         ;         ;         ;         ;         ;         ;         ;         ;         ;         
;95% LL;3.00E+03;3.12E+03;3.25E+03;3.38E+03;3.50E+03;3.61E+03;3.75E+03;3.90E+03;4.04E+03;4.19E+03;4.36E+03;4.56E+03;4.70E+03;4.83E+03;5.15E+03;5.34E+03;5.40E+03;5.66E+03;5.97E+03;6.18E+03;6.14E+03;6.02E+03;6.04E+03;6.06E+03;6.09E+03;6.10E+03;6.06E+03;5.98E+03;5.84E+03;5.67E+03;5.46E+03;5.22E+03;4.98E+03;4.73E+03;4.94E+03;5.51E+03;5.40E+03;4.51E+03;4.41E+03;4.30E+03;4.18E+03;4.04E+03;3.93E+03;3.85E+03;3.81E+03;3.82E+03;3.85E+03;3.90E+03;3.96E+03;3.98E+03;3.96E+03;3.92E+03;3.87E+03;3.81E+03;3.76E+03;3.71E+03;3656.5;3592.28;3516.27;3435.53;3354.01;3276;3207.58;3148.66;3093.76;3044.35;2998.59;2955.21;2910.93;2866.98;2823.28;         ;         ;         ;         ;         ;         ;         ;         ;         ;         ;         ;         ;         ;         ;         
;95% UL;3.00E+03;3.12E+03;3.25E+03;3.38E+03;3.50E+03;3.61E+03;3.76E+03;3.90E+03;4.04E+03;4.19E+03;4.37E+03;4.57E+03;4.71E+03;4.86E+03;5.18E+03;5.38E+03;5.45E+03;5.72E+03;6.04E+03;6.25E+03;6.21E+03;6.08E+03;6.09E+03;6.12E+03;6.14E+03;6.14E+03;6.09E+03;6.01E+03;5.87E+03;5.69E+03;5.48E+03;5.24E+03;4.99E+03;4.74E+03;4.96E+03;5.53E+03;5.42E+03;4.53E+03;4.44E+03;4.33E+03;4.21E+03;4.07E+03;3.96E+03;3.88E+03;3.84E+03;3.85E+03;3.88E+03;3.93E+03;3.99E+03;4.01E+03;3.99E+03;3.95E+03;3.90E+03;3.84E+03;3.78E+03;3.73E+03;3681.87;3616.43;3539.1;3457.19;3374.69;3296.1;3227.77;3168.84;3115.82;3069.07;3026.62;2985.15;2943;2900.18;2857.09;         ;         ;         ;         ;         ;         ;         ;         ;         ;         ;         ;         ;         ;         ;         
Non-AIDS female deaths, ages 30-34;Mean;2.83E+03;2.97E+03;3.11E+03;3.25E+03;3.39E+03;3.54E+03;3.72E+03;3.91E+03;4.10E+03;4.29E+03;4.46E+03;4.63E+03;4.74E+03;4.85E+03;5.13E+03;5.34E+03;5.42E+03;5.70E+03;6.14E+03;6.46E+03;6.60E+03;6.54E+03;6.40E+03;6.25E+03;6.14E+03;6.07E+03;6.07E+03;6.14E+03;6.24E+03;6.33E+03;6.39E+03;6.41E+03;6.35E+03;6.24E+03;6.48E+03;7.44E+03;7.28E+03;5.93E+03;5.85E+03;5.78E+03;5.71E+03;5.64E+03;5.56E+03;5.44E+03;5.30E+03;5.15E+03;4.99E+03;4.85E+03;4.75E+03;4.71E+03;4.71E+03;4.74E+03;4.80E+03;4.85E+03;4.87E+03;4.84E+03;4780.35;4708.85;4632.99;4565.75;4504.43;4436.53;4353.66;4256.97;4155.57;4054.38;3958.48;3874.76;3802.15;3735.75;3675.58;         ;         ;         ;         ;         ;         ;         ;         ;         ;         ;         ;         ;         ;         ;         
;95% LL;2.83E+03;2.97E+03;3.11E+03;3.25E+03;3.39E+03;3.54E+03;3.72E+03;3.91E+03;4.10E+03;4.28E+03;4.46E+03;4.62E+03;4.73E+03;4.84E+03;5.11E+03;5.31E+03;5.39E+03;5.66E+03;6.09E+03;6.40E+03;6.53E+03;6.47E+03;6.32E+03;6.18E+03;6.07E+03;6.01E+03;6.02E+03;6.09E+03;6.19E+03;6.29E+03;6.36E+03;6.38E+03;6.33E+03;6.22E+03;6.46E+03;7.42E+03;7.26E+03;5.91E+03;5.84E+03;5.76E+03;5.69E+03;5.62E+03;5.54E+03;5.42E+03;5.29E+03;5.13E+03;4.97E+03;4.83E+03;4.74E+03;4.69E+03;4.69E+03;4.72E+03;4.78E+03;4.83E+03;4.85E+03;4.82E+03;4761.62;4690.45;4615.22;4548.53;4487.78;4420.6;4338.58;4242.75;4142.1;4041.49;3945.96;3861.84;3788.98;3721.17;3660.19;         ;         ;         ;         ;         ;         ;         ;         ;         ;         ;         ;         ;         ;         ;         
;95% UL;2.83E+03;2.97E+03;3.11E+03;3.25E+03;3.39E+03;3.54E+03;3.72E+03;3.91E+03;4.10E+03;4.29E+03;4.47E+03;4.63E+03;4.74E+03;4.86E+03;5.14E+03;5.36E+03;5.45E+03;5.74E+03;6.19E+03;6.52E+03;6.67E+03;6.61E+03;6.46E+03;6.32E+03;6.20E+03;6.12E+03;6.11E+03;6.18E+03;6.27E+03;6.36E+03;6.42E+03;6.43E+03;6.37E+03;6.26E+03;6.50E+03;7.46E+03;7.29E+03;5.94E+03;5.86E+03;5.79E+03;5.72E+03;5.65E+03;5.57E+03;5.45E+03;5.32E+03;5.17E+03;5.01E+03;4.87E+03;4.77E+03;4.73E+03;4.73E+03;4.76E+03;4.82E+03;4.87E+03;4.89E+03;4.86E+03;4799.12;4726.57;4649.71;4581.58;4519.45;4450.77;4367.14;4269.76;4167.78;4066.15;3969.87;3885.82;3812.95;3747.73;3689.87;         ;         ;         ;         ;         ;         ;         ;         ;         ;         ;         ;         ;         ;         ;         
Non-AIDS female deaths, ages 35-39;Mean;2.83E+03;3.00E+03;3.16E+03;3.33E+03;3.49E+03;3.67E+03;3.88E+03;4.10E+03;4.33E+03;4.56E+03;4.79E+03;5.02E+03;5.24E+03;5.42E+03;5.63E+03;5.84E+03;5.93E+03;6.19E+03;6.56E+03;6.66E+03;6.66E+03;6.63E+03;6.50E+03;6.53E+03;6.56E+03;6.58E+03;6.58E+03;6.57E+03;6.55E+03;6.56E+03;6.62E+03;6.74E+03;6.93E+03;7.17E+03;7.55E+03;8.97E+03;8.79E+03;6.95E+03;6.99E+03;6.98E+03;6.95E+03;6.88E+03;6.80E+03;6.72E+03;6.64E+03;6.57E+03;6.50E+03;6.41E+03;6.28E+03;6.13E+03;5.97E+03;5.78E+03;5.62E+03;5.51E+03;5.45E+03;5.45E+03;5478.35;5540.02;5608.59;5632.1;5602.97;5546.99;5469.38;5383.85;5308.13;5241.21;5168.24;5078.88;4973.08;4860.39;4746.55;         ;         ;         ;         ;         ;         ;         ;         ;         ;         ;         ;         ;         ;         ;         
;95% LL;2.83E+03;3.00E+03;3.16E+03;3.33E+03;3.49E+03;3.67E+03;3.88E+03;4.10E+03;4.32E+03;4.55E+03;4.79E+03;5.02E+03;5.23E+03;5.41E+03;5.62E+03;5.82E+03;5.90E+03;6.15E+03;6.51E+03;6.60E+03;6.59E+03;6.55E+03;6.42E+03;6.44E+03;6.46E+03;6.48E+03;6.49E+03;6.47E+03;6.46E+03;6.47E+03;6.54E+03;6.67E+03;6.87E+03;7.11E+03;7.50E+03;8.91E+03;8.75E+03;6.92E+03;6.96E+03;6.96E+03;6.92E+03;6.86E+03;6.78E+03;6.70E+03;6.63E+03;6.55E+03;6.48E+03;6.39E+03;6.26E+03;6.12E+03;5.95E+03;5.76E+03;5.60E+03;5.49E+03;5.43E+03;5.42E+03;5457.4;5518.37;5586.33;5609.74;5580.73;5525.19;5448.21;5363.38;5288.24;5222.05;5149.94;5061.47;4956.52;4844.61;4731.45;         ;         ;         ;         ;         ;         ;         ;         ;         ;         ;         ;         ;         ;         ;         
;95% UL;2.83E+03;3.00E+03;3.16E+03;3.33E+03;3.49E+03;3.67E+03;3.88E+03;4.10E+03;4.33E+03;4.56E+03;4.79E+03;5.03E+03;5.25E+03;5.43E+03;5.65E+03;5.86E+03;5.96E+03;6.22E+03;6.59E+03;6.70E+03;6.71E+03;6.69E+03;6.57E+03;6.61E+03;6.65E+03;6.67E+03;6.68E+03;6.66E+03;6.63E+03;6.63E+03;6.68E+03;6.80E+03;6.99E+03;7.22E+03;7.60E+03;9.02E+03;8.84E+03;6.98E+03;7.02E+03;7.01E+03;6.97E+03;6.90E+03;6.82E+03;6.74E+03;6.66E+03;6.58E+03;6.52E+03;6.43E+03;6.30E+03;6.15E+03;5.99E+03;5.80E+03;5.64E+03;5.53E+03;5.47E+03;5.47E+03;5501.08;5563.11;5631.78;5654.91;5625.69;5568.71;5489.91;5403.22;5326.48;5258.65;5184.79;5094.56;4987.97;4874.61;4760.25;         ;         ;         ;         ;         ;         ;         ;         ;         ;         ;         ;         ;         ;         ;         
Non-AIDS female deaths, ages 40-44;Mean;3.23E+03;3.32E+03;3.46E+03;3.64E+03;3.85E+03;4.08E+03;4.33E+03;4.59E+03;4.85E+03;5.13E+03;5.41E+03;5.70E+03;5.98E+03;6.20E+03;6.38E+03;6.57E+03;6.75E+03;7.03E+03;7.45E+03;7.71E+03;7.78E+03;7.70E+03;7.63E+03;7.61E+03;7.60E+03;7.60E+03;7.65E+03;7.75E+03;7.88E+03;8.02E+03;8.14E+03;8.22E+03;8.28E+03;8.34E+03;8.70E+03;1.02E+04;9.89E+03;7.89E+03;8.17E+03;8.46E+03;8.72E+03;8.94E+03;9.08E+03;9.15E+03;9.16E+03;9.13E+03;9.06E+03;8.98E+03;8.90E+03;8.81E+03;8.73E+03;8.65E+03;8.55E+03;8.39E+03;8.21E+03;8.00E+03;7760.67;7554.84;7418.53;7354.49;7361.17;7420.37;7518.1;7624.91;7671.37;7646.35;7583.94;7492.24;7390.48;7302.48;7226.01;         ;         ;         ;         ;         ;         ;         ;         ;         ;         ;         ;         ;         ;         ;         
;95% LL;3.23E+03;3.32E+03;3.46E+03;3.64E+03;3.85E+03;4.08E+03;4.33E+03;4.59E+03;4.85E+03;5.12E+03;5.40E+03;5.69E+03;5.97E+03;6.19E+03;6.36E+03;6.55E+03;6.72E+03;6.99E+03;7.40E+03;7.65E+03;7.71E+03;7.63E+03;7.55E+03;7.53E+03;7.50E+03;7.51E+03;7.55E+03;7.64E+03;7.76E+03;7.89E+03;8.01E+03;8.09E+03;8.16E+03;8.21E+03;8.58E+03;1.01E+04;9.79E+03;7.82E+03;8.10E+03;8.39E+03;8.67E+03;8.89E+03;9.03E+03;9.11E+03;9.13E+03;9.10E+03;9.03E+03;8.96E+03;8.87E+03;8.78E+03;8.70E+03;8.63E+03;8.52E+03;8.37E+03;8.18E+03;7.97E+03;7735.73;7529.58;7392.6;7327.58;7333.78;7391.84;7488.5;7594.43;7640.69;7615.86;7553.95;7463.08;7362.28;7275.22;7199.7;         ;         ;         ;         ;         ;         ;         ;         ;         ;         ;         ;         ;         ;         ;         
;95% UL;3.23E+03;3.32E+03;3.46E+03;3.64E+03;3.85E+03;4.08E+03;4.33E+03;4.59E+03;4.86E+03;5.13E+03;5.41E+03;5.70E+03;5.99E+03;6.21E+03;6.40E+03;6.59E+03;6.78E+03;7.07E+03;7.50E+03;7.76E+03;7.84E+03;7.77E+03;7.70E+03;7.69E+03;7.68E+03;7.69E+03;7.75E+03;7.85E+03;7.99E+03;8.13E+03;8.26E+03;8.34E+03;8.40E+03;8.44E+03;8.80E+03;1.03E+04;9.99E+03;7.96E+03;8.24E+03;8.52E+03;8.78E+03;8.99E+03;9.12E+03;9.19E+03;9.20E+03;9.16E+03;9.09E+03;9.01E+03;8.92E+03;8.83E+03;8.74E+03;8.67E+03;8.57E+03;8.42E+03;8.23E+03;8.02E+03;7787.08;7581.95;7446.43;7383.25;7390.8;7450.73;7548.97;7655.95;7701.92;7677.13;7613.58;7520.29;7417;7327.65;7249.97;         ;         ;         ;         ;         ;         ;         ;         ;         ;         ;         ;         ;         ;         ;         
Non-AIDS female deaths, ages 45-49;Mean;4.74E+03;4.78E+03;4.77E+03;4.73E+03;4.70E+03;4.72E+03;4.83E+03;5.01E+03;5.25E+03;5.53E+03;5.83E+03;6.12E+03;6.40E+03;6.60E+03;6.93E+03;7.24E+03;7.40E+03;7.80E+03;8.27E+03;8.62E+03;8.84E+03;8.85E+03;8.84E+03;9.00E+03;9.14E+03;9.25E+03;9.33E+03;9.37E+03;9.38E+03;9.39E+03;9.42E+03;9.50E+03;9.62E+03;9.78E+03;1.07E+04;1.31E+04;1.21E+04;9.27E+03;9.27E+03;9.30E+03;9.40E+03;9.60E+03;9.90E+03;1.03E+04;1.07E+04;1.10E+04;1.13E+04;1.15E+04;1.16E+04;1.17E+04;1.17E+04;1.16E+04;1.15E+04;1.14E+04;1.13E+04;1.13E+04;11176.5;11063.8;10886.4;10672.1;10419.6;10132.5;9882.82;9723.58;9658.19;9684.28;9779.22;9927.33;10089.4;10172.1;10161.3;         ;         ;         ;         ;         ;         ;         ;         ;         ;         ;         ;         ;         ;         ;         
;95% LL;4.74E+03;4.78E+03;4.77E+03;4.73E+03;4.70E+03;4.72E+03;4.83E+03;5.01E+03;5.25E+03;5.53E+03;5.83E+03;6.12E+03;6.40E+03;6.59E+03;6.91E+03;7.22E+03;7.37E+03;7.76E+03;8.22E+03;8.56E+03;8.77E+03;8.78E+03;8.76E+03;8.91E+03;9.04E+03;9.14E+03;9.22E+03;9.25E+03;9.26E+03;9.27E+03;9.29E+03;9.36E+03;9.48E+03;9.63E+03;1.06E+04;1.29E+04;1.19E+04;9.13E+03;9.13E+03;9.17E+03;9.29E+03;9.50E+03;9.81E+03;1.02E+04;1.06E+04;1.09E+04;1.12E+04;1.15E+04;1.16E+04;1.16E+04;1.16E+04;1.16E+04;1.15E+04;1.14E+04;1.13E+04;1.12E+04;11145;11030.8;10853.4;10639.4;10387;10099.9;9849.76;9689.64;9622.94;9647.85;9741.35;9888.19;10048.7;10131.2;10120.9;         ;         ;         ;         ;         ;         ;         ;         ;         ;         ;         ;         ;         ;         ;         
;95% UL;4.74E+03;4.78E+03;4.77E+03;4.73E+03;4.70E+03;4.72E+03;4.83E+03;5.01E+03;5.25E+03;5.54E+03;5.83E+03;6.13E+03;6.41E+03;6.61E+03;6.94E+03;7.26E+03;7.43E+03;7.83E+03;8.31E+03;8.67E+03;8.90E+03;8.92E+03;8.92E+03;9.08E+03;9.23E+03;9.35E+03;9.43E+03;9.47E+03;9.48E+03;9.50E+03;9.54E+03;9.62E+03;9.75E+03;9.92E+03;1.09E+04;1.33E+04;1.23E+04;9.40E+03;9.38E+03;9.40E+03;9.50E+03;9.70E+03;9.99E+03;1.04E+04;1.07E+04;1.11E+04;1.14E+04;1.16E+04;1.17E+04;1.17E+04;1.17E+04;1.16E+04;1.15E+04;1.15E+04;1.14E+04;1.13E+04;11202.9;11094.1;10918.7;10705.6;10454.1;10167.5;9918.19;9759.78;9695.54;9722.8;9818.72;9967.51;10129.8;10211.9;10201.9;         ;         ;         ;         ;         ;         ;         ;         ;         ;         ;         ;         ;         ;         ;         
Non-AIDS female deaths, ages 50-54;Mean;6.02E+03;6.10E+03;6.22E+03;6.36E+03;6.49E+03;6.57E+03;6.59E+03;6.56E+03;6.49E+03;6.44E+03;6.46E+03;6.57E+03;6.77E+03;6.93E+03;7.20E+03;7.67E+03;8.08E+03;8.39E+03;8.76E+03;9.30E+03;9.61E+03;9.83E+03;1.00E+04;1.02E+04;1.04E+04;1.06E+04;1.08E+04;1.10E+04;1.12E+04;1.14E+04;1.15E+04;1.16E+04;1.16E+04;1.16E+04;1.29E+04;1.63E+04;1.49E+04;1.13E+04;1.14E+04;1.16E+04;1.17E+04;1.17E+04;1.18E+04;1.18E+04;1.18E+04;1.20E+04;1.23E+04;1.27E+04;1.31E+04;1.37E+04;1.41E+04;1.45E+04;1.48E+04;1.50E+04;1.51E+04;1.51E+04;15025.7;14948.8;14861.5;14770.3;14686.2;14610.9;14486.5;14275.7;14014.6;13703.9;13348.2;13039.6;12849.4;12783.6;12839.3;         ;         ;         ;         ;         ;         ;         ;         ;         ;         ;         ;         ;         ;         ;         
;95% LL;6.02E+03;6.10E+03;6.22E+03;6.36E+03;6.49E+03;6.57E+03;6.59E+03;6.56E+03;6.49E+03;6.44E+03;6.46E+03;6.56E+03;6.76E+03;6.93E+03;7.19E+03;7.65E+03;8.06E+03;8.36E+03;8.73E+03;9.25E+03;9.55E+03;9.76E+03;9.95E+03;1.02E+04;1.03E+04;1.05E+04;1.07E+04;1.09E+04;1.11E+04;1.12E+04;1.14E+04;1.15E+04;1.15E+04;1.15E+04;1.27E+04;1.61E+04;1.47E+04;1.11E+04;1.13E+04;1.14E+04;1.15E+04;1.16E+04;1.16E+04;1.16E+04;1.17E+04;1.18E+04;1.21E+04;1.25E+04;1.30E+04;1.35E+04;1.40E+04;1.45E+04;1.47E+04;1.49E+04;1.50E+04;1.50E+04;14973.1;14899.9;14817.2;14727.5;14643.6;14569.4;14443.1;14231.2;13971;13660.7;13304.7;12996;12804.6;12737.1;12790.8;         ;         ;         ;         ;         ;         ;         ;         ;         ;         ;         ;         ;         ;         ;         
;95% UL;6.02E+03;6.10E+03;6.22E+03;6.36E+03;6.49E+03;6.57E+03;6.59E+03;6.56E+03;6.49E+03;6.44E+03;6.46E+03;6.57E+03;6.77E+03;6.94E+03;7.21E+03;7.68E+03;8.10E+03;8.42E+03;8.80E+03;9.34E+03;9.66E+03;9.90E+03;1.01E+04;1.03E+04;1.05E+04;1.08E+04;1.10E+04;1.12E+04;1.13E+04;1.15E+04;1.16E+04;1.17E+04;1.17E+04;1.17E+04;1.31E+04;1.65E+04;1.51E+04;1.15E+04;1.16E+04;1.17E+04;1.19E+04;1.19E+04;1.19E+04;1.19E+04;1.20E+04;1.21E+04;1.24E+04;1.28E+04;1.33E+04;1.38E+04;1.42E+04;1.46E+04;1.49E+04;1.51E+04;1.51E+04;1.51E+04;15074.4;14993.1;14902.1;14806.8;14720.5;14645.4;14525.8;14318.1;14059.3;13750;13395.1;13087.2;12897.5;12832.6;12889.8;         ;         ;         ;         ;         ;         ;         ;         ;         ;         ;         ;         ;         ;         ;         
Non-AIDS female deaths, ages 55-59;Mean;7.35E+03;7.50E+03;7.58E+03;7.61E+03;7.63E+03;7.68E+03;7.79E+03;7.94E+03;8.11E+03;8.26E+03;8.34E+03;8.35E+03;8.29E+03;8.21E+03;8.16E+03;8.31E+03;8.48E+03;8.73E+03;9.19E+03;9.70E+03;1.01E+04;1.06E+04;1.08E+04;1.12E+04;1.16E+04;1.19E+04;1.23E+04;1.27E+04;1.30E+04;1.33E+04;1.37E+04;1.40E+04;1.44E+04;1.47E+04;1.70E+04;2.22E+04;2.01E+04;1.47E+04;1.47E+04;1.47E+04;1.47E+04;1.47E+04;1.49E+04;1.50E+04;1.53E+04;1.54E+04;1.55E+04;1.56E+04;1.56E+04;1.57E+04;1.59E+04;1.63E+04;1.69E+04;1.76E+04;1.83E+04;1.90E+04;19542;19970.7;20246.9;20408.5;20459.9;20424.4;20360.4;20281.1;20194.8;20115.9;20047.6;19914.8;19667.9;19349.8;18955.3;         ;         ;         ;         ;         ;         ;         ;         ;         ;         ;         ;         ;         ;         ;         
;95% LL;7.35E+03;7.50E+03;7.58E+03;7.61E+03;7.63E+03;7.68E+03;7.79E+03;7.94E+03;8.11E+03;8.26E+03;8.34E+03;8.35E+03;8.28E+03;8.21E+03;8.16E+03;8.30E+03;8.47E+03;8.71E+03;9.17E+03;9.66E+03;1.01E+04;1.05E+04;1.08E+04;1.11E+04;1.15E+04;1.18E+04;1.22E+04;1.25E+04;1.29E+04;1.32E+04;1.36E+04;1.39E+04;1.42E+04;1.46E+04;1.68E+04;2.20E+04;1.99E+04;1.45E+04;1.45E+04;1.45E+04;1.45E+04;1.45E+04;1.46E+04;1.48E+04;1.50E+04;1.52E+04;1.53E+04;1.54E+04;1.54E+04;1.55E+04;1.57E+04;1.61E+04;1.67E+04;1.74E+04;1.81E+04;1.88E+04;19415.9;19859;20145;20317;20375.4;20347.6;20290;20216.7;20132.9;20055.5;19986.5;19854;19606;19289.3;18894.6;         ;         ;         ;         ;         ;         ;         ;         ;         ;         ;         ;         ;         ;         ;         
;95% UL;7.35E+03;7.50E+03;7.58E+03;7.61E+03;7.63E+03;7.68E+03;7.79E+03;7.94E+03;8.11E+03;8.26E+03;8.35E+03;8.35E+03;8.29E+03;8.22E+03;8.17E+03;8.32E+03;8.50E+03;8.75E+03;9.22E+03;9.73E+03;1.02E+04;1.06E+04;1.09E+04;1.13E+04;1.17E+04;1.20E+04;1.24E+04;1.28E+04;1.31E+04;1.35E+04;1.38E+04;1.42E+04;1.45E+04;1.49E+04;1.72E+04;2.25E+04;2.03E+04;1.49E+04;1.49E+04;1.48E+04;1.48E+04;1.49E+04;1.51E+04;1.53E+04;1.55E+04;1.56E+04;1.58E+04;1.58E+04;1.58E+04;1.59E+04;1.61E+04;1.65E+04;1.70E+04;1.77E+04;1.84E+04;1.91E+04;19665.3;20081.7;20345.7;20498.4;20537.9;20495.6;20424;20339.4;20248.1;20164.7;20095;19967.8;19723.8;19409.4;19017.8;         ;         ;         ;         ;         ;         ;         ;         ;         ;         ;         ;         ;         ;         ;         
Non-AIDS male deaths, ages 20-24;Mean;6.69E+03;6.79E+03;6.87E+03;6.94E+03;7.01E+03;7.11E+03;7.27E+03;7.66E+03;8.10E+03;8.55E+03;8.97E+03;9.32E+03;9.48E+03;9.25E+03;8.89E+03;8.47E+03;8.43E+03;8.82E+03;9.03E+03;9.03E+03;9.30E+03;9.40E+03;9.69E+03;9.67E+03;9.60E+03;9.45E+03;9.27E+03;9.08E+03;8.89E+03;8.71E+03;8.54E+03;8.40E+03;8.24E+03;8.04E+03;7.58E+03;7.76E+03;8.55E+03;8.42E+03;8.34E+03;8.34E+03;8.43E+03;8.60E+03;8.82E+03;9.06E+03;9.24E+03;9.32E+03;9.35E+03;9.35E+03;9.32E+03;9.31E+03;9.31E+03;9.30E+03;9.25E+03;9.17E+03;9.06E+03;8.95E+03;8839.68;8753.65;8689.35;8635.43;8594.87;8566.51;8541.02;8512.14;8479.52;8444.1;8407.14;8370.1;8334.06;8299.49;8266.28;         ;         ;         ;         ;         ;         ;         ;         ;         ;         ;         ;         ;         ;         ;         
;95% LL;6.69E+03;6.79E+03;6.87E+03;6.94E+03;7.01E+03;7.11E+03;7.27E+03;7.66E+03;8.10E+03;8.55E+03;8.96E+03;9.32E+03;9.47E+03;9.24E+03;8.89E+03;8.47E+03;8.43E+03;8.82E+03;9.03E+03;9.03E+03;9.29E+03;9.39E+03;9.68E+03;9.67E+03;9.59E+03;9.45E+03;9.26E+03;9.07E+03;8.87E+03;8.69E+03;8.52E+03;8.38E+03;8.22E+03;8.02E+03;7.56E+03;7.73E+03;8.52E+03;8.39E+03;8.31E+03;8.31E+03;8.40E+03;8.56E+03;8.78E+03;9.03E+03;9.20E+03;9.28E+03;9.31E+03;9.31E+03;9.28E+03;9.27E+03;9.28E+03;9.27E+03;9.22E+03;9.13E+03;9.03E+03;8.92E+03;8810.52;8723.49;8657.87;8601.36;8558.44;8525.73;8498.63;8466.57;8432;8395.56;8357.94;8320.71;8284.67;8250.57;8218.45;         ;         ;         ;         ;         ;         ;         ;         ;         ;         ;         ;         ;         ;         ;         
;95% UL;6.69E+03;6.79E+03;6.87E+03;6.94E+03;7.01E+03;7.11E+03;7.27E+03;7.66E+03;8.10E+03;8.55E+03;8.97E+03;9.32E+03;9.48E+03;9.25E+03;8.89E+03;8.48E+03;8.44E+03;8.82E+03;9.03E+03;9.04E+03;9.30E+03;9.40E+03;9.69E+03;9.68E+03;9.60E+03;9.46E+03;9.27E+03;9.09E+03;8.90E+03;8.72E+03;8.56E+03;8.42E+03;8.27E+03;8.07E+03;7.61E+03;7.79E+03;8.59E+03;8.46E+03;8.37E+03;8.38E+03;8.47E+03;8.64E+03;8.86E+03;9.11E+03;9.28E+03;9.36E+03;9.39E+03;9.38E+03;9.36E+03;9.34E+03;9.35E+03;9.33E+03;9.28E+03;9.20E+03;9.09E+03;8.98E+03;8866.06;8779.55;8714.88;8663.21;8628.7;8606.52;8585.97;8560.92;8531.14;8497.7;8462.02;8425.7;8389.98;8355.45;8322.08;         ;         ;         ;         ;         ;         ;         ;         ;         ;         ;         ;         ;         ;         ;         
Non-AIDS male deaths, ages 25-29;Mean;7.31E+03;7.60E+03;7.87E+03;8.11E+03;8.33E+03;8.53E+03;8.69E+03;9.01E+03;9.35E+03;9.71E+03;1.01E+04;1.06E+04;1.10E+04;1.13E+04;1.13E+04;1.08E+04;1.08E+04;1.12E+04;1.15E+04;1.09E+04;1.09E+04;1.10E+04;1.13E+04;1.16E+04;1.19E+04;1.21E+04;1.22E+04;1.22E+04;1.21E+04;1.19E+04;1.17E+04;1.14E+04;1.11E+04;1.08E+04;1.06E+04;1.16E+04;1.30E+04;1.27E+04;1.26E+04;1.24E+04;1.22E+04;1.20E+04;1.18E+04;1.17E+04;1.17E+04;1.18E+04;1.20E+04;1.23E+04;1.26E+04;1.28E+04;1.29E+04;1.29E+04;1.29E+04;1.28E+04;1.28E+04;1.28E+04;12731.4;12636.4;12496.4;12336.9;12170.7;12012.5;11885.2;11787.3;11704.6;11638.9;11587.8;11540;11488.2;11432.3;11373.4;         ;         ;         ;         ;         ;         ;         ;         ;         ;         ;         ;         ;         ;         ;         
;95% LL;7.31E+03;7.60E+03;7.87E+03;8.11E+03;8.33E+03;8.53E+03;8.69E+03;9.01E+03;9.34E+03;9.71E+03;1.01E+04;1.06E+04;1.10E+04;1.13E+04;1.12E+04;1.08E+04;1.08E+04;1.12E+04;1.14E+04;1.09E+04;1.09E+04;1.10E+04;1.13E+04;1.16E+04;1.18E+04;1.21E+04;1.22E+04;1.22E+04;1.21E+04;1.19E+04;1.17E+04;1.14E+04;1.11E+04;1.08E+04;1.06E+04;1.16E+04;1.30E+04;1.27E+04;1.25E+04;1.24E+04;1.22E+04;1.19E+04;1.17E+04;1.16E+04;1.16E+04;1.18E+04;1.20E+04;1.23E+04;1.26E+04;1.28E+04;1.29E+04;1.29E+04;1.28E+04;1.28E+04;1.28E+04;1.27E+04;12685.4;12591.6;12453.3;12295.9;12131.5;11973.8;11844.8;11745.4;11658.9;11590.2;11533;11483.1;11427.3;11369.4;11308.9;         ;         ;         ;         ;         ;         ;         ;         ;         ;         ;         ;         ;         ;         ;         
;95% UL;7.31E+03;7.60E+03;7.87E+03;8.11E+03;8.33E+03;8.53E+03;8.69E+03;9.01E+03;9.35E+03;9.72E+03;1.01E+04;1.06E+04;1.10E+04;1.13E+04;1.13E+04;1.08E+04;1.09E+04;1.13E+04;1.15E+04;1.10E+04;1.10E+04;1.10E+04;1.13E+04;1.16E+04;1.19E+04;1.21E+04;1.23E+04;1.23E+04;1.21E+04;1.20E+04;1.17E+04;1.14E+04;1.11E+04;1.09E+04;1.06E+04;1.17E+04;1.31E+04;1.28E+04;1.26E+04;1.25E+04;1.23E+04;1.20E+04;1.18E+04;1.17E+04;1.17E+04;1.19E+04;1.21E+04;1.24E+04;1.27E+04;1.29E+04;1.30E+04;1.30E+04;1.29E+04;1.29E+04;1.28E+04;1.28E+04;12772.6;12675.8;12534.2;12373.4;12206.2;12047.3;11919.3;11821;11742.5;11684.8;11641.6;11600.1;11553.2;11500.8;11444.4;         ;         ;         ;         ;         ;         ;         ;         ;         ;         ;         ;         ;         ;         ;         
Non-AIDS male deaths, ages 30-34;Mean;6.45E+03;6.81E+03;7.19E+03;7.58E+03;7.97E+03;8.36E+03;8.74E+03;9.22E+03;9.68E+03;1.01E+04;1.06E+04;1.10E+04;1.13E+04;1.13E+04;1.14E+04;1.09E+04;1.10E+04;1.11E+04;1.20E+04;1.17E+04;1.19E+04;1.18E+04;1.20E+04;1.18E+04;1.17E+04;1.17E+04;1.18E+04;1.19E+04;1.20E+04;1.21E+04;1.21E+04;1.20E+04;1.18E+04;1.14E+04;1.14E+04;1.29E+04;1.44E+04;1.42E+04;1.41E+04;1.39E+04;1.39E+04;1.38E+04;1.37E+04;1.36E+04;1.33E+04;1.31E+04;1.28E+04;1.26E+04;1.25E+04;1.25E+04;1.26E+04;1.28E+04;1.31E+04;1.34E+04;1.35E+04;1.35E+04;13501.6;13430;13347.9;13284.6;13227.9;13143.2;13008;12830.9;12639.6;12445.2;12261.2;12109.4;11987.5;11882;11793.5;         ;         ;         ;         ;         ;         ;         ;         ;         ;         ;         ;         ;         ;         ;         
;95% LL;6.45E+03;6.81E+03;7.19E+03;7.58E+03;7.97E+03;8.36E+03;8.74E+03;9.21E+03;9.67E+03;1.01E+04;1.05E+04;1.10E+04;1.13E+04;1.13E+04;1.13E+04;1.08E+04;1.10E+04;1.11E+04;1.19E+04;1.17E+04;1.19E+04;1.18E+04;1.19E+04;1.18E+04;1.17E+04;1.16E+04;1.17E+04;1.18E+04;1.20E+04;1.21E+04;1.21E+04;1.20E+04;1.17E+04;1.14E+04;1.14E+04;1.29E+04;1.44E+04;1.42E+04;1.40E+04;1.39E+04;1.38E+04;1.38E+04;1.37E+04;1.35E+04;1.33E+04;1.31E+04;1.28E+04;1.25E+04;1.24E+04;1.24E+04;1.26E+04;1.28E+04;1.30E+04;1.33E+04;1.35E+04;1.35E+04;13447;13375.8;13295.1;13234.1;13179.7;13096.6;12962.8;12787.3;12598.2;12405.7;12222.1;12068.7;11944.5;11835.7;11744.3;         ;         ;         ;         ;         ;         ;         ;         ;         ;         ;         ;         ;         ;         ;         
;95% UL;6.45E+03;6.81E+03;7.19E+03;7.58E+03;7.97E+03;8.36E+03;8.74E+03;9.22E+03;9.68E+03;1.01E+04;1.06E+04;1.10E+04;1.13E+04;1.14E+04;1.14E+04;1.09E+04;1.11E+04;1.12E+04;1.20E+04;1.18E+04;1.20E+04;1.19E+04;1.21E+04;1.19E+04;1.18E+04;1.18E+04;1.18E+04;1.20E+04;1.21E+04;1.22E+04;1.22E+04;1.21E+04;1.18E+04;1.15E+04;1.14E+04;1.29E+04;1.45E+04;1.42E+04;1.41E+04;1.40E+04;1.39E+04;1.38E+04;1.38E+04;1.36E+04;1.34E+04;1.31E+04;1.29E+04;1.26E+04;1.25E+04;1.25E+04;1.27E+04;1.29E+04;1.31E+04;1.34E+04;1.36E+04;1.36E+04;13553.5;13479.5;13395.1;13329.8;13271.2;13184.6;13047.6;12868.8;12676.2;12480.8;12296.1;12143.6;12021.2;11920.7;11840.2;         ;         ;         ;         ;         ;         ;         ;         ;         ;         ;         ;         ;         ;         ;         
Non-AIDS male deaths, ages 35-39;Mean;5.92E+03;6.27E+03;6.61E+03;6.95E+03;7.29E+03;7.65E+03;8.03E+03;8.54E+03;9.07E+03;9.61E+03;1.01E+04;1.06E+04;1.10E+04;1.12E+04;1.12E+04;1.09E+04;1.10E+04;1.15E+04;1.16E+04;1.16E+04;1.13E+04;1.11E+04;1.13E+04;1.12E+04;1.12E+04;1.12E+04;1.11E+04;1.10E+04;1.09E+04;1.08E+04;1.08E+04;1.08E+04;1.08E+04;1.09E+04;1.13E+04;1.35E+04;1.46E+04;1.35E+04;1.36E+04;1.36E+04;1.35E+04;1.34E+04;1.33E+04;1.32E+04;1.31E+04;1.30E+04;1.29E+04;1.28E+04;1.27E+04;1.25E+04;1.22E+04;1.20E+04;1.17E+04;1.16E+04;1.16E+04;1.17E+04;11833.8;12055.4;12284.5;12410.3;12425.3;12387.3;12308.8;12216.5;12141.7;12076.3;11988.3;11856.6;11686.6;11501.7;11312.4;         ;         ;         ;         ;         ;         ;         ;         ;         ;         ;         ;         ;         ;         ;         
;95% LL;5.92E+03;6.27E+03;6.61E+03;6.95E+03;7.29E+03;7.65E+03;8.03E+03;8.54E+03;9.06E+03;9.59E+03;1.01E+04;1.06E+04;1.10E+04;1.12E+04;1.11E+04;1.08E+04;1.09E+04;1.14E+04;1.15E+04;1.15E+04;1.12E+04;1.10E+04;1.12E+04;1.11E+04;1.11E+04;1.11E+04;1.10E+04;1.09E+04;1.08E+04;1.07E+04;1.07E+04;1.07E+04;1.08E+04;1.08E+04;1.13E+04;1.34E+04;1.45E+04;1.34E+04;1.35E+04;1.35E+04;1.35E+04;1.34E+04;1.33E+04;1.32E+04;1.30E+04;1.30E+04;1.29E+04;1.28E+04;1.26E+04;1.24E+04;1.22E+04;1.19E+04;1.17E+04;1.16E+04;1.15E+04;1.16E+04;11787.7;12008.8;12236.3;12361.2;12377.1;12337.9;12259.7;12168.6;12095.2;12032.1;11945.8;11815.8;11646.9;11463.8;11276.3;         ;         ;         ;         ;         ;         ;         ;         ;         ;         ;         ;         ;         ;         ;         
;95% UL;5.92E+03;6.27E+03;6.61E+03;6.95E+03;7.29E+03;7.65E+03;8.03E+03;8.54E+03;9.07E+03;9.61E+03;1.01E+04;1.07E+04;1.11E+04;1.13E+04;1.12E+04;1.09E+04;1.10E+04;1.16E+04;1.17E+04;1.17E+04;1.14E+04;1.12E+04;1.14E+04;1.14E+04;1.13E+04;1.13E+04;1.12E+04;1.11E+04;1.10E+04;1.09E+04;1.08E+04;1.09E+04;1.09E+04;1.10E+04;1.14E+04;1.36E+04;1.47E+04;1.36E+04;1.37E+04;1.37E+04;1.36E+04;1.35E+04;1.33E+04;1.32E+04;1.31E+04;1.30E+04;1.30E+04;1.29E+04;1.27E+04;1.25E+04;1.23E+04;1.20E+04;1.18E+04;1.16E+04;1.16E+04;1.17E+04;11885.1;12107.7;12336.7;12461.3;12474.4;12434.3;12353.7;12259.2;12182.5;12115.5;12025.8;11892.3;11720.8;11534.7;11344.5;         ;         ;         ;         ;         ;         ;         ;         ;         ;         ;         ;         ;         ;         ;         
Non-AIDS male deaths, ages 40-44;Mean;5.90E+03;6.16E+03;6.49E+03;6.89E+03;7.34E+03;7.79E+03;8.24E+03;8.76E+03;9.29E+03;9.82E+03;1.04E+04;1.10E+04;1.15E+04;1.15E+04;1.16E+04;1.16E+04;1.18E+04;1.20E+04;1.24E+04;1.25E+04;1.26E+04;1.24E+04;1.23E+04;1.21E+04;1.19E+04;1.18E+04;1.17E+04;1.17E+04;1.18E+04;1.19E+04;1.19E+04;1.19E+04;1.18E+04;1.18E+04;1.16E+04;1.34E+04;1.40E+04;1.25E+04;1.31E+04;1.36E+04;1.40E+04;1.44E+04;1.46E+04;1.48E+04;1.48E+04;1.48E+04;1.47E+04;1.45E+04;1.44E+04;1.43E+04;1.42E+04;1.42E+04;1.41E+04;1.39E+04;1.37E+04;1.34E+04;13150.4;12886.8;12734.7;12707.8;12799.4;12975.2;13218.5;13481.5;13638.3;13671.7;13645.5;13569.9;13473.2;13395.6;13332.8;         ;         ;         ;         ;         ;         ;         ;         ;         ;         ;         ;         ;         ;         ;         
;95% LL;5.90E+03;6.16E+03;6.49E+03;6.89E+03;7.34E+03;7.79E+03;8.24E+03;8.76E+03;9.28E+03;9.81E+03;1.04E+04;1.09E+04;1.14E+04;1.15E+04;1.15E+04;1.16E+04;1.17E+04;1.18E+04;1.22E+04;1.23E+04;1.25E+04;1.22E+04;1.21E+04;1.19E+04;1.17E+04;1.16E+04;1.15E+04;1.16E+04;1.16E+04;1.17E+04;1.17E+04;1.17E+04;1.17E+04;1.16E+04;1.14E+04;1.32E+04;1.39E+04;1.24E+04;1.29E+04;1.35E+04;1.39E+04;1.43E+04;1.45E+04;1.47E+04;1.47E+04;1.47E+04;1.46E+04;1.45E+04;1.44E+04;1.43E+04;1.42E+04;1.41E+04;1.40E+04;1.39E+04;1.37E+04;1.34E+04;13104.6;12840.4;12687.9;12660.7;12751;12925.4;13167.4;13428.6;13583.9;13618.6;13593.5;13515.9;13420.4;13344.2;13283.2;         ;         ;         ;         ;         ;         ;         ;         ;         ;         ;         ;         ;         ;         ;         
;95% UL;5.90E+03;6.16E+03;6.49E+03;6.89E+03;7.34E+03;7.79E+03;8.24E+03;8.77E+03;9.29E+03;9.83E+03;1.04E+04;1.10E+04;1.15E+04;1.16E+04;1.17E+04;1.17E+04;1.19E+04;1.21E+04;1.25E+04;1.26E+04;1.28E+04;1.26E+04;1.25E+04;1.23E+04;1.21E+04;1.19E+04;1.19E+04;1.19E+04;1.19E+04;1.20E+04;1.20E+04;1.20E+04;1.20E+04;1.19E+04;1.17E+04;1.35E+04;1.42E+04;1.27E+04;1.32E+04;1.37E+04;1.41E+04;1.45E+04;1.47E+04;1.48E+04;1.49E+04;1.48E+04;1.47E+04;1.46E+04;1.45E+04;1.44E+04;1.43E+04;1.42E+04;1.41E+04;1.39E+04;1.37E+04;1.35E+04;13202;12938.6;12785.9;12760.7;12854.2;13031.7;13275.6;13538.4;13694.1;13725.4;13697;13619;13520;13440.4;13375.7;         ;         ;         ;         ;         ;         ;         ;         ;         ;         ;         ;         ;         ;         ;         
Non-AIDS male deaths, ages 45-49;Mean;7.44E+03;7.64E+03;7.79E+03;7.90E+03;8.03E+03;8.23E+03;8.54E+03;9.04E+03;9.63E+03;1.03E+04;1.09E+04;1.15E+04;1.20E+04;1.21E+04;1.22E+04;1.21E+04;1.24E+04;1.26E+04;1.32E+04;1.33E+04;1.34E+04;1.34E+04;1.34E+04;1.35E+04;1.35E+04;1.35E+04;1.35E+04;1.36E+04;1.36E+04;1.36E+04;1.37E+04;1.39E+04;1.41E+04;1.44E+04;1.46E+04;1.71E+04;1.70E+04;1.44E+04;1.47E+04;1.51E+04;1.55E+04;1.60E+04;1.67E+04;1.74E+04;1.82E+04;1.88E+04;1.94E+04;1.97E+04;1.99E+04;2.00E+04;2.00E+04;1.99E+04;1.98E+04;1.97E+04;1.95E+04;1.94E+04;19386.6;19293;19103.7;18855.9;18538;18143.7;17796.8;17602.3;17570.5;17701.9;17960.3;18323.6;18723.8;18981.9;19068.1;         ;         ;         ;         ;         ;         ;         ;         ;         ;         ;         ;         ;         ;         ;         
;95% LL;7.44E+03;7.64E+03;7.79E+03;7.90E+03;8.03E+03;8.23E+03;8.54E+03;9.03E+03;9.62E+03;1.03E+04;1.09E+04;1.15E+04;1.20E+04;1.21E+04;1.21E+04;1.20E+04;1.23E+04;1.25E+04;1.30E+04;1.32E+04;1.32E+04;1.32E+04;1.32E+04;1.32E+04;1.32E+04;1.32E+04;1.33E+04;1.33E+04;1.33E+04;1.34E+04;1.35E+04;1.36E+04;1.39E+04;1.42E+04;1.43E+04;1.68E+04;1.68E+04;1.42E+04;1.45E+04;1.49E+04;1.53E+04;1.58E+04;1.65E+04;1.73E+04;1.80E+04;1.87E+04;1.92E+04;1.96E+04;1.98E+04;1.99E+04;1.99E+04;1.98E+04;1.97E+04;1.96E+04;1.95E+04;1.94E+04;19324.5;19232.6;19044;18793.5;18476.3;18080.6;17732.4;17537.3;17504.9;17635.8;17890.7;18251.5;18650.2;18906.5;18993.5;         ;         ;         ;         ;         ;         ;         ;         ;         ;         ;         ;         ;         ;         ;         
;95% UL;7.44E+03;7.64E+03;7.79E+03;7.90E+03;8.03E+03;8.23E+03;8.54E+03;9.04E+03;9.63E+03;1.03E+04;1.09E+04;1.16E+04;1.21E+04;1.22E+04;1.23E+04;1.22E+04;1.25E+04;1.28E+04;1.34E+04;1.35E+04;1.36E+04;1.37E+04;1.37E+04;1.37E+04;1.38E+04;1.38E+04;1.38E+04;1.38E+04;1.38E+04;1.38E+04;1.39E+04;1.41E+04;1.43E+04;1.46E+04;1.48E+04;1.73E+04;1.73E+04;1.46E+04;1.49E+04;1.52E+04;1.57E+04;1.62E+04;1.69E+04;1.76E+04;1.83E+04;1.90E+04;1.95E+04;1.98E+04;2.00E+04;2.01E+04;2.01E+04;2.00E+04;1.99E+04;1.97E+04;1.96E+04;1.95E+04;19441.8;19346.1;19161.1;18919.1;18605.7;18214.6;17869.9;17674.7;17644.5;17778.5;18038.7;18402.4;18802.5;19059.1;19142.7;         ;         ;         ;         ;         ;         ;         ;         ;         ;         ;         ;         ;         ;         ;         
Non-AIDS male deaths, ages 50-54;Mean;8919.84;9145.8;9434.1;9766.78;10097.6;10381.6;10587.7;10775.3;10930.3;11121.4;11415.8;11848.8;12336.4;12464.8;12758.7;12923.7;13244;13485.4;1.40E+04;1.41E+04;1.40E+04;1.43E+04;1.46E+04;1.49E+04;1.52E+04;1.55E+04;1.57E+04;1.60E+04;1.62E+04;1.64E+04;1.66E+04;1.68E+04;1.70E+04;1.72E+04;1.75E+04;2.06E+04;2.02E+04;1.70E+04;1.75E+04;1.81E+04;1.86E+04;1.91E+04;1.96E+04;2.00E+04;2.05E+04;2.11E+04;2.19E+04;2.29E+04;2.39E+04;2.50E+04;2.59E+04;2.67E+04;2.73E+04;2.76E+04;2.78E+04;2.78E+04;27760;27647.9;27521.9;27406;27330.3;27306.2;27225;27002.9;26694.1;26286.9;25772.9;25325.1;25091.3;25090.5;25325.8;         ;         ;         ;         ;         ;         ;         ;         ;         ;         ;         ;         ;         ;         ;         
;95% LL;8919.84;9145.8;9434.09;9766.74;10097.4;10381.2;10586.6;10772.9;10925.6;11111.9;11400.1;11823.5;12298.2;12413.6;12688.4;12834.7;13134.1;13350.4;1.38E+04;1.39E+04;1.38E+04;1.40E+04;1.43E+04;1.46E+04;1.49E+04;1.51E+04;1.54E+04;1.56E+04;1.58E+04;1.60E+04;1.62E+04;1.64E+04;1.66E+04;1.68E+04;1.71E+04;2.02E+04;1.99E+04;1.67E+04;1.72E+04;1.78E+04;1.83E+04;1.88E+04;1.93E+04;1.97E+04;2.02E+04;2.08E+04;2.16E+04;2.26E+04;2.37E+04;2.47E+04;2.57E+04;2.65E+04;2.71E+04;2.74E+04;2.76E+04;2.77E+04;27627.9;27534.6;27419.8;27306.9;27232.5;27210.9;27134;26916;26606.5;26194.8;25681.1;25231.7;24995.9;24994.7;25228.4;         ;         ;         ;         ;         ;         ;         ;         ;         ;         ;         ;         ;         ;         ;         
;95% UL;8919.84;9145.8;9434.12;9766.84;10097.8;10382;10588.6;10777.2;10934.2;11129;11430.2;11870.5;12371.5;12516.7;12832;13021.7;13371;1.36E+04;1.42E+04;1.43E+04;1.42E+04;1.45E+04;1.49E+04;1.52E+04;1.55E+04;1.58E+04;1.61E+04;1.63E+04;1.66E+04;1.68E+04;1.69E+04;1.71E+04;1.73E+04;1.75E+04;1.78E+04;2.09E+04;2.05E+04;1.72E+04;1.78E+04;1.83E+04;1.89E+04;1.94E+04;1.98E+04;2.03E+04;2.08E+04;2.14E+04;2.22E+04;2.31E+04;2.42E+04;2.52E+04;2.61E+04;2.69E+04;2.75E+04;2.78E+04;2.80E+04;2.80E+04;27868.5;27746.8;27614.5;27483.9;27412.8;27389.4;27304.8;27084;26783.6;26381.5;25873.3;25429.1;25196.9;25197.6;25436.4;         ;         ;         ;         ;         ;         ;         ;         ;         ;         ;         ;         ;         ;         ;         
Non-AIDS male deaths, ages 55-59;Mean;10435.7;10631.8;10744.7;10813.2;10886.9;11009.5;11209.5;11495.8;11844.1;12193.3;12486.5;12687.3;12776.8;12552.4;12719.8;12895.8;12893.8;13428.5;13896.5;14244.8;14640.6;14971.2;15346.8;15802;16253.9;16729.1;17244;17754.9;18293.4;18838.4;19368.3;19874.6;20362.1;20834.4;22010.6;26464.6;25239.7;20414.2;20687.4;20999.6;21387.1;21883.8;22510;23244.1;24027.3;24795.7;25502.4;26139.1;26758.2;27455.4;28327.3;29434.2;30772.3;32254.1;33731.3;35101.2;36251.8;37085.7;37632.2;37959;38068.1;38021.1;37933.8;37825.2;37728.1;37684.2;37709;37652;37400.4;37030.3;36518.2;         ;         ;         ;         ;         ;         ;         ;         ;         ;         ;         ;         ;         ;         ;         
;95% LL;10435.7;10631.8;10744.7;10813.2;10886.8;11009.3;11208.9;11494.3;11840.8;12186.7;12475.4;12669.6;12750.1;12516.8;12669.4;12829.9;12811.1;13321;13764.4;14089.4;14460.8;14762.6;15102.3;15521.6;15939.4;16383.2;16869.3;17354.3;17869.1;18392.6;18903.4;19393.5;19867.9;20329.9;21481.6;25836.7;24652.8;19953;20238.2;20566.3;20972.8;21490.6;22114.7;22833;23604.6;24391.2;25090.1;25724;26347.6;27056.1;27946.9;29072;30414.5;31898.3;33382.4;34764;35932.9;36787;37358.2;37710.8;37846.3;37821.9;37761.7;37675.9;37582.1;37534.2;37570.4;37517.2;37268.9;36901.9;36388;         ;         ;         ;         ;         ;         ;         ;         ;         ;         ;         ;         ;         ;         ;         
;95% UL;10435.7;10631.8;10744.7;10813.2;10886.9;11009.7;11210.1;11497;11846.7;12198.5;12496.7;12702.4;12800.8;12587.7;12770.8;12966.2;12985.9;13548.3;14046.7;14426.3;14854.4;15216.4;15623.5;16109.8;16590.8;17093.4;17634.2;18158.5;18704.5;19258.6;19804.6;20309.5;20791.6;21264;22450.3;26967.6;25710.4;20786.4;21053.6;21361.1;21742.9;22234.3;22860;23596.4;24379.3;25141.6;25847;26490.7;27120.7;27829;28707.8;29805.4;31145.2;32621.5;34077.6;35422.5;36544.8;37348.2;37864.2;38162.8;38247.3;38180.7;38079.5;37961.7;37845.3;37804.3;37830.7;37768.4;37513.2;37153.9;36651.2;         ;         ;         ;         ;         ;         ;         ;         ;         ;         ;         ;         ;         ;         ;         
;;         ;         ;         ;         ;         ;         ;         ;         ;         ;         ;         ;         ;         ;         ;         ;         ;         ;         ;         ;         ;         ;         ;         ;         ;         ;         ;         ;         ;         ;         ;         ;         ;         ;         ;         ;         ;         ;         ;         ;         ;         ;         ;         ;         ;         ;         ;         ;         ;         ;         ;         ;         ;         ;         ;         ;         ;         ;         ;         ;         ;         ;         ;         ;         ;         ;         ;         ;         ;         ;         ;         ;         ;         ;         ;         ;         ;         ;         ;         ;         ;         ;         ;         ;         ;         ;         
Numerators and denominators for UNAIDS indicators;;         ;         ;         ;         ;         ;         ;         ;         ;         ;         ;         ;         ;         ;         ;         ;         ;         ;         ;         ;         ;         ;         ;         ;         ;         ;         ;         ;         ;         ;         ;         ;         ;         ;         ;         ;         ;         ;         ;         ;         ;         ;         ;         ;         ;         ;         ;         ;         ;         ;         ;         ;         ;         ;         ;         ;         ;         ;         ;         ;         ;         ;         ;         ;         ;         ;         ;         ;         ;         ;         ;         ;         ;         ;         ;         ;         ;         ;         ;         ;         ;         ;         ;         ;         ;         ;         
;;         ;         ;         ;         ;         ;         ;         ;         ;         ;         ;         ;         ;         ;         ;         ;         ;         ;         ;         ;         ;         ;         ;         ;         ;         ;         ;         ;         ;         ;         ;         ;         ;         ;         ;         ;         ;         ;         ;         ;         ;         ;         ;         ;         ;         ;         ;         ;         ;         ;         ;         ;         ;         ;         ;         ;         ;         ;         ;         ;         ;         ;         ;         ;         ;         ;         ;         ;         ;         ;         ;         ;         ;         ;         ;         ;         ;         ;         ;         ;         ;         ;         ;         ;         ;         ;         
Total HIV-negative population;Mean;3.23E+07;3.31E+07;3.39E+07;3.46E+07;3.54E+07;3.60E+07;3.68E+07;3.76E+07;3.83E+07;3.89E+07;3.94E+07;3.98E+07;4.01E+07;4.04E+07;4.07E+07;4.09E+07;4.11E+07;4.13E+07;4.15E+07;4.18E+07;4.21E+07;4.25E+07;4.30E+07;4.35E+07;4.41E+07;4.46E+07;4.52E+07;4.58E+07;4.65E+07;4.72E+07;4.79E+07;4.86E+07;4.93E+07;5.00E+07;5.08E+07;5.15E+07;5.22E+07;5.28E+07;5.37E+07;5.45E+07;5.53E+07;5.62E+07;5.70E+07;5.79E+07;5.88E+07;5.96E+07;6.05E+07;6.14E+07;6.23E+07;6.31E+07;6.40E+07;6.49E+07;6.57E+07;6.66E+07;6.74E+07;6.83E+07;6.91E+07;6.99E+07;7.07E+07;7.15E+07;7.22E+07;7.30E+07;7.37E+07;7.45E+07;7.52E+07;7.59E+07;7.65E+07;7.72E+07;7.79E+07;7.85E+07;7.91E+07;         ;         ;         ;         ;         ;         ;         ;         ;         ;         ;         ;         ;         ;         ;         
;95% LL;3.23E+07;3.31E+07;3.39E+07;3.46E+07;3.53E+07;3.60E+07;3.67E+07;3.75E+07;3.81E+07;3.87E+07;3.92E+07;3.95E+07;3.98E+07;4.01E+07;4.03E+07;4.06E+07;4.08E+07;4.10E+07;4.12E+07;4.15E+07;4.18E+07;4.21E+07;4.26E+07;4.32E+07;4.37E+07;4.43E+07;4.49E+07;4.55E+07;4.61E+07;4.68E+07;4.75E+07;4.82E+07;4.89E+07;4.96E+07;5.04E+07;5.11E+07;5.18E+07;5.24E+07;5.32E+07;5.41E+07;5.49E+07;5.57E+07;5.66E+07;5.75E+07;5.83E+07;5.92E+07;6.01E+07;6.09E+07;6.18E+07;6.27E+07;6.36E+07;6.44E+07;6.53E+07;6.61E+07;6.70E+07;6.78E+07;6.86E+07;6.94E+07;7.02E+07;7.10E+07;7.18E+07;7.25E+07;7.33E+07;7.40E+07;7.47E+07;7.54E+07;7.61E+07;7.68E+07;7.74E+07;7.80E+07;7.87E+07;         ;         ;         ;         ;         ;         ;         ;         ;         ;         ;         ;         ;         ;         ;         
;95% UL;3.23E+07;3.31E+07;3.39E+07;3.46E+07;3.54E+07;3.61E+07;3.68E+07;3.77E+07;3.84E+07;3.91E+07;3.96E+07;4.00E+07;4.04E+07;4.07E+07;4.09E+07;4.12E+07;4.14E+07;4.16E+07;4.18E+07;4.21E+07;4.24E+07;4.27E+07;4.32E+07;4.38E+07;4.43E+07;4.49E+07;4.55E+07;4.61E+07;4.68E+07;4.74E+07;4.81E+07;4.88E+07;4.96E+07;5.03E+07;5.10E+07;5.18E+07;5.24E+07;5.31E+07;5.39E+07;5.48E+07;5.56E+07;5.64E+07;5.73E+07;5.82E+07;5.90E+07;5.99E+07;6.08E+07;6.17E+07;6.26E+07;6.35E+07;6.43E+07;6.52E+07;6.61E+07;6.69E+07;6.77E+07;6.86E+07;6.94E+07;7.02E+07;7.10E+07;7.18E+07;7.26E+07;7.33E+07;7.41E+07;7.48E+07;7.55E+07;7.62E+07;7.69E+07;7.75E+07;7.82E+07;7.88E+07;7.94E+07;         ;         ;         ;         ;         ;         ;         ;         ;         ;         ;         ;         ;         ;         ;         
Total HIV-negative children;Mean;4.86E+06;4.93E+06;4.98E+06;4.99E+06;4.98E+06;4.95E+06;4.93E+06;4.93E+06;4.91E+06;4.89E+06;4.84E+06;4.76E+06;4.75E+06;4.71E+06;4.65E+06;4.60E+06;4.55E+06;4.48E+06;4.45E+06;4.46E+06;4.55E+06;4.67E+06;4.84E+06;5.03E+06;5.21E+06;5.31E+06;5.38E+06;5.44E+06;5.48E+06;5.52E+06;5.58E+06;5.64E+06;5.68E+06;5.70E+06;5.70E+06;5.70E+06;5.69E+06;5.70E+06;5.72E+06;5.74E+06;5.78E+06;5.82E+06;5.86E+06;5.90E+06;5.93E+06;5.97E+06;6.00E+06;6.02E+06;6.05E+06;6.08E+06;6.11E+06;6.14E+06;6.16E+06;6.19E+06;6.21E+06;6.23E+06;6.25E+06;6.26E+06;6.26E+06;6.26E+06;6.26E+06;6.25E+06;6.24E+06;6.23E+06;6.22E+06;6.20E+06;6.19E+06;6.17E+06;6.16E+06;6.14E+06;6.13E+06;         ;         ;         ;         ;         ;         ;         ;         ;         ;         ;         ;         ;         ;         ;         
;95% LL;4.86E+06;4.93E+06;4.98E+06;4.99E+06;4.98E+06;4.95E+06;4.93E+06;4.92E+06;4.91E+06;4.88E+06;4.83E+06;4.74E+06;4.74E+06;4.69E+06;4.63E+06;4.58E+06;4.53E+06;4.46E+06;4.42E+06;4.44E+06;4.52E+06;4.65E+06;4.81E+06;5.00E+06;5.18E+06;5.28E+06;5.36E+06;5.41E+06;5.45E+06;5.50E+06;5.56E+06;5.61E+06;5.66E+06;5.67E+06;5.68E+06;5.67E+06;5.67E+06;5.68E+06;5.69E+06;5.72E+06;5.75E+06;5.79E+06;5.83E+06;5.87E+06;5.90E+06;5.93E+06;5.96E+06;5.99E+06;6.01E+06;6.04E+06;6.07E+06;6.10E+06;6.13E+06;6.15E+06;6.18E+06;6.19E+06;6.21E+06;6.22E+06;6.23E+06;6.23E+06;6.23E+06;6.22E+06;6.21E+06;6.20E+06;6.19E+06;6.17E+06;6.16E+06;6.14E+06;6.13E+06;6.11E+06;6.10E+06;         ;         ;         ;         ;         ;         ;         ;         ;         ;         ;         ;         ;         ;         ;         
;95% UL;4.86E+06;4.93E+06;4.98E+06;4.99E+06;4.98E+06;4.95E+06;4.94E+06;4.93E+06;4.92E+06;4.90E+06;4.85E+06;4.77E+06;4.77E+06;4.73E+06;4.67E+06;4.63E+06;4.58E+06;4.50E+06;4.47E+06;4.49E+06;4.57E+06;4.70E+06;4.86E+06;5.06E+06;5.23E+06;5.33E+06;5.41E+06;5.46E+06;5.50E+06;5.54E+06;5.60E+06;5.66E+06;5.70E+06;5.71E+06;5.72E+06;5.71E+06;5.71E+06;5.71E+06;5.73E+06;5.76E+06;5.80E+06;5.84E+06;5.89E+06;5.93E+06;5.97E+06;6.00E+06;6.03E+06;6.06E+06;6.09E+06;6.12E+06;6.15E+06;6.18E+06;6.21E+06;6.23E+06;6.25E+06;6.27E+06;6.29E+06;6.30E+06;6.30E+06;6.30E+06;6.30E+06;6.29E+06;6.28E+06;6.27E+06;6.25E+06;6.24E+06;6.22E+06;6.21E+06;6.19E+06;6.18E+06;6.16E+06;         ;         ;         ;         ;         ;         ;         ;         ;         ;         ;         ;         ;         ;         ;         
Total HIV-negative aged 15-24 ;Mean;6.37E+06;6.46E+06;6.57E+06;6.69E+06;6.82E+06;6.95E+06;7.11E+06;7.33E+06;7.51E+06;7.65E+06;7.76E+06;7.85E+06;7.90E+06;7.97E+06;8.06E+06;8.18E+06;8.34E+06;8.49E+06;8.65E+06;8.80E+06;8.94E+06;9.04E+06;9.18E+06;9.27E+06;9.32E+06;9.34E+06;9.33E+06;9.40E+06;9.42E+06;9.41E+06;9.39E+06;9.36E+06;9.32E+06;9.30E+06;9.29E+06;9.35E+06;9.43E+06;9.53E+06;9.71E+06;9.92E+06;1.01E+07;1.03E+07;1.06E+07;1.08E+07;1.10E+07;1.12E+07;1.14E+07;1.15E+07;1.16E+07;1.16E+07;1.17E+07;1.17E+07;1.18E+07;1.18E+07;1.18E+07;1.18E+07;1.18E+07;1.18E+07;1.19E+07;1.19E+07;1.20E+07;1.20E+07;1.21E+07;1.21E+07;1.22E+07;1.22E+07;1.23E+07;1.23E+07;1.24E+07;1.24E+07;1.24E+07;         ;         ;         ;         ;         ;         ;         ;         ;         ;         ;         ;         ;         ;         ;         
;95% LL;6.37E+06;6.46E+06;6.57E+06;6.69E+06;6.81E+06;6.94E+06;7.09E+06;7.30E+06;7.46E+06;7.59E+06;7.69E+06;7.78E+06;7.83E+06;7.90E+06;7.99E+06;8.12E+06;8.28E+06;8.43E+06;8.59E+06;8.75E+06;8.88E+06;8.99E+06;9.13E+06;9.22E+06;9.27E+06;9.30E+06;9.29E+06;9.35E+06;9.37E+06;9.36E+06;9.34E+06;9.30E+06;9.27E+06;9.24E+06;9.24E+06;9.30E+06;9.38E+06;9.48E+06;9.65E+06;9.86E+06;1.01E+07;1.03E+07;1.05E+07;1.07E+07;1.10E+07;1.12E+07;1.13E+07;1.14E+07;1.15E+07;1.16E+07;1.16E+07;1.17E+07;1.17E+07;1.17E+07;1.17E+07;1.17E+07;1.18E+07;1.18E+07;1.18E+07;1.19E+07;1.19E+07;1.20E+07;1.20E+07;1.21E+07;1.21E+07;1.22E+07;1.22E+07;1.22E+07;1.23E+07;1.23E+07;1.24E+07;         ;         ;         ;         ;         ;         ;         ;         ;         ;         ;         ;         ;         ;         ;         
;95% UL;6.37E+06;6.46E+06;6.57E+06;6.69E+06;6.82E+06;6.96E+06;7.13E+06;7.35E+06;7.54E+06;7.70E+06;7.82E+06;7.92E+06;7.97E+06;8.03E+06;8.12E+06;8.24E+06;8.40E+06;8.55E+06;8.71E+06;8.86E+06;8.99E+06;9.09E+06;9.22E+06;9.31E+06;9.36E+06;9.38E+06;9.37E+06;9.44E+06;9.46E+06;9.44E+06;9.43E+06;9.40E+06;9.37E+06;9.35E+06;9.35E+06;9.40E+06;9.48E+06;9.59E+06;9.77E+06;9.97E+06;1.02E+07;1.04E+07;1.06E+07;1.09E+07;1.11E+07;1.13E+07;1.14E+07;1.15E+07;1.16E+07;1.17E+07;1.17E+07;1.18E+07;1.18E+07;1.18E+07;1.18E+07;1.18E+07;1.18E+07;1.19E+07;1.19E+07;1.20E+07;1.20E+07;1.21E+07;1.21E+07;1.22E+07;1.22E+07;1.23E+07;1.23E+07;1.24E+07;1.24E+07;1.25E+07;1.25E+07;         ;         ;         ;         ;         ;         ;         ;         ;         ;         ;         ;         ;         ;         ;         
Total HIV-negative males aged 15-24 ;Mean;3.17E+06;3.20E+06;3.25E+06;3.30E+06;3.36E+06;3.42E+06;3.49E+06;3.60E+06;3.71E+06;3.80E+06;3.88E+06;3.96E+06;4.02E+06;4.09E+06;4.18E+06;4.27E+06;4.38E+06;4.48E+06;4.57E+06;4.66E+06;4.73E+06;4.78E+06;4.85E+06;4.90E+06;4.92E+06;4.93E+06;4.92E+06;4.93E+06;4.93E+06;4.91E+06;4.89E+06;4.87E+06;4.85E+06;4.82E+06;4.82E+06;4.84E+06;4.87E+06;4.92E+06;5.00E+06;5.10E+06;5.19E+06;5.30E+06;5.41E+06;5.53E+06;5.64E+06;5.73E+06;5.80E+06;5.86E+06;5.88E+06;5.91E+06;5.93E+06;5.95E+06;5.96E+06;5.96E+06;5.97E+06;5.97E+06;5.97E+06;5.98E+06;6.00E+06;6.02E+06;6.04E+06;6.06E+06;6.09E+06;6.11E+06;6.14E+06;6.16E+06;6.18E+06;6.20E+06;6.22E+06;6.24E+06;6.26E+06;         ;         ;         ;         ;         ;         ;         ;         ;         ;         ;         ;         ;         ;         ;         
;95% LL;3.17E+06;3.20E+06;3.25E+06;3.30E+06;3.36E+06;3.42E+06;3.48E+06;3.60E+06;3.70E+06;3.78E+06;3.86E+06;3.94E+06;4.00E+06;4.07E+06;4.15E+06;4.25E+06;4.36E+06;4.45E+06;4.55E+06;4.63E+06;4.71E+06;4.76E+06;4.83E+06;4.88E+06;4.90E+06;4.91E+06;4.90E+06;4.91E+06;4.91E+06;4.89E+06;4.87E+06;4.85E+06;4.82E+06;4.80E+06;4.79E+06;4.82E+06;4.85E+06;4.89E+06;4.97E+06;5.07E+06;5.17E+06;5.27E+06;5.38E+06;5.50E+06;5.62E+06;5.70E+06;5.78E+06;5.83E+06;5.86E+06;5.88E+06;5.91E+06;5.93E+06;5.94E+06;5.94E+06;5.94E+06;5.94E+06;5.94E+06;5.95E+06;5.97E+06;5.99E+06;6.01E+06;6.03E+06;6.05E+06;6.08E+06;6.10E+06;6.12E+06;6.14E+06;6.17E+06;6.19E+06;6.21E+06;6.22E+06;         ;         ;         ;         ;         ;         ;         ;         ;         ;         ;         ;         ;         ;         ;         
;95% UL;3.17E+06;3.20E+06;3.25E+06;3.30E+06;3.36E+06;3.42E+06;3.49E+06;3.61E+06;3.72E+06;3.81E+06;3.90E+06;3.97E+06;4.04E+06;4.11E+06;4.20E+06;4.29E+06;4.40E+06;4.50E+06;4.59E+06;4.68E+06;4.75E+06;4.80E+06;4.87E+06;4.91E+06;4.94E+06;4.94E+06;4.93E+06;4.95E+06;4.95E+06;4.93E+06;4.91E+06;4.89E+06;4.87E+06;4.85E+06;4.84E+06;4.86E+06;4.90E+06;4.94E+06;5.02E+06;5.12E+06;5.22E+06;5.32E+06;5.43E+06;5.55E+06;5.67E+06;5.75E+06;5.82E+06;5.88E+06;5.90E+06;5.93E+06;5.95E+06;5.97E+06;5.98E+06;5.98E+06;5.98E+06;5.98E+06;5.99E+06;6.00E+06;6.02E+06;6.04E+06;6.07E+06;6.09E+06;6.12E+06;6.15E+06;6.17E+06;6.20E+06;6.22E+06;6.24E+06;6.26E+06;6.28E+06;6.30E+06;         ;         ;         ;         ;         ;         ;         ;         ;         ;         ;         ;         ;         ;         ;         
Total HIV-negative females aged 15-24 ;Mean;3.20E+06;3.26E+06;3.32E+06;3.39E+06;3.46E+06;3.53E+06;3.62E+06;3.72E+06;3.80E+06;3.85E+06;3.88E+06;3.90E+06;3.88E+06;3.88E+06;3.89E+06;3.91E+06;3.96E+06;4.01E+06;4.08E+06;4.14E+06;4.21E+06;4.26E+06;4.32E+06;4.37E+06;4.40E+06;4.42E+06;4.42E+06;4.46E+06;4.49E+06;4.49E+06;4.50E+06;4.49E+06;4.48E+06;4.47E+06;4.48E+06;4.51E+06;4.56E+06;4.61E+06;4.71E+06;4.82E+06;4.92E+06;5.04E+06;5.15E+06;5.28E+06;5.40E+06;5.49E+06;5.57E+06;5.63E+06;5.67E+06;5.71E+06;5.74E+06;5.77E+06;5.79E+06;5.81E+06;5.82E+06;5.83E+06;5.84E+06;5.86E+06;5.88E+06;5.90E+06;5.93E+06;5.96E+06;5.99E+06;6.02E+06;6.04E+06;6.07E+06;6.09E+06;6.11E+06;6.14E+06;6.16E+06;6.18E+06;         ;         ;         ;         ;         ;         ;         ;         ;         ;         ;         ;         ;         ;         ;         
;95% LL;3.20E+06;3.26E+06;3.32E+06;3.39E+06;3.46E+06;3.52E+06;3.61E+06;3.70E+06;3.76E+06;3.81E+06;3.83E+06;3.84E+06;3.83E+06;3.82E+06;3.83E+06;3.86E+06;3.91E+06;3.97E+06;4.04E+06;4.10E+06;4.17E+06;4.22E+06;4.28E+06;4.33E+06;4.36E+06;4.38E+06;4.39E+06;4.43E+06;4.46E+06;4.46E+06;4.46E+06;4.46E+06;4.45E+06;4.44E+06;4.44E+06;4.48E+06;4.52E+06;4.58E+06;4.68E+06;4.79E+06;4.89E+06;5.00E+06;5.12E+06;5.24E+06;5.36E+06;5.46E+06;5.54E+06;5.60E+06;5.64E+06;5.68E+06;5.71E+06;5.74E+06;5.77E+06;5.78E+06;5.79E+06;5.80E+06;5.81E+06;5.83E+06;5.85E+06;5.87E+06;5.90E+06;5.93E+06;5.95E+06;5.98E+06;6.01E+06;6.03E+06;6.06E+06;6.08E+06;6.10E+06;6.12E+06;6.14E+06;         ;         ;         ;         ;         ;         ;         ;         ;         ;         ;         ;         ;         ;         ;         
;95% UL;3.20E+06;3.26E+06;3.32E+06;3.39E+06;3.46E+06;3.53E+06;3.64E+06;3.74E+06;3.83E+06;3.89E+06;3.93E+06;3.95E+06;3.94E+06;3.93E+06;3.94E+06;3.95E+06;4.00E+06;4.06E+06;4.12E+06;4.19E+06;4.25E+06;4.30E+06;4.36E+06;4.41E+06;4.43E+06;4.45E+06;4.45E+06;4.50E+06;4.52E+06;4.52E+06;4.52E+06;4.52E+06;4.51E+06;4.50E+06;4.51E+06;4.54E+06;4.59E+06;4.65E+06;4.74E+06;4.85E+06;4.96E+06;5.07E+06;5.18E+06;5.31E+06;5.43E+06;5.52E+06;5.60E+06;5.66E+06;5.70E+06;5.73E+06;5.77E+06;5.79E+06;5.82E+06;5.83E+06;5.84E+06;5.85E+06;5.86E+06;5.88E+06;5.90E+06;5.93E+06;5.96E+06;5.99E+06;6.02E+06;6.05E+06;6.08E+06;6.10E+06;6.13E+06;6.15E+06;6.17E+06;6.19E+06;6.21E+06;         ;         ;         ;         ;         ;         ;         ;         ;         ;         ;         ;         ;         ;         ;         
Total HIV-negative aged 15-49;Mean;1.57E+07;1.60E+07;1.64E+07;1.68E+07;1.73E+07;1.77E+07;1.81E+07;1.87E+07;1.91E+07;1.95E+07;1.99E+07;2.02E+07;2.04E+07;2.05E+07;2.07E+07;2.08E+07;2.10E+07;2.12E+07;2.14E+07;2.16E+07;2.18E+07;2.20E+07;2.23E+07;2.25E+07;2.28E+07;2.31E+07;2.33E+07;2.37E+07;2.40E+07;2.43E+07;2.46E+07;2.49E+07;2.52E+07;2.56E+07;2.60E+07;2.65E+07;2.70E+07;2.75E+07;2.81E+07;2.87E+07;2.93E+07;2.99E+07;3.05E+07;3.11E+07;3.18E+07;3.24E+07;3.30E+07;3.36E+07;3.42E+07;3.47E+07;3.51E+07;3.55E+07;3.59E+07;3.63E+07;3.67E+07;3.71E+07;3.74E+07;3.78E+07;3.81E+07;3.84E+07;3.87E+07;3.90E+07;3.92E+07;3.95E+07;3.98E+07;4.01E+07;4.04E+07;4.07E+07;4.10E+07;4.13E+07;4.15E+07;         ;         ;         ;         ;         ;         ;         ;         ;         ;         ;         ;         ;         ;         ;         
;95% LL;1.57E+07;1.60E+07;1.64E+07;1.68E+07;1.72E+07;1.76E+07;1.80E+07;1.85E+07;1.90E+07;1.94E+07;1.97E+07;2.00E+07;2.01E+07;2.03E+07;2.04E+07;2.06E+07;2.08E+07;2.10E+07;2.12E+07;2.14E+07;2.16E+07;2.17E+07;2.20E+07;2.23E+07;2.26E+07;2.28E+07;2.31E+07;2.34E+07;2.38E+07;2.41E+07;2.44E+07;2.47E+07;2.50E+07;2.54E+07;2.57E+07;2.62E+07;2.67E+07;2.73E+07;2.78E+07;2.84E+07;2.90E+07;2.96E+07;3.02E+07;3.09E+07;3.15E+07;3.22E+07;3.28E+07;3.34E+07;3.39E+07;3.44E+07;3.49E+07;3.53E+07;3.57E+07;3.61E+07;3.65E+07;3.68E+07;3.72E+07;3.75E+07;3.79E+07;3.82E+07;3.85E+07;3.88E+07;3.90E+07;3.93E+07;3.96E+07;3.99E+07;4.02E+07;4.05E+07;4.08E+07;4.11E+07;4.13E+07;         ;         ;         ;         ;         ;         ;         ;         ;         ;         ;         ;         ;         ;         ;         
;95% UL;1.57E+07;1.60E+07;1.64E+07;1.68E+07;1.73E+07;1.77E+07;1.82E+07;1.87E+07;1.93E+07;1.97E+07;2.01E+07;2.04E+07;2.06E+07;2.07E+07;2.09E+07;2.11E+07;2.12E+07;2.15E+07;2.16E+07;2.18E+07;2.20E+07;2.22E+07;2.25E+07;2.28E+07;2.30E+07;2.33E+07;2.35E+07;2.39E+07;2.42E+07;2.45E+07;2.48E+07;2.51E+07;2.55E+07;2.58E+07;2.62E+07;2.67E+07;2.72E+07;2.77E+07;2.83E+07;2.89E+07;2.95E+07;3.01E+07;3.07E+07;3.13E+07;3.20E+07;3.26E+07;3.32E+07;3.38E+07;3.44E+07;3.48E+07;3.53E+07;3.57E+07;3.61E+07;3.65E+07;3.69E+07;3.73E+07;3.76E+07;3.79E+07;3.83E+07;3.86E+07;3.89E+07;3.91E+07;3.94E+07;3.97E+07;4.00E+07;4.03E+07;4.06E+07;4.09E+07;4.12E+07;4.15E+07;4.17E+07;         ;         ;         ;         ;         ;         ;         ;         ;         ;         ;         ;         ;         ;         ;         
Total HIV-negative males aged 15-49;Mean;7.76E+06;7.94E+06;8.12E+06;8.31E+06;8.49E+06;8.67E+06;8.83E+06;9.09E+06;9.31E+06;9.51E+06;9.69E+06;9.86E+06;9.95E+06;1.00E+07;1.02E+07;1.03E+07;1.04E+07;1.06E+07;1.07E+07;1.09E+07;1.11E+07;1.12E+07;1.14E+07;1.16E+07;1.18E+07;1.20E+07;1.22E+07;1.24E+07;1.26E+07;1.28E+07;1.30E+07;1.32E+07;1.34E+07;1.36E+07;1.38E+07;1.41E+07;1.44E+07;1.46E+07;1.49E+07;1.52E+07;1.55E+07;1.58E+07;1.61E+07;1.64E+07;1.67E+07;1.70E+07;1.73E+07;1.76E+07;1.78E+07;1.80E+07;1.82E+07;1.84E+07;1.85E+07;1.87E+07;1.88E+07;1.90E+07;1.91E+07;1.93E+07;1.94E+07;1.95E+07;1.96E+07;1.98E+07;1.99E+07;2.00E+07;2.01E+07;2.02E+07;2.04E+07;2.05E+07;2.06E+07;2.08E+07;2.08E+07;         ;         ;         ;         ;         ;         ;         ;         ;         ;         ;         ;         ;         ;         ;         
;95% LL;7.76E+06;7.94E+06;8.12E+06;8.30E+06;8.48E+06;8.65E+06;8.79E+06;9.03E+06;9.23E+06;9.41E+06;9.57E+06;9.74E+06;9.83E+06;9.92E+06;1.00E+07;1.01E+07;1.03E+07;1.04E+07;1.06E+07;1.08E+07;1.09E+07;1.11E+07;1.13E+07;1.15E+07;1.17E+07;1.19E+07;1.21E+07;1.23E+07;1.25E+07;1.27E+07;1.28E+07;1.30E+07;1.32E+07;1.34E+07;1.37E+07;1.39E+07;1.42E+07;1.45E+07;1.48E+07;1.51E+07;1.54E+07;1.57E+07;1.60E+07;1.63E+07;1.66E+07;1.69E+07;1.72E+07;1.75E+07;1.77E+07;1.79E+07;1.81E+07;1.83E+07;1.84E+07;1.86E+07;1.87E+07;1.89E+07;1.90E+07;1.92E+07;1.93E+07;1.94E+07;1.95E+07;1.97E+07;1.98E+07;1.99E+07;2.00E+07;2.01E+07;2.03E+07;2.04E+07;2.05E+07;2.06E+07;2.07E+07;         ;         ;         ;         ;         ;         ;         ;         ;         ;         ;         ;         ;         ;         ;         
;95% UL;7.76E+06;7.94E+06;8.12E+06;8.31E+06;8.50E+06;8.69E+06;8.86E+06;9.14E+06;9.38E+06;9.60E+06;9.80E+06;9.99E+06;1.01E+07;1.02E+07;1.03E+07;1.04E+07;1.05E+07;1.07E+07;1.09E+07;1.10E+07;1.12E+07;1.13E+07;1.15E+07;1.17E+07;1.19E+07;1.21E+07;1.23E+07;1.25E+07;1.27E+07;1.29E+07;1.31E+07;1.33E+07;1.35E+07;1.37E+07;1.40E+07;1.42E+07;1.45E+07;1.48E+07;1.51E+07;1.54E+07;1.57E+07;1.60E+07;1.63E+07;1.66E+07;1.69E+07;1.72E+07;1.74E+07;1.77E+07;1.79E+07;1.81E+07;1.83E+07;1.85E+07;1.86E+07;1.88E+07;1.89E+07;1.91E+07;1.92E+07;1.93E+07;1.95E+07;1.96E+07;1.97E+07;1.98E+07;1.99E+07;2.00E+07;2.02E+07;2.03E+07;2.04E+07;2.06E+07;2.07E+07;2.08E+07;2.09E+07;         ;         ;         ;         ;         ;         ;         ;         ;         ;         ;         ;         ;         ;         ;         
Total HIV-negative females aged 15-49;Mean;7.89E+06;8.10E+06;8.31E+06;8.53E+06;8.76E+06;8.98E+06;9.28E+06;9.57E+06;9.82E+06;1.00E+07;1.02E+07;1.04E+07;1.04E+07;1.05E+07;1.05E+07;1.06E+07;1.06E+07;1.06E+07;1.07E+07;1.07E+07;1.07E+07;1.08E+07;1.09E+07;1.09E+07;1.10E+07;1.11E+07;1.11E+07;1.13E+07;1.14E+07;1.15E+07;1.16E+07;1.17E+07;1.19E+07;1.20E+07;1.22E+07;1.24E+07;1.26E+07;1.29E+07;1.32E+07;1.34E+07;1.37E+07;1.41E+07;1.44E+07;1.47E+07;1.51E+07;1.54E+07;1.57E+07;1.61E+07;1.64E+07;1.66E+07;1.69E+07;1.72E+07;1.74E+07;1.76E+07;1.79E+07;1.81E+07;1.83E+07;1.85E+07;1.87E+07;1.89E+07;1.91E+07;1.92E+07;1.94E+07;1.95E+07;1.97E+07;1.99E+07;2.01E+07;2.02E+07;2.04E+07;2.06E+07;2.07E+07;         ;         ;         ;         ;         ;         ;         ;         ;         ;         ;         ;         ;         ;         ;         
;95% LL;7.89E+06;8.10E+06;8.31E+06;8.53E+06;8.75E+06;8.96E+06;9.25E+06;9.51E+06;9.75E+06;9.94E+06;1.01E+07;1.02E+07;1.03E+07;1.03E+07;1.04E+07;1.04E+07;1.05E+07;1.05E+07;1.05E+07;1.06E+07;1.06E+07;1.06E+07;1.07E+07;1.08E+07;1.08E+07;1.09E+07;1.10E+07;1.11E+07;1.12E+07;1.14E+07;1.15E+07;1.16E+07;1.17E+07;1.19E+07;1.20E+07;1.22E+07;1.25E+07;1.27E+07;1.30E+07;1.33E+07;1.36E+07;1.39E+07;1.42E+07;1.45E+07;1.49E+07;1.52E+07;1.56E+07;1.59E+07;1.62E+07;1.65E+07;1.67E+07;1.70E+07;1.72E+07;1.75E+07;1.77E+07;1.79E+07;1.81E+07;1.83E+07;1.85E+07;1.87E+07;1.89E+07;1.91E+07;1.92E+07;1.94E+07;1.96E+07;1.97E+07;1.99E+07;2.01E+07;2.03E+07;2.04E+07;2.06E+07;         ;         ;         ;         ;         ;         ;         ;         ;         ;         ;         ;         ;         ;         ;         
;95% UL;7.89E+06;8.10E+06;8.31E+06;8.54E+06;8.77E+06;9.00E+06;9.30E+06;9.61E+06;9.88E+06;1.01E+07;1.03E+07;1.05E+07;1.05E+07;1.06E+07;1.07E+07;1.07E+07;1.07E+07;1.08E+07;1.08E+07;1.08E+07;1.09E+07;1.09E+07;1.10E+07;1.10E+07;1.11E+07;1.12E+07;1.13E+07;1.14E+07;1.15E+07;1.16E+07;1.18E+07;1.19E+07;1.20E+07;1.21E+07;1.23E+07;1.25E+07;1.28E+07;1.30E+07;1.33E+07;1.36E+07;1.39E+07;1.42E+07;1.45E+07;1.48E+07;1.52E+07;1.55E+07;1.59E+07;1.62E+07;1.65E+07;1.68E+07;1.71E+07;1.73E+07;1.76E+07;1.78E+07;1.80E+07;1.82E+07;1.84E+07;1.86E+07;1.88E+07;1.90E+07;1.92E+07;1.93E+07;1.95E+07;1.97E+07;1.98E+07;2.00E+07;2.02E+07;2.03E+07;2.05E+07;2.07E+07;2.08E+07;         ;         ;         ;         ;         ;         ;         ;         ;         ;         ;         ;         ;         ;         ;         
Total HIV-negative males aged 25-49;Mean;4.60E+06;4.74E+06;4.87E+06;5.01E+06;5.13E+06;5.25E+06;5.34E+06;5.48E+06;5.60E+06;5.71E+06;5.81E+06;5.90E+06;5.93E+06;5.95E+06;5.98E+06;6.01E+06;6.04E+06;6.11E+06;6.17E+06;6.24E+06;6.32E+06;6.42E+06;6.56E+06;6.71E+06;6.89E+06;7.07E+06;7.28E+06;7.48E+06;7.68E+06;7.89E+06;8.10E+06;8.32E+06;8.54E+06;8.77E+06;9.00E+06;9.24E+06;9.48E+06;9.71E+06;9.93E+06;1.01E+07;1.03E+07;1.05E+07;1.07E+07;1.09E+07;1.11E+07;1.13E+07;1.15E+07;1.17E+07;1.19E+07;1.21E+07;1.23E+07;1.24E+07;1.26E+07;1.27E+07;1.29E+07;1.30E+07;1.32E+07;1.33E+07;1.34E+07;1.35E+07;1.36E+07;1.37E+07;1.38E+07;1.39E+07;1.40E+07;1.41E+07;1.42E+07;1.43E+07;1.44E+07;1.45E+07;1.46E+07;         ;         ;         ;         ;         ;         ;         ;         ;         ;         ;         ;         ;         ;         ;         
;95% LL;4.60E+06;4.74E+06;4.87E+06;5.00E+06;5.13E+06;5.23E+06;5.31E+06;5.43E+06;5.53E+06;5.62E+06;5.71E+06;5.80E+06;5.82E+06;5.83E+06;5.85E+06;5.87E+06;5.90E+06;5.97E+06;6.04E+06;6.11E+06;6.20E+06;6.30E+06;6.44E+06;6.59E+06;6.76E+06;6.95E+06;7.15E+06;7.35E+06;7.55E+06;7.76E+06;7.98E+06;8.19E+06;8.41E+06;8.63E+06;8.87E+06;9.10E+06;9.34E+06;9.58E+06;9.79E+06;1.00E+07;1.02E+07;1.04E+07;1.06E+07;1.08E+07;1.10E+07;1.12E+07;1.14E+07;1.16E+07;1.18E+07;1.20E+07;1.22E+07;1.23E+07;1.25E+07;1.26E+07;1.28E+07;1.29E+07;1.31E+07;1.32E+07;1.33E+07;1.34E+07;1.35E+07;1.36E+07;1.37E+07;1.38E+07;1.39E+07;1.40E+07;1.41E+07;1.42E+07;1.43E+07;1.44E+07;1.45E+07;         ;         ;         ;         ;         ;         ;         ;         ;         ;         ;         ;         ;         ;         ;         
;95% UL;4.60E+06;4.74E+06;4.87E+06;5.01E+06;5.14E+06;5.26E+06;5.37E+06;5.53E+06;5.67E+06;5.79E+06;5.91E+06;6.02E+06;6.05E+06;6.08E+06;6.11E+06;6.13E+06;6.16E+06;6.22E+06;6.29E+06;6.36E+06;6.43E+06;6.53E+06;6.66E+06;6.82E+06;7.00E+06;7.18E+06;7.39E+06;7.59E+06;7.80E+06;8.01E+06;8.23E+06;8.45E+06;8.67E+06;8.90E+06;9.14E+06;9.38E+06;9.61E+06;9.85E+06;1.01E+07;1.03E+07;1.05E+07;1.07E+07;1.08E+07;1.10E+07;1.12E+07;1.14E+07;1.16E+07;1.18E+07;1.20E+07;1.22E+07;1.24E+07;1.25E+07;1.27E+07;1.28E+07;1.29E+07;1.31E+07;1.32E+07;1.34E+07;1.35E+07;1.36E+07;1.37E+07;1.37E+07;1.38E+07;1.39E+07;1.40E+07;1.41E+07;1.42E+07;1.43E+07;1.45E+07;1.46E+07;1.46E+07;         ;         ;         ;         ;         ;         ;         ;         ;         ;         ;         ;         ;         ;         ;         
Total HIV-negative females aged 25-49;Mean;4.69E+06;4.84E+06;4.99E+06;5.14E+06;5.30E+06;5.45E+06;5.65E+06;5.84E+06;6.02E+06;6.18E+06;6.33E+06;6.47E+06;6.54E+06;6.60E+06;6.63E+06;6.64E+06;6.64E+06;6.62E+06;6.60E+06;6.57E+06;6.54E+06;6.52E+06;6.53E+06;6.55E+06;6.60E+06;6.65E+06;6.72E+06;6.81E+06;6.90E+06;7.01E+06;7.12E+06;7.25E+06;7.39E+06;7.54E+06;7.70E+06;7.88E+06;8.06E+06;8.26E+06;8.45E+06;8.63E+06;8.82E+06;9.01E+06;9.22E+06;9.43E+06;9.65E+06;9.90E+06;1.02E+07;1.04E+07;1.07E+07;1.09E+07;1.12E+07;1.14E+07;1.16E+07;1.18E+07;1.20E+07;1.23E+07;1.25E+07;1.26E+07;1.28E+07;1.30E+07;1.31E+07;1.33E+07;1.34E+07;1.35E+07;1.37E+07;1.38E+07;1.40E+07;1.41E+07;1.43E+07;1.44E+07;1.45E+07;         ;         ;         ;         ;         ;         ;         ;         ;         ;         ;         ;         ;         ;         ;         
;95% LL;4.69E+06;4.84E+06;4.99E+06;5.14E+06;5.30E+06;5.45E+06;5.63E+06;5.81E+06;5.97E+06;6.13E+06;6.27E+06;6.39E+06;6.45E+06;6.50E+06;6.53E+06;6.53E+06;6.52E+06;6.51E+06;6.49E+06;6.45E+06;6.42E+06;6.40E+06;6.41E+06;6.43E+06;6.47E+06;6.52E+06;6.60E+06;6.68E+06;6.78E+06;6.88E+06;7.00E+06;7.12E+06;7.26E+06;7.42E+06;7.58E+06;7.76E+06;7.94E+06;8.13E+06;8.31E+06;8.49E+06;8.68E+06;8.88E+06;9.07E+06;9.29E+06;9.51E+06;9.76E+06;1.00E+07;1.03E+07;1.05E+07;1.08E+07;1.10E+07;1.13E+07;1.15E+07;1.17E+07;1.19E+07;1.21E+07;1.23E+07;1.25E+07;1.27E+07;1.28E+07;1.30E+07;1.31E+07;1.33E+07;1.34E+07;1.35E+07;1.37E+07;1.38E+07;1.40E+07;1.42E+07;1.43E+07;1.44E+07;         ;         ;         ;         ;         ;         ;         ;         ;         ;         ;         ;         ;         ;         ;         
;95% UL;4.69E+06;4.84E+06;4.99E+06;5.15E+06;5.30E+06;5.46E+06;5.67E+06;5.87E+06;6.06E+06;6.23E+06;6.39E+06;6.54E+06;6.62E+06;6.68E+06;6.72E+06;6.74E+06;6.74E+06;6.74E+06;6.71E+06;6.68E+06;6.65E+06;6.63E+06;6.63E+06;6.66E+06;6.71E+06;6.76E+06;6.83E+06;6.92E+06;7.01E+06;7.11E+06;7.23E+06;7.36E+06;7.50E+06;7.66E+06;7.83E+06;8.00E+06;8.18E+06;8.37E+06;8.56E+06;8.75E+06;8.94E+06;9.13E+06;9.34E+06;9.55E+06;9.78E+06;1.00E+07;1.03E+07;1.06E+07;1.08E+07;1.11E+07;1.13E+07;1.15E+07;1.17E+07;1.20E+07;1.22E+07;1.24E+07;1.26E+07;1.28E+07;1.29E+07;1.31E+07;1.32E+07;1.34E+07;1.35E+07;1.36E+07;1.38E+07;1.39E+07;1.41E+07;1.42E+07;1.44E+07;1.45E+07;1.46E+07;         ;         ;         ;         ;         ;         ;         ;         ;         ;         ;         ;         ;         ;         ;         
Total HIV-negative aged 50+;Mean;3.87E+06;4.00E+06;4.13E+06;4.26E+06;4.40E+06;4.52E+06;4.64E+06;4.76E+06;4.87E+06;4.97E+06;5.08E+06;5.19E+06;5.31E+06;5.43E+06;5.55E+06;5.68E+06;5.81E+06;5.97E+06;6.14E+06;6.30E+06;6.47E+06;6.65E+06;6.81E+06;6.98E+06;7.14E+06;7.31E+06;7.48E+06;7.62E+06;7.77E+06;7.91E+06;8.06E+06;8.19E+06;8.32E+06;8.45E+06;8.57E+06;8.67E+06;8.69E+06;8.76E+06;8.90E+06;9.06E+06;9.21E+06;9.35E+06;9.50E+06;9.64E+06;9.80E+06;9.97E+06;1.02E+07;1.04E+07;1.07E+07;1.09E+07;1.13E+07;1.16E+07;1.19E+07;1.23E+07;1.27E+07;1.31E+07;1.34E+07;1.38E+07;1.43E+07;1.47E+07;1.51E+07;1.55E+07;1.60E+07;1.64E+07;1.68E+07;1.72E+07;1.75E+07;1.79E+07;1.83E+07;1.87E+07;1.91E+07;         ;         ;         ;         ;         ;         ;         ;         ;         ;         ;         ;         ;         ;         ;         
;95% LL;3.87E+06;4.00E+06;4.13E+06;4.26E+06;4.40E+06;4.52E+06;4.64E+06;4.75E+06;4.86E+06;4.96E+06;5.07E+06;5.18E+06;5.29E+06;5.40E+06;5.53E+06;5.65E+06;5.78E+06;5.94E+06;6.10E+06;6.25E+06;6.42E+06;6.59E+06;6.75E+06;6.91E+06;7.07E+06;7.23E+06;7.40E+06;7.54E+06;7.68E+06;7.82E+06;7.95E+06;8.09E+06;8.21E+06;8.34E+06;8.45E+06;8.55E+06;8.57E+06;8.63E+06;8.78E+06;8.93E+06;9.08E+06;9.22E+06;9.36E+06;9.50E+06;9.66E+06;9.82E+06;1.00E+07;1.02E+07;1.05E+07;1.08E+07;1.11E+07;1.14E+07;1.18E+07;1.21E+07;1.25E+07;1.29E+07;1.32E+07;1.36E+07;1.40E+07;1.45E+07;1.49E+07;1.53E+07;1.58E+07;1.62E+07;1.66E+07;1.69E+07;1.73E+07;1.77E+07;1.80E+07;1.84E+07;1.89E+07;         ;         ;         ;         ;         ;         ;         ;         ;         ;         ;         ;         ;         ;         ;         
;95% UL;3.87E+06;4.00E+06;4.13E+06;4.27E+06;4.40E+06;4.52E+06;4.65E+06;4.76E+06;4.87E+06;4.98E+06;5.09E+06;5.21E+06;5.33E+06;5.45E+06;5.58E+06;5.71E+06;5.85E+06;6.02E+06;6.18E+06;6.35E+06;6.53E+06;6.71E+06;6.88E+06;7.05E+06;7.22E+06;7.39E+06;7.56E+06;7.71E+06;7.86E+06;8.01E+06;8.16E+06;8.30E+06;8.44E+06;8.56E+06;8.69E+06;8.78E+06;8.81E+06;8.88E+06;9.03E+06;9.18E+06;9.34E+06;9.49E+06;9.63E+06;9.78E+06;9.93E+06;1.01E+07;1.03E+07;1.05E+07;1.08E+07;1.11E+07;1.14E+07;1.17E+07;1.21E+07;1.25E+07;1.28E+07;1.32E+07;1.36E+07;1.40E+07;1.44E+07;1.48E+07;1.53E+07;1.57E+07;1.62E+07;1.66E+07;1.70E+07;1.74E+07;1.77E+07;1.81E+07;1.85E+07;1.88E+07;1.93E+07;         ;         ;         ;         ;         ;         ;         ;         ;         ;         ;         ;         ;         ;         ;         
Total HIV-negative males aged 50+;Mean;1.78E+06;1.82E+06;1.87E+06;1.92E+06;1.97E+06;2.02E+06;2.06E+06;2.10E+06;2.13E+06;2.17E+06;2.21E+06;2.25E+06;2.29E+06;2.33E+06;2.38E+06;2.43E+06;2.47E+06;2.54E+06;2.60E+06;2.67E+06;2.74E+06;2.81E+06;2.87E+06;2.94E+06;3.01E+06;3.07E+06;3.14E+06;3.19E+06;3.25E+06;3.30E+06;3.36E+06;3.41E+06;3.47E+06;3.52E+06;3.57E+06;3.62E+06;3.63E+06;3.67E+06;3.75E+06;3.83E+06;3.92E+06;4.01E+06;4.10E+06;4.19E+06;4.30E+06;4.41E+06;4.54E+06;4.69E+06;4.85E+06;5.03E+06;5.22E+06;5.42E+06;5.63E+06;5.84E+06;6.05E+06;6.27E+06;6.48E+06;6.70E+06;6.92E+06;7.13E+06;7.35E+06;7.57E+06;7.79E+06;7.99E+06;8.18E+06;8.37E+06;8.54E+06;8.71E+06;8.87E+06;9.03E+06;9.22E+06;         ;         ;         ;         ;         ;         ;         ;         ;         ;         ;         ;         ;         ;         ;         
;95% LL;1.78E+06;1.82E+06;1.87E+06;1.92E+06;1.97E+06;2.02E+06;2.06E+06;2.09E+06;2.13E+06;2.16E+06;2.20E+06;2.23E+06;2.27E+06;2.31E+06;2.36E+06;2.40E+06;2.44E+06;2.50E+06;2.56E+06;2.62E+06;2.69E+06;2.76E+06;2.82E+06;2.88E+06;2.95E+06;3.01E+06;3.07E+06;3.12E+06;3.18E+06;3.23E+06;3.28E+06;3.33E+06;3.39E+06;3.44E+06;3.49E+06;3.53E+06;3.55E+06;3.59E+06;3.67E+06;3.75E+06;3.84E+06;3.93E+06;4.02E+06;4.11E+06;4.21E+06;4.32E+06;4.45E+06;4.60E+06;4.76E+06;4.93E+06;5.12E+06;5.32E+06;5.52E+06;5.73E+06;5.94E+06;6.15E+06;6.36E+06;6.58E+06;6.79E+06;7.00E+06;7.22E+06;7.44E+06;7.66E+06;7.86E+06;8.05E+06;8.24E+06;8.41E+06;8.58E+06;8.75E+06;8.92E+06;9.11E+06;         ;         ;         ;         ;         ;         ;         ;         ;         ;         ;         ;         ;         ;         ;         
;95% UL;1.78E+06;1.82E+06;1.87E+06;1.92E+06;1.97E+06;2.02E+06;2.06E+06;2.10E+06;2.14E+06;2.18E+06;2.22E+06;2.26E+06;2.30E+06;2.35E+06;2.40E+06;2.45E+06;2.50E+06;2.57E+06;2.64E+06;2.70E+06;2.78E+06;2.85E+06;2.92E+06;2.99E+06;3.06E+06;3.12E+06;3.19E+06;3.25E+06;3.31E+06;3.36E+06;3.42E+06;3.48E+06;3.53E+06;3.59E+06;3.64E+06;3.69E+06;3.71E+06;3.74E+06;3.82E+06;3.91E+06;4.00E+06;4.09E+06;4.18E+06;4.28E+06;4.38E+06;4.50E+06;4.63E+06;4.79E+06;4.95E+06;5.14E+06;5.33E+06;5.54E+06;5.75E+06;5.96E+06;6.18E+06;6.39E+06;6.61E+06;6.83E+06;7.04E+06;7.26E+06;7.47E+06;7.69E+06;7.91E+06;8.11E+06;8.30E+06;8.48E+06;8.65E+06;8.81E+06;8.97E+06;9.14E+06;9.32E+06;         ;         ;         ;         ;         ;         ;         ;         ;         ;         ;         ;         ;         ;         ;         
Total HIV-negative females aged 50+;Mean;2.10E+06;2.18E+06;2.26E+06;2.34E+06;2.43E+06;2.51E+06;2.58E+06;2.66E+06;2.73E+06;2.80E+06;2.87E+06;2.95E+06;3.02E+06;3.09E+06;3.17E+06;3.26E+06;3.34E+06;3.44E+06;3.54E+06;3.63E+06;3.74E+06;3.84E+06;3.94E+06;4.04E+06;4.14E+06;4.24E+06;4.34E+06;4.43E+06;4.52E+06;4.61E+06;4.70E+06;4.78E+06;4.86E+06;4.93E+06;5.00E+06;5.05E+06;5.06E+06;5.09E+06;5.16E+06;5.22E+06;5.29E+06;5.35E+06;5.40E+06;5.45E+06;5.50E+06;5.56E+06;5.63E+06;5.71E+06;5.80E+06;5.91E+06;6.03E+06;6.16E+06;6.31E+06;6.46E+06;6.62E+06;6.79E+06;6.96E+06;7.15E+06;7.34E+06;7.54E+06;7.74E+06;7.96E+06;8.19E+06;8.40E+06;8.60E+06;8.81E+06;9.01E+06;9.21E+06;9.41E+06;9.62E+06;9.86E+06;         ;         ;         ;         ;         ;         ;         ;         ;         ;         ;         ;         ;         ;         ;         
;95% LL;2.10E+06;2.18E+06;2.26E+06;2.34E+06;2.43E+06;2.51E+06;2.58E+06;2.66E+06;2.73E+06;2.80E+06;2.87E+06;2.94E+06;3.01E+06;3.09E+06;3.17E+06;3.25E+06;3.33E+06;3.42E+06;3.52E+06;3.62E+06;3.71E+06;3.82E+06;3.91E+06;4.01E+06;4.10E+06;4.20E+06;4.30E+06;4.39E+06;4.47E+06;4.56E+06;4.65E+06;4.73E+06;4.80E+06;4.87E+06;4.94E+06;4.98E+06;4.99E+06;5.01E+06;5.08E+06;5.14E+06;5.20E+06;5.26E+06;5.31E+06;5.35E+06;5.40E+06;5.46E+06;5.52E+06;5.60E+06;5.70E+06;5.80E+06;5.92E+06;6.05E+06;6.20E+06;6.35E+06;6.50E+06;6.67E+06;6.84E+06;7.02E+06;7.22E+06;7.41E+06;7.62E+06;7.83E+06;8.05E+06;8.26E+06;8.46E+06;8.66E+06;8.86E+06;9.06E+06;9.26E+06;9.47E+06;9.70E+06;         ;         ;         ;         ;         ;         ;         ;         ;         ;         ;         ;         ;         ;         ;         
;95% UL;2.10E+06;2.18E+06;2.26E+06;2.34E+06;2.43E+06;2.51E+06;2.58E+06;2.66E+06;2.73E+06;2.80E+06;2.88E+06;2.95E+06;3.02E+06;3.10E+06;3.18E+06;3.27E+06;3.35E+06;3.45E+06;3.55E+06;3.65E+06;3.76E+06;3.87E+06;3.97E+06;4.07E+06;4.17E+06;4.27E+06;4.37E+06;4.47E+06;4.56E+06;4.66E+06;4.75E+06;4.83E+06;4.91E+06;4.99E+06;5.06E+06;5.12E+06;5.13E+06;5.16E+06;5.23E+06;5.30E+06;5.37E+06;5.44E+06;5.49E+06;5.55E+06;5.60E+06;5.67E+06;5.73E+06;5.82E+06;5.92E+06;6.02E+06;6.15E+06;6.29E+06;6.43E+06;6.58E+06;6.74E+06;6.91E+06;7.09E+06;7.28E+06;7.47E+06;7.67E+06;7.88E+06;8.10E+06;8.32E+06;8.53E+06;8.73E+06;8.94E+06;9.14E+06;9.34E+06;9.55E+06;9.76E+06;1.00E+07;         ;         ;         ;         ;         ;         ;         ;         ;         ;         ;         ;         ;         ;         ;         
Total diagnosed HIV-positive;Mean;         ;6.81614;22.8533;59.3901;143.266;338.127;788.119;3202.15;10534.2;26977.2;57291.1;105966;174762;266156;379800;513983;666116;836937;1.02E+06;1.22E+06;1.45E+06;1.79E+06;2.21E+06;2.65E+06;3.11E+06;3.81E+06;4.46E+06;4.96E+06;5.38E+06;5.70E+06;6.03E+06;6.37E+06;6.67E+06;6.91E+06;7.14E+06;7.36E+06;7.49E+06;7.64E+06;7.78E+06;7.91E+06;8.03E+06;8.13E+06;8.21E+06;8.29E+06;8.36E+06;8.41E+06;8.45E+06;8.49E+06;8.51E+06;8.53E+06;8.53E+06;8.53E+06;8.51E+06;8.49E+06;8.46E+06;8.42E+06;8.37E+06;8.31E+06;8.24E+06;8.17E+06;8.09E+06;8.00E+06;7.90E+06;7.80E+06;7.69E+06;7.58E+06;7.46E+06;7.33E+06;7.20E+06;7.06E+06;6.92E+06;         ;         ;         ;         ;         ;         ;         ;         ;         ;         ;         ;         ;         ;         ;         
;95% LL;         ;2.15805;7.5156;21.0876;58.0026;161.758;430.061;2069.85;7467.2;20124.6;45203.5;87992.7;149783;233230;338496;464895;610408;775999;9.58E+05;1.16E+06;1.38E+06;1.72E+06;2.14E+06;2.58E+06;3.04E+06;3.74E+06;4.40E+06;4.89E+06;5.30E+06;5.61E+06;5.93E+06;6.27E+06;6.56E+06;6.79E+06;7.01E+06;7.23E+06;7.35E+06;7.49E+06;7.62E+06;7.75E+06;7.85E+06;7.95E+06;8.03E+06;8.09E+06;8.15E+06;8.20E+06;8.24E+06;8.27E+06;8.30E+06;8.31E+06;8.31E+06;8.30E+06;8.28E+06;8.26E+06;8.22E+06;8.18E+06;8.12E+06;8.06E+06;8.00E+06;7.92E+06;7.84E+06;7.75E+06;7.65E+06;7.55E+06;7.44E+06;7.33E+06;7.21E+06;7.08E+06;6.95E+06;6.82E+06;6.68E+06;         ;         ;         ;         ;         ;         ;         ;         ;         ;         ;         ;         ;         ;         ;         
;95% UL;         ;10.3917;34.9594;91.4811;222.123;523.702;1201.06;4613.22;14445.1;35144.9;72106.4;128443;205940;306035;429628;572238;729071;903394;1.09E+06;1.29E+06;1.52E+06;1.86E+06;2.28E+06;2.73E+06;3.19E+06;3.90E+06;4.55E+06;5.05E+06;5.48E+06;5.81E+06;6.15E+06;6.50E+06;6.81E+06;7.06E+06;7.29E+06;7.53E+06;7.66E+06;7.81E+06;7.97E+06;8.10E+06;8.23E+06;8.33E+06;8.43E+06;8.51E+06;8.58E+06;8.63E+06;8.68E+06;8.72E+06;8.74E+06;8.76E+06;8.76E+06;8.76E+06;8.75E+06;8.73E+06;8.70E+06;8.66E+06;8.61E+06;8.56E+06;8.49E+06;8.42E+06;8.34E+06;8.25E+06;8.16E+06;8.06E+06;7.95E+06;7.84E+06;7.72E+06;7.59E+06;7.46E+06;7.32E+06;7.18E+06;         ;         ;         ;         ;         ;         ;         ;         ;         ;         ;         ;         ;         ;         ;         
Total children diagnosed HIV-positive;Mean;         ;0.000896972;0.00398841;0.0103595;0.0254861;0.0599167;0.128399;95.7477;418.484;1181.49;2645.07;5053.43;8729.48;13850.9;20464.7;28489.7;37792;47944.4;58561.4;68829.1;79393.1;94447.9;109201;125914;150830;186434;205325;218672;228984;233993;236199;240903;240741;233590;222679;208347;190870;173359;155932;139615;126823;116678;107290;98134.7;89625.6;83072;77322.5;72696.6;68608.5;64832.9;61385.6;58266.5;55387.5;52703.9;50173.5;47759.9;45442.8;43215.6;41075.8;39001.8;36987.2;35031.8;33136.2;31302.2;29533.9;27836.1;26213.5;24669.1;23204.2;21819.5;20515.2;         ;         ;         ;         ;         ;         ;         ;         ;         ;         ;         ;         ;         ;         ;         
;95% LL;         ;0.00030956;0.00152174;0.00464036;0.0137171;0.0323071;0.074026;59.7829;284.196;851.326;2026.34;3967.22;7144.35;11607;17486.6;24749.1;33308.9;42867.8;53016.8;63075.8;73899.2;88917.6;103546;120131;144845;180607;199322;212638;222817;227806;229781;234237;234072;227186;216480;202028;184592;167550;150309;134185;121511;111508;102227;93222.9;84902.2;78519.4;72985.2;68511.3;64596.5;60967.3;57854.1;55005.7;52269.9;49699.4;47273.4;44957.4;42724.7;40539.8;38449.8;36432.9;34482.1;32596.3;30775.5;29016.4;27312.4;25699.5;24134.1;22648.4;21257.2;19969.3;18758.1;         ;         ;         ;         ;         ;         ;         ;         ;         ;         ;         ;         ;         ;         ;         
;95% UL;         ;0.00138033;0.00607257;0.0158737;0.0388755;0.0933914;0.191929;137.301;577.484;1564.17;3367.58;6216.85;10440.2;16197.4;23406.5;32154.7;42013;52556.6;63416.6;73880.9;84537;99652;114320;130840;155945;191808;211073;224785;235391;240577;242844;247617;247429;240187;229182;214592;196960;179267;161550;145065;132106;122010;112451;103108;94420.5;87744.1;81875.3;77151.3;72910.7;69164.6;65835.1;62822.9;60032.8;57421;54945.4;52568.9;50270.3;48042.7;45884.1;43772.2;41701.1;39671.8;37686.8;35749.3;33865.8;32043.8;30290.5;28611.4;27010.2;25489.4;24051.1;         ;         ;         ;         ;         ;         ;         ;         ;         ;         ;         ;         ;         ;         ;         
Total males aged 15+ diagnosed HIV-positive;Mean;         ;3.08331;10.851;29.5566;74.3854;181.22;428.14;1574.99;4902.25;12074.6;24793.4;44467.3;71182.6;105357;146353;192628;242329;294926;346740;394301;447452;540870;658378;787200;919905;1.16E+06;1.39E+06;1.58E+06;1.73E+06;1.84E+06;1.96E+06;2.08E+06;2.19E+06;2.28E+06;2.37E+06;2.45E+06;2.49E+06;2.54E+06;2.58E+06;2.62E+06;2.66E+06;2.68E+06;2.70E+06;2.72E+06;2.72E+06;2.73E+06;2.73E+06;2.73E+06;2.72E+06;2.71E+06;2.69E+06;2.68E+06;2.66E+06;2.63E+06;2.60E+06;2.57E+06;2.54E+06;2.51E+06;2.47E+06;2.43E+06;2.39E+06;2.35E+06;2.30E+06;2.26E+06;2.21E+06;2.16E+06;2.11E+06;2.05E+06;2.00E+06;1.95E+06;1.89E+06;         ;         ;         ;         ;         ;         ;         ;         ;         ;         ;         ;         ;         ;         ;         
;95% LL;         ;0.979302;3.62153;10.807;31.066;88.8273;235.409;1007.79;3451.31;8799.41;19208.7;35426.6;58154;88643.9;126025;169024;216278;267511;318947;366724;419454;510529;625745;751689;881894;1.11E+06;1.33E+06;1.52E+06;1.67E+06;1.79E+06;1.90E+06;2.02E+06;2.13E+06;2.22E+06;2.31E+06;2.39E+06;2.43E+06;2.47E+06;2.52E+06;2.56E+06;2.59E+06;2.61E+06;2.63E+06;2.64E+06;2.65E+06;2.65E+06;2.65E+06;2.64E+06;2.64E+06;2.63E+06;2.61E+06;2.59E+06;2.57E+06;2.54E+06;2.52E+06;2.49E+06;2.46E+06;2.42E+06;2.39E+06;2.35E+06;2.31E+06;2.26E+06;2.22E+06;2.17E+06;2.13E+06;2.08E+06;2.03E+06;1.98E+06;1.92E+06;1.87E+06;1.82E+06;         ;         ;         ;         ;         ;         ;         ;         ;         ;         ;         ;         ;         ;         ;         
;95% UL;         ;4.72382;16.6913;45.9342;116.552;283.544;657.954;2288.24;6862.93;15793.7;31376.1;54707.1;85384.8;122720;165857;214568;266638;322871;377530;426657;480989;577318;697323;827104;961772;1.20E+06;1.45E+06;1.64E+06;1.80E+06;1.92E+06;2.03E+06;2.16E+06;2.27E+06;2.36E+06;2.45E+06;2.53E+06;2.57E+06;2.62E+06;2.67E+06;2.71E+06;2.74E+06;2.77E+06;2.79E+06;2.81E+06;2.82E+06;2.83E+06;2.83E+06;2.83E+06;2.82E+06;2.81E+06;2.80E+06;2.78E+06;2.76E+06;2.74E+06;2.71E+06;2.68E+06;2.65E+06;2.62E+06;2.58E+06;2.54E+06;2.50E+06;2.45E+06;2.41E+06;2.36E+06;2.31E+06;2.26E+06;2.21E+06;2.15E+06;2.10E+06;2.05E+06;1.99E+06;         ;         ;         ;         ;         ;         ;         ;         ;         ;         ;         ;         ;         ;         ;         
Total females aged 15+ diagnosed HIV-positive;Mean;         ;3.73193;11.9983;29.8231;68.8554;156.847;359.851;1531.41;5213.45;13721.2;29852.6;56444.8;94850;146948;212983;292866;385995;494067;616951;759328;921278;1.16E+06;1.44E+06;1.74E+06;2.04E+06;2.47E+06;2.87E+06;3.17E+06;3.42E+06;3.62E+06;3.83E+06;4.04E+06;4.23E+06;4.40E+06;4.55E+06;4.71E+06;4.81E+06;4.93E+06;5.04E+06;5.15E+06;5.24E+06;5.33E+06;5.41E+06;5.48E+06;5.54E+06;5.60E+06;5.65E+06;5.69E+06;5.73E+06;5.76E+06;5.78E+06;5.79E+06;5.80E+06;5.81E+06;5.80E+06;5.79E+06;5.78E+06;5.76E+06;5.73E+06;5.70E+06;5.66E+06;5.62E+06;5.57E+06;5.51E+06;5.46E+06;5.39E+06;5.33E+06;5.25E+06;5.18E+06;5.10E+06;5.01E+06;         ;         ;         ;         ;         ;         ;         ;         ;         ;         ;         ;         ;         ;         ;         
;95% LL;         ;1.1805;3.89421;10.2963;26.6679;72.1386;192.912;1000.58;3704.39;10268;23727.2;46972.7;80967.6;128131;189109;264173;353045;457534;577710;718224;879178;1.11E+06;1.39E+06;1.70E+06;2.00E+06;2.42E+06;2.81E+06;3.10E+06;3.36E+06;3.56E+06;3.76E+06;3.96E+06;4.15E+06;4.31E+06;4.46E+06;4.61E+06;4.71E+06;4.82E+06;4.92E+06;5.02E+06;5.11E+06;5.19E+06;5.27E+06;5.33E+06;5.39E+06;5.44E+06;5.49E+06;5.53E+06;5.56E+06;5.59E+06;5.61E+06;5.62E+06;5.62E+06;5.62E+06;5.62E+06;5.61E+06;5.59E+06;5.57E+06;5.54E+06;5.51E+06;5.47E+06;5.43E+06;5.38E+06;5.32E+06;5.26E+06;5.20E+06;5.14E+06;5.07E+06;4.99E+06;4.91E+06;4.83E+06;         ;         ;         ;         ;         ;         ;         ;         ;         ;         ;         ;         ;         ;         ;         
;95% UL;         ;5.68104;18.2621;45.531;105.532;240.07;542.929;2187.67;7147.14;17993.2;37596.9;69412.6;113321;171208;242258;326348;422655;533423;656672;801286;963119;1.20E+06;1.48E+06;1.79E+06;2.09E+06;2.53E+06;2.93E+06;3.23E+06;3.49E+06;3.70E+06;3.91E+06;4.13E+06;4.32E+06;4.50E+06;4.65E+06;4.81E+06;4.92E+06;5.04E+06;5.16E+06;5.27E+06;5.37E+06;5.46E+06;5.54E+06;5.62E+06;5.69E+06;5.75E+06;5.80E+06;5.85E+06;5.89E+06;5.92E+06;5.94E+06;5.96E+06;5.97E+06;5.98E+06;5.98E+06;5.97E+06;5.96E+06;5.94E+06;5.91E+06;5.88E+06;5.85E+06;5.81E+06;5.76E+06;5.71E+06;5.65E+06;5.59E+06;5.52E+06;5.45E+06;5.38E+06;5.30E+06;5.22E+06;         ;         ;         ;         ;         ;         ;         ;         ;         ;         ;         ;         ;         ;         ;         
;;         ;         ;         ;         ;         ;         ;         ;         ;         ;         ;         ;         ;         ;         ;         ;         ;         ;         ;         ;         ;         ;         ;         ;         ;         ;         ;         ;         ;         ;         ;         ;         ;         ;         ;         ;         ;         ;         ;         ;         ;         ;         ;         ;         ;         ;         ;         ;         ;         ;         ;         ;         ;         ;         ;         ;         ;         ;         ;         ;         ;         ;         ;         ;         ;         ;         ;         ;         ;         ;         ;         ;         ;         ;         ;         ;         ;         ;         ;         ;         ;         ;         ;         ;         ;         ;         
Other HIV testing outputs;;         ;         ;         ;         ;         ;         ;         ;         ;         ;         ;         ;         ;         ;         ;         ;         ;         ;         ;         ;         ;         ;         ;         ;         ;         ;         ;         ;         ;         ;         ;         ;         ;         ;         ;         ;         ;         ;         ;         ;         ;         ;         ;         ;         ;         ;         ;         ;         ;         ;         ;         ;         ;         ;         ;         ;         ;         ;         ;         ;         ;         ;         ;         ;         ;         ;         ;         ;         ;         ;         ;         ;         ;         ;         ;         ;         ;         ;         ;         ;         ;         ;         ;         ;         ;         ;         
;;         ;         ;         ;         ;         ;         ;         ;         ;         ;         ;         ;         ;         ;         ;         ;         ;         ;         ;         ;         ;         ;         ;         ;         ;         ;         ;         ;         ;         ;         ;         ;         ;         ;         ;         ;         ;         ;         ;         ;         ;         ;         ;         ;         ;         ;         ;         ;         ;         ;         ;         ;         ;         ;         ;         ;         ;         ;         ;         ;         ;         ;         ;         ;         ;         ;         ;         ;         ;         ;         ;         ;         ;         ;         ;         ;         ;         ;         ;         ;         ;         ;         ;         ;         ;         ;         
% of OI patients tested for HIV;Mean;         ;         ;         ;         ;         ;         ;         ;         ;         ;         ;         ;         ;         ;         ;         ;         ;         ;         ;         ;         ;         ;         ;         ;         ;         ;         ;         ;         ;         ;         ;         ;         ;         ;         ;         ;         ;         ;         ;         ;         ;         ;         ;         ;         ;         ;         ;         ;         ;         ;         ;         ;         ;         ;         ;         ;         ;         ;         ;         ;         ;         ;         ;         ;         ;         ;         ;         ;         ;         ;         ;         ;         ;         ;         ;         ;         ;         ;         ;         ;         ;         ;         ;         ;         ;         ;         
;95% LL;         ;         ;         ;         ;         ;         ;         ;         ;         ;         ;         ;         ;         ;         ;         ;         ;         ;         ;         ;         ;         ;         ;         ;         ;         ;         ;         ;         ;         ;         ;         ;         ;         ;         ;         ;         ;         ;         ;         ;         ;         ;         ;         ;         ;         ;         ;         ;         ;         ;         ;         ;         ;         ;         ;         ;         ;         ;         ;         ;         ;         ;         ;         ;         ;         ;         ;         ;         ;         ;         ;         ;         ;         ;         ;         ;         ;         ;         ;         ;         ;         ;         ;         ;         ;         ;         
;95% UL;         ;         ;         ;         ;         ;         ;         ;         ;         ;         ;         ;         ;         ;         ;         ;         ;         ;         ;         ;         ;         ;         ;         ;         ;         ;         ;         ;         ;         ;         ;         ;         ;         ;         ;         ;         ;         ;         ;         ;         ;         ;         ;         ;         ;         ;         ;         ;         ;         ;         ;         ;         ;         ;         ;         ;         ;         ;         ;         ;         ;         ;         ;         ;         ;         ;         ;         ;         ;         ;         ;         ;         ;         ;         ;         ;         ;         ;         ;         ;         ;         ;         ;         ;         ;         ;         
HIV testing rate in HIV-negative women aged 25, not previously tested;Mean;         ;         ;         ;         ;         ;         ;0.00867544;0.016633;0.0238179;0.0302242;0.0358732;0.0408182;0.0455359;0.0497318;0.0530682;0.0556012;0.0568861;0.0566162;0.0539563;0.0523014;0.0586054;0.0556284;0.0610053;0.0843909;0.229628;0.255925;0.215796;0.229574;0.178763;0.224644;0.270249;0.270319;0.251564;0.27068;0.332022;0.205521;0.295005;0.261664;         ;         ;         ;         ;         ;         ;         ;         ;         ;         ;         ;         ;         ;         ;         ;         ;         ;         ;         ;         ;         ;         ;         ;         ;         ;         ;         ;         ;         ;         ;         ;         ;         ;         ;         ;         ;         ;         ;         ;         ;         ;         ;         ;         ;         ;         ;         ;         
;95% LL;         ;         ;         ;         ;         ;         ;0.00864627;0.0165713;0.0237178;0.0300793;0.0356954;0.0406179;0.0453292;0.049543;0.0529162;0.0554539;0.0567587;0.0565204;0.0538532;0.0521794;0.058405;0.0553325;0.0606831;0.0839269;0.2286;0.255068;0.214973;0.228692;0.178063;0.223754;0.269291;0.269348;0.250623;0.269648;0.33079;0.204774;0.293764;0.260735;         ;         ;         ;         ;         ;         ;         ;         ;         ;         ;         ;         ;         ;         ;         ;         ;         ;         ;         ;         ;         ;         ;         ;         ;         ;         ;         ;         ;         ;         ;         ;         ;         ;         ;         ;         ;         ;         ;         ;         ;         ;         ;         ;         ;         ;         ;         ;         
;95% UL;         ;         ;         ;         ;         ;         ;0.00869855;0.0166806;0.0239021;0.0303432;0.0360264;0.040991;0.0457237;0.0499058;0.053216;0.0557177;0.0569624;0.0567093;0.0540768;0.0524311;0.0587761;0.0558792;0.0613398;0.0848416;0.230717;0.256864;0.216625;0.230548;0.179505;0.225657;0.271361;0.271418;0.252617;0.271833;0.333394;0.206345;0.296465;0.262816;         ;         ;         ;         ;         ;         ;         ;         ;         ;         ;         ;         ;         ;         ;         ;         ;         ;         ;         ;         ;         ;         ;         ;         ;         ;         ;         ;         ;         ;         ;         ;         ;         ;         ;         ;         ;         ;         ;         ;         ;         ;         ;         ;         ;         ;         ;         ;         
Tests in males aged 15-24;Mean;0.667046;1.67852;3.52896;7.57325;16.5557;36.0428;18429.2;36981.7;55532;73949;92059.4;109679;127027;144092;159741;173900;185103;191091;187854;187799;216275;209944;228814;305859;814017;1.09E+06;9.88E+05;1.02E+06;821632;965912;1.26E+06;1.39E+06;1.32E+06;1.41E+06;1.78E+06;1.23E+06;1.50E+06;1.55E+06;1.64E+06;1.73E+06;1.78E+06;1.83E+06;1.89E+06;1.95E+06;2.00E+06;2.05E+06;2.08E+06;2.11E+06;2.12E+06;2.14E+06;2.15E+06;2.16E+06;2.16E+06;2.16E+06;2.16E+06;2.16E+06;2.15E+06;2.15E+06;2.16E+06;2.16E+06;2.17E+06;2.18E+06;2.19E+06;2.19E+06;2.20E+06;2.21E+06;2.22E+06;2.22E+06;2.23E+06;2.24E+06;2.24E+06;         ;         ;         ;         ;         ;         ;         ;         ;         ;         ;         ;         ;         ;         ;         
;95% LL;0.210749;0.558447;1.29986;3.21223;8.26622;20.5095;18399.3;36924.9;55447;73821;91873.2;109465;126752;143745;159334;173411;184557;190403;187037;186890;215217;208503;227056;303634;809912;1.08E+06;9.83E+05;1.02E+06;817415;961676;1.26E+06;1.38E+06;1.32E+06;1.40E+06;1.77E+06;1.23E+06;1.49E+06;1.54E+06;1.64E+06;1.72E+06;1.77E+06;1.82E+06;1.88E+06;1.94E+06;2.00E+06;2.04E+06;2.07E+06;2.10E+06;2.11E+06;2.13E+06;2.14E+06;2.15E+06;2.16E+06;2.16E+06;2.15E+06;2.15E+06;2.15E+06;2.14E+06;2.15E+06;2.15E+06;2.16E+06;2.17E+06;2.17E+06;2.18E+06;2.19E+06;2.20E+06;2.20E+06;2.21E+06;2.22E+06;2.22E+06;2.23E+06;         ;         ;         ;         ;         ;         ;         ;         ;         ;         ;         ;         ;         ;         ;         
;95% UL;1.0209;2.58497;5.49005;11.8535;25.7626;54.7165;18454.8;37017.7;55591.6;74050;92213.2;109894;127316;144452;160164;174397;185667;191732;188614;188665;217505;211552;230772;308197;818281;1.09E+06;9.93E+05;1.03E+06;825857;9.70E+05;1.27E+06;1.39E+06;1.33E+06;1.41E+06;1.79E+06;1.24E+06;1.50E+06;1.55E+06;1.65E+06;1.74E+06;1.78E+06;1.84E+06;1.90E+06;1.96E+06;2.01E+06;2.05E+06;2.09E+06;2.11E+06;2.13E+06;2.14E+06;2.16E+06;2.16E+06;2.17E+06;2.17E+06;2.17E+06;2.16E+06;2.16E+06;2.16E+06;2.16E+06;2.17E+06;2.18E+06;2.19E+06;2.20E+06;2.21E+06;2.21E+06;2.22E+06;2.23E+06;2.24E+06;2.24E+06;2.25E+06;2.26E+06;         ;         ;         ;         ;         ;         ;         ;         ;         ;         ;         ;         ;         ;         ;         
Tests in females aged 15-24;Mean;1.84437;4.11619;8.85074;19.3448;43.0977;95.22;32024.9;64251.6;96577.3;128767;160505;191484;221739;251468;282202;314341;350474;390818;447641;497445;622310;707148;814869;1.01E+06;2.08E+06;2.81E+06;2.57E+06;2.61E+06;2.17E+06;2.45E+06;3.05E+06;3.24E+06;3.04E+06;3.15E+06;3.89E+06;2.94E+06;3.54E+06;3.74E+06;3.94E+06;4.13E+06;4.22E+06;4.33E+06;4.43E+06;4.55E+06;4.66E+06;4.74E+06;4.82E+06;4.87E+06;4.91E+06;4.94E+06;4.97E+06;5.00E+06;5.01E+06;5.02E+06;5.02E+06;5.02E+06;5.02E+06;5.02E+06;5.03E+06;5.05E+06;5.07E+06;5.09E+06;5.11E+06;5.13E+06;5.15E+06;5.16E+06;5.18E+06;5.20E+06;5.21E+06;5.23E+06;5.24E+06;         ;         ;         ;         ;         ;         ;         ;         ;         ;         ;         ;         ;         ;         ;         
;95% LL;0.585884;1.36438;3.2539;8.26531;22.0403;56.5596;31999.4;64168.5;96402.7;128482;160088;190934;221090;250774;281464;313510;349620;390036;446946;496499;621029;705322;812582;1.00E+06;2.08E+06;2.80E+06;2.56E+06;2.60E+06;2.17E+06;2.44E+06;3.04E+06;3.23E+06;3.02E+06;3.14E+06;3.87E+06;2.93E+06;3.52E+06;3.71E+06;3.92E+06;4.10E+06;4.20E+06;4.30E+06;4.41E+06;4.52E+06;4.63E+06;4.72E+06;4.79E+06;4.85E+06;4.89E+06;4.92E+06;4.95E+06;4.97E+06;4.99E+06;5.00E+06;5.00E+06;4.99E+06;4.99E+06;4.99E+06;5.01E+06;5.02E+06;5.04E+06;5.06E+06;5.08E+06;5.09E+06;5.11E+06;5.13E+06;5.14E+06;5.16E+06;5.17E+06;5.19E+06;5.20E+06;         ;         ;         ;         ;         ;         ;         ;         ;         ;         ;         ;         ;         ;         ;         
;95% UL;2.80203;6.25332;13.5145;29.6301;65.4146;140.43;32044.1;64321.5;96732.3;129026;160922;192061;222444;252248;282985;315038;351028;391375;448554;498663;624046;709470;817819;1.01E+06;2.09E+06;2.82E+06;2.58E+06;2.62E+06;2.18E+06;2.46E+06;3.06E+06;3.26E+06;3.05E+06;3.16E+06;3.90E+06;2.96E+06;3.56E+06;3.76E+06;3.96E+06;4.15E+06;4.25E+06;4.35E+06;4.46E+06;4.57E+06;4.68E+06;4.77E+06;4.84E+06;4.90E+06;4.94E+06;4.97E+06;5.00E+06;5.02E+06;5.03E+06;5.04E+06;5.04E+06;5.04E+06;5.04E+06;5.04E+06;5.06E+06;5.07E+06;5.09E+06;5.11E+06;5.13E+06;5.15E+06;5.17E+06;5.18E+06;5.20E+06;5.22E+06;5.23E+06;5.25E+06;5.26E+06;         ;         ;         ;         ;         ;         ;         ;         ;         ;         ;         ;         ;         ;         ;         
Tests in males aged 25-49;Mean;2.62816;7.34731;18.5953;45.9137;110.746;255.516;30835.2;61758.6;92969.4;124536;156529;189008;221241;253482;283450;310532;331520;345602;343528;353938;434871;463908;523897;685141;1.76E+06;2.49E+06;2.32E+06;2.41E+06;2.00E+06;2.39E+06;3.18E+06;3.53E+06;3.42E+06;3.72E+06;4.83E+06;3.47E+06;4.23E+06;4.50E+06;4.77E+06;5.03E+06;5.13E+06;5.22E+06;5.31E+06;5.39E+06;5.49E+06;5.59E+06;5.70E+06;5.81E+06;5.91E+06;6.01E+06;6.11E+06;6.19E+06;6.28E+06;6.36E+06;6.44E+06;6.52E+06;6.60E+06;6.67E+06;6.73E+06;6.79E+06;6.85E+06;6.89E+06;6.94E+06;6.99E+06;7.04E+06;7.09E+06;7.15E+06;7.20E+06;7.25E+06;7.30E+06;7.34E+06;         ;         ;         ;         ;         ;         ;         ;         ;         ;         ;         ;         ;         ;         ;         
;95% LL;0.842369;2.55168;7.36326;21.3868;58.6986;154.85;30722.3;61571.1;92708.4;124194;156104;188535;220784;253086;283063;310141;331034;344949;342652;353016;433732;462314;521816;682507;1.75E+06;2.48E+06;2.30E+06;2.39E+06;1.99E+06;2.37E+06;3.16E+06;3.51E+06;3.40E+06;3.70E+06;4.81E+06;3.45E+06;4.21E+06;4.46E+06;4.72E+06;4.97E+06;5.07E+06;5.15E+06;5.24E+06;5.33E+06;5.42E+06;5.52E+06;5.63E+06;5.73E+06;5.84E+06;5.94E+06;6.03E+06;6.12E+06;6.21E+06;6.29E+06;6.38E+06;6.46E+06;6.53E+06;6.61E+06;6.67E+06;6.73E+06;6.78E+06;6.83E+06;6.88E+06;6.93E+06;6.98E+06;7.03E+06;7.08E+06;7.14E+06;7.19E+06;7.23E+06;7.27E+06;         ;         ;         ;         ;         ;         ;         ;         ;         ;         ;         ;         ;         ;         ;         
;95% UL;4.04672;11.3593;29.0927;72.1925;172.211;384.392;30982.8;61983.2;93263.4;124917;156998;189514;221705;253903;283872;311012;332025;346288;344465;354896;436051;465557;526025;688044;1.76E+06;2.50E+06;2.33E+06;2.42E+06;2.01E+06;2.40E+06;3.20E+06;3.55E+06;3.44E+06;3.74E+06;4.85E+06;3.49E+06;4.27E+06;4.54E+06;4.81E+06;5.08E+06;5.18E+06;5.28E+06;5.37E+06;5.45E+06;5.55E+06;5.65E+06;5.76E+06;5.87E+06;5.98E+06;6.08E+06;6.17E+06;6.26E+06;6.34E+06;6.42E+06;6.50E+06;6.58E+06;6.66E+06;6.73E+06;6.79E+06;6.85E+06;6.91E+06;6.95E+06;7.00E+06;7.05E+06;7.10E+06;7.15E+06;7.21E+06;7.26E+06;7.32E+06;7.36E+06;7.40E+06;         ;         ;         ;         ;         ;         ;         ;         ;         ;         ;         ;         ;         ;         ;         
Tests in females aged 25-49;Mean;2.09025;5.30471;12.6881;30.1533;71.2121;163.998;34197.9;68693.7;103625;139126;175353;212456;250326;288694;329841;373838;424150;483219;561462;625594;791476;906740;1.03E+06;1.24E+06;2.54E+06;3.47E+06;3.17E+06;3.19E+06;2.68E+06;3.06E+06;3.90E+06;4.22E+06;4.01E+06;4.22E+06;5.30E+06;3.86E+06;4.54E+06;4.78E+06;5.00E+06;5.24E+06;5.33E+06;5.41E+06;5.50E+06;5.59E+06;5.70E+06;5.82E+06;5.96E+06;6.10E+06;6.25E+06;6.39E+06;6.52E+06;6.64E+06;6.76E+06;6.88E+06;7.00E+06;7.12E+06;7.23E+06;7.33E+06;7.41E+06;7.49E+06;7.56E+06;7.63E+06;7.69E+06;7.75E+06;7.81E+06;7.87E+06;7.94E+06;8.00E+06;8.06E+06;8.11E+06;8.15E+06;         ;         ;         ;         ;         ;         ;         ;         ;         ;         ;         ;         ;         ;         ;         
;95% LL;0.662552;1.76582;4.71704;13.0023;36.5876;96.0724;34166.4;68628.8;103512;138939;175093;212151;249970;288313;329415;373205;423124;481702;559280;622886;788081;902332;1.02E+06;1.23E+06;2.53E+06;3.45E+06;3.16E+06;3.18E+06;2.67E+06;3.05E+06;3.88E+06;4.20E+06;3.99E+06;4.20E+06;5.27E+06;3.83E+06;4.51E+06;4.74E+06;4.95E+06;5.18E+06;5.26E+06;5.34E+06;5.43E+06;5.52E+06;5.62E+06;5.75E+06;5.88E+06;6.02E+06;6.17E+06;6.31E+06;6.44E+06;6.56E+06;6.68E+06;6.81E+06;6.93E+06;7.04E+06;7.15E+06;7.25E+06;7.34E+06;7.42E+06;7.49E+06;7.56E+06;7.62E+06;7.68E+06;7.74E+06;7.80E+06;7.86E+06;7.91E+06;7.97E+06;8.03E+06;8.07E+06;         ;         ;         ;         ;         ;         ;         ;         ;         ;         ;         ;         ;         ;         ;         
;95% UL;3.18431;8.11429;19.5684;46.7414;109.591;245.612;34238.1;68784.5;103772;139309;175593;212693;250636;289113;330355;374408;424878;484397;563542;628195;794713;911098;1.03E+06;1.24E+06;2.55E+06;3.48E+06;3.18E+06;3.20E+06;2.69E+06;3.08E+06;3.92E+06;4.24E+06;4.03E+06;4.25E+06;5.32E+06;3.88E+06;4.57E+06;4.81E+06;5.05E+06;5.30E+06;5.39E+06;5.48E+06;5.57E+06;5.66E+06;5.76E+06;5.89E+06;6.03E+06;6.17E+06;6.32E+06;6.46E+06;6.59E+06;6.71E+06;6.83E+06;6.95E+06;7.07E+06;7.18E+06;7.29E+06;7.40E+06;7.49E+06;7.57E+06;7.65E+06;7.71E+06;7.78E+06;7.84E+06;7.91E+06;7.97E+06;8.04E+06;8.10E+06;8.16E+06;8.22E+06;8.26E+06;         ;         ;         ;         ;         ;         ;         ;         ;         ;         ;         ;         ;         ;         ;         
Tests in males aged 50+;Mean;0.017511;0.20696;0.84778;2.68074;7.37238;18.3433;5984.68;11715.2;17174.7;22384.9;27409.8;32331.8;37471.2;42636.4;47511.7;51993.4;55538;58078.3;57848.4;59586.6;74145.1;78971.5;90052.6;120705;318440;436008;405944;429640;357312;432298;574227;636620;616711;669629;874222;626213;778190;831546;897419;9.60E+05;9.91E+05;1.02E+06;1.05E+06;1.08E+06;1.11E+06;1.15E+06;1.19E+06;1.24E+06;1.29E+06;1.34E+06;1.40E+06;1.46E+06;1.52E+06;1.59E+06;1.65E+06;1.71E+06;1.77E+06;1.83E+06;1.89E+06;1.95E+06;2.00E+06;2.06E+06;2.12E+06;2.17E+06;2.22E+06;2.26E+06;2.30E+06;2.34E+06;2.37E+06;2.41E+06;2.45E+06;         ;         ;         ;         ;         ;         ;         ;         ;         ;         ;         ;         ;         ;         ;         
;95% LL;0.00619143;0.0785845;0.358663;1.29025;3.88791;10.8487;5981.57;11706.8;17155.6;22355;27371.8;32288;37420.1;42577.6;47442.9;51907.5;55430.9;57950.5;57713.8;59348.1;73630.3;78112.6;88963.3;119658;314638;429055;398389;420678;349221;422223;560677;621432;601842;653633;853786;610390;758699;810557;872943;933838;965385;995686;1.03E+06;1.06E+06;1.09E+06;1.12E+06;1.16E+06;1.21E+06;1.26E+06;1.31E+06;1.37E+06;1.43E+06;1.49E+06;1.55E+06;1.61E+06;1.67E+06;1.73E+06;1.79E+06;1.85E+06;1.91E+06;1.96E+06;2.02E+06;2.08E+06;2.13E+06;2.17E+06;2.22E+06;2.26E+06;2.29E+06;2.33E+06;2.37E+06;2.41E+06;         ;         ;         ;         ;         ;         ;         ;         ;         ;         ;         ;         ;         ;         ;         
;95% UL;0.0305332;0.324813;1.34066;4.24516;11.5514;27.9594;5988.03;11723.7;17191.7;22413.2;27447;32374.6;37518.4;42687.3;47564.3;52066;55659.7;58258.1;58081.7;59863.2;74772;79794.8;91285.2;122511;322831;443020;413112;437536;364181;440301;584490;647819;627550;681337;8.89E+05;637695;7.93E+05;8.47E+05;9.16E+05;9.79E+05;1.01E+06;1.04E+06;1.07E+06;1.10E+06;1.13E+06;1.17E+06;1.21E+06;1.26E+06;1.32E+06;1.37E+06;1.43E+06;1.49E+06;1.56E+06;1.62E+06;1.68E+06;1.74E+06;1.80E+06;1.86E+06;1.92E+06;1.98E+06;2.04E+06;2.10E+06;2.16E+06;2.21E+06;2.25E+06;2.30E+06;2.33E+06;2.37E+06;2.41E+06;2.44E+06;2.49E+06;         ;         ;         ;         ;         ;         ;         ;         ;         ;         ;         ;         ;         ;         ;         
Tests in females aged 50+;Mean;0.0031015;0.0708583;0.316728;0.982493;2.67926;6.72976;4931.55;9684.36;14203.4;18487.3;22583;26564.1;30739.1;34955;38964.8;42739.8;45846.8;48083.8;48340.7;50220.2;63239.9;69073.5;80861.8;109277;285205;384299;358902;381138;318372;387050;510826;564925;547888;594699;772238;543349;665827;693993;737071;778623;794102;807416;818740;829007;839326;850917;864907;882124;902756;926428;952428;981588;1.01E+06;1.04E+06;1.08E+06;1.11E+06;1.15E+06;1.18E+06;1.22E+06;1.26E+06;1.30E+06;1.34E+06;1.38E+06;1.41E+06;1.45E+06;1.48E+06;1.51E+06;1.54E+06;1.56E+06;1.59E+06;1.63E+06;         ;         ;         ;         ;         ;         ;         ;         ;         ;         ;         ;         ;         ;         ;         
;95% LL;0.00116686;0.024845;0.123255;0.439419;1.37476;3.87847;4922.09;9663.85;14169.6;18440.9;22526.3;26509.3;30694.8;34911;38904.6;42642.4;45706.8;47901;48113.4;49920.1;62601.1;68051.6;79737.2;108168;283890;382408;356555;378308;315514;383857;506243;559409;542216;588136;762954;536474;657263;684638;725996;765835;780090;792459;802698;811971;821386;832157;845418;862015;882167;905527;931405;960640;991431;1.02E+06;1.06E+06;1.09E+06;1.13E+06;1.16E+06;1.20E+06;1.23E+06;1.27E+06;1.31E+06;1.35E+06;1.39E+06;1.42E+06;1.45E+06;1.48E+06;1.51E+06;1.54E+06;1.57E+06;1.61E+06;         ;         ;         ;         ;         ;         ;         ;         ;         ;         ;         ;         ;         ;         ;         
;95% UL;0.0048066;0.109215;0.49277;1.53599;4.16369;10.2235;4939.25;9700.09;14230.5;18524.5;22628.1;26612.4;30775.5;34985.5;39008.8;42818.6;45965;48234.8;48533.2;50488.6;63802.2;69947;81963.3;110495;286434;385834;360822;383631;320917;390685;516033;571191;554461;601992;7.82E+05;550620;674739;7.04E+05;7.48E+05;7.91E+05;8.08E+05;8.22E+05;8.34E+05;8.44E+05;8.55E+05;8.67E+05;882024;899588;921045;945078;971016;1.00E+06;1.03E+06;1.06E+06;1.10E+06;1.13E+06;1.17E+06;1.20E+06;1.24E+06;1.28E+06;1.32E+06;1.36E+06;1.40E+06;1.43E+06;1.47E+06;1.50E+06;1.53E+06;1.56E+06;1.59E+06;1.62E+06;1.65E+06;         ;         ;         ;         ;         ;         ;         ;         ;         ;         ;         ;         ;         ;         ;         
% of adults diagnosed;Mean;         ;0.00220876;0.00373525;0.00432034;0.00441914;0.00445719;0.00472255;0.00944237;0.0178828;0.0296913;0.0445011;0.0618834;0.0813651;0.102813;0.125786;0.150003;0.17531;0.202069;0.230238;0.260546;0.295482;0.352343;0.419012;0.486339;0.549171;0.649363;0.735113;0.78859;0.824907;0.843987;0.863574;0.884594;0.901127;0.912948;0.923391;0.935446;0.93788;0.943858;0.949078;0.953834;0.957928;0.961027;0.963506;0.965599;0.967321;0.968779;0.970045;0.97117;0.972193;0.973139;0.974029;0.974879;0.97569;0.976453;0.977165;0.977824;0.978436;0.979001;0.979523;0.980004;0.980447;0.980854;0.98123;0.981577;0.981898;0.982195;0.98247;0.982725;0.98296;0.983178;0.983379;         ;         ;         ;         ;         ;         ;         ;         ;         ;         ;         ;         ;         ;         ;         
;95% LL;         ;0.00208619;0.00307074;0.00307261;0.00286072;0.0027919;0.00342106;0.00779257;0.015698;0.0270516;0.0412879;0.0581516;0.0767713;0.097825;0.120839;0.145164;0.170336;0.196764;0.224647;0.254692;0.289344;0.345839;0.412191;0.479393;0.542365;0.643328;0.73005;0.784203;0.821038;0.840443;0.860377;0.881775;0.898613;0.910566;0.921103;0.933201;0.935552;0.941665;0.947082;0.952053;0.956364;0.959745;0.962273;0.964363;0.966071;0.96751;0.968745;0.96984;0.970833;0.971752;0.972616;0.973445;0.974245;0.975001;0.975706;0.97636;0.976965;0.977523;0.978037;0.978508;0.978938;0.979332;0.979692;0.980021;0.980322;0.980597;0.980849;0.981078;0.981287;0.981477;0.981649;         ;         ;         ;         ;         ;         ;         ;         ;         ;         ;         ;         ;         ;         ;         
;95% UL;         ;0.00225681;0.00403155;0.00497602;0.0053274;0.00544486;0.00561775;0.0103539;0.0194041;0.0321462;0.0482829;0.0665825;0.086565;0.108167;0.131456;0.155833;0.181184;0.207928;0.23596;0.266017;0.300776;0.357821;0.424552;0.492087;0.554771;0.654475;0.739607;0.792435;0.82829;0.847231;0.866667;0.887509;0.903821;0.915536;0.925875;0.937779;0.940302;0.946172;0.951187;0.955709;0.959583;0.962468;0.964806;0.966785;0.968428;0.969842;0.971075;0.972152;0.973143;0.97407;0.97496;0.97579;0.976597;0.977358;0.978072;0.978738;0.979356;0.979927;0.980455;0.980942;0.981399;0.981838;0.982248;0.982631;0.982989;0.983326;0.983642;0.983938;0.984216;0.984477;0.984722;         ;         ;         ;         ;         ;         ;         ;         ;         ;         ;         ;         ;         ;         ;         
False negative proportion;Mean;0.0545123;0.0932214;0.106499;0.114604;0.115975;0.108582;0.130822;0.118444;0.101349;0.0864736;0.0744813;0.0646838;0.0566747;0.050084;0.0451709;0.041573;0.0394561;0.0386779;0.0403826;0.0392947;0.0352754;0.0353024;0.0364408;0.0376003;0.0339251;0.0342026;0.0368624;0.039396;0.04261;0.0425972;0.0427409;0.045225;0.0479025;0.0495874;5.15E-02;0.0562422;0.0571788;6.05E-02;6.38E-02;6.75E-02;7.15E-02;7.49E-02;7.76E-02;7.95E-02;8.03E-02;8.05E-02;0.0802795;0.0797628;0.0790464;0.0781712;0.0771457;0.0760346;0.074945;0.0739216;0.0729648;0.0720599;0.0712061;0.0704082;0.0696712;0.0689955;0.0683764;0.0678091;0.06729;0.0668173;0.0663904;0.0660092;0.0656716;0.0653749;0.0651161;0.064893;0.0647021;         ;         ;         ;         ;         ;         ;         ;         ;         ;         ;         ;         ;         ;         ;         
;95% LL;0.0514057;0.0837628;0.0905278;0.0955579;0.09763;0.0945868;0.118026;0.10413;0.0872945;0.0755844;0.0668649;0.0591871;0.0522914;0.0465325;0.04219;0.0390477;0.0372359;0.0366457;0.0384117;0.037438;0.033666;0.033779;0.0349981;0.0362742;0.0328893;0.0333007;0.0358779;0.0383972;0.0415637;0.0415456;0.0416731;0.0440124;0.0464676;0.048013;4.95E-02;0.0540538;0.0548837;5.81E-02;6.14E-02;6.52E-02;6.92E-02;7.27E-02;7.55E-02;7.76E-02;7.85E-02;7.87E-02;0.078552;0.0780337;0.0773302;0.0764504;0.0754141;0.0743201;0.0732618;0.0722431;0.0712952;0.0703827;0.0695339;0.0687286;0.0679973;0.0673085;0.0666841;0.0660901;0.0655505;0.0650549;0.0646063;0.0641946;0.0638285;0.0635024;0.0632138;0.0629608;0.0627428;         ;         ;         ;         ;         ;         ;         ;         ;         ;         ;         ;         ;         ;         ;         
;95% UL;0.0624203;0.123484;0.154809;0.16767;0.161423;0.13818;0.155731;0.135915;0.113562;0.0971288;0.082256;0.0703281;0.0610668;0.0535109;0.0480821;0.044;0.0416187;0.0406296;0.0422829;0.0410956;0.0369068;0.036811;0.0378881;0.038995;0.0349489;0.0351043;0.0378538;0.0405075;0.0438908;0.0439119;0.0440763;0.0466579;0.0494524;0.0511697;5.34E-02;0.0585309;0.0593501;6.28E-02;6.61E-02;6.96E-02;7.38E-02;7.75E-02;8.01E-02;8.22E-02;8.32E-02;8.35E-02;0.0833236;0.0829585;0.0823109;0.0814501;0.0804216;0.0792919;0.0782007;0.0772003;0.0762646;0.0753787;0.0745433;0.0737647;0.0730144;0.0723113;0.0716654;0.0710719;0.0705274;0.0700307;0.0695824;0.0691833;0.0689509;0.0687598;0.0685692;0.0683619;0.0681884;         ;         ;         ;         ;         ;         ;         ;         ;         ;         ;         ;         ;         ;         ;         
;;         ;         ;         ;         ;         ;         ;         ;         ;         ;         ;         ;         ;         ;         ;         ;         ;         ;         ;         ;         ;         ;         ;         ;         ;         ;         ;         ;         ;         ;         ;         ;         ;         ;         ;         ;         ;         ;         ;         ;         ;         ;         ;         ;         ;         ;         ;         ;         ;         ;         ;         ;         ;         ;         ;         ;         ;         ;         ;         ;         ;         ;         ;         ;         ;         ;         ;         ;         ;         ;         ;         ;         ;         ;         ;         ;         ;         ;         ;         ;         ;         ;         ;         ;         ;         ;         
Other outputs;;         ;         ;         ;         ;         ;         ;         ;         ;         ;         ;         ;         ;         ;         ;         ;         ;         ;         ;         ;         ;         ;         ;         ;         ;         ;         ;         ;         ;         ;         ;         ;         ;         ;         ;         ;         ;         ;         ;         ;         ;         ;         ;         ;         ;         ;         ;         ;         ;         ;         ;         ;         ;         ;         ;         ;         ;         ;         ;         ;         ;         ;         ;         ;         ;         ;         ;         ;         ;         ;         ;         ;         ;         ;         ;         ;         ;         ;         ;         ;         ;         ;         ;         ;         ;         ;         
;;         ;         ;         ;         ;         ;         ;         ;         ;         ;         ;         ;         ;         ;         ;         ;         ;         ;         ;         ;         ;         ;         ;         ;         ;         ;         ;         ;         ;         ;         ;         ;         ;         ;         ;         ;         ;         ;         ;         ;         ;         ;         ;         ;         ;         ;         ;         ;         ;         ;         ;         ;         ;         ;         ;         ;         ;         ;         ;         ;         ;         ;         ;         ;         ;         ;         ;         ;         ;         ;         ;         ;         ;         ;         ;         ;         ;         ;         ;         ;         ;         ;         ;         ;         ;         ;         
Monthly rate of ART initiation at CD4 <200 in men;Mean;         ;         ;         ;         ;         ;         ;         ;         ;         ;         ;         ;         ;         ;         ;         ;0.00339555;0.00329705;0.00323455;0.00319358;0.0114938;0.0144417;0.0175889;0.020753;0.0237971;0.0266822;0.029724;0.0444622;0.0292301;0.0258025;0.0224106;0.0215989;0.0216582;0.0206041;0.019282;0.020481;         ;         ;         ;         ;         ;         ;         ;         ;         ;         ;         ;         ;         ;         ;         ;         ;         ;         ;         ;         ;         ;         ;         ;         ;         ;         ;         ;         ;         ;         ;         ;         ;         ;         ;         ;         ;         ;         ;         ;         ;         ;         ;         ;         ;         ;         ;         ;         ;         ;         ;         
;95% LL;         ;         ;         ;         ;         ;         ;         ;         ;         ;         ;         ;         ;         ;         ;         ;0.00288263;0.00286774;0.0028747;0.00286398;0.0102883;0.0128913;0.0156803;0.0184958;0.021211;0.0238027;0.0264937;0.0400837;0.0259237;0.0225319;0.0195827;0.0188009;0.018958;0.0178268;0.0164274;0.017108;         ;         ;         ;         ;         ;         ;         ;         ;         ;         ;         ;         ;         ;         ;         ;         ;         ;         ;         ;         ;         ;         ;         ;         ;         ;         ;         ;         ;         ;         ;         ;         ;         ;         ;         ;         ;         ;         ;         ;         ;         ;         ;         ;         ;         ;         ;         ;         ;         ;         ;         
;95% UL;         ;         ;         ;         ;         ;         ;         ;         ;         ;         ;         ;         ;         ;         ;         ;0.00407683;0.00390954;0.00377363;0.00364241;0.0129119;0.016014;0.0194145;0.0228629;0.0261924;0.0294129;0.03332;0.0497436;0.0332906;0.0298238;0.0255866;0.0245682;0.0244527;0.0234119;0.0221246;0.0238145;         ;         ;         ;         ;         ;         ;         ;         ;         ;         ;         ;         ;         ;         ;         ;         ;         ;         ;         ;         ;         ;         ;         ;         ;         ;         ;         ;         ;         ;         ;         ;         ;         ;         ;         ;         ;         ;         ;         ;         ;         ;         ;         ;         ;         ;         ;         ;         ;         ;         ;         
Monthly rate of ART initiation at CD4 <200 in women;Mean;         ;         ;         ;         ;         ;         ;         ;         ;         ;         ;         ;         ;         ;         ;         ;0.00563545;0.00546978;0.00533967;0.00525016;0.0185885;0.0238476;0.0295083;0.0353919;0.0412784;0.0473439;0.0535836;0.0782336;0.0530712;0.0489507;0.0415288;0.0395345;0.0385161;0.0361342;0.0337839;0.0360284;         ;         ;         ;         ;         ;         ;         ;         ;         ;         ;         ;         ;         ;         ;         ;         ;         ;         ;         ;         ;         ;         ;         ;         ;         ;         ;         ;         ;         ;         ;         ;         ;         ;         ;         ;         ;         ;         ;         ;         ;         ;         ;         ;         ;         ;         ;         ;         ;         ;         ;         
;95% LL;         ;         ;         ;         ;         ;         ;         ;         ;         ;         ;         ;         ;         ;         ;         ;0.00480804;0.00471212;0.00471787;0.00471582;0.0168212;0.0216931;0.0269671;0.0322511;0.0374522;0.0426396;0.0482699;0.0714042;0.0477116;0.0432225;0.0374722;0.0355976;0.034845;0.0322379;0.029514;0.0304126;         ;         ;         ;         ;         ;         ;         ;         ;         ;         ;         ;         ;         ;         ;         ;         ;         ;         ;         ;         ;         ;         ;         ;         ;         ;         ;         ;         ;         ;         ;         ;         ;         ;         ;         ;         ;         ;         ;         ;         ;         ;         ;         ;         ;         ;         ;         ;         ;         ;         ;         
;95% UL;         ;         ;         ;         ;         ;         ;         ;         ;         ;         ;         ;         ;         ;         ;         ;0.00647343;0.00621518;0.00599355;0.0058205;0.0205319;0.0262835;0.0324735;0.0389374;0.0454344;0.0520229;0.0592367;0.0857983;0.0599577;0.0569191;0.0467264;0.0441839;0.0424539;0.0405414;0.0388995;0.0425738;         ;         ;         ;         ;         ;         ;         ;         ;         ;         ;         ;         ;         ;         ;         ;         ;         ;         ;         ;         ;         ;         ;         ;         ;         ;         ;         ;         ;         ;         ;         ;         ;         ;         ;         ;         ;         ;         ;         ;         ;         ;         ;         ;         ;         ;         ;         ;         ;         ;         ;         
Monthly rate of ART initiation in advanced HIV in children;Mean;         ;         ;         ;         ;         ;         ;         ;         ;         ;         ;         ;         ;         ;         ;         ;0.00170027;0.00168546;0.00167634;0.00165922;0.0100236;0.0131329;0.0176773;0.0226906;0.0300137;0.0380564;0.0962064;0.0771047;0.105833;0.0940739;0.0954232;0.0899818;0.0325323;0.0304721;0.0300444;0.0299609;         ;         ;         ;         ;         ;         ;         ;         ;         ;         ;         ;         ;         ;         ;         ;         ;         ;         ;         ;         ;         ;         ;         ;         ;         ;         ;         ;         ;         ;         ;         ;         ;         ;         ;         ;         ;         ;         ;         ;         ;         ;         ;         ;         ;         ;         ;         ;         ;         ;         ;         
;95% LL;         ;         ;         ;         ;         ;         ;         ;         ;         ;         ;         ;         ;         ;         ;         ;0.00153693;0.00154156;0.00154814;0.00154615;0.0093752;0.0123414;0.0166376;0.021431;0.0282138;0.0359538;0.0893493;0.0700676;0.0966252;0.0861004;0.088096;0.0843124;0.0307046;0.0286509;0.0279988;0.0276267;         ;         ;         ;         ;         ;         ;         ;         ;         ;         ;         ;         ;         ;         ;         ;         ;         ;         ;         ;         ;         ;         ;         ;         ;         ;         ;         ;         ;         ;         ;         ;         ;         ;         ;         ;         ;         ;         ;         ;         ;         ;         ;         ;         ;         ;         ;         ;         ;         ;         ;         
;95% UL;         ;         ;         ;         ;         ;         ;         ;         ;         ;         ;         ;         ;         ;         ;         ;0.00191198;0.00187268;0.00184424;0.00180878;0.0108575;0.0141185;0.0189721;0.0244176;0.0322949;0.0404633;0.104472;0.0852977;0.11561;0.102254;0.103084;0.0959527;0.034512;0.0324852;0.0322471;0.0325328;         ;         ;         ;         ;         ;         ;         ;         ;         ;         ;         ;         ;         ;         ;         ;         ;         ;         ;         ;         ;         ;         ;         ;         ;         ;         ;         ;         ;         ;         ;         ;         ;         ;         ;         ;         ;         ;         ;         ;         ;         ;         ;         ;         ;         ;         ;         ;         ;         ;         ;         
Adults who have stopped ART;Mean;         ;         ;         ;         ;         ;         ;         ;         ;         ;         ;         ;         ;         ;         ;         ;         ;586.306;1943.71;3911.2;6459.46;11803.5;23397.6;41724.9;66776.6;96874.1;133708;180244;223497;333716;410020;496367;579715;664658;7.57E+05;8.41E+05;8.91E+05;8.98E+05;9.12E+05;9.22E+05;9.27E+05;9.26E+05;9.21E+05;9.13E+05;9.01E+05;9.11E+05;9.19E+05;923475;926245;927340;927021;925438;922706;918918;914150;908461;901891;894507;886352;877465;867886;857657;846790;835295;823189;810495;797241;783439;769112;754279;738963;723191;         ;         ;         ;         ;         ;         ;         ;         ;         ;         ;         ;         ;         ;         ;         
;95% LL;         ;         ;         ;         ;         ;         ;         ;         ;         ;         ;         ;         ;         ;         ;         ;         ;580.555;1928.52;3884.59;6419.2;11710.5;23155.9;41176.3;65703.1;95037.9;130998;176742;218950;326981;398806;485668;567938;651239;7.39E+05;8.17E+05;8.60E+05;8.66E+05;8.83E+05;8.95E+05;9.01E+05;9.02E+05;8.99E+05;8.92E+05;8.82E+05;8.92E+05;8.98E+05;901716;903808;904578;903987;902026;898966;894896;889889;883999;877263;869746;861487;852522;842859;832530;821598;810071;797968;785430;772331;758407;744204;729524;714372;698719;         ;         ;         ;         ;         ;         ;         ;         ;         ;         ;         ;         ;         ;         ;         
;95% UL;         ;         ;         ;         ;         ;         ;         ;         ;         ;         ;         ;         ;         ;         ;         ;         ;591.211;1956.49;3933.91;6493.84;11903.1;23662.1;42299;67945.7;98887;136906;184907;229376;342278;422311;508497;592531;679679;7.76E+05;8.66E+05;9.24E+05;9.30E+05;9.42E+05;9.51E+05;9.55E+05;9.53E+05;9.47E+05;9.36E+05;9.22E+05;9.34E+05;9.42E+05;948048;951328;952787;952734;951349;948761;945512;940876;934983;928417;921295;913530;905172;895551;885209;874470;863077;850993;837715;824424;810773;796591;782171;766308;750420;         ;         ;         ;         ;         ;         ;         ;         ;         ;         ;         ;         ;         ;         ;         
Children who have stopped ART;Mean;         ;         ;         ;         ;         ;         ;         ;         ;         ;         ;         ;         ;         ;         ;         ;         ;70.9784;217.014;417.975;677.51;1507.29;3342.28;5899.94;9050.2;12946.4;18070.2;24580.1;28858.9;33896.1;36814.6;38961.9;40425.3;40843.7;40512;39537.3;37074.7;33102.5;28883.8;24776.2;21179.3;18592.1;16752.2;15273.4;13969.8;12961.7;12182.6;11451.6;10854;10304.6;9776.03;9278.19;8819;8390.03;7988.38;7609;7246.93;6899.39;6565.64;6245.45;5934.87;5632.68;5338.72;5053.04;4775.8;4507.64;4249.35;4001.77;3765.46;3540.76;3327.88;3126.96;         ;         ;         ;         ;         ;         ;         ;         ;         ;         ;         ;         ;         ;         ;         
;95% LL;         ;         ;         ;         ;         ;         ;         ;         ;         ;         ;         ;         ;         ;         ;         ;         ;68.2249;208.454;401.842;652.458;1460.83;3254.92;5763.51;8850.83;12657.2;17692.9;24082.5;28309.2;33138.5;35865.4;37906.8;39294.6;39701.3;39271.6;38216.5;35622.7;31757.9;27716;23749.7;20291.8;17809.8;16012.4;14564.1;13294;12287.5;11515.6;10800.7;10222.7;9694.14;9182.46;8731.16;8318.81;7913.49;7529.43;7173.98;6818.95;6483.21;6156.81;5845.72;5543.48;5250.26;4965.91;4693.69;4425.66;4168.9;3923.43;3688.88;3464.71;3248.41;3045.9;2857.76;         ;         ;         ;         ;         ;         ;         ;         ;         ;         ;         ;         ;         ;         ;         
;95% UL;         ;         ;         ;         ;         ;         ;         ;         ;         ;         ;         ;         ;         ;         ;         ;         ;73.4663;224.762;432.546;699.897;1545.98;3417.18;6018.63;9211.31;13165.9;18377;25013.1;29434.2;34668.7;37782.1;40016.5;41638.6;42110.5;41873.1;41042.9;38604.3;34470.1;30043;25754.7;22035.2;19380.8;17501.1;15989.1;14664.2;13651.4;12868.9;12129.2;11522.6;10937.8;10402.7;9924.33;9482.65;9068.31;8678.8;8309.12;7954.24;7611.22;7279.25;6958.12;6643.71;6334.78;6031.34;5733.62;5442.03;5157.52;4881.27;4614.52;4358.24;4113.12;3879.72;3658.44;         ;         ;         ;         ;         ;         ;         ;         ;         ;         ;         ;         ;         ;         ;         
% of adults on ART;Mean;         ;         ;         ;         ;         ;         ;         ;         ;         ;         ;         ;         ;         ;         ;         ;         ;0.00209869;0.00414688;0.00636675;0.0088834;0.0217021;0.04148;0.0695479;0.10476;0.143628;0.193937;0.255857;0.348713;0.408189;0.448351;0.488348;0.533174;0.586534;0.624925;0.652018;0.680608;0.709784;0.734696;0.757158;0.776106;0.79248;0.806049;0.81741;0.8271;0.831756;0.835327;0.83825;0.84077;0.843026;0.845097;0.847038;0.848884;0.850649;0.852329;0.853918;0.855416;0.85682;0.858134;0.859359;0.860498;0.861554;0.862534;0.863446;0.864295;0.865087;0.865827;0.866518;0.867166;0.867773;0.868343;0.868878;         ;         ;         ;         ;         ;         ;         ;         ;         ;         ;         ;         ;         ;         ;         
;95% LL;         ;         ;         ;         ;         ;         ;         ;         ;         ;         ;         ;         ;         ;         ;         ;         ;0.00198092;0.00394252;0.00609109;0.00854647;0.0209788;0.0402795;0.0676166;0.10184;0.139918;0.189171;0.249742;0.340902;0.398785;0.437405;0.476371;0.520088;0.572025;0.608599;0.633796;0.660965;0.691645;0.719452;0.744964;0.766697;0.785464;0.80091;0.813825;0.824885;0.829911;0.833455;0.836338;0.83881;0.841016;0.843038;0.844934;0.846757;0.848525;0.850213;0.851813;0.853325;0.854747;0.856078;0.85729;0.858368;0.859365;0.860287;0.861142;0.861936;0.862692;0.863405;0.864069;0.864686;0.865261;0.865796;0.866294;         ;         ;         ;         ;         ;         ;         ;         ;         ;         ;         ;         ;         ;         ;         
;95% UL;         ;         ;         ;         ;         ;         ;         ;         ;         ;         ;         ;         ;         ;         ;         ;         ;0.00222107;0.0043584;0.00665029;0.00922718;0.0224224;0.0426751;0.0713;0.107077;0.146437;0.197565;0.26062;0.355305;0.416397;0.458043;0.499075;0.545156;0.599714;0.639435;0.6679;0.698136;0.726175;0.748589;0.768497;0.784794;0.799091;0.811037;0.821013;0.829368;0.833673;0.837099;0.839767;0.842203;0.844364;0.846443;0.848395;0.850229;0.852002;0.85369;0.855294;0.856815;0.858253;0.859579;0.860835;0.862;0.863087;0.864104;0.86503;0.865902;0.86672;0.867485;0.868201;0.868874;0.869494;0.870097;0.87066;         ;         ;         ;         ;         ;         ;         ;         ;         ;         ;         ;         ;         ;         ;         
HIV incidence in children as % of births;Mean;7.37E-05;1.47E-04;0.000308097;0.000690313;0.00158006;0.00346631;0.0068186;0.011782;0.0180591;0.0252865;0.033098;0.041094;0.0495982;0.0569148;0.0629116;0.068597;0.0723552;0.0743206;0.0729529;0.0695447;0.0653919;0.0590112;0.0507465;0.0400798;0.0298091;0.022674;0.0188388;0.0169209;0.0156614;0.0134028;0.0118245;0.0103589;0.00939818;0.00863837;0.00803972;0.00743966;0.00684418;0.00634285;0.00589154;0.00550678;0.00517323;0.00487682;0.0046017;0.00436253;0.00414973;0.0039478;0.00375351;0.00356537;0.00338373;0.00320719;0.00303432;0.00286583;0.00270401;0.00254971;0.00240285;0.00226301;0.00213004;0.00200395;0.00188487;0.00177278;0.0016676;0.00156916;0.00147724;0.00139161;0.00131197;0.00123807;0.00116959;0.00110615;0.00104737;0.000992929;0.000942512;         ;         ;         ;         ;         ;         ;         ;         ;         ;         ;         ;         ;         ;         ;         
;95% LL;2.35E-05;5.12E-05;0.000125184;0.000337504;0.000897139;0.00224803;0.00481469;0.00906343;0.0149271;0.0215381;0.0288553;0.0365413;0.0449312;0.0528513;0.0589424;0.0647896;0.0687201;0.0709481;0.0701387;0.0670296;0.063054;0.0569319;0.0490806;0.0387819;0.0289416;0.0220288;0.0182674;0.0163688;0.0151074;0.0129076;0.0113535;0.00990821;0.00895785;0.00819198;0.00758438;0.00698891;0.00642394;0.00595791;0.00553789;0.00519157;0.00489523;0.00462844;0.00436992;0.00413574;0.00393064;0.00373348;0.0035453;0.00335904;0.00318302;0.00301005;0.00284432;0.00268494;0.00252553;0.00237603;0.00223292;0.00209704;0.00196936;0.00184998;0.00173696;0.00163004;0.00152969;0.00143516;0.00134734;0.00126561;0.00119183;0.0011222;0.00105739;0.000997402;0.000941861;0.000891252;0.000844993;         ;         ;         ;         ;         ;         ;         ;         ;         ;         ;         ;         ;         ;         ;         
;95% UL;1.10E-04;0.000220809;0.000468616;0.00105196;0.00236131;0.00494043;0.00938413;0.0150153;0.0215537;0.0290844;0.0370858;0.0450583;0.0534943;0.0606454;0.0663603;0.0717131;0.0753854;0.0772445;0.0755938;0.0720615;0.0677274;0.061076;0.0524654;0.0413639;0.0307448;0.0233726;0.0194304;0.0174839;0.016226;0.0139159;0.0123059;0.0108165;0.00985876;0.00911093;0.00851659;0.00791591;0.00727371;0.00672897;0.00625233;0.00583863;0.0054845;0.00518988;0.00492194;0.00469063;0.00448583;0.00429074;0.00410173;0.00391717;0.00373747;0.00356104;0.00338627;0.00321393;0.00304671;0.00288576;0.00273119;0.00258276;0.00244053;0.00230473;0.00217571;0.00205363;0.00193854;0.00183041;0.00172911;0.00163445;0.00154624;0.00146423;0.00138814;0.00131761;0.00125224;0.00119169;0.00113564;         ;         ;         ;         ;         ;         ;         ;         ;         ;         ;         ;         ;         ;         ;         
% of HIV-positive adults interrupting ART;Mean;         ;         ;         ;         ;         ;         ;         ;         ;         ;         ;         ;         ;         ;         ;         ;         ;0.000163831;0.000498332;0.000935141;0.00145964;0.00254895;0.00486188;0.00834167;0.0128602;0.0179807;0.0239355;0.0311138;0.037158;0.0534239;0.0632711;0.0739973;0.0836923;0.0932007;0.103427;0.112244;0.116515;0.115346;0.115338;0.114798;0.113809;0.112354;0.110552;0.108464;0.106193;0.106663;0.106882;0.106935;0.106876;0.10675;0.106585;0.106397;0.106196;0.105991;0.105786;0.105582;0.105381;0.105184;0.104994;0.104811;0.104636;0.10447;0.104311;0.104157;0.104006;0.103859;0.103716;0.103574;0.103434;0.103295;0.103156;0.103018;         ;         ;         ;         ;         ;         ;         ;         ;         ;         ;         ;         ;         ;         ;         
;95% LL;         ;         ;         ;         ;         ;         ;         ;         ;         ;         ;         ;         ;         ;         ;         ;         ;0.000154582;0.000475156;0.000897563;0.00140835;0.00248509;0.00475711;0.00819646;0.0126508;0.0176782;0.02346;0.030446;0.0364363;0.0525539;0.0622086;0.0731177;0.0829078;0.0925611;0.102662;0.111139;0.114725;0.113623;0.114026;0.113785;0.113027;0.111815;0.110074;0.108075;0.105723;0.106216;0.106452;0.106504;0.106442;0.106314;0.106145;0.105954;0.10575;0.105542;0.105334;0.105126;0.10492;0.10472;0.104525;0.104338;0.104153;0.103978;0.10381;0.103648;0.103489;0.103334;0.103183;0.103034;0.102888;0.102742;0.102596;0.102451;         ;         ;         ;         ;         ;         ;         ;         ;         ;         ;         ;         ;         ;         ;         
;95% UL;         ;         ;         ;         ;         ;         ;         ;         ;         ;         ;         ;         ;         ;         ;         ;         ;0.000173613;0.000522971;0.000974251;0.00151131;0.00261051;0.00494964;0.00845956;0.0130578;0.0182741;0.0243462;0.0317266;0.0378141;0.0542726;0.0644119;0.0749605;0.08452;0.0938892;0.104152;0.113256;0.118199;0.116907;0.116495;0.115723;0.114566;0.112966;0.111002;0.108779;0.106685;0.107086;0.107258;0.107299;0.10725;0.107145;0.106999;0.106828;0.106645;0.106458;0.10627;0.106085;0.105901;0.105723;0.105551;0.105385;0.105227;0.105077;0.104934;0.104795;0.104659;0.104525;0.104394;0.104265;0.104137;0.104009;0.10388;0.10375;         ;         ;         ;         ;         ;         ;         ;         ;         ;         ;         ;         ;         ;         ;         
% of HIV-positive children interrupting ART;Mean;         ;         ;         ;         ;         ;         ;         ;         ;         ;         ;         ;         ;         ;         ;         ;         ;0.000349278;0.000936053;0.00161416;0.00238755;0.00490857;0.0101847;0.0170115;0.0250645;0.0352337;0.0490881;0.0669702;0.0793833;0.0946258;0.104947;0.11488;0.124419;0.132576;0.139911;0.146404;0.149319;0.146511;0.14179;0.136048;0.130388;0.126427;0.124199;0.123353;0.123342;0.125125;0.126808;0.127956;0.128969;0.129702;0.130149;0.130388;0.130529;0.130626;0.130729;0.130848;0.130984;0.131136;0.131307;0.131501;0.131697;0.131882;0.132049;0.132191;0.132299;0.132369;0.132397;0.132383;0.132327;0.132229;0.13209;0.131912;         ;         ;         ;         ;         ;         ;         ;         ;         ;         ;         ;         ;         ;         ;         
;95% LL;         ;         ;         ;         ;         ;         ;         ;         ;         ;         ;         ;         ;         ;         ;         ;         ;0.000335051;0.000907991;0.00157478;0.00233733;0.00480259;0.00998324;0.0167064;0.0246377;0.0347287;0.0485378;0.0663089;0.0786689;0.0938601;0.103902;0.113868;0.12332;0.131373;0.138557;0.144735;0.147167;0.144433;0.140244;0.13474;0.129309;0.1256;0.123457;0.122637;0.12271;0.124471;0.126135;0.127271;0.128269;0.128966;0.129389;0.129596;0.129712;0.129798;0.129916;0.130028;0.130155;0.130277;0.130423;0.130596;0.130794;0.131002;0.131208;0.131365;0.131434;0.13146;0.13144;0.131373;0.131262;0.131105;0.130905;0.130665;         ;         ;         ;         ;         ;         ;         ;         ;         ;         ;         ;         ;         ;         ;         
;95% UL;         ;         ;         ;         ;         ;         ;         ;         ;         ;         ;         ;         ;         ;         ;         ;         ;0.000367284;0.000974843;0.00166859;0.00245415;0.00503944;0.0104147;0.0173414;0.0255071;0.0357662;0.0497262;0.0676828;0.0801236;0.0954646;0.105959;0.115836;0.125435;0.133692;0.141205;0.148;0.151425;0.148478;0.143218;0.137155;0.131165;0.127012;0.124712;0.123848;0.123835;0.125583;0.127268;0.128446;0.129483;0.130244;0.130709;0.130953;0.131085;0.131204;0.131316;0.131463;0.131593;0.131734;0.131918;0.13211;0.132307;0.132504;0.132691;0.132848;0.132983;0.133063;0.133109;0.133109;0.133051;0.132959;0.132846;0.132693;         ;         ;         ;         ;         ;         ;         ;         ;         ;         ;         ;         ;         ;         ;         
Births to mothers who were on ART at conception;Mean;         ;         ;         ;         ;         ;         ;         ;         ;         ;         ;         ;         ;         ;         ;         ;279.248;875.972;1551.84;2404.38;5384.88;11450.9;20370;32087.8;44724.5;58439.2;76481.7;102777;127882;144363;155987;169545;184403;196438;204301;209464;213523;217493;219367;219062;216836;213011;207907;201938;194563;186711;178820;171090;163627;156426;149481;142754;136174;129661;123177;116708;110259;103848;97509;91285;85232;79409.3;73863.4;68628.9;63724.7;59159.7;54935.8;51039.7;47452.8;44164.9;41164.1;38434.3;         ;         ;         ;         ;         ;         ;         ;         ;         ;         ;         ;         ;         ;         ;         
;95% LL;         ;         ;         ;         ;         ;         ;         ;         ;         ;         ;         ;         ;         ;         ;         ;264.819;831.714;1473.79;2284.33;5120.76;10891.9;19376.5;30566.2;42629.2;55718;72929.8;98108.6;122163;137891;148941;161827;176027;187500;194778;199388;203789;207424;208740;207536;204470;200696;195578;189425;182017;174323;166482;158937;151689;144700;137972;131471;125264;119006;112821;106698;100639;94659;88782.8;83043.7;77444.5;72100.1;66992;62184.5;57690.7;53515.6;49614.4;45986.5;42650.4;39595.7;36866.2;34367.5;         ;         ;         ;         ;         ;         ;         ;         ;         ;         ;         ;         ;         ;         ;         
;95% UL;         ;         ;         ;         ;         ;         ;         ;         ;         ;         ;         ;         ;         ;         ;         ;294.247;924.467;1639.77;2542.27;5688.21;12077.2;21489.8;33823.7;47101.5;61482.3;80372.8;107792;133859;150880;162972;177337;192685;205432;213943;219724;223462;227867;231098;231972;230693;227573;222950;217272;209911;201920;193807;185988;178564;171362;164381;157578;150877;144193;137480;130727;123938;117136;110361;103665;97114.3;90747.4;84542;78666.5;73145.7;67993;63222.2;58912.7;54929.9;51266.8;47913.5;44855.3;         ;         ;         ;         ;         ;         ;         ;         ;         ;         ;         ;         ;         ;         ;         
Births to mothers who were ever on ART before conception;Mean;         ;         ;         ;         ;         ;         ;         ;         ;         ;         ;         ;         ;         ;         ;         ;287.936;939.762;1701;2668.26;5814;12331.7;21995.3;34722.8;48465.2;63260.4;82690.4;110273;139423;158899;173242;189541;207150;222498;233365;239748;243004;246442;247584;246327;242970;237895;231463;224140;216053;207469;198798;190271;182010;174015;166285;158781;151429;144149;136899;129669;122466;115313;108248;101318;94585.9;88116.3;81959.6;76152.5;70714.8;65655.7;60976.8;56662.4;52691.6;49052.3;45730.6;42708.4;         ;         ;         ;         ;         ;         ;         ;         ;         ;         ;         ;         ;         ;         ;         
;95% LL;         ;         ;         ;         ;         ;         ;         ;         ;         ;         ;         ;         ;         ;         ;         ;273.106;891.979;1614.83;2533.9;5527.74;11727.7;20943.1;33079.9;46183;60315.4;78895.7;105312;133163;151888;165555;180973;197684;212447;222913;229072;232223;235176;235538;233200;229139;224088;217678;210200;202145;193657;185022;176737;168702;160952;153462;146252;139266;132322;125411;118571;111806;105135;98586.2;92191.4;85941.8;80012.5;74342.6;69009.5;64027.2;59400.2;55055.9;51039.5;47347.2;43966.8;40964.7;38180;         ;         ;         ;         ;         ;         ;         ;         ;         ;         ;         ;         ;         ;         ;         
;95% UL;         ;         ;         ;         ;         ;         ;         ;         ;         ;         ;         ;         ;         ;         ;         ;303.461;991.909;1797.33;2821.06;6137.98;12998.9;23167.2;36562.8;50978.9;66470.8;86762.3;115538;145809;165912;180673;197701;216150;232271;243765;250555;254074;258732;261240;261164;258733;254322;248309;241204;233136;224408;215498;206868;198647;190648;182873;175280;167789;160311;152802;145250;137664;130072;122517;115060;107772;100707;93815.8;87295.8;81172.9;75461.2;70165.8;65390.1;60980.6;56925.9;53214.2;49828.9;         ;         ;         ;         ;         ;         ;         ;         ;         ;         ;         ;         ;         ;         ;         
% of births to HIV+ mothers previously on ART (15-19);Mean;         ;         ;         ;         ;         ;         ;         ;         ;         ;         ;         ;         ;         ;         ;         ;         ;         ;         ;         ;         ;         ;         ;         ;         ;         ;         ;         ;         ;         ;         ;         ;         ;         ;         ;         ;         ;         ;         ;         ;         ;         ;         ;         ;         ;         ;         ;         ;         ;         ;         ;         ;         ;         ;         ;         ;         ;         ;         ;         ;         ;         ;         ;         ;         ;         ;         ;         ;         ;         ;         ;         ;         ;         ;         ;         ;         ;         ;         ;         ;         ;         ;         ;         ;         ;         ;         
;95% LL;         ;         ;         ;         ;         ;         ;         ;         ;         ;         ;         ;         ;         ;         ;         ;         ;         ;         ;         ;         ;         ;         ;         ;         ;         ;         ;         ;         ;         ;         ;         ;         ;         ;         ;         ;         ;         ;         ;         ;         ;         ;         ;         ;         ;         ;         ;         ;         ;         ;         ;         ;         ;         ;         ;         ;         ;         ;         ;         ;         ;         ;         ;         ;         ;         ;         ;         ;         ;         ;         ;         ;         ;         ;         ;         ;         ;         ;         ;         ;         ;         ;         ;         ;         ;         ;         
;95% UL;         ;         ;         ;         ;         ;         ;         ;         ;         ;         ;         ;         ;         ;         ;         ;         ;         ;         ;         ;         ;         ;         ;         ;         ;         ;         ;         ;         ;         ;         ;         ;         ;         ;         ;         ;         ;         ;         ;         ;         ;         ;         ;         ;         ;         ;         ;         ;         ;         ;         ;         ;         ;         ;         ;         ;         ;         ;         ;         ;         ;         ;         ;         ;         ;         ;         ;         ;         ;         ;         ;         ;         ;         ;         ;         ;         ;         ;         ;         ;         ;         ;         ;         ;         ;         ;         
% of births to HIV+ mothers previously on ART (20-24);Mean;         ;         ;         ;         ;         ;         ;         ;         ;         ;         ;         ;         ;         ;         ;         ;         ;         ;         ;         ;         ;         ;         ;         ;         ;         ;         ;         ;         ;         ;         ;         ;         ;         ;         ;         ;         ;         ;         ;         ;         ;         ;         ;         ;         ;         ;         ;         ;         ;         ;         ;         ;         ;         ;         ;         ;         ;         ;         ;         ;         ;         ;         ;         ;         ;         ;         ;         ;         ;         ;         ;         ;         ;         ;         ;         ;         ;         ;         ;         ;         ;         ;         ;         ;         ;         ;         
;95% LL;         ;         ;         ;         ;         ;         ;         ;         ;         ;         ;         ;         ;         ;         ;         ;         ;         ;         ;         ;         ;         ;         ;         ;         ;         ;         ;         ;         ;         ;         ;         ;         ;         ;         ;         ;         ;         ;         ;         ;         ;         ;         ;         ;         ;         ;         ;         ;         ;         ;         ;         ;         ;         ;         ;         ;         ;         ;         ;         ;         ;         ;         ;         ;         ;         ;         ;         ;         ;         ;         ;         ;         ;         ;         ;         ;         ;         ;         ;         ;         ;         ;         ;         ;         ;         ;         
;95% UL;         ;         ;         ;         ;         ;         ;         ;         ;         ;         ;         ;         ;         ;         ;         ;         ;         ;         ;         ;         ;         ;         ;         ;         ;         ;         ;         ;         ;         ;         ;         ;         ;         ;         ;         ;         ;         ;         ;         ;         ;         ;         ;         ;         ;         ;         ;         ;         ;         ;         ;         ;         ;         ;         ;         ;         ;         ;         ;         ;         ;         ;         ;         ;         ;         ;         ;         ;         ;         ;         ;         ;         ;         ;         ;         ;         ;         ;         ;         ;         ;         ;         ;         ;         ;         ;         
% of births to HIV+ mothers previously on ART (25-29);Mean;         ;         ;         ;         ;         ;         ;         ;         ;         ;         ;         ;         ;         ;         ;         ;         ;         ;         ;         ;         ;         ;         ;         ;         ;         ;         ;         ;         ;         ;         ;         ;         ;         ;         ;         ;         ;         ;         ;         ;         ;         ;         ;         ;         ;         ;         ;         ;         ;         ;         ;         ;         ;         ;         ;         ;         ;         ;         ;         ;         ;         ;         ;         ;         ;         ;         ;         ;         ;         ;         ;         ;         ;         ;         ;         ;         ;         ;         ;         ;         ;         ;         ;         ;         ;         ;         
;95% LL;         ;         ;         ;         ;         ;         ;         ;         ;         ;         ;         ;         ;         ;         ;         ;         ;         ;         ;         ;         ;         ;         ;         ;         ;         ;         ;         ;         ;         ;         ;         ;         ;         ;         ;         ;         ;         ;         ;         ;         ;         ;         ;         ;         ;         ;         ;         ;         ;         ;         ;         ;         ;         ;         ;         ;         ;         ;         ;         ;         ;         ;         ;         ;         ;         ;         ;         ;         ;         ;         ;         ;         ;         ;         ;         ;         ;         ;         ;         ;         ;         ;         ;         ;         ;         ;         
;95% UL;         ;         ;         ;         ;         ;         ;         ;         ;         ;         ;         ;         ;         ;         ;         ;         ;         ;         ;         ;         ;         ;         ;         ;         ;         ;         ;         ;         ;         ;         ;         ;         ;         ;         ;         ;         ;         ;         ;         ;         ;         ;         ;         ;         ;         ;         ;         ;         ;         ;         ;         ;         ;         ;         ;         ;         ;         ;         ;         ;         ;         ;         ;         ;         ;         ;         ;         ;         ;         ;         ;         ;         ;         ;         ;         ;         ;         ;         ;         ;         ;         ;         ;         ;         ;         ;         
% of births to HIV+ mothers previously on ART (30-34);Mean;         ;         ;         ;         ;         ;         ;         ;         ;         ;         ;         ;         ;         ;         ;         ;         ;         ;         ;         ;         ;         ;         ;         ;         ;         ;         ;         ;         ;         ;         ;         ;         ;         ;         ;         ;         ;         ;         ;         ;         ;         ;         ;         ;         ;         ;         ;         ;         ;         ;         ;         ;         ;         ;         ;         ;         ;         ;         ;         ;         ;         ;         ;         ;         ;         ;         ;         ;         ;         ;         ;         ;         ;         ;         ;         ;         ;         ;         ;         ;         ;         ;         ;         ;         ;         ;         
;95% LL;         ;         ;         ;         ;         ;         ;         ;         ;         ;         ;         ;         ;         ;         ;         ;         ;         ;         ;         ;         ;         ;         ;         ;         ;         ;         ;         ;         ;         ;         ;         ;         ;         ;         ;         ;         ;         ;         ;         ;         ;         ;         ;         ;         ;         ;         ;         ;         ;         ;         ;         ;         ;         ;         ;         ;         ;         ;         ;         ;         ;         ;         ;         ;         ;         ;         ;         ;         ;         ;         ;         ;         ;         ;         ;         ;         ;         ;         ;         ;         ;         ;         ;         ;         ;         ;         
;95% UL;         ;         ;         ;         ;         ;         ;         ;         ;         ;         ;         ;         ;         ;         ;         ;         ;         ;         ;         ;         ;         ;         ;         ;         ;         ;         ;         ;         ;         ;         ;         ;         ;         ;         ;         ;         ;         ;         ;         ;         ;         ;         ;         ;         ;         ;         ;         ;         ;         ;         ;         ;         ;         ;         ;         ;         ;         ;         ;         ;         ;         ;         ;         ;         ;         ;         ;         ;         ;         ;         ;         ;         ;         ;         ;         ;         ;         ;         ;         ;         ;         ;         ;         ;         ;         ;         
% of births to HIV+ mothers previously on ART (35-39);Mean;         ;         ;         ;         ;         ;         ;         ;         ;         ;         ;         ;         ;         ;         ;         ;         ;         ;         ;         ;         ;         ;         ;         ;         ;         ;         ;         ;         ;         ;         ;         ;         ;         ;         ;         ;         ;         ;         ;         ;         ;         ;         ;         ;         ;         ;         ;         ;         ;         ;         ;         ;         ;         ;         ;         ;         ;         ;         ;         ;         ;         ;         ;         ;         ;         ;         ;         ;         ;         ;         ;         ;         ;         ;         ;         ;         ;         ;         ;         ;         ;         ;         ;         ;         ;         ;         
;95% LL;         ;         ;         ;         ;         ;         ;         ;         ;         ;         ;         ;         ;         ;         ;         ;         ;         ;         ;         ;         ;         ;         ;         ;         ;         ;         ;         ;         ;         ;         ;         ;         ;         ;         ;         ;         ;         ;         ;         ;         ;         ;         ;         ;         ;         ;         ;         ;         ;         ;         ;         ;         ;         ;         ;         ;         ;         ;         ;         ;         ;         ;         ;         ;         ;         ;         ;         ;         ;         ;         ;         ;         ;         ;         ;         ;         ;         ;         ;         ;         ;         ;         ;         ;         ;         ;         
;95% UL;         ;         ;         ;         ;         ;         ;         ;         ;         ;         ;         ;         ;         ;         ;         ;         ;         ;         ;         ;         ;         ;         ;         ;         ;         ;         ;         ;         ;         ;         ;         ;         ;         ;         ;         ;         ;         ;         ;         ;         ;         ;         ;         ;         ;         ;         ;         ;         ;         ;         ;         ;         ;         ;         ;         ;         ;         ;         ;         ;         ;         ;         ;         ;         ;         ;         ;         ;         ;         ;         ;         ;         ;         ;         ;         ;         ;         ;         ;         ;         ;         ;         ;         ;         ;         ;         
HIV prevalence in MSM aged 15-49;Mean;0.000379941;0.000625891;0.00117385;0.0022021;0.00413082;0.00777683;0.0146197;0.0272421;0.0482014;0.0786274;0.116784;0.158497;0.198773;0.234737;0.264781;0.288474;0.306008;0.318631;0.326694;0.331227;0.333091;0.333256;0.332298;0.330954;0.329569;0.328003;0.326357;0.324174;0.322281;0.320635;0.318918;0.317155;0.314576;0.310057;0.304098;0.297259;0.28992;0.282391;0.274554;0.26642;0.258247;0.250168;0.242216;0.234396;0.226711;0.219132;0.211653;0.204278;0.197069;0.190042;0.183211;0.176576;0.170156;0.163948;0.157947;0.152147;0.146538;0.141117;0.135882;0.130831;0.125969;0.121302;0.116841;0.11258;0.108498;0.10457;0.100766;0.0970626;0.093437;0.08989;0.0864279;         ;         ;         ;         ;         ;         ;         ;         ;         ;         ;         ;         ;         ;         ;         
;95% LL;1.20E-04;0.000196985;0.000360223;0.000658096;0.00123841;0.00242475;0.00498454;0.0106139;0.0221444;0.0406306;0.0687172;0.105238;0.146371;0.187516;0.224961;0.25635;0.281281;0.3004;0.312036;0.319704;0.320191;0.318928;0.316811;0.316445;0.314491;0.312692;0.311082;0.309149;0.307649;0.306506;0.305391;0.304265;0.302059;0.29785;0.292182;0.285654;0.278674;0.271556;0.264169;0.25666;0.249232;0.24191;0.234725;0.227679;0.220544;0.212933;0.206118;0.199462;0.192607;0.185412;0.17837;0.171512;0.164861;0.158415;0.152174;0.146132;0.140285;0.134628;0.129161;0.123885;0.118804;0.113926;0.109262;0.104808;0.100543;0.0964413;0.0924756;0.088621;0.084856;0.0811806;0.0776004;         ;         ;         ;         ;         ;         ;         ;         ;         ;         ;         ;         ;         ;         ;         
;95% UL;0.000579008;0.000964;0.00183586;0.00349148;0.00661729;0.0125066;0.0234399;0.0423767;0.0716951;0.110222;0.153487;0.196201;0.233654;0.264909;0.289537;0.307928;0.32144;0.331661;0.338211;0.342022;0.342832;0.342334;0.341148;0.339724;0.338253;0.3364;0.334493;0.332159;0.330123;0.328528;0.32677;0.32489;0.322117;0.317283;0.311014;0.303808;0.296251;0.288459;0.280354;0.271979;0.263782;0.255518;0.247498;0.239666;0.231769;0.223958;0.216326;0.208843;0.201666;0.19461;0.18793;0.181334;0.174834;0.168817;0.16298;0.157235;0.15171;0.146291;0.141018;0.13613;0.131451;0.126804;0.122535;0.118564;0.114869;0.111314;0.107873;0.104521;0.10124;0.0980287;0.0948901;         ;         ;         ;         ;         ;         ;         ;         ;         ;         ;         ;         ;         ;         ;         
% of males aged 15-24 who are circumcised;Mean;0.255956;0.255794;0.25527;0.254461;0.253562;0.252805;0.252344;0.252954;0.253927;0.255015;0.255921;0.256456;0.255789;0.254862;0.253936;0.2533;0.252956;0.253353;0.254164;0.255244;0.256389;0.257461;0.258544;0.25942;0.260703;0.262219;0.274546;0.307765;0.351978;0.392128;0.448154;0.50424;0.551223;0.598118;0.643263;0.673631;0.685921;0.699449;0.706828;0.708659;0.708161;0.710458;0.712671;0.714678;0.715633;0.715915;0.716575;0.717225;0.71836;0.720464;0.722862;0.723884;0.724602;0.724919;0.724921;0.724675;0.724339;0.72403;0.723894;0.723797;0.723754;0.723809;0.723912;0.723987;0.724027;0.724042;0.724043;0.724046;0.724065;0.724114;0.724198;         ;         ;         ;         ;         ;         ;         ;         ;         ;         ;         ;         ;         ;         ;         
;95% LL;0.255956;0.255794;0.25527;0.254461;0.253562;0.252805;0.252344;0.252954;0.253926;0.255014;0.25592;0.256454;0.255787;0.25486;0.253934;0.253299;0.252955;0.253352;0.254163;0.255239;0.256379;0.257443;0.258516;0.259376;0.260647;0.262147;0.27442;0.307485;0.351525;0.391502;0.447332;0.503206;0.550008;0.59675;0.641786;0.67207;0.684253;0.697726;0.705057;0.706996;0.706646;0.709115;0.711511;0.713723;0.714832;0.715262;0.716078;0.716861;0.718078;0.720268;0.722687;0.723706;0.724425;0.724735;0.724712;0.724434;0.72407;0.723744;0.723604;0.723506;0.723476;0.723558;0.723685;0.72378;0.723837;0.723864;0.723875;0.723886;0.723914;0.723967;0.724057;         ;         ;         ;         ;         ;         ;         ;         ;         ;         ;         ;         ;         ;         ;         
;95% UL;0.255956;0.255794;0.25527;0.254461;0.253562;0.252805;0.252344;0.252954;0.253927;0.255016;0.255922;0.256458;0.255791;0.254864;0.253938;0.253302;0.252958;0.253354;0.254166;0.255249;0.256401;0.257483;0.258579;0.259469;0.260774;0.262304;0.274681;0.30804;0.352447;0.392776;0.449047;0.505375;0.55257;0.599659;0.644958;0.675434;0.687877;0.701466;0.708901;0.710631;0.710016;0.712139;0.714115;0.71584;0.71656;0.71666;0.717149;0.717644;0.71864;0.720661;0.723036;0.724056;0.724784;0.725112;0.725127;0.724904;0.724574;0.724288;0.724157;0.724053;0.723983;0.724008;0.72408;0.724128;0.724143;0.724143;0.724135;0.724129;0.724143;0.724187;0.724269;         ;         ;         ;         ;         ;         ;         ;         ;         ;         ;         ;         ;         ;         ;         
% of males aged 15+ who are circumcised;Mean;0.361973;0.362544;0.362902;0.363072;0.363121;0.36314;0.363193;0.363348;0.363716;0.364214;0.364741;0.365241;0.365293;0.365252;0.365227;0.36532;0.36547;0.366221;0.367176;0.368297;0.369578;0.370974;0.372204;0.373509;0.375145;0.376942;0.383379;0.398163;0.417318;0.434441;0.458387;0.482994;0.504867;0.52871;0.553586;0.573054;0.584501;0.599694;0.613653;0.626489;0.638668;0.651119;0.663102;0.67459;0.685572;0.69609;0.706167;0.715863;0.725188;0.734093;0.742589;0.750699;0.758429;0.765777;0.772766;0.779418;0.785758;0.791811;0.797602;0.803153;0.808483;0.813609;0.818543;0.823298;0.82789;0.83233;0.836628;0.840792;0.84483;0.848747;0.85255;         ;         ;         ;         ;         ;         ;         ;         ;         ;         ;         ;         ;         ;         ;         
;95% LL;0.361973;0.362544;0.362902;0.363072;0.36312;0.363139;0.363191;0.363343;0.363702;0.364185;0.364687;0.365162;0.365174;0.365085;0.365008;0.365049;0.36515;0.365853;0.366768;0.367855;0.369109;0.37049;0.371719;0.373026;0.374669;0.376476;0.382898;0.397611;0.416643;0.433668;0.457475;0.481948;0.503731;0.527452;0.552213;0.571596;0.582993;0.598136;0.612043;0.624909;0.637134;0.649635;0.661676;0.67323;0.684275;0.694854;0.704994;0.714744;0.724123;0.733082;0.741629;0.749789;0.757563;0.764952;0.771962;0.778607;0.784959;0.791054;0.796883;0.80247;0.807834;0.812991;0.817955;0.822739;0.827357;0.831822;0.836133;0.840308;0.844357;0.848286;0.8521;         ;         ;         ;         ;         ;         ;         ;         ;         ;         ;         ;         ;         ;         ;         
;95% UL;0.361973;0.362544;0.362902;0.363072;0.363121;0.36314;0.363196;0.363356;0.363733;0.36425;0.364803;0.365337;0.365423;0.365417;0.365434;0.365565;0.365746;0.366524;0.3675;0.368636;0.369926;0.371329;0.372553;0.37384;0.37548;0.377287;0.383759;0.398618;0.417894;0.435116;0.459192;0.483944;0.505942;0.529924;0.554945;0.574504;0.586027;0.601325;0.615356;0.628139;0.640253;0.652636;0.664544;0.675919;0.686847;0.697293;0.70731;0.716942;0.726206;0.735053;0.743484;0.75155;0.759237;0.766562;0.773523;0.780151;0.786468;0.792498;0.798266;0.803794;0.809101;0.814204;0.819116;0.823849;0.828419;0.832835;0.837109;0.841254;0.845264;0.849151;0.852934;         ;         ;         ;         ;         ;         ;         ;         ;         ;         ;         ;         ;         ;         ;         
Annual probability of MMC among males 10-14;Mean;         ;         ;         ;         ;         ;         ;         ;         ;         ;         ;         ;         ;         ;         ;         ;         ;         ;         ;         ;         ;         ;         ;         ;0.00168399;0.00298246;0.0427757;0.116676;0.15159;0.128836;0.207537;0.229126;0.212699;0.269268;0.316543;0.240365;0.0795426;0.195489;0.20104;0.208;0.208;0.208;0.208;0.208;0.208;0.208;0.208;0.208;0.208;0.208;0.208;0.208;0.208;0.208;0.208;0.208;0.208;0.208;0.208;0.208;0.208;0.208;0.208;0.208;0.208;0.208;0.208;0.208;0.208;0.208;0.208;0.208;         ;         ;         ;         ;         ;         ;         ;         ;         ;         ;         ;         ;         ;         ;         
;95% LL;         ;         ;         ;         ;         ;         ;         ;         ;         ;         ;         ;         ;         ;         ;         ;         ;         ;         ;         ;         ;         ;         ;         ;0.00167512;0.00296622;0.0425351;0.11598;0.15059;0.127891;0.205906;0.227133;0.210674;0.266565;0.313118;0.237523;0.0785885;0.193364;0.198849;0.208;0.208;0.208;0.208;0.208;0.208;0.208;0.208;0.208;0.208;0.208;0.208;0.208;0.208;0.208;0.208;0.208;0.208;0.208;0.208;0.208;0.208;0.208;0.208;0.208;0.208;0.208;0.208;0.208;0.208;0.208;0.208;0.208;         ;         ;         ;         ;         ;         ;         ;         ;         ;         ;         ;         ;         ;         ;         
;95% UL;         ;         ;         ;         ;         ;         ;         ;         ;         ;         ;         ;         ;         ;         ;         ;         ;         ;         ;         ;         ;         ;         ;         ;0.00169355;0.00299958;0.0430231;0.117386;0.152622;0.129834;0.209276;0.231276;0.214959;0.272262;0.320405;0.243688;0.080694;0.19806;0.203713;0.208;0.208;0.208;0.208;0.208;0.208;0.208;0.208;0.208;0.208;0.208;0.208;0.208;0.208;0.208;0.208;0.208;0.208;0.208;0.208;0.208;0.208;0.208;0.208;0.208;0.208;0.208;0.208;0.208;0.208;0.208;0.208;0.208;         ;         ;         ;         ;         ;         ;         ;         ;         ;         ;         ;         ;         ;         ;         
% of children tested at 18 months who are positive;Mean;         ;         ;         ;         ;         ;         ;         ;         ;         ;         ;         ;         ;         ;         ;         ;         ;         ;         ;         ;         ;         ;         ;         ;0.066066;0.0347725;0.0277126;0.0219011;0.0183241;0.0169206;0.0155465;0.01318;0.011854;0.0109462;0.009554;0.00837301;0.00740514;0.00710819;0.00633724;0.00618479;0.00596724;0.00578605;0.00562964;0.00548739;0.00535389;0.00523408;0.00512551;0.00502189;0.00492186;0.00482469;0.00472998;0.00463711;0.00454571;0.00445691;0.00437226;0.00429213;0.0042164;0.00414479;0.00407719;0.00401357;0.00395391;0.00389809;0.00384599;0.00379745;0.00375227;0.0037103;0.00367134;0.00363522;0.00360175;0.00357072;0.00354193;0.0035152;         ;         ;         ;         ;         ;         ;         ;         ;         ;         ;         ;         ;         ;         ;         
;95% LL;         ;         ;         ;         ;         ;         ;         ;         ;         ;         ;         ;         ;         ;         ;         ;         ;         ;         ;         ;         ;         ;         ;         ;0.0642386;0.0338984;0.0270726;0.0213788;0.0178659;0.0164591;0.0151051;0.0128014;0.0115041;0.010606;0.00925042;0.00809484;0.00715625;0.00686063;0.00613789;0.00599688;0.00579599;0.00563083;0.00548999;0.0053573;0.00523086;0.00511472;0.00501159;0.00491009;0.004813;0.0047179;0.00462525;0.00453436;0.00444535;0.00435927;0.00427756;0.00420019;0.0041276;0.00405869;0.00399433;0.00393356;0.00387666;0.00382351;0.00377398;0.00372791;0.00368594;0.00364638;0.0036097;0.00357573;0.00354428;0.00351463;0.00348777;0.00346258;         ;         ;         ;         ;         ;         ;         ;         ;         ;         ;         ;         ;         ;         ;         
;95% UL;         ;         ;         ;         ;         ;         ;         ;         ;         ;         ;         ;         ;         ;         ;         ;         ;         ;         ;         ;         ;         ;         ;         ;0.0678738;0.0356748;0.0284334;0.0224493;0.0188101;0.0173831;0.0159881;0.0135726;0.0122145;0.0113011;0.00988304;0.00866743;0.00766366;0.00736812;0.0065515;0.00638687;0.00615589;0.00596291;0.00578987;0.00564789;0.00552214;0.00540872;0.00530498;0.00520473;0.00510677;0.00501042;0.00491547;0.00482249;0.00472976;0.00463855;0.0045507;0.00446675;0.0043867;0.00431036;0.00423776;0.00416899;0.00410413;0.00404316;0.00398602;0.00393258;0.00388272;0.00383627;0.0037931;0.00375303;0.00371588;0.00368142;0.00364946;0.00361979;         ;         ;         ;         ;         ;         ;         ;         ;         ;         ;         ;         ;         ;         ;         
% of children tested at 19-59 months who are positive;Mean;         ;         ;         ;         ;         ;         ;0.00665641;0.0102713;0.016153;0.0244069;0.0345204;0.0456843;0.0571588;0.0684632;0.0787772;0.0881811;0.097171;0.105741;0.11397;0.120458;0.121365;0.124896;0.130022;0.120862;0.0867629;0.0618432;0.0490631;0.0396142;0.0332787;0.0280392;0.0199273;0.0132523;0.0107326;0.00964549;0.00869948;0.00855611;0.00798025;0.00713973;0.006551;0.00618211;0.00591207;0.0056997;0.00551919;0.00536664;0.00523582;0.00511984;0.00501402;0.00491517;0.00482082;0.00472948;0.00464048;0.0045533;0.00446787;0.0043848;0.00430495;0.00422896;0.00415704;0.00408909;0.004025;0.00396467;0.00390804;0.00385503;0.00380552;0.00375935;0.00371637;0.00367642;0.00363931;0.00360488;0.00357296;0.00354335;0.00351588;         ;         ;         ;         ;         ;         ;         ;         ;         ;         ;         ;         ;         ;         ;         
;95% LL;         ;         ;         ;         ;         ;         ;0.00512639;0.00784601;0.0125071;0.0191239;0.0288059;0.0391533;0.0500561;0.0610623;0.0714265;0.0815094;0.0912432;0.0999774;0.108693;0.115346;0.117006;0.120901;0.126193;0.117476;0.084394;0.0601851;0.047839;0.038644;0.0324092;0.02724;0.0193311;0.0128565;0.0104177;0.00936221;0.00844169;0.0082712;0.00770712;0.00690071;0.00634039;0.00599472;0.00574249;0.00554348;0.00538359;0.00523879;0.00511961;0.00500711;0.00490463;0.00480995;0.00471802;0.00462877;0.00454143;0.00445618;0.00437299;0.00429241;0.00421533;0.00414183;0.00407235;0.00400726;0.00394555;0.00388755;0.00383389;0.00378373;0.00373684;0.00369304;0.00365235;0.00361541;0.00358061;0.00354837;0.0035185;0.00348993;0.0034642;         ;         ;         ;         ;         ;         ;         ;         ;         ;         ;         ;         ;         ;         ;         
;95% UL;         ;         ;         ;         ;         ;         ;0.00838833;0.0132498;0.0205898;0.0303117;0.0413102;0.0527674;0.0640186;0.0751219;0.0849712;0.0939737;0.102571;0.11046;0.118389;0.124781;0.125339;0.128757;0.133889;0.124323;0.0891885;0.0635245;0.0503976;0.0406386;0.0341737;0.028833;0.020511;0.0136407;0.0110494;0.00993654;0.00898014;0.00885582;0.00826482;0.00739161;0.00677675;0.00638536;0.00609804;0.0058733;0.00568012;0.00551477;0.00538953;0.0052803;0.00517963;0.00508443;0.00499245;0.00490227;0.00481323;0.00472573;0.00463946;0.00455456;0.00447204;0.00439272;0.00431695;0.00424477;0.00417615;0.00411112;0.00404972;0.00399194;0.00393774;0.00388702;0.00383965;0.0037955;0.00375443;0.00371627;0.00368086;0.00364801;0.00361752;         ;         ;         ;         ;         ;         ;         ;         ;         ;         ;         ;         ;         ;         ;         
% of children tested at 5-14 years who are positive;Mean;0.509009;0.620209;0.638468;0.641852;0.646467;0.655056;0.00333798;0.00359626;0.00402523;0.0047202;0.00581431;0.0074294;0.00963216;0.0123909;0.0156163;0.0191811;0.0230788;0.0272136;0.031621;0.0369974;0.0444596;0.0557205;0.0676719;0.071892;0.0626965;0.0685286;0.0791182;0.0755503;0.0828139;0.0711172;0.0442025;0.0275632;0.0205872;0.01661;0.0135767;0.0130772;0.010759;0.00901607;0.0079835;0.00729051;0.00670207;0.00623501;0.00582881;0.00548516;0.00520312;0.00497806;0.00478962;0.00463584;0.00450753;0.00439855;0.00430604;0.00422584;0.00415422;0.00408987;0.00403064;0.00397527;0.00392328;0.00387418;0.00382752;0.00378301;0.00374052;0.00370001;0.00366147;0.00362491;0.00359033;0.00355772;0.00352705;0.00349827;0.00347129;0.00344601;0.00342236;         ;         ;         ;         ;         ;         ;         ;         ;         ;         ;         ;         ;         ;         ;         
;95% LL;0.506761;0.608088;0.620521;0.624268;0.633831;0.645278;0.00321815;0.00339863;0.00369957;0.00420404;0.00498581;0.00634054;0.00811841;0.0105578;0.0135887;0.0168971;0.0205862;0.024563;0.0288557;0.0340562;0.0411742;0.051852;0.0636039;0.0683465;0.0600746;0.065728;0.0763725;0.0733427;0.080569;0.0693129;0.0431416;0.0269065;0.0201033;0.0162002;0.0132059;0.0127261;0.010467;0.0087803;0.00777524;0.00710272;0.00653479;0.00608448;0.00569411;0.00536541;0.00509235;0.00487706;0.00469589;0.0045468;0.00442428;0.00432144;0.00423528;0.00415938;0.0040895;0.00402838;0.00397123;0.00391583;0.00386525;0.00381847;0.00377341;0.00373013;0.00368905;0.00365009;0.00361314;0.00357866;0.0035451;0.00351352;0.00348386;0.00345636;0.00343078;0.00340687;0.00338453;         ;         ;         ;         ;         ;         ;         ;         ;         ;         ;         ;         ;         ;         ;         
;95% UL;0.511134;0.625217;0.645364;0.649052;0.651805;0.663929;0.00346375;0.00380305;0.00437362;0.00529456;0.00671732;0.00876119;0.0113989;0.0145258;0.0179964;0.0218255;0.0257503;0.0298138;0.0341125;0.0396189;0.0473729;0.0591208;0.0713722;0.0749595;0.0648394;0.0707114;0.0813849;0.0775184;0.0847711;0.0728053;0.0452864;0.0282122;0.0210723;0.0170111;0.013916;0.0134004;0.0110232;0.00923315;0.00817634;0.0074677;0.00686366;0.00638316;0.00596041;0.00560617;0.00531169;0.00507529;0.00487649;0.00471607;0.00458537;0.00447448;0.0043804;0.00429885;0.00422603;0.00416021;0.0040988;0.0040435;0.00398963;0.00394164;0.00389563;0.00385132;0.00380861;0.00376753;0.0037281;0.00369041;0.00365451;0.00362045;0.00358824;0.00355787;0.00352929;0.00350242;0.00347721;         ;         ;         ;         ;         ;         ;         ;         ;         ;         ;         ;         ;         ;         ;         
% of children on ART who are aged 0-4 years;Mean;         ;         ;         ;         ;         ;         ;         ;         ;         ;         ;         ;         ;         ;         ;         ;         ;0.566781;0.490333;0.418713;0.368738;0.366977;0.358394;0.330603;0.306368;0.309907;0.325356;0.308015;0.268148;0.236203;0.207582;0.188033;0.17831;0.162818;0.146184;0.132351;0.127782;0.122272;0.123118;0.128463;0.136105;0.142758;0.147663;0.152076;0.157207;0.162927;0.166021;0.168748;0.170088;0.171282;0.172492;0.173452;0.173955;0.174062;0.173744;0.173044;0.17205;0.170834;0.169425;0.167834;0.16617;0.164497;0.162862;0.16132;0.15992;0.1587;0.157687;0.156895;0.156336;0.156018;0.155941;0.156097;         ;         ;         ;         ;         ;         ;         ;         ;         ;         ;         ;         ;         ;         ;         
;95% LL;         ;         ;         ;         ;         ;         ;         ;         ;         ;         ;         ;         ;         ;         ;         ;         ;0.547556;0.4742;0.405717;0.358413;0.356096;0.349012;0.322059;0.298832;0.302474;0.318349;0.301673;0.263064;0.232341;0.204626;0.185174;0.175234;0.159635;0.143157;0.129226;0.12436;0.11856;0.118996;0.124038;0.131493;0.138409;0.144036;0.149144;0.154109;0.159485;0.162535;0.164885;0.165953;0.167081;0.168373;0.169494;0.17024;0.170515;0.170372;0.169831;0.168816;0.167677;0.166405;0.1649;0.163314;0.16177;0.160225;0.158747;0.15744;0.156275;0.155289;0.154512;0.153823;0.153545;0.153469;0.153551;         ;         ;         ;         ;         ;         ;         ;         ;         ;         ;         ;         ;         ;         ;         
;95% UL;         ;         ;         ;         ;         ;         ;         ;         ;         ;         ;         ;         ;         ;         ;         ;         ;0.585639;0.505214;0.430867;0.378523;0.376576;0.367475;0.338853;0.313852;0.316582;0.331648;0.31457;0.273346;0.240532;0.211085;0.191267;0.181332;0.165781;0.14929;0.13552;0.131287;0.126086;0.127385;0.13299;0.140658;0.147261;0.152487;0.157164;0.161808;0.167586;0.170807;0.173778;0.175356;0.176634;0.177766;0.178534;0.178759;0.178594;0.178118;0.177532;0.176505;0.174993;0.173637;0.172254;0.170723;0.168843;0.167014;0.165294;0.163738;0.162389;0.161273;0.160409;0.159806;0.159472;0.159405;0.159598;         ;         ;         ;         ;         ;         ;         ;         ;         ;         ;         ;         ;         ;         ;         
% of children on ART who are aged 5-9 years;Mean;         ;         ;         ;         ;         ;         ;         ;         ;         ;         ;         ;         ;         ;         ;         ;         ;0.39721;0.448978;0.488449;0.503912;0.476127;0.464008;0.454827;0.444332;0.420478;0.400421;0.396062;0.404549;0.41438;0.418365;0.40902;0.392369;0.376385;0.353181;0.329572;0.314071;0.308474;0.301104;0.291732;0.281868;0.280065;0.279372;0.287142;0.298759;0.311076;0.317572;0.323101;0.325338;0.326697;0.328285;0.329764;0.3308;0.331727;0.332709;0.33347;0.333982;0.334231;0.33414;0.33363;0.332878;0.331986;0.331027;0.330054;0.329097;0.328162;0.327251;0.326375;0.325558;0.324842;0.324264;0.323856;         ;         ;         ;         ;         ;         ;         ;         ;         ;         ;         ;         ;         ;         ;         
;95% LL;         ;         ;         ;         ;         ;         ;         ;         ;         ;         ;         ;         ;         ;         ;         ;         ;0.386121;0.442459;0.484584;0.497882;0.470942;0.459536;0.450842;0.441018;0.41809;0.398807;0.394663;0.402568;0.411916;0.415704;0.406421;0.389822;0.374015;0.350857;0.326898;0.311095;0.305701;0.298564;0.289438;0.279304;0.277057;0.275736;0.283138;0.29479;0.307426;0.314719;0.321429;0.32394;0.324756;0.32586;0.327243;0.328396;0.329501;0.330787;0.331882;0.332473;0.332799;0.332774;0.332316;0.331571;0.330673;0.32972;0.328749;0.327852;0.326926;0.326029;0.325167;0.324336;0.323594;0.322975;0.322504;         ;         ;         ;         ;         ;         ;         ;         ;         ;         ;         ;         ;         ;         ;         
;95% UL;         ;         ;         ;         ;         ;         ;         ;         ;         ;         ;         ;         ;         ;         ;         ;         ;0.408295;0.45432;0.492975;0.509028;0.480145;0.46758;0.458205;0.44723;0.422499;0.40177;0.397314;0.406297;0.416758;0.421247;0.412338;0.395747;0.37964;0.355987;0.332681;0.31741;0.311528;0.304057;0.294436;0.284684;0.283115;0.283053;0.2912;0.302787;0.314668;0.320277;0.325846;0.327609;0.32945;0.33103;0.332718;0.333937;0.334782;0.335627;0.336455;0.337018;0.337299;0.337144;0.336526;0.335646;0.334647;0.333582;0.332484;0.331404;0.330632;0.32964;0.328658;0.32775;0.326956;0.326315;0.325861;         ;         ;         ;         ;         ;         ;         ;         ;         ;         ;         ;         ;         ;         ;         
% of HIV-positive adults with CD4 of 500+;Mean;1;0.810002;0.771733;0.780094;0.790388;0.791749;0.781095;0.757328;0.722326;0.682232;0.641977;0.603628;0.567597;0.53396;0.50279;0.474098;0.447831;0.423657;0.401861;0.382611;0.366149;0.352893;0.343527;0.338228;0.337178;0.340361;0.348955;0.365084;0.39363;0.421653;0.447184;0.472638;0.494198;0.512833;0.528509;0.543549;0.55998;0.575209;0.589733;0.602988;0.614982;0.625628;0.63492;0.642999;0.648496;0.652968;0.656688;0.659968;0.662955;0.665741;0.668381;0.670909;0.673348;0.675717;0.678029;0.680291;0.682506;0.684679;0.686814;0.688916;0.690991;0.693041;0.695071;0.697087;0.699094;0.701095;0.703096;0.705101;0.707114;0.709137;0.711174;         ;         ;         ;         ;         ;         ;         ;         ;         ;         ;         ;         ;         ;         ;         
;95% LL;1;0.806208;0.756676;0.755982;0.763502;0.767072;0.761826;0.73882;0.700065;0.653477;0.612933;0.57745;0.545615;0.515625;0.486135;0.458879;0.433654;0.410594;0.390375;0.372567;0.35683;0.344278;0.335707;0.331278;0.330823;0.334679;0.343843;0.360505;0.38844;0.415918;0.440298;0.465423;0.486785;0.504794;0.519534;0.533312;0.549381;0.565246;0.580978;0.595595;0.609072;0.621104;0.631351;0.640068;0.645996;0.650737;0.65454;0.657922;0.660934;0.663756;0.666435;0.668993;0.671457;0.673846;0.676174;0.678442;0.680665;0.682844;0.684985;0.687093;0.689173;0.691229;0.693266;0.69529;0.697291;0.699285;0.701281;0.70328;0.705294;0.707325;0.709369;         ;         ;         ;         ;         ;         ;         ;         ;         ;         ;         ;         ;         ;         ;         
;95% UL;1;0.820491;0.812593;0.837297;0.846723;0.839001;0.817058;0.790164;0.750605;0.705772;0.666003;0.626321;0.588768;0.551713;0.519018;0.48909;0.461429;0.436157;0.412832;0.392695;0.375512;0.361534;0.351471;0.34552;0.343865;0.346474;0.3545;0.369986;0.398085;0.426449;0.452816;0.478903;0.500748;0.520195;0.536781;0.552878;0.569849;0.584547;0.597937;0.609814;0.620433;0.629995;0.638297;0.645657;0.65096;0.655286;0.658854;0.662148;0.665117;0.66788;0.67054;0.673147;0.675664;0.678108;0.680493;0.682826;0.68511;0.687349;0.689546;0.691709;0.693839;0.695941;0.698019;0.700078;0.702122;0.704156;0.706185;0.708212;0.71024;0.712274;0.714314;         ;         ;         ;         ;         ;         ;         ;         ;         ;         ;         ;         ;         ;         ;         
% of HIV-positive adults with CD4 of 350-499;Mean;         ;0.1539;0.160599;0.146688;0.139423;0.139496;0.146246;0.159042;0.175425;0.190991;0.203315;0.212201;0.218207;0.22194;0.223785;0.224089;0.223439;0.222051;0.219819;0.216908;0.214933;0.214921;0.216816;0.220243;0.224627;0.231767;0.244846;0.273867;0.287532;0.284365;0.270817;0.256018;0.246082;0.237109;0.229283;0.223618;0.219188;0.215219;0.211395;0.20761;0.203938;0.200469;0.197317;0.194494;0.192145;0.190173;0.188508;0.187059;0.185743;0.184517;0.183352;0.182236;0.181157;0.180106;0.17908;0.178077;0.177098;0.176141;0.175206;0.17429;0.173393;0.172512;0.171645;0.170789;0.169943;0.169104;0.168269;0.167438;0.166608;0.165778;0.164946;         ;         ;         ;         ;         ;         ;         ;         ;         ;         ;         ;         ;         ;         ;         
;95% LL;         ;0.146274;0.138887;0.120844;0.114184;0.117691;0.129774;0.14544;0.165004;0.182228;0.196122;0.207234;0.214719;0.219784;0.222518;0.222533;0.221592;0.220066;0.217993;0.21485;0.212672;0.21253;0.214349;0.217774;0.2224;0.229478;0.242322;0.270832;0.284485;0.281712;0.26918;0.25502;0.24519;0.236079;0.228001;0.222223;0.217474;0.213267;0.209289;0.205551;0.202071;0.198802;0.195945;0.193268;0.191024;0.18915;0.187521;0.186126;0.184848;0.183626;0.182468;0.181358;0.180285;0.179237;0.178206;0.177197;0.176215;0.175265;0.174307;0.173369;0.172451;0.17155;0.170665;0.169794;0.168934;0.168082;0.167239;0.1664;0.165565;0.164733;0.163902;         ;         ;         ;         ;         ;         ;         ;         ;         ;         ;         ;         ;         ;         ;         
;95% UL;         ;0.156864;0.169969;0.15923;0.151965;0.150118;0.154175;0.16803;0.188564;0.202273;0.212004;0.217066;0.221042;0.22362;0.225223;0.225466;0.22504;0.223799;0.22153;0.218803;0.216973;0.217146;0.219075;0.222581;0.226958;0.234061;0.247116;0.276315;0.289833;0.286395;0.27205;0.256753;0.246835;0.238052;0.230368;0.224883;0.220802;0.217156;0.213523;0.209707;0.205853;0.202152;0.198745;0.19577;0.193285;0.191228;0.189469;0.187981;0.186628;0.185374;0.184201;0.183082;0.182001;0.18093;0.179888;0.178888;0.177898;0.176931;0.175986;0.175061;0.174155;0.173266;0.172394;0.171533;0.170684;0.169842;0.169004;0.168183;0.167343;0.166501;0.165666;         ;         ;         ;         ;         ;         ;         ;         ;         ;         ;         ;         ;         ;         ;         
% of HIV-positive adults with CD4 of 200-349;Mean;         ;0.0328137;0.0568511;0.0585178;0.0549412;0.0536292;0.0566713;0.0648965;0.0782852;0.0950373;0.112982;0.130698;0.147563;0.163266;0.177645;0.190613;0.202792;0.213617;0.222883;0.230573;0.240014;0.249876;0.259629;0.26817;0.274169;0.279352;0.277178;0.252802;0.221063;0.201244;0.189629;0.179931;0.170642;0.16263;0.156057;0.149884;0.143315;0.136881;0.130756;0.12527;0.120463;0.11631;0.112782;0.109802;0.107682;0.106016;0.104668;0.103477;0.102393;0.101382;0.100422;0.0995001;0.0986085;0.097741;0.096893;0.096062;0.0952469;0.0944462;0.0936578;0.0928797;0.0921109;0.0913506;0.0905979;0.0898511;0.0891086;0.0883695;0.0876316;0.0868941;0.0861556;0.0854153;0.0846727;         ;         ;         ;         ;         ;         ;         ;         ;         ;         ;         ;         ;         ;         ;         
;95% LL;         ;0.0308831;0.045999;0.0412235;0.0363621;0.0355975;0.0434998;0.0521765;0.0665827;0.0845628;0.102452;0.119787;0.137753;0.154858;0.170179;0.183888;0.196763;0.20854;0.218518;0.226678;0.236664;0.247035;0.257202;0.266015;0.272145;0.277265;0.274639;0.249619;0.217718;0.1976;0.185932;0.176328;0.167246;0.159197;0.152197;0.14561;0.138964;0.132798;0.127241;0.122391;0.118161;0.114569;0.111345;0.108602;0.106562;0.105008;0.103633;0.102443;0.101371;0.100369;0.0994165;0.0984997;0.0975801;0.096686;0.0958129;0.0949581;0.0941205;0.0932987;0.0924906;0.0916944;0.0909088;0.0901335;0.0893675;0.088609;0.0878566;0.0871096;0.0863657;0.0856241;0.0848837;0.0841435;0.0834032;         ;         ;         ;         ;         ;         ;         ;         ;         ;         ;         ;         ;         ;         ;         
;95% UL;         ;0.0335733;0.0615398;0.0674246;0.0652998;0.063404;0.0644212;0.0718525;0.0873979;0.107221;0.126608;0.143443;0.15834;0.171876;0.185254;0.197496;0.208912;0.218946;0.227323;0.23436;0.243215;0.252468;0.261708;0.26998;0.275891;0.281149;0.279397;0.255883;0.224872;0.205332;0.193742;0.184025;0.174667;0.166549;0.160243;0.154505;0.148162;0.14143;0.134689;0.128413;0.122939;0.118222;0.114443;0.111093;0.108792;0.107064;0.105661;0.104434;0.103329;0.102297;0.101328;0.100394;0.0994929;0.0986206;0.0977676;0.0969314;0.0961108;0.0953042;0.0945096;0.0937249;0.0929488;0.0921807;0.0914195;0.0906732;0.0899325;0.0891946;0.0884348;0.0877025;0.086972;0.0862371;0.0854837;         ;         ;         ;         ;         ;         ;         ;         ;         ;         ;         ;         ;         ;         ;         
% of HIV-positive adults with CD4 of <200;Mean;         ;0.00328431;0.0108171;0.0146995;0.0152469;0.0151259;0.0159878;0.0187336;0.0239638;0.0317396;0.0417267;0.0534732;0.0666329;0.0808338;0.0957803;0.1112;0.125938;0.140675;0.155437;0.169908;0.178904;0.18231;0.180029;0.173359;0.164027;0.14852;0.129021;0.108248;0.097775;0.0927378;0.0923701;0.0914129;0.0890784;0.0874269;0.0861513;0.0829492;0.0775179;0.072692;0.0681163;0.064132;0.0606178;0.0575924;0.0549801;0.052706;0.0516767;0.0508437;0.0501359;0.0494961;0.0489084;0.0483608;0.0478449;0.0473551;0.0468869;0.0464359;0.0459979;0.0455696;0.0451489;0.0447338;0.0443226;0.0439136;0.0435055;0.0430969;0.0426863;0.0422727;0.041855;0.0414321;0.0410031;0.040567;0.0401229;0.0396698;0.039207;         ;         ;         ;         ;         ;         ;         ;         ;         ;         ;         ;         ;         ;         ;         
;95% LL;         ;0.00308003;0.0085052;0.0094455;0.00849606;0.00805166;0.0101413;0.0130262;0.0181337;0.0257238;0.0355032;0.0463746;0.0578751;0.0725807;0.0876841;0.103029;0.117608;0.132287;0.146966;0.161556;0.171034;0.174482;0.172279;0.165884;0.157032;0.142199;0.123745;0.104049;0.0941528;0.0893967;0.0891475;0.0883918;0.086013;0.084226;0.0826874;0.0788901;0.0737689;0.069568;0.0656825;0.0623413;0.0593492;0.0567005;0.054432;0.0523405;0.0513449;0.0505161;0.0497767;0.0491058;0.0484879;0.0479112;0.047367;0.0468513;0.0463701;0.0459061;0.0454551;0.0450065;0.0445635;0.0441273;0.0436961;0.0432681;0.042842;0.0424164;0.0419899;0.0415614;0.0411298;0.0406942;0.0402536;0.0398071;0.0393538;0.0388928;0.0384236;         ;         ;         ;         ;         ;         ;         ;         ;         ;         ;         ;         ;         ;         ;         
;95% UL;         ;0.00336452;0.0118159;0.0174942;0.0192335;0.0194325;0.0198666;0.0219447;0.0279964;0.0370773;0.0486167;0.0620412;0.0759326;0.0903328;0.1049;0.120141;0.134823;0.149743;0.164516;0.178842;0.187659;0.190778;0.188148;0.180996;0.170763;0.154645;0.134598;0.112935;0.102174;0.0973572;0.0966379;0.0953583;0.0927423;0.0912546;0.0902979;0.0875711;0.0818534;0.076275;0.0709232;0.0661801;0.0620421;0.0585692;0.0555973;0.0530934;0.0519892;0.0511246;0.0504092;0.0497691;0.0491882;0.0486471;0.048136;0.0476524;0.0471916;0.0467481;0.0463218;0.0459048;0.0454951;0.0450904;0.0446886;0.0442889;0.04389;0.0434891;0.0430852;0.0426777;0.0422641;0.0418451;0.0414195;0.0409864;0.0405483;0.040101;0.0396436;         ;         ;         ;         ;         ;         ;         ;         ;         ;         ;         ;         ;         ;         ;         
Number of women starting ART at CD4 <200;Mean;         ;         ;         ;         ;         ;         ;         ;         ;         ;         ;         ;         ;         ;         ;         ;5247.95;6831.13;8776.66;11131.7;46685.3;77732.9;115024;150008;172774;213325;225715;211952;143694;111059;90030.4;82487.2;73560.4;62012.1;53640.9;49529.7;46644.8;40694.7;33486.6;27042.9;21752.4;17432.4;14155.7;11767.1;9810.47;8709.4;8014.66;7545.2;7204.64;6944.55;6734.12;6552.64;6389.54;6238.91;6096.18;5958.48;5824.66;5694.22;5566.88;5442.42;5320.67;5201.39;5084.36;4969.32;4856;4744.1;4633.35;4523.52;4414.41;4305.9;4197.86;4090.24;         ;         ;         ;         ;         ;         ;         ;         ;         ;         ;         ;         ;         ;         ;         
;95% LL;         ;         ;         ;         ;         ;         ;         ;         ;         ;         ;         ;         ;         ;         ;         ;5233.57;6814.54;8757.42;11109.3;46497.4;77373;114410;149079;171531;211143;221115;203508;136761;104233;81891.9;74823.6;66071.4;55910.3;48333;44237.1;39101.9;32887.7;26851.7;21769.6;17885.8;14646.6;12226.8;10443.9;8929.12;8031.85;7437.46;7018.61;6712.19;6472.12;6273.95;6097.34;5936.24;5786.8;5644.01;5505.6;5370.83;5239.49;5109.57;4986.8;4868.19;4758.35;4643.48;4528.23;4414.75;4302.77;4192.03;4082.34;3973.54;3865.53;3758.22;3651.57;         ;         ;         ;         ;         ;         ;         ;         ;         ;         ;         ;         ;         ;         ;         
;95% UL;         ;         ;         ;         ;         ;         ;         ;         ;         ;         ;         ;         ;         ;         ;         ;5263.32;6849.31;8797.55;11155.5;46878.7;78077.6;115587;150863;173970;215576;230396;220895;150433;116963;97049.8;89040.9;79973.6;67613.1;58495.9;54526.8;54263.8;49387.4;40980.9;32732.9;25912.5;20445;16170.7;13155;10743.1;9409.88;8625.27;8119.81;7781.69;7526.64;7321.87;7145.84;6977.14;6821.05;6674.84;6534.78;6399.13;6266.98;6137.81;6011.22;5886.96;5764.7;5644.15;5525.07;5407.19;5290.23;5173.94;5058.11;4942.59;4827.24;4720.2;4618.55;         ;         ;         ;         ;         ;         ;         ;         ;         ;         ;         ;         ;         ;         ;         
Number of women starting ART at CD4 200-349;Mean;         ;         ;         ;         ;         ;         ;         ;         ;         ;         ;         ;         ;         ;         ;         ;552.02;704.572;877.322;1078.8;4624.37;8028.27;12535.2;17815.1;23101.3;40584.1;90419.4;253516;225892;171101;140159;126340;107829;86412.2;71639;65383.8;60536.6;55665.7;48520.1;41733.5;35765;30451.9;26165.9;22811.2;19530.9;17556.1;16272.8;15372.3;14684.2;14115.1;13614;13150.7;12709.2;12281.2;11863.2;11455.2;11059.1;10676.6;10308.5;9955.25;9616.66;9292.37;8981.76;8683.98;8398.02;8122.81;7857.3;7600.57;7351.82;7110.4;6875.74;6647.38;         ;         ;         ;         ;         ;         ;         ;         ;         ;         ;         ;         ;         ;         ;         
;95% LL;         ;         ;         ;         ;         ;         ;         ;         ;         ;         ;         ;         ;         ;         ;         ;526.227;671.553;836.579;1031.37;4411.12;7619.68;11875.1;16821.5;21763.3;38149.9;85237.5;245096;220747;166871;139534;125127;104639;83947.4;69596.5;63243.6;55438.7;48931.4;41502.6;35545.8;30684.8;26406.5;23082.7;20506.5;17983.2;16309.6;15186.3;14409.5;13791.3;13250.3;12765.2;12310.1;11882.3;11468.9;11066.4;10674.6;10294.2;9919.67;9573.31;9240.49;8917.15;8607.84;8302.57;8007.2;7723.68;7458.4;7203.89;6957.87;6724.36;6488.29;6253.85;6025.85;         ;         ;         ;         ;         ;         ;         ;         ;         ;         ;         ;         ;         ;         ;         
;95% UL;         ;         ;         ;         ;         ;         ;         ;         ;         ;         ;         ;         ;         ;         ;         ;578.333;737.216;914.571;1120.29;4811.76;8411.05;13210.3;18881.2;24615.4;43252.2;95616.7;261625;230897;175767;140668;127096;110371;88410;73223.3;67124.6;65787.8;62832.5;55749.3;48057.8;41106.5;34547.1;29268.5;25177.9;21152.1;18824.8;17383.7;16500.7;15837.6;15284.6;14772.5;14300.8;13850.7;13412.6;12982.4;12560.4;12148.9;11747;11365;11016.9;10682.4;10361.4;10053.4;9757.7;9473.36;9199.32;8934.51;8677.99;8428.95;8186.73;7950.74;7720.5;         ;         ;         ;         ;         ;         ;         ;         ;         ;         ;         ;         ;         ;         ;         
Number of women starting ART at CD4 350-499;Mean;         ;         ;         ;         ;         ;         ;         ;         ;         ;         ;         ;         ;         ;         ;         ;14.0988;15.1401;15.9111;16.4845;87.6639;288.721;544.742;798.492;924.724;1340.48;1741.59;1574.08;13014.8;12671.6;83130;126834;102060;78849.8;63608.8;58370.6;53501.6;51300.2;47196.7;43190.2;39499.3;35790.9;32633.7;30025.2;26755.4;24667;23212.7;22096.2;21159.6;20313.9;19517.3;18746.7;17989.2;17240.6;16504.9;15789.7;15101.5;14444.1;13818.8;13225.9;12664.9;12135;11634.4;11161.3;10713.3;10288.3;9884.23;9499.2;9131.64;8780.16;8443.51;8120.63;         ;         ;         ;         ;         ;         ;         ;         ;         ;         ;         ;         ;         ;         ;         
;95% LL;         ;         ;         ;         ;         ;         ;         ;         ;         ;         ;         ;         ;         ;         ;         ;12.7806;13.7733;14.5539;15.1787;81.5396;268.39;505.867;739.566;854.498;1237.25;1614.36;1478.14;12103.2;11580;77417.5;121090;99655.4;77216.8;62120.5;57029.2;51743.7;47722;42891.9;38851.1;35510.1;32363.1;29786.5;27651.1;24880;23110.8;21854.2;20849.6;19978;19166.9;18388.3;17633;16892;16162.2;15447.5;14755.3;14091.5;13459.4;12860;12293.3;11739;11205.4;10702.1;10228.4;9800.88;9396.34;9012.59;8647.71;8300.03;7968.11;7641.18;7325.29;         ;         ;         ;         ;         ;         ;         ;         ;         ;         ;         ;         ;         ;         ;         
;95% UL;         ;         ;         ;         ;         ;         ;         ;         ;         ;         ;         ;         ;         ;         ;         ;15.5125;16.5304;17.1974;17.7688;93.983;310.995;588.9;866.447;1007.35;1461.74;1890.06;1677.58;13970.3;13866.1;90347;133998;104763;80654.7;65186.8;59756.1;55080.9;54692.6;51419.2;47458.2;43430.4;39239.4;35554.2;32495.3;28570;26351.4;24935.3;23866.6;22974.9;22125.9;21313.2;20530.7;19773.2;18980.7;18219.6;17491.3;16799.9;16135.3;15499.7;14894.2;14319.2;13774.2;13258.1;12769.1;12305.1;11864;11443.8;11042.7;10659.1;10291.6;9938.92;9600.04;         ;         ;         ;         ;         ;         ;         ;         ;         ;         ;         ;         ;         ;         ;         
Number of women starting ART at CD4 500+;Mean;         ;         ;         ;         ;         ;         ;         ;         ;         ;         ;         ;         ;         ;         ;         ;11.0922;11.3241;11.3686;11.3148;58.5398;187.83;346.568;498.578;568.465;812.978;1043.58;923.796;6356.4;6176.55;10952.1;14366;115045;105344;84093.1;80443.1;73112.2;73642;71362.7;68964.1;66733.1;63745.5;61126.6;58852.4;54314.2;51175.4;48714.6;46586.1;44626.8;42740.3;40892.4;39061.9;37239.1;35436.9;33683.8;32003;30406.5;28897.6;27476.8;26143.1;24894.2;23726.1;22633.3;21609.5;20648.6;19745;18893.4;18089.5;17329.1;16608.5;15924.3;15273.7;         ;         ;         ;         ;         ;         ;         ;         ;         ;         ;         ;         ;         ;         ;         
;95% LL;         ;         ;         ;         ;         ;         ;         ;         ;         ;         ;         ;         ;         ;         ;         ;9.80611;10.0608;10.1774;10.2283;53.6057;171.936;317.742;456.354;519.103;742.483;958.059;861.848;5862.07;5589.69;9967.17;13185.6;109074;100286;79965.5;76209.1;71734.2;71235.8;67757.3;64811.7;62376.4;59431.9;56928.9;54874.3;51081.3;48249.5;46021.9;43960.3;42080.9;40232.5;38423.4;36636.9;34865.5;33122;31433;29820;28293.4;26838.9;25453.7;24155.9;22946.3;21818.1;20765.3;19781.4;18869.8;18004.7;17189.5;16425.8;15705.2;15022.9;14391.6;13759.7;         ;         ;         ;         ;         ;         ;         ;         ;         ;         ;         ;         ;         ;         ;         
;95% UL;         ;         ;         ;         ;         ;         ;         ;         ;         ;         ;         ;         ;         ;         ;         ;12.429;12.5412;12.5498;12.433;63.9048;205.706;380.382;548.54;627.131;896.808;1144.37;992.763;6831.28;6803.84;11985;15682;122546;111165;88884.4;85546.5;74890.5;76075.8;75043.1;73226.9;71295.8;68167.1;65299.4;62807.3;58144.2;55116.8;52775.8;50749.5;48816.6;46938.1;45053.1;43128.7;41230.8;39417.6;37635.7;35913.1;34265.2;32697.9;31214.3;29815.2;28500.2;27266.4;26109.2;25022.6;24000.9;23038.3;22129.8;21271;20457.8;19686.2;18952.9;18254.7;         ;         ;         ;         ;         ;         ;         ;         ;         ;         ;         ;         ;         ;         ;         
Adjusted HIV incidence in adults aged 15-49;Mean;         ;         ;         ;         ;         ;         ;         ;         ;         ;         ;         ;         ;         ;         ;         ;0.0223237;0.0216082;0.0207912;0.0200032;0.0192367;0.0184405;0.0176465;0.0168972;0.0162168;0.0154505;0.0146262;0.0136915;0.0127738;0.0120903;0.0113798;0.0107778;0.00971418;0.00874617;0.00813039;0.00742204;0.00680978;0.00621926;0.00568251;0.00520542;0.00481155;0.00449527;0.00420531;0.00393004;0.00370947;0.00350265;0.00330821;0.00312521;0.00295265;0.00278965;0.00263317;0.0024816;0.00233725;0.00220215;0.00207629;0.00195926;0.00185031;0.00174914;0.00165537;0.00156861;0.0014883;0.00141387;0.00134471;0.00128024;0.00121926;0.00116165;0.00110733;0.00105577;0.00100689;0.000960414;0.000916463;0.000875138;         ;         ;         ;         ;         ;         ;         ;         ;         ;         ;         ;         ;         ;         ;         
;95% LL;         ;         ;         ;         ;         ;         ;         ;         ;         ;         ;         ;         ;         ;         ;         ;0.0217709;0.021142;0.0203313;0.0195354;0.0187759;0.0180011;0.0172157;0.0164587;0.0157759;0.0150096;0.0141797;0.0132418;0.0123261;0.0116377;0.0109215;0.0103181;0.00925524;0.00828957;0.00766853;0.00694755;0.00634862;0.00578706;0.00530146;0.00487642;0.00452414;0.00423995;0.00398303;0.0037232;0.00351102;0.00332017;0.00313894;0.00295575;0.00278627;0.00262433;0.00247258;0.00232373;0.00218418;0.00205401;0.00193317;0.00182122;0.00171735;0.00162119;0.00153114;0.00144663;0.00136952;0.00129909;0.00123507;0.00117457;0.00111739;0.0010634;0.00101251;0.000962719;0.000915534;0.000870716;0.000828342;0.000788484;         ;         ;         ;         ;         ;         ;         ;         ;         ;         ;         ;         ;         ;         ;         
;95% UL;         ;         ;         ;         ;         ;         ;         ;         ;         ;         ;         ;         ;         ;         ;         ;0.0229525;0.0221861;0.0213524;0.0205812;0.0198271;0.0190474;0.0182484;0.0174956;0.0168138;0.0160414;0.0152053;0.0142602;0.0133386;0.0126637;0.0119565;0.0113535;0.0102841;0.00930953;0.00869593;0.00799345;0.00734823;0.0067064;0.00610721;0.00557429;0.0051189;0.00476834;0.00445336;0.00415603;0.00392911;0.00372212;0.00352523;0.00334597;0.00317874;0.00301993;0.00286619;0.00271572;0.00257115;0.00243474;0.00230671;0.00218684;0.00207453;0.00196962;0.00187188;0.00178103;0.00169656;0.00161797;0.0015447;0.00147614;0.00141102;0.00134928;0.00129091;0.00123534;0.00118251;0.00113216;0.00108443;0.0010395;         ;         ;         ;         ;         ;         ;         ;         ;         ;         ;         ;         ;         ;         ;         
Incidence in pregnant women;Mean;5.64E-05;0.000161309;0.000388126;0.000932728;0.00218683;0.00470459;0.00868811;0.0135584;0.0184239;0.0229759;0.0270235;0.0304911;0.0327914;0.0342384;0.0349003;0.0348606;0.0342371;0.0336662;0.0329247;0.0321658;0.0313055;0.0303502;0.0292951;0.0282651;0.0272016;0.0257511;0.0241979;0.0225758;0.0212071;0.0199934;0.0189585;0.0176371;0.0159811;0.014804;0.0137056;0.0125374;0.011479;0.0105843;0.00977475;0.00911311;0.00854689;0.00802632;0.00752683;0.0070843;0.00666836;0.00627408;0.0058996;0.00554209;0.00520012;0.00487059;0.00455;0.00424294;0.0039566;0.00369108;0.0034451;0.00321662;0.00300495;0.00280936;0.00262936;0.00246396;0.0023121;0.0021727;0.00204474;0.00192725;0.00181938;0.00172031;0.00162925;0.00154541;0.00146804;0.00139648;0.00133011;         ;         ;         ;         ;         ;         ;         ;         ;         ;         ;         ;         ;         ;         ;         
;95% LL;1.84E-05;6.07E-05;0.000173896;0.000502289;0.00132754;0.00311872;0.0063863;0.0109263;0.0158085;0.0204722;0.0245582;0.0283451;0.0310932;0.03277;0.0336589;0.0336497;0.0330606;0.032581;0.0318527;0.0311331;0.0303127;0.0293617;0.0283086;0.0272834;0.0262449;0.0248088;0.0233025;0.0217086;0.0203142;0.0190506;0.0180214;0.0167453;0.0151031;0.0139334;0.0128502;0.0117156;0.0107131;0.00986943;0.00912104;0.00853139;0.00799666;0.00752012;0.0070436;0.00662105;0.00622215;0.00584398;0.0054852;0.00514338;0.00481737;0.00450169;0.00419864;0.0039067;0.00363366;0.00338122;0.00314948;0.00293364;0.00273511;0.00255175;0.00238307;0.0022281;0.00208815;0.00195634;0.00183706;0.00172818;0.00163466;0.00153971;0.00145299;0.00137583;0.00130473;0.00123905;0.00117823;         ;         ;         ;         ;         ;         ;         ;         ;         ;         ;         ;         ;         ;         ;         
;95% UL;8.44E-05;0.000247206;0.000602123;0.00144016;0.00329304;0.007344;0.0122317;0.0168006;0.0212731;0.0255958;0.0292633;0.0324851;0.0345016;0.0357993;0.0363355;0.0361635;0.0354675;0.0348153;0.0340649;0.0332941;0.032446;0.0314976;0.0304337;0.0293691;0.0283262;0.0268183;0.0252966;0.0236198;0.0222072;0.0209707;0.0199034;0.0185974;0.0169162;0.0157327;0.0146289;0.0134484;0.0123296;0.0113898;0.01052;0.00980138;0.00918824;0.00867679;0.00820947;0.00778481;0.00737797;0.00698608;0.00660871;0.00624366;0.00588981;0.00553327;0.00519179;0.00486537;0.00455408;0.00426081;0.00399275;0.0037417;0.00350744;0.00328965;0.00308818;0.00290226;0.00273099;0.00257338;0.00242843;0.0022952;0.00217282;0.00206046;0.00195727;0.00186239;0.00177494;0.0016942;0.00161944;         ;         ;         ;         ;         ;         ;         ;         ;         ;         ;         ;         ;         ;         ;         
Adjusted incidence in pregnant women;Mean;         ;         ;         ;         ;         ;         ;         ;         ;         ;         ;         ;         ;         ;         ;         ;0.0348604;0.0342369;0.033666;0.0329245;0.0321649;0.0313025;0.0303447;0.0292875;0.0282566;0.0271897;0.0257363;0.0241852;0.022492;0.0211275;0.0198222;0.0187211;0.016755;0.0151345;0.0140353;0.0128252;0.011828;0.0106907;0.00977859;0.00895996;0.00828335;0.00772334;0.00721266;0.00672821;0.00633446;0.00596477;0.00561451;0.00528193;0.00496446;0.00466078;0.0043681;0.00408325;0.00381027;0.00355551;0.00331908;0.00309982;0.00289593;0.00270682;0.00253184;0.00237061;0.00222228;0.00208592;0.00196063;0.0018455;0.00173971;0.00164249;0.00155316;0.00147101;0.00139534;0.00132548;0.00126087;0.00120096;         ;         ;         ;         ;         ;         ;         ;         ;         ;         ;         ;         ;         ;         ;         
;95% LL;         ;         ;         ;         ;         ;         ;         ;         ;         ;         ;         ;         ;         ;         ;         ;0.0336495;0.0330603;0.0325808;0.0318525;0.0311321;0.0303097;0.0293562;0.0283012;0.0272758;0.0262332;0.0247938;0.0232899;0.0216255;0.0202338;0.0188804;0.0177811;0.0158415;0.0142266;0.0131209;0.0119056;0.0109701;0.00991513;0.00907633;0.00832855;0.00773214;0.00720997;0.00675293;0.00629559;0.00591963;0.00556506;0.00522907;0.00491038;0.00460678;0.00431723;0.00403707;0.0037685;0.00350641;0.00326297;0.00304033;0.0028341;0.00264079;0.00246269;0.00229994;0.00214966;0.00201058;0.00188405;0.00176554;0.00165834;0.00156026;0.00147471;0.00138966;0.00131203;0.00124236;0.00117814;0.00111882;0.00106388;         ;         ;         ;         ;         ;         ;         ;         ;         ;         ;         ;         ;         ;         ;         
;95% UL;         ;         ;         ;         ;         ;         ;         ;         ;         ;         ;         ;         ;         ;         ;         ;0.0361633;0.0354674;0.0348151;0.0340647;0.0332932;0.032443;0.0314926;0.030426;0.0293596;0.0283138;0.0268031;0.0252839;0.0235366;0.0221307;0.0208041;0.0196742;0.0177322;0.0161199;0.0150055;0.0138024;0.0127571;0.0115401;0.010542;0.0096754;0.00892923;0.00831905;0.00779751;0.00733671;0.00695943;0.00659841;0.00625087;0.0059163;0.00559267;0.00527895;0.00496398;0.0046596;0.00436964;0.00409319;0.00383047;0.00359183;0.00336805;0.00315896;0.00296429;0.00278397;0.00261734;0.00246364;0.00232205;0.00219168;0.00207174;0.00196148;0.00186018;0.00176709;0.00168145;0.00160251;0.0015296;0.00146211;         ;         ;         ;         ;         ;         ;         ;         ;         ;         ;         ;         ;         ;         ;         
% of sexually active males aged 15-24 with 2+ non-spousal partners in last year;Mean;0.291928;0.294874;0.297681;0.301504;0.305964;0.310437;0.316666;0.317363;0.316615;0.314889;0.312879;0.311251;0.312014;0.313783;0.316159;0.318478;0.320129;0.320276;0.319288;0.317353;0.314783;0.312026;0.308196;0.304705;0.301507;0.298547;0.296527;0.296885;0.297126;0.296818;0.295992;0.294646;0.293044;0.291654;0.291076;0.292144;0.295458;0.300959;0.306027;0.310467;0.314291;0.316226;0.316668;0.315396;0.313516;0.3125;0.311404;0.310479;0.309848;0.30912;0.307865;0.3067;0.30585;0.305589;0.305927;0.306708;0.307831;0.309062;0.310105;0.311248;0.312326;0.31312;0.313693;0.314201;0.314669;0.315106;0.315522;0.315921;0.316295;0.316627;0.316896;         ;         ;         ;         ;         ;         ;         ;         ;         ;         ;         ;         ;         ;         ;         
;95% LL;0.286793;0.289509;0.292201;0.295859;0.300143;0.304478;0.310669;0.311525;0.311027;0.309578;0.307806;0.306322;0.306975;0.308544;0.310697;0.312842;0.314416;0.314641;0.313847;0.312174;0.309891;0.307407;0.303845;0.300571;0.297544;0.29472;0.292765;0.293114;0.293392;0.293177;0.292475;0.29129;0.289726;0.288007;0.28716;0.288062;0.291322;0.296876;0.301859;0.306174;0.310005;0.312038;0.312281;0.310763;0.308647;0.307468;0.306244;0.305221;0.304507;0.303678;0.302274;0.300933;0.299898;0.29946;0.299641;0.300284;0.301285;0.302399;0.303322;0.304352;0.305327;0.306028;0.306506;0.306928;0.307323;0.307699;0.308064;0.308417;0.308747;0.309036;0.309257;         ;         ;         ;         ;         ;         ;         ;         ;         ;         ;         ;         ;         ;         ;         
;95% UL;0.295145;0.29819;0.301081;0.304977;0.309498;0.314022;0.32026;0.320887;0.320054;0.318173;0.316046;0.31433;0.315146;0.317012;0.319512;0.321914;0.323578;0.323678;0.322604;0.320531;0.317786;0.314856;0.310933;0.307284;0.304039;0.300996;0.298905;0.299253;0.299533;0.299244;0.298423;0.29707;0.295466;0.294078;0.293559;0.294741;0.298179;0.303836;0.309002;0.313478;0.31734;0.319247;0.319526;0.31816;0.316217;0.315184;0.314093;0.313186;0.312584;0.311885;0.310646;0.309495;0.308664;0.308411;0.308743;0.309538;0.310758;0.312006;0.313057;0.314228;0.315321;0.316115;0.316705;0.317234;0.317725;0.318148;0.318557;0.318973;0.31938;0.319711;0.31998;         ;         ;         ;         ;         ;         ;         ;         ;         ;         ;         ;         ;         ;         ;         
% of sexually active females aged 15-24 with 2+ non-spousal partners in last year;Mean;0.0753532;0.0759728;0.0764527;0.0770742;0.0777721;0.0784481;0.0789137;0.0791769;0.0792503;0.0792198;0.0791942;0.0792662;0.0796807;0.0802554;0.080916;0.0815506;0.0820809;0.0824019;0.0825501;0.0825653;0.0825173;0.0824759;0.0824543;0.0824936;0.0825727;0.0826654;0.0828232;0.083093;0.0833084;0.0834195;0.0834637;0.0834659;0.0834719;0.0835129;0.0836458;0.0839756;0.0845353;0.0852734;0.0859148;0.0864259;0.0868085;0.0869734;0.0869913;0.0868913;0.0867878;0.0868244;0.0869056;0.0870307;0.0871827;0.0873124;0.0873693;0.087409;0.0874593;0.087559;0.0877154;0.0879113;0.0881277;0.088335;0.0885039;0.088662;0.0888049;0.0889235;0.0890273;0.0891309;0.0892375;0.0893469;0.0894576;0.0895673;0.0896733;0.0897726;0.0898633;         ;         ;         ;         ;         ;         ;         ;         ;         ;         ;         ;         ;         ;         ;         
;95% LL;0.0741943;0.0751853;0.075732;0.0763897;0.0770325;0.077678;0.0781537;0.0784639;0.0785595;0.078455;0.0783643;0.078393;0.0788217;0.0794413;0.0801617;0.0808517;0.0814209;0.0817531;0.0818764;0.0818453;0.0817396;0.0816354;0.0815458;0.081518;0.0815273;0.0815448;0.0816254;0.081828;0.0819655;0.081975;0.0819077;0.0817924;0.0816837;0.0816182;0.0816657;0.081953;0.0825117;0.0832813;0.0839518;0.0844755;0.0848456;0.084965;0.0849173;0.0847421;0.0845694;0.0845558;0.084593;0.0846766;0.0847843;0.0848626;0.0848584;0.0848345;0.0848231;0.0848681;0.0849788;0.0851363;0.0853197;0.0854959;0.0856323;0.0857591;0.0858716;0.0859598;0.0860332;0.086108;0.0861881;0.0862734;0.086362;0.0864513;0.0865375;0.0866173;0.0866878;         ;         ;         ;         ;         ;         ;         ;         ;         ;         ;         ;         ;         ;         ;         
;95% UL;0.0759586;0.0765532;0.0770361;0.0776823;0.0784098;0.0791101;0.0795678;0.0797944;0.0798201;0.0797362;0.0796786;0.0797175;0.0801511;0.0807687;0.081454;0.0821101;0.0826508;0.0829556;0.0830752;0.0830586;0.082943;0.0828454;0.0828176;0.0828512;0.0829442;0.0830799;0.0832958;0.0835891;0.0838493;0.084033;0.0841595;0.084247;0.0843283;0.0844278;0.0845856;0.0848754;0.0853351;0.0859361;0.0865277;0.0870537;0.0874453;0.0876133;0.0876313;0.0875984;0.0875851;0.0876711;0.0877882;0.0879392;0.0881138;0.0882721;0.0883731;0.0884569;0.0885437;0.0886621;0.088819;0.0890034;0.0892027;0.0893962;0.0895621;0.0897199;0.0898663;0.0899939;0.0901095;0.0902233;0.0903379;0.0904532;0.0905687;0.0906827;0.0907936;0.0908994;0.0909986;         ;         ;         ;         ;         ;         ;         ;         ;         ;         ;         ;         ;         ;         ;         
% of sexually active males aged 25-49 with 2+ non-spousal partners in last year;Mean;0.149483;0.150502;0.151527;0.152485;0.153339;0.154075;0.156453;0.157298;0.15821;0.159302;0.160573;0.16196;0.163114;0.164142;0.164948;0.16552;0.165878;0.165763;0.165706;0.165797;0.165964;0.166322;0.167145;0.168071;0.168938;0.169644;0.169979;0.170528;0.170882;0.17105;0.171075;0.17099;0.170795;0.170495;0.170078;0.169494;0.168872;0.168148;0.167471;0.166898;0.166389;0.166129;0.166136;0.166526;0.167245;0.168153;0.169342;0.17072;0.17216;0.173624;0.17511;0.17663;0.178025;0.179272;0.180363;0.181315;0.182116;0.182805;0.183429;0.183987;0.184573;0.185269;0.186075;0.186625;0.187034;0.187437;0.187701;0.187911;0.188018;0.188194;0.188699;         ;         ;         ;         ;         ;         ;         ;         ;         ;         ;         ;         ;         ;         ;         
;95% LL;0.132656;0.133987;0.135193;0.136272;0.137194;0.137961;0.14026;0.1412;0.14215;0.143288;0.144615;0.146066;0.147253;0.148327;0.149204;0.149874;0.150356;0.150419;0.150533;0.150795;0.151128;0.151622;0.152535;0.153494;0.154333;0.154946;0.155127;0.155437;0.155521;0.155398;0.155135;0.154763;0.154281;0.153695;0.152997;0.152134;0.15122;0.150206;0.149247;0.148398;0.147639;0.147158;0.14698;0.147213;0.147799;0.148589;0.149652;0.15089;0.152173;0.153464;0.154761;0.156073;0.157254;0.158281;0.159143;0.159859;0.160419;0.160865;0.161245;0.161561;0.161901;0.162344;0.162892;0.163221;0.163435;0.163654;0.163761;0.163834;0.163829;0.1639;0.164274;         ;         ;         ;         ;         ;         ;         ;         ;         ;         ;         ;         ;         ;         ;         
;95% UL;0.167484;0.168506;0.169595;0.170651;0.171627;0.172499;0.175104;0.176007;0.176972;0.178097;0.179378;0.180752;0.181929;0.182948;0.183702;0.184179;0.184394;0.184064;0.183989;0.184056;0.18419;0.184536;0.185314;0.186185;0.187058;0.187827;0.188273;0.188999;0.189569;0.189976;0.190247;0.190407;0.190451;0.190383;0.190195;0.189836;0.189449;0.188956;0.188512;0.188166;0.187861;0.187784;0.187947;0.188476;0.189317;0.190309;0.191521;0.192984;0.194524;0.196104;0.197746;0.199472;0.201068;0.202515;0.203808;0.204968;0.20598;0.206874;0.207697;0.208457;0.209253;0.210177;0.211219;0.211974;0.212567;0.213144;0.213556;0.213895;0.214104;0.214374;0.214991;         ;         ;         ;         ;         ;         ;         ;         ;         ;         ;         ;         ;         ;         ;         
% of sexually active females aged 25-49 with 2+ non-spousal partners in last year;Mean;0.0184428;0.0185732;0.0187215;0.0188706;0.0190062;0.0191118;0.0192119;0.0193009;0.0193576;0.0194126;0.0194853;0.0195836;0.0196334;0.0196851;0.0197207;0.019724;0.0196859;0.0196338;0.0195645;0.019504;0.0194715;0.0195012;0.0196376;0.019846;0.0200969;0.0203603;0.0206421;0.0209142;0.0211601;0.021375;0.0215609;0.0217117;0.0218283;0.0219147;0.0219806;0.0220415;0.0221206;0.0221942;0.0221766;0.0221249;0.0220763;0.0220079;0.021947;0.0218943;0.0218909;0.021992;0.0221448;0.0223488;0.0225909;0.0228344;0.0230463;0.0232579;0.0234646;0.0236738;0.0238801;0.0240734;0.0242463;0.0243922;0.0245073;0.0246138;0.0247162;0.0248152;0.024914;0.0249882;0.0250496;0.0251124;0.0251661;0.0252203;0.0252734;0.0253408;0.0254463;         ;         ;         ;         ;         ;         ;         ;         ;         ;         ;         ;         ;         ;         ;         
;95% LL;0.0147682;0.0149505;0.0151462;0.0153344;0.0155013;0.0156321;0.0157498;0.0158611;0.015929;0.0159936;0.0160745;0.0161799;0.0162412;0.0163017;0.0163462;0.0163583;0.0163292;0.0162838;0.0162189;0.0161612;0.0161303;0.0161574;0.0162826;0.0164728;0.0166985;0.0169302;0.0171735;0.017399;0.0175971;0.0177637;0.0179032;0.0180094;0.0180832;0.0181291;0.0181568;0.0181805;0.0182193;0.0182539;0.0182024;0.0181183;0.0180397;0.017944;0.0178586;0.0177833;0.0177581;0.0178361;0.0179626;0.018136;0.0183436;0.0185491;0.0187205;0.018889;0.0190521;0.0192175;0.0193802;0.0195299;0.0196597;0.0197632;0.0198367;0.0199027;0.0199651;0.0200243;0.0200836;0.0201234;0.0201538;0.0201869;0.0202135;0.0202416;0.0202698;0.0203107;0.0203846;         ;         ;         ;         ;         ;         ;         ;         ;         ;         ;         ;         ;         ;         ;         
;95% UL;0.023144;0.0232776;0.0234317;0.0235908;0.0237391;0.0238582;0.0239741;0.024077;0.0241464;0.0242133;0.024298;0.0244092;0.0244657;0.0245226;0.0245585;0.0245551;0.0245017;0.0244286;0.0243325;0.0242419;0.0241769;0.0241807;0.0243103;0.0245349;0.0248135;0.0251129;0.0254374;0.0257566;0.026051;0.0263248;0.0265731;0.0267854;0.0269625;0.0271041;0.0272204;0.0273287;0.0274607;0.0275875;0.0276149;0.0276057;0.0275972;0.0275652;0.0275375;0.0275154;0.0275429;0.0276799;0.0278735;0.0281242;0.0284184;0.0287171;0.0289845;0.0292534;0.029517;0.0297825;0.0300446;0.0302928;0.0305191;0.0307166;0.0308809;0.0310348;0.0311835;0.0313279;0.0314715;0.0315838;0.0316793;0.031775;0.0318587;0.0319423;0.032024;0.032122;0.0322654;         ;         ;         ;         ;         ;         ;         ;         ;         ;         ;         ;         ;         ;         ;         
Annual rate of ART resumption in men interrupting ART;Mean;0.4;0.4;0.4;0.4;0.4;0.4;0.4;0.4;0.4;0.4;0.4;0.4;0.4;0.4;0.4;0.446844;0.444847;0.443312;0.442083;0.544797;0.58697;0.624628;0.65857;0.689347;0.720901;0.747134;0.901134;0.735908;0.707097;0.671298;0.655882;0.653827;0.642166;0.628676;0.639434;0.674395;0.697981;0.722592;0.746273;0.770486;0.79429;0.818081;0.841861;0.841861;0.841861;0.841861;0.841861;0.841861;0.841861;0.841861;0.841861;0.841861;0.841861;0.841861;0.841861;0.841861;0.841861;0.841861;0.841861;0.841861;0.841861;0.841861;0.841861;0.841861;0.841861;0.841861;0.841861;0.841861;0.841861;0.841861;0.841861;         ;         ;         ;         ;         ;         ;         ;         ;         ;         ;         ;         ;         ;         ;         
;95% LL;0.4;0.4;0.4;0.4;0.4;0.4;0.4;0.4;0.4;0.4;0.4;0.4;0.4;0.4;0.4;0.439463;0.438534;0.438113;0.437597;0.529937;0.567183;0.600472;0.630592;0.657977;0.68665;0.711012;0.855405;0.701406;0.669985;0.638204;0.624437;0.62314;0.611282;0.596505;0.602476;0.638781;0.667494;0.697155;0.725933;0.755213;0.784114;0.812996;0.841861;0.841861;0.841861;0.841861;0.841861;0.841861;0.841861;0.841861;0.841861;0.841861;0.841861;0.841861;0.841861;0.841861;0.841861;0.841861;0.841861;0.841861;0.841861;0.841861;0.841861;0.841861;0.841861;0.841861;0.841861;0.841861;0.841861;0.841861;0.841861;         ;         ;         ;         ;         ;         ;         ;         ;         ;         ;         ;         ;         ;         ;         
;95% UL;0.4;0.4;0.4;0.4;0.4;0.4;0.4;0.4;0.4;0.4;0.4;0.4;0.4;0.4;0.4;0.456533;0.453521;0.451019;0.448538;0.563529;0.6079;0.648405;0.685092;0.718576;0.753195;0.784799;0.953257;0.77642;0.753302;0.709497;0.689831;0.685267;0.673654;0.660916;0.676075;0.709583;0.728106;0.747727;0.766381;0.785587;0.804352;0.82311;0.841861;0.841861;0.841861;0.841861;0.841861;0.841861;0.841861;0.841861;0.841861;0.841861;0.841861;0.841861;0.841861;0.841861;0.841861;0.841861;0.841861;0.841861;0.841861;0.841861;0.841861;0.841861;0.841861;0.841861;0.841861;0.841861;0.841861;0.841861;0.841861;         ;         ;         ;         ;         ;         ;         ;         ;         ;         ;         ;         ;         ;         ;         
Annual rate of ART resumption in women interrupting ART;Mean;0.5;0.5;0.5;0.5;0.5;0.5;0.5;0.5;0.5;0.5;0.5;0.5;0.5;0.5;0.5;0.578837;0.575929;0.573293;0.571269;0.734233;0.804412;0.869428;0.93117;0.991268;1.04854;1.10372;1.31699;1.0742;1.05975;0.988432;0.949341;0.933947;0.908679;0.887256;0.908532;0.989346;1.04437;1.0991;1.1538;1.20852;1.26307;1.3176;1.37209;1.37209;1.37208;1.37208;1.37208;1.37207;1.37207;1.37207;1.37207;1.37207;1.37206;1.37206;1.37206;1.37206;1.37206;1.37206;1.37206;1.37205;1.37205;1.37205;1.37205;1.37205;1.37205;1.37205;1.37205;1.37205;1.37205;1.37205;1.37205;         ;         ;         ;         ;         ;         ;         ;         ;         ;         ;         ;         ;         ;         ;         
;95% LL;0.5;0.5;0.5;0.5;0.5;0.5;0.5;0.5;0.5;0.5;0.5;0.5;0.5;0.5;0.5;0.567171;0.564958;0.564013;0.563519;0.711693;0.776763;0.837677;0.893635;0.94699;0.996864;1.04724;1.25332;1.02114;0.99862;0.942426;0.908554;0.896312;0.86835;0.84236;0.85192;0.931371;0.994684;1.05773;1.12072;1.18372;1.24655;1.30934;1.37208;1.37208;1.37208;1.37207;1.37207;1.37207;1.37206;1.37206;1.37206;1.37206;1.37206;1.37205;1.37205;1.37205;1.37205;1.37205;1.37205;1.37205;1.37205;1.37205;1.37204;1.37204;1.37204;1.37204;1.37204;1.37204;1.37204;1.37204;1.37204;         ;         ;         ;         ;         ;         ;         ;         ;         ;         ;         ;         ;         ;         ;         
;95% UL;0.5;0.5;0.5;0.5;0.5;0.5;0.5;0.5;0.5;0.5;0.5;0.5;0.5;0.5;0.5;0.59094;0.586778;0.582786;0.579508;0.758577;0.83562;0.906653;0.974311;1.0406;1.10221;1.16082;1.38252;1.13639;1.14202;1.04672;0.999171;0.975535;0.951585;0.939885;0.974175;1.05668;1.10208;1.14717;1.19224;1.23733;1.28227;1.32719;1.3721;1.3721;1.37209;1.37209;1.37209;1.37208;1.37208;1.37208;1.37208;1.37207;1.37207;1.37207;1.37207;1.37207;1.37207;1.37207;1.37206;1.37206;1.37206;1.37206;1.37206;1.37206;1.37206;1.37206;1.37206;1.37206;1.37206;1.37206;1.37206;         ;         ;         ;         ;         ;         ;         ;         ;         ;         ;         ;         ;         ;         ;         
Relative rate of testing in virgins;Mean;         ;         ;         ;         ;         ;         ;         ;         ;         ;         ;         ;         ;         ;         ;         ;         ;         ;         ;         ;         ;         ;         ;         ;         ;         ;         ;         ;         ;         ;         ;0.0882518;0.143555;0.15831;0.149121;0.136368;0.158994;0.14417;0.20133;         ;         ;         ;         ;         ;         ;         ;         ;         ;         ;         ;         ;         ;         ;         ;         ;         ;         ;         ;         ;         ;         ;         ;         ;         ;         ;         ;         ;         ;         ;         ;         ;         ;         ;         ;         ;         ;         ;         ;         ;         ;         ;         ;         ;         ;         ;         ;         
;95% LL;         ;         ;         ;         ;         ;         ;         ;         ;         ;         ;         ;         ;         ;         ;         ;         ;         ;         ;         ;         ;         ;         ;         ;         ;         ;         ;         ;         ;         ;         ;0.0880585;0.143233;0.157941;0.148781;0.136057;0.158584;0.143767;0.200738;         ;         ;         ;         ;         ;         ;         ;         ;         ;         ;         ;         ;         ;         ;         ;         ;         ;         ;         ;         ;         ;         ;         ;         ;         ;         ;         ;         ;         ;         ;         ;         ;         ;         ;         ;         ;         ;         ;         ;         ;         ;         ;         ;         ;         ;         ;         ;         
;95% UL;         ;         ;         ;         ;         ;         ;         ;         ;         ;         ;         ;         ;         ;         ;         ;         ;         ;         ;         ;         ;         ;         ;         ;         ;         ;         ;         ;         ;         ;         ;0.0884253;0.143869;0.15863;0.149411;0.136637;0.159326;0.144459;0.201825;         ;         ;         ;         ;         ;         ;         ;         ;         ;         ;         ;         ;         ;         ;         ;         ;         ;         ;         ;         ;         ;         ;         ;         ;         ;         ;         ;         ;         ;         ;         ;         ;         ;         ;         ;         ;         ;         ;         ;         ;         ;         ;         ;         ;         ;         ;         ;         
Monthly rate of PrEP initiation in FSWs;Mean;         ;         ;         ;         ;         ;         ;         ;         ;         ;         ;         ;         ;         ;         ;         ;         ;         ;         ;         ;         ;         ;         ;         ;         ;         ;         ;         ;         ;         ;         ;         ;0.0225344;0.0277998;0.0312836;0.0317998;0.0314758;0.031688;0.0385108;0.0378086;0.0371065;0.0364043;0.0357022;0.035;0.035;0.035;0.035;0.035;0.035;0.035;0.035;0.035;0.035;0.035;0.035;0.035;0.035;0.035;0.035;0.035;0.035;0.035;0.035;0.035;0.035;0.035;0.035;0.035;0.035;0.035;0.035;0.035;         ;         ;         ;         ;         ;         ;         ;         ;         ;         ;         ;         ;         ;         ;         
;95% LL;         ;         ;         ;         ;         ;         ;         ;         ;         ;         ;         ;         ;         ;         ;         ;         ;         ;         ;         ;         ;         ;         ;         ;         ;         ;         ;         ;         ;         ;         ;         ;0.0144399;0.02097;0.0254542;0.0274304;0.0305367;0.0308634;0.0375732;0.0370586;0.0365439;0.0360293;0.0355146;0.035;0.035;0.035;0.035;0.035;0.035;0.035;0.035;0.035;0.035;0.035;0.035;0.035;0.035;0.035;0.035;0.035;0.035;0.035;0.035;0.035;0.035;0.035;0.035;0.035;0.035;0.035;0.035;0.035;         ;         ;         ;         ;         ;         ;         ;         ;         ;         ;         ;         ;         ;         ;         
;95% UL;         ;         ;         ;         ;         ;         ;         ;         ;         ;         ;         ;         ;         ;         ;         ;         ;         ;         ;         ;         ;         ;         ;         ;         ;         ;         ;         ;         ;         ;         ;         ;0.0276553;0.0315898;0.0343516;0.0340421;0.0326038;0.032705;0.0397134;0.0387707;0.037828;0.0368853;0.0359427;0.035;0.035;0.035;0.035;0.035;0.035;0.035;0.035;0.035;0.035;0.035;0.035;0.035;0.035;0.035;0.035;0.035;0.035;0.035;0.035;0.035;0.035;0.035;0.035;0.035;0.035;0.035;0.035;0.035;         ;         ;         ;         ;         ;         ;         ;         ;         ;         ;         ;         ;         ;         ;         
New diagnoses in pregnant women;Mean;         ;         ;         ;         ;         ;         ;         ;         ;         ;         ;         ;         ;         ;         ;1482.78;5050.48;13633.7;29004.1;59618.9;83075.4;104070;127880;135550;126540;105927;82226.1;64906.8;55121.3;50196.1;46859.7;41750;36471.9;32214.4;29257.4;25726.2;23833.6;22740.9;20856.7;19149.7;17629.4;16412;15465.7;14643.5;13897.9;13221.3;12585;11981;11404.7;10846.3;10301.1;9762.76;9228.36;8704.71;8200.9;7720.9;7265.19;6833.41;6425.75;6042.38;5683.54;5348.91;5037.72;4748.87;4481.17;4233.42;4004.45;3792.85;3597.22;3416.33;3248.9;3093.68;         ;         ;         ;         ;         ;         ;         ;         ;         ;         ;         ;         ;         ;         ;         
;95% LL;         ;         ;         ;         ;         ;         ;         ;         ;         ;         ;         ;         ;         ;         ;1381.23;4755.69;12949.8;27696.7;57091;79733.9;99984.5;122648;129737;121421;101607;78678.6;61821;52303.1;47490.4;44221.9;39317.2;34304;30212;27295.3;23904.4;22042.2;20950;19152;17583.1;16223.6;15097.1;14199.1;13409.7;12688.5;12036;11425.3;10859.7;10316.5;9788.18;9276.25;8774.06;8278.46;7792.91;7323.62;6886.51;6464.35;6065.22;5689.21;5337.72;5012.7;4710.22;4429.42;4169.24;3933.61;3709.26;3501.24;3310.91;3132.22;2964.92;2810.35;2667.29;         ;         ;         ;         ;         ;         ;         ;         ;         ;         ;         ;         ;         ;         ;         
;95% UL;         ;         ;         ;         ;         ;         ;         ;         ;         ;         ;         ;         ;         ;         ;1564.78;5301.07;14312.3;30435;62504;86816.2;108729;133462;141203;131621;110174;85735.7;67916.8;57875.3;52861.8;49503.4;44352.6;38884.2;34465.3;31426;27776.4;25817;24740;22809.1;21047.9;19476.8;18234.2;17286.8;16471.2;15734;15066;14434.9;13831.6;13245.8;12676.6;12114.9;11551.6;10982.6;10415.5;9861.73;9326.98;8812.94;8320.32;7850.44;7404.57;6983.94;6589.15;6220.05;5876.01;5556.13;5259.46;4984.97;4731.27;4496.85;4280.35;4080.3;3895.19;         ;         ;         ;         ;         ;         ;         ;         ;         ;         ;         ;         ;         ;         ;         
New diagnoses in 1-year olds;Mean;         ;         ;         ;         ;         ;         ;32.9283;121.844;299.618;580.81;957.807;1398.79;1958.84;2514.52;3011.99;3539.2;3979.88;4284.34;4364.08;4403.03;5136.91;4456.4;4057.31;10743.6;11682.6;7570.3;5501.65;4449.12;3815.02;3561.44;3409.54;2894.27;2473.05;2254.37;2154.59;1946.48;1739.75;1631.67;1479.88;1381.87;1306.9;1242.96;1184.23;1127.49;1075.33;1027.7;981.846;937.399;894.227;851.982;810.13;768.416;727.236;687.291;648.837;611.923;576.518;542.67;510.447;479.916;451.104;424.029;398.689;375.057;353.09;332.731;313.913;296.545;280.513;265.709;252.039;         ;         ;         ;         ;         ;         ;         ;         ;         ;         ;         ;         ;         ;         ;         
;95% LL;         ;         ;         ;         ;         ;         ;21.0248;84.8995;223.174;473.763;808.048;1210.12;1730.1;2266.07;2780.88;3295.55;3742.06;4052.58;4154.79;4218.1;4946.4;4298.5;3918.55;10415.9;11339.5;7357.8;5345.65;4313.1;3689.8;3433.87;3282.71;2780.17;2367.04;2152.48;2044.8;1838.82;1636.81;1532.76;1388.49;1296.44;1232.74;1173.93;1121.12;1067.29;1016.58;969.935;925.394;882.199;840.131;799.042;758.436;718.07;678.316;639.43;601.904;566.876;533.226;501.072;469.422;439.724;412.522;387.007;363.166;341.581;320.928;301.742;284.044;267.741;252.721;238.878;225.836;         ;         ;         ;         ;         ;         ;         ;         ;         ;         ;         ;         ;         ;         ;         
;95% UL;         ;         ;         ;         ;         ;         ;47.106;165.458;383.215;701.225;1110.82;1577.5;2158.54;2728.08;3220.87;3756.92;4177.13;4474.88;4552.37;4576.09;5338.33;4629.33;4211.05;11081.6;12032.2;7790.89;5664.47;4586.46;3943.63;3686.58;3532.45;3007.3;2578.43;2362.4;2267.12;2059.48;1849.61;1736.63;1572.61;1469.69;1389.28;1323.5;1267.91;1214.04;1164.55;1119.43;1075.67;1032.85;990.851;949.286;907.536;865.282;822.966;781.41;740.956;701.724;663.743;627.13;592.024;558.556;526.806;496.839;468.693;442.369;417.847;395.087;374.035;354.598;336.659;320.101;304.82;         ;         ;         ;         ;         ;         ;         ;         ;         ;         ;         ;         ;         ;         ;         
Total FSW clients;Mean;2.61E+06;2.67E+06;2.73E+06;2.79E+06;2.85E+06;2.91E+06;2.98E+06;3.08E+06;3.19E+06;3.31E+06;3.41E+06;3.52E+06;3.58E+06;3.64E+06;3.69E+06;3.73E+06;3.78E+06;3.83E+06;3.88E+06;3.92E+06;3.96E+06;3.99E+06;4.05E+06;4.10E+06;4.17E+06;4.24E+06;4.32E+06;4.40E+06;4.50E+06;4.60E+06;4.70E+06;4.81E+06;4.91E+06;5.02E+06;5.12E+06;5.22E+06;5.32E+06;5.42E+06;5.53E+06;5.64E+06;5.77E+06;5.89E+06;6.03E+06;6.16E+06;6.29E+06;6.42E+06;6.56E+06;6.69E+06;6.82E+06;6.95E+06;7.07E+06;7.19E+06;7.31E+06;7.42E+06;7.53E+06;7.63E+06;7.73E+06;7.82E+06;7.91E+06;7.99E+06;8.08E+06;8.15E+06;8.23E+06;8.30E+06;8.36E+06;8.42E+06;8.48E+06;8.54E+06;8.59E+06;8.65E+06;8.69E+06;         ;         ;         ;         ;         ;         ;         ;         ;         ;         ;         ;         ;         ;         ;         
;95% LL;2.51E+06;2.57E+06;2.63E+06;2.69E+06;2.75E+06;2.81E+06;2.87E+06;2.98E+06;3.09E+06;3.20E+06;3.31E+06;3.41E+06;3.46E+06;3.51E+06;3.56E+06;3.60E+06;3.64E+06;3.68E+06;3.72E+06;3.76E+06;3.79E+06;3.83E+06;3.89E+06;3.95E+06;4.02E+06;4.10E+06;4.18E+06;4.27E+06;4.37E+06;4.47E+06;4.58E+06;4.69E+06;4.79E+06;4.89E+06;4.99E+06;5.09E+06;5.19E+06;5.29E+06;5.39E+06;5.51E+06;5.63E+06;5.75E+06;5.88E+06;6.01E+06;6.14E+06;6.27E+06;6.40E+06;6.52E+06;6.64E+06;6.77E+06;6.88E+06;6.99E+06;7.10E+06;7.20E+06;7.30E+06;7.39E+06;7.48E+06;7.56E+06;7.64E+06;7.71E+06;7.79E+06;7.86E+06;7.92E+06;7.99E+06;8.06E+06;8.12E+06;8.18E+06;8.23E+06;8.29E+06;8.34E+06;8.38E+06;         ;         ;         ;         ;         ;         ;         ;         ;         ;         ;         ;         ;         ;         ;         
;95% UL;2.73E+06;2.79E+06;2.86E+06;2.92E+06;2.98E+06;3.05E+06;3.11E+06;3.23E+06;3.34E+06;3.45E+06;3.56E+06;3.67E+06;3.73E+06;3.79E+06;3.84E+06;3.88E+06;3.92E+06;3.97E+06;4.01E+06;4.05E+06;4.07E+06;4.10E+06;4.14E+06;4.19E+06;4.25E+06;4.32E+06;4.40E+06;4.49E+06;4.59E+06;4.69E+06;4.80E+06;4.90E+06;5.01E+06;5.11E+06;5.21E+06;5.32E+06;5.41E+06;5.51E+06;5.62E+06;5.74E+06;5.87E+06;6.00E+06;6.13E+06;6.27E+06;6.40E+06;6.55E+06;6.69E+06;6.83E+06;6.97E+06;7.10E+06;7.24E+06;7.37E+06;7.49E+06;7.61E+06;7.73E+06;7.84E+06;7.95E+06;8.05E+06;8.16E+06;8.26E+06;8.35E+06;8.44E+06;8.53E+06;8.61E+06;8.69E+06;8.77E+06;8.84E+06;8.90E+06;8.97E+06;9.03E+06;9.09E+06;         ;         ;         ;         ;         ;         ;         ;         ;         ;         ;         ;         ;         ;         ;         
Total HIV-positive clients of FSWs;Mean;827.4;1292.51;2752.13;6574.82;16198;38835.8;85030.6;164205;273007;402848;545918;695538;835991;967178;1.08E+06;1.19E+06;1.27E+06;1.34E+06;1.40E+06;1.44E+06;1.47E+06;1.49E+06;1.52E+06;1.54E+06;1.57E+06;1.60E+06;1.64E+06;1.68E+06;1.72E+06;1.77E+06;1.81E+06;1.85E+06;1.89E+06;1.92E+06;1.94E+06;1.96E+06;1.97E+06;1.98E+06;1.99E+06;2.00E+06;2.01E+06;2.01E+06;2.01E+06;2.00E+06;2.00E+06;1.99E+06;1.97E+06;1.96E+06;1.94E+06;1.92E+06;1.89E+06;1.86E+06;1.83E+06;1.80E+06;1.76E+06;1.72E+06;1.68E+06;1.64E+06;1.59E+06;1.54E+06;1.50E+06;1.45E+06;1.39E+06;1.34E+06;1.29E+06;1.24E+06;1.19E+06;1.14E+06;1.09E+06;1.04E+06;989828;         ;         ;         ;         ;         ;         ;         ;         ;         ;         ;         ;         ;         ;         ;         
;95% LL;260.689;431.489;1070.05;3075.07;8616.32;23032.5;53487.1;112296;195943;302112;426025;563960;703261;833898;955501;1.06E+06;1.16E+06;1.24E+06;1.30E+06;1.35E+06;1.38E+06;1.41E+06;1.43E+06;1.46E+06;1.49E+06;1.52E+06;1.55E+06;1.59E+06;1.63E+06;1.68E+06;1.72E+06;1.76E+06;1.79E+06;1.82E+06;1.84E+06;1.86E+06;1.87E+06;1.88E+06;1.89E+06;1.90E+06;1.90E+06;1.90E+06;1.90E+06;1.89E+06;1.89E+06;1.87E+06;1.86E+06;1.85E+06;1.83E+06;1.80E+06;1.78E+06;1.75E+06;1.72E+06;1.68E+06;1.65E+06;1.61E+06;1.56E+06;1.52E+06;1.47E+06;1.43E+06;1.38E+06;1.33E+06;1.28E+06;1.22E+06;1.17E+06;1.12E+06;1.07E+06;1.03E+06;978157;932312;888091;         ;         ;         ;         ;         ;         ;         ;         ;         ;         ;         ;         ;         ;         ;         
;95% UL;1269.69;2012.55;4331.09;10461.5;25583.3;59259.3;127208;226763;356843;498962;657901;808389;967343;1.12E+06;1.25E+06;1.36E+06;1.44E+06;1.51E+06;1.56E+06;1.60E+06;1.61E+06;1.63E+06;1.64E+06;1.66E+06;1.68E+06;1.70E+06;1.74E+06;1.78E+06;1.82E+06;1.87E+06;1.91E+06;1.96E+06;2.00E+06;2.03E+06;2.06E+06;2.08E+06;2.10E+06;2.12E+06;2.13E+06;2.14E+06;2.15E+06;2.16E+06;2.16E+06;2.16E+06;2.16E+06;2.15E+06;2.15E+06;2.14E+06;2.12E+06;2.10E+06;2.08E+06;2.06E+06;2.04E+06;2.01E+06;1.97E+06;1.94E+06;1.90E+06;1.86E+06;1.82E+06;1.78E+06;1.73E+06;1.68E+06;1.63E+06;1.58E+06;1.53E+06;1.47E+06;1.42E+06;1.36E+06;1.30E+06;1.25E+06;1.19E+06;         ;         ;         ;         ;         ;         ;         ;         ;         ;         ;         ;         ;         ;         ;         
;;         ;         ;         ;         ;         ;         ;         ;         ;         ;         ;         ;         ;         ;         ;         ;         ;0.0885329;0.0855921;0.0827717;0.0801297;0.078535;0.0774605;0.0769462;0.0768552;0.0770732;0.0783865;0.0809675;0.0870916;0.0895968;0.0908126;0.0911786;0.0927739;0.092825;0.0927833;0.0932576;0.095287;0.0988642;0.102244;0.105989;0.109756;0.11367;0.117544;0.121289;0.124869;0.126595;0.128018;0.129224;0.130285;0.131234;0.1321;0.132906;0.133668;0.1344;0.135113;0.135816;0.136513;0.137206;0.137898;0.138591;0.139286;0.139984;0.140686;0.141394;0.142107;0.142827;0.143553;0.144287;0.145029;0.145779;0.146537;0.147303;         ;         ;         ;         ;         ;         ;         ;         ;         ;         ;         ;         ;         ;         ;         
;;         ;         ;         ;         ;         ;         ;         ;         ;         ;         ;         ;         ;         ;         ;         ;         ;0.0863571;0.0835353;0.0808487;0.0783581;0.0768704;0.0758935;0.075485;0.0755005;0.0757961;0.0770992;0.0796931;0.0856162;0.0879856;0.0890704;0.0894353;0.0908856;0.0908906;0.0907854;0.0910156;0.0925318;0.0958753;0.0993135;0.103239;0.107339;0.111553;0.11585;0.119911;0.123783;0.125589;0.127048;0.128278;0.12937;0.130327;0.131195;0.131999;0.132758;0.133486;0.134195;0.134892;0.135584;0.136271;0.136958;0.137646;0.138335;0.139026;0.139707;0.140392;0.141081;0.141788;0.142509;0.143237;0.143962;0.144687;0.145418;0.14617;         ;         ;         ;         ;         ;         ;         ;         ;         ;         ;         ;         ;         ;         ;         
;;         ;         ;         ;         ;         ;         ;         ;         ;         ;         ;         ;         ;         ;         ;         ;         ;0.0908448;0.0877363;0.0846764;0.0818239;0.0800921;0.078914;0.0783257;0.078187;0.0783788;0.0797142;0.0823681;0.0886467;0.0912012;0.0925187;0.0928706;0.0945037;0.09461;0.0946276;0.0953215;0.0978537;0.101648;0.104949;0.108494;0.112024;0.11565;0.119209;0.122721;0.126155;0.127814;0.129131;0.130277;0.131344;0.132275;0.133147;0.133962;0.134736;0.135481;0.136208;0.136926;0.137638;0.138348;0.139058;0.139771;0.140487;0.141208;0.141935;0.142669;0.143411;0.144161;0.144914;0.14567;0.146435;0.147203;0.147949;0.148702;         ;         ;         ;         ;         ;         ;         ;         ;         ;         ;         ;         ;         ;         ;         
;;0.0938712;0.0828364;0.0802788;0.0803634;0.0806471;0.0804818;0.079564;0.0777252;0.0749778;0.0717452;0.0684154;0.0651848;0.0620972;0.0591954;0.0564914;0.0539972;0.0517988;0.049764;0.0479273;0.0463104;0.0452846;0.0446244;0.044399;0.0444795;0.0447711;0.0457154;0.0474411;0.0511463;0.0528008;0.0537196;0.0542301;0.0555381;0.0566806;0.0574607;0.0582149;0.0600167;0.0626768;0.0652485;0.0682442;0.071227;0.0743647;0.0774376;0.0803895;0.0831973;0.0846389;0.0857994;0.086765;0.0875917;0.0883195;0.0889763;0.0895828;0.0901525;0.090695;0.0912171;0.0917232;0.0922157;0.0926957;0.0931642;0.0936215;0.0940678;0.0945035;0.0949292;0.0953456;0.095753;0.0961518;0.0965424;0.096925;0.0972999;0.0976672;0.0980269;0.0983789;         ;         ;         ;         ;         ;         ;         ;         ;         ;         ;         ;         ;         ;         ;         
;;0.0938712;0.0824997;0.0791259;0.0787151;0.0788393;0.078789;0.0782043;0.076347;0.073136;0.0691678;0.0658894;0.0626471;0.0599274;0.0574433;0.0550098;0.0526336;0.0504855;0.0485161;0.0467879;0.0452574;0.0441866;0.0435114;0.0433043;0.0434285;0.0437836;0.0447763;0.0465221;0.0501476;0.0516572;0.0523908;0.0527964;0.0538899;0.0548572;0.0554068;0.0559713;0.057361;0.0598493;0.0625028;0.0656855;0.0689192;0.0723822;0.0758375;0.07924;0.0824557;0.0840554;0.0853121;0.0863412;0.087198;0.0879479;0.088611;0.0892284;0.089804;0.0903435;0.0908734;0.0913775;0.0918708;0.0923531;0.092824;0.0932839;0.0937329;0.0941714;0.0945954;0.0950077;0.0954162;0.0958074;0.0961913;0.0965672;0.0969392;0.0973015;0.0976585;0.0980089;         ;         ;         ;         ;         ;         ;         ;         ;         ;         ;         ;         ;         ;         ;         
;;0.0938712;0.0835417;0.08294;0.0840217;0.0843419;0.0836504;0.0820661;0.0801097;0.0771397;0.0736592;0.0704721;0.0671762;0.0639553;0.0608732;0.0580255;0.0554383;0.0531951;0.0510728;0.0490962;0.047373;0.0463018;0.0456052;0.0453473;0.0453816;0.0456024;0.0464925;0.0482227;0.052157;0.0540547;0.0552945;0.0558495;0.0572854;0.0585166;0.0594663;0.0604429;0.0626334;0.0654094;0.0678522;0.0706101;0.0732832;0.0761215;0.0788381;0.0814277;0.083868;0.0851605;0.0862333;0.0871576;0.0879405;0.0886699;0.0893174;0.0899158;0.0904862;0.0910289;0.0915506;0.0920559;0.0925472;0.0930258;0.0934935;0.093956;0.0944013;0.0948395;0.0952528;0.0956731;0.0960709;0.0964881;0.0968997;0.097315;0.0977237;0.0981259;0.0985215;0.0989103;         ;         ;         ;         ;         ;         ;         ;         ;         ;         ;         ;         ;         ;         ;         
;;0.189705;0.167942;0.161153;0.161873;0.163878;0.164792;0.164007;0.161407;0.157236;0.152092;0.146537;0.140874;0.13525;0.12972;0.124359;0.119212;0.114553;0.110027;0.105746;0.101778;0.0993069;0.0976263;0.0968042;0.0966312;0.0968519;0.0984268;0.101511;0.110314;0.113931;0.115818;0.116554;0.118777;0.118736;0.118467;0.118851;0.121163;0.12624;0.131051;0.135973;0.140889;0.145781;0.15053;0.155053;0.159348;0.161015;0.162346;0.163466;0.164448;0.165333;0.166148;0.166913;0.16764;0.168337;0.169016;0.16968;0.170333;0.170979;0.171619;0.172258;0.172897;0.173538;0.174184;0.174836;0.175497;0.176166;0.176847;0.177539;0.178245;0.178965;0.1797;0.180452;         ;         ;         ;         ;         ;         ;         ;         ;         ;         ;         ;         ;         ;         ;         
;;0.189705;0.167547;0.159492;0.15884;0.160061;0.161154;0.16116;0.15899;0.154399;0.148987;0.142905;0.137203;0.131804;0.126624;0.121524;0.116591;0.112033;0.107661;0.103598;0.0997877;0.0974367;0.0958696;0.0950871;0.0949331;0.0951866;0.0968125;0.099797;0.108269;0.111563;0.113153;0.113955;0.116123;0.116054;0.115561;0.115481;0.117114;0.121898;0.126976;0.132348;0.137809;0.143298;0.148598;0.153673;0.158434;0.160226;0.161594;0.16274;0.163738;0.164624;0.165445;0.166207;0.166923;0.167619;0.168292;0.168946;0.169597;0.170239;0.170878;0.17151;0.172141;0.172781;0.173426;0.174073;0.17473;0.175395;0.176072;0.176762;0.177464;0.178182;0.178915;0.179665;         ;         ;         ;         ;         ;         ;         ;         ;         ;         ;         ;         ;         ;         ;         
;;0.189705;0.168966;0.165939;0.169676;0.171918;0.171615;0.169001;0.165853;0.161266;0.155571;0.149761;0.144037;0.138445;0.13256;0.12697;0.121634;0.116832;0.112153;0.107791;0.103725;0.101206;0.0994808;0.09862;0.0984119;0.0985957;0.100161;0.103253;0.11227;0.116249;0.118704;0.119631;0.122017;0.12196;0.121831;0.122716;0.125747;0.131314;0.135876;0.14025;0.144507;0.148665;0.152773;0.156681;0.160435;0.161972;0.163284;0.164409;0.165399;0.166279;0.167069;0.167848;0.168602;0.169333;0.170045;0.170734;0.171392;0.172042;0.172687;0.173329;0.17397;0.174613;0.175259;0.175912;0.176571;0.177239;0.177917;0.178622;0.179327;0.18004;0.180765;0.181505;         ;         ;         ;         ;         ;         ;         ;         ;         ;         ;         ;         ;         ;         ;         
;;         ;         ;         ;         ;         ;         ;         ;         ;         ;         ;         ;         ;         ;         ;         ;         ;0.0945421;0.0921811;0.0896313;0.0870055;0.0859558;0.0850229;0.0837415;0.0824309;0.0820843;0.0842143;0.0901047;0.0911083;0.0917856;0.0916209;0.0929913;0.0971433;0.100135;0.103913;0.108706;0.113947;0.113807;0.113434;0.112589;0.112665;0.113245;0.114786;0.117053;0.119655;0.121292;0.122963;0.124254;0.125634;0.126778;0.127573;0.128041;0.128289;0.12838;0.128388;0.128375;0.128368;0.128384;0.128441;0.128552;0.128695;0.128859;0.129034;0.129213;0.129386;0.129547;0.129691;0.129815;0.129914;0.129986;0.130026;0.130033;         ;         ;         ;         ;         ;         ;         ;         ;         ;         ;         ;         ;         ;         ;         
;;         ;         ;         ;         ;         ;         ;         ;         ;         ;         ;         ;         ;         ;         ;         ;         ;0.0933762;0.0910017;0.0884676;0.0858873;0.0848743;0.084004;0.0828134;0.0816026;0.0812821;0.0834188;0.0892645;0.090304;0.0911246;0.0910642;0.0925;0.0966884;0.0996488;0.103298;0.107898;0.112923;0.112941;0.112638;0.11187;0.111982;0.112634;0.114216;0.116508;0.119133;0.120839;0.122596;0.123864;0.125243;0.12633;0.127085;0.127531;0.127765;0.127844;0.127843;0.127823;0.127812;0.127825;0.127881;0.127993;0.128137;0.128304;0.128485;0.128671;0.128852;0.12902;0.129172;0.129303;0.129408;0.129484;0.129528;0.129537;         ;         ;         ;         ;         ;         ;         ;         ;         ;         ;         ;         ;         ;         ;         
;;         ;         ;         ;         ;         ;         ;         ;         ;         ;         ;         ;         ;         ;         ;         ;         ;0.0956766;0.0933164;0.0907023;0.0880629;0.087062;0.0861368;0.0848295;0.0834211;0.0829986;0.0851759;0.091126;0.0919586;0.0923979;0.0920722;0.0933782;0.0975345;0.100571;0.104478;0.109489;0.115008;0.1147;0.114206;0.113279;0.113299;0.113829;0.115358;0.117577;0.120136;0.121678;0.123258;0.124483;0.125849;0.127035;0.127859;0.128347;0.128573;0.128653;0.128676;0.128669;0.128662;0.128674;0.128725;0.12883;0.128972;0.129142;0.129324;0.129511;0.12969;0.129857;0.130014;0.130145;0.130251;0.130326;0.130373;0.13038;         ;         ;         ;         ;         ;         ;         ;         ;         ;         ;         ;         ;         ;         ;         
;;         ;         ;         ;         ;         ;         ;         ;         ;         ;         ;         ;         ;         ;         ;         ;         ;0.0902066;0.0889015;0.0878523;0.0872313;0.0960548;0.110971;0.132799;0.16034;0.188067;0.218971;0.260917;0.332269;0.381766;0.425596;0.45674;0.495975;0.550519;0.582264;0.607594;0.636525;0.665642;0.691424;0.715387;0.734793;0.750176;0.763184;0.774234;0.783819;0.788946;0.79304;0.796505;0.799552;0.802313;0.804867;0.807265;0.809539;0.811706;0.813771;0.815734;0.817597;0.819362;0.821033;0.822613;0.824105;0.825515;0.826849;0.828112;0.829312;0.830454;0.831541;0.832578;0.833568;0.834515;0.835422;0.836289;         ;         ;         ;         ;         ;         ;         ;         ;         ;         ;         ;         ;         ;         ;         
;;         ;         ;         ;         ;         ;         ;         ;         ;         ;         ;         ;         ;         ;         ;         ;         ;0.0879596;0.0867335;0.085798;0.085311;0.094085;0.108752;0.130245;0.157422;0.184596;0.21465;0.255874;0.325963;0.374542;0.417005;0.447283;0.485503;0.538672;0.568971;0.592489;0.619842;0.65005;0.678341;0.704797;0.72648;0.743858;0.758532;0.770915;0.78157;0.78722;0.7916;0.795057;0.798058;0.800774;0.803284;0.80564;0.807879;0.810019;0.812061;0.814007;0.815857;0.817612;0.819275;0.820849;0.822336;0.823758;0.825066;0.826321;0.827511;0.82864;0.829713;0.830734;0.831705;0.832631;0.833514;0.834355;         ;         ;         ;         ;         ;         ;         ;         ;         ;         ;         ;         ;         ;         ;         
;;         ;         ;         ;         ;         ;         ;         ;         ;         ;         ;         ;         ;         ;         ;         ;         ;0.0926157;0.0911965;0.0899593;0.0891712;0.0981317;0.113286;0.135436;0.163324;0.191304;0.222437;0.264742;0.337117;0.387687;0.432956;0.465225;0.505358;0.561129;0.594044;0.620637;0.651123;0.679445;0.703258;0.725035;0.742357;0.755935;0.767575;0.777451;0.785928;0.79063;0.794501;0.797841;0.800837;0.803572;0.806124;0.808519;0.810806;0.812985;0.815062;0.817035;0.818898;0.820665;0.822361;0.823946;0.825434;0.82687;0.828235;0.82953;0.830726;0.831861;0.832943;0.833977;0.834982;0.835934;0.836879;0.837795;         ;         ;         ;         ;         ;         ;         ;         ;         ;         ;         ;         ;         ;         ;         
;;         ;         ;         ;         ;         ;         ;         ;         ;         ;         ;         ;         ;         ;         ;         ;         ;0.0531501;0.0524187;0.0519619;0.0518431;0.058666;0.0702222;0.0877095;0.110384;0.133545;0.160308;0.197884;0.262867;0.310504;0.351781;0.380192;0.417077;0.470573;0.503219;0.529608;0.561314;0.591588;0.618284;0.644959;0.66643;0.684046;0.698902;0.711506;0.722323;0.728278;0.73293;0.736744;0.739998;0.742863;0.745446;0.747825;0.750049;0.752146;0.754124;0.755988;0.757741;0.759384;0.760918;0.762346;0.763673;0.7649;0.766034;0.767084;0.768055;0.768953;0.76978;0.770543;0.771244;0.771886;0.772473;0.773006;         ;         ;         ;         ;         ;         ;         ;         ;         ;         ;         ;         ;         ;         ;         
;;         ;         ;         ;         ;         ;         ;         ;         ;         ;         ;         ;         ;         ;         ;         ;         ;0.0517602;0.051046;0.0506356;0.0504441;0.0568152;0.067851;0.0847397;0.106784;0.129181;0.154764;0.190666;0.252757;0.298287;0.337484;0.36507;0.4006;0.452196;0.483484;0.508632;0.538373;0.569592;0.59946;0.629544;0.654401;0.67507;0.692261;0.706806;0.719345;0.725987;0.730982;0.735026;0.738416;0.741325;0.743916;0.746211;0.748353;0.750373;0.752281;0.754081;0.755775;0.757363;0.758846;0.760227;0.761508;0.762689;0.763777;0.764779;0.765701;0.766547;0.76732;0.768038;0.7687;0.769303;0.769848;0.770337;         ;         ;         ;         ;         ;         ;         ;         ;         ;         ;         ;         ;         ;         ;         
;;         ;         ;         ;         ;         ;         ;         ;         ;         ;         ;         ;         ;         ;         ;         ;         ;0.0546522;0.0538882;0.0534551;0.0533427;0.0602878;0.0721445;0.0901766;0.114096;0.13834;0.166372;0.205726;0.273115;0.322212;0.365029;0.394051;0.431655;0.486244;0.519605;0.546713;0.57994;0.609795;0.634599;0.658801;0.677703;0.692781;0.705437;0.716072;0.725174;0.730498;0.734701;0.738333;0.741521;0.744305;0.74687;0.749227;0.751445;0.753541;0.755523;0.757415;0.759166;0.76081;0.762358;0.763802;0.765149;0.766385;0.767544;0.768614;0.769605;0.770525;0.771374;0.772159;0.772885;0.773668;0.774398;0.775078;         ;         ;         ;         ;         ;         ;         ;         ;         ;         ;         ;         ;         ;         ;         
;;         ;         ;         ;         ;         ;         ;         ;         ;         ;         ;         ;         ;         ;         ;         ;         ;0.116363;0.113634;0.111337;0.109675;0.118682;0.134425;0.158127;0.188184;0.217978;0.250099;0.293238;0.372844;0.425119;0.471641;0.505701;0.546145;0.602447;0.6342;0.658508;0.685488;0.713981;0.73894;0.760946;0.778425;0.791694;0.802787;0.812164;0.820253;0.824174;0.827317;0.830005;0.832408;0.834619;0.836691;0.838655;0.840531;0.842326;0.844035;0.845654;0.847184;0.848624;0.849978;0.851249;0.852442;0.85356;0.854609;0.855597;0.856528;0.857408;0.858243;0.859036;0.859792;0.860513;0.861203;0.861864;         ;         ;         ;         ;         ;         ;         ;         ;         ;         ;         ;         ;         ;         ;         
;;         ;         ;         ;         ;         ;         ;         ;         ;         ;         ;         ;         ;         ;         ;         ;         ;0.113769;0.111142;0.10895;0.107396;0.116273;0.131917;0.155061;0.184385;0.213594;0.245031;0.287378;0.365578;0.41646;0.461411;0.494679;0.534212;0.589374;0.620069;0.642509;0.667583;0.697878;0.725485;0.750239;0.770308;0.785784;0.798605;0.809319;0.818087;0.822176;0.825544;0.828302;0.830743;0.832957;0.835001;0.836943;0.838805;0.840593;0.8423;0.843922;0.845457;0.846906;0.848269;0.84955;0.850751;0.851877;0.852932;0.853924;0.854858;0.855739;0.856572;0.857362;0.858112;0.858825;0.859506;0.860154;         ;         ;         ;         ;         ;         ;         ;         ;         ;         ;         ;         ;         ;         ;         
;;         ;         ;         ;         ;         ;         ;         ;         ;         ;         ;         ;         ;         ;         ;         ;         ;0.118706;0.115941;0.113618;0.111897;0.121118;0.137097;0.161031;0.191682;0.222102;0.255196;0.29986;0.381451;0.434919;0.483377;0.517464;0.558518;0.615681;0.648929;0.674498;0.703405;0.730639;0.752779;0.771871;0.786699;0.797699;0.807002;0.814996;0.82208;0.825735;0.828698;0.831277;0.83365;0.835821;0.837862;0.839818;0.841688;0.843442;0.845153;0.846771;0.848299;0.849739;0.851094;0.852369;0.853567;0.854693;0.855753;0.856754;0.857702;0.858601;0.859456;0.860272;0.861052;0.8618;0.862517;0.863207;         ;         ;         ;         ;         ;         ;         ;         ;         ;         ;         ;         ;         ;         ;         
;;         ;         ;         ;         ;         ;         ;         ;         ;         ;         ;         ;         ;         ;         ;         ;         ;0.0970104;0.0967164;0.0960846;0.0956176;0.109093;0.130466;0.154546;0.181302;0.210913;0.249975;0.303165;0.324079;0.350381;0.374006;0.379803;0.409942;0.434451;0.441738;0.455251;0.469734;0.470499;0.469979;0.468331;0.470105;0.476767;0.487696;0.496775;0.50637;0.511041;0.514847;0.517384;0.519854;0.521723;0.52288;0.523497;0.523842;0.524046;0.524239;0.524474;0.524759;0.525097;0.525503;0.525989;0.526491;0.526975;0.527419;0.5278;0.528099;0.528301;0.5284;0.52839;0.52827;0.528038;0.527693;0.52724;         ;         ;         ;         ;         ;         ;         ;         ;         ;         ;         ;         ;         ;         ;         
;;         ;         ;         ;         ;         ;         ;         ;         ;         ;         ;         ;         ;         ;         ;         ;         ;0.0957722;0.0954384;0.094815;0.0943807;0.107574;0.128643;0.152559;0.179028;0.208394;0.247389;0.300478;0.321683;0.348256;0.37179;0.377712;0.40766;0.43169;0.438381;0.451218;0.464938;0.465822;0.4657;0.464419;0.466632;0.473759;0.48527;0.494667;0.504696;0.509236;0.51292;0.515471;0.517814;0.519636;0.520715;0.521249;0.52154;0.521709;0.521819;0.522049;0.522304;0.522605;0.522923;0.523418;0.523952;0.524475;0.525024;0.525502;0.525697;0.525783;0.525752;0.525602;0.525332;0.524941;0.524431;0.523808;         ;         ;         ;         ;         ;         ;         ;         ;         ;         ;         ;         ;         ;         ;         
;;         ;         ;         ;         ;         ;         ;         ;         ;         ;         ;         ;         ;         ;         ;         ;         ;0.0982446;0.0979877;0.0974066;0.0969598;0.110901;0.132716;0.157083;0.184178;0.213858;0.252803;0.305838;0.326279;0.352234;0.375921;0.381697;0.412066;0.43683;0.444612;0.458862;0.47431;0.474936;0.474084;0.472105;0.473422;0.479561;0.489874;0.498537;0.507861;0.512343;0.516229;0.518802;0.521307;0.52322;0.524449;0.525081;0.52543;0.525665;0.525948;0.526262;0.526524;0.52683;0.52723;0.527709;0.528248;0.52874;0.529222;0.529654;0.530021;0.530293;0.530407;0.530446;0.530366;0.53013;0.529859;0.529476;         ;         ;         ;         ;         ;         ;         ;         ;         ;         ;         ;         ;         ;         ;         
;;         ;         ;         ;         ;         ;         ;         ;         ;         ;         ;         ;         ;         ;         ;         ;         ;         ;         ;         ;         ;         ;         ;         ;         ;         ;         ;         ;         ;         ;         ;         ;         ;         ;         ;         ;         ;         ;         ;         ;         ;         ;         ;         ;         ;         ;         ;         ;         ;         ;         ;         ;         ;         ;         ;         ;         ;         ;         ;         ;         ;         ;         ;         ;         ;         ;         ;         ;         ;         ;         ;         ;         ;         ;         ;         ;         ;         ;         ;         ;         ;         ;         ;         ;         ;         ;         
