     0	     0	         0	         0	         0	         0	         0	         0	         0	         0	         0	         0	         0	         0	         0	         0	         0	         0	0.00157196	0.00316524	0.00489937	0.00681516	 0.0164029	 0.0317282	 0.0541818	 0.0832421	  0.116194	  0.160248	  0.216125	  0.298285	  0.351728	  0.388996	  0.422638	  0.462256	  0.510223	  0.547258	  0.575059	  0.606764	  0.637058	  0.662401	  0.687239	  0.708255	  0.727041	   0.74273	  0.755941	  0.767188	  0.773054	  0.777471	  0.780938	  0.783763	  0.786146	  0.788216	  0.790061	  0.791742	  0.793294	  0.794731	  0.796056	   0.79727	  0.798374	  0.799369	  0.800256	  0.801038	  0.801714	  0.802291	  0.802775	  0.803173	   0.80349	   0.80373	  0.803901	  0.804007	  0.804055	  0.804051	  0.804001
     1	     0	         0	         0	         0	         0	         0	         0	         0	         0	         0	         0	         0	         0	         0	         0	         0	         0	0.00156523	0.00315213	0.00487699	0.00677905	 0.0162994	 0.0314924	 0.0537306	 0.0825043	  0.115152	  0.158891	   0.21456	  0.296627	  0.350357	  0.388028	  0.422267	   0.46267	  0.511613	  0.549656	  0.578603	  0.611637	  0.642639	  0.668002	  0.692442	  0.712865	  0.730928	  0.745869	  0.758351	  0.768918	  0.774281	  0.778293	  0.781433	  0.783987	  0.786141	  0.788011	  0.789678	  0.791199	  0.792603	  0.793898	  0.795083	  0.796157	  0.797116	  0.797958	  0.798684	  0.799295	  0.799792	  0.800181	   0.80047	  0.800667	   0.80078	  0.800814	   0.80078	  0.800684	  0.800535	  0.800341	  0.800111
     2	     0	         0	         0	         0	         0	         0	         0	         0	         0	         0	         0	         0	         0	         0	         0	         0	         0	 0.0017314	0.00344248	 0.0052656	0.00724405	 0.0172679	 0.0331155	 0.0561357	 0.0857069	   0.11902	  0.163442	   0.21973	  0.302293	  0.355631	  0.392887	  0.426166	    0.4655	  0.513189	  0.549952	  0.577509	  0.608971	   0.63884	  0.663741	  0.688141	  0.708857	  0.727427	  0.742945	  0.756006	  0.767109	  0.772903	  0.777238	  0.780611	  0.783331	    0.7856	  0.787551	  0.789276	   0.79084	   0.79228	  0.793606	   0.79482	  0.795922	   0.79691	  0.797783	  0.798542	  0.799188	  0.799721	  0.800148	  0.800476	  0.800715	   0.80087	  0.800948	  0.800958	  0.800906	  0.800802	  0.800654	  0.800468
     3	     0	         0	         0	         0	         0	         0	         0	         0	         0	         0	         0	         0	         0	         0	         0	         0	         0	0.00176837	0.00352649	0.00540888	0.00745954	 0.0178195	 0.0342312	 0.0581042	 0.0888029	  0.123406	  0.169477	  0.227754	  0.313096	  0.368085	  0.406708	  0.440704	  0.480712	  0.529216	  0.566802	  0.594992	  0.627325	  0.655626	  0.677898	   0.69947	  0.717564	  0.733775	  0.747265	  0.758602	  0.768245	  0.773616	  0.777712	  0.780944	  0.783574	  0.785785	  0.787693	  0.789384	  0.790917	  0.792327	  0.793625	  0.794811	  0.795887	   0.79685	    0.7977	  0.798439	  0.799066	  0.799583	  0.799994	  0.800309	  0.800534	  0.800675	  0.800738	  0.800731	  0.800661	  0.800536	  0.800363	  0.800149
     4	     0	         0	         0	         0	         0	         0	         0	         0	         0	         0	         0	         0	         0	         0	         0	         0	         0	0.00158938	0.00317026	0.00486629	0.00671904	 0.0160686	  0.030918	 0.0525575	 0.0804267	   0.11188	  0.153897	  0.207149	  0.285258	  0.335859	  0.370586	  0.402084	  0.439368	  0.484469	   0.51866	  0.543811	  0.572252	  0.603631	  0.632607	  0.662173	  0.687977	   0.71136	  0.731152	  0.747882	  0.762071	  0.769223	  0.774445	   0.77842	  0.781562	  0.784143	  0.786335	  0.788257	  0.789991	  0.791583	  0.793054	  0.794409	  0.795652	  0.796785	  0.797808	  0.798723	  0.799532	  0.800235	  0.800836	  0.801342	  0.801761	  0.802096	  0.802352	  0.802536	  0.802654	  0.802711	  0.802714	   0.80267
     5	     0	         0	         0	         0	         0	         0	         0	         0	         0	         0	         0	         0	         0	         0	         0	         0	         0	0.00156214	0.00313424	0.00483557	0.00670684	 0.0160978	 0.0310703	 0.0529606	 0.0812453	   0.11328	  0.156143	  0.210574	  0.290613	  0.342742	  0.378879	  0.411696	  0.450442	  0.497312	  0.533241	  0.560056	  0.590477	  0.621599	   0.64888	  0.676063	   0.69935	  0.720248	  0.737788	  0.752566	  0.765112	  0.771443	  0.776116	  0.779716	  0.782596	  0.784987	  0.787036	  0.788844	   0.79048	  0.791983	  0.793369	  0.794639	  0.795796	   0.79684	  0.797771	   0.79859	  0.799299	  0.799897	   0.80039	  0.800786	  0.801092	  0.801313	  0.801454	  0.801522	  0.801524	  0.801467	  0.801358	  0.801203
     6	     0	         0	         0	         0	         0	         0	         0	         0	         0	         0	         0	         0	         0	         0	         0	         0	         0	0.00163031	0.00327673	0.00506512	0.00703884	 0.0169358	   0.03275	 0.0559147	 0.0858932	  0.119889	   0.16533	  0.223016	  0.307838	  0.363023	  0.401786	  0.436366	  0.476939	  0.525976	  0.563928	  0.592448	  0.625025	  0.653765	  0.676453	  0.698424	  0.716815	  0.733278	  0.747021	  0.758619	  0.768529	  0.774024	  0.778241	  0.781593	  0.784342	  0.786669	   0.78869	  0.790489	  0.792122	  0.793623	  0.795005	   0.79627	   0.79742	  0.798457	   0.79938	  0.800191	  0.800893	  0.801487	  0.801978	  0.802375	  0.802685	  0.802913	  0.803064	  0.803147	  0.803168	  0.803133	   0.80305	  0.802925
     7	     0	         0	         0	         0	         0	         0	         0	         0	         0	         0	         0	         0	         0	         0	         0	         0	         0	0.00158809	0.00317552	 0.0048858	0.00676125	 0.0162175	 0.0312817	 0.0533029	 0.0817632	  0.114014	  0.157229	  0.212216	  0.293183	  0.346037	  0.382795	  0.416081	  0.455356	  0.502829	  0.539259	  0.566464	  0.597347	  0.627988	  0.654336	  0.680424	  0.702696	  0.722681	   0.73943	  0.753535	  0.765511	  0.771614	  0.776128	  0.779606	  0.782385	  0.784689	   0.78666	  0.788397	  0.789967	   0.79141	  0.792739	  0.793959	  0.795069	  0.796069	  0.796958	  0.797735	  0.798402	  0.798959	  0.799409	  0.799761	   0.80002	  0.800193	  0.800283	    0.8003	  0.800248	  0.800135	  0.799969	  0.799757
     8	     0	         0	         0	         0	         0	         0	         0	         0	         0	         0	         0	         0	         0	         0	         0	         0	         0	 0.0018118	0.00355456	0.00537516	0.00732172	 0.0173848	 0.0331998	 0.0561063	  0.085458	  0.118462	  0.162548	  0.218501	  0.300539	  0.353372	  0.390137	  0.422757	  0.461408	  0.508256	  0.544096	  0.570622	  0.600839	  0.630428	  0.655853	  0.681172	  0.702934	  0.722585	  0.739094	  0.753002	  0.764787	  0.770879	  0.775348	  0.778745	  0.781414	  0.783584	  0.785406	  0.786985	  0.788395	  0.789682	  0.790862	  0.791937	  0.792907	  0.793772	  0.794527	  0.795174	   0.79571	  0.796136	  0.796455	  0.796675	  0.796802	  0.796841	  0.796799	  0.796682	  0.796499	  0.796256	  0.795964	  0.795629
     9	     0	         0	         0	         0	         0	         0	         0	         0	         0	         0	         0	         0	         0	         0	         0	         0	         0	0.00154169	0.00309201	0.00476964	0.00661521	 0.0158787	  0.030653	 0.0522561	 0.0801713	  0.111786	  0.154098	  0.207832	  0.286801	   0.33831	  0.373941	  0.406432	  0.444837	    0.4913	  0.526897	  0.553483	  0.583632	  0.615322	  0.643543	  0.671736	  0.695982	  0.717739	  0.735987	   0.75134	  0.764355	  0.770858	  0.775644	  0.779326	  0.782275	  0.784727	  0.786835	  0.788698	  0.790389	  0.791947	  0.793388	  0.794715	   0.79593	  0.797033	  0.798026	  0.798908	  0.799682	  0.800348	  0.800911	  0.801379	  0.801759	  0.802055	  0.802273	  0.802421	  0.802503	  0.802527	  0.802499	  0.802426
    10	     0	         0	         0	         0	         0	         0	         0	         0	         0	         0	         0	         0	         0	         0	         0	         0	         0	0.00155142	0.00310473	 0.0047795	0.00661636	 0.0158582	 0.0305717	 0.0520567	 0.0797883	  0.111167	   0.15318	  0.206577	  0.285067	  0.336272	  0.371621	  0.403864	  0.442022	  0.488179	  0.523429	  0.549675	  0.579386	  0.611111	  0.639677	   0.66837	  0.693168	  0.715488	  0.734255	  0.750062	  0.763453	   0.77013	  0.775013	  0.778741	  0.781698	  0.784134	  0.786206	  0.788024	  0.789663	  0.791165	  0.792547	  0.793812	  0.794964	  0.796003	  0.796928	  0.797741	  0.798444	  0.799036	  0.799523	  0.799914	  0.800215	  0.800432	   0.80057	  0.800638	  0.800642	  0.800589	  0.800486	  0.800342
    11	     0	         0	         0	         0	         0	         0	         0	         0	         0	         0	         0	         0	         0	         0	         0	         0	         0	0.00167391	0.00334703	0.00514742	0.00711764	 0.0170469	 0.0328274	 0.0558441	 0.0855145	  0.119036	  0.163767	  0.220437	  0.303603	  0.357449	  0.395078	  0.428723	  0.468394	  0.516483	  0.553646	  0.581539	  0.613442	  0.643085	  0.667426	  0.691149	  0.711199	  0.729141	  0.744096	  0.756674	  0.767374	  0.773049	  0.777333	  0.780698	  0.783436	  0.785741	  0.787739	  0.789516	  0.791134	  0.792629	  0.794013	  0.795286	  0.796449	  0.797503	  0.798445	  0.799279	  0.800004	  0.800622	  0.801138	  0.801561	  0.801895	  0.802149	  0.802327	  0.802436	  0.802484	  0.802476	  0.802421	  0.802324
    12	     0	         0	         0	         0	         0	         0	         0	         0	         0	         0	         0	         0	         0	         0	         0	         0	         0	 0.0015867	0.00318347	0.00491133	0.00681155	 0.0163518	 0.0315616	 0.0538029	 0.0825521	  0.115135	  0.158754	  0.214215	  0.295856	   0.34919	  0.386481	  0.420291	  0.460173	   0.50843	   0.54573	  0.573895	  0.605965	  0.636771	  0.662491	  0.687547	  0.708674	  0.727482	  0.743143	  0.756295	  0.767469	  0.773172	   0.77744	  0.780777	  0.783486	  0.785766	  0.787743	  0.789503	  0.791106	  0.792586	  0.793954	  0.795207	  0.796348	  0.797373	  0.798282	  0.799075	  0.799753	  0.800319	  0.800778	  0.801138	  0.801408	  0.801593	  0.801701	   0.80174	  0.801718	  0.801641	  0.801519	  0.801358
    13	     0	         0	         0	         0	         0	         0	         0	         0	         0	         0	         0	         0	         0	         0	         0	         0	         0	0.00154601	0.00310224	0.00478929	0.00664915	  0.016001	 0.0309529	 0.0528781	 0.0812969	  0.113593	  0.156945	    0.2122	  0.293709	  0.347201	  0.384619	  0.418628	  0.458678	  0.507047	  0.544409	  0.572557	  0.604555	  0.635415	  0.661334	  0.686674	   0.70809	  0.727179	  0.743086	  0.756443	  0.767781	  0.773588	  0.777931	  0.781321	  0.784072	  0.786387	  0.788397	  0.790188	  0.791824	  0.793338	  0.794744	  0.796043	  0.797236	  0.798322	    0.7993	   0.80017	  0.800932	  0.801587	  0.802137	   0.80259	  0.802951	  0.803225	  0.803417	  0.803532	  0.803577	  0.803558	  0.803481	  0.803354
    14	     0	         0	         0	         0	         0	         0	         0	         0	         0	         0	         0	         0	         0	         0	         0	         0	         0	0.00161042	0.00322577	0.00496976	0.00688449	 0.0165149	 0.0318561	 0.0542763	 0.0832417	  0.116052	  0.159965	  0.215794	  0.297959	  0.351575	  0.389092	  0.422976	  0.462919	  0.511225	  0.548529	  0.576629	  0.608626	   0.63902	   0.66427	  0.688903	  0.709707	   0.72828	  0.743773	  0.756804	  0.767886	  0.773625	  0.777933	  0.781302	  0.784035	  0.786332	  0.788322	  0.790091	  0.791701	  0.793188	  0.794563	  0.795826	  0.796978	  0.798018	  0.798943	  0.799756	  0.800456	  0.801045	  0.801528	  0.801913	  0.802206	  0.802415	  0.802544	  0.802601	  0.802594	   0.80253	  0.802416	   0.80226
    15	     0	         0	         0	         0	         0	         0	         0	         0	         0	         0	         0	         0	         0	         0	         0	         0	         0	0.00170435	0.00339069	0.00519007	0.00714582	 0.0170539	 0.0327384	 0.0555508	 0.0848887	  0.117975	  0.162142	  0.218162	  0.300413	  0.353612	   0.39067	  0.423796	  0.462914	  0.510267	  0.546576	  0.573598	  0.604343	  0.634084	  0.659316	  0.684329	  0.705699	  0.724949	  0.741139	  0.754818	  0.766462	  0.772546	  0.777078	  0.780584	  0.783389	  0.785714	  0.787699	  0.789445	  0.791022	  0.792469	  0.793802	  0.795021	  0.796128	  0.797121	  0.798001	  0.798767	   0.79942	  0.799962	  0.800397	  0.800734	  0.800979	   0.80114	  0.801222	  0.801233	   0.80118	  0.801072	  0.800916	   0.80072
    16	     0	         0	         0	         0	         0	         0	         0	         0	         0	         0	         0	         0	         0	         0	         0	         0	         0	0.00170811	 0.0033982	0.00520338	0.00716816	 0.0171181	 0.0328871	 0.0558395	 0.0853784	  0.118711	  0.163214	  0.219672	  0.302549	  0.356202	  0.393646	  0.427031	  0.466386	  0.513969	  0.550446	   0.57756	  0.608407	  0.637697	  0.662271	  0.686596	  0.707375	  0.726131	  0.741926	  0.755299	   0.76671	  0.772785	  0.777346	  0.780894	  0.783748	   0.78612	  0.788153	  0.789942	  0.791558	  0.793039	  0.794402	   0.79565	  0.796784	  0.797805	  0.798713	  0.799509	  0.800193	  0.800767	  0.801235	  0.801605	  0.801884	  0.802078	  0.802191	  0.802232	  0.802207	  0.802123	  0.801988	   0.80181
    17	     0	         0	         0	         0	         0	         0	         0	         0	         0	         0	         0	         0	         0	         0	         0	         0	         0	0.00154692	0.00309143	0.00475332	0.00657341	 0.0157512	 0.0303559	 0.0516841	 0.0792188	  0.110388	   0.15216	  0.205309	  0.283515	  0.334594	  0.369838	  0.402008	  0.440071	  0.486071	  0.521131	  0.547173	  0.576587	  0.608409	  0.637309	  0.666489	  0.691719	  0.714428	  0.733556	  0.749668	  0.763304	  0.770068	  0.774988	  0.778721	  0.781666	  0.784078	  0.786122	   0.78791	   0.78952	  0.790998	  0.792358	  0.793606	  0.794741	  0.795765	  0.796676	  0.797474	   0.79816	  0.798735	  0.799203	  0.799572	  0.799849	  0.800039	  0.800148	  0.800184	  0.800153	  0.800062	   0.79992	  0.799733
    18	     0	         0	         0	         0	         0	         0	         0	         0	         0	         0	         0	         0	         0	         0	         0	         0	         0	0.00159946	0.00320132	0.00492886	0.00682398	 0.0163617	 0.0315489	 0.0537345	 0.0823805	  0.114804	  0.158174	  0.213248	  0.294221	  0.346929	  0.383603	  0.416786	  0.455949	   0.50333	  0.539755	  0.567022	  0.598022	  0.628789	  0.655205	  0.681306	  0.703558	  0.723497	  0.740196	   0.75426	  0.766214	  0.772319	  0.776862	  0.780389	  0.783233	  0.785611	  0.787662	  0.789481	  0.791134	   0.79266	  0.794071	  0.795369	  0.796555	  0.797629	   0.79859	   0.79944	  0.800179	  0.800808	  0.801333	  0.801762	    0.8021	  0.802355	  0.802531	  0.802636	  0.802677	   0.80266	  0.802593	  0.802483
    19	     0	         0	         0	         0	         0	         0	         0	         0	         0	         0	         0	         0	         0	         0	         0	         0	         0	0.00172053	0.00340135	0.00517947	0.00710053	 0.0168998	  0.032375	 0.0548424	 0.0836915	  0.116179	  0.159558	  0.214573	  0.295274	  0.347433	  0.383643	  0.416113	  0.454523	  0.500994	  0.536482	   0.56278	  0.592643	  0.623013	  0.649676	  0.676362	   0.69939	  0.720189	  0.737717	  0.752529	  0.765122	    0.7716	  0.776396	  0.780089	  0.783037	  0.785479	  0.787566	  0.789405	  0.791069	  0.792602	  0.794018	  0.795323	  0.796518	  0.797602	  0.798575	  0.799437	   0.80019	  0.800833	  0.801371	  0.801812	  0.802161	  0.802425	  0.802608	  0.802718	   0.80276	  0.802743	  0.802672	  0.802556
    20	     0	         0	         0	         0	         0	         0	         0	         0	         0	         0	         0	         0	         0	         0	         0	         0	         0	0.00161795	0.00323433	0.00497625	0.00688727	 0.0165191	 0.0318675	 0.0542982	 0.0832714	  0.116069	  0.159933	  0.215607	  0.297418	  0.350611	  0.387642	  0.420974	  0.460253	   0.50775	  0.544267	  0.571529	  0.602586	  0.632757	   0.65837	  0.683627	  0.705171	  0.724517	  0.740705	   0.75434	  0.765935	  0.771954	  0.776452	  0.779953	  0.782781	  0.785149	  0.787192	  0.789003	  0.790648	  0.792166	   0.79357	  0.794866	  0.796055	  0.797138	  0.798115	  0.798989	  0.799758	  0.800424	  0.800991	  0.801465	  0.801851	  0.802155	  0.802379	  0.802531	  0.802615	  0.802638	  0.802604	  0.802521
    21	     0	         0	         0	         0	         0	         0	         0	         0	         0	         0	         0	         0	         0	         0	         0	         0	         0	0.00163841	0.00326305	0.00500157	0.00689695	  0.016502	 0.0317496	 0.0539845	 0.0826527	  0.115068	  0.158462	  0.213642	  0.294839	  0.347641	  0.384346	  0.417423	  0.456491	  0.503737	  0.539912	   0.56683	  0.597379	  0.627708	  0.653875	  0.679904	    0.7022	  0.722271	  0.739147	  0.753388	  0.765486	  0.771692	  0.776275	  0.779793	   0.78259	  0.784893	   0.78685	  0.788565	  0.790108	  0.791523	  0.792823	  0.794012	   0.79509	  0.796058	  0.796914	  0.797658	  0.798291	  0.798813	  0.799229	  0.799546	  0.799771	   0.79991	  0.799969	  0.799955	  0.799875	  0.799737	   0.79955	   0.79932
    22	     0	         0	         0	         0	         0	         0	         0	         0	         0	         0	         0	         0	         0	         0	         0	         0	         0	 0.0016973	0.00337416	0.00516007	0.00709743	  0.016924	 0.0324605	 0.0550382	 0.0840575	  0.116776	  0.160482	  0.215967	  0.297485	  0.350302	  0.387092	  0.420162	  0.459307	   0.50675	  0.543227	  0.570527	  0.601613	  0.631982	  0.657817	  0.683282	  0.705003	  0.724493	  0.740808	  0.754539	  0.766192	  0.772161	   0.77658	  0.779984	  0.782703	   0.78495	  0.786867	  0.788551	  0.790069	  0.791461	  0.792739	  0.793904	  0.794956	  0.795894	  0.796716	  0.797423	  0.798016	  0.798495	  0.798866	  0.799138	  0.799319	  0.799416	  0.799435	  0.799385	  0.799274	  0.799111	  0.798904	  0.798662
    23	     0	         0	         0	         0	         0	         0	         0	         0	         0	         0	         0	         0	         0	         0	         0	         0	         0	0.00163464	0.00327238	0.00503785	0.00697263	 0.0167033	 0.0321772	 0.0547516	 0.0838511	   0.11672	  0.160567	  0.216078	  0.297526	  0.350185	  0.386732	  0.419575	  0.458336	  0.505293	  0.541305	  0.568099	  0.598599	  0.628807	  0.654826	  0.680703	  0.702851	  0.722783	  0.739541	  0.753698	  0.765755	  0.772005	  0.776668	   0.78029	  0.783207	  0.785642	  0.787737	  0.789591	  0.791273	  0.792822	  0.794252	  0.795568	  0.796771	  0.797862	  0.798842	  0.799712	  0.800473	  0.801128	  0.801681	   0.80214	  0.802512	  0.802803	  0.803017	  0.803161	  0.803242	  0.803266	   0.80324	  0.803171
    24	     0	         0	         0	         0	         0	         0	         0	         0	         0	         0	         0	         0	         0	         0	         0	         0	         0	0.00158545	0.00317576	0.00489285	 0.0067779	 0.0162486	 0.0313297	 0.0533505	  0.081761	  0.113879	  0.156777	  0.211139	  0.290918	  0.342672	  0.378463	  0.410881	  0.449178	  0.495534	  0.530991	  0.557349	  0.587277	  0.618306	  0.645803	  0.673341	  0.697077	  0.718458	   0.73645	  0.751638	  0.764552	  0.771128	     0.776	  0.779766	  0.782791	  0.785311	  0.787479	  0.789397	  0.791136	  0.792738	  0.794218	  0.795583	  0.796835	  0.797976	  0.799007	  0.799931	  0.800747	  0.801459	   0.80207	  0.802589	   0.80302	   0.80337	  0.803642	  0.803844	   0.80398	  0.804057	  0.804081	  0.804058
    25	     0	         0	         0	         0	         0	         0	         0	         0	         0	         0	         0	         0	         0	         0	         0	         0	         0	0.00164063	0.00328235	0.00505024	0.00698633	 0.0167382	 0.0322439	  0.054872	  0.084063	  0.117079	  0.161222	  0.217296	  0.299776	  0.353342	  0.390675	  0.424159	  0.463623	  0.511345	  0.547963	  0.575245	  0.606257	  0.635918	  0.660889	  0.685607	  0.706674	  0.725642	  0.741591	  0.755068	  0.766544	  0.772562	  0.777048	  0.780516	  0.783289	  0.785581	  0.787533	  0.789245	  0.790783	   0.79219	  0.793478	  0.794652	  0.795714	  0.796662	  0.797498	  0.798221	  0.798831	  0.799331	  0.799724	  0.800018	   0.80022	  0.800335	  0.800369	   0.80033	  0.800224	  0.800058	  0.799842	  0.799582
    26	     0	         0	         0	         0	         0	         0	         0	         0	         0	         0	         0	         0	         0	         0	         0	         0	         0	0.00157354	0.00315961	0.00487914	0.00677331	 0.0162735	 0.0314345	 0.0536121	 0.0822696	  0.114709	  0.158049	  0.212977	  0.293633	  0.345959	  0.382162	  0.414857	  0.453423	  0.500099	  0.535809	  0.562309	  0.592423	  0.622938	  0.649647	  0.676353	  0.699318	  0.720019	  0.737447	  0.752175	  0.764711	  0.771165	   0.77596	  0.779671	  0.782653	  0.785135	  0.787268	  0.789153	  0.790859	   0.79243	  0.793881	  0.795217	  0.796444	  0.797561	  0.798571	  0.799476	  0.800276	  0.800974	  0.801573	   0.80208	  0.802503	  0.802844	  0.803109	  0.803303	  0.803432	  0.803502	  0.803518	  0.803486
    27	     0	         0	         0	         0	         0	         0	         0	         0	         0	         0	         0	         0	         0	         0	         0	         0	         0	0.00162193	0.00324672	0.00499971	0.00692357	 0.0166163	 0.0320617	 0.0546476	 0.0838415	  0.116924	  0.161198	  0.217447	  0.300224	   0.35415	  0.391949	  0.425993	  0.466091	  0.514612	  0.552214	  0.580584	  0.612981	  0.643183	  0.667941	  0.691959	  0.712149	  0.730122	  0.745049	  0.757567	  0.768197	  0.773754	  0.777945	  0.781241	  0.783932	  0.786208	  0.788189	  0.789959	  0.791575	  0.793071	  0.794458	  0.795737	  0.796909	  0.797972	  0.798925	   0.79977	  0.800506	  0.801135	  0.801661	  0.802091	  0.802431	  0.802687	  0.802864	  0.802969	  0.803006	  0.802984	  0.802908	  0.802785
    28	     0	         0	         0	         0	         0	         0	         0	         0	         0	         0	         0	         0	         0	         0	         0	         0	         0	0.00164297	0.00329333	 0.0050766	 0.0070351	 0.0168791	  0.032558	  0.055467	 0.0850483	  0.118526	  0.163237	  0.219927	  0.303211	  0.357245	  0.395046	   0.42892	  0.468802	  0.517088	  0.554398	  0.582405	  0.614384	  0.643992	  0.668224	   0.69185	  0.711774	  0.729597	  0.744478	  0.757017	  0.767706	  0.773401	  0.777717	  0.781118	  0.783894	  0.786237	  0.788271	  0.790082	   0.79173	   0.79325	  0.794654	  0.795943	  0.797118	   0.79818	  0.799129	  0.799966	  0.800692	   0.80131	  0.801823	  0.802242	  0.802572	   0.80282	   0.80299	  0.803091	  0.803128	  0.803109	  0.803041	  0.802929
    29	     0	         0	         0	         0	         0	         0	         0	         0	         0	         0	         0	         0	         0	         0	         0	         0	         0	0.00165359	0.00330077	0.00506894	 0.0070006	 0.0167568	 0.0322531	 0.0548491	  0.083976	  0.116889	  0.160869	   0.21667	  0.298633	    0.3518	  0.388792	  0.422015	  0.461243	  0.508749	  0.545255	  0.572495	  0.603541	  0.633577	  0.659024	  0.684121	  0.705538	  0.724785	  0.740906	  0.754491	  0.766041	  0.772047	  0.776525	      0.78	  0.782795	  0.785124	  0.787124	  0.788893	  0.790497	  0.791976	  0.793342	  0.794598	  0.795745	  0.796782	  0.797709	  0.798526	  0.799235	  0.799834	   0.80033	  0.800731	  0.801042	  0.801269	  0.801419	  0.801497	  0.801512	  0.801469	  0.801377	  0.801242
    30	     0	         0	         0	         0	         0	         0	         0	         0	         0	         0	         0	         0	         0	         0	         0	         0	         0	0.00171518	0.00341421	0.00522646	0.00719431	 0.0171656	 0.0329373	 0.0558723	 0.0853711	  0.118658	   0.16312	  0.219565	  0.302559	  0.356342	  0.394037	  0.427791	  0.467664	  0.515995	   0.55339	  0.581569	   0.61373	  0.643704	  0.668274	  0.692178	  0.712274	  0.730181	  0.745086	  0.757592	  0.768198	    0.7737	  0.777808	  0.781002	  0.783576	  0.785723	   0.78757	  0.789203	  0.790685	   0.79205	  0.793308	  0.794457	  0.795494	  0.796417	  0.797224	  0.797913	  0.798487	  0.798945	  0.799293	   0.79954	  0.799695	  0.799765	  0.799756	  0.799678	  0.799539	  0.799348	  0.799114	  0.798845
    31	     0	         0	         0	         0	         0	         0	         0	         0	         0	         0	         0	         0	         0	         0	         0	         0	         0	0.00155363	0.00310662	0.00477763	0.00660656	 0.0158113	 0.0304407	 0.0517706	 0.0792594	  0.110313	  0.151846	  0.204564	  0.281974	  0.332312	  0.366858	  0.398378	  0.435734	  0.480943	  0.515297	  0.540712	  0.569427	    0.6014	  0.630967	  0.661052	  0.687224	  0.710847	   0.73078	  0.747576	  0.761778	  0.768806	  0.773892	  0.777732	  0.780745	  0.783198	  0.785266	  0.787066	   0.78868	  0.790154	  0.791506	   0.79274	  0.793859	  0.794864	  0.795755	  0.796533	  0.797199	  0.797754	  0.798204	  0.798558	  0.798821	  0.799001	  0.799102	  0.799134	  0.799102	  0.799015	   0.79888	  0.798704
    32	     0	         0	         0	         0	         0	         0	         0	         0	         0	         0	         0	         0	         0	         0	         0	         0	         0	0.00163031	0.00327673	0.00506512	0.00703884	 0.0169358	   0.03275	 0.0559147	 0.0858932	  0.119889	   0.16533	  0.223016	  0.307838	  0.363023	  0.401786	  0.436366	  0.476939	  0.525976	  0.563928	  0.592448	  0.625025	  0.653765	  0.676453	  0.698424	  0.716815	  0.733278	  0.747021	  0.758619	  0.768529	  0.774024	  0.778241	  0.781593	  0.784342	  0.786669	   0.78869	  0.790489	  0.792122	  0.793623	  0.795005	   0.79627	   0.79742	  0.798457	   0.79938	  0.800191	  0.800893	  0.801487	  0.801978	  0.802375	  0.802685	  0.802913	  0.803064	  0.803147	  0.803168	  0.803133	   0.80305	  0.802925
    33	     0	         0	         0	         0	         0	         0	         0	         0	         0	         0	         0	         0	         0	         0	         0	         0	         0	0.00166936	0.00333558	0.00512467	0.00707812	 0.0169239	 0.0325406	 0.0552803	  0.084552	  0.117587	  0.161677	  0.217581	  0.299668	  0.352829	  0.389847	  0.423071	  0.462328	  0.509907	  0.546499	   0.57387	  0.605064	  0.635094	  0.660396	  0.685313	  0.706522	  0.725566	  0.741524	  0.754977	  0.766423	  0.772364	  0.776795	  0.780231	  0.782991	  0.785286	  0.787252	  0.788983	  0.790548	  0.791985	  0.793305	  0.794509	    0.7956	  0.796575	  0.797435	  0.798179	  0.798811	   0.79933	  0.799743	   0.80006	  0.800287	  0.800432	  0.800501	  0.800503	  0.800445	  0.800337	  0.800186	  0.800001
    34	     0	         0	         0	         0	         0	         0	         0	         0	         0	         0	         0	         0	         0	         0	         0	         0	         0	0.00166292	0.00330922	0.00506736	0.00697976	 0.0166509	 0.0319639	 0.0542231	 0.0828226	  0.115029	  0.157971	  0.212319	  0.291962	  0.343334	  0.378777	  0.410693	  0.448482	  0.494258	  0.529127	  0.554905	  0.584166	  0.614952	  0.642576	  0.670459	  0.694658	  0.716559	  0.735055	  0.750693	  0.763981	  0.770762	  0.775757	  0.779588	  0.782635	  0.785149	   0.78729	   0.78917	  0.790865	   0.79242	  0.793852	  0.795167	  0.796369	  0.797458	  0.798436	  0.799304	  0.800064	  0.800716	  0.801267	  0.801723	  0.802091	  0.802377	  0.802586	  0.802725	  0.802799	  0.802817	  0.802785	   0.80271
    35	     0	         0	         0	         0	         0	         0	         0	         0	         0	         0	         0	         0	         0	         0	         0	         0	         0	0.00161063	0.00320556	0.00490774	 0.0067584	 0.0161333	 0.0309836	 0.0526032	 0.0804459	  0.111911	  0.154074	  0.207762	  0.286881	   0.33851	  0.374337	  0.406975	  0.445641	  0.492426	  0.528306	  0.555196	  0.585645	  0.617464	  0.645629	  0.673698	  0.697689	  0.719127	  0.737061	  0.752091	  0.764769	  0.770942	  0.775398	  0.778754	  0.781383	  0.783522	  0.785321	  0.786886	  0.788288	   0.78957	  0.790744	  0.791812	  0.792771	  0.793618	  0.794351	  0.794968	   0.79547	  0.795855	  0.796129	  0.796298	   0.79637	  0.796353	   0.79625	  0.796072	  0.795826	  0.795521	  0.795165	  0.794766
    36	     0	         0	         0	         0	         0	         0	         0	         0	         0	         0	         0	         0	         0	         0	         0	         0	         0	 0.0015867	0.00318347	0.00491133	0.00681155	 0.0163518	 0.0315616	 0.0538029	 0.0825521	  0.115135	  0.158754	  0.214215	  0.295856	   0.34919	  0.386481	  0.420291	  0.460173	   0.50843	   0.54573	  0.573895	  0.605965	  0.636771	  0.662491	  0.687547	  0.708674	  0.727482	  0.743143	  0.756295	  0.767469	  0.773172	   0.77744	  0.780777	  0.783486	  0.785766	  0.787743	  0.789503	  0.791106	  0.792586	  0.793954	  0.795207	  0.796348	  0.797373	  0.798282	  0.799075	  0.799753	  0.800319	  0.800778	  0.801138	  0.801408	  0.801593	  0.801701	   0.80174	  0.801718	  0.801641	  0.801519	  0.801358
    37	     0	         0	         0	         0	         0	         0	         0	         0	         0	         0	         0	         0	         0	         0	         0	         0	         0	0.00152348	0.00306275	0.00473533	0.00658199	 0.0158502	  0.030675	 0.0524212	 0.0806124	  0.112652	  0.155653	  0.210441	  0.291241	  0.344237	  0.381177	  0.414821	   0.45447	   0.50237	  0.539261	  0.566962	  0.598397	  0.629482	  0.656073	  0.682276	  0.704524	  0.724395	  0.741008	  0.754978	  0.766837	  0.772857	  0.777332	  0.780805	  0.783606	  0.785951	  0.787976	  0.789775	  0.791413	  0.792926	  0.794327	  0.795619	  0.796803	  0.797878	  0.798842	  0.799696	   0.80044	  0.801076	  0.801606	  0.802038	  0.802379	  0.802633	  0.802805	  0.802903	  0.802931	  0.802897	  0.802807	  0.802668
    38	     0	         0	         0	         0	         0	         0	         0	         0	         0	         0	         0	         0	         0	         0	         0	         0	         0	 0.0015867	0.00318347	0.00491133	0.00681155	 0.0163518	 0.0315616	 0.0538029	 0.0825521	  0.115135	  0.158754	  0.214215	  0.295856	   0.34919	  0.386481	  0.420291	  0.460173	   0.50843	   0.54573	  0.573895	  0.605965	  0.636771	  0.662491	  0.687547	  0.708674	  0.727482	  0.743143	  0.756295	  0.767469	  0.773172	   0.77744	  0.780777	  0.783486	  0.785766	  0.787743	  0.789503	  0.791106	  0.792586	  0.793954	  0.795207	  0.796348	  0.797373	  0.798282	  0.799075	  0.799753	  0.800319	  0.800778	  0.801138	  0.801408	  0.801593	  0.801701	   0.80174	  0.801718	  0.801641	  0.801519	  0.801358
    39	     0	         0	         0	         0	         0	         0	         0	         0	         0	         0	         0	         0	         0	         0	         0	         0	         0	0.00166982	0.00332917	0.00510703	0.00704626	 0.0168395	 0.0323754	 0.0549965	 0.0841085	  0.116944	  0.160731	  0.216146	  0.297388	  0.349848	   0.38627	  0.418971	  0.457611	   0.50444	  0.540375	  0.567138	  0.597634	  0.627956	   0.65411	   0.68006	  0.702288	  0.722278	  0.739048	  0.753191	  0.765224	  0.771427	  0.776047	  0.779633	   0.78252	   0.78493	  0.787004	  0.788839	  0.790504	  0.792037	  0.793453	  0.794755	  0.795945	  0.797023	   0.79799	  0.798848	  0.799597	   0.80024	  0.800781	  0.801228	  0.801587	  0.801866	  0.802068	    0.8022	  0.802269	  0.802282	  0.802245	  0.802164
    40	     0	         0	         0	         0	         0	         0	         0	         0	         0	         0	         0	         0	         0	         0	         0	         0	         0	0.00167066	0.00333913	0.00513297	0.00709487	 0.0169991	 0.0327385	 0.0557115	 0.0853539	  0.118895	   0.16375	  0.220763	  0.304678	  0.359216	  0.397465	  0.431619	  0.471817	  0.520425	  0.557922	  0.586015	  0.618012	  0.647163	  0.670802	  0.693916	  0.713389	  0.730847	  0.745468	  0.757804	  0.768312	  0.773959	  0.778216	  0.781542	  0.784225	  0.786461	  0.788381	  0.790074	  0.791605	  0.793011	  0.794305	  0.795486	  0.796557	  0.797515	  0.798359	   0.79909	  0.799708	  0.800213	  0.800611	  0.800911	  0.801118	   0.80124	  0.801281	  0.801252	  0.801157	  0.801007	  0.800809	   0.80057
    41	     0	         0	         0	         0	         0	         0	         0	         0	         0	         0	         0	         0	         0	         0	         0	         0	         0	 0.0015867	0.00318347	0.00491133	0.00681155	 0.0163518	 0.0315616	 0.0538029	 0.0825521	  0.115135	  0.158754	  0.214215	  0.295856	   0.34919	  0.386481	  0.420291	  0.460173	   0.50843	   0.54573	  0.573895	  0.605965	  0.636771	  0.662491	  0.687547	  0.708674	  0.727482	  0.743143	  0.756295	  0.767469	  0.773172	   0.77744	  0.780777	  0.783486	  0.785766	  0.787743	  0.789503	  0.791106	  0.792586	  0.793954	  0.795207	  0.796348	  0.797373	  0.798282	  0.799075	  0.799753	  0.800319	  0.800778	  0.801138	  0.801408	  0.801593	  0.801701	   0.80174	  0.801718	  0.801641	  0.801519	  0.801358
    42	     0	         0	         0	         0	         0	         0	         0	         0	         0	         0	         0	         0	         0	         0	         0	         0	         0	 0.0015867	0.00318347	0.00491133	0.00681155	 0.0163518	 0.0315616	 0.0538029	 0.0825521	  0.115135	  0.158754	  0.214215	  0.295856	   0.34919	  0.386481	  0.420291	  0.460173	   0.50843	   0.54573	  0.573895	  0.605965	  0.636771	  0.662491	  0.687547	  0.708674	  0.727482	  0.743143	  0.756295	  0.767469	  0.773172	   0.77744	  0.780777	  0.783486	  0.785766	  0.787743	  0.789503	  0.791106	  0.792586	  0.793954	  0.795207	  0.796348	  0.797373	  0.798282	  0.799075	  0.799753	  0.800319	  0.800778	  0.801138	  0.801408	  0.801593	  0.801701	   0.80174	  0.801718	  0.801641	  0.801519	  0.801358
    43	     0	         0	         0	         0	         0	         0	         0	         0	         0	         0	         0	         0	         0	         0	         0	         0	         0	0.00156371	0.00315346	0.00488652	 0.0068028	 0.0163833	  0.031701	 0.0541522	 0.0832298	   0.11624	  0.160436	  0.216622	  0.299397	  0.353477	   0.39137	  0.425666	  0.466072	  0.515018	  0.553054	  0.581912	   0.61489	  0.645361	  0.670082	  0.693919	  0.713844	  0.731509	  0.746132	  0.758365	  0.768735	  0.774105	  0.778146	  0.781318	  0.783904	  0.786085	   0.78798	  0.789668	  0.791206	  0.792624	  0.793933	  0.795132	  0.796221	  0.797199	  0.798064	  0.798817	  0.799459	  0.799991	  0.800419	   0.80075	  0.800992	  0.801151	  0.801233	  0.801246	  0.801197	  0.801093	  0.800943	  0.800753
    44	     0	         0	         0	         0	         0	         0	         0	         0	         0	         0	         0	         0	         0	         0	         0	         0	         0	0.00164297	0.00329333	 0.0050766	 0.0070351	 0.0168791	  0.032558	  0.055467	 0.0850483	  0.118526	  0.163237	  0.219927	  0.303211	  0.357245	  0.395046	   0.42892	  0.468802	  0.517088	  0.554398	  0.582405	  0.614384	  0.643992	  0.668224	   0.69185	  0.711774	  0.729597	  0.744478	  0.757017	  0.767706	  0.773401	  0.777717	  0.781118	  0.783894	  0.786237	  0.788271	  0.790082	   0.79173	   0.79325	  0.794654	  0.795943	  0.797118	   0.79818	  0.799129	  0.799966	  0.800692	   0.80131	  0.801823	  0.802242	  0.802572	   0.80282	   0.80299	  0.803091	  0.803128	  0.803109	  0.803041	  0.802929
    45	     0	         0	         0	         0	         0	         0	         0	         0	         0	         0	         0	         0	         0	         0	         0	         0	         0	0.00163272	0.00325971	0.00500685	0.00691611	 0.0165354	 0.0318081	 0.0540502	 0.0826734	  0.114948	  0.157977	  0.212403	  0.292148	  0.343633	  0.379173	  0.411235	  0.449165	  0.495128	  0.530237	  0.556274	  0.585873	  0.616769	  0.644293	  0.671934	  0.695822	  0.717372	  0.735512	   0.75082	  0.763824	  0.770429	    0.7753	  0.779046	  0.782038	  0.784517	  0.786638	  0.788506	  0.790195	  0.791747	  0.793179	  0.794496	  0.795701	  0.796795	   0.79778	  0.798657	  0.799427	  0.800093	  0.800659	  0.801132	  0.801519	  0.801825	  0.802055	  0.802216	  0.802313	  0.802353	  0.802342	  0.802287
    46	     0	         0	         0	         0	         0	         0	         0	         0	         0	         0	         0	         0	         0	         0	         0	         0	         0	0.00170811	 0.0033982	0.00520338	0.00716816	 0.0171181	 0.0328871	 0.0558395	 0.0853784	  0.118711	  0.163214	  0.219672	  0.302549	  0.356202	  0.393646	  0.427031	  0.466386	  0.513969	  0.550446	   0.57756	  0.608407	  0.637697	  0.662271	  0.686596	  0.707375	  0.726131	  0.741926	  0.755299	   0.76671	  0.772785	  0.777346	  0.780894	  0.783748	   0.78612	  0.788153	  0.789942	  0.791558	  0.793039	  0.794402	   0.79565	  0.796784	  0.797805	  0.798713	  0.799509	  0.800193	  0.800767	  0.801235	  0.801605	  0.801884	  0.802078	  0.802191	  0.802232	  0.802207	  0.802123	  0.801988	   0.80181
    47	     0	         0	         0	         0	         0	         0	         0	         0	         0	         0	         0	         0	         0	         0	         0	         0	         0	0.00165998	0.00329941	0.00504781	0.00694843	 0.0165969	 0.0318847	 0.0541439	  0.082801	  0.115156	  0.158422	  0.213374	  0.294135	  0.346523	  0.382874	  0.415609	  0.454306	  0.501115	  0.536879	  0.563412	  0.593512	  0.623945	  0.650545	  0.677133	  0.700001	  0.720621	  0.737993	  0.752668	  0.765142	  0.771537	  0.776261	  0.779891	  0.782783	  0.785171	  0.787208	  0.788998	  0.790615	  0.792103	  0.793475	  0.794734	  0.795882	  0.796917	   0.79784	  0.798649	  0.799347	  0.799933	  0.800413	  0.800793	  0.801082	  0.801284	  0.801406	  0.801455	  0.801438	  0.801363	  0.801237	  0.801067
    48	     0	         0	         0	         0	         0	         0	         0	         0	         0	         0	         0	         0	         0	         0	         0	         0	         0	 0.0015981	0.00319523	0.00491503	0.00679934	 0.0162921	 0.0313982	 0.0534525	 0.0819094	   0.11409	  0.157106	  0.211657	  0.291781	  0.343787	  0.379801	   0.41239	  0.450882	  0.497464	  0.533122	  0.559635	  0.589746	  0.620635	  0.647823	  0.674978	  0.698321	  0.719321	  0.736966	  0.751848	  0.764494	  0.770928	  0.775689	  0.779367	  0.782317	  0.784773	  0.786884	  0.788751	  0.790444	  0.792004	  0.793446	  0.794775	  0.795992	  0.797099	  0.798096	  0.798985	  0.799766	  0.800441	  0.801015	  0.801494	  0.801885	  0.802193	  0.802422	  0.802579	  0.802669	    0.8027	  0.802676	  0.802604
    49	     0	         0	         0	         0	         0	         0	         0	         0	         0	         0	         0	         0	         0	         0	         0	         0	         0	0.00161258	0.00322673	0.00496803	0.00687942	   0.01651	 0.0318603	 0.0543095	 0.0833252	  0.116201	  0.160189	  0.216055	  0.298239	  0.351763	   0.38923	  0.423045	  0.462887	  0.511097	  0.548408	   0.57654	  0.608626	  0.639131	  0.664471	  0.689154	  0.709954	  0.728476	  0.743888	  0.756828	  0.767824	  0.773511	   0.77779	  0.781153	  0.783897	  0.786218	  0.788239	  0.790046	  0.791696	  0.793225	  0.794643	  0.795951	   0.79715	  0.798239	  0.799217	  0.800086	  0.800846	  0.801498	  0.802048	  0.802504	  0.802872	  0.803157	  0.803365	  0.803503	  0.803578	  0.803595	  0.803562	  0.803485
    50	     0	         0	         0	         0	         0	         0	         0	         0	         0	         0	         0	         0	         0	         0	         0	         0	         0	0.00158935	0.00317891	0.00489049	0.00676516	 0.0162094	 0.0312317	 0.0531607	 0.0814584	  0.113474	   0.15632	  0.210766	  0.290839	  0.342979	  0.379129	  0.411914	  0.450659	  0.497526	  0.533408	  0.560149	  0.590476	  0.621484	  0.648703	  0.675856	  0.699185	  0.720165	  0.737801	  0.752671	  0.765296	  0.771699	  0.776424	  0.780057	  0.782958	   0.78536	  0.787415	  0.789224	   0.79086	  0.792364	  0.793751	  0.795024	  0.796185	  0.797233	  0.798169	  0.798992	  0.799704	  0.800306	  0.800803	  0.801201	  0.801508	   0.80173	  0.801872	  0.801941	  0.801944	  0.801888	  0.801781	  0.801629
    51	     0	         0	         0	         0	         0	         0	         0	         0	         0	         0	         0	         0	         0	         0	         0	         0	         0	 0.0016065	 0.0032135	0.00494654	0.00684862	 0.0164406	 0.0317294	 0.0540927	 0.0830008	  0.115754	  0.159589	  0.215276	  0.297202	  0.350463	  0.387491	  0.420786	  0.459983	  0.507331	  0.543552	  0.570392	  0.600842	  0.630656	   0.65621	  0.681687	  0.703474	  0.723115	  0.739678	  0.753705	   0.76567	  0.771938	  0.776622	  0.780258	  0.783183	  0.785619	  0.787711	   0.78956	  0.791235	  0.792775	  0.794198	  0.795506	  0.796702	  0.797787	   0.79876	  0.799624	  0.800378	  0.801024	  0.801566	  0.802013	  0.802368	  0.802639	   0.80283	  0.802946	  0.802995	  0.802982	  0.802914	  0.802797
    52	     0	         0	         0	         0	         0	         0	         0	         0	         0	         0	         0	         0	         0	         0	         0	         0	         0	0.00164082	0.00328336	0.00505132	0.00698583	 0.0167291	 0.0322086	  0.054787	 0.0839023	  0.116825	  0.160838	  0.216732	  0.298948	  0.352371	  0.389659	  0.423227	  0.462851	  0.510838	  0.547832	  0.575597	   0.60722	  0.637409	  0.662646	  0.687397	   0.70836	  0.727115	  0.742793	  0.755987	  0.767199	  0.772998	  0.777323	  0.780681	  0.783382	  0.785632	  0.787564	   0.78927	  0.790814	  0.792232	  0.793538	   0.79473	  0.795809	  0.796774	  0.797623	  0.798357	  0.798977	  0.799484	  0.799883	  0.800184	  0.800393	  0.800517	  0.800563	  0.800539	  0.800452	  0.800312	  0.800125	    0.7999
    53	     0	         0	         0	         0	         0	         0	         0	         0	         0	         0	         0	         0	         0	         0	         0	         0	         0	0.00164768	 0.0032835	0.00503462	 0.0069436	 0.0166079	 0.0319439	 0.0543005	 0.0831171	  0.115692	  0.159271	   0.21464	  0.296089	  0.349012	  0.385893	  0.419141	   0.45842	   0.50597	  0.542554	  0.569946	  0.601106	  0.631635	  0.657645	  0.683301	  0.705139	  0.724699	  0.741062	  0.754826	  0.766505	  0.772472	  0.776893	  0.780307	  0.783041	  0.785312	  0.787257	  0.788973	  0.790526	  0.791957	  0.793276	  0.794485	  0.795585	  0.796573	  0.797449	  0.798213	  0.798864	  0.799404	  0.799837	  0.800172	  0.800416	  0.800574	  0.800652	  0.800659	  0.800602	  0.800487	  0.800324	   0.80012
    54	     0	         0	         0	         0	         0	         0	         0	         0	         0	         0	         0	         0	         0	         0	         0	         0	         0	 0.0016411	0.00326486	0.00500112	0.00689392	 0.0164789	  0.031696	 0.0538725	 0.0824423	  0.114708	  0.157831	  0.212536	  0.292857	  0.344902	  0.380934	  0.413398	  0.451746	  0.498118	  0.533511	  0.559718	  0.589454	  0.620007	  0.647002	  0.674092	   0.69748	    0.7186	  0.736398	  0.751433	  0.764212	  0.770748	  0.775572	  0.779278	  0.782231	  0.784671	  0.786753	  0.788581	  0.790231	  0.791745	  0.793141	  0.794422	  0.795594	  0.796656	   0.79761	  0.798455	  0.799194	  0.799826	  0.800356	  0.800792	  0.801138	  0.801401	  0.801584	  0.801695	  0.801739	  0.801722	  0.801652	  0.801534
    55	     0	         0	         0	         0	         0	         0	         0	         0	         0	         0	         0	         0	         0	         0	         0	         0	         0	0.00167896	 0.0033434	0.00512206	0.00705762	 0.0168561	 0.0323823	 0.0549827	 0.0840746	  0.116918	    0.1608	   0.21649	  0.298327	  0.351418	  0.388511	  0.421904	  0.461383	  0.509244	  0.546241	  0.574116	  0.605931	   0.63653	  0.662163	  0.687181	  0.708336	   0.72719	  0.742869	  0.756006	  0.767135	  0.772802	  0.777014	  0.780283	  0.782917	  0.785119	  0.787016	  0.788698	  0.790228	  0.791639	  0.792943	  0.794138	  0.795223	  0.796197	  0.797056	  0.797803	  0.798436	  0.798957	  0.799372	  0.799688	  0.799915	  0.800057	  0.800123	   0.80012	  0.800056	  0.799939	  0.799777	  0.799578
    56	     0	         0	         0	         0	         0	         0	         0	         0	         0	         0	         0	         0	         0	         0	         0	         0	         0	0.00159289	0.00318944	0.00491359	0.00680794	 0.0163596	 0.0315989	 0.0539127	 0.0827931	  0.115567	  0.159505	  0.215433	  0.297868	  0.351719	  0.389386	    0.4234	  0.463463	  0.511909	  0.549338	  0.577482	  0.609534	  0.639757	  0.664777	  0.689186	  0.709759	  0.728107	  0.743387	  0.756215	  0.767104	  0.772738	  0.776948	  0.780223	  0.782866	  0.785076	   0.78698	  0.788666	  0.790197	  0.791606	  0.792907	  0.794099	  0.795185	   0.79616	  0.797026	  0.797781	  0.798426	  0.798961	  0.799391	  0.799723	  0.799965	  0.800121	  0.800198	  0.800202	  0.800139	  0.800019	  0.799847	  0.799631
    57	     0	         0	         0	         0	         0	         0	         0	         0	         0	         0	         0	         0	         0	         0	         0	         0	         0	0.00164297	0.00329333	 0.0050766	 0.0070351	 0.0168791	  0.032558	  0.055467	 0.0850483	  0.118526	  0.163237	  0.219927	  0.303211	  0.357245	  0.395046	   0.42892	  0.468802	  0.517088	  0.554398	  0.582405	  0.614384	  0.643992	  0.668224	   0.69185	  0.711774	  0.729597	  0.744478	  0.757017	  0.767706	  0.773401	  0.777717	  0.781118	  0.783894	  0.786237	  0.788271	  0.790082	   0.79173	   0.79325	  0.794654	  0.795943	  0.797118	   0.79818	  0.799129	  0.799966	  0.800692	   0.80131	  0.801823	  0.802242	  0.802572	   0.80282	   0.80299	  0.803091	  0.803128	  0.803109	  0.803041	  0.802929
    58	     0	         0	         0	         0	         0	         0	         0	         0	         0	         0	         0	         0	         0	         0	         0	         0	         0	0.00175611	 0.0034838	0.00531927	0.00730732	 0.0174067	 0.0333628	 0.0565315	 0.0862812	  0.119779	  0.164434	  0.220998	  0.303915	  0.357365	  0.394644	  0.427753	  0.466848	  0.514202	  0.550541	  0.577566	  0.608376	  0.637682	  0.662279	  0.686604	   0.70736	  0.726069	  0.741793	  0.755079	  0.766395	  0.772379	  0.776855	  0.780329	  0.783116	  0.785429	  0.787407	  0.789148	  0.790721	  0.792164	  0.793492	  0.794707	  0.795809	  0.796798	  0.797672	  0.798433	  0.799081	  0.799618	  0.800048	  0.800381	  0.800622	   0.80078	  0.800859	  0.800869	  0.800816	  0.800708	  0.800554	   0.80036
    59	     0	         0	         0	         0	         0	         0	         0	         0	         0	         0	         0	         0	         0	         0	         0	         0	         0	0.00161812	0.00322172	0.00493609	0.00680335	 0.0162568	 0.0312492	 0.0530887	  0.081223	  0.113014	  0.155578	   0.20972	  0.289383	  0.341266	  0.377231	  0.409853	  0.448458	   0.49514	  0.530806	  0.557351	  0.587403	  0.618497	  0.645991	  0.673496	  0.697176	  0.718494	  0.736435	  0.751565	  0.764401	  0.770858	  0.775589	  0.779196	  0.782049	  0.784387	  0.786367	  0.788095	  0.789646	  0.791064	  0.792363	  0.793548	  0.794618	  0.795574	  0.796415	  0.797141	  0.797754	  0.798252	  0.798643	  0.798934	  0.799131	  0.799242	  0.799272	  0.799229	   0.79912	  0.798955	   0.79874	  0.798484
    60	     0	         0	         0	         0	         0	         0	         0	         0	         0	         0	         0	         0	         0	         0	         0	         0	         0	0.00150114	  0.003022	0.00467621	0.00650277	  0.015649	 0.0302668	 0.0516879	 0.0794302	  0.110928	  0.153175	   0.20696	  0.286197	  0.338134	  0.374136	  0.407075	  0.445987	  0.493042	  0.529161	  0.556218	  0.586869	  0.618623	  0.646622	  0.674482	  0.698317	  0.719644	  0.737508	  0.752525	  0.765245	  0.771578	  0.776231	  0.779806	  0.782663	  0.785035	  0.787069	  0.788867	  0.790496	  0.791997	  0.793383	  0.794657	  0.795818	  0.796867	  0.797802	  0.798625	  0.799335	  0.799935	  0.800428	  0.800822	  0.801125	  0.801341	  0.801477	  0.801539	  0.801534	   0.80147	  0.801353	  0.801191
    61	     0	         0	         0	         0	         0	         0	         0	         0	         0	         0	         0	         0	         0	         0	         0	         0	         0	0.00165217	0.00331086	0.00510444	0.00707669	 0.0170094	 0.0328563	 0.0560552	 0.0860647	  0.120088	  0.165585	  0.223348	  0.308298	  0.363535	  0.402409	  0.437053	   0.47772	  0.526904	   0.56509	   0.59385	  0.626755	  0.655575	  0.678194	  0.699993	  0.718193	   0.73444	  0.747945	  0.759308	  0.768998	  0.774399	  0.778556	  0.781874	  0.784607	  0.786932	  0.788962	  0.790776	   0.79243	  0.793956	  0.795367	  0.796664	   0.79785	  0.798926	  0.799891	  0.800747	  0.801497	   0.80214	  0.802682	  0.803131	  0.803494	  0.803774	  0.803978	  0.804112	  0.804181	  0.804192	  0.804151	  0.804065
    62	     0	         0	         0	         0	         0	         0	         0	         0	         0	         0	         0	         0	         0	         0	         0	         0	         0	 0.0016469	0.00328803	0.00504905	0.00697213	 0.0166956	 0.0321388	 0.0546792	 0.0837728	  0.116721	  0.160862	  0.217078	   0.29997	  0.354079	  0.392109	  0.426387	  0.466806	  0.515687	  0.553533	  0.582119	  0.614651	    0.6448	   0.66939	  0.693262	  0.713288	  0.731115	  0.745963	  0.758434	  0.769023	  0.774537	  0.778668	  0.781888	  0.784487	  0.786659	  0.788528	  0.790182	  0.791683	  0.793064	  0.794336	  0.795498	   0.79655	  0.797489	  0.798312	   0.79902	  0.799612	  0.800088	  0.800455	   0.80072	   0.80089	  0.800972	  0.800973	    0.8009	  0.800761	  0.800564	  0.800319	  0.800033
    63	     0	         0	         0	         0	         0	         0	         0	         0	         0	         0	         0	         0	         0	         0	         0	         0	         0	0.00155337	0.00312442	0.00483051	0.00671137	 0.0161278	 0.0311538	 0.0531349	 0.0815466	  0.113727	  0.156763	  0.211388	  0.291683	  0.343929	   0.38007	  0.412829	  0.451496	  0.498279	  0.534052	  0.560634	   0.59079	  0.621554	  0.648574	  0.675613	  0.698864	  0.719811	  0.737455	  0.752361	  0.765037	  0.771517	  0.776312	  0.780008	  0.782964	  0.785416	  0.787515	  0.789364	  0.791036	  0.792572	  0.793989	  0.795289	  0.796477	  0.797552	  0.798516	  0.799369	  0.800113	  0.800749	  0.801282	  0.801719	  0.802066	   0.80233	  0.802514	  0.802626	  0.802672	  0.802658	  0.802591	  0.802479
    64	     0	         0	         0	         0	         0	         0	         0	         0	         0	         0	         0	         0	         0	         0	         0	         0	         0	0.00148208	0.00300002	0.00466676	0.00652221	 0.0157718	  0.030634	 0.0525073	 0.0809441	  0.113341	  0.156826	  0.212218	  0.293954	  0.347627	  0.385096	  0.419216	  0.459349	  0.507848	  0.545329	  0.573568	  0.605677	  0.636433	  0.662123	  0.687228	  0.708367	  0.727185	  0.742869	  0.756048	  0.767249	  0.772992	  0.777292	  0.780652	  0.783378	   0.78567	  0.787657	  0.789424	   0.79103	  0.792512	  0.793879	  0.795135	  0.796281	  0.797317	  0.798242	  0.799057	  0.799764	  0.800362	  0.800857	  0.801257	  0.801567	  0.801792	  0.801938	  0.802011	  0.802018	  0.801965	  0.801858	  0.801704
    65	     0	         0	         0	         0	         0	         0	         0	         0	         0	         0	         0	         0	         0	         0	         0	         0	         0	0.00158945	0.00319105	0.00492548	0.00683349	 0.0164147	 0.0316922	 0.0540378	 0.0829214	  0.115644	  0.159417	  0.214997	  0.296761	  0.349971	  0.387022	  0.420478	  0.459935	  0.507701	  0.544493	  0.572052	  0.603438	  0.633836	  0.659546	  0.684851	  0.706349	  0.725598	  0.741694	  0.755242	  0.766754	  0.772697	  0.777132	  0.780581	  0.783364	  0.785691	  0.787699	  0.789478	  0.791096	  0.792588	  0.793968	  0.795238	  0.796399	   0.79745	  0.798391	  0.799222	  0.799945	   0.80056	  0.801072	  0.801488	  0.801815	  0.802058	  0.802222	  0.802315	  0.802342	  0.802311	  0.802228	    0.8021
    66	     0	         0	         0	         0	         0	         0	         0	         0	         0	         0	         0	         0	         0	         0	         0	         0	         0	0.00169607	0.00336602	0.00514077	0.00706362	 0.0168367	 0.0322847	 0.0547359	 0.0835954	  0.116139	  0.159629	  0.214855	  0.296024	   0.34862	  0.385232	   0.41816	  0.457115	  0.504281	  0.540464	  0.567473	  0.598163	  0.628669	  0.654942	  0.681001	  0.703267	  0.723258	  0.740032	  0.754161	  0.766151	  0.772254	  0.776757	  0.780215	  0.782969	  0.785242	  0.787179	   0.78888	  0.790417	   0.79183	  0.793131	  0.794321	  0.795401	  0.796368	   0.79722	  0.797958	  0.798582	  0.799092	  0.799494	  0.799795	  0.800004	  0.800128	  0.800171	  0.800143	  0.800051	  0.799904	  0.799709	  0.799476
    67	     0	         0	         0	         0	         0	         0	         0	         0	         0	         0	         0	         0	         0	         0	         0	         0	         0	0.00175289	0.00347838	 0.0053159	0.00731231	 0.0174816	 0.0336054	 0.0571137	 0.0874196	  0.121693	  0.167517	  0.225748	  0.311331	  0.366918	  0.406322	  0.441198	  0.482168	  0.531724	  0.570388	  0.599687	  0.633252	  0.661996	  0.684057	  0.705119	  0.722559	  0.738046	  0.750842	  0.761552	  0.770647	  0.775765	  0.779711	  0.782865	  0.785469	  0.787687	  0.789627	  0.791366	  0.792958	  0.794433	  0.795802	  0.797063	  0.798218	  0.799263	  0.800197	  0.801021	  0.801735	  0.802338	  0.802837	  0.803238	  0.803549	  0.803775	   0.80392	  0.803994	  0.804001	  0.803949	  0.803847	    0.8037
    68	     0	         0	         0	         0	         0	         0	         0	         0	         0	         0	         0	         0	         0	         0	         0	         0	         0	0.00149725	0.00301597	0.00467083	0.00650156	 0.0156563	 0.0303067	 0.0517867	 0.0796083	  0.111181	   0.15347	  0.207196	  0.286213	  0.337817	  0.373443	  0.405945	  0.444309	  0.490697	  0.526169	  0.552559	  0.582453	  0.613974	  0.642175	  0.670484	   0.69487	  0.716794	  0.735222	  0.750748	  0.763915	  0.770521	  0.775376	  0.779102	  0.782076	  0.784542	  0.786655	  0.788519	  0.790206	  0.791758	  0.793192	  0.794514	  0.795726	  0.796829	  0.797825	  0.798716	  0.799501	  0.800181	  0.800761	  0.801249	  0.801648	  0.801964	  0.802201	  0.802365	  0.802462	  0.802496	  0.802475	  0.802403
    69	     0	         0	         0	         0	         0	         0	         0	         0	         0	         0	         0	         0	         0	         0	         0	         0	         0	0.00164297	0.00329333	 0.0050766	 0.0070351	 0.0168791	  0.032558	  0.055467	 0.0850483	  0.118526	  0.163237	  0.219927	  0.303211	  0.357245	  0.395046	   0.42892	  0.468802	  0.517088	  0.554398	  0.582405	  0.614384	  0.643992	  0.668224	   0.69185	  0.711774	  0.729597	  0.744478	  0.757017	  0.767706	  0.773401	  0.777717	  0.781118	  0.783894	  0.786237	  0.788271	  0.790082	   0.79173	   0.79325	  0.794654	  0.795943	  0.797118	   0.79818	  0.799129	  0.799966	  0.800692	   0.80131	  0.801823	  0.802242	  0.802572	   0.80282	   0.80299	  0.803091	  0.803128	  0.803109	  0.803041	  0.802929
    70	     0	         0	         0	         0	         0	         0	         0	         0	         0	         0	         0	         0	         0	         0	         0	         0	         0	 0.0016408	 0.0032649	0.00500125	 0.0068934	 0.0164791	 0.0316915	 0.0538624	 0.0824313	  0.114712	  0.157891	  0.212744	  0.293365	  0.345753	  0.382138	  0.414966	  0.453741	  0.500608	  0.536442	  0.563068	   0.59326	  0.623821	  0.650524	  0.677184	  0.700112	  0.720781	  0.738191	  0.752903	  0.765419	  0.771847	  0.776613	  0.780291	  0.783235	  0.785677	  0.787769	  0.789614	  0.791283	  0.792819	  0.794237	  0.795541	  0.796733	  0.797813	  0.798781	  0.799637	  0.800382	  0.801018	  0.801548	  0.801981	  0.802322	  0.802578	  0.802753	  0.802856	  0.802891	  0.802866	  0.802789	  0.802666
    71	     0	         0	         0	         0	         0	         0	         0	         0	         0	         0	         0	         0	         0	         0	         0	         0	         0	0.00163864	0.00326417	0.00500219	0.00689407	 0.0164436	 0.0315649	 0.0535381	 0.0817641	  0.113546	  0.155931	  0.209585	  0.288202	  0.339028	  0.374052	  0.405803	  0.443469	  0.489143	   0.52402	  0.549956	  0.579409	  0.610937	  0.639385	  0.667978	  0.692753	  0.715083	  0.733856	  0.749665	  0.763058	  0.769748	  0.774641	  0.778377	  0.781341	  0.783781	  0.785857	  0.787676	  0.789314	  0.790816	  0.792195	  0.793457	  0.794604	  0.795636	  0.796553	  0.797358	  0.798052	  0.798636	  0.799116	  0.799502	    0.7998	  0.800017	  0.800159	  0.800234	  0.800249	  0.800212	  0.800131	  0.800012
    72	     0	         0	         0	         0	         0	         0	         0	         0	         0	         0	         0	         0	         0	         0	         0	         0	         0	0.00157112	0.00316377	0.00489738	0.00681276	 0.0163977	 0.0317192	  0.054168	 0.0832228	   0.11617	  0.160216	  0.216085	  0.298235	  0.351672	  0.388934	  0.422573	  0.462187	  0.510149	  0.547178	  0.574973	  0.606669	  0.636966	  0.662319	   0.68717	    0.7082	  0.726998	  0.742699	  0.755919	  0.767176	  0.773045	  0.777465	  0.780934	   0.78376	  0.786144	  0.788215	   0.79006	  0.791741	  0.793294	  0.794731	  0.796056	   0.79727	  0.798374	  0.799369	  0.800257	  0.801038	  0.801715	  0.802292	  0.802776	  0.803174	  0.803491	  0.803732	  0.803903	  0.804009	  0.804057	  0.804053	  0.804003
    73	     0	         0	         0	         0	         0	         0	         0	         0	         0	         0	         0	         0	         0	         0	         0	         0	         0	0.00164297	0.00329333	 0.0050766	 0.0070351	 0.0168791	  0.032558	  0.055467	 0.0850483	  0.118526	  0.163237	  0.219927	  0.303211	  0.357245	  0.395046	   0.42892	  0.468802	  0.517088	  0.554398	  0.582405	  0.614384	  0.643992	  0.668224	   0.69185	  0.711774	  0.729597	  0.744478	  0.757017	  0.767706	  0.773401	  0.777717	  0.781118	  0.783894	  0.786237	  0.788271	  0.790082	   0.79173	   0.79325	  0.794654	  0.795943	  0.797118	   0.79818	  0.799129	  0.799966	  0.800692	   0.80131	  0.801823	  0.802242	  0.802572	   0.80282	   0.80299	  0.803091	  0.803128	  0.803109	  0.803041	  0.802929
    74	     0	         0	         0	         0	         0	         0	         0	         0	         0	         0	         0	         0	         0	         0	         0	         0	         0	0.00175403	0.00346465	0.00526941	0.00721341	 0.0171435	  0.032789	  0.055465	 0.0845381	  0.117236	   0.16087	  0.216204	  0.297366	   0.34973	  0.386084	  0.418584	  0.457082	  0.503716	  0.539341	  0.565755	  0.595782	  0.625896	  0.652094	  0.678252	  0.700775	  0.721114	  0.738244	  0.752709	  0.764997	  0.771309	   0.77596	   0.77952	  0.782341	  0.784657	  0.786619	  0.788334	  0.789876	   0.79129	   0.79259	  0.793777	  0.794854	  0.795819	  0.796669	  0.797407	  0.798032	  0.798545	  0.798951	  0.799258	  0.799473	  0.799603	  0.799655	  0.799636	  0.799554	  0.799418	  0.799235	  0.799015
    75	     0	         0	         0	         0	         0	         0	         0	         0	         0	         0	         0	         0	         0	         0	         0	         0	         0	 0.0016595	0.00331794	0.00510209	0.00705407	 0.0168878	  0.032512	 0.0552944	 0.0846481	  0.117793	  0.161998	  0.217956	  0.300058	  0.353094	  0.390024	  0.423119	  0.462169	  0.509493	  0.545908	  0.573097	  0.604098	  0.634101	  0.659523	  0.684643	  0.706057	  0.725295	  0.741429	  0.755044	  0.766638	  0.772701	  0.777245	  0.780788	  0.783651	  0.786046	   0.78811	  0.789938	  0.791595	  0.793121	  0.794528	   0.79582	  0.797001	   0.79807	  0.799028	  0.799876	  0.800617	  0.801252	  0.801785	  0.802225	  0.802578	   0.80285	  0.803047	  0.803175	   0.80324	  0.803249	  0.803209	  0.803127
    76	     0	         0	         0	         0	         0	         0	         0	         0	         0	         0	         0	         0	         0	         0	         0	         0	         0	0.00164064	0.00328897	0.00507035	0.00702701	 0.0168568	 0.0325117	 0.0553792	 0.0848927	   0.11827	  0.162813	  0.219232	  0.302056	  0.355669	  0.393067	  0.426561	  0.466006	  0.513764	  0.550546	   0.57803	   0.60937	  0.639016	  0.663725	  0.688038	  0.708668	  0.727189	  0.742718	  0.755836	  0.767029	  0.772961	  0.777438	   0.78095	  0.783802	  0.786198	  0.788271	   0.79011	  0.791779	  0.793315	  0.794732	  0.796032	  0.797218	  0.798291	  0.799251	    0.8001	  0.800841	  0.801473	  0.802004	   0.80244	  0.802789	  0.803057	  0.803248	   0.80337	  0.803429	  0.803431	  0.803383	  0.803293
    77	     0	         0	         0	         0	         0	         0	         0	         0	         0	         0	         0	         0	         0	         0	         0	         0	         0	0.00160283	0.00321526	0.00495737	0.00686959	 0.0164758	 0.0317674	 0.0541067	 0.0829649	  0.115663	  0.159449	  0.215163	  0.297264	  0.350923	  0.388526	  0.422602	  0.462814	  0.511496	  0.549236	   0.57784	  0.610443	  0.641224	  0.666555	  0.691075	  0.711607	  0.729804	   0.74489	  0.757509	  0.768196	  0.773609	  0.777642	  0.780781	  0.783322	  0.785453	  0.787298	  0.788939	  0.790434	  0.791815	  0.793089	  0.794254	  0.795308	  0.796248	   0.79707	  0.797774	  0.798361	  0.798831	   0.79919	  0.799445	  0.799606	  0.799679	  0.799671	  0.799589	  0.799443	  0.799241	   0.79899	    0.7987
    78	     0	         0	         0	         0	         0	         0	         0	         0	         0	         0	         0	         0	         0	         0	         0	         0	         0	0.00167336	0.00334136	 0.0051303	0.00708178	 0.0169373	 0.0325673	 0.0553373	  0.084668	  0.117804	  0.162089	  0.218338	   0.30106	  0.354762	  0.392296	  0.425965	  0.465718	  0.513869	  0.550995	  0.578848	  0.610591	  0.640451	  0.665189	  0.689411	   0.70992	  0.728292	  0.743656	  0.756591	  0.767586	  0.773335	  0.777631	  0.780966	  0.783647	  0.785875	  0.787785	  0.789468	  0.790989	  0.792387	  0.793672	  0.794845	  0.795907	  0.796855	  0.797688	  0.798408	  0.799013	  0.799506	  0.799892	  0.800179	  0.800375	  0.800486	   0.80052	  0.800485	  0.800388	  0.800238	  0.800043	  0.799812
    79	     0	         0	         0	         0	         0	         0	         0	         0	         0	         0	         0	         0	         0	         0	         0	         0	         0	0.00156195	0.00313271	0.00483132	 0.0066983	 0.0160806	 0.0310371	 0.0529123	 0.0811928	   0.11325	   0.15619	  0.210792	  0.291185	  0.343689	  0.380248	  0.413516	    0.4528	  0.500331	  0.536957	  0.564493	  0.595778	  0.627115	  0.654116	  0.680737	  0.703377	  0.723586	  0.740462	  0.754636	  0.766653	  0.772701	  0.777183	  0.780657	  0.783457	    0.7858	  0.787822	  0.789618	  0.791252	  0.792762	  0.794159	  0.795444	  0.796618	  0.797679	  0.798628	  0.799464	  0.800189	  0.800803	  0.801311	  0.801721	  0.802039	  0.802272	  0.802425	  0.802506	  0.802519	  0.802474	  0.802377	  0.802235
    80	     0	         0	         0	         0	         0	         0	         0	         0	         0	         0	         0	         0	         0	         0	         0	         0	         0	0.00166269	  0.003335	 0.0051426	0.00712725	  0.017095	 0.0329605	  0.056126	  0.086014	  0.119806	  0.164882	  0.221961	   0.30574	  0.359975	  0.397972	  0.431918	  0.471895	  0.520361	  0.557942	   0.58625	   0.61867	  0.648149	  0.671933	  0.694981	  0.714345	  0.731629	  0.746001	  0.758076	  0.768352	  0.773874	  0.778071	  0.781389	  0.784104	  0.786401	  0.788399	   0.79018	  0.791803	  0.793301	  0.794685	  0.795958	   0.79712	  0.798172	  0.799113	  0.799944	  0.800668	  0.801285	    0.8018	  0.802221	  0.802556	  0.802809	  0.802987	  0.803095	   0.80314	  0.803129	  0.803068	  0.802964
    81	     0	         0	         0	         0	         0	         0	         0	         0	         0	         0	         0	         0	         0	         0	         0	         0	         0	0.00161551	0.00323065	0.00496898	0.00687188	 0.0164793	 0.0317613	 0.0540826	 0.0829077	  0.115552	  0.159281	  0.214929	  0.296888	  0.350341	  0.387628	  0.421287	  0.461026	  0.509122	  0.546168	  0.573944	  0.605557	  0.635838	  0.661259	  0.686203	  0.707388	  0.726365	  0.742225	  0.755565	  0.766888	  0.772738	  0.777089	  0.780453	   0.78315	  0.785389	  0.787306	  0.788994	  0.790521	  0.791924	  0.793217	    0.7944	  0.795474	  0.796438	   0.79729	   0.79803	  0.798659	  0.799177	  0.799588	  0.799901	  0.800122	  0.800257	  0.800312	  0.800294	  0.800211	  0.800071	  0.799882	  0.799651
    82	     0	         0	         0	         0	         0	         0	         0	         0	         0	         0	         0	         0	         0	         0	         0	         0	         0	0.00164297	0.00329333	 0.0050766	 0.0070351	 0.0168791	  0.032558	  0.055467	 0.0850483	  0.118526	  0.163237	  0.219927	  0.303211	  0.357245	  0.395046	   0.42892	  0.468802	  0.517088	  0.554398	  0.582405	  0.614384	  0.643992	  0.668224	   0.69185	  0.711774	  0.729597	  0.744478	  0.757017	  0.767706	  0.773401	  0.777717	  0.781118	  0.783894	  0.786237	  0.788271	  0.790082	   0.79173	   0.79325	  0.794654	  0.795943	  0.797118	   0.79818	  0.799129	  0.799966	  0.800692	   0.80131	  0.801823	  0.802242	  0.802572	   0.80282	   0.80299	  0.803091	  0.803128	  0.803109	  0.803041	  0.802929
    83	     0	         0	         0	         0	         0	         0	         0	         0	         0	         0	         0	         0	         0	         0	         0	         0	         0	0.00149725	0.00301597	0.00467083	0.00650156	 0.0156563	 0.0303067	 0.0517867	 0.0796083	  0.111181	   0.15347	  0.207196	  0.286213	  0.337817	  0.373443	  0.405945	  0.444309	  0.490697	  0.526169	  0.552559	  0.582453	  0.613974	  0.642175	  0.670484	   0.69487	  0.716794	  0.735222	  0.750748	  0.763915	  0.770521	  0.775376	  0.779102	  0.782076	  0.784542	  0.786655	  0.788519	  0.790206	  0.791758	  0.793192	  0.794514	  0.795726	  0.796829	  0.797825	  0.798716	  0.799501	  0.800181	  0.800761	  0.801249	  0.801648	  0.801964	  0.802201	  0.802365	  0.802462	  0.802496	  0.802475	  0.802403
    84	     0	         0	         0	         0	         0	         0	         0	         0	         0	         0	         0	         0	         0	         0	         0	         0	         0	0.00166036	0.00333042	0.00513756	0.00712482	 0.0171085	 0.0330234	  0.056292	 0.0863514	   0.12038	  0.165807	   0.22338	  0.307928	  0.362784	  0.401356	  0.435767	  0.476213	  0.525195	  0.563268	  0.592034	  0.624999	  0.654196	   0.67723	  0.699387	  0.717877	  0.734345	  0.748007	  0.759482	  0.769257	  0.774619	  0.778736	  0.782022	  0.784734	  0.787045	  0.789067	  0.790878	  0.792533	  0.794064	   0.79548	  0.796785	  0.797978	   0.79906	  0.800031	  0.800893	  0.801647	  0.802294	   0.80284	  0.803294	  0.803661	  0.803947	  0.804158	  0.804301	  0.804381	  0.804406	  0.804382	  0.804315
    85	     0	         0	         0	         0	         0	         0	         0	         0	         0	         0	         0	         0	         0	         0	         0	         0	         0	0.00176642	0.00349326	0.00531971	0.00729161	 0.0173534	 0.0332309	 0.0562717	 0.0858423	  0.119127	  0.163526	  0.219803	  0.302301	  0.355487	  0.392545	  0.425469	   0.46438	  0.511501	  0.547599	  0.574382	  0.604892	  0.634312	  0.659291	  0.684087	  0.705351	  0.724558	  0.740723	  0.754389	  0.766024	   0.77216	  0.776737	  0.780279	  0.783111	  0.785456	  0.787456	  0.789213	  0.790797	  0.792251	  0.793589	  0.794814	  0.795928	  0.796931	   0.79782	  0.798599	  0.799266	  0.799823	  0.800275	  0.800629	  0.800893	  0.801073	  0.801173	  0.801202	  0.801167	  0.801076	  0.800937	  0.800756
    86	     0	         0	         0	         0	         0	         0	         0	         0	         0	         0	         0	         0	         0	         0	         0	         0	         0	0.00166036	0.00333042	0.00513756	0.00712482	 0.0171085	 0.0330234	  0.056292	 0.0863514	   0.12038	  0.165807	   0.22338	  0.307928	  0.362784	  0.401356	  0.435767	  0.476213	  0.525195	  0.563268	  0.592034	  0.624999	  0.654196	   0.67723	  0.699387	  0.717877	  0.734345	  0.748007	  0.759482	  0.769257	  0.774619	  0.778736	  0.782022	  0.784734	  0.787045	  0.789067	  0.790878	  0.792533	  0.794064	   0.79548	  0.796785	  0.797978	   0.79906	  0.800031	  0.800893	  0.801647	  0.802294	   0.80284	  0.803294	  0.803661	  0.803947	  0.804158	  0.804301	  0.804381	  0.804406	  0.804382	  0.804315
    87	     0	         0	         0	         0	         0	         0	         0	         0	         0	         0	         0	         0	         0	         0	         0	         0	         0	 0.0016338	 0.0032557	0.00499412	0.00689275	 0.0164948	 0.0317557	 0.0540198	  0.082741	   0.11523	  0.158715	  0.213993	  0.295281	   0.34824	  0.385141	  0.418453	  0.457773	  0.505314	  0.541849	  0.569177	  0.600254	  0.630762	    0.6568	  0.682473	  0.704391	  0.724061	  0.740525	  0.754388	  0.766167	  0.772219	  0.776723	  0.780214	  0.783021	  0.785363	  0.787377	   0.78916	  0.790777	  0.792269	  0.793647	  0.794916	  0.796077	  0.797128	   0.79807	  0.798901	  0.799624	  0.800237	  0.800746	  0.801158	  0.801478	  0.801713	  0.801867	  0.801948	  0.801961	  0.801914	  0.801813	  0.801666
    88	     0	         0	         0	         0	         0	         0	         0	         0	         0	         0	         0	         0	         0	         0	         0	         0	         0	0.00154153	 0.0031008	0.00479519	0.00666501	 0.0160514	 0.0310566	 0.0530621	 0.0815901	  0.114022	  0.157572	  0.213123	  0.295144	  0.349043	  0.386802	  0.421144	   0.46162	  0.510557	  0.548458	  0.577133	   0.60977	  0.640537	  0.665911	  0.690521	  0.711189	   0.72955	  0.744801	  0.757578	  0.768408	  0.773953	  0.778095	  0.781323	  0.783934	  0.786126	  0.788021	  0.789706	  0.791241	   0.79266	  0.793973	   0.79518	  0.796279	   0.79727	  0.798148	  0.798915	  0.799569	  0.800112	  0.800547	  0.800882	  0.801124	  0.801278	  0.801349	  0.801347	  0.801276	  0.801146	  0.800963	  0.800735
    89	     0	         0	         0	         0	         0	         0	         0	         0	         0	         0	         0	         0	         0	         0	         0	         0	         0	0.00175597	0.00347293	0.00529125	0.00725741	 0.0173146	 0.0332174	 0.0563471	  0.086097	  0.119657	  0.164512	  0.221481	  0.305094	  0.359218	   0.39709	  0.430647	  0.470221	  0.518101	  0.554915	  0.582297	  0.613531	  0.642485	  0.666424	  0.689988	  0.710074	   0.72819	   0.74338	  0.756195	  0.767096	  0.772967	  0.777373	  0.780798	  0.783547	   0.78583	  0.787783	  0.789505	  0.791062	  0.792497	  0.793823	  0.795045	  0.796164	  0.797178	  0.798087	  0.798891	  0.799588	  0.800179	  0.800667	  0.801058	  0.801359	  0.801574	  0.801707	  0.801767	  0.801757	  0.801687	  0.801562	  0.801389
    90	     0	         0	         0	         0	         0	         0	         0	         0	         0	         0	         0	         0	         0	         0	         0	         0	         0	0.00159784	0.00320801	0.00495165	0.00686992	 0.0164964	 0.0318446	 0.0542904	 0.0833038	  0.116181	  0.160166	   0.21604	  0.298273	  0.351824	  0.389239	  0.423007	  0.462793	  0.510926	  0.548077	  0.575997	  0.607783	  0.638074	  0.663332	  0.688066	  0.708956	  0.727611	   0.74319	  0.756299	  0.767448	  0.773218	  0.777539	  0.780911	  0.783638	  0.785924	  0.787898	  0.789648	  0.791237	  0.792699	  0.794046	  0.795279	  0.796399	  0.797405	  0.798296	  0.799072	  0.799736	  0.800287	  0.800731	  0.801077	   0.80133	  0.801498	  0.801585	  0.801599	  0.801547	  0.801436	  0.801274	  0.801068
    91	     0	         0	         0	         0	         0	         0	         0	         0	         0	         0	         0	         0	         0	         0	         0	         0	         0	 0.0015867	0.00318347	0.00491133	0.00681155	 0.0163518	 0.0315616	 0.0538029	 0.0825521	  0.115135	  0.158754	  0.214215	  0.295856	   0.34919	  0.386481	  0.420291	  0.460173	   0.50843	   0.54573	  0.573895	  0.605965	  0.636771	  0.662491	  0.687547	  0.708674	  0.727482	  0.743143	  0.756295	  0.767469	  0.773172	   0.77744	  0.780777	  0.783486	  0.785766	  0.787743	  0.789503	  0.791106	  0.792586	  0.793954	  0.795207	  0.796348	  0.797373	  0.798282	  0.799075	  0.799753	  0.800319	  0.800778	  0.801138	  0.801408	  0.801593	  0.801701	   0.80174	  0.801718	  0.801641	  0.801519	  0.801358
    92	     0	         0	         0	         0	         0	         0	         0	         0	         0	         0	         0	         0	         0	         0	         0	         0	         0	0.00156622	0.00313238	0.00481831	0.00666443	 0.0159738	 0.0307834	 0.0524103	 0.0803334	  0.111951	  0.154328	  0.208265	  0.287689	  0.339573	  0.375553	  0.408344	  0.447146	  0.494099	  0.530119	   0.55708	  0.587646	  0.619209	  0.647006	  0.674657	  0.698363	  0.719607	  0.737399	  0.752349	  0.765001	  0.771298	  0.775908	   0.77943	  0.782227	  0.784531	  0.786494	  0.788216	  0.789769	  0.791194	  0.792504	  0.793703	   0.79479	  0.795765	  0.796627	  0.797375	   0.79801	  0.798534	  0.798951	  0.799269	  0.799494	  0.799634	  0.799694	  0.799681	  0.799603	  0.799468	  0.799284	  0.799058
    93	     0	         0	         0	         0	         0	         0	         0	         0	         0	         0	         0	         0	         0	         0	         0	         0	         0	0.00163005	0.00325672	0.00500207	 0.0069061	 0.0165045	 0.0317216	 0.0538725	   0.08238	  0.114551	  0.157519	   0.21201	  0.292068	  0.343971	  0.379956	  0.412572	  0.451219	  0.498105	   0.53415	   0.56116	  0.591886	  0.623151	  0.650398	  0.677397	  0.700459	  0.721091	   0.73834	   0.75282	  0.765078	  0.771184	  0.775661	  0.779089	  0.781818	  0.784069	  0.785988	  0.787673	  0.789192	  0.790584	  0.791861	  0.793024	  0.794072	  0.795004	   0.79582	  0.796519	  0.797104	  0.797576	  0.797942	  0.798211	   0.79839	  0.798489	  0.798512	  0.798471	  0.798372	  0.798224	  0.798035	  0.797814
    94	     0	         0	         0	         0	         0	         0	         0	         0	         0	         0	         0	         0	         0	         0	         0	         0	         0	0.00152067	0.00305671	0.00472424	0.00656317	 0.0157817	 0.0305044	 0.0520618	 0.0799548	   0.11159	  0.153991	  0.207952	  0.287404	   0.33935	  0.375272	  0.407981	  0.446601	  0.493267	  0.528886	   0.55536	  0.585291	  0.616465	  0.644157	  0.671963	  0.695902	  0.717464	  0.735642	  0.750996	  0.764036	  0.770611	  0.775437	  0.779124	  0.782045	  0.784445	   0.78648	  0.788258	  0.789855	  0.791313	  0.792648	  0.793867	  0.794971	  0.795961	  0.796837	  0.797601	  0.798253	  0.798795	  0.799231	  0.799571	   0.79982	  0.799984	  0.800069	  0.800083	  0.800032	  0.799924	  0.799767	  0.799567
    95	     0	         0	         0	         0	         0	         0	         0	         0	         0	         0	         0	         0	         0	         0	         0	         0	         0	0.00158809	0.00317552	 0.0048858	0.00676125	 0.0162175	 0.0312817	 0.0533029	 0.0817632	  0.114014	  0.157229	  0.212216	  0.293183	  0.346037	  0.382795	  0.416081	  0.455356	  0.502829	  0.539259	  0.566464	  0.597347	  0.627988	  0.654336	  0.680424	  0.702696	  0.722681	   0.73943	  0.753535	  0.765511	  0.771614	  0.776128	  0.779606	  0.782385	  0.784689	   0.78666	  0.788397	  0.789967	   0.79141	  0.792739	  0.793959	  0.795069	  0.796069	  0.796958	  0.797735	  0.798402	  0.798959	  0.799409	  0.799761	   0.80002	  0.800193	  0.800283	    0.8003	  0.800248	  0.800135	  0.799969	  0.799757
    96	     0	         0	         0	         0	         0	         0	         0	         0	         0	         0	         0	         0	         0	         0	         0	         0	         0	 0.0018118	0.00355456	0.00537516	0.00732172	 0.0173848	 0.0331998	 0.0561063	  0.085458	  0.118462	  0.162548	  0.218501	  0.300539	  0.353372	  0.390137	  0.422757	  0.461408	  0.508256	  0.544096	  0.570622	  0.600839	  0.630428	  0.655853	  0.681172	  0.702934	  0.722585	  0.739094	  0.753002	  0.764787	  0.770879	  0.775348	  0.778745	  0.781414	  0.783584	  0.785406	  0.786985	  0.788395	  0.789682	  0.790862	  0.791937	  0.792907	  0.793772	  0.794527	  0.795174	   0.79571	  0.796136	  0.796455	  0.796675	  0.796802	  0.796841	  0.796799	  0.796682	  0.796499	  0.796256	  0.795964	  0.795629
    97	     0	         0	         0	         0	         0	         0	         0	         0	         0	         0	         0	         0	         0	         0	         0	         0	         0	0.00158026	0.00316183	0.00486731	0.00673823	 0.0161564	 0.0311545	 0.0530589	 0.0813254	  0.113284	  0.155997	  0.210147	   0.28964	  0.341182	  0.376685	  0.408791	  0.446714	  0.492584	  0.527479	  0.553202	  0.582354	  0.613152	  0.640894	  0.668967	  0.693335	  0.715394	  0.734035	  0.749803	  0.763207	  0.770054	  0.775097	  0.778966	  0.782047	  0.784595	   0.78677	  0.788684	  0.790413	  0.792003	  0.793471	  0.794826	  0.796071	  0.797208	  0.798239	  0.799165	  0.799988	  0.800708	  0.801329	  0.801858	  0.802301	  0.802661	  0.802942	  0.803151	  0.803292	  0.803371	  0.803394	  0.803366
    98	     0	         0	         0	         0	         0	         0	         0	         0	         0	         0	         0	         0	         0	         0	         0	         0	         0	0.00163031	0.00327673	0.00506512	0.00703884	 0.0169358	   0.03275	 0.0559147	 0.0858932	  0.119889	   0.16533	  0.223016	  0.307838	  0.363023	  0.401786	  0.436366	  0.476939	  0.525976	  0.563928	  0.592448	  0.625025	  0.653765	  0.676453	  0.698424	  0.716815	  0.733278	  0.747021	  0.758619	  0.768529	  0.774024	  0.778241	  0.781593	  0.784342	  0.786669	   0.78869	  0.790489	  0.792122	  0.793623	  0.795005	   0.79627	   0.79742	  0.798457	   0.79938	  0.800191	  0.800893	  0.801487	  0.801978	  0.802375	  0.802685	  0.802913	  0.803064	  0.803147	  0.803168	  0.803133	   0.80305	  0.802925
    99	     0	         0	         0	         0	         0	         0	         0	         0	         0	         0	         0	         0	         0	         0	         0	         0	         0	 0.0016069	0.00321885	0.00495751	0.00686357	 0.0164437	 0.0316806	 0.0539133	 0.0825864	  0.115002	  0.158313	   0.21325	  0.293968	   0.34638	   0.38278	  0.415711	  0.454626	  0.501766	  0.537996	  0.565113	  0.595957	  0.626828	   0.65349	   0.67989	  0.702436	  0.722645	  0.739571	  0.753817	  0.765913	  0.772053	  0.776602	  0.780117	  0.782938	  0.785284	  0.787299	  0.789078	  0.790689	  0.792171	  0.793536	  0.794788	  0.795926	  0.796951	  0.797862	   0.79866	  0.799346	  0.799922	  0.800394	  0.800768	  0.801053	  0.801255	  0.801379	  0.801434	  0.801426	  0.801362	   0.80125	  0.801098
   100	     0	         0	         0	         0	         0	         0	         0	         0	         0	         0	         0	         0	         0	         0	         0	         0	         0	0.00156506	0.00314492	0.00485867	0.00674677	 0.0162044	 0.0312923	 0.0533554	 0.0818624	  0.114137	   0.15728	  0.212006	  0.292399	  0.344673	  0.380867	  0.413663	  0.452381	  0.499246	  0.535141	  0.561879	  0.592249	  0.623047	   0.64993	  0.676712	  0.699685	  0.720346	   0.73771	  0.752364	  0.764828	  0.771185	  0.775898	   0.77954	  0.782462	  0.784892	  0.786977	  0.788816	   0.79048	  0.792009	  0.793417	  0.794708	  0.795884	  0.796947	  0.797897	  0.798735	  0.799464	  0.800084	  0.800601	  0.801023	  0.801356	  0.801607	  0.801781	  0.801884	  0.801924	  0.801906	  0.801839	  0.801729
   101	     0	         0	         0	         0	         0	         0	         0	         0	         0	         0	         0	         0	         0	         0	         0	         0	         0	0.00163005	0.00325672	0.00500207	 0.0069061	 0.0165045	 0.0317216	 0.0538725	   0.08238	  0.114551	  0.157519	   0.21201	  0.292068	  0.343971	  0.379956	  0.412572	  0.451219	  0.498105	   0.53415	   0.56116	  0.591886	  0.623151	  0.650398	  0.677397	  0.700459	  0.721091	   0.73834	   0.75282	  0.765078	  0.771184	  0.775661	  0.779089	  0.781818	  0.784069	  0.785988	  0.787673	  0.789192	  0.790584	  0.791861	  0.793024	  0.794072	  0.795004	   0.79582	  0.796519	  0.797104	  0.797576	  0.797942	  0.798211	   0.79839	  0.798489	  0.798512	  0.798471	  0.798372	  0.798224	  0.798035	  0.797814
   102	     0	         0	         0	         0	         0	         0	         0	         0	         0	         0	         0	         0	         0	         0	         0	         0	         0	0.00166936	0.00333558	0.00512467	0.00707812	 0.0169239	 0.0325406	 0.0552803	  0.084552	  0.117587	  0.161677	  0.217581	  0.299668	  0.352829	  0.389847	  0.423071	  0.462328	  0.509907	  0.546499	   0.57387	  0.605064	  0.635094	  0.660396	  0.685313	  0.706522	  0.725566	  0.741524	  0.754977	  0.766423	  0.772364	  0.776795	  0.780231	  0.782991	  0.785286	  0.787252	  0.788983	  0.790548	  0.791985	  0.793305	  0.794509	    0.7956	  0.796575	  0.797435	  0.798179	  0.798811	   0.79933	  0.799743	   0.80006	  0.800287	  0.800432	  0.800501	  0.800503	  0.800445	  0.800337	  0.800186	  0.800001
   103	     0	         0	         0	         0	         0	         0	         0	         0	         0	         0	         0	         0	         0	         0	         0	         0	         0	0.00162193	0.00324672	0.00499971	0.00692357	 0.0166163	 0.0320617	 0.0546476	 0.0838415	  0.116924	  0.161198	  0.217447	  0.300224	   0.35415	  0.391949	  0.425993	  0.466091	  0.514612	  0.552214	  0.580584	  0.612981	  0.643183	  0.667941	  0.691959	  0.712149	  0.730122	  0.745049	  0.757567	  0.768197	  0.773754	  0.777945	  0.781241	  0.783932	  0.786208	  0.788189	  0.789959	  0.791575	  0.793071	  0.794458	  0.795737	  0.796909	  0.797972	  0.798925	   0.79977	  0.800506	  0.801135	  0.801661	  0.802091	  0.802431	  0.802687	  0.802864	  0.802969	  0.803006	  0.802984	  0.802908	  0.802785
   104	     0	         0	         0	         0	         0	         0	         0	         0	         0	         0	         0	         0	         0	         0	         0	         0	         0	0.00166036	0.00333042	0.00513756	0.00712482	 0.0171085	 0.0330234	  0.056292	 0.0863514	   0.12038	  0.165807	   0.22338	  0.307928	  0.362784	  0.401356	  0.435767	  0.476213	  0.525195	  0.563268	  0.592034	  0.624999	  0.654196	   0.67723	  0.699387	  0.717877	  0.734345	  0.748007	  0.759482	  0.769257	  0.774619	  0.778736	  0.782022	  0.784734	  0.787045	  0.789067	  0.790878	  0.792533	  0.794064	   0.79548	  0.796785	  0.797978	   0.79906	  0.800031	  0.800893	  0.801647	  0.802294	   0.80284	  0.803294	  0.803661	  0.803947	  0.804158	  0.804301	  0.804381	  0.804406	  0.804382	  0.804315
   105	     0	         0	         0	         0	         0	         0	         0	         0	         0	         0	         0	         0	         0	         0	         0	         0	         0	0.00161812	0.00322172	0.00493609	0.00680335	 0.0162568	 0.0312492	 0.0530887	  0.081223	  0.113014	  0.155578	   0.20972	  0.289383	  0.341266	  0.377231	  0.409853	  0.448458	   0.49514	  0.530806	  0.557351	  0.587403	  0.618497	  0.645991	  0.673496	  0.697176	  0.718494	  0.736435	  0.751565	  0.764401	  0.770858	  0.775589	  0.779196	  0.782049	  0.784387	  0.786367	  0.788095	  0.789646	  0.791064	  0.792363	  0.793548	  0.794618	  0.795574	  0.796415	  0.797141	  0.797754	  0.798252	  0.798643	  0.798934	  0.799131	  0.799242	  0.799272	  0.799229	   0.79912	  0.798955	   0.79874	  0.798484
   106	     0	         0	         0	         0	         0	         0	         0	         0	         0	         0	         0	         0	         0	         0	         0	         0	         0	0.00155056	0.00311333	0.00480567	0.00666742	 0.0160033	 0.0308847	  0.052637	 0.0807403	  0.112568	  0.155172	  0.209314	   0.28895	  0.340893	  0.376834	  0.409532	   0.44817	  0.494913	  0.530678	  0.557337	  0.587549	   0.61879	   0.64637	  0.673925	  0.697582	  0.718834	  0.736694	  0.751744	  0.764513	  0.770925	  0.775635	  0.779244	  0.782116	  0.784487	   0.78651	  0.788288	  0.789892	  0.791364	  0.792718	  0.793956	  0.795081	   0.79609	  0.796985	  0.797766	  0.798433	  0.798989	  0.799437	  0.799787	  0.800046	  0.800218	  0.800311	  0.800332	  0.800287	  0.800185	  0.800033	  0.799839
   107	     0	         0	         0	         0	         0	         0	         0	         0	         0	         0	         0	         0	         0	         0	         0	         0	         0	0.00165643	 0.0033105	0.00508823	0.00703152	  0.016825	  0.032376	  0.055041	 0.0842359	    0.1172	  0.161188	  0.216914	  0.298724	  0.351602	  0.388358	  0.421341	  0.460284	  0.507471	  0.543704	  0.570708	  0.601451	  0.631516	   0.65717	  0.682603	   0.70431	  0.723821	  0.740199	  0.754017	   0.76577	  0.771844	  0.776356	  0.779842	   0.78263	   0.78494	  0.786911	  0.788642	  0.790201	  0.791628	  0.792935	  0.794126	  0.795202	  0.796164	  0.797012	  0.797746	  0.798369	  0.798882	   0.79929	  0.799602	  0.799826	  0.799968	  0.800033	  0.800031	  0.799967	   0.79985	  0.799688	  0.799488
   108	     0	         0	         0	         0	         0	         0	         0	         0	         0	         0	         0	         0	         0	         0	         0	         0	         0	0.00154797	0.00310563	0.00479226	0.00664888	  0.015977	  0.030865	 0.0526583	 0.0808532	  0.112831	   0.15569	  0.210232	  0.290559	   0.34306	  0.379521	  0.412653	  0.451745	  0.498985	  0.535191	   0.56222	  0.592843	   0.62381	  0.650755	  0.677558	  0.700484	  0.721065	  0.738356	  0.752941	  0.765335	  0.771621	  0.776268	  0.779848	   0.78271	  0.785081	   0.78711	  0.788896	  0.790509	  0.791989	  0.793351	  0.794599	  0.795733	  0.796754	  0.797661	  0.798456	  0.799139	  0.799712	  0.800179	  0.800548	  0.800826	   0.80102	  0.801134	  0.801175	  0.801152	   0.80107	  0.800939	  0.800764
   109	     0	         0	         0	         0	         0	         0	         0	         0	         0	         0	         0	         0	         0	         0	         0	         0	         0	0.00163909	0.00326262	0.00499619	0.00688151	 0.0164322	 0.0315603	 0.0535783	 0.0819203	  0.113925	  0.156756	  0.211228	  0.291383	  0.343569	  0.379858	   0.41275	  0.451695	  0.498832	  0.535002	  0.562083	  0.592805	  0.623959	  0.651084	  0.677993	  0.701026	  0.721683	  0.738999	  0.753566	  0.765909	  0.772105	  0.776653	  0.780133	  0.782896	   0.78517	  0.787105	  0.788801	  0.790331	  0.791734	  0.793026	  0.794206	  0.795275	  0.796232	  0.797075	  0.797804	   0.79842	  0.798922	  0.799317	  0.799612	  0.799815	  0.799932	   0.79997	  0.799937	  0.799841	   0.79969	  0.799492	  0.799256
   110	     0	         0	         0	         0	         0	         0	         0	         0	         0	         0	         0	         0	         0	         0	         0	         0	         0	0.00171602	0.00340367	 0.0051934	0.00712763	 0.0169565	 0.0324572	 0.0549371	 0.0837765	  0.116238	  0.159573	  0.214564	  0.295341	  0.347593	  0.383929	  0.416628	  0.455386	  0.502359	  0.538383	  0.565299	  0.595886	  0.626568	  0.653118	   0.67946	     0.702	  0.722242	   0.73923	  0.753539	  0.765678	  0.771816	  0.776331	  0.779787	   0.78253	  0.784785	  0.786699	  0.788372	  0.789876	  0.791252	  0.792514	  0.793661	  0.794693	   0.79561	  0.796409	  0.797091	  0.797657	  0.798109	  0.798451	  0.798694	  0.798846	  0.798914	  0.798904	  0.798827	   0.79869	  0.798503	  0.798275	  0.798014
   111	     0	         0	         0	         0	         0	         0	         0	         0	         0	         0	         0	         0	         0	         0	         0	         0	         0	 0.0017314	0.00344248	 0.0052656	0.00724405	 0.0172679	 0.0331155	 0.0561357	 0.0857069	   0.11902	  0.163442	   0.21973	  0.302293	  0.355631	  0.392887	  0.426166	    0.4655	  0.513189	  0.549952	  0.577509	  0.608971	   0.63884	  0.663741	  0.688141	  0.708857	  0.727427	  0.742945	  0.756006	  0.767109	  0.772903	  0.777238	  0.780611	  0.783331	    0.7856	  0.787551	  0.789276	   0.79084	   0.79228	  0.793606	   0.79482	  0.795922	   0.79691	  0.797783	  0.798542	  0.799188	  0.799721	  0.800148	  0.800476	  0.800715	   0.80087	  0.800948	  0.800958	  0.800906	  0.800802	  0.800654	  0.800468
   112	     0	         0	         0	         0	         0	         0	         0	         0	         0	         0	         0	         0	         0	         0	         0	         0	         0	0.00162193	0.00324672	0.00499971	0.00692357	 0.0166163	 0.0320617	 0.0546476	 0.0838415	  0.116924	  0.161198	  0.217447	  0.300224	   0.35415	  0.391949	  0.425993	  0.466091	  0.514612	  0.552214	  0.580584	  0.612981	  0.643183	  0.667941	  0.691959	  0.712149	  0.730122	  0.745049	  0.757567	  0.768197	  0.773754	  0.777945	  0.781241	  0.783932	  0.786208	  0.788189	  0.789959	  0.791575	  0.793071	  0.794458	  0.795737	  0.796909	  0.797972	  0.798925	   0.79977	  0.800506	  0.801135	  0.801661	  0.802091	  0.802431	  0.802687	  0.802864	  0.802969	  0.803006	  0.802984	  0.802908	  0.802785
   113	     0	         0	         0	         0	         0	         0	         0	         0	         0	         0	         0	         0	         0	         0	         0	         0	         0	0.00159542	0.00321119	 0.0049679	0.00690652	  0.016614	 0.0321165	 0.0548135	 0.0841754	  0.117461	  0.161971	  0.218478	  0.301609	  0.355686	  0.393433	  0.427345	  0.467254	  0.515546	  0.552789	  0.580683	  0.612485	  0.642085	  0.666457	  0.690329	  0.710507	  0.728592	  0.743719	  0.756472	  0.767332	  0.773089	  0.777421	  0.780807	  0.783546	  0.785837	  0.787811	  0.789556	  0.791136	  0.792587	  0.793922	  0.795144	  0.796254	  0.797252	  0.798138	  0.798914	  0.799579	  0.800136	  0.800588	  0.800944	  0.801211	  0.801394	  0.801498	   0.80153	  0.801497	  0.801407	  0.801265	   0.80108
   114	     0	         0	         0	         0	         0	         0	         0	         0	         0	         0	         0	         0	         0	         0	         0	         0	         0	0.00160002	0.00320298	0.00493386	0.00683541	 0.0164046	  0.031661	 0.0539639	 0.0827741	  0.115381	   0.15897	  0.214259	   0.29547	  0.348182	  0.384683	  0.417536	  0.456262	  0.503085	  0.538862	   0.56535	  0.595446	  0.625564	  0.651747	  0.677916	  0.700414	  0.720722	  0.737825	  0.752284	  0.764592	  0.770962	  0.775692	  0.779345	  0.782269	  0.784697	  0.786777	  0.788611	   0.79027	  0.791796	  0.793206	  0.794505	  0.795696	  0.796779	  0.797757	  0.798629	  0.799397	  0.800061	  0.800625	  0.801096	   0.80148	  0.801782	  0.802005	  0.802156	   0.80224	  0.802263	  0.802231	   0.80215
   115	     0	         0	         0	         0	         0	         0	         0	         0	         0	         0	         0	         0	         0	         0	         0	         0	         0	0.00160283	0.00321526	0.00495737	0.00686959	 0.0164758	 0.0317674	 0.0541067	 0.0829649	  0.115663	  0.159449	  0.215163	  0.297264	  0.350923	  0.388526	  0.422602	  0.462814	  0.511496	  0.549236	   0.57784	  0.610443	  0.641224	  0.666555	  0.691075	  0.711607	  0.729804	   0.74489	  0.757509	  0.768196	  0.773609	  0.777642	  0.780781	  0.783322	  0.785453	  0.787298	  0.788939	  0.790434	  0.791815	  0.793089	  0.794254	  0.795308	  0.796248	   0.79707	  0.797774	  0.798361	  0.798831	   0.79919	  0.799445	  0.799606	  0.799679	  0.799671	  0.799589	  0.799443	  0.799241	   0.79899	    0.7987
   116	     0	         0	         0	         0	         0	         0	         0	         0	         0	         0	         0	         0	         0	         0	         0	         0	         0	0.00167391	0.00334703	0.00514742	0.00711764	 0.0170469	 0.0328274	 0.0558441	 0.0855145	  0.119036	  0.163767	  0.220437	  0.303603	  0.357449	  0.395078	  0.428723	  0.468394	  0.516483	  0.553646	  0.581539	  0.613442	  0.643085	  0.667426	  0.691149	  0.711199	  0.729141	  0.744096	  0.756674	  0.767374	  0.773049	  0.777333	  0.780698	  0.783436	  0.785741	  0.787739	  0.789516	  0.791134	  0.792629	  0.794013	  0.795286	  0.796449	  0.797503	  0.798445	  0.799279	  0.800004	  0.800622	  0.801138	  0.801561	  0.801895	  0.802149	  0.802327	  0.802436	  0.802484	  0.802476	  0.802421	  0.802324
   117	     0	         0	         0	         0	         0	         0	         0	         0	         0	         0	         0	         0	         0	         0	         0	         0	         0	0.00155153	 0.0031095	 0.0047935	0.00664444	 0.0159587	 0.0308147	 0.0525533	 0.0806719	  0.112562	  0.155321	  0.209747	  0.289916	  0.342363	  0.378853	  0.412095	  0.451358	   0.49885	  0.535414	  0.562881	   0.59408	  0.625459	  0.652597	  0.679373	  0.702206	  0.722614	  0.739655	  0.753962	  0.766085	  0.772178	  0.776682	  0.780161	  0.782956	  0.785286	  0.787291	  0.789066	  0.790677	  0.792163	  0.793535	  0.794796	  0.795948	   0.79699	  0.797921	  0.798741	  0.799452	  0.800053	  0.800549	  0.800949	  0.801257	   0.80148	  0.801622	  0.801691	  0.801694	  0.801636	  0.801526	  0.801371
   118	     0	         0	         0	         0	         0	         0	         0	         0	         0	         0	         0	         0	         0	         0	         0	         0	         0	0.00145808	0.00294907	0.00458249	0.00639657	 0.0154363	 0.0299293	 0.0512159	 0.0788427	  0.110272	  0.152472	  0.206274	  0.285619	  0.337809	  0.373973	  0.407094	  0.446157	  0.493327	  0.529437	  0.556404	  0.586869	  0.618386	  0.646191	  0.673969	  0.697745	  0.719066	  0.736991	  0.752102	  0.764925	  0.771341	  0.776053	  0.779661	   0.78253	  0.784899	  0.786918	  0.788693	  0.790292	  0.791758	  0.793105	  0.794337	  0.795455	  0.796458	  0.797347	  0.798121	  0.798782	  0.799331	  0.799771	   0.80011	  0.800355	  0.800511	  0.800583	  0.800579	  0.800505	  0.800368	  0.800176	  0.799935
   119	     0	         0	         0	         0	         0	         0	         0	         0	         0	         0	         0	         0	         0	         0	         0	         0	         0	0.00168379	0.00336335	0.00516706	 0.0071379	 0.0170845	 0.0328811	 0.0559208	 0.0856348	  0.119248	  0.164181	   0.22127	   0.30526	  0.359904	  0.398419	  0.432919	  0.473554	  0.522746	   0.56101	   0.59004	  0.623231	  0.652951	  0.676498	  0.699091	  0.717894	  0.734575	  0.748389	  0.759959	  0.769787	  0.775025	  0.779006	  0.782154	  0.784733	  0.786917	  0.788819	  0.790519	  0.792071	  0.793506	  0.794832	  0.796049	  0.797154	  0.798144	  0.799019	  0.799778	  0.800422	  0.800951	  0.801373	  0.801694	  0.801924	  0.802068	  0.802133	  0.802127	  0.802059	  0.801935	  0.801766	  0.801558
   120	     0	         0	         0	         0	         0	         0	         0	         0	         0	         0	         0	         0	         0	         0	         0	         0	         0	0.00158375	0.00316214	0.00485803	0.00671305	 0.0160829	 0.0309851	 0.0527433	 0.0808271	  0.112609	  0.155171	  0.209275	  0.288869	  0.340721	  0.376638	  0.409263	  0.447834	  0.494487	  0.530196	  0.556797	  0.586952	  0.618227	  0.645917	  0.673593	  0.697386	  0.718764	  0.736715	  0.751828	  0.764638	  0.771074	  0.775801	  0.779425	  0.782311	  0.784698	  0.786738	  0.788535	  0.790162	   0.79166	  0.793045	  0.794318	  0.795482	  0.796535	  0.797478	   0.79831	  0.799032	  0.799645	  0.800152	  0.800563	  0.800882	  0.801115	  0.801268	  0.801348	   0.80136	  0.801312	  0.801212	  0.801065
   121	     0	         0	         0	         0	         0	         0	         0	         0	         0	         0	         0	         0	         0	         0	         0	         0	         0	 0.0016272	 0.0032512	0.00499643	0.00690453	 0.0165355	 0.0318383	 0.0541638	 0.0829585	  0.115524	  0.159096	  0.214472	  0.295946	  0.348913	  0.385746	  0.418944	   0.45815	  0.505594	  0.541981	  0.569114	  0.599939	  0.630194	  0.656079	  0.681741	  0.703672	  0.723398	  0.739967	  0.753947	  0.765831	  0.771952	  0.776487	  0.779979	  0.782764	  0.785062	  0.787019	  0.788734	  0.790276	  0.791688	  0.792982	  0.794162	  0.795229	  0.796183	  0.797023	  0.797749	  0.798364	  0.798866	  0.799263	  0.799561	  0.799768	   0.79989	  0.799932	  0.799904	  0.799813	  0.799665	   0.79947	  0.799235
   122	     0	         0	         0	         0	         0	         0	         0	         0	         0	         0	         0	         0	         0	         0	         0	         0	         0	 0.0016411	0.00326486	0.00500112	0.00689392	 0.0164789	  0.031696	 0.0538725	 0.0824423	  0.114708	  0.157831	  0.212536	  0.292857	  0.344902	  0.380934	  0.413398	  0.451746	  0.498118	  0.533511	  0.559718	  0.589454	  0.620007	  0.647002	  0.674092	   0.69748	    0.7186	  0.736398	  0.751433	  0.764212	  0.770748	  0.775572	  0.779278	  0.782231	  0.784671	  0.786753	  0.788581	  0.790231	  0.791745	  0.793141	  0.794422	  0.795594	  0.796656	   0.79761	  0.798455	  0.799194	  0.799826	  0.800356	  0.800792	  0.801138	  0.801401	  0.801584	  0.801695	  0.801739	  0.801722	  0.801652	  0.801534
   123	     0	         0	         0	         0	         0	         0	         0	         0	         0	         0	         0	         0	         0	         0	         0	         0	         0	0.00163351	 0.0032771	0.00505526	0.00701011	 0.0168297	 0.0324782	 0.0553553	 0.0849116	  0.118384	  0.163129	  0.219952	  0.303543	  0.357903	   0.39599	  0.430106	  0.470233	  0.518754	  0.556211	   0.58432	  0.616352	  0.645774	  0.669736	  0.693148	  0.712881	  0.730558	  0.745356	  0.757844	  0.768494	  0.774199	  0.778517	  0.781909	  0.784664	  0.786977	  0.788975	  0.790747	  0.792356	  0.793837	  0.795202	  0.796454	  0.797593	  0.798619	  0.799532	  0.800333	  0.801022	    0.8016	  0.802074	   0.80245	  0.802737	  0.802939	  0.803062	  0.803114	  0.803102	  0.803033	  0.802915	  0.802755
   124	     0	         0	         0	         0	         0	         0	         0	         0	         0	         0	         0	         0	         0	         0	         0	         0	         0	0.00156626	 0.0031142	0.00476907	0.00657383	 0.0157329	 0.0302899	 0.0515388	 0.0789599	  0.109992	  0.151603	  0.204553	  0.282462	  0.333293	  0.368358	  0.400343	  0.438185	  0.483887	  0.518668	  0.544417	  0.573478	  0.605294	  0.634451	  0.664002	  0.689651	  0.712781	  0.732279	   0.74871	  0.762618	  0.769545	  0.774589	  0.778422	   0.78145	  0.783936	  0.786048	    0.7879	   0.78957	  0.791105	  0.792522	  0.793827	  0.795022	  0.796107	  0.797082	  0.797949	  0.798706	  0.799355	  0.799899	  0.800345	  0.800699	  0.800966	  0.801149	  0.801256	  0.801291	  0.801262	  0.801175	  0.801036
   125	     0	         0	         0	         0	         0	         0	         0	         0	         0	         0	         0	         0	         0	         0	         0	         0	         0	0.00161248	0.00320774	0.00491277	0.00677042	  0.016176	  0.031099	  0.052833	 0.0808148	  0.112396	  0.154614	  0.208176	  0.286788	  0.337774	  0.372893	  0.404737	  0.442441	  0.488057	  0.522757	   0.54841	  0.577453	  0.608768	  0.637233	  0.666027	  0.691052	  0.713674	  0.732761	  0.748874	  0.762539	  0.769413	  0.774439	   0.77827	  0.781302	  0.783792	  0.785906	  0.787756	  0.789421	  0.790946	   0.79235	  0.793638	  0.794812	  0.795873	  0.796823	  0.797663	  0.798393	  0.799016	  0.799535	  0.799959	  0.800294	  0.800546	   0.80072	  0.800823	  0.800862	  0.800844	  0.800775	  0.800663
   126	     0	         0	         0	         0	         0	         0	         0	         0	         0	         0	         0	         0	         0	         0	         0	         0	         0	 0.0017404	  0.003454	0.00527503	0.00724733	  0.017263	 0.0330829	 0.0560451	 0.0855141	  0.118672	  0.162858	  0.218791	  0.300747	  0.353463	  0.389996	  0.422495	  0.460937	  0.507537	  0.543119	  0.569405	  0.599344	  0.628858	  0.654341	  0.679836	  0.701807	  0.721701	   0.73848	   0.75267	   0.76474	   0.77104	    0.7757	  0.779272	  0.782104	  0.784426	   0.78639	  0.788101	  0.789634	  0.791033	  0.792314	   0.79348	  0.794534	  0.795477	  0.796307	  0.797025	  0.797634	  0.798133	  0.798528	  0.798826	  0.799036	  0.799162	  0.799212	  0.799192	  0.799111	  0.798975	  0.798794	  0.798575
   127	     0	         0	         0	         0	         0	         0	         0	         0	         0	         0	         0	         0	         0	         0	         0	         0	         0	0.00165217	0.00331086	0.00510444	0.00707669	 0.0170094	 0.0328563	 0.0560552	 0.0860647	  0.120088	  0.165585	  0.223348	  0.308298	  0.363535	  0.402409	  0.437053	   0.47772	  0.526904	   0.56509	   0.59385	  0.626755	  0.655575	  0.678194	  0.699993	  0.718193	   0.73444	  0.747945	  0.759308	  0.768998	  0.774399	  0.778556	  0.781874	  0.784607	  0.786932	  0.788962	  0.790776	   0.79243	  0.793956	  0.795367	  0.796664	   0.79785	  0.798926	  0.799891	  0.800747	  0.801497	   0.80214	  0.802682	  0.803131	  0.803494	  0.803774	  0.803978	  0.804112	  0.804181	  0.804192	  0.804151	  0.804065
   128	     0	         0	         0	         0	         0	         0	         0	         0	         0	         0	         0	         0	         0	         0	         0	         0	         0	0.00164297	0.00329333	 0.0050766	 0.0070351	 0.0168791	  0.032558	  0.055467	 0.0850483	  0.118526	  0.163237	  0.219927	  0.303211	  0.357245	  0.395046	   0.42892	  0.468802	  0.517088	  0.554398	  0.582405	  0.614384	  0.643992	  0.668224	   0.69185	  0.711774	  0.729597	  0.744478	  0.757017	  0.767706	  0.773401	  0.777717	  0.781118	  0.783894	  0.786237	  0.788271	  0.790082	   0.79173	   0.79325	  0.794654	  0.795943	  0.797118	   0.79818	  0.799129	  0.799966	  0.800692	   0.80131	  0.801823	  0.802242	  0.802572	   0.80282	   0.80299	  0.803091	  0.803128	  0.803109	  0.803041	  0.802929
   129	     0	         0	         0	         0	         0	         0	         0	         0	         0	         0	         0	         0	         0	         0	         0	         0	         0	0.00164792	0.00329323	0.00506195	0.00699631	 0.0167587	 0.0322753	 0.0549195	 0.0841365	  0.117196	  0.161418	   0.21761	  0.300292	  0.354106	  0.391808	  0.425753	  0.465811	  0.514341	  0.551946	   0.58036	  0.612808	  0.643076	   0.66786	  0.691869	  0.712041	  0.729987	  0.744882	  0.757361	  0.767943	  0.773421	  0.777526	  0.780734	  0.783335	  0.785519	  0.787408	  0.789086	  0.790612	  0.792021	  0.793321	  0.794512	  0.795593	  0.796562	  0.797416	  0.798157	  0.798785	  0.799301	  0.799711	  0.800023	  0.800245	  0.800384	  0.800445	  0.800439	  0.800371	   0.80025	  0.800086	  0.799884
   130	     0	         0	         0	         0	         0	         0	         0	         0	         0	         0	         0	         0	         0	         0	         0	         0	         0	0.00159887	0.00317963	0.00486807	0.00670692	 0.0160269	 0.0308151	 0.0523649	 0.0801356	  0.111523	  0.153568	  0.207057	  0.285731	  0.337018	  0.372455	  0.404685	  0.442831	  0.488922	  0.524023	   0.55005	   0.57946	  0.610912	  0.639321	  0.667969	  0.692775	  0.715147	  0.734007	  0.749912	  0.763389	  0.770129	  0.775044	  0.778779	  0.781725	  0.784136	  0.786179	  0.787964	  0.789569	  0.791041	  0.792396	  0.793637	  0.794767	  0.795785	   0.79669	  0.797482	  0.798162	   0.79873	  0.799191	  0.799552	   0.79982	       0.8	  0.800097	  0.800119	  0.800073	  0.799966	  0.799807	  0.799601
   131	     0	         0	         0	         0	         0	         0	         0	         0	         0	         0	         0	         0	         0	         0	         0	         0	         0	0.00154101	0.00309537	 0.0047809	0.00663776	 0.0159352	 0.0307671	 0.0524496	 0.0804512	  0.112133	  0.154467	  0.208128	  0.286877	   0.33804	  0.373295	  0.405361	  0.443251	  0.489094	  0.524049	  0.549967	  0.579315	  0.610739	  0.639153	  0.667853	  0.692704	  0.715126	  0.734044	  0.750025	    0.7636	  0.770455	  0.775501	  0.779375	  0.782467	  0.785027	  0.787216	  0.789143	  0.790884	  0.792481	  0.793953	  0.795305	  0.796542	  0.797667	   0.79868	  0.799584	  0.800381	  0.801073	  0.801663	  0.802161	  0.802571	    0.8029	  0.803151	  0.803331	  0.803446	  0.803502	  0.803506	  0.803462
   132	     0	         0	         0	         0	         0	         0	         0	         0	         0	         0	         0	         0	         0	         0	         0	         0	         0	 0.0015867	0.00318347	0.00491133	0.00681155	 0.0163518	 0.0315616	 0.0538029	 0.0825521	  0.115135	  0.158754	  0.214215	  0.295856	   0.34919	  0.386481	  0.420291	  0.460173	   0.50843	   0.54573	  0.573895	  0.605965	  0.636771	  0.662491	  0.687547	  0.708674	  0.727482	  0.743143	  0.756295	  0.767469	  0.773172	   0.77744	  0.780777	  0.783486	  0.785766	  0.787743	  0.789503	  0.791106	  0.792586	  0.793954	  0.795207	  0.796348	  0.797373	  0.798282	  0.799075	  0.799753	  0.800319	  0.800778	  0.801138	  0.801408	  0.801593	  0.801701	   0.80174	  0.801718	  0.801641	  0.801519	  0.801358
   133	     0	         0	         0	         0	         0	         0	         0	         0	         0	         0	         0	         0	         0	         0	         0	         0	         0	0.00168902	0.00335449	0.00512912	0.00705713	 0.0168256	 0.0322906	 0.0547658	  0.083641	  0.116158	  0.159505	  0.214345	  0.294669	  0.346483	  0.382385	  0.414654	  0.452826	  0.499069	  0.534461	  0.560767	  0.590706	  0.621391	  0.648383	  0.675331	  0.698551	  0.719471	  0.737048	  0.751872	   0.76447	  0.770896	  0.775656	  0.779332	  0.782281	  0.784734	  0.786841	  0.788702	  0.790388	   0.79194	  0.793374	  0.794694	  0.795902	  0.796999	  0.797986	  0.798865	  0.799635	  0.800299	  0.800862	  0.801331	  0.801712	  0.802012	  0.802234	  0.802386	  0.802474	  0.802503	  0.802482	  0.802416
   134	     0	         0	         0	         0	         0	         0	         0	         0	         0	         0	         0	         0	         0	         0	         0	         0	         0	 0.0015654	0.00313161	0.00481741	0.00666259	  0.015948	  0.030706	   0.05223	 0.0799829	  0.111365	  0.153368	  0.206757	  0.285276	  0.336592	  0.372265	  0.404942	  0.443669	  0.490594	  0.526823	  0.554252	  0.585417	   0.61806	  0.646855	  0.675276	  0.699509	  0.721052	  0.738961	  0.753918	  0.766524	  0.772645	  0.777125	  0.780569	  0.783332	  0.785639	  0.787631	  0.789401	  0.791017	  0.792515	  0.793905	  0.795186	  0.796358	  0.797418	  0.798366	    0.7992	  0.799923	  0.800534	  0.801039	  0.801447	  0.801766	  0.802001	   0.80216	  0.802251	  0.802281	  0.802258	  0.802189	  0.802084
   135	     0	         0	         0	         0	         0	         0	         0	         0	         0	         0	         0	         0	         0	         0	         0	         0	         0	0.00175597	0.00347293	0.00529125	0.00725741	 0.0173146	 0.0332174	 0.0563471	  0.086097	  0.119657	  0.164512	  0.221481	  0.305094	  0.359218	   0.39709	  0.430647	  0.470221	  0.518101	  0.554915	  0.582297	  0.613531	  0.642485	  0.666424	  0.689988	  0.710074	   0.72819	   0.74338	  0.756195	  0.767096	  0.772967	  0.777373	  0.780798	  0.783547	   0.78583	  0.787783	  0.789505	  0.791062	  0.792497	  0.793823	  0.795045	  0.796164	  0.797178	  0.798087	  0.798891	  0.799588	  0.800179	  0.800667	  0.801058	  0.801359	  0.801574	  0.801707	  0.801767	  0.801757	  0.801687	  0.801562	  0.801389
   136	     0	         0	         0	         0	         0	         0	         0	         0	         0	         0	         0	         0	         0	         0	         0	         0	         0	0.00165991	0.00331937	 0.0051061	0.00706333	 0.0169353	 0.0326438	 0.0555924	  0.085231	  0.118797	  0.163699	   0.22077	  0.304765	  0.359424	  0.397817	  0.432159	  0.472556	  0.521401	   0.55919	  0.587607	  0.620019	  0.649314	  0.672858	  0.695719	  0.714901	   0.73204	  0.746335	   0.75837	   0.76862	  0.774139	  0.778325	  0.781618	  0.784298	  0.786552	  0.788503	  0.790235	   0.79181	  0.793261	  0.794599	  0.795826	  0.796941	  0.797943	  0.798832	  0.799607	  0.800269	  0.800819	  0.801262	  0.801606	  0.801859	  0.802025	   0.80211	  0.802124	  0.802071	   0.80196	  0.801798	  0.801594
   137	     0	         0	         0	         0	         0	         0	         0	         0	         0	         0	         0	         0	         0	         0	         0	         0	         0	0.00168226	0.00334162	0.00510743	0.00702236	 0.0167505	 0.0321365	 0.0545085	 0.0832835	  0.115757	  0.159199	  0.214439	  0.295713	  0.348566	  0.385471	  0.418776	  0.458205	  0.505965	  0.542768	  0.570442	  0.601928	  0.632679	  0.658749	  0.684325	  0.706059	  0.725489	  0.741708	  0.755326	  0.766864	  0.772708	  0.777023	  0.780343	  0.782994	  0.785187	  0.787059	  0.788706	  0.790195	  0.791563	  0.792823	  0.793974	  0.795016	  0.795946	  0.796761	  0.797462	  0.798049	  0.798523	  0.798888	  0.799154	  0.799328	  0.799417	  0.799428	  0.799369	  0.799248	  0.799075	  0.798858	  0.798606
   138	     0	         0	         0	         0	         0	         0	         0	         0	         0	         0	         0	         0	         0	         0	         0	         0	         0	0.00161248	0.00320774	0.00491277	0.00677042	  0.016176	  0.031099	  0.052833	 0.0808148	  0.112396	  0.154614	  0.208176	  0.286788	  0.337774	  0.372893	  0.404737	  0.442441	  0.488057	  0.522757	   0.54841	  0.577453	  0.608768	  0.637233	  0.666027	  0.691052	  0.713674	  0.732761	  0.748874	  0.762539	  0.769413	  0.774439	   0.77827	  0.781302	  0.783792	  0.785906	  0.787756	  0.789421	  0.790946	   0.79235	  0.793638	  0.794812	  0.795873	  0.796823	  0.797663	  0.798393	  0.799016	  0.799535	  0.799959	  0.800294	  0.800546	   0.80072	  0.800823	  0.800862	  0.800844	  0.800775	  0.800663
   139	     0	         0	         0	         0	         0	         0	         0	         0	         0	         0	         0	         0	         0	         0	         0	         0	         0	0.00161812	0.00322172	0.00493609	0.00680335	 0.0162568	 0.0312492	 0.0530887	  0.081223	  0.113014	  0.155578	   0.20972	  0.289383	  0.341266	  0.377231	  0.409853	  0.448458	   0.49514	  0.530806	  0.557351	  0.587403	  0.618497	  0.645991	  0.673496	  0.697176	  0.718494	  0.736435	  0.751565	  0.764401	  0.770858	  0.775589	  0.779196	  0.782049	  0.784387	  0.786367	  0.788095	  0.789646	  0.791064	  0.792363	  0.793548	  0.794618	  0.795574	  0.796415	  0.797141	  0.797754	  0.798252	  0.798643	  0.798934	  0.799131	  0.799242	  0.799272	  0.799229	   0.79912	  0.798955	   0.79874	  0.798484
   140	     0	         0	         0	         0	         0	         0	         0	         0	         0	         0	         0	         0	         0	         0	         0	         0	         0	 0.0016418	0.00328358	0.00505135	0.00698744	 0.0167526	 0.0322863	 0.0549699	 0.0842513	  0.117393	  0.161736	  0.218119	  0.301095	  0.355098	  0.392839	  0.426685	   0.46657	  0.514802	  0.551913	  0.579661	  0.611241	  0.640782	  0.665236	  0.689258	  0.709654	  0.727989	  0.743369	  0.756353	  0.767412	  0.773278	  0.777678	  0.781099	   0.78385	  0.786135	  0.788092	  0.789813	  0.791367	  0.792791	    0.7941	  0.795298	  0.796384	  0.797359	  0.798222	  0.798974	  0.799615	  0.800146	  0.800572	  0.800901	  0.801139	  0.801291	  0.801365	  0.801367	  0.801305	  0.801185	  0.801017	  0.800807
   141	     0	         0	         0	         0	         0	         0	         0	         0	         0	         0	         0	         0	         0	         0	         0	         0	         0	0.00149897	0.00303132	0.00470821	0.00656773	 0.0158244	 0.0306414	 0.0523683	 0.0805142	  0.112466	  0.155231	  0.209532	  0.289426	  0.341649	  0.377939	  0.411133	  0.450331	  0.497822	  0.534504	   0.56219	  0.593674	  0.625478	  0.652927	   0.67993	  0.702793	  0.723112	  0.740032	  0.754213	  0.766226	  0.772179	  0.776584	      0.78	  0.782759	  0.785072	  0.787073	  0.788852	   0.79047	  0.791962	  0.793338	  0.794599	  0.795746	  0.796776	  0.797691	  0.798492	   0.79918	  0.799757	  0.800229	  0.800605	  0.800891	  0.801095	  0.801222	   0.80128	  0.801276	  0.801217	  0.801109	  0.800961
   142	     0	         0	         0	         0	         0	         0	         0	         0	         0	         0	         0	         0	         0	         0	         0	         0	         0	0.00149725	0.00301597	0.00467083	0.00650156	 0.0156563	 0.0303067	 0.0517867	 0.0796083	  0.111181	   0.15347	  0.207196	  0.286213	  0.337817	  0.373443	  0.405945	  0.444309	  0.490697	  0.526169	  0.552559	  0.582453	  0.613974	  0.642175	  0.670484	   0.69487	  0.716794	  0.735222	  0.750748	  0.763915	  0.770521	  0.775376	  0.779102	  0.782076	  0.784542	  0.786655	  0.788519	  0.790206	  0.791758	  0.793192	  0.794514	  0.795726	  0.796829	  0.797825	  0.798716	  0.799501	  0.800181	  0.800761	  0.801249	  0.801648	  0.801964	  0.802201	  0.802365	  0.802462	  0.802496	  0.802475	  0.802403
   143	     0	         0	         0	         0	         0	         0	         0	         0	         0	         0	         0	         0	         0	         0	         0	         0	         0	0.00165593	0.00331656	0.00510506	0.00706184	 0.0169082	 0.0325428	 0.0553346	 0.0847101	  0.117913	  0.162276	  0.218599	  0.301435	  0.355245	  0.392904	  0.426775	  0.466784	  0.515313	  0.552919	  0.581336	  0.613809	  0.643932	  0.668509	  0.692312	  0.712314	  0.730126	  0.744918	  0.757315	  0.767831	   0.77329	  0.777377	  0.780564	  0.783139	  0.785292	  0.787145	  0.788783	  0.790266	  0.791627	  0.792876	  0.794011	  0.795034	   0.79594	   0.79673	  0.797404	  0.797962	  0.798408	  0.798745	  0.798985	  0.799135	  0.799202	  0.799194	  0.799119	  0.798986	  0.798805	  0.798582	  0.798328
   144	     0	         0	         0	         0	         0	         0	         0	         0	         0	         0	         0	         0	         0	         0	         0	         0	         0	 0.0015867	0.00318347	0.00491133	0.00681155	 0.0163518	 0.0315616	 0.0538029	 0.0825521	  0.115135	  0.158754	  0.214215	  0.295856	   0.34919	  0.386481	  0.420291	  0.460173	   0.50843	   0.54573	  0.573895	  0.605965	  0.636771	  0.662491	  0.687547	  0.708674	  0.727482	  0.743143	  0.756295	  0.767469	  0.773172	   0.77744	  0.780777	  0.783486	  0.785766	  0.787743	  0.789503	  0.791106	  0.792586	  0.793954	  0.795207	  0.796348	  0.797373	  0.798282	  0.799075	  0.799753	  0.800319	  0.800778	  0.801138	  0.801408	  0.801593	  0.801701	   0.80174	  0.801718	  0.801641	  0.801519	  0.801358
   145	     0	         0	         0	         0	         0	         0	         0	         0	         0	         0	         0	         0	         0	         0	         0	         0	         0	0.00165692	0.00331949	0.00511458	0.00708491	 0.0169923	 0.0327649	  0.055799	 0.0855242	  0.119141	  0.164013	   0.22089	  0.304409	  0.358498	  0.396277	  0.429988	   0.46966	  0.517669	  0.554635	  0.582234	  0.613711	  0.642909	  0.666942	  0.690555	  0.710565	  0.728552	  0.743639	  0.756387	  0.767264	  0.773101	   0.77751	  0.780966	  0.783765	   0.78611	   0.78813	  0.789918	  0.791536	  0.793024	  0.794392	  0.795646	  0.796787	  0.797814	  0.798729	  0.799532	  0.800226	  0.800811	  0.801292	  0.801678	  0.801975	   0.80219	  0.802327	  0.802394	  0.802398	  0.802345	  0.802244	    0.8021
   146	     0	         0	         0	         0	         0	         0	         0	         0	         0	         0	         0	         0	         0	         0	         0	         0	         0	 0.0015867	0.00318347	0.00491133	0.00681155	 0.0163518	 0.0315616	 0.0538029	 0.0825521	  0.115135	  0.158754	  0.214215	  0.295856	   0.34919	  0.386481	  0.420291	  0.460173	   0.50843	   0.54573	  0.573895	  0.605965	  0.636771	  0.662491	  0.687547	  0.708674	  0.727482	  0.743143	  0.756295	  0.767469	  0.773172	   0.77744	  0.780777	  0.783486	  0.785766	  0.787743	  0.789503	  0.791106	  0.792586	  0.793954	  0.795207	  0.796348	  0.797373	  0.798282	  0.799075	  0.799753	  0.800319	  0.800778	  0.801138	  0.801408	  0.801593	  0.801701	   0.80174	  0.801718	  0.801641	  0.801519	  0.801358
   147	     0	         0	         0	         0	         0	         0	         0	         0	         0	         0	         0	         0	         0	         0	         0	         0	         0	 0.0015867	0.00318347	0.00491133	0.00681155	 0.0163518	 0.0315616	 0.0538029	 0.0825521	  0.115135	  0.158754	  0.214215	  0.295856	   0.34919	  0.386481	  0.420291	  0.460173	   0.50843	   0.54573	  0.573895	  0.605965	  0.636771	  0.662491	  0.687547	  0.708674	  0.727482	  0.743143	  0.756295	  0.767469	  0.773172	   0.77744	  0.780777	  0.783486	  0.785766	  0.787743	  0.789503	  0.791106	  0.792586	  0.793954	  0.795207	  0.796348	  0.797373	  0.798282	  0.799075	  0.799753	  0.800319	  0.800778	  0.801138	  0.801408	  0.801593	  0.801701	   0.80174	  0.801718	  0.801641	  0.801519	  0.801358
   148	     0	         0	         0	         0	         0	         0	         0	         0	         0	         0	         0	         0	         0	         0	         0	         0	         0	0.00163223	0.00325683	 0.0049995	 0.0069026	 0.0165171	 0.0317878	 0.0540597	 0.0827825	  0.115271	  0.158749	  0.214028	  0.295384	  0.348382	  0.385375	  0.418813	  0.458305	  0.506094	  0.542918	  0.570592	  0.602065	  0.632809	  0.658865	  0.684455	   0.70616	   0.72555	  0.741743	  0.755351	  0.766896	   0.77276	  0.777111	  0.780478	  0.783183	  0.785437	  0.787374	  0.789089	  0.790645	   0.79208	  0.793405	  0.794621	  0.795726	  0.796719	  0.797598	  0.798363	  0.799014	  0.799553	  0.799983	  0.800315	  0.800554	  0.800708	  0.800782	  0.800785	  0.800724	  0.800607	  0.800443	  0.800238
   149	     0	         0	         0	         0	         0	         0	         0	         0	         0	         0	         0	         0	         0	         0	         0	         0	         0	0.00162193	0.00324672	0.00499971	0.00692357	 0.0166163	 0.0320617	 0.0546476	 0.0838415	  0.116924	  0.161198	  0.217447	  0.300224	   0.35415	  0.391949	  0.425993	  0.466091	  0.514612	  0.552214	  0.580584	  0.612981	  0.643183	  0.667941	  0.691959	  0.712149	  0.730122	  0.745049	  0.757567	  0.768197	  0.773754	  0.777945	  0.781241	  0.783932	  0.786208	  0.788189	  0.789959	  0.791575	  0.793071	  0.794458	  0.795737	  0.796909	  0.797972	  0.798925	   0.79977	  0.800506	  0.801135	  0.801661	  0.802091	  0.802431	  0.802687	  0.802864	  0.802969	  0.803006	  0.802984	  0.802908	  0.802785
   150	     0	         0	         0	         0	         0	         0	         0	         0	         0	         0	         0	         0	         0	         0	         0	         0	         0	0.00153123	0.00307171	0.00473589	0.00656191	  0.015708	 0.0302495	 0.0514457	 0.0787508	  0.109578	  0.150759	  0.202959	  0.279509	  0.329237	  0.363251	  0.394364	  0.431267	  0.475953	  0.509857	  0.534906	  0.563185	  0.595474	  0.625764	  0.656757	  0.683815	  0.708264	  0.728918	  0.746323	  0.761028	   0.76829	  0.773532	  0.777481	  0.780574	  0.783089	  0.785206	  0.787046	  0.788691	   0.79019	  0.791561	  0.792811	  0.793941	  0.794954	   0.79585	  0.796631	    0.7973	  0.797858	  0.798309	  0.798663	  0.798927	  0.799106	  0.799206	  0.799235	  0.799199	  0.799107	  0.798965	   0.79878
   151	     0	         0	         0	         0	         0	         0	         0	         0	         0	         0	         0	         0	         0	         0	         0	         0	         0	 0.0015867	0.00318347	0.00491133	0.00681155	 0.0163518	 0.0315616	 0.0538029	 0.0825521	  0.115135	  0.158754	  0.214215	  0.295856	   0.34919	  0.386481	  0.420291	  0.460173	   0.50843	   0.54573	  0.573895	  0.605965	  0.636771	  0.662491	  0.687547	  0.708674	  0.727482	  0.743143	  0.756295	  0.767469	  0.773172	   0.77744	  0.780777	  0.783486	  0.785766	  0.787743	  0.789503	  0.791106	  0.792586	  0.793954	  0.795207	  0.796348	  0.797373	  0.798282	  0.799075	  0.799753	  0.800319	  0.800778	  0.801138	  0.801408	  0.801593	  0.801701	   0.80174	  0.801718	  0.801641	  0.801519	  0.801358
   152	     0	         0	         0	         0	         0	         0	         0	         0	         0	         0	         0	         0	         0	         0	         0	         0	         0	0.00163568	0.00326029	0.00500015	0.00689745	   0.01649	 0.0317098	 0.0538815	  0.082436	  0.114676	  0.157765	  0.212438	  0.292738	  0.344795	  0.380811	  0.413308	  0.451748	  0.498286	  0.533836	  0.560213	  0.590161	   0.62081	  0.647791	  0.674793	  0.698063	  0.719047	  0.736708	  0.751612	  0.764267	  0.770706	  0.775446	  0.779077	  0.781962	  0.784339	  0.786361	  0.788134	  0.789732	  0.791198	  0.792546	  0.793781	  0.794905	  0.795915	  0.796814	  0.797601	  0.798277	  0.798843	  0.799304	  0.799668	  0.799942	  0.800132	  0.800244	  0.800285	  0.800261	  0.800181	  0.800053	  0.799883
   153	     0	         0	         0	         0	         0	         0	         0	         0	         0	         0	         0	         0	         0	         0	         0	         0	         0	0.00154101	0.00309537	 0.0047809	0.00663776	 0.0159352	 0.0307671	 0.0524496	 0.0804512	  0.112133	  0.154467	  0.208128	  0.286877	   0.33804	  0.373295	  0.405361	  0.443251	  0.489094	  0.524049	  0.549967	  0.579315	  0.610739	  0.639153	  0.667853	  0.692704	  0.715126	  0.734044	  0.750025	    0.7636	  0.770455	  0.775501	  0.779375	  0.782467	  0.785027	  0.787216	  0.789143	  0.790884	  0.792481	  0.793953	  0.795305	  0.796542	  0.797667	   0.79868	  0.799584	  0.800381	  0.801073	  0.801663	  0.802161	  0.802571	    0.8029	  0.803151	  0.803331	  0.803446	  0.803502	  0.803506	  0.803462
   154	     0	         0	         0	         0	         0	         0	         0	         0	         0	         0	         0	         0	         0	         0	         0	         0	         0	0.00165253	0.00328849	0.00503511	0.00693459	  0.016549	 0.0317736	 0.0539168	  0.082394	  0.114507	  0.157405	  0.211836	  0.291759	  0.343537	  0.379339	  0.411644	   0.44988	  0.496149	  0.531409	  0.557523	  0.587121	  0.617868	  0.645207	  0.672704	  0.696472	  0.717943	  0.736064	  0.751377	  0.764384	  0.770995	  0.775853	  0.779566	  0.782509	  0.784928	  0.786981	  0.788779	  0.790397	  0.791881	  0.793245	  0.794495	  0.795631	  0.796654	  0.797562	  0.798356	  0.799039	   0.79961	  0.800074	  0.800439	  0.800714	  0.800903	  0.801013	  0.801051	  0.801024	  0.800941	  0.800809	  0.800635
   155	     0	         0	         0	         0	         0	         0	         0	         0	         0	         0	         0	         0	         0	         0	         0	         0	         0	0.00166036	0.00333042	0.00513756	0.00712482	 0.0171085	 0.0330234	  0.056292	 0.0863514	   0.12038	  0.165807	   0.22338	  0.307928	  0.362784	  0.401356	  0.435767	  0.476213	  0.525195	  0.563268	  0.592034	  0.624999	  0.654196	   0.67723	  0.699387	  0.717877	  0.734345	  0.748007	  0.759482	  0.769257	  0.774619	  0.778736	  0.782022	  0.784734	  0.787045	  0.789067	  0.790878	  0.792533	  0.794064	   0.79548	  0.796785	  0.797978	   0.79906	  0.800031	  0.800893	  0.801647	  0.802294	   0.80284	  0.803294	  0.803661	  0.803947	  0.804158	  0.804301	  0.804381	  0.804406	  0.804382	  0.804315
   156	     0	         0	         0	         0	         0	         0	         0	         0	         0	         0	         0	         0	         0	         0	         0	         0	         0	0.00162193	0.00324672	0.00499971	0.00692357	 0.0166163	 0.0320617	 0.0546476	 0.0838415	  0.116924	  0.161198	  0.217447	  0.300224	   0.35415	  0.391949	  0.425993	  0.466091	  0.514612	  0.552214	  0.580584	  0.612981	  0.643183	  0.667941	  0.691959	  0.712149	  0.730122	  0.745049	  0.757567	  0.768197	  0.773754	  0.777945	  0.781241	  0.783932	  0.786208	  0.788189	  0.789959	  0.791575	  0.793071	  0.794458	  0.795737	  0.796909	  0.797972	  0.798925	   0.79977	  0.800506	  0.801135	  0.801661	  0.802091	  0.802431	  0.802687	  0.802864	  0.802969	  0.803006	  0.802984	  0.802908	  0.802785
   157	     0	         0	         0	         0	         0	         0	         0	         0	         0	         0	         0	         0	         0	         0	         0	         0	         0	0.00159872	0.00320331	0.00493463	0.00683303	 0.0163733	 0.0315494	 0.0536979	 0.0822665	  0.114568	  0.157726	  0.212453	  0.292854	  0.345096	  0.381409	  0.414367	  0.453348	  0.500613	  0.537064	   0.56448	  0.595715	  0.627011	  0.653962	  0.680488	   0.70305	  0.723179	  0.739958	  0.754034	  0.765961	  0.771945	  0.776378	  0.779814	  0.782584	  0.784902	  0.786903	  0.788679	  0.790296	  0.791788	  0.793167	  0.794433	  0.795587	  0.796628	  0.797555	   0.79837	  0.799074	  0.799667	  0.800157	  0.800551	  0.800857	  0.801083	  0.801232	  0.801315	  0.801336	  0.801305	  0.801228	  0.801113
   158	     0	         0	         0	         0	         0	         0	         0	         0	         0	         0	         0	         0	         0	         0	         0	         0	         0	0.00160325	0.00321675	0.00496135	0.00687755	 0.0165035	 0.0318327	 0.0542312	 0.0831574	  0.115904	  0.159694	  0.215289	  0.297063	  0.350231	  0.387237	  0.420632	  0.460039	  0.507761	  0.544492	  0.571988	  0.603292	  0.633634	  0.659311	  0.684609	  0.706106	  0.725361	  0.741476	  0.755043	  0.766571	  0.772512	  0.776934	  0.780363	  0.783121	  0.785418	  0.787393	  0.789138	   0.79072	  0.792176	  0.793518	  0.794748	  0.795867	  0.796874	  0.797767	  0.798548	  0.799218	  0.799776	  0.800229	  0.800585	   0.80085	  0.801031	  0.801133	  0.801165	  0.801131	  0.801042	  0.800903	  0.800722
   159	     0	         0	         0	         0	         0	         0	         0	         0	         0	         0	         0	         0	         0	         0	         0	         0	         0	0.00164592	0.00329339	0.00506784	0.00701141	 0.0167973	 0.0323581	  0.055068	 0.0843685	  0.117517	   0.16183	  0.218113	  0.300888	  0.354734	  0.392436	  0.426333	  0.466291	  0.514646	  0.551997	  0.580103	  0.612137	  0.642125	  0.666804	  0.690861	  0.711148	  0.729274	  0.744403	  0.757138	  0.767976	  0.773653	  0.777924	  0.781268	   0.78398	  0.786257	  0.788226	  0.789974	  0.791563	  0.793027	  0.794377	  0.795614	  0.796738	  0.797747	  0.798641	   0.79942	  0.800084	  0.800636	  0.801081	  0.801427	  0.801682	  0.801853	  0.801944	  0.801966	  0.801925	  0.801828	  0.801685	  0.801503
   160	     0	         0	         0	         0	         0	         0	         0	         0	         0	         0	         0	         0	         0	         0	         0	         0	         0	0.00163841	0.00326305	0.00500157	0.00689695	  0.016502	 0.0317496	 0.0539845	 0.0826527	  0.115068	  0.158462	  0.213642	  0.294839	  0.347641	  0.384346	  0.417423	  0.456491	  0.503737	  0.539912	   0.56683	  0.597379	  0.627708	  0.653875	  0.679904	    0.7022	  0.722271	  0.739147	  0.753388	  0.765486	  0.771692	  0.776275	  0.779793	   0.78259	  0.784893	   0.78685	  0.788565	  0.790108	  0.791523	  0.792823	  0.794012	   0.79509	  0.796058	  0.796914	  0.797658	  0.798291	  0.798813	  0.799229	  0.799546	  0.799771	   0.79991	  0.799969	  0.799955	  0.799875	  0.799737	   0.79955	   0.79932
   161	     0	         0	         0	         0	         0	         0	         0	         0	         0	         0	         0	         0	         0	         0	         0	         0	         0	0.00157112	0.00316377	0.00489738	0.00681276	 0.0163977	 0.0317192	  0.054168	 0.0832228	   0.11617	  0.160216	  0.216085	  0.298235	  0.351672	  0.388934	  0.422573	  0.462187	  0.510149	  0.547178	  0.574973	  0.606669	  0.636966	  0.662319	   0.68717	    0.7082	  0.726998	  0.742699	  0.755919	  0.767176	  0.773045	  0.777465	  0.780934	   0.78376	  0.786144	  0.788215	   0.79006	  0.791741	  0.793294	  0.794731	  0.796056	   0.79727	  0.798374	  0.799369	  0.800257	  0.801038	  0.801715	  0.802292	  0.802776	  0.803174	  0.803491	  0.803732	  0.803903	  0.804009	  0.804057	  0.804053	  0.804003
   162	     0	         0	         0	         0	         0	         0	         0	         0	         0	         0	         0	         0	         0	         0	         0	         0	         0	 0.0016958	 0.0033873	0.00520544	0.00719397	 0.0172309	 0.0331823	 0.0564514	 0.0864498	  0.120342	  0.165563	  0.222858	  0.306927	  0.361257	  0.399203	  0.432862	  0.472467	  0.520407	  0.557293	  0.584734	  0.616066	  0.644786	  0.668319	  0.691476	  0.711138	  0.728861	  0.743732	  0.756299	  0.767017	   0.77285	  0.777261	  0.780713	  0.783504	  0.785836	   0.78784	  0.789611	  0.791213	  0.792686	  0.794043	  0.795288	  0.796423	  0.797448	  0.798364	  0.799172	  0.799873	  0.800467	   0.80096	  0.801358	  0.801668	  0.801895	  0.802045	  0.802124	  0.802138	  0.802095	     0.802	  0.801861
   163	     0	         0	         0	         0	         0	         0	         0	         0	         0	         0	         0	         0	         0	         0	         0	         0	         0	0.00143934	0.00290424	0.00450418	0.00627725	  0.015111	 0.0292531	 0.0499797	 0.0768106	  0.107235	  0.147963	  0.199651	  0.275487	  0.325048	  0.358913	   0.39005	  0.426885	  0.471414	  0.505187	  0.530125	  0.558215	   0.59088	  0.621805	  0.653546	  0.681241	  0.706234	  0.727348	  0.745136	  0.760166	  0.767569	  0.772919	   0.77696	  0.780139	   0.78274	  0.784943	   0.78687	  0.788602	  0.790188	  0.791648	  0.792988	  0.794212	  0.795323	  0.796322	  0.797212	  0.797995	  0.798671	  0.799246	  0.799727	  0.800119	  0.800429	   0.80066	  0.800819	  0.800911	  0.800942	  0.800918	  0.800845
   164	     0	         0	         0	         0	         0	         0	         0	         0	         0	         0	         0	         0	         0	         0	         0	         0	         0	0.00154208	0.00308997	0.00476281	0.00660129	 0.0158496	 0.0305967	 0.0521656	 0.0800481	  0.111645	  0.153985	  0.207836	  0.287062	   0.33882	  0.374628	  0.407266	  0.445843	  0.492491	  0.528179	  0.554772	  0.584903	  0.616332	  0.644248	  0.672151	  0.696183	  0.717791	  0.735942	  0.751234	  0.764206	  0.770729	  0.775529	  0.779215	  0.782157	  0.784594	  0.786679	  0.788516	  0.790178	  0.791706	  0.793116	  0.794411	  0.795595	  0.796666	  0.797625	  0.798474	  0.799213	  0.799843	  0.800368	  0.800798	  0.801136	  0.801391	  0.801565	  0.801667	  0.801703	   0.80168	  0.801604	  0.801483
   165	     0	         0	         0	         0	         0	         0	         0	         0	         0	         0	         0	         0	         0	         0	         0	         0	         0	0.00164297	0.00329333	 0.0050766	 0.0070351	 0.0168791	  0.032558	  0.055467	 0.0850483	  0.118526	  0.163237	  0.219927	  0.303211	  0.357245	  0.395046	   0.42892	  0.468802	  0.517088	  0.554398	  0.582405	  0.614384	  0.643992	  0.668224	   0.69185	  0.711774	  0.729597	  0.744478	  0.757017	  0.767706	  0.773401	  0.777717	  0.781118	  0.783894	  0.786237	  0.788271	  0.790082	   0.79173	   0.79325	  0.794654	  0.795943	  0.797118	   0.79818	  0.799129	  0.799966	  0.800692	   0.80131	  0.801823	  0.802242	  0.802572	   0.80282	   0.80299	  0.803091	  0.803128	  0.803109	  0.803041	  0.802929
   166	     0	         0	         0	         0	         0	         0	         0	         0	         0	         0	         0	         0	         0	         0	         0	         0	         0	0.00156195	0.00313271	0.00483132	 0.0066983	 0.0160806	 0.0310371	 0.0529123	 0.0811928	   0.11325	   0.15619	  0.210792	  0.291185	  0.343689	  0.380248	  0.413516	    0.4528	  0.500331	  0.536957	  0.564493	  0.595778	  0.627115	  0.654116	  0.680737	  0.703377	  0.723586	  0.740462	  0.754636	  0.766653	  0.772701	  0.777183	  0.780657	  0.783457	    0.7858	  0.787822	  0.789618	  0.791252	  0.792762	  0.794159	  0.795444	  0.796618	  0.797679	  0.798628	  0.799464	  0.800189	  0.800803	  0.801311	  0.801721	  0.802039	  0.802272	  0.802425	  0.802506	  0.802519	  0.802474	  0.802377	  0.802235
   167	     0	         0	         0	         0	         0	         0	         0	         0	         0	         0	         0	         0	         0	         0	         0	         0	         0	0.00166982	0.00332917	0.00510703	0.00704626	 0.0168395	 0.0323754	 0.0549965	 0.0841085	  0.116944	  0.160731	  0.216146	  0.297388	  0.349848	   0.38627	  0.418971	  0.457611	   0.50444	  0.540375	  0.567138	  0.597634	  0.627956	   0.65411	   0.68006	  0.702288	  0.722278	  0.739048	  0.753191	  0.765224	  0.771427	  0.776047	  0.779633	   0.78252	   0.78493	  0.787004	  0.788839	  0.790504	  0.792037	  0.793453	  0.794755	  0.795945	  0.797023	   0.79799	  0.798848	  0.799597	   0.80024	  0.800781	  0.801228	  0.801587	  0.801866	  0.802068	    0.8022	  0.802269	  0.802282	  0.802245	  0.802164
   168	     0	         0	         0	         0	         0	         0	         0	         0	         0	         0	         0	         0	         0	         0	         0	         0	         0	0.00152202	0.00305951	0.00472972	0.00657336	 0.0158197	 0.0306039	 0.0522773	 0.0803599	  0.112261	  0.155068	  0.209611	  0.290015	  0.342758	  0.379454	  0.412896	  0.452331	  0.499963	  0.536555	  0.563966	  0.595037	  0.626141	  0.652995	  0.679565	  0.702229	  0.722531	  0.739541	  0.753865	  0.766031	  0.772199	   0.77677	  0.780302	  0.783138	  0.785499	  0.787527	  0.789319	  0.790943	  0.792437	  0.793815	   0.79508	  0.796235	  0.797278	  0.798209	  0.799029	  0.799738	  0.800337	  0.800831	  0.801226	  0.801529	  0.801745	  0.801878	  0.801937	  0.801927	  0.801854	  0.801727	  0.801551
   169	     0	         0	         0	         0	         0	         0	         0	         0	         0	         0	         0	         0	         0	         0	         0	         0	         0	 0.0018118	0.00355456	0.00537516	0.00732172	 0.0173848	 0.0331998	 0.0561063	  0.085458	  0.118462	  0.162548	  0.218501	  0.300539	  0.353372	  0.390137	  0.422757	  0.461408	  0.508256	  0.544096	  0.570622	  0.600839	  0.630428	  0.655853	  0.681172	  0.702934	  0.722585	  0.739094	  0.753002	  0.764787	  0.770879	  0.775348	  0.778745	  0.781414	  0.783584	  0.785406	  0.786985	  0.788395	  0.789682	  0.790862	  0.791937	  0.792907	  0.793772	  0.794527	  0.795174	   0.79571	  0.796136	  0.796455	  0.796675	  0.796802	  0.796841	  0.796799	  0.796682	  0.796499	  0.796256	  0.795964	  0.795629
   170	     0	         0	         0	         0	         0	         0	         0	         0	         0	         0	         0	         0	         0	         0	         0	         0	         0	0.00162193	0.00324672	0.00499971	0.00692357	 0.0166163	 0.0320617	 0.0546476	 0.0838415	  0.116924	  0.161198	  0.217447	  0.300224	   0.35415	  0.391949	  0.425993	  0.466091	  0.514612	  0.552214	  0.580584	  0.612981	  0.643183	  0.667941	  0.691959	  0.712149	  0.730122	  0.745049	  0.757567	  0.768197	  0.773754	  0.777945	  0.781241	  0.783932	  0.786208	  0.788189	  0.789959	  0.791575	  0.793071	  0.794458	  0.795737	  0.796909	  0.797972	  0.798925	   0.79977	  0.800506	  0.801135	  0.801661	  0.802091	  0.802431	  0.802687	  0.802864	  0.802969	  0.803006	  0.802984	  0.802908	  0.802785
   171	     0	         0	         0	         0	         0	         0	         0	         0	         0	         0	         0	         0	         0	         0	         0	         0	         0	 0.0014655	 0.0029522	0.00457404	0.00637156	 0.0153712	  0.029805	 0.0510205	 0.0785799	  0.109967	  0.152187	  0.206122	  0.285798	  0.338394	  0.374994	  0.408524	  0.448021	  0.495632	  0.532128	  0.559428	  0.590237	  0.621666	  0.649123	  0.676439	  0.699743	  0.720611	  0.738138	  0.752911	  0.765457	  0.771756	  0.776397	  0.779962	  0.782806	  0.785161	  0.787175	  0.788949	  0.790552	  0.792025	  0.793383	   0.79463	  0.795766	  0.796793	  0.797708	  0.798512	  0.799205	  0.799787	  0.800262	  0.800637	  0.800917	  0.801107	  0.801212	  0.801238	  0.801191	  0.801078	  0.800906	  0.800682
   172	     0	         0	         0	         0	         0	         0	         0	         0	         0	         0	         0	         0	         0	         0	         0	         0	         0	0.00159369	0.00318608	0.00489944	0.00677492	 0.0162174	 0.0312279	 0.0531187	 0.0813406	  0.113237	  0.155886	  0.210023	  0.289548	  0.341272	  0.377076	  0.409592	  0.448066	  0.494648	  0.530328	  0.556961	  0.587195	  0.618507	   0.64615	  0.673699	  0.697379	  0.718651	  0.736493	  0.751513	  0.764251	  0.770638	  0.775335	  0.778941	  0.781816	  0.784196	  0.786229	  0.788018	  0.789634	  0.791117	  0.792481	  0.793729	  0.794863	  0.795883	  0.796788	  0.797579	  0.798258	  0.798826	  0.799288	  0.799653	  0.799929	  0.800121	  0.800236	  0.800281	  0.800264	  0.800191	  0.800072	  0.799912
   173	     0	         0	         0	         0	         0	         0	         0	         0	         0	         0	         0	         0	         0	         0	         0	         0	         0	0.00161755	0.00322433	0.00494774	0.00683109	 0.0163434	 0.0314618	  0.053507	 0.0819186	  0.114009	  0.156884	  0.211248	  0.291026	  0.342707	  0.378357	  0.410515	  0.448501	  0.494425	  0.529345	  0.555086	  0.584252	  0.614878	  0.642346	  0.670115	  0.694198	  0.716004	  0.734438	  0.750036	    0.7633	  0.770077	  0.775065	  0.778888	  0.781925	  0.784428	   0.78656	   0.78843	  0.790115	  0.791661	  0.793086	  0.794395	  0.795592	   0.79668	  0.797658	  0.798528	  0.799291	  0.799949	  0.800505	  0.800967	  0.801341	  0.801631	  0.801843	  0.801982	  0.802055	  0.802067	  0.802026	  0.801938
   174	     0	         0	         0	         0	         0	         0	         0	         0	         0	         0	         0	         0	         0	         0	         0	         0	         0	0.00169279	0.00337715	0.00518255	0.00715198	 0.0171048	 0.0328939	 0.0558975	 0.0855274	   0.11899	  0.163675	  0.220369	  0.303647	  0.357572	  0.395231	  0.428827	  0.468443	  0.516411	  0.553321	  0.580875	  0.612292	  0.641587	  0.665793	  0.689577	   0.70976	  0.727906	  0.743118	  0.755956	   0.76689	  0.772703	  0.777067	  0.780463	  0.783194	  0.785467	  0.787413	  0.789126	  0.790673	  0.792091	  0.793394	  0.794584	   0.79566	  0.796623	  0.797471	  0.798206	  0.798828	  0.799338	  0.799742	  0.800049	  0.800265	  0.800397	  0.800452	  0.800436	  0.800359	  0.800227	   0.80005	  0.799834
   175	     0	         0	         0	         0	         0	         0	         0	         0	         0	         0	         0	         0	         0	         0	         0	         0	         0	0.00157052	0.00312461	0.00478512	0.00659358	 0.0157485	   0.03027	 0.0514189	 0.0786501	  0.109393	  0.150532	   0.20277	  0.279477	  0.329357	  0.363582	  0.394849	  0.431926	  0.476764	  0.510804	  0.535966	  0.564359	  0.596671	  0.626916	  0.657799	  0.684725	  0.709024	  0.729523	  0.746777	  0.761344	  0.768518	  0.773697	  0.777602	  0.780664	  0.783162	  0.785271	  0.787113	   0.78877	   0.79029	  0.791691	  0.792976	  0.794149	   0.79521	  0.796158	  0.796994	  0.797719	  0.798334	  0.798843	  0.799254	  0.799575	  0.799809	  0.799964	  0.800045	   0.80006	  0.800015	  0.799918	  0.799776
   176	     0	         0	         0	         0	         0	         0	         0	         0	         0	         0	         0	         0	         0	         0	         0	         0	         0	0.00165389	0.00328226	0.00501704	0.00690285	 0.0164829	 0.0316731	 0.0537942	 0.0822789	  0.114439	  0.157442	  0.212022	  0.292173	  0.344184	  0.380261	  0.412818	    0.4513	  0.497843	  0.533451	  0.559914	  0.589964	  0.620797	  0.647947	  0.675049	  0.698383	   0.71939	  0.737035	   0.75191	  0.764539	  0.770962	  0.775708	  0.779368	  0.782299	  0.784736	   0.78683	  0.788682	  0.790364	  0.791918	  0.793358	  0.794689	  0.795912	  0.797027	  0.798034	  0.798934	  0.799726	  0.800412	  0.800996	  0.801484	  0.801883	  0.802197	  0.802432	  0.802593	  0.802686	  0.802718	  0.802696	  0.802624
   177	     0	         0	         0	         0	         0	         0	         0	         0	         0	         0	         0	         0	         0	         0	         0	         0	         0	 0.0016546	0.00331048	0.00509499	0.00705114	 0.0169065	 0.0325906	 0.0554963	 0.0850638	  0.118522	  0.163243	  0.220029	  0.303519	  0.357732	  0.395646	  0.429528	  0.469405	  0.517628	  0.554764	  0.582516	  0.614137	  0.643375	  0.667383	   0.69094	  0.710899	   0.72884	  0.743883	  0.756589	  0.767423	   0.77323	   0.77761	  0.781034	  0.783799	  0.786107	  0.788091	  0.789841	  0.791422	  0.792872	  0.794205	  0.795423	  0.796529	  0.797523	  0.798404	  0.799174	  0.799833	  0.800382	  0.800827	  0.801175	  0.801433	  0.801606	  0.801701	  0.801724	  0.801683	  0.801584	  0.801435	  0.801244
   178	     0	         0	         0	         0	         0	         0	         0	         0	         0	         0	         0	         0	         0	         0	         0	         0	         0	0.00159289	0.00318944	0.00491359	0.00680794	 0.0163596	 0.0315989	 0.0539127	 0.0827931	  0.115567	  0.159505	  0.215433	  0.297868	  0.351719	  0.389386	    0.4234	  0.463463	  0.511909	  0.549338	  0.577482	  0.609534	  0.639757	  0.664777	  0.689186	  0.709759	  0.728107	  0.743387	  0.756215	  0.767104	  0.772738	  0.776948	  0.780223	  0.782866	  0.785076	   0.78698	  0.788666	  0.790197	  0.791606	  0.792907	  0.794099	  0.795185	   0.79616	  0.797026	  0.797781	  0.798426	  0.798961	  0.799391	  0.799723	  0.799965	  0.800121	  0.800198	  0.800202	  0.800139	  0.800019	  0.799847	  0.799631
   179	     0	         0	         0	         0	         0	         0	         0	         0	         0	         0	         0	         0	         0	         0	         0	         0	         0	0.00161248	0.00320774	0.00491277	0.00677042	  0.016176	  0.031099	  0.052833	 0.0808148	  0.112396	  0.154614	  0.208176	  0.286788	  0.337774	  0.372893	  0.404737	  0.442441	  0.488057	  0.522757	   0.54841	  0.577453	  0.608768	  0.637233	  0.666027	  0.691052	  0.713674	  0.732761	  0.748874	  0.762539	  0.769413	  0.774439	   0.77827	  0.781302	  0.783792	  0.785906	  0.787756	  0.789421	  0.790946	   0.79235	  0.793638	  0.794812	  0.795873	  0.796823	  0.797663	  0.798393	  0.799016	  0.799535	  0.799959	  0.800294	  0.800546	   0.80072	  0.800823	  0.800862	  0.800844	  0.800775	  0.800663
   180	     0	         0	         0	         0	         0	         0	         0	         0	         0	         0	         0	         0	         0	         0	         0	         0	         0	0.00163002	0.00325987	 0.0050156	0.00693989	 0.0166349	 0.0320659	 0.0546039	 0.0836955	  0.116611	  0.160596	  0.216384	  0.298363	  0.351583	  0.388741	  0.422204	   0.46165	  0.509393	  0.546213	  0.573834	    0.6053	  0.635642	  0.661175	  0.686247	  0.707498	  0.726505	  0.742396	  0.755782	  0.767179	  0.773095	   0.77754	  0.781024	  0.783856	  0.786242	  0.788313	  0.790157	  0.791839	  0.793392	  0.794831	  0.796155	  0.797368	  0.798468	  0.799456	  0.800333	    0.8011	  0.801759	  0.802315	  0.802776	  0.803149	  0.803439	  0.803653	  0.803796	  0.803876	  0.803899	  0.803872	  0.803801
   181	     0	         0	         0	         0	         0	         0	         0	         0	         0	         0	         0	         0	         0	         0	         0	         0	         0	0.00156195	0.00313271	0.00483132	 0.0066983	 0.0160806	 0.0310371	 0.0529123	 0.0811928	   0.11325	   0.15619	  0.210792	  0.291185	  0.343689	  0.380248	  0.413516	    0.4528	  0.500331	  0.536957	  0.564493	  0.595778	  0.627115	  0.654116	  0.680737	  0.703377	  0.723586	  0.740462	  0.754636	  0.766653	  0.772701	  0.777183	  0.780657	  0.783457	    0.7858	  0.787822	  0.789618	  0.791252	  0.792762	  0.794159	  0.795444	  0.796618	  0.797679	  0.798628	  0.799464	  0.800189	  0.800803	  0.801311	  0.801721	  0.802039	  0.802272	  0.802425	  0.802506	  0.802519	  0.802474	  0.802377	  0.802235
   182	     0	         0	         0	         0	         0	         0	         0	         0	         0	         0	         0	         0	         0	         0	         0	         0	         0	0.00166036	0.00333042	0.00513756	0.00712482	 0.0171085	 0.0330234	  0.056292	 0.0863514	   0.12038	  0.165807	   0.22338	  0.307928	  0.362784	  0.401356	  0.435767	  0.476213	  0.525195	  0.563268	  0.592034	  0.624999	  0.654196	   0.67723	  0.699387	  0.717877	  0.734345	  0.748007	  0.759482	  0.769257	  0.774619	  0.778736	  0.782022	  0.784734	  0.787045	  0.789067	  0.790878	  0.792533	  0.794064	   0.79548	  0.796785	  0.797978	   0.79906	  0.800031	  0.800893	  0.801647	  0.802294	   0.80284	  0.803294	  0.803661	  0.803947	  0.804158	  0.804301	  0.804381	  0.804406	  0.804382	  0.804315
   183	     0	         0	         0	         0	         0	         0	         0	         0	         0	         0	         0	         0	         0	         0	         0	         0	         0	0.00163031	0.00327673	0.00506512	0.00703884	 0.0169358	   0.03275	 0.0559147	 0.0858932	  0.119889	   0.16533	  0.223016	  0.307838	  0.363023	  0.401786	  0.436366	  0.476939	  0.525976	  0.563928	  0.592448	  0.625025	  0.653765	  0.676453	  0.698424	  0.716815	  0.733278	  0.747021	  0.758619	  0.768529	  0.774024	  0.778241	  0.781593	  0.784342	  0.786669	   0.78869	  0.790489	  0.792122	  0.793623	  0.795005	   0.79627	   0.79742	  0.798457	   0.79938	  0.800191	  0.800893	  0.801487	  0.801978	  0.802375	  0.802685	  0.802913	  0.803064	  0.803147	  0.803168	  0.803133	   0.80305	  0.802925
   184	     0	         0	         0	         0	         0	         0	         0	         0	         0	         0	         0	         0	         0	         0	         0	         0	         0	0.00162266	 0.0032175	0.00491353	0.00675456	 0.0161252	 0.0309724	 0.0525967	 0.0804492	  0.111921	   0.15409	  0.207756	  0.286739	  0.338161	  0.373736	  0.406026	  0.444242	  0.490418	  0.525599	  0.551683	  0.581158	  0.612493	  0.640705	  0.669155	  0.693734	   0.71588	  0.734543	  0.750275	  0.763595	  0.770242	  0.775077	  0.778739	  0.781618	  0.783966	  0.785946	   0.78767	  0.789218	  0.790633	  0.791932	  0.793121	  0.794198	  0.795165	  0.796018	  0.796759	  0.797387	  0.797902	  0.798308	  0.798614	  0.798824	  0.798946	  0.798984	  0.798947	  0.798839	  0.798671	  0.798448	  0.798179
   185	     0	         0	         0	         0	         0	         0	         0	         0	         0	         0	         0	         0	         0	         0	         0	         0	         0	 0.0015867	0.00318347	0.00491133	0.00681155	 0.0163518	 0.0315616	 0.0538029	 0.0825521	  0.115135	  0.158754	  0.214215	  0.295856	   0.34919	  0.386481	  0.420291	  0.460173	   0.50843	   0.54573	  0.573895	  0.605965	  0.636771	  0.662491	  0.687547	  0.708674	  0.727482	  0.743143	  0.756295	  0.767469	  0.773172	   0.77744	  0.780777	  0.783486	  0.785766	  0.787743	  0.789503	  0.791106	  0.792586	  0.793954	  0.795207	  0.796348	  0.797373	  0.798282	  0.799075	  0.799753	  0.800319	  0.800778	  0.801138	  0.801408	  0.801593	  0.801701	   0.80174	  0.801718	  0.801641	  0.801519	  0.801358
   186	     0	         0	         0	         0	         0	         0	         0	         0	         0	         0	         0	         0	         0	         0	         0	         0	         0	0.00154692	0.00309143	0.00475332	0.00657341	 0.0157512	 0.0303559	 0.0516841	 0.0792188	  0.110388	   0.15216	  0.205309	  0.283515	  0.334594	  0.369838	  0.402008	  0.440071	  0.486071	  0.521131	  0.547173	  0.576587	  0.608409	  0.637309	  0.666489	  0.691719	  0.714428	  0.733556	  0.749668	  0.763304	  0.770068	  0.774988	  0.778721	  0.781666	  0.784078	  0.786122	   0.78791	   0.78952	  0.790998	  0.792358	  0.793606	  0.794741	  0.795765	  0.796676	  0.797474	   0.79816	  0.798735	  0.799203	  0.799572	  0.799849	  0.800039	  0.800148	  0.800184	  0.800153	  0.800062	   0.79992	  0.799733
   187	     0	         0	         0	         0	         0	         0	         0	         0	         0	         0	         0	         0	         0	         0	         0	         0	         0	0.00149972	0.00302722	0.00469584	0.00654459	 0.0157657	 0.0305245	 0.0521608	 0.0801774	  0.111957	  0.154483	   0.20846	  0.287795	  0.339517	  0.375187	  0.407672	  0.446017	  0.492407	  0.527838	  0.554146	  0.583953	  0.615179	  0.643045	  0.671059	  0.695214	  0.716975	  0.735309	  0.750788	   0.76394	  0.770594	  0.775497	  0.779265	  0.782272	  0.784762	  0.786892	  0.788766	  0.790459	  0.792013	  0.793444	  0.794758	  0.795958	  0.797048	  0.798027	  0.798897	  0.799661	  0.800318	  0.800875	  0.801338	  0.801713	  0.802005	   0.80222	  0.802363	  0.802439	  0.802456	  0.802419	  0.802335
   188	     0	         0	         0	         0	         0	         0	         0	         0	         0	         0	         0	         0	         0	         0	         0	         0	         0	0.00164297	0.00329333	 0.0050766	 0.0070351	 0.0168791	  0.032558	  0.055467	 0.0850483	  0.118526	  0.163237	  0.219927	  0.303211	  0.357245	  0.395046	   0.42892	  0.468802	  0.517088	  0.554398	  0.582405	  0.614384	  0.643992	  0.668224	   0.69185	  0.711774	  0.729597	  0.744478	  0.757017	  0.767706	  0.773401	  0.777717	  0.781118	  0.783894	  0.786237	  0.788271	  0.790082	   0.79173	   0.79325	  0.794654	  0.795943	  0.797118	   0.79818	  0.799129	  0.799966	  0.800692	   0.80131	  0.801823	  0.802242	  0.802572	   0.80282	   0.80299	  0.803091	  0.803128	  0.803109	  0.803041	  0.802929
   189	     0	         0	         0	         0	         0	         0	         0	         0	         0	         0	         0	         0	         0	         0	         0	         0	         0	0.00157274	0.00315376	0.00486517	0.00674916	 0.0162434	 0.0314125	 0.0536584	 0.0824992	  0.115293	  0.159329	  0.215488	   0.29841	  0.352841	  0.391141	  0.425859	  0.466724	  0.516124	  0.554554	  0.583737	  0.617037	  0.647523	  0.672076	  0.695655	  0.715297	  0.732672	  0.747027	   0.75902	  0.769182	  0.774469	  0.778462	  0.781609	  0.784185	  0.786371	  0.788278	  0.789986	   0.79155	  0.792999	  0.794342	  0.795581	  0.796712	  0.797736	  0.798648	  0.799449	  0.800139	  0.800718	  0.801191	  0.801564	  0.801845	  0.802038	  0.802148	  0.802183	  0.802149	  0.802053	  0.801902	  0.801704
   190	     0	         0	         0	         0	         0	         0	         0	         0	         0	         0	         0	         0	         0	         0	         0	         0	         0	0.00176837	0.00352649	0.00540888	0.00745954	 0.0178195	 0.0342312	 0.0581042	 0.0888029	  0.123406	  0.169477	  0.227754	  0.313096	  0.368085	  0.406708	  0.440704	  0.480712	  0.529216	  0.566802	  0.594992	  0.627325	  0.655626	  0.677898	   0.69947	  0.717564	  0.733775	  0.747265	  0.758602	  0.768245	  0.773616	  0.777712	  0.780944	  0.783574	  0.785785	  0.787693	  0.789384	  0.790917	  0.792327	  0.793625	  0.794811	  0.795887	   0.79685	    0.7977	  0.798439	  0.799066	  0.799583	  0.799994	  0.800309	  0.800534	  0.800675	  0.800738	  0.800731	  0.800661	  0.800536	  0.800363	  0.800149
   191	     0	         0	         0	         0	         0	         0	         0	         0	         0	         0	         0	         0	         0	         0	         0	         0	         0	0.00155938	0.00312524	0.00481741	0.00667685	 0.0160318	 0.0309482	 0.0527692	 0.0809894	  0.112994	  0.155909	   0.21056	  0.291092	  0.343826	  0.380595	  0.414081	  0.453633	  0.501481	  0.538396	  0.566226	  0.597858	  0.629205	  0.655983	  0.682251	  0.704542	  0.724412	  0.740966	  0.754845	  0.766599	  0.772489	  0.776845	  0.780212	  0.782918	  0.785174	  0.787115	  0.788834	  0.790394	  0.791831	  0.793158	  0.794375	  0.795482	  0.796478	  0.797361	  0.798131	   0.79879	  0.799338	  0.799779	  0.800121	  0.800373	  0.800539	  0.800625	  0.800639	  0.800588	  0.800481	  0.800324	  0.800125
   192	     0	         0	         0	         0	         0	         0	         0	         0	         0	         0	         0	         0	         0	         0	         0	         0	         0	0.00156195	0.00313271	0.00483132	 0.0066983	 0.0160806	 0.0310371	 0.0529123	 0.0811928	   0.11325	   0.15619	  0.210792	  0.291185	  0.343689	  0.380248	  0.413516	    0.4528	  0.500331	  0.536957	  0.564493	  0.595778	  0.627115	  0.654116	  0.680737	  0.703377	  0.723586	  0.740462	  0.754636	  0.766653	  0.772701	  0.777183	  0.780657	  0.783457	    0.7858	  0.787822	  0.789618	  0.791252	  0.792762	  0.794159	  0.795444	  0.796618	  0.797679	  0.798628	  0.799464	  0.800189	  0.800803	  0.801311	  0.801721	  0.802039	  0.802272	  0.802425	  0.802506	  0.802519	  0.802474	  0.802377	  0.802235
   193	     0	         0	         0	         0	         0	         0	         0	         0	         0	         0	         0	         0	         0	         0	         0	         0	         0	0.00169971	0.00339663	0.00522122	 0.0072169	 0.0172795	 0.0332677	 0.0565833	 0.0866319	  0.120571	  0.165823	    0.2231	    0.3071	   0.36139	  0.399465	  0.433346	   0.47323	  0.521559	  0.559003	  0.587145	  0.619371	  0.648616	  0.672205	  0.695096	  0.714342	  0.731545	  0.745869	  0.757922	  0.768193	  0.773759	  0.778005	  0.781372	  0.784135	  0.786479	  0.788523	  0.790349	  0.792015	  0.793557	  0.794984	  0.796299	  0.797503	  0.798596	  0.799579	  0.800454	   0.80122	  0.801881	   0.80244	  0.802906	  0.803286	  0.803584	  0.803806	  0.803959	  0.804048	  0.804079	   0.80406	  0.803997
   194	     0	         0	         0	         0	         0	         0	         0	         0	         0	         0	         0	         0	         0	         0	         0	         0	         0	0.00156229	0.00314011	0.00485411	0.00674613	 0.0162402	 0.0314218	  0.053681	 0.0825229	  0.115283	  0.159205	  0.215131	  0.297578	  0.351547	  0.389312	  0.423469	  0.463666	   0.51224	  0.549752	  0.577984	  0.610108	  0.640324	   0.66528	  0.689624	  0.710147	  0.728473	  0.743766	  0.756635	  0.767584	   0.77329	  0.777576	  0.780927	  0.783643	  0.785921	  0.787889	  0.789634	  0.791219	  0.792678	  0.794023	  0.795256	   0.79638	  0.797392	  0.798293	  0.799083	  0.799762	  0.800333	  0.800798	  0.801168	  0.801446	  0.801641	  0.801756	  0.801799	  0.801777	  0.801697	  0.801566	  0.801392
   195	     0	         0	         0	         0	         0	         0	         0	         0	         0	         0	         0	         0	         0	         0	         0	         0	         0	0.00165253	0.00328849	0.00503511	0.00693459	  0.016549	 0.0317736	 0.0539168	  0.082394	  0.114507	  0.157405	  0.211836	  0.291759	  0.343537	  0.379339	  0.411644	   0.44988	  0.496149	  0.531409	  0.557523	  0.587121	  0.617868	  0.645207	  0.672704	  0.696472	  0.717943	  0.736064	  0.751377	  0.764384	  0.770995	  0.775853	  0.779566	  0.782509	  0.784928	  0.786981	  0.788779	  0.790397	  0.791881	  0.793245	  0.794495	  0.795631	  0.796654	  0.797562	  0.798356	  0.799039	   0.79961	  0.800074	  0.800439	  0.800714	  0.800903	  0.801013	  0.801051	  0.801024	  0.800941	  0.800809	  0.800635
   196	     0	         0	         0	         0	         0	         0	         0	         0	         0	         0	         0	         0	         0	         0	         0	         0	         0	0.00166113	0.00331664	0.00509221	0.00702935	 0.0168115	 0.0323282	 0.0549353	 0.0840605	  0.116972	  0.160976	  0.216895	  0.299161	  0.352659	  0.390086	  0.423785	  0.463601	  0.511831	  0.549097	  0.577178	  0.609188	  0.639514	  0.664684	  0.689235	  0.709992	  0.728531	  0.743988	  0.756973	  0.767995	  0.773689	  0.777938	  0.781241	    0.7839	  0.786119	  0.788025	  0.789709	  0.791236	  0.792641	  0.793935	  0.795118	  0.796191	   0.79715	  0.797996	  0.798727	  0.799345	  0.799851	  0.800249	   0.80055	  0.800759	  0.800885	  0.800932	  0.800911	  0.800829	  0.800693	  0.800514	  0.800298
   197	     0	         0	         0	         0	         0	         0	         0	         0	         0	         0	         0	         0	         0	         0	         0	         0	         0	0.00170811	 0.0033982	0.00520338	0.00716816	 0.0171181	 0.0328871	 0.0558395	 0.0853784	  0.118711	  0.163214	  0.219672	  0.302549	  0.356202	  0.393646	  0.427031	  0.466386	  0.513969	  0.550446	   0.57756	  0.608407	  0.637697	  0.662271	  0.686596	  0.707375	  0.726131	  0.741926	  0.755299	   0.76671	  0.772785	  0.777346	  0.780894	  0.783748	   0.78612	  0.788153	  0.789942	  0.791558	  0.793039	  0.794402	   0.79565	  0.796784	  0.797805	  0.798713	  0.799509	  0.800193	  0.800767	  0.801235	  0.801605	  0.801884	  0.802078	  0.802191	  0.802232	  0.802207	  0.802123	  0.801988	   0.80181
   198	     0	         0	         0	         0	         0	         0	         0	         0	         0	         0	         0	         0	         0	         0	         0	         0	         0	0.00162193	0.00324672	0.00499971	0.00692357	 0.0166163	 0.0320617	 0.0546476	 0.0838415	  0.116924	  0.161198	  0.217447	  0.300224	   0.35415	  0.391949	  0.425993	  0.466091	  0.514612	  0.552214	  0.580584	  0.612981	  0.643183	  0.667941	  0.691959	  0.712149	  0.730122	  0.745049	  0.757567	  0.768197	  0.773754	  0.777945	  0.781241	  0.783932	  0.786208	  0.788189	  0.789959	  0.791575	  0.793071	  0.794458	  0.795737	  0.796909	  0.797972	  0.798925	   0.79977	  0.800506	  0.801135	  0.801661	  0.802091	  0.802431	  0.802687	  0.802864	  0.802969	  0.803006	  0.802984	  0.802908	  0.802785
   199	     0	         0	         0	         0	         0	         0	         0	         0	         0	         0	         0	         0	         0	         0	         0	         0	         0	0.00156037	0.00314804	0.00488123	0.00680064	 0.0163879	 0.0317326	 0.0542381	 0.0833976	    0.1165	  0.160783	  0.216999	  0.299713	  0.353626	  0.391278	  0.425267	  0.465249	  0.513626	  0.551002	  0.579087	  0.611112	   0.64115	  0.665929	  0.690118	  0.710499	  0.728699	  0.743893	  0.756693	  0.767604	  0.773346	  0.777689	   0.78111	  0.783905	  0.786268	  0.788323	  0.790156	  0.791826	  0.793368	  0.794794	  0.796105	  0.797304	  0.798391	  0.799365	  0.800228	  0.800983	   0.80163	  0.802175	  0.802625	  0.802988	  0.803267	  0.803469	  0.803601	  0.803667	  0.803675	  0.803631	  0.803542
   200	     0	         0	         0	         0	         0	         0	         0	         0	         0	         0	         0	         0	         0	         0	         0	         0	         0	 0.0015824	0.00316667	0.00487524	0.00674972	 0.0161733	 0.0311745	  0.053069	 0.0813077	  0.113219	   0.15585	   0.20989	  0.289175	  0.340573	  0.375907	  0.407863	  0.445626	  0.491296	  0.525947	  0.551439	  0.580299	  0.611069	  0.638924	  0.667194	  0.691761	  0.714023	  0.732868	   0.74882	  0.762379	   0.76927	  0.774322	  0.778176	  0.781225	  0.783726	  0.785847	    0.7877	  0.789365	  0.790889	  0.792288	   0.79357	  0.794737	  0.795792	  0.796735	  0.797567	  0.798291	  0.798907	   0.79942	  0.799838	  0.800167	  0.800413	  0.800579	  0.800675	  0.800705	  0.800676	  0.800596	   0.80047
   201	     0	         0	         0	         0	         0	         0	         0	         0	         0	         0	         0	         0	         0	         0	         0	         0	         0	0.00159946	0.00320132	0.00492886	0.00682398	 0.0163617	 0.0315489	 0.0537345	 0.0823805	  0.114804	  0.158174	  0.213248	  0.294221	  0.346929	  0.383603	  0.416786	  0.455949	   0.50333	  0.539755	  0.567022	  0.598022	  0.628789	  0.655205	  0.681306	  0.703558	  0.723497	  0.740196	   0.75426	  0.766214	  0.772319	  0.776862	  0.780389	  0.783233	  0.785611	  0.787662	  0.789481	  0.791134	   0.79266	  0.794071	  0.795369	  0.796555	  0.797629	   0.79859	   0.79944	  0.800179	  0.800808	  0.801333	  0.801762	    0.8021	  0.802355	  0.802531	  0.802636	  0.802677	   0.80266	  0.802593	  0.802483
   202	     0	         0	         0	         0	         0	         0	         0	         0	         0	         0	         0	         0	         0	         0	         0	         0	         0	0.00164064	0.00328897	0.00507035	0.00702701	 0.0168568	 0.0325117	 0.0553792	 0.0848927	   0.11827	  0.162813	  0.219232	  0.302056	  0.355669	  0.393067	  0.426561	  0.466006	  0.513764	  0.550546	   0.57803	   0.60937	  0.639016	  0.663725	  0.688038	  0.708668	  0.727189	  0.742718	  0.755836	  0.767029	  0.772961	  0.777438	   0.78095	  0.783802	  0.786198	  0.788271	   0.79011	  0.791779	  0.793315	  0.794732	  0.796032	  0.797218	  0.798291	  0.799251	    0.8001	  0.800841	  0.801473	  0.802004	   0.80244	  0.802789	  0.803057	  0.803248	   0.80337	  0.803429	  0.803431	  0.803383	  0.803293
   203	     0	         0	         0	         0	         0	         0	         0	         0	         0	         0	         0	         0	         0	         0	         0	         0	         0	0.00161248	0.00320774	0.00491277	0.00677042	  0.016176	  0.031099	  0.052833	 0.0808148	  0.112396	  0.154614	  0.208176	  0.286788	  0.337774	  0.372893	  0.404737	  0.442441	  0.488057	  0.522757	   0.54841	  0.577453	  0.608768	  0.637233	  0.666027	  0.691052	  0.713674	  0.732761	  0.748874	  0.762539	  0.769413	  0.774439	   0.77827	  0.781302	  0.783792	  0.785906	  0.787756	  0.789421	  0.790946	   0.79235	  0.793638	  0.794812	  0.795873	  0.796823	  0.797663	  0.798393	  0.799016	  0.799535	  0.799959	  0.800294	  0.800546	   0.80072	  0.800823	  0.800862	  0.800844	  0.800775	  0.800663
   204	     0	         0	         0	         0	         0	         0	         0	         0	         0	         0	         0	         0	         0	         0	         0	         0	         0	0.00158096	0.00315463	0.00484517	0.00669516	 0.0160432	 0.0309236	 0.0526665	 0.0807542	  0.112572	  0.155205	  0.209417	  0.289213	  0.341307	  0.377573	  0.410599	  0.449618	  0.496816	  0.533179	  0.560513	  0.591565	  0.623225	  0.650791	  0.678009	  0.701185	  0.721845	  0.739065	  0.753495	  0.765704	  0.771766	  0.776236	  0.779687	  0.782464	  0.784785	   0.78679	  0.788572	  0.790196	  0.791699	  0.793092	  0.794378	  0.795557	  0.796626	  0.797585	  0.798435	  0.799175	  0.799806	  0.800332	  0.800762	  0.801101	  0.801356	  0.801531	  0.801633	  0.801667	  0.801642	  0.801564	   0.80144
   205	     0	         0	         0	         0	         0	         0	         0	         0	         0	         0	         0	         0	         0	         0	         0	         0	         0	0.00166036	0.00333042	0.00513756	0.00712482	 0.0171085	 0.0330234	  0.056292	 0.0863514	   0.12038	  0.165807	   0.22338	  0.307928	  0.362784	  0.401356	  0.435767	  0.476213	  0.525195	  0.563268	  0.592034	  0.624999	  0.654196	   0.67723	  0.699387	  0.717877	  0.734345	  0.748007	  0.759482	  0.769257	  0.774619	  0.778736	  0.782022	  0.784734	  0.787045	  0.789067	  0.790878	  0.792533	  0.794064	   0.79548	  0.796785	  0.797978	   0.79906	  0.800031	  0.800893	  0.801647	  0.802294	   0.80284	  0.803294	  0.803661	  0.803947	  0.804158	  0.804301	  0.804381	  0.804406	  0.804382	  0.804315
   206	     0	         0	         0	         0	         0	         0	         0	         0	         0	         0	         0	         0	         0	         0	         0	         0	         0	0.00156502	0.00313262	0.00482529	0.00668535	 0.0160509	  0.030992	  0.052855	 0.0811338	    0.1132	  0.156174	   0.21084	  0.291313	  0.343923	  0.380548	  0.413826	  0.453073	  0.500494	  0.536955	  0.564269	  0.595284	  0.626392	  0.653272	  0.679843	  0.702511	  0.722803	   0.73978	  0.754062	   0.76619	  0.772344	  0.776919	  0.780472	  0.783341	  0.785747	  0.787829	  0.789681	   0.79137	  0.792932	  0.794383	  0.795723	  0.796956	  0.798081	  0.799097	  0.800005	  0.800805	  0.801498	  0.802088	  0.802582	  0.802986	  0.803305	  0.803543	  0.803706	    0.8038	  0.803832	  0.803808	  0.803733
   207	     0	         0	         0	         0	         0	         0	         0	         0	         0	         0	         0	         0	         0	         0	         0	         0	         0	0.00153862	0.00307396	0.00472868	 0.0065453	 0.0157015	 0.0303047	 0.0516571	 0.0792426	  0.110468	   0.15226	  0.205297	   0.28318	  0.333854	  0.368681	  0.400384	  0.437829	  0.483058	  0.517397	  0.542695	  0.571275	  0.602871	  0.632043	  0.661765	  0.687654	  0.711071	  0.730859	  0.747571	  0.761747	  0.768873	  0.774085	  0.778067	   0.78123	  0.783842	  0.786073	  0.788036	  0.789812	  0.791447	   0.79296	   0.79436	  0.795652	  0.796838	   0.79792	  0.798901	  0.799781	  0.800562	  0.801246	  0.801841	  0.802352	  0.802781	  0.803132	  0.803412	  0.803623	  0.803771	   0.80386	  0.803897
   208	     0	         0	         0	         0	         0	         0	         0	         0	         0	         0	         0	         0	         0	         0	         0	         0	         0	0.00160562	0.00321265	0.00494473	0.00684362	 0.0164087	  0.031634	 0.0538728	 0.0825767	  0.115046	  0.158439	  0.213467	   0.29432	  0.346734	  0.383051	    0.4158	  0.454444	  0.501208	  0.536982	  0.563519	   0.59365	  0.624071	  0.650636	  0.677201	  0.700003	  0.720543	  0.737839	  0.752453	  0.764888	  0.771279	  0.776018	  0.779676	  0.782606	  0.785038	  0.787122	   0.78896	  0.790623	  0.792153	  0.793564	  0.794861	  0.796046	   0.79712	  0.798083	  0.798936	  0.799682	   0.80032	  0.800856	  0.801297	   0.80165	   0.80192	  0.802111	  0.802231	  0.802285	  0.802279	  0.802222	  0.802118
   209	     0	         0	         0	         0	         0	         0	         0	         0	         0	         0	         0	         0	         0	         0	         0	         0	         0	0.00156506	 0.0031483	0.00486856	0.00676658	 0.0162824	 0.0314851	 0.0537614	 0.0826099	  0.115362	  0.159247	   0.21509	  0.297396	  0.351193	  0.388773	  0.422765	  0.462789	  0.511175	  0.548494	  0.576519	   0.60839	  0.638633	  0.663795	   0.68844	  0.709238	  0.727814	   0.74334	  0.756411	  0.767529	    0.7733	  0.777621	  0.780991	  0.783715	  0.785997	  0.787968	  0.789716	  0.791305	   0.79277	  0.794123	  0.795365	  0.796495	  0.797514	  0.798419	   0.79921	  0.799889	  0.800457	  0.800917	  0.801278	  0.801547	   0.80173	  0.801831	  0.801859	  0.801819	  0.801721	   0.80157	  0.801375
   210	     0	         0	         0	         0	         0	         0	         0	         0	         0	         0	         0	         0	         0	         0	         0	         0	         0	0.00164297	0.00329333	 0.0050766	 0.0070351	 0.0168791	  0.032558	  0.055467	 0.0850483	  0.118526	  0.163237	  0.219927	  0.303211	  0.357245	  0.395046	   0.42892	  0.468802	  0.517088	  0.554398	  0.582405	  0.614384	  0.643992	  0.668224	   0.69185	  0.711774	  0.729597	  0.744478	  0.757017	  0.767706	  0.773401	  0.777717	  0.781118	  0.783894	  0.786237	  0.788271	  0.790082	   0.79173	   0.79325	  0.794654	  0.795943	  0.797118	   0.79818	  0.799129	  0.799966	  0.800692	   0.80131	  0.801823	  0.802242	  0.802572	   0.80282	   0.80299	  0.803091	  0.803128	  0.803109	  0.803041	  0.802929
   211	     0	         0	         0	         0	         0	         0	         0	         0	         0	         0	         0	         0	         0	         0	         0	         0	         0	0.00154887	0.00311462	0.00481642	0.00669531	 0.0161135	 0.0311707	 0.0532356	 0.0818062	  0.114224	  0.157637	  0.212807	  0.293994	   0.34697	  0.383766	  0.417092	  0.456362	  0.503841	  0.540295	  0.567497	  0.598417	  0.628934	  0.655121	  0.681049	  0.703195	  0.723082	  0.739757	  0.753817	  0.765775	  0.771938	  0.776532	  0.780098	  0.782974	  0.785377	  0.787448	  0.789283	  0.790948	  0.792483	  0.793902	   0.79521	   0.79641	  0.797501	  0.798484	  0.799361	  0.800133	  0.800799	  0.801364	  0.801835	  0.802217	  0.802516	  0.802735	  0.802881	  0.802958	  0.802974	  0.802933	  0.802843
   212	     0	         0	         0	         0	         0	         0	         0	         0	         0	         0	         0	         0	         0	         0	         0	         0	         0	0.00156812	0.00312177	0.00478529	0.00660112	 0.0157812	 0.0303661	 0.0516253	 0.0790173	  0.109953	  0.151338	  0.203865	  0.280946	  0.331067	  0.365461	   0.39681	  0.433928	  0.478781	  0.512794	  0.537868	  0.566179	  0.598146	  0.627998	  0.658492	  0.685162	  0.709304	    0.7297	  0.746902	  0.761456	  0.768718	  0.773996	  0.778001	  0.781163	  0.783757	  0.785961	  0.787895	   0.78964	  0.791245	  0.792729	    0.7941	  0.795362	  0.796517	  0.797564	  0.798506	  0.799344	  0.800077	  0.800709	  0.801247	  0.801697	  0.802062	  0.802348	  0.802559	  0.802701	  0.802779	  0.802801	   0.80277
   213	     0	         0	         0	         0	         0	         0	         0	         0	         0	         0	         0	         0	         0	         0	         0	         0	         0	0.00150515	0.00303799	0.00471326	0.00657106	 0.0158476	 0.0307139	 0.0525382	 0.0808468	  0.113026	  0.156183	  0.211135	  0.292141	  0.345232	  0.382141	  0.415688	   0.45519	  0.502901	  0.539532	   0.56692	   0.59798	  0.628684	  0.655002	  0.681063	   0.70325	  0.723139	  0.739818	  0.753876	  0.765823	  0.771912	  0.776422	  0.779902	  0.782686	  0.784996	  0.786973	  0.788715	  0.790287	  0.791729	  0.793056	   0.79427	  0.795375	  0.796369	  0.797251	  0.798024	  0.798686	  0.799239	  0.799686	  0.800035	  0.800292	  0.800461	  0.800547	  0.800558	  0.800499	  0.800376	  0.800198	  0.799971
   214	     0	         0	         0	         0	         0	         0	         0	         0	         0	         0	         0	         0	         0	         0	         0	         0	         0	0.00164297	0.00329333	 0.0050766	 0.0070351	 0.0168791	  0.032558	  0.055467	 0.0850483	  0.118526	  0.163237	  0.219927	  0.303211	  0.357245	  0.395046	   0.42892	  0.468802	  0.517088	  0.554398	  0.582405	  0.614384	  0.643992	  0.668224	   0.69185	  0.711774	  0.729597	  0.744478	  0.757017	  0.767706	  0.773401	  0.777717	  0.781118	  0.783894	  0.786237	  0.788271	  0.790082	   0.79173	   0.79325	  0.794654	  0.795943	  0.797118	   0.79818	  0.799129	  0.799966	  0.800692	   0.80131	  0.801823	  0.802242	  0.802572	   0.80282	   0.80299	  0.803091	  0.803128	  0.803109	  0.803041	  0.802929
   215	     0	         0	         0	         0	         0	         0	         0	         0	         0	         0	         0	         0	         0	         0	         0	         0	         0	0.00160325	0.00321675	0.00496135	0.00687755	 0.0165035	 0.0318327	 0.0542312	 0.0831574	  0.115904	  0.159694	  0.215289	  0.297063	  0.350231	  0.387237	  0.420632	  0.460039	  0.507761	  0.544492	  0.571988	  0.603292	  0.633634	  0.659311	  0.684609	  0.706106	  0.725361	  0.741476	  0.755043	  0.766571	  0.772512	  0.776934	  0.780363	  0.783121	  0.785418	  0.787393	  0.789138	   0.79072	  0.792176	  0.793518	  0.794748	  0.795867	  0.796874	  0.797767	  0.798548	  0.799218	  0.799776	  0.800229	  0.800585	   0.80085	  0.801031	  0.801133	  0.801165	  0.801131	  0.801042	  0.800903	  0.800722
   216	     0	         0	         0	         0	         0	         0	         0	         0	         0	         0	         0	         0	         0	         0	         0	         0	         0	0.00162193	0.00324672	0.00499971	0.00692357	 0.0166163	 0.0320617	 0.0546476	 0.0838415	  0.116924	  0.161198	  0.217447	  0.300224	   0.35415	  0.391949	  0.425993	  0.466091	  0.514612	  0.552214	  0.580584	  0.612981	  0.643183	  0.667941	  0.691959	  0.712149	  0.730122	  0.745049	  0.757567	  0.768197	  0.773754	  0.777945	  0.781241	  0.783932	  0.786208	  0.788189	  0.789959	  0.791575	  0.793071	  0.794458	  0.795737	  0.796909	  0.797972	  0.798925	   0.79977	  0.800506	  0.801135	  0.801661	  0.802091	  0.802431	  0.802687	  0.802864	  0.802969	  0.803006	  0.802984	  0.802908	  0.802785
   217	     0	         0	         0	         0	         0	         0	         0	         0	         0	         0	         0	         0	         0	         0	         0	         0	         0	 0.0016277	0.00325992	0.00502081	0.00695204	 0.0166682	 0.0321301	 0.0547055	 0.0838389	  0.116795	  0.160844	  0.216753	  0.298926	   0.35229	   0.38945	  0.422869	  0.462296	  0.510035	  0.546753	  0.574202	   0.60547	  0.635445	  0.660655	  0.685474	  0.706603	  0.725582	  0.741481	  0.754887	  0.766296	  0.772248	  0.776696	  0.780151	   0.78293	  0.785244	  0.787229	  0.788978	  0.790558	  0.792006	  0.793338	  0.794554	  0.795657	  0.796647	  0.797524	  0.798288	  0.798942	  0.799486	  0.799925	  0.800268	  0.800521	  0.800692	  0.800784	  0.800808	  0.800768	  0.800673	   0.80053	  0.800348
   218	     0	         0	         0	         0	         0	         0	         0	         0	         0	         0	         0	         0	         0	         0	         0	         0	         0	0.00163864	0.00326417	0.00500219	0.00689407	 0.0164436	 0.0315649	 0.0535381	 0.0817641	  0.113546	  0.155931	  0.209585	  0.288202	  0.339028	  0.374052	  0.405803	  0.443469	  0.489143	   0.52402	  0.549956	  0.579409	  0.610937	  0.639385	  0.667978	  0.692753	  0.715083	  0.733856	  0.749665	  0.763058	  0.769748	  0.774641	  0.778377	  0.781341	  0.783781	  0.785857	  0.787676	  0.789314	  0.790816	  0.792195	  0.793457	  0.794604	  0.795636	  0.796553	  0.797358	  0.798052	  0.798636	  0.799116	  0.799502	    0.7998	  0.800017	  0.800159	  0.800234	  0.800249	  0.800212	  0.800131	  0.800012
   219	     0	         0	         0	         0	         0	         0	         0	         0	         0	         0	         0	         0	         0	         0	         0	         0	         0	 0.0015867	0.00318347	0.00491133	0.00681155	 0.0163518	 0.0315616	 0.0538029	 0.0825521	  0.115135	  0.158754	  0.214215	  0.295856	   0.34919	  0.386481	  0.420291	  0.460173	   0.50843	   0.54573	  0.573895	  0.605965	  0.636771	  0.662491	  0.687547	  0.708674	  0.727482	  0.743143	  0.756295	  0.767469	  0.773172	   0.77744	  0.780777	  0.783486	  0.785766	  0.787743	  0.789503	  0.791106	  0.792586	  0.793954	  0.795207	  0.796348	  0.797373	  0.798282	  0.799075	  0.799753	  0.800319	  0.800778	  0.801138	  0.801408	  0.801593	  0.801701	   0.80174	  0.801718	  0.801641	  0.801519	  0.801358
   220	     0	         0	         0	         0	         0	         0	         0	         0	         0	         0	         0	         0	         0	         0	         0	         0	         0	 0.0015867	0.00318347	0.00491133	0.00681155	 0.0163518	 0.0315616	 0.0538029	 0.0825521	  0.115135	  0.158754	  0.214215	  0.295856	   0.34919	  0.386481	  0.420291	  0.460173	   0.50843	   0.54573	  0.573895	  0.605965	  0.636771	  0.662491	  0.687547	  0.708674	  0.727482	  0.743143	  0.756295	  0.767469	  0.773172	   0.77744	  0.780777	  0.783486	  0.785766	  0.787743	  0.789503	  0.791106	  0.792586	  0.793954	  0.795207	  0.796348	  0.797373	  0.798282	  0.799075	  0.799753	  0.800319	  0.800778	  0.801138	  0.801408	  0.801593	  0.801701	   0.80174	  0.801718	  0.801641	  0.801519	  0.801358
   221	     0	         0	         0	         0	         0	         0	         0	         0	         0	         0	         0	         0	         0	         0	         0	         0	         0	0.00156195	0.00313271	0.00483132	 0.0066983	 0.0160806	 0.0310371	 0.0529123	 0.0811928	   0.11325	   0.15619	  0.210792	  0.291185	  0.343689	  0.380248	  0.413516	    0.4528	  0.500331	  0.536957	  0.564493	  0.595778	  0.627115	  0.654116	  0.680737	  0.703377	  0.723586	  0.740462	  0.754636	  0.766653	  0.772701	  0.777183	  0.780657	  0.783457	    0.7858	  0.787822	  0.789618	  0.791252	  0.792762	  0.794159	  0.795444	  0.796618	  0.797679	  0.798628	  0.799464	  0.800189	  0.800803	  0.801311	  0.801721	  0.802039	  0.802272	  0.802425	  0.802506	  0.802519	  0.802474	  0.802377	  0.802235
   222	     0	         0	         0	         0	         0	         0	         0	         0	         0	         0	         0	         0	         0	         0	         0	         0	         0	0.00153762	0.00307946	0.00474431	0.00657295	 0.0157692	 0.0304276	 0.0518589	 0.0795559	  0.110939	  0.152992	  0.206479	  0.285174	  0.336623	  0.372249	  0.404801	  0.443284	   0.48981	  0.525453	  0.552101	  0.582268	  0.614166	   0.64265	   0.67112	  0.695582	  0.717508	  0.735893	  0.751352	  0.764444	  0.770939	  0.775702	  0.779353	  0.782267	  0.784682	  0.786752	  0.788579	  0.790235	   0.79176	  0.793169	  0.794464	  0.795647	  0.796717	  0.797674	  0.798518	  0.799251	  0.799873	   0.80039	  0.800808	  0.801136	  0.801378	   0.80154	   0.80163	  0.801653	  0.801617	   0.80153	  0.801397
   223	     0	         0	         0	         0	         0	         0	         0	         0	         0	         0	         0	         0	         0	         0	         0	         0	         0	0.00163031	0.00327673	0.00506512	0.00703884	 0.0169358	   0.03275	 0.0559147	 0.0858932	  0.119889	   0.16533	  0.223016	  0.307838	  0.363023	  0.401786	  0.436366	  0.476939	  0.525976	  0.563928	  0.592448	  0.625025	  0.653765	  0.676453	  0.698424	  0.716815	  0.733278	  0.747021	  0.758619	  0.768529	  0.774024	  0.778241	  0.781593	  0.784342	  0.786669	   0.78869	  0.790489	  0.792122	  0.793623	  0.795005	   0.79627	   0.79742	  0.798457	   0.79938	  0.800191	  0.800893	  0.801487	  0.801978	  0.802375	  0.802685	  0.802913	  0.803064	  0.803147	  0.803168	  0.803133	   0.80305	  0.802925
   224	     0	         0	         0	         0	         0	         0	         0	         0	         0	         0	         0	         0	         0	         0	         0	         0	         0	0.00156944	0.00313975	0.00483289	0.00669053	 0.0160533	 0.0309721	 0.0527852	 0.0809752	  0.112915	  0.155699	  0.210095	  0.290138	  0.342349	  0.378598	  0.411536	  0.450433	  0.497465	  0.533545	  0.560487	  0.591052	  0.622192	  0.649428	  0.676508	  0.699719	  0.720553	  0.738028	  0.752751	  0.765255	  0.771594	  0.776288	  0.779917	   0.78283	  0.785257	  0.787344	   0.78919	  0.790864	  0.792405	  0.793828	  0.795137	  0.796335	   0.79742	  0.798394	  0.799257	  0.800011	  0.800656	  0.801198	  0.801643	  0.801998	  0.802269	   0.80246	  0.802578	  0.802629	   0.80262	  0.802558	  0.802449
   225	     0	         0	         0	         0	         0	         0	         0	         0	         0	         0	         0	         0	         0	         0	         0	         0	         0	0.00164297	0.00329333	 0.0050766	 0.0070351	 0.0168791	  0.032558	  0.055467	 0.0850483	  0.118526	  0.163237	  0.219927	  0.303211	  0.357245	  0.395046	   0.42892	  0.468802	  0.517088	  0.554398	  0.582405	  0.614384	  0.643992	  0.668224	   0.69185	  0.711774	  0.729597	  0.744478	  0.757017	  0.767706	  0.773401	  0.777717	  0.781118	  0.783894	  0.786237	  0.788271	  0.790082	   0.79173	   0.79325	  0.794654	  0.795943	  0.797118	   0.79818	  0.799129	  0.799966	  0.800692	   0.80131	  0.801823	  0.802242	  0.802572	   0.80282	   0.80299	  0.803091	  0.803128	  0.803109	  0.803041	  0.802929
   226	     0	         0	         0	         0	         0	         0	         0	         0	         0	         0	         0	         0	         0	         0	         0	         0	         0	0.00153223	 0.0030472	0.00466681	0.00643284	 0.0153877	  0.029617	 0.0503759	 0.0771588	  0.107468	  0.148152	  0.199986	  0.276245	  0.326252	  0.360719	  0.392427	  0.430028	  0.475461	  0.510134	  0.535991	  0.565169	  0.598088	  0.628642	  0.659527	  0.686362	  0.710471	   0.73069	  0.747639	  0.761917	  0.768871	  0.773891	  0.777684	  0.780671	   0.78312	    0.7852	  0.787026	  0.788675	  0.790194	  0.791598	  0.792893	  0.794078	  0.795154	   0.79612	  0.796975	  0.797721	  0.798355	  0.798884	  0.799313	  0.799649	  0.799897	  0.800062	  0.800151	   0.80017	  0.800126	  0.800026	  0.799876
   227	     0	         0	         0	         0	         0	         0	         0	         0	         0	         0	         0	         0	         0	         0	         0	         0	         0	0.00155399	0.00312454	0.00482954	0.00670918	 0.0161246	 0.0311548	 0.0531528	 0.0816059	  0.113864	  0.157042	  0.211895	  0.292592	  0.345279	  0.381967	  0.415337	  0.454724	  0.502401	  0.539182	  0.566873	  0.598387	  0.629603	  0.656276	   0.68247	  0.704702	   0.72453	  0.741067	  0.754953	  0.766739	    0.7727	  0.777141	  0.780601	  0.783406	  0.785765	  0.787811	  0.789634	  0.791296	  0.792833	  0.794257	  0.795568	  0.796767	  0.797854	  0.798827	  0.799689	   0.80044	  0.801081	  0.801618	  0.802058	  0.802409	  0.802676	  0.802864	  0.802982	  0.803035	   0.80303	  0.802975	  0.802876
   228	     0	         0	         0	         0	         0	         0	         0	         0	         0	         0	         0	         0	         0	         0	         0	         0	         0	0.00166181	0.00332058	0.00510299	0.00705118	 0.0168818	 0.0324966	 0.0552715	 0.0846382	  0.117839	  0.162202	  0.218506	  0.301261	  0.354989	  0.392561	  0.426281	  0.466052	  0.514214	  0.551401	  0.579324	   0.61118	  0.641128	  0.665903	  0.690107	  0.710561	  0.728851	  0.744117	  0.756963	  0.767887	  0.773618	  0.777928	  0.781303	  0.784042	  0.786345	   0.78834	  0.790116	  0.791736	  0.793236	  0.794625	  0.795905	  0.797075	  0.798134	   0.79908	  0.799913	  0.800635	  0.801247	  0.801752	   0.80216	  0.802478	  0.802711	  0.802866	   0.80295	   0.80297	  0.802934	  0.802849	  0.802722
   229	     0	         0	         0	         0	         0	         0	         0	         0	         0	         0	         0	         0	         0	         0	         0	         0	         0	0.00167885	0.00334806	 0.0051362	0.00708628	 0.0169526	 0.0326097	 0.0554392	 0.0848781	  0.118178	   0.16273	  0.219379	  0.302767	  0.357029	  0.395118	   0.42927	  0.469532	  0.518256	  0.555955	  0.584352	  0.616735	  0.646452	  0.670556	  0.693947	  0.713581	  0.731086	  0.745662	  0.757906	  0.768307	  0.773786	  0.777904	  0.781123	  0.783727	  0.785908	  0.787789	  0.789456	  0.790971	  0.792367	  0.793655	  0.794834	  0.795902	  0.796856	  0.797695	  0.798418	  0.799026	  0.799518	  0.799902	  0.800184	  0.800372	  0.800474	  0.800495	  0.800444	  0.800328	  0.800156	  0.799937	  0.799678
   230	     0	         0	         0	         0	         0	         0	         0	         0	         0	         0	         0	         0	         0	         0	         0	         0	         0	0.00163265	0.00325993	0.00500729	0.00691678	  0.016557	 0.0318738	 0.0542174	 0.0830346	  0.115625	   0.15921	  0.214555	  0.295935	  0.348913	  0.385955	  0.419481	  0.459093	  0.507091	  0.544261	  0.572367	  0.604444	  0.635529	  0.661632	  0.687034	  0.708459	  0.727489	  0.743276	  0.756483	  0.767665	  0.773313	  0.777527	  0.780819	  0.783496	  0.785756	  0.787723	  0.789483	  0.791097	  0.792596	   0.79399	  0.795278	  0.796458	  0.797527	  0.798484	  0.799329	  0.800062	  0.800685	  0.801202	  0.801622	  0.801953	    0.8022	  0.802369	  0.802469	  0.802506	  0.802488	  0.802423	  0.802318
   231	     0	         0	         0	         0	         0	         0	         0	         0	         0	         0	         0	         0	         0	         0	         0	         0	         0	0.00165782	0.00330623	0.00507069	0.00699279	 0.0166949	 0.0320664	 0.0544331	 0.0832129	  0.115691	  0.159063	  0.214078	  0.294904	  0.347295	  0.383732	  0.416615	  0.455489	   0.50255	  0.538671	  0.565668	  0.596334	  0.627105	  0.653716	  0.680118	  0.702645	  0.722835	  0.739771	  0.754039	  0.766157	  0.772295	  0.776836	  0.780339	  0.783146	  0.785478	  0.787478	  0.789244	  0.790846	   0.79232	  0.793679	  0.794923	  0.796052	  0.797064	  0.797957	  0.798733	  0.799392	  0.799935	  0.800368	    0.8007	  0.800938	  0.801089	  0.801159	  0.801157	   0.80109	  0.800965	  0.800792	  0.800578
   232	     0	         0	         0	         0	         0	         0	         0	         0	         0	         0	         0	         0	         0	         0	         0	         0	         0	0.00154692	0.00309143	0.00475332	0.00657341	 0.0157512	 0.0303559	 0.0516841	 0.0792188	  0.110388	   0.15216	  0.205309	  0.283515	  0.334594	  0.369838	  0.402008	  0.440071	  0.486071	  0.521131	  0.547173	  0.576587	  0.608409	  0.637309	  0.666489	  0.691719	  0.714428	  0.733556	  0.749668	  0.763304	  0.770068	  0.774988	  0.778721	  0.781666	  0.784078	  0.786122	   0.78791	   0.78952	  0.790998	  0.792358	  0.793606	  0.794741	  0.795765	  0.796676	  0.797474	   0.79816	  0.798735	  0.799203	  0.799572	  0.799849	  0.800039	  0.800148	  0.800184	  0.800153	  0.800062	   0.79992	  0.799733
   233	     0	         0	         0	         0	         0	         0	         0	         0	         0	         0	         0	         0	         0	         0	         0	         0	         0	0.00166036	0.00333042	0.00513756	0.00712482	 0.0171085	 0.0330234	  0.056292	 0.0863514	   0.12038	  0.165807	   0.22338	  0.307928	  0.362784	  0.401356	  0.435767	  0.476213	  0.525195	  0.563268	  0.592034	  0.624999	  0.654196	   0.67723	  0.699387	  0.717877	  0.734345	  0.748007	  0.759482	  0.769257	  0.774619	  0.778736	  0.782022	  0.784734	  0.787045	  0.789067	  0.790878	  0.792533	  0.794064	   0.79548	  0.796785	  0.797978	   0.79906	  0.800031	  0.800893	  0.801647	  0.802294	   0.80284	  0.803294	  0.803661	  0.803947	  0.804158	  0.804301	  0.804381	  0.804406	  0.804382	  0.804315
   234	     0	         0	         0	         0	         0	         0	         0	         0	         0	         0	         0	         0	         0	         0	         0	         0	         0	0.00160002	0.00320298	0.00493386	0.00683541	 0.0164046	  0.031661	 0.0539639	 0.0827741	  0.115381	   0.15897	  0.214259	   0.29547	  0.348182	  0.384683	  0.417536	  0.456262	  0.503085	  0.538862	   0.56535	  0.595446	  0.625564	  0.651747	  0.677916	  0.700414	  0.720722	  0.737825	  0.752284	  0.764592	  0.770962	  0.775692	  0.779345	  0.782269	  0.784697	  0.786777	  0.788611	   0.79027	  0.791796	  0.793206	  0.794505	  0.795696	  0.796779	  0.797757	  0.798629	  0.799397	  0.800061	  0.800625	  0.801096	   0.80148	  0.801782	  0.802005	  0.802156	   0.80224	  0.802263	  0.802231	   0.80215
   235	     0	         0	         0	         0	         0	         0	         0	         0	         0	         0	         0	         0	         0	         0	         0	         0	         0	0.00156195	0.00313271	0.00483132	 0.0066983	 0.0160806	 0.0310371	 0.0529123	 0.0811928	   0.11325	   0.15619	  0.210792	  0.291185	  0.343689	  0.380248	  0.413516	    0.4528	  0.500331	  0.536957	  0.564493	  0.595778	  0.627115	  0.654116	  0.680737	  0.703377	  0.723586	  0.740462	  0.754636	  0.766653	  0.772701	  0.777183	  0.780657	  0.783457	    0.7858	  0.787822	  0.789618	  0.791252	  0.792762	  0.794159	  0.795444	  0.796618	  0.797679	  0.798628	  0.799464	  0.800189	  0.800803	  0.801311	  0.801721	  0.802039	  0.802272	  0.802425	  0.802506	  0.802519	  0.802474	  0.802377	  0.802235
   236	     0	         0	         0	         0	         0	         0	         0	         0	         0	         0	         0	         0	         0	         0	         0	         0	         0	0.00155106	0.00312744	0.00484333	0.00673718	 0.0162044	 0.0313142	 0.0534338	 0.0820561	  0.114534	  0.158047	  0.213438	  0.295118	  0.348567	  0.385898	  0.419813	   0.45982	  0.508234	  0.545613	  0.573798	  0.605825	  0.636555	  0.662241	  0.687367	  0.708545	  0.727418	  0.743177	  0.756429	  0.767686	  0.773426	  0.777697	  0.781011	  0.783676	  0.785898	  0.787806	  0.789491	  0.791016	  0.792415	  0.793701	  0.794871	  0.795927	  0.796865	  0.797686	  0.798389	  0.798975	  0.799446	  0.799807	  0.800067	  0.800235	  0.800316	  0.800318	  0.800249	  0.800118	  0.799932	    0.7997	   0.79943
   237	     0	         0	         0	         0	         0	         0	         0	         0	         0	         0	         0	         0	         0	         0	         0	         0	         0	0.00161248	0.00320774	0.00491277	0.00677042	  0.016176	  0.031099	  0.052833	 0.0808148	  0.112396	  0.154614	  0.208176	  0.286788	  0.337774	  0.372893	  0.404737	  0.442441	  0.488057	  0.522757	   0.54841	  0.577453	  0.608768	  0.637233	  0.666027	  0.691052	  0.713674	  0.732761	  0.748874	  0.762539	  0.769413	  0.774439	   0.77827	  0.781302	  0.783792	  0.785906	  0.787756	  0.789421	  0.790946	   0.79235	  0.793638	  0.794812	  0.795873	  0.796823	  0.797663	  0.798393	  0.799016	  0.799535	  0.799959	  0.800294	  0.800546	   0.80072	  0.800823	  0.800862	  0.800844	  0.800775	  0.800663
   238	     0	         0	         0	         0	         0	         0	         0	         0	         0	         0	         0	         0	         0	         0	         0	         0	         0	0.00159001	0.00318766	0.00491561	0.00681571	 0.0163681	 0.0316027	 0.0538881	 0.0826932	  0.115322	   0.15896	   0.21434	  0.295763	  0.348681	  0.385459	  0.418644	  0.457756	  0.505066	  0.541378	  0.568436	  0.599194	  0.629526	   0.65555	  0.681368	  0.703407	  0.723205	   0.73983	  0.753863	   0.76581	  0.771986	  0.776594	  0.780174	  0.783059	   0.78547	  0.787546	  0.789384	  0.791052	  0.792588	  0.794007	  0.795313	  0.796507	  0.797591	  0.798565	   0.79943	  0.800187	  0.800838	  0.801386	  0.801841	  0.802207	   0.80249	  0.802696	  0.802829	  0.802897	  0.802905	  0.802861	   0.80277
   239	     0	         0	         0	         0	         0	         0	         0	         0	         0	         0	         0	         0	         0	         0	         0	         0	         0	 0.0015867	0.00318347	0.00491133	0.00681155	 0.0163518	 0.0315616	 0.0538029	 0.0825521	  0.115135	  0.158754	  0.214215	  0.295856	   0.34919	  0.386481	  0.420291	  0.460173	   0.50843	   0.54573	  0.573895	  0.605965	  0.636771	  0.662491	  0.687547	  0.708674	  0.727482	  0.743143	  0.756295	  0.767469	  0.773172	   0.77744	  0.780777	  0.783486	  0.785766	  0.787743	  0.789503	  0.791106	  0.792586	  0.793954	  0.795207	  0.796348	  0.797373	  0.798282	  0.799075	  0.799753	  0.800319	  0.800778	  0.801138	  0.801408	  0.801593	  0.801701	   0.80174	  0.801718	  0.801641	  0.801519	  0.801358
   240	     0	         0	         0	         0	         0	         0	         0	         0	         0	         0	         0	         0	         0	         0	         0	         0	         0	0.00156037	0.00314804	0.00488123	0.00680064	 0.0163879	 0.0317326	 0.0542381	 0.0833976	    0.1165	  0.160783	  0.216999	  0.299713	  0.353626	  0.391278	  0.425267	  0.465249	  0.513626	  0.551002	  0.579087	  0.611112	   0.64115	  0.665929	  0.690118	  0.710499	  0.728699	  0.743893	  0.756693	  0.767604	  0.773346	  0.777689	   0.78111	  0.783905	  0.786268	  0.788323	  0.790156	  0.791826	  0.793368	  0.794794	  0.796105	  0.797304	  0.798391	  0.799365	  0.800228	  0.800983	   0.80163	  0.802175	  0.802625	  0.802988	  0.803267	  0.803469	  0.803601	  0.803667	  0.803675	  0.803631	  0.803542
   241	     0	         0	         0	         0	         0	         0	         0	         0	         0	         0	         0	         0	         0	         0	         0	         0	         0	0.00154101	0.00309537	 0.0047809	0.00663776	 0.0159352	 0.0307671	 0.0524496	 0.0804512	  0.112133	  0.154467	  0.208128	  0.286877	   0.33804	  0.373295	  0.405361	  0.443251	  0.489094	  0.524049	  0.549967	  0.579315	  0.610739	  0.639153	  0.667853	  0.692704	  0.715126	  0.734044	  0.750025	    0.7636	  0.770455	  0.775501	  0.779375	  0.782467	  0.785027	  0.787216	  0.789143	  0.790884	  0.792481	  0.793953	  0.795305	  0.796542	  0.797667	   0.79868	  0.799584	  0.800381	  0.801073	  0.801663	  0.802161	  0.802571	    0.8029	  0.803151	  0.803331	  0.803446	  0.803502	  0.803506	  0.803462
   242	     0	         0	         0	         0	         0	         0	         0	         0	         0	         0	         0	         0	         0	         0	         0	         0	         0	 0.0015867	0.00318347	0.00491133	0.00681155	 0.0163518	 0.0315616	 0.0538029	 0.0825521	  0.115135	  0.158754	  0.214215	  0.295856	   0.34919	  0.386481	  0.420291	  0.460173	   0.50843	   0.54573	  0.573895	  0.605965	  0.636771	  0.662491	  0.687547	  0.708674	  0.727482	  0.743143	  0.756295	  0.767469	  0.773172	   0.77744	  0.780777	  0.783486	  0.785766	  0.787743	  0.789503	  0.791106	  0.792586	  0.793954	  0.795207	  0.796348	  0.797373	  0.798282	  0.799075	  0.799753	  0.800319	  0.800778	  0.801138	  0.801408	  0.801593	  0.801701	   0.80174	  0.801718	  0.801641	  0.801519	  0.801358
   243	     0	         0	         0	         0	         0	         0	         0	         0	         0	         0	         0	         0	         0	         0	         0	         0	         0	0.00154797	0.00310563	0.00479226	0.00664888	  0.015977	  0.030865	 0.0526583	 0.0808532	  0.112831	   0.15569	  0.210232	  0.290559	   0.34306	  0.379521	  0.412653	  0.451745	  0.498985	  0.535191	   0.56222	  0.592843	   0.62381	  0.650755	  0.677558	  0.700484	  0.721065	  0.738356	  0.752941	  0.765335	  0.771621	  0.776268	  0.779848	   0.78271	  0.785081	   0.78711	  0.788896	  0.790509	  0.791989	  0.793351	  0.794599	  0.795733	  0.796754	  0.797661	  0.798456	  0.799139	  0.799712	  0.800179	  0.800548	  0.800826	   0.80102	  0.801134	  0.801175	  0.801152	   0.80107	  0.800939	  0.800764
   244	     0	         0	         0	         0	         0	         0	         0	         0	         0	         0	         0	         0	         0	         0	         0	         0	         0	 0.0015867	0.00318347	0.00491133	0.00681155	 0.0163518	 0.0315616	 0.0538029	 0.0825521	  0.115135	  0.158754	  0.214215	  0.295856	   0.34919	  0.386481	  0.420291	  0.460173	   0.50843	   0.54573	  0.573895	  0.605965	  0.636771	  0.662491	  0.687547	  0.708674	  0.727482	  0.743143	  0.756295	  0.767469	  0.773172	   0.77744	  0.780777	  0.783486	  0.785766	  0.787743	  0.789503	  0.791106	  0.792586	  0.793954	  0.795207	  0.796348	  0.797373	  0.798282	  0.799075	  0.799753	  0.800319	  0.800778	  0.801138	  0.801408	  0.801593	  0.801701	   0.80174	  0.801718	  0.801641	  0.801519	  0.801358
   245	     0	         0	         0	         0	         0	         0	         0	         0	         0	         0	         0	         0	         0	         0	         0	         0	         0	0.00164297	0.00329333	 0.0050766	 0.0070351	 0.0168791	  0.032558	  0.055467	 0.0850483	  0.118526	  0.163237	  0.219927	  0.303211	  0.357245	  0.395046	   0.42892	  0.468802	  0.517088	  0.554398	  0.582405	  0.614384	  0.643992	  0.668224	   0.69185	  0.711774	  0.729597	  0.744478	  0.757017	  0.767706	  0.773401	  0.777717	  0.781118	  0.783894	  0.786237	  0.788271	  0.790082	   0.79173	   0.79325	  0.794654	  0.795943	  0.797118	   0.79818	  0.799129	  0.799966	  0.800692	   0.80131	  0.801823	  0.802242	  0.802572	   0.80282	   0.80299	  0.803091	  0.803128	  0.803109	  0.803041	  0.802929
   246	     0	         0	         0	         0	         0	         0	         0	         0	         0	         0	         0	         0	         0	         0	         0	         0	         0	0.00154313	0.00308778	0.00475266	0.00657824	 0.0157807	  0.030437	 0.0518635	 0.0795595	   0.11096	    0.1531	  0.206812	  0.285987	  0.337888	  0.373933	  0.406884	  0.445855	  0.492965	  0.529127	   0.55624	  0.586935	  0.618721	  0.646733	  0.674575	  0.698415	  0.719751	  0.737614	  0.752618	  0.765313	   0.77161	  0.776219	  0.779742	  0.782542	  0.784852	  0.786822	  0.788553	  0.790115	  0.791551	  0.792872	  0.794082	   0.79518	  0.796167	  0.797039	  0.797798	  0.798444	  0.798976	  0.799401	  0.799725	  0.799955	  0.800097	  0.800156	  0.800141	  0.800058	  0.799916	   0.79972	  0.799481
   247	     0	         0	         0	         0	         0	         0	         0	         0	         0	         0	         0	         0	         0	         0	         0	         0	         0	0.00159555	0.00318619	0.00489621	0.00676772	 0.0162066	 0.0312189	 0.0531279	 0.0813842	  0.113325	  0.156019	  0.210165	  0.289678	  0.341265	  0.376926	  0.409226	  0.447391	  0.493556	  0.528798	   0.55493	  0.584547	  0.615616	  0.643376	  0.671298	  0.695407	  0.717145	  0.735467	  0.750941	  0.764092	  0.770767	  0.775694	  0.779486	  0.782519	  0.785034	   0.78719	  0.789091	  0.790812	  0.792395	  0.793857	  0.795202	  0.796435	  0.797556	  0.798566	  0.799467	   0.80026	  0.800947	  0.801532	  0.802022	  0.802425	  0.802745	  0.802986	  0.803156	   0.80326	  0.803305	  0.803296	   0.80324
   248	     0	         0	         0	         0	         0	         0	         0	         0	         0	         0	         0	         0	         0	         0	         0	         0	         0	0.00166036	0.00333042	0.00513756	0.00712482	 0.0171085	 0.0330234	  0.056292	 0.0863514	   0.12038	  0.165807	   0.22338	  0.307928	  0.362784	  0.401356	  0.435767	  0.476213	  0.525195	  0.563268	  0.592034	  0.624999	  0.654196	   0.67723	  0.699387	  0.717877	  0.734345	  0.748007	  0.759482	  0.769257	  0.774619	  0.778736	  0.782022	  0.784734	  0.787045	  0.789067	  0.790878	  0.792533	  0.794064	   0.79548	  0.796785	  0.797978	   0.79906	  0.800031	  0.800893	  0.801647	  0.802294	   0.80284	  0.803294	  0.803661	  0.803947	  0.804158	  0.804301	  0.804381	  0.804406	  0.804382	  0.804315
   249	     0	         0	         0	         0	         0	         0	         0	         0	         0	         0	         0	         0	         0	         0	         0	         0	         0	0.00165217	0.00331086	0.00510444	0.00707669	 0.0170094	 0.0328563	 0.0560552	 0.0860647	  0.120088	  0.165585	  0.223348	  0.308298	  0.363535	  0.402409	  0.437053	   0.47772	  0.526904	   0.56509	   0.59385	  0.626755	  0.655575	  0.678194	  0.699993	  0.718193	   0.73444	  0.747945	  0.759308	  0.768998	  0.774399	  0.778556	  0.781874	  0.784607	  0.786932	  0.788962	  0.790776	   0.79243	  0.793956	  0.795367	  0.796664	   0.79785	  0.798926	  0.799891	  0.800747	  0.801497	   0.80214	  0.802682	  0.803131	  0.803494	  0.803774	  0.803978	  0.804112	  0.804181	  0.804192	  0.804151	  0.804065
   250	     0	         0	         0	         0	         0	         0	         0	         0	         0	         0	         0	         0	         0	         0	         0	         0	         0	0.00155959	0.00312661	0.00482075	0.00668277	 0.0160433	 0.0309653	 0.0527867	 0.0809908	  0.112947	  0.155741	  0.210145	  0.290192	  0.342398	  0.378566	  0.411409	  0.450184	  0.497057	  0.532898	  0.559556	  0.589754	  0.620695	  0.647909	  0.675116	  0.698494	  0.719533	  0.737246	  0.752204	   0.76492	  0.771388	  0.776168	  0.779849	  0.782791	   0.78523	  0.787317	  0.789157	   0.79082	  0.792349	  0.793759	  0.795052	  0.796232	  0.797298	  0.798251	   0.79909	  0.799819	  0.800437	  0.800949	  0.801364	  0.801688	  0.801926	  0.802084	   0.80217	  0.802189	  0.802148	  0.802055	  0.801917
   251	     0	         0	         0	         0	         0	         0	         0	         0	         0	         0	         0	         0	         0	         0	         0	         0	         0	 0.0016188	0.00325064	0.00501856	0.00696415	 0.0167269	 0.0322906	 0.0550462	 0.0844441	  0.117729	  0.162215	    0.2187	   0.30177	   0.35574	  0.393374	  0.427078	  0.466739	  0.514688	  0.551486	  0.578887	  0.610048	  0.639361	  0.663777	  0.687923	  0.708466	  0.726984	   0.74258	  0.755789	  0.767064	  0.773078	  0.777598	  0.781117	  0.783948	  0.786301	  0.788315	  0.790087	  0.791684	  0.793147	  0.794491	  0.795718	  0.796833	  0.797834	  0.798722	  0.799499	  0.800166	  0.800724	  0.801177	  0.801535	  0.801802	  0.801986	  0.802092	  0.802128	  0.802099	  0.802014	  0.801881	  0.801706
   252	     0	         0	         0	         0	         0	         0	         0	         0	         0	         0	         0	         0	         0	         0	         0	         0	         0	0.00166269	  0.003335	 0.0051426	0.00712725	  0.017095	 0.0329605	  0.056126	  0.086014	  0.119806	  0.164882	  0.221961	   0.30574	  0.359975	  0.397972	  0.431918	  0.471895	  0.520361	  0.557942	   0.58625	   0.61867	  0.648149	  0.671933	  0.694981	  0.714345	  0.731629	  0.746001	  0.758076	  0.768352	  0.773874	  0.778071	  0.781389	  0.784104	  0.786401	  0.788399	   0.79018	  0.791803	  0.793301	  0.794685	  0.795958	   0.79712	  0.798172	  0.799113	  0.799944	  0.800668	  0.801285	    0.8018	  0.802221	  0.802556	  0.802809	  0.802987	  0.803095	   0.80314	  0.803129	  0.803068	  0.802964
   253	     0	         0	         0	         0	         0	         0	         0	         0	         0	         0	         0	         0	         0	         0	         0	         0	         0	0.00161917	0.00323487	 0.0049737	 0.0068788	 0.0164944	 0.0318031	 0.0541693	 0.0830502	  0.115737	  0.159465	  0.214998	  0.296643	  0.349644	  0.386384	  0.419378	  0.458264	  0.505253	  0.541097	  0.567562	  0.597586	  0.627322	  0.653069	   0.67886	  0.701047	  0.721118	   0.73807	  0.752429	  0.764667	  0.771059	  0.775805	  0.779461	  0.782377	  0.784783	  0.786832	  0.788628	  0.790244	  0.791723	  0.793082	  0.794327	   0.79546	  0.796483	  0.797395	  0.798198	  0.798893	   0.79948	  0.799964	  0.800352	  0.800649	  0.800861	  0.800993	  0.801051	  0.801042	  0.800972	  0.800847	  0.800676
   254	     0	         0	         0	         0	         0	         0	         0	         0	         0	         0	         0	         0	         0	         0	         0	         0	         0	0.00157112	0.00316377	0.00489738	0.00681276	 0.0163977	 0.0317192	  0.054168	 0.0832228	   0.11617	  0.160216	  0.216085	  0.298235	  0.351672	  0.388934	  0.422573	  0.462187	  0.510149	  0.547178	  0.574973	  0.606669	  0.636966	  0.662319	   0.68717	    0.7082	  0.726998	  0.742699	  0.755919	  0.767176	  0.773045	  0.777465	  0.780934	   0.78376	  0.786144	  0.788215	   0.79006	  0.791741	  0.793294	  0.794731	  0.796056	   0.79727	  0.798374	  0.799369	  0.800257	  0.801038	  0.801715	  0.802292	  0.802776	  0.803174	  0.803491	  0.803732	  0.803903	  0.804009	  0.804057	  0.804053	  0.804003
   255	     0	         0	         0	         0	         0	         0	         0	         0	         0	         0	         0	         0	         0	         0	         0	         0	         0	0.00159289	0.00318944	0.00491359	0.00680794	 0.0163596	 0.0315989	 0.0539127	 0.0827931	  0.115567	  0.159505	  0.215433	  0.297868	  0.351719	  0.389386	    0.4234	  0.463463	  0.511909	  0.549338	  0.577482	  0.609534	  0.639757	  0.664777	  0.689186	  0.709759	  0.728107	  0.743387	  0.756215	  0.767104	  0.772738	  0.776948	  0.780223	  0.782866	  0.785076	   0.78698	  0.788666	  0.790197	  0.791606	  0.792907	  0.794099	  0.795185	   0.79616	  0.797026	  0.797781	  0.798426	  0.798961	  0.799391	  0.799723	  0.799965	  0.800121	  0.800198	  0.800202	  0.800139	  0.800019	  0.799847	  0.799631
   256	     0	         0	         0	         0	         0	         0	         0	         0	         0	         0	         0	         0	         0	         0	         0	         0	         0	0.00153693	0.00308494	0.00475976	0.00660044	 0.0158386	 0.0305565	 0.0520664	 0.0798553	  0.111335	  0.153512	  0.207167	   0.28615	  0.337785	  0.373558	  0.406255	  0.444946	  0.491777	  0.527723	  0.554674	  0.585217	  0.617091	  0.645299	  0.673379	  0.697438	  0.718968	  0.736996	  0.752138	   0.76495	  0.771289	  0.775927	  0.779474	  0.782295	  0.784625	  0.786612	  0.788359	  0.789936	  0.791383	  0.792712	  0.793927	  0.795028	  0.796014	  0.796884	  0.797639	  0.798281	   0.79881	  0.799231	  0.799554	  0.799785	  0.799931	  0.799999	  0.799996	  0.799929	  0.799807	  0.799638	  0.799428
   257	     0	         0	         0	         0	         0	         0	         0	         0	         0	         0	         0	         0	         0	         0	         0	         0	         0	0.00172408	0.00345753	0.00532758	0.00737599	 0.0176774	 0.0340429	  0.057924	 0.0887377	  0.123615	  0.170199	  0.229376	  0.316455	  0.373122	  0.413479	  0.449239	  0.491204	   0.54203	  0.582007	  0.612685	  0.647957	  0.676378	  0.696828	  0.715908	  0.731333	  0.744868	  0.755905	   0.76505	  0.772764	    0.7773	  0.780842	  0.783702	  0.786083	  0.788125	  0.789918	  0.791529	  0.793005	  0.794372	  0.795635	  0.796788	  0.797831	  0.798758	  0.799567	  0.800257	   0.80083	  0.801287	  0.801632	  0.801876	  0.802027	  0.802091	  0.802076	  0.801991	  0.801844	  0.801644	    0.8014	  0.801119
   258	     0	         0	         0	         0	         0	         0	         0	         0	         0	         0	         0	         0	         0	         0	         0	         0	         0	0.00163272	0.00325971	0.00500685	0.00691611	 0.0165354	 0.0318081	 0.0540502	 0.0826734	  0.114948	  0.157977	  0.212403	  0.292148	  0.343633	  0.379173	  0.411235	  0.449165	  0.495128	  0.530237	  0.556274	  0.585873	  0.616769	  0.644293	  0.671934	  0.695822	  0.717372	  0.735512	   0.75082	  0.763824	  0.770429	    0.7753	  0.779046	  0.782038	  0.784517	  0.786638	  0.788506	  0.790195	  0.791747	  0.793179	  0.794496	  0.795701	  0.796795	   0.79778	  0.798657	  0.799427	  0.800093	  0.800659	  0.801132	  0.801519	  0.801825	  0.802055	  0.802216	  0.802313	  0.802353	  0.802342	  0.802287
   259	     0	         0	         0	         0	         0	         0	         0	         0	         0	         0	         0	         0	         0	         0	         0	         0	         0	0.00160519	0.00321513	0.00495289	 0.0068601	 0.0164582	 0.0317463	 0.0540906	 0.0829534	  0.115635	  0.159344	  0.214827	   0.29642	  0.349478	  0.386455	  0.419845	  0.459226	  0.506892	  0.543619	  0.571141	  0.602478	  0.632994	  0.658869	  0.684332	  0.705958	  0.725305	  0.741478	  0.755089	   0.76666	  0.772618	  0.777071	  0.780541	   0.78335	  0.785706	  0.787744	  0.789555	  0.791204	  0.792727	  0.794136	  0.795434	  0.796621	  0.797697	  0.798662	  0.799517	  0.800263	    0.8009	  0.801433	  0.801871	   0.80222	  0.802485	  0.802671	  0.802786	  0.802834	  0.802824	  0.802762	  0.802654
   260	     0	         0	         0	         0	         0	         0	         0	         0	         0	         0	         0	         0	         0	         0	         0	         0	         0	0.00165674	0.00329988	0.00505887	0.00697741	 0.0166932	 0.0321215	 0.0546232	 0.0836409	  0.116457	  0.160357	  0.216137	   0.29817	  0.351503	  0.388752	  0.422261	  0.461795	   0.50962	  0.546447	  0.574029	  0.605422	  0.635634	  0.661057	  0.686038	  0.707246	  0.726239	  0.742126	  0.755502	  0.766876	  0.772767	  0.777169	  0.780594	  0.783358	  0.785669	  0.787662	  0.789428	  0.791034	  0.792515	  0.793885	  0.795144	  0.796293	  0.797331	  0.798255	  0.799068	  0.799768	  0.800357	  0.800841	  0.801226	   0.80152	  0.801728	  0.801857	  0.801914	  0.801905	  0.801838	  0.801722	  0.801562
   261	     0	         0	         0	         0	         0	         0	         0	         0	         0	         0	         0	         0	         0	         0	         0	         0	         0	0.00147999	 0.0029914	0.00464605	0.00648274	 0.0156293	 0.0302864	 0.0517937	 0.0796692	   0.11132	  0.153691	  0.207491	  0.286583	  0.338298	  0.374074	  0.406797	  0.445422	  0.492161	  0.528046	  0.554911	  0.585394	   0.61719	  0.645332	   0.67337	  0.697377	  0.718864	  0.736866	   0.75201	  0.764858	  0.771281	  0.776029	  0.779703	  0.782664	  0.785143	  0.787285	  0.789189	  0.790921	  0.792521	  0.794002	  0.795369	  0.796624	  0.797767	    0.7988	  0.799724	   0.80054	  0.801251	  0.801861	  0.802377	  0.802806	  0.803152	  0.803421	  0.803619	  0.803752	  0.803824	  0.803844	  0.803816
   262	     0	         0	         0	         0	         0	         0	         0	         0	         0	         0	         0	         0	         0	         0	         0	         0	         0	0.00157626	0.00316599	0.00488943	0.00678741	 0.0163049	 0.0314889	 0.0536999	 0.0824024	  0.114901	  0.158324	  0.213368	  0.294238	  0.346716	  0.383097	  0.415967	  0.454729	  0.501641	  0.537596	  0.564342	  0.594731	   0.62528	  0.651839	   0.67832	  0.700997	  0.721388	  0.738538	  0.753023	  0.765354	  0.771695	  0.776414	  0.780073	  0.783019	  0.785477	  0.787594	  0.789467	  0.791167	  0.792732	  0.794178	  0.795509	  0.796728	  0.797837	  0.798835	  0.799726	  0.800509	  0.801187	  0.801765	  0.802249	  0.802645	   0.80296	  0.803197	  0.803363	  0.803464	  0.803505	  0.803492	  0.803432
   263	     0	         0	         0	         0	         0	         0	         0	         0	         0	         0	         0	         0	         0	         0	         0	         0	         0	0.00164297	0.00329333	 0.0050766	 0.0070351	 0.0168791	  0.032558	  0.055467	 0.0850483	  0.118526	  0.163237	  0.219927	  0.303211	  0.357245	  0.395046	   0.42892	  0.468802	  0.517088	  0.554398	  0.582405	  0.614384	  0.643992	  0.668224	   0.69185	  0.711774	  0.729597	  0.744478	  0.757017	  0.767706	  0.773401	  0.777717	  0.781118	  0.783894	  0.786237	  0.788271	  0.790082	   0.79173	   0.79325	  0.794654	  0.795943	  0.797118	   0.79818	  0.799129	  0.799966	  0.800692	   0.80131	  0.801823	  0.802242	  0.802572	   0.80282	   0.80299	  0.803091	  0.803128	  0.803109	  0.803041	  0.802929
   264	     0	         0	         0	         0	         0	         0	         0	         0	         0	         0	         0	         0	         0	         0	         0	         0	         0	0.00154208	0.00308997	0.00476281	0.00660129	 0.0158496	 0.0305967	 0.0521656	 0.0800481	  0.111645	  0.153985	  0.207836	  0.287062	   0.33882	  0.374628	  0.407266	  0.445843	  0.492491	  0.528179	  0.554772	  0.584903	  0.616332	  0.644248	  0.672151	  0.696183	  0.717791	  0.735942	  0.751234	  0.764206	  0.770729	  0.775529	  0.779215	  0.782157	  0.784594	  0.786679	  0.788516	  0.790178	  0.791706	  0.793116	  0.794411	  0.795595	  0.796666	  0.797625	  0.798474	  0.799213	  0.799843	  0.800368	  0.800798	  0.801136	  0.801391	  0.801565	  0.801667	  0.801703	   0.80168	  0.801604	  0.801483
   265	     0	         0	         0	         0	         0	         0	         0	         0	         0	         0	         0	         0	         0	         0	         0	         0	         0	0.00164715	0.00330043	0.00508589	0.00704625	 0.0169091	 0.0326192	 0.0555811	 0.0852453	  0.118842	  0.163765	  0.220834	  0.304804	  0.359424	  0.397745	  0.432017	   0.47232	  0.521055	   0.55874	  0.587061	  0.619369	  0.648647	  0.672233	  0.695176	  0.714446	  0.731678	  0.746059	   0.75817	  0.768483	  0.774027	  0.778225	  0.781523	  0.784201	   0.78645	  0.788393	  0.790116	  0.791679	  0.793119	  0.794446	  0.795662	  0.796767	  0.797761	  0.798642	   0.79941	  0.800067	  0.800613	  0.801053	  0.801396	  0.801646	  0.801811	  0.801897	  0.801909	  0.801857	  0.801746	  0.801584	   0.80138
   266	     0	         0	         0	         0	         0	         0	         0	         0	         0	         0	         0	         0	         0	         0	         0	         0	         0	 0.0015981	0.00319523	0.00491503	0.00679934	 0.0162921	 0.0313982	 0.0534525	 0.0819094	   0.11409	  0.157106	  0.211657	  0.291781	  0.343787	  0.379801	   0.41239	  0.450882	  0.497464	  0.533122	  0.559635	  0.589746	  0.620635	  0.647823	  0.674978	  0.698321	  0.719321	  0.736966	  0.751848	  0.764494	  0.770928	  0.775689	  0.779367	  0.782317	  0.784773	  0.786884	  0.788751	  0.790444	  0.792004	  0.793446	  0.794775	  0.795992	  0.797099	  0.798096	  0.798985	  0.799766	  0.800441	  0.801015	  0.801494	  0.801885	  0.802193	  0.802422	  0.802579	  0.802669	    0.8027	  0.802676	  0.802604
   267	     0	         0	         0	         0	         0	         0	         0	         0	         0	         0	         0	         0	         0	         0	         0	         0	         0	0.00154101	0.00309537	 0.0047809	0.00663776	 0.0159352	 0.0307671	 0.0524496	 0.0804512	  0.112133	  0.154467	  0.208128	  0.286877	   0.33804	  0.373295	  0.405361	  0.443251	  0.489094	  0.524049	  0.549967	  0.579315	  0.610739	  0.639153	  0.667853	  0.692704	  0.715126	  0.734044	  0.750025	    0.7636	  0.770455	  0.775501	  0.779375	  0.782467	  0.785027	  0.787216	  0.789143	  0.790884	  0.792481	  0.793953	  0.795305	  0.796542	  0.797667	   0.79868	  0.799584	  0.800381	  0.801073	  0.801663	  0.802161	  0.802571	    0.8029	  0.803151	  0.803331	  0.803446	  0.803502	  0.803506	  0.803462
   268	     0	         0	         0	         0	         0	         0	         0	         0	         0	         0	         0	         0	         0	         0	         0	         0	         0	  0.001555	 0.0031296	0.00484159	0.00673125	 0.0161851	 0.0312845	 0.0533891	 0.0819806	  0.114387	  0.157723	  0.212714	  0.293557	  0.346192	  0.382735	  0.415867	   0.45494	  0.502222	  0.538544	  0.565693	  0.596546	  0.627336	   0.65388	  0.680181	  0.702599	  0.722688	  0.739533	  0.753736	  0.765818	  0.771988	  0.776583	  0.780153	  0.783034	  0.785446	  0.787527	  0.789375	  0.791053	  0.792601	  0.794031	  0.795346	  0.796547	  0.797635	  0.798609	  0.799472	  0.800225	  0.800868	  0.801407	  0.801851	  0.802206	  0.802478	  0.802671	  0.802793	   0.80285	  0.802849	  0.802797	  0.802699
   269	     0	         0	         0	         0	         0	         0	         0	         0	         0	         0	         0	         0	         0	         0	         0	         0	         0	0.00163841	0.00326305	0.00500157	0.00689695	  0.016502	 0.0317496	 0.0539845	 0.0826527	  0.115068	  0.158462	  0.213642	  0.294839	  0.347641	  0.384346	  0.417423	  0.456491	  0.503737	  0.539912	   0.56683	  0.597379	  0.627708	  0.653875	  0.679904	    0.7022	  0.722271	  0.739147	  0.753388	  0.765486	  0.771692	  0.776275	  0.779793	   0.78259	  0.784893	   0.78685	  0.788565	  0.790108	  0.791523	  0.792823	  0.794012	   0.79509	  0.796058	  0.796914	  0.797658	  0.798291	  0.798813	  0.799229	  0.799546	  0.799771	   0.79991	  0.799969	  0.799955	  0.799875	  0.799737	   0.79955	   0.79932
   270	     0	         0	         0	         0	         0	         0	         0	         0	         0	         0	         0	         0	         0	         0	         0	         0	         0	0.00160963	0.00323178	0.00498538	0.00690965	 0.0165604	 0.0319059	  0.054293	 0.0831635	  0.115807	  0.159426	  0.214786	  0.296192	  0.349117	  0.385966	  0.419314	  0.458746	  0.506577	  0.543499	  0.571303	  0.602999	  0.633758	  0.659681	  0.685058	  0.706539	  0.725703	  0.741675	  0.755081	  0.766451	  0.772213	  0.776486	  0.779792	  0.782449	   0.78466	  0.786556	  0.788229	  0.789742	   0.79113	  0.792402	   0.79356	  0.794602	  0.795527	  0.796334	  0.797024	  0.797599	   0.79806	  0.798413	  0.798668	  0.798834	  0.798917	  0.798926	  0.798869	  0.798754	   0.79859	  0.798386	  0.798149
   271	     0	         0	         0	         0	         0	         0	         0	         0	         0	         0	         0	         0	         0	         0	         0	         0	         0	0.00157354	0.00315961	0.00487914	0.00677331	 0.0162735	 0.0314345	 0.0536121	 0.0822696	  0.114709	  0.158049	  0.212977	  0.293633	  0.345959	  0.382162	  0.414857	  0.453423	  0.500099	  0.535809	  0.562309	  0.592423	  0.622938	  0.649647	  0.676353	  0.699318	  0.720019	  0.737447	  0.752175	  0.764711	  0.771165	   0.77596	  0.779671	  0.782653	  0.785135	  0.787268	  0.789153	  0.790859	   0.79243	  0.793881	  0.795217	  0.796444	  0.797561	  0.798571	  0.799476	  0.800276	  0.800974	  0.801573	   0.80208	  0.802503	  0.802844	  0.803109	  0.803303	  0.803432	  0.803502	  0.803518	  0.803486
   272	     0	         0	         0	         0	         0	         0	         0	         0	         0	         0	         0	         0	         0	         0	         0	         0	         0	0.00154101	0.00309537	 0.0047809	0.00663776	 0.0159352	 0.0307671	 0.0524496	 0.0804512	  0.112133	  0.154467	  0.208128	  0.286877	   0.33804	  0.373295	  0.405361	  0.443251	  0.489094	  0.524049	  0.549967	  0.579315	  0.610739	  0.639153	  0.667853	  0.692704	  0.715126	  0.734044	  0.750025	    0.7636	  0.770455	  0.775501	  0.779375	  0.782467	  0.785027	  0.787216	  0.789143	  0.790884	  0.792481	  0.793953	  0.795305	  0.796542	  0.797667	   0.79868	  0.799584	  0.800381	  0.801073	  0.801663	  0.802161	  0.802571	    0.8029	  0.803151	  0.803331	  0.803446	  0.803502	  0.803506	  0.803462
   273	     0	         0	         0	         0	         0	         0	         0	         0	         0	         0	         0	         0	         0	         0	         0	         0	         0	0.00158108	 0.0031861	0.00493559	0.00687113	 0.0165517	 0.0320398	 0.0547497	 0.0841708	  0.117574	  0.162282	  0.219107	  0.302781	  0.357415	   0.39576	  0.430273	  0.470831	  0.519866	   0.55788	  0.586587	  0.619354	  0.649053	  0.672893	   0.69595	   0.71525	  0.732451	  0.746765	  0.758805	  0.769062	  0.774555	  0.778735	  0.782043	  0.784752	  0.787047	  0.789045	  0.790827	  0.792451	  0.793949	  0.795332	  0.796603	  0.797762	   0.79881	  0.799745	  0.800569	  0.801284	  0.801889	  0.802391	  0.802797	  0.803114	  0.803347	  0.803501	  0.803584	  0.803602	  0.803561	   0.80347	  0.803334
   274	     0	         0	         0	         0	         0	         0	         0	         0	         0	         0	         0	         0	         0	         0	         0	         0	         0	0.00156622	0.00313238	0.00481831	0.00666443	 0.0159738	 0.0307834	 0.0524103	 0.0803334	  0.111951	  0.154328	  0.208265	  0.287689	  0.339573	  0.375553	  0.408344	  0.447146	  0.494099	  0.530119	   0.55708	  0.587646	  0.619209	  0.647006	  0.674657	  0.698363	  0.719607	  0.737399	  0.752349	  0.765001	  0.771298	  0.775908	   0.77943	  0.782227	  0.784531	  0.786494	  0.788216	  0.789769	  0.791194	  0.792504	  0.793703	   0.79479	  0.795765	  0.796627	  0.797375	   0.79801	  0.798534	  0.798951	  0.799269	  0.799494	  0.799634	  0.799694	  0.799681	  0.799603	  0.799468	  0.799284	  0.799058
   275	     0	         0	         0	         0	         0	         0	         0	         0	         0	         0	         0	         0	         0	         0	         0	         0	         0	0.00164297	0.00329333	 0.0050766	 0.0070351	 0.0168791	  0.032558	  0.055467	 0.0850483	  0.118526	  0.163237	  0.219927	  0.303211	  0.357245	  0.395046	   0.42892	  0.468802	  0.517088	  0.554398	  0.582405	  0.614384	  0.643992	  0.668224	   0.69185	  0.711774	  0.729597	  0.744478	  0.757017	  0.767706	  0.773401	  0.777717	  0.781118	  0.783894	  0.786237	  0.788271	  0.790082	   0.79173	   0.79325	  0.794654	  0.795943	  0.797118	   0.79818	  0.799129	  0.799966	  0.800692	   0.80131	  0.801823	  0.802242	  0.802572	   0.80282	   0.80299	  0.803091	  0.803128	  0.803109	  0.803041	  0.802929
   276	     0	         0	         0	         0	         0	         0	         0	         0	         0	         0	         0	         0	         0	         0	         0	         0	         0	 0.0017067	0.00339222	0.00519086	0.00714741	 0.0170767	 0.0328184	 0.0557425	 0.0852496	   0.11854	  0.162956	  0.219201	  0.301689	  0.354915	  0.391991	  0.425015	  0.463954	  0.511095	  0.547274	  0.574126	  0.604734	   0.63426	  0.659322	  0.684177	  0.705431	   0.72459	  0.740689	  0.754294	   0.76589	  0.772021	  0.776622	   0.78021	  0.783108	  0.785532	  0.787622	  0.789474	  0.791156	  0.792708	  0.794144	  0.795469	  0.796686	  0.797795	  0.798798	  0.799694	  0.800486	  0.801174	  0.801762	  0.802257	  0.802666	  0.802993	  0.803242	  0.803419	   0.80353	   0.80358	  0.803576	  0.803524
   277	     0	         0	         0	         0	         0	         0	         0	         0	         0	         0	         0	         0	         0	         0	         0	         0	         0	0.00159386	0.00318397	0.00489336	0.00676338	 0.0161791	 0.0311403	  0.052945	 0.0810316	  0.112739	   0.15509	  0.208773	  0.287524	  0.338599	  0.373804	   0.40575	  0.443556	  0.489309	  0.524179	  0.550029	  0.579323	  0.610697	  0.639076	  0.667714	  0.692563	  0.715003	  0.733922	  0.749889	  0.763438	  0.770267	  0.775279	  0.779116	  0.782167	  0.784686	  0.786833	  0.788719	   0.79042	  0.791981	  0.793419	   0.79474	  0.795947	  0.797041	  0.798024	  0.798897	  0.799662	   0.80032	  0.800875	  0.801335	  0.801707	  0.801995	  0.802206	  0.802345	  0.802418	  0.802433	  0.802396	  0.802314
   278	     0	         0	         0	         0	         0	         0	         0	         0	         0	         0	         0	         0	         0	         0	         0	         0	         0	0.00159289	0.00318944	0.00491359	0.00680794	 0.0163596	 0.0315989	 0.0539127	 0.0827931	  0.115567	  0.159505	  0.215433	  0.297868	  0.351719	  0.389386	    0.4234	  0.463463	  0.511909	  0.549338	  0.577482	  0.609534	  0.639757	  0.664777	  0.689186	  0.709759	  0.728107	  0.743387	  0.756215	  0.767104	  0.772738	  0.776948	  0.780223	  0.782866	  0.785076	   0.78698	  0.788666	  0.790197	  0.791606	  0.792907	  0.794099	  0.795185	   0.79616	  0.797026	  0.797781	  0.798426	  0.798961	  0.799391	  0.799723	  0.799965	  0.800121	  0.800198	  0.800202	  0.800139	  0.800019	  0.799847	  0.799631
   279	     0	         0	         0	         0	         0	         0	         0	         0	         0	         0	         0	         0	         0	         0	         0	         0	         0	0.00160404	0.00321327	0.00495105	0.00685933	 0.0164572	 0.0317492	 0.0540999	 0.0829724	  0.115666	   0.15939	  0.214899	  0.296518	  0.349609	  0.386588	  0.419973	  0.459342	  0.506982	  0.543645	  0.571093	  0.602328	  0.632754	  0.658556	  0.683967	  0.705559	  0.724894	  0.741074	  0.754704	  0.766299	  0.772269	  0.776728	  0.780199	  0.783003	  0.785349	  0.787374	   0.78917	  0.790801	  0.792304	  0.793692	  0.794965	  0.796127	  0.797175	   0.79811	  0.798933	  0.799645	  0.800247	  0.800744	  0.801145	  0.801457	  0.801684	  0.801834	  0.801913	  0.801928	  0.801886	  0.801795	   0.80166
   280	     0	         0	         0	         0	         0	         0	         0	         0	         0	         0	         0	         0	         0	         0	         0	         0	         0	0.00163429	0.00323536	0.00493588	0.00678149	 0.0161748	 0.0310622	 0.0527376	 0.0806513	  0.112184	  0.154419	  0.208146	  0.287151	  0.338662	  0.374408	  0.406866	  0.445237	  0.491542	  0.526859	  0.553089	  0.582716	  0.614079	  0.642202	  0.670468	  0.694885	  0.716887	  0.735432	  0.751089	  0.764384	  0.771083	  0.776012	  0.779794	  0.782807	  0.785301	  0.787434	  0.789314	  0.791017	  0.792586	  0.794037	  0.795375	  0.796601	  0.797716	  0.798719	   0.79961	   0.80039	   0.80106	  0.801623	  0.802087	  0.802459	  0.802742	  0.802943	  0.803067	  0.803121	  0.803112	  0.803047	  0.802932
   281	     0	         0	         0	         0	         0	         0	         0	         0	         0	         0	         0	         0	         0	         0	         0	         0	         0	0.00159843	0.00319625	0.00491816	0.00680684	 0.0163166	 0.0314611	 0.0535801	 0.0821358	  0.114449	  0.157686	  0.212635	  0.293423	  0.346034	  0.382511	  0.415434	  0.454262	   0.50115	  0.536919	  0.563424	  0.593454	  0.623761	  0.650241	   0.67676	  0.699614	  0.720274	  0.737713	  0.752474	  0.765042	  0.771526	  0.776327	   0.78002	  0.782961	  0.785389	  0.787456	  0.789269	  0.790902	  0.792398	  0.793775	  0.795038	  0.796191	  0.797233	  0.798166	   0.79899	  0.799707	  0.800315	   0.80082	  0.801228	  0.801545	  0.801776	  0.801925	     0.802	  0.802007	  0.801951	   0.80184	   0.80168
   282	     0	         0	         0	         0	         0	         0	         0	         0	         0	         0	         0	         0	         0	         0	         0	         0	         0	0.00151819	0.00303494	0.00466816	0.00645803	 0.0154784	 0.0298394	 0.0508146	 0.0778918	  0.108534	  0.149588	  0.201771	  0.278461	    0.3285	   0.36284	    0.3943	  0.431571	  0.476633	  0.510882	  0.536231	  0.564833	  0.597197	  0.627404	  0.658197	  0.685044	   0.70927	  0.729696	  0.746886	  0.761403	  0.768568	  0.773747	  0.777658	  0.780729	  0.783235	  0.785353	  0.787201	  0.788861	  0.790381	   0.79178	  0.793063	  0.794234	  0.795295	  0.796244	  0.797085	  0.797817	  0.798442	  0.798963	  0.799388	  0.799724	  0.799974	  0.800145	  0.800243	  0.800273	  0.800242	  0.800157	  0.800025
   283	     0	         0	         0	         0	         0	         0	         0	         0	         0	         0	         0	         0	         0	         0	         0	         0	         0	0.00160365	0.00322371	0.00498146	0.00691779	 0.0166193	 0.0320928	 0.0547218	 0.0839553	  0.117042	  0.161208	  0.217149	  0.299307	  0.352529	  0.389549	  0.422826	  0.462031	  0.509512	  0.546018	  0.573246	  0.604259	   0.63422	  0.659582	  0.684673	   0.70603	  0.725215	  0.741325	  0.754938	  0.766546	  0.772634	  0.777206	  0.780779	  0.783672	  0.786098	  0.788194	  0.790053	  0.791741	  0.793296	  0.794733	  0.796054	  0.797262	  0.798358	  0.799344	   0.80022	  0.800989	  0.801651	  0.802213	  0.802681	  0.803063	  0.803364	  0.803588	  0.803742	  0.803832	  0.803865	  0.803847	  0.803783
   284	     0	         0	         0	         0	         0	         0	         0	         0	         0	         0	         0	         0	         0	         0	         0	         0	         0	0.00162193	0.00324672	0.00499971	0.00692357	 0.0166163	 0.0320617	 0.0546476	 0.0838415	  0.116924	  0.161198	  0.217447	  0.300224	   0.35415	  0.391949	  0.425993	  0.466091	  0.514612	  0.552214	  0.580584	  0.612981	  0.643183	  0.667941	  0.691959	  0.712149	  0.730122	  0.745049	  0.757567	  0.768197	  0.773754	  0.777945	  0.781241	  0.783932	  0.786208	  0.788189	  0.789959	  0.791575	  0.793071	  0.794458	  0.795737	  0.796909	  0.797972	  0.798925	   0.79977	  0.800506	  0.801135	  0.801661	  0.802091	  0.802431	  0.802687	  0.802864	  0.802969	  0.803006	  0.802984	  0.802908	  0.802785
   285	     0	         0	         0	         0	         0	         0	         0	         0	         0	         0	         0	         0	         0	         0	         0	         0	         0	0.00160218	0.00320081	0.00491834	0.00679588	 0.0162708	 0.0313256	 0.0532902	 0.0816202	  0.113661	  0.156532	  0.210988	  0.291091	  0.343181	   0.37931	  0.412067	  0.450796	  0.497672	  0.533605	  0.560416	  0.590834	  0.621946	  0.649219	  0.676392	  0.699651	  0.720509	   0.73801	  0.752744	  0.765238	  0.771519	   0.77614	  0.779687	  0.782516	  0.784858	  0.786861	  0.788627	  0.790225	  0.791697	  0.793056	  0.794302	  0.795436	  0.796456	  0.797362	  0.798154	  0.798833	  0.799399	  0.799858	  0.800219	  0.800487	   0.80067	  0.800773	  0.800805	  0.800771	  0.800681	  0.800542	   0.80036
   286	     0	         0	         0	         0	         0	         0	         0	         0	         0	         0	         0	         0	         0	         0	         0	         0	         0	0.00161506	0.00324067	0.00499858	 0.0069298	 0.0166372	 0.0321031	 0.0547172	 0.0839512	  0.117094	  0.161472	  0.217924	  0.301105	  0.355409	  0.393554	  0.427969	   0.46853	  0.517649	  0.555841	  0.584828	  0.617956	  0.648204	   0.67253	  0.695923	  0.715443	  0.732742	  0.747046	  0.759001	  0.769126	  0.774401	   0.77837	  0.781485	   0.78402	  0.786156	   0.78801	   0.78966	  0.791164	  0.792552	  0.793833	  0.795005	  0.796069	  0.797021	  0.797859	  0.798583	  0.799194	  0.799693	  0.800083	  0.800374	  0.800572	  0.800684	  0.800716	  0.800676	   0.80057	  0.800408	  0.800197	  0.799945
   287	     0	         0	         0	         0	         0	         0	         0	         0	         0	         0	         0	         0	         0	         0	         0	         0	         0	0.00157781	0.00316444	0.00488171	0.00677141	 0.0162834	 0.0314668	 0.0537082	 0.0825052	  0.115197	  0.159035	  0.214866	  0.297181	  0.351009	  0.388628	  0.422621	  0.462641	  0.510982	  0.548201	  0.576066	  0.607718	  0.637776	  0.662879	  0.687545	  0.708453	  0.727194	  0.742899	  0.756151	   0.76744	  0.773359	  0.777802	  0.781268	   0.78407	  0.786413	  0.788433	  0.790222	  0.791845	  0.793339	  0.794718	  0.795983	  0.797138	  0.798181	  0.799111	   0.79993	  0.800638	  0.801235	  0.801726	  0.802118	  0.802418	  0.802631	  0.802762	  0.802818	  0.802805	   0.80273	  0.802601	  0.802424
   288	     0	         0	         0	         0	         0	         0	         0	         0	         0	         0	         0	         0	         0	         0	         0	         0	         0	0.00160955	0.00321409	0.00493957	0.00682877	 0.0163646	 0.0315403	 0.0537019	 0.0823054	  0.114662	  0.157936	  0.212855	  0.293556	  0.345966	  0.382304	  0.415091	  0.453778	  0.500558	  0.536348	  0.562914	  0.593082	  0.623602	  0.650281	  0.676924	  0.699827	  0.720463	  0.737824	  0.752483	  0.764952	  0.771359	  0.776113	  0.779789	  0.782739	  0.785195	  0.787305	  0.789171	  0.790864	  0.792425	   0.79387	  0.795203	  0.796428	  0.797545	  0.798554	  0.799457	  0.800255	  0.800947	  0.801538	  0.802035	  0.802444	   0.80277	  0.803016	  0.803189	  0.803294	  0.803337	  0.803325	  0.803263
   289	     0	         0	         0	         0	         0	         0	         0	         0	         0	         0	         0	         0	         0	         0	         0	         0	         0	 0.0015654	0.00313161	0.00481741	0.00666259	  0.015948	  0.030706	   0.05223	 0.0799829	  0.111365	  0.153368	  0.206757	  0.285276	  0.336592	  0.372265	  0.404942	  0.443669	  0.490594	  0.526823	  0.554252	  0.585417	   0.61806	  0.646855	  0.675276	  0.699509	  0.721052	  0.738961	  0.753918	  0.766524	  0.772645	  0.777125	  0.780569	  0.783332	  0.785639	  0.787631	  0.789401	  0.791017	  0.792515	  0.793905	  0.795186	  0.796358	  0.797418	  0.798366	    0.7992	  0.799923	  0.800534	  0.801039	  0.801447	  0.801766	  0.802001	   0.80216	  0.802251	  0.802281	  0.802258	  0.802189	  0.802084
   290	     0	         0	         0	         0	         0	         0	         0	         0	         0	         0	         0	         0	         0	         0	         0	         0	         0	0.00164122	0.00326465	0.00499817	0.00688465	  0.016446	 0.0316037	  0.053676	 0.0821001	  0.114203	   0.15716	  0.211767	  0.292057	  0.344303	  0.380583	    0.4134	   0.45222	  0.499171	  0.535096	  0.561864	  0.592219	  0.623043	  0.649972	  0.676781	   0.69981	  0.720535	  0.737957	  0.752651	  0.765131	  0.771467	  0.776139	  0.779725	   0.78258	  0.784937	  0.786947	  0.788712	  0.790306	  0.791771	  0.793121	  0.794358	  0.795482	  0.796494	  0.797392	  0.798176	  0.798847	  0.799405	  0.799857	  0.800209	  0.800469	  0.800644	  0.800739	  0.800762	   0.80072	  0.800623	  0.800477	   0.80029
   291	     0	         0	         0	         0	         0	         0	         0	         0	         0	         0	         0	         0	         0	         0	         0	         0	         0	0.00163223	0.00325683	 0.0049995	 0.0069026	 0.0165171	 0.0317878	 0.0540597	 0.0827825	  0.115271	  0.158749	  0.214028	  0.295384	  0.348382	  0.385375	  0.418813	  0.458305	  0.506094	  0.542918	  0.570592	  0.602065	  0.632809	  0.658865	  0.684455	   0.70616	   0.72555	  0.741743	  0.755351	  0.766896	   0.77276	  0.777111	  0.780478	  0.783183	  0.785437	  0.787374	  0.789089	  0.790645	   0.79208	  0.793405	  0.794621	  0.795726	  0.796719	  0.797598	  0.798363	  0.799014	  0.799553	  0.799983	  0.800315	  0.800554	  0.800708	  0.800782	  0.800785	  0.800724	  0.800607	  0.800443	  0.800238
   292	     0	         0	         0	         0	         0	         0	         0	         0	         0	         0	         0	         0	         0	         0	         0	         0	         0	0.00159369	0.00318608	0.00489944	0.00677492	 0.0162174	 0.0312279	 0.0531187	 0.0813406	  0.113237	  0.155886	  0.210023	  0.289548	  0.341272	  0.377076	  0.409592	  0.448066	  0.494648	  0.530328	  0.556961	  0.587195	  0.618507	   0.64615	  0.673699	  0.697379	  0.718651	  0.736493	  0.751513	  0.764251	  0.770638	  0.775335	  0.778941	  0.781816	  0.784196	  0.786229	  0.788018	  0.789634	  0.791117	  0.792481	  0.793729	  0.794863	  0.795883	  0.796788	  0.797579	  0.798258	  0.798826	  0.799288	  0.799653	  0.799929	  0.800121	  0.800236	  0.800281	  0.800264	  0.800191	  0.800072	  0.799912
   293	     0	         0	         0	         0	         0	         0	         0	         0	         0	         0	         0	         0	         0	         0	         0	         0	         0	0.00169969	0.00336522	0.00513063	0.00704036	 0.0167643	 0.0321254	 0.0544283	 0.0830671	  0.115319	  0.158393	  0.213049	  0.293251	  0.345182	  0.381182	   0.41358	  0.451947	  0.498375	  0.533809	  0.560102	  0.589936	  0.620593	  0.647641	  0.674714	  0.698095	  0.719206	  0.736995	  0.752018	   0.76478	  0.771286	   0.77608	  0.779755	  0.782676	  0.785084	  0.787134	  0.788935	  0.790561	  0.792057	  0.793439	   0.79471	  0.795869	  0.796918	  0.797854	  0.798679	  0.799393	  0.799997	  0.800494	  0.800894	  0.801204	  0.801429	  0.801575	   0.80165	  0.801662	  0.801618	  0.801525	  0.801392
   294	     0	         0	         0	         0	         0	         0	         0	         0	         0	         0	         0	         0	         0	         0	         0	         0	         0	0.00156329	0.00312721	0.00481092	0.00665436	 0.0159263	 0.0306647	 0.0521562	  0.079856	  0.111152	  0.152991	  0.206067	  0.283994	  0.334672	  0.369619	  0.401526	   0.43933	   0.48511	  0.520116	  0.546219	  0.575792	  0.607901	  0.637076	  0.666434	  0.691821	  0.714635	  0.733792	  0.749898	   0.76352	  0.770263	  0.775185	  0.778942	  0.781926	   0.78439	  0.786493	  0.788343	  0.790014	   0.79155	  0.792966	  0.794266	  0.795452	  0.796524	  0.797484	  0.798332	   0.79907	  0.799699	  0.800224	  0.800654	  0.800994	  0.801251	   0.80143	  0.801539	  0.801584	  0.801571	  0.801509	  0.801403
   295	     0	         0	         0	         0	         0	         0	         0	         0	         0	         0	         0	         0	         0	         0	         0	         0	         0	0.00156506	0.00314492	0.00485867	0.00674677	 0.0162044	 0.0312923	 0.0533554	 0.0818624	  0.114137	   0.15728	  0.212006	  0.292399	  0.344673	  0.380867	  0.413663	  0.452381	  0.499246	  0.535141	  0.561879	  0.592249	  0.623047	   0.64993	  0.676712	  0.699685	  0.720346	   0.73771	  0.752364	  0.764828	  0.771185	  0.775898	   0.77954	  0.782462	  0.784892	  0.786977	  0.788816	   0.79048	  0.792009	  0.793417	  0.794708	  0.795884	  0.796947	  0.797897	  0.798735	  0.799464	  0.800084	  0.800601	  0.801023	  0.801356	  0.801607	  0.801781	  0.801884	  0.801924	  0.801906	  0.801839	  0.801729
   296	     0	         0	         0	         0	         0	         0	         0	         0	         0	         0	         0	         0	         0	         0	         0	         0	         0	0.00155056	0.00311333	0.00480567	0.00666742	 0.0160033	 0.0308847	  0.052637	 0.0807403	  0.112568	  0.155172	  0.209314	   0.28895	  0.340893	  0.376834	  0.409532	   0.44817	  0.494913	  0.530678	  0.557337	  0.587549	   0.61879	   0.64637	  0.673925	  0.697582	  0.718834	  0.736694	  0.751744	  0.764513	  0.770925	  0.775635	  0.779244	  0.782116	  0.784487	   0.78651	  0.788288	  0.789892	  0.791364	  0.792718	  0.793956	  0.795081	   0.79609	  0.796985	  0.797766	  0.798433	  0.798989	  0.799437	  0.799787	  0.800046	  0.800218	  0.800311	  0.800332	  0.800287	  0.800185	  0.800033	  0.799839
   297	     0	         0	         0	         0	         0	         0	         0	         0	         0	         0	         0	         0	         0	         0	         0	         0	         0	0.00164409	0.00329204	 0.0050677	0.00701206	 0.0167893	  0.032323	 0.0549682	 0.0841447	  0.117094	  0.161066	   0.21679	  0.298602	  0.351556	  0.388355	  0.421422	  0.460481	  0.507823	  0.544191	  0.571338	   0.60226	  0.632358	  0.657937	  0.683228	  0.704804	  0.724194	  0.740462	  0.754184	   0.76586	  0.771903	  0.776402	  0.779884	  0.782675	  0.784992	  0.786973	  0.788716	  0.790287	  0.791726	  0.793047	   0.79425	  0.795339	  0.796312	  0.797169	  0.797913	  0.798545	  0.799065	  0.799481	  0.799801	  0.800032	  0.800181	  0.800255	  0.800262	  0.800209	  0.800104	  0.799956	  0.799771
   298	     0	         0	         0	         0	         0	         0	         0	         0	         0	         0	         0	         0	         0	         0	         0	         0	         0	0.00159369	0.00318608	0.00489944	0.00677492	 0.0162174	 0.0312279	 0.0531187	 0.0813406	  0.113237	  0.155886	  0.210023	  0.289548	  0.341272	  0.377076	  0.409592	  0.448066	  0.494648	  0.530328	  0.556961	  0.587195	  0.618507	   0.64615	  0.673699	  0.697379	  0.718651	  0.736493	  0.751513	  0.764251	  0.770638	  0.775335	  0.778941	  0.781816	  0.784196	  0.786229	  0.788018	  0.789634	  0.791117	  0.792481	  0.793729	  0.794863	  0.795883	  0.796788	  0.797579	  0.798258	  0.798826	  0.799288	  0.799653	  0.799929	  0.800121	  0.800236	  0.800281	  0.800264	  0.800191	  0.800072	  0.799912
   299	     0	         0	         0	         0	         0	         0	         0	         0	         0	         0	         0	         0	         0	         0	         0	         0	         0	0.00159541	0.00319093	0.00490821	0.00678813	 0.0162525	 0.0312965	 0.0532392	 0.0815315	  0.113512	  0.156281	  0.210588	  0.290413	  0.342276	  0.378119	  0.410572	  0.448938	  0.495351	  0.530758	  0.557017	   0.58677	  0.617654	  0.645078	  0.672639	  0.696414	  0.717858	  0.735934	  0.751195	  0.764148	  0.770699	  0.775502	  0.779167	  0.782067	  0.784446	  0.786461	  0.788222	  0.789803	  0.791247	  0.792572	   0.79378	  0.794875	  0.795857	  0.796724	  0.797479	  0.798122	  0.798653	  0.799079	  0.799405	   0.79964	  0.799789	  0.799857	  0.799852	  0.799781	  0.799651	   0.79947	  0.799246
   300	     0	         0	         0	         0	         0	         0	         0	         0	         0	         0	         0	         0	         0	         0	         0	         0	         0	0.00157274	0.00315376	0.00486517	0.00674916	 0.0162434	 0.0314125	 0.0536584	 0.0824992	  0.115293	  0.159329	  0.215488	   0.29841	  0.352841	  0.391141	  0.425859	  0.466724	  0.516124	  0.554554	  0.583737	  0.617037	  0.647523	  0.672076	  0.695655	  0.715297	  0.732672	  0.747027	   0.75902	  0.769182	  0.774469	  0.778462	  0.781609	  0.784185	  0.786371	  0.788278	  0.789986	   0.79155	  0.792999	  0.794342	  0.795581	  0.796712	  0.797736	  0.798648	  0.799449	  0.800139	  0.800718	  0.801191	  0.801564	  0.801845	  0.802038	  0.802148	  0.802183	  0.802149	  0.802053	  0.801902	  0.801704
   301	     0	         0	         0	         0	         0	         0	         0	         0	         0	         0	         0	         0	         0	         0	         0	         0	         0	0.00156195	0.00313271	0.00483132	 0.0066983	 0.0160806	 0.0310371	 0.0529123	 0.0811928	   0.11325	   0.15619	  0.210792	  0.291185	  0.343689	  0.380248	  0.413516	    0.4528	  0.500331	  0.536957	  0.564493	  0.595778	  0.627115	  0.654116	  0.680737	  0.703377	  0.723586	  0.740462	  0.754636	  0.766653	  0.772701	  0.777183	  0.780657	  0.783457	    0.7858	  0.787822	  0.789618	  0.791252	  0.792762	  0.794159	  0.795444	  0.796618	  0.797679	  0.798628	  0.799464	  0.800189	  0.800803	  0.801311	  0.801721	  0.802039	  0.802272	  0.802425	  0.802506	  0.802519	  0.802474	  0.802377	  0.802235
   302	     0	         0	         0	         0	         0	         0	         0	         0	         0	         0	         0	         0	         0	         0	         0	         0	         0	0.00159289	0.00318944	0.00491359	0.00680794	 0.0163596	 0.0315989	 0.0539127	 0.0827931	  0.115567	  0.159505	  0.215433	  0.297868	  0.351719	  0.389386	    0.4234	  0.463463	  0.511909	  0.549338	  0.577482	  0.609534	  0.639757	  0.664777	  0.689186	  0.709759	  0.728107	  0.743387	  0.756215	  0.767104	  0.772738	  0.776948	  0.780223	  0.782866	  0.785076	   0.78698	  0.788666	  0.790197	  0.791606	  0.792907	  0.794099	  0.795185	   0.79616	  0.797026	  0.797781	  0.798426	  0.798961	  0.799391	  0.799723	  0.799965	  0.800121	  0.800198	  0.800202	  0.800139	  0.800019	  0.799847	  0.799631
   303	     0	         0	         0	         0	         0	         0	         0	         0	         0	         0	         0	         0	         0	         0	         0	         0	         0	0.00164297	0.00329333	 0.0050766	 0.0070351	 0.0168791	  0.032558	  0.055467	 0.0850483	  0.118526	  0.163237	  0.219927	  0.303211	  0.357245	  0.395046	   0.42892	  0.468802	  0.517088	  0.554398	  0.582405	  0.614384	  0.643992	  0.668224	   0.69185	  0.711774	  0.729597	  0.744478	  0.757017	  0.767706	  0.773401	  0.777717	  0.781118	  0.783894	  0.786237	  0.788271	  0.790082	   0.79173	   0.79325	  0.794654	  0.795943	  0.797118	   0.79818	  0.799129	  0.799966	  0.800692	   0.80131	  0.801823	  0.802242	  0.802572	   0.80282	   0.80299	  0.803091	  0.803128	  0.803109	  0.803041	  0.802929
   304	     0	         0	         0	         0	         0	         0	         0	         0	         0	         0	         0	         0	         0	         0	         0	         0	         0	0.00164768	 0.0032835	0.00503462	 0.0069436	 0.0166079	 0.0319439	 0.0543005	 0.0831171	  0.115692	  0.159271	   0.21464	  0.296089	  0.349012	  0.385893	  0.419141	   0.45842	   0.50597	  0.542554	  0.569946	  0.601106	  0.631635	  0.657645	  0.683301	  0.705139	  0.724699	  0.741062	  0.754826	  0.766505	  0.772472	  0.776893	  0.780307	  0.783041	  0.785312	  0.787257	  0.788973	  0.790526	  0.791957	  0.793276	  0.794485	  0.795585	  0.796573	  0.797449	  0.798213	  0.798864	  0.799404	  0.799837	  0.800172	  0.800416	  0.800574	  0.800652	  0.800659	  0.800602	  0.800487	  0.800324	   0.80012
   305	     0	         0	         0	         0	         0	         0	         0	         0	         0	         0	         0	         0	         0	         0	         0	         0	         0	0.00151819	0.00303494	0.00466816	0.00645803	 0.0154784	 0.0298394	 0.0508146	 0.0778918	  0.108534	  0.149588	  0.201771	  0.278461	    0.3285	   0.36284	    0.3943	  0.431571	  0.476633	  0.510882	  0.536231	  0.564833	  0.597197	  0.627404	  0.658197	  0.685044	   0.70927	  0.729696	  0.746886	  0.761403	  0.768568	  0.773747	  0.777658	  0.780729	  0.783235	  0.785353	  0.787201	  0.788861	  0.790381	   0.79178	  0.793063	  0.794234	  0.795295	  0.796244	  0.797085	  0.797817	  0.798442	  0.798963	  0.799388	  0.799724	  0.799974	  0.800145	  0.800243	  0.800273	  0.800242	  0.800157	  0.800025
   306	     0	         0	         0	         0	         0	         0	         0	         0	         0	         0	         0	         0	         0	         0	         0	         0	         0	0.00175597	0.00347293	0.00529125	0.00725741	 0.0173146	 0.0332174	 0.0563471	  0.086097	  0.119657	  0.164512	  0.221481	  0.305094	  0.359218	   0.39709	  0.430647	  0.470221	  0.518101	  0.554915	  0.582297	  0.613531	  0.642485	  0.666424	  0.689988	  0.710074	   0.72819	   0.74338	  0.756195	  0.767096	  0.772967	  0.777373	  0.780798	  0.783547	   0.78583	  0.787783	  0.789505	  0.791062	  0.792497	  0.793823	  0.795045	  0.796164	  0.797178	  0.798087	  0.798891	  0.799588	  0.800179	  0.800667	  0.801058	  0.801359	  0.801574	  0.801707	  0.801767	  0.801757	  0.801687	  0.801562	  0.801389
   307	     0	         0	         0	         0	         0	         0	         0	         0	         0	         0	         0	         0	         0	         0	         0	         0	         0	0.00166072	0.00332391	0.00511706	0.00708301	 0.0169949	  0.032773	 0.0558265	 0.0855975	  0.119299	  0.164357	  0.221586	  0.305749	  0.360412	   0.39869	  0.432819	  0.472976	  0.521571	   0.55909	  0.587185	   0.61926	   0.64823	  0.671603	  0.694401	  0.713625	  0.730871	  0.745282	  0.757424	  0.767759	   0.77336	  0.777592	  0.780904	  0.783581	  0.785816	  0.787737	  0.789432	  0.790964	  0.792372	  0.793666	   0.79485	  0.795925	   0.79689	  0.797744	  0.798489	  0.799123	  0.799649	  0.800072	  0.800398	  0.800635	  0.800788	  0.800863	  0.800869	  0.800811	  0.800698	  0.800536	  0.800334
   308	     0	         0	         0	         0	         0	         0	         0	         0	         0	         0	         0	         0	         0	         0	         0	         0	         0	0.00160187	0.00319023	0.00488888	0.00673943	 0.0161089	  0.030971	 0.0526263	 0.0805305	  0.112069	  0.154311	  0.208051	   0.28713	  0.338671	  0.374334	  0.406768	   0.44517	  0.491612	  0.527071	  0.553452	  0.583297	  0.614723	  0.642798	  0.670964	  0.695234	  0.717065	   0.73543	  0.750901	  0.764005	  0.770537	  0.775303	  0.778925	  0.781785	  0.784127	  0.786111	  0.787846	  0.789406	  0.790835	  0.792149	   0.79335	  0.794439	  0.795413	  0.796271	  0.797015	  0.797645	   0.79816	  0.798566	  0.798872	  0.799084	  0.799208	  0.799252	  0.799222	  0.799127	  0.798974	  0.798772	  0.798528
   309	     0	         0	         0	         0	         0	         0	         0	         0	         0	         0	         0	         0	         0	         0	         0	         0	         0	0.00156506	0.00314492	0.00485867	0.00674677	 0.0162044	 0.0312923	 0.0533554	 0.0818624	  0.114137	   0.15728	  0.212006	  0.292399	  0.344673	  0.380867	  0.413663	  0.452381	  0.499246	  0.535141	  0.561879	  0.592249	  0.623047	   0.64993	  0.676712	  0.699685	  0.720346	   0.73771	  0.752364	  0.764828	  0.771185	  0.775898	   0.77954	  0.782462	  0.784892	  0.786977	  0.788816	   0.79048	  0.792009	  0.793417	  0.794708	  0.795884	  0.796947	  0.797897	  0.798735	  0.799464	  0.800084	  0.800601	  0.801023	  0.801356	  0.801607	  0.801781	  0.801884	  0.801924	  0.801906	  0.801839	  0.801729
   310	     0	         0	         0	         0	         0	         0	         0	         0	         0	         0	         0	         0	         0	         0	         0	         0	         0	0.00155462	0.00312257	0.00482242	0.00669461	 0.0160818	 0.0310606	 0.0529762	 0.0813069	  0.113402	  0.156326	  0.210784	   0.29083	  0.342915	  0.379032	  0.411847	  0.450587	  0.497476	  0.533472	  0.560362	  0.590896	  0.622075	  0.649359	  0.676499	  0.699719	  0.720534	  0.737993	  0.752704	  0.765205	  0.771535	  0.776231	   0.77987	  0.782801	  0.785251	  0.787364	  0.789237	  0.790938	  0.792506	  0.793954	  0.795288	  0.796507	  0.797615	   0.79861	  0.799495	  0.800272	  0.800942	  0.801509	  0.801982	  0.802368	  0.802671	  0.802897	  0.803052	  0.803143	  0.803175	  0.803155	  0.803089
   311	     0	         0	         0	         0	         0	         0	         0	         0	         0	         0	         0	         0	         0	         0	         0	         0	         0	0.00164806	0.00330782	0.00510493	0.00708204	 0.0170093	 0.0328368	 0.0559825	 0.0858959	  0.119784	  0.165074	  0.222573	  0.307143	  0.362132	  0.400811	  0.435349	   0.47592	   0.52498	  0.563034	  0.591728	  0.624515	  0.653602	  0.676609	   0.69884	  0.717411	  0.733978	  0.747766	  0.759365	  0.769245	  0.774642	  0.778762	  0.782025	  0.784695	  0.786952	  0.788913	  0.790658	  0.792245	  0.793706	  0.795053	  0.796287	  0.797408	  0.798416	  0.799311	  0.800093	  0.800763	  0.801322	  0.801775	  0.802131	  0.802395	  0.802574	  0.802673	  0.802699	  0.802658	  0.802559	  0.802408	  0.802212
   312	     0	         0	         0	         0	         0	         0	         0	         0	         0	         0	         0	         0	         0	         0	         0	         0	         0	0.00161647	0.00324131	0.00499705	0.00692499	 0.0166173	  0.032054	 0.0546151	 0.0837645	  0.116791	  0.160997	  0.217218	  0.300017	  0.354064	  0.392009	  0.426262	  0.466645	   0.51553	  0.553468	  0.582226	  0.615047	  0.645411	  0.670081	  0.693903	  0.713861	  0.731594	  0.746309	  0.758643	  0.769114	   0.77456	  0.778662	  0.781882	  0.784505	  0.786716	  0.788634	  0.790343	  0.791901	  0.793339	  0.794667	  0.795884	  0.796992	  0.797986	  0.798866	  0.799632	  0.800286	  0.800827	  0.801261	  0.801598	  0.801843	  0.802004	  0.802087	    0.8021	  0.802051	  0.801947	  0.801797	  0.801609
   313	     0	         0	         0	         0	         0	         0	         0	         0	         0	         0	         0	         0	         0	         0	         0	         0	         0	0.00166269	  0.003335	 0.0051426	0.00712725	  0.017095	 0.0329605	  0.056126	  0.086014	  0.119806	  0.164882	  0.221961	   0.30574	  0.359975	  0.397972	  0.431918	  0.471895	  0.520361	  0.557942	   0.58625	   0.61867	  0.648149	  0.671933	  0.694981	  0.714345	  0.731629	  0.746001	  0.758076	  0.768352	  0.773874	  0.778071	  0.781389	  0.784104	  0.786401	  0.788399	   0.79018	  0.791803	  0.793301	  0.794685	  0.795958	   0.79712	  0.798172	  0.799113	  0.799944	  0.800668	  0.801285	    0.8018	  0.802221	  0.802556	  0.802809	  0.802987	  0.803095	   0.80314	  0.803129	  0.803068	  0.802964
   314	     0	         0	         0	         0	         0	         0	         0	         0	         0	         0	         0	         0	         0	         0	         0	         0	         0	0.00161042	0.00322577	0.00496976	0.00688449	 0.0165149	 0.0318561	 0.0542763	 0.0832417	  0.116052	  0.159965	  0.215794	  0.297959	  0.351575	  0.389092	  0.422976	  0.462919	  0.511225	  0.548529	  0.576629	  0.608626	   0.63902	   0.66427	  0.688903	  0.709707	   0.72828	  0.743773	  0.756804	  0.767886	  0.773625	  0.777933	  0.781302	  0.784035	  0.786332	  0.788322	  0.790091	  0.791701	  0.793188	  0.794563	  0.795826	  0.796978	  0.798018	  0.798943	  0.799756	  0.800456	  0.801045	  0.801528	  0.801913	  0.802206	  0.802415	  0.802544	  0.802601	  0.802594	   0.80253	  0.802416	   0.80226
   315	     0	         0	         0	         0	         0	         0	         0	         0	         0	         0	         0	         0	         0	         0	         0	         0	         0	0.00155959	0.00312661	0.00482075	0.00668277	 0.0160433	 0.0309653	 0.0527867	 0.0809908	  0.112947	  0.155741	  0.210145	  0.290192	  0.342398	  0.378566	  0.411409	  0.450184	  0.497057	  0.532898	  0.559556	  0.589754	  0.620695	  0.647909	  0.675116	  0.698494	  0.719533	  0.737246	  0.752204	   0.76492	  0.771388	  0.776168	  0.779849	  0.782791	   0.78523	  0.787317	  0.789157	   0.79082	  0.792349	  0.793759	  0.795052	  0.796232	  0.797298	  0.798251	   0.79909	  0.799819	  0.800437	  0.800949	  0.801364	  0.801688	  0.801926	  0.802084	   0.80217	  0.802189	  0.802148	  0.802055	  0.801917
   316	     0	         0	         0	         0	         0	         0	         0	         0	         0	         0	         0	         0	         0	         0	         0	         0	         0	0.00169393	0.00338324	0.00519593	0.00717417	 0.0171542	 0.0329838	 0.0560377	 0.0857228	  0.119239	  0.163971	  0.220684	  0.303975	  0.357892	  0.395629	  0.429365	  0.469176	  0.517446	  0.554794	  0.582893	  0.615015	  0.644679	  0.668873	  0.692394	  0.712202	   0.72989	   0.74461	  0.756969	  0.767465	  0.772984	  0.777127	   0.78036	  0.782972	  0.785155	  0.787033	  0.788692	  0.790192	  0.791569	  0.792833	  0.793984	  0.795022	  0.795945	  0.796752	  0.797444	  0.798023	  0.798488	  0.798847	  0.799107	  0.799277	  0.799363	  0.799373	  0.799314	  0.799194	  0.799021	  0.798805	  0.798552
   317	     0	         0	         0	         0	         0	         0	         0	         0	         0	         0	         0	         0	         0	         0	         0	         0	         0	0.00155484	 0.0031099	0.00478611	0.00662494	 0.0158989	 0.0306773	 0.0522899	 0.0802328	  0.111912	  0.154408	  0.208542	  0.288298	  0.340494	  0.376704	  0.409666	  0.448599	   0.49563	  0.531611	  0.558424	  0.588766	  0.619939	  0.647373	  0.674753	  0.698264	  0.719397	  0.737162	  0.752137	  0.764846	  0.771255	  0.775968	   0.77958	  0.782452	  0.784822	  0.786843	  0.788618	  0.790221	  0.791692	  0.793048	  0.794292	  0.795425	  0.796446	  0.797355	  0.798152	  0.798837	  0.799411	  0.799878	  0.800245	   0.80052	  0.800707	  0.800811	  0.800841	  0.800802	  0.800703	  0.800549	   0.80035
   318	     0	         0	         0	         0	         0	         0	         0	         0	         0	         0	         0	         0	         0	         0	         0	         0	         0	0.00160002	0.00320298	0.00493386	0.00683541	 0.0164046	  0.031661	 0.0539639	 0.0827741	  0.115381	   0.15897	  0.214259	   0.29547	  0.348182	  0.384683	  0.417536	  0.456262	  0.503085	  0.538862	   0.56535	  0.595446	  0.625564	  0.651747	  0.677916	  0.700414	  0.720722	  0.737825	  0.752284	  0.764592	  0.770962	  0.775692	  0.779345	  0.782269	  0.784697	  0.786777	  0.788611	   0.79027	  0.791796	  0.793206	  0.794505	  0.795696	  0.796779	  0.797757	  0.798629	  0.799397	  0.800061	  0.800625	  0.801096	   0.80148	  0.801782	  0.802005	  0.802156	   0.80224	  0.802263	  0.802231	   0.80215
   319	     0	         0	         0	         0	         0	         0	         0	         0	         0	         0	         0	         0	         0	         0	         0	         0	         0	  0.001597	0.00321097	0.00496243	0.00689198	 0.0165603	 0.0319811	 0.0545326	 0.0836737	  0.116673	  0.160779	  0.216749	  0.299027	  0.352508	   0.38973	  0.423255	  0.462794	  0.510691	   0.54757	  0.575179	  0.606651	  0.636643	  0.661731	  0.686371	  0.707288	  0.726047	  0.741744	  0.754973	  0.766232	  0.772101	  0.776491	  0.779905	  0.782655	  0.784947	  0.786914	  0.788649	  0.790216	  0.791653	  0.792972	  0.794175	  0.795265	  0.796241	  0.797103	  0.797852	   0.79849	  0.799019	  0.799444	  0.799773	  0.800015	  0.800175	   0.80026	  0.800277	  0.800234	  0.800138	  0.799998	   0.79982
   320	     0	         0	         0	         0	         0	         0	         0	         0	         0	         0	         0	         0	         0	         0	         0	         0	         0	0.00154701	0.00312482	 0.0048492	0.00675951	 0.0162896	 0.0315381	 0.0538923	 0.0828405	  0.115684	  0.159614	  0.215377	   0.29741	  0.350857	  0.388051	  0.421693	  0.461348	  0.509388	  0.546449	  0.574269	  0.605992	  0.636296	  0.661665	  0.686539	  0.707629	  0.726506	  0.742274	  0.755544	  0.766828	  0.772692	  0.777082	  0.780506	  0.783274	   0.78559	  0.787587	  0.789353	  0.790954	  0.792424	  0.793778	  0.795019	  0.796147	  0.797165	  0.798072	   0.79887	  0.799559	  0.800142	  0.800623	  0.801011	  0.801311	  0.801529	  0.801671	  0.801743	  0.801753	  0.801706	   0.80161	  0.801472
   321	     0	         0	         0	         0	         0	         0	         0	         0	         0	         0	         0	         0	         0	         0	         0	         0	         0	0.00165217	0.00331086	0.00510444	0.00707669	 0.0170094	 0.0328563	 0.0560552	 0.0860647	  0.120088	  0.165585	  0.223348	  0.308298	  0.363535	  0.402409	  0.437053	   0.47772	  0.526904	   0.56509	   0.59385	  0.626755	  0.655575	  0.678194	  0.699993	  0.718193	   0.73444	  0.747945	  0.759308	  0.768998	  0.774399	  0.778556	  0.781874	  0.784607	  0.786932	  0.788962	  0.790776	   0.79243	  0.793956	  0.795367	  0.796664	   0.79785	  0.798926	  0.799891	  0.800747	  0.801497	   0.80214	  0.802682	  0.803131	  0.803494	  0.803774	  0.803978	  0.804112	  0.804181	  0.804192	  0.804151	  0.804065
   322	     0	         0	         0	         0	         0	         0	         0	         0	         0	         0	         0	         0	         0	         0	         0	         0	         0	0.00162193	0.00324672	0.00499971	0.00692357	 0.0166163	 0.0320617	 0.0546476	 0.0838415	  0.116924	  0.161198	  0.217447	  0.300224	   0.35415	  0.391949	  0.425993	  0.466091	  0.514612	  0.552214	  0.580584	  0.612981	  0.643183	  0.667941	  0.691959	  0.712149	  0.730122	  0.745049	  0.757567	  0.768197	  0.773754	  0.777945	  0.781241	  0.783932	  0.786208	  0.788189	  0.789959	  0.791575	  0.793071	  0.794458	  0.795737	  0.796909	  0.797972	  0.798925	   0.79977	  0.800506	  0.801135	  0.801661	  0.802091	  0.802431	  0.802687	  0.802864	  0.802969	  0.803006	  0.802984	  0.802908	  0.802785
   323	     0	         0	         0	         0	         0	         0	         0	         0	         0	         0	         0	         0	         0	         0	         0	         0	         0	0.00168386	0.00334929	0.00512836	0.00706529	 0.0168859	 0.0324606	 0.0551481	 0.0843589	  0.117325	  0.161333	    0.2171	  0.298938	   0.35175	  0.388361	  0.421032	   0.45957	  0.506188	  0.541734	  0.567923	  0.597672	  0.627233	  0.652924	  0.678738	  0.700976	  0.721112	  0.738132	  0.752552	  0.764839	  0.771273	   0.77605	  0.779731	  0.782666	  0.785089	  0.787154	  0.788966	  0.790599	  0.792097	  0.793477	  0.794743	  0.795899	  0.796946	  0.797883	  0.798711	  0.799432	  0.800046	  0.800557	  0.800972	  0.801299	  0.801541	  0.801703	  0.801792	  0.801815	  0.801777	  0.801685	  0.801546
   324	     0	         0	         0	         0	         0	         0	         0	         0	         0	         0	         0	         0	         0	         0	         0	         0	         0	0.00157405	0.00313972	 0.0048213	 0.0066617	 0.0159625	 0.0307693	 0.0524037	 0.0803513	  0.112011	  0.154461	  0.208515	  0.288119	  0.340142	  0.376217	  0.409005	  0.447727	  0.494491	  0.530234	   0.55684	   0.58694	  0.618132	  0.645727	  0.673338	  0.697073	  0.718416	   0.73636	  0.751481	  0.764303	  0.770738	  0.775453	  0.779052	  0.781904	  0.784249	  0.786242	  0.787988	  0.789561	  0.791004	  0.792332	   0.79355	  0.794658	  0.795658	  0.796546	  0.797325	  0.797993	  0.798551	  0.799003	  0.799357	  0.799618	  0.799792	  0.799883	    0.7999	  0.799848	  0.799734	  0.799566	  0.799351
   325	     0	         0	         0	         0	         0	         0	         0	         0	         0	         0	         0	         0	         0	         0	         0	         0	         0	0.00156445	0.00312744	0.00481086	0.00665643	 0.0159644	 0.0307917	 0.0524659	 0.0804729	  0.112202	  0.154713	  0.208765	  0.288304	  0.340194	  0.376147	  0.408855	  0.447497	  0.494217	  0.529996	  0.556663	   0.58689	  0.618226	  0.645941	  0.673608	  0.697364	  0.718687	  0.736577	  0.751634	  0.764401	  0.770806	  0.775518	  0.779136	  0.782024	   0.78442	  0.786472	  0.788284	  0.789926	  0.791439	  0.792837	  0.794123	    0.7953	  0.796366	  0.797322	  0.798167	  0.798903	   0.79953	  0.800052	  0.800477	  0.800812	   0.80106	  0.801228	  0.801322	  0.801347	  0.801312	  0.801221	  0.801083
   326	     0	         0	         0	         0	         0	         0	         0	         0	         0	         0	         0	         0	         0	         0	         0	         0	         0	 0.0016408	 0.0032649	0.00500125	 0.0068934	 0.0164791	 0.0316915	 0.0538624	 0.0824313	  0.114712	  0.157891	  0.212744	  0.293365	  0.345753	  0.382138	  0.414966	  0.453741	  0.500608	  0.536442	  0.563068	   0.59326	  0.623821	  0.650524	  0.677184	  0.700112	  0.720781	  0.738191	  0.752903	  0.765419	  0.771847	  0.776613	  0.780291	  0.783235	  0.785677	  0.787769	  0.789614	  0.791283	  0.792819	  0.794237	  0.795541	  0.796733	  0.797813	  0.798781	  0.799637	  0.800382	  0.801018	  0.801548	  0.801981	  0.802322	  0.802578	  0.802753	  0.802856	  0.802891	  0.802866	  0.802789	  0.802666
   327	     0	         0	         0	         0	         0	         0	         0	         0	         0	         0	         0	         0	         0	         0	         0	         0	         0	0.00162193	0.00324672	0.00499971	0.00692357	 0.0166163	 0.0320617	 0.0546476	 0.0838415	  0.116924	  0.161198	  0.217447	  0.300224	   0.35415	  0.391949	  0.425993	  0.466091	  0.514612	  0.552214	  0.580584	  0.612981	  0.643183	  0.667941	  0.691959	  0.712149	  0.730122	  0.745049	  0.757567	  0.768197	  0.773754	  0.777945	  0.781241	  0.783932	  0.786208	  0.788189	  0.789959	  0.791575	  0.793071	  0.794458	  0.795737	  0.796909	  0.797972	  0.798925	   0.79977	  0.800506	  0.801135	  0.801661	  0.802091	  0.802431	  0.802687	  0.802864	  0.802969	  0.803006	  0.802984	  0.802908	  0.802785
   328	     0	         0	         0	         0	         0	         0	         0	         0	         0	         0	         0	         0	         0	         0	         0	         0	         0	0.00154313	0.00308778	0.00475266	0.00657824	 0.0157807	  0.030437	 0.0518635	 0.0795595	   0.11096	    0.1531	  0.206812	  0.285987	  0.337888	  0.373933	  0.406884	  0.445855	  0.492965	  0.529127	   0.55624	  0.586935	  0.618721	  0.646733	  0.674575	  0.698415	  0.719751	  0.737614	  0.752618	  0.765313	   0.77161	  0.776219	  0.779742	  0.782542	  0.784852	  0.786822	  0.788553	  0.790115	  0.791551	  0.792872	  0.794082	   0.79518	  0.796167	  0.797039	  0.797798	  0.798444	  0.798976	  0.799401	  0.799725	  0.799955	  0.800097	  0.800156	  0.800141	  0.800058	  0.799916	   0.79972	  0.799481
   329	     0	         0	         0	         0	         0	         0	         0	         0	         0	         0	         0	         0	         0	         0	         0	         0	         0	0.00156195	0.00313271	0.00483132	 0.0066983	 0.0160806	 0.0310371	 0.0529123	 0.0811928	   0.11325	   0.15619	  0.210792	  0.291185	  0.343689	  0.380248	  0.413516	    0.4528	  0.500331	  0.536957	  0.564493	  0.595778	  0.627115	  0.654116	  0.680737	  0.703377	  0.723586	  0.740462	  0.754636	  0.766653	  0.772701	  0.777183	  0.780657	  0.783457	    0.7858	  0.787822	  0.789618	  0.791252	  0.792762	  0.794159	  0.795444	  0.796618	  0.797679	  0.798628	  0.799464	  0.800189	  0.800803	  0.801311	  0.801721	  0.802039	  0.802272	  0.802425	  0.802506	  0.802519	  0.802474	  0.802377	  0.802235
   330	     0	         0	         0	         0	         0	         0	         0	         0	         0	         0	         0	         0	         0	         0	         0	         0	         0	0.00160002	0.00320298	0.00493386	0.00683541	 0.0164046	  0.031661	 0.0539639	 0.0827741	  0.115381	   0.15897	  0.214259	   0.29547	  0.348182	  0.384683	  0.417536	  0.456262	  0.503085	  0.538862	   0.56535	  0.595446	  0.625564	  0.651747	  0.677916	  0.700414	  0.720722	  0.737825	  0.752284	  0.764592	  0.770962	  0.775692	  0.779345	  0.782269	  0.784697	  0.786777	  0.788611	   0.79027	  0.791796	  0.793206	  0.794505	  0.795696	  0.796779	  0.797757	  0.798629	  0.799397	  0.800061	  0.800625	  0.801096	   0.80148	  0.801782	  0.802005	  0.802156	   0.80224	  0.802263	  0.802231	   0.80215
   331	     0	         0	         0	         0	         0	         0	         0	         0	         0	         0	         0	         0	         0	         0	         0	         0	         0	0.00158026	0.00316183	0.00486731	0.00673823	 0.0161564	 0.0311545	 0.0530589	 0.0813254	  0.113284	  0.155997	  0.210147	   0.28964	  0.341182	  0.376685	  0.408791	  0.446714	  0.492584	  0.527479	  0.553202	  0.582354	  0.613152	  0.640894	  0.668967	  0.693335	  0.715394	  0.734035	  0.749803	  0.763207	  0.770054	  0.775097	  0.778966	  0.782047	  0.784595	   0.78677	  0.788684	  0.790413	  0.792003	  0.793471	  0.794826	  0.796071	  0.797208	  0.798239	  0.799165	  0.799988	  0.800708	  0.801329	  0.801858	  0.802301	  0.802661	  0.802942	  0.803151	  0.803292	  0.803371	  0.803394	  0.803366
   332	     0	         0	         0	         0	         0	         0	         0	         0	         0	         0	         0	         0	         0	         0	         0	         0	         0	0.00159855	0.00317232	0.00484906	0.00667233	 0.0159293	 0.0306103	 0.0519921	 0.0795294	  0.110631	  0.152277	  0.205209	  0.282986	  0.333626	  0.368552	   0.40037	  0.438049	  0.483576	  0.518228	  0.543908	  0.572921	  0.604802	  0.634058	  0.663685	  0.689439	  0.712674	  0.732253	  0.748747	  0.762705	  0.769652	  0.774713	  0.778561	  0.781603	  0.784103	  0.786229	  0.788094	  0.789777	  0.791324	  0.792753	  0.794069	  0.795274	  0.796369	  0.797353	  0.798228	  0.798994	  0.799651	  0.800203	  0.800658	  0.801022	  0.801298	  0.801494	  0.801614	  0.801664	  0.801653	  0.801585	  0.801469
   333	     0	         0	         0	         0	         0	         0	         0	         0	         0	         0	         0	         0	         0	         0	         0	         0	         0	0.00158114	0.00317454	0.00490054	0.00679981	  0.016321	 0.0314979	 0.0536771	 0.0823091	   0.11469	  0.157922	  0.212678	  0.293047	  0.345098	  0.381059	  0.413536	  0.451871	  0.498279	  0.533711	  0.559952	   0.58973	  0.620285	  0.647256	   0.67436	   0.69771	  0.718785	  0.736576	  0.751632	  0.764453	  0.771039	  0.775919	  0.779684	  0.782696	  0.785194	  0.787331	  0.789212	   0.79091	  0.792468	  0.793901	  0.795216	  0.796416	  0.797502	  0.798476	   0.79934	  0.800096	  0.800746	  0.801295	   0.80175	  0.802118	  0.802406	  0.802616	  0.802758	  0.802836	  0.802857	  0.802828	  0.802755
   334	     0	         0	         0	         0	         0	         0	         0	         0	         0	         0	         0	         0	         0	         0	         0	         0	         0	0.00159369	0.00318608	0.00489944	0.00677492	 0.0162174	 0.0312279	 0.0531187	 0.0813406	  0.113237	  0.155886	  0.210023	  0.289548	  0.341272	  0.377076	  0.409592	  0.448066	  0.494648	  0.530328	  0.556961	  0.587195	  0.618507	   0.64615	  0.673699	  0.697379	  0.718651	  0.736493	  0.751513	  0.764251	  0.770638	  0.775335	  0.778941	  0.781816	  0.784196	  0.786229	  0.788018	  0.789634	  0.791117	  0.792481	  0.793729	  0.794863	  0.795883	  0.796788	  0.797579	  0.798258	  0.798826	  0.799288	  0.799653	  0.799929	  0.800121	  0.800236	  0.800281	  0.800264	  0.800191	  0.800072	  0.799912
   335	     0	         0	         0	         0	         0	         0	         0	         0	         0	         0	         0	         0	         0	         0	         0	         0	         0	 0.0014655	 0.0029522	0.00457404	0.00637156	 0.0153712	  0.029805	 0.0510205	 0.0785799	  0.109967	  0.152187	  0.206122	  0.285798	  0.338394	  0.374994	  0.408524	  0.448021	  0.495632	  0.532128	  0.559428	  0.590237	  0.621666	  0.649123	  0.676439	  0.699743	  0.720611	  0.738138	  0.752911	  0.765457	  0.771756	  0.776397	  0.779962	  0.782806	  0.785161	  0.787175	  0.788949	  0.790552	  0.792025	  0.793383	   0.79463	  0.795766	  0.796793	  0.797708	  0.798512	  0.799205	  0.799787	  0.800262	  0.800637	  0.800917	  0.801107	  0.801212	  0.801238	  0.801191	  0.801078	  0.800906	  0.800682
   336	     0	         0	         0	         0	         0	         0	         0	         0	         0	         0	         0	         0	         0	         0	         0	         0	         0	0.00161248	0.00320774	0.00491277	0.00677042	  0.016176	  0.031099	  0.052833	 0.0808148	  0.112396	  0.154614	  0.208176	  0.286788	  0.337774	  0.372893	  0.404737	  0.442441	  0.488057	  0.522757	   0.54841	  0.577453	  0.608768	  0.637233	  0.666027	  0.691052	  0.713674	  0.732761	  0.748874	  0.762539	  0.769413	  0.774439	   0.77827	  0.781302	  0.783792	  0.785906	  0.787756	  0.789421	  0.790946	   0.79235	  0.793638	  0.794812	  0.795873	  0.796823	  0.797663	  0.798393	  0.799016	  0.799535	  0.799959	  0.800294	  0.800546	   0.80072	  0.800823	  0.800862	  0.800844	  0.800775	  0.800663
   337	     0	         0	         0	         0	         0	         0	         0	         0	         0	         0	         0	         0	         0	         0	         0	         0	         0	0.00160283	0.00321526	0.00495737	0.00686959	 0.0164758	 0.0317674	 0.0541067	 0.0829649	  0.115663	  0.159449	  0.215163	  0.297264	  0.350923	  0.388526	  0.422602	  0.462814	  0.511496	  0.549236	   0.57784	  0.610443	  0.641224	  0.666555	  0.691075	  0.711607	  0.729804	   0.74489	  0.757509	  0.768196	  0.773609	  0.777642	  0.780781	  0.783322	  0.785453	  0.787298	  0.788939	  0.790434	  0.791815	  0.793089	  0.794254	  0.795308	  0.796248	   0.79707	  0.797774	  0.798361	  0.798831	   0.79919	  0.799445	  0.799606	  0.799679	  0.799671	  0.799589	  0.799443	  0.799241	   0.79899	    0.7987
   338	     0	         0	         0	         0	         0	         0	         0	         0	         0	         0	         0	         0	         0	         0	         0	         0	         0	0.00156346	0.00314364	0.00485889	0.00674942	 0.0162159	 0.0313206	  0.053414	 0.0819702	  0.114317	  0.157578	  0.212499	  0.293241	  0.345819	   0.38229	  0.415344	  0.454358	  0.501578	  0.537807	  0.564864	  0.595606	  0.626347	  0.652902	   0.67924	  0.701746	  0.721949	  0.738903	  0.753199	  0.765356	  0.771555	  0.776155	  0.779711	  0.782564	  0.784938	  0.786974	   0.78877	  0.790395	  0.791886	  0.793259	  0.794515	  0.795657	  0.796683	  0.797595	  0.798394	  0.799082	  0.799658	   0.80013	  0.800506	  0.800792	  0.800994	  0.801119	  0.801175	  0.801167	  0.801103	  0.800992	  0.800839
   339	     0	         0	         0	         0	         0	         0	         0	         0	         0	         0	         0	         0	         0	         0	         0	         0	         0	0.00164297	0.00329333	 0.0050766	 0.0070351	 0.0168791	  0.032558	  0.055467	 0.0850483	  0.118526	  0.163237	  0.219927	  0.303211	  0.357245	  0.395046	   0.42892	  0.468802	  0.517088	  0.554398	  0.582405	  0.614384	  0.643992	  0.668224	   0.69185	  0.711774	  0.729597	  0.744478	  0.757017	  0.767706	  0.773401	  0.777717	  0.781118	  0.783894	  0.786237	  0.788271	  0.790082	   0.79173	   0.79325	  0.794654	  0.795943	  0.797118	   0.79818	  0.799129	  0.799966	  0.800692	   0.80131	  0.801823	  0.802242	  0.802572	   0.80282	   0.80299	  0.803091	  0.803128	  0.803109	  0.803041	  0.802929
   340	     0	         0	         0	         0	         0	         0	         0	         0	         0	         0	         0	         0	         0	         0	         0	         0	         0	0.00164297	0.00329333	 0.0050766	 0.0070351	 0.0168791	  0.032558	  0.055467	 0.0850483	  0.118526	  0.163237	  0.219927	  0.303211	  0.357245	  0.395046	   0.42892	  0.468802	  0.517088	  0.554398	  0.582405	  0.614384	  0.643992	  0.668224	   0.69185	  0.711774	  0.729597	  0.744478	  0.757017	  0.767706	  0.773401	  0.777717	  0.781118	  0.783894	  0.786237	  0.788271	  0.790082	   0.79173	   0.79325	  0.794654	  0.795943	  0.797118	   0.79818	  0.799129	  0.799966	  0.800692	   0.80131	  0.801823	  0.802242	  0.802572	   0.80282	   0.80299	  0.803091	  0.803128	  0.803109	  0.803041	  0.802929
   341	     0	         0	         0	         0	         0	         0	         0	         0	         0	         0	         0	         0	         0	         0	         0	         0	         0	0.00164297	0.00329333	 0.0050766	 0.0070351	 0.0168791	  0.032558	  0.055467	 0.0850483	  0.118526	  0.163237	  0.219927	  0.303211	  0.357245	  0.395046	   0.42892	  0.468802	  0.517088	  0.554398	  0.582405	  0.614384	  0.643992	  0.668224	   0.69185	  0.711774	  0.729597	  0.744478	  0.757017	  0.767706	  0.773401	  0.777717	  0.781118	  0.783894	  0.786237	  0.788271	  0.790082	   0.79173	   0.79325	  0.794654	  0.795943	  0.797118	   0.79818	  0.799129	  0.799966	  0.800692	   0.80131	  0.801823	  0.802242	  0.802572	   0.80282	   0.80299	  0.803091	  0.803128	  0.803109	  0.803041	  0.802929
   342	     0	         0	         0	         0	         0	         0	         0	         0	         0	         0	         0	         0	         0	         0	         0	         0	         0	0.00167469	 0.0033438	0.00513578	0.00709318	  0.016969	 0.0326465	 0.0554881	 0.0848993	  0.118088	  0.162355	  0.218404	  0.300609	  0.353703	  0.390618	  0.423637	  0.462623	  0.509879	  0.546188	  0.573242	  0.604109	  0.633912	  0.659169	  0.684139	  0.705483	  0.724697	  0.740809	    0.7544	  0.765963	  0.772014	  0.776531	  0.780037	  0.782853	  0.785196	  0.787204	  0.788974	  0.790574	  0.792044	  0.793397	  0.794638	  0.795768	  0.796789	    0.7977	  0.798502	  0.799198	  0.799787	  0.800274	  0.800669	  0.800976	  0.801203	  0.801353	  0.801435	  0.801455	  0.801419	  0.801335	   0.80121
   343	     0	         0	         0	         0	         0	         0	         0	         0	         0	         0	         0	         0	         0	         0	         0	         0	         0	0.00170811	 0.0033982	0.00520338	0.00716816	 0.0171181	 0.0328871	 0.0558395	 0.0853784	  0.118711	  0.163214	  0.219672	  0.302549	  0.356202	  0.393646	  0.427031	  0.466386	  0.513969	  0.550446	   0.57756	  0.608407	  0.637697	  0.662271	  0.686596	  0.707375	  0.726131	  0.741926	  0.755299	   0.76671	  0.772785	  0.777346	  0.780894	  0.783748	   0.78612	  0.788153	  0.789942	  0.791558	  0.793039	  0.794402	   0.79565	  0.796784	  0.797805	  0.798713	  0.799509	  0.800193	  0.800767	  0.801235	  0.801605	  0.801884	  0.802078	  0.802191	  0.802232	  0.802207	  0.802123	  0.801988	   0.80181
   344	     0	         0	         0	         0	         0	         0	         0	         0	         0	         0	         0	         0	         0	         0	         0	         0	         0	 0.0018118	0.00355456	0.00537516	0.00732172	 0.0173848	 0.0331998	 0.0561063	  0.085458	  0.118462	  0.162548	  0.218501	  0.300539	  0.353372	  0.390137	  0.422757	  0.461408	  0.508256	  0.544096	  0.570622	  0.600839	  0.630428	  0.655853	  0.681172	  0.702934	  0.722585	  0.739094	  0.753002	  0.764787	  0.770879	  0.775348	  0.778745	  0.781414	  0.783584	  0.785406	  0.786985	  0.788395	  0.789682	  0.790862	  0.791937	  0.792907	  0.793772	  0.794527	  0.795174	   0.79571	  0.796136	  0.796455	  0.796675	  0.796802	  0.796841	  0.796799	  0.796682	  0.796499	  0.796256	  0.795964	  0.795629
   345	     0	         0	         0	         0	         0	         0	         0	         0	         0	         0	         0	         0	         0	         0	         0	         0	         0	0.00161812	0.00322172	0.00493609	0.00680335	 0.0162568	 0.0312492	 0.0530887	  0.081223	  0.113014	  0.155578	   0.20972	  0.289383	  0.341266	  0.377231	  0.409853	  0.448458	   0.49514	  0.530806	  0.557351	  0.587403	  0.618497	  0.645991	  0.673496	  0.697176	  0.718494	  0.736435	  0.751565	  0.764401	  0.770858	  0.775589	  0.779196	  0.782049	  0.784387	  0.786367	  0.788095	  0.789646	  0.791064	  0.792363	  0.793548	  0.794618	  0.795574	  0.796415	  0.797141	  0.797754	  0.798252	  0.798643	  0.798934	  0.799131	  0.799242	  0.799272	  0.799229	   0.79912	  0.798955	   0.79874	  0.798484
   346	     0	         0	         0	         0	         0	         0	         0	         0	         0	         0	         0	         0	         0	         0	         0	         0	         0	0.00168949	0.00333583	0.00507435	0.00695024	 0.0165524	 0.0317161	 0.0537474	 0.0820615	  0.113989	  0.156719	  0.211046	  0.290907	   0.34275	  0.378762	   0.41129	  0.449826	  0.496454	  0.532145	  0.558733	  0.588895	  0.619987	  0.647426	  0.674804	  0.698373	  0.719567	  0.737355	   0.75232	  0.764991	  0.771362	  0.776029	  0.779591	  0.782415	  0.784738	  0.786714	  0.788447	  0.790013	  0.791453	  0.792783	  0.794006	  0.795121	  0.796128	  0.797024	  0.797809	  0.798483	  0.799045	  0.799501	  0.799857	   0.80012	  0.800295	  0.800388	  0.800406	  0.800356	  0.800245	  0.800082	  0.799874
   347	     0	         0	         0	         0	         0	         0	         0	         0	         0	         0	         0	         0	         0	         0	         0	         0	         0	0.00153223	 0.0030472	0.00466681	0.00643284	 0.0153877	  0.029617	 0.0503759	 0.0771588	  0.107468	  0.148152	  0.199986	  0.276245	  0.326252	  0.360719	  0.392427	  0.430028	  0.475461	  0.510134	  0.535991	  0.565169	  0.598088	  0.628642	  0.659527	  0.686362	  0.710471	   0.73069	  0.747639	  0.761917	  0.768871	  0.773891	  0.777684	  0.780671	   0.78312	    0.7852	  0.787026	  0.788675	  0.790194	  0.791598	  0.792893	  0.794078	  0.795154	   0.79612	  0.796975	  0.797721	  0.798355	  0.798884	  0.799313	  0.799649	  0.799897	  0.800062	  0.800151	   0.80017	  0.800126	  0.800026	  0.799876
   348	     0	         0	         0	         0	         0	         0	         0	         0	         0	         0	         0	         0	         0	         0	         0	         0	         0	0.00166446	0.00331573	0.00508113	 0.0070029	 0.0167406	 0.0321774	 0.0546668	 0.0836458	  0.116406	  0.160257	  0.216042	  0.298171	  0.351657	  0.389082	  0.422823	  0.462707	  0.511021	  0.548368	  0.576524	  0.608623	  0.639071	  0.664349	  0.688959	  0.709738	  0.728262	   0.74367	  0.756585	  0.767524	  0.773124	  0.777285	  0.780505	   0.78309	  0.785241	  0.787086	  0.788716	  0.790192	  0.791552	  0.792805	   0.79395	  0.794986	  0.795911	  0.796722	  0.797419	  0.798002	  0.798471	  0.798832	  0.799092	   0.79926	  0.799342	  0.799345	  0.799276	  0.799145	   0.79896	  0.798728	   0.79846
   349	     0	         0	         0	         0	         0	         0	         0	         0	         0	         0	         0	         0	         0	         0	         0	         0	         0	0.00159197	0.00318223	0.00489522	0.00677349	 0.0162411	 0.0313216	 0.0533573	 0.0818163	  0.114034	  0.157145	  0.211888	  0.292365	  0.344752	  0.381142	  0.414106	  0.453022	    0.5001	  0.536255	  0.563278	  0.593994	  0.624945	  0.651804	   0.67842	  0.701185	  0.721598	  0.738687	  0.753068	  0.765277	  0.771471	  0.776062	  0.779615	  0.782472	  0.784855	  0.786908	  0.788725	  0.790375	  0.791897	  0.793304	    0.7946	  0.795787	  0.796864	  0.797832	  0.798692	  0.799444	   0.80009	  0.800634	  0.801084	  0.801445	  0.801724	  0.801924	  0.802053	  0.802117	  0.802121	  0.802074	  0.801981
   350	     0	         0	         0	         0	         0	         0	         0	         0	         0	         0	         0	         0	         0	         0	         0	         0	         0	0.00159308	0.00320268	0.00494948	0.00687431	 0.0165186	 0.0319067	 0.0544191	 0.0835196	  0.116485	  0.160542	  0.216426	  0.298571	  0.351997	    0.3893	  0.422987	  0.462704	   0.51082	  0.548038	   0.57608	  0.608091	  0.638534	  0.663853	  0.688543	  0.709389	  0.727981	  0.743466	  0.756479	  0.767544	  0.773284	  0.777604	  0.780997	  0.783762	  0.786096	  0.788124	  0.789932	  0.791579	  0.793101	  0.794507	    0.7958	  0.796982	  0.798051	  0.799008	  0.799854	  0.800591	  0.801221	  0.801748	  0.802181	  0.802527	  0.802791	  0.802979	  0.803099	  0.803155	  0.803157	  0.803109	   0.80302
   351	     0	         0	         0	         0	         0	         0	         0	         0	         0	         0	         0	         0	         0	         0	         0	         0	         0	0.00158815	0.00318028	0.00489802	0.00678244	 0.0162602	  0.031349	 0.0533853	 0.0818305	  0.114017	  0.157064	  0.211713	  0.292041	   0.34433	  0.380655	  0.413608	  0.452544	  0.499682	   0.53593	  0.563095	  0.593987	  0.625158	  0.652193	  0.678943	  0.701792	  0.722248	  0.739357	   0.75374	   0.76594	  0.772099	  0.776662	  0.780192	  0.783033	  0.785406	  0.787451	  0.789265	  0.790915	   0.79244	  0.793851	  0.795151	  0.796341	  0.797421	  0.798389	  0.799247	  0.799995	  0.800635	  0.801171	  0.801612	  0.801963	   0.80223	  0.802419	  0.802537	  0.802591	  0.802587	  0.802532	  0.802434
   352	     0	         0	         0	         0	         0	         0	         0	         0	         0	         0	         0	         0	         0	         0	         0	         0	         0	 0.0018118	0.00355456	0.00537516	0.00732172	 0.0173848	 0.0331998	 0.0561063	  0.085458	  0.118462	  0.162548	  0.218501	  0.300539	  0.353372	  0.390137	  0.422757	  0.461408	  0.508256	  0.544096	  0.570622	  0.600839	  0.630428	  0.655853	  0.681172	  0.702934	  0.722585	  0.739094	  0.753002	  0.764787	  0.770879	  0.775348	  0.778745	  0.781414	  0.783584	  0.785406	  0.786985	  0.788395	  0.789682	  0.790862	  0.791937	  0.792907	  0.793772	  0.794527	  0.795174	   0.79571	  0.796136	  0.796455	  0.796675	  0.796802	  0.796841	  0.796799	  0.796682	  0.796499	  0.796256	  0.795964	  0.795629
   353	     0	         0	         0	         0	         0	         0	         0	         0	         0	         0	         0	         0	         0	         0	         0	         0	         0	0.00162725	0.00326026	0.00502286	0.00695637	 0.0166667	 0.0321131	 0.0546449	 0.0836855	   0.11648	  0.160217	  0.215567	  0.296732	  0.349222	  0.385623	  0.418401	  0.457123	  0.504064	  0.540105	  0.566985	   0.59762	  0.628033	  0.654219	  0.680174	  0.702389	  0.722359	  0.739109	  0.753235	  0.765253	  0.771442	  0.776051	  0.779629	  0.782509	  0.784912	  0.786977	  0.788802	  0.790455	  0.791974	  0.793374	  0.794657	  0.795828	  0.796885	   0.79783	  0.798666	  0.799393	  0.800013	  0.800532	  0.800957	  0.801296	  0.801555	  0.801738	  0.801854	  0.801907	  0.801906	  0.801858	  0.801767
   354	     0	         0	         0	         0	         0	         0	         0	         0	         0	         0	         0	         0	         0	         0	         0	         0	         0	0.00161248	0.00320774	0.00491277	0.00677042	  0.016176	  0.031099	  0.052833	 0.0808148	  0.112396	  0.154614	  0.208176	  0.286788	  0.337774	  0.372893	  0.404737	  0.442441	  0.488057	  0.522757	   0.54841	  0.577453	  0.608768	  0.637233	  0.666027	  0.691052	  0.713674	  0.732761	  0.748874	  0.762539	  0.769413	  0.774439	   0.77827	  0.781302	  0.783792	  0.785906	  0.787756	  0.789421	  0.790946	   0.79235	  0.793638	  0.794812	  0.795873	  0.796823	  0.797663	  0.798393	  0.799016	  0.799535	  0.799959	  0.800294	  0.800546	   0.80072	  0.800823	  0.800862	  0.800844	  0.800775	  0.800663
   355	     0	         0	         0	         0	         0	         0	         0	         0	         0	         0	         0	         0	         0	         0	         0	         0	         0	0.00176762	0.00350262	0.00534369	 0.0073363	 0.0174753	 0.0334924	 0.0567466	 0.0865927	  0.120173	  0.164896	  0.221463	  0.304256	  0.357484	  0.394571	  0.427411	  0.466186	  0.513175	   0.54922	   0.57595	  0.606463	  0.635705	  0.660461	  0.685025	  0.706097	  0.725144	   0.74117	  0.754727	  0.766286	  0.772458	  0.777097	  0.780715	  0.783635	  0.786072	  0.788169	  0.790022	  0.791702	   0.79325	  0.794679	  0.795997	  0.797204	  0.798302	  0.799291	  0.800174	   0.80095	  0.801621	  0.802191	  0.802669	  0.803059	  0.803367	  0.803597	  0.803758	  0.803853	  0.803891	  0.803877	  0.803818
   356	     0	         0	         0	         0	         0	         0	         0	         0	         0	         0	         0	         0	         0	         0	         0	         0	         0	0.00157112	0.00316377	0.00489738	0.00681276	 0.0163977	 0.0317192	  0.054168	 0.0832228	   0.11617	  0.160216	  0.216085	  0.298235	  0.351672	  0.388934	  0.422573	  0.462187	  0.510149	  0.547178	  0.574973	  0.606669	  0.636966	  0.662319	   0.68717	    0.7082	  0.726998	  0.742699	  0.755919	  0.767176	  0.773045	  0.777465	  0.780934	   0.78376	  0.786144	  0.788215	   0.79006	  0.791741	  0.793294	  0.794731	  0.796056	   0.79727	  0.798374	  0.799369	  0.800257	  0.801038	  0.801715	  0.802292	  0.802776	  0.803174	  0.803491	  0.803732	  0.803903	  0.804009	  0.804057	  0.804053	  0.804003
   357	     0	         0	         0	         0	         0	         0	         0	         0	         0	         0	         0	         0	         0	         0	         0	         0	         0	0.00163126	0.00326003	 0.0050112	0.00692676	 0.0165942	 0.0319628	 0.0543993	 0.0833589	   0.11614	  0.160009	  0.215767	   0.29783	  0.351284	  0.388681	  0.422441	  0.462273	  0.510479	  0.547721	  0.575758	  0.607692	  0.638171	  0.663591	  0.688412	  0.709372	  0.728065	  0.743651	  0.756748	  0.767876	  0.773617	   0.77792	  0.781284	  0.784012	  0.786308	  0.788297	   0.79007	  0.791687	  0.793183	  0.794569	  0.795845	  0.797009	  0.798061	  0.798998	   0.79982	  0.800529	  0.801125	  0.801614	  0.802004	  0.802302	  0.802514	  0.802646	  0.802706	  0.802702	   0.80264	  0.802529	  0.802375
   358	     0	         0	         0	         0	         0	         0	         0	         0	         0	         0	         0	         0	         0	         0	         0	         0	         0	0.00168902	0.00335449	0.00512912	0.00705713	 0.0168256	 0.0322906	 0.0547658	  0.083641	  0.116158	  0.159505	  0.214345	  0.294669	  0.346483	  0.382385	  0.414654	  0.452826	  0.499069	  0.534461	  0.560767	  0.590706	  0.621391	  0.648383	  0.675331	  0.698551	  0.719471	  0.737048	  0.751872	   0.76447	  0.770896	  0.775656	  0.779332	  0.782281	  0.784734	  0.786841	  0.788702	  0.790388	   0.79194	  0.793374	  0.794694	  0.795902	  0.796999	  0.797986	  0.798865	  0.799635	  0.800299	  0.800862	  0.801331	  0.801712	  0.802012	  0.802234	  0.802386	  0.802474	  0.802503	  0.802482	  0.802416
   359	     0	         0	         0	         0	         0	         0	         0	         0	         0	         0	         0	         0	         0	         0	         0	         0	         0	 0.0015867	0.00318347	0.00491133	0.00681155	 0.0163518	 0.0315616	 0.0538029	 0.0825521	  0.115135	  0.158754	  0.214215	  0.295856	   0.34919	  0.386481	  0.420291	  0.460173	   0.50843	   0.54573	  0.573895	  0.605965	  0.636771	  0.662491	  0.687547	  0.708674	  0.727482	  0.743143	  0.756295	  0.767469	  0.773172	   0.77744	  0.780777	  0.783486	  0.785766	  0.787743	  0.789503	  0.791106	  0.792586	  0.793954	  0.795207	  0.796348	  0.797373	  0.798282	  0.799075	  0.799753	  0.800319	  0.800778	  0.801138	  0.801408	  0.801593	  0.801701	   0.80174	  0.801718	  0.801641	  0.801519	  0.801358
   360	     0	         0	         0	         0	         0	         0	         0	         0	         0	         0	         0	         0	         0	         0	         0	         0	         0	0.00156229	0.00314011	0.00485411	0.00674613	 0.0162402	 0.0314218	  0.053681	 0.0825229	  0.115283	  0.159205	  0.215131	  0.297578	  0.351547	  0.389312	  0.423469	  0.463666	   0.51224	  0.549752	  0.577984	  0.610108	  0.640324	   0.66528	  0.689624	  0.710147	  0.728473	  0.743766	  0.756635	  0.767584	   0.77329	  0.777576	  0.780927	  0.783643	  0.785921	  0.787889	  0.789634	  0.791219	  0.792678	  0.794023	  0.795256	   0.79638	  0.797392	  0.798293	  0.799083	  0.799762	  0.800333	  0.800798	  0.801168	  0.801446	  0.801641	  0.801756	  0.801799	  0.801777	  0.801697	  0.801566	  0.801392
   361	     0	         0	         0	         0	         0	         0	         0	         0	         0	         0	         0	         0	         0	         0	         0	         0	         0	0.00162064	0.00325239	0.00501901	0.00696243	 0.0167184	 0.0322726	 0.0550144	  0.084402	  0.117687	  0.162187	  0.218687	  0.301755	  0.355853	  0.393716	  0.427779	  0.467909	  0.516496	  0.554099	  0.582451	  0.614846	  0.644776	  0.669152	  0.692774	  0.712642	  0.730363	  0.745103	  0.757486	  0.768018	   0.77357	  0.777767	  0.781071	  0.783767	  0.786043	  0.788022	  0.789786	  0.791395	  0.792882	  0.794258	  0.795523	  0.796677	  0.797719	  0.798649	  0.799466	  0.800173	  0.800771	  0.801264	  0.801661	  0.801969	  0.802195	  0.802344	  0.802424	  0.802441	  0.802405	  0.802321	  0.802197
   362	     0	         0	         0	         0	         0	         0	         0	         0	         0	         0	         0	         0	         0	         0	         0	         0	         0	0.00156823	0.00313439	0.00482074	0.00666897	 0.0159806	 0.0308062	 0.0524569	 0.0804033	  0.112021	  0.154327	  0.208034	  0.286938	  0.338341	  0.373912	  0.406304	  0.444599	  0.490926	   0.52642	  0.552913	  0.582975	  0.614695	  0.643017	  0.671317	  0.695674	  0.717528	  0.735841	  0.751236	  0.764276	  0.770783	   0.77557	  0.779256	  0.782212	  0.784676	  0.786799	  0.788683	  0.790398	  0.791985	  0.793459	  0.794823	  0.796079	  0.797228	  0.798268	  0.799202	   0.80003	  0.800752	  0.801372	  0.801899	  0.802338	  0.802693	  0.802969	  0.803173	   0.80331	  0.803386	  0.803407	   0.80338
   363	     0	         0	         0	         0	         0	         0	         0	         0	         0	         0	         0	         0	         0	         0	         0	         0	         0	0.00161812	0.00322172	0.00493609	0.00680335	 0.0162568	 0.0312492	 0.0530887	  0.081223	  0.113014	  0.155578	   0.20972	  0.289383	  0.341266	  0.377231	  0.409853	  0.448458	   0.49514	  0.530806	  0.557351	  0.587403	  0.618497	  0.645991	  0.673496	  0.697176	  0.718494	  0.736435	  0.751565	  0.764401	  0.770858	  0.775589	  0.779196	  0.782049	  0.784387	  0.786367	  0.788095	  0.789646	  0.791064	  0.792363	  0.793548	  0.794618	  0.795574	  0.796415	  0.797141	  0.797754	  0.798252	  0.798643	  0.798934	  0.799131	  0.799242	  0.799272	  0.799229	   0.79912	  0.798955	   0.79874	  0.798484
   364	     0	         0	         0	         0	         0	         0	         0	         0	         0	         0	         0	         0	         0	         0	         0	         0	         0	0.00159648	0.00320286	0.00493879	0.00684434	  0.016418	 0.0316584	 0.0539225	 0.0826789	  0.115253	  0.158867	   0.21434	   0.29605	  0.349405	  0.386731	  0.420591	  0.460591	  0.509063	  0.546649	  0.575144	  0.607651	   0.63864	  0.664335	  0.689237	  0.710161	  0.728722	  0.744101	  0.756955	  0.767831	  0.773318	  0.777397	  0.780567	  0.783129	  0.785274	  0.787126	   0.78877	  0.790263	  0.791639	  0.792906	  0.794063	  0.795109	  0.796041	  0.796857	  0.797557	  0.798143	  0.798615	  0.798978	  0.799243	  0.799415	  0.799502	  0.799512	  0.799451	  0.799329	  0.799154	  0.798934	  0.798677
   365	     0	         0	         0	         0	         0	         0	         0	         0	         0	         0	         0	         0	         0	         0	         0	         0	         0	 0.0016049	0.00321981	0.00496582	0.00688386	 0.0165343	 0.0319141	 0.0544193	 0.0835348	  0.116575	  0.160854	  0.217223	  0.300374	   0.35475	  0.393043	  0.427686	  0.468506	  0.517931	  0.556466	  0.585836	  0.619396	  0.649961	    0.6744	   0.69779	  0.717177	  0.734267	  0.748355	  0.760103	  0.770043	  0.775178	  0.779049	    0.7821	  0.784598	  0.786717	  0.788569	  0.790228	  0.791748	  0.793158	  0.794465	  0.795666	  0.796757	  0.797737	  0.798601	   0.79935	  0.799983	  0.800502	  0.800911	   0.80122	  0.801436	  0.801564	  0.801613	   0.80159	  0.801502	  0.801357	  0.801165	  0.800932
   366	     0	         0	         0	         0	         0	         0	         0	         0	         0	         0	         0	         0	         0	         0	         0	         0	         0	0.00163805	0.00326734	0.00501283	  0.006916	 0.0165331	 0.0317848	 0.0539989	 0.0826057	  0.114909	  0.158091	  0.212921	  0.293513	  0.345797	  0.382013	  0.414685	  0.453324	  0.500095	  0.535826	  0.562354	  0.592449	  0.622985	  0.649708	  0.676432	  0.699399	  0.720096	  0.737529	   0.75225	  0.764754	  0.771122	  0.775808	  0.779395	   0.78224	  0.784579	  0.786565	  0.788303	  0.789866	  0.791299	  0.792614	  0.793815	  0.794902	  0.795875	  0.796732	  0.797475	  0.798104	   0.79862	  0.799029	  0.799339	  0.799558	  0.799691	  0.799745	  0.799729	  0.799649	  0.799515	  0.799334	  0.799113
   367	     0	         0	         0	         0	         0	         0	         0	         0	         0	         0	         0	         0	         0	         0	         0	         0	         0	0.00164297	0.00329333	 0.0050766	 0.0070351	 0.0168791	  0.032558	  0.055467	 0.0850483	  0.118526	  0.163237	  0.219927	  0.303211	  0.357245	  0.395046	   0.42892	  0.468802	  0.517088	  0.554398	  0.582405	  0.614384	  0.643992	  0.668224	   0.69185	  0.711774	  0.729597	  0.744478	  0.757017	  0.767706	  0.773401	  0.777717	  0.781118	  0.783894	  0.786237	  0.788271	  0.790082	   0.79173	   0.79325	  0.794654	  0.795943	  0.797118	   0.79818	  0.799129	  0.799966	  0.800692	   0.80131	  0.801823	  0.802242	  0.802572	   0.80282	   0.80299	  0.803091	  0.803128	  0.803109	  0.803041	  0.802929
   368	     0	         0	         0	         0	         0	         0	         0	         0	         0	         0	         0	         0	         0	         0	         0	         0	         0	0.00156768	0.00313075	0.00481107	0.00665007	  0.015933	 0.0307016	 0.0522664	 0.0801027	  0.111607	   0.15381	  0.207477	  0.286424	  0.337888	  0.373438	  0.405784	   0.44404	  0.490293	  0.525587	  0.551796	  0.581455	  0.612877	  0.641097	  0.669487	  0.694011	  0.716101	  0.734694	  0.750362	  0.763637	  0.770283	  0.775138	  0.778837	  0.781764	  0.784167	  0.786207	  0.787994	  0.789602	  0.791076	  0.792433	  0.793676	  0.794808	  0.795829	  0.796738	  0.797536	  0.798224	  0.798803	  0.799275	  0.799651	  0.799934	  0.800132	  0.800249	  0.800292	  0.800269	  0.800185	  0.800048	  0.799866
   369	     0	         0	         0	         0	         0	         0	         0	         0	         0	         0	         0	         0	         0	         0	         0	         0	         0	0.00157112	0.00316377	0.00489738	0.00681276	 0.0163977	 0.0317192	  0.054168	 0.0832228	   0.11617	  0.160216	  0.216085	  0.298235	  0.351672	  0.388934	  0.422573	  0.462187	  0.510149	  0.547178	  0.574973	  0.606669	  0.636966	  0.662319	   0.68717	    0.7082	  0.726998	  0.742699	  0.755919	  0.767176	  0.773045	  0.777465	  0.780934	   0.78376	  0.786144	  0.788215	   0.79006	  0.791741	  0.793294	  0.794731	  0.796056	   0.79727	  0.798374	  0.799369	  0.800257	  0.801038	  0.801715	  0.802292	  0.802776	  0.803174	  0.803491	  0.803732	  0.803903	  0.804009	  0.804057	  0.804053	  0.804003
   370	     0	         0	         0	         0	         0	         0	         0	         0	         0	         0	         0	         0	         0	         0	         0	         0	         0	 0.0016408	 0.0032649	0.00500125	 0.0068934	 0.0164791	 0.0316915	 0.0538624	 0.0824313	  0.114712	  0.157891	  0.212744	  0.293365	  0.345753	  0.382138	  0.414966	  0.453741	  0.500608	  0.536442	  0.563068	   0.59326	  0.623821	  0.650524	  0.677184	  0.700112	  0.720781	  0.738191	  0.752903	  0.765419	  0.771847	  0.776613	  0.780291	  0.783235	  0.785677	  0.787769	  0.789614	  0.791283	  0.792819	  0.794237	  0.795541	  0.796733	  0.797813	  0.798781	  0.799637	  0.800382	  0.801018	  0.801548	  0.801981	  0.802322	  0.802578	  0.802753	  0.802856	  0.802891	  0.802866	  0.802789	  0.802666
   371	     0	         0	         0	         0	         0	         0	         0	         0	         0	         0	         0	         0	         0	         0	         0	         0	         0	0.00156506	0.00314492	0.00485867	0.00674677	 0.0162044	 0.0312923	 0.0533554	 0.0818624	  0.114137	   0.15728	  0.212006	  0.292399	  0.344673	  0.380867	  0.413663	  0.452381	  0.499246	  0.535141	  0.561879	  0.592249	  0.623047	   0.64993	  0.676712	  0.699685	  0.720346	   0.73771	  0.752364	  0.764828	  0.771185	  0.775898	   0.77954	  0.782462	  0.784892	  0.786977	  0.788816	   0.79048	  0.792009	  0.793417	  0.794708	  0.795884	  0.796947	  0.797897	  0.798735	  0.799464	  0.800084	  0.800601	  0.801023	  0.801356	  0.801607	  0.801781	  0.801884	  0.801924	  0.801906	  0.801839	  0.801729
   372	     0	         0	         0	         0	         0	         0	         0	         0	         0	         0	         0	         0	         0	         0	         0	         0	         0	0.00163841	0.00326305	0.00500157	0.00689695	  0.016502	 0.0317496	 0.0539845	 0.0826527	  0.115068	  0.158462	  0.213642	  0.294839	  0.347641	  0.384346	  0.417423	  0.456491	  0.503737	  0.539912	   0.56683	  0.597379	  0.627708	  0.653875	  0.679904	    0.7022	  0.722271	  0.739147	  0.753388	  0.765486	  0.771692	  0.776275	  0.779793	   0.78259	  0.784893	   0.78685	  0.788565	  0.790108	  0.791523	  0.792823	  0.794012	   0.79509	  0.796058	  0.796914	  0.797658	  0.798291	  0.798813	  0.799229	  0.799546	  0.799771	   0.79991	  0.799969	  0.799955	  0.799875	  0.799737	   0.79955	   0.79932
   373	     0	         0	         0	         0	         0	         0	         0	         0	         0	         0	         0	         0	         0	         0	         0	         0	         0	0.00164297	0.00329333	 0.0050766	 0.0070351	 0.0168791	  0.032558	  0.055467	 0.0850483	  0.118526	  0.163237	  0.219927	  0.303211	  0.357245	  0.395046	   0.42892	  0.468802	  0.517088	  0.554398	  0.582405	  0.614384	  0.643992	  0.668224	   0.69185	  0.711774	  0.729597	  0.744478	  0.757017	  0.767706	  0.773401	  0.777717	  0.781118	  0.783894	  0.786237	  0.788271	  0.790082	   0.79173	   0.79325	  0.794654	  0.795943	  0.797118	   0.79818	  0.799129	  0.799966	  0.800692	   0.80131	  0.801823	  0.802242	  0.802572	   0.80282	   0.80299	  0.803091	  0.803128	  0.803109	  0.803041	  0.802929
   374	     0	         0	         0	         0	         0	         0	         0	         0	         0	         0	         0	         0	         0	         0	         0	         0	         0	0.00164297	0.00329333	 0.0050766	 0.0070351	 0.0168791	  0.032558	  0.055467	 0.0850483	  0.118526	  0.163237	  0.219927	  0.303211	  0.357245	  0.395046	   0.42892	  0.468802	  0.517088	  0.554398	  0.582405	  0.614384	  0.643992	  0.668224	   0.69185	  0.711774	  0.729597	  0.744478	  0.757017	  0.767706	  0.773401	  0.777717	  0.781118	  0.783894	  0.786237	  0.788271	  0.790082	   0.79173	   0.79325	  0.794654	  0.795943	  0.797118	   0.79818	  0.799129	  0.799966	  0.800692	   0.80131	  0.801823	  0.802242	  0.802572	   0.80282	   0.80299	  0.803091	  0.803128	  0.803109	  0.803041	  0.802929
   375	     0	         0	         0	         0	         0	         0	         0	         0	         0	         0	         0	         0	         0	         0	         0	         0	         0	0.00170811	 0.0033982	0.00520338	0.00716816	 0.0171181	 0.0328871	 0.0558395	 0.0853784	  0.118711	  0.163214	  0.219672	  0.302549	  0.356202	  0.393646	  0.427031	  0.466386	  0.513969	  0.550446	   0.57756	  0.608407	  0.637697	  0.662271	  0.686596	  0.707375	  0.726131	  0.741926	  0.755299	   0.76671	  0.772785	  0.777346	  0.780894	  0.783748	   0.78612	  0.788153	  0.789942	  0.791558	  0.793039	  0.794402	   0.79565	  0.796784	  0.797805	  0.798713	  0.799509	  0.800193	  0.800767	  0.801235	  0.801605	  0.801884	  0.802078	  0.802191	  0.802232	  0.802207	  0.802123	  0.801988	   0.80181
   376	     0	         0	         0	         0	         0	         0	         0	         0	         0	         0	         0	         0	         0	         0	         0	         0	         0	 0.0015867	0.00318347	0.00491133	0.00681155	 0.0163518	 0.0315616	 0.0538029	 0.0825521	  0.115135	  0.158754	  0.214215	  0.295856	   0.34919	  0.386481	  0.420291	  0.460173	   0.50843	   0.54573	  0.573895	  0.605965	  0.636771	  0.662491	  0.687547	  0.708674	  0.727482	  0.743143	  0.756295	  0.767469	  0.773172	   0.77744	  0.780777	  0.783486	  0.785766	  0.787743	  0.789503	  0.791106	  0.792586	  0.793954	  0.795207	  0.796348	  0.797373	  0.798282	  0.799075	  0.799753	  0.800319	  0.800778	  0.801138	  0.801408	  0.801593	  0.801701	   0.80174	  0.801718	  0.801641	  0.801519	  0.801358
   377	     0	         0	         0	         0	         0	         0	         0	         0	         0	         0	         0	         0	         0	         0	         0	         0	         0	0.00160325	0.00321675	0.00496135	0.00687755	 0.0165035	 0.0318327	 0.0542312	 0.0831574	  0.115904	  0.159694	  0.215289	  0.297063	  0.350231	  0.387237	  0.420632	  0.460039	  0.507761	  0.544492	  0.571988	  0.603292	  0.633634	  0.659311	  0.684609	  0.706106	  0.725361	  0.741476	  0.755043	  0.766571	  0.772512	  0.776934	  0.780363	  0.783121	  0.785418	  0.787393	  0.789138	   0.79072	  0.792176	  0.793518	  0.794748	  0.795867	  0.796874	  0.797767	  0.798548	  0.799218	  0.799776	  0.800229	  0.800585	   0.80085	  0.801031	  0.801133	  0.801165	  0.801131	  0.801042	  0.800903	  0.800722
   378	     0	         0	         0	         0	         0	         0	         0	         0	         0	         0	         0	         0	         0	         0	         0	         0	         0	  0.001588	0.00318638	0.00491534	0.00681531	  0.016348	 0.0315311	 0.0537102	 0.0823401	   0.11473	  0.158006	  0.212879	  0.293488	  0.345846	  0.382188	  0.415105	  0.453986	  0.501081	  0.537269	  0.564335	  0.595118	  0.626024	  0.652773	  0.679278	  0.701917	  0.722209	  0.739214	   0.75354	  0.765716	  0.771913	  0.776519	  0.780091	  0.782969	  0.785375	  0.787447	  0.789284	  0.790951	  0.792488	  0.793907	   0.79521	  0.796399	  0.797475	  0.798436	  0.799286	  0.800025	  0.800655	  0.801181	  0.801612	  0.801954	  0.802214	  0.802397	   0.80251	   0.80256	  0.802554	  0.802499	  0.802401
   379	     0	         0	         0	         0	         0	         0	         0	         0	         0	         0	         0	         0	         0	         0	         0	         0	         0	0.00161812	0.00322172	0.00493609	0.00680335	 0.0162568	 0.0312492	 0.0530887	  0.081223	  0.113014	  0.155578	   0.20972	  0.289383	  0.341266	  0.377231	  0.409853	  0.448458	   0.49514	  0.530806	  0.557351	  0.587403	  0.618497	  0.645991	  0.673496	  0.697176	  0.718494	  0.736435	  0.751565	  0.764401	  0.770858	  0.775589	  0.779196	  0.782049	  0.784387	  0.786367	  0.788095	  0.789646	  0.791064	  0.792363	  0.793548	  0.794618	  0.795574	  0.796415	  0.797141	  0.797754	  0.798252	  0.798643	  0.798934	  0.799131	  0.799242	  0.799272	  0.799229	   0.79912	  0.798955	   0.79874	  0.798484
   380	     0	         0	         0	         0	         0	         0	         0	         0	         0	         0	         0	         0	         0	         0	         0	         0	         0	 0.0015867	0.00318347	0.00491133	0.00681155	 0.0163518	 0.0315616	 0.0538029	 0.0825521	  0.115135	  0.158754	  0.214215	  0.295856	   0.34919	  0.386481	  0.420291	  0.460173	   0.50843	   0.54573	  0.573895	  0.605965	  0.636771	  0.662491	  0.687547	  0.708674	  0.727482	  0.743143	  0.756295	  0.767469	  0.773172	   0.77744	  0.780777	  0.783486	  0.785766	  0.787743	  0.789503	  0.791106	  0.792586	  0.793954	  0.795207	  0.796348	  0.797373	  0.798282	  0.799075	  0.799753	  0.800319	  0.800778	  0.801138	  0.801408	  0.801593	  0.801701	   0.80174	  0.801718	  0.801641	  0.801519	  0.801358
   381	     0	         0	         0	         0	         0	         0	         0	         0	         0	         0	         0	         0	         0	         0	         0	         0	         0	0.00156195	0.00313271	0.00483132	 0.0066983	 0.0160806	 0.0310371	 0.0529123	 0.0811928	   0.11325	   0.15619	  0.210792	  0.291185	  0.343689	  0.380248	  0.413516	    0.4528	  0.500331	  0.536957	  0.564493	  0.595778	  0.627115	  0.654116	  0.680737	  0.703377	  0.723586	  0.740462	  0.754636	  0.766653	  0.772701	  0.777183	  0.780657	  0.783457	    0.7858	  0.787822	  0.789618	  0.791252	  0.792762	  0.794159	  0.795444	  0.796618	  0.797679	  0.798628	  0.799464	  0.800189	  0.800803	  0.801311	  0.801721	  0.802039	  0.802272	  0.802425	  0.802506	  0.802519	  0.802474	  0.802377	  0.802235
   382	     0	         0	         0	         0	         0	         0	         0	         0	         0	         0	         0	         0	         0	         0	         0	         0	         0	0.00162193	0.00324672	0.00499971	0.00692357	 0.0166163	 0.0320617	 0.0546476	 0.0838415	  0.116924	  0.161198	  0.217447	  0.300224	   0.35415	  0.391949	  0.425993	  0.466091	  0.514612	  0.552214	  0.580584	  0.612981	  0.643183	  0.667941	  0.691959	  0.712149	  0.730122	  0.745049	  0.757567	  0.768197	  0.773754	  0.777945	  0.781241	  0.783932	  0.786208	  0.788189	  0.789959	  0.791575	  0.793071	  0.794458	  0.795737	  0.796909	  0.797972	  0.798925	   0.79977	  0.800506	  0.801135	  0.801661	  0.802091	  0.802431	  0.802687	  0.802864	  0.802969	  0.803006	  0.802984	  0.802908	  0.802785
   383	     0	         0	         0	         0	         0	         0	         0	         0	         0	         0	         0	         0	         0	         0	         0	         0	         0	0.00164297	0.00329333	 0.0050766	 0.0070351	 0.0168791	  0.032558	  0.055467	 0.0850483	  0.118526	  0.163237	  0.219927	  0.303211	  0.357245	  0.395046	   0.42892	  0.468802	  0.517088	  0.554398	  0.582405	  0.614384	  0.643992	  0.668224	   0.69185	  0.711774	  0.729597	  0.744478	  0.757017	  0.767706	  0.773401	  0.777717	  0.781118	  0.783894	  0.786237	  0.788271	  0.790082	   0.79173	   0.79325	  0.794654	  0.795943	  0.797118	   0.79818	  0.799129	  0.799966	  0.800692	   0.80131	  0.801823	  0.802242	  0.802572	   0.80282	   0.80299	  0.803091	  0.803128	  0.803109	  0.803041	  0.802929
   384	     0	         0	         0	         0	         0	         0	         0	         0	         0	         0	         0	         0	         0	         0	         0	         0	         0	0.00161917	0.00323487	 0.0049737	 0.0068788	 0.0164944	 0.0318031	 0.0541693	 0.0830502	  0.115737	  0.159465	  0.214998	  0.296643	  0.349644	  0.386384	  0.419378	  0.458264	  0.505253	  0.541097	  0.567562	  0.597586	  0.627322	  0.653069	   0.67886	  0.701047	  0.721118	   0.73807	  0.752429	  0.764667	  0.771059	  0.775805	  0.779461	  0.782377	  0.784783	  0.786832	  0.788628	  0.790244	  0.791723	  0.793082	  0.794327	   0.79546	  0.796483	  0.797395	  0.798198	  0.798893	   0.79948	  0.799964	  0.800352	  0.800649	  0.800861	  0.800993	  0.801051	  0.801042	  0.800972	  0.800847	  0.800676
   385	     0	         0	         0	         0	         0	         0	         0	         0	         0	         0	         0	         0	         0	         0	         0	         0	         0	0.00159816	0.00318917	0.00489895	0.00677041	 0.0162216	 0.0312625	 0.0532238	 0.0815632	  0.113614	  0.156485	    0.2109	   0.29084	  0.342784	  0.378735	  0.411259	  0.449671	  0.496123	  0.531628	  0.557986	  0.587897	  0.618798	  0.646152	  0.673548	  0.697176	  0.718474	  0.736391	  0.751508	  0.764348	  0.770883	  0.775709	  0.779426	  0.782398	  0.784865	  0.786979	  0.788845	  0.790536	  0.792093	  0.793534	  0.794864	  0.796086	  0.797201	  0.798209	  0.799111	  0.799909	  0.800603	  0.801197	  0.801698	  0.802112	  0.802444	  0.802697	  0.802879	  0.802995	   0.80305	  0.803052	  0.803005
   386	     0	         0	         0	         0	         0	         0	         0	         0	         0	         0	         0	         0	         0	         0	         0	         0	         0	0.00156823	0.00313439	0.00482074	0.00666897	 0.0159806	 0.0308062	 0.0524569	 0.0804033	  0.112021	  0.154327	  0.208034	  0.286938	  0.338341	  0.373912	  0.406304	  0.444599	  0.490926	   0.52642	  0.552913	  0.582975	  0.614695	  0.643017	  0.671317	  0.695674	  0.717528	  0.735841	  0.751236	  0.764276	  0.770783	   0.77557	  0.779256	  0.782212	  0.784676	  0.786799	  0.788683	  0.790398	  0.791985	  0.793459	  0.794823	  0.796079	  0.797228	  0.798268	  0.799202	   0.80003	  0.800752	  0.801372	  0.801899	  0.802338	  0.802693	  0.802969	  0.803173	   0.80331	  0.803386	  0.803407	   0.80338
   387	     0	         0	         0	         0	         0	         0	         0	         0	         0	         0	         0	         0	         0	         0	         0	         0	         0	0.00154209	 0.0030927	0.00476986	0.00661403	  0.015881	 0.0306609	 0.0522855	 0.0802557	  0.111982	  0.154525	   0.20869	    0.2885	  0.340803	  0.377255	  0.410574	  0.449944	  0.497576	  0.534353	  0.562141	  0.593701	  0.625599	  0.653126	   0.68016	   0.70307	   0.72343	  0.740366	   0.75454	  0.766525	  0.772432	  0.776785	  0.780148	  0.782854	  0.785118	  0.787074	  0.788812	  0.790396	   0.79186	  0.793215	  0.794461	  0.795596	  0.796618	  0.797525	  0.798318	  0.798997	  0.799563	  0.800021	   0.80038	  0.800647	  0.800829	  0.800931	  0.800961	  0.800927	  0.800837	  0.800699	  0.800519
   388	     0	         0	         0	         0	         0	         0	         0	         0	         0	         0	         0	         0	         0	         0	         0	         0	         0	0.00164297	0.00329333	 0.0050766	 0.0070351	 0.0168791	  0.032558	  0.055467	 0.0850483	  0.118526	  0.163237	  0.219927	  0.303211	  0.357245	  0.395046	   0.42892	  0.468802	  0.517088	  0.554398	  0.582405	  0.614384	  0.643992	  0.668224	   0.69185	  0.711774	  0.729597	  0.744478	  0.757017	  0.767706	  0.773401	  0.777717	  0.781118	  0.783894	  0.786237	  0.788271	  0.790082	   0.79173	   0.79325	  0.794654	  0.795943	  0.797118	   0.79818	  0.799129	  0.799966	  0.800692	   0.80131	  0.801823	  0.802242	  0.802572	   0.80282	   0.80299	  0.803091	  0.803128	  0.803109	  0.803041	  0.802929
   389	     0	         0	         0	         0	         0	         0	         0	         0	         0	         0	         0	         0	         0	         0	         0	         0	         0	0.00175611	 0.0034838	0.00531927	0.00730732	 0.0174067	 0.0333628	 0.0565315	 0.0862812	  0.119779	  0.164434	  0.220998	  0.303915	  0.357365	  0.394644	  0.427753	  0.466848	  0.514202	  0.550541	  0.577566	  0.608376	  0.637682	  0.662279	  0.686604	   0.70736	  0.726069	  0.741793	  0.755079	  0.766395	  0.772379	  0.776855	  0.780329	  0.783116	  0.785429	  0.787407	  0.789148	  0.790721	  0.792164	  0.793492	  0.794707	  0.795809	  0.796798	  0.797672	  0.798433	  0.799081	  0.799618	  0.800048	  0.800381	  0.800622	   0.80078	  0.800859	  0.800869	  0.800816	  0.800708	  0.800554	   0.80036
   390	     0	         0	         0	         0	         0	         0	         0	         0	         0	         0	         0	         0	         0	         0	         0	         0	         0	0.00163841	0.00326305	0.00500157	0.00689695	  0.016502	 0.0317496	 0.0539845	 0.0826527	  0.115068	  0.158462	  0.213642	  0.294839	  0.347641	  0.384346	  0.417423	  0.456491	  0.503737	  0.539912	   0.56683	  0.597379	  0.627708	  0.653875	  0.679904	    0.7022	  0.722271	  0.739147	  0.753388	  0.765486	  0.771692	  0.776275	  0.779793	   0.78259	  0.784893	   0.78685	  0.788565	  0.790108	  0.791523	  0.792823	  0.794012	   0.79509	  0.796058	  0.796914	  0.797658	  0.798291	  0.798813	  0.799229	  0.799546	  0.799771	   0.79991	  0.799969	  0.799955	  0.799875	  0.799737	   0.79955	   0.79932
   391	     0	         0	         0	         0	         0	         0	         0	         0	         0	         0	         0	         0	         0	         0	         0	         0	         0	0.00153994	0.00309375	0.00477896	 0.0066356	 0.0159367	  0.030778	 0.0524827	 0.0805279	   0.11228	  0.154741	  0.208602	  0.287711	  0.339192	  0.374742	  0.407108	  0.445364	  0.491676	  0.527121	  0.553527	  0.583487	  0.614965	  0.643044	  0.671167	    0.6954	  0.717188	  0.735487	    0.7509	  0.763973	  0.770537	  0.775366	  0.779077	  0.782041	  0.784498	  0.786603	  0.788458	  0.790134	  0.791675	  0.793095	    0.7944	  0.795592	  0.796673	  0.797644	  0.798506	  0.799261	   0.79991	  0.800458	  0.800913	   0.80128	  0.801565	  0.801773	  0.801911	  0.801984	  0.801998	  0.801961	  0.801878
   392	     0	         0	         0	         0	         0	         0	         0	         0	         0	         0	         0	         0	         0	         0	         0	         0	         0	0.00156693	0.00314719	0.00485894	0.00674178	 0.0161731	  0.031198	 0.0531402	 0.0814523	  0.113461	  0.156208	  0.210374	  0.289877	  0.341483	  0.377119	  0.409473	  0.447741	  0.494114	  0.529619	  0.556071	  0.586123	  0.617386	  0.645118	   0.67286	  0.696751	  0.718239	   0.73629	    0.7515	  0.764404	  0.770911	  0.775704	  0.779389	  0.782333	  0.784774	  0.786863	  0.788704	   0.79037	  0.791901	  0.793313	   0.79461	  0.795794	  0.796867	  0.797828	   0.79868	  0.799423	   0.80006	  0.800595	  0.801036	   0.80139	  0.801663	  0.801859	  0.801986	   0.80205	  0.802058	  0.802016	  0.801932
   393	     0	         0	         0	         0	         0	         0	         0	         0	         0	         0	         0	         0	         0	         0	         0	         0	         0	0.00157562	0.00317295	0.00490927	0.00682411	 0.0164129	 0.0317161	 0.0541171	 0.0831016	  0.115984	  0.160029	  0.216084	  0.298715	  0.352731	  0.390528	  0.424716	  0.465024	  0.513828	  0.551612	  0.580154	  0.612695	  0.642976	  0.667745	  0.691778	  0.711962	  0.729932	  0.744878	  0.757418	  0.768059	  0.773572	  0.777696	  0.780908	  0.783502	  0.785669	  0.787535	  0.789184	  0.790679	  0.792052	  0.793314	  0.794465	  0.795505	  0.796431	  0.797242	  0.797939	  0.798523	  0.798993	  0.799356	  0.799619	  0.799791	  0.799877	  0.799884	  0.799821	  0.799695	  0.799514	  0.799287	  0.799022
   394	     0	         0	         0	         0	         0	         0	         0	         0	         0	         0	         0	         0	         0	         0	         0	         0	         0	0.00163841	0.00326305	0.00500157	0.00689695	  0.016502	 0.0317496	 0.0539845	 0.0826527	  0.115068	  0.158462	  0.213642	  0.294839	  0.347641	  0.384346	  0.417423	  0.456491	  0.503737	  0.539912	   0.56683	  0.597379	  0.627708	  0.653875	  0.679904	    0.7022	  0.722271	  0.739147	  0.753388	  0.765486	  0.771692	  0.776275	  0.779793	   0.78259	  0.784893	   0.78685	  0.788565	  0.790108	  0.791523	  0.792823	  0.794012	   0.79509	  0.796058	  0.796914	  0.797658	  0.798291	  0.798813	  0.799229	  0.799546	  0.799771	   0.79991	  0.799969	  0.799955	  0.799875	  0.799737	   0.79955	   0.79932
   395	     0	         0	         0	         0	         0	         0	         0	         0	         0	         0	         0	         0	         0	         0	         0	         0	         0	0.00157778	0.00315111	0.00484116	0.00668875	  0.016023	 0.0308601	 0.0525186	  0.080474	  0.112125	  0.154565	  0.208624	  0.288276	   0.34034	  0.376491	  0.409411	  0.448364	  0.495479	   0.53161	  0.558647	  0.589278	  0.620683	  0.648231	  0.675624	    0.6991	  0.720153	  0.737803	  0.752646	  0.765215	  0.771494	  0.776092	    0.7796	   0.78238	  0.784664	  0.786602	  0.788297	  0.789822	  0.791217	  0.792498	  0.793666	  0.794722	  0.795665	  0.796495	  0.797211	  0.797813	  0.798303	  0.798685	  0.798967	  0.799156	  0.799258	  0.799278	  0.799226	  0.799108	  0.798932	  0.798707	   0.79844
   396	     0	         0	         0	         0	         0	         0	         0	         0	         0	         0	         0	         0	         0	         0	         0	         0	         0	0.00156195	0.00313271	0.00483132	 0.0066983	 0.0160806	 0.0310371	 0.0529123	 0.0811928	   0.11325	   0.15619	  0.210792	  0.291185	  0.343689	  0.380248	  0.413516	    0.4528	  0.500331	  0.536957	  0.564493	  0.595778	  0.627115	  0.654116	  0.680737	  0.703377	  0.723586	  0.740462	  0.754636	  0.766653	  0.772701	  0.777183	  0.780657	  0.783457	    0.7858	  0.787822	  0.789618	  0.791252	  0.792762	  0.794159	  0.795444	  0.796618	  0.797679	  0.798628	  0.799464	  0.800189	  0.800803	  0.801311	  0.801721	  0.802039	  0.802272	  0.802425	  0.802506	  0.802519	  0.802474	  0.802377	  0.802235
   397	     0	         0	         0	         0	         0	         0	         0	         0	         0	         0	         0	         0	         0	         0	         0	         0	         0	0.00163031	0.00327673	0.00506512	0.00703884	 0.0169358	   0.03275	 0.0559147	 0.0858932	  0.119889	   0.16533	  0.223016	  0.307838	  0.363023	  0.401786	  0.436366	  0.476939	  0.525976	  0.563928	  0.592448	  0.625025	  0.653765	  0.676453	  0.698424	  0.716815	  0.733278	  0.747021	  0.758619	  0.768529	  0.774024	  0.778241	  0.781593	  0.784342	  0.786669	   0.78869	  0.790489	  0.792122	  0.793623	  0.795005	   0.79627	   0.79742	  0.798457	   0.79938	  0.800191	  0.800893	  0.801487	  0.801978	  0.802375	  0.802685	  0.802913	  0.803064	  0.803147	  0.803168	  0.803133	   0.80305	  0.802925
   398	     0	         0	         0	         0	         0	         0	         0	         0	         0	         0	         0	         0	         0	         0	         0	         0	         0	0.00153264	0.00308122	0.00476405	0.00662246	 0.0159389	 0.0308413	 0.0526941	 0.0810182	  0.113204	  0.156381	  0.211369	  0.292431	  0.345618	  0.382792	  0.416665	  0.456582	  0.504824	  0.542121	  0.570299	  0.602338	  0.633568	  0.659885	  0.685566	  0.707208	  0.726434	  0.742421	  0.755823	  0.767189	  0.772914	  0.777181	  0.780511	  0.783213	  0.785491	  0.787469	  0.789235	  0.790846	  0.792337	  0.793718	  0.794988	  0.796149	  0.797197	  0.798132	  0.798954	  0.799663	  0.800262	  0.800753	  0.801147	  0.801448	  0.801663	  0.801798	   0.80186	  0.801855	   0.80179	  0.801674	  0.801512
   399	     0	         0	         0	         0	         0	         0	         0	         0	         0	         0	         0	         0	         0	         0	         0	         0	         0	0.00154297	0.00310125	0.00479518	0.00666667	  0.016058	 0.0310874	 0.0531345	  0.081707	  0.114153	   0.15763	   0.21291	  0.294307	  0.347433	  0.384335	  0.417707	   0.45698	  0.504412	  0.540756	  0.567776	  0.598437	  0.628696	  0.654713	   0.68059	   0.70271	  0.722614	  0.739356	  0.753504	  0.765557	  0.771809	  0.776472	  0.780091	  0.783003	  0.785433	  0.787523	  0.789371	  0.791046	  0.792588	  0.794013	  0.795326	  0.796529	  0.797625	  0.798614	  0.799498	  0.800276	   0.80095	  0.801525	  0.802006	  0.802399	  0.802709	   0.80294	  0.803098	  0.803187	  0.803215	  0.803186	  0.803107
   400	     0	         0	         0	         0	         0	         0	         0	         0	         0	         0	         0	         0	         0	         0	         0	         0	         0	 0.0015867	0.00318347	0.00491133	0.00681155	 0.0163518	 0.0315616	 0.0538029	 0.0825521	  0.115135	  0.158754	  0.214215	  0.295856	   0.34919	  0.386481	  0.420291	  0.460173	   0.50843	   0.54573	  0.573895	  0.605965	  0.636771	  0.662491	  0.687547	  0.708674	  0.727482	  0.743143	  0.756295	  0.767469	  0.773172	   0.77744	  0.780777	  0.783486	  0.785766	  0.787743	  0.789503	  0.791106	  0.792586	  0.793954	  0.795207	  0.796348	  0.797373	  0.798282	  0.799075	  0.799753	  0.800319	  0.800778	  0.801138	  0.801408	  0.801593	  0.801701	   0.80174	  0.801718	  0.801641	  0.801519	  0.801358
   401	     0	         0	         0	         0	         0	         0	         0	         0	         0	         0	         0	         0	         0	         0	         0	         0	         0	0.00157033	 0.0031582	0.00487999	0.00677452	 0.0162593	 0.0313688	 0.0534444	   0.08195	  0.114217	  0.157359	   0.21212	  0.292656	  0.345084	  0.381506	  0.414603	   0.45373	  0.501157	    0.5377	  0.565166	  0.596413	  0.627605	   0.65442	   0.68086	  0.703335	  0.723403	  0.740164	  0.754242	  0.766178	  0.772174	  0.776605	  0.780028	  0.782773	  0.785059	  0.787021	  0.788753	  0.790322	  0.791764	   0.79309	  0.794302	  0.795398	  0.796378	  0.797242	  0.797991	  0.798626	  0.799148	  0.799563	  0.799881	  0.800109	  0.800254	  0.800323	  0.800323	  0.800263	  0.800149	  0.799991	  0.799796
   402	     0	         0	         0	         0	         0	         0	         0	         0	         0	         0	         0	         0	         0	         0	         0	         0	         0	0.00162482	0.00324598	0.00498765	0.00689129	 0.0164845	 0.0317198	 0.0539248	 0.0825317	  0.114838	  0.157977	  0.212642	  0.292892	  0.344932	  0.381069	    0.4138	  0.452518	  0.499452	   0.53557	  0.562649	  0.593482	  0.624698	  0.651794	  0.678576	  0.701424	  0.721848	  0.738907	  0.753234	  0.765381	   0.77148	  0.775994	  0.779487	    0.7823	   0.78465	  0.786679	  0.788478	  0.790116	  0.791629	  0.793029	  0.794316	   0.79549	  0.796552	    0.7975	  0.798336	   0.79906	  0.799674	  0.800184	  0.800599	  0.800925	  0.801169	  0.801337	  0.801437	  0.801475	  0.801459	  0.801396	  0.801293
   403	     0	         0	         0	         0	         0	         0	         0	         0	         0	         0	         0	         0	         0	         0	         0	         0	         0	0.00175597	0.00347293	0.00529125	0.00725741	 0.0173146	 0.0332174	 0.0563471	  0.086097	  0.119657	  0.164512	  0.221481	  0.305094	  0.359218	   0.39709	  0.430647	  0.470221	  0.518101	  0.554915	  0.582297	  0.613531	  0.642485	  0.666424	  0.689988	  0.710074	   0.72819	   0.74338	  0.756195	  0.767096	  0.772967	  0.777373	  0.780798	  0.783547	   0.78583	  0.787783	  0.789505	  0.791062	  0.792497	  0.793823	  0.795045	  0.796164	  0.797178	  0.798087	  0.798891	  0.799588	  0.800179	  0.800667	  0.801058	  0.801359	  0.801574	  0.801707	  0.801767	  0.801757	  0.801687	  0.801562	  0.801389
   404	     0	         0	         0	         0	         0	         0	         0	         0	         0	         0	         0	         0	         0	         0	         0	         0	         0	0.00161499	0.00321905	0.00493918	0.00681861	 0.0163406	 0.0314868	 0.0536155	 0.0821996	  0.114578	  0.157964	   0.21315	  0.294408	   0.34738	  0.384315	   0.41771	  0.457113	  0.504757	  0.541418	  0.568848	  0.600029	  0.630668	  0.656827	  0.682613	   0.70455	   0.72418	  0.740591	  0.754393	   0.76611	  0.772102	  0.776557	  0.780013	  0.782796	  0.785124	  0.787131	  0.788913	  0.790535	  0.792034	  0.793424	  0.794706	   0.79588	  0.796946	  0.797902	  0.798748	  0.799485	  0.800112	  0.800634	  0.801059	  0.801391	  0.801637	  0.801801	  0.801889	  0.801909	  0.801866	  0.801767	  0.801619
   405	     0	         0	         0	         0	         0	         0	         0	         0	         0	         0	         0	         0	         0	         0	         0	         0	         0	0.00161295	0.00322775	 0.0049681	0.00687565	  0.016478	  0.031756	 0.0540574	 0.0828288	  0.115362	  0.158843	  0.214007	  0.295051	  0.347644	  0.384111	  0.416985	  0.455798	  0.502771	  0.538744	  0.565494	  0.595902	  0.626281	  0.652613	  0.678838	  0.701351	  0.721633	  0.738685	  0.753078	  0.765316	  0.771615	  0.776285	  0.779888	   0.78277	  0.785159	  0.787203	  0.789002	  0.790628	  0.792121	  0.793496	  0.794759	   0.79591	  0.796951	  0.797882	  0.798703	  0.799416	  0.800022	  0.800524	  0.800931	  0.801248	  0.801482	  0.801637	  0.801719	  0.801736	  0.801694	    0.8016	  0.801461
   406	     0	         0	         0	         0	         0	         0	         0	         0	         0	         0	         0	         0	         0	         0	         0	         0	         0	0.00157717	0.00316646	0.00488711	0.00677927	 0.0162622	 0.0313693	 0.0534362	 0.0819137	  0.114115	  0.157111	  0.211578	  0.291541	  0.343366	   0.37919	  0.411624	  0.449929	  0.496306	   0.53176	  0.558093	  0.587964	  0.618893	  0.646287	  0.673788	  0.697442	  0.718738	  0.736684	  0.751844	  0.764733	  0.771284	  0.776123	  0.779851	  0.782832	  0.785304	  0.787421	  0.789287	  0.790974	  0.792524	  0.793951	  0.795261	  0.796456	  0.797537	  0.798505	  0.799362	  0.800108	  0.800747	  0.801282	  0.801723	  0.802075	  0.802345	  0.802537	  0.802659	  0.802716	  0.802716	  0.802664	  0.802568
   407	     0	         0	         0	         0	         0	         0	         0	         0	         0	         0	         0	         0	         0	         0	         0	         0	         0	0.00160901	0.00321728	0.00495117	0.00685417	  0.016458	 0.0317697	 0.0541736	 0.0831495	  0.116008	  0.160047	  0.216126	  0.298759	  0.352756	  0.390536	   0.42455	   0.46458	  0.512901	  0.550069	  0.577861	  0.609426	  0.639204	  0.663984	   0.68835	  0.709034	  0.727616	  0.743212	  0.756389	  0.767623	  0.773565	   0.77803	  0.781514	  0.784326	  0.786674	  0.788694	  0.790481	  0.792099	  0.793587	  0.794961	  0.796224	  0.797379	  0.798423	  0.799358	  0.800184	    0.8009	  0.801509	  0.802013	  0.802421	  0.802737	  0.802967	  0.803117	  0.803192	    0.8032	  0.803146	  0.803039	  0.802885
   408	     0	         0	         0	         0	         0	         0	         0	         0	         0	         0	         0	         0	         0	         0	         0	         0	         0	0.00154454	0.00309273	 0.0047637	0.00659823	 0.0158352	 0.0305556	 0.0520815	  0.079909	  0.111458	   0.15378	  0.207717	  0.287213	  0.339339	  0.375584	   0.40867	  0.447769	  0.495003	  0.531237	  0.558392	  0.589114	  0.620681	  0.648372	  0.675896	  0.699463	  0.720587	  0.738307	  0.753223	   0.76587	  0.772199	  0.776853	  0.780421	  0.783262	  0.785609	  0.787613	  0.789375	  0.790968	  0.792431	   0.79378	  0.795017	  0.796144	   0.79716	  0.798063	  0.798854	  0.799533	  0.800102	  0.800563	  0.800927	  0.801198	  0.801382	  0.801486	  0.801516	  0.801481	  0.801386	  0.801241	  0.801052
   409	     0	         0	         0	         0	         0	         0	         0	         0	         0	         0	         0	         0	         0	         0	         0	         0	         0	 0.0015867	0.00318347	0.00491133	0.00681155	 0.0163518	 0.0315616	 0.0538029	 0.0825521	  0.115135	  0.158754	  0.214215	  0.295856	   0.34919	  0.386481	  0.420291	  0.460173	   0.50843	   0.54573	  0.573895	  0.605965	  0.636771	  0.662491	  0.687547	  0.708674	  0.727482	  0.743143	  0.756295	  0.767469	  0.773172	   0.77744	  0.780777	  0.783486	  0.785766	  0.787743	  0.789503	  0.791106	  0.792586	  0.793954	  0.795207	  0.796348	  0.797373	  0.798282	  0.799075	  0.799753	  0.800319	  0.800778	  0.801138	  0.801408	  0.801593	  0.801701	   0.80174	  0.801718	  0.801641	  0.801519	  0.801358
   410	     0	         0	         0	         0	         0	         0	         0	         0	         0	         0	         0	         0	         0	         0	         0	         0	         0	0.00168902	0.00335449	0.00512912	0.00705713	 0.0168256	 0.0322906	 0.0547658	  0.083641	  0.116158	  0.159505	  0.214345	  0.294669	  0.346483	  0.382385	  0.414654	  0.452826	  0.499069	  0.534461	  0.560767	  0.590706	  0.621391	  0.648383	  0.675331	  0.698551	  0.719471	  0.737048	  0.751872	   0.76447	  0.770896	  0.775656	  0.779332	  0.782281	  0.784734	  0.786841	  0.788702	  0.790388	   0.79194	  0.793374	  0.794694	  0.795902	  0.796999	  0.797986	  0.798865	  0.799635	  0.800299	  0.800862	  0.801331	  0.801712	  0.802012	  0.802234	  0.802386	  0.802474	  0.802503	  0.802482	  0.802416
   411	     0	         0	         0	         0	         0	         0	         0	         0	         0	         0	         0	         0	         0	         0	         0	         0	         0	0.00153862	0.00307396	0.00472868	 0.0065453	 0.0157015	 0.0303047	 0.0516571	 0.0792426	  0.110468	   0.15226	  0.205297	   0.28318	  0.333854	  0.368681	  0.400384	  0.437829	  0.483058	  0.517397	  0.542695	  0.571275	  0.602871	  0.632043	  0.661765	  0.687654	  0.711071	  0.730859	  0.747571	  0.761747	  0.768873	  0.774085	  0.778067	   0.78123	  0.783842	  0.786073	  0.788036	  0.789812	  0.791447	   0.79296	   0.79436	  0.795652	  0.796838	   0.79792	  0.798901	  0.799781	  0.800562	  0.801246	  0.801841	  0.802352	  0.802781	  0.803132	  0.803412	  0.803623	  0.803771	   0.80386	  0.803897
   412	     0	         0	         0	         0	         0	         0	         0	         0	         0	         0	         0	         0	         0	         0	         0	         0	         0	0.00166004	0.00331158	0.00508297	0.00701705	 0.0167983	 0.0323353	 0.0549975	 0.0842188	  0.117252	  0.161403	  0.217429	  0.299756	  0.353182	  0.390495	  0.423998	  0.463532	   0.51142	  0.548392	  0.576132	  0.607804	  0.637943	  0.663119	   0.68775	  0.708639	  0.727327	  0.742904	  0.755991	  0.767101	  0.772887	  0.777222	  0.780605	  0.783345	  0.785643	  0.787631	  0.789398	  0.791008	  0.792496	  0.793876	  0.795148	  0.796314	  0.797374	  0.798325	   0.79917	  0.799907	  0.800538	  0.801067	  0.801502	  0.801848	  0.802111	  0.802295	  0.802409	  0.802456	  0.802445	  0.802383	  0.802274
   413	     0	         0	         0	         0	         0	         0	         0	         0	         0	         0	         0	         0	         0	         0	         0	         0	         0	0.00159872	0.00320331	0.00493463	0.00683303	 0.0163733	 0.0315494	 0.0536979	 0.0822665	  0.114568	  0.157726	  0.212453	  0.292854	  0.345096	  0.381409	  0.414367	  0.453348	  0.500613	  0.537064	   0.56448	  0.595715	  0.627011	  0.653962	  0.680488	   0.70305	  0.723179	  0.739958	  0.754034	  0.765961	  0.771945	  0.776378	  0.779814	  0.782584	  0.784902	  0.786903	  0.788679	  0.790296	  0.791788	  0.793167	  0.794433	  0.795587	  0.796628	  0.797555	   0.79837	  0.799074	  0.799667	  0.800157	  0.800551	  0.800857	  0.801083	  0.801232	  0.801315	  0.801336	  0.801305	  0.801228	  0.801113
   414	     0	         0	         0	         0	         0	         0	         0	         0	         0	         0	         0	         0	         0	         0	         0	         0	         0	0.00175597	0.00347293	0.00529125	0.00725741	 0.0173146	 0.0332174	 0.0563471	  0.086097	  0.119657	  0.164512	  0.221481	  0.305094	  0.359218	   0.39709	  0.430647	  0.470221	  0.518101	  0.554915	  0.582297	  0.613531	  0.642485	  0.666424	  0.689988	  0.710074	   0.72819	   0.74338	  0.756195	  0.767096	  0.772967	  0.777373	  0.780798	  0.783547	   0.78583	  0.787783	  0.789505	  0.791062	  0.792497	  0.793823	  0.795045	  0.796164	  0.797178	  0.798087	  0.798891	  0.799588	  0.800179	  0.800667	  0.801058	  0.801359	  0.801574	  0.801707	  0.801767	  0.801757	  0.801687	  0.801562	  0.801389
   415	     0	         0	         0	         0	         0	         0	         0	         0	         0	         0	         0	         0	         0	         0	         0	         0	         0	0.00164028	0.00327652	0.00503559	0.00696022	 0.0166669	 0.0320975	 0.0546069	 0.0836275	   0.11642	  0.160224	  0.215778	  0.297366	  0.350197	  0.386821	  0.419668	  0.458417	  0.505291	  0.541093	  0.567591	  0.597694	  0.627561	  0.653406	  0.679259	  0.701481	   0.72156	  0.738497	  0.752828	   0.76503	  0.771371	  0.776073	  0.779693	  0.782578	  0.784958	  0.786984	  0.788761	  0.790359	  0.791823	  0.793169	    0.7944	   0.79552	  0.796529	  0.797427	  0.798215	  0.798894	  0.799466	  0.799933	  0.800305	  0.800588	  0.800786	  0.800906	  0.800955	  0.800938	  0.800863	  0.800738	  0.800569
   416	     0	         0	         0	         0	         0	         0	         0	         0	         0	         0	         0	         0	         0	         0	         0	         0	         0	0.00152112	0.00307145	0.00476486	0.00664025	 0.0159889	 0.0309431	 0.0528563	  0.081223	  0.113397	  0.156427	  0.211027	  0.291295	  0.343656	  0.379999	   0.41312	  0.452225	  0.499607	   0.53613	  0.563596	  0.594855	  0.626236	  0.653283	  0.679935	  0.702577	  0.722774	  0.739628	  0.753782	  0.765791	  0.771818	  0.776291	  0.779764	  0.782569	   0.78492	  0.786952	  0.788757	  0.790399	  0.791912	  0.793309	  0.794591	   0.79576	  0.796815	  0.797755	  0.798584	  0.799301	   0.79991	  0.800415	  0.800825	  0.801148	  0.801389	  0.801554	  0.801651	  0.801686	  0.801666	  0.801598	  0.801489
   417	     0	         0	         0	         0	         0	         0	         0	         0	         0	         0	         0	         0	         0	         0	         0	         0	         0	0.00154647	0.00310296	0.00478761	0.00664059	 0.0159396	  0.030764	 0.0524348	 0.0804265	  0.112111	  0.154493	  0.208288	  0.287334	  0.338724	  0.374097	  0.406209	  0.444146	  0.490014	  0.524873	  0.550588	  0.579665	  0.610739	  0.638892	  0.667455	  0.692222	  0.714617	  0.733562	  0.749585	  0.763194	  0.770084	  0.775133	  0.778986	  0.782037	  0.784544	  0.786673	  0.788538	  0.790217	  0.791754	  0.793169	  0.794466	   0.79565	  0.796721	   0.79768	  0.798529	  0.799268	    0.7999	  0.800428	  0.800859	  0.801201	  0.801458	  0.801635	  0.801739	  0.801776	  0.801752	  0.801674	  0.801549
   418	     0	         0	         0	         0	         0	         0	         0	         0	         0	         0	         0	         0	         0	         0	         0	         0	         0	0.00156316	0.00313609	0.00483703	0.00670589	 0.0160815	 0.0310129	 0.0528216	 0.0809736	  0.112828	  0.155425	  0.209492	  0.288948	   0.34067	   0.37648	  0.409071	  0.447606	  0.494261	  0.530025	  0.556751	  0.587066	  0.618524	  0.646308	  0.674018	  0.697782	  0.719094	   0.73698	  0.752041	   0.76482	  0.771221	  0.775937	  0.779566	  0.782468	  0.784877	  0.786941	  0.788762	   0.79041	  0.791925	  0.793319	  0.794597	  0.795758	  0.796804	  0.797733	  0.798548	   0.79925	   0.79984	  0.800325	  0.800713	  0.801011	  0.801226	  0.801364	  0.801433	  0.801439	   0.80139	  0.801294	  0.801158
   419	     0	         0	         0	         0	         0	         0	         0	         0	         0	         0	         0	         0	         0	         0	         0	         0	         0	0.00154322	0.00310471	0.00480196	0.00667516	 0.0160538	 0.0310377	 0.0529797	 0.0813686	  0.113555	  0.156621	  0.211288	  0.291674	  0.344066	  0.380446	  0.413518	  0.452552	  0.499811	   0.53619	  0.563468	  0.594498	  0.625679	  0.652642	  0.679288	  0.702004	  0.722318	  0.739294	  0.753563	  0.765672	  0.771792	  0.776332	  0.779853	  0.782692	  0.785066	  0.787115	  0.788933	  0.790584	  0.792105	  0.793512	  0.794805	  0.795988	  0.797061	  0.798023	  0.798877	  0.799624	  0.800265	  0.800804	   0.80125	  0.801608	  0.801884	  0.802083	  0.802212	  0.802275	  0.802281	  0.802235	  0.802143
   420	     0	         0	         0	         0	         0	         0	         0	         0	         0	         0	         0	         0	         0	         0	         0	         0	         0	0.00156618	0.00315276	0.00487909	0.00678613	 0.0163333	 0.0315953	 0.0539617	 0.0829171	  0.115761	  0.159682	    0.2154	  0.297349	  0.350639	   0.38775	  0.421256	  0.460692	  0.508398	  0.545117	  0.572554	   0.60377	  0.633978	  0.659523	  0.684732	  0.706122	  0.725287	  0.741356	  0.754923	  0.766493	  0.772526	  0.777061	  0.780613	  0.783499	  0.785927	  0.788031	  0.789903	  0.791606	  0.793176	  0.794626	  0.795961	  0.797184	  0.798294	  0.799293	  0.800182	  0.800964	   0.80164	  0.802215	  0.802697	  0.803091	  0.803402	  0.803636	  0.803798	  0.803894	   0.80393	  0.803912	  0.803846
   421	     0	         0	         0	         0	         0	         0	         0	         0	         0	         0	         0	         0	         0	         0	         0	         0	         0	0.00143934	0.00290424	0.00450418	0.00627725	  0.015111	 0.0292531	 0.0499797	 0.0768106	  0.107235	  0.147963	  0.199651	  0.275487	  0.325048	  0.358913	   0.39005	  0.426885	  0.471414	  0.505187	  0.530125	  0.558215	   0.59088	  0.621805	  0.653546	  0.681241	  0.706234	  0.727348	  0.745136	  0.760166	  0.767569	  0.772919	   0.77696	  0.780139	   0.78274	  0.784943	   0.78687	  0.788602	  0.790188	  0.791648	  0.792988	  0.794212	  0.795323	  0.796322	  0.797212	  0.797995	  0.798671	  0.799246	  0.799727	  0.800119	  0.800429	   0.80066	  0.800819	  0.800911	  0.800942	  0.800918	  0.800845
   422	     0	         0	         0	         0	         0	         0	         0	         0	         0	         0	         0	         0	         0	         0	         0	         0	         0	0.00160187	0.00319023	0.00488888	0.00673943	 0.0161089	  0.030971	 0.0526263	 0.0805305	  0.112069	  0.154311	  0.208051	   0.28713	  0.338671	  0.374334	  0.406768	   0.44517	  0.491612	  0.527071	  0.553452	  0.583297	  0.614723	  0.642798	  0.670964	  0.695234	  0.717065	   0.73543	  0.750901	  0.764005	  0.770537	  0.775303	  0.778925	  0.781785	  0.784127	  0.786111	  0.787846	  0.789406	  0.790835	  0.792149	   0.79335	  0.794439	  0.795413	  0.796271	  0.797015	  0.797645	   0.79816	  0.798566	  0.798872	  0.799084	  0.799208	  0.799252	  0.799222	  0.799127	  0.798974	  0.798772	  0.798528
   423	     0	         0	         0	         0	         0	         0	         0	         0	         0	         0	         0	         0	         0	         0	         0	         0	         0	0.00158903	0.00320412	0.00496464	0.00691097	  0.016637	 0.0321811	 0.0549494	 0.0844077	  0.117797	  0.162396	  0.218923	  0.302008	  0.355985	  0.393695	  0.427616	  0.467549	  0.515943	  0.553416	  0.581627	  0.613882	  0.643778	  0.668237	  0.692034	  0.712062	  0.729935	  0.744818	  0.757331	  0.767979	  0.773617	  0.777884	  0.781247	  0.783995	  0.786317	  0.788337	  0.790137	  0.791779	  0.793295	  0.794698	   0.79599	  0.797173	  0.798246	   0.79921	  0.800066	  0.800816	  0.801462	  0.802007	   0.80246	  0.802827	  0.803113	  0.803324	  0.803466	  0.803544	  0.803566	  0.803537	  0.803464
   424	     0	         0	         0	         0	         0	         0	         0	         0	         0	         0	         0	         0	         0	         0	         0	         0	         0	0.00166036	0.00333042	0.00513756	0.00712482	 0.0171085	 0.0330234	  0.056292	 0.0863514	   0.12038	  0.165807	   0.22338	  0.307928	  0.362784	  0.401356	  0.435767	  0.476213	  0.525195	  0.563268	  0.592034	  0.624999	  0.654196	   0.67723	  0.699387	  0.717877	  0.734345	  0.748007	  0.759482	  0.769257	  0.774619	  0.778736	  0.782022	  0.784734	  0.787045	  0.789067	  0.790878	  0.792533	  0.794064	   0.79548	  0.796785	  0.797978	   0.79906	  0.800031	  0.800893	  0.801647	  0.802294	   0.80284	  0.803294	  0.803661	  0.803947	  0.804158	  0.804301	  0.804381	  0.804406	  0.804382	  0.804315
   425	     0	         0	         0	         0	         0	         0	         0	         0	         0	         0	         0	         0	         0	         0	         0	         0	         0	0.00153271	0.00307757	0.00475217	0.00659706	 0.0158597	 0.0306502	 0.0523117	 0.0803526	  0.112179	  0.154869	  0.209246	  0.289399	  0.341921	  0.378446	  0.411727	  0.450995	  0.498439	  0.534871	  0.562164	  0.593082	  0.624356	   0.65152	   0.67846	  0.701432	   0.72199	   0.73922	  0.753722	  0.766024	  0.772206	  0.776767	  0.780276	  0.783083	  0.785412	  0.787408	  0.789171	  0.790768	  0.792239	  0.793597	  0.794845	  0.795982	  0.797008	  0.797921	  0.798722	  0.799412	  0.799989	   0.80046	  0.800831	  0.801109	    0.8013	   0.80141	  0.801445	  0.801412	  0.801319	  0.801173	  0.800982
   426	     0	         0	         0	         0	         0	         0	         0	         0	         0	         0	         0	         0	         0	         0	         0	         0	         0	0.00162193	0.00324672	0.00499971	0.00692357	 0.0166163	 0.0320617	 0.0546476	 0.0838415	  0.116924	  0.161198	  0.217447	  0.300224	   0.35415	  0.391949	  0.425993	  0.466091	  0.514612	  0.552214	  0.580584	  0.612981	  0.643183	  0.667941	  0.691959	  0.712149	  0.730122	  0.745049	  0.757567	  0.768197	  0.773754	  0.777945	  0.781241	  0.783932	  0.786208	  0.788189	  0.789959	  0.791575	  0.793071	  0.794458	  0.795737	  0.796909	  0.797972	  0.798925	   0.79977	  0.800506	  0.801135	  0.801661	  0.802091	  0.802431	  0.802687	  0.802864	  0.802969	  0.803006	  0.802984	  0.802908	  0.802785
   427	     0	         0	         0	         0	         0	         0	         0	         0	         0	         0	         0	         0	         0	         0	         0	         0	         0	0.00163223	0.00325683	 0.0049995	 0.0069026	 0.0165171	 0.0317878	 0.0540597	 0.0827825	  0.115271	  0.158749	  0.214028	  0.295384	  0.348382	  0.385375	  0.418813	  0.458305	  0.506094	  0.542918	  0.570592	  0.602065	  0.632809	  0.658865	  0.684455	   0.70616	   0.72555	  0.741743	  0.755351	  0.766896	   0.77276	  0.777111	  0.780478	  0.783183	  0.785437	  0.787374	  0.789089	  0.790645	   0.79208	  0.793405	  0.794621	  0.795726	  0.796719	  0.797598	  0.798363	  0.799014	  0.799553	  0.799983	  0.800315	  0.800554	  0.800708	  0.800782	  0.800785	  0.800724	  0.800607	  0.800443	  0.800238
   428	     0	         0	         0	         0	         0	         0	         0	         0	         0	         0	         0	         0	         0	         0	         0	         0	         0	0.00156779	0.00313801	0.00483041	0.00668543	 0.0160113	 0.0308478	 0.0525011	 0.0804314	  0.112012	  0.154226	  0.207761	   0.28638	  0.337502	   0.37286	  0.405105	  0.443256	  0.489447	  0.524847	  0.551294	   0.58128	  0.613185	   0.64178	  0.670394	  0.694986	  0.717022	  0.735501	  0.751041	  0.764209	  0.770751	   0.77556	  0.779261	  0.782228	  0.784699	  0.786825	  0.788709	  0.790421	  0.792001	  0.793461	  0.794806	  0.796036	  0.797152	  0.798153	  0.799042	  0.799819	  0.800487	   0.80105	  0.801517	  0.801895	   0.80219	  0.802407	  0.802553	  0.802634	  0.802657	   0.80263	  0.802557
   429	     0	         0	         0	         0	         0	         0	         0	         0	         0	         0	         0	         0	         0	         0	         0	         0	         0	0.00156214	0.00313424	0.00483557	0.00670684	 0.0160978	 0.0310703	 0.0529606	 0.0812453	   0.11328	  0.156143	  0.210574	  0.290613	  0.342742	  0.378879	  0.411696	  0.450442	  0.497312	  0.533241	  0.560056	  0.590477	  0.621599	   0.64888	  0.676063	   0.69935	  0.720248	  0.737788	  0.752566	  0.765112	  0.771443	  0.776116	  0.779716	  0.782596	  0.784987	  0.787036	  0.788844	   0.79048	  0.791983	  0.793369	  0.794639	  0.795796	   0.79684	  0.797771	   0.79859	  0.799299	  0.799897	   0.80039	  0.800786	  0.801092	  0.801313	  0.801454	  0.801522	  0.801524	  0.801467	  0.801358	  0.801203
   430	     0	         0	         0	         0	         0	         0	         0	         0	         0	         0	         0	         0	         0	         0	         0	         0	         0	0.00163003	0.00325087	0.00498904	0.00688708	 0.0164728	 0.0316963	 0.0538866	 0.0824803	  0.114781	  0.157948	  0.212711	  0.293134	  0.345337	  0.381574	  0.414322	   0.45303	  0.499888	  0.535834	  0.562666	  0.593173	  0.624063	  0.650978	  0.677712	  0.700638	  0.721231	  0.738497	  0.753038	  0.765385	   0.77166	  0.776308	    0.7799	  0.782783	  0.785184	  0.787248	  0.789073	   0.79073	  0.792258	  0.793671	  0.794972	  0.796163	  0.797243	  0.798211	   0.79907	   0.79982	  0.800461	  0.800998	  0.801441	  0.801794	  0.802063	  0.802255	  0.802375	  0.802431	  0.802429	  0.802376	  0.802279
   431	     0	         0	         0	         0	         0	         0	         0	         0	         0	         0	         0	         0	         0	         0	         0	         0	         0	0.00171362	 0.0034121	0.00522897	0.00720894	 0.0172261	 0.0331144	 0.0562517	 0.0860452	  0.119684	  0.164597	   0.22158	   0.30522	  0.359468	  0.397507	  0.431413	  0.471359	  0.519687	  0.557008	  0.585012	  0.616999	  0.646311	  0.670153	  0.693366	   0.71299	  0.730587	  0.745276	  0.757648	  0.768183	   0.77384	  0.778121	  0.781485	  0.784219	  0.786517	  0.788505	   0.79027	  0.791875	  0.793356	  0.794725	  0.795984	  0.797134	  0.798174	  0.799103	  0.799922	  0.800631	  0.801231	  0.801727	  0.802126	  0.802434	  0.802657	    0.8028	   0.80287	  0.802875	   0.80282	  0.802713	  0.802561
   432	     0	         0	         0	         0	         0	         0	         0	         0	         0	         0	         0	         0	         0	         0	         0	         0	         0	0.00159308	0.00320268	0.00494948	0.00687431	 0.0165186	 0.0319067	 0.0544191	 0.0835196	  0.116485	  0.160542	  0.216426	  0.298571	  0.351997	    0.3893	  0.422987	  0.462704	   0.51082	  0.548038	   0.57608	  0.608091	  0.638534	  0.663853	  0.688543	  0.709389	  0.727981	  0.743466	  0.756479	  0.767544	  0.773284	  0.777604	  0.780997	  0.783762	  0.786096	  0.788124	  0.789932	  0.791579	  0.793101	  0.794507	    0.7958	  0.796982	  0.798051	  0.799008	  0.799854	  0.800591	  0.801221	  0.801748	  0.802181	  0.802527	  0.802791	  0.802979	  0.803099	  0.803155	  0.803157	  0.803109	   0.80302
   433	     0	         0	         0	         0	         0	         0	         0	         0	         0	         0	         0	         0	         0	         0	         0	         0	         0	0.00162504	0.00323761	0.00496507	0.00685048	 0.0163933	 0.0315538	 0.0536682	 0.0821845	  0.114425	  0.157551	  0.212305	  0.292784	  0.345074	  0.381416	  0.414291	  0.453143	   0.50017	  0.536286	  0.563275	   0.59395	  0.624888	  0.651748	  0.678369	  0.701133	  0.721542	  0.738633	  0.753016	  0.765226	  0.771412	  0.775992	  0.779532	  0.782373	  0.784739	  0.786773	  0.788572	  0.790203	  0.791706	  0.793094	   0.79437	  0.795534	  0.796587	  0.797526	  0.798355	  0.799073	  0.799682	  0.800187	  0.800597	  0.800917	  0.801154	  0.801314	  0.801405	  0.801431	  0.801402	  0.801324	  0.801204
   434	     0	         0	         0	         0	         0	         0	         0	         0	         0	         0	         0	         0	         0	         0	         0	         0	         0	0.00156195	0.00313271	0.00483132	 0.0066983	 0.0160806	 0.0310371	 0.0529123	 0.0811928	   0.11325	   0.15619	  0.210792	  0.291185	  0.343689	  0.380248	  0.413516	    0.4528	  0.500331	  0.536957	  0.564493	  0.595778	  0.627115	  0.654116	  0.680737	  0.703377	  0.723586	  0.740462	  0.754636	  0.766653	  0.772701	  0.777183	  0.780657	  0.783457	    0.7858	  0.787822	  0.789618	  0.791252	  0.792762	  0.794159	  0.795444	  0.796618	  0.797679	  0.798628	  0.799464	  0.800189	  0.800803	  0.801311	  0.801721	  0.802039	  0.802272	  0.802425	  0.802506	  0.802519	  0.802474	  0.802377	  0.802235
   435	     0	         0	         0	         0	         0	         0	         0	         0	         0	         0	         0	         0	         0	         0	         0	         0	         0	0.00159289	0.00318944	0.00491359	0.00680794	 0.0163596	 0.0315989	 0.0539127	 0.0827931	  0.115567	  0.159505	  0.215433	  0.297868	  0.351719	  0.389386	    0.4234	  0.463463	  0.511909	  0.549338	  0.577482	  0.609534	  0.639757	  0.664777	  0.689186	  0.709759	  0.728107	  0.743387	  0.756215	  0.767104	  0.772738	  0.776948	  0.780223	  0.782866	  0.785076	   0.78698	  0.788666	  0.790197	  0.791606	  0.792907	  0.794099	  0.795185	   0.79616	  0.797026	  0.797781	  0.798426	  0.798961	  0.799391	  0.799723	  0.799965	  0.800121	  0.800198	  0.800202	  0.800139	  0.800019	  0.799847	  0.799631
   436	     0	         0	         0	         0	         0	         0	         0	         0	         0	         0	         0	         0	         0	         0	         0	         0	         0	0.00155884	0.00311917	0.00480206	0.00664906	 0.0159635	  0.030812	 0.0525386	 0.0806427	  0.112524	  0.155294	   0.20978	  0.290097	  0.342672	  0.379261	  0.412554	   0.45185	  0.499331	  0.535804	  0.563111	  0.594064	  0.625231	  0.652247	  0.679013	  0.701846	  0.722285	  0.739404	  0.753807	  0.766022	  0.772182	   0.77673	  0.780234	  0.783038	  0.785367	  0.787366	  0.789132	  0.790734	   0.79221	  0.793575	   0.79483	  0.795976	  0.797011	  0.797935	  0.798747	  0.799447	  0.800036	  0.800518	    0.8009	   0.80119	  0.801391	  0.801509	  0.801553	  0.801527	  0.801439	  0.801297	  0.801107
   437	     0	         0	         0	         0	         0	         0	         0	         0	         0	         0	         0	         0	         0	         0	         0	         0	         0	 0.0015867	0.00318347	0.00491133	0.00681155	 0.0163518	 0.0315616	 0.0538029	 0.0825521	  0.115135	  0.158754	  0.214215	  0.295856	   0.34919	  0.386481	  0.420291	  0.460173	   0.50843	   0.54573	  0.573895	  0.605965	  0.636771	  0.662491	  0.687547	  0.708674	  0.727482	  0.743143	  0.756295	  0.767469	  0.773172	   0.77744	  0.780777	  0.783486	  0.785766	  0.787743	  0.789503	  0.791106	  0.792586	  0.793954	  0.795207	  0.796348	  0.797373	  0.798282	  0.799075	  0.799753	  0.800319	  0.800778	  0.801138	  0.801408	  0.801593	  0.801701	   0.80174	  0.801718	  0.801641	  0.801519	  0.801358
   438	     0	         0	         0	         0	         0	         0	         0	         0	         0	         0	         0	         0	         0	         0	         0	         0	         0	0.00155106	0.00312744	0.00484333	0.00673718	 0.0162044	 0.0313142	 0.0534338	 0.0820561	  0.114534	  0.158047	  0.213438	  0.295118	  0.348567	  0.385898	  0.419813	   0.45982	  0.508234	  0.545613	  0.573798	  0.605825	  0.636555	  0.662241	  0.687367	  0.708545	  0.727418	  0.743177	  0.756429	  0.767686	  0.773426	  0.777697	  0.781011	  0.783676	  0.785898	  0.787806	  0.789491	  0.791016	  0.792415	  0.793701	  0.794871	  0.795927	  0.796865	  0.797686	  0.798389	  0.798975	  0.799446	  0.799807	  0.800067	  0.800235	  0.800316	  0.800318	  0.800249	  0.800118	  0.799932	    0.7997	   0.79943
   439	     0	         0	         0	         0	         0	         0	         0	         0	         0	         0	         0	         0	         0	         0	         0	         0	         0	0.00161812	0.00322172	0.00493609	0.00680335	 0.0162568	 0.0312492	 0.0530887	  0.081223	  0.113014	  0.155578	   0.20972	  0.289383	  0.341266	  0.377231	  0.409853	  0.448458	   0.49514	  0.530806	  0.557351	  0.587403	  0.618497	  0.645991	  0.673496	  0.697176	  0.718494	  0.736435	  0.751565	  0.764401	  0.770858	  0.775589	  0.779196	  0.782049	  0.784387	  0.786367	  0.788095	  0.789646	  0.791064	  0.792363	  0.793548	  0.794618	  0.795574	  0.796415	  0.797141	  0.797754	  0.798252	  0.798643	  0.798934	  0.799131	  0.799242	  0.799272	  0.799229	   0.79912	  0.798955	   0.79874	  0.798484
   440	     0	         0	         0	         0	         0	         0	         0	         0	         0	         0	         0	         0	         0	         0	         0	         0	         0	0.00162921	0.00325119	0.00499258	0.00689619	 0.0165059	 0.0317797	 0.0540591	  0.082788	  0.115265	  0.158685	  0.213797	  0.294778	  0.347375	  0.383944	  0.416941	  0.455906	  0.503056	  0.539266	  0.566314	  0.597077	  0.627715	  0.654129	  0.680296	  0.702675	  0.722765	  0.739599	  0.753774	  0.765811	  0.771961	  0.776523	  0.780049	  0.782878	  0.785233	  0.787254	   0.78904	  0.790657	  0.792147	  0.793522	  0.794786	   0.79594	  0.796985	  0.797919	  0.798744	   0.79946	  0.800068	  0.800572	   0.80098	  0.801299	  0.801533	  0.801688	  0.801771	  0.801789	  0.801747	  0.801653	  0.801515
   441	     0	         0	         0	         0	         0	         0	         0	         0	         0	         0	         0	         0	         0	         0	         0	         0	         0	0.00154209	 0.0030927	0.00476986	0.00661403	  0.015881	 0.0306609	 0.0522855	 0.0802557	  0.111982	  0.154525	   0.20869	    0.2885	  0.340803	  0.377255	  0.410574	  0.449944	  0.497576	  0.534353	  0.562141	  0.593701	  0.625599	  0.653126	   0.68016	   0.70307	   0.72343	  0.740366	   0.75454	  0.766525	  0.772432	  0.776785	  0.780148	  0.782854	  0.785118	  0.787074	  0.788812	  0.790396	   0.79186	  0.793215	  0.794461	  0.795596	  0.796618	  0.797525	  0.798318	  0.798997	  0.799563	  0.800021	   0.80038	  0.800647	  0.800829	  0.800931	  0.800961	  0.800927	  0.800837	  0.800699	  0.800519
   442	     0	         0	         0	         0	         0	         0	         0	         0	         0	         0	         0	         0	         0	         0	         0	         0	         0	0.00165688	0.00330316	0.00506671	0.00699049	 0.0167081	 0.0321284	 0.0545935	 0.0835352	  0.116232	  0.159934	  0.215419	   0.29696	  0.349958	  0.386944	  0.420289	  0.459665	  0.507314	  0.544004	  0.571533	  0.602864	    0.6334	  0.659257	  0.684659	  0.706232	  0.725532	  0.741663	  0.755236	   0.76677	  0.772674	  0.777074	  0.780493	  0.783251	  0.785559	  0.787549	  0.789316	  0.790922	  0.792406	  0.793777	  0.795036	  0.796183	  0.797216	  0.798134	  0.798938	  0.799627	  0.800203	  0.800671	   0.80104	  0.801317	  0.801508	  0.801619	  0.801658	  0.801633	  0.801551	  0.801421	  0.801249
   443	     0	         0	         0	         0	         0	         0	         0	         0	         0	         0	         0	         0	         0	         0	         0	         0	         0	0.00170811	 0.0033982	0.00520338	0.00716816	 0.0171181	 0.0328871	 0.0558395	 0.0853784	  0.118711	  0.163214	  0.219672	  0.302549	  0.356202	  0.393646	  0.427031	  0.466386	  0.513969	  0.550446	   0.57756	  0.608407	  0.637697	  0.662271	  0.686596	  0.707375	  0.726131	  0.741926	  0.755299	   0.76671	  0.772785	  0.777346	  0.780894	  0.783748	   0.78612	  0.788153	  0.789942	  0.791558	  0.793039	  0.794402	   0.79565	  0.796784	  0.797805	  0.798713	  0.799509	  0.800193	  0.800767	  0.801235	  0.801605	  0.801884	  0.802078	  0.802191	  0.802232	  0.802207	  0.802123	  0.801988	   0.80181
   444	     0	         0	         0	         0	         0	         0	         0	         0	         0	         0	         0	         0	         0	         0	         0	         0	         0	0.00158851	0.00318378	 0.0049077	0.00680156	 0.0163343	 0.0315309	 0.0537581	 0.0824928	  0.115057	  0.158656	  0.214068	  0.295626	  0.348794	  0.385847	  0.419375	  0.458942	  0.506851	  0.543816	  0.571587	  0.603235	  0.633885	  0.659747	  0.685087	  0.706573	  0.725761	   0.74175	  0.755169	   0.76655	  0.772367	  0.776696	  0.780058	  0.782768	  0.785034	  0.786988	  0.788721	  0.790296	   0.79175	  0.793095	  0.794332	  0.795461	  0.796482	  0.797393	  0.798195	  0.798888	  0.799474	  0.799956	  0.800342	  0.800639	  0.800854	   0.80099	  0.801055	  0.801056	     0.801	  0.800894	  0.800745
   445	     0	         0	         0	         0	         0	         0	         0	         0	         0	         0	         0	         0	         0	         0	         0	         0	         0	0.00163909	0.00326262	0.00499619	0.00688151	 0.0164322	 0.0315603	 0.0535783	 0.0819203	  0.113925	  0.156756	  0.211228	  0.291383	  0.343569	  0.379858	   0.41275	  0.451695	  0.498832	  0.535002	  0.562083	  0.592805	  0.623959	  0.651084	  0.677993	  0.701026	  0.721683	  0.738999	  0.753566	  0.765909	  0.772105	  0.776653	  0.780133	  0.782896	   0.78517	  0.787105	  0.788801	  0.790331	  0.791734	  0.793026	  0.794206	  0.795275	  0.796232	  0.797075	  0.797804	   0.79842	  0.798922	  0.799317	  0.799612	  0.799815	  0.799932	   0.79997	  0.799937	  0.799841	   0.79969	  0.799492	  0.799256
   446	     0	         0	         0	         0	         0	         0	         0	         0	         0	         0	         0	         0	         0	         0	         0	         0	         0	0.00172418	0.00344768	0.00530198	0.00733057	 0.0175644	 0.0338272	 0.0575567	 0.0881598	  0.122758	   0.16892	  0.227428	  0.313293	  0.368935	  0.408258	  0.443053	  0.483942	  0.533504	  0.572232	  0.601623	  0.635419	  0.664024	  0.685761	  0.706417	  0.723497	  0.738655	  0.751137	  0.761562	  0.770406	  0.775444	  0.779346	  0.782479	  0.785075	  0.787293	  0.789237	  0.790982	  0.792578	  0.794058	  0.795429	  0.796692	  0.797847	  0.798892	  0.799828	  0.800655	  0.801374	  0.801986	  0.802496	  0.802912	  0.803241	  0.803488	  0.803659	  0.803761	    0.8038	  0.803784	   0.80372	  0.803614
   447	     0	         0	         0	         0	         0	         0	         0	         0	         0	         0	         0	         0	         0	         0	         0	         0	         0	0.00169823	0.00338814	0.00520039	 0.0071784	  0.017174	 0.0330398	 0.0561637	 0.0859543	  0.119599	  0.164501	  0.221412	  0.304959	  0.359005	   0.39682	  0.430519	  0.470237	   0.51836	   0.55553	  0.583389	  0.615225	  0.644597	   0.66862	  0.692078	   0.71189	  0.729635	  0.744446	  0.756911	  0.767514	   0.77316	  0.777413	   0.78074	  0.783432	  0.785687	  0.787629	   0.78935	   0.79091	  0.792347	  0.793672	  0.794887	  0.795991	  0.796985	  0.797867	  0.798638	  0.799299	   0.79985	  0.800299	  0.800651	  0.800916	  0.801098	  0.801204	  0.801242	  0.801218	   0.80114	  0.801015	  0.800852
   448	     0	         0	         0	         0	         0	         0	         0	         0	         0	         0	         0	         0	         0	         0	         0	         0	         0	0.00145808	0.00294907	0.00458249	0.00639657	 0.0154363	 0.0299293	 0.0512159	 0.0788427	  0.110272	  0.152472	  0.206274	  0.285619	  0.337809	  0.373973	  0.407094	  0.446157	  0.493327	  0.529437	  0.556404	  0.586869	  0.618386	  0.646191	  0.673969	  0.697745	  0.719066	  0.736991	  0.752102	  0.764925	  0.771341	  0.776053	  0.779661	   0.78253	  0.784899	  0.786918	  0.788693	  0.790292	  0.791758	  0.793105	  0.794337	  0.795455	  0.796458	  0.797347	  0.798121	  0.798782	  0.799331	  0.799771	   0.80011	  0.800355	  0.800511	  0.800583	  0.800579	  0.800505	  0.800368	  0.800176	  0.799935
   449	     0	         0	         0	         0	         0	         0	         0	         0	         0	         0	         0	         0	         0	         0	         0	         0	         0	0.00161248	0.00320774	0.00491277	0.00677042	  0.016176	  0.031099	  0.052833	 0.0808148	  0.112396	  0.154614	  0.208176	  0.286788	  0.337774	  0.372893	  0.404737	  0.442441	  0.488057	  0.522757	   0.54841	  0.577453	  0.608768	  0.637233	  0.666027	  0.691052	  0.713674	  0.732761	  0.748874	  0.762539	  0.769413	  0.774439	   0.77827	  0.781302	  0.783792	  0.785906	  0.787756	  0.789421	  0.790946	   0.79235	  0.793638	  0.794812	  0.795873	  0.796823	  0.797663	  0.798393	  0.799016	  0.799535	  0.799959	  0.800294	  0.800546	   0.80072	  0.800823	  0.800862	  0.800844	  0.800775	  0.800663
   450	     0	         0	         0	         0	         0	         0	         0	         0	         0	         0	         0	         0	         0	         0	         0	         0	         0	 0.0015867	0.00318347	0.00491133	0.00681155	 0.0163518	 0.0315616	 0.0538029	 0.0825521	  0.115135	  0.158754	  0.214215	  0.295856	   0.34919	  0.386481	  0.420291	  0.460173	   0.50843	   0.54573	  0.573895	  0.605965	  0.636771	  0.662491	  0.687547	  0.708674	  0.727482	  0.743143	  0.756295	  0.767469	  0.773172	   0.77744	  0.780777	  0.783486	  0.785766	  0.787743	  0.789503	  0.791106	  0.792586	  0.793954	  0.795207	  0.796348	  0.797373	  0.798282	  0.799075	  0.799753	  0.800319	  0.800778	  0.801138	  0.801408	  0.801593	  0.801701	   0.80174	  0.801718	  0.801641	  0.801519	  0.801358
   451	     0	         0	         0	         0	         0	         0	         0	         0	         0	         0	         0	         0	         0	         0	         0	         0	         0	0.00163429	0.00323536	0.00493588	0.00678149	 0.0161748	 0.0310622	 0.0527376	 0.0806513	  0.112184	  0.154419	  0.208146	  0.287151	  0.338662	  0.374408	  0.406866	  0.445237	  0.491542	  0.526859	  0.553089	  0.582716	  0.614079	  0.642202	  0.670468	  0.694885	  0.716887	  0.735432	  0.751089	  0.764384	  0.771083	  0.776012	  0.779794	  0.782807	  0.785301	  0.787434	  0.789314	  0.791017	  0.792586	  0.794037	  0.795375	  0.796601	  0.797716	  0.798719	   0.79961	   0.80039	   0.80106	  0.801623	  0.802087	  0.802459	  0.802742	  0.802943	  0.803067	  0.803121	  0.803112	  0.803047	  0.802932
   452	     0	         0	         0	         0	         0	         0	         0	         0	         0	         0	         0	         0	         0	         0	         0	         0	         0	0.00164078	0.00328678	0.00506234	0.00700867	 0.0167795	   0.03231	 0.0549449	  0.084089	  0.116963	   0.16075	  0.216087	  0.297157	  0.349447	  0.385698	  0.418296	  0.456815	  0.503536	  0.539405	  0.566151	  0.596638	  0.627086	  0.653411	  0.679564	  0.701971	  0.722122	  0.739038	  0.753312	  0.765459	  0.771714	  0.776373	   0.77999	  0.782902	  0.785332	  0.787421	  0.789267	  0.790938	  0.792474	  0.793889	  0.795187	  0.796371	  0.797443	  0.798403	  0.799253	  0.799995	  0.800631	  0.801167	   0.80161	  0.801967	  0.802245	  0.802448	  0.802583	  0.802657	  0.802676	  0.802647	  0.802576
   453	     0	         0	         0	         0	         0	         0	         0	         0	         0	         0	         0	         0	         0	         0	         0	         0	         0	0.00156195	0.00313271	0.00483132	 0.0066983	 0.0160806	 0.0310371	 0.0529123	 0.0811928	   0.11325	   0.15619	  0.210792	  0.291185	  0.343689	  0.380248	  0.413516	    0.4528	  0.500331	  0.536957	  0.564493	  0.595778	  0.627115	  0.654116	  0.680737	  0.703377	  0.723586	  0.740462	  0.754636	  0.766653	  0.772701	  0.777183	  0.780657	  0.783457	    0.7858	  0.787822	  0.789618	  0.791252	  0.792762	  0.794159	  0.795444	  0.796618	  0.797679	  0.798628	  0.799464	  0.800189	  0.800803	  0.801311	  0.801721	  0.802039	  0.802272	  0.802425	  0.802506	  0.802519	  0.802474	  0.802377	  0.802235
   454	     0	         0	         0	         0	         0	         0	         0	         0	         0	         0	         0	         0	         0	         0	         0	         0	         0	 0.0016134	0.00322717	0.00496713	 0.0068765	 0.0165055	 0.0318546	 0.0543072	 0.0833434	  0.116268	  0.160382	  0.216523	  0.299222	  0.353233	  0.391042	  0.425109	  0.465221	  0.513703	  0.551144	  0.579284	  0.611342	  0.641373	  0.666141	  0.690295	   0.71068	   0.72889	  0.744068	  0.756822	  0.767656	  0.773317	  0.777562	  0.780875	  0.783555	  0.785801	  0.787741	  0.789463	   0.79103	  0.792476	  0.793814	  0.795045	  0.796171	  0.797189	  0.798098	  0.798899	  0.799591	  0.800174	  0.800652	  0.801032	  0.801321	  0.801522	  0.801642	  0.801688	  0.801664	  0.801579	   0.80144	  0.801252
   455	     0	         0	         0	         0	         0	         0	         0	         0	         0	         0	         0	         0	         0	         0	         0	         0	         0	0.00171477	0.00339795	0.00518445	0.00711884	  0.016972	 0.0325493	 0.0551865	 0.0842778	  0.117064	   0.16086	  0.216441	  0.298019	  0.350792	  0.387476	  0.420301	  0.459125	  0.506131	  0.542106	  0.568821	  0.599213	  0.629173	   0.65496	  0.680603	  0.702655	  0.722569	  0.739322	  0.753471	  0.765501	  0.771751	  0.776386	  0.779955	  0.782798	  0.785145	  0.787142	  0.788893	  0.790471	  0.791919	  0.793252	  0.794473	  0.795584	  0.796585	  0.797475	  0.798254	  0.798924	  0.799485	  0.799941	  0.800301	   0.80057	  0.800756	  0.800862	  0.800898	   0.80087	  0.800786	  0.800653	   0.80048
   456	     0	         0	         0	         0	         0	         0	         0	         0	         0	         0	         0	         0	         0	         0	         0	         0	         0	0.00165688	0.00330316	0.00506671	0.00699049	 0.0167081	 0.0321284	 0.0545935	 0.0835352	  0.116232	  0.159934	  0.215419	   0.29696	  0.349958	  0.386944	  0.420289	  0.459665	  0.507314	  0.544004	  0.571533	  0.602864	    0.6334	  0.659257	  0.684659	  0.706232	  0.725532	  0.741663	  0.755236	   0.76677	  0.772674	  0.777074	  0.780493	  0.783251	  0.785559	  0.787549	  0.789316	  0.790922	  0.792406	  0.793777	  0.795036	  0.796183	  0.797216	  0.798134	  0.798938	  0.799627	  0.800203	  0.800671	   0.80104	  0.801317	  0.801508	  0.801619	  0.801658	  0.801633	  0.801551	  0.801421	  0.801249
   457	     0	         0	         0	         0	         0	         0	         0	         0	         0	         0	         0	         0	         0	         0	         0	         0	         0	0.00169607	0.00336602	0.00514077	0.00706362	 0.0168367	 0.0322847	 0.0547359	 0.0835954	  0.116139	  0.159629	  0.214855	  0.296024	   0.34862	  0.385232	   0.41816	  0.457115	  0.504281	  0.540464	  0.567473	  0.598163	  0.628669	  0.654942	  0.681001	  0.703267	  0.723258	  0.740032	  0.754161	  0.766151	  0.772254	  0.776757	  0.780215	  0.782969	  0.785242	  0.787179	   0.78888	  0.790417	   0.79183	  0.793131	  0.794321	  0.795401	  0.796368	   0.79722	  0.797958	  0.798582	  0.799092	  0.799494	  0.799795	  0.800004	  0.800128	  0.800171	  0.800143	  0.800051	  0.799904	  0.799709	  0.799476
   458	     0	         0	         0	         0	         0	         0	         0	         0	         0	         0	         0	         0	         0	         0	         0	         0	         0	0.00163126	0.00326003	 0.0050112	0.00692676	 0.0165942	 0.0319628	 0.0543993	 0.0833589	   0.11614	  0.160009	  0.215767	   0.29783	  0.351284	  0.388681	  0.422441	  0.462273	  0.510479	  0.547721	  0.575758	  0.607692	  0.638171	  0.663591	  0.688412	  0.709372	  0.728065	  0.743651	  0.756748	  0.767876	  0.773617	   0.77792	  0.781284	  0.784012	  0.786308	  0.788297	   0.79007	  0.791687	  0.793183	  0.794569	  0.795845	  0.797009	  0.798061	  0.798998	   0.79982	  0.800529	  0.801125	  0.801614	  0.802004	  0.802302	  0.802514	  0.802646	  0.802706	  0.802702	   0.80264	  0.802529	  0.802375
   459	     0	         0	         0	         0	         0	         0	         0	         0	         0	         0	         0	         0	         0	         0	         0	         0	         0	0.00170811	 0.0033982	0.00520338	0.00716816	 0.0171181	 0.0328871	 0.0558395	 0.0853784	  0.118711	  0.163214	  0.219672	  0.302549	  0.356202	  0.393646	  0.427031	  0.466386	  0.513969	  0.550446	   0.57756	  0.608407	  0.637697	  0.662271	  0.686596	  0.707375	  0.726131	  0.741926	  0.755299	   0.76671	  0.772785	  0.777346	  0.780894	  0.783748	   0.78612	  0.788153	  0.789942	  0.791558	  0.793039	  0.794402	   0.79565	  0.796784	  0.797805	  0.798713	  0.799509	  0.800193	  0.800767	  0.801235	  0.801605	  0.801884	  0.802078	  0.802191	  0.802232	  0.802207	  0.802123	  0.801988	   0.80181
   460	     0	         0	         0	         0	         0	         0	         0	         0	         0	         0	         0	         0	         0	         0	         0	         0	         0	 0.0015867	0.00318347	0.00491133	0.00681155	 0.0163518	 0.0315616	 0.0538029	 0.0825521	  0.115135	  0.158754	  0.214215	  0.295856	   0.34919	  0.386481	  0.420291	  0.460173	   0.50843	   0.54573	  0.573895	  0.605965	  0.636771	  0.662491	  0.687547	  0.708674	  0.727482	  0.743143	  0.756295	  0.767469	  0.773172	   0.77744	  0.780777	  0.783486	  0.785766	  0.787743	  0.789503	  0.791106	  0.792586	  0.793954	  0.795207	  0.796348	  0.797373	  0.798282	  0.799075	  0.799753	  0.800319	  0.800778	  0.801138	  0.801408	  0.801593	  0.801701	   0.80174	  0.801718	  0.801641	  0.801519	  0.801358
   461	     0	         0	         0	         0	         0	         0	         0	         0	         0	         0	         0	         0	         0	         0	         0	         0	         0	0.00156506	0.00314492	0.00485867	0.00674677	 0.0162044	 0.0312923	 0.0533554	 0.0818624	  0.114137	   0.15728	  0.212006	  0.292399	  0.344673	  0.380867	  0.413663	  0.452381	  0.499246	  0.535141	  0.561879	  0.592249	  0.623047	   0.64993	  0.676712	  0.699685	  0.720346	   0.73771	  0.752364	  0.764828	  0.771185	  0.775898	   0.77954	  0.782462	  0.784892	  0.786977	  0.788816	   0.79048	  0.792009	  0.793417	  0.794708	  0.795884	  0.796947	  0.797897	  0.798735	  0.799464	  0.800084	  0.800601	  0.801023	  0.801356	  0.801607	  0.801781	  0.801884	  0.801924	  0.801906	  0.801839	  0.801729
   462	     0	         0	         0	         0	         0	         0	         0	         0	         0	         0	         0	         0	         0	         0	         0	         0	         0	0.00164363	0.00328011	0.00503705	0.00695743	 0.0166526	 0.0320581	 0.0545262	 0.0834913	  0.116224	  0.159966	  0.215472	  0.297007	  0.349887	  0.386644	  0.419673	  0.458638	  0.505762	  0.541847	  0.568666	  0.599143	  0.629229	  0.655123	  0.680894	     0.703	  0.722935	  0.739717	  0.753907	  0.765992	  0.772282	   0.77697	  0.780603	  0.783519	  0.785945	  0.788024	  0.789859	  0.791519	  0.793045	  0.794453	  0.795747	  0.796929	     0.798	   0.79896	  0.799811	  0.800552	  0.801186	  0.801716	   0.80215	  0.802494	  0.802754	  0.802934	  0.803042	  0.803083	  0.803065	  0.802994	  0.802877
   463	     0	         0	         0	         0	         0	         0	         0	         0	         0	         0	         0	         0	         0	         0	         0	         0	         0	 0.0016389	0.00323889	0.00493377	0.00676895	 0.0161335	 0.0309573	 0.0525145	 0.0802372	    0.1115	   0.15333	  0.206447	  0.284413	  0.335035	  0.369936	  0.401618	  0.439152	  0.484525	  0.519038	  0.544556	  0.573428	  0.605071	  0.634103	  0.663502	   0.68912	  0.712276	  0.731788	  0.748232	  0.762156	  0.769126	  0.774212	  0.778087	  0.781156	  0.783682	  0.785833	  0.787723	   0.78943	  0.791003	  0.792458	  0.793802	  0.795038	  0.796167	  0.797189	  0.798106	  0.798917	  0.799623	  0.800228	  0.800739	   0.80116	  0.801497	  0.801754	  0.801937	  0.802051	  0.802103	  0.802099	  0.802046
   464	     0	         0	         0	         0	         0	         0	         0	         0	         0	         0	         0	         0	         0	         0	         0	         0	         0	0.00166513	0.00332532	 0.0051088	0.00705857	 0.0169038	 0.0325488	 0.0553788	 0.0848258	  0.118125	  0.162615	  0.219063	  0.302025	  0.355818	  0.393441	  0.427123	  0.466798	  0.514803	  0.551806	  0.579494	   0.61104	  0.640724	  0.665359	  0.689552	  0.710034	  0.728394	  0.743774	  0.756753	  0.767814	  0.773671	  0.778088	   0.78155	  0.784362	  0.786724	  0.788769	  0.790587	  0.792243	  0.793771	  0.795185	  0.796486	  0.797676	  0.798753	  0.799718	   0.80057	  0.801312	  0.801943	  0.802469	  0.802899	  0.803238	  0.803493	  0.803669	  0.803774	  0.803813	  0.803794	  0.803724	   0.80361
   465	     0	         0	         0	         0	         0	         0	         0	         0	         0	         0	         0	         0	         0	         0	         0	         0	         0	 0.0015867	0.00318347	0.00491133	0.00681155	 0.0163518	 0.0315616	 0.0538029	 0.0825521	  0.115135	  0.158754	  0.214215	  0.295856	   0.34919	  0.386481	  0.420291	  0.460173	   0.50843	   0.54573	  0.573895	  0.605965	  0.636771	  0.662491	  0.687547	  0.708674	  0.727482	  0.743143	  0.756295	  0.767469	  0.773172	   0.77744	  0.780777	  0.783486	  0.785766	  0.787743	  0.789503	  0.791106	  0.792586	  0.793954	  0.795207	  0.796348	  0.797373	  0.798282	  0.799075	  0.799753	  0.800319	  0.800778	  0.801138	  0.801408	  0.801593	  0.801701	   0.80174	  0.801718	  0.801641	  0.801519	  0.801358
   466	     0	         0	         0	         0	         0	         0	         0	         0	         0	         0	         0	         0	         0	         0	         0	         0	         0	0.00166036	0.00333042	0.00513756	0.00712482	 0.0171085	 0.0330234	  0.056292	 0.0863514	   0.12038	  0.165807	   0.22338	  0.307928	  0.362784	  0.401356	  0.435767	  0.476213	  0.525195	  0.563268	  0.592034	  0.624999	  0.654196	   0.67723	  0.699387	  0.717877	  0.734345	  0.748007	  0.759482	  0.769257	  0.774619	  0.778736	  0.782022	  0.784734	  0.787045	  0.789067	  0.790878	  0.792533	  0.794064	   0.79548	  0.796785	  0.797978	   0.79906	  0.800031	  0.800893	  0.801647	  0.802294	   0.80284	  0.803294	  0.803661	  0.803947	  0.804158	  0.804301	  0.804381	  0.804406	  0.804382	  0.804315
   467	     0	         0	         0	         0	         0	         0	         0	         0	         0	         0	         0	         0	         0	         0	         0	         0	         0	0.00164297	0.00329333	 0.0050766	 0.0070351	 0.0168791	  0.032558	  0.055467	 0.0850483	  0.118526	  0.163237	  0.219927	  0.303211	  0.357245	  0.395046	   0.42892	  0.468802	  0.517088	  0.554398	  0.582405	  0.614384	  0.643992	  0.668224	   0.69185	  0.711774	  0.729597	  0.744478	  0.757017	  0.767706	  0.773401	  0.777717	  0.781118	  0.783894	  0.786237	  0.788271	  0.790082	   0.79173	   0.79325	  0.794654	  0.795943	  0.797118	   0.79818	  0.799129	  0.799966	  0.800692	   0.80131	  0.801823	  0.802242	  0.802572	   0.80282	   0.80299	  0.803091	  0.803128	  0.803109	  0.803041	  0.802929
   468	     0	         0	         0	         0	         0	         0	         0	         0	         0	         0	         0	         0	         0	         0	         0	         0	         0	0.00162583	0.00325418	0.00500813	0.00692857	 0.0165846	 0.0319274	  0.054294	 0.0831095	  0.115647	  0.159065	  0.214058	  0.294761	  0.346992	  0.383207	  0.415885	   0.45451	  0.501315	  0.537214	  0.563981	  0.594429	  0.625102	  0.651766	  0.678293	  0.701029	  0.721468	  0.738632	   0.75311	  0.765419	  0.771709	  0.776376	  0.779984	  0.782878	  0.785285	   0.78735	  0.789171	  0.790819	  0.792333	  0.793727	  0.795004	  0.796166	  0.797214	  0.798148	   0.79897	  0.799681	  0.800282	   0.80078	  0.801182	  0.801496	  0.801727	  0.801882	  0.801967	   0.80199	  0.801958	  0.801877	  0.801754
   469	     0	         0	         0	         0	         0	         0	         0	         0	         0	         0	         0	         0	         0	         0	         0	         0	         0	0.00166036	0.00333042	0.00513756	0.00712482	 0.0171085	 0.0330234	  0.056292	 0.0863514	   0.12038	  0.165807	   0.22338	  0.307928	  0.362784	  0.401356	  0.435767	  0.476213	  0.525195	  0.563268	  0.592034	  0.624999	  0.654196	   0.67723	  0.699387	  0.717877	  0.734345	  0.748007	  0.759482	  0.769257	  0.774619	  0.778736	  0.782022	  0.784734	  0.787045	  0.789067	  0.790878	  0.792533	  0.794064	   0.79548	  0.796785	  0.797978	   0.79906	  0.800031	  0.800893	  0.801647	  0.802294	   0.80284	  0.803294	  0.803661	  0.803947	  0.804158	  0.804301	  0.804381	  0.804406	  0.804382	  0.804315
   470	     0	         0	         0	         0	         0	         0	         0	         0	         0	         0	         0	         0	         0	         0	         0	         0	         0	  0.001555	 0.0031296	0.00484159	0.00673125	 0.0161851	 0.0312845	 0.0533891	 0.0819806	  0.114387	  0.157723	  0.212714	  0.293557	  0.346192	  0.382735	  0.415867	   0.45494	  0.502222	  0.538544	  0.565693	  0.596546	  0.627336	   0.65388	  0.680181	  0.702599	  0.722688	  0.739533	  0.753736	  0.765818	  0.771988	  0.776583	  0.780153	  0.783034	  0.785446	  0.787527	  0.789375	  0.791053	  0.792601	  0.794031	  0.795346	  0.796547	  0.797635	  0.798609	  0.799472	  0.800225	  0.800868	  0.801407	  0.801851	  0.802206	  0.802478	  0.802671	  0.802793	   0.80285	  0.802849	  0.802797	  0.802699
   471	     0	         0	         0	         0	         0	         0	         0	         0	         0	         0	         0	         0	         0	         0	         0	         0	         0	0.00163555	0.00325971	0.00500031	0.00690051	 0.0165161	 0.0317937	 0.0540817	 0.0828254	  0.115325	  0.158792	   0.21397	  0.295071	  0.347733	  0.384368	  0.417409	  0.456426	  0.503648	   0.53993	  0.567021	  0.597841	  0.628415	  0.654716	  0.680741	  0.702977	  0.722927	  0.739634	    0.7537	  0.765647	  0.771765	  0.776309	  0.779828	  0.782656	  0.785014	  0.787042	  0.788837	  0.790465	  0.791967	  0.793355	  0.794632	  0.795799	  0.796858	  0.797806	  0.798645	  0.799376	  0.799999	  0.800519	  0.800943	  0.801278	   0.80153	  0.801702	  0.801803	  0.801838	  0.801814	  0.801738	  0.801617
   472	     0	         0	         0	         0	         0	         0	         0	         0	         0	         0	         0	         0	         0	         0	         0	         0	         0	0.00169307	0.00338841	0.00521525	0.00721687	 0.0173029	 0.0333461	 0.0567714	 0.0870065	  0.121221	  0.166929	  0.224958	  0.310256	  0.365641	  0.404654	  0.439301	  0.480016	  0.529288	  0.567553	  0.596409	  0.629438	  0.658052	  0.680304	  0.701717	  0.719571	  0.735513	  0.748754	  0.759877	  0.769342	  0.774624	  0.778671	  0.781879	  0.784502	  0.786715	  0.788634	  0.790338	  0.791885	  0.793308	  0.794618	  0.795815	  0.796902	  0.797876	  0.798736	  0.799484	   0.80012	  0.800645	  0.801065	  0.801387	  0.801619	  0.801767	  0.801836	  0.801835	   0.80177	   0.80165	  0.801481	  0.801272
   473	     0	         0	         0	         0	         0	         0	         0	         0	         0	         0	         0	         0	         0	         0	         0	         0	         0	0.00158037	0.00314347	0.00481475	0.00663699	 0.0158708	 0.0305368	 0.0519238	 0.0794968	  0.110668	  0.152417	  0.205487	  0.283496	  0.334321	  0.369399	  0.401367	  0.439199	  0.484913	  0.519743	  0.545577	  0.574769	  0.606603	  0.635683	  0.665087	  0.690601	  0.713603	  0.732981	  0.749312	   0.76314	  0.770039	  0.775078	  0.778921	  0.781968	  0.784479	  0.786619	  0.788501	  0.790202	  0.791766	  0.793213	  0.794545	  0.795767	  0.796878	  0.797879	  0.798771	  0.799554	  0.800228	  0.800799	  0.801272	  0.801655	  0.801952	  0.802168	   0.80231	  0.802383	  0.802394	   0.80235	  0.802257
   474	     0	         0	         0	         0	         0	         0	         0	         0	         0	         0	         0	         0	         0	         0	         0	         0	         0	0.00164297	0.00329333	 0.0050766	 0.0070351	 0.0168791	  0.032558	  0.055467	 0.0850483	  0.118526	  0.163237	  0.219927	  0.303211	  0.357245	  0.395046	   0.42892	  0.468802	  0.517088	  0.554398	  0.582405	  0.614384	  0.643992	  0.668224	   0.69185	  0.711774	  0.729597	  0.744478	  0.757017	  0.767706	  0.773401	  0.777717	  0.781118	  0.783894	  0.786237	  0.788271	  0.790082	   0.79173	   0.79325	  0.794654	  0.795943	  0.797118	   0.79818	  0.799129	  0.799966	  0.800692	   0.80131	  0.801823	  0.802242	  0.802572	   0.80282	   0.80299	  0.803091	  0.803128	  0.803109	  0.803041	  0.802929
   475	     0	         0	         0	         0	         0	         0	         0	         0	         0	         0	         0	         0	         0	         0	         0	         0	         0	0.00169769	0.00337188	0.00515581	0.00709402	 0.0169363	 0.0325282	 0.0552239	 0.0844356	  0.117407	  0.161457	  0.217347	   0.29942	  0.352577	  0.389668	  0.422893	  0.462116	  0.509589	  0.546089	  0.573337	   0.60437	  0.634369	  0.659765	  0.684815	  0.706181	  0.725379	  0.741468	  0.755034	  0.766577	    0.7726	  0.777105	  0.780611	  0.783438	    0.7858	  0.787834	  0.789635	   0.79127	  0.792778	  0.794171	  0.795452	  0.796622	  0.797682	   0.79863	  0.799467	  0.800193	  0.800811	  0.801323	  0.801739	  0.802064	  0.802304	  0.802465	  0.802553	  0.802575	  0.802539	  0.802451	  0.802318
   476	     0	         0	         0	         0	         0	         0	         0	         0	         0	         0	         0	         0	         0	         0	         0	         0	         0	0.00145611	0.00293114	0.00453687	0.00631231	  0.015202	 0.0294309	 0.0503047	 0.0773683	  0.108131	  0.149458	  0.202145	  0.279787	   0.33091	  0.366289	  0.398878	  0.437407	  0.483972	  0.519721	  0.546572	  0.576935	  0.609641	  0.639093	  0.668504	  0.693728	  0.716246	   0.73506	  0.750818	  0.764113	  0.770582	  0.775288	  0.778879	  0.781735	    0.7841	  0.786125	  0.787914	  0.789536	  0.791032	  0.792415	  0.793687	   0.79485	  0.795902	  0.796842	  0.797672	   0.79839	  0.798998	  0.799499	  0.799903	  0.800215	   0.80044	  0.800584	  0.800654	  0.800656	  0.800598	  0.800486	  0.800328
   477	     0	         0	         0	         0	         0	         0	         0	         0	         0	         0	         0	         0	         0	         0	         0	         0	         0	0.00166784	0.00332261	0.00509463	0.00702788	 0.0168253	 0.0323885	 0.0550985	  0.084402	  0.117564	   0.16197	  0.218483	   0.30168	  0.355861	  0.393768	  0.427701	  0.467687	  0.516018	  0.553212	  0.580999	  0.612627	  0.642003	  0.666224	  0.689993	   0.71017	  0.728312	  0.743509	  0.756323	  0.767221	  0.773015	  0.777351	  0.780713	  0.783405	  0.785634	  0.787537	  0.789206	   0.79071	  0.792088	  0.793355	  0.794512	  0.795563	  0.796505	  0.797337	   0.79806	  0.798673	  0.799176	  0.799573	  0.799872	  0.800077	  0.800195	  0.800229	  0.800189	   0.80008	  0.799909	  0.799685	  0.799415
   478	     0	         0	         0	         0	         0	         0	         0	         0	         0	         0	         0	         0	         0	         0	         0	         0	         0	0.00163841	0.00326305	0.00500157	0.00689695	  0.016502	 0.0317496	 0.0539845	 0.0826527	  0.115068	  0.158462	  0.213642	  0.294839	  0.347641	  0.384346	  0.417423	  0.456491	  0.503737	  0.539912	   0.56683	  0.597379	  0.627708	  0.653875	  0.679904	    0.7022	  0.722271	  0.739147	  0.753388	  0.765486	  0.771692	  0.776275	  0.779793	   0.78259	  0.784893	   0.78685	  0.788565	  0.790108	  0.791523	  0.792823	  0.794012	   0.79509	  0.796058	  0.796914	  0.797658	  0.798291	  0.798813	  0.799229	  0.799546	  0.799771	   0.79991	  0.799969	  0.799955	  0.799875	  0.799737	   0.79955	   0.79932
   479	     0	         0	         0	         0	         0	         0	         0	         0	         0	         0	         0	         0	         0	         0	         0	         0	         0	0.00163841	0.00326305	0.00500157	0.00689695	  0.016502	 0.0317496	 0.0539845	 0.0826527	  0.115068	  0.158462	  0.213642	  0.294839	  0.347641	  0.384346	  0.417423	  0.456491	  0.503737	  0.539912	   0.56683	  0.597379	  0.627708	  0.653875	  0.679904	    0.7022	  0.722271	  0.739147	  0.753388	  0.765486	  0.771692	  0.776275	  0.779793	   0.78259	  0.784893	   0.78685	  0.788565	  0.790108	  0.791523	  0.792823	  0.794012	   0.79509	  0.796058	  0.796914	  0.797658	  0.798291	  0.798813	  0.799229	  0.799546	  0.799771	   0.79991	  0.799969	  0.799955	  0.799875	  0.799737	   0.79955	   0.79932
   480	     0	         0	         0	         0	         0	         0	         0	         0	         0	         0	         0	         0	         0	         0	         0	         0	         0	0.00168902	0.00335449	0.00512912	0.00705713	 0.0168256	 0.0322906	 0.0547658	  0.083641	  0.116158	  0.159505	  0.214345	  0.294669	  0.346483	  0.382385	  0.414654	  0.452826	  0.499069	  0.534461	  0.560767	  0.590706	  0.621391	  0.648383	  0.675331	  0.698551	  0.719471	  0.737048	  0.751872	   0.76447	  0.770896	  0.775656	  0.779332	  0.782281	  0.784734	  0.786841	  0.788702	  0.790388	   0.79194	  0.793374	  0.794694	  0.795902	  0.796999	  0.797986	  0.798865	  0.799635	  0.800299	  0.800862	  0.801331	  0.801712	  0.802012	  0.802234	  0.802386	  0.802474	  0.802503	  0.802482	  0.802416
   481	     0	         0	         0	         0	         0	         0	         0	         0	         0	         0	         0	         0	         0	         0	         0	         0	         0	0.00148882	0.00301838	0.00470136	0.00657758	 0.0159064	 0.0308957	 0.0529471	 0.0816004	  0.114222	   0.15797	  0.213686	  0.295861	  0.349778	  0.387374	  0.421463	  0.461487	  0.509749	  0.546758	  0.574352	  0.605583	  0.635497	  0.660673	  0.685625	  0.706813	  0.725872	  0.741956	  0.755605	   0.76728	  0.773442	   0.77808	  0.781703	  0.784629	  0.787074	  0.789178	  0.791037	  0.792715	  0.794253	  0.795666	   0.79696	  0.798137	  0.799199	  0.800147	  0.800983	  0.801709	  0.802325	  0.802836	  0.803251	  0.803575	  0.803812	  0.803969	  0.804051	  0.804064	  0.804015	   0.80391	  0.803756
   482	     0	         0	         0	         0	         0	         0	         0	         0	         0	         0	         0	         0	         0	         0	         0	         0	         0	 0.0015867	0.00318347	0.00491133	0.00681155	 0.0163518	 0.0315616	 0.0538029	 0.0825521	  0.115135	  0.158754	  0.214215	  0.295856	   0.34919	  0.386481	  0.420291	  0.460173	   0.50843	   0.54573	  0.573895	  0.605965	  0.636771	  0.662491	  0.687547	  0.708674	  0.727482	  0.743143	  0.756295	  0.767469	  0.773172	   0.77744	  0.780777	  0.783486	  0.785766	  0.787743	  0.789503	  0.791106	  0.792586	  0.793954	  0.795207	  0.796348	  0.797373	  0.798282	  0.799075	  0.799753	  0.800319	  0.800778	  0.801138	  0.801408	  0.801593	  0.801701	   0.80174	  0.801718	  0.801641	  0.801519	  0.801358
   483	     0	         0	         0	         0	         0	         0	         0	         0	         0	         0	         0	         0	         0	         0	         0	         0	         0	0.00150072	0.00301788	0.00466503	0.00648096	 0.0155722	 0.0300824	 0.0513131	  0.078766	  0.109885	  0.151589	  0.204648	  0.282713	  0.333796	   0.36903	  0.401281	  0.439424	  0.485534	  0.520715	    0.5469	  0.576473	   0.60841	  0.637363	   0.66656	  0.691795	  0.714506	  0.733637	  0.749761	  0.763422	  0.770213	  0.775167	  0.778938	  0.781919	  0.784366	  0.786441	  0.788254	  0.789883	  0.791372	  0.792736	  0.793982	  0.795111	  0.796124	  0.797022	  0.797806	  0.798477	  0.799037	   0.79949	  0.799846	   0.80011	  0.800289	  0.800388	  0.800416	  0.800378	  0.800282	  0.800136	  0.799947
   484	     0	         0	         0	         0	         0	         0	         0	         0	         0	         0	         0	         0	         0	         0	         0	         0	         0	0.00159031	0.00317404	0.00487681	0.00674187	 0.0161634	 0.0311697	 0.0531027	 0.0814424	  0.113546	  0.156559	   0.21126	  0.291757	  0.344265	  0.380751	  0.413813	  0.452827	  0.499978	  0.536139	  0.563117	  0.593738	  0.624598	  0.651413	  0.678035	  0.700826	  0.721285	  0.738434	  0.752875	  0.765134	   0.77136	  0.775965	  0.779517	  0.782362	  0.784728	  0.786759	  0.788554	   0.79018	  0.791679	  0.793064	   0.79434	  0.795508	  0.796568	  0.797518	  0.798361	  0.799096	  0.799723	  0.800247	  0.800675	  0.801012	  0.801265	  0.801436	  0.801534	  0.801564	  0.801533	  0.801446	  0.801312
   485	     0	         0	         0	         0	         0	         0	         0	         0	         0	         0	         0	         0	         0	         0	         0	         0	         0	0.00156037	0.00314804	0.00488123	0.00680064	 0.0163879	 0.0317326	 0.0542381	 0.0833976	    0.1165	  0.160783	  0.216999	  0.299713	  0.353626	  0.391278	  0.425267	  0.465249	  0.513626	  0.551002	  0.579087	  0.611112	   0.64115	  0.665929	  0.690118	  0.710499	  0.728699	  0.743893	  0.756693	  0.767604	  0.773346	  0.777689	   0.78111	  0.783905	  0.786268	  0.788323	  0.790156	  0.791826	  0.793368	  0.794794	  0.796105	  0.797304	  0.798391	  0.799365	  0.800228	  0.800983	   0.80163	  0.802175	  0.802625	  0.802988	  0.803267	  0.803469	  0.803601	  0.803667	  0.803675	  0.803631	  0.803542
   486	     0	         0	         0	         0	         0	         0	         0	         0	         0	         0	         0	         0	         0	         0	         0	         0	         0	0.00164064	0.00328897	0.00507035	0.00702701	 0.0168568	 0.0325117	 0.0553792	 0.0848927	   0.11827	  0.162813	  0.219232	  0.302056	  0.355669	  0.393067	  0.426561	  0.466006	  0.513764	  0.550546	   0.57803	   0.60937	  0.639016	  0.663725	  0.688038	  0.708668	  0.727189	  0.742718	  0.755836	  0.767029	  0.772961	  0.777438	   0.78095	  0.783802	  0.786198	  0.788271	   0.79011	  0.791779	  0.793315	  0.794732	  0.796032	  0.797218	  0.798291	  0.799251	    0.8001	  0.800841	  0.801473	  0.802004	   0.80244	  0.802789	  0.803057	  0.803248	   0.80337	  0.803429	  0.803431	  0.803383	  0.803293
   487	     0	         0	         0	         0	         0	         0	         0	         0	         0	         0	         0	         0	         0	         0	         0	         0	         0	0.00165217	0.00331086	0.00510444	0.00707669	 0.0170094	 0.0328563	 0.0560552	 0.0860647	  0.120088	  0.165585	  0.223348	  0.308298	  0.363535	  0.402409	  0.437053	   0.47772	  0.526904	   0.56509	   0.59385	  0.626755	  0.655575	  0.678194	  0.699993	  0.718193	   0.73444	  0.747945	  0.759308	  0.768998	  0.774399	  0.778556	  0.781874	  0.784607	  0.786932	  0.788962	  0.790776	   0.79243	  0.793956	  0.795367	  0.796664	   0.79785	  0.798926	  0.799891	  0.800747	  0.801497	   0.80214	  0.802682	  0.803131	  0.803494	  0.803774	  0.803978	  0.804112	  0.804181	  0.804192	  0.804151	  0.804065
   488	     0	         0	         0	         0	         0	         0	         0	         0	         0	         0	         0	         0	         0	         0	         0	         0	         0	0.00161506	0.00324067	0.00499858	 0.0069298	 0.0166372	 0.0321031	 0.0547172	 0.0839512	  0.117094	  0.161472	  0.217924	  0.301105	  0.355409	  0.393554	  0.427969	   0.46853	  0.517649	  0.555841	  0.584828	  0.617956	  0.648204	   0.67253	  0.695923	  0.715443	  0.732742	  0.747046	  0.759001	  0.769126	  0.774401	   0.77837	  0.781485	   0.78402	  0.786156	   0.78801	   0.78966	  0.791164	  0.792552	  0.793833	  0.795005	  0.796069	  0.797021	  0.797859	  0.798583	  0.799194	  0.799693	  0.800083	  0.800374	  0.800572	  0.800684	  0.800716	  0.800676	   0.80057	  0.800408	  0.800197	  0.799945
   489	     0	         0	         0	         0	         0	         0	         0	         0	         0	         0	         0	         0	         0	         0	         0	         0	         0	0.00161248	0.00320774	0.00491277	0.00677042	  0.016176	  0.031099	  0.052833	 0.0808148	  0.112396	  0.154614	  0.208176	  0.286788	  0.337774	  0.372893	  0.404737	  0.442441	  0.488057	  0.522757	   0.54841	  0.577453	  0.608768	  0.637233	  0.666027	  0.691052	  0.713674	  0.732761	  0.748874	  0.762539	  0.769413	  0.774439	   0.77827	  0.781302	  0.783792	  0.785906	  0.787756	  0.789421	  0.790946	   0.79235	  0.793638	  0.794812	  0.795873	  0.796823	  0.797663	  0.798393	  0.799016	  0.799535	  0.799959	  0.800294	  0.800546	   0.80072	  0.800823	  0.800862	  0.800844	  0.800775	  0.800663
   490	     0	         0	         0	         0	         0	         0	         0	         0	         0	         0	         0	         0	         0	         0	         0	         0	         0	0.00156506	0.00314492	0.00485867	0.00674677	 0.0162044	 0.0312923	 0.0533554	 0.0818624	  0.114137	   0.15728	  0.212006	  0.292399	  0.344673	  0.380867	  0.413663	  0.452381	  0.499246	  0.535141	  0.561879	  0.592249	  0.623047	   0.64993	  0.676712	  0.699685	  0.720346	   0.73771	  0.752364	  0.764828	  0.771185	  0.775898	   0.77954	  0.782462	  0.784892	  0.786977	  0.788816	   0.79048	  0.792009	  0.793417	  0.794708	  0.795884	  0.796947	  0.797897	  0.798735	  0.799464	  0.800084	  0.800601	  0.801023	  0.801356	  0.801607	  0.801781	  0.801884	  0.801924	  0.801906	  0.801839	  0.801729
   491	     0	         0	         0	         0	         0	         0	         0	         0	         0	         0	         0	         0	         0	         0	         0	         0	         0	0.00158809	 0.0031599	0.00483872	 0.0066659	 0.0159188	 0.0305856	 0.0519363	 0.0794193	  0.110446	  0.151986	  0.204806	  0.282451	     0.333	  0.367781	   0.39948	  0.437069	  0.482523	  0.517051	  0.542606	  0.571456	  0.603285	  0.632581	  0.662338	  0.688244	  0.711656	  0.731421	  0.748085	   0.76218	  0.769179	  0.774244	  0.778061	  0.781047	  0.783468	    0.7855	   0.78726	  0.788831	  0.790261	  0.791569	   0.79276	  0.793837	  0.794799	  0.795648	  0.796383	  0.797006	  0.797517	  0.797921	  0.798227	  0.798441	  0.798568	  0.798616	  0.798591	  0.798501	  0.798354	  0.798158	   0.79792
   492	     0	         0	         0	         0	         0	         0	         0	         0	         0	         0	         0	         0	         0	         0	         0	         0	         0	0.00161139	0.00322754	 0.0049696	0.00687768	 0.0164673	 0.0317044	 0.0539174	 0.0825339	  0.114841	  0.157953	  0.212556	  0.292689	  0.344493	  0.380205	  0.412424	  0.450528	  0.496699	  0.531881	  0.557877	  0.587375	  0.617933	  0.645093	  0.672468	  0.696105	  0.717459	   0.73549	  0.750736	  0.763692	  0.770294	  0.775146	  0.778855	  0.781795	   0.78421	  0.786258	  0.788049	  0.789658	   0.79113	  0.792481	  0.793713	   0.79483	  0.795832	  0.796719	  0.797494	  0.798157	   0.79871	  0.799158	   0.79951	  0.799773	  0.799953	  0.800057	   0.80009	  0.800062	  0.799978	  0.799847	  0.799676
   493	     0	         0	         0	         0	         0	         0	         0	         0	         0	         0	         0	         0	         0	         0	         0	         0	         0	0.00166004	0.00331158	0.00508297	0.00701705	 0.0167983	 0.0323353	 0.0549975	 0.0842188	  0.117252	  0.161403	  0.217429	  0.299756	  0.353182	  0.390495	  0.423998	  0.463532	   0.51142	  0.548392	  0.576132	  0.607804	  0.637943	  0.663119	   0.68775	  0.708639	  0.727327	  0.742904	  0.755991	  0.767101	  0.772887	  0.777222	  0.780605	  0.783345	  0.785643	  0.787631	  0.789398	  0.791008	  0.792496	  0.793876	  0.795148	  0.796314	  0.797374	  0.798325	   0.79917	  0.799907	  0.800538	  0.801067	  0.801502	  0.801848	  0.802111	  0.802295	  0.802409	  0.802456	  0.802445	  0.802383	  0.802274
   494	     0	         0	         0	         0	         0	         0	         0	         0	         0	         0	         0	         0	         0	         0	         0	         0	         0	0.00155937	0.00311719	0.00479775	0.00664422	 0.0159541	  0.030812	 0.0525551	 0.0806749	  0.112545	  0.155245	  0.209534	  0.289386	  0.341485	  0.377525	  0.410193	  0.448707	  0.495194	  0.530634	  0.556855	  0.586539	  0.617351	  0.644752	  0.672308	  0.696117	  0.717621	  0.735761	  0.751097	   0.76414	   0.77081	  0.775742	   0.77954	  0.782579	  0.785102	  0.787265	  0.789176	  0.790907	  0.792503	  0.793982	   0.79535	  0.796611	  0.797767	  0.798818	  0.799766	  0.800612	  0.801355	     0.802	  0.802552	  0.803016	  0.803398	  0.803699	  0.803926	  0.804084	  0.804178	  0.804213	  0.804196
   495	     0	         0	         0	         0	         0	         0	         0	         0	         0	         0	         0	         0	         0	         0	         0	         0	         0	 0.0016134	0.00322717	0.00496713	 0.0068765	 0.0165055	 0.0318546	 0.0543072	 0.0833434	  0.116268	  0.160382	  0.216523	  0.299222	  0.353233	  0.391042	  0.425109	  0.465221	  0.513703	  0.551144	  0.579284	  0.611342	  0.641373	  0.666141	  0.690295	   0.71068	   0.72889	  0.744068	  0.756822	  0.767656	  0.773317	  0.777562	  0.780875	  0.783555	  0.785801	  0.787741	  0.789463	   0.79103	  0.792476	  0.793814	  0.795045	  0.796171	  0.797189	  0.798098	  0.798899	  0.799591	  0.800174	  0.800652	  0.801032	  0.801321	  0.801522	  0.801642	  0.801688	  0.801664	  0.801579	   0.80144	  0.801252
   496	     0	         0	         0	         0	         0	         0	         0	         0	         0	         0	         0	         0	         0	         0	         0	         0	         0	0.00163841	0.00326305	0.00500157	0.00689695	  0.016502	 0.0317496	 0.0539845	 0.0826527	  0.115068	  0.158462	  0.213642	  0.294839	  0.347641	  0.384346	  0.417423	  0.456491	  0.503737	  0.539912	   0.56683	  0.597379	  0.627708	  0.653875	  0.679904	    0.7022	  0.722271	  0.739147	  0.753388	  0.765486	  0.771692	  0.776275	  0.779793	   0.78259	  0.784893	   0.78685	  0.788565	  0.790108	  0.791523	  0.792823	  0.794012	   0.79509	  0.796058	  0.796914	  0.797658	  0.798291	  0.798813	  0.799229	  0.799546	  0.799771	   0.79991	  0.799969	  0.799955	  0.799875	  0.799737	   0.79955	   0.79932
   497	     0	         0	         0	         0	         0	         0	         0	         0	         0	         0	         0	         0	         0	         0	         0	         0	         0	0.00163429	0.00323536	0.00493588	0.00678149	 0.0161748	 0.0310622	 0.0527376	 0.0806513	  0.112184	  0.154419	  0.208146	  0.287151	  0.338662	  0.374408	  0.406866	  0.445237	  0.491542	  0.526859	  0.553089	  0.582716	  0.614079	  0.642202	  0.670468	  0.694885	  0.716887	  0.735432	  0.751089	  0.764384	  0.771083	  0.776012	  0.779794	  0.782807	  0.785301	  0.787434	  0.789314	  0.791017	  0.792586	  0.794037	  0.795375	  0.796601	  0.797716	  0.798719	   0.79961	   0.80039	   0.80106	  0.801623	  0.802087	  0.802459	  0.802742	  0.802943	  0.803067	  0.803121	  0.803112	  0.803047	  0.802932
   498	     0	         0	         0	         0	         0	         0	         0	         0	         0	         0	         0	         0	         0	         0	         0	         0	         0	0.00162482	0.00324598	0.00498765	0.00689129	 0.0164845	 0.0317198	 0.0539248	 0.0825317	  0.114838	  0.157977	  0.212642	  0.292892	  0.344932	  0.381069	    0.4138	  0.452518	  0.499452	   0.53557	  0.562649	  0.593482	  0.624698	  0.651794	  0.678576	  0.701424	  0.721848	  0.738907	  0.753234	  0.765381	   0.77148	  0.775994	  0.779487	    0.7823	   0.78465	  0.786679	  0.788478	  0.790116	  0.791629	  0.793029	  0.794316	   0.79549	  0.796552	    0.7975	  0.798336	   0.79906	  0.799674	  0.800184	  0.800599	  0.800925	  0.801169	  0.801337	  0.801437	  0.801475	  0.801459	  0.801396	  0.801293
   499	     0	         0	         0	         0	         0	         0	         0	         0	         0	         0	         0	         0	         0	         0	         0	         0	         0	0.00156506	0.00314492	0.00485867	0.00674677	 0.0162044	 0.0312923	 0.0533554	 0.0818624	  0.114137	   0.15728	  0.212006	  0.292399	  0.344673	  0.380867	  0.413663	  0.452381	  0.499246	  0.535141	  0.561879	  0.592249	  0.623047	   0.64993	  0.676712	  0.699685	  0.720346	   0.73771	  0.752364	  0.764828	  0.771185	  0.775898	   0.77954	  0.782462	  0.784892	  0.786977	  0.788816	   0.79048	  0.792009	  0.793417	  0.794708	  0.795884	  0.796947	  0.797897	  0.798735	  0.799464	  0.800084	  0.800601	  0.801023	  0.801356	  0.801607	  0.801781	  0.801884	  0.801924	  0.801906	  0.801839	  0.801729
   500	     0	         0	         0	         0	         0	         0	         0	         0	         0	         0	         0	         0	         0	         0	         0	         0	         0	0.00166036	0.00333042	0.00513756	0.00712482	 0.0171085	 0.0330234	  0.056292	 0.0863514	   0.12038	  0.165807	   0.22338	  0.307928	  0.362784	  0.401356	  0.435767	  0.476213	  0.525195	  0.563268	  0.592034	  0.624999	  0.654196	   0.67723	  0.699387	  0.717877	  0.734345	  0.748007	  0.759482	  0.769257	  0.774619	  0.778736	  0.782022	  0.784734	  0.787045	  0.789067	  0.790878	  0.792533	  0.794064	   0.79548	  0.796785	  0.797978	   0.79906	  0.800031	  0.800893	  0.801647	  0.802294	   0.80284	  0.803294	  0.803661	  0.803947	  0.804158	  0.804301	  0.804381	  0.804406	  0.804382	  0.804315
   501	     0	         0	         0	         0	         0	         0	         0	         0	         0	         0	         0	         0	         0	         0	         0	         0	         0	0.00166217	0.00332632	0.00511749	0.00707686	  0.016942	 0.0326089	 0.0554473	 0.0848765	  0.118122	  0.162505	  0.218771	  0.301419	  0.354973	  0.392368	   0.42594	  0.465588	   0.51368	  0.550864	  0.578838	  0.610806	  0.640835	  0.665631	  0.689793	  0.710198	  0.728422	  0.743596	  0.756335	  0.767152	  0.772782	  0.776997	  0.780283	  0.782937	  0.785157	  0.787069	   0.78876	  0.790292	  0.791701	  0.792997	   0.79418	   0.79525	  0.796207	  0.797049	  0.797777	  0.798393	  0.798898	  0.799297	  0.799601	  0.799815	  0.799948	  0.800006	  0.799996	  0.799928	  0.799808	  0.799645	  0.799447
   502	     0	         0	         0	         0	         0	         0	         0	         0	         0	         0	         0	         0	         0	         0	         0	         0	         0	 0.0016595	0.00331794	0.00510209	0.00705407	 0.0168878	  0.032512	 0.0552944	 0.0846481	  0.117793	  0.161998	  0.217956	  0.300058	  0.353094	  0.390024	  0.423119	  0.462169	  0.509493	  0.545908	  0.573097	  0.604098	  0.634101	  0.659523	  0.684643	  0.706057	  0.725295	  0.741429	  0.755044	  0.766638	  0.772701	  0.777245	  0.780788	  0.783651	  0.786046	   0.78811	  0.789938	  0.791595	  0.793121	  0.794528	   0.79582	  0.797001	   0.79807	  0.799028	  0.799876	  0.800617	  0.801252	  0.801785	  0.802225	  0.802578	   0.80285	  0.803047	  0.803175	   0.80324	  0.803249	  0.803209	  0.803127
   503	     0	         0	         0	         0	         0	         0	         0	         0	         0	         0	         0	         0	         0	         0	         0	         0	         0	0.00165655	0.00329547	0.00504701	  0.006955	 0.0166249	 0.0319673	 0.0543217	 0.0831151	  0.115629	  0.159082	   0.21422	  0.295198	  0.347656	  0.384033	  0.416723	  0.455332	  0.502032	  0.537708	  0.564141	  0.594154	  0.624399	  0.650808	  0.677229	  0.699978	  0.720517	  0.737825	  0.752455	  0.764899	  0.771315	  0.776064	   0.77972	  0.782637	  0.785048	  0.787106	  0.788914	  0.790547	  0.792046	  0.793428	  0.794697	  0.795856	  0.796904	  0.797842	  0.798671	  0.799391	  0.800002	  0.800511	  0.800924	  0.801247	  0.801486	  0.801645	  0.801733	  0.801756	  0.801719	  0.801631	  0.801499
   504	     0	         0	         0	         0	         0	         0	         0	         0	         0	         0	         0	         0	         0	         0	         0	         0	         0	0.00156195	0.00313271	0.00483132	 0.0066983	 0.0160806	 0.0310371	 0.0529123	 0.0811928	   0.11325	   0.15619	  0.210792	  0.291185	  0.343689	  0.380248	  0.413516	    0.4528	  0.500331	  0.536957	  0.564493	  0.595778	  0.627115	  0.654116	  0.680737	  0.703377	  0.723586	  0.740462	  0.754636	  0.766653	  0.772701	  0.777183	  0.780657	  0.783457	    0.7858	  0.787822	  0.789618	  0.791252	  0.792762	  0.794159	  0.795444	  0.796618	  0.797679	  0.798628	  0.799464	  0.800189	  0.800803	  0.801311	  0.801721	  0.802039	  0.802272	  0.802425	  0.802506	  0.802519	  0.802474	  0.802377	  0.802235
   505	     0	         0	         0	         0	         0	         0	         0	         0	         0	         0	         0	         0	         0	         0	         0	         0	         0	0.00167497	0.00334414	0.00513654	0.00709518	 0.0169723	 0.0326561	 0.0555095	 0.0849366	  0.118141	  0.162402	  0.218395	  0.300479	  0.353451	  0.390313	  0.423297	  0.462211	   0.50936	  0.545595	  0.572601	  0.603397	  0.633319	  0.658744	  0.683899	  0.705364	  0.724663	  0.740859	  0.754535	   0.76619	  0.772288	  0.776863	  0.780435	  0.783326	  0.785749	  0.787841	  0.789698	  0.791384	  0.792938	  0.794375	  0.795697	  0.796908	  0.798006	  0.798994	  0.799872	  0.800643	  0.801307	   0.80187	   0.80234	  0.802723	  0.803025	  0.803251	  0.803408	  0.803502	  0.803539	  0.803526	  0.803469
   506	     0	         0	         0	         0	         0	         0	         0	         0	         0	         0	         0	         0	         0	         0	         0	         0	         0	0.00176642	0.00349326	0.00531971	0.00729161	 0.0173534	 0.0332309	 0.0562717	 0.0858423	  0.119127	  0.163526	  0.219803	  0.302301	  0.355487	  0.392545	  0.425469	   0.46438	  0.511501	  0.547599	  0.574382	  0.604892	  0.634312	  0.659291	  0.684087	  0.705351	  0.724558	  0.740723	  0.754389	  0.766024	   0.77216	  0.776737	  0.780279	  0.783111	  0.785456	  0.787456	  0.789213	  0.790797	  0.792251	  0.793589	  0.794814	  0.795928	  0.796931	   0.79782	  0.798599	  0.799266	  0.799823	  0.800275	  0.800629	  0.800893	  0.801073	  0.801173	  0.801202	  0.801167	  0.801076	  0.800937	  0.800756
   507	     0	         0	         0	         0	         0	         0	         0	         0	         0	         0	         0	         0	         0	         0	         0	         0	         0	 0.0016408	 0.0032649	0.00500125	 0.0068934	 0.0164791	 0.0316915	 0.0538624	 0.0824313	  0.114712	  0.157891	  0.212744	  0.293365	  0.345753	  0.382138	  0.414966	  0.453741	  0.500608	  0.536442	  0.563068	   0.59326	  0.623821	  0.650524	  0.677184	  0.700112	  0.720781	  0.738191	  0.752903	  0.765419	  0.771847	  0.776613	  0.780291	  0.783235	  0.785677	  0.787769	  0.789614	  0.791283	  0.792819	  0.794237	  0.795541	  0.796733	  0.797813	  0.798781	  0.799637	  0.800382	  0.801018	  0.801548	  0.801981	  0.802322	  0.802578	  0.802753	  0.802856	  0.802891	  0.802866	  0.802789	  0.802666
   508	     0	         0	         0	         0	         0	         0	         0	         0	         0	         0	         0	         0	         0	         0	         0	         0	         0	 0.0015867	0.00318347	0.00491133	0.00681155	 0.0163518	 0.0315616	 0.0538029	 0.0825521	  0.115135	  0.158754	  0.214215	  0.295856	   0.34919	  0.386481	  0.420291	  0.460173	   0.50843	   0.54573	  0.573895	  0.605965	  0.636771	  0.662491	  0.687547	  0.708674	  0.727482	  0.743143	  0.756295	  0.767469	  0.773172	   0.77744	  0.780777	  0.783486	  0.785766	  0.787743	  0.789503	  0.791106	  0.792586	  0.793954	  0.795207	  0.796348	  0.797373	  0.798282	  0.799075	  0.799753	  0.800319	  0.800778	  0.801138	  0.801408	  0.801593	  0.801701	   0.80174	  0.801718	  0.801641	  0.801519	  0.801358
   509	     0	         0	         0	         0	         0	         0	         0	         0	         0	         0	         0	         0	         0	         0	         0	         0	         0	0.00167469	 0.0033438	0.00513578	0.00709318	  0.016969	 0.0326465	 0.0554881	 0.0848993	  0.118088	  0.162355	  0.218404	  0.300609	  0.353703	  0.390618	  0.423637	  0.462623	  0.509879	  0.546188	  0.573242	  0.604109	  0.633912	  0.659169	  0.684139	  0.705483	  0.724697	  0.740809	    0.7544	  0.765963	  0.772014	  0.776531	  0.780037	  0.782853	  0.785196	  0.787204	  0.788974	  0.790574	  0.792044	  0.793397	  0.794638	  0.795768	  0.796789	    0.7977	  0.798502	  0.799198	  0.799787	  0.800274	  0.800669	  0.800976	  0.801203	  0.801353	  0.801435	  0.801455	  0.801419	  0.801335	   0.80121
   510	     0	         0	         0	         0	         0	         0	         0	         0	         0	         0	         0	         0	         0	         0	         0	         0	         0	 0.0016244	0.00324172	0.00497911	0.00688007	 0.0164868	 0.0317739	 0.0541072	 0.0829528	  0.115621	  0.159364	  0.214977	   0.29684	  0.350137	  0.387296	  0.420767	   0.46021	  0.507873	  0.544488	  0.571806	  0.602843	  0.632998	  0.658601	  0.683913	  0.705457	  0.724789	  0.740999	  0.754664	  0.766284	  0.772293	  0.776767	  0.780231	  0.783013	  0.785328	  0.787315	   0.78907	   0.79066	  0.792124	  0.793475	  0.794716	  0.795848	   0.79687	  0.797782	  0.798583	  0.799274	  0.799855	  0.800331	  0.800707	  0.800991	  0.801188	  0.801302	  0.801341	   0.80131	  0.801216	  0.801067	  0.800868
   511	     0	         0	         0	         0	         0	         0	         0	         0	         0	         0	         0	         0	         0	         0	         0	         0	         0	0.00158939	0.00319351	0.00493271	0.00684774	 0.0164467	 0.0317541	 0.0541358	  0.083054	  0.115797	  0.159564	  0.215099	  0.296739	  0.349779	  0.386599	  0.419792	  0.458929	  0.506291	   0.54261	  0.569658	  0.600409	  0.630557	  0.656328	  0.681899	  0.703721	  0.723341	  0.739825	  0.753742	  0.765587	  0.771705	  0.776253	  0.779768	  0.782585	  0.784921	  0.786921	  0.788681	   0.79027	  0.791727	  0.793066	   0.79429	  0.795401	  0.796398	  0.797282	  0.798054	  0.798714	  0.799264	  0.799709	  0.800057	  0.800315	  0.800488	  0.800583	  0.800606	  0.800565	  0.800466	  0.800318	  0.800127
   512	     0	         0	         0	         0	         0	         0	         0	         0	         0	         0	         0	         0	         0	         0	         0	         0	         0	0.00167564	0.00333193	0.00509972	0.00702277	 0.0167858	 0.0322649	 0.0548187	 0.0838798	  0.116723	  0.160667	  0.216529	  0.298688	  0.352102	  0.389403	  0.422904	  0.462446	  0.510272	  0.547038	  0.574508	  0.605753	  0.635767	  0.661053	  0.685957	  0.707157	   0.72619	  0.742141	  0.755587	  0.767022	  0.772978	  0.777423	  0.780872	  0.783644	  0.785953	  0.787936	  0.789691	  0.791283	  0.792753	  0.794112	  0.795363	  0.796506	  0.797538	  0.798458	  0.799267	  0.799964	   0.80055	  0.801028	  0.801408	  0.801695	  0.801895	  0.802013	  0.802058	  0.802036	  0.801954	  0.801821	  0.801644
   513	     0	         0	         0	         0	         0	         0	         0	         0	         0	         0	         0	         0	         0	         0	         0	         0	         0	0.00161248	0.00320774	0.00491277	0.00677042	  0.016176	  0.031099	  0.052833	 0.0808148	  0.112396	  0.154614	  0.208176	  0.286788	  0.337774	  0.372893	  0.404737	  0.442441	  0.488057	  0.522757	   0.54841	  0.577453	  0.608768	  0.637233	  0.666027	  0.691052	  0.713674	  0.732761	  0.748874	  0.762539	  0.769413	  0.774439	   0.77827	  0.781302	  0.783792	  0.785906	  0.787756	  0.789421	  0.790946	   0.79235	  0.793638	  0.794812	  0.795873	  0.796823	  0.797663	  0.798393	  0.799016	  0.799535	  0.799959	  0.800294	  0.800546	   0.80072	  0.800823	  0.800862	  0.800844	  0.800775	  0.800663
   514	     0	         0	         0	         0	         0	         0	         0	         0	         0	         0	         0	         0	         0	         0	         0	         0	         0	0.00149102	0.00300441	0.00465376	0.00647843	 0.0156102	  0.030226	 0.0516682	  0.079467	  0.111058	  0.153454	  0.207462	  0.287064	   0.33929	  0.375481	  0.408554	  0.447593	  0.494781	  0.530962	  0.558009	  0.588644	  0.620092	  0.647692	  0.675155	  0.698644	  0.719687	  0.737329	  0.752174	   0.76476	  0.771056	  0.775682	  0.779232	  0.782063	  0.784406	  0.786409	  0.788174	   0.78977	  0.791236	  0.792587	  0.793826	  0.794954	  0.795969	  0.796872	  0.797662	  0.798341	   0.79891	  0.799372	  0.799736	  0.800008	  0.800194	  0.800299	   0.80033	  0.800295	    0.8002	  0.800053	  0.799861
   515	     0	         0	         0	         0	         0	         0	         0	         0	         0	         0	         0	         0	         0	         0	         0	         0	         0	0.00163669	0.00328244	0.00506202	0.00701735	 0.0168423	 0.0324938	 0.0553641	 0.0848953	  0.118312	  0.162949	  0.219554	  0.302714	  0.356654	  0.394294	  0.427998	  0.467699	  0.515771	   0.55283	  0.580554	    0.6122	  0.641691	  0.666024	  0.689867	  0.710076	  0.728217	  0.743391	  0.756185	  0.767081	  0.772879	  0.777248	  0.780666	  0.783433	   0.78575	  0.787747	  0.789514	  0.791114	  0.792586	  0.793942	  0.795184	  0.796316	  0.797336	  0.798246	  0.799046	  0.799737	  0.800321	  0.800803	  0.801189	  0.801488	  0.801704	  0.801843	  0.801911	  0.801916	  0.801864	  0.801763	  0.801618
   516	     0	         0	         0	         0	         0	         0	         0	         0	         0	         0	         0	         0	         0	         0	         0	         0	         0	0.00164592	0.00329339	0.00506784	0.00701141	 0.0167973	 0.0323581	  0.055068	 0.0843685	  0.117517	   0.16183	  0.218113	  0.300888	  0.354734	  0.392436	  0.426333	  0.466291	  0.514646	  0.551997	  0.580103	  0.612137	  0.642125	  0.666804	  0.690861	  0.711148	  0.729274	  0.744403	  0.757138	  0.767976	  0.773653	  0.777924	  0.781268	   0.78398	  0.786257	  0.788226	  0.789974	  0.791563	  0.793027	  0.794377	  0.795614	  0.796738	  0.797747	  0.798641	   0.79942	  0.800084	  0.800636	  0.801081	  0.801427	  0.801682	  0.801853	  0.801944	  0.801966	  0.801925	  0.801828	  0.801685	  0.801503
   517	     0	         0	         0	         0	         0	         0	         0	         0	         0	         0	         0	         0	         0	         0	         0	         0	         0	0.00168247	0.00333895	0.00509872	0.00700411	 0.0166845	  0.031974	 0.0541708	 0.0826692	   0.11476	  0.157617	  0.211993	  0.291829	  0.343457	  0.379139	  0.411304	  0.449445	   0.49566	  0.530908	  0.557047	  0.586707	  0.617531	  0.644925	  0.672434	  0.696205	  0.717661	   0.73574	  0.750992	  0.763923	  0.770448	  0.775216	   0.77884	  0.781695	  0.784026	  0.785991	  0.787701	  0.789232	  0.790631	  0.791911	  0.793077	   0.79413	  0.795069	  0.795893	  0.796603	  0.797201	  0.797686	  0.798065	  0.798346	  0.798538	  0.798645	  0.798676	  0.798639	  0.798541	  0.798391	  0.798197	  0.797968
   518	     0	         0	         0	         0	         0	         0	         0	         0	         0	         0	         0	         0	         0	         0	         0	         0	         0	 0.0015867	0.00318347	0.00491133	0.00681155	 0.0163518	 0.0315616	 0.0538029	 0.0825521	  0.115135	  0.158754	  0.214215	  0.295856	   0.34919	  0.386481	  0.420291	  0.460173	   0.50843	   0.54573	  0.573895	  0.605965	  0.636771	  0.662491	  0.687547	  0.708674	  0.727482	  0.743143	  0.756295	  0.767469	  0.773172	   0.77744	  0.780777	  0.783486	  0.785766	  0.787743	  0.789503	  0.791106	  0.792586	  0.793954	  0.795207	  0.796348	  0.797373	  0.798282	  0.799075	  0.799753	  0.800319	  0.800778	  0.801138	  0.801408	  0.801593	  0.801701	   0.80174	  0.801718	  0.801641	  0.801519	  0.801358
   519	     0	         0	         0	         0	         0	         0	         0	         0	         0	         0	         0	         0	         0	         0	         0	         0	         0	 0.0014814	 0.0029988	0.00466232	0.00650988	 0.0157029	 0.0304335	 0.0520506	 0.0800745	  0.111908	  0.154546	  0.208733	  0.288494	  0.340661	  0.376785	  0.409791	  0.448757	  0.495936	  0.532202	  0.559386	  0.590237	  0.621723	  0.649205	  0.676473	  0.699721	  0.720501	  0.737887	    0.7525	  0.764888	  0.771064	  0.775606	  0.779095	  0.781883	  0.784192	  0.786168	  0.787907	  0.789475	  0.790912	  0.792229	  0.793431	  0.794518	  0.795491	  0.796349	  0.797093	  0.797726	  0.798249	  0.798666	  0.798987	  0.799219	  0.799367	  0.799437	  0.799436	  0.799372	  0.799252	  0.799083	  0.798872
   520	     0	         0	         0	         0	         0	         0	         0	         0	         0	         0	         0	         0	         0	         0	         0	         0	         0	0.00155153	 0.0031095	 0.0047935	0.00664444	 0.0159587	 0.0308147	 0.0525533	 0.0806719	  0.112562	  0.155321	  0.209747	  0.289916	  0.342363	  0.378853	  0.412095	  0.451358	   0.49885	  0.535414	  0.562881	   0.59408	  0.625459	  0.652597	  0.679373	  0.702206	  0.722614	  0.739655	  0.753962	  0.766085	  0.772178	  0.776682	  0.780161	  0.782956	  0.785286	  0.787291	  0.789066	  0.790677	  0.792163	  0.793535	  0.794796	  0.795948	   0.79699	  0.797921	  0.798741	  0.799452	  0.800053	  0.800549	  0.800949	  0.801257	   0.80148	  0.801622	  0.801691	  0.801694	  0.801636	  0.801526	  0.801371
   521	     0	         0	         0	         0	         0	         0	         0	         0	         0	         0	         0	         0	         0	         0	         0	         0	         0	0.00156195	0.00313271	0.00483132	 0.0066983	 0.0160806	 0.0310371	 0.0529123	 0.0811928	   0.11325	   0.15619	  0.210792	  0.291185	  0.343689	  0.380248	  0.413516	    0.4528	  0.500331	  0.536957	  0.564493	  0.595778	  0.627115	  0.654116	  0.680737	  0.703377	  0.723586	  0.740462	  0.754636	  0.766653	  0.772701	  0.777183	  0.780657	  0.783457	    0.7858	  0.787822	  0.789618	  0.791252	  0.792762	  0.794159	  0.795444	  0.796618	  0.797679	  0.798628	  0.799464	  0.800189	  0.800803	  0.801311	  0.801721	  0.802039	  0.802272	  0.802425	  0.802506	  0.802519	  0.802474	  0.802377	  0.802235
   522	     0	         0	         0	         0	         0	         0	         0	         0	         0	         0	         0	         0	         0	         0	         0	         0	         0	0.00164297	0.00329333	 0.0050766	 0.0070351	 0.0168791	  0.032558	  0.055467	 0.0850483	  0.118526	  0.163237	  0.219927	  0.303211	  0.357245	  0.395046	   0.42892	  0.468802	  0.517088	  0.554398	  0.582405	  0.614384	  0.643992	  0.668224	   0.69185	  0.711774	  0.729597	  0.744478	  0.757017	  0.767706	  0.773401	  0.777717	  0.781118	  0.783894	  0.786237	  0.788271	  0.790082	   0.79173	   0.79325	  0.794654	  0.795943	  0.797118	   0.79818	  0.799129	  0.799966	  0.800692	   0.80131	  0.801823	  0.802242	  0.802572	   0.80282	   0.80299	  0.803091	  0.803128	  0.803109	  0.803041	  0.802929
   523	     0	         0	         0	         0	         0	         0	         0	         0	         0	         0	         0	         0	         0	         0	         0	         0	         0	0.00166269	  0.003335	 0.0051426	0.00712725	  0.017095	 0.0329605	  0.056126	  0.086014	  0.119806	  0.164882	  0.221961	   0.30574	  0.359975	  0.397972	  0.431918	  0.471895	  0.520361	  0.557942	   0.58625	   0.61867	  0.648149	  0.671933	  0.694981	  0.714345	  0.731629	  0.746001	  0.758076	  0.768352	  0.773874	  0.778071	  0.781389	  0.784104	  0.786401	  0.788399	   0.79018	  0.791803	  0.793301	  0.794685	  0.795958	   0.79712	  0.798172	  0.799113	  0.799944	  0.800668	  0.801285	    0.8018	  0.802221	  0.802556	  0.802809	  0.802987	  0.803095	   0.80314	  0.803129	  0.803068	  0.802964
   524	     0	         0	         0	         0	         0	         0	         0	         0	         0	         0	         0	         0	         0	         0	         0	         0	         0	0.00156195	0.00313271	0.00483132	 0.0066983	 0.0160806	 0.0310371	 0.0529123	 0.0811928	   0.11325	   0.15619	  0.210792	  0.291185	  0.343689	  0.380248	  0.413516	    0.4528	  0.500331	  0.536957	  0.564493	  0.595778	  0.627115	  0.654116	  0.680737	  0.703377	  0.723586	  0.740462	  0.754636	  0.766653	  0.772701	  0.777183	  0.780657	  0.783457	    0.7858	  0.787822	  0.789618	  0.791252	  0.792762	  0.794159	  0.795444	  0.796618	  0.797679	  0.798628	  0.799464	  0.800189	  0.800803	  0.801311	  0.801721	  0.802039	  0.802272	  0.802425	  0.802506	  0.802519	  0.802474	  0.802377	  0.802235
   525	     0	         0	         0	         0	         0	         0	         0	         0	         0	         0	         0	         0	         0	         0	         0	         0	         0	0.00170128	 0.0033367	0.00504776	0.00688184	 0.0163477	 0.0312552	 0.0528663	 0.0805825	  0.111772	  0.153523	  0.206591	  0.284507	  0.335021	  0.369893	    0.4015	  0.439047	  0.484481	  0.519065	  0.544678	  0.573671	  0.605401	   0.63447	  0.663843	  0.689416	  0.712498	   0.73191	  0.748229	  0.762006	  0.768824	  0.773753	  0.777467	  0.780375	   0.78274	  0.784732	  0.786465	  0.788022	   0.78945	  0.790767	  0.791976	  0.793079	  0.794076	  0.794964	  0.795744	  0.796414	  0.796975	   0.79743	  0.797786	   0.79805	  0.798226	   0.79832	  0.798339	   0.79829	   0.79818	  0.798016	  0.797806
   526	     0	         0	         0	         0	         0	         0	         0	         0	         0	         0	         0	         0	         0	         0	         0	         0	         0	0.00164297	0.00329333	 0.0050766	 0.0070351	 0.0168791	  0.032558	  0.055467	 0.0850483	  0.118526	  0.163237	  0.219927	  0.303211	  0.357245	  0.395046	   0.42892	  0.468802	  0.517088	  0.554398	  0.582405	  0.614384	  0.643992	  0.668224	   0.69185	  0.711774	  0.729597	  0.744478	  0.757017	  0.767706	  0.773401	  0.777717	  0.781118	  0.783894	  0.786237	  0.788271	  0.790082	   0.79173	   0.79325	  0.794654	  0.795943	  0.797118	   0.79818	  0.799129	  0.799966	  0.800692	   0.80131	  0.801823	  0.802242	  0.802572	   0.80282	   0.80299	  0.803091	  0.803128	  0.803109	  0.803041	  0.802929
   527	     0	         0	         0	         0	         0	         0	         0	         0	         0	         0	         0	         0	         0	         0	         0	         0	         0	0.00158048	0.00316287	0.00486905	 0.0067404	 0.0161639	 0.0311706	 0.0530982	 0.0814141	  0.113464	  0.156336	  0.210746	  0.290732	  0.342722	  0.378736	  0.411392	  0.449959	  0.496626	  0.532365	  0.558967	   0.58915	  0.620198	  0.647549	  0.674867	  0.698307	  0.719361	  0.737045	  0.751952	   0.76461	  0.771011	  0.775737	  0.779377	  0.782292	  0.784714	  0.786793	  0.788629	  0.790293	  0.791825	  0.793241	  0.794544	  0.795734	  0.796814	  0.797782	  0.798639	  0.799388	  0.800029	  0.800567	  0.801009	  0.801362	  0.801631	  0.801822	  0.801941	  0.801994	  0.801988	  0.801928	  0.801823
   528	     0	         0	         0	         0	         0	         0	         0	         0	         0	         0	         0	         0	         0	         0	         0	         0	         0	0.00152104	0.00306403	0.00474267	0.00659552	 0.0158525	 0.0306292	 0.0522455	 0.0801879	  0.111844	  0.154206	  0.208015	  0.287128	  0.338744	  0.374384	  0.406896	  0.445346	  0.491907	  0.527542	  0.554134	  0.584273	  0.615782	  0.643748	  0.671701	  0.695711	  0.717266	  0.735368	  0.750612	  0.763539	  0.769979	  0.774695	  0.778299	   0.78116	  0.783515	  0.785517	  0.787269	  0.788842	  0.790279	  0.791593	  0.792787	  0.793863	  0.794822	  0.795663	  0.796389	  0.797001	  0.797501	  0.797894	  0.798191	  0.798398	  0.798523	  0.798571	  0.798551	  0.798471	  0.798339	  0.798163	   0.79795
   529	     0	         0	         0	         0	         0	         0	         0	         0	         0	         0	         0	         0	         0	         0	         0	         0	         0	0.00176762	0.00350262	0.00534369	 0.0073363	 0.0174753	 0.0334924	 0.0567466	 0.0865927	  0.120173	  0.164896	  0.221463	  0.304256	  0.357484	  0.394571	  0.427411	  0.466186	  0.513175	   0.54922	   0.57595	  0.606463	  0.635705	  0.660461	  0.685025	  0.706097	  0.725144	   0.74117	  0.754727	  0.766286	  0.772458	  0.777097	  0.780715	  0.783635	  0.786072	  0.788169	  0.790022	  0.791702	   0.79325	  0.794679	  0.795997	  0.797204	  0.798302	  0.799291	  0.800174	   0.80095	  0.801621	  0.802191	  0.802669	  0.803059	  0.803367	  0.803597	  0.803758	  0.803853	  0.803891	  0.803877	  0.803818
   530	     0	         0	         0	         0	         0	         0	         0	         0	         0	         0	         0	         0	         0	         0	         0	         0	         0	0.00166477	0.00332173	0.00509962	 0.0070417	 0.0168578	 0.0324518	 0.0552005	 0.0845395	  0.117718	  0.162077	  0.218419	  0.301264	  0.355065	  0.392658	   0.42634	  0.466042	  0.514077	  0.551059	  0.578718	  0.610219	  0.639891	   0.66453	   0.68872	   0.70922	  0.727609	  0.743009	  0.755995	   0.76705	  0.772866	  0.777227	  0.780624	  0.783362	  0.785646	   0.78761	  0.789345	  0.790918	  0.792364	  0.793698	  0.794919	   0.79603	  0.797028	  0.797912	  0.798683	  0.799342	   0.79989	  0.800331	  0.800675	  0.800927	  0.801095	  0.801184	  0.801202	  0.801156	  0.801054	  0.800905	  0.800714
   531	     0	         0	         0	         0	         0	         0	         0	         0	         0	         0	         0	         0	         0	         0	         0	         0	         0	0.00165105	0.00329878	0.00506767	0.00699859	 0.0167308	 0.0321658	 0.0546384	 0.0835595	  0.116187	  0.159725	  0.214885	  0.295854	  0.348198	  0.384482	  0.417136	  0.455757	  0.502576	  0.538459	  0.565174	  0.595568	  0.626028	  0.652463	  0.678795	  0.701385	  0.721718	  0.738806	  0.753217	  0.765458	  0.771722	  0.776352	  0.779912	   0.78275	  0.785094	  0.787091	  0.788844	  0.790423	   0.79187	  0.793199	  0.794412	  0.795513	    0.7965	  0.797373	  0.798134	  0.798783	  0.799323	  0.799758	  0.800097	  0.800347	  0.800514	  0.800604	  0.800626	  0.800586	  0.800492	  0.800351	  0.800172
   532	     0	         0	         0	         0	         0	         0	         0	         0	         0	         0	         0	         0	         0	         0	         0	         0	         0	0.00154313	0.00308778	0.00475266	0.00657824	 0.0157807	  0.030437	 0.0518635	 0.0795595	   0.11096	    0.1531	  0.206812	  0.285987	  0.337888	  0.373933	  0.406884	  0.445855	  0.492965	  0.529127	   0.55624	  0.586935	  0.618721	  0.646733	  0.674575	  0.698415	  0.719751	  0.737614	  0.752618	  0.765313	   0.77161	  0.776219	  0.779742	  0.782542	  0.784852	  0.786822	  0.788553	  0.790115	  0.791551	  0.792872	  0.794082	   0.79518	  0.796167	  0.797039	  0.797798	  0.798444	  0.798976	  0.799401	  0.799725	  0.799955	  0.800097	  0.800156	  0.800141	  0.800058	  0.799916	   0.79972	  0.799481
   533	     0	         0	         0	         0	         0	         0	         0	         0	         0	         0	         0	         0	         0	         0	         0	         0	         0	0.00160283	0.00321526	0.00495737	0.00686959	 0.0164758	 0.0317674	 0.0541067	 0.0829649	  0.115663	  0.159449	  0.215163	  0.297264	  0.350923	  0.388526	  0.422602	  0.462814	  0.511496	  0.549236	   0.57784	  0.610443	  0.641224	  0.666555	  0.691075	  0.711607	  0.729804	   0.74489	  0.757509	  0.768196	  0.773609	  0.777642	  0.780781	  0.783322	  0.785453	  0.787298	  0.788939	  0.790434	  0.791815	  0.793089	  0.794254	  0.795308	  0.796248	   0.79707	  0.797774	  0.798361	  0.798831	   0.79919	  0.799445	  0.799606	  0.799679	  0.799671	  0.799589	  0.799443	  0.799241	   0.79899	    0.7987
   534	     0	         0	         0	         0	         0	         0	         0	         0	         0	         0	         0	         0	         0	         0	         0	         0	         0	0.00160002	0.00320298	0.00493386	0.00683541	 0.0164046	  0.031661	 0.0539639	 0.0827741	  0.115381	   0.15897	  0.214259	   0.29547	  0.348182	  0.384683	  0.417536	  0.456262	  0.503085	  0.538862	   0.56535	  0.595446	  0.625564	  0.651747	  0.677916	  0.700414	  0.720722	  0.737825	  0.752284	  0.764592	  0.770962	  0.775692	  0.779345	  0.782269	  0.784697	  0.786777	  0.788611	   0.79027	  0.791796	  0.793206	  0.794505	  0.795696	  0.796779	  0.797757	  0.798629	  0.799397	  0.800061	  0.800625	  0.801096	   0.80148	  0.801782	  0.802005	  0.802156	   0.80224	  0.802263	  0.802231	   0.80215
   535	     0	         0	         0	         0	         0	         0	         0	         0	         0	         0	         0	         0	         0	         0	         0	         0	         0	0.00161812	0.00322172	0.00493609	0.00680335	 0.0162568	 0.0312492	 0.0530887	  0.081223	  0.113014	  0.155578	   0.20972	  0.289383	  0.341266	  0.377231	  0.409853	  0.448458	   0.49514	  0.530806	  0.557351	  0.587403	  0.618497	  0.645991	  0.673496	  0.697176	  0.718494	  0.736435	  0.751565	  0.764401	  0.770858	  0.775589	  0.779196	  0.782049	  0.784387	  0.786367	  0.788095	  0.789646	  0.791064	  0.792363	  0.793548	  0.794618	  0.795574	  0.796415	  0.797141	  0.797754	  0.798252	  0.798643	  0.798934	  0.799131	  0.799242	  0.799272	  0.799229	   0.79912	  0.798955	   0.79874	  0.798484
   536	     0	         0	         0	         0	         0	         0	         0	         0	         0	         0	         0	         0	         0	         0	         0	         0	         0	0.00162526	0.00323993	0.00496962	0.00685622	 0.0163792	 0.0314849	 0.0534739	 0.0817664	  0.113671	  0.156252	  0.210177	  0.289241	  0.340369	  0.375591	  0.407453	  0.445177	  0.490863	   0.52566	  0.551397	  0.580588	  0.611699	  0.639789	  0.668145	  0.692744	   0.71497	  0.733715	  0.749541	  0.762974	  0.769761	  0.774741	  0.778551	  0.781577	  0.784072	  0.786197	  0.788062	  0.789743	  0.791286	  0.792706	   0.79401	  0.795199	  0.796276	   0.79724	  0.798094	  0.798838	  0.799475	  0.800009	  0.800448	  0.800798	  0.801066	  0.801257	  0.801377	  0.801432	   0.80143	  0.801378	  0.801281
   537	     0	         0	         0	         0	         0	         0	         0	         0	         0	         0	         0	         0	         0	         0	         0	         0	         0	0.00154109	0.00309545	0.00478338	0.00664698	 0.0160001	 0.0309639	 0.0529089	  0.081351	  0.113661	  0.156993	  0.212155	  0.293439	  0.346652	  0.383715	  0.417331	    0.4569	  0.504669	  0.541376	  0.568815	  0.599958	  0.630522	  0.656609	  0.682384	  0.704328	  0.723999	  0.740483	  0.754376	  0.766193	  0.772272	  0.776802	  0.780322	  0.783161	  0.785534	  0.787581	  0.789396	  0.791042	   0.79256	  0.793963	  0.795256	   0.79644	  0.797516	  0.798484	  0.799345	  0.800099	  0.800746	  0.801291	  0.801739	  0.802097	  0.802369	  0.802558	  0.802672	  0.802716	  0.802694	  0.802615	  0.802483
   538	     0	         0	         0	         0	         0	         0	         0	         0	         0	         0	         0	         0	         0	         0	         0	         0	         0	 0.0015867	0.00318347	0.00491133	0.00681155	 0.0163518	 0.0315616	 0.0538029	 0.0825521	  0.115135	  0.158754	  0.214215	  0.295856	   0.34919	  0.386481	  0.420291	  0.460173	   0.50843	   0.54573	  0.573895	  0.605965	  0.636771	  0.662491	  0.687547	  0.708674	  0.727482	  0.743143	  0.756295	  0.767469	  0.773172	   0.77744	  0.780777	  0.783486	  0.785766	  0.787743	  0.789503	  0.791106	  0.792586	  0.793954	  0.795207	  0.796348	  0.797373	  0.798282	  0.799075	  0.799753	  0.800319	  0.800778	  0.801138	  0.801408	  0.801593	  0.801701	   0.80174	  0.801718	  0.801641	  0.801519	  0.801358
   539	     0	         0	         0	         0	         0	         0	         0	         0	         0	         0	         0	         0	         0	         0	         0	         0	         0	 0.0015534	0.00310533	0.00477726	0.00661093	  0.015871	 0.0306298	 0.0522249	 0.0801571	  0.111841	  0.154363	  0.208555	  0.288446	   0.34074	  0.377057	  0.410103	  0.449108	  0.496198	  0.532228	  0.559057	  0.589397	  0.620508	   0.64789	   0.67526	  0.698761	   0.71989	  0.737668	  0.752663	  0.765393	  0.771841	  0.776591	  0.780236	   0.78314	  0.785541	   0.78759	  0.789393	  0.791023	   0.79252	  0.793902	  0.795173	  0.796333	  0.797384	  0.798323	  0.799152	  0.799871	  0.800479	  0.800981	  0.801382	   0.80169	  0.801909	  0.802044	  0.802101	  0.802086	  0.802007	  0.801869	  0.801681
   540	     0	         0	         0	         0	         0	         0	         0	         0	         0	         0	         0	         0	         0	         0	         0	         0	         0	0.00164297	0.00329333	 0.0050766	 0.0070351	 0.0168791	  0.032558	  0.055467	 0.0850483	  0.118526	  0.163237	  0.219927	  0.303211	  0.357245	  0.395046	   0.42892	  0.468802	  0.517088	  0.554398	  0.582405	  0.614384	  0.643992	  0.668224	   0.69185	  0.711774	  0.729597	  0.744478	  0.757017	  0.767706	  0.773401	  0.777717	  0.781118	  0.783894	  0.786237	  0.788271	  0.790082	   0.79173	   0.79325	  0.794654	  0.795943	  0.797118	   0.79818	  0.799129	  0.799966	  0.800692	   0.80131	  0.801823	  0.802242	  0.802572	   0.80282	   0.80299	  0.803091	  0.803128	  0.803109	  0.803041	  0.802929
   541	     0	         0	         0	         0	         0	         0	         0	         0	         0	         0	         0	         0	         0	         0	         0	         0	         0	0.00162193	0.00324672	0.00499971	0.00692357	 0.0166163	 0.0320617	 0.0546476	 0.0838415	  0.116924	  0.161198	  0.217447	  0.300224	   0.35415	  0.391949	  0.425993	  0.466091	  0.514612	  0.552214	  0.580584	  0.612981	  0.643183	  0.667941	  0.691959	  0.712149	  0.730122	  0.745049	  0.757567	  0.768197	  0.773754	  0.777945	  0.781241	  0.783932	  0.786208	  0.788189	  0.789959	  0.791575	  0.793071	  0.794458	  0.795737	  0.796909	  0.797972	  0.798925	   0.79977	  0.800506	  0.801135	  0.801661	  0.802091	  0.802431	  0.802687	  0.802864	  0.802969	  0.803006	  0.802984	  0.802908	  0.802785
   542	     0	         0	         0	         0	         0	         0	         0	         0	         0	         0	         0	         0	         0	         0	         0	         0	         0	0.00167662	0.00334318	0.00512958	0.00707932	 0.0169385	 0.0325929	 0.0554195	 0.0848436	  0.118099	   0.16253	   0.21891	  0.301747	  0.355482	  0.393102	    0.4268	  0.466522	    0.5146	  0.551727	  0.579594	  0.611383	   0.64126	  0.665988	  0.690169	  0.710627	  0.728936	   0.74423	  0.757108	  0.768068	  0.773846	  0.778202	  0.781619	  0.784397	  0.786736	  0.788763	  0.790567	  0.792212	  0.793732	   0.79514	  0.796438	  0.797626	  0.798704	  0.799669	  0.800525	   0.80127	  0.801907	  0.802439	  0.802876	  0.803222	  0.803485	  0.803669	  0.803782	   0.80383	   0.80382	  0.803759	  0.803655
   543	     0	         0	         0	         0	         0	         0	         0	         0	         0	         0	         0	         0	         0	         0	         0	         0	         0	0.00165186	0.00329232	0.00504575	0.00695296	 0.0165808	  0.031814	 0.0539476	 0.0823915	  0.114449	  0.157262	  0.211597	  0.291397	  0.343159	  0.378961	  0.411334	  0.449687	  0.496115	  0.531527	  0.557826	  0.587631	  0.618514	   0.64586	  0.673271	  0.696901	  0.718206	  0.736158	  0.751308	  0.764164	  0.770634	  0.775366	  0.778967	  0.781807	   0.78413	  0.786094	  0.787806	  0.789344	   0.79075	  0.792038	  0.793212	  0.794271	  0.795213	  0.796039	  0.796747	   0.79734	  0.797818	  0.798185	  0.798452	  0.798625	  0.798712	  0.798717	  0.798652	  0.798523	  0.798339	  0.798108	  0.797839
   544	     0	         0	         0	         0	         0	         0	         0	         0	         0	         0	         0	         0	         0	         0	         0	         0	         0	0.00160325	0.00321675	0.00496135	0.00687755	 0.0165035	 0.0318327	 0.0542312	 0.0831574	  0.115904	  0.159694	  0.215289	  0.297063	  0.350231	  0.387237	  0.420632	  0.460039	  0.507761	  0.544492	  0.571988	  0.603292	  0.633634	  0.659311	  0.684609	  0.706106	  0.725361	  0.741476	  0.755043	  0.766571	  0.772512	  0.776934	  0.780363	  0.783121	  0.785418	  0.787393	  0.789138	   0.79072	  0.792176	  0.793518	  0.794748	  0.795867	  0.796874	  0.797767	  0.798548	  0.799218	  0.799776	  0.800229	  0.800585	   0.80085	  0.801031	  0.801133	  0.801165	  0.801131	  0.801042	  0.800903	  0.800722
   545	     0	         0	         0	         0	         0	         0	         0	         0	         0	         0	         0	         0	         0	         0	         0	         0	         0	0.00158949	0.00318649	0.00491441	 0.0068158	 0.0163792	 0.0316428	 0.0539907	 0.0829084	  0.115712	  0.159652	  0.215549	  0.297876	  0.351611	   0.38915	  0.423005	  0.462843	  0.510952	  0.547953	  0.575619	  0.607039	  0.637017	  0.662133	  0.686872	  0.707861	  0.726695	  0.742505	  0.755865	  0.767259	  0.773242	   0.77774	  0.781255	  0.784099	  0.786482	  0.788538	   0.79036	  0.792013	  0.793535	  0.794938	  0.796228	  0.797405	  0.798469	   0.79942	   0.80026	  0.800989	  0.801608	  0.802122	   0.80254	  0.802866	  0.803107	  0.803268	  0.803356	  0.803377	  0.803337	  0.803245	  0.803107
   546	     0	         0	         0	         0	         0	         0	         0	         0	         0	         0	         0	         0	         0	         0	         0	         0	         0	0.00156195	0.00313271	0.00483132	 0.0066983	 0.0160806	 0.0310371	 0.0529123	 0.0811928	   0.11325	   0.15619	  0.210792	  0.291185	  0.343689	  0.380248	  0.413516	    0.4528	  0.500331	  0.536957	  0.564493	  0.595778	  0.627115	  0.654116	  0.680737	  0.703377	  0.723586	  0.740462	  0.754636	  0.766653	  0.772701	  0.777183	  0.780657	  0.783457	    0.7858	  0.787822	  0.789618	  0.791252	  0.792762	  0.794159	  0.795444	  0.796618	  0.797679	  0.798628	  0.799464	  0.800189	  0.800803	  0.801311	  0.801721	  0.802039	  0.802272	  0.802425	  0.802506	  0.802519	  0.802474	  0.802377	  0.802235
   547	     0	         0	         0	         0	         0	         0	         0	         0	         0	         0	         0	         0	         0	         0	         0	         0	         0	  0.001677	0.00333907	0.00511812	0.00705859	 0.0168954	 0.0325198	 0.0553141	 0.0847125	  0.117956	  0.162413	  0.218875	  0.301867	  0.355748	  0.393432	  0.427121	  0.466807	  0.514799	  0.551764	  0.579379	  0.610852	  0.640409	  0.664963	   0.68908	   0.70957	  0.727977	   0.74339	  0.756389	  0.767457	  0.773342	  0.777773	  0.781238	  0.784045	  0.786397	  0.788428	   0.79023	  0.791868	  0.793381	  0.794782	  0.796074	   0.79726	  0.798338	  0.799309	  0.800173	   0.80093	  0.801581	  0.802129	  0.802582	  0.802945	  0.803224	  0.803422	  0.803547	  0.803604	    0.8036	  0.803542	  0.803435
   548	     0	         0	         0	         0	         0	         0	         0	         0	         0	         0	         0	         0	         0	         0	         0	         0	         0	0.00164613	0.00329483	 0.0050698	0.00701199	 0.0167875	 0.0323146	 0.0549532	 0.0841339	  0.117117	   0.16119	   0.21714	  0.299406	  0.352866	  0.390246	  0.423932	  0.463725	  0.511962	  0.549278	  0.577441	   0.60958	  0.639963	  0.665094	  0.689541	   0.71016	  0.728545	  0.743848	  0.756694	  0.767602	  0.773228	  0.777438	  0.780723	  0.783379	  0.785604	  0.787522	  0.789221	  0.790762	  0.792179	  0.793481	   0.79467	  0.795744	  0.796703	  0.797545	   0.79827	  0.798882	   0.79938	  0.799771	  0.800065	   0.80027	  0.800392	  0.800438	  0.800418	  0.800339	  0.800211	  0.800041	  0.799837
   549	     0	         0	         0	         0	         0	         0	         0	         0	         0	         0	         0	         0	         0	         0	         0	         0	         0	0.00164297	0.00329333	 0.0050766	 0.0070351	 0.0168791	  0.032558	  0.055467	 0.0850483	  0.118526	  0.163237	  0.219927	  0.303211	  0.357245	  0.395046	   0.42892	  0.468802	  0.517088	  0.554398	  0.582405	  0.614384	  0.643992	  0.668224	   0.69185	  0.711774	  0.729597	  0.744478	  0.757017	  0.767706	  0.773401	  0.777717	  0.781118	  0.783894	  0.786237	  0.788271	  0.790082	   0.79173	   0.79325	  0.794654	  0.795943	  0.797118	   0.79818	  0.799129	  0.799966	  0.800692	   0.80131	  0.801823	  0.802242	  0.802572	   0.80282	   0.80299	  0.803091	  0.803128	  0.803109	  0.803041	  0.802929
   550	     0	         0	         0	         0	         0	         0	         0	         0	         0	         0	         0	         0	         0	         0	         0	         0	         0	0.00157028	0.00316072	 0.0048886	0.00679357	 0.0163248	  0.031532	 0.0537792	 0.0825439	   0.11515	  0.158779	  0.214212	  0.295812	  0.349082	   0.38635	  0.420208	  0.460173	  0.508603	  0.546193	  0.574734	    0.6073	  0.638436	  0.664266	  0.689288	  0.710284	  0.728889	  0.744305	  0.757199	  0.768123	  0.773638	   0.77776	  0.780983	  0.783604	  0.785813	  0.787731	  0.789439	  0.790995	   0.79243	  0.793753	  0.794962	  0.796057	  0.797037	    0.7979	  0.798648	  0.799281	  0.799801	  0.800214	   0.80053	  0.800756	  0.800899	  0.800966	  0.800964	  0.800903	  0.800789	  0.800631	  0.800436
   551	     0	         0	         0	         0	         0	         0	         0	         0	         0	         0	         0	         0	         0	         0	         0	         0	         0	0.00153271	0.00307757	0.00475217	0.00659706	 0.0158597	 0.0306502	 0.0523117	 0.0803526	  0.112179	  0.154869	  0.209246	  0.289399	  0.341921	  0.378446	  0.411727	  0.450995	  0.498439	  0.534871	  0.562164	  0.593082	  0.624356	   0.65152	   0.67846	  0.701432	   0.72199	   0.73922	  0.753722	  0.766024	  0.772206	  0.776767	  0.780276	  0.783083	  0.785412	  0.787408	  0.789171	  0.790768	  0.792239	  0.793597	  0.794845	  0.795982	  0.797008	  0.797921	  0.798722	  0.799412	  0.799989	   0.80046	  0.800831	  0.801109	    0.8013	   0.80141	  0.801445	  0.801412	  0.801319	  0.801173	  0.800982
   552	     0	         0	         0	         0	         0	         0	         0	         0	         0	         0	         0	         0	         0	         0	         0	         0	         0	0.00159726	0.00319353	0.00491142	0.00679231	 0.0162628	 0.0313191	 0.0532801	 0.0815935	  0.113591	  0.156368	  0.210672	  0.290456	   0.34226	   0.37801	  0.410332	  0.448527	  0.494711	  0.529836	  0.555784	  0.585151	  0.615849	  0.643266	  0.670948	  0.694889	  0.716538	  0.734844	  0.750333	    0.7635	   0.77019	  0.775098	  0.778842	    0.7818	  0.784223	  0.786273	   0.78806	  0.789663	  0.791126	  0.792467	   0.79369	  0.794798	  0.795792	  0.796671	  0.797436	   0.79809	  0.798633	   0.79907	  0.799409	  0.799657	  0.799821	  0.799905	  0.799918	  0.799866	  0.799757	  0.799599	  0.799399
   553	     0	         0	         0	         0	         0	         0	         0	         0	         0	         0	         0	         0	         0	         0	         0	         0	         0	0.00162504	0.00323761	0.00496507	0.00685048	 0.0163933	 0.0315538	 0.0536682	 0.0821845	  0.114425	  0.157551	  0.212305	  0.292784	  0.345074	  0.381416	  0.414291	  0.453143	   0.50017	  0.536286	  0.563275	   0.59395	  0.624888	  0.651748	  0.678369	  0.701133	  0.721542	  0.738633	  0.753016	  0.765226	  0.771412	  0.775992	  0.779532	  0.782373	  0.784739	  0.786773	  0.788572	  0.790203	  0.791706	  0.793094	   0.79437	  0.795534	  0.796587	  0.797526	  0.798355	  0.799073	  0.799682	  0.800187	  0.800597	  0.800917	  0.801154	  0.801314	  0.801405	  0.801431	  0.801402	  0.801324	  0.801204
   554	     0	         0	         0	         0	         0	         0	         0	         0	         0	         0	         0	         0	         0	         0	         0	         0	         0	 0.0015867	0.00318347	0.00491133	0.00681155	 0.0163518	 0.0315616	 0.0538029	 0.0825521	  0.115135	  0.158754	  0.214215	  0.295856	   0.34919	  0.386481	  0.420291	  0.460173	   0.50843	   0.54573	  0.573895	  0.605965	  0.636771	  0.662491	  0.687547	  0.708674	  0.727482	  0.743143	  0.756295	  0.767469	  0.773172	   0.77744	  0.780777	  0.783486	  0.785766	  0.787743	  0.789503	  0.791106	  0.792586	  0.793954	  0.795207	  0.796348	  0.797373	  0.798282	  0.799075	  0.799753	  0.800319	  0.800778	  0.801138	  0.801408	  0.801593	  0.801701	   0.80174	  0.801718	  0.801641	  0.801519	  0.801358
   555	     0	         0	         0	         0	         0	         0	         0	         0	         0	         0	         0	         0	         0	         0	         0	         0	         0	0.00163265	0.00325993	0.00500729	0.00691678	  0.016557	 0.0318738	 0.0542174	 0.0830346	  0.115625	   0.15921	  0.214555	  0.295935	  0.348913	  0.385955	  0.419481	  0.459093	  0.507091	  0.544261	  0.572367	  0.604444	  0.635529	  0.661632	  0.687034	  0.708459	  0.727489	  0.743276	  0.756483	  0.767665	  0.773313	  0.777527	  0.780819	  0.783496	  0.785756	  0.787723	  0.789483	  0.791097	  0.792596	   0.79399	  0.795278	  0.796458	  0.797527	  0.798484	  0.799329	  0.800062	  0.800685	  0.801202	  0.801622	  0.801953	    0.8022	  0.802369	  0.802469	  0.802506	  0.802488	  0.802423	  0.802318
   556	     0	         0	         0	         0	         0	         0	         0	         0	         0	         0	         0	         0	         0	         0	         0	         0	         0	0.00154887	0.00311462	0.00481642	0.00669531	 0.0161135	 0.0311707	 0.0532356	 0.0818062	  0.114224	  0.157637	  0.212807	  0.293994	   0.34697	  0.383766	  0.417092	  0.456362	  0.503841	  0.540295	  0.567497	  0.598417	  0.628934	  0.655121	  0.681049	  0.703195	  0.723082	  0.739757	  0.753817	  0.765775	  0.771938	  0.776532	  0.780098	  0.782974	  0.785377	  0.787448	  0.789283	  0.790948	  0.792483	  0.793902	   0.79521	   0.79641	  0.797501	  0.798484	  0.799361	  0.800133	  0.800799	  0.801364	  0.801835	  0.802217	  0.802516	  0.802735	  0.802881	  0.802958	  0.802974	  0.802933	  0.802843
   557	     0	         0	         0	         0	         0	         0	         0	         0	         0	         0	         0	         0	         0	         0	         0	         0	         0	0.00155399	0.00312454	0.00482954	0.00670918	 0.0161246	 0.0311548	 0.0531528	 0.0816059	  0.113864	  0.157042	  0.211895	  0.292592	  0.345279	  0.381967	  0.415337	  0.454724	  0.502401	  0.539182	  0.566873	  0.598387	  0.629603	  0.656276	   0.68247	  0.704702	   0.72453	  0.741067	  0.754953	  0.766739	    0.7727	  0.777141	  0.780601	  0.783406	  0.785765	  0.787811	  0.789634	  0.791296	  0.792833	  0.794257	  0.795568	  0.796767	  0.797854	  0.798827	  0.799689	   0.80044	  0.801081	  0.801618	  0.802058	  0.802409	  0.802676	  0.802864	  0.802982	  0.803035	   0.80303	  0.802975	  0.802876
   558	     0	         0	         0	         0	         0	         0	         0	         0	         0	         0	         0	         0	         0	         0	         0	         0	         0	0.00163031	0.00327673	0.00506512	0.00703884	 0.0169358	   0.03275	 0.0559147	 0.0858932	  0.119889	   0.16533	  0.223016	  0.307838	  0.363023	  0.401786	  0.436366	  0.476939	  0.525976	  0.563928	  0.592448	  0.625025	  0.653765	  0.676453	  0.698424	  0.716815	  0.733278	  0.747021	  0.758619	  0.768529	  0.774024	  0.778241	  0.781593	  0.784342	  0.786669	   0.78869	  0.790489	  0.792122	  0.793623	  0.795005	   0.79627	   0.79742	  0.798457	   0.79938	  0.800191	  0.800893	  0.801487	  0.801978	  0.802375	  0.802685	  0.802913	  0.803064	  0.803147	  0.803168	  0.803133	   0.80305	  0.802925
   559	     0	         0	         0	         0	         0	         0	         0	         0	         0	         0	         0	         0	         0	         0	         0	         0	         0	0.00158351	0.00317329	0.00489129	0.00677905	 0.0162729	 0.0314065	 0.0535357	 0.0821347	  0.114534	    0.1579	  0.213007	  0.294075	  0.346926	  0.383713	  0.417023	   0.45632	  0.503848	  0.540395	  0.567756	   0.59886	  0.629587	  0.655913	  0.681912	  0.704087	  0.723967	  0.740619	  0.754649	  0.766576	  0.772697	  0.777261	  0.780809	  0.783673	  0.786071	  0.788141	  0.789978	  0.791648	  0.793191	  0.794618	  0.795934	  0.797139	  0.798234	  0.799219	  0.800093	  0.800859	  0.801516	  0.802071	  0.802529	  0.802898	  0.803182	  0.803388	  0.803521	  0.803588	  0.803596	  0.803552	  0.803461
   560	     0	         0	         0	         0	         0	         0	         0	         0	         0	         0	         0	         0	         0	         0	         0	         0	         0	 0.0015867	0.00318347	0.00491133	0.00681155	 0.0163518	 0.0315616	 0.0538029	 0.0825521	  0.115135	  0.158754	  0.214215	  0.295856	   0.34919	  0.386481	  0.420291	  0.460173	   0.50843	   0.54573	  0.573895	  0.605965	  0.636771	  0.662491	  0.687547	  0.708674	  0.727482	  0.743143	  0.756295	  0.767469	  0.773172	   0.77744	  0.780777	  0.783486	  0.785766	  0.787743	  0.789503	  0.791106	  0.792586	  0.793954	  0.795207	  0.796348	  0.797373	  0.798282	  0.799075	  0.799753	  0.800319	  0.800778	  0.801138	  0.801408	  0.801593	  0.801701	   0.80174	  0.801718	  0.801641	  0.801519	  0.801358
   561	     0	         0	         0	         0	         0	         0	         0	         0	         0	         0	         0	         0	         0	         0	         0	         0	         0	0.00157033	 0.0031582	0.00487999	0.00677452	 0.0162593	 0.0313688	 0.0534444	   0.08195	  0.114217	  0.157359	   0.21212	  0.292656	  0.345084	  0.381506	  0.414603	   0.45373	  0.501157	    0.5377	  0.565166	  0.596413	  0.627605	   0.65442	   0.68086	  0.703335	  0.723403	  0.740164	  0.754242	  0.766178	  0.772174	  0.776605	  0.780028	  0.782773	  0.785059	  0.787021	  0.788753	  0.790322	  0.791764	   0.79309	  0.794302	  0.795398	  0.796378	  0.797242	  0.797991	  0.798626	  0.799148	  0.799563	  0.799881	  0.800109	  0.800254	  0.800323	  0.800323	  0.800263	  0.800149	  0.799991	  0.799796
   562	     0	         0	         0	         0	         0	         0	         0	         0	         0	         0	         0	         0	         0	         0	         0	         0	         0	0.00158949	0.00318649	0.00491441	 0.0068158	 0.0163792	 0.0316428	 0.0539907	 0.0829084	  0.115712	  0.159652	  0.215549	  0.297876	  0.351611	   0.38915	  0.423005	  0.462843	  0.510952	  0.547953	  0.575619	  0.607039	  0.637017	  0.662133	  0.686872	  0.707861	  0.726695	  0.742505	  0.755865	  0.767259	  0.773242	   0.77774	  0.781255	  0.784099	  0.786482	  0.788538	   0.79036	  0.792013	  0.793535	  0.794938	  0.796228	  0.797405	  0.798469	   0.79942	   0.80026	  0.800989	  0.801608	  0.802122	   0.80254	  0.802866	  0.803107	  0.803268	  0.803356	  0.803377	  0.803337	  0.803245	  0.803107
   563	     0	         0	         0	         0	         0	         0	         0	         0	         0	         0	         0	         0	         0	         0	         0	         0	         0	0.00149013	0.00300305	0.00465409	0.00648371	 0.0156342	  0.030301	  0.051838	 0.0797759	  0.111531	   0.15411	  0.208269	  0.288015	  0.340236	  0.376441	   0.40947	  0.448393	  0.495412	  0.531475	  0.558401	  0.588917	  0.620278	   0.64784	  0.675304	  0.698812	  0.719888	  0.737571	   0.75247	  0.765127	  0.771521	  0.776259	  0.779929	  0.782886	   0.78536	  0.787496	  0.789393	  0.791119	  0.792713	   0.79419	  0.795555	  0.796811	  0.797958	  0.798999	  0.799933	  0.800762	  0.801488	  0.802113	  0.802645	  0.803089	   0.80345	  0.803732	  0.803941	  0.804082	  0.804159	   0.80418	   0.80415
   564	     0	         0	         0	         0	         0	         0	         0	         0	         0	         0	         0	         0	         0	         0	         0	         0	         0	0.00165247	0.00330576	0.00508652	0.00703718	  0.016868	  0.032506	 0.0553375	 0.0848012	  0.118133	  0.162678	  0.219213	  0.302308	  0.356283	  0.394065	  0.427947	  0.467878	  0.516234	  0.553634	  0.581767	  0.613901	  0.643724	   0.66816	  0.691944	   0.71201	  0.729942	  0.744884	  0.757445	  0.768126	  0.773772	  0.778032	  0.781377	  0.784098	  0.786388	  0.788374	  0.790141	  0.791751	  0.793238	  0.794614	  0.795881	  0.797039	  0.798087	  0.799024	  0.799851	   0.80057	  0.801179	  0.801685	  0.802096	  0.802418	  0.802656	  0.802817	  0.802908	  0.802935	  0.802906	  0.802827	  0.802706
   565	     0	         0	         0	         0	         0	         0	         0	         0	         0	         0	         0	         0	         0	         0	         0	         0	         0	0.00167469	 0.0033438	0.00513578	0.00709318	  0.016969	 0.0326465	 0.0554881	 0.0848993	  0.118088	  0.162355	  0.218404	  0.300609	  0.353703	  0.390618	  0.423637	  0.462623	  0.509879	  0.546188	  0.573242	  0.604109	  0.633912	  0.659169	  0.684139	  0.705483	  0.724697	  0.740809	    0.7544	  0.765963	  0.772014	  0.776531	  0.780037	  0.782853	  0.785196	  0.787204	  0.788974	  0.790574	  0.792044	  0.793397	  0.794638	  0.795768	  0.796789	    0.7977	  0.798502	  0.799198	  0.799787	  0.800274	  0.800669	  0.800976	  0.801203	  0.801353	  0.801435	  0.801455	  0.801419	  0.801335	   0.80121
   566	     0	         0	         0	         0	         0	         0	         0	         0	         0	         0	         0	         0	         0	         0	         0	         0	         0	   0.00159	0.00319568	0.00493708	0.00685481	 0.0164662	 0.0317948	 0.0542135	 0.0831865	  0.116004	  0.159875	  0.215547	  0.297413	  0.350649	  0.387746	  0.421253	  0.460764	  0.508611	  0.545499	  0.573182	  0.604707	  0.635103	  0.660673	  0.685787	  0.707064	   0.72609	     0.742	  0.755397	  0.766795	  0.772678	  0.777078	  0.780508	  0.783281	  0.785602	  0.787604	  0.789377	  0.790985	  0.792464	  0.793826	  0.795071	  0.796202	  0.797219	   0.79812	  0.798907	  0.799583	  0.800148	  0.800608	  0.800972	  0.801247	   0.80144	  0.801556	  0.801604	   0.80159	  0.801522	  0.801407	  0.801253
   567	     0	         0	         0	         0	         0	         0	         0	         0	         0	         0	         0	         0	         0	         0	         0	         0	         0	 0.0015867	0.00318347	0.00491133	0.00681155	 0.0163518	 0.0315616	 0.0538029	 0.0825521	  0.115135	  0.158754	  0.214215	  0.295856	   0.34919	  0.386481	  0.420291	  0.460173	   0.50843	   0.54573	  0.573895	  0.605965	  0.636771	  0.662491	  0.687547	  0.708674	  0.727482	  0.743143	  0.756295	  0.767469	  0.773172	   0.77744	  0.780777	  0.783486	  0.785766	  0.787743	  0.789503	  0.791106	  0.792586	  0.793954	  0.795207	  0.796348	  0.797373	  0.798282	  0.799075	  0.799753	  0.800319	  0.800778	  0.801138	  0.801408	  0.801593	  0.801701	   0.80174	  0.801718	  0.801641	  0.801519	  0.801358
   568	     0	         0	         0	         0	         0	         0	         0	         0	         0	         0	         0	         0	         0	         0	         0	         0	         0	 0.0016411	0.00326486	0.00500112	0.00689392	 0.0164789	  0.031696	 0.0538725	 0.0824423	  0.114708	  0.157831	  0.212536	  0.292857	  0.344902	  0.380934	  0.413398	  0.451746	  0.498118	  0.533511	  0.559718	  0.589454	  0.620007	  0.647002	  0.674092	   0.69748	    0.7186	  0.736398	  0.751433	  0.764212	  0.770748	  0.775572	  0.779278	  0.782231	  0.784671	  0.786753	  0.788581	  0.790231	  0.791745	  0.793141	  0.794422	  0.795594	  0.796656	   0.79761	  0.798455	  0.799194	  0.799826	  0.800356	  0.800792	  0.801138	  0.801401	  0.801584	  0.801695	  0.801739	  0.801722	  0.801652	  0.801534
   569	     0	         0	         0	         0	         0	         0	         0	         0	         0	         0	         0	         0	         0	         0	         0	         0	         0	0.00163669	0.00328244	0.00506202	0.00701735	 0.0168423	 0.0324938	 0.0553641	 0.0848953	  0.118312	  0.162949	  0.219554	  0.302714	  0.356654	  0.394294	  0.427998	  0.467699	  0.515771	   0.55283	  0.580554	    0.6122	  0.641691	  0.666024	  0.689867	  0.710076	  0.728217	  0.743391	  0.756185	  0.767081	  0.772879	  0.777248	  0.780666	  0.783433	   0.78575	  0.787747	  0.789514	  0.791114	  0.792586	  0.793942	  0.795184	  0.796316	  0.797336	  0.798246	  0.799046	  0.799737	  0.800321	  0.800803	  0.801189	  0.801488	  0.801704	  0.801843	  0.801911	  0.801916	  0.801864	  0.801763	  0.801618
   570	     0	         0	         0	         0	         0	         0	         0	         0	         0	         0	         0	         0	         0	         0	         0	         0	         0	0.00158249	0.00317575	0.00489905	0.00679229	 0.0162932	 0.0314225	  0.053521	 0.0820432	  0.114305	  0.157411	   0.21206	  0.292348	  0.344451	  0.380517	  0.413185	   0.45179	  0.498561	  0.534408	  0.561115	  0.591458	   0.62236	  0.649411	  0.676382	    0.6995	  0.720263	    0.7377	  0.752398	  0.764881	  0.771212	  0.775888	   0.77949	  0.782372	  0.784763	  0.786812	  0.788618	  0.790253	  0.791756	  0.793142	  0.794412	   0.79557	  0.796615	  0.797546	  0.798366	  0.799076	  0.799677	  0.800174	  0.800576	  0.800889	   0.80112	  0.801274	  0.801358	  0.801379	  0.801343	  0.801259	  0.801132
   571	     0	         0	         0	         0	         0	         0	         0	         0	         0	         0	         0	         0	         0	         0	         0	         0	         0	0.00152202	0.00305951	0.00472972	0.00657336	 0.0158197	 0.0306039	 0.0522773	 0.0803599	  0.112261	  0.155068	  0.209611	  0.290015	  0.342758	  0.379454	  0.412896	  0.452331	  0.499963	  0.536555	  0.563966	  0.595037	  0.626141	  0.652995	  0.679565	  0.702229	  0.722531	  0.739541	  0.753865	  0.766031	  0.772199	   0.77677	  0.780302	  0.783138	  0.785499	  0.787527	  0.789319	  0.790943	  0.792437	  0.793815	   0.79508	  0.796235	  0.797278	  0.798209	  0.799029	  0.799738	  0.800337	  0.800831	  0.801226	  0.801529	  0.801745	  0.801878	  0.801937	  0.801927	  0.801854	  0.801727	  0.801551
   572	     0	         0	         0	         0	         0	         0	         0	         0	         0	         0	         0	         0	         0	         0	         0	         0	         0	0.00166936	0.00333558	0.00512467	0.00707812	 0.0169239	 0.0325406	 0.0552803	  0.084552	  0.117587	  0.161677	  0.217581	  0.299668	  0.352829	  0.389847	  0.423071	  0.462328	  0.509907	  0.546499	   0.57387	  0.605064	  0.635094	  0.660396	  0.685313	  0.706522	  0.725566	  0.741524	  0.754977	  0.766423	  0.772364	  0.776795	  0.780231	  0.782991	  0.785286	  0.787252	  0.788983	  0.790548	  0.791985	  0.793305	  0.794509	    0.7956	  0.796575	  0.797435	  0.798179	  0.798811	   0.79933	  0.799743	   0.80006	  0.800287	  0.800432	  0.800501	  0.800503	  0.800445	  0.800337	  0.800186	  0.800001
   573	     0	         0	         0	         0	         0	         0	         0	         0	         0	         0	         0	         0	         0	         0	         0	         0	         0	0.00157028	0.00316072	 0.0048886	0.00679357	 0.0163248	  0.031532	 0.0537792	 0.0825439	   0.11515	  0.158779	  0.214212	  0.295812	  0.349082	   0.38635	  0.420208	  0.460173	  0.508603	  0.546193	  0.574734	    0.6073	  0.638436	  0.664266	  0.689288	  0.710284	  0.728889	  0.744305	  0.757199	  0.768123	  0.773638	   0.77776	  0.780983	  0.783604	  0.785813	  0.787731	  0.789439	  0.790995	   0.79243	  0.793753	  0.794962	  0.796057	  0.797037	    0.7979	  0.798648	  0.799281	  0.799801	  0.800214	   0.80053	  0.800756	  0.800899	  0.800966	  0.800964	  0.800903	  0.800789	  0.800631	  0.800436
   574	     0	         0	         0	         0	         0	         0	         0	         0	         0	         0	         0	         0	         0	         0	         0	         0	         0	0.00155926	0.00312081	0.00480538	0.00665401	 0.0159526	 0.0307617	 0.0523909	 0.0803047	  0.111871	  0.154074	  0.207597	  0.286173	  0.337213	  0.372333	  0.404245	  0.441974	   0.48761	  0.522326	  0.547975	     0.577	  0.608375	  0.636942	  0.665891	  0.691008	  0.713695	  0.732851	  0.749033	  0.762766	  0.769684	  0.774755	  0.778632	  0.781715	  0.784259	   0.78643	   0.78834	  0.790066	  0.791654	   0.79312	  0.794471	   0.79571	  0.796838	  0.797855	  0.798764	  0.799566	  0.800261	  0.800855	  0.801355	  0.801767	  0.802097	  0.802348	  0.802528	  0.802642	  0.802697	  0.802699	  0.802654
   575	     0	         0	         0	         0	         0	         0	         0	         0	         0	         0	         0	         0	         0	         0	         0	         0	         0	0.00153693	0.00308494	0.00475976	0.00660044	 0.0158386	 0.0305565	 0.0520664	 0.0798553	  0.111335	  0.153512	  0.207167	   0.28615	  0.337785	  0.373558	  0.406255	  0.444946	  0.491777	  0.527723	  0.554674	  0.585217	  0.617091	  0.645299	  0.673379	  0.697438	  0.718968	  0.736996	  0.752138	   0.76495	  0.771289	  0.775927	  0.779474	  0.782295	  0.784625	  0.786612	  0.788359	  0.789936	  0.791383	  0.792712	  0.793927	  0.795028	  0.796014	  0.796884	  0.797639	  0.798281	   0.79881	  0.799231	  0.799554	  0.799785	  0.799931	  0.799999	  0.799996	  0.799929	  0.799807	  0.799638	  0.799428
   576	     0	         0	         0	         0	         0	         0	         0	         0	         0	         0	         0	         0	         0	         0	         0	         0	         0	0.00158108	 0.0031861	0.00493559	0.00687113	 0.0165517	 0.0320398	 0.0547497	 0.0841708	  0.117574	  0.162282	  0.219107	  0.302781	  0.357415	   0.39576	  0.430273	  0.470831	  0.519866	   0.55788	  0.586587	  0.619354	  0.649053	  0.672893	   0.69595	   0.71525	  0.732451	  0.746765	  0.758805	  0.769062	  0.774555	  0.778735	  0.782043	  0.784752	  0.787047	  0.789045	  0.790827	  0.792451	  0.793949	  0.795332	  0.796603	  0.797762	   0.79881	  0.799745	  0.800569	  0.801284	  0.801889	  0.802391	  0.802797	  0.803114	  0.803347	  0.803501	  0.803584	  0.803602	  0.803561	   0.80347	  0.803334
   577	     0	         0	         0	         0	         0	         0	         0	         0	         0	         0	         0	         0	         0	         0	         0	         0	         0	0.00164553	0.00328168	0.00503482	0.00694715	 0.0165996	 0.0319089	 0.0541969	 0.0828836	  0.115252	  0.158479	  0.213308	    0.2938	  0.345912	  0.381931	  0.414342	  0.452654	  0.499002	  0.534284	  0.560347	  0.589896	  0.620197	  0.646967	  0.673911	  0.697196	  0.718267	  0.736076	  0.751148	  0.763969	   0.77054	  0.775377	  0.779074	  0.782001	    0.7844	   0.78643	  0.788201	  0.789788	  0.791237	  0.792564	  0.793773	  0.794867	  0.795846	  0.796711	  0.797463	  0.798101	  0.798629	   0.79905	  0.799373	  0.799604	  0.799749	  0.799815	  0.799808	  0.799736	  0.799606	  0.799427	  0.799205
   578	     0	         0	         0	         0	         0	         0	         0	         0	         0	         0	         0	         0	         0	         0	         0	         0	         0	0.00156195	0.00313271	0.00483132	 0.0066983	 0.0160806	 0.0310371	 0.0529123	 0.0811928	   0.11325	   0.15619	  0.210792	  0.291185	  0.343689	  0.380248	  0.413516	    0.4528	  0.500331	  0.536957	  0.564493	  0.595778	  0.627115	  0.654116	  0.680737	  0.703377	  0.723586	  0.740462	  0.754636	  0.766653	  0.772701	  0.777183	  0.780657	  0.783457	    0.7858	  0.787822	  0.789618	  0.791252	  0.792762	  0.794159	  0.795444	  0.796618	  0.797679	  0.798628	  0.799464	  0.800189	  0.800803	  0.801311	  0.801721	  0.802039	  0.802272	  0.802425	  0.802506	  0.802519	  0.802474	  0.802377	  0.802235
   579	     0	         0	         0	         0	         0	         0	         0	         0	         0	         0	         0	         0	         0	         0	         0	         0	         0	0.00156195	0.00313271	0.00483132	 0.0066983	 0.0160806	 0.0310371	 0.0529123	 0.0811928	   0.11325	   0.15619	  0.210792	  0.291185	  0.343689	  0.380248	  0.413516	    0.4528	  0.500331	  0.536957	  0.564493	  0.595778	  0.627115	  0.654116	  0.680737	  0.703377	  0.723586	  0.740462	  0.754636	  0.766653	  0.772701	  0.777183	  0.780657	  0.783457	    0.7858	  0.787822	  0.789618	  0.791252	  0.792762	  0.794159	  0.795444	  0.796618	  0.797679	  0.798628	  0.799464	  0.800189	  0.800803	  0.801311	  0.801721	  0.802039	  0.802272	  0.802425	  0.802506	  0.802519	  0.802474	  0.802377	  0.802235
   580	     0	         0	         0	         0	         0	         0	         0	         0	         0	         0	         0	         0	         0	         0	         0	         0	         0	0.00169435	0.00335858	0.00512792	0.00704814	   0.01682	 0.0323012	 0.0548395	 0.0838604	  0.116637	   0.16048	  0.216187	  0.298068	  0.351271	   0.38847	  0.421886	  0.461328	  0.509029	   0.54576	  0.573276	  0.604595	  0.634879	   0.66044	  0.685556	  0.706911	  0.726041	  0.742033	   0.75549	  0.766925	  0.772832	  0.777242	  0.780671	  0.783437	   0.78575	  0.787745	  0.789515	  0.791126	  0.792614	  0.793993	  0.795265	  0.796428	  0.797482	  0.798426	  0.799259	  0.799982	  0.800594	  0.801101	   0.80151	  0.801827	  0.802058	  0.802209	  0.802285	  0.802295	  0.802245	  0.802143	  0.801996
   581	     0	         0	         0	         0	         0	         0	         0	         0	         0	         0	         0	         0	         0	         0	         0	         0	         0	0.00156823	0.00313439	0.00482074	0.00666897	 0.0159806	 0.0308062	 0.0524569	 0.0804033	  0.112021	  0.154327	  0.208034	  0.286938	  0.338341	  0.373912	  0.406304	  0.444599	  0.490926	   0.52642	  0.552913	  0.582975	  0.614695	  0.643017	  0.671317	  0.695674	  0.717528	  0.735841	  0.751236	  0.764276	  0.770783	   0.77557	  0.779256	  0.782212	  0.784676	  0.786799	  0.788683	  0.790398	  0.791985	  0.793459	  0.794823	  0.796079	  0.797228	  0.798268	  0.799202	   0.80003	  0.800752	  0.801372	  0.801899	  0.802338	  0.802693	  0.802969	  0.803173	   0.80331	  0.803386	  0.803407	   0.80338
   582	     0	         0	         0	         0	         0	         0	         0	         0	         0	         0	         0	         0	         0	         0	         0	         0	         0	 0.0015824	0.00316667	0.00487524	0.00674972	 0.0161733	 0.0311745	  0.053069	 0.0813077	  0.113219	   0.15585	   0.20989	  0.289175	  0.340573	  0.375907	  0.407863	  0.445626	  0.491296	  0.525947	  0.551439	  0.580299	  0.611069	  0.638924	  0.667194	  0.691761	  0.714023	  0.732868	   0.74882	  0.762379	   0.76927	  0.774322	  0.778176	  0.781225	  0.783726	  0.785847	    0.7877	  0.789365	  0.790889	  0.792288	   0.79357	  0.794737	  0.795792	  0.796735	  0.797567	  0.798291	  0.798907	   0.79942	  0.799838	  0.800167	  0.800413	  0.800579	  0.800675	  0.800705	  0.800676	  0.800596	   0.80047
   583	     0	         0	         0	         0	         0	         0	         0	         0	         0	         0	         0	         0	         0	         0	         0	         0	         0	0.00153758	0.00308494	0.00475904	0.00659941	 0.0158311	 0.0305416	  0.052033	 0.0797792	  0.111171	  0.153156	  0.206424	  0.284654	  0.335595	  0.370715	  0.402787	  0.440753	  0.486732	  0.521904	  0.548123	  0.577848	  0.609804	  0.638678	  0.667673	  0.692709	    0.7152	  0.734075	  0.749945	  0.763378	  0.770045	  0.774922	  0.778654	  0.781626	  0.784086	  0.786191	  0.788046	  0.789725	  0.791272	    0.7927	  0.794014	  0.795216	  0.796306	  0.797286	  0.798156	  0.798918	  0.799572	  0.800124	  0.800582	  0.800952	  0.801239	  0.801449	  0.801589	  0.801664	  0.801682	  0.801649	  0.801571
   584	     0	         0	         0	         0	         0	         0	         0	         0	         0	         0	         0	         0	         0	         0	         0	         0	         0	0.00163126	0.00326003	 0.0050112	0.00692676	 0.0165942	 0.0319628	 0.0543993	 0.0833589	   0.11614	  0.160009	  0.215767	   0.29783	  0.351284	  0.388681	  0.422441	  0.462273	  0.510479	  0.547721	  0.575758	  0.607692	  0.638171	  0.663591	  0.688412	  0.709372	  0.728065	  0.743651	  0.756748	  0.767876	  0.773617	   0.77792	  0.781284	  0.784012	  0.786308	  0.788297	   0.79007	  0.791687	  0.793183	  0.794569	  0.795845	  0.797009	  0.798061	  0.798998	   0.79982	  0.800529	  0.801125	  0.801614	  0.802004	  0.802302	  0.802514	  0.802646	  0.802706	  0.802702	   0.80264	  0.802529	  0.802375
   585	     0	         0	         0	         0	         0	         0	         0	         0	         0	         0	         0	         0	         0	         0	         0	         0	         0	0.00171394	0.00341292	0.00522994	0.00720929	 0.0172432	 0.0331591	 0.0563549	 0.0862423	   0.12001	  0.165123	  0.222392	  0.306523	  0.361026	  0.399219	  0.433142	   0.47309	  0.521433	  0.558721	  0.586591	  0.618404	  0.647293	  0.670737	  0.693669	  0.713068	  0.730502	  0.745092	  0.757394	  0.767869	  0.773556	  0.777852	  0.781213	  0.783928	  0.786194	  0.788141	   0.78986	  0.791416	  0.792845	  0.794162	  0.795368	  0.796466	  0.797453	  0.798329	  0.799096	  0.799752	  0.800299	  0.800742	  0.801087	  0.801343	  0.801513	  0.801605	  0.801624	  0.801579	  0.801477	  0.801324	   0.80113
   586	     0	         0	         0	         0	         0	         0	         0	         0	         0	         0	         0	         0	         0	         0	         0	         0	         0	 0.0016595	0.00331794	0.00510209	0.00705407	 0.0168878	  0.032512	 0.0552944	 0.0846481	  0.117793	  0.161998	  0.217956	  0.300058	  0.353094	  0.390024	  0.423119	  0.462169	  0.509493	  0.545908	  0.573097	  0.604098	  0.634101	  0.659523	  0.684643	  0.706057	  0.725295	  0.741429	  0.755044	  0.766638	  0.772701	  0.777245	  0.780788	  0.783651	  0.786046	   0.78811	  0.789938	  0.791595	  0.793121	  0.794528	   0.79582	  0.797001	   0.79807	  0.799028	  0.799876	  0.800617	  0.801252	  0.801785	  0.802225	  0.802578	   0.80285	  0.803047	  0.803175	   0.80324	  0.803249	  0.803209	  0.803127
   587	     0	         0	         0	         0	         0	         0	         0	         0	         0	         0	         0	         0	         0	         0	         0	         0	         0	0.00160002	0.00320298	0.00493386	0.00683541	 0.0164046	  0.031661	 0.0539639	 0.0827741	  0.115381	   0.15897	  0.214259	   0.29547	  0.348182	  0.384683	  0.417536	  0.456262	  0.503085	  0.538862	   0.56535	  0.595446	  0.625564	  0.651747	  0.677916	  0.700414	  0.720722	  0.737825	  0.752284	  0.764592	  0.770962	  0.775692	  0.779345	  0.782269	  0.784697	  0.786777	  0.788611	   0.79027	  0.791796	  0.793206	  0.794505	  0.795696	  0.796779	  0.797757	  0.798629	  0.799397	  0.800061	  0.800625	  0.801096	   0.80148	  0.801782	  0.802005	  0.802156	   0.80224	  0.802263	  0.802231	   0.80215
   588	     0	         0	         0	         0	         0	         0	         0	         0	         0	         0	         0	         0	         0	         0	         0	         0	         0	 0.0015753	0.00314153	0.00482234	0.00665982	  0.015957	 0.0307464	 0.0523464	 0.0802365	  0.111815	  0.154143	  0.207997	  0.287255	   0.33898	  0.374807	  0.407415	  0.445973	  0.492588	  0.528253	  0.554817	  0.584906	  0.616324	  0.644253	  0.672178	  0.696218	  0.717822	  0.735961	   0.75123	  0.764171	  0.770661	  0.775424	  0.779074	   0.78198	  0.784384	  0.786438	  0.788247	  0.789884	   0.79139	  0.792781	  0.794061	   0.79523	  0.796288	  0.797235	  0.798071	  0.798797	  0.799414	  0.799925	  0.800338	  0.800659	  0.800894	  0.801048	  0.801127	  0.801138	  0.801088	  0.800984	  0.800833
   589	     0	         0	         0	         0	         0	         0	         0	         0	         0	         0	         0	         0	         0	         0	         0	         0	         0	0.00156316	0.00313609	0.00483703	0.00670589	 0.0160815	 0.0310129	 0.0528216	 0.0809736	  0.112828	  0.155425	  0.209492	  0.288948	   0.34067	   0.37648	  0.409071	  0.447606	  0.494261	  0.530025	  0.556751	  0.587066	  0.618524	  0.646308	  0.674018	  0.697782	  0.719094	   0.73698	  0.752041	   0.76482	  0.771221	  0.775937	  0.779566	  0.782468	  0.784877	  0.786941	  0.788762	   0.79041	  0.791925	  0.793319	  0.794597	  0.795758	  0.796804	  0.797733	  0.798548	   0.79925	   0.79984	  0.800325	  0.800713	  0.801011	  0.801226	  0.801364	  0.801433	  0.801439	   0.80139	  0.801294	  0.801158
   590	     0	         0	         0	         0	         0	         0	         0	         0	         0	         0	         0	         0	         0	         0	         0	         0	         0	0.00156316	0.00313609	0.00483703	0.00670589	 0.0160815	 0.0310129	 0.0528216	 0.0809736	  0.112828	  0.155425	  0.209492	  0.288948	   0.34067	   0.37648	  0.409071	  0.447606	  0.494261	  0.530025	  0.556751	  0.587066	  0.618524	  0.646308	  0.674018	  0.697782	  0.719094	   0.73698	  0.752041	   0.76482	  0.771221	  0.775937	  0.779566	  0.782468	  0.784877	  0.786941	  0.788762	   0.79041	  0.791925	  0.793319	  0.794597	  0.795758	  0.796804	  0.797733	  0.798548	   0.79925	   0.79984	  0.800325	  0.800713	  0.801011	  0.801226	  0.801364	  0.801433	  0.801439	   0.80139	  0.801294	  0.801158
   591	     0	         0	         0	         0	         0	         0	         0	         0	         0	         0	         0	         0	         0	         0	         0	         0	         0	0.00175611	 0.0034838	0.00531927	0.00730732	 0.0174067	 0.0333628	 0.0565315	 0.0862812	  0.119779	  0.164434	  0.220998	  0.303915	  0.357365	  0.394644	  0.427753	  0.466848	  0.514202	  0.550541	  0.577566	  0.608376	  0.637682	  0.662279	  0.686604	   0.70736	  0.726069	  0.741793	  0.755079	  0.766395	  0.772379	  0.776855	  0.780329	  0.783116	  0.785429	  0.787407	  0.789148	  0.790721	  0.792164	  0.793492	  0.794707	  0.795809	  0.796798	  0.797672	  0.798433	  0.799081	  0.799618	  0.800048	  0.800381	  0.800622	   0.80078	  0.800859	  0.800869	  0.800816	  0.800708	  0.800554	   0.80036
   592	     0	         0	         0	         0	         0	         0	         0	         0	         0	         0	         0	         0	         0	         0	         0	         0	         0	0.00145808	0.00294907	0.00458249	0.00639657	 0.0154363	 0.0299293	 0.0512159	 0.0788427	  0.110272	  0.152472	  0.206274	  0.285619	  0.337809	  0.373973	  0.407094	  0.446157	  0.493327	  0.529437	  0.556404	  0.586869	  0.618386	  0.646191	  0.673969	  0.697745	  0.719066	  0.736991	  0.752102	  0.764925	  0.771341	  0.776053	  0.779661	   0.78253	  0.784899	  0.786918	  0.788693	  0.790292	  0.791758	  0.793105	  0.794337	  0.795455	  0.796458	  0.797347	  0.798121	  0.798782	  0.799331	  0.799771	   0.80011	  0.800355	  0.800511	  0.800583	  0.800579	  0.800505	  0.800368	  0.800176	  0.799935
   593	     0	         0	         0	         0	         0	         0	         0	         0	         0	         0	         0	         0	         0	         0	         0	         0	         0	0.00158009	0.00315982	0.00486057	0.00672349	 0.0161104	 0.0310447	 0.0528518	 0.0810026	  0.112868	   0.15554	    0.2098	  0.289648	  0.341715	  0.377838	  0.410663	  0.449454	  0.496363	  0.532302	  0.559132	  0.589538	  0.620761	  0.648196	  0.675541	   0.69899	  0.720038	  0.737711	  0.752598	  0.765227	  0.771581	  0.776258	   0.77985	  0.782713	  0.785083	  0.787108	   0.78889	  0.790501	  0.791981	  0.793345	  0.794594	  0.795731	  0.796755	  0.797664	  0.798459	  0.799142	  0.799713	  0.800177	  0.800542	  0.800815	  0.801001	  0.801107	  0.801139	  0.801105	  0.801013	  0.800869	  0.800681
   594	     0	         0	         0	         0	         0	         0	         0	         0	         0	         0	         0	         0	         0	         0	         0	         0	         0	 0.0015867	0.00318347	0.00491133	0.00681155	 0.0163518	 0.0315616	 0.0538029	 0.0825521	  0.115135	  0.158754	  0.214215	  0.295856	   0.34919	  0.386481	  0.420291	  0.460173	   0.50843	   0.54573	  0.573895	  0.605965	  0.636771	  0.662491	  0.687547	  0.708674	  0.727482	  0.743143	  0.756295	  0.767469	  0.773172	   0.77744	  0.780777	  0.783486	  0.785766	  0.787743	  0.789503	  0.791106	  0.792586	  0.793954	  0.795207	  0.796348	  0.797373	  0.798282	  0.799075	  0.799753	  0.800319	  0.800778	  0.801138	  0.801408	  0.801593	  0.801701	   0.80174	  0.801718	  0.801641	  0.801519	  0.801358
   595	     0	         0	         0	         0	         0	         0	         0	         0	         0	         0	         0	         0	         0	         0	         0	         0	         0	0.00159226	0.00316708	0.00485095	0.00668715	 0.0159935	 0.0307781	 0.0523448	  0.080164	  0.111636	  0.153811	  0.207474	  0.286422	  0.337961	    0.3737	  0.406243	  0.444728	  0.491225	  0.526795	  0.553315	   0.58333	  0.614934	  0.643145	  0.671368	  0.695692	  0.717552	   0.73591	  0.751366	  0.764467	  0.771025	  0.775843	  0.779539	  0.782488	  0.784931	  0.787024	  0.788871	  0.790544	  0.792087	  0.793513	  0.794827	  0.796031	  0.797124	  0.798105	  0.798976	  0.799737	  0.800388	  0.800933	   0.80138	  0.801735	  0.802003	   0.80219	  0.802301	  0.802343	  0.802324	  0.802249	  0.802126
   596	     0	         0	         0	         0	         0	         0	         0	         0	         0	         0	         0	         0	         0	         0	         0	         0	         0	 0.0015762	0.00316631	0.00489207	0.00679533	 0.0163454	 0.0316047	 0.0539547	 0.0828802	  0.115683	  0.159586	  0.215348	  0.297381	  0.350825	  0.388035	  0.421599	  0.461123	  0.508919	  0.545702	  0.573199	  0.604516	  0.634656	  0.660074	  0.685101	  0.706393	  0.725493	  0.741474	  0.754936	  0.766387	  0.772349	   0.77681	  0.780285	  0.783092	  0.785441	  0.787467	  0.789263	  0.790892	  0.792393	   0.79378	  0.795058	  0.796228	  0.797292	  0.798249	    0.7991	  0.799847	  0.800489	  0.801031	   0.80148	  0.801841	  0.802119	  0.802318	  0.802444	  0.802502	  0.802499	  0.802441	  0.802334
   597	     0	         0	         0	         0	         0	         0	         0	         0	         0	         0	         0	         0	         0	         0	         0	         0	         0	0.00163556	0.00325203	0.00497811	0.00685734	 0.0163917	 0.0315196	 0.0535705	 0.0819938	  0.114129	  0.157158	  0.211882	  0.292398	  0.344825	  0.381305	  0.414311	  0.453322	  0.500497	   0.53669	   0.56373	  0.594417	  0.625307	   0.65211	  0.678695	   0.70145	   0.72187	  0.738991	  0.753406	  0.765639	   0.77184	   0.77642	  0.779945	  0.782762	  0.785097	  0.787095	  0.788856	   0.79045	  0.791917	   0.79327	  0.794512	  0.795644	  0.796664	  0.797572	  0.798367	  0.799051	  0.799623	  0.800088	  0.800454	  0.800728	  0.800916	  0.801022	  0.801055	  0.801022	  0.800929	  0.800786	  0.800598
   598	     0	         0	         0	         0	         0	         0	         0	         0	         0	         0	         0	         0	         0	         0	         0	         0	         0	0.00154692	0.00309143	0.00475332	0.00657341	 0.0157512	 0.0303559	 0.0516841	 0.0792188	  0.110388	   0.15216	  0.205309	  0.283515	  0.334594	  0.369838	  0.402008	  0.440071	  0.486071	  0.521131	  0.547173	  0.576587	  0.608409	  0.637309	  0.666489	  0.691719	  0.714428	  0.733556	  0.749668	  0.763304	  0.770068	  0.774988	  0.778721	  0.781666	  0.784078	  0.786122	   0.78791	   0.78952	  0.790998	  0.792358	  0.793606	  0.794741	  0.795765	  0.796676	  0.797474	   0.79816	  0.798735	  0.799203	  0.799572	  0.799849	  0.800039	  0.800148	  0.800184	  0.800153	  0.800062	   0.79992	  0.799733
   599	     0	         0	         0	         0	         0	         0	         0	         0	         0	         0	         0	         0	         0	         0	         0	         0	         0	0.00158026	0.00316183	0.00486731	0.00673823	 0.0161564	 0.0311545	 0.0530589	 0.0813254	  0.113284	  0.155997	  0.210147	   0.28964	  0.341182	  0.376685	  0.408791	  0.446714	  0.492584	  0.527479	  0.553202	  0.582354	  0.613152	  0.640894	  0.668967	  0.693335	  0.715394	  0.734035	  0.749803	  0.763207	  0.770054	  0.775097	  0.778966	  0.782047	  0.784595	   0.78677	  0.788684	  0.790413	  0.792003	  0.793471	  0.794826	  0.796071	  0.797208	  0.798239	  0.799165	  0.799988	  0.800708	  0.801329	  0.801858	  0.802301	  0.802661	  0.802942	  0.803151	  0.803292	  0.803371	  0.803394	  0.803366
   600	     0	         0	         0	         0	         0	         0	         0	         0	         0	         0	         0	         0	         0	         0	         0	         0	         0	0.00158026	0.00316183	0.00486731	0.00673823	 0.0161564	 0.0311545	 0.0530589	 0.0813254	  0.113284	  0.155997	  0.210147	   0.28964	  0.341182	  0.376685	  0.408791	  0.446714	  0.492584	  0.527479	  0.553202	  0.582354	  0.613152	  0.640894	  0.668967	  0.693335	  0.715394	  0.734035	  0.749803	  0.763207	  0.770054	  0.775097	  0.778966	  0.782047	  0.784595	   0.78677	  0.788684	  0.790413	  0.792003	  0.793471	  0.794826	  0.796071	  0.797208	  0.798239	  0.799165	  0.799988	  0.800708	  0.801329	  0.801858	  0.802301	  0.802661	  0.802942	  0.803151	  0.803292	  0.803371	  0.803394	  0.803366
   601	     0	         0	         0	         0	         0	         0	         0	         0	         0	         0	         0	         0	         0	         0	         0	         0	         0	0.00166072	0.00332391	0.00511706	0.00708301	 0.0169949	  0.032773	 0.0558265	 0.0855975	  0.119299	  0.164357	  0.221586	  0.305749	  0.360412	   0.39869	  0.432819	  0.472976	  0.521571	   0.55909	  0.587185	   0.61926	   0.64823	  0.671603	  0.694401	  0.713625	  0.730871	  0.745282	  0.757424	  0.767759	   0.77336	  0.777592	  0.780904	  0.783581	  0.785816	  0.787737	  0.789432	  0.790964	  0.792372	  0.793666	   0.79485	  0.795925	   0.79689	  0.797744	  0.798489	  0.799123	  0.799649	  0.800072	  0.800398	  0.800635	  0.800788	  0.800863	  0.800869	  0.800811	  0.800698	  0.800536	  0.800334
   602	     0	         0	         0	         0	         0	         0	         0	         0	         0	         0	         0	         0	         0	         0	         0	         0	         0	 0.0015883	0.00318241	0.00490501	0.00679784	 0.0163111	 0.0314733	 0.0536329	 0.0822476	  0.114623	  0.157879	  0.212705	   0.29321	  0.345417	  0.381544	  0.414168	  0.452654	  0.499215	  0.534803	  0.561186	   0.59114	  0.621693	  0.648543	  0.675432	  0.698565	  0.719418	  0.736987	  0.751839	  0.764484	  0.770981	  0.775806	   0.77954	  0.782538	  0.785036	  0.787183	  0.789081	    0.7908	  0.792383	  0.793845	  0.795192	  0.796427	  0.797551	  0.798566	  0.799474	  0.800276	  0.800973	   0.80157	  0.802074	  0.802491	  0.802826	  0.803084	  0.803269	  0.803389	  0.803448	  0.803452	  0.803408
   603	     0	         0	         0	         0	         0	         0	         0	         0	         0	         0	         0	         0	         0	         0	         0	         0	         0	0.00163031	0.00327673	0.00506512	0.00703884	 0.0169358	   0.03275	 0.0559147	 0.0858932	  0.119889	   0.16533	  0.223016	  0.307838	  0.363023	  0.401786	  0.436366	  0.476939	  0.525976	  0.563928	  0.592448	  0.625025	  0.653765	  0.676453	  0.698424	  0.716815	  0.733278	  0.747021	  0.758619	  0.768529	  0.774024	  0.778241	  0.781593	  0.784342	  0.786669	   0.78869	  0.790489	  0.792122	  0.793623	  0.795005	   0.79627	   0.79742	  0.798457	   0.79938	  0.800191	  0.800893	  0.801487	  0.801978	  0.802375	  0.802685	  0.802913	  0.803064	  0.803147	  0.803168	  0.803133	   0.80305	  0.802925
   604	     0	         0	         0	         0	         0	         0	         0	         0	         0	         0	         0	         0	         0	         0	         0	         0	         0	0.00163429	0.00323536	0.00493588	0.00678149	 0.0161748	 0.0310622	 0.0527376	 0.0806513	  0.112184	  0.154419	  0.208146	  0.287151	  0.338662	  0.374408	  0.406866	  0.445237	  0.491542	  0.526859	  0.553089	  0.582716	  0.614079	  0.642202	  0.670468	  0.694885	  0.716887	  0.735432	  0.751089	  0.764384	  0.771083	  0.776012	  0.779794	  0.782807	  0.785301	  0.787434	  0.789314	  0.791017	  0.792586	  0.794037	  0.795375	  0.796601	  0.797716	  0.798719	   0.79961	   0.80039	   0.80106	  0.801623	  0.802087	  0.802459	  0.802742	  0.802943	  0.803067	  0.803121	  0.803112	  0.803047	  0.802932
   605	     0	         0	         0	         0	         0	         0	         0	         0	         0	         0	         0	         0	         0	         0	         0	         0	         0	0.00154357	0.00310372	0.00479811	0.00666699	 0.0160349	 0.0309992	 0.0529166	 0.0812824	  0.113459	  0.156549	  0.211311	  0.291913	  0.344537	  0.381148	  0.414444	  0.453735	  0.501288	  0.537939	  0.565478	  0.596798	  0.627987	  0.654776	  0.681175	  0.703627	  0.723679	  0.740422	  0.754487	  0.766419	  0.772453	  0.776936	  0.780415	  0.783223	  0.785574	  0.787604	  0.789407	  0.791046	  0.792559	  0.793958	  0.795245	  0.796423	   0.79749	  0.798446	  0.799294	  0.800032	  0.800663	  0.801192	  0.801625	   0.80197	  0.802231	  0.802414	  0.802527	  0.802574	  0.802563	    0.8025	  0.802393
   606	     0	         0	         0	         0	         0	         0	         0	         0	         0	         0	         0	         0	         0	         0	         0	         0	         0	 0.0016362	0.00327075	0.00502899	0.00695311	 0.0166589	   0.03209	 0.0546135	 0.0836798	  0.116573	  0.160593	  0.216576	  0.298986	  0.352666	  0.390159	   0.42389	  0.463671	  0.511779	  0.548784	  0.576483	  0.607977	  0.637885	  0.662847	  0.687377	  0.708195	  0.726876	  0.742536	  0.755746	  0.766989	  0.772859	  0.777244	  0.780643	  0.783371	  0.785636	  0.787574	   0.78928	  0.790821	  0.792234	  0.793533	   0.79472	  0.795796	  0.796758	  0.797606	  0.798341	  0.798963	  0.799473	  0.799875	  0.800179	  0.800391	  0.800517	  0.800564	   0.80054	  0.800451	  0.800306	  0.800114	  0.799882
   607	     0	         0	         0	         0	         0	         0	         0	         0	         0	         0	         0	         0	         0	         0	         0	         0	         0	0.00152112	0.00307145	0.00476486	0.00664025	 0.0159889	 0.0309431	 0.0528563	  0.081223	  0.113397	  0.156427	  0.211027	  0.291295	  0.343656	  0.379999	   0.41312	  0.452225	  0.499607	   0.53613	  0.563596	  0.594855	  0.626236	  0.653283	  0.679935	  0.702577	  0.722774	  0.739628	  0.753782	  0.765791	  0.771818	  0.776291	  0.779764	  0.782569	   0.78492	  0.786952	  0.788757	  0.790399	  0.791912	  0.793309	  0.794591	   0.79576	  0.796815	  0.797755	  0.798584	  0.799301	   0.79991	  0.800415	  0.800825	  0.801148	  0.801389	  0.801554	  0.801651	  0.801686	  0.801666	  0.801598	  0.801489
   608	     0	         0	         0	         0	         0	         0	         0	         0	         0	         0	         0	         0	         0	         0	         0	         0	         0	0.00156195	0.00313271	0.00483132	 0.0066983	 0.0160806	 0.0310371	 0.0529123	 0.0811928	   0.11325	   0.15619	  0.210792	  0.291185	  0.343689	  0.380248	  0.413516	    0.4528	  0.500331	  0.536957	  0.564493	  0.595778	  0.627115	  0.654116	  0.680737	  0.703377	  0.723586	  0.740462	  0.754636	  0.766653	  0.772701	  0.777183	  0.780657	  0.783457	    0.7858	  0.787822	  0.789618	  0.791252	  0.792762	  0.794159	  0.795444	  0.796618	  0.797679	  0.798628	  0.799464	  0.800189	  0.800803	  0.801311	  0.801721	  0.802039	  0.802272	  0.802425	  0.802506	  0.802519	  0.802474	  0.802377	  0.802235
   609	     0	         0	         0	         0	         0	         0	         0	         0	         0	         0	         0	         0	         0	         0	         0	         0	         0	0.00164297	0.00329333	 0.0050766	 0.0070351	 0.0168791	  0.032558	  0.055467	 0.0850483	  0.118526	  0.163237	  0.219927	  0.303211	  0.357245	  0.395046	   0.42892	  0.468802	  0.517088	  0.554398	  0.582405	  0.614384	  0.643992	  0.668224	   0.69185	  0.711774	  0.729597	  0.744478	  0.757017	  0.767706	  0.773401	  0.777717	  0.781118	  0.783894	  0.786237	  0.788271	  0.790082	   0.79173	   0.79325	  0.794654	  0.795943	  0.797118	   0.79818	  0.799129	  0.799966	  0.800692	   0.80131	  0.801823	  0.802242	  0.802572	   0.80282	   0.80299	  0.803091	  0.803128	  0.803109	  0.803041	  0.802929
   610	     0	         0	         0	         0	         0	         0	         0	         0	         0	         0	         0	         0	         0	         0	         0	         0	         0	0.00166601	0.00330316	 0.0050428	0.00692893	 0.0165215	 0.0317012	 0.0537738	 0.0821606	  0.114183	  0.157015	  0.211437	  0.291412	  0.343356	  0.379412	  0.412003	    0.4506	  0.497321	  0.533116	  0.559832	   0.59017	  0.621239	  0.648503	  0.675629	  0.698951	  0.719914	  0.737491	  0.752275	    0.7648	  0.771095	  0.775712	  0.779242	  0.782042	  0.784347	  0.786307	  0.788025	  0.789574	  0.790996	  0.792305	  0.793504	  0.794594	  0.795574	  0.796442	    0.7972	  0.797846	  0.798383	  0.798813	  0.799147	  0.799389	  0.799546	  0.799624	  0.799631	  0.799574	  0.799461	    0.7993	  0.799098
   611	     0	         0	         0	         0	         0	         0	         0	         0	         0	         0	         0	         0	         0	         0	         0	         0	         0	 0.0016595	0.00331794	0.00510209	0.00705407	 0.0168878	  0.032512	 0.0552944	 0.0846481	  0.117793	  0.161998	  0.217956	  0.300058	  0.353094	  0.390024	  0.423119	  0.462169	  0.509493	  0.545908	  0.573097	  0.604098	  0.634101	  0.659523	  0.684643	  0.706057	  0.725295	  0.741429	  0.755044	  0.766638	  0.772701	  0.777245	  0.780788	  0.783651	  0.786046	   0.78811	  0.789938	  0.791595	  0.793121	  0.794528	   0.79582	  0.797001	   0.79807	  0.799028	  0.799876	  0.800617	  0.801252	  0.801785	  0.802225	  0.802578	   0.80285	  0.803047	  0.803175	   0.80324	  0.803249	  0.803209	  0.803127
   612	     0	         0	         0	         0	         0	         0	         0	         0	         0	         0	         0	         0	         0	         0	         0	         0	         0	0.00165932	0.00331753	 0.0051042	0.00706335	 0.0169523	 0.0327086	 0.0557486	 0.0855273	  0.119266	  0.164397	  0.221713	  0.306015	  0.360871	  0.399465	  0.433945	  0.474476	  0.523514	  0.561639	  0.590435	  0.623415	  0.652783	  0.676076	   0.69848	  0.717197	  0.733852	  0.747634	  0.759175	  0.768971	  0.774283	  0.778333	  0.781544	  0.784179	  0.786416	  0.788367	  0.790112	  0.791706	  0.793182	  0.794551	  0.795816	  0.796976	  0.798032	  0.798983	   0.79983	  0.800572	  0.801211	   0.80175	  0.802195	  0.802554	  0.802829	  0.803027	  0.803151	  0.803209	  0.803206	  0.803149	  0.803043
   613	     0	         0	         0	         0	         0	         0	         0	         0	         0	         0	         0	         0	         0	         0	         0	         0	         0	0.00163086	0.00324981	0.00498079	0.00686481	 0.0163945	 0.0314911	 0.0534627	 0.0817423	  0.113671	  0.156381	  0.210664	  0.290506	  0.342419	  0.378415	  0.411053	  0.449709	   0.49651	  0.532343	  0.559087	  0.589409	  0.620571	  0.647963	  0.675269	    0.6987	  0.719745	  0.737418	  0.752301	  0.764917	  0.771238	  0.775869	  0.779404	  0.782205	  0.784507	   0.78646	  0.788168	  0.789705	  0.791112	  0.792403	   0.79358	  0.794642	  0.795588	  0.796417	   0.79713	  0.797727	   0.79821	  0.798584	  0.798858	   0.79904	  0.799136	  0.799153	  0.799101	  0.798986	  0.798818	  0.798604	  0.798354
   614	     0	         0	         0	         0	         0	         0	         0	         0	         0	         0	         0	         0	         0	         0	         0	         0	         0	0.00156214	0.00313424	0.00483557	0.00670684	 0.0160978	 0.0310703	 0.0529606	 0.0812453	   0.11328	  0.156143	  0.210574	  0.290613	  0.342742	  0.378879	  0.411696	  0.450442	  0.497312	  0.533241	  0.560056	  0.590477	  0.621599	   0.64888	  0.676063	   0.69935	  0.720248	  0.737788	  0.752566	  0.765112	  0.771443	  0.776116	  0.779716	  0.782596	  0.784987	  0.787036	  0.788844	   0.79048	  0.791983	  0.793369	  0.794639	  0.795796	   0.79684	  0.797771	   0.79859	  0.799299	  0.799897	   0.80039	  0.800786	  0.801092	  0.801313	  0.801454	  0.801522	  0.801524	  0.801467	  0.801358	  0.801203
   615	     0	         0	         0	         0	         0	         0	         0	         0	         0	         0	         0	         0	         0	         0	         0	         0	         0	0.00164297	0.00329333	 0.0050766	 0.0070351	 0.0168791	  0.032558	  0.055467	 0.0850483	  0.118526	  0.163237	  0.219927	  0.303211	  0.357245	  0.395046	   0.42892	  0.468802	  0.517088	  0.554398	  0.582405	  0.614384	  0.643992	  0.668224	   0.69185	  0.711774	  0.729597	  0.744478	  0.757017	  0.767706	  0.773401	  0.777717	  0.781118	  0.783894	  0.786237	  0.788271	  0.790082	   0.79173	   0.79325	  0.794654	  0.795943	  0.797118	   0.79818	  0.799129	  0.799966	  0.800692	   0.80131	  0.801823	  0.802242	  0.802572	   0.80282	   0.80299	  0.803091	  0.803128	  0.803109	  0.803041	  0.802929
   616	     0	         0	         0	         0	         0	         0	         0	         0	         0	         0	         0	         0	         0	         0	         0	         0	         0	0.00160789	0.00321861	0.00495372	0.00685384	 0.0164088	  0.031593	 0.0537353	 0.0822764	  0.114527	  0.157621	  0.212301	  0.292647	  0.344789	  0.380874	  0.413482	  0.452009	   0.49862	  0.534196	   0.56059	  0.590501	  0.621144	  0.648117	  0.675176	   0.69844	   0.71941	  0.737104	  0.752063	  0.764786	  0.771264	  0.776042	  0.779707	  0.782623	  0.785027	  0.787074	  0.788869	  0.790487	  0.791969	   0.79333	  0.794573	    0.7957	  0.796711	  0.797605	  0.798383	  0.799047	  0.799598	  0.800041	  0.800385	  0.800638	  0.800806	  0.800894	  0.800912	  0.800865	  0.800763	  0.800612	  0.800421
   617	     0	         0	         0	         0	         0	         0	         0	         0	         0	         0	         0	         0	         0	         0	         0	         0	         0	0.00166036	0.00333042	0.00513756	0.00712482	 0.0171085	 0.0330234	  0.056292	 0.0863514	   0.12038	  0.165807	   0.22338	  0.307928	  0.362784	  0.401356	  0.435767	  0.476213	  0.525195	  0.563268	  0.592034	  0.624999	  0.654196	   0.67723	  0.699387	  0.717877	  0.734345	  0.748007	  0.759482	  0.769257	  0.774619	  0.778736	  0.782022	  0.784734	  0.787045	  0.789067	  0.790878	  0.792533	  0.794064	   0.79548	  0.796785	  0.797978	   0.79906	  0.800031	  0.800893	  0.801647	  0.802294	   0.80284	  0.803294	  0.803661	  0.803947	  0.804158	  0.804301	  0.804381	  0.804406	  0.804382	  0.804315
   618	     0	         0	         0	         0	         0	         0	         0	         0	         0	         0	         0	         0	         0	         0	         0	         0	         0	0.00166936	0.00333558	0.00512467	0.00707812	 0.0169239	 0.0325406	 0.0552803	  0.084552	  0.117587	  0.161677	  0.217581	  0.299668	  0.352829	  0.389847	  0.423071	  0.462328	  0.509907	  0.546499	   0.57387	  0.605064	  0.635094	  0.660396	  0.685313	  0.706522	  0.725566	  0.741524	  0.754977	  0.766423	  0.772364	  0.776795	  0.780231	  0.782991	  0.785286	  0.787252	  0.788983	  0.790548	  0.791985	  0.793305	  0.794509	    0.7956	  0.796575	  0.797435	  0.798179	  0.798811	   0.79933	  0.799743	   0.80006	  0.800287	  0.800432	  0.800501	  0.800503	  0.800445	  0.800337	  0.800186	  0.800001
   619	     0	         0	         0	         0	         0	         0	         0	         0	         0	         0	         0	         0	         0	         0	         0	         0	         0	 0.0015867	0.00318347	0.00491133	0.00681155	 0.0163518	 0.0315616	 0.0538029	 0.0825521	  0.115135	  0.158754	  0.214215	  0.295856	   0.34919	  0.386481	  0.420291	  0.460173	   0.50843	   0.54573	  0.573895	  0.605965	  0.636771	  0.662491	  0.687547	  0.708674	  0.727482	  0.743143	  0.756295	  0.767469	  0.773172	   0.77744	  0.780777	  0.783486	  0.785766	  0.787743	  0.789503	  0.791106	  0.792586	  0.793954	  0.795207	  0.796348	  0.797373	  0.798282	  0.799075	  0.799753	  0.800319	  0.800778	  0.801138	  0.801408	  0.801593	  0.801701	   0.80174	  0.801718	  0.801641	  0.801519	  0.801358
   620	     0	         0	         0	         0	         0	         0	         0	         0	         0	         0	         0	         0	         0	         0	         0	         0	         0	0.00164613	0.00329483	 0.0050698	0.00701199	 0.0167875	 0.0323146	 0.0549532	 0.0841339	  0.117117	   0.16119	   0.21714	  0.299406	  0.352866	  0.390246	  0.423932	  0.463725	  0.511962	  0.549278	  0.577441	   0.60958	  0.639963	  0.665094	  0.689541	   0.71016	  0.728545	  0.743848	  0.756694	  0.767602	  0.773228	  0.777438	  0.780723	  0.783379	  0.785604	  0.787522	  0.789221	  0.790762	  0.792179	  0.793481	   0.79467	  0.795744	  0.796703	  0.797545	   0.79827	  0.798882	   0.79938	  0.799771	  0.800065	   0.80027	  0.800392	  0.800438	  0.800418	  0.800339	  0.800211	  0.800041	  0.799837
   621	     0	         0	         0	         0	         0	         0	         0	         0	         0	         0	         0	         0	         0	         0	         0	         0	         0	0.00160002	0.00320298	0.00493386	0.00683541	 0.0164046	  0.031661	 0.0539639	 0.0827741	  0.115381	   0.15897	  0.214259	   0.29547	  0.348182	  0.384683	  0.417536	  0.456262	  0.503085	  0.538862	   0.56535	  0.595446	  0.625564	  0.651747	  0.677916	  0.700414	  0.720722	  0.737825	  0.752284	  0.764592	  0.770962	  0.775692	  0.779345	  0.782269	  0.784697	  0.786777	  0.788611	   0.79027	  0.791796	  0.793206	  0.794505	  0.795696	  0.796779	  0.797757	  0.798629	  0.799397	  0.800061	  0.800625	  0.801096	   0.80148	  0.801782	  0.802005	  0.802156	   0.80224	  0.802263	  0.802231	   0.80215
   622	     0	         0	         0	         0	         0	         0	         0	         0	         0	         0	         0	         0	         0	         0	         0	         0	         0	0.00161038	 0.0032184	0.00494894	0.00684458	 0.0164129	 0.0316459	 0.0539106	 0.0826847	  0.115302	  0.159022	  0.214701	  0.296764	  0.350472	  0.388178	  0.422334	  0.462616	  0.511324	  0.549078	  0.577674	  0.610247	  0.641029	  0.666425	  0.691033	  0.711709	  0.730075	  0.745324	    0.7581	  0.768936	  0.774492	  0.778658	   0.78192	  0.784573	   0.78681	  0.788755	  0.790491	  0.792079	  0.793551	  0.794916	  0.796176	  0.797327	  0.798369	  0.799299	  0.800116	  0.800822	  0.801415	  0.801902	  0.802289	  0.802584	  0.802793	  0.802921	  0.802976	  0.802965	  0.802896	  0.802775	  0.802612
   623	     0	         0	         0	         0	         0	         0	         0	         0	         0	         0	         0	         0	         0	         0	         0	         0	         0	0.00159087	0.00318607	 0.0049085	0.00679998	 0.0163195	 0.0314911	 0.0536726	 0.0823343	  0.114797	  0.158235	  0.213406	  0.294546	  0.347399	  0.384201	  0.417501	  0.456783	  0.504307	  0.540887	  0.568294	  0.599476	  0.630227	  0.656523	  0.682456	  0.704542	  0.724317	  0.740859	  0.754783	  0.766614	  0.772679	  0.777203	  0.780727	  0.783577	  0.785969	  0.788039	  0.789881	  0.791559	  0.793112	  0.794553	  0.795883	  0.797105	  0.798217	   0.79922	  0.800115	  0.800902	  0.801582	   0.80216	  0.802643	  0.803037	  0.803348	   0.80358	   0.80374	  0.803834	  0.803869	  0.803851	  0.803787
   624	     0	         0	         0	         0	         0	         0	         0	         0	         0	         0	         0	         0	         0	         0	         0	         0	         0	0.00162193	0.00324672	0.00499971	0.00692357	 0.0166163	 0.0320617	 0.0546476	 0.0838415	  0.116924	  0.161198	  0.217447	  0.300224	   0.35415	  0.391949	  0.425993	  0.466091	  0.514612	  0.552214	  0.580584	  0.612981	  0.643183	  0.667941	  0.691959	  0.712149	  0.730122	  0.745049	  0.757567	  0.768197	  0.773754	  0.777945	  0.781241	  0.783932	  0.786208	  0.788189	  0.789959	  0.791575	  0.793071	  0.794458	  0.795737	  0.796909	  0.797972	  0.798925	   0.79977	  0.800506	  0.801135	  0.801661	  0.802091	  0.802431	  0.802687	  0.802864	  0.802969	  0.803006	  0.802984	  0.802908	  0.802785
   625	     0	         0	         0	         0	         0	         0	         0	         0	         0	         0	         0	         0	         0	         0	         0	         0	         0	 0.0014655	 0.0029522	0.00457404	0.00637156	 0.0153712	  0.029805	 0.0510205	 0.0785799	  0.109967	  0.152187	  0.206122	  0.285798	  0.338394	  0.374994	  0.408524	  0.448021	  0.495632	  0.532128	  0.559428	  0.590237	  0.621666	  0.649123	  0.676439	  0.699743	  0.720611	  0.738138	  0.752911	  0.765457	  0.771756	  0.776397	  0.779962	  0.782806	  0.785161	  0.787175	  0.788949	  0.790552	  0.792025	  0.793383	   0.79463	  0.795766	  0.796793	  0.797708	  0.798512	  0.799205	  0.799787	  0.800262	  0.800637	  0.800917	  0.801107	  0.801212	  0.801238	  0.801191	  0.801078	  0.800906	  0.800682
   626	     0	         0	         0	         0	         0	         0	         0	         0	         0	         0	         0	         0	         0	         0	         0	         0	         0	0.00167975	0.00334177	0.00511504	0.00704223	 0.0168097	 0.0322739	 0.0547731	 0.0837185	   0.11638	  0.160018	  0.215404	  0.296798	  0.349537	  0.386274	  0.419324	  0.458401	   0.50573	  0.542104	  0.569308	  0.600248	  0.630718	  0.656771	  0.682526	  0.704483	  0.724175	   0.74068	  0.754582	   0.76639	  0.772429	  0.776906	  0.780363	   0.78313	  0.785426	   0.78739	   0.78912	  0.790684	  0.792121	  0.793444	  0.794654	   0.79575	  0.796732	  0.797599	   0.79835	  0.798987	  0.799511	  0.799928	  0.800246	  0.800474	  0.800617	  0.800683	  0.800679	  0.800614	  0.800496	  0.800332	  0.800132
   627	     0	         0	         0	         0	         0	         0	         0	         0	         0	         0	         0	         0	         0	         0	         0	         0	         0	 0.0015867	0.00318347	0.00491133	0.00681155	 0.0163518	 0.0315616	 0.0538029	 0.0825521	  0.115135	  0.158754	  0.214215	  0.295856	   0.34919	  0.386481	  0.420291	  0.460173	   0.50843	   0.54573	  0.573895	  0.605965	  0.636771	  0.662491	  0.687547	  0.708674	  0.727482	  0.743143	  0.756295	  0.767469	  0.773172	   0.77744	  0.780777	  0.783486	  0.785766	  0.787743	  0.789503	  0.791106	  0.792586	  0.793954	  0.795207	  0.796348	  0.797373	  0.798282	  0.799075	  0.799753	  0.800319	  0.800778	  0.801138	  0.801408	  0.801593	  0.801701	   0.80174	  0.801718	  0.801641	  0.801519	  0.801358
   628	     0	         0	         0	         0	         0	         0	         0	         0	         0	         0	         0	         0	         0	         0	         0	         0	         0	0.00167896	 0.0033434	0.00512206	0.00705762	 0.0168561	 0.0323823	 0.0549827	 0.0840746	  0.116918	    0.1608	   0.21649	  0.298327	  0.351418	  0.388511	  0.421904	  0.461383	  0.509244	  0.546241	  0.574116	  0.605931	   0.63653	  0.662163	  0.687181	  0.708336	   0.72719	  0.742869	  0.756006	  0.767135	  0.772802	  0.777014	  0.780283	  0.782917	  0.785119	  0.787016	  0.788698	  0.790228	  0.791639	  0.792943	  0.794138	  0.795223	  0.796197	  0.797056	  0.797803	  0.798436	  0.798957	  0.799372	  0.799688	  0.799915	  0.800057	  0.800123	   0.80012	  0.800056	  0.799939	  0.799777	  0.799578
   629	     0	         0	         0	         0	         0	         0	         0	         0	         0	         0	         0	         0	         0	         0	         0	         0	         0	0.00165211	0.00330459	0.00508514	0.00703702	 0.0168672	 0.0325112	 0.0553518	 0.0848236	  0.118151	  0.162657	  0.219093	  0.301979	  0.355666	   0.39305	  0.426444	  0.465746	  0.513261	  0.549678	  0.576706	  0.607456	  0.636766	  0.661429	    0.6859	  0.706769	  0.725588	  0.741433	  0.754846	  0.766289	  0.772359	  0.776912	  0.780454	  0.783304	  0.785677	  0.787713	  0.789508	  0.791132	  0.792623	  0.793996	  0.795255	  0.796403	  0.797439	  0.798363	  0.799177	  0.799881	  0.800477	  0.800968	  0.801363	  0.801668	  0.801888	  0.802028	  0.802095	  0.802096	  0.802036	  0.801924	  0.801765
   630	     0	         0	         0	         0	         0	         0	         0	         0	         0	         0	         0	         0	         0	         0	         0	         0	         0	0.00154887	0.00311462	0.00481642	0.00669531	 0.0161135	 0.0311707	 0.0532356	 0.0818062	  0.114224	  0.157637	  0.212807	  0.293994	   0.34697	  0.383766	  0.417092	  0.456362	  0.503841	  0.540295	  0.567497	  0.598417	  0.628934	  0.655121	  0.681049	  0.703195	  0.723082	  0.739757	  0.753817	  0.765775	  0.771938	  0.776532	  0.780098	  0.782974	  0.785377	  0.787448	  0.789283	  0.790948	  0.792483	  0.793902	   0.79521	   0.79641	  0.797501	  0.798484	  0.799361	  0.800133	  0.800799	  0.801364	  0.801835	  0.802217	  0.802516	  0.802735	  0.802881	  0.802958	  0.802974	  0.802933	  0.802843
   631	     0	         0	         0	         0	         0	         0	         0	         0	         0	         0	         0	         0	         0	         0	         0	         0	         0	0.00156973	 0.0031466	  0.004851	  0.006724	 0.0161393	 0.0311464	 0.0530881	  0.081445	  0.113575	  0.156607	  0.211343	  0.291908	  0.344501	  0.381025	  0.414158	  0.453272	  0.500559	  0.536794	  0.563838	  0.594503	  0.625288	   0.65196	  0.678449	  0.701111	  0.721472	  0.738577	  0.753009	  0.765279	  0.771527	  0.776151	  0.779715	  0.782564	  0.784924	  0.786942	  0.788717	   0.79032	   0.79179	  0.793141	  0.794377	  0.795499	  0.796507	    0.7974	  0.798179	  0.798845	  0.799399	  0.799847	  0.800197	  0.800456	   0.80063	  0.800724	  0.800747	  0.800705	  0.800607	   0.80046	  0.800272
   632	     0	         0	         0	         0	         0	         0	         0	         0	         0	         0	         0	         0	         0	         0	         0	         0	         0	0.00156214	0.00313424	0.00483557	0.00670684	 0.0160978	 0.0310703	 0.0529606	 0.0812453	   0.11328	  0.156143	  0.210574	  0.290613	  0.342742	  0.378879	  0.411696	  0.450442	  0.497312	  0.533241	  0.560056	  0.590477	  0.621599	   0.64888	  0.676063	   0.69935	  0.720248	  0.737788	  0.752566	  0.765112	  0.771443	  0.776116	  0.779716	  0.782596	  0.784987	  0.787036	  0.788844	   0.79048	  0.791983	  0.793369	  0.794639	  0.795796	   0.79684	  0.797771	   0.79859	  0.799299	  0.799897	   0.80039	  0.800786	  0.801092	  0.801313	  0.801454	  0.801522	  0.801524	  0.801467	  0.801358	  0.801203
   633	     0	         0	         0	         0	         0	         0	         0	         0	         0	         0	         0	         0	         0	         0	         0	         0	         0	0.00163429	0.00323536	0.00493588	0.00678149	 0.0161748	 0.0310622	 0.0527376	 0.0806513	  0.112184	  0.154419	  0.208146	  0.287151	  0.338662	  0.374408	  0.406866	  0.445237	  0.491542	  0.526859	  0.553089	  0.582716	  0.614079	  0.642202	  0.670468	  0.694885	  0.716887	  0.735432	  0.751089	  0.764384	  0.771083	  0.776012	  0.779794	  0.782807	  0.785301	  0.787434	  0.789314	  0.791017	  0.792586	  0.794037	  0.795375	  0.796601	  0.797716	  0.798719	   0.79961	   0.80039	   0.80106	  0.801623	  0.802087	  0.802459	  0.802742	  0.802943	  0.803067	  0.803121	  0.803112	  0.803047	  0.802932
   634	     0	         0	         0	         0	         0	         0	         0	         0	         0	         0	         0	         0	         0	         0	         0	         0	         0	0.00160453	0.00320567	0.00492548	0.00680454	 0.0162698	 0.0312928	 0.0531758	 0.0813472	  0.113136	  0.155576	  0.209352	  0.288263	  0.339341	  0.374527	  0.406419	  0.444179	  0.489911	  0.524744	  0.550531	   0.57974	  0.611008	  0.639299	  0.667909	  0.692691	   0.71506	  0.733942	  0.749885	  0.763412	  0.770218	  0.775201	  0.779004	  0.782016	  0.784491	  0.786593	  0.788434	  0.790089	  0.791606	  0.792998	  0.794272	   0.79543	  0.796472	  0.797399	  0.798213	  0.798915	  0.799508	  0.799996	  0.800388	  0.800691	  0.800911	  0.801055	  0.801129	  0.801141	  0.801097	  0.801006	  0.800874
   635	     0	         0	         0	         0	         0	         0	         0	         0	         0	         0	         0	         0	         0	         0	         0	         0	         0	0.00162561	0.00324535	 0.0049855	0.00688897	 0.0164944	 0.0317668	 0.0540539	 0.0828037	  0.115317	  0.158787	  0.213965	  0.295065	  0.347705	  0.384255	  0.417191	   0.45605	  0.503037	  0.538993	  0.565711	   0.59603	  0.626371	  0.652664	  0.678878	  0.701322	   0.72152	  0.738519	   0.75288	  0.765102	  0.771376	  0.776028	  0.779617	  0.782489	   0.78487	  0.786907	    0.7887	  0.790321	  0.791808	  0.793177	   0.79443	   0.79557	  0.796595	  0.797506	  0.798303	  0.798989	  0.799563	  0.800032	  0.800402	  0.800682	  0.800876	  0.800991	  0.801034	  0.801011	  0.800931	  0.800799	  0.800624
   636	     0	         0	         0	         0	         0	         0	         0	         0	         0	         0	         0	         0	         0	         0	         0	         0	         0	0.00164297	0.00329333	 0.0050766	 0.0070351	 0.0168791	  0.032558	  0.055467	 0.0850483	  0.118526	  0.163237	  0.219927	  0.303211	  0.357245	  0.395046	   0.42892	  0.468802	  0.517088	  0.554398	  0.582405	  0.614384	  0.643992	  0.668224	   0.69185	  0.711774	  0.729597	  0.744478	  0.757017	  0.767706	  0.773401	  0.777717	  0.781118	  0.783894	  0.786237	  0.788271	  0.790082	   0.79173	   0.79325	  0.794654	  0.795943	  0.797118	   0.79818	  0.799129	  0.799966	  0.800692	   0.80131	  0.801823	  0.802242	  0.802572	   0.80282	   0.80299	  0.803091	  0.803128	  0.803109	  0.803041	  0.802929
   637	     0	         0	         0	         0	         0	         0	         0	         0	         0	         0	         0	         0	         0	         0	         0	         0	         0	0.00151429	0.00305095	 0.0047257	0.00657876	 0.0158481	 0.0306849	  0.052448	 0.0806605	  0.112719	   0.15572	  0.210478	  0.291166	  0.344096	  0.380948	   0.41454	   0.45415	  0.502027	  0.538903	  0.566618	  0.598103	  0.629221	  0.655811	  0.681957	  0.704183	  0.724043	  0.740629	  0.754571	  0.766407	  0.772409	  0.776871	  0.780335	   0.78313	  0.785469	  0.787488	  0.789278	  0.790904	  0.792403	  0.793786	  0.795058	  0.796219	  0.797269	  0.798206	  0.799033	   0.79975	  0.800357	   0.80086	  0.801265	  0.801579	  0.801806	  0.801953	  0.802026	  0.802031	  0.801975	  0.801865	  0.801708
   638	     0	         0	         0	         0	         0	         0	         0	         0	         0	         0	         0	         0	         0	         0	         0	         0	         0	0.00154538	0.00311106	 0.0048147	0.00669681	 0.0161364	 0.0312366	 0.0533924	 0.0821251	  0.114798	  0.158649	  0.214536	  0.297013	  0.351144	  0.389139	  0.423668	   0.46435	  0.513576	  0.551858	  0.580952	  0.614164	  0.644913	  0.669871	  0.693868	  0.713906	  0.731637	  0.746288	  0.758526	   0.76889	  0.774229	  0.778248	  0.781408	  0.783989	  0.786173	  0.788076	  0.789777	  0.791329	  0.792764	  0.794091	   0.79531	   0.79642	   0.79742	  0.798308	  0.799083	  0.799747	    0.8003	  0.800748	  0.801097	  0.801355	  0.801527	  0.801619	  0.801639	  0.801592	  0.801488	  0.801332	  0.801133
   639	     0	         0	         0	         0	         0	         0	         0	         0	         0	         0	         0	         0	         0	         0	         0	         0	         0	0.00161344	0.00323609	0.00499115	0.00692051	 0.0166169	 0.0320728	 0.0546744	 0.0838857	  0.116983	   0.16127	  0.217564	  0.300442	  0.354422	  0.392163	   0.42609	  0.466032	  0.514326	  0.551545	  0.579445	  0.611195	  0.640956	  0.665546	  0.689652	  0.710026	   0.72828	  0.743564	  0.756454	  0.767432	  0.773205	  0.777538	  0.780915	  0.783638	   0.78591	  0.787862	  0.789585	  0.791144	  0.792575	   0.79389	  0.795092	  0.796182	  0.797159	  0.798023	  0.798773	  0.799412	   0.79994	  0.800361	  0.800685	  0.800918	  0.801065	  0.801134	  0.801131	  0.801064	   0.80094	  0.800768	  0.800554
   640	     0	         0	         0	         0	         0	         0	         0	         0	         0	         0	         0	         0	         0	         0	         0	         0	         0	0.00156188	0.00313417	0.00483886	0.00671835	 0.0161641	  0.031263	 0.0533936	 0.0820624	  0.114619	  0.158284	  0.213905	  0.295896	   0.34963	  0.387202	   0.42123	  0.461288	  0.509663	  0.546962	  0.574991	  0.606853	  0.637255	  0.662649	  0.687507	  0.708557	  0.727387	  0.743124	  0.756374	  0.767647	  0.773503	  0.777895	  0.781325	  0.784102	  0.786433	  0.788448	  0.790239	  0.791867	   0.79337	  0.794762	  0.796044	  0.797219	  0.798286	  0.799244	  0.800094	  0.800837	  0.801472	  0.802003	  0.802439	  0.802784	  0.803045	  0.803224	  0.803331	  0.803369	  0.803347	  0.803271	  0.803148
   641	     0	         0	         0	         0	         0	         0	         0	         0	         0	         0	         0	         0	         0	         0	         0	         0	         0	0.00166513	0.00332532	 0.0051088	0.00705857	 0.0169038	 0.0325488	 0.0553788	 0.0848258	  0.118125	  0.162615	  0.219063	  0.302025	  0.355818	  0.393441	  0.427123	  0.466798	  0.514803	  0.551806	  0.579494	   0.61104	  0.640724	  0.665359	  0.689552	  0.710034	  0.728394	  0.743774	  0.756753	  0.767814	  0.773671	  0.778088	   0.78155	  0.784362	  0.786724	  0.788769	  0.790587	  0.792243	  0.793771	  0.795185	  0.796486	  0.797676	  0.798753	  0.799718	   0.80057	  0.801312	  0.801943	  0.802469	  0.802899	  0.803238	  0.803493	  0.803669	  0.803774	  0.803813	  0.803794	  0.803724	   0.80361
   642	     0	         0	         0	         0	         0	         0	         0	         0	         0	         0	         0	         0	         0	         0	         0	         0	         0	0.00162193	0.00324672	0.00499971	0.00692357	 0.0166163	 0.0320617	 0.0546476	 0.0838415	  0.116924	  0.161198	  0.217447	  0.300224	   0.35415	  0.391949	  0.425993	  0.466091	  0.514612	  0.552214	  0.580584	  0.612981	  0.643183	  0.667941	  0.691959	  0.712149	  0.730122	  0.745049	  0.757567	  0.768197	  0.773754	  0.777945	  0.781241	  0.783932	  0.786208	  0.788189	  0.789959	  0.791575	  0.793071	  0.794458	  0.795737	  0.796909	  0.797972	  0.798925	   0.79977	  0.800506	  0.801135	  0.801661	  0.802091	  0.802431	  0.802687	  0.802864	  0.802969	  0.803006	  0.802984	  0.802908	  0.802785
   643	     0	         0	         0	         0	         0	         0	         0	         0	         0	         0	         0	         0	         0	         0	         0	         0	         0	0.00159543	0.00320333	0.00494462	0.00686018	 0.0164835	 0.0318299	  0.054285	 0.0833235	  0.116243	  0.160297	  0.216266	  0.298663	  0.352328	  0.389811	  0.423634	  0.463496	  0.511752	  0.549032	  0.577053	   0.60899	   0.63923	  0.664349	    0.6889	  0.709613	  0.728096	  0.743507	   0.75646	  0.767466	  0.773177	  0.777456	  0.780797	  0.783502	  0.785771	  0.787733	  0.789476	  0.791062	  0.792526	  0.793879	  0.795121	  0.796254	  0.797276	  0.798185	  0.798982	  0.799669	  0.800246	  0.800717	  0.801091	  0.801376	  0.801575	  0.801696	  0.801745	  0.801729	  0.801656	  0.801532	  0.801365
   644	     0	         0	         0	         0	         0	         0	         0	         0	         0	         0	         0	         0	         0	         0	         0	         0	         0	0.00160404	0.00321327	0.00495105	0.00685933	 0.0164572	 0.0317492	 0.0540999	 0.0829724	  0.115666	   0.15939	  0.214899	  0.296518	  0.349609	  0.386588	  0.419973	  0.459342	  0.506982	  0.543645	  0.571093	  0.602328	  0.632754	  0.658556	  0.683967	  0.705559	  0.724894	  0.741074	  0.754704	  0.766299	  0.772269	  0.776728	  0.780199	  0.783003	  0.785349	  0.787374	   0.78917	  0.790801	  0.792304	  0.793692	  0.794965	  0.796127	  0.797175	   0.79811	  0.798933	  0.799645	  0.800247	  0.800744	  0.801145	  0.801457	  0.801684	  0.801834	  0.801913	  0.801928	  0.801886	  0.801795	   0.80166
   645	     0	         0	         0	         0	         0	         0	         0	         0	         0	         0	         0	         0	         0	         0	         0	         0	         0	0.00160283	0.00321526	0.00495737	0.00686959	 0.0164758	 0.0317674	 0.0541067	 0.0829649	  0.115663	  0.159449	  0.215163	  0.297264	  0.350923	  0.388526	  0.422602	  0.462814	  0.511496	  0.549236	   0.57784	  0.610443	  0.641224	  0.666555	  0.691075	  0.711607	  0.729804	   0.74489	  0.757509	  0.768196	  0.773609	  0.777642	  0.780781	  0.783322	  0.785453	  0.787298	  0.788939	  0.790434	  0.791815	  0.793089	  0.794254	  0.795308	  0.796248	   0.79707	  0.797774	  0.798361	  0.798831	   0.79919	  0.799445	  0.799606	  0.799679	  0.799671	  0.799589	  0.799443	  0.799241	   0.79899	    0.7987
   646	     0	         0	         0	         0	         0	         0	         0	         0	         0	         0	         0	         0	         0	         0	         0	         0	         0	0.00155337	0.00312442	0.00483051	0.00671137	 0.0161278	 0.0311538	 0.0531349	 0.0815466	  0.113727	  0.156763	  0.211388	  0.291683	  0.343929	   0.38007	  0.412829	  0.451496	  0.498279	  0.534052	  0.560634	   0.59079	  0.621554	  0.648574	  0.675613	  0.698864	  0.719811	  0.737455	  0.752361	  0.765037	  0.771517	  0.776312	  0.780008	  0.782964	  0.785416	  0.787515	  0.789364	  0.791036	  0.792572	  0.793989	  0.795289	  0.796477	  0.797552	  0.798516	  0.799369	  0.800113	  0.800749	  0.801282	  0.801719	  0.802066	   0.80233	  0.802514	  0.802626	  0.802672	  0.802658	  0.802591	  0.802479
   647	     0	         0	         0	         0	         0	         0	         0	         0	         0	         0	         0	         0	         0	         0	         0	         0	         0	0.00164297	0.00329333	 0.0050766	 0.0070351	 0.0168791	  0.032558	  0.055467	 0.0850483	  0.118526	  0.163237	  0.219927	  0.303211	  0.357245	  0.395046	   0.42892	  0.468802	  0.517088	  0.554398	  0.582405	  0.614384	  0.643992	  0.668224	   0.69185	  0.711774	  0.729597	  0.744478	  0.757017	  0.767706	  0.773401	  0.777717	  0.781118	  0.783894	  0.786237	  0.788271	  0.790082	   0.79173	   0.79325	  0.794654	  0.795943	  0.797118	   0.79818	  0.799129	  0.799966	  0.800692	   0.80131	  0.801823	  0.802242	  0.802572	   0.80282	   0.80299	  0.803091	  0.803128	  0.803109	  0.803041	  0.802929
   648	     0	         0	         0	         0	         0	         0	         0	         0	         0	         0	         0	         0	         0	         0	         0	         0	         0	0.00166435	0.00330587	0.00505687	0.00696202	 0.0166359	 0.0319834	 0.0543462	 0.0831549	  0.115697	  0.159204	  0.214421	  0.295539	  0.348207	  0.384954	  0.418075	  0.457198	   0.50456	  0.541078	  0.568491	  0.599733	  0.630581	  0.656945	   0.68287	  0.704931	  0.724645	   0.74108	  0.754869	  0.766556	  0.772492	  0.776904	   0.78033	  0.783097	  0.785417	  0.787424	  0.789211	  0.790842	  0.792355	  0.793762	  0.795064	  0.796262	  0.797355	  0.798342	  0.799223	  0.799998	  0.800667	  0.801235	  0.801709	  0.802095	  0.802398	  0.802623	  0.802778	  0.802868	  0.802899	  0.802879	  0.802813
   649	     0	         0	         0	         0	         0	         0	         0	         0	         0	         0	         0	         0	         0	         0	         0	         0	         0	0.00156578	0.00313093	0.00481647	0.00666342	 0.0159748	 0.0307966	 0.0524464	 0.0803992	  0.112039	  0.154412	  0.208271	  0.287492	  0.339131	  0.374841	  0.407327	  0.445746	  0.492221	  0.527767	  0.554236	  0.584235	  0.615665	  0.643672	  0.671722	  0.695889	  0.717619	   0.73587	  0.751234	  0.764249	  0.770766	  0.775541	  0.779192	  0.782093	  0.784486	  0.786527	  0.788321	  0.789943	  0.791434	   0.79281	  0.794076	  0.795231	  0.796277	  0.797213	  0.798039	  0.798756	  0.799365	   0.79987	  0.800278	  0.800596	   0.80083	  0.800983	  0.801064	  0.801079	  0.801034	  0.800937	  0.800795
   650	     0	         0	         0	         0	         0	         0	         0	         0	         0	         0	         0	         0	         0	         0	         0	         0	         0	0.00163126	0.00326003	 0.0050112	0.00692676	 0.0165942	 0.0319628	 0.0543993	 0.0833589	   0.11614	  0.160009	  0.215767	   0.29783	  0.351284	  0.388681	  0.422441	  0.462273	  0.510479	  0.547721	  0.575758	  0.607692	  0.638171	  0.663591	  0.688412	  0.709372	  0.728065	  0.743651	  0.756748	  0.767876	  0.773617	   0.77792	  0.781284	  0.784012	  0.786308	  0.788297	   0.79007	  0.791687	  0.793183	  0.794569	  0.795845	  0.797009	  0.798061	  0.798998	   0.79982	  0.800529	  0.801125	  0.801614	  0.802004	  0.802302	  0.802514	  0.802646	  0.802706	  0.802702	   0.80264	  0.802529	  0.802375
   651	     0	         0	         0	         0	         0	         0	         0	         0	         0	         0	         0	         0	         0	         0	         0	         0	         0	0.00151429	0.00305095	 0.0047257	0.00657876	 0.0158481	 0.0306849	  0.052448	 0.0806605	  0.112719	   0.15572	  0.210478	  0.291166	  0.344096	  0.380948	   0.41454	   0.45415	  0.502027	  0.538903	  0.566618	  0.598103	  0.629221	  0.655811	  0.681957	  0.704183	  0.724043	  0.740629	  0.754571	  0.766407	  0.772409	  0.776871	  0.780335	   0.78313	  0.785469	  0.787488	  0.789278	  0.790904	  0.792403	  0.793786	  0.795058	  0.796219	  0.797269	  0.798206	  0.799033	   0.79975	  0.800357	   0.80086	  0.801265	  0.801579	  0.801806	  0.801953	  0.802026	  0.802031	  0.801975	  0.801865	  0.801708
   652	     0	         0	         0	         0	         0	         0	         0	         0	         0	         0	         0	         0	         0	         0	         0	         0	         0	0.00164297	0.00329333	 0.0050766	 0.0070351	 0.0168791	  0.032558	  0.055467	 0.0850483	  0.118526	  0.163237	  0.219927	  0.303211	  0.357245	  0.395046	   0.42892	  0.468802	  0.517088	  0.554398	  0.582405	  0.614384	  0.643992	  0.668224	   0.69185	  0.711774	  0.729597	  0.744478	  0.757017	  0.767706	  0.773401	  0.777717	  0.781118	  0.783894	  0.786237	  0.788271	  0.790082	   0.79173	   0.79325	  0.794654	  0.795943	  0.797118	   0.79818	  0.799129	  0.799966	  0.800692	   0.80131	  0.801823	  0.802242	  0.802572	   0.80282	   0.80299	  0.803091	  0.803128	  0.803109	  0.803041	  0.802929
   653	     0	         0	         0	         0	         0	         0	         0	         0	         0	         0	         0	         0	         0	         0	         0	         0	         0	 0.0016595	0.00331794	0.00510209	0.00705407	 0.0168878	  0.032512	 0.0552944	 0.0846481	  0.117793	  0.161998	  0.217956	  0.300058	  0.353094	  0.390024	  0.423119	  0.462169	  0.509493	  0.545908	  0.573097	  0.604098	  0.634101	  0.659523	  0.684643	  0.706057	  0.725295	  0.741429	  0.755044	  0.766638	  0.772701	  0.777245	  0.780788	  0.783651	  0.786046	   0.78811	  0.789938	  0.791595	  0.793121	  0.794528	   0.79582	  0.797001	   0.79807	  0.799028	  0.799876	  0.800617	  0.801252	  0.801785	  0.802225	  0.802578	   0.80285	  0.803047	  0.803175	   0.80324	  0.803249	  0.803209	  0.803127
   654	     0	         0	         0	         0	         0	         0	         0	         0	         0	         0	         0	         0	         0	         0	         0	         0	         0	0.00163031	0.00327673	0.00506512	0.00703884	 0.0169358	   0.03275	 0.0559147	 0.0858932	  0.119889	   0.16533	  0.223016	  0.307838	  0.363023	  0.401786	  0.436366	  0.476939	  0.525976	  0.563928	  0.592448	  0.625025	  0.653765	  0.676453	  0.698424	  0.716815	  0.733278	  0.747021	  0.758619	  0.768529	  0.774024	  0.778241	  0.781593	  0.784342	  0.786669	   0.78869	  0.790489	  0.792122	  0.793623	  0.795005	   0.79627	   0.79742	  0.798457	   0.79938	  0.800191	  0.800893	  0.801487	  0.801978	  0.802375	  0.802685	  0.802913	  0.803064	  0.803147	  0.803168	  0.803133	   0.80305	  0.802925
   655	     0	         0	         0	         0	         0	         0	         0	         0	         0	         0	         0	         0	         0	         0	         0	         0	         0	0.00169572	0.00337318	0.00516781	0.00712584	 0.0170609	  0.032851	    0.0559	  0.085644	  0.119299	  0.164322	  0.221555	  0.305718	  0.360424	   0.39881	  0.432948	  0.473065	  0.521501	  0.558792	  0.586602	  0.618268	   0.64705	  0.670438	  0.693379	   0.71279	  0.730261	  0.744923	   0.75732	  0.767901	  0.773679	  0.778062	  0.781501	  0.784287	   0.78662	  0.788631	   0.79041	  0.792023	  0.793507	  0.794877	  0.796138	   0.79729	  0.798333	  0.799267	  0.800093	  0.800811	  0.801421	  0.801928	  0.802339	  0.802659	  0.802894	  0.803049	   0.80313	  0.803143	  0.803096	  0.802995	  0.802847
   656	     0	         0	         0	         0	         0	         0	         0	         0	         0	         0	         0	         0	         0	         0	         0	         0	         0	   0.00159	0.00319568	0.00493708	0.00685481	 0.0164662	 0.0317948	 0.0542135	 0.0831865	  0.116004	  0.159875	  0.215547	  0.297413	  0.350649	  0.387746	  0.421253	  0.460764	  0.508611	  0.545499	  0.573182	  0.604707	  0.635103	  0.660673	  0.685787	  0.707064	   0.72609	     0.742	  0.755397	  0.766795	  0.772678	  0.777078	  0.780508	  0.783281	  0.785602	  0.787604	  0.789377	  0.790985	  0.792464	  0.793826	  0.795071	  0.796202	  0.797219	   0.79812	  0.798907	  0.799583	  0.800148	  0.800608	  0.800972	  0.801247	   0.80144	  0.801556	  0.801604	   0.80159	  0.801522	  0.801407	  0.801253
   657	     0	         0	         0	         0	         0	         0	         0	         0	         0	         0	         0	         0	         0	         0	         0	         0	         0	0.00154064	0.00308247	0.00474653	0.00657473	 0.0157821	   0.03047	 0.0519597	 0.0797502	  0.111254	  0.153485	  0.207211	   0.28627	  0.337927	  0.373633	  0.406142	  0.444514	   0.49084	  0.526164	   0.55235	  0.581955	  0.613266	  0.641381	  0.669696	  0.694166	  0.716227	  0.734818	   0.75051	  0.763829	  0.770551	  0.775491	  0.779278	  0.782296	  0.784793	   0.78693	  0.788812	  0.790516	  0.792085	  0.793536	  0.794874	  0.796103	  0.797224	  0.798236	  0.799141	  0.799939	  0.800631	  0.801221	  0.801714	  0.802116	  0.802432	  0.802666	  0.802824	   0.80291	  0.802931	  0.802893	  0.802802
   658	     0	         0	         0	         0	         0	         0	         0	         0	         0	         0	         0	         0	         0	         0	         0	         0	         0	0.00163031	0.00327673	0.00506512	0.00703884	 0.0169358	   0.03275	 0.0559147	 0.0858932	  0.119889	   0.16533	  0.223016	  0.307838	  0.363023	  0.401786	  0.436366	  0.476939	  0.525976	  0.563928	  0.592448	  0.625025	  0.653765	  0.676453	  0.698424	  0.716815	  0.733278	  0.747021	  0.758619	  0.768529	  0.774024	  0.778241	  0.781593	  0.784342	  0.786669	   0.78869	  0.790489	  0.792122	  0.793623	  0.795005	   0.79627	   0.79742	  0.798457	   0.79938	  0.800191	  0.800893	  0.801487	  0.801978	  0.802375	  0.802685	  0.802913	  0.803064	  0.803147	  0.803168	  0.803133	   0.80305	  0.802925
   659	     0	         0	         0	         0	         0	         0	         0	         0	         0	         0	         0	         0	         0	         0	         0	         0	         0	0.00164297	0.00329333	 0.0050766	 0.0070351	 0.0168791	  0.032558	  0.055467	 0.0850483	  0.118526	  0.163237	  0.219927	  0.303211	  0.357245	  0.395046	   0.42892	  0.468802	  0.517088	  0.554398	  0.582405	  0.614384	  0.643992	  0.668224	   0.69185	  0.711774	  0.729597	  0.744478	  0.757017	  0.767706	  0.773401	  0.777717	  0.781118	  0.783894	  0.786237	  0.788271	  0.790082	   0.79173	   0.79325	  0.794654	  0.795943	  0.797118	   0.79818	  0.799129	  0.799966	  0.800692	   0.80131	  0.801823	  0.802242	  0.802572	   0.80282	   0.80299	  0.803091	  0.803128	  0.803109	  0.803041	  0.802929
   660	     0	         0	         0	         0	         0	         0	         0	         0	         0	         0	         0	         0	         0	         0	         0	         0	         0	0.00165958	 0.0033231	0.00511749	0.00708529	 0.0169936	 0.0327622	 0.0557923	 0.0855161	  0.119139	  0.164042	   0.22099	  0.304657	  0.358854	  0.396703	  0.430443	  0.470145	  0.518182	  0.555144	  0.582686	  0.614086	  0.643135	  0.667059	  0.690617	  0.710608	  0.728603	  0.743714	  0.756487	  0.767383	  0.773261	    0.7777	  0.781172	   0.78398	  0.786327	  0.788347	  0.790131	  0.791747	  0.793232	    0.7946	  0.795855	  0.796998	  0.798031	  0.798951	  0.799762	  0.800464	  0.801058	  0.801549	  0.801944	   0.80225	  0.802472	  0.802616	  0.802689	  0.802697	  0.802647	  0.802546	    0.8024
   661	     0	         0	         0	         0	         0	         0	         0	         0	         0	         0	         0	         0	         0	         0	         0	         0	         0	  0.001515	0.00303337	0.00467397	  0.006478	 0.0155631	 0.0300649	 0.0512968	  0.078773	  0.109945	   0.15178	  0.205071	  0.283551	  0.334984	  0.370515	  0.402981	  0.441329	  0.487618	    0.5229	  0.549085	  0.578646	  0.610303	  0.638912	  0.667753	   0.69268	  0.715132	   0.73405	  0.750004	   0.76353	  0.770296	  0.775246	  0.779024	   0.78202	   0.78449	  0.786596	  0.788446	  0.790119	  0.791658	   0.79308	  0.794391	  0.795591	  0.796682	  0.797663	  0.798534	  0.799296	  0.799949	  0.800497	  0.800948	  0.801306	  0.801577	  0.801766	  0.801878	  0.801921	    0.8019	  0.801822	  0.801694
   662	     0	         0	         0	         0	         0	         0	         0	         0	         0	         0	         0	         0	         0	         0	         0	         0	         0	0.00166844	0.00332903	 0.0051089	0.00704988	 0.0168441	 0.0323716	  0.054969	 0.0840366	   0.11681	  0.160513	  0.215841	  0.296982	  0.349387	  0.385745	  0.418416	  0.457058	  0.503918	  0.539877	  0.566682	  0.597225	   0.62763	  0.653878	  0.679929	  0.702257	  0.722339	  0.739189	  0.753392	  0.765462	  0.771659	  0.776257	  0.779809	  0.782655	  0.785019	  0.787043	  0.788828	  0.790441	  0.791925	  0.793291	  0.794544	  0.795684	  0.796712	  0.797628	  0.798432	  0.799126	  0.799712	  0.800195	  0.800583	  0.800883	  0.801102	  0.801245	  0.801321	  0.801336	  0.801297	  0.801212	  0.801088
   663	     0	         0	         0	         0	         0	         0	         0	         0	         0	         0	         0	         0	         0	         0	         0	         0	         0	0.00177141	0.00351027	0.00535577	0.00735391	 0.0175441	 0.0336571	 0.0570906	 0.0872339	  0.121249	  0.166703	  0.224471	  0.309313	  0.364344	  0.403087	  0.437357	  0.477733	  0.526584	  0.564344	  0.592658	  0.624994	  0.653548	  0.676189	  0.698155	  0.716635	  0.733218	   0.74706	  0.758714	  0.768627	  0.774093	  0.778237	  0.781482	  0.784103	  0.786289	  0.788163	  0.789817	  0.791313	  0.792689	  0.793957	  0.795118	  0.796171	  0.797115	  0.797948	   0.79867	   0.79928	  0.799778	   0.80017	  0.800464	  0.800665	  0.800782	  0.800818	  0.800783	  0.800684	   0.80053	  0.800329	  0.800088
   664	     0	         0	         0	         0	         0	         0	         0	         0	         0	         0	         0	         0	         0	         0	         0	         0	         0	0.00164297	0.00329333	 0.0050766	 0.0070351	 0.0168791	  0.032558	  0.055467	 0.0850483	  0.118526	  0.163237	  0.219927	  0.303211	  0.357245	  0.395046	   0.42892	  0.468802	  0.517088	  0.554398	  0.582405	  0.614384	  0.643992	  0.668224	   0.69185	  0.711774	  0.729597	  0.744478	  0.757017	  0.767706	  0.773401	  0.777717	  0.781118	  0.783894	  0.786237	  0.788271	  0.790082	   0.79173	   0.79325	  0.794654	  0.795943	  0.797118	   0.79818	  0.799129	  0.799966	  0.800692	   0.80131	  0.801823	  0.802242	  0.802572	   0.80282	   0.80299	  0.803091	  0.803128	  0.803109	  0.803041	  0.802929
   665	     0	         0	         0	         0	         0	         0	         0	         0	         0	         0	         0	         0	         0	         0	         0	         0	         0	0.00163005	0.00325672	0.00500207	 0.0069061	 0.0165045	 0.0317216	 0.0538725	   0.08238	  0.114551	  0.157519	   0.21201	  0.292068	  0.343971	  0.379956	  0.412572	  0.451219	  0.498105	   0.53415	   0.56116	  0.591886	  0.623151	  0.650398	  0.677397	  0.700459	  0.721091	   0.73834	   0.75282	  0.765078	  0.771184	  0.775661	  0.779089	  0.781818	  0.784069	  0.785988	  0.787673	  0.789192	  0.790584	  0.791861	  0.793024	  0.794072	  0.795004	   0.79582	  0.796519	  0.797104	  0.797576	  0.797942	  0.798211	   0.79839	  0.798489	  0.798512	  0.798471	  0.798372	  0.798224	  0.798035	  0.797814
   666	     0	         0	         0	         0	         0	         0	         0	         0	         0	         0	         0	         0	         0	         0	         0	         0	         0	0.00161248	0.00320774	0.00491277	0.00677042	  0.016176	  0.031099	  0.052833	 0.0808148	  0.112396	  0.154614	  0.208176	  0.286788	  0.337774	  0.372893	  0.404737	  0.442441	  0.488057	  0.522757	   0.54841	  0.577453	  0.608768	  0.637233	  0.666027	  0.691052	  0.713674	  0.732761	  0.748874	  0.762539	  0.769413	  0.774439	   0.77827	  0.781302	  0.783792	  0.785906	  0.787756	  0.789421	  0.790946	   0.79235	  0.793638	  0.794812	  0.795873	  0.796823	  0.797663	  0.798393	  0.799016	  0.799535	  0.799959	  0.800294	  0.800546	   0.80072	  0.800823	  0.800862	  0.800844	  0.800775	  0.800663
   667	     0	         0	         0	         0	         0	         0	         0	         0	         0	         0	         0	         0	         0	         0	         0	         0	         0	0.00161682	0.00323113	0.00496935	0.00687462	 0.0164812	 0.0317763	 0.0541168	 0.0829574	  0.115591	  0.159241	  0.214688	  0.296193	  0.349183	  0.385978	  0.419078	  0.458101	  0.505256	  0.541298	  0.568032	  0.598376	  0.628365	  0.654211	  0.679984	  0.702114	    0.7221	  0.738952	  0.753216	   0.76537	  0.771699	  0.776409	  0.780048	  0.782959	   0.78537	  0.787429	  0.789239	  0.790872	   0.79237	  0.793748	  0.795013	  0.796167	   0.79721	  0.798142	  0.798966	  0.799681	  0.800289	  0.800793	  0.801203	  0.801523	  0.801759	  0.801916	  0.802002	  0.802022	  0.801983	  0.801894	   0.80176
   668	     0	         0	         0	         0	         0	         0	         0	         0	         0	         0	         0	         0	         0	         0	         0	         0	         0	0.00151479	0.00306235	0.00475512	0.00663147	 0.0159722	 0.0309164	 0.0528168	  0.081167	  0.113319	  0.156306	  0.210824	  0.290955	  0.343158	  0.379314	  0.412238	  0.451099	  0.498174	  0.534344	  0.561411	  0.592161	  0.623368	  0.650536	   0.67751	  0.700519	  0.721114	  0.738375	  0.752914	  0.765267	  0.771501	  0.776121	  0.779696	  0.782573	  0.784973	  0.787039	  0.788868	  0.790525	  0.792049	  0.793452	  0.794738	  0.795908	  0.796963	  0.797902	  0.798729	  0.799445	  0.800052	  0.800554	  0.800961	  0.801279	  0.801515	  0.801673	  0.801762	  0.801786	  0.801753	  0.801671	  0.801544
   669	     0	         0	         0	         0	         0	         0	         0	         0	         0	         0	         0	         0	         0	         0	         0	         0	         0	0.00155153	 0.0031095	 0.0047935	0.00664444	 0.0159587	 0.0308147	 0.0525533	 0.0806719	  0.112562	  0.155321	  0.209747	  0.289916	  0.342363	  0.378853	  0.412095	  0.451358	   0.49885	  0.535414	  0.562881	   0.59408	  0.625459	  0.652597	  0.679373	  0.702206	  0.722614	  0.739655	  0.753962	  0.766085	  0.772178	  0.776682	  0.780161	  0.782956	  0.785286	  0.787291	  0.789066	  0.790677	  0.792163	  0.793535	  0.794796	  0.795948	   0.79699	  0.797921	  0.798741	  0.799452	  0.800053	  0.800549	  0.800949	  0.801257	   0.80148	  0.801622	  0.801691	  0.801694	  0.801636	  0.801526	  0.801371
   670	     0	         0	         0	         0	         0	         0	         0	         0	         0	         0	         0	         0	         0	         0	         0	         0	         0	0.00153502	0.00308468	0.00476616	0.00661948	 0.0158972	 0.0307045	 0.0523604	 0.0803437	  0.112028	  0.154389	  0.208111	  0.286993	  0.338382	  0.373939	  0.406391	  0.444752	  0.491204	  0.526881	  0.553609	  0.583972	  0.615869	   0.64421	  0.672433	  0.696649	  0.718323	  0.736453	  0.751679	  0.764576	  0.770991	  0.775719	   0.77937	  0.782308	  0.784763	  0.786883	  0.788764	  0.790476	  0.792058	  0.793522	  0.794873	  0.796113	  0.797243	  0.798263	  0.799175	   0.79998	   0.80068	  0.801279	  0.801785	  0.802204	  0.802541	  0.802801	  0.802991	  0.803115	  0.803181	  0.803195	  0.803161
   671	     0	         0	         0	         0	         0	         0	         0	         0	         0	         0	         0	         0	         0	         0	         0	         0	         0	0.00176837	0.00352649	0.00540888	0.00745954	 0.0178195	 0.0342312	 0.0581042	 0.0888029	  0.123406	  0.169477	  0.227754	  0.313096	  0.368085	  0.406708	  0.440704	  0.480712	  0.529216	  0.566802	  0.594992	  0.627325	  0.655626	  0.677898	   0.69947	  0.717564	  0.733775	  0.747265	  0.758602	  0.768245	  0.773616	  0.777712	  0.780944	  0.783574	  0.785785	  0.787693	  0.789384	  0.790917	  0.792327	  0.793625	  0.794811	  0.795887	   0.79685	    0.7977	  0.798439	  0.799066	  0.799583	  0.799994	  0.800309	  0.800534	  0.800675	  0.800738	  0.800731	  0.800661	  0.800536	  0.800363	  0.800149
   672	     0	         0	         0	         0	         0	         0	         0	         0	         0	         0	         0	         0	         0	         0	         0	         0	         0	0.00160849	 0.0032084	0.00492387	0.00679657	 0.0162513	 0.0312607	 0.0531315	 0.0813075	  0.113132	  0.155687	  0.209713	  0.289072	  0.340636	  0.376264	  0.408567	  0.446793	  0.493043	  0.528334	  0.554531	  0.584222	  0.615371	  0.643187	  0.671118	  0.695255	  0.717019	  0.735346	  0.750806	  0.763924	  0.770541	  0.775397	  0.779113	  0.782065	  0.784498	  0.786571	  0.788391	  0.790034	  0.791542	  0.792932	  0.794207	  0.795369	  0.796418	  0.797354	  0.798177	  0.798889	  0.799491	  0.799986	  0.800384	  0.800691	  0.800913	  0.801055	  0.801125	  0.801129	  0.801075	   0.80097	  0.800822
   673	     0	         0	         0	         0	         0	         0	         0	         0	         0	         0	         0	         0	         0	         0	         0	         0	         0	 0.0015867	0.00318347	0.00491133	0.00681155	 0.0163518	 0.0315616	 0.0538029	 0.0825521	  0.115135	  0.158754	  0.214215	  0.295856	   0.34919	  0.386481	  0.420291	  0.460173	   0.50843	   0.54573	  0.573895	  0.605965	  0.636771	  0.662491	  0.687547	  0.708674	  0.727482	  0.743143	  0.756295	  0.767469	  0.773172	   0.77744	  0.780777	  0.783486	  0.785766	  0.787743	  0.789503	  0.791106	  0.792586	  0.793954	  0.795207	  0.796348	  0.797373	  0.798282	  0.799075	  0.799753	  0.800319	  0.800778	  0.801138	  0.801408	  0.801593	  0.801701	   0.80174	  0.801718	  0.801641	  0.801519	  0.801358
   674	     0	         0	         0	         0	         0	         0	         0	         0	         0	         0	         0	         0	         0	         0	         0	         0	         0	 0.0015867	0.00318347	0.00491133	0.00681155	 0.0163518	 0.0315616	 0.0538029	 0.0825521	  0.115135	  0.158754	  0.214215	  0.295856	   0.34919	  0.386481	  0.420291	  0.460173	   0.50843	   0.54573	  0.573895	  0.605965	  0.636771	  0.662491	  0.687547	  0.708674	  0.727482	  0.743143	  0.756295	  0.767469	  0.773172	   0.77744	  0.780777	  0.783486	  0.785766	  0.787743	  0.789503	  0.791106	  0.792586	  0.793954	  0.795207	  0.796348	  0.797373	  0.798282	  0.799075	  0.799753	  0.800319	  0.800778	  0.801138	  0.801408	  0.801593	  0.801701	   0.80174	  0.801718	  0.801641	  0.801519	  0.801358
   675	     0	         0	         0	         0	         0	         0	         0	         0	         0	         0	         0	         0	         0	         0	         0	         0	         0	0.00163673	0.00326903	0.00502451	0.00694641	 0.0166464	 0.0320805	 0.0546174	 0.0837053	  0.116614	  0.160612	  0.216455	   0.29852	  0.351808	  0.388917	  0.422255	  0.461552	  0.509088	  0.545608	  0.572836	  0.603835	  0.633807	  0.659197	  0.684271	  0.705656	  0.724876	  0.740991	  0.754585	  0.766157	  0.772198	  0.776716	  0.780232	  0.783068	  0.785437	  0.787478	  0.789286	  0.790926	  0.792437	  0.793835	  0.795121	  0.796298	  0.797366	  0.798325	  0.799176	  0.799919	  0.800556	   0.80109	  0.801529	   0.80188	  0.802146	  0.802333	  0.802448	  0.802497	  0.802485	  0.802421	  0.802309
   676	     0	         0	         0	         0	         0	         0	         0	         0	         0	         0	         0	         0	         0	         0	         0	         0	         0	0.00157557	0.00316077	0.00487882	0.00677243	 0.0162973	 0.0315228	 0.0538432	 0.0827574	  0.115584	  0.159567	  0.215492	  0.297865	  0.351635	   0.38919	  0.423076	  0.462934	  0.511096	  0.548239	  0.576067	  0.607748	  0.637879	  0.663032	  0.687697	  0.708555	  0.727205	  0.742782	  0.755895	  0.767051	  0.772873	  0.777247	  0.780671	  0.783451	  0.785792	  0.787822	   0.78963	  0.791279	  0.792805	   0.79422	  0.795528	  0.796731	  0.797828	  0.798818	  0.799703	  0.800483	  0.801159	  0.801734	  0.802215	  0.802609	  0.802918	  0.803149	  0.803306	  0.803395	  0.803422	  0.803394	  0.803315
   677	     0	         0	         0	         0	         0	         0	         0	         0	         0	         0	         0	         0	         0	         0	         0	         0	         0	0.00169715	0.00338909	0.00520681	0.00719414	 0.0172267	 0.0331677	 0.0564199	 0.0864014	  0.120293	  0.165558	  0.223007	  0.307394	  0.362148	  0.400609	  0.434821	  0.475072	   0.52377	  0.561455	  0.589771	  0.622136	  0.651114	  0.674301	  0.696819	  0.715782	  0.732782	  0.746965	  0.758912	  0.769086	  0.774656	  0.778895	  0.782238	  0.784961	  0.787253	  0.789236	  0.790997	  0.792596	  0.794071	  0.795433	  0.796684	  0.797827	  0.798861	  0.799785	    0.8006	  0.801306	  0.801904	  0.802399	  0.802799	  0.803109	  0.803334	  0.803481	  0.803557	  0.803566	  0.803518	  0.803419	  0.803275
   678	     0	         0	         0	         0	         0	         0	         0	         0	         0	         0	         0	         0	         0	         0	         0	         0	         0	0.00166181	0.00332058	0.00510299	0.00705118	 0.0168818	 0.0324966	 0.0552715	 0.0846382	  0.117839	  0.162202	  0.218506	  0.301261	  0.354989	  0.392561	  0.426281	  0.466052	  0.514214	  0.551401	  0.579324	   0.61118	  0.641128	  0.665903	  0.690107	  0.710561	  0.728851	  0.744117	  0.756963	  0.767887	  0.773618	  0.777928	  0.781303	  0.784042	  0.786345	   0.78834	  0.790116	  0.791736	  0.793236	  0.794625	  0.795905	  0.797075	  0.798134	   0.79908	  0.799913	  0.800635	  0.801247	  0.801752	   0.80216	  0.802478	  0.802711	  0.802866	   0.80295	   0.80297	  0.802934	  0.802849	  0.802722
   679	     0	         0	         0	         0	         0	         0	         0	         0	         0	         0	         0	         0	         0	         0	         0	         0	         0	0.00158026	0.00316183	0.00486731	0.00673823	 0.0161564	 0.0311545	 0.0530589	 0.0813254	  0.113284	  0.155997	  0.210147	   0.28964	  0.341182	  0.376685	  0.408791	  0.446714	  0.492584	  0.527479	  0.553202	  0.582354	  0.613152	  0.640894	  0.668967	  0.693335	  0.715394	  0.734035	  0.749803	  0.763207	  0.770054	  0.775097	  0.778966	  0.782047	  0.784595	   0.78677	  0.788684	  0.790413	  0.792003	  0.793471	  0.794826	  0.796071	  0.797208	  0.798239	  0.799165	  0.799988	  0.800708	  0.801329	  0.801858	  0.802301	  0.802661	  0.802942	  0.803151	  0.803292	  0.803371	  0.803394	  0.803366
   680	     0	         0	         0	         0	         0	         0	         0	         0	         0	         0	         0	         0	         0	         0	         0	         0	         0	0.00162483	0.00322718	0.00493578	0.00679415	 0.0162326	 0.0312012	 0.0530079	 0.0810991	  0.112836	  0.155331	  0.209366	   0.28882	   0.34052	  0.376327	  0.408783	  0.447191	  0.493634	  0.529106	  0.555474	  0.585344	  0.616505	  0.644226	  0.672003	  0.695984	  0.717594	  0.735772	  0.751095	  0.764087	  0.770631	  0.775429	  0.779092	  0.781995	  0.784382	  0.786409	  0.788183	  0.789781	  0.791245	  0.792593	  0.793827	   0.79495	  0.795963	  0.796863	  0.797653	  0.798333	  0.798902	  0.799366	  0.799732	  0.800007	  0.800197	  0.800306	  0.800343	  0.800313	  0.800225	  0.800085	  0.799902
   681	     0	         0	         0	         0	         0	         0	         0	         0	         0	         0	         0	         0	         0	         0	         0	         0	         0	0.00162193	0.00324672	0.00499971	0.00692357	 0.0166163	 0.0320617	 0.0546476	 0.0838415	  0.116924	  0.161198	  0.217447	  0.300224	   0.35415	  0.391949	  0.425993	  0.466091	  0.514612	  0.552214	  0.580584	  0.612981	  0.643183	  0.667941	  0.691959	  0.712149	  0.730122	  0.745049	  0.757567	  0.768197	  0.773754	  0.777945	  0.781241	  0.783932	  0.786208	  0.788189	  0.789959	  0.791575	  0.793071	  0.794458	  0.795737	  0.796909	  0.797972	  0.798925	   0.79977	  0.800506	  0.801135	  0.801661	  0.802091	  0.802431	  0.802687	  0.802864	  0.802969	  0.803006	  0.802984	  0.802908	  0.802785
   682	     0	         0	         0	         0	         0	         0	         0	         0	         0	         0	         0	         0	         0	         0	         0	         0	         0	0.00159264	0.00316768	0.00485075	0.00668452	 0.0159905	 0.0307676	 0.0523241	 0.0801332	  0.111605	   0.15381	  0.207561	  0.286721	  0.338472	  0.374448	  0.407255	  0.446082	  0.493033	  0.529097	   0.55615	  0.586812	  0.618643	  0.646725	  0.674605	  0.698486	  0.719844	  0.737698	  0.752674	  0.765335	  0.771601	  0.776189	  0.779702	  0.782501	  0.784818	  0.786801	  0.788552	  0.790139	  0.791603	  0.792958	  0.794205	  0.795343	  0.796372	   0.79729	  0.798095	  0.798789	  0.799372	  0.799847	  0.800223	  0.800506	  0.800701	  0.800815	  0.800855	  0.800826	  0.800738	  0.800598	  0.800413
   683	     0	         0	         0	         0	         0	         0	         0	         0	         0	         0	         0	         0	         0	         0	         0	         0	         0	 0.0017314	0.00344248	 0.0052656	0.00724405	 0.0172679	 0.0331155	 0.0561357	 0.0857069	   0.11902	  0.163442	   0.21973	  0.302293	  0.355631	  0.392887	  0.426166	    0.4655	  0.513189	  0.549952	  0.577509	  0.608971	   0.63884	  0.663741	  0.688141	  0.708857	  0.727427	  0.742945	  0.756006	  0.767109	  0.772903	  0.777238	  0.780611	  0.783331	    0.7856	  0.787551	  0.789276	   0.79084	   0.79228	  0.793606	   0.79482	  0.795922	   0.79691	  0.797783	  0.798542	  0.799188	  0.799721	  0.800148	  0.800476	  0.800715	   0.80087	  0.800948	  0.800958	  0.800906	  0.800802	  0.800654	  0.800468
   684	     0	         0	         0	         0	         0	         0	         0	         0	         0	         0	         0	         0	         0	         0	         0	         0	         0	0.00161812	0.00322172	0.00493609	0.00680335	 0.0162568	 0.0312492	 0.0530887	  0.081223	  0.113014	  0.155578	   0.20972	  0.289383	  0.341266	  0.377231	  0.409853	  0.448458	   0.49514	  0.530806	  0.557351	  0.587403	  0.618497	  0.645991	  0.673496	  0.697176	  0.718494	  0.736435	  0.751565	  0.764401	  0.770858	  0.775589	  0.779196	  0.782049	  0.784387	  0.786367	  0.788095	  0.789646	  0.791064	  0.792363	  0.793548	  0.794618	  0.795574	  0.796415	  0.797141	  0.797754	  0.798252	  0.798643	  0.798934	  0.799131	  0.799242	  0.799272	  0.799229	   0.79912	  0.798955	   0.79874	  0.798484
   685	     0	         0	         0	         0	         0	         0	         0	         0	         0	         0	         0	         0	         0	         0	         0	         0	         0	0.00153545	 0.0030624	0.00470205	0.00649615	 0.0155725	 0.0300237	 0.0511476	 0.0784483	  0.109395	  0.150941	  0.203885	  0.281881	  0.333016	  0.368429	  0.400885	  0.439286	  0.485682	  0.521212	   0.54778	  0.577811	  0.610101	  0.639225	  0.668393	  0.693493	   0.71597	  0.734798	  0.750597	   0.76394	  0.770491	   0.77526	  0.778894	  0.781778	  0.784159	  0.786193	  0.787986	  0.789611	   0.79111	  0.792498	  0.793777	  0.794948	  0.796009	   0.79696	  0.797799	  0.798527	  0.799144	  0.799654	  0.800064	  0.800381	  0.800611	  0.800757	  0.800827	  0.800828	  0.800767	   0.80065	  0.800485
   686	     0	         0	         0	         0	         0	         0	         0	         0	         0	         0	         0	         0	         0	         0	         0	         0	         0	0.00163223	0.00325683	 0.0049995	 0.0069026	 0.0165171	 0.0317878	 0.0540597	 0.0827825	  0.115271	  0.158749	  0.214028	  0.295384	  0.348382	  0.385375	  0.418813	  0.458305	  0.506094	  0.542918	  0.570592	  0.602065	  0.632809	  0.658865	  0.684455	   0.70616	   0.72555	  0.741743	  0.755351	  0.766896	   0.77276	  0.777111	  0.780478	  0.783183	  0.785437	  0.787374	  0.789089	  0.790645	   0.79208	  0.793405	  0.794621	  0.795726	  0.796719	  0.797598	  0.798363	  0.799014	  0.799553	  0.799983	  0.800315	  0.800554	  0.800708	  0.800782	  0.800785	  0.800724	  0.800607	  0.800443	  0.800238
   687	     0	         0	         0	         0	         0	         0	         0	         0	         0	         0	         0	         0	         0	         0	         0	         0	         0	0.00166036	0.00333042	0.00513756	0.00712482	 0.0171085	 0.0330234	  0.056292	 0.0863514	   0.12038	  0.165807	   0.22338	  0.307928	  0.362784	  0.401356	  0.435767	  0.476213	  0.525195	  0.563268	  0.592034	  0.624999	  0.654196	   0.67723	  0.699387	  0.717877	  0.734345	  0.748007	  0.759482	  0.769257	  0.774619	  0.778736	  0.782022	  0.784734	  0.787045	  0.789067	  0.790878	  0.792533	  0.794064	   0.79548	  0.796785	  0.797978	   0.79906	  0.800031	  0.800893	  0.801647	  0.802294	   0.80284	  0.803294	  0.803661	  0.803947	  0.804158	  0.804301	  0.804381	  0.804406	  0.804382	  0.804315
   688	     0	         0	         0	         0	         0	         0	         0	         0	         0	         0	         0	         0	         0	         0	         0	         0	         0	 0.0015867	0.00318347	0.00491133	0.00681155	 0.0163518	 0.0315616	 0.0538029	 0.0825521	  0.115135	  0.158754	  0.214215	  0.295856	   0.34919	  0.386481	  0.420291	  0.460173	   0.50843	   0.54573	  0.573895	  0.605965	  0.636771	  0.662491	  0.687547	  0.708674	  0.727482	  0.743143	  0.756295	  0.767469	  0.773172	   0.77744	  0.780777	  0.783486	  0.785766	  0.787743	  0.789503	  0.791106	  0.792586	  0.793954	  0.795207	  0.796348	  0.797373	  0.798282	  0.799075	  0.799753	  0.800319	  0.800778	  0.801138	  0.801408	  0.801593	  0.801701	   0.80174	  0.801718	  0.801641	  0.801519	  0.801358
   689	     0	         0	         0	         0	         0	         0	         0	         0	         0	         0	         0	         0	         0	         0	         0	         0	         0	0.00158351	0.00317329	0.00489129	0.00677905	 0.0162729	 0.0314065	 0.0535357	 0.0821347	  0.114534	    0.1579	  0.213007	  0.294075	  0.346926	  0.383713	  0.417023	   0.45632	  0.503848	  0.540395	  0.567756	   0.59886	  0.629587	  0.655913	  0.681912	  0.704087	  0.723967	  0.740619	  0.754649	  0.766576	  0.772697	  0.777261	  0.780809	  0.783673	  0.786071	  0.788141	  0.789978	  0.791648	  0.793191	  0.794618	  0.795934	  0.797139	  0.798234	  0.799219	  0.800093	  0.800859	  0.801516	  0.802071	  0.802529	  0.802898	  0.803182	  0.803388	  0.803521	  0.803588	  0.803596	  0.803552	  0.803461
   690	     0	         0	         0	         0	         0	         0	         0	         0	         0	         0	         0	         0	         0	         0	         0	         0	         0	 0.0016367	0.00326545	0.00501209	0.00691894	 0.0165579	 0.0318665	 0.0541983	 0.0830043	  0.115596	  0.159215	  0.214661	  0.296278	  0.349412	  0.386557	  0.420129	  0.459777	  0.507782	  0.544882	  0.572844	   0.60469	  0.635473	  0.661336	  0.686612	  0.707959	  0.726966	  0.742785	  0.756049	  0.767289	  0.772989	  0.777224	   0.78051	  0.783157	   0.78537	  0.787277	  0.788968	  0.790505	  0.791922	   0.79323	  0.794428	  0.795516	  0.796491	  0.797352	  0.798097	  0.798729	  0.799247	  0.799657	  0.799968	  0.800187	   0.80032	  0.800373	  0.800356	  0.800275	  0.800138	  0.799953	  0.799729
   691	     0	         0	         0	         0	         0	         0	         0	         0	         0	         0	         0	         0	         0	         0	         0	         0	         0	0.00154887	0.00311462	0.00481642	0.00669531	 0.0161135	 0.0311707	 0.0532356	 0.0818062	  0.114224	  0.157637	  0.212807	  0.293994	   0.34697	  0.383766	  0.417092	  0.456362	  0.503841	  0.540295	  0.567497	  0.598417	  0.628934	  0.655121	  0.681049	  0.703195	  0.723082	  0.739757	  0.753817	  0.765775	  0.771938	  0.776532	  0.780098	  0.782974	  0.785377	  0.787448	  0.789283	  0.790948	  0.792483	  0.793902	   0.79521	   0.79641	  0.797501	  0.798484	  0.799361	  0.800133	  0.800799	  0.801364	  0.801835	  0.802217	  0.802516	  0.802735	  0.802881	  0.802958	  0.802974	  0.802933	  0.802843
   692	     0	         0	         0	         0	         0	         0	         0	         0	         0	         0	         0	         0	         0	         0	         0	         0	         0	0.00166036	0.00333042	0.00513756	0.00712482	 0.0171085	 0.0330234	  0.056292	 0.0863514	   0.12038	  0.165807	   0.22338	  0.307928	  0.362784	  0.401356	  0.435767	  0.476213	  0.525195	  0.563268	  0.592034	  0.624999	  0.654196	   0.67723	  0.699387	  0.717877	  0.734345	  0.748007	  0.759482	  0.769257	  0.774619	  0.778736	  0.782022	  0.784734	  0.787045	  0.789067	  0.790878	  0.792533	  0.794064	   0.79548	  0.796785	  0.797978	   0.79906	  0.800031	  0.800893	  0.801647	  0.802294	   0.80284	  0.803294	  0.803661	  0.803947	  0.804158	  0.804301	  0.804381	  0.804406	  0.804382	  0.804315
   693	     0	         0	         0	         0	         0	         0	         0	         0	         0	         0	         0	         0	         0	         0	         0	         0	         0	0.00163302	0.00324993	0.00498148	0.00687254	 0.0164515	 0.0316843	  0.053917	 0.0826026	  0.115047	  0.158462	  0.213618	  0.294685	  0.347376	  0.383944	  0.416845	   0.45564	  0.502492	  0.538267	  0.564749	  0.594792	  0.624955	  0.651244	  0.677542	   0.70019	  0.720653	  0.737904	  0.752496	  0.764918	  0.771353	  0.776129	  0.779815	  0.782764	  0.785208	    0.7873	  0.789143	  0.790809	  0.792343	   0.79376	  0.795066	  0.796265	  0.797357	  0.798342	  0.799222	  0.799998	  0.800668	  0.801237	  0.801712	  0.802098	  0.802399	   0.80262	  0.802767	  0.802845	  0.802861	  0.802821	   0.80273
   694	     0	         0	         0	         0	         0	         0	         0	         0	         0	         0	         0	         0	         0	         0	         0	         0	         0	0.00158026	0.00316183	0.00486731	0.00673823	 0.0161564	 0.0311545	 0.0530589	 0.0813254	  0.113284	  0.155997	  0.210147	   0.28964	  0.341182	  0.376685	  0.408791	  0.446714	  0.492584	  0.527479	  0.553202	  0.582354	  0.613152	  0.640894	  0.668967	  0.693335	  0.715394	  0.734035	  0.749803	  0.763207	  0.770054	  0.775097	  0.778966	  0.782047	  0.784595	   0.78677	  0.788684	  0.790413	  0.792003	  0.793471	  0.794826	  0.796071	  0.797208	  0.798239	  0.799165	  0.799988	  0.800708	  0.801329	  0.801858	  0.802301	  0.802661	  0.802942	  0.803151	  0.803292	  0.803371	  0.803394	  0.803366
   695	     0	         0	         0	         0	         0	         0	         0	         0	         0	         0	         0	         0	         0	         0	         0	         0	         0	0.00166269	  0.003335	 0.0051426	0.00712725	  0.017095	 0.0329605	  0.056126	  0.086014	  0.119806	  0.164882	  0.221961	   0.30574	  0.359975	  0.397972	  0.431918	  0.471895	  0.520361	  0.557942	   0.58625	   0.61867	  0.648149	  0.671933	  0.694981	  0.714345	  0.731629	  0.746001	  0.758076	  0.768352	  0.773874	  0.778071	  0.781389	  0.784104	  0.786401	  0.788399	   0.79018	  0.791803	  0.793301	  0.794685	  0.795958	   0.79712	  0.798172	  0.799113	  0.799944	  0.800668	  0.801285	    0.8018	  0.802221	  0.802556	  0.802809	  0.802987	  0.803095	   0.80314	  0.803129	  0.803068	  0.802964
   696	     0	         0	         0	         0	         0	         0	         0	         0	         0	         0	         0	         0	         0	         0	         0	         0	         0	0.00169823	0.00338814	0.00520039	 0.0071784	  0.017174	 0.0330398	 0.0561637	 0.0859543	  0.119599	  0.164501	  0.221412	  0.304959	  0.359005	   0.39682	  0.430519	  0.470237	   0.51836	   0.55553	  0.583389	  0.615225	  0.644597	   0.66862	  0.692078	   0.71189	  0.729635	  0.744446	  0.756911	  0.767514	   0.77316	  0.777413	   0.78074	  0.783432	  0.785687	  0.787629	   0.78935	   0.79091	  0.792347	  0.793672	  0.794887	  0.795991	  0.796985	  0.797867	  0.798638	  0.799299	   0.79985	  0.800299	  0.800651	  0.800916	  0.801098	  0.801204	  0.801242	  0.801218	   0.80114	  0.801015	  0.800852
   697	     0	         0	         0	         0	         0	         0	         0	         0	         0	         0	         0	         0	         0	         0	         0	         0	         0	0.00163841	0.00326305	0.00500157	0.00689695	  0.016502	 0.0317496	 0.0539845	 0.0826527	  0.115068	  0.158462	  0.213642	  0.294839	  0.347641	  0.384346	  0.417423	  0.456491	  0.503737	  0.539912	   0.56683	  0.597379	  0.627708	  0.653875	  0.679904	    0.7022	  0.722271	  0.739147	  0.753388	  0.765486	  0.771692	  0.776275	  0.779793	   0.78259	  0.784893	   0.78685	  0.788565	  0.790108	  0.791523	  0.792823	  0.794012	   0.79509	  0.796058	  0.796914	  0.797658	  0.798291	  0.798813	  0.799229	  0.799546	  0.799771	   0.79991	  0.799969	  0.799955	  0.799875	  0.799737	   0.79955	   0.79932
   698	     0	         0	         0	         0	         0	         0	         0	         0	         0	         0	         0	         0	         0	         0	         0	         0	         0	0.00158026	0.00316183	0.00486731	0.00673823	 0.0161564	 0.0311545	 0.0530589	 0.0813254	  0.113284	  0.155997	  0.210147	   0.28964	  0.341182	  0.376685	  0.408791	  0.446714	  0.492584	  0.527479	  0.553202	  0.582354	  0.613152	  0.640894	  0.668967	  0.693335	  0.715394	  0.734035	  0.749803	  0.763207	  0.770054	  0.775097	  0.778966	  0.782047	  0.784595	   0.78677	  0.788684	  0.790413	  0.792003	  0.793471	  0.794826	  0.796071	  0.797208	  0.798239	  0.799165	  0.799988	  0.800708	  0.801329	  0.801858	  0.802301	  0.802661	  0.802942	  0.803151	  0.803292	  0.803371	  0.803394	  0.803366
   699	     0	         0	         0	         0	         0	         0	         0	         0	         0	         0	         0	         0	         0	         0	         0	         0	         0	0.00164297	0.00329333	 0.0050766	 0.0070351	 0.0168791	  0.032558	  0.055467	 0.0850483	  0.118526	  0.163237	  0.219927	  0.303211	  0.357245	  0.395046	   0.42892	  0.468802	  0.517088	  0.554398	  0.582405	  0.614384	  0.643992	  0.668224	   0.69185	  0.711774	  0.729597	  0.744478	  0.757017	  0.767706	  0.773401	  0.777717	  0.781118	  0.783894	  0.786237	  0.788271	  0.790082	   0.79173	   0.79325	  0.794654	  0.795943	  0.797118	   0.79818	  0.799129	  0.799966	  0.800692	   0.80131	  0.801823	  0.802242	  0.802572	   0.80282	   0.80299	  0.803091	  0.803128	  0.803109	  0.803041	  0.802929
   700	     0	         0	         0	         0	         0	         0	         0	         0	         0	         0	         0	         0	         0	         0	         0	         0	         0	0.00161812	0.00322172	0.00493609	0.00680335	 0.0162568	 0.0312492	 0.0530887	  0.081223	  0.113014	  0.155578	   0.20972	  0.289383	  0.341266	  0.377231	  0.409853	  0.448458	   0.49514	  0.530806	  0.557351	  0.587403	  0.618497	  0.645991	  0.673496	  0.697176	  0.718494	  0.736435	  0.751565	  0.764401	  0.770858	  0.775589	  0.779196	  0.782049	  0.784387	  0.786367	  0.788095	  0.789646	  0.791064	  0.792363	  0.793548	  0.794618	  0.795574	  0.796415	  0.797141	  0.797754	  0.798252	  0.798643	  0.798934	  0.799131	  0.799242	  0.799272	  0.799229	   0.79912	  0.798955	   0.79874	  0.798484
   701	     0	         0	         0	         0	         0	         0	         0	         0	         0	         0	         0	         0	         0	         0	         0	         0	         0	0.00158786	0.00319087	0.00492818	0.00683965	 0.0164156	 0.0316741	 0.0539693	 0.0827529	  0.115316	  0.158802	  0.213904	  0.294842	  0.347372	   0.38387	  0.416907	  0.455926	  0.503226	  0.539662	  0.566981	  0.598102	  0.628967	  0.655442	  0.681571	  0.703815	  0.723716	  0.740357	  0.754357	  0.766249	   0.77231	  0.776823	   0.78033	  0.783162	  0.785533	  0.787579	  0.789396	  0.791046	  0.792569	  0.793975	  0.795268	  0.796449	  0.797517	  0.798473	  0.799319	  0.800055	  0.800683	  0.801209	  0.801641	  0.801986	  0.802249	  0.802436	  0.802555	  0.802611	  0.802611	  0.802563	  0.802472
   702	     0	         0	         0	         0	         0	         0	         0	         0	         0	         0	         0	         0	         0	         0	         0	         0	         0	0.00166036	0.00333042	0.00513756	0.00712482	 0.0171085	 0.0330234	  0.056292	 0.0863514	   0.12038	  0.165807	   0.22338	  0.307928	  0.362784	  0.401356	  0.435767	  0.476213	  0.525195	  0.563268	  0.592034	  0.624999	  0.654196	   0.67723	  0.699387	  0.717877	  0.734345	  0.748007	  0.759482	  0.769257	  0.774619	  0.778736	  0.782022	  0.784734	  0.787045	  0.789067	  0.790878	  0.792533	  0.794064	   0.79548	  0.796785	  0.797978	   0.79906	  0.800031	  0.800893	  0.801647	  0.802294	   0.80284	  0.803294	  0.803661	  0.803947	  0.804158	  0.804301	  0.804381	  0.804406	  0.804382	  0.804315
   703	     0	         0	         0	         0	         0	         0	         0	         0	         0	         0	         0	         0	         0	         0	         0	         0	         0	 0.0016266	0.00322982	0.00493884	0.00679754	 0.0162286	 0.0311823	 0.0529562	 0.0809931	  0.112651	  0.155014	  0.208844	  0.287934	  0.339361	  0.374905	  0.407114	  0.445219	  0.491261	  0.526307	  0.552247	   0.58159	   0.61273	  0.640764	  0.669031	  0.693532	  0.715667	  0.734344	  0.750118	  0.763506	  0.770264	  0.775219	  0.779001	  0.781999	  0.784464	  0.786559	  0.788397	  0.790053	  0.791573	  0.792975	  0.794263	  0.795439	  0.796504	  0.797457	  0.798298	  0.799029	   0.79965	  0.800166	  0.800583	  0.800908	  0.801147	  0.801304	  0.801388	  0.801403	  0.801357	  0.801258	  0.801112
   704	     0	         0	         0	         0	         0	         0	         0	         0	         0	         0	         0	         0	         0	         0	         0	         0	         0	0.00163525	0.00326915	0.00502642	0.00694897	 0.0166518	 0.0320763	 0.0545969	 0.0836682	  0.116582	  0.160644	  0.216695	  0.299257	  0.353045	  0.390678	  0.424559	  0.464503	  0.512812	  0.550045	   0.57798	  0.609742	  0.639744	   0.66465	  0.689064	  0.709693	  0.728149	  0.743596	  0.756614	  0.767688	  0.773459	  0.777774	  0.781129	  0.783829	  0.786078	  0.788009	  0.789714	  0.791258	  0.792677	  0.793984	  0.795179	  0.796261	  0.797229	  0.798081	  0.798819	  0.799441	  0.799949	  0.800349	  0.800649	  0.800856	  0.800976	  0.801016	  0.800985	  0.800889	  0.800737	  0.800537	  0.800297
   705	     0	         0	         0	         0	         0	         0	         0	         0	         0	         0	         0	         0	         0	         0	         0	         0	         0	 0.0015867	0.00318347	0.00491133	0.00681155	 0.0163518	 0.0315616	 0.0538029	 0.0825521	  0.115135	  0.158754	  0.214215	  0.295856	   0.34919	  0.386481	  0.420291	  0.460173	   0.50843	   0.54573	  0.573895	  0.605965	  0.636771	  0.662491	  0.687547	  0.708674	  0.727482	  0.743143	  0.756295	  0.767469	  0.773172	   0.77744	  0.780777	  0.783486	  0.785766	  0.787743	  0.789503	  0.791106	  0.792586	  0.793954	  0.795207	  0.796348	  0.797373	  0.798282	  0.799075	  0.799753	  0.800319	  0.800778	  0.801138	  0.801408	  0.801593	  0.801701	   0.80174	  0.801718	  0.801641	  0.801519	  0.801358
   706	     0	         0	         0	         0	         0	         0	         0	         0	         0	         0	         0	         0	         0	         0	         0	         0	         0	0.00156445	0.00312744	0.00481086	0.00665643	 0.0159644	 0.0307917	 0.0524659	 0.0804729	  0.112202	  0.154713	  0.208765	  0.288304	  0.340194	  0.376147	  0.408855	  0.447497	  0.494217	  0.529996	  0.556663	   0.58689	  0.618226	  0.645941	  0.673608	  0.697364	  0.718687	  0.736577	  0.751634	  0.764401	  0.770806	  0.775518	  0.779136	  0.782024	   0.78442	  0.786472	  0.788284	  0.789926	  0.791439	  0.792837	  0.794123	    0.7953	  0.796366	  0.797322	  0.798167	  0.798903	   0.79953	  0.800052	  0.800477	  0.800812	   0.80106	  0.801228	  0.801322	  0.801347	  0.801312	  0.801221	  0.801083
   707	     0	         0	         0	         0	         0	         0	         0	         0	         0	         0	         0	         0	         0	         0	         0	         0	         0	0.00155465	0.00312327	0.00482388	0.00669693	 0.0160859	  0.031066	 0.0529823	 0.0813232	  0.113455	  0.156489	  0.211228	   0.29184	  0.344516	  0.381186	  0.414509	   0.45382	   0.50134	  0.537871	  0.565274	  0.596351	  0.627408	  0.654131	  0.680552	  0.703012	  0.723095	  0.739915	  0.754076	  0.766103	  0.772164	  0.776649	  0.780111	  0.782885	  0.785192	  0.787171	  0.788918	  0.790498	   0.79195	  0.793286	  0.794506	  0.795613	  0.796605	   0.79748	  0.798239	  0.798884	  0.799415	  0.799838	  0.800161	  0.800391	  0.800534	  0.800596	  0.800585	  0.800508	  0.800374	  0.800188	   0.79996
   708	     0	         0	         0	         0	         0	         0	         0	         0	         0	         0	         0	         0	         0	         0	         0	         0	         0	0.00168902	0.00335449	0.00512912	0.00705713	 0.0168256	 0.0322906	 0.0547658	  0.083641	  0.116158	  0.159505	  0.214345	  0.294669	  0.346483	  0.382385	  0.414654	  0.452826	  0.499069	  0.534461	  0.560767	  0.590706	  0.621391	  0.648383	  0.675331	  0.698551	  0.719471	  0.737048	  0.751872	   0.76447	  0.770896	  0.775656	  0.779332	  0.782281	  0.784734	  0.786841	  0.788702	  0.790388	   0.79194	  0.793374	  0.794694	  0.795902	  0.796999	  0.797986	  0.798865	  0.799635	  0.800299	  0.800862	  0.801331	  0.801712	  0.802012	  0.802234	  0.802386	  0.802474	  0.802503	  0.802482	  0.802416
   709	     0	         0	         0	         0	         0	         0	         0	         0	         0	         0	         0	         0	         0	         0	         0	         0	         0	0.00163841	0.00326305	0.00500157	0.00689695	  0.016502	 0.0317496	 0.0539845	 0.0826527	  0.115068	  0.158462	  0.213642	  0.294839	  0.347641	  0.384346	  0.417423	  0.456491	  0.503737	  0.539912	   0.56683	  0.597379	  0.627708	  0.653875	  0.679904	    0.7022	  0.722271	  0.739147	  0.753388	  0.765486	  0.771692	  0.776275	  0.779793	   0.78259	  0.784893	   0.78685	  0.788565	  0.790108	  0.791523	  0.792823	  0.794012	   0.79509	  0.796058	  0.796914	  0.797658	  0.798291	  0.798813	  0.799229	  0.799546	  0.799771	   0.79991	  0.799969	  0.799955	  0.799875	  0.799737	   0.79955	   0.79932
   710	     0	         0	         0	         0	         0	         0	         0	         0	         0	         0	         0	         0	         0	         0	         0	         0	         0	0.00165253	0.00328849	0.00503511	0.00693459	  0.016549	 0.0317736	 0.0539168	  0.082394	  0.114507	  0.157405	  0.211836	  0.291759	  0.343537	  0.379339	  0.411644	   0.44988	  0.496149	  0.531409	  0.557523	  0.587121	  0.617868	  0.645207	  0.672704	  0.696472	  0.717943	  0.736064	  0.751377	  0.764384	  0.770995	  0.775853	  0.779566	  0.782509	  0.784928	  0.786981	  0.788779	  0.790397	  0.791881	  0.793245	  0.794495	  0.795631	  0.796654	  0.797562	  0.798356	  0.799039	   0.79961	  0.800074	  0.800439	  0.800714	  0.800903	  0.801013	  0.801051	  0.801024	  0.800941	  0.800809	  0.800635
   711	     0	         0	         0	         0	         0	         0	         0	         0	         0	         0	         0	         0	         0	         0	         0	         0	         0	 0.0016469	0.00328803	0.00504905	0.00697213	 0.0166956	 0.0321388	 0.0546792	 0.0837728	  0.116721	  0.160862	  0.217078	   0.29997	  0.354079	  0.392109	  0.426387	  0.466806	  0.515687	  0.553533	  0.582119	  0.614651	    0.6448	   0.66939	  0.693262	  0.713288	  0.731115	  0.745963	  0.758434	  0.769023	  0.774537	  0.778668	  0.781888	  0.784487	  0.786659	  0.788528	  0.790182	  0.791683	  0.793064	  0.794336	  0.795498	   0.79655	  0.797489	  0.798312	   0.79902	  0.799612	  0.800088	  0.800455	   0.80072	   0.80089	  0.800972	  0.800973	    0.8009	  0.800761	  0.800564	  0.800319	  0.800033
   712	     0	         0	         0	         0	         0	         0	         0	         0	         0	         0	         0	         0	         0	         0	         0	         0	         0	0.00168902	0.00335449	0.00512912	0.00705713	 0.0168256	 0.0322906	 0.0547658	  0.083641	  0.116158	  0.159505	  0.214345	  0.294669	  0.346483	  0.382385	  0.414654	  0.452826	  0.499069	  0.534461	  0.560767	  0.590706	  0.621391	  0.648383	  0.675331	  0.698551	  0.719471	  0.737048	  0.751872	   0.76447	  0.770896	  0.775656	  0.779332	  0.782281	  0.784734	  0.786841	  0.788702	  0.790388	   0.79194	  0.793374	  0.794694	  0.795902	  0.796999	  0.797986	  0.798865	  0.799635	  0.800299	  0.800862	  0.801331	  0.801712	  0.802012	  0.802234	  0.802386	  0.802474	  0.802503	  0.802482	  0.802416
   713	     0	         0	         0	         0	         0	         0	         0	         0	         0	         0	         0	         0	         0	         0	         0	         0	         0	0.00161759	0.00325047	 0.0050198	0.00696593	 0.0167116	 0.0322336	 0.0549011	 0.0841478	  0.117214	  0.161323	  0.217162	  0.299122	  0.352269	  0.389383	  0.422895	  0.462467	  0.510496	  0.547747	  0.575926	   0.60817	  0.638889	  0.664391	  0.689154	  0.710007	  0.728543	  0.743925	  0.756814	  0.767752	  0.773371	  0.777596	  0.780918	  0.783631	  0.785928	  0.787928	  0.789715	  0.791347	  0.792857	  0.794254	  0.795538	  0.796711	  0.797771	  0.798719	  0.799555	  0.800282	    0.8009	  0.801417	  0.801841	  0.802179	  0.802438	  0.802623	  0.802742	  0.802802	  0.802809	  0.802772	  0.802697
   714	     0	         0	         0	         0	         0	         0	         0	         0	         0	         0	         0	         0	         0	         0	         0	         0	         0	0.00152783	 0.0030582	0.00470883	0.00651981	 0.0156473	 0.0301906	 0.0514563	  0.078946	  0.110108	  0.151918	   0.20517	  0.283606	  0.334953	  0.370449	  0.402929	  0.441372	  0.487869	  0.523462	  0.550039	  0.580124	  0.612081	   0.64075	  0.669452	  0.694178	  0.716363	  0.734958	  0.750572	  0.763765	  0.770279	  0.775017	  0.778618	  0.781462	  0.783797	  0.785778	  0.787513	  0.789075	  0.790507	  0.791824	   0.79303	  0.794126	  0.795111	  0.795985	  0.796748	    0.7974	  0.797942	  0.798378	  0.798715	   0.79896	  0.799117	  0.799194	  0.799195	  0.799129	  0.799003	  0.798823	  0.798597
   715	     0	         0	         0	         0	         0	         0	         0	         0	         0	         0	         0	         0	         0	         0	         0	         0	         0	0.00167469	 0.0033438	0.00513578	0.00709318	  0.016969	 0.0326465	 0.0554881	 0.0848993	  0.118088	  0.162355	  0.218404	  0.300609	  0.353703	  0.390618	  0.423637	  0.462623	  0.509879	  0.546188	  0.573242	  0.604109	  0.633912	  0.659169	  0.684139	  0.705483	  0.724697	  0.740809	    0.7544	  0.765963	  0.772014	  0.776531	  0.780037	  0.782853	  0.785196	  0.787204	  0.788974	  0.790574	  0.792044	  0.793397	  0.794638	  0.795768	  0.796789	    0.7977	  0.798502	  0.799198	  0.799787	  0.800274	  0.800669	  0.800976	  0.801203	  0.801353	  0.801435	  0.801455	  0.801419	  0.801335	   0.80121
   716	     0	         0	         0	         0	         0	         0	         0	         0	         0	         0	         0	         0	         0	         0	         0	         0	         0	0.00162405	0.00324595	0.00499138	0.00690285	  0.016541	 0.0318738	 0.0542584	 0.0831446	  0.115821	  0.159521	  0.215015	  0.296593	  0.349595	  0.386434	  0.419586	  0.458686	  0.505961	  0.542166	   0.56908	  0.599654	  0.629728	  0.655549	  0.681223	  0.703229	  0.723068	  0.739766	  0.753881	  0.765903	  0.772158	  0.776819	  0.780428	  0.783321	  0.785725	  0.787784	  0.789599	  0.791238	  0.792745	  0.794132	  0.795406	  0.796569	   0.79762	   0.79856	   0.79939	  0.800111	  0.800723	  0.801231	  0.801642	  0.801964	    0.8022	  0.802356	  0.802439	  0.802455	  0.802412	  0.802315	  0.802172
   717	     0	         0	         0	         0	         0	         0	         0	         0	         0	         0	         0	         0	         0	         0	         0	         0	         0	   0.00159	0.00319568	0.00493708	0.00685481	 0.0164662	 0.0317948	 0.0542135	 0.0831865	  0.116004	  0.159875	  0.215547	  0.297413	  0.350649	  0.387746	  0.421253	  0.460764	  0.508611	  0.545499	  0.573182	  0.604707	  0.635103	  0.660673	  0.685787	  0.707064	   0.72609	     0.742	  0.755397	  0.766795	  0.772678	  0.777078	  0.780508	  0.783281	  0.785602	  0.787604	  0.789377	  0.790985	  0.792464	  0.793826	  0.795071	  0.796202	  0.797219	   0.79812	  0.798907	  0.799583	  0.800148	  0.800608	  0.800972	  0.801247	   0.80144	  0.801556	  0.801604	   0.80159	  0.801522	  0.801407	  0.801253
   718	     0	         0	         0	         0	         0	         0	         0	         0	         0	         0	         0	         0	         0	         0	         0	         0	         0	0.00157413	0.00315594	0.00486494	0.00674149	 0.0161706	 0.0311874	 0.0531266	  0.081462	  0.113548	  0.156507	  0.211123	  0.291494	  0.343945	  0.380386	  0.413496	  0.452626	  0.499985	  0.536389	  0.563684	  0.594694	  0.625838	  0.652758	  0.679367	  0.702071	  0.722393	  0.739391	  0.753679	  0.765793	  0.771889	  0.776387	  0.779851	  0.782623	  0.784924	  0.786897	  0.788638	  0.790215	  0.791666	  0.793005	  0.794231	  0.795347	  0.796349	  0.797238	  0.798014	  0.798677	  0.799229	  0.799673	  0.800019	  0.800274	  0.800444	  0.800533	  0.800552	  0.800505	  0.800403	  0.800251	  0.800058
   719	     0	         0	         0	         0	         0	         0	         0	         0	         0	         0	         0	         0	         0	         0	         0	         0	         0	0.00153379	0.00308023	 0.0047559	0.00660027	 0.0158399	 0.0305715	 0.0520997	 0.0798984	  0.111352	  0.153406	  0.206744	  0.285051	  0.336033	  0.371166	  0.403235	  0.441184	  0.487139	  0.522281	  0.548461	   0.57815	  0.610035	  0.638835	  0.667767	  0.692759	  0.715222	  0.734082	  0.749946	  0.763379	  0.770061	  0.774955	  0.778702	   0.78169	  0.784165	  0.786285	  0.788155	  0.789849	  0.791409	  0.792851	  0.794179	  0.795395	  0.796501	  0.797496	  0.798383	  0.799162	  0.799835	  0.800406	  0.800882	  0.801271	  0.801578	  0.801807	  0.801966	  0.802059	  0.802095	  0.802078	  0.802016
   720	     0	         0	         0	         0	         0	         0	         0	         0	         0	         0	         0	         0	         0	         0	         0	         0	         0	0.00166004	0.00331158	0.00508297	0.00701705	 0.0167983	 0.0323353	 0.0549975	 0.0842188	  0.117252	  0.161403	  0.217429	  0.299756	  0.353182	  0.390495	  0.423998	  0.463532	   0.51142	  0.548392	  0.576132	  0.607804	  0.637943	  0.663119	   0.68775	  0.708639	  0.727327	  0.742904	  0.755991	  0.767101	  0.772887	  0.777222	  0.780605	  0.783345	  0.785643	  0.787631	  0.789398	  0.791008	  0.792496	  0.793876	  0.795148	  0.796314	  0.797374	  0.798325	   0.79917	  0.799907	  0.800538	  0.801067	  0.801502	  0.801848	  0.802111	  0.802295	  0.802409	  0.802456	  0.802445	  0.802383	  0.802274
   721	     0	         0	         0	         0	         0	         0	         0	         0	         0	         0	         0	         0	         0	         0	         0	         0	         0	 0.0016065	 0.0032135	0.00494654	0.00684862	 0.0164406	 0.0317294	 0.0540927	 0.0830008	  0.115754	  0.159589	  0.215276	  0.297202	  0.350463	  0.387491	  0.420786	  0.459983	  0.507331	  0.543552	  0.570392	  0.600842	  0.630656	   0.65621	  0.681687	  0.703474	  0.723115	  0.739678	  0.753705	   0.76567	  0.771938	  0.776622	  0.780258	  0.783183	  0.785619	  0.787711	   0.78956	  0.791235	  0.792775	  0.794198	  0.795506	  0.796702	  0.797787	   0.79876	  0.799624	  0.800378	  0.801024	  0.801566	  0.802013	  0.802368	  0.802639	   0.80283	  0.802946	  0.802995	  0.802982	  0.802914	  0.802797
   722	     0	         0	         0	         0	         0	         0	         0	         0	         0	         0	         0	         0	         0	         0	         0	         0	         0	0.00166036	0.00333042	0.00513756	0.00712482	 0.0171085	 0.0330234	  0.056292	 0.0863514	   0.12038	  0.165807	   0.22338	  0.307928	  0.362784	  0.401356	  0.435767	  0.476213	  0.525195	  0.563268	  0.592034	  0.624999	  0.654196	   0.67723	  0.699387	  0.717877	  0.734345	  0.748007	  0.759482	  0.769257	  0.774619	  0.778736	  0.782022	  0.784734	  0.787045	  0.789067	  0.790878	  0.792533	  0.794064	   0.79548	  0.796785	  0.797978	   0.79906	  0.800031	  0.800893	  0.801647	  0.802294	   0.80284	  0.803294	  0.803661	  0.803947	  0.804158	  0.804301	  0.804381	  0.804406	  0.804382	  0.804315
   723	     0	         0	         0	         0	         0	         0	         0	         0	         0	         0	         0	         0	         0	         0	         0	         0	         0	0.00170435	0.00339069	0.00519007	0.00714582	 0.0170539	 0.0327384	 0.0555508	 0.0848887	  0.117975	  0.162142	  0.218162	  0.300413	  0.353612	   0.39067	  0.423796	  0.462914	  0.510267	  0.546576	  0.573598	  0.604343	  0.634084	  0.659316	  0.684329	  0.705699	  0.724949	  0.741139	  0.754818	  0.766462	  0.772546	  0.777078	  0.780584	  0.783389	  0.785714	  0.787699	  0.789445	  0.791022	  0.792469	  0.793802	  0.795021	  0.796128	  0.797121	  0.798001	  0.798767	   0.79942	  0.799962	  0.800397	  0.800734	  0.800979	   0.80114	  0.801222	  0.801233	   0.80118	  0.801072	  0.800916	   0.80072
   724	     0	         0	         0	         0	         0	         0	         0	         0	         0	         0	         0	         0	         0	         0	         0	         0	         0	0.00157455	0.00316029	0.00487628	0.00676268	  0.016233	 0.0313235	 0.0533804	  0.081879	  0.114163	  0.157392	  0.212375	  0.293318	  0.346198	  0.383036	   0.41649	  0.456013	   0.50386	  0.540738	  0.568495	  0.600064	   0.63106	  0.657402	   0.68325	  0.705197	  0.724802	  0.741167	  0.754917	  0.766584	  0.772491	  0.776873	  0.780265	  0.782992	  0.785264	  0.787217	  0.788944	  0.790509	   0.79195	  0.793277	  0.794491	  0.795593	  0.796582	  0.797455	  0.798215	  0.798861	  0.799396	  0.799824	  0.800154	  0.800394	  0.800551	   0.80063	   0.80064	  0.800588	  0.800484	  0.800334	  0.800148
   725	     0	         0	         0	         0	         0	         0	         0	         0	         0	         0	         0	         0	         0	         0	         0	         0	         0	0.00164297	0.00329333	 0.0050766	 0.0070351	 0.0168791	  0.032558	  0.055467	 0.0850483	  0.118526	  0.163237	  0.219927	  0.303211	  0.357245	  0.395046	   0.42892	  0.468802	  0.517088	  0.554398	  0.582405	  0.614384	  0.643992	  0.668224	   0.69185	  0.711774	  0.729597	  0.744478	  0.757017	  0.767706	  0.773401	  0.777717	  0.781118	  0.783894	  0.786237	  0.788271	  0.790082	   0.79173	   0.79325	  0.794654	  0.795943	  0.797118	   0.79818	  0.799129	  0.799966	  0.800692	   0.80131	  0.801823	  0.802242	  0.802572	   0.80282	   0.80299	  0.803091	  0.803128	  0.803109	  0.803041	  0.802929
   726	     0	         0	         0	         0	         0	         0	         0	         0	         0	         0	         0	         0	         0	         0	         0	         0	         0	0.00151479	0.00306235	0.00475512	0.00663147	 0.0159722	 0.0309164	 0.0528168	  0.081167	  0.113319	  0.156306	  0.210824	  0.290955	  0.343158	  0.379314	  0.412238	  0.451099	  0.498174	  0.534344	  0.561411	  0.592161	  0.623368	  0.650536	   0.67751	  0.700519	  0.721114	  0.738375	  0.752914	  0.765267	  0.771501	  0.776121	  0.779696	  0.782573	  0.784973	  0.787039	  0.788868	  0.790525	  0.792049	  0.793452	  0.794738	  0.795908	  0.796963	  0.797902	  0.798729	  0.799445	  0.800052	  0.800554	  0.800961	  0.801279	  0.801515	  0.801673	  0.801762	  0.801786	  0.801753	  0.801671	  0.801544
   727	     0	         0	         0	         0	         0	         0	         0	         0	         0	         0	         0	         0	         0	         0	         0	         0	         0	 0.0016244	0.00324172	0.00497911	0.00688007	 0.0164868	 0.0317739	 0.0541072	 0.0829528	  0.115621	  0.159364	  0.214977	   0.29684	  0.350137	  0.387296	  0.420767	   0.46021	  0.507873	  0.544488	  0.571806	  0.602843	  0.632998	  0.658601	  0.683913	  0.705457	  0.724789	  0.740999	  0.754664	  0.766284	  0.772293	  0.776767	  0.780231	  0.783013	  0.785328	  0.787315	   0.78907	   0.79066	  0.792124	  0.793475	  0.794716	  0.795848	   0.79687	  0.797782	  0.798583	  0.799274	  0.799855	  0.800331	  0.800707	  0.800991	  0.801188	  0.801302	  0.801341	   0.80131	  0.801216	  0.801067	  0.800868
   728	     0	         0	         0	         0	         0	         0	         0	         0	         0	         0	         0	         0	         0	         0	         0	         0	         0	0.00157138	0.00315286	 0.0048635	0.00674353	 0.0161827	 0.0312219	  0.053201	 0.0815921	  0.113742	  0.156768	  0.211436	  0.291863	  0.344277	  0.380666	    0.4137	  0.452726	  0.499968	   0.53626	  0.563433	  0.594296	  0.625348	   0.65224	  0.678881	  0.701621	   0.72199	  0.739049	  0.753403	  0.765583	  0.771726	  0.776262	  0.779756	   0.78255	  0.784869	  0.786854	  0.788603	  0.790185	  0.791637	  0.792974	  0.794197	  0.795306	  0.796302	  0.797183	  0.797951	  0.798606	   0.79915	  0.799588	  0.799928	  0.800178	  0.800344	  0.800431	  0.800449	  0.800404	  0.800303	  0.800155	  0.799967
   729	     0	         0	         0	         0	         0	         0	         0	         0	         0	         0	         0	         0	         0	         0	         0	         0	         0	0.00164297	0.00329333	 0.0050766	 0.0070351	 0.0168791	  0.032558	  0.055467	 0.0850483	  0.118526	  0.163237	  0.219927	  0.303211	  0.357245	  0.395046	   0.42892	  0.468802	  0.517088	  0.554398	  0.582405	  0.614384	  0.643992	  0.668224	   0.69185	  0.711774	  0.729597	  0.744478	  0.757017	  0.767706	  0.773401	  0.777717	  0.781118	  0.783894	  0.786237	  0.788271	  0.790082	   0.79173	   0.79325	  0.794654	  0.795943	  0.797118	   0.79818	  0.799129	  0.799966	  0.800692	   0.80131	  0.801823	  0.802242	  0.802572	   0.80282	   0.80299	  0.803091	  0.803128	  0.803109	  0.803041	  0.802929
   730	     0	         0	         0	         0	         0	         0	         0	         0	         0	         0	         0	         0	         0	         0	         0	         0	         0	   0.00159	0.00319568	0.00493708	0.00685481	 0.0164662	 0.0317948	 0.0542135	 0.0831865	  0.116004	  0.159875	  0.215547	  0.297413	  0.350649	  0.387746	  0.421253	  0.460764	  0.508611	  0.545499	  0.573182	  0.604707	  0.635103	  0.660673	  0.685787	  0.707064	   0.72609	     0.742	  0.755397	  0.766795	  0.772678	  0.777078	  0.780508	  0.783281	  0.785602	  0.787604	  0.789377	  0.790985	  0.792464	  0.793826	  0.795071	  0.796202	  0.797219	   0.79812	  0.798907	  0.799583	  0.800148	  0.800608	  0.800972	  0.801247	   0.80144	  0.801556	  0.801604	   0.80159	  0.801522	  0.801407	  0.801253
   731	     0	         0	         0	         0	         0	         0	         0	         0	         0	         0	         0	         0	         0	         0	         0	         0	         0	 0.0016408	 0.0032649	0.00500125	 0.0068934	 0.0164791	 0.0316915	 0.0538624	 0.0824313	  0.114712	  0.157891	  0.212744	  0.293365	  0.345753	  0.382138	  0.414966	  0.453741	  0.500608	  0.536442	  0.563068	   0.59326	  0.623821	  0.650524	  0.677184	  0.700112	  0.720781	  0.738191	  0.752903	  0.765419	  0.771847	  0.776613	  0.780291	  0.783235	  0.785677	  0.787769	  0.789614	  0.791283	  0.792819	  0.794237	  0.795541	  0.796733	  0.797813	  0.798781	  0.799637	  0.800382	  0.801018	  0.801548	  0.801981	  0.802322	  0.802578	  0.802753	  0.802856	  0.802891	  0.802866	  0.802789	  0.802666
   732	     0	         0	         0	         0	         0	         0	         0	         0	         0	         0	         0	         0	         0	         0	         0	         0	         0	0.00164164	0.00328782	0.00506384	0.00701179	 0.0168088	 0.0323983	  0.055155	 0.0845136	   0.11771	  0.162049	  0.218284	  0.300897	  0.354443	  0.391731	   0.42513	  0.464492	  0.512129	  0.548722	  0.575993	  0.607056	  0.636664	  0.661527	   0.68609	  0.707022	  0.725862	  0.741679	  0.755035	  0.766409	  0.772395	  0.776872	  0.780346	  0.783136	  0.785453	  0.787436	  0.789181	  0.790754	  0.792195	  0.793518	  0.794727	  0.795823	  0.796808	   0.79768	  0.798442	  0.799094	  0.799636	  0.800075	  0.800416	  0.800668	  0.800835	  0.800923	  0.800939	   0.80089	  0.800783	  0.800625	  0.800423
   733	     0	         0	         0	         0	         0	         0	         0	         0	         0	         0	         0	         0	         0	         0	         0	         0	         0	0.00155959	0.00312661	0.00482075	0.00668277	 0.0160433	 0.0309653	 0.0527867	 0.0809908	  0.112947	  0.155741	  0.210145	  0.290192	  0.342398	  0.378566	  0.411409	  0.450184	  0.497057	  0.532898	  0.559556	  0.589754	  0.620695	  0.647909	  0.675116	  0.698494	  0.719533	  0.737246	  0.752204	   0.76492	  0.771388	  0.776168	  0.779849	  0.782791	   0.78523	  0.787317	  0.789157	   0.79082	  0.792349	  0.793759	  0.795052	  0.796232	  0.797298	  0.798251	   0.79909	  0.799819	  0.800437	  0.800949	  0.801364	  0.801688	  0.801926	  0.802084	   0.80217	  0.802189	  0.802148	  0.802055	  0.801917
   734	     0	         0	         0	         0	         0	         0	         0	         0	         0	         0	         0	         0	         0	         0	         0	         0	         0	0.00167975	0.00334177	0.00511504	0.00704223	 0.0168097	 0.0322739	 0.0547731	 0.0837185	   0.11638	  0.160018	  0.215404	  0.296798	  0.349537	  0.386274	  0.419324	  0.458401	   0.50573	  0.542104	  0.569308	  0.600248	  0.630718	  0.656771	  0.682526	  0.704483	  0.724175	   0.74068	  0.754582	   0.76639	  0.772429	  0.776906	  0.780363	   0.78313	  0.785426	   0.78739	   0.78912	  0.790684	  0.792121	  0.793444	  0.794654	   0.79575	  0.796732	  0.797599	   0.79835	  0.798987	  0.799511	  0.799928	  0.800246	  0.800474	  0.800617	  0.800683	  0.800679	  0.800614	  0.800496	  0.800332	  0.800132
   735	     0	         0	         0	         0	         0	         0	         0	         0	         0	         0	         0	         0	         0	         0	         0	         0	         0	0.00163653	0.00326911	0.00502491	0.00694697	 0.0166491	 0.0320829	 0.0546173	 0.0837016	   0.11661	  0.160635	  0.216587	  0.298874	  0.352374	  0.389611	  0.423022	  0.462401	  0.509992	  0.546422	  0.573472	  0.604197	  0.633787	  0.658869	  0.683766	  0.705074	  0.724312	  0.740523	  0.754247	  0.765948	  0.772116	  0.776722	  0.780289	  0.783145	  0.785509	  0.787527	  0.789298	  0.790894	  0.792354	  0.793696	  0.794923	  0.796037	   0.79704	  0.797931	   0.79871	   0.79938	   0.79994	  0.800395	  0.800753	  0.801021	  0.801203	  0.801305	  0.801335	    0.8013	  0.801206	   0.80106	  0.800872
   736	     0	         0	         0	         0	         0	         0	         0	         0	         0	         0	         0	         0	         0	         0	         0	         0	         0	0.00166446	0.00331573	0.00508113	 0.0070029	 0.0167406	 0.0321774	 0.0546668	 0.0836458	  0.116406	  0.160257	  0.216042	  0.298171	  0.351657	  0.389082	  0.422823	  0.462707	  0.511021	  0.548368	  0.576524	  0.608623	  0.639071	  0.664349	  0.688959	  0.709738	  0.728262	   0.74367	  0.756585	  0.767524	  0.773124	  0.777285	  0.780505	   0.78309	  0.785241	  0.787086	  0.788716	  0.790192	  0.791552	  0.792805	   0.79395	  0.794986	  0.795911	  0.796722	  0.797419	  0.798002	  0.798471	  0.798832	  0.799092	   0.79926	  0.799342	  0.799345	  0.799276	  0.799145	   0.79896	  0.798728	   0.79846
   737	     0	         0	         0	         0	         0	         0	         0	         0	         0	         0	         0	         0	         0	         0	         0	         0	         0	0.00156037	0.00314804	0.00488123	0.00680064	 0.0163879	 0.0317326	 0.0542381	 0.0833976	    0.1165	  0.160783	  0.216999	  0.299713	  0.353626	  0.391278	  0.425267	  0.465249	  0.513626	  0.551002	  0.579087	  0.611112	   0.64115	  0.665929	  0.690118	  0.710499	  0.728699	  0.743893	  0.756693	  0.767604	  0.773346	  0.777689	   0.78111	  0.783905	  0.786268	  0.788323	  0.790156	  0.791826	  0.793368	  0.794794	  0.796105	  0.797304	  0.798391	  0.799365	  0.800228	  0.800983	   0.80163	  0.802175	  0.802625	  0.802988	  0.803267	  0.803469	  0.803601	  0.803667	  0.803675	  0.803631	  0.803542
   738	     0	         0	         0	         0	         0	         0	         0	         0	         0	         0	         0	         0	         0	         0	         0	         0	         0	   0.00159	0.00319568	0.00493708	0.00685481	 0.0164662	 0.0317948	 0.0542135	 0.0831865	  0.116004	  0.159875	  0.215547	  0.297413	  0.350649	  0.387746	  0.421253	  0.460764	  0.508611	  0.545499	  0.573182	  0.604707	  0.635103	  0.660673	  0.685787	  0.707064	   0.72609	     0.742	  0.755397	  0.766795	  0.772678	  0.777078	  0.780508	  0.783281	  0.785602	  0.787604	  0.789377	  0.790985	  0.792464	  0.793826	  0.795071	  0.796202	  0.797219	   0.79812	  0.798907	  0.799583	  0.800148	  0.800608	  0.800972	  0.801247	   0.80144	  0.801556	  0.801604	   0.80159	  0.801522	  0.801407	  0.801253
   739	     0	         0	         0	         0	         0	         0	         0	         0	         0	         0	         0	         0	         0	         0	         0	         0	         0	 0.0015654	0.00313161	0.00481741	0.00666259	  0.015948	  0.030706	   0.05223	 0.0799829	  0.111365	  0.153368	  0.206757	  0.285276	  0.336592	  0.372265	  0.404942	  0.443669	  0.490594	  0.526823	  0.554252	  0.585417	   0.61806	  0.646855	  0.675276	  0.699509	  0.721052	  0.738961	  0.753918	  0.766524	  0.772645	  0.777125	  0.780569	  0.783332	  0.785639	  0.787631	  0.789401	  0.791017	  0.792515	  0.793905	  0.795186	  0.796358	  0.797418	  0.798366	    0.7992	  0.799923	  0.800534	  0.801039	  0.801447	  0.801766	  0.802001	   0.80216	  0.802251	  0.802281	  0.802258	  0.802189	  0.802084
   740	     0	         0	         0	         0	         0	         0	         0	         0	         0	         0	         0	         0	         0	         0	         0	         0	         0	 0.0015654	0.00313161	0.00481741	0.00666259	  0.015948	  0.030706	   0.05223	 0.0799829	  0.111365	  0.153368	  0.206757	  0.285276	  0.336592	  0.372265	  0.404942	  0.443669	  0.490594	  0.526823	  0.554252	  0.585417	   0.61806	  0.646855	  0.675276	  0.699509	  0.721052	  0.738961	  0.753918	  0.766524	  0.772645	  0.777125	  0.780569	  0.783332	  0.785639	  0.787631	  0.789401	  0.791017	  0.792515	  0.793905	  0.795186	  0.796358	  0.797418	  0.798366	    0.7992	  0.799923	  0.800534	  0.801039	  0.801447	  0.801766	  0.802001	   0.80216	  0.802251	  0.802281	  0.802258	  0.802189	  0.802084
   741	     0	         0	         0	         0	         0	         0	         0	         0	         0	         0	         0	         0	         0	         0	         0	         0	         0	0.00157781	0.00316444	0.00488171	0.00677141	 0.0162834	 0.0314668	 0.0537082	 0.0825052	  0.115197	  0.159035	  0.214866	  0.297181	  0.351009	  0.388628	  0.422621	  0.462641	  0.510982	  0.548201	  0.576066	  0.607718	  0.637776	  0.662879	  0.687545	  0.708453	  0.727194	  0.742899	  0.756151	   0.76744	  0.773359	  0.777802	  0.781268	   0.78407	  0.786413	  0.788433	  0.790222	  0.791845	  0.793339	  0.794718	  0.795983	  0.797138	  0.798181	  0.799111	   0.79993	  0.800638	  0.801235	  0.801726	  0.802118	  0.802418	  0.802631	  0.802762	  0.802818	  0.802805	   0.80273	  0.802601	  0.802424
   742	     0	         0	         0	         0	         0	         0	         0	         0	         0	         0	         0	         0	         0	         0	         0	         0	         0	0.00160325	0.00321675	0.00496135	0.00687755	 0.0165035	 0.0318327	 0.0542312	 0.0831574	  0.115904	  0.159694	  0.215289	  0.297063	  0.350231	  0.387237	  0.420632	  0.460039	  0.507761	  0.544492	  0.571988	  0.603292	  0.633634	  0.659311	  0.684609	  0.706106	  0.725361	  0.741476	  0.755043	  0.766571	  0.772512	  0.776934	  0.780363	  0.783121	  0.785418	  0.787393	  0.789138	   0.79072	  0.792176	  0.793518	  0.794748	  0.795867	  0.796874	  0.797767	  0.798548	  0.799218	  0.799776	  0.800229	  0.800585	   0.80085	  0.801031	  0.801133	  0.801165	  0.801131	  0.801042	  0.800903	  0.800722
   743	     0	         0	         0	         0	         0	         0	         0	         0	         0	         0	         0	         0	         0	         0	         0	         0	         0	0.00161812	0.00322172	0.00493609	0.00680335	 0.0162568	 0.0312492	 0.0530887	  0.081223	  0.113014	  0.155578	   0.20972	  0.289383	  0.341266	  0.377231	  0.409853	  0.448458	   0.49514	  0.530806	  0.557351	  0.587403	  0.618497	  0.645991	  0.673496	  0.697176	  0.718494	  0.736435	  0.751565	  0.764401	  0.770858	  0.775589	  0.779196	  0.782049	  0.784387	  0.786367	  0.788095	  0.789646	  0.791064	  0.792363	  0.793548	  0.794618	  0.795574	  0.796415	  0.797141	  0.797754	  0.798252	  0.798643	  0.798934	  0.799131	  0.799242	  0.799272	  0.799229	   0.79912	  0.798955	   0.79874	  0.798484
   744	     0	         0	         0	         0	         0	         0	         0	         0	         0	         0	         0	         0	         0	         0	         0	         0	         0	 0.0018118	0.00355456	0.00537516	0.00732172	 0.0173848	 0.0331998	 0.0561063	  0.085458	  0.118462	  0.162548	  0.218501	  0.300539	  0.353372	  0.390137	  0.422757	  0.461408	  0.508256	  0.544096	  0.570622	  0.600839	  0.630428	  0.655853	  0.681172	  0.702934	  0.722585	  0.739094	  0.753002	  0.764787	  0.770879	  0.775348	  0.778745	  0.781414	  0.783584	  0.785406	  0.786985	  0.788395	  0.789682	  0.790862	  0.791937	  0.792907	  0.793772	  0.794527	  0.795174	   0.79571	  0.796136	  0.796455	  0.796675	  0.796802	  0.796841	  0.796799	  0.796682	  0.796499	  0.796256	  0.795964	  0.795629
   745	     0	         0	         0	         0	         0	         0	         0	         0	         0	         0	         0	         0	         0	         0	         0	         0	         0	0.00159289	0.00318944	0.00491359	0.00680794	 0.0163596	 0.0315989	 0.0539127	 0.0827931	  0.115567	  0.159505	  0.215433	  0.297868	  0.351719	  0.389386	    0.4234	  0.463463	  0.511909	  0.549338	  0.577482	  0.609534	  0.639757	  0.664777	  0.689186	  0.709759	  0.728107	  0.743387	  0.756215	  0.767104	  0.772738	  0.776948	  0.780223	  0.782866	  0.785076	   0.78698	  0.788666	  0.790197	  0.791606	  0.792907	  0.794099	  0.795185	   0.79616	  0.797026	  0.797781	  0.798426	  0.798961	  0.799391	  0.799723	  0.799965	  0.800121	  0.800198	  0.800202	  0.800139	  0.800019	  0.799847	  0.799631
   746	     0	         0	         0	         0	         0	         0	         0	         0	         0	         0	         0	         0	         0	         0	         0	         0	         0	0.00158638	0.00318795	0.00492498	0.00683816	 0.0164256	 0.0317179	 0.0540813	 0.0829776	  0.115696	  0.159419	  0.214869	  0.296349	  0.349292	  0.386108	  0.419362	  0.458586	  0.506083	  0.542632	  0.569984	   0.60113	  0.631597	  0.657537	  0.683132	  0.704931	  0.724476	  0.740844	   0.75464	  0.766378	  0.772439	  0.776968	  0.780496	  0.783347	  0.785735	  0.787795	  0.789622	   0.79128	  0.792806	  0.794216	   0.79551	  0.796693	  0.797763	  0.798721	   0.79957	   0.80031	  0.800942	  0.801472	  0.801907	  0.802255	   0.80252	  0.802708	  0.802826	   0.80288	  0.802877	  0.802823	  0.802725
   747	     0	         0	         0	         0	         0	         0	         0	         0	         0	         0	         0	         0	         0	         0	         0	         0	         0	 0.0016049	0.00321981	0.00496582	0.00688386	 0.0165343	 0.0319141	 0.0544193	 0.0835348	  0.116575	  0.160854	  0.217223	  0.300374	   0.35475	  0.393043	  0.427686	  0.468506	  0.517931	  0.556466	  0.585836	  0.619396	  0.649961	    0.6744	   0.69779	  0.717177	  0.734267	  0.748355	  0.760103	  0.770043	  0.775178	  0.779049	    0.7821	  0.784598	  0.786717	  0.788569	  0.790228	  0.791748	  0.793158	  0.794465	  0.795666	  0.796757	  0.797737	  0.798601	   0.79935	  0.799983	  0.800502	  0.800911	   0.80122	  0.801436	  0.801564	  0.801613	   0.80159	  0.801502	  0.801357	  0.801165	  0.800932
   748	     0	         0	         0	         0	         0	         0	         0	         0	         0	         0	         0	         0	         0	         0	         0	         0	         0	0.00156195	0.00313271	0.00483132	 0.0066983	 0.0160806	 0.0310371	 0.0529123	 0.0811928	   0.11325	   0.15619	  0.210792	  0.291185	  0.343689	  0.380248	  0.413516	    0.4528	  0.500331	  0.536957	  0.564493	  0.595778	  0.627115	  0.654116	  0.680737	  0.703377	  0.723586	  0.740462	  0.754636	  0.766653	  0.772701	  0.777183	  0.780657	  0.783457	    0.7858	  0.787822	  0.789618	  0.791252	  0.792762	  0.794159	  0.795444	  0.796618	  0.797679	  0.798628	  0.799464	  0.800189	  0.800803	  0.801311	  0.801721	  0.802039	  0.802272	  0.802425	  0.802506	  0.802519	  0.802474	  0.802377	  0.802235
   749	     0	         0	         0	         0	         0	         0	         0	         0	         0	         0	         0	         0	         0	         0	         0	         0	         0	0.00164064	0.00328897	0.00507035	0.00702701	 0.0168568	 0.0325117	 0.0553792	 0.0848927	   0.11827	  0.162813	  0.219232	  0.302056	  0.355669	  0.393067	  0.426561	  0.466006	  0.513764	  0.550546	   0.57803	   0.60937	  0.639016	  0.663725	  0.688038	  0.708668	  0.727189	  0.742718	  0.755836	  0.767029	  0.772961	  0.777438	   0.78095	  0.783802	  0.786198	  0.788271	   0.79011	  0.791779	  0.793315	  0.794732	  0.796032	  0.797218	  0.798291	  0.799251	    0.8001	  0.800841	  0.801473	  0.802004	   0.80244	  0.802789	  0.803057	  0.803248	   0.80337	  0.803429	  0.803431	  0.803383	  0.803293
   750	     0	         0	         0	         0	         0	         0	         0	         0	         0	         0	         0	         0	         0	         0	         0	         0	         0	0.00171394	0.00341292	0.00522994	0.00720929	 0.0172432	 0.0331591	 0.0563549	 0.0862423	   0.12001	  0.165123	  0.222392	  0.306523	  0.361026	  0.399219	  0.433142	   0.47309	  0.521433	  0.558721	  0.586591	  0.618404	  0.647293	  0.670737	  0.693669	  0.713068	  0.730502	  0.745092	  0.757394	  0.767869	  0.773556	  0.777852	  0.781213	  0.783928	  0.786194	  0.788141	   0.78986	  0.791416	  0.792845	  0.794162	  0.795368	  0.796466	  0.797453	  0.798329	  0.799096	  0.799752	  0.800299	  0.800742	  0.801087	  0.801343	  0.801513	  0.801605	  0.801624	  0.801579	  0.801477	  0.801324	   0.80113
   751	     0	         0	         0	         0	         0	         0	         0	         0	         0	         0	         0	         0	         0	         0	         0	         0	         0	0.00156316	0.00313609	0.00483703	0.00670589	 0.0160815	 0.0310129	 0.0528216	 0.0809736	  0.112828	  0.155425	  0.209492	  0.288948	   0.34067	   0.37648	  0.409071	  0.447606	  0.494261	  0.530025	  0.556751	  0.587066	  0.618524	  0.646308	  0.674018	  0.697782	  0.719094	   0.73698	  0.752041	   0.76482	  0.771221	  0.775937	  0.779566	  0.782468	  0.784877	  0.786941	  0.788762	   0.79041	  0.791925	  0.793319	  0.794597	  0.795758	  0.796804	  0.797733	  0.798548	   0.79925	   0.79984	  0.800325	  0.800713	  0.801011	  0.801226	  0.801364	  0.801433	  0.801439	   0.80139	  0.801294	  0.801158
   752	     0	         0	         0	         0	         0	         0	         0	         0	         0	         0	         0	         0	         0	         0	         0	         0	         0	0.00153123	0.00307171	0.00473589	0.00656191	  0.015708	 0.0302495	 0.0514457	 0.0787508	  0.109578	  0.150759	  0.202959	  0.279509	  0.329237	  0.363251	  0.394364	  0.431267	  0.475953	  0.509857	  0.534906	  0.563185	  0.595474	  0.625764	  0.656757	  0.683815	  0.708264	  0.728918	  0.746323	  0.761028	   0.76829	  0.773532	  0.777481	  0.780574	  0.783089	  0.785206	  0.787046	  0.788691	   0.79019	  0.791561	  0.792811	  0.793941	  0.794954	   0.79585	  0.796631	    0.7973	  0.797858	  0.798309	  0.798663	  0.798927	  0.799106	  0.799206	  0.799235	  0.799199	  0.799107	  0.798965	   0.79878
   753	     0	         0	         0	         0	         0	         0	         0	         0	         0	         0	         0	         0	         0	         0	         0	         0	         0	 0.0015867	0.00318347	0.00491133	0.00681155	 0.0163518	 0.0315616	 0.0538029	 0.0825521	  0.115135	  0.158754	  0.214215	  0.295856	   0.34919	  0.386481	  0.420291	  0.460173	   0.50843	   0.54573	  0.573895	  0.605965	  0.636771	  0.662491	  0.687547	  0.708674	  0.727482	  0.743143	  0.756295	  0.767469	  0.773172	   0.77744	  0.780777	  0.783486	  0.785766	  0.787743	  0.789503	  0.791106	  0.792586	  0.793954	  0.795207	  0.796348	  0.797373	  0.798282	  0.799075	  0.799753	  0.800319	  0.800778	  0.801138	  0.801408	  0.801593	  0.801701	   0.80174	  0.801718	  0.801641	  0.801519	  0.801358
   754	     0	         0	         0	         0	         0	         0	         0	         0	         0	         0	         0	         0	         0	         0	         0	         0	         0	0.00167391	0.00334703	0.00514742	0.00711764	 0.0170469	 0.0328274	 0.0558441	 0.0855145	  0.119036	  0.163767	  0.220437	  0.303603	  0.357449	  0.395078	  0.428723	  0.468394	  0.516483	  0.553646	  0.581539	  0.613442	  0.643085	  0.667426	  0.691149	  0.711199	  0.729141	  0.744096	  0.756674	  0.767374	  0.773049	  0.777333	  0.780698	  0.783436	  0.785741	  0.787739	  0.789516	  0.791134	  0.792629	  0.794013	  0.795286	  0.796449	  0.797503	  0.798445	  0.799279	  0.800004	  0.800622	  0.801138	  0.801561	  0.801895	  0.802149	  0.802327	  0.802436	  0.802484	  0.802476	  0.802421	  0.802324
   755	     0	         0	         0	         0	         0	         0	         0	         0	         0	         0	         0	         0	         0	         0	         0	         0	         0	0.00155153	 0.0031095	 0.0047935	0.00664444	 0.0159587	 0.0308147	 0.0525533	 0.0806719	  0.112562	  0.155321	  0.209747	  0.289916	  0.342363	  0.378853	  0.412095	  0.451358	   0.49885	  0.535414	  0.562881	   0.59408	  0.625459	  0.652597	  0.679373	  0.702206	  0.722614	  0.739655	  0.753962	  0.766085	  0.772178	  0.776682	  0.780161	  0.782956	  0.785286	  0.787291	  0.789066	  0.790677	  0.792163	  0.793535	  0.794796	  0.795948	   0.79699	  0.797921	  0.798741	  0.799452	  0.800053	  0.800549	  0.800949	  0.801257	   0.80148	  0.801622	  0.801691	  0.801694	  0.801636	  0.801526	  0.801371
   756	     0	         0	         0	         0	         0	         0	         0	         0	         0	         0	         0	         0	         0	         0	         0	         0	         0	0.00159289	0.00318944	0.00491359	0.00680794	 0.0163596	 0.0315989	 0.0539127	 0.0827931	  0.115567	  0.159505	  0.215433	  0.297868	  0.351719	  0.389386	    0.4234	  0.463463	  0.511909	  0.549338	  0.577482	  0.609534	  0.639757	  0.664777	  0.689186	  0.709759	  0.728107	  0.743387	  0.756215	  0.767104	  0.772738	  0.776948	  0.780223	  0.782866	  0.785076	   0.78698	  0.788666	  0.790197	  0.791606	  0.792907	  0.794099	  0.795185	   0.79616	  0.797026	  0.797781	  0.798426	  0.798961	  0.799391	  0.799723	  0.799965	  0.800121	  0.800198	  0.800202	  0.800139	  0.800019	  0.799847	  0.799631
   757	     0	         0	         0	         0	         0	         0	         0	         0	         0	         0	         0	         0	         0	         0	         0	         0	         0	0.00157354	0.00315961	0.00487914	0.00677331	 0.0162735	 0.0314345	 0.0536121	 0.0822696	  0.114709	  0.158049	  0.212977	  0.293633	  0.345959	  0.382162	  0.414857	  0.453423	  0.500099	  0.535809	  0.562309	  0.592423	  0.622938	  0.649647	  0.676353	  0.699318	  0.720019	  0.737447	  0.752175	  0.764711	  0.771165	   0.77596	  0.779671	  0.782653	  0.785135	  0.787268	  0.789153	  0.790859	   0.79243	  0.793881	  0.795217	  0.796444	  0.797561	  0.798571	  0.799476	  0.800276	  0.800974	  0.801573	   0.80208	  0.802503	  0.802844	  0.803109	  0.803303	  0.803432	  0.803502	  0.803518	  0.803486
   758	     0	         0	         0	         0	         0	         0	         0	         0	         0	         0	         0	         0	         0	         0	         0	         0	         0	0.00151614	0.00306452	0.00475852	0.00663699	 0.0159964	 0.0309789	 0.0529469	 0.0814012	  0.113691	  0.156898	   0.21176	  0.292451	  0.345093	  0.381561	  0.414704	  0.453809	  0.501159	  0.537517	  0.564693	  0.595584	    0.6264	  0.652977	  0.679309	  0.701785	  0.721943	  0.738843	  0.753084	  0.765189	  0.771355	  0.775928	  0.779464	  0.782302	  0.784663	  0.786688	  0.788474	  0.790089	   0.79157	  0.792932	  0.794177	  0.795308	  0.796326	   0.79723	  0.798022	  0.798705	  0.799278	  0.799747	  0.800121	  0.800407	   0.80061	  0.800735	  0.800791	  0.800783	  0.800719	  0.800605	   0.80045
   759	     0	         0	         0	         0	         0	         0	         0	         0	         0	         0	         0	         0	         0	         0	         0	         0	         0	0.00164285	0.00325033	 0.0049551	0.00680208	 0.0162132	 0.0311089	 0.0527693	 0.0806202	  0.112021	   0.15401	  0.207301	  0.285513	  0.336199	  0.371098	  0.402709	   0.44015	   0.48541	  0.519761	  0.545076	  0.573698	  0.605094	  0.633958	  0.663309	  0.688902	  0.712071	  0.731646	  0.748172	  0.762175	  0.769208	  0.774335	  0.778231	  0.781305	  0.783825	  0.785961	  0.787831	  0.789516	  0.791064	  0.792492	  0.793806	  0.795011	  0.796107	  0.797093	   0.79797	   0.79874	  0.799403	  0.799963	  0.800427	    0.8008	  0.801089	  0.801297	  0.801431	  0.801497	  0.801503	  0.801453	  0.801355
   760	     0	         0	         0	         0	         0	         0	         0	         0	         0	         0	         0	         0	         0	         0	         0	         0	         0	0.00175597	0.00347293	0.00529125	0.00725741	 0.0173146	 0.0332174	 0.0563471	  0.086097	  0.119657	  0.164512	  0.221481	  0.305094	  0.359218	   0.39709	  0.430647	  0.470221	  0.518101	  0.554915	  0.582297	  0.613531	  0.642485	  0.666424	  0.689988	  0.710074	   0.72819	   0.74338	  0.756195	  0.767096	  0.772967	  0.777373	  0.780798	  0.783547	   0.78583	  0.787783	  0.789505	  0.791062	  0.792497	  0.793823	  0.795045	  0.796164	  0.797178	  0.798087	  0.798891	  0.799588	  0.800179	  0.800667	  0.801058	  0.801359	  0.801574	  0.801707	  0.801767	  0.801757	  0.801687	  0.801562	  0.801389
   761	     0	         0	         0	         0	         0	         0	         0	         0	         0	         0	         0	         0	         0	         0	         0	         0	         0	0.00161323	0.00323727	0.00499667	0.00693417	   0.01667	 0.0322126	  0.054969	 0.0844119	  0.117799	  0.162472	  0.219224	  0.302749	   0.35712	  0.395177	  0.429298	  0.469405	  0.517889	  0.555324	  0.583384	  0.615375	  0.644814	  0.668845	  0.692321	  0.712114	  0.729837	  0.744643	  0.757119	  0.767744	  0.773419	  0.777704	  0.781066	  0.783793	  0.786082	   0.78806	  0.789814	  0.791405	  0.792869	   0.79422	  0.795459	   0.79659	  0.797611	  0.798522	  0.799325	   0.80002	  0.800607	  0.801092	   0.80148	  0.801779	  0.801994	  0.802129	  0.802191	  0.802186	  0.802121	  0.802002	  0.801837
   762	     0	         0	         0	         0	         0	         0	         0	         0	         0	         0	         0	         0	         0	         0	         0	         0	         0	 0.0018118	0.00355456	0.00537516	0.00732172	 0.0173848	 0.0331998	 0.0561063	  0.085458	  0.118462	  0.162548	  0.218501	  0.300539	  0.353372	  0.390137	  0.422757	  0.461408	  0.508256	  0.544096	  0.570622	  0.600839	  0.630428	  0.655853	  0.681172	  0.702934	  0.722585	  0.739094	  0.753002	  0.764787	  0.770879	  0.775348	  0.778745	  0.781414	  0.783584	  0.785406	  0.786985	  0.788395	  0.789682	  0.790862	  0.791937	  0.792907	  0.793772	  0.794527	  0.795174	   0.79571	  0.796136	  0.796455	  0.796675	  0.796802	  0.796841	  0.796799	  0.796682	  0.796499	  0.796256	  0.795964	  0.795629
   763	     0	         0	         0	         0	         0	         0	         0	         0	         0	         0	         0	         0	         0	         0	         0	         0	         0	0.00164297	0.00329333	 0.0050766	 0.0070351	 0.0168791	  0.032558	  0.055467	 0.0850483	  0.118526	  0.163237	  0.219927	  0.303211	  0.357245	  0.395046	   0.42892	  0.468802	  0.517088	  0.554398	  0.582405	  0.614384	  0.643992	  0.668224	   0.69185	  0.711774	  0.729597	  0.744478	  0.757017	  0.767706	  0.773401	  0.777717	  0.781118	  0.783894	  0.786237	  0.788271	  0.790082	   0.79173	   0.79325	  0.794654	  0.795943	  0.797118	   0.79818	  0.799129	  0.799966	  0.800692	   0.80131	  0.801823	  0.802242	  0.802572	   0.80282	   0.80299	  0.803091	  0.803128	  0.803109	  0.803041	  0.802929
   764	     0	         0	         0	         0	         0	         0	         0	         0	         0	         0	         0	         0	         0	         0	         0	         0	         0	0.00156693	0.00314719	0.00485894	0.00674178	 0.0161731	  0.031198	 0.0531402	 0.0814523	  0.113461	  0.156208	  0.210374	  0.289877	  0.341483	  0.377119	  0.409473	  0.447741	  0.494114	  0.529619	  0.556071	  0.586123	  0.617386	  0.645118	   0.67286	  0.696751	  0.718239	   0.73629	    0.7515	  0.764404	  0.770911	  0.775704	  0.779389	  0.782333	  0.784774	  0.786863	  0.788704	   0.79037	  0.791901	  0.793313	   0.79461	  0.795794	  0.796867	  0.797828	   0.79868	  0.799423	   0.80006	  0.800595	  0.801036	   0.80139	  0.801663	  0.801859	  0.801986	   0.80205	  0.802058	  0.802016	  0.801932
   765	     0	         0	         0	         0	         0	         0	         0	         0	         0	         0	         0	         0	         0	         0	         0	         0	         0	0.00149725	0.00301597	0.00467083	0.00650156	 0.0156563	 0.0303067	 0.0517867	 0.0796083	  0.111181	   0.15347	  0.207196	  0.286213	  0.337817	  0.373443	  0.405945	  0.444309	  0.490697	  0.526169	  0.552559	  0.582453	  0.613974	  0.642175	  0.670484	   0.69487	  0.716794	  0.735222	  0.750748	  0.763915	  0.770521	  0.775376	  0.779102	  0.782076	  0.784542	  0.786655	  0.788519	  0.790206	  0.791758	  0.793192	  0.794514	  0.795726	  0.796829	  0.797825	  0.798716	  0.799501	  0.800181	  0.800761	  0.801249	  0.801648	  0.801964	  0.802201	  0.802365	  0.802462	  0.802496	  0.802475	  0.802403
   766	     0	         0	         0	         0	         0	         0	         0	         0	         0	         0	         0	         0	         0	         0	         0	         0	         0	0.00157111	 0.0031468	 0.0048492	0.00672012	 0.0161458	 0.0311825	 0.0531904	 0.0816594	  0.113941	  0.157199	  0.212223	  0.293243	  0.346118	  0.382861	  0.416125	  0.455354	  0.502777	  0.539167	   0.56631	  0.597138	  0.627743	  0.654111	  0.680256	  0.702599	  0.722659	   0.73948	   0.75365	  0.765684	  0.771844	   0.77641	  0.779935	   0.78276	  0.785108	  0.787123	  0.788903	  0.790517	  0.792005	  0.793382	  0.794651	  0.795813	  0.796869	  0.797817	  0.798657	  0.799391	  0.800018	  0.800542	   0.80097	  0.801308	  0.801561	  0.801733	  0.801831	  0.801862	   0.80183	  0.801744	   0.80161
   767	     0	         0	         0	         0	         0	         0	         0	         0	         0	         0	         0	         0	         0	         0	         0	         0	         0	0.00166036	0.00333042	0.00513756	0.00712482	 0.0171085	 0.0330234	  0.056292	 0.0863514	   0.12038	  0.165807	   0.22338	  0.307928	  0.362784	  0.401356	  0.435767	  0.476213	  0.525195	  0.563268	  0.592034	  0.624999	  0.654196	   0.67723	  0.699387	  0.717877	  0.734345	  0.748007	  0.759482	  0.769257	  0.774619	  0.778736	  0.782022	  0.784734	  0.787045	  0.789067	  0.790878	  0.792533	  0.794064	   0.79548	  0.796785	  0.797978	   0.79906	  0.800031	  0.800893	  0.801647	  0.802294	   0.80284	  0.803294	  0.803661	  0.803947	  0.804158	  0.804301	  0.804381	  0.804406	  0.804382	  0.804315
   768	     0	         0	         0	         0	         0	         0	         0	         0	         0	         0	         0	         0	         0	         0	         0	         0	         0	0.00157052	0.00312461	0.00478512	0.00659358	 0.0157485	   0.03027	 0.0514189	 0.0786501	  0.109393	  0.150532	   0.20277	  0.279477	  0.329357	  0.363582	  0.394849	  0.431926	  0.476764	  0.510804	  0.535966	  0.564359	  0.596671	  0.626916	  0.657799	  0.684725	  0.709024	  0.729523	  0.746777	  0.761344	  0.768518	  0.773697	  0.777602	  0.780664	  0.783162	  0.785271	  0.787113	   0.78877	   0.79029	  0.791691	  0.792976	  0.794149	   0.79521	  0.796158	  0.796994	  0.797719	  0.798334	  0.798843	  0.799254	  0.799575	  0.799809	  0.799964	  0.800045	   0.80006	  0.800015	  0.799918	  0.799776
   769	     0	         0	         0	         0	         0	         0	         0	         0	         0	         0	         0	         0	         0	         0	         0	         0	         0	0.00152202	0.00305951	0.00472972	0.00657336	 0.0158197	 0.0306039	 0.0522773	 0.0803599	  0.112261	  0.155068	  0.209611	  0.290015	  0.342758	  0.379454	  0.412896	  0.452331	  0.499963	  0.536555	  0.563966	  0.595037	  0.626141	  0.652995	  0.679565	  0.702229	  0.722531	  0.739541	  0.753865	  0.766031	  0.772199	   0.77677	  0.780302	  0.783138	  0.785499	  0.787527	  0.789319	  0.790943	  0.792437	  0.793815	   0.79508	  0.796235	  0.797278	  0.798209	  0.799029	  0.799738	  0.800337	  0.800831	  0.801226	  0.801529	  0.801745	  0.801878	  0.801937	  0.801927	  0.801854	  0.801727	  0.801551
   770	     0	         0	         0	         0	         0	         0	         0	         0	         0	         0	         0	         0	         0	         0	         0	         0	         0	0.00166936	0.00333558	0.00512467	0.00707812	 0.0169239	 0.0325406	 0.0552803	  0.084552	  0.117587	  0.161677	  0.217581	  0.299668	  0.352829	  0.389847	  0.423071	  0.462328	  0.509907	  0.546499	   0.57387	  0.605064	  0.635094	  0.660396	  0.685313	  0.706522	  0.725566	  0.741524	  0.754977	  0.766423	  0.772364	  0.776795	  0.780231	  0.782991	  0.785286	  0.787252	  0.788983	  0.790548	  0.791985	  0.793305	  0.794509	    0.7956	  0.796575	  0.797435	  0.798179	  0.798811	   0.79933	  0.799743	   0.80006	  0.800287	  0.800432	  0.800501	  0.800503	  0.800445	  0.800337	  0.800186	  0.800001
   771	     0	         0	         0	         0	         0	         0	         0	         0	         0	         0	         0	         0	         0	         0	         0	         0	         0	0.00154454	0.00309273	 0.0047637	0.00659823	 0.0158352	 0.0305556	 0.0520815	  0.079909	  0.111458	   0.15378	  0.207717	  0.287213	  0.339339	  0.375584	   0.40867	  0.447769	  0.495003	  0.531237	  0.558392	  0.589114	  0.620681	  0.648372	  0.675896	  0.699463	  0.720587	  0.738307	  0.753223	   0.76587	  0.772199	  0.776853	  0.780421	  0.783262	  0.785609	  0.787613	  0.789375	  0.790968	  0.792431	   0.79378	  0.795017	  0.796144	   0.79716	  0.798063	  0.798854	  0.799533	  0.800102	  0.800563	  0.800927	  0.801198	  0.801382	  0.801486	  0.801516	  0.801481	  0.801386	  0.801241	  0.801052
   772	     0	         0	         0	         0	         0	         0	         0	         0	         0	         0	         0	         0	         0	         0	         0	         0	         0	0.00165164	0.00330901	 0.0050993	0.00706561	 0.0169645	 0.0327396	 0.0558075	 0.0856212	  0.119398	  0.164567	  0.221943	  0.306336	  0.361258	  0.399862	  0.434352	  0.474897	  0.523939	   0.56197	   0.59063	  0.623397	  0.652566	  0.675735	  0.698118	  0.716868	  0.733611	  0.747539	  0.759249	  0.769219	  0.774667	  0.778827	  0.782122	  0.784821	  0.787105	  0.789092	  0.790863	  0.792478	   0.79397	   0.79535	  0.796619	   0.79778	  0.798832	  0.799773	  0.800605	  0.801328	  0.801944	  0.802456	  0.802873	  0.803201	  0.803445	  0.803611	  0.803705	  0.803733	  0.803704	  0.803623	  0.803498
   773	     0	         0	         0	         0	         0	         0	         0	         0	         0	         0	         0	         0	         0	         0	         0	         0	         0	0.00161757	0.00321472	0.00491958	0.00677551	  0.016203	 0.0311643	 0.0529781	 0.0811023	  0.112904	  0.155519	  0.209753	  0.289561	  0.341575	  0.377629	  0.410296	  0.448922	  0.495589	  0.531194	  0.557605	  0.587494	  0.618387	  0.645764	  0.673214	  0.696914	  0.718298	   0.73632	  0.751538	  0.764459	  0.771026	  0.775855	   0.77955	  0.782483	  0.784896	  0.786948	  0.788746	  0.790367	  0.791855	  0.793226	  0.794484	  0.795631	  0.796667	  0.797592	  0.798405	  0.799107	  0.799699	  0.800184	  0.800569	  0.800862	  0.801066	  0.801187	  0.801233	  0.801209	  0.801123	  0.800983	  0.800794
   774	     0	         0	         0	         0	         0	         0	         0	         0	         0	         0	         0	         0	         0	         0	         0	         0	         0	0.00161248	0.00320774	0.00491277	0.00677042	  0.016176	  0.031099	  0.052833	 0.0808148	  0.112396	  0.154614	  0.208176	  0.286788	  0.337774	  0.372893	  0.404737	  0.442441	  0.488057	  0.522757	   0.54841	  0.577453	  0.608768	  0.637233	  0.666027	  0.691052	  0.713674	  0.732761	  0.748874	  0.762539	  0.769413	  0.774439	   0.77827	  0.781302	  0.783792	  0.785906	  0.787756	  0.789421	  0.790946	   0.79235	  0.793638	  0.794812	  0.795873	  0.796823	  0.797663	  0.798393	  0.799016	  0.799535	  0.799959	  0.800294	  0.800546	   0.80072	  0.800823	  0.800862	  0.800844	  0.800775	  0.800663
   775	     0	         0	         0	         0	         0	         0	         0	         0	         0	         0	         0	         0	         0	         0	         0	         0	         0	0.00176837	0.00352649	0.00540888	0.00745954	 0.0178195	 0.0342312	 0.0581042	 0.0888029	  0.123406	  0.169477	  0.227754	  0.313096	  0.368085	  0.406708	  0.440704	  0.480712	  0.529216	  0.566802	  0.594992	  0.627325	  0.655626	  0.677898	   0.69947	  0.717564	  0.733775	  0.747265	  0.758602	  0.768245	  0.773616	  0.777712	  0.780944	  0.783574	  0.785785	  0.787693	  0.789384	  0.790917	  0.792327	  0.793625	  0.794811	  0.795887	   0.79685	    0.7977	  0.798439	  0.799066	  0.799583	  0.799994	  0.800309	  0.800534	  0.800675	  0.800738	  0.800731	  0.800661	  0.800536	  0.800363	  0.800149
   776	     0	         0	         0	         0	         0	         0	         0	         0	         0	         0	         0	         0	         0	         0	         0	         0	         0	0.00166036	0.00333042	0.00513756	0.00712482	 0.0171085	 0.0330234	  0.056292	 0.0863514	   0.12038	  0.165807	   0.22338	  0.307928	  0.362784	  0.401356	  0.435767	  0.476213	  0.525195	  0.563268	  0.592034	  0.624999	  0.654196	   0.67723	  0.699387	  0.717877	  0.734345	  0.748007	  0.759482	  0.769257	  0.774619	  0.778736	  0.782022	  0.784734	  0.787045	  0.789067	  0.790878	  0.792533	  0.794064	   0.79548	  0.796785	  0.797978	   0.79906	  0.800031	  0.800893	  0.801647	  0.802294	   0.80284	  0.803294	  0.803661	  0.803947	  0.804158	  0.804301	  0.804381	  0.804406	  0.804382	  0.804315
   777	     0	         0	         0	         0	         0	         0	         0	         0	         0	         0	         0	         0	         0	         0	         0	         0	         0	0.00169574	0.00337713	0.00517718	0.00714051	 0.0170891	  0.032888	  0.055931	  0.085641	  0.119224	  0.164097	  0.221038	  0.304675	  0.358919	  0.396957	  0.430871	  0.470807	  0.519141	  0.556522	  0.584574	  0.616635	  0.646045	  0.669996	  0.693314	  0.712992	  0.730607	  0.745289	  0.757639	  0.768147	  0.773785	  0.778056	  0.781418	  0.784158	  0.786469	  0.788474	  0.790261	   0.79189	  0.793398	  0.794797	  0.796089	  0.797275	  0.798353	  0.799325	   0.80019	  0.800948	  0.801601	  0.802152	  0.802609	  0.802978	  0.803264	  0.803472	  0.803608	  0.803678	   0.80369	  0.803649	  0.803563
   778	     0	         0	         0	         0	         0	         0	         0	         0	         0	         0	         0	         0	         0	         0	         0	         0	         0	 0.0015867	0.00318347	0.00491133	0.00681155	 0.0163518	 0.0315616	 0.0538029	 0.0825521	  0.115135	  0.158754	  0.214215	  0.295856	   0.34919	  0.386481	  0.420291	  0.460173	   0.50843	   0.54573	  0.573895	  0.605965	  0.636771	  0.662491	  0.687547	  0.708674	  0.727482	  0.743143	  0.756295	  0.767469	  0.773172	   0.77744	  0.780777	  0.783486	  0.785766	  0.787743	  0.789503	  0.791106	  0.792586	  0.793954	  0.795207	  0.796348	  0.797373	  0.798282	  0.799075	  0.799753	  0.800319	  0.800778	  0.801138	  0.801408	  0.801593	  0.801701	   0.80174	  0.801718	  0.801641	  0.801519	  0.801358
   779	     0	         0	         0	         0	         0	         0	         0	         0	         0	         0	         0	         0	         0	         0	         0	         0	         0	   0.00159	0.00319568	0.00493708	0.00685481	 0.0164662	 0.0317948	 0.0542135	 0.0831865	  0.116004	  0.159875	  0.215547	  0.297413	  0.350649	  0.387746	  0.421253	  0.460764	  0.508611	  0.545499	  0.573182	  0.604707	  0.635103	  0.660673	  0.685787	  0.707064	   0.72609	     0.742	  0.755397	  0.766795	  0.772678	  0.777078	  0.780508	  0.783281	  0.785602	  0.787604	  0.789377	  0.790985	  0.792464	  0.793826	  0.795071	  0.796202	  0.797219	   0.79812	  0.798907	  0.799583	  0.800148	  0.800608	  0.800972	  0.801247	   0.80144	  0.801556	  0.801604	   0.80159	  0.801522	  0.801407	  0.801253
   780	     0	         0	         0	         0	         0	         0	         0	         0	         0	         0	         0	         0	         0	         0	         0	         0	         0	0.00161248	0.00320774	0.00491277	0.00677042	  0.016176	  0.031099	  0.052833	 0.0808148	  0.112396	  0.154614	  0.208176	  0.286788	  0.337774	  0.372893	  0.404737	  0.442441	  0.488057	  0.522757	   0.54841	  0.577453	  0.608768	  0.637233	  0.666027	  0.691052	  0.713674	  0.732761	  0.748874	  0.762539	  0.769413	  0.774439	   0.77827	  0.781302	  0.783792	  0.785906	  0.787756	  0.789421	  0.790946	   0.79235	  0.793638	  0.794812	  0.795873	  0.796823	  0.797663	  0.798393	  0.799016	  0.799535	  0.799959	  0.800294	  0.800546	   0.80072	  0.800823	  0.800862	  0.800844	  0.800775	  0.800663
   781	     0	         0	         0	         0	         0	         0	         0	         0	         0	         0	         0	         0	         0	         0	         0	         0	         0	0.00151479	0.00306235	0.00475512	0.00663147	 0.0159722	 0.0309164	 0.0528168	  0.081167	  0.113319	  0.156306	  0.210824	  0.290955	  0.343158	  0.379314	  0.412238	  0.451099	  0.498174	  0.534344	  0.561411	  0.592161	  0.623368	  0.650536	   0.67751	  0.700519	  0.721114	  0.738375	  0.752914	  0.765267	  0.771501	  0.776121	  0.779696	  0.782573	  0.784973	  0.787039	  0.788868	  0.790525	  0.792049	  0.793452	  0.794738	  0.795908	  0.796963	  0.797902	  0.798729	  0.799445	  0.800052	  0.800554	  0.800961	  0.801279	  0.801515	  0.801673	  0.801762	  0.801786	  0.801753	  0.801671	  0.801544
   782	     0	         0	         0	         0	         0	         0	         0	         0	         0	         0	         0	         0	         0	         0	         0	         0	         0	0.00155484	 0.0031099	0.00478611	0.00662494	 0.0158989	 0.0306773	 0.0522899	 0.0802328	  0.111912	  0.154408	  0.208542	  0.288298	  0.340494	  0.376704	  0.409666	  0.448599	   0.49563	  0.531611	  0.558424	  0.588766	  0.619939	  0.647373	  0.674753	  0.698264	  0.719397	  0.737162	  0.752137	  0.764846	  0.771255	  0.775968	   0.77958	  0.782452	  0.784822	  0.786843	  0.788618	  0.790221	  0.791692	  0.793048	  0.794292	  0.795425	  0.796446	  0.797355	  0.798152	  0.798837	  0.799411	  0.799878	  0.800245	   0.80052	  0.800707	  0.800811	  0.800841	  0.800802	  0.800703	  0.800549	   0.80035
   783	     0	         0	         0	         0	         0	         0	         0	         0	         0	         0	         0	         0	         0	         0	         0	         0	         0	0.00151095	0.00304057	0.00470512	0.00654499	 0.0157565	 0.0304948	  0.052103	 0.0800963	  0.111877	   0.15447	  0.208628	  0.288336	  0.340487	  0.376654	  0.409656	  0.448605	  0.495712	  0.531917	  0.559048	  0.589852	  0.621374	  0.648937	  0.676261	  0.699597	  0.720464	  0.737906	  0.752557	  0.764972	  0.771174	  0.775749	  0.779278	  0.782111	  0.784474	  0.786507	  0.788308	  0.789944	  0.791452	  0.792846	  0.794129	  0.795303	  0.796367	  0.797322	  0.798168	  0.798907	  0.799539	  0.800068	  0.800503	  0.800849	  0.801112	  0.801296	  0.801409	  0.801456	  0.801443	  0.801378	  0.801267
   784	     0	         0	         0	         0	         0	         0	         0	         0	         0	         0	         0	         0	         0	         0	         0	         0	         0	0.00160738	0.00322028	0.00496225	0.00687521	 0.0164947	  0.031819	 0.0542127	 0.0831348	  0.115877	  0.159666	  0.215281	  0.297064	  0.350262	  0.387296	  0.420658	  0.459981	  0.507522	  0.544008	  0.571221	  0.602147	  0.632281	  0.657936	  0.683349	  0.705045	   0.72456	  0.740961	  0.754816	  0.766616	  0.772759	  0.777347	  0.780911	  0.783778	  0.786167	   0.78822	  0.790034	  0.791676	  0.793186	  0.794579	  0.795858	  0.797025	  0.798081	  0.799025	  0.799858	  0.800582	  0.801198	  0.801709	  0.802123	  0.802448	  0.802687	  0.802847	  0.802934	  0.802954	  0.802916	  0.802824	  0.802687
   785	     0	         0	         0	         0	         0	         0	         0	         0	         0	         0	         0	         0	         0	         0	         0	         0	         0	 0.0015867	0.00318347	0.00491133	0.00681155	 0.0163518	 0.0315616	 0.0538029	 0.0825521	  0.115135	  0.158754	  0.214215	  0.295856	   0.34919	  0.386481	  0.420291	  0.460173	   0.50843	   0.54573	  0.573895	  0.605965	  0.636771	  0.662491	  0.687547	  0.708674	  0.727482	  0.743143	  0.756295	  0.767469	  0.773172	   0.77744	  0.780777	  0.783486	  0.785766	  0.787743	  0.789503	  0.791106	  0.792586	  0.793954	  0.795207	  0.796348	  0.797373	  0.798282	  0.799075	  0.799753	  0.800319	  0.800778	  0.801138	  0.801408	  0.801593	  0.801701	   0.80174	  0.801718	  0.801641	  0.801519	  0.801358
   786	     0	         0	         0	         0	         0	         0	         0	         0	         0	         0	         0	         0	         0	         0	         0	         0	         0	0.00159817	0.00320575	0.00494252	0.00684857	 0.0164276	 0.0316745	 0.0539472	 0.0827147	  0.115303	  0.158943	  0.214466	  0.296257	   0.34969	  0.387079	  0.420991	  0.461053	  0.509588	  0.547204	  0.575705	  0.608209	    0.6391	  0.664686	  0.689487	  0.710353	  0.728888	  0.744261	  0.757126	  0.768019	  0.773552	  0.777674	  0.780881	  0.783474	  0.785647	  0.787522	  0.789186	  0.790698	  0.792091	  0.793373	  0.794545	  0.795606	  0.796552	  0.797383	  0.798099	  0.798699	  0.799186	  0.799565	  0.799844	  0.800032	  0.800134	  0.800157	  0.800111	  0.800002	  0.799839	  0.799631	  0.799386
   787	     0	         0	         0	         0	         0	         0	         0	         0	         0	         0	         0	         0	         0	         0	         0	         0	         0	0.00158949	0.00318649	0.00491441	 0.0068158	 0.0163792	 0.0316428	 0.0539907	 0.0829084	  0.115712	  0.159652	  0.215549	  0.297876	  0.351611	   0.38915	  0.423005	  0.462843	  0.510952	  0.547953	  0.575619	  0.607039	  0.637017	  0.662133	  0.686872	  0.707861	  0.726695	  0.742505	  0.755865	  0.767259	  0.773242	   0.77774	  0.781255	  0.784099	  0.786482	  0.788538	   0.79036	  0.792013	  0.793535	  0.794938	  0.796228	  0.797405	  0.798469	   0.79942	   0.80026	  0.800989	  0.801608	  0.802122	   0.80254	  0.802866	  0.803107	  0.803268	  0.803356	  0.803377	  0.803337	  0.803245	  0.803107
   788	     0	         0	         0	         0	         0	         0	         0	         0	         0	         0	         0	         0	         0	         0	         0	         0	         0	0.00161248	0.00320774	0.00491277	0.00677042	  0.016176	  0.031099	  0.052833	 0.0808148	  0.112396	  0.154614	  0.208176	  0.286788	  0.337774	  0.372893	  0.404737	  0.442441	  0.488057	  0.522757	   0.54841	  0.577453	  0.608768	  0.637233	  0.666027	  0.691052	  0.713674	  0.732761	  0.748874	  0.762539	  0.769413	  0.774439	   0.77827	  0.781302	  0.783792	  0.785906	  0.787756	  0.789421	  0.790946	   0.79235	  0.793638	  0.794812	  0.795873	  0.796823	  0.797663	  0.798393	  0.799016	  0.799535	  0.799959	  0.800294	  0.800546	   0.80072	  0.800823	  0.800862	  0.800844	  0.800775	  0.800663
   789	     0	         0	         0	         0	         0	         0	         0	         0	         0	         0	         0	         0	         0	         0	         0	         0	         0	 0.0015867	0.00318347	0.00491133	0.00681155	 0.0163518	 0.0315616	 0.0538029	 0.0825521	  0.115135	  0.158754	  0.214215	  0.295856	   0.34919	  0.386481	  0.420291	  0.460173	   0.50843	   0.54573	  0.573895	  0.605965	  0.636771	  0.662491	  0.687547	  0.708674	  0.727482	  0.743143	  0.756295	  0.767469	  0.773172	   0.77744	  0.780777	  0.783486	  0.785766	  0.787743	  0.789503	  0.791106	  0.792586	  0.793954	  0.795207	  0.796348	  0.797373	  0.798282	  0.799075	  0.799753	  0.800319	  0.800778	  0.801138	  0.801408	  0.801593	  0.801701	   0.80174	  0.801718	  0.801641	  0.801519	  0.801358
   790	     0	         0	         0	         0	         0	         0	         0	         0	         0	         0	         0	         0	         0	         0	         0	         0	         0	0.00165105	0.00329878	0.00506767	0.00699859	 0.0167308	 0.0321658	 0.0546384	 0.0835595	  0.116187	  0.159725	  0.214885	  0.295854	  0.348198	  0.384482	  0.417136	  0.455757	  0.502576	  0.538459	  0.565174	  0.595568	  0.626028	  0.652463	  0.678795	  0.701385	  0.721718	  0.738806	  0.753217	  0.765458	  0.771722	  0.776352	  0.779912	   0.78275	  0.785094	  0.787091	  0.788844	  0.790423	   0.79187	  0.793199	  0.794412	  0.795513	    0.7965	  0.797373	  0.798134	  0.798783	  0.799323	  0.799758	  0.800097	  0.800347	  0.800514	  0.800604	  0.800626	  0.800586	  0.800492	  0.800351	  0.800172
   791	     0	         0	         0	         0	         0	         0	         0	         0	         0	         0	         0	         0	         0	         0	         0	         0	         0	0.00160283	0.00321526	0.00495737	0.00686959	 0.0164758	 0.0317674	 0.0541067	 0.0829649	  0.115663	  0.159449	  0.215163	  0.297264	  0.350923	  0.388526	  0.422602	  0.462814	  0.511496	  0.549236	   0.57784	  0.610443	  0.641224	  0.666555	  0.691075	  0.711607	  0.729804	   0.74489	  0.757509	  0.768196	  0.773609	  0.777642	  0.780781	  0.783322	  0.785453	  0.787298	  0.788939	  0.790434	  0.791815	  0.793089	  0.794254	  0.795308	  0.796248	   0.79707	  0.797774	  0.798361	  0.798831	   0.79919	  0.799445	  0.799606	  0.799679	  0.799671	  0.799589	  0.799443	  0.799241	   0.79899	    0.7987
   792	     0	         0	         0	         0	         0	         0	         0	         0	         0	         0	         0	         0	         0	         0	         0	         0	         0	0.00159087	0.00318607	 0.0049085	0.00679998	 0.0163195	 0.0314911	 0.0536726	 0.0823343	  0.114797	  0.158235	  0.213406	  0.294546	  0.347399	  0.384201	  0.417501	  0.456783	  0.504307	  0.540887	  0.568294	  0.599476	  0.630227	  0.656523	  0.682456	  0.704542	  0.724317	  0.740859	  0.754783	  0.766614	  0.772679	  0.777203	  0.780727	  0.783577	  0.785969	  0.788039	  0.789881	  0.791559	  0.793112	  0.794553	  0.795883	  0.797105	  0.798217	   0.79922	  0.800115	  0.800902	  0.801582	   0.80216	  0.802643	  0.803037	  0.803348	   0.80358	   0.80374	  0.803834	  0.803869	  0.803851	  0.803787
   793	     0	         0	         0	         0	         0	         0	         0	         0	         0	         0	         0	         0	         0	         0	         0	         0	         0	0.00158249	0.00317575	0.00489905	0.00679229	 0.0162932	 0.0314225	  0.053521	 0.0820432	  0.114305	  0.157411	   0.21206	  0.292348	  0.344451	  0.380517	  0.413185	   0.45179	  0.498561	  0.534408	  0.561115	  0.591458	   0.62236	  0.649411	  0.676382	    0.6995	  0.720263	    0.7377	  0.752398	  0.764881	  0.771212	  0.775888	   0.77949	  0.782372	  0.784763	  0.786812	  0.788618	  0.790253	  0.791756	  0.793142	  0.794412	   0.79557	  0.796615	  0.797546	  0.798366	  0.799076	  0.799677	  0.800174	  0.800576	  0.800889	   0.80112	  0.801274	  0.801358	  0.801379	  0.801343	  0.801259	  0.801132
   794	     0	         0	         0	         0	         0	         0	         0	         0	         0	         0	         0	         0	         0	         0	         0	         0	         0	0.00156037	0.00314804	0.00488123	0.00680064	 0.0163879	 0.0317326	 0.0542381	 0.0833976	    0.1165	  0.160783	  0.216999	  0.299713	  0.353626	  0.391278	  0.425267	  0.465249	  0.513626	  0.551002	  0.579087	  0.611112	   0.64115	  0.665929	  0.690118	  0.710499	  0.728699	  0.743893	  0.756693	  0.767604	  0.773346	  0.777689	   0.78111	  0.783905	  0.786268	  0.788323	  0.790156	  0.791826	  0.793368	  0.794794	  0.796105	  0.797304	  0.798391	  0.799365	  0.800228	  0.800983	   0.80163	  0.802175	  0.802625	  0.802988	  0.803267	  0.803469	  0.803601	  0.803667	  0.803675	  0.803631	  0.803542
   795	     0	         0	         0	         0	         0	         0	         0	         0	         0	         0	         0	         0	         0	         0	         0	         0	         0	 0.0015867	0.00318347	0.00491133	0.00681155	 0.0163518	 0.0315616	 0.0538029	 0.0825521	  0.115135	  0.158754	  0.214215	  0.295856	   0.34919	  0.386481	  0.420291	  0.460173	   0.50843	   0.54573	  0.573895	  0.605965	  0.636771	  0.662491	  0.687547	  0.708674	  0.727482	  0.743143	  0.756295	  0.767469	  0.773172	   0.77744	  0.780777	  0.783486	  0.785766	  0.787743	  0.789503	  0.791106	  0.792586	  0.793954	  0.795207	  0.796348	  0.797373	  0.798282	  0.799075	  0.799753	  0.800319	  0.800778	  0.801138	  0.801408	  0.801593	  0.801701	   0.80174	  0.801718	  0.801641	  0.801519	  0.801358
   796	     0	         0	         0	         0	         0	         0	         0	         0	         0	         0	         0	         0	         0	         0	         0	         0	         0	0.00163005	0.00325672	0.00500207	 0.0069061	 0.0165045	 0.0317216	 0.0538725	   0.08238	  0.114551	  0.157519	   0.21201	  0.292068	  0.343971	  0.379956	  0.412572	  0.451219	  0.498105	   0.53415	   0.56116	  0.591886	  0.623151	  0.650398	  0.677397	  0.700459	  0.721091	   0.73834	   0.75282	  0.765078	  0.771184	  0.775661	  0.779089	  0.781818	  0.784069	  0.785988	  0.787673	  0.789192	  0.790584	  0.791861	  0.793024	  0.794072	  0.795004	   0.79582	  0.796519	  0.797104	  0.797576	  0.797942	  0.798211	   0.79839	  0.798489	  0.798512	  0.798471	  0.798372	  0.798224	  0.798035	  0.797814
   797	     0	         0	         0	         0	         0	         0	         0	         0	         0	         0	         0	         0	         0	         0	         0	         0	         0	0.00165655	0.00329547	0.00504701	  0.006955	 0.0166249	 0.0319673	 0.0543217	 0.0831151	  0.115629	  0.159082	   0.21422	  0.295198	  0.347656	  0.384033	  0.416723	  0.455332	  0.502032	  0.537708	  0.564141	  0.594154	  0.624399	  0.650808	  0.677229	  0.699978	  0.720517	  0.737825	  0.752455	  0.764899	  0.771315	  0.776064	   0.77972	  0.782637	  0.785048	  0.787106	  0.788914	  0.790547	  0.792046	  0.793428	  0.794697	  0.795856	  0.796904	  0.797842	  0.798671	  0.799391	  0.800002	  0.800511	  0.800924	  0.801247	  0.801486	  0.801645	  0.801733	  0.801756	  0.801719	  0.801631	  0.801499
   798	     0	         0	         0	         0	         0	         0	         0	         0	         0	         0	         0	         0	         0	         0	         0	         0	         0	0.00165217	0.00331086	0.00510444	0.00707669	 0.0170094	 0.0328563	 0.0560552	 0.0860647	  0.120088	  0.165585	  0.223348	  0.308298	  0.363535	  0.402409	  0.437053	   0.47772	  0.526904	   0.56509	   0.59385	  0.626755	  0.655575	  0.678194	  0.699993	  0.718193	   0.73444	  0.747945	  0.759308	  0.768998	  0.774399	  0.778556	  0.781874	  0.784607	  0.786932	  0.788962	  0.790776	   0.79243	  0.793956	  0.795367	  0.796664	   0.79785	  0.798926	  0.799891	  0.800747	  0.801497	   0.80214	  0.802682	  0.803131	  0.803494	  0.803774	  0.803978	  0.804112	  0.804181	  0.804192	  0.804151	  0.804065
   799	     0	         0	         0	         0	         0	         0	         0	         0	         0	         0	         0	         0	         0	         0	         0	         0	         0	0.00157913	 0.0031598	0.00486527	0.00673781	 0.0161821	 0.0312414	 0.0532782	  0.081779	  0.114093	  0.157397	  0.212486	  0.293605	  0.346503	  0.383258	  0.416491	  0.455669	  0.503002	  0.539247	  0.566192	  0.596748	  0.627115	  0.653352	  0.679473	  0.701847	  0.721988	  0.738935	  0.753252	  0.765437	  0.771728	  0.776403	  0.780016	  0.782911	  0.785315	  0.787374	  0.789189	  0.790829	  0.792337	  0.793726	  0.795002	  0.796166	  0.797221	  0.798164	  0.798998	  0.799722	  0.800339	  0.800851	  0.801266	  0.801591	  0.801829	  0.801987	   0.80207	  0.802084	  0.802036	  0.801934	  0.801782
   800	     0	         0	         0	         0	         0	         0	         0	         0	         0	         0	         0	         0	         0	         0	         0	         0	         0	0.00178735	 0.0035211	0.00534299	0.00729968	 0.0173131	 0.0330672	 0.0558663	 0.0850608	  0.117849	  0.161553	  0.216879	   0.29788	  0.349961	  0.385987	  0.418084	  0.456132	  0.502255	  0.537402	  0.563324	  0.592839	  0.622766	  0.649049	  0.675397	  0.698189	  0.718819	  0.736193	  0.750854	  0.763297	  0.769673	   0.77435	  0.777911	   0.78072	  0.783016	  0.784955	  0.786645	  0.788163	  0.789553	  0.790831	  0.791999	  0.793058	  0.794007	  0.794845	  0.795571	  0.796186	   0.79669	  0.797087	  0.797384	   0.79759	  0.797709	  0.797747	  0.797712	  0.797612	  0.797454	  0.797246	  0.796995
   801	     0	         0	         0	         0	         0	         0	         0	         0	         0	         0	         0	         0	         0	         0	         0	         0	         0	 0.0016584	0.00330099	0.00505522	0.00696341	 0.0166351	  0.031959	 0.0542709	 0.0830013	  0.115454	  0.158873	  0.214076	  0.295294	  0.348112	  0.384916	  0.418125	  0.457398	   0.50493	  0.541443	  0.568765	  0.599806	  0.630373	  0.656508	  0.682321	  0.704336	  0.724081	  0.740629	  0.754563	  0.766393	  0.772429	  0.776894	  0.780332	  0.783077	  0.785347	  0.787285	   0.78899	   0.79053	  0.791946	  0.793249	  0.794441	  0.795522	  0.796489	  0.797342	   0.79808	  0.798704	  0.799214	  0.799616	  0.799919	  0.800129	  0.800253	  0.800298	  0.800271	  0.800181	  0.800037	  0.799845	  0.799615
   802	     0	         0	         0	         0	         0	         0	         0	         0	         0	         0	         0	         0	         0	         0	         0	         0	         0	0.00161612	0.00320356	0.00489068	0.00672081	 0.0160366	 0.0307874	 0.0522549	 0.0798838	  0.111074	  0.152845	   0.20597	  0.284079	    0.3349	  0.369949	   0.40182	  0.439577	  0.485194	  0.519839	  0.545439	  0.574327	  0.605921	  0.634881	  0.664281	  0.689835	  0.712921	  0.732426	  0.748887	  0.762827	  0.769789	  0.774852	  0.778687	  0.781703	  0.784166	  0.786247	  0.788063	  0.789695	  0.791191	  0.792568	  0.793831	  0.794981	  0.796018	  0.796941	   0.79775	  0.798447	   0.79903	  0.799505	   0.79988	  0.800161	  0.800353	  0.800462	  0.800496	  0.800462	  0.800366	  0.800217	  0.800022
   803	     0	         0	         0	         0	         0	         0	         0	         0	         0	         0	         0	         0	         0	         0	         0	         0	         0	0.00161682	0.00323113	0.00496935	0.00687462	 0.0164812	 0.0317763	 0.0541168	 0.0829574	  0.115591	  0.159241	  0.214688	  0.296193	  0.349183	  0.385978	  0.419078	  0.458101	  0.505256	  0.541298	  0.568032	  0.598376	  0.628365	  0.654211	  0.679984	  0.702114	    0.7221	  0.738952	  0.753216	   0.76537	  0.771699	  0.776409	  0.780048	  0.782959	   0.78537	  0.787429	  0.789239	  0.790872	   0.79237	  0.793748	  0.795013	  0.796167	   0.79721	  0.798142	  0.798966	  0.799681	  0.800289	  0.800793	  0.801203	  0.801523	  0.801759	  0.801916	  0.802002	  0.802022	  0.801983	  0.801894	   0.80176
   804	     0	         0	         0	         0	         0	         0	         0	         0	         0	         0	         0	         0	         0	         0	         0	         0	         0	0.00149203	0.00300717	0.00465939	0.00648812	 0.0156174	 0.0302255	 0.0516329	 0.0793462	  0.110777	  0.152843	  0.206238	  0.284671	  0.335894	  0.371227	  0.403544	  0.441724	  0.487919	  0.523274	  0.549645	  0.579538	  0.611439	  0.640112	  0.668854	  0.693613	  0.715838	   0.73449	  0.750186	  0.763491	  0.770119	   0.77499	  0.778737	  0.781738	  0.784235	  0.786381	   0.78828	  0.790002	  0.791588	  0.793054	  0.794405	  0.795643	   0.79677	  0.797787	  0.798696	  0.799498	  0.800195	  0.800791	  0.801294	  0.801709	  0.802043	    0.8023	  0.802485	  0.802606	  0.802667	  0.802675	  0.802636
   805	     0	         0	         0	         0	         0	         0	         0	         0	         0	         0	         0	         0	         0	         0	         0	         0	         0	0.00154982	0.00312424	0.00483814	0.00673013	  0.016185	 0.0312783	 0.0533678	 0.0819326	  0.114308	  0.157615	  0.212601	   0.29352	  0.346232	  0.382871	   0.41615	  0.455451	  0.503081	  0.539805	  0.567407	  0.598809	  0.629807	   0.65627	  0.682339	  0.704457	  0.724203	  0.740695	   0.75455	  0.766301	  0.772231	  0.776615	  0.779998	  0.782708	  0.784957	  0.786882	  0.788577	  0.790106	  0.791506	   0.79279	  0.793958	  0.795012	  0.795952	  0.796776	  0.797487	  0.798085	  0.798572	  0.798955	  0.799241	  0.799439	  0.799554	  0.799595	  0.799567	   0.79948	  0.799341	  0.799157	  0.798937
   806	     0	         0	         0	         0	         0	         0	         0	         0	         0	         0	         0	         0	         0	         0	         0	         0	         0	0.00175597	0.00347293	0.00529125	0.00725741	 0.0173146	 0.0332174	 0.0563471	  0.086097	  0.119657	  0.164512	  0.221481	  0.305094	  0.359218	   0.39709	  0.430647	  0.470221	  0.518101	  0.554915	  0.582297	  0.613531	  0.642485	  0.666424	  0.689988	  0.710074	   0.72819	   0.74338	  0.756195	  0.767096	  0.772967	  0.777373	  0.780798	  0.783547	   0.78583	  0.787783	  0.789505	  0.791062	  0.792497	  0.793823	  0.795045	  0.796164	  0.797178	  0.798087	  0.798891	  0.799588	  0.800179	  0.800667	  0.801058	  0.801359	  0.801574	  0.801707	  0.801767	  0.801757	  0.801687	  0.801562	  0.801389
   807	     0	         0	         0	         0	         0	         0	         0	         0	         0	         0	         0	         0	         0	         0	         0	         0	         0	0.00166036	0.00333042	0.00513756	0.00712482	 0.0171085	 0.0330234	  0.056292	 0.0863514	   0.12038	  0.165807	   0.22338	  0.307928	  0.362784	  0.401356	  0.435767	  0.476213	  0.525195	  0.563268	  0.592034	  0.624999	  0.654196	   0.67723	  0.699387	  0.717877	  0.734345	  0.748007	  0.759482	  0.769257	  0.774619	  0.778736	  0.782022	  0.784734	  0.787045	  0.789067	  0.790878	  0.792533	  0.794064	   0.79548	  0.796785	  0.797978	   0.79906	  0.800031	  0.800893	  0.801647	  0.802294	   0.80284	  0.803294	  0.803661	  0.803947	  0.804158	  0.804301	  0.804381	  0.804406	  0.804382	  0.804315
   808	     0	         0	         0	         0	         0	         0	         0	         0	         0	         0	         0	         0	         0	         0	         0	         0	         0	 0.0016542	0.00328053	0.00500983	0.00688599	 0.0164203	 0.0315116	 0.0534566	 0.0816768	  0.113501	  0.156055	    0.2101	  0.289464	  0.340964	  0.376565	  0.408737	  0.446819	  0.492848	  0.527863	  0.553745	  0.583036	  0.613955	  0.641749	  0.669799	  0.694162	  0.716215	  0.734848	  0.750602	   0.76398	  0.770784	   0.77578	  0.779597	   0.78262	  0.785105	  0.787214	   0.78906	  0.790724	  0.792249	  0.793655	  0.794947	  0.796127	  0.797196	  0.798153	     0.799	  0.799737	  0.800365	  0.800887	  0.801312	  0.801645	  0.801892	  0.802057	  0.802148	   0.80217	  0.802132	   0.80204	  0.801902
   809	     0	         0	         0	         0	         0	         0	         0	         0	         0	         0	         0	         0	         0	         0	         0	         0	         0	 0.0015867	0.00318347	0.00491133	0.00681155	 0.0163518	 0.0315616	 0.0538029	 0.0825521	  0.115135	  0.158754	  0.214215	  0.295856	   0.34919	  0.386481	  0.420291	  0.460173	   0.50843	   0.54573	  0.573895	  0.605965	  0.636771	  0.662491	  0.687547	  0.708674	  0.727482	  0.743143	  0.756295	  0.767469	  0.773172	   0.77744	  0.780777	  0.783486	  0.785766	  0.787743	  0.789503	  0.791106	  0.792586	  0.793954	  0.795207	  0.796348	  0.797373	  0.798282	  0.799075	  0.799753	  0.800319	  0.800778	  0.801138	  0.801408	  0.801593	  0.801701	   0.80174	  0.801718	  0.801641	  0.801519	  0.801358
   810	     0	         0	         0	         0	         0	         0	         0	         0	         0	         0	         0	         0	         0	         0	         0	         0	         0	0.00151479	0.00306235	0.00475512	0.00663147	 0.0159722	 0.0309164	 0.0528168	  0.081167	  0.113319	  0.156306	  0.210824	  0.290955	  0.343158	  0.379314	  0.412238	  0.451099	  0.498174	  0.534344	  0.561411	  0.592161	  0.623368	  0.650536	   0.67751	  0.700519	  0.721114	  0.738375	  0.752914	  0.765267	  0.771501	  0.776121	  0.779696	  0.782573	  0.784973	  0.787039	  0.788868	  0.790525	  0.792049	  0.793452	  0.794738	  0.795908	  0.796963	  0.797902	  0.798729	  0.799445	  0.800052	  0.800554	  0.800961	  0.801279	  0.801515	  0.801673	  0.801762	  0.801786	  0.801753	  0.801671	  0.801544
   811	     0	         0	         0	         0	         0	         0	         0	         0	         0	         0	         0	         0	         0	         0	         0	         0	         0	 0.0016584	0.00330099	0.00505522	0.00696341	 0.0166351	  0.031959	 0.0542709	 0.0830013	  0.115454	  0.158873	  0.214076	  0.295294	  0.348112	  0.384916	  0.418125	  0.457398	   0.50493	  0.541443	  0.568765	  0.599806	  0.630373	  0.656508	  0.682321	  0.704336	  0.724081	  0.740629	  0.754563	  0.766393	  0.772429	  0.776894	  0.780332	  0.783077	  0.785347	  0.787285	   0.78899	   0.79053	  0.791946	  0.793249	  0.794441	  0.795522	  0.796489	  0.797342	   0.79808	  0.798704	  0.799214	  0.799616	  0.799919	  0.800129	  0.800253	  0.800298	  0.800271	  0.800181	  0.800037	  0.799845	  0.799615
   812	     0	         0	         0	         0	         0	         0	         0	         0	         0	         0	         0	         0	         0	         0	         0	         0	         0	0.00166036	0.00333042	0.00513756	0.00712482	 0.0171085	 0.0330234	  0.056292	 0.0863514	   0.12038	  0.165807	   0.22338	  0.307928	  0.362784	  0.401356	  0.435767	  0.476213	  0.525195	  0.563268	  0.592034	  0.624999	  0.654196	   0.67723	  0.699387	  0.717877	  0.734345	  0.748007	  0.759482	  0.769257	  0.774619	  0.778736	  0.782022	  0.784734	  0.787045	  0.789067	  0.790878	  0.792533	  0.794064	   0.79548	  0.796785	  0.797978	   0.79906	  0.800031	  0.800893	  0.801647	  0.802294	   0.80284	  0.803294	  0.803661	  0.803947	  0.804158	  0.804301	  0.804381	  0.804406	  0.804382	  0.804315
   813	     0	         0	         0	         0	         0	         0	         0	         0	         0	         0	         0	         0	         0	         0	         0	         0	         0	0.00152512	0.00307971	0.00478053	0.00666853	  0.016104	 0.0312417	 0.0534964	 0.0824056	  0.115322	    0.1595	  0.215794	  0.298884	  0.353474	  0.391844	  0.426662	  0.467593	  0.517072	  0.555587	  0.584874	  0.618326	  0.648784	  0.673192	  0.696602	  0.716081	  0.733311	  0.747543	   0.75944	  0.769528	  0.774806	  0.778809	  0.781978	  0.784583	  0.786799	  0.788739	  0.790478	   0.79207	  0.793544	   0.79491	  0.796169	  0.797321	  0.798366	  0.799301	  0.800127	  0.800846	  0.801456	  0.801964	  0.802375	  0.802697	  0.802933	  0.803089	  0.803172	  0.803188	  0.803142	  0.803043	  0.802896
   814	     0	         0	         0	         0	         0	         0	         0	         0	         0	         0	         0	         0	         0	         0	         0	         0	         0	0.00161258	0.00322673	0.00496803	0.00687942	   0.01651	 0.0318603	 0.0543095	 0.0833252	  0.116201	  0.160189	  0.216055	  0.298239	  0.351763	   0.38923	  0.423045	  0.462887	  0.511097	  0.548408	   0.57654	  0.608626	  0.639131	  0.664471	  0.689154	  0.709954	  0.728476	  0.743888	  0.756828	  0.767824	  0.773511	   0.77779	  0.781153	  0.783897	  0.786218	  0.788239	  0.790046	  0.791696	  0.793225	  0.794643	  0.795951	   0.79715	  0.798239	  0.799217	  0.800086	  0.800846	  0.801498	  0.802048	  0.802504	  0.802872	  0.803157	  0.803365	  0.803503	  0.803578	  0.803595	  0.803562	  0.803485
   815	     0	         0	         0	         0	         0	         0	         0	         0	         0	         0	         0	         0	         0	         0	         0	         0	         0	0.00177993	0.00351985	0.00535563	0.00733111	 0.0173945	  0.033221	 0.0561165	 0.0854219	  0.118329	  0.162175	  0.217713	  0.299122	  0.351538	  0.387947	  0.420447	  0.458974	  0.505684	  0.541405	   0.56794	   0.59813	   0.62816	  0.654098	  0.679923	  0.702093	  0.722084	  0.738907	  0.753105	  0.765167	  0.771348	    0.7759	  0.779383	  0.782142	  0.784405	   0.78632	  0.787992	  0.789494	  0.790869	   0.79213	  0.793277	  0.794312	   0.79523	  0.796032	  0.796718	  0.797287	  0.797742	  0.798086	  0.798331	  0.798483	   0.79855	  0.798539	  0.798459	  0.798317	  0.798124	  0.797888	  0.797618
   816	     0	         0	         0	         0	         0	         0	         0	         0	         0	         0	         0	         0	         0	         0	         0	         0	         0	0.00162127	0.00324962	0.00500903	0.00694141	 0.0166566	 0.0321328	 0.0547499	 0.0839611	  0.117033	  0.161248	  0.217389	  0.299949	  0.353628	  0.391124	  0.424846	  0.464585	  0.512676	   0.54976	  0.577582	   0.60928	  0.639254	  0.664162	   0.68857	  0.709232	  0.727737	  0.743216	  0.756263	  0.767372	  0.773193	  0.777566	  0.780983	  0.783749	  0.786065	  0.788063	  0.789832	  0.791436	  0.792911	   0.79427	  0.795514	  0.796646	  0.797664	  0.798569	  0.799361	  0.800042	  0.800613	   0.80108	   0.80145	  0.801732	   0.80193	  0.802051	  0.802103	  0.802093	  0.802028	  0.801916	  0.801763
   817	     0	         0	         0	         0	         0	         0	         0	         0	         0	         0	         0	         0	         0	         0	         0	         0	         0	0.00151562	0.00303116	0.00466582	 0.0064609	 0.0155163	 0.0299636	 0.0511142	 0.0784846	  0.109542	  0.151237	  0.204356	  0.282608	  0.333903	    0.3694	  0.401909	  0.440331	  0.486736	  0.522236	  0.548709	  0.578629	  0.610652	  0.639511	  0.668464	  0.693412	  0.715799	  0.734587	  0.750385	  0.763755	  0.770387	  0.775238	  0.778948	  0.781902	  0.784347	   0.78644	  0.788287	   0.78996	  0.791502	  0.792928	  0.794242	  0.795447	  0.796542	  0.797527	  0.798403	   0.79917	  0.799828	  0.800382	  0.800838	  0.801202	  0.801478	  0.801672	   0.80179	  0.801838	  0.801821	  0.801746	  0.801621
   818	     0	         0	         0	         0	         0	         0	         0	         0	         0	         0	         0	         0	         0	         0	         0	         0	         0	0.00155854	0.00313031	 0.0048325	0.00670456	 0.0160923	 0.0310519	 0.0529156	 0.0811596	  0.113146	  0.155957	  0.210356	  0.290386	  0.342589	  0.378809	  0.411773	  0.450745	  0.497941	   0.53422	  0.561426	  0.592332	  0.623669	  0.650917	  0.677892	  0.700922	  0.721528	  0.738764	  0.753248	  0.765525	  0.771676	  0.776209	  0.779699	  0.782491	  0.784809	  0.786797	  0.788551	  0.790139	  0.791599	  0.792944	  0.794175	  0.795293	  0.796297	  0.797186	  0.797961	  0.798623	  0.799172	  0.799616	  0.799961	  0.800216	  0.800387	  0.800479	  0.800502	  0.800461	  0.800365	  0.800222	  0.800039
   819	     0	         0	         0	         0	         0	         0	         0	         0	         0	         0	         0	         0	         0	         0	         0	         0	         0	0.00164301	0.00327426	0.00502226	0.00693025	 0.0165941	 0.0319467	 0.0543475	 0.0832391	  0.115908	  0.159608	  0.215113	  0.296715	   0.34965	  0.386401	  0.419389	  0.458305	  0.505349	  0.541281	   0.56786	  0.598024	  0.627878	  0.653701	  0.679525	   0.70173	  0.721799	  0.738737	  0.753076	  0.765291	  0.771671	  0.776415	  0.780076	  0.783002	  0.785423	  0.787489	  0.789305	  0.790943	  0.792447	  0.793832	  0.795103	  0.796262	  0.797311	  0.798249	  0.799077	  0.799795	  0.800405	  0.800911	   0.80132	  0.801638	   0.80187	  0.802021	  0.802098	  0.802107	  0.802055	  0.801949	  0.801796
   820	     0	         0	         0	         0	         0	         0	         0	         0	         0	         0	         0	         0	         0	         0	         0	         0	         0	0.00168524	0.00336194	 0.0051581	0.00711592	 0.0170188	 0.0327218	 0.0555979	 0.0850658	  0.118358	  0.162861	  0.219402	  0.302551	  0.356529	  0.394291	  0.428091	  0.467997	  0.516349	  0.553682	  0.581719	  0.613716	  0.643356	  0.667643	  0.691328	  0.711343	  0.729264	  0.744218	  0.756791	  0.767469	  0.773091	  0.777297	  0.780563	  0.783186	  0.785364	  0.787228	  0.788866	  0.790345	  0.791701	  0.792945	  0.794079	  0.795102	  0.796013	   0.79681	  0.797494	  0.798066	  0.798525	  0.798878	  0.799134	  0.799299	   0.79938	  0.799384	  0.799319	  0.799194	  0.799016	  0.798795	  0.798539
   821	     0	         0	         0	         0	         0	         0	         0	         0	         0	         0	         0	         0	         0	         0	         0	         0	         0	0.00156777	0.00313881	0.00483452	0.00669636	 0.0160573	 0.0309715	  0.052763	 0.0809005	  0.112743	  0.155329	  0.209368	  0.288752	  0.340411	  0.376179	  0.408696	  0.447107	  0.493569	  0.529145	  0.555668	  0.585745	   0.61715	  0.645027	    0.6729	  0.696859	  0.718378	  0.736456	  0.751694	  0.764635	  0.771153	   0.77597	  0.779689	  0.782676	  0.785167	  0.787311	   0.78921	  0.790935	  0.792525	  0.793997	  0.795352	  0.796595	  0.797725	  0.798743	  0.799651	   0.80045	  0.801141	   0.80173	  0.802224	  0.802629	  0.802952	  0.803197	  0.803371	   0.80348	   0.80353	  0.803529	  0.803481
   822	     0	         0	         0	         0	         0	         0	         0	         0	         0	         0	         0	         0	         0	         0	         0	         0	         0	0.00166936	0.00333558	0.00512467	0.00707812	 0.0169239	 0.0325406	 0.0552803	  0.084552	  0.117587	  0.161677	  0.217581	  0.299668	  0.352829	  0.389847	  0.423071	  0.462328	  0.509907	  0.546499	   0.57387	  0.605064	  0.635094	  0.660396	  0.685313	  0.706522	  0.725566	  0.741524	  0.754977	  0.766423	  0.772364	  0.776795	  0.780231	  0.782991	  0.785286	  0.787252	  0.788983	  0.790548	  0.791985	  0.793305	  0.794509	    0.7956	  0.796575	  0.797435	  0.798179	  0.798811	   0.79933	  0.799743	   0.80006	  0.800287	  0.800432	  0.800501	  0.800503	  0.800445	  0.800337	  0.800186	  0.800001
   823	     0	         0	         0	         0	         0	         0	         0	         0	         0	         0	         0	         0	         0	         0	         0	         0	         0	0.00157354	0.00315961	0.00487914	0.00677331	 0.0162735	 0.0314345	 0.0536121	 0.0822696	  0.114709	  0.158049	  0.212977	  0.293633	  0.345959	  0.382162	  0.414857	  0.453423	  0.500099	  0.535809	  0.562309	  0.592423	  0.622938	  0.649647	  0.676353	  0.699318	  0.720019	  0.737447	  0.752175	  0.764711	  0.771165	   0.77596	  0.779671	  0.782653	  0.785135	  0.787268	  0.789153	  0.790859	   0.79243	  0.793881	  0.795217	  0.796444	  0.797561	  0.798571	  0.799476	  0.800276	  0.800974	  0.801573	   0.80208	  0.802503	  0.802844	  0.803109	  0.803303	  0.803432	  0.803502	  0.803518	  0.803486
   824	     0	         0	         0	         0	         0	         0	         0	         0	         0	         0	         0	         0	         0	         0	         0	         0	         0	0.00152046	0.00305078	0.00470845	0.00653408	 0.0157043	 0.0303484	 0.0517933	 0.0795518	  0.111053	  0.153308	  0.207105	  0.286334	   0.33824	  0.374225	  0.407107	  0.445949	  0.492899	  0.528917	   0.55587	  0.586412	  0.618091	  0.646051	  0.673869	  0.697704	  0.719049	  0.736918	  0.751934	  0.764651	  0.770982	  0.775632	  0.779202	  0.782053	  0.784418	  0.786445	  0.788235	  0.789857	   0.79135	  0.792728	  0.793994	   0.79515	  0.796195	  0.797129	  0.797951	  0.798663	  0.799266	  0.799763	  0.800162	  0.800469	  0.800691	  0.800831	  0.800896	  0.800894	  0.800831	  0.800714	  0.800549
   825	     0	         0	         0	         0	         0	         0	         0	         0	         0	         0	         0	         0	         0	         0	         0	         0	         0	0.00164297	0.00329333	 0.0050766	 0.0070351	 0.0168791	  0.032558	  0.055467	 0.0850483	  0.118526	  0.163237	  0.219927	  0.303211	  0.357245	  0.395046	   0.42892	  0.468802	  0.517088	  0.554398	  0.582405	  0.614384	  0.643992	  0.668224	   0.69185	  0.711774	  0.729597	  0.744478	  0.757017	  0.767706	  0.773401	  0.777717	  0.781118	  0.783894	  0.786237	  0.788271	  0.790082	   0.79173	   0.79325	  0.794654	  0.795943	  0.797118	   0.79818	  0.799129	  0.799966	  0.800692	   0.80131	  0.801823	  0.802242	  0.802572	   0.80282	   0.80299	  0.803091	  0.803128	  0.803109	  0.803041	  0.802929
   826	     0	         0	         0	         0	         0	         0	         0	         0	         0	         0	         0	         0	         0	         0	         0	         0	         0	0.00159289	0.00318944	0.00491359	0.00680794	 0.0163596	 0.0315989	 0.0539127	 0.0827931	  0.115567	  0.159505	  0.215433	  0.297868	  0.351719	  0.389386	    0.4234	  0.463463	  0.511909	  0.549338	  0.577482	  0.609534	  0.639757	  0.664777	  0.689186	  0.709759	  0.728107	  0.743387	  0.756215	  0.767104	  0.772738	  0.776948	  0.780223	  0.782866	  0.785076	   0.78698	  0.788666	  0.790197	  0.791606	  0.792907	  0.794099	  0.795185	   0.79616	  0.797026	  0.797781	  0.798426	  0.798961	  0.799391	  0.799723	  0.799965	  0.800121	  0.800198	  0.800202	  0.800139	  0.800019	  0.799847	  0.799631
   827	     0	         0	         0	         0	         0	         0	         0	         0	         0	         0	         0	         0	         0	         0	         0	         0	         0	0.00166036	0.00333042	0.00513756	0.00712482	 0.0171085	 0.0330234	  0.056292	 0.0863514	   0.12038	  0.165807	   0.22338	  0.307928	  0.362784	  0.401356	  0.435767	  0.476213	  0.525195	  0.563268	  0.592034	  0.624999	  0.654196	   0.67723	  0.699387	  0.717877	  0.734345	  0.748007	  0.759482	  0.769257	  0.774619	  0.778736	  0.782022	  0.784734	  0.787045	  0.789067	  0.790878	  0.792533	  0.794064	   0.79548	  0.796785	  0.797978	   0.79906	  0.800031	  0.800893	  0.801647	  0.802294	   0.80284	  0.803294	  0.803661	  0.803947	  0.804158	  0.804301	  0.804381	  0.804406	  0.804382	  0.804315
   828	     0	         0	         0	         0	         0	         0	         0	         0	         0	         0	         0	         0	         0	         0	         0	         0	         0	 0.0016173	0.00324576	 0.0050085	  0.006947	 0.0166799	 0.0321942	 0.0548771	 0.0841787	  0.117349	  0.161655	  0.217814	   0.30033	  0.353885	   0.39131	  0.424985	  0.464667	  0.512743	  0.549932	  0.577909	  0.609862	  0.640038	  0.665052	  0.689465	  0.710078	  0.728482	  0.743821	  0.756722	    0.7677	  0.773451	  0.777793	   0.78121	     0.784	  0.786357	  0.788408	  0.790237	  0.791906	  0.793449	  0.794877	  0.796193	  0.797399	  0.798494	   0.79948	  0.800357	  0.801128	  0.801792	  0.802356	  0.802827	  0.803212	  0.803516	  0.803743	  0.803902	  0.803996	  0.804034	   0.80402	  0.803962
   829	     0	         0	         0	         0	         0	         0	         0	         0	         0	         0	         0	         0	         0	         0	         0	         0	         0	0.00170811	 0.0033982	0.00520338	0.00716816	 0.0171181	 0.0328871	 0.0558395	 0.0853784	  0.118711	  0.163214	  0.219672	  0.302549	  0.356202	  0.393646	  0.427031	  0.466386	  0.513969	  0.550446	   0.57756	  0.608407	  0.637697	  0.662271	  0.686596	  0.707375	  0.726131	  0.741926	  0.755299	   0.76671	  0.772785	  0.777346	  0.780894	  0.783748	   0.78612	  0.788153	  0.789942	  0.791558	  0.793039	  0.794402	   0.79565	  0.796784	  0.797805	  0.798713	  0.799509	  0.800193	  0.800767	  0.801235	  0.801605	  0.801884	  0.802078	  0.802191	  0.802232	  0.802207	  0.802123	  0.801988	   0.80181
   830	     0	         0	         0	         0	         0	         0	         0	         0	         0	         0	         0	         0	         0	         0	         0	         0	         0	0.00158108	 0.0031861	0.00493559	0.00687113	 0.0165517	 0.0320398	 0.0547497	 0.0841708	  0.117574	  0.162282	  0.219107	  0.302781	  0.357415	   0.39576	  0.430273	  0.470831	  0.519866	   0.55788	  0.586587	  0.619354	  0.649053	  0.672893	   0.69595	   0.71525	  0.732451	  0.746765	  0.758805	  0.769062	  0.774555	  0.778735	  0.782043	  0.784752	  0.787047	  0.789045	  0.790827	  0.792451	  0.793949	  0.795332	  0.796603	  0.797762	   0.79881	  0.799745	  0.800569	  0.801284	  0.801889	  0.802391	  0.802797	  0.803114	  0.803347	  0.803501	  0.803584	  0.803602	  0.803561	   0.80347	  0.803334
   831	     0	         0	         0	         0	         0	         0	         0	         0	         0	         0	         0	         0	         0	         0	         0	         0	         0	0.00156195	0.00313271	0.00483132	 0.0066983	 0.0160806	 0.0310371	 0.0529123	 0.0811928	   0.11325	   0.15619	  0.210792	  0.291185	  0.343689	  0.380248	  0.413516	    0.4528	  0.500331	  0.536957	  0.564493	  0.595778	  0.627115	  0.654116	  0.680737	  0.703377	  0.723586	  0.740462	  0.754636	  0.766653	  0.772701	  0.777183	  0.780657	  0.783457	    0.7858	  0.787822	  0.789618	  0.791252	  0.792762	  0.794159	  0.795444	  0.796618	  0.797679	  0.798628	  0.799464	  0.800189	  0.800803	  0.801311	  0.801721	  0.802039	  0.802272	  0.802425	  0.802506	  0.802519	  0.802474	  0.802377	  0.802235
   832	     0	         0	         0	         0	         0	         0	         0	         0	         0	         0	         0	         0	         0	         0	         0	         0	         0	0.00166036	0.00333042	0.00513756	0.00712482	 0.0171085	 0.0330234	  0.056292	 0.0863514	   0.12038	  0.165807	   0.22338	  0.307928	  0.362784	  0.401356	  0.435767	  0.476213	  0.525195	  0.563268	  0.592034	  0.624999	  0.654196	   0.67723	  0.699387	  0.717877	  0.734345	  0.748007	  0.759482	  0.769257	  0.774619	  0.778736	  0.782022	  0.784734	  0.787045	  0.789067	  0.790878	  0.792533	  0.794064	   0.79548	  0.796785	  0.797978	   0.79906	  0.800031	  0.800893	  0.801647	  0.802294	   0.80284	  0.803294	  0.803661	  0.803947	  0.804158	  0.804301	  0.804381	  0.804406	  0.804382	  0.804315
   833	     0	         0	         0	         0	         0	         0	         0	         0	         0	         0	         0	         0	         0	         0	         0	         0	         0	 0.0017314	0.00344248	 0.0052656	0.00724405	 0.0172679	 0.0331155	 0.0561357	 0.0857069	   0.11902	  0.163442	   0.21973	  0.302293	  0.355631	  0.392887	  0.426166	    0.4655	  0.513189	  0.549952	  0.577509	  0.608971	   0.63884	  0.663741	  0.688141	  0.708857	  0.727427	  0.742945	  0.756006	  0.767109	  0.772903	  0.777238	  0.780611	  0.783331	    0.7856	  0.787551	  0.789276	   0.79084	   0.79228	  0.793606	   0.79482	  0.795922	   0.79691	  0.797783	  0.798542	  0.799188	  0.799721	  0.800148	  0.800476	  0.800715	   0.80087	  0.800948	  0.800958	  0.800906	  0.800802	  0.800654	  0.800468
   834	     0	         0	         0	         0	         0	         0	         0	         0	         0	         0	         0	         0	         0	         0	         0	         0	         0	0.00161258	0.00322673	0.00496803	0.00687942	   0.01651	 0.0318603	 0.0543095	 0.0833252	  0.116201	  0.160189	  0.216055	  0.298239	  0.351763	   0.38923	  0.423045	  0.462887	  0.511097	  0.548408	   0.57654	  0.608626	  0.639131	  0.664471	  0.689154	  0.709954	  0.728476	  0.743888	  0.756828	  0.767824	  0.773511	   0.77779	  0.781153	  0.783897	  0.786218	  0.788239	  0.790046	  0.791696	  0.793225	  0.794643	  0.795951	   0.79715	  0.798239	  0.799217	  0.800086	  0.800846	  0.801498	  0.802048	  0.802504	  0.802872	  0.803157	  0.803365	  0.803503	  0.803578	  0.803595	  0.803562	  0.803485
   835	     0	         0	         0	         0	         0	         0	         0	         0	         0	         0	         0	         0	         0	         0	         0	         0	         0	0.00156246	0.00314104	0.00485678	0.00675146	 0.0162625	 0.0314763	 0.0537872	 0.0826932	  0.115506	  0.159453	   0.21531	  0.297552	  0.351158	  0.388421	  0.421979	  0.461452	  0.509146	  0.545725	  0.572904	  0.603799	  0.633585	  0.658844	  0.683893	  0.705261	  0.724496	   0.74066	  0.754315	  0.765945	  0.772049	  0.776611	  0.780153	  0.783002	  0.785376	  0.787417	   0.78922	  0.790855	  0.792361	  0.793753	  0.795038	  0.796217	  0.797291	   0.79826	  0.799126	  0.799888	  0.800548	  0.801107	  0.801574	  0.801953	  0.802248	  0.802463	  0.802604	  0.802677	  0.802686	  0.802638	  0.802539
   836	     0	         0	         0	         0	         0	         0	         0	         0	         0	         0	         0	         0	         0	         0	         0	         0	         0	0.00158026	0.00316183	0.00486731	0.00673823	 0.0161564	 0.0311545	 0.0530589	 0.0813254	  0.113284	  0.155997	  0.210147	   0.28964	  0.341182	  0.376685	  0.408791	  0.446714	  0.492584	  0.527479	  0.553202	  0.582354	  0.613152	  0.640894	  0.668967	  0.693335	  0.715394	  0.734035	  0.749803	  0.763207	  0.770054	  0.775097	  0.778966	  0.782047	  0.784595	   0.78677	  0.788684	  0.790413	  0.792003	  0.793471	  0.794826	  0.796071	  0.797208	  0.798239	  0.799165	  0.799988	  0.800708	  0.801329	  0.801858	  0.802301	  0.802661	  0.802942	  0.803151	  0.803292	  0.803371	  0.803394	  0.803366
   837	     0	         0	         0	         0	         0	         0	         0	         0	         0	         0	         0	         0	         0	         0	         0	         0	         0	0.00153471	0.00309543	0.00479767	 0.0066811	  0.016088	 0.0311337	 0.0531899	 0.0817557	  0.114179	  0.157575	  0.212691	  0.293809	  0.346748	  0.383611	  0.417111	  0.456599	  0.504391	   0.54125	  0.568954	  0.600462	  0.631401	  0.657708	  0.683581	  0.705494	  0.725048	  0.741388	  0.755137	  0.766827	  0.772785	  0.777236	  0.780707	   0.78352	  0.785884	  0.787931	  0.789751	  0.791408	  0.792936	  0.794347	  0.795642	  0.796824	  0.797892	  0.798845	  0.799686	  0.800415	  0.801035	   0.80155	  0.801969	  0.802299	  0.802546	  0.802715	  0.802813	  0.802847	  0.802824	   0.80275	  0.802632
   838	     0	         0	         0	         0	         0	         0	         0	         0	         0	         0	         0	         0	         0	         0	         0	         0	         0	 0.0016617	 0.0032911	0.00501796	0.00688504	 0.0163714	 0.0313418	 0.0530457	 0.0808692	  0.112141	  0.153852	  0.206665	  0.284025	  0.333912	  0.368073	  0.399008	   0.43575	  0.480244	  0.513896	  0.538621	  0.566577	  0.598186	  0.627774	  0.658099	  0.684694	   0.70883	  0.729273	  0.746537	  0.761147	  0.768455	  0.773749	  0.777743	  0.780871	  0.783414	  0.785553	  0.787411	  0.789075	  0.790595	   0.79199	  0.793267	  0.794427	  0.795473	  0.796405	  0.797225	  0.797934	  0.798533	  0.799026	  0.799423	  0.799731	  0.799954	  0.800099	  0.800173	  0.800183	  0.800136	  0.800041	  0.799904
   839	     0	         0	         0	         0	         0	         0	         0	         0	         0	         0	         0	         0	         0	         0	         0	         0	         0	0.00163028	0.00324159	0.00495983	0.00682662	 0.0162915	 0.0312753	 0.0530654	 0.0810852	  0.112679	  0.154914	  0.208525	  0.287245	  0.338267	  0.373376	  0.405179	  0.442893	  0.488558	  0.523263	  0.548893	   0.57792	  0.609124	  0.637485	    0.6662	  0.691187	  0.713798	  0.732887	  0.748994	  0.762637	  0.769492	   0.77448	  0.778257	  0.781224	  0.783641	  0.785676	  0.787447	  0.789034	  0.790484	  0.791815	  0.793031	  0.794134	  0.795125	  0.796004	   0.79677	  0.797426	  0.797971	  0.798411	  0.798753	  0.799004	   0.79917	  0.799257	  0.799272	  0.799222	  0.799116	  0.798961	  0.798763
   840	     0	         0	         0	         0	         0	         0	         0	         0	         0	         0	         0	         0	         0	         0	         0	         0	         0	0.00163005	0.00325672	0.00500207	 0.0069061	 0.0165045	 0.0317216	 0.0538725	   0.08238	  0.114551	  0.157519	   0.21201	  0.292068	  0.343971	  0.379956	  0.412572	  0.451219	  0.498105	   0.53415	   0.56116	  0.591886	  0.623151	  0.650398	  0.677397	  0.700459	  0.721091	   0.73834	   0.75282	  0.765078	  0.771184	  0.775661	  0.779089	  0.781818	  0.784069	  0.785988	  0.787673	  0.789192	  0.790584	  0.791861	  0.793024	  0.794072	  0.795004	   0.79582	  0.796519	  0.797104	  0.797576	  0.797942	  0.798211	   0.79839	  0.798489	  0.798512	  0.798471	  0.798372	  0.798224	  0.798035	  0.797814
   841	     0	         0	         0	         0	         0	         0	         0	         0	         0	         0	         0	         0	         0	         0	         0	         0	         0	 0.0015824	0.00316667	0.00487524	0.00674972	 0.0161733	 0.0311745	  0.053069	 0.0813077	  0.113219	   0.15585	   0.20989	  0.289175	  0.340573	  0.375907	  0.407863	  0.445626	  0.491296	  0.525947	  0.551439	  0.580299	  0.611069	  0.638924	  0.667194	  0.691761	  0.714023	  0.732868	   0.74882	  0.762379	   0.76927	  0.774322	  0.778176	  0.781225	  0.783726	  0.785847	    0.7877	  0.789365	  0.790889	  0.792288	   0.79357	  0.794737	  0.795792	  0.796735	  0.797567	  0.798291	  0.798907	   0.79942	  0.799838	  0.800167	  0.800413	  0.800579	  0.800675	  0.800705	  0.800676	  0.800596	   0.80047
   842	     0	         0	         0	         0	         0	         0	         0	         0	         0	         0	         0	         0	         0	         0	         0	         0	         0	0.00166004	0.00331158	0.00508297	0.00701705	 0.0167983	 0.0323353	 0.0549975	 0.0842188	  0.117252	  0.161403	  0.217429	  0.299756	  0.353182	  0.390495	  0.423998	  0.463532	   0.51142	  0.548392	  0.576132	  0.607804	  0.637943	  0.663119	   0.68775	  0.708639	  0.727327	  0.742904	  0.755991	  0.767101	  0.772887	  0.777222	  0.780605	  0.783345	  0.785643	  0.787631	  0.789398	  0.791008	  0.792496	  0.793876	  0.795148	  0.796314	  0.797374	  0.798325	   0.79917	  0.799907	  0.800538	  0.801067	  0.801502	  0.801848	  0.802111	  0.802295	  0.802409	  0.802456	  0.802445	  0.802383	  0.802274
   843	     0	         0	         0	         0	         0	         0	         0	         0	         0	         0	         0	         0	         0	         0	         0	         0	         0	0.00169393	0.00338324	0.00519593	0.00717417	 0.0171542	 0.0329838	 0.0560377	 0.0857228	  0.119239	  0.163971	  0.220684	  0.303975	  0.357892	  0.395629	  0.429365	  0.469176	  0.517446	  0.554794	  0.582893	  0.615015	  0.644679	  0.668873	  0.692394	  0.712202	   0.72989	   0.74461	  0.756969	  0.767465	  0.772984	  0.777127	   0.78036	  0.782972	  0.785155	  0.787033	  0.788692	  0.790192	  0.791569	  0.792833	  0.793984	  0.795022	  0.795945	  0.796752	  0.797444	  0.798023	  0.798488	  0.798847	  0.799107	  0.799277	  0.799363	  0.799373	  0.799314	  0.799194	  0.799021	  0.798805	  0.798552
   844	     0	         0	         0	         0	         0	         0	         0	         0	         0	         0	         0	         0	         0	         0	         0	         0	         0	0.00159289	0.00318944	0.00491359	0.00680794	 0.0163596	 0.0315989	 0.0539127	 0.0827931	  0.115567	  0.159505	  0.215433	  0.297868	  0.351719	  0.389386	    0.4234	  0.463463	  0.511909	  0.549338	  0.577482	  0.609534	  0.639757	  0.664777	  0.689186	  0.709759	  0.728107	  0.743387	  0.756215	  0.767104	  0.772738	  0.776948	  0.780223	  0.782866	  0.785076	   0.78698	  0.788666	  0.790197	  0.791606	  0.792907	  0.794099	  0.795185	   0.79616	  0.797026	  0.797781	  0.798426	  0.798961	  0.799391	  0.799723	  0.799965	  0.800121	  0.800198	  0.800202	  0.800139	  0.800019	  0.799847	  0.799631
   845	     0	         0	         0	         0	         0	         0	         0	         0	         0	         0	         0	         0	         0	         0	         0	         0	         0	0.00157283	0.00315508	0.00486748	0.00675112	 0.0162112	 0.0312985	 0.0533636	 0.0818806	  0.114181	  0.157394	  0.212258	  0.292925	  0.345453	  0.381929	   0.41499	  0.454014	  0.501244	  0.537539	  0.564688	  0.595558	  0.626464	  0.653165	  0.679598	  0.702166	  0.722391	  0.739324	  0.753577	  0.765681	  0.771834	    0.7764	  0.779937	  0.782783	  0.785158	  0.787205	  0.789018	  0.790665	  0.792185	  0.793589	  0.794882	  0.796065	  0.797138	    0.7981	  0.798952	  0.799696	  0.800332	  0.800866	  0.801305	  0.801655	  0.801923	  0.802113	  0.802232	  0.802287	  0.802285	  0.802231	  0.802134
   846	     0	         0	         0	         0	         0	         0	         0	         0	         0	         0	         0	         0	         0	         0	         0	         0	         0	 0.0017067	0.00339222	0.00519086	0.00714741	 0.0170767	 0.0328184	 0.0557425	 0.0852496	   0.11854	  0.162956	  0.219201	  0.301689	  0.354915	  0.391991	  0.425015	  0.463954	  0.511095	  0.547274	  0.574126	  0.604734	   0.63426	  0.659322	  0.684177	  0.705431	   0.72459	  0.740689	  0.754294	   0.76589	  0.772021	  0.776622	   0.78021	  0.783108	  0.785532	  0.787622	  0.789474	  0.791156	  0.792708	  0.794144	  0.795469	  0.796686	  0.797795	  0.798798	  0.799694	  0.800486	  0.801174	  0.801762	  0.802257	  0.802666	  0.802993	  0.803242	  0.803419	   0.80353	   0.80358	  0.803576	  0.803524
   847	     0	         0	         0	         0	         0	         0	         0	         0	         0	         0	         0	         0	         0	         0	         0	         0	         0	0.00159784	0.00320801	0.00495165	0.00686992	 0.0164964	 0.0318446	 0.0542904	 0.0833038	  0.116181	  0.160166	   0.21604	  0.298273	  0.351824	  0.389239	  0.423007	  0.462793	  0.510926	  0.548077	  0.575997	  0.607783	  0.638074	  0.663332	  0.688066	  0.708956	  0.727611	   0.74319	  0.756299	  0.767448	  0.773218	  0.777539	  0.780911	  0.783638	  0.785924	  0.787898	  0.789648	  0.791237	  0.792699	  0.794046	  0.795279	  0.796399	  0.797405	  0.798296	  0.799072	  0.799736	  0.800287	  0.800731	  0.801077	   0.80133	  0.801498	  0.801585	  0.801599	  0.801547	  0.801436	  0.801274	  0.801068
   848	     0	         0	         0	         0	         0	         0	         0	         0	         0	         0	         0	         0	         0	         0	         0	         0	         0	0.00170435	0.00339069	0.00519007	0.00714582	 0.0170539	 0.0327384	 0.0555508	 0.0848887	  0.117975	  0.162142	  0.218162	  0.300413	  0.353612	   0.39067	  0.423796	  0.462914	  0.510267	  0.546576	  0.573598	  0.604343	  0.634084	  0.659316	  0.684329	  0.705699	  0.724949	  0.741139	  0.754818	  0.766462	  0.772546	  0.777078	  0.780584	  0.783389	  0.785714	  0.787699	  0.789445	  0.791022	  0.792469	  0.793802	  0.795021	  0.796128	  0.797121	  0.798001	  0.798767	   0.79942	  0.799962	  0.800397	  0.800734	  0.800979	   0.80114	  0.801222	  0.801233	   0.80118	  0.801072	  0.800916	   0.80072
   849	     0	         0	         0	         0	         0	         0	         0	         0	         0	         0	         0	         0	         0	         0	         0	         0	         0	0.00165006	0.00328737	0.00504044	0.00695243	 0.0166367	 0.0320125	 0.0544378	 0.0833532	  0.116047	  0.159784	   0.21535	  0.297063	  0.350136	  0.387118	   0.42038	  0.459634	  0.507111	  0.543557	  0.570731	  0.601616	  0.631782	   0.65752	  0.683006	  0.704777	  0.724353	  0.740791	  0.754665	  0.766471	  0.772605	  0.777179	  0.780728	   0.78358	  0.785956	  0.787996	  0.789799	  0.791432	  0.792936	  0.794324	    0.7956	  0.796764	  0.797817	  0.798758	  0.799588	  0.800307	  0.800916	   0.80142	  0.801826	  0.802141	   0.80237	  0.802518	  0.802594	  0.802602	   0.80255	  0.802446	  0.802297
   850	     0	         0	         0	         0	         0	         0	         0	         0	         0	         0	         0	         0	         0	         0	         0	         0	         0	0.00148778	0.00299474	0.00463491	0.00644793	 0.0155232	 0.0300428	 0.0513348	 0.0789257	  0.110264	  0.152297	  0.205795	  0.284577	  0.336238	  0.372019	  0.404789	  0.443472	  0.490213	  0.526048	  0.552855	  0.583187	  0.615143	  0.643609	  0.672047	  0.696415	  0.718224	   0.73651	  0.751888	  0.764916	  0.771387	  0.776144	  0.779803	  0.782736	  0.785179	  0.787283	  0.789149	  0.790847	  0.792417	  0.793872	  0.795215	  0.796448	   0.79757	  0.798581	  0.799481	  0.800271	  0.800951	  0.801527	  0.802006	  0.802393	  0.802694	  0.802915	  0.803061	  0.803138	  0.803154	  0.803115	  0.803026
   851	     0	         0	         0	         0	         0	         0	         0	         0	         0	         0	         0	         0	         0	         0	         0	         0	         0	 0.0015867	0.00318347	0.00491133	0.00681155	 0.0163518	 0.0315616	 0.0538029	 0.0825521	  0.115135	  0.158754	  0.214215	  0.295856	   0.34919	  0.386481	  0.420291	  0.460173	   0.50843	   0.54573	  0.573895	  0.605965	  0.636771	  0.662491	  0.687547	  0.708674	  0.727482	  0.743143	  0.756295	  0.767469	  0.773172	   0.77744	  0.780777	  0.783486	  0.785766	  0.787743	  0.789503	  0.791106	  0.792586	  0.793954	  0.795207	  0.796348	  0.797373	  0.798282	  0.799075	  0.799753	  0.800319	  0.800778	  0.801138	  0.801408	  0.801593	  0.801701	   0.80174	  0.801718	  0.801641	  0.801519	  0.801358
   852	     0	         0	         0	         0	         0	         0	         0	         0	         0	         0	         0	         0	         0	         0	         0	         0	         0	0.00163087	0.00325629	0.00500258	0.00691247	 0.0165653	 0.0319161	 0.0543339	 0.0832783	  0.116051	  0.159944	  0.215796	  0.298056	  0.351673	  0.389118	   0.42282	  0.462556	   0.51059	  0.547536	  0.575172	  0.606588	  0.636612	  0.661807	  0.686617	  0.707693	    0.7266	  0.742444	  0.755795	  0.767143	  0.773043	  0.777437	  0.780835	  0.783557	  0.785815	  0.787746	  0.789447	  0.790985	  0.792398	  0.793702	  0.794897	  0.795984	  0.796963	  0.797831	  0.798588	  0.799235	  0.799771	  0.800201	  0.800533	  0.800771	  0.800923	  0.800992	  0.800988	  0.800916	  0.800784	  0.800599	   0.80037
   853	     0	         0	         0	         0	         0	         0	         0	         0	         0	         0	         0	         0	         0	         0	         0	         0	         0	0.00161081	0.00322001	0.00495314	 0.0068532	 0.0164404	 0.0317126	 0.0540425	 0.0829054	  0.115616	  0.159428	  0.215148	  0.297192	  0.350691	  0.388042	  0.421732	  0.461425	  0.509401	  0.546334	  0.573983	  0.605423	  0.635644	  0.661062	  0.686054	  0.707249	  0.726224	    0.7421	   0.75547	  0.766839	  0.772729	   0.77713	  0.780554	  0.783317	  0.785628	  0.787621	  0.789389	  0.790996	  0.792478	   0.79385	  0.795111	  0.796264	  0.797307	  0.798239	   0.79906	  0.799771	  0.800371	  0.800866	  0.801263	  0.801568	  0.801786	  0.801923	  0.801986	   0.80198	  0.801914	  0.801793	  0.801626
   854	     0	         0	         0	         0	         0	         0	         0	         0	         0	         0	         0	         0	         0	         0	         0	         0	         0	 0.0015867	0.00318347	0.00491133	0.00681155	 0.0163518	 0.0315616	 0.0538029	 0.0825521	  0.115135	  0.158754	  0.214215	  0.295856	   0.34919	  0.386481	  0.420291	  0.460173	   0.50843	   0.54573	  0.573895	  0.605965	  0.636771	  0.662491	  0.687547	  0.708674	  0.727482	  0.743143	  0.756295	  0.767469	  0.773172	   0.77744	  0.780777	  0.783486	  0.785766	  0.787743	  0.789503	  0.791106	  0.792586	  0.793954	  0.795207	  0.796348	  0.797373	  0.798282	  0.799075	  0.799753	  0.800319	  0.800778	  0.801138	  0.801408	  0.801593	  0.801701	   0.80174	  0.801718	  0.801641	  0.801519	  0.801358
   855	     0	         0	         0	         0	         0	         0	         0	         0	         0	         0	         0	         0	         0	         0	         0	         0	         0	0.00166784	0.00332261	0.00509463	0.00702788	 0.0168253	 0.0323885	 0.0550985	  0.084402	  0.117564	   0.16197	  0.218483	   0.30168	  0.355861	  0.393768	  0.427701	  0.467687	  0.516018	  0.553212	  0.580999	  0.612627	  0.642003	  0.666224	  0.689993	   0.71017	  0.728312	  0.743509	  0.756323	  0.767221	  0.773015	  0.777351	  0.780713	  0.783405	  0.785634	  0.787537	  0.789206	   0.79071	  0.792088	  0.793355	  0.794512	  0.795563	  0.796505	  0.797337	   0.79806	  0.798673	  0.799176	  0.799573	  0.799872	  0.800077	  0.800195	  0.800229	  0.800189	   0.80008	  0.799909	  0.799685	  0.799415
   856	     0	         0	         0	         0	         0	         0	         0	         0	         0	         0	         0	         0	         0	         0	         0	         0	         0	   0.00159	0.00319568	0.00493708	0.00685481	 0.0164662	 0.0317948	 0.0542135	 0.0831865	  0.116004	  0.159875	  0.215547	  0.297413	  0.350649	  0.387746	  0.421253	  0.460764	  0.508611	  0.545499	  0.573182	  0.604707	  0.635103	  0.660673	  0.685787	  0.707064	   0.72609	     0.742	  0.755397	  0.766795	  0.772678	  0.777078	  0.780508	  0.783281	  0.785602	  0.787604	  0.789377	  0.790985	  0.792464	  0.793826	  0.795071	  0.796202	  0.797219	   0.79812	  0.798907	  0.799583	  0.800148	  0.800608	  0.800972	  0.801247	   0.80144	  0.801556	  0.801604	   0.80159	  0.801522	  0.801407	  0.801253
   857	     0	         0	         0	         0	         0	         0	         0	         0	         0	         0	         0	         0	         0	         0	         0	         0	         0	0.00158009	0.00315982	0.00486057	0.00672349	 0.0161104	 0.0310447	 0.0528518	 0.0810026	  0.112868	   0.15554	    0.2098	  0.289648	  0.341715	  0.377838	  0.410663	  0.449454	  0.496363	  0.532302	  0.559132	  0.589538	  0.620761	  0.648196	  0.675541	   0.69899	  0.720038	  0.737711	  0.752598	  0.765227	  0.771581	  0.776258	   0.77985	  0.782713	  0.785083	  0.787108	   0.78889	  0.790501	  0.791981	  0.793345	  0.794594	  0.795731	  0.796755	  0.797664	  0.798459	  0.799142	  0.799713	  0.800177	  0.800542	  0.800815	  0.801001	  0.801107	  0.801139	  0.801105	  0.801013	  0.800869	  0.800681
   858	     0	         0	         0	         0	         0	         0	         0	         0	         0	         0	         0	         0	         0	         0	         0	         0	         0	0.00162193	0.00324672	0.00499971	0.00692357	 0.0166163	 0.0320617	 0.0546476	 0.0838415	  0.116924	  0.161198	  0.217447	  0.300224	   0.35415	  0.391949	  0.425993	  0.466091	  0.514612	  0.552214	  0.580584	  0.612981	  0.643183	  0.667941	  0.691959	  0.712149	  0.730122	  0.745049	  0.757567	  0.768197	  0.773754	  0.777945	  0.781241	  0.783932	  0.786208	  0.788189	  0.789959	  0.791575	  0.793071	  0.794458	  0.795737	  0.796909	  0.797972	  0.798925	   0.79977	  0.800506	  0.801135	  0.801661	  0.802091	  0.802431	  0.802687	  0.802864	  0.802969	  0.803006	  0.802984	  0.802908	  0.802785
   859	     0	         0	         0	         0	         0	         0	         0	         0	         0	         0	         0	         0	         0	         0	         0	         0	         0	 0.0015867	0.00318347	0.00491133	0.00681155	 0.0163518	 0.0315616	 0.0538029	 0.0825521	  0.115135	  0.158754	  0.214215	  0.295856	   0.34919	  0.386481	  0.420291	  0.460173	   0.50843	   0.54573	  0.573895	  0.605965	  0.636771	  0.662491	  0.687547	  0.708674	  0.727482	  0.743143	  0.756295	  0.767469	  0.773172	   0.77744	  0.780777	  0.783486	  0.785766	  0.787743	  0.789503	  0.791106	  0.792586	  0.793954	  0.795207	  0.796348	  0.797373	  0.798282	  0.799075	  0.799753	  0.800319	  0.800778	  0.801138	  0.801408	  0.801593	  0.801701	   0.80174	  0.801718	  0.801641	  0.801519	  0.801358
   860	     0	         0	         0	         0	         0	         0	         0	         0	         0	         0	         0	         0	         0	         0	         0	         0	         0	0.00158935	0.00317891	0.00489049	0.00676516	 0.0162094	 0.0312317	 0.0531607	 0.0814584	  0.113474	   0.15632	  0.210766	  0.290839	  0.342979	  0.379129	  0.411914	  0.450659	  0.497526	  0.533408	  0.560149	  0.590476	  0.621484	  0.648703	  0.675856	  0.699185	  0.720165	  0.737801	  0.752671	  0.765296	  0.771699	  0.776424	  0.780057	  0.782958	   0.78536	  0.787415	  0.789224	   0.79086	  0.792364	  0.793751	  0.795024	  0.796185	  0.797233	  0.798169	  0.798992	  0.799704	  0.800306	  0.800803	  0.801201	  0.801508	   0.80173	  0.801872	  0.801941	  0.801944	  0.801888	  0.801781	  0.801629
   861	     0	         0	         0	         0	         0	         0	         0	         0	         0	         0	         0	         0	         0	         0	         0	         0	         0	 0.0015867	0.00318347	0.00491133	0.00681155	 0.0163518	 0.0315616	 0.0538029	 0.0825521	  0.115135	  0.158754	  0.214215	  0.295856	   0.34919	  0.386481	  0.420291	  0.460173	   0.50843	   0.54573	  0.573895	  0.605965	  0.636771	  0.662491	  0.687547	  0.708674	  0.727482	  0.743143	  0.756295	  0.767469	  0.773172	   0.77744	  0.780777	  0.783486	  0.785766	  0.787743	  0.789503	  0.791106	  0.792586	  0.793954	  0.795207	  0.796348	  0.797373	  0.798282	  0.799075	  0.799753	  0.800319	  0.800778	  0.801138	  0.801408	  0.801593	  0.801701	   0.80174	  0.801718	  0.801641	  0.801519	  0.801358
   862	     0	         0	         0	         0	         0	         0	         0	         0	         0	         0	         0	         0	         0	         0	         0	         0	         0	0.00154313	0.00308778	0.00475266	0.00657824	 0.0157807	  0.030437	 0.0518635	 0.0795595	   0.11096	    0.1531	  0.206812	  0.285987	  0.337888	  0.373933	  0.406884	  0.445855	  0.492965	  0.529127	   0.55624	  0.586935	  0.618721	  0.646733	  0.674575	  0.698415	  0.719751	  0.737614	  0.752618	  0.765313	   0.77161	  0.776219	  0.779742	  0.782542	  0.784852	  0.786822	  0.788553	  0.790115	  0.791551	  0.792872	  0.794082	   0.79518	  0.796167	  0.797039	  0.797798	  0.798444	  0.798976	  0.799401	  0.799725	  0.799955	  0.800097	  0.800156	  0.800141	  0.800058	  0.799916	   0.79972	  0.799481
   863	     0	         0	         0	         0	         0	         0	         0	         0	         0	         0	         0	         0	         0	         0	         0	         0	         0	 0.0015867	0.00318347	0.00491133	0.00681155	 0.0163518	 0.0315616	 0.0538029	 0.0825521	  0.115135	  0.158754	  0.214215	  0.295856	   0.34919	  0.386481	  0.420291	  0.460173	   0.50843	   0.54573	  0.573895	  0.605965	  0.636771	  0.662491	  0.687547	  0.708674	  0.727482	  0.743143	  0.756295	  0.767469	  0.773172	   0.77744	  0.780777	  0.783486	  0.785766	  0.787743	  0.789503	  0.791106	  0.792586	  0.793954	  0.795207	  0.796348	  0.797373	  0.798282	  0.799075	  0.799753	  0.800319	  0.800778	  0.801138	  0.801408	  0.801593	  0.801701	   0.80174	  0.801718	  0.801641	  0.801519	  0.801358
   864	     0	         0	         0	         0	         0	         0	         0	         0	         0	         0	         0	         0	         0	         0	         0	         0	         0	0.00166036	0.00333042	0.00513756	0.00712482	 0.0171085	 0.0330234	  0.056292	 0.0863514	   0.12038	  0.165807	   0.22338	  0.307928	  0.362784	  0.401356	  0.435767	  0.476213	  0.525195	  0.563268	  0.592034	  0.624999	  0.654196	   0.67723	  0.699387	  0.717877	  0.734345	  0.748007	  0.759482	  0.769257	  0.774619	  0.778736	  0.782022	  0.784734	  0.787045	  0.789067	  0.790878	  0.792533	  0.794064	   0.79548	  0.796785	  0.797978	   0.79906	  0.800031	  0.800893	  0.801647	  0.802294	   0.80284	  0.803294	  0.803661	  0.803947	  0.804158	  0.804301	  0.804381	  0.804406	  0.804382	  0.804315
   865	     0	         0	         0	         0	         0	         0	         0	         0	         0	         0	         0	         0	         0	         0	         0	         0	         0	0.00169402	0.00338456	0.00520287	 0.0071929	 0.0172365	 0.0332084	 0.0565209	 0.0865925	  0.120591	  0.165971	  0.223489	  0.307918	  0.362608	  0.401015	   0.43516	  0.475323	   0.52396	   0.56167	  0.590036	  0.622521	  0.651563	  0.674742	  0.697181	  0.716022	  0.732868	  0.746881	  0.758663	  0.768694	  0.774185	  0.778377	    0.7817	  0.784423	  0.786728	  0.788734	  0.790523	  0.792155	  0.793663	  0.795059	  0.796346	  0.797525	  0.798595	  0.799557	  0.800411	   0.80116	  0.801803	  0.802346	  0.802796	  0.803159	  0.803441	  0.803646	  0.803782	  0.803855	  0.803871	  0.803836	  0.803758
   866	     0	         0	         0	         0	         0	         0	         0	         0	         0	         0	         0	         0	         0	         0	         0	         0	         0	 0.0015867	0.00318347	0.00491133	0.00681155	 0.0163518	 0.0315616	 0.0538029	 0.0825521	  0.115135	  0.158754	  0.214215	  0.295856	   0.34919	  0.386481	  0.420291	  0.460173	   0.50843	   0.54573	  0.573895	  0.605965	  0.636771	  0.662491	  0.687547	  0.708674	  0.727482	  0.743143	  0.756295	  0.767469	  0.773172	   0.77744	  0.780777	  0.783486	  0.785766	  0.787743	  0.789503	  0.791106	  0.792586	  0.793954	  0.795207	  0.796348	  0.797373	  0.798282	  0.799075	  0.799753	  0.800319	  0.800778	  0.801138	  0.801408	  0.801593	  0.801701	   0.80174	  0.801718	  0.801641	  0.801519	  0.801358
   867	     0	         0	         0	         0	         0	         0	         0	         0	         0	         0	         0	         0	         0	         0	         0	         0	         0	 0.0015867	0.00318347	0.00491133	0.00681155	 0.0163518	 0.0315616	 0.0538029	 0.0825521	  0.115135	  0.158754	  0.214215	  0.295856	   0.34919	  0.386481	  0.420291	  0.460173	   0.50843	   0.54573	  0.573895	  0.605965	  0.636771	  0.662491	  0.687547	  0.708674	  0.727482	  0.743143	  0.756295	  0.767469	  0.773172	   0.77744	  0.780777	  0.783486	  0.785766	  0.787743	  0.789503	  0.791106	  0.792586	  0.793954	  0.795207	  0.796348	  0.797373	  0.798282	  0.799075	  0.799753	  0.800319	  0.800778	  0.801138	  0.801408	  0.801593	  0.801701	   0.80174	  0.801718	  0.801641	  0.801519	  0.801358
   868	     0	         0	         0	         0	         0	         0	         0	         0	         0	         0	         0	         0	         0	         0	         0	         0	         0	0.00161812	0.00322172	0.00493609	0.00680335	 0.0162568	 0.0312492	 0.0530887	  0.081223	  0.113014	  0.155578	   0.20972	  0.289383	  0.341266	  0.377231	  0.409853	  0.448458	   0.49514	  0.530806	  0.557351	  0.587403	  0.618497	  0.645991	  0.673496	  0.697176	  0.718494	  0.736435	  0.751565	  0.764401	  0.770858	  0.775589	  0.779196	  0.782049	  0.784387	  0.786367	  0.788095	  0.789646	  0.791064	  0.792363	  0.793548	  0.794618	  0.795574	  0.796415	  0.797141	  0.797754	  0.798252	  0.798643	  0.798934	  0.799131	  0.799242	  0.799272	  0.799229	   0.79912	  0.798955	   0.79874	  0.798484
   869	     0	         0	         0	         0	         0	         0	         0	         0	         0	         0	         0	         0	         0	         0	         0	         0	         0	0.00170811	 0.0033982	0.00520338	0.00716816	 0.0171181	 0.0328871	 0.0558395	 0.0853784	  0.118711	  0.163214	  0.219672	  0.302549	  0.356202	  0.393646	  0.427031	  0.466386	  0.513969	  0.550446	   0.57756	  0.608407	  0.637697	  0.662271	  0.686596	  0.707375	  0.726131	  0.741926	  0.755299	   0.76671	  0.772785	  0.777346	  0.780894	  0.783748	   0.78612	  0.788153	  0.789942	  0.791558	  0.793039	  0.794402	   0.79565	  0.796784	  0.797805	  0.798713	  0.799509	  0.800193	  0.800767	  0.801235	  0.801605	  0.801884	  0.802078	  0.802191	  0.802232	  0.802207	  0.802123	  0.801988	   0.80181
   870	     0	         0	         0	         0	         0	         0	         0	         0	         0	         0	         0	         0	         0	         0	         0	         0	         0	0.00164064	0.00328897	0.00507035	0.00702701	 0.0168568	 0.0325117	 0.0553792	 0.0848927	   0.11827	  0.162813	  0.219232	  0.302056	  0.355669	  0.393067	  0.426561	  0.466006	  0.513764	  0.550546	   0.57803	   0.60937	  0.639016	  0.663725	  0.688038	  0.708668	  0.727189	  0.742718	  0.755836	  0.767029	  0.772961	  0.777438	   0.78095	  0.783802	  0.786198	  0.788271	   0.79011	  0.791779	  0.793315	  0.794732	  0.796032	  0.797218	  0.798291	  0.799251	    0.8001	  0.800841	  0.801473	  0.802004	   0.80244	  0.802789	  0.803057	  0.803248	   0.80337	  0.803429	  0.803431	  0.803383	  0.803293
   871	     0	         0	         0	         0	         0	         0	         0	         0	         0	         0	         0	         0	         0	         0	         0	         0	         0	0.00154235	  0.003088	0.00475637	0.00658833	  0.015813	 0.0305173	 0.0520221	 0.0798196	   0.11132	  0.153533	  0.207223	  0.286238	  0.337825	  0.373488	  0.405983	  0.444378	  0.490783	  0.526231	  0.552585	  0.582403	  0.613899	  0.642112	  0.670458	  0.694883	  0.716849	  0.735328	  0.750899	  0.764097	  0.770705	  0.775547	   0.77925	  0.782194	  0.784625	    0.7867	  0.788528	   0.79018	  0.791702	  0.793108	  0.794402	  0.795586	  0.796659	  0.797621	  0.798474	  0.799216	   0.79985	  0.800378	   0.80081	  0.801149	  0.801403	  0.801576	  0.801675	  0.801705	  0.801674	  0.801588	  0.801454
   872	     0	         0	         0	         0	         0	         0	         0	         0	         0	         0	         0	         0	         0	         0	         0	         0	         0	0.00154297	0.00310125	0.00479518	0.00666667	  0.016058	 0.0310874	 0.0531345	  0.081707	  0.114153	   0.15763	   0.21291	  0.294307	  0.347433	  0.384335	  0.417707	   0.45698	  0.504412	  0.540756	  0.567776	  0.598437	  0.628696	  0.654713	   0.68059	   0.70271	  0.722614	  0.739356	  0.753504	  0.765557	  0.771809	  0.776472	  0.780091	  0.783003	  0.785433	  0.787523	  0.789371	  0.791046	  0.792588	  0.794013	  0.795326	  0.796529	  0.797625	  0.798614	  0.799498	  0.800276	   0.80095	  0.801525	  0.802006	  0.802399	  0.802709	   0.80294	  0.803098	  0.803187	  0.803215	  0.803186	  0.803107
   873	     0	         0	         0	         0	         0	         0	         0	         0	         0	         0	         0	         0	         0	         0	         0	         0	         0	0.00167469	 0.0033438	0.00513578	0.00709318	  0.016969	 0.0326465	 0.0554881	 0.0848993	  0.118088	  0.162355	  0.218404	  0.300609	  0.353703	  0.390618	  0.423637	  0.462623	  0.509879	  0.546188	  0.573242	  0.604109	  0.633912	  0.659169	  0.684139	  0.705483	  0.724697	  0.740809	    0.7544	  0.765963	  0.772014	  0.776531	  0.780037	  0.782853	  0.785196	  0.787204	  0.788974	  0.790574	  0.792044	  0.793397	  0.794638	  0.795768	  0.796789	    0.7977	  0.798502	  0.799198	  0.799787	  0.800274	  0.800669	  0.800976	  0.801203	  0.801353	  0.801435	  0.801455	  0.801419	  0.801335	   0.80121
   874	     0	         0	         0	         0	         0	         0	         0	         0	         0	         0	         0	         0	         0	         0	         0	         0	         0	0.00157112	0.00316377	0.00489738	0.00681276	 0.0163977	 0.0317192	  0.054168	 0.0832228	   0.11617	  0.160216	  0.216085	  0.298235	  0.351672	  0.388934	  0.422573	  0.462187	  0.510149	  0.547178	  0.574973	  0.606669	  0.636966	  0.662319	   0.68717	    0.7082	  0.726998	  0.742699	  0.755919	  0.767176	  0.773045	  0.777465	  0.780934	   0.78376	  0.786144	  0.788215	   0.79006	  0.791741	  0.793294	  0.794731	  0.796056	   0.79727	  0.798374	  0.799369	  0.800257	  0.801038	  0.801715	  0.802292	  0.802776	  0.803174	  0.803491	  0.803732	  0.803903	  0.804009	  0.804057	  0.804053	  0.804003
   875	     0	         0	         0	         0	         0	         0	         0	         0	         0	         0	         0	         0	         0	         0	         0	         0	         0	0.00149203	0.00300717	0.00465939	0.00648812	 0.0156174	 0.0302255	 0.0516329	 0.0793462	  0.110777	  0.152843	  0.206238	  0.284671	  0.335894	  0.371227	  0.403544	  0.441724	  0.487919	  0.523274	  0.549645	  0.579538	  0.611439	  0.640112	  0.668854	  0.693613	  0.715838	   0.73449	  0.750186	  0.763491	  0.770119	   0.77499	  0.778737	  0.781738	  0.784235	  0.786381	   0.78828	  0.790002	  0.791588	  0.793054	  0.794405	  0.795643	   0.79677	  0.797787	  0.798696	  0.799498	  0.800195	  0.800791	  0.801294	  0.801709	  0.802043	    0.8023	  0.802485	  0.802606	  0.802667	  0.802675	  0.802636
   876	     0	         0	         0	         0	         0	         0	         0	         0	         0	         0	         0	         0	         0	         0	         0	         0	         0	0.00160404	0.00321327	0.00495105	0.00685933	 0.0164572	 0.0317492	 0.0540999	 0.0829724	  0.115666	   0.15939	  0.214899	  0.296518	  0.349609	  0.386588	  0.419973	  0.459342	  0.506982	  0.543645	  0.571093	  0.602328	  0.632754	  0.658556	  0.683967	  0.705559	  0.724894	  0.741074	  0.754704	  0.766299	  0.772269	  0.776728	  0.780199	  0.783003	  0.785349	  0.787374	   0.78917	  0.790801	  0.792304	  0.793692	  0.794965	  0.796127	  0.797175	   0.79811	  0.798933	  0.799645	  0.800247	  0.800744	  0.801145	  0.801457	  0.801684	  0.801834	  0.801913	  0.801928	  0.801886	  0.801795	   0.80166
   877	     0	         0	         0	         0	         0	         0	         0	         0	         0	         0	         0	         0	         0	         0	         0	         0	         0	0.00158471	0.00318908	0.00493317	0.00685804	 0.0164972	 0.0318938	 0.0544405	 0.0836182	  0.116714	  0.161004	  0.217288	  0.300144	  0.354182	  0.391975	  0.426055	  0.466179	  0.514729	  0.552264	  0.580528	  0.612757	  0.642754	  0.667336	  0.691256	  0.711389	  0.729356	  0.744329	  0.756921	  0.767632	  0.773245	   0.77747	  0.780779	  0.783464	  0.785719	  0.787667	  0.789396	  0.790964	  0.792405	  0.793732	  0.794945	  0.796046	  0.797033	  0.797906	  0.798666	  0.799314	  0.799851	  0.800283	  0.800617	  0.800861	  0.801021	  0.801102	  0.801112	  0.801058	  0.800948	  0.800789	  0.800588
   878	     0	         0	         0	         0	         0	         0	         0	         0	         0	         0	         0	         0	         0	         0	         0	         0	         0	0.00163128	0.00325428	0.00499497	0.00689554	 0.0164897	 0.0317204	 0.0539141	 0.0824987	  0.114769	  0.157864	  0.212491	   0.29267	   0.34457	  0.380457	  0.412823	   0.45108	   0.49738	  0.532703	  0.558858	  0.588529	  0.619163	  0.646301	   0.67357	  0.697102	  0.718345	  0.736268	   0.75142	  0.764307	  0.770893	  0.775758	  0.779498	  0.782482	   0.78495	  0.787057	   0.78891	  0.790583	  0.792119	  0.793534	  0.794832	  0.796015	  0.797085	  0.798041	  0.798886	   0.79962	  0.800245	  0.800766	   0.80119	  0.801526	  0.801777	  0.801951	  0.802053	  0.802091	  0.802072	  0.802002	  0.801888
   879	     0	         0	         0	         0	         0	         0	         0	         0	         0	         0	         0	         0	         0	         0	         0	         0	         0	 0.0015867	0.00318347	0.00491133	0.00681155	 0.0163518	 0.0315616	 0.0538029	 0.0825521	  0.115135	  0.158754	  0.214215	  0.295856	   0.34919	  0.386481	  0.420291	  0.460173	   0.50843	   0.54573	  0.573895	  0.605965	  0.636771	  0.662491	  0.687547	  0.708674	  0.727482	  0.743143	  0.756295	  0.767469	  0.773172	   0.77744	  0.780777	  0.783486	  0.785766	  0.787743	  0.789503	  0.791106	  0.792586	  0.793954	  0.795207	  0.796348	  0.797373	  0.798282	  0.799075	  0.799753	  0.800319	  0.800778	  0.801138	  0.801408	  0.801593	  0.801701	   0.80174	  0.801718	  0.801641	  0.801519	  0.801358
   880	     0	         0	         0	         0	         0	         0	         0	         0	         0	         0	         0	         0	         0	         0	         0	         0	         0	0.00161139	0.00322754	 0.0049696	0.00687768	 0.0164673	 0.0317044	 0.0539174	 0.0825339	  0.114841	  0.157953	  0.212556	  0.292689	  0.344493	  0.380205	  0.412424	  0.450528	  0.496699	  0.531881	  0.557877	  0.587375	  0.617933	  0.645093	  0.672468	  0.696105	  0.717459	   0.73549	  0.750736	  0.763692	  0.770294	  0.775146	  0.778855	  0.781795	   0.78421	  0.786258	  0.788049	  0.789658	   0.79113	  0.792481	  0.793713	   0.79483	  0.795832	  0.796719	  0.797494	  0.798157	   0.79871	  0.799158	   0.79951	  0.799773	  0.799953	  0.800057	   0.80009	  0.800062	  0.799978	  0.799847	  0.799676
   881	     0	         0	         0	         0	         0	         0	         0	         0	         0	         0	         0	         0	         0	         0	         0	         0	         0	0.00159289	0.00318944	0.00491359	0.00680794	 0.0163596	 0.0315989	 0.0539127	 0.0827931	  0.115567	  0.159505	  0.215433	  0.297868	  0.351719	  0.389386	    0.4234	  0.463463	  0.511909	  0.549338	  0.577482	  0.609534	  0.639757	  0.664777	  0.689186	  0.709759	  0.728107	  0.743387	  0.756215	  0.767104	  0.772738	  0.776948	  0.780223	  0.782866	  0.785076	   0.78698	  0.788666	  0.790197	  0.791606	  0.792907	  0.794099	  0.795185	   0.79616	  0.797026	  0.797781	  0.798426	  0.798961	  0.799391	  0.799723	  0.799965	  0.800121	  0.800198	  0.800202	  0.800139	  0.800019	  0.799847	  0.799631
   882	     0	         0	         0	         0	         0	         0	         0	         0	         0	         0	         0	         0	         0	         0	         0	         0	         0	0.00151479	0.00306235	0.00475512	0.00663147	 0.0159722	 0.0309164	 0.0528168	  0.081167	  0.113319	  0.156306	  0.210824	  0.290955	  0.343158	  0.379314	  0.412238	  0.451099	  0.498174	  0.534344	  0.561411	  0.592161	  0.623368	  0.650536	   0.67751	  0.700519	  0.721114	  0.738375	  0.752914	  0.765267	  0.771501	  0.776121	  0.779696	  0.782573	  0.784973	  0.787039	  0.788868	  0.790525	  0.792049	  0.793452	  0.794738	  0.795908	  0.796963	  0.797902	  0.798729	  0.799445	  0.800052	  0.800554	  0.800961	  0.801279	  0.801515	  0.801673	  0.801762	  0.801786	  0.801753	  0.801671	  0.801544
   883	     0	         0	         0	         0	         0	         0	         0	         0	         0	         0	         0	         0	         0	         0	         0	         0	         0	 0.0015867	0.00318347	0.00491133	0.00681155	 0.0163518	 0.0315616	 0.0538029	 0.0825521	  0.115135	  0.158754	  0.214215	  0.295856	   0.34919	  0.386481	  0.420291	  0.460173	   0.50843	   0.54573	  0.573895	  0.605965	  0.636771	  0.662491	  0.687547	  0.708674	  0.727482	  0.743143	  0.756295	  0.767469	  0.773172	   0.77744	  0.780777	  0.783486	  0.785766	  0.787743	  0.789503	  0.791106	  0.792586	  0.793954	  0.795207	  0.796348	  0.797373	  0.798282	  0.799075	  0.799753	  0.800319	  0.800778	  0.801138	  0.801408	  0.801593	  0.801701	   0.80174	  0.801718	  0.801641	  0.801519	  0.801358
   884	     0	         0	         0	         0	         0	         0	         0	         0	         0	         0	         0	         0	         0	         0	         0	         0	         0	0.00167896	 0.0033434	0.00512206	0.00705762	 0.0168561	 0.0323823	 0.0549827	 0.0840746	  0.116918	    0.1608	   0.21649	  0.298327	  0.351418	  0.388511	  0.421904	  0.461383	  0.509244	  0.546241	  0.574116	  0.605931	   0.63653	  0.662163	  0.687181	  0.708336	   0.72719	  0.742869	  0.756006	  0.767135	  0.772802	  0.777014	  0.780283	  0.782917	  0.785119	  0.787016	  0.788698	  0.790228	  0.791639	  0.792943	  0.794138	  0.795223	  0.796197	  0.797056	  0.797803	  0.798436	  0.798957	  0.799372	  0.799688	  0.799915	  0.800057	  0.800123	   0.80012	  0.800056	  0.799939	  0.799777	  0.799578
   885	     0	         0	         0	         0	         0	         0	         0	         0	         0	         0	         0	         0	         0	         0	         0	         0	         0	0.00161795	0.00323433	0.00497625	0.00688727	 0.0165191	 0.0318675	 0.0542982	 0.0832714	  0.116069	  0.159933	  0.215607	  0.297418	  0.350611	  0.387642	  0.420974	  0.460253	   0.50775	  0.544267	  0.571529	  0.602586	  0.632757	   0.65837	  0.683627	  0.705171	  0.724517	  0.740705	   0.75434	  0.765935	  0.771954	  0.776452	  0.779953	  0.782781	  0.785149	  0.787192	  0.789003	  0.790648	  0.792166	   0.79357	  0.794866	  0.796055	  0.797138	  0.798115	  0.798989	  0.799758	  0.800424	  0.800991	  0.801465	  0.801851	  0.802155	  0.802379	  0.802531	  0.802615	  0.802638	  0.802604	  0.802521
   886	     0	         0	         0	         0	         0	         0	         0	         0	         0	         0	         0	         0	         0	         0	         0	         0	         0	0.00164064	0.00328897	0.00507035	0.00702701	 0.0168568	 0.0325117	 0.0553792	 0.0848927	   0.11827	  0.162813	  0.219232	  0.302056	  0.355669	  0.393067	  0.426561	  0.466006	  0.513764	  0.550546	   0.57803	   0.60937	  0.639016	  0.663725	  0.688038	  0.708668	  0.727189	  0.742718	  0.755836	  0.767029	  0.772961	  0.777438	   0.78095	  0.783802	  0.786198	  0.788271	   0.79011	  0.791779	  0.793315	  0.794732	  0.796032	  0.797218	  0.798291	  0.799251	    0.8001	  0.800841	  0.801473	  0.802004	   0.80244	  0.802789	  0.803057	  0.803248	   0.80337	  0.803429	  0.803431	  0.803383	  0.803293
   887	     0	         0	         0	         0	         0	         0	         0	         0	         0	         0	         0	         0	         0	         0	         0	         0	         0	0.00157778	0.00315111	0.00484116	0.00668875	  0.016023	 0.0308601	 0.0525186	  0.080474	  0.112125	  0.154565	  0.208624	  0.288276	   0.34034	  0.376491	  0.409411	  0.448364	  0.495479	   0.53161	  0.558647	  0.589278	  0.620683	  0.648231	  0.675624	    0.6991	  0.720153	  0.737803	  0.752646	  0.765215	  0.771494	  0.776092	    0.7796	   0.78238	  0.784664	  0.786602	  0.788297	  0.789822	  0.791217	  0.792498	  0.793666	  0.794722	  0.795665	  0.796495	  0.797211	  0.797813	  0.798303	  0.798685	  0.798967	  0.799156	  0.799258	  0.799278	  0.799226	  0.799108	  0.798932	  0.798707	   0.79844
   888	     0	         0	         0	         0	         0	         0	         0	         0	         0	         0	         0	         0	         0	         0	         0	         0	         0	0.00167786	0.00334199	0.00512144	0.00705896	  0.016861	 0.0323956	 0.0550077	 0.0841064	  0.116939	  0.160767	  0.216327	  0.297889	  0.350667	  0.387407	  0.420406	  0.459402	  0.506644	  0.542953	  0.570077	  0.600967	  0.631282	  0.657175	   0.68277	  0.704619	  0.724237	  0.740679	  0.754537	  0.766318	  0.772394	   0.77692	  0.780431	  0.783255	  0.785609	  0.787634	  0.789424	  0.791048	  0.792544	  0.793925	  0.795193	  0.796349	  0.797392	  0.798322	  0.799139	  0.799844	   0.80044	   0.80093	  0.801324	  0.801628	  0.801849	  0.801992	  0.802066	  0.802077	  0.802032	   0.80194	  0.801808
   889	     0	         0	         0	         0	         0	         0	         0	         0	         0	         0	         0	         0	         0	         0	         0	         0	         0	0.00170811	 0.0033982	0.00520338	0.00716816	 0.0171181	 0.0328871	 0.0558395	 0.0853784	  0.118711	  0.163214	  0.219672	  0.302549	  0.356202	  0.393646	  0.427031	  0.466386	  0.513969	  0.550446	   0.57756	  0.608407	  0.637697	  0.662271	  0.686596	  0.707375	  0.726131	  0.741926	  0.755299	   0.76671	  0.772785	  0.777346	  0.780894	  0.783748	   0.78612	  0.788153	  0.789942	  0.791558	  0.793039	  0.794402	   0.79565	  0.796784	  0.797805	  0.798713	  0.799509	  0.800193	  0.800767	  0.801235	  0.801605	  0.801884	  0.802078	  0.802191	  0.802232	  0.802207	  0.802123	  0.801988	   0.80181
   890	     0	         0	         0	         0	         0	         0	         0	         0	         0	         0	         0	         0	         0	         0	         0	         0	         0	0.00156195	0.00313271	0.00483132	 0.0066983	 0.0160806	 0.0310371	 0.0529123	 0.0811928	   0.11325	   0.15619	  0.210792	  0.291185	  0.343689	  0.380248	  0.413516	    0.4528	  0.500331	  0.536957	  0.564493	  0.595778	  0.627115	  0.654116	  0.680737	  0.703377	  0.723586	  0.740462	  0.754636	  0.766653	  0.772701	  0.777183	  0.780657	  0.783457	    0.7858	  0.787822	  0.789618	  0.791252	  0.792762	  0.794159	  0.795444	  0.796618	  0.797679	  0.798628	  0.799464	  0.800189	  0.800803	  0.801311	  0.801721	  0.802039	  0.802272	  0.802425	  0.802506	  0.802519	  0.802474	  0.802377	  0.802235
   891	     0	         0	         0	         0	         0	         0	         0	         0	         0	         0	         0	         0	         0	         0	         0	         0	         0	0.00148208	0.00300002	0.00466676	0.00652221	 0.0157718	  0.030634	 0.0525073	 0.0809441	  0.113341	  0.156826	  0.212218	  0.293954	  0.347627	  0.385096	  0.419216	  0.459349	  0.507848	  0.545329	  0.573568	  0.605677	  0.636433	  0.662123	  0.687228	  0.708367	  0.727185	  0.742869	  0.756048	  0.767249	  0.772992	  0.777292	  0.780652	  0.783378	   0.78567	  0.787657	  0.789424	   0.79103	  0.792512	  0.793879	  0.795135	  0.796281	  0.797317	  0.798242	  0.799057	  0.799764	  0.800362	  0.800857	  0.801257	  0.801567	  0.801792	  0.801938	  0.802011	  0.802018	  0.801965	  0.801858	  0.801704
   892	     0	         0	         0	         0	         0	         0	         0	         0	         0	         0	         0	         0	         0	         0	         0	         0	         0	0.00157413	0.00315594	0.00486494	0.00674149	 0.0161706	 0.0311874	 0.0531266	  0.081462	  0.113548	  0.156507	  0.211123	  0.291494	  0.343945	  0.380386	  0.413496	  0.452626	  0.499985	  0.536389	  0.563684	  0.594694	  0.625838	  0.652758	  0.679367	  0.702071	  0.722393	  0.739391	  0.753679	  0.765793	  0.771889	  0.776387	  0.779851	  0.782623	  0.784924	  0.786897	  0.788638	  0.790215	  0.791666	  0.793005	  0.794231	  0.795347	  0.796349	  0.797238	  0.798014	  0.798677	  0.799229	  0.799673	  0.800019	  0.800274	  0.800444	  0.800533	  0.800552	  0.800505	  0.800403	  0.800251	  0.800058
   893	     0	         0	         0	         0	         0	         0	         0	         0	         0	         0	         0	         0	         0	         0	         0	         0	         0	0.00156622	0.00313238	0.00481831	0.00666443	 0.0159738	 0.0307834	 0.0524103	 0.0803334	  0.111951	  0.154328	  0.208265	  0.287689	  0.339573	  0.375553	  0.408344	  0.447146	  0.494099	  0.530119	   0.55708	  0.587646	  0.619209	  0.647006	  0.674657	  0.698363	  0.719607	  0.737399	  0.752349	  0.765001	  0.771298	  0.775908	   0.77943	  0.782227	  0.784531	  0.786494	  0.788216	  0.789769	  0.791194	  0.792504	  0.793703	   0.79479	  0.795765	  0.796627	  0.797375	   0.79801	  0.798534	  0.798951	  0.799269	  0.799494	  0.799634	  0.799694	  0.799681	  0.799603	  0.799468	  0.799284	  0.799058
   894	     0	         0	         0	         0	         0	         0	         0	         0	         0	         0	         0	         0	         0	         0	         0	         0	         0	0.00165484	0.00331604	0.00510927	0.00707674	 0.0169765	 0.0327346	 0.0557544	 0.0854807	  0.119137	  0.164142	  0.221332	  0.305491	  0.360243	  0.398671	  0.433022	  0.473447	  0.522365	  0.560228	  0.588727	  0.621268	  0.650452	  0.673766	  0.696358	  0.715309	  0.732248	  0.746361	   0.75823	  0.768327	  0.773774	  0.777896	  0.781128	  0.783748	  0.785941	  0.787829	  0.789497	  0.791007	  0.792392	  0.793663	  0.794823	  0.795872	  0.796808	   0.79763	  0.798338	  0.798935	  0.799419	  0.799797	  0.800077	  0.800265	  0.800369	  0.800393	  0.800347	  0.800237	  0.800071	  0.799858	  0.799606
   895	     0	         0	         0	         0	         0	         0	         0	         0	         0	         0	         0	         0	         0	         0	         0	         0	         0	0.00170811	 0.0033982	0.00520338	0.00716816	 0.0171181	 0.0328871	 0.0558395	 0.0853784	  0.118711	  0.163214	  0.219672	  0.302549	  0.356202	  0.393646	  0.427031	  0.466386	  0.513969	  0.550446	   0.57756	  0.608407	  0.637697	  0.662271	  0.686596	  0.707375	  0.726131	  0.741926	  0.755299	   0.76671	  0.772785	  0.777346	  0.780894	  0.783748	   0.78612	  0.788153	  0.789942	  0.791558	  0.793039	  0.794402	   0.79565	  0.796784	  0.797805	  0.798713	  0.799509	  0.800193	  0.800767	  0.801235	  0.801605	  0.801884	  0.802078	  0.802191	  0.802232	  0.802207	  0.802123	  0.801988	   0.80181
   896	     0	         0	         0	         0	         0	         0	         0	         0	         0	         0	         0	         0	         0	         0	         0	         0	         0	0.00156622	0.00313238	0.00481831	0.00666443	 0.0159738	 0.0307834	 0.0524103	 0.0803334	  0.111951	  0.154328	  0.208265	  0.287689	  0.339573	  0.375553	  0.408344	  0.447146	  0.494099	  0.530119	   0.55708	  0.587646	  0.619209	  0.647006	  0.674657	  0.698363	  0.719607	  0.737399	  0.752349	  0.765001	  0.771298	  0.775908	   0.77943	  0.782227	  0.784531	  0.786494	  0.788216	  0.789769	  0.791194	  0.792504	  0.793703	   0.79479	  0.795765	  0.796627	  0.797375	   0.79801	  0.798534	  0.798951	  0.799269	  0.799494	  0.799634	  0.799694	  0.799681	  0.799603	  0.799468	  0.799284	  0.799058
   897	     0	         0	         0	         0	         0	         0	         0	         0	         0	         0	         0	         0	         0	         0	         0	         0	         0	0.00163841	0.00326305	0.00500157	0.00689695	  0.016502	 0.0317496	 0.0539845	 0.0826527	  0.115068	  0.158462	  0.213642	  0.294839	  0.347641	  0.384346	  0.417423	  0.456491	  0.503737	  0.539912	   0.56683	  0.597379	  0.627708	  0.653875	  0.679904	    0.7022	  0.722271	  0.739147	  0.753388	  0.765486	  0.771692	  0.776275	  0.779793	   0.78259	  0.784893	   0.78685	  0.788565	  0.790108	  0.791523	  0.792823	  0.794012	   0.79509	  0.796058	  0.796914	  0.797658	  0.798291	  0.798813	  0.799229	  0.799546	  0.799771	   0.79991	  0.799969	  0.799955	  0.799875	  0.799737	   0.79955	   0.79932
   898	     0	         0	         0	         0	         0	         0	         0	         0	         0	         0	         0	         0	         0	         0	         0	         0	         0	 0.0015433	0.00310318	0.00479787	0.00666801	 0.0160418	 0.0310215	 0.0529675	  0.081374	  0.113595	  0.156728	  0.211509	  0.292104	  0.344633	  0.381091	  0.414185	  0.453212	  0.500424	  0.536673	  0.563741	  0.594477	  0.625353	  0.652115	  0.678685	   0.70138	  0.721734	  0.738809	  0.753204	  0.765445	  0.771687	  0.776325	   0.77992	  0.782813	  0.785229	  0.787308	  0.789148	  0.790817	  0.792353	   0.79377	  0.795073	  0.796263	  0.797342	   0.79831	  0.799168	  0.799918	  0.800561	  0.801102	   0.80155	  0.801909	  0.802186	  0.802385	  0.802513	  0.802577	  0.802582	  0.802535	  0.802442
   899	     0	         0	         0	         0	         0	         0	         0	         0	         0	         0	         0	         0	         0	         0	         0	         0	         0	 0.0017314	0.00344248	 0.0052656	0.00724405	 0.0172679	 0.0331155	 0.0561357	 0.0857069	   0.11902	  0.163442	   0.21973	  0.302293	  0.355631	  0.392887	  0.426166	    0.4655	  0.513189	  0.549952	  0.577509	  0.608971	   0.63884	  0.663741	  0.688141	  0.708857	  0.727427	  0.742945	  0.756006	  0.767109	  0.772903	  0.777238	  0.780611	  0.783331	    0.7856	  0.787551	  0.789276	   0.79084	   0.79228	  0.793606	   0.79482	  0.795922	   0.79691	  0.797783	  0.798542	  0.799188	  0.799721	  0.800148	  0.800476	  0.800715	   0.80087	  0.800948	  0.800958	  0.800906	  0.800802	  0.800654	  0.800468
   900	     0	         0	         0	         0	         0	         0	         0	         0	         0	         0	         0	         0	         0	         0	         0	         0	         0	0.00158949	0.00318649	0.00491441	 0.0068158	 0.0163792	 0.0316428	 0.0539907	 0.0829084	  0.115712	  0.159652	  0.215549	  0.297876	  0.351611	   0.38915	  0.423005	  0.462843	  0.510952	  0.547953	  0.575619	  0.607039	  0.637017	  0.662133	  0.686872	  0.707861	  0.726695	  0.742505	  0.755865	  0.767259	  0.773242	   0.77774	  0.781255	  0.784099	  0.786482	  0.788538	   0.79036	  0.792013	  0.793535	  0.794938	  0.796228	  0.797405	  0.798469	   0.79942	   0.80026	  0.800989	  0.801608	  0.802122	   0.80254	  0.802866	  0.803107	  0.803268	  0.803356	  0.803377	  0.803337	  0.803245	  0.803107
   901	     0	         0	         0	         0	         0	         0	         0	         0	         0	         0	         0	         0	         0	         0	         0	         0	         0	0.00149725	0.00301597	0.00467083	0.00650156	 0.0156563	 0.0303067	 0.0517867	 0.0796083	  0.111181	   0.15347	  0.207196	  0.286213	  0.337817	  0.373443	  0.405945	  0.444309	  0.490697	  0.526169	  0.552559	  0.582453	  0.613974	  0.642175	  0.670484	   0.69487	  0.716794	  0.735222	  0.750748	  0.763915	  0.770521	  0.775376	  0.779102	  0.782076	  0.784542	  0.786655	  0.788519	  0.790206	  0.791758	  0.793192	  0.794514	  0.795726	  0.796829	  0.797825	  0.798716	  0.799501	  0.800181	  0.800761	  0.801249	  0.801648	  0.801964	  0.802201	  0.802365	  0.802462	  0.802496	  0.802475	  0.802403
   902	     0	         0	         0	         0	         0	         0	         0	         0	         0	         0	         0	         0	         0	         0	         0	         0	         0	0.00175597	0.00347293	0.00529125	0.00725741	 0.0173146	 0.0332174	 0.0563471	  0.086097	  0.119657	  0.164512	  0.221481	  0.305094	  0.359218	   0.39709	  0.430647	  0.470221	  0.518101	  0.554915	  0.582297	  0.613531	  0.642485	  0.666424	  0.689988	  0.710074	   0.72819	   0.74338	  0.756195	  0.767096	  0.772967	  0.777373	  0.780798	  0.783547	   0.78583	  0.787783	  0.789505	  0.791062	  0.792497	  0.793823	  0.795045	  0.796164	  0.797178	  0.798087	  0.798891	  0.799588	  0.800179	  0.800667	  0.801058	  0.801359	  0.801574	  0.801707	  0.801767	  0.801757	  0.801687	  0.801562	  0.801389
   903	     0	         0	         0	         0	         0	         0	         0	         0	         0	         0	         0	         0	         0	         0	         0	         0	         0	0.00154081	0.00309083	0.00476768	0.00661132	 0.0158666	 0.0306193	 0.0521817	 0.0800365	  0.111577	  0.153805	   0.20747	  0.286373	  0.337843	  0.373366	  0.405736	  0.444021	  0.490338	  0.525719	  0.552041	  0.581861	  0.613372	  0.641602	  0.669939	  0.694406	  0.716432	  0.734951	  0.750548	  0.763764	  0.770377	  0.775217	  0.778911	  0.781841	  0.784254	  0.786308	   0.78811	  0.789734	  0.791225	  0.792597	  0.793856	  0.795003	  0.796038	  0.796962	  0.797776	   0.79848	  0.799075	  0.799565	  0.799959	  0.800263	  0.800482	  0.800621	  0.800687	  0.800688	   0.80063	  0.800519	  0.800364
   904	     0	         0	         0	         0	         0	         0	         0	         0	         0	         0	         0	         0	         0	         0	         0	         0	         0	 0.0015867	0.00318347	0.00491133	0.00681155	 0.0163518	 0.0315616	 0.0538029	 0.0825521	  0.115135	  0.158754	  0.214215	  0.295856	   0.34919	  0.386481	  0.420291	  0.460173	   0.50843	   0.54573	  0.573895	  0.605965	  0.636771	  0.662491	  0.687547	  0.708674	  0.727482	  0.743143	  0.756295	  0.767469	  0.773172	   0.77744	  0.780777	  0.783486	  0.785766	  0.787743	  0.789503	  0.791106	  0.792586	  0.793954	  0.795207	  0.796348	  0.797373	  0.798282	  0.799075	  0.799753	  0.800319	  0.800778	  0.801138	  0.801408	  0.801593	  0.801701	   0.80174	  0.801718	  0.801641	  0.801519	  0.801358
   905	     0	         0	         0	         0	         0	         0	         0	         0	         0	         0	         0	         0	         0	         0	         0	         0	         0	0.00154297	0.00310125	0.00479518	0.00666667	  0.016058	 0.0310874	 0.0531345	  0.081707	  0.114153	   0.15763	   0.21291	  0.294307	  0.347433	  0.384335	  0.417707	   0.45698	  0.504412	  0.540756	  0.567776	  0.598437	  0.628696	  0.654713	   0.68059	   0.70271	  0.722614	  0.739356	  0.753504	  0.765557	  0.771809	  0.776472	  0.780091	  0.783003	  0.785433	  0.787523	  0.789371	  0.791046	  0.792588	  0.794013	  0.795326	  0.796529	  0.797625	  0.798614	  0.799498	  0.800276	   0.80095	  0.801525	  0.802006	  0.802399	  0.802709	   0.80294	  0.803098	  0.803187	  0.803215	  0.803186	  0.803107
   906	     0	         0	         0	         0	         0	         0	         0	         0	         0	         0	         0	         0	         0	         0	         0	         0	         0	0.00163555	0.00325971	0.00500031	0.00690051	 0.0165161	 0.0317937	 0.0540817	 0.0828254	  0.115325	  0.158792	   0.21397	  0.295071	  0.347733	  0.384368	  0.417409	  0.456426	  0.503648	   0.53993	  0.567021	  0.597841	  0.628415	  0.654716	  0.680741	  0.702977	  0.722927	  0.739634	    0.7537	  0.765647	  0.771765	  0.776309	  0.779828	  0.782656	  0.785014	  0.787042	  0.788837	  0.790465	  0.791967	  0.793355	  0.794632	  0.795799	  0.796858	  0.797806	  0.798645	  0.799376	  0.799999	  0.800519	  0.800943	  0.801278	   0.80153	  0.801702	  0.801803	  0.801838	  0.801814	  0.801738	  0.801617
   907	     0	         0	         0	         0	         0	         0	         0	         0	         0	         0	         0	         0	         0	         0	         0	         0	         0	0.00159817	0.00320575	0.00494252	0.00684857	 0.0164276	 0.0316745	 0.0539472	 0.0827147	  0.115303	  0.158943	  0.214466	  0.296257	   0.34969	  0.387079	  0.420991	  0.461053	  0.509588	  0.547204	  0.575705	  0.608209	    0.6391	  0.664686	  0.689487	  0.710353	  0.728888	  0.744261	  0.757126	  0.768019	  0.773552	  0.777674	  0.780881	  0.783474	  0.785647	  0.787522	  0.789186	  0.790698	  0.792091	  0.793373	  0.794545	  0.795606	  0.796552	  0.797383	  0.798099	  0.798699	  0.799186	  0.799565	  0.799844	  0.800032	  0.800134	  0.800157	  0.800111	  0.800002	  0.799839	  0.799631	  0.799386
   908	     0	         0	         0	         0	         0	         0	         0	         0	         0	         0	         0	         0	         0	         0	         0	         0	         0	 0.0015867	0.00318347	0.00491133	0.00681155	 0.0163518	 0.0315616	 0.0538029	 0.0825521	  0.115135	  0.158754	  0.214215	  0.295856	   0.34919	  0.386481	  0.420291	  0.460173	   0.50843	   0.54573	  0.573895	  0.605965	  0.636771	  0.662491	  0.687547	  0.708674	  0.727482	  0.743143	  0.756295	  0.767469	  0.773172	   0.77744	  0.780777	  0.783486	  0.785766	  0.787743	  0.789503	  0.791106	  0.792586	  0.793954	  0.795207	  0.796348	  0.797373	  0.798282	  0.799075	  0.799753	  0.800319	  0.800778	  0.801138	  0.801408	  0.801593	  0.801701	   0.80174	  0.801718	  0.801641	  0.801519	  0.801358
   909	     0	         0	         0	         0	         0	         0	         0	         0	         0	         0	         0	         0	         0	         0	         0	         0	         0	0.00173979	0.00343474	0.00522172	0.00714584	  0.016976	 0.0324621	 0.0549049	 0.0836787	  0.116044	  0.159249	  0.214055	   0.29446	  0.346404	  0.382459	   0.41484	  0.453219	  0.499692	  0.535202	  0.561576	  0.591522	  0.622121	  0.649008	  0.675869	  0.699018	   0.71989	  0.737456	  0.752277	  0.764859	  0.771259	  0.775971	   0.77958	  0.782447	  0.784808	  0.786817	  0.788578	  0.790167	  0.791627	  0.792971	  0.794201	  0.795319	  0.796323	  0.797211	  0.797985	  0.798644	  0.799189	  0.799626	  0.799963	  0.800207	  0.800365	  0.800442	  0.800448	   0.80039	  0.800276	  0.800114	  0.799913
   910	     0	         0	         0	         0	         0	         0	         0	         0	         0	         0	         0	         0	         0	         0	         0	         0	         0	0.00163909	0.00326262	0.00499619	0.00688151	 0.0164322	 0.0315603	 0.0535783	 0.0819203	  0.113925	  0.156756	  0.211228	  0.291383	  0.343569	  0.379858	   0.41275	  0.451695	  0.498832	  0.535002	  0.562083	  0.592805	  0.623959	  0.651084	  0.677993	  0.701026	  0.721683	  0.738999	  0.753566	  0.765909	  0.772105	  0.776653	  0.780133	  0.782896	   0.78517	  0.787105	  0.788801	  0.790331	  0.791734	  0.793026	  0.794206	  0.795275	  0.796232	  0.797075	  0.797804	   0.79842	  0.798922	  0.799317	  0.799612	  0.799815	  0.799932	   0.79997	  0.799937	  0.799841	   0.79969	  0.799492	  0.799256
   911	     0	         0	         0	         0	         0	         0	         0	         0	         0	         0	         0	         0	         0	         0	         0	         0	         0	0.00159285	0.00319493	0.00492577	0.00682543	 0.0163733	 0.0315698	 0.0537696	 0.0824401	  0.114911	  0.158388	  0.213702	  0.295187	  0.348362	  0.385423	  0.418969	  0.458569	  0.506471	  0.543301	  0.570899	  0.602231	  0.632748	  0.658628	  0.684149	  0.705828	  0.725247	  0.741528	  0.755249	   0.76691	   0.77288	  0.777309	  0.780727	  0.783462	  0.785728	  0.787666	  0.789371	  0.790912	  0.792327	  0.793628	  0.794816	  0.795892	  0.796854	    0.7977	   0.79843	  0.799047	   0.79955	  0.799944	  0.800238	   0.80044	  0.800556	  0.800592	  0.800557	  0.800458	  0.800304	  0.800103	  0.799863
   912	     0	         0	         0	         0	         0	         0	         0	         0	         0	         0	         0	         0	         0	         0	         0	         0	         0	0.00145611	0.00293114	0.00453687	0.00631231	  0.015202	 0.0294309	 0.0503047	 0.0773683	  0.108131	  0.149458	  0.202145	  0.279787	   0.33091	  0.366289	  0.398878	  0.437407	  0.483972	  0.519721	  0.546572	  0.576935	  0.609641	  0.639093	  0.668504	  0.693728	  0.716246	   0.73506	  0.750818	  0.764113	  0.770582	  0.775288	  0.778879	  0.781735	    0.7841	  0.786125	  0.787914	  0.789536	  0.791032	  0.792415	  0.793687	   0.79485	  0.795902	  0.796842	  0.797672	   0.79839	  0.798998	  0.799499	  0.799903	  0.800215	   0.80044	  0.800584	  0.800654	  0.800656	  0.800598	  0.800486	  0.800328
   913	     0	         0	         0	         0	         0	         0	         0	         0	         0	         0	         0	         0	         0	         0	         0	         0	         0	0.00171239	0.00339773	0.00519038	0.00713518	 0.0170169	 0.0326547	 0.0553944	  0.084637	  0.117615	  0.161659	  0.217543	  0.299582	  0.352667	  0.389622	  0.422656	   0.46167	   0.50888	  0.545045	  0.571919	  0.602492	  0.632262	  0.657646	  0.682835	  0.704402	  0.723847	  0.740198	  0.754008	  0.765759	  0.771883	  0.776437	  0.779952	  0.782762	  0.785086	   0.78707	  0.788814	  0.790387	  0.791831	  0.793161	  0.794379	  0.795486	  0.796482	  0.797366	  0.798137	  0.798797	  0.799347	   0.79979	  0.800135	  0.800389	  0.800557	  0.800646	  0.800663	  0.800614	  0.800508	  0.800353	  0.800155
   914	     0	         0	         0	         0	         0	         0	         0	         0	         0	         0	         0	         0	         0	         0	         0	         0	         0	0.00156506	0.00314492	0.00485867	0.00674677	 0.0162044	 0.0312923	 0.0533554	 0.0818624	  0.114137	   0.15728	  0.212006	  0.292399	  0.344673	  0.380867	  0.413663	  0.452381	  0.499246	  0.535141	  0.561879	  0.592249	  0.623047	   0.64993	  0.676712	  0.699685	  0.720346	   0.73771	  0.752364	  0.764828	  0.771185	  0.775898	   0.77954	  0.782462	  0.784892	  0.786977	  0.788816	   0.79048	  0.792009	  0.793417	  0.794708	  0.795884	  0.796947	  0.797897	  0.798735	  0.799464	  0.800084	  0.800601	  0.801023	  0.801356	  0.801607	  0.801781	  0.801884	  0.801924	  0.801906	  0.801839	  0.801729
   915	     0	         0	         0	         0	         0	         0	         0	         0	         0	         0	         0	         0	         0	         0	         0	         0	         0	0.00164297	0.00329333	 0.0050766	 0.0070351	 0.0168791	  0.032558	  0.055467	 0.0850483	  0.118526	  0.163237	  0.219927	  0.303211	  0.357245	  0.395046	   0.42892	  0.468802	  0.517088	  0.554398	  0.582405	  0.614384	  0.643992	  0.668224	   0.69185	  0.711774	  0.729597	  0.744478	  0.757017	  0.767706	  0.773401	  0.777717	  0.781118	  0.783894	  0.786237	  0.788271	  0.790082	   0.79173	   0.79325	  0.794654	  0.795943	  0.797118	   0.79818	  0.799129	  0.799966	  0.800692	   0.80131	  0.801823	  0.802242	  0.802572	   0.80282	   0.80299	  0.803091	  0.803128	  0.803109	  0.803041	  0.802929
   916	     0	         0	         0	         0	         0	         0	         0	         0	         0	         0	         0	         0	         0	         0	         0	         0	         0	0.00162878	 0.0032734	0.00505593	0.00701715	 0.0168448	 0.0325013	 0.0553744	 0.0849019	  0.118306	  0.162894	  0.219407	  0.302423	  0.356225	  0.393728	  0.427351	  0.466975	  0.514988	  0.551984	  0.579667	  0.611249	  0.640817	  0.665251	  0.689211	  0.709481	  0.727654	  0.742866	  0.755695	  0.766626	  0.772394	  0.776727	   0.78011	   0.78284	  0.785121	  0.787081	   0.78881	  0.790373	  0.791806	   0.79312	  0.794317	  0.795399	  0.796364	  0.797214	  0.797948	   0.79857	   0.79908	  0.799485	  0.799794	  0.800013	  0.800151	  0.800212	  0.800207	   0.80014	  0.800022	  0.799859	  0.799659
   917	     0	         0	         0	         0	         0	         0	         0	         0	         0	         0	         0	         0	         0	         0	         0	         0	         0	0.00153221	 0.0030772	  0.004752	0.00659666	 0.0158455	 0.0306029	 0.0521897	 0.0800972	  0.111723	  0.154089	   0.20798	  0.287268	  0.339104	  0.374975	  0.407669	  0.446303	  0.493007	  0.528712	  0.555327	  0.585454	  0.616816	  0.644617	  0.672425	  0.696362	  0.717902	  0.736026	  0.751316	  0.764299	  0.770833	  0.775639	  0.779323	  0.782254	  0.784673	  0.786733	  0.788541	  0.790169	   0.79166	  0.793029	   0.79428	  0.795417	  0.796439	  0.797346	   0.79814	  0.798823	  0.799395	  0.799862	  0.800232	  0.800511	  0.800707	  0.800823	   0.80087	  0.800852	  0.800778	  0.800655	  0.800491
   918	     0	         0	         0	         0	         0	         0	         0	         0	         0	         0	         0	         0	         0	         0	         0	         0	         0	0.00163669	0.00328244	0.00506202	0.00701735	 0.0168423	 0.0324938	 0.0553641	 0.0848953	  0.118312	  0.162949	  0.219554	  0.302714	  0.356654	  0.394294	  0.427998	  0.467699	  0.515771	   0.55283	  0.580554	    0.6122	  0.641691	  0.666024	  0.689867	  0.710076	  0.728217	  0.743391	  0.756185	  0.767081	  0.772879	  0.777248	  0.780666	  0.783433	   0.78575	  0.787747	  0.789514	  0.791114	  0.792586	  0.793942	  0.795184	  0.796316	  0.797336	  0.798246	  0.799046	  0.799737	  0.800321	  0.800803	  0.801189	  0.801488	  0.801704	  0.801843	  0.801911	  0.801916	  0.801864	  0.801763	  0.801618
   919	     0	         0	         0	         0	         0	         0	         0	         0	         0	         0	         0	         0	         0	         0	         0	         0	         0	0.00155663	0.00313744	0.00485889	0.00676049	 0.0162626	 0.0314415	 0.0536676	 0.0824203	  0.115016	  0.158595	  0.213883	    0.2952	  0.348144	  0.385022	  0.418475	  0.457936	  0.505748	  0.542683	  0.570491	  0.602173	  0.633083	  0.659233	  0.684883	   0.70657	  0.725897	  0.742014	  0.755552	  0.767049	    0.7729	  0.777267	  0.780671	  0.783429	  0.785746	  0.787751	  0.789535	  0.791158	  0.792656	   0.79404	   0.79531	  0.796469	  0.797514	  0.798446	  0.799266	  0.799976	  0.800576	  0.801073	  0.801475	  0.801788	   0.80202	  0.802175	  0.802261	  0.802285	  0.802253	  0.802173	  0.802051
   920	     0	         0	         0	         0	         0	         0	         0	         0	         0	         0	         0	         0	         0	         0	         0	         0	         0	0.00161499	0.00321905	0.00493918	0.00681861	 0.0163406	 0.0314868	 0.0536155	 0.0821996	  0.114578	  0.157964	   0.21315	  0.294408	   0.34738	  0.384315	   0.41771	  0.457113	  0.504757	  0.541418	  0.568848	  0.600029	  0.630668	  0.656827	  0.682613	   0.70455	   0.72418	  0.740591	  0.754393	   0.76611	  0.772102	  0.776557	  0.780013	  0.782796	  0.785124	  0.787131	  0.788913	  0.790535	  0.792034	  0.793424	  0.794706	   0.79588	  0.796946	  0.797902	  0.798748	  0.799485	  0.800112	  0.800634	  0.801059	  0.801391	  0.801637	  0.801801	  0.801889	  0.801909	  0.801866	  0.801767	  0.801619
   921	     0	         0	         0	         0	         0	         0	         0	         0	         0	         0	         0	         0	         0	         0	         0	         0	         0	0.00164297	0.00329333	 0.0050766	 0.0070351	 0.0168791	  0.032558	  0.055467	 0.0850483	  0.118526	  0.163237	  0.219927	  0.303211	  0.357245	  0.395046	   0.42892	  0.468802	  0.517088	  0.554398	  0.582405	  0.614384	  0.643992	  0.668224	   0.69185	  0.711774	  0.729597	  0.744478	  0.757017	  0.767706	  0.773401	  0.777717	  0.781118	  0.783894	  0.786237	  0.788271	  0.790082	   0.79173	   0.79325	  0.794654	  0.795943	  0.797118	   0.79818	  0.799129	  0.799966	  0.800692	   0.80131	  0.801823	  0.802242	  0.802572	   0.80282	   0.80299	  0.803091	  0.803128	  0.803109	  0.803041	  0.802929
   922	     0	         0	         0	         0	         0	         0	         0	         0	         0	         0	         0	         0	         0	         0	         0	         0	         0	 0.0016065	 0.0032135	0.00494654	0.00684862	 0.0164406	 0.0317294	 0.0540927	 0.0830008	  0.115754	  0.159589	  0.215276	  0.297202	  0.350463	  0.387491	  0.420786	  0.459983	  0.507331	  0.543552	  0.570392	  0.600842	  0.630656	   0.65621	  0.681687	  0.703474	  0.723115	  0.739678	  0.753705	   0.76567	  0.771938	  0.776622	  0.780258	  0.783183	  0.785619	  0.787711	   0.78956	  0.791235	  0.792775	  0.794198	  0.795506	  0.796702	  0.797787	   0.79876	  0.799624	  0.800378	  0.801024	  0.801566	  0.802013	  0.802368	  0.802639	   0.80283	  0.802946	  0.802995	  0.802982	  0.802914	  0.802797
   923	     0	         0	         0	         0	         0	         0	         0	         0	         0	         0	         0	         0	         0	         0	         0	         0	         0	0.00157112	0.00316377	0.00489738	0.00681276	 0.0163977	 0.0317192	  0.054168	 0.0832228	   0.11617	  0.160216	  0.216085	  0.298235	  0.351672	  0.388934	  0.422573	  0.462187	  0.510149	  0.547178	  0.574973	  0.606669	  0.636966	  0.662319	   0.68717	    0.7082	  0.726998	  0.742699	  0.755919	  0.767176	  0.773045	  0.777465	  0.780934	   0.78376	  0.786144	  0.788215	   0.79006	  0.791741	  0.793294	  0.794731	  0.796056	   0.79727	  0.798374	  0.799369	  0.800257	  0.801038	  0.801715	  0.802292	  0.802776	  0.803174	  0.803491	  0.803732	  0.803903	  0.804009	  0.804057	  0.804053	  0.804003
   924	     0	         0	         0	         0	         0	         0	         0	         0	         0	         0	         0	         0	         0	         0	         0	         0	         0	0.00164064	0.00328897	0.00507035	0.00702701	 0.0168568	 0.0325117	 0.0553792	 0.0848927	   0.11827	  0.162813	  0.219232	  0.302056	  0.355669	  0.393067	  0.426561	  0.466006	  0.513764	  0.550546	   0.57803	   0.60937	  0.639016	  0.663725	  0.688038	  0.708668	  0.727189	  0.742718	  0.755836	  0.767029	  0.772961	  0.777438	   0.78095	  0.783802	  0.786198	  0.788271	   0.79011	  0.791779	  0.793315	  0.794732	  0.796032	  0.797218	  0.798291	  0.799251	    0.8001	  0.800841	  0.801473	  0.802004	   0.80244	  0.802789	  0.803057	  0.803248	   0.80337	  0.803429	  0.803431	  0.803383	  0.803293
   925	     0	         0	         0	         0	         0	         0	         0	         0	         0	         0	         0	         0	         0	         0	         0	         0	         0	0.00156506	0.00314492	0.00485867	0.00674677	 0.0162044	 0.0312923	 0.0533554	 0.0818624	  0.114137	   0.15728	  0.212006	  0.292399	  0.344673	  0.380867	  0.413663	  0.452381	  0.499246	  0.535141	  0.561879	  0.592249	  0.623047	   0.64993	  0.676712	  0.699685	  0.720346	   0.73771	  0.752364	  0.764828	  0.771185	  0.775898	   0.77954	  0.782462	  0.784892	  0.786977	  0.788816	   0.79048	  0.792009	  0.793417	  0.794708	  0.795884	  0.796947	  0.797897	  0.798735	  0.799464	  0.800084	  0.800601	  0.801023	  0.801356	  0.801607	  0.801781	  0.801884	  0.801924	  0.801906	  0.801839	  0.801729
   926	     0	         0	         0	         0	         0	         0	         0	         0	         0	         0	         0	         0	         0	         0	         0	         0	         0	0.00163841	0.00326305	0.00500157	0.00689695	  0.016502	 0.0317496	 0.0539845	 0.0826527	  0.115068	  0.158462	  0.213642	  0.294839	  0.347641	  0.384346	  0.417423	  0.456491	  0.503737	  0.539912	   0.56683	  0.597379	  0.627708	  0.653875	  0.679904	    0.7022	  0.722271	  0.739147	  0.753388	  0.765486	  0.771692	  0.776275	  0.779793	   0.78259	  0.784893	   0.78685	  0.788565	  0.790108	  0.791523	  0.792823	  0.794012	   0.79509	  0.796058	  0.796914	  0.797658	  0.798291	  0.798813	  0.799229	  0.799546	  0.799771	   0.79991	  0.799969	  0.799955	  0.799875	  0.799737	   0.79955	   0.79932
   927	     0	         0	         0	         0	         0	         0	         0	         0	         0	         0	         0	         0	         0	         0	         0	         0	         0	0.00162127	0.00324962	0.00500903	0.00694141	 0.0166566	 0.0321328	 0.0547499	 0.0839611	  0.117033	  0.161248	  0.217389	  0.299949	  0.353628	  0.391124	  0.424846	  0.464585	  0.512676	   0.54976	  0.577582	   0.60928	  0.639254	  0.664162	   0.68857	  0.709232	  0.727737	  0.743216	  0.756263	  0.767372	  0.773193	  0.777566	  0.780983	  0.783749	  0.786065	  0.788063	  0.789832	  0.791436	  0.792911	   0.79427	  0.795514	  0.796646	  0.797664	  0.798569	  0.799361	  0.800042	  0.800613	   0.80108	   0.80145	  0.801732	   0.80193	  0.802051	  0.802103	  0.802093	  0.802028	  0.801916	  0.801763
   928	     0	         0	         0	         0	         0	         0	         0	         0	         0	         0	         0	         0	         0	         0	         0	         0	         0	0.00163767	 0.0032796	 0.0050522	0.00699817	 0.0167799	 0.0323576	 0.0551059	 0.0844571	  0.117639	  0.161909	  0.217947	   0.30015	  0.353384	  0.390541	  0.423933	  0.463288	  0.510962	   0.54778	  0.575424	  0.607002	   0.63723	  0.662519	  0.687266	  0.708219	  0.726949	  0.742576	  0.755732	  0.766938	  0.772785	    0.7772	  0.780677	   0.78352	  0.785927	  0.788024	  0.789896	  0.791605	  0.793185	  0.794648	  0.795997	  0.797235	  0.798361	  0.799377	  0.800285	  0.801087	  0.801784	  0.802381	  0.802886	  0.803307	  0.803647	  0.803911	  0.804107	   0.80424	  0.804315	  0.804339	  0.804318
   929	     0	         0	         0	         0	         0	         0	         0	         0	         0	         0	         0	         0	         0	         0	         0	         0	         0	 0.0016595	0.00331794	0.00510209	0.00705407	 0.0168878	  0.032512	 0.0552944	 0.0846481	  0.117793	  0.161998	  0.217956	  0.300058	  0.353094	  0.390024	  0.423119	  0.462169	  0.509493	  0.545908	  0.573097	  0.604098	  0.634101	  0.659523	  0.684643	  0.706057	  0.725295	  0.741429	  0.755044	  0.766638	  0.772701	  0.777245	  0.780788	  0.783651	  0.786046	   0.78811	  0.789938	  0.791595	  0.793121	  0.794528	   0.79582	  0.797001	   0.79807	  0.799028	  0.799876	  0.800617	  0.801252	  0.801785	  0.802225	  0.802578	   0.80285	  0.803047	  0.803175	   0.80324	  0.803249	  0.803209	  0.803127
   930	     0	         0	         0	         0	         0	         0	         0	         0	         0	         0	         0	         0	         0	         0	         0	         0	         0	0.00172048	0.00341342	0.00521239	 0.0071616	  0.017071	 0.0327372	 0.0555059	 0.0847738	  0.117774	  0.161848	  0.217776	   0.29991	  0.353078	  0.390183	  0.423401	  0.462662	  0.510209	  0.546771	  0.574097	  0.605219	  0.635231	  0.660557	  0.685501	  0.706729	  0.725778	  0.741732	   0.75517	  0.766592	  0.772507	  0.776912	  0.780323	  0.783061	  0.785338	   0.78729	  0.789013	  0.790574	  0.792013	  0.793339	  0.794556	   0.79566	  0.796652	  0.797529	  0.798292	  0.798941	  0.799476	  0.799904	  0.800232	  0.800468	  0.800619	  0.800691	  0.800692	   0.80063	  0.800513	  0.800349	  0.800147
   931	     0	         0	         0	         0	         0	         0	         0	         0	         0	         0	         0	         0	         0	         0	         0	         0	         0	0.00147985	0.00298668	 0.0046321	0.00645461	 0.0155506	 0.0301106	 0.0514648	 0.0791367	  0.110562	  0.152686	  0.206261	  0.285116	  0.336782	  0.372528	   0.40527	  0.443941	  0.490715	  0.526599	  0.553459	  0.583891	  0.615807	  0.644164	  0.672453	    0.6967	  0.718405	  0.736593	  0.751882	  0.764834	  0.771274	  0.776008	   0.77965	  0.782568	  0.784996	  0.787084	  0.788933	  0.790613	  0.792162	  0.793595	  0.794915	  0.796123	   0.79722	  0.798204	  0.799078	  0.799842	  0.800497	  0.801048	  0.801502	  0.801866	  0.802145	  0.802344	   0.80247	  0.802529	  0.802528	  0.802473	   0.80237
   932	     0	         0	         0	         0	         0	         0	         0	         0	         0	         0	         0	         0	         0	         0	         0	         0	         0	0.00163841	0.00326305	0.00500157	0.00689695	  0.016502	 0.0317496	 0.0539845	 0.0826527	  0.115068	  0.158462	  0.213642	  0.294839	  0.347641	  0.384346	  0.417423	  0.456491	  0.503737	  0.539912	   0.56683	  0.597379	  0.627708	  0.653875	  0.679904	    0.7022	  0.722271	  0.739147	  0.753388	  0.765486	  0.771692	  0.776275	  0.779793	   0.78259	  0.784893	   0.78685	  0.788565	  0.790108	  0.791523	  0.792823	  0.794012	   0.79509	  0.796058	  0.796914	  0.797658	  0.798291	  0.798813	  0.799229	  0.799546	  0.799771	   0.79991	  0.799969	  0.799955	  0.799875	  0.799737	   0.79955	   0.79932
   933	     0	         0	         0	         0	         0	         0	         0	         0	         0	         0	         0	         0	         0	         0	         0	         0	         0	0.00163223	0.00325683	 0.0049995	 0.0069026	 0.0165171	 0.0317878	 0.0540597	 0.0827825	  0.115271	  0.158749	  0.214028	  0.295384	  0.348382	  0.385375	  0.418813	  0.458305	  0.506094	  0.542918	  0.570592	  0.602065	  0.632809	  0.658865	  0.684455	   0.70616	   0.72555	  0.741743	  0.755351	  0.766896	   0.77276	  0.777111	  0.780478	  0.783183	  0.785437	  0.787374	  0.789089	  0.790645	   0.79208	  0.793405	  0.794621	  0.795726	  0.796719	  0.797598	  0.798363	  0.799014	  0.799553	  0.799983	  0.800315	  0.800554	  0.800708	  0.800782	  0.800785	  0.800724	  0.800607	  0.800443	  0.800238
   934	     0	         0	         0	         0	         0	         0	         0	         0	         0	         0	         0	         0	         0	         0	         0	         0	         0	0.00164297	0.00329333	 0.0050766	 0.0070351	 0.0168791	  0.032558	  0.055467	 0.0850483	  0.118526	  0.163237	  0.219927	  0.303211	  0.357245	  0.395046	   0.42892	  0.468802	  0.517088	  0.554398	  0.582405	  0.614384	  0.643992	  0.668224	   0.69185	  0.711774	  0.729597	  0.744478	  0.757017	  0.767706	  0.773401	  0.777717	  0.781118	  0.783894	  0.786237	  0.788271	  0.790082	   0.79173	   0.79325	  0.794654	  0.795943	  0.797118	   0.79818	  0.799129	  0.799966	  0.800692	   0.80131	  0.801823	  0.802242	  0.802572	   0.80282	   0.80299	  0.803091	  0.803128	  0.803109	  0.803041	  0.802929
   935	     0	         0	         0	         0	         0	         0	         0	         0	         0	         0	         0	         0	         0	         0	         0	         0	         0	0.00162959	0.00325842	0.00501121	 0.0069301	 0.0166091	 0.0320043	 0.0544868	 0.0835165	  0.116391	   0.16041	   0.21642	  0.298938	  0.352744	  0.390402	  0.424326	  0.464327	  0.512715	  0.550073	  0.578175	  0.610166	  0.640302	  0.665224	  0.689561	  0.710084	  0.728408	  0.743694	   0.75654	  0.767447	  0.773088	  0.777292	  0.780552	  0.783171	  0.785349	  0.787216	  0.788862	  0.790351	  0.791719	  0.792976	  0.794124	  0.795163	  0.796089	  0.796902	  0.797601	  0.798187	  0.798661	  0.799026	  0.799291	  0.799463	  0.799549	  0.799553	  0.799486	  0.799354	  0.799164	  0.798927	  0.798648
   936	     0	         0	         0	         0	         0	         0	         0	         0	         0	         0	         0	         0	         0	         0	         0	         0	         0	0.00160002	0.00320298	0.00493386	0.00683541	 0.0164046	  0.031661	 0.0539639	 0.0827741	  0.115381	   0.15897	  0.214259	   0.29547	  0.348182	  0.384683	  0.417536	  0.456262	  0.503085	  0.538862	   0.56535	  0.595446	  0.625564	  0.651747	  0.677916	  0.700414	  0.720722	  0.737825	  0.752284	  0.764592	  0.770962	  0.775692	  0.779345	  0.782269	  0.784697	  0.786777	  0.788611	   0.79027	  0.791796	  0.793206	  0.794505	  0.795696	  0.796779	  0.797757	  0.798629	  0.799397	  0.800061	  0.800625	  0.801096	   0.80148	  0.801782	  0.802005	  0.802156	   0.80224	  0.802263	  0.802231	   0.80215
   937	     0	         0	         0	         0	         0	         0	         0	         0	         0	         0	         0	         0	         0	         0	         0	         0	         0	0.00161812	0.00322172	0.00493609	0.00680335	 0.0162568	 0.0312492	 0.0530887	  0.081223	  0.113014	  0.155578	   0.20972	  0.289383	  0.341266	  0.377231	  0.409853	  0.448458	   0.49514	  0.530806	  0.557351	  0.587403	  0.618497	  0.645991	  0.673496	  0.697176	  0.718494	  0.736435	  0.751565	  0.764401	  0.770858	  0.775589	  0.779196	  0.782049	  0.784387	  0.786367	  0.788095	  0.789646	  0.791064	  0.792363	  0.793548	  0.794618	  0.795574	  0.796415	  0.797141	  0.797754	  0.798252	  0.798643	  0.798934	  0.799131	  0.799242	  0.799272	  0.799229	   0.79912	  0.798955	   0.79874	  0.798484
   938	     0	         0	         0	         0	         0	         0	         0	         0	         0	         0	         0	         0	         0	         0	         0	         0	         0	0.00164768	 0.0032835	0.00503462	 0.0069436	 0.0166079	 0.0319439	 0.0543005	 0.0831171	  0.115692	  0.159271	   0.21464	  0.296089	  0.349012	  0.385893	  0.419141	   0.45842	   0.50597	  0.542554	  0.569946	  0.601106	  0.631635	  0.657645	  0.683301	  0.705139	  0.724699	  0.741062	  0.754826	  0.766505	  0.772472	  0.776893	  0.780307	  0.783041	  0.785312	  0.787257	  0.788973	  0.790526	  0.791957	  0.793276	  0.794485	  0.795585	  0.796573	  0.797449	  0.798213	  0.798864	  0.799404	  0.799837	  0.800172	  0.800416	  0.800574	  0.800652	  0.800659	  0.800602	  0.800487	  0.800324	   0.80012
   939	     0	         0	         0	         0	         0	         0	         0	         0	         0	         0	         0	         0	         0	         0	         0	         0	         0	0.00151479	0.00306235	0.00475512	0.00663147	 0.0159722	 0.0309164	 0.0528168	  0.081167	  0.113319	  0.156306	  0.210824	  0.290955	  0.343158	  0.379314	  0.412238	  0.451099	  0.498174	  0.534344	  0.561411	  0.592161	  0.623368	  0.650536	   0.67751	  0.700519	  0.721114	  0.738375	  0.752914	  0.765267	  0.771501	  0.776121	  0.779696	  0.782573	  0.784973	  0.787039	  0.788868	  0.790525	  0.792049	  0.793452	  0.794738	  0.795908	  0.796963	  0.797902	  0.798729	  0.799445	  0.800052	  0.800554	  0.800961	  0.801279	  0.801515	  0.801673	  0.801762	  0.801786	  0.801753	  0.801671	  0.801544
   940	     0	         0	         0	         0	         0	         0	         0	         0	         0	         0	         0	         0	         0	         0	         0	         0	         0	0.00158786	0.00319087	0.00492818	0.00683965	 0.0164156	 0.0316741	 0.0539693	 0.0827529	  0.115316	  0.158802	  0.213904	  0.294842	  0.347372	   0.38387	  0.416907	  0.455926	  0.503226	  0.539662	  0.566981	  0.598102	  0.628967	  0.655442	  0.681571	  0.703815	  0.723716	  0.740357	  0.754357	  0.766249	   0.77231	  0.776823	   0.78033	  0.783162	  0.785533	  0.787579	  0.789396	  0.791046	  0.792569	  0.793975	  0.795268	  0.796449	  0.797517	  0.798473	  0.799319	  0.800055	  0.800683	  0.801209	  0.801641	  0.801986	  0.802249	  0.802436	  0.802555	  0.802611	  0.802611	  0.802563	  0.802472
   941	     0	         0	         0	         0	         0	         0	         0	         0	         0	         0	         0	         0	         0	         0	         0	         0	         0	0.00158851	0.00318378	 0.0049077	0.00680156	 0.0163343	 0.0315309	 0.0537581	 0.0824928	  0.115057	  0.158656	  0.214068	  0.295626	  0.348794	  0.385847	  0.419375	  0.458942	  0.506851	  0.543816	  0.571587	  0.603235	  0.633885	  0.659747	  0.685087	  0.706573	  0.725761	   0.74175	  0.755169	   0.76655	  0.772367	  0.776696	  0.780058	  0.782768	  0.785034	  0.786988	  0.788721	  0.790296	   0.79175	  0.793095	  0.794332	  0.795461	  0.796482	  0.797393	  0.798195	  0.798888	  0.799474	  0.799956	  0.800342	  0.800639	  0.800854	   0.80099	  0.801055	  0.801056	     0.801	  0.800894	  0.800745
   942	     0	         0	         0	         0	         0	         0	         0	         0	         0	         0	         0	         0	         0	         0	         0	         0	         0	0.00160404	0.00321327	0.00495105	0.00685933	 0.0164572	 0.0317492	 0.0540999	 0.0829724	  0.115666	   0.15939	  0.214899	  0.296518	  0.349609	  0.386588	  0.419973	  0.459342	  0.506982	  0.543645	  0.571093	  0.602328	  0.632754	  0.658556	  0.683967	  0.705559	  0.724894	  0.741074	  0.754704	  0.766299	  0.772269	  0.776728	  0.780199	  0.783003	  0.785349	  0.787374	   0.78917	  0.790801	  0.792304	  0.793692	  0.794965	  0.796127	  0.797175	   0.79811	  0.798933	  0.799645	  0.800247	  0.800744	  0.801145	  0.801457	  0.801684	  0.801834	  0.801913	  0.801928	  0.801886	  0.801795	   0.80166
   943	     0	         0	         0	         0	         0	         0	         0	         0	         0	         0	         0	         0	         0	         0	         0	         0	         0	0.00163864	0.00326417	0.00500219	0.00689407	 0.0164436	 0.0315649	 0.0535381	 0.0817641	  0.113546	  0.155931	  0.209585	  0.288202	  0.339028	  0.374052	  0.405803	  0.443469	  0.489143	   0.52402	  0.549956	  0.579409	  0.610937	  0.639385	  0.667978	  0.692753	  0.715083	  0.733856	  0.749665	  0.763058	  0.769748	  0.774641	  0.778377	  0.781341	  0.783781	  0.785857	  0.787676	  0.789314	  0.790816	  0.792195	  0.793457	  0.794604	  0.795636	  0.796553	  0.797358	  0.798052	  0.798636	  0.799116	  0.799502	    0.7998	  0.800017	  0.800159	  0.800234	  0.800249	  0.800212	  0.800131	  0.800012
   944	     0	         0	         0	         0	         0	         0	         0	         0	         0	         0	         0	         0	         0	         0	         0	         0	         0	0.00156704	0.00314426	0.00485153	0.00672964	  0.016148	 0.0311618	 0.0531032	 0.0814363	  0.113497	  0.156345	  0.210683	  0.290477	  0.342339	  0.378223	  0.410774	  0.449209	  0.495705	   0.53127	  0.557727	  0.587736	   0.61881	  0.646304	  0.673831	  0.697514	  0.718829	  0.736771	   0.75192	  0.764802	  0.771348	  0.776195	  0.779941	  0.782947	  0.785452	  0.787605	  0.789508	  0.791234	  0.792824	  0.794291	  0.795642	  0.796878	  0.798002	  0.799013	  0.799914	  0.800706	   0.80139	  0.801972	  0.802459	  0.802857	  0.803173	   0.80341	  0.803575	  0.803675	  0.803715	  0.803703	  0.803644
   945	     0	         0	         0	         0	         0	         0	         0	         0	         0	         0	         0	         0	         0	         0	         0	         0	         0	0.00145808	0.00294907	0.00458249	0.00639657	 0.0154363	 0.0299293	 0.0512159	 0.0788427	  0.110272	  0.152472	  0.206274	  0.285619	  0.337809	  0.373973	  0.407094	  0.446157	  0.493327	  0.529437	  0.556404	  0.586869	  0.618386	  0.646191	  0.673969	  0.697745	  0.719066	  0.736991	  0.752102	  0.764925	  0.771341	  0.776053	  0.779661	   0.78253	  0.784899	  0.786918	  0.788693	  0.790292	  0.791758	  0.793105	  0.794337	  0.795455	  0.796458	  0.797347	  0.798121	  0.798782	  0.799331	  0.799771	   0.80011	  0.800355	  0.800511	  0.800583	  0.800579	  0.800505	  0.800368	  0.800176	  0.799935
   946	     0	         0	         0	         0	         0	         0	         0	         0	         0	         0	         0	         0	         0	         0	         0	         0	         0	0.00164297	0.00329333	 0.0050766	 0.0070351	 0.0168791	  0.032558	  0.055467	 0.0850483	  0.118526	  0.163237	  0.219927	  0.303211	  0.357245	  0.395046	   0.42892	  0.468802	  0.517088	  0.554398	  0.582405	  0.614384	  0.643992	  0.668224	   0.69185	  0.711774	  0.729597	  0.744478	  0.757017	  0.767706	  0.773401	  0.777717	  0.781118	  0.783894	  0.786237	  0.788271	  0.790082	   0.79173	   0.79325	  0.794654	  0.795943	  0.797118	   0.79818	  0.799129	  0.799966	  0.800692	   0.80131	  0.801823	  0.802242	  0.802572	   0.80282	   0.80299	  0.803091	  0.803128	  0.803109	  0.803041	  0.802929
   947	     0	         0	         0	         0	         0	         0	         0	         0	         0	         0	         0	         0	         0	         0	         0	         0	         0	0.00166036	0.00333042	0.00513756	0.00712482	 0.0171085	 0.0330234	  0.056292	 0.0863514	   0.12038	  0.165807	   0.22338	  0.307928	  0.362784	  0.401356	  0.435767	  0.476213	  0.525195	  0.563268	  0.592034	  0.624999	  0.654196	   0.67723	  0.699387	  0.717877	  0.734345	  0.748007	  0.759482	  0.769257	  0.774619	  0.778736	  0.782022	  0.784734	  0.787045	  0.789067	  0.790878	  0.792533	  0.794064	   0.79548	  0.796785	  0.797978	   0.79906	  0.800031	  0.800893	  0.801647	  0.802294	   0.80284	  0.803294	  0.803661	  0.803947	  0.804158	  0.804301	  0.804381	  0.804406	  0.804382	  0.804315
   948	     0	         0	         0	         0	         0	         0	         0	         0	         0	         0	         0	         0	         0	         0	         0	         0	         0	 0.0016546	0.00331048	0.00509499	0.00705114	 0.0169065	 0.0325906	 0.0554963	 0.0850638	  0.118522	  0.163243	  0.220029	  0.303519	  0.357732	  0.395646	  0.429528	  0.469405	  0.517628	  0.554764	  0.582516	  0.614137	  0.643375	  0.667383	   0.69094	  0.710899	   0.72884	  0.743883	  0.756589	  0.767423	   0.77323	   0.77761	  0.781034	  0.783799	  0.786107	  0.788091	  0.789841	  0.791422	  0.792872	  0.794205	  0.795423	  0.796529	  0.797523	  0.798404	  0.799174	  0.799833	  0.800382	  0.800827	  0.801175	  0.801433	  0.801606	  0.801701	  0.801724	  0.801683	  0.801584	  0.801435	  0.801244
   949	     0	         0	         0	         0	         0	         0	         0	         0	         0	         0	         0	         0	         0	         0	         0	         0	         0	0.00161639	0.00323607	0.00498441	0.00690425	 0.0165671	 0.0319656	 0.0544743	 0.0835527	  0.116477	  0.160513	  0.216437	  0.298673	  0.352112	  0.389284	  0.422655	   0.46195	  0.509436	  0.545804	  0.572811	  0.603492	  0.633164	  0.658361	  0.683392	  0.704778	  0.724059	  0.740293	  0.754026	  0.765733	  0.771872	  0.776453	  0.780001	  0.782843	  0.785201	  0.787216	  0.788987	  0.790584	  0.792046	   0.79339	  0.794619	  0.795736	  0.796742	  0.797636	   0.79842	  0.799094	   0.79966	  0.800122	  0.800487	  0.800762	  0.800952	  0.801062	  0.801099	  0.801069	   0.80098	  0.800838	  0.800651
   950	     0	         0	         0	         0	         0	         0	         0	         0	         0	         0	         0	         0	         0	         0	         0	         0	         0	0.00154692	0.00309143	0.00475332	0.00657341	 0.0157512	 0.0303559	 0.0516841	 0.0792188	  0.110388	   0.15216	  0.205309	  0.283515	  0.334594	  0.369838	  0.402008	  0.440071	  0.486071	  0.521131	  0.547173	  0.576587	  0.608409	  0.637309	  0.666489	  0.691719	  0.714428	  0.733556	  0.749668	  0.763304	  0.770068	  0.774988	  0.778721	  0.781666	  0.784078	  0.786122	   0.78791	   0.78952	  0.790998	  0.792358	  0.793606	  0.794741	  0.795765	  0.796676	  0.797474	   0.79816	  0.798735	  0.799203	  0.799572	  0.799849	  0.800039	  0.800148	  0.800184	  0.800153	  0.800062	   0.79992	  0.799733
   951	     0	         0	         0	         0	         0	         0	         0	         0	         0	         0	         0	         0	         0	         0	         0	         0	         0	0.00164626	0.00329285	0.00506577	0.00700736	  0.016793	 0.0323571	 0.0550788	 0.0844014	  0.117577	  0.161927	  0.218227	  0.301007	  0.354769	  0.392333	  0.426054	  0.465807	  0.513938	  0.551083	  0.578948	   0.61073	   0.64059	  0.665296	  0.689455	  0.709882	  0.728159	  0.743414	  0.756248	  0.767159	  0.772872	  0.777156	  0.780496	  0.783194	  0.785449	  0.787392	  0.789111	  0.790669	  0.792102	  0.793422	   0.79463	  0.795727	  0.796712	  0.797584	  0.798344	  0.798992	  0.799529	  0.799962	  0.800296	  0.800541	  0.800701	  0.800783	  0.800794	   0.80074	  0.800631	  0.800472	  0.800272
   952	     0	         0	         0	         0	         0	         0	         0	         0	         0	         0	         0	         0	         0	         0	         0	         0	         0	0.00156506	0.00314492	0.00485867	0.00674677	 0.0162044	 0.0312923	 0.0533554	 0.0818624	  0.114137	   0.15728	  0.212006	  0.292399	  0.344673	  0.380867	  0.413663	  0.452381	  0.499246	  0.535141	  0.561879	  0.592249	  0.623047	   0.64993	  0.676712	  0.699685	  0.720346	   0.73771	  0.752364	  0.764828	  0.771185	  0.775898	   0.77954	  0.782462	  0.784892	  0.786977	  0.788816	   0.79048	  0.792009	  0.793417	  0.794708	  0.795884	  0.796947	  0.797897	  0.798735	  0.799464	  0.800084	  0.800601	  0.801023	  0.801356	  0.801607	  0.801781	  0.801884	  0.801924	  0.801906	  0.801839	  0.801729
   953	     0	         0	         0	         0	         0	         0	         0	         0	         0	         0	         0	         0	         0	         0	         0	         0	         0	0.00156704	0.00314426	0.00485153	0.00672964	  0.016148	 0.0311618	 0.0531032	 0.0814363	  0.113497	  0.156345	  0.210683	  0.290477	  0.342339	  0.378223	  0.410774	  0.449209	  0.495705	   0.53127	  0.557727	  0.587736	   0.61881	  0.646304	  0.673831	  0.697514	  0.718829	  0.736771	   0.75192	  0.764802	  0.771348	  0.776195	  0.779941	  0.782947	  0.785452	  0.787605	  0.789508	  0.791234	  0.792824	  0.794291	  0.795642	  0.796878	  0.798002	  0.799013	  0.799914	  0.800706	   0.80139	  0.801972	  0.802459	  0.802857	  0.803173	   0.80341	  0.803575	  0.803675	  0.803715	  0.803703	  0.803644
   954	     0	         0	         0	         0	         0	         0	         0	         0	         0	         0	         0	         0	         0	         0	         0	         0	         0	0.00156037	0.00314804	0.00488123	0.00680064	 0.0163879	 0.0317326	 0.0542381	 0.0833976	    0.1165	  0.160783	  0.216999	  0.299713	  0.353626	  0.391278	  0.425267	  0.465249	  0.513626	  0.551002	  0.579087	  0.611112	   0.64115	  0.665929	  0.690118	  0.710499	  0.728699	  0.743893	  0.756693	  0.767604	  0.773346	  0.777689	   0.78111	  0.783905	  0.786268	  0.788323	  0.790156	  0.791826	  0.793368	  0.794794	  0.796105	  0.797304	  0.798391	  0.799365	  0.800228	  0.800983	   0.80163	  0.802175	  0.802625	  0.802988	  0.803267	  0.803469	  0.803601	  0.803667	  0.803675	  0.803631	  0.803542
   955	     0	         0	         0	         0	         0	         0	         0	         0	         0	         0	         0	         0	         0	         0	         0	         0	         0	 0.0016408	 0.0032649	0.00500125	 0.0068934	 0.0164791	 0.0316915	 0.0538624	 0.0824313	  0.114712	  0.157891	  0.212744	  0.293365	  0.345753	  0.382138	  0.414966	  0.453741	  0.500608	  0.536442	  0.563068	   0.59326	  0.623821	  0.650524	  0.677184	  0.700112	  0.720781	  0.738191	  0.752903	  0.765419	  0.771847	  0.776613	  0.780291	  0.783235	  0.785677	  0.787769	  0.789614	  0.791283	  0.792819	  0.794237	  0.795541	  0.796733	  0.797813	  0.798781	  0.799637	  0.800382	  0.801018	  0.801548	  0.801981	  0.802322	  0.802578	  0.802753	  0.802856	  0.802891	  0.802866	  0.802789	  0.802666
   956	     0	         0	         0	         0	         0	         0	         0	         0	         0	         0	         0	         0	         0	         0	         0	         0	         0	0.00167409	0.00333588	0.00511447	 0.0070527	 0.0168515	 0.0323873	 0.0550042	 0.0841073	  0.116934	  0.160732	  0.216214	  0.297601	  0.350158	  0.386594	  0.419241	   0.45781	  0.504515	  0.540214	  0.566657	  0.596727	  0.626715	   0.65274	   0.67875	  0.701133	  0.721354	  0.738402	  0.752823	  0.765105	  0.771488	  0.776232	  0.779896	  0.782828	  0.785256	  0.787331	  0.789157	  0.790804	  0.792316	  0.793707	  0.794983	  0.796145	  0.797194	  0.798131	  0.798956	  0.799672	  0.800279	  0.800782	   0.80119	  0.801509	  0.801745	  0.801902	   0.80199	  0.802013	  0.801979	  0.801896	   0.80177
   957	     0	         0	         0	         0	         0	         0	         0	         0	         0	         0	         0	         0	         0	         0	         0	         0	         0	0.00163841	0.00326305	0.00500157	0.00689695	  0.016502	 0.0317496	 0.0539845	 0.0826527	  0.115068	  0.158462	  0.213642	  0.294839	  0.347641	  0.384346	  0.417423	  0.456491	  0.503737	  0.539912	   0.56683	  0.597379	  0.627708	  0.653875	  0.679904	    0.7022	  0.722271	  0.739147	  0.753388	  0.765486	  0.771692	  0.776275	  0.779793	   0.78259	  0.784893	   0.78685	  0.788565	  0.790108	  0.791523	  0.792823	  0.794012	   0.79509	  0.796058	  0.796914	  0.797658	  0.798291	  0.798813	  0.799229	  0.799546	  0.799771	   0.79991	  0.799969	  0.799955	  0.799875	  0.799737	   0.79955	   0.79932
   958	     0	         0	         0	         0	         0	         0	         0	         0	         0	         0	         0	         0	         0	         0	         0	         0	         0	0.00156316	0.00313609	0.00483703	0.00670589	 0.0160815	 0.0310129	 0.0528216	 0.0809736	  0.112828	  0.155425	  0.209492	  0.288948	   0.34067	   0.37648	  0.409071	  0.447606	  0.494261	  0.530025	  0.556751	  0.587066	  0.618524	  0.646308	  0.674018	  0.697782	  0.719094	   0.73698	  0.752041	   0.76482	  0.771221	  0.775937	  0.779566	  0.782468	  0.784877	  0.786941	  0.788762	   0.79041	  0.791925	  0.793319	  0.794597	  0.795758	  0.796804	  0.797733	  0.798548	   0.79925	   0.79984	  0.800325	  0.800713	  0.801011	  0.801226	  0.801364	  0.801433	  0.801439	   0.80139	  0.801294	  0.801158
   959	     0	         0	         0	         0	         0	         0	         0	         0	         0	         0	         0	         0	         0	         0	         0	         0	         0	0.00162193	0.00324672	0.00499971	0.00692357	 0.0166163	 0.0320617	 0.0546476	 0.0838415	  0.116924	  0.161198	  0.217447	  0.300224	   0.35415	  0.391949	  0.425993	  0.466091	  0.514612	  0.552214	  0.580584	  0.612981	  0.643183	  0.667941	  0.691959	  0.712149	  0.730122	  0.745049	  0.757567	  0.768197	  0.773754	  0.777945	  0.781241	  0.783932	  0.786208	  0.788189	  0.789959	  0.791575	  0.793071	  0.794458	  0.795737	  0.796909	  0.797972	  0.798925	   0.79977	  0.800506	  0.801135	  0.801661	  0.802091	  0.802431	  0.802687	  0.802864	  0.802969	  0.803006	  0.802984	  0.802908	  0.802785
   960	     0	         0	         0	         0	         0	         0	         0	         0	         0	         0	         0	         0	         0	         0	         0	         0	         0	0.00156622	0.00313238	0.00481831	0.00666443	 0.0159738	 0.0307834	 0.0524103	 0.0803334	  0.111951	  0.154328	  0.208265	  0.287689	  0.339573	  0.375553	  0.408344	  0.447146	  0.494099	  0.530119	   0.55708	  0.587646	  0.619209	  0.647006	  0.674657	  0.698363	  0.719607	  0.737399	  0.752349	  0.765001	  0.771298	  0.775908	   0.77943	  0.782227	  0.784531	  0.786494	  0.788216	  0.789769	  0.791194	  0.792504	  0.793703	   0.79479	  0.795765	  0.796627	  0.797375	   0.79801	  0.798534	  0.798951	  0.799269	  0.799494	  0.799634	  0.799694	  0.799681	  0.799603	  0.799468	  0.799284	  0.799058
   961	     0	         0	         0	         0	         0	         0	         0	         0	         0	         0	         0	         0	         0	         0	         0	         0	         0	0.00163429	0.00323536	0.00493588	0.00678149	 0.0161748	 0.0310622	 0.0527376	 0.0806513	  0.112184	  0.154419	  0.208146	  0.287151	  0.338662	  0.374408	  0.406866	  0.445237	  0.491542	  0.526859	  0.553089	  0.582716	  0.614079	  0.642202	  0.670468	  0.694885	  0.716887	  0.735432	  0.751089	  0.764384	  0.771083	  0.776012	  0.779794	  0.782807	  0.785301	  0.787434	  0.789314	  0.791017	  0.792586	  0.794037	  0.795375	  0.796601	  0.797716	  0.798719	   0.79961	   0.80039	   0.80106	  0.801623	  0.802087	  0.802459	  0.802742	  0.802943	  0.803067	  0.803121	  0.803112	  0.803047	  0.802932
   962	     0	         0	         0	         0	         0	         0	         0	         0	         0	         0	         0	         0	         0	         0	         0	         0	         0	0.00160242	0.00320084	0.00491988	0.00680199	    0.0163	 0.0314134	 0.0534858	 0.0819828	  0.114242	  0.157435	  0.212362	  0.293196	  0.345865	  0.382473	  0.415569	  0.454626	  0.501826	  0.537979	  0.564914	  0.595461	  0.626065	  0.652596	  0.679003	  0.701623	  0.721969	  0.739074	  0.753509	  0.765776	   0.77205	  0.776693	  0.780269	  0.783125	  0.785489	   0.78751	  0.789289	  0.790896	  0.792373	  0.793736	  0.794986	  0.796127	  0.797157	  0.798076	  0.798885	  0.799583	  0.800172	  0.800655	  0.801041	  0.801334	  0.801541	  0.801668	   0.80172	  0.801704	  0.801628	  0.801499	  0.801324
   963	     0	         0	         0	         0	         0	         0	         0	         0	         0	         0	         0	         0	         0	         0	         0	         0	         0	0.00152921	0.00308387	0.00477719	0.00664722	 0.0159786	 0.0308737	 0.0526636	 0.0808276	  0.112728	  0.155377	  0.209483	  0.289007	  0.340811	   0.37665	   0.40933	   0.44797	  0.494801	  0.530773	  0.557713	  0.588314	  0.619863	  0.647599	  0.675188	   0.69879	  0.719918	  0.737613	  0.752491	  0.765101	    0.7714	  0.776037	  0.779605	   0.78246	  0.784831	  0.786865	   0.78866	  0.790286	  0.791781	  0.793159	  0.794421	  0.795568	  0.796602	   0.79752	  0.798326	   0.79902	  0.799604	  0.800083	  0.800466	   0.80076	  0.800972	  0.801106	  0.801172	  0.801174	  0.801122	  0.801021	  0.800879
   964	     0	         0	         0	         0	         0	         0	         0	         0	         0	         0	         0	         0	         0	         0	         0	         0	         0	 0.0015014	0.00300786	0.00463581	0.00642547	  0.015431	 0.0298007	 0.0508327	  0.078047	  0.108927	  0.150393	  0.203248	  0.281126	  0.332281	   0.36769	  0.400213	  0.438696	  0.485214	  0.520896	  0.547657	  0.577931	  0.610412	  0.639624	  0.668803	  0.693867	  0.716274	  0.735003	  0.750691	  0.763923	  0.770371	  0.775052	   0.77861	  0.781427	  0.783748	  0.785726	  0.787465	  0.789038	  0.790485	   0.79182	  0.793046	  0.794164	  0.795172	  0.796068	  0.796854	  0.797529	  0.798093	   0.79855	  0.798909	  0.799175	  0.799354	  0.799451	  0.799473	  0.799428	  0.799322	  0.799162	  0.798957
   965	     0	         0	         0	         0	         0	         0	         0	         0	         0	         0	         0	         0	         0	         0	         0	         0	         0	0.00156262	0.00313402	0.00483479	0.00670648	 0.0161096	 0.0311157	 0.0530779	 0.0814874	  0.113704	  0.156864	  0.211757	  0.292588	  0.345378	  0.382134	  0.415486	  0.454812	  0.502345	  0.538904	  0.566304	  0.597412	  0.628343	  0.654913	  0.681174	  0.703528	  0.723529	  0.740269	  0.754355	  0.766313	  0.772378	  0.776875	  0.780353	  0.783147	  0.785475	  0.787478	  0.789249	  0.790856	  0.792335	  0.793701	  0.794955	  0.796099	  0.797133	  0.798056	  0.798868	  0.799569	  0.800161	  0.800648	  0.801037	  0.801334	  0.801545	  0.801676	  0.801732	  0.801721	  0.801648	  0.801522	  0.801349
   966	     0	         0	         0	         0	         0	         0	         0	         0	         0	         0	         0	         0	         0	         0	         0	         0	         0	0.00156622	0.00313238	0.00481831	0.00666443	 0.0159738	 0.0307834	 0.0524103	 0.0803334	  0.111951	  0.154328	  0.208265	  0.287689	  0.339573	  0.375553	  0.408344	  0.447146	  0.494099	  0.530119	   0.55708	  0.587646	  0.619209	  0.647006	  0.674657	  0.698363	  0.719607	  0.737399	  0.752349	  0.765001	  0.771298	  0.775908	   0.77943	  0.782227	  0.784531	  0.786494	  0.788216	  0.789769	  0.791194	  0.792504	  0.793703	   0.79479	  0.795765	  0.796627	  0.797375	   0.79801	  0.798534	  0.798951	  0.799269	  0.799494	  0.799634	  0.799694	  0.799681	  0.799603	  0.799468	  0.799284	  0.799058
   967	     0	         0	         0	         0	         0	         0	         0	         0	         0	         0	         0	         0	         0	         0	         0	         0	         0	0.00163429	0.00323536	0.00493588	0.00678149	 0.0161748	 0.0310622	 0.0527376	 0.0806513	  0.112184	  0.154419	  0.208146	  0.287151	  0.338662	  0.374408	  0.406866	  0.445237	  0.491542	  0.526859	  0.553089	  0.582716	  0.614079	  0.642202	  0.670468	  0.694885	  0.716887	  0.735432	  0.751089	  0.764384	  0.771083	  0.776012	  0.779794	  0.782807	  0.785301	  0.787434	  0.789314	  0.791017	  0.792586	  0.794037	  0.795375	  0.796601	  0.797716	  0.798719	   0.79961	   0.80039	   0.80106	  0.801623	  0.802087	  0.802459	  0.802742	  0.802943	  0.803067	  0.803121	  0.803112	  0.803047	  0.802932
   968	     0	         0	         0	         0	         0	         0	         0	         0	         0	         0	         0	         0	         0	         0	         0	         0	         0	0.00165217	0.00331086	0.00510444	0.00707669	 0.0170094	 0.0328563	 0.0560552	 0.0860647	  0.120088	  0.165585	  0.223348	  0.308298	  0.363535	  0.402409	  0.437053	   0.47772	  0.526904	   0.56509	   0.59385	  0.626755	  0.655575	  0.678194	  0.699993	  0.718193	   0.73444	  0.747945	  0.759308	  0.768998	  0.774399	  0.778556	  0.781874	  0.784607	  0.786932	  0.788962	  0.790776	   0.79243	  0.793956	  0.795367	  0.796664	   0.79785	  0.798926	  0.799891	  0.800747	  0.801497	   0.80214	  0.802682	  0.803131	  0.803494	  0.803774	  0.803978	  0.804112	  0.804181	  0.804192	  0.804151	  0.804065
   969	     0	         0	         0	         0	         0	         0	         0	         0	         0	         0	         0	         0	         0	         0	         0	         0	         0	0.00161248	0.00320774	0.00491277	0.00677042	  0.016176	  0.031099	  0.052833	 0.0808148	  0.112396	  0.154614	  0.208176	  0.286788	  0.337774	  0.372893	  0.404737	  0.442441	  0.488057	  0.522757	   0.54841	  0.577453	  0.608768	  0.637233	  0.666027	  0.691052	  0.713674	  0.732761	  0.748874	  0.762539	  0.769413	  0.774439	   0.77827	  0.781302	  0.783792	  0.785906	  0.787756	  0.789421	  0.790946	   0.79235	  0.793638	  0.794812	  0.795873	  0.796823	  0.797663	  0.798393	  0.799016	  0.799535	  0.799959	  0.800294	  0.800546	   0.80072	  0.800823	  0.800862	  0.800844	  0.800775	  0.800663
   970	     0	         0	         0	         0	         0	         0	         0	         0	         0	         0	         0	         0	         0	         0	         0	         0	         0	0.00150415	0.00303063	0.00469235	0.00652804	 0.0157098	 0.0303841	 0.0518858	 0.0797332	  0.111356	  0.153777	  0.207815	  0.287475	  0.339738	  0.376042	  0.409249	  0.448472	  0.495909	  0.532392	   0.55981	  0.590881	  0.622546	  0.650112	  0.677391	  0.700609	  0.721333	  0.738659	  0.753211	  0.765537	  0.771651	  0.776142	   0.77959	  0.782342	  0.784622	  0.786574	  0.788293	  0.789848	  0.791275	  0.792586	  0.793784	  0.794868	  0.795836	  0.796688	  0.797424	  0.798045	  0.798551	  0.798949	  0.799247	  0.799451	  0.799569	  0.799606	   0.79957	   0.79947	  0.799312	  0.799105	  0.798857
   971	     0	         0	         0	         0	         0	         0	         0	         0	         0	         0	         0	         0	         0	         0	         0	         0	         0	0.00175597	0.00347293	0.00529125	0.00725741	 0.0173146	 0.0332174	 0.0563471	  0.086097	  0.119657	  0.164512	  0.221481	  0.305094	  0.359218	   0.39709	  0.430647	  0.470221	  0.518101	  0.554915	  0.582297	  0.613531	  0.642485	  0.666424	  0.689988	  0.710074	   0.72819	   0.74338	  0.756195	  0.767096	  0.772967	  0.777373	  0.780798	  0.783547	   0.78583	  0.787783	  0.789505	  0.791062	  0.792497	  0.793823	  0.795045	  0.796164	  0.797178	  0.798087	  0.798891	  0.799588	  0.800179	  0.800667	  0.801058	  0.801359	  0.801574	  0.801707	  0.801767	  0.801757	  0.801687	  0.801562	  0.801389
   972	     0	         0	         0	         0	         0	         0	         0	         0	         0	         0	         0	         0	         0	         0	         0	         0	         0	0.00163841	0.00326305	0.00500157	0.00689695	  0.016502	 0.0317496	 0.0539845	 0.0826527	  0.115068	  0.158462	  0.213642	  0.294839	  0.347641	  0.384346	  0.417423	  0.456491	  0.503737	  0.539912	   0.56683	  0.597379	  0.627708	  0.653875	  0.679904	    0.7022	  0.722271	  0.739147	  0.753388	  0.765486	  0.771692	  0.776275	  0.779793	   0.78259	  0.784893	   0.78685	  0.788565	  0.790108	  0.791523	  0.792823	  0.794012	   0.79509	  0.796058	  0.796914	  0.797658	  0.798291	  0.798813	  0.799229	  0.799546	  0.799771	   0.79991	  0.799969	  0.799955	  0.799875	  0.799737	   0.79955	   0.79932
   973	     0	         0	         0	         0	         0	         0	         0	         0	         0	         0	         0	         0	         0	         0	         0	         0	         0	 0.0016584	0.00330099	0.00505522	0.00696341	 0.0166351	  0.031959	 0.0542709	 0.0830013	  0.115454	  0.158873	  0.214076	  0.295294	  0.348112	  0.384916	  0.418125	  0.457398	   0.50493	  0.541443	  0.568765	  0.599806	  0.630373	  0.656508	  0.682321	  0.704336	  0.724081	  0.740629	  0.754563	  0.766393	  0.772429	  0.776894	  0.780332	  0.783077	  0.785347	  0.787285	   0.78899	   0.79053	  0.791946	  0.793249	  0.794441	  0.795522	  0.796489	  0.797342	   0.79808	  0.798704	  0.799214	  0.799616	  0.799919	  0.800129	  0.800253	  0.800298	  0.800271	  0.800181	  0.800037	  0.799845	  0.799615
   974	     0	         0	         0	         0	         0	         0	         0	         0	         0	         0	         0	         0	         0	         0	         0	         0	         0	0.00156195	0.00313271	0.00483132	 0.0066983	 0.0160806	 0.0310371	 0.0529123	 0.0811928	   0.11325	   0.15619	  0.210792	  0.291185	  0.343689	  0.380248	  0.413516	    0.4528	  0.500331	  0.536957	  0.564493	  0.595778	  0.627115	  0.654116	  0.680737	  0.703377	  0.723586	  0.740462	  0.754636	  0.766653	  0.772701	  0.777183	  0.780657	  0.783457	    0.7858	  0.787822	  0.789618	  0.791252	  0.792762	  0.794159	  0.795444	  0.796618	  0.797679	  0.798628	  0.799464	  0.800189	  0.800803	  0.801311	  0.801721	  0.802039	  0.802272	  0.802425	  0.802506	  0.802519	  0.802474	  0.802377	  0.802235
   975	     0	         0	         0	         0	         0	         0	         0	         0	         0	         0	         0	         0	         0	         0	         0	         0	         0	0.00167407	0.00332174	0.00507612	0.00698224	 0.0166633	 0.0320058	  0.054339	 0.0830883	  0.115543	   0.15893	  0.214007	    0.2949	  0.347394	  0.383927	   0.41683	  0.455703	  0.502726	  0.538803	  0.565719	  0.596319	  0.626923	  0.653386	  0.679617	  0.702084	  0.722268	  0.739189	  0.753443	  0.765551	  0.771739	  0.776331	  0.779882	  0.782733	  0.785108	  0.787149	  0.788955	  0.790593	  0.792104	  0.793502	  0.794789	  0.795967	  0.797036	  0.797993	  0.798841	  0.799579	  0.800208	  0.800732	   0.80116	  0.801497	  0.801749	  0.801921	   0.80202	  0.802052	  0.802025	  0.801945	   0.80182
   976	     0	         0	         0	         0	         0	         0	         0	         0	         0	         0	         0	         0	         0	         0	         0	         0	         0	0.00149203	0.00300717	0.00465939	0.00648812	 0.0156174	 0.0302255	 0.0516329	 0.0793462	  0.110777	  0.152843	  0.206238	  0.284671	  0.335894	  0.371227	  0.403544	  0.441724	  0.487919	  0.523274	  0.549645	  0.579538	  0.611439	  0.640112	  0.668854	  0.693613	  0.715838	   0.73449	  0.750186	  0.763491	  0.770119	   0.77499	  0.778737	  0.781738	  0.784235	  0.786381	   0.78828	  0.790002	  0.791588	  0.793054	  0.794405	  0.795643	   0.79677	  0.797787	  0.798696	  0.799498	  0.800195	  0.800791	  0.801294	  0.801709	  0.802043	    0.8023	  0.802485	  0.802606	  0.802667	  0.802675	  0.802636
   977	     0	         0	         0	         0	         0	         0	         0	         0	         0	         0	         0	         0	         0	         0	         0	         0	         0	0.00164297	0.00329333	 0.0050766	 0.0070351	 0.0168791	  0.032558	  0.055467	 0.0850483	  0.118526	  0.163237	  0.219927	  0.303211	  0.357245	  0.395046	   0.42892	  0.468802	  0.517088	  0.554398	  0.582405	  0.614384	  0.643992	  0.668224	   0.69185	  0.711774	  0.729597	  0.744478	  0.757017	  0.767706	  0.773401	  0.777717	  0.781118	  0.783894	  0.786237	  0.788271	  0.790082	   0.79173	   0.79325	  0.794654	  0.795943	  0.797118	   0.79818	  0.799129	  0.799966	  0.800692	   0.80131	  0.801823	  0.802242	  0.802572	   0.80282	   0.80299	  0.803091	  0.803128	  0.803109	  0.803041	  0.802929
   978	     0	         0	         0	         0	         0	         0	         0	         0	         0	         0	         0	         0	         0	         0	         0	         0	         0	0.00166936	0.00333558	0.00512467	0.00707812	 0.0169239	 0.0325406	 0.0552803	  0.084552	  0.117587	  0.161677	  0.217581	  0.299668	  0.352829	  0.389847	  0.423071	  0.462328	  0.509907	  0.546499	   0.57387	  0.605064	  0.635094	  0.660396	  0.685313	  0.706522	  0.725566	  0.741524	  0.754977	  0.766423	  0.772364	  0.776795	  0.780231	  0.782991	  0.785286	  0.787252	  0.788983	  0.790548	  0.791985	  0.793305	  0.794509	    0.7956	  0.796575	  0.797435	  0.798179	  0.798811	   0.79933	  0.799743	   0.80006	  0.800287	  0.800432	  0.800501	  0.800503	  0.800445	  0.800337	  0.800186	  0.800001
   979	     0	         0	         0	         0	         0	         0	         0	         0	         0	         0	         0	         0	         0	         0	         0	         0	         0	0.00163126	0.00326003	 0.0050112	0.00692676	 0.0165942	 0.0319628	 0.0543993	 0.0833589	   0.11614	  0.160009	  0.215767	   0.29783	  0.351284	  0.388681	  0.422441	  0.462273	  0.510479	  0.547721	  0.575758	  0.607692	  0.638171	  0.663591	  0.688412	  0.709372	  0.728065	  0.743651	  0.756748	  0.767876	  0.773617	   0.77792	  0.781284	  0.784012	  0.786308	  0.788297	   0.79007	  0.791687	  0.793183	  0.794569	  0.795845	  0.797009	  0.798061	  0.798998	   0.79982	  0.800529	  0.801125	  0.801614	  0.802004	  0.802302	  0.802514	  0.802646	  0.802706	  0.802702	   0.80264	  0.802529	  0.802375
   980	     0	         0	         0	         0	         0	         0	         0	         0	         0	         0	         0	         0	         0	         0	         0	         0	         0	0.00167391	0.00334703	0.00514742	0.00711764	 0.0170469	 0.0328274	 0.0558441	 0.0855145	  0.119036	  0.163767	  0.220437	  0.303603	  0.357449	  0.395078	  0.428723	  0.468394	  0.516483	  0.553646	  0.581539	  0.613442	  0.643085	  0.667426	  0.691149	  0.711199	  0.729141	  0.744096	  0.756674	  0.767374	  0.773049	  0.777333	  0.780698	  0.783436	  0.785741	  0.787739	  0.789516	  0.791134	  0.792629	  0.794013	  0.795286	  0.796449	  0.797503	  0.798445	  0.799279	  0.800004	  0.800622	  0.801138	  0.801561	  0.801895	  0.802149	  0.802327	  0.802436	  0.802484	  0.802476	  0.802421	  0.802324
   981	     0	         0	         0	         0	         0	         0	         0	         0	         0	         0	         0	         0	         0	         0	         0	         0	         0	0.00151479	0.00306235	0.00475512	0.00663147	 0.0159722	 0.0309164	 0.0528168	  0.081167	  0.113319	  0.156306	  0.210824	  0.290955	  0.343158	  0.379314	  0.412238	  0.451099	  0.498174	  0.534344	  0.561411	  0.592161	  0.623368	  0.650536	   0.67751	  0.700519	  0.721114	  0.738375	  0.752914	  0.765267	  0.771501	  0.776121	  0.779696	  0.782573	  0.784973	  0.787039	  0.788868	  0.790525	  0.792049	  0.793452	  0.794738	  0.795908	  0.796963	  0.797902	  0.798729	  0.799445	  0.800052	  0.800554	  0.800961	  0.801279	  0.801515	  0.801673	  0.801762	  0.801786	  0.801753	  0.801671	  0.801544
   982	     0	         0	         0	         0	         0	         0	         0	         0	         0	         0	         0	         0	         0	         0	         0	         0	         0	 0.0015946	0.00319555	0.00492401	0.00682075	 0.0163651	 0.0315618	 0.0537674	 0.0824514	  0.114942	  0.158454	  0.213815	  0.295346	  0.348554	  0.385648	  0.419213	  0.458841	  0.506791	  0.543704	  0.571401	  0.602889	  0.633414	   0.65921	  0.684569	   0.70612	  0.725423	  0.741574	   0.75517	  0.766721	   0.77265	  0.777056	  0.780464	  0.783197	  0.785466	  0.787408	  0.789118	  0.790663	  0.792081	  0.793384	  0.794573	  0.795651	  0.796616	  0.797467	  0.798204	  0.798828	  0.799341	  0.799747	  0.800055	  0.800272	  0.800404	  0.800457	   0.80044	  0.800359	  0.800223	   0.80004	  0.799818
   983	     0	         0	         0	         0	         0	         0	         0	         0	         0	         0	         0	         0	         0	         0	         0	         0	         0	0.00176762	0.00350262	0.00534369	 0.0073363	 0.0174753	 0.0334924	 0.0567466	 0.0865927	  0.120173	  0.164896	  0.221463	  0.304256	  0.357484	  0.394571	  0.427411	  0.466186	  0.513175	   0.54922	   0.57595	  0.606463	  0.635705	  0.660461	  0.685025	  0.706097	  0.725144	   0.74117	  0.754727	  0.766286	  0.772458	  0.777097	  0.780715	  0.783635	  0.786072	  0.788169	  0.790022	  0.791702	   0.79325	  0.794679	  0.795997	  0.797204	  0.798302	  0.799291	  0.800174	   0.80095	  0.801621	  0.802191	  0.802669	  0.803059	  0.803367	  0.803597	  0.803758	  0.803853	  0.803891	  0.803877	  0.803818
   984	     0	         0	         0	         0	         0	         0	         0	         0	         0	         0	         0	         0	         0	         0	         0	         0	         0	 0.0015867	0.00318347	0.00491133	0.00681155	 0.0163518	 0.0315616	 0.0538029	 0.0825521	  0.115135	  0.158754	  0.214215	  0.295856	   0.34919	  0.386481	  0.420291	  0.460173	   0.50843	   0.54573	  0.573895	  0.605965	  0.636771	  0.662491	  0.687547	  0.708674	  0.727482	  0.743143	  0.756295	  0.767469	  0.773172	   0.77744	  0.780777	  0.783486	  0.785766	  0.787743	  0.789503	  0.791106	  0.792586	  0.793954	  0.795207	  0.796348	  0.797373	  0.798282	  0.799075	  0.799753	  0.800319	  0.800778	  0.801138	  0.801408	  0.801593	  0.801701	   0.80174	  0.801718	  0.801641	  0.801519	  0.801358
   985	     0	         0	         0	         0	         0	         0	         0	         0	         0	         0	         0	         0	         0	         0	         0	         0	         0	0.00159087	0.00318607	 0.0049085	0.00679998	 0.0163195	 0.0314911	 0.0536726	 0.0823343	  0.114797	  0.158235	  0.213406	  0.294546	  0.347399	  0.384201	  0.417501	  0.456783	  0.504307	  0.540887	  0.568294	  0.599476	  0.630227	  0.656523	  0.682456	  0.704542	  0.724317	  0.740859	  0.754783	  0.766614	  0.772679	  0.777203	  0.780727	  0.783577	  0.785969	  0.788039	  0.789881	  0.791559	  0.793112	  0.794553	  0.795883	  0.797105	  0.798217	   0.79922	  0.800115	  0.800902	  0.801582	   0.80216	  0.802643	  0.803037	  0.803348	   0.80358	   0.80374	  0.803834	  0.803869	  0.803851	  0.803787
   986	     0	         0	         0	         0	         0	         0	         0	         0	         0	         0	         0	         0	         0	         0	         0	         0	         0	0.00175597	0.00347293	0.00529125	0.00725741	 0.0173146	 0.0332174	 0.0563471	  0.086097	  0.119657	  0.164512	  0.221481	  0.305094	  0.359218	   0.39709	  0.430647	  0.470221	  0.518101	  0.554915	  0.582297	  0.613531	  0.642485	  0.666424	  0.689988	  0.710074	   0.72819	   0.74338	  0.756195	  0.767096	  0.772967	  0.777373	  0.780798	  0.783547	   0.78583	  0.787783	  0.789505	  0.791062	  0.792497	  0.793823	  0.795045	  0.796164	  0.797178	  0.798087	  0.798891	  0.799588	  0.800179	  0.800667	  0.801058	  0.801359	  0.801574	  0.801707	  0.801767	  0.801757	  0.801687	  0.801562	  0.801389
   987	     0	         0	         0	         0	         0	         0	         0	         0	         0	         0	         0	         0	         0	         0	         0	         0	         0	0.00175696	0.00348493	 0.0053183	0.00730102	 0.0173886	 0.0333115	 0.0564328	 0.0861344	  0.119614	  0.164322	    0.2211	   0.30454	  0.358569	  0.396465	  0.430225	  0.470096	  0.518382	  0.555631	   0.58357	  0.615417	  0.644848	  0.668917	  0.692426	   0.71226	  0.730018	  0.744861	  0.757354	  0.767968	  0.773562	  0.777744	  0.780987	  0.783588	  0.785745	  0.787588	  0.789211	  0.790677	  0.792025	  0.793265	  0.794396	  0.795417	  0.796325	  0.797118	  0.797795	  0.798356	  0.798803	  0.799139	  0.799374	  0.799516	  0.799572	  0.799548	  0.799453	  0.799297	  0.799087	  0.798832	  0.798542
   988	     0	         0	         0	         0	         0	         0	         0	         0	         0	         0	         0	         0	         0	         0	         0	         0	         0	0.00161258	0.00322673	0.00496803	0.00687942	   0.01651	 0.0318603	 0.0543095	 0.0833252	  0.116201	  0.160189	  0.216055	  0.298239	  0.351763	   0.38923	  0.423045	  0.462887	  0.511097	  0.548408	   0.57654	  0.608626	  0.639131	  0.664471	  0.689154	  0.709954	  0.728476	  0.743888	  0.756828	  0.767824	  0.773511	   0.77779	  0.781153	  0.783897	  0.786218	  0.788239	  0.790046	  0.791696	  0.793225	  0.794643	  0.795951	   0.79715	  0.798239	  0.799217	  0.800086	  0.800846	  0.801498	  0.802048	  0.802504	  0.802872	  0.803157	  0.803365	  0.803503	  0.803578	  0.803595	  0.803562	  0.803485
   989	     0	         0	         0	         0	         0	         0	         0	         0	         0	         0	         0	         0	         0	         0	         0	         0	         0	 0.0015654	0.00313161	0.00481741	0.00666259	  0.015948	  0.030706	   0.05223	 0.0799829	  0.111365	  0.153368	  0.206757	  0.285276	  0.336592	  0.372265	  0.404942	  0.443669	  0.490594	  0.526823	  0.554252	  0.585417	   0.61806	  0.646855	  0.675276	  0.699509	  0.721052	  0.738961	  0.753918	  0.766524	  0.772645	  0.777125	  0.780569	  0.783332	  0.785639	  0.787631	  0.789401	  0.791017	  0.792515	  0.793905	  0.795186	  0.796358	  0.797418	  0.798366	    0.7992	  0.799923	  0.800534	  0.801039	  0.801447	  0.801766	  0.802001	   0.80216	  0.802251	  0.802281	  0.802258	  0.802189	  0.802084
   990	     0	         0	         0	         0	         0	         0	         0	         0	         0	         0	         0	         0	         0	         0	         0	         0	         0	0.00159851	0.00320713	0.00494782	0.00686188	 0.0164903	 0.0318458	 0.0543197	 0.0833897	  0.116354	   0.16049	  0.216593	  0.299219	  0.353041	  0.390628	  0.424485	  0.464363	  0.512607	  0.549814	  0.577694	  0.609442	  0.639398	  0.664289	  0.688694	   0.70933	  0.727795	  0.743229	  0.756224	  0.767276	  0.773061	  0.777396	  0.780776	  0.783505	  0.785787	  0.787753	  0.789495	  0.791075	   0.79253	  0.793873	  0.795106	  0.796228	  0.797241	  0.798141	  0.798931	  0.799611	   0.80018	  0.800645	  0.801013	  0.801289	  0.801481	  0.801591	   0.80163	  0.801601	  0.801513	  0.801372	  0.801186
   991	     0	         0	         0	         0	         0	         0	         0	         0	         0	         0	         0	         0	         0	         0	         0	         0	         0	0.00170811	 0.0033982	0.00520338	0.00716816	 0.0171181	 0.0328871	 0.0558395	 0.0853784	  0.118711	  0.163214	  0.219672	  0.302549	  0.356202	  0.393646	  0.427031	  0.466386	  0.513969	  0.550446	   0.57756	  0.608407	  0.637697	  0.662271	  0.686596	  0.707375	  0.726131	  0.741926	  0.755299	   0.76671	  0.772785	  0.777346	  0.780894	  0.783748	   0.78612	  0.788153	  0.789942	  0.791558	  0.793039	  0.794402	   0.79565	  0.796784	  0.797805	  0.798713	  0.799509	  0.800193	  0.800767	  0.801235	  0.801605	  0.801884	  0.802078	  0.802191	  0.802232	  0.802207	  0.802123	  0.801988	   0.80181
   992	     0	         0	         0	         0	         0	         0	         0	         0	         0	         0	         0	         0	         0	         0	         0	         0	         0	0.00160447	0.00322537	0.00498456	 0.0069236	 0.0166589	 0.0322036	  0.054977	 0.0844637	  0.117937	  0.162777	  0.219849	  0.303997	  0.358941	  0.397528	  0.432159	  0.472855	  0.522044	  0.560122	  0.588786	  0.621458	  0.650725	  0.674088	  0.696748	   0.71571	   0.73264	  0.746758	  0.758642	  0.768759	  0.774223	  0.778363	  0.781616	  0.784257	  0.786472	  0.788383	  0.790075	  0.791607	  0.793016	  0.794311	  0.795494	  0.796567	  0.797527	  0.798373	  0.799106	  0.799728	  0.800237	   0.80064	  0.800943	  0.801155	   0.80128	  0.801324	  0.801295	    0.8012	  0.801047	  0.800842	  0.800595
   993	     0	         0	         0	         0	         0	         0	         0	         0	         0	         0	         0	         0	         0	         0	         0	         0	         0	0.00156622	0.00313238	0.00481831	0.00666443	 0.0159738	 0.0307834	 0.0524103	 0.0803334	  0.111951	  0.154328	  0.208265	  0.287689	  0.339573	  0.375553	  0.408344	  0.447146	  0.494099	  0.530119	   0.55708	  0.587646	  0.619209	  0.647006	  0.674657	  0.698363	  0.719607	  0.737399	  0.752349	  0.765001	  0.771298	  0.775908	   0.77943	  0.782227	  0.784531	  0.786494	  0.788216	  0.789769	  0.791194	  0.792504	  0.793703	   0.79479	  0.795765	  0.796627	  0.797375	   0.79801	  0.798534	  0.798951	  0.799269	  0.799494	  0.799634	  0.799694	  0.799681	  0.799603	  0.799468	  0.799284	  0.799058
   994	     0	         0	         0	         0	         0	         0	         0	         0	         0	         0	         0	         0	         0	         0	         0	         0	         0	0.00149203	0.00300717	0.00465939	0.00648812	 0.0156174	 0.0302255	 0.0516329	 0.0793462	  0.110777	  0.152843	  0.206238	  0.284671	  0.335894	  0.371227	  0.403544	  0.441724	  0.487919	  0.523274	  0.549645	  0.579538	  0.611439	  0.640112	  0.668854	  0.693613	  0.715838	   0.73449	  0.750186	  0.763491	  0.770119	   0.77499	  0.778737	  0.781738	  0.784235	  0.786381	   0.78828	  0.790002	  0.791588	  0.793054	  0.794405	  0.795643	   0.79677	  0.797787	  0.798696	  0.799498	  0.800195	  0.800791	  0.801294	  0.801709	  0.802043	    0.8023	  0.802485	  0.802606	  0.802667	  0.802675	  0.802636
   995	     0	         0	         0	         0	         0	         0	         0	         0	         0	         0	         0	         0	         0	         0	         0	         0	         0	0.00166036	0.00333042	0.00513756	0.00712482	 0.0171085	 0.0330234	  0.056292	 0.0863514	   0.12038	  0.165807	   0.22338	  0.307928	  0.362784	  0.401356	  0.435767	  0.476213	  0.525195	  0.563268	  0.592034	  0.624999	  0.654196	   0.67723	  0.699387	  0.717877	  0.734345	  0.748007	  0.759482	  0.769257	  0.774619	  0.778736	  0.782022	  0.784734	  0.787045	  0.789067	  0.790878	  0.792533	  0.794064	   0.79548	  0.796785	  0.797978	   0.79906	  0.800031	  0.800893	  0.801647	  0.802294	   0.80284	  0.803294	  0.803661	  0.803947	  0.804158	  0.804301	  0.804381	  0.804406	  0.804382	  0.804315
   996	     0	         0	         0	         0	         0	         0	         0	         0	         0	         0	         0	         0	         0	         0	         0	         0	         0	0.00151799	0.00304627	0.00470112	0.00652224	 0.0156484	 0.0301998	 0.0514647	 0.0789214	  0.109985	  0.151525	  0.204219	  0.281554	  0.331883	  0.366411	  0.397946	  0.435258	  0.480384	   0.51466	  0.539991	  0.568591	  0.600571	   0.63022	  0.660446	  0.686743	  0.710488	  0.730549	  0.747476	  0.761812	  0.768945	  0.774134	  0.778074	  0.781184	  0.783736	  0.785901	  0.787796	  0.789501	  0.791063	  0.792499	  0.793817	  0.795019	  0.796107	  0.797082	  0.797946	  0.798701	  0.799347	  0.799891	  0.800339	  0.800699	  0.800977	  0.801176	  0.801304	  0.801368	  0.801373	  0.801327	  0.801236
   997	     0	         0	         0	         0	         0	         0	         0	         0	         0	         0	         0	         0	         0	         0	         0	         0	         0	 0.0017314	0.00344248	 0.0052656	0.00724405	 0.0172679	 0.0331155	 0.0561357	 0.0857069	   0.11902	  0.163442	   0.21973	  0.302293	  0.355631	  0.392887	  0.426166	    0.4655	  0.513189	  0.549952	  0.577509	  0.608971	   0.63884	  0.663741	  0.688141	  0.708857	  0.727427	  0.742945	  0.756006	  0.767109	  0.772903	  0.777238	  0.780611	  0.783331	    0.7856	  0.787551	  0.789276	   0.79084	   0.79228	  0.793606	   0.79482	  0.795922	   0.79691	  0.797783	  0.798542	  0.799188	  0.799721	  0.800148	  0.800476	  0.800715	   0.80087	  0.800948	  0.800958	  0.800906	  0.800802	  0.800654	  0.800468
   998	     0	         0	         0	         0	         0	         0	         0	         0	         0	         0	         0	         0	         0	         0	         0	         0	         0	0.00155563	0.00312164	0.00481859	0.00668802	 0.0160899	 0.0311112	 0.0531242	 0.0816373	  0.114017	  0.157456	  0.212787	   0.29436	  0.347817	  0.385182	  0.419111	  0.459108	  0.507468	  0.544856	  0.573056	  0.605168	  0.636028	  0.661875	  0.687085	  0.708395	  0.727382	  0.743175	  0.756417	  0.767644	  0.773385	  0.777671	  0.781013	   0.78372	  0.785994	  0.787964	  0.789717	  0.791316	  0.792794	  0.794165	   0.79543	   0.79659	  0.797643	  0.798588	  0.799425	  0.800155	  0.800777	  0.801296	  0.801719	  0.802051	  0.802298	  0.802465	  0.802558	  0.802583	  0.802548	  0.802458	  0.802322
   999	     0	         0	         0	         0	         0	         0	         0	         0	         0	         0	         0	         0	         0	         0	         0	         0	         0	0.00154101	0.00309537	 0.0047809	0.00663776	 0.0159352	 0.0307671	 0.0524496	 0.0804512	  0.112133	  0.154467	  0.208128	  0.286877	   0.33804	  0.373295	  0.405361	  0.443251	  0.489094	  0.524049	  0.549967	  0.579315	  0.610739	  0.639153	  0.667853	  0.692704	  0.715126	  0.734044	  0.750025	    0.7636	  0.770455	  0.775501	  0.779375	  0.782467	  0.785027	  0.787216	  0.789143	  0.790884	  0.792481	  0.793953	  0.795305	  0.796542	  0.797667	   0.79868	  0.799584	  0.800381	  0.801073	  0.801663	  0.802161	  0.802571	    0.8029	  0.803151	  0.803331	  0.803446	  0.803502	  0.803506	  0.803462
