   0.66651	   1.88557	   3.68894	   7.69575	   16.4781	   34.3104	   66.4032	   115.584	   179.479	   253.017	   330.221	   404.357	   468.103	   532.866	   555.577	   583.963	   605.648	   696.397	   736.056	   736.078	   727.575	   703.327	   622.606	   513.221	   371.412	   261.575	   206.021	   180.027	   160.908	   134.672	   110.936	   95.5153	   82.8709	    75.913	    65.577	   61.1737	   66.5992	   62.5225	   56.7265	   51.5903	   47.1694	   43.2818	   39.7833	   36.6924	   34.0005	    31.548	   29.2691	   27.1437	   25.1509	   23.2749	    21.501	   19.8198	    18.232	   16.7399	   15.3422	   14.0353	   12.8161	   11.6827	   10.6329	   9.66531	   8.77792	     7.968	   7.23181	   6.56493	   5.96264	   5.42012	   4.93215	   4.49339	   4.09907	   3.74491	   3.42687	
 0.0494669	   0.24484	  0.576584	    1.1711	   2.44352	   5.01134	    9.5783	   16.5403	   25.3515	   34.6725	   43.0366	   48.9824	   53.5061	   64.3621	    69.468	   79.4969	   86.7446	   83.8677	   85.5861	    88.041	   87.0855	   86.8324	   84.6339	   80.0546	   72.2402	   59.9196	   47.5664	   40.6332	   38.0349	   36.1793	   32.1873	   28.0704	   25.1487	   22.5314	   18.8145	   16.9918	   18.9565	   18.0745	   16.4986	   15.0654	   13.8461	   12.7976	   11.8638	   11.0018	   10.2228	   9.52742	   8.88337	   8.27919	   7.71165	   7.17599	   6.66701	   6.18189	   5.72049	   5.28452	   4.87463	   4.49017	   4.13014	   3.79373	   3.48041	   3.18967	   2.92092	   2.67357	   2.44684	   2.23975	    2.0512	   1.87998	   1.72488	   1.58457	   1.45764	   1.34282	     1.239	
0.00747955	 0.0400003	  0.128788	  0.298577	  0.640094	   1.37459	   2.82466	   5.36094	   9.14075	   14.0132	   19.4955	   24.9888	    30.445	   36.5667	   41.0061	   45.8395	   50.3348	   50.0901	   51.8904	   54.0435	   52.3639	   52.4538	   53.9494	    52.024	    48.808	   44.5351	   37.6806	   30.3014	    26.091	   24.4315	    23.054	    20.405	   17.6893	   15.6724	   12.6009	    11.402	   12.7041	   12.3407	   11.0346	   10.0292	   9.13319	   8.36856	   7.70461	    7.1067	   6.55362	   6.05168	   5.60046	     5.183	   4.79328	    4.4289	   4.08679	   3.76384	   3.45878	   3.17175	   2.90339	   2.65359	    2.4216	   2.20656	   2.00771	   1.82444	   1.65609	   1.50201	    1.3615	   1.23386	   1.11826	   1.01385	  0.919786	  0.835201	   0.75922	   0.69096	  0.629628	
0.000515125	0.00504888	 0.0222494	 0.0696315	  0.167918	  0.378399	   0.84437	   1.79809	   3.50817	   6.16362	   9.78007	   14.1423	   19.2231	   23.2037	   27.1673	    31.631	   34.5023	   35.1923	   37.3964	   39.4991	   39.1824	   38.5522	   39.9755	   39.4965	   36.8607	   33.6012	   29.8131	   24.4214	   18.9478	   15.6832	   14.0448	   12.6306	    10.622	   8.71283	   6.94265	   6.13835	   6.72485	   6.76118	   6.06479	   5.42492	   4.93882	    4.5056	   4.13473	   3.81078	   3.51751	   3.24538	   2.99797	   2.77527	   2.56924	   2.37682	   2.19683	   2.02776	   1.86811	   1.71733	   1.57547	   1.44285	    1.3194	   1.20474	   1.09844	   1.00013	  0.909508	  0.826247	  0.750014	  0.680477	  0.617277	  0.560015	  0.508276	  0.461635	  0.419674	   0.38196	  0.348057	
         	0.000332795	0.00332157	 0.0149052	 0.0471684	  0.115733	   0.26566	  0.604515	   1.30577	   2.57892	   4.57763	   7.32925	   10.8506	    13.493	   16.4266	   19.9555	    22.922	   23.7133	   25.7528	   27.6579	   27.9213	   28.0706	   28.5221	   28.2378	   27.7134	   25.7323	   23.3471	   20.5521	   16.6359	   12.7271	   10.3626	   9.10966	   8.01713	   6.56987	   5.09927	   4.46804	   4.61729	   4.51374	   4.07844	   3.66153	   3.28172	   2.99482	   2.73854	   2.51824	   2.32495	   2.14927	   1.98583	   1.83706	   1.70313	   1.57907	   1.46305	   1.35435	   1.25208	   1.15534	    1.0638	  0.977526	  0.896725	  0.821376	   0.75127	  0.686163	  0.625844	  0.570143	  0.518878	  0.471861	  0.428902	  0.389795	  0.354306	   0.32219	  0.293196	  0.267072	  0.243559	
         	         	0.000265817	0.00263296	  0.011738	 0.0367526	  0.089708	  0.205584	  0.465978	   1.00167	   1.96715	   3.46882	   5.59633	   7.23826	   9.43716	   11.7798	   14.2732	   15.8321	   17.3252	    18.725	   19.3363	   19.7361	    20.405	   19.8453	   19.6699	   19.3461	   18.0068	   16.3552	   14.3729	   11.6057	   8.85371	   7.18527	    6.2865	   5.49715	    4.4353	   3.80834	   3.79668	   3.47153	   3.13635	   2.85764	   2.58954	   2.34394	   2.16036	   1.99457	   1.85113	   1.72442	   1.60822	   1.49896	   1.39881	   1.30816	   1.22343	   1.14336	   1.06755	  0.995418	  0.926363	  0.860222	  0.797149	  0.737416	  0.681109	  0.628163	  0.578473	  0.531961	  0.488576	  0.448256	  0.410925	  0.376505	  0.344895	  0.315968	  0.289576	  0.265564	  0.243765	
         	         	         	0.000224432	0.00218407	0.00958076	 0.0294308	 0.0709105	  0.160579	  0.359585	  0.763355	   1.47995	   2.60987	   3.56156	   5.06143	   6.64192	   8.36797	   9.93652	   11.5778	    12.386	   12.9683	   13.5575	   14.1187	   14.1307	    13.838	   13.8283	   13.7193	   12.8683	   11.7631	   10.4058	   8.46504	   6.51536	   5.33761	   4.71494	   4.19498	   3.70185	   3.41718	    2.9499	   2.56954	   2.32236	   2.11873	   1.92365	   1.74499	   1.61149	   1.49023	   1.38492	   1.29167	     1.206	   1.12535	   1.05136	  0.984359	  0.921661	  0.862334	  0.806089	  0.752493	  0.701105	  0.651805	  0.604719	  0.560058	  0.517899	  0.478199	  0.440887	  0.405913	  0.373246	  0.342845	  0.314663	  0.288645	  0.264723	  0.242806	  0.222788	  0.204556	
         	         	         	         	0.000183404	0.00176026	0.00762274	  0.023045	  0.054936	  0.123139	  0.272829	  0.572712	   1.11043	   1.62304	    2.5503	   3.57582	   4.79746	   5.94879	   7.38027	   8.28771	   8.63869	   9.24746	   9.71029	   10.0147	   10.1716	   10.1218	    10.288	   10.3705	   9.88158	   9.18614	   8.27736	   6.87445	    5.4127	   4.54239	   4.02247	   3.78376	   3.54197	   2.98576	   2.60085	   2.26697	   2.05216	   1.87633	   1.70785	   1.55296	   1.43715	   1.33141	   1.23932	   1.15762	   1.08246	   1.01155	  0.946419	  0.887384	  0.832058	  0.779612	  0.729799	  0.682237	  0.636539	  0.592604	  0.550554	  0.510594	    0.4728	  0.437145	  0.403575	  0.372053	  0.342559	  0.315067	  0.289539	  0.265937	  0.244204	  0.224265	  0.206031	
         	         	         	         	         	0.000153063	0.00145052	0.00620024	 0.0184819	 0.0436008	 0.0967239	   0.21198	  0.444683	  0.711996	   1.23273	     1.886	   2.73943	   3.56414	   4.61604	   5.50379	   6.01881	   6.56537	    6.8737	   7.35063	   7.69345	   7.93764	    8.0257	   8.26991	   8.45157	   8.16742	   7.70942	   7.06389	    5.9716	   4.78918	   3.89215	   3.76185	   3.75465	   3.23492	    2.7578	   2.40102	    2.0931	   1.89634	   1.73589	   1.58184	   1.43971	   1.33324	   1.23575	   1.15072	   1.07524	   1.00574	  0.940144	  0.879877	  0.825247	  0.774037	  0.725478	   0.67934	  0.635272	  0.592913	   0.55217	   0.51316	  0.476072	  0.440981	  0.407863	  0.376669	  0.347366	  0.319938	  0.294362	  0.270605	  0.248632	  0.228393	  0.209819	
         	         	         	         	         	         	0.00012785	0.00120898	0.00516456	 0.0153545	 0.0362415	 0.0804203	  0.178079	  0.316963	  0.594471	    1.0066	   1.60979	   2.19071	   3.00398	   3.78925	   4.35216	    5.1532	   5.30738	   5.78423	   6.21511	   6.53917	   6.77976	   6.86213	   7.07996	    7.2414	   7.00627	   6.62733	    6.0856	   5.15483	   3.92132	   3.74091	   3.80762	   3.38688	   2.95289	   2.51586	   2.19089	   1.91121	   1.73347	   1.58858	     1.449	   1.31979	   1.22293	   1.13405	    1.0565	  0.987594	    0.9241	   0.86413	  0.809026	   0.75907	   0.71223	  0.667798	  0.625565	  0.585209	  0.546398	  0.509051	  0.473273	  0.439241	  0.407027	  0.376609	  0.347945	  0.321006	   0.29578	  0.272246	  0.250377	  0.230142	  0.211496	
1.5111e-09	3.61513e-09	7.53105e-09	1.60323e-08	3.4842e-08	7.44088e-08	1.50053e-07	2.71344e-07	0.000238326	0.00199885	0.00750769	  0.020872	 0.0466337	  0.094663	  0.195489	  0.393116	  0.744453	    1.1357	   1.73417	   2.46347	   3.03218	   3.94952	   4.49451	   4.83448	   5.17772	   5.57545	   5.77529	   5.92232	   5.86834	   5.71559	   5.84163	   5.54551	   5.06614	   4.56316	   4.07851	   3.85539	   3.63925	   3.13035	   2.97933	   2.75283	   2.27373	   2.03644	   1.74551	   1.57855	   1.46124	    1.3453	   1.23371	   1.14368	   1.06556	  0.997309	  0.937582	  0.883275	  0.831864	  0.782601	  0.738882	  0.698053	   0.65905	  0.621695	  0.585847	  0.551086	  0.517271	  0.484428	  0.452789	  0.422532	  0.393688	  0.366252	  0.340207	  0.315576	  0.292376	  0.270611	  0.250285	
1.51279e-07	3.74117e-07	7.83797e-07	1.6654e-06	3.61279e-06	7.72361e-06	1.56306e-05	2.84159e-05	4.61626e-05	0.000312697	0.00214272	0.00780082	 0.0216431	   0.04463	 0.0943905	  0.202696	  0.422469	  0.717305	   1.20292	    1.8526	   2.44403	    3.3498	    3.9281	   4.63364	   4.97656	   5.31393	    5.7087	    5.8558	   5.92998	   5.77943	   5.51662	   5.51182	   5.10239	   4.53134	   4.24033	   4.45535	   4.22803	   3.17649	   2.91968	   2.77842	    2.5671	    2.1199	   1.90005	   1.62988	   1.47548	   1.36705	   1.25961	   1.15592	   1.07224	  0.999493	  0.935867	  0.880133	  0.829418	  0.781371	  0.735303	  0.694424	   0.65624	  0.619751	  0.584791	   0.55123	  0.518673	  0.486989	  0.456201	   0.42653	  0.398142	   0.37107	  0.345308	  0.320843	  0.297698	   0.27589	  0.255424	
3.13424e-06	8.38185e-06	1.77361e-05	3.75347e-05	8.07246e-05	0.000171361	0.000345235	0.000627347	0.00102216	0.00150325	  0.002272	 0.0046478	 0.0110422	 0.0244634	 0.0490684	  0.104251	  0.228119	  0.434273	  0.804825	   1.34485	   1.95039	   2.78894	   3.49111	   4.21113	    5.0095	   5.42011	    5.8353	   6.29095	   6.46477	   6.54198	   6.35997	   6.05108	   6.02185	   5.55235	   5.00449	   5.33984	   5.75769	   4.26547	   3.51113	   3.22916	   3.07504	   2.84341	   2.34948	   2.10871	   1.81104	   1.64156	   1.52275	   1.40471	   1.29054	   1.19834	   1.11809	   1.04782	  0.986228	  0.930134	  0.876927	  0.825852	  0.780535	  0.738184	  0.697678	  0.658833	  0.621505	  0.585254	  0.549934	  0.515572	  0.482419	  0.450665	  0.420352	  0.391477	  0.364028	  0.338034	  0.313517	
3.38427e-05	9.76226e-05	0.000210192	0.000444121	0.000948814	0.00199495	0.00398282	0.00717328	 0.0116296	 0.0170833	 0.0229427	 0.0285884	  0.034999	 0.0418352	 0.0575455	 0.0825693	  0.144133	  0.266712	  0.516221	  0.913995	   1.47422	   2.22733	   2.99015	   3.81678	   4.66951	   5.62943	   6.17987	    6.7137	   7.31464	   7.58186	   7.73385	    7.5833	   7.28306	   7.32569	   6.64519	   6.93292	   7.86289	   6.75104	   5.44928	   4.49019	   4.13235	   3.93808	   3.64445	    3.0134	    2.7076	    2.3273	   2.11131	   1.96014	   1.80979	   1.66405	   1.54631	    1.4437	   1.35378	   1.27492	   1.20305	   1.13482	   1.06928	   1.01113	  0.956777	  0.904758	  0.854844	   0.80685	  0.760207	  0.714725	  0.670441	  0.627683	  0.586699	  0.547546	  0.510224	  0.474719	  0.441072	
0.00022233	0.000690245	  0.001524	0.00324549	0.00694064	 0.0145709	 0.0289619	 0.0518835	 0.0835061	  0.122199	  0.164301	  0.204509	  0.239425	  0.250925	  0.273989	  0.278191	  0.293813	  0.337798	   0.46315	  0.696734	   1.12821	   1.75155	   2.51814	   3.38246	   4.35894	   5.39747	   6.59922	   7.30253	   8.02378	   8.83738	   9.25594	   9.54857	   9.47822	    9.2287	   9.08761	   9.53948	   10.7097	   10.0344	   9.10161	   7.35426	   6.06864	   5.58926	   5.33029	   4.93711	   4.08591	   3.67434	   3.16052	   2.86886	   2.66506	   2.46224	   2.26535	   2.10616	    1.9673	   1.84551	   1.73864	   1.64119	   1.54863	   1.45967	   1.38075	   1.30695	   1.23631	   1.16852	   1.10331	   1.03991	  0.978069	  0.917823	  0.859623	  0.803811	  0.750465	  0.699588	  0.651164	
0.00126132	0.00317192	0.00723342	 0.0156116	 0.0337107	 0.0712342	  0.142296	   0.25601	   0.41183	  0.600404	   0.80751	   1.01142	   1.20066	    1.2693	   1.40398	   1.35211	   1.31462	   1.24815	    1.1979	   1.17741	    1.3959	    1.7893	     2.441	   3.26248	     4.249	   5.40114	   6.67412	   8.13167	   9.02681	   9.96615	   11.0369	   11.6414	     12.11	   12.1413	   11.5933	   13.0382	   14.8038	    14.143	   13.5428	    12.291	   9.94796	   8.22312	   7.57494	   7.22327	     6.692	   5.54526	   4.98814	   4.29339	   3.89688	   3.61927	   3.34352	   3.07604	   2.85953	   2.67061	   2.50473	   2.35908	    2.2263	   2.10024	   1.97917	   1.87174	   1.77136	   1.67537	   1.58332	   1.49486	   1.40892	   1.32515	   1.24359	   1.16483	   1.08932	   1.01715	  0.948324	
0.00458062	 0.0109902	 0.0238035	 0.0521834	  0.114003	  0.243903	  0.492597	  0.899687	   1.46081	   2.13633	    2.8724	   3.61275	   4.33164	   4.65848	   5.24583	   5.11321	   4.92276	    4.7323	    4.2878	   3.67999	   3.52288	   3.47105	   3.80606	   4.38409	   5.22271	   6.28945	    7.5947	   9.27405	   11.0287	    12.116	   13.3005	   14.6744	    15.493	   16.1683	   15.7991	   16.6294	   19.9233	   19.7803	   19.2115	   18.3879	   16.6982	   13.5608	   11.2383	   10.3479	   9.85429	   9.12545	   7.58322	   6.82305	   5.87586	   5.32798	   4.94056	   4.55838	   4.18977	   3.89073	   3.62981	   3.40051	   3.19915	    3.0159	   2.84241	   2.67632	   2.52892	   2.39148	   2.26045	   2.13516	   2.01507	    1.8987	   1.78554	   1.67559	   1.56955	   1.46798	     1.371	
 0.0124862	 0.0278193	 0.0592993	  0.128292	  0.283525	  0.614488	   1.25986	   2.34961	   3.88893	   5.75942	   7.78852	   9.82404	   11.8465	   12.9032	    14.548	   14.4626	   14.1325	   13.7085	   12.6343	   10.7602	   9.86592	   8.90651	   8.65836	   8.60905	   8.96614	   9.64899	   10.6444	   12.1531	   14.0448	   15.9903	   17.1248	   18.4618	    20.074	   21.0597	   20.8365	   21.6689	    24.935	     26.51	   26.4468	   25.6773	   24.5593	   22.3149	   18.2152	   15.1563	   13.9462	   13.2516	   12.2634	   10.2432	   9.21171	   7.94859	   7.20189	   6.66657	   6.14333	   5.64289	   5.23603	   4.88121	   4.56885	   4.29435	   4.04493	   3.80952	   3.58497	   3.38548	   3.19992	   3.02364	   2.85567	   2.69514	   2.54005	   2.38961	   2.24372	   2.10319	   1.96866	
 0.0301438	 0.0603486	  0.126693	  0.271604	  0.600134	   1.31536	   2.73166	   5.18949	   8.73978	   13.1324	   17.8927	   22.5969	   27.1795	   29.7285	   33.0348	   33.3716	   33.2804	   32.8554	   30.6378	   26.9861	   24.7289	   22.0204	   20.7212	    19.422	   18.6094	   18.2824	   18.3653	   19.0833	   20.3894	   22.1815	   23.9067	   24.6299	   25.7278	   27.2581	   26.6584	   28.0351	   32.6805	   33.2663	     35.09	   34.9526	   33.9147	   32.4031	   29.4603	   24.2236	   20.2703	   18.6374	   17.6561	   16.3266	   13.7272	   12.3444	    10.688	   9.67803	    8.9409	   8.22973	   7.55702	   7.00859	   6.53077	   6.10925	   5.73824	   5.40158	   5.08487	   4.78393	   4.51601	   4.26741	   4.03224	   3.80905	   3.59647	   3.39177	   3.19378	   3.00218	   2.81779	
 0.0546725	  0.103836	  0.214014	  0.455165	  0.998995	   2.19232	   4.59842	   8.93619	   15.4547	   23.8413	   33.2068	   42.5006	   51.1712	    56.026	   61.0276	   62.2114	   63.1919	   63.8288	   60.8441	   55.0687	   51.5313	   46.2587	    43.311	   39.7793	   36.9748	    34.688	   32.9863	   32.0824	   31.9225	   32.5827	   33.7377	   34.6015	    34.306	   34.6837	   34.0203	   35.6718	   42.0298	   43.0652	   43.3248	   45.3913	   45.1514	   43.7731	   41.7662	   38.0184	   31.5297	   26.5536	   24.4002	   23.0456	   21.2801	   18.0271	   16.2182	   14.0995	   12.7636	   11.7703	   10.8258	   9.94219	   9.21921	   8.59006	   8.03426	   7.54394	   7.09936	   6.68234	   6.28744	   5.93485	   5.60833	   5.30064	   5.00971	    4.7335	   4.46836	   4.21258	    3.9655	
 0.0900973	  0.152985	  0.312455	  0.662685	   1.44557	   3.14876	   6.57539	   12.8694	    22.622	   35.7064	   50.9708	   66.6431	   80.8882	   88.9587	   95.1092	   97.1758	   99.8215	   102.983	   100.834	     94.13	   89.2558	   82.0699	   77.2307	   70.5435	   64.8286	   59.8559	   55.4404	   52.0511	   49.6021	   48.2166	   47.7871	   47.7278	   47.2098	   45.5624	   43.0902	   45.2831	   52.2016	   53.7571	   54.2657	   54.4333	   56.7215	   56.3822	   54.6342	   52.1016	    47.539	   39.7852	    33.739	   31.0183	   29.2248	   26.9767	   23.0252	   20.7435	   18.1183	   16.4161	    15.131	   13.9225	   12.8015	    11.881	   11.0804	   10.3725	   9.74656	   9.17876	   8.64702	    8.1444	   7.69424	   7.27767	   6.88603	   6.51649	   6.16621	   5.83052	   5.50701	
  0.134849	  0.214529	  0.422082	    0.8992	   1.95773	   4.22137	   8.69328	   16.8748	   29.6778	   47.3506	   68.8546	   91.9208	   112.987	   125.711	    133.07	   135.707	   140.119	   146.939	   147.242	   141.345	   136.482	   127.561	   122.024	   112.036	   102.782	   94.4023	   86.7906	   80.1313	   74.6075	   70.3672	   67.4495	   65.3966	   63.6166	   61.4908	   56.2822	   56.4447	   64.0411	   65.1183	   66.0645	   66.4199	    66.462	   68.9283	   68.4508	   66.2939	   63.2078	   57.8161	   48.7924	   41.6449	   38.2898	   36.0091	    33.235	   28.5535	   25.7629	   22.6016	   20.5022	   18.8969	   17.4002	   16.0214	    14.885	   13.8969	   13.0226	   12.2475	   11.5439	   10.8856	   10.2642	    9.7059	   9.18937	   8.70448	   8.24758	   7.81497	   7.40081	
   0.18468	  0.285722	   0.54945	   1.16537	   2.54741	   5.44928	   11.0194	    21.019	   36.4981	   58.0751	   85.1093	   115.373	    143.56	   162.674	   172.463	   175.789	   181.761	    192.95	   196.306	   191.904	   188.765	   180.069	   173.759	   162.347	   149.715	   137.528	   126.101	    115.77	   106.584	   98.7764	   92.4173	   87.4328	   83.1729	   79.3967	   73.4812	   72.0301	   78.5969	   78.9287	   78.6707	   79.2956	   79.4186	   79.2473	   81.7878	   81.0916	    78.457	   74.7539	   68.4977	   58.2036	    49.906	    45.868	   43.0462	   39.7047	   34.2848	   30.9633	   27.2564	   24.7416	   22.7971	   20.9976	   19.3493	    17.986	   16.8004	   15.7507	    14.818	   13.9704	   13.1784	   12.4318	   11.7593	   11.1371	   10.5539	   10.0052	   9.48623	
  0.234571	  0.361303	  0.690515	   1.46606	   3.21477	   6.85654	    13.636	   25.4339	   43.2685	   67.9092	   99.1938	   135.336	   169.917	   196.592	    210.72	   215.654	   223.539	   239.482	    245.38	   241.416	   240.654	   234.328	   229.027	   216.589	   203.079	   187.594	   172.262	   157.597	   144.513	   132.814	   122.516	   113.575	   106.014	   99.4042	   91.8162	   93.1006	   98.6021	   94.9435	   93.8392	   92.9292	   93.2047	   93.0553	   92.6165	   95.1923	   94.2547	   91.1122	   86.7681	   79.6405	   68.0463	    58.584	   53.8288	   50.4294	   46.4933	   40.3247	    36.455	   32.1897	   29.2421	   26.9427	   24.8265	   22.8966	    21.295	   19.9018	    18.667	   17.5676	   16.5673	   15.6331	   14.7537	   13.9594	   13.2244	   12.5362	   11.8892	
  0.280096	  0.435828	  0.837975	   1.79351	   3.95529	   8.43554	   16.5914	   30.2706	   50.2446	   77.2889	   111.493	   151.723	   191.118	   225.532	   245.384	   253.299	   264.235	   285.552	   293.034	   287.477	   288.268	   285.305	    282.51	   272.286	   258.287	   242.793	    224.51	   205.708	   188.222	    172.58	   158.331	   145.227	   133.331	   123.245	   112.125	   115.568	   124.419	   115.909	   111.154	   109.089	   107.529	   107.446	   106.992	   106.276	   108.882	   107.696	   104.041	   99.0617	   91.0419	   78.1777	    67.555	   62.0651	   58.0713	   53.5325	   46.6199	    42.196	   37.3681	   33.9782	   31.3148	    28.874	   26.6548	   24.8075	   23.1998	   21.7733	   20.5004	   19.3408	   18.2581	   17.2397	   16.3175	   15.4639	   14.6648	
  0.317392	  0.503284	  0.981472	   2.12766	   4.73878	   10.1344	    19.829	   35.5647	   57.6793	   86.6797	   122.871	    165.53	   208.107	   248.973	   275.099	   286.684	   302.211	   329.084	   338.694	   329.587	   330.708	   330.355	    330.59	   325.253	   314.471	   299.207	   282.014	   260.365	   238.933	   218.873	   200.705	   183.649	   167.396	   152.693	    137.16	   141.375	   151.599	   141.456	   131.832	   125.713	   122.745	   120.557	   120.087	   119.321	   118.335	   120.908	   119.473	   115.357	    109.78	   101.012	   87.1118	   75.5129	   69.3721	   64.8435	   59.7769	    52.248	   47.3434	   42.0366	   38.2572	   35.2707	   32.5428	   30.0676	   28.0012	    26.202	   24.6037	   23.1745	   21.8707	   20.6536	   19.5092	   18.4707	   17.5087	
  0.342664	  0.558818	   1.11176	    2.4463	   5.51462	   11.8786	   23.2152	   41.1979	   65.6668	   96.6025	   134.204	   178.275	   222.672	   267.783	   299.313	   314.607	   335.432	   367.132	   381.038	   368.546	   369.116	   369.754	   372.386	   372.633	   367.438	   356.277	   339.897	   320.105	   296.016	   271.941	   249.227	   228.166	   207.793	     188.5	   168.772	   172.372	   181.244	   166.742	   156.661	   145.425	   138.164	   134.423	   131.677	   130.879	   129.858	   128.648	   131.177	   129.541	   125.009	   118.951	   109.592	   94.8885	   82.5108	   75.8286	   70.8472	   65.3394	   57.3147	   52.0059	   46.2998	   42.1854	   38.9196	   35.9429	   33.2449	   30.9868	   29.0197	   27.2699	   25.7019	   24.2694	   22.9318	   21.6742	   20.5303	
  0.355908	  0.600983	   1.22744	   2.74552	    6.2585	   13.5983	   26.6753	    47.008	   74.1173	   107.312	   146.335	   191.101	   236.429	   282.994	   318.353	   336.154	   362.423	   396.455	   418.104	    404.17	   405.498	   405.178	   409.299	    413.03	   413.298	   407.921	   396.018	   376.971	   355.192	   328.145	   300.981	   275.059	    250.37	   226.665	   205.417	   208.352	   214.677	   194.511	    182.15	   170.552	   157.841	   149.507	   144.996	   141.693	   140.547	   139.223	   137.742	   140.146	   138.215	   133.263	    126.74	   116.851	   101.495	   88.4774	   81.3193	   75.9282	   70.0324	   61.6086	   55.9545	   49.9185	   45.5151	   42.0059	   38.8131	   35.9218	   33.4959	   31.3817	   29.4985	   27.8076	   26.2609	   24.8166	   23.4591	
  0.360869	  0.630812	     1.327	   3.02623	   6.97173	   15.2488	   30.0653	   52.8772	   82.7219	   118.546	   159.383	   204.782	   250.121	   295.692	   332.933	    351.52	   382.032	   415.277	   447.448	   435.097	   439.933	    438.42	   442.939	   446.955	   450.063	   449.881	    443.78	   429.372	   407.911	   383.282	   352.687	   321.879	   292.007	   263.741	   243.755	   248.626	    253.65	   229.422	   213.105	   199.061	   185.977	   171.741	   162.277	   156.994	   153.123	   151.612	    149.95	   148.162	     150.4	   148.137	   142.699	   135.636	    125.13	   108.996	   95.2339	   87.5394	   81.6911	   75.3565	   66.4631	    60.415	   53.9972	   49.2644	   45.4799	   42.0415	   38.9291	   36.3115	   34.0294	   31.9937	   30.1626	   28.4857	   26.9196	
  0.358733	  0.650506	   1.40792	   3.27563	   7.64188	   16.8099	   33.2397	   58.4732	   91.1882	   129.659	   172.722	   219.173	   264.461	   306.945	   344.516	   361.862	   394.797	   424.037	   467.888	   459.465	   470.649	   468.937	   474.353	   475.445	   478.231	   480.568	   479.676	   471.393	   454.642	   429.931	   401.957	   367.531	   332.591	   299.086	   279.716	   290.513	   299.909	   273.116	   252.196	   233.921	   218.287	    203.75	   187.914	   177.315	   171.298	   166.868	   165.022	    163.04	   160.918	    163.08	   160.493	   154.529	   146.871	   135.635	   118.506	   103.807	   95.4764	   89.0979	   82.2376	   72.7344	   66.1977	   59.2899	   54.1469	   50.0236	   46.2799	   42.8906	   40.0344	   37.5432	   35.3179	   33.3124	   31.4733	
  0.349734	   0.65563	   1.45924	   3.45677	   8.16709	   18.1148	   35.9217	   63.2059	   98.5265	   139.671	   184.771	   232.654	   278.343	   317.487	   353.525	   368.434	   401.441	   425.622	   478.235	   475.827	   493.618	   493.698	   501.272	   499.138	     498.9	   501.074	   503.126	    500.79	   490.795	   471.328	   443.455	    412.39	   374.193	   335.928	   312.796	    329.81	   344.719	    316.87	   290.064	   267.463	   247.801	   231.021	   215.394	   198.379	   186.911	   180.254	   175.296	   173.062	   170.658	   168.163	   170.069	   167.138	   160.768	   152.713	    141.09	   123.542	    108.41	   99.7119	   93.0045	   85.8463	   76.0765	   69.2807	   62.1346	   56.7643	    52.448	   48.5328	   44.9881	   41.9949	   39.3832	   37.0475	    34.939	
  0.335502	  0.649133	   1.47984	   3.56342	   8.50846	   19.0254	   37.9326	   66.8076	   104.054	   147.392	   194.454	   243.345	   289.771	   326.729	   360.602	   372.002	   403.423	     423.6	   479.493	   482.961	   505.649	   508.576	   519.898	   516.305	   513.305	   512.978	   515.604	   517.089	   514.042	   502.326	   480.675	   450.475	   416.792	   376.051	   348.192	   367.402	    387.19	   356.375	    325.69	   297.812	   274.357	   253.979	   236.568	   220.364	   202.706	   190.695	   183.573	   178.195	   175.551	   172.755	   169.923	   171.477	    168.26	   161.661	   153.447	   141.785	    124.36	   109.275	   100.485	   93.6633	   86.4366	   76.7157	   69.8821	    62.732	   57.3118	   52.9457	   48.9887	   45.4064	   42.3755	   39.7302	   37.3619	
  0.319559	  0.635791	   1.47959	   3.60691	   8.68551	   19.5377	   39.1556	   69.2244	   107.777	   152.414	   200.855	    250.69	   297.301	   333.758	   365.575	    374.13	   402.245	   421.689	    474.24	   482.447	   505.234	   511.826	   526.888	    524.89	   521.146	   518.813	   519.736	   522.666	   524.402	   520.672	    507.87	   485.071	   453.274	   418.294	   387.019	   408.712	     429.4	   393.414	   360.573	   329.477	    301.27	   277.535	   256.882	   239.251	   222.837	   204.849	    192.53	   185.117	   179.419	   176.483	   173.406	   170.347	   171.642	   168.252	   161.554	   153.306	   141.729	   124.549	    109.62	   100.825	    93.964	   86.7346	   77.1157	    70.292	   63.1766	   57.7416	   53.3563	   49.3834	   45.7854	   42.7364	   40.0746	
  0.303087	  0.618914	   1.46436	   3.60138	   8.71557	   19.6869	   39.5899	   70.2485	   109.661	   154.899	   203.698	    253.91	    300.77	    337.56	   367.485	   374.782	   399.701	   421.406	    465.64	   476.754	   494.458	   503.307	   521.897	   523.052	   521.426	   518.914	   518.424	   520.204	   523.941	   525.564	   521.402	   508.239	   484.764	    452.47	    427.07	   454.726	   470.981	   425.868	   392.297	   359.656	   328.809	   300.809	   277.195	   256.648	    239.12	   222.754	     204.7	   192.266	   184.664	   178.762	   175.618	   172.343	   169.139	   170.228	   166.747	   160.053	   151.879	   140.504	   123.709	   109.064	   100.357	   93.5336	   86.3741	   76.9315	   70.1789	   63.1556	   57.7545	    53.391	   49.4385	   45.8569	   42.8176	
  0.286009	  0.598752	   1.43816	   3.55759	   8.62985	   19.5253	   39.3589	   70.0259	   109.656	   155.252	   203.906	   253.647	   300.378	   338.742	   366.214	   373.866	    396.65	   423.558	    456.22	   469.097	   477.984	   487.058	   507.121	   512.492	   514.213	   514.075	   513.712	   514.324	   517.117	   520.904	   522.247	   517.951	   504.476	   480.941	   462.872	    505.02	   516.314	   459.582	   425.196	   391.871	   359.505	   328.913	   301.073	   277.577	   257.136	   239.674	   223.319	   205.158	   192.555	   184.767	   178.667	   175.326	   171.862	   168.525	   169.441	   165.872	   159.168	   151.041	   139.816	   123.317	   108.887	   100.235	   93.4295	   86.3136	   77.0007	   70.2926	   63.3309	   57.9444	    53.588	   49.6422	   46.0647	
  0.268219	  0.576168	   1.40402	   3.49252	   8.47592	   19.1744	     38.68	   68.9681	   108.303	    153.85	   202.595	   251.797	   297.766	   337.522	   363.427	   371.935	   393.622	   426.702	   448.782	    461.59	   461.793	    468.79	   488.168	   496.511	    502.51	   505.783	   507.923	   508.735	   510.474	   513.357	   516.859	   518.036	   513.439	   499.913	   495.447	   550.767	   566.078	   496.034	   461.401	   427.192	   394.057	   361.844	   331.333	   303.532	   280.057	   259.601	   242.098	   225.657	   207.248	   194.415	   186.421	   180.107	   176.582	   172.939	   169.475	   170.269	   166.609	   159.856	   151.717	   140.539	   124.164	   109.803	   101.129	   94.2842	   87.1469	   77.8649	   71.1364	   64.1646	   58.7411	   54.3511	   50.3748	
  0.249858	  0.551461	   1.36528	   3.41651	   8.30148	   18.7561	   37.8205	   67.4981	   106.293	   151.516	   200.312	   249.769	   295.227	   334.895	   359.836	   370.598	   391.088	   428.402	   443.815	   456.211	   449.861	    453.83	   470.463	   479.968	   489.049	   496.665	   502.302	   505.686	   507.723	    509.61	   512.223	   515.547	   516.401	   511.662	   517.582	    592.07	    608.54	    532.34	   499.655	   465.092	   430.977	     397.9	   365.666	   335.114	   307.246	   283.672	   263.096	   245.465	   228.831	   210.102	   196.993	   188.766	   182.221	   178.502	   174.672	   171.071	   171.752	   167.989	   161.156	   152.966	   141.779	   125.444	   111.083	   102.351	   95.4397	   88.2517	   78.9578	   72.1817	   65.1713	    59.691	    55.252	
  0.230654	  0.523681	   1.31943	   3.32988	    8.1111	   18.3296	   36.9251	   65.9164	   104.012	    148.83	   197.619	   247.597	   293.736	   332.212	   356.287	    369.83	   390.041	   426.885	   440.219	   452.564	   444.569	   444.468	    457.71	   465.939	   476.108	   486.649	   496.444	   503.159	   507.516	   509.365	   510.572	   512.539	   515.052	   515.194	   531.273	   617.225	   641.995	   561.055	   539.685	   506.976	   472.385	   438.199	   404.966	   372.533	   341.767	   313.641	   289.806	   268.971	   251.066	   234.135	   214.959	   201.496	   193.005	    186.21	   182.308	   178.295	   174.562	   175.185	   171.314	   164.358	    156.05	   144.742	    128.26	   113.736	   104.856	   97.8099	    90.495	   81.0772	   74.1769	   67.0439	   61.4443	
  0.211561	  0.492331	   1.26408	   3.22465	   7.89806	     17.88	   36.0458	   64.3386	   101.668	   145.923	   194.672	   245.163	   292.352	   329.568	   353.508	   369.468	   389.482	   422.578	   436.565	   449.041	   444.692	   441.354	   450.346	   456.103	   465.034	   476.639	   489.308	   500.302	   507.873	   511.847	   512.736	   512.971	   513.786	   515.199	   533.724	   631.103	   665.672	    587.27	   570.257	   549.024	   516.238	   481.503	   447.087	   413.586	    380.85	   349.739	   321.238	   297.048	   275.847	   257.608	   240.324	   220.641	   206.787	   198.014	   190.958	   186.872	   182.677	    178.81	   179.392	   175.408	   168.306	    159.85	   148.371	   131.661	   116.905	   107.839	   100.631	   93.1578	   83.5703	   76.5154	    69.227	
  0.192753	  0.459381	   1.19832	   3.09493	    7.6402	   17.3789	   35.1123	   62.7492	   99.2396	   142.755	    191.15	    241.98	   290.069	   325.634	   350.951	   369.336	   388.536	   415.509	   432.836	   444.368	   446.965	   442.134	   447.774	   450.116	   457.103	   467.993	   482.294	   497.091	   509.629	   517.471	   521.108	   521.621	   521.343	   521.745	   530.064	   632.042	   679.395	   602.768	   596.731	    579.86	    558.78	   525.886	   490.932	   456.257	   422.466	   389.377	   357.878	   328.971	   304.376	   282.799	   264.216	   246.573	   226.382	   212.139	   203.089	   195.777	   191.515	   187.144	   183.147	   183.695	     179.6	    172.35	   163.739	   152.078	   135.123	   120.122	   110.864	    103.49	    95.855	   86.0892	   78.8757	
  0.175705	  0.425296	   1.12581	   2.93633	   7.31756	   16.7615	   34.0326	   60.9558	   96.5824	   139.113	   186.738	   237.297	   285.886	   319.822	   346.844	   368.181	   386.902	   406.917	    427.97	   439.004	   447.892	    443.18	   447.064	   447.051	   451.207	   460.729	   474.923	   492.396	   509.556	    523.25	   531.623	   535.751	   536.613	    536.81	   533.656	   627.194	   677.993	   609.206	    614.82	    609.09	   592.352	   571.341	   538.158	   502.834	    467.75	   433.492	   399.881	    367.84	   338.361	   313.252	   291.202	   272.194	   254.115	   233.329	    218.64	   209.284	   201.697	   197.253	   192.701	   188.569	   189.104	   184.887	   177.456	   168.646	   156.738	   139.432	   124.094	   114.592	   107.011	   99.1694	    89.163	
  0.162176	  0.393488	   1.04836	   2.75822	   6.92191	   15.9888	   32.6889	    58.822	   93.4386	   134.851	    181.24	   230.837	   279.048	   311.972	   340.418	   363.857	   383.637	   398.696	   421.806	   432.317	   445.942	   441.493	   444.869	   444.159	   446.226	   453.114	   466.091	   483.905	   503.957	   522.555	    537.11	   546.289	   551.084	   552.679	   546.863	   632.957	    672.36	   606.527	   621.704	   627.814	   622.405	   605.754	    584.72	   551.186	   515.431	   479.851	    445.05	   410.853	   378.188	   348.098	   322.441	   299.891	   280.435	   261.901	   240.502	   225.358	   215.692	   207.828	   203.204	   198.472	   194.204	   194.731	    190.39	    182.77	    173.75	   161.577	   143.895	   128.198	    118.44	   110.644	   102.586	
   0.15243	   0.36742	  0.973733	   2.56421	   6.47409	   15.0451	   31.0171	   56.1865	   89.6871	   129.768	   174.724	   222.744	   269.712	   302.122	   331.672	   355.868	     377.2	   391.203	   415.122	   424.439	   439.675	   436.739	   439.289	   439.635	   441.605	   446.983	   457.878	   475.295	   496.366	   518.682	   539.104	   555.543	   566.508	   573.182	   567.952	   656.906	   680.569	   604.002	   624.686	   640.701	   647.443	    642.33	   625.586	   604.337	   570.128	   533.563	   497.117	   461.415	   426.256	   392.638	   361.631	   335.169	   311.894	   291.798	   272.623	   250.397	    234.65	   224.586	   216.378	   211.544	     206.6	   202.168	   202.714	   198.215	   190.331	   181.005	    168.43	   150.162	    133.92	   123.793	   115.692	
  0.145268	  0.348115	  0.910057	   2.37333	   5.98451	   13.9832	   29.0097	   53.0002	   85.1981	   123.893	   167.235	   213.543	   258.658	   290.908	   320.965	   344.836	   367.669	   383.063	   407.901	   416.275	   429.722	   428.607	   431.142	   432.874	   436.561	   442.532	   452.619	   468.785	   490.298	   514.613	   539.932	   563.598	   583.347	   597.751	   595.923	   687.083	   701.468	   611.628	   634.682	   656.813	   674.106	   681.674	   676.752	   659.585	   637.685	   602.044	   563.863	   525.746	   488.332	   451.439	   416.126	   383.519	   355.669	   331.155	   309.974	   289.736	   266.185	   249.487	    238.81	   230.084	   224.945	   219.692	   215.009	   215.606	   210.859	   202.535	   192.692	   179.423	   160.134	   142.957	   132.221	
  0.139575	  0.333547	  0.861919	   2.20887	   5.50744	   12.8489	   26.8166	   49.3371	   80.0359	   117.249	   159.087	   203.656	   246.997	   279.127	    309.09	   331.672	   355.804	   373.591	   398.895	   407.733	    417.99	   418.059	   420.713	   424.342	   429.136	   436.515	   446.847	   461.743	   481.446	   505.573	     532.2	   560.081	   586.429	   609.041	   618.684	   716.642	   726.507	   630.007	   652.285	   677.342	    701.48	   720.487	   729.106	   724.394	   706.579	   683.682	   645.986	    605.51	   565.014	    525.21	   485.904	   448.239	   413.418	   383.654	   357.439	   334.773	   313.082	   287.741	   269.768	   258.278	   248.876	   243.352	   237.703	   232.695	   233.384	   228.309	   219.382	   208.823	   194.579	   173.848	   155.358	
  0.133714	  0.322028	  0.826339	   2.08702	   5.10686	   11.7807	   24.5663	   45.5158	   74.4067	   110.046	   150.451	   193.609	   235.383	   267.477	   296.747	   317.634	   342.362	   362.396	   387.817	    397.45	   405.398	   406.807	   409.223	   414.762	   421.552	   430.154	   442.027	   457.228	   475.779	   498.185	    524.76	   554.131	   585.005	   614.638	   633.993	     749.4	   757.612	   650.613	   671.869	    696.01	   723.166	   749.365	   770.088	   779.745	   775.174	   756.566	   732.513	   692.559	   649.559	   606.489	   564.108	   522.209	   482.023	   444.836	   413.029	   384.995	   360.743	   337.505	   310.269	   290.942	   278.584	   268.458	   262.513	   256.436	   251.072	   251.838	   246.406	   236.836	   225.518	   210.254	   188.023	
   0.12731	  0.310196	  0.798334	   1.99821	   4.81445	   10.9005	   22.4934	   41.6902	   68.6865	   102.422	   141.405	   183.374	   224.142	   255.911	   284.414	   303.706	   328.298	   349.258	   374.826	    385.13	   391.509	   395.451	   398.376	   405.202	   414.174	   425.078	   438.528	   455.591	     474.9	   496.594	   521.905	   551.795	   584.862	   619.928	   640.781	    771.92	   787.146	   674.113	   696.362	   719.527	    745.82	   775.357	   803.869	    826.55	   837.393	   832.961	   813.436	   788.063	   745.516	   699.651	   653.657	   608.349	   563.505	   520.455	   480.581	   446.453	   416.358	   390.307	   365.313	   335.932	   315.076	   301.741	   290.804	   284.393	   277.841	   272.082	   272.946	   267.113	   256.815	   244.633	   228.202	
  0.119077	  0.295935	  0.768428	   1.92539	   4.59599	   10.2498	   20.7776	   38.1524	   62.9438	   94.6572	   131.818	   172.665	   212.802	   244.185	   271.796	   290.276	    314.16	   334.651	   360.216	   371.033	   376.485	   383.025	   388.322	   396.119	   406.057	   418.803	   434.216	   452.328	   473.119	   495.084	   519.043	   546.886	   579.654	    616.05	   641.639	   777.534	    802.22	   696.429	   723.118	   747.369	    772.63	   801.247	    833.34	   864.367	   889.164	   901.242	   896.893	   876.297	   849.393	   803.942	   754.876	   705.621	   657.055	   608.939	   562.712	   519.859	   483.163	   450.784	    422.74	   395.806	   364.062	    341.52	   327.107	   315.275	   308.348	   301.269	   295.072	   296.036	   289.757	   278.654	   265.518	
  0.109854	  0.277037	  0.731155	   1.84674	   4.41143	   9.75164	   19.4879	   35.1742	   57.5531	   86.7304	   121.856	   161.041	   200.623	   231.496	   258.505	   276.824	   300.108	   319.165	   344.634	   355.465	   360.483	   369.217	   377.589	   386.913	   397.282	   410.404	   427.022	   446.216	   467.291	   489.892	   513.122	   538.403	   567.708	   602.253	   638.718	   779.465	    803.23	   705.115	   737.268	   765.921	   792.015	   819.172	   849.867	   884.278	   917.595	   944.319	    957.56	   953.373	   931.908	   903.749	   855.816	   803.998	   751.926	   700.535	    649.57	   600.568	   555.106	   516.155	    481.77	   451.974	   423.326	    389.48	    365.44	   350.071	   337.449	   330.073	   322.538	   315.963	   317.036	   310.373	   298.559	
  0.100578	  0.255297	  0.682108	   1.74883	   4.21075	   9.31701	   18.4675	   32.8547	   52.8873	   79.0902	   111.383	   148.519	   186.795	   217.087	   243.856	   262.944	    285.74	   303.486	   328.529	   339.055	    343.71	   354.213	    365.59	   376.551	   388.409	   401.923	   418.866	   439.039	   461.184	   484.033	   507.865	    532.32	   558.892	   589.748	   631.782	   781.167	   805.515	   703.614	   742.888	   777.239	   807.927	    835.91	   864.993	   897.836	    934.64	    970.31	   999.043	   1013.55	   1009.64	   987.427	   958.132	   907.827	    853.35	   798.542	   744.392	    690.63	   638.895	   590.856	   549.678	   513.308	   481.776	   451.425	   415.473	   389.939	   373.628	   360.228	   352.425	   344.452	   337.522	   338.735	   331.703	
 0.0280503	  0.232704	  0.624448	   1.61951	   3.95703	   8.82805	    17.524	   30.9025	   49.0626	   72.2189	   100.956	   134.936	   171.309	   200.455	   227.448	   247.969	   270.743	   287.759	   312.162	    322.25	   326.757	   338.322	   352.167	   364.698	   378.321	   393.475	   410.978	   431.506	    454.89	   479.113	   503.495	   528.888	   554.954	    583.36	   623.104	   773.971	   802.662	   701.305	   746.878	   789.108	   826.143	   859.285	   889.529	   920.966	   956.435	   996.145	   1034.69	   1065.88	   1081.95	   1078.38	   1055.27	    1024.6	   971.394	   913.668	   855.514	   797.991	   740.811	   685.733	   634.544	   590.647	   551.854	   518.206	    485.78	   447.266	   419.919	   402.471	   388.138	   379.829	   371.337	   363.982	   365.383	
 0.0254813	  0.143252	  0.563353	   1.46637	   3.62435	    8.2084	   16.4395	   29.0139	   45.6851	   66.3545	   91.3348	   121.198	     154.3	   182.164	   209.173	   231.441	   254.433	   271.949	    295.21	   305.317	   309.972	   322.057	   337.195	   351.228	   366.526	   383.576	   402.899	    424.08	   448.067	   473.839	   499.959	   526.247	   553.649	   581.929	   619.586	   763.648	   790.485	   696.066	   745.184	   794.135	   839.571	    879.48	   915.224	     947.9	   981.868	   1020.14	   1062.98	   1104.62	   1138.48	   1156.23	   1153.03	   1128.94	   1096.75	   1040.39	   979.131	   917.336	   856.142	   795.242	   736.527	   681.914	   635.059	   593.632	   557.681	   522.998	   481.703	   452.388	   433.703	   418.356	   409.496	   400.439	    392.62	
 0.0230794	  0.128922	  0.435035	   1.30632	   3.24057	   7.42822	   15.1135	   26.9043	   42.4203	   61.1304	   83.0546	   108.552	   137.267	    162.85	   189.888	   213.251	   236.486	   255.478	   277.428	   287.965	   293.464	   305.751	   321.049	   336.352	   353.429	   372.483	   394.102	    417.57	   442.813	   469.851	   498.276	   527.171	   556.356	   586.955	   621.343	   760.974	   777.471	    682.13	   730.244	   782.286	   834.193	   882.414	    924.81	   962.845	   997.673	   1033.86	   1074.61	   1120.22	   1164.64	   1200.93	   1220.28	   1217.54	   1192.75	    1159.4	   1100.44	   1036.23	   971.381	   907.089	   843.032	   781.219	   723.676	   674.287	   630.599	    592.67	   556.038	   512.321	   481.295	   461.543	   445.326	   436.008	    426.48	
 0.0208248	  0.115785	   0.38738	   1.08729	   2.85153	   6.56388	   13.5284	   24.4678	   38.9342	   56.2031	   75.7853	    97.796	   121.877	   144.212	   170.157	   194.122	   216.841	   237.786	    258.29	   269.967	   276.789	   289.529	   304.114	   320.359	   338.791	   359.736	   383.526	   409.553	   437.462	   466.165	   496.288	   527.987	   560.379	   593.339	   628.009	   765.509	   771.004	    665.35	   710.534	   761.179	   815.938	   870.567	   921.339	   966.054	   1006.24	   1043.06	   1081.34	   1124.42	   1172.67	   1219.75	   1258.38	   1279.32	   1277.14	   1251.83	   1217.52	   1156.26	   1089.41	   1021.81	    954.71	   887.781	   823.137	   762.909	   711.198	   665.433	   625.686	   587.256	   541.285	   508.672	   487.938	   470.924	     461.2	
 0.0186836	  0.103719	  0.344715	  0.958034	   2.43105	   5.71369	   11.8357	   21.6886	   35.0857	    51.135	   69.0882	   88.5048	   108.998	   127.756	   151.269	   174.272	   196.043	   218.224	   237.554	   250.732	   259.568	   272.782	   286.618	   303.211	   322.272	   344.226	   369.549	   397.424	   427.607	   458.716	   490.175	   523.176	   557.981	   593.768	   637.348	   777.753	   770.755	   654.539	   695.295	   742.931	   796.325	   854.006	   911.532	   965.041	   1012.22	   1054.64	   1093.55	      1134	   1179.57	   1230.62	   1280.52	   1321.61	   1344.17	   1342.46	   1316.44	   1280.96	   1217.06	   1147.22	   1076.51	   1006.27	   936.139	   868.349	   805.148	   750.864	   702.801	    661.04	   620.626	   572.194	   537.839	   516.014	   498.109	
 0.0165984	 0.0925954	  0.306743	  0.845643	   2.12343	   4.90046	   10.2189	   18.8176	   30.8623	   45.7428	   62.4082	   80.1132	   98.0703	   114.123	   134.391	   154.885	   174.344	   197.053	    215.33	   230.006	   241.239	   254.971	   268.333	   285.056	       304	   326.049	   351.783	   380.516	   411.934	   444.698	   477.918	   511.497	   546.749	   584.045	   638.463	   790.148	   778.413	   651.002	   688.766	   731.996	   782.497	   839.072	   900.121	   961.024	    1017.7	   1067.68	   1112.63	    1153.9	   1196.87	   1245.28	   1299.54	   1352.64	    1396.5	   1420.83	   1419.53	   1392.52	    1355.5	   1288.36	   1214.87	   1140.41	   1066.37	   992.396	   920.844	   854.096	   796.745	   745.945	   701.787	    659.02	   607.696	   571.288	   548.162	
 0.0145706	 0.0820402	  0.272723	  0.748327	   1.86252	   4.25279	    8.7665	   16.1356	   26.6091	   39.9975	   55.4997	   71.9397	   88.3805	    102.56	   120.064	   137.312	   153.219	   174.657	   192.566	   207.891	    221.56	   235.534	   249.203	   266.003	   284.815	   306.439	   331.906	   360.574	   392.522	   426.237	   460.846	   495.916	   531.421	   568.787	   628.403	   792.363	   786.449	   654.132	   691.791	   732.199	   778.416	   832.352	   892.733	   957.864	   1022.84	   1083.28	   1136.58	   1184.54	   1228.63	   1274.56	   1326.34	    1384.4	   1441.28	   1488.36	   1514.66	   1513.67	   1485.26	   1446.18	   1374.91	   1296.82	   1217.65	   1138.89	   1060.13	   983.927	   912.801	   851.667	   797.495	   750.384	   704.728	   649.891	   610.976	
  0.012566	 0.0718315	  0.240741	  0.662061	   1.63895	   3.70869	   7.56603	   13.7892	   22.6771	   34.2894	   48.2621	   63.6233	   79.0665	   92.2235	   107.548	   122.312	   134.257	   152.745	   169.901	   185.311	   200.663	    214.44	   229.036	   246.209	   264.884	   286.125	   310.869	   338.872	   370.483	   404.515	   439.892	   476.177	   513.013	   550.424	   613.152	   780.126	   782.083	   658.206	   697.499	   737.988	   781.406	   830.995	   888.805	    953.53	   1023.32	   1092.93	   1157.69	   1214.82	    1266.3	   1313.69	   1363.08	   1418.78	   1481.27	   1542.56	   1593.43	    1622.1	   1621.55	   1591.62	   1550.26	   1474.33	   1391.04	   1306.52	   1222.37	   1138.18	   1056.66	   980.536	   915.082	   857.058	   806.575	   757.616	   698.751	
  0.010657	 0.0617696	  0.209974	   0.58157	   1.44214	   3.24532	   6.56278	   11.8216	   19.2885	   29.0572	   41.1527	    55.035	   69.6762	   82.2229	   96.1209	   109.291	   118.291	   133.112	   148.772	   162.896	   179.385	   192.102	    207.89	   225.693	   244.678	   265.719	   290.005	   317.208	   348.172	   381.984	   417.877	   455.182	   493.543	   532.649	   596.734	   759.337	   764.183	   655.631	   694.965	   736.861	   780.033	    826.28	   879.022	   940.498	   1009.33	   1083.52	   1157.52	    1226.4	    1287.3	   1342.25	   1392.89	   1445.72	   1505.33	   1572.21	   1637.91	   1692.61	   1723.78	   1723.93	   1692.83	   1649.57	   1569.43	   1481.39	   1391.95	   1302.82	   1213.56	   1127.07	   1046.25	   976.733	   915.084	   861.423	   809.339	
0.00891291	 0.0522899	  0.180037	  0.505284	   1.26127	    2.8427	   5.71769	   10.1996	   16.4549	   24.6215	    34.723	   46.7316	   60.0894	   72.1796	   85.1013	   97.5953	   104.762	   116.755	   130.381	   142.039	   158.102	   169.655	   185.946	   204.455	   224.032	   245.361	   269.438	   296.266	   326.544	   359.929	   395.912	   434.126	   473.979	   515.161	   580.344	   736.147	   740.233	   643.134	   683.134	   724.562	    768.67	   814.101	    862.71	   918.122	   982.696	   1054.98	   1132.87	    1210.6	   1283.09	   1347.25	   1405.25	   1458.79	   1514.69	   1577.76	   1648.56	   1718.21	   1776.41	   1809.96	   1810.97	   1779.14	    1734.5	   1650.99	   1559.09	   1465.61	   1372.37	   1278.88	   1188.23	   1103.46	   1030.52	   965.812	   909.462	
0.00743594	 0.0436942	  0.152102	  0.431973	   1.09213	   2.47751	   4.99163	   8.85657	   14.1539	   20.9456	    29.359	   39.3317	   50.9078	   62.0272	   74.2856	   86.4828	   92.9941	   103.167	   115.092	   123.916	   137.861	   147.843	   163.941	   182.362	   202.316	   223.882	   247.857	   274.223	   303.739	   336.059	   371.231	   409.127	   449.472	   491.713	   559.095	   709.973	   713.175	   623.963	   664.318	   706.078	   749.311	   795.301	   842.635	   893.273	   950.974	   1018.18	   1093.41	   1174.48	   1255.49	   1331.12	   1398.16	   1458.85	   1514.97	    1573.6	   1639.77	   1714.07	   1787.26	   1848.63	   1884.42	   1886.34	   1854.03	   1808.36	   1722.08	   1626.94	   1530.06	   1433.32	   1336.23	   1242.01	   1153.84	   1077.96	    1010.6	
0.00627082	 0.0364314	  0.126858	  0.363942	   0.93075	   2.13852	   4.33761	   7.71618	   12.2685	   17.9889	   24.9421	   33.2247	   42.7685	   52.3864	    63.662	   75.6187	   82.1765	   91.6355	   102.069	   108.966	    119.77	   127.927	    142.41	   160.175	   179.654	   201.143	   224.844	   250.759	   279.275	   310.288	   343.805	   380.231	   419.537	   461.492	   532.101	   680.802	   685.215	   601.239	   640.875	   682.706	   725.987	   770.752	   818.317	   867.281	   919.651	   979.277	   1048.71	   1126.45	   1210.32	   1294.17	   1372.52	   1442.04	   1505.06	   1563.41	   1624.43	    1693.3	   1770.66	   1846.97	   1911.13	    1948.9	   1951.66	      1919	   1872.48	   1783.83	   1685.92	   1586.11	   1486.36	   1386.16	   1288.85	   1197.74	   1119.29	
0.00542836	  0.030693	  0.105528	  0.302579	  0.781458	   1.81636	   3.73266	   6.69431	   10.6752	    15.577	   21.4044	   28.2096	   36.0733	   43.8869	   53.7849	   64.8628	   71.8255	   81.2228	   90.5319	   96.4569	   104.408	   110.895	   122.547	   138.783	   157.546	   178.498	   202.061	   227.847	   256.017	   286.243	   318.741	   353.852	   392.095	   433.499	   502.833	   649.497	   657.759	   578.933	   618.449	   659.605	   703.023	   747.918	   794.298	   843.577	    894.31	   948.532	   1010.24	    1082.1	   1162.69	   1249.63	   1336.61	   1417.95	   1490.22	   1555.81	   1616.63	   1680.27	   1752.12	   1832.85	   1912.59	   1979.84	   2019.79	   2023.49	   1990.43	      1943	   1851.74	   1750.78	   1647.76	    1544.7	   1441.08	   1340.37	   1246.01	
0.00481494	 0.0265294	 0.0886591	  0.250782	   0.64712	   1.51918	   3.15947	   5.74945	   9.24712	   13.5371	   18.5159	   24.1895	   30.5738	    36.915	   45.1703	   54.7363	   61.6716	   71.2992	   79.7107	   85.6219	   91.3047	    97.029	   105.404	   119.311	   136.484	   156.618	   179.535	   205.167	   233.238	   263.251	   295.149	   329.464	   366.647	   407.297	   472.324	   613.758	   625.706	   554.749	    595.76	   636.811	    679.55	   724.599	    771.14	   819.217	    870.29	   922.846	   978.993	   1042.88	    1117.4	   1201.01	   1291.22	   1381.52	   1466.04	   1541.22	   1609.55	      1673	   1739.44	   1814.46	   1898.78	   1982.17	    2052.7	   2094.99	   2099.69	   2066.24	   2017.84	   1923.83	   1819.65	   1713.22	   1606.65	   1499.41	   1395.09	
0.00431998	 0.0234798	 0.0763776	  0.209796	  0.533845	   1.25227	   2.63154	   4.85252	   7.92232	   11.7007	   16.0595	   20.8883	   26.1545	   31.1881	   38.1154	   45.8089	   52.1279	   61.4742	   69.2609	   75.6061	   79.9392	   85.5612	   91.3713	   102.509	   117.084	   135.231	   156.814	   181.202	    208.52	   237.828	   268.854	   301.809	   337.323	   375.904	   440.023	   573.989	   586.437	    524.37	   566.089	   608.333	   650.622	   694.614	   740.934	     788.8	   838.237	    890.72	   944.716	    1002.4	   1068.14	   1144.84	   1230.92	   1323.82	   1416.88	   1504.05	    1581.7	   1652.36	   1718.08	   1786.94	   1864.71	   1952.15	   2038.73	   2112.18	   2156.62	    2162.4	   2128.85	   2079.88	    1983.8	   1877.13	   1768.04	   1658.68	   1548.53	
0.00385719	 0.0210028	 0.0673342	  0.179871	  0.444237	   1.02759	   2.15849	   4.02438	   6.66066	   9.98847	   13.8335	   18.0569	   22.5144	   26.5952	   32.2793	   38.4581	   43.7018	   52.0982	   59.0965	    65.929	   69.7036	   75.7014	   79.8529	   88.8579	   100.609	   116.026	   135.403	   158.144	   183.995	   212.392	   242.578	   274.512	   308.488	   345.189	    407.14	   535.835	   546.746	   489.443	   530.833	   573.458	   616.626	   659.825	   704.717	   751.989	   800.843	   851.263	   904.771	   959.831	   1018.76	   1085.93	    1164.3	    1252.3	    1347.3	   1442.52	    1531.8	   1611.44	   1684.01	   1751.61	   1822.49	   1902.56	    1992.6	   2081.88	   2157.83	   2204.22	   2211.11	   2177.77	   2128.62	   2031.15	   1922.73	   1811.71	   1700.32	
0.00337708	 0.0186821	 0.0599535	  0.157727	  0.378661	   0.85004	   1.76126	   3.28271	   5.49611	   8.35831	   11.7556	   15.4848	   19.3923	   22.8364	   27.5451	   32.3893	   36.7431	   43.6753	   49.6987	   56.3804	   60.2259	   66.6429	   70.1539	   77.7892	   87.4709	   100.122	   116.791	   137.295	   161.605	   188.765	   218.373	   249.862	   283.264	   318.923	   376.231	   496.382	   507.671	   454.796	   495.776	   538.064	   581.618	   625.711	   669.804	   715.626	   763.872	   813.708	   865.114	   919.666	   975.925	   1036.15	   1104.79	    1184.9	    1274.9	   1372.06	   1469.52	   1560.98	   1642.66	   1717.19	   1786.71	   1859.65	   1942.06	   2034.76	   2126.79	    2205.3	   2253.65	   2261.64	   2228.46	   2179.07	   2080.11	   1969.84	   1856.79	
0.00286455	 0.0162751	 0.0530169	  0.139531	   0.32981	   0.71965	   1.44751	   2.66103	   4.45677	    6.8596	   9.78701	   13.0941	   16.5672	   19.6413	   23.6205	   27.5003	   30.9762	   36.6023	   41.5124	    47.364	   51.2413	    57.927	   61.4829	   68.3532	   76.5031	   86.8803	   100.493	   117.878	   139.503	    164.67	   192.551	   222.912	    255.24	   289.601	   346.169	   456.357	    465.72	   419.567	   459.368	   501.137	   544.251	   588.642	   633.561	   678.497	   725.196	   774.336	   825.085	    877.43	   933.102	   990.543	   1052.05	   1122.15	   1203.99	   1295.96	    1395.3	      1495	   1588.67	   1672.45	   1749.02	   1820.55	   1895.65	   1980.52	   2076.02	   2170.94	   2252.17	   2302.68	   2311.97	   2279.14	   2229.72	   2129.45	   2017.48	
0.00242172	 0.0137366	 0.0459057	  0.122563	  0.289773	  0.622576	   1.21755	   2.17298	   3.59227	   5.53446	   7.99523	   10.8546	   13.9632	   16.7808	   20.2596	   23.4935	   26.3219	   30.6728	   34.7906	   39.3564	   42.9721	   49.3668	    53.332	   59.7582	   66.9449	   75.5633	   86.6036	   100.588	   118.619	   140.581	   165.888	    193.85	   224.281	   256.688	   313.622	   418.716	   426.041	   381.728	    418.89	   459.033	    501.18	   544.685	   589.464	   634.807	    680.19	   727.333	    776.93	   828.168	   881.149	   937.517	   995.716	   1058.05	   1129.11	   1212.08	   1305.37	   1406.17	   1507.44	   1602.72	    1688.1	    1766.3	   1839.49	   1916.41	   2003.33	   2101.15	   2198.54	    2282.2	    2334.8	   2345.65	   2313.75	   2264.95	   2164.36	
0.00202888	 0.0115824	 0.0385923	  0.105615	  0.253273	  0.544349	   1.04847	   1.81946	   2.92203	   4.44655	   6.43321	   8.84574	   11.5575	   14.1773	   17.2642	   20.1187	   22.5246	   25.8782	   29.2574	   32.7177	   35.7516	   41.3537	    45.481	   51.7154	   58.3993	   65.9998	   75.2196	   86.6528	   101.225	    119.58	   141.717	    167.17	   195.287	   225.901	   279.296	   379.534	   389.333	   345.081	   380.679	   419.153	   460.842	   504.767	   550.274	   597.329	    645.21	   693.353	   743.523	   796.468	   851.508	   908.635	   969.578	   1032.76	   1100.59	   1177.91	   1268.14	   1369.74	    1479.8	   1590.97	   1696.42	   1791.92	    1880.3	   1963.83	   2051.83	   2151.09	   2262.67	   2374.44	   2471.96	    2536.3	   2555.46	   2527.97	   2481.77	
 0.0016396	0.00968627	 0.0324365	 0.0884209	  0.217327	  0.473921	  0.913526	   1.56206	   2.44087	   3.61153	   5.16493	   7.11646	   9.42469	   11.7924	   14.5653	   17.1577	   19.3491	   21.9934	   24.8345	   27.2607	   29.8166	   34.3266	   38.2068	   44.0337	   50.4634	   57.5008	   65.6395	   75.3048	    87.287	   102.181	   120.746	   143.095	   168.797	   197.213	   246.688	   340.118	   352.208	   311.066	   345.744	   382.582	   422.506	    465.86	   511.661	   559.292	   608.721	   659.187	   710.117	   763.337	   819.778	   878.635	   939.903	    1005.4	   1073.52	   1146.79	   1230.31	   1327.75	   1437.59	   1556.82	   1677.75	   1793.15	   1898.51	   1996.76	   2090.27	   2188.97	   2300.17	    2425.1	   2550.79	   2661.71	   2737.26	   2764.24	   2740.68	
0.00131752	0.00781946	 0.0270488	 0.0740331	  0.181218	  0.405238	  0.793074	   1.35835	   2.09277	   3.01547	   4.19762	   5.72204	   7.60014	   9.67737	   12.1127	   14.5086	   16.5707	   18.7825	   21.2591	   22.9226	   24.9388	   28.5528	   31.8279	   36.9264	   42.8704	   49.5496	   57.0093	   65.5677	   75.6728	   87.8775	   102.875	   121.532	   143.997	   169.852	    215.57	    301.54	   314.569	     278.6	   310.922	   345.772	   382.795	   422.902	   466.424	   512.408	   560.231	   609.826	   660.434	   711.488	   764.967	   821.679	   880.822	   942.381	    1008.2	   1076.66	    1150.3	   1234.26	   1332.24	   1442.74	    1562.7	    1684.4	   1800.59	   1906.72	   2005.75	   2100.08	   2199.69	   2311.96	   2438.15	   2565.21	    2677.5	   2754.29	   2782.22	
0.00104911	0.00628635	 0.0218095	 0.0615835	  0.151308	  0.337091	  0.677016	   1.17866	    1.8199	     2.587	   3.51011	   4.66242	   6.13151	   7.85835	     9.948	   12.1027	   14.0809	   16.0149	    18.292	   19.4567	   21.0488	    23.835	   26.5631	   30.6968	   35.8591	   41.9648	   48.9522	   56.7724	   65.6675	   75.9046	   88.1176	   103.091	   121.723	   144.176	   185.634	   263.119	    277.03	   246.903	   277.206	   309.561	   344.449	   381.504	   421.622	   465.166	   511.181	   559.013	   608.598	   659.186	   710.357	   763.957	     820.8	    880.09	   941.801	   1007.79	   1076.44	   1150.31	   1234.53	   1332.87	   1443.79	   1564.25	    1686.5	   1803.27	   1910.03	   2009.72	   2104.76	   2205.18	   2318.41	   2445.72	   2574.04	   2687.64	   2765.67	
0.000826444	0.00500744	 0.0175159	 0.0495365	  0.125507	  0.280739	  0.562209	   1.00562	   1.57905	   2.25034	   3.01386	   3.90564	   5.01034	   6.37915	   8.08476	   9.96689	   11.8012	   13.5614	   15.7071	   16.6154	   17.9226	   20.0849	   22.2291	   25.5458	   29.7166	   34.9792	   41.2986	   48.5509	   56.6156	     65.57	   75.7448	    87.849	   102.692	   121.182	   157.488	   226.147	   239.983	   215.643	   244.465	   274.671	   306.926	   341.699	   378.614	   418.599	   462.009	   507.867	   555.524	   604.925	   655.475	   706.617	   760.191	   817.015	   876.298	   938.009	   1004.01	    1072.7	   1146.62	   1230.92	   1329.37	   1440.48	   1561.16	   1683.71	   1800.85	   1908.04	   2008.24	   2103.86	   2204.98	   2319.01	   2447.28	   2576.69	    2691.5	
0.000557251	 0.0039385	 0.0139207	 0.0396407	  0.100511	  0.231885	  0.466601	  0.832909	   1.34433	   1.94856	   2.61658	   3.34827	   4.19565	   5.22832	   6.55327	   8.10295	   9.74076	   11.3114	   13.3601	   14.1438	   15.3139	   17.0411	   18.7242	   21.2635	   24.5965	   28.8304	   34.2348	   40.7073	   48.1203	   56.1861	   65.0308	   75.0462	   86.9595	   101.585	   132.244	   191.394	   204.637	   185.151	   212.378	   240.961	   270.926	   302.917	    337.39	   374.007	   413.682	   456.744	   502.228	   549.498	   598.654	   648.968	   699.883	   753.228	   809.818	   868.874	   930.357	   996.124	    1064.6	   1138.31	   1222.39	    1320.6	   1431.49	   1551.97	   1674.38	   1791.48	   1898.74	   1999.12	   2095.02	    2196.5	   2310.97	   2439.79	   2569.89	
0.000362085	0.00265257	 0.0108909	 0.0313042	 0.0798512	  0.184354	  0.382875	  0.686705	   1.10725	   1.64978	   2.25276	      2.89	   3.58078	   4.37184	   5.34468	   6.54845	   7.91175	   9.26708	   11.1526	   11.8967	   12.9966	   14.4612	   15.8204	   17.7571	   20.3033	   23.6716	   27.9995	   33.4526	   40.0134	   47.3797	   55.3049	   63.9656	    73.768	   85.4403	    110.71	    160.24	   171.699	   156.376	   181.279	   208.126	    236.32	   265.874	   297.413	   331.415	   367.548	    406.69	   449.168	   494.042	   540.839	   589.516	   639.355	   689.805	   742.669	    798.76	   857.313	   918.279	   983.508	   1051.45	    1124.6	   1208.06	   1305.58	   1415.73	   1535.43	   1657.13	   1773.64	   1880.48	   1980.56	    2076.3	   2177.66	   2292.04	    2420.8	
0.000227065	0.00171746	0.00729193	 0.0242709	 0.0624453	  0.145023	  0.301675	  0.557939	  0.905004	    1.3485	   1.89236	   2.46769	   3.06964	   3.71492	   4.43578	   5.31321	   6.37521	   7.45926	   9.12328	   9.80787	   10.8752	   12.1642	   13.3382	    14.849	   16.7865	   19.3545	   22.7827	    27.082	   32.5688	   39.0459	   46.2482	    53.976	   62.4184	   71.9828	   92.9603	   133.682	   142.402	   129.855	   152.113	   176.511	   202.824	   230.458	   259.411	   290.322	   323.659	   359.078	   397.445	    439.09	   483.247	   529.312	   577.241	    626.33	   676.031	   728.119	   783.394	   841.113	   901.215	   965.532	   1032.55	   1104.72	   1187.07	   1283.33	   1392.11	   1510.34	   1630.62	   1745.85	   1851.61	    1950.8	   2045.77	    2146.4	   2259.98	
0.00013689	0.00107163	0.00469202	 0.0161013	 0.0478954	  0.112193	  0.234992	  0.434757	  0.728114	   1.09289	   1.53542	   2.05686	   2.60584	   3.17195	   3.74147	   4.38688	   5.15931	   5.96168	   7.33644	   7.93332	   8.92586	   10.0953	   11.1519	    12.402	   13.9075	   15.8591	   18.4697	   21.8136	   26.1146	    31.496	   37.7943	   44.7864	   52.2899	   60.4967	   78.1603	   111.806	   117.594	   106.501	   125.408	   147.069	   170.825	    196.45	    223.35	   251.549	   281.664	   314.138	   348.638	    386.02	   426.766	   469.988	   515.094	   562.042	   610.141	   658.855	   709.917	   764.115	   820.725	    879.68	   942.783	   1008.56	   1079.41	   1160.27	   1254.82	   1361.71	   1477.93	   1596.21	   1709.64	   1813.84	   1911.68	   2005.47	    2104.9	
7.91462e-05	0.000642766	 0.0029124	 0.0102763	 0.0314631	  0.085167	  0.180115	  0.335139	    0.5629	  0.873461	   1.23794	   1.66223	   2.16746	   2.68968	   3.17878	    3.6878	   4.25565	   4.79769	   5.87138	   6.32771	   7.20697	   8.24009	   9.22157	   10.3001	   11.5344	   13.0465	   15.0297	   17.5246	   20.8513	   25.0421	   30.2421	   36.3229	   43.0785	    50.338	   65.5289	    93.587	   97.2792	   86.8976	   102.041	   120.303	   141.242	   164.214	    188.99	   215.013	   242.301	   271.438	   302.857	   336.246	   372.599	   412.242	   454.314	   498.239	   543.976	   590.851	   638.343	   688.136	       741	   796.232	   853.762	   915.355	   979.582	   1048.79	   1127.78	   1220.17	   1324.67	   1438.33	   1554.08	   1665.16	   1767.34	   1863.38	   1955.56	
4.39228e-05	0.000370895	0.00174426	0.00634953	 0.0199533	 0.0555802	  0.135796	  0.255204	  0.432291	  0.674559	  0.989167	   1.34157	   1.75718	   2.24401	   2.69209	   3.13178	    3.5816	   3.94833	    4.7457	   5.04307	   5.75881	   6.64105	   7.52594	   8.49077	    9.5422	   10.7724	   12.3063	   14.1528	   16.6232	   19.8414	   23.8609	   28.8465	   34.6833	   41.1779	   54.3622	   78.0665	    80.475	   70.9718	   82.5298	   97.0134	   114.503	   134.567	   156.575	   180.325	   205.275	   231.427	   259.344	   289.453	   321.615	   356.648	   394.869	   435.446	   477.822	   521.956	   567.199	   613.045	   661.115	   712.155	   765.491	   821.046	   880.531	   942.577	   1009.44	   1085.77	   1175.09	   1276.15	   1386.09	    1498.1	   1605.66	   1704.67	   1797.81	
2.34494e-05	0.000206596	0.00101086	0.00380951	 0.0123367	 0.0352874	 0.0889103	  0.193347	  0.331973	  0.524399	  0.775927	   1.09002	   1.44204	   1.85084	   2.27561	   2.68718	   3.08198	   3.36296	   3.96977	   4.11991	   4.66075	   5.37165	   6.14393	   6.99138	   7.91907	   8.95508	   10.1944	   11.5719	   13.3882	   15.7549	   18.8085	   22.6187	   27.3496	   32.8932	   44.3029	   64.3852	   66.2794	   57.9154	   66.7694	   77.7065	     91.44	   108.044	   127.101	    148.02	   170.604	    194.32	    219.17	     245.7	   274.477	   305.236	   338.761	   375.352	   414.214	   454.815	    497.11	   540.479	   584.435	   630.529	   679.475	   730.634	    783.92	   840.984	    900.52	   964.691	   1037.96	   1123.72	    1220.8	   1326.44	   1434.11	   1537.57	   1632.88	
1.20615e-05	0.000111158	0.000566763	0.00221624	0.00742051	 0.0218781	 0.0567165	  0.128214	  0.254444	  0.408815	  0.614353	  0.873198	   1.19061	   1.54126	   1.90331	   2.30055	   2.67473	   2.93036	   3.42667	   3.48639	   3.85919	   4.39812	   5.02605	   5.74918	   6.55436	     7.456	    8.4885	   9.55177	   10.8941	    12.612	   14.8262	   17.6816	   21.2469	   25.6797	   35.2194	   52.1094	   53.9046	   47.0027	   53.9332	    62.214	   72.4635	   85.3618	   100.978	   118.925	   138.639	   159.923	   182.267	   205.678	   230.833	   258.139	   287.346	     319.2	   353.989	   390.955	   429.591	   469.854	   511.153	   553.022	   596.935	   643.573	    692.33	   743.118	   797.516	   854.286	    915.49	   985.387	   1067.22	    1159.9	   1260.78	   1363.65	   1462.57	
6.01773e-06	5.88483e-05	0.000308346	0.00125121	0.00433415	 0.0131918	 0.0352535	 0.0830381	  0.171316	  0.316024	  0.483773	  0.699056	  0.957677	   1.27298	   1.58598	   1.92554	   2.28702	   2.54467	   2.98474	   3.00718	   3.26319	   3.63632	   4.10793	    4.6809	   5.35901	   6.13086	   7.01727	   7.85872	    8.8848	   10.1383	   11.7226	   13.7645	   16.4034	    19.705	   27.3276	   41.0799	   42.9505	   37.6158	   43.2874	   49.6895	   57.3485	   66.8489	   78.8354	   93.3851	   110.132	   128.534	   148.403	   169.262	   191.274	   214.943	   240.659	    268.19	   298.243	   331.086	   366.007	   402.525	   440.599	   479.668	   519.292	   560.862	   605.022	   651.202	   699.313	   750.853	   804.663	   862.689	    928.97	    1006.6	   1094.56	   1190.32	   1288.05	
2.89853e-06	2.99128e-05	0.000165617	0.000681525	0.00244379	0.00768649	  0.021214	 0.0525997	  0.112884	  0.216292	  0.376452	  0.555066	  0.767192	   1.02508	   1.30991	   1.60469	   1.91399	   2.17906	    2.5917	   2.61696	   2.81103	   3.06851	   3.38955	   3.80747	   4.33834	   4.97982	   5.72828	   6.41263	   7.21558	   8.16113	   9.29925	   10.7372	   12.5959	   15.0072	    20.809	   31.5514	   33.2608	   29.4363	    34.213	   39.3857	   45.2209	   52.2104	   60.9027	   71.9155	   85.3232	   100.774	   117.759	   136.105	   155.515	   176.016	    198.08	   222.078	   247.797	   275.897	    306.63	   339.331	   373.547	   409.236	   445.877	   483.051	   522.064	   563.518	   606.882	   652.065	    700.48	   751.045	   805.587	     867.9	   940.908	   1023.67	   1113.81	
1.33386e-06	1.46382e-05	8.4174e-05	0.000366946	0.00131942	 0.0042935	 0.0122579	 0.0323682	 0.0727669	  0.144793	  0.261528	  0.433467	   0.60755	  0.820474	   1.05546	   1.32458	   1.59377	   1.82772	   2.21969	   2.26966	   2.44144	   2.63529	   2.85151	   3.12421	   3.50669	   4.00308	   4.61687	   5.15924	    5.8041	   6.53397	   7.37923	   8.39439	   9.68067	    11.351	   15.7021	   23.7301	   25.0236	   22.3281	    26.388	   30.6872	   35.3316	   40.5646	   46.8413	   54.6815	   64.6645	   76.8542	   90.9227	   106.396	   123.264	   141.125	   160.007	   180.351	   202.505	   226.272	   252.268	   280.722	   311.019	   342.737	   375.837	   409.832	   444.337	   480.557	   519.055	   559.337	   601.314	     646.3	     693.3	   744.007	   801.954	   869.872	   946.903	
5.85238e-07	6.94299e-06	4.15645e-05	0.000186946	0.000712666	0.00230004	0.00679653	 0.0193244	 0.0457627	 0.0949515	  0.177809	  0.305472	  0.472064	  0.647947	  0.843779	    1.0671	   1.31354	   1.52314	   1.86203	   1.94081	   2.11159	   2.27915	   2.43741	   2.60952	   2.85539	   3.20922	   3.67888	   4.09028	   4.59451	   5.17271	   5.81506	   6.55605	   7.44668	   8.58041	   11.7452	   17.6457	   18.3728	   16.3957	   19.6688	   23.2737	   27.0768	   31.1705	   35.7749	   41.3148	    48.272	     57.18	    68.098	   80.7239	   94.7618	   110.085	   126.328	   143.517	   162.061	   182.282	   204.002	   227.786	   253.843	   281.607	   310.689	   341.053	   372.252	    403.93	   437.196	   472.562	   509.576	   548.151	   589.498	   632.706	   679.336	   732.638	   795.135	
2.43428e-07	3.19798e-06	2.02331e-05	9.34748e-05	0.000364004	0.00124607	0.00361632	 0.0111846	 0.0279884	 0.0607069	  0.118194	  0.210335	  0.333817	  0.501538	   0.66491	  0.852092	   1.05739	   1.25395	   1.54891	   1.62438	   1.79912	   1.96051	   2.09405	   2.20981	   2.36134	   2.58624	   2.91785	   3.19797	   3.57515	   4.02036	   4.52167	   5.07511	   5.71273	   6.48075	   8.76331	   12.9706	   13.2862	   11.6964	   14.1328	   16.9905	   20.1303	   23.4246	    26.953	   30.9173	   35.7054	   41.7557	   49.5591	   59.1709	   70.4498	   83.0128	   96.7477	   111.324	   126.769	   143.456	    161.68	   181.282	   202.773	    226.34	    251.47	   277.809	   305.322	   333.604	   362.333	   392.511	   424.604	   458.198	   493.211	   530.744	   569.977	   612.329	   660.754	
9.55916e-08	1.4406e-06	9.94159e-06	4.71004e-05	0.000184987	0.000639928	0.00197179	0.00627877	 0.0166161	 0.0376944	 0.0764168	  0.141211	  0.230665	  0.356562	   0.51349	  0.670572	  0.843486	   1.00686	   1.26972	   1.34494	   1.49837	   1.65901	   1.78539	   1.87605	   1.97395	   2.10985	   2.31879	   2.48199	   2.73477	   3.06194	   3.44131	   3.86619	   4.33315	   4.87093	   6.51826	   9.48134	   9.45157	   8.17403	   9.80894	   11.8873	   14.3272	   16.9978	    19.778	   22.7389	   26.0598	   30.0876	   35.2203	   41.9063	   50.3255	   60.2421	   71.3105	   83.4335	   96.3157	   109.985	    124.78	   140.963	   158.395	   177.533	   198.543	   220.962	   244.473	   269.044	   294.311	   319.986	   346.965	   375.661	   405.704	   437.012	   470.577	    505.67	    543.56	
3.54721e-08	6.40301e-07	5.05773e-06	2.46199e-05	9.64559e-05	0.000331245	 0.0010233	0.00353346	0.00954498	 0.0226492	 0.0478363	 0.0919231	  0.155593	  0.248008	  0.367567	   0.51763	  0.663697	  0.797769	   1.01226	   1.09379	   1.23084	   1.36912	   1.49272	   1.57537	    1.6481	   1.73236	   1.85634	   1.92515	   2.06904	   2.28267	   2.55567	   2.87096	   3.22273	   3.60765	   4.80982	   6.88345	   6.64861	   5.57826	    6.6194	   7.96417	   9.68794	   11.7127	   13.9161	    16.187	   18.5848	   21.2636	   24.5327	   28.7498	   34.4427	   41.6719	   50.2245	   59.7925	    70.293	    81.466	   93.3397	   106.213	    120.32	    135.54	   152.272	   170.659	   190.294	   210.894	   232.429	   254.579	    277.09	   300.748	   325.913	   352.255	     379.7	    409.12	    439.88	
1.24886e-08	2.70877e-07	2.56169e-06	1.31025e-05	5.15171e-05	0.000174688	0.000533789	 0.0018604	0.00535205	 0.0130493	 0.0287923	 0.0576421	  0.101989	  0.168635	  0.257824	  0.373398	  0.512986	   0.61944	  0.791142	  0.860277	  0.988105	   1.10919	   1.21333	   1.28967	   1.35308	    1.4117	   1.48512	   1.50128	   1.55821	     1.674	   1.84626	   2.06764	   2.32262	   2.60615	   3.48008	   4.93128	   4.60987	   3.72825	   4.31182	   5.12337	   6.18539	   7.56256	   9.18053	   10.9276	   12.7002	   14.5446	   16.5929	   19.1172	   22.5499	   27.2686	   33.3236	    40.524	   48.5989	   57.4792	   66.9397	   77.0074	   87.9423	    99.949	   112.921	   127.202	    142.91	   159.693	   177.301	   195.708	   214.638	   233.869	   254.078	   275.568	   298.052	   321.461	   346.546	
6.14802e-09	3.67555e-07	3.06407e-06	1.64352e-05	6.69514e-05	0.00022852	0.00069032	 0.0021191	0.00638406	 0.0172315	 0.0414409	 0.0906433	  0.181363	   0.33205	  0.555444	  0.869523	   1.28137	   1.73245	   2.32973	     2.676	   3.18176	   3.71113	   4.17301	   4.52524	   4.82678	   5.08334	   5.32014	   5.58663	    5.8143	   6.05398	   6.36827	   6.80585	   7.39319	   8.13453	   10.4162	   13.9449	   12.8208	   10.5172	   11.7309	   13.2679	   15.2944	   17.9527	   21.4106	   25.7086	   30.7525	   36.3597	   42.4548	   49.1355	   56.7766	   66.1235	   78.1229	   93.5061	   112.586	   135.293	   161.499	   190.865	   223.184	   258.589	   297.397	   339.726	   386.031	    436.76	   491.847	    550.98	   613.906	   680.137	   749.091	   821.064	   896.579	   975.695	   1058.39	
         	         	         	         	         	         	         	         	         	         	         	         	         	         	         	         	         	         	         	         	         	         	         	         	         	         	         	         	         	         	         	         	         	         	         	         	         	         	         	         	         	         	         	         	         	         	         	         	         	         	         	         	         	         	         	         	         	         	         	         	         	         	         	         	         	         	         	         	         	         	         	
         	         	         	         	         	         	         	         	         	         	         	         	         	         	         	         	         	         	         	         	         	         	         	         	         	         	         	         	         	         	         	         	         	         	         	         	         	         	         	         	         	         	         	         	         	         	         	         	         	         	         	         	         	         	         	         	         	         	         	         	         	         	         	         	         	         	         	         	         	         	         	
  0.572754	   1.62996	   3.20864	   6.72953	   14.4914	   30.3573	   59.1925	   103.773	   162.345	    230.67	   303.616	   375.196	   438.444	   498.766	   537.869	   550.433	   557.352	    589.07	   636.197	   656.408	   648.589	   611.451	   543.725	   447.538	   323.407	   227.428	   178.852	   155.982	   139.193	   116.309	   95.6503	   82.2149	    71.207	   65.1117	   56.0807	   51.4051	    55.348	   51.9914	   47.1601	   42.8787	    39.194	   35.9544	   33.0396	   30.4648	   28.2226	   26.1803	   24.2831	   22.5142	   20.8565	   19.2963	   17.8215	   16.4243	   15.1052	   13.8659	   12.7054	   11.6206	    10.609	   9.66869	   8.79812	   7.99586	   7.26031	   6.58913	   5.97919	   5.42681	   4.92803	   4.47884	   4.07491	   3.71177	   3.38548	   3.09247	    2.8294	
  0.047301	  0.234744	  0.555662	   1.13147	   2.36237	   4.84937	   9.31146	   16.1451	   24.8091	   34.0212	   42.3511	   48.3918	   53.0373	   61.7102	   66.8934	    73.809	   80.4956	   82.9929	    82.547	    82.008	   82.9348	    83.031	    80.357	   74.8777	   66.5507	   54.3808	   42.5342	   35.7612	   32.9682	   30.9102	   27.1085	   23.3075	   20.5889	   18.1896	   15.7248	   14.8382	   16.0605	    14.925	   13.6111	   12.4123	   11.3923	   10.5158	   9.73592	   9.01722	    8.3685	   7.78998	   7.25498	   6.75397	   6.28435	   5.84197	   5.42234	   5.02306	   4.64394	   4.28627	   3.95048	   3.63597	   3.34184	   3.06736	   2.81205	    2.5754	   2.35691	   2.15601	   1.97204	   1.80417	   1.65146	    1.5129	   1.38748	   1.27411	   1.17162	   1.07897	  0.995249	
0.00600603	 0.0323047	  0.105164	  0.246935	  0.535236	   1.16031	   2.41672	   4.65496	   8.04818	   12.4975	    17.615	   22.8767	   28.2135	   33.7232	   38.0287	   41.4399	   45.3042	   47.6915	   48.0452	   48.7886	   48.6018	   48.6484	   49.5061	   47.2489	   43.8489	   39.5581	   33.0885	   26.2728	   22.3293	   20.6457	   19.2454	   16.8239	   14.4015	   12.5963	   10.2073	   9.66643	   10.7163	    10.081	   8.99542	   8.15419	   7.40295	   6.76214	    6.2064	   5.70712	    5.2468	   4.83013	   4.45636	   4.11166	   3.79111	    3.4926	    3.2134	   2.95085	   2.70382	   2.47227	   2.25658	   2.05651	   1.87136	   1.70033	   1.54272	   1.39794	   1.26539	   1.14445	   1.03452	  0.934944	  0.845028	  0.764049	  0.691286	  0.626031	  0.567564	  0.515172	  0.468214	
0.000377177	0.00376205	 0.0168472	 0.0537449	  0.132125	  0.302733	  0.687186	   1.48828	   2.95154	   5.25996	    8.4466	   12.3449	   16.9113	   20.7469	   24.4819	   28.0029	   30.3648	   32.5506	    33.646	   34.8094	   35.6393	   34.9398	   35.7214	   35.0532	   32.5081	   29.4178	   25.8845	   20.9955	   16.1103	   13.1715	   11.6426	   10.3259	   8.54825	    6.8871	   5.37492	   4.91898	   5.54653	   5.42351	   4.85723	   4.33966	   3.94386	   3.59009	    3.2873	   3.02308	   2.78431	   2.56331	   2.36276	   2.18252	   2.01621	   1.86134	    1.7169	   1.58158	   1.45416	   1.33413	    1.2215	   1.11648	   1.01895	  0.928584	   0.84501	  0.767901	  0.696985	  0.631977	  0.572587	  0.518529	  0.469498	  0.425163	  0.385181	  0.349206	  0.316898	  0.287912	    0.2619	
         	0.000220892	0.00227126	 0.0104599	 0.0339905	  0.085491	  0.201162	  0.467331	   1.02954	   2.07102	   3.73428	   6.05758	    9.0604	   11.7391	   14.3427	   17.2146	    19.553	   21.0581	   22.2114	   23.6363	   24.6987	   24.7014	   24.7613	   24.4027	    23.848	   22.0638	   19.9298	   17.4437	   14.0254	   10.6465	    8.5916	   7.48087	   6.51557	   5.27384	   4.03575	   3.49073	   3.66771	   3.63108	   3.26961	   2.92723	   2.61736	   2.38149	   2.17037	     1.989	    1.8301	    1.6861	   1.55265	   1.43151	   1.32275	   1.22239	   1.12892	   1.04173	  0.960036	  0.883082	  0.810569	   0.74251	  0.679022	  0.620043	  0.565377	  0.514799	  0.468115	  0.425162	   0.38577	  0.349766	   0.31698	   0.28723	  0.260317	  0.236035	  0.214178	   0.19454	  0.176913	
         	         	0.000181847	0.00183276	0.00829653	 0.0264149	 0.0657304	  0.153193	  0.352193	  0.767608	   1.52718	   2.72247	   4.42785	   6.14021	   7.95367	   9.86306	   11.6956	   13.3531	   14.1783	   15.3968	   16.5569	   16.7675	   17.1439	   16.6318	   16.4152	   16.0822	   14.9205	    13.497	   11.7977	    9.4659	   7.16765	   5.76725	   4.99932	   4.32734	   3.38502	   2.83268	   2.88553	    2.6868	   2.40618	   2.17354	   1.95407	   1.75551	   1.60502	   1.46936	   1.35219	   1.24905	   1.15513	   1.06767	  0.988091	  0.916466	  0.850121	  0.788061	  0.729915	  0.675179	  0.623363	  0.574292	  0.528009	  0.484631	  0.444151	  0.406462	  0.371436	  0.338966	  0.308962	  0.281331	  0.255974	  0.232793	  0.211679	  0.192508	  0.175152	  0.159474	  0.145343	
         	         	         	0.000152656	0.00150047	0.00664181	 0.0206936	 0.0505184	  0.115871	  0.262261	  0.562754	   1.10225	    1.9592	   2.95191	   4.10733	   5.38104	   6.54983	   7.91937	   8.95251	   9.77464	   10.7229	   11.0947	   11.4787	   11.4583	   11.1826	    11.117	   10.9753	   10.2533	   9.32317	   8.19242	   6.61268	   5.04391	      4.09	   3.57317	   2.96423	   2.63546	   2.52777	   2.21813	   1.91478	   1.71475	   1.55033	   1.39588	   1.25622	   1.15031	   1.05434	  0.971143	  0.897744	  0.830808	  0.768456	  0.711685	  0.660565	  0.613178	  0.568815	  0.527215	  0.488019	  0.450879	  0.415673	  0.382436	  0.351257	  0.322135	  0.294998	  0.269757	  0.246338	   0.22468	   0.20472	  0.186388	  0.169617	  0.154331	  0.140443	   0.12786	  0.116488	
         	         	         	         	0.000122469	0.00118352	0.00517436	 0.0158033	 0.0380733	  0.086279	  0.192911	  0.408747	  0.798931	   1.32088	   2.00308	    2.8075	   3.59164	   4.52809	   5.45281	   6.32006	   6.95778	   7.29901	   7.70262	   7.84853	   7.87886	   7.73824	   7.74426	   7.68643	   7.20765	    6.5791	   5.80647	   4.71225	   3.61609	   2.94936	    2.4581	   2.51751	   2.50827	   2.08811	   1.80021	   1.55275	   1.39071	   1.25826	   1.13407	   1.02155	  0.935981	  0.858152	  0.790526	  0.730778	  0.676291	   0.62551	  0.579263	  0.537613	     0.499	  0.462847	  0.428942	  0.396994	  0.366721	  0.338024	  0.310933	  0.285519	  0.261783	  0.239666	  0.219096	  0.200012	  0.182367	  0.166106	  0.151175	  0.137517	   0.12507	  0.113764	  0.103523	
         	         	         	         	         	0.00010177	0.000972993	0.00419008	 0.0126042	 0.0300195	  0.067298	    0.1488	   0.31462	  0.573414	  0.955195	   1.45416	   1.99213	    2.6775	   3.37785	    4.1455	   4.82412	   5.06245	   5.40221	   5.66942	   5.81299	   5.87593	   5.81059	   5.84267	   5.82178	   5.48034	   5.02575	   4.46091	   3.64315	   2.81417	   2.34702	   2.47916	   2.58326	   2.20466	   1.86063	    1.6036	   1.38366	   1.24056	   1.12396	   1.01442	  0.914815	  0.838936	  0.769726	  0.709495	  0.656266	  0.607677	  0.562353	   0.52106	  0.483861	  0.449358	  0.417035	  0.386703	  0.358104	  0.330986	   0.30526	  0.280956	  0.258142	  0.236819	  0.216937	  0.198434	  0.181256	  0.165362	  0.150707	  0.137241	  0.124917	  0.113679	  0.103465	
         	         	         	         	         	         	8.72592e-05	0.000832001	0.00358282	 0.0107509	 0.0256174	  0.057466	  0.128228	  0.254139	  0.465743	  0.778407	   1.17079	   1.69678	   2.28154	   2.90669	   3.55657	   3.95393	   4.20757	   4.46605	   4.67058	   4.77112	   4.79949	   4.70157	   4.67896	   4.60681	   4.28076	   3.87243	   3.38435	   2.71473	   2.26571	   2.29668	   2.49905	   2.26173	   1.95543	   1.65207	   1.42656	   1.23378	   1.10925	   1.00779	  0.911945	  0.824373	  0.757689	  0.696654	  0.643488	  0.596422	  0.553364	  0.513102	   0.47636	  0.443221	  0.412423	  0.383505	  0.356305	  0.330596	  0.306152	  0.282902	  0.260879	  0.240153	  0.220736	  0.202588	  0.185658	  0.169904	  0.155295	  0.141795	  0.129364	  0.117963	  0.107546	
5.1652e-08	1.27959e-07	2.91776e-07	6.82634e-07	1.59041e-06	3.49345e-06	6.98618e-06	1.22594e-05	0.000192033	0.00149147	0.00558586	 0.0155799	 0.0351421	 0.0746949	  0.155179	  0.305785	  0.552355	  0.929184	   1.40786	   1.96129	   2.53919	   3.04082	   3.59203	   3.80183	   4.00187	   4.23159	   4.29233	   4.29661	   4.15754	   3.93478	   3.89213	   3.56008	   3.11367	   2.65907	   2.47745	   2.49472	   2.53649	   2.35363	   2.22194	   2.03635	   1.66819	   1.48176	   1.25944	   1.12916	   1.03629	  0.946303	  0.861369	  0.792552	  0.732338	  0.679748	  0.633757	   0.59213	  0.553088	   0.51608	  0.483281	  0.452875	   0.42412	  0.396868	  0.370995	  0.346196	   0.32236	  0.299483	  0.277693	  0.257072	  0.237617	  0.219299	  0.202087	  0.185969	  0.170933	  0.156958	  0.144022	
2.76392e-06	6.89639e-06	1.55694e-05	3.62696e-05	8.5088e-05	0.000190115	0.000385925	0.000688433	0.00108597	0.00173338	0.00357595	0.00830946	 0.0192309	 0.0374683	 0.0761773	   0.15695	  0.311938	  0.580151	  0.972175	   1.46888	   2.00857	   2.55939	   3.08868	   3.61763	   3.85244	   4.07438	   4.32921	   4.37819	   4.37213	    4.2109	   3.95938	   3.88653	   3.52366	   3.05025	   2.96812	   3.48868	   3.43999	   2.66211	   2.42324	   2.28676	   2.09503	   1.71539	   1.52411	   1.29585	   1.16244	   1.06737	  0.975114	  0.887903	  0.817217	  0.755275	  0.701116	  0.653713	  0.610783	  0.570504	  0.532315	  0.498472	  0.467097	  0.437427	  0.409308	  0.382613	  0.357025	  0.332432	  0.308831	  0.286349	  0.265075	  0.245003	  0.226105	  0.208347	  0.191719	  0.176207	   0.16179	
4.31978e-05	0.000111657	0.000250599	0.000576032	0.00134175	0.00300634	0.00617252	 0.0111701	 0.0178535	 0.0257174	 0.0342587	 0.0437187	 0.0556581	  0.068265	 0.0866296	  0.124765	   0.20648	  0.369785	  0.652425	    1.0618	   1.54808	   2.09702	   2.66812	   3.20453	   3.80515	   4.10913	   4.41123	   4.73152	   4.84412	   4.89623	   4.77651	   4.55804	   4.55145	   4.21509	   3.85783	   4.64708	   5.13652	   3.76983	   3.07254	   2.79665	   2.63888	   2.41781	   1.98014	   1.76052	   1.49789	   1.34451	   1.23523	   1.12909	   1.02868	  0.947196	  0.875698	  0.813149	  0.758369	  0.708737	  0.662159	  0.617994	  0.578857	  0.542572	  0.508254	  0.475725	  0.444836	  0.415221	  0.386749	  0.359415	  0.333368	   0.30871	  0.285437	  0.263518	  0.242912	  0.223609	  0.205595	
0.000353926	0.000959368	0.00215352	0.00489501	 0.0112479	 0.0249918	  0.051303	 0.0935778	  0.151008	  0.219534	  0.292605	  0.362919	  0.427578	  0.455411	  0.472211	  0.484131	  0.503644	  0.565495	  0.719824	  0.997502	   1.36867	   1.86045	   2.39989	   2.98453	    3.5878	   4.28277	   4.67973	   5.05961	   5.49816	   5.70848	   5.85919	   5.81413	   5.65918	   5.77998	   5.28624	   6.21745	   7.15788	   6.03387	   4.83366	   3.94931	   3.59294	   3.38706	   3.10237	   2.54511	   2.26399	    1.9287	   1.73167	   1.59089	   1.45442	   1.32528	   1.22016	   1.12781	   1.04713	  0.976461	  0.912454	  0.852496	  0.795743	  0.745459	  0.698865	  0.654826	  0.613101	  0.573495	  0.535532	  0.499038	  0.464002	  0.430609	  0.398988	  0.369129	  0.340994	  0.314531	  0.289729	
0.00175008	  0.005042	 0.0114331	 0.0258162	 0.0587424	   0.12927	  0.264269	  0.483235	  0.785659	   1.15134	   1.54788	   1.93413	   2.28343	    2.4307	   2.49485	   2.50239	   2.41669	   2.31701	   2.30621	   2.35877	   2.48557	   2.78032	   3.15955	   3.66375	   4.26363	   4.91364	   5.71682	   6.16612	   6.66132	   7.26354	   7.61137	   7.90704	   7.95488	   7.90085	    7.5976	   8.75134	   9.84733	   9.22156	   8.30188	   6.71037	   5.52127	   5.01121	   4.70365	   4.29974	   3.54639	   3.15352	   2.69435	   2.41689	   2.21615	   2.02287	   1.84053	   1.69081	   1.55925	   1.44504	   1.34506	   1.25473	   1.17078	   1.09192	   1.02208	  0.957549	  0.896771	  0.839367	  0.785028	  0.733079	  0.683258	  0.635516	  0.590067	  0.547053	  0.506446	  0.468183	  0.432192	
 0.0132739	 0.0174698	 0.0403941	 0.0911562	  0.206118	  0.450924	  0.918575	   1.68272	   2.75051	   4.05711	   5.49433	   6.92694	   8.25006	   8.90772	   9.31197	   9.37852	   9.09273	   8.64511	   8.36759	   8.00554	   7.46833	   7.34656	   7.19701	   7.38767	   7.73967	   8.22492	   8.81056	   9.60843	   10.0411	   10.6018	   11.3733	   11.8247	   12.2342	   12.3316	   11.4494	   13.0364	    14.343	   13.9216	   13.2083	   11.9514	   9.83512	   8.20291	   7.41299	   6.90426	   6.28824	   5.24481	   4.65999	   4.00506	   3.58559	   3.27407	   2.97773	   2.70024	   2.46926	   2.26667	   2.09282	   1.94069	   1.80389	   1.67865	    1.5628	   1.46022	   1.36595	   1.27781	   1.19511	   1.11729	   1.04332	  0.972741	  0.905396	  0.841452	   0.78102	  0.723999	  0.670282	
 0.0352852	 0.0513326	  0.100593	  0.228511	  0.516538	   1.12829	   2.29963	   4.23402	   6.96887	   10.3518	   14.1103	    17.932	   21.5421	   23.6394	   25.3057	   25.9867	   25.1599	   24.4219	   23.7831	   22.6847	   20.8152	   19.5426	   18.3688	   17.7382	   17.4016	   17.2302	   17.2484	   17.8257	   18.4757	   18.6107	   19.0171	   19.7732	   20.0687	   20.4306	   18.9937	   19.2947	   21.5798	   21.3521	   20.5501	   19.5136	   17.7695	   14.9395	   12.6538	   11.3922	   10.5226	   9.54559	   8.07134	   7.16844	   6.19943	   5.53357	   5.02309	   4.54483	   4.10261	      3.73	    3.4042	   3.12761	   2.88581	   2.66966	   2.47512	   2.29835	   2.14187	   1.99903	   1.86673	   1.74367	   1.62881	   1.52048	   1.41789	    1.3206	   1.22859	   1.14183	   1.06008	
 0.0640228	  0.100629	  0.195213	  0.425825	  0.969784	   2.12898	   4.36537	   8.12185	   13.5325	   20.3428	   28.0142	   35.9232	   43.5283	   48.3885	   52.9514	   55.5946	   54.7851	   53.6174	   53.2065	   51.2508	   47.2762	   43.9395	   40.4302	   38.4935	   36.5692	   34.9212	   33.4722	   32.9053	   32.7534	   32.7573	   31.9292	   31.5377	   31.6677	   31.3073	   29.1959	   28.0987	   29.5212	   30.4479	   29.6693	   28.5646	   27.1652	   24.8749	   21.2722	   18.2538	   16.4051	   15.0644	   13.6323	   11.6628	   10.3506	   8.99862	   8.01366	    7.2419	   6.52852	   5.87588	   5.32174	   4.83835	   4.43031	   4.07359	   3.75598	    3.4734	   3.21976	   2.99506	   2.79089	   2.60309	   2.42958	   2.26863	   2.11779	   1.97576	    1.8417	    1.7153	   1.59631	
 0.0917569	  0.154791	  0.303006	  0.655852	   1.48185	   3.27917	   6.77349	   12.7328	   21.4952	   32.8082	   45.8168	   59.4372	   72.5283	   81.3141	   90.4175	   96.8201	   97.4989	    97.953	   97.2901	    95.937	    89.765	   83.2061	   76.4328	   71.3201	   67.1759	   62.7675	   58.6922	   55.7339	   53.4666	   51.8797	   50.4653	   47.7151	   45.6196	   44.4657	     40.47	   39.6417	   40.7476	   39.4116	   39.8946	   38.7774	   37.3635	   35.5843	   32.7062	   28.3085	   24.5344	    22.048	   20.1814	   18.2432	   15.7251	   13.9521	   12.1712	   10.8203	   9.75002	   8.77107	   7.88191	    7.1236	   6.46329	   5.90712	   5.42079	   4.98875	   4.60671	   4.26609	   3.96398	   3.69021	   3.43948	   3.20882	   2.99575	   2.79687	   2.61032	    2.4348	   2.26962	
  0.114876	  0.201769	  0.404228	  0.875745	    1.9747	   4.36774	   9.08182	   17.1869	   29.3165	    45.394	   64.4594	   84.8699	   104.448	   117.696	    132.29	   143.627	   147.564	   152.569	   154.308	   152.987	   147.117	   136.884	   126.162	   116.853	   108.303	   100.752	   92.7658	   86.2547	   80.5259	   75.8956	   72.1489	   68.4638	   62.9289	   58.5721	   53.3311	   53.8227	   55.1952	    50.502	   48.7999	   49.2006	   47.7804	   46.0781	   43.9267	    40.491	   35.3569	   30.8761	   27.7796	   25.3946	   22.9323	   19.8684	   17.6257	   15.4086	   13.6849	   12.3122	   11.0651	   9.93713	   8.97284	   8.13445	   7.42873	   6.81137	   6.26334	   5.78003	   5.35058	   4.96922	   4.62408	   4.30876	   4.01943	   3.75281	   3.50454	   3.27217	   3.05394	
  0.132497	  0.236896	  0.483339	   1.05818	   2.38497	   5.26369	   10.9446	   20.7544	   35.5582	   55.6299	   80.1751	    107.37	   133.622	   151.691	   171.739	   188.166	   196.223	   208.166	    215.21	   218.078	   211.083	    199.99	   185.962	   171.877	   158.456	   145.708	   134.047	   123.049	    113.01	   104.155	    96.704	   90.1858	   83.6121	   75.0687	   67.7408	   71.0234	   70.6108	   62.7111	   59.4423	   57.3407	   57.6876	   56.0087	   54.0451	   51.5684	    47.652	     41.88	   36.7891	   33.1513	   30.2717	   27.3221	   23.7518	   21.0668	   18.4457	   16.3768	   14.7235	   13.2273	   11.8776	   10.7222	   9.71903	   8.87443	   8.13493	   7.47841	   6.90001	   6.38686	   5.93064	   5.51797	   5.14148	    4.7965	   4.47903	    4.1838	   3.90786	
  0.143961	  0.258994	  0.534363	   1.18224	   2.67528	   5.88396	    12.191	   23.0162	   39.4033	   61.8866	    90.157	   122.552	   154.589	   177.651	   203.094	   223.809	   235.939	   255.141	   269.553	   279.587	   276.275	   261.541	   248.767	    231.06	   212.984	    195.39	   178.456	   163.965	   149.245	    135.82	   123.839	   113.386	   103.852	   94.4661	   86.8776	   89.3314	   86.6381	    74.104	   70.8658	   67.0404	   64.6314	    64.944	   63.0505	   60.8797	   58.1479	   53.8369	   47.5488	   41.9635	   37.8478	   34.5396	   31.1602	    27.149	   24.0798	   21.1131	   18.7464	   16.8495	   15.1369	   13.5949	   12.2741	   11.1283	   10.1629	   9.31668	   8.56505	   7.90293	   7.31587	   6.79335	   6.32076	    5.8899	   5.49539	    5.1326	   4.79549	
  0.149109	  0.267929	  0.556154	     1.241	   2.82184	   6.20095	   12.7741	   23.9361	   40.7164	    63.869	   93.4654	   128.499	   164.056	    191.87	    222.59	   247.321	     262.8	   288.121	   309.918	   328.053	   330.512	   318.084	   303.355	   287.339	   266.334	   244.627	   223.304	   203.922	   186.013	   168.034	   151.544	   136.586	   123.176	   110.938	   108.108	   110.595	   103.317	   88.1627	   82.9672	   79.1731	   74.8386	   72.1443	   72.4352	    70.337	   67.9654	   64.9682	   60.2459	   53.4122	   47.2821	   42.6771	   38.9261	   35.1008	   30.6333	   27.1764	   23.8577	   21.1878	    19.043	   17.1102	   15.3723	   13.8831	   12.5921	   11.5028	    10.547	   9.69744	   8.94884	   8.28513	   7.69379	   7.15887	   6.67132	   6.22505	   5.81484	
   0.14888	  0.265033	  0.551354	   1.23769	   2.82919	   6.22255	   12.7677	   23.7247	   39.9902	    62.319	   91.1491	   126.001	   162.432	    193.65	   229.216	   257.991	   277.131	   306.701	   334.814	   359.316	   367.166	   359.665	   349.857	   331.716	   314.061	   290.675	   266.353	   243.445	   221.418	     200.9	   180.391	   161.408	    143.93	   128.231	   125.823	   134.203	    124.78	   103.168	   97.5456	   91.6359	   87.3481	   82.5479	    79.584	   79.8692	   77.5841	   75.0116	   71.7487	   66.6156	   59.2013	   52.5271	   47.4328	   43.2397	   38.9772	   34.0643	   30.2308	   26.5669	   23.5998	   21.2124	   19.0642	   17.1347	   15.4806	   14.0469	   12.8357	   11.7717	   10.8253	     9.991	   9.25111	   8.59124	   7.99416	   7.44998	   6.95196	
  0.145339	  0.253585	  0.525345	   1.18424	   2.71925	   5.99951	   12.2893	    22.704	   37.9088	   58.5411	    85.137	   117.766	   152.591	     185.5	   224.331	    257.08	   280.483	   313.785	   346.413	   374.826	   385.597	   383.415	   380.753	   368.487	   349.946	   331.765	   307.317	   282.653	   258.242	   234.588	   212.379	   190.151	   169.344	   150.191	   143.857	   154.482	   150.228	   121.278	   111.948	   105.698	   99.2076	   94.5155	   89.3256	   86.1431	    86.437	   83.9927	   81.2448	   77.7489	   72.2223	   64.2993	    57.145	   51.6155	   47.0341	   42.3933	    37.096	   32.9349	   28.9695	   25.7421	   23.1423	   20.8058	   18.7084	   16.9095	   15.3504	   14.0315	   12.8718	   11.8396	    10.929	   10.1211	   9.39994	   8.74715	   8.15215	
  0.139569	  0.237235	    0.4852	   1.09379	   2.52377	   5.59166	   11.4786	    21.154	   35.1169	    53.742	   77.5466	   106.828	   138.675	   171.332	    211.64	   247.168	   275.081	   311.882	   348.596	   378.507	   390.299	   391.797	   395.966	   392.355	   381.246	   363.568	   346.139	   322.813	   297.932	    272.96	   248.574	   225.493	   202.194	   180.361	   170.548	   179.229	    173.88	   142.859	   129.648	   119.566	   112.808	   105.837	   100.803	   95.2907	   91.9327	   92.2356	   89.6525	   86.7487	   83.0107	   77.1364	   68.7642	   61.1874	   55.2788	   50.3625	   45.3958	   39.7666	   35.3208	   31.0931	   27.6386	   24.8538	   22.3529	   20.1085	   18.1828	   16.5138	   15.1001	   13.8559	   12.7479	   11.7696	   10.9013	   10.1255	   9.42295	
  0.134528	  0.225907	  0.457855	   1.03096	   2.38684	    5.3035	   10.8675	   19.9213	   32.8162	   49.7435	   70.9799	    96.943	    125.38	   156.508	   196.321	   233.278	   264.395	    304.31	   344.817	   376.231	   388.021	   391.703	   400.213	    404.73	   402.816	    393.28	   376.917	   361.577	   338.649	   313.644	   288.279	   263.339	   239.461	   215.364	   209.381	   217.753	   202.658	   161.773	    151.02	   136.959	   126.245	   119.056	   111.667	   106.343	   100.562	   97.0538	   97.3625	   94.6554	   91.5754	   87.6212	   81.4384	   72.6744	   64.7342	   58.4988	   53.2928	   48.0437	   42.1285	   37.4351	   32.9793	    29.326	    26.379	   23.7339	   21.3604	   19.3231	   17.5573	   16.0599	   14.7407	   13.5652	   12.5266	   11.6041	   10.7792	
  0.128201	  0.218053	  0.442677	  0.997239	    2.3143	   5.16116	   10.5916	   19.3206	   31.5901	   47.3852	   66.7971	   90.0439	   115.446	    144.27	   182.379	   219.074	    251.84	   293.297	   337.134	   370.805	   384.304	   388.838	    399.35	   408.473	    414.19	   413.469	   404.975	   390.402	   375.305	   351.873	   326.059	   299.741	   273.658	   248.677	   251.296	   265.049	   238.803	   185.088	   173.357	   161.745	   146.632	   135.127	   127.397	   119.479	    113.79	   107.648	   103.935	   104.262	    101.35	   98.0453	   93.8092	   87.2122	   77.9063	   69.4699	   62.8043	   57.2217	   51.6005	   45.2958	   40.2721	   35.5085	   31.5902	   28.4276	   25.5898	   23.0432	   20.8566	   18.9612	   17.3517	   15.9325	   14.6669	   13.5479	   12.5532	
  0.121389	  0.208745	  0.429571	  0.972035	    2.2592	   5.05058	    10.403	   18.9962	   30.9546	   46.1424	   64.4006	   85.7634	    108.66	   135.045	   170.595	   205.873	   238.311	   279.762	   325.331	   362.127	   379.585	   385.997	   396.401	    407.32	   417.598	   424.604	   425.141	   418.901	   404.605	    389.28	   365.064	    338.27	   310.749	   283.529	   293.217	   310.769	   279.801	    216.16	   202.181	   189.284	   176.553	   160.029	   147.452	   139.001	   130.369	   124.176	    117.52	    113.51	   113.826	   110.638	   107.026	   102.402	   95.2272	     85.15	   76.0103	   68.7498	   62.6517	   56.5178	   49.6651	   44.1834	   38.9903	   34.7059	   31.2459	   28.1418	   25.3558	   22.9626	    20.888	    19.124	   17.5672	   16.1778	   14.9483	
  0.114481	  0.198619	  0.413711	  0.945237	   2.20557	   4.93772	   10.1971	   18.6872	   30.5342	   45.4479	   63.1567	   83.3908	   104.647	   128.751	    161.53	   194.422	    225.16	   264.708	   310.667	   349.954	   373.101	   382.845	   393.434	   403.696	   415.745	   427.407	   435.923	   439.228	   433.692	   419.335	   403.672	   378.683	   350.816	   322.254	   328.709	    352.19	   324.652	   254.084	   236.908	   221.517	   207.341	    193.37	   175.259	   161.485	   152.235	   142.799	   136.034	   128.791	   124.401	   124.713	   121.213	   117.254	   112.193	   104.364	   93.4081	   83.4681	   75.5332	   68.8518	   62.1361	   54.6586	   48.6557	   42.9727	   38.2708	   34.4718	   31.0639	   28.0045	   25.3755	   23.0962	   21.1557	   19.4416	   17.9106	
  0.107563	  0.187687	  0.394857	  0.909945	   2.13618	   4.80038	   9.93217	   18.2651	   29.9975	   44.8513	   62.3524	    82.133	   102.563	   125.097	   155.142	   185.339	   213.274	   249.857	   294.458	   335.212	   363.422	   377.778	   389.432	    399.15	    410.26	   423.486	   436.548	   447.854	   452.044	   446.689	   432.033	   415.958	   390.072	   361.303	   363.259	    392.78	   370.078	   291.272	   271.614	   253.224	   236.752	   221.594	   206.663	   187.327	   172.638	   162.776	   152.716	   145.512	   137.781	   133.102	   133.415	   129.676	   125.449	    120.05	   111.716	   100.084	   89.5279	   81.0638	   73.9204	   66.7434	   58.7733	   52.3541	    46.279	   41.2395	    37.166	   33.5117	     30.23	   27.4089	   24.9626	   22.8776	   21.0339	
  0.100938	  0.176375	  0.373645	  0.867434	   2.04766	   4.62235	   9.59996	   17.7075	   29.2075	   43.9431	   61.4481	   81.0927	   101.406	   123.114	   151.091	   178.563	   203.422	   236.381	   278.575	   318.548	    350.26	   368.739	    382.46	   392.949	   403.456	   415.713	   430.393	   446.246	   458.804	   463.689	   458.632	   444.002	   427.744	   401.473	   399.724	   437.161	    412.61	   325.268	   303.928	   283.421	   264.242	   247.064	   231.257	   215.705	   195.571	   180.282	   170.018	   159.547	   152.015	   143.963	   139.098	   139.413	   135.517	   131.116	   125.495	   116.831	   104.765	   93.8108	   84.9929	   77.5354	   70.0445	   61.7438	   55.0379	   48.6926	   43.4162	   39.1495	   35.3217	   31.8828	   28.9255	   26.3607	   24.1722	
 0.0947275	  0.165212	  0.351113	  0.819667	   1.94499	   4.40972	   9.19595	   17.0454	   28.2147	   42.6549	   60.0625	    79.801	   100.296	    121.87	   148.486	   174.057	   195.907	    225.53	   264.477	   301.685	   333.856	   355.652	   370.912	    384.05	    395.48	   407.322	   421.265	   438.836	   456.456	   470.428	   476.492	    472.43	   458.409	   442.823	   440.218	   488.353	   457.838	   355.184	   334.228	   312.187	   291.022	   271.237	   253.507	   237.216	   221.216	   200.536	   184.827	   174.266	   163.461	   155.679	   147.396	    142.38	   142.638	   138.609	   134.071	   128.298	   119.442	    107.16	   96.0103	   87.0037	   79.3735	   71.7162	   63.2556	   56.4025	   49.9221	   44.5224	   40.1549	   36.2377	   32.7185	   29.6918	   27.0671	
 0.0890712	  0.154415	  0.328233	  0.768604	   1.83174	   4.17212	   8.73728	   16.2747	   27.0895	   41.1151	   58.1977	   77.9048	   98.8354	   120.504	   146.418	   171.029	    190.89	   217.777	     253.5	   286.084	   316.134	   339.146	   355.358	   371.543	   385.791	   398.745	   412.487	   429.334	   449.059	   468.643	   484.551	   492.535	   490.091	   477.514	    480.78	   541.381	   505.849	   387.038	   364.993	   343.249	   320.458	   298.588	   278.146	   259.839	   243.043	   226.568	   205.318	   189.169	   178.252	   167.102	   159.056	   150.532	   145.352	   145.531	   141.355	   136.672	   130.741	     121.7	   109.218	    97.891	   88.7122	   80.9248	   73.1183	   64.5189	   57.5371	     50.94	   45.4335	   40.9791	   36.9853	    33.398	   30.3127	
 0.0839629	  0.144161	  0.305491	  0.716198	   1.71177	   3.91603	   8.24205	   15.4325	   25.8358	   39.4585	   56.0967	   75.5169	    96.718	   118.752	   144.134	   168.663	   187.722	   213.316	   246.046	   273.443	   299.223	   321.597	   337.228	   356.561	   373.963	   389.834	   404.776	   421.261	   440.376	   462.281	   484.157	   502.538	   512.859	   512.649	   517.282	    593.32	    552.72	   420.316	   398.262	   375.733	   353.489	    330.18	   307.785	    286.85	   268.107	   250.912	   234.035	   212.205	   195.586	    184.36	   172.885	   164.617	   155.869	    150.58	   150.815	   146.552	   141.763	   135.683	    126.39	   113.551	   101.894	   92.4202	   84.3693	   76.2928	   67.3991	    60.161	    53.318	   47.5948	   42.9639	   38.8103	   35.0769	
 0.0791658	  0.134721	   0.28363	   0.66449	   1.59107	   3.65255	   7.72657	   14.5575	   24.5243	   37.6997	   53.9636	   72.9901	   94.1206	   116.366	   141.523	   166.191	   185.649	   211.202	   242.155	   264.602	   285.532	   305.398	   319.542	    340.64	   361.324	   380.438	    398.36	   415.837	   434.583	   455.862	   480.134	   504.686	   525.803	   538.904	   554.369	   636.321	   599.141	   452.761	    431.87	   409.429	   386.495	   363.816	   340.031	   317.164	   295.785	   276.638	   259.065	   241.802	    219.36	   202.281	   190.759	   178.967	   170.487	   161.523	   156.136	   156.452	   152.112	   147.227	   141.002	    131.45	   118.232	   106.223	   96.4367	   88.1072	   79.7431	   70.5318	   63.0185	   55.9099	   49.9531	   45.1324	   40.8063	
 0.0748535	  0.125929	  0.263388	  0.615156	   1.47432	     3.394	   7.21082	   13.6723	   23.2028	   35.9211	   51.7796	    70.543	   91.4444	   113.573	   138.338	   163.456	   183.835	   210.162	   240.517	   259.949	    276.27	   292.902	   304.804	   326.342	   349.061	   371.723	   393.114	   413.594	   433.459	    454.44	   478.149	   505.285	   532.925	   557.393	   580.132	   676.305	    640.29	   489.858	   472.173	   450.582	   427.377	   403.647	   380.136	   355.477	   331.763	   309.575	   289.694	   271.444	   253.465	   230.037	   212.213	     200.2	   187.893	   179.058	   169.726	   164.149	   164.543	   160.052	   154.986	   148.512	   138.546	   124.739	   112.188	   101.932	   93.1919	   84.4082	    74.735	    66.829	   59.3441	   53.0612	   47.9758	
 0.0707596	  0.117645	  0.244073	  0.568539	   1.36194	   3.14343	   6.70457	   12.7873	   21.8673	   34.1343	   49.5842	   68.0576	   88.9044	   110.824	   134.792	   160.015	   181.997	   208.847	   239.492	   258.231	   271.811	   284.918	   294.892	   314.944	   338.028	   362.631	   387.442	   411.061	   433.601	   455.192	   477.932	   503.715	   533.196	    563.55	   599.031	    706.05	   685.028	   526.485	   519.944	   501.317	   478.564	   454.095	   429.047	   404.209	   378.167	   353.102	   329.635	     308.6	   289.252	   270.185	    245.29	   226.354	   213.602	   200.527	   191.154	   181.263	   175.381	   175.856	   171.121	   165.771	   158.919	   148.342	   133.676	   120.338	   109.414	   100.091	   90.7167	    80.394	   71.9414	    63.935	   57.2039	
 0.0668732	  0.109592	  0.225323	  0.523549	   1.25478	   2.90082	   6.21158	   11.9128	   20.5179	   32.3026	     47.34	   65.5043	   86.2449	   108.225	   131.244	   155.928	     179.4	   206.703	   237.501	   257.662	   270.591	   281.461	   289.993	   307.625	   329.097	   353.979	   380.654	   407.582	   433.084	   457.048	   479.898	   504.047	   531.394	   562.877	   609.917	   732.012	   722.497	   568.003	   562.454	   555.565	   535.798	   511.633	   485.618	   458.987	   432.567	   404.858	   378.169	   353.168	   330.716	   310.065	   289.708	   263.084	   242.836	   229.211	   215.231	   205.222	   194.671	   188.425	   188.988	   183.962	   178.276	   170.978	   159.686	   144.015	   129.755	   118.052	   108.053	   97.9922	   86.9147	   77.8289	   69.2184	
 0.0631662	  0.101933	   0.20689	  0.479372	   1.15093	   2.66798	   5.72954	    11.047	   19.1515	   30.3854	   44.9258	   62.7207	   83.2639	   105.213	    127.66	   151.538	   175.786	   202.933	   234.121	   256.412	   270.575	   280.859	   289.604	   304.615	   323.889	   347.474	   374.893	    404.31	   433.824	   461.416	   487.254	   512.001	   538.137	   567.947	   615.314	   748.901	   752.558	   601.431	   607.402	   601.758	   594.716	     573.9	   548.351	   520.807	   492.586	   464.537	   435.083	    406.68	   380.013	   356.055	   334.014	   312.267	   283.726	   262.032	   247.461	   232.487	   221.795	   210.522	   203.898	   204.622	     199.3	   193.261	   185.472	   173.358	   156.503	   141.155	   128.532	   117.735	   106.859	   94.8747	   85.0294	
 0.0601114	 0.0946152	  0.189178	  0.435439	   1.04769	    2.4396	    5.2591	     10.18	   17.7548	   28.3605	   42.2539	   59.4983	   79.6894	   101.433	   123.442	   146.907	   171.279	   197.629	   228.834	   253.777	   269.786	   281.078	   291.468	   305.142	   321.682	   342.995	   369.096	    399.41	    431.63	   463.512	   493.178	   521.023	   547.661	   576.013	   620.341	   754.922	    768.97	   627.257	   645.916	   652.508	   646.683	   639.381	   617.269	   590.072	   560.724	   530.619	   500.652	   469.156	   438.716	   410.121	   384.424	   360.779	   337.432	    306.71	   283.367	    267.71	   251.601	    240.12	    228.02	   220.952	   221.826	   216.152	     209.7	   201.349	   188.311	   170.141	   153.585	   139.942	   128.261	   116.484	   103.504	
 0.0584811	 0.0884068	  0.172202	  0.393028	  0.944447	   2.21076	   4.79337	   9.32169	   16.3283	   26.2378	   39.3412	   55.7895	   75.3445	   96.6588	   118.423	   141.541	   165.876	   191.479	   222.105	   248.864	   267.461	   280.146	   293.013	   306.908	   321.809	   339.985	   363.397	   392.012	   424.806	   459.119	   492.826	   524.142	   553.394	    581.51	   630.407	   761.887	   771.248	   637.667	   666.576	    686.55	   693.781	   687.859	   680.373	   657.148	   628.515	   597.564	   565.775	   534.085	   500.709	   468.426	   438.083	   410.808	   385.704	   360.898	   328.167	   303.308	   286.658	   269.507	   257.307	   244.452	   236.988	   238.024	   232.039	   225.217	   216.355	   202.466	   183.072	   165.392	   150.795	   138.286	   125.663	
 0.0586572	 0.0842843	  0.157258	  0.351943	  0.843915	   1.98001	   4.32309	   8.46461	   14.9024	   24.0478	   36.2583	   51.7137	    70.307	   90.8777	   112.601	   135.486	   159.165	   184.891	   214.927	   241.995	   262.725	   277.472	   292.117	   308.004	   323.206	   339.743	   359.949	   385.872	   417.029	   452.141	   488.635	   524.449	   557.575	   588.644	   640.699	   777.044	   769.375	   629.116	   662.316	   692.491	   713.482	   721.303	   715.481	   708.066	   684.288	   654.859	   622.982	   590.198	   557.424	   522.875	   489.427	   457.967	   429.679	   403.636	   377.878	   343.777	   317.894	   300.591	   282.742	   270.079	   256.732	   249.043	   250.268	   244.115	   237.078	   227.891	   213.412	   193.142	   174.647	   159.354	   146.234	
 0.0601054	 0.0826583	  0.146003	  0.315024	  0.746033	   1.75453	   3.84846	    7.5997	   13.4819	   21.8691	   33.1048	   47.4578	   64.8688	   84.3848	   106.076	   128.829	   151.439	    177.55	   207.751	   234.233	   255.991	   272.309	   288.462	   306.582	   323.775	   340.537	   358.921	   381.344	   409.533	   442.768	   479.949	   518.532	   556.209	   591.121	   647.275	   791.126	    770.99	   618.022	   650.996	    685.51	   716.996	   739.065	   747.551	   741.953	   734.734	    710.53	   680.431	   647.753	   614.052	   580.309	   544.691	   510.171	   477.678	   448.451	   421.536	   394.883	   359.459	   332.592	   314.676	   296.162	   283.069	    269.26	   261.377	   262.834	   256.544	   249.319	   239.829	   224.772	   203.618	   184.301	   168.301	
 0.0622066	  0.082757	  0.139153	  0.285954	   0.65807	   1.53657	   3.38886	   6.73712	   12.0688	   19.7367	   30.0347	   43.2204	   59.3665	   77.6437	   99.0494	   121.574	   143.076	   169.607	   199.909	   226.109	    248.28	   265.077	    281.77	   302.317	   321.383	    339.74	   357.827	   377.697	   401.507	   430.809	   465.072	   503.302	   542.693	   581.078	   650.775	   804.157	    778.16	   618.921	   648.211	   682.821	   719.135	   752.358	   775.767	   784.997	   779.491	   772.294	    747.24	   715.967	   681.914	   646.756	   611.506	   574.261	   538.132	   504.103	   473.486	   445.282	   417.326	   380.055	   351.804	       333	   313.543	   299.816	   285.335	   277.132	   278.813	    272.28	   264.752	   254.815	   238.967	   216.644	   196.246	
 0.0642267	 0.0836169	   0.13524	  0.265946	  0.587857	   1.34194	   2.94923	   5.91233	   10.6806	   17.6553	   27.1003	   39.2126	   54.0687	   71.0472	   91.7787	   113.812	    134.39	   161.092	   191.174	    217.09	   240.023	   256.845	   273.097	   295.341	   316.866	   337.103	   356.794	   376.232	   397.296	   421.929	   451.989	   487.075	   526.001	    566.05	   649.531	   820.795	   789.576	   625.034	   651.132	   681.904	    718.35	   756.665	   791.796	   816.689	   826.731	   821.285	    814.07	   788.029	   755.377	   719.768	   682.964	   646.018	   606.945	   569.011	   533.259	   501.082	   471.434	   442.023	   402.698	   372.906	   353.109	     332.6	   318.164	   302.931	    294.36	   296.274	   289.461	   281.587	   271.147	   254.423	   230.814	
 0.0652784	 0.0841954	  0.132614	  0.252067	  0.537812	   1.18702	   2.56059	   5.13205	   9.36849	   15.6376	   24.2833	   35.4609	   49.1798	   64.8125	   84.4689	   105.766	    125.69	   151.957	   181.348	    207.25	   230.624	   248.151	   264.052	   286.913	   310.522	   333.692	   355.764	   377.299	   398.444	   420.783	   446.624	   478.111	   514.696	   555.335	   638.784	   826.489	   799.717	   632.308	   657.533	   684.883	   717.216	   755.584	   795.976	   833.109	   859.557	   870.429	   865.025	   857.774	   830.649	   796.543	   759.295	   720.761	   682.032	   641.037	   601.206	   563.645	   529.831	   498.667	   467.726	   426.252	   394.846	   374.006	   352.394	   337.212	   321.189	    312.23	   314.378	   307.266	   299.025	   288.059	   270.422	
 0.0651252	 0.0836509	   0.12963	  0.241313	  0.502053	   1.07699	   2.25506	   4.45074	   8.13926	   13.7476	   21.5754	   31.8926	   44.6534	   59.0721	   77.2488	   97.6377	   117.229	   142.357	   170.408	   196.654	   220.283	   238.532	   255.412	   278.193	   302.453	   327.822	   353.001	   377.003	   400.413	   422.883	   446.339	    473.41	   506.262	   544.505	   629.578	   816.042	   799.433	   643.719	    671.91	   698.561	   727.525	   761.838	   802.613	   845.623	    885.26	    913.61	   925.459	   920.038	   912.636	   884.089	   848.099	   808.741	   767.985	   726.976	   683.533	   641.291	   601.436	   565.546	   532.461	   499.589	   455.423	   421.991	   399.838	    376.84	   360.714	   343.695	   334.234	   336.648	   329.149	   320.437	   308.804	
 0.0641419	 0.0816869	  0.125222	   0.23013	  0.473671	  0.998021	   2.03892	    3.9175	   7.06657	   11.9709	   19.0254	   28.4348	    40.311	   53.6812	   70.2929	   89.5628	   109.037	   132.567	   158.682	   185.307	    209.12	   228.173	    246.48	   269.366	   293.149	   318.739	   345.706	    372.32	   397.698	   421.861	   444.675	   468.349	   495.546	   528.697	   623.086	     809.4	   789.161	   645.842	   678.174	   707.767	   735.781	    766.28	   802.465	   845.541	   891.065	   933.114	   963.341	   976.232	   970.909	   963.517	   933.795	    896.19	   854.995	   812.284	   769.249	    723.61	   679.194	    637.26	   599.487	   564.655	   530.015	   483.342	   448.031	   424.674	   400.397	   383.413	    365.48	   355.582	   358.305	   350.477	   341.355	
 0.0626822	  0.078759	  0.118706	  0.216624	  0.444189	   0.93377	   1.88118	   3.53547	   6.21647	   10.3958	   16.5794	   25.1006	    35.987	   48.3867	   63.5541	   81.7368	   100.939	   122.704	   146.664	   173.287	   197.014	   216.972	   236.866	    259.66	   283.461	   308.439	   335.516	   363.824	    391.84	   417.959	   442.426	   465.285	   488.776	   515.853	    610.14	   807.093	   784.626	   636.475	   673.966	   707.585	   738.369	   767.538	   799.338	   837.142	   882.219	   929.923	    974.08	   1005.97	    1019.8	   1014.64	   1007.33	   976.672	   937.747	   895.032	   850.692	    805.96	   758.468	   712.209	   668.509	   629.132	   592.811	   556.658	   507.816	   470.883	   446.493	   421.113	   403.397	   384.683	   374.425	   377.444	    369.35	
 0.0014743	  0.075346	  0.110796	  0.199249	  0.409916	  0.865619	   1.74826	   3.24711	   5.59114	   9.11847	   14.3596	   21.8178	   31.6957	   43.0392	   56.9114	   74.0999	   92.8547	   112.762	   134.732	   160.778	   183.964	   204.651	   225.947	   248.762	   272.571	   297.702	   324.308	   352.919	   383.008	   412.249	   439.161	   464.178	   487.289	   511.028	    596.04	   797.739	   781.472	   629.381	    670.97	   710.335	   745.618	   777.922	   808.541	   841.989	    881.83	   929.389	   979.783	   1026.52	   1060.38	   1075.25	   1070.14	   1062.79	   1030.79	   990.046	   945.273	   898.753	   851.768	   801.841	   753.176	   707.177	   665.718	   627.466	   589.364	   537.784	   498.793	   473.074	    446.29	   427.623	   407.903	    397.15	   400.467	
 0.0012062	0.00869356	  0.102445	  0.179538	  0.367867	  0.787119	   1.60495	   2.99574	   5.10427	   8.15584	   12.5272	   18.7951	   27.4131	   37.7562	   50.3449	   66.5115	   84.5755	   102.918	    123.11	   147.994	   170.273	   191.278	   213.286	   236.206	    260.02	   285.154	   311.933	   340.074	    370.56	   402.102	   432.454	   460.222	   485.813	   509.401	   593.896	   791.118	   771.627	   622.412	   665.652	    709.46	   750.899	    788.01	   821.966	   854.182	   889.439	   931.492	   981.753	   1035.08	   1084.58	   1120.56	   1136.53	   1131.41	   1123.93	   1090.39	   1047.58	   1000.48	   951.505	    901.99	   849.337	   797.983	    749.42	   705.639	   665.234	   624.965	   570.365	   529.102	   501.905	   473.564	   453.837	   432.998	   421.682	
 0.0010062	0.00723381	 0.0289194	  0.159892	  0.322094	  0.693979	   1.44273	   2.72553	    4.6745	   7.39506	   11.1301	    16.287	    23.465	    32.564	   44.0373	   58.9374	   75.9538	   93.1114	   112.046	   135.126	   156.246	   177.217	   199.047	    221.99	   246.002	   271.264	   298.215	   326.738	   357.025	    389.36	    422.58	   454.472	   483.524	   510.345	   598.216	   797.588	   764.476	   611.033	   651.524	   696.706	    742.47	   785.739	   824.465	   859.922	   893.605	   930.508	   974.575	    1027.3	    1083.3	   1135.39	   1173.39	   1190.51	   1185.58	   1178.19	   1143.47	      1099	   1049.99	   998.962	   947.318	   892.344	   838.683	    787.91	   742.122	   699.853	   657.692	   600.399	   557.118	    528.63	   498.916	   478.271	   456.455	
0.000854164	0.00610728	 0.0242126	 0.0758359	  0.278324	  0.596075	     1.257	   2.42906	   4.22382	   6.73159	   10.0332	   14.3862	   20.2181	   27.8751	   38.0003	   51.6166	   67.1079	   83.2413	   101.408	   122.576	     142.2	   162.894	   183.918	   206.706	   230.988	   256.769	   284.249	   313.397	   344.693	   377.558	   412.485	   448.397	   482.905	   514.574	   607.539	    811.17	    771.02	   603.386	   639.425	   681.765	   729.004	   776.836	   822.038	   862.508	   899.592	   934.844	    973.51	   1019.74	   1075.09	   1133.95	   1188.82	   1229.03	   1247.44	   1242.76	   1235.53	   1199.62	   1153.45	   1102.47	   1049.33	   995.479	   938.084	   882.011	   828.923	   781.033	   736.808	   692.659	   632.518	   587.105	   557.259	   526.098	   504.492	
0.000734462	0.00522869	 0.0205488	 0.0635818	  0.175107	  0.505722	   1.06855	   2.10338	   3.74976	   6.06522	   9.11176	   12.9406	   17.8234	    24.132	   32.6741	   44.6077	   58.5327	   73.4558	   90.9869	   110.481	   128.789	   148.808	    168.72	   191.057	    215.21	   241.309	    269.38	   299.098	    331.15	   365.218	   400.872	   438.785	   477.781	   515.491	   620.137	   830.541	   784.841	   606.349	   637.228	   675.229	   719.869	   769.659	   820.045	    867.66	   910.292	   949.353	   986.502	    1027.3	   1076.12	   1134.65	   1196.98	   1255.17	   1297.97	    1317.8	   1313.28	   1306.08	   1268.54	   1220.12	   1166.58	   1110.71	   1054.03	    993.56	   934.443	   878.442	    827.91	   781.232	   734.601	   670.962	   622.922	   591.383	    558.43	
0.000630952	0.00452423	 0.0176768	 0.0541084	  0.147015	  0.367036	  0.899584	    1.7834	   3.24745	   5.39343	   8.23042	   11.7885	   16.0889	   21.4769	   28.5005	   38.4303	   50.4438	   64.2315	   80.7579	   98.8283	   116.282	   135.603	   154.125	   175.807	   199.463	   225.375	   253.707	   283.897	   316.448	    351.21	   388.012	   426.538	   467.472	   509.741	   624.368	   851.701	   803.645	   614.255	   642.366	   675.007	   715.178	   762.357	   814.955	   868.182	   918.475	   963.473	   1004.69	   1043.91	   1087.03	    1138.7	   1200.72	   1266.82	   1328.66	   1374.27	   1395.61	    1391.2	   1383.96	   1344.56	    1293.6	   1237.17	   1178.24	   1118.38	   1054.48	   991.972	   932.726	   879.251	   829.842	   780.452	   712.951	   662.005	   628.583	
0.000534744	0.00390545	 0.0153608	 0.0467049	   0.12548	  0.309003	  0.700837	   1.50148	   2.76192	   4.69407	     7.364	   10.7233	   14.7703	   19.6103	   25.5644	   33.5723	    43.448	   55.6448	   71.0199	   87.6265	   104.536	   123.273	   140.647	   161.449	   184.524	   210.018	   238.264	   268.803	   301.998	   337.467	   375.204	   415.165	   456.978	   501.551	   617.342	   863.134	   823.946	   627.088	   656.646	   686.904	   722.016	   765.189	   815.859	   872.365	   929.577	   983.653	   1032.07	   1076.48	   1118.79	   1165.35	   1221.17	   1288.19	   1359.74	   1426.82	   1476.58	   1500.35	   1496.45	   1489.52	   1447.92	   1393.82	   1333.75	   1270.88	   1206.93	   1138.53	   1071.55	   1008.01	   950.628	   897.584	   844.501	    771.74	    716.85	
0.000440521	0.00332277	 0.0133095	 0.0407268	  0.108689	  0.264721	  0.592485	   1.21502	   2.33515	   4.01698	   6.45748	   9.67655	   13.5628	   18.1868	   23.4731	   30.1163	   38.0399	   48.2134	   61.7334	   77.1014	   93.3168	   111.413	   128.043	   148.047	   170.148	   194.936	   222.603	   252.851	   286.189	   322.078	   360.249	   400.818	   443.698	   488.655	   604.721	   854.425	   827.055	   637.706	   672.603	   704.585	   737.335	   775.308	   821.943	   876.678	    937.73	   999.558	   1058.04	   1110.46	   1158.61	   1204.57	   1255.19	   1315.89	    1388.8	   1466.72	   1539.98	   1594.68	   1621.37	    1618.2	   1611.77	   1567.76	   1510.14	   1445.95	   1378.64	   1310.03	    1236.5	   1164.39	   1095.93	   1034.08	   976.868	   919.538	   840.687	
0.00035273	0.00274568	  0.011358	 0.0353911	 0.0950666	  0.230068	  0.509518	   1.03223	   1.93125	   3.41351	   5.56069	   8.54592	   12.3357	   16.7986	   21.7998	   27.5897	     34.24	   42.4177	   53.4815	   67.0907	   82.6612	   99.6631	   115.711	   135.162	   156.375	   180.051	    206.85	   236.346	   269.183	   305.007	   343.369	   384.089	   427.248	   472.903	   589.852	   833.891	   810.895	   638.763	   678.929	   716.291	   750.564	   785.663	   826.327	   876.265	   934.877	   1000.24	   1066.44	   1129.09	   1185.31	   1237.01	   1286.43	   1340.92	   1406.29	   1484.85	   1568.92	   1648.14	   1707.63	   1737.23	   1734.85	   1728.99	   1682.78	   1621.88	   1553.84	   1482.34	   1409.34	   1330.96	      1254	   1180.86	   1114.76	   1053.59	   992.217	
0.000275846	0.00220388	0.00940372	 0.0302518	 0.0827396	  0.201562	   0.44363	   0.88996	   1.64515	   2.85624	   4.73706	    7.3806	   10.9272	    15.272	   20.0655	   25.5013	   31.4615	   38.2808	   46.8952	   58.1612	   72.2631	   88.1002	   103.252	   122.219	   142.874	   165.631	   191.268	   219.907	   251.983	   287.347	   325.738	   366.774	   410.224	   456.317	   572.054	   807.694	   788.418	   631.465	   677.998	   720.799	   760.637	   797.199	   834.635	   878.018	   931.291	   993.786	   1063.46	   1134.05	   1200.87	   1260.89	   1316.13	   1369.02	   1427.38	   1497.43	   1581.65	   1671.89	   1757.11	   1821.42	   1853.94	   1852.37	   1847.08	   1798.65	   1734.45	   1662.52	    1586.8	   1509.37	   1426.09	   1344.22	   1266.37	   1195.98	   1130.81	
0.000215119	0.00172615	0.00755313	 0.0250432	 0.0706822	  0.175272	  0.388267	  0.774274	    1.4169	   2.42975	   3.97681	   6.27178	   9.40591	   13.4398	   18.1125	   23.3276	   29.1137	   35.1731	   42.1098	   50.9802	   62.6888	   76.5768	   90.8656	   108.808	    128.84	   150.854	   175.325	    202.53	   233.418	   267.668	    305.22	   345.884	   389.212	   435.089	   550.288	   773.982	   760.649	    619.48	   671.235	   720.824	   766.454	   808.937	    847.93	   887.883	   934.194	   991.025	   1057.67	   1131.97	   1207.25	   1278.53	   1342.58	   1401.59	   1458.14	    1520.6	   1595.63	   1685.88	   1782.69	   1874.29	    1943.7	   1979.27	   1978.48	   1973.73	   1922.84	   1855.02	   1778.85	   1698.55	   1616.31	   1527.72	   1440.56	   1357.62	   1282.59	
0.000171396	0.00134726	0.00591369	 0.0200849	 0.0583709	  0.149286	  0.336494	  0.675317	   1.22784	   2.08295	   3.36477	   5.24866	   7.92782	   11.4551	   15.8166	   20.9358	   26.5957	   32.4651	   38.5036	    45.693	   54.7143	    65.912	   78.5666	   95.3091	   114.126	   135.305	   158.767	   184.502	   213.562	    246.21	   282.191	   321.517	   363.943	   409.111	    523.54	   735.617	   727.747	   601.577	   655.015	   709.793	   762.277	   810.572	   855.525	   896.813	    939.14	   988.181	   1048.34	   1118.89	   1197.53	   1277.21	   1352.65	   1420.46	   1482.95	    1542.9	   1609.17	   1688.83	   1784.74	   1887.71	   1985.29	   2059.49	    2097.9	   2097.82	   2093.54	   2040.29	   1969.01	   1888.81	   1804.14	   1717.31	   1623.69	   1531.49	    1443.7	
0.000143707	0.00107432	0.00461222	 0.0156954	  0.046675	  0.122819	    0.2854	  0.582803	   1.06587	   1.79519	    2.8663	    4.4087	   6.58476	   9.56573	   13.4127	    18.221	   23.7933	   29.5449	   35.4399	   41.6633	   48.6297	   57.0908	   67.3445	   82.1087	   99.7596	   119.794	    142.56	   167.534	   195.393	   226.589	   261.496	   299.926	   341.866	   387.177	   496.075	   702.293	   699.592	    583.12	   636.485	   693.078	   751.087	   806.667	     857.8	   905.427	   949.202	   994.069	   1046.04	   1109.79	   1184.54	   1267.87	   1352.29	   1432.24	   1504.11	   1570.39	   1634.02	   1704.44	   1789.15	   1891.19	   2000.87	   2104.98	   2184.42	   2225.99	   2226.75	   2223.08	   2167.36	   2092.44	   2007.96	   1918.64	   1826.93	   1727.91	   1630.32	
0.000125378	0.000901533	0.00367538	 0.0122181	 0.0363727	 0.0978655	  0.233873	  0.492492	  0.916202	   1.55135	   2.45741	   3.73289	   5.48664	   7.90871	   11.1923	   15.4476	   20.6208	   26.3227	   32.2432	    38.217	   43.8451	   50.4362	   58.2056	    70.221	   85.8449	   104.714	   126.363	   150.803	   178.057	   208.273	   242.023	   279.792	    321.37	    366.87	   469.297	   668.301	   673.135	   564.259	   619.045	   675.715	   735.803	   797.387	   856.372	   910.663	   961.259	   1007.75	    1055.4	   1110.59	    1178.3	    1257.7	    1346.2	   1435.86	   1520.77	   1597.11	   1667.55	   1735.22	   1810.18	   1900.44	   2009.24	   2126.29	   2237.58	   2322.77	   2367.79	   2369.44	   2366.39	    2307.9	   2228.91	   2139.65	   2045.17	   1948.03	   1843.03	
0.000112177	0.000786783	0.00308173	0.00971844	 0.0282386	 0.0760251	  0.185723	   0.40231	  0.771778	   1.32897	   2.11548	   3.18637	   4.61954	   6.57461	   9.28523	   12.9035	   17.3812	   22.6978	   28.7368	   34.5896	    39.673	   45.2466	   51.3535	   60.4612	   73.0729	    89.609	   109.749	   132.739	   159.007	   188.101	   220.241	   256.096	   296.157	   340.308	   440.421	   628.522	   636.535	   539.051	   594.297	   651.983	   711.636	   774.872	   839.656	   901.723	   958.866	    1012.1	   1061.01	   1111.12	    1169.2	   1240.45	      1324	   1417.12	   1511.46	   1600.79	   1681.09	   1755.21	   1826.46	   1905.47	   2000.67	   2115.53	   2239.22	   2356.98	   2447.38	   2495.53	   2498.01	   2495.57	   2434.63	   2351.99	   2258.47	   2159.36	   2057.35	
0.000100811	0.000703096	0.00268616	 0.0081334	  0.022406	 0.0588562	  0.143871	  0.318641	  0.628902	   1.11679	   1.80768	   2.73549	    3.9319	   5.53848	   7.74799	   10.7155	   14.4137	   19.0107	   24.7547	   30.5913	   35.3765	   40.7503	   45.9884	   53.0996	   62.6645	   76.0188	   93.6596	   115.108	   139.822	   167.897	   198.912	   233.154	   271.319	   314.027	   409.171	   588.565	   597.373	   508.131	   562.956	   620.621	   680.811	   743.032	   808.963	   876.523	    941.26	   1000.83	   1056.32	   1107.28	   1159.51	   1220.05	   1294.33	   1381.44	   1478.53	   1576.86	   1669.96	   1753.64	   1830.88	   1905.18	   1987.65	   2087.12	   2207.21	   2336.66	   2460.06	   2555.02	   2605.97	   2609.27	   2607.45	   2544.47	   2458.77	   2361.63	   2258.57	
8.81883e-05	0.000630406	0.00239444	0.00707355	  0.018706	 0.0465809	  0.111113	  0.246281	  0.497195	  0.908667	   1.51712	   2.33472	   3.37431	   4.72458	   6.54717	   8.93165	   11.8866	   15.6612	    20.677	   26.1106	   30.8619	   36.1912	   41.3247	   47.3593	   54.8704	   65.0703	   79.4028	   98.3538	   121.534	   148.143	   178.335	   211.723	   248.604	   289.823	   375.954	   542.542	   557.323	   478.745	   533.874	   591.417	   651.916	   715.036	   780.246	   849.355	   920.179	   988.005	   1050.39	   1108.46	   1161.79	   1216.45	   1279.81	   1357.59	   1448.79	   1550.44	   1653.36	   1750.76	   1838.27	   1919.03	   1996.75	   2083.09	   2187.35	   2313.33	   2449.24	   2578.93	   2678.91	   2732.83	   2736.81	   2735.45	    2669.9	   2580.46	   2478.96	
7.3966e-05	0.000549252	0.00213847	0.00628002	 0.0162132	 0.0387656	  0.087686	  0.189635	  0.383402	  0.717118	   1.23279	   1.95767	   2.88146	    4.0618	   5.58805	   7.52359	   9.84268	   12.8418	   16.9606	   21.6011	   26.0539	   31.4639	   36.5965	    42.345	   48.6486	    56.587	   67.4428	   82.7256	   102.934	   127.518	   155.678	   187.615	   222.906	   261.944	   343.562	    494.47	   510.628	   447.079	   502.292	   560.274	   620.799	   684.437	   750.828	   819.456	   892.227	   966.813	   1038.27	   1104.03	   1165.31	   1221.62	   1279.36	   1346.28	    1428.4	   1524.68	   1631.99	   1740.67	   1843.57	   1936.08	   2021.55	   2103.91	   2195.45	   2306.03	    2439.7	   2584.04	   2722.03	   2828.83	   2887.11	   2892.69	   2892.63	   2824.64	   2731.28	
6.21341e-05	0.000458938	 0.0018562	0.00558722	 0.0143399	 0.0334996	 0.0727818	  0.149219	  0.294532	  0.552051	  0.971703	   1.58938	   2.41724	   3.46952	   4.79303	   6.39208	   8.25025	   10.5872	   13.8445	   17.5671	   21.3961	   26.4974	   31.7293	   37.3201	   43.2558	   49.8535	   58.2368	   69.7516	   85.8826	   107.054	   132.727	   162.093	   195.341	   232.085	   309.568	   450.095	   464.645	   409.633	   462.927	   520.341	    580.66	    643.65	   709.896	   779.068	   850.635	   926.546	    1004.4	   1079.05	   1147.86	   1212.08	   1271.18	   1331.83	   1402.09	   1488.24	   1589.23	   1701.79	   1815.87	   1923.99	   2021.35	   2111.46	   2198.44	   2295.18	   2412.01	   2553.25	   2705.92	   2852.21	   2966.07	   3029.21	   3037.11	   3039.13	   2969.69	
5.46588e-05	0.000385036	0.00154864	0.00484143	 0.0127359	 0.0295824	  0.062843	   0.12375	  0.231675	  0.424112	  0.748385	   1.25371	   1.96566	   2.91146	   4.08192	   5.46233	   6.99859	     8.865	   11.3812	   14.2621	   17.3557	   21.7643	   26.7029	   32.3272	    38.133	   44.3912	   51.4407	   60.4683	   72.7815	   89.8734	    112.24	   139.355	   170.363	   205.524	   274.383	   404.825	   424.338	   374.789	   427.359	   484.446	    546.18	   611.311	   679.606	   751.748	   827.414	   906.027	   989.696	   1075.89	   1159.13	   1236.51	   1309.32	   1376.98	   1446.63	   1527.11	   1625.33	   1740.26	   1868.45	   1998.91	   2123.39	   2236.55	   2342.18	   2444.83	   2558.89	   2696.02	   2861.21	   3040.12	   3212.76	   3349.62	    3429.7	    3447.4	   3458.38	
4.59476e-05	0.000338237	 0.0012971	0.00403239	 0.0110188	 0.0262432	 0.0554538	  0.106908	  0.192377	  0.334238	  0.576356	  0.968475	   1.55589	   2.37101	    3.4187	   4.64551	   5.99506	   7.54204	   9.53286	    11.705	   14.1231	   17.7167	   21.9874	   27.2857	   33.1386	   39.2727	   45.9808	   53.6327	   63.3709	   76.5111	   94.6744	   118.426	   147.215	   180.194	   241.527	   360.142	   384.227	   341.321	    393.15	   449.528	   510.948	   577.574	   648.104	   722.347	   801.057	   883.875	   970.212	   1062.36	   1157.64	   1250.16	   1336.74	   1418.73	   1495.44	   1574.63	   1665.92	   1776.96	   1906.73	   2051.53	   2199.35	   2341.11	   2470.83	    2592.7	    2711.7	   2843.85	   3002.23	   3192.58	   3399.05	   3599.33	   3760.21	   3857.79	   3885.35	
3.83691e-05	0.00028433	0.00113901	0.00337581	0.00917432	 0.0227059	 0.0492191	 0.0945056	  0.166688	  0.278552	  0.456127	  0.749337	   1.20743	   1.88061	   2.78134	   3.89263	   5.12395	   6.49598	   8.13228	    9.8143	   11.6488	   14.4992	   17.9818	     22.56	   28.0568	   34.1995	    40.721	   47.9363	    56.143	   66.4687	   80.3274	   99.4469	   124.413	   154.682	    209.86	   317.077	    342.82	   307.464	   355.832	   409.929	   468.771	   532.872	   602.394	   676.013	   753.534	    835.71	   922.172	   1012.31	   1108.56	    1208.1	   1304.77	   1395.27	      1481	   1561.25	   1644.11	   1739.63	   1855.81	   1991.56	   2143.03	   2297.68	      2446	   2581.78	    2709.4	   2834.11	   2972.69	   3138.85	   3338.67	   3555.56	   3766.21	   3935.86	   4039.39	
3.21331e-05	 0.0002379	0.000958962	0.00296851	0.00768984	 0.0189314	  0.042658	 0.0841544	  0.147926	  0.242496	   0.38207	  0.596213	  0.938444	   1.46187	    2.2041	   3.16965	   4.31606	    5.5852	   7.02847	   8.38708	   9.81943	    12.031	   14.7929	     18.52	   23.2718	   29.0314	   35.5347	   42.5056	    50.213	   58.8882	   69.7378	    84.263	   104.264	   130.377	   179.434	   274.352	    301.57	   274.462	   319.583	   369.945	   426.273	   487.544	   554.287	   626.706	   703.425	   784.212	   869.856	   959.984	   1053.99	   1154.38	   1258.25	   1359.17	    1453.7	    1543.3	   1627.23	   1713.91	   1813.83	   1935.33	   2077.29	   2235.69	   2397.45	   2552.64	    2694.8	    2828.5	   2959.27	   3104.68	   3279.09	   3488.91	   3716.85	   3938.54	   4117.59	
2.69477e-05	0.000199825	0.000803819	0.00250365	 0.0067726	 0.0158895	  0.035619	 0.0731328	  0.132138	  0.215931	  0.333895	  0.501382	  0.748943	   1.13621	   1.70963	   2.51047	   3.52618	   4.72434	   6.05505	   7.25027	   8.42035	   10.1859	   12.3188	   15.2586	   19.1243	   24.0956	   30.1724	   37.0701	   44.4795	   52.5907	   61.6623	   72.9712	   88.0764	   108.874	   150.601	   233.531	   260.623	   241.474	   284.366	   331.215	   383.512	   442.011	   505.643	   574.994	   650.282	   730.049	   814.058	   903.144	   996.942	   1094.81	   1199.36	   1307.58	   1412.79	   1511.41	   1604.96	   1692.66	   1783.27	   1887.71	   2014.67	   2162.99	   2328.51	   2497.56	   2659.85	   2808.62	   2948.66	   3085.79	   3238.34	   3421.37	   3641.62	   3881.09	   4114.36	
1.87978e-05	0.000167908	0.000675925	0.00209922	0.00571281	 0.0139929	 0.0298849	 0.0610515	  0.114828	  0.192887	  0.297284	  0.438168	  0.629706	  0.903983	   1.32203	   1.94017	   2.79215	   3.86183	   5.11441	   6.22606	    7.2769	   8.74163	    10.431	   12.6773	   15.7184	   19.7514	   24.9778	   31.3733	   38.6619	   46.4235	   54.8669	    64.272	   75.9614	   91.5723	   125.201	   195.075	   221.499	   208.642	   249.932	   295.164	    344.75	   400.281	   462.585	    530.62	    605.05	   686.126	   772.356	   863.532	   960.604	   1063.21	    1170.7	   1285.92	   1405.68	   1522.81	   1633.44	   1739.14	   1839.01	   1942.56	   2061.74	   2206.17	   2374.76	   2563.11	   2756.28	   2942.88	   3115.39	   3279.05	    3440.3	   3619.66	   3834.18	   4091.73	   4372.37	
1.27683e-05	0.000116685	0.000565722	 0.0017574	0.00476618	 0.0117462	 0.0261907	 0.0508982	  0.095284	  0.166659	  0.264058	  0.387899	  0.548129	  0.755186	   1.04318	    1.4897	   2.14914	   3.04738	   4.15842	   5.22171	    6.2214	   7.53002	    8.9176	   10.6684	   12.9815	   16.1415	   20.3636	   25.8191	   32.5367	    40.134	   48.1803	   56.8999	   66.5755	   78.5944	   104.806	   161.353	   184.662	   177.212	   215.629	   258.983	   306.634	    359.04	   417.886	   484.109	   556.667	   636.274	   723.242	   816.044	   914.519	   1019.69	   1131.22	   1248.44	   1374.44	   1505.85	   1635.01	   1757.71	   1875.62	   1987.71	   2104.25	   2238.22	   2400.19	   2589.15	   2800.42	   3017.79	   3228.76	   3425.04	   3612.33	   3797.71	   4003.91	   4250.01	      4545	
8.44901e-06	7.86361e-05	0.000390386	0.00145983	 0.0039591	0.00972102	 0.0218167	 0.0441371	 0.0786083	  0.136927	   0.22597	  0.341293	   0.48194	  0.651656	  0.862508	    1.1646	   1.63937	   2.33102	   3.25505	    4.2042	   5.17968	     6.398	   7.62982	   9.04162	   10.8346	   13.2276	   16.5213	   20.8909	   26.5881	   33.5532	   41.3964	   49.6777	   58.6221	   68.5364	   89.5031	   134.344	   152.378	   147.587	    182.36	   221.917	   266.546	   315.586	     369.5	   430.047	   498.194	   572.845	   654.736	   744.195	   839.671	   940.982	   1049.18	   1163.92	   1284.52	   1414.15	   1549.37	   1682.28	   1808.55	   1929.92	   2045.31	    2165.3	   2303.23	      2470	   2664.55	   2882.07	   3105.85	   3323.06	   3525.13	      3718	      3909	   4121.57	   4375.42	
5.4386e-06	5.14928e-05	0.000261541	0.00100087	 0.0032656	0.00801683	 0.0179224	 0.0363357	  0.067361	  0.111676	  0.183613	  0.288903	  0.420913	  0.567662	  0.736496	  0.953836	   1.27293	   1.76558	   2.46804	   3.25659	   4.13642	   5.28854	   6.43286	   7.66512	   9.10264	   10.9494	   13.4349	   16.8171	   21.3568	   27.2328	   34.3899	   42.4325	   50.9029	   60.0454	   77.6368	   114.076	   126.515	   121.601	   151.182	   186.857	   227.439	   273.226	    323.53	   378.848	   440.993	   510.939	   587.563	   671.632	   763.511	   861.588	   965.682	   1076.88	   1194.82	   1318.82	   1452.15	   1591.27	   1728.07	   1858.12	   1983.17	   2102.15	    2225.9	   2368.16	   2540.14	   2740.76	   2965.08	   3195.91	   3420.03	   3628.67	   3827.94	   4025.43	   4245.36	
3.40149e-06	3.28643e-05	0.000170105	0.000667324	0.00222675	0.00657299	 0.0146927	 0.0295215	 0.0548172	 0.0946553	  0.148204	  0.232378	  0.353867	  0.491538	  0.635368	  0.807629	   1.03646	   1.36207	   1.85432	   2.44578	   3.18048	   4.19542	   5.27926	   6.40924	   7.65572	   9.12972	   11.0416	    13.578	   17.0765	   21.7353	   27.7438	   35.0507	   43.2472	   51.8777	   67.6371	   98.3555	    107.08	   100.763	   123.958	   154.176	   190.626	   232.098	    278.89	   330.321	   386.905	   450.479	   522.047	    600.47	   686.564	    780.69	   881.205	   987.927	   1101.98	      1223	   1350.29	   1487.22	   1630.16	   1770.82	   1904.65	   2033.46	   2156.12	   2283.76	   2430.49	   2607.83	   2814.69	   3046.01	   3284.14	   3515.52	    3731.1	   3937.21	    4141.7	
2.06711e-06	2.04229e-05	0.00010836	0.000432165	0.00148087	0.00446712	 0.0119993	 0.0240206	 0.0441616	 0.0763862	  0.124644	  0.186207	  0.282949	   0.41013	  0.545525	   0.69167	  0.873414	   1.10338	    1.4213	   1.82349	   2.37501	    3.2092	   4.16386	   5.22462	   6.35935	    7.6295	   9.14989	   11.0899	   13.7047	   17.2783	   22.0184	   28.1224	   35.5348	   43.8503	   58.0869	   85.1371	   91.9786	   85.0736	   102.166	   125.728	   156.427	   193.462	   235.599	   283.159	   335.453	   392.988	   457.638	   530.432	   610.239	   697.877	   793.719	   896.098	   1004.83	   1121.08	   1244.46	   1374.29	   1513.99	    1659.9	   1803.56	   1940.33	   2072.07	   2197.62	   2328.32	   2478.56	   2660.11	   2871.88	    3108.7	   3352.58	   3589.66	   3810.72	   4022.25	
1.20215e-06	1.22617e-05	6.71618e-05	0.000275035	0.000955968	0.00296636	0.00813765	 0.0195406	 0.0357601	 0.0612925	  0.100216	  0.156123	  0.225696	  0.326198	  0.452869	  0.591926	  0.747127	  0.929244	   1.14941	   1.39485	   1.77007	   2.39542	   3.18084	   4.11018	   5.16883	    6.3174	   7.62037	   9.15326	   11.1464	   13.8048	   17.4209	    22.208	   28.3624	   35.8342	   48.7825	   72.6111	   79.2739	    72.854	   85.7472	   102.998	    126.78	   157.767	   195.147	   237.688	   285.716	   338.519	   396.612	   461.894	    535.43	   616.062	   704.622	   801.491	   904.987	   1014.93	   1132.49	    1257.3	   1388.66	   1530.05	   1677.77	   1823.26	   1961.86	   2095.41	   2222.76	   2355.38	   2507.83	   2692.01	   2906.84	   3147.11	   3394.59	   3635.24	   3859.74	
6.80049e-07	7.1065e-06	4.01816e-05	0.000170023	0.000607371	0.00190761	0.00539743	 0.0132771	 0.0290414	 0.0495402	 0.0803241	  0.125373	   0.18793	   0.25851	  0.358267	  0.489405	  0.637357	  0.793472	  0.966239	   1.12613	   1.35286	   1.78313	   2.37018	   3.13086	   4.05276	   5.11586	   6.28502	   7.58666	   9.15394	    11.169	   13.8421	   17.4696	   22.2628	   28.4226	   39.5875	   60.5265	   67.2748	   62.5606	   72.9592	   85.8899	   103.191	   127.044	   158.124	    195.63	   238.327	   286.531	   339.526	   397.833	   463.384	   537.234	   618.227	   707.205	   804.556	    908.59	   1019.13	   1137.36	   1262.92	   1395.11	   1537.43	   1686.16	   1832.72	   1972.42	   2107.11	   2235.62	   2369.49	   2523.38	   2709.28	   2926.09	   3168.59	   3418.42	   3661.46	
3.75487e-07	4.10544e-06	2.31628e-05	0.000101421	0.000374703	0.00121027	0.00346087	0.00889356	 0.0198254	 0.0402848	 0.0649433	  0.100463	  0.149456	  0.213186	  0.281504	  0.384048	  0.522714	  0.672918	   0.82015	  0.941313	   1.08621	   1.35532	   1.75482	   2.31856	   3.06735	   3.98484	    5.0559	   6.21002	   7.53108	   9.10545	   11.1179	   13.7808	   17.3878	   22.1526	   31.1652	   48.7249	   55.7614	   52.8601	   62.2181	   72.5788	   85.4616	     102.7	   126.468	   157.453	   194.859	   237.448	   285.534	   338.405	   396.604	   462.046	   535.795	     616.7	   705.612	   802.922	   906.948	   1017.52	   1135.82	    1261.5	   1393.86	   1536.42	   1685.47	   1832.43	   1972.61	   2107.86	      2237	   2371.58	   2526.28	   2713.13	   2931.03	   3174.77	   3425.96	
2.00781e-07	2.24877e-06	1.33309e-05	5.73545e-05	0.00022043	0.000738684	0.00217897	0.00577421	 0.0133743	 0.0276055	 0.0528088	 0.0811658	  0.118485	  0.167903	  0.230021	   0.29927	  0.406863	  0.548894	  0.691565	  0.794413	  0.903004	   1.08223	   1.32705	   1.70651	   2.25763	    2.9966	   3.91207	   4.95551	   6.11584	   7.43284	    8.9939	   10.9839	   13.6117	    17.171	   24.0956	   38.0283	   44.6004	   43.5893	   52.1714	   61.4209	   71.6587	   84.3882	   101.422	   124.921	   155.567	   192.568	   234.698	   282.268	   334.592	   392.193	   456.974	   529.995	   610.121	   698.201	   794.626	   897.733	   1007.36	   1124.68	   1249.35	   1380.69	   1522.19	   1670.19	   1816.19	   1955.53	   2090.05	   2218.58	   2352.56	   2506.57	   2692.55	   2909.44	   3152.05	
1.02916e-07	1.1935e-06	7.0692e-06	3.26571e-05	0.00012142	0.000425701	0.00130972	 0.0037013	0.00877173	 0.0187186	 0.0362713	  0.065864	 0.0946665	  0.131869	  0.179535	  0.242437	  0.314542	  0.425204	  0.561145	  0.666132	  0.757865	  0.894683	   1.05558	   1.28301	   1.65175	   2.19176	   2.92247	   3.80184	   4.83922	   5.98582	   7.28138	   8.81287	   10.7609	   13.3334	   18.5169	   29.1295	   34.5561	    34.656	    42.663	   51.0733	   60.1345	   70.1604	   82.6251	   99.3138	   122.348	   152.392	    188.67	   229.977	   276.635	   327.954	   384.453	   448.005	   519.654	   598.292	   684.755	   779.432	   880.692	   988.375	   1103.65	   1226.17	   1355.28	   1494.42	      1640	   1783.66	   1920.84	   2053.35	   2180.02	   2312.11	   2463.94	   2647.26	   2861.04	
4.72192e-08	5.9863e-07	3.64654e-06	1.70013e-05	6.90159e-05	0.000229606	0.000739558	0.00225916	0.00565061	  0.012301	 0.0245203	 0.0450437	 0.0754299	  0.103809	  0.139139	  0.186948	  0.251817	  0.326751	   0.43199	  0.536596	  0.630585	   0.74524	  0.868494	   1.01301	   1.23358	   1.59305	   2.12295	   2.81423	   3.67812	   4.69197	   5.80915	   7.06908	   8.55581	    10.447	    14.244	   22.1598	   26.2501	   26.6604	   33.5997	   41.3695	   49.5281	   58.3147	   68.0348	   80.1259	   96.3239	   118.683	   147.847	    183.06	   223.169	   268.468	   318.293	   373.153	   434.871	   504.464	   580.858	   664.868	   756.873	   855.288	   959.964	   1072.04	   1191.18	   1316.77	   1452.13	   1593.79	   1733.65	   1867.24	   1996.33	    2119.8	   2248.56	   2396.58	   2575.28	
2.05751e-08	2.8291e-07	1.80747e-06	8.61941e-06	3.55173e-05	0.000130717	0.000390235	0.00130656	0.00346179	0.00787553	 0.0160093	 0.0301334	 0.0506745	  0.081073	  0.107627	  0.142649	  0.191466	  0.258366	  0.329493	  0.409836	  0.503243	   0.61369	  0.718748	  0.825101	  0.965009	   1.18022	   1.53126	   2.02435	   2.69546	   3.52971	   4.50604	   5.58101	   6.79235	    8.2228	   11.0443	   16.8575	   19.7801	   20.0845	   25.5756	   32.2351	   39.6888	   47.5138	   55.9401	   65.2687	   76.8818	   92.4411	   113.915	   141.921	   175.743	   214.261	   257.761	   305.615	   358.315	   417.615	   484.491	   557.914	   638.664	   727.107	   821.723	   922.372	   1030.15	   1144.75	   1265.57	   1395.83	   1532.17	   1666.81	   1795.47	   1919.84	   2038.83	   2162.96	   2305.65	
8.53272e-09	1.31301e-07	8.87868e-07	4.32309e-06	1.79756e-05	6.68923e-05	0.000223577	 0.0007143	0.00201942	0.00481048	 0.0101581	 0.0195014	 0.0333689	 0.0538176	 0.0827564	  0.108816	  0.144246	  0.194314	  0.257355	  0.310147	  0.381243	  0.484969	  0.587947	  0.675002	    0.7772	  0.913564	   1.12376	   1.44469	   1.91832	   2.55878	   3.35261	   4.28096	   5.30313	    6.4566	   8.59401	   12.9121	   14.8857	   14.9896	    19.044	   24.2515	   30.5639	   37.6275	   45.0427	    53.034	     61.89	   72.9179	   87.6908	   108.073	    134.66	   166.761	   203.314	     244.6	   290.031	   340.076	   396.399	   459.925	   529.676	   606.392	   690.423	   780.328	   875.979	    978.42	   1087.37	   1202.25	   1326.12	   1455.82	   1583.92	   1706.37	   1824.78	    1938.1	   2056.35	
3.43014e-09	6.06091e-08	4.52197e-07	2.2221e-06	9.20271e-06	3.40633e-05	0.000114411	0.000413499	0.00111472	0.00279935	 0.0061554	 0.0122378	 0.0213706	   0.03511	 0.0544719	 0.0826979	  0.108847	  0.144783	  0.191391	  0.239264	  0.286116	  0.364112	  0.462283	  0.544961	  0.627556	  0.726243	  0.859099	   1.04789	    1.3533	   1.80006	   2.40213	   3.14773	   4.01976	   4.98172	   6.66479	   9.91456	   11.2635	   11.1569	    14.031	    17.827	   22.6991	   28.6034	   35.2102	   42.1511	   49.6384	   57.9406	   68.2784	   82.1216	   101.225	   126.136	   156.209	   190.455	   229.146	   271.733	   318.657	   371.475	   431.054	   496.474	   568.429	   647.249	   731.587	   821.327	   917.454	    1019.7	   1127.54	   1243.84	   1365.62	   1485.94	   1600.97	   1712.25	   1818.78	
1.39129e-09	2.7122e-08	2.31686e-07	1.17987e-06	4.82852e-06	1.75836e-05	5.82553e-05	0.000213155	0.000636674	0.00153536	0.00354635	0.00732943	 0.0133158	 0.0223874	  0.035348	 0.0541532	 0.0820242	  0.107982	  0.140901	  0.175821	  0.217941	  0.270639	  0.346169	  0.422552	  0.499016	  0.577429	  0.672394	  0.790853	  0.969311	   1.25412	    1.6689	   2.22727	   2.91876	   3.72889	   5.07437	   7.57893	   8.53123	   8.33651	   10.2954	   12.9484	   16.4499	   20.9423	   26.3863	   32.4816	   38.8907	   45.8079	   53.4791	   63.0282	   75.8198	   93.4654	   116.472	   144.246	    175.88	   211.631	   250.991	   294.367	   343.198	    398.28	   458.762	   525.288	   598.165	    676.15	   759.139	   848.047	    942.63	    1042.4	      1150	    1262.7	   1374.06	   1480.56	    1583.6	
1.4079e-09	5.98821e-08	3.81291e-07	1.78498e-06	7.11638e-06	2.50969e-05	8.08335e-05	0.000250623	0.000738665	0.00198692	0.00469999	 0.0103993	 0.0208637	 0.0384216	 0.0653427	  0.105911	  0.166176	  0.251663	  0.351529	  0.454902	  0.577081	  0.745945	  0.929115	   1.15435	   1.42282	   1.72951	   2.07428	   2.47614	   2.95301	   3.55928	   4.39722	   5.57875	   7.20982	   9.36704	   12.9649	   19.1907	   22.1638	   22.5894	    27.601	   33.8521	   41.8896	   52.3217	   65.7913	   82.7626	   103.244	   126.836	   153.463	   183.353	   218.016	   260.244	   314.121	    383.42	   470.346	    575.52	   699.729	   842.978	   1005.75	   1190.15	   1398.75	   1632.49	   1892.89	   2181.48	   2497.97	   2841.99	   3214.39	   3615.51	   4045.05	   4505.98	   4997.29	   5510.49	   6034.81	
         	         	         	         	         	         	         	         	         	         	         	         	         	         	         	         	         	         	         	         	         	         	         	         	         	         	         	         	         	         	         	         	         	         	         	         	         	         	         	         	         	         	         	         	         	         	         	         	         	         	         	         	         	         	         	         	         	         	         	         	         	         	         	         	         	         	         	         	         	         	         	
         	         	         	         	         	         	         	         	         	         	         	         	         	         	         	         	         	         	         	         	         	         	         	         	         	         	         	         	         	         	         	         	         	         	         	         	         	         	         	         	         	         	         	         	         	         	         	         	         	         	         	         	         	         	         	         	         	         	         	         	         	         	         	         	         	         	         	         	         	         	         	
   30401.7	   29468.3	   28530.4	   27534.4	   26499.6	   25426.3	   24503.3	   23649.3	   22698.8	   21656.6	   20536.6	   19309.3	   18017.6	   17228.9	   15607.2	   14699.2	   14062.6	   15359.9	   16020.8	   16335.6	   16867.9	   17623.8	   17574.9	   17650.8	   17423.1	   17322.3	     17381	   17481.2	   17575.3	   17570.9	   17473.9	   17281.2	   16994.9	   16818.6	     15578	   15669.2	   18490.4	   18788.9	   18441.1	   18088.9	     17729	     17363	   16993.7	   16624.4	   16258.6	   15900.7	   15553.9	   15220.2	   14895.4	   14576.5	   14261.9	   13949.1	   13635.5	   13320.5	   13004.8	   12689.2	   12374.4	   12061.2	   11750.2	   11442.3	     11139	   10841.7	   10551.5	   10269.4	    9996.4	   9732.97	   9479.17	    9234.8	   8999.81	   8774.04	   8557.04	
   7296.78	   6846.94	   6452.66	   6074.44	   5679.27	   5274.29	   4860.97	   4478.63	    4102.1	   3712.29	   3304.83	   2870.74	    2514.8	    2533.8	   2374.99	   2430.46	   2433.01	   2214.24	   2189.23	   2270.98	    2307.8	   2376.69	   2472.09	   2581.46	   2666.18	    2704.2	   2736.99	   2793.65	    2864.4	   2941.94	   3008.67	   3058.27	   3091.79	   3107.84	   2798.78	   2713.82	   3273.32	   3379.58	   3335.08	   3286.41	   3237.48	   3186.94	   3135.04	   3082.19	   3028.97	   2975.97	      2924	    2873.7	   2825.62	   2779.28	   2733.85	   2689.06	   2644.47	   2599.56	   2554.08	   2508.12	   2461.79	   2415.23	   2368.59	   2321.95	   2275.47	    2229.4	   2184.02	   2139.58	   2096.29	   2054.36	   2013.91	   1975.03	   1937.68	   1901.86	   1867.58	
   2528.74	   2501.14	   2410.45	   2336.65	   2266.94	   2190.22	   2108.25	   2034.21	   1957.74	    1883.1	   1801.76	   1707.96	   1629.39	   1604.81	   1536.28	   1515.23	   1506.65	   1390.29	    1369.9	   1395.91	   1369.64	   1407.11	    1493.7	   1540.62	   1586.85	   1616.62	   1617.48	   1612.65	   1623.63	   1642.13	   1664.09	   1679.48	   1684.89	   1681.24	   1511.18	   1474.87	   1769.27	   1860.95	   1801.17	   1766.98	   1730.64	   1694.22	   1657.06	    1619.3	   1581.19	   1543.06	   1505.21	   1468.06	   1432.01	   1397.25	   1363.52	   1330.42	   1297.82	   1265.52	   1233.27	   1200.99	   1168.71	   1136.52	    1104.5	   1072.73	   1041.26	   1010.17	   979.584	   949.625	   920.403	   892.008	   864.515	   837.975	   812.401	    787.77	   764.067	
   1076.25	   1128.63	   1170.44	    1183.5	   1203.52	   1224.62	   1241.39	   1261.47	   1278.07	   1291.72	   1305.54	   1313.57	   1332.84	    1269.7	   1227.29	   1226.66	    1185.2	   1097.92	   1084.95	   1092.71	   1059.01	   1049.89	   1111.61	   1131.12	   1125.44	   1116.64	   1093.99	    1050.3	   1003.19	   965.521	   931.331	   897.825	   859.525	   815.324	   731.345	   722.587	   854.718	   926.456	   900.639	    871.82	   855.399	   837.949	   820.471	   802.642	   784.535	   766.265	   747.986	   729.856	   712.102	   694.882	   678.292	   662.208	   646.431	   630.899	   615.512	   600.153	   584.773	   569.398	   554.066	   538.814	   523.677	   508.686	   493.876	   479.305	   465.035	    451.12	   437.603	    424.52	   411.897	   399.741	   388.041	
    650.21	   706.046	   758.094	   803.947	   830.152	    860.53	   890.975	   920.954	   950.115	   976.083	   998.857	    1021.1	   1054.28	   980.809	   944.275	   948.779	   936.551	   858.677	   847.405	   846.685	   813.098	   794.347	   808.948	   814.708	   820.805	   807.849	   792.054	   766.278	   725.073	   681.481	   644.204	   608.973	     573.8	   535.176	   480.387	   473.911	   547.695	   578.644	    564.27	    549.25	   532.366	   523.029	   513.046	   503.028	   492.774	   482.329	   471.762	   461.168	   450.663	   440.366	   430.375	   420.752	    411.42	   402.256	   393.224	    384.26	   375.292	   366.288	   357.263	   348.242	   339.247	   330.301	   321.421	   312.631	   303.968	   295.471	   287.174	   279.106	   271.291	   263.746	   256.477	
   490.364	   532.868	   576.005	   615.966	   650.785	   669.657	   691.513	    714.23	    735.32	   755.421	   772.641	   786.756	   811.856	   733.615	   716.749	   708.539	   710.614	   677.564	   657.312	   645.583	   618.659	   597.591	   597.208	   579.835	   582.697	   585.654	   574.855	   562.324	   542.162	   511.017	   478.183	   449.761	   422.708	   395.613	   363.318	   360.862	   405.272	   414.813	   405.437	   398.915	   391.773	   383.121	   379.754	   375.816	   371.741	   367.377	   362.753	   357.916	   352.949	   347.924	   342.934	   338.058	   333.351	   328.758	   324.183	     319.6	   314.957	   310.196	   305.288	   300.245	   295.086	   289.828	   284.492	   279.092	    273.65	   268.198	   262.774	   257.412	    252.14	   246.985	   241.967	
   412.229	   439.285	   469.279	   499.276	   526.042	   548.092	    556.64	   568.061	   579.368	   589.256	   598.151	   604.586	   616.515	   538.943	   535.907	   527.679	   526.822	   517.877	   518.767	   491.922	   466.784	   450.456	   441.508	   425.278	   414.332	    417.97	   421.856	   416.151	   409.128	   396.657	   376.196	   354.493	   336.085	   318.764	    303.51	    304.92	   325.787	   317.082	   309.525	   302.851	     298.3	   293.275	   287.108	   284.895	    282.25	   279.496	   276.519	    273.34	   270.005	   266.565	   263.073	   259.599	   256.203	   252.928	   249.732	   246.543	    243.34	   240.084	   236.729	   233.256	   229.671	   225.988	   222.222	   218.386	   214.493	   210.558	   206.607	   202.669	   198.768	   194.929	    191.17	
   346.014	    360.78	    379.52	   400.432	   420.985	   438.508	   451.888	   454.051	   458.934	   463.025	   465.917	   467.885	   473.386	   400.592	   403.771	   396.611	   399.476	   392.544	   403.163	   389.113	   358.459	   345.833	    333.27	   321.998	   313.568	   309.101	   315.789	   323.053	   323.416	   323.085	   318.738	   308.102	   296.461	   287.633	   273.418	   275.243	   293.494	    286.61	   281.766	   275.459	    269.92	   266.258	   262.159	   257.024	   255.417	   253.415	   251.308	   248.991	   246.494	   243.845	    241.09	   238.276	   235.469	   232.722	   230.073	   227.486	   224.895	   222.282	    219.61	   216.838	   213.947	   210.942	   207.837	   204.643	   201.375	   198.042	    194.66	   191.251	   187.842	   184.458	    181.12	
   306.737	   312.958	   322.624	     335.6	   350.218	   364.237	   375.392	   382.473	   380.721	    381.18	   380.403	   378.606	    380.11	   317.847	   318.962	   313.373	   319.015	   311.581	   319.757	   315.482	   295.582	   283.289	   265.684	   259.467	   253.378	   249.516	   248.865	   257.164	   266.523	   270.489	   274.131	   274.581	    269.71	   263.969	   247.832	   257.105	   274.709	   269.822	   266.767	   262.318	   256.505	   251.405	   248.054	   244.295	   239.569	   238.131	   236.327	   234.423	   232.335	   230.076	   227.674	   225.172	   222.614	    220.06	   217.562	   215.155	   212.804	   210.448	    208.07	   205.637	   203.108	   200.466	   197.716	   194.871	   191.942	   188.941	   185.879	   182.767	    179.63	   176.491	   173.373	
   261.681	   265.624	   271.259	   279.873	   291.373	   304.319	   316.762	   326.357	   332.785	   331.818	   332.673	   331.917	   333.759	   284.419	   278.798	   273.853	   281.316	   268.273	   276.103	   275.816	   261.238	   263.379	   236.816	    230.01	    224.74	    219.58	   216.352	   215.543	   222.875	   231.138	   234.731	   238.055	    238.61	   234.541	   217.474	   239.539	   261.739	   249.366	   248.104	   245.364	   241.339	   236.056	   231.428	    228.41	   225.015	   220.728	   219.472	   217.877	   216.201	   214.352	   212.346	   210.206	   207.973	   205.686	   203.402	   201.168	   199.017	   196.917	   194.812	   192.685	   190.506	   188.237	   185.861	   183.385	   180.818	   178.173	   175.458	   172.685	   169.865	   167.019	    164.17	
   241.244	   247.338	   252.468	   258.548	   267.139	   279.233	   293.563	   307.903	   320.801	   330.488	    336.18	   338.106	   343.119	   311.381	   294.024	   289.523	   296.505	   273.034	   278.389	   286.444	   270.597	   282.257	   265.791	   244.132	   228.451	    219.35	   206.441	   197.532	   187.822	   184.149	   187.666	   183.359	   178.572	   172.645	   170.962	   197.183	   225.971	   211.755	    213.24	   214.245	   213.897	   212.361	   209.712	   205.866	   204.565	   203.151	   201.179	   200.055	   199.931	   199.811	   199.508	   199.034	   198.401	    197.64	   196.783	   195.875	   194.969	   194.106	    193.31	   192.491	   191.637	   190.722	   189.708	    188.56	   187.275	   185.863	   184.332	   182.692	   180.953	   179.122	   177.216	
     266.4	   274.709	   281.252	   286.696	   293.212	   302.564	   315.864	   330.366	   346.136	    360.25	   370.722	   376.683	   383.687	   360.044	   340.765	   334.837	   341.769	   313.642	   317.358	   326.319	    310.89	   324.429	    301.52	   291.243	   264.625	   244.695	   231.878	   214.465	   201.904	   188.518	   181.089	   180.315	   171.535	   161.968	   162.456	   188.926	    218.64	   199.389	   199.722	   201.175	   202.175	   201.897	   200.497	   198.043	   194.457	   193.276	   191.988	   190.171	   189.165	   189.105	   189.048	   188.818	   188.426	   187.881	   187.216	   186.458	   185.651	   184.846	   184.082	    183.38	   182.656	   181.897	   181.082	   180.171	   179.131	   177.962	   176.671	   175.266	   173.756	   172.152	   170.458	
   324.471	   335.549	   343.486	   349.165	   353.427	   358.956	   367.878	   379.306	   394.165	   410.356	    424.39	   433.976	   442.902	   425.593	   412.999	   404.995	   410.877	   384.825	   386.023	    389.39	   376.061	   385.418	   363.472	   343.566	    331.36	   300.612	    277.49	   261.552	   241.349	   226.621	   210.968	    201.97	   200.318	   189.672	   181.353	   207.146	   247.072	   223.177	   222.923	   223.453	   225.241	   226.522	   226.372	    224.96	   222.364	    218.49	   217.319	   216.025	   214.144	   213.175	   213.272	   213.373	   213.278	   212.999	   212.548	   211.959	   211.264	   210.514	   209.763	   209.058	   208.423	   207.761	   207.061	   206.293	   205.416	   204.392	   203.217	   201.901	   200.453	   198.884	   197.203	
   412.418	   425.385	   435.827	   442.066	   445.264	   446.562	   449.376	   453.226	   463.069	   476.858	   491.946	    504.12	   516.642	   498.743	   507.901	   496.282	   501.722	   483.235	   483.675	   473.071	   463.371	     464.6	    443.29	   421.788	    400.26	   387.684	   353.426	   326.562	   309.593	   287.532	   271.972	   255.304	   246.766	   247.492	   230.405	   254.514	   308.752	   293.169	   288.455	   288.258	   289.078	   291.528	   293.324	   293.266	   291.572	   288.339	   283.446	    282.06	   280.527	    278.23	   277.117	    277.39	   277.669	   277.693	   277.478	   277.037	   276.417	   275.658	   274.826	   273.994	   273.221	   272.538	   271.821	   271.051	   270.195	   269.194	   267.998	   266.605	   265.026	   263.271	   261.356	
   508.643	   522.491	   535.926	   546.128	    550.91	   551.793	   550.245	   547.113	   548.576	     557.2	   570.385	   584.878	   602.787	   586.295	     615.4	   608.971	   613.374	   607.822	   606.605	   578.881	   572.299	   562.536	   544.291	   520.331	   498.127	   475.837	   464.161	   424.034	   395.119	    378.08	   354.744	   339.379	   322.629	   316.305	   310.687	   334.546	   397.172	   397.855	   398.935	   392.661	   392.541	   393.804	   397.291	   399.887	   399.951	   397.781	   393.506	   386.958	   385.217	   383.272	   380.278	   378.901	   379.418	   379.942	   380.117	   379.961	   379.494	    378.78	   377.873	   376.864	   375.853	    374.92	    374.11	    373.25	   372.317	   371.262	   370.006	   368.481	   366.682	   364.624	   362.323	
   606.268	   618.495	   634.373	     649.9	   661.441	   666.351	   666.483	   661.379	   656.589	   657.297	   666.575	   681.282	   705.717	   690.808	   745.362	   729.881	       748	   755.733	   753.317	   706.971	   705.962	   683.112	   670.124	   645.474	   620.749	   598.032	    575.15	   562.471	   517.862	   486.571	   469.747	   445.032	   430.214	   413.651	   397.938	   446.701	   520.267	   525.248	   537.445	   538.867	    530.38	   530.186	   531.847	   536.502	   539.953	    539.99	   537.015	   531.202	   522.281	   519.838	   517.123	   512.997	   511.049	   511.654	   512.269	   512.415	   512.116	     511.4	   510.353	   509.047	   507.604	   506.159	    504.82	   503.648	   502.409	   501.072	   499.572	   497.804	   495.674	   493.175	   490.331	
   713.042	   721.628	   736.837	   756.733	   776.254	    791.02	   797.806	   799.556	   794.155	   789.079	   790.627	   802.581	   829.958	   816.562	   886.913	   874.409	   883.043	   924.002	    918.99	   859.732	   862.391	   831.823	   823.739	   800.062	   774.759	    749.28	   726.119	   716.398	   704.941	   654.369	    619.76	   602.905	   576.134	   561.705	   527.846	   560.295	   670.737	   683.442	   701.014	   716.735	   718.468	    707.35	       707	   709.013	   714.902	   719.227	    719.13	   715.098	   706.615	   694.126	   690.098	   685.756	   679.619	   676.347	   676.425	   676.549	   676.093	   675.088	    673.57	   671.647	   669.413	   667.025	   664.657	   662.449	   660.476	   658.436	   656.288	   653.945	    651.27	   648.141	   644.549	
   831.679	   833.494	   845.829	   866.415	   892.645	   918.515	   938.723	   955.061	   959.436	   955.165	   951.305	   955.573	   981.119	   963.947	   1033.22	   1023.99	   1040.07	   1078.82	   1098.67	      1034	   1041.03	    1005.9	   1007.73	   983.887	   959.895	   933.901	   907.599	   896.517	   888.792	   879.084	   821.537	   783.148	   766.495	   737.428	   687.604	   690.705	   802.338	   854.504	    875.56	   897.497	   917.146	   919.323	   905.455	   905.045	   907.517	   914.824	   920.172	   919.996	    913.99	   902.461	   885.944	   880.063	   873.829	   865.384	   860.561	   859.971	    859.47	   858.273	    856.42	    853.95	   851.002	   847.689	   844.208	   840.774	   837.562	   834.666	   831.706	   828.629	   825.325	   821.621	   817.366	
   958.412	   956.014	   961.827	   980.334	   1008.52	   1043.31	   1077.54	   1117.04	   1139.38	   1147.41	   1145.26	    1143.9	   1159.27	   1130.28	   1176.59	   1166.07	   1189.14	   1242.48	   1251.41	   1222.87	   1233.37	   1200.56	   1212.35	   1190.79	   1164.22	   1137.45	   1108.29	   1089.58	   1077.55	   1069.47	   1059.18	   992.294	   947.898	   929.148	   848.291	   850.805	   962.952	   991.492	   1052.74	   1078.08	   1104.56	   1128.32	   1131.06	   1114.47	    1114.1	   1117.11	   1125.92	   1132.37	   1131.19	   1122.99	   1108.17	   1087.35	   1079.42	   1071.09	   1060.13	   1053.57	   1052.17	    1050.9	   1048.82	   1045.98	   1042.43	   1038.32	    1033.8	   1029.09	   1024.47	   1020.14	   1016.22	   1012.23	   1008.12	   1003.76	   998.931	
   1087.19	   1086.84	   1088.35	   1099.72	   1125.58	   1162.41	   1206.47	   1269.09	   1317.43	   1345.46	   1356.89	   1356.91	   1360.47	   1308.51	   1315.03	   1291.78	   1316.84	   1382.54	    1407.2	   1378.98	    1428.4	   1400.97	   1425.38	   1402.25	   1376.24	   1344.51	   1312.56	   1286.76	   1263.56	   1247.82	   1236.59	      1223	    1145.1	   1092.66	   1018.32	   1014.64	   1153.17	   1153.86	   1178.16	   1249.63	   1279.22	   1310.24	   1338.17	   1341.62	   1322.57	   1322.44	   1326.12	   1336.54	   1343.16	   1340.93	   1330.55	   1312.46	   1287.38	   1277.39	   1266.96	   1253.48	   1245.18	   1242.93	   1240.87	    1237.9	   1234.06	   1229.41	   1224.14	   1218.41	   1212.49	   1206.69	   1201.25	    1196.3	   1191.31	   1186.19	   1180.78	
   1210.78	    1218.2	   1221.24	   1226.84	   1243.32	   1275.78	   1319.95	   1398.77	   1470.54	   1525.49	   1557.32	   1570.86	   1566.17	   1492.27	   1447.77	   1401.81	   1418.06	    1492.4	   1533.63	   1533.33	   1571.54	   1592.01	   1625.63	   1604.74	   1578.38	   1548.84	   1512.91	   1483.76	   1453.91	   1426.71	   1407.78	   1394.02	   1377.73	   1289.75	   1178.45	   1201.43	   1333.83	   1337.65	   1326.39	   1355.01	   1437.08	   1471.78	   1508.28	    1541.4	   1546.78	   1526.64	      1528	   1533.57	   1545.72	   1553.58	   1551.42	   1539.94	   1519.67	   1491.36	   1480.33	   1468.81	   1453.78	    1444.7	   1442.59	   1440.73	   1437.83	   1433.95	   1429.15	   1423.66	   1417.64	   1411.42	   1405.35	   1399.69	   1394.62	    1389.5	   1384.24	
   1320.95	   1336.13	   1346.32	   1352.09	   1360.32	   1379.95	   1416.28	   1498.32	   1583.87	    1660.8	   1718.99	   1752.21	   1749.76	   1664.94	   1576.79	   1497.99	   1497.41	   1572.36	   1625.08	   1645.55	   1701.48	    1713.1	   1796.47	    1779.4	   1758.52	   1731.82	   1701.66	   1669.52	   1639.24	    1607.9	    1579.3	   1559.96	   1546.46	   1530.02	   1383.56	   1364.15	   1524.52	    1508.6	   1503.15	   1491.92	   1524.91	   1617.28	   1657.12	   1699.16	   1737.54	   1745.09	   1724.25	    1727.4	      1734	   1747.99	   1757.25	   1755.36	   1743.02	   1720.83	   1689.59	   1677.73	   1665.32	   1648.96	    1639.3	   1637.49	   1635.97	    1633.3	   1629.55	   1624.77	   1619.21	   1613.07	   1606.71	   1600.52	   1594.81	   1589.77	   1584.68	
   1405.12	   1431.37	   1448.49	   1460.56	   1467.35	   1475.91	   1495.55	   1571.86	   1656.56	   1744.14	   1822.24	   1880.82	   1886.04	   1811.21	   1697.71	   1589.76	   1564.24	   1634.89	   1685.48	   1710.99	   1778.88	   1813.87	   1878.53	   1914.96	   1897.99	   1877.28	   1850.49	   1822.12	    1788.9	   1757.43	   1724.72	   1694.96	   1675.29	   1661.62	   1599.37	   1569.98	   1705.63	   1707.31	    1670.8	    1665.1	   1652.92	   1689.12	   1790.27	   1833.93	    1880.1	   1922.33	   1930.84	   1908.35	   1911.04	   1917.44	   1931.96	   1941.32	   1938.53	   1924.31	   1899.33	   1864.46	   1850.82	   1836.59	   1818.05	   1806.86	    1804.3	   1802.07	   1798.61	   1793.98	   1788.25	   1781.69	   1774.52	   1767.12	   1759.92	   1753.28	   1747.37	
   1460.53	    1496.8	   1524.44	   1542.61	   1554.79	   1560.24	   1566.06	   1627.01	   1702.08	   1785.13	   1871.05	   1947.69	   1968.03	      1918	   1804.31	   1678.24	    1633.2	    1693.6	   1729.88	   1738.41	   1806.33	   1859.21	   1937.55	   1959.22	   1997.08	   1979.77	   1958.84	   1930.02	   1900.51	   1865.63	   1832.55	   1798.35	   1767.26	   1746.38	   1697.47	   1810.73	   1938.98	   1877.16	   1867.52	   1828.31	   1822.25	   1809.06	   1848.25	    1957.7	   2004.89	    2054.9	   2100.68	   2109.99	   2084.74	   2086.83	   2092.88	   2107.72	   2117.01	   2113.18	      2097	   2069.19	   2030.69	   2015.18	   1999.05	   1978.27	   1965.46	   1961.99	   1958.92	   1954.53	   1948.89	   1942.09	    1934.4	   1926.08	   1917.52	    1909.2	    1901.5	
   1494.24	   1534.68	   1571.94	   1600.28	    1617.9	   1627.92	   1629.14	   1675.79	   1732.45	   1803.15	   1882.06	   1964.72	   1996.25	   1983.83	   1885.74	   1758.55	   1705.32	   1760.59	   1771.44	   1747.65	   1799.05	   1858.96	   1943.64	   1991.51	   2013.86	   2053.33	   2036.68	   2011.62	   1982.79	   1952.81	   1917.28	   1883.91	   1849.58	   1817.99	   1759.28	   1925.99	   2198.49	   2086.46	   2028.19	   2018.65	   1977.11	   1970.89	   1956.92	   1999.08	   2116.46	   2167.11	   2220.91	   2270.23	   2279.44	   2251.73	   2253.44	   2259.31	    2274.6	   2283.98	   2279.32	   2261.42	   2231.07	   2189.26	   2172.11	   2154.31	   2131.53	    2117.3	   2113.11	   2109.35	    2104.2	   2097.73	   2090.03	    2081.4	    2072.1	   2062.56	    2053.3	
   1505.88	   1549.37	   1591.04	   1629.49	   1657.77	   1673.38	   1679.16	   1719.07	    1760.4	   1811.72	   1877.68	   1952.97	   1989.47	   2009.09	   1940.35	   1820.42	      1775	    1829.6	   1823.14	   1755.89	   1782.27	   1832.61	   1914.63	   1984.98	   2034.68	   2059.03	   2101.44	   2080.32	    2056.9	   2029.27	   2000.34	   1966.07	   1934.38	   1901.34	   1827.64	   2017.67	   2312.55	   2301.39	   2199.14	      2139	   2129.55	    2086.3	   2079.87	   2065.23	    2109.3	   2232.03	   2284.93	   2341.23	   2391.89	   2400.65	   2370.92	   2372.06	   2377.48	   2392.75	   2401.84	   2396.28	   2376.88	   2344.48	   2300.09	   2281.52	   2262.26	   2237.81	   2222.32	   2217.33	   2212.81	   2206.85	   2199.53	   2190.94	   2181.39	   2171.16	    2160.7	
   1490.02	   1542.23	    1588.1	   1632.14	   1671.89	   1699.42	   1711.76	   1752.94	   1788.28	   1825.19	   1872.84	   1936.56	   1969.64	   2007.09	   1965.26	   1861.28	   1830.52	   1888.25	   1881.19	    1779.4	   1775.56	   1805.39	   1873.02	   1954.23	   2025.95	   2077.23	   2103.33	   2141.29	   2121.26	   2098.66	   2071.61	   2043.55	   2010.48	   1979.74	    1918.9	   2107.91	   2385.42	    2356.4	   2373.08	   2269.89	   2209.47	   2200.77	   2157.12	   2151.08	   2136.51	   2182.25	   2308.75	   2363.57	   2421.09	   2472.92	   2481.77	   2451.16	   2452.37	    2457.9	   2473.56	   2482.88	   2477.14	   2457.16	   2423.79	   2378.07	   2358.92	   2339.06	   2313.85	   2297.87	   2292.73	   2288.07	   2281.94	   2274.42	    2265.6	   2255.81	   2245.31	
   1457.13	   1518.87	   1574.54	   1623.72	   1669.95	   1709.81	    1734.8	   1777.31	   1814.75	   1846.74	   1881.16	   1927.81	   1954.69	   1990.17	   1967.38	   1875.48	   1866.97	   1920.31	   1936.42	    1816.1	   1794.88	   1794.08	   1842.01	   1913.37	   1992.61	   2062.27	   2111.36	   2128.97	   2164.11	   2140.52	   2114.19	   2083.54	   2052.32	   2015.67	   1989.03	   2192.43	   2438.67	   2386.86	   2409.23	    2426.9	   2322.37	   2261.06	   2252.17	    2207.5	   2200.92	   2185.62	   2231.62	   2359.59	   2413.87	   2471.02	   2522.44	   2530.28	   2498.19	   2498.47	   2503.05	   2517.89	   2526.31	   2519.49	   2498.23	   2463.44	   2416.16	    2395.8	   2374.74	   2348.29	   2331.19	   2325.07	   2319.46	   2312.37	   2303.89	   2294.11	   2283.37	
   1420.21	   1489.36	   1554.98	    1614.3	   1665.75	   1711.98	    1749.1	    1798.5	    1837.2	   1871.62	   1901.59	   1935.41	   1949.68	   1970.58	    1955.3	   1868.27	   1877.66	   1920.88	   1974.94	    1856.8	   1835.82	   1810.49	   1833.09	   1879.31	   1945.04	   2018.24	   2081.33	   2118.52	   2128.04	   2154.41	   2122.03	   2087.05	   2048.07	   2007.99	   2017.49	   2246.69	   2497.73	   2445.55	   2461.44	   2484.98	   2503.47	    2396.3	   2333.31	    2323.9	   2277.56	   2270.19	   2253.84	   2300.35	      2430	   2484.14	   2541.34	    2592.7	   2599.48	   2565.49	   2564.69	   2568.22	   2582.24	   2589.67	   2581.56	   2558.71	   2522.06	   2472.68	   2450.81	   2428.24	   2400.18	   2381.69	   2374.39	   2367.63	   2359.37	   2349.72	   2338.77	
   1381.94	   1456.49	   1529.46	   1598.66	   1660.05	   1710.91	   1753.64	   1810.42	   1855.59	   1891.08	   1923.57	   1953.03	   1958.78	    1953.4	   1939.74	   1847.41	    1867.1	    1889.5	   1991.06	   1887.14	   1884.53	   1845.35	   1851.36	   1859.71	   1898.29	    1955.8	   2020.02	   2069.85	   2096.04	   2094.04	   2107.78	   2063.91	   2017.74	   1966.98	   1999.43	   2261.96	   2554.17	    2539.6	   2544.44	   2562.69	   2588.56	   2609.01	   2498.89	   2434.34	    2425.2	   2377.52	    2370.2	   2353.51	   2401.43	   2535.75	   2591.68	   2650.94	    2704.2	   2711.14	   2675.77	   2674.99	   2678.63	   2693.17	   2700.87	    2692.4	   2668.59	   2630.43	   2579.01	   2556.21	   2532.67	   2503.41	   2484.11	   2476.46	   2469.38	   2460.75	   2450.67	
   1340.83	   1417.26	   1495.21	   1571.43	   1642.33	   1702.59	   1749.11	   1808.86	   1860.93	   1902.74	   1936.29	   1968.42	   1973.93	   1946.68	   1924.85	   1824.01	      1843	   1842.95	   1979.03	   1901.87	   1920.45	   1882.45	   1883.16	    1860.4	   1861.94	   1893.16	   1942.56	   1995.08	   2034.67	   2050.08	   2037.17	   2039.05	   1985.32	   1928.69	   1947.99	   2235.44	   2548.34	    2565.2	   2567.96	      2573	   2591.25	   2616.89	   2636.97	   2525.46	   2459.68	   2449.54	    2400.5	   2391.98	   2373.37	   2419.68	   2552.62	   2606.89	   2664.55	   2716.19	   2721.42	   2684.39	   2682.05	   2684.07	   2696.98	   2703.05	   2692.98	   2667.61	   2627.96	   2575.15	   2550.88	   2525.92	   2495.29	    2474.6	   2465.52	   2457.01	   2446.99	
   1299.99	   1374.91	   1453.76	   1534.09	   1611.08	   1679.87	   1734.68	   1796.91	   1850.97	   1899.08	   1938.55	   1971.37	   1982.89	   1946.69	   1917.38	   1803.18	   1816.62	   1799.52	   1947.45	   1895.36	   1932.71	   1902.25	   1910.76	   1870.51	   1843.66	   1840.63	   1866.47	   1907.09	   1952.21	   1983.95	   1991.43	   1971.14	   1965.12	    1904.9	   1909.15	   2186.92	   2510.34	   2521.75	   2526.05	   2528.23	   2532.31	   2549.13	      2573	   2591.27	   2480.63	   2414.72	   2403.15	    2353.5	   2342.79	   2322.28	   2365.13	   2492.24	   2542.66	   2596.39	   2644.22	   2646.95	   2608.77	   2604.34	   2604.07	   2614.32	   2617.95	   2605.99	   2579.29	   2538.86	    2485.8	   2460.32	    2434.2	   2402.69	   2380.77	   2370.04	   2359.88	
   1266.89	   1337.27	   1413.04	   1492.79	   1572.37	   1645.63	   1707.32	   1776.45	   1831.35	      1880	   1924.54	   1962.14	   1976.53	   1944.81	   1912.35	   1791.26	   1792.15	   1774.21	   1906.97	   1874.43	   1912.09	   1896.32	   1915.22	   1875.68	   1834.59	   1806.55	   1801.61	   1822.04	   1858.68	   1899.35	   1926.62	   1930.26	    1907.3	   1897.55	   1886.36	   2157.51	   2461.73	   2457.33	   2459.26	   2463.93	   2466.31	   2470.27	    2486.5	   2509.42	   2526.79	   2418.81	   2354.23	   2342.39	   2292.94	    2281.3	   2260.18	   2300.59	   2422.67	   2470.36	   2521.31	   2566.53	   2568.07	   2530.05	   2524.77	   2523.48	   2532.35	   2534.82	   2522.23	    2495.4	   2455.34	   2403.11	   2377.53	   2351.36	      2320	   2297.92	   2286.64	
   1242.33	   1308.37	   1378.02	   1453.19	   1530.65	   1604.97	   1669.57	   1743.77	   1804.08	   1852.15	   1895.89	   1937.28	   1958.03	   1935.23	   1902.19	   1784.57	   1776.71	   1770.72	    1870.7	    1849.2	   1867.38	   1860.53	    1893.1	   1862.16	    1823.7	   1783.75	   1756.36	   1748.69	   1767.53	   1801.97	   1840.15	   1865.43	    1868.3	   1845.13	   1876.76	   2147.91	   2409.94	   2366.47	   2375.39	   2378.04	   2383.15	   2385.88	      2390	   2405.84	   2427.98	   2444.74	   2340.53	   2278.12	   2266.06	   2217.67	   2205.73	   2184.68	   2223.01	   2340.05	   2385.37	   2433.89	   2476.89	   2477.81	   2440.69	   2435.16	   2433.42	   2441.47	   2443.35	   2430.75	   2404.44	   2365.41	   2314.69	   2289.62	   2263.99	   2233.38	    2211.7	
   1223.52	   1285.98	   1350.43	    1418.6	   1490.66	   1562.11	   1627.12	   1703.31	   1768.13	   1821.07	   1863.68	   1903.73	   1929.45	   1923.62	   1885.35	   1779.53	    1770.2	   1791.44	   1845.81	   1832.29	   1815.76	   1809.59	   1847.89	   1832.69	    1803.3	   1766.71	   1728.59	   1699.79	   1692.17	   1710.14	   1743.09	   1779.76	   1804.45	   1807.26	   1840.02	   2163.39	   2377.64	   2292.18	   2302.73	   2312.04	   2315.09	   2320.41	   2323.35	   2327.49	   2342.92	   2364.38	   2380.61	   2279.33	   2218.19	   2205.92	   2158.31	   2146.11	   2125.07	   2161.71	   2274.72	   2318.13	   2364.69	    2405.9	   2406.28	   2369.82	   2364.05	   2361.93	   2369.29	   2370.66	      2358	   2332.07	   2293.82	   2244.26	   2219.56	   2194.33	   2164.28	
   1207.46	   1269.89	   1330.79	   1393.79	   1458.89	   1525.13	   1587.65	    1664.1	   1731.45	   1789.41	   1837.34	   1876.62	   1901.82	    1910.7	   1871.54	   1777.26	   1771.55	   1827.07	   1842.08	   1829.39	    1779.2	   1763.73	   1799.15	   1794.31	   1780.22	    1752.5	   1717.71	   1678.35	   1650.45	   1643.08	   1660.43	   1692.41	   1728.41	    1752.6	   1824.37	   2145.78	   2376.12	   2237.68	   2253.76	   2264.89	   2274.66	   2278.18	    2283.9	   2287.19	   2291.54	   2306.94	   2328.22	   2344.36	   2244.66	   2184.36	   2172.06	   2124.99	   2112.69	   2091.73	   2127.48	   2238.25	   2280.65	    2326.2	   2366.49	   2366.68	   2330.71	   2324.93	    2322.7	   2329.79	   2330.99	   2318.41	    2292.8	   2255.08	   2206.26	   2181.86	   2156.93	
   1192.85	   1258.69	   1320.45	   1380.64	   1441.36	   1501.53	   1559.96	   1634.36	   1703.37	   1765.21	   1819.44	   1865.17	   1890.13	   1902.22	   1863.44	   1786.33	   1781.34	   1864.22	    1857.9	   1847.31	   1770.45	   1742.61	   1766.11	   1763.95	   1759.88	   1746.91	   1720.55	   1683.93	    1645.5	   1618.34	   1611.19	   1628.31	   1660.12	   1695.67	   1786.03	    2146.2	   2333.82	   2198.49	   2216.99	   2233.43	   2244.83	   2254.78	   2258.52	   2264.38	   2267.77	   2272.15	   2287.44	   2308.51	   2324.18	   2225.24	   2165.25	   2152.75	   2105.79	   2093.24	   2072.13	   2107.15	   2216.36	   2257.95	   2302.68	   2342.23	   2342.12	   2306.28	   2300.35	   2297.89	   2304.64	   2305.57	   2292.88	   2267.31	    2229.8	   2181.31	   2156.95	
   1176.13	   1248.51	   1315.15	   1377.58	   1436.82	   1494.03	   1547.93	   1619.31	   1688.22	   1753.71	   1813.72	   1867.57	   1899.84	   1906.59	    1865.6	   1806.13	    1805.2	   1893.32	   1885.72	   1881.36	   1798.84	   1753.55	    1763.1	   1752.92	   1750.48	   1746.27	   1733.13	    1703.4	   1666.13	   1627.11	   1599.08	    1590.8	   1606.61	    1636.5	   1739.48	   2104.58	   2299.41	   2125.32	   2200.37	   2219.69	   2236.86	   2248.88	   2259.45	   2263.76	   2270.13	   2274.02	   2278.87	   2294.62	   2315.86	   2331.72	   2232.77	    2172.8	   2160.37	   2113.38	   2100.84	   2079.74	   2114.94	   2224.54	   2266.35	   2311.36	   2351.19	   2351.24	   2315.48	   2309.76	   2307.49	   2314.45	   2315.58	   2303.04	   2277.57	   2240.09	   2191.59	
   1158.55	   1235.93	   1310.73	   1379.62	   1442.62	   1499.82	    1552.3	   1620.31	   1688.02	   1755.27	   1820.82	   1882.35	   1923.67	   1924.12	   1883.01	   1836.62	   1838.36	   1916.66	   1918.03	   1921.89	   1858.12	   1800.01	   1791.29	   1768.71	   1757.56	   1754.23	   1748.94	   1731.84	    1700.2	   1661.07	   1620.08	      1590	   1579.63	   1592.68	   1680.11	   2048.17	   2249.76	   2084.18	   2139.63	   2215.81	   2235.93	   2253.81	    2266.5	   2277.68	   2282.52	   2289.45	   2293.87	   2299.22	   2315.31	   2336.93	   2353.15	   2253.65	    2193.4	   2181.06	   2133.82	   2121.31	   2100.16	   2135.85	   2246.63	   2289.02	   2334.69	   2375.15	   2375.46	   2339.64	   2334.17	   2332.17	   2339.49	   2340.93	   2328.55	   2303.09	   2265.49	
   1140.39	   1222.93	    1303.9	    1382.3	   1453.06	   1515.24	   1568.82	   1636.02	   1701.49	   1768.68	    1837.2	   1905.56	   1954.97	    1945.9	   1913.13	   1878.72	    1877.6	   1933.09	   1955.86	    1961.7	   1933.32	   1871.56	   1849.64	   1809.87	   1787.43	   1776.65	   1773.64	   1766.73	   1749.02	   1716.74	   1676.83	    1635.1	   1604.56	    1593.6	   1627.96	   1977.17	   2191.15	   2023.88	   2103.19	   2159.68	   2237.03	   2257.84	   2276.39	   2289.65	   2301.37	   2306.69	   2314.12	   2319.03	   2324.64	    2341.1	   2363.15	   2379.77	   2279.47	   2218.79	    2206.5	    2158.9	    2146.4	   2125.16	   2161.42	   2273.64	   2316.71	   2363.15	   2404.33	   2404.89	   2368.91	   2363.67	   2361.92	   2369.61	   2371.34	   2359.08	   2333.58	
   1129.51	   1209.14	   1295.91	   1381.13	   1462.29	   1533.05	    1592.3	    1660.4	   1725.41	   1790.58	   1859.28	   1930.91	   1986.92	   1967.99	   1945.46	   1926.75	   1923.25	    1948.3	   1993.89	   2003.52	   2008.27	   1951.13	   1924.89	   1873.82	   1835.63	   1815.17	   1806.48	      1805	   1799.58	    1783.4	    1752.4	   1713.77	   1673.54	   1644.56	   1622.62	   1918.16	   2112.15	    1956.2	   2054.67	   2135.76	   2193.69	   2272.74	   2294.46	   2313.88	   2327.88	   2340.32	   2346.27	   2354.38	   2359.74	    2365.8	   2382.91	    2405.7	      2423	   2321.34	   2259.93	   2247.76	    2199.6	   2187.15	   2165.82	   2203.06	   2317.71	   2361.94	   2409.65	   2452.01	   2452.98	    2416.7	   2411.79	   2410.41	   2418.68	   2420.85	   2408.74	
   1137.54	   1203.11	   1286.54	   1377.65	   1465.78	   1547.33	   1615.42	   1688.47	   1754.05	   1818.22	   1884.17	   1955.27	   2013.46	   1988.85	   1975.33	   1968.39	   1971.11	   1972.79	   2031.89	   2043.74	    2076.6	   2023.62	   2000.03	   1947.28	   1898.18	    1862.3	   1844.31	    1838.7	    1839.3	   1836.14	   1822.12	   1793.18	   1756.72	   1718.44	   1670.49	   1919.62	   2051.27	   1884.56	   1990.56	   2091.24	   2174.23	   2233.64	   2314.58	    2337.2	   2357.45	   2372.19	   2385.35	   2391.92	   2400.52	   2406.35	   2412.88	   2430.67	   2454.27	   2472.28	   2368.98	   2306.69	    2294.6	   2245.75	   2233.33	   2211.84	   2250.17	   2367.55	   2413.05	   2462.15	   2505.81	   2507.18	   2470.49	   2465.89	   2464.88	   2473.72	   2476.33	
   1173.05	   1215.84	   1283.75	   1370.77	   1464.65	   1553.12	   1632.17	   1713.35	   1783.44	   1847.34	   1911.27	    1978.4	   2034.23	   2007.84	   2002.14	   1999.91	   2011.88	   2009.24	   2075.32	    2083.4	   2129.67	   2087.23	    2063.6	   2019.03	   1970.39	   1925.62	   1894.15	   1882.26	   1880.97	   1886.42	   1888.32	   1879.46	   1855.68	   1824.06	   1763.12	   2004.15	   2061.79	   1840.49	    1938.2	    2047.8	   2151.93	   2237.87	   2299.62	   2383.52	   2407.43	   2428.93	   2444.76	   2458.98	   2466.28	    2475.7	   2482.27	   2489.56	   2508.48	   2533.39	   2552.57	   2446.53	   2382.78	   2370.82	   2320.86	   2308.52	    2286.8	   2326.92	   2448.81	   2496.42	   2547.79	   2593.57	    2595.6	   2558.24	    2554.1	   2553.68	   2563.46	
   1231.73	   1255.44	   1298.51	   1368.48	   1457.61	    1551.9	   1638.06	   1730.14	    1808.3	   1876.29	   1939.17	   2003.32	   2053.22	   2028.24	   2027.17	   2023.49	   2044.84	   2050.19	   2124.86	    2128.8	   2169.45	    2138.4	   2118.78	   2083.37	   2045.71	   2004.14	   1966.39	   1944.07	    1939.3	   1945.95	   1960.06	   1971.15	   1971.73	   1956.88	   1895.49	   2132.62	   2140.13	   1852.79	   1933.48	   2036.83	   2152.68	   2262.81	   2353.89	   2419.58	   2508.58	   2534.55	      2558	    2575.5	    2591.2	   2599.63	   2610.31	      2618	   2626.45	   2647.18	   2674.24	   2695.28	   2584.11	   2517.53	   2505.61	   2453.52	   2441.15	   2418.85	   2461.98	   2591.66	    2642.8	   2697.96	   2747.24	    2750.2	   2711.43	   2707.88	   2708.25	
   1306.98	   1318.56	   1340.97	   1384.22	   1455.09	   1544.42	   1636.98	    1736.7	   1826.36	   1902.66	   1969.52	    2032.2	    2077.8	   2054.93	   2054.73	   2043.06	   2073.22	   2092.12	   2172.95	   2180.39	   2206.17	   2181.14	   2164.98	   2142.34	   2112.41	   2080.46	    2044.4	   2013.99	   1996.72	   1997.82	   2010.97	   2032.34	   2051.21	   2059.35	   2026.29	   2281.19	   2257.05	   1923.72	   1977.32	   2064.44	   2175.75	   2300.45	   2419.16	   2517.59	   2588.91	   2685.24	   2714.22	   2740.53	   2760.37	    2778.3	   2788.45	   2801.04	   2810.43	   2820.63	   2844.03	   2874.24	      2898	   2779.61	   2709.07	   2697.29	   2642.22	   2629.88	   2606.84	   2654.31	   2795.16	   2851.36	   2911.98	   2966.29	    2970.6	   2929.84	   2927.13	
   1389.37	   1401.63	    1410.9	      1432	   1474.46	   1544.73	   1632.61	   1739.96	   1838.12	   1926.71	   2002.33	   2069.09	   2112.51	   2093.02	   2089.17	   2065.56	   2100.52	   2132.82	   2217.49	   2229.77	   2244.69	   2225.72	    2208.3	   2198.12	   2181.45	   2157.68	   2131.74	   2103.07	   2077.81	   2066.37	   2074.14	    2094.9	   2124.84	   2152.45	   2146.36	   2458.18	   2415.65	   2024.49	   2054.55	   2112.59	   2206.41	   2326.09	   2460.15	   2587.86	   2693.93	   2771.06	   2875.03	   2906.97	   2935.98	   2958.07	   2978.14	   2989.88	   3004.25	    3015.2	   3027.02	   3053.01	   3086.31	   3112.71	   2986.41	   2911.44	   2899.59	   2841.15	   2828.62	   2804.57	    2856.4	   3008.76	   3070.07	   3136.17	   3195.51	   3201.01	   3157.92	
   1469.54	   1494.16	   1504.09	   1511.14	   1530.09	   1570.46	    1638.8	   1742.46	   1849.48	    1947.6	   2036.52	    2112.7	   2160.39	   2142.26	   2134.09	   2097.36	   2132.31	   2170.43	    2258.9	    2274.6	   2280.94	   2276.17	    2260.2	   2257.06	   2254.35	   2245.41	   2229.12	    2211.7	   2189.48	   2171.04	   2167.19	   2183.91	   2214.93	      2256	   2248.32	   2619.07	      2588	   2154.22	   2171.42	   2204.59	   2267.75	   2369.29	   2498.66	   2643.54	   2781.66	   2896.62	   2980.55	   3093.42	   3128.78	   3161.01	   3185.81	   3208.46	   3222.15	   3238.69	   3251.54	   3265.32	    3294.4	   3331.37	   3360.92	   3225.56	   3145.55	   3133.69	   3071.42	   3058.76	   3033.62	   3090.58	   3256.36	   3323.66	   3396.21	   3461.46	    3468.4	
   1533.22	   1582.63	   1606.07	   1614.11	   1618.31	   1634.01	   1671.22	   1755.26	   1859.43	   1967.84	   2067.57	   2158.38	   2216.86	   2200.84	   2187.27	   2141.96	   2172.46	   2207.27	   2298.26	   2315.84	   2315.32	   2325.79	    2323.4	   2324.72	   2327.24	   2330.63	   2327.57	   2317.19	    2304.5	   2287.03	   2273.59	   2275.66	   2299.73	   2338.99	   2340.93	   2735.77	   2729.76	   2296.14	   2316.98	   2336.35	   2372.84	   2441.56	   2551.64	   2691.74	   2848.58	   2998.23	      3123	    3214.4	      3337	   3376.05	   3411.76	   3439.47	   3464.87	   3480.61	   3499.42	   3514.26	   3530.11	   3562.49	   3603.43	   3636.35	    3490.8	   3405.09	    3393.1	   3326.49	   3313.58	   3287.13	   3349.66	    3530.2	   3604.03	   3683.59	   3755.28	
    1581.3	    1652.4	   1702.72	   1725.52	      1731	   1731.19	   1742.47	   1793.58	   1877.68	    1983.8	   2095.04	   2197.76	   2273.01	   2260.48	   2245.18	   2196.05	   2222.83	   2246.67	   2339.41	   2354.65	   2348.65	   2372.24	   2388.64	   2399.38	   2403.09	   2408.39	   2414.54	   2413.16	   2404.14	   2392.93	   2376.78	   2364.97	   2369.53	   2396.86	   2432.51	   2853.19	    2835.8	   2407.22	   2438.45	   2461.52	   2482.96	   2522.56	   2596.45	   2714.34	   2864.19	   3031.96	   3192.18	   3326.01	   3424.32	   3555.94	   3598.61	   3637.74	   3668.36	   3696.53	   3714.41	   3735.59	   3752.53	   3770.53	   3806.22	   3851.06	   3887.36	    3732.8	   3642.15	   3630.33	   3560.02	   3547.14	   3519.76	   3587.67	   3782.08	   3862.21	   3948.54	
   1625.12	   1704.89	    1778.3	   1829.85	      1851	    1852.4	      1847	   1869.48	   1918.58	   2003.41	   2112.15	   2226.85	   2315.67	   2310.53	   2299.72	   2256.37	   2280.47	   2293.37	   2385.42	   2394.96	      2382	   2416.37	   2452.16	   2473.48	   2486.57	   2492.74	    2500.5	   2507.11	   2507.07	    2499.3	   2489.27	   2474.27	   2463.96	   2470.54	   2523.39	   2986.31	   2959.94	   2493.38	   2545.28	    2579.5	   2605.06	   2628.85	   2671.88	   2751.24	   2877.26	   3037.26	   3216.41	   3387.67	   3531.02	   3636.75	   3777.96	   3824.73	   3867.78	    3901.8	   3933.24	   3953.74	   3977.75	   3997.26	    4017.9	    4057.4	   4106.67	   4146.87	   3983.38	      3888	   3876.72	   3802.91	   3790.42	   3762.42	   3836.31	   4045.56	   4132.65	
    1680.7	   1748.62	   1830.64	   1906.46	   1957.97	   1975.73	   1971.27	   1974.16	   1992.41	   2039.62	   2125.14	   2236.37	   2338.13	    2339.3	   2342.93	   2315.42	   2342.37	   2348.14	   2438.45	   2439.98	   2419.82	   2459.93	   2512.75	   2544.39	   2569.36	   2586.22	   2595.87	   2604.02	   2613.34	   2615.97	   2610.59	   2603.04	   2590.46	   2582.63	   2620.91	   3104.45	   3081.65	   2587.69	   2657.26	   2714.03	   2751.94	   2780.57	   2807.32	   2854.61	   2940.73	   3076.83	   3249.42	   3442.65	   3627.58	   3782.76	   3897.75	    4050.9	   4102.86	   4150.87	    4189.2	   4224.78	   4248.63	   4276.26	   4299.05	   4323.07	   4367.39	   4422.25	   4467.37	   4292.96	   4191.81	    4181.3	   4103.28	   4091.37	   4062.68	   4144.06	   4371.79	
   1740.23	   1798.35	   1866.74	   1951.02	   2027.84	   2077.56	   2090.23	   2092.17	   2089.34	   2103.48	   2148.66	    2234.5	   2332.55	   2345.13	   2367.15	   2365.27	   2400.18	   2410.56	    2495.2	   2492.06	   2465.45	   2506.94	    2568.8	   2610.78	   2647.56	   2677.91	   2699.85	   2710.16	   2722.32	   2736.02	   2742.79	   2741.41	   2737.94	   2729.03	   2755.32	   3227.01	   3185.57	   2684.44	   2761.53	   2837.23	   2899.28	   2941.14	   2973.11	   3003.05	   3054.95	   3148.47	   3295.61	   3481.98	   3690.62	   3890.53	   4058.67	    4183.8	      4350	   4407.62	   4461.02	   4504.04	   4544.12	   4571.59	   4603.14	   4629.49	   4657.15	    4706.7	   4767.64	   4818.09	   4631.66	   4524.17	   4514.45	   4431.76	   4420.45	   4390.97	   4480.49	
   1810.71	   1848.23	   1905.34	   1974.43	   2059.59	   2135.68	   2181.94	   2200.38	   2196.44	   2188.27	   2198.46	   2241.48	    2312.9	   2326.38	      2375	   2398.78	   2446.34	      2474	   2552.11	   2548.11	   2520.87	   2560.68	   2622.66	   2673.37	   2723.61	   2769.08	   2808.05	   2833.56	      2851	    2870.8	   2892.44	   2907.07	   2913.35	   2917.33	   2927.97	   3400.87	   3301.91	   2762.27	   2829.32	   2912.04	   2993.31	   3060.17	   3105.76	   3140.89	   3173.86	   3230.08	   3330.39	   3487.53	   3686.36	   3908.95	   4122.46	   4302.45	   4436.96	   4615.17	   4678.23	   4736.86	   4784.51	   4829.05	   4860.21	   4895.72	   4925.71	    4957.1	   5011.82	    5078.7	   5134.44	   4937.62	   4824.84	   4816.29	   4729.81	   4719.48	   4689.72	
   1889.69	   1908.55	   1943.33	    2000.1	   2068.83	   2153.36	   2227.21	   2279.69	   2293.08	   2283.84	   2270.82	   2277.34	   2304.68	   2300.55	   2365.85	   2417.71	   2473.41	   2529.68	   2600.57	   2604.68	   2582.15	   2623.16	   2676.95	   2734.09	   2795.01	   2856.22	   2912.78	   2957.65	   2992.89	   3020.06	   3050.02	   3082.35	   3107.57	   3123.86	   3137.61	   3626.38	   3463.97	   2840.29	   2891.57	   2963.23	   3051.35	   3137.98	   3209.55	   3258.82	   3297.09	   3333.13	   3393.63	   3500.55	   3667.38	   3878.21	   4114.22	   4340.87	   4532.37	   4676.08	      4866	   4934.58	   4998.54	   5050.93	   5100.09	   5135.12	   5174.78	   5208.62	   5243.95	      5304	   5376.95	   5438.15	   5231.71	    5114.2	   5107.14	   5017.36	   5008.33	
   1971.57	   1977.64	   1992.77	   2026.04	   2081.76	   2149.06	   2231.77	   2311.66	    2360.6	   2369.56	    2355.7	   2338.45	   2329.51	   2291.77	   2352.93	   2417.02	   2480.21	   2564.31	   2632.13	   2652.25	   2644.75	   2688.28	   2733.26	   2791.96	   2858.09	    2928.9	   3000.32	   3061.71	   3115.62	   3159.83	   3195.75	   3235.01	   3277.16	   3311.72	   3374.08	   3907.52	   3671.62	   2956.59	   2983.61	   3038.69	   3115.17	   3208.98	   3301.29	   3377.76	   3430.75	   3472.18	   3511.27	   3576.18	   3690.15	   3867.38	   4091.16	   4341.65	    4582.4	   4786.16	   4939.54	   5141.87	   5216.02	   5285.31	   5342.41	    5396.1	   5434.86	   5478.54	   5516.06	   5555.17	   5620.49	   5699.52	   5766.13	   5548.82	   5425.74	   5419.82	   5326.05	
   2044.93	   2052.53	   2054.52	    2067.3	   2098.53	   2152.32	   2217.25	   2304.18	   2381.53	   2427.26	   2432.26	   2414.28	   2383.56	   2318.78	   2355.23	   2407.42	   2460.32	   2572.47	   2639.62	   2681.86	   2699.23	   2748.61	   2787.26	   2847.05	   2911.91	   2985.09	   3063.33	   3136.13	   3203.99	   3264.37	   3314.73	   3356.71	   3402.48	   3451.22	   3581.69	   4207.57	   3933.75	   3118.66	   3128.11	   3157.68	   3216.93	   3298.82	   3399.14	   3497.88	   3579.83	   3636.89	   3681.71	   3724.08	   3793.95	   3915.92	   4105.14	   4343.87	   4611.09	   4868.06	   5085.82	    5250.1	   5466.51	   5546.66	   5621.68	   5683.73	   5742.18	   5784.75	   5832.55	   5873.81	   5916.76	   5987.65	   6073.15	   6145.45	   5915.02	   5784.98	   5779.86	
   2102.35	   2122.46	   2126.31	   2125.34	   2135.23	   2163.64	   2214.64	   2280.15	   2364.74	   2439.61	   2482.23	   2483.47	   2455.56	   2375.14	   2388.42	   2409.28	   2427.33	   2547.41	   2626.64	   2685.93	    2736.8	   2792.37	   2835.34	   2897.27	   2962.18	   3032.87	   3112.37	   3189.63	   3268.17	   3341.86	    3407.9	   3463.75	   3511.07	   3562.29	   3735.96	   4472.24	   4213.34	   3325.08	   3332.73	   3343.52	   3375.79	   3439.78	      3528	   3635.95	   3742.19	   3830.49	   3892.14	    3940.7	   3986.75	   4062.27	   4193.62	   4397.06	   4653.61	   4940.75	   5216.97	    5451.2	   5628.13	   5861.02	   5947.79	   6029.06	   6096.43	   6159.95	   6206.41	   6258.49	   6303.55	   6350.42	   6427.28	   6519.84	   6598.23	   6351.45	   6212.45	
   2128.77	   2175.98	   2193.24	   2194.17	   2189.85	   2196.28	   2221.23	   2268.56	   2331.26	   2413.56	   2485.97	    2525.6	   2521.86	   2447.03	   2444.07	   2441.31	   2405.54	   2505.11	   2593.14	   2668.07	   2750.49	   2810.56	   2869.56	   2940.71	   3007.26	   3077.39	   3153.64	   3230.08	   3312.59	   3396.73	   3475.98	   3547.54	   3608.71	   3660.89	   3864.41	    4667.4	   4441.89	   3547.59	   3566.14	   3575.28	   3587.73	   3623.24	   3692.83	   3788.43	   3905.27	    4020.3	   4116.07	   4183.22	   4236.44	   4286.96	   4369.19	   4511.55	   4731.57	   5008.86	   5319.19	   5617.84	   5871.34	   6063.18	   6315.39	   6410.15	   6499.01	    6572.9	   6642.63	   6693.98	    6751.4	   6801.23	   6853.02	   6937.19	   7038.33	   7124.19	    6858.8	
   2125.23	   2196.96	   2242.71	    2257.5	    2255.2	    2247.1	   2249.61	   2266.27	    2310.5	   2370.52	   2450.57	   2520.56	   2560.41	   2509.83	   2508.48	   2497.84	   2416.32	   2473.69	   2557.36	   2628.15	   2743.97	    2797.6	   2883.06	   2971.75	   3049.14	   3122.29	   3199.36	   3272.91	   3356.12	   3446.03	   3537.87	   3624.98	   3704.37	   3772.86	   3994.81	   4816.96	    4601.5	   3746.71	   3767.97	   3789.09	   3800.15	   3814.69	   3853.78	   3929.16	   4032.23	   4158.01	   4281.94	    4385.4	   4458.55	   4516.87	    4572.3	   4661.62	   4815.19	    5051.8	   5349.72	   5683.13	   6004.22	   6277.19	   6484.32	   6756.18	   6859.62	    6956.8	   7037.97	   7114.72	   7171.79	   7235.38	   7290.86	   7348.43	   7440.78	   7551.36	   7645.57	
   2097.12	   2189.26	   2260.54	   2304.61	   2316.52	    2310.5	   2298.16	    2288.9	   2301.88	   2343.09	   2400.42	    2478.1	   2551.77	   2543.15	   2560.33	   2567.37	    2456.1	   2478.96	   2544.13	   2584.91	   2713.73	   2760.79	   2868.68	   2983.07	   3080.66	   3167.18	   3249.62	   3326.08	   3408.72	    3501.9	   3602.41	   3705.44	   3803.95	   3894.45	    4138.4	   4961.03	   4726.68	   3897.06	    3927.5	   3951.47	   3975.26	   3988.41	   4005.24	   4047.86	   4128.63	   4238.58	   4372.53	   4504.62	   4615.44	   4694.36	   4757.67	   4817.95	      4914	    5077.9	   5329.55	    5646.1	   6000.32	   6341.74	    6632.5	    6853.8	   7143.72	   7255.58	   7360.87	   7449.27	   7533.02	   7595.94	    7665.8	   7727.07	   7790.58	   7890.99	   8010.79	
   2070.28	   2158.53	   2250.85	   2321.11	   2363.04	   2371.57	   2361.35	   2336.11	   2322.64	      2332	   2370.16	    2424.7	   2506.54	   2529.42	   2584.39	   2628.26	   2515.26	   2519.93	   2571.33	   2564.33	   2672.92	   2702.94	   2829.36	   2962.83	   3085.47	   3191.35	   3286.05	   3367.42	   3451.38	   3542.13	   3644.09	   3754.12	   3867.16	   3975.54	   4255.87	   5097.43	   4838.43	   4009.78	   4050.15	   4083.51	    4110.1	   4136.46	   4151.74	   4170.81	   4216.77	   4302.55	   4418.82	   4560.26	   4700.09	   4817.76	   4902.13	   4970.19	   5035.11	   5137.46	   5310.87	   5576.26	   5909.77	   6282.94	   6642.91	   6949.96	   7184.35	   7490.86	   7610.69	   7723.69	   7818.98	   7909.44	   7978.05	   8053.95	   8120.85	   8190.12	   8298.23	
    2073.1	   2129.54	   2217.73	   2309.67	   2378.55	    2417.9	   2422.66	   2400.86	   2371.13	    2353.6	    2359.4	    2394.5	   2451.04	   2479.91	   2567.04	   2662.13	   2573.12	   2588.19	    2629.4	   2587.16	    2644.9	   2645.25	   2764.24	   2913.99	   3053.48	   3182.25	   3293.89	    3386.6	   3472.47	   3561.25	   3657.17	   3764.96	   3881.33	   4000.76	    4332.6	   5218.57	   4953.26	    4105.5	   4144.04	   4187.27	    4223.2	   4252.09	   4280.75	   4297.88	    4318.9	   4367.83	    4458.1	   4580.06	   4728.51	   4875.34	   4999.19	   5088.48	   5160.83	   5229.92	   5337.94	   5519.92	   5797.67	   6146.43	   6536.63	   6913.26	   7234.94	   7481.06	   7802.46	   7929.41	   8049.29	   8150.74	   8247.18	   8320.84	   8402.13	   8474.04	   8548.43	
   2139.93	   2129.94	   2185.27	   2273.15	   2364.47	   2431.68	   2468.24	   2464.39	   2438.38	   2404.45	   2383.07	   2385.48	   2419.34	   2420.76	   2520.42	    2650.2	   2609.78	   2661.28	   2702.94	   2646.62	   2650.58	   2615.67	   2693.33	   2842.21	   3000.77	   3149.37	   3287.29	   3401.81	   3502.31	   3596.05	   3693.02	   3797.76	   3915.19	   4041.64	    4390.7	   5326.15	   5076.92	   4212.51	   4249.49	   4290.98	   4337.32	   4376.04	   4407.48	   4438.65	   4457.79	   4480.99	   4533.22	   4628.47	   4757.04	   4913.23	    5067.8	   5198.48	    5293.2	   5370.31	   5444.02	   5558.33	   5749.77	   6041.15	   6406.73	   6815.72	   7210.74	   7548.58	   7807.67	   8145.51	   8280.37	   8407.87	   8516.17	   8619.26	   8698.55	   8785.84	   8863.33	
   2271.31	   2194.46	   2181.56	   2235.95	   2323.37	   2413.89	   2479.29	   2510.75	   2503.38	   2473.53	   2435.77	   2410.85	   2408.86	   2385.14	   2468.69	   2601.63	   2603.99	   2715.41	   2766.37	   2728.91	   2684.56	   2635.83	   2645.95	   2769.23	   2928.59	   3098.71	   3259.12	   3403.27	    3528.6	   3639.78	   3744.18	   3852.36	   3969.04	   4099.17	   4436.02	   5398.03	   5167.14	   4310.35	   4362.39	   4402.32	   4446.92	   4496.55	   4538.28	   4572.42	   4606.25	   4627.57	   4653.12	    4708.9	   4809.87	   4945.54	   5110.03	   5272.88	    5410.9	   5511.46	   5593.67	   5672.36	   5793.41	   5994.98	   6300.96	   6684.55	   7113.65	   7528.34	   7883.48	   8156.47	   8511.93	   8655.27	   8790.98	   8906.64	   9016.88	   9102.24	   9195.99	
   2442.72	   2322.58	   2241.36	   2226.17	   2279.58	   2366.36	   2455.88	   2519.06	   2548.01	   2537.49	   2504.22	   2463.01	   2431.64	   2369.81	   2442.18	   2541.35	   2562.64	   2723.83	   2798.48	   2806.63	   2736.15	    2697.5	   2646.09	   2720.69	   2849.59	   3016.07	   3193.88	   3355.29	   3506.05	   3637.58	   3754.57	   3864.76	   3979.03	   4102.04	   4461.59	   5430.32	   5194.41	   4359.39	   4426.54	   4481.79	   4524.55	   4572.12	   4624.91	   4669.52	    4706.3	   4742.76	   4766.32	   4794.26	   4853.87	   4960.15	    5102.3	   5274.31	   5444.67	   5589.41	   5695.44	   5782.51	   5865.93	   5993.24	   6203.99	      6523	    6922.6	   7369.56	    7801.8	   8172.48	   8458.11	   8829.47	    8980.8	   9124.27	   9246.97	   9364.08	   9455.36	
   2615.34	   2488.53	   2363.62	    2279.1	   2261.79	   2314.07	   2399.94	   2488.23	   2549.66	    2576.3	   2562.95	   2526.63	   2479.27	   2387.18	   2434.55	    2503.2	   2509.27	   2689.67	      2781	   2853.83	   2784.23	   2784.18	   2688.93	   2724.74	    2802.8	   2937.13	   3110.38	   3286.86	   3454.56	   3611.41	   3748.44	    3870.6	   3985.84	    4105.2	   4476.52	   5473.29	   5209.69	   4364.62	   4441.44	   4511.81	   4570.03	   4615.46	   4665.86	   4721.58	   4768.91	   4808.24	   4847.28	   4873.09	    4903.9	   4967.17	   5078.28	   5226.21	   5404.84	   5581.86	   5732.62	   5843.67	   5935.25	   6023.11	    6156.1	   6374.96	   6705.29	   7118.71	   7581.09	   8028.56	   8412.84	   8709.68	   9095.03	   9253.74	   9404.42	   9533.72	    9657.3	
   2743.76	   2652.04	   2521.23	   2392.98	   2305.72	   2286.46	   2337.44	   2421.07	   2508.05	   2567.76	   2592.27	   2576.43	   2536.46	   2430.22	   2456.47	   2483.63	    2476.9	      2635	   2726.82	   2845.29	   2809.43	   2865.67	   2761.15	   2778.29	   2818.97	   2903.59	   3046.78	   3219.66	   3406.72	   3585.01	   3752.25	   3899.12	   4030.69	   4155.02	   4508.69	   5498.56	   5223.09	   4363.01	   4449.58	   4529.81	   4603.44	   4664.62	   4712.76	   4765.97	   4824.62	   4874.69	   4916.59	   4958.21	   4986.82	   5020.51	    5087.5	    5203.6	   5357.49	   5542.98	   5726.87	   5883.83	      6000	   6096.18	   6188.53	   6327.33	   6554.53	   6896.57	    7324.3	   7802.66	   8265.85	   8664.13	   8972.46	   9372.19	   9538.36	   9696.31	   9832.24	
   2784.06	   2765.34	   2671.31	   2538.27	   2407.83	   2318.65	   2297.86	   2344.94	   2427.45	   2513.18	   2571.38	   2594.16	   2578.12	   2484.55	   2499.57	   2495.55	   2461.81	   2594.11	   2662.87	   2788.45	   2789.42	   2913.16	   2834.11	   2858.36	   2875.91	   2917.94	   3005.48	   3140.73	   3319.17	   3512.31	   3696.29	   3868.85	   4020.33	    4155.8	   4545.07	   5510.26	   5196.45	    4346.1	   4435.32	   4525.57	   4609.37	   4686.45	   4750.87	   4801.96	   4858.23	   4920.11	   4973.24	   5018.06	   5063.21	   5095.01	      5132	   5203.08	   5324.51	   5484.71	   5677.42	   5868.56	   6032.14	    6153.9	   6255.16	   6352.51	   6497.63	   6733.73	   7088.07	   7530.78	   8025.85	    8505.6	   8918.77	   9239.49	   9654.61	   9829.17	   9995.33	
   2818.64	   2787.88	   2768.34	   2673.56	   2539.64	   2408.25	   2318.12	   2292.47	    2338.7	   2420.26	   2504.94	      2562	   2587.56	   2526.33	   2549.87	   2531.65	   2477.51	   2564.48	   2622.89	   2709.78	   2730.26	   2899.71	   2878.96	   2931.19	   2950.99	   2964.01	    3002.3	   3074.18	   3207.65	   3385.12	   3577.17	   3759.45	   3929.69	   4077.94	   4535.95	   5539.55	   5181.91	   4288.43	   4367.08	   4459.52	   4553.07	   4640.15	   4720.53	   4788.13	   4842.25	   4901.69	   4966.86	   5023.22	   5071.87	   5120.86	   5156.28	   5196.95	   5272.23	   5398.67	   5564.57	   5763.64	   5961.27	   6130.97	   6258.19	    6364.6	   6467.08	   6618.32	   6862.46	   7227.46	   7682.98	   8192.35	   8686.48	   9112.95	    9445.2	   9874.33	   10057.5	
   2831.06	   2810.27	   2779.21	   2759.62	   2664.84	    2530.9	    2399.4	   2304.11	    2278.1	   2323.71	   2404.49	   2488.29	   2550.38	   2541.15	   2586.26	   2579.59	   2519.14	   2564.08	   2603.38	    2648.6	   2657.18	   2836.15	   2869.77	   2974.08	   3023.57	   3039.59	   3048.62	   3071.94	   3141.16	   3273.53	   3450.74	   3642.54	   3823.98	   3992.64	    4472.5	   5531.57	   5188.82	   4226.02	   4304.22	   4396.79	   4503.83	   4612.51	   4715.17	   4811.48	   4895.12	   4965.31	   5041.33	   5123.66	      5198	   5264.61	   5331.83	   5385.07	   5443.99	   5539.58	   5689.59	    5882.1	   6110.81	   6339.13	   6538.77	    6693.9	   6827.38	   6957.23	   7140.32	   7424.89	   7842.13	    8360.1	   8939.55	   9505.31	   9999.68	   10392.8	   10894.9	
   2739.76	   2812.08	   2791.46	    2761.2	   2742.25	   2648.37	   2515.38	    2379.6	   2285.01	   2259.34	   2304.94	   2385.51	   2476.01	   2514.75	   2596.45	   2618.12	   2575.49	   2590.56	   2620.19	   2605.68	   2606.28	   2754.35	   2815.71	   2961.89	   3066.22	   3113.76	   3126.66	   3123.55	   3143.68	   3211.09	   3343.31	   3521.39	   3714.16	   3895.88	   4395.24	   5488.91	   5171.41	   4174.22	   4261.44	   4352.36	   4458.27	   4579.38	   4702.69	   4820.32	   4931.84	   5030.74	   5116.12	   5207.86	   5307.35	   5398.81	   5482.49	   5567.01	   5637.09	   5713.32	   5828.39	   6001.34	   6219.93	   6477.81	   6736.28	   6965.14	   7147.25	   7306.79	   7462.95	   7676.91	   8001.08	   8469.88	   9049.63	   9698.41	   10334.8	   10895.9	   11348.4	
   2646.13	   2711.43	   2783.57	   2764.72	   2736.21	   2718.84	   2626.93	   2491.34	   2357.59	   2264.66	   2240.23	   2286.71	   2375.32	   2453.16	   2565.69	   2632.25	   2623.96	   2633.24	   2667.26	    2598.9	   2574.59	   2695.01	   2744.48	   2901.69	   3048.37	   3151.51	   3195.81	   3198.86	    3190.7	   3206.54	   3270.91	   3401.61	   3578.97	   3770.86	   4293.24	   5414.78	   5114.55	   4118.83	   4199.12	   4287.92	   4380.49	   4488.22	   4611.36	   4736.74	   4856.35	   4969.81	   5070.53	   5157.59	   5252.06	   5354.35	   5448.48	    5534.7	   5621.76	   5694.15	   5772.73	   5890.66	    6067.2	   6289.96	   6552.56	   6815.77	   7048.99	   7234.82	   7397.79	   7557.32	   7775.46	   8105.38	   8582.04	   9171.28	   9830.66	   10477.6	   11048.2	
    2545.5	      2613	   2677.98	   2751.68	   2735.29	   2709.25	   2694.15	   2601.42	   2468.72	   2337.65	   2247.03	   2224.51	   2279.66	   2364.41	   2499.67	   2604.68	   2648.04	   2669.41	   2731.31	   2623.72	   2578.22	   2657.51	   2694.68	   2822.42	   2979.32	   3124.89	   3225.17	   3261.74	   3258.63	   3244.15	   3254.34	   3314.16	    3441.5	   3615.92	   4155.17	   5281.74	   5012.09	    4042.1	   4124.51	   4206.24	   4296.57	    4390.7	   4500.17	   4625.19	   4752.47	   4873.98	   4989.32	   5091.86	   5181.69	   5278.98	   5384.14	   5481.04	   5569.95	   5659.69	   5734.58	   5815.71	   5936.57	   6116.65	   6343.43	   6610.53	   6878.29	   7115.78	   7305.39	   7471.89	   7634.94	   7857.31	   8192.82	    8676.9	   9275.08	   9944.42	   10601.4	
   2438.65	   2508.27	   2575.04	   2641.97	   2717.65	   2704.22	   2681.15	   2666.28	    2576.9	   2447.61	   2319.69	   2231.82	   2218.62	   2276.75	   2404.27	   2538.08	   2627.13	   2680.68	   2786.11	   2665.81	   2611.26	   2657.52	   2664.11	   2763.49	   2888.88	   3043.88	   3186.68	   3279.92	   3310.11	   3299.77	   3277.98	   3281.48	   3335.45	   3457.62	   3982.53	   5102.37	   4853.68	   3928.44	   4027.84	   4111.58	   4194.67	   4286.42	   4382.04	   4493.08	   4619.76	   4748.78	   4872.05	    4989.2	   5094.64	   5187.29	   5287.44	   5395.49	   5495.23	   5586.92	   5679.43	   5756.99	   5840.81	   5964.65	   6148.15	   6378.73	   6650.02	   6922.06	   7163.65	   7357.01	   7527.11	   7693.76	   7920.31	   8261.14	    8752.1	   9358.47	   10036.9	
   1970.81	   2394.44	   2462.96	   2531.48	   2600.29	   2677.85	   2667.49	   2644.58	   2632.76	   2547.06	   2421.57	   2297.18	   2220.16	   2215.41	   2303.55	   2433.62	   2558.08	   2640.33	   2805.57	   2693.03	   2653.67	   2682.09	   2663.48	   2717.78	   2813.48	   2935.53	   3087.39	   3221.57	    3309.3	   3332.73	   3315.06	   3285.99	   3282.68	   3330.24	    3804.8	   4878.69	   4651.97	   3770.53	   3893.65	   3994.06	   4078.87	   4163.06	   4255.96	   4352.75	   4464.99	   4592.94	   4723.29	   4847.96	   4967.79	   5075.89	   5171.16	   5273.94	   5384.64	   5486.99	   5581.29	   5676.41	    5756.5	   5842.89	   5969.42	   6155.84	   6389.54	   6664.21	   6939.71	   7184.72	   7381.35	   7554.64	   7724.52	   7954.67	   8299.84	   8796.19	   9408.88	
   1538.88	   1921.76	   2335.99	   2405.58	   2475.29	   2545.41	   2624.22	    2611.1	   2591.38	   2582.55	   2500.88	    2379.8	   2269.99	   2207.04	   2221.79	   2315.02	   2440.76	   2543.09	   2758.04	   2676.61	   2669.71	   2705.96	   2676.95	   2694.23	   2744.24	   2836.21	   2954.63	   3094.41	   3224.12	   3306.58	   3324.07	   3300.27	   3265.18	   3256.04	    3660.1	   4647.34	   4409.73	   3579.29	   3715.08	   3838.54	   3939.49	   4024.95	   4109.85	   4203.46	   4300.95	   4413.88	   4542.51	   4673.59	   4800.43	   4922.42	   5032.72	   5130.21	   5235.18	   5348.05	   5452.59	   5549.09	   5646.41	   5728.72	    5817.3	   5945.98	   6134.49	   6370.27	   6647.09	   6924.83	   7172.17	   7371.19	   7546.92	   7719.27	   7952.01	   8299.98	   8799.48	
   1164.81	   1485.56	   1857.29	   2260.57	   2330.46	   2400.59	   2471.22	   2540.09	   2530.08	    2513.6	    2507.7	   2430.63	   2329.36	   2240.02	    2188.5	   2211.13	   2304.04	   2393.95	   2642.53	   2590.92	   2634.35	   2695.17	   2682.22	   2680.09	   2693.84	   2740.52	   2829.28	   2931.29	   3067.35	   3193.04	   3271.21	   3284.38	   3256.39	   3217.23	   3573.12	   4455.33	   4161.16	   3357.78	   3503.54	   3638.77	   3761.86	   3862.72	   3948.31	   4033.38	   4127.08	   4224.68	   4337.61	   4466.15	   4598.65	    4726.9	   4850.34	   4962.16	   5061.26	   5167.78	   5282.12	   5388.18	   5486.27	   5585.16	   5669.13	   5759.31	   5889.33	   6078.78	   6315.22	   6592.53	   6870.83	   7118.98	   7319.14	   7496.17	   7669.89	   7903.73	   8252.37	
   851.567	    1111.1	   1420.88	   1778.55	   2167.27	   2236.87	   2306.84	    2360.6	   2429.87	   2423.24	   2410.33	   2407.59	   2356.22	   2281.27	   2196.38	   2156.89	   2183.59	   2229.82	   2473.33	   2444.81	   2530.88	   2632.42	   2652.65	   2659.41	   2655.13	   2666.69	   2711.03	   2778.77	   2877.76	   3010.45	   3132.64	   3207.57	   3217.97	    3187.6	   3524.04	   4332.77	   3948.76	   3133.06	   3262.83	    3407.1	   3541.08	   3663.18	   3763.47	   3848.78	   3933.59	   4026.95	    4124.2	   4236.61	   4366.04	   4499.34	   4628.43	   4752.76	   4865.61	   4965.92	   5073.52	   5188.84	   5295.98	   5395.25	    5495.3	   5580.61	   5672.05	   5802.85	    5992.4	   6228.44	   6504.97	   6782.58	   7030.44	   7230.88	   7408.48	   7582.84	    7816.8	
   599.792	   802.346	   1052.44	   1347.24	   1688.29	   2059.82	   2128.97	   2176.07	   2230.82	   2300.55	   2297.89	    2289.2	   2315.68	   2293.83	   2215.83	   2147.44	   2116.93	   2089.57	   2294.14	   2258.42	   2374.23	   2507.59	   2576.73	   2610.22	   2615.66	   2610.19	   2620.37	   2638.94	   2704.31	   2800.45	   2929.72	   3048.55	   3120.71	   3129.23	   3483.69	   4254.83	   3798.51	    2937.5	   3020.05	   3147.83	   3289.87	    3421.9	    3542.4	   3641.62	   3726.21	   3810.37	   3902.95	    3999.4	   4112.46	   4242.18	   4375.65	   4504.99	   4629.64	   4743.02	   4844.08	   4952.29	   5068.08	   5175.84	   5275.88	   5376.68	   5462.99	   5555.31	   5686.33	   5875.13	   6109.68	   6384.15	   6659.78	   6906.23	   7106.08	    7283.5	   7457.77	
   407.197	   559.748	   755.282	   991.327	   1270.24	   1593.71	   1947.07	   1991.57	   2040.02	   2095.91	   2166.24	   2167.93	   2190.54	   2245.76	   2212.35	   2154.06	   2098.91	   2009.66	   2146.42	   2074.31	   2186.35	   2339.03	   2447.62	   2523.71	   2555.55	   2559.81	   2553.33	   2531.84	   2548.67	   2611.39	   2704.23	   2829.47	   2944.37	   3013.44	   3410.07	   4185.41	   3686.82	   2789.76	   2806.46	   2887.17	   3011.83	   3150.35	   3279.22	   3396.91	   3493.96	   3576.83	   3659.32	   3750.02	   3846.39	   3958.83	   4087.39	   4219.55	   4347.63	   4471.11	   4583.59	   4684.04	   4791.43	   4906.17	   5013.05	   5112.41	   5212.49	   5298.42	   5390.19	   5519.62	   5705.31	   5935.57	   6204.76	   6475.12	   6717.07	   6913.62	   7088.33	
   266.961	   378.364	   526.549	   711.078	   934.676	    1199.9	    1508.7	   1828.18	    1875.9	   1927.71	   1986.98	   2060.51	   2090.11	   2140.83	   2177.41	   2164.59	   2120.61	   2004.75	   2085.67	   1949.71	   2027.95	   2170.32	   2304.73	   2413.18	   2484.47	   2511.99	    2512.3	      2464	   2438.82	   2451.28	   2508.61	    2595.2	   2713.17	   2820.73	   3271.64	   4073.34	   3581.01	   2671.01	   2640.02	   2656.71	   2735.11	    2855.9	   2990.11	   3115.04	   3229.23	   3323.54	   3404.22	   3484.57	   3574.91	   3670.62	   3781.77	   3908.42	   4038.49	   4164.57	   4286.16	   4397.07	   4496.34	   4602.28	   4715.28	   4820.68	   4918.78	   5017.55	   5102.61	   5193.29	   5320.38	   5501.89	   5726.51	   5988.86	   6252.37	   6488.42	   6680.53	
   169.216	   247.715	   356.163	   496.243	   671.462	   884.768	   1138.98	   1427.69	   1737.52	   1789.48	    1845.8	   1909.79	    1998.9	   2051.59	   2083.06	   2139.21	   2139.77	   2037.64	   2095.43	   1904.83	   1920.68	   2026.26	   2154.12	   2282.38	   2383.69	   2447.91	   2468.81	   2415.88	   2362.29	   2331.57	   2337.66	   2387.34	   2465.17	   2572.97	   3047.42	   3880.98	   3436.74	   2556.45	   2501.87	   2472.92	   2489.56	   2565.25	   2681.54	   2810.71	   2931.05	   3041.16	   3132.29	    3210.4	   3290.44	   3379.96	   3474.54	   3583.85	   3707.95	   3835.27	   3958.72	   4077.83	   4186.67	   4284.29	   4388.29	   4499.05	   4602.48	   4698.89	   4795.93	   4879.77	   4968.99	   5093.19	   5269.67	    5487.6	   5741.85	   5997.28	   6226.34	
   104.378	   160.375	   233.998	    336.64	   469.595	   636.397	   840.054	   1088.49	   1365.87	    1664.7	   1718.18	   1776.12	   1838.24	   1941.56	   1975.56	   2025.53	   2092.91	    2041.3	    2114.2	   1900.05	   1863.77	      1906	   1998.79	    2116.1	   2236.55	   2330.19	   2387.33	   2345.39	   2288.45	   2231.16	   2196.21	   2196.87	   2239.37	   2308.67	   2762.19	   3584.37	   3223.41	   2414.08	   2367.98	      2317	   2290.32	    2306.9	   2379.55	   2490.76	   2614.27	   2729.45	   2834.97	   2922.53	   3000.15	   3079.51	    3167.8	   3260.83	   3367.81	    3488.8	   3612.81	   3733.11	   3849.24	   3955.55	   4051.16	   4152.83	   4260.92	   4362.01	   4456.41	   4551.39	   4633.76	   4721.25	   4842.12	   5012.92	   5223.32	   5468.48	   5714.84	
   62.3384	   99.5696	    152.64	   220.023	   317.081	    443.02	   601.275	   813.683	   1050.03	   1314.47	      1600	   1652.82	   1692.04	   1765.03	   1848.37	   1899.38	   1959.46	   1980.89	   2100.76	   1901.73	   1845.05	   1835.67	   1867.75	   1947.08	   2056.39	   2168.29	   2253.93	   2237.66	   2192.57	   2133.35	   2074.04	   2036.28	   2032.54	   2068.52	   2458.91	   3215.15	    2923.8	   2223.42	   2208.13	   2165.55	   2118.39	   2094.06	   2110.43	   2179.55	      2285	   2402.08	   2511.39	   2611.68	   2697.68	   2774.23	   2852.32	   2938.75	   3029.56	   3133.45	   3250.51	   3370.37	   3486.68	   3599.03	   3702.08	   3794.99	    3893.6	   3998.26	   4096.29	   4187.98	   4280.21	    4360.5	   4445.61	   4562.31	   4726.26	   4927.73	    5162.2	
   35.6537	   59.5151	    93.449	   143.047	   204.177	   295.168	   413.391	   592.107	   791.775	   1014.38	   1263.92	   1533.88	   1555.34	   1604.56	   1659.76	   1755.63	   1815.29	   1838.35	   2019.82	   1872.25	   1830.42	   1801.33	   1784.83	    1802.6	   1875.02	   1975.77	    2078.6	   2080.67	   2061.25	   2014.65	   1954.88	   1895.26	   1856.13	    1849.1	    2182.4	   2826.13	   2568.17	   1974.82	   2004.05	   1990.43	   1951.43	   1908.15	   1886.15	   1902.05	   1967.11	   2066.07	   2175.92	   2278.59	   2375.68	   2459.36	   2534.11	   2610.21	   2693.98	   2781.76	   2881.67	    2993.8	   3108.49	   3219.82	    3327.4	   3426.25	   3515.58	   3610.21	   3710.48	   3804.51	    3892.6	   3981.16	   4058.53	   4140.39	   4251.81	   4407.49	   4598.32	
   19.4683	     34.48	   55.3287	    86.683	   132.567	   187.359	   271.762	   417.838	   583.637	    769.22	   976.488	   1209.21	   1424.19	   1455.46	   1489.11	   1556.04	    1656.3	   1685.66	   1854.72	   1780.85	   1783.26	   1768.25	   1734.27	   1703.49	   1717.53	   1782.97	   1874.81	   1885.63	   1884.52	   1863.31	    1816.8	   1758.16	   1699.84	   1660.76	   1928.97	   2471.15	   2202.85	   1692.28	   1748.46	    1775.9	    1763.9	   1728.54	   1689.24	   1669.55	   1684.81	    1745.4	   1837.29	   1939.28	   2037.71	   2130.89	   2211.58	   2283.92	   2357.39	   2437.85	   2521.91	   2617.09	   2723.48	   2832.18	   2937.72	   3039.73	   3133.63	   3218.67	   3308.58	   3403.67	   3492.96	   3576.72	    3660.9	   3734.67	   3812.58	   3917.86	   4064.14	
   10.0769	   19.3794	   32.1981	   51.1581	   79.7175	   121.583	    169.85	   284.483	   417.954	   569.808	   740.166	    930.84	   1106.26	   1314.46	   1332.34	   1377.16	   1448.12	    1518.9	   1678.98	   1614.58	   1675.07	    1700.8	   1681.13	   1632.27	   1601.52	   1612.47	   1671.03	   1666.69	   1674.58	   1671.44	   1649.76	   1604.82	   1548.84	    1493.3	    1709.8	   2145.78	   1872.36	   1409.52	    1465.3	   1516.85	   1542.26	   1531.79	   1500.06	   1464.75	   1447.32	   1461.74	   1517.51	   1601.83	   1698.67	   1792.14	   1880.69	   1957.73	   2027.04	   2097.26	   2173.75	   2253.42	   2343.15	   2443.03	   2544.95	    2643.9	   2739.58	   2827.78	   2907.84	   2992.29	   3081.44	   3165.25	   3243.97	   3323.04	   3392.55	   3465.82	    3564.1	
   4.91448	   10.6399	   18.9531	   30.3833	   47.3327	   72.9264	   110.519	   185.757	   288.735	   409.041	   546.356	   700.879	   838.428	   1005.77	   1186.07	   1214.65	   1263.38	   1307.18	   1488.58	   1438.33	   1495.37	   1572.68	   1590.97	   1554.35	   1508.08	   1478.45	   1486.98	    1451.2	   1446.02	   1451.98	   1447.87	    1426.9	   1384.83	   1332.82	   1513.74	   1862.83	   1572.63	   1156.99	   1186.43	   1236.84	   1283.46	   1306.62	   1297.54	   1269.35	   1237.97	   1222.69	   1236.08	   1286.69	   1366.55	    1457.5	   1545.29	   1628.51	   1701.23	   1766.86	   1833.18	   1905.02	   1979.61	   2063.14	   2155.73	   2250.06	   2341.63	   2430.18	   2511.91	   2586.23	   2664.45	   2746.86	   2824.38	   2897.28	   2970.45	   3034.94	   3102.78	
    2.2555	   5.75419	   11.6796	   18.9433	   28.9676	   43.8812	   66.4582	   123.843	   190.289	    281.58	   388.641	   511.293	   621.262	   750.169	   893.302	      1065	   1097.45	   1115.99	   1253.83	   1248.47	   1305.24	   1375.81	   1439.65	    1437.3	   1403.44	   1360.92	    1333.4	   1257.27	   1224.68	   1219.59	   1224.51	   1220.36	    1201.1	   1162.95	   1325.84	   1608.96	    1312.9	    931.33	   939.362	   965.538	   1010.31	   1051.74	   1072.39	   1064.48	   1039.67	   1012.06	   998.742	   1010.87	   1059.79	   1134.43	   1218.73	   1300.05	   1377.15	   1444.79	   1505.99	   1567.65	   1634.06	   1702.76	   1779.25	   1863.63	   1949.43	   2032.68	   2113.14	   2187.47	   2255.13	   2326.16	   2400.82	   2471.07	   2537.16	   2603.42	   2661.92	
  0.975841	   2.89619	   7.15894	   12.2409	   18.4976	   27.1638	   40.0953	   74.3592	   124.189	   182.132	   262.008	   356.034	   445.511	   546.282	   654.928	   788.598	   946.444	   939.591	   1037.83	   1020.37	   1101.09	   1167.68	   1225.21	   1259.76	   1257.55	   1227.42	   1189.61	   1093.93	   1026.83	   998.278	   994.048	   998.648	   995.221	   978.421	      1129	   1366.99	   1081.88	   737.734	   720.555	   727.434	   750.154	   789.095	    825.12	   843.019	   836.052	   814.389	    790.34	   778.784	   793.475	   839.969	   908.619	   985.444	   1059.46	    1129.6	   1191.31	   1247.24	   1303.39	   1363.47	   1425.37	   1493.85	      1569	   1645.23	   1719.08	   1790.37	   1856.19	   1916.13	   1978.85	   2044.58	    2106.4	   2164.51	   2222.66	
  0.496013	   5.42067	    11.274	    19.936	   31.5229	   46.5316	   66.6358	   100.955	    162.67	   261.326	   396.102	   581.667	   817.015	   1093.53	   1398.35	   1756.38	   2178.45	   2608.88	   3119.17	   3235.58	   3548.11	   3913.63	   4227.82	   4462.23	   4682.62	   4852.58	   4954.68	   5005.91	   4946.73	   4837.14	   4732.84	   4659.52	   4619.11	   4594.09	   5268.52	   6254.66	   5035.43	   3574.25	   3418.03	   3285.33	   3195.99	   3155.57	   3168.59	   3217.53	   3273.05	   3306.37	   3307.43	   3282.28	   3251.47	   3244.99	   3290.86	   3399.13	   3562.02	   3761.91	   3984.75	   4215.31	   4445.27	   4675.05	      4909	      5148	   5397.88	   5663.02	   5940.58	   6224.75	   6511.04	   6793.05	   7065.59	   7334.25	   7603.41	   7868.81	   8127.51	
         	         	         	         	         	         	         	         	         	         	         	         	         	         	         	         	         	         	         	         	         	         	         	         	         	         	         	         	         	         	         	         	         	         	         	         	         	         	         	         	         	         	         	         	         	         	         	         	         	         	         	         	         	         	         	         	         	         	         	         	         	         	         	         	         	         	         	         	         	         	         	
         	         	         	         	         	         	         	         	         	         	         	         	         	         	         	         	         	         	         	         	         	         	         	         	         	         	         	         	         	         	         	         	         	         	         	         	         	         	         	         	         	         	         	         	         	         	         	         	         	         	         	         	         	         	         	         	         	         	         	         	         	         	         	         	         	         	         	         	         	         	         	
   26132.6	   25480.4	     24822	   24083.2	   23309.7	     22501	     21846	   21235.3	     20534	   19745.6	   18883.4	   17917.8	   16876.8	   16127.1	   15110.2	   13855.5	   12941.8	   12993.7	   13848.8	   14568.8	   15037.7	   15322.6	   15349.2	   15392.4	   15171.1	   15060.2	   15087.7	     15145	   15201.9	   15173.2	   15064.1	   14872.5	   14600.5	   14423.2	   13320.1	   13164.9	   15363.6	   15620.7	   15327.9	   15031.2	   14728.4	   14420.6	   14110.3	   13800.2	   13493.2	   13192.9	     12902	   12622.1	   12349.9	   12082.8	   11819.4	   11557.6	   11295.3	     11032	   10768.2	   10504.6	   10241.9	   9980.62	    9721.3	   9464.72	   9212.05	   8964.42	   8722.82	    8488.1	   8260.93	   8041.81	   7830.76	   7627.59	   7432.27	   7244.67	   7064.39	
   6975.65	   6564.43	   6218.64	      5869	   5490.76	    5103.9	   4725.61	   4371.66	   4014.35	   3642.58	   3252.21	   2836.13	   2492.77	    2429.4	   2286.98	   2256.57	   2257.74	   2191.12	   2111.48	   2115.38	   2197.82	   2272.64	   2347.17	   2414.53	   2456.19	   2454.23	   2447.42	   2458.67	   2482.81	   2513.45	   2533.89	    2539.3	   2531.16	    2508.9	   2339.11	   2369.83	   2773.25	   2790.65	   2751.33	   2707.57	   2663.66	   2618.63	   2572.68	   2526.14	   2479.49	   2433.21	   2387.95	   2344.24	    2302.6	   2262.57	   2223.42	   2184.94	   2146.76	   2108.46	   2069.83	   2030.94	   1991.88	   1952.77	    1913.7	   1874.76	   1836.06	    1797.8	    1760.2	   1723.45	   1687.74	    1653.2	   1619.96	   1588.05	   1557.44	   1528.15	   1500.15	
   2030.66	    2019.4	   1968.21	   1932.61	   1895.68	   1848.89	   1803.86	   1766.39	   1723.78	   1679.47	      1628	   1563.62	   1509.97	   1480.02	   1424.74	   1369.81	   1356.08	   1323.71	   1268.38	   1260.17	   1271.24	   1305.03	   1370.68	   1399.21	   1425.62	   1435.95	   1420.35	   1398.24	   1389.54	   1387.67	   1389.18	   1384.72	   1371.72	   1351.25	   1224.12	   1250.36	   1492.44	   1520.19	   1468.32	   1436.63	   1402.77	   1368.99	   1334.82	   1300.39	   1265.89	   1231.58	   1197.71	    1164.6	    1132.6	   1101.85	   1072.12	   1043.05	   1014.54	   986.426	   958.523	   930.749	   903.146	   875.773	    848.69	   821.952	   795.602	   769.695	    744.32	   719.567	   695.514	   672.223	   649.744	   628.108	   607.318	    587.35	   568.185	
   787.964	    840.98	   885.891	   913.408	   947.043	   979.811	   1010.36	   1044.17	   1075.33	   1102.39	   1127.57	   1146.66	   1172.58	   1135.27	   1105.98	   1085.96	   1043.08	   1015.51	   976.146	   962.967	   963.244	   951.523	   993.316	   1003.87	   992.548	   977.615	   949.828	   902.964	    852.96	   810.886	   772.036	   733.994	   691.719	   644.476	   566.198	   579.045	   704.952	   743.161	   721.315	   697.412	   683.071	   667.682	   652.312	   636.733	   621.005	    605.22	   589.501	    573.97	   558.823	   544.178	   530.107	     516.5	   503.187	   490.122	   477.221	   464.397	   451.609	   438.878	   426.233	   413.701	    401.31	   389.081	   377.041	   365.233	   353.703	   342.489	   331.623	   321.129	   311.026	   301.315	   291.987	
   417.018	   468.585	   518.379	   563.945	   598.172	   635.712	   674.704	   712.005	    749.16	   783.889	   814.868	   843.959	   880.363	   853.331	   824.495	   818.472	   798.904	   762.538	   730.877	   723.573	   719.246	   699.001	    702.29	   704.061	   706.321	   692.678	   676.122	   650.382	   611.296	   570.075	   534.108	    500.09	   466.331	   429.603	   380.196	   370.251	   435.056	   465.489	   452.364	   439.102	   424.593	   415.914	   406.603	   397.309	   387.892	   378.388	   368.852	    359.36	   350.011	   340.896	   332.088	    323.63	   315.456	   307.462	   299.619	   291.876	   284.179	   276.504	   268.862	   261.271	   253.748	   246.309	   238.966	   231.737	   224.647	   217.725	   210.993	   204.472	   198.176	   192.117	   186.297	
   321.641	   357.407	   393.995	   428.759	   459.784	   481.253	   506.714	   532.247	   555.799	   578.932	    599.86	   617.501	   642.366	    622.34	   604.091	   593.259	   582.292	   571.476	   537.924	    530.84	   529.732	   507.698	   501.759	   485.948	   486.282	   486.849	   476.327	   464.052	    445.02	     416.8	    387.12	       361	   336.157	   311.426	   277.284	   268.412	   308.012	   321.044	   311.048	   303.419	   295.633	   286.941	   282.135	   276.857	   271.545	   266.102	   260.552	   254.934	   249.315	   243.746	   238.292	   233.006	   227.921	   222.992	   218.147	   213.368	   208.618	   203.861	   199.078	   194.278	   189.474	   184.679	   179.905	   175.161	   170.462	   165.827	   161.277	   156.832	   152.508	   148.317	    144.27	
   270.404	   292.035	   315.699	   339.552	   361.389	   379.798	   391.351	   404.725	   418.089	   429.794	   440.988	    450.31	   462.828	   446.703	   434.897	   427.514	   412.364	    412.75	   401.139	   388.212	   385.962	   368.626	   358.949	   344.847	   334.827	   336.021	   337.482	   331.584	   324.266	   312.285	   293.874	   274.433	   257.529	   241.572	   214.464	   217.082	   240.993	   238.425	   230.652	   223.615	   218.274	   212.813	   206.691	   203.363	   199.691	   195.989	   192.188	   188.303	   184.376	   180.442	   176.538	    172.71	   168.998	   165.425	    161.96	   158.551	   155.184	   151.833	   148.472	   145.086	   141.682	   138.271	   134.861	   131.461	   128.078	   124.723	   121.409	   118.154	   114.971	   111.871	   108.866	
   223.403	   235.279	   249.622	   265.413	   281.072	   294.825	   306.611	   311.338	   318.082	   324.444	   329.457	   333.948	   340.608	   326.025	   317.143	   311.401	   299.076	     298.8	   297.874	   296.732	   288.713	   272.967	   264.363	   252.347	   242.885	   236.313	    237.71	   239.441	     235.9	   231.394	   223.591	   211.196	   198.058	   186.759	   167.084	   183.132	    207.84	   200.442	   195.028	   188.674	   182.919	   178.552	   174.083	   169.072	   166.346	   163.337	   160.301	   157.181	   154.003	   150.786	   147.561	   144.357	   141.215	   138.164	   135.226	   132.374	   129.566	   126.791	   124.028	   121.254	   118.459	   115.649	   112.832	   110.014	   107.205	   104.409	   101.636	   98.8964	   96.2042	   93.5708	    91.006	
   196.846	   202.627	   210.511	   220.435	   231.441	   242.137	   251.801	   258.359	   259.615	    262.46	   264.689	   265.778	   268.946	   255.993	    247.16	   241.625	   231.995	   234.074	    233.99	   237.626	   236.912	   218.441	   208.809	   200.122	   191.445	   184.706	   180.179	   181.687	   183.591	   181.498	   178.705	     173.4	   164.545	   155.111	   149.446	   169.439	   189.004	   183.889	   179.982	   175.198	   169.564	   164.465	   160.612	   156.664	   152.226	   149.843	   147.204	   144.538	   141.804	   139.013	   136.185	   133.346	   130.524	   127.753	   125.064	   122.473	   119.958	    117.48	   115.029	   112.586	   110.131	   107.655	   105.163	    102.66	   100.156	   97.6556	   95.1657	    92.693	   90.2489	   87.8453	   85.4929	
   169.523	    173.82	   179.235	   186.512	   195.613	   205.696	   216.156	   224.585	    230.76	   232.305	   235.163	   237.191	   240.339	   228.057	   218.435	   211.779	   204.604	   207.791	   209.706	   211.579	   213.484	   202.085	   187.744	   177.594	   168.889	   160.209	   153.158	    147.68	   147.293	   147.045	   143.418	   139.099	   132.697	   123.518	   125.655	   147.062	   171.787	   166.525	   164.297	   161.121	   157.144	   152.386	   148.091	   144.903	   141.616	   137.872	   135.978	   133.843	   131.683	    129.45	   127.156	   124.816	   122.456	     120.1	   117.782	   115.527	   113.355	   111.242	   109.155	   107.084	   105.011	   102.917	   100.795	   98.6473	   96.4816	   94.3043	    92.122	   89.9399	    87.765	   85.6079	   83.4803	
   161.008	   166.969	   172.451	   178.655	   186.528	   196.699	   208.979	   221.219	   232.556	    241.63	   247.857	   251.107	   257.622	   244.995	   232.821	   224.682	    219.44	   222.769	   225.322	   227.316	   225.723	   216.312	    211.31	   190.958	   175.667	   165.725	   152.923	   142.914	   132.749	    126.47	   124.735	   117.458	   109.552	   100.439	   103.686	   127.403	   157.262	   158.969	   158.779	   158.228	   156.682	   154.284	   151.099	   147.063	   144.891	   142.723	   140.291	   138.468	   137.244	   136.024	   134.696	   133.269	   131.755	   130.177	   128.556	   126.926	   125.319	   123.763	   122.271	   120.781	   119.285	   117.769	   116.209	   114.586	   112.899	   111.157	   109.366	   107.533	   105.666	    103.77	   101.855	
   172.396	   180.346	    187.25	   193.604	   200.773	   209.823	   222.065	   235.047	    249.04	   262.026	   272.469	   279.699	   286.874	    275.28	   261.994	   252.584	   248.281	    250.48	   253.574	   255.852	   252.504	   244.546	   233.469	   223.666	   201.526	   184.764	   173.631	   158.827	   147.677	   136.365	   129.024	   126.221	   117.677	    108.41	   113.119	   147.196	   177.026	   166.279	   164.932	   164.733	   164.158	   162.547	   160.053	    156.74	   152.544	   150.284	   148.028	   145.498	   143.609	   142.342	   141.079	   139.702	   138.222	   136.651	   135.013	   133.331	   131.637	   129.968	   128.351	     126.8	   125.251	   123.696	   122.119	   120.497	   118.809	   117.055	   115.243	    113.38	   111.474	   109.532	    107.56	
   191.062	   201.508	   210.257	    217.75	   224.593	    232.37	   242.986	   255.045	   269.433	   284.946	   299.268	   310.652	   321.046	   310.364	   298.331	   288.881	   283.654	     284.7	   288.499	   291.454	   286.524	   279.558	   268.279	   252.566	   243.416	   220.829	   204.001	   192.333	   177.611	   166.947	   156.104	   149.884	   149.198	   142.017	    138.07	   178.156	   217.877	   194.918	   192.714	   191.198	   191.013	   190.392	   188.569	   185.718	   181.915	   177.083	   174.501	   171.924	   169.038	   166.895	   165.475	   164.058	   162.509	   160.838	    159.06	   157.204	   155.294	   153.371	   151.476	    149.64	    147.88	   146.122	   144.355	   142.564	   140.717	   138.793	   136.791	   134.721	   132.589	   130.407	   128.181	
   213.492	    225.85	   237.063	   246.207	   253.844	   260.694	   269.442	   278.607	   291.311	   306.612	   323.119	   338.202	   353.097	   344.045	   336.073	   328.892	   322.356	   320.675	   326.767	   330.314	   323.797	   318.758	   306.522	   292.277	   277.772	   270.448	   248.149	   230.682	   220.428	   206.597	   197.435	   188.072	   184.408	   188.006	   176.708	    220.42	   271.594	   253.087	   246.485	   243.782	    241.95	   241.804	   241.105	   238.879	   235.348	   230.605	   224.555	   221.358	   218.178	   214.603	   211.971	   210.256	   208.544	   206.661	   204.624	   202.447	    200.17	   197.824	   195.458	   193.126	    190.87	   188.709	   186.547	   184.376	    182.17	   179.893	   177.515	   175.037	   172.469	   169.821	   167.107	
   237.417	   250.973	   264.331	   276.254	   285.695	   293.318	   301.061	   307.717	   316.806	   329.844	    345.75	    362.96	   381.915	   378.006	   372.663	   372.047	   364.949	   361.115	   368.853	   374.282	    365.71	    362.78	    350.26	   338.297	   326.811	   314.919	   311.123	   287.954	   272.111	   264.634	   252.735	   246.481	   239.999	   240.975	   232.303	   275.492	   328.318	   328.817	   326.449	   317.995	   314.587	   312.301	   312.188	   311.354	   308.541	   304.032	   297.951	   290.171	   286.098	   282.043	   277.473	    274.12	   271.953	   269.785	   267.393	   264.799	   262.022	   259.113	   256.112	   253.086	   250.101	   247.213	   244.447	    241.68	   238.898	   236.071	   233.151	   230.099	   226.915	   223.615	   220.211	
   270.823	   283.969	     298.8	   313.267	   325.889	    335.41	   344.018	   349.538	   355.087	   363.285	   375.935	   391.844	   412.411	   413.351	   416.399	   416.494	   414.618	   411.048	   421.078	   427.357	    418.32	   416.057	   403.461	   395.672	   387.235	   379.223	   370.605	   368.357	   345.885	   331.796	   327.767	   318.127	   315.546	   312.696	   295.764	   341.185	   388.177	   398.728	   404.276	   401.507	   391.244	    387.23	   384.593	   384.609	   383.721	    380.38	   374.926	   367.513	   358.007	   353.072	   348.151	   342.585	   338.518	    335.91	   333.292	   330.392	   327.237	    323.85	   320.295	   316.624	   312.918	   309.262	   305.722	   302.331	   298.938	   295.525	   292.054	   288.468	   284.716	     280.8	   276.738	
   315.658	   327.079	   341.858	   358.552	   374.604	   388.131	   399.415	   406.857	   410.476	   413.823	   420.177	   431.813	   449.823	   452.909	   464.208	   472.204	   465.231	   472.749	   486.318	    494.62	   484.528	    482.81	   469.225	   464.835	   459.036	   452.453	   446.287	   449.559	   449.899	   425.911	   411.715	   409.582	   400.606	   400.167	   372.493	    390.02	   447.419	   460.317	   468.749	   475.198	   472.158	   460.582	   456.221	   453.386	   453.544	   452.648	   448.931	   442.736	   433.736	   422.331	    416.21	   410.129	   403.326	    398.27	   394.917	   391.567	   387.909	   383.975	    379.79	   375.426	   370.944	   366.438	   362.004	   357.719	   353.621	   349.533	   345.434	    341.28	   337.003	   332.544	   327.905	
   364.816	   373.464	   387.223	    404.94	   424.735	   443.372	   461.033	   473.967	   480.172	   481.382	   482.182	   486.782	   499.134	   498.706	   514.978	   530.212	   528.439	    535.04	   561.881	   574.787	   565.945	   561.231	   548.319	   542.952	   537.012	    529.52	   521.145	   522.558	   525.204	   524.333	   495.637	   478.247	   474.642	     463.2	   431.443	   422.895	   462.377	   493.802	   502.638	    511.82	   518.916	   515.933	   503.906	   499.646	   496.959	   497.414	   496.711	   492.972	   485.993	   475.998	   463.407	   456.506	    449.66	   442.044	   436.322	   432.445	   428.578	    424.39	   419.916	   415.181	   410.264	   405.232	   400.185	   395.228	   390.444	   385.872	   381.322	    376.77	   372.169	   367.443	   362.528	
   417.758	   425.252	   436.524	   453.785	   475.463	   499.088	   524.404	   546.876	   559.593	    563.77	   561.984	   560.135	   562.683	   552.942	   567.662	    586.17	    589.44	   607.496	    630.21	   660.636	   656.972	   648.915	   634.301	   627.301	    617.01	   606.407	   594.093	   588.882	   586.042	   584.247	   578.437	   542.642	   519.438	   510.892	   466.087	   462.609	   490.067	   496.223	   523.418	   532.801	    542.51	   550.093	    547.27	   535.107	   531.081	   528.642	   529.414	    528.95	   524.811	   517.254	   506.538	   493.086	   485.585	   478.144	   469.899	   463.643	   459.329	   455.024	   450.391	   445.465	   440.273	   434.897	   429.411	   423.919	   418.531	   413.334	   408.371	    403.44	   398.515	   393.547	   388.456	
   471.194	   480.378	   490.498	   504.965	   526.043	   551.614	   583.989	   616.391	   639.712	   651.007	   652.293	   647.193	   639.658	   614.633	    621.88	   636.444	    641.07	   670.269	   701.281	     729.3	   745.995	   736.585	   721.369	   708.866	   696.145	   679.828	   663.388	   651.932	   640.687	   631.586	   623.313	   610.736	   567.231	   536.955	   499.446	   511.367	   536.813	   509.832	   517.728	   545.786	   555.601	   565.736	   573.748	   571.151	   559.024	   555.305	    553.17	   554.289	   553.651	   549.253	   541.303	   530.081	    516.01	   508.068	   500.186	   491.472	   484.813	   480.164	   475.523	   470.545	   465.271	   459.726	   453.996	    448.16	   442.324	   436.606	   431.092	   425.828	   420.604	   415.395	   410.148	
   519.631	   533.497	   544.999	   557.512	   574.545	   598.326	   633.626	   673.354	   706.703	   729.049	   737.643	    735.47	   720.808	   680.808	     675.3	   679.989	   679.198	   714.847	   753.268	   792.974	   805.962	   811.163	   798.407	   781.751	   763.563	   745.323	    723.18	    706.95	   689.293	   671.426	   655.467	   640.201	   620.469	   569.715	   527.799	   570.702	   580.657	   531.335	   525.242	   533.525	   562.121	   572.237	   582.683	   591.015	   588.633	   576.628	   573.207	   571.366	    572.37	   571.607	   567.037	   558.819	   547.245	   532.735	   524.467	   516.257	   507.193	   500.228	   495.319	   490.413	   485.167	   479.622	   473.804	   467.801	   461.696	   455.598	   449.626	   443.871	   438.378	   432.934	    427.51	
   558.981	   577.856	   593.451	   606.327	   619.848	   637.525	   670.993	   711.828	   751.376	   783.251	   802.866	    807.89	    792.63	   743.284	   726.818	   716.834	   705.775	   739.703	   781.454	   829.928	   853.234	   847.574	   854.383	   837.653	   816.453	   793.849	   771.227	   749.637	   728.282	   705.029	   681.267	   659.275	   637.838	   611.582	   579.476	   616.366	   620.785	   546.522	   540.898	   535.113	    543.63	   572.445	   582.733	   593.346	   601.869	   599.682	   587.866	   584.721	   582.749	   583.649	   582.795	   578.126	   569.744	   557.955	   543.176	   534.689	   526.257	   516.958	    509.78	    504.68	   499.581	    494.14	   488.401	    482.39	   476.196	   469.903	   463.624	   457.478	   451.557	   445.908	   440.314	
   585.462	   610.175	    629.82	    645.75	   658.221	   670.502	   697.023	   733.653	   772.358	   809.145	   837.563	   853.303	   841.955	   793.511	   772.656	   750.659	   725.901	   752.378	   790.886	   841.369	   869.695	    870.49	   869.527	   870.415	   849.845	   824.927	   798.616	   776.546	   750.368	   724.101	   695.654	   666.565	   639.058	   611.619	   631.378	   669.538	   650.723	   579.258	   563.353	   557.918	   552.257	   561.063	    590.47	   601.022	   611.898	   620.684	   618.608	   606.756	   603.411	   601.275	   602.087	   601.131	   596.287	   587.617	   575.444	   560.192	   551.368	   542.596	   532.935	   525.441	   520.076	   514.709	   508.996	   502.981	   496.689	   490.214	   483.643	   477.091	   470.681	   464.507	   458.616	
   599.905	   628.225	   652.788	   671.724	   686.181	   696.088	   716.133	   744.032	    776.73	   811.195	   843.493	    867.35	    864.01	   824.422	   809.005	   781.786	   747.224	   762.348	   793.841	   837.349	   862.135	   866.413	   875.009	   866.775	   865.184	   842.453	   815.455	   790.366	   765.432	   736.112	   706.522	     674.7	   642.185	   610.793	   639.119	   725.207	   702.269	   606.355	   599.961	   583.973	   578.592	   572.933	   582.033	   612.181	   623.009	   634.177	   643.241	   641.213	   628.852	   625.271	   622.949	   623.667	   622.583	   617.509	   608.475	   595.826	   579.998	    570.77	   561.593	   551.499	   543.633	   537.957	   532.279	   526.246	   519.907	   513.287	   506.481	   499.581	   492.706	   485.981	   479.505	
   607.154	   635.054	   662.437	   685.586	   702.288	   713.452	    730.07	   750.322	   773.129	   800.645	   829.857	   856.993	   860.095	   835.923	   832.249	   809.091	   771.765	    778.83	    800.47	   831.643	   843.557	   845.311	   859.779	   861.688	   852.945	   850.863	   828.139	   803.777	   778.208	   752.599	   722.549	   692.257	   659.812	    626.44	   642.099	   737.658	   765.671	   645.795	   624.161	   617.966	    601.88	   596.519	   590.845	   600.163	   630.894	   641.934	   653.334	   662.622	   660.318	   647.523	   643.736	   641.253	   641.882	   640.677	   635.396	   626.047	   612.991	   596.672	   587.095	   577.568	   567.101	   558.914	   552.968	   547.019	   540.709	    534.09	   527.185	   520.095	   512.912	   505.759	   498.765	
    609.62	   635.153	   661.789	   687.604	   708.486	    721.88	   739.277	   755.424	   770.489	   788.127	   810.539	   834.772	   841.284	    831.98	   844.616	   830.976	   799.217	     803.7	   819.062	   834.259	   829.178	   821.068	   834.867	   845.061	    848.19	   841.213	    840.93	   822.611	    800.17	   776.513	   752.836	   724.849	    696.82	   666.541	    675.75	   761.427	   792.211	   696.157	   661.539	   639.918	   633.856	   617.659	   612.298	   606.587	   616.064	   647.269	   658.478	   670.065	   679.246	   676.697	   663.531	   659.566	   656.936	   657.475	   656.153	   650.686	    641.06	   627.651	   610.906	   601.024	   591.192	     580.4	   571.932	   565.749	   559.563	   553.011	   546.147	   538.995	   531.657	   524.228	   516.834	
   605.412	   630.421	   655.045	   680.576	   704.755	   723.065	   742.907	   759.473	   771.179	   781.913	   795.406	   813.886	   819.324	   821.096	   848.028	   848.094	   825.777	   834.253	   848.599	   851.805	   828.145	   806.578	    811.69	   823.661	   835.221	   840.218	   835.453	   839.531	   823.384	   803.205	   781.876	   760.712	   735.443	   710.102	   741.051	    827.44	   826.809	     708.9	   708.868	   674.251	   652.645	   646.674	   630.391	   625.008	    619.24	   628.805	   660.323	   671.628	   683.062	   692.108	   689.339	   675.869	   671.742	   668.971	   669.412	   667.973	   662.341	   652.481	   638.781	   621.693	   611.555	   601.465	   590.404	   581.698	   575.308	   568.915	   562.155	   555.081	   547.718	    540.17	   532.533	
    597.68	   622.494	    647.22	   671.376	   695.998	    718.45	   743.567	   762.075	   775.025	   783.254	   790.773	   801.373	   803.276	   809.456	   846.318	    858.41	   848.217	   863.398	   883.189	   881.392	   845.763	   808.247	   800.059	   804.052	   816.042	    827.87	   833.301	    831.36	   835.512	   819.691	   799.879	   779.035	   758.529	   733.811	   796.658	   902.932	   874.402	    728.44	   733.728	   734.147	   698.886	   676.903	   670.933	   654.279	    648.79	   642.884	   652.744	    685.19	   696.586	    708.15	     717.3	   714.326	   700.363	   696.053	   693.146	   693.552	   692.027	   686.179	   675.955	    661.76	   644.057	   633.522	   623.035	   611.543	   602.481	   595.811	   589.137	   582.086	   574.712	   567.041	   559.182	
   589.525	   614.589	   639.582	   664.343	   688.089	   711.564	   741.114	   764.348	   779.872	   789.969	   795.593	   800.856	   796.763	   802.625	   842.825	   863.293	    862.45	   886.246	   914.397	   916.813	   878.811	   829.899	   804.727	   795.367	    799.42	   811.591	   823.651	   831.845	   829.861	   833.937	   818.202	   798.617	   778.195	   757.982	   835.091	   951.704	    921.62	   765.973	   770.902	   776.962	   777.808	   740.991	   718.069	   711.937	   694.479	   688.746	   682.556	   692.964	   726.923	   738.728	   750.743	   760.256	   757.029	   742.242	   737.661	   734.566	   734.973	   733.345	   727.157	   716.332	   701.305	   682.562	   671.385	   660.256	   648.062	   638.435	   631.336	   624.232	    616.73	   608.888	   600.734	
   581.161	     607.1	   632.682	   658.083	   682.843	   705.843	    736.62	   764.009	   784.823	   797.987	   805.937	   809.715	   802.022	   803.326	   842.162	   864.856	   869.088	    898.34	    937.47	   949.349	   919.934	   866.754	   827.652	   800.774	   791.835	   796.373	   809.005	   824.128	   832.446	   830.715	   835.029	   819.759	   800.879	   781.063	   850.886	   972.103	   964.274	   812.318	   815.595	   821.361	   828.237	   829.509	   790.761	   766.657	    760.29	   741.851	   735.821	   729.292	   740.132	   775.979	   788.335	   800.947	   810.944	   807.448	     791.7	   786.816	   783.517	   783.943	   782.213	   775.633	   764.109	   748.105	   728.136	    716.21	   704.331	   691.316	   681.031	   673.436	   665.833	   657.806	   649.418	
   573.144	   600.082	   626.769	   653.013	    678.69	   703.021	   733.311	   762.103	   787.517	   806.385	   817.725	   824.097	   816.602	   814.404	   847.321	   867.904	   870.995	   901.969	   949.509	     974.3	   958.937	   910.526	   863.085	   821.461	   795.233	   786.874	   791.845	   807.275	   822.339	    830.74	   829.186	   833.756	    819.12	   800.804	   855.151	   988.206	   993.609	   842.052	   845.877	    849.89	   856.402	   863.994	   865.712	   825.787	    800.98	   794.541	   775.512	   769.346	    762.43	   773.573	   810.724	   823.481	   836.535	   846.905	   843.273	   826.912	   821.879	   818.502	   819.009	   817.273	   810.486	   798.528	   781.889	   761.102	   748.694	    736.33	   722.775	   712.064	   704.157	    696.24	   687.878	
   566.701	   594.174	   621.949	   649.416	   676.058	   701.453	   732.858	     761.6	   788.627	   812.337	   829.579	   839.433	   836.183	   833.396	    861.02	   875.444	   873.652	   901.624	   954.008	   987.798	   988.928	   950.417	   902.351	   852.547	   812.441	   787.571	   780.278	   788.238	   804.108	    819.78	   828.935	   828.396	   834.262	   821.001	   863.082	    1003.2	   1012.56	   852.371	   858.152	   862.663	   867.287	   874.385	   882.534	   884.649	   844.318	   819.303	   812.931	   793.703	   787.342	   780.218	   791.488	   829.263	   842.215	   855.499	   866.084	   862.425	   845.807	   840.759	   837.406	   838.022	   836.352	   829.524	   817.402	   800.485	   779.317	   766.702	   754.126	   740.325	   729.428	   721.396	    713.35	
   562.287	   590.069	   618.392	   647.006	   674.946	   701.392	   733.601	   763.901	   790.964	   816.385	   838.595	    854.43	   856.285	   856.326	   880.851	   890.719	   880.746	   904.081	   956.038	   992.268	   1004.35	   979.801	   935.225	   886.924	   839.958	   802.498	   779.901	   776.264	   785.741	   803.319	   820.919	   832.361	   834.564	   843.346	   879.339	    1030.6	   1027.48	   852.835	   857.535	    863.53	    868.18	   872.887	   880.032	   888.172	   890.204	    849.66	   824.438	   817.868	   798.219	   791.455	   783.938	   794.832	   832.237	   844.824	   857.763	    868.03	   864.089	   847.225	   841.951	   838.383	    838.79	   836.923	   829.911	   817.611	   800.526	   779.202	   766.422	   753.688	   739.739	   728.695	   720.516	
   559.817	   587.944	   616.614	   645.855	    675.06	   702.954	   736.058	   767.407	   796.216	   821.776	   845.809	   866.752	   876.233	   879.323	   903.384	   912.122	   896.231	   913.911	   962.706	   992.509	   1007.77	   994.513	   956.868	   916.502	   872.084	   828.908	   794.852	   776.581	   775.459	   787.626	   808.156	   829.162	   844.592	   850.974	   896.508	   1059.45	   1046.43	   851.812	   859.902	   864.615	   870.571	   875.127	   879.705	    886.68	     894.6	   896.353	   855.372	   829.755	   822.659	   802.459	   795.174	    787.15	   797.556	   834.468	   846.568	   859.037	   868.857	   864.517	   847.308	     841.7	   837.811	   837.899	   835.732	   828.447	   815.896	   798.588	   777.069	   764.075	   751.138	   737.005	   725.776	
   559.485	   587.549	   616.712	   646.479	   676.529	   705.972	   740.574	   773.133	   803.319	   830.937	   855.329	    878.33	   894.391	   902.694	   925.855	   937.201	   919.541	   935.468	   978.455	   996.544	   1005.75	   998.756	    965.94	   938.768	   902.651	   862.505	   823.318	   793.761	   778.566	   780.622	   796.206	   820.648	   846.254	   866.611	   904.543	   1086.15	   1062.45	   854.432	   861.754	   870.686	   876.157	   882.856	   888.117	   893.362	   900.994	   909.559	   911.852	    870.76	   845.043	   838.093	   817.813	   810.637	   802.706	   813.519	   851.321	   863.913	   876.911	   887.247	   883.178	   865.994	   860.652	   857.071	   857.557	   855.744	   848.696	   836.244	   818.905	   797.228	   784.269	   771.356	   757.202	
    561.11	   589.882	   619.208	   649.742	   680.627	   711.283	   747.626	   782.096	   813.952	   843.369	    870.22	    893.88	    912.98	   925.452	   949.496	   963.525	   949.049	   967.446	   1007.12	   1010.32	   1008.44	   1000.09	   969.212	   953.796	   930.643	   898.677	   862.488	   827.431	   801.004	   789.006	   794.474	   813.969	   843.097	   873.857	   921.252	   1094.45	   1079.33	   856.794	   864.673	   872.911	   882.736	   889.034	   896.567	   902.613	   908.608	   917.006	   926.336	    929.28	   887.944	   862.185	   855.484	   835.187	   828.216	   820.469	   831.836	   870.768	    884.01	   897.699	   908.702	       905	   887.882	   882.892	   879.708	   880.697	   879.332	    872.59	    860.28	   842.924	   821.081	   808.184	   795.317	
   564.286	   595.152	   625.498	   656.485	   688.495	   720.394	   758.172	   794.868	   829.176	   860.741	   889.825	   916.354	   936.591	   949.996	   973.438	   991.996	   982.455	   1006.25	   1046.14	   1039.06	   1023.08	   1008.44	   975.251	   967.827	   956.229	   937.007	   908.804	   876.213	   844.084	   820.629	   811.803	   821.029	   845.171	   879.653	   926.259	   1107.26	   1085.55	   870.156	   881.441	   890.274	    899.44	   910.219	   917.361	   925.752	   932.582	   939.345	   948.573	    958.75	   962.189	   919.852	   893.562	   886.947	   866.243	   859.311	   851.567	   863.625	    904.27	    918.32	   932.861	   944.647	   941.188	     923.8	   919.018	   916.117	   917.561	   916.558	   909.952	   897.529	   879.826	   857.419	   844.327	
   567.798	   601.515	   634.422	   666.835	   699.706	   733.235	   772.584	   811.314	   848.527	    883.19	   915.004	   944.307	   967.976	   980.936	   999.742	   1020.66	   1020.13	   1047.26	   1090.52	   1080.93	   1054.98	   1029.67	    992.91	   985.998	   981.302	   972.535	   955.992	   930.052	   899.263	   868.873	   847.216	   840.608	   852.888	   880.759	   932.118	   1112.21	   1107.11	   881.452	   912.386	   924.818	   934.653	   944.821	    956.68	   964.703	   974.017	   981.683	    989.27	   999.438	   1010.47	   1014.41	   970.159	   942.755	   936.041	   914.468	    907.39	   899.454	   912.398	   955.518	   970.613	   986.253	   999.014	   995.696	   977.664	   972.967	   970.266	   972.169	   971.488	   964.871	   952.079	   933.674	    910.26	
   572.268	   607.954	   644.214	   679.672	   714.409	   749.251	   790.551	   831.467	   871.359	   909.588	   945.123	    977.71	   1004.72	   1020.04	   1031.88	   1050.28	   1058.85	    1089.1	   1134.59	   1130.93	   1101.46	   1067.59	   1026.23	   1014.62	   1009.47	   1006.72	   999.779	   984.583	   959.521	   929.462	   899.669	   878.846	   873.734	   888.176	    940.93	   1125.15	   1124.89	   907.661	   931.438	   964.589	    978.21	    989.08	   1000.31	   1013.31	   1022.23	   1032.52	   1041.07	   1049.52	   1060.59	   1072.57	   1077.04	   1030.39	   1001.57	    994.68	   972.005	   964.701	   956.482	    970.44	   1016.47	   1032.77	   1049.67	   1063.54	   1060.34	   1041.49	   1036.84	   1034.33	   1036.73	   1036.39	   1029.72	   1016.45	   997.185	
   576.604	   615.493	   653.999	   693.172	   731.307	   768.307	   810.965	   854.175	   896.635	   937.914	    977.39	   1014.03	   1044.68	   1062.33	   1070.17	   1083.58	   1097.36	   1127.77	    1177.2	   1182.77	    1156.8	   1119.01	   1077.25	   1057.43	   1047.95	   1045.23	   1044.96	   1040.18	   1026.57	   1002.73	   973.529	   944.534	   925.016	   921.886	   959.248	    1142.4	   1144.52	   926.898	   961.138	   987.106	      1023	   1038.24	   1050.58	   1063.29	   1077.88	   1088.15	   1099.87	   1109.75	   1119.42	   1131.87	   1145.31	   1150.72	   1101.56	   1071.37	   1064.56	   1040.86	   1033.57	   1025.28	   1040.75	   1090.61	   1108.64	   1127.36	   1142.86	   1140.05	   1120.44	   1116.09	   1114.04	   1117.28	   1117.57	   1111.04	   1097.38	
   585.291	   622.785	   664.621	   706.048	   748.006	   788.486	   833.022	   877.434	   922.163	   965.946	   1008.38	   1048.85	   1083.68	   1103.83	   1109.53	   1121.18	   1136.49	   1163.29	   1215.46	    1234.1	   1214.21	   1178.16	   1140.67	   1115.12	   1096.99	   1089.63	   1089.24	   1091.33	   1088.33	   1076.21	    1053.3	   1024.72	   996.439	   977.968	   995.492	   1164.62	   1161.64	   945.169	   986.688	   1023.75	   1052.02	   1090.87	   1107.76	   1121.57	   1135.76	   1151.96	   1163.56	   1176.73	   1187.81	   1198.68	   1212.53	   1227.43	   1233.73	   1181.56	   1149.66	   1142.79	   1117.77	   1110.34	   1101.83	   1118.82	   1172.78	   1192.58	   1213.15	   1230.29	   1227.76	   1207.13	   1202.95	   1201.25	   1205.26	   1206.09	   1199.56	
   607.131	   634.904	   674.875	   719.481	   763.413	   807.531	   855.022	   900.774	   946.202	   991.755	   1036.13	   1078.95	    1117.4	   1140.46	   1147.78	   1159.03	   1175.78	   1199.32	   1251.18	    1280.3	   1271.06	   1238.22	   1208.39	   1181.86	   1157.02	   1139.93	    1133.9	   1135.08	   1138.35	   1136.44	   1124.96	   1102.24	   1073.74	   1045.41	   1058.66	   1210.61	    1179.1	   955.164	   996.395	   1040.75	   1080.43	   1110.87	    1152.5	      1171	   1186.23	   1201.88	   1219.67	   1232.61	   1247.12	   1259.43	   1271.52	   1286.77	   1303.12	   1310.36	   1255.52	   1222.14	    1215.3	   1189.16	   1181.68	   1173.06	   1191.55	   1249.42	   1270.96	   1293.35	   1312.13	   1309.95	   1288.48	   1284.55	   1283.28	    1288.1	   1289.54	
    648.74	   660.455	   689.413	   731.477	   778.284	   823.932	   874.457	   922.534	   968.659	   1014.15	   1059.53	   1103.46	   1143.75	   1169.38	   1183.49	   1196.83	   1211.27	   1238.15	   1289.73	   1322.11	   1322.83	   1297.05	    1272.4	   1251.88	   1226.39	   1202.68	   1186.89	   1182.61	   1185.24	   1190.15	   1189.63	   1179.15	   1157.08	   1128.82	   1139.64	   1292.61	   1212.14	   954.277	    984.84	   1027.98	   1074.37	   1115.98	   1148.13	   1191.86	   1211.71	   1228.22	   1245.19	   1264.41	   1278.51	   1294.28	   1307.78	   1321.05	   1337.61	   1355.32	   1363.57	   1307.23	   1273.15	   1266.67	   1240.06	   1232.87	   1224.46	   1244.35	   1305.38	   1328.53	   1352.61	   1372.95	    1371.4	   1349.67	   1346.31	   1345.72	   1351.55	
   708.609	   705.959	   717.037	   746.694	   790.268	   838.518	   889.979	   940.618	   988.615	   1034.18	   1078.76	   1122.97	   1163.82	   1190.78	   1215.86	   1234.34	   1243.76	   1277.34	   1334.03	   1364.69	   1370.62	   1350.66	   1330.96	   1318.23	   1298.68	   1274.07	   1251.18	   1236.48	   1233.12	   1237.05	   1243.31	   1243.95	   1234.42	   1212.67	   1228.42	   1394.36	   1272.16	   966.527	   980.794	   1012.91	   1057.97	   1106.43	   1150.05	   1183.97	   1229.87	   1251.21	   1269.14	   1287.57	   1308.28	   1323.72	   1340.91	   1355.77	   1370.42	   1388.48	   1407.75	   1417.21	   1359.54	   1324.94	   1318.99	   1292.06	   1285.33	   1277.33	   1298.83	   1363.29	    1388.3	   1414.31	   1436.47	   1435.76	   1413.92	   1411.32	   1411.64	
   782.312	    770.03	   765.217	   775.219	    805.11	   849.608	   903.476	   954.826	   1005.25	   1052.45	   1096.72	   1139.67	   1180.46	   1207.87	   1244.82	   1270.34	   1274.85	   1317.48	   1380.02	   1410.97	   1419.29	   1400.06	   1381.55	   1379.05	   1365.79	   1345.59	   1320.08	   1296.22	   1280.34	   1276.26	   1279.63	   1285.43	   1285.61	   1275.21	   1321.53	   1512.56	   1360.77	   1014.07	   1007.32	   1022.77	   1056.81	   1104.37	   1155.53	   1201.71	   1237.78	   1286.42	   1309.45	   1328.94	   1348.91	   1371.29	   1388.19	   1406.92	   1423.23	   1439.32	   1459.01	   1479.99	   1490.65	   1430.71	   1394.96	   1389.33	    1361.6	   1355.11	   1347.26	   1370.53	   1439.15	   1466.19	   1494.34	   1518.44	   1518.42	   1496.06	   1494.04	
   858.807	   847.399	    832.13	   824.981	   833.711	   863.559	   913.425	   967.643	   1018.96	   1068.87	   1115.01	   1157.75	   1197.28	   1224.36	   1271.24	   1303.87	   1306.15	   1358.12	    1425.8	   1457.58	   1471.13	   1450.21	    1427.9	   1433.77	   1430.72	   1416.63	    1395.3	   1368.12	   1342.39	      1325	   1319.71	   1322.14	   1327.23	   1326.44	   1411.37	   1652.29	   1473.82	    1085.6	   1060.42	   1053.94	   1070.63	   1106.75	   1157.07	   1211.21	   1260.16	   1298.59	   1350.23	   1375.07	   1396.15	   1417.78	   1441.95	   1460.38	   1480.77	   1498.61	   1516.23	   1537.65	   1560.43	   1572.34	   1509.78	   1472.68	   1467.33	   1438.61	   1432.31	   1424.57	    1449.7	   1522.85	   1552.05	   1582.45	   1608.62	   1609.25	   1586.22	
   930.613	   926.525	   912.434	   894.335	    884.93	   892.404	   926.887	   977.587	   1032.47	   1083.87	   1133.42	   1178.68	   1218.48	   1243.18	   1295.66	   1335.29	    1339.5	   1397.83	    1468.7	   1504.47	   1522.33	      1504	   1477.85	   1487.39	   1494.27	      1492	   1478.19	   1456.17	   1428.03	   1401.47	    1383.5	    1378.2	    1381.1	   1386.71	    1482.6	    1780.7	   1597.92	    1172.5	   1135.43	   1109.67	   1103.39	   1121.32	   1159.61	   1212.79	   1270.01	   1321.85	   1362.71	   1417.49	   1444.12	   1466.85	   1490.17	   1516.19	   1536.19	   1558.26	   1577.67	   1596.86	   1620.04	   1644.67	   1657.84	   1592.49	   1553.93	   1548.82	   1519.04	   1512.89	   1505.21	   1532.26	   1610.07	   1641.47	   1674.19	   1702.45	   1703.72	
   988.307	   1001.56	   995.557	   979.067	   958.244	   946.639	   957.485	    992.71	   1044.44	   1100.26	   1152.05	   1201.58	   1244.57	   1267.05	   1318.41	    1364.9	   1376.87	   1436.32	   1506.58	   1551.25	   1573.52	   1558.68	   1536.34	   1545.82	   1556.38	    1564.3	   1562.61	   1547.84	   1524.82	   1495.46	   1467.68	   1448.92	   1443.54	   1446.69	   1557.74	   1878.59	   1710.02	   1277.99	   1238.92	   1200.33	   1173.61	   1167.43	   1186.85	   1227.79	   1284.52	   1345.57	   1400.99	   1444.83	   1503.41	   1532.21	   1556.89	   1582.23	   1610.45	   1632.31	   1656.37	   1677.63	   1698.65	   1723.93	   1750.74	   1765.38	   1696.39	   1655.86	   1650.96	   1619.73	   1613.67	   1605.96	   1635.31	   1718.85	   1752.91	   1788.39	   1819.16	
   1033.85	   1062.76	   1075.49	    1067.9	      1049	   1025.37	   1015.86	   1026.57	   1062.24	    1115.2	   1172.19	    1224.6	   1272.58	   1294.57	   1341.09	   1392.91	   1418.13	   1474.48	   1539.44	   1596.74	   1624.62	   1615.15	   1600.36	   1610.67	   1619.02	   1628.59	    1635.3	   1630.52	   1612.84	   1586.67	   1553.87	   1522.79	   1501.25	   1493.49	   1641.11	   1987.09	   1804.12	    1372.9	   1339.01	   1298.79	   1258.99	   1231.57	   1225.66	   1246.57	    1290.1	   1350.24	   1415.01	   1473.93	   1520.69	   1583.01	   1614.05	   1640.79	   1668.25	   1698.78	   1722.62	   1748.82	   1772.06	   1795.07	    1822.6	   1851.76	   1868.05	   1795.83	   1753.68	    1749.2	   1716.82	   1711.08	   1703.58	   1735.39	   1824.74	   1861.64	   1900.08	
   1075.47	   1110.72	   1140.23	   1152.77	   1143.44	   1121.89	   1099.29	   1088.45	   1098.09	   1134.12	   1188.26	   1246.37	   1297.75	   1320.98	   1362.81	   1420.84	   1460.67	    1511.7	   1569.23	   1639.52	   1673.29	   1672.05	   1667.87	   1677.94	   1686.71	   1693.52	   1701.48	   1704.56	   1696.78	   1675.64	   1645.63	   1608.86	   1574.08	    1549.1	   1709.43	   2110.05	    1913.5	   1446.33	   1425.03	   1390.55	   1349.43	   1308.68	   1280.75	   1275.12	   1297.37	   1343.17	   1406.32	   1474.35	   1536.31	   1585.68	   1651.32	   1684.39	   1713.02	   1742.43	   1775.07	   1800.75	   1828.92	   1854.02	   1878.88	    1908.5	   1939.83	   1957.69	   1882.77	   1839.31	   1835.32	   1802.04	   1796.69	   1789.49	   1823.57	   1918.16	   1957.67	
   1118.54	    1152.5	   1188.66	      1219	   1231.06	   1219.63	   1198.86	   1173.63	   1160.21	   1168.43	   1204.44	   1259.35	   1316.98	   1341.53	   1381.09	   1447.58	   1501.98	   1546.08	   1597.44	   1678.68	   1716.96	   1725.82	   1733.92	   1745.31	   1754.83	   1763.13	    1769.3	   1774.48	   1776.01	   1766.25	   1742.53	   1709.64	   1669.91	   1632.18	   1776.04	   2219.36	   2030.14	   1526.03	   1516.79	   1495.05	   1459.43	    1416.8	   1374.51	   1345.62	   1340.11	   1363.88	   1412.43	   1479.27	   1551.25	   1616.91	   1669.37	   1739.01	    1774.4	   1805.15	   1836.75	   1871.78	   1899.48	   1929.82	   1956.94	   1983.83	   2015.73	   2049.46	   2068.96	   1990.38	   1945.01	   1941.34	   1906.66	   1901.52	   1894.41	   1930.99	   2031.68	
   1166.59	   1192.62	   1227.27	    1264.4	   1295.19	   1306.38	      1296	   1271.95	    1243.2	    1226.9	   1233.33	   1268.83	   1323.33	   1355.41	   1394.56	   1470.36	   1537.61	   1577.81	    1625.2	   1713.33	   1755.11	   1774.21	   1792.96	   1808.05	    1819.5	   1829.16	   1837.48	    1841.2	   1845.59	   1846.19	   1834.99	   1809.32	    1774.3	    1732.1	   1882.93	   2341.61	   2133.74	   1607.92	   1605.82	    1596.6	   1574.18	   1537.11	   1492.64	   1448.48	   1418.37	   1412.88	   1438.26	   1489.79	   1560.59	   1636.88	   1706.55	   1762.33	   1836.29	   1874.13	   1907.08	   1940.96	   1978.49	   2008.28	   2040.88	   2070.08	   2099.04	   2133.32	   2169.52	   2190.67	   2107.95	   2060.35	   2056.89	   2020.56	   2015.51	   2008.36	   2047.53	
    1223.9	   1235.79	   1261.96	   1297.16	   1334.83	    1365.6	   1378.79	   1364.72	   1337.24	   1304.82	   1285.42	   1289.72	   1324.16	   1357.75	   1404.71	   1487.27	   1562.91	   1604.92	   1654.69	   1742.94	    1787.2	   1817.12	   1842.32	   1863.36	   1880.04	   1893.14	   1904.39	   1911.61	   1916.12	   1921.39	   1922.66	   1911.71	   1885.84	   1850.13	   2019.86	   2512.65	   2249.65	   1680.57	   1674.86	   1673.31	   1664.33	   1641.56	   1603.52	   1557.68	   1512.11	   1481.18	   1475.93	   1502.93	   1557.24	   1631.75	   1712.06	   1785.52	   1844.51	   1922.58	    1962.9	   1998.13	   2034.36	   2074.44	   2106.44	   2141.41	   2172.83	   2204.02	   2240.79	   2279.61	   2302.61	   2216.41	   2167.07	   2164.13	   2126.58	   2121.92	   2115.04	
      1289	    1288.5	   1299.81	   1325.83	    1361.2	   1398.97	   1432.42	   1442.17	    1425.2	   1394.19	   1358.04	   1335.41	   1337.69	   1358.37	    1407.8	   1500.13	   1576.71	   1624.62	   1684.71	   1769.95	   1813.74	   1855.25	   1883.69	   1912.33	   1937.73	   1958.94	   1976.56	    1989.2	   2000.34	   2008.81	   2018.11	   2023.37	   2015.99	   1992.82	   2187.74	   2722.21	   2415.41	   1766.36	   1750.23	      1745	   1744.08	   1735.38	   1712.32	   1673.27	   1626.04	   1579.05	   1547.32	   1542.39	   1571.14	   1628.47	   1706.99	   1791.65	   1869.21	   1931.69	   2014.22	   2057.26	   2095.01	   2133.84	   2176.74	    2211.2	    2248.8	   2282.69	   2316.35	   2355.91	   2397.63	   2422.74	    2332.9	    2281.8	   2279.52	   2240.75	   2236.62	
   1359.82	   1351.01	   1349.62	   1360.12	   1385.93	   1421.35	   1462.15	   1492.76	   1500.84	   1481.02	   1446.58	   1406.81	   1381.66	   1378.48	   1414.82	   1506.06	   1584.46	   1637.78	   1712.66	   1795.98	   1840.56	   1891.72	   1921.38	   1957.89	   1991.75	   2022.63	    2049.3	   2068.58	   2086.07	   2102.19	   2115.56	      2130	   2140.44	   2137.53	   2386.22	   2973.25	   2619.68	   1889.94	   1856.69	   1840.36	   1835.43	   1835.02	   1826.44	    1802.7	   1762.09	   1712.85	   1663.83	   1630.86	    1626.1	   1656.84	   1717.76	   1801.07	   1890.93	   1973.35	   2039.91	    2127.7	   2173.81	   2214.38	   2256.11	   2302.17	   2339.32	   2379.82	   2416.41	   2452.77	   2495.38	   2540.29	    2567.6	   2473.07	   2419.54	   2417.74	   2377.22	
   1426.81	   1421.98	   1412.52	   1410.25	   1420.35	   1446.33	   1485.29	    1524.5	   1554.98	   1561.86	   1539.64	    1502.2	    1459.9	   1437.01	   1446.69	   1516.99	   1587.05	   1650.97	    1737.8	   1821.76	    1872.6	   1933.42	   1961.09	   2005.19	   2046.75	   2085.89	   2122.08	   2149.43	   2173.26	    2195.4	   2216.15	    2234.2	   2253.62	   2268.86	      2573	   3258.74	      2862	   2040.21	   1993.04	   1958.55	   1941.83	   1937.13	   1937.18	   1928.58	   1903.95	    1861.5	   1809.91	   1758.54	   1724.07	   1719.42	   1752.31	   1817.14	    1905.7	   2001.24	   2088.97	   2159.95	   2253.45	   2302.85	   2346.41	   2391.23	   2440.65	   2480.65	    2524.2	   2563.63	   2602.82	   2648.64	   2696.92	   2726.51	   2626.68	   2570.34	   2568.93	
   1480.21	   1490.95	   1486.57	   1476.71	   1474.35	   1484.87	   1515.03	   1554.33	   1594.99	   1626.43	   1633.12	   1609.34	   1570.28	   1535.46	   1519.99	   1553.98	   1599.05	   1663.45	   1763.17	   1848.22	   1910.78	   1982.57	   2009.23	   2059.53	   2109.39	   2156.95	   2202.15	   2238.98	   2271.61	   2300.74	   2328.14	   2354.29	   2377.82	   2402.88	   2731.42	   3537.55	   3136.68	   2222.55	   2171.26	   2122.48	    2087.1	   2070.58	   2066.85	   2068.16	   2060.18	   2035.06	   1990.85	    1936.8	   1882.89	   1847.03	   1843.06	   1879.34	   1949.93	   2046.07	    2149.8	   2245.25	   2322.78	   2424.62	   2479.08	   2527.29	   2576.89	    2631.5	   2675.95	   2724.28	   2768.17	    2811.8	   2862.63	    2916.1	   2949.38	   2842.58	   2782.75	
   1507.04	   1547.01	      1560	   1556.51	   1547.27	   1545.86	   1561.09	   1593.62	   1635.82	   1679.44	   1713.36	   1721.22	    1697.7	   1668.02	   1633.19	   1633.27	   1642.56	   1687.27	   1784.04	      1878	   1953.72	   2035.98	   2065.45	   2122.48	   2177.45	   2232.22	   2284.67	   2328.59	   2369.44	   2406.01	   2438.88	   2470.07	   2500.13	   2527.44	   2880.49	   3760.47	   3373.15	   2416.38	   2373.45	    2320.4	   2269.91	   2233.64	   2217.52	   2215.03	   2217.89	   2210.79	   2185.27	   2139.21	   2082.49	   2025.84	   1988.52	   1985.51	   2025.86	   2103.26	   2208.33	   2321.73	   2426.31	   2511.64	   2623.35	   2683.91	   2737.74	   2793.14	      2854	    2903.9	   2958.03	   3007.37	   3056.46	   3113.39	   3173.22	   3211.08	   3096.36	
   1508.35	   1575.87	   1620.45	   1636.11	   1634.51	   1626.87	   1630.69	   1649.66	   1685.96	   1732.54	    1780.7	   1818.66	   1829.87	   1813.83	   1776.71	   1751.32	    1733.1	   1742.93	   1811.02	   1904.23	   2000.79	   2088.44	   2123.19	   2190.29	   2251.16	   2310.03	   2368.71	   2418.41	   2465.24	   2508.91	   2548.01	   2583.28	   2616.93	   2649.35	    3033.9	   3951.87	   3552.02	   2593.39	    2561.6	   2517.65	   2462.86	    2410.7	   2373.59	   2357.81	   2356.48	   2360.84	   2354.61	   2328.75	   2280.95	   2221.72	    2162.5	   2123.86	   2121.82	   2166.15	   2250.15	   2363.87	   2486.64	    2600.1	   2693.04	   2814.39	   2880.95	   2940.36	    3001.5	   3068.58	   3123.91	   3183.85	   3238.66	   3293.25	   3356.31	   3422.54	   3465.09	
   1486.37	   1577.89	    1651.7	    1700.9	   1719.87	   1720.73	   1718.59	   1726.98	   1749.49	    1790.4	    1842.3	   1895.99	   1939.44	   1954.26	    1925.5	   1896.67	   1864.81	   1845.15	   1866.26	   1936.45	   2040.59	    2136.9	   2175.02	   2255.26	   2327.04	    2392.4	    2455.7	   2512.05	    2565.3	   2615.61	   2662.53	    2704.7	   2742.97	   2779.49	   3187.62	   4133.91	   3719.25	   2753.83	   2741.21	   2709.07	      2664	   2607.39	    2553.5	   2515.45	   2499.94	   2499.75	    2505.6	   2500.21	   2473.97	   2424.38	    2362.6	   2300.75	   2260.74	   2259.67	   2307.99	   2398.66	   2521.11	   2653.33	   2775.74	   2876.34	   3007.41	   3080.01	   3145.02	   3211.94	   3285.26	   3346.05	   3411.82	   3472.13	   3532.22	   3601.44	   3674.09	
   1461.29	   1554.75	   1653.19	   1732.64	   1786.45	   1808.58	   1815.24	   1817.79	   1828.77	   1854.68	   1900.08	   1957.18	   2015.62	   2058.13	   2060.34	   2043.51	   2022.88	   1986.66	   1967.62	   1997.06	   2079.21	   2169.74	   2218.27	   2307.55	   2391.86	   2467.31	   2535.96	   2595.32	   2654.01	   2709.46	   2761.69	    2810.4	   2854.17	   2893.74	   3334.53	   4292.29	   3875.82	   2909.73	   2915.33	   2903.33	   2870.61	   2824.12	   2765.34	   2709.35	    2670.1	   2654.74	   2655.64	   2662.97	   2658.36	   2631.57	   2579.92	   2515.23	   2450.42	   2408.82	   2408.68	   2461.21	   2558.94	   2690.69	   2832.98	   2964.89	   3073.62	   3214.99	   3293.93	   3364.82	   3437.78	   3517.66	   3584.14	   3655.99	   3722.02	   3787.85	   3863.48	
   1458.23	    1527.7	   1626.98	    1731.1	   1815.45	   1872.99	   1901.09	   1912.41	   1916.15	   1928.73	   1956.98	   2005.72	   2064.27	   2118.65	    2153.9	   2174.98	   2177.72	   2151.05	   2110.15	   2103.97	   2137.92	   2196.55	   2243.52	   2345.26	   2437.53	   2524.55	   2602.14	   2665.06	   2725.19	   2784.54	   2840.33	   2892.71	   2941.39	   2984.76	   3464.65	   4437.05	   4018.48	   3052.42	   3064.36	   3071.36	   3059.78	   3026.32	   2978.31	   2917.27	   2859.09	   2818.54	    2803.2	   2805.03	   2813.66	   2809.69	   2782.27	   2728.54	   2660.98	   2593.25	   2550.04	    2550.7	   2607.15	   2711.55	   2852.06	   3003.84	   3144.71	   3261.06	   3412.13	   3497.01	   3573.38	      3652	   3737.98	   3809.78	    3887.3	   3958.66	   4029.82	
   1508.17	   1523.67	   1596.43	   1700.06	   1808.73	   1896.69	   1960.46	   1993.53	   2004.99	   2008.49	   2021.18	   2050.16	    2095.5	   2150.53	   2207.11	   2267.47	   2311.98	    2308.7	   2280.46	   2252.56	   2236.42	   2244.58	   2264.97	    2366.3	   2474.91	   2573.81	   2667.36	   2743.58	   2811.72	   2877.06	   2941.64	    3002.6	   3060.16	   3113.86	   3601.86	   4626.99	   4202.14	   3206.71	   3216.93	   3230.64	   3239.12	   3227.97	   3193.74	   3144.09	   3080.59	    3020.1	   2978.19	   2962.91	    2965.8	   2975.89	   2972.67	   2944.63	   2888.73	   2818.15	   2747.34	   2702.46	   2704.07	   2764.85	   2876.53	   3026.62	   3188.77	   3339.46	    3464.2	   3625.92	   3717.38	   3799.84	   3884.75	   3977.55	   4055.29	   4139.17	   4216.53	
   1612.35	   1574.88	   1590.01	   1664.84	   1771.75	   1883.72	   1977.82	   2047.63	   2080.36	   2090.54	   2092.39	    2103.7	   2124.49	   2170.78	   2239.92	   2324.42	      2402	   2442.97	   2449.25	   2428.71	   2370.58	   2337.08	   2312.76	   2386.65	   2497.14	   2615.78	   2724.59	   2820.86	   2906.15	   2983.21	   3057.53	   3131.37	   3201.71	   3268.63	   3756.92	   4831.66	   4416.99	   3375.76	   3391.26	   3403.04	   3418.48	   3428.37	   3417.51	   3382.15	    3330.4	   3263.97	   3200.69	   3157.11	   3141.76	   3145.68	   3157.27	   3154.74	   3125.88	   3067.43	   2993.36	      2919	   2872.17	   2874.73	   2940.22	   3059.91	   3220.55	   3394.14	   3555.63	   3689.59	   3863.03	    3961.7	   4050.85	   4142.65	   4242.93	   4327.19	   4418.05	
   1750.56	   1681.57	   1640.64	    1654.7	   1730.82	   1840.06	    1958.1	   2059.05	   2128.91	   2160.18	      2168	   2167.14	   2167.23	      2196	   2267.81	   2363.05	   2450.16	   2527.55	   2595.15	   2597.79	   2524.39	   2468.17	   2408.17	   2430.93	   2509.79	   2627.25	   2753.38	      2863	   2965.68	   3056.97	   3139.66	   3219.63	   3299.25	   3375.24	    3906.6	   5010.98	   4584.07	   3523.46	    3542.2	   3559.22	   3572.33	   3589.28	   3600.41	   3589.72	   3553.24	   3499.54	   3430.39	   3364.55	   3319.42	   3303.98	   3308.81	   3321.73	   3319.81	   3290.19	   3229.42	   3152.17	   3074.59	   3025.98	   3029.41	   3099.17	   3226.13	   3396.34	   3580.31	   3751.61	   3893.93	   4078.03	   4183.26	   4278.49	   4376.57	   4483.65	   4573.85	
    1892.2	   1821.92	   1748.04	   1703.55	    1716.2	   1793.11	   1907.81	    2033.1	   2134.73	   2203.96	   2233.16	   2238.08	   2225.45	   2241.37	   2303.53	   2394.92	   2474.96	   2564.29	   2684.99	   2734.35	   2663.36	   2619.33	   2542.02	   2522.77	   2549.06	   2634.25	   2760.07	   2890.53	   3008.39	   3119.23	   3218.24	   3308.45	   3396.03	   3483.39	   4041.07	   5200.17	   4744.77	   3645.61	   3666.32	   3686.44	   3704.77	   3719.02	   3737.29	   3749.49	    3738.9	   3701.47	   3646.08	   3574.59	   3506.57	   3460.13	   3444.65	   3450.31	   3464.43	   3463.08	   3432.86	   3370.11	   3290.16	   3209.83	   3159.73	   3163.96	   3237.51	   3370.86	   3549.48	   3742.57	   3922.51	   4072.22	   4265.72	   4376.77	   4477.42	    4581.1	   4694.25	
   2002.63	   1963.28	    1888.7	   1810.35	   1762.54	   1773.88	   1855.19	   1976.52	   2103.49	   2205.74	   2274.34	   2301.57	   2296.74	   2306.53	   2358.89	   2431.18	   2491.81	    2575.6	   2719.34	   2806.09	   2768.41	   2755.72	   2694.81	   2655.25	   2640.33	    2673.1	    2767.8	    2902.9	   3045.88	   3176.12	   3299.36	   3410.59	   3512.95	   3612.85	   4153.41	   5338.11	   4906.37	   3788.69	   3816.71	   3838.79	   3860.25	   3879.83	   3895.15	   3914.65	   3927.74	   3916.98	   3878.09	   3820.39	   3745.86	   3674.94	   3626.64	    3610.8	   3617.14	   3632.36	   3631.38	   3600.12	   3534.75	   3451.33	   3367.49	   3315.35	   3320.23	   3397.86	    3538.3	   3726.32	   3929.58	    4119.1	   4276.92	   4480.79	    4598.1	   4704.51	   4814.14	
   2049.17	   2067.99	   2026.77	   1948.64	   1866.68	   1816.26	   1830.36	   1916.47	   2039.98	   2169.06	   2272.48	   2341.13	   2362.53	   2384.39	   2429.07	   2482.73	   2514.56	   2579.85	   2722.27	   2817.86	   2813.19	   2857.83	   2830.23	   2803.83	   2765.25	   2752.32	   2789.08	   2889.85	   3033.54	   3185.74	    3324.8	    3456.8	   3576.48	   3687.01	   4266.11	   5443.04	   5006.68	   3921.98	   3961.31	   3992.36	   4017.21	   4041.39	   4063.64	   4081.41	   4103.53	   4118.95	   4109.34	   4070.21	   4011.33	   3934.71	   3861.84	   3812.68	   3797.63	   3805.91	   3823.54	   3824.14	   3792.84	   3725.56	   3639.19	    3552.3	   3498.79	   3505.42	   3588.92	   3738.85	   3939.21	   4155.87	   4358.15	   4527.05	   4744.85	   4871.11	   4985.91	
   2097.32	   2106.45	   2126.34	   2083.55	   2002.81	   1918.13	   1869.32	   1885.42	   1973.33	   2099.55	   2231.36	   2336.72	   2403.88	   2453.22	   2505.46	   2545.65	   2556.65	   2594.04	   2716.48	   2799.79	   2807.44	   2900.29	   2930.25	   2933.56	   2906.42	   2866.67	    2853.5	   2892.47	   2997.07	   3146.23	   3304.18	   3448.53	   3585.62	   3709.91	   4341.12	   5569.63	   5097.67	   4002.75	   4047.39	    4090.6	   4125.28	   4153.58	   4181.23	   4206.87	   4227.86	   4253.39	      4272	   4264.66	   4226.69	   4168.14	   4091.07	    4017.8	   3969.14	   3955.94	   3967.06	   3987.94	   3991.08	   3960.91	   3893.11	   3805.25	   3716.74	   3663.05	   3672.31	   3762.15	   3921.79	   4134.57	   4364.72	   4580.04	   4760.52	   4992.66	   5128.69	
   2150.11	   2151.34	   2161.98	   2182.63	   2138.89	   2056.16	   1972.72	   1923.78	   1940.38	   2030.71	   2160.37	   2295.76	   2403.06	   2496.93	   2570.35	   2616.61	   2618.55	   2636.51	    2726.1	   2781.31	   2785.49	   2898.24	   2975.01	   3037.45	   3044.38	   3019.67	   2981.73	   2972.53	   3016.37	   3128.84	   3288.07	   3456.81	   3611.69	   3759.21	   4370.41	   5658.11	   5234.07	   4098.29	   4162.36	   4222.43	   4281.24	   4331.33	   4374.87	   4417.85	   4458.79	    4494.9	   4535.94	   4569.68	   4575.71	   4548.64	   4499.05	   4428.96	   4362.44	   4322.19	    4320.3	   4344.89	   4380.22	   4396.05	   4375.04	   4312.08	   4226.34	   4139.26	   4090.45	   4111.71	   4223.41	   4414.11	   4665.61	    4937.9	   5194.56	    5412.7	   5690.61	
   2114.04	   2200.44	   2203.73	   2215.91	   2238.38	    2194.8	    2114.4	   2031.04	   1981.88	   2000.07	   2094.19	   2228.93	   2368.92	   2499.85	   2611.42	   2681.35	   2699.13	   2709.88	   2773.96	   2789.45	   2776.47	   2889.13	   2983.57	   3095.94	   3165.15	   3176.57	   3154.86	   3120.47	   3114.66	   3164.48	   3286.47	   3457.91	   3639.77	   3807.36	   4402.73	   5718.21	   5353.65	   4196.63	   4285.44	   4365.11	   4440.81	   4515.42	   4581.04	   4639.87	   4698.18	   4754.46	   4805.69	    4862.3	   4911.25	   4930.37	   4913.65	   4872.25	    4808.2	   4747.54	   4715.07	   4724.23	   4762.29	   4812.16	   4840.62	   4828.37	   4769.49	   4684.92	   4598.33	    4553.8	    4587.1	   4721.49	   4944.78	   5237.05	   5553.67	   5853.74	   6111.26	
   2054.25	   2161.52	    2252.4	   2258.15	   2273.07	   2298.62	   2259.49	   2181.45	   2097.91	   2049.48	   2070.56	   2170.24	   2310.26	   2469.51	   2612.36	   2726.31	   2780.78	   2810.14	   2861.15	   2844.23	   2801.73	    2899.5	   2991.48	   3120.82	   3238.87	   3311.79	   3324.16	   3302.88	    3267.1	   3261.28	   3313.69	   3441.73	   3621.62	   3812.42	   4419.88	   5762.41	   5427.02	   4270.79	   4361.57	   4455.24	   4539.42	   4619.51	    4698.5	   4768.14	    4830.7	   4892.77	   4952.76	   5007.54	   5068.03	   5120.57	   5142.02	   5126.07	   5084.35	   5018.97	   4957.09	   4924.62	   4935.63	   4976.87	   5030.48	   5061.74	   5050.44	   4990.34	   4903.33	   4814.12	   4768.93	   4805.23	   4947.49	   5183.02	   5491.03	   5824.75	    6141.3	
   1993.47	    2103.3	   2215.35	   2311.69	   2320.77	   2339.35	   2372.06	   2339.44	      2262	   2178.67	   2131.56	   2156.55	   2259.25	   2412.38	   2578.77	   2730.51	   2843.43	   2913.99	   2979.37	   2941.52	   2875.22	   2946.98	   3021.22	   3144.25	    3278.3	   3400.37	   3474.91	   3485.98	    3461.5	   3421.88	   3413.66	   3466.43	   3598.29	   3784.17	   4409.04	    5761.6	      5465	   4331.84	   4425.82	   4521.61	   4620.43	   4709.46	   4794.29	   4878.01	   4952.02	   5018.74	   5084.99	   5149.13	   5207.99	   5272.84	   5329.45	   5353.72	   5339.03	   5297.48	   5231.22	   5168.57	   5136.56	   5149.91	   5194.83	    5252.7	   5287.28	    5277.4	   5216.52	   5127.43	   5035.99	   4990.52	   5030.36	   5181.18	   5429.83	   5754.61	    6106.6	
   1928.74	   2045.59	   2159.77	   2278.24	   2380.88	   2393.76	   2419.51	   2463.62	   2433.44	   2356.64	   2273.52	    2227.9	   2251.29	   2359.13	      2514	   2694.76	   2858.62	   2993.85	   3097.79	   3066.39	    2986.9	   3040.95	   3085.27	   3183.58	    3309.4	   3446.56	   3570.85	    3643.5	   3650.88	   3621.05	   3575.47	   3562.83	   3613.87	   3747.21	   4358.76	   5722.85	   5458.48	   4363.27	   4475.04	   4574.14	   4675.16	    4779.4	   4873.56	   4963.42	   5052.15	   5130.88	   5202.11	   5272.92	   5341.71	   5405.07	    5474.7	    5535.8	   5563.34	   5550.39	   5509.46	    5442.8	   5379.84	   5348.74	   5364.87	   5413.93	   5476.55	   5514.91	   5506.93	   5445.68	   5354.92	   5261.63	   5216.31	   5260.14	   5420.13	   5682.64	   6025.08	
    1616.7	   1981.77	   2102.67	   2223.07	   2348.23	   2457.41	   2476.87	   2513.94	   2563.03	    2535.1	   2458.63	   2375.38	   2324.69	   2343.42	   2446.34	   2618.16	   2821.65	   3013.22	   3180.32	   3180.66	   3115.77	   3164.99	   3187.59	   3246.96	   3345.75	   3473.18	   3612.16	   3733.54	   3804.31	    3806.8	   3770.52	   3717.98	   3699.84	   3747.85	   4297.68	    5631.7	   5414.12	   4357.63	   4503.29	   4632.33	   4748.89	   4868.05	   4991.17	   5104.34	   5213.51	   5322.03	   5420.52	   5511.55	   5602.69	    5692.1	   5776.12	   5867.23	    5949.6	   5996.14	   5999.07	   5971.58	   5915.85	   5863.74	   5846.08	      5880	   5950.21	   6035.65	   6094.66	   6102.52	   6051.13	   5966.47	    5878.4	    5843.5	   5908.45	   6104.46	   6417.19	
   1320.31	   1653.86	   2028.99	   2155.64	   2282.12	   2413.84	   2532.19	   2559.75	   2601.38	   2655.58	   2630.18	    2554.4	   2468.16	   2403.98	   2410.19	   2530.25	   2731.31	   2965.54	   3186.07	   3244.99	   3220.63	   3294.11	   3308.26	   3337.28	   3395.16	   3494.05	   3622.55	   3756.18	   3877.67	   3946.34	   3944.04	   3901.61	   3842.49	   3819.04	   4278.78	   5525.63	   5318.28	   4320.11	   4491.23	   4654.03	   4800.33	   4934.31	   5071.56	   5213.51	    5345.6	   5474.02	   5602.27	   5720.44	    5831.3	   5942.68	   6052.64	   6157.23	   6269.78	   6373.34	   6438.76	   6457.38	   6443.11	   6398.07	   6356.59	   6352.21	   6403.85	   6495.21	   6603.51	   6683.18	   6706.85	    6665.2	   6586.49	   6503.51	   6478.97	   6565.14	   6797.49	
   1048.65	    1339.5	   1681.03	   2065.16	   2197.06	   2329.16	   2469.58	   2592.42	   2624.27	   2670.68	   2730.16	    2707.9	   2636.49	   2529.75	   2446.86	   2469.96	   2622.94	    2853.9	   3112.39	   3221.69	   3264.69	   3387.12	   3423.27	   3436.82	   3463.92	   3520.85	   3620.11	    3740.3	      3875	   3996.95	   4064.22	   4058.29	    4011.1	   3946.82	   4338.87	   5472.62	   5206.48	   4239.74	    4433.9	   4610.34	   4778.28	   4929.31	   5067.71	   5209.51	   5356.15	   5492.67	   5625.46	   5758.12	   5880.61	   5995.62	    6111.2	   6225.35	   6334.03	   6450.94	   6558.64	   6627.11	   6647.42	   6633.87	   6588.64	   6547.07	   6543.72	   6598.12	   6693.49	   6806.39	   6889.82	   6915.55	   6873.93	   6794.08	   6709.79	   6685.79	   6776.06	
   808.737	   1055.51	   1353.41	   1700.17	   2090.94	   2227.32	   2366.76	   2502.26	   2630.62	    2666.7	   2717.73	   2782.27	   2775.12	   2677.12	   2547.31	   2483.57	   2543.06	   2721.91	   2970.26	   3116.46	   3217.54	   3411.88	   3495.88	   3526.68	   3538.98	   3565.19	      3622	   3710.31	    3831.8	   3968.05	   4091.09	   4158.03	   4149.99	   4099.73	   4460.84	   5518.58	   5142.72	   4144.88	   4332.06	   4531.99	    4713.9	    4887.2	    5043.3	   5186.55	   5333.33	   5485.15	   5626.69	   5764.48	   5902.38	   6029.94	    6149.9	   6270.52	   6389.75	   6503.45	   6625.68	   6738.53	   6811.13	   6834.24	   6822.55	   6778.26	   6737.73	   6736.53	   6794.84	   6895.41	   7014.13	   7102.57	   7131.59	   7091.16	   7011.24	    6926.7	   6904.36	
   604.873	   808.326	   1062.04	   1362.24	   1712.28	   2107.51	   2250.01	   2375.32	   2515.29	   2648.41	   2688.48	   2743.83	   2832.88	   2793.46	    2668.9	   2562.76	   2541.43	   2621.73	   2810.59	   2947.15	   3091.49	   3342.93	   3498.95	   3574.41	   3605.24	    3617.2	   3643.33	   3687.27	    3776.6	   3899.71	    4037.8	   4162.39	    4229.8	   4220.84	   4608.07	   5639.98	   5169.54	   4086.43	   4214.93	   4407.31	   4612.82	   4800.11	   4978.78	   5140.05	   5288.31	    5440.3	   5597.54	   5744.41	   5887.75	   6031.32	   6164.41	   6289.83	   6416.05	   6540.95	    6660.3	    6788.5	   6907.19	    6984.7	   7011.51	   7002.61	   6960.23	   6921.68	   6923.55	   6986.64	   7093.28	   7218.71	   7313.09	   7346.36	   7308.09	   7229.07	   7145.22	
   438.699	    601.63	   812.148	   1066.39	   1367.67	   1719.53	   2119.93	    2244.2	   2372.65	   2516.14	   2653.08	   2696.56	   2778.06	   2829.57	   2760.23	   2664.24	   2608.56	   2605.65	   2689.22	   2767.62	   2907.89	   3197.11	    3410.6	   3555.83	    3632.2	   3663.34	   3675.35	   3687.24	   3731.61	   3821.97	   3946.54	   4086.26	    4212.3	   4280.39	   4716.12	   5789.07	   5263.84	   4097.88	   4133.54	   4265.22	   4461.71	   4671.64	   4863.23	    5046.2	   5211.62	   5363.95	   5520.16	   5681.82	   5833.26	   5981.19	   6129.44	   6267.14	   6397.14	   6528.03	   6657.69	   6781.79	      6915	   7038.63	   7120.36	   7150.42	   7144.08	   7103.57	   7066.95	    7071.6	   7138.83	   7250.66	   7381.81	   7481.31	   7518.35	   7482.19	   7404.27	
   308.782	   435.811	   605.301	   815.755	   1070.24	   1372.19	   1727.84	   2115.03	   2241.51	   2372.42	   2518.67	   2658.62	   2720.49	   2761.08	   2781.91	   2746.18	   2708.13	   2671.63	   2667.44	   2642.48	   2730.08	   3006.85	   3259.03	   3459.06	   3604.76	    3680.8	   3711.12	   3705.99	    3716.8	   3760.38	   3850.32	   3974.69	   4114.26	   4239.93	   4752.27	   5884.35	   5380.01	   4160.19	   4120.82	    4157.9	    4291.7	   4490.86	   4703.66	   4898.07	   5083.87	   5252.07	   5407.14	   5566.21	   5731.08	    5885.7	   6036.85	   6188.38	   6329.33	   6462.57	   6596.79	   6729.84	   6857.35	   6994.15	   7121.34	   7206.18	   7238.76	   7234.49	    7195.6	   7160.65	   7167.53	   7237.88	   7353.53	   7488.87	   7592.19	   7632.18	   7597.86	
   210.796	   306.636	   438.596	   607.805	   818.055	   1072.48	   1377.23	   1732.31	   2120.25	   2247.86	   2380.04	   2527.71	   2668.94	   2688.33	   2700.69	   2756.87	   2782.71	   2768.49	   2728.82	   2616.04	    2604.2	   2819.84	   3060.46	   3297.04	   3496.57	   3641.18	   3715.56	   3725.23	    3717.9	   3726.57	   3768.11	   3856.09	   3978.47	   4115.92	   4675.15	   5885.88	   5441.77	   4236.59	   4156.81	   4118.71	   4157.09	   4292.34	   4493.13	   4707.68	    4903.9	   5091.59	   5261.73	   5418.82	   5580.24	   5747.55	   5904.65	   6058.33	   6212.48	   6356.07	   6491.99	   6628.98	   6764.89	    6895.3	   7035.14	   7165.39	   7253.09	   7288.21	   7286.23	   7249.37	   7216.46	   7225.72	   7299.02	   7418.08	   7557.11	   7663.91	   7706.84	
   140.011	   215.066	   309.008	   440.817	   609.701	   819.389	   1075.66	   1396.58	    1749.8	   2135.34	   2261.11	   2391.27	   2515.58	   2613.43	   2606.24	   2653.28	   2769.53	   2826.54	   2809.39	   2659.25	   2562.67	   2674.05	   2854.14	   3076.98	   3311.88	   3509.52	   3652.13	   3702.32	   3710.06	   3700.85	   3707.58	   3747.03	   3832.66	   3952.42	   4504.96	   5744.46	   5412.64	   4266.62	    4203.9	   4126.19	   4089.85	   4129.55	   4265.67	    4467.1	   4682.35	   4879.48	   5068.24	   5239.64	   5398.39	   5561.57	   5730.71	   5889.74	   6045.46	   6201.73	   6347.55	   6485.81	   6625.23	   6763.66	    6896.7	   7039.26	   7172.32	   7262.86	   7300.77	   7301.52	   7267.29	   7237.01	   7249.02	   7325.33	   7447.66	   7590.16	   7700.39	
   89.7485	   143.829	   219.172	   308.002	   438.952	   606.462	   816.835	   1106.56	   1423.18	   1770.92	   2149.65	    2270.9	   2354.22	   2438.86	    2509.2	   2536.39	   2640.67	   2794.68	   2848.83	   2719.35	   2588.26	      2615	   2691.17	   2851.37	   3071.08	   3302.56	   3496.92	   3610.22	   3658.34	    3664.4	   3653.69	   3658.75	   3696.12	   3779.06	   4291.65	   5487.97	   5248.74	   4221.94	   4201.33	   4140.82	   4065.46	   4030.88	   4071.35	   4207.05	   4407.34	   4621.39	   4817.64	   5005.73	   5177.03	   5335.91	   5499.23	   5668.54	   5827.92	   5984.08	   6140.87	   6287.38	   6426.48	   6566.81	   6706.24	   6840.41	   6984.11	   7118.47	   7210.67	   7250.64	   7253.71	   7222.02	   7194.23	   7208.51	   7286.77	    7410.9	   7555.18	
   54.9339	   92.6414	   144.839	   219.103	   301.899	   430.556	   597.524	   855.072	   1138.06	   1446.56	   1784.59	   2151.89	   2208.55	    2258.5	   2317.71	   2417.85	   2499.64	   2646.54	   2796.52	   2737.56	   2628.13	   2622.86	   2618.75	   2670.32	   2826.85	   3041.73	   3268.01	      3427	   3537.03	   3583.01	   3587.72	   3575.96	   3579.65	      3615	    4068.3	   5179.81	   4977.87	   4069.35	   4122.25	   4103.27	    4045.2	   3972.58	   3939.83	   3980.54	   4114.54	   4311.88	   4522.78	   4716.34	   4902.29	   5071.86	   5229.32	    5391.2	   5559.01	   5717.14	   5872.18	   6027.89	   6173.57	   6312.05	    6451.8	   6590.75	   6724.59	   6867.89	   7002.06	   7094.81	   7136.19	   7141.25	   7112.08	   7086.74	   7102.84	   7182.05	   7306.54	
   31.9806	   57.7718	   92.6813	   143.583	   215.877	   291.743	   419.136	   640.661	   889.784	   1162.35	   1458.72	   1782.62	   2066.16	   2095.99	   2123.75	   2210.45	   2358.87	    2486.6	   2628.14	   2666.23	   2625.16	   2642.49	   2613.21	   2578.14	   2627.68	   2779.35	   2987.73	   3172.69	   3326.55	   3432.72	   3476.56	   3480.24	   3467.92	   3470.62	    3855.8	   4861.24	   4659.67	   3832.18	   3936.15	   3988.36	   3970.88	    3915.5	   3845.96	   3815.06	   3855.41	    3986.3	   4178.73	    4384.4	   4573.62	   4755.52	   4921.56	   5075.89	   5234.55	   5399.03	   5554.15	    5706.3	   5859.15	   6002.32	   6138.52	   6276.03	   6412.81	   6544.69	   6685.82	   6818.13	   6910.14	   6952.13	   6958.73	   6931.97	   6908.93	   6926.32	   7005.29	
    17.552	   34.6427	   57.8982	   91.4148	   140.228	   209.479	   278.483	   462.842	   674.241	   911.073	   1169.66	   1450.24	   1687.78	   1939.58	   1949.97	   2004.31	   2134.19	    2326.9	   2448.26	   2484.42	   2534.84	   2616.34	    2618.3	   2548.75	   2514.53	   2561.84	   2707.55	   2871.04	   3048.79	   3196.54	    3298.3	   3340.02	   3343.06	   3330.69	   3664.99	   4557.65	   4332.53	   3558.07	   3668.48	   3768.99	   3819.88	   3803.89	   3751.49	   3685.46	    3656.5	   3695.96	   3822.42	   4008.04	   4206.81	   4389.81	   4565.82	   4726.64	   4876.22	      5030	   5189.41	   5339.85	   5487.47	   5635.82	   5774.89	   5907.31	   6041.03	   6174.09	   6302.48	   6439.84	   6568.75	   6658.85	   6700.77	   6708.57	    6684.2	   6663.42	   6681.64	
   9.01023	   20.2753	   36.0301	   57.9122	   89.4468	   135.371	   201.282	   318.458	   491.643	   689.677	   911.389	   1153.27	   1353.74	   1566.07	   1785.04	   1820.89	   1914.76	   2085.64	   2268.33	   2291.73	   2339.46	   2501.33	   2577.18	   2525.52	   2459.07	   2426.31	   2471.25	   2572.99	   2728.75	   2898.09	   3038.81	   3135.69	   3175.33	    3178.1	   3479.45	   4281.63	   4019.68	   3277.45	   3367.27	   3472.67	   3568.72	   3617.68	   3603.17	   3554.07	   3491.99	   3465.09	   3503.17	   3623.92	    3801.3	   3991.21	   4166.18	   4334.55	   4488.49	   4631.76	   4779.06	   4931.74	   5075.92	   5217.45	   5359.72	   5493.19	   5620.36	   5748.82	    5876.7	   6000.15	    6132.2	   6256.24	   6343.34	   6384.54	   6393.24	   6371.26	    6352.7	
   4.31749	   11.6306	   23.1016	   37.6136	   57.7938	   86.9071	    129.91	   231.999	   340.256	   499.982	   682.726	   887.396	   1061.86	   1241.53	   1424.82	   1648.87	   1720.75	   1850.15	   2009.94	   2098.46	   2133.56	   2282.41	   2449.01	   2453.39	   2404.88	   2342.44	    2311.7	   2320.27	   2416.37	   2563.38	   2723.21	   2856.09	   2947.66	   2985.28	   3281.43	   4013.57	   3732.22	   3008.45	   3062.71	   3147.42	   3246.75	   3337.35	   3383.83	   3370.77	   3325.25	   3267.52	   3242.78	   3279.02	   3393.24	   3560.64	   3739.82	   3905.02	   4064.03	   4209.51	   4344.99	   4484.27	   4628.63	   4765.02	   4898.96	   5033.62	   5160.05	   5280.58	   5402.35	   5523.61	   5640.74	   5765.99	   5883.74	   5966.77	   6006.62	   6015.89	   5996.27	
    1.9348	   6.26353	    14.694	   25.0512	   38.1803	   56.4701	   83.1916	   150.101	   242.879	   341.093	   486.239	   652.471	   806.206	   962.389	   1116.33	   1300.84	    1540.4	   1638.69	   1757.44	   1833.18	   1926.25	   2052.65	   2221.22	    2294.7	   2299.22	   2254.57	   2196.92	    2142.4	   2150.87	   2240.82	   2378.22	    2527.6	   2651.94	   2737.84	   3043.35	   3733.26	   3452.89	   2759.53	    2772.3	   2822.86	    2901.6	   2993.88	   3078.11	   3121.53	   3109.86	   3068.14	   3015.11	   2992.59	   3026.92	   3133.44	   3289.21	   3455.91	   3609.67	    3757.7	   3893.22	   4019.48	   4149.27	   4283.77	   4410.92	   4535.81	   4661.39	   4779.35	   4891.87	   5005.56	    5118.8	   5228.24	   5345.23	    5455.3	   5533.17	      5571	   5580.46	
   1.03042	   12.7115	   26.9431	    47.073	   73.9415	   109.235	   159.138	   245.675	    390.18	   608.702	    891.29	   1279.82	   1746.96	    2288.6	   2876.82	   3561.26	   4396.42	   5369.37	   6238.42	   6848.33	   7474.27	   8387.69	   9136.94	   9857.25	   10518.9	   11050.8	   11421.1	   11655.5	   11781.4	   11900.5	   12115.5	   12465.1	   12936.2	   13472.5	   15019.5	   18067.6	   17067.9	   14274.4	   14311.4	   14357.4	   14455.6	     14628	   14873.9	   15166.9	   15447.2	   15651.6	   15761.3	   15784.3	   15777.1	   15814.8	   15974.1	   16286.5	   16730.2	   17259.9	   17849.2	   18469.6	     19103	   19750.8	   20415.6	   21084.8	   21754.9	   22426.7	   23090.8	   23742.7	   24386.7	   25024.2	   25652.5	   26282.9	   26906.8	     27487	   27985.4	
         	         	         	         	         	         	         	         	         	         	         	         	         	         	         	         	         	         	         	         	         	         	         	         	         	         	         	         	         	         	         	         	         	         	         	         	         	         	         	         	         	         	         	         	         	         	         	         	         	         	         	         	         	         	         	         	         	         	         	         	         	         	         	         	         	         	         	         	         	         	         	
         	         	         	         	         	         	         	         	         	         	         	         	         	         	         	         	         	         	         	         	         	         	         	         	         	         	         	         	         	         	         	         	         	         	         	         	         	         	         	         	         	         	         	         	         	         	         	         	         	         	         	         	         	         	         	         	         	         	         	         	         	         	         	         	         	         	         	         	         	         	         	
-0.00773373	 0.0153336	-0.0806906	 -0.483147	  -1.90703	  -5.94215	  -13.1843	  -30.7153	  -63.1762	  -126.012	  -332.614	  -81.3358	  -98.2474	  -114.513	  -129.261	  -141.716	  -14.4467	  -14.9612	  -14.8218	  -14.4127	   -13.624	   39.6565	   34.3336	   26.5594	   18.4233	   13.6362	  -6.37915	  -5.69148	   -5.0517	  -3.95538	  -3.51512	  -2.99399	  -2.75231	  -2.56865	  -2.39537	   -2.2098	  -2.04012	  -1.88729	   -1.7441	  -1.62353	  -1.51859	  -1.42582	   -1.3398	  -1.26795	  -1.20312	  -1.14157	  -1.08247	 -0.979349	 -0.885116	 -0.798859	   -0.7197	 -0.647253	 -0.581345	 -0.521524	 -0.467295	 -0.418156	  -0.37371	 -0.333598	 -0.297507	  -0.26513	 -0.236174	 -0.210342	 -0.187346	 -0.166907	  -0.14877	 -0.132698	  -0.11846	 -0.105846	-0.0946733	-0.0847809	-0.0760218	
-0.00264116	0.00937532	-0.0550714	 -0.291502	  -1.12841	   -3.7267	  -3.96211	   -14.103	  -32.2984	  -64.7912	  -126.583	  -8.84163	   -9.6241	  -11.2234	  -12.6927	  -13.9619	  -31.1761	  -32.6155	  -33.1493	  -32.0868	  -31.4747	   15.8382	   14.5027	   12.9988	   11.1212	   8.69905	  -8.94118	  -7.99652	  -7.48585	  -6.86694	  -5.63876	  -5.10668	  -4.42583	  -4.07796	   -3.8113	  -3.54011	  -3.26264	  -3.02244	  -2.79346	  -2.59778	   -2.4335	  -2.29173	  -2.16221	  -2.03983	  -1.93403	   -1.8361	  -1.74223	  -1.57731	  -1.42627	  -1.28784	  -1.16071	  -1.04398	  -0.93751	 -0.841048	 -0.753839	  -0.67505	 -0.603903	 -0.539769	 -0.482082	 -0.430321	 -0.383984	 -0.342593	 -0.305689	 -0.272835	 -0.243623	 -0.217678	 -0.194656	 -0.174228	 -0.156095	 -0.139998	 -0.125704	
-0.00132653	-0.0113765	-0.0373566	 -0.188778	 -0.672496	  -2.17838	   0.55319	  -2.61342	  -13.0681	  -31.4746	  -64.5229	   32.8314	   53.7846	   65.3075	   74.8576	   83.4554	  -42.3902	  -45.1015	  -46.7197	  -47.0535	   -45.591	   -0.4718	 -0.417017	 -0.382282	 -0.347882	 -0.308134	  -11.9912	  -9.74871	  -8.89368	  -8.38661	  -7.72043	  -6.42908	  -5.81788	  -5.06892	   -4.6788	  -4.36414	   -4.0395	  -3.72587	  -3.45168	  -3.20105	  -2.98696	  -2.80676	  -2.64846	  -2.50203	  -2.36324	  -2.24145	  -2.12791	    -1.928	  -1.74504	  -1.57733	  -1.42343	  -1.28201	  -1.15236	  -1.03434	 -0.927569	 -0.831158	 -0.744157	 -0.665695	  -0.59506	   -0.5316	 -0.474713	 -0.423819	 -0.378374	 -0.337861	 -0.301792	 -0.269715	 -0.241214	  -0.21591	 -0.193442	 -0.173482	 -0.155745	
-0.000232367	-0.00309446	-0.0116543	-0.0362939	 -0.197503	 -0.715057	 -0.307317	   -2.2545	  -7.98383	  -22.0713	  -44.7647	   13.0145	   12.2396	   27.7594	   34.1072	    38.908	  -41.7189	  -45.2884	  -48.0544	  -49.6777	  -50.2736	  -25.6754	  -25.2315	  -24.1487	  -22.2654	   -20.488	  -14.7358	  -11.9882	  -9.81273	  -8.98489	  -8.48695	  -7.82834	  -6.52795	  -5.90694	  -5.15241	  -4.75404	  -4.42691	  -4.09372	  -3.77281	  -3.50006	   -3.2512	  -3.03854	  -2.85835	  -2.69882	  -2.55041	   -2.4094	  -2.28531	  -2.07188	  -1.87714	  -1.69889	  -1.53544	  -1.38544	  -1.24763	  -1.12133	  -1.00641	 -0.902477	 -0.808644	 -0.723985	 -0.647655	 -0.578954	 -0.517244	 -0.461932	 -0.412453	 -0.368274	 -0.328888	 -0.293823	 -0.262636	 -0.234924	 -0.210317	 -0.188465	 -0.169049	
         	-0.000320308	-0.00265713	-0.00996502	-0.0309323	 -0.181711	 -0.180516	  -1.03407	  -3.68394	  -10.4867	  -25.8518	   9.92101	   5.20772	   2.30239	   14.8822	   18.8564	   -34.535	  -38.3798	  -41.6434	  -44.1826	  -45.8938	  -34.9206	  -34.0257	  -33.6569	   -32.332	  -30.0374	  -16.1523	  -14.4962	  -11.8214	  -9.69024	  -8.88559	  -8.40818	  -7.76023	   -6.4695	  -5.85494	  -5.10433	  -4.70503	  -4.37713	  -4.04299	  -3.72748	  -3.46141	  -3.21899	  -3.01095	   -2.8338	  -2.67613	  -2.52908	  -2.38922	  -2.16418	  -1.96206	  -1.77764	  -1.60883	  -1.45405	  -1.31199	  -1.18149	  -1.06189	 -0.953065	 -0.854639	  -0.76578	 -0.685609	 -0.613325	 -0.548265	 -0.489825	 -0.437444	 -0.390587	 -0.348748	  -0.31145	 -0.278242	 -0.248708	 -0.222465	 -0.199162	 -0.178468	
         	         	-0.000273259	-0.0022578	-0.00844485	-0.0262562	-0.0515041	 -0.307655	  -1.28997	  -4.15058	  -11.2087	   10.8316	   8.40879	   3.45325	  0.212584	   11.7767	  -25.2077	  -28.7425	  -31.9373	  -34.6645	   -36.948	  -31.5771	  -32.1484	  -31.5367	  -31.3038	  -30.2328	  -17.1652	  -15.9222	  -14.3118	  -11.6852	  -9.59643	   -8.8121	  -8.34323	   -7.7009	   -6.4183	  -5.80758	  -5.05796	  -4.65818	   -4.3285	   -3.9982	  -3.68912	  -3.42972	  -3.19251	  -2.98787	  -2.81277	   -2.6565	  -2.51056	  -2.26497	  -2.05161	     -1.86	  -1.68517	  -1.52514	  -1.37841	  -1.24374	  -1.12003	  -1.00665	 -0.903492	 -0.810187	 -0.725951	  -0.64995	 -0.581425	 -0.519749	 -0.464348	  -0.41469	 -0.370269	 -0.330605	 -0.295246	 -0.263764	 -0.235765	 -0.210887	 -0.188795	
         	         	         	-0.000233006	-0.00191911	-0.00716362	 0.0136854	-0.0551004	 -0.308621	  -1.26915	  -4.04919	    8.2225	   11.3634	   9.50662	   5.29918	   2.78191	  -16.0355	  -18.9623	  -21.6214	  -24.0369	  -26.2147	  -21.3381	  -22.2495	   -22.833	  -22.4745	  -22.4203	   -18.109	  -16.9257	  -15.7184	    -14.14	  -11.5641	  -9.51591	  -8.74423	  -8.28052	  -7.64332	  -6.36688	  -5.75735	  -5.00897	  -4.60766	  -4.28101	  -3.95664	  -3.65483	  -3.40137	  -3.16832	  -2.96623	   -2.7928	  -2.63776	  -2.38067	  -2.14776	  -1.94543	  -1.76372	  -1.59794	  -1.44619	  -1.30706	  -1.17936	  -1.06205	 -0.954552	 -0.856732	 -0.768259	 -0.688383	 -0.616316	 -0.551337	 -0.492852	 -0.440317	 -0.393228	 -0.351104	 -0.313492	 -0.279961	 -0.250108	 -0.223557	 -0.199965	
         	         	         	         	-0.000202151	-0.00166051	-0.0185616	 0.0193604	-0.0391453	 -0.265557	   -1.1509	   5.03635	   8.89437	    12.557	   11.6018	   8.52316	  -8.72078	  -10.7329	  -12.6935	  -14.4832	  -16.1826	  -9.38512	   -9.9566	  -10.4926	  -10.8077	   -10.688	  -18.3958	  -17.8509	  -16.6999	  -15.5184	  -13.9791	  -11.4552	  -9.44005	  -8.67754	   -8.2184	  -7.58455	  -6.31166	  -5.70337	  -4.95518	  -4.55728	  -4.23601	  -3.91894	  -3.62381	  -3.37519	   -3.1453	  -2.94532	  -2.77338	  -2.50162	  -2.25779	  -2.03687	  -1.84497	  -1.67264	  -1.51542	   -1.3715	  -1.23955	  -1.11846	  -1.00721	 -0.905261	 -0.812496	 -0.728592	 -0.652842	 -0.584496	 -0.522872	 -0.467406	 -0.417582	 -0.372924	 -0.332973	 -0.297302	 -0.265501	 -0.237188	 -0.212007	
         	         	         	         	         	-0.000182392	-0.00464444	-0.0172415	 0.0201412	 -0.033786	 -0.245821	   2.91055	   5.34016	   9.46679	   13.5878	    13.462	  -3.84878	  -4.97848	  -6.12874	  -7.25426	  -8.32166	  0.377628	  0.587558	  0.635885	  0.672797	  0.696391	  -18.0926	  -18.1336	  -17.6037	  -16.4756	  -15.3291	  -13.8327	   -11.353	  -9.36606	  -8.61167	  -8.15529	  -7.52209	  -6.25265	  -5.64434	  -4.90156	  -4.50951	  -4.19518	  -3.88501	  -3.59535	   -3.3504	  -3.12313	  -2.92501	   -2.6305	  -2.37278	  -2.14149	  -1.93192	   -1.7499	  -1.58644	  -1.43731	  -1.30082	  -1.17567	  -1.06081	 -0.955304	 -0.858612	  -0.77063	 -0.691052	 -0.619206	 -0.554382	 -0.495933	 -0.443324	 -0.396067	 -0.353708	 -0.315814	  -0.28198	 -0.251816	 -0.224961	
         	         	         	         	         	         	-0.000687402	-0.00562172	-0.0208313	0.00710127	 -0.058727	   1.44153	   2.92784	   5.40141	   9.59138	   13.8832	   -1.1186	  -1.53996	  -1.99264	  -2.45546	    -2.923	   6.30155	   7.31218	   8.10393	   8.80754	   9.36619	  -17.9589	  -17.8347	  -17.8826	  -17.3579	  -16.2645	  -15.1565	  -13.6945	  -11.2536	  -9.29323	  -8.54507	  -8.08886	    -7.456	  -6.18855	  -5.58565	   -4.8508	  -4.46623	   -4.1585	  -3.85404	  -3.56858	  -3.32664	  -3.10165	   -2.7745	  -2.49527	  -2.25082	   -2.0314	  -1.83258	   -1.6599	  -1.50484	  -1.36339	  -1.23391	   -1.1152	  -1.00625	 -0.906171	 -0.814456	 -0.731001	 -0.655517	 -0.587366	 -0.525877	 -0.470433	 -0.420529	 -0.375701	 -0.335519	 -0.299572	 -0.267476	 -0.238863	
         	         	         	         	         	         	         	-0.00101522	-0.00828759	-0.0306561	-0.0231814	  0.656869	   1.36815	   2.77841	   5.12285	   9.09181	  0.153252	  0.228992	  0.315379	  0.408533	  0.506457	   8.60925	   10.1926	    11.583	   12.8933	   14.0861	  -17.0328	  -17.7067	  -17.5887	  -17.6336	  -17.1283	  -16.0749	  -14.9933	  -13.5601	   -11.156	  -9.21992	  -8.47559	  -8.01921	  -7.38489	  -6.12492	  -5.53012	  -4.80483	  -4.42736	  -4.12509	  -3.82504	  -3.54303	  -3.30369	  -2.94214	  -2.63206	  -2.36726	  -2.13537	  -1.92718	  -1.73853	   -1.5747	   -1.4276	   -1.2934	  -1.17057	  -1.05795	 -0.954599	 -0.859658	 -0.772653	 -0.693484	 -0.621876	 -0.557224	 -0.498891	 -0.446293	 -0.398949	  -0.35642	 -0.318299	 -0.284197	 -0.253746	
-2.96789e-09	-7.22277e-09	-1.47304e-08	-3.06028e-08	-6.43518e-08	-1.31478e-07	-2.04729e-06	-3.52974e-06	-0.00142883	-0.0115979	-0.0427718	  0.281875	  0.572629	   1.18934	   2.40618	   4.40939	  0.592602	  0.980413	   1.46557	   2.01876	   2.63285	   8.65725	   10.6557	   12.5053	    14.337	    16.116	  -15.5046	  -16.6218	  -17.3221	  -17.2156	  -17.2683	  -16.8116	  -15.8202	  -14.7774	  -13.3782	  -11.0154	  -9.10428	  -8.36634	  -7.91127	  -7.28177	  -6.03554	  -5.45131	  -4.73863	  -4.37025	   -4.0748	  -3.78077	   -3.5037	   -3.1211	  -2.78012	  -2.48743	  -2.23731	   -2.0182	  -1.82143	   -1.6431	  -1.48825	  -1.34922	  -1.22238	  -1.10629	 -0.999855	 -0.902178	 -0.812451	 -0.730225	 -0.655404	 -0.587728	 -0.526626	 -0.471494	 -0.421783	 -0.377037	 -0.336841	 -0.300812	  -0.26858	
-2.63167e-07	-7.37542e-07	-1.50698e-06	-3.13953e-06	-6.65642e-06	-1.37863e-05	-0.000266313	-0.000462636	-0.000716846	-0.00276639	-0.0156059	 0.0508033	  0.244995	  0.492863	    1.0162	   2.04215	  0.629016	   1.16297	   1.92522	    2.8785	   3.99071	   8.62544	   11.0441	   13.5203	   16.0087	   18.5172	  -13.6662	  -15.1549	  -16.2914	  -16.9902	  -16.8862	  -16.9465	  -16.5094	  -15.5731	  -14.5649	  -13.1977	  -10.8677	  -8.98417	  -8.25353	  -7.80275	  -7.18122	  -5.95038	  -5.37756	  -4.67717	  -4.31635	  -4.02676	    -3.738	  -3.30948	  -2.94894	  -2.62722	  -2.35087	  -2.11459	  -1.90753	  -1.72154	  -1.55298	  -1.40661	  -1.27519	  -1.15531	  -1.04558	 -0.944986	 -0.852669	 -0.767868	 -0.690155	 -0.619441	 -0.555478	 -0.497728	 -0.445621	 -0.398636	 -0.356344	 -0.318352	 -0.284298	
-4.32426e-06	-1.44354e-05	-2.97034e-05	-6.18191e-05	-0.000131337	-0.000274263	-0.0056469	-0.00992454	-0.0155093	-0.0218366	-0.0299477	 0.0383211	 0.0729679	   0.27149	  0.486713	  0.943744	  0.501766	   1.01401	   1.86825	   3.08832	   4.64299	   9.14916	   12.2652	   15.7011	   19.4057	   23.1824	  -11.6858	  -13.3665	  -14.8698	  -16.0008	   -16.691	  -16.5926	  -16.6419	  -16.2235	  -15.3335	  -14.3576	  -13.0117	  -10.7162	  -8.86177	  -8.14129	  -7.69793	   -7.0863	  -5.87194	  -5.31046	  -4.62061	  -4.26614	  -3.98154	   -3.5311	  -3.12731	  -2.78726	  -2.48353	  -2.22246	  -1.99917	  -1.80343	  -1.62758	  -1.46819	   -1.3298	  -1.20555	  -1.09221	 -0.988474	 -0.893371	 -0.806097	  -0.72593	 -0.652465	 -0.585614	 -0.525146	 -0.470551	 -0.421289	  -0.37687	 -0.336887	 -0.300968	
-3.54896e-05	-0.000138577	-0.000288317	-0.000600406	-0.00127375	-0.00266695	-0.0471144	-0.0836697	 -0.131889	 -0.186907	  -0.24182	  0.290228	  0.335271	  0.385973	  0.795433	  0.945637	  0.467345	  0.822735	   1.52231	   2.70094	   4.41816	   9.63001	   13.6132	   18.3095	   23.6543	   29.4877	  -9.74061	   -11.447	  -13.1384	  -14.6323	  -15.7503	  -16.4337	  -16.3271	  -16.3706	  -15.9668	  -15.1165	  -14.1594	  -12.8357	  -10.5743	  -8.75075	  -8.04213	  -7.60695	  -7.00579	  -5.80716	  -5.25473	  -4.57352	  -4.22397	   -3.7659	   -3.3409	  -2.95964	   -2.6383	  -2.35103	    -2.104	  -1.89264	  -1.70733	  -1.54082	   -1.3899	  -1.25887	  -1.14123	  -1.03393	 -0.935731	 -0.845707	 -0.763097	 -0.687217	 -0.617682	 -0.554408	 -0.497173	 -0.445497	 -0.398868	 -0.356822	 -0.318974	
-0.000179137	-0.000799351	-0.00169095	-0.00353099	-0.00748941	-0.0156696	 -0.161872	 -0.289095	 -0.459213	 -0.654781	 -0.851802	   2.22518	   2.50649	   2.67142	   2.73069	   4.21333	    1.5325	   1.62115	   1.96883	   2.78005	    4.2514	   10.2483	   14.9949	   20.9167	   28.0542	   36.3006	   15.2505	     18.43	   21.6743	    24.869	   27.6767	   29.7784	   31.0415	   30.8286	    30.897	   30.1486	   28.5625	   26.7681	   24.2761	   20.0188	   16.5884	    15.251	   14.4299	    13.296	   11.0291	   9.98399	   8.69336	   7.66887	   6.83807	   6.06756	   5.37613	   4.79291	   4.27129	    3.8225	   3.43839	   3.10159	   2.79899	   2.52474	   2.28663	   2.07291	     1.878	   1.69966	    1.5362	   1.38622	   1.24848	   1.12226	   1.00741	  0.903516	  0.809707	  0.725057	   0.64872	
-0.000806932	-0.00309316	-0.00669482	-0.0140799	-0.0298948	-0.0625549	 0.0208179	 0.0373927	 0.0598467	 0.0859604	  0.112446	   11.4385	    12.969	   13.8714	   14.0887	   13.7239	   7.27341	   6.72641	   6.29054	   6.24111	    6.8408	   14.4871	   18.8381	    24.997	   32.8837	   42.5681	   164.419	    202.59	   242.319	   282.832	   322.466	   357.307	   383.057	   398.618	   395.587	   396.145	   386.377	    366.29	   343.448	   311.735	   257.663	   213.981	   196.758	   186.114	    171.52	   142.557	   129.093	   107.457	   94.7932	   84.5075	   74.9839	   66.4446	   59.2365	   52.7904	   47.2401	   42.4879	   38.3218	     34.58	   31.1903	   28.2468	   25.6058	   23.1988	   20.9976	    18.981	   17.1315	   15.4334	   13.8777	    12.462	   11.1813	   10.0247	   8.98081	
-0.00258575	-0.0095374	-0.0198915	-0.0423155	-0.0902036	 -0.188768	    2.0857	   3.73721	    5.9869	   8.63456	   11.3734	   38.9832	   44.5744	   48.1314	    49.373	   48.3654	   24.3449	   22.2158	   20.1377	   18.3482	   17.2458	   32.7362	   34.5747	   38.8765	   45.4526	   54.2452	   144.213	   173.891	   205.589	   239.696	   274.496	   308.089	   337.804	   359.736	   372.977	   369.729	   369.789	   360.484	   341.955	   320.691	   291.326	   241.727	   201.389	   185.107	   174.842	   161.092	   134.439	   116.308	   97.0221	   85.5774	   76.2401	   67.6262	   59.9261	   53.4219	   47.6093	   42.5983	   38.3055	   34.5434	   31.1673	   28.1122	   25.4575	   23.0773	   20.9106	   18.9314	   17.1196	   15.4592	   13.9356	   12.5402	   11.2705	   10.1213	   9.08308	
-0.00679369	-0.0232538	 -0.048079	 -0.101658	 -0.218228	 -0.457708	   8.15227	   14.6204	   23.4726	   34.0221	   45.1094	   89.6108	   103.444	   112.994	   117.388	   116.555	    54.474	   50.7178	   45.7963	   41.4753	   37.8138	   76.0314	   73.0222	   72.9392	   75.5791	   80.7109	   157.016	   175.617	   198.686	   222.827	   250.419	   278.694	   305.277	   329.748	   347.577	   358.616	    355.22	   353.999	   344.786	    327.09	   306.636	   278.704	   232.559	   194.691	   178.855	   168.548	   155.211	   124.475	   107.747	    90.182	   79.5394	   70.7875	   62.7607	   55.6241	   49.5899	   44.1997	   39.5452	   35.5542	    32.058	   28.9239	   26.0922	   23.6288	   21.4221	   19.4165	   17.5872	   15.9145	    14.383	   12.9789	   11.6934	   10.5234	   9.46385	
-0.0167119	-0.0504063	  -0.10399	 -0.219458	 -0.472371	 -0.995803	   21.1284	   37.7431	   60.4474	   87.4159	   115.871	   158.109	    183.65	   202.371	   212.992	   214.798	    95.041	   89.4994	   82.8543	   74.8831	   68.3641	   159.569	   148.907	   141.742	   137.526	   135.907	   208.342	   214.854	   226.173	   241.552	   256.062	   275.612	   295.735	   314.719	   333.376	   346.924	   356.084	   351.665	   348.501	    339.13	   321.689	   301.352	   274.154	   230.644	   194.332	   178.404	   167.607	   147.311	   119.161	   103.247	   86.8189	   76.5694	   68.0462	   60.3034	     53.47	   47.6799	   42.5124	   38.0426	   34.2034	   30.8411	    27.831	   25.1155	   22.7484	     20.63	   18.7083	   16.9587	   15.3609	   13.8999	   12.5615	   11.3367	   10.2215	
-0.0298738	-0.0811622	 -0.166988	 -0.353787	 -0.761568	  -1.60706	   36.0585	   64.5579	   103.784	   151.286	   202.142	   189.098	   221.671	   247.328	   263.856	   270.614	   119.467	    114.57	   107.406	   99.5716	   90.4854	   265.549	   245.684	   230.166	   217.784	    208.07	   273.399	   268.269	   268.298	   273.186	   280.131	   284.943	     296.8	   310.102	   322.254	   336.072	   346.389	   353.392	   347.795	   342.798	   333.288	   315.943	   295.632	   269.358	    228.51	   193.758	   177.814	   159.115	   139.787	   113.974	   98.8619	   83.5081	   73.6712	   65.4015	   57.9551	   51.4257	   45.8772	   40.9269	   36.6403	   32.9515	   29.7198	   26.8295	   24.2252	   21.9498	   19.9143	   18.0707	   16.3942	   14.8646	   13.4673	   12.1881	   11.0176	
 -0.047996	 -0.113037	 -0.232303	 -0.495183	  -1.07116	  -2.25641	   50.9229	    90.696	   145.576	   212.738	   286.494	    164.71	   195.022	   220.002	   238.054	     247.8	   124.207	   121.246	   115.578	   108.364	   100.863	   386.894	   359.149	   334.342	   313.279	   294.744	   344.617	   328.624	   317.957	   312.835	   310.789	   309.151	   305.257	   311.354	   318.934	   325.728	    336.01	     343.2	   348.238	   341.678	   335.164	   325.484	   308.225	   288.187	   263.037	   224.895	   191.838	   168.122	   150.128	   131.857	    108.25	   94.0093	   79.7448	    70.396	   62.4596	   55.3629	   49.1725	   43.8953	   39.1864	   35.1049	   31.5857	   28.5002	   25.7424	   23.2593	   21.0849	   19.1398	   17.3796	   15.7802	   14.3218	   12.9903	   11.7718	
-0.0702196	 -0.149642	 -0.300308	 -0.644626	  -1.40188	  -2.95327	   67.0215	   118.139	   187.963	   273.664	   368.861	   106.114	   126.543	   144.118	   157.726	   166.614	   121.667	   120.797	   117.032	   111.323	   104.611	   540.415	   497.533	   464.653	   433.657	   405.656	     416.5	   392.284	   371.916	   356.914	   346.652	   337.374	    327.73	   317.809	    319.25	    322.29	   325.073	   332.142	   336.733	   340.197	   332.936	   325.206	   315.369	   298.427	   278.893	   255.022	   219.592	   179.868	   157.658	   140.557	   123.435	   101.938	   88.6429	   75.4873	   66.6973	   59.1713	   52.4767	   46.6601	   41.6858	   37.2448	   33.3914	   30.0623	   27.1406	   24.5296	   22.1799	   20.1176	   18.2723	   16.6032	   15.0872	   13.7051	   12.4437	
-0.0940335	 -0.188709	 -0.373669	  -0.80052	   -1.7484	   -3.6771	    84.072	   146.094	   229.571	   331.184	   444.501	   41.3727	   49.5755	   56.7957	   62.7135	   67.0055	   134.843	   135.883	   133.761	   129.075	   122.792	   720.775	   677.507	   627.024	   587.435	   548.573	   484.569	    453.45	   426.579	   403.087	   383.927	   368.126	   352.134	   337.303	   322.961	   320.845	   320.652	   320.028	   324.493	   327.139	   329.389	   321.628	   312.985	   303.206	   286.756	   267.917	   245.435	   203.106	   167.187	    146.59	   130.524	   114.626	   95.1556	   82.8619	   70.8193	   62.6389	   55.5835	   49.3316	   43.9151	    39.269	   35.1172	   31.5105	   28.3884	    25.645	   23.1933	   20.9873	   19.0472	   17.3102	   15.7393	   14.3126	    13.012	
 -0.117251	 -0.228167	 -0.450062	 -0.966338	  -2.11171	  -4.42539	   97.4361	   166.956	   258.362	   368.522	   490.678	  -25.7934	  -30.8251	  -35.3813	  -39.2058	  -42.1923	   165.392	   169.091	   168.834	   165.314	   159.266	   901.627	   853.384	   805.293	   747.926	   701.904	   545.502	   509.432	   476.999	   448.489	   422.122	   398.503	   377.512	   357.604	    339.13	   321.813	   317.326	   314.384	   311.195	   313.753	       315	   316.265	   308.181	   299.059	    289.47	   273.653	   255.661	   224.074	   186.476	   154.175	   135.226	   120.287	   105.656	    88.118	   76.8467	   65.8961	   58.3505	    51.802	   46.0156	   41.0124	    36.708	   32.8575	   29.5081	   26.6033	   24.0476	   21.7629	   19.7074	   17.8959	   16.2731	   14.8053	   13.4721	
 -0.140179	 -0.270467	 -0.536265	  -1.15686	  -2.53473	  -5.28761	   103.962	   175.466	    267.53	   376.477	   496.733	  -80.7142	  -96.1529	  -110.237	  -122.473	  -132.328	   201.214	   207.906	   210.496	   208.867	    203.93	   1034.43	   988.324	   938.379	   888.071	   827.206	   596.893	   557.956	   521.737	    488.76	   458.817	   429.286	   401.572	   378.041	   355.556	    334.79	   315.935	   309.427	   304.469	   299.572	   300.793	   300.986	   301.447	   293.335	   284.015	   274.719	   259.638	   231.684	   203.419	   170.132	   141.199	   123.887	   110.127	   96.7686	   81.0463	    70.784	    60.882	   53.9727	   47.9449	   42.6295	   38.0392	   34.0787	    30.532	   27.4427	   24.7584	   22.3938	   20.2792	   18.3763	   16.6963	   15.1901	   13.8275	
  -0.16127	 -0.312888	 -0.628736	  -1.36671	  -3.00354	  -6.25081	   103.391	   171.895	   258.029	   358.391	    467.77	  -117.446	  -139.178	  -159.034	  -176.381	  -190.902	   226.381	   235.557	   240.915	    242.21	   239.448	   1089.86	   1052.17	   1007.43	   959.151	   910.292	   634.705	   597.067	   559.081	   523.199	   489.952	   458.196	   425.787	   396.616	   371.601	   347.703	   326.025	   306.126	   298.218	   292.004	   286.093	   286.323	   285.721	   285.657	   277.667	   268.362	   259.426	   234.117	   208.965	   183.768	   154.357	   128.541	   112.832	   100.262	    88.147	    74.109	   64.8191	   55.9077	   49.6199	   44.1098	   39.2576	   35.0698	   31.4472	   28.1994	   25.3664	   22.9006	   20.7257	   18.7797	   17.0283	   15.4793	   14.0895	
 -0.175061	 -0.343735	 -0.702637	  -1.54375	   -3.4064	  -7.07713	   96.0131	   157.498	   232.828	   318.932	   411.899	  -150.131	  -176.928	  -201.318	  -222.652	   -240.59	   237.923	   248.301	   255.621	   259.443	   259.688	   1072.92	   1047.95	   1012.96	   972.165	   928.497	   666.334	    623.67	   587.784	   550.816	   515.786	   481.859	   448.287	    415.56	   385.816	   360.096	   335.865	   313.758	   293.468	     284.8	   277.924	   271.406	   270.897	   269.809	   269.353	   261.587	   252.437	   232.934	   210.193	   187.658	   165.255	   139.334	   116.394	    102.23	   90.8261	   79.8996	   67.4111	    59.044	   51.0585	   45.3675	   40.3607	   35.9555	   32.1542	   28.8578	   25.8993	   23.3151	   21.0619	   19.0721	   17.2909	   15.6872	   14.2666	
 -0.178319	 -0.357848	  -0.74482	  -1.65511	  -3.67212	  -7.62521	   86.0133	   139.701	   203.747	   275.284	   351.468	  -172.626	  -202.167	  -229.082	  -252.548	  -272.297	   231.257	   241.679	   249.477	    254.74	    257.27	   1003.71	   991.294	   968.728	   938.196	   903.275	   675.744	   644.331	   604.636	   570.243	   534.848	   500.206	   465.488	   432.482	   400.105	   370.451	   344.998	   320.858	   298.901	   278.875	   269.962	   262.763	   255.937	   254.982	   253.561	   252.812	   245.327	     225.8	   208.259	   187.908	   167.787	   147.938	   125.166	   104.866	   92.1669	   81.8835	   72.0798	   61.0095	   53.5101	   46.3844	   41.2596	    36.735	   32.7561	   29.3223	   26.3377	   23.6563	   21.3109	   19.2627	   17.4516	   15.8296	   14.3688	
 -0.172466	 -0.359168	 -0.762397	  -1.71201	  -3.81911	  -7.93728	   77.8053	   125.364	   181.003	   241.578	   304.869	  -164.565	  -191.587	  -216.076	  -237.505	  -255.494	   217.786	   227.369	    235.01	   240.545	   244.305	   905.996	   904.735	   893.653	    874.66	   849.716	   671.516	   644.667	    615.92	    578.67	   546.281	   511.994	   477.496	   444.152	   412.153	    380.63	   351.955	   327.105	   303.578	   282.343	   263.089	   254.203	   246.925	   240.101	   238.841	   237.197	   236.219	    218.75	   201.112	     185.4	   167.253	   149.367	   131.853	   111.915	   94.0219	   82.6941	   73.4741	   64.7218	   54.9444	   48.2547	   41.9218	   37.3289	   33.2616	   29.6854	   26.5984	   23.9092	    21.491	    19.373	   17.5204	   15.8806	   14.4111	
 -0.159947	 -0.353875	 -0.765808	  -1.73767	  -3.89355	  -8.10044	   76.3385	   122.262	   175.071	   231.503	    289.08	  -120.717	  -139.543	  -156.697	  -171.642	  -184.252	   210.195	   219.207	   226.381	    231.97	   236.104	   820.732	   825.883	   824.643	   815.513	   800.497	   654.769	   633.671	   609.417	    582.53	   548.107	   517.181	   483.635	   451.127	   419.358	   388.677	   358.745	   331.289	   307.454	   285.022	   264.922	   246.666	   237.991	   230.888	   224.208	   222.742	   220.945	   209.901	   194.244	   178.398	   164.376	   148.262	   132.434	   117.043	   99.6393	   83.9228	   73.8649	   65.6411	   57.8634	    49.258	   43.3159	   37.7088	   33.6108	   29.9718	   26.7724	   24.0092	   21.5973	   19.4265	   17.5226	    15.855	   14.3773	
 -0.144944	 -0.345977	 -0.763231	  -1.74865	  -3.93493	  -8.19302	   80.3262	   128.193	   182.507	    239.59	   296.878	   -53.447	  -61.3017	  -68.4835	  -74.8098	  -80.1086	   214.865	   223.917	    231.11	   236.662	   241.149	   757.765	   766.065	   770.953	    770.51	   764.125	   625.802	   611.078	   592.317	    569.82	   545.177	   513.082	   483.276	   452.139	   421.687	   391.718	   363.011	   334.858	   308.991	   286.595	   265.631	   246.847	   229.747	   221.499	   214.687	   208.255	   206.655	   195.555	   185.589	   171.634	   157.485	   145.037	   130.806	   116.875	   103.407	    88.269	   74.5217	   65.6384	   58.3456	   51.4703	   43.9266	   38.6744	   33.7318	   30.0939	   26.8557	   24.0084	   21.5479	   19.3962	    17.458	    15.756	   14.2632	
 -0.131508	 -0.341784	 -0.767326	  -1.77424	  -4.00774	   -8.3511	   84.9355	   135.212	   191.813	   250.508	   308.494	   15.6471	   17.8273	   19.8026	   21.5246	   23.0217	   229.102	    238.74	   246.359	   252.201	   256.863	   697.537	   706.502	   714.551	   719.666	   721.191	   586.501	   578.632	   565.786	   548.454	   528.011	    505.13	   474.915	   447.586	   418.769	   390.437	   362.764	   336.111	   309.978	   286.009	   265.323	   245.939	   228.557	   212.765	    205.02	    198.57	   192.451	   182.192	   172.238	   163.301	   150.929	   138.374	   127.384	   114.882	   102.679	   90.9433	    77.821	    65.845	   58.0384	   51.6062	   45.5583	   38.9716	    34.351	   30.0127	   26.7992	   23.9327	   21.4117	   19.2317	   17.3222	   15.6007	   14.0874	
 -0.122578	  -0.34279	   -0.7826	   -1.8244	  -4.13577	  -8.62481	   85.9244	   136.503	   193.183	   251.523	   308.407	   64.6945	   73.3291	   80.9566	   87.6648	   93.4527	   250.784	   261.179	   269.632	   276.064	   281.162	   634.406	   643.552	   652.252	   660.161	   666.671	   539.555	   537.802	   531.199	   519.331	   503.674	   484.855	   463.325	   436.036	   410.991	   384.467	    358.61	    333.23	   308.772	   284.855	   262.965	   244.033	   226.266	   210.385	   195.916	   188.712	   182.665	   168.945	   159.792	   150.928	   142.968	   132.061	   120.993	   111.345	   100.418	   89.7809	   79.5985	   68.2665	   57.8779	   51.0524	   45.4101	   40.1169	   34.3898	   30.3446	   26.5542	   23.7301	   21.2063	   18.9862	   17.0649	   15.3795	    13.859	
 -0.116795	 -0.343527	 -0.796479	  -1.87097	  -4.25491	  -8.88172	   85.2233	   135.223	   191.027	    248.25	   303.668	   89.9672	   101.564	   111.673	   120.354	   127.838	   273.404	   284.573	   293.751	   300.989	   306.695	   582.425	   591.306	    600.09	   608.694	   617.773	   487.532	   491.033	   489.928	   483.743	   473.063	   458.726	   441.156	   421.839	   397.169	   374.316	   350.331	   326.875	   303.836	   281.674	   260.058	   240.223	   223.032	   206.932	   192.523	   179.356	    172.71	   159.574	   147.496	    139.39	   131.552	    124.51	   114.956	    105.26	   96.8397	     87.34	   78.1138	   69.3186	   59.5719	   50.6007	   44.6641	    39.742	   35.1335	   30.1758	   26.6525	   23.3567	   20.8883	   18.6787	   16.7344	   15.0507	   13.5715	
 -0.111118	 -0.335552	 -0.788878	  -1.86602	  -4.25663	  -8.89476	   81.8994	   129.906	   183.368	   237.993	   290.753	    85.139	   95.8538	   105.048	   112.836	   119.372	   291.287	   302.641	   312.347	   320.113	   326.543	   538.935	   548.063	   556.323	   565.121	   574.901	   434.035	   440.603	   444.154	   442.931	   437.359	   427.593	   414.258	   398.622	   381.229	   358.996	   338.498	   316.935	   295.851	   275.169	   255.314	   235.909	   218.059	   202.612	   188.117	   175.124	   163.216	   150.063	   138.593	   128.035	   120.909	   114.027	   107.844	   99.5268	   91.0886	   83.7813	   75.5673	   67.6068	   60.0459	   51.6989	   43.9883	   38.8528	   34.5835	   30.5928	   26.3216	   23.2694	   20.4184	   18.2731	   16.3499	   14.6571	   13.1902	
 -0.103346	  -0.31592	 -0.752145	  -1.79009	  -4.09521	  -8.56831	   76.4836	   121.376	   171.362	    222.35	   271.445	   58.6224	   65.9184	   72.0818	   77.2063	   81.4407	   297.126	   307.815	   317.225	   325.144	   331.867	   493.104	   502.593	   510.596	   518.901	   528.758	   381.802	   389.645	   395.874	    398.81	   397.658	   392.513	   383.411	   371.629	   357.643	   342.023	   322.282	   304.001	   284.778	   266.012	   247.635	   229.955	   212.642	   196.728	   182.931	    169.96	   158.312	   140.967	   129.585	    119.64	   110.475	   104.258	   98.2608	   92.8715	   85.6789	   78.3826	   72.0799	    65.018	   58.1871	   51.7203	   44.6056	    38.012	   33.5946	   29.9134	   26.4774	   22.8165	   20.1875	   17.7349	   15.8815	    14.218	   12.7532	
-0.0940074	 -0.290128	 -0.698529	  -1.67171	  -3.83438	  -8.03419	   70.6546	   112.268	   158.679	   206.047	   251.596	   30.2278	   33.9631	   37.0983	    39.653	   41.7154	   287.622	   297.021	   305.297	   312.538	    319.14	   435.622	   445.356	    453.11	   460.984	   470.074	   332.693	   340.487	   347.787	   353.107	   355.624	   354.437	   349.543	    341.56	   331.077	   318.597	   304.806	    287.37	   271.197	   254.215	    237.67	    221.43	   205.778	   190.464	   176.357	   164.106	   152.565	   135.789	    120.96	    111.18	   102.617	   94.7199	   89.3369	   84.1511	     79.49	   73.3115	    67.045	   61.6433	   55.6085	    49.781	   44.2802	   38.2469	   32.6393	   28.8623	   25.7082	   22.7678	   19.6474	   17.3967	   15.2993	   13.7084	   12.2788	
-0.0828227	  -0.25974	 -0.631699	  -1.51913	  -3.49302	  -7.33012	   65.0356	   103.539	   146.628	   190.711	   233.143	    8.0685	   9.03311	   9.83893	   10.4888	   10.9975	   260.574	   268.466	   275.113	   280.948	   286.627	   361.781	   370.901	   378.167	   385.407	   393.544	   287.304	   294.668	   301.868	   308.137	   312.737	   314.802	   313.476	   309.224	   302.148	   292.842	   281.901	   269.796	   254.507	   240.325	   225.457	   210.946	   196.677	   182.934	   169.464	   157.033	   146.218	   129.893	   115.668	   103.075	   94.7316	   87.4148	   80.6604	   76.0377	   71.5887	   67.5894	   62.3197	   56.9756	   52.3775	   47.2538	   42.3135	   37.6624	   32.5752	   27.8346	   24.6262	   21.9418	    19.442	   16.7985	   14.8843	   13.1022	    11.746	
-0.0709853	  -0.22621	 -0.555134	  -1.34077	  -3.08986	  -6.49497	   58.7373	   93.7438	   133.109	   173.558	   212.602	  -10.8535	  -12.2668	  -13.4615	  -14.4337	  -15.1936	   221.282	   227.504	   232.615	   236.853	   241.116	     279.6	   287.561	   293.698	   300.048	       307	   245.996	   252.622	   259.381	   265.562	   270.975	   274.872	   276.444	   275.324	   271.554	   265.296	   257.195	   247.665	   237.126	   223.829	   211.504	   198.556	   185.903	   173.468	   161.472	   149.696	   138.809	   123.504	   109.773	   97.7952	   87.1783	   80.1151	   73.9122	   68.1817	   64.2457	   60.4606	   57.0578	   52.5976	   48.0747	   44.1893	   39.8698	   35.7104	   31.8038	   27.5417	   23.5606	   20.8545	   18.5865	   16.4765	   14.2521	   12.6359	   11.1324	
-0.0597231	 -0.193414	 -0.478341	  -1.15974	  -2.67823	  -5.63946	   51.8032	   82.9057	   118.099	   154.473	   189.757	  -25.3509	   -28.632	  -31.3946	  -33.6332	   -35.383	   179.783	   184.581	   188.334	   191.343	   194.257	   200.054	   206.432	   211.175	    216.18	   221.787	   208.556	   214.581	   220.633	    226.42	   231.734	   236.334	   239.531	   240.924	   239.901	   236.564	   231.159	   224.159	    215.93	   206.837	   195.373	   184.724	   173.519	   162.578	   151.809	   141.407	   131.181	   116.237	   103.475	    92.013	    82.006	   73.1253	   67.1969	   61.9837	    57.164	   53.8431	   50.6518	   47.7827	   44.0393	    40.243	   36.9865	   33.3736	   29.8987	   26.6419	   23.0969	   19.7787	   17.5143	   15.6136	   13.8468	   11.9893	   10.6356	
-0.0500605	 -0.164263	 -0.409006	 -0.994942	  -2.30212	  -4.85615	    44.871	   72.0301	   102.967	   135.181	   166.632	  -35.8722	  -40.5815	  -44.5464	  -47.7534	  -50.2489	   145.764	   149.614	   152.441	   154.551	   156.584	   134.023	    138.91	   142.145	   145.795	   149.926	   174.788	   180.294	   185.755	   190.913	   195.858	   200.359	   204.177	   206.954	   208.107	    207.17	   204.315	   199.688	   193.699	   186.661	   178.894	   169.074	   159.938	    150.33	   140.938	   131.682	    122.73	   108.795	   96.4518	   85.9012	   76.4173	   68.1302	   60.7683	   55.8395	      51.5	   47.4853	   44.7116	   42.0476	   39.6527	   36.5403	   33.3837	   30.6792	   27.6842	   24.8066	    22.115	   19.1912	   16.4493	   14.5715	   12.9932	   11.5272	   9.98965	
-0.0421452	 -0.138628	   -0.3473	  -0.84718	  -1.96377	  -4.15003	   38.6235	   62.1974	   89.2491	   117.638	   145.584	   -46.058	  -52.2355	  -57.4471	  -61.6624	  -64.9323	    118.91	   122.085	   124.356	   125.896	   127.298	   83.4077	   87.0806	   89.0163	   91.3614	   94.1612	   144.502	   149.534	   154.472	   159.098	    163.47	   167.632	   171.364	   174.642	   176.973	   177.907	   177.121	   174.707	   170.791	   165.722	   159.772	   153.187	   144.846	    137.09	   128.922	    120.93	   113.046	    100.67	   89.2846	   79.1919	   70.5574	   62.7898	   55.9974	   49.9582	   45.9049	   42.3322	   39.0249	   36.7345	   34.5358	   32.5594	   29.9996	   27.4028	   25.1806	   22.7237	   20.3652	   18.1632	   15.7759	   13.5331	   11.9922	   10.6955	   9.49181	
-0.0360453	 -0.117815	 -0.296728	 -0.725688	  -1.68463	  -3.56681	   33.4672	   54.0722	   77.8937	   103.108	    128.14	  -53.9314	  -61.3622	  -67.6597	  -72.7647	  -76.7241	   105.216	   108.051	   110.087	   111.414	   112.502	   52.1564	   55.0007	   56.1269	   57.5654	   59.3874	   117.645	   122.091	   126.544	    130.69	    134.57	   138.217	   141.646	   144.813	   147.547	   149.472	   150.269	   149.622	   147.611	    144.34	   140.107	   135.123	   129.597	   122.598	   116.082	   109.213	   102.488	   91.5344	   81.5495	    72.358	   64.2044	   57.2237	   50.9397	    45.441	   40.5484	   37.2577	   34.3544	   31.6651	    29.799	   28.0083	   26.3988	   24.3204	   22.2114	   20.4085	    18.418	   16.5089	   14.7294	   12.8036	   10.9916	   9.74284	   8.69094	
-0.0312778	 -0.101946	 -0.258055	  -0.63266	  -1.47085	   -3.1193	   29.2214	   47.3731	   68.5197	   91.0936	   113.715	  -56.4956	  -64.5236	  -71.3744	   -76.957	  -81.2984	    106.51	   109.456	   111.538	   112.905	   113.982	   37.2522	    39.502	   40.2648	   41.2387	   42.5277	   94.0501	   97.8761	    101.75	   105.443	   108.874	   112.071	   115.042	   117.911	    120.52	   122.761	   124.368	   125.042	   124.523	   122.874	   120.187	   116.694	   112.572	   108.006	   102.212	    96.813	    91.117	   81.6885	   72.9849	   65.0477	   57.7378	   51.2494	   45.6908	    40.684	   36.3004	   32.3974	   29.7678	   27.4456	   25.2934	   23.7973	   22.3623	   21.0727	   19.4115	   17.7253	   16.2853	   14.6975	   13.1757	   11.7595	   10.2293	   8.78741	   7.79111	
-0.0272721	-0.0898411	 -0.228275	 -0.561023	  -1.30646	  -2.77546	   25.7472	    41.893	   60.8438	   81.2493	   101.886	  -53.0119	   -60.794	  -67.4987	  -73.0056	  -77.3156	   116.112	   119.475	    121.82	   123.325	   124.539	   30.0562	   31.8195	   32.3956	   33.1509	   34.1489	   73.5989	   76.7098	   79.9787	   83.1371	   86.1394	    88.918	   91.4818	   93.9214	   96.2434	   98.3473	   100.181	   101.501	   102.064	   101.657	   100.335	   98.1616	   95.3278	   91.9864	   88.2792	   83.5687	   79.1769	   71.1866	   63.8404	   57.0565	   50.8677	   45.1658	   40.1022	   35.7617	   31.8501	   28.4237	   25.3712	   23.3116	   21.4913	   19.8033	   18.6282	   17.5015	    16.489	   15.1877	   13.8663	   12.7389	   11.4971	   10.3078	   9.20267	   8.01034	   6.88534	
-0.0235594	-0.0797148	 -0.203005	 -0.499785	  -1.16588	  -2.48176	   22.5289	   36.7901	   53.6662	   71.9884	   90.6901	  -45.7004	  -52.6405	  -58.6793	   -63.694	  -67.6564	   127.658	   131.594	   134.334	   136.062	    137.42	   25.9282	   27.3331	   27.8113	   28.4336	   29.2726	   56.0735	   58.4519	   61.0441	    63.646	   66.1509	   68.5238	   70.7023	   72.7536	     74.68	   76.5077	   78.1851	     79.65	    80.709	   81.1683	   80.8606	   79.8218	   78.1042	   75.8658	   73.2219	   70.2857	   66.5515	   60.2307	   54.1663	   48.5893	   43.4377	   38.7366	    34.404	   30.5547	   27.2535	   24.2772	   21.6688	   19.3439	   17.7735	   16.3844	   15.0956	   14.1974	   13.3363	   12.5627	   11.5703	   10.5621	   9.70257	   8.75689	   7.85175	   7.01189	   6.10698	
-0.0201875	-0.0702327	 -0.179203	 -0.441583	  -1.03139	  -2.20008	   19.1784	   31.4412	   46.0635	   62.0846	   78.5786	  -36.6936	   -42.458	   -47.531	  -51.7904	   -55.201	   142.811	   147.572	   150.902	   153.008	   154.619	   27.8885	   29.1602	   29.6863	     30.34	   31.2144	   41.1599	   42.8783	   44.7919	   46.7835	   48.7737	   50.6841	   52.4816	   54.1611	   55.7232	   57.1859	     58.59	   59.8807	   61.0098	    61.829	   62.1914	   61.9632	   61.1738	   59.8672	   58.1604	   56.1424	      53.9	   48.7494	   44.1281	   39.6935	   35.6145	   31.8458	   28.4058	   25.2346	   22.4162	    19.998	   17.8169	   15.9047	   14.1995	   13.0466	   12.0262	   11.0789	    10.418	   9.78462	   9.21569	   8.48701	   7.74636	    7.1155	   6.42201	   5.75864	   5.14394	
-0.0170075	-0.0609579	 -0.155586	 -0.383597	   -0.8966	  -1.91573	   15.5441	   25.5885	   37.6628	    51.003	   64.8712	  -28.7954	  -33.4747	  -37.6395	  -41.1814	  -44.0541	   154.726	   160.361	   164.365	   166.929	   168.872	   32.7201	   34.0614	   34.7128	   35.5057	   36.5247	   28.5014	   29.6874	   30.9961	    32.386	   33.8251	   35.2597	   36.6287	   37.9366	    39.145	   40.2658	   41.3266	   42.3461	   43.2842	    44.106	   44.7053	   44.9717	   44.8101	   44.2446	   43.3043	   42.0744	   40.6193	    37.247	   33.6933	   30.5043	   27.4438	   24.6283	   22.0263	   19.6509	   17.4606	   15.5134	    13.842	    12.334	   11.0113	    9.8315	    9.0332	   8.32612	   7.66946	   7.21093	   6.77154	   6.37697	   5.87232	   5.35912	   4.92234	   4.44259	   3.98392	
 -0.014137	-0.0525719	 -0.134233	  -0.33087	 -0.773665	  -1.65513	   11.9461	   19.7466	   29.2063	   39.7513	   50.8083	  -23.4096	   -27.344	  -30.8858	  -33.9361	  -36.4479	   156.996	    163.28	   167.846	   170.852	   173.125	   36.6284	   38.1384	   38.8979	    39.839	   41.0252	   17.8151	   18.5517	    19.369	   20.2285	    21.136	   22.0738	    23.004	   23.9037	   24.7543	   25.5381	   26.2721	   26.9677	   27.6366	   28.2524	   28.7931	   29.1868	   29.3624	   29.2597	   28.8925	   28.2805	   27.4793	   25.3376	   23.2366	   21.0225	   19.0354	   17.1281	   15.3734	   13.7514	   12.2705	   10.9047	   9.69012	   8.64729	   7.70608	   6.88027	    6.1434	   5.64452	   5.20237	   4.79158	   4.50452	   4.22949	   3.98258	   3.66717	   3.34623	   3.07329	   2.77373	
-0.0116325	-0.0452476	 -0.115514	 -0.284641	 -0.665531	   -1.4251	   8.66928	   14.3799	   21.3718	   29.2434	   37.5742	  -21.1568	  -24.8356	  -28.1824	  -31.1016	  -33.5415	   147.733	   154.205	   159.061	   162.375	   164.916	   38.1637	   39.8619	   40.7005	   41.7269	   43.0363	   8.83911	   9.20714	   9.61124	   10.0382	   10.4843	   10.9545	   11.4384	   11.9242	   12.3895	   12.8283	   13.2361	   13.6185	    13.981	   14.3297	   14.6511	   14.9327	   15.1376	   15.2298	   15.1773	   14.9875	   14.6706	   13.6143	   12.5541	   11.5142	   10.4182	   9.43459	   8.49037	   7.62158	   6.81843	   6.08499	    5.4085	   4.80675	   4.28994	   3.82335	   3.41385	   3.04834	   2.80077	   2.58123	   2.37717	   2.23449	   2.09781	   1.97514	   1.81859	   1.65922	   1.52377	
-0.00446496	-0.0389671	-0.0995257	 -0.245144	 -0.573082	  -1.22786	   5.98458	    9.9547	   14.8559	   20.4356	    26.404	  -20.5916	  -24.2871	   -27.693	  -30.6972	   -33.245	   130.321	   136.555	   141.362	   144.799	   147.496	   36.8411	    38.631	   39.5078	   40.5569	   41.8798	   1.35674	   1.41527	   1.47793	   1.54345	   1.61217	   1.68386	   1.75917	   1.83753	   1.91548	   1.98995	   2.06076	   2.12662	   2.18838	   2.24693	   2.30329	   2.35513	    2.4005	    2.4336	   2.44852	   2.44012	   2.40964	   2.25262	   2.09052	   1.92786	   1.76829	   1.60013	    1.4492	   1.30431	   1.17098	   1.04771	  0.935125	  0.831267	  0.738867	  0.659488	  0.587803	  0.524871	  0.468686	  0.430616	   0.39684	  0.365431	   0.34346	  0.322415	  0.303531	  0.279456	  0.254932	
-0.00368437	 -0.026169	-0.0869389	 -0.214173	 -0.500614	  -1.07306	   4.04618	   6.74533	   10.1004	   13.9567	   18.1339	  -20.1606	  -23.8999	  -27.3777	  -30.4894	  -33.1602	   108.484	   114.108	   118.575	   121.892	   124.594	   31.9597	    33.667	   34.5041	   35.4844	   36.6961	  -4.80032	  -5.01751	  -5.24778	  -5.48263	  -5.72665	  -5.98204	  -6.24747	  -6.52955	  -6.82033	  -7.10862	  -7.38599	  -7.65042	  -7.89617	  -8.12659	  -8.34519	  -8.55513	  -8.74799	  -8.91703	  -9.04025	  -9.09573	  -9.06455	  -8.54858	  -7.99169	  -7.41689	  -6.84013	  -6.27441	   -5.6782	  -5.14305	  -4.62928	  -4.15648	   -3.7193	  -3.31998	  -2.95157	  -2.62374	  -2.34204	  -2.08758	  -1.86414	  -1.66461	  -1.52937	  -1.40933	  -1.29765	   -1.2195	  -1.14466	  -1.07752	 -0.991989	
-0.00308413	-0.0228137	-0.0684777	 -0.187471	  -0.43835	 -0.940105	   2.73318	   4.56497	   6.85395	   9.50552	   12.4089	  -18.6907	   -22.282	  -25.6531	  -28.6972	  -31.3525	   87.2771	   92.1539	   96.1223	   99.1858	   101.754	   25.1335	   26.5614	   27.2983	   28.1381	   29.1564	   -9.7855	  -10.2449	  -10.7385	  -11.2374	  -11.7423	  -12.2666	  -12.8132	  -13.3874	  -13.9922	  -14.6137	  -15.2333	  -15.8308	  -16.4009	  -16.9301	  -17.4267	  -17.8966	  -18.3474	   -18.762	   -19.125	  -19.3893	  -19.5081	  -18.5663	  -17.5095	  -16.3692	  -15.1923	  -14.0116	  -12.8535	  -11.6329	  -10.5374	  -9.48552	  -8.51747	  -7.62225	   -6.8045	  -6.04996	  -5.37842	  -4.80126	   -4.2798	  -3.82178	   -3.4127	  -3.13537	  -2.88909	  -2.65989	  -2.49945	  -2.34581	  -2.20802	
-0.00260766	-0.0192653	-0.0579725	 -0.152075	 -0.372154	 -0.798896	   1.69172	   2.82997	   4.25867	    5.9232	   7.76182	     -16.3	   -19.543	  -22.6266	  -25.4376	  -27.9126	   69.8027	   73.9869	   77.4644	   80.2308	   82.6267	   18.9791	   20.0419	   20.6689	   21.3681	   22.1953	  -13.7402	  -14.4112	  -15.1319	  -15.8716	  -16.6127	  -17.3616	  -18.1378	  -18.9545	  -19.8044	  -20.6974	  -21.6202	  -22.5414	  -23.4299	  -24.2779	   -25.065	  -25.8017	  -26.4982	   -27.167	  -27.7815	  -28.3188	  -28.7098	  -27.5855	  -26.2536	  -24.7595	  -23.1473	  -21.4838	  -19.8149	  -18.1782	   -16.453	  -14.9045	  -13.4177	  -12.0492	  -10.7836	  -9.62739	  -8.56046	  -7.61076	  -6.79437	  -6.05662	  -5.40849	  -4.82948	   -4.4369	   -4.0881	  -3.76341	  -3.53604	  -3.31836	
-0.00221589	-0.0154379	-0.0465992	 -0.122407	 -0.294028	  -0.64482	  0.745871	   1.24935	    1.8832	   2.62511	   3.44961	  -13.0126	  -15.6764	   -18.255	  -20.6391	  -22.7586	   59.3731	   63.2032	   66.4239	   69.0522	   71.3828	   16.7234	   17.5031	   18.1237	   18.8046	   19.5936	  -16.7873	  -17.6472	  -18.5645	   -19.508	  -20.4678	  -21.4279	  -22.3958	   -23.409	  -24.4641	  -25.5588	  -26.7165	   -27.914	  -29.1086	  -30.2608	  -31.3616	  -32.3805	   -33.333	  -34.2345	   -35.099	  -35.8925	   -36.586	  -35.4215	  -34.0342	  -32.3908	  -30.5476	   -28.559	  -26.5073	  -24.4492	  -22.4308	  -20.3031	  -18.3934	  -16.5595	  -14.8716	  -13.3103	   -11.884	  -10.5676	  -9.39576	  -8.38822	  -7.47754	  -6.67733	  -5.96232	  -5.47747	  -5.04652	  -4.64521	  -4.36414	
-0.0018685	 -0.011722	-0.0354794	 -0.093374	 -0.224476	 -0.488284	-0.0851147	 -0.144635	  -0.22064	 -0.310528	 -0.410909	  -9.56156	  -11.5636	  -13.5299	  -15.3864	  -17.0633	   53.5294	   57.2247	   60.3981	   63.0212	   65.3932	   17.0905	   17.7434	   18.4495	   19.2236	   20.1058	  -19.0358	  -20.0653	   -21.158	  -22.2765	   -23.417	  -24.5764	  -25.7331	  -26.9094	  -28.1291	  -29.3948	  -30.7163	  -32.1156	  -33.5619	  -35.0038	   -36.395	  -37.7224	  -38.9488	  -40.0965	  -41.1812	  -42.2205	   -43.174	  -42.0272	  -40.6891	  -39.0952	  -37.2075	  -35.0905	  -32.8068	  -30.4508	  -28.0876	    -25.77	  -23.3267	  -21.1337	  -19.0277	  -17.0891	  -15.2959	  -13.6575	  -12.1453	   -10.799	  -9.64121	  -8.59458	  -7.67471	  -6.85267	  -6.29516	  -5.79946	   -5.3377	
-0.00154787	-0.00841448	-0.0255204	-0.0672708	 -0.161942	 -0.352538	 -0.779477	  -1.32191	  -2.00705	  -2.81602	  -3.72254	  -6.50373	   -7.8893	   -9.2656	  -10.5869	  -11.8105	   47.9399	   51.5091	   54.5946	   57.2083	   59.5831	     16.98	   17.5812	   18.3619	    19.216	   20.1863	  -20.5785	  -21.7656	  -23.0151	  -24.2902	  -25.5839	  -26.9033	  -28.2421	  -29.5882	  -30.9434	  -32.3446	  -33.8073	  -35.3358	  -36.9537	  -38.6245	    -40.29	  -41.8943	  -43.4243	  -44.8383	  -46.1598	  -47.4076	  -48.6027	  -47.4628	  -46.2014	  -44.7302	   -42.978	   -40.903	  -38.5761	  -36.0662	  -33.4771	  -30.8802	  -28.3334	  -25.6482	  -23.2381	  -20.9234	  -18.7926	  -16.8214	  -15.0203	  -13.3578	  -11.8774	  -10.6043	  -9.45308	  -8.44114	  -7.53668	  -6.92323	  -6.37758	
 -0.001248	-0.00582444	-0.0176921	-0.0466846	 -0.112505	 -0.245246	  -1.22925	  -2.08248	  -3.18033	  -4.47503	  -5.93071	  -4.32031	  -5.25447	  -6.18869	  -7.09701	  -7.95467	   40.6195	   43.9103	   46.7794	   49.2241	   51.4891	   14.7751	   15.3311	   16.0803	   16.9062	   17.8407	  -21.4987	   -22.832	  -24.2273	  -25.6423	  -27.0738	  -28.5269	  -30.0074	  -31.5208	  -33.0269	  -34.5381	  -36.1111	  -37.7539	  -39.4693	   -41.284	  -43.1576	  -45.0214	  -46.8154	  -48.5286	  -50.1089	  -51.5846	  -52.9772	  -51.8672	  -50.6498	  -49.3033	  -47.7332	  -45.8636	  -43.6496	   -41.167	  -38.4893	  -35.7272	   -32.957	  -30.2402	  -27.3754	  -24.8041	  -22.3343	  -20.0607	  -17.9572	  -16.0352	  -14.2608	  -12.6807	  -11.3216	  -10.0925	  -9.01182	  -8.04581	  -7.39058	
-0.000983154	-0.00405123	-0.0123179	-0.0325255	-0.0784321	  -0.17115	   -1.3455	  -2.28418	  -3.49146	  -4.93974	  -6.56785	  -3.04252	  -3.70922	  -4.37912	  -5.03506	  -5.66355	   32.2913	   35.1352	   37.6675	   39.8425	   41.8523	   10.6381	   11.0927	   11.6836	   12.3383	   13.0831	  -21.8735	  -23.3402	  -24.8699	  -26.4161	  -27.9709	  -29.5448	  -31.1416	  -32.7803	  -34.4393	  -36.0841	  -37.7447	  -39.4751	  -41.2801	  -43.1632	  -45.1552	  -47.2079	  -49.2476	  -51.2127	  -53.0878	  -54.8153	  -56.4273	   -55.341	  -54.1802	  -52.9077	   -51.501	  -49.8611	  -47.9085	  -45.5963	  -43.0036	  -40.2073	   -37.323	  -34.4303	  -31.5933	  -28.6013	  -25.9159	  -23.3364	  -20.9616	  -18.7643	  -16.7564	  -14.9027	  -13.2517	  -11.8315	  -10.5469	  -9.41725	  -8.40732	
-0.000763604	-0.0030549	-0.00929679	-0.0245537	-0.0592273	 -0.129321	  -1.15716	  -1.96861	  -3.01693	  -4.27653	  -5.71568	   -2.5821	  -3.15643	  -3.73386	  -4.30178	  -4.85017	   22.9996	   25.1496	   27.1464	   28.9023	   30.5231	   4.48622	   4.70972	   4.98097	   5.28304	   5.62788	  -21.7858	  -23.3604	  -25.0119	  -26.6792	  -28.3507	  -30.0329	  -31.7355	  -33.4748	  -35.2433	  -37.0275	  -38.8067	  -40.6043	  -42.4761	   -44.426	  -46.4599	  -48.6077	  -50.8186	  -53.0166	  -55.1323	  -57.1504	  -59.0075	   -58.007	  -56.8885	  -55.6941	  -54.3855	  -52.9395	  -51.2542	  -49.2475	  -46.8713	  -44.2069	  -41.3332	  -38.3692	  -35.3967	  -32.4814	  -29.4063	  -26.6464	  -23.9951	   -21.554	  -19.2952	   -17.231	  -15.3251	  -13.6276	   -12.167	  -10.8458	   -9.6838	
-0.000593845	-0.00254465	-0.00774926	-0.0204701	-0.0493736	 -0.107842	 -0.831727	  -1.41737	  -2.17753	  -3.09565	  -4.14787	  -2.51809	  -3.08843	  -3.66194	  -4.22519	  -4.77127	    14.583	   15.9979	   17.3566	    18.612	   19.7911	  -1.50294	   -1.5827	  -1.68187	  -1.79143	    -1.917	  -21.3118	  -22.9704	  -24.7169	  -26.4935	  -28.2734	  -30.0594	  -31.8569	  -33.6882	  -35.5421	  -37.4213	  -39.3282	  -41.2309	  -43.1511	  -45.1488	  -47.2288	  -49.3939	  -51.6786	  -54.0319	  -56.3686	  -58.6164	  -60.7601	  -59.9088	  -58.8907	  -57.7535	    -56.54	  -55.2112	  -53.7435	  -52.0331	  -49.9967	  -47.5851	   -44.881	  -41.9644	  -38.9563	  -35.9395	  -32.9808	  -29.8594	   -27.058	  -24.3665	  -21.8883	  -19.5951	  -17.4992	   -15.564	  -13.8401	  -12.3568	  -11.0147	
-0.000466406	-0.00222846	-0.00679034	-0.0179368	 -0.043259	-0.0944868	 -0.514483	 -0.877807	  -1.35127	  -1.92622	  -2.58883	  -2.52148	  -3.10724	    -3.696	  -4.27302	  -4.83011	   8.55048	   9.39388	   10.2244	   11.0221	   11.8098	  -5.30554	  -5.63322	  -6.01391	  -6.43734	   -6.9188	  -20.5331	  -22.2409	  -24.0579	  -25.9171	  -27.7946	  -29.6774	  -31.5672	  -33.4811	   -35.414	  -37.3646	  -39.3536	  -41.3734	   -43.386	  -45.4149	  -47.5254	  -49.7176	  -51.9973	  -54.4053	  -56.8826	  -59.3403	  -61.7034	  -61.0797	  -60.2213	  -59.1958	  -58.0513	  -56.8307	   -55.495	  -54.0202	  -52.3018	  -50.2557	  -47.8325	  -45.1152	  -42.1844	  -39.1617	  -36.1303	  -33.1571	    -30.02	  -27.2045	  -24.4992	  -22.0082	  -19.7029	  -17.5959	  -15.6502	  -13.9169	  -12.4252	
-0.000374233	-0.00194876	-0.00594676	 -0.015706	-0.0378682	-0.0827107	 -0.289057	 -0.493658	 -0.761027	  -1.08718	  -1.46535	  -2.36313	  -2.92043	  -3.49026	  -4.04771	   -4.5832	   5.27516	    5.7986	   6.31889	   6.83361	   7.36308	  -6.20352	  -6.65412	  -7.14677	   -7.6864	  -8.30348	  -19.5226	  -21.2488	  -23.1008	  -25.0182	  -26.9667	  -28.9367	  -30.9129	  -32.9085	  -34.9124	    -36.93	  -38.9782	  -41.0682	   -43.188	  -45.2976	  -47.4235	  -49.6305	  -51.9201	  -54.3028	  -56.8174	  -59.4023	  -61.9649	  -61.5298	  -60.9058	  -60.0473	  -59.0229	  -57.8805	   -56.663	  -55.3313	  -53.8615	  -52.1489	  -50.1098	  -47.6946	  -44.9861	  -42.0648	  -39.0518	  -36.0302	  -33.0665	  -29.9389	   -27.132	  -24.4346	  -21.9508	  -19.6519	  -17.5507	  -15.6103	  -13.8814	
-0.000305305	-0.00168012	-0.00514081	-0.0135859	-0.0327412	-0.0714993	 -0.157248	 -0.268731	 -0.414773	 -0.593463	 -0.801694	  -2.02199	  -2.50653	  -3.00497	  -3.50161	  -3.97689	   3.78088	   4.15562	   4.52912	   4.90266	   5.29979	  -5.33643	  -5.79626	  -6.27569	  -6.79179	  -7.37304	  -18.3468	  -20.0624	  -21.9182	  -23.8584	   -25.854	  -27.8846	  -29.9386	   -32.011	  -34.0866	  -36.1646	  -38.2691	   -40.407	  -42.5859	  -44.7936	  -46.9896	  -49.1976	  -51.4877	  -53.8649	  -56.3358	   -58.942	  -61.6197	  -61.3815	  -60.9473	  -60.3272	  -59.4746	  -58.4582	  -57.3256	  -56.1195	  -54.8008	  -53.3459	  -51.6508	  -49.6322	   -47.241	  -44.5594	  -41.6668	  -38.6835	  -35.6917	  -32.7572	  -29.6597	  -26.8799	  -24.2083	  -21.7481	  -19.4708	  -17.3893	  -15.4669	
-0.000250296	-0.00138466	-0.0042472	-0.0112441	-0.0271028	 -0.059161	 -0.116277	 -0.198853	 -0.307193	 -0.440101	 -0.595456	    -1.519	  -1.88862	  -2.27138	  -2.65565	  -3.03096	   3.39097	   3.73039	    4.0632	   4.39703	   4.75682	  -3.57377	  -3.93152	  -4.29601	  -4.68853	  -5.12269	  -17.0484	  -18.7436	  -20.5744	  -22.5066	  -24.5139	  -26.5817	  -28.6871	  -30.8283	   -32.972	  -35.1126	   -37.268	  -39.4525	  -41.6686	  -43.9253	  -46.2112	  -48.4796	  -50.7576	  -53.1225	  -55.5738	  -58.1196	  -60.8043	   -60.702	  -60.4634	  -60.0326	    -59.42	   -58.578	  -57.5754	  -56.4591	  -55.2711	  -53.9727	  -52.5407	  -50.8723	  -48.8853	  -46.5313	   -43.891	  -41.0429	  -38.1056	  -35.1597	  -32.2702	  -29.2197	   -26.482	  -23.8507	  -21.4273	   -19.184	  -17.1334	
-0.000203346	-0.00109285	-0.00335652	-0.00890036	-0.0214803	-0.0468952	 -0.120493	 -0.206182	 -0.318827	 -0.457211	  -0.61939	  -1.00016	  -1.24626	  -1.50331	  -1.76322	  -2.01955	   3.19193	   3.52051	   3.83656	   4.14698	   4.48334	  -2.10143	  -2.34292	  -2.57771	  -2.84057	  -3.13084	  -15.6809	  -17.3297	  -19.1271	  -21.0231	  -23.0121	  -25.0817	  -27.2152	   -29.399	  -31.6036	  -33.8044	  -36.0142	  -38.2407	  -40.4944	  -42.7786	  -45.1042	   -47.455	  -49.7846	  -52.1256	  -54.5532	  -57.0667	  -59.6757	  -59.6186	  -59.5143	  -59.2765	  -58.8512	   -58.249	  -57.4217	  -56.4375	  -55.3426	   -54.178	   -52.906	  -51.5032	  -49.8691	  -47.9225	   -45.616	  -43.0288	  -40.2378	  -37.3593	  -34.4725	  -31.6406	  -28.6505	   -25.967	  -23.3876	  -21.0118	  -18.8124	
-0.000163028	-0.00083511	-0.00256519	-0.00680609	-0.0164533	-0.0359612	 -0.126324	 -0.216286	  -0.33475	 -0.480585	 -0.651658	 -0.586688	 -0.732003	 -0.884821	  -1.04087	  -1.19583	    2.7191	   3.01369	   3.29225	   3.55897	   3.84122	  -1.37285	  -1.54561	  -1.70723	  -1.89501	   -2.1099	  -14.2627	  -15.8705	   -17.609	  -19.4618	  -21.4051	   -23.447	  -25.5735	  -27.7768	  -30.0162	  -32.2708	  -34.5336	  -36.8069	  -39.0944	  -41.4079	  -43.7522	  -46.1342	  -48.5395	  -50.9244	  -53.3173	  -55.7969	  -58.3621	  -58.2787	  -58.2186	  -58.1129	   -57.877	  -57.4589	  -56.8695	    -56.06	   -55.098	  -54.0286	  -52.8918	  -51.6506	  -50.2823	  -48.6882	   -46.789	  -44.5382	  -42.0133	  -39.2894	    -36.48	  -33.6624	  -30.8984	  -27.9793	  -25.3595	  -22.8411	  -20.5213	
-0.00012806	-0.000635395	-0.00194974	-0.00517049	-0.0125064	-0.0273634	 -0.118385	 -0.202943	 -0.314432	 -0.451904	  -0.61348	 -0.317111	 -0.396033	 -0.479215	 -0.564807	 -0.650779	   1.80588	   2.00924	   2.20597	    2.3901	   2.57885	  -1.60489	  -1.78854	  -1.97688	   -2.2036	  -2.47232	  -12.8035	  -14.3802	  -16.0668	  -17.8518	  -19.7436	  -21.7311	  -23.8214	  -26.0091	  -28.2607	  -30.5431	  -32.8533	  -35.1731	  -37.5002	  -39.8399	  -42.2059	  -44.5988	  -47.0278	  -49.4823	   -51.912	  -54.3473	  -56.8693	  -56.8014	  -56.7149	  -56.6522	  -56.5457	  -56.3126	  -55.9033	  -55.3284	  -54.5393	  -53.6024	  -52.5615	  -51.4559	  -50.2492	  -48.9192	  -47.3697	  -45.5233	  -43.3347	  -40.8792	  -38.2301	  -35.4977	  -32.7573	  -30.0688	  -27.2289	  -24.6803	  -22.2299	
-9.8467e-05	-0.000496585	-0.00152049	-0.00402538	-0.00972743	-0.0212887	  -0.10525	 -0.180805	 -0.280629	 -0.403899	 -0.548948	 -0.148142	 -0.185112	 -0.224142	 -0.264369	 -0.305126	  0.785295	  0.877381	  0.967087	   1.05319	   1.13876	  -2.34412	  -2.57863	  -2.84629	  -3.17499	  -3.57825	  -11.3301	  -12.8645	  -14.5106	  -16.2363	  -18.0529	  -19.9816	  -22.0097	  -24.1529	  -26.3817	  -28.6699	  -31.0013	  -33.3624	    -35.73	  -38.1028	  -40.4882	   -42.896	  -45.3286	  -47.8001	  -50.2942	  -52.7599	  -55.2289	  -55.1857	  -55.1141	   -55.025	  -54.9601	  -54.8532	  -54.6238	  -54.2243	  -53.6655	  -52.8987	   -51.989	  -50.9793	  -49.9073	  -48.7377	   -47.449	  -45.9475	   -44.158	  -42.0363	  -39.6556	   -37.087	  -34.4375	  -31.7803	  -29.1732	  -26.4188	  -23.9468	
-7.51629e-05	-0.000414082	-0.00126876	-0.00334878	-0.0080741	-0.0176582	-0.0864239	 -0.148712	 -0.231447	 -0.333874	  -0.45455	-0.0639221	-0.0799506	-0.0968284	 -0.114241	 -0.131898	 -0.134146	 -0.150294	 -0.166371	 -0.181915	 -0.197732	  -3.21769	  -3.51729	  -3.87115	  -4.31178	   -4.8634	  -9.91138	  -11.3478	  -12.9427	  -14.6221	  -16.3736	  -18.2202	  -20.1828	  -22.2561	  -24.4336	  -26.6929	  -29.0242	  -31.4004	  -33.8037	  -36.2116	  -38.6242	  -41.0452	  -43.4866	  -45.9552	  -48.4603	  -50.9856	  -53.4795	  -53.4568	  -53.4095	  -53.3346	  -53.2433	  -53.1766	  -53.0697	  -52.8448	   -52.456	  -51.9143	  -51.1712	  -50.2905	  -49.3136	  -48.2771	  -47.1466	  -45.9013	  -44.4502	  -42.7205	  -40.6691	  -38.3671	  -35.8832	   -33.321	  -30.7512	  -28.2298	  -25.5652	
-5.71671e-05	-0.000361235	-0.00110597	-0.00291808	-0.00701113	-0.0153064	-0.0667318	 -0.114887	 -0.179197	 -0.259393	 -0.354128	-0.0279107	-0.0349457	-0.0423531	-0.0499588	-0.0576718	 -0.732976	 -0.822194	 -0.912613	  -1.00226	  -1.09388	  -3.76225	  -4.11098	  -4.51848	  -5.01674	  -5.64977	  -8.60161	  -9.89761	  -11.3854	  -13.0085	   -14.709	  -16.4852	  -18.3596	  -20.3607	   -22.462	  -24.6643	  -26.9608	  -29.3315	  -31.7442	  -34.1827	  -36.6256	  -39.0686	  -41.5178	  -43.9898	  -46.4862	  -49.0171	  -51.5664	  -51.6488	  -51.6208	  -51.5696	  -51.4918	  -51.3988	  -51.3307	  -51.2243	  -51.0043	  -50.6269	  -50.1032	  -49.3848	  -48.5342	  -47.5913	  -46.5915	  -45.5015	  -44.3009	   -42.902	  -41.2339	  -39.2553	  -37.0345	  -34.6381	  -32.1661	  -29.6866	  -27.2537	
-4.26832e-05	-0.000324719	-0.000993836	-0.00261745	-0.00628342	-0.0136764	-0.0483365	-0.0831782	 -0.129848	  -0.18849	 -0.258423	-0.0106774	-0.0132518	-0.0160742	-0.0189681	-0.0218805	  -0.96632	   -1.0833	  -1.20351	   -1.3252	  -1.45282	  -3.81534	  -4.18813	  -4.61085	  -5.11097	  -5.73628	  -7.43724	  -8.56683	  -9.90535	  -11.4158	  -13.0562	  -14.7772	  -16.5762	   -18.483	  -20.5069	  -22.6275	  -24.8614	  -27.1923	  -29.5944	  -32.0372	  -34.5063	  -36.9753	  -39.4418	  -41.9168	  -44.4117	  -46.9288	  -49.4789	  -49.7048	  -49.7783	  -49.7452	  -49.6905	  -49.6103	   -49.516	  -49.4469	  -49.3414	  -49.1267	  -48.7613	  -48.2559	  -47.5629	   -46.743	  -45.8349	  -44.8726	  -43.8238	  -42.6689	   -41.323	  -39.7178	  -37.8132	  -35.6753	   -33.368	  -30.9879	  -28.6005	
-3.11174e-05	-0.000279545	-0.000859079	-0.00225854	-0.00541021	-0.0117712	-0.0351045	-0.0603343	-0.0941628	 -0.136853	 -0.188298	0.00450782	 0.0058814	0.00730312	0.00862259	0.00994603	 -0.884905	 -0.990775	  -1.09946	  -1.21131	  -1.33128	  -3.35916	  -3.70226	  -4.09881	   -4.5502	  -5.09751	  -6.42552	  -7.38998	  -8.55399	  -9.90995	  -11.4336	  -13.0908	  -14.8307	   -16.657	  -18.5818	  -20.6207	  -22.7678	  -25.0308	  -27.3885	  -29.8165	  -32.2852	  -34.7765	  -37.2654	  -39.7535	   -42.247	  -44.7584	  -47.2902	  -47.6111	  -47.8232	  -47.8881	  -47.8504	  -47.7926	  -47.7104	  -47.6152	  -47.5454	  -47.4411	   -47.232	  -46.8788	  -46.3921	  -45.7248	  -44.9362	  -44.0632	  -43.1387	  -42.1315	  -41.0226	  -39.7301	  -38.1882	  -36.3583	  -34.3039	  -32.0865	   -29.799	
-2.20957e-05	-0.000213818	-0.000661109	-0.0017428	-0.00416599	-0.00904717	-0.0285013	-0.0488872	-0.0762163	 -0.110754	 -0.152636	 0.0191482	 0.0244485	 0.0300641	 0.0357323	  0.041222	 -0.681058	 -0.760974	 -0.842811	 -0.926927	  -1.01891	  -2.65899	  -2.94472	  -3.27405	  -3.65526	   -4.1006	   -5.5608	  -6.37221	  -7.36423	  -8.54095	  -9.90618	  -11.4428	  -13.1155	  -14.8787	  -16.7193	  -18.6551	  -20.7161	  -22.8874	  -25.1726	  -27.5521	  -30.0022	  -32.4893	  -34.9971	  -37.5043	  -40.0073	  -42.5135	  -45.0357	  -45.4367	  -45.7399	  -45.9385	  -45.9951	  -45.9532	  -45.8927	  -45.8089	  -45.7132	   -45.643	  -45.5401	  -45.3369	  -44.9961	  -44.5281	  -43.8867	  -43.1293	  -42.2915	  -41.4048	  -40.4391	  -39.3761	   -38.137	  -36.6583	   -34.903	  -32.9321	  -30.8045	
-1.55112e-05	-0.000132554	-0.000413162	-0.00109457	-0.00262285	-0.00568709	-0.0274021	-0.0470732	-0.0732533	 -0.106322	 -0.146506	 0.0356194	 0.0455076	 0.0561473	 0.0669687	 0.0775793	 -0.492696	 -0.549831	 -0.607217	 -0.666027	 -0.730325	  -1.96039	  -2.17673	  -2.43154	  -2.72631	  -3.07606	  -4.81479	  -5.50598	  -6.33937	  -7.34025	  -8.52278	  -9.89727	  -11.4459	  -13.1382	  -14.9129	  -16.7616	  -18.7156	  -20.7968	   -22.986	   -25.289	   -27.687	  -30.1523	  -32.6524	  -35.1756	  -37.6949	  -40.2074	  -42.7209	  -43.2137	  -43.5932	  -43.8791	  -44.0645	  -44.1133	  -44.0676	  -44.0048	  -43.9197	  -43.8238	  -43.7534	  -43.6521	   -43.455	  -43.1266	  -42.6773	  -42.0617	  -41.3353	  -40.5325	  -39.6832	  -38.7588	  -37.7413	  -36.5551	  -35.1392	  -33.4579	  -31.5697	
-1.06164e-05	-5.93464e-05	-0.000181482	-0.00048433	-0.0011666	-0.00253796	-0.0281022	-0.0483224	-0.0753969	 -0.109213	 -0.150259	 0.0496253	 0.0634243	 0.0785966	 0.0943755	  0.109857	  -0.36062	 -0.402022	 -0.443094	  -0.48419	 -0.529046	  -1.38868	  -1.54132	  -1.72537	   -1.9437	  -2.20254	  -4.15812	  -4.76129	   -5.4702	  -6.30947	  -7.31345	  -8.50204	  -9.88525	  -11.4496	  -13.1511	  -14.9319	  -16.7958	  -18.7663	  -20.8618	  -23.0651	   -25.383	  -27.7933	  -30.2689	  -32.7813	  -35.3142	  -37.8405	  -40.3575	  -40.9455	  -41.4125	   -41.771	    -42.04	  -42.2127	  -42.2541	  -42.2049	  -42.1401	  -42.0542	  -41.9584	  -41.8879	  -41.7884	  -41.5974	  -41.2814	  -40.8506	  -40.2604	  -39.5648	  -38.7965	  -37.9842	  -37.1004	  -36.1278	  -34.9937	  -33.6397	  -32.0314	
-7.19797e-06	-9.89134e-07	-3.03844e-06	-7.92791e-06	-2.06873e-05	-4.94755e-05	-0.0298041	-0.0512117	-0.0800966	 -0.116451	  -0.15981	 0.0619132	 0.0790064	 0.0980454	   0.11843	  0.138969	  -0.25675	 -0.286682	 -0.315402	 -0.343681	 -0.373724	 -0.945179	  -1.04484	  -1.16838	  -1.31882	  -1.50161	  -3.56587	   -4.1075	   -4.7252	  -5.43796	  -6.27836	   -7.2859	   -8.4803	   -9.8756	  -11.4467	  -13.1529	  -14.9465	   -16.824	  -18.8057	  -20.9121	  -23.1271	  -25.4543	  -27.8725	  -30.3581	  -32.8776	  -35.4153	  -37.9442	  -38.6418	  -39.1994	  -39.6412	  -39.9792	  -40.2317	  -40.3922	  -40.4267	  -40.3745	   -40.308	  -40.2214	  -40.1259	  -40.0557	  -39.9581	  -39.7732	  -39.4695	  -39.0568	  -38.4917	  -37.8263	  -37.0918	  -36.3159	  -35.4718	  -34.5433	  -33.4603	   -32.167	
-4.94907e-06	3.26254e-05	0.00010096	0.000263891	0.000624133	0.00136756	 -0.028815	-0.0497923	-0.0778819	 -0.113648	 -0.156693	 0.0668316	  0.084999	  0.105311	  0.127464	  0.150619	 -0.175873	 -0.197336	 -0.217336	 -0.236204	 -0.255862	 -0.623774	 -0.685037	 -0.762471	 -0.859423	  -0.98038	   -3.0412	   -3.5189	  -4.07263	  -4.69288	  -5.40555	   -6.2477	  -7.25878	  -8.46208	  -9.86185	  -11.4359	   -13.153	  -14.9582	  -16.8445	  -18.8343	  -20.9498	  -23.1713	  -25.5041	  -27.9301	  -30.4209	  -32.9431	  -35.4817	  -36.2998	  -36.9617	  -37.4896	   -37.907	  -38.2251	  -38.4618	  -38.6106	  -38.6386	  -38.5837	  -38.5158	  -38.4288	  -38.3339	   -38.264	  -38.1684	  -37.9896	  -37.6978	   -37.303	  -36.7625	  -36.1265	  -35.4251	  -34.6847	  -33.8795	  -32.9939	  -31.9609	
-3.45783e-06	4.25719e-05	0.000132813	0.000348782	0.000825637	0.00177127	 -0.023122	-0.0402586	-0.0634656	-0.0926343	  -0.12835	 0.0607746	 0.0769569	 0.0949719	  0.114725	  0.135826	 -0.103313	 -0.117032	  -0.12949	 -0.140799	 -0.151958	 -0.371673	 -0.404101	 -0.446913	 -0.501074	 -0.570609	  -2.57832	  -2.99829	  -3.48601	  -4.04152	  -4.66107	  -5.37436	  -6.21838	  -7.23584	  -8.44158	  -9.84272	  -11.4257	  -13.1528	  -14.9652	  -16.8576	   -18.854	  -20.9739	  -23.1988	  -25.5371	  -27.9668	  -30.4589	  -32.9801	  -33.9186	  -34.6956	  -35.3228	  -35.8219	  -36.2156	  -36.5146	  -36.7361	  -36.8737	  -36.8956	  -36.8383	  -36.7693	  -36.6821	  -36.5878	  -36.5184	  -36.4248	  -36.2521	  -35.9721	  -35.5946	   -35.078	  -34.4707	  -33.8016	  -33.0957	  -32.3283	  -31.4845	
-2.01171e-06	3.60112e-05	0.000113265	0.000299088	0.000710751	0.00152604	-0.0135783	-0.0238847	-0.0380515	-0.0561295	-0.0777706	 0.0452072	 0.0575844	 0.0706137	 0.0848665	  0.100264	-0.0355033	-0.0405511	-0.0453025	-0.0494692	-0.0533686	 -0.166799	 -0.180858	 -0.198391	 -0.220832	 -0.250011	   -2.1797	  -2.53959	  -2.96786	  -3.45677	  -4.01135	  -4.63093	  -5.34505	  -6.19356	  -7.21191	  -8.41764	  -9.82572	   -11.417	  -13.1501	  -14.9674	  -16.8647	  -18.8637	  -20.9852	  -23.2136	  -25.5539	  -27.9836	  -30.4737	   -31.507	  -32.3989	  -33.1359	  -33.7294	  -34.2006	  -34.5714	   -34.852	   -35.059	   -35.186	  -35.2021	  -35.1428	  -35.0728	  -34.9857	  -34.8922	  -34.8233	  -34.7318	   -34.565	  -34.2965	  -33.9358	  -33.4423	   -32.863	  -32.2251	  -31.5527	   -30.822	
-1.40146e-06	2.01142e-05	6.37687e-05	0.000169315	 0.0004045	0.000871722	-0.00417149	-0.00716519	-0.0115653	-0.0172898	-0.0242673	 0.0265222	 0.0340028	 0.0419543	 0.0500135	 0.0587111	 0.0214281	  0.024535	 0.0276369	 0.0304692	 0.0329879	-0.00837125	-0.00911093	-0.00992147	-0.0109431	-0.0122912	  -1.84482	  -2.14517	  -2.51185	  -2.94088	  -3.42873	  -3.98312	  -4.60296	  -5.32035	  -6.16865	  -7.18598	  -8.39688	  -9.81152	  -11.4075	  -13.1448	   -14.966	  -16.8647	  -18.8637	  -20.9873	  -23.2161	  -25.5551	  -27.9819	  -29.0968	  -30.0789	  -30.9255	  -31.6238	  -32.1847	  -32.6291	  -32.9779	  -33.2409	  -33.4339	  -33.5508	  -33.5616	  -33.5004	  -33.4297	  -33.3428	  -33.2502	  -33.1819	  -33.0924	  -32.9314	   -32.674	  -32.3295	  -31.8586	  -31.3062	  -30.6986	  -30.0586	
1.96856e-06	7.13921e-06	2.28111e-05	6.08667e-05	0.000146558	0.000317196	0.00323675	0.00559591	0.00879125	 0.0133576	 0.0190535	  0.010429	 0.0133509	 0.0165847	 0.0198939	 0.0231205	 0.0626388	 0.0714669	 0.0806632	 0.0896483	  0.097941	  0.105241	  0.113063	  0.122241	  0.133715	  0.148696	  -1.57044	   -1.8144	  -2.12025	  -2.48733	  -2.91526	  -3.40275	  -3.95719	  -4.57957	  -5.29616	  -6.14275	  -7.16388	  -8.37971	  -9.79773	   -11.397	  -13.1378	  -14.9599	  -16.8577	  -18.8575	  -20.9803	  -23.2066	  -25.5418	  -26.7056	  -27.7655	  -28.6977	  -29.5005	  -30.1614	  -30.6909	  -31.1095	  -31.4372	  -31.6833	  -31.8631	  -31.9703	  -31.9761	  -31.9134	  -31.8421	  -31.7554	  -31.6638	  -31.5962	  -31.5088	  -31.3534	  -31.1067	   -30.778	  -30.3288	  -29.8025	  -29.2241	
1.3497e-06	8.27812e-06	-4.11763e-06	-1.10322e-05	-2.56869e-05	-5.58017e-05	0.00763041	 0.0133193	 0.0211303	 0.0310797	 0.0451984	-0.000633502	-0.000824837	-0.00102193	-0.00123428	-0.00144323	 0.0871754	 0.0985696	  0.110755	  0.123261	  0.135656	  0.174519	   0.18793	  0.202462	  0.219662	  0.242051	  -1.34809	  -1.54395	  -1.79235	  -2.09828	  -2.46421	  -2.89171	  -3.37909	   -3.9357	   -4.5571	  -5.27171	  -6.12108	   -7.1458	  -8.36374	  -9.78407	  -11.3862	  -13.1279	   -14.949	  -16.8468	  -18.8448	  -20.9644	   -23.186	  -24.3675	   -25.474	  -26.4806	  -27.3647	  -28.1251	    -28.75	  -29.2494	  -29.6433	  -29.9508	  -30.1808	  -30.3479	   -30.446	  -30.4472	   -30.383	  -30.3113	  -30.2251	  -30.1345	  -30.0676	  -29.9822	  -29.8323	   -29.596	  -29.2825	  -28.8542	   -28.353	
9.76923e-07	2.37519e-06	7.72286e-06	-3.8253e-05	-9.12831e-05	-0.000198724	0.00916224	 0.0161427	 0.0259462	 0.0386478	 0.0540205	-0.00633832	 -0.008427	-0.0106351	-0.0127944	-0.0150618	 0.0963797	  0.107504	  0.119546	  0.132314	  0.145663	  0.201114	  0.218245	  0.235271	  0.254123	  0.277515	  -1.16986	  -1.32524	   -1.5247	   -1.7729	  -2.07764	  -2.44306	  -2.87039	   -3.3596	  -3.91538	  -4.53489	  -5.25172	  -6.10363	  -7.12936	  -8.34853	  -9.77086	  -11.3736	  -13.1148	   -14.936	  -16.8317	  -18.8259	  -20.9402	  -22.1136	  -23.2366	  -24.2876	  -25.2425	  -26.0801	  -26.7999	  -27.3903	  -27.8609	  -28.2311	  -28.5195	  -28.7341	   -28.889	  -28.9785	  -28.9753	  -28.9099	   -28.838	  -28.7524	   -28.663	  -28.5968	  -28.5134	  -28.3688	  -28.1426	  -27.8436	  -27.4355	
7.95036e-07	1.26442e-06	4.17106e-06	1.12575e-05	-7.80092e-05	-0.000169728	0.00865458	 0.0153584	 0.0249893	  0.037828	 0.0536678	-0.00816983	-0.0111342	-0.0143735	-0.0176341	-0.0206484	 0.0902928	  0.101268	  0.110907	  0.121322	  0.132644	  0.191017	  0.208466	  0.226132	  0.244193	  0.265283	  -1.02574	  -1.15028	  -1.30863	  -1.50769	  -1.75465	  -2.05877	  -2.42396	  -2.85292	  -3.34145	  -3.89574	  -4.51731	  -5.23608	  -6.08808	  -7.11408	  -8.33429	  -9.75685	  -11.3592	  -13.1011	  -14.9208	  -16.8126	   -18.801	  -19.9678	  -21.0825	  -22.1487	  -23.1459	  -24.0512	  -24.8443	  -25.5251	  -26.0825	  -26.5257	  -26.8734	  -27.1433	  -27.3432	  -27.4867	  -27.5679	  -27.5607	  -27.4944	  -27.4224	  -27.3374	  -27.2492	  -27.1839	  -27.1024	   -26.963	  -26.7466	  -26.4617	
6.20377e-07	1.82615e-06	6.14581e-06	1.66928e-05	  4.04e-05	-8.83114e-05	0.00705769	 0.0125688	 0.0206468	 0.0317197	 0.0458557	-0.00757747	-0.0097677	-0.0129501	-0.0162714	-0.0194432	 0.0711476	 0.0802824	 0.0883598	 0.0950556	   0.10255	  0.152996	  0.166659	  0.181526	  0.197054	  0.213856	 -0.908803	   -1.0091	  -1.13616	  -1.29398	  -1.49176	    -1.738	  -2.04181	  -2.40839	   -2.8369	  -3.32434	  -3.88089	  -4.50422	  -5.22257	  -6.07402	  -7.10019	  -8.31998	  -9.74199	  -11.3454	  -13.0869	  -14.9036	  -16.7899	  -17.9266	  -19.0346	  -20.0923	  -21.1037	  -22.0492	  -22.9068	  -23.6573	   -24.301	   -24.827	  -25.2439	    -25.57	  -25.8224	  -26.0083	  -26.1408	  -26.2142	  -26.2034	  -26.1364	  -26.0644	  -25.9802	  -25.8932	  -25.8287	  -25.7492	   -25.615	   -25.408	
4.48142e-07	2.56793e-06	8.83722e-06	2.42678e-05	5.8541e-05	0.000126886	0.00511409	0.00909136	 0.0150201	 0.0233432	 0.0343289	-0.00585195	-0.00768609	-0.00955765	 -0.012349	 -0.015122	 0.0417258	 0.0466946	 0.0516772	 0.0558358	 0.0591423	 0.0938371	  0.101242	  0.109884	  0.119631	  0.130383	 -0.810827	 -0.894882	  -0.99738	  -1.12384	  -1.28038	  -1.47737	  -1.72317	  -2.02812	  -2.39442	   -2.8223	   -3.3122	  -3.87081	  -4.49369	  -5.21112	  -6.06199	  -7.08714	  -8.30597	  -9.72904	  -11.3329	  -13.0731	  -14.8856	  -16.0107	  -17.0896	  -18.1406	  -19.1433	   -20.102	   -20.998	  -21.8101	  -22.5199	  -23.1281	   -23.624	  -24.0157	  -24.3213	  -24.5569	  -24.7294	  -24.8515	  -24.9177	  -24.9035	  -24.8359	  -24.7641	  -24.6806	  -24.5949	  -24.5313	  -24.4539	  -24.3246	
2.9189e-07	2.73433e-06	9.57611e-06	2.66889e-05	6.47921e-05	0.000140458	0.00314837	0.00575641	0.00951828	 0.0149022	 0.0222154	-0.0039483	-0.00531043	-0.00673303	-0.0080925	-0.0101962	0.00212028	0.00242093	0.00265362	 0.0028816	0.00306208	 0.0163661	 0.0173295	 0.0185986	 0.0201479	  0.021994	 -0.725992	 -0.799619	 -0.885626	 -0.987525	  -1.11274	  -1.26843	  -1.46486	  -1.71151	  -2.01624	   -2.3823	  -2.81301	  -3.30533	  -3.86408	  -4.48623	  -5.20282	  -6.05216	  -7.07594	  -8.29546	  -9.71934	  -11.3233	  -13.0615	     -14.2	  -15.2682	  -16.2912	  -17.2873	  -18.2371	  -19.1452	  -19.9938	  -20.7623	  -21.4332	  -22.0075	  -22.4745	  -22.8422	   -23.128	  -23.3475	  -23.5073	  -23.6196	  -23.6789	  -23.6615	  -23.5934	  -23.5217	   -23.439	  -23.3545	  -23.2918	  -23.2165	
1.43694e-07	1.94598e-06	6.81977e-06	1.92869e-05	 4.756e-05	0.000104187	0.00160485	0.00287163	0.00491794	0.00771667	  0.011609	-0.00258544	-0.00355233	-0.00461699	-0.00565559	-0.0065783	-0.0448538	-0.0524659	-0.0586313	-0.0630056	-0.0672187	-0.0594255	-0.0852769	-0.0898767	-0.0961109	 -0.104227	 -0.650057	 -0.717758	 -0.793085	 -0.878534	 -0.979285	  -1.10363	   -1.2586	   -1.4556	  -1.70198	  -2.00674	  -2.37597	  -2.80978	  -3.30299	  -3.86207	  -4.48384	   -5.1989	  -6.04645	  -7.07047	  -8.29067	  -9.71557	  -11.3198	   -12.469	  -13.5518	  -14.5652	  -15.5342	  -16.4774	  -17.3762	  -18.2357	  -19.0388	  -19.7655	   -20.399	  -20.9407	  -21.3801	  -21.7247	  -21.9915	  -22.1955	  -22.3431	  -22.4459	  -22.4986	  -22.4782	  -22.4094	  -22.3377	  -22.2557	  -22.1724	  -22.1106	
3.61413e-07	2.00005e-06	7.24921e-06	2.0479e-05	5.10276e-05	0.000113931	0.000550056	0.00106516	0.00186768	0.00304929	0.00467652	0.00428421	0.00599809	0.00802904	 0.0102325	 0.0123859	 0.0104869	 0.0119757	 0.0134081	 0.0146874	 0.0156887	-0.00589904	-0.0306464	-0.0313557	-0.0319837	 -0.032828	         	         	         	         	         	         	         	         	         	         	         	         	         	         	         	         	         	         	         	         	         	         	         	         	         	         	         	         	         	         	         	         	         	         	         	         	         	         	         	         	         	         	         	         	         	
         	         	         	         	         	         	         	         	         	         	         	         	         	         	         	         	         	         	         	         	         	         	         	         	         	         	         	         	         	         	         	         	         	         	         	         	         	         	         	         	         	         	         	         	         	         	         	         	         	         	         	         	         	         	         	         	         	         	         	         	         	         	         	         	         	         	         	         	         	         	         	
         	         	         	         	         	         	         	         	         	         	         	         	         	         	         	         	         	         	         	         	         	         	         	         	         	         	         	         	         	         	         	         	         	         	         	         	         	         	         	         	         	         	         	         	         	         	         	         	         	         	         	         	         	         	         	         	         	         	         	         	         	         	         	         	         	         	         	         	         	         	         	
-0.0226367	  0.137193	  0.145606	-0.0370346	  -1.01361	  -1.19245	  -2.91986	   -13.051	   -38.138	  -93.7227	  -292.501	  -61.6339	  -74.4498	  -86.7758	  -97.9542	  -107.391	   -12.385	  -12.8253	  -12.7059	  -12.3555	  -11.6795	   47.5651	   41.2998	   31.9492	   22.1632	   16.4048	  -11.2879	  -10.0711	  -8.93913	  -6.99934	  -6.22038	  -5.29827	  -4.87056	  -4.54555	  -4.23887	  -3.91055	  -3.61045	  -3.33999	  -3.08655	  -2.87317	  -2.68744	  -2.52325	  -2.37102	  -2.24385	  -2.12912	  -2.02018	   -1.9156	   -1.7331	  -1.56633	  -1.41368	  -1.27359	  -1.14539	  -1.02875	 -0.922887	 -0.826921	 -0.739963	  -0.66131	 -0.590326	 -0.526458	 -0.469164	 -0.417923	 -0.372211	 -0.331517	  -0.29535	 -0.263255	 -0.234813	 -0.209618	 -0.187297	 -0.167527	 -0.150022	 -0.134522	
0.00086849	 0.0446852	0.00199061	 -0.206517	  -1.01881	  -1.45114	   1.07023	  -5.44482	  -18.5285	  -47.4743	   -106.89	  -8.40032	  -4.73921	  -5.52676	  -6.25025	   -6.8753	  -25.1208	  -26.2809	  -26.7106	  -25.8544	  -25.3613	   22.9741	   20.9624	   18.7887	   16.0748	   12.5738	  -15.4349	  -13.8042	  -12.9227	  -11.8543	  -9.73414	  -8.81565	  -7.64032	   -7.0398	  -6.57945	  -6.11118	  -5.63216	  -5.21764	  -4.82236	  -4.48456	  -4.20096	  -3.95623	  -3.73263	  -3.52136	  -3.33872	  -3.16966	  -3.00761	   -2.7229	  -2.46216	   -2.2232	  -2.00373	  -1.80222	  -1.61842	   -1.4519	  -1.30135	  -1.16533	  -1.04251	 -0.931799	 -0.832214	 -0.742859	 -0.662867	 -0.591415	 -0.527707	 -0.470992	 -0.420564	 -0.375775	 -0.336032	 -0.300768	 -0.269465	 -0.241676	 -0.217002	
0.000206765	-0.00550771	-0.0672559	 -0.277327	 -0.929127	  -1.41675	   2.49133	  0.525016	   -8.2232	  -24.1565	  -57.2979	   24.4391	   41.3146	   55.1945	    63.266	   70.5319	  -34.7171	  -36.9376	  -38.2632	   -38.536	  -37.3381	   4.17369	   3.84767	   3.52717	   3.20978	   2.84304	  -20.1954	  -16.4186	  -14.9786	  -14.1246	  -13.0026	  -10.8278	  -9.79842	  -8.53702	  -7.88001	  -7.35006	  -6.80323	    -6.275	  -5.81329	  -5.39119	  -5.03062	  -4.72713	  -4.46051	   -4.2139	  -3.98014	  -3.77502	  -3.58381	  -3.24712	  -2.93898	  -2.65652	  -2.39732	  -2.15915	  -1.94079	  -1.74202	   -1.5622	  -1.39983	   -1.2533	  -1.12116	  -1.00219	 -0.895314	 -0.799505	  -0.71379	 -0.637253	 -0.569021	 -0.508275	  -0.45425	  -0.40625	 -0.363633	 -0.325792	 -0.292175	 -0.262303	
1.38867e-05	-0.00121923	-0.0046022	-0.0678752	  -0.29261	 -0.278099	  0.616272	 -0.658232	  -5.57992	  -18.5539	  -39.5453	   11.6925	   10.5191	   23.6482	   33.9324	   38.7087	  -41.7051	  -45.2743	  -48.0392	   -49.663	  -50.2574	  -26.9561	  -26.6491	  -25.5055	  -23.5163	  -21.6391	   -24.212	  -19.6976	  -16.1231	  -14.7629	  -13.9447	  -12.8626	  -10.7259	  -9.70557	  -8.46582	  -7.81128	  -7.27378	  -6.72628	    -6.199	  -5.75087	  -5.34198	  -4.99256	  -4.69649	  -4.43437	  -4.19053	  -3.95883	  -3.75494	  -3.40426	  -3.08429	   -2.7914	  -2.52285	  -2.27638	  -2.04995	  -1.84243	  -1.65362	  -1.48284	  -1.32866	  -1.18956	  -1.06415	 -0.951267	 -0.849872	 -0.758991	 -0.677692	 -0.605102	 -0.540389	 -0.482773	 -0.431531	 -0.385999	 -0.345568	 -0.309663	 -0.277761	
         	-9.82265e-05	-0.000814739	-0.00306684	-0.0612636	 0.0342543	  0.180801	 -0.321903	   -2.5123	   -8.8556	  -23.6093	   9.53215	   5.72151	   2.96524	   13.8065	    22.092	  -39.8456	  -44.2813	  -48.0475	  -50.9771	  -52.9523	  -43.1884	  -42.1781	  -41.7213	  -40.0791	  -37.2345	  -25.8909	  -23.2364	  -18.9488	  -15.5327	  -14.2429	  -13.4777	  -12.4391	  -10.3701	  -9.38504	  -8.18186	  -7.54183	  -7.01623	  -6.48059	  -5.97486	  -5.54839	  -5.15982	  -4.82634	  -4.54237	  -4.28964	  -4.05393	  -3.82975	  -3.46902	  -3.14503	  -2.84942	  -2.57883	  -2.33073	  -2.10303	  -1.89384	  -1.70213	  -1.52769	  -1.36992	  -1.22749	  -1.09898	 -0.983115	 -0.878829	 -0.785153	 -0.701191	 -0.626082	 -0.559018	 -0.499231	 -0.446002	 -0.398661	 -0.356595	 -0.319242	 -0.286071	
         	         	-6.03176e-05	-0.000498305	-0.00187617	 0.0779949	 0.0930228	-0.0244272	 -0.746023	  -3.31432	  -10.1826	   10.6925	   7.78785	   3.60408	  0.404733	   10.2042	  -33.0313	  -37.6633	  -41.8493	  -45.4237	  -48.4158	  -45.5885	  -46.4359	  -45.5522	   -45.216	  -43.6693	  -26.8412	  -24.8977	  -22.3794	  -18.2722	   -15.006	  -13.7795	  -13.0464	   -12.042	  -10.0363	  -9.08134	  -7.90918	  -7.28405	  -6.76851	  -6.25199	  -5.76868	  -5.36309	  -4.99215	  -4.67216	  -4.39835	  -4.15399	  -3.92578	  -3.54175	  -3.20812	  -2.90849	  -2.63511	  -2.38487	  -2.15543	  -1.94485	   -1.7514	  -1.57411	   -1.4128	   -1.2669	  -1.13518	  -1.01633	 -0.909179	 -0.812736	 -0.726104	 -0.648455	 -0.578992	  -0.51697	 -0.461678	  -0.41245	 -0.368668	 -0.329765	 -0.295221	
         	         	         	-3.2328e-05	-0.000266226	 0.0432888	 0.0730825	 0.0610368	-0.0871596	 -0.857552	  -3.47399	    7.7918	   10.5085	   7.83194	    3.9565	   1.04269	  -23.6817	  -28.0042	  -31.9314	  -35.4983	  -38.7151	  -38.0942	  -39.7101	  -40.7508	  -40.1107	  -40.0143	  -27.6235	  -25.8183	  -23.9768	  -21.5691	  -17.6398	  -14.5155	  -13.3384	  -12.6311	  -11.6591	  -9.71201	  -8.78224	  -7.64068	  -7.02852	  -6.53025	  -6.03542	  -5.57504	  -5.18845	  -4.83295	  -4.52468	  -4.26013	  -4.02363	  -3.63147	  -3.27619	  -2.96756	  -2.69038	  -2.43749	  -2.20602	  -1.99378	    -1.799	  -1.62006	  -1.45607	  -1.30686	   -1.1719	  -1.05006	 -0.940126	 -0.841008	 -0.751795	 -0.671658	 -0.599829	 -0.535573	   -0.4782	 -0.427051	 -0.381514	 -0.341013	 -0.305026	
         	         	         	         	-1.35244e-05	 0.0109205	 0.0118145	 0.0685602	 0.0553119	-0.0908746	 -0.838703	   4.64558	   7.98126	   10.9102	   8.76268	   5.53663	  -14.2733	  -17.5666	  -20.7756	   -23.705	  -26.4861	  -25.0133	  -26.6276	  -28.0615	  -28.9036	  -28.5834	  -27.3725	  -26.5618	   -24.849	  -23.0909	  -20.8005	  -17.0451	  -14.0466	   -12.912	  -12.2288	  -11.2856	  -9.39159	  -8.48648	  -7.37319	  -6.78113	  -6.30309	  -5.83127	  -5.39211	   -5.0222	  -4.68014	  -4.38257	  -4.12673	  -3.72235	  -3.35954	  -3.03082	  -2.74528	  -2.48885	   -2.2549	  -2.04077	  -1.84443	  -1.66424	   -1.4987	  -1.34701	  -1.20897	  -1.08413	 -0.971413	 -0.869716	 -0.778022	 -0.695489	 -0.621353	 -0.554902	 -0.495456	 -0.442378	 -0.395059	  -0.35293	 -0.315462	
         	         	         	         	         	 0.0012156	0.00274048	 0.0101439	 0.0620971	 0.0454508	 -0.103472	   2.61649	   4.77241	   8.23571	    11.423	   9.86946	  -6.50444	  -8.41368	  -10.3577	  -12.2599	  -14.0639	  -10.5692	  -11.3349	  -12.2672	  -12.9795	  -13.4344	  -26.2597	  -26.3195	  -25.5505	   -23.913	   -22.249	   -20.077	   -16.478	  -13.5941	  -12.4992	  -11.8368	  -10.9177	  -9.07523	  -8.19232	  -7.11423	  -6.54521	  -6.08899	  -5.63876	  -5.21834	  -4.86285	  -4.53299	  -4.24543	  -3.81796	  -3.44391	  -3.10821	  -2.80404	  -2.53984	   -2.3026	  -2.08615	  -1.88804	  -1.70639	  -1.53969	  -1.38655	  -1.24621	  -1.11851	  -1.00301	 -0.898729	 -0.804642	 -0.719809	 -0.643451	  -0.57486	  -0.51338	  -0.45838	 -0.409272	 -0.365491	 -0.326513	
         	         	         	         	         	         	0.00015381	0.00125769	 0.0046376	 0.0449861	 0.0122462	   1.32353	   2.62727	   4.81908	   8.34301	   11.6977	  -1.30552	  -1.79731	  -2.32564	  -2.86581	   -3.4115	   1.97266	   2.51828	     2.791	   3.03332	   3.22577	  -25.4246	  -25.2486	  -25.3166	  -24.5739	  -23.0259	  -21.4572	  -19.3875	  -15.9319	  -13.1566	  -12.0974	  -11.4515	  -10.5556	  -8.76123	  -7.90769	  -6.86736	  -6.32292	  -5.88727	  -5.45621	  -5.05207	  -4.70958	  -4.39106	  -3.92791	  -3.53259	  -3.18653	  -2.87589	  -2.59441	  -2.34995	  -2.13043	  -1.93017	  -1.74687	  -1.57881	  -1.42457	  -1.28288	  -1.15304	  -1.03489	 -0.928026	 -0.831545	 -0.744492	    -0.666	  -0.59535	 -0.531886	 -0.474999	  -0.42411	 -0.378671	 -0.338162	
         	         	         	         	         	         	         	-0.000193499	-0.00157936	-0.0058605	 0.0141915	  0.628496	   1.28922	    2.5654	   4.71795	   8.18035	   1.25756	   1.87909	   2.58799	   3.35242	   4.15601	   10.6097	   12.5636	   14.2772	   15.8927	   17.3629	    -23.52	    -24.45	  -24.2869	  -24.3492	  -23.6516	  -22.1967	  -20.7033	  -18.7243	  -15.4046	  -12.7312	  -11.7034	  -11.0732	  -10.1973	  -8.45752	   -7.6362	   -6.6347	  -6.11348	  -5.69609	  -5.28175	  -4.89233	  -4.56187	  -4.06262	  -3.63445	   -3.2688	   -2.9486	  -2.66112	  -2.40063	  -2.17441	  -1.97128	  -1.78598	  -1.61637	  -1.46086	  -1.31815	  -1.18705	  -1.06691	  -0.95759	 -0.858711	 -0.769437	 -0.688888	 -0.616258	 -0.550884	 -0.492159	  -0.43952	  -0.39243	 -0.350383	
-1.42696e-08	2.37279e-08	5.23852e-08	1.18303e-07	2.63992e-07	4.22615e-05	-5.73585e-05	-9.50838e-05	-0.000754088	-0.00518149	-0.0186615	  0.288635	  0.579016	   1.18671	   2.36019	   4.33896	   1.78252	   2.95045	   4.41287	   6.08096	   7.94102	   14.5266	   17.8091	   20.9036	   23.9527	   26.8912	  -21.0181	  -22.5066	  -23.4381	  -23.2945	  -23.3668	   -22.737	  -21.3818	  -19.9662	  -18.0729	  -14.8785	  -12.2978	  -11.3019	  -10.6883	  -9.83827	  -8.15432	  -7.36393	  -6.40004	  -5.90135	  -5.50176	  -5.10438	  -4.73013	  -4.21353	  -3.75316	  -3.35801	  -3.02035	  -2.72454	   -2.4589	  -2.21817	  -2.00912	  -1.82142	  -1.65019	  -1.49346	  -1.34978	  -1.21791	  -1.09678	 -0.985781	 -0.884774	 -0.793413	 -0.710926	   -0.6365	 -0.569391	 -0.508986	 -0.454724	 -0.406085	 -0.362573	
-2.65567e-07	2.16755e-06	4.70915e-06	1.06121e-05	2.40072e-05	0.00218434	-0.00489964	-0.00824756	-0.0122631	-0.0175911	-0.0287809	  0.102995	  0.361351	  0.626293	   1.17569	   2.23465	   1.37206	   2.51674	   4.15309	   6.20276	   8.60562	   14.9619	   19.1462	   23.4597	   27.7624	   32.0592	  -18.2364	  -20.1476	  -21.6175	  -22.5271	  -22.3926	  -22.4706	  -21.8745	    -20.61	  -19.2659	   -17.452	  -14.3699	  -11.8807	  -10.9157	  -10.3202	  -9.49765	  -7.86956	  -7.10974	  -6.18175	  -5.70301	  -5.31931	   -4.9372	  -4.37084	  -3.89445	  -3.46944	   -3.1044	  -2.79233	  -2.51885	  -2.27323	  -2.05063	  -1.85733	  -1.68379	  -1.52548	  -1.38059	  -1.24776	  -1.12586	  -1.01388	 -0.911272	 -0.817901	 -0.733447	 -0.657195	 -0.588395	 -0.526358	 -0.470517	 -0.420355	 -0.375391	
8.05452e-06	5.27167e-05	0.000113056	0.000251103	0.000567112	 0.0338846	-0.0805457	 -0.138297	 -0.208273	 -0.282483	 -0.355933	  0.729666	  0.863164	   1.78992	   1.96694	   2.36101	   1.24034	   2.01989	   3.34598	   5.24867	   7.70071	   13.8899	   18.5834	   23.7163	    29.213	   34.7748	  -15.5004	  -17.6135	  -19.4937	  -20.9242	  -21.8024	  -21.6725	  -21.7292	  -21.1627	  -19.9735	  -18.6889	  -16.9359	  -13.9579	  -11.5495	  -10.6078	   -10.025	  -9.22465	  -7.64556	  -6.91043	  -6.01138	  -5.54733	  -5.17489	  -4.58785	  -4.06212	  -3.61937	  -3.22405	   -2.8845	  -2.59416	  -2.33974	   -2.1113	  -1.90437	   -1.7247	  -1.56344	  -1.41636	  -1.28177	  -1.15841	  -1.04523	 -0.941272	  -0.84602	 -0.759352	 -0.680963	 -0.610189	 -0.546331	  -0.48875	 -0.436918	 -0.390356	
0.00017596	0.000581909	0.00123654	 0.0027097	0.00604021	  0.284905	 -0.431855	 -0.755798	  -1.15589	  -1.58348	  -1.98821	   5.86286	   6.56384	   7.10276	   12.5714	   11.8272	   4.49463	   4.71482	    5.3174	   6.58339	   8.51367	   15.3793	   20.2075	   25.8498	   32.2616	   39.1589	  -13.5494	  -15.6717	  -17.7331	  -19.5603	  -20.9382	  -21.7546	   -21.576	   -21.595	   -21.028	   -19.874	   -18.609	  -16.8865	  -13.9771	  -11.6046	   -10.645	   -10.039	  -9.22715	  -7.66609	   -6.9285	  -6.03538	  -5.56749	  -4.95576	  -4.39068	  -3.88512	   -3.4581	  -3.07686	  -2.75023	  -2.47108	  -2.22674	  -2.00797	  -1.81031	  -1.63877	  -1.48495	  -1.34485	   -1.2168	  -1.09954	 -0.992039	 -0.893389	 -0.803055	 -0.720895	 -0.646599	 -0.579526	 -0.519009	  -0.46444	 -0.415314	
0.00129479	0.00326867	 0.0069635	 0.0150697	  0.033166	   1.42924	-0.0193921	-0.0342542	-0.0532894	-0.0739852	-0.0937579	   31.3068	   34.7855	   37.0953	    38.299	   61.1662	   22.9713	   21.9977	   21.0311	   20.5073	   21.0656	   33.4306	   37.5084	   42.8313	   49.4169	   57.0666	  -14.0253	  -16.0453	   -18.066	  -19.9905	  -21.7276	   -22.962	   -23.561	  -23.2662	   -23.141	  -22.4635	  -21.2602	  -19.9254	  -18.1445	  -15.2118	  -12.7551	  -11.6597	  -10.9255	  -10.0127	  -8.38328	  -7.57072	  -6.62183	  -5.82465	  -5.16858	  -4.56726	  -4.03139	  -3.57578	  -3.17024	  -2.82554	  -2.53152	  -2.27505	  -2.04732	  -1.84322	  -1.66625	  -1.50809	  -1.36459	  -1.23387	  -1.11453	  -1.00543	 -0.905564	 -0.814297	 -0.731392	 -0.656472	  -0.58885	 -0.527841	 -0.472819	
0.00844008	 0.0107977	 0.0233584	 0.0503994	  0.109578	   4.66266	    7.6974	   13.6121	   21.4049	   30.1945	   38.7621	   108.493	   121.005	   128.885	   132.467	   132.272	   82.1425	   78.4018	   73.8416	   69.3637	   65.6328	   103.453	   103.202	   105.068	   108.809	   113.991	     441.5	   469.825	   510.832	   550.682	   587.127	   619.424	   637.814	   643.505	   629.431	   617.931	   597.004	   565.416	   530.491	   486.009	   416.254	   354.615	   322.564	   299.658	   273.458	   232.056	   209.379	   176.135	   154.564	   136.465	   120.052	   105.533	   93.0988	    82.093	    72.842	   64.9672	   58.1336	   52.1427	   46.8422	   42.2515	   38.1688	   34.4881	   31.1545	   28.1264	   25.3713	     22.86	   20.5728	   18.4995	   16.6277	   14.9386	   13.4145	
 0.0241952	 0.0276072	 0.0543654	  0.118169	  0.255829	    11.262	   32.9443	   57.9397	    91.504	   130.573	   170.236	   253.331	   285.955	   306.772	   316.604	    316.77	   197.826	   188.471	   178.406	   167.684	   157.503	   260.254	   253.095	   245.255	   240.677	     237.8	   654.089	   657.237	   667.808	   697.739	   724.937	   744.654	   761.193	   768.625	   761.844	   736.403	   715.586	   687.886	   651.906	   612.733	   565.034	   493.724	   426.793	   387.179	   357.032	   324.725	    279.32	   240.622	    203.85	   178.509	   156.871	   137.457	   120.434	    105.78	   92.8735	   82.1044	   72.9468	   65.0325	   58.1691	   52.1637	   46.9628	   42.3568	   38.2282	   34.5087	   31.1462	   28.1007	   25.3359	   22.8261	   20.5548	   18.5057	   16.6564	
 0.0475248	 0.0530366	  0.104176	   0.22171	  0.482074	   21.7045	   74.6103	    130.34	   205.672	   295.699	   390.653	   417.732	   479.086	   521.377	   544.062	   549.264	   336.342	   324.702	   307.765	   291.229	   274.588	   496.174	   473.228	   455.914	   437.385	    421.47	    916.21	   890.742	    874.49	   867.427	   883.458	   892.508	   891.764	    895.95	   891.036	   870.226	   835.953	   806.339	   772.787	    733.31	   690.801	   640.086	   567.146	   496.058	   449.557	   412.738	   374.812	   311.101	   268.139	   228.353	   199.672	   174.947	   152.972	    133.82	   117.277	   102.743	   90.6541	    80.373	    71.508	   63.8678	   57.2252	   51.4676	   46.3804	    41.837	   37.7579	   34.0819	   30.7623	   27.7566	   25.0335	   22.5717	   20.3509	
 0.0722769	 0.0870286	  0.173413	  0.369564	  0.800918	    35.037	   120.902	   208.954	   328.395	   473.321	   631.539	    520.06	   607.401	   672.462	   713.134	   729.959	   443.354	   432.116	   415.473	   394.061	   374.059	    758.73	   724.104	   688.487	   661.353	   629.908	   1170.79	   1120.83	   1079.52	   1048.01	   1024.84	   1023.47	    1013.3	   998.945	   991.249	    973.97	   944.015	   903.193	   867.795	   830.968	   789.796	   745.334	   692.758	   620.079	   547.093	   496.242	   454.757	   394.244	   329.595	   284.262	   242.879	   212.173	   185.616	    162.16	   141.797	   124.165	     108.7	   95.8471	   84.9113	    75.489	   67.3896	   60.3685	   54.2763	   48.8989	   44.1054	   39.8101	    35.946	   32.4619	   29.3117	   26.4605	   23.8837	
 0.0961463	  0.131277	  0.267595	  0.576446	   1.25436	   49.6343	   157.361	   269.073	   419.316	   604.024	   810.627	   502.242	   596.423	   672.908	   726.496	   756.486	   474.933	    468.97	   455.417	   437.839	   416.472	   982.035	   940.424	   895.805	   852.589	   816.136	   1382.88	   1314.41	   1254.13	   1202.59	   1159.33	   1120.57	   1102.77	   1081.35	   1056.27	   1037.88	   1012.99	   977.013	   932.894	   894.898	   857.021	   815.564	   770.505	   718.194	   647.512	   575.142	   522.498	   457.033	   396.307	   332.965	   287.287	   246.007	   214.855	   187.863	   164.109	   143.521	    125.67	   110.028	   97.0255	   85.9529	   76.4097	   68.2126	   61.1157	   54.9502	   49.5091	   44.6634	   40.3252	   36.4256	   32.9119	    29.737	   26.8648	
  0.114098	  0.172995	    0.3581	  0.783023	   1.72037	   62.3801	   178.627	   302.783	   467.334	   669.483	   900.431	   382.106	   460.033	   527.986	   580.917	   615.907	    438.87	   439.963	    432.69	    419.83	   404.265	   1141.74	   1098.95	   1050.44	   1002.48	   953.688	    1542.1	   1460.92	   1387.59	   1322.05	   1263.94	   1209.99	   1158.68	    1132.2	   1102.61	   1069.13	   1044.53	   1014.84	   976.045	   931.433	   893.143	   855.651	   815.009	   771.106	   720.355	   652.943	   583.011	   506.673	   443.243	   384.482	   324.102	   279.734	   239.989	   209.653	   183.321	   160.184	   140.153	   122.768	   107.544	   94.8791	   84.0794	   74.7643	   66.7626	   59.8366	   53.8122	   48.4947	   43.7606	   39.5236	   35.7159	   32.2859	   29.1873	
  0.118654	  0.192566	  0.401134	  0.886218	   1.96751	   69.6607	   188.261	   317.463	   486.106	   691.568	   927.791	   231.064	    280.85	   326.958	   365.917	   395.232	   374.869	   382.216	   381.385	     374.4	   363.545	   1275.72	   1228.96	   1180.25	   1130.56	   1079.63	   1634.19	   1560.32	   1479.01	   1404.61	   1336.95	    1273.1	   1211.17	   1155.09	   1122.78	   1087.12	   1049.64	   1021.39	   989.566	   950.498	   907.225	   869.975	   833.795	   795.166	   753.272	   704.971	   641.631	   549.399	   478.222	   418.455	   363.039	   306.749	   264.911	   227.658	   198.979	   174.035	   152.144	   133.203	   116.754	   102.351	   90.3533	   80.1087	   71.2644	   63.6629	   57.0817	   51.3507	   46.2903	   41.7847	   37.7521	   34.1281	   30.8636	
  0.107485	  0.179882	  0.375662	  0.833745	   1.86283	   69.2586	    187.43	   315.651	   481.254	   680.824	   909.729	   97.5727	   119.312	   140.329	   159.301	   174.953	   326.971	   339.169	   343.945	   342.255	   335.966	   1397.65	   1359.91	   1307.02	   1257.88	   1206.45	   1684.11	   1603.55	   1532.07	   1452.99	   1379.91	   1310.53	   1242.88	   1179.43	   1121.38	      1085	   1046.94	    1007.9	    978.25	   946.348	   908.622	   867.645	    832.21	   798.237	   762.065	   722.677	   677.346	   590.638	   507.394	   442.215	   386.978	   335.771	    284.28	    245.69	    211.46	   184.923	   161.809	   141.539	    124.01	   108.777	   95.4345	   84.3039	   74.7875	   66.5639	   59.4906	   53.3637	   48.0226	    43.304	   39.1016	   35.3397	   31.9584	
 0.0863331	  0.145601	  0.303366	  0.674909	   1.51134	   63.0244	   172.306	   291.244	    443.72	   626.209	   834.166	  -16.9878	  -20.8132	  -24.6492	  -28.2753	  -31.4886	   292.471	   308.697	    318.24	   321.547	   319.737	   1464.68	   1435.48	   1392.79	   1341.65	    1293.3	   1687.63	   1615.11	   1539.84	    1471.7	   1396.46	   1324.69	   1254.75	   1188.32	   1125.41	    1066.9	   1029.42	   990.967	   952.232	   922.884	   892.175	   856.594	   818.387	    785.43	   753.931	   720.411	   683.774	   612.778	   535.663	    461.31	   402.392	   352.148	   305.646	   259.233	   224.219	    193.23	   169.077	   148.018	   129.561	   113.602	   99.7215	   87.5601	   77.3996	    68.702	    61.179	   54.7029	   49.0899	   44.1918	    39.862	   36.0047	   32.5507	
 0.0621546	  0.101801	  0.210932	  0.468716	   1.05086	   54.4718	   146.698	   249.179	   381.114	   538.195	   716.625	  -96.9717	  -118.848	  -141.202	  -163.166	  -183.601	   256.046	   274.482	   287.705	   295.283	   297.978	   1433.38	   1419.23	   1386.67	   1348.05	   1301.21	   1653.76	   1590.97	   1524.66	   1454.61	   1390.76	   1318.98	   1249.05	   1182.31	   1118.35	   1056.94	   1000.37	    963.39	   925.984	    888.88	    860.85	   831.936	   798.868	   763.792	   733.462	   704.506	   673.669	   611.064	    548.13	   480.037	   414.152	    361.49	   316.417	   274.753	   233.388	   202.015	    174.29	   152.592	   133.657	   117.069	   102.723	   90.2368	   79.2922	   70.1356	   62.2887	   55.4955	   49.6428	   44.5667	   40.1329	   36.2114	   32.7164	
 0.0420106	 0.0633861	  0.130208	  0.288429	  0.645796	   46.1862	   117.698	   200.701	   308.572	   437.755	   584.066	  -139.711	  -171.328	  -203.892	  -236.532	  -268.147	     210.2	    228.29	   242.873	   253.252	   259.491	   1303.28	   1306.95	    1289.5	   1262.29	   1229.61	   1590.68	   1538.86	   1482.45	   1421.56	   1357.12	   1296.99	   1228.72	   1163.39	   1100.54	   1040.11	   982.026	   928.596	   893.093	    857.64	   822.853	   796.548	   769.655	   739.336	   707.355	   679.626	   653.152	     596.8	   541.639	     486.2	   426.389	   368.395	   321.754	    281.72	   244.742	   208.172	   180.314	   155.724	   136.413	   119.551	    104.78	   92.0023	    80.874	   71.1153	   62.9403	   55.9274	   49.8515	   44.6124	   40.0653	   36.0902	   32.5725	
 0.0294171	 0.0398286	 0.0817211	  0.181168	  0.404844	   41.2119	   95.4332	   161.593	    247.27	   350.138	   466.859	  -164.839	   -201.88	  -239.898	  -278.263	  -316.132	   165.335	   181.099	   194.894	   205.983	   214.241	   1116.05	   1135.57	   1134.03	   1120.84	   1099.44	   1519.23	   1472.61	   1426.56	   1375.08	   1319.41	   1259.46	   1202.35	   1139.18	   1078.27	   1019.42	   963.052	   908.682	   858.611	    825.01	   791.802	   759.415	   734.875	   710.098	   682.411	   653.324	   628.029	    576.69	   527.205	   478.708	   429.971	   377.549	    326.65	   285.489	   250.065	   217.359	   185.124	    160.47	   138.726	   121.597	   106.629	   93.5169	   82.1709	   72.2825	    63.607	   56.3297	   50.0806	   44.6618	   39.9852	   35.9232	   32.3691	
 0.0246241	 0.0315877	 0.0649929	  0.144463	  0.323113	   38.1176	   78.8637	   132.625	   201.269	   283.156	   376.094	  -168.858	   -206.21	  -244.438	  -282.829	  -320.937	   125.114	   137.645	   149.198	   159.297	   167.776	   917.167	   946.671	   958.567	   958.699	   949.372	   1431.35	   1399.88	   1358.87	   1317.04	   1270.23	    1218.7	   1162.43	   1109.78	   1051.34	    994.73	   940.217	   887.803	   837.202	   790.701	   759.299	   728.434	    698.46	   675.814	   653.107	   627.901	     601.5	   552.439	   507.501	   464.157	   421.636	   378.918	   333.112	   288.583	   252.396	   221.174	   192.357	   164.037	   142.299	   123.139	   108.003	   94.7654	   83.1679	   73.1289	   64.3736	   56.6884	   50.2333	   44.6846	   39.8691	   35.7096	   32.0939	
 0.0250972	 0.0318079	 0.0662106	  0.147614	  0.330925	   35.7485	   67.5214	   113.033	   170.587	   238.308	   314.665	  -141.661	  -172.516	  -203.842	  -235.174	  -266.072	   99.5967	   109.595	   119.193	   128.032	   136.097	   748.757	   783.019	   804.014	   815.063	   816.571	   1334.05	   1313.66	   1286.32	   1249.32	   1211.44	   1168.26	   1120.07	   1068.64	   1020.05	   966.097	   913.978	   863.603	   815.076	   768.348	   725.517	   696.393	   667.876	   640.378	   619.604	   598.871	   575.981	    527.22	   484.408	   445.174	   407.309	   370.134	   332.811	   292.899	   254.061	   222.358	   194.942	   169.642	   144.841	   125.741	   108.914	   95.5854	   83.9204	   73.6986	   64.8469	   57.1219	   50.3379	   44.6323	   39.7231	   35.4592	   31.7729	
 0.0263816	 0.0326458	 0.0686611	  0.154132	  0.346158	    33.121	   61.0305	   101.997	   153.443	   213.491	   280.359	  -86.2789	  -104.711	  -123.387	  -141.887	  -160.026	   90.6422	   99.5308	   108.203	   116.513	   124.496	   639.707	   675.289	    702.69	   722.058	   732.981	   1228.36	   1220.63	   1203.21	   1178.52	   1145.17	   1110.28	   1069.95	   1026.05	   978.917	   934.087	   884.665	   836.749	   790.344	   745.707	   702.853	   663.591	   636.729	   610.601	   585.495	   566.513	   547.637	   503.183	   460.809	   423.538	   389.365	   356.368	   323.956	   291.436	    256.75	   222.964	   195.273	   171.277	   149.135	   127.477	   110.747	   96.0141	   84.3145	    74.068	   65.0875	   57.3075	   50.5135	   44.5442	   39.5177	   35.1888	   31.4261	
 0.0258426	 0.0298136	 0.0631829	  0.142675	  0.321521	   29.8136	   56.7845	   95.0721	   143.011	   198.687	   260.325	  -18.0755	   -21.853	  -25.6657	  -29.4191	  -33.0458	   95.3559	     104.4	    113.24	   121.835	   130.427	   578.953	   614.688	   646.544	   672.961	   692.207	   1115.27	   1120.56	   1114.39	   1098.64	    1076.4	   1045.84	   1013.28	   976.669	   936.566	    893.38	   852.378	   807.182	    763.27	    720.79	   680.004	   640.882	   605.045	   580.479	   556.661	   533.824	   516.539	   476.927	   438.357	   401.619	   369.249	   339.557	   310.877	   282.694	   254.439	   224.369	   195.055	   170.942	   150.004	   130.686	   111.827	   97.2184	   84.3564	   74.1196	   65.1481	   57.2834	   50.4674	   44.5117	   39.2764	   34.8631	   31.0589	
 0.0245463	 0.0253275	 0.0539701	  0.122442	  0.276845	   26.4391	   52.3598	   87.9616	   132.679	   184.529	   241.744	   44.3887	   53.5926	   62.8918	   72.0941	   81.0151	   108.606	   118.595	   128.275	   137.687	   147.236	   536.826	   571.646	   605.767	   637.043	   663.473	   997.496	   1014.83	   1020.15	   1014.46	   1000.29	   979.807	    951.42	    921.93	   888.575	   851.924	   812.649	   775.213	   733.992	   693.974	   655.319	   618.207	   582.628	   550.112	   527.756	   506.124	   485.414	   448.585	   414.242	   380.855	   349.074	   321.028	   295.292	   270.426	   245.986	     221.5	   195.496	   170.123	   149.184	    130.97	   114.165	   97.7867	   85.0678	   73.8712	   64.9415	   57.1106	   50.2444	   44.2914	    39.087	   34.5102	   30.6478	
  0.022028	 0.0193009	 0.0412739	 0.0940004	  0.213156	   23.1614	    46.421	   78.2492	   118.514	   165.395	   217.095	   87.3787	   105.508	   123.664	   141.534	   158.807	   126.173	   137.478	   148.344	   158.799	   169.408	   496.847	   529.922	   563.685	    596.98	   627.941	   879.275	   905.773	   921.665	   926.202	   921.019	   907.861	   888.667	   863.067	   836.246	    805.82	   772.568	   736.904	   702.812	   665.402	   629.126	   594.078	   560.426	   528.244	   498.847	   478.576	   458.989	   420.448	   388.571	    358.87	   330.036	   302.603	   278.359	   256.107	   234.601	   213.459	   192.293	   169.855	   147.947	   129.812	   114.012	   99.4343	   85.2465	   74.2035	   64.4833	   56.7165	   49.9015	   43.9249	   38.7413	   34.2073	   30.2185	
 0.0188516	 0.0136897	 0.0293284	 0.0670188	  0.152438	   20.0707	   40.2928	   68.2097	   103.748	   145.455	   191.671	   110.129	   133.194	   156.258	   178.785	   200.452	   145.128	   157.964	   170.126	   181.714	   193.352	   465.108	   496.242	   528.354	    561.53	   594.642	   764.736	   797.059	   820.945	   834.841	   838.749	   833.686	   821.183	   803.859	    780.66	   756.219	   728.673	   698.551	   666.233	   635.341	   601.553	   568.773	   537.095	   506.733	   477.716	   451.214	   432.888	   396.518	   363.265	   335.744	   310.118	   285.272	   261.644	   240.736	    221.54	   202.985	   184.742	    166.49	   147.173	   128.299	   112.633	   98.9642	   86.3514	   74.0918	   64.5298	   56.1137	   49.3775	   43.4636	   38.2764	   33.7759	   29.8377	
 0.0159889	 0.0105622	 0.0225881	 0.0517451	  0.118102	   17.1858	   34.3205	     58.37	   89.2359	   125.718	   166.483	   110.852	    134.47	   158.089	   181.136	   203.142	   162.957	    177.29	   190.778	   203.427	    216.01	   436.594	   465.833	   495.302	   526.826	   559.751	   658.042	    692.24	   721.149	   742.093	    754.29	   757.359	   752.181	   740.881	   725.143	   704.069	   681.974	   657.074	   629.843	   600.686	    572.83	   542.398	   512.861	   484.361	   457.049	   430.955	    407.12	   373.023	   341.708	   313.086	   289.383	   267.326	   245.963	   225.657	   207.668	   191.147	   175.176	   159.472	    143.77	   127.177	   110.953	   97.4538	   85.6593	    74.775	   64.2076	   55.9496	   48.6817	   42.8555	   37.7381	   33.2487	   29.3526	
 0.0137038	 0.0096221	 0.0204636	 0.0468548	   0.10723	   14.5141	   28.8149	    49.255	   75.7224	   107.285	   142.821	   97.0481	   118.248	   139.469	   160.182	   179.947	   174.562	   189.934	   204.335	   217.728	   230.839	   405.294	   432.323	   458.667	   487.214	   518.056	   561.985	   594.906	   625.355	   650.701	   669.115	   679.566	   681.699	   676.949	   666.642	   652.295	   633.302	   613.364	     590.9	   566.389	   540.198	   515.149	    487.81	   461.311	   435.741	   411.235	   387.824	   349.948	   320.651	   293.754	   269.177	   248.811	   229.869	   211.543	    194.13	   178.688	   164.504	   150.789	   137.304	   123.826	   109.605	   95.6912	   84.0871	   73.9357	    64.567	   55.4803	   48.3673	   42.1071	   37.0816	   32.6658	   28.7913	
  0.011547	0.00874048	  0.018447	 0.0421196	 0.0964622	   12.0848	   23.9238	   41.1052	   63.5756	   90.6334	   121.379	   81.3165	    99.595	   117.995	    135.97	   153.126	   176.887	   192.639	   207.306	   220.863	   234.016	   367.586	   391.924	   414.918	   439.843	   467.115	   477.858	   507.431	    536.66	   563.332	   585.604	   601.574	   610.314	   612.069	   607.625	   598.178	   585.228	   568.144	   550.187	   530.011	   508.044	   484.576	   462.109	   437.651	   413.938	   391.052	   369.113	   332.491	   300.067	   274.957	   251.909	   230.855	   213.398	    197.17	   181.485	   166.587	   153.362	   141.213	   129.464	   117.911	   106.371	   94.2093	   82.3037	   72.3531	   63.6383	   55.5947	   47.8005	   41.6895	   36.3114	   31.9885	   28.1886	
0.00950133	0.00749948	 0.0156549	 0.0355916	 0.0814541	   9.91014	   19.6787	   33.9903	   52.8961	   75.9092	   102.322	   68.3168	   84.1351	   100.192	   115.961	   131.022	   167.401	   182.664	   196.773	   209.722	   222.196	   321.925	   342.805	    362.34	   383.358	   406.376	   405.439	   430.875	    457.09	   482.662	   506.072	   525.454	   539.118	   546.728	    548.08	   543.884	   535.336	   523.677	   508.338	    492.24	   474.199	   454.561	   433.583	   413.519	   391.691	   370.522	   350.085	   315.617	   284.345	   256.655	   235.185	   215.484	    197.49	   182.564	   168.695	   155.301	   142.584	   131.286	   120.904	   110.864	   100.991	   91.1345	   80.7578	   70.5941	   62.0826	   54.6205	   47.7325	   41.0636	   35.8275	   31.2192	   27.5109	
0.00758635	0.00635564	 0.0130948	 0.0295911	 0.0675926	   8.01559	   15.8848	   27.5775	   43.1865	   62.3951	   84.6883	     56.93	   70.5419	   84.4626	   98.2419	   111.468	    148.04	   161.944	   174.789	   186.487	   197.666	   271.323	   288.429	   304.531	   321.744	   340.475	   343.753	   364.979	    387.51	   410.417	   432.833	   453.216	   469.919	   481.874	   488.417	   489.386	   485.525	   477.816	   467.341	   453.632	   439.268	   423.176	   405.663	   386.989	   369.115	    349.68	   330.825	   298.549	   269.189	   242.551	   218.959	   200.648	   183.849	   168.509	   155.779	   143.955	   132.546	   121.717	   112.089	    103.24	   94.6822	   86.2659	   77.8679	   69.0356	   60.3799	   53.1181	   46.7455	   40.8627	   35.1714	   30.6971	   26.7592	
0.00584758	0.00528355	  0.010733	 0.0240823	 0.0548701	   6.38356	   12.4912	   21.7943	   34.3367	   49.9465	   68.2675	   47.9697	    59.829	    72.065	   84.2629	   96.0579	   125.094	   137.266	    148.51	   158.739	   168.434	   224.123	   237.793	   250.982	   264.922	   280.012	   291.293	   308.838	   327.641	   347.309	   367.363	   386.868	   404.471	   419.088	   429.468	    435.04	   435.765	   432.234	   425.298	   415.938	   403.742	   390.958	   376.642	   361.089	   344.507	   328.625	   311.361	    281.35	    253.93	   228.983	   206.348	   186.299	   170.723	   156.436	   143.393	   132.563	    122.51	   112.816	   103.618	   95.4343	   87.9125	   80.6368	   73.4815	   66.3449	    58.846	   51.4933	   45.3143	   39.8871	   34.8767	   30.0328	   26.2201	
0.00430131	0.00423873	0.00847059	 0.0188635	 0.0428596	   5.02047	   9.60943	   16.8502	   26.7056	   39.1002	   53.8165	   40.8765	   51.3331	   62.2258	   73.1771	   83.8379	   104.299	   114.878	    124.65	   133.536	   141.937	   185.562	    196.59	   207.526	   219.002	   231.307	   246.566	   261.087	   276.636	   293.037	   310.236	   327.666	   344.509	   359.896	   372.611	    381.57	   386.362	   386.896	   383.679	    377.48	   369.161	    358.34	   346.993	   334.313	   320.538	    305.85	   291.773	   264.035	   238.611	   215.378	   194.238	   175.056	   158.063	    144.85	   132.732	   121.672	   112.485	   103.961	   95.7462	   87.9547	   81.0186	   74.6422	   68.4739	   62.4076	   56.3596	   50.0099	   43.7809	   38.5381	   33.9294	   29.6745	   25.5635	
0.00293963	0.00367542	0.00721468	  0.015934	 0.0361296	    3.9397	   7.31742	   12.9024	   20.5703	   30.3119	   42.0007	   34.2936	   43.3648	   52.9172	   62.6105	   72.1236	   85.6142	   94.6894	   103.104	   110.751	   117.968	   153.323	    162.29	   171.428	   180.953	   191.106	   208.284	   220.384	   233.258	   246.812	   261.141	   276.069	   291.102	   305.801	   319.177	   330.183	   337.951	   342.072	   342.452	   339.551	   334.046	   326.674	   317.099	   307.077	   295.877	    283.71	   270.735	   246.669	   223.242	   201.764	   182.135	   164.271	   148.062	   133.702	   122.525	   112.279	   102.927	   95.1574	   87.9502	   81.0099	   74.4291	   68.5676	   63.1783	   57.9645	   52.8368	   47.7266	   42.3653	   37.1037	   32.6685	    28.767	   25.1648	
0.00175802	0.00304927	0.00585915	 0.0128154	 0.0289946	   3.09862	    5.6213	    9.9768	   16.0101	    23.743	   33.1171	   28.2784	    36.004	   44.2298	    52.666	   61.0202	   72.4252	   80.4605	   87.9492	   94.7759	   101.206	   129.132	   136.743	   144.613	   152.761	   161.395	    175.44	   185.572	   196.298	   207.513	   219.342	   231.761	   244.615	   257.709	   270.465	   282.039	    291.59	   298.318	   301.852	   302.124	   299.535	   294.662	   288.151	   279.722	   270.895	   261.032	   250.316	   228.138	   207.872	   188.146	   170.059	   153.526	   138.478	   124.824	   112.726	   103.303	   94.6655	   86.7838	   80.2338	   74.1601	   68.3149	   62.7742	   57.8367	   53.2964	   48.9036	   44.5832	   40.2791	   35.7667	   31.3362	   27.5966	   24.3047	
0.000736462	0.00154401	0.00289613	0.00625225	 0.0140914	   2.42431	   4.39927	   7.86939	   12.7254	   19.0043	    26.681	   23.1377	   29.6527	   36.6693	   43.9444	   51.2247	   65.7067	   73.3531	   80.5165	   87.0753	   93.2596	   112.863	   119.734	   126.838	   134.152	   141.855	     147.2	    155.74	   164.714	   174.049	   183.824	   194.061	   204.733	   215.905	   227.243	   238.259	   248.288	   256.561	   262.372	   265.407	   265.606	   263.307	   259.009	   253.292	   245.896	   238.148	    229.49	    210.18	   191.572	   174.563	   158.011	    142.83	   128.953	   116.321	   104.859	   94.7015	   86.7848	   79.5293	   72.9098	   67.4074	   62.3069	   57.4012	   52.7524	   48.6079	   44.7963	   41.1082	   37.4809	   33.8685	   30.0837	    26.366	    23.224	
-0.000107402	-0.000847997	-0.0015448	-0.00326998	-0.00734294	   1.87077	   3.52577	    6.3572	   10.3739	   15.6205	   22.0881	   18.8543	   24.3198	   30.2658	   36.5016	   42.8101	   63.6568	   71.4331	   78.7699	   85.5192	   91.8961	   101.305	   107.664	   114.281	   121.078	   128.206	   122.911	   130.131	   137.682	    145.48	   153.601	   162.045	   170.824	   180.079	   189.726	   199.491	   209.012	   217.682	   224.825	   229.839	   232.449	   232.591	   230.557	   226.794	   221.793	   215.327	   208.551	   191.936	   175.795	   160.242	   146.022	   132.185	   119.493	   107.889	   97.3256	   87.7401	   79.2449	   72.6196	   66.5487	   61.0109	   56.4065	     52.14	   48.0386	   44.1532	   40.6879	   37.5004	   34.4162	   31.3827	   28.3626	   25.2003	   22.0927	
-0.000824552	-0.00349807	-0.00622236	-0.0129475	-0.0287504	   1.41212	    2.8452	   5.16742	   8.51048	   12.9398	   18.4524	    15.299	   19.8587	   24.8687	   30.1757	   35.6065	   63.5287	   71.6772	   79.4268	   86.6044	   93.4038	   92.0244	   98.0101	   104.273	     110.7	   117.427	   102.032	   108.149	   114.517	   121.064	   127.831	   134.828	   142.052	   149.645	   157.613	   165.895	   174.307	   182.512	   189.978	   196.133	   200.452	    202.69	   202.787	   201.008	   197.728	   193.371	   187.741	   173.657	   159.829	   146.397	   133.452	   121.614	   110.097	   99.5309	   89.8696	   81.0738	   73.0923	   66.0181	   60.4978	   55.4402	   50.8274	   46.9915	   43.4381	    40.024	   36.7907	   33.9058	    31.252	    28.684	   26.1582	   23.6444	   21.0136	
-0.00147973	-0.00610768	-0.0105651	-0.0215804	-0.0473946	   1.03523	    2.3028	   4.20508	   6.98548	   10.7263	   15.4491	   12.4393	    16.259	    20.485	   25.0056	   29.6782	   64.2847	   72.9266	   81.2287	   88.9782	   96.3552	   85.6498	   91.6529	   97.7706	   104.037	    110.59	   84.1097	   89.2975	   94.6746	   100.179	   105.841	   111.653	   117.622	    123.85	   130.364	   137.179	   144.286	   151.507	   158.546	   164.956	   170.243	   173.949	   175.859	   175.932	   174.383	   171.537	    167.76	   155.553	   143.889	   132.437	   121.312	   110.592	   100.785	   91.2451	   82.4921	   74.4876	   67.1996	   60.5862	   54.7241	   50.1473	   45.9546	   42.1314	   38.9515	   36.0067	   33.1787	   30.5011	   28.1113	   25.9127	   23.7851	   21.6925	   19.6105	
-0.00209613	-0.00791893	-0.0133524	 -0.026738	-0.0580978	  0.735789	   1.80767	   3.31036	   5.53596	   8.58014	   12.4836	   10.0337	   13.2231	   16.7719	   20.5925	   24.5807	   63.8969	   72.8776	    81.596	    89.817	   97.6899	   80.1921	   86.5038	   92.5519	   98.7464	   105.215	   68.7712	     73.16	   77.7008	   82.3317	   87.0708	   91.9134	   96.8524	   101.977	   107.298	   112.845	   118.668	   124.741	   130.906	    136.92	   142.401	   146.921	   150.084	   151.715	   151.768	   150.428	   147.973	   138.205	   128.153	   118.548	   109.117	   99.9557	   91.1269	   83.0491	   75.1912	   67.9808	   61.3863	   55.3816	   49.9328	   45.1025	   41.3294	   37.8736	   34.7227	   32.1015	    29.675	   27.3456	   25.1407	   23.1723	   21.3612	   19.6084	   17.8846	
-0.00264125	-0.00846538	-0.0138705	-0.0272551	-0.0586228	  0.513832	   1.33067	   2.43624	   4.08989	   6.38529	   9.38015	   7.80179	   10.3828	   13.2752	   16.4045	   19.6906	   61.7525	    70.795	   79.6714	   88.1302	   96.3011	   74.0027	   80.6527	   86.5829	   92.6511	    98.987	    55.703	   59.3941	   63.2139	   67.1058	   71.0712	    75.104	   79.1992	    83.418	   87.7735	   92.2801	   96.9952	   101.943	   107.099	   112.335	   117.447	   122.105	   125.945	   128.637	   130.021	   130.059	   128.907	   121.098	   113.106	   104.883	   97.0255	   89.3104	   81.8153	    74.592	   67.9819	   61.5521	   55.6513	   50.2541	   45.3393	   40.8793	   36.9253	   33.8355	   31.0058	   28.4261	   26.2798	   24.2934	   22.3873	   20.5836	   18.9729	   17.4908	   16.0566	
-0.00309899	-0.00769371	-0.0122104	-0.0234938	-0.0500577	  0.362032	  0.881178	   1.61209	   2.70781	   4.24569	   6.28429	    5.7128	   7.67872	     9.912	   12.3438	   14.9081	   57.0183	   65.7058	   74.3075	   82.5969	   90.6784	   65.5544	   72.3587	   77.9736	   83.7202	   89.7132	   44.6295	   47.7094	   50.8995	   54.1527	    57.463	   60.8158	   64.2053	   67.6801	   71.2418	   74.9064	   78.7123	   82.6928	   86.8648	   91.2126	   95.6315	   99.9445	   103.875	   107.119	   109.393	   110.559	   110.585	   104.672	   98.3312	   91.8436	   85.1699	   78.7916	    72.529	   66.4448	    60.581	   55.2139	   49.9934	   45.2019	   40.8189	   36.8273	   33.2051	   29.9936	    27.483	    25.184	   23.0884	   21.3447	   19.7313	   18.1837	   16.7196	   15.4119	   14.2086	
-0.000160458	-0.00613796	-0.00943902	-0.0177128	-0.0373683	  0.263724	     0.513	  0.938913	   1.57721	   2.47507	   3.67971	   3.93004	   5.33349	   6.95187	     8.738	   10.6324	   51.0567	   59.1355	   67.2076	   75.0532	   82.7797	   56.5463	   63.2218	   68.4086	   73.7299	    79.279	   35.3043	   37.8496	   40.4881	   43.1831	   45.9267	    48.703	    51.499	    54.351	     57.26	    60.232	   63.3016	   66.4882	   69.8162	   73.3044	   76.9408	    80.636	   84.2427	   87.5342	    90.251	   92.1535	   93.1279	   88.9541	   84.1962	   79.0964	   73.8794	   68.5135	   63.3847	   58.3488	    53.456	   48.7402	   44.4232	   40.2241	   36.3697	   32.8436	    29.632	   26.7177	   24.1337	   22.1129	   20.2626	   18.5762	   17.1728	   15.8747	   14.6299	   13.4526	   12.4009	
-0.000139032	-0.000815289	-0.00656937	-0.0119916	  -0.02497	  0.199773	  0.240052	  0.440726	  0.741314	   1.16378	    1.7318	   2.40222	   3.28481	     4.322	   5.48372	   6.73237	   45.9071	   53.4821	   61.0783	   68.5293	   75.9213	   49.7523	   56.0861	   60.9555	   65.9697	   71.2103	   27.5074	   29.5847	   31.7411	   33.9469	   36.1954	   38.4724	   40.7644	   43.0922	   45.4546	   47.8563	   50.3198	   52.8632	   55.4994	   58.2521	   61.1378	   64.1451	   67.2007	   70.1872	   72.9126	   75.1621	   76.7367	   74.0525	   70.7308	   66.9468	   62.8923	   58.7454	   54.4806	   50.4039	   46.4009	   42.5114	   38.7624	   35.3298	   31.9911	   28.9261	   26.1218	   23.5676	   21.2497	   19.1945	   17.5867	   16.1146	   14.7731	   13.6567	   12.6242	   11.6345	   10.6987	
-0.000114967	-0.000482593	-0.00169754	-0.00754401	-0.0154492	  0.157403	 0.0855581	  0.157618	  0.266116	  0.418376	  0.622878	   1.36846	   1.87929	    2.4911	   3.18975	   3.95151	   41.9372	   49.2131	   56.5199	   63.7089	   70.9004	   45.8612	    51.706	   56.4475	   61.3635	   66.5194	   21.0378	   22.7094	   24.4445	   26.2228	   28.0378	   29.8788	   31.7337	   33.6158	   35.5178	   37.4417	   39.4057	   41.4194	   43.4948	   45.6454	   47.8912	   50.2443	    52.696	   55.1902	   57.6278	   59.8525	   61.6887	   60.1399	    58.032	   55.4268	   52.4611	   49.2845	   46.0358	   42.6951	   39.5015	   36.3655	   33.3183	   30.3809	    27.691	   25.0747	   22.6726	   20.4747	   18.4726	   16.6558	   15.0446	   13.7839	   12.6298	   11.5781	   10.7028	   9.89352	   9.11801	
-9.23055e-05	-0.000266664	-0.00093986	-0.00274189	-0.00882372	  0.127744	 0.0329851	 0.0610224	  0.103373	  0.163025	  0.242946	  0.978076	   1.34408	   1.78908	    2.3079	   2.88529	   38.0942	   45.1038	   52.1678	   59.1223	   66.0902	   43.2853	   48.5493	   53.2394	   58.1393	   63.3125	    15.718	   17.0371	   18.4077	   19.8128	   21.2494	    22.709	   24.1821	   25.6778	   27.1881	   28.7093	   30.2545	   31.8311	   33.4447	   35.1073	   36.8303	   38.6283	   40.5114	   42.4757	   44.4738	   46.4265	   48.2088	   47.4444	   46.2483	   44.6244	   42.6197	    40.339	   37.8968	   35.3995	   32.8317	   30.3768	    27.966	   25.6234	    23.365	   21.2965	   19.2847	   17.4374	    15.747	   14.2072	   12.8097	   11.5705	   10.6005	   9.71259	   8.90357	   8.23019	   7.60776	
-7.40436e-05	-0.000162036	-0.000571234	-0.00166389	-0.00435301	  0.102517	 0.0515227	 0.0960886	  0.164414	  0.261179	  0.391202	   1.12877	   1.55121	   2.06552	   2.67514	   3.36945	   34.2041	    40.868	   47.6836	   54.4132	   61.1472	   41.2832	   46.0213	   50.6865	   55.6039	   60.8344	    11.392	   12.4038	   13.4583	   14.5409	    15.648	    16.775	   17.9145	   19.0731	   20.2438	   21.4222	   22.6141	   23.8242	   25.0565	   26.3174	   27.6166	   28.9619	   30.3652	   31.8365	   33.3707	    34.931	   36.4561	   36.1452	   35.5669	   34.6668	   33.4476	   31.9441	   30.2345	   28.4044	   26.5332	   24.6093	   22.7698	   20.9633	   19.2077	   17.5152	   15.9648	   14.4569	   13.0721	   11.8049	   10.6504	    9.6027	   8.67355	   7.94611	   7.28027	   6.67365	   6.16872	
-5.94353e-05	-0.000119647	-0.000421545	-0.00122563	-0.00319596	 0.0718332	  0.092606	  0.173505	  0.299556	  0.480765	  0.725429	   1.47869	   2.03534	    2.7096	   3.50932	   4.43623	   30.0062	   36.1687	    42.579	   49.0063	   55.4442	   38.6855	   42.9594	   47.5255	   52.3669	   57.5614	   7.92017	   8.66544	   9.44543	    10.249	    11.072	     11.91	   12.7591	   13.6237	   14.4986	     15.38	   16.2709	   17.1715	   18.0841	   19.0131	   19.9637	   20.9423	   21.9552	   23.0129	   24.1212	   25.2767	   26.4518	   26.3585	    26.129	   25.7075	   25.0546	   24.1721	    23.085	   21.8494	   20.5271	   19.1752	   17.7854	   16.4564	   15.1512	   13.8827	   12.6596	   11.5392	   10.4493	   9.44846	   8.53245	    7.6979	   6.94056	   6.26887	   5.74287	   5.26145	   4.82289	
-4.64645e-05	-8.24261e-05	-0.000291185	-0.000844997	-0.0021974	 0.0567257	  0.117813	   0.23422	  0.406606	  0.658453	   1.00345	   1.83544	   2.54026	   3.38688	   4.38454	   5.54077	   25.4318	   30.8545	   36.6382	   42.5398	   48.5373	   34.6598	   38.4605	   42.7375	   47.3056	   52.2349	   5.17832	   5.69366	   6.23685	    6.7991	   7.37689	   7.96619	   8.56356	   9.17289	   9.79049	   10.4136	    11.044	   11.6809	   12.3234	   12.9741	   13.6365	   14.3138	   15.0108	   15.7329	   16.4864	   17.2758	   18.0985	   18.0832	   18.0157	   17.8558	   17.5656	   17.1181	   16.5143	   15.7712	    14.927	   14.0238	   13.1005	   12.1513	   11.2436	   10.3521	   9.48554	   8.65006	   7.88451	   7.13991	   6.45602	   5.83008	   5.25977	   4.74221	   4.28317	   3.92362	   3.59457	
-3.49821e-05	-4.64872e-05	-0.000165342	-0.000480678	-0.0012469	 0.0457513	  0.127311	   0.24582	  0.441554	  0.719415	   1.10639	   1.95401	   2.72326	   3.65052	   4.73213	   5.97586	   20.8135	   25.3251	   30.2633	   35.4377	   40.7857	    29.306	   32.6349	   36.4563	   40.5359	   44.9699	   3.05372	   3.37432	   3.71489	   4.07009	   4.43681	   4.81222	   5.19343	    5.5823	   5.97717	   6.37628	   6.78062	   7.18944	   7.60165	   8.01731	   8.43822	    8.8664	   9.30394	   9.75465	   10.2214	   10.7082	   11.2179	   11.2206	   11.2085	   11.1645	   11.0637	   10.8826	   10.6045	     10.23	   9.76944	   9.24652	   8.68713	   8.11535	   7.52752	   6.96538	   6.41323	   5.87653	   5.35901	   4.88475	   4.42347	   3.99976	   3.61192	   3.25854	   2.93785	    2.6534	   2.43056	
-2.54561e-05	-2.979e-05	-0.000107294	-0.000313847	-0.000815318	 0.0366576	  0.124136	  0.238972	  0.421939	  0.702201	   1.08685	   1.75175	   2.46556	   3.32788	   4.33664	   5.48259	   16.7278	   20.3342	   24.3652	   28.7076	   33.3191	   23.7784	    26.675	   30.0032	   33.5412	   37.3841	   1.44453	   1.60393	   1.77476	   1.95439	   2.14125	   2.33349	   2.52945	   2.72963	   2.93292	   3.13879	   3.34772	   3.55928	   3.77274	   3.98786	   4.20475	   4.42421	   4.64733	   4.87559	   5.11057	   5.35378	   5.60736	    5.6086	   5.60858	   5.60138	   5.57834	   5.52715	   5.43609	   5.29679	    5.1095	    4.8794	   4.61823	   4.33889	   4.05338	   3.75987	   3.47917	   3.20344	   2.93541	   2.67694	   2.44005	   2.20963	   1.99797	   1.80421	   1.62766	   1.46744	   1.32532	
-1.76368e-05	-2.52588e-05	-9.2169e-05	-0.000272878	-0.000713087	 0.0294078	  0.111895	  0.214742	  0.378005	  0.622458	  0.977016	    1.2804	    1.8187	    2.4789	   3.25207	   4.13232	   13.5595	   16.4633	   19.7031	   23.2726	   27.1756	   19.2588	   21.7846	    24.715	   27.8229	   31.1833	  0.259132	  0.289162	  0.321539	  0.355899	  0.391938	  0.429302	  0.467586	  0.506832	  0.546749	  0.587181	  0.628289	  0.669985	  0.712118	  0.754606	  0.797419	   0.84055	  0.884165	  0.928559	  0.973948	   1.02065	   1.06897	   1.06897	   1.06896	   1.06872	   1.06713	   1.06255	   1.05266	   1.03521	   1.00862	  0.972916	  0.929087	  0.879357	  0.826179	  0.771829	  0.715958	  0.662521	  0.610027	  0.558994	   0.50978	  0.464669	   0.42079	   0.38048	  0.343577	   0.30995	  0.279433	
-1.20894e-05	-2.78713e-05	-0.000102662	-0.000307758	-0.000813879	 0.0232763	  0.096058	  0.183913	  0.322735	  0.529776	  0.825897	   0.75473	   1.07884	   1.48376	   1.96527	   2.51343	    11.066	   13.4464	   16.0695	   18.9529	   22.1838	    15.603	   17.7841	   20.3561	   23.1182	   26.0964	 -0.582574	 -0.653328	 -0.730175	 -0.812241	 -0.899112	  -0.98994	  -1.08375	  -1.18038	  -1.27904	  -1.37912	  -1.48089	   -1.5843	  -1.68897	  -1.79467	  -1.90125	  -2.00856	   -2.1166	  -2.22598	  -2.33723	  -2.45094	  -2.56789	  -2.56786	  -2.56728	  -2.56669	  -2.56558	  -2.56127	  -2.54988	   -2.5258	   -2.4837	  -2.41974	  -2.33402	  -2.22884	  -2.10955	    -1.982	  -1.85165	  -1.71765	  -1.58948	  -1.46357	  -1.34115	  -1.22309	  -1.11486	  -1.00958	 -0.912857	 -0.824308	 -0.743613	
-8.95136e-06	-3.78334e-05	-0.000139561	-0.000422084	-0.0011299	 0.0173118	 0.0817567	  0.156849	  0.274613	  0.449344	  0.698184	  0.314075	  0.451888	  0.625192	  0.835165	   1.07781	    8.7848	   10.7272	   12.8272	   15.1035	   17.6492	   12.1813	   13.9551	   16.1125	    18.465	   21.0322	  -1.14914	  -1.29631	  -1.45614	  -1.62815	  -1.81135	  -2.00471	  -2.20615	  -2.41527	  -2.62982	  -2.84832	  -3.07083	  -3.29695	  -3.52623	  -3.75816	  -3.99233	  -4.22826	  -4.46567	  -4.70495	  -4.94704	  -5.19318	  -5.44465	  -5.44659	  -5.44537	    -5.443	  -5.44062	  -5.43718	  -5.42708	   -5.4021	  -5.35044	   -5.2608	  -5.12504	  -4.94331	   -4.7205	  -4.46786	  -4.19778	  -3.92178	  -3.63805	  -3.36665	  -3.10001	  -2.84075	   -2.5907	  -2.36145	  -2.13845	  -1.93356	  -1.74596	
-7.62122e-06	-4.71838e-05	-0.000172945	-0.000523556	-0.00141351	 0.0118769	 0.0685774	  0.132462	  0.232435	  0.379441	  0.587582	 0.0453036	 0.0649086	 0.0899623	   0.12039	  0.155886	   6.65689	   8.18172	   9.83004	   11.5785	   13.5049	   8.87067	   10.1656	   11.8114	   13.6565	   15.6999	  -1.49676	  -1.70118	  -1.92242	  -2.16056	  -2.41616	  -2.68763	  -2.97316	  -3.27206	  -3.58119	  -3.89762	  -4.22109	  -4.55029	   -4.8841	  -5.22235	  -5.56443	  -5.90955	  -6.25705	  -6.60711	   -6.9597	  -7.31626	  -7.67867	  -7.68664	  -7.68783	  -7.68457	   -7.6797	  -7.67483	  -7.66853	  -7.65299	  -7.61666	  -7.54296	  -7.41598	  -7.22423	  -6.96787	  -6.65374	  -6.29765	  -5.91704	   -5.5281	  -5.12827	  -4.74579	  -4.36999	  -4.00458	  -3.65211	  -3.32893	  -3.01455	  -2.72568	
-7.03293e-06	-4.92924e-05	-0.000178038	-0.000535235	-0.00144604	0.00775621	 0.0537511	  0.105186	  0.185889	   0.30415	   0.46983	-0.0722406	 -0.103232	 -0.143348	 -0.193989	 -0.255183	   4.79697	   5.95232	   7.19701	   8.51608	   9.93487	   5.81967	   6.63101	    7.7238	   8.98847	   10.4278	  -1.67161	  -1.91786	  -2.18389	  -2.46935	   -2.7758	  -3.10381	  -3.45103	  -3.81794	  -4.20065	  -4.59561	  -5.00138	  -5.41593	  -5.83691	  -6.26348	  -6.69559	  -7.13227	  -7.57256	  -8.01632	  -8.46309	  -8.91289	  -9.36759	  -9.38733	  -9.39525	  -9.39491	  -9.38914	  -9.38143	  -9.37373	  -9.36437	  -9.34389	  -9.29827	  -9.20731	  -9.05162	  -8.81715	  -8.50405	  -8.12061	  -7.68605	  -7.22163	  -6.74706	  -6.25919	  -5.79248	  -5.33387	  -4.88791	  -4.45773	  -4.06324	   -3.6795	
-6.64477e-06	-4.33551e-05	-0.000155679	-0.000460852	-0.00123591	0.00515703	 0.0388674	 0.0770459	  0.137995	  0.227424	  0.352089	-0.0669692	-0.0953236	 -0.131703	 -0.177541	 -0.233909	   3.24766	    4.0656	    4.9624	   5.90843	   6.92358	   3.09461	   3.48038	   4.04729	   4.72242	    5.5155	  -1.71556	  -1.98742	  -2.28476	  -2.60342	  -2.94444	  -3.30957	  -3.69913	  -4.11333	  -4.54951	  -5.00358	  -5.47389	  -5.95678	  -6.44907	  -6.94863	  -7.45464	  -7.96682	  -8.48409	  -9.00614	    -9.532	  -10.0612	  -10.5938	  -10.6311	  -10.6515	  -10.6586	  -10.6562	  -10.6478	  -10.6371	  -10.6265	  -10.6141	  -10.5893	  -10.5363	  -10.4321	   -10.255	  -9.98894	  -9.63401	  -9.19957	  -8.70733	   -8.1813	  -7.64381	  -7.09125	  -6.56261	  -6.04312	  -5.53791	  -5.05055	  -4.60358	
-6.0554e-06	-3.32665e-05	-0.000118487	-0.0003485	-0.000919852	0.00369776	 0.0261574	 0.0523199	 0.0949516	  0.158624	  0.247355	-0.0110494	-0.0156823	-0.0215755	-0.0289327	-0.0380842	   2.09265	   2.63502	   3.24447	   3.89924	   4.59712	   1.00009	   1.07538	   1.24819	   1.45415	   1.70316	  -1.66556	  -1.94795	  -2.26145	  -2.60177	  -2.96555	  -3.35386	   -3.7683	  -4.21232	  -4.68286	  -5.17747	  -5.69424	  -6.22917	  -6.77727	  -7.33564	  -7.90203	  -8.47526	  -9.05512	  -9.64127	  -10.2325	  -10.8278	  -11.4266	  -11.4878	  -11.5262	  -11.5462	  -11.5519	  -11.5474	  -11.5363	  -11.5228	  -11.5094	  -11.4941	  -11.4656	  -11.4067	   -11.293	  -11.1005	  -10.8121	  -10.4277	   -9.9574	  -9.42467	  -8.85543	   -8.2738	  -7.67585	  -7.10375	  -6.54151	   -5.9947	  -5.46715	
-5.13763e-06	-2.16194e-05	-7.63382e-05	-0.000222727	-0.000584598	0.00292185	  0.016208	 0.0324565	 0.0594503	  0.100645	  0.159097	 0.0423934	 0.0602866	 0.0826828	  0.110378	  0.144122	   1.34417	   1.69489	   2.09889	   2.54437	    3.0277	 -0.315345	 -0.421561	 -0.489391	 -0.569117	 -0.665641	  -1.55622	  -1.83304	  -2.14867	   -2.4966	  -2.87337	  -3.27514	  -3.70266	  -4.16075	  -4.64996	  -5.16748	  -5.71343	  -6.28358	  -6.87255	  -7.47557	  -8.08967	  -8.71208	  -9.34156	  -9.97886	  -10.6227	  -11.2718	  -11.9252	  -12.0161	  -12.0783	  -12.1165	  -12.1355	  -12.1395	  -12.1328	  -12.1192	   -12.103	  -12.0871	  -12.0692	  -12.0376	  -11.9745	   -11.854	  -11.6512	  -11.3481	  -10.9444	  -10.4508	  -9.89178	  -9.29447	  -8.68415	   -8.0567	  -7.45634	  -6.86628	  -6.29237	
-3.96296e-06	-1.18236e-05	-4.19987e-05	-0.000121407	-0.000316618	0.00244776	0.00959022	 0.0190691	 0.0349779	 0.0597721	 0.0957496	 0.0666615	 0.0954719	  0.131176	  0.174531	    0.2268	  0.918067	   1.15519	   1.43197	   1.74571	   2.09524	 -0.868556	   -1.0371	  -1.20944	  -1.40684	  -1.64269	  -1.41705	  -1.67439	  -1.97689	  -2.31948	  -2.69624	  -3.10333	  -3.53613	  -3.99835	  -4.49205	  -5.01842	  -5.57723	  -6.16647	  -6.78064	  -7.41462	  -8.06348	  -8.72373	  -9.39246	  -10.0693	  -10.7541	  -11.4457	  -12.1426	   -12.266	  -12.3573	  -12.4192	  -12.4564	  -12.4739	  -12.4761	  -12.4673	  -12.4514	  -12.4329	  -12.4146	  -12.3945	  -12.3605	  -12.2943	  -12.1696	  -11.9608	  -11.6492	  -11.2347	   -10.728	  -10.1542	  -9.54118	  -8.91482	  -8.27085	  -7.65466	    -7.049	
-2.83804e-06	-6.39603e-06	-2.29103e-05	-6.65881e-05	-0.000172023	0.00198181	0.00596245	 0.0116685	 0.0212553	 0.0363778	 0.0588212	 0.0683079	 0.0991637	  0.137204	  0.182855	  0.236774	  0.669088	  0.837392	   1.03584	   1.26367	   1.52518	 -0.934984	   -1.0937	  -1.28339	   -1.4998	  -1.75191	   -1.2698	  -1.49871	  -1.77523	  -2.09809	  -2.46288	  -2.86327	  -3.29468	  -3.75488	  -4.24485	  -4.76734	  -5.32636	  -5.91956	  -6.54389	  -7.19421	  -7.86527	  -8.55151	  -9.24936	  -9.95665	  -10.6721	  -11.3956	  -12.1259	  -12.2831	  -12.4056	  -12.4959	  -12.5563	   -12.592	  -12.6079	  -12.6081	  -12.5974	  -12.5796	  -12.5591	  -12.5389	  -12.5169	   -12.481	  -12.4129	   -12.286	  -12.0746	  -11.7597	  -11.3411	  -10.8296	  -10.2505	  -9.63177	  -8.99963	  -8.34969	  -7.72774	
-2.0284e-06	-5.74942e-06	-2.05757e-05	-6.02871e-05	-0.000156303	0.00141981	0.00443902	 0.0086304	 0.0154738	 0.0263005	 0.0425925	 0.0509024	   0.07487	  0.104995	  0.140896	  0.182716	   0.48069	  0.598438	  0.736123	  0.896107	   1.08211	 -0.817375	 -0.937726	  -1.11086	  -1.30641	  -1.53332	  -1.12424	  -1.32502	  -1.56784	  -1.85911	  -2.19839	  -2.58106	  -2.99997	  -3.45277	  -3.93436	  -4.44628	  -4.99404	  -5.57985	  -6.20031	  -6.85293	  -7.53251	  -8.23322	  -8.94932	  -9.67802	  -10.4161	  -11.1623	  -11.9166	  -12.1075	  -12.2621	  -12.3823	  -12.4704	  -12.5288	  -12.5625	  -12.5765	  -12.5751	  -12.5627	  -12.5432	  -12.5211	  -12.4992	  -12.4756	  -12.4384	  -12.3694	  -12.2421	  -12.0309	  -11.7168	  -11.2996	    -10.79	  -10.2131	   -9.5968	   -8.9671	  -8.31966	
-1.43478e-06	-7.56619e-06	-2.5931e-05	-7.58691e-05	-0.000198059	0.000869866	0.00389482	0.00752823	 0.0134109	 0.0224351	 0.0360793	  0.029159	 0.0432812	  0.061487	 0.0836215	  0.109178	  0.331472	  0.411029	  0.502813	  0.608555	  0.733286	 -0.643322	  -0.72173	 -0.862578	  -1.02423	  -1.20993	 -0.983994	  -1.16048	  -1.37128	  -1.62437	  -1.92723	  -2.27941	  -2.67568	  -3.11078	  -3.57979	  -4.07784	  -4.60899	  -5.17707	  -5.78351	   -6.4254	  -7.10037	  -7.80274	  -8.52651	  -9.26663	  -10.0193	  -10.7813	  -11.5513	  -11.7747	  -11.9611	  -12.1118	  -12.2285	  -12.3136	  -12.3695	   -12.401	  -12.4132	  -12.4102	  -12.3964	  -12.3755	  -12.3521	  -12.3289	  -12.3042	  -12.2662	   -12.197	  -12.0707	  -11.8619	  -11.5519	  -11.1406	  -10.6381	  -10.0694	  -9.46198	  -8.84129	
-1.01521e-06	-1.0081e-05	-3.46623e-05	-9.70243e-05	-0.000252748	0.000388315	0.00389787	0.00746686	 0.0132316	  0.021993	 0.0348078	 0.0121955	 0.0181266	 0.0259826	 0.0357913	  0.047353	  0.245721	  0.305054	  0.371606	  0.447183	  0.535655	 -0.407669	 -0.440504	 -0.529564	 -0.634489	   -0.7569	 -0.849271	  -1.00668	   -1.1904	  -1.40825	  -1.66913	  -1.98078	  -2.34238	  -2.75041	  -3.19729	  -3.67832	  -4.19072	  -4.73692	  -5.32004	  -5.94215	  -6.60041	  -7.29215	  -8.01159	  -8.75339	  -9.51147	  -10.2821	  -11.0618	  -11.3164	  -11.5331	  -11.7136	  -11.8592	  -11.9717	  -12.0532	  -12.1063	  -12.1355	   -12.146	  -12.1415	  -12.1265	  -12.1046	  -12.0802	  -12.0561	  -12.0306	  -11.9922	  -11.9235	  -11.7993	  -11.5948	  -11.2916	  -10.8894	  -10.3983	  -9.84258	  -9.24894	
-7.48527e-07	-1.11671e-05	-3.82254e-05	-0.000107322	-0.000267325	8.65945e-05	0.00363858	 0.0070117	 0.0123174	  0.020374	  0.032037	0.00411105	0.00607177	0.00871382	 0.0121092	 0.0162247	  0.204753	  0.255853	   0.31198	  0.373776	  0.445097	 -0.172554	 -0.169485	 -0.203868	 -0.245736	 -0.295844	  -0.72261	 -0.862356	  -1.02501	  -1.21351	  -1.43644	  -1.70294	  -2.02061	  -2.39023	  -2.80634	   -3.2615	  -3.75291	  -4.27615	  -4.83288	  -5.42684	  -6.06033	   -6.7302	  -7.43378	  -8.16598	  -8.92051	  -9.69123	  -10.4743	  -10.7595	  -11.0051	  -11.2139	  -11.3875	  -11.5273	  -11.6349	  -11.7126	  -11.7626	  -11.7896	  -11.7983	  -11.7926	  -11.7767	   -11.754	   -11.729	  -11.7043	  -11.6782	  -11.6398	  -11.5723	  -11.4511	  -11.2522	  -10.9577	  -10.5674	  -10.0909	  -9.55173	
-5.79152e-07	-9.64747e-06	-3.28551e-05	-9.18282e-05	-0.000229434	2.21192e-06	0.00276804	0.00537808	0.00950757	 0.0155921	  0.024406	0.00258682	0.00376034	0.00536318	0.00746104	 0.0100832	  0.180912	  0.229025	  0.281049	  0.336996	  0.399473	  0.020434	 0.0472878	 0.0567739	  0.068481	 0.0829576	 -0.604757	  -0.72905	 -0.872515	  -1.03838	   -1.2301	  -1.45643	  -1.72639	  -2.04909	  -2.42373	  -2.84503	  -3.30722	  -3.80606	  -4.33624	  -4.89995	  -5.50117	    -6.142	  -6.81927	  -7.53105	  -8.27141	    -9.034	  -9.81262	  -10.1264	  -10.4002	  -10.6357	  -10.8357	  -11.0018	  -11.1351	  -11.2376	  -11.3111	   -11.358	  -11.3827	  -11.3899	  -11.3831	  -11.3665	  -11.3435	  -11.3181	   -11.293	  -11.2667	  -11.2286	  -11.1627	  -11.0452	   -10.853	  -10.5688	  -10.1924	  -9.73288	
-4.25861e-07	-5.47587e-06	-1.8566e-05	-5.15939e-05	-0.000128408	9.89563e-05	0.00142328	0.00276032	0.00492225	0.00812558	 0.0126111	0.00591246	0.00852801	 0.0119525	 0.0165059	  0.022328	  0.164793	  0.211204	  0.262544	  0.316773	  0.375768	  0.160813	  0.201387	  0.240369	   0.28943	  0.350915	 -0.498559	 -0.606759	 -0.733616	 -0.879133	  -1.04693	  -1.24055	  -1.46859	  -1.74136	   -2.0667	  -2.44404	  -2.86962	  -3.33639	  -3.83932	  -4.37345	  -4.94114	   -5.5462	   -6.1908	  -6.87243	  -7.58845	  -8.33294	  -9.09947	  -9.43721	  -9.73722	  -9.99881	  -10.2235	  -10.4141	  -10.5721	  -10.6988	  -10.7958	  -10.8651	  -10.9089	  -10.9314	  -10.9372	  -10.9296	  -10.9125	  -10.8893	  -10.8638	  -10.8386	  -10.8123	  -10.7749	  -10.7109	  -10.5977	  -10.4129	  -10.1402	  -9.77899	
-3.03477e-07	-4.99597e-07	-1.76406e-06	-4.87816e-06	-1.21301e-05	0.000262105	0.00014341	0.000264871	0.000471734	0.000786203	0.00122933	 0.0103163	 0.0148178	 0.0206209	 0.0279979	 0.0375786	  0.145317	  0.187783	  0.236279	  0.288748	  0.344636	  0.238385	  0.284572	  0.337655	  0.404226	  0.489323	 -0.406341	  -0.49777	 -0.607641	 -0.735699	 -0.882235	  -1.05093	  -1.24512	  -1.47446	  -1.74816	  -2.07434	  -2.45377	  -2.88163	  -3.35016	  -3.85465	  -4.39021	    -4.959	  -5.56492	  -6.21078	   -6.8934	  -7.61021	  -8.35526	  -8.71167	  -9.03341	  -9.31898	  -9.56773	  -9.78113	  -9.96199	  -10.1117	  -10.2315	   -10.323	  -10.3881	  -10.4289	  -10.4494	  -10.4538	  -10.4456	  -10.4283	  -10.4051	  -10.3798	  -10.3547	  -10.3286	  -10.2921	  -10.2303	  -10.1217	    -9.945	  -9.68445	
-2.24675e-07	3.51529e-06	1.24241e-05	3.57599e-05	8.79041e-05	0.000416592	-0.0010269	-0.00190612	-0.00324322	-0.00539684	-0.00850823	 0.0141207	 0.0201171	 0.0278912	 0.0376045	 0.0496262	  0.116566	   0.15072	  0.191169	  0.236426	  0.285792	   0.25114	  0.296223	  0.349875	  0.416417	  0.501233	 -0.329361	 -0.403941	 -0.496384	 -0.606828	 -0.735252	 -0.881982	  -1.05051	  -1.24501	  -1.47418	  -1.74745	  -2.07412	  -2.45404	  -2.88185	  -3.35004	  -3.85396	  -4.38853	  -4.95592	  -5.56063	   -6.2049	  -6.88558	  -7.60012	  -7.96725	  -8.30565	  -8.61091	  -8.88165	  -9.11727	  -9.31921	  -9.49015	  -9.63149	   -9.7444	  -9.83039	  -9.89132	  -9.92914	  -9.94772	  -9.95104	  -9.94231	  -9.92499	  -9.90203	  -9.87702	  -9.85229	  -9.82665	  -9.79113	  -9.73179	  -9.62811	  -9.45985	
-1.77973e-07	5.5257e-06	1.95656e-05	5.63567e-05	0.000144233	0.000495172	-0.00163583	-0.0030192	-0.00514821	-0.00818873	 -0.012904	 0.0151363	 0.0217235	 0.0298821	 0.0401473	 0.0526089	 0.0849636	  0.108928	  0.138211	  0.172264	  0.210704	  0.220176	  0.260866	  0.308348	  0.365337	  0.437232	 -0.266276	 -0.326154	 -0.401298	 -0.493882	 -0.604236	 -0.732374	 -0.878447	  -1.04665	  -1.24031	  -1.46828	  -1.74097	  -2.06689	  -2.44544	  -2.87146	  -3.33755	  -3.83887	  -4.37034	  -4.93465	  -5.53577	  -6.17599	  -6.85215	  -7.22154	  -7.56904	  -7.88918	  -8.17778	  -8.43356	  -8.65597	  -8.84639	  -9.00744	  -9.14043	  -9.24649	  -9.32708	  -9.38394	  -9.41894	  -9.43573	  -9.43808	  -9.42901	  -9.41181	  -9.38925	  -9.36475	  -9.34052	  -9.31547	  -9.28116	  -9.22442	  -9.12583	
-1.48677e-07	5.62178e-06	1.97881e-05	5.72677e-05	0.000146704	 0.0004828	-0.00147155	-0.00269277	-0.00456511	-0.00728166	-0.0109734	 0.0130071	 0.0188545	 0.0261352	 0.0348399	 0.0454949	 0.0607453	 0.0765525	 0.0962836	  0.120019	  0.147914	  0.179226	  0.215878	  0.256759	  0.304462	  0.362767	 -0.215699	 -0.262773	 -0.322927	 -0.397949	 -0.490156	 -0.599911	 -0.727085	 -0.872411	  -1.03936	  -1.23138	  -1.45815	  -1.72934	  -2.05304	  -2.42883	  -2.85165	  -3.31393	  -3.81088	  -4.33787	  -4.89711	  -5.49259	  -6.12658	  -6.49021	  -6.83885	  -7.16671	  -7.46859	  -7.74057	  -7.98146	  -8.19075	  -8.36977	  -8.52104	  -8.64581	  -8.74516	  -8.82048	  -8.87343	  -8.90574	  -8.92087	  -8.92239	  -8.91314	  -8.89619	  -8.87418	  -8.85032	  -8.82673	  -8.80241	  -8.76944	  -8.71541	
-9.41385e-08	4.39534e-06	1.54398e-05	4.43562e-05	0.000114497	0.000379875	-0.000613553	-0.00111429	-0.00187334	-0.00297223	-0.00449515	0.00894625	 0.0129718	 0.0181684	 0.0244114	 0.0316329	 0.0463431	 0.0579767	 0.0716623	 0.0885228	  0.109084	  0.151076	  0.182871	  0.220272	  0.262831	  0.313444	 -0.175157	 -0.212204	 -0.259386	 -0.319279	 -0.393779	 -0.485222	 -0.593846	 -0.720005	 -0.863843	  -1.02892	  -1.21939	  -1.44427	  -1.71283	  -2.03325	  -2.40515	  -2.82337	   -3.2804	  -3.77184	  -4.29268	  -4.84513	  -5.43317	  -5.78646	  -6.12875	  -6.45683	  -6.76523	  -7.04907	  -7.30463	  -7.53085	  -7.72724	  -7.89509	  -8.03679	  -8.15355	  -8.24639	  -8.31661	   -8.3658	  -8.39558	   -8.4092	  -8.41002	   -8.4007	  -8.38413	  -8.36278	  -8.33969	  -8.31686	  -8.29338	  -8.26183	
-8.33169e-08	2.41864e-06	8.53246e-06	2.45403e-05	6.28396e-05	0.000238264	0.000431188	0.000810684	0.00135352	0.00213369	0.00321239	0.00443259	 0.0061602	0.00863659	  0.011728	 0.0153199	 0.0392302	 0.0489369	 0.0600381	 0.0728736	 0.0889732	  0.131557	   0.16208	  0.197487	  0.238649	  0.286407	 -0.142434	 -0.171828	 -0.208882	 -0.255742	  -0.31506	 -0.388747	 -0.479013	  -0.58648	 -0.711029	 -0.852898	  -1.01622	  -1.20462	   -1.4267	  -1.69182	  -2.00808	    -2.375	  -2.78744	   -3.2383	  -3.72285	  -4.23611	  -4.78028	  -5.11819	  -5.44993	  -5.77123	  -6.07911	  -6.36845	  -6.63462	  -6.87415	  -7.08606	  -7.26989	  -7.42688	   -7.5593	  -7.66831	  -7.75487	  -7.82022	  -7.86584	  -7.89325	   -7.9055	  -7.90574	  -7.89647	  -7.88039	   -7.8598	  -7.83757	  -7.81559	  -7.79304	
2.78263e-07	8.81295e-07	3.11662e-06	9.0083e-06	2.31886e-05	0.000124341	0.00122228	0.00228714	0.00395074	0.00618937	0.00927022	0.000711895	0.000994512	0.00133774	0.00181904	0.00240156	 0.0361726	 0.0447883	 0.0548034	 0.0660114	 0.0791816	  0.119384	  0.147203	  0.180636	  0.220786	   0.26835	 -0.115404	 -0.139371	 -0.168714	 -0.205434	 -0.251733	 -0.310261	 -0.382822	 -0.471909	 -0.577756	 -0.700325	 -0.840362	  -1.00154	  -1.18715	  -1.40584	  -1.66686	  -1.97813	  -2.33912	  -2.74507	  -3.18862	   -3.6651	  -4.16955	   -4.4925	  -4.80907	  -5.11977	   -5.4206	  -5.70882	  -5.97961	  -6.22861	  -6.45259	  -6.65062	  -6.82231	  -6.96881	  -7.09229	  -7.19385	  -7.27439	  -7.33509	  -7.37734	  -7.40254	  -7.41356	  -7.41334	  -7.40422	  -7.38869	  -7.36895	  -7.34765	  -7.32659	
1.99266e-07	1.34887e-06	-3.8961e-07	-1.13284e-06	-2.82008e-06	4.73111e-05	0.00159651	0.00302244	0.00519839	0.00842901	 0.0125543	-0.00159363	-0.00221792	-0.00299995	-0.00391681	-0.00517881	 0.0339598	 0.0423867	 0.0514788	 0.0618471	  0.073604	  0.111106	  0.133273	  0.163456	  0.201173	  0.247285	-0.0926946	 -0.112665	 -0.136538	 -0.165559	  -0.20176	 -0.247339	 -0.304844	 -0.376296	 -0.463849	 -0.567799	 -0.688535	 -0.826445	 -0.984909	  -1.16728	   -1.3821	   -1.6384	  -1.94396	   -2.2985	  -2.69705	  -3.13233	   -3.5997	  -3.91006	    -4.212	  -4.50786	  -4.79816	  -5.07919	  -5.34838	  -5.60124	  -5.83367	  -6.04264	  -6.22731	   -6.3873	  -6.52373	  -6.63865	  -6.73309	   -6.8079	  -6.86419	  -6.90326	  -6.92641	  -6.93632	  -6.93573	  -6.92683	  -6.91193	  -6.89309	  -6.87278	
1.47962e-07	5.77725e-07	2.00529e-06	-5.00419e-06	-1.29665e-05	9.14757e-06	  0.001626	0.00304225	0.00529777	0.00856054	 0.0131998	-0.00256561	-0.00355571	-0.00479183	-0.00629205	-0.00799304	 0.0309625	  0.039056	 0.0478067	 0.0570013	 0.0676563	  0.117103	  0.117991	  0.143301	  0.176238	  0.218094	-0.0733744	-0.0903129	 -0.110154	 -0.133717	 -0.162272	 -0.197838	 -0.242524	 -0.299033	 -0.369109	 -0.454927	  -0.55713	 -0.675819	 -0.811162	 -0.966568	  -1.14534	  -1.35582	  -1.60687	  -1.90635	  -2.25374	  -2.64412	  -3.07031	  -3.36898	  -3.65864	  -3.94029	  -4.21617	  -4.48682	  -4.74878	  -4.99967	  -5.23528	  -5.45179	  -5.64634	   -5.8182	    -5.967	  -6.09381	  -6.20055	  -6.28821	  -6.35759	  -6.40971	   -6.4458	  -6.46705	  -6.47597	   -6.4751	  -6.46647	  -6.45226	  -6.43435	
1.18285e-07	3.39044e-07	1.14186e-06	3.31495e-06	-1.17294e-05	-1.91547e-07	0.00139494	0.00265806	0.00457828	0.00748603	  0.011506	-0.00258706	-0.00356506	-0.00478447	-0.00625956	-0.00799714	 0.0270728	 0.0342103	 0.0423101	 0.0508277	 0.0598593	  0.120464	  0.101492	  0.121053	  0.147384	  0.182207	-0.0573523	-0.0713687	-0.0881452	 -0.107688	 -0.130831	 -0.158833	 -0.193632	  -0.23746	 -0.292774	 -0.361332	 -0.445566	 -0.545876	 -0.662179	 -0.794695	 -0.946781	   -1.1216	  -1.32736	  -1.57292	  -1.86579	  -2.20544	    -2.587	  -2.86825	   -3.1466	  -3.41635	  -3.67849	   -3.9352	    -4.187	  -4.43068	  -4.66404	  -4.88314	  -5.08441	  -5.26519	  -5.42481	  -5.56295	   -5.6806	  -5.77958	  -5.86081	  -5.92505	  -5.97325	  -6.00654	  -6.02604	  -6.03406	  -6.03298	  -6.02469	  -6.01119	
8.22186e-08	2.81115e-07	9.50427e-07	2.73394e-06	7.1745e-06	-1.02274e-05	0.00104779	0.00201759	0.00351291	 0.0057148	 0.0088767	-0.0019903	-0.00282167	-0.00377618	-0.00493108	-0.00628753	 0.0232228	 0.0283685	 0.0351328	  0.042585	 0.0504899	  0.118566	 0.0829221	 0.0981223	  0.117423	  0.143746	-0.0444811	-0.0556912	-0.0695095	-0.0859611	 -0.105091	  -0.12773	 -0.155083	 -0.189167	 -0.232013	 -0.286045	 -0.353223	 -0.435712	 -0.533765	 -0.647353	 -0.776743	 -0.925157	  -1.09576	  -1.29671	  -1.53651	  -1.82242	  -2.15382	  -2.41225	  -2.67387	  -2.93259	  -3.18322	  -3.42676	  -3.66523	  -3.89912	  -4.12544	  -4.34214	  -4.54553	   -4.7323	      -4.9	  -5.04801	  -5.17604	  -5.28503	  -5.37669	  -5.45189	   -5.5113	  -5.55583	  -5.58653	  -5.60442	  -5.61166	  -5.61045	  -5.60254	
5.79531e-08	3.01616e-07	1.02475e-06	2.95709e-06	7.71564e-06	2.29403e-05	0.000699745	0.00135756	0.00238558	0.00391867	0.00607631	-0.00125843	-0.00178567	-0.00244679	-0.00319204	-0.00406833	 0.0184506	 0.0226542	 0.0272486	 0.0330562	 0.0394934	  0.111792	 0.0628003	 0.0741315	 0.0880362	  0.106001	-0.0344997	-0.0431365	-0.0541503	-0.0676489	-0.0836894	 -0.102345	 -0.124409	 -0.151155	  -0.18443	 -0.226231	 -0.279097	 -0.344774	  -0.42524	 -0.520783	 -0.631427	 -0.757422	 -0.901964	   -1.0683	  -1.26427	  -1.49806	  -1.77661	  -2.00478	  -2.24474	  -2.48748	  -2.72743	  -2.95988	  -3.18578	  -3.40697	   -3.6239	  -3.83377	  -4.03465	  -4.22314	  -4.39616	  -4.55148	   -4.6885	  -4.80699	  -4.90784	  -4.99263	  -5.06215	  -5.11704	  -5.15815	  -5.18644	  -5.20287	  -5.20943	  -5.20816	
3.80497e-08	2.84522e-07	9.63082e-07	2.78529e-06	7.2697e-06	1.97632e-05	0.000414887	0.000807823	0.00142902	0.00236652	 0.0037018	-0.000621803	-0.000889743	-0.00122144	-0.00162489	-0.00207131	 0.0133141	 0.0163359	 0.0197328	 0.0233426	 0.0278961	 0.0997753	 0.0425119	 0.0498581	 0.0590589	 0.0705774	-0.0269847	-0.0334185	-0.0418869	-0.0526135	-0.0657301	-0.0813184	-0.0994496	 -0.120973	 -0.147042	 -0.179461	 -0.220311	 -0.271921	 -0.335882	 -0.414132	 -0.506997	   -0.6145	 -0.736958	 -0.877611	  -1.03956	  -1.23035	  -1.45783	  -1.65083	  -1.86237	  -2.08463	  -2.30938	  -2.53155	  -2.74683	  -2.95605	  -3.16092	   -3.3618	   -3.5561	  -3.74201	  -3.91641	  -4.07644	  -4.22006	  -4.34674	  -4.45627	  -4.54947	   -4.6278	    -4.692	  -4.74267	  -4.78059	  -4.80666	  -4.82175	  -4.82771	
2.07004e-08	1.98325e-07	6.63723e-07	1.91269e-06	4.99149e-06	1.28281e-05	0.000211087	0.000412557	0.000733095	0.00122176	0.00192545	-0.000199239	-0.000285643	-0.000395087	-0.000526798	-0.000682259	0.00810936	0.00995141	 0.0120108	 0.0142563	 0.0166698	 0.0841153	 0.0224952	 0.0264855	 0.0311662	 0.0371389	-0.0214159	-0.0261083	-0.0324131	-0.0406442	-0.0510394	-0.0637486	-0.0788529	-0.0964905	 -0.117421	 -0.142777	 -0.174416	 -0.214248	 -0.264436	 -0.326536	 -0.402452	 -0.492502	 -0.596775	 -0.715702	 -0.852383	  -1.00981	  -1.19519	  -1.35233	  -1.53101	  -1.72665	  -1.93212	  -2.13989	  -2.34532	   -2.5444	  -2.73791	  -2.92736	  -3.11309	  -3.29267	  -3.46446	  -3.62556	  -3.77336	  -3.90598	  -4.02294	  -4.12406	  -4.21008	  -4.28235	  -4.34158	   -4.3883	  -4.42325	  -4.44726	  -4.46114	
6.94936e-08	3.08513e-07	9.0917e-07	2.45754e-06	6.22271e-06	 1.776e-05	9.44716e-05	0.000191631	0.000343491	0.000571799	0.000903879	-2.08128e-05	-2.98319e-05	-4.1056e-05	-5.4611e-05	-7.03878e-05	0.000150502	0.000182721	0.000217424	0.000254526	0.000294688	-0.0016951	-0.00327713	-0.00378801	-0.00437835	-0.00507349	         	         	         	         	         	         	         	         	         	         	         	         	         	         	         	         	         	         	         	         	         	         	         	         	         	         	         	         	         	         	         	         	         	         	         	         	         	         	         	         	         	         	         	         	         	
         	         	         	         	         	         	         	         	         	         	         	         	         	         	         	         	         	         	         	         	         	         	         	         	         	         	         	         	         	         	         	         	         	         	         	         	         	         	         	         	         	         	         	         	         	         	         	         	         	         	         	         	         	         	         	         	         	         	         	         	         	         	         	         	         	         	         	         	         	         	         	
         	         	         	         	         	         	         	         	         	         	         	         	         	         	         	         	         	         	         	         	         	         	         	         	         	         	         	         	         	         	         	         	         	         	         	         	         	         	         	         	         	         	         	         	         	         	         	         	         	         	         	         	         	         	         	         	         	         	         	         	         	         	         	         	         	         	         	         	         	         	         	
  -176.377	    182.27	  -462.474	  -1256.43	  -2219.47	  -3229.29	  -3681.32	  -4956.53	  -6565.08	  -9163.22	  -18058.6	  -3464.53	  -3447.61	  -3431.35	   -3416.6	  -3404.14	  -324.565	   -324.05	   -324.19	  -324.599	  -325.388	   1044.87	   1043.24	   1051.01	   1059.15	   1063.93	  -585.705	  -586.393	  -587.033	  -588.129	  -588.569	  -589.091	  -589.332	  -589.516	  -589.689	  -589.875	  -590.044	  -590.197	  -590.341	  -590.461	  -590.566	  -590.659	  -590.745	  -590.817	  -590.881	  -590.943	  -591.002	  -564.461	  -539.111	  -514.897	   -491.77	  -469.681	  -448.582	  -428.429	  -409.181	  -390.796	  -373.235	  -356.463	  -340.443	  -325.142	  -310.528	  -296.569	  -283.237	  -270.504	  -258.342	  -246.726	  -235.631	  -225.035	  -214.915	  -205.249	  -196.018	
  -194.796	   161.754	  -456.063	  -1100.67	  -1894.19	  -2856.06	  -1502.49	  -2967.95	  -4242.49	  -5851.01	   -8450.2	   -461.57	  -411.144	  -409.545	  -408.075	  -406.806	  -842.792	  -841.353	  -840.819	  -841.881	  -842.493	   443.478	   442.655	   444.159	   446.037	   448.459	  -581.786	  -582.731	  -583.242	   -583.86	  -585.089	  -585.621	  -586.302	  -586.649	  -586.916	  -587.187	  -587.465	  -587.705	  -587.934	   -588.13	  -588.294	  -588.436	  -588.565	  -588.688	  -588.793	  -588.891	  -588.985	  -562.567	  -537.332	  -513.226	    -490.2	  -468.206	  -447.196	  -427.126	  -407.955	  -389.642	  -372.149	  -355.439	  -339.478	  -324.231	  -309.668	  -295.757	  -282.469	  -269.777	  -257.654	  -246.075	  -235.015	  -224.451	  -214.361	  -204.724	  -195.519	
   -224.24	  -436.378	  -462.392	  -1080.12	  -1724.48	  -2517.33	   304.829	  -755.873	  -2221.02	  -3495.35	  -5103.31	   1974.52	   2591.72	   2630.28	   2620.73	   2612.13	  -1215.52	   -1212.8	  -1211.19	  -1210.85	  -1212.31	  -12.7684	  -11.8176	  -11.8523	  -11.8867	  -11.9265	  -577.384	  -579.626	  -580.481	  -580.988	  -581.654	  -582.946	  -583.557	  -584.306	  -584.696	  -585.011	  -585.335	  -585.649	  -585.923	  -586.174	  -586.388	  -586.568	  -586.726	  -586.873	  -587.012	  -587.133	  -587.247	  -560.925	   -535.78	  -511.759	  -488.812	  -466.893	  -445.955	  -425.953	  -406.845	  -388.592	  -371.155	  -354.498	  -338.586	  -323.387	  -308.867	  -294.998	  -281.749	  -269.094	  -257.006	  -245.459	   -234.43	  -223.895	  -213.832	  -204.221	  -195.041	
  -242.742	  -387.307	  -388.097	  -414.113	  -1031.83	  -1676.16	  -329.069	   -1175.8	  -2233.94	  -3695.45	  -4965.49	   1039.11	   749.553	   1372.18	   1418.12	   1413.32	  -1358.95	  -1355.38	  -1352.61	  -1350.99	   -1350.4	  -708.999	  -706.534	  -707.617	    -709.5	  -711.277	  -573.291	  -576.038	  -578.214	  -579.042	   -579.54	  -580.198	  -581.499	   -582.12	  -582.874	  -583.273	    -583.6	  -583.933	  -584.254	  -584.527	  -584.775	  -584.988	  -585.168	  -585.328	  -585.476	  -585.617	  -585.741	  -559.494	  -534.418	  -510.463	  -487.579	  -465.719	  -444.837	   -424.89	  -405.834	   -387.63	   -370.24	  -353.627	  -337.758	  -322.598	  -308.117	  -294.284	   -281.07	  -268.447	   -256.39	  -244.873	  -233.871	  -223.363	  -213.326	  -203.738	  -194.581	
  -251.972	  -339.777	  -339.775	  -340.567	  -366.586	  -984.316	  -438.402	  -1147.47	  -1993.49	  -3050.56	   -4510.8	   1149.67	   435.391	    147.96	   773.524	    825.79	  -1322.02	  -1318.18	  -1314.91	  -1312.37	  -1310.66	  -979.203	  -976.174	  -976.542	  -977.867	  -980.162	  -570.531	  -572.187	  -574.862	  -576.993	  -577.798	  -578.275	  -578.923	  -580.214	  -580.828	  -581.579	  -581.978	  -582.306	   -582.64	  -582.956	  -583.222	  -583.464	  -583.672	  -583.849	  -584.007	  -584.154	  -584.294	  -558.118	  -533.108	  -509.214	  -486.388	  -464.583	  -443.753	  -423.856	  -404.849	  -386.692	  -369.346	  -352.776	  -336.947	  -321.826	  -307.381	  -293.582	  -280.402	  -267.811	  -255.784	  -244.295	  -233.321	  -222.838	  -212.826	  -203.262	  -194.127	
  -254.468	  -296.065	  -296.065	  -296.063	  -296.856	  -322.878	  -289.121	  -773.843	  -1482.78	   -2328.6	   -3385.4	   1965.83	   1015.42	    301.38	   14.2843	   640.864	  -1156.17	  -1152.63	  -1149.44	  -1146.71	  -1144.43	  -935.056	  -930.041	  -930.652	  -930.885	  -931.956	  -568.179	  -569.422	  -571.032	  -573.659	  -575.748	  -576.532	  -577.001	  -577.643	  -578.926	  -579.536	  -580.286	  -580.686	  -581.016	  -581.346	  -581.655	  -581.914	  -582.151	  -582.356	  -582.531	  -582.688	  -582.833	  -556.739	  -531.797	  -507.965	  -485.198	  -463.448	  -442.671	  -422.824	  -403.864	  -385.753	  -368.452	  -351.925	  -336.136	  -321.053	  -306.645	  -292.881	  -279.734	  -267.174	  -255.177	  -243.717	  -232.771	  -222.314	  -212.326	  -202.786	  -193.673	
  -252.702	  -259.175	  -259.175	  -259.175	  -259.173	  -259.967	   175.028	  -321.335	   -806.06	  -1515.02	  -2360.91	   2584.17	   2149.22	   1198.24	   483.457	   195.638	  -913.436	  -910.509	   -907.85	  -905.435	  -903.257	  -684.429	  -678.676	  -678.093	  -678.451	  -678.505	    -565.9	  -567.084	  -568.291	  -569.869	  -572.445	  -574.493	  -575.265	  -575.729	  -576.366	  -577.643	  -578.252	      -579	  -579.402	  -579.728	  -580.053	  -580.355	  -580.608	  -580.841	  -581.043	  -581.217	  -581.372	  -555.348	  -530.483	  -506.717	  -484.009	  -462.315	  -441.591	  -421.793	  -402.882	  -384.816	  -367.559	  -351.074	  -335.325	  -320.281	  -305.909	  -292.181	  -279.066	  -266.539	  -254.572	   -243.14	  -232.221	   -221.79	  -211.827	   -202.31	   -193.22	
  -248.934	  -232.009	   -232.01	   -232.01	  -232.009	  -232.008	   -698.32	   258.382	  -237.991	  -722.743	  -1431.78	   3062.25	   2918.22	   2482.75	   1530.87	   814.956	  -642.818	  -640.806	  -638.846	  -637.056	  -635.357	   -335.01	  -329.004	  -328.468	  -328.153	  -328.272	  -564.283	  -564.828	  -565.979	  -567.161	    -568.7	  -571.224	  -573.239	  -574.002	  -574.461	  -575.095	  -576.368	  -576.976	  -577.724	  -578.122	  -578.443	   -578.76	  -579.055	  -579.304	  -579.534	  -579.734	  -579.906	  -553.957	   -529.16	  -505.467	  -482.822	  -461.184	  -440.513	  -420.765	  -401.901	  -383.881	  -366.667	  -350.224	  -334.516	   -319.51	  -305.175	  -291.481	    -278.4	  -265.904	  -253.967	  -242.564	  -231.672	  -221.267	  -211.329	  -201.835	  -192.767	
  -245.142	  -217.015	  -217.015	  -217.015	  -217.015	  -217.015	   -674.32	  -675.227	   281.476	  -214.902	  -699.668	   3787.06	   3397.97	   3253.67	   2817.74	   1865.04	  -386.386	  -385.257	  -384.106	  -382.981	  -381.913	   15.3711	   21.6163	    21.568	   21.5311	   21.5075	  -563.261	   -563.22	   -563.75	  -564.878	  -566.024	  -567.521	  -570.001	  -571.987	  -572.742	  -573.198	  -573.831	  -575.101	  -575.709	  -576.452	  -576.844	  -577.158	  -577.468	  -577.758	  -578.003	   -578.23	  -578.428	  -552.562	  -527.836	  -504.208	  -481.632	  -460.054	  -439.436	  -419.739	  -400.923	  -382.948	  -365.777	  -349.375	  -333.707	  -318.739	  -304.441	  -290.782	  -277.733	  -265.269	  -253.362	  -241.988	  -231.123	  -220.745	  -210.831	  -201.361	  -192.315	
  -242.218	  -215.337	  -215.274	  -215.274	  -215.274	  -215.274	  -851.555	   -851.55	  -852.454	   104.258	  -392.108	   4305.28	   3997.76	   3608.62	   3464.26	   3028.16	  -162.983	  -162.562	  -162.109	  -161.646	  -161.179	   300.042	   306.895	   306.103	     305.4	   304.841	  -562.073	  -562.198	   -562.15	  -562.674	  -563.768	  -564.876	  -566.338	  -568.779	  -570.739	  -571.487	  -571.943	  -572.576	  -573.844	  -574.447	  -575.181	  -575.566	  -575.874	  -576.178	  -576.464	  -576.706	  -576.931	  -551.156	  -526.509	  -502.948	  -480.433	  -458.921	   -438.36	  -418.714	  -399.946	  -382.016	  -364.889	  -348.528	  -332.899	  -317.969	  -303.707	  -290.083	  -277.068	  -264.635	  -252.758	  -241.413	  -230.575	  -220.223	  -210.333	  -200.887	  -191.864	
  -239.868	  -226.429	  -226.283	  -226.219	  -226.219	  -226.219	  -1314.44	  -1314.44	  -1314.43	  -1315.33	  -358.598	   4617.62	   4300.66	   3993.21	   3604.21	   3460.07	   35.2095	   35.1338	   35.0474	   34.9543	   34.8563	   492.836	   500.588	   499.197	   497.887	   496.694	  -561.682	  -561.009	  -561.127	  -561.082	  -561.587	   -562.64	  -563.722	  -565.155	  -567.559	  -569.495	   -570.24	  -570.696	   -571.33	   -572.59	  -573.185	   -573.91	  -574.288	   -574.59	   -574.89	  -575.172	  -575.412	  -549.731	  -525.171	  -501.684	  -479.234	  -457.781	  -437.282	   -417.69	   -398.97	  -381.087	  -364.002	  -347.682	  -332.092	    -317.2	  -302.974	  -289.385	  -276.403	  -264.002	  -252.155	  -240.838	  -230.028	  -219.701	  -209.836	  -200.414	  -191.413	
  -236.911	  -247.082	  -246.908	  -246.761	  -246.698	  -246.698	  -2002.66	  -2002.66	  -2002.66	  -2002.65	  -2002.62	    4792.1	   4419.43	   4102.57	   3795.31	   3406.65	    247.52	   247.133	   246.647	   246.094	    245.48	   643.298	   651.592	   649.742	    647.91	   646.131	  -561.898	  -560.781	  -560.081	  -560.187	  -560.135	  -560.591	  -561.583	  -562.625	  -564.025	  -566.387	  -568.299	  -569.037	  -569.492	  -570.121	  -571.367	  -571.952	  -572.664	  -573.033	  -573.328	  -573.622	  -573.899	  -548.299	  -523.826	  -500.421	   -478.04	  -456.647	  -436.204	  -416.671	  -398.002	  -380.164	  -363.123	  -346.843	  -331.292	  -316.436	  -302.246	   -288.69	  -275.741	  -263.371	  -251.554	  -240.266	  -229.482	  -219.181	  -209.341	  -199.942	  -190.963	
  -231.715	  -272.035	  -271.802	  -271.628	  -271.481	  -271.418	   -2705.4	   -2705.4	   -2705.4	   -2705.4	  -2705.39	    2532.5	   4537.25	   4164.62	   3847.86	    3540.8	   533.974	    533.44	   532.678	   531.725	   530.613	   868.906	   876.538	   874.062	   871.574	   869.065	  -562.429	   -560.94	  -559.803	  -559.105	  -559.209	  -559.148	  -559.585	  -560.522	   -561.53	  -562.897	  -565.227	  -567.111	  -567.841	  -568.292	  -568.914	  -570.144	  -570.717	  -571.418	  -571.778	  -572.068	  -572.357	  -546.861	  -522.464	  -499.142	  -476.839	  -455.512	  -435.125	  -415.645	  -397.032	  -379.242	  -362.244	  -346.006	  -330.493	  -315.675	  -301.519	  -287.997	   -275.08	  -262.741	  -250.954	  -239.694	  -228.937	  -218.662	  -208.847	  -199.471	  -190.514	
  -223.834	  -295.667	  -295.379	  -295.146	  -294.972	  -294.825	  -3092.31	   -3092.3	   -3092.3	  -3092.29	  -3092.28	   2448.44	    2448.4	   4453.16	   4080.56	   3763.86	   940.214	   939.702	   938.848	   937.628	   936.073	   1315.94	   1321.05	   1317.62	   1313.91	   1310.14	  -563.105	  -561.424	  -559.921	   -558.79	    -558.1	  -558.198	  -558.149	  -558.568	  -559.458	  -560.433	  -561.779	  -564.075	  -565.929	   -566.65	  -567.093	  -567.705	  -568.919	  -569.481	   -570.17	  -570.525	  -570.809	  -545.394	  -521.096	  -497.846	  -475.622	  -454.368	  -434.045	  -414.618	  -396.055	  -378.319	  -361.367	   -345.17	  -329.696	  -314.915	  -300.794	  -287.305	  -274.421	  -262.112	  -250.355	  -239.123	  -228.393	  -218.144	  -208.353	      -199	  -190.066	
  -216.244	  -315.186	  -314.845	  -314.557	  -314.323	  -314.148	  -2805.11	  -2805.01	  -2804.96	  -2804.91	  -2804.85	   2797.68	   2797.64	   2797.59	   4802.13	    4429.6	   1443.22	   1442.86	   1442.16	   1440.98	   1439.27	   2080.41	   2081.78	   2077.09	   2071.74	   2065.91	  -563.751	  -562.045	  -560.353	  -558.859	  -557.741	  -557.058	  -557.165	  -557.121	  -557.525	  -558.375	  -559.332	  -560.656	  -562.917	  -564.741	   -565.45	  -565.885	  -566.486	  -567.685	  -568.237	  -568.918	  -569.268	  -543.919	  -519.698	  -496.542	  -474.386	  -453.207	  -432.954	  -413.588	  -395.077	  -377.388	  -360.487	  -344.334	    -328.9	  -314.155	   -300.07	  -286.614	  -273.761	  -261.484	  -249.756	  -238.552	  -227.849	  -217.626	  -207.859	  -198.529	  -189.617	
  -204.914	  -322.577	  -322.228	  -321.884	  -321.593	  -321.352	  -1672.51	  -1672.24	  -1672.01	  -1671.81	  -1671.61	   3628.53	   3628.25	   3628.09	   3628.03	    5631.5	   2057.92	   2057.83	   2057.48	   2056.67	    2055.2	   3245.14	   3242.32	    3236.4	   3229.26	   3221.01	   1076.79	   1073.61	   1070.36	   1067.17	   1064.36	   1062.26	      1061	   1061.21	   1061.14	   1061.89	   1063.47	   1065.27	   1067.76	   1072.02	   1075.45	   1076.79	   1077.61	   1078.74	   1081.01	   1082.05	   1083.34	   1035.23	   989.127	   945.079	   902.969	   862.677	   824.162	   787.331	   752.113	    718.45	   686.283	   655.549	   626.174	   598.107	   571.293	   545.679	    521.21	   497.837	    475.51	   454.182	   433.808	   414.345	   395.753	   377.992	   361.026	
  -200.631	  -329.665	  -329.355	  -328.999	  -328.642	  -328.322	   55.0303	   55.1877	   55.3119	   55.3491	   55.3227	   4646.94	   4645.41	    4644.5	   4644.29	   4644.65	   2626.84	   2627.38	   2627.82	   2627.87	   2627.27	   4568.76	   4563.39	   4557.23	   4549.34	   4539.66	   13770.5	   13732.4	   13692.6	   13652.1	   13612.5	   13577.7	   13551.9	   13536.3	   13539.4	   13538.8	   13548.6	   13568.7	   13591.5	   13623.2	   13677.3	     13721	   13738.2	   13748.8	   13763.4	   13792.4	   13805.9	   13200.4	   12614.2	   12052.6	     11516	   11002.9	     10512	   10042.7	      9594	   9164.89	   8754.73	   8362.78	   7988.29	   7630.36	   7288.36	   6961.64	   6649.52	   6351.37	   6066.55	   5794.48	   5534.59	   5286.33	   5049.16	    4822.6	   4606.18	
  -219.641	   -360.75	   -360.17	   -359.84	  -359.444	  -359.004	   1996.43	   1995.01	   1992.93	   1990.43	   1987.76	   5583.02	   5577.42	   5573.87	   5572.63	   5573.63	   2965.82	   2967.95	   2970.03	   2971.82	   2972.92	   5696.29	   5691.77	   5687.47	   5680.89	    5672.1	   12491.1	   12461.4	   12429.7	   12395.6	   12360.8	   12327.2	   12297.5	   12275.6	   12262.3	   12265.6	   12265.5	   12274.8	   12293.4	   12314.6	     12344	   12393.6	   12433.9	   12450.2	   12460.5	   12474.2	   12500.9	   11950.4	   11426.7	   10919.6	   10433.7	   9969.36	   9525.39	   9100.56	   8694.44	   8306.06	   7934.66	   7579.64	   7240.38	   6916.21	   6606.37	   6310.32	   6027.49	   5757.29	   5499.17	    5252.6	   5017.06	   4792.06	   4577.12	   4371.79	   4175.64	
  -269.455	  -422.936	  -422.554	  -421.931	  -421.507	   -420.92	   3774.68	    3768.5	   3759.88	    3749.5	   3738.56	   6021.68	   6007.85	    5998.3	   5993.91	   5994.74	   2937.13	   2940.88	    2945.8	   2950.13	   2953.79	    6375.1	   6375.61	   6375.69	   6373.05	   6367.92	   11293.5	   11274.9	   11251.8	   11227.7	   11200.1	   11171.8	   11145.3	   11120.8	     11103	   11091.9	   11095.3	   11096.5	   11105.7	   11123.4	   11143.9	   11171.8	     11218	   11255.8	   11271.7	     11282	   11295.3	   10810.8	   10335.4	   9883.04	   9444.89	   9025.04	   8623.76	      8240	   7872.73	   7521.62	   7185.81	   6864.66	   6557.65	   6264.24	   5983.88	    5715.9	   5459.83	   5215.18	   4981.45	   4758.16	   4544.86	    4341.1	   4146.45	   3960.51	   3782.87	
  -340.871	  -498.871	  -498.816	  -498.343	  -497.521	   -496.69	   5299.37	    5283.1	   5260.68	   5233.95	   5205.67	   5736.86	   5711.38	   5692.66	   5682.04	   5680.23	    2591.4	   2596.94	   2603.59	   2611.56	   2618.08	   6664.61	    6674.3	   6681.46	   6685.68	    6687.3	   10163.9	   10157.4	   10146.1	   10130.7	   10116.2	   10096.7	   10076.5	   10057.5	   10038.9	   10025.3	   10016.2	   10020.6	   10023.8	   10033.1	   10050.6	   10070.9	   10098.1	   10141.6	   10177.9	   10193.9	   10204.7	    9758.2	    9340.6	   8930.83	   8540.72	   8162.73	   7800.49	   7454.15	   7122.83	   6805.69	   6502.45	    6212.4	   5934.97	   5669.72	    5416.2	   5173.94	   4942.35	   4721.04	   4509.58	   4307.56	   4114.55	   3930.17	   3754.02	   3585.75	      3425	
  -418.709	  -571.343	  -571.373	  -571.185	   -570.42	  -569.005	   6410.87	   6382.72	   6343.84	   6296.62	      6246	   4663.67	   4631.24	   4605.65	   4589.12	   4582.36	   2047.02	   2051.91	   2059.08	   2066.91	      2076	   6635.52	   6656.28	    6671.8	   6684.18	   6693.89	   9117.56	   9122.69	   9122.66	   9117.78	   9110.83	   9106.02	   9094.16	   9080.86	   9068.71	   9054.89	   9044.57	   9037.57	   9043.17	   9048.16	   9057.67	   9075.02	   9095.33	    9121.6	   9162.45	    9197.2	   9213.15	   8809.25	      8425	    8065.4	   7712.44	   7376.29	   7050.43	   6738.12	   6439.41	   6153.55	   5879.88	   5618.17	    5367.8	   5128.29	   4899.26	   4680.35	   4471.13	   4271.11	   4079.96	   3897.31	    3722.8	   3556.06	   3396.77	   3244.59	    3099.2	
  -488.112	  -628.598	  -628.407	   -628.26	  -627.683	   -626.14	   7124.04	   7084.57	   7030.04	   6963.22	   6889.75	   3126.38	   3096.24	   3071.41	   3053.42	   3043.68	   1515.16	   1518.12	   1523.79	      1531	    1538.5	    6487.3	   6517.42	   6542.22	   6563.29	   6581.82	   8153.29	   8169.29	   8179.95	   8185.08	   8187.12	   8188.76	   8192.65	   8186.56	   8178.98	   8172.18	    8161.9	   8154.71	   8149.67	   8156.23	   8162.75	   8172.43	   8189.69	   8209.72	   8234.87	   8273.01	   8306.07	   7947.38	   7600.18	   7269.69	   6960.22	   6656.38	   6366.88	   6086.13	   5817.02	   5559.54	   5313.06	   5077.04	   4851.31	   4635.32	   4428.67	   4231.04	   4042.12	   3861.55	   3688.91	    3523.9	   3366.22	   3215.56	   3071.61	   2934.07	   2802.68	
  -545.814	   -671.65	  -671.488	  -671.072	  -670.431	  -668.878	   7716.62	   7666.08	   7596.56	   7511.21	   7416.35	   1669.32	   1649.13	   1631.72	   1618.26	   1609.44	   1147.67	   1148.54	    1152.3	   1158.01	   1164.73	   6470.78	   6517.28	   6550.16	   6581.15	   6609.15	   7268.68	    7292.9	   7313.27	   7328.27	   7338.53	   7347.81	   7357.45	   7367.37	   7365.93	   7362.89	   7360.11	   7353.04	   7348.45	   7344.99	   7352.25	   7359.98	   7369.81	   7386.76	   7406.29	   7430.16	   7465.59	   7159.48	   6851.42	   6553.11	   6269.02	   6002.86	   5741.44	   5492.24	   5250.48	   5018.73	   4796.92	   4584.52	   4381.09	    4186.5	   4000.29	    3822.1	   3651.68	   3488.74	   3332.99	   3184.07	   3041.73	    2905.7	   2775.71	   2651.51	   2532.83	
  -585.121	  -697.406	  -697.268	   -696.83	  -695.811	  -693.998	   8132.04	   8070.38	   7987.47	   7886.16	    7773.2	   565.137	   557.222	   550.235	   544.491	   540.345	   1043.93	   1042.89	   1045.01	    1049.7	   1055.98	   6618.74	    6666.4	   6716.88	   6756.47	   6795.33	      6461	   6492.11	   6518.99	   6542.48	   6561.64	   6577.44	   6593.43	   6608.26	    6622.6	   6624.72	   6624.91	   6625.54	   6621.07	   6618.43	   6616.18	   6623.94	   6632.58	   6642.36	   6658.81	   6677.65	   6700.13	   6429.91	   6167.34	   5902.88	   5646.72	   5402.65	   5173.84	   4949.03	   4734.64	   4526.57	   4327.11	   4136.14	   3953.21	   3777.99	   3610.36	   3449.92	   3296.38	   3149.51	   3009.08	   2874.83	   2746.46	   2623.75	   2506.47	    2394.4	   2287.31	
  -608.393	  -708.433	  -708.308	  -707.839	  -706.682	  -704.297	   8026.57	   7957.05	      7866	   7756.41	   7634.56	  -314.254	  -308.881	  -304.037	   -299.98	  -296.819	   1102.31	   1098.61	   1098.87	   1102.39	   1108.43	   6631.28	   6684.28	   6732.37	   6789.74	   6835.76	   5726.99	   5763.06	   5795.49	      5824	   5850.37	   5873.99	   5894.98	   5914.88	   5933.36	   5950.68	   5955.16	    5958.1	   5961.29	   5958.73	   5957.49	   5956.22	   5964.31	   5973.43	   5983.02	   5998.84	   6016.83	   5766.15	   5534.19	   5309.06	   5082.16	   4862.32	   4652.73	   4456.15	   4262.92	   4078.59	   3899.63	   3728.07	   3563.76	   3406.32	    3255.5	    3111.2	   2973.07	   2840.86	   2714.38	   2593.43	    2477.8	   2367.23	   2261.52	   2160.49	   2063.93	
  -630.059	  -720.732	  -720.609	  -720.085	  -718.755	   -715.99	   7365.21	   7293.59	   7201.52	   7092.93	   6973.25	  -891.887	    -876.1	  -861.674	   -849.15	  -839.063	   1197.39	    1190.7	   1188.11	   1189.73	   1194.67	   6329.05	   6380.48	   6430.42	   6480.73	   6541.59	   5063.08	   5102.02	   5138.24	   5171.22	   5201.16	   5230.69	   5258.41	   5281.94	   5304.42	   5325.19	   5344.04	   5350.55	   5355.51	    5360.4	   5359.18	   5358.99	   5358.53	   5366.64	   5375.96	   5385.26	   5400.34	   5173.59	   4958.62	   4759.62	   4566.71	   4372.17	    4183.6	   4003.74	   3834.94	   3668.99	    3510.6	   3356.79	   3209.34	   3068.07	   2932.68	   2802.96	   2678.84	   2560.01	   2446.26	   2337.43	   2233.35	   2133.84	   2038.67	   1947.68	   1860.72	
  -648.293	  -732.416	   -732.28	  -731.684	  -730.145	  -726.945	   6354.02	   6285.59	   6199.34	   6098.98	   5989.96	  -1190.77	  -1168.73	  -1148.53	  -1130.84	  -1116.03	    1236.4	   1227.23	   1221.87	   1220.57	   1223.34	   5736.15	   5779.76	    5824.5	   5872.78	   5921.64	   4467.88	   4505.52	   4543.51	   4579.39	   4612.64	   4644.39	    4676.8	   4705.97	   4730.99	   4754.89	   4776.56	   4796.46	   4804.37	   4810.59	    4816.5	   4816.27	   4816.87	   4816.93	   4824.92	   4834.23	   4843.16	   4638.86	   4444.72	   4260.51	   4089.92	   3924.75	   3758.06	   3596.44	    3442.2	   3297.37	   3154.95	   3018.97	   2886.89	   2760.25	   2638.91	   2522.58	   2411.11	   2304.44	   2202.31	   2104.53	   2010.97	   1921.49	   1835.93	   1754.09	   1675.85	
  -646.083	  -722.202	  -722.082	  -721.421	  -719.701	  -716.127	   5169.01	   5107.54	   5032.28	   4946.06	   4853.09	  -1411.11	  -1383.75	  -1359.05	  -1337.37	  -1319.09	   1215.72	   1205.34	   1198.02	    1194.2	   1193.96	   5012.85	   5043.59	   5078.57	   5119.37	   5163.04	   3929.04	    3971.7	   4007.59	   4044.56	   4079.59	   4113.52	   4147.09	   4179.82	   4209.56	   4235.28	   4259.51	   4281.62	   4301.91	   4310.58	   4317.45	   4323.97	   4324.48	   4325.57	   4326.02	   4333.79	   4342.94	   4155.65	    3980.9	   3814.84	   3657.13	   3511.04	   3369.72	   3227.01	   3088.59	   2956.45	    2832.3	   2710.18	   2593.55	   2480.23	   2371.59	   2267.46	    2167.6	   2071.91	   1980.34	   1892.64	   1808.67	   1728.33	   1651.47	   1577.98	   1507.69	
  -618.776	    -687.6	  -687.516	  -686.844	  -685.007	  -681.197	   4109.38	   4055.64	   3991.61	   3920.14	   3843.84	  -1517.38	  -1487.48	  -1459.99	  -1436.22	  -1416.12	   1122.01	   1111.59	   1103.79	   1098.53	      1096	   4283.51	   4300.54	    4323.1	   4353.63	   4388.56	   3458.08	    3489.5	   3529.19	   3563.58	   3598.98	   3633.62	   3668.34	   3701.34	   3733.72	   3763.38	   3788.83	   3812.97	   3834.93	   3854.95	   3863.86	   3871.06	   3877.89	   3878.85	   3880.27	   3881.01	    3888.5	      3722	   3561.89	   3412.59	   3270.69	   3135.81	   3010.81	   2889.99	   2767.92	    2649.5	   2536.39	   2430.08	   2325.48	   2225.55	   2128.44	   2035.33	   1946.06	   1860.45	    1778.4	   1699.86	   1624.65	   1552.63	   1483.71	   1417.78	   1354.72	
   -573.37	  -642.582	  -642.523	  -641.877	  -640.008	   -636.07	   3345.63	   3297.98	   3242.29	   3181.73	   3118.51	  -1364.92	   -1337.9	  -1313.05	  -1291.05	  -1272.75	   1013.56	   1003.98	   996.334	   990.799	   987.039	   3628.38	   3632.46	   3643.54	   3662.53	   3687.48	   3042.33	   3069.18	   3097.92	   3135.17	   3167.56	   3201.85	   3236.35	   3269.69	   3301.69	   3333.21	   3361.89	   3386.74	   3410.26	    3431.5	   3450.75	   3459.64	   3466.92	   3473.74	      3475	   3476.64	   3477.62	   3327.97	      3186	    3049.3	   2921.88	   2800.76	   2685.52	   2578.67	   2475.49	   2371.19	   2269.98	   2173.28	   2082.35	   1992.86	   1907.34	   1824.22	   1744.52	   1668.09	   1594.78	   1524.51	   1457.25	   1392.82	   1331.12	   1272.08	   1215.59	
  -517.531	  -597.256	  -597.175	  -596.547	  -594.694	  -590.725	      2992	   2945.93	   2893.02	   2836.54	   2778.98	  -949.965	  -931.254	  -914.099	  -898.797	  -885.617	   945.226	   936.214	   929.039	   923.451	   919.317	   3146.59	   3142.08	   3143.32	   3152.45	   3167.46	   2676.92	   2698.02	   2722.27	   2749.16	   2783.58	   2814.51	   2848.05	   2880.56	   2912.33	   2943.01	   2972.94	    3000.4	   3024.23	   3046.67	   3066.77	   3085.02	    3093.7	    3100.8	   3107.48	   3108.95	   3110.74	   2971.86	   2844.34	   2723.45	   2606.89	   2498.29	   2395.03	   2296.68	   2205.47	   2117.46	   2028.45	   1942.07	    1859.5	   1781.83	   1705.37	   1632.28	   1561.23	    1493.1	   1427.77	   1365.07	   1304.98	   1247.45	   1192.35	   1139.57	   1089.05	
  -464.428	  -561.469	   -561.33	  -560.675	  -558.832	  -554.877	   2925.81	   2877.76	    2823.3	   2766.12	   2708.79	  -402.649	  -394.723	  -387.657	  -381.329	  -375.673	   943.326	   934.274	   927.081	   921.529	   917.042	   2829.64	   2820.23	   2815.34	   2815.79	   2822.17	   2358.16	   2372.89	   2391.65	   2414.14	   2438.79	   2470.88	   2500.69	   2531.83	   2562.28	   2592.25	   2620.95	   2649.11	   2674.97	   2697.37	   2718.33	   2737.12	   2754.22	   2762.47	   2769.28	   2775.71	   2777.31	   2654.13	   2535.86	   2427.35	   2324.55	    2225.3	   2132.87	   2044.93	   1961.12	   1883.35	   1808.38	   1732.53	   1658.91	   1588.51	   1522.25	   1457.02	   1394.66	   1334.02	   1275.87	    1220.1	   1166.57	   1115.26	   1066.14	   1019.08	   974.004	
  -423.047	  -540.614	  -540.369	   -539.64	  -537.737	  -533.737	   2921.84	   2871.33	   2814.55	   2755.71	   2697.63	   113.683	   111.514	   109.609	   107.772	   106.276	   991.506	   981.868	   974.249	   968.407	   963.745	   2566.11	   2555.48	   2547.43	   2542.31	   2540.79	   2081.08	   2088.95	   2101.79	   2119.13	   2139.57	   2162.45	   2192.67	   2219.99	   2248.81	   2277.14	   2304.82	   2331.47	    2357.6	   2381.57	   2402.26	   2421.64	   2439.02	   2454.82	   2462.56	   2469.01	   2475.13	   2365.35	   2260.66	   2160.12	   2067.94	   1980.64	   1896.28	   1817.72	   1742.95	   1671.63	   1605.44	   1541.67	   1477.14	   1414.49	   1354.56	   1298.14	   1242.59	   1189.47	    1137.8	   1088.26	   1040.74	    995.12	   951.383	   909.513	   869.396	
  -400.624	  -535.547	  -535.179	  -534.318	  -532.284	  -528.125	   2833.25	   2782.37	   2725.45	   2666.93	    2609.9	   457.184	   448.502	   440.886	   434.249	   428.345	   1079.07	   1068.67	   1060.22	   1053.79	   1048.69	   2320.81	   2311.12	   2302.42	   2294.51	      2288	   1840.17	   1841.92	   1848.52	   1860.39	   1876.05	   1894.87	    1916.4	   1943.68	   1968.73	   1995.25	   2021.11	   2046.49	   2070.95	   2094.87	   2116.76	   2135.69	   2153.45	   2169.34	    2183.8	   2191.01	   2197.06	   2103.69	   2010.57	   1921.77	   1836.46	   1758.29	   1684.29	    1612.7	   1546.05	   1482.59	   1422.02	   1365.78	   1311.64	   1256.83	   1203.62	   1152.71	   1104.76	   1057.54	   1012.38	   968.449	   926.325	   885.906	   847.107	   809.905	   774.287	
  -391.842	  -536.619	  -536.137	  -535.134	  -532.931	  -528.581	   2731.27	   2680.93	   2624.82	   2567.36	   2511.76	   623.575	   611.881	   601.724	   593.054	   585.642	   1179.11	   1167.94	   1158.76	   1151.53	   1145.82	   2133.49	    2126.4	   2117.61	   2109.01	   2099.93	   1630.29	   1626.79	   1627.89	   1634.08	   1644.76	    1659.1	   1676.67	   1695.98	   1720.65	   1743.51	   1767.49	   1790.95	   1813.98	   1836.15	   1857.76	    1877.6	   1894.79	   1910.89	    1925.3	   1938.47	   1945.11	   1862.95	   1784.01	    1705.2	   1630.03	    1557.8	   1491.65	   1429.05	   1368.43	   1311.99	   1258.24	    1206.9	   1159.22	   1113.35	   1066.91	   1021.81	   978.645	   937.983	   897.939	   859.628	   822.363	   786.626	   752.331	   719.407	   687.836	
  -386.295	  -529.936	  -529.403	  -528.296	  -525.977	   -521.52	   2584.86	   2536.52	   2482.72	   2427.79	   2374.79	   583.687	    572.83	   563.538	   555.703	   549.179	   1266.76	    1255.4	    1245.7	   1237.93	    1231.5	   1990.87	   1986.18	   1977.92	   1969.12	   1959.34	   1445.52	   1438.95	    1435.4	   1436.62	   1442.19	   1451.96	   1465.29	   1480.93	   1498.32	   1520.56	   1541.05	   1562.62	    1583.7	   1604.38	   1624.24	   1643.64	   1661.49	   1676.94	   1691.43	   1704.43	   1716.34	   1644.91	    1575.6	   1509.02	   1442.48	   1379.01	   1318.01	   1262.16	   1209.32	   1158.11	   1110.44	   1065.03	   1021.62	   981.296	   942.521	   903.264	   865.138	   828.641	   794.247	   760.374	   727.961	   696.429	    666.19	   637.169	   609.304	
  -375.416	  -509.686	  -509.163	  -508.046	  -505.711	  -501.309	   2406.91	   2361.74	   2311.43	   2260.09	    2210.7	   401.025	   393.549	   387.243	   382.021	   377.739	   1308.37	   1297.68	   1288.27	   1280.35	   1273.62	   1850.39	   1847.63	   1839.63	   1831.32	   1821.46	   1280.99	   1273.14	   1266.91	   1263.98	   1265.13	   1270.27	   1279.38	   1291.16	   1305.14	   1320.76	   1340.51	   1358.79	   1378.01	   1396.78	   1415.15	   1432.83	   1450.15	   1466.06	   1479.86	   1492.83	   1504.48	      1447	   1386.92	   1328.62	   1272.61	   1216.59	   1163.15	   1111.78	   1064.76	   1020.29	    977.15	   936.996	   898.736	   862.142	   828.133	   795.453	   762.364	   730.227	   699.457	   670.451	   641.883	   614.542	   587.943	   562.435	    537.95	
  -359.657	  -482.732	  -482.272	  -481.213	  -478.971	  -474.741	   2243.08	   2201.29	    2154.6	    2106.9	   2061.01	   208.071	   204.097	   200.782	   198.085	   195.925	   1286.53	   1277.14	   1268.86	   1261.62	   1255.02	   1673.23	   1672.15	   1664.39	   1656.52	   1647.43	   1132.91	   1125.11	   1117.81	   1112.49	   1109.97	   1111.16	   1116.05	   1124.04	   1134.52	      1147	   1160.79	   1178.23	    1194.4	   1211.38	   1227.93	   1244.17	   1259.82	   1275.13	   1289.24	   1301.49	   1313.03	   1263.86	    1215.7	   1165.33	   1116.45	   1069.49	   1022.48	   977.639	   934.519	   895.067	   857.757	   821.542	   787.834	   755.706	    724.96	   696.378	   668.927	   641.134	   614.138	   588.285	   563.908	   539.899	   516.918	   494.559	   473.117	
  -336.168	  -449.719	  -449.344	  -448.406	  -446.346	  -442.429	      2106	   2067.42	   2024.15	   1979.79	   1937.03	   56.3063	   55.0384	   53.9943	   53.1643	   52.5129	   1188.32	   1180.43	   1173.78	   1167.95	   1162.27	   1431.66	    1432.5	   1425.24	      1418	   1409.86	    998.92	   991.556	   984.356	   978.087	   973.487	   971.422	   972.748	   977.001	   984.077	   993.383	   1004.32	   1016.43	   1031.72	    1045.9	   1060.77	   1075.28	   1089.55	   1103.29	   1116.76	   1129.19	   1140.01	   1098.45	    1057.4	    1017.2	   975.136	   934.309	   895.086	     855.8	   818.316	    782.27	   749.296	   718.117	   687.836	    659.65	    632.78	   607.052	   583.127	   560.161	   536.909	   514.325	   492.693	    472.29	   452.195	   432.959	   414.242	
  -307.521	  -411.012	  -410.736	  -409.947	  -408.147	  -404.656	   1960.39	   1925.42	   1885.98	   1845.35	   1806.03	  -77.3477	  -76.2783	  -75.3869	   -74.653	  -74.0732	   1032.27	   1026.05	   1020.94	    1016.7	   1012.44	   1146.67	   1149.45	   1143.31	   1136.96	   1130.01	    877.07	   870.444	   863.684	   857.503	   852.091	   848.194	   846.622	   847.742	   851.512	   857.769	    865.87	     875.4	   885.939	   899.236	   911.561	   924.509	   937.163	   949.598	   961.593	    973.37	   984.257	   949.023	   914.491	   880.377	   846.976	   812.002	    778.06	   745.452	   712.774	   681.593	   651.604	   624.174	   598.242	   573.043	   549.587	   527.221	   505.796	   485.866	   466.744	   447.386	   428.583	   410.571	   393.578	   376.842	   360.819	
  -277.892	    -371.6	  -371.393	  -370.764	  -369.243	   -366.23	   1799.23	   1768.21	   1733.05	    1696.6	   1661.14	  -185.818	  -182.867	  -180.449	  -178.514	  -177.002	       861	   856.201	   852.449	   849.439	   846.525	   853.542	    858.72	   853.977	   848.972	   843.365	   766.109	   760.084	   754.032	   748.245	   742.932	   738.332	   735.134	   733.741	   734.764	   738.101	   743.506	   750.506	   758.735	   767.828	   779.292	   789.941	   801.147	   812.087	   822.856	   833.258	   843.484	   814.568	   785.444	   756.905	    728.71	   701.109	   672.197	   644.137	   617.181	   590.157	   564.368	   539.561	   516.874	   495.429	   474.581	   455.173	   436.663	   418.925	   402.419	   386.589	   370.567	   355.004	   340.093	   326.023	   312.166	
  -251.726	  -336.199	  -336.011	  -335.502	  -334.248	  -331.691	   1636.49	   1609.42	   1578.56	   1546.38	   1514.86	  -272.357	  -267.925	   -264.29	  -261.427	  -259.235	   719.824	   715.974	   713.146	   711.036	   709.004	   596.014	    603.47	   600.235	   596.586	   592.454	   664.909	   659.403	   653.942	   648.784	    643.84	   639.338	    635.52	   632.743	    631.59	   632.527	   635.382	   640.009	   645.999	   653.036	   660.803	   670.623	    679.76	   689.367	   698.759	   708.015	   716.967	   693.116	   669.373	   645.461	   622.034	   598.891	   576.237	     552.5	   529.465	   507.336	   485.143	   463.963	   443.588	   424.954	   407.344	   390.215	    374.27	    359.06	   344.477	   330.904	   317.892	   304.725	   291.935	   279.679	   268.112	
  -230.187	  -304.486	  -304.285	  -303.842	  -302.803	   -300.67	   1491.66	   1468.13	   1441.17	   1412.86	   1384.94	  -364.793	  -358.796	  -353.862	  -349.977	  -347.051	   608.289	   605.114	   602.843	   601.304	   599.902	   386.947	   395.719	   393.783	   391.438	   388.638	   572.453	   567.421	   562.482	   557.857	   553.485	   549.323	   545.591	   542.313	   539.982	   539.048	   539.834	   542.248	   546.163	   551.232	   557.183	   563.768	   572.109	   579.865	   588.033	   596.025	   603.909	   584.021	   564.596	   545.264	   525.798	    506.73	   487.894	   469.458	   450.137	   431.388	   413.378	    395.31	   378.067	   361.476	   346.305	   331.968	   318.018	   305.031	   292.641	   280.757	   269.693	    259.09	   248.363	   237.944	   227.958	
  -215.149	   -279.63	  -279.427	  -279.007	  -278.105	    -276.3	    1379.6	      1359	   1335.23	    1310.1	   1285.15	  -448.761	  -441.402	  -435.285	  -430.457	  -426.829	   559.849	   557.014	   554.977	   553.651	   552.562	   252.753	    261.59	   260.463	   259.025	   257.203	   487.695	   483.249	   478.796	    474.65	    470.77	   467.123	   463.694	   460.527	   457.793	   455.867	    455.07	   455.717	   457.729	   460.999	   465.232	   470.217	   475.743	   482.742	   489.257	   496.126	   502.851	   486.565	   470.535	   454.883	   439.311	   423.633	   408.279	   393.113	    378.27	   362.714	   347.619	   333.119	    318.57	   304.684	   291.322	   279.103	   267.558	   256.322	   245.859	   235.876	   226.298	   217.378	   208.832	   200.188	   191.793	
  -205.027	  -263.385	  -263.181	  -262.782	  -261.952	  -260.361	   1295.47	   1277.27	   1256.13	    1233.6	   1211.07	   -497.38	  -489.322	  -482.543	  -477.141	  -473.077	   592.014	   589.068	   586.987	    585.62	   584.543	   188.778	   196.842	    196.08	   195.106	   193.817	   409.801	   405.975	   402.102	   398.409	   394.977	   391.781	    388.81	   385.941	   383.332	   381.091	   379.484	   378.809	   379.329	   380.978	   383.665	   387.158	   391.279	   395.846	    401.64	   407.039	   412.735	    399.49	    386.54	   373.799	   361.361	    348.99	   336.538	   324.344	   312.301	   300.517	   288.166	   276.181	    264.67	   253.118	   242.092	   231.481	   221.777	    212.61	   203.685	   195.374	   187.442	   179.831	   172.739	   165.948	   159.081	
  -196.953	  -254.225	  -254.038	  -253.657	  -252.887	  -251.427	   1236.57	   1220.34	   1201.34	   1180.94	   1160.35	  -497.188	  -489.326	  -482.592	  -477.156	  -473.027	   677.251	   673.888	   671.543	   670.038	   668.824	   159.523	   166.264	   165.687	   164.932	   163.934	   337.982	   334.871	   331.602	   328.444	   325.442	   322.663	   320.099	    317.66	   315.338	   313.234	     311.4	    310.08	   309.517	   309.924	   311.246	   313.419	   316.253	   319.595	   323.302	   328.012	   332.404	   321.873	   311.532	   301.424	   291.481	   281.777	   272.128	   262.419	   252.912	   243.524	   234.339	   224.712	   215.371	     206.4	   197.396	   188.802	    180.53	   172.966	    165.82	   158.862	   152.382	   146.196	   140.259	   134.725	   129.427	
  -188.353	  -248.292	  -248.148	  -247.802	  -247.088	  -245.748	   1180.27	   1165.96	      1149	   1130.63	   1111.93	  -459.688	  -452.662	  -446.543	  -441.499	  -437.608	   785.161	   781.225	   778.486	   776.758	   775.399	   144.516	    149.96	   149.482	    148.86	   148.021	   271.626	   269.248	   266.655	   264.053	   261.549	   259.176	   256.997	   254.946	    253.02	   251.192	   249.514	   248.049	    246.99	   246.531	   246.839	   247.878	   249.595	   251.834	   254.478	   257.414	   261.148	   252.722	   244.704	   236.832	   229.139	   221.575	   214.193	   206.855	   199.473	   192.247	   185.112	   178.131	   170.815	   163.718	   156.902	   150.061	    143.53	   137.245	   131.496	   126.066	   120.777	   115.851	   111.149	   106.634	   102.425	
  -179.024	   -242.06	  -241.974	   -241.69	  -241.052	  -239.835	   1103.56	   1091.29	   1076.61	   1060.51	   1043.96	  -398.421	  -392.606	  -387.447	  -383.107	  -379.667	   931.088	   926.327	   922.996	   920.891	    919.28	   163.748	   168.402	   167.876	   167.222	   166.348	   210.293	   208.575	   206.661	    204.67	   202.679	   200.769	   198.972	   197.292	    195.73	   194.267	   192.863	   191.573	   190.443	   189.624	   189.262	    189.49	   190.279	   191.586	   193.293	   195.311	   197.553	   191.388	   185.203	   179.318	   173.542	   167.898	    162.35	   156.937	   151.558	   146.147	   140.852	   135.624	    130.51	   125.151	   119.953	   114.961	    109.95	   105.167	   100.563	   96.3516	   92.3745	   88.4999	   84.8907	    81.445	   78.1356	
  -167.993	  -233.354	  -233.322	  -233.116	  -232.582	  -231.514	   989.237	   979.216	   967.133	   953.736	   939.791	  -339.641	  -334.958	  -330.742	  -327.114	  -324.162	   1075.35	   1069.71	   1065.71	   1063.15	    1061.2	   202.923	   207.672	    207.02	   206.228	   205.208	   153.655	   152.469	    151.16	    149.77	   148.331	   146.896	   145.527	   144.219	   143.011	    141.89	    140.83	    139.81	   138.872	    138.05	   137.451	   137.184	   137.346	   137.911	   138.852	   140.082	   141.537	   136.712	   132.438	   128.151	   124.072	   120.069	    116.16	   112.317	   108.568	   104.844	     101.1	   97.4353	   93.8183	   90.2808	   86.5741	   82.9788	   79.5268	   76.0615	   72.7536	   69.5695	   66.6566	    63.906	   61.2258	   58.7289	   56.3449	
   -156.01	  -224.586	  -224.605	  -224.471	   -224.05	  -223.148	    846.62	   838.868	   829.432	   818.879	   807.765	   -301.79	  -297.909	  -294.364	  -291.262	  -288.664	   1170.07	   1163.79	   1159.22	   1156.21	   1153.94	   240.635	   246.105	   245.346	   244.405	   243.219	   101.368	   100.632	   99.8145	    98.955	   98.0475	   97.1097	   96.1795	   95.2798	   94.4292	   93.6454	   92.9114	   92.2158	   91.5469	   90.9311	   90.3904	   89.9967	   89.8211	   89.9238	    90.291	    90.903	   91.7042	   88.4827	   85.4618	   82.7844	   80.1002	   77.5464	   75.0408	   72.5941	   70.1895	   67.8446	   65.5154	    63.174	   60.8833	   58.6225	   56.4118	   54.0957	   51.8495	    49.693	   47.5282	   45.4618	   43.4726	   41.6525	   39.9341	   38.2594	    36.699	
  -144.086	   -216.62	   -216.68	  -216.611	  -216.293	  -215.556	   688.395	   682.732	   675.789	   667.942	   659.602	  -299.977	  -296.375	  -293.081	  -290.159	  -287.668	    1187.7	   1181.23	   1176.37	   1173.06	   1170.52	   266.481	   272.993	   272.154	   271.128	   269.819	    53.128	     52.76	   52.3559	   51.9289	   51.4828	   51.0126	   50.5287	   50.0429	   49.5776	   49.1388	    48.731	   48.3486	   47.9861	   47.6374	    47.316	   47.0344	   46.8295	   46.7373	   46.7898	   46.9796	   47.2965	   45.5643	   43.9614	   42.4582	   41.1254	   39.7895	   38.5187	   37.2721	    36.055	   34.8591	   33.6931	   32.5353	   31.3717	   30.2335	   29.1105	   28.0124	   26.8622	   25.7469	   24.6762	   23.6015	   22.5756	   21.5879	   20.6841	   19.8309	   18.9993	
  -133.762	  -210.145	  -210.247	  -210.231	  -210.004	  -209.412	   535.361	   531.412	   526.559	   521.028	   515.084	  -323.052	  -319.414	  -316.085	  -313.134	  -310.583	   1136.97	   1130.74	   1125.93	   1122.49	    1119.8	   274.445	   281.679	   280.803	   279.754	   278.431	   8.63276	   8.57423	   8.51157	   8.44605	   8.37733	   8.30564	   8.23033	   8.15197	   8.07402	   7.99955	   7.92874	   7.86288	   7.80112	   7.74257	   7.68621	   7.63437	     7.589	    7.5559	   7.54098	   7.54938	   7.57986	   7.28735	   7.02015	   6.77284	   6.54087	   6.33512	   6.12896	   5.93284	   5.74049	   5.55275	   5.36831	   5.18852	   5.01003	    4.8307	   4.65533	   4.48232	   4.31318	   4.13607	   3.96434	    3.7995	   3.63405	   3.47611	   3.32406	   3.18489	   3.05352	
   -125.81	   -207.79	  -207.905	  -207.941	  -207.785	  -207.313	    409.76	   407.039	   403.705	   399.897	   395.768	  -352.198	  -348.467	  -345.046	  -342.012	  -339.394	   1033.03	    1027.4	   1022.93	   1019.62	   1016.92	   255.111	   262.314	   261.477	   260.497	   259.285	  -32.4198	  -32.2026	  -31.9723	  -31.7375	  -31.4934	  -31.2381	  -30.9726	  -30.6905	  -30.3998	  -30.1115	  -29.8341	  -29.5697	  -29.3239	  -29.0935	  -28.8749	   -28.665	  -28.4721	  -28.3031	  -28.1798	  -28.1244	  -28.1556	  -26.9966	   -25.954	  -25.0012	  -24.1192	  -23.2917	  -22.5575	   -21.822	  -21.1223	  -20.4363	  -19.7668	  -19.1093	  -18.4684	  -17.8323	  -17.1935	  -16.5688	  -15.9527	  -15.3505	  -14.7201	  -14.1089	  -13.5222	  -12.9335	  -12.3714	  -11.8304	   -11.335	
  -120.982	   -206.97	   -207.05	  -207.107	  -207.019	  -206.647	   314.758	   312.864	   310.552	   307.922	   305.067	  -366.071	  -362.455	  -359.093	  -356.105	  -353.528	   912.219	   907.343	   903.374	   900.311	   897.743	   216.033	   222.083	   221.347	   220.507	   219.488	  -70.3049	  -69.8455	  -69.3519	   -68.853	  -68.3481	  -67.8238	  -67.2772	   -66.703	  -66.0982	  -65.4767	  -64.8571	  -64.2596	  -63.6895	  -63.1603	  -62.6637	  -62.1938	   -61.743	  -61.3284	  -60.9654	  -60.7011	  -60.5823	  -57.9201	  -55.5349	  -53.3883	   -51.426	   -49.609	  -47.9041	  -46.3906	  -44.8751	  -43.4334	  -42.0201	  -40.6411	   -39.287	  -37.9674	  -36.6582	  -35.3437	  -34.0586	  -32.7914	  -31.5529	  -30.2568	  -29.0004	  -27.7946	  -26.5846	  -25.4294	  -24.3173	
  -118.312	  -201.008	  -200.969	      -201	  -200.956	  -200.693	   222.487	   221.248	   219.757	    218.07	   216.253	  -360.414	  -357.123	  -354.015	  -351.213	  -348.795	     805.2	   801.016	   797.538	   794.772	   792.376	   176.616	   180.694	   180.067	   179.368	    178.54	  -105.271	    -104.6	   -103.88	   -103.14	  -102.399	   -101.65	  -100.874	  -100.057	   -99.207	   -98.314	  -97.3912	    -96.47	  -95.5815	  -94.7335	  -93.9464	  -93.2097	  -92.5132	  -91.8444	  -91.2299	  -90.6926	  -90.3016	  -86.0704	  -82.2878	  -78.8975	  -75.8452	   -73.054	  -70.4687	  -68.0427	  -65.8879	   -63.731	  -61.6793	  -59.6684	  -57.7067	  -55.7808	  -53.9044	  -52.0432	  -50.1751	  -48.3493	  -46.5491	    -44.79	  -42.9497	  -41.1661	  -39.4544	   -37.737	  -36.0974	
  -116.914	  -186.327	  -186.296	   -186.22	  -186.174	  -185.999	    112.51	   111.876	   111.142	   110.338	   109.491	  -326.826	  -324.114	  -321.487	  -319.079	  -316.968	   760.287	   756.457	   753.236	   750.608	   748.277	   169.408	   171.074	   170.454	   169.773	   168.984	  -137.551	  -136.691	  -135.774	   -134.83	   -133.87	   -132.91	  -131.942	  -130.929	  -129.874	  -128.779	  -127.622	  -126.424	   -125.23	  -124.078	  -122.977	  -121.958	  -121.005	  -120.104	  -119.239	  -118.446	  -117.752	  -111.972	  -106.726	  -102.035	  -97.8294	   -94.041	  -90.5757	   -87.365	  -84.3519	  -81.6743	  -78.9951	  -76.4464	  -73.9491	  -71.5134	  -69.1227	  -66.7938	  -64.4844	  -62.1673	   -59.903	  -57.6711	  -55.4904	  -53.2099	  -50.9999	  -48.8791	  -46.7516	
  -115.099	  -164.464	   -164.44	  -164.382	  -164.251	  -164.113	  -14.7935	  -14.8972	  -14.9511	  -14.9617	  -14.9236	   -274.21	  -272.187	  -270.172	  -268.267	  -266.566	   765.229	   761.533	    758.36	   755.737	   753.365	   189.517	   189.022	   188.316	   187.542	    186.66	  -167.358	  -166.329	  -165.236	  -164.118	  -162.977	  -161.818	  -160.661	  -159.485	  -158.265	  -156.999	  -155.678	  -154.279	  -152.832	   -151.39	  -149.999	  -148.672	  -147.445	  -146.298	  -145.213	  -144.174	   -143.22	  -135.979	  -129.307	  -123.251	  -117.833	  -112.973	  -108.594	  -104.587	  -100.874	   -97.388	  -94.2892	  -91.1894	  -88.2409	  -85.3524	  -82.5358	  -79.7717	  -77.0796	  -74.4108	  -71.7341	  -69.1189	  -66.5416	  -64.0239	   -61.392	  -58.8418	  -56.3947	
  -111.669	  -137.775	  -137.758	  -137.716	  -137.621	  -137.431	  -157.677	  -157.311	  -156.789	   -156.11	  -155.304	  -213.884	  -212.521	  -211.123	  -209.754	  -208.482	   770.018	   766.449	   763.364	    760.75	   758.375	   207.222	    205.28	   204.499	   203.645	   202.675	  -194.895	  -193.707	  -192.458	  -191.183	  -189.889	   -188.57	  -187.231	  -185.885	   -184.53	  -183.128	  -181.666	  -180.137	  -178.519	  -176.848	  -175.183	  -173.579	  -172.049	  -170.635	  -169.313	  -168.065	   -166.87	  -158.314	  -150.315	  -142.943	   -136.25	   -130.26	  -124.884	  -120.039	  -115.603	  -111.491	  -107.631	  -104.198	  -100.765	  -97.4998	  -94.3016	  -91.1835	  -88.1244	  -85.1454	  -82.1931	  -79.2331	  -76.3416	  -73.4928	  -70.7102	  -67.8025	  -64.9855	
  -105.709	  -111.661	  -111.649	   -111.62	  -111.554	  -111.422	  -289.323	  -288.595	  -287.673	  -286.542	  -285.216	  -163.533	  -162.661	  -161.749	  -160.819	  -159.913	   738.616	   735.325	   732.456	   730.012	   727.747	   199.477	   197.242	   196.493	   195.667	   194.733	  -220.344	  -219.011	  -217.615	    -216.2	  -214.769	  -213.316	  -211.835	  -210.322	  -208.816	  -207.305	  -205.732	  -204.089	  -202.373	  -200.559	  -198.685	  -196.821	  -195.027	  -193.314	  -191.734	  -190.258	  -188.866	  -179.093	  -169.917	  -161.338	  -153.429	  -146.246	  -139.815	  -134.042	  -128.835	  -124.068	  -119.647	  -115.497	  -111.804	  -108.112	    -104.6	  -101.162	  -97.8103	  -94.5229	  -91.3221	   -88.151	  -84.9727	  -81.8686	   -78.811	  -75.8249	   -72.706	
    -98.03	  -91.1892	   -91.181	  -91.1608	  -91.1149	  -91.0222	  -370.196	  -369.257	  -368.175	  -366.903	  -365.438	  -132.982	  -132.416	  -131.808	  -131.175	  -130.525	   670.169	   667.325	   664.793	   662.618	   660.608	   159.688	   158.061	    157.47	   156.816	   156.071	  -243.873	  -242.407	  -240.877	  -239.331	  -237.776	  -236.202	  -234.605	  -232.967	  -231.308	  -229.663	  -228.002	  -226.272	  -224.467	  -222.584	  -220.592	  -218.539	  -216.499	  -214.534	  -212.659	  -210.932	   -209.32	  -198.447	  -188.188	  -178.554	  -169.544	  -161.237	  -153.691	  -146.931	   -140.86	  -135.382	  -130.365	  -125.712	  -121.342	  -117.452	  -113.565	  -109.868	  -106.249	  -102.721	  -99.2625	  -95.8954	  -92.5604	  -89.2192	  -85.9565	  -82.7434	  -79.6061	
   -89.834	  -80.9445	  -80.9383	   -80.923	  -80.8884	  -80.8183	  -373.721	  -372.909	  -371.861	  -370.726	  -369.463	  -130.764	   -130.32	  -129.843	  -129.338	  -128.812	   548.507	   546.357	   544.361	   542.605	   540.984	   75.2972	   74.6965	   74.4252	   74.1232	   73.7783	  -265.622	  -264.047	  -262.396	  -260.728	  -259.057	  -257.374	  -255.672	  -253.933	  -252.164	   -250.38	  -248.601	  -246.803	  -244.931	  -242.981	  -240.948	    -238.8	  -236.589	  -234.391	  -232.275	  -230.257	    -228.4	  -216.467	  -205.234	  -194.633	  -184.677	  -175.365	  -166.777	  -158.972	  -151.978	  -145.695	  -140.023	  -134.826	  -130.004	  -125.477	  -121.444	  -117.415	  -113.584	  -109.834	   -106.18	  -102.598	  -99.1116	  -95.6595	  -92.2021	  -88.8267	  -85.5035	
  -82.6675	   -79.557	  -79.5518	   -79.539	  -79.5101	  -79.4517	  -316.468	  -315.882	  -315.122	  -314.204	  -313.276	  -148.345	  -147.938	  -147.494	  -147.031	  -146.547	   401.711	   400.297	   398.938	   397.682	   396.503	  -28.3577	  -28.0958	  -27.9966	  -27.8871	  -27.7615	  -285.714	  -284.056	  -282.309	  -280.532	  -278.753	  -276.966	  -275.169	  -273.338	  -271.484	  -269.605	  -267.698	  -265.795	  -263.875	  -261.877	  -259.797	  -257.632	  -255.347	  -252.994	  -250.657	  -248.409	  -246.266	  -233.301	  -221.125	  -209.661	  -198.841	  -188.678	   -179.17	    -170.4	  -162.427	  -155.279	  -148.854	  -143.053	  -137.735	  -132.801	  -128.166	  -124.036	  -119.912	   -115.99	  -112.152	  -108.413	  -104.749	  -101.183	  -97.6533	  -94.1194	  -90.6701	
  -77.0955	  -82.4379	  -82.3879	  -82.3768	  -82.3514	  -82.3002	  -231.341	  -230.978	  -230.504	  -229.929	  -229.267	   -173.75	   -173.34	  -172.914	  -172.467	  -172.011	   272.967	   272.124	   271.293	   270.496	   269.708	  -113.291	  -112.527	  -112.146	  -111.723	  -111.241	  -304.253	  -302.545	  -300.728	  -298.869	  -296.992	  -295.109	  -293.219	  -291.305	  -289.372	  -287.422	  -285.433	  -283.413	    -281.4	  -279.371	  -277.261	  -275.069	  -272.789	  -270.381	  -267.904	  -265.446	  -263.083	  -249.091	  -235.992	  -223.688	  -212.103	  -201.166	  -190.892	  -181.279	  -172.409	  -164.344	   -157.11	  -150.605	  -144.728	   -139.34	  -134.339	  -129.641	  -125.452	  -121.271	  -117.295	  -113.405	  -109.617	  -105.905	  -102.293	  -98.7186	  -95.1416	
  -73.7634	  -85.5811	  -85.5039	  -85.4487	  -85.4265	  -85.3817	   -154.02	  -153.815	  -153.548	  -153.222	  -152.844	  -191.185	  -190.752	  -190.359	  -189.964	  -189.559	   195.592	   195.069	   194.548	   194.033	   193.504	  -151.213	  -150.581	  -150.088	  -149.549	  -148.932	  -321.333	  -319.607	  -317.755	  -315.838	  -313.889	  -311.919	  -309.943	  -307.947	  -305.943	  -303.926	  -301.878	  -299.788	  -297.668	  -295.558	  -293.432	  -291.225	  -288.936	  -286.553	  -284.038	  -281.454	  -278.891	  -263.987	  -249.963	  -236.833	  -224.497	  -212.881	  -201.915	   -191.61	  -181.968	  -173.068	  -164.972	  -157.709	  -151.174	  -145.268	  -139.851	  -134.822	  -130.098	  -125.883	  -121.678	  -117.679	  -113.767	  -109.959	  -106.228	  -102.598	  -99.0076	
  -72.0093	  -87.9403	  -87.8619	  -87.7802	  -87.7158	   -87.677	  -99.5139	  -99.4024	  -99.2563	  -99.0776	  -98.8694	  -192.923	  -192.438	  -192.065	  -191.744	  -191.432	   163.009	   162.635	   162.261	   161.888	   161.491	  -149.951	  -149.914	  -149.435	  -148.919	  -148.337	   -337.04	  -335.324	  -333.468	  -331.528	  -329.533	  -327.502	  -325.448	  -323.375	    -321.3	  -319.222	  -317.117	   -314.98	  -312.801	  -310.593	  -308.397	  -306.189	  -303.899	  -301.522	  -299.051	  -296.444	  -293.767	  -278.013	  -263.174	  -249.209	  -236.132	  -223.846	  -212.275	  -201.349	  -191.082	  -181.472	    -172.6	  -164.528	  -157.282	   -150.76	  -144.863	  -139.452	  -134.428	  -129.707	  -125.494	  -121.292	  -117.296	  -113.388	  -109.584	  -105.858	  -102.235	
  -70.7644	  -86.6554	  -86.5926	  -86.5106	  -86.4215	   -86.344	  -87.5775	  -87.4949	  -87.3866	  -87.2537	  -87.0983	  -171.569	  -171.199	  -170.816	  -170.557	  -170.358	   170.291	   169.952	   169.619	   169.285	   168.925	  -116.666	  -117.404	  -117.039	  -116.647	  -116.213	  -351.469	  -349.773	  -347.943	   -346.01	  -344.003	  -341.935	   -339.83	  -337.689	  -335.545	  -333.404	  -331.249	  -329.065	  -326.848	  -324.592	  -322.306	  -320.037	  -317.759	  -315.394	  -312.943	  -310.397	  -307.713	  -291.232	  -275.633	   -260.94	  -247.109	  -234.157	  -221.986	  -210.522	  -199.696	  -189.521	  -179.996	    -171.2	  -163.194	  -156.004	  -149.531	  -143.675	    -138.3	  -133.307	  -128.616	  -124.426	   -120.25	  -116.278	  -112.396	  -108.617	  -104.917	
  -68.9388	  -81.9065	  -81.8726	  -81.8071	  -81.7195	  -81.6209	  -108.192	  -108.107	  -107.994	  -107.856	  -107.693	  -134.121	  -133.875	  -133.618	  -133.358	  -133.227	    187.28	   186.952	   186.636	   186.325	   185.989	   -80.113	  -81.4286	  -81.1938	  -80.9309	  -80.6407	  -364.693	  -363.044	  -361.246	   -359.35	  -357.361	  -355.292	  -353.158	  -350.974	   -348.77	  -346.569	  -344.359	  -342.133	  -339.879	  -337.595	  -335.269	  -332.918	  -330.589	  -328.248	   -325.82	  -323.307	  -320.698	  -303.638	  -287.396	  -272.023	  -257.539	  -243.904	  -231.134	  -219.134	  -207.828	   -197.15	  -187.112	  -177.714	  -169.033	  -161.129	  -154.029	  -147.632	  -141.843	  -136.528	   -131.59	  -126.949	  -122.802	   -118.67	  -114.741	  -110.901	  -107.165	
  -66.2272	  -74.9704	  -74.9691	  -74.9333	  -74.9025	  -74.8079	  -135.466	   -135.33	  -135.212	  -135.066	  -134.895	  -93.5827	  -93.4374	  -93.2846	  -93.1285	  -92.9736	   187.366	   187.072	   186.793	   186.527	   186.244	  -61.2494	  -62.8467	  -62.6851	  -62.4973	  -62.2824	  -376.808	    -375.2	  -373.461	  -371.609	  -369.665	  -367.623	  -365.497	  -363.294	  -361.054	    -358.8	  -356.537	  -354.263	  -351.976	  -349.663	  -347.318	  -344.936	  -342.531	  -340.146	  -337.753	  -335.274	  -332.708	  -315.194	  -298.447	  -282.503	  -267.411	  -253.191	  -239.802	  -227.261	  -215.473	  -204.367	  -193.876	  -184.013	  -174.776	  -166.243	   -158.47	  -151.484	  -145.188	  -139.488	  -134.252	  -129.387	  -124.814	  -120.726	  -116.654	  -112.782	  -108.998	
  -62.2308	   -68.255	  -68.2815	  -68.2787	  -68.2953	  -68.2204	   -151.93	  -151.772	  -151.615	  -151.477	  -151.316	  -60.2367	  -60.1578	  -60.0746	   -59.989	   -59.903	   146.759	   146.556	   146.359	   146.175	   145.986	  -83.8022	  -85.2468	  -85.0584	  -84.8317	   -84.563	  -387.909	  -386.332	  -384.646	  -382.861	  -380.969	  -378.981	  -376.891	  -374.703	  -372.452	  -370.169	  -367.859	  -365.539	  -363.212	  -360.873	  -358.507	  -356.114	  -353.685	   -351.23	    -348.8	  -346.365	  -343.843	  -325.879	  -308.745	  -292.362	  -276.763	  -261.997	  -248.082	  -234.978	  -222.703	  -211.164	  -200.291	  -190.018	  -180.358	  -171.311	   -162.95	  -155.332	  -148.482	  -142.306	  -136.712	  -131.572	  -126.794	  -122.303	  -118.286	  -114.286	  -110.483	
  -57.3028	  -63.6917	  -63.7366	   -63.762	  -63.7961	   -63.753	  -162.074	  -161.923	   -161.75	  -161.582	  -161.437	  -33.5209	  -33.4839	  -33.4449	  -33.4046	  -33.3639	   75.6108	   75.5187	    75.429	   75.3429	   75.2573	  -143.027	  -144.024	  -143.756	  -143.428	  -143.024	  -398.065	   -396.53	  -394.884	  -393.158	  -391.342	  -389.413	  -387.385	  -385.242	  -383.013	  -380.725	  -378.393	  -376.032	  -373.665	  -371.292	  -368.906	  -366.499	  -364.066	  -361.595	  -359.101	  -356.635	  -354.166	  -335.786	  -318.264	  -301.551	   -285.57	  -270.353	  -255.948	  -242.372	  -229.584	  -217.605	  -206.342	  -195.726	  -185.697	  -176.264	  -167.428	   -159.26	  -151.815	  -145.118	  -139.077	  -133.602	  -128.571	  -123.893	  -119.494	  -115.559	  -111.642	
  -52.4404	  -63.4649	  -63.5155	  -63.5593	  -63.5979	  -63.5888	  -160.033	  -159.911	  -159.753	  -159.578	  -159.412	  -17.2315	  -17.2154	  -17.1986	  -17.1812	  -17.1635	  -15.3516	  -15.3354	  -15.3193	  -15.3038	   -15.288	   -229.28	  -229.714	   -229.36	  -228.919	  -228.368	  -407.292	  -405.856	  -404.261	  -402.582	   -400.83	  -398.983	  -397.021	  -394.948	   -392.77	  -390.511	   -388.18	  -385.803	    -383.4	  -380.992	   -378.58	  -376.158	  -373.717	  -371.248	  -368.743	  -366.218	  -363.724	  -344.973	  -327.091	  -310.043	  -293.782	  -278.233	  -263.426	  -249.409	  -236.196	  -223.749	  -212.087	  -201.121	  -190.784	  -181.017	  -171.829	   -163.22	  -155.261	  -148.004	  -141.472	  -135.578	  -130.234	  -125.321	  -120.752	  -116.456	   -112.61	
  -47.7629	  -66.2117	   -66.165	  -66.2147	  -66.2576	  -66.2771	  -148.731	  -148.652	  -148.527	  -148.372	  -148.204	  -8.95989	  -8.95285	  -8.94545	  -8.93784	  -8.93013	  -99.8417	  -99.7525	  -99.6621	  -99.5724	  -99.4808	  -313.669	  -313.633	  -313.225	  -312.727	  -312.094	  -415.616	   -414.32	  -412.833	   -411.21	  -409.509	  -407.733	  -405.858	  -403.857	  -401.756	  -399.554	  -397.257	  -394.886	  -392.474	  -390.035	  -387.592	  -385.149	    -382.7	  -380.228	  -377.732	  -375.201	  -372.652	  -353.479	  -335.277	  -317.917	  -301.368	  -285.583	  -270.487	  -256.111	  -242.501	  -229.671	  -217.581	  -206.254	  -195.601	  -185.557	  -176.066	  -167.136	  -158.768	  -151.029	   -143.97	  -137.614	  -131.876	  -126.671	  -121.884	  -117.432	  -113.244	
  -42.8629	  -71.0406	  -71.0956	   -71.048	  -71.0874	  -71.1259	  -129.634	    -129.6	  -129.522	  -129.403	  -129.258	  -4.08282	  -4.03495	  -4.03213	  -4.02923	  -4.02632	  -156.551	  -156.434	  -156.314	  -156.192	  -156.065	  -374.215	  -373.866	  -373.444	  -372.944	  -372.318	  -423.072	  -421.943	  -420.604	  -419.094	  -417.453	  -415.732	  -413.933	  -412.026	  -410.003	  -407.882	  -405.648	  -403.317	  -400.915	  -398.472	  -396.003	  -393.534	  -391.068	  -388.593	  -386.098	  -383.581	  -381.031	  -361.432	  -342.857	  -325.222	  -308.403	  -292.369	  -277.074	  -262.447	  -248.517	  -235.328	  -222.893	  -211.174	  -200.193	  -189.863	  -180.124	  -170.918	  -162.257	  -154.138	  -146.627	  -139.775	  -133.602	  -128.027	  -122.967	  -118.312	  -113.981	
  -37.7507	    -73.26	  -73.3177	  -73.3719	   -73.315	  -73.3601	  -113.129	  -113.132	  -113.098	  -113.024	  -112.913	   2.05589	   2.12772	    2.1716	   2.17028	   2.16895	  -170.146	   -170.04	  -169.931	  -169.819	  -169.699	  -389.229	  -388.834	  -388.438	  -387.986	  -387.439	  -429.718	  -428.753	  -427.589	  -426.233	   -424.71	  -423.053	  -421.313	  -419.486	  -417.562	  -415.523	  -413.376	  -411.113	  -408.755	  -406.327	  -403.858	  -401.367	  -398.878	   -396.39	  -393.896	  -391.385	  -388.853	  -368.906	   -349.95	  -331.986	  -314.929	  -298.662	  -283.154	   -268.36	  -254.211	  -240.736	  -227.977	  -215.946	  -204.606	  -193.978	   -183.98	  -174.552	  -165.639	  -157.251	  -149.388	  -142.112	  -135.471	  -129.486	  -124.077	  -119.168	  -114.649	
  -32.5998	  -67.4831	  -67.5387	   -67.596	  -67.6486	  -67.5978	  -110.074	    -110.1	    -110.1	  -110.066	  -109.993	   10.4502	   10.5199	   10.5874	   10.6271	   10.6216	  -154.834	  -154.754	  -154.672	  -154.588	  -154.496	  -365.665	    -365.4	  -365.071	   -364.69	  -364.244	  -435.618	  -434.807	  -433.815	  -432.638	  -431.273	  -429.736	  -428.063	    -426.3	   -424.46	  -422.524	  -420.463	  -418.291	  -416.006	  -413.627	  -411.177	   -408.69	  -406.182	  -403.675	  -401.172	  -398.665	  -396.143	  -375.889	  -356.626	  -338.321	  -320.973	  -304.501	  -288.791	  -273.814	  -259.527	  -245.861	  -232.847	  -220.522	    -208.9	  -197.942	  -187.672	   -178.01	  -168.896	   -160.28	  -152.169	  -144.565	  -137.527	  -131.101	  -125.307	  -120.068	  -115.311	
   -27.429	  -50.7495	  -50.7846	    -50.84	  -50.9043	  -50.9568	  -126.857	  -126.889	  -126.909	  -126.903	  -126.864	   23.3197	   23.3698	   23.4342	   23.4965	   23.5312	  -131.919	  -131.862	  -131.804	  -131.746	  -131.681	  -320.691	  -320.616	  -320.361	  -320.066	  -319.717	  -440.856	  -440.164	  -439.331	   -438.33	  -437.148	  -435.773	  -434.224	  -432.532	  -430.757	  -428.909	  -426.955	  -424.874	  -422.684	  -420.381	  -417.983	  -415.518	  -413.018	  -410.495	  -407.975	  -405.463	  -402.949	  -382.401	  -362.869	  -344.293	  -326.639	  -309.909	  -294.024	  -278.872	  -264.428	  -250.648	  -237.467	  -224.914	  -213.025	  -201.812	  -191.239	  -181.329	  -172.002	  -163.205	  -154.886	  -147.055	  -139.711	  -132.912	  -126.702	    -121.1	  -116.033	
  -22.5601	  -27.0364	  -27.0363	  -27.0714	  -27.1371	   -27.194	  -155.952	  -155.885	   -155.91	  -155.922	  -155.909	   38.9535	   38.9712	    39.016	   39.0753	    39.133	   -113.18	  -113.138	  -113.097	  -113.056	  -113.011	  -270.021	  -270.059	  -269.875	  -269.656	  -269.397	  -445.508	  -444.905	  -444.196	  -443.357	  -442.353	  -441.165	  -439.781	  -438.217	  -436.515	  -434.735	  -432.871	    -430.9	  -428.805	  -426.602	  -424.284	  -421.873	  -419.398	  -416.885	  -414.352	  -411.826	  -409.309	  -388.486	  -368.695	  -349.881	  -331.988	  -314.984	  -298.869	  -283.567	  -268.972	  -255.058	  -241.784	  -229.086	  -216.992	  -205.538	  -194.733	  -184.543	   -174.99	      -166	  -157.518	  -149.496	  -141.943	  -134.859	  -128.298	  -122.304	  -116.895	
  -18.4622	 -0.537099	 -0.537097	 -0.537092	 -0.579479	 -0.635651	  -197.608	  -197.643	  -197.568	  -197.583	  -197.585	   58.0399	   58.0224	   58.0349	   58.0745	    58.129	  -94.1599	  -94.1299	  -94.1012	  -94.0729	  -94.0429	  -217.496	  -217.528	  -217.405	  -217.254	  -217.072	  -449.647	  -449.105	  -448.487	  -447.775	  -446.934	  -445.927	  -444.732	  -443.337	  -441.766	   -440.06	  -438.266	  -436.389	  -434.407	  -432.301	  -430.086	  -427.758	   -425.34	  -422.855	  -420.335	  -417.797	  -415.268	  -394.176	  -374.142	    -355.1	  -336.998	  -319.782	  -303.421	  -287.915	  -273.192	  -259.148	  -245.759	  -232.985	  -220.765	  -209.126	  -198.102	  -187.701	  -177.891	  -168.694	  -160.036	  -151.867	  -144.139	  -136.863	  -130.036	  -123.713	  -117.934	
  -15.3936	    21.198	   21.1979	   21.1977	   21.2015	   21.1654	  -228.869	  -228.906	  -228.934	  -228.852	   -228.86	   74.2706	   74.2246	   74.2038	   74.2132	   74.2501	  -75.3243	  -75.3029	  -75.2829	   -75.264	  -75.2443	  -168.757	  -168.614	  -168.536	  -168.439	  -168.318	  -453.308	   -452.83	  -452.277	  -451.656	  -450.944	  -450.101	   -449.09	  -447.887	  -446.487	  -444.913	  -443.196	  -441.391	  -439.505	  -437.515	  -435.399	  -433.178	  -430.845	  -428.419	  -425.928	  -423.406	  -420.867	  -399.514	   -379.24	  -359.983	   -341.68	   -324.28	  -307.731	  -292.003	  -277.098	  -262.944	  -249.443	  -236.572	  -224.292	  -212.544	  -201.353	  -190.753	  -180.752	  -171.316	  -162.469	   -154.14	  -146.279	  -138.843	  -131.839	  -125.267	  -119.179	
  -13.1022	   33.2408	   33.2407	   33.2405	   33.2607	   33.2597	  -221.069	  -221.052	  -221.029	      -221	  -220.964	   79.1775	   79.1613	   79.1433	   79.1236	   79.1025	  -51.8619	  -51.8482	  -51.8357	  -51.8244	  -51.8132	  -117.177	  -116.741	  -116.698	  -116.644	  -116.574	  -456.535	  -456.115	  -455.627	  -455.072	  -454.452	  -453.739	  -452.895	  -451.877	  -450.672	  -449.271	  -447.688	   -445.96	  -444.148	  -442.256	  -440.259	  -438.139	  -435.915	  -433.576	  -431.147	  -428.654	  -426.133	  -404.535	  -384.027	  -364.557	  -346.064	  -328.485	  -311.775	   -295.88	  -280.775	  -266.459	  -252.865	  -239.897	  -227.535	  -215.739	  -204.454	  -193.704	  -183.521	  -173.911	  -164.844	  -156.341	  -148.334	  -140.777	  -133.627	  -126.892	  -120.571	
    -9.325	   33.9309	   33.9308	   33.9306	   33.9683	   33.9675	  -157.463	  -157.453	  -157.439	  -157.421	  -157.399	   68.8297	   68.8173	   68.8043	     68.79	   68.7746	  -20.9366	  -20.9315	  -20.9268	  -20.9226	  -20.9187	   -60.747	  -60.7341	  -60.7166	  -60.6942	   -60.665	  -459.359	  -458.999	  -458.571	  -458.082	  -457.527	  -456.908	  -456.194	  -455.345	  -454.327	  -453.121	  -451.713	  -450.122	  -448.389	  -446.571	  -444.674	  -442.675	  -440.554	  -438.325	  -435.985	  -433.555	  -431.065	  -409.262	  -388.536	  -368.857	  -350.174	  -332.427	  -315.558	  -299.521	  -284.268	  -269.771	  -256.032	  -242.986	   -230.54	  -218.674	  -207.353	  -196.521	  -186.202	  -176.427	  -167.201	  -158.494	  -150.328	  -142.638	  -135.378	  -128.508	  -122.036	
   -7.9775	    22.953	   22.9529	   22.9528	   23.0051	   23.0046	  -57.1929	  -57.1899	  -57.1855	  -57.1798	  -57.1728	   47.0326	   47.0251	   47.0171	   47.0091	   47.0004	   14.7898	   14.7867	   14.7836	   14.7807	   14.7782	  -3.48953	  -3.52329	  -3.52248	  -3.52146	  -3.52011	  -461.811	  -461.511	  -461.144	  -460.715	  -460.227	  -459.673	  -459.053	  -458.336	  -457.488	   -456.47	  -455.259	  -453.845	  -452.249	  -450.511	   -448.69	  -446.792	  -444.792	  -442.669	   -440.44	  -438.101	  -435.674	  -413.695	  -392.787	  -372.912	  -354.041	  -336.125	  -319.106	   -302.93	  -287.551	  -272.922	  -259.019	  -245.843	  -233.331	  -221.394	  -210.014	  -199.155	  -188.766	  -178.867	   -169.49	  -160.639	  -152.284	  -144.447	  -137.066	  -130.097	  -123.501	
   13.8089	   9.89089	   9.89088	   9.89084	   9.95235	   9.95218	   52.4607	   52.4583	   52.4551	   52.4505	   52.4448	    21.284	    21.281	   21.2778	   21.2745	   21.2713	   50.0764	   50.0675	   50.0583	   50.0494	   50.0411	   49.9007	   49.8608	   49.8517	   49.8402	   49.8252	  -463.923	  -463.679	  -463.373	  -463.006	  -462.578	  -462.091	  -461.537	  -460.914	  -460.198	  -459.351	   -458.33	  -457.114	  -455.696	  -454.097	  -452.356	  -450.534	  -448.636	  -446.636	  -444.513	  -442.287	  -439.952	  -417.841	  -396.776	   -376.74	  -357.692	  -339.608	  -322.439	  -306.129	  -290.626	  -275.887	  -261.866	  -248.541	  -235.912	   -223.92	  -212.479	  -201.571	  -191.163	  -181.204	  -171.715	  -162.725	  -154.238	  -146.227	  -138.711	   -131.63	  -124.944	
   11.7053	   13.9992	   -2.1517	  -2.15169	  -2.08747	  -2.08744	    146.57	   146.564	   146.557	   146.547	   146.533	  -1.49457	  -1.49438	  -1.49418	  -1.49397	  -1.49376	   79.3531	   79.3417	   79.3295	    79.317	   79.3046	   93.9026	    93.895	   93.8804	   93.8632	   93.8408	  -465.729	  -465.533	  -465.284	  -464.978	  -464.612	  -464.185	  -463.698	  -463.141	   -462.52	  -461.805	  -460.956	  -459.931	  -458.713	  -457.293	  -455.691	  -453.949	  -452.128	   -450.23	  -448.232	  -446.112	  -443.891	  -421.691	  -400.512	  -380.336	  -361.145	  -342.902	   -325.58	  -309.136	  -293.515	  -278.665	  -264.548	  -251.118	  -238.354	  -226.256	  -214.769	  -203.809	   -193.36	  -183.389	  -173.847	  -164.756	  -156.143	  -148.011	  -140.332	  -133.127	  -126.339	
   10.5053	    4.8919	   4.89189	  -8.93476	  -8.87361	   -8.8735	   209.032	   209.025	   209.016	   209.003	   208.988	  -17.4509	  -17.4488	  -17.4466	  -17.4444	  -17.4421	    97.606	   97.5949	   97.5829	   97.5701	   97.5567	    123.18	   123.225	   123.208	   123.189	   123.166	  -467.258	  -467.103	  -466.904	  -466.655	  -466.351	  -465.985	  -465.558	  -465.069	  -464.513	  -463.893	  -463.177	  -462.325	  -461.299	   -460.08	  -458.657	  -457.055	  -455.314	  -453.492	  -451.597	  -449.602	  -447.488	  -425.235	  -403.982	  -383.706	  -364.391	   -346.02	  -328.556	  -311.974	  -296.232	  -281.278	  -267.062	  -253.546	  -240.688	  -228.468	  -216.886	  -205.888	  -195.394	  -185.389	  -175.842	  -166.705	      -158	  -149.752	  -141.963	  -134.607	  -127.705	
   10.6255	    3.1696	    3.1696	   3.16959	  -9.02582	  -9.02573	   234.483	   234.476	   234.467	   234.454	   234.438	  -26.6373	  -26.6344	  -26.6311	  -26.6279	  -26.6249	   101.176	   101.165	   101.156	   101.145	   101.134	   133.309	   133.406	   133.388	    133.37	   133.349	  -468.544	  -468.419	  -468.261	  -468.062	  -467.815	  -467.511	  -467.146	  -466.717	  -466.228	  -465.674	  -465.052	  -464.333	  -463.481	  -462.455	  -461.235	  -459.813	   -458.21	  -456.468	  -454.649	  -452.757	  -450.769	  -428.471	  -407.177	  -386.839	  -367.437	  -348.956	  -331.377	  -314.666	    -298.8	  -283.738	  -269.428	  -255.824	  -242.891	  -230.587	  -218.892	  -207.809	  -197.284	  -187.241	  -177.666	  -168.529	  -159.784	  -151.452	  -143.556	    -136.1	  -129.056	
   10.3186	    5.5692	   5.56919	   5.56918	   5.61106	  -5.55091	    226.11	   226.105	   226.097	   226.086	   226.072	  -27.4225	  -27.4203	  -27.4171	  -27.4138	  -27.4107	    87.772	   87.7628	   87.7547	    87.748	   87.7405	   120.818	    120.94	   120.925	    120.91	   120.893	  -469.611	  -469.511	  -469.384	  -469.226	  -469.028	  -468.782	  -468.478	  -468.111	  -467.683	  -467.195	  -466.639	  -466.015	  -465.297	  -464.446	   -463.42	    -462.2	  -460.778	  -459.174	  -457.433	  -455.616	   -453.73	   -431.42	  -410.091	  -389.723	   -370.27	  -351.712	  -334.035	  -317.223	  -301.239	  -286.064	  -271.657	   -257.97	  -244.959	  -232.588	  -220.818	  -209.632	  -199.029	  -188.961	  -179.354	  -170.194	  -161.453	  -153.087	  -145.115	  -137.561	  -130.425	
    9.2756	    9.5138	   9.51379	   9.51378	   9.54214	   9.54207	   191.732	   191.728	   191.722	   191.714	   191.703	  -23.4932	  -23.4914	  -23.4895	  -23.4868	   -23.484	   55.5572	   55.5522	   55.5472	   55.5431	   55.5398	   82.5567	   82.6496	   82.6409	   82.6312	   82.6204	  -470.485	  -470.401	  -470.299	  -470.172	  -470.016	  -469.819	  -469.573	  -469.268	  -468.902	  -468.474	  -467.984	  -467.425	  -466.803	  -466.085	  -465.234	  -464.209	   -462.99	  -461.567	  -459.963	  -458.223	  -456.411	  -434.077	  -412.744	  -392.351	  -372.876	  -354.276	  -336.533	  -319.632	  -303.558	  -288.276	  -273.767	  -259.993	  -246.907	  -234.466	  -222.637	  -211.384	  -200.687	  -190.549	  -180.921	  -171.734	  -162.975	  -154.616	  -146.615	  -138.991	  -131.765	
    7.5032	   12.2904	   12.2904	   12.2904	   12.3047	   12.3047	   140.647	   140.644	    140.64	   140.635	   140.627	  -17.6355	  -17.6341	  -17.6327	  -17.6313	  -17.6292	   3.06678	   3.06648	   3.06625	   3.06602	   3.06584	   15.6619	    15.643	   15.6417	   15.6402	   15.6383	  -471.189	  -471.115	  -471.029	  -470.927	  -470.802	  -470.647	   -470.45	  -470.203	  -469.899	  -469.533	  -469.102	   -468.61	  -468.051	  -467.429	  -466.712	  -465.863	  -464.839	   -463.62	  -462.196	  -460.592	  -458.853	  -436.479	   -415.13	  -394.739	  -375.247	  -356.633	  -338.856	  -321.897	  -305.743	   -290.38	  -275.774	  -261.907	  -248.742	  -236.235	  -224.344	  -213.038	  -202.281	  -192.056	  -182.366	  -173.163	   -164.38	  -156.007	  -148.017	  -140.368	  -133.078	
    4.5684	   10.5962	   10.5962	   10.5962	   10.5971	    10.597	   82.8079	   82.8066	   82.8046	   82.8018	   82.7979	  -12.8246	  -12.8236	  -12.8226	  -12.8215	  -12.8206	  -71.0642	  -71.0566	  -71.0505	  -71.0461	  -71.0419	  -59.9328	  -82.8899	  -82.8853	  -82.8791	   -82.871	   -471.74	  -471.673	  -471.597	  -471.512	  -471.411	  -471.287	  -471.132	  -470.935	  -470.689	  -470.384	  -470.015	  -469.581	  -469.088	  -468.528	  -467.907	  -467.192	  -466.344	   -465.32	    -464.1	  -462.675	  -461.071	  -438.664	   -417.28	  -396.879	  -377.395	   -358.77	  -340.985	      -324	  -307.796	  -292.362	  -277.682	  -263.727	  -250.478	  -237.899	   -225.95	  -214.588	  -203.785	  -193.507	  -183.736	  -174.476	  -165.682	  -157.289	  -149.288	  -141.652	  -134.342	
   14.2436	   15.4842	   15.4842	   15.4842	   15.5304	   15.5304	   36.9401	   36.9396	   36.9388	   36.9377	    36.936	   23.2341	   23.2324	   23.2304	   23.2282	    23.226	   17.0013	   16.9998	   16.9984	   16.9971	   16.9961	   -6.0939	  -30.5992	  -30.5984	  -30.5978	   -30.597	         	         	         	         	         	         	         	         	         	         	         	         	         	         	         	         	         	         	         	         	         	         	         	         	         	         	         	         	         	         	         	         	         	         	         	         	         	         	         	         	         	         	         	         	         	
         	         	         	         	         	         	         	         	         	         	         	         	         	         	         	         	         	         	         	         	         	         	         	         	         	         	         	         	         	         	         	         	         	         	         	         	         	         	         	         	         	         	         	         	         	         	         	         	         	         	         	         	         	         	         	         	         	         	         	         	         	         	         	         	         	         	         	         	         	         	         	
         	         	         	         	         	         	         	         	         	         	         	         	         	         	         	         	         	         	         	         	         	         	         	         	         	         	         	         	         	         	         	         	         	         	         	         	         	         	         	         	         	         	         	         	         	         	         	         	         	         	         	         	         	         	         	         	         	         	         	         	         	         	         	         	         	         	         	         	         	         	         	
  -516.403	   1631.23	   834.741	   -96.332	  -1179.93	  -648.162	  -815.404	  -2106.29	  -3963.57	  -6815.78	  -15881.8	  -2625.46	  -2612.64	  -2600.32	  -2589.14	   -2579.7	  -278.259	  -277.819	  -277.938	  -278.289	  -278.965	   1253.33	   1254.97	   1264.32	    1274.1	   1279.86	  -1036.31	  -1037.53	  -1038.66	   -1040.6	  -1041.38	   -1042.3	  -1042.73	  -1043.05	  -1043.36	  -1043.69	  -1043.99	  -1044.26	  -1044.51	  -1044.73	  -1044.91	  -1045.08	  -1045.23	  -1045.35	  -1045.47	  -1045.58	  -1045.68	  -998.724	   -953.87	  -911.028	  -870.108	  -831.024	  -793.693	  -758.037	  -723.979	   -691.45	   -660.38	  -630.704	   -602.36	  -575.287	   -549.43	  -524.732	  -501.143	  -478.613	  -457.094	  -436.541	  -416.912	  -398.164	  -380.258	  -363.156	  -346.823	
   64.0393	   770.976	   16.4851	  -779.791	  -1710.23	  -1112.14	   405.854	  -1145.86	   -2433.8	  -4287.21	   -7135.6	  -438.533	  -202.461	  -201.673	   -200.95	  -200.325	  -679.096	  -677.936	  -677.506	  -678.363	  -678.856	   643.286	   639.823	   641.996	    644.71	   648.211	  -1004.31	  -1005.95	  -1006.83	   -1007.9	  -1010.02	  -1010.93	  -1012.11	  -1012.71	  -1013.17	  -1013.64	  -1014.12	  -1014.53	  -1014.93	  -1015.26	  -1015.55	  -1015.79	  -1016.02	  -1016.23	  -1016.41	  -1016.58	  -1016.74	  -971.138	  -927.575	  -885.962	  -846.213	  -808.245	  -771.977	  -737.331	  -704.237	  -672.624	  -642.426	  -613.581	  -586.027	  -559.708	  -534.567	  -510.554	  -487.616	  -465.706	  -444.778	  -424.789	  -405.697	   -387.46	  -370.042	  -353.406	  -337.517	
   34.9539	  -211.192	  -832.527	  -1586.85	  -2382.68	  -1637.27	   1372.88	   151.854	  -1397.63	  -2682.71	  -4531.94	   1469.82	   1990.84	   2222.99	   2214.92	   2207.65	  -995.491	   -993.27	  -991.944	  -991.672	  -992.869	   112.953	   109.037	   109.357	   109.674	   110.041	  -972.418	  -976.195	  -977.635	  -978.489	  -979.611	  -981.786	  -982.815	  -984.077	  -984.734	  -985.264	   -985.81	  -986.339	    -986.8	  -987.222	  -987.583	  -987.886	  -988.153	    -988.4	  -988.633	  -988.839	   -989.03	  -944.699	  -902.349	  -861.894	  -823.248	  -786.332	  -751.069	  -717.382	  -685.201	  -654.459	  -625.092	  -597.039	  -570.241	  -544.641	  -520.188	  -496.829	  -474.517	  -453.203	  -432.844	  -413.397	  -394.822	  -377.079	  -360.132	  -343.945	  -328.484	
   14.5054	  -152.604	  -153.176	  -774.509	  -1528.82	  -651.934	   659.934	  -343.309	  -1561.38	  -3106.63	  -4386.66	   933.581	     644.2	   1168.97	   1410.86	   1406.08	  -1358.52	  -1354.95	  -1352.19	  -1350.56	  -1349.97	  -744.371	  -746.229	  -747.373	  -749.362	  -751.239	  -941.961	  -946.475	   -950.05	   -951.41	  -952.228	   -953.31	  -955.447	  -956.467	  -957.707	  -958.362	  -958.899	  -959.447	  -959.974	  -960.422	  -960.831	   -961.18	  -961.476	  -961.739	  -961.982	  -962.214	  -962.418	  -919.291	   -878.09	   -838.73	   -801.13	  -765.212	  -730.901	  -698.126	  -666.816	  -636.906	  -608.333	  -581.037	  -554.962	  -530.054	   -506.26	  -483.531	  -461.819	  -441.079	  -421.268	  -402.345	  -384.269	  -367.003	  -350.511	  -334.758	  -319.712	
    1.2114	  -104.185	  -104.184	  -104.757	  -726.096	   185.566	   439.125	  -357.227	  -1359.55	   -2576.2	  -4119.68	   1104.64	   478.358	    190.56	   717.622	   967.495	  -1525.32	  -1520.89	  -1517.12	  -1514.19	  -1512.22	  -1211.04	  -1210.07	  -1210.53	  -1212.17	  -1215.02	  -914.519	  -917.173	  -921.461	  -924.877	  -926.167	  -926.932	   -927.97	  -930.039	  -931.024	  -932.228	  -932.868	  -933.393	  -933.929	  -934.435	  -934.861	   -935.25	  -935.583	  -935.867	   -936.12	  -936.356	   -936.58	  -894.622	  -854.532	  -816.232	  -779.644	  -744.692	  -711.304	   -679.41	  -648.943	  -619.838	  -592.034	  -565.474	  -540.101	  -515.863	  -492.709	  -470.591	  -449.463	  -429.281	  -410.002	  -391.587	  -373.996	  -357.193	  -341.144	  -325.814	  -311.171	
   -7.0893	  -65.3428	  -65.3427	  -65.3423	  -65.9161	   959.179	    522.22	  -61.4456	  -857.579	  -1859.53	  -3075.65	   1940.65	   940.464	   314.551	   27.1961	   555.299	  -1515.02	  -1510.38	   -1506.2	  -1502.62	  -1499.63	  -1349.94	  -1343.38	  -1344.26	   -1344.6	  -1346.14	  -888.465	  -890.408	  -892.927	  -897.034	    -900.3	  -901.527	   -902.26	  -903.264	   -905.27	  -906.225	  -907.397	  -908.022	  -908.538	  -909.054	  -909.537	  -909.943	  -910.314	  -910.634	  -910.908	  -911.152	   -911.38	  -870.576	  -831.574	  -794.308	  -758.707	  -724.697	  -692.208	  -661.172	  -631.525	  -603.205	  -576.151	  -550.307	  -525.618	  -502.033	  -479.503	   -457.98	  -437.421	  -417.782	  -399.022	  -381.102	  -363.985	  -347.634	  -332.016	  -317.097	  -302.848	
  -12.4545	  -35.9535	  -35.9535	  -35.9535	  -35.9532	   1570.09	   934.732	   355.977	  -227.658	  -1023.74	  -2025.64	   2448.91	    1987.6	    987.19	   360.969	   73.3285	     -1349	  -1344.68	  -1340.75	  -1337.19	  -1333.97	  -1221.89	  -1211.26	  -1210.22	  -1210.86	  -1210.95	  -863.222	  -865.027	  -866.869	  -869.277	  -873.206	   -876.33	  -877.507	  -878.215	  -879.187	  -881.134	  -882.064	  -883.205	  -883.817	  -884.316	   -884.81	  -885.271	  -885.657	  -886.013	  -886.321	  -886.586	  -886.822	  -847.126	  -809.197	  -772.945	  -738.306	  -705.214	  -673.601	  -643.402	  -614.554	  -586.997	  -560.673	  -535.527	  -511.504	  -488.556	  -466.633	  -445.692	  -425.687	  -406.577	  -388.323	  -370.886	  -354.229	  -338.318	   -323.12	  -308.603	  -294.737	
  -16.6299	  -15.5195	  -15.5195	  -15.5195	  -15.5195	    1525.8	   444.237	   915.052	   336.298	  -247.339	  -1043.45	   2824.78	   2618.74	   2157.22	   1156.28	   529.406	  -1052.12	  -1048.82	  -1045.62	  -1042.69	   -1039.9	  -892.869	  -879.876	  -878.442	    -877.6	   -877.92	   -839.64	   -840.45	  -842.163	  -843.921	  -846.212	  -849.967	  -852.966	    -854.1	  -854.783	  -855.726	  -857.621	  -858.526	  -859.639	  -860.231	  -860.709	  -861.181	   -861.62	   -861.99	  -862.332	   -862.63	  -862.885	  -824.274	  -787.377	  -752.123	  -718.426	   -686.23	  -655.472	  -626.088	  -598.019	  -571.205	  -545.591	  -521.124	  -497.751	  -475.423	  -454.092	  -433.716	  -414.252	  -395.658	  -377.896	  -360.929	  -344.722	   -329.24	  -314.452	  -300.326	  -286.833	
  -20.8412	   -3.0847	   -3.0847	   -3.0847	   -3.0847	   1446.11	   397.881	   397.044	   867.863	   289.113	  -294.522	   3404.62	   3036.84	   2830.67	   2368.89	   1367.35	  -653.007	  -651.097	  -649.153	  -647.251	  -645.447	  -430.215	  -417.011	  -416.079	  -415.367	  -414.912	  -817.529	   -817.47	  -818.239	  -819.876	   -821.54	  -823.712	  -827.311	  -830.195	   -831.29	  -831.952	  -832.871	  -834.714	  -835.597	  -836.675	  -837.244	    -837.7	   -838.15	  -838.571	  -838.926	  -839.256	  -839.544	  -802.001	  -766.113	  -731.818	  -699.051	  -667.732	  -637.807	  -609.218	  -581.908	  -555.818	  -530.897	   -507.09	  -484.349	  -462.625	  -441.872	  -422.047	  -403.108	  -385.017	  -367.735	  -351.227	  -335.457	  -320.394	  -306.004	  -292.259	   -279.13	
  -24.7545	    3.6815	    3.6815	    3.6815	    3.6815	   1344.14	   190.507	   190.506	   189.673	   660.504	   81.7697	   3953.06	   3587.53	   3219.72	   3013.48	   2551.54	  -190.223	  -189.731	  -189.203	  -188.662	  -188.117	   93.9266	   105.695	   105.422	   105.179	   104.987	  -795.736	  -795.912	  -795.844	  -796.587	  -798.135	  -799.704	  -801.773	  -805.229	  -808.004	  -809.063	  -809.709	  -810.605	    -812.4	  -813.253	  -814.293	  -814.838	  -815.274	  -815.705	  -816.109	  -816.451	   -816.77	  -780.281	  -745.387	  -712.031	  -680.157	  -649.702	  -620.593	   -592.78	   -566.21	  -540.827	  -516.579	  -493.416	   -471.29	  -450.154	  -429.963	  -410.675	   -392.25	  -374.648	  -357.834	  -341.772	  -326.429	  -311.773	  -297.772	  -284.399	  -271.624	
  -26.3721	    8.4648	    8.4648	    8.4648	    8.4648	   1246.16	  -250.486	  -250.486	  -250.484	  -251.309	   219.542	   4418.39	   4052.76	   3687.26	   3319.48	   3113.31	   288.934	   288.313	   287.604	   286.839	   286.036	   607.355	   617.036	   615.322	   613.707	   612.236	  -775.592	  -774.662	  -774.825	  -774.763	  -775.461	  -776.916	  -778.409	  -780.388	  -783.708	  -786.381	  -787.409	  -788.039	  -788.915	  -790.655	  -791.476	  -792.478	  -792.999	  -793.416	  -793.831	   -794.22	   -794.55	   -759.09	  -725.176	  -692.745	  -661.745	  -632.121	  -603.816	  -576.763	  -550.914	  -526.219	  -502.629	  -480.093	  -458.566	  -438.002	  -418.359	  -399.594	  -381.668	  -364.544	  -348.185	  -332.558	  -317.631	  -303.371	   -289.75	  -276.739	   -264.31	
  -22.2404	   15.4808	   15.4808	   15.4808	   15.4808	   1189.77	  -857.887	  -857.887	  -857.886	  -857.882	  -857.868	   4855.17	   4434.35	   4068.77	   3703.37	   3335.77	   740.576	   739.408	   737.945	   736.277	   734.417	   1069.11	   1077.31	   1074.21	   1071.17	   1068.23	   -756.61	  -755.122	   -754.19	  -754.334	  -754.262	  -754.892	  -756.247	  -757.662	  -759.556	   -762.75	  -765.331	  -766.327	   -766.94	   -767.79	  -769.474	  -770.265	  -771.229	  -771.727	  -772.127	  -772.524	  -772.898	  -738.422	  -705.464	  -673.944	  -643.803	  -614.992	   -587.46	  -561.155	  -536.012	  -511.989	  -489.038	  -467.114	   -446.17	  -426.164	  -407.053	  -388.797	  -371.358	  -354.698	  -338.784	  -323.581	  -309.058	  -295.185	  -281.933	  -269.275	  -257.182	
   -8.2822	   28.5814	   28.5814	   28.5814	   28.5814	   1216.84	  -1424.21	   -1424.2	   -1424.2	  -1424.19	  -1424.18	   2734.59	   4842.34	   4421.54	   4056.03	   3690.74	   1131.94	   1130.79	   1129.16	   1127.11	   1124.71	   1478.35	   1487.29	   1482.97	   1478.67	   1474.37	  -738.459	  -736.548	  -735.078	  -734.168	  -734.303	  -734.225	  -734.821	  -736.085	  -737.429	  -739.243	  -742.325	  -744.815	   -745.78	  -746.375	  -747.198	  -748.826	  -749.586	  -750.514	  -750.992	  -751.376	  -751.758	  -718.273	  -686.231	    -655.6	  -626.307	  -598.295	   -571.52	  -545.934	  -521.487	  -498.121	  -475.796	  -454.467	  -434.093	  -414.629	  -396.037	  -378.276	  -361.311	  -345.104	  -329.622	  -314.832	  -300.704	  -287.208	  -274.316	  -262.001	  -250.237	
   17.8124	   48.9863	   48.9863	   48.9861	   48.9858	   1353.45	   -1643.4	  -1643.34	  -1643.27	   -1643.2	  -1643.13	   2792.61	   2792.48	   4899.56	   4478.86	    4113.5	   1458.47	   1457.69	   1456.36	   1454.46	   1452.01	   1889.24	   1901.82	   1896.69	   1891.19	   1885.63	  -720.798	  -718.685	  -716.805	  -715.374	  -714.496	  -714.626	  -714.569	  -715.136	  -716.325	  -717.609	  -719.362	   -722.34	  -724.749	  -725.691	  -726.273	  -727.074	  -728.653	  -729.388	  -730.287	  -730.751	  -731.123	  -698.577	   -667.46	  -637.685	  -609.221	  -582.001	  -555.971	   -531.09	  -507.314	  -484.597	  -462.884	  -442.138	  -422.319	  -403.385	  -385.298	  -368.021	  -351.517	  -335.752	  -320.691	  -306.305	  -292.561	  -279.432	  -266.891	   -254.91	  -243.466	
   53.0703	   72.3456	    72.345	   72.3435	   72.3402	   1581.31	  -1213.66	  -1213.34	  -1212.94	  -1212.51	   -1212.1	   3036.15	   3035.45	   3034.91	   5137.45	   4717.67	   1760.69	   1760.47	   1759.87	    1758.6	   1756.67	   2413.94	   2432.19	   2426.55	   2420.14	   2413.24	  -702.874	  -700.752	  -698.691	  -696.863	  -695.485	  -694.669	  -694.848	  -694.829	  -695.396	   -696.55	  -697.815	  -699.537	  -702.447	  -704.819	  -705.779	  -706.385	  -707.197	  -708.758	  -709.495	  -710.388	  -710.856	  -679.229	  -649.006	  -620.108	  -592.456	  -566.021	  -540.738	   -516.56	  -493.448	  -471.362	  -450.258	  -430.086	  -410.812	  -392.399	  -374.809	  -358.005	  -341.952	  -326.619	  -311.971	  -297.978	  -284.611	  -271.842	  -259.643	   -247.99	  -236.859	
   87.8258	   88.6669	   88.7465	   88.7384	   88.7203	    1790.6	  -12.3016	  -12.2867	  -12.2677	   -12.247	  -12.2272	   3461.42	   3457.94	   3455.63	   3454.42	   5539.57	   2132.72	   2133.69	   2134.66	   2135.18	   2134.62	   3184.52	   3209.94	   3204.62	   3198.03	   3190.38	  -683.033	  -681.013	  -678.992	  -677.068	  -675.331	  -674.096	  -673.497	  -673.792	  -673.917	  -674.595	  -675.798	  -677.133	  -678.914	  -681.847	  -684.303	  -685.399	  -686.133	  -687.046	  -688.675	  -689.488	  -690.436	  -659.866	  -630.566	  -602.559	  -575.774	  -550.139	  -525.627	  -502.176	  -479.745	  -458.299	  -437.801	  -418.212	  -399.486	  -381.593	  -364.497	  -348.164	   -332.56	  -317.654	  -303.414	  -289.811	  -276.816	  -264.401	  -252.541	  -241.211	  -230.388	
   121.599	   99.7003	   100.023	   100.079	    100.02	    2012.5	   1692.07	   1686.15	   1678.36	   1669.57	      1661	   3890.25	   3877.73	   3869.85	   3866.27	   3866.47	   2484.94	   2488.68	   2493.24	   2497.72	   2501.45	   4046.17	   4081.27	   4079.41	   4075.67	   4070.49	   14850.1	   14821.8	   14780.8	   14740.9	   14704.5	   14672.2	   14653.8	   14648.1	   14662.2	   14673.7	   14694.6	   14726.2	   14761.1	   14805.6	   14875.4	     14937	   14969.1	     14992	   15018.2	   15059.6	   15082.2	   14427.4	   13791.8	   13182.3	   12599.4	   12041.5	   11507.3	   10996.3	     10507	   10038.8	   9590.98	   9162.76	   8753.39	   8361.97	   7987.86	   7630.37	   7288.79	   6962.42	    6650.6	   6352.69	   6068.08	   5796.16	   5536.37	   5288.18	   5051.06	
   162.018	   112.917	   113.197	   113.468	   113.413	   2383.51	   3572.41	   3547.42	   3513.85	   3474.78	   3435.12	   4195.86	   4163.24	   4142.42	   4132.59	   4132.42	   2647.23	   2656.58	   2666.65	   2677.37	   2687.55	   4721.89	   4767.18	   4775.02	    4779.6	   4782.48	   13209.2	     13206	   13195.4	   13165.5	   13138.3	   13118.6	   13102.1	   13094.6	   13101.4	   13126.8	   13147.7	   13175.4	   13211.3	   13250.5	   13298.2	   13369.5	   13436.5	   13476.1	   13506.2	   13538.5	   13583.9	   12998.8	   12439.8	   11896.2	   11374.4	   10874.9	   10396.4	    9937.8	   9498.75	   9077.89	   8674.85	   8289.12	   7920.04	   7567.03	   7229.37	   6906.54	   6597.96	   6303.06	   6021.23	   5751.92	   5494.58	   5248.69	   5013.75	   4789.25	   4574.75	
   210.039	   136.137	   136.371	    136.56	   136.635	   2948.65	   5233.08	   5177.35	   5102.02	   5011.99	   4917.04	   4211.71	   4150.36	   4108.07	   4085.38	   4080.18	   2546.44	   2558.08	   2575.01	   2591.55	   2608.19	   5025.85	   5087.24	   5104.56	   5123.09	      5139	   11576.8	   11602.3	   11618.6	   11625.6	   11609.6	   11600.5	   11601.3	   11597.1	     11602	   11622.8	   11657.1	   11686.7	   11720.3	   11759.7	   11802.2	     11853	   11925.9	     11997	   12043.5	   12080.3	   12118.2	   11619.8	   11125.8	   10652.9	   10191.9	   9749.01	   9324.41	   8917.08	   8526.33	    8151.9	   7792.53	   7448.07	   7118.16	   6802.26	   6499.93	   6210.61	   5933.91	   5669.34	   5416.41	   5174.65	   4943.58	   4722.74	   4511.69	      4310	   4117.25	
   260.558	   173.445	    173.61	     173.7	   173.576	   3637.96	   6523.28	   6435.23	   6315.79	   6170.86	   6012.64	   3877.37	   3790.03	   3724.97	    3684.3	   3667.47	   2240.07	   2251.31	   2267.95	   2289.36	   2309.36	   4987.02	   5058.17	   5093.79	   5120.92	   5152.37	   10084.3	   10134.2	   10175.5	     10207	   10230.2	   10231.6	   10241.7	   10256.1	   10263.8	   10281.1	     10311	   10351.9	   10387.3	   10424.1	   10465.3	   10509.7	   10562.3	     10635	     10708	   10758.8	   10800.3	   10354.3	   9935.29	    9518.7	   9118.95	   8728.38	   8352.61	   7991.84	   7645.28	   7312.49	   6993.31	   6686.57	    6392.3	   6110.24	   5839.99	   5581.18	    5333.4	   5096.33	   4869.59	   4652.77	   4445.47	   4247.29	   4057.85	   3876.78	   3703.71	
   317.207	   233.302	   233.365	   233.308	   232.916	   4414.36	   7304.99	   7193.37	   7043.12	   6858.42	   6651.81	   3168.73	   3074.55	   2998.06	   2944.48	   2914.49	   1805.86	   1811.82	   1825.37	   1842.95	   1864.32	   4660.86	   4736.22	   4780.84	   4824.05	   4860.51	   8753.72	   8822.19	   8882.48	   8934.02	   8977.27	   9016.04	   9033.84	   9055.25	   9080.33	   9098.72	   9123.61	   9159.59	   9203.71	   9241.71	   9279.58	   9321.04	    9366.1	   9418.41	   9489.09	   9561.46	   9614.11	   9223.43	   8848.53	   8495.86	   8144.24	    7806.1	   7474.91	   7155.86	   6849.14	   6554.14	   6270.59	    5998.4	   5736.53	   5485.09	   5243.94	   5012.72	   4791.17	   4578.98	    4375.9	    4181.6	   3995.76	   3818.03	    3648.1	   3485.63	   3330.31	
   364.569	   295.706	   295.646	    295.42	   294.735	   5099.53	   7641.95	   7518.13	   7353.66	   7151.51	   6920.57	   2232.26	   2154.34	   2086.38	   2033.45	   1998.46	   1372.96	   1371.87	   1379.14	      1392	   1407.57	   4219.28	   4293.32	   4341.83	   4389.79	   4438.58	   7584.15	   7665.33	   7738.67	    7804.2	   7862.32	   7916.27	   7967.57	   7994.06	   8023.65	   8057.12	   8081.73	   8111.41	   8150.21	   8194.82	   8233.11	    8270.6	   8311.25	   8355.15	    8405.9	   8473.31	   8543.24	    8208.9	   7880.13	   7564.34	   7267.02	   6969.79	   6683.31	   6402.09	    6130.9	   5869.89	   5618.57	   5376.81	   5144.56	   4920.88	   4705.97	   4499.73	   4301.88	   4112.22	    3930.5	   3756.52	   3590.03	   3430.75	   3278.39	   3132.69	   2993.36	
   379.942	   330.038	   329.868	   329.508	   328.626	   5509.07	   7787.53	   7658.64	   7490.33	   7284.95	   7048.73	   1327.01	   1277.23	   1231.12	   1192.16	   1162.84	   1037.05	    1029.7	   1030.54	   1037.52	   1048.37	   3857.98	   3933.78	    3982.5	   4032.19	   4083.11	   6579.44	   6653.32	   6734.62	   6809.02	   6876.69	   6940.53	   7002.46	   7058.55	   7090.86	   7126.51	   7163.99	   7192.25	   7224.07	   7263.14	   7306.41	   7343.66	   7379.84	   7418.47	   7460.36	   7508.66	      7572	   7294.62	   7012.82	   6735.49	   6468.98	   6217.83	   5966.06	   5722.92	   5483.82	   5253.04	   5030.71	   4816.42	   4610.14	   4411.83	   4220.69	   4036.94	   3860.52	   3691.19	    3528.8	   3373.17	   3224.12	   3081.46	   2944.95	   2814.35	   2689.43	
   352.292	   317.846	   317.608	   317.188	   316.284	   5527.16	   7785.99	   7658.05	   7492.75	   7293.52	    7064.7	   573.264	   551.525	   530.507	   511.536	   495.884	   849.412	   837.214	   832.439	   834.128	   840.417	   3634.27	   3699.55	   3752.44	   3801.58	   3853.01	   5705.26	   5785.82	    5857.3	   5936.38	   6009.46	   6078.84	   6146.49	   6209.94	   6267.99	   6304.38	   6342.43	   6381.47	   6411.12	   6443.02	   6480.75	   6521.73	   6557.16	   6591.14	   6627.31	   6666.69	   6712.03	   6466.21	    6231.9	   5993.81	   5759.42	   5534.04	   5321.39	   5107.73	   4901.05	   4697.53	   4500.93	   4311.38	   4128.53	    3952.4	   3782.98	   3619.59	   3462.43	   3311.48	   3166.54	   3027.49	    2894.2	   2766.51	   2644.28	   2527.29	   2415.35	
   293.955	   270.294	   270.033	   269.619	   268.821	   5248.76	   7432.54	   7313.85	   7161.66	   6979.48	   6771.86	   -104.69	  -100.865	  -97.0287	  -93.4026	  -90.1893	    750.97	   734.743	   725.201	   721.893	   723.703	   3399.67	   3455.34	   3498.03	   3549.17	   3597.52	   4957.37	   5029.88	   5105.15	   5173.29	   5248.53	   5320.31	   5390.24	   5456.68	   5519.59	   5578.09	   5615.58	   5654.03	   5692.76	   5722.11	   5752.82	    5788.4	   5826.61	   5859.57	   5891.06	   5924.58	   5961.22	   5733.19	   5524.74	   5326.37	   5124.85	   4926.36	   4735.33	    4554.9	   4373.28	   4197.38	   4023.96	   3856.33	   3694.59	   3538.46	      3388	   3243.21	   3103.49	   2969.05	   2839.87	    2715.8	   2596.74	   2482.58	    2373.2	   2268.47	   2168.22	
   222.234	   201.605	   201.358	   200.997	   200.372	   4858.48	   6758.73	   6656.45	   6524.76	   6367.97	   6189.84	  -637.861	  -615.902	  -593.548	  -571.584	  -551.148	   677.276	    658.84	   645.617	   638.039	   635.344	   3078.82	   3118.58	   3151.14	   3189.75	    3236.6	   4319.08	   4381.87	   4448.18	   4518.22	   4582.08	   4653.85	   4723.79	   4790.53	   4854.49	    4915.9	   4972.47	   5009.45	   5046.85	   5083.96	   5111.99	    5140.9	   5173.97	   5209.05	   5239.38	   5268.33	   5299.17	      5093	   4899.25	   4722.21	   4553.99	   4383.09	   4214.65	   4052.42	   3899.06	   3744.48	   3594.61	   3446.71	   3303.67	   3165.58	   3032.21	   2903.62	   2779.84	   2660.34	   2545.31	   2434.77	   2328.56	   2226.61	   2128.84	   2035.16	   1945.44	
   159.126	   135.628	   135.424	   135.128	   134.668	   4501.61	   5920.75	   5837.87	    5730.2	   5601.27	   5455.24	  -994.761	  -962.809	  -930.162	  -897.522	  -865.907	   591.339	   573.248	   558.666	   548.287	   542.047	   2684.56	   2705.14	   2722.59	   2749.79	   2782.47	   3775.29	   3827.12	   3883.53	   3944.41	   4008.85	   4068.98	   4137.26	   4202.58	   4265.43	   4325.86	   4383.95	   4437.38	   4472.88	   4508.33	   4543.12	   4569.42	   4596.32	   4626.64	   4658.62	   4686.35	   4712.82	    4527.7	   4352.26	   4187.47	   4036.97	   3894.11	   3748.94	   3605.79	   3467.83	   3337.34	   3205.65	   3077.87	   2951.67	   2829.57	   2711.63	   2597.67	   2487.76	   2381.93	   2279.72	   2181.31	   2086.71	   1995.81	   1908.53	   1824.82	    1744.6	
   114.558	   87.9812	   87.8072	   87.5712	     87.21	   4168.32	   5013.62	   4947.49	   4861.94	   4759.27	    4642.8	  -1254.21	  -1216.86	  -1178.51	  -1140.06	  -1102.19	   499.676	   483.912	   470.117	   459.028	    450.77	   2265.44	   2267.71	   2269.25	   2282.45	   2303.85	    3298.9	   3345.52	   3391.57	   3443.05	   3498.71	   3558.67	   3615.78	   3678.95	   3739.86	   3798.71	   3855.08	   3909.45	   3959.52	   3993.12	   4026.33	   4058.71	   4083.25	   4108.03	   4135.72	    4164.8	    4190.1	   4024.62	   3867.05	    3717.8	    3577.7	   3449.77	   3328.44	   3205.13	   3083.47	   2966.17	   2855.15	   2742.99	   2634.08	   2526.43	   2422.24	   2321.55	   2224.22	   2130.32	   2039.88	    1952.5	   1868.35	   1787.44	   1709.67	      1635	   1563.36	
   99.2311	   71.1741	   71.0037	   70.7922	   70.4771	   3914.23	   4231.01	   4177.21	    4108.6	   4026.84	    3934.1	  -1357.05	  -1319.41	  -1280.88	  -1242.15	  -1203.96	     407.3	   394.769	   383.217	   373.117	   364.638	   1883.39	   1871.82	   1859.93	    1859.8	   1869.12	   2892.29	   2923.76	   2964.77	    3006.6	   3053.41	   3104.95	   3161.21	   3213.87	    3272.3	   3328.91	   3383.42	   3435.84	   3486.44	   3532.94	   3564.34	   3595.21	   3625.18	   3647.83	   3670.53	   3695.74	   3722.14	   3576.64	   3435.77	   3301.66	   3174.72	   3055.61	   2946.86	   2843.79	   2739.02	   2635.63	   2535.89	   2441.44	   2345.93	   2253.12	   2161.32	   2072.44	   1986.51	   1903.42	   1823.23	   1745.97	   1671.31	   1599.39	   1530.22	   1463.72	   1399.87	
   105.332	   73.7716	   73.6013	   73.3829	   73.0675	   3714.63	   3675.13	   3629.52	   3571.92	   3504.24	   3428.01	  -1192.14	  -1161.03	  -1129.42	  -1097.78	  -1066.55	   347.931	   337.933	   328.335	   319.496	   311.431	   1592.48	   1571.44	   1550.44	   1539.39	   1537.88	   2543.34	   2563.73	   2591.06	   2628.07	   2665.94	   2709.12	   2757.31	   2808.74	   2857.34	   2911.29	   2963.41	   3013.78	   3062.31	   3109.04	   3151.87	   3180.99	   3209.51	   3237.01	   3257.78	   3278.51	    3301.4	   3175.68	   3051.86	   2931.97	   2817.86	    2709.9	   2608.62	   2516.17	    2428.6	   2339.58	   2251.71	   2166.91	   2086.57	   2005.26	   1926.19	   1847.94	   1772.14	   1698.84	   1627.93	   1559.48	   1493.52	   1429.75	   1368.31	   1309.21	   1252.39	
   115.763	   78.4621	   78.3148	   78.0934	   77.7643	   3495.95	   3372.22	   3331.11	   3279.56	   3219.47	   3152.64	  -754.053	  -735.422	  -716.494	  -697.708	  -679.262	   337.134	   328.245	   319.573	   311.263	    303.28	   1432.81	   1405.05	   1377.64	   1358.28	   1347.35	   2246.37	   2254.09	   2271.52	   2296.21	   2329.56	   2364.45	   2404.77	   2448.67	   2495.81	   2540.64	   2590.06	   2637.97	   2684.38	   2729.02	   2771.87	   2811.13	   2837.99	   2864.12	   2889.23	   2908.21	   2927.09	   2815.18	   2708.23	   2602.89	   2500.87	   2403.81	   2312.01	   2225.92	   2147.32	   2072.92	    1997.3	   1922.63	   1850.55	   1782.22	   1713.01	   1645.68	      1579	    1514.4	    1451.9	   1391.41	   1333.01	   1276.72	   1222.29	   1169.84	   1119.38	
   119.256	    74.973	   74.8615	   74.6708	    74.356	   3234.86	   3217.72	   3179.29	   3131.22	   3075.44	   3013.76	  -163.404	  -159.501	  -155.489	  -151.484	  -147.571	   374.965	   365.922	   357.082	   348.486	   339.894	    1380.5	   1347.92	   1316.07	   1289.65	    1270.4	    1996.2	    1990.9	   1997.08	   2012.83	   2035.06	   2065.62	   2098.19	    2134.8	    2174.9	   2218.09	   2259.09	   2304.29	    2348.2	   2390.68	   2431.46	   2470.58	   2506.42	   2530.99	   2554.81	   2577.64	   2594.93	   2494.52	   2399.38	   2308.42	   2218.84	   2132.06	   2049.52	   1971.49	    1898.3	    1831.5	    1768.3	   1704.06	   1640.62	   1579.36	   1521.27	   1462.39	   1405.07	   1348.28	   1293.25	   1239.98	   1188.42	   1138.63	   1090.62	   1044.19	   999.437	
   119.683	   67.1822	   67.1309	   66.9843	   66.7187	   2982.22	   3077.74	   3042.01	   2997.15	   2945.17	   2887.85	    414.74	   405.575	   396.401	   387.398	   378.729	   448.953	   438.964	   429.284	   419.872	   410.324	   1368.41	   1334.39	   1300.27	   1268.99	   1242.56	   1786.33	      1769	   1763.68	   1769.36	   1783.54	   1804.02	   1832.41	    1861.9	   1895.25	    1931.9	   1971.18	   2008.61	   2049.83	   2089.85	   2128.51	   2165.62	    2201.2	   2233.71	   2256.07	    2277.7	   2298.41	   2209.97	   2124.68	   2043.81	   1966.48	   1890.33	   1816.55	   1746.39	   1680.07	   1617.88	   1561.12	   1507.44	   1452.89	   1399.01	   1346.97	   1297.59	   1247.52	   1198.75	   1150.41	   1103.55	   1058.19	   1014.26	   971.832	   930.917	   891.335	
    113.95	   54.3857	   54.4047	   54.3293	    54.132	   2746.23	   2859.84	   2827.88	   2787.48	   2740.46	   2688.62	   846.188	   828.016	   809.898	   792.154	    775.08	   545.972	   534.666	     523.8	   513.345	   502.737	   1353.02	   1321.57	    1287.8	   1254.51	   1223.55	    1609.1	    1582.6	   1566.71	   1562.17	   1567.35	   1580.51	    1599.7	    1625.3	   1652.13	   1682.55	    1715.8	   1751.47	   1785.56	   1822.97	   1859.25	   1894.29	   1927.95	   1960.13	   1989.52	    2009.8	   2029.38	   1955.95	   1880.89	   1808.46	   1739.77	   1674.06	   1609.35	   1546.66	   1487.04	   1430.71	   1377.89	   1329.66	    1284.1	   1237.79	   1192.05	   1147.85	   1105.91	   1063.35	   1021.88	   980.762	   940.891	   902.282	   864.886	   828.757	   793.912	
     103.7	    41.238	   41.3192	   41.3226	   41.2145	   2527.62	    2628.3	   2600.25	   2564.57	   2522.73	   2476.38	   1110.44	   1087.27	   1064.17	   1041.68	   1020.14	   656.017	   643.181	   631.019	   619.432	   607.793	   1347.62	   1321.16	   1289.05	   1255.87	   1222.76	   1457.27	   1424.95	   1401.06	   1387.17	   1383.26	   1388.32	   1400.82	   1418.15	   1441.35	   1465.79	   1493.33	   1523.46	   1555.77	   1586.67	   1620.45	   1653.23	   1684.91	   1715.27	   1744.29	   1770.79	   1789.12	    1725.5	   1663.26	   1599.59	   1538.12	    1479.8	      1424	   1369.05	   1315.81	   1265.18	   1217.36	   1172.52	   1131.58	   1092.91	   1053.62	   1014.81	     977.3	   941.695	   905.547	    870.31	   835.357	   801.458	   768.623	   736.813	   706.075	
   93.7198	   34.1886	   34.2869	   34.3547	   34.3293	   2321.72	   2393.62	   2369.46	   2338.46	   2301.84	   2260.94	   1170.58	   1146.83	    1123.1	   1100.01	   1078.05	   768.954	   754.621	   741.132	   728.483	     715.9	   1339.51	   1318.99	   1289.52	      1258	   1225.07	   1323.89	   1289.69	   1260.78	   1239.84	   1227.64	   1224.57	   1229.75	   1241.05	   1256.79	   1277.86	   1299.95	   1324.85	   1352.09	   1381.24	    1409.1	   1439.53	   1469.07	   1497.57	   1524.88	   1550.97	   1574.81	   1519.72	   1465.86	   1413.14	   1359.16	   1307.04	   1257.55	    1210.2	   1163.58	   1118.39	   1075.43	   1034.86	   996.818	   962.084	   929.291	   895.979	   863.069	   831.261	   801.057	   770.378	   740.461	   710.776	    681.98	   654.082	   627.048	
   85.9066	    33.623	   33.7007	   33.7846	   33.8212	   2123.25	   2169.05	   2148.53	   2121.95	   2090.25	   2054.58	    1080.7	   1059.36	      1038	   1017.19	   997.382	   860.316	   844.944	   830.543	    817.15	   804.039	   1311.33	   1296.28	   1269.93	   1241.39	   1210.54	   1203.62	    1170.7	   1140.25	    1114.9	   1096.49	   1086.04	    1083.9	   1088.66	   1098.96	   1113.31	    1132.3	   1152.24	    1174.7	   1199.22	   1225.41	   1250.46	   1277.79	   1304.29	   1329.86	   1354.37	   1377.78	    1336.2	   1289.62	   1244.06	   1199.43	   1153.71	   1109.54	   1067.59	   1027.45	   987.916	   949.603	   913.183	    878.79	   846.543	   817.098	    789.31	   761.089	   733.208	   706.255	   680.655	   654.642	   629.266	    604.08	   579.644	   555.964	
   77.4641	   33.1497	   33.1762	   33.2411	    33.297	   1931.44	   1960.95	   1943.75	    1921.2	   1894.03	   1863.15	   961.646	   943.235	   924.699	   906.586	   889.327	   912.198	   896.446	   881.779	   868.221	   855.069	   1250.92	   1240.01	   1217.02	   1192.09	   1164.82	   1092.88	   1063.31	   1034.08	   1007.41	   985.138	   969.167	   960.428	   958.672	   963.116	   972.564	   985.513	    1002.6	   1020.55	   1040.73	    1062.7	   1086.17	   1108.63	   1133.09	    1156.8	   1179.69	   1201.63	   1167.57	   1132.49	   1093.13	   1054.62	   1016.88	   978.187	   940.793	    905.27	   871.264	   837.786	   805.334	   774.488	   745.363	   718.055	   693.118	   669.594	   645.709	   622.111	   599.296	    577.62	   555.587	   534.088	   512.743	    492.03	
   68.3042	   30.9762	   30.9509	   30.9672	   31.0099	   1744.44	   1771.09	   1756.82	   1737.89	    1714.8	   1688.27	   863.788	   847.833	   831.644	   815.738	    800.54	   906.274	   891.011	   876.902	   863.953	   851.479	   1150.63	   1141.95	   1122.41	   1101.39	   1078.38	   989.831	   964.394	    938.18	   912.608	   889.198	   869.816	   856.151	   848.542	    847.19	   851.386	   859.934	   871.593	   886.932	   903.029	    921.07	   940.709	   961.686	   981.751	   1003.58	   1024.75	   1045.18	   1016.86	   988.175	   958.602	   925.386	   892.861	    860.98	   828.275	   796.656	   766.609	    737.84	   709.519	   682.064	   655.971	   631.336	   608.238	   587.143	   567.251	    547.06	    527.11	   507.821	    489.49	   470.851	   452.659	   434.592	
    58.573	   28.7028	   28.6258	   28.5922	   28.5904	   1565.65	   1581.67	   1570.08	   1554.51	   1535.28	   1512.91	   774.889	   761.141	   747.084	   733.172	    719.81	   844.652	   830.748	   817.903	   806.205	   795.026	   1018.57	   1010.52	    994.42	   977.207	   958.476	   893.562	   872.336	   849.805	   826.898	   804.482	   784.099	   767.396	   755.441	   748.898	   747.929	    751.79	     759.5	   769.974	   783.683	   798.047	   814.139	   831.653	   850.327	     868.2	   887.635	    906.49	   883.087	   859.273	   835.131	   810.227	   782.225	   754.794	   727.895	   700.287	   673.588	   648.208	   623.903	   599.978	   576.784	   554.741	   533.933	   514.422	   496.601	   479.803	   462.757	   445.915	   429.628	   414.147	   398.402	   383.031	
    48.513	   26.1941	   26.0965	   26.0128	   25.9649	   1392.76	   1385.13	   1375.93	   1363.49	   1347.92	   1329.58	   707.543	   695.572	     683.2	   670.865	   658.938	   755.452	    743.28	   732.035	   721.806	   712.112	   884.497	    876.38	   863.191	   849.252	   834.162	   803.892	   786.347	   767.544	   747.876	   727.822	   708.317	   690.714	   676.097	   665.717	   660.145	    659.42	   662.951	   669.887	   679.247	   691.443	   704.227	   718.543	   734.096	   750.678	    766.56	   783.824	   764.552	   744.906	   724.905	   704.615	   683.671	   660.099	   636.998	   614.337	   591.069	   568.559	   547.155	   526.654	   506.475	   486.911	    468.32	   450.772	   434.317	   419.286	   405.123	   390.754	   376.559	   362.829	   349.776	   336.497	
   38.3479	   23.1232	   23.0437	   22.9411	   22.8469	   1231.49	   1193.84	   1186.69	   1176.95	   1164.65	   1149.97	   657.535	       647	   635.996	   624.909	   614.111	    669.88	   659.302	   649.529	   640.644	   632.242	   771.068	   762.875	   751.939	   740.463	   728.158	   720.782	   706.261	   690.712	   674.311	   657.112	   639.682	   622.839	   607.452	   594.737	   585.778	   580.986	   580.451	   583.669	   589.868	   598.186	   609.008	   620.355	   633.035	    646.81	   661.498	   675.575	   659.782	   643.635	   627.167	   610.392	   593.366	   575.779	    555.97	    536.55	   517.493	   497.917	   478.974	   460.956	   443.696	   426.708	   410.237	   394.585	   379.814	   365.962	   353.307	   341.387	   329.297	   317.353	   305.801	   294.815	
    28.154	   22.0978	   22.0617	   21.9778	   21.8654	   1094.09	   1024.82	   1019.27	   1011.69	   1002.06	   990.468	   605.204	   596.111	    586.48	   576.676	   567.027	   587.654	   578.579	   570.164	   562.517	     555.3	   672.366	   664.179	   655.041	   645.516	   635.363	   644.136	   632.035	   619.162	   605.607	   591.279	   576.351	   561.317	   546.619	   533.242	   522.236	   514.468	   510.348	   509.968	   512.868	   518.374	   525.745	    535.32	   545.343	   556.542	    568.71	   581.685	   567.392	   554.186	    540.68	   526.899	   512.856	   498.594	   483.855	   467.241	   450.949	   434.955	    418.52	   402.612	   387.477	   372.976	   358.704	   344.866	   331.718	    319.31	   307.673	   297.042	    287.03	   276.879	   266.851	    257.15	
   18.0693	   20.2181	   20.2115	    20.172	   20.0806	   982.129	    893.66	   889.288	   883.291	   875.646	   866.383	   550.534	    542.85	   534.601	   526.087	   517.622	   533.889	   525.854	   518.365	   511.539	   505.109	   599.378	    591.56	    583.69	   575.543	   566.909	   573.708	   563.577	   552.851	   541.635	   529.806	   517.387	   504.534	   491.439	   478.683	   467.109	   457.558	   450.831	   447.297	   447.025	   449.613	   454.486	   460.998	   469.427	   478.253	   488.116	   498.832	   487.299	    475.37	    464.35	   453.075	   441.567	   429.835	   417.915	    405.59	   391.689	   378.052	   364.661	   350.896	   337.569	   324.887	   312.733	   300.773	   289.176	   278.157	    267.76	   258.009	   249.098	    240.71	   232.207	   223.808	
   8.12516	     11.28	   11.2942	   11.2871	   11.2467	   884.216	   800.425	   796.885	   792.012	   785.769	   778.181	   499.404	   492.986	    486.01	   478.712	   471.354	   522.839	   515.193	   508.029	    501.47	   495.286	   556.273	   549.102	   541.998	   534.684	   526.981	   509.203	   500.663	    491.69	   482.355	    472.58	   462.343	    451.67	   440.498	   429.161	   418.145	   408.115	   399.842	   394.032	   390.996	   390.797	   393.097	   397.395	   403.112	   410.508	   418.255	   426.913	   416.685	   407.084	   397.153	   387.979	    378.59	   369.003	   359.227	   349.289	    339.01	    327.41	   316.027	   304.846	   293.349	   282.216	   271.618	   261.461	   251.466	   241.774	   232.567	   223.879	    215.73	   208.283	   201.274	   194.172	
  -1.27239	  -6.82185	  -6.81076	  -6.79353	  -6.79306	   791.086	   740.381	   737.457	    733.37	   728.107	   721.675	   453.363	   448.008	   442.159	   435.964	   429.632	   549.627	   541.851	   534.514	   527.765	   521.388	   532.063	   525.082	   518.466	   511.668	   504.541	    450.25	    443.03	   435.479	   427.681	    419.56	   411.116	   402.338	   393.082	   383.435	    373.67	   364.149	    355.48	   348.336	   343.322	   340.712	    340.57	   342.604	   346.367	   351.368	   357.834	    364.61	   355.433	   346.942	   338.972	   330.728	   323.111	   315.314	   307.352	    299.23	    290.97	   282.423	   272.774	   263.302	   253.996	   244.425	   235.155	   226.328	   217.867	   209.541	   201.468	   193.799	   186.563	   179.775	   173.571	   167.734	
  -10.4559	  -30.9727	  -30.9967	  -30.9797	  -30.9483	   696.507	   694.932	   692.535	   689.099	     684.6	    679.07	   411.763	   407.292	   402.392	   397.182	   391.792	   598.381	   590.232	   582.482	   575.305	   568.506	   517.016	   510.081	   503.818	   497.391	   490.664	   396.465	   390.348	    383.98	   377.433	   370.667	   363.669	   356.446	   348.852	   340.884	   332.603	    324.19	   315.986	   308.519	   302.364	   298.045	   295.808	    295.71	    297.49	    300.77	   305.127	   310.756	   302.408	   294.813	   287.787	   281.193	   274.372	    268.07	   261.618	   255.028	   248.303	   241.463	   234.382	   226.384	   218.532	   210.816	   202.878	   195.187	   187.863	   180.842	   173.933	   167.234	    160.87	   154.866	   149.234	   144.085	
  -20.1349	  -59.3643	  -59.4397	  -59.4554	  -59.4193	   597.836	   658.168	   656.233	   653.378	   649.545	   644.752	    376.78	   372.996	   368.859	   364.448	   359.873	   664.008	   655.366	   647.064	   639.315	   631.938	   516.843	   510.931	   504.813	   498.547	   491.994	   347.466	   342.279	   336.901	   331.397	   325.735	   319.923	   313.955	   307.726	   301.212	   294.397	    287.29	   280.069	    273.03	    266.62	   261.333	   257.627	   255.717	   255.644	   257.193	   260.039	   263.816	   256.602	   249.719	   243.459	   237.668	   232.235	   226.614	   221.421	   216.104	   210.672	   205.128	   199.486	   193.645	   187.045	   180.564	   174.194	    167.64	   161.288	   155.237	   149.436	   143.729	   138.195	   132.937	   127.978	   123.324	
  -30.5605	  -84.6483	  -84.7592	  -84.8258	  -84.8211	   497.828	   606.691	   605.185	   602.927	   599.807	   595.812	   344.361	   341.155	   337.642	    333.91	   330.032	   727.452	   718.471	   709.753	   701.532	   693.659	   522.024	   518.593	   512.545	   506.351	   499.882	    302.87	   298.482	   293.941	    289.31	   284.571	   279.728	   274.789	   269.664	   264.343	   258.796	   252.973	   246.901	   240.735	   234.721	   229.241	   224.721	   221.558	   219.927	   219.873	   221.214	   223.669	   216.713	   210.793	   205.146	   200.011	   195.261	   190.805	   186.196	   181.938	   177.578	   173.122	   168.574	   163.945	    159.15	   153.732	    148.41	   143.178	   137.794	   132.575	   127.603	   122.835	   118.145	   113.597	   109.276	     105.2	
  -41.1621	  -99.4326	  -99.5611	  -99.6641	  -99.7127	   407.196	   524.556	   523.466	   521.809	   519.481	   516.411	   305.978	   303.326	   300.417	   297.324	   294.126	   778.584	   769.542	   760.666	   752.207	   744.036	   522.134	   522.227	   516.297	   510.229	   503.893	   262.308	   258.617	   254.797	   250.906	    246.94	   242.907	   238.812	   234.593	   230.238	   225.731	   221.016	   216.068	   210.913	   205.676	   200.564	   195.906	   192.066	   189.375	    187.99	   187.952	   189.104	   182.603	   176.928	   172.099	   167.493	   163.305	   159.432	   155.799	   152.042	   148.571	   145.016	   141.383	   137.674	   133.899	   129.987	   125.566	   121.223	   116.952	   112.557	   108.295	   104.235	   100.341	   96.5097	   92.7951	   89.2665	
  -51.7052	  -99.0828	  -99.2085	  -99.3311	   -99.421	     336.2	   407.752	   407.031	   405.951	    404.41	   402.339	    258.24	   256.182	   253.879	    251.43	   248.902	   799.928	    791.24	   782.639	   774.349	   766.268	   503.801	   508.396	   502.781	   497.034	   491.041	   225.438	   222.358	   219.168	   215.915	   212.604	   209.252	   205.862	   202.387	   198.826	   195.161	   191.355	   187.375	   183.203	   178.855	   174.436	   170.123	   166.193	   162.948	   160.675	   159.508	   159.482	   153.242	   147.977	   143.381	   139.469	   135.739	   132.348	   129.212	   126.272	    123.23	   120.421	   117.544	   114.603	   111.601	   108.544	   105.377	   101.795	   98.2769	   94.8168	   91.2548	   87.8012	   84.5098	   81.3527	   78.2472	   75.2358	
  -60.8693	  -86.6745	  -86.7776	  -86.8995	  -87.0137	   287.884	   278.803	    278.35	   277.722	    276.84	   275.632	   206.453	   204.975	   203.264	   201.408	   199.496	   800.751	   792.672	     784.6	   776.755	   769.028	   475.792	   484.369	   479.182	   473.861	   468.311	   191.948	   189.403	   186.765	   184.069	   181.326	    178.55	   175.754	   172.902	   169.993	   167.021	   163.951	   160.764	   157.436	   153.948	   150.312	   146.617	    143.01	   139.718	   137.002	   135.099	   134.125	   128.072	   123.064	   118.837	   115.147	   112.007	   109.012	    106.29	   103.774	   101.415	   98.9747	   96.7208	   94.4127	   92.0536	   89.6448	   87.1917	   84.6498	   81.7753	   78.9506	   76.1724	   73.3121	   70.5384	   67.8946	   65.3583	   62.8636	
  -67.2335	  -68.2657	  -68.3366	  -68.4377	  -68.5549	   257.555	    153.79	   153.509	   153.182	    152.77	   152.217	   147.553	   146.638	   145.525	   144.271	   142.952	   809.311	   801.736	   794.139	   786.688	   779.296	   460.683	   470.956	   466.086	   461.072	   455.831	   161.555	   159.478	   157.321	   155.115	   152.867	    150.59	   148.298	    145.97	   143.608	   141.206	   138.742	   136.199	   133.563	    130.81	   127.925	   124.917	   121.862	   118.875	    116.15	     113.9	   112.326	   106.502	   101.699	   97.7234	   94.3677	   91.4379	   88.9445	   86.5671	   84.4064	   82.4095	   80.5371	   78.6012	    76.813	   74.9819	   73.1103	    71.199	   69.2524	   67.2351	   64.9536	   62.7113	   60.5056	   58.2345	   56.0319	   53.9321	   51.9173	
  -69.9203	  -50.0652	  -50.0902	  -50.1612	  -50.2597	   241.349	   64.9518	   64.7634	    64.575	    64.396	   64.2018	   98.5709	   98.0565	    97.412	   96.6381	   95.7842	   836.918	   829.642	   822.335	   815.146	   807.955	   469.665	   478.289	   473.548	   468.632	   463.476	   134.003	   132.331	   130.596	   128.818	   127.003	   125.162	   123.307	   121.425	   119.523	   117.599	   115.635	   113.621	   111.546	   109.395	    107.15	   104.796	   102.345	   99.8506	    97.413	   95.1883	   93.3521	   87.9241	   83.3691	   79.6112	   76.5002	   73.8736	   71.5801	   69.6281	   67.7672	   66.0761	   64.5134	   63.0484	    61.534	   60.1352	   58.7028	   57.2389	   55.7438	   54.2209	   52.6426	   50.8574	   49.1026	   47.3764	   45.5987	   43.8744	   42.2304	
  -69.6481	  -34.0332	  -34.0326	   -34.057	  -34.1277	   234.477	   29.9052	   29.7432	   29.5844	   29.4449	   29.3383	   82.5633	   82.2128	   81.7642	   81.2127	   80.5601	   868.206	   861.197	   854.133	   847.178	    840.21	    492.63	   497.203	   492.513	   487.613	    482.44	   109.059	   107.739	   106.369	   104.964	   103.527	   102.068	   100.594	   99.0988	   97.5885	   96.0673	   94.5221	   92.9455	   91.3319	   89.6693	   87.9463	   86.1483	   84.2652	   82.3009	   80.3028	   78.3501	   76.5678	   71.7173	   67.5511	   64.0541	   61.1682	   58.7784	   56.7604	    54.998	   53.4979	    52.068	   50.7688	   49.5684	   48.4431	   47.2802	   46.2061	   45.1063	   43.9822	   42.8343	   41.6648	   40.4527	   39.0817	   37.7339	   36.4078	   35.0422	   33.7174	
  -68.5441	  -25.2585	  -25.2581	   -25.257	  -25.2805	   226.268	   56.1934	   56.0186	   55.8163	   55.6031	   55.3932	   111.561	   111.149	   110.651	   110.037	    109.31	   898.367	   891.704	   884.888	   878.158	   871.424	   524.697	   524.312	   519.647	    514.73	   509.499	   86.5055	   85.4937	   84.4392	   83.3566	   82.2495	   81.1225	    79.983	   78.8244	   77.6537	   76.4753	   75.2834	   74.0733	    72.841	   71.5801	   70.2809	   68.9356	   67.5323	    66.061	   64.5268	   62.9665	   61.4414	   57.3469	    53.718	   50.6003	   47.9826	   45.8217	   44.0318	     42.52	   41.1995	   40.0755	   39.0042	   38.0308	   37.1317	   36.2889	   35.4181	   34.6138	   33.7904	   32.9488	   32.0894	   31.2138	   30.3062	   29.2796	   28.2702	   27.2771	   26.2542	
  -67.2024	  -22.6474	  -22.6471	  -22.6463	  -22.6443	   214.193	   122.124	   121.937	   121.681	   121.365	   121.004	   171.262	   170.679	   170.015	   169.231	     168.3	   916.246	   910.083	   903.673	   897.246	   890.808	   551.741	   547.129	   542.563	   537.721	   532.527	   66.1471	   65.4019	   64.6219	   63.8183	   62.9953	   62.1573	   61.3082	   60.4436	   59.5687	   58.6873	   57.7964	   56.8958	   55.9832	   55.0542	   54.1036	    53.125	   52.1121	   51.0544	   49.9461	   48.7906	   47.6155	   44.3758	   41.4222	   38.8039	   36.5538	   34.6639	   33.1034	   31.8105	   30.7181	    29.764	   28.9516	   28.1774	   27.4741	   26.8245	   26.2157	   25.5868	   25.0059	   24.4113	   23.8036	    23.183	   22.5507	   21.8953	   21.1539	    20.425	   19.7077	
  -64.3087	  -18.9291	  -18.9289	  -18.9284	   -18.927	   206.219	   199.735	   199.541	   199.263	   198.881	   198.402	   250.327	   249.542	   248.669	   247.681	   246.541	   908.716	   903.293	    897.51	   891.608	   885.611	   557.888	   550.232	   545.955	   541.387	   536.458	    47.804	   47.2886	   46.7455	   46.1832	   45.6054	   45.0161	   44.4187	   43.8094	   43.1918	   42.5687	   41.9383	   41.3014	   40.6589	   40.0082	   39.3458	   38.6685	   37.9715	   37.2494	   36.4959	   35.7065	   34.8838	   32.5149	   30.3055	   28.2909	   26.5045	   24.9689	   23.6788	   22.6132	     21.73	   20.9837	   20.3317	   19.7764	   19.2474	   18.7668	    18.323	   17.9071	   17.4776	   17.0809	   16.6748	   16.2599	   15.8361	   15.4044	   14.9568	   14.4506	   13.9528	
  -59.8376	    -13.01	  -13.0098	  -13.0095	  -13.0088	   202.083	   263.033	   262.889	   262.616	   262.232	   261.715	   315.833	   314.947	    313.94	   312.832	   311.598	    872.82	   868.309	    863.37	   858.196	   852.848	   536.286	   527.475	   523.653	   519.574	    515.14	   31.3145	   30.9939	   30.6533	   30.2981	   29.9314	    29.556	   29.1748	   28.7859	    28.391	   27.9919	   27.5876	   27.1788	   26.7666	   26.3509	     25.93	   25.5018	   25.0643	   24.6136	   24.1468	     23.66	   23.1503	   21.6011	   20.1361	   18.7697	   17.5234	   16.4181	   15.4677	    14.669	    14.009	   13.4619	   12.9994	   12.5953	   12.2512	   11.9233	   11.6254	   11.3504	   11.0927	   10.8266	   10.5809	   10.3294	   10.0724	   9.81001	   9.54262	   9.26545	   8.95194	
  -54.4277	  -10.2723	  -10.2722	   -10.272	  -10.2715	   196.042	   311.488	   311.373	   311.164	   310.807	   310.316	    338.76	   337.912	   336.933	   335.844	   334.672	   822.543	   818.936	   814.905	   810.563	   805.952	   499.259	   490.698	    487.37	   483.832	   479.989	   16.5327	   16.3733	   16.2024	   16.0228	   15.8359	   15.6437	   15.4478	   15.2476	   15.0443	   14.8384	   14.6295	   14.4179	   14.2045	   13.9893	   13.7725	    13.553	   13.3299	   13.1016	   12.8666	   12.6234	   12.3698	   11.5596	   10.7871	   10.0565	   9.37491	    8.7532	   8.20165	   7.72725	   7.32845	   6.99884	    6.7255	   6.49437	   6.29238	   6.12033	   5.95642	   5.80755	   5.67009	   5.54131	   5.40838	   5.28562	   5.15999	   5.03164	   4.90058	   4.76703	   4.62859	
  -47.5171	  -10.8605	  -10.8604	  -10.8602	  -10.8598	   189.848	   339.801	   339.698	   339.535	   339.264	   338.833	    298.92	   298.252	   297.458	   296.568	   295.608	   780.998	   778.095	   774.855	   771.285	   767.382	   468.342	    460.32	    457.39	   454.282	   450.921	   3.32617	   3.29614	   3.26376	    3.2294	   3.19336	     3.156	   3.11771	   3.07847	   3.03855	   2.99812	   2.95701	   2.91531	   2.87318	   2.83069	   2.78788	   2.74475	   2.70113	   2.65674	   2.61135	   2.56465	   2.51633	   2.35499	   2.20093	   2.05402	   1.91509	   1.78546	    1.6672	   1.56225	   1.47196	   1.39603	   1.33326	   1.28118	   1.23714	   1.19864	   1.16584	    1.1346	   1.10622	   1.08002	   1.05548	   1.03015	   1.00676	  0.982836	  0.958389	  0.933427	  0.907992	
  -41.0611	  -15.0711	   -15.071	  -15.0708	  -15.0703	   181.616	   351.999	   351.911	   351.773	   351.566	   351.243	   214.063	   213.632	   213.097	   212.482	   211.817	   747.374	   744.993	    742.37	   739.487	   736.256	   443.546	   435.774	   433.202	    430.44	   427.461	  -8.42703	  -8.35627	  -8.27942	  -8.19736	  -8.11049	  -8.01966	  -7.92585	  -7.82922	  -7.73056	  -7.63048	  -7.52871	   -7.4253	  -7.32063	  -7.21493	  -7.10835	  -7.00104	    -6.893	  -6.78362	  -6.67237	  -6.55866	  -6.44171	  -6.03631	   -5.6497	  -5.28053	  -4.92852	  -4.59558	  -4.28492	  -4.00143	  -3.74981	  -3.53325	   -3.3511	  -3.20044	  -3.07542	  -2.96964	  -2.87717	  -2.79837	  -2.72332	  -2.65516	  -2.59223	  -2.53329	  -2.47249	  -2.41633	  -2.35889	  -2.30021	   -2.2403	
  -38.0788	  -25.7484	  -25.7483	   -25.748	  -25.7473	    164.24	   362.007	   361.932	   361.814	    361.64	   361.391	   108.959	   108.745	   108.465	   108.125	   107.748	   699.424	   697.481	   695.381	   693.105	   690.559	   407.566	   400.244	   398.086	   395.734	   393.167	  -18.8409	  -18.6937	  -18.5339	  -18.3619	  -18.1786	  -17.9853	  -17.7838	  -17.5747	  -17.3602	  -17.1417	  -16.9192	   -16.693	  -16.4638	  -16.2318	  -15.9977	  -15.7617	  -15.5243	   -15.285	   -15.043	  -14.7968	  -14.5454	  -13.6439	   -12.786	   -11.968	  -11.1869	  -10.4421	  -9.73759	  -9.08016	  -8.48012	  -7.94739	  -7.48878	  -7.10288	  -6.78361	  -6.51857	  -6.29427	  -6.09812	  -5.93096	  -5.77175	  -5.62716	  -5.49369	   -5.3687	  -5.23978	  -5.12072	  -4.99895	  -4.87458	
  -39.9914	  -40.1532	  -40.1372	  -40.1369	   -40.136	   138.707	   369.183	   369.119	   369.019	   368.872	   368.664	   19.1235	   19.0777	   18.9758	    18.839	   18.6733	   629.189	   627.665	   626.016	   624.268	   622.341	   350.407	   343.631	   341.985	    340.14	   338.097	   -28.024	  -27.8196	  -27.5984	  -27.3602	  -27.1046	  -26.8332	  -26.5476	  -26.2487	  -25.9396	  -25.6232	  -25.2997	  -24.9705	  -24.6367	  -24.2984	  -23.9564	  -23.6112	  -23.2637	  -22.9137	  -22.5611	  -22.2045	  -21.8421	  -20.5057	  -19.2359	  -18.0276	  -16.8754	  -15.7753	  -14.7263	  -13.7341	   -12.808	  -11.9626	  -11.2118	  -10.5653	  -10.0212	  -9.57078	  -9.19677	  -8.88013	   -8.6032	  -8.36712	   -8.1423	  -7.93814	  -7.74969	  -7.57322	  -7.39126	  -7.22322	  -7.05139	
  -45.2216	   -51.652	   -51.635	  -51.6189	   -51.618	   112.917	   356.267	   356.216	   356.135	   356.017	   355.851	  -36.9491	  -36.9181	  -36.9042	  -36.9303	  -36.9755	   543.744	   542.588	   541.343	   540.024	   538.606	   271.134	   265.002	   263.909	   262.644	   261.205	  -36.0792	  -35.8329	  -35.5669	  -35.2814	   -34.975	   -34.647	  -34.2998	  -33.9329	  -33.5501	  -33.1552	  -32.7494	  -32.3349	  -31.9139	  -31.4873	  -31.0552	  -30.6185	  -30.1782	  -29.7345	  -29.2877	  -28.8379	  -28.3832	  -26.6647	  -25.0344	  -23.4854	  -22.0116	  -20.6063	  -19.2645	  -17.9852	  -16.7749	  -15.6452	  -14.6137	  -13.6974	  -12.9082	  -12.2437	  -11.6934	  -11.2364	  -10.8493	  -10.5107	  -10.2219	    -9.947	  -9.69732	  -9.46688	   -9.2511	  -9.02869	  -8.82329	
  -51.8469	  -55.5656	  -55.5516	  -55.5345	  -55.5181	   94.4179	   321.192	   321.154	   321.093	   321.004	   320.879	  -41.3293	   -41.301	  -41.2646	   -41.245	  -41.2654	   445.697	   444.879	   443.982	   443.036	   442.021	   169.841	   164.262	   163.695	    163.02	   162.227	  -43.0987	  -42.8269	  -42.5295	  -42.2109	  -41.8699	  -41.5047	  -41.1152	   -40.701	  -40.2648	  -39.8107	  -39.3404	  -38.8575	  -38.3652	  -37.8657	  -37.3597	  -36.8475	  -36.3302	  -35.8082	  -35.2823	  -34.7531	  -34.2205	  -32.1665	  -30.2202	   -28.374	  -26.6198	  -24.9508	  -23.3596	  -21.8403	  -20.3917	  -19.0213	  -17.7418	  -16.5734	  -15.5353	  -14.6408	  -13.8874	  -13.2634	  -12.7448	  -12.3055	  -11.9211	  -11.5932	  -11.2811	  -10.9976	   -10.736	   -10.491	  -10.2386	
  -56.8291	  -51.6835	  -51.6715	  -51.6575	  -51.6401	   85.2295	   271.894	   271.868	   271.825	   271.761	   271.673	  -8.20135	  -8.19672	  -8.19082	  -8.18347	  -8.20052	   349.975	   349.433	   348.824	   348.169	   347.471	   64.7169	   59.8627	   59.6899	   59.4839	   59.2349	  -49.1669	  -48.8845	   -48.571	  -48.2307	   -47.867	  -47.4786	  -47.0642	  -46.6202	  -46.1496	   -45.655	  -45.1383	  -44.6033	  -44.0552	  -43.4969	  -42.9305	  -42.3572	  -41.7774	  -41.1912	     -40.6	  -40.0047	  -39.4059	  -37.0572	  -34.8343	   -32.728	  -30.7301	  -28.8319	  -27.0259	  -25.3041	  -23.6603	  -22.0929	    -20.61	  -19.2255	  -17.9608	  -16.8369	  -15.8681	  -15.0519	  -14.3756	  -13.8133	  -13.3369	  -12.9198	  -12.5641	  -12.2254	  -11.9178	   -11.634	  -11.3682	
   -58.334	  -40.3616	  -40.3503	  -40.3384	  -40.3731	   84.1885	   212.145	   212.128	   212.101	    212.06	   212.002	   37.9073	   37.8894	    37.867	   37.8393	   37.8056	   274.515	   274.164	    273.76	   273.314	   272.831	  -24.1881	  -27.7007	  -27.6329	  -27.5532	  -27.4567	  -54.3586	  -54.0818	  -53.7661	  -53.4182	  -53.0414	  -52.6397	  -52.2121	   -51.754	  -51.2648	  -50.7473	  -50.2014	  -49.6312	  -49.0422	  -48.4392	  -47.8251	  -47.2027	  -46.5732	  -45.9359	  -45.2921	   -44.643	  -43.9896	  -41.3825	  -38.9174	  -36.5844	  -34.3738	   -32.277	  -30.2849	  -28.3897	  -26.5829	  -24.8581	  -23.2134	  -21.6573	  -20.2041	  -18.8766	  -17.6965	   -16.679	  -15.8214	  -15.1105	  -14.5193	  -14.0181	  -13.5794	   -13.205	  -12.8486	  -12.5249	  -12.2262	
  -54.8953	  -26.6825	  -26.6729	  -26.6615	  -26.7194	   86.7771	   156.941	   156.948	   156.932	   156.907	   156.871	    72.302	   72.2732	   72.2375	   72.1942	   72.1419	   228.576	   228.338	   228.062	   227.748	   227.398	  -79.5158	  -80.8635	  -80.6912	  -80.4938	  -80.2579	  -58.7428	  -58.4855	   -58.183	  -57.8404	  -57.4637	  -57.0566	  -56.6238	  -56.1615	  -55.6678	  -55.1415	  -54.5827	  -53.9934	  -53.3793	  -52.7453	  -52.0964	  -51.4362	  -50.7674	  -50.0906	  -49.4058	  -48.7142	  -48.0173	  -45.1867	    -42.51	  -39.9791	   -37.584	  -35.3146	   -33.162	  -31.1171	  -29.1717	  -27.3171	  -25.5466	  -23.8585	  -22.2611	  -20.7693	  -19.4062	  -18.1941	  -17.1487	  -16.2673	  -15.5364	  -14.9283	  -14.4126	  -13.9611	  -13.5756	  -13.2087	  -12.8755	
  -47.8986	   -17.593	  -17.5856	  -17.5759	  -17.6141	   85.8674	   120.059	    120.07	   120.076	   120.061	   120.039	   91.0783	   91.0474	   91.0094	   90.9637	   90.9098	   202.127	   201.958	    201.76	   201.532	   201.271	   -103.21	  -101.888	  -101.698	  -101.481	  -101.229	  -62.3871	  -62.1582	  -61.8817	  -61.5588	   -61.194	  -60.7936	  -60.3622	   -59.902	   -59.412	  -58.8896	  -58.3305	  -57.7373	   -57.113	  -56.4627	  -55.7916	  -55.1054	  -54.4075	  -53.7002	  -52.9848	  -52.2613	   -51.531	  -48.5093	   -45.651	  -42.9483	  -40.3928	  -37.9745	  -35.6831	  -33.5097	  -31.4451	  -29.4811	  -27.6088	  -25.8215	  -24.1173	  -22.5046	  -20.9984	  -19.6217	  -18.3973	   -17.341	    -16.45	  -15.7109	  -15.0957	  -14.5739	  -14.1167	  -13.7264	   -13.355	
  -39.8955	  -19.2482	  -19.2466	  -19.2392	  -19.2484	   74.6944	   109.248	   109.258	   109.268	   109.273	   109.257	   84.5291	   84.5051	    84.475	   84.4391	   84.3973	   175.373	   175.256	   175.118	   174.958	   174.772	  -109.836	  -105.443	   -105.27	  -105.074	  -104.847	  -65.3618	   -65.161	  -64.9182	  -64.6269	  -64.2876	  -63.9049	   -63.486	  -63.0332	  -62.5516	  -62.0397	   -61.492	  -60.9061	  -60.2857	  -59.6331	  -58.9535	  -58.2528	  -57.5367	   -56.808	  -56.0699	  -55.3237	  -54.5694	  -51.3867	  -48.3748	  -45.5259	   -42.832	   -40.285	  -37.8746	  -35.5909	  -33.4248	  -31.3672	  -29.4099	  -27.5441	  -25.7631	  -24.0648	  -22.4577	  -20.9564	   -19.584	  -18.3631	  -17.3095	  -16.4204	  -15.6827	  -15.0683	  -14.5469	  -14.0902	     -13.7	
  -33.0069	  -29.4882	  -29.5177	   -29.516	   -29.509	   55.0766	   116.453	   116.461	   116.469	   116.477	   116.479	   60.8534	   60.8393	   60.8211	    60.799	   60.7734	   145.554	   145.475	   145.383	   145.277	   145.153	  -105.927	  -98.8974	  -98.7565	  -98.5949	  -98.4092	  -67.7355	   -67.559	  -67.3482	  -67.0951	  -66.7923	  -66.4401	  -66.0438	  -65.6087	  -65.1397	  -64.6417	  -64.1105	  -63.5424	   -62.936	  -62.2941	  -61.6191	  -60.9168	   -60.193	  -59.4529	  -58.7002	  -57.9382	  -57.1682	  -53.8524	  -50.7128	  -47.7418	  -44.9316	  -42.2744	   -39.762	  -37.3846	   -35.132	  -32.9955	  -30.9661	  -29.0356	  -27.1955	  -25.4391	  -23.7642	  -22.1792	  -20.6983	  -19.3443	  -18.1394	  -17.0993	  -16.2214	  -15.4925	  -14.8854	  -14.3699	  -13.9181	
  -27.1768	  -45.9031	  -45.9232	  -45.9526	  -45.9395	   29.7688	   140.348	   140.356	   140.362	   140.367	   140.371	   32.0251	   32.0192	   32.0113	   32.0015	   31.9899	   130.092	   130.033	   129.966	    129.89	   129.802	   -82.363	  -74.0447	  -73.9556	  -73.8507	  -73.7283	  -69.5735	  -69.4161	  -69.2324	  -69.0145	  -68.7537	   -68.442	  -68.0804	  -67.6724	  -67.2255	  -66.7445	  -66.2321	  -65.6859	  -65.1028	  -64.4807	  -63.8224	  -63.1306	  -62.4112	  -61.6694	  -60.9113	  -60.1407	   -59.361	  -55.9374	  -52.6942	  -49.6235	  -46.7177	  -43.9693	  -41.3704	  -38.9133	  -36.5882	  -34.3852	  -32.2957	  -30.3111	  -28.4233	  -26.6239	  -24.9063	  -23.2686	  -21.7185	  -20.2701	  -18.9456	  -17.7667	  -16.7486	   -15.889	   -15.175	    -14.58	  -14.0746	
  -23.2185	  -59.1288	  -59.1606	  -59.1805	  -59.2004	   8.10551	   158.732	   158.739	   158.744	   158.748	    158.75	   13.4805	   13.4943	   13.4917	   13.4883	   13.4842	   131.625	   131.573	   131.517	   131.456	   131.384	  -42.7278	  -34.9939	  -34.9595	  -34.9177	  -34.8676	  -70.9321	  -70.7923	  -70.6297	  -70.4412	  -70.2183	  -69.9518	  -69.6341	  -69.2645	  -68.8484	  -68.3932	  -67.9018	  -67.3785	  -66.8218	  -66.2279	  -65.5944	  -64.9245	  -64.2209	  -63.4887	  -62.7342	  -61.9635	  -61.1804	  -57.6707	  -54.3458	  -51.1962	  -48.2141	  -45.3923	  -42.7232	  -40.1995	  -37.8135	  -35.5555	  -33.4163	  -31.3873	  -29.4602	  -27.6271	    -25.88	  -24.2123	  -22.6222	   -21.117	  -19.7105	   -18.424	  -17.2785	  -16.2891	  -15.4533	  -14.7588	  -14.1798	
   -20.726	  -59.1387	  -59.1454	  -59.1771	  -59.1985	  0.252498	   147.552	   147.557	   147.562	   147.567	    147.57	   10.4186	   10.4342	   10.4484	   10.4463	   10.4437	   143.147	   143.099	   143.047	   142.991	   142.928	   6.17057	   11.9798	   11.9703	   11.9586	   11.9441	  -71.8633	   -71.739	  -71.5956	  -71.4297	   -71.238	  -71.0117	  -70.7417	   -70.419	  -70.0444	  -69.6231	  -69.1609	   -68.662	  -68.1319	  -67.5681	  -66.9669	  -66.3261	  -65.6488	  -64.9371	  -64.1967	  -63.4341	  -62.6555	  -59.0807	  -55.6925	  -52.4828	  -49.4425	  -46.5639	  -43.8401	  -41.2638	  -38.8277	  -36.5246	  -34.3451	  -32.2802	  -30.3218	  -28.4617	  -26.6924	  -25.0062	  -23.3967	   -21.862	  -20.4093	  -19.0515	  -17.8093	  -16.7031	  -15.7472	  -14.9395	   -14.268	
  -18.3131	  -38.6961	  -38.6961	  -38.7028	  -38.7487	   13.1719	   92.5953	   92.5954	   92.6007	   92.6071	   92.6139	   29.0482	   29.0594	   29.0727	    29.084	   29.0782	   162.579	   162.532	   162.481	   162.427	   162.368	   58.9247	   62.2842	   62.2452	   62.1962	   62.1347	   -72.412	  -72.3038	   -72.177	  -72.0315	  -71.8637	    -71.67	   -71.442	  -71.1692	  -70.8439	  -70.4666	   -70.041	  -69.5742	  -69.0713	  -68.5371	  -67.9695	  -67.3644	  -66.7198	  -66.0382	  -65.3221	  -64.5777	  -63.8111	  -60.1924	  -56.7591	  -53.5052	  -50.4228	  -47.5031	  -44.7388	  -42.1232	  -39.6492	  -37.3099	  -35.0982	  -33.0053	  -31.0224	  -29.1418	  -27.3556	  -25.6568	  -24.0377	  -22.4923	  -21.0187	  -19.6238	  -18.3198	  -17.1267	  -16.0638	  -15.1451	  -14.3685	
  -15.6906	   -4.2392	   -4.2392	   -4.2392	  -4.26529	   40.8359	   10.8863	   10.8566	   10.8579	    10.865	   10.8743	   61.5742	   61.5815	   61.5896	    61.599	   61.6051	   180.328	   180.286	   180.237	   180.185	   180.129	   105.593	   106.898	   106.845	   106.778	   106.693	  -72.6191	  -72.5276	  -72.4178	  -72.2897	  -72.1432	  -71.9745	  -71.7803	  -71.5509	  -71.2772	  -70.9511	  -70.5716	  -70.1438	  -69.6752	  -69.1708	  -68.6352	  -68.0664	  -67.4605	  -66.8146	   -66.132	  -65.4152	  -64.6701	  -61.0276	  -57.5676	   -54.285	   -51.174	  -48.2273	   -45.436	  -42.7934	  -40.2929	  -37.9278	  -35.6914	  -33.5771	  -31.5763	  -29.6807	  -27.8829	  -26.1754	  -24.5514	  -23.0037	  -21.5265	  -20.1179	  -18.7844	  -17.5377	  -16.3968	  -15.3801	   -14.501	
  -13.9427	   35.8447	   35.8447	   35.8447	   35.8313	   75.6983	  -91.2812	  -91.3004	  -91.3286	  -91.3248	  -91.3144	   101.571	   101.576	    101.58	   101.584	   101.589	   182.123	   182.089	   182.049	   182.003	   181.954	   134.687	   134.639	   134.585	   134.519	   134.434	  -72.5215	   -72.447	  -72.3545	  -72.2441	  -72.1156	  -71.9689	  -71.8004	  -71.6059	  -71.3767	  -71.1034	  -70.7768	  -70.3969	  -69.9691	  -69.5009	  -68.9969	  -68.4624	   -67.895	  -67.2903	   -66.646	  -65.9653	  -65.2508	  -61.6054	  -58.1362	   -54.841	   -51.715	  -48.7525	  -45.9464	  -43.2885	  -40.7721	  -38.3911	   -36.139	  -34.0094	  -31.9961	  -30.0909	  -28.2858	  -26.5739	   -24.948	  -23.4017	   -21.928	  -20.5215	  -19.1803	  -17.9105	  -16.7233	  -15.6365	  -14.6678	
  -13.2326	   67.8367	   67.8367	   67.8366	   67.8445	   104.349	   -169.66	   -169.69	  -169.708	  -169.735	  -169.728	   132.195	   132.198	   132.201	   132.203	   132.204	    165.75	   165.726	   165.697	   165.663	   165.625	   143.959	   143.673	   143.626	   143.569	   143.497	  -72.1558	  -72.0959	  -72.0208	  -71.9282	  -71.8179	  -71.6897	  -71.5437	  -71.3755	  -71.1818	  -70.9538	  -70.6811	  -70.3552	  -69.9767	  -69.5506	  -69.0846	  -68.5832	  -68.0518	  -67.4875	  -66.8863	  -66.2461	    -65.57	  -61.9416	  -58.4817	  -55.1893	  -52.0622	  -49.0956	  -46.2844	  -43.6216	  -41.0995	  -38.7117	  -36.4523	  -34.3153	  -32.2945	   -30.384	  -28.5761	  -26.8632	  -25.2387	  -23.6958	  -22.2286	  -20.8303	  -19.4957	  -18.2231	  -17.0182	  -15.8915	  -14.8599	
  -13.2193	   82.8378	   82.8378	   82.8377	   82.8767	   117.419	  -176.981	  -176.979	  -176.978	  -176.975	  -176.971	    139.33	   139.324	   139.316	   139.308	   139.297	   145.423	   145.407	   145.388	   145.364	   145.336	   144.785	   145.057	   145.016	   144.968	    144.91	  -71.5544	  -71.5073	  -71.4472	  -71.3722	  -71.2799	  -71.1702	   -71.043	  -70.8977	  -70.7307	  -70.5387	   -70.312	  -70.0408	  -69.7171	  -69.3413	  -68.9185	  -68.4562	  -67.9592	  -67.4322	   -66.873	  -66.2775	  -65.6435	  -62.0502	  -58.6173	  -55.3439	   -52.229	  -49.2707	  -46.4643	  -43.8049	  -41.2861	  -38.9003	  -36.6416	  -34.5043	  -32.4827	  -30.5712	  -28.7638	  -27.0536	  -25.4332	  -23.8965	   -22.437	   -21.049	  -19.7263	   -18.464	  -17.2602	  -16.1203	  -15.0543	
   -9.9894	   77.5942	   77.5942	   77.5942	    77.666	   110.893	  -85.1127	  -85.1122	  -85.1114	  -85.1103	  -85.1088	   117.559	   117.555	    117.55	   117.543	   117.536	   135.091	   135.079	   135.066	   135.049	   135.028	   152.626	   151.903	   151.866	   151.823	   151.773	  -70.7478	  -70.7108	  -70.6636	  -70.6037	  -70.5292	  -70.4378	  -70.3292	   -70.203	  -70.0592	  -69.8941	  -69.7036	  -69.4787	  -69.2102	  -68.8898	  -68.5178	  -68.0996	  -67.6426	  -67.1512	  -66.6303	  -66.0779	  -65.4898	   -61.945	  -58.5548	   -55.316	  -52.2278	  -49.2893	  -46.4985	  -43.8511	  -41.3425	  -38.9665	  -36.7161	  -34.5854	  -32.5693	  -30.6624	  -28.8592	  -27.1543	  -25.5409	  -24.0123	  -22.5626	  -21.1859	  -19.8766	  -18.6289	  -17.4381	  -16.3026	  -15.2274	
  -10.7003	   51.6284	   51.6284	   51.6284	   51.7275	   83.6212	   71.9389	   71.9385	   71.9379	   71.9372	   71.9361	   68.5835	   68.5817	   68.5793	   68.5762	   68.5726	   138.802	   138.793	   138.782	   138.769	   138.753	    167.49	   168.448	   168.413	   168.371	   168.324	  -69.7637	  -69.7343	  -69.6972	  -69.6504	   -69.591	  -69.5174	  -69.4271	  -69.3196	  -69.1951	  -69.0532	  -68.8899	  -68.7015	  -68.4794	  -68.2143	   -67.898	  -67.5311	  -67.1187	  -66.6678	  -66.1833	    -65.67	  -65.1258	  -61.6421	  -58.3062	  -55.1159	  -52.0681	  -49.1621	   -46.397	  -43.7711	  -41.2802	  -38.9198	  -36.6843	  -34.5669	  -32.5622	  -30.6653	   -28.871	  -27.1743	  -25.5701	   -24.052	  -22.6136	  -21.2495	  -19.9541	  -18.7221	  -17.5481	  -16.4278	  -15.3594	
   43.1268	   22.8522	   22.8522	   22.8522	   22.9684	    53.079	   245.007	   245.006	   245.005	   245.002	   244.999	   13.0521	   13.0518	   13.0515	    13.051	   13.0504	    154.14	   154.131	   154.121	    154.11	   154.097	   191.481	   192.811	   192.778	   192.737	    192.69	  -68.6266	  -68.6026	  -68.5733	  -68.5366	  -68.4903	  -68.4317	  -68.3592	  -68.2701	  -68.1642	  -68.0417	  -67.9016	  -67.7405	  -67.5549	  -67.3362	  -67.0751	  -66.7639	  -66.4029	  -65.9969	  -65.5534	  -65.0769	  -64.5725	  -61.1561	  -57.8854	  -54.7534	  -51.7583	   -48.897	   -46.169	  -43.5733	  -41.1082	  -38.7699	  -36.5543	  -34.4559	  -32.4683	  -30.5865	  -28.8058	  -27.1215	  -25.5287	  -24.0228	  -22.5976	  -21.2473	  -19.9667	  -18.7505	   -17.594	   -16.492	  -15.4403	
    37.151	   42.5158	   -3.4989	   -3.4989	   -3.3776	    24.331	   390.123	   390.122	    390.12	   390.117	   390.112	  -34.5036	   -34.503	  -34.5022	  -34.5013	     -34.5	   175.545	   175.537	   175.528	   175.518	   175.506	   222.279	   219.849	   219.818	   219.781	   219.735	  -67.3584	  -67.3384	  -67.3146	  -67.2855	  -67.2493	  -67.2038	  -67.1463	  -67.0748	  -66.9873	  -66.8833	  -66.7626	  -66.6247	  -66.4662	  -66.2838	   -66.069	  -65.8127	  -65.5071	  -65.1526	  -64.7541	  -64.3188	  -63.8514	  -60.5057	  -57.3051	   -54.241	   -51.307	  -48.5012	  -45.8209	  -43.2654	   -40.834	   -38.525	  -36.3348	  -34.2595	  -32.2939	  -30.4322	  -28.6696	  -27.0017	  -25.4239	  -23.9319	  -22.5212	  -21.1861	  -19.9212	  -18.7215	  -17.5823	  -16.4989	  -15.4665	
   33.0694	   22.3004	   22.3004	  -19.1675	  -19.0521	   5.71329	    479.55	   479.549	   479.546	   479.543	   479.538	  -65.2787	  -65.2777	  -65.2765	   -65.275	  -65.2733	   195.914	   195.906	   195.897	   195.888	   195.877	   286.783	   242.587	   242.561	   242.528	   242.487	  -65.9782	  -65.9613	  -65.9414	  -65.9179	  -65.8893	  -65.8538	  -65.8091	  -65.7526	  -65.6825	  -65.5967	  -65.4945	  -65.3758	  -65.2404	   -65.085	  -64.9063	  -64.6958	  -64.4447	  -64.1452	  -63.7979	  -63.4075	  -62.9813	  -59.7103	  -56.5821	  -53.5896	  -50.7249	  -47.9819	  -45.3588	  -42.8531	  -40.4641	  -38.1911	  -36.0326	  -33.9852	  -32.0453	  -30.2079	  -28.4676	  -26.8199	  -25.2606	  -23.7857	  -22.3908	  -21.0719	  -19.8237	  -18.6411	  -17.5195	  -16.4544	  -15.4415	
   31.5688	   15.9237	   15.9237	   15.9237	  -21.5891	   -0.1477	   501.289	   504.702	     504.7	   504.697	   504.693	  -76.7927	  -76.7917	  -76.7905	   -76.789	  -76.7873	   209.516	   209.509	   209.501	   209.493	   209.484	   357.649	   255.104	   255.084	   255.058	   255.023	  -64.5023	  -64.4883	  -64.4716	   -64.452	  -64.4289	  -64.4009	  -64.3661	  -64.3222	  -64.2669	  -64.1984	  -64.1141	  -64.0138	  -63.8975	   -63.765	  -63.6129	  -63.4381	  -63.2323	  -62.9868	  -62.6939	  -62.3543	  -61.9727	  -58.7863	  -55.7335	  -52.8141	  -50.0216	  -47.3484	  -44.7888	  -42.3412	  -40.0031	   -37.774	  -35.6532	  -33.6392	  -31.7289	  -29.9188	  -28.2045	  -26.5807	  -25.0432	  -23.5883	   -22.212	  -20.9104	  -19.6796	  -18.5149	  -17.4112	  -16.3645	  -15.3705	
   27.8425	   16.5585	   16.5585	   16.5585	   16.6376	  -9.92249	   469.417	   472.517	   472.515	   472.513	    472.51	  -71.7523	  -71.7515	  -71.7505	  -71.7494	   -71.748	   212.353	   212.347	   212.341	   212.333	   212.325	   426.035	   252.906	   252.891	   252.872	   252.846	  -62.9457	  -62.9345	  -62.9207	  -62.9042	  -62.8851	  -62.8625	  -62.8351	   -62.801	  -62.7582	  -62.7042	   -62.637	  -62.5545	  -62.4564	  -62.3428	  -62.2135	   -62.065	  -61.8944	  -61.6935	  -61.4537	  -61.1678	  -60.8364	  -57.7434	  -54.7748	  -51.9309	  -49.2114	  -46.6101	  -44.1199	  -41.7357	  -39.4558	   -37.278	  -35.2017	  -33.2263	  -31.3505	  -29.5712	  -27.8853	  -26.2885	  -24.7761	   -23.344	  -21.9888	  -20.7067	  -19.4942	  -18.3477	  -17.2626	  -16.2345	  -15.2594	
    24.719	   22.5423	   22.5423	   22.5423	   22.5961	   28.0857	   394.924	   397.677	   397.676	   397.674	   397.672	  -55.2669	  -55.2664	  -55.2658	   -55.265	  -55.2641	       201	   200.996	   200.991	   200.985	   200.979	   483.262	   231.975	   231.963	   231.949	   231.931	  -61.3216	   -61.313	  -61.3019	  -61.2885	  -61.2724	  -61.2538	  -61.2317	  -61.2049	  -61.1717	  -61.1299	   -61.077	  -61.0113	  -60.9309	  -60.8353	  -60.7247	  -60.5987	  -60.4541	  -60.2878	  -60.0918	   -59.858	  -59.5795	  -56.5903	  -53.7136	  -50.9527	  -48.3079	  -45.7789	  -43.3597	   -41.044	  -38.8268	  -36.7066	  -34.6814	  -32.7507	  -30.9139	  -29.1696	  -27.5151	  -25.9475	  -24.4627	  -23.0562	  -21.7245	  -20.4642	  -19.2719	  -18.1443	   -17.078	  -16.0688	  -15.1125	
   20.0895	   26.8232	   26.8232	   26.8232	   26.8503	   30.5545	   295.349	   297.635	   297.635	   297.634	   297.632	  -33.5391	  -33.5388	  -33.5385	  -33.5381	  -33.5376	   172.795	   172.792	   172.789	   172.785	   172.781	   521.659	   188.987	    188.98	   188.971	   188.959	  -59.6421	  -59.6357	  -59.6272	  -59.6165	  -59.6034	  -59.5878	  -59.5697	  -59.5481	  -59.5221	  -59.4896	  -59.4488	  -59.3972	  -59.3332	   -59.255	  -59.1621	  -59.0546	  -58.9321	  -58.7915	  -58.6295	  -58.4387	  -58.2113	  -55.3332	  -52.5573	  -49.8862	  -47.3228	  -44.8671	  -42.5189	  -40.2727	  -38.1226	  -36.0639	  -34.0955	  -32.2152	  -30.4228	  -28.7175	  -27.0981	  -25.5621	  -24.1067	  -22.7282	  -21.4224	  -20.1859	  -19.0157	  -17.9087	  -16.8616	  -15.8714	  -14.9343	
   13.0277	   23.2549	   23.2549	   23.2549	   23.2565	   24.9986	    189.39	   191.004	   191.004	   191.004	   191.003	  -13.1564	  -13.1563	  -13.1562	  -13.1561	  -13.1559	   125.241	   125.239	   125.237	   125.235	   125.233	   533.705	   120.772	   120.768	   120.763	   120.757	  -57.9181	  -57.9134	  -57.9071	  -57.8989	  -57.8885	  -57.8758	  -57.8606	   -57.843	  -57.8221	  -57.7967	  -57.7651	  -57.7253	  -57.6751	   -57.613	   -57.537	   -57.447	  -57.3427	  -57.2238	  -57.0871	  -56.9297	  -56.7443	  -53.9799	  -51.3113	  -48.7377	  -46.2614	  -43.8849	  -41.6083	  -39.4313	  -37.3489	  -35.3556	  -33.4471	  -31.6223	  -29.8794	  -28.2178	   -26.637	  -25.1359	  -23.7121	  -22.3629	   -21.085	  -19.8744	  -18.7281	  -17.6433	  -16.6169	  -15.6461	   -14.728	
   38.6884	   41.6746	   41.6746	   41.6746	   41.7619	   50.5741	   124.629	   129.019	   129.019	   129.019	   129.018	  -1.97438	  -1.97437	  -1.97436	  -1.97435	  -1.97433	   3.36375	   3.36372	   3.36368	   3.36365	   3.36361	  -16.8813	  -28.3005	     -28.3	  -28.2994	  -28.2987	         	         	         	         	         	         	         	         	         	         	         	         	         	         	         	         	         	         	         	         	         	         	         	         	         	         	         	         	         	         	         	         	         	         	         	         	         	         	         	         	         	         	         	         	         	
         	         	         	         	         	         	         	         	         	         	         	         	         	         	         	         	         	         	         	         	         	         	         	         	         	         	         	         	         	         	         	         	         	         	         	         	         	         	         	         	         	         	         	         	         	         	         	         	         	         	         	         	         	         	         	         	         	         	         	         	         	         	         	         	         	         	         	         	         	         	         	
         	         	         	         	         	         	         	         	         	         	         	         	         	         	         	         	         	         	         	         	         	         	         	         	         	         	         	         	         	         	         	         	         	         	         	         	         	         	         	         	         	         	         	         	         	         	         	         	         	         	         	         	         	         	         	         	         	         	         	         	         	         	         	         	         	         	         	         	         	         	         	
4.94539e-06	1.16921e-05	2.40738e-05	5.06595e-05	0.000108844	0.000229834	0.000458332	0.000819702	0.00130745	0.00187075	0.00242637	0.00288636	 0.0032647	0.00346769	0.00349958	0.00338849	0.00318975	0.00294032	0.00272754	 0.0025688	0.00246829	0.00241383	0.00246714	 0.0023825	0.00233739	0.00232913	0.00229145	0.00232376	0.00238606	0.00247834	0.00272337	0.00278915	0.00270346	0.00264051	0.00238852	0.00200067	0.00174113	0.00154929	0.00139838	0.00126602	0.00113528	0.00100624	0.000884585	0.000782665	0.000709003	0.000645146	0.000588129	0.000541705	0.00050406	0.000469816	0.000439246	0.000412143	0.00038749	0.000364808	0.000344342	0.000325817	0.000308985	0.000293652	0.000279632	0.000266545	0.000254208	0.000242473	0.000231222	0.000220375	0.000209946	0.00019993	0.000190321	0.000181123	0.000172333	0.000163939	0.000155937	
0.00043887	0.00106406	0.00220321	0.00463418	0.00995267	 0.0210595	 0.0421698	   0.07582	  0.121802	  0.175767	  0.229711	  0.275034	  0.309097	  0.328495	  0.329826	  0.316235	  0.293158	  0.265814	  0.241016	  0.222026	  0.208772	  0.200869	  0.196195	  0.199459	  0.189832	  0.182746	  0.179624	  0.172119	   0.17126	  0.173876	  0.177385	  0.191746	   0.19388	  0.189077	  0.180195	  0.167771	  0.150699	  0.126601	  0.112187	  0.101031	 0.0916549	  0.082249	 0.0730352	 0.0649806	 0.0579119	 0.0527162	 0.0481511	  0.044028	  0.040661	 0.0379099	 0.0353762	 0.0331097	 0.0311103	 0.0292919	 0.0276163	 0.0260992	  0.024725	 0.0234764	 0.0223411	 0.0213037	 0.0203355	 0.0194236	 0.0185567	 0.0177251	 0.0169226	 0.0161497	  0.015406	 0.0146908	 0.0140044	 0.0133468	 0.0127171	
0.00723363	 0.0184041	 0.0385279	 0.0813461	   0.17455	  0.369019	  0.738857	   1.33061	   2.14619	   3.12458	    4.1323	   5.00391	   5.66095	     6.022	   6.05869	     5.792	   5.33153	   4.78389	   4.28044	   3.87894	   3.58782	   3.39172	   3.26858	   3.18841	   3.18712	   2.97991	   2.81907	   2.70304	   2.55629	   2.52883	     2.519	    2.5327	    2.6808	   2.69936	   2.58784	   2.52129	   2.46857	   2.13984	   1.80447	   1.59886	   1.44464	   1.31124	   1.17888	   1.05774	  0.947619	  0.848629	  0.774923	  0.709603	  0.650548	  0.601963	  0.561893	  0.524933	   0.49205	  0.463056	  0.436629	  0.412188	  0.390017	  0.369918	  0.351675	  0.335084	  0.319914	   0.30576	  0.292432	  0.279757	  0.267589	  0.255829	  0.244484	  0.233543	  0.222996	  0.212848	  0.203102	
 0.0591474	  0.157166	  0.334035	  0.710833	   1.53063	   3.23242	   6.45379	   11.5574	   18.5861	   27.0837	   36.1101	   44.2665	   50.7579	   54.2045	     54.95	   52.6803	   48.4146	   43.2097	   38.4136	   34.4625	   31.5256	   29.4476	   27.9933	   26.9927	   26.0565	   25.4815	   23.3885	   21.5793	   20.4392	    19.331	   18.7729	   18.3796	   18.2638	   19.1484	   18.8712	   18.4598	   18.6541	   17.5762	   15.1945	   12.9137	   11.5111	   10.4263	   9.47212	   8.59613	   7.76231	   6.98553	   6.28437	   5.75295	   5.28039	   4.85237	   4.49789	    4.2043	   3.93519	   3.69609	    3.4846	   3.29071	    3.1111	   2.94788	   2.79991	   2.66547	   2.54308	   2.43102	   2.32639	   2.22779	   2.13392	   2.04366	   1.95629	   1.87183	   1.79017	   1.71127	   1.63519	
  0.302828	  0.832512	   1.79424	   3.86654	   8.38888	   17.7738	   35.4108	   62.9764	   100.226	    145.04	   193.149	   238.579	   277.367	   300.459	   305.316	   296.947	   274.012	     244.4	   216.397	   193.514	   175.603	   162.762	   153.343	   146.261	   139.515	    132.81	   126.727	   113.097	   103.608	   98.0805	   91.3036	   87.0719	   83.9958	   83.7478	   85.8562	     85.62	   86.4943	   84.6319	   78.5994	   68.0556	   58.5619	   52.4762	   47.6548	   43.6341	   39.8396	   36.1175	   32.6128	   29.4578	     27.03	   24.8513	   22.8792	   21.2491	   19.9015	    18.669	   17.5723	   16.5957	   15.6965	   14.8627	   14.1045	    13.416	   12.7895	   12.2185	   11.6947	   11.2051	   10.7429	   10.3022	   9.87754	   9.46566	   9.06648	   8.67964	   8.30506	
   1.30004	   2.94156	   6.40738	   13.9806	   30.6945	   65.4683	   130.681	   231.502	   364.452	   519.823	   685.674	   844.969	   990.393	   1088.67	   1123.08	   1095.55	   1032.04	   924.822	   819.289	   730.734	    662.27	   609.411	    571.01	   540.722	   510.767	    480.54	   449.465	   413.483	   366.874	   337.988	   313.425	   286.996	   269.335	    260.35	   257.452	   263.955	   268.789	   264.491	   255.137	   234.739	    205.06	   178.782	   161.158	   147.702	   135.982	   124.636	   113.345	   102.655	   93.1222	   85.6058	   78.8057	   72.7126	   67.7187	   63.5682	   59.7697	   56.3729	   53.3297	   50.5187	   47.9137	     45.54	   43.3795	   41.4111	   39.6151	   37.9629	   36.4155	   34.9526	   33.5542	   32.2034	   30.8901	   29.6142	   28.3751	
    3.4928	    7.4879	   15.8084	   34.8248	   77.2926	   166.361	   333.248	   590.983	   923.529	   1298.39	   1684.04	    2052.8	   2399.27	    2659.7	   2787.29	   2760.92	   2615.57	   2400.25	   2139.97	   1912.14	   1731.17	   1593.24	   1485.26	   1401.45	   1316.47	   1228.15	   1141.17	   1068.77	   975.147	   869.725	   793.086	   719.868	   649.022	   611.916	   587.883	   582.411	   598.562	   597.812	   582.788	   557.579	   511.903	   451.451	   397.223	   361.763	   333.397	   307.644	   282.554	   257.484	   233.631	   212.567	   195.451	   179.999	   166.433	   155.342	   146.008	   137.457	   129.794	   122.899	    116.53	   110.634	   105.252	   100.346	   95.8726	   91.7831	   88.0087	   84.4685	    81.115	   77.9026	   74.7932	   71.7672	   68.8245	
   6.57775	    14.072	   29.0892	   63.8354	   142.779	   309.398	   622.124	   1105.76	   1723.37	   2398.14	   3059.76	   3665.92	   4234.25	   4685.92	   4959.55	   4997.44	    4807.4	   4461.45	   4072.45	   3666.43	   3328.87	    3065.2	   2863.56	   2692.91	   2524.07	   2343.35	   2163.56	   2027.49	   1889.48	   1722.05	   1522.13	   1364.27	   1216.35	   1106.59	   1038.02	   1001.93	   1003.47	    1008.8	   998.011	   968.855	   921.265	   843.492	   749.874	    668.49	    613.41	   566.972	   523.904	   481.833	    439.44	   399.441	   364.342	   335.172	   309.132	   286.627	   268.162	   252.356	   237.898	   224.928	   213.218	   202.387	   192.364	   183.198	   174.831	   167.185	   160.175	   153.681	   147.574	   141.774	   136.202	     130.8	   125.539	
   11.2892	    24.377	   49.8064	   108.346	   242.486	   527.855	   1065.05	   1900.33	   2961.08	   4097.19	   5153.07	   6046.55	   6832.49	   7477.33	   7935.26	      8132	   8022.27	   7609.04	    7076.3	   6534.76	   5991.12	   5524.49	    5163.1	   4858.47	   4532.91	   4190.11	   3849.14	   3573.57	   3340.96	   3120.62	   2805.11	   2438.81	    2136.2	   1912.24	   1732.95	   1627.05	   1587.31	   1560.64	   1556.22	   1544.46	   1501.17	    1428.6	   1316.87	   1185.84	   1062.32	   977.125	   904.487	   837.634	   772.006	   705.766	   642.615	   586.276	   538.921	   497.867	   462.566	   433.242	   408.239	   385.624	   365.188	    346.69	   329.567	   313.633	   298.966	   285.538	   273.243	   261.948	   251.471	   241.617	   232.242	   223.223	   214.468	
   13.4964	   29.7813	   61.2285	   132.756	   295.316	   637.611	   1273.71	   2258.63	   3507.35	   4841.35	   6057.67	   7025.58	   7772.16	   8339.79	   8752.04	   8975.71	   8974.98	   8696.96	   8271.04	   7777.92	   7290.65	   6797.17	   6380.51	   6016.45	   5620.55	   5184.81	   4749.61	   4382.08	   4075.27	   3824.33	   3497.04	   3081.21	   2648.27	   2339.04	   2089.19	   1907.98	   1817.65	   1747.81	   1703.37	   1691.41	   1675.77	   1620.59	   1534.38	   1427.69	   1301.93	   1174.93	   1084.06	    1005.1	    931.15	   859.081	    786.92	   718.688	    657.56	   605.516	   560.895	   522.614	   490.382	    462.78	   438.084	   415.672	   395.252	   376.343	   358.719	   342.405	   327.406	   313.622	   300.902	   289.058	   277.888	   267.234	   256.967	
   15.2373	   34.6394	   72.5451	   157.993	   349.121	   743.137	   1455.35	    2539.3	   3902.19	   5363.87	   6694.72	   7725.98	   8414.53	   8864.74	   9150.34	   9304.24	   9323.44	   9156.22	   8880.33	   8526.65	   8116.45	   7711.72	   7316.57	   6934.34	   6491.79	   5997.49	   5485.01	   5032.34	   4660.83	    4360.1	   4006.94	    3571.3	   3097.73	   2699.03	   2384.16	    2147.6	   1992.73	   1875.54	   1795.88	   1749.05	   1732.94	   1708.11	   1642.54	   1559.76	   1460.94	   1344.17	   1221.95	   1130.65	   1049.34	   972.752	   898.169	   824.487	   755.758	   693.939	   640.945	   595.461	   556.421	   523.267	   494.778	   469.376	   446.244	   425.024	   405.335	    386.95	   369.859	   354.073	   339.503	   325.992	   313.359	   301.408	   289.982	
   16.7601	   39.5046	   84.9641	    187.22	   412.136	   862.136	   1644.61	   2798.82	   4223.46	    5752.7	   7158.67	   8242.48	   8884.57	   9225.67	   9369.04	   9393.09	   9353.53	    9226.2	   9064.29	   8855.38	   8584.09	   8254.65	   7980.73	    7635.4	   7189.62	   6664.24	   6126.42	   5643.68	   5225.19	   4855.81	   4483.45	   4010.62	   3491.97	   3080.31	   2685.98	   2378.63	   2162.86	   1987.98	   1868.53	   1793.52	   1746.51	   1724.79	   1690.01	   1628.96	   1551.44	   1460.65	   1353.03	   1236.97	   1146.68	   1065.25	       988	    913.32	   840.937	   773.853	   713.123	   660.866	   615.836	   577.042	   543.946	   515.397	   489.885	   466.575	   445.068	   425.044	    406.31	   388.835	   372.619	   357.579	   343.568	   330.418	   317.941	
   18.1674	   44.6033	   98.8217	   221.389	   487.745	   1004.15	   1858.95	   3068.47	   4514.44	    6058.2	    7492.4	   8613.71	   9216.99	   9478.56	   9497.88	   9384.04	   9231.62	   9080.76	   8965.37	   8860.19	   8717.83	   8518.62	   8321.93	   8114.57	   7708.18	   7196.16	   6630.59	   6124.68	   5702.87	   5301.32	   4868.02	   4372.42	   3815.05	   3380.36	   2988.96	   2610.69	   2334.63	   2102.67	   1930.63	    1824.7	   1755.92	   1706.86	   1679.59	   1649.48	   1592.09	   1520.02	   1437.27	   1338.15	   1228.33	   1140.62	    1060.3	   984.406	   912.236	   842.915	   778.599	    719.88	   669.385	   625.663	   587.794	   555.353	   527.248	   502.028	   478.891	   457.434	    437.38	   418.577	   400.978	   384.572	   369.284	   354.987	   341.525	
   19.4857	   49.8754	   113.941	   259.717	   575.092	   1171.02	   2107.84	   3362.56	   4800.75	   6308.17	   7718.34	   8841.05	   9413.92	   9617.79	   9554.25	   9325.66	   9055.71	   8831.77	   8703.03	   8635.85	   8581.13	      8498	   8435.41	   8296.57	   8044.61	      7586	   7032.94	   6497.22	   6076.22	   5679.89	   5225.93	   4668.89	   4086.36	   3635.98	   3227.07	   2862.94	   2524.78	   2232.89	   2010.66	    1858.5	   1766.89	   1700.09	   1648.33	   1630.44	   1602.36	   1548.67	   1482.88	   1407.72	   1315.26	   1210.75	   1124.64	   1046.18	   973.486	   904.907	   839.035	   777.522	   720.956	   672.451	   630.246	   593.442	   561.755	   534.211	   509.391	   486.532	   465.226	    445.25	   426.476	   408.843	   392.332	   376.888	   362.399	
   20.7277	   55.1509	   129.604	   300.737	   670.001	   1356.83	   2389.52	   3688.93	   5093.83	   6526.28	   7855.48	   8930.52	   9458.25	    9629.6	   9514.95	   9220.47	   8859.23	   8560.25	   8368.82	   8283.38	   8253.56	   8247.17	   8298.44	   8293.35	   8107.84	   7831.59	   7323.46	   6792.91	   6361.28	   5970.41	   5536.23	    4958.3	   4315.72	   3862.86	    3440.6	   3061.33	   2751.53	   2396.28	   2118.19	   1923.78	   1791.98	   1708.13	   1641.51	   1601.18	   1588.34	   1562.43	   1512.74	   1453.03	   1383.56	   1294.56	   1191.74	   1107.46	   1032.46	    963.58	   898.423	   835.358	   776.169	   721.378	   674.634	   633.807	   597.833	    566.72	   539.649	   515.164	   492.497	   471.298	   451.369	   432.584	   414.878	   398.248	   382.645	
   21.8784	   60.2953	   144.994	    341.85	    767.74	   1549.88	   2689.28	   4038.82	   5401.03	   6723.39	   7929.63	   8898.58	   9354.29	   9489.25	   9360.29	   9036.78	   8636.49	   8287.29	   8033.14	   7882.24	   7825.07	   7834.41	   7954.14	   8059.39	   8015.92	   7814.18	   7483.31	   6983.08	   6568.92	   6169.13	   5763.51	   5204.57	   4540.27	   4056.56	   3631.25	   3239.11	   2922.65	   2599.53	   2262.21	    2018.1	   1852.94	   1732.79	   1654.11	   1600.89	   1565.51	   1557.42	   1532.83	    1486.6	   1431.09	   1363.41	   1273.59	   1173.39	   1093.07	   1022.15	   956.739	    894.11	   833.309	    775.98	   722.664	   677.525	   637.759	    602.36	   571.686	   544.984	   520.701	   498.141	   476.981	   457.024	   438.157	   420.338	   403.559	
   22.8618	   65.1184	   159.577	     380.6	   861.209	   1739.15	   2983.78	   4386.17	    5708.3	   6910.17	   7955.49	    8779.1	   9124.85	   9205.06	   9064.67	   8754.16	   8351.78	   7999.47	   7708.15	    7495.5	    7366.8	   7342.14	      7464	   7631.35	   7705.59	   7658.96	   7394.17	   7084.85	   6713.64	   6318.68	   5952.26	   5423.52	   4760.87	   4286.45	    3831.6	   3417.32	   3075.64	   2753.58	   2449.83	   2150.98	   1939.86	   1791.43	   1679.26	   1617.62	   1569.06	   1537.17	   1531.52	   1507.78	   1463.29	   1408.48	    1339.5	   1251.03	   1155.73	   1079.93	   1012.69	   949.866	   889.489	   830.704	   775.133	   723.262	   679.451	   640.555	   605.659	   575.353	   548.933	   524.816	   502.333	   481.176	   461.164	   442.216	   424.288	
   23.6143	   69.2499	   172.751	   415.696	   944.636	   1909.57	   3254.69	      4697	   5982.59	   7072.01	   7951.98	   8595.75	   8812.41	   8806.48	   8641.79	   8349.08	   7985.71	    7659.2	   7376.59	   7129.57	   6936.87	    6836.5	   6909.54	   7071.54	   7212.91	   7291.63	   7162.61	   6896.48	   6713.17	   6355.87	   6024.75	   5538.88	    4903.5	   4456.72	   4010.94	   3569.02	   3213.83	   2870.17	   2571.86	   2313.45	   2054.37	   1863.46	   1728.73	   1636.63	   1582.14	   1536.78	   1505.66	   1501.54	   1477.26	   1431.84	   1375.72	   1308.31	   1224.42	   1134.75	   1063.17	   998.961	   938.874	   880.881	   824.355	   770.746	   720.259	   677.763	   639.819	   605.493	   575.618	   549.564	    525.69	   503.356	   482.281	   462.313	   443.376	
   24.1023	   72.4289	   183.465	   445.756	   1015.81	   2050.72	   3478.25	   4953.08	   6189.85	   7179.14	   7912.61	   8382.26	   8449.63	   8345.57	   8129.37	   7842.81	   7520.57	   7250.75	   7002.25	   6765.92	   6538.16	   6372.36	   6356.83	    6464.7	    6605.5	   6755.61	   6735.01	   6587.04	   6432.06	   6252.99	   5984.08	   5539.14	   4943.57	   4544.66	   4123.46	   3690.23	   3318.77	   2965.87	   2652.66	      2405	      2194	   1959.48	    1785.6	   1676.39	   1593.24	   1543.76	   1498.87	   1468.03	   1464.12	   1437.61	   1390.49	   1335.99	    1273.2	   1194.43	   1109.98	   1041.95	   981.037	   923.897	   868.595	   814.522	    762.83	   713.783	    672.68	   635.756	   602.119	   572.792	   547.204	   523.679	   501.605	   480.735	   460.924	
   24.4455	   74.9127	   191.989	   470.392	   1077.07	   2170.49	   3658.82	   5157.65	   6358.81	   7254.63	   7876.71	   8213.46	   8159.47	   7949.12	   7678.63	   7376.43	   7084.33	   6864.97	   6677.89	   6474.87	   6254.37	   6050.23	   5957.88	   5974.77	   6067.03	   6218.99	   6255.03	   6195.98	   6137.07	   5967.85	   5884.47	   5496.68	   4932.74	   4579.96	   4196.11	   3779.54	    3420.8	   3053.89	   2733.86	   2475.15	   2276.51	    2092.8	   1877.82	   1731.97	   1634.87	   1557.64	   1510.07	   1465.06	   1433.47	    1428.4	   1399.25	    1352.6	   1301.91	   1243.47	   1168.67	   1088.15	   1023.39	   965.476	    911.11	   858.234	   806.187	   756.116	   708.312	   668.387	   632.376	   599.361	   570.526	   545.371	   522.183	   500.373	    479.71	
   24.2287	   75.5166	   195.466	   482.148	   1109.26	   2237.51	   3747.62	   5225.01	    6364.3	   7163.33	   7658.88	   7877.51	   7726.08	   7420.22	   7072.28	   6739.29	   6447.09	   6255.06	    6117.2	   5972.22	   5783.81	   5587.67	   5451.93	   5394.92	    5406.7	   5517.01	   5555.03	   5549.47	   5568.01	   5490.44	   5432.51	   5236.87	   4740.83	   4438.08	   4103.13	   3728.89	   3399.91	   3056.82	   2736.13	   2481.26	   2280.62	   2114.33	   1956.72	    1777.5	   1648.27	   1561.86	   1489.39	   1444.04	   1399.02	   1367.06	   1361.32	   1332.36	   1289.68	    1244.2	   1190.71	   1120.61	   1045.73	    985.55	   931.878	   881.298	   831.683	   782.543	   734.959	   689.225	   651.221	   616.784	   585.003	   557.222	       533	   510.619	   489.513	
   23.8887	   75.2917	   196.065	   485.956	   1121.72	   2266.32	   3786.82	    5233.9	   6303.87	    7021.7	   7427.39	   7546.12	   7337.31	    6976.3	   6573.03	    6195.3	   5892.26	   5698.15	   5586.48	   5485.19	   5347.31	   5175.81	    5035.9	    4934.8	   4881.48	   4919.02	    4920.1	   4912.81	   4966.03	   4953.27	   4982.89	   4814.91	   4495.28	   4250.94	   3957.12	   3623.43	   3334.63	   3020.59	   2723.64	   2471.17	   2275.44	   2107.94	   1967.15	   1846.95	    1687.1	   1570.36	   1491.73	   1423.35	   1379.43	   1334.47	   1302.49	   1297.14	   1270.13	    1231.3	   1190.02	   1140.34	   1074.64	   1004.93	   948.959	   899.064	    851.79	   805.107	   758.615	   713.331	   669.622	   633.435	    600.51	   569.978	   543.278	   520.015	   498.473	
   23.3418	   74.1384	    193.68	   481.195	    1113.3	   2251.28	   3757.55	    5172.1	   6172.22	   6804.93	   7136.95	    7189.8	   6933.95	   6549.63	   6122.38	   5715.54	   5385.93	   5179.09	   5065.55	    4986.7	   4886.68	   4758.05	   4631.17	   4523.56	   4432.88	   4412.73	   4351.19	    4310.5	   4350.56	   4365.72	   4453.25	   4374.42	   4086.47	   3992.12	   3747.97	   3451.13	    3200.6	   2926.78	   2658.89	   2430.85	   2240.35	    2078.6	   1938.17	   1835.23	   1735.18	   1591.02	   1484.69	   1413.13	   1348.38	   1306.01	   1261.79	   1230.93	   1227.23	   1202.52	   1167.24	   1129.62	   1083.83	   1022.66	    958.26	   906.481	   860.294	   816.348	   772.672	   728.952	   686.202	   644.754	   610.548	   579.334	   550.271	   524.851	   502.715	
   22.5906	   72.2315	   188.869	   469.349	   1086.34	   2197.71	   3663.78	   5030.86	   5977.52	   6536.66	   6797.93	   6804.14	   6530.91	   6130.32	   5704.06	   5292.81	   4948.26	   4716.27	   4590.76	   4509.29	   4428.02	   4330.53	   4233.41	   4134.43	   4039.68	   3986.97	   3878.67	   3784.03	   3785.32	   3787.11	   3894.74	   3878.28	   3678.87	   3598.03	   3485.82	   3232.39	   3014.98	   2778.55	   2548.19	    2347.2	   2180.01	   2024.43	   1890.05	   1788.57	   1705.27	   1620.32	   1489.79	    1393.1	   1327.74	   1266.77	    1226.3	   1183.79	   1155.29	   1153.19	   1130.63	   1098.54	   1064.52	   1022.53	   965.986	   906.809	   859.126	   816.586	   775.937	   735.311	   694.508	    654.45	   615.456	    583.38	   554.041	    526.63	   502.649	
   21.6408	    69.611	   182.193	   452.081	   1044.99	   2111.99	   3517.24	   4820.31	   5713.77	    6227.7	   6435.05	   6398.93	   6120.86	    5728.1	   5305.45	   4908.38	   4568.05	   4322.88	   4174.26	   4081.88	   3997.57	    3914.6	    3837.6	      3762	   3675.43	   3619.32	   3487.75	   3354.54	   3301.91	   3269.64	   3358.75	   3370.77	   3237.42	   3218.24	   3115.81	   2977.87	   2796.84	    2592.7	   2395.92	   2227.76	   2084.38	   1950.04	   1822.16	    1726.5	   1644.99	   1575.92	   1503.09	   1385.16	   1297.22	    1237.7	   1180.73	   1142.67	   1102.95	   1077.03	   1076.16	   1055.56	   1026.61	   995.985	    957.68	    905.69	   851.602	   807.904	   768.897	   731.493	   693.969	   656.155	   618.898	   582.519	   552.683	   525.341	   499.718	
   20.4757	   66.3393	   173.857	       431	   993.613	    2003.6	   3330.33	   4557.45	   5393.53	   5871.22	   6056.42	   5994.21	   5709.12	   5332.59	   4931.44	   4548.08	   4225.77	    3985.5	   3824.25	   3711.66	   3617.76	   3530.71	   3460.52	   3399.61	   3333.44	   3283.62	   3155.02	   3004.36	   2913.76	    2835.7	   2888.28	   2894.21	   2798.03	   2818.51	   2770.08	   2640.95	   2556.37	   2385.99	   2217.67	    2077.4	   1961.68	   1847.87	   1738.98	    1649.4	   1573.11	   1505.93	   1447.95	   1385.31	   1278.89	   1199.21	   1145.23	   1092.52	   1057.51	    1020.9	   997.479	    997.47	    978.83	    952.87	   925.409	   890.593	   843.043	   793.852	   753.975	   718.369	   684.159	   649.722	   614.914	   580.526	   546.862	   519.326	    494.05	
   19.0999	   62.3963	   164.086	   406.713	   935.998	   1881.31	   3118.49	   4258.52	   5035.27	   5478.62	   5652.49	   5593.44	   5310.73	   4945.77	   4570.68	      4214	   3907.55	   3684.32	   3526.05	   3402.87	    3291.7	   3195.57	   3117.27	   3059.67	   3005.57	   2971.94	   2854.92	   2709.89	   2601.17	    2492.2	   2499.09	   2482.35	   2393.35	   2428.51	   2415.59	   2334.65	   2253.08	   2167.32	   2027.58	   1910.11	   1816.63	   1726.15	   1634.75	    1561.4	   1490.55	   1427.95	   1371.87	   1322.89	    1268.7	   1173.02	   1101.11	   1052.42	   1004.39	   972.545	   939.077	   918.008	   918.683	   901.934	    878.76	   854.195	   822.657	   779.371	   734.823	   698.586	   666.252	    635.13	   603.712	   571.885	   540.375	   509.464	   484.233	
   17.5393	   57.8242	   152.869	   379.805	   873.471	   1752.17	    2894.8	    3942.7	   4655.59	   5066.64	   5231.75	   5184.68	   4927.08	    4579.2	   4223.83	   3895.67	    3614.6	   3405.56	   3260.52	   3140.43	   3020.91	   2909.41	   2819.94	   2753.09	   2700.88	   2675.45	   2578.71	   2447.03	    2340.9	   2218.61	   2193.91	   2145.35	   2048.35	   2074.29	   2075.93	   2027.97	   1983.54	   1901.66	   1832.74	   1737.27	   1661.27	   1588.86	   1517.01	   1457.71	   1400.71	    1342.9	   1290.77	   1243.57	   1201.81	   1154.77	   1069.05	   1004.48	    961.03	   917.647	   888.883	   858.501	   839.729	   840.883	   825.916	   805.288	   783.342	   754.836	   715.592	   675.421	    642.65	    613.42	   585.242	   556.743	   527.825	   499.151	   470.973	
   15.8857	   52.7274	    140.35	   350.283	   807.259	    1618.3	   2669.05	   3624.68	   4272.82	   4648.94	   4806.95	   4772.67	   4545.59	   4232.07	   3899.16	   3592.57	   3337.25	   3149.06	   3014.66	   2906.35	   2790.72	   2672.02	   2566.79	   2488.64	   2427.37	   2400.96	   2317.45	   2206.96	   2110.47	   1992.86	   1952.44	   1883.08	   1768.81	   1775.21	   1771.25	   1738.87	   1718.79	   1669.85	   1603.29	   1564.85	   1505.15	   1446.66	   1389.45	   1345.62	   1300.05	   1254.05	   1206.11	   1162.26	   1122.14	   1086.28	   1045.29	   968.845	   911.351	    872.81	   833.877	   808.032	   780.722	   764.119	    765.58	    752.25	   733.918	   714.301	   688.567	   653.133	   617.066	   587.546	   561.215	   535.812	   510.091	   483.963	   458.025	
   14.2028	    47.417	   126.838	   318.571	   737.461	   1481.89	   2443.77	   3314.65	   3900.07	   4240.72	   4388.21	   4366.54	   4168.75	    3892.3	   3594.81	   3310.78	   3074.55	    2906.5	   2788.38	    2689.2	   2585.05	   2470.05	   2356.99	   2263.96	      2192	   2155.06	   2076.49	   1981.27	   1901.38	   1794.56	   1754.09	   1676.65	   1552.81	   1534.51	   1516.19	   1482.48	   1472.47	   1445.52	   1405.88	   1366.66	   1352.78	   1307.01	   1260.92	   1227.99	   1194.97	   1158.33	   1120.42	   1080.17	   1042.85	   1008.46	   977.422	   941.648	    873.94	   823.021	   788.964	   754.202	   731.166	   706.812	   692.223	   693.835	   681.982	   665.681	   648.113	   624.922	   593.061	   560.791	   534.278	    510.63	   487.809	   464.695	   441.199	
     12.62	   42.0807	   113.073	   285.304	   664.722	   1342.35	   2220.59	   3013.06	   3544.68	    3851.1	   3986.09	   3972.18	   3802.14	   3560.15	   3299.14	   3047.47	   2830.64	   2676.59	   2574.03	   2488.69	   2393.59	   2289.01	   2178.22	   2077.66	   1992.02	   1943.31	   1860.88	   1773.73	   1705.58	   1615.56	   1580.19	   1507.49	   1383.52	   1349.21	   1311.95	   1269.38	   1255.88	   1238.75	   1216.98	   1197.97	   1180.72	   1173.02	   1136.93	   1111.92	   1087.39	   1061.02	   1030.76	   998.975	   964.714	   932.643	   902.892	   875.897	   844.772	   785.084	    740.16	   710.137	   679.301	   658.901	   637.339	   624.575	   626.202	   615.651	   601.128	   585.381	   564.526	   535.976	   507.177	   483.424	   462.238	   441.797	     421.1	
   11.2507	   37.1113	   99.4902	   252.132	    590.28	   1200.51	   1997.66	   2720.57	   3205.34	   3485.27	    3607.3	   3597.68	   3449.74	   3239.62	   3011.87	   2792.65	    2602.9	   2463.05	   2370.73	    2298.4	   2216.38	   2120.12	   2017.84	   1918.84	   1826.09	   1763.22	   1675.24	   1588.22	   1525.89	   1448.52	   1423.24	   1359.24	   1245.12	   1204.22	   1155.16	   1099.44	    1076.8	   1058.04	   1044.12	   1037.94	    1035.6	   1023.95	   1019.68	   1001.66	   983.158	   963.525	   941.704	   916.146	   889.014	   859.523	   831.675	   805.787	   782.327	   755.256	   702.815	   663.288	    636.92	   609.713	   591.755	   572.773	   561.636	   563.168	   553.754	     540.8	   526.678	    507.95	   482.429	    456.78	    435.54	   416.595	   398.325	
   10.1382	   32.8417	   87.0094	   219.982	   517.452	    1058.3	   1775.48	      2434	   2881.42	   3140.55	   3255.34	   3248.01	   3117.36	   2933.29	   2735.82	   2545.81	   2382.81	   2263.63	   2181.65	   2117.65	   2047.89	   1963.56	   1868.21	   1776.39	   1684.61	   1613.54	    1517.3	   1428.45	   1365.41	   1295.54	   1276.73	   1225.38	   1123.95	   1085.67	   1032.63	   969.258	   934.366	   909.097	    893.65	   892.262	   898.817	   899.196	   890.879	   898.703	   885.495	   870.595	   854.156	    835.54	   813.477	   789.967	   764.281	   739.943	   717.404	   696.978	   673.396	   627.433	   592.769	    569.68	   545.791	   530.051	   513.414	    503.71	   505.069	   496.659	   485.097	   472.419	   455.606	   432.837	   410.024	   391.057	   374.131	
   9.20828	   29.3852	   76.3766	   190.819	   447.976	   921.345	   1556.23	   2153.09	   2568.51	   2815.16	   2926.72	   2925.47	   2808.77	   2645.81	    2473.1	   2309.34	   2170.09	   2071.41	   2005.08	   1949.49	   1887.78	   1814.75	   1729.69	   1643.75	   1557.91	    1485.9	   1385.97	   1292.36	   1227.11	   1159.03	   1142.38	   1100.22	   1014.46	   981.657	   932.381	   867.596	   825.336	   790.741	   769.852	    765.74	    774.68	   782.137	   783.708	   786.606	   795.221	   784.493	   771.831	   757.549	   741.214	   721.825	    701.15	   678.608	   657.305	   637.629	   619.781	   599.183	   559.007	    528.69	   508.523	   487.623	   473.873	   459.343	   450.888	   452.039	   444.521	   434.189	   422.783	   407.692	   387.402	   367.128	   350.197	
    8.3836	   26.5068	   67.8181	   166.215	   385.762	   792.556	    1347.9	   1879.95	   2265.68	   2504.21	   2619.25	   2626.56	   2526.11	   2380.61	   2227.91	   2085.42	   1967.17	   1886.52	   1835.39	   1792.72	   1739.07	    1673.7	    1598.4	   1521.32	   1440.35	   1371.88	   1274.07	   1179.03	   1109.23	   1041.42	   1022.33	   985.264	   911.992	   887.414	   844.286	   784.393	   740.195	   700.145	   671.494	   661.676	   666.935	   676.074	    683.44	   693.722	   697.599	   705.554	   696.259	   685.036	    672.22	   657.567	   640.246	    621.89	   602.056	   583.352	   566.106	    550.44	   532.429	   497.385	   470.929	   453.341	   435.105	   423.125	   410.464	     403.1	   404.036	   397.307	   388.053	   377.773	   364.221	   346.154	   328.134	
   7.57982	   23.9629	   60.7201	   146.498	   333.663	   678.298	   1153.85	    1622.8	   1973.69	   2205.34	   2327.01	   2348.03	    2265.4	   2138.62	   2002.47	   1877.06	   1775.52	    1710.5	   1672.32	   1642.07	   1600.35	   1542.73	   1474.01	   1405.39	   1331.98	   1266.28	    1174.2	   1082.27	   1010.85	   941.087	   918.669	   882.315	   817.726	   798.934	   764.269	   711.153	   670.382	   629.284	   596.077	   578.852	   578.161	   583.905	   592.552	    606.84	   616.864	    620.52	   627.342	   618.893	   608.594	   596.823	   583.436	   567.807	   551.457	   533.942	   517.456	   502.273	    488.49	   472.723	    442.21	   419.155	   403.827	   387.949	   377.526	   366.519	   360.109	   360.832	   354.796	   346.488	   337.201	   325.022	   308.927	
    6.7552	   21.5034	   54.4876	    130.22	   292.087	   583.199	   982.866	   1384.86	   1700.18	   1918.43	   2047.06	   2083.98	   2023.28	   1916.05	   1797.19	   1685.86	   1597.47	   1544.42	   1517.09	   1497.24	   1466.94	   1420.48	   1358.46	   1295.59	   1229.47	   1169.04	   1081.78	   995.767	   926.619	   857.154	   829.947	   793.129	   733.068	   717.192	   688.856	   644.422	   608.662	   570.943	   536.883	   515.119	   507.248	   507.709	   513.335	   527.872	    541.21	   550.161	   553.183	   558.712	   550.745	   541.082	   530.089	    517.74	   503.612	   488.996	   473.471	   458.883	   445.489	   433.339	   419.525	   392.984	   372.907	   359.554	   345.744	   336.695	   327.146	    321.56	   322.079	    316.65	   309.168	   300.756	   289.784	
   5.89392	   19.0108	   48.5321	   116.027	   257.917	   507.565	   841.149	   1175.83	   1447.83	   1650.17	   1778.78	   1831.34	   1794.33	   1709.76	    1608.7	   1511.92	    1434.2	   1390.28	   1370.73	   1359.36	   1338.61	   1302.86	    1250.6	    1193.6	   1132.47	   1077.18	   996.695	   915.593	   851.063	   785.018	   755.347	   716.429	    659.42	   643.388	   618.824	   581.248	   552.108	    519.03	   487.828	   464.762	   452.319	   446.469	   447.464	   458.648	   472.086	   483.917	   491.574	   493.798	   498.013	    490.36	   481.184	    470.85	    459.48	   446.688	   433.586	   419.782	   406.862	   395.025	   384.304	   372.185	   349.113	   331.636	   319.997	    308.02	   300.174	   291.893	   287.023	   287.349	   282.443	   275.678	   268.012	
   5.04208	   16.4404	   42.5764	   102.606	   228.294	   445.604	   728.627	   1002.44	   1226.11	   1402.67	   1527.77	   1589.16	   1575.38	   1514.77	   1434.06	   1352.26	   1285.61	   1248.85	   1234.84	   1229.29	   1216.36	   1189.65	   1146.91	   1098.45	   1042.46	   990.401	    916.39	   841.674	   780.909	   720.143	   690.953	   651.641	   595.883	   578.907	    555.36	   522.368	   498.359	   471.239	   443.942	   422.783	   408.658	   398.766	   394.248	   400.795	   411.207	   423.125	   433.338	   439.663	   441.051	   444.066	   436.678	    427.93	   418.292	   407.839	   396.248	   384.485	   372.224	   360.781	   350.334	    340.88	   330.249	   310.204	   294.997	   284.901	   274.524	   267.715	   260.546	   256.284	   256.421	   251.953	   245.768	
    4.2604	   13.9478	    36.545	   89.3937	   200.616	   392.256	   636.791	   864.646	   1042.18	   1185.43	   1296.61	   1362.98	   1365.94	    1328.7	   1269.29	   1204.43	   1149.18	   1119.78	   1109.81	   1108.13	   1100.62	   1081.39	   1046.93	   1006.79	   958.297	     909.7	   840.363	   771.744	   715.977	   659.691	   632.721	   595.335	   541.887	   522.875	   499.506	   468.587	   447.799	   425.377	   403.101	   384.782	   371.784	   360.363	   352.294	   353.541	   359.801	   369.061	   379.402	   388.052	   393.136	   393.807	   395.835	   388.714	   380.509	   371.564	   361.966	   351.457	   340.915	   330.015	   319.888	   310.664	   302.314	   292.973	   275.557	   262.389	    253.62	   244.608	   238.712	   232.489	   228.729	   228.677	   224.534	
   3.59345	   11.6975	   30.7759	   76.2011	   173.688	   342.818	   558.024	   752.129	   895.678	   1004.98	   1093.68	   1154.87	   1170.28	   1150.79	   1112.11	   1064.92	   1022.65	   1000.78	   995.175	   996.133	    992.32	   978.453	   951.139	   918.275	   877.115	   834.088	   769.472	   705.463	   654.457	   603.626	   578.305	   544.207	   494.765	   474.956	   450.688	   420.991	    401.33	   381.948	   363.674	    349.16	   338.127	   327.628	   318.199	   315.959	   317.489	   323.093	   331.148	   340.014	   347.281	   351.351	   351.503	   352.718	   346.021	   338.375	   330.089	   321.273	   311.762	   302.297	   292.606	   283.631	   275.464	   268.067	   259.844	   244.784	   233.351	   225.689	   217.874	    212.74	   207.309	   203.959	   203.675	
    3.0201	   9.80684	    25.627	   63.7313	   147.127	   295.191	   485.503	   655.932	   776.041	   860.975	   924.976	   972.278	   990.312	   984.668	   962.023	   931.944	    903.23	   890.038	   889.062	   893.021	   891.804	   881.767	   859.936	   833.389	   798.755	    761.31	   704.426	   647.189	   600.382	   553.799	   532.709	   501.396	   456.073	   437.903	    414.08	     382.9	   361.244	   344.521	   328.749	   317.154	   308.828	    299.89	   291.138	   287.343	   285.708	   287.121	    292.01	   298.989	   306.625	   312.804	    316.11	   315.829	   316.499	   310.152	   302.936	   295.158	   286.955	   278.193	   269.533	   260.735	   252.612	   245.217	   238.528	   231.229	    218.01	   207.911	   201.139	   194.275	   189.752	   184.958	    181.86	
   2.54288	   8.20538	    21.344	   52.7132	   122.284	   248.697	   416.192	    568.09	   674.143	   743.489	   790.244	   820.503	   832.476	   832.133	   822.101	   805.223	   789.546	   785.353	   790.038	    797.28	   798.954	    791.77	   774.171	   752.531	   723.595	   691.139	   640.592	   590.455	   549.023	   507.149	   487.669	   461.139	   420.162	   403.246	   381.379	    351.41	   328.287	   309.934	    296.44	   286.596	    280.39	     273.8	   266.419	   263.006	    259.98	   258.604	   259.825	   264.096	   270.202	   276.879	   282.225	   284.904	   284.405	   284.656	   278.645	   271.823	   264.512	   256.858	   248.762	   240.804	    232.77	   225.377	   218.656	   212.665	   206.112	   194.417	   185.485	   179.446	   173.395	   169.378	   165.064	
   2.14346	   6.88975	   17.7525	   43.6256	   100.528	   205.601	   349.112	   484.957	   581.754	   643.767	    680.42	     699.2	   701.274	   698.526	   693.931	   687.317	   681.468	   685.765	   696.387	   707.827	   712.614	   708.514	   694.293	   676.524	    652.14	   624.147	   579.458	   535.291	    499.51	   463.215	   445.854	   421.767	    386.69	   371.372	   351.079	   323.541	   301.252	   281.728	   266.838	   258.583	   253.506	   248.757	   243.443	   241.047	   238.378	   235.804	   234.601	    235.69	   239.499	    244.95	   250.887	    255.54	   257.793	   257.144	   257.057	   251.346	   244.871	   237.981	   230.804	   223.277	   215.909	   208.521	   201.755	   195.674	   190.223	   184.253	   173.873	   165.907	   160.507	   155.136	   151.493	
   1.80469	   5.79908	   14.8289	   36.0717	   82.7179	    168.15	   287.402	   405.182	   494.925	   553.793	   587.369	   600.281	   596.334	   587.455	   581.795	   579.559	   581.101	   591.313	   607.432	   623.305	   631.965	   631.124	   620.428	   605.831	   585.179	   560.868	     521.6	   482.958	   451.881	   421.234	   406.842	   385.561	   354.233	   341.968	   323.526	   298.015	   277.588	   258.842	   242.963	   233.152	   229.101	   225.323	   221.634	   220.875	   219.144	   216.943	   214.727	   213.711	   214.749	   218.234	   223.179	   228.493	   232.627	   234.541	   233.772	   233.406	   227.948	   221.795	   215.266	   208.494	    201.44	   194.566	   187.728	   181.534	   175.945	   170.905	   165.439	   156.154	   149.034	   144.169	   139.327	
   1.50865	   4.87882	   12.4247	     29.97	   68.0249	   137.677	   234.095	   332.213	   412.124	   469.674	   503.719	   516.539	   510.847	   498.526	   488.537	   485.383	   489.586	   503.863	   523.349	   543.244	   555.945	   558.992	   551.891	    540.61	   523.148	   502.001	   467.471	   433.869	   407.113	   381.133	   369.878	   352.054	   324.586	   313.699	   298.359	   275.034	   256.111	   239.008	   223.797	   212.834	   207.089	   204.196	   201.362	    201.84	   201.606	   200.297	   198.469	   196.591	   195.778	   196.813	   200.047	   204.561	   209.383	   213.088	   214.718	   213.854	   213.244	   208.031	   202.154	   195.933	     189.5	   182.846	   176.395	   170.043	   164.294	   159.088	   154.403	   149.355	   141.029	   134.619	   130.172	
   1.24671	   4.07566	   10.4097	    24.987	   56.2312	   112.687	   190.907	   269.432	   336.747	   389.925	   425.925	   441.567	   438.676	   426.111	    413.73	   406.988	   409.666	   424.346	   445.694	    467.77	   484.121	   491.169	   488.142	   480.238	   466.126	    447.83	   417.534	   388.272	   365.407	   343.589	   334.769	   320.449	   297.205	    288.01	   274.289	   254.184	   236.885	   221.088	   207.277	   196.632	   189.605	   185.173	   183.119	   184.138	   185.035	   185.116	   184.137	   182.644	   181.072	   180.448	   181.487	   184.501	   188.662	    193.07	    196.41	   197.802	   196.845	    196.06	   191.062	   185.427	   179.472	   173.335	   167.029	   160.946	   154.987	   149.596	    144.72	   140.336	    135.68	   128.161	   122.324	
   1.01228	   3.36465	    8.6609	   20.8362	    46.655	   92.7239	   155.641	   218.687	   272.099	   317.642	   352.609	   372.252	   374.374	   365.124	     352.8	   343.952	   343.049	   354.893	   375.178	   398.119	   416.512	   427.191	   428.305	   424.173	   413.478	   398.273	   371.849	   346.408	   326.828	   308.638	   301.967	   290.449	   271.292	   264.279	   252.432	   234.257	   219.468	   205.051	   192.331	   182.664	   175.688	   170.082	   166.631	   168.125	   169.513	   170.643	   170.953	   170.254	   169.046	   167.736	   167.267	     168.3	   171.127	   174.986	   179.038	   182.066	   183.243	   182.236	    181.31	   176.507	   171.092	    165.38	   159.509	    153.51	   147.739	   142.108	    137.03	   132.442	   128.351	   124.028	   117.171	
  0.808394	   2.72802	   7.12068	   17.2553	   38.7209	   76.5877	   127.564	   177.425	   219.986	   255.888	   286.518	   307.415	   315.221	   311.043	    301.59	   292.572	   289.317	   296.814	   313.531	   334.868	    354.13	   367.025	   371.941	   371.611	   364.662	   352.668	     330.2	   308.214	   291.469	   276.259	   271.417	   262.363	   246.543	    241.72	    232.16	   216.109	   202.758	   190.477	   178.892	   169.959	   163.642	   158.046	    153.52	   153.525	   155.339	   156.919	   158.198	   158.689	   158.217	   157.243	   156.145	   155.801	   156.823	   159.487	   163.081	   166.824	   169.574	   170.589	   169.547	   168.516	   163.898	   158.692	   153.209	   147.582	   141.857	   136.361	   131.023	   126.227	   121.919	    118.08	    114.03	
  0.635987	   2.17529	   5.75028	   14.1239	   31.9237	   63.2966	   104.975	   144.805	   177.882	   206.353	   230.398	    249.43	   260.207	   261.622	   256.458	   249.516	   245.497	    249.77	   261.855	   279.527	   297.515	   311.559	   319.025	   322.171	   318.968	   310.488	   291.961	   273.448	   259.225	   246.508	   243.064	   236.112	   223.211	    220.05	   212.756	    199.17	    187.46	     176.4	   166.594	   158.468	   152.614	   147.568	   143.025	    141.86	   142.282	   144.248	   145.939	   147.321	   147.945	   147.651	   146.864	   145.942	   145.698	   146.708	   149.224	   152.584	   156.049	   158.573	   159.454	   158.394	   157.291	   152.856	   147.856	    142.59	   137.193	   131.721	   126.478	   121.413	   116.887	   112.825	   109.198	
   0.49802	   1.70842	   4.56585	   11.3528	   26.0104	   51.9605	   86.4245	   118.751	   144.784	   166.539	   185.562	    200.45	   211.103	   215.877	   215.452	   211.759	    208.82	   211.273	   219.791	   232.985	   247.917	   261.235	   270.276	     275.8	   276.023	    271.06	   256.619	    241.54	   229.847	   219.282	   216.935	   211.638	   201.238	   199.488	   193.973	   182.819	    173.06	   163.413	   154.603	    147.87	   142.573	     137.9	   133.821	   132.469	   131.789	   132.451	   134.492	   136.248	   137.693	   138.413	   138.257	   137.624	   136.847	   136.686	   137.679	    140.06	   143.207	   146.438	   148.768	   149.542	   148.484	    147.34	   143.088	   138.288	   133.234	   128.059	   122.827	   117.826	   113.021	   108.737	   104.889	
  0.393181	   1.33544	   3.56995	   8.97077	   20.8072	   42.1472	   70.6659	   97.4965	   118.485	   135.363	   149.654	   161.415	   169.631	   175.156	   177.723	   177.678	   176.825	   179.077	   185.295	   194.977	   206.137	   217.167	    226.11	   233.145	   235.817	   234.085	   223.632	   212.065	   202.872	   194.411	   192.969	   189.001	    180.63	   180.026	   176.048	   166.885	   159.047	   151.084	   143.453	   137.443	    133.24	   129.032	   125.259	   124.164	   123.289	   122.914	    123.73	   125.803	   127.588	   129.067	   129.853	   129.809	   129.302	   128.647	   128.554	   129.527	   131.783	   134.746	   137.772	   139.939	   140.633	   139.592	   138.435	   134.366	   129.767	   124.922	   119.964	   114.963	   110.196	    105.63	   101.562	
   0.31793	   1.05251	   2.77789	   6.97889	     16.36	   33.5617	   57.0892	   79.5317	   97.1097	   110.651	   121.576	   130.194	   136.532	   140.783	   144.252	   146.526	   148.148	   151.173	   156.505	   163.806	   171.976	   180.068	   187.503	   194.602	   198.928	   199.579	    192.78	   184.582	   177.951	   171.532	   171.038	   168.179	   161.478	   161.702	   159.009	   151.601	   145.299	   138.987	   132.784	   127.679	   123.984	   120.728	   117.351	   116.374	   115.713	   115.141	    114.98	   115.899	   117.974	   119.764	   121.256	   122.089	   122.134	   121.733	   121.182	   121.146	   122.096	   124.242	   127.043	   129.892	   131.924	   132.559	   131.553	   130.404	    126.52	   122.121	   117.484	   112.738	   107.963	   103.415	   99.0669	
   0.26299	   0.84969	   2.17956	   5.40295	    12.663	   26.2655	   45.2769	    64.103	   79.0852	   90.5875	   99.3217	    105.76	    110.06	   113.311	   116.022	   118.992	   122.125	   126.394	   131.716	   137.885	   143.996	   149.763	   155.054	   161.001	     165.7	   168.023	   164.076	     158.9	   154.715	   150.361	   150.826	   149.061	   143.773	     144.6	   142.888	   137.004	   132.041	   127.039	   122.235	   118.263	   115.254	   112.424	   109.886	   109.122	   108.549	   108.161	   107.804	   107.802	    108.79	   110.844	   112.622	   114.112	   114.978	   115.096	   114.785	   114.323	   114.335	   115.267	   117.315	   119.973	    122.67	    124.59	   125.188	   124.229	   123.107	    119.41	   115.212	    110.78	   106.242	   101.681	   97.3388	
  0.219874	  0.701885	   1.75243	   4.21899	   9.75588	   20.2393	   35.3005	   50.7307	   63.6512	   73.7082	   81.2721	   86.3925	   89.3604	   91.3521	    93.435	   95.7927	   99.2266	   104.111	   109.883	   115.711	   120.804	   124.998	    128.58	   132.816	   136.809	   139.691	     137.9	   135.038	   133.016	   130.607	   132.102	   131.402	   127.455	   128.737	   127.785	   123.144	   119.332	   115.467	   111.761	   108.896	   106.782	   104.544	    102.37	   102.227	   101.836	   101.515	   101.318	   101.125	   101.244	   102.273	   104.293	   106.047	   107.526	   108.412	   108.591	   108.359	   107.976	   108.032	   108.948	    110.91	   113.444	   116.009	   117.839	   118.416	   117.515	   116.436	   112.925	   108.925	   104.695	   100.359	   96.0016	
  0.182934	  0.585963	   1.44199	   3.37672	   7.58161	   15.5235	   27.1012	    39.453	   50.2917	   59.2629	   66.0883	   70.6677	   72.9819	   74.1795	   75.3715	   77.1922	   79.9457	   84.5994	   90.3994	   96.3196	    101.07	    104.54	   106.984	   109.846	   112.613	   115.117	   114.463	   113.312	   112.883	   112.168	   114.636	   115.029	    112.35	   114.091	   113.751	   110.119	   107.227	   104.341	   101.582	   99.5618	   98.3177	     96.86	   95.2029	   95.2482	    95.419	   95.2589	   95.1153	   95.0631	   94.9964	   95.2065	    96.259	   98.2354	   99.9569	   101.417	   102.317	   102.546	   102.383	   102.073	   102.171	   103.076	   104.962	   107.386	   109.839	   111.595	   112.163	   111.329	   110.304	   106.977	   103.173	   99.1392	   94.9976	
  0.149355	  0.486823	   1.19923	   2.76636	   6.04005	    12.011	   20.7119	   30.2048	    39.045	   46.7842	   53.1136	   57.4564	   59.7233	     60.61	   61.2354	   62.3031	   64.4525	   68.1804	   73.4075	   79.1192	   83.9079	   87.2022	   89.1815	    91.128	   92.9011	   94.5559	   94.1625	   93.8873	   94.5711	     95.07	   98.3382	   99.7426	   98.3131	    100.51	   100.765	   97.9862	   95.8149	   93.7092	   91.7693	   90.4657	   89.8583	   89.1545	   88.1847	   88.5641	   88.8961	   89.2516	   89.2524	   89.2428	   89.3017	   89.3327	   89.6125	   90.6756	   92.6015	   94.2853	   95.7213	   96.6285	   96.9018	   96.8019	     96.56	   96.6982	   97.5934	   99.4128	   101.739	   104.093	   105.788	   106.358	   105.595	   104.632	   101.486	   97.8728	   94.0291	
  0.118389	  0.396972	  0.992455	   2.29066	   4.92619	   9.52775	   15.9687	   23.0188	   29.8508	   36.3083	   41.9428	   46.2028	   48.6246	   49.6528	   50.0721	   50.6376	   52.0347	   54.9482	   59.1159	   64.1626	   68.7623	   72.1866	   74.1417	   75.7181	   76.8406	   77.7991	   77.1766	   77.0785	   78.2164	   79.5225	   83.2278	   85.4669	   85.1825	   87.8646	   88.6922	   86.7324	   85.1635	   83.6599	   82.3691	   81.6725	   81.5913	   81.4285	    81.118	   81.9864	   82.6163	   83.1143	   83.5912	   83.7128	   83.8063	     83.95	   84.0576	   84.3915	   85.4546	   87.3255	   88.9674	   90.3757	   91.2856	   91.5978	    91.556	   91.3776	   91.5541	   92.4417	   94.2004	   96.4381	   98.7026	   100.346	   100.923	   100.233	   99.3354	   96.3671	   92.9391	
 0.0937661	  0.314447	  0.806027	   1.88726	   4.06103	   7.73793	   12.6216	   17.6999	   22.7269	   27.7715	   32.5931	   36.5512	   39.1972	   40.5117	   41.0765	   41.4306	   42.2916	   44.3163	   47.5697	   51.5824	   55.6306	    58.986	   61.1606	   62.7243	   63.6248	    64.143	   63.3232	   63.0289	   64.0845	   65.6567	   69.5057	   72.2432	   72.9197	    76.039	   77.4504	   76.2548	   75.2695	   74.2679	   73.4688	   73.2353	   73.5849	   73.8621	   74.0154	   75.3414	   76.4109	   77.1791	   77.7839	   78.3466	   78.5601	   78.7317	   78.9405	   79.1091	   79.4837	   80.5388	   82.3512	   83.9478	   85.3249	   86.2339	   86.5805	   86.5918	   86.4721	   86.6838	   87.5641	   89.2651	   91.4197	   93.6016	   95.1975	   95.7844	   95.1675	   94.3367	   91.5405	
 0.0736246	  0.248941	  0.635767	    1.5255	   3.33053	   6.35191	   10.2126	   13.9502	   17.4599	   21.1645	   24.9869	   28.4865	   31.1272	   32.7683	   33.5977	   34.0304	   34.6067	   35.9574	   38.2829	   41.4024	   44.6004	   47.5748	   49.7958	   51.5437	   52.5033	   52.9136	   52.0324	   51.5803	   52.2862	   53.6919	   57.2892	   60.2479	   61.5687	   65.0066	   66.9452	    66.497	   66.0455	   65.5286	   65.1452	   65.2428	   65.8989	   66.5284	   67.0522	   68.6549	   70.1301	   71.2981	   72.1497	   72.8277	   73.4507	   73.7325	   73.9636	   74.2228	   74.4387	   74.8436	   75.8843	   77.6351	   79.1832	   80.5264	   81.4307	   81.8065	   81.8655	   81.7989	    82.042	    82.913	   84.5574	   86.6318	   88.7339	   90.2843	   90.8807	   90.3344	   89.5702	
 0.0557505	  0.195428	  0.501132	   1.19703	   2.67886	   5.18659	   8.35183	   11.2558	   13.7454	   16.2797	    19.101	    21.931	   24.3805	   26.1477	   27.2778	   27.9003	   28.4447	    29.367	    30.977	   33.2129	   35.6757	   38.0084	   40.0068	   41.7955	   42.9651	   43.4833	    42.754	   42.2587	   42.6755	   43.7064	   46.7556	   49.5753	   51.2709	   54.7977	   57.1433	    57.383	   57.4576	   57.3706	   57.3927	   57.7594	    58.609	   59.4775	   60.2893	   62.0829	   63.7909	   65.3205	   66.5351	   67.4371	   68.1622	    68.822	    69.152	   69.4259	   69.7204	   69.9708	   70.3951	   71.4128	   73.0962	   74.5901	   75.8935	    76.787	   77.1853	    77.285	   77.2654	   77.5346	   78.3928	   79.9789	   81.9717	   83.9932	   85.4967	   86.1006	   85.6221	
 0.0419616	  0.148068	  0.391631	   0.93837	   2.09073	   4.15277	   6.79435	   9.18154	   11.0757	   12.8261	   14.7411	   16.8496	    18.885	   20.6043	   21.8783	   22.7331	   23.3586	   24.1011	   25.2277	   26.7748	   28.5076	   30.2794	   31.8266	   33.4353	   34.6897	   35.4281	   34.9844	   34.6111	    34.857	   35.5732	   37.9676	   40.3772	   42.1119	   45.5409	   48.0767	   48.8815	   49.4434	    49.777	   50.1505	   50.7831	   51.7775	   52.7848	   53.7822	   55.6943	   57.5536	   59.2815	   60.8196	   62.0517	   62.9804	   63.7308	   64.4095	    64.772	   65.0746	   65.3927	   65.6669	   66.1012	   67.0889	   68.6997	   70.1343	   71.3928	   72.2697	   72.6842	   72.8184	   72.8397	     73.13	    73.972	   75.4973	   77.4068	   79.3459	   80.8009	   81.4096	
 0.0312365	  0.111489	  0.295336	  0.729072	   1.62953	    3.2256	   5.42088	   7.45463	   9.02513	   10.3386	   11.6452	    13.072	   14.6073	   16.0746	   17.3482	   18.3218	   19.0834	   19.7801	   20.6541	   21.7235	   22.8854	   24.0895	   25.2366	   26.4778	   27.6287	   28.4786	   28.3795	   28.2245	   28.4536	    28.963	   30.8126	   32.7069	   34.2236	   37.3191	   39.8649	   41.0257	   41.9791	   42.6994	   43.4095	    44.268	   45.4112	   46.5165	   47.6115	   49.5555	   51.4992	   53.3498	   55.0589	   56.5823	   57.8134	   58.7512	   59.5123	   60.1983	   60.5825	   60.9051	   61.2392	   61.5304	   61.9691	   62.9233	   64.4604	   65.8342	   67.0456	   67.9027	   68.3289	   68.4925	   68.5496	    68.857	   69.6799	   71.1433	   72.9691	   74.8257	   76.2304	
 0.0229508	 0.0829629	  0.221323	  0.546377	   1.25831	   2.50131	   4.19737	      5.94	   7.32496	   8.42831	   9.40482	   10.3711	   11.4087	     12.53	   13.6331	   14.6134	    15.438	   16.1698	   16.9251	   17.7259	   18.4919	   19.2512	   19.9812	   20.8947	   21.7812	   22.5834	   22.7165	   22.8139	   23.1205	   23.5587	   25.0037	   26.4642	   27.6489	    30.248	   32.5839	   33.9231	   35.1004	   36.1214	   37.1325	   38.2084	    39.471	   40.6789	   41.8358	   43.7394	   45.6872	   47.5969	   49.4051	   51.0755	   52.5691	   53.7838	   54.7171	   55.4778	   56.1616	   56.5591	   56.8947	   57.2389	   57.5413	   57.9797	   58.8979	   60.3606	   61.6722	   62.8346	   63.6685	    64.102	     64.29	   64.3783	   64.6991	   65.5006	   66.9008	    68.642	   70.4145	
 0.0144135	 0.0608522	  0.163931	  0.406932	  0.936982	   1.92152	    3.2451	   4.59779	   5.84174	   6.84957	   7.68153	   8.40332	   9.10465	   9.86188	   10.7094	   11.5606	    12.369	   13.1028	   13.8262	   14.4858	   15.0315	   15.4853	   15.8905	   16.4623	   17.1078	   17.7256	     17.94	   18.1933	   18.6178	   19.0701	   20.2629	   21.4011	   22.2999	   24.3613	   26.3326	   27.6399	   28.9009	    30.078	   31.3094	   32.5751	    33.954	     35.24	   36.4638	    38.303	   40.1891	   42.0834	   43.9302	   45.6793	   47.2989	   48.7496	   49.9359	   50.8542	   51.6052	   52.2797	   52.6839	   53.0268	   53.3759	   53.6851	   54.1197	        55	   56.3875	   57.6354	   58.7465	   59.5539	   59.9902	   60.1986	   60.3139	   60.6446	    61.422	   62.7571	   64.4114	
0.00873314	 0.0383671	  0.119685	  0.299603	  0.693419	   1.42361	   2.48595	   3.55198	   4.53362	   5.47885	   6.26043	    6.8852	    7.4166	    7.9253	   8.49463	   9.14577	   9.83604	   10.5232	    11.204	   11.8083	   12.2424	   12.5335	   12.7223	   13.0275	   13.4142	   13.8588	    14.023	   14.3109	   14.7888	   15.2948	   16.3372	   17.2771	   17.9673	    19.578	   21.1372	   22.2585	   23.4386	   24.6519	   25.9747	   27.3631	   28.8375	   30.1994	   31.4694	   33.2569	   35.0605	   36.8793	   38.6954	   40.4656	   42.1459	   43.7034	   45.1005	   46.2488	   47.1433	   47.8778	   48.5372	   48.9429	   49.2882	   49.6381	   49.9504	   50.3783	   51.2186	   52.5301	   53.7125	   54.7696	   55.5472	   55.9829	   56.2077	   56.3461	   56.6829	   57.4328	   58.6993	
0.00512661	 0.0233588	 0.0752138	  0.217495	  0.507398	   1.04832	   1.83844	   2.71871	   3.51253	   4.27715	   5.03393	   5.63712	   6.11388	   6.49905	   6.87669	   7.30689	   7.82531	   8.39302	   9.00326	   9.55377	   9.95088	   10.1681	   10.2528	   10.3804	   10.5642	   10.8161	   10.9171	   11.1382	   11.5848	    12.099	   13.0483	   13.8728	   14.4461	   15.7109	   16.9227	   17.7967	   18.7795	   19.8923	   21.2007	   22.6049	   24.1196	   25.5388	   26.8534	   28.5787	    30.312	   32.0371	   33.7679	   35.4949	   37.1808	   38.7826	   40.2684	   41.6033	   42.7054	   43.5698	   44.2822	    44.922	   45.3243	   45.6682	   46.0155	   46.3278	   46.7456	   47.5439	   48.7779	   49.8928	   50.8936	   51.6389	   52.0707	   52.3082	   52.4651	   52.8034	   53.5211	
0.00290943	 0.0137849	  0.045703	  0.135958	  0.366213	  0.763386	   1.35147	   2.01117	    2.6976	   3.33562	   3.96457	   4.56599	   5.04681	   5.39756	   5.67996	   5.95718	   6.28881	   6.69997	   7.18798	   7.66903	   8.03205	    8.2367	   8.28653	   8.32889	   8.37824	     8.478	   8.48338	    8.6302	   8.97626	   9.43638	    10.277	   11.0319	   11.5488	   12.5761	    13.523	   14.1854	   14.9314	   15.8513	   17.0302	   18.3641	   19.8303	   21.2579	   22.6003	   24.2691	   25.9241	   27.5675	   29.1971	   30.8309	   32.4626	    34.056	   35.5705	   36.9768	   38.2426	   39.2931	   40.1219	   40.8078	   41.4239	   41.8191	   42.1581	   42.4998	   42.8085	   43.2133	    43.967	   45.1221	   46.1678	   47.1109	   47.8218	   48.2465	   48.4922	   48.6626	   48.9971	
0.00159333	0.00786812	 0.0269533	 0.0822601	  0.227703	  0.548242	  0.982081	    1.4787	   2.00826	   2.58226	   3.12323	   3.63759	    4.1336	   4.49588	   4.75359	   4.95482	   5.15727	   5.40497	   5.74578	   6.11844	   6.43471	   6.62862	   6.69073	   6.70507	   6.69276	   6.69233	   6.62011	   6.67223	   6.92073	   7.27672	    7.9779	   8.64894	   9.14053	   10.0054	   10.7745	   11.2801	    11.828	   12.5281	   13.5039	   14.6763	   16.0248	   17.3837	   18.7105	   20.3145	   21.8971	   23.4526	   24.9925	   26.5194	   28.0512	   29.5801	   31.0733	   32.4939	   33.8149	   35.0072	   36.0015	   36.7909	   37.4461	   38.0351	   38.4196	   38.7507	   39.0835	   39.3854	   39.7737	   40.4805	   41.5557	   42.5316	   43.4161	   44.0905	   44.5044	   44.7539	   44.9325	
0.00084064	0.00433629	   0.01539	 0.0483454	  0.137115	  0.339826	  0.703074	    1.0753	   1.48711	   1.94643	   2.44734	   2.90346	   3.33977	   3.72237	   3.99258	   4.17529	    4.3133	   4.45156	   4.64321	   4.88865	   5.12429	   5.29592	   5.36896	   5.39468	   5.36594	   5.32179	   5.20255	   5.17829	   5.32175	   5.58002	   6.11964	   6.67985	   7.12929	     7.877	   8.52817	   8.93834	   9.34096	   9.85869	   10.6153	   11.5724	   12.7321	   13.9634	   15.2076	    16.715	   18.2179	   19.6914	   21.1371	    22.568	   23.9874	   25.4101	   26.8298	   28.2176	   29.5402	   30.7726	   31.8882	   32.8233	   33.5692	   34.1902	   34.7489	   35.1194	   35.4391	   35.7602	    36.052	   36.4208	    37.079	   38.0746	   38.9803	   39.8053	   40.4415	   40.8415	   41.0904	
0.000426539	0.00230479	0.00848783	 0.0275151	 0.0802029	  0.203983	  0.436423	  0.771092	   1.08993	   1.46066	   1.87577	   2.30926	   2.70005	   3.04406	   3.33468	   3.52975	   3.65206	   3.74076	   3.83262	   3.94963	   4.08666	   4.20583	   4.27762	   4.31439	   4.30066	   4.24809	   4.11878	   4.04555	   4.10553	   4.26448	   4.66363	   5.09359	   5.47402	   6.10736	   6.67545	   7.03135	   7.34452	   7.72795	   8.30278	   9.04003	   9.97361	   11.0187	   12.1305	   13.4905	   14.8862	   16.2714	   17.6284	   18.9594	   20.2764	   21.5811	   22.8892	   24.1967	   25.4773	      26.7	   27.8426	   28.8796	   29.7518	   30.4505	   31.0343	   31.5596	   31.9124	   32.2189	   32.5258	   32.8043	   33.1515	   33.7613	    34.677	    35.513	   36.2793	   36.8766	   37.2597	
0.000207731	0.00117884	0.00450988	 0.0151093	 0.0453766	  0.118776	   0.26202	  0.485177	  0.787042	   1.08402	   1.43016	   1.80146	   2.16945	    2.4842	   2.74943	   2.96409	   3.09713	    3.1817	    3.2276	   3.25917	   3.29385	   3.34327	   3.38601	   3.42457	   3.42557	   3.38935	   3.27259	   3.18182	   3.18561	   3.26613	   3.53766	   3.85355	   4.14495	   4.65704	   5.14191	   5.46509	   5.72634	   6.02416	   6.46238	   7.01891	   7.73163	   8.56292	   9.49504	   10.6732	   11.9181	   13.1906	   14.4528	   15.6884	   16.8993	   18.0943	   19.2804	   20.4737	   21.6699	   22.8428	   23.9662	   25.0181	   25.9733	   26.7788	   27.4277	   27.9701	   28.4584	   28.7929	   29.0843	   29.3738	   29.6374	    29.963	   30.5222	   31.3598	     32.13	   32.8398	   33.3966	
9.68918e-05	0.000585727	0.00230419	0.00798455	 0.0247389	 0.0667977	  0.152331	  0.296716	  0.506457	  0.790713	   1.07602	   1.39508	   1.70754	    2.0087	   2.25548	   2.45314	   2.60347	   2.70831	   2.74907	   2.74217	   2.70972	    2.6838	   2.68052	   2.69849	   2.70679	   2.68657	   2.59804	   2.50926	   2.48569	   2.51251	   2.68488	   2.89719	   3.10878	   3.49715	   3.89084	   4.17525	   4.40473	   4.64918	   4.99465	   5.41469	   5.94779	   6.57483	   7.30791	   8.27421	   9.34054	   10.4626	   11.6078	   12.7417	     13.85	   14.9324	   16.0043	   17.0751	   18.1574	   19.2427	   20.3108	   21.3352	   22.2928	   23.1625	   23.8998	   24.4938	   24.9914	   25.4442	   25.7595	   26.0322	   26.3033	   26.5523	   26.8514	   27.3623	   28.1294	   28.8386	   29.4912	
4.31807e-05	0.000277524	 0.0011517	 0.0040505	 0.0129571	 0.0361376	 0.0853819	  0.176674	  0.317739	  0.522488	   0.79327	   1.06336	     1.329	   1.58914	   1.82878	   2.01519	   2.15253	   2.28257	   2.34057	   2.33089	   2.27094	   2.19769	   2.14129	   2.12472	   2.12207	   2.11174	   2.04833	   1.97521	   1.94249	   1.94069	   2.04287	     2.175	    2.3128	   2.59657	   2.89522	    3.1291	   3.32438	    3.5327	   3.81447	   4.13959	   4.53716	   4.99972	   5.54671	    6.2961	   7.16116	   8.11025	   9.10614	   10.1188	   11.1197	   12.0942	   13.0509	   14.0073	   14.9695	    15.942	   16.9215	   17.8858	   18.8074	   19.6677	   20.4522	   21.1161	   21.6526	   22.1096	   22.5275	   22.8189	   23.0726	   23.3266	   23.5536	   23.8293	   24.3026	   25.0062	   25.6534	
1.83435e-05	0.000126533	0.000547384	0.00202602	0.00651103	 0.0187687	 0.0460072	  0.102123	  0.194552	  0.336802	  0.537568	  0.791862	   1.01558	   1.24024	   1.44974	   1.63389	   1.76397	   1.88968	   1.97064	   1.97829	   1.92125	   1.83278	   1.74455	   1.68704	    1.6616	   1.64625	   1.60082	   1.54267	   1.51353	   1.49931	   1.55815	   1.63399	   1.71486	   1.90895	   2.12667	   2.30241	   2.45629	   2.62808	   2.86243	   3.12096	   3.42333	   3.76292	   4.16167	    4.7163	    5.3801	   6.13979	   6.96904	   7.83472	   8.71424	    9.5802	   10.4289	    11.272	   12.1223	    12.978	   13.8477	   14.7231	   15.5804	   16.3977	   17.1638	   17.8596	     18.45	   18.9366	   19.3547	   19.7333	   20.0018	   20.2385	    20.466	   20.6758	   20.9412	   21.3835	   22.0219	
7.41169e-06	5.58582e-05	0.000253318	0.000963986	0.00326021	0.00936973	 0.0238419	  0.057258	  0.116028	  0.211862	  0.355182	  0.548599	  0.758014	  0.950281	   1.13365	   1.29611	   1.42769	   1.54999	    1.6289	   1.66019	   1.62353	   1.54392	   1.44891	   1.36689	   1.31239	   1.28198	   1.24084	   1.19405	   1.16969	   1.15447	   1.18793	   1.22941	   1.27093	   1.39685	   1.54491	   1.66998	    1.7785	   1.91032	   2.09984	   2.30907	   2.54445	   2.79849	   3.08733	   3.48856	   3.97442	   4.54911	   5.20201	   5.91069	   6.65191	   7.40303	   8.14783	   8.88654	   9.62763	   10.3755	   11.1331	   11.9028	   12.6728	   13.4246	   14.1443	   14.8159	   15.4269	   15.9552	   16.3955	   16.7713	   17.1136	   17.3621	   17.5721	   17.7802	   17.9873	   18.2475	   18.6544	
2.84343e-06	2.40071e-05	0.000115981	0.00045173	0.00155565	0.00471107	 0.0119242	 0.0311907	 0.0674036	  0.129876	  0.228903	  0.370344	  0.532512	  0.712936	  0.872563	   1.01689	   1.13416	   1.25656	   1.33606	   1.36987	   1.35966	    1.3021	   1.21878	   1.13157	   1.05978	   1.00837	  0.961764	  0.917748	  0.896895	  0.882878	  0.903763	  0.925497	   0.94377	   1.02159	   1.11671	   1.19729	   1.26776	   1.35914	   1.50454	   1.67048	   1.85706	   2.05205	   2.26484	   2.55235	   2.89903	   3.31325	   3.79918	   4.34896	   4.94956	   5.57813	   6.21893	   6.86027	   7.50204	   8.14697	   8.80205	   9.46614	   10.1375	   10.8074	   11.4639	   12.0905	    12.676	   13.2168	   13.6892	   14.0823	   14.4205	   14.7313	   14.9519	   15.1438	   15.3472	   15.5551	   15.8028	
1.03467e-06	1.01375e-05	5.35811e-05	0.000213303	0.000739898	0.00226495	0.00606595	 0.0165546	 0.0382112	 0.0776409	  0.143853	  0.243796	  0.366061	   0.50865	  0.660581	  0.788965	  0.896058	   1.00093	   1.08575	   1.12584	   1.12366	   1.09225	   1.03039	  0.952166	  0.877163	  0.813017	  0.754495	  0.707258	  0.684704	  0.671923	  0.685041	  0.697317	  0.702857	  0.749753	  0.807567	  0.854595	   0.89309	  0.951821	   1.05613	   1.18263	   1.32874	   1.48206	   1.64287	   1.85074	   2.09463	   2.38501	   2.72985	   3.13465	   3.59867	    4.1082	   4.64343	   5.19111	    5.7422	   6.29541	   6.85428	   7.42307	   7.99905	   8.58096	   9.16328	   9.73349	   10.2788	   10.7936	   11.2726	   11.6918	   12.0438	   12.3496	   12.6256	   12.8272	   13.0132	   13.2136	   13.4142	
3.57082e-07	4.23594e-06	2.53776e-05	0.000103514	0.000358845	0.00109402	0.00296448	 0.0088174	 0.0211565	 0.0453122	 0.0882164	  0.156467	  0.246522	  0.356607	  0.479159	  0.604944	  0.704181	  0.793721	  0.867643	  0.919364	  0.928766	  0.906559	  0.868875	  0.807401	  0.739419	  0.672945	  0.607447	  0.552955	  0.525304	  0.510603	  0.518487	  0.525326	  0.525482	  0.553063	  0.586934	  0.610877	  0.626407	  0.658883	  0.730688	  0.822486	  0.933759	   1.05396	    1.1787	   1.33145	   1.50322	   1.70303	   1.94095	   2.22639	   2.56897	   2.96597	   3.40164	   3.85744	   4.32353	   4.79451	   5.26835	   5.74885	   6.23979	   6.73834	   7.24293	   7.74924	   8.24628	   8.72325	   9.17587	   9.59867	   9.97107	   10.2863	   10.5602	   10.8094	   10.9987	   11.1768	   11.3661	
1.17002e-07	1.70105e-06	1.19673e-05	5.10073e-05	0.000177499	0.000535679	 0.0014513	0.00448931	 0.0115982	 0.0257742	 0.0527514	 0.0978087	  0.162353	  0.245416	  0.342072	  0.445465	  0.548595	  0.624703	   0.68894	  0.736771	   0.76281	  0.752397	  0.723713	  0.681524	   0.62621	  0.565278	   0.50029	  0.442874	   0.40817	  0.389644	  0.391902	  0.395494	  0.393056	   0.40959	  0.428578	  0.438462	    0.4392	  0.453351	    0.4996	  0.564507	  0.646209	  0.738686	  0.835496	  0.949669	    1.0713	   1.20768	   1.36813	   1.56413	   1.80762	   2.10517	   2.44756	   2.81794	   3.20218	    3.5967	   3.99421	   4.39609	   4.80774	   5.23114	   5.66139	   6.10016	   6.54174	   6.97306	   7.38771	   7.78409	   8.15501	   8.48249	   8.76434	   9.00953	   9.23122	   9.40137	   9.56271	
4.30376e-08	1.62431e-06	1.14308e-05	5.11369e-05	0.000184405	0.000560319	0.00151858	0.00470734	 0.0132503	 0.0324342	 0.0725074	  0.145957	   0.27282	  0.458024	  0.701414	  0.993235	    1.3314	   1.58822	    1.8243	    2.0441	   2.22739	   2.30862	   2.30014	   2.19462	   2.01228	   1.79059	   1.55074	   1.34035	   1.19665	   1.10256	   1.07102	   1.04862	    1.0109	   1.01468	   1.01792	  0.989668	  0.924685	  0.898216	   0.95899	   1.07517	   1.24498	   1.45915	    1.6931	   1.95323	   2.19858	   2.44269	   2.71687	   3.06673	   3.54148	   4.18756	   5.00233	   5.94687	   6.97557	   8.07564	   9.20825	   10.3693	   11.5871	   12.8797	    14.231	   15.6619	   17.1641	   18.6669	   20.1394	   21.5948	   23.0047	   24.3352	   25.6342	   26.8319	   27.8173	   28.5778	   29.1699	
         	         	         	         	         	         	         	         	         	         	         	         	         	         	         	         	         	         	         	         	         	         	         	         	         	         	         	         	         	         	         	         	         	         	         	         	         	         	         	         	         	         	         	         	         	         	         	         	         	         	         	         	         	         	         	         	         	         	         	         	         	         	         	         	         	         	         	         	         	         	         	
         	         	         	         	         	         	         	         	         	         	         	         	         	         	         	         	         	         	         	         	         	         	         	         	         	         	         	         	         	         	         	         	         	         	         	         	         	         	         	         	         	         	         	         	         	         	         	         	         	         	         	         	         	         	         	         	         	         	         	         	         	         	         	         	         	         	         	         	         	         	         	
0.000257523	0.000622361	0.00138523	0.00316527	0.00720642	 0.0154766	 0.0302753	  0.051994	 0.0797914	  0.112075	  0.146816	  0.180433	  0.212618	  0.235342	  0.246274	   0.24484	  0.238963	  0.222705	  0.208235	  0.196839	  0.188904	  0.184011	  0.183999	  0.183763	  0.183648	  0.183543	  0.183535	  0.189174	  0.189902	  0.192818	   0.20496	  0.208415	     0.205	  0.201249	  0.188878	  0.170846	  0.152774	   0.13523	  0.120521	  0.106707	 0.0932966	 0.0815496	 0.0712192	 0.0630598	 0.0565643	  0.050805	 0.0456488	 0.0410775	 0.0370315	 0.0337986	 0.0309714	 0.0284741	 0.0263841	 0.0246306	 0.0230836	 0.0216951	 0.0204387	 0.0192919	 0.0182386	  0.017259	 0.0163407	 0.0154743	 0.0146531	 0.0138728	  0.013128	 0.0124169	 0.0117374	 0.0110871	 0.0104644	0.00986879	 0.0093004	
 0.0126283	  0.030168	 0.0662546	  0.150552	  0.344612	  0.751089	   1.48685	   2.58588	   3.97812	   5.55437	   7.17938	   8.71815	    10.097	   11.1722	   11.6961	   11.6525	   11.1303	   10.4944	   9.61563	   8.89736	   8.35121	   7.97162	   7.73388	   7.66375	   7.50348	   7.32663	    7.2708	   7.33236	   7.46525	    7.3309	   7.45547	   7.80899	   7.75587	   7.78554	   7.55271	   7.08378	   6.52227	   5.82071	   5.14501	   4.58596	    4.0753	   3.56927	   3.12783	   2.76774	   2.46773	   2.22364	    2.0042	   1.80615	   1.62856	   1.47018	   1.34214	   1.22996	   1.13128	   1.04853	  0.978892	  0.917217	  0.861874	   0.81185	  0.766322	  0.724591	  0.685837	  0.649582	  0.615453	  0.583161	  0.552517	  0.523286	  0.495384	  0.468711	   0.44317	  0.418693	   0.39526	
  0.172967	  0.411018	  0.895159	   2.01299	   4.58366	   10.0138	   19.9923	   35.1136	   54.4336	   76.1454	   98.0712	   117.992	   135.259	   147.696	    154.68	    154.29	   147.841	   136.927	   127.163	   116.126	   107.452	   100.921	   96.5714	   93.2089	   90.7726	   86.8972	   83.8392	   83.4758	   83.2213	   83.1965	    81.536	   81.3465	   83.0127	   83.5678	   82.6399	   79.7695	   75.9214	   69.5902	   62.0707	   54.9652	   49.2551	   43.8975	   38.5756	   34.2285	   30.4879	   27.2994	   24.6798	   22.3074	   20.1439	   18.1931	   16.4419	   15.0204	   13.7815	    12.691	   11.7721	   10.9932	   10.3026	    9.6828	   9.12349	   8.61493	   8.14898	   7.71671	   7.31288	   6.93316	   6.57423	   6.23375	   5.90895	   5.59874	   5.30194	   5.01753	   4.74474	
   1.22261	   2.90254	   6.30263	   14.0902	   31.7837	   68.9222	    137.23	   241.776	    375.97	   527.785	   680.797	   818.063	    931.73	   1009.45	   1049.54	   1048.97	   1007.72	   936.337	   858.099	   795.235	   729.801	   678.929	   642.589	   613.985	   583.404	   558.939	   527.103	   507.639	   500.553	   491.065	   487.871	     467.8	   455.506	    470.33	   465.348	   455.661	   445.108	   420.978	   385.137	   344.349	   306.976	   276.198	   247.031	   219.706	   196.177	   175.518	   157.644	   142.903	   129.433	   117.057	   105.839	   95.8125	   87.6955	   80.6156	   74.3636	   69.0509	   64.5276	   60.5105	   56.9074	    53.655	   50.6953	   47.9842	   45.4702	   43.1225	   40.9158	   38.8301	   36.8505	   34.9603	   33.1528	   31.4217	   29.7612	
   5.22269	   12.3661	   26.9147	   60.0697	   134.743	   289.503	   571.776	   1002.65	   1555.53	   2181.43	   2816.94	   3391.89	   3863.15	   4180.45	   4321.72	   4321.74	   4170.38	   3890.84	   3582.75	   3289.74	   3064.13	   2836.44	   2668.91	   2529.73	   2385.65	    2234.2	    2118.7	   1986.85	   1897.99	   1848.53	   1796.26	   1740.13	   1631.14	   1607.56	   1633.25	   1592.06	   1572.99	    1525.5	   1440.62	   1319.87	   1188.41	   1064.92	   961.942	   869.797	   778.393	   698.185	   626.829	   564.368	   512.612	   464.973	   420.824	   381.068	   345.978	   317.457	   292.482	   270.285	   251.329	   235.114	   220.704	   207.761	   196.054	   185.392	   175.625	   166.564	   158.101	   150.144	   142.616	   135.461	   128.617	   122.064	   115.781	
   13.9382	   33.1302	    72.452	   162.346	   363.575	   776.275	   1518.45	   2638.01	   4055.84	   5642.91	   7249.25	   8717.45	   9931.07	   10785.5	   11191.9	   11145.9	   10853.6	   10201.7	   9451.87	   8731.36	      8084	   7589.36	    7123.5	   6727.97	   6308.88	   5874.32	   5449.57	   5148.06	   4796.67	   4535.84	   4377.16	   4142.75	   3922.02	   3724.17	   3621.21	   3622.12	   3555.27	    3488.4	   3381.57	    3200.3	   2946.06	   2664.45	   2397.38	    2187.4	   1988.09	   1787.55	   1609.24	   1448.85	   1306.69	   1188.42	   1078.63	    977.31	   887.481	   808.624	   744.041	   687.054	   636.296	   592.732	   555.329	   521.998	    491.96	   464.735	   439.916	   417.159	   396.026	   376.269	   357.669	    340.04	   323.243	    307.15	   291.716	
   24.9687	   59.8142	   131.624	   297.239	   667.405	   1418.46	   2746.75	   4714.74	      7149	   9801.46	   12415.1	     14786	   16732.8	   18197.2	   19011.1	   19089.3	     18527	   17729.3	   16589.4	   15443.1	     14393	   13466.6	   12805.8	   12088.1	   11319.4	   10487.8	   9698.59	   9120.99	   8641.53	   7991.47	   7487.12	   7058.53	   6535.05	   6265.18	   5893.17	   5650.14	   5689.58	    5556.8	   5448.75	   5298.58	   5032.45	   4635.04	   4200.16	   3810.88	   3488.87	   3181.32	   2871.14	    2591.9	    2336.1	   2106.52	   1914.59	   1738.05	   1577.61	   1436.54	   1313.09	   1210.74	   1120.25	   1039.55	   970.047	   910.004	   856.261	   807.697	   763.605	   723.351	   686.407	   652.063	   619.911	   589.593	   560.801	   533.321	   506.961	
   33.2773	   79.8871	   177.295	   403.848	   911.676	   1930.89	   3697.97	   6258.42	   9345.48	   12594.2	   15653.5	   18301.2	   20392.5	   22028.8	   23099.5	   23445.6	   23052.3	   22076.5	   21137.1	   19913.8	   18722.1	   17638.9	   16768.6	   16022.3	   15028.5	   13921.8	   12842.4	   12027.9	   11398.8	   10797.3	    9884.5	   9047.25	   8361.93	   7836.46	   7437.75	   6906.72	   6676.18	   6705.52	   6559.95	   6457.96	   6307.25	   5994.27	   5519.73	   5043.16	   4592.87	   4218.14	   3859.89	   3497.33	   3163.69	   2853.66	    2571.2	   2337.41	   2126.27	   1935.09	   1767.57	   1620.75	   1498.15	   1389.48	   1292.57	    1208.6	   1135.47	   1069.74	   1010.18	   955.971	     906.4	   860.847	   818.419	   778.618	       741	   705.207	   670.976	
   37.6489	   90.3482	   202.443	   464.483	   1051.94	   2218.09	   4189.67	   6968.35	   10231.4	   13574.9	   16572.4	   18984.9	   20664.6	   21973.3	   22911.4	   23401.2	   23343.9	   22751.5	   21868.8	   21161.7	   20165.1	   19171.2	   18357.4	   17573.5	   16656.9	   15464.1	   14278.5	   13314.9	   12591.8	   11964.4	     11262	   10065.7	   9025.92	   8448.86	   7837.99	   7323.51	   6859.05	   6620.44	   6671.84	    6565.7	   6490.54	   6347.38	   6031.22	   5593.98	   5146.68	   4725.48	   4361.45	   4004.14	    3634.9	   3290.72	   2965.51	   2670.21	   2430.27	   2214.82	   2020.28	      1850	   1701.57	   1576.76	   1466.22	   1367.44	   1281.08	    1205.3	   1137.02	   1074.98	    1018.4	   966.601	   918.923	   874.416	   832.558	    792.92	   755.125	
   38.5453	   93.1029	   211.389	   487.937	   1104.36	   2309.82	    4294.8	   6993.95	   10090.8	   13206.9	   15929.1	   17963.2	   19115.1	   19861.3	     20399	   20734.5	   20837.1	   20632.6	   20201.7	   19618.8	     19203	   18492.4	   17868.1	   17231.5	     16401	   15380.8	   14261.8	   13308.1	   12561.6	   11926.4	   11286.5	     10412	   9130.13	   8305.09	   7720.46	   7055.46	   6627.39	   6198.03	   6003.53	   6084.52	   6014.31	    5950.1	    5813.9	   5558.34	   5181.83	   4805.53	   4442.19	   4117.87	   3788.46	   3443.29	   3115.09	   2807.55	   2532.98	   2310.75	   2111.17	   1929.97	   1772.04	   1634.77	   1519.09	   1416.28	   1323.85	    1242.5	   1170.73	   1105.82	   1046.67	   992.618	   943.011	   897.236	   854.385	    814.01	   775.709	
   37.4234	   91.7619	   211.599	   491.779	   1110.28	   2298.12	   4201.64	   6693.63	   9477.55	   12262.3	   14669.4	   16408.7	   17180.8	   17478.4	   17562.5	   17602.8	   17618.1	   17588.1	   17484.6	   17276.6	   16923.1	   16717.7	   16338.2	   15887.3	   15225.7	   14361.8	   13443.7	   12594.4	   11916.1	   11296.8	   10701.5	   9926.54	    9003.2	   8021.95	   7253.48	   6653.41	   6111.14	   5725.15	   5374.85	   5241.34	   5340.42	   5289.92	   5234.94	   5148.38	   4935.71	   4622.03	   4314.47	   4010.48	   3729.28	    3433.8	   3118.26	   2820.76	   2549.56	   2307.11	   2110.36	   1932.31	   1771.03	   1630.76	   1509.41	   1406.52	   1314.46	   1231.31	   1157.69	   1092.36	   1033.08	   978.924	   929.287	   883.595	   841.305	   801.636	   764.185	
   34.8952	   87.4553	   205.394	   481.202	   1085.47	   2223.08	   3994.68	    6221.2	   8642.38	   11049.2	   13158.8	     14675	   15259.4	     15306	     15081	   14801.2	   14617.3	   14545.6	   14568.2	   14590.3	   14512.3	   14308.4	   14332.1	   14083.7	   13602.3	     12921	   12175.8	   11497.7	   10933.4	   10387.5	   9843.54	   9143.64	   8335.89	   7704.53	   6829.99	   6092.24	   5623.94	   5152.82	   4841.73	   4580.49	   4496.75	   4594.99	   4557.54	   4541.07	   4476.76	   4303.89	   4047.18	   3797.41	   3542.76	   3297.45	   3031.34	   2752.66	   2497.92	   2266.02	   2056.65	   1885.25	   1730.65	   1590.58	   1469.33	    1364.4	   1274.58	   1193.81	   1120.57	   1055.32	   997.114	   944.133	    895.58	   850.926	    809.68	   771.427	   735.468	
   31.4482	   80.9972	   193.812	   458.746	   1036.43	   2108.17	   3727.68	   5680.68	   7734.57	   9766.13	   11576.6	   12929.2	   13432.2	   13413.9	     13054	   12575.2	   12166.4	   11958.6	   11930.1	   12016.4	     12087	   12078.7	   12052.3	   12135.7	   11838.1	   11334.6	   10747.6	   10214.7	    9784.2	   9335.85	   8882.59	   8255.78	   7533.02	   7008.94	   6453.72	   5640.51	   5064.33	   4670.91	   4293.43	   4063.77	      3876	   3821.98	   3913.25	   3910.79	   3906.03	   3858.35	   3718.29	   3507.29	   3300.82	   3082.12	   2863.03	   2630.79	   2397.53	   2184.18	   1988.08	   1808.18	   1661.61	    1529.5	   1410.12	   1306.71	   1216.87	   1139.41	   1069.46	   1005.74	   948.664	   897.503	   850.768	   807.776	   768.088	   731.351	   697.203	
   27.5932	   73.0174	   178.085	   426.057	   967.383	   1962.95	   3432.82	   5132.81	   6852.62	   8526.54	   10047.8	   11234.9	   11723.4	     11729	   11386.9	   10845.8	   10304.7	   9933.69	   9782.94	   9798.79	   9890.39	   9976.27	   10077.6	   10097.5	     10094	   9762.56	   9320.59	   8899.07	   8580.48	   8229.95	   7879.07	   7352.36	    6707.5	   6254.39	   5795.84	   5260.23	   4627.62	   4154.48	   3844.86	    3561.9	   3398.23	   3259.12	   3224.25	   3327.16	   3334.91	   3336.64	   3300.69	    3185.4	   3007.53	   2830.87	   2638.02	   2449.16	   2258.07	   2066.54	   1889.22	   1723.64	   1571.45	   1447.83	   1336.81	   1236.11	   1148.57	   1072.45	   1006.38	   946.422	   891.612	    842.27	   797.802	   757.008	   719.336	   684.479	   652.135	
   23.6846	   64.1851	   159.131	   385.178	    880.26	   1790.61	   3114.73	   4598.16	   6029.81	   7387.76	   8625.07	   9637.28	   10102.8	   10181.8	   9923.81	   9441.77	   8875.42	   8413.58	   8123.05	   8020.95	   8034.33	   8117.11	   8266.68	   8380.69	    8332.9	   8264.69	   7960.64	   7639.91	    7393.8	   7131.36	   6870.45	   6449.57	   5901.35	   5509.13	   5112.12	   4661.64	    4261.3	   3750.46	   3379.28	   3152.88	   2945.32	    2823.4	   2718.47	    2712.3	   2807.56	   2819.71	    2823.7	   2795.01	   2697.26	   2542.98	   2388.83	   2225.72	   2072.82	   1918.37	   1762.18	    1615.1	   1477.45	   1350.38	   1247.73	   1155.33	      1071	   997.633	   933.822	   878.026	   827.201	    780.59	   738.401	   700.156	   664.923	   632.307	   602.051	
   19.9826	   55.2897	   138.752	   339.123	   781.482	    1597.5	   2780.97	   4079.86	   5286.41	   6380.34	   7366.49	   8189.84	   8612.03	    8743.5	   8603.23	   8228.55	    7732.2	   7260.59	   6891.58	   6663.35	   6567.92	   6573.19	   6695.24	   6838.58	    6879.4	   6787.59	   6697.99	   6475.49	    6293.6	   6082.12	    5904.5	   5572.15	   5122.72	   4810.67	   4472.25	   4140.74	   3818.58	   3506.14	   3094.86	   2810.23	   2643.82	   2480.07	   2383.43	   2315.09	   2318.48	   2404.69	   2417.63	   2421.39	    2395.9	   2308.92	   2171.87	   2040.63	   1906.99	   1781.98	   1654.59	   1524.22	    1400.8	   1284.74	   1177.26	   1090.54	   1012.15	   940.347	   877.841	   823.454	   775.617	   731.888	   691.645	   655.028	    621.66	   590.836	    562.23	
   19.0669	   53.8751	   136.397	   335.355	   777.788	    1600.4	   2794.59	    4097.6	   5277.98	   6305.52	   7192.41	   7935.11	   8335.51	   8510.72	   8454.77	   8177.21	   7732.66	   7266.54	   6832.71	   6490.07	   6254.84	   6150.63	   6195.82	   6325.19	   6410.56	   6402.43	   6276.72	   6213.04	   6078.79	   5890.96	   5739.43	   5456.96	   5035.41	   4757.97	   4443.75	   4115.23	   3835.04	   3549.84	    3268.8	   2908.31	      2663	   2516.28	   2366.41	   2292.78	   2236.08	    2244.1	   2329.37	   2342.47	    2344.6	   2317.52	   2230.44	   2098.34	   1976.69	   1853.02	   1736.68	   1616.86	    1493.8	   1376.53	   1265.81	   1162.65	    1079.4	   1003.93	    934.55	    874.11	   821.503	   774.992	   732.315	   692.908	   656.888	   623.939	   593.421	
    17.927	   51.6582	   131.972	   325.543	   757.324	   1565.91	   2748.25	   4034.33	   5192.66	   6172.55	   6981.79	    7627.4	    7981.3	   8157.05	   8165.07	   7985.61	   7645.48	   7238.29	   6813.79	   6409.02	   6061.68	   5821.08	      5752	   5804.12	   5879.29	   5918.77	    5867.6	   5768.12	   5777.21	   5629.34	   5509.34	   5254.54	   4881.48	    4635.2	   4352.54	   4040.17	   3760.74	   3482.27	   3223.43	   2988.42	   2682.46	   2467.73	   2339.09	   2219.38	   2159.28	   2111.01	   2120.78	    2201.4	    2212.8	   2212.96	   2185.69	   2104.28	   1983.34	   1873.36	   1761.07	   1654.71	   1544.58	   1430.92	   1321.98	   1218.58	   1121.67	   1043.45	   972.316	   906.717	   849.524	   799.716	   755.468	   714.731	   677.005	   642.404	   610.645	
   16.6287	   48.8371	   125.769	   311.543	   725.455	   1502.95	   2649.57	   3903.98	    5031.1	   5981.71	    6742.5	   7317.66	   7608.64	   7758.31	   7784.34	   7680.16	   7442.36	   7138.68	   6771.83	   6374.48	    5965.1	   5616.14	   5410.54	   5352.97	   5359.33	   5394.92	   5385.41	   5353.96	   5324.06	   5306.12	   5230.28	   5009.13	   4663.38	   4465.65	   4209.51	   3924.02	   3659.84	   3384.88	   3130.23	      2917	   2728.72	   2461.33	   2272.31	    2174.6	   2073.21	   2022.07	   1979.94	   1990.22	    2064.8	   2074.46	   2073.36	   2047.79	   1973.77	   1863.95	   1764.82	   1663.04	   1566.23	   1465.43	   1360.92	   1260.16	   1164.04	   1073.46	   1000.29	   933.595	   871.926	   818.129	   771.245	   729.431	   690.828	   655.001	   622.043	
    15.292	    45.772	    118.78	   295.317	   689.342	    1428.8	   2524.32	   3733.73	   4835.06	   5763.22	   6510.13	   7056.18	   7318.49	   7427.98	   7447.33	   7374.98	    7218.5	    7012.6	   6745.57	    6401.1	   5994.62	   5583.45	   5269.26	   5082.84	   4990.41	    4966.9	   4951.33	   4955.17	      4980	    4920.2	    4966.9	   4787.24	   4469.03	   4292.47	   4075.64	   3806.89	   3563.41	   3301.26	   3048.26	   2836.97	   2667.03	   2506.45	   2268.91	   2115.91	   2035.21	   1945.85	   1900.87	   1863.19	   1872.93	   1942.04	   1950.18	   1948.49	   1925.03	    1857.5	   1757.02	   1666.74	   1573.68	   1484.88	   1392.01	   1295.33	   1201.65	   1111.84	   1026.77	   958.055	   895.318	   837.203	   786.483	   742.274	   702.726	   666.145	   632.133	
   13.8003	   42.0814	   110.067	   274.682	   642.581	   1334.77	   2359.11	   3494.83	   4545.71	    5448.6	   6176.36	    6716.5	   6978.68	   7067.93	   7052.76	    6976.7	   6850.31	   6710.27	   6531.55	    6276.8	   5916.27	   5506.36	   5131.99	   4846.18	   4638.88	   4530.48	   4462.98	   4463.09	   4517.83	   4510.52	   4525.38	   4469.55	   4198.35	   4051.72	    3857.9	   3628.32	   3403.83	   3167.07	   2930.94	    2725.6	   2560.45	   2418.98	   2282.22	   2088.42	   1958.66	   1890.27	   1811.12	   1771.51	   1737.52	   1746.69	   1810.37	   1817.46	    1815.9	   1794.99	   1733.98	    1642.6	    1560.9	   1476.41	   1395.56	   1310.64	   1221.89	   1135.37	   1051.97	   972.666	   908.642	   850.114	   795.793	   748.383	   707.067	   670.017	   635.686	
   12.3113	   38.1868	   100.633	   252.211	   591.482	   1231.42	    2181.9	   3235.37	   4218.39	   5084.63	   5804.41	   6343.32	      6637	   6740.58	   6714.01	   6610.12	   6482.83	   6360.46	   6241.13	   6065.48	   5785.02	   5414.74	   5038.46	   4697.79	    4402.7	    4193.9	   4050.77	   4002.96	   4049.09	   4068.85	   4133.18	   4057.27	   3903.02	   3795.55	    3628.7	   3418.97	   3229.47	   3011.67	   2799.42	   2609.78	      2450	   2312.49	    2193.1	   2092.11	   1925.62	   1812.55	   1753.42	    1682.7	   1647.14	   1616.32	   1624.89	   1683.61	   1690.15	      1689	   1670.53	   1615.32	    1532.1	   1458.08	   1381.29	   1307.65	   1230.02	   1148.48	   1068.49	   991.109	   917.297	   857.757	   803.259	   752.612	   708.421	   669.942	   635.362	
   10.8715	    34.254	    90.848	   228.643	   537.936	   1123.09	   1996.06	   2970.61	   3880.33	   4693.73	   5395.95	   5947.08	   6275.07	   6423.51	   6417.84	   6306.73	   6154.49	   6021.16	   5915.61	   5791.86	   5581.99	   5282.98	      4940	   4598.16	   4255.88	   3971.23	   3738.86	   3622.68	   3621.29	   3633.88	   3722.28	   3699.81	    3535.3	    3525.9	    3394.4	    3208.2	   3035.37	   2850.87	   2655.75	   2487.12	   2340.77	   2207.26	   2090.86	   2005.17	   1923.59	   1777.04	   1676.97	   1625.14	   1561.14	   1528.99	   1500.89	    1508.9	   1563.31	   1569.57	   1568.94	   1552.62	   1502.59	   1426.71	   1359.52	   1289.64	    1222.5	   1151.35	   1076.27	    1002.3	   930.529	   861.907	   806.587	   755.915	   708.781	    667.69	   631.943	
   9.50875	   30.4087	   81.0968	   204.785	    483.39	   1012.98	   1807.09	   2700.78	   3545.33	    4301.1	   4968.13	   5521.06	   5893.39	   6088.09	   6131.99	   6043.28	   5884.21	   5719.85	   5601.19	   5486.81	   5322.67	   5086.42	   4805.31	   4494.38	    4153.8	   3829.94	   3530.57	   3335.15	   3269.49	   3240.59	   3320.82	   3328.94	    3219.3	   3193.76	   3151.23	   2996.59	   2843.73	   2675.94	    2510.8	   2356.67	   2228.17	   2105.71	    1992.2	   1908.37	    1839.9	   1771.22	   1640.47	   1550.99	   1504.75	   1446.53	   1417.26	    1391.6	   1399.25	   1449.81	   1455.94	   1455.79	   1441.38	   1396.03	   1326.77	   1265.71	   1202.04	   1140.64	   1075.24	   1006.02	   937.597	   871.069	   807.308	    755.95	   708.889	   665.102	   626.962	
   8.24547	   26.7195	   71.6239	   181.362	   429.211	   903.015	      1619	   2431.94	   3209.99	    3918.1	   4543.83	   5078.57	   5479.48	   5729.63	   5823.86	   5784.83	   5646.69	   5471.39	   5320.71	   5191.03	   5033.84	   4838.06	   4611.12	      4357	   4047.27	    3728.3	   3394.88	   3141.02	   3002.98	   2918.13	   2958.85	   2968.05	   2893.69	   2909.22	   2853.88	   2779.24	   2653.56	   2505.31	   2355.34	    2227.1	   2110.48	   2002.99	   1898.65	   1816.52	   1748.64	   1691.38	   1632.13	   1514.42	   1433.54	   1391.91	   1338.71	   1311.99	   1288.64	   1296.04	   1343.12	   1349.14	   1349.43	   1336.76	   1295.63	   1232.37	   1176.78	   1118.58	   1062.21	   1002.01	   938.158	    874.87	   813.205	   754.004	   706.363	   662.716	   622.097	
   7.08397	   23.2718	   62.6355	   159.013	   377.117	   796.077	   1434.78	   2169.38	   2882.21	   3541.38	   4136.15	   4644.87	   5047.78	   5336.93	   5490.36	   5501.75	   5410.38	   5253.87	      5090	   4927.63	      4755	   4564.63	   4371.63	   4166.86	   3911.28	   3623.08	   3295.06	   3012.73	   2822.18	   2674.32	    2662.9	   2643.93	   2578.81	   2617.06	   2600.34	   2516.08	    2460.3	   2337.85	   2205.47	   2089.83	   1995.17	   1897.27	   1805.56	   1730.78	   1663.36	   1605.88	   1556.62	   1504.57	   1397.68	   1324.11	   1286.34	   1237.58	   1213.23	   1192.04	   1199.25	   1243.12	   1249.06	   1249.78	   1238.67	   1201.33	   1143.48	    1092.7	   1039.31	   987.482	   932.002	   873.073	   814.508	   757.356	   702.421	   658.266	   617.819	
   6.01713	   20.0739	   54.3011	   138.096	   328.215	   694.931	   1258.56	   1916.21	   2566.24	   3177.27	    3738.7	   4231.05	   4623.33	   4924.23	   5120.89	   5191.71	   5148.18	   5036.99	   4887.85	   4710.67	   4506.65	   4301.69	   4111.17	   3937.16	   3728.79	   3491.86	   3192.43	   2917.08	   2701.43	   2508.33	   2439.27	    2379.4	   2297.01	   2334.81	    2340.7	   2292.55	   2227.77	   2168.69	   2059.37	   1958.45	   1873.88	   1794.69	   1710.85	   1646.49	   1584.69	    1526.9	   1476.86	   1433.63	   1387.08	   1289.49	   1222.24	    1187.8	   1143.11	   1120.93	   1101.73	   1108.74	   1149.65	   1155.54	   1156.65	   1146.93	   1112.98	   1059.94	    1013.4	   964.325	   916.603	   865.428	   810.993	   756.784	   703.825	   652.887	   611.986	
   5.04516	   17.1135	   46.6391	   118.969	   283.157	   601.436	   1094.09	   1676.87	    2264.9	   2829.48	    3357.2	   3829.39	   4218.54	   4517.59	   4730.81	   4846.35	   4859.81	   4794.85	   4685.46	   4519.88	   4301.09	   4067.18	   3861.61	   3689.92	   3511.84	   3319.54	   3067.19	   2819.61	   2610.47	   2396.52	   2286.66	   2179.52	   2067.37	   2082.07	   2089.96	   2064.21	   2030.76	   1965.39	   1912.12	   1830.69	   1758.15	   1687.18	   1619.46	   1561.27	   1507.96	   1454.62	   1403.79	   1359.41	   1320.72	   1278.64	   1189.17	   1127.48	   1096.01	   1055.02	   1034.82	   1017.41	   1024.23	   1062.43	   1068.26	   1069.71	    1061.2	   1030.24	   981.497	   938.761	   893.607	   849.615	   802.361	    752.05	   701.867	   652.815	   605.605	
   4.18203	   14.3923	   39.5844	   101.556	   242.419	   516.219	   943.546	   1455.56	   1981.97	   2499.58	   2994.21	   3444.72	   3825.64	   4129.53	   4345.89	   4480.85	   4538.03	   4526.84	   4458.38	   4328.21	   4119.31	   3871.69	   3638.63	   3453.68	   3280.28	   3117.11	   2906.26	   2702.85	   2518.31	   2311.66	   2183.34	   2042.89	   1893.91	   1875.85	   1865.25	   1843.75	    1829.6	   1793.25	   1734.82	   1701.81	   1645.57	    1584.7	   1523.82	   1479.24	   1430.68	   1384.51	   1337.31	   1291.82	   1251.78	   1216.73	   1178.34	    1096.1	   1039.43	   1010.62	    972.99	   954.556	   938.792	   945.432	   981.103	   986.877	   988.593	   981.105	   952.806	   907.969	   868.681	   827.083	    786.48	   742.814	   696.298	   649.853	   604.427	
   3.42516	   11.9687	   33.1707	   85.7631	   205.932	   440.392	   808.358	   1255.45	   1723.08	   2192.65	   2652.71	   3081.49	   3452.05	   3755.62	   3981.86	   4123.63	   4201.02	   4230.48	   4210.39	   4117.11	   3940.25	   3701.27	   3454.71	   3245.23	   3062.29	   2904.96	   2721.94	   2557.45	   2411.27	   2227.86	   2106.03	    1951.5	    1776.5	   1721.02	   1682.79	   1647.12	    1636.2	   1618.16	   1585.51	   1546.86	   1532.52	   1485.65	   1433.33	      1394	   1357.04	   1314.66	   1273.59	   1231.08	   1189.75	   1153.21	   1121.13	   1085.89	   1010.15	   957.978	    931.54	   896.938	   880.105	   865.836	   872.294	   905.613	   911.298	   913.203	   906.585	   880.663	   839.362	   803.184	   764.797	   727.272	   686.883	   643.867	   600.865	
   2.79277	   9.82909	   27.4867	   71.5142	   173.107	   372.955	   688.684	   1076.11	    1489.1	   1911.44	    2334.1	    2738.4	   3097.87	   3398.42	   3629.49	   3784.66	   3870.57	   3918.23	    3934.8	   3885.98	   3743.17	    3533.3	   3293.89	   3072.47	   2869.72	    2705.4	   2529.79	   2391.83	   2278.86	   2131.08	    2029.4	   1882.94	   1698.02	   1616.17	   1545.54	   1487.22	   1463.37	   1449.27	   1433.04	   1416.16	   1395.51	   1385.75	   1345.63	   1313.18	   1280.31	   1248.08	   1210.12	   1172.97	   1134.16	   1096.23	    1062.6	   1033.06	   1000.59	   930.729	   882.635	   858.314	   826.474	   811.103	   798.198	   804.468	   835.592	   841.156	    843.19	   837.302	   813.505	   775.404	   742.018	   706.543	   671.814	   634.447	   594.647	
   2.29809	   8.03441	   22.4891	   58.9669	   143.674	   312.569	     582.6	   917.617	   1279.23	   1656.72	   2041.19	   2416.93	   2761.72	   3058.09	   3291.38	   3455.26	   3556.13	   3611.23	   3643.85	   3629.21	   3528.17	   3349.64	   3136.17	   2921.32	    2709.7	   2529.01	   2349.43	   2219.64	    2128.6	   2012.05	   1940.68	   1814.62	   1639.08	   1546.01	   1452.43	   1366.66	   1322.53	   1297.83	   1285.28	   1281.92	   1279.57	   1263.67	   1256.69	   1234.47	   1207.33	   1178.45	   1149.53	      1115	   1080.95	   1045.21	   1010.19	   979.106	   951.812	   921.812	   857.308	   812.918	   790.524	   761.222	   747.188	   735.524	   741.604	   770.668	   776.089	   778.173	     772.9	   751.004	   715.773	   684.909	    652.07	    619.92	    585.32	
   1.92791	   6.63141	   18.3207	   48.0133	   117.931	   258.661	   487.865	    777.21	   1093.55	   1427.61	   1774.88	   2120.15	    2444.9	   2733.24	   2967.64	    3137.8	   3249.43	   3318.48	   3357.39	   3358.18	   3290.23	   3150.56	   2965.38	   2773.78	   2569.49	   2381.79	   2189.72	   2057.94	   1972.55	   1877.39	   1831.39	   1735.12	   1580.07	   1493.06	   1389.89	   1284.53	   1215.97	   1173.99	    1152.2	   1151.12	    1159.7	   1159.95	   1147.13	   1154.15	    1135.9	   1111.97	    1085.9	   1059.53	   1027.74	   996.309	   963.235	   930.823	   902.016	   876.752	    848.99	    789.39	   748.403	   727.782	   700.813	   687.992	   677.464	   683.342	   710.471	    715.68	   717.755	   712.993	   692.761	   660.126	   631.533	   601.138	   571.339	
   1.64099	   5.58785	   15.0826	   38.9423	   95.6052	   211.716	   403.434	   651.778	   928.795	   1224.39	   1534.52	   1849.29	   2150.79	   2425.43	   2657.18	   2832.63	    2952.9	   3032.73	   3084.27	   3091.66	    3040.1	   2931.96	   2782.01	   2615.64	   2433.17	    2252.4	    2055.7	   1914.26	   1825.74	   1737.64	   1707.43	    1636.7	   1510.94	   1439.45	   1342.25	   1228.94	   1142.94	   1079.86	    1042.9	   1032.69	   1042.19	   1052.04	   1053.64	   1054.39	   1062.61	   1046.63	   1024.94	   1001.07	   976.748	    947.32	   918.183	   887.558	   857.499	   830.784	   807.366	   781.648	   726.578	   688.742	    669.75	   644.914	     633.2	   623.688	   629.345	   654.575	   659.531	    661.54	   657.146	     638.4	   608.105	   581.636	   553.464	
   1.40145	   4.78532	   12.6867	   31.9324	   77.2083	   171.103	    329.89	   539.721	   781.023	   1043.24	   1320.23	   1603.45	   1880.53	   2137.77	   2361.19	   2538.34	   2666.45	   2755.84	   2817.21	   2837.25	    2794.3	      2703	   2581.87	   2446.86	   2287.69	   2126.17	   1936.87	    1792.5	   1694.43	    1605.7	   1578.11	   1524.34	   1424.69	   1375.78	   1293.24	   1185.86	   1092.87	   1014.77	   959.212	   934.746	   934.993	   945.451	    955.62	   968.709	   970.899	   979.164	   964.724	   944.838	   922.784	   900.247	   872.947	   845.982	   817.582	   789.711	   764.913	   743.186	   719.345	   668.486	   633.556	   616.034	   593.166	   582.443	   573.834	   579.157	   602.561	   607.238	   609.083	   604.994	    587.58	   559.526	   535.003	
   1.17907	   4.12274	   10.8562	   26.7777	   63.0776	   137.782	   266.332	    442.05	   648.624	   880.175	   1128.52	   1383.52	   1634.24	   1872.48	   2083.78	   2257.18	   2389.88	   2488.61	   2558.87	   2589.17	   2560.52	   2479.23	   2373.79	   2264.41	   2133.69	   1992.27	   1821.05	   1684.13	   1582.72	   1487.73	   1455.91	   1407.11	    1326.3	   1296.29	   1234.99	   1141.34	    1053.7	   969.767	   900.967	   859.363	   845.913	   847.816	   858.429	   878.519	   891.894	   894.549	   902.448	   889.274	   870.932	   850.527	   829.633	   804.409	   779.416	   753.099	    727.24	   704.205	   684.034	   661.934	    614.98	   582.716	   566.548	   545.482	   535.655	   527.731	   532.672	   554.294	   558.564	   560.208	   556.329	   540.229	   514.255	
  0.967602	   3.51301	   9.35481	   22.8617	   52.7469	   112.311	   214.268	   357.461	   532.778	   733.376	   955.143	   1185.92	   1413.06	   1629.85	    1827.2	   1993.16	   2125.38	   2230.65	    2309.8	   2349.64	   2333.26	   2267.23	    2171.4	   2076.03	   1968.59	   1851.47	   1699.11	   1578.73	   1483.28	   1387.54	   1346.72	   1296.54	   1223.98	   1205.85	   1162.63	   1088.77	   1013.25	   934.465	   860.595	   806.801	   777.281	   766.671	   769.444	   789.141	   808.828	   821.785	   824.584	   832.069	   820.028	   803.147	   784.306	   765.064	    741.75	   718.613	   694.212	     670.2	   648.768	   630.009	    609.46	   566.059	    536.23	   521.252	   501.814	   492.647	   485.268	   489.772	   509.573	   513.421	    514.82	   511.216	   496.318	
  0.764124	   2.93694	   7.98096	   19.6665	   44.9349	    93.777	   174.557	   288.047	   431.991	   604.282	   798.231	   1006.33	   1213.56	   1411.23	   1591.91	   1748.55	   1876.81	   1983.99	   2069.66	    2119.2	    2114.5	   2062.04	   1980.52	   1893.85	   1799.46	   1702.06	   1572.39	   1468.84	    1387.3	      1299	   1254.38	   1198.28	   1128.13	   1112.42	   1081.02	   1024.41	   966.225	   898.449	   829.239	   770.644	   729.716	   704.533	   695.935	   707.795	   727.024	   745.799	    758.16	   761.078	   768.171	   757.232	   741.744	   724.472	   706.703	   685.184	   663.714	   641.035	   618.674	   598.677	   581.142	   561.921	   521.751	   494.097	   480.163	   462.061	   453.455	   446.509	   450.464	   468.543	   471.945	   473.224	   469.829	
  0.582464	   2.38114	   6.69002	   16.7571	   38.5851	   79.8102	   145.729	   235.011	   348.905	   491.285	   659.433	   842.877	   1031.48	   1213.35	   1379.33	   1523.83	   1646.28	   1752.01	   1840.12	   1897.31	   1904.49	    1865.2	   1796.71	   1722.89	   1636.97	   1550.57	   1440.02	   1356.24	   1288.77	   1214.74	   1173.74	    1116.2	   1044.05	   1025.96	   997.862	    952.97	   909.812	   857.511	   797.975	   743.206	   697.619	   662.147	    640.38	   641.374	   653.355	    671.71	   689.462	   701.249	   704.252	   711.015	   701.118	   687.011	   671.109	   654.685	   634.768	   614.764	   593.598	   572.695	   553.929	   537.412	   519.343	   482.051	   456.331	   443.191	   426.285	   418.175	   411.507	   414.954	   431.421	   434.518	   435.658	
  0.435225	   1.87941	    5.4498	   14.0415	    32.832	   68.4982	    124.07	   196.513	    285.28	   397.753	   537.383	   697.726	   865.348	   1032.45	   1186.76	   1320.82	   1434.69	   1537.06	   1624.66	   1685.87	   1703.15	   1677.31	   1621.67	    1559.6	    1485.9	    1406.9	   1308.28	    1240.8	    1189.8	   1129.91	   1098.65	   1046.12	   975.351	   951.608	   922.417	   881.549	   848.388	   809.528	   763.503	   716.901	   674.372	   634.689	   603.628	   592.273	   594.224	    605.91	   623.296	   640.076	   651.282	    654.34	   660.793	   651.888	   638.927	   624.226	   608.945	   590.409	   571.659	   551.801	   532.137	   514.398	   498.755	   481.663	   446.912	   422.802	   410.366	    394.54	   386.821	   380.425	   383.412	   398.535	   401.328	
  0.324848	   1.46236	   4.32963	   11.4415	   27.4772	   58.2466	   106.521	   167.503	   238.939	   325.787	    435.79	   569.372	   717.162	   866.757	   1010.13	   1136.45	   1243.18	    1339.2	   1424.61	   1487.19	   1511.31	    1497.4	   1455.11	    1404.7	   1342.42	    1274.4	   1184.83	   1127.24	   1089.53	   1045.49	   1023.96	   981.798	   917.599	    891.87	   858.493	   817.717	   787.618	   757.708	   723.519	   688.441	   652.843	   615.846	   580.912	   560.812	   551.328	   553.748	   564.997	   581.457	   597.284	   607.911	    610.95	   617.127	   608.974	   596.963	   583.244	   568.909	   551.533	   533.853	   515.102	   496.485	   479.642	    464.75	   448.517	   415.931	   393.263	   381.475	   366.584	   359.265	   353.137	   355.812	   369.739	
  0.245392	   1.13673	   3.39467	   9.09869	   22.3647	   48.7073	    90.588	    143.93	   203.928	   273.218	    357.34	   462.124	   585.654	   718.534	    847.96	   967.013	      1069	   1159.73	   1240.19	   1302.58	   1331.12	   1326.27	    1296.2	   1257.88	   1206.99	   1149.54	   1072.06	   1021.51	   991.361	   959.949	   949.865	   917.991	    864.72	   842.092	   807.654	   764.127	    733.68	   706.461	   680.172	   655.184	   629.528	   598.697	   566.097	   542.222	    524.54	    516.31	    518.95	    529.73	   545.278	    560.19	   570.222	   573.185	   578.994	    571.41	   560.138	   547.208	    533.65	   517.251	   500.483	   482.684	   464.996	   448.948	    434.74	    419.24	   388.595	   367.235	    356.03	   342.016	   335.086	   329.276	   331.685	
  0.189868	  0.889771	   2.65849	   7.14433	   17.7699	   39.6049	   75.7424	   122.471	   175.423	   233.436	   299.928	    379.13	    475.48	   586.712	   702.642	   811.213	   908.771	   996.451	   1072.92	   1132.52	   1164.01	   1165.99	   1145.65	   1118.38	   1079.22	   1032.41	   966.509	   925.074	    899.87	   875.647	   874.323	   854.177	   811.555	   796.238	    765.24	   721.496	    688.31	   660.782	   636.767	   618.421	   601.493	   579.606	   552.526	   530.571	   509.242	   493.272	   485.927	   488.657	   498.919	   513.589	    527.62	   537.065	   539.839	   545.242	   538.059	   527.363	   515.073	   502.171	   486.605	   470.638	   453.699	   436.854	   421.546	    407.96	    393.17	   364.282	   344.106	   333.474	   320.268	   313.735	   308.224	
  0.150134	  0.707405	   2.09396	   5.60329	   13.9441	    31.435	   61.5661	   102.457	   149.437	   201.038	    256.48	   318.378	   390.125	   476.187	   573.348	   671.564	   761.459	   846.368	   920.876	   978.488	   1010.44	    1017.8	   1005.18	   986.725	    958.26	   922.337	   867.789	   834.524	   815.938	   796.291	   799.067	   788.136	    757.29	   749.239	   725.526	   685.513	   651.877	   621.939	   597.522	   580.826	   569.575	    555.59	   536.632	   519.539	   499.879	   480.389	   465.708	   459.027	   461.726	   471.453	   485.281	   498.477	   507.314	   509.847	   514.818	   507.925	   497.693	   485.947	   473.616	   458.784	   443.555	    427.41	   411.356	   396.741	   383.767	    369.67	   342.386	   323.315	   313.234	   300.785	   294.611	
  0.120573	  0.570078	   1.67288	   4.41965	   10.9336	   24.6497	   48.8584	   83.3481	   125.199	   171.518	   221.163	   272.502	   327.759	   390.707	   465.146	   547.578	   629.755	   708.687	   781.465	   838.885	   871.846	   882.186	   875.962	   864.465	   844.589	   818.516	   775.218	   749.597	   736.709	   722.904	   727.634	    721.56	   700.162	   700.459	   684.036	   651.259	   620.739	   590.384	   563.756	   546.339	   536.245	   527.394	   515.653	   505.825	    490.64	    472.64	   454.575	   440.932	    434.74	   437.341	   446.532	   459.559	   471.949	   480.194	   482.459	   486.998	   480.329	   470.492	   459.226	   447.411	   433.253	   418.712	   403.315	   388.005	   374.059	   361.684	   348.254	   322.457	   304.416	   294.864	   283.105	
 0.0968303	  0.463445	   1.35246	   3.53391	   8.62091	   19.3147	   38.3033	   66.1947	    101.99	   143.916	   188.934	   235.204	   280.721	   328.321	   381.552	    443.94	   513.001	   585.677	   653.701	   711.051	   746.452	   760.044	   758.008	   752.252	     739.2	   721.022	   687.836	   669.594	   661.922	    653.05	   661.014	   657.718	   641.794	   648.344	   640.256	   614.719	   590.475	   562.972	   535.949	   516.225	   505.154	   497.279	   490.225	    486.79	   478.393	    464.57	   447.877	   431.007	   418.215	   412.407	   414.876	   423.545	   435.808	   447.437	   455.114	   457.111	   461.234	   454.758	   445.281	   434.458	   423.127	   409.601	   395.712	   381.025	   366.428	   353.127	   341.329	   328.544	   304.134	   287.059	   278.003	
 0.0767078	  0.375011	   1.10161	   2.85793	   6.88972	   15.2182	   30.0041	   51.9275	   81.0985	   117.395	   158.711	   201.092	   242.484	   281.294	   320.584	   363.944	   415.527	   476.678	   539.622	   594.017	   631.781	   649.686	   651.964	   649.996	   642.579	   630.656	   605.715	   593.869	   591.196	   586.784	    597.26	   597.805	   585.408	   594.668	   593.035	   575.766	   557.661	   535.915	    511.53	   491.194	   477.732	   468.865	   462.651	   463.208	   460.805	   453.377	   440.619	   425.039	   409.188	   397.129	   391.642	   393.964	   402.131	   413.674	   424.585	   431.725	   433.466	   437.202	   430.905	   421.768	   411.366	   400.497	   387.571	   374.306	   360.296	    346.38	   333.698	   322.457	   310.292	   287.181	   271.008	
 0.0590406	  0.298474	  0.892322	    2.3276	    5.5682	   12.1536	   23.6326	   40.6925	   63.6762	   93.4428	    129.57	   169.006	   207.463	   243.047	   274.627	    305.63	   340.355	    385.62	   438.538	   489.529	    526.84	   548.806	    556.23	   558.125	   554.542	   547.764	   529.501	   522.605	   524.102	   523.935	   536.571	    540.22	   532.236	   542.554	   544.118	   533.544	   522.438	   506.239	   487.176	   469.017	   454.758	   443.601	   436.408	   437.348	   438.679	   436.907	   430.202	   418.352	   403.731	    388.78	   377.375	   372.168	   374.341	   382.029	   392.892	   403.128	   409.763	   411.266	   414.644	   408.522	   399.713	   389.718	   379.295	   366.944	   354.276	   340.915	   327.652	   315.565	    304.86	   293.287	   271.396	
 0.0441542	  0.230389	  0.710468	   1.88449	   4.53128	   9.81512	   18.8668	   32.0552	   49.9259	   73.4142	   103.177	   137.987	    174.42	   207.923	   237.173	   261.616	   285.512	   315.266	   354.045	   396.952	   433.154	   456.496	   468.761	     475.2	   475.425	   472.187	   459.522	   456.467	   460.926	   464.256	   478.931	   485.291	   481.012	   493.297	   496.511	   489.649	   484.207	   474.322	   460.283	   446.751	   434.279	   422.315	   412.945	   412.596	   414.253	       416	   414.652	   408.546	   397.472	   383.703	   369.569	   358.761	   353.806	   355.831	   363.066	   373.287	   382.885	   389.049	   390.333	    393.38	   387.434	   378.944	   369.344	   359.353	   347.555	   335.463	   322.724	   310.088	   298.573	   288.383	   277.378	
 0.0322474	  0.172648	  0.548355	   1.49932	    3.6652	   7.98133	   15.2315	   25.5959	   39.3487	   57.5919	   81.0886	   109.879	   142.384	   174.699	   202.702	    225.67	   244.038	   263.854	   288.748	   319.647	    350.29	   374.215	   388.872	   399.553	   404.083	   404.304	    395.74	    395.81	    402.34	   408.089	   424.201	   433.097	   432.115	   445.809	   451.477	   446.857	   444.431	   439.714	   431.329	   422.139	   413.699	   403.327	   393.159	   390.444	   390.852	   392.891	   394.873	    393.85	   388.235	   377.845	   364.848	   351.463	   341.205	   336.481	   338.363	   345.167	    354.78	    363.78	   369.501	   370.584	   373.328	   367.556	   359.379	   350.161	   340.587	    329.32	   317.779	   305.637	   293.601	   282.636	    272.94	
 0.0234883	  0.126263	  0.410749	   1.15583	   2.91231	   6.44929	   12.3797	   20.6697	   31.4364	   45.4129	   63.6283	   86.3472	   113.265	   142.408	   170.014	     192.5	   210.046	   224.922	   240.975	   259.916	     281.2	   301.608	   317.809	   330.582	   339.069	   343.115	    338.45	   340.536	     348.6	   355.973	   372.637	   383.448	   385.546	   400.364	   407.941	   406.292	   405.564	   403.592	   399.851	   395.565	   390.881	   384.183	   375.452	   371.706	   369.852	   370.696	    372.95	   375.087	   374.305	   369.109	   359.334	   347.046	   334.356	    324.61	   320.099	    321.84	   328.234	   337.272	   345.705	    351.01	   351.905	   354.369	   348.767	   340.891	   332.041	   322.868	    312.11	   301.098	   289.528	   278.069	   267.632	
 0.0174769	 0.0920463	  0.300188	  0.864541	   2.24129	   5.11762	   9.99615	   16.8057	   25.4016	   36.3006	   50.1858	   67.7485	   88.8546	    113.05	   138.266	   161.055	   178.676	   193.038	   204.785	   216.203	   227.873	   241.239	   255.298	   269.385	   279.906	   287.427	   286.857	   290.939	   299.672	   308.206	   324.819	   336.673	   341.235	   357.071	   366.258	   367.024	   368.707	   368.236	   366.909	   366.596	   366.169	   362.885	   357.525	   354.857	   352.007	   350.699	   351.819	   354.213	   356.436	    355.84	   351.014	   341.803	   330.174	   318.135	   308.868	   304.555	   306.161	   312.164	   320.656	   328.553	   333.466	   334.187	    336.39	   330.955	   323.371	   314.878	   306.092	   295.823	   285.319	   274.299	   263.394	
 0.0136719	 0.0685413	  0.218619	  0.630788	   1.67316	   3.93158	   7.92383	   13.5754	   20.6668	   29.3494	   40.1282	   53.4335	   69.5658	    88.468	   109.469	   130.607	   149.025	   163.722	   175.182	   183.095	   188.848	   194.736	   203.478	   215.717	   227.525	   236.837	   239.967	   246.339	   255.828	   264.775	   281.054	   293.341	    299.52	   315.909	   326.575	   329.421	    332.98	   334.686	   334.639	   336.256	   339.211	     339.8	   337.563	   337.765	   335.913	   333.653	   332.729	   334.048	   336.518	   338.783	   338.338	   333.843	   325.155	   314.143	   302.717	   293.903	   289.775	   291.252	   296.885	   304.861	   312.252	   316.798	   317.362	   319.324	   314.057	   306.759	   298.612	   290.202	   280.405	   270.392	   259.901	
 0.0111111	 0.0536591	  0.162617	  0.458513	   1.21815	   2.92916	   6.07885	   10.7632	    16.703	     23.89	    32.451	   42.7198	   54.7504	   69.0958	   85.4411	   103.106	    120.47	   136.154	   148.091	   156.082	   159.319	   160.759	   163.658	   171.365	   181.707	   192.113	   197.401	   205.814	   216.392	   225.835	   241.228	   253.623	   260.794	    277.06	   288.721	   293.575	   298.631	   302.024	   303.961	   306.485	   310.932	   314.578	   315.884	   318.695	   319.532	   318.206	   316.377	   315.759	   317.213	   319.718	   321.997	   321.678	   317.487	   309.289	    298.86	   288.014	   279.628	   275.676	   277.032	   282.315	   289.803	   296.718	   300.921	   301.343	   303.085	   297.986	   290.969	    283.16	   275.115	   265.775	   256.234	
0.00924636	  0.043639	  0.127194	  0.340473	  0.883567	   2.12843	   4.52256	   8.25633	   13.2469	   19.3135	   26.4158	   34.5377	   43.7011	   54.2741	    66.586	   80.2676	   94.8333	   109.774	   122.781	   131.522	   135.322	   135.135	   134.633	   137.382	   143.951	   153.085	   159.831	   169.068	   180.583	   190.823	   205.527	   217.472	   225.277	   240.965	   252.943	   259.345	    265.88	   270.579	   274.065	   278.149	   283.157	   288.107	   292.194	   297.977	   301.248	   302.455	   301.507	   300.032	   299.654	   301.201	   303.716	   305.993	   305.782	   301.873	   294.137	   284.262	   273.967	   265.989	   262.208	   263.449	   268.403	   275.432	   281.899	   285.783	   286.076	   287.619	   282.688	   275.948	   268.469	   260.779	   251.878	
0.00772129	 0.0362973	  0.103344	  0.265873	  0.654753	   1.54063	   3.28135	   6.13838	   10.1583	   15.3128	   21.3449	   28.0927	   35.2941	   43.2618	   52.2174	   62.4217	   73.6461	     86.19	   98.6998	   108.711	   113.625	   114.392	   112.784	   112.649	   115.073	    120.99	    127.11	   136.687	   148.162	    159.08	   173.484	   185.126	   193.013	   207.942	   219.783	   226.966	   234.607	   240.664	   245.292	   250.551	   256.733	   262.126	   267.362	   275.378	   281.421	   284.911	   286.354	   285.713	   284.524	   284.338	   285.949	   288.455	   290.717	     290.6	   286.953	   279.652	   270.298	   260.525	   252.935	   249.312	   250.443	   255.078	   261.663	   267.699	   271.273	   271.441	   272.791	   268.021	   261.545	   254.382	   247.032	
0.00627666	 0.0302871	 0.0858059	  0.215663	  0.510303	   1.13942	   2.37139	   4.44821	   7.54638	   11.7333	   16.9072	   22.6726	    28.691	   34.9088	   41.5756	   48.8702	   57.1577	   66.7619	   77.2701	   87.1348	   93.6009	   95.7443	   95.1535	   94.0698	   94.0831	   96.4741	    100.24	   108.523	   119.614	   130.353	   144.448	   156.101	   164.148	   177.953	    189.45	   196.977	   204.983	   212.081	   217.952	   224.021	    231.03	   237.436	   243.022	   251.736	   259.844	   265.929	   269.519	   271.134	   270.735	   269.783	   269.756	    271.41	   273.893	    276.13	   276.093	   272.688	   265.795	   256.934	   247.656	   240.432	   236.957	   237.977	   242.302	   248.457	   254.074	   257.347	   257.393	   258.556	   253.938	   247.714	   240.852	
0.00490163	 0.0245968	 0.0714698	  0.178638	  0.413132	  0.886418	   1.75113	   3.20885	   5.46174	   8.70622	   12.9375	    17.931	   23.1443	   28.3572	   33.5173	   38.8562	   44.6719	   51.6823	   59.6804	   68.0246	   74.7817	   78.6318	   79.3858	   79.1272	   78.3449	    78.673	   79.7361	   85.4184	   94.7995	   105.061	   118.167	   129.782	    138.22	   151.096	   161.869	   169.574	    177.62	   184.985	   191.792	   198.768	   206.273	   213.367	   219.831	   228.505	   237.221	   245.227	   251.251	   254.886	    256.62	   256.418	   255.669	   255.775	   257.457	   259.911	   262.117	   262.153	   258.975	   252.472	   244.083	    235.28	   228.409	    225.08	   225.995	   230.027	   235.774	   240.995	   243.987	   243.922	   244.915	    240.45	   234.474	
0.00384161	 0.0191904	 0.0579365	  0.148437	   0.34131	  0.716289	    1.3602	   2.36497	   3.93427	   6.29329	   9.58647	   13.6987	   18.2911	    22.854	   27.1979	   31.2804	   35.4584	   40.2872	   46.0652	   52.3909	   58.1963	   62.6337	   64.9915	   65.8227	   65.7239	   65.3518	   64.8714	   67.8214	   74.4882	   83.1281	   95.0848	   106.016	   114.767	   127.044	   137.246	   144.657	   152.666	   160.046	   167.008	   174.613	   182.709	   190.184	   197.221	   206.356	   214.983	   223.524	   231.335	   237.251	   240.883	   242.694	   242.655	   242.081	     242.3	   243.998	   246.415	   248.585	   248.684	   245.722	   239.591	   231.657	   223.313	   216.783	   213.596	   214.414	   218.166	   223.524	   228.369	   231.097	   230.932	   231.769	   227.458	
0.00315245	 0.0150278	 0.0451139	  0.120021	  0.282824	  0.590199	   1.09716	   1.83373	   2.89573	   4.52777	   6.92092	   10.1358	   13.9601	   18.0402	   21.8915	   25.3441	   28.4962	   31.8924	   35.8002	   40.3207	   44.6785	   48.5933	   51.6027	   53.7311	   54.5282	   54.6942	   53.7668	   55.0867	   59.0483	   65.2158	    75.119	   85.1929	   93.6406	   105.352	   115.264	   122.466	    129.95	   137.316	   144.272	    151.81	   160.249	    168.19	   175.514	   184.836	   193.843	   202.259	   210.542	   218.117	   223.884	   227.476	   229.334	   229.429	   229.004	   229.318	   231.021	   233.392	   235.517	   235.669	    232.91	   227.135	   219.636	   211.733	   205.533	   202.482	   203.207	    206.69	   211.675	   216.161	   218.638	   218.382	   219.074	
0.00247275	 0.0123201	  0.035246	 0.0931814	  0.227952	  0.487585	  0.901522	   1.47699	   2.24293	   3.32952	   4.97435	   7.30926	   10.3144	   13.7455	     17.25	   20.3605	   23.0416	   25.5561	   28.2481	   31.2358	    34.268	    37.182	   39.8981	   42.5292	   44.3842	   45.2573	    44.885	   45.5736	   47.8725	   51.5986	    58.817	   67.1798	   75.1168	   85.7961	   95.4128	   102.708	   109.777	   116.583	    123.55	   130.877	    139.02	    147.18	   154.852	   164.088	   173.195	   181.907	   190.018	   197.987	   205.275	   210.845	   214.355	    216.22	   216.414	   216.109	   216.492	   218.176	   220.482	   222.546	   222.737	   220.166	   214.734	    207.66	   200.191	   194.316	   191.401	   192.036	    195.26	   199.885	   204.026	   206.267	   205.935	
0.00192513	0.00965321	 0.0288206	 0.0725548	  0.176332	  0.391614	  0.742403	   1.21157	   1.80491	   2.57682	    3.6547	   5.24797	   7.42341	   10.1335	    13.113	   16.0054	   18.4653	   20.6001	   22.5572	   24.5617	   26.4495	   28.4151	    30.416	   32.7711	   35.0199	   36.7294	   37.0342	   37.9654	   39.5211	    41.739	   46.4263	   52.4795	   59.1002	   68.6568	   77.5198	   84.8591	   91.8513	   98.2081	   104.655	   111.803	   119.535	   127.333	   135.125	   144.344	   153.294	   162.038	    170.37	   178.125	   185.733	   192.691	   198.027	   201.422	   203.264	   203.529	   203.318	   203.748	   205.394	   207.618	   209.606	   209.823	   207.431	   202.332	   195.678	   188.638	   183.087	   180.312	   180.865	   183.839	   188.117	   191.929	    193.95	
0.00149841	0.00750144	 0.0225114	 0.0591101	  0.136725	    0.3017	  0.594064	  0.996118	   1.47869	   2.07195	    2.8261	   3.85202	   5.31578	    7.2729	   9.63973	   12.1314	   14.4722	   16.4558	    18.118	   19.5436	   20.7195	    21.849	   23.1546	   24.8917	   26.8931	   28.8881	   29.9646	   31.2495	   32.8462	   34.3751	   37.4622	   41.3223	   46.0563	   53.8787	   61.8807	   68.7796	   75.6703	    81.938	   87.9463	   94.4695	   101.855	   109.204	   116.599	   125.621	   134.495	   143.045	   151.367	   159.295	   166.669	   173.898	   180.511	     185.6	   188.865	   190.671	   190.993	   190.862	   191.328	    192.93	   195.067	   196.978	   197.216	   194.994	    190.22	   183.972	   177.351	   172.119	   169.482	    169.96	   172.696	   176.641	   180.138	
0.00116292	0.00582712	 0.0174233	 0.0459774	  0.110898	  0.232869	  0.455767	  0.795226	   1.21338	   1.69426	   2.26876	   2.97372	   3.88952	    5.1909	    6.8961	   8.88884	   10.9323	   12.8546	   14.4201	   15.6401	   16.4231	   17.0497	   17.7332	   18.8761	   20.3525	   22.1083	   23.4904	    25.211	   26.9602	   28.4909	   30.7677	   33.2536	    36.167	   41.8684	   48.4285	   54.7549	   61.1304	   67.2885	   73.1811	   79.1724	   85.8261	   92.7916	   99.7149	   108.083	   116.712	   125.142	   133.242	   141.122	   148.622	   155.599	   162.435	   168.694	   173.526	    176.65	   178.408	   178.774	   178.712	   179.203	   180.753	     182.8	   184.629	   184.885	   182.826	   178.366	   172.514	   166.303	   161.384	   158.886	   159.292	     161.8	   165.425	
0.000747764	 0.0045107	 0.0134802	 0.0354152	  0.085853	  0.188011	  0.350258	  0.607667	  0.965334	   1.38557	   1.84867	   2.37942	   2.99251	   3.78502	   4.90524	    6.3377	   7.98301	   9.67668	   11.2211	   12.3995	   13.0902	   13.4603	   13.7819	   14.3976	   15.3741	   16.6697	   17.9138	   19.6971	   21.6805	   23.3123	   25.4239	   27.2323	    29.022	   32.7798	   37.5238	   42.7255	   48.4893	   54.1685	   59.9252	   65.6902	   71.7175	   77.9565	   84.4732	   92.1462	   100.108	    108.26	   116.204	   123.837	   131.256	   138.315	   144.884	    151.32	   157.218	   161.785	    164.76	   166.459	   166.856	   166.851	   167.359	   168.852	   170.804	   172.548	   172.815	   170.912	   166.755	    161.29	   155.481	   150.869	   148.508	   148.848	   151.136	
0.000468721	0.00289099	 0.0103923	 0.0272743	  0.065794	   0.14487	   0.28156	  0.463808	   0.73341	    1.0962	    1.5033	   1.92756	    2.3868	   2.90247	   3.56538	   4.49426	   5.67446	   7.04079	   8.41268	   9.60815	   10.3334	    10.683	   10.8344	   11.1415	   11.6776	   12.5419	   13.4548	   14.9631	   16.8761	   18.6808	   20.7319	   22.4316	   23.6945	    26.221	   29.2872	   32.9988	   37.6858	   42.8008	   48.0893	   53.6154	   59.3012	   64.9091	   70.7034	   77.7548	   85.0014	   92.4704	   100.096	   107.525	   114.654	   121.581	   128.171	   134.304	   140.313	   145.823	     150.1	   152.898	   154.511	   154.914	   154.941	   155.442	   156.855	   158.692	    160.33	    160.59	   158.826	   154.963	   149.878	   144.466	   140.158	    137.93	   138.197	
0.000287609	 0.0018052	0.00663771	   0.02094	  0.050449	  0.110522	  0.216128	  0.369507	  0.555538	  0.827057	   1.18114	   1.55647	   1.92849	   2.30896	   2.72718	   3.25931	   4.01518	   4.98848	   6.09816	    7.1742	   7.97392	   8.39778	   8.56341	   8.72179	   8.99924	   9.48777	    10.083	   11.1938	   12.7703	   14.4865	   16.5529	   18.2301	   19.4553	    21.338	   23.3518	   25.6676	    28.982	   33.1254	   37.8687	   42.8734	   48.2221	   53.4655	   58.6339	   64.8048	   71.4129	   78.1623	   85.0981	   92.1728	   99.0554	   105.657	   112.067	   118.165	   123.839	   129.399	     134.5	   138.462	   141.059	   142.563	    142.95	   142.988	   143.461	   144.776	   146.477	   147.991	   148.227	   146.591	   143.013	   138.302	   133.283	   129.276	   127.177	
0.00017241	0.00109835	0.00413311	 0.0133283	 0.0385842	 0.0844324	  0.164316	  0.280368	  0.438469	  0.621442	  0.884276	   1.21354	   1.55459	   1.86225	   2.16587	   2.48962	   2.90859	   3.51984	    4.3067	    5.1817	   5.93161	   6.45466	   6.70517	   6.86559	    7.0162	   7.28214	   7.59708	   8.35603	   9.51629	     10.92	   12.7877	   14.5042	   15.7585	   17.4617	   18.9402	   20.3939	   22.4419	   25.3619	    29.203	   33.6388	   38.4186	   43.3158	   48.1158	   53.5351	   59.2878	   65.4091	    71.644	   78.0451	   84.5613	   90.8968	    96.971	   102.868	   108.476	   113.696	   118.811	   123.505	   127.154	   129.549	    130.94	   131.304	   131.347	    131.79	   133.003	   134.569	   135.958	    136.17	   134.658	   131.359	   127.013	    122.38	   118.667	
0.000100743	0.000653771	0.00250108	0.00827869	 0.0244837	 0.0643623	  0.125173	  0.210555	  0.329337	  0.486325	  0.659657	  0.902085	   1.21068	   1.49881	   1.74406	   1.97472	   2.21951	   2.54271	   3.02969	   3.64748	    4.2696	   4.78354	   5.13362	   5.35339	   5.49953	   5.65315	   5.80607	   6.27139	   7.07623	   8.10551	    9.6012	   11.1631	   12.4936	   14.0935	   15.4465	   16.4819	    17.749	   19.5488	   22.2758	    25.843	   30.0273	   34.3749	   38.8279	   43.7538	   48.7768	    54.077	   59.7002	   65.4221	   71.2816	   77.2415	   83.0332	   88.5847	   93.9733	   99.0981	   103.868	   108.544	   112.835	    116.17	   118.362	   119.637	   119.973	   120.016	   120.423	   121.533	   122.962	   124.228	   124.414	   123.022	   119.993	   116.005	   111.747	
5.72324e-05	0.000379156	0.00148654	0.00499102	 0.0151838	 0.0407505	 0.0951784	  0.158567	  0.245281	  0.362739	  0.513216	  0.669964	  0.899099	   1.16537	     1.401	   1.58747	   1.75784	   1.93539	    2.1831	   2.55916	   2.99748	   3.43289	   3.79175	   4.08307	    4.2706	   4.41218	   4.48792	   4.77432	    5.2902	    6.0036	   7.09781	   8.34868	   9.57979	    11.132	   12.4225	    13.393	   14.2782	   15.3908	   17.1074	   19.6381	   22.9786	   26.7598	   30.6881	   35.1604	   39.6963	   44.2972	   49.1383	   54.2682	   59.4714	   64.7935	    70.203	    75.458	   80.4939	   85.3818	   90.0302	   94.3564	   98.5973	    102.49	   105.515	   107.502	   108.657	   108.961	   108.998	   109.366	    110.37	   111.664	   112.806	   112.966	   111.689	   108.923	   105.281	
3.1016e-05	0.000210817	0.000854058	0.00294826	0.00907158	 0.0250841	 0.0597095	  0.117949	  0.181315	  0.266397	  0.377873	  0.515177	  0.660918	  0.857351	   1.07853	    1.2624	   1.39958	   1.52363	   1.65136	   1.83326	   2.09131	   2.39766	   2.70569	   2.99521	   3.23368	   3.40078	   3.47615	   3.66318	   3.99603	   4.45032	    5.2102	   6.11793	   7.10428	   8.46381	   9.73137	   10.6804	   11.4921	   12.2613	   13.3459	   14.9379	    17.293	   20.2777	    23.664	   27.5425	   31.6358	   35.7605	   39.9247	    44.287	   48.8833	   53.5396	   58.3175	   63.1898	    67.932	   72.4755	   76.8866	    81.077	   84.9746	   88.7926	   92.2962	   95.0165	   96.8053	   97.8479	   98.1295	   98.1758	   98.5225	    99.439	   100.608	   101.635	   101.774	   100.617	   98.1164	
1.62522e-05	0.000112953	0.000472142	0.00168389	0.00532779	 0.0148706	 0.0366499	 0.0735315	  0.134748	  0.197155	  0.278122	  0.380379	  0.507259	  0.629195	   0.79211	  0.970111	   1.11089	   1.21278	   1.29823	   1.38472	    1.4964	    1.6709	   1.88701	   2.13265	   2.36513	   2.56528	     2.668	   2.82529	   3.05271	   3.34688	   3.84478	   4.47118	   5.18351	   6.24933	   7.36921	   8.33471	   9.12266	   9.82632	   10.5947	   11.6085	   13.0988	    15.194	   17.8542	   21.1463	   24.6746	   28.3749	   32.0854	   35.8138	   39.6961	    43.785	   47.9401	   52.2157	   56.5815	   60.8271	   64.8946	   68.8384	   72.5826	   76.0615	   79.4699	   82.5956	   85.0248	   86.6228	   87.5593	   87.8167	   87.8641	    88.176	   88.9932	   90.0347	   90.9503	   91.0696	   90.0284	
8.20547e-06	5.95249e-05	0.000247643	0.000916202	0.00300468	0.00864552	 0.0215132	 0.0450304	 0.0842122	  0.147042	  0.206818	  0.281431	  0.373347	  0.481268	  0.579802	  0.710614	  0.851193	  0.962622	   1.03296	   1.08724	   1.12905	   1.19464	   1.31439	   1.48536	   1.68018	   1.87024	   2.00469	   2.15803	   2.34336	   2.54469	   2.87748	   3.28365	   3.77074	   4.53806	   5.41706	   6.28498	   7.08496	   7.76645	   8.46382	   9.18381	   10.1397	   11.4595	   13.3181	   15.8824	   18.8604	   22.0332	   25.3446	   28.6469	   31.9392	    35.365	   38.9871	    42.678	     46.48	   50.3575	   54.1257	   57.7299	   61.2215	   64.5331	   67.6089	   70.6216	    73.388	   75.5393	   76.9573	   77.7903	    78.019	   78.0558	   78.3231	   79.0398	   79.9603	   80.7693	    80.871	
3.97637e-06	2.93662e-05	0.000127672	0.000465795	0.00159734	0.00479044	 0.0123533	 0.0266991	 0.0520367	  0.092703	  0.155239	  0.210725	  0.275109	   0.35289	  0.441903	   0.51887	  0.621826	  0.738839	  0.820399	  0.865403	   0.88633	  0.901376	  0.940705	   1.03503	   1.16939	   1.32607	   1.45763	   1.61314	   1.78124	   1.94432	   2.17738	   2.44587	   2.75609	   3.28515	   3.91513	   4.59896	   5.31572	   6.00697	   6.67183	   7.31787	   7.99788	   8.83884	    10.003	   11.7943	   14.1021	   16.7672	   19.5934	    22.527	   25.4227	   28.3009	   31.3057	   34.4943	   37.7469	   41.0929	   44.5023	   47.8085	   50.9665	   54.0227	   56.9204	   59.6091	   62.2473	   64.6729	   66.5617	   67.8068	   68.5369	   68.7291	   68.7475	   68.9698	   69.5937	   70.3989	   71.1077	
1.84215e-06	1.4019e-05	6.02381e-05	0.000237878	0.000791396	0.00249596	0.00674836	 0.0157313	  0.031533	 0.0581849	 0.0991144	  0.159367	  0.205104	   0.25901	  0.322918	  0.394214	  0.453159	  0.542123	  0.631367	  0.688492	  0.706601	  0.708379	  0.711925	  0.742341	  0.815958	   0.92289	   1.03248	   1.16616	   1.32472	   1.47134	   1.65664	     1.843	   2.04412	   2.39001	   2.82123	   3.30853	   3.87051	   4.49088	   5.15312	   5.76242	   6.36662	   6.96054	   7.69593	   8.82815	   10.4321	   12.4876	   14.8526	   17.3482	   19.9088	   22.4205	   24.9167	   27.5306	   30.3099	   33.1413	   36.0515	   39.0109	   41.8757	   44.6079	   47.2516	   49.7562	   52.0821	   54.3686	   56.4749	   58.1153	   59.1944	   59.8205	   59.9728	   59.9744	    60.159	   60.6961	   61.3942	
7.61392e-07	6.2081e-06	2.74915e-05	0.000111626	0.000406377	 0.0012182	0.00342209	0.00856564	 0.0180378	 0.0344413	 0.0600797	 0.0985188	  0.144052	  0.181275	  0.224175	   0.27404	  0.326319	  0.388766	  0.452481	  0.510431	  0.536483	  0.541727	  0.539627	  0.543936	  0.574835	  0.637616	   0.71182	   0.81036	  0.930533	   1.04884	   1.19131	   1.32991	    1.4698	   1.70738	   1.99881	   2.33338	   2.72479	   3.17645	   3.70358	   4.22431	    4.7261	   5.20723	   5.73236	   6.50143	   7.57491	   9.02654	   10.8206	   12.8147	   14.8623	   16.9275	   18.9988	    21.133	   23.4206	   25.8466	   28.3391	   30.8831	   33.4346	    35.887	    38.235	   40.4928	   42.6391	   44.6651	   46.6675	   48.5059	   49.9473	   50.9047	   51.4496	   51.5959	   51.6313	   51.8242	   52.3117	
2.99218e-07	2.65094e-06	1.22675e-05	5.09507e-05	0.000189763	0.000630455	0.00164547	0.00450506	 0.0100276	 0.0199624	 0.0359032	 0.0601632	 0.0890361	  0.127528	  0.157248	  0.190752	   0.22764	   0.28052	  0.324835	   0.36615	  0.398296	  0.411587	  0.413883	  0.411195	  0.419284	  0.446366	  0.488093	   0.55223	  0.638649	  0.727497	  0.838291	  0.944193	   1.04744	   1.21263	   1.41118	   1.63281	   1.89325	   2.20256	   2.58442	   2.99421	   3.41663	   3.81227	   4.23146	   4.78111	   5.51124	    6.4769	     7.728	   9.21995	   10.8358	   12.4659	   14.1489	   15.8991	   17.7457	   19.7195	   21.8285	   23.9806	   26.1463	   28.3029	   30.3835	   32.3637	    34.275	   36.1221	   37.8763	   39.6023	   41.1927	   42.4459	   43.2667	   43.7464	   43.9045	   43.9667	   44.1527	
1.12495e-07	1.11624e-06	5.48963e-06	2.32652e-05	8.74262e-05	0.000294886	0.000863815	0.00226721	0.00539636	 0.0112504	 0.0210151	 0.0362307	 0.0545872	 0.0792355	  0.111341	  0.134707	  0.159617	  0.196378	  0.234946	  0.263561	  0.286816	  0.306479	  0.316309	   0.31503	  0.315601	  0.323438	  0.339063	   0.37435	  0.429745	  0.492886	  0.573882	  0.655994	  0.734499	  0.853512	  0.990139	   1.13767	   1.30354	   1.50528	   1.76554	   2.05783	   2.38572	   2.71661	   3.05621	   3.48394	   4.00254	   4.65362	   5.47387	   6.49595	   7.68635	   8.95766	   10.2719	   11.6797	   13.1776	   14.7534	   16.4489	   18.2462	    20.055	   21.8627	   23.6697	   25.4033	   27.0602	   28.6856	   30.2647	   31.7584	   33.2315	    34.591	   35.6494	   36.3537	   36.7864	   36.9463	   37.0149	
4.11748e-08	4.68634e-07	2.55764e-06	1.09611e-05	4.10331e-05	0.000137729	0.000406957	0.00121592	0.00278062	0.00613315	 0.0119602	 0.0213743	 0.0331949	 0.0491051	 0.0699445	 0.0964757	  0.114052	  0.138263	  0.165134	  0.191488	   0.20776	  0.221947	  0.237853	   0.24092	  0.241037	  0.241914	  0.243847	  0.257496	  0.288118	  0.327981	  0.384539	  0.444527	  0.505376	  0.592546	  0.689786	  0.788656	   0.89384	   1.01946	   1.18914	   1.38537	   1.61705	   1.87323	   2.15343	   2.48926	   2.88473	   3.34075	   3.88468	     4.541	   5.34162	   6.26764	   7.28618	   8.37881	   9.57349	   10.8391	   12.1775	   13.6046	   15.0969	   16.5897	   18.0873	   19.5769	   21.0122	   22.4049	   23.7764	   25.1024	   26.3594	   27.5988	   28.7292	    29.617	   30.2223	   30.5991	   30.7393	
1.52204e-08	1.90288e-07	1.19969e-06	5.34646e-06	1.98112e-05	6.54958e-05	0.000191399	0.000584601	0.00149635	0.00319128	 0.0065745	 0.0122536	 0.0199072	 0.0303631	  0.044053	 0.0615336	 0.0829336	 0.0990934	  0.116751	  0.135387	  0.152129	   0.16191	  0.174642	  0.181491	  0.183895	  0.183737	   0.18115	  0.183994	   0.19676	  0.218472	   0.25442	  0.296594	  0.341254	   0.40602	  0.476469	  0.545149	  0.611588	  0.689553	  0.796481	  0.923381	   1.07899	   1.26111	   1.47711	   1.74465	   2.04769	   2.38855	   2.76308	   3.19021	   3.69534	   4.31291	   5.05471	    5.9006	   6.82363	    7.8255	   8.88919	   10.0033	    11.176	    12.396	    13.621	   14.8446	   16.0665	   17.2584	   18.4171	   19.5516	    20.649	    21.688	   22.7009	    23.629	   24.3651	    24.866	   25.1715	
1.10594e-08	2.94939e-07	1.46857e-06	6.19997e-06	2.28236e-05	7.4058e-05	0.000213054	0.000563466	0.00143545	 0.0034311	0.00733135	 0.0147243	 0.0266984	  0.045007	 0.0709175	  0.105449	  0.148985	  0.203734	  0.260357	  0.316032	  0.367611	  0.414205	  0.449814	  0.485649	  0.518899	  0.548428	  0.566459	  0.594917	  0.634014	  0.677518	   0.75234	  0.845016	  0.956863	   1.14119	   1.36553	   1.59656	   1.80699	   2.04088	   2.36009	   2.71132	   3.12614	   3.61229	   4.21377	    5.0267	   6.04377	    7.2521	    8.6232	   10.1031	    11.663	   13.3258	   15.2146	   17.4489	   20.0735	   23.0523	   26.3798	   30.0077	   33.8717	   37.9401	   42.1979	   46.5678	   51.0036	   55.4916	   59.9652	   64.3492	   68.6116	   72.7161	    76.593	   80.2619	   83.7103	   86.8271	   89.4739	
         	         	         	         	         	         	         	         	         	         	         	         	         	         	         	         	         	         	         	         	         	         	         	         	         	         	         	         	         	         	         	         	         	         	         	         	         	         	         	         	         	         	         	         	         	         	         	         	         	         	         	         	         	         	         	         	         	         	         	         	         	         	         	         	         	         	         	         	         	         	         	
         	         	         	         	         	         	         	         	         	         	         	         	         	         	         	         	         	         	         	         	         	         	         	         	         	         	         	         	         	         	         	         	         	         	         	         	         	         	         	         	         	         	         	         	         	         	         	         	         	         	         	         	         	         	         	         	         	         	         	         	         	         	         	         	         	         	         	         	         	         	         	
